date,time,group,sector,market cap,1 week %,vol > yr avg
2026-09-04,15:29,ACMESOLAR,realty,largecap,6.1722,3.7411
2026-09-04,15:29,ADOR,industrials,smallcap,2.3722,0.7516
2026-09-04,15:29,AEROENTER,metals & mining,smallcap,-3.0624,0.8899
2026-09-04,15:29,AEROFLEX,metals & mining,midcap,-0.8578,0.52
2026-09-04,15:29,AETHER,chemicals,largecap,-4.1961,0.627
2026-09-04,15:29,AKUMS,healthcare,midcap,-0.8866,1.3011
2026-09-04,15:29,AMANTA,healthcare,smallcap,4.8244,1.7e+308
2026-09-04,15:29,ANTELOPUS,energy,smallcap,21.5737,11.2621
2026-09-04,15:29,APARINDS,industrials,largecap,-2.1457,0.7825
2026-09-04,15:29,APCOTEXIND,chemicals,smallcap,1.6393,1.519
2026-09-04,15:29,APOLLOPIPE,plastic products,smallcap,-4.1046,0.1141
2026-09-04,15:29,ARROWGREEN,plastic products,smallcap,17.6445,0.7212
2026-09-04,15:29,ARVIND,textiles,midcap,1.7668,0.4629
2026-09-04,15:29,ASAHISONG,chemicals,smallcap,1.6226,0.7525
2026-09-04,15:29,ASIANENE,energy,smallcap,7.6227,1.5478
2026-09-04,15:29,ATHERENERG,auto,largecap,-1.9984,1.3795
2026-09-04,15:29,AVADHSUGAR,fmcg,smallcap,-2.4758,0.871
2026-09-04,15:29,AVALON,consumer discretionary,midcap,-1.5728,1.8332
2026-09-04,15:29,AYMSYNTEX,textiles,smallcap,22.1305,2.8214
2026-09-04,15:29,AZAD,aerospace & defence,midcap,-2.568,0.6225
2026-09-04,15:29,BAFNAPH,healthcare,smallcap,1.6317,0.3763
2026-09-04,15:29,BALAMINES,chemicals,midcap,5.6348,1.9824
2026-09-04,15:29,BHAGERIA,chemicals,smallcap,27.6021,1.0464
2026-09-04,15:29,BHEL,industrials,largecap,0.058,0.4579
2026-09-04,15:29,BIRLACABLE,industrials,smallcap,27.5965,2.3454
2026-09-04,15:29,BLISSGVS,healthcare,midcap,14.0962,0.1447
2026-09-04,15:29,BLSE,i.t,smallcap,-1.9004,0.2475
2026-09-04,15:29,BLUESTONE,consumer discretionary,midcap,6.0463,0.6688
2026-09-04,15:29,BLUSPRING,miscellaneous,smallcap,9.0481,1.1244
2026-09-04,15:29,BODALCHEM,chemicals,smallcap,57.065,9.6604
2026-09-04,15:29,CALSOFT,i.t,smallcap,15.4366,1.2469
2026-09-04,15:29,CAPLIPOINT,healthcare,largecap,11.6638,1.7729
2026-09-04,15:29,CENTUM,aerospace & defence,midcap,9.4255,0.4808
2026-09-04,15:29,CGCL,financials,largecap,8.4968,2.6944
2026-09-04,15:29,CHEMBONDCH,chemicals,smallcap,-4.8749,0.2767
2026-09-04,15:29,CHENNPETRO,energy,largecap,8.2842,0.4058
2026-09-04,15:29,COMSYN,industrials,smallcap,6.844,0.345
2026-09-04,15:29,CONFIPET,miscellaneous,smallcap,3.2678,0.9792
2026-09-04,15:29,CONSOFINVT,financials,smallcap,7.1747,1.1584
2026-09-04,15:29,CORDSCABLE,industrials,smallcap,26.1792,4.6462
2026-09-04,15:29,CPPLUS,consumer discretionary,largecap,3.5788,0.738
2026-09-04,15:29,CRAFTSMAN,auto,largecap,2.5184,0.4078
2026-09-04,15:29,CUPID,fmcg,largecap,0.2904,0.2815
2026-09-04,15:29,CYIENTDLM,aerospace & defence,midcap,4.6209,1.8952
2026-09-04,15:29,DATAPATTNS,aerospace & defence,largecap,-0.8606,0.4366
2026-09-04,15:29,DBOL,fmcg,smallcap,-0.3428,1.3711
2026-09-04,15:29,DCBBANK,bank,midcap,3.6484,0.2295
2026-09-04,15:29,DCMNVL,textiles,smallcap,-4.0913,1.0277
2026-09-04,15:29,DEEPINDS,energy,midcap,16.6061,3.5562
2026-09-04,15:29,DIACABS,industrials,midcap,-5.0372,0.349
2026-09-04,15:29,DIFFNKG,industrials,smallcap,15.5474,9.8455
2026-09-04,15:29,DIVGIITTS,auto,smallcap,5.161,0.9915
2026-09-04,15:29,DOLPHIN,energy,smallcap,10.0318,1.4516
2026-09-04,15:29,DREDGECORP,miscellaneous,smallcap,-2.9186,0.2813
2026-09-04,15:29,DYCL,industrials,smallcap,0.0615,3.2051
2026-09-04,15:29,E2E,i.t,midcap,-2.4092,0.4223
2026-09-04,15:29,EBGNG,services,midcap,-5.3299,2.1934
2026-09-04,15:29,EMAMIPAP,building materials,smallcap,1.4706,0.6411
2026-09-04,15:29,EMIL,consumer discretionary,midcap,-2.0355,0.6135
2026-09-04,15:29,ENTERO,healthcare,midcap,1.0505,0.6328
2026-09-04,15:29,ESAFSFB,bank,smallcap,-7.3809,0.2309
2026-09-04,15:29,EXICOM,industrials,smallcap,5.9072,2.5782
2026-09-04,15:29,FCL,chemicals,midcap,2.9582,1.7209
2026-09-04,15:29,FILATEX,textiles,smallcap,-1.4831,0.6006
2026-09-04,15:29,GANDHAR,energy,smallcap,4.3397,0.6208
2026-09-04,15:29,GANESHBE,miscellaneous,smallcap,2.7516,0.2541
2026-09-04,15:29,GAYAPROJ,realty,smallcap,-1.7607,1.0036
2026-09-04,15:29,GCSL,financials,smallcap,9.9483,1.7e+308
2026-09-04,15:29,GHCLTEXTIL,textiles,smallcap,4.534,0.9879
2026-09-04,15:29,GLAND,healthcare,largecap,1.5374,8.1999
2026-09-04,15:29,GLOBAL,services,smallcap,10.5147,5.0302
2026-09-04,15:29,GNA,auto,smallcap,1.548,1.1579
2026-09-04,15:29,GOCLCORP,miscellaneous,smallcap,10.0966,1.6361
2026-09-04,15:29,GRWRHITECH,industrials,midcap,-1.9102,0.4276
2026-09-04,15:29,GULFPETRO,chemicals,smallcap,-2.7302,0.5414
2026-09-04,15:29,HAPPYFORGE,industrials,largecap,-2.9692,0.8918
2026-09-04,15:29,HESTERBIO,healthcare,smallcap,4.4781,6.9074
2026-09-04,15:29,HFCL,telecom,largecap,-7.9652,0.1503
2026-09-04,15:29,HITECHCORP,industrials,smallcap,1.2012,0.4089
2026-09-04,15:29,HONASA,services,midcap,0.085,0.6544
2026-09-04,15:29,ICIL,textiles,midcap,3.4142,0.7629
2026-09-04,15:29,IFCI,financials,largecap,12.6945,11.6414
2026-09-04,15:29,IGPL,chemicals,smallcap,6.574,4.8139
2026-09-04,15:29,INDOBORAX,chemicals,smallcap,3.9992,0.5708
2026-09-04,15:29,INDOTECH,industrials,smallcap,-2.5019,0.1973
2026-09-04,15:29,INDSWFTLAB,healthcare,smallcap,-1.9205,0.855
2026-09-04,15:29,INNOVACAP,healthcare,midcap,11.4018,4.7268
2026-09-04,15:29,INOXINDIA,industrials,largecap,5.7191,4.8172
2026-09-04,15:29,IOLCP,healthcare,midcap,2.5648,1.5329
2026-09-04,15:29,IRISDOREME,consumer discretionary,smallcap,8.3135,4.5125
2026-09-04,15:29,IVP,chemicals,smallcap,6.2549,0.6832
2026-09-04,15:29,JGCHEM,chemicals,smallcap,-8.1606,0.9243
2026-09-04,15:29,JINDALSAW,industrials,midcap,-1.0694,0.2054
2026-09-04,15:29,JTLIND,metals & mining,smallcap,2.0029,0.7077
2026-09-04,15:29,KABRAEXTRU,industrials,smallcap,-4.0348,1.3011
2026-09-04,15:29,KAMDHENU,metals & mining,smallcap,8.4877,0.8776
2026-09-04,15:29,KANORICHEM,chemicals,smallcap,-2.3171,0.5
2026-09-04,15:29,KAPSTON,miscellaneous,smallcap,4.4438,1.8178
2026-09-04,15:29,KDDL,consumer discretionary,smallcap,-0.6579,0.8458
2026-09-04,15:29,KENNAMET,industrials,midcap,2.3623,1.1561
2026-09-04,15:29,KMEW,transportation,midcap,-0.6062,0.5564
2026-09-04,15:29,KOPRAN,healthcare,smallcap,15.2557,1.6298
2026-09-04,15:29,KOVAI,healthcare,midcap,0.4973,0.3203
2026-09-04,15:29,KRISHANA,chemicals,smallcap,-4.5513,0.5097
2026-09-04,15:29,KRN,industrials,midcap,-1.9258,0.6449
2026-09-04,15:29,KRONOX,chemicals,smallcap,2.8398,0.3804
2026-09-04,15:29,KTKBANK,bank,midcap,2.9514,0.5209
2026-09-04,15:29,LAURUSLABS,healthcare,largecap,-5.0812,0.509
2026-09-04,15:29,LOKESHMACH,industrials,smallcap,16.6907,0.8123
2026-09-04,15:29,LUMAXTECH,auto,midcap,-1.6923,0.3089
2026-09-04,15:29,MACPOWER,industrials,smallcap,-5.0919,1.193
2026-09-04,15:29,MAHASTEEL,metals & mining,smallcap,-3.5497,0.4924
2026-09-04,15:29,MANAKSTEEL,metals & mining,smallcap,13.1976,2.5726
2026-09-04,15:29,MANINDS,metals & mining,midcap,2.649,0.604
2026-09-04,15:29,MANORAMA,fmcg,midcap,5.5044,2.5143
2026-09-04,15:29,MARALOVER,textiles,smallcap,9.1439,10.908
2026-09-04,15:29,MARINE,industrials,midcap,6.2316,1.2621
2026-09-04,15:29,MARKSANS,healthcare,midcap,-0.8948,0.8616
2026-09-04,15:29,MAWANASUG,fmcg,smallcap,-1.6966,1.3631
2026-09-04,15:29,MBAPL,chemicals,smallcap,1.9516,0.8942
2026-09-04,15:29,MENONBE,auto,smallcap,12.9225,1.9099
2026-09-04,15:29,MMFL,industrials,smallcap,-1.8077,1.014
2026-09-04,15:29,MMP,metals & mining,smallcap,-0.0618,2.8845
2026-09-04,15:29,MODISONLTD,industrials,smallcap,13.8445,3.5318
2026-09-04,15:29,MOREPENLAB,healthcare,midcap,7.1099,2.083
2026-09-04,15:29,MSTCLTD,i.t,midcap,0.6236,0.3078
2026-09-04,15:29,NAHARSPING,textiles,smallcap,0.4854,1.3069
2026-09-04,15:29,NAVINFLUOR,chemicals,largecap,0.4696,0.6059
2026-09-04,15:29,NEOGEN,chemicals,midcap,-3.2537,0.5617
2026-09-04,15:29,NETWEB,i.t,largecap,-2.4404,0.8852
2026-09-04,15:29,NEULANDLAB,healthcare,largecap,-2.3486,0.3641
2026-09-04,15:29,NIACL,financials,largecap,23.382,20.7015
2026-09-04,15:29,NILKAMAL,plastic products,smallcap,2.1526,0.543
2026-09-04,15:29,NITINSPIN,textiles,smallcap,2.0195,0.2234
2026-09-04,15:29,NOVARTIND,healthcare,smallcap,10.7919,0.7449
2026-09-04,15:29,NRBBEARING,industrials,smallcap,-4.8227,0.4298
2026-09-04,15:29,NRL,services,smallcap,1.536,1.4173
2026-09-04,15:29,OAL,chemicals,smallcap,6.5806,5.8401
2026-09-04,15:29,OCCLLTD,chemicals,smallcap,3.5893,0.488
2026-09-04,15:29,OFSS,i.t,largecap,-1.0829,0.7117
2026-09-04,15:29,OMAXE,realty,smallcap,3.5221,3.8155
2026-09-04,15:29,PAISALO,financials,midcap,9.6803,2.9169
2026-09-04,15:29,PANACHE,i.t,smallcap,-0.9808,0.1563
2026-09-04,15:29,PANAMAPET,energy,smallcap,6.5026,0.7008
2026-09-04,15:29,PARACABLES,industrials,smallcap,5.0345,2.5373
2026-09-04,15:29,PARAS,aerospace & defence,midcap,-1.7226,0.3155
2026-09-04,15:29,PGIL,consumer discretionary,midcap,-1.5555,0.557
2026-09-04,15:29,PLAZACABLE,industrials,smallcap,13.8507,1.7978
2026-09-04,15:29,PRECWIRE,metals & mining,midcap,-6.8099,0.8398
2026-09-04,15:29,PREMIERPOL,plastic products,smallcap,1.5981,4.1128
2026-09-04,15:29,QPOWER,industrials,midcap,4.4788,0.3094
2026-09-04,15:29,QUESS,miscellaneous,midcap,-4.7011,1.4134
2026-09-04,15:29,RAIN,miscellaneous,midcap,8.2334,0.9215
2026-09-04,15:29,RAMRAT,metals & mining,midcap,-5.2796,1.7249
2026-09-04,15:29,RATNAVEER,metals & mining,smallcap,3.3226,1.7618
2026-09-04,15:29,RAYMOND,transportation,smallcap,18.1862,3.1601
2026-09-04,15:29,RISHABH,industrials,smallcap,6.7742,1.2725
2026-09-04,15:29,RML,auto,smallcap,15.0173,45.7459
2026-09-04,15:29,ROSSTECH,aerospace & defence,smallcap,4.1554,1.1108
2026-09-04,15:29,RPEL,building materials,midcap,3.3631,2.1354
2026-09-04,15:29,RPTECH,i.t,midcap,-0.5914,0.3206
2026-09-04,15:29,RSWM,textiles,smallcap,12.5663,0.8933
2026-09-04,15:29,RUBYMILLS,textiles,smallcap,9.708,0.5245
2026-09-04,15:29,SAHYADRI,building materials,smallcap,14.1298,12.0858
2026-09-04,15:29,SAILIFE,healthcare,largecap,6.6869,1.0026
2026-09-04,15:29,SAKAR,healthcare,smallcap,15.7817,0.7933
2026-09-04,15:29,SALSTEEL,metals & mining,smallcap,8.2624,1.0543
2026-09-04,15:29,SANGINITA,chemicals,smallcap,11.6113,0.3229
2026-09-04,15:29,SANSERA,auto,largecap,-1.9798,0.4632
2026-09-04,15:29,SBC,textiles,smallcap,9.1343,1.1645
2026-09-04,15:29,SBCL,metals & mining,midcap,6.8528,2.365
2026-09-04,15:29,SCPL,fmcg,smallcap,0.1007,0.2425
2026-09-04,15:29,SENORES,healthcare,midcap,-3.6232,0.4001
2026-09-04,15:29,SETL,industrials,midcap,12.2872,2.6127
2026-09-04,15:29,SGFIN,financials,smallcap,-1.2928,0.4978
2026-09-04,15:29,SGMART,services,midcap,4.4913,1.7e+308
2026-09-04,15:29,SHAILY,plastic products,midcap,0.2416,0.2515
2026-09-04,15:29,SHILPAMED,healthcare,midcap,6.6774,0.7393
2026-09-04,15:29,SHREEJISPG,transportation,midcap,4.2376,2.1675
2026-09-04,15:29,SIGMAADV,aerospace & defence,midcap,-1.8916,0.4187
2026-09-04,15:29,SKIPPER,industrials,midcap,8.2105,16.8174
2026-09-04,15:29,SKYGOLD,consumer discretionary,midcap,-3.6912,0.9635
2026-09-04,15:29,SMARTLINK,i.t,smallcap,-5.8106,0.3451
2026-09-04,15:29,SMLMAH,auto,midcap,21.4403,4.1245
2026-09-04,15:29,SOFTTECH,i.t,smallcap,1.3776,0.4435
2026-09-04,15:29,SOLARINDS,aerospace & defence,largecap,5.1225,0.8559
2026-09-04,15:29,SONACOMS,auto,largecap,-3.1902,0.3565
2026-09-04,15:29,SOTL,energy,midcap,6.8595,0.8968
2026-09-04,15:29,SPECTRUM,industrials,smallcap,11.8806,0.8086
2026-09-04,15:29,SPORTKING,textiles,smallcap,2.8169,0.7235
2026-09-04,15:29,SSWL,auto,midcap,22.4535,1.5943
2026-09-04,15:29,STEELCAS,industrials,smallcap,-4.163,0.7775
2026-09-04,15:29,STLTECH,industrials,largecap,3.475,0.0711
2026-09-04,15:29,STOVEKRAFT,consumer discretionary,smallcap,4.395,0.4134
2026-09-04,15:29,SUVEN,healthcare,smallcap,3.5758,0.622
2026-09-04,15:29,SWANDEF,transportation,midcap,2.6516,0.1332
2026-09-04,15:29,SYRMA,consumer discretionary,largecap,-1.1531,0.3661
2026-09-04,15:29,TARSONS,healthcare,smallcap,0.9932,0.1395
2026-09-04,15:29,TBZ,consumer discretionary,smallcap,59.3802,2.8069
2026-09-04,15:29,TEJASNET,telecom,midcap,11.6332,4.249
2026-09-04,15:29,TFCILTD,financials,midcap,1.9354,0.8996
2026-09-04,15:29,TMB,bank,midcap,5.2367,0.3951
2026-09-04,15:29,UNIMECH,aerospace & defence,midcap,-0.0266,1.595
2026-09-04,15:29,UNIPARTS,industrials,smallcap,0.1031,1.5113
2026-09-04,15:29,UNIVASTU,realty,smallcap,4.8978,0.5812
2026-09-04,15:29,UNIVCABLES,industrials,midcap,-6.9041,1.5798
2026-09-04,15:29,UNIVPHOTO,consumer discretionary,smallcap,7.5321,0.2227
2026-09-04,15:29,VADILALIND,fmcg,midcap,-3.1013,0.3921
2026-09-04,15:29,VALIANTLAB,healthcare,smallcap,6.3422,0.9169
2026-09-04,15:29,VENUSREM,healthcare,smallcap,4.1618,0.4692
2026-09-04,15:29,VERANDA,services,smallcap,0.8228,0.3331
2026-09-04,15:29,VINDHYATEL,realty,smallcap,5.6933,1.5993
2026-09-04,15:29,VISAKAIND,building materials,smallcap,4.1495,2.1111
2026-09-04,15:29,WELCORP,industrials,largecap,9.133,1.3249
2026-09-04,15:29,WELENT,realty,midcap,21.3785,9.887
2026-09-04,15:29,WELINV,financials,smallcap,-1.2615,0.0317
2026-09-04,15:29,WELSPUNLIV,textiles,midcap,9.477,1.7607
2026-09-04,15:29,WHEELS,auto,smallcap,11.4493,2.6143
2026-09-04,15:29,WOCKPHARMA,healthcare,largecap,5.6446,2.8836
2026-09-04,15:29,YASHO,chemicals,smallcap,-4.7179,1.2062
2026-09-04,15:29,YATHARTH,healthcare,midcap,2.4499,0.6098
2026-09-04,15:29,ZIMLAB,healthcare,smallcap,0.0319,0.5499
2026-09-07,15:29,ACMESOLAR,realty,largecap,-1.1603,0.8237
2026-09-07,15:29,ADOR,industrials,smallcap,-1.8096,1.0399
2026-09-07,15:29,AEROENTER,metals & mining,smallcap,9.1108,5.9366
2026-09-07,15:29,AEROFLEX,metals & mining,midcap,3.8515,0.722
2026-09-07,15:29,AETHER,chemicals,largecap,-0.3752,0.3732
2026-09-07,15:29,AKUMS,healthcare,midcap,-1.4496,0.4646
2026-09-07,15:29,ALPHAGEO,miscellaneous,smallcap,0.2161,1.0473
2026-09-07,15:29,AMANTA,healthcare,smallcap,1.9997,1.7e+308
2026-09-07,15:29,ANTELOPUS,energy,smallcap,2.941,6.5034
2026-09-07,15:29,APARINDS,industrials,largecap,1.7622,0.6158
2026-09-07,15:29,APCOTEXIND,chemicals,smallcap,-0.6137,0.8438
2026-09-07,15:29,APOLLO,aerospace & defence,midcap,3.8699,1.1175
2026-09-07,15:29,APOLLOPIPE,plastic products,smallcap,-0.6776,0.172
2026-09-07,15:29,ARROWGREEN,plastic products,smallcap,-1.1055,0.3376
2026-09-07,15:29,ARVIND,textiles,midcap,2.0888,0.718
2026-09-07,15:29,ASAHISONG,chemicals,smallcap,4.9644,1.8011
2026-09-07,15:29,ASIANENE,energy,smallcap,-1.0919,1.1602
2026-09-07,15:29,ATHERENERG,auto,largecap,0.9659,0.9517
2026-09-07,15:29,AVADHSUGAR,fmcg,smallcap,3.7307,1.6652
2026-09-07,15:29,AVALON,consumer discretionary,midcap,7.0973,4.3618
2026-09-07,15:29,AYMSYNTEX,textiles,smallcap,1.4483,1.7713
2026-09-07,15:29,AZAD,aerospace & defence,midcap,3.2658,1.3638
2026-09-07,15:29,BAFNAPH,healthcare,smallcap,1.9943,0.2429
2026-09-07,15:29,BALAMINES,chemicals,midcap,1.6474,1.5867
2026-09-07,15:29,BALRAMCHIN,fmcg,midcap,3.0336,4.6036
2026-09-07,15:29,BHAGERIA,chemicals,smallcap,4.9893,0.6766
2026-09-07,15:29,BHEL,industrials,largecap,-2.2385,0.3165
2026-09-07,15:29,BIRLACABLE,industrials,smallcap,-4.9927,10.0596
2026-09-07,15:29,BLISSGVS,healthcare,midcap,3.0328,0.2421
2026-09-07,15:29,BLSE,i.t,smallcap,-0.1875,0.6618
2026-09-07,15:29,BLUESTONE,consumer discretionary,midcap,3.2335,0.7598
2026-09-07,15:29,BLUSPRING,miscellaneous,smallcap,-1.2738,0.4017
2026-09-07,15:29,BODALCHEM,chemicals,smallcap,9.9987,9.0724
2026-09-07,15:29,CALSOFT,i.t,smallcap,-4.978,0.566
2026-09-07,15:29,CAPLIPOINT,healthcare,largecap,0.1138,0.9448
2026-09-07,15:29,CENTUM,aerospace & defence,midcap,16.1813,12.9846
2026-09-07,15:29,CGCL,financials,largecap,-1.5005,2.2104
2026-09-07,15:29,CHEMBONDCH,chemicals,smallcap,4.9912,0.4762
2026-09-07,15:29,CHENNPETRO,energy,largecap,-1.5149,0.2475
2026-09-07,15:29,COMSYN,industrials,smallcap,-2.3564,0.771
2026-09-07,15:29,CONFIPET,miscellaneous,smallcap,-0.3637,1.2096
2026-09-07,15:29,CONSOFINVT,financials,smallcap,4.9948,1.65
2026-09-07,15:29,CORDSCABLE,industrials,smallcap,-1.1514,3.3695
2026-09-07,15:29,CPPLUS,consumer discretionary,largecap,1.3038,0.6266
2026-09-07,15:29,CUPID,fmcg,largecap,-0.777,0.1845
2026-09-07,15:29,CYIENTDLM,aerospace & defence,midcap,0.9802,0.4272
2026-09-07,15:29,DATAPATTNS,aerospace & defence,largecap,0.1265,0.3514
2026-09-07,15:29,DBOL,fmcg,smallcap,2.0242,1.2179
2026-09-07,15:29,DCBBANK,bank,midcap,0.2582,0.3726
2026-09-07,15:29,DCMNVL,textiles,smallcap,-1.0543,0.9216
2026-09-07,15:29,DEEDEV,metals & mining,smallcap,2.8561,0.2128
2026-09-07,15:29,DEEPINDS,energy,midcap,-0.1589,1.9686
2026-09-07,15:29,DIACABS,industrials,midcap,0.2411,0.2752
2026-09-07,15:29,DIFFNKG,industrials,smallcap,-4.3167,2.5789
2026-09-07,15:29,DIVGIITTS,auto,smallcap,-4.8471,2.2175
2026-09-07,15:29,DOLPHIN,energy,smallcap,6.8843,3.3877
2026-09-07,15:29,DYCL,industrials,smallcap,-5.5032,2.2146
2026-09-07,15:29,E2E,i.t,midcap,4.7627,0.833
2026-09-07,15:29,EBGNG,services,midcap,2.9688,0.9067
2026-09-07,15:29,EMAMIPAP,building materials,smallcap,4.6756,2.0243
2026-09-07,15:29,EMIL,consumer discretionary,midcap,2.5901,0.6376
2026-09-07,15:29,ENTERO,healthcare,midcap,3.8739,2.1174
2026-09-07,15:29,ESAFSFB,bank,smallcap,0.8452,0.3782
2026-09-07,15:29,EXICOM,industrials,smallcap,3.6435,2.0094
2026-09-07,15:29,FCL,chemicals,midcap,9.9981,3.4482
2026-09-07,15:29,FILATEX,textiles,smallcap,-1.4539,0.5142
2026-09-07,15:29,GANDHAR,energy,smallcap,-1.0277,0.5181
2026-09-07,15:29,GANESHBE,miscellaneous,smallcap,4.9988,1.0148
2026-09-07,15:29,GAYAPROJ,realty,smallcap,1.9301,1.5507
2026-09-07,15:29,GCSL,financials,smallcap,1.1258,1.7e+308
2026-09-07,15:29,GHCLTEXTIL,textiles,smallcap,-2.4576,0.835
2026-09-07,15:29,GLAND,healthcare,largecap,1.4289,2.8105
2026-09-07,15:29,GLOBAL,services,smallcap,-0.2491,1.1351
2026-09-07,15:29,GNA,auto,smallcap,-1.4245,0.5482
2026-09-07,15:29,GOCLCORP,miscellaneous,smallcap,2.2225,1.0056
2026-09-07,15:29,GULFPETRO,chemicals,smallcap,-0.971,1.2018
2026-09-07,15:29,HAPPYFORGE,industrials,largecap,-0.3172,0.5871
2026-09-07,15:29,HFCL,telecom,largecap,4.9991,0.1601
2026-09-07,15:29,HITECHCORP,industrials,smallcap,-0.7863,0.4662
2026-09-07,15:29,HONASA,services,midcap,-0.4564,0.4615
2026-09-07,15:29,ICIL,textiles,midcap,0.8671,0.5741
2026-09-07,15:29,IFCI,financials,largecap,1.1146,5.8056
2026-09-07,15:29,INDOBORAX,chemicals,smallcap,-2.1266,1.7613
2026-09-07,15:29,INDOTECH,industrials,smallcap,0.0955,0.5074
2026-09-07,15:29,INDSWFTLAB,healthcare,smallcap,3.582,0.7982
2026-09-07,15:29,INNOVACAP,healthcare,midcap,-0.9359,1.5387
2026-09-07,15:29,INOXINDIA,industrials,largecap,-0.7296,0.7253
2026-09-07,15:29,IOLCP,healthcare,midcap,6.5466,2.8748
2026-09-07,15:29,IRISDOREME,consumer discretionary,smallcap,-2.2491,1.7589
2026-09-07,15:29,IVP,chemicals,smallcap,4.4851,2.2651
2026-09-07,15:29,JGCHEM,chemicals,smallcap,-2.8087,1.2491
2026-09-07,15:29,JINDALSAW,industrials,midcap,1.3921,0.5218
2026-09-07,15:29,JINDWORLD,textiles,midcap,1.7562,15.2639
2026-09-07,15:29,JTLIND,metals & mining,smallcap,-2.3563,0.677
2026-09-07,15:29,KABRAEXTRU,industrials,smallcap,9.5571,7.3482
2026-09-07,15:29,KALYANIFRG,industrials,smallcap,-4.9998,1.0568
2026-09-07,15:29,KAMDHENU,metals & mining,smallcap,1.631,0.5713
2026-09-07,15:29,KANORICHEM,chemicals,smallcap,-0.0964,0.3969
2026-09-07,15:29,KAPSTON,miscellaneous,smallcap,-3.0049,2.0687
2026-09-07,15:29,KDDL,consumer discretionary,smallcap,2.0685,1.5327
2026-09-07,15:29,KENNAMET,industrials,midcap,0.096,1.7011
2026-09-07,15:29,KMEW,transportation,midcap,-2.367,0.4512
2026-09-07,15:29,KOPRAN,healthcare,smallcap,5.7323,4.9273
2026-09-07,15:29,KOVAI,healthcare,midcap,0.1072,0.8091
2026-09-07,15:29,KRISHANA,chemicals,smallcap,-0.7006,0.5263
2026-09-07,15:29,KRN,industrials,midcap,2.9581,0.5208
2026-09-07,15:29,KRONOX,chemicals,smallcap,-2.4907,0.516
2026-09-07,15:29,KTKBANK,bank,midcap,-1.9112,0.3023
2026-09-07,15:29,LAURUSLABS,healthcare,largecap,1.9946,0.5432
2026-09-07,15:29,LOKESHMACH,industrials,smallcap,-1.8925,0.6779
2026-09-07,15:29,MACPOWER,industrials,smallcap,-4.7877,1.3874
2026-09-07,15:29,MAHASTEEL,metals & mining,smallcap,0.9279,0.272
2026-09-07,15:29,MANAKSTEEL,metals & mining,smallcap,-0.8294,1.2049
2026-09-07,15:29,MANINDS,metals & mining,midcap,3.9122,0.8286
2026-09-07,15:29,MANORAMA,fmcg,midcap,0.5117,1.0254
2026-09-07,15:29,MARALOVER,textiles,smallcap,3.9301,3.3929
2026-09-07,15:29,MARINE,industrials,midcap,-2.8231,0.7957
2026-09-07,15:29,MARKSANS,healthcare,midcap,2.5402,1.4557
2026-09-07,15:29,MAWANASUG,fmcg,smallcap,-0.22,2.1998
2026-09-07,15:29,MBAPL,chemicals,smallcap,-1.8721,1.537
2026-09-07,15:29,MENONBE,auto,smallcap,-4.6826,0.7057
2026-09-07,15:29,MMFL,industrials,smallcap,-1.9045,0.8544
2026-09-07,15:29,MMP,metals & mining,smallcap,10.0953,9.64
2026-09-07,15:29,MODISONLTD,industrials,smallcap,1.2023,2.8749
2026-09-07,15:29,MOREPENLAB,healthcare,midcap,4.5191,2.5395
2026-09-07,15:29,MSTCLTD,i.t,midcap,7.0076,1.9511
2026-09-07,15:29,NAVINFLUOR,chemicals,largecap,0.5375,0.3535
2026-09-07,15:29,NEOGEN,chemicals,midcap,3.2368,1.1266
2026-09-07,15:29,NETWEB,i.t,largecap,-0.6932,0.4747
2026-09-07,15:29,NEULANDLAB,healthcare,largecap,0.9267,0.3846
2026-09-07,15:29,NIACL,financials,largecap,0.5611,7.052
2026-09-07,15:29,NILKAMAL,plastic products,smallcap,-2.5183,0.869
2026-09-07,15:29,NITINSPIN,textiles,smallcap,-1.8152,0.1359
2026-09-07,15:29,NOVARTIND,healthcare,smallcap,-0.4312,2.4135
2026-09-07,15:29,NRBBEARING,industrials,smallcap,8.0537,2.2482
2026-09-07,15:29,NRL,services,smallcap,4.6171,3.2374
2026-09-07,15:29,OAL,chemicals,smallcap,3.3564,4.4225
2026-09-07,15:29,OCCLLTD,chemicals,smallcap,0.2989,0.4351
2026-09-07,15:29,OFSS,i.t,largecap,-1.7499,0.7914
2026-09-07,15:29,OMAXE,realty,smallcap,-4.8101,1.6882
2026-09-07,15:29,PAISALO,financials,midcap,7.166,3.2447
2026-09-07,15:29,PANACHE,i.t,smallcap,0.1905,0.2627
2026-09-07,15:29,PANAMAPET,energy,smallcap,-2.8459,0.7092
2026-09-07,15:29,PARACABLES,industrials,smallcap,0.1526,0.7988
2026-09-07,15:29,PARAS,aerospace & defence,midcap,5.2654,1.0221
2026-09-07,15:29,PGIL,consumer discretionary,midcap,-0.9261,0.2419
2026-09-07,15:29,PLAZACABLE,industrials,smallcap,-3.7019,2.0149
2026-09-07,15:29,PRECWIRE,metals & mining,midcap,-2.5063,0.4474
2026-09-07,15:29,PREMIERPOL,plastic products,smallcap,-4.1003,1.0084
2026-09-07,15:29,QPOWER,industrials,midcap,-0.856,0.8943
2026-09-07,15:29,QUESS,miscellaneous,midcap,-4.2706,0.578
2026-09-07,15:29,RAIN,miscellaneous,midcap,-2.0119,0.5107
2026-09-07,15:29,RAMRAT,metals & mining,midcap,-5.9663,1.6809
2026-09-07,15:29,RATNAVEER,metals & mining,smallcap,0.5578,1.4566
2026-09-07,15:29,RAYMOND,transportation,smallcap,4.2586,5.466
2026-09-07,15:29,RISHABH,industrials,smallcap,9.6824,4.7672
2026-09-07,15:29,RML,auto,smallcap,7.1225,18.8591
2026-09-07,15:29,ROSSTECH,aerospace & defence,smallcap,-0.1999,0.5099
2026-09-07,15:29,RPEL,building materials,midcap,-6.9721,3.1474
2026-09-07,15:29,RPTECH,i.t,midcap,3.612,0.833
2026-09-07,15:29,RSWM,textiles,smallcap,-1.3325,0.4708
2026-09-07,15:29,RUBYMILLS,textiles,smallcap,6.7009,3.8907
2026-09-07,15:29,SAHYADRI,building materials,smallcap,0.612,4.8084
2026-09-07,15:29,SAILIFE,healthcare,largecap,-0.2967,0.819
2026-09-07,15:29,SAKAR,healthcare,smallcap,9.3993,3.026
2026-09-07,15:29,SALSTEEL,metals & mining,smallcap,0.5285,3.0074
2026-09-07,15:29,SANGINITA,chemicals,smallcap,2,0.4194
2026-09-07,15:29,SANSERA,auto,largecap,3.0059,0.6119
2026-09-07,15:29,SBC,textiles,smallcap,2.4257,0.8678
2026-09-07,15:29,SBCL,metals & mining,midcap,-2.5867,0.9157
2026-09-07,15:29,SCPL,fmcg,smallcap,1.3303,0.6934
2026-09-07,15:29,SENORES,healthcare,midcap,4.8376,1.2966
2026-09-07,15:29,SETL,industrials,midcap,-4.9884,2.2853
2026-09-07,15:29,SGFIN,financials,smallcap,0.2812,0.3602
2026-09-07,15:29,SGMART,services,midcap,-1.7399,1.7e+308
2026-09-07,15:29,SHAILY,plastic products,midcap,2.1475,0.5673
2026-09-07,15:29,SHILPAMED,healthcare,midcap,-2.5567,1.227
2026-09-07,15:29,SHREEJISPG,transportation,midcap,2.8891,1.3061
2026-09-07,15:29,SIGMAADV,aerospace & defence,midcap,-2.9184,0.5728
2026-09-07,15:29,SKIPPER,industrials,midcap,2.2501,6.9387
2026-09-07,15:29,SKYGOLD,consumer discretionary,midcap,0.8574,0.6151
2026-09-07,15:29,SMARTLINK,i.t,smallcap,-1.3984,0.1403
2026-09-07,15:29,SMLMAH,auto,midcap,1.5083,2.3777
2026-09-07,15:29,SOFTTECH,i.t,smallcap,2.1978,1.2024
2026-09-07,15:29,SOLARINDS,aerospace & defence,largecap,2.3549,1.52
2026-09-07,15:29,SONACOMS,auto,largecap,-0.1267,0.5078
2026-09-07,15:29,SONAMLTD,consumer discretionary,smallcap,4.997,0.6646
2026-09-07,15:29,SOTL,energy,midcap,-4.7249,7.7325
2026-09-07,15:29,SPECTRUM,industrials,smallcap,4.9992,0.3256
2026-09-07,15:29,SPORTKING,textiles,smallcap,-3.2152,1.0869
2026-09-07,15:29,SSWL,auto,midcap,2.6116,4.3393
2026-09-07,15:29,STEELCAS,industrials,smallcap,-0.3658,0.4799
2026-09-07,15:29,STLTECH,industrials,largecap,4.994,0.1289
2026-09-07,15:29,STOVEKRAFT,consumer discretionary,smallcap,2.0059,0.7731
2026-09-07,15:29,SUVEN,healthcare,smallcap,-0.2249,1.0814
2026-09-07,15:29,SWANDEF,transportation,midcap,-0.9602,0.1808
2026-09-07,15:29,SYRMA,consumer discretionary,largecap,12.1801,8.17
2026-09-07,15:29,TALBROAUTO,auto,smallcap,5.8982,8.4604
2026-09-07,15:29,TARSONS,healthcare,smallcap,-2.0861,0.1754
2026-09-07,15:29,TBZ,consumer discretionary,smallcap,9.9927,0.2565
2026-09-07,15:29,TEJASNET,telecom,midcap,-3.3461,0.6358
2026-09-07,15:29,TFCILTD,financials,midcap,-1.6474,0.5077
2026-09-07,15:29,TIRUPATIFL,industrials,smallcap,2.6068,0.6328
2026-09-07,15:29,TMB,bank,midcap,0.429,0.4448
2026-09-07,15:29,UNIMECH,aerospace & defence,midcap,-0.4658,1.4951
2026-09-07,15:29,UNIPARTS,industrials,smallcap,3.2092,0.8008
2026-09-07,15:29,UNIVASTU,realty,smallcap,0.9208,0.6016
2026-09-07,15:29,UNIVCABLES,industrials,midcap,-5.6271,1.6241
2026-09-07,15:29,UNIVPHOTO,consumer discretionary,smallcap,4.9959,0.4692
2026-09-07,15:29,VADILALIND,fmcg,midcap,-1.953,1.1454
2026-09-07,15:29,VALIANTLAB,healthcare,smallcap,2.5762,2.1975
2026-09-07,15:29,VENUSPIPES,metals & mining,smallcap,10.6928,7.3841
2026-09-07,15:29,VINDHYATEL,realty,smallcap,1.182,4.1102
2026-09-07,15:29,VISAKAIND,building materials,smallcap,-1.2852,1.4475
2026-09-07,15:29,WELCORP,industrials,largecap,0.2818,1.5879
2026-09-07,15:29,WELENT,realty,midcap,-3.6996,2.0909
2026-09-07,15:29,WELINV,financials,smallcap,1.9994,0.0071
2026-09-07,15:29,WELSPUNLIV,textiles,midcap,1.6498,1.4367
2026-09-07,15:29,WHEELS,auto,smallcap,1.7682,2.6302
2026-09-07,15:29,WOCKPHARMA,healthcare,largecap,5.7117,3.4568
2026-09-07,15:29,WSTCSTPAPR,building materials,smallcap,5.7286,4.6155
2026-09-07,15:29,YATHARTH,healthcare,midcap,0.3733,0.695
2026-09-07,15:29,ZIMLAB,healthcare,smallcap,2.9163,0.8395
2026-09-08,15:29,ACMESOLAR,realty,largecap,-1.2919,0.7718
2026-09-08,15:29,ADOR,industrials,smallcap,-2.8786,1.2434
2026-09-08,15:29,AEROENTER,metals & mining,smallcap,7.644,2.8844
2026-09-08,15:29,AEROFLEX,metals & mining,midcap,6.7076,0.9931
2026-09-08,15:29,AETHER,chemicals,largecap,1.0642,0.3975
2026-09-08,15:29,ALPHAGEO,miscellaneous,smallcap,-0.2316,0.2342
2026-09-08,15:29,AMANTA,healthcare,smallcap,4.0355,1.7e+308
2026-09-08,15:29,ANTELOPUS,energy,smallcap,14.8357,19.7463
2026-09-08,15:29,APARINDS,industrials,largecap,1.2284,0.9564
2026-09-08,15:29,APCOTEXIND,chemicals,smallcap,-3.6743,2.2802
2026-09-08,15:29,APOLLO,aerospace & defence,midcap,7.4569,1.5069
2026-09-08,15:29,APOLLOPIPE,plastic products,smallcap,-2.2971,0.1307
2026-09-08,15:29,ARROWGREEN,plastic products,smallcap,-1.646,0.2519
2026-09-08,15:29,ARVIND,textiles,midcap,5.1361,1.5178
2026-09-08,15:29,ASAHISONG,chemicals,smallcap,3.408,0.7012
2026-09-08,15:29,ASIANENE,energy,smallcap,6.9765,5.4686
2026-09-08,15:29,ASTRAMICRO,aerospace & defence,midcap,1.6368,1.4091
2026-09-08,15:29,ATHERENERG,auto,largecap,-0.3788,0.6082
2026-09-08,15:29,AVADHSUGAR,fmcg,smallcap,3.3045,0.5345
2026-09-08,15:29,AVALON,consumer discretionary,midcap,4.2657,0.9359
2026-09-08,15:29,AYMSYNTEX,textiles,smallcap,3.0254,3.0562
2026-09-08,15:29,AZAD,aerospace & defence,midcap,1.6131,0.7072
2026-09-08,15:29,BAFNAPH,healthcare,smallcap,4.0223,0.4871
2026-09-08,15:29,BALAMINES,chemicals,midcap,-1.9721,0.6527
2026-09-08,15:29,BALRAMCHIN,fmcg,midcap,3.0191,2.6663
2026-09-08,15:29,BEPL,energy,smallcap,4.9725,3.9433
2026-09-08,15:29,BHAGERIA,chemicals,smallcap,10.2248,1.2514
2026-09-08,15:29,BHAGYANGR,power & utilities,smallcap,5.8307,0.8465
2026-09-08,15:29,BHEL,industrials,largecap,-2.0761,0.3221
2026-09-08,15:29,BIRLACABLE,industrials,smallcap,-9.7331,0.6454
2026-09-08,15:29,BLISSGVS,healthcare,midcap,7.6453,0.1803
2026-09-08,15:29,BLSE,i.t,smallcap,0.6249,0.7462
2026-09-08,15:29,BLUESTONE,consumer discretionary,midcap,3.0792,0.3924
2026-09-08,15:29,BLUSPRING,miscellaneous,smallcap,-11.0463,1.3049
2026-09-08,15:29,BODALCHEM,chemicals,smallcap,18.2689,9.7739
2026-09-08,15:29,CALSOFT,i.t,smallcap,-9.7121,0.3498
2026-09-08,15:29,CAPLIPOINT,healthcare,largecap,-1.448,1.0795
2026-09-08,15:29,CENTUM,aerospace & defence,midcap,13.8056,1.4458
2026-09-08,15:29,CHEMBOND,chemicals,smallcap,15.6934,5.3355
2026-09-08,15:29,CHEMBONDCH,chemicals,smallcap,2.1615,0.3276
2026-09-08,15:29,CHENNPETRO,energy,largecap,0.3856,0.4965
2026-09-08,15:29,COMSYN,industrials,smallcap,0.1825,4.8344
2026-09-08,15:29,CONFIPET,miscellaneous,smallcap,0.0121,1.4943
2026-09-08,15:29,CONSOFINVT,financials,smallcap,10.111,4.8291
2026-09-08,15:29,CORDSCABLE,industrials,smallcap,17.5868,29.7113
2026-09-08,15:29,CPPLUS,consumer discretionary,largecap,3.3526,0.6238
2026-09-08,15:29,CRAFTSMAN,auto,largecap,0.0702,0.3234
2026-09-08,15:29,CUPID,fmcg,largecap,-2.949,0.2596
2026-09-08,15:29,CYIENTDLM,aerospace & defence,midcap,13.9215,4.8413
2026-09-08,15:29,DATAPATTNS,aerospace & defence,largecap,7.5747,3.3013
2026-09-08,15:29,DBOL,fmcg,smallcap,0.9041,0.4941
2026-09-08,15:29,DCBBANK,bank,midcap,3.9911,2.6734
2026-09-08,15:29,DCMNVL,textiles,smallcap,-2.4438,2.4829
2026-09-08,15:29,DEEDEV,metals & mining,midcap,6.5856,0.2333
2026-09-08,15:29,DEEPINDS,energy,midcap,4.1007,2.5118
2026-09-08,15:29,DIACABS,industrials,midcap,1.3412,0.197
2026-09-08,15:29,DIFFNKG,industrials,smallcap,-6.8225,1.288
2026-09-08,15:29,DIVGIITTS,auto,smallcap,-3.7627,1.094
2026-09-08,15:29,DOLPHIN,energy,smallcap,2.0401,0.6213
2026-09-08,15:29,DYCL,industrials,smallcap,-5.5954,1.7943
2026-09-08,15:29,E2E,i.t,midcap,2.6681,0.6067
2026-09-08,15:29,EBGNG,services,midcap,10.6279,3.6555
2026-09-08,15:29,ELGIRUBCO,fmcg,smallcap,0.7327,0.7022
2026-09-08,15:29,EMAMIPAP,building materials,smallcap,3.2436,0.6117
2026-09-08,15:29,EMIL,consumer discretionary,midcap,7.068,2.3382
2026-09-08,15:29,ENTERO,healthcare,midcap,1.3241,0.7533
2026-09-08,15:29,ESAFSFB,bank,smallcap,0.1449,0.5117
2026-09-08,15:29,EXICOM,industrials,smallcap,2.1366,1.1833
2026-09-08,15:29,FCL,chemicals,midcap,13.4537,4.1221
2026-09-08,15:29,FILATEX,textiles,smallcap,-1.6469,0.3659
2026-09-08,15:29,FINCABLES,industrials,midcap,6.7284,3.2909
2026-09-08,15:29,GANDHAR,energy,smallcap,-1.3266,0.3803
2026-09-08,15:29,GANESHBE,miscellaneous,smallcap,5.1692,1.8353
2026-09-08,15:29,GAYAPROJ,realty,smallcap,6.8934,7.1832
2026-09-08,15:29,GCSL,financials,smallcap,0.5209,1.7e+308
2026-09-08,15:29,GHCLTEXTIL,textiles,smallcap,-3.4816,0.9335
2026-09-08,15:29,GLAND,healthcare,largecap,0.9173,1.9202
2026-09-08,15:29,GLOBAL,services,smallcap,5.1225,3.3464
2026-09-08,15:29,GNA,auto,smallcap,0.4265,0.9479
2026-09-08,15:29,GOCLCORP,miscellaneous,smallcap,1.9067,1.0074
2026-09-08,15:29,GULFPETRO,chemicals,smallcap,-1.9572,1.6067
2026-09-08,15:29,HAPPYFORGE,industrials,largecap,-0.3663,0.5999
2026-09-08,15:29,HFCL,telecom,largecap,8.3477,0.5424
2026-09-08,15:29,HIRECT,consumer discretionary,smallcap,4.8266,1.7851
2026-09-08,15:29,HITECHCORP,industrials,smallcap,-0.3116,0.1648
2026-09-08,15:29,HONASA,services,midcap,1.0615,0.6629
2026-09-08,15:29,ICIL,textiles,midcap,0.2334,0.3584
2026-09-08,15:29,IFCI,financials,largecap,-8.6506,5.9335
2026-09-08,15:29,IGPL,chemicals,smallcap,3.0226,3.6029
2026-09-08,15:29,INDOBORAX,chemicals,smallcap,-0.7477,0.4266
2026-09-08,15:29,INDOTECH,industrials,smallcap,0.92,0.6981
2026-09-08,15:29,INDSWFTLAB,healthcare,smallcap,9.0883,2.5442
2026-09-08,15:29,INNOVACAP,healthcare,midcap,-0.3063,0.5019
2026-09-08,15:29,INOXINDIA,industrials,largecap,-1.4192,0.9503
2026-09-08,15:29,IOLCP,healthcare,midcap,5.5164,1.1769
2026-09-08,15:29,IRISDOREME,consumer discretionary,smallcap,-3.0827,0.5984
2026-09-08,15:29,IVP,chemicals,smallcap,6.6981,1.1687
2026-09-08,15:29,JGCHEM,chemicals,smallcap,2.1817,2.4794
2026-09-08,15:29,JINDALSAW,industrials,midcap,0.7534,0.5027
2026-09-08,15:29,JINDWORLD,textiles,midcap,-3.4429,9.6052
2026-09-08,15:29,JTLIND,metals & mining,smallcap,-2.3126,0.9165
2026-09-08,15:29,KABRAEXTRU,industrials,smallcap,13.3471,4.9868
2026-09-08,15:29,KALYANIFRG,industrials,smallcap,-9.7498,0.9292
2026-09-08,15:29,KAMDHENU,metals & mining,smallcap,2.5739,0.5919
2026-09-08,15:29,KANORICHEM,chemicals,smallcap,2.1471,0.9573
2026-09-08,15:29,KAPSTON,miscellaneous,smallcap,-1.7807,0.5509
2026-09-08,15:29,KDDL,consumer discretionary,smallcap,1.3986,0.7391
2026-09-08,15:29,KENNAMET,industrials,midcap,-0.7273,1.1054
2026-09-08,15:29,KIRLOSENG,industrials,largecap,3.22,0.838
2026-09-08,15:29,KMEW,transportation,midcap,-1.5758,0.3366
2026-09-08,15:29,KOPRAN,healthcare,smallcap,2.9973,1.9534
2026-09-08,15:29,KOVAI,healthcare,midcap,0.734,0.7275
2026-09-08,15:29,KRISHANA,chemicals,smallcap,-0.5974,0.5795
2026-09-08,15:29,KRN,industrials,midcap,5.1625,0.3344
2026-09-08,15:29,KTKBANK,bank,midcap,-1.7201,0.5463
2026-09-08,15:29,LANCORHOL,realty,smallcap,-5.7745,1.7355
2026-09-08,15:29,LAURUSLABS,healthcare,largecap,5.8098,0.9989
2026-09-08,15:29,LOKESHMACH,industrials,smallcap,-0.3017,0.9564
2026-09-08,15:29,LUMAXTECH,auto,midcap,0.2049,0.4028
2026-09-08,15:29,MACPOWER,industrials,smallcap,-1.6169,0.7971
2026-09-08,15:29,MAHASTEEL,metals & mining,smallcap,0.694,0.1425
2026-09-08,15:29,MANAKSTEEL,metals & mining,smallcap,-2.7679,0.7094
2026-09-08,15:29,MANINDS,metals & mining,midcap,4.2039,0.8655
2026-09-08,15:29,MANORAMA,fmcg,midcap,6.9981,2.9674
2026-09-08,15:29,MARALOVER,textiles,smallcap,6.4694,4.8836
2026-09-08,15:29,MARINE,industrials,midcap,-3.633,0.791
2026-09-08,15:29,MARKSANS,healthcare,midcap,2.8003,2.6269
2026-09-08,15:29,MAWANASUG,fmcg,smallcap,-2.0078,0.8898
2026-09-08,15:29,MBAPL,chemicals,smallcap,-1.0535,1.3084
2026-09-08,15:29,MENONBE,auto,smallcap,-9.4431,0.6745
2026-09-08,15:29,MMFL,industrials,smallcap,-2.2615,0.5306
2026-09-08,15:29,MMP,metals & mining,smallcap,18.3966,11.4457
2026-09-08,15:29,MODISONLTD,industrials,smallcap,6.256,2.083
2026-09-08,15:29,MOREPENLAB,healthcare,midcap,3.0069,2.1643
2026-09-08,15:29,MSTCLTD,i.t,midcap,6.0406,1.068
2026-09-08,15:29,NAVINFLUOR,chemicals,largecap,2.0275,0.5488
2026-09-08,15:29,NELCO,telecom,smallcap,6.7874,7.3147
2026-09-08,15:29,NEOGEN,chemicals,midcap,3.5128,0.5599
2026-09-08,15:29,NETWEB,i.t,largecap,-2.0316,0.3953
2026-09-08,15:29,NEULANDLAB,healthcare,largecap,5.8914,1.4135
2026-09-08,15:29,NILKAMAL,plastic products,smallcap,-0.2126,0.7394
2026-09-08,15:29,NITINSPIN,textiles,smallcap,2.5115,1.8536
2026-09-08,15:29,NOVARTIND,healthcare,smallcap,10.6455,16.9525
2026-09-08,15:29,NRBBEARING,industrials,smallcap,9.5302,0.786
2026-09-08,15:29,NRL,services,smallcap,2.7892,1.4438
2026-09-08,15:29,OAL,chemicals,smallcap,2.1254,2.5147
2026-09-08,15:29,OCCLLTD,chemicals,smallcap,0.5551,0.3827
2026-09-08,15:29,OFSS,i.t,largecap,-2.3055,0.4336
2026-09-08,15:29,OMAXE,realty,smallcap,-6.4526,0.54
2026-09-08,15:29,PAISALO,financials,midcap,4.8853,1.0092
2026-09-08,15:29,PANACHE,i.t,smallcap,-1.7905,0.2018
2026-09-08,15:29,PANAMAPET,energy,smallcap,-2.4826,0.4619
2026-09-08,15:29,PARACABLES,industrials,smallcap,5.4038,2.7202
2026-09-08,15:29,PARAS,aerospace & defence,midcap,6.2973,1.4916
2026-09-08,15:29,PGIL,consumer discretionary,midcap,3.8845,0.7298
2026-09-08,15:29,PLAZACABLE,industrials,smallcap,-7.3059,3.3754
2026-09-08,15:29,PRECWIRE,metals & mining,midcap,1.5651,1.1055
2026-09-08,15:29,PREMIERPOL,plastic products,smallcap,-5.0336,0.6793
2026-09-08,15:29,QPOWER,industrials,midcap,1.6318,0.4009
2026-09-08,15:29,QUESS,miscellaneous,midcap,-4.8626,1.2268
2026-09-08,15:29,RAIN,miscellaneous,midcap,0.9688,1.556
2026-09-08,15:29,RAMRAT,metals & mining,smallcap,-5.2439,1.3575
2026-09-08,15:29,RATNAVEER,metals & mining,smallcap,-2.2806,0.8135
2026-09-08,15:29,RAYMOND,transportation,midcap,15.7859,20.4112
2026-09-08,15:29,RISHABH,industrials,smallcap,9.459,1.3978
2026-09-08,15:29,RML,auto,smallcap,7.2614,3.9426
2026-09-08,15:29,ROSSTECH,aerospace & defence,smallcap,5.867,1.9174
2026-09-08,15:29,RPEL,building materials,midcap,-6.3413,1.0185
2026-09-08,15:29,RPTECH,i.t,midcap,-0.692,1.4808
2026-09-08,15:29,RSWM,textiles,smallcap,2.298,1.4566
2026-09-08,15:29,RUBYMILLS,textiles,smallcap,5.1366,0.8572
2026-09-08,15:29,SAHYADRI,building materials,smallcap,-1.8233,1.9798
2026-09-08,15:29,SAILIFE,healthcare,largecap,3.9639,2.5222
2026-09-08,15:29,SAKAR,healthcare,smallcap,14.1976,5.067
2026-09-08,15:29,SALSTEEL,metals & mining,smallcap,-2.1384,2.4707
2026-09-08,15:29,SANGINITA,chemicals,smallcap,4.0336,0.2329
2026-09-08,15:29,SANSERA,auto,largecap,6.6356,1.7975
2026-09-08,15:29,SBC,textiles,smallcap,2.2072,0.757
2026-09-08,15:29,SBCL,metals & mining,midcap,-1.4183,1.0291
2026-09-08,15:29,SCPL,fmcg,smallcap,2.4364,0.3507
2026-09-08,15:29,SENORES,healthcare,midcap,5.6987,1.1952
2026-09-08,15:29,SETL,industrials,midcap,-1.0882,1.6195
2026-09-08,15:29,SGFIN,financials,smallcap,0.0666,0.4989
2026-09-08,15:29,SGMART,services,midcap,-1.849,1.7e+308
2026-09-08,15:29,SHAHALLOYS,metals & mining,smallcap,-1.3892,0.7172
2026-09-08,15:29,SHAILY,plastic products,midcap,3.9502,0.3551
2026-09-08,15:29,SHILPAMED,healthcare,midcap,-0.4408,0.8033
2026-09-08,15:29,SHREEJISPG,transportation,midcap,2.6538,0.5781
2026-09-08,15:29,SHREEPUSHK,chemicals,smallcap,7.3225,1.0945
2026-09-08,15:29,SIGMAADV,aerospace & defence,midcap,1.9347,0.6179
2026-09-08,15:29,SKIPPER,industrials,midcap,2.3008,1.8681
2026-09-08,15:29,SKYGOLD,consumer discretionary,midcap,4.9331,1.2948
2026-09-08,15:29,SMLMAH,auto,midcap,0.2382,0.4378
2026-09-08,15:29,SOFTTECH,i.t,smallcap,3.5094,0.7289
2026-09-08,15:29,SOLARINDS,aerospace & defence,largecap,4.7097,1.4479
2026-09-08,15:29,SONACOMS,auto,largecap,1.9011,0.5009
2026-09-08,15:29,SONAMLTD,consumer discretionary,smallcap,10.1154,3.0273
2026-09-08,15:29,SOTL,energy,smallcap,-8.0189,1.6531
2026-09-08,15:29,SPECTRUM,industrials,smallcap,10.2474,0.7283
2026-09-08,15:29,SPORTKING,textiles,smallcap,-5.9419,1.5426
2026-09-08,15:29,SSWL,auto,midcap,3.109,1.2785
2026-09-08,15:29,STEELCAS,industrials,smallcap,1.0822,0.5589
2026-09-08,15:29,STLTECH,industrials,largecap,10.1215,0.5386
2026-09-08,15:29,STOVEKRAFT,consumer discretionary,smallcap,0.8288,0.3431
2026-09-08,15:29,SUVEN,healthcare,smallcap,-2.1429,0.5869
2026-09-08,15:29,SWANDEF,transportation,midcap,-1.4364,0.0834
2026-09-08,15:29,SYRMA,consumer discretionary,largecap,12.482,1.7585
2026-09-08,15:29,TALBROAUTO,auto,smallcap,3.9853,0.7069
2026-09-08,15:29,TARSONS,healthcare,smallcap,-3.0994,0.148
2026-09-08,15:29,TBZ,consumer discretionary,smallcap,15.483,0.152
2026-09-08,15:29,TEJASNET,telecom,midcap,-3.9241,0.4711
2026-09-08,15:29,TFCILTD,financials,midcap,-1.6543,0.7829
2026-09-08,15:29,THEMISMED,healthcare,smallcap,9.7575,1.2559
2026-09-08,15:29,TIRUPATIFL,industrials,smallcap,1.4048,0.2464
2026-09-08,15:29,TMB,bank,midcap,-0.6059,0.1987
2026-09-08,15:29,UNIMECH,aerospace & defence,midcap,8.4448,8.0267
2026-09-08,15:29,UNIPARTS,industrials,smallcap,2.7401,0.5174
2026-09-08,15:29,UNIVASTU,realty,smallcap,-2.1088,0.3201
2026-09-08,15:29,UNIVCABLES,industrials,midcap,-3.2735,1.0216
2026-09-08,15:29,UNIVPHOTO,consumer discretionary,smallcap,10.2365,0.4567
2026-09-08,15:29,VADILALIND,fmcg,midcap,-1.5741,0.8191
2026-09-08,15:29,VALIANTLAB,healthcare,smallcap,7.7003,2.5186
2026-09-08,15:29,VENUSPIPES,metals & mining,smallcap,19.5524,12.1463
2026-09-08,15:29,VINDHYATEL,realty,smallcap,2.2322,1.7456
2026-09-08,15:29,VISAKAIND,building materials,smallcap,-0.2678,1.1251
2026-09-08,15:29,WELCORP,industrials,largecap,0.3435,1.1122
2026-09-08,15:29,WELENT,realty,midcap,-2.9007,0.9569
2026-09-08,15:29,WELINV,financials,smallcap,4.0346,0.1251
2026-09-08,15:29,WELSPUNLIV,textiles,largecap,-0.3069,0.8029
2026-09-08,15:29,WHEELS,auto,smallcap,22.1172,26.9023
2026-09-08,15:29,WOCKPHARMA,healthcare,largecap,6.4777,1.0717
2026-09-08,15:29,WSTCSTPAPR,building materials,smallcap,4.7597,2.6755
2026-09-08,15:29,YASHO,chemicals,smallcap,-1.3111,1.2143
2026-09-08,15:29,YATHARTH,healthcare,midcap,-2.139,0.5143
2026-09-08,15:29,ZIMLAB,healthcare,smallcap,2.8685,0.4943
2026-09-09,15:29,ACMESOLAR,realty,largecap,-3.9234,0.5211
2026-09-09,15:29,ADOR,industrials,smallcap,-2.7592,1.6326
2026-09-09,15:29,AEGISLOG,services,largecap,5.7629,1.5561
2026-09-09,15:29,AEROENTER,metals & mining,smallcap,0.8039,2.4643
2026-09-09,15:29,AEROFLEX,metals & mining,midcap,4.4097,0.4357
2026-09-09,15:29,AETHER,chemicals,largecap,-0.9043,0.6597
2026-09-09,15:29,AKUMS,healthcare,midcap,-3.2191,1.6565
2026-09-09,15:29,ALPHAGEO,miscellaneous,smallcap,0.3551,0.6189
2026-09-09,15:29,AMANTA,healthcare,smallcap,6.1125,1.7e+308
2026-09-09,15:29,ANTELOPUS,energy,smallcap,22.1752,24.7663
2026-09-09,15:29,APARINDS,industrials,largecap,0.155,0.8828
2026-09-09,15:29,APCOTEXIND,chemicals,smallcap,-3.155,0.5822
2026-09-09,15:29,APOLLO,aerospace & defence,midcap,8.6269,1.0261
2026-09-09,15:29,APOLLOPIPE,plastic products,smallcap,-4.5447,0.1978
2026-09-09,15:29,ARROWGREEN,plastic products,smallcap,-1.3635,0.1708
2026-09-09,15:29,ARVIND,textiles,midcap,3.2281,2.2831
2026-09-09,15:29,ASAHISONG,chemicals,smallcap,4.629,0.6386
2026-09-09,15:29,ASIANENE,energy,smallcap,3.4883,1.5402
2026-09-09,15:29,ATHERENERG,auto,largecap,-0.2525,0.4218
2026-09-09,15:29,AVADHSUGAR,fmcg,smallcap,1.5812,1.0678
2026-09-09,15:29,AVALON,consumer discretionary,midcap,4.4159,0.5445
2026-09-09,15:29,AYMSYNTEX,textiles,smallcap,0.1931,2.0278
2026-09-09,15:29,AZAD,aerospace & defence,midcap,0.9974,0.7199
2026-09-09,15:29,BAFNAPH,healthcare,smallcap,1.9436,0.3535
2026-09-09,15:29,BALAMINES,chemicals,midcap,-6.5698,0.8432
2026-09-09,15:29,BALPHARMA,healthcare,smallcap,30.4571,28.199
2026-09-09,15:29,BEPL,energy,smallcap,4.7529,1.7022
2026-09-09,15:29,BHAGERIA,chemicals,smallcap,4.7267,0.7969
2026-09-09,15:29,BHAGYANGR,power & utilities,smallcap,11.1216,2.0362
2026-09-09,15:29,BHEL,industrials,largecap,0.6031,0.6559
2026-09-09,15:29,BIRLACABLE,industrials,smallcap,-5.2317,16.0797
2026-09-09,15:29,BLISSGVS,healthcare,midcap,3.2563,0.1433
2026-09-09,15:29,BLSE,i.t,smallcap,0.1719,0.3068
2026-09-09,15:29,BLUESTONE,consumer discretionary,midcap,3.7556,0.6311
2026-09-09,15:29,BLUSPRING,miscellaneous,smallcap,-6.0737,1.2226
2026-09-09,15:29,BODALCHEM,chemicals,smallcap,12.357,6.1196
2026-09-09,15:29,CALSOFT,i.t,smallcap,-14.2264,0.644
2026-09-09,15:29,CAPLIPOINT,healthcare,largecap,-3.1201,0.9901
2026-09-09,15:29,CENTUM,aerospace & defence,midcap,12.8262,1.7796
2026-09-09,15:29,CGCL,financials,largecap,-2.6795,1.0632
2026-09-09,15:29,CHEMBOND,chemicals,smallcap,28.9409,25.6566
2026-09-09,15:29,CHENNPETRO,energy,largecap,10.4807,3.6137
2026-09-09,15:29,COMSYN,industrials,smallcap,-0.0498,1.9479
2026-09-09,15:29,CONFIPET,miscellaneous,smallcap,9.9176,6.2602
2026-09-09,15:29,CONSOFINVT,financials,smallcap,5.8099,0.5349
2026-09-09,15:29,CORDSCABLE,industrials,smallcap,14.4006,21.7474
2026-09-09,15:29,CPPLUS,consumer discretionary,largecap,1.1202,0.6679
2026-09-09,15:29,CRAFTSMAN,auto,largecap,3.5796,0.7534
2026-09-09,15:29,CUPID,fmcg,largecap,-1.2184,0.8977
2026-09-09,15:29,CYIENTDLM,aerospace & defence,midcap,10.3507,1.1556
2026-09-09,15:29,DATAPATTNS,aerospace & defence,largecap,6.5038,0.7763
2026-09-09,15:29,DCBBANK,bank,midcap,3.3342,0.9529
2026-09-09,15:29,DCMNVL,textiles,smallcap,-4.3036,1.5094
2026-09-09,15:29,DEEDEV,metals & mining,midcap,2.5066,0.2415
2026-09-09,15:29,DEEPINDS,energy,midcap,0.7947,1.6522
2026-09-09,15:29,DIACABS,industrials,largecap,0.9042,0.1601
2026-09-09,15:29,DIFFNKG,industrials,smallcap,-7.2331,1.4173
2026-09-09,15:29,DIVGIITTS,auto,smallcap,-6.9752,1.639
2026-09-09,15:29,DOLPHIN,energy,smallcap,1.632,0.597
2026-09-09,15:29,DYCL,industrials,smallcap,-6.4357,0.7507
2026-09-09,15:29,E2E,i.t,midcap,0.4904,0.5343
2026-09-09,15:29,EBGNG,services,midcap,12.3992,2.5059
2026-09-09,15:29,ELGIRUBCO,fmcg,smallcap,7.037,4.7848
2026-09-09,15:29,EMAMIPAP,building materials,smallcap,0.647,0.6017
2026-09-09,15:29,EMIL,consumer discretionary,midcap,5.1283,0.7066
2026-09-09,15:29,ENTERO,healthcare,midcap,0.0383,0.5971
2026-09-09,15:29,ESAFSFB,bank,smallcap,-1.3523,0.3076
2026-09-09,15:29,EXICOM,industrials,smallcap,1.445,1.4968
2026-09-09,15:29,FCL,chemicals,midcap,13.4343,5.6131
2026-09-09,15:29,FILATEX,textiles,smallcap,-2.7921,0.5168
2026-09-09,15:29,FINCABLES,industrials,midcap,10.9162,5.1311
2026-09-09,15:29,GANDHAR,energy,smallcap,-0.654,0.6645
2026-09-09,15:29,GANESHBE,miscellaneous,smallcap,4.025,0.8311
2026-09-09,15:29,GAYAPROJ,realty,smallcap,8.6397,7.9659
2026-09-09,15:29,GCSL,financials,smallcap,1.1342,1.7e+308
2026-09-09,15:29,GHCLTEXTIL,textiles,smallcap,-2.2308,1.336
2026-09-09,15:29,GLAND,healthcare,largecap,3.1987,4.1566
2026-09-09,15:29,GLOBAL,services,smallcap,4.5579,1.0287
2026-09-09,15:29,GNA,auto,smallcap,-2.0869,1.2606
2026-09-09,15:29,GOCLCORP,miscellaneous,smallcap,0.9943,0.6114
2026-09-09,15:29,GULFPETRO,chemicals,smallcap,1.9724,2.1296
2026-09-09,15:29,HAPPYFORGE,industrials,largecap,0.813,0.6782
2026-09-09,15:29,HFCL,telecom,largecap,6.0448,0.2336
2026-09-09,15:29,HIRECT,consumer discretionary,smallcap,4.1885,0.7062
2026-09-09,15:29,HITECHCORP,industrials,smallcap,-0.4451,1.2958
2026-09-09,15:29,HONASA,services,midcap,0,0.4467
2026-09-09,15:29,HUHTAMAKI,industrials,smallcap,5.0392,1.8815
2026-09-09,15:29,ICIL,textiles,midcap,-0.9449,0.6798
2026-09-09,15:29,IFCI,financials,largecap,-12.2509,4.2009
2026-09-09,15:29,IL&FSENGG,realty,smallcap,2.8571,1.9448
2026-09-09,15:29,INDNIPPON,auto,smallcap,13.3915,27.5979
2026-09-09,15:29,INDOBORAX,chemicals,smallcap,-0.7671,0.4165
2026-09-09,15:29,INDOTECH,industrials,smallcap,-0.142,0.2294
2026-09-09,15:29,INDSWFTLAB,healthcare,smallcap,9.1586,0.8529
2026-09-09,15:29,INNOVACAP,healthcare,midcap,1.1315,1.2307
2026-09-09,15:29,INOXINDIA,industrials,largecap,-2.7716,0.4713
2026-09-09,15:29,IOLCP,healthcare,midcap,4.6712,1.296
2026-09-09,15:29,IRISDOREME,consumer discretionary,smallcap,-3.586,0.9811
2026-09-09,15:29,IVP,chemicals,smallcap,8.321,1.2071
2026-09-09,15:29,JGCHEM,chemicals,smallcap,3.5693,2.2493
2026-09-09,15:29,JINDALSAW,industrials,midcap,2.0963,0.4698
2026-09-09,15:29,JINDWORLD,textiles,midcap,-3.5994,6.1627
2026-09-09,15:29,JTLIND,metals & mining,smallcap,-4.2217,0.8638
2026-09-09,15:29,KABRAEXTRU,industrials,smallcap,14.4695,2.1992
2026-09-09,15:29,KAMDHENU,metals & mining,smallcap,0.3568,0.5131
2026-09-09,15:29,KANORICHEM,chemicals,smallcap,7.2255,3.149
2026-09-09,15:29,KAPSTON,miscellaneous,smallcap,-3.3816,0.5814
2026-09-09,15:29,KDDL,consumer discretionary,smallcap,0.0307,1.583
2026-09-09,15:29,KENNAMET,industrials,midcap,1.2413,2.3863
2026-09-09,15:29,KIRLOSENG,industrials,largecap,0.8175,0.7139
2026-09-09,15:29,KMEW,transportation,midcap,-2.2879,0.3785
2026-09-09,15:29,KOPRAN,healthcare,smallcap,0.787,0.8865
2026-09-09,15:29,KOVAI,healthcare,midcap,1.4351,1.1084
2026-09-09,15:29,KRISHANA,chemicals,smallcap,-1.1948,1.5967
2026-09-09,15:29,KRN,industrials,midcap,1.1782,0.2953
2026-09-09,15:29,KTKBANK,bank,midcap,-2.6022,0.5014
2026-09-09,15:29,LANCORHOL,realty,smallcap,-10.4585,1.1541
2026-09-09,15:29,LAURUSLABS,healthcare,largecap,5.2717,0.8598
2026-09-09,15:29,LOKESHMACH,industrials,smallcap,-2.1256,0.3917
2026-09-09,15:29,LUMAXTECH,auto,midcap,1.9827,0.453
2026-09-09,15:29,MACPOWER,industrials,smallcap,-2.1576,0.8874
2026-09-09,15:29,MAHASTEEL,metals & mining,smallcap,3.3606,0.2515
2026-09-09,15:29,MANAKSTEEL,metals & mining,smallcap,2.0876,0.8819
2026-09-09,15:29,MANINDS,metals & mining,midcap,0.5073,0.5671
2026-09-09,15:29,MANORAMA,fmcg,midcap,5.0115,0.7903
2026-09-09,15:29,MARALOVER,textiles,smallcap,4.7873,1.1958
2026-09-09,15:29,MARINE,industrials,midcap,-2.5686,0.7336
2026-09-09,15:29,MARKSANS,healthcare,midcap,1.0405,0.9193
2026-09-09,15:29,MAWANASUG,fmcg,smallcap,-3.8782,1.3025
2026-09-09,15:29,MBAPL,chemicals,smallcap,-2.4621,0.3349
2026-09-09,15:29,MENONBE,auto,smallcap,-4.9471,1.2539
2026-09-09,15:29,MMFL,industrials,smallcap,-2.087,0.5682
2026-09-09,15:29,MMP,metals & mining,smallcap,13.881,1.9568
2026-09-09,15:29,MODISONLTD,industrials,smallcap,4.3302,2.2763
2026-09-09,15:29,MOREPENLAB,healthcare,midcap,2.4618,1.4553
2026-09-09,15:29,MSTCLTD,i.t,midcap,4.0725,0.4186
2026-09-09,15:29,NAVINFLUOR,chemicals,largecap,2.5475,1.3585
2026-09-09,15:29,NELCO,telecom,smallcap,5.1632,1.4525
2026-09-09,15:29,NEOGEN,chemicals,midcap,5.4867,1.4764
2026-09-09,15:29,NEULANDLAB,healthcare,largecap,2.361,0.997
2026-09-09,15:29,NILKAMAL,plastic products,smallcap,-2.8254,0.3725
2026-09-09,15:29,NITINSPIN,textiles,smallcap,1.9091,0.3842
2026-09-09,15:29,NOVARTIND,healthcare,smallcap,32.7746,22.0554
2026-09-09,15:29,NRBBEARING,industrials,smallcap,8.4004,0.6734
2026-09-09,15:29,NRL,services,smallcap,2.0328,0.586
2026-09-09,15:29,OAL,chemicals,smallcap,3.9238,2.4792
2026-09-09,15:29,OCCLLTD,chemicals,smallcap,0.4575,0.6639
2026-09-09,15:29,OFSS,i.t,largecap,-3.5495,0.6672
2026-09-09,15:29,OMAXE,realty,smallcap,-11.0133,0.7669
2026-09-09,15:29,ORCHPHARMA,healthcare,smallcap,7.3535,1.3677
2026-09-09,15:29,PAISALO,financials,midcap,7.8543,1.9515
2026-09-09,15:29,PANACHE,i.t,smallcap,0,0.231
2026-09-09,15:29,PANAMAPET,energy,smallcap,0.5954,2.2619
2026-09-09,15:29,PARACABLES,industrials,smallcap,1.4349,2.0271
2026-09-09,15:29,PARAS,aerospace & defence,midcap,3.8943,0.6859
2026-09-09,15:29,PGIL,consumer discretionary,midcap,-0.0176,0.66
2026-09-09,15:29,PLAZACABLE,industrials,smallcap,-2.6745,1.5081
2026-09-09,15:29,PRECWIRE,metals & mining,midcap,0.3278,0.3929
2026-09-09,15:29,PREMIERPOL,plastic products,smallcap,-5.9039,0.7384
2026-09-09,15:29,QPOWER,industrials,midcap,1.1971,0.2431
2026-09-09,15:29,QUESS,miscellaneous,midcap,0.0705,1.1823
2026-09-09,15:29,RACLGEAR,auto,smallcap,3.6673,1.2528
2026-09-09,15:29,RAIN,miscellaneous,midcap,3.143,2.5873
2026-09-09,15:29,RAMRAT,metals & mining,smallcap,-5.9395,0.9202
2026-09-09,15:29,RATNAVEER,metals & mining,smallcap,-1.5915,0.988
2026-09-09,15:29,RAYMOND,transportation,midcap,9.1247,8.1431
2026-09-09,15:29,RISHABH,industrials,smallcap,10.4882,2.3372
2026-09-09,15:29,RML,auto,smallcap,5.2782,1.4673
2026-09-09,15:29,ROSSTECH,aerospace & defence,smallcap,3.7549,0.9061
2026-09-09,15:29,RPEL,building materials,midcap,-7.5476,0.5799
2026-09-09,15:29,RSWM,textiles,smallcap,-1.1014,0.7751
2026-09-09,15:29,RUBYMILLS,textiles,smallcap,10.8686,1.1068
2026-09-09,15:29,SAHYADRI,building materials,smallcap,-3.8506,1.2266
2026-09-09,15:29,SAILIFE,healthcare,largecap,5.7502,2.3748
2026-09-09,15:29,SAKAR,healthcare,smallcap,13.6552,1.2319
2026-09-09,15:29,SALSTEEL,metals & mining,smallcap,-2.6791,3.0704
2026-09-09,15:29,SANGINITA,chemicals,smallcap,6.1008,0.2967
2026-09-09,15:29,SANSERA,auto,largecap,9.3401,2.1092
2026-09-09,15:29,SBC,textiles,smallcap,6.3811,1.1247
2026-09-09,15:29,SBCL,metals & mining,midcap,1.3737,1.1084
2026-09-09,15:29,SCPL,fmcg,smallcap,0.2552,0.4487
2026-09-09,15:29,SEAMECLTD,miscellaneous,smallcap,-1.1708,1.2531
2026-09-09,15:29,SENORES,healthcare,midcap,4.2145,0.7449
2026-09-09,15:29,SETL,industrials,midcap,3.8513,3.1037
2026-09-09,15:29,SGFIN,financials,smallcap,0.4588,0.4631
2026-09-09,15:29,SGMART,services,midcap,-6.2868,1.7e+308
2026-09-09,15:29,SHAHALLOYS,metals & mining,smallcap,-0.9557,5.4664
2026-09-09,15:29,SHAILY,plastic products,midcap,5.39,0.7919
2026-09-09,15:29,SHILPAMED,healthcare,midcap,-0.3682,0.7791
2026-09-09,15:29,SHREEJISPG,transportation,midcap,4.8445,0.6845
2026-09-09,15:29,SHREEPUSHK,chemicals,smallcap,5.4603,0.2195
2026-09-09,15:29,SIGMAADV,aerospace & defence,midcap,-0.9575,0.5488
2026-09-09,15:29,SKIPPER,industrials,midcap,0.4822,2.7296
2026-09-09,15:29,SKYGOLD,consumer discretionary,midcap,6.4943,0.9775
2026-09-09,15:29,SMARTLINK,i.t,smallcap,-2.0298,0.4607
2026-09-09,15:29,SMLMAH,auto,midcap,4.3106,1.2964
2026-09-09,15:29,SOFTTECH,i.t,smallcap,4.372,0.414
2026-09-09,15:29,SOLARINDS,aerospace & defence,largecap,4.2434,0.629
2026-09-09,15:29,SONACOMS,auto,largecap,1.3308,0.243
2026-09-09,15:29,SONAMLTD,consumer discretionary,smallcap,13.3809,1.6024
2026-09-09,15:29,SOTL,energy,smallcap,-6.9052,1.1819
2026-09-09,15:29,SPECTRUM,industrials,smallcap,15.7575,1.2397
2026-09-09,15:29,SPORTKING,textiles,smallcap,-5.161,0.464
2026-09-09,15:29,SSWL,auto,midcap,2.653,1.0477
2026-09-09,15:29,STLTECH,industrials,largecap,15.6229,1.0581
2026-09-09,15:29,STOVEKRAFT,consumer discretionary,smallcap,0.8108,0.3438
2026-09-09,15:29,SUVEN,healthcare,smallcap,-5.4233,0.9732
2026-09-09,15:29,SWANDEF,transportation,midcap,2.5514,0.1825
2026-09-09,15:29,SYRMA,consumer discretionary,largecap,11.3292,0.6878
2026-09-09,15:29,TALBROAUTO,auto,smallcap,3.1147,0.4985
2026-09-09,15:29,TARSONS,healthcare,smallcap,-4.2319,0.2484
2026-09-09,15:29,TBZ,consumer discretionary,smallcap,9.7224,4.5397
2026-09-09,15:29,TEJASNET,telecom,midcap,-6.2281,0.3328
2026-09-09,15:29,TFCILTD,financials,midcap,-1.0959,0.6301
2026-09-09,15:29,THEMISMED,healthcare,smallcap,10.206,1.1372
2026-09-09,15:29,TMB,bank,midcap,-1.0939,0.2054
2026-09-09,15:29,UNIMECH,aerospace & defence,midcap,5.57,3.3751
2026-09-09,15:29,UNIPARTS,industrials,smallcap,2.2882,0.6885
2026-09-09,15:29,UNIVASTU,realty,smallcap,-2.9642,0.3901
2026-09-09,15:29,UNIVCABLES,industrials,midcap,-2.0745,0.5135
2026-09-09,15:29,UNIVPHOTO,consumer discretionary,smallcap,15.467,0.6715
2026-09-09,15:29,VADILALIND,fmcg,midcap,-2.5212,0.4676
2026-09-09,15:29,VALIANTLAB,healthcare,smallcap,13.0792,1.4924
2026-09-09,15:29,VALIANTORG,chemicals,smallcap,12.256,1.122
2026-09-09,15:29,VARROC,auto,midcap,1.5792,0.5795
2026-09-09,15:29,VENUSPIPES,metals & mining,smallcap,18.3384,3.3154
2026-09-09,15:29,VINDHYATEL,realty,smallcap,6.7223,3.066
2026-09-09,15:29,VISAKAIND,building materials,smallcap,-1.478,0.6828
2026-09-09,15:29,WABAG,realty,midcap,6.2634,5.5294
2026-09-09,15:29,WELCORP,industrials,largecap,0.691,0.801
2026-09-09,15:29,WELENT,realty,midcap,-3.7795,0.5401
2026-09-09,15:29,WELINV,financials,smallcap,4.855,0.046
2026-09-09,15:29,WELSPUNLIV,textiles,midcap,0.8489,1.8742
2026-09-09,15:29,WHEELS,auto,midcap,39.1733,38.5091
2026-09-09,15:29,WOCKPHARMA,healthcare,largecap,7.6651,1.1095
2026-09-09,15:29,YATHARTH,healthcare,midcap,-0.1413,0.4577
2026-09-09,15:29,ZIMLAB,healthcare,smallcap,6.255,1.6976
2026-09-10,15:29,ACMESOLAR,realty,largecap,-4.9641,0.4498
2026-09-10,15:29,ACUTAAS,healthcare,largecap,8.9285,2.4586
2026-09-10,15:29,ADOR,industrials,smallcap,-3.0459,0.5706
2026-09-10,15:29,AEROENTER,metals & mining,smallcap,-4.7952,3.1369
2026-09-10,15:29,AEROFLEX,metals & mining,midcap,4.9772,0.4728
2026-09-10,15:29,AETHER,chemicals,largecap,0.9043,1.0575
2026-09-10,15:29,AKUMS,healthcare,midcap,-2.1025,1.1031
2026-09-10,15:29,ALPHAGEO,miscellaneous,smallcap,-0.633,0.2923
2026-09-10,15:29,AMANTA,healthcare,smallcap,3.9942,1.7e+308
2026-09-10,15:29,ANTELOPUS,energy,smallcap,17.4424,5.516
2026-09-10,15:29,APARINDS,industrials,largecap,-0.4535,0.9546
2026-09-10,15:29,APCOTEXIND,chemicals,smallcap,-4.9882,0.7035
2026-09-10,15:29,APOLLO,aerospace & defence,midcap,6.2484,0.7408
2026-09-10,15:29,APOLLOPIPE,plastic products,smallcap,-5.9081,0.1937
2026-09-10,15:29,ARROWGREEN,plastic products,smallcap,-2.7515,0.303
2026-09-10,15:29,ARVIND,textiles,midcap,3.0473,0.6276
2026-09-10,15:29,ASAHISONG,chemicals,smallcap,0.805,0.4639
2026-09-10,15:29,ASIANENE,energy,smallcap,3.1887,0.5242
2026-09-10,15:29,ATHERENERG,auto,largecap,4.6907,2.0309
2026-09-10,15:29,AVADHSUGAR,fmcg,smallcap,-1.8592,0.6331
2026-09-10,15:29,AVALON,consumer discretionary,midcap,1.384,0.7355
2026-09-10,15:29,AYMSYNTEX,textiles,smallcap,-5.6646,3.261
2026-09-10,15:29,AZAD,aerospace & defence,midcap,-0.1368,0.4733
2026-09-10,15:29,BAFNAPH,healthcare,smallcap,3.9716,0.7294
2026-09-10,15:29,BALAMINES,chemicals,midcap,-7.2311,0.4853
2026-09-10,15:29,BHAGERIA,chemicals,smallcap,-0.5088,0.1652
2026-09-10,15:29,BHAGYANGR,power & utilities,smallcap,16.6689,2.0885
2026-09-10,15:29,BHEL,industrials,largecap,-0.3711,0.3069
2026-09-10,15:29,BIRLACABLE,industrials,smallcap,-0.5046,10.7239
2026-09-10,15:29,BLISSGVS,healthcare,midcap,4.389,0.0887
2026-09-10,15:29,BLSE,i.t,smallcap,-1.078,0.6378
2026-09-10,15:29,BLUESTONE,consumer discretionary,midcap,1.4714,0.2518
2026-09-10,15:29,BLUSPRING,miscellaneous,smallcap,-1.0867,1.5358
2026-09-10,15:29,BODALCHEM,chemicals,smallcap,6.7408,4.7338
2026-09-10,15:29,CALSOFT,i.t,smallcap,-9.9561,3.154
2026-09-10,15:29,CAPLIPOINT,healthcare,largecap,-0.5479,2.0627
2026-09-10,15:29,CENTUM,aerospace & defence,midcap,11.7617,0.3369
2026-09-10,15:29,CGCL,financials,largecap,-2.7331,2.2685
2026-09-10,15:29,CHEMBOND,chemicals,smallcap,32.1358,3.5792
2026-09-10,15:29,CHENNPETRO,energy,largecap,11.9956,1.6061
2026-09-10,15:29,COMSYN,industrials,smallcap,-0.7634,1.4867
2026-09-10,15:29,CONFIPET,miscellaneous,smallcap,6.4985,1.2775
2026-09-10,15:29,CONSOFINVT,financials,smallcap,5.2723,0.1818
2026-09-10,15:29,CORDSCABLE,industrials,smallcap,14.5426,5.174
2026-09-10,15:29,CPPLUS,consumer discretionary,largecap,3.3607,0.8037
2026-09-10,15:29,CRAFTSMAN,auto,largecap,3.9744,1.0133
2026-09-10,15:29,CUPID,fmcg,largecap,-2.0131,0.3213
2026-09-10,15:29,CYIENTDLM,aerospace & defence,midcap,7.7426,0.6957
2026-09-10,15:29,DATAPATTNS,aerospace & defence,largecap,4.1919,0.6302
2026-09-10,15:29,DCBBANK,bank,midcap,2.8948,0.389
2026-09-10,15:29,DCMNVL,textiles,smallcap,-5.2768,0.7105
2026-09-10,15:29,DEEPINDS,energy,midcap,-0.4641,0.6439
2026-09-10,15:29,DIACABS,industrials,largecap,5.9373,0.3123
2026-09-10,15:29,DIFFNKG,industrials,smallcap,-5.338,1.0714
2026-09-10,15:29,DIVGIITTS,auto,smallcap,-5.2193,2.3515
2026-09-10,15:29,DOLPHIN,energy,smallcap,-2.9674,0.2828
2026-09-10,15:29,DYCL,industrials,smallcap,-6.8149,1.5014
2026-09-10,15:29,E2E,i.t,midcap,0.7231,0.2896
2026-09-10,15:29,EBGNG,services,midcap,12.7568,2.7687
2026-09-10,15:29,ELGIRUBCO,fmcg,smallcap,2.0106,0.9628
2026-09-10,15:29,EMAMIPAP,building materials,smallcap,1.57,0.374
2026-09-10,15:29,EMIL,consumer discretionary,midcap,10.4064,2.8746
2026-09-10,15:29,ENTERO,healthcare,midcap,-1.8987,1.0904
2026-09-10,15:29,ESAFSFB,bank,smallcap,-2.4632,0.2062
2026-09-10,15:29,EXICOM,industrials,smallcap,-0.6297,0.5726
2026-09-10,15:29,FCL,chemicals,midcap,13.9779,2.3656
2026-09-10,15:29,FILATEX,textiles,smallcap,-1.8914,0.3411
2026-09-10,15:29,FINCABLES,industrials,largecap,16.2432,4.1365
2026-09-10,15:29,GANDHAR,energy,smallcap,1.3827,1.065
2026-09-10,15:29,GANESHBE,miscellaneous,smallcap,8.2123,0.9572
2026-09-10,15:29,GAYAPROJ,realty,smallcap,13.9706,5.526
2026-09-10,15:29,GCSL,financials,smallcap,3.3017,0.8857
2026-09-10,15:29,GHCLTEXTIL,textiles,smallcap,-3.0573,0.5363
2026-09-10,15:29,GLAND,healthcare,largecap,0.4945,0.9791
2026-09-10,15:29,GLOBAL,services,smallcap,2.582,0.7036
2026-09-10,15:29,GNA,auto,smallcap,0.5263,1.2313
2026-09-10,15:29,GOCLCORP,miscellaneous,smallcap,1.1112,0.4533
2026-09-10,15:29,GULFPETRO,chemicals,smallcap,-0.2579,0.5319
2026-09-10,15:29,HAPPYFORGE,industrials,largecap,-0.2278,0.7474
2026-09-10,15:29,HFCL,telecom,largecap,0.8123,0.2845
2026-09-10,15:29,HIRECT,consumer discretionary,smallcap,2.1679,0.4055
2026-09-10,15:29,HITECHCORP,industrials,smallcap,-1.4095,0.1903
2026-09-10,15:29,HONASA,services,midcap,0.9765,0.4296
2026-09-10,15:29,ICIL,textiles,midcap,-2.301,2.0492
2026-09-10,15:29,IL&FSENGG,realty,smallcap,6.3673,0.8537
2026-09-10,15:29,INDNIPPON,auto,smallcap,18.2007,40.6688
2026-09-10,15:29,INDOBORAX,chemicals,smallcap,-6.108,1.0631
2026-09-10,15:29,INDOTECH,industrials,smallcap,-1.6571,0.1852
2026-09-10,15:29,INDSWFTLAB,healthcare,smallcap,6.0542,0.4501
2026-09-10,15:29,INNOVACAP,healthcare,midcap,-0.6806,0.4793
2026-09-10,15:29,INOXINDIA,industrials,midcap,2.1354,3.9301
2026-09-10,15:29,IOLCP,healthcare,midcap,5.7414,0.9241
2026-09-10,15:29,IRISDOREME,consumer discretionary,smallcap,-2.0289,2.5863
2026-09-10,15:29,IVP,chemicals,smallcap,7.7063,1.4429
2026-09-10,15:29,JGCHEM,chemicals,smallcap,-0.5266,1.9821
2026-09-10,15:29,JINDALSAW,industrials,midcap,3.9961,0.7928
2026-09-10,15:29,JINDWORLD,textiles,midcap,-3.2516,3.1693
2026-09-10,15:29,JTLIND,metals & mining,smallcap,-2.2581,0.9807
2026-09-10,15:29,KABRAEXTRU,industrials,smallcap,22.1704,7.0929
2026-09-10,15:29,KALYANIFRG,industrials,smallcap,-9.9764,2.8061
2026-09-10,15:29,KAMDHENU,metals & mining,smallcap,-0.051,0.3647
2026-09-10,15:29,KANORICHEM,chemicals,smallcap,12.5868,3.2898
2026-09-10,15:29,KAPSTON,miscellaneous,smallcap,0.1541,1.9467
2026-09-10,15:29,KDDL,consumer discretionary,smallcap,-0.5012,0.5478
2026-09-10,15:29,KENNAMET,industrials,midcap,7.239,3.7361
2026-09-10,15:29,KIRLOSENG,industrials,largecap,0.3225,0.5056
2026-09-10,15:29,KMEW,transportation,midcap,-3.8834,0.2894
2026-09-10,15:29,KOPRAN,healthcare,smallcap,1.4105,0.6881
2026-09-10,15:29,KOVAI,healthcare,midcap,3.7856,2.5438
2026-09-10,15:29,KRISHANA,chemicals,smallcap,-0.3422,0.5977
2026-09-10,15:29,KRN,industrials,midcap,0.3737,0.1394
2026-09-10,15:29,KTKBANK,bank,midcap,-2.2199,0.3927
2026-09-10,15:29,LANCORHOL,realty,smallcap,-5.9975,0.6954
2026-09-10,15:29,LAURUSLABS,healthcare,largecap,5.7065,0.5037
2026-09-10,15:29,LOKESHMACH,industrials,smallcap,-4.7586,0.4554
2026-09-10,15:29,MACPOWER,industrials,smallcap,-1.8111,0.4814
2026-09-10,15:29,MAHASTEEL,metals & mining,smallcap,3.8285,0.1253
2026-09-10,15:29,MANAKSTEEL,metals & mining,smallcap,7.1855,0.7458
2026-09-10,15:29,MANALIPETC,energy,smallcap,-0.5648,1.0943
2026-09-10,15:29,MANINDS,metals & mining,midcap,11.147,10.2806
2026-09-10,15:29,MANORAMA,fmcg,midcap,4.5952,1.0289
2026-09-10,15:29,MARALOVER,textiles,smallcap,1.3262,0.6467
2026-09-10,15:29,MARINE,industrials,midcap,-5.3916,0.7206
2026-09-10,15:29,MARKSANS,healthcare,midcap,1.1171,0.6673
2026-09-10,15:29,MAWANASUG,fmcg,smallcap,-6.6905,1.4437
2026-09-10,15:29,MBAPL,chemicals,smallcap,-2.9617,0.7332
2026-09-10,15:29,MENONBE,auto,smallcap,-6.145,0.3593
2026-09-10,15:29,MMFL,industrials,smallcap,2.2219,1.3171
2026-09-10,15:29,MMP,metals & mining,smallcap,10.8004,1.1854
2026-09-10,15:29,MODISONLTD,industrials,smallcap,9.5436,1.4524
2026-09-10,15:29,MOREPENLAB,healthcare,midcap,1.354,1.1373
2026-09-10,15:29,MSTCLTD,i.t,midcap,0.4563,0.6271
2026-09-10,15:29,MWL,metals & mining,smallcap,2.5934,1.7e+308
2026-09-10,15:29,NAVINFLUOR,chemicals,largecap,1.671,0.3024
2026-09-10,15:29,NEOGEN,chemicals,midcap,11.7405,2.5601
2026-09-10,15:29,NEULANDLAB,healthcare,largecap,5.0309,0.9503
2026-09-10,15:29,NILKAMAL,plastic products,smallcap,-1.8474,0.333
2026-09-10,15:29,NITINSPIN,textiles,smallcap,1.6352,0.662
2026-09-10,15:29,NOVARTIND,healthcare,midcap,47.4586,51.3106
2026-09-10,15:29,NRBBEARING,industrials,smallcap,15.4251,3.006
2026-09-10,15:29,NRL,services,smallcap,6.2401,1.4801
2026-09-10,15:29,OAL,chemicals,smallcap,0.9233,2.0171
2026-09-10,15:29,OCCLLTD,chemicals,smallcap,-0.0122,0.1564
2026-09-10,15:29,OFSS,i.t,largecap,-2.7617,0.7136
2026-09-10,15:29,OMAXE,realty,smallcap,-10.2361,0.4995
2026-09-10,15:29,ORCHPHARMA,healthcare,midcap,6.4369,0.3658
2026-09-10,15:29,PAISALO,financials,midcap,12.0783,1.971
2026-09-10,15:29,PANACHE,i.t,smallcap,-1.1429,0.1014
2026-09-10,15:29,PANAMAPET,energy,smallcap,-0.767,0.483
2026-09-10,15:29,PARACABLES,industrials,smallcap,0.2748,0.6253
2026-09-10,15:29,PARAS,aerospace & defence,midcap,2.714,0.4215
2026-09-10,15:29,PGIL,consumer discretionary,midcap,4.3936,1.9828
2026-09-10,15:29,PLAZACABLE,industrials,smallcap,-1.3209,2.614
2026-09-10,15:29,PRECWIRE,metals & mining,midcap,-1.7238,0.4173
2026-09-10,15:29,PREMIERPOL,plastic products,smallcap,-7.7286,0.6951
2026-09-10,15:29,QPOWER,industrials,midcap,-2.4811,0.294
2026-09-10,15:29,QUESS,miscellaneous,midcap,0.0987,0.6045
2026-09-10,15:29,RAIN,miscellaneous,midcap,0.7232,0.9286
2026-09-10,15:29,RAMRAT,metals & mining,smallcap,-4.2629,1.0203
2026-09-10,15:29,RATNAVEER,metals & mining,smallcap,1.9196,1.4779
2026-09-10,15:29,RAYMOND,transportation,midcap,15.2528,4.8142
2026-09-10,15:29,RISHABH,industrials,smallcap,9.6283,1.0768
2026-09-10,15:29,RML,auto,smallcap,8.7198,3.5095
2026-09-10,15:29,ROSSTECH,aerospace & defence,smallcap,4.8761,0.3975
2026-09-10,15:29,RPEL,building materials,midcap,-3.5248,2.1293
2026-09-10,15:29,RUBYMILLS,textiles,smallcap,4.1093,0.6925
2026-09-10,15:29,SAHYADRI,building materials,smallcap,-2.244,1.2445
2026-09-10,15:29,SAILIFE,healthcare,largecap,0.4292,2.0859
2026-09-10,15:29,SAKAR,healthcare,smallcap,10.1982,0.7912
2026-09-10,15:29,SALSTEEL,metals & mining,smallcap,-5.8252,1.2665
2026-09-10,15:29,SANGINITA,chemicals,smallcap,8.2185,0.3965
2026-09-10,15:29,SANSERA,auto,largecap,8.5999,0.7035
2026-09-10,15:29,SBC,textiles,smallcap,5.0044,0.8813
2026-09-10,15:29,SBCL,metals & mining,midcap,-0.8117,0.4009
2026-09-10,15:29,SCPL,fmcg,smallcap,-0.4641,0.0496
2026-09-10,15:29,SEAMECLTD,miscellaneous,smallcap,-1.1541,0.7159
2026-09-10,15:29,SENORES,healthcare,midcap,2.4293,0.2918
2026-09-10,15:29,SETL,industrials,midcap,9.0353,0.6126
2026-09-10,15:29,SGMART,services,midcap,-7.0567,1.7e+308
2026-09-10,15:29,SHAHALLOYS,metals & mining,smallcap,-4.6699,0.3354
2026-09-10,15:29,SHAILY,plastic products,midcap,3.1998,0.3344
2026-09-10,15:29,SHILPAMED,healthcare,midcap,-2.5152,0.7636
2026-09-10,15:29,SHREEJISPG,transportation,midcap,4.8445,1.0983
2026-09-10,15:29,SHREEPUSHK,chemicals,smallcap,3.4403,0.4039
2026-09-10,15:29,SIGMAADV,aerospace & defence,midcap,3.994,0.8811
2026-09-10,15:29,SKYGOLD,consumer discretionary,midcap,6.2512,0.6714
2026-09-10,15:29,SMARTLINK,i.t,smallcap,2.694,1.2427
2026-09-10,15:29,SMLMAH,auto,midcap,-0.3255,0.6744
2026-09-10,15:29,SOFTTECH,i.t,smallcap,2.8004,0.2033
2026-09-10,15:29,SOLARINDS,aerospace & defence,largecap,4.3134,0.3914
2026-09-10,15:29,SONACOMS,auto,largecap,1.8378,0.6739
2026-09-10,15:29,SONAMLTD,consumer discretionary,smallcap,11.695,0.6799
2026-09-10,15:29,SOTL,energy,smallcap,-5.8927,0.8065
2026-09-10,15:29,SPECTRUM,industrials,smallcap,21.542,0.6057
2026-09-10,15:29,SPORTKING,textiles,smallcap,-5.8415,0.4875
2026-09-10,15:29,SSWL,auto,midcap,3.2472,1.0761
2026-09-10,15:29,STLTECH,industrials,largecap,14.1341,0.5458
2026-09-10,15:29,STOVEKRAFT,consumer discretionary,smallcap,0.9008,0.2169
2026-09-10,15:29,SUVEN,healthcare,smallcap,-4.5767,0.3704
2026-09-10,15:29,SWANDEF,transportation,midcap,5.6583,0.1665
2026-09-10,15:29,SYRMA,consumer discretionary,largecap,9.7097,0.4689
2026-09-10,15:29,TALBROAUTO,auto,smallcap,3.0533,0.34
2026-09-10,15:29,TBZ,consumer discretionary,smallcap,4.2425,1.2542
2026-09-10,15:29,TEJASNET,telecom,midcap,-10.4779,0.6604
2026-09-10,15:29,TFCILTD,financials,midcap,-0.0628,0.4775
2026-09-10,15:29,THEMISMED,healthcare,smallcap,9.6745,0.2987
2026-09-10,15:29,TIRUPATIFL,industrials,smallcap,2.071,0.2954
2026-09-10,15:29,TMB,bank,midcap,-0.9437,0.1538
2026-09-10,15:29,UNIMECH,aerospace & defence,midcap,4.3522,1.1105
2026-09-10,15:29,UNIPARTS,industrials,smallcap,2.2653,0.9989
2026-09-10,15:29,UNIVASTU,realty,smallcap,-4.776,0.3524
2026-09-10,15:29,UNIVCABLES,industrials,midcap,-1.2307,0.3651
2026-09-10,15:29,UNIVPHOTO,consumer discretionary,smallcap,10.2162,0.1444
2026-09-10,15:29,VADILALIND,fmcg,midcap,-5.2057,1.0135
2026-09-10,15:29,VALIANTLAB,healthcare,smallcap,17.7692,3.5932
2026-09-10,15:29,VALIANTORG,chemicals,smallcap,17.861,4.0934
2026-09-10,15:29,VARROC,auto,midcap,7.0249,5.0958
2026-09-10,15:29,VENUSPIPES,metals & mining,smallcap,19.5034,1.9685
2026-09-10,15:29,VINDHYATEL,realty,smallcap,3.1324,1.1412
2026-09-10,15:29,VISAKAIND,building materials,smallcap,-1.5637,1.0243
2026-09-10,15:29,VSSL,metals & mining,smallcap,7.6479,51.0777
2026-09-10,15:29,WABAG,realty,midcap,10.2977,2.8276
2026-09-10,15:29,WELCORP,industrials,largecap,7.1914,4.4188
2026-09-10,15:29,WELENT,realty,midcap,-1.9235,1.0248
2026-09-10,15:29,WELINV,financials,smallcap,5.124,0.099
2026-09-10,15:29,WELSPUNLIV,textiles,midcap,0.9544,0.4394
2026-09-10,15:29,WHEELS,auto,midcap,34.0947,14.5454
2026-09-10,15:29,WOCKPHARMA,healthcare,largecap,6.3149,0.551
2026-09-10,15:29,WSTCSTPAPR,building materials,smallcap,9.2041,3.9468
2026-09-10,15:29,YATHARTH,healthcare,midcap,-1.4025,0.4944
2026-09-10,15:29,ZIMLAB,healthcare,smallcap,8.7092,4.5045
2026-09-11,15:29,3IINFOLTD,i.t,smallcap,2.1457,0.6086
2026-09-11,15:29,ACMESOLAR,realty,largecap,-3.756,0.7461
2026-09-11,15:29,ACUTAAS,healthcare,largecap,6.7919,0.8018
2026-09-11,15:29,ADOR,industrials,smallcap,-4.2224,0.8252
2026-09-11,15:29,AEGISLOG,services,largecap,6.5659,0.8871
2026-09-11,15:29,AEROENTER,metals & mining,smallcap,-3.3284,1.7196
2026-09-11,15:29,AEROFLEX,metals & mining,midcap,4.9307,0.5237
2026-09-11,15:29,AETHER,chemicals,largecap,3.0204,1.0618
2026-09-11,15:29,AKUMS,healthcare,midcap,1.3843,1.5146
2026-09-11,15:29,ALPHAGEO,miscellaneous,smallcap,-4.1995,0.4201
2026-09-11,15:29,AMANTA,healthcare,smallcap,1.9172,1.7e+308
2026-09-11,15:29,ANTELOPUS,energy,smallcap,19.0357,7.4903
2026-09-11,15:29,APARINDS,industrials,largecap,0.4535,1.4053
2026-09-11,15:29,APCOTEXIND,chemicals,smallcap,-5.4052,0.7977
2026-09-11,15:29,APOLLO,aerospace & defence,midcap,8.5755,0.7758
2026-09-11,15:29,APOLLOPIPE,plastic products,smallcap,-8.2961,0.488
2026-09-11,15:29,ARROWGREEN,plastic products,smallcap,-0.1351,0.3361
2026-09-11,15:29,ARVIND,textiles,midcap,4.0058,0.6962
2026-09-11,15:29,ASAHISONG,chemicals,smallcap,-2.3346,0.9129
2026-09-11,15:29,ASIANENE,energy,smallcap,3.411,1.6061
2026-09-11,15:29,ATHERENERG,auto,largecap,4.5455,1.2233
2026-09-11,15:29,AVADHSUGAR,fmcg,smallcap,-4.929,1.6523
2026-09-11,15:29,AVALON,consumer discretionary,midcap,3.0911,0.8829
2026-09-11,15:29,AYMSYNTEX,textiles,smallcap,-9.3499,2.0242
2026-09-11,15:29,AZAD,aerospace & defence,midcap,2.5852,1.2445
2026-09-11,15:29,BAFNAPH,healthcare,smallcap,1.8929,0.9265
2026-09-11,15:29,BALAMINES,chemicals,midcap,-9.8487,0.5637
2026-09-11,15:29,BHAGERIA,chemicals,smallcap,4.0702,1.8682
2026-09-11,15:29,BHAGYANGR,power & utilities,smallcap,14.064,2.295
2026-09-11,15:29,BHEL,industrials,largecap,-0.0232,0.5065
2026-09-11,15:29,BIRLACABLE,industrials,smallcap,4.196,10.9964
2026-09-11,15:29,BLISSGVS,healthcare,midcap,7.4441,0.0794
2026-09-11,15:29,BLSE,i.t,smallcap,-2.2653,0.6088
2026-09-11,15:29,BLUESTONE,consumer discretionary,midcap,5.6482,0.8217
2026-09-11,15:29,BLUSPRING,miscellaneous,smallcap,-5.3829,0.713
2026-09-11,15:29,BODALCHEM,chemicals,smallcap,10.7827,12.1268
2026-09-11,15:29,CALSOFT,i.t,smallcap,-5.4661,2.6386
2026-09-11,15:29,CAPLIPOINT,healthcare,largecap,-1.9888,0.8633
2026-09-11,15:29,CENTUM,aerospace & defence,midcap,11.2733,0.4287
2026-09-11,15:29,CHEMBOND,chemicals,smallcap,27.0451,1.1959
2026-09-11,15:29,CHEMBONDCH,chemicals,smallcap,3.0458,0.4503
2026-09-11,15:29,CHENNPETRO,energy,largecap,8.3115,1.2426
2026-09-11,15:29,COMSYN,industrials,smallcap,-0.7136,0.2289
2026-09-11,15:29,CONFIPET,miscellaneous,smallcap,8.1717,1.8623
2026-09-11,15:29,CONSOFINVT,financials,smallcap,4.5786,0.1225
2026-09-11,15:29,CORDSCABLE,industrials,smallcap,17.7918,6.9788
2026-09-11,15:29,CPPLUS,consumer discretionary,largecap,3.2635,0.6019
2026-09-11,15:29,CRAFTSMAN,auto,largecap,2.3776,0.7571
2026-09-11,15:29,CUPID,fmcg,largecap,-1.1125,0.3587
2026-09-11,15:29,CYIENTDLM,aerospace & defence,midcap,5.5371,0.7768
2026-09-11,15:29,DATAPATTNS,aerospace & defence,largecap,5.3261,0.6363
2026-09-11,15:29,DCBBANK,bank,midcap,2.5505,0.5232
2026-09-11,15:29,DCMNVL,textiles,smallcap,-3.3467,1.0058
2026-09-11,15:29,DEEPINDS,energy,smallcap,-1.5322,1.3521
2026-09-11,15:29,DIACABS,industrials,largecap,11.2266,0.3976
2026-09-11,15:29,DIFFNKG,industrials,smallcap,-5.3485,0.6377
2026-09-11,15:29,DIVGIITTS,auto,smallcap,-3.8437,1.3852
2026-09-11,15:29,DOLPHIN,energy,smallcap,-3.7092,0.5606
2026-09-11,15:29,DYCL,industrials,smallcap,-6.6509,0.6961
2026-09-11,15:29,DYNAMATECH,aerospace & defence,midcap,3.8013,2.3138
2026-09-11,15:29,E2E,i.t,midcap,1.4629,0.4495
2026-09-11,15:29,EBGNG,services,midcap,13.0395,1.1226
2026-09-11,15:29,EMAMIPAP,building materials,smallcap,0.069,0.2616
2026-09-11,15:29,EMIL,consumer discretionary,midcap,8.4264,0.9555
2026-09-11,15:29,ENTERO,healthcare,midcap,-0.6675,0.648
2026-09-11,15:29,ESAFSFB,bank,smallcap,-4.3468,0.3955
2026-09-11,15:29,EXICOM,industrials,smallcap,2.4909,0.7935
2026-09-11,15:29,FCL,chemicals,midcap,12.0559,1.8176
2026-09-11,15:29,FILATEX,textiles,smallcap,12.4678,18.8003
2026-09-11,15:29,FINCABLES,industrials,largecap,16.7022,5.7767
2026-09-11,15:29,GANDHAR,energy,smallcap,1.9058,0.5335
2026-09-11,15:29,GANESHBE,miscellaneous,smallcap,6.8165,0.3625
2026-09-11,15:29,GAYAPROJ,realty,smallcap,19.6232,6.6147
2026-09-11,15:29,GCSL,financials,smallcap,0.9325,3.1442
2026-09-11,15:29,GHCLTEXTIL,textiles,smallcap,-4.3593,1.1664
2026-09-11,15:29,GLAND,healthcare,largecap,-0.3444,1.0302
2026-09-11,15:29,GLOBAL,services,smallcap,5.3632,1.5528
2026-09-11,15:29,GNA,auto,smallcap,0.0091,1.2108
2026-09-11,15:29,GOCLCORP,miscellaneous,smallcap,3.2986,1.1189
2026-09-11,15:29,GULFPETRO,chemicals,smallcap,-2.7765,0.8864
2026-09-11,15:29,HAPPYFORGE,industrials,largecap,-3.1048,0.838
2026-09-11,15:29,HFCL,telecom,largecap,0.9722,0.3027
2026-09-11,15:29,HIRECT,consumer discretionary,smallcap,1.8815,0.3668
2026-09-11,15:29,HITECHCORP,industrials,smallcap,-0.7418,0.2422
2026-09-11,15:29,HONASA,services,midcap,0.0212,0.4445
2026-09-11,15:29,ICIL,textiles,midcap,-1.4562,0.539
2026-09-11,15:29,IL&FSENGG,realty,smallcap,4.8708,1.9567
2026-09-11,15:29,INDNIPPON,auto,smallcap,17.3286,3.9257
2026-09-11,15:29,INDOBORAX,chemicals,smallcap,-5.8944,0.5585
2026-09-11,15:29,INDSWFTLAB,healthcare,smallcap,8.2596,0.6819
2026-09-11,15:29,INNOVACAP,healthcare,midcap,-2.3992,0.6499
2026-09-11,15:29,INOXINDIA,industrials,largecap,-0.0534,1.1255
2026-09-11,15:29,IOLCP,healthcare,midcap,-2.8207,1.4585
2026-09-11,15:29,IRISDOREME,consumer discretionary,smallcap,-3.3187,0.8019
2026-09-11,15:29,IVP,chemicals,smallcap,5.4736,0.9863
2026-09-11,15:29,JGCHEM,chemicals,smallcap,-1.0198,1.4293
2026-09-11,15:29,JINDALSAW,industrials,midcap,2.1782,0.4413
2026-09-11,15:29,JINDWORLD,textiles,midcap,-8.0508,2.1619
2026-09-11,15:29,JTLIND,metals & mining,smallcap,-3.2617,0.5296
2026-09-11,15:29,KABRAEXTRU,industrials,smallcap,24.864,4.3273
2026-09-11,15:29,KALYANIFRG,industrials,smallcap,-5.4947,2.2123
2026-09-11,15:29,KAMDHENU,metals & mining,smallcap,-0.3823,0.6029
2026-09-11,15:29,KANORICHEM,chemicals,smallcap,9.0512,2.7787
2026-09-11,15:29,KAPSTON,miscellaneous,smallcap,0.7106,1.5948
2026-09-11,15:29,KDDL,consumer discretionary,smallcap,-0.7441,0.6757
2026-09-11,15:29,KENNAMET,industrials,midcap,-0.1301,3.5711
2026-09-11,15:29,KMEW,transportation,midcap,-5.4131,0.5244
2026-09-11,15:29,KOPRAN,healthcare,smallcap,1.1697,0.9801
2026-09-11,15:29,KOVAI,healthcare,midcap,2.3258,0.7408
2026-09-11,15:29,KRISHANA,chemicals,smallcap,-2.4276,0.3215
2026-09-11,15:29,KRN,industrials,midcap,0.9438,0.2985
2026-09-11,15:29,KTKBANK,bank,midcap,-4.337,0.5759
2026-09-11,15:29,LANCORHOL,realty,smallcap,-8.4263,1.047
2026-09-11,15:29,LAURUSLABS,healthcare,largecap,7.0109,1.0719
2026-09-11,15:29,LOKESHMACH,industrials,smallcap,-4.7861,0.4827
2026-09-11,15:29,LUMAXTECH,auto,midcap,2.1415,0.6348
2026-09-11,15:29,MACPOWER,industrials,smallcap,-3.2495,0.638
2026-09-11,15:29,MAHASTEEL,metals & mining,smallcap,-0.499,0.2401
2026-09-11,15:29,MANAKSTEEL,metals & mining,smallcap,9.8882,2.2098
2026-09-11,15:29,MANALIPETC,energy,smallcap,-2.1093,1.532
2026-09-11,15:29,MANINDS,metals & mining,midcap,9.8345,5.1678
2026-09-11,15:29,MANORAMA,fmcg,midcap,3.1253,0.5707
2026-09-11,15:29,MARALOVER,textiles,smallcap,0.9381,0.4179
2026-09-11,15:29,MARINE,industrials,midcap,-3.0082,1.1696
2026-09-11,15:29,MARKSANS,healthcare,midcap,0.811,0.8412
2026-09-11,15:29,MBAPL,chemicals,smallcap,-3.1604,0.5531
2026-09-11,15:29,MENONBE,auto,smallcap,-7.4362,0.4628
2026-09-11,15:29,MMFL,industrials,smallcap,0.2539,0.4365
2026-09-11,15:29,MMP,metals & mining,smallcap,16.2811,2.2
2026-09-11,15:29,MODISONLTD,industrials,smallcap,7.0433,0.7828
2026-09-11,15:29,MOREPENLAB,healthcare,midcap,1.7936,1.7627
2026-09-11,15:29,MPSLTD,i.t,smallcap,-1.8955,0.7113
2026-09-11,15:29,MSTCLTD,i.t,midcap,0.5925,0.5981
2026-09-11,15:29,MWL,metals & mining,smallcap,5.2904,1.7e+308
2026-09-11,15:29,NAVINFLUOR,chemicals,largecap,-0.1636,0.3992
2026-09-11,15:29,NELCO,telecom,smallcap,3.9506,0.6065
2026-09-11,15:29,NEOGEN,chemicals,midcap,10.9968,2.53
2026-09-11,15:29,NEULANDLAB,healthcare,largecap,3.8614,0.7565
2026-09-11,15:29,NILKAMAL,plastic products,smallcap,-3.1042,0.6754
2026-09-11,15:29,NITINSPIN,textiles,smallcap,1.8778,0.2214
2026-09-11,15:29,NOVARTIND,healthcare,midcap,45.2177,9.7822
2026-09-11,15:29,NRBBEARING,industrials,smallcap,15.1342,1.4987
2026-09-11,15:29,NRL,services,smallcap,4.8377,0.5095
2026-09-11,15:29,OAL,chemicals,smallcap,2.3466,1.3357
2026-09-11,15:29,OCCLLTD,chemicals,smallcap,-2.7573,0.4267
2026-09-11,15:29,OFSS,i.t,largecap,-2.4465,1.0459
2026-09-11,15:29,OMAXE,realty,smallcap,-9.0922,0.7135
2026-09-11,15:29,ORCHPHARMA,healthcare,midcap,5.0699,0.5819
2026-09-11,15:29,PAISALO,financials,midcap,13.6707,1.5632
2026-09-11,15:29,PANACHE,i.t,smallcap,-1.1429,0.0967
2026-09-11,15:29,PANAMAPET,energy,smallcap,-2.4826,0.5602
2026-09-11,15:29,PARAS,aerospace & defence,midcap,1.463,0.3972
2026-09-11,15:29,PLAZACABLE,industrials,smallcap,2.6908,4.0622
2026-09-11,15:29,PRECWIRE,metals & mining,midcap,-2.1679,0.5363
2026-09-11,15:29,PREMIERPOL,plastic products,smallcap,-9.9098,0.8203
2026-09-11,15:29,QPOWER,industrials,midcap,-4.6011,0.5074
2026-09-11,15:29,QUADFUTURE,industrials,smallcap,14.5011,8.6755
2026-09-11,15:29,QUESS,miscellaneous,midcap,-1.9027,0.5513
2026-09-11,15:29,RACLGEAR,auto,smallcap,11.4587,13.7043
2026-09-11,15:29,RAIN,miscellaneous,midcap,0.1159,0.9762
2026-09-11,15:29,RAMRAT,metals & mining,smallcap,-5.0388,0.5335
2026-09-11,15:29,RATNAVEER,metals & mining,smallcap,-5.3979,1.6741
2026-09-11,15:29,RAYMOND,transportation,midcap,35.358,21.6369
2026-09-11,15:29,RISHABH,industrials,smallcap,12.3434,1.4111
2026-09-11,15:29,RML,auto,smallcap,4.9464,1.3449
2026-09-11,15:29,ROSSTECH,aerospace & defence,smallcap,5.5454,0.7061
2026-09-11,15:29,RPEL,building materials,midcap,2.1027,1.7009
2026-09-11,15:29,RPTECH,i.t,midcap,-0.4856,0.5775
2026-09-11,15:29,RSWM,textiles,smallcap,-1.0878,0.3986
2026-09-11,15:29,RUBYMILLS,textiles,smallcap,6.2573,0.2571
2026-09-11,15:29,SAHYADRI,building materials,smallcap,-0.3188,1.8019
2026-09-11,15:29,SAILIFE,healthcare,largecap,0.0442,2.0693
2026-09-11,15:29,SAKAR,healthcare,smallcap,14.2667,1.5614
2026-09-11,15:29,SALSTEEL,metals & mining,smallcap,-8.0619,1.8353
2026-09-11,15:29,SANGINITA,chemicals,smallcap,10.3697,0.1465
2026-09-11,15:29,SANSERA,auto,largecap,9.1815,0.5721
2026-09-11,15:29,SBC,textiles,smallcap,5.6163,0.7256
2026-09-11,15:29,SBCL,metals & mining,midcap,-3.0417,0.4782
2026-09-11,15:29,SCPL,fmcg,smallcap,0.0541,0.1089
2026-09-11,15:29,SEAMECLTD,miscellaneous,smallcap,-0.2899,1.9237
2026-09-11,15:29,SENORES,healthcare,midcap,2.7233,0.4317
2026-09-11,15:29,SETL,industrials,midcap,14.4761,5.1139
2026-09-11,15:29,SGMART,services,midcap,-8.9482,1.7e+308
2026-09-11,15:29,SHAILY,plastic products,midcap,0.0366,0.6262
2026-09-11,15:29,SHANTIGEAR,industrials,midcap,14.9899,1.2844
2026-09-11,15:29,SHILPAMED,healthcare,midcap,-0.3112,1.6356
2026-09-11,15:29,SHREEJISPG,transportation,midcap,1.7055,0.8527
2026-09-11,15:29,SIGMAADV,aerospace & defence,midcap,9.1881,1.2866
2026-09-11,15:29,SKYGOLD,consumer discretionary,midcap,5.8801,0.3909
2026-09-11,15:29,SMARTLINK,i.t,smallcap,7.7125,1.7573
2026-09-11,15:29,SMLMAH,auto,midcap,4.5169,1.0519
2026-09-11,15:29,SOFTTECH,i.t,smallcap,6.9006,1.1975
2026-09-11,15:29,SOLARINDS,aerospace & defence,largecap,3.9403,0.99
2026-09-11,15:29,SONACOMS,auto,largecap,-0.1267,0.3718
2026-09-11,15:29,SONAMLTD,consumer discretionary,smallcap,10.723,0.3334
2026-09-11,15:29,SOTL,energy,smallcap,-3.3075,1.4381
2026-09-11,15:29,SPECTRUM,industrials,smallcap,27.6178,2.6274
2026-09-11,15:29,SPORTKING,textiles,smallcap,-6.304,0.4907
2026-09-11,15:29,SSWL,auto,midcap,2.4319,1.8726
2026-09-11,15:29,STLTECH,industrials,largecap,19.8291,0.5835
2026-09-11,15:29,STOVEKRAFT,consumer discretionary,smallcap,-2.12,0.4741
2026-09-11,15:29,SUBEXLTD,i.t,smallcap,20.3704,12.8679
2026-09-11,15:29,SUVEN,healthcare,smallcap,-5.9392,0.4604
2026-09-11,15:29,SWANDEF,transportation,midcap,8.2414,0.153
2026-09-11,15:29,SYRMA,consumer discretionary,largecap,9.0578,0.4079
2026-09-11,15:29,TALBROAUTO,auto,smallcap,3.924,0.7746
2026-09-11,15:29,TBZ,consumer discretionary,smallcap,9.452,2.1345
2026-09-11,15:29,TEJASNET,telecom,midcap,-10.0138,0.3989
2026-09-11,15:29,TFCILTD,financials,midcap,-1.2355,0.7202
2026-09-11,15:29,THEMISMED,healthcare,smallcap,6.5022,0.4116
2026-09-11,15:29,TMB,bank,midcap,-2.3111,0.2682
2026-09-11,15:29,UNIMECH,aerospace & defence,midcap,7.1405,2.4715
2026-09-11,15:29,UNIPARTS,industrials,smallcap,2.6772,0.8059
2026-09-11,15:29,UNITEDPOLY,textiles,smallcap,3.8886,1.0833
2026-09-11,15:29,UNIVASTU,realty,smallcap,-9.1125,0.7745
2026-09-11,15:29,UNIVCABLES,industrials,midcap,-5.3162,0.7237
2026-09-11,15:29,UNIVPHOTO,consumer discretionary,smallcap,10.1448,0.0795
2026-09-11,15:29,VALIANTLAB,healthcare,smallcap,20.704,3.0158
2026-09-11,15:29,VALIANTORG,chemicals,smallcap,23.7471,2.3788
2026-09-11,15:29,VARROC,auto,midcap,5.5243,1.683
2026-09-11,15:29,VENUSPIPES,metals & mining,smallcap,23.8565,3.4206
2026-09-11,15:29,VINDHYATEL,realty,smallcap,2.9568,1.1918
2026-09-11,15:29,VISAKAIND,building materials,smallcap,-3.1273,0.6711
2026-09-11,15:29,VSSL,metals & mining,smallcap,9.1446,3.7677
2026-09-11,15:29,WABAG,realty,midcap,13.594,4.9118
2026-09-11,15:29,WELCORP,industrials,largecap,3.3197,1.2614
2026-09-11,15:29,WELENT,realty,midcap,-3.3677,0.8395
2026-09-11,15:29,WELINV,financials,smallcap,4.0929,0.0841
2026-09-11,15:29,WELSPUNLIV,textiles,midcap,-0.3981,0.6198
2026-09-11,15:29,WHEELS,auto,midcap,29.2887,2.1045
2026-09-11,15:29,WOCKPHARMA,healthcare,largecap,4.3424,0.8792
2026-09-11,15:29,WSTCSTPAPR,building materials,smallcap,9.7732,2.0168
2026-09-11,15:29,YASHO,chemicals,midcap,1.2917,2.9168
2026-09-11,15:29,ZIMLAB,healthcare,smallcap,10.9323,1.17
2026-09-15,15:29,3IINFOLTD,i.t,smallcap,4.9891,1.1898
2026-09-15,15:29,ACMESOLAR,realty,largecap,4.4991,3.1683
2026-09-15,15:29,ADOR,industrials,smallcap,-3.4607,0.8551
2026-09-15,15:29,AEGISLOG,services,largecap,-2.2237,0.5106
2026-09-15,15:29,AEROFLEX,metals & mining,midcap,-9.992,0.9195
2026-09-15,15:29,AETHER,chemicals,largecap,-5.4696,1.2163
2026-09-15,15:29,AKUMS,healthcare,midcap,-1.3782,1.3096
2026-09-15,15:29,ALPHAGEO,miscellaneous,smallcap,-3.6745,0.4326
2026-09-15,15:29,AMANTA,healthcare,smallcap,-1.9975,0.0892
2026-09-15,15:29,ANTELOPUS,energy,smallcap,-7.1576,2.0154
2026-09-15,15:29,APARINDS,industrials,largecap,-5.4286,0.8348
2026-09-15,15:29,ARROWGREEN,plastic products,smallcap,3.1427,3.8571
2026-09-15,15:29,ARVIND,textiles,midcap,-4.2601,2.3191
2026-09-15,15:29,ASAHISONG,chemicals,smallcap,-2.5828,0.3594
2026-09-15,15:29,ASIANENE,energy,smallcap,-9.316,2.8275
2026-09-15,15:29,ATHERENERG,auto,largecap,-5.2838,0.9364
2026-09-15,15:29,AVADHSUGAR,fmcg,smallcap,-4.7947,1.7377
2026-09-15,15:29,AVALON,consumer discretionary,midcap,-4.5838,0.9398
2026-09-15,15:29,AYMSYNTEX,textiles,smallcap,-4.4559,1.5833
2026-09-15,15:29,AZAD,aerospace & defence,midcap,-5.0613,1.1666
2026-09-15,15:29,BAFNAPH,healthcare,smallcap,1.9406,0.9593
2026-09-15,15:29,BHAGERIA,chemicals,smallcap,-3.3275,0.8301
2026-09-15,15:29,BHAGYANGR,power & utilities,smallcap,-4.1534,0.7763
2026-09-15,15:29,BIRLACABLE,industrials,smallcap,-3.6702,10.8293
2026-09-15,15:29,BLISSGVS,healthcare,midcap,-4.9934,0.0905
2026-09-15,15:29,BLSE,i.t,smallcap,-0.8632,0.516
2026-09-15,15:29,BLUESTONE,consumer discretionary,midcap,-6.9411,0.5958
2026-09-15,15:29,BLUSPRING,miscellaneous,smallcap,-4.7232,0.3943
2026-09-15,15:29,BODALCHEM,chemicals,smallcap,2.471,4.6264
2026-09-15,15:29,CALSOFT,i.t,smallcap,-2.2716,3.6421
2026-09-15,15:29,CENTUM,aerospace & defence,midcap,-4.3273,0.6663
2026-09-15,15:29,CHEMBOND,chemicals,smallcap,-9.9484,2.3912
2026-09-15,15:29,CHEMBONDCH,chemicals,smallcap,0.9725,0.8196
2026-09-15,15:29,CHENNPETRO,energy,largecap,-6.4276,0.8759
2026-09-15,15:29,COMSYN,industrials,smallcap,-3.1255,0.6657
2026-09-15,15:29,CONFIPET,miscellaneous,smallcap,-3.497,1.907
2026-09-15,15:29,CONSOFINVT,financials,smallcap,0.1658,0.4718
2026-09-15,15:29,CORDSCABLE,industrials,smallcap,-5.1285,2.4021
2026-09-15,15:29,CPPLUS,consumer discretionary,largecap,-4.2374,0.682
2026-09-15,15:29,CUPID,fmcg,largecap,1.5714,0.3669
2026-09-15,15:29,CYIENTDLM,aerospace & defence,midcap,-2.3994,0.721
2026-09-15,15:29,DCBBANK,bank,midcap,-1.9791,0.3548
2026-09-15,15:29,DCMNVL,textiles,smallcap,-3.4514,0.7335
2026-09-15,15:29,DEEPINDS,energy,smallcap,-5.6818,1.2911
2026-09-15,15:29,DIACABS,industrials,largecap,4.9993,0.428
2026-09-15,15:29,DIFFNKG,industrials,smallcap,-4.9499,1.1866
2026-09-15,15:29,DIVGIITTS,auto,smallcap,-6.9006,1.1509
2026-09-15,15:29,DOLPHIN,energy,smallcap,0.3159,0.4402
2026-09-15,15:29,E2E,i.t,midcap,-4.9971,0.4331
2026-09-15,15:29,EBGNG,services,midcap,-1.2065,2.8131
2026-09-15,15:29,EMAMIPAP,building materials,smallcap,-2.5862,0.4732
2026-09-15,15:29,EMIL,consumer discretionary,midcap,-1.7624,0.5765
2026-09-15,15:29,ENTERO,healthcare,midcap,-0.7326,0.9477
2026-09-15,15:29,EXICOM,industrials,smallcap,-7.5982,0.7684
2026-09-15,15:29,FCL,chemicals,midcap,-6.6528,2.2771
2026-09-15,15:29,FILATEX,textiles,smallcap,-5.7202,3.9865
2026-09-15,15:29,FINCABLES,industrials,largecap,-5.9059,2.1604
2026-09-15,15:29,GANDHAR,energy,smallcap,-4.4921,0.6303
2026-09-15,15:29,GANESHBE,miscellaneous,smallcap,-4.771,0.3652
2026-09-15,15:29,GAYAPROJ,realty,smallcap,0.461,8.605
2026-09-15,15:29,GCSL,financials,smallcap,0.1415,4.2389
2026-09-15,15:29,GLAND,healthcare,largecap,-0.9171,1.3129
2026-09-15,15:29,GLOBAL,services,smallcap,-0.5358,0.7445
2026-09-15,15:29,GOCLCORP,miscellaneous,smallcap,-1.3362,1.1468
2026-09-15,15:29,GULFPETRO,chemicals,smallcap,-4.7909,1.4224
2026-09-15,15:29,HAPPYFORGE,industrials,largecap,-4.3661,0.949
2026-09-15,15:29,HFCL,telecom,largecap,-4.9981,0.178
2026-09-15,15:29,HITECHCORP,industrials,smallcap,-1.9731,0.5206
2026-09-15,15:29,ICIL,textiles,midcap,-3.6435,0.342
2026-09-15,15:29,IL&FSENGG,realty,smallcap,1.6347,0.8087
2026-09-15,15:29,INDNIPPON,auto,smallcap,-5.8798,1.3763
2026-09-15,15:29,INDOBORAX,chemicals,smallcap,-4.9015,0.4589
2026-09-15,15:29,INDSWFTLAB,healthcare,smallcap,-1.7127,0.4408
2026-09-15,15:29,INNOVACAP,healthcare,midcap,-0.6189,3.1585
2026-09-15,15:29,IOLCP,healthcare,midcap,-7.6115,1.5782
2026-09-15,15:29,IRISDOREME,consumer discretionary,smallcap,-5.4986,0.9395
2026-09-15,15:29,IVP,chemicals,smallcap,-2.1821,0.4285
2026-09-15,15:29,JGCHEM,chemicals,smallcap,-4.628,1.0655
2026-09-15,15:29,JINDALSAW,industrials,midcap,-7.357,0.607
2026-09-15,15:29,JTLIND,metals & mining,smallcap,-7.0027,0.7938
2026-09-15,15:29,KABRAEXTRU,industrials,smallcap,-9.9979,2.7949
2026-09-15,15:29,KALYANIFRG,industrials,smallcap,2.217,1.9637
2026-09-15,15:29,KAMDHENU,metals & mining,smallcap,-1.1,0.3035
2026-09-15,15:29,KANORICHEM,chemicals,smallcap,4.9988,2.1724
2026-09-15,15:29,KAPSTON,miscellaneous,smallcap,-4.2078,1.1297
2026-09-15,15:29,KDDL,consumer discretionary,smallcap,-3.2304,0.7861
2026-09-15,15:29,KENNAMET,industrials,midcap,-8.8843,2.5267
2026-09-15,15:29,KMEW,transportation,midcap,-4.8341,0.4399
2026-09-15,15:29,KOPRAN,healthcare,smallcap,6.2229,33.8346
2026-09-15,15:29,KOVAI,healthcare,midcap,-2.9741,1.8289
2026-09-15,15:29,KRISHANA,chemicals,smallcap,-1.3693,0.68
2026-09-15,15:29,KRN,industrials,midcap,-4.995,0.3684
2026-09-15,15:29,KTKBANK,bank,midcap,-2.8892,0.9473
2026-09-15,15:29,LANCORHOL,realty,smallcap,-2.4628,0.2582
2026-09-15,15:29,LAURUSLABS,healthcare,largecap,-2.1381,0.7242
2026-09-15,15:29,LUMAXTECH,auto,midcap,-0.1204,0.8975
2026-09-15,15:29,MACPOWER,industrials,smallcap,2.1324,1.5844
2026-09-15,15:29,MAHASTEEL,metals & mining,smallcap,1.4419,0.525
2026-09-15,15:29,MANAKSTEEL,metals & mining,smallcap,-4.9953,0.8431
2026-09-15,15:29,MANALIPETC,energy,smallcap,-5.5811,1.227
2026-09-15,15:29,MANINDS,metals & mining,midcap,-6.6851,1.1693
2026-09-15,15:29,MANORAMA,fmcg,midcap,-3.3371,0.7181
2026-09-15,15:29,MARINE,industrials,midcap,-10.1157,1.8457
2026-09-15,15:29,MARKSANS,healthcare,midcap,-5.0243,1.1814
2026-09-15,15:29,MBAPL,chemicals,smallcap,-3.1392,1.0896
2026-09-15,15:29,MBECL,realty,smallcap,5,0.0084
2026-09-15,15:29,MENONBE,auto,smallcap,2.3025,0.6144
2026-09-15,15:29,MMFL,industrials,smallcap,-5.9997,1.2197
2026-09-15,15:29,MMP,metals & mining,smallcap,-2.6067,1.576
2026-09-15,15:29,MODISONLTD,industrials,smallcap,-4.9498,0.6539
2026-09-15,15:29,MOREPENLAB,healthcare,midcap,-8.257,2.1288
2026-09-15,15:29,MSTCLTD,i.t,midcap,-5.0572,0.7441
2026-09-15,15:29,MWL,metals & mining,smallcap,1.0591,1.7e+308
2026-09-15,15:29,NAVINFLUOR,chemicals,largecap,-3.6929,0.5132
2026-09-15,15:29,NEOGEN,chemicals,midcap,-2.6422,1.6387
2026-09-15,15:29,NEULANDLAB,healthcare,largecap,-3.9941,0.941
2026-09-15,15:29,NILKAMAL,plastic products,smallcap,-1.6043,0.5497
2026-09-15,15:29,NITINSPIN,textiles,smallcap,-1.2134,0.6393
2026-09-15,15:29,NOVARTIND,healthcare,midcap,-8.5017,2.8864
2026-09-15,15:29,NRBBEARING,industrials,smallcap,-6.5676,1.0788
2026-09-15,15:29,NRL,services,smallcap,1.721,1.505
2026-09-15,15:29,OAL,chemicals,smallcap,-3.9748,3.0978
2026-09-15,15:29,OFSS,i.t,largecap,0.34,0.9803
2026-09-15,15:29,OMAXE,realty,smallcap,-4.7911,0.5366
2026-09-15,15:29,PAISALO,financials,midcap,0.2849,1.366
2026-09-15,15:29,PANACHE,i.t,smallcap,1.9268,0.4637
2026-09-15,15:29,PARAS,aerospace & defence,midcap,-6.715,0.7192
2026-09-15,15:29,PGIL,consumer discretionary,midcap,-3.8983,0.2802
2026-09-15,15:29,PLAZACABLE,industrials,smallcap,-2.525,2.9919
2026-09-15,15:29,PRECWIRE,metals & mining,midcap,-4.8643,0.4153
2026-09-15,15:29,PREMIERPOL,plastic products,smallcap,-4.6677,1.3092
2026-09-15,15:29,QPOWER,industrials,midcap,-4.9983,0.5788
2026-09-15,15:29,QUADFUTURE,industrials,smallcap,1.2748,3.3177
2026-09-15,15:29,QUESS,miscellaneous,midcap,-1.6954,1.1247
2026-09-15,15:29,RACLGEAR,auto,smallcap,-0.0854,2.6009
2026-09-15,15:29,RAMRAT,metals & mining,smallcap,-3.1086,1.0729
2026-09-15,15:29,RATNAVEER,metals & mining,smallcap,0.4509,2.4635
2026-09-15,15:29,RAYMOND,transportation,midcap,-0.6831,27.0393
2026-09-15,15:29,RISHABH,industrials,smallcap,-6.0391,1.4203
2026-09-15,15:29,RML,auto,smallcap,-3.9338,0.6735
2026-09-15,15:29,ROSSTECH,aerospace & defence,smallcap,4.2082,4.9968
2026-09-15,15:29,RPEL,building materials,midcap,-12.0746,2.2261
2026-09-15,15:29,RUBYMILLS,textiles,smallcap,-4.9879,0.2994
2026-09-15,15:29,SAHYADRI,building materials,smallcap,-7.099,2.8844
2026-09-15,15:29,SAILIFE,healthcare,largecap,-2.7445,0.7663
2026-09-15,15:29,SAKAR,healthcare,smallcap,-1.8126,1.0221
2026-09-15,15:29,SALSTEEL,metals & mining,smallcap,-4.9993,1.5385
2026-09-15,15:29,SANGINITA,chemicals,smallcap,1.9948,0.1199
2026-09-15,15:29,SANSERA,auto,largecap,-6.252,1.2358
2026-09-15,15:29,SBC,textiles,smallcap,-1.2415,0.8693
2026-09-15,15:29,SBCL,metals & mining,midcap,-6.1454,1.3857
2026-09-15,15:29,SCPL,fmcg,smallcap,-1.662,0.1152
2026-09-15,15:29,SEAMECLTD,miscellaneous,smallcap,-2.8797,1.0668
2026-09-15,15:29,SETL,industrials,midcap,-4.9984,0.3395
2026-09-15,15:29,SHILPAMED,healthcare,midcap,-5.1241,0.8386
2026-09-15,15:29,SHREEJISPG,transportation,midcap,-1.1203,3
2026-09-15,15:29,SHREEPUSHK,chemicals,smallcap,2.9883,1.4566
2026-09-15,15:29,SIGMAADV,aerospace & defence,midcap,-4.5408,1.1161
2026-09-15,15:29,SKYGOLD,consumer discretionary,midcap,-4.5927,0.6917
2026-09-15,15:29,SMARTLINK,i.t,smallcap,1.3504,2.1595
2026-09-15,15:29,SMLMAH,auto,midcap,-4.9977,0.4395
2026-09-15,15:29,SOFTTECH,i.t,smallcap,4.9961,2.1454
2026-09-15,15:29,SONACOMS,auto,largecap,0.2538,0.7329
2026-09-15,15:29,SONAMLTD,consumer discretionary,smallcap,-0.4801,0.4793
2026-09-15,15:29,SOTL,energy,smallcap,-3.9023,0.7571
2026-09-15,15:29,SPECTRUM,industrials,smallcap,4.9992,1.6066
2026-09-15,15:29,SSWL,auto,midcap,-8.5391,2.6458
2026-09-15,15:29,STLTECH,industrials,largecap,-4.9978,0.8753
2026-09-15,15:29,STOVEKRAFT,consumer discretionary,smallcap,-1.2517,0.4706
2026-09-15,15:29,SUBEXLTD,i.t,smallcap,-1.7308,9.1896
2026-09-15,15:29,SWANDEF,transportation,midcap,-2.8373,0.1612
2026-09-15,15:29,SYRMA,consumer discretionary,largecap,-5.1343,0.755
2026-09-15,15:29,TALBROAUTO,auto,smallcap,-0.5782,2.1382
2026-09-15,15:29,TBZ,consumer discretionary,smallcap,-0.3515,1.5012
2026-09-15,15:29,TDPOWERSYS,industrials,midcap,-9.8646,2.2949
2026-09-15,15:29,TFCILTD,financials,midcap,-2.3394,1.071
2026-09-15,15:29,THEMISMED,healthcare,smallcap,-5.2086,0.4734
2026-09-15,15:29,TMB,bank,midcap,-4.6712,0.6257
2026-09-15,15:29,UNIMECH,aerospace & defence,midcap,-4.441,2.2269
2026-09-15,15:29,UNIPARTS,industrials,smallcap,-3.5378,0.5538
2026-09-15,15:29,UNITEDPOLY,textiles,smallcap,-1.2246,0.9674
2026-09-15,15:29,UNIVASTU,realty,smallcap,-4.9869,0.6159
2026-09-15,15:29,UNIVPHOTO,consumer discretionary,smallcap,4.9246,1.3742
2026-09-15,15:29,VALIANTLAB,healthcare,smallcap,-4.1279,1.3505
2026-09-15,15:29,VALIANTORG,chemicals,smallcap,-2.0061,1.3256
2026-09-15,15:29,VARROC,auto,midcap,-4.1284,0.9782
2026-09-15,15:29,VENUSPIPES,metals & mining,smallcap,-3.8859,2.6884
2026-09-15,15:29,VINDHYATEL,realty,smallcap,-6.9593,1.8496
2026-09-15,15:29,VSSL,metals & mining,smallcap,-2.1009,1.2268
2026-09-15,15:29,WABAG,realty,midcap,-7.6606,1.9564
2026-09-15,15:29,WELCORP,industrials,largecap,-9.8371,3.406
2026-09-15,15:29,WELINV,financials,smallcap,-1.9811,0.104
2026-09-15,15:29,WELSPUNLIV,textiles,midcap,-2.9131,1.1843
2026-09-15,15:29,WHEELS,auto,midcap,-4.5289,2.0749
2026-09-15,15:29,WOCKPHARMA,healthcare,largecap,-5.2904,0.6736
2026-09-15,15:29,WSTCSTPAPR,building materials,smallcap,-0.07,2.7621
2026-09-15,15:29,YATHARTH,healthcare,midcap,1.6041,1.3783
2026-09-15,15:29,ZIMLAB,healthcare,smallcap,-4.0296,1.4248
2026-09-21,15:29,3IINFOLTD,i.t,smallcap,0.4706,0.6074
2026-09-21,15:29,AAREYDRUGS,healthcare,smallcap,0.235,1.4083
2026-09-21,15:29,ACMESOLAR,realty,largecap,5.2499,4.0545
2026-09-21,15:29,ACUTAAS,healthcare,largecap,-0.4244,0.8082
2026-09-21,15:29,ADOR,industrials,smallcap,-0.9861,0.3751
2026-09-21,15:29,AEGISLOG,services,largecap,4.988,1.2884
2026-09-21,15:29,AEROFLEX,metals & mining,midcap,0.9004,0.46
2026-09-21,15:29,AETHER,chemicals,largecap,0.589,0.3828
2026-09-21,15:29,AHCL,healthcare,smallcap,14.5852,19.4692
2026-09-21,15:29,AKSHARCHEM,chemicals,smallcap,4.7176,3.9791
2026-09-21,15:29,AKUMS,healthcare,midcap,4.8169,3.1024
2026-09-21,15:29,AMANTA,healthcare,smallcap,-0.9739,0.2287
2026-09-21,15:29,ANTELOPUS,energy,smallcap,-0.3666,1.0454
2026-09-21,15:29,APARINDS,industrials,largecap,0.4613,1.0101
2026-09-21,15:29,APCOTEXIND,chemicals,smallcap,0.6365,1.1959
2026-09-21,15:29,ARROWGREEN,plastic products,smallcap,-1.4844,0.5616
2026-09-21,15:29,ASAHISONG,chemicals,smallcap,2.4008,0.5373
2026-09-21,15:29,ASIANENE,energy,smallcap,-1.7776,1.1406
2026-09-21,15:29,ATHERENERG,auto,largecap,-2.8659,0.5685
2026-09-21,15:29,AVADHSUGAR,fmcg,smallcap,0.2875,0.7943
2026-09-21,15:29,AVALON,consumer discretionary,midcap,-2.0412,2.626
2026-09-21,15:29,AYMSYNTEX,textiles,smallcap,1.8365,1.2334
2026-09-21,15:29,AZAD,aerospace & defence,midcap,-0.9103,0.6717
2026-09-21,15:29,BAFNAPH,healthcare,smallcap,1.9861,0.0344
2026-09-21,15:29,BALPHARMA,healthcare,smallcap,8.6421,3.8988
2026-09-21,15:29,BHAGERIA,chemicals,smallcap,7.9612,2.7862
2026-09-21,15:29,BHAGYANGR,power & utilities,smallcap,-3.1005,1.4034
2026-09-21,15:29,BHEL,industrials,largecap,-1.4776,0.3974
2026-09-21,15:29,BIRLACABLE,industrials,smallcap,-4.9939,3.2334
2026-09-21,15:29,BLISSGVS,healthcare,midcap,-2.9772,0.0777
2026-09-21,15:29,BLSE,i.t,smallcap,0.237,0.363
2026-09-21,15:29,BLUESTONE,consumer discretionary,midcap,2.1692,0.3081
2026-09-21,15:29,BLUSPRING,miscellaneous,smallcap,-1.1756,0.2043
2026-09-21,15:29,BODALCHEM,chemicals,smallcap,3.3886,5.4537
2026-09-21,15:29,CALSOFT,i.t,smallcap,4.9758,1.7823
2026-09-21,15:29,CAPLIPOINT,healthcare,largecap,0.2911,0.7576
2026-09-21,15:29,CENTUM,aerospace & defence,midcap,9.367,4.5541
2026-09-21,15:29,CHEMBONDCH,chemicals,smallcap,-4.0543,0.2847
2026-09-21,15:29,CHENNPETRO,energy,largecap,-2.9013,0.5449
2026-09-21,15:29,COMSYN,industrials,smallcap,-0.7992,4.537
2026-09-21,15:29,CONFIPET,miscellaneous,smallcap,-3.2518,1.3978
2026-09-21,15:29,CONSOFINVT,financials,smallcap,-0.1324,0.235
2026-09-21,15:29,CORDSCABLE,industrials,smallcap,-2.4166,0.9791
2026-09-21,15:29,CYIENTDLM,aerospace & defence,midcap,-3.0084,0.6575
2026-09-21,15:29,DATAPATTNS,aerospace & defence,largecap,-0.0332,0.4292
2026-09-21,15:29,DCMNVL,textiles,smallcap,-0.1054,0.601
2026-09-21,15:29,DEEDEV,metals & mining,midcap,1.8467,0.2019
2026-09-21,15:29,DEEPINDS,energy,smallcap,-2.2937,0.8501
2026-09-21,15:29,DIACABS,industrials,largecap,2.5218,0.2155
2026-09-21,15:29,DIFFNKG,industrials,smallcap,-0.3926,0.5793
2026-09-21,15:29,DIVGIITTS,auto,smallcap,-0.5132,0.5418
2026-09-21,15:29,DOLPHIN,energy,smallcap,2.7799,0.6042
2026-09-21,15:29,DYCL,industrials,smallcap,0.0656,0.4531
2026-09-21,15:29,DYNAMATECH,aerospace & defence,midcap,0.8954,0.3843
2026-09-21,15:29,E2E,i.t,midcap,-2.4356,0.2321
2026-09-21,15:29,EBGNG,services,midcap,-1.7922,1.5457
2026-09-21,15:29,ELGIRUBCO,fmcg,smallcap,-2.8247,0.4245
2026-09-21,15:29,EMAMIPAP,building materials,smallcap,-1.7995,0.4911
2026-09-21,15:29,EMIL,consumer discretionary,midcap,-2.5474,1.4374
2026-09-21,15:29,ENTERO,healthcare,midcap,3.6483,1.6928
2026-09-21,15:29,FCL,chemicals,midcap,-2.2273,1.0894
2026-09-21,15:29,FILATEX,textiles,smallcap,8.9204,6.28
2026-09-21,15:29,FINCABLES,industrials,largecap,-0.8149,0.6653
2026-09-21,15:29,GANDHAR,energy,smallcap,-3.0956,0.378
2026-09-21,15:29,GANESHBE,miscellaneous,smallcap,-0.7567,0.2526
2026-09-21,15:29,GAYAPROJ,realty,smallcap,-0.5259,2.9436
2026-09-21,15:29,GCSL,financials,smallcap,2.6756,7.1861
2026-09-21,15:29,GHCLTEXTIL,textiles,smallcap,4.0238,1.6543
2026-09-21,15:29,GLAND,healthcare,largecap,-0.7326,0.7278
2026-09-21,15:29,GLOBAL,services,smallcap,0.338,4.5191
2026-09-21,15:29,GNA,auto,smallcap,1.1279,1.2186
2026-09-21,15:29,GOCLCORP,miscellaneous,smallcap,1.6476,3.6304
2026-09-21,15:29,GULFPETRO,chemicals,smallcap,-0.3716,0.4632
2026-09-21,15:29,HAPPYFORGE,industrials,largecap,-1.8247,0.615
2026-09-21,15:29,HONASA,services,midcap,-1.2407,0.3316
2026-09-21,15:29,IBULLSLTD,miscellaneous,midcap,-4.2777,1.7818
2026-09-21,15:29,ICIL,textiles,midcap,-2.5036,0.3443
2026-09-21,15:29,IGPL,chemicals,smallcap,4.835,5.578
2026-09-21,15:29,IL&FSENGG,realty,smallcap,3.7475,1.8116
2026-09-21,15:29,INDOBORAX,chemicals,smallcap,-1.8515,0.1869
2026-09-21,15:29,INDORAMA,textiles,smallcap,17.0236,27.8601
2026-09-21,15:29,INDSWFTLAB,healthcare,smallcap,1.6477,0.905
2026-09-21,15:29,INNOVACAP,healthcare,midcap,1.5681,1.5839
2026-09-21,15:29,INOXINDIA,industrials,midcap,-0.4574,0.8138
2026-09-21,15:29,IOLCP,healthcare,midcap,-0.1181,0.79
2026-09-21,15:29,IRISDOREME,consumer discretionary,smallcap,0.3561,2.3344
2026-09-21,15:29,IVP,chemicals,smallcap,4.0086,1.9416
2026-09-21,15:29,JGCHEM,chemicals,smallcap,0.9144,1.1502
2026-09-21,15:29,JINDALSAW,industrials,midcap,1.2262,0.2571
2026-09-21,15:29,JINDWORLD,textiles,smallcap,0.2213,0.7091
2026-09-21,15:29,JTLIND,metals & mining,smallcap,1.4258,0.4426
2026-09-21,15:29,KABRAEXTRU,industrials,smallcap,-0.8069,1.4234
2026-09-21,15:29,KAMDHENU,metals & mining,smallcap,3.4836,2.1124
2026-09-21,15:29,KANORICHEM,chemicals,smallcap,-2.2161,1.4503
2026-09-21,15:29,KAPSTON,miscellaneous,smallcap,-1.0868,0.754
2026-09-21,15:29,KDDL,consumer discretionary,smallcap,3.8462,2.1187
2026-09-21,15:29,KENNAMET,industrials,midcap,1.5602,0.9256
2026-09-21,15:29,KMEW,transportation,midcap,-0.2322,1.0729
2026-09-21,15:29,KOPRAN,healthcare,smallcap,1.938,2.32
2026-09-21,15:29,KOVAI,healthcare,midcap,-0.7549,0.8114
2026-09-21,15:29,KRISHANA,chemicals,smallcap,1.3953,0.9785
2026-09-21,15:29,KRN,industrials,midcap,-2.0537,0.2293
2026-09-21,15:29,KTKBANK,bank,midcap,0.239,0.3604
2026-09-21,15:29,LANCORHOL,realty,smallcap,-1.9143,0.7604
2026-09-21,15:29,LAURUSLABS,healthcare,largecap,3.2497,1.0131
2026-09-21,15:29,LUMAXTECH,auto,midcap,-1.6122,0.2863
2026-09-21,15:29,MACPOWER,industrials,smallcap,-7.0896,6.3536
2026-09-21,15:29,MANAKSTEEL,metals & mining,smallcap,0.66,0.355
2026-09-21,15:29,MANALIPETC,energy,smallcap,4.5707,3.6531
2026-09-21,15:29,MANINDS,metals & mining,midcap,0.963,0.8712
2026-09-21,15:29,MANORAMA,fmcg,midcap,-2.2319,0.5912
2026-09-21,15:29,MARINE,industrials,midcap,9.6519,2.6993
2026-09-21,15:29,MARKSANS,healthcare,midcap,5.6068,1.6287
2026-09-21,15:29,MAXESTATES,realty,midcap,0.6566,2.5611
2026-09-21,15:29,MBAPL,chemicals,smallcap,0.5882,0.488
2026-09-21,15:29,MBECL,realty,smallcap,4.9976,0.0049
2026-09-21,15:29,MCX,financials,largecap,-1.5644,0.3979
2026-09-21,15:29,MENONBE,auto,smallcap,-3.7557,0.8777
2026-09-21,15:29,MMFL,industrials,smallcap,-2.4978,0.2062
2026-09-21,15:29,MMP,metals & mining,smallcap,2.3241,1.7663
2026-09-21,15:29,MODISONLTD,industrials,smallcap,-0.2841,0.6474
2026-09-21,15:29,MOREPENLAB,healthcare,midcap,1.1993,1.9802
2026-09-21,15:29,MSTCLTD,i.t,midcap,0.801,0.3001
2026-09-21,15:29,MWL,metals & mining,smallcap,0.0941,1.7e+308
2026-09-21,15:29,NAVINFLUOR,chemicals,largecap,-1.2049,0.4545
2026-09-21,15:29,NELCO,telecom,smallcap,-2.5201,0.7191
2026-09-21,15:29,NEOGEN,chemicals,midcap,-5.168,2.3521
2026-09-21,15:29,NEULANDLAB,healthcare,largecap,-1.007,0.9445
2026-09-21,15:29,NITINSPIN,textiles,smallcap,-1.3566,0.4904
2026-09-21,15:29,NRBBEARING,industrials,midcap,0.5709,2.2571
2026-09-21,15:29,NRL,services,smallcap,4.9697,1.9667
2026-09-21,15:29,OAL,chemicals,smallcap,6.749,2.1944
2026-09-21,15:29,OMAXE,realty,smallcap,-2.8216,0.3814
2026-09-21,15:29,ONELIFECAP,financials,smallcap,2.7043,1.5923
2026-09-21,15:29,ORCHPHARMA,healthcare,midcap,9.3059,4.7406
2026-09-21,15:29,ORIENTHOT,services,smallcap,0.4252,2.2209
2026-09-21,15:29,PAISALO,financials,midcap,3.7314,3.2155
2026-09-21,15:29,PANACHE,i.t,smallcap,-0.4213,0.4185
2026-09-21,15:29,PARAS,aerospace & defence,midcap,2.4623,0.5371
2026-09-21,15:29,PGIL,consumer discretionary,midcap,-0.6718,0.394
2026-09-21,15:29,PLAZACABLE,industrials,smallcap,1.0481,2.1539
2026-09-21,15:29,PRECWIRE,metals & mining,midcap,-0.9824,0.3822
2026-09-21,15:29,PVP,realty,smallcap,4.9933,0.6193
2026-09-21,15:29,QPOWER,industrials,midcap,-3.2355,0.727
2026-09-21,15:29,QUADFUTURE,industrials,smallcap,1.4767,0.4822
2026-09-21,15:29,QUESS,miscellaneous,midcap,3.2561,1.3628
2026-09-21,15:29,RACLGEAR,auto,smallcap,-2.5101,0.3781
2026-09-21,15:29,RAMRAT,metals & mining,midcap,-0.8382,0.5948
2026-09-21,15:29,RATNAVEER,metals & mining,smallcap,11.7962,7.1616
2026-09-21,15:29,RAYMOND,transportation,midcap,10.9356,7.1682
2026-09-21,15:29,RISHABH,industrials,smallcap,-2.1773,1.3908
2026-09-21,15:29,RML,auto,smallcap,1.5931,1.0924
2026-09-21,15:29,ROSSTECH,aerospace & defence,midcap,-1.0624,1.1789
2026-09-21,15:29,RPEL,building materials,midcap,2.4086,0.5858
2026-09-21,15:29,RSWM,textiles,smallcap,4.9909,4.3595
2026-09-21,15:29,RUBYMILLS,textiles,smallcap,-1.0276,0.6197
2026-09-21,15:29,SAHYADRI,building materials,smallcap,1.5328,0.4298
2026-09-21,15:29,SAILIFE,healthcare,largecap,0.4686,0.647
2026-09-21,15:29,SAKAR,healthcare,smallcap,-1.8096,0.9764
2026-09-21,15:29,SALSTEEL,metals & mining,smallcap,0,4.1889
2026-09-21,15:29,SAMBHV,metals & mining,smallcap,5.123,36.0307
2026-09-21,15:29,SANGINITA,chemicals,smallcap,1.9983,0.1394
2026-09-21,15:29,SANSERA,auto,largecap,0.8709,1.1127
2026-09-21,15:29,SBC,textiles,smallcap,-0.0812,0.8655
2026-09-21,15:29,SBCL,metals & mining,midcap,4.3696,1.4931
2026-09-21,15:29,SCPL,fmcg,smallcap,4.9992,0.3348
2026-09-21,15:29,SEAMECLTD,miscellaneous,smallcap,-1.593,0.3435
2026-09-21,15:29,SETL,industrials,midcap,1.5658,1.4336
2026-09-21,15:29,SHAILY,plastic products,midcap,3.6606,2.6945
2026-09-21,15:29,SHANTIGEAR,industrials,midcap,-1.2499,0.4223
2026-09-21,15:29,SHILPAMED,healthcare,midcap,4.8673,1.6035
2026-09-21,15:29,SHREEJISPG,transportation,midcap,0.2048,1.1827
2026-09-21,15:29,SHREEPUSHK,chemicals,smallcap,-0.2042,0.1526
2026-09-21,15:29,SIGMAADV,aerospace & defence,midcap,4.9475,1.5449
2026-09-21,15:29,SKYGOLD,consumer discretionary,midcap,1.41,0.6124
2026-09-21,15:29,SMLMAH,auto,midcap,2.7255,0.5655
2026-09-21,15:29,SOFTTECH,i.t,smallcap,-0.894,2.0725
2026-09-21,15:29,SONACOMS,auto,largecap,-1.578,0.9535
2026-09-21,15:29,SONAMLTD,consumer discretionary,smallcap,-2.6185,1.6073
2026-09-21,15:29,SOTL,energy,smallcap,2.3515,0.8481
2026-09-21,15:29,SPECTRUM,industrials,midcap,4.9974,0.4604
2026-09-21,15:29,SPLPETRO,energy,midcap,-0.0116,1.327
2026-09-21,15:29,SSWL,auto,midcap,-2.8598,0.5949
2026-09-21,15:29,STLNETWORK,telecom-service,smallcap,4.9825,0.6156
2026-09-21,15:29,STLTECH,industrials,largecap,-0.629,0.3073
2026-09-21,15:29,STOVEKRAFT,consumer discretionary,smallcap,-1.7123,0.2426
2026-09-21,15:29,SWANDEF,transportation,midcap,-1.2016,0.0782
2026-09-21,15:29,SYRMA,consumer discretionary,largecap,-0.9023,1.1224
2026-09-21,15:29,TALBROAUTO,auto,smallcap,-1.9719,1.7856
2026-09-21,15:29,TARSONS,healthcare,smallcap,11.4995,12.327
2026-09-21,15:29,TBZ,consumer discretionary,smallcap,4.9954,0.6279
2026-09-21,15:29,TDPOWERSYS,industrials,midcap,-2.1538,0.7804
2026-09-21,15:29,TFCILTD,financials,midcap,0.3151,0.8186
2026-09-21,15:29,THEMISMED,healthcare,smallcap,-0.0403,0.338
2026-09-21,15:29,TIRUPATIFL,industrials,smallcap,4.9941,0.2292
2026-09-21,15:29,TMB,bank,midcap,-1.0494,0.2874
2026-09-21,15:29,UCAL,auto,smallcap,4.9946,0.6479
2026-09-21,15:29,UNIMECH,aerospace & defence,midcap,6.7303,4.8344
2026-09-21,15:29,UNIPARTS,industrials,smallcap,2.8082,0.5768
2026-09-21,15:29,UNITEDPOLY,textiles,smallcap,0.4362,4.9649
2026-09-21,15:29,UNIVASTU,realty,smallcap,-0.9457,0.3956
2026-09-21,15:29,UNIVCABLES,industrials,midcap,0.0339,0.472
2026-09-21,15:29,UNIVPHOTO,consumer discretionary,smallcap,2.5942,0.5338
2026-09-21,15:29,VADILALIND,fmcg,midcap,0.7199,0.8874
2026-09-21,15:29,VALIANTLAB,healthcare,smallcap,3.0991,1.6014
2026-09-21,15:29,VALIANTORG,chemicals,smallcap,-0.8672,2.1674
2026-09-21,15:29,VARROC,auto,midcap,1.2768,0.8179
2026-09-21,15:29,VENUSPIPES,metals & mining,smallcap,-2.2647,4.8552
2026-09-21,15:29,VIJAYA,healthcare,midcap,-0.1796,0.5099
2026-09-21,15:29,VINDHYATEL,realty,smallcap,7.2632,3.0904
2026-09-21,15:29,VISAKAIND,building materials,smallcap,-1.9926,0.92
2026-09-21,15:29,VSSL,metals & mining,smallcap,1.5073,0.8694
2026-09-21,15:29,WABAG,realty,midcap,-1.5521,0.8481
2026-09-21,15:29,WELCORP,industrials,largecap,3.857,2.4884
2026-09-21,15:29,WELENT,realty,midcap,-4.6942,6.438
2026-09-21,15:29,WELINV,financials,smallcap,2,0.063
2026-09-21,15:29,WELSPUNLIV,textiles,largecap,0.5637,0.6675
2026-09-21,15:29,WHEELS,auto,midcap,-0.0368,0.8144
2026-09-21,15:29,WOCKPHARMA,healthcare,largecap,4.8512,1.3894
2026-09-21,15:29,WSTCSTPAPR,building materials,midcap,-1.0478,1.3734
2026-09-21,15:29,YATHARTH,healthcare,midcap,-1.2462,1.0385
2026-09-21,15:29,ZIMLAB,healthcare,smallcap,-1.3726,0.9802
2026-09-22,15:29,3IINFOLTD,i.t,smallcap,2.0784,0.6723
2026-09-22,15:29,AAREYDRUGS,healthcare,smallcap,0.3819,1.9124
2026-09-22,15:29,ACMESOLAR,realty,largecap,5.3762,2.1591
2026-09-22,15:29,ADOR,industrials,smallcap,0.1696,0.6141
2026-09-22,15:29,AEGISLOG,services,largecap,0.6429,1.5905
2026-09-22,15:29,AEROFLEX,metals & mining,midcap,1.1353,0.3693
2026-09-22,15:29,AETHER,chemicals,largecap,0.8282,0.478
2026-09-22,15:29,AHCL,healthcare,smallcap,26.0262,10.0591
2026-09-22,15:29,AKSHARCHEM,chemicals,smallcap,0.9563,1.3168
2026-09-22,15:29,AKUMS,healthcare,midcap,3.0879,0.9874
2026-09-22,15:29,AMANTA,healthcare,smallcap,-2.3427,0.1867
2026-09-22,15:29,ANTELOPUS,energy,smallcap,0.5023,1.0869
2026-09-22,15:29,APARINDS,industrials,largecap,-3.3142,1.699
2026-09-22,15:29,APCOTEXIND,chemicals,smallcap,0.7605,0.6445
2026-09-22,15:29,APOLLO,aerospace & defence,midcap,9.7248,1.4305
2026-09-22,15:29,ARROWGREEN,plastic products,smallcap,2.6764,2.4563
2026-09-22,15:29,ASAHISONG,chemicals,smallcap,-0.4292,0.3682
2026-09-22,15:29,ASIANENE,energy,smallcap,-0.5383,0.4689
2026-09-22,15:29,ATHERENERG,auto,largecap,-5.8659,0.8712
2026-09-22,15:29,AVADHSUGAR,fmcg,smallcap,0.3217,0.5946
2026-09-22,15:29,AVALON,consumer discretionary,midcap,-2.7269,0.9897
2026-09-22,15:29,AVTNPL,fmcg,smallcap,14.6558,24.37
2026-09-22,15:29,AYMSYNTEX,textiles,smallcap,4.3263,1.9144
2026-09-22,15:29,AZAD,aerospace & defence,midcap,-0.5053,0.6343
2026-09-22,15:29,BAFNAPH,healthcare,smallcap,4.0195,0.0429
2026-09-22,15:29,BALPHARMA,healthcare,smallcap,7.4402,2.7892
2026-09-22,15:29,BHAGERIA,chemicals,smallcap,3.1367,1.0346
2026-09-22,15:29,BHAGYANGR,power & utilities,smallcap,-4.6228,0.4784
2026-09-22,15:29,BHEL,industrials,largecap,-3.2053,0.3672
2026-09-22,15:29,BIRLACABLE,industrials,smallcap,-8.3639,3.9515
2026-09-22,15:29,BLISSGVS,healthcare,midcap,1.8699,0.1469
2026-09-22,15:29,BLSE,i.t,smallcap,3.6651,2.1221
2026-09-22,15:29,BLUESTONE,consumer discretionary,midcap,12.435,2.3553
2026-09-22,15:29,BLUSPRING,miscellaneous,smallcap,1.7269,0.4071
2026-09-22,15:29,BODALCHEM,chemicals,smallcap,0.8733,4.2555
2026-09-22,15:29,CALSOFT,i.t,smallcap,1.1483,2.138
2026-09-22,15:29,CAPLIPOINT,healthcare,largecap,1.0442,0.976
2026-09-22,15:29,CENTUM,aerospace & defence,midcap,12.1247,1.5128
2026-09-22,15:29,CHEMBOND,chemicals,smallcap,0,1.1694
2026-09-22,15:29,CHEMBONDCH,chemicals,smallcap,-4.4579,0.2533
2026-09-22,15:29,CHENNPETRO,energy,largecap,-1.7366,0.4733
2026-09-22,15:29,COMSYN,industrials,smallcap,-1.7289,2.8347
2026-09-22,15:29,CONFIPET,miscellaneous,smallcap,-5.6444,0.6962
2026-09-22,15:29,CONSOFINVT,financials,smallcap,-0.6453,0.3144
2026-09-22,15:29,CORDSCABLE,industrials,smallcap,5.149,4.9202
2026-09-22,15:29,CPPLUS,consumer discretionary,largecap,8.7747,1.1717
2026-09-22,15:29,CYIENTDLM,aerospace & defence,midcap,-2.4981,0.4282
2026-09-22,15:29,DCMNVL,textiles,smallcap,-1.1987,0.297
2026-09-22,15:29,DEEDEV,metals & mining,midcap,3.4467,0.0801
2026-09-22,15:29,DEEPINDS,energy,smallcap,2.4551,0.942
2026-09-22,15:29,DIACABS,industrials,largecap,1.1041,0.1757
2026-09-22,15:29,DIFFNKG,industrials,smallcap,-0.9421,0.5121
2026-09-22,15:29,DIVGIITTS,auto,smallcap,-0.9998,0.7378
2026-09-22,15:29,DOLPHIN,energy,smallcap,8.8355,1.7016
2026-09-22,15:29,DYCL,industrials,smallcap,-0.798,0.3266
2026-09-22,15:29,DYNAMATECH,aerospace & defence,midcap,3.7725,1.3166
2026-09-22,15:29,E2E,i.t,midcap,-0.4443,0.238
2026-09-22,15:29,EBGNG,services,midcap,-1.5291,1.4323
2026-09-22,15:29,ELGIRUBCO,fmcg,smallcap,-2.9708,0.1148
2026-09-22,15:29,EMAMIPAP,building materials,smallcap,-2.4764,0.2369
2026-09-22,15:29,EMIL,consumer discretionary,midcap,-1.8698,0.7843
2026-09-22,15:29,ENGINERSIN,realty,midcap,13.5911,4.7493
2026-09-22,15:29,ENTERO,healthcare,midcap,6.3211,1.6464
2026-09-22,15:29,FCL,chemicals,midcap,0.6489,1.5599
2026-09-22,15:29,FILATEX,textiles,smallcap,7.7161,3.268
2026-09-22,15:29,FINCABLES,industrials,largecap,4.032,2.7577
2026-09-22,15:29,GABRIEL,auto,largecap,11.3179,16.4351
2026-09-22,15:29,GANDHAR,energy,smallcap,-2.5887,0.2689
2026-09-22,15:29,GANESHBE,miscellaneous,smallcap,-1.2928,0.4696
2026-09-22,15:29,GAYAPROJ,realty,smallcap,-4.2071,1.7937
2026-09-22,15:29,GCSL,financials,smallcap,3.3385,2.6447
2026-09-22,15:29,GHCLTEXTIL,textiles,smallcap,7.5576,1.4758
2026-09-22,15:29,GLAND,healthcare,largecap,-1.5294,0.3241
2026-09-22,15:29,GLOBAL,services,smallcap,1.5903,1.7665
2026-09-22,15:29,GNA,auto,smallcap,0.555,0.5998
2026-09-22,15:29,GULFPETRO,chemicals,smallcap,2.5206,1.1773
2026-09-22,15:29,HAPPYFORGE,industrials,midcap,-1.8526,1.2362
2026-09-22,15:29,HFCL,telecom,largecap,2.4802,0.2254
2026-09-22,15:29,HITECHCORP,industrials,smallcap,0.4111,0.689
2026-09-22,15:29,HONASA,services,midcap,-1.2303,0.3008
2026-09-22,15:29,IBULLSLTD,miscellaneous,midcap,-2.8957,1.0093
2026-09-22,15:29,ICIL,textiles,midcap,0.3465,0.5093
2026-09-22,15:29,IL&FSENGG,realty,smallcap,4.5611,1.2013
2026-09-22,15:29,INDOBORAX,chemicals,smallcap,-1.9149,0.1421
2026-09-22,15:29,INDORAMA,textiles,smallcap,13.7507,8.9695
2026-09-22,15:29,INDSWFTLAB,healthcare,smallcap,8.6537,2.3725
2026-09-22,15:29,INNOVACAP,healthcare,midcap,3.9752,0.8087
2026-09-22,15:29,INOXINDIA,industrials,midcap,1.6629,1.673
2026-09-22,15:29,IOLCP,healthcare,midcap,-1.3586,0.8293
2026-09-22,15:29,IRISDOREME,consumer discretionary,smallcap,2.5704,4.4858
2026-09-22,15:29,ITDC,services,midcap,7.208,3.7402
2026-09-22,15:29,IVP,chemicals,smallcap,7.3335,1.395
2026-09-22,15:29,JGCHEM,chemicals,smallcap,-0.3348,1.3164
2026-09-22,15:29,JINDALSAW,industrials,midcap,-1.0535,0.2054
2026-09-22,15:29,JINDWORLD,textiles,smallcap,5.0704,2.2454
2026-09-22,15:29,JTLIND,metals & mining,smallcap,1.7566,0.3149
2026-09-22,15:29,KABRAEXTRU,industrials,smallcap,-2.2521,0.8241
2026-09-22,15:29,KAMDHENU,metals & mining,smallcap,1.1206,1.2374
2026-09-22,15:29,KANORICHEM,chemicals,smallcap,-5.7248,1.3104
2026-09-22,15:29,KAPSTON,miscellaneous,smallcap,-2.3532,2.2808
2026-09-22,15:29,KDDL,consumer discretionary,smallcap,2.9727,1.1572
2026-09-22,15:29,KENNAMET,industrials,midcap,2.2866,1.7666
2026-09-22,15:29,KILITCH,healthcare,smallcap,10.2481,0.3816
2026-09-22,15:29,KMEW,transportation,midcap,3.1571,1.1168
2026-09-22,15:29,KOPRAN,healthcare,smallcap,-0.4179,1.0971
2026-09-22,15:29,KOVAI,healthcare,midcap,-1.1645,0.2482
2026-09-22,15:29,KRISHANA,chemicals,smallcap,5.37,0.8058
2026-09-22,15:29,KRN,industrials,midcap,-1.8047,0.252
2026-09-22,15:29,KRONOX,chemicals,smallcap,5.4864,0.3424
2026-09-22,15:29,KTKBANK,bank,midcap,5.6405,0.8604
2026-09-22,15:29,LANCORHOL,realty,smallcap,-1.4286,0.5303
2026-09-22,15:29,LAURUSLABS,healthcare,largecap,2.6868,0.6929
2026-09-22,15:29,LUMAXTECH,auto,midcap,0.6515,0.5255
2026-09-22,15:29,MACPOWER,industrials,smallcap,-0.3801,2.3617
2026-09-22,15:29,MANAKSTEEL,metals & mining,smallcap,-0.3068,0.2811
2026-09-22,15:29,MANALIPETC,energy,smallcap,2.3517,0.6409
2026-09-22,15:29,MANINDS,metals & mining,midcap,-0.1938,0.6967
2026-09-22,15:29,MANORAMA,fmcg,midcap,-2.842,0.4173
2026-09-22,15:29,MARINE,industrials,midcap,8.5047,1.5049
2026-09-22,15:29,MARKSANS,healthcare,midcap,3.9981,0.7957
2026-09-22,15:29,MAXESTATES,realty,midcap,0.1768,1.0107
2026-09-22,15:29,MBAPL,chemicals,smallcap,3.6666,0.7311
2026-09-22,15:29,MBECL,realty,smallcap,7.0968,0.0851
2026-09-22,15:29,MCX,financials,largecap,0.0798,0.336
2026-09-22,15:29,MENONBE,auto,smallcap,-3.2034,0.5467
2026-09-22,15:29,MMFL,industrials,smallcap,-4.0013,0.5271
2026-09-22,15:29,MMP,metals & mining,smallcap,-1.1888,3.5411
2026-09-22,15:29,MODISONLTD,industrials,smallcap,2.3274,0.7124
2026-09-22,15:29,MOREPENLAB,healthcare,midcap,-1.5385,1.1452
2026-09-22,15:29,MSTCLTD,i.t,midcap,3.1628,0.4957
2026-09-22,15:29,MWL,metals & mining,smallcap,-1.1524,1.7e+308
2026-09-22,15:29,NAVINFLUOR,chemicals,largecap,-1.7695,0.3337
2026-09-22,15:29,NELCO,telecom,smallcap,-0.0099,1.5664
2026-09-22,15:29,NEOGEN,chemicals,midcap,-4.3884,0.7328
2026-09-22,15:29,NEULANDLAB,healthcare,largecap,-1.2697,0.4614
2026-09-22,15:29,NITINSPIN,textiles,smallcap,-1.7442,0.1723
2026-09-22,15:29,NPST,i.t,smallcap,3.2978,3.1306
2026-09-22,15:29,NRBBEARING,industrials,midcap,-0.9515,0.6381
2026-09-22,15:29,NRL,services,smallcap,10.2179,3.6115
2026-09-22,15:29,OAL,chemicals,smallcap,8.3147,1.9246
2026-09-22,15:29,OMAXE,realty,smallcap,-0.6905,0.5135
2026-09-22,15:29,ONELIFECAP,financials,smallcap,3.4391,0.2328
2026-09-22,15:29,ORCHPHARMA,healthcare,midcap,11.8723,4.0227
2026-09-22,15:29,PAISALO,financials,midcap,4.3794,1.8013
2026-09-22,15:29,PANACHE,i.t,smallcap,-2.4129,0.7977
2026-09-22,15:29,PANAMAPET,energy,smallcap,2.3501,0.391
2026-09-22,15:29,PARAS,aerospace & defence,midcap,0.204,0.4082
2026-09-22,15:29,PASUPTAC,textiles,smallcap,9.1312,4.3697
2026-09-22,15:29,PGIL,consumer discretionary,midcap,4.2579,0.7889
2026-09-22,15:29,PLAZACABLE,industrials,smallcap,1.9817,1.1935
2026-09-22,15:29,PRECWIRE,metals & mining,midcap,2.6547,0.9509
2026-09-22,15:29,PREMIERPOL,plastic products,smallcap,-0.5035,0.3405
2026-09-22,15:29,PVP,realty,smallcap,10.2395,0.5958
2026-09-22,15:29,QPOWER,industrials,midcap,-2.8969,0.306
2026-09-22,15:29,QUADFUTURE,industrials,smallcap,-1.0981,0.5717
2026-09-22,15:29,QUESS,miscellaneous,midcap,2.5025,0.5745
2026-09-22,15:29,RACLGEAR,auto,smallcap,-0.1647,0.7534
2026-09-22,15:29,RAIN,miscellaneous,midcap,6.099,0.9936
2026-09-22,15:29,RAMRAT,metals & mining,midcap,1.4421,3.921
2026-09-22,15:29,RATNAVEER,metals & mining,smallcap,11.0443,2.1321
2026-09-22,15:29,RAYMOND,transportation,midcap,14.2076,5.1834
2026-09-22,15:29,REDINGTON,services,largecap,2.626,0.8225
2026-09-22,15:29,RISHABH,industrials,smallcap,-3.6812,0.6751
2026-09-22,15:29,RML,auto,smallcap,1.7667,0.6898
2026-09-22,15:29,ROSSTECH,aerospace & defence,midcap,8.7172,4.5139
2026-09-22,15:29,RPEL,building materials,midcap,5.4406,0.6814
2026-09-22,15:29,RPTECH,i.t,midcap,10.7136,1.4612
2026-09-22,15:29,RSWM,textiles,smallcap,2.9991,1.2432
2026-09-22,15:29,RUBYMILLS,textiles,smallcap,-1.5307,0.1472
2026-09-22,15:29,SAHYADRI,building materials,smallcap,-1.3959,0.7183
2026-09-22,15:29,SAILIFE,healthcare,largecap,0,0.4826
2026-09-22,15:29,SAKAR,healthcare,smallcap,0.7289,0.9047
2026-09-22,15:29,SALSTEEL,metals & mining,smallcap,-1.556,3.3759
2026-09-22,15:29,SAMBHV,metals & mining,smallcap,2.9613,3.4483
2026-09-22,15:29,SANGINITA,chemicals,smallcap,4.0248,0.1119
2026-09-22,15:29,SANSERA,auto,largecap,7.6668,4.0012
2026-09-22,15:29,SBC,textiles,smallcap,-0.0203,0.6276
2026-09-22,15:29,SBCL,metals & mining,midcap,2.8006,0.5477
2026-09-22,15:29,SCPL,fmcg,smallcap,6.0119,0.3771
2026-09-22,15:29,SEAMECLTD,miscellaneous,smallcap,0.4866,0.46
2026-09-22,15:29,SETL,industrials,midcap,0.0497,1.2248
2026-09-22,15:29,SHILPAMED,healthcare,largecap,1.1801,0.7321
2026-09-22,15:29,SHREEJISPG,transportation,midcap,1.5959,1.0687
2026-09-22,15:29,SHREEPUSHK,chemicals,smallcap,-1.643,0.1734
2026-09-22,15:29,SIGMAADV,aerospace & defence,midcap,9.4562,1.2846
2026-09-22,15:29,SKYGOLD,consumer discretionary,midcap,2.4053,0.4386
2026-09-22,15:29,SMARTLINK,i.t,smallcap,1.5967,0.3078
2026-09-22,15:29,SMLMAH,auto,midcap,6.7859,0.7119
2026-09-22,15:29,SOFTTECH,i.t,smallcap,-5.2216,1.4679
2026-09-22,15:29,SONACOMS,auto,largecap,0.1238,0.7012
2026-09-22,15:29,SOTL,energy,smallcap,2.3021,0.5851
2026-09-22,15:29,SPECIALITY,services,smallcap,3.2024,0.4609
2026-09-22,15:29,SPECTRUM,industrials,midcap,10.0309,0.8078
2026-09-22,15:29,SPLPETRO,energy,midcap,-0.1097,0.6422
2026-09-22,15:29,SPORTKING,textiles,smallcap,5.2195,1.2094
2026-09-22,15:29,SSWL,auto,midcap,-2.0408,3.6017
2026-09-22,15:29,STEELCAS,industrials,smallcap,9.4561,10.3306
2026-09-22,15:29,STLNETWORK,telecom-service,smallcap,10.2212,4.4197
2026-09-22,15:29,STLTECH,industrials,largecap,2.5342,0.3509
2026-09-22,15:29,STOVEKRAFT,consumer discretionary,smallcap,-0.1809,0.4838
2026-09-22,15:29,SWANDEF,transportation,midcap,-0.8884,0.2192
2026-09-22,15:29,SYNCOMF,healthcare,smallcap,1.7964,3.1545
2026-09-22,15:29,SYRMA,consumer discretionary,largecap,0.7461,2.4385
2026-09-22,15:29,TALBROAUTO,auto,smallcap,-0.2937,1.5911
2026-09-22,15:29,TARSONS,healthcare,smallcap,8.2979,0.5436
2026-09-22,15:29,TBZ,consumer discretionary,smallcap,10.2394,0.6756
2026-09-22,15:29,TDPOWERSYS,industrials,midcap,-0.9624,0.6737
2026-09-22,15:29,TFCILTD,financials,midcap,0.8452,1.0826
2026-09-22,15:29,THEMISMED,healthcare,smallcap,-1.1051,0.2279
2026-09-22,15:29,TIRUPATIFL,industrials,smallcap,10.2394,0.6619
2026-09-22,15:29,TMB,bank,midcap,-1.3397,0.418
2026-09-22,15:29,UCAL,auto,smallcap,5.0452,0.2899
2026-09-22,15:29,UNIMECH,aerospace & defence,midcap,8.8732,7.8266
2026-09-22,15:29,UNIPARTS,industrials,smallcap,2.4293,0.3246
2026-09-22,15:29,UNITEDPOLY,textiles,smallcap,-0.6107,1.5444
2026-09-22,15:29,UNIVASTU,realty,smallcap,-2.6862,0.208
2026-09-22,15:29,UNIVCABLES,industrials,midcap,0.0812,0.8038
2026-09-22,15:29,UNIVPHOTO,consumer discretionary,smallcap,0.9675,0.2439
2026-09-22,15:29,VADILALIND,fmcg,midcap,3.2057,2.6454
2026-09-22,15:29,VALIANTLAB,healthcare,smallcap,2.6773,0.8309
2026-09-22,15:29,VALIANTORG,chemicals,smallcap,-1.9454,2.1169
2026-09-22,15:29,VARROC,auto,midcap,0.3424,2.5209
2026-09-22,15:29,VENUSPIPES,metals & mining,smallcap,-2.6107,1.4828
2026-09-22,15:29,VINDHYATEL,realty,smallcap,7.7218,1.8093
2026-09-22,15:29,VISAKAIND,building materials,smallcap,-2.9684,0.5556
2026-09-22,15:29,VSSL,metals & mining,smallcap,0.766,0.5404
2026-09-22,15:29,WABAG,realty,midcap,-2.8369,0.4962
2026-09-22,15:29,WELCORP,industrials,largecap,2.6841,1.4063
2026-09-22,15:29,WELENT,realty,midcap,-4.8096,1.5568
2026-09-22,15:29,WELINV,financials,smallcap,3.8319,0.0827
2026-09-22,15:29,WELSPUNLIV,textiles,largecap,3.1911,1.2575
2026-09-22,15:29,WHEELS,auto,midcap,-0.0781,0.6648
2026-09-22,15:29,WOCKPHARMA,healthcare,largecap,4.7601,0.7873
2026-09-22,15:29,WSTCSTPAPR,building materials,midcap,-2.4144,1.5831
2026-09-22,15:29,YATHARTH,healthcare,midcap,-0.9127,1.0795
2026-09-22,15:29,ZIMLAB,healthcare,smallcap,-1.2619,0.5463
2026-09-23,15:29,3IINFOLTD,i.t,smallcap,0.9412,0.2942
2026-09-23,15:29,AAREYDRUGS,healthcare,smallcap,0.4896,2.3681
2026-09-23,15:29,ACMESOLAR,realty,largecap,3.9173,1.5809
2026-09-23,15:29,ADOR,industrials,smallcap,0.3706,0.7191
2026-09-23,15:29,AEGISLOG,services,largecap,-0.7701,0.3344
2026-09-23,15:29,AEROFLEX,metals & mining,midcap,1.9378,0.4644
2026-09-23,15:29,AETHER,chemicals,largecap,1.1166,0.3099
2026-09-23,15:29,AHCL,healthcare,smallcap,29.607,15.3365
2026-09-23,15:29,AKSHARCHEM,chemicals,smallcap,-0.561,0.6383
2026-09-23,15:29,AKUMS,healthcare,midcap,5.053,1.6271
2026-09-23,15:29,AMANTA,healthcare,smallcap,-0.3896,0.2645
2026-09-23,15:29,ANTELOPUS,energy,smallcap,5.1002,1.921
2026-09-23,15:29,APARINDS,industrials,largecap,-5.2073,1.0615
2026-09-23,15:29,APCOTEXIND,chemicals,smallcap,0.8184,0.6732
2026-09-23,15:29,APOLLO,aerospace & defence,midcap,9.1449,0.49
2026-09-23,15:29,ARROWGREEN,plastic products,smallcap,1.2089,1.4717
2026-09-23,15:29,ARVIND,textiles,midcap,-0.7872,0.9354
2026-09-23,15:29,ASAHISONG,chemicals,smallcap,2.7092,0.5567
2026-09-23,15:29,ASIANENE,energy,smallcap,-0.518,1.0179
2026-09-23,15:29,ATHERENERG,auto,largecap,-8.5732,1.6921
2026-09-23,15:29,AVADHSUGAR,fmcg,smallcap,0.0479,0.7635
2026-09-23,15:29,AVALON,consumer discretionary,midcap,-3.6293,0.4144
2026-09-23,15:29,AVTNPL,fmcg,smallcap,13.0455,5.585
2026-09-23,15:29,AYMSYNTEX,textiles,smallcap,3.4081,1.35
2026-09-23,15:29,AZAD,aerospace & defence,midcap,-2.7631,0.6083
2026-09-23,15:29,BAFNAPH,healthcare,smallcap,6.0845,0.0485
2026-09-23,15:29,BALAMINES,chemicals,midcap,4.5913,0.8019
2026-09-23,15:29,BALPHARMA,healthcare,smallcap,7.5594,1.116
2026-09-23,15:29,BHAGERIA,chemicals,smallcap,5.0784,0.6881
2026-09-23,15:29,BHAGYANGR,power & utilities,smallcap,-0.4589,0.611
2026-09-23,15:29,BHEL,industrials,largecap,-3.819,0.4082
2026-09-23,15:29,BIRLACABLE,industrials,smallcap,-11.6239,4.8865
2026-09-23,15:29,BLISSGVS,healthcare,midcap,2.5446,0.0633
2026-09-23,15:29,BLSE,i.t,smallcap,1.8799,0.7241
2026-09-23,15:29,BLUESTONE,consumer discretionary,midcap,3.3837,5.7632
2026-09-23,15:29,BLUSPRING,miscellaneous,smallcap,7.4996,1.2974
2026-09-23,15:29,BODALCHEM,chemicals,smallcap,4.3403,3.0551
2026-09-23,15:29,CALSOFT,i.t,smallcap,2.1179,1.0301
2026-09-23,15:29,CAPLIPOINT,healthcare,largecap,1.6445,0.53
2026-09-23,15:29,CENTUM,aerospace & defence,midcap,11.3724,2.9703
2026-09-23,15:29,CHEMBOND,chemicals,smallcap,0.4721,0.6573
2026-09-23,15:29,CHEMBONDCH,chemicals,smallcap,-4.7881,0.1672
2026-09-23,15:29,CHENNPETRO,energy,largecap,-1.9766,0.4593
2026-09-23,15:29,COMSYN,industrials,smallcap,-2.365,3.056
2026-09-23,15:29,CONFIPET,miscellaneous,smallcap,-3.0778,2.1436
2026-09-23,15:29,CONSOFINVT,financials,smallcap,0.0993,0.293
2026-09-23,15:29,CORDSCABLE,industrials,smallcap,1.5104,6.6895
2026-09-23,15:29,CPPLUS,consumer discretionary,largecap,14.2112,1.1246
2026-09-23,15:29,CUPID,fmcg,largecap,3.3396,1.7608
2026-09-23,15:29,CYIENTDLM,aerospace & defence,midcap,2.4237,0.794
2026-09-23,15:29,DCBBANK,bank,midcap,2.4456,0.3422
2026-09-23,15:29,DCMNVL,textiles,smallcap,-0.4273,1.5873
2026-09-23,15:29,DEEDEV,metals & mining,midcap,6.3402,0.178
2026-09-23,15:29,DEEPINDS,energy,smallcap,3.9753,0.8717
2026-09-23,15:29,DIACABS,industrials,largecap,3.0125,0.354
2026-09-23,15:29,DIFFNKG,industrials,smallcap,-1.4581,0.6093
2026-09-23,15:29,DIVGIITTS,auto,smallcap,4.1497,1.4389
2026-09-23,15:29,DOLPHIN,energy,smallcap,8.7228,0.8737
2026-09-23,15:29,DYCL,industrials,smallcap,4.2632,1.3167
2026-09-23,15:29,DYNAMATECH,aerospace & defence,midcap,4.1456,1.3624
2026-09-23,15:29,E2E,i.t,midcap,4.5256,0.8181
2026-09-23,15:29,EBGNG,services,midcap,1.7211,2.7328
2026-09-23,15:29,ELGIRUBCO,fmcg,smallcap,-3.6526,0.2422
2026-09-23,15:29,EMAMIPAP,building materials,smallcap,-0.9426,0.2921
2026-09-23,15:29,EMIL,consumer discretionary,midcap,-2.527,1.537
2026-09-23,15:29,ENGINERSIN,realty,midcap,14.9615,2.2496
2026-09-23,15:29,ENTERO,healthcare,midcap,6.3615,1.0338
2026-09-23,15:29,ESAFSFB,bank,smallcap,3.8275,0.4793
2026-09-23,15:29,EXICOM,industrials,smallcap,2.6943,0.7776
2026-09-23,15:29,FCL,chemicals,midcap,-0.3683,0.913
2026-09-23,15:29,FILATEX,textiles,smallcap,15.8691,8.4204
2026-09-23,15:29,FINCABLES,industrials,largecap,4.1808,0.9783
2026-09-23,15:29,GANDHAR,energy,smallcap,-2.824,0.2579
2026-09-23,15:29,GANESHBE,miscellaneous,smallcap,3.3265,1.3308
2026-09-23,15:29,GAYAPROJ,realty,smallcap,-2.2249,1.9112
2026-09-23,15:29,GCSL,financials,smallcap,3.9043,1.4373
2026-09-23,15:29,GHCLTEXTIL,textiles,smallcap,8.1118,1.061
2026-09-23,15:29,GLAND,healthcare,largecap,-1.7455,0.4179
2026-09-23,15:29,GLOBAL,services,smallcap,3.2959,2.5993
2026-09-23,15:29,GNA,auto,smallcap,6.8212,13.3879
2026-09-23,15:29,GULFPETRO,chemicals,smallcap,7.2548,1.2321
2026-09-23,15:29,HAPPYFORGE,industrials,midcap,-2.2576,1.0234
2026-09-23,15:29,HITECHCORP,industrials,smallcap,1.7052,0.5638
2026-09-23,15:29,HONASA,services,midcap,1.1156,0.4624
2026-09-23,15:29,IBULLSLTD,miscellaneous,midcap,-4.179,0.8073
2026-09-23,15:29,ICIL,textiles,midcap,6.5273,2.4575
2026-09-23,15:29,IGPL,chemicals,smallcap,7.0526,5.1662
2026-09-23,15:29,IKIO,consumer discretionary,smallcap,-1.1225,0.275
2026-09-23,15:29,IL&FSENGG,realty,smallcap,3.5503,0.614
2026-09-23,15:29,INDNIPPON,auto,smallcap,0.0556,1.576
2026-09-23,15:29,INDOBORAX,chemicals,smallcap,-2.1265,0.1788
2026-09-23,15:29,INDORAMA,textiles,smallcap,9.8298,3.7762
2026-09-23,15:29,INDSWFTLAB,healthcare,smallcap,8.5198,0.9459
2026-09-23,15:29,INNOVACAP,healthcare,midcap,9.9847,6.3942
2026-09-23,15:29,INOXINDIA,industrials,midcap,3.34,0.6397
2026-09-23,15:29,IOLCP,healthcare,midcap,1.6983,1.1446
2026-09-23,15:29,IRISDOREME,consumer discretionary,smallcap,2.6014,0.6762
2026-09-23,15:29,ITDC,services,midcap,6.7371,0.2203
2026-09-23,15:29,IVP,chemicals,smallcap,6.0082,0.8098
2026-09-23,15:29,JASH,industrials,smallcap,13.0097,2.5006
2026-09-23,15:29,JGCHEM,chemicals,smallcap,1.4941,1.5851
2026-09-23,15:29,JINDALSAW,industrials,midcap,1.0708,0.287
2026-09-23,15:29,JINDWORLD,textiles,midcap,5.0302,1.2514
2026-09-23,15:29,JTLIND,metals & mining,smallcap,4.1519,1.4405
2026-09-23,15:29,KABRAEXTRU,industrials,smallcap,7.5191,3.4022
2026-09-23,15:29,KALYANIFRG,industrials,smallcap,-1.8098,0.57
2026-09-23,15:29,KAMDHENU,metals & mining,smallcap,-0.6821,1.1597
2026-09-23,15:29,KANORICHEM,chemicals,smallcap,-1.0157,2.1772
2026-09-23,15:29,KAPSTON,miscellaneous,smallcap,0.2738,0.9633
2026-09-23,15:29,KDDL,consumer discretionary,smallcap,10.1985,4.9055
2026-09-23,15:29,KENNAMET,industrials,midcap,0.8221,1.3327
2026-09-23,15:29,KILITCH,healthcare,smallcap,15.7587,0.4139
2026-09-23,15:29,KIRLOSENG,industrials,largecap,2.7499,0.6501
2026-09-23,15:29,KMEW,transportation,midcap,3.8467,0.4866
2026-09-23,15:29,KOPRAN,healthcare,smallcap,0.6556,1.0395
2026-09-23,15:29,KOVAI,healthcare,midcap,-1.052,0.2699
2026-09-23,15:29,KRISHANA,chemicals,smallcap,4.5917,0.5114
2026-09-23,15:29,KRN,industrials,midcap,-2.3233,0.2524
2026-09-23,15:29,KRONOX,chemicals,smallcap,8.4496,0.3849
2026-09-23,15:29,KROSS,auto,smallcap,16.4597,6.412
2026-09-23,15:29,KTKBANK,bank,midcap,9.3212,0.9584
2026-09-23,15:29,LANCORHOL,realty,smallcap,-0.0857,0.7603
2026-09-23,15:29,LAURUSLABS,healthcare,largecap,4.0942,0.635
2026-09-23,15:29,LLOYDSENGG,industrials,midcap,11.0275,2.44
2026-09-23,15:29,LOKESHMACH,industrials,smallcap,4.1908,1.1123
2026-09-23,15:29,LUMAXTECH,auto,midcap,-2.7488,1.0716
2026-09-23,15:29,MACPOWER,industrials,smallcap,-2.1383,1.2392
2026-09-23,15:29,MAHASTEEL,metals & mining,smallcap,1.3048,0.2137
2026-09-23,15:29,MAHESHWARI,services,smallcap,6.0117,0.2736
2026-09-23,15:29,MANAKSTEEL,metals & mining,smallcap,-0.8924,0.2607
2026-09-23,15:29,MANALIPETC,energy,smallcap,5.7525,1.4299
2026-09-23,15:29,MANINDS,metals & mining,midcap,15.8711,11.3865
2026-09-23,15:29,MANORAMA,fmcg,midcap,-1.9066,0.6683
2026-09-23,15:29,MARINE,industrials,midcap,12.289,25.3181
2026-09-23,15:29,MARKSANS,healthcare,midcap,8.5741,1.6834
2026-09-23,15:29,MAXESTATES,realty,midcap,1.5488,0.4586
2026-09-23,15:29,MBAPL,chemicals,smallcap,4.8117,0.727
2026-09-23,15:29,MBECL,realty,smallcap,9.2383,0.0184
2026-09-23,15:29,MCX,financials,largecap,3.4969,0.7073
2026-09-23,15:29,MENONBE,auto,smallcap,-4.9235,0.4075
2026-09-23,15:29,MMFL,industrials,smallcap,-2.2114,0.3196
2026-09-23,15:29,MMP,metals & mining,smallcap,-0.4391,2.1569
2026-09-23,15:29,MODISONLTD,industrials,smallcap,3.3217,0.4329
2026-09-23,15:29,MOREPENLAB,healthcare,midcap,1.1993,1.2402
2026-09-23,15:29,MPSLTD,i.t,smallcap,0.896,0.2458
2026-09-23,15:29,MSTCLTD,i.t,midcap,3.8948,0.2783
2026-09-23,15:29,MWL,metals & mining,smallcap,4.9624,1.7e+308
2026-09-23,15:29,NAVINFLUOR,chemicals,largecap,-1.5425,0.7936
2026-09-23,15:29,NELCO,telecom,smallcap,0.8796,1.8887
2026-09-23,15:29,NEOGEN,chemicals,midcap,-3.8699,1.0238
2026-09-23,15:29,NEULANDLAB,healthcare,largecap,-1.5324,0.4737
2026-09-23,15:29,NITINSPIN,textiles,smallcap,-0.2261,0.1629
2026-09-23,15:29,NPST,i.t,smallcap,0.886,0.8822
2026-09-23,15:29,NRBBEARING,industrials,midcap,2.9591,2.9555
2026-09-23,15:29,NRL,services,smallcap,15.7235,0.9756
2026-09-23,15:29,OAL,chemicals,smallcap,8.5967,0.709
2026-09-23,15:29,OMAXE,realty,smallcap,4.9612,0.5793
2026-09-23,15:29,ONELIFECAP,financials,smallcap,3.1452,1.0881
2026-09-23,15:29,OPTIEMUS,telecom,midcap,40.3745,35.6842
2026-09-23,15:29,ORCHPHARMA,healthcare,midcap,11.3519,1.0949
2026-09-23,15:29,PAISALO,financials,midcap,0.9831,1.5403
2026-09-23,15:29,PANACHE,i.t,smallcap,-0.4692,0.2818
2026-09-23,15:29,PANAMAPET,energy,smallcap,2.2331,0.464
2026-09-23,15:29,PARAS,aerospace & defence,midcap,0.6192,0.2972
2026-09-23,15:29,PASUPTAC,textiles,smallcap,14.0612,4.6275
2026-09-23,15:29,PGIL,consumer discretionary,midcap,13.498,2.6053
2026-09-23,15:29,PLAZACABLE,industrials,smallcap,2.9152,1.3309
2026-09-23,15:29,PRECWIRE,metals & mining,midcap,4.2747,0.7078
2026-09-23,15:29,PREMIERPOL,plastic products,smallcap,18.7769,21.5652
2026-09-23,15:29,PVP,realty,smallcap,15.7389,0.5347
2026-09-23,15:29,QPOWER,industrials,midcap,1.2694,0.4633
2026-09-23,15:29,QUADFUTURE,industrials,smallcap,-0.3124,0.2435
2026-09-23,15:29,QUESS,miscellaneous,midcap,2.0901,0.3145
2026-09-23,15:29,RACLGEAR,auto,smallcap,-4.0491,0.7886
2026-09-23,15:29,RADICO,fmcg,largecap,1.4662,1.3079
2026-09-23,15:29,RAIN,miscellaneous,midcap,7.2202,0.6573
2026-09-23,15:29,RAMRAT,metals & mining,midcap,0.703,1.1688
2026-09-23,15:29,RATNAVEER,metals & mining,smallcap,10.7435,2.5518
2026-09-23,15:29,RAYMOND,transportation,midcap,13.9724,4.5901
2026-09-23,15:29,RAYMONDREL,realty,smallcap,14.1339,20.1019
2026-09-23,15:29,REDINGTON,services,largecap,0.2251,0.7205
2026-09-23,15:29,RISHABH,industrials,smallcap,-3.3673,0.5961
2026-09-23,15:29,RML,auto,smallcap,2.4311,0.4708
2026-09-23,15:29,ROLEXRINGS,auto,smallcap,6.6829,2.5593
2026-09-23,15:29,ROSSTECH,aerospace & defence,midcap,5.4937,1.185
2026-09-23,15:29,RPEL,building materials,midcap,3.5887,0.554
2026-09-23,15:29,RPTECH,i.t,midcap,12.612,0.7678
2026-09-23,15:29,RSWM,textiles,smallcap,2.2142,0.9276
2026-09-23,15:29,RUBYMILLS,textiles,smallcap,4.9454,2.4716
2026-09-23,15:29,SAHYADRI,building materials,smallcap,1.1633,0.6758
2026-09-23,15:29,SAILIFE,healthcare,largecap,0.5686,0.4673
2026-09-23,15:29,SAKAR,healthcare,smallcap,-1.4536,1.9131
2026-09-23,15:29,SALSTEEL,metals & mining,smallcap,3.3552,1.6907
2026-09-23,15:29,SAMBHV,metals & mining,smallcap,7.2169,4.3653
2026-09-23,15:29,SANGINITA,chemicals,smallcap,6.0934,0.2403
2026-09-23,15:29,SANSERA,auto,largecap,8.4861,2.369
2026-09-23,15:29,SBC,textiles,smallcap,-0.9342,0.8217
2026-09-23,15:29,SBCL,metals & mining,midcap,5.4552,1.0113
2026-09-23,15:29,SCPL,fmcg,smallcap,4.4848,0.0688
2026-09-23,15:29,SEAMECLTD,miscellaneous,smallcap,1.5293,0.3395
2026-09-23,15:29,SETL,industrials,midcap,1.1557,0.7484
2026-09-23,15:29,SHAILY,plastic products,midcap,1.943,0.5832
2026-09-23,15:29,SHANTIGOLD,consumer discretionary,smallcap,14.6456,10.4433
2026-09-23,15:29,SHILPAMED,healthcare,largecap,1.6257,0.6639
2026-09-23,15:29,SHREEJISPG,transportation,midcap,2.2174,0.2982
2026-09-23,15:29,SHREEPUSHK,chemicals,smallcap,-3.5971,0.3071
2026-09-23,15:29,SIGMAADV,aerospace & defence,midcap,8.1515,0.879
2026-09-23,15:29,SKYGOLD,consumer discretionary,midcap,1.327,1.1815
2026-09-23,15:29,SMARTLINK,i.t,smallcap,-0.8936,0.2182
2026-09-23,15:29,SMLMAH,auto,midcap,7.9698,0.5186
2026-09-23,15:29,SOFTTECH,i.t,smallcap,-6.439,0.4867
2026-09-23,15:29,SONACOMS,auto,largecap,3.0941,1.4263
2026-09-23,15:29,SONAMLTD,consumer discretionary,smallcap,-3.2019,0.3307
2026-09-23,15:29,SOTL,energy,smallcap,1.0663,0.7581
2026-09-23,15:29,SPECIALITY,services,smallcap,5.2177,0.5748
2026-09-23,15:29,SPECTRUM,industrials,midcap,6.6456,0.6508
2026-09-23,15:29,SPLPETRO,energy,midcap,1.906,1.9575
2026-09-23,15:29,SSWL,auto,midcap,-0.1208,1.5672
2026-09-23,15:29,STEELCAS,industrials,smallcap,12.4414,2.0044
2026-09-23,15:29,STLNETWORK,telecom-service,smallcap,15.7159,1.058
2026-09-23,15:29,STLTECH,industrials,largecap,5.8989,0.3141
2026-09-23,15:29,STOVEKRAFT,consumer discretionary,smallcap,-0.0241,0.583
2026-09-23,15:29,SUBEXLTD,i.t,smallcap,9.7961,22.0021
2026-09-23,15:29,SWANDEF,transportation,midcap,1.0851,0.3032
2026-09-23,15:29,SYNCOMF,healthcare,smallcap,-0.1497,1.6895
2026-09-23,15:29,SYRMA,consumer discretionary,largecap,-0.5495,0.848
2026-09-23,15:29,TALBROAUTO,auto,smallcap,-2.0558,0.9576
2026-09-23,15:29,TARSONS,healthcare,smallcap,9.5884,0.2553
2026-09-23,15:29,TATVA,chemicals,smallcap,0.4463,0.8121
2026-09-23,15:29,TBZ,consumer discretionary,smallcap,14.7295,0.6389
2026-09-23,15:29,TCPLPACK,industrials,smallcap,4.1309,1.6062
2026-09-23,15:29,TDPOWERSYS,industrials,midcap,0.2291,0.7232
2026-09-23,15:29,TFCILTD,financials,midcap,1.3823,1.2164
2026-09-23,15:29,THEMISMED,healthcare,smallcap,-1.6133,0.1398
2026-09-23,15:29,TIRUPATIFL,industrials,smallcap,15.7506,2.0955
2026-09-23,15:29,TMB,bank,midcap,2.8635,0.7038
2026-09-23,15:29,UCAL,auto,smallcap,3.916,0.3744
2026-09-23,15:29,UNICHEMLAB,healthcare,smallcap,5.0394,1.1339
2026-09-23,15:29,UNIMECH,aerospace & defence,midcap,7.8426,1.7182
2026-09-23,15:29,UNIPARTS,industrials,smallcap,3.5719,0.5695
2026-09-23,15:29,UNITEDPOLY,textiles,smallcap,0.1963,0.8126
2026-09-23,15:29,UNIVCABLES,industrials,midcap,2.153,0.3434
2026-09-23,15:29,UNIVPHOTO,consumer discretionary,smallcap,-1.1901,0.0912
2026-09-23,15:29,VADILALIND,fmcg,midcap,1.7658,0.666
2026-09-23,15:29,VALIANTLAB,healthcare,smallcap,-1.6388,1.2771
2026-09-23,15:29,VALIANTORG,chemicals,smallcap,-1.3711,1.2336
2026-09-23,15:29,VARROC,auto,midcap,-2.9075,1.1159
2026-09-23,15:29,VENUSPIPES,metals & mining,smallcap,-2.0763,1.5447
2026-09-23,15:29,VIJAYA,healthcare,midcap,0.7569,0.9914
2026-09-23,15:29,VINDHYATEL,realty,smallcap,7.6917,0.7067
2026-09-23,15:29,VISAKAIND,building materials,smallcap,-1.3147,0.6898
2026-09-23,15:29,VSSL,metals & mining,smallcap,2.1992,0.612
2026-09-23,15:29,WABAG,realty,midcap,-3.9342,0.8169
2026-09-23,15:29,WELCORP,industrials,largecap,5.1389,1.6938
2026-09-23,15:29,WELENT,realty,midcap,-5.9938,0.9278
2026-09-23,15:29,WELINV,financials,smallcap,5.9052,0.0466
2026-09-23,15:29,WELSPUNLIV,textiles,largecap,4.2439,2.9584
2026-09-23,15:29,WHEELS,auto,midcap,2.9692,2.686
2026-09-23,15:29,WOCKPHARMA,healthcare,largecap,11.6773,2.968
2026-09-23,15:29,WSTCSTPAPR,building materials,smallcap,-2.7398,0.5924
2026-09-23,15:29,YASHO,chemicals,smallcap,3.5657,1.7768
2026-09-23,15:29,YATHARTH,healthcare,midcap,1.9921,1.0306
2026-09-23,15:29,ZIMLAB,healthcare,smallcap,-1.439,1.1355
2026-09-24,15:29,3IINFOLTD,i.t,smallcap,-2.1177,0.4384
2026-09-24,15:29,AAREYDRUGS,healthcare,smallcap,-1.831,2.3394
2026-09-24,15:29,ABDL,fmcg,midcap,9.9676,12.958
2026-09-24,15:29,ACMESOLAR,realty,largecap,2.6192,0.8976
2026-09-24,15:29,ADOR,industrials,smallcap,1.3065,0.9075
2026-09-24,15:29,AEGISLOG,services,largecap,-3.2288,0.4101
2026-09-24,15:29,AEGISVOPAK,transportation,largecap,-8.2077,1.9805
2026-09-24,15:29,AEROFLEX,metals & mining,midcap,3.1905,0.6222
2026-09-24,15:29,AETHER,chemicals,largecap,0.9939,0.3368
2026-09-24,15:29,AHCL,healthcare,smallcap,25.1092,6.6585
2026-09-24,15:29,AKSHARCHEM,chemicals,smallcap,-3.2768,1.4005
2026-09-24,15:29,AKUMS,healthcare,midcap,4.3256,0.8185
2026-09-24,15:29,AMANTA,healthcare,smallcap,-0.3896,0.1489
2026-09-24,15:29,ANTELOPUS,energy,smallcap,2.3623,0.6386
2026-09-24,15:29,APARINDS,industrials,largecap,-5.5891,0.6397
2026-09-24,15:29,APOLLO,aerospace & defence,midcap,7.6477,0.5446
2026-09-24,15:29,ARROWGREEN,plastic products,smallcap,0.7534,0.5037
2026-09-24,15:29,ARVIND,textiles,midcap,2.3706,1.5099
2026-09-24,15:29,ASAHISONG,chemicals,smallcap,4.0773,0.5444
2026-09-24,15:29,ASIANENE,energy,smallcap,-3.5754,0.833
2026-09-24,15:29,ATHERENERG,auto,largecap,-8.5976,0.8299
2026-09-24,15:29,AVADHSUGAR,fmcg,smallcap,-0.8693,0.2949
2026-09-24,15:29,AVALON,consumer discretionary,midcap,-8.7323,0.9319
2026-09-24,15:29,AYMSYNTEX,textiles,smallcap,0.7946,0.9734
2026-09-24,15:29,AZAD,aerospace & defence,midcap,-4.0139,0.5243
2026-09-24,15:29,BAFNAPH,healthcare,smallcap,8.1967,0.0625
2026-09-24,15:29,BHAGERIA,chemicals,smallcap,7.4384,1.1361
2026-09-24,15:29,BHAGYANGR,power & utilities,smallcap,-3.2236,0.5706
2026-09-24,15:29,BIRLACABLE,industrials,smallcap,-15.7021,3.4488
2026-09-24,15:29,BLISSGVS,healthcare,midcap,0.7626,0.0663
2026-09-24,15:29,BLSE,i.t,smallcap,3.2228,0.5831
2026-09-24,15:29,BLUSPRING,miscellaneous,smallcap,13.9614,3.0956
2026-09-24,15:29,BODALCHEM,chemicals,smallcap,2.0133,3.3463
2026-09-24,15:29,CALSOFT,i.t,smallcap,-2.9855,1.0378
2026-09-24,15:29,CAPLIPOINT,healthcare,largecap,4.3222,9.9851
2026-09-24,15:29,CENTUM,aerospace & defence,midcap,11.6378,1.3778
2026-09-24,15:29,CHEMBOND,chemicals,smallcap,-0.6121,0.5178
2026-09-24,15:29,CHENNPETRO,energy,largecap,-3.099,0.3705
2026-09-24,15:29,COMSYN,industrials,smallcap,-4.5833,0.985
2026-09-24,15:29,CONFIPET,miscellaneous,smallcap,-6.1555,0.9621
2026-09-24,15:29,CONSOFINVT,financials,smallcap,-4.1363,1.3011
2026-09-24,15:29,CORDSCABLE,industrials,smallcap,0.714,1.1361
2026-09-24,15:29,CPPLUS,consumer discretionary,largecap,13.2634,1.1707
2026-09-24,15:29,CUPID,fmcg,largecap,0.4906,1.035
2026-09-24,15:29,CYIENTDLM,aerospace & defence,midcap,-2.9765,0.4718
2026-09-24,15:29,DCMNVL,textiles,smallcap,-0.8657,0.1612
2026-09-24,15:29,DEEDEV,metals & mining,midcap,1.0243,0.0899
2026-09-24,15:29,DEEPINDS,energy,smallcap,3.047,0.8315
2026-09-24,15:29,DIACABS,industrials,largecap,-1.7312,0.2394
2026-09-24,15:29,DIFFNKG,industrials,smallcap,-4.1611,0.4763
2026-09-24,15:29,DIVGIITTS,auto,smallcap,2.3359,0.5821
2026-09-24,15:29,DOLPHIN,energy,smallcap,2.9752,0.4957
2026-09-24,15:29,DYCL,industrials,smallcap,3.4543,1.0785
2026-09-24,15:29,DYNAMATECH,aerospace & defence,midcap,4.0627,0.8723
2026-09-24,15:29,E2E,i.t,midcap,6.4264,0.7323
2026-09-24,15:29,EBGNG,services,midcap,-3.7551,1.6403
2026-09-24,15:29,EMAMIPAP,building materials,smallcap,-0.994,0.2915
2026-09-24,15:29,EMIL,consumer discretionary,midcap,-3.6275,1.1193
2026-09-24,15:29,ENGINERSIN,realty,midcap,11.376,0.9258
2026-09-24,15:29,ENTERO,healthcare,midcap,6.9214,1.5471
2026-09-24,15:29,ESAFSFB,bank,smallcap,4.1592,1.4734
2026-09-24,15:29,EXICOM,industrials,smallcap,0.5865,0.3249
2026-09-24,15:29,FCL,chemicals,midcap,-1.6661,1.4779
2026-09-24,15:29,FILATEX,textiles,smallcap,12.2455,1.9948
2026-09-24,15:29,FINCABLES,industrials,largecap,4.8753,1.2974
2026-09-24,15:29,GANDHAR,energy,smallcap,-4.8878,0.2199
2026-09-24,15:29,GANESHBE,miscellaneous,smallcap,-0.2917,0.6007
2026-09-24,15:29,GAYAPROJ,realty,smallcap,-6.9175,3.1126
2026-09-24,15:29,GCSL,financials,smallcap,2.3846,1.1166
2026-09-24,15:29,GHCLTEXTIL,textiles,smallcap,8.6981,1.2417
2026-09-24,15:29,GLAND,healthcare,largecap,-2.1777,0.8536
2026-09-24,15:29,GLOBAL,services,smallcap,8.3282,6.9481
2026-09-24,15:29,GNA,auto,smallcap,11.0823,24.6016
2026-09-24,15:29,GREAVESCOT,industrials,smallcap,12.4044,9.5202
2026-09-24,15:29,GULFPETRO,chemicals,smallcap,2.6822,0.5493
2026-09-24,15:29,HAPPYFORGE,industrials,midcap,-2.9558,0.6139
2026-09-24,15:29,HITECHCORP,industrials,smallcap,0.9592,0.1664
2026-09-24,15:29,HONASA,services,midcap,-1.3763,0.439
2026-09-24,15:29,IBULLSLTD,miscellaneous,midcap,-6.5153,2.2815
2026-09-24,15:29,ICIL,textiles,midcap,0.8047,0.6206
2026-09-24,15:29,IGPL,chemicals,smallcap,6.5891,4.0116
2026-09-24,15:29,IL&FSENGG,realty,smallcap,2.3669,0.2011
2026-09-24,15:29,INDIAGLYCO,fmcg,smallcap,16.041,4.9582
2026-09-24,15:29,INDNIPPON,auto,smallcap,4.4365,1.4197
2026-09-24,15:29,INDORAMA,textiles,smallcap,11.7188,4.9874
2026-09-24,15:29,INDSWFTLAB,healthcare,smallcap,7.5017,0.7487
2026-09-24,15:29,INNOVACAP,healthcare,midcap,9.7898,1.4113
2026-09-24,15:29,INOXINDIA,industrials,midcap,-1.62,0.7402
2026-09-24,15:29,IOLCP,healthcare,midcap,0.0345,1.1797
2026-09-24,15:29,IRISDOREME,consumer discretionary,smallcap,1.9665,0.3341
2026-09-24,15:29,IVP,chemicals,smallcap,6.2919,0.8212
2026-09-24,15:29,JGCHEM,chemicals,smallcap,-1.7391,2.0904
2026-09-24,15:29,JINDALSAW,industrials,midcap,-2.2107,0.2029
2026-09-24,15:29,JTLIND,metals & mining,smallcap,2.7718,0.4515
2026-09-24,15:29,KABRAEXTRU,industrials,smallcap,18.2658,4.3266
2026-09-24,15:29,KAMDHENU,metals & mining,smallcap,-1.7296,0.5219
2026-09-24,15:29,KANORICHEM,chemicals,smallcap,3.9216,3.0452
2026-09-24,15:29,KAPSTON,miscellaneous,smallcap,-1.0611,0.8478
2026-09-24,15:29,KDDL,consumer discretionary,midcap,6.7748,2.1495
2026-09-24,15:29,KENNAMET,industrials,midcap,-0.3527,0.5635
2026-09-24,15:29,KILITCH,healthcare,smallcap,13.4657,1.2809
2026-09-24,15:29,KMEW,transportation,midcap,0.1733,0.3831
2026-09-24,15:29,KOPRAN,healthcare,smallcap,-2.446,0.6866
2026-09-24,15:29,KOVAI,healthcare,midcap,-2.0077,0.4979
2026-09-24,15:29,KRISHANA,chemicals,smallcap,2.5682,0.6129
2026-09-24,15:29,KRN,industrials,midcap,-3.0839,0.1705
2026-09-24,15:29,KRONOX,chemicals,smallcap,13.8665,0.7664
2026-09-24,15:29,KROSS,auto,smallcap,14.0934,1.5469
2026-09-24,15:29,KTKBANK,bank,midcap,7.7597,0.5502
2026-09-24,15:29,LANCORHOL,realty,smallcap,-2.7714,0.737
2026-09-24,15:29,LAURUSLABS,healthcare,largecap,3.695,0.6459
2026-09-24,15:29,LLOYDSENGG,industrials,midcap,10.2875,1.3099
2026-09-24,15:29,LOKESHMACH,industrials,smallcap,-0.551,0.6309
2026-09-24,15:29,LUMAXTECH,auto,midcap,-1.6122,0.4685
2026-09-24,15:29,MACPOWER,industrials,smallcap,-2.0622,1.6137
2026-09-24,15:29,MAHASTEEL,metals & mining,smallcap,6.1301,0.2688
2026-09-24,15:29,MAHESHWARI,services,smallcap,5.8224,0.3372
2026-09-24,15:29,MANAKSTEEL,metals & mining,smallcap,-5.0567,0.932
2026-09-24,15:29,MANALIPETC,energy,smallcap,0.4342,0.742
2026-09-24,15:29,MANINDS,metals & mining,midcap,13.0703,1.5019
2026-09-24,15:29,MARINE,industrials,midcap,5.8808,2.8154
2026-09-24,15:29,MARKSANS,healthcare,midcap,5.3881,1.4463
2026-09-24,15:29,MAXESTATES,realty,midcap,3.8384,10.7843
2026-09-24,15:29,MBAPL,chemicals,smallcap,2.6592,0.4142
2026-09-24,15:29,MBECL,realty,smallcap,11.4221,0.0363
2026-09-24,15:29,MCX,financials,largecap,5.1442,1.3031
2026-09-24,15:29,MENONBE,auto,smallcap,-7.4483,0.3917
2026-09-24,15:29,MMFL,industrials,smallcap,-2.5137,0.2246
2026-09-24,15:29,MMP,metals & mining,smallcap,-2.7632,1.2262
2026-09-24,15:29,MODISONLTD,industrials,smallcap,-0.0546,0.6234
2026-09-24,15:29,MOREPENLAB,healthcare,midcap,-3.5567,1.012
2026-09-24,15:29,MSTCLTD,i.t,midcap,1.9336,0.5655
2026-09-24,15:29,MWL,metals & mining,smallcap,3.1515,0.4339
2026-09-24,15:29,NAVINFLUOR,chemicals,largecap,-1.5017,0.2659
2026-09-24,15:29,NELCO,telecom,smallcap,-1.858,0.6633
2026-09-24,15:29,NEOGEN,chemicals,midcap,-6.5223,1.3764
2026-09-24,15:29,NEULANDLAB,healthcare,largecap,-4.0937,1.4321
2026-09-24,15:29,NITINSPIN,textiles,smallcap,-2.2045,0.2079
2026-09-24,15:29,NPST,i.t,smallcap,-2.5267,1.0311
2026-09-24,15:29,NRBBEARING,industrials,midcap,0.647,0.6611
2026-09-24,15:29,NRL,services,smallcap,14.8465,1.8225
2026-09-24,15:29,OAL,chemicals,smallcap,3.5301,0.7907
2026-09-24,15:29,OCCLLTD,chemicals,smallcap,3.6342,0.5169
2026-09-24,15:29,OMAXE,realty,smallcap,0.3069,0.3946
2026-09-24,15:29,ONELIFECAP,financials,smallcap,5.2616,0.8236
2026-09-24,15:29,OPTIEMUS,telecom,midcap,32.4352,5.3419
2026-09-24,15:29,ORCHPHARMA,healthcare,midcap,10.7558,1.1264
2026-09-24,15:29,PAISALO,financials,midcap,-0.067,1.07
2026-09-24,15:29,PANACHE,i.t,smallcap,-1.3979,0.0658
2026-09-24,15:29,PANAMAPET,energy,smallcap,2.2118,0.3127
2026-09-24,15:29,PASUPTAC,textiles,smallcap,8.9597,1.9243
2026-09-24,15:29,PAYTM,i.t,largecap,-6.1841,0.9872
2026-09-24,15:29,PGIL,consumer discretionary,midcap,11.1247,0.9903
2026-09-24,15:29,PLAZACABLE,industrials,smallcap,-0.606,0.8129
2026-09-24,15:29,PRECWIRE,metals & mining,midcap,2.1948,0.3126
2026-09-24,15:29,PREMIERPOL,plastic products,smallcap,23.4312,20.3061
2026-09-24,15:29,PVP,realty,smallcap,9.9865,3.0033
2026-09-24,15:29,QPOWER,industrials,midcap,-2.3436,0.4353
2026-09-24,15:29,QUADFUTURE,industrials,smallcap,-5.2632,0.2667
2026-09-24,15:29,QUESS,miscellaneous,midcap,0.4977,0.4733
2026-09-24,15:29,RACLGEAR,auto,smallcap,-4.6056,0.3368
2026-09-24,15:29,RAIN,miscellaneous,midcap,5.4659,0.9328
2026-09-24,15:29,RAMRAT,metals & mining,midcap,-1.1447,0.6432
2026-09-24,15:29,RATNAVEER,metals & mining,smallcap,8.254,0.9371
2026-09-24,15:29,RAYMOND,transportation,midcap,23.093,7.4618
2026-09-24,15:29,REDINGTON,services,largecap,1.6381,0.7558
2026-09-24,15:29,RISHABH,industrials,smallcap,-7.8658,0.7902
2026-09-24,15:29,RML,auto,smallcap,2.8917,2.0388
2026-09-24,15:29,ROLEXRINGS,auto,smallcap,5.4219,0.5785
2026-09-24,15:29,ROSSTECH,aerospace & defence,midcap,3.2453,0.4766
2026-09-24,15:29,RPEL,building materials,midcap,2.7838,0.4755
2026-09-24,15:29,RPTECH,i.t,midcap,10.7074,0.3564
2026-09-24,15:29,RSWM,textiles,smallcap,0.0499,1.1125
2026-09-24,15:29,RUBYMILLS,textiles,smallcap,5.8874,0.7056
2026-09-24,15:29,SAHYADRI,building materials,smallcap,0.4106,1.5461
2026-09-24,15:29,SAILIFE,healthcare,largecap,-0.3499,0.9162
2026-09-24,15:29,SAKAR,healthcare,smallcap,-4.344,1.0154
2026-09-24,15:29,SALSTEEL,metals & mining,smallcap,8.5218,4.5746
2026-09-24,15:29,SAMBHV,metals & mining,smallcap,3.2459,1.4112
2026-09-24,15:29,SANGINITA,chemicals,smallcap,3.9826,1.5219
2026-09-24,15:29,SANSERA,auto,largecap,8.1152,1.1736
2026-09-24,15:29,SBC,textiles,smallcap,-2.498,0.7633
2026-09-24,15:29,SBCL,metals & mining,midcap,4.2875,0.5584
2026-09-24,15:29,SCPL,fmcg,smallcap,1.3583,0.2268
2026-09-24,15:29,SEAMECLTD,miscellaneous,smallcap,0.2201,0.3509
2026-09-24,15:29,SETL,industrials,midcap,0.1118,1.0118
2026-09-24,15:29,SHANTIGOLD,consumer discretionary,smallcap,12.8746,3.4334
2026-09-24,15:29,SHILPAMED,healthcare,largecap,-1.3515,0.6717
2026-09-24,15:29,SHREEJISPG,transportation,midcap,2.3727,0.3204
2026-09-24,15:29,SHREEPUSHK,chemicals,smallcap,-4.3068,0.5699
2026-09-24,15:29,SIGMAADV,aerospace & defence,midcap,9.6467,0.975
2026-09-24,15:29,SKYGOLD,consumer discretionary,midcap,-0.1276,0.48
2026-09-24,15:29,SMARTLINK,i.t,smallcap,-1.193,0.0576
2026-09-24,15:29,SMLMAH,auto,midcap,4.9344,0.3281
2026-09-24,15:29,SOFTTECH,i.t,smallcap,-7.5138,0.3956
2026-09-24,15:29,SOMANYCERA,building materials,smallcap,5.1083,1.1473
2026-09-24,15:29,SONACOMS,auto,largecap,1.0272,1.1502
2026-09-24,15:29,SOTL,energy,smallcap,2.6057,1.095
2026-09-24,15:29,SPECIALITY,services,smallcap,4.4724,0.6578
2026-09-24,15:29,SPECTRUM,industrials,midcap,10.4191,0.9673
2026-09-24,15:29,SPLPETRO,energy,midcap,1.6403,0.751
2026-09-24,15:29,SSWL,auto,midcap,0.9936,1.9902
2026-09-24,15:29,STEELCAS,industrials,smallcap,11.8475,1.3009
2026-09-24,15:29,STLNETWORK,telecom-service,smallcap,21.0943,9.0623
2026-09-24,15:29,STLTECH,industrials,largecap,0.6045,0.2504
2026-09-24,15:29,STOVEKRAFT,consumer discretionary,smallcap,-1.3204,0.3686
2026-09-24,15:29,SUBEXLTD,i.t,smallcap,2.9836,5.9156
2026-09-24,15:29,SWANDEF,transportation,midcap,-1.085,0.128
2026-09-24,15:29,SYNCOMF,healthcare,smallcap,-0.0499,3.7876
2026-09-24,15:29,SYRMA,consumer discretionary,largecap,-1.7526,0.5098
2026-09-24,15:29,TALBROAUTO,auto,smallcap,-2.2446,1.2292
2026-09-24,15:29,TARSONS,healthcare,smallcap,9.5884,0.2127
2026-09-24,15:29,TBZ,consumer discretionary,smallcap,11.8134,0.4799
2026-09-24,15:29,TCPLPACK,industrials,smallcap,5.5824,1.4378
2026-09-24,15:29,TDPOWERSYS,industrials,midcap,-2.8478,0.506
2026-09-24,15:29,TFCILTD,financials,midcap,2.7503,1.9947
2026-09-24,15:29,THEMISMED,healthcare,smallcap,-4.735,0.1284
2026-09-24,15:29,TIRUPATIFL,industrials,smallcap,18.0112,2.2759
2026-09-24,15:29,TMB,bank,midcap,-0.2456,0.4946
2026-09-24,15:29,UCAL,auto,smallcap,2.3887,0.1004
2026-09-24,15:29,UNICHEMLAB,healthcare,smallcap,1.2736,0.5988
2026-09-24,15:29,UNIMECH,aerospace & defence,midcap,6.347,1.3952
2026-09-24,15:29,UNIPARTS,industrials,smallcap,2.267,0.2585
2026-09-24,15:29,UNITEDPOLY,textiles,smallcap,-1.265,1.2326
2026-09-24,15:29,UNIVCABLES,industrials,midcap,2.7082,0.7049
2026-09-24,15:29,UNIVPHOTO,consumer discretionary,smallcap,-5.8476,0.1096
2026-09-24,15:29,VADILALIND,fmcg,midcap,0.6995,0.5324
2026-09-24,15:29,VALIANTLAB,healthcare,smallcap,-0.0892,0.9776
2026-09-24,15:29,VALIANTORG,chemicals,smallcap,-3.5861,1.0153
2026-09-24,15:29,VARROC,auto,midcap,-3.2674,0.4579
2026-09-24,15:29,VENUSPIPES,metals & mining,smallcap,-3.3554,0.9445
2026-09-24,15:29,VIJAYA,healthcare,midcap,-2.0784,0.4817
2026-09-24,15:29,VINDHYATEL,realty,smallcap,4.0414,0.9292
2026-09-24,15:29,VISAKAIND,building materials,smallcap,-2.6397,6.3407
2026-09-24,15:29,VSSL,metals & mining,smallcap,0.0741,0.6819
2026-09-24,15:29,WABAG,realty,midcap,-4.8485,1.4761
2026-09-24,15:29,WELCORP,industrials,largecap,1.2067,0.9737
2026-09-24,15:29,WELENT,realty,midcap,-9.012,0.6892
2026-09-24,15:29,WELINV,financials,smallcap,5.9052,0.0058
2026-09-24,15:29,WELSPUNLIV,textiles,largecap,3.5684,1.1945
2026-09-24,15:29,WHEELS,auto,midcap,0.2344,0.9917
2026-09-24,15:29,WOCKPHARMA,healthcare,largecap,9.664,0.6371
2026-09-24,15:29,WSTCSTPAPR,building materials,smallcap,-3.9503,1.1616
2026-09-24,15:29,YASHO,chemicals,smallcap,1.042,1.2387
2026-09-24,15:29,YATHARTH,healthcare,midcap,1.5358,0.9155
2026-09-24,15:29,ZIMLAB,healthcare,smallcap,1.7047,0.8644
2026-09-25,15:29,3IINFOLTD,i.t,smallcap,-4.5098,0.3793
2026-09-25,15:29,AAREYDRUGS,healthcare,smallcap,-0.5483,0.7535
2026-09-25,15:29,ABDL,fmcg,midcap,10.4154,7.774
2026-09-25,15:29,ACMESOLAR,realty,largecap,1.7576,1.7806
2026-09-25,15:29,ADOR,industrials,smallcap,2.9395,1.0528
2026-09-25,15:29,AEGISLOG,services,largecap,-3.5326,0.2178
2026-09-25,15:29,AEGISVOPAK,transportation,largecap,-8.7157,0.5462
2026-09-25,15:29,AEROFLEX,metals & mining,midcap,2.8969,0.2552
2026-09-25,15:29,AETHER,chemicals,largecap,8.4049,4.9504
2026-09-25,15:29,AHCL,healthcare,smallcap,37.5983,10.6344
2026-09-25,15:29,AKSHARCHEM,chemicals,smallcap,0.5738,1.3488
2026-09-25,15:29,AKUMS,healthcare,midcap,4.5745,0.5709
2026-09-25,15:29,AMANTA,healthcare,smallcap,-2.0795,0.0588
2026-09-25,15:29,ANTELOPUS,energy,smallcap,14.1965,12.6002
2026-09-25,15:29,APARINDS,industrials,largecap,-5.7376,0.7016
2026-09-25,15:29,APOLLO,aerospace & defence,midcap,6.717,0.416
2026-09-25,15:29,ARROWGREEN,plastic products,smallcap,1.8611,0.7116
2026-09-25,15:29,ARVIND,textiles,midcap,-0.6424,0.4933
2026-09-25,15:29,ASAHISONG,chemicals,smallcap,8.0338,1.381
2026-09-25,15:29,ASIANENE,energy,smallcap,-0.9142,0.7457
2026-09-25,15:29,ATHERENERG,auto,largecap,-8.7195,0.4801
2026-09-25,15:29,AVADHSUGAR,fmcg,smallcap,9.0424,4.0123
2026-09-25,15:29,AVALON,consumer discretionary,midcap,-8.2437,1.3407
2026-09-25,15:29,AYMSYNTEX,textiles,smallcap,3.8142,1.3422
2026-09-25,15:29,AZAD,aerospace & defence,midcap,-2.2327,1.1866
2026-09-25,15:29,BAFNAPH,healthcare,smallcap,10.3562,0.1836
2026-09-25,15:29,BHAGERIA,chemicals,smallcap,17.879,4.2899
2026-09-25,15:29,BHAGYANGR,power & utilities,smallcap,-4.7347,0.3793
2026-09-25,15:29,BIRLACABLE,industrials,smallcap,-11.4896,4.4598
2026-09-25,15:29,BLISSGVS,healthcare,midcap,3.3512,0.1803
2026-09-25,15:29,BLSE,i.t,smallcap,2.5434,0.4084
2026-09-25,15:29,BLUSPRING,miscellaneous,smallcap,17.6585,1.4698
2026-09-25,15:29,BODALCHEM,chemicals,smallcap,5.6424,2.0192
2026-09-25,15:29,CALSOFT,i.t,smallcap,-7.8336,1.676
2026-09-25,15:29,CAPLIPOINT,healthcare,largecap,3.1471,1.4524
2026-09-25,15:29,CENTUM,aerospace & defence,midcap,10.8232,1.1033
2026-09-25,15:29,CHEMBOND,chemicals,smallcap,-0.4046,0.6051
2026-09-25,15:29,CHENNPETRO,energy,largecap,-2.8378,0.4729
2026-09-25,15:29,COMSYN,industrials,smallcap,-7.7312,6.0579
2026-09-25,15:29,CONFIPET,miscellaneous,smallcap,-3.9913,0.5244
2026-09-25,15:29,CORDSCABLE,industrials,smallcap,-4.2153,0.795
2026-09-25,15:29,CPPLUS,consumer discretionary,largecap,9.9073,0.6097
2026-09-25,15:29,CUPID,fmcg,largecap,1.8868,0.4568
2026-09-25,15:29,CYIENTDLM,aerospace & defence,midcap,-0.9886,0.3959
2026-09-25,15:29,DCMNVL,textiles,smallcap,-0.5827,0.582
2026-09-25,15:29,DEEDEV,metals & mining,midcap,-0.3813,0.0926
2026-09-25,15:29,DEEPINDS,energy,smallcap,5.0784,0.8795
2026-09-25,15:29,DIACABS,industrials,largecap,-3.3533,0.1739
2026-09-25,15:29,DIFFNKG,industrials,smallcap,-3.4432,0.3496
2026-09-25,15:29,DIVGIITTS,auto,smallcap,2.1589,0.6664
2026-09-25,15:29,DOLPHIN,energy,smallcap,3.2983,0.2938
2026-09-25,15:29,DYCL,industrials,smallcap,-0.0984,0.8223
2026-09-25,15:29,DYNAMATECH,aerospace & defence,midcap,9.054,1.3825
2026-09-25,15:29,E2E,i.t,midcap,7.3233,0.3232
2026-09-25,15:29,EBGNG,services,midcap,-4.8432,0.9303
2026-09-25,15:29,EMIL,consumer discretionary,midcap,2.0073,2.7001
2026-09-25,15:29,ENGINERSIN,realty,midcap,18.5095,3.8687
2026-09-25,15:29,ENTERO,healthcare,midcap,5.1665,0.6888
2026-09-25,15:29,ESAFSFB,bank,smallcap,9.3646,1.0022
2026-09-25,15:29,FCL,chemicals,midcap,6.068,3.4506
2026-09-25,15:29,FILATEX,textiles,smallcap,13.9721,2.933
2026-09-25,15:29,FINCABLES,industrials,largecap,3.5218,0.8198
2026-09-25,15:29,GANDHAR,energy,smallcap,-5.2679,0.2117
2026-09-25,15:29,GANESHBE,miscellaneous,smallcap,3.1373,1.0738
2026-09-25,15:29,GAYAPROJ,realty,smallcap,-7.322,1.1067
2026-09-25,15:29,GCSL,financials,smallcap,5.6422,1.4665
2026-09-25,15:29,GHCLTEXTIL,textiles,smallcap,11.734,1.2157
2026-09-25,15:29,GLAND,healthcare,largecap,-1.5092,0.3247
2026-09-25,15:29,GLOBAL,services,smallcap,4.0258,1.8014
2026-09-25,15:29,GNA,auto,smallcap,10.581,2.0818
2026-09-25,15:29,GREAVESCOT,industrials,midcap,18.9663,6.2923
2026-09-25,15:29,GULFPETRO,chemicals,smallcap,-1.6319,1.1653
2026-09-25,15:29,HAPPYFORGE,"castings, forgings & fasteners",midcap,-3.9473,0.4631
2026-09-25,15:29,HITECHCORP,industrials,smallcap,0.5329,0.0236
2026-09-25,15:29,IBULLSLTD,miscellaneous,midcap,-1.8427,1.8373
2026-09-25,15:29,ICIL,textiles,midcap,-0.3577,0.3797
2026-09-25,15:29,IGPL,chemicals,smallcap,7.816,1.3284
2026-09-25,15:29,IL&FSENGG,realty,smallcap,-1.3807,1.2456
2026-09-25,15:29,INDIAGLYCO,fmcg,smallcap,17.5199,2.094
2026-09-25,15:29,INDNIPPON,auto,smallcap,4.619,1.2805
2026-09-25,15:29,INDORAMA,textiles,smallcap,9.1269,1.5473
2026-09-25,15:29,INDSWFTLAB,healthcare,smallcap,8.3322,0.5148
2026-09-25,15:29,INNOVACAP,healthcare,midcap,8.5777,0.4826
2026-09-25,15:29,INOXINDIA,industrials,midcap,2.7635,1.6696
2026-09-25,15:29,IOLCP,healthcare,midcap,0.5119,0.8153
2026-09-25,15:29,IRISDOREME,readymade garments/apparels,smallcap,2.4311,1.1421
2026-09-25,15:29,IVP,chemicals,smallcap,6.3151,0.6995
2026-09-25,15:29,JASH,industrials,smallcap,13.9499,1.6212
2026-09-25,15:29,JGCHEM,chemicals,smallcap,1.2573,1.015
2026-09-25,15:29,JINDALSAW,industrials,midcap,-1.3817,0.2941
2026-09-25,15:29,JTLIND,metals & mining,smallcap,3.9808,0.377
2026-09-25,15:29,KABRAEXTRU,industrials,smallcap,24.1784,3.7227
2026-09-25,15:29,KALYANIFRG,"castings, forgings & fasteners",smallcap,-0.1025,0.6808
2026-09-25,15:29,KAMDHENU,metals & mining,smallcap,-2.6553,0.3383
2026-09-25,15:29,KANORICHEM,chemicals,smallcap,7.8431,2.0308
2026-09-25,15:29,KAPSTON,miscellaneous,smallcap,-8.3176,39.8577
2026-09-25,15:29,KDDL,consumer discretionary,midcap,4.5356,1.4788
2026-09-25,15:29,KENNAMET,"castings, forgings & fasteners",midcap,-1.7354,1.3019
2026-09-25,15:29,KILITCH,healthcare,smallcap,17.1429,0.483
2026-09-25,15:29,KMEW,transportation,midcap,-0.7104,0.1921
2026-09-25,15:29,KOPRAN,healthcare,smallcap,2.4964,1.1944
2026-09-25,15:29,KOVAI,healthcare,midcap,-2.1764,0.5261
2026-09-25,15:29,KRISHANA,chemicals,smallcap,4.0858,0.3461
2026-09-25,15:29,KRONOX,chemicals,smallcap,19.5555,0.636
2026-09-25,15:29,KTKBANK,bank,midcap,6.9152,0.1828
2026-09-25,15:29,LANCORHOL,realty,smallcap,-4.0286,0.4231
2026-09-25,15:29,LAURUSLABS,healthcare,largecap,2.7124,0.673
2026-09-25,15:29,LLOYDSENGG,industrials,midcap,19.5681,7.1193
2026-09-25,15:29,LLOYDSENT,services,midcap,15.7321,3.1424
2026-09-25,15:29,LOKESHMACH,industrials,smallcap,-1.3341,0.2956
2026-09-25,15:29,LOTUSDEV,realty,midcap,1.3294,0.4505
2026-09-25,15:29,LUMAXTECH,auto,midcap,-3.6096,0.2632
2026-09-25,15:29,MACPOWER,industrials,smallcap,-1.9957,0.646
2026-09-25,15:29,MAHASTEEL,metals & mining,smallcap,7.8991,0.1741
2026-09-25,15:29,MAHESHWARI,services,smallcap,6.8413,0.3607
2026-09-25,15:29,MANAKSTEEL,metals & mining,smallcap,-2.3239,0.5511
2026-09-25,15:29,MANALIPETC,energy,smallcap,2.0864,0.7302
2026-09-25,15:29,MANINDS,metals & mining,midcap,19.8227,1.8603
2026-09-25,15:29,MARINE,industrials,midcap,9.1113,1.8746
2026-09-25,15:29,MARKSANS,healthcare,midcap,5.2475,0.7343
2026-09-25,15:29,MAWANASUG,fmcg,smallcap,16.7148,16.7746
2026-09-25,15:29,MAXESTATES,realty,midcap,0.1094,1.2275
2026-09-25,15:29,MBAPL,chemicals,smallcap,5.4123,0.5384
2026-09-25,15:29,MBECL,realty,smallcap,13.6482,0.0467
2026-09-25,15:29,MCX,financials,largecap,1.9908,0.7524
2026-09-25,15:29,MENONBE,auto,smallcap,-5.8703,0.2852
2026-09-25,15:29,MMFL,"castings, forgings & fasteners",smallcap,-1.9728,0.2901
2026-09-25,15:29,MMP,metals & mining,smallcap,-1.4137,0.8409
2026-09-25,15:29,MODISONLTD,industrials,smallcap,-2.9611,0.6367
2026-09-25,15:29,MOREPENLAB,healthcare,midcap,-0.4301,0.9868
2026-09-25,15:29,MSTCLTD,i.t,midcap,2.3134,0.809
2026-09-25,15:29,MWL,metals & mining,smallcap,1.2935,0.2995
2026-09-25,15:29,NAVINFLUOR,chemicals,largecap,-0.064,0.4907
2026-09-25,15:29,NELCO,telecom,smallcap,-3.4936,0.4804
2026-09-25,15:29,NEOGEN,chemicals,midcap,-4.1472,0.9661
2026-09-25,15:29,NEULANDLAB,healthcare,largecap,-4.1594,0.7362
2026-09-25,15:29,NITINSPIN,textiles,smallcap,-1.1063,0.0831
2026-09-25,15:29,NPST,i.t,smallcap,-1.761,0.7501
2026-09-25,15:29,NRBBEARING,industrials,midcap,1.7697,0.6833
2026-09-25,15:29,NRL,services,smallcap,12.5496,0.836
2026-09-25,15:29,OAL,chemicals,smallcap,3.7927,0.8388
2026-09-25,15:29,OCCLLTD,chemicals,smallcap,8.813,1.354
2026-09-25,15:29,OMAXE,realty,smallcap,1.04,0.5436
2026-09-25,15:29,ONELIFECAP,financials,smallcap,5.9671,1.178
2026-09-25,15:29,OPTIEMUS,telecom,midcap,28.546,1.6254
2026-09-25,15:29,ORCHPHARMA,healthcare,midcap,7.5983,0.523
2026-09-25,15:29,PAISALO,financials,midcap,-0.5474,0.7345
2026-09-25,15:29,PANACHE,i.t,smallcap,0.5362,0.0908
2026-09-25,15:29,PASUPTAC,textiles,smallcap,8.4167,1.2255
2026-09-25,15:29,PGIL,readymade garments/apparels,midcap,15.9672,1.6141
2026-09-25,15:29,PLAZACABLE,industrials,smallcap,-1.8343,0.4516
2026-09-25,15:29,PRECWIRE,metals & mining,midcap,5.0585,0.6111
2026-09-25,15:29,PREMIERPOL,plastic products,smallcap,17.1558,2.3668
2026-09-25,15:29,PVP,realty,smallcap,4.4872,1.8181
2026-09-25,15:29,QPOWER,industrials,midcap,-1.1913,0.2314
2026-09-25,15:29,QUADFUTURE,industrials,smallcap,3.6539,1.5786
2026-09-25,15:29,QUESS,miscellaneous,midcap,-3.057,2.1617
2026-09-25,15:29,RACLGEAR,auto,smallcap,-4.2251,0.2872
2026-09-25,15:29,RADICO,fmcg,largecap,0.4785,0.6226
2026-09-25,15:29,RAIN,miscellaneous,midcap,6.0072,0.7146
2026-09-25,15:29,RAMRAT,metals & mining,midcap,2.749,1.398
2026-09-25,15:29,RATNAVEER,metals & mining,smallcap,11.5957,2.0611
2026-09-25,15:29,RAYMOND,transportation,midcap,22.3569,3.0624
2026-09-25,15:29,REDINGTON,services,largecap,1.8507,0.3972
2026-09-25,15:29,RISHABH,industrials,smallcap,-6.9177,1.3541
2026-09-25,15:29,RML,auto,smallcap,-0.1661,0.8197
2026-09-25,15:29,ROLEXRINGS,auto,smallcap,13.5228,2.5602
2026-09-25,15:29,ROSSTECH,aerospace & defence,midcap,2.0665,0.5686
2026-09-25,15:29,RPEL,building materials,midcap,2.8504,0.4715
2026-09-25,15:29,RPTECH,i.t,midcap,11.8978,0.431
2026-09-25,15:29,RSWM,textiles,smallcap,-0.9347,0.6069
2026-09-25,15:29,RUBYMILLS,textiles,smallcap,5.2987,0.2975
2026-09-25,15:29,SAHYADRI,building materials,smallcap,-0.7527,0.5834
2026-09-25,15:29,SAILIFE,healthcare,largecap,-0.5186,0.4703
2026-09-25,15:29,SAKAR,healthcare,smallcap,-3.7252,0.8268
2026-09-25,15:29,SALSTEEL,metals & mining,smallcap,13.7856,3.4471
2026-09-25,15:29,SAMBHV,metals & mining,smallcap,7.8268,2.9861
2026-09-25,15:29,SANGHVIMOV,miscellaneous,smallcap,5.8742,0.6777
2026-09-25,15:29,SANGINITA,chemicals,smallcap,3.9826,3.0256
2026-09-25,15:29,SANSERA,auto,largecap,9.4486,1.3734
2026-09-25,15:29,SBC,textiles,smallcap,7.6767,2.0744
2026-09-25,15:29,SBCL,metals & mining,midcap,5.3184,0.4025
2026-09-25,15:29,SCPL,fmcg,smallcap,1.6075,0.0794
2026-09-25,15:29,SEAMECLTD,miscellaneous,smallcap,-0.8168,0.4059
2026-09-25,15:29,SETL,industrials,midcap,0.0497,0.8579
2026-09-25,15:29,SHANTIGOLD,consumer discretionary,smallcap,29.6136,26.7073
2026-09-25,15:29,SHILPAMED,healthcare,midcap,-0.7492,0.6512
2026-09-25,15:29,SHREEJISPG,transportation,midcap,6.2707,1.1081
2026-09-25,15:29,SHREEPUSHK,chemicals,smallcap,-1.6041,0.9041
2026-09-25,15:29,SHRIPISTON,auto,largecap,3.7189,1.1187
2026-09-25,15:29,SIGMAADV,aerospace & defence,midcap,9.2253,0.6888
2026-09-25,15:29,SKYGOLD,consumer discretionary,midcap,1.2569,0.2763
2026-09-25,15:29,SMLMAH,auto,midcap,8.4704,0.4852
2026-09-25,15:29,SOFTTECH,i.t,smallcap,-8.7312,0.8268
2026-09-25,15:29,SOMANYCERA,building materials,smallcap,7.9375,2.5421
2026-09-25,15:29,SONACOMS,auto,largecap,2.0421,1.383
2026-09-25,15:29,SONAMLTD,consumer discretionary,smallcap,-1.2808,0.7389
2026-09-25,15:29,SOTL,energy,smallcap,0.7274,0.4821
2026-09-25,15:29,SPECIALITY,services,smallcap,5.4317,0.6317
2026-09-25,15:29,SPECTRUM,industrials,midcap,15.7652,0.916
2026-09-25,15:29,SPLPETRO,energy,midcap,1.6518,0.8192
2026-09-25,15:29,SPORTKING,textiles,smallcap,4.7927,0.3596
2026-09-25,15:29,SSWL,auto,midcap,1.7052,2.4031
2026-09-25,15:29,STEELCAS,"castings, forgings & fasteners",smallcap,17.693,7.8899
2026-09-25,15:29,STLNETWORK,telecom-service,smallcap,27.1478,3.0388
2026-09-25,15:29,STLTECH,industrials,largecap,2.2472,0.1964
2026-09-25,15:29,STOVEKRAFT,consumer discretionary,smallcap,-1.7967,0.2409
2026-09-25,15:29,STYL,i.t,midcap,5.9664,1.7e+308
2026-09-25,15:29,SUBEXLTD,i.t,smallcap,6.4644,4.2624
2026-09-25,15:29,SWANDEF,transportation,midcap,-2.4286,0.1072
2026-09-25,15:29,SYNCOMF,healthcare,smallcap,0.0499,2.219
2026-09-25,15:29,SYRMA,consumer discretionary,largecap,0.214,0.6223
2026-09-25,15:29,TALBROAUTO,auto,smallcap,-4.0592,1.0071
2026-09-25,15:29,TARSONS,healthcare,smallcap,8.7063,0.2007
2026-09-25,15:29,TATVA,chemicals,smallcap,1.2993,0.5359
2026-09-25,15:29,TBZ,consumer discretionary,smallcap,8.624,0.2432
2026-09-25,15:29,TCPLPACK,industrials,smallcap,6.8311,1.1685
2026-09-25,15:29,TDPOWERSYS,industrials,midcap,-1.5974,0.4087
2026-09-25,15:29,TFCILTD,financials,midcap,-0.9383,3.2542
2026-09-25,15:29,TIRUPATIFL,"castings, forgings & fasteners",smallcap,15.6619,0.1249
2026-09-25,15:29,TMB,bank,midcap,-1.5462,0.3503
2026-09-25,15:29,UCAL,auto,smallcap,3.1922,0.1723
2026-09-25,15:29,UGARSUGAR,fmcg,smallcap,12.7487,36.4271
2026-09-25,15:29,UNIMECH,aerospace & defence,midcap,4.6377,1.0795
2026-09-25,15:29,UNIPARTS,industrials,smallcap,1.8882,0.4111
2026-09-25,15:29,UNITEDPOLY,textiles,smallcap,2.0938,7.2769
2026-09-25,15:29,UNIVPHOTO,consumer discretionary,smallcap,-6.2928,0.0482
2026-09-25,15:29,VADILALIND,fmcg,midcap,2.3431,0.3356
2026-09-25,15:29,VALIANTLAB,healthcare,smallcap,1.3062,0.7909
2026-09-25,15:29,VALIANTORG,chemicals,smallcap,-3.797,0.5231
2026-09-25,15:29,VARROC,auto,midcap,-3.0991,0.3053
2026-09-25,15:29,VENUSPIPES,metals & mining,smallcap,-5.2433,1.454
2026-09-25,15:29,VENUSREM,healthcare,smallcap,5.4481,0.5492
2026-09-25,15:29,VETO,industrials,smallcap,8.0273,6.2746
2026-09-25,15:29,VINDHYATEL,realty,smallcap,2.2481,0.7477
2026-09-25,15:29,VISAKAIND,building materials,smallcap,-6.553,1.5689
2026-09-25,15:29,VSSL,metals & mining,smallcap,1.6803,0.4611
2026-09-25,15:29,WELCORP,industrials,largecap,6.4772,2.6581
2026-09-25,15:29,WELENT,realty,midcap,-8.3622,0.8694
2026-09-25,15:29,WELINV,financials,smallcap,7.7543,0.0073
2026-09-25,15:29,WELSPUNLIV,textiles,largecap,4.6678,0.7114
2026-09-25,15:29,WHEELS,auto,midcap,5.5476,3.1938
2026-09-25,15:29,WOCKPHARMA,healthcare,largecap,8.6046,0.5321
2026-09-25,15:29,WSTCSTPAPR,building materials,smallcap,-4.7377,1.2579
2026-09-25,15:29,YASHO,chemicals,smallcap,5.7996,1.3611
2026-09-25,15:29,YATHARTH,healthcare,midcap,-1.5884,0.5693
2026-09-25,15:29,ZIMLAB,healthcare,smallcap,2.1917,1.7179
