date,time,group,column1,std deviation,annual std dev,roc
2026-09-04,15:29,20MICRONS,269.6516,2.818,42.0392,-3.8546
2026-09-04,15:29,360ONE,153.1826,1.7524,28.6736,9.5798
2026-09-04,15:29,63MOONS,1778.038,3.1859,52.5158,-5.0791
2026-09-04,15:29,AAREYDRUGS,167.571,2.5593,51.3804,38.2052
2026-09-04,15:29,AARTIDRUGS,382.027,1.7642,32.246,-8.3837
2026-09-04,15:29,AARTIIND,863.5918,2.399,37.2359,30.6732
2026-09-04,15:29,AARTIPHARM,558.7763,3.1878,45.5646,-2.7021
2026-09-04,15:29,AARTISURF,885.2979,3.6938,50.8172,13.5258
2026-09-04,15:29,ABB,16840.8161,2.0146,29.6945,44.8001
2026-09-04,15:29,ABCAPITAL,356.2897,1.9765,32.2222,44.0413
2026-09-04,15:29,ABDL,1000.03,2.4682,41.0886,21.8316
2026-09-04,15:29,ABREL,527.1476,2.2962,38.88,-23.7905
2026-09-04,15:29,ABSLAMC,1747.6497,2.2922,36.6603,28.2739
2026-09-04,15:29,ACE,2071.6905,2.197,35.8801,6.5115
2026-09-04,15:29,ACMESOLAR,1358.4284,2.2718,38.1905,41.0732
2026-09-04,15:29,ACUTAAS,9396.2512,2.6458,44.7631,114.8718
2026-09-04,15:29,ADANIENSOL,3701.8164,2.4019,40.579,86.4674
2026-09-04,15:29,ADANIENT,6659.4252,2.128,35.7497,28.7806
2026-09-04,15:29,ADANIGREEN,3277.6182,2.336,43.8557,40.0226
2026-09-04,15:29,ADANIPORTS,2473.8729,1.6417,28.9982,29.1648
2026-09-04,15:29,ADANIPOWER,460.4169,2.2159,43.4378,69.9196
2026-09-04,15:29,ADFFOODS,547.3652,3.0676,47.9008,10.5683
2026-09-04,15:29,ADOR,4168.1875,2.5419,37.9758,75.2564
2026-09-04,15:29,ADVAIT,4750.5303,2.9981,1.7e+308,1.7e+308
2026-09-04,15:29,ADVENZYMES,153.8032,2.5736,38.774,-13.8154
2026-09-04,15:29,AEGISLOG,3837.9446,3.6201,47.3164,79.5716
2026-09-04,15:29,AEGISVOPAK,516.4806,3.1333,47.2655,20.0169
2026-09-04,15:29,AEQUS,667.6169,3.9132,1.7e+308,1.7e+308
2026-09-04,15:29,AEROENTER,385.1278,3.3623,51.7876,63.6395
2026-09-04,15:29,AEROFLEX,2348.2877,4.4531,58.6967,201.3964
2026-09-04,15:29,AETHER,4076.0915,2.2875,38.7131,119.2165
2026-09-04,15:29,AFFLE,227.6034,2.3331,33.9849,-16.2175
2026-09-04,15:29,AGARWALEYE,343.576,1.7569,29.2132,20.8226
2026-09-04,15:29,AGI,470.0916,2.8363,41.8307,-14.4013
2026-09-04,15:29,AGIIL,203.4171,2.8547,53.4655,20.4773
2026-09-04,15:29,AHLWEST,2317.8989,3.6188,53.4672,106.9591
2026-09-04,15:29,AIAENG,3108.9324,1.7813,30.0151,38.6188
2026-09-04,15:29,AJANTPHARM,4745.5686,1.7408,25.6268,32.5427
2026-09-04,15:29,AJAXENGG,593.5063,2.321,37.2946,-14.0168
2026-09-04,15:29,AKSHARCHEM,1336.4743,3.4908,48.8978,64.4851
2026-09-04,15:29,AKUMS,2114.4822,2.1619,32.6404,66.395
2026-09-04,15:29,ALBERTDAVD,1057.3961,2.2856,32.2558,7.4372
2026-09-04,15:29,ALIVUS,2994.1988,2.0837,30.2986,48.0282
2026-09-04,15:29,ALKYLAMINE,2844.1163,2.9102,40.2495,-2.5415
2026-09-04,15:29,ALPHAGEO,770.7518,3.9866,53.1354,28.3438
2026-09-04,15:29,AMAGI,1163.7559,3.2892,1.7e+308,1.7e+308
2026-09-04,15:29,AMANTA,582.7772,2.9625,1.7e+308,1.7e+308
2026-09-04,15:29,AMBER,11836.0145,2.5566,40.7001,-4.0996
2026-09-04,15:29,AMBIKCO,2628.9164,2.3064,35.39,11.701
2026-09-04,15:29,ANANDRATHI,4565.7183,1.1523,22.0689,50.6441
2026-09-04,15:29,ANANTRAJ,769.3256,2.7429,46.0135,16.8519
2026-09-04,15:29,ANDHRSUGAR,195.7268,3.0816,38.2717,29.7562
2026-09-04,15:29,ANGELONE,299.4818,2.447,41.9611,30.5294
2026-09-04,15:29,ANTELOPUS,2804.1154,3.7868,67.3228,69.5722
2026-09-04,15:29,ANTHEM,2016.4945,1.6622,31.1718,12.5633
2026-09-04,15:29,AONELIQUID,192.8125,0.012,0.2081,4.9936
2026-09-04,15:29,APARINDS,64423.6411,2.903,45.9675,124.0643
2026-09-04,15:29,APCOTEXIND,1755.0915,3.3872,42.9142,58.9147
2026-09-04,15:29,APEX,694.5945,3.0391,67.0942,71.8349
2026-09-04,15:29,APLAPOLLO,1549.8142,1.6923,26.834,35.1595
2026-09-04,15:29,APLLTD,270.706,1.7669,27.1947,-14.6117
2026-09-04,15:29,APOLLO,1032.5892,3.6762,58.6997,27.6337
2026-09-04,15:29,APOLLOHOSP,11454.6077,1.1042,17.9947,10.8335
2026-09-04,15:29,APOLLOPIPE,2065.1781,2.9004,48.2646,50.0186
2026-09-04,15:29,ARE&M,204.6573,2.5332,31.7815,-15.1331
2026-09-04,15:29,ARIES,1237.5567,2.7088,45.2344,20.8993
2026-09-04,15:29,ARIHANT,5616.9131,217.8116,2177.0286,3645.1866
2026-09-04,15:29,ARMANFIN,2835.4345,2.7563,41.8476,42.7497
2026-09-04,15:29,ARROWGREEN,2411.2352,3.0509,53.472,41.6935
2026-09-04,15:29,ARTEMISMED,662.9656,2.1903,35.6017,46.3243
2026-09-04,15:29,ARVIND,1580.2026,2.5963,40.2332,91.3322
2026-09-04,15:29,ARVSMART,745.1388,1.8888,33.2885,3.9644
2026-09-04,15:29,ASAHISONG,850.258,3.1215,50.2069,26.1296
2026-09-04,15:29,ASAL,419.8577,2.4243,42.2783,-2.4202
2026-09-04,15:29,ASHIANA,466.3705,1.9915,32.1812,14.6707
2026-09-04,15:29,ASIANENE,1714.7803,3.2756,50.0377,34.0544
2026-09-04,15:29,ASIANHOTNR,478.7742,2.9278,47.0687,16.821
2026-09-04,15:29,ASKAUTOLTD,1200.0359,2.7548,37.7532,17.585
2026-09-04,15:29,ASPINWALL,246.519,2.1628,41.1401,-4.2651
2026-09-04,15:29,ASTERDM,1429.5003,1.6962,29.412,22.7255
2026-09-04,15:29,ASTRAL,675.9893,1.962,30.7414,2.6119
2026-09-04,15:29,ASTRAMICRO,5080.1528,2.8029,42.017,71.4257
2026-09-04,15:29,ATGL,588.5446,2.4864,47.5684,3.7178
2026-09-04,15:29,ATHERENERG,5971.032,3.1254,50.566,217.2124
2026-09-04,15:29,ATLANTAELE,7153.0829,3.4067,1.7e+308,1.7e+308
2026-09-04,15:29,ATUL,3469.8717,1.5155,25.3851,1.3812
2026-09-04,15:29,ATULAUTO,472.2622,2.3673,47.3851,-13.6613
2026-09-04,15:29,AUBANK,613.3519,1.6269,29.5253,53.3919
2026-09-04,15:29,AUROPHARMA,3228.624,1.662,26.5451,58.3277
2026-09-04,15:29,AURUM,267.791,1.9889,35.7442,29.0685
2026-09-04,15:29,AUSOMENT,179.5403,2.5177,51.6416,55.1198
2026-09-04,15:29,AVADHSUGAR,2999.4699,2.9643,43.317,78.2647
2026-09-04,15:29,AVALON,8640.5705,3.5587,53.7064,137.9977
2026-09-04,15:29,AVANTIFEED,269.7755,2.3606,55.6377,23.3645
2026-09-04,15:29,AVG,166.3305,3.0889,56.1461,-26.2634
2026-09-04,15:29,AVL,733.6654,1.7931,35.4296,19.2942
2026-09-04,15:29,AVTNPL,169.8035,2.4842,33.5708,21.522
2026-09-04,15:29,AXISCADES,3468.0109,2.7344,48.4408,19.1258
2026-09-04,15:29,AYMSYNTEX,996.9913,3.2597,46.1168,64.2612
2026-09-04,15:29,AZAD,8596.2279,3.0386,41.8294,76.0794
2026-09-04,15:29,BAFNAPH,1071.288,3.3161,54.8366,193.7351
2026-09-04,15:29,BAJAJ-AUTO,15538.4514,1.4965,23.5189,31.2015
2026-09-04,15:29,BAJAJCON,1313.2178,3.084,50.5883,129.8384
2026-09-04,15:29,BAJAJHLDNG,3063.6579,1.5028,28.9916,-13.6469
2026-09-04,15:29,BAJEL,222.3943,2.2779,42.9803,-8.6745
2026-09-04,15:29,BAJFINANCE,822.6605,1.7791,30.6041,13.1079
2026-09-04,15:29,BALAMINES,8655.1436,4.2199,54.7391,69.7842
2026-09-04,15:29,BALRAMCHIN,1721.602,3.131,40.8627,25.6893
2026-09-04,15:29,BALUFORGE,1208.0982,3.1517,51.2075,-13.6497
2026-09-04,15:29,BANARISUG,1331.5126,2.1568,24.8822,4.1458
2026-09-04,15:29,BANCOINDIA,461.099,2.1451,46.197,2.4314
2026-09-04,15:29,BANSALWIRE,314.7381,2.601,38.0217,-12.9834
2026-09-04,15:29,BASF,1410.8951,2.0031,29.8891,-16.8535
2026-09-04,15:29,BBETF0432,248.2557,0.2635,3.8556,4.7101
2026-09-04,15:29,BBOX,1443.1442,2.9089,45.0279,60.2362
2026-09-04,15:29,BBTCL,225.5571,2.9072,40.3948,13.2359
2026-09-04,15:29,BELRISE,477.4097,2.194,38.6875,73.3714
2026-09-04,15:29,BEML,2557.5964,2.1453,39.4703,0.796
2026-09-04,15:29,BEPL,281.9309,2.6501,34.3318,20.7958
2026-09-04,15:29,BETA,4437.9627,4.0697,1.7e+308,1.7e+308
2026-09-04,15:29,BFINVEST,599.0878,2.519,36.629,2.0215
2026-09-04,15:29,BHAGCHEM,371.9182,2.8534,44.731,-2.1269
2026-09-04,15:29,BHAGERIA,893.3601,3.3821,50.3677,53.1443
2026-09-04,15:29,BHAGYANGR,1309.3107,3.866,62.5921,308.4344
2026-09-04,15:29,BHARATBOND-APR30,331.4212,0.122,1.7172,4.806
2026-09-04,15:29,BHARATBOND-APR31,280.0699,0.1447,1.9687,4.4364
2026-09-04,15:29,BHARATBOND-APR32,243.9761,0.1541,2.1443,3.996
2026-09-04,15:29,BHARATBOND-APR33,215.7587,0.1628,2.2627,3.6127
2026-09-04,15:29,BHARATFORG,3393.59,1.7417,30.5807,72.0771
2026-09-04,15:29,BHARATSE,445.2847,3.3331,61.3248,32.0339
2026-09-04,15:29,BHEL,1169.6476,2.2779,36.3549,103.0043
2026-09-04,15:29,BIL,1391.9795,2.3703,42.9641,6.3367
2026-09-04,15:29,BIOCON,193.4941,1.5422,25.459,9.2659
2026-09-04,15:29,BIRLACABLE,1547.5813,3.7974,53.1405,138.1871
2026-09-04,15:29,BLACKBUCK,310.7069,2.2241,40.4085,-0.4839
2026-09-04,15:29,BLISSGVS,3156.436,3.4936,59.7224,330.4041
2026-09-04,15:29,BLSE,960.959,2.4377,43.7402,80.0259
2026-09-04,15:29,BLUEJET,851.8084,2.8237,48.379,-23.3882
2026-09-04,15:29,BLUESTONE,2392.9402,3.2545,1.7e+308,39.4704
2026-09-04,15:29,BLUSPRING,489.7512,4.3768,56.2133,72.4926
2026-09-04,15:29,BODALCHEM,673.2605,3.9172,50.4212,138.9008
2026-09-04,15:29,BOROSCI,167.633,2.9072,44.1391,-7.3212
2026-09-04,15:29,BOSCH-HCIL,2934.6623,2.2774,36.2088,5.1694
2026-09-04,15:29,BOSCHLTD,71661.0679,1.5706,28.3887,14.4463
2026-09-04,15:29,BRIGADE,781.2326,2.6419,36.5504,1.9508
2026-09-04,15:29,BSE,4492.539,1.9972,39.7745,46.9995
2026-09-04,15:29,BUILDPRO,3916.0864,2.9028,1.7e+308,1.7e+308
2026-09-04,15:29,BUTTERFLY,197.8352,2.6253,40.0394,-10.7931
2026-09-04,15:29,CALSOFT,166.3926,4.6968,64.5973,159.3671
2026-09-04,15:29,CAMS,430.4003,1.9249,29.6151,-2.3066
2026-09-04,15:29,CAPITALSFB,164.9662,1.698,25.4895,-7.2313
2026-09-04,15:29,CAPLIPOINT,6746.2495,2.445,33.8908,31.4441
2026-09-04,15:29,CARBORUNIV,1937.4223,2.3028,36.2734,19.5201
2026-09-04,15:29,CARERATING,1064.8379,1.8682,30.5599,8.5425
2026-09-04,15:29,CARRARO,315.3585,2.9507,44.0158,23.3018
2026-09-04,15:29,CARTRADE,3431.4212,3.3164,56.0137,14.9326
2026-09-04,15:29,CARYSIL,2402.2429,2.7453,45.7684,18.9077
2026-09-04,15:29,CASHIETF,193.8043,0.0125,0.2135,4.9988
2026-09-04,15:29,CCL,1119.7231,1.8799,32.7105,20.5011
2026-09-04,15:29,CDSL,423.5782,1.7245,31.3556,-8.4548
2026-09-04,15:29,CEIGALL,502.0305,2.2139,31.1164,29.8114
2026-09-04,15:29,CEMPRO,4169.7379,4.1048,53.5422,79.1618
2026-09-04,15:29,CENTENKA,1005.9218,2.922,36.3393,20.0749
2026-09-04,15:29,CENTUM,9701.9978,2.7455,47.8768,27.029
2026-09-04,15:29,CERA,5262.1736,1.9952,28.0207,-8.7289
2026-09-04,15:29,CGCL,700.4241,2.4054,34.712,51.7238
2026-09-04,15:29,CGPOWER,2120.3739,2.2262,34.0633,21.0105
2026-09-04,15:29,CHALET,475.6733,1.6852,29.1388,-12.1608
2026-09-04,15:29,CHEMBONDCH,688.2687,3.6143,60.8088,35.2378
2026-09-04,15:29,CHEMCON,177.3697,2.8406,47.8013,-4.7761
2026-09-04,15:29,CHENNPETRO,3783.059,3.1855,50.72,106.7483
2026-09-04,15:29,CHEVIOT,1037.5509,2.0894,27.6988,-2.5387
2026-09-04,15:29,CHOLAFIN,1214.3004,2.0341,33.3008,23.3483
2026-09-04,15:29,CIPLA,434.1216,1.4796,21.1376,-10.8407
2026-09-04,15:29,CLCIND,279.8844,21.9411,224.2842,1509.4915
2026-09-04,15:29,CLSEL,402.4927,2.8325,43.2489,4.6628
2026-09-04,15:29,CNL,3229.2444,3.3163,1.7e+308,1.7e+308
2026-09-04,15:29,CNXENERGY,30819.8456,0.8174,15.7718,10.9918
2026-09-04,15:29,CNXINFRA,1685.322,0.7631,14.8824,2.7073
2026-09-04,15:29,CNXMIDCAP,36797.3992,0.8164,16.4148,10.5192
2026-09-04,15:29,CNXMNC,12977.4369,0.8281,14.6453,7.4914
2026-09-04,15:29,CNXNIFTYJUNIOR,41057.6774,0.9044,16.8111,8.6319
2026-09-04,15:29,CNXPHARMA,29494.5272,0.8304,13.6679,20.7678
2026-09-04,15:29,CNXPSE,593.8163,0.7099,15.3978,3.2435
2026-09-04,15:29,CNXREALTY,939.8735,1.6016,26.0909,4.0573
2026-09-04,15:29,CNXSMALLCAP,23211.2352,0.9436,18.0138,13.8214
2026-09-04,15:29,COFORGE,2086.2644,2.7697,38.6975,18.9652
2026-09-04,15:29,COHANCE,465.1303,3.5753,51.7637,-50.5255
2026-09-04,15:29,COMSYN,945.4547,4.1067,50.1876,95.1298
2026-09-04,15:29,CONCOR,175.1991,1.8954,26.9042,-6.3163
2026-09-04,15:29,CONCORDBIO,1049.3336,2.5743,40.2437,-14.5141
2026-09-04,15:29,CONFIPET,313.1877,3.5129,60.9689,70.8368
2026-09-04,15:29,CONSOFINVT,751.2783,2.1579,41.2058,47.96
2026-09-04,15:29,CORDSCABLE,1005.6116,3.7335,49.648,80.8845
2026-09-04,15:29,CORONA,4312.0679,1.9954,1.7e+308,1.7e+308
2026-09-04,15:29,COSMOFIRST,2123.7844,2.3499,40.2721,-4.4957
2026-09-04,15:29,CPCAP,169.6175,3.1382,43.701,-13.0909
2026-09-04,15:29,CPPLUS,14323.5318,2.8629,45.1963,170.7645
2026-09-04,15:29,CRAFTSMAN,26044.1934,2.1041,36.0044,65.3322
2026-09-04,15:29,CREDITACC,312.5677,2.5238,39.6303,7.694
2026-09-04,15:29,CRISIL,1926.26,1.6498,27.501,-4.1115
2026-09-04,15:29,CUB,185.556,2.2518,39.0059,57.466
2026-09-04,15:29,CUMMINSIND,6850.439,1.7936,28.1533,27.8958
2026-09-04,15:29,CUPID,1263.3557,3.0979,57.4828,708.0764
2026-09-04,15:29,CYIENTDLM,3083.5036,2.9345,43.5985,97.4312
2026-09-04,15:29,DALMIASUG,1018.6353,3.1484,44.2377,15.332
2026-09-04,15:29,DATAMATICS,721.5723,2.1916,43.6872,-20.8588
2026-09-04,15:29,DATAPATTNS,14899.6725,3.3411,50.2123,85.1179
2026-09-04,15:29,DBOL,181.2767,2.383,45.0401,46.5643
2026-09-04,15:29,DCBBANK,234.6738,2.0782,39.4332,76.9317
2026-09-04,15:29,DCI,840.4593,3.2591,53.8258,28.2234
2026-09-04,15:29,DCMNVL,356.7239,3.2248,46.9989,12.9596
2026-09-04,15:29,DEEDEV,2900.8624,3.3435,54.0561,140.1934
2026-09-04,15:29,DEEPAKFERT,1131.817,2.5652,41.188,-2.9636
2026-09-04,15:29,DEEPAKNTR,922.8187,1.9318,28.7214,-2.1206
2026-09-04,15:29,DEEPINDS,2740.8576,3.0228,46.4928,43.2644
2026-09-04,15:29,DELHIVERY,439.0829,1.8563,30.5114,-2.3147
2026-09-04,15:29,DENORA,1440.9734,2.6595,41.8773,-2.1384
2026-09-04,15:29,DEVYANI,153.1209,2.5937,39.8962,-22.5017
2026-09-04,15:29,DHAMPURSUG,344.9406,2.6286,38.6626,21.9368
2026-09-04,15:29,DHARMAJ,263.1396,1.8104,35.0635,-27.4839
2026-09-04,15:29,DIACABS,1292.4418,3.451,47.0432,130.0811
2026-09-04,15:29,DIAMONDYD,465.1303,2.328,33.9984,15.6219
2026-09-04,15:29,DICIND,706.0676,2.5268,37.0488,7.5545
2026-09-04,15:29,DIFFNKG,1341.7458,3.2325,48.28,22.2237
2026-09-04,15:29,DIVGIITTS,3968.1815,3.2584,44.8821,83.8851
2026-09-04,15:29,DIVISLAB,19154.0639,1.5519,23.9611,51.4395
2026-09-04,15:29,DIXON,24062.7385,2.337,39.1743,-20.2464
2026-09-04,15:29,DLF,579.5524,1.9107,29.7114,-9.7479
2026-09-04,15:29,DLINKINDIA,490.8674,1.8479,33.0674,-5.33
2026-09-04,15:29,DMART,647.4607,1.5096,24.8422,-21.3485
2026-09-04,15:29,DMCC,458.6185,3.0774,48.9202,-4.8183
2026-09-04,15:29,DOLPHIN,1715.0902,2.8731,54.8649,59.5644
2026-09-04,15:29,DPABHUSHAN,259.8522,3.2896,44.921,-10.3632
2026-09-04,15:29,DREDGECORP,867.6227,3.4131,62.4348,70.1392
2026-09-04,15:29,DSSL,775.8371,3.9498,55.5935,8.4943
2026-09-04,15:29,DVL,194.4243,2.1563,40.5092,-13.8039
2026-09-04,15:29,DYCL,1287.1704,4.3261,58.8447,13.8092
2026-09-04,15:29,DYNAMATECH,23284.4206,2.7891,45.6997,76.202
2026-09-04,15:29,E2E,2471.392,3.6463,58.2163,107.431
2026-09-04,15:29,EBBETF0430,324.6615,0.1899,2.9789,5.1467
2026-09-04,15:29,EBBETF0431,282.5515,0.2445,3.8961,5.3716
2026-09-04,15:29,EBBETF0433,298.3034,0.2463,4.2171,5.0047
2026-09-04,15:29,EBGNG,2165.9566,3.7483,53.794,65.0652
2026-09-04,15:29,EDELWEISS,198.3316,2.4288,40.588,17.0279
2026-09-04,15:29,EICHERMOT,4077.6419,1.4361,27.0379,15.9562
2026-09-04,15:29,EIEL,176.2533,2.977,47.6961,-18.6763
2026-09-04,15:29,EIMCOELECO,4130.3559,2.7599,52.7722,17.1421
2026-09-04,15:29,ELECON,364.352,2.6736,45.4359,-21.6775
2026-09-04,15:29,ELECTHERM,1122.8247,4.6567,62.5782,12.7342
2026-09-04,15:29,ELGIEQUIP,1346.3969,1.8473,33.5662,34.598
2026-09-04,15:29,ELIQUID,188.8426,0.0119,1.7e+308,1.7e+308
2026-09-04,15:29,ELLEN,508.8525,3.1111,48.8371,-36.6094
2026-09-04,15:29,EMAMIPAP,234.3016,3.1353,46.8298,13.1368
2026-09-04,15:29,EMCURE,2460.8487,1.9389,32.5905,40.424
2026-09-04,15:29,EMIL,532.6672,3.1511,47.463,16.5415
2026-09-04,15:29,EMMVEE,786.0702,3.0724,1.7e+308,1.7e+308
2026-09-04,15:29,EMSLIMITED,313.4977,3.7461,55.3313,-33.4058
2026-09-04,15:29,ENDURANCE,2640.6998,1.826,31.9143,-6.2336
2026-09-04,15:29,ENGINERSIN,696.4551,2.668,42.7724,38.8917
2026-09-04,15:29,ENRIN,6141.5802,2.8216,38.5021,-9.0519
2026-09-04,15:29,ENTERO,4150.2019,2.6272,39.6641,51.8823
2026-09-04,15:29,EPACKPEB,291.5436,3.6794,1.7e+308,1.7e+308
2026-09-04,15:29,EPIGRAL,955.6875,2.718,40.9434,-30.7264
2026-09-04,15:29,EPL,275.4192,2.2169,33.2446,7.7957
2026-09-04,15:29,ESABINDIA,3879.1863,2.1649,30.7687,18.4249
2026-09-04,15:29,ETERNAL,397.2212,1.8907,33.1593,-1.9444
2026-09-04,15:29,ETHOSLTD,1961.6096,2.4801,37.5117,13.6255
2026-09-04,15:29,EXCELINDUS,778.318,2.3317,35.4663,-11.285
2026-09-04,15:29,EXICOM,482.061,4.7223,60.0811,22.2925
2026-09-04,15:29,EXIDEIND,614.9022,2.129,30.0207,2.8104
2026-09-04,15:29,FAZE3Q,838.7849,2.6446,63.1307,20.1386
2026-09-04,15:29,FCL,184.7497,4.4451,59.7359,117.4335
2026-09-04,15:29,FEDERALBNK,399.702,1.4578,25.954,80.0336
2026-09-04,15:29,FILATEX,216.9367,3.2251,45.8401,40.6951
2026-09-04,15:29,FINCABLES,3091.2554,3.3072,41.8445,44.155
2026-09-04,15:29,FINEORG,7846.437,1.7309,29.5024,6.7573
2026-09-04,15:29,FLUOROCHEM,8848.6383,1.8944,31.7312,35.7903
2026-09-04,15:29,FMGOETZE,489.9372,3.056,45.2254,-10.9799
2026-09-04,15:29,FORTIS,378.3059,1.4122,26.0848,-4.5208
2026-09-04,15:29,FOSECOIND,10895.2099,2.5914,43.8892,-2.9218
2026-09-04,15:29,FUSION,163.9739,3.2163,45.6022,16.1218
2026-09-04,15:29,GABRIEL,2806.2855,2.8812,50.0209,12.6071
2026-09-04,15:29,GAEL,197.7114,2.389,36.1045,58.7456
2026-09-04,15:29,GALAPREC,1905.7936,3.3292,44.3532,25.4287
2026-09-04,15:29,GALAXYSURF,1620.5141,2.6821,35.4092,-7.6641
2026-09-04,15:29,GALLANTT,237.5264,3.7126,55.9906,-10.3265
2026-09-04,15:29,GANDHAR,648.0195,3.8182,48.9592,79.2244
2026-09-04,15:29,GANDHITUBE,1204.0673,2.0341,41.091,-10.0345
2026-09-04,15:29,GANECOS,1967.501,2.5731,50.3518,-25.2076
2026-09-04,15:29,GANESHBE,308.9705,3.2246,44.9929,28.0578
2026-09-04,15:29,GANESHHOU,240.0073,2.2826,36.1893,-11.8781
2026-09-04,15:29,GARFIBRES,1162.5156,2.5645,38.0431,4.3878
2026-09-04,15:29,GCSL,1821.4502,2.6841,1.7e+308,97.9874
2026-09-04,15:29,GEECEE,375.5153,2.1242,39.2426,-4.7099
2026-09-04,15:29,GENUSPOWER,502.9607,2.5642,41.6203,2.706
2026-09-04,15:29,GESHIP,1618.0325,2.5907,35.1458,41.039
2026-09-04,15:29,GHCLTEXTIL,409.6247,2.6597,40.2266,78.5789
2026-09-04,15:29,GIPCL,428.726,2.2016,35.9298,5.5398
2026-09-04,15:29,GKSL,455.5175,2.1753,1.7e+308,1.7e+308
2026-09-04,15:29,GLAND,7751.5501,2.6304,32.8532,54.973
2026-09-04,15:29,GLAXO,3998.2609,1.6826,25.286,6.7791
2026-09-04,15:29,GLENMARK,2911.7154,1.7251,27.1101,18.7777
2026-09-04,15:29,GLOBAL,251.1083,2.6374,43.7999,87.5292
2026-09-04,15:29,GMDCLTD,273.8068,2.9465,51.643,10.5992
2026-09-04,15:29,GMMPFAUDLR,1040.6517,2.3402,33.4112,-0.9492
2026-09-04,15:29,GNA,1292.4419,2.9052,46.2339,78.9123
2026-09-04,15:29,GNFC,821.7301,2.1347,30.4327,18.2872
2026-09-04,15:29,GOCLCORP,1094.6066,2.9169,45.5753,18.8847
2026-09-04,15:29,GODFRYPHLP,333.033,2.1606,50.9055,-44.4324
2026-09-04,15:29,GODREJAGRO,817.6988,1.7298,30.8242,-13.8592
2026-09-04,15:29,GODREJIND,1170.8878,3.3112,42.1224,-3.1949
2026-09-04,15:29,GODREJPROP,2733.7259,2.0603,35.3661,1.0297
2026-09-04,15:29,GOKEX,1437.2525,2.3701,57.0611,7.6598
2026-09-04,15:29,GOKULAGRO,485.906,2.1898,44.9165,39.7811
2026-09-04,15:29,GOLDIAM,299.8538,3.2718,54.0037,-17.1048
2026-09-04,15:29,GPTHEALTH,178.424,1.7299,25.9075,2.8614
2026-09-04,15:29,GRANULES,1756.9519,1.635,29.0134,65.878
2026-09-04,15:29,GRAPHITE,767.1545,2.2738,39.928,42.0467
2026-09-04,15:29,GRASIM,3491.5778,1.3756,22.9114,18.4736
2026-09-04,15:29,GRAVITA,692.7337,2.1451,36.504,-1.8837
2026-09-04,15:29,GREAVESCOT,211.7893,3.1005,44.6062,-12.5911
2026-09-04,15:29,GREENPLY,538.0008,2.5009,39.739,2.974
2026-09-04,15:29,GRINDWELL,2589.8451,2.8184,35.7443,24.2718
2026-09-04,15:29,GROBTEA,386.6785,2.1023,39.6315,-5.3582
2026-09-04,15:29,GROWW,164.284,2.4192,1.7e+308,1.7e+308
2026-09-04,15:29,GRPLTD,2623.9547,2.6092,42.2458,-5.5196
2026-09-04,15:29,GRSE,1850.5976,2.2133,46.0015,5.2737
2026-09-04,15:29,GRWRHITECH,25742.1691,2.9247,55.3531,151.1518
2026-09-04,15:29,GUFICBIO,838.4747,2.4822,35.2027,24.7441
2026-09-04,15:29,GUJALKALI,1660.825,2.5479,39.7454,22.7628
2026-09-04,15:29,GUJTHEM,580.1726,3.3583,50.619,7.0388
2026-09-04,15:29,GULFPETRO,214.5181,2.91,40.371,59.9369
2026-09-04,15:29,GULPOLY,358.6464,2.656,41.9815,15.7643
2026-09-04,15:29,GVPIL,2280.3785,3.5146,61.2946,76.8582
2026-09-04,15:29,GVT&D,9883.0867,2.8262,43.7498,56.6554
2026-09-04,15:29,HAL,3412.8145,1.5877,26.9983,10.2434
2026-09-04,15:29,HALEOSLABS,1771.8366,3.0934,41.8972,30.583
2026-09-04,15:29,HAPPYFORGE,7543.1723,2.3043,35.8768,152.6952
2026-09-04,15:29,HARRMALAYA,215.8824,2.792,36.8381,-9.6611
2026-09-04,15:29,HARSHA,512.5735,2.2547,31.3192,12.6441
2026-09-04,15:29,HATSUN,1798.504,1.9637,34.9777,28.0175
2026-09-04,15:29,HCG,507.6124,1.9763,31.1789,1.3681
2026-09-04,15:29,HDFCAMC,177.3703,1.9988,32.1594,-11.7703
2026-09-04,15:29,HDFCLIQUID,190.9517,0.0119,0.2025,4.8708
2026-09-04,15:29,HDFCSML250,201.2463,0.9236,17.1925,9.8329
2026-09-04,15:29,HEALTHIETF,158.8265,0.8107,13.584,13.5232
2026-09-04,15:29,HEG,1236.3161,2.404,40.7822,47.883
2026-09-04,15:29,HESTERBIO,6359.8803,3.5957,42.5547,12.9879
2026-09-04,15:29,HFCL,1056.4039,3.7109,49.7661,231.386
2026-09-04,15:29,HIKAL,172.0362,3.4419,47.8281,-15.185
2026-09-04,15:29,HINDALCO,376.4455,1.7088,28.7177,35.9236
2026-09-04,15:29,HINDOILEXP,235.2318,2.6169,46.3686,5.7566
2026-09-04,15:29,HIRECT,3836.0846,3.5155,55.5751,45.6886
2026-09-04,15:29,HITECHCORP,1097.7074,3.6178,51.265,65.8873
2026-09-04,15:29,HMT,154.1132,2.297,37.8599,17.0164
2026-09-04,15:29,HNDFDS,1025.147,1.7855,27.0242,14.3109
2026-09-04,15:29,HOMEFIRST,603.4285,1.997,36.8891,-4.0517
2026-09-04,15:29,HONASA,1235.696,1.8671,31.2889,57.069
2026-09-04,15:29,HONAUT,26543.4332,2.3845,30.3456,0.7203
2026-09-04,15:29,HSCL,1390.7395,2.7814,35.5535,47.5484
2026-09-04,15:29,HUHTAMAKI,458.4944,2.7691,40.2997,7.0754
2026-09-04,15:29,IBMFNIFTY,163.7258,0.9924,18.7237,9.1115
2026-09-04,15:29,ICDSLTD,175.199,4.2384,68.4325,48.1136
2026-09-04,15:29,ICICIAMC,1203.1369,1.8645,1.7e+308,1.7e+308
2026-09-04,15:29,ICICIBANK,494.8981,1.1161,19.2014,1.4542
2026-09-04,15:29,ICICINIFTY,226.5494,0.5775,9.4792,21.3359
2026-09-04,15:29,ICIL,1397.2512,3.5965,62.3535,91.3554
2026-09-04,15:29,IDEAFORGE,2330.3026,4.082,56.6283,52.5572
2026-09-04,15:29,IFCI,279.2642,3.8795,53.4165,93.3626
2026-09-04,15:29,IFGLEXPOR,209.3707,3.305,55.6517,-14.6698
2026-09-04,15:29,IGARASHI,327.7618,3.0374,45.6151,-14.854
2026-09-04,15:29,IGIL,164.656,2.1875,36.8501,-7.2268
2026-09-04,15:29,IGPL,1223.913,2.3037,38.3534,28.9252
2026-09-04,15:29,IIFL,806.2258,2.5895,40.4261,49.6897
2026-09-04,15:29,IKIO,390.3993,3.9297,53.9116,2.8082
2026-09-04,15:29,IKS,674.7493,2.1344,34.1107,11.5414
2026-09-04,15:29,IMFA,1123.7551,2.6673,50.0076,32.0217
2026-09-04,15:29,IMPAL,258.6121,2.1383,26.5259,9.5969
2026-09-04,15:29,INDGN,788.861,1.7142,27.5754,7.1429
2026-09-04,15:29,INDHOTEL,460.1689,1.4398,25.1337,-7.0668
2026-09-04,15:29,INDIGO,1689.9733,2.0471,33.8402,-12.2222
2026-09-04,15:29,INDIGOPNTS,857.7005,1.9916,35.2121,3.5272
2026-09-04,15:29,INDNIPPON,2790.4711,2.5786,42.8871,31.2557
2026-09-04,15:29,INDOBORAX,1681.291,4.1521,50.3704,114.5149
2026-09-04,15:29,INDOCO,323.4206,3.5131,48.5378,-4.0358
2026-09-04,15:29,INDORAMA,197.4633,3.8778,55.7053,39.7701
2026-09-04,15:29,INDOSTAR,221.9602,2.8353,46.5024,-1.2936
2026-09-04,15:29,INDOTECH,15092.5471,3.8364,60.3981,100.6299
2026-09-04,15:29,INDSWFTLAB,1527.6119,4.0793,56.4322,248.7996
2026-09-04,15:29,INDUSINDBK,719.7115,1.7791,28.9167,33.2145
2026-09-04,15:29,INFRABEES,213.8978,0.7271,14.5624,3.2159
2026-09-04,15:29,INGERRAND,10524.968,2.3647,31.2502,27.3012
2026-09-04,15:29,INNOVACAP,3084.434,2.2868,34.8509,29.3212
2026-09-04,15:29,INOXINDIA,7151.2232,3.2337,40.2249,93.4423
2026-09-04,15:29,IOLCP,811.6833,3.6659,52.4278,106.3254
2026-09-04,15:29,IONEXCHANG,369.9337,2.882,40.4505,-1.9293
2026-09-04,15:29,IPCALAB,3116.3727,1.81,31.5477,47.2135
2026-09-04,15:29,IRISDOREME,201.4944,2.1365,38.8206,98.6254
2026-09-04,15:29,IRMENERGY,279.3882,3.6911,52.8084,0.6438
2026-09-04,15:29,ISGEC,312.5673,2.0461,40.6658,-21.8007
2026-09-04,15:29,ITDC,888.7088,3.7335,58.2095,17.3359
2026-09-04,15:29,IVP,454.2772,3.0162,44.5144,19.9222
2026-09-04,15:29,IZMO,1689.0432,3.1165,69.1059,20.3507
2026-09-04,15:29,J&KBANK,284.7838,2.9785,40.727,48.4612
2026-09-04,15:29,JAGSNPHARM,485.782,1.9494,33.3238,0.7282
2026-09-04,15:29,JASH,760.643,2.5951,37.9704,-7.1415
2026-09-04,15:29,JAYAGROGN,323.8547,2.6264,39.9577,-4.5253
2026-09-04,15:29,JAYBARMARU,243.6662,4.2347,60.7631,25.3999
2026-09-04,15:29,JBMA,599.0876,2.0857,44.1056,1.9557
2026-09-04,15:29,JGCHEM,1792.9223,3.1606,46.5592,27.1577
2026-09-04,15:29,JINDALPOLY,1780.5185,2.496,48.6177,15.4447
2026-09-04,15:29,JINDALSAW,791.2175,2.7471,46.5355,51.951
2026-09-04,15:29,JINDALSTEL,628.8563,1.4805,28.4388,12.5767
2026-09-04,15:29,JINDRILL,975.8431,3.1392,50.8694,8.8573
2026-09-04,15:29,JINDWORLD,208.6884,4.8275,62.9972,58.4298
2026-09-04,15:29,JITFINFRA,466.9908,2.9848,61.9947,-25.1015
2026-09-04,15:29,JKIPL,164.47,3.7174,1.7e+308,1.7e+308
2026-09-04,15:29,JKPAPER,544.2024,2.0053,39.6316,1.374
2026-09-04,15:29,JNKINDIA,1427.7018,4.2227,56.2273,52.2059
2026-09-04,15:29,JOCIL,181.2768,2.1756,35.4931,-5.9261
2026-09-04,15:29,JSFB,1003.4409,2.992,41.4223,9.5843
2026-09-04,15:29,JSWDULUX,1462.9891,1.7377,28.6268,-6.1576
2026-09-04,15:29,JSWENERGY,385.7479,1.8612,29.8847,7.0918
2026-09-04,15:29,JSWINFRA,475.3631,2.1384,31.7438,10.963
2026-09-04,15:29,JSWSTEEL,961.2692,1.1676,23.7133,23.474
2026-09-04,15:29,JUBLCPL,1694.935,3.4428,52.5082,-22.4359
2026-09-04,15:29,JUBLINGREA,258.6125,2.122,35.8465,-5.2243
2026-09-04,15:29,JUNIORBEES,482.3092,0.8559,16.0376,9.6987
2026-09-04,15:29,JUSTDIAL,298.9234,3.1894,39.2281,-15.6142
2026-09-04,15:29,JYOTICNC,1258.6425,2.8283,44.8624,11.9487
2026-09-04,15:29,KABRAEXTRU,2286.6425,3.7207,55.4658,112.104
2026-09-04,15:29,KAJARIACER,1894.3202,1.5724,28.7896,1.349
2026-09-04,15:29,KALYANIFRG,3096.2174,3.542,50.0917,51.0163
2026-09-04,15:29,KALYANKJIL,1436.3221,3.5,47.4839,19.2947
2026-09-04,15:29,KANORICHEM,539.7371,3.0041,43.2686,87.3765
2026-09-04,15:29,KANPRPLA,453.843,3.0275,55.3581,14.3771
2026-09-04,15:29,KAPSTON,1926.3834,2.9609,41.2446,261.3053
2026-09-04,15:29,KARURVYSYA,516.9148,2.2284,36.5607,69.2625
2026-09-04,15:29,KAYNES,1356.9403,3.5548,53.7156,-47.4092
2026-09-04,15:29,KDDL,11117.8531,3.2455,44.2013,63.7909
2026-09-04,15:29,KECL,304.5053,3.2696,46.7728,8.7211
2026-09-04,15:29,KEI,6467.1714,2.3908,35.0254,20.1179
2026-09-04,15:29,KENNAMET,11691.8242,2.9361,36.1614,123.752
2026-09-04,15:29,KERNEX,4200.4366,4.3246,63.5559,67.6973
2026-09-04,15:29,KHAITANLTD,430.8967,4.1896,53.3371,37.5796
2026-09-04,15:29,KICL,2796.9833,1.694,32.7427,9.7263
2026-09-04,15:29,KIMS,1128.7161,1.9428,31.4851,2.8468
2026-09-04,15:29,KINGFA,12518.8264,2.0574,38.6834,39.2115
2026-09-04,15:29,KIOCL,261.7134,2.3182,58.9028,-15.3991
2026-09-04,15:29,KIRIINDUS,631.3367,2.5774,49.5797,6.831
2026-09-04,15:29,KIRLOSBROS,2303.3252,2.2007,38.0682,-6.6386
2026-09-04,15:29,KIRLOSENG,6869.6635,3.374,46.8635,154.1142
2026-09-04,15:29,KIRLOSIND,3743.9882,3.145,41.6451,-0.2086
2026-09-04,15:29,KKCL,354.7392,1.864,33.241,-1.7105
2026-09-04,15:29,KMEW,9006.7818,3.8408,62.6135,246.6743
2026-09-04,15:29,KNAGRI,178.548,2.4889,1.7e+308,1.7e+308
2026-09-04,15:29,KOLTEPATIL,530.5587,2.6004,34.6845,-4.866
2026-09-04,15:29,KOPRAN,628.8561,3.2268,49.7367,31.3488
2026-09-04,15:29,KOTAKNIFTY,163.0436,0.6498,9.3393,29.8333
2026-09-04,15:29,KOVAI,21220.4823,11.3618,116.128,224.1285
2026-09-04,15:29,KPIL,1853.0785,1.6961,29.4075,11.2552
2026-09-04,15:29,KPRMILL,2092.4661,2.5755,41.8957,19.9252
2026-09-04,15:29,KRBL,600.018,2.5268,41.1739,-7.457
2026-09-04,15:29,KRISHANA,540.9775,3.1824,45.8105,62.659
2026-09-04,15:29,KRISHIVAL,584.5137,1.8741,37.4587,-5.9846
2026-09-04,15:29,KRISHNADEF,402.8029,3.1884,1.7e+308,1.7e+308
2026-09-04,15:29,KRN,6081.4229,3.2522,49.1059,80.5983
2026-09-04,15:29,KRONOX,374.0888,3.9003,50.182,8.7115
2026-09-04,15:29,KRYSTAL,325.5912,1.7858,40.1541,-1.058
2026-09-04,15:29,KSB,744.8284,1.9286,30.7773,-0.9135
2026-09-04,15:29,KSHINTL,4582.4636,3.7236,1.7e+308,1.7e+308
2026-09-04,15:29,KSL,1707.338,2.3296,35.6251,15.7966
2026-09-04,15:29,KTKBANK,998.7277,1.9781,33.929,95.2914
2026-09-04,15:29,LALPATHLAB,3107.6901,2.2656,30.1162,15.5527
2026-09-04,15:29,LAMBODHARA,211.1071,3.5833,54.0625,5.723
2026-09-04,15:29,LANDMARK,996.619,3.1184,46.6633,-19.0816
2026-09-04,15:29,LAURUSLABS,5107.7502,1.7884,29.5395,108.9366
2026-09-04,15:29,LAXMIINDIA,243.2322,3.4461,59.6269,-20.389
2026-09-04,15:29,LENSKART,1618.3433,1.4946,1.7e+308,1.7e+308
2026-09-04,15:29,LGEINDIA,1493.3778,1.7995,1.7e+308,1.7e+308
2026-09-04,15:29,LICHSGFIN,344.8164,1.7018,25.228,1.4165
2026-09-04,15:29,LIKHITHA,285.2799,2.6603,50.8812,-17.5424
2026-09-04,15:29,LINCOLN,1040.0311,2.7261,39.8331,11.1151
2026-09-04,15:29,LINDEINDIA,2992.338,1.5199,27.6616,-1.2373
2026-09-04,15:29,LIQGRWBEES,179.3537,0.0109,0.1915,4.7244
2026-09-04,15:29,LIQUID1,203.3552,0.0119,0.2038,5.0471
2026-09-04,15:29,LIQUIDADD,202.9827,0.0116,0.2007,4.9332
2026-09-04,15:29,LIQUIDBETF,191.5097,0.0121,0.2129,4.8357
2026-09-04,15:29,LIQUIDPLUS,197.8356,0.0121,0.207,5.0133
2026-09-04,15:29,LIQUIDSHRI,190.8268,0.011,0.1977,4.7497
2026-09-04,15:29,LLOYDSENGG,254.8294,3.3983,49.6902,34.4778
2026-09-04,15:29,LLOYDSME,4387.7287,1.9365,36.8192,40.9463
2026-09-04,15:29,LMW,28397.7525,1.8477,32.0627,32.1926
2026-09-04,15:29,LODHA,1995.0988,2.5241,37.4163,4.0088
2026-09-04,15:29,LOKESHMACH,1302.1787,2.9424,52.076,80.2007
2026-09-04,15:29,LOTUSDEV,252.7208,2.6481,44.4298,5.0671
2026-09-04,15:29,LT,1366.2429,1.2133,25.0455,11.5517
2026-09-04,15:29,LTF,161.2452,2.0982,34.8838,36.2197
2026-09-04,15:29,LTFOODS,613.3517,1.7466,39.2074,0.3837
2026-09-04,15:29,LUMAXIND,9612.6919,2.2731,51.7454,49.2251
2026-09-04,15:29,LUMAXTECH,3561.6577,2.9739,55.1955,82.6425
2026-09-04,15:29,LUXIND,1742.0676,2.7191,45.7028,-9.7465
2026-09-04,15:29,LXCHEM,207.324,2.9059,47.6365,-18.2941
2026-09-04,15:29,MACPOWER,6631.5174,3.9281,53.9383,133.7731
2026-09-04,15:29,MAFANG,276.9696,1.6037,22.7787,29.1197
2026-09-04,15:29,MAGADSUGAR,775.2171,2.4727,35.768,-2.8936
2026-09-04,15:29,MAHASTEEL,2837.2946,3.0401,46.4307,224.0273
2026-09-04,15:29,MAHESHWARI,177.1836,1.8043,39.1144,17.11
2026-09-04,15:29,MAHLOG,713.5099,2.0426,38.5696,26.3954
2026-09-04,15:29,MAHSCOOTER,3107.0701,1.8802,31.747,-17.6834
2026-09-04,15:29,MAHSEAMLES,1113.5218,1.5537,24.9068,8.5931
2026-09-04,15:29,MAITHANALL,694.2849,2.2181,38.1201,-0.1876
2026-09-04,15:29,MAMATA,183.2612,2.0042,40.0198,2.129
2026-09-04,15:29,MANAKSTEEL,301.2804,4.0875,54.4158,80.7919
2026-09-04,15:29,MANALIPETC,206.952,3.1905,45.3731,20.3997
2026-09-04,15:29,MANAPPURAM,278.7681,2.1324,33.6839,19.4025
2026-09-04,15:29,MANCREDIT,345.1267,2.9418,36.5041,24.0991
2026-09-04,15:29,MANGLMCEM,2198.5153,1.8982,31.1918,42.5856
2026-09-04,15:29,MANINDS,2944.8945,3.0969,55.8805,86.2423
2026-09-04,15:29,MANKIND,1366.2414,1.5945,25.4511,-8.7313
2026-09-04,15:29,MANORAMA,5584.0439,2.8983,43.8995,48.5838
2026-09-04,15:29,MANORG,268.8453,3.5917,52.278,-15.2234
2026-09-04,15:29,MANYAVAR,680.3306,2.3631,34.9952,-17.9282
2026-09-04,15:29,MARALOVER,153.493,3.4657,50.5193,19.872
2026-09-04,15:29,MARICO,460.1689,1.0928,18.2565,11.4049
2026-09-04,15:29,MARINE,1622.7464,3.3505,50.605,147.2254
2026-09-04,15:29,MARKOLINES,236.8443,1.7802,1.7e+308,1.7e+308
2026-09-04,15:29,MARKSANS,1013.8599,3.2446,42.6591,93.4462
2026-09-04,15:29,MAWANASUG,415.3923,3.1017,41.4128,56.3595
2026-09-04,15:29,MAXESTATES,1008.7123,2.7601,41.0386,25.5297
2026-09-04,15:29,MAYURUNIQ,1451.2062,2.796,37.6315,36.159
2026-09-04,15:29,MAZDA,466.3086,3.1493,45.1943,-3.9829
2026-09-04,15:29,MAZDOCK,1074.1405,1.652,33.9814,-7.3277
2026-09-04,15:29,MBAPL,523.8607,2.8142,38.5326,99.5675
2026-09-04,15:29,MCX,6160.8047,2.2976,39.7709,115.331
2026-09-04,15:29,MEDANTA,2727.5241,1.7526,29.2079,4.3596
2026-09-04,15:29,MEESHO,239.9452,2.8982,1.7e+308,1.7e+308
2026-09-04,15:29,MEGASTAR,549.5359,2.7173,44.951,33.7159
2026-09-04,15:29,MENONBE,1236.6883,3.4759,45.2436,156.8734
2026-09-04,15:29,METROPOLIS,839.4051,2.0462,29.6644,6.7491
2026-09-04,15:29,MIDHANI,552.5746,2.614,42.5791,11.117
2026-09-04,15:29,MINDACORP,991.6575,1.904,32.5084,39.4444
2026-09-04,15:29,MMFL,1560.977,2.4147,42.4921,99.3356
2026-09-04,15:29,MMP,984.8357,2.8609,42.6105,46.6969
2026-09-04,15:29,MODEFENCE,152.8108,1.2651,24.9122,29.6153
2026-09-04,15:29,MODIS,440.3233,2.4525,1.7e+308,1.7e+308
2026-09-04,15:29,MODISONLTD,1991.5018,4.5652,56.6012,188.8623
2026-09-04,15:29,MOLDTECH,491.5497,3.5685,50.6944,24.7969
2026-09-04,15:29,MOLDTKPAC,964.9905,2.4856,39.1291,-14.7382
2026-09-04,15:29,MON100,538.2488,1.4695,22.6082,58.4916
2026-09-04,15:29,MONARCH,590.7154,2.0471,33.8819,15.0205
2026-09-04,15:29,MONQ50,264.9382,1.5038,23.3182,61.3758
2026-09-04,15:29,MOREPENLAB,493.4722,4.1863,54.6425,130.6631
2026-09-04,15:29,MOSCHIP,266.6747,2.9997,54.9244,-14.2442
2026-09-04,15:29,MOTHERSON,324.3508,2.1038,34.9597,69.8731
2026-09-04,15:29,MOTILALOFS,1773.6967,2.2256,39.8205,18.779
2026-09-04,15:29,MPSLTD,5334.1129,3.2813,45.1468,18.3048
2026-09-04,15:29,MSTCLTD,1727.1837,3.7941,48.56,46.6494
2026-09-04,15:29,MTARTECH,29525.2285,4.6565,61.1237,408.5938
2026-09-04,15:29,MUFIN,155.2295,1.5686,37.931,64.29
2026-09-04,15:29,MUNJALAU,261.3412,3.5273,49.2642,26.5412
2026-09-04,15:29,MUTHOOTMF,162.0513,3.0328,44.2495,20.2354
2026-09-04,15:29,NAHARCAP,221.7121,1.5825,30.7206,-9.8812
2026-09-04,15:29,NAHARINDUS,274.985,2.7609,40.4994,21.7318
2026-09-04,15:29,NAHARPOLY,179.1682,2.3249,43.8938,-17.8017
2026-09-04,15:29,NAHARSPING,835.6219,2.2428,38.5241,35.5789
2026-09-04,15:29,NAM-INDIA,2083.4735,2.2174,38.748,45.3418
2026-09-04,15:29,NATCAPSUQ,300.5361,3.9114,59.3868,4.0081
2026-09-04,15:29,NAVA,182.6412,2.4338,38.9031,-17.4538
2026-09-04,15:29,NAVINFLUOR,16363.2824,2.1641,36.5366,83.5035
2026-09-04,15:29,NAVINIFTY,435.4239,1.9962,28.9111,43.3632
2026-09-04,15:29,NAZARA,562.8076,2.2521,41.444,33.6512
2026-09-04,15:29,NDGL,1319.1091,2.3626,40.2376,-27.3601
2026-09-04,15:29,NDLVENTURE,212.0994,2.1374,42.0889,41.1339
2026-09-04,15:29,NDRAUTO,306.0559,2.0319,41.0207,-35.5041
2026-09-04,15:29,NELCAST,170.5478,3.1796,53.9651,-19.793
2026-09-04,15:29,NELCO,1946.1049,3.3566,46.0789,13.0864
2026-09-04,15:29,NEOGEN,6240.1872,2.8763,49.0526,43.7534
2026-09-04,15:29,NEPHROPLUS,1169.0274,2.5853,1.7e+308,1.7e+308
2026-09-04,15:29,NESTLEIND,723.7424,1.4688,21.4241,16.7149
2026-09-04,15:29,NETWEB,12979.6142,3.6667,59.9012,68.6368
2026-09-04,15:29,NEULANDLAB,58352.1409,2.1686,39.7383,56.719
2026-09-04,15:29,NEXT50,464.4478,0.8892,16.7359,9.8104
2026-09-04,15:29,NGLFINE,8564.5984,4.0407,57.4897,93.395
2026-09-04,15:29,NH,693.3545,1.729,30.4396,4.0827
2026-09-04,15:29,NIACL,536.3882,3.2519,45.5354,18.0297
2026-09-04,15:29,NIBE,1924.3985,3.4418,51.9635,11.8868
2026-09-04,15:29,NIFTY100EQLWGT,12796.666,0.7646,14.9003,5.8541
2026-09-04,15:29,NIFTY100LIQ15,1793.2316,0.8873,15.8823,6.8673
2026-09-04,15:29,NIFTY200ALPHA30,15878.9291,0.9304,18.7636,7.1915
2026-09-04,15:29,NIFTY200MOMENTM30,3275.4497,0.9269,18.1779,1.8822
2026-09-04,15:29,NIFTY500,3398.2489,0.7231,13.9875,1.8617
2026-09-04,15:29,NIFTY500MOMENTM50,27117.0938,0.9245,18.308,7.4368
2026-09-04,15:29,NIFTY500MULTICAP,6171.6547,0.7432,14.5107,4.088
2026-09-04,15:29,NIFTY50EQLWGT,2113.5446,0.6837,13.3785,2.8596
2026-09-04,15:29,NIFTYALPHA50,54444.4411,0.9439,18.9625,11.7444
2026-09-04,15:29,NIFTYALPHALOWVOL,2217.1209,0.631,12.9634,1.0513
2026-09-04,15:29,NIFTYAUTO,5620.9417,1.095,21.2415,5.2822
2026-09-04,15:29,NIFTYCAPITALMKT,5780.9483,1.2283,24.8507,26.8767
2026-09-04,15:29,NIFTYCHEMICALS,17201.1467,0.9533,1.7e+308,1.7e+308
2026-09-04,15:29,NIFTYCOMMODITIES,2915.7429,0.7732,15.8704,11.5671
2026-09-04,15:29,NIFTYCONSUMPTION,402.4951,0.7892,14.5725,-6.2475
2026-09-04,15:29,NIFTYCONSURDURBL,33037.8871,1.1634,20.4989,-0.8591
2026-09-04,15:29,NIFTYEES,23597.5477,1.6253,39.3689,55.5137
2026-09-04,15:29,NIFTYGS10YR,276.9705,0.2024,3.5064,2.5995
2026-09-04,15:29,NIFTYGS1115YR,842.1962,0.2233,3.9787,5.0486
2026-09-04,15:29,NIFTYGS15YRPLUS,383.4524,0.3147,5.4035,2.785
2026-09-04,15:29,NIFTYGS48YR,731.6187,0.1581,2.5312,5.5275
2026-09-04,15:29,NIFTYGS813YR,431.1449,0.1901,3.3,3.8456
2026-09-04,15:29,NIFTYGSCOMPSITE,508.1079,0.1986,3.4469,4.0186
2026-09-04,15:29,NIFTYHEALTHCARE,15198.9123,0.8031,13.4814,13.2539
2026-09-04,15:29,NIFTYINDDEFENCE,13561.6448,1.2268,23.9968,29.1302
2026-09-04,15:29,NIFTYINDIAMFG,8939.1857,0.7665,15.3711,10.5554
2026-09-04,15:29,NIFTYINDTOURISM,1230.424,1.2111,21.5185,-15.1518
2026-09-04,15:29,NIFTYLARGEMID250,3926.3232,0.734,14.4593,3.9856
2026-09-04,15:29,NIFTYM150MOMNTM50,28624.4308,0.9111,18.0508,5.7668
2026-09-04,15:29,NIFTYM150QLTY50,8513.4341,0.792,15.4905,0.5169
2026-09-04,15:29,NIFTYMEDIA,1326.5509,1.3748,21.8327,-3.3941
2026-09-04,15:29,NIFTYMETAL,11409.0274,1.1158,22.248,37.5535
2026-09-04,15:29,NIFTYMICROCAP250,36838.9339,1.012,19.6125,12.3263
2026-09-04,15:29,NIFTYMIDCAP150,13394.5037,0.8066,16.0333,9.4258
2026-09-04,15:29,NIFTYMIDCAP50,11036.6083,0.8174,16.427,12.6514
2026-09-04,15:29,NIFTYMIDLIQ15,13396.9929,0.9984,18.841,14.594
2026-09-04,15:29,NIFTYMIDSELECT,10214.2604,0.8823,17.8131,15.1469
2026-09-04,15:29,NIFTYMIDSMALLCAP400,16039.8594,0.8185,16.1409,9.3077
2026-09-04,15:29,NIFTYMIDSMLHLTH,64354.5015,0.8207,14.2735,17.1526
2026-09-04,15:29,NIFTYMS400MQ100,38334.4852,0.8428,17.1889,8.0292
2026-09-04,15:29,NIFTYMULTIINFRA,7183.4704,0.7822,15.3667,5.201
2026-09-04,15:29,NIFTYMULTIMFG,10681.25,0.7277,15.2749,9.0814
2026-09-04,15:29,NIFTYSMALLCAP250,19639.6647,0.8992,17.0413,9.3299
2026-09-04,15:29,NIFTYSMALLCAP50,12620.2254,0.9396,18.2509,18.1635
2026-09-04,15:29,NIFTYSML250MQ100,52357.5325,0.9273,17.809,9.1956
2026-09-04,15:29,NIFTYTOTALMKT,2654.9611,0.728,14.1039,2.3075
2026-09-04,15:29,NIITLTD,155.1674,4.0733,52.7434,-12.8413
2026-09-04,15:29,NILKAMAL,4525.407,2.752,35.1205,37.2835
2026-09-04,15:29,NINSYS,2334.6439,2.3155,44.1816,58.0027
2026-09-04,15:29,NIRAJISPAT,1375.5451,4.88,76.1825,-2.0088
2026-09-04,15:29,NITINSPIN,1993.8584,2.5342,38.7966,93.6808
2026-09-04,15:29,NITIRAJ,255.7597,2.7847,42.0964,13.3116
2026-09-04,15:29,NLCINDIA,160.935,2.6136,36.9845,19.481
2026-09-04,15:29,NOCIL,274.1788,2.9004,40.4088,-4.7503
2026-09-04,15:29,NORTHARC,176.4393,2.5432,39.7718,24.7111
2026-09-04,15:29,NOVARTIND,5689.163,5.6922,60.3527,189.25
2026-09-04,15:29,NPST,2632.6372,3.2671,58.5988,-18.3002
2026-09-04,15:29,NRAIL,1020.4957,2.984,53.7481,49.8204
2026-09-04,15:29,NRBBEARING,1305.1555,2.5992,39.0391,58.7358
2026-09-04,15:29,NRL,468.1691,2.4417,35.2291,80.875
2026-09-04,15:29,NURECA,253.341,3.1296,53.1126,25.5154
2026-09-04,15:29,NUVAMA,2995.4388,2.3728,36.31,39.4577
2026-09-04,15:29,NYKAA,606.5299,1.6522,28.0515,37.0343
2026-09-04,15:29,OAL,1631.9872,3.6845,47.978,53.4534
2026-09-04,15:29,OBEROIRLTY,2615.2721,1.6534,27.0036,15.1664
2026-09-04,15:29,OCCLLTD,453.2229,3.8084,52.614,23.8235
2026-09-04,15:29,OFSS,25439.5241,2.2338,33.5419,45.628
2026-09-04,15:29,OIL,326.2112,2.08,30.9242,23.1837
2026-09-04,15:29,OLECTRA,1485.936,2.3585,43.8886,-19.3993
2026-09-04,15:29,OMAXAUTO,558.4665,4.6173,61.6987,26.5432
2026-09-04,15:29,OMAXE,380.5386,3.9495,54.8182,56.9571
2026-09-04,15:29,ONESOURCE,653.6632,2.0456,41.878,-17.9096
2026-09-04,15:29,OPTIEMUS,1151.9726,2.9727,48.8907,-9.5416
2026-09-04,15:29,ORBTEXP,435.3619,4.1829,58.4691,27.4773
2026-09-04,15:29,ORCHPHARMA,1651.2124,2.9888,43.5451,33.939
2026-09-04,15:29,ORIENTBELL,899.2518,3.2558,50.5455,42.8669
2026-09-04,15:29,ORIENTHOT,238.3327,3.6639,46.83,-0.2353
2026-09-04,15:29,PAGEIND,21209.9396,1.6444,24.4253,-18.0309
2026-09-04,15:29,PAISALO,257.062,2.9841,43.819,114.2238
2026-09-04,15:29,PANACHE,1704.2373,2.8195,49.2796,107.166
2026-09-04,15:29,PANAMAPET,1298.0236,4.0581,50.4939,68.8075
2026-09-04,15:29,PAR,412.9737,4.2739,54.5757,59.8103
2026-09-04,15:29,PARACABLES,211.6033,4.2899,59.5632,40.1583
2026-09-04,15:29,PARADEEP,173.2765,2.3858,44.0344,-21.8867
2026-09-04,15:29,PARAS,4911.4655,3.9203,50.6514,114.0707
2026-09-04,15:29,PARKHOSPS,806.908,2.5736,1.7e+308,1.7e+308
2026-09-04,15:29,PAUSHAKLTD,1614.9324,3.1231,1.7e+308,1.7e+308
2026-09-04,15:29,PAYTM,3229.244,2.5305,38.846,32.2627
2026-09-04,15:29,PCBL,324.661,2.8294,46.5869,-15.1953
2026-09-04,15:29,PDSL,293.6523,2.2312,41.9295,10.7165
2026-09-04,15:29,PFOCUS,554.9314,3.2998,56.2954,93.8499
2026-09-04,15:29,PGEL,322.1801,2.4291,43.7812,1.4707
2026-09-04,15:29,PGHL,1640.3594,1.843,24.9207,-12.4517
2026-09-04,15:29,PGIL,5511.4839,2.7507,50.6391,89.2433
2026-09-04,15:29,PHOENIXLTD,1336.4743,1.6255,26.9069,27.9231
2026-09-04,15:29,PIDILITIND,1126.2352,1.355,21.5876,5.2955
2026-09-04,15:29,PIRAMALFIN,2673.5686,2.1884,1.7e+308,1.7e+308
2026-09-04,15:29,PITTIENG,2227.6639,2.2684,38.8432,19.2591
2026-09-04,15:29,PIXTRANS,3064.898,2.6851,32.111,25.3288
2026-09-04,15:29,PKTEA,831.9631,2.958,47.641,4.2877
2026-09-04,15:29,PLASTIBLEN,244.9066,2.6425,34.7306,-3.5568
2026-09-04,15:29,PLAZACABLE,159.8808,3.6309,50.5732,9.1103
2026-09-04,15:29,PNBHOUSING,2192.934,1.8193,32.1967,47.278
2026-09-04,15:29,PNGJL,319.3894,2.3158,34.3719,2.0184
2026-09-04,15:29,POKARNA,596.9172,2.1952,53.4667,5.8553
2026-09-04,15:29,POLICYBZR,1005.3014,1.9576,33.2502,0.7407
2026-09-04,15:29,POLYCAB,9786.3406,1.8862,30.5549,14.8312
2026-09-04,15:29,POLYMED,697.6954,2.6658,43.289,-16.6177
2026-09-04,15:29,POLYPLEX,2259.2926,2.3252,33.1809,15.5525
2026-09-04,15:29,PONNIERODE,724.0528,2.5918,35.5314,28.7277
2026-09-04,15:29,POONAWALLA,335.204,1.953,37.8214,8.538
2026-09-04,15:29,POWERINDIA,93950.1097,2.6905,44.7422,67.9045
2026-09-04,15:29,POWERMECH,1937.4235,2.1189,38.5089,-24.7061
2026-09-04,15:29,PPAP,391.8257,4.3055,58.2123,19.405
2026-09-04,15:29,PPL,420.2917,3.0112,45.5879,-21.203
2026-09-04,15:29,PPLPHARMA,389.5311,2.3399,34.0567,6.763
2026-09-04,15:29,PRABHA,485.782,2.6716,45.1406,-5.8353
2026-09-04,15:29,PRAJIND,322.4903,2.2759,40.6313,-17.4539
2026-09-04,15:29,PRECOT,2411.2352,3.4035,61.9191,48.6161
2026-09-04,15:29,PRECWIRE,1599.8619,3.8423,59.9959,169.9863
2026-09-04,15:29,PREMEXPLN,1196.315,3.6011,55.127,20.3662
2026-09-04,15:29,PREMIERENE,1977.734,1.7433,34.5263,0.175
2026-09-04,15:29,PREMIERPOL,305.6836,3.6177,57.7629,103.9786
2026-09-04,15:29,PRESTIGE,1229.1839,2.1361,33.1088,5.0645
2026-09-04,15:29,PRICOLLTD,1137.7087,2.389,38.9406,55.4934
2026-09-04,15:29,PRINCEPIPE,290.5514,2.1522,38.4954,-13.1236
2026-09-04,15:29,PRIVISCL,4030.5096,1.8499,34.7685,47.4945
2026-09-04,15:29,PRUDENT,6731.9852,2.3022,37.6847,23.7377
2026-09-04,15:29,PSPPROJECT,1153.213,2.8218,46.0153,23.9734
2026-09-04,15:29,PTCIL,39393.4317,2.6663,36.6114,75.4399
2026-09-04,15:29,PUNJABCHEM,626.9958,2.142,41.7222,-1.0877
2026-09-04,15:29,PVP,235.48,4.1625,64.4452,136.6423
2026-09-04,15:29,PVRINOX,1836.9541,1.6679,29.3014,7.0575
2026-09-04,15:29,QPOWER,5564.5087,3.4436,55.6936,64.59
2026-09-04,15:29,QUADFUTURE,773.3565,3.9625,60.7484,-13.5141
2026-09-04,15:29,QUESS,986.5723,2.644,36.464,33.9437
2026-09-04,15:29,RACLGEAR,3828.332,2.8686,57.0116,72.1761
2026-09-04,15:29,RADICO,9501.0607,1.71,32.719,61.2371
2026-09-04,15:29,RAIN,503.2089,3.5641,53.6833,55.7096
2026-09-04,15:29,RAINBOW,1622.3742,1.3057,22.4199,-4.1843
2026-09-04,15:29,RAJRATAN,266.9849,2.1989,48.6958,49.6322
2026-09-04,15:29,RAMCOSYS,1257.4021,4.8731,65.0139,42.6871
2026-09-04,15:29,RAMRAT,1673.8489,3.3365,41.9717,50.7813
2026-09-04,15:29,RANEHOLDIN,2591.7059,2.9226,41.5184,10.11
2026-09-04,15:29,RATEGAIN,1464.5403,2.6427,44.1666,37.9609
2026-09-04,15:29,RATNAMANI,4465.2504,2.7819,44.7672,13.502
2026-09-04,15:29,RATNAVEER,1032.5272,3.5176,49.828,106.5122
2026-09-04,15:29,RAYMOND,2301.7744,3.3364,44.4668,21.1133
2026-09-04,15:29,RAYMONDREL,721.8823,3.9129,56.8972,-13.8683
2026-09-04,15:29,RBA,205.3395,2.9357,38.5036,22.1552
2026-09-04,15:29,RBLBANK,779.8684,1.8688,31.0066,50.1268
2026-09-04,15:29,RBZJEWEL,411.9193,3.5841,50.5537,46.1477
2026-09-04,15:29,REDINGTON,747.9294,2.6141,50.3353,56.7924
2026-09-04,15:29,REFEX,370.8638,2.6186,53.0508,-22.2375
2026-09-04,15:29,REGAAL,157.5862,3.0208,1.7e+308,-16.0804
2026-09-04,15:29,RELIGARE,216.8746,2.0216,38.6965,1.5484
2026-09-04,15:29,RGL,271.3259,3.3378,56.7726,31.8784
2026-09-04,15:29,RIIL,346.6772,2.0743,35.5456,-18.3262
2026-09-04,15:29,RISHABH,2510.1529,3.196,57.2376,55.0877
2026-09-04,15:29,RITCO,402.1826,2.7382,41.7921,11.3448
2026-09-04,15:29,RKFORGE,1180.5004,2.2386,35.525,22.8591
2026-09-04,15:29,RML,3446.3052,3.2605,42.8191,53.9622
2026-09-04,15:29,ROLEXRINGS,321.25,2.9798,44.6198,23.8157
2026-09-04,15:29,ROSSTECH,3289.7113,3.8303,63.4415,60.8753
2026-09-04,15:29,RPEL,6900.3621,3.1062,49.8038,173.5902
2026-09-04,15:29,RPGLIFE,3633.5985,2.8375,36.8136,14.4539
2026-09-04,15:29,RPSGVENT,751.9606,2.3646,47.6883,-5.1022
2026-09-04,15:29,RPTECH,3012.8038,3.3712,43.541,178.2601
2026-09-04,15:29,RRKABEL,6837.4155,2.9595,38.7289,103.4403
2026-09-04,15:29,RSWM,561.4432,2.597,41.213,43.3873
2026-09-04,15:29,RUBICON,6935.0925,3.3338,1.7e+308,1.7e+308
2026-09-04,15:29,RUBYMILLS,1470.2457,3.7951,52.1079,91.419
2026-09-04,15:29,RVTH,523.7367,2.9851,46.7391,-14.3698
2026-09-04,15:29,S&SPOWER,358.1503,3.0291,54.4037,-17.8
2026-09-04,15:29,SAATVIKGL,379.8564,2.2711,1.7e+308,1.7e+308
2026-09-04,15:29,SAHYADRI,938.6328,2.9979,42.1144,38.9076
2026-09-04,15:29,SAIL,296.257,2.3459,35.7405,52.2513
2026-09-04,15:29,SAILIFE,4895.0311,1.9493,34.191,84.1674
2026-09-04,15:29,SAKAR,3880.4267,3.712,53.0223,205.07
2026-09-04,15:29,SALONA,222.3323,2.1328,37.4271,10.667
2026-09-04,15:29,SALSTEEL,251.0463,3.3668,58.006,267.0275
2026-09-04,15:29,SAMBHV,263.3257,2.5181,43.7736,5.4231
2026-09-04,15:29,SANATHAN,160.0049,2.1457,32.7896,-10.7677
2026-09-04,15:29,SANDESH,256.132,2.6798,33.3198,-14.1726
2026-09-04,15:29,SANDHAR,796.303,2.9408,44.5259,35.8441
2026-09-04,15:29,SANGAMIND,968.4012,2.2299,36.3174,58.5536
2026-09-04,15:29,SANGHVIMOV,998.1696,3.0705,51.2971,31.4183
2026-09-04,15:29,SANGINITA,298.6136,2.5236,48.0756,526.3158
2026-09-04,15:29,SANOFICONR,760.9543,1.6362,30.7914,-19.1825
2026-09-04,15:29,SANSERA,13157.6053,2.678,40.9023,177.3777
2026-09-04,15:29,SAPPHIRE,269.9616,3.2043,45.8054,-28.8934
2026-09-04,15:29,SARDAEN,274.7369,1.7244,34.0197,-10.6867
2026-09-04,15:29,SAREGAMA,986.0761,3.0664,41.6049,0.5305
2026-09-04,15:29,SASKEN,3954.848,4.1634,54.636,31.8822
2026-09-04,15:29,SATIN,425.5631,2.6985,33.414,49.1252
2026-09-04,15:29,SBCL,4380.2866,4.2294,54.7927,122.044
2026-09-04,15:29,SBILIQETF,188.9054,0.0122,1.7e+308,4.9468
2026-09-04,15:29,SCHAEFFLER,2108.5905,1.4955,28.5663,4.6168
2026-09-04,15:29,SCHNEIDER,3880.4267,3.622,48.7183,38.4564
2026-09-04,15:29,SCI,580.5446,2.7129,45.8716,41.3496
2026-09-04,15:29,SCPL,2137.7387,3.9088,56.6132,152.0077
2026-09-04,15:29,SEAMECLTD,4106.1697,2.4238,36.8684,93.6306
2026-09-04,15:29,SECMARK,269.0933,3.4263,63.6671,7.0423
2026-09-04,15:29,SENCO,327.4516,2.9818,42.8306,-6.7836
2026-09-04,15:29,SENORES,3884.768,2.9644,40.6497,98.6234
2026-09-04,15:29,SETFNN50,469.0995,0.8809,16.1813,9.7987
2026-09-04,15:29,SETL,1782.8133,3.4519,50.2891,121.5091
2026-09-04,15:29,SFL,801.5745,2.6381,39.1357,-9.816
2026-09-04,15:29,SGFIN,1860.211,2.79,41.9094,79.7553
2026-09-04,15:29,SGIL,584.8239,2.5847,40.7229,10.0381
2026-09-04,15:29,SGMART,2948.6158,2.6453,1.7e+308,1.7e+308
2026-09-04,15:29,SHAHALLOYS,241.7437,3.3782,52.4826,62.2442
2026-09-04,15:29,SHAILY,8608.0106,3.0837,52.3793,49.3191
2026-09-04,15:29,SHALPAINTS,158.7645,4.409,61.4733,17.7597
2026-09-04,15:29,SHANKARA,273.7446,1.8052,47.3644,-39.0105
2026-09-04,15:29,SHANTIGEAR,1064.8383,3.1792,40.127,9.5595
2026-09-04,15:29,SHANTIGOLD,397.2832,2.7566,45.8707,11.1959
2026-09-04,15:29,SHARDAMOTR,259.8529,2.0141,36.305,-16.6005
2026-09-04,15:29,SHAREINDIA,174.1448,2.9354,50.9931,15.2416
2026-09-04,15:29,SHEMAROO,179.2922,2.6839,44.989,14.2277
2026-09-04,15:29,SHILCTECH,6865.9433,3.1888,1.7e+308,1.7e+308
2026-09-04,15:29,SHILPAMED,4323.5409,2.9206,41.0449,128.2822
2026-09-04,15:29,SHIVAUM,934.9118,2.8116,1.7e+308,1.7e+308
2026-09-04,15:29,SHOPERSTOP,207.138,2.6319,38.4405,-30.4138
2026-09-04,15:29,SHREEJISPG,2227.6639,2.4231,1.7e+308,168.4626
2026-09-04,15:29,SHREEPUSHK,839.0949,2.8755,53.0845,36.4681
2026-09-04,15:29,SHRIPISTON,11390.1088,1.9973,38.6756,76.0399
2026-09-04,15:29,SHRIRAMFIN,232.2551,2.0312,35.4927,75.6962
2026-09-04,15:29,SHYAMMETL,1774.9375,1.87,28.584,14.6902
2026-09-04,15:29,SICAGEN,229.0301,12.8846,137.5338,288.5333
2026-09-04,15:29,SIEMENS,6676.7904,1.9192,30.6406,28.743
2026-09-04,15:29,SIGMAADV,3645.6911,3.5886,57.4325,432.886
2026-09-04,15:29,SIGNPOST,227.5417,3.2097,48.4768,-13.4172
2026-09-04,15:29,SILINV,257.3721,1.6904,31.0017,-18.3701
2026-09-04,15:29,SIMPLEXINF,453.1609,3.3338,54.8949,-9.5015
2026-09-04,15:29,SIS,678.4701,2.0753,29.6704,20.8836
2026-09-04,15:29,SJS,4556.4164,2.0794,37.8249,64.4161
2026-09-04,15:29,SKFINDUS,2226.4235,2.2546,1.7e+308,1.7e+308
2026-09-04,15:29,SKIPPER,1576.4814,2.6595,40.1609,4.0028
2026-09-04,15:29,SKMEGGPROD,480.9447,4.0958,57.4613,44.8451
2026-09-04,15:29,SKYGOLD,2976.5236,3.4852,50.5434,180.1398
2026-09-04,15:29,SMARTLINK,570.6838,3.6552,46.5964,46.5757
2026-09-04,15:29,SMARTWORKS,630.4065,2.0639,35.4542,3.084
2026-09-04,15:29,SMLMAH,16262.1937,4.0173,60.0653,67.2864
2026-09-04,15:29,SMSPHARMA,548.8537,2.5251,48.199,66.1376
2026-09-04,15:29,SOFTTECH,803.7451,2.2184,42.9552,6.3993
2026-09-04,15:29,SOLARA,746.0692,3.1817,45.1311,-3.8511
2026-09-04,15:29,SOLARINDS,54494.6606,2.0516,32.8377,54.1143
2026-09-04,15:29,SOMANYCERA,1078.4818,2.3103,36.658,19.8216
2026-09-04,15:29,SONACOMS,2064.5581,1.838,31.3846,78.871
2026-09-04,15:29,SONAMLTD,165.0902,3.1727,46.2204,36.853
2026-09-04,15:29,SOTL,2437.5925,4.0588,48.0518,82.6082
2026-09-04,15:29,SOUTHWEST,203.7891,3.0961,54.1723,47.8817
2026-09-04,15:29,SPAL,2651.5525,3.6184,50.2951,46.0458
2026-09-04,15:29,SPARC,462.2154,3.8987,56.8386,37.6035
2026-09-04,15:29,SPECIALITY,219.8515,2.9611,46.168,12.7909
2026-09-04,15:29,SPECTRUM,7343.4756,3.8012,55.7671,65.8776
2026-09-04,15:29,SPLPETRO,1671.9881,2.1002,41.5316,-1.1664
2026-09-04,15:29,SPORTKING,916.9268,3.2886,47.7073,110.8352
2026-09-04,15:29,SREEL,323.1724,2.233,29.3799,12.5562
2026-09-04,15:29,SRHHYPOLTD,495.2085,1.9866,32.1752,-14.6496
2026-09-04,15:29,SSWL,1130.3906,2.7203,40.7221,60.8008
2026-09-04,15:29,STAR,1633.2272,2.0998,37.4571,19.0094
2026-09-04,15:29,STARHEALTH,819.8695,1.4014,23.5832,26.1686
2026-09-04,15:29,STEELCAS,897.2672,2.3862,44.7731,52.8088
2026-09-04,15:29,STEL,1206.238,2.7123,50.8076,29.5886
2026-09-04,15:29,STLTECH,4096.3093,3.4948,62.7843,580.942
2026-09-04,15:29,STOVEKRAFT,2151.6924,2.3601,45.3373,22.0837
2026-09-04,15:29,STYL,880.0264,2.923,1.7e+308,1.7e+308
2026-09-04,15:29,STYLAMIND,7510.9224,2.5244,36.0087,104.3557
2026-09-04,15:29,STYLEBAAZA,407.144,3.5657,56.7605,15.5123
2026-09-04,15:29,STYRENIX,621.4137,1.9258,31.1356,-23.7185
2026-09-04,15:29,SUDARCOLOR,266.3647,2.3806,39.1053,-35.4624
2026-09-04,15:29,SUDARSCHEM,2102.0791,2.9157,39.8343,-14.1955
2026-09-04,15:29,SUDEEPPHRM,4765.4147,2.9592,1.7e+308,1.7e+308
2026-09-04,15:29,SUMICHEM,462.3394,2.8346,36.0318,-13.3626
2026-09-04,15:29,SUNCLAY,900.4926,2.0625,36.6581,-21.9763
2026-09-04,15:29,SUNDRMBRAK,906.0736,3.1175,43.995,-4.0208
2026-09-04,15:29,SUNDRMFAST,1871.6844,1.6747,26.7363,19.5562
2026-09-04,15:29,SUNDROP,238.7669,1.6366,28.2508,-21.084
2026-09-04,15:29,SUNFLAG,648.0816,3.2743,43.4259,27.936
2026-09-04,15:29,SUNPHARMA,1656.4837,1.3035,19.5223,19.1642
2026-09-04,15:29,SUPERHOUSE,194.6104,2.4557,43.8079,10.6729
2026-09-04,15:29,SUPRAJIT,399.702,1.6989,31.7645,4.0812
2026-09-04,15:29,SUPRIYA,848.3975,3.8207,46.8271,30.8956
2026-09-04,15:29,SURAKSHA,438.7729,2.4831,34.2211,10.522
2026-09-04,15:29,SUVEN,1512.7896,4.2724,58.8128,70.0787
2026-09-04,15:29,SUYOG,1139.8791,2.2997,45.2199,-6.5201
2026-09-04,15:29,SVLL,779.8684,3.3404,44.5989,4.0081
2026-09-04,15:29,SWANDEF,4785.8799,2.0503,1533.8326,405.4553
2026-09-04,15:29,SWARAJENG,558.7771,1.1675,25.594,-15.0802
2026-09-04,15:29,SWELECTES,326.5216,2.3823,47.1339,-25.378
2026-09-04,15:29,SYRMA,4911.4659,2.481,42.4256,75.3143
2026-09-04,15:29,TAINWALCHM,264.008,3.0489,53.2035,2.4104
2026-09-04,15:29,TALBROAUTO,1000.9603,2.4938,41.2419,47.149
2026-09-04,15:29,TANLA,248.9999,3.2568,46.3291,-20.876
2026-09-04,15:29,TARIL,424.509,2.7892,59.3559,-40.2462
2026-09-04,15:29,TARSONS,845.9788,3.9459,50.7466,5.0564
2026-09-04,15:29,TASTYBITE,18509.0833,2.5375,35.3991,4.2779
2026-09-04,15:29,TATACOMM,1214.9204,2.1009,34.074,13.326
2026-09-04,15:29,TATAINVEST,185.4321,1.5034,43.3081,-6.2366
2026-09-04,15:29,TATATECH,883.4375,2.5078,32.8526,19.0299
2026-09-04,15:29,TATVA,3236.6866,3.2754,52.5741,68.2538
2026-09-04,15:29,TBOTEK,1525.0072,2.2961,40.0934,9.5266
2026-09-04,15:29,TBZ,1968.5554,5.1096,62.1587,162.0008
2026-09-04,15:29,TCIEXP,354.1194,3.1139,40.6375,-23.235
2026-09-04,15:29,TCPLPACK,8974.5323,3.3443,43.8541,21.2918
2026-09-04,15:29,TDPOWERSYS,718.161,6.2869,72.4076,34.6738
2026-09-04,15:29,TECHNOE,533.9694,2.7739,39.7614,-34.9602
2026-09-04,15:29,TEJASNET,1923.1588,3.3621,58.3191,4.4029
2026-09-04,15:29,TFCILTD,510.3409,2.6005,50.0359,106.9932
2026-09-04,15:29,THANGAMAYL,10939.8636,3.8449,59.8546,142.8162
2026-09-04,15:29,THEJO,2142.08,2.1559,32.1992,10.6236
2026-09-04,15:29,THELEELA,905.4536,1.9837,30.8563,34.871
2026-09-04,15:29,THEMISMED,252.5967,3.535,57.2441,20.0598
2026-09-04,15:29,THERMAX,4446.6452,2.7025,35.2269,10.4747
2026-09-04,15:29,THYROCARE,842.8162,2.572,40.6504,30.2623
2026-09-04,15:29,TI,907.314,1.9145,34.6804,16.478
2026-09-04,15:29,TIIL,7442.7049,2.3241,40.0553,29.5301
2026-09-04,15:29,TIINDIA,2968.1518,2.0814,34.6461,-9.784
2026-09-04,15:29,TIL,216.0065,3.7236,58.936,-10.358
2026-09-04,15:29,TIMKEN,588.5457,1.6571,27.5149,8.6116
2026-09-04,15:29,TINNARUBR,2298.3635,3.4479,48.9276,26.206
2026-09-04,15:29,TIPSMUSIC,775.5271,2.7919,37.9657,11.9101
2026-09-04,15:29,TIRUPATIFL,218.2391,3.6774,58.1651,72.2804
2026-09-04,15:29,TITAGARH,529.0081,2.365,36.3294,3.7978
2026-09-04,15:29,TITAN,6190.5733,1.4868,23.1083,36.9601
2026-09-04,15:29,TMB,2357.2804,2.5863,37.6965,119.9953
2026-09-04,15:29,TNPETRO,257.8682,2.1988,37.5154,28.7849
2026-09-04,15:29,TNPL,156.4078,1.9639,31.0084,-4.9957
2026-09-04,15:29,TORNTPHARM,5735.3664,1.5401,21.7887,35.7045
2026-09-04,15:29,TORNTPOWER,176.1295,1.956,31.3899,2.8664
2026-09-04,15:29,TRAVELFOOD,1433.842,2.079,31.7486,-0.9778
2026-09-04,15:29,TRENT,2164.8407,2.1049,33.0505,-22.5921
2026-09-04,15:29,TRITURBINE,713.1997,2.957,36.798,12.9635
2026-09-04,15:29,TRUALT,654.9034,2.1242,1.7e+308,1.7e+308
2026-09-04,15:29,TTKHLTCARE,836.6141,1.9856,28.1508,-4.4468
2026-09-04,15:29,TVSELECT,187.2925,2.9113,57.7069,4.3257
2026-09-04,15:29,TVSMOTOR,3617.4733,1.7737,28.1103,18.8834
2026-09-04,15:29,TVSSCS,226.0533,2.6749,40.4246,-0.7685
2026-09-04,15:29,TVSSRICHAK,8581.9636,2.7181,42.0598,80.5723
2026-09-04,15:29,UCAL,221.9602,2.9794,45.6021,6.771
2026-09-04,15:29,UDS,528.0778,2.2596,43.0334,-4.004
2026-09-04,15:29,UEL,779.4343,4.393,75.1394,113.1827
2026-09-04,15:29,UFBL,3236.1281,4.573,64.9284,169.9884
2026-09-04,15:29,UFLEX,1386.3982,3.0938,41.2856,22.6246
2026-09-04,15:29,UMIYA-MRO,155.1674,1.92,48.6107,30.2645
2026-09-04,15:29,UNICHEMLAB,1112.2815,4.0434,49.2531,10.04
2026-09-04,15:29,UNIDT,244.2244,2.0058,37.1377,11.2229
2026-09-04,15:29,UNIMECH,4052.5246,3.2209,46.652,47.2513
2026-09-04,15:29,UNIPARTS,2856.2098,2.4407,42.6132,112.4575
2026-09-04,15:29,UNITDSPR,860.1806,1.4472,23.7043,12.1637
2026-09-04,15:29,UNIVASTU,636.4222,2.8886,44.1349,92.2348
2026-09-04,15:29,UNIVCABLES,5644.2008,4.3937,58.535,122.6884
2026-09-04,15:29,UNIVPHOTO,1823.0625,2.4916,52.0753,92.2383
2026-09-04,15:29,UNOMINDA,716.9206,1.8112,32.9797,-3.7656
2026-09-04,15:29,URBANCO,348.7857,2.835,1.7e+308,1.7e+308
2026-09-04,15:29,USHAMART,653.043,1.8482,33.8882,34.6119
2026-09-04,15:29,UTLSOLAR,1388.1347,3.2885,1.7e+308,1.7e+308
2026-09-04,15:29,UTTAMSUGAR,459.2387,2.8096,42.0351,6.2736
2026-09-04,15:29,V2RETAIL,210.2388,2.2867,40.7059,32.2945
2026-09-04,15:29,VADILALIND,22378.3462,2.4741,38.1951,46.4511
2026-09-04,15:29,VALIANTLAB,299.4819,3.0242,49.7922,26.6675
2026-09-04,15:29,VALIANTORG,511.9534,3.0927,53.4612,-9.7633
2026-09-04,15:29,VARROC,1696.175,2.2547,35.8861,37.2446
2026-09-04,15:29,VEDL,152.5008,2.4799,36.3394,68.828
2026-09-04,15:29,VEEDOL,373.345,1.3456,25.4083,-9.1703
2026-09-04,15:29,VENKEYS,1110.7309,2.1755,37.8309,11.1736
2026-09-04,15:29,VENUSPIPES,3748.3298,2.4991,41.9737,23.7106
2026-09-04,15:29,VENUSREM,6085.7646,3.3827,53.9846,268.8691
2026-09-04,15:29,VERANDA,222.0222,3.5637,52.8808,5.3356
2026-09-04,15:29,VETO,166.8267,2.477,37.7936,9.9045
2026-09-04,15:29,VGUARD,151.3223,1.5953,25.0048,-9.5225
2026-09-04,15:29,VHL,2928.4598,1.6334,32.182,-9.9255
2026-09-04,15:29,VIDHIING,184.5017,2.1848,35.9164,-9.8393
2026-09-04,15:29,VIDYAWIRES,279.0781,3.3021,1.7e+308,1.7e+308
2026-09-04,15:29,VIJAYA,3081.6428,2.4052,31.8513,34.8627
2026-09-04,15:29,VIMTALABS,750.4101,2.74,50.9607,-27.5365
2026-09-04,15:29,VINDHYATEL,9487.4164,4.7793,58.0644,81.4783
2026-09-04,15:29,VISAKAIND,192.1918,2.7061,37.8489,12.0216
2026-09-04,15:29,VISHNU,1206.858,2.1478,32.1093,46.2195
2026-09-04,15:29,VIYASH,363.9799,2.7711,43.1902,44.6331
2026-09-04,15:29,VMART,1552.915,2.0529,40.5615,10.4308
2026-09-04,15:29,VOLTAMP,28478.3751,2.9887,39.8547,45.2579
2026-09-04,15:29,VRLLOG,297.3734,1.9717,28.5506,12.7652
2026-09-04,15:29,VSSL,718.7812,2.3039,35.3067,39.9769
2026-09-04,15:29,VTL,1207.7882,1.9144,36.1759,47.0682
2026-09-04,15:29,WAAREEENER,221.4017,1.7596,38.9125,-18.155
2026-09-04,15:29,WABAG,5855.6803,2.9129,40.3631,33.0834
2026-09-04,15:29,WALCHANNAG,350.6462,3.6792,58.116,15.708
2026-09-04,15:29,WANBURY,423.7647,3.2176,53.0803,-11.7246
2026-09-04,15:29,WELCORP,11535.2311,2.7755,39.7995,205.0816
2026-09-04,15:29,WELENT,2148.9016,2.2381,37.0878,66.3634
2026-09-04,15:29,WELINV,6297.8636,2.8949,54.617,112.4476
2026-09-04,15:29,WELSPUNLIV,544.0783,2.4357,46.529,82.8714
2026-09-04,15:29,WENDT,9442.1442,2.4378,34.6407,-17.3085
2026-09-04,15:29,WESTLIFE,244.3482,2.7367,39.4229,-28.0054
2026-09-04,15:29,WEWORK,540.7915,2.8764,1.7e+308,1.7e+308
2026-09-04,15:29,WHEELS,6160.8054,3.4441,44.6331,135.5938
2026-09-04,15:29,WINDLAS,2106.4197,2.4862,35.399,13.3605
2026-09-04,15:29,WINDMACHIN,275.0471,2.6283,41.8529,-1.585
2026-09-04,15:29,WOCKPHARMA,4571.3,3.2425,51.6444,41.2429
2026-09-04,15:29,WONDERLA,191.9438,1.6664,29.2794,-17.5253
2026-09-04,15:29,WSTCSTPAPR,1609.9709,2.3701,38.305,28.1912
2026-09-04,15:29,XPROINDIA,2055.8757,3.5419,50.7158,8.1449
2026-09-04,15:29,YASHO,17911.2365,4.3262,59.6537,127.0485
2026-09-04,15:29,YATHARTH,2730.6246,2.0663,37.7998,26.8364
2026-09-04,15:29,YUKEN,1549.5038,2.2562,37.0855,4.4323
2026-09-04,15:29,ZENTEC,3186.4526,2.6472,38.3634,21.7821
2026-09-04,15:29,ZIMLAB,342.77,3.0658,50.8805,70.1464
2026-09-04,15:29,ZYDUSLIFE,1476.0133,1.6593,23.4178,10.47
2026-09-04,15:29,ZYDUSWELL,701.7267,2.2985,40.0967,9.543
2026-09-07,15:29,20MICRONS,324.0407,2.7778,42.0468,-0.7856
2026-09-07,15:29,360ONE,217.6808,1.6938,28.6574,6.3716
2026-09-07,15:29,63MOONS,1507.6424,3.092,52.5098,-7.3173
2026-09-07,15:29,AAREYDRUGS,204.7813,2.5195,51.3677,32.5569
2026-09-07,15:29,AARTIDRUGS,259.5427,1.7464,32.3049,-17.0019
2026-09-07,15:29,AARTIIND,744.2084,2.3942,37.1917,26.0144
2026-09-07,15:29,AARTIPHARM,780.4888,3.1851,45.3698,-6.8764
2026-09-07,15:29,AARTISURF,850.8782,3.6846,50.8162,14.2738
2026-09-07,15:29,ABB,12384.8682,2.014,29.6674,41.6378
2026-09-07,15:29,ABCAPITAL,459.2385,1.9704,32.2103,38.3362
2026-09-07,15:29,ABDL,674.1289,2.4536,41.1209,9.9505
2026-09-07,15:29,ABREL,892.4301,2.2711,38.8775,-23.332
2026-09-07,15:29,ABSLAMC,1750.1302,2.2712,36.7113,22.9888
2026-09-07,15:29,ACE,1400.9721,2.188,35.889,-0.5094
2026-09-07,15:29,ACMESOLAR,1187.6946,2.2772,38.1529,29.5954
2026-09-07,15:29,ACUTAAS,8411.4158,2.6056,44.7328,120.6227
2026-09-07,15:29,ADANIENSOL,3377.7761,2.4064,40.58,67.5383
2026-09-07,15:29,ADANIENT,6246.3889,2.1276,35.7508,23.3278
2026-09-07,15:29,ADANIGREEN,2984.2758,2.3379,43.8628,31.201
2026-09-07,15:29,ADANIPORTS,2166.887,1.6161,28.9687,21.6209
2026-09-07,15:29,ADANIPOWER,444.2924,2.2184,43.4625,57.6517
2026-09-07,15:29,ADFFOODS,581.1647,3.0617,47.901,15.5917
2026-09-07,15:29,ADOR,3633.5977,2.3846,38.0007,67.2108
2026-09-07,15:29,ADVAIT,4028.0272,3.0092,1.7e+308,1.7e+308
2026-09-07,15:29,ADVENZYMES,160.3149,2.5769,38.8056,-12.0608
2026-09-07,15:29,AEGISLOG,3441.3435,3.5782,47.1981,78.5262
2026-09-07,15:29,AEGISVOPAK,314.5521,3.1102,47.2064,15.4842
2026-09-07,15:29,AEQUS,616.6387,3.9292,1.7e+308,1.7e+308
2026-09-07,15:29,AEROENTER,479.2082,3.4569,52.5383,79.7305
2026-09-07,15:29,AEROFLEX,2369.0015,4.4635,58.7778,217.311
2026-09-07,15:29,AETHER,3807.8664,2.2866,38.6817,120.8359
2026-09-07,15:29,AFFLE,172.4078,2.3331,33.9764,-21.8074
2026-09-07,15:29,AGARWALEYE,466.3707,1.7343,28.9758,19.5226
2026-09-07,15:29,AGI,776.7675,2.7929,41.7262,-12.6602
2026-09-07,15:29,AGIIL,173.9586,2.8281,53.0915,19.0302
2026-09-07,15:29,AHLWEST,2327.8219,3.6001,53.1341,125.4839
2026-09-07,15:29,AIAENG,1411.5159,1.7663,30.0111,36.792
2026-09-07,15:29,AJANTPHARM,4382.1478,1.7436,25.6559,36.2336
2026-09-07,15:29,AJAXENGG,431.6411,2.2464,37.3161,-8.4108
2026-09-07,15:29,AKSHARCHEM,1478.8041,3.4963,49.0634,71.1492
2026-09-07,15:29,AKUMS,1919.4377,2.1394,32.4761,63.3442
2026-09-07,15:29,ALBERTDAVD,1067.0087,2.2837,32.257,7.4385
2026-09-07,15:29,ALIVUS,2940.5536,2.0828,30.2906,48.2442
2026-09-07,15:29,ALKYLAMINE,2734.3459,2.9153,40.275,-2.1816
2026-09-07,15:29,ALPHAGEO,695.9588,3.9866,53.1349,22.5318
2026-09-07,15:29,AMAGI,1289.9614,3.2927,1.7e+308,1.7e+308
2026-09-07,15:29,AMANTA,589.7852,2.8997,1.7e+308,41.4957
2026-09-07,15:29,AMBER,8967.7113,2.5169,40.6959,-6.2626
2026-09-07,15:29,AMBIKCO,2519.1459,2.29,35.3895,8.8524
2026-09-07,15:29,ANANDRATHI,4807.8964,1.1423,21.9533,49.4071
2026-09-07,15:29,ANANTRAJ,664.8263,2.727,46.053,19.6794
2026-09-07,15:29,ANDHRSUGAR,186.7963,3.0716,38.1649,31.5337
2026-09-07,15:29,ANGELONE,449.6258,2.3732,41.9784,36.7052
2026-09-07,15:29,ANTELOPUS,2824.2707,3.7547,66.9628,78.642
2026-09-07,15:29,ANTHEM,2143.6305,1.6622,29.7974,11.9976
2026-09-07,15:29,AONELIQUID,188.3467,0.012,0.205,4.9183
2026-09-07,15:29,APARINDS,59955.2898,2.9056,45.9279,105.4229
2026-09-07,15:29,APCOTEXIND,1651.8324,3.3887,42.9193,51.2452
2026-09-07,15:29,APEX,452.4168,3.0418,67.1124,54.9468
2026-09-07,15:29,APLAPOLLO,1030.1091,1.6739,26.846,30.0417
2026-09-07,15:29,APOLLO,967.1609,3.69,58.7866,25.3141
2026-09-07,15:29,APOLLOHOSP,11237.547,1.0994,18.0356,11.2452
2026-09-07,15:29,APOLLOPIPE,2112.6216,2.8995,48.2495,54.1421
2026-09-07,15:29,ARIES,1058.9465,2.6983,44.4267,15.9924
2026-09-07,15:29,ARIHANT,5721.1021,217.8054,2177.039,3486.7538
2026-09-07,15:29,ARMANFIN,3201.337,2.7629,41.8842,42.1244
2026-09-07,15:29,ARROWGREEN,2295.8828,3.0515,52.2384,42.1308
2026-09-07,15:29,ARTEMISMED,601.4444,2.2081,35.7263,43.6337
2026-09-07,15:29,ARVIND,1452.7568,2.6006,40.2308,72.7356
2026-09-07,15:29,ARVSMART,709.4785,1.8648,33.2194,3.7453
2026-09-07,15:29,ASAHISONG,1067.753,3.1504,50.4374,36.2655
2026-09-07,15:29,ASHIANA,393.8103,1.9999,32.2397,11.563
2026-09-07,15:29,ASIANENE,1630.7466,3.2764,49.8865,43.9865
2026-09-07,15:29,ASIANHOTNR,509.1626,2.9287,46.8743,19.4288
2026-09-07,15:29,ASIANPAINT,892.4293,1.2524,24.3017,-1.783
2026-09-07,15:29,ASKAUTOLTD,1079.1022,2.7584,37.6686,18.5652
2026-09-07,15:29,ASPINWALL,298.9857,2.1589,41.1416,-2.6154
2026-09-07,15:29,ASTERDM,1396.9412,1.683,29.4042,25.884
2026-09-07,15:29,ASTRAL,213.3391,1.962,30.724,2.5392
2026-09-07,15:29,ASTRAMICRO,4702.7769,2.8062,41.9923,57.6204
2026-09-07,15:29,ATGL,532.1089,2.48,47.5891,-0.3137
2026-09-07,15:29,ATHERENERG,6036.1507,3.0902,50.5657,194.7747
2026-09-07,15:29,ATLANTAELE,7577.2819,3.413,1.7e+308,1.7e+308
2026-09-07,15:29,ATUL,1962.8497,1.471,25.3665,-1.2437
2026-09-07,15:29,ATULAUTO,386.9883,2.3552,47.4011,-12.5024
2026-09-07,15:29,AUBANK,455.2076,1.6314,29.512,49.0129
2026-09-07,15:29,AUROPHARMA,3025.8275,1.6457,26.5443,51.6813
2026-09-07,15:29,AURUM,297.3113,1.9455,35.7086,31.7147
2026-09-07,15:29,AUSOMENT,273.4966,2.5427,51.7267,52.044
2026-09-07,15:29,AVADHSUGAR,3122.2644,2.9792,43.4187,88.4214
2026-09-07,15:29,AVALON,9186.0125,3.6111,53.9263,142.751
2026-09-07,15:29,AVL,626.9956,1.786,35.2175,21.0851
2026-09-07,15:29,AVTNPL,152.1906,2.4175,33.5657,18.226
2026-09-07,15:29,AXISCADES,3750.1899,2.7381,48.5644,12.61
2026-09-07,15:29,AYMSYNTEX,992.6501,3.2609,46.0981,68.7276
2026-09-07,15:29,AZAD,8754.3714,3.0105,41.8956,79.1045
2026-09-07,15:29,BAFNAPH,1146.391,3.3073,54.0297,157.6637
2026-09-07,15:29,BAJAJ-AUTO,14267.0953,1.501,23.5397,31.1184
2026-09-07,15:29,BAJAJCON,1316.6286,3.0499,50.6038,134.9053
2026-09-07,15:29,BAJAJFINSV,184.8113,1.4752,24.3801,-6.8652
2026-09-07,15:29,BAJAJHLDNG,2697.7555,1.5034,28.9988,-17.0691
2026-09-07,15:29,BAJEL,192.936,2.2243,43.0259,-7.6692
2026-09-07,15:29,BAJFINANCE,977.7039,1.7736,30.6044,5.6566
2026-09-07,15:29,BALAMINES,8936.7026,4.2056,54.748,70.5742
2026-09-07,15:29,BALPHARMA,139.043,2.9353,39.5514,2.624
2026-09-07,15:29,BALRAMCHIN,1790.4413,3.1375,40.8566,37.8839
2026-09-07,15:29,BALUFORGE,851.4984,3.1382,51.2814,-18.545
2026-09-07,15:29,BANARISUG,1559.1175,2.1578,24.8932,2.6023
2026-09-07,15:29,BANCOINDIA,193.8043,2.1239,46.191,1.4318
2026-09-07,15:29,BANSALWIRE,314.7381,2.5082,38.0228,-10.1741
2026-09-07,15:29,BASF,857.7005,1.9993,29.9018,-17.9394
2026-09-07,15:29,BBETF0432,276.1635,0.2625,3.8578,4.7371
2026-09-07,15:29,BBOX,1671.6781,3.0201,45.524,72.4004
2026-09-07,15:29,BBTCL,271.8221,2.7474,40.2387,14.6024
2026-09-07,15:29,BELRISE,404.5393,2.2088,38.7983,59.6243
2026-09-07,15:29,BEML,2540.2312,2.0878,39.5098,-5.1127
2026-09-07,15:29,BEPL,275.171,2.6472,34.2764,20.5933
2026-09-07,15:29,BETA,4472.6922,4.0958,1.7e+308,1.7e+308
2026-09-07,15:29,BFINVEST,526.5276,2.5184,36.6968,-1.3859
2026-09-07,15:29,BHAGCHEM,272.1942,2.853,44.7421,-2.6326
2026-09-07,15:29,BHAGERIA,849.948,3.403,50.5203,56.6894
2026-09-07,15:29,BHAGYANGR,1278.736,3.8518,62.5777,300.2143
2026-09-07,15:29,BHARATBOND-APR30,327.4512,0.1225,1.72,4.7542
2026-09-07,15:29,BHARATBOND-APR31,277.4664,0.1452,1.9695,4.3139
2026-09-07,15:29,BHARATBOND-APR32,239.0152,0.1546,2.1301,3.8544
2026-09-07,15:29,BHARATBOND-APR33,214.3324,0.1635,2.2586,3.482
2026-09-07,15:29,BHARATFORG,3580.8829,1.7344,30.5804,59.8528
2026-09-07,15:29,BHARATSE,533.6594,3.368,61.7337,34.8957
2026-09-07,15:29,BHEL,1050.2642,2.29,36.4118,84.2646
2026-09-07,15:29,BIL,805.9158,2.3463,43.0357,7.4549
2026-09-07,15:29,BIOCON,143.8802,1.5446,25.5042,7.1741
2026-09-07,15:29,BIRLACABLE,1391.7318,3.8405,53.3859,117.2527
2026-09-07,15:29,BLACKBUCK,209.9286,2.2226,40.3747,-6.5717
2026-09-07,15:29,BLISSGVS,3230.1744,3.4911,59.7558,353.4037
2026-09-07,15:29,BLSE,990.7275,2.4319,43.7243,67.7872
2026-09-07,15:29,BLUEJET,986.0761,2.8223,48.3782,-20.6291
2026-09-07,15:29,BLUESTONE,2749.2298,3.2599,1.7e+308,35.4929
2026-09-07,15:29,BLUSPRING,486.9604,4.3745,56.2132,73.4387
2026-09-07,15:29,BODALCHEM,768.7672,4.0199,51.3155,161.2637
2026-09-07,15:29,BORORENEW,185.7421,2.3716,41.8042,-9.7593
2026-09-07,15:29,BOSCH-HCIL,3007.2223,2.2551,36.2446,6.5702
2026-09-07,15:29,BOSCHLTD,73769.6584,1.5843,28.4946,20.4087
2026-09-07,15:29,BRIGADE,772.0541,2.6533,36.5128,-4.254
2026-09-07,15:29,BSE,5383.7267,1.9829,39.7783,56.5601
2026-09-07,15:29,BUILDPRO,3393.5904,2.9104,1.7e+308,1.7e+308
2026-09-07,15:29,BUTTERFLY,137.3686,2.6287,40.0625,-11.8739
2026-09-07,15:29,CALSOFT,154.4232,4.7386,64.6691,157.3695
2026-09-07,15:29,CAMS,374.585,1.9062,29.6351,-4.5688
2026-09-07,15:29,CAPLIPOINT,6227.1637,2.4341,33.8721,25.3117
2026-09-07,15:29,CARBORUNIV,1993.8584,2.3174,36.3537,11.1671
2026-09-07,15:29,CARERATING,764.6744,1.8684,30.5031,7.29
2026-09-07,15:29,CARRARO,299.2338,2.1768,44.0015,18.8063
2026-09-07,15:29,CARTRADE,3686.9325,3.3499,56.2973,35.9978
2026-09-07,15:29,CARYSIL,2213.0896,2.7029,45.6243,22.2399
2026-09-07,15:29,CASHIETF,189.153,0.0125,0.2105,4.9228
2026-09-07,15:29,CCL,776.7675,1.877,32.7231,23.6368
2026-09-07,15:29,CDSL,1144.8404,1.6893,31.3889,-8.4681
2026-09-07,15:29,CEIGALL,584.2035,2.247,31.3588,37.4587
2026-09-07,15:29,CEMPRO,4247.5696,4.0967,53.4724,68.2187
2026-09-07,15:29,CENTENKA,1068.2492,2.9145,36.3408,19.3101
2026-09-07,15:29,CENTUM,12915.1167,3.1607,50.4417,61.7719
2026-09-07,15:29,CERA,4339.9742,1.9919,28.0298,-9.1506
2026-09-07,15:29,CGCL,677.8499,2.4124,34.7521,48.1939
2026-09-07,15:29,CGPOWER,1848.7376,2.1857,34.0553,13.9547
2026-09-07,15:29,CHALET,325.9012,1.6798,28.8738,-11.0638
2026-09-07,15:29,CHEMBOND,226.5494,3.1246,50.9601,0.5343
2026-09-07,15:29,CHEMBONDCH,757.7281,3.6164,60.8808,38.9236
2026-09-07,15:29,CHENNPETRO,3705.5373,3.1833,50.6599,94.6248
2026-09-07,15:29,CHEVIOT,1289.3408,2.1347,28.1127,1.231
2026-09-07,15:29,CHOLAFIN,1666.4064,2.0167,33.303,22.2112
2026-09-07,15:29,CIPLA,409.9346,1.4761,21.1499,-11.4061
2026-09-07,15:29,CLCIND,287.3265,21.9404,224.2397,1679.2727
2026-09-07,15:29,CLEAN,225.4334,2.154,32.0951,-27.4259
2026-09-07,15:29,CLSEL,370.2437,2.8318,43.2364,7.037
2026-09-07,15:29,CNL,3307.6961,3.2929,1.7e+308,1.7e+308
2026-09-07,15:29,CNXENERGY,24292.2028,0.7895,15.7534,8.6807
2026-09-07,15:29,CNXINFRA,1645.6345,0.7364,14.8777,1.2641
2026-09-07,15:29,CNXMIDCAP,35134.9946,0.7904,16.4188,7.8296
2026-09-07,15:29,CNXMNC,13979.9622,0.8102,14.6399,5.9268
2026-09-07,15:29,CNXNIFTYJUNIOR,38545.0535,0.8815,16.816,6.4254
2026-09-07,15:29,CNXPHARMA,31878.1623,0.8214,13.6843,19.4005
2026-09-07,15:29,CNXREALTY,786.6902,1.5948,26.1354,0.9216
2026-09-07,15:29,CNXSMALLCAP,22835.0975,0.9183,18.0086,11.7305
2026-09-07,15:29,COFORGE,1734.0054,2.7554,38.7324,9.6939
2026-09-07,15:29,COHANCE,493.9683,3.5789,51.2963,-54.1463
2026-09-07,15:29,COMSYN,801.0784,4.1179,50.1033,90.2852
2026-09-07,15:29,CONCORDBIO,1883.4671,2.5771,40.2825,-11.9463
2026-09-07,15:29,CONFIPET,313.8079,3.4893,60.5822,67.3727
2026-09-07,15:29,CONSOFINVT,863.6539,2.2076,41.3851,55.2228
2026-09-07,15:29,CORDSCABLE,939.7492,3.7166,49.65,78.3133
2026-09-07,15:29,CORONA,3861.8212,2.0023,1.7e+308,1.7e+308
2026-09-07,15:29,COSMOFIRST,2167.197,2.3469,40.0629,0.2435
2026-09-07,15:29,CPCAP,226.1773,2.9838,44.0009,-7.2929
2026-09-07,15:29,CPPLUS,14644.7805,2.8177,45.181,161.5261
2026-09-07,15:29,CRAFTSMAN,24183.6724,2.1084,36.009,68.7757
2026-09-07,15:29,CREDITACC,954.4467,2.5253,39.5476,10.4131
2026-09-07,15:29,CRISIL,736.1474,1.6439,27.3826,-4.291
2026-09-07,15:29,CUB,159.0745,2.2512,39.0149,55.9916
2026-09-07,15:29,CUMMINSIND,6258.1731,1.7935,28.1523,24.8015
2026-09-07,15:29,CUPID,1238.2388,3.1039,57.5007,608.3964
2026-09-07,15:29,CYIENTDLM,3075.131,2.9302,43.5822,89.6657
2026-09-07,15:29,DALMIASUG,1077.2416,3.1541,44.2818,20.7171
2026-09-07,15:29,DATAMATICS,299.2338,2.1505,43.4608,-17.6861
2026-09-07,15:29,DATAPATTNS,13147.0611,3.3288,50.2122,69.3397
2026-09-07,15:29,DBOL,156.7799,2.3892,44.7696,51.1975
2026-09-07,15:29,DCBBANK,250.178,2.0703,39.4164,74.1776
2026-09-07,15:29,DCI,797.1092,3.259,53.8047,46.721
2026-09-07,15:29,DCMNVL,312.8776,3.2286,46.8949,16.5743
2026-09-07,15:29,DEEDEV,3029.3623,3.3285,54.0737,134.8014
2026-09-07,15:29,DEEPAKFERT,2195.4144,2.2218,41.1989,-4.0337
2026-09-07,15:29,DEEPAKNTR,322.4903,1.9515,28.9948,-6.1443
2026-09-07,15:29,DEEPINDS,2618.6833,2.9723,46.4137,47.2894
2026-09-07,15:29,DENORA,1512.6034,2.6557,41.8777,-1.9092
2026-09-07,15:29,DHAMPURSUG,351.3904,2.6242,38.6996,26.8271
2026-09-07,15:29,DHARMAJ,210.6729,1.8101,35.0046,-21.337
2026-09-07,15:29,DHUNINV,194.1143,3.1218,43.7979,-27.1404
2026-09-07,15:29,DIACABS,1320.3498,3.4483,47.0195,121.0407
2026-09-07,15:29,DIAMONDYD,332.4129,2.3335,33.9958,8.6206
2026-09-07,15:29,DICIND,504.2011,2.5245,37.0383,10.7991
2026-09-07,15:29,DIFFNKG,1349.6839,3.2438,48.4803,16.022
2026-09-07,15:29,DIVGIITTS,3589.5655,3.0652,45.1644,80.6575
2026-09-07,15:29,DIVISLAB,20211.46,1.5582,24.058,54.5673
2026-09-07,15:29,DIXON,24707.7191,2.2824,39.1473,-21.6704
2026-09-07,15:29,DLF,368.0733,1.8903,29.7306,-11.3001
2026-09-07,15:29,DLINKINDIA,264.194,1.8461,32.9643,-7.8752
2026-09-07,15:29,DMART,597.2275,1.5146,24.883,-19.6378
2026-09-07,15:29,DMCC,404.2911,2.9658,48.8093,-3.0573
2026-09-07,15:29,DOLPHIN,1831.063,2.9407,55.2522,79.4272
2026-09-07,15:29,DPABHUSHAN,1117.5527,3.2898,44.9269,-7.983
2026-09-07,15:29,DSSL,696.1449,3.9482,55.3308,7.7744
2026-09-07,15:29,DVL,267.9151,2.1127,40.5938,-15.1153
2026-09-07,15:29,DYCL,1043.7522,4.3508,59.0998,7.0342
2026-09-07,15:29,DYNAMATECH,20019.2062,2.7902,45.6649,71.7616
2026-09-07,15:29,E2E,2484.1677,3.6438,58.3578,104.3384
2026-09-07,15:29,EBBETF0430,371.4842,0.1907,2.9839,5.0475
2026-09-07,15:29,EBBETF0431,284.7833,0.2477,3.9059,4.8031
2026-09-07,15:29,EBBETF0433,286.8303,0.2465,4.2183,4.8385
2026-09-07,15:29,EBGNG,2245.9587,3.7559,53.7771,74.3452
2026-09-07,15:29,EDELWEISS,189.215,2.4383,40.671,15.0386
2026-09-07,15:29,EICHERMOT,4852.859,1.4332,27.0311,11.5927
2026-09-07,15:29,EIEL,163.5398,2.8874,47.6975,-21.825
2026-09-07,15:29,EIMCOELECO,3368.7831,2.652,52.7739,3.3305
2026-09-07,15:29,ELECON,198.7658,2.6785,45.3868,-28.9425
2026-09-07,15:29,ELECTHERM,1156.6239,4.6588,62.5869,-6.5693
2026-09-07,15:29,ELGIEQUIP,1262.9838,1.8267,33.5303,37.2503
2026-09-07,15:29,ELIQUID,183.9433,0.0119,1.7e+308,1.7e+308
2026-09-07,15:29,ELLEN,379.5464,3.1108,48.8696,-41.5675
2026-09-07,15:29,EMAMIPAP,231.6349,3.1496,47.0422,16.7741
2026-09-07,15:29,EMCURE,2738.0668,1.9373,32.5909,42.8423
2026-09-07,15:29,EMIL,549.2879,3.153,47.4978,19.7367
2026-09-07,15:29,EMKAY,172.7183,3.6511,63.2771,20.6159
2026-09-07,15:29,EMMVEE,823.9008,2.9817,1.7e+308,1.7e+308
2026-09-07,15:29,EMSLIMITED,298.6136,3.7143,55.3358,-30.7312
2026-09-07,15:29,ENDURANCE,2034.1696,1.8267,31.8062,-3.6205
2026-09-07,15:29,ENGINERSIN,672.0201,2.6692,42.4194,32.6868
2026-09-07,15:29,ENRIN,4024.3064,2.8121,38.5011,-7.8107
2026-09-07,15:29,ENTERO,4612.2321,2.6471,39.8318,64.4776
2026-09-07,15:29,EPACKPEB,207.3861,3.5588,1.7e+308,1.7e+308
2026-09-07,15:29,EPIGRAL,1335.2342,2.6581,41.0611,-33.9566
2026-09-07,15:29,EPL,345.8088,2.2154,33.2486,10.7133
2026-09-07,15:29,ESABINDIA,3445.0648,2.1627,30.7387,19.4159
2026-09-07,15:29,ETERNAL,317.839,1.8475,33.1108,-0.1867
2026-09-07,15:29,ETHOSLTD,1459.8897,2.4832,37.5484,15.861
2026-09-07,15:29,EXCELINDUS,449.6259,2.3445,35.4657,-12.4749
2026-09-07,15:29,EXICOM,538.7449,4.7315,60.1334,27.247
2026-09-07,15:29,EXIDEIND,676.6095,2.1249,30.0192,1.7202
2026-09-07,15:29,FAIRCHEMOR,159.0743,2.4612,38.3337,-17.8655
2026-09-07,15:29,FAZE3Q,819.2495,2.6027,63.1232,-3.0766
2026-09-07,15:29,FCL,213.2157,4.5359,60.4825,139.1726
2026-09-07,15:29,FEDERALBNK,352.8788,1.4572,25.9561,75.9621
2026-09-07,15:29,FEDFINA,146.7951,2.1728,41.7748,10.2412
2026-09-07,15:29,FILATEX,180.3465,3.2313,45.8394,37.1597
2026-09-07,15:29,FINCABLES,3134.9779,3.2836,41.7878,44.9327
2026-09-07,15:29,FINEORG,5945.6062,1.7244,29.491,7.1615
2026-09-07,15:29,FIVESTAR,446.215,2.2301,39.9871,-2.6457
2026-09-07,15:29,FLUOROCHEM,9677.8102,1.8947,31.7362,21.9286
2026-09-07,15:29,FMGOETZE,346.677,3.0794,45.3481,-15.0648
2026-09-07,15:29,FORTIS,478.7742,1.3775,26.0501,-6.1856
2026-09-07,15:29,FOSECOIND,10804.6669,2.6035,43.9476,0.2782
2026-09-07,15:29,GABRIEL,2752.0207,2.8594,49.9218,10.7366
2026-09-07,15:29,GAEL,172.8424,2.3936,36.0751,49.1214
2026-09-07,15:29,GALAPREC,1212.1295,3.3119,44.367,25.6541
2026-09-07,15:29,GALAXYSURF,1907.6548,2.6858,35.2924,-10.5688
2026-09-07,15:29,GALLANTT,345.7468,3.3218,55.4604,-16.7588
2026-09-07,15:29,GANDHAR,756.4879,3.8062,48.9703,82.4287
2026-09-07,15:29,GANDHITUBE,1229.1843,2.0338,41.0909,-5.346
2026-09-07,15:29,GANECOS,1715.7106,2.5736,50.1126,-24.9716
2026-09-07,15:29,GANESHBE,367.763,3.2427,45.1967,36.1427
2026-09-07,15:29,GARFIBRES,1144.8404,2.5503,38.0392,5.3833
2026-09-07,15:29,GCSL,1898.6615,2.6733,1.7e+308,114.6398
2026-09-07,15:29,GEECEE,400.012,2.1205,39.2618,-2.5489
2026-09-07,15:29,GENUSPOWER,406.834,2.4068,41.557,3.9073
2026-09-07,15:29,GESHIP,1139.8788,2.5456,35.1309,38.7802
2026-09-07,15:29,GHCLTEXTIL,366.3366,2.6761,40.3001,64.4593
2026-09-07,15:29,GIPCL,395.8569,2.2037,35.9543,7.4691
2026-09-07,15:29,GKENERGY,176.8736,2.8369,1.7e+308,1.7e+308
2026-09-07,15:29,GKSL,441.5636,2.1775,1.7e+308,1.7e+308
2026-09-07,15:29,GLAND,7069.9799,2.6296,32.8574,47.1552
2026-09-07,15:29,GLAXO,3407.2351,1.6817,25.2856,6.6258
2026-09-07,15:29,GLENMARK,3174.6684,1.7018,27.1069,14.9777
2026-09-07,15:29,GLOBAL,216.2546,2.6349,43.8014,87.9693
2026-09-07,15:29,GMMPFAUDLR,1613.3816,2.4481,34.2369,8.0063
2026-09-07,15:29,GNA,1192.5941,2.9095,46.2407,74.831
2026-09-07,15:29,GNFC,856.7701,2.1243,30.4143,18.2906
2026-09-07,15:29,GOCLCORP,1107.6302,2.8303,45.5033,24.0807
2026-09-07,15:29,GODFRYPHLP,209.619,2.1498,50.8923,-39.9468
2026-09-07,15:29,GODREJAGRO,907.004,1.731,30.8413,-9.3448
2026-09-07,15:29,GODREJIND,1114.7626,3.3076,42.121,-4.2042
2026-09-07,15:29,GODREJPROP,2514.1835,2.0767,35.4748,-3.8371
2026-09-07,15:29,GOKEX,1040.0313,2.3223,57.0758,1.5687
2026-09-07,15:29,GOKULAGRO,449.3158,2.1839,44.7125,28.0763
2026-09-07,15:29,GOLDIAM,214.5801,2.9906,54.0034,-14.7276
2026-09-07,15:29,GPTHEALTH,203.913,1.7292,25.9842,5.4775
2026-09-07,15:29,GRANULES,1952.9267,1.6207,29.0771,62.3094
2026-09-07,15:29,GRAPHITE,755.0614,2.2439,39.9871,34.4394
2026-09-07,15:29,GRASIM,3502.7397,1.3753,22.9131,17.8587
2026-09-07,15:29,GRAVITA,713.8197,2.1117,36.515,1.2315
2026-09-07,15:29,GREAVESCOT,190.0832,3.0749,44.5459,-9.768
2026-09-07,15:29,GREENPLY,473.2546,2.5035,39.7479,-5.207
2026-09-07,15:29,GRINDWELL,2565.6589,2.8209,35.7769,17.8598
2026-09-07,15:29,GROBTEA,395.9811,2.0785,39.488,-2.5947
2026-09-07,15:29,GROWW,165.1522,2.3142,1.7e+308,1.7e+308
2026-09-07,15:29,GRPLTD,1984.5558,2.5834,42.2106,-7.7514
2026-09-07,15:29,GRWRHITECH,24794.5434,2.8472,55.3012,109.288
2026-09-07,15:29,GUFICBIO,905.4536,2.4823,35.2072,21.327
2026-09-07,15:29,GUJALKALI,1618.9633,2.5464,39.7948,16.3079
2026-09-07,15:29,GUJTHEM,648.7015,3.3546,50.7052,13.7671
2026-09-07,15:29,GULFPETRO,205.4015,2.879,40.3814,57.7332
2026-09-07,15:29,GULPOLY,353.0648,2.6608,41.9987,13.3094
2026-09-07,15:29,GVPIL,2248.75,3.4842,61.2855,78.9783
2026-09-07,15:29,GVT&D,6968.272,2.8279,43.6849,56.6315
2026-09-07,15:29,HAL,2966.2925,1.5546,26.9909,2.3095
2026-09-07,15:29,HALEOSLABS,1380.5064,3.0927,41.8629,21.9553
2026-09-07,15:29,HAPPYFORGE,7429.0598,2.306,35.8827,138.2193
2026-09-07,15:29,HARRMALAYA,160.439,2.7962,36.8387,-9.5608
2026-09-07,15:29,HARSHA,550.0941,2.2376,31.3098,11.8767
2026-09-07,15:29,HATSUN,1500.2003,1.9714,35.123,24.8471
2026-09-07,15:29,HCG,586.6845,1.9798,31.0861,1.4004
2026-09-07,15:29,HDFCLIQUID,186.8584,0.012,0.2002,4.8029
2026-09-07,15:29,HDFCSML250,194.7345,0.8962,17.1881,8.0113
2026-09-07,15:29,HEALTHIETF,177.4317,0.7961,13.5906,12.3525
2026-09-07,15:29,HERITGFOOD,191.6336,1.9493,34.6515,-21.1515
2026-09-07,15:29,HESTERBIO,5275.8171,3.6025,42.5881,13.4277
2026-09-07,15:29,HFCL,1098.7617,3.729,49.9522,232.7992
2026-09-07,15:29,HIKAL,328.0099,3.5505,48.6536,-5.6127
2026-09-07,15:29,HINDALCO,606.5298,1.6762,28.7108,32.7089
2026-09-07,15:29,HINDOILEXP,203.0449,2.6205,46.3787,11.9974
2026-09-07,15:29,HIRECT,3665.8468,3.5173,55.5825,45.2334
2026-09-07,15:29,HITECHCORP,1124.0648,3.621,51.2751,63.8569
2026-09-07,15:29,HMT,148.7797,2.3038,37.881,8.3598
2026-09-07,15:29,HNDFDS,1053.3652,1.778,27.1025,18.1588
2026-09-07,15:29,HOMEFIRST,710.7189,2.0052,36.9091,-5.304
2026-09-07,15:29,HONASA,1196.315,1.8669,31.2196,56.5087
2026-09-07,15:29,HONAUT,16279.5589,2.353,30.3416,-4.4979
2026-09-07,15:29,HSCL,1408.4146,2.7546,35.5156,43.2084
2026-09-07,15:29,HUHTAMAKI,414.338,2.7178,40.3162,9.8686
2026-09-07,15:29,HYUNDAI,214.5807,1.7316,30.2761,-13.6955
2026-09-07,15:29,IBMFNIFTY,163.7258,0.9924,18.7237,9.1115
2026-09-07,15:29,ICDSLTD,176.8735,4.2836,68.5334,46.1572
2026-09-07,15:29,ICICIAMC,537.0695,1.8301,1.7e+308,1.7e+308
2026-09-07,15:29,ICICIBANK,578.6223,1.116,19.1984,0.6913
2026-09-07,15:29,ICICINIFTY,226.5494,0.5775,9.4792,21.3359
2026-09-07,15:29,ICIL,1390.5535,3.5202,62.3407,59.484
2026-09-07,15:29,IDEAFORGE,2018.9755,4.0721,56.5861,47.9273
2026-09-07,15:29,IFBIND,1287.4804,2.5653,48.3348,-12.5724
2026-09-07,15:29,IFCI,279.5743,3.8722,53.4052,92.0742
2026-09-07,15:29,IFGLEXPOR,159.9427,3.2928,55.6495,-17.5707
2026-09-07,15:29,IGPL,1318.7993,2.3072,38.3851,28.652
2026-09-07,15:29,IIFL,1105.7696,2.5543,40.4124,50.512
2026-09-07,15:29,IIFLCAPS,226.0534,1.2997,40.8029,16.1549
2026-09-07,15:29,IKIO,309.4046,3.9381,54.09,-9.634
2026-09-07,15:29,IKS,1348.2577,2.1391,34.1445,16.0511
2026-09-07,15:29,IMFA,758.4727,2.6597,49.9205,24.8206
2026-09-07,15:29,IMPAL,276.5973,2.1382,26.5247,8.4855
2026-09-07,15:29,INDGN,737.6965,1.6971,27.5781,4.2257
2026-09-07,15:29,INDHOTEL,321.8703,1.4315,25.1316,-7.9079
2026-09-07,15:29,INDIANB,162.7956,1.8356,32.5886,24.6005
2026-09-07,15:29,INDIGO,2552.0147,1.994,33.839,-12.6844
2026-09-07,15:29,INDIGOPNTS,907.9344,1.9712,35.2127,2.7475
2026-09-07,15:29,INDIQUBE,162.0514,2.3024,36.6022,-10.3795
2026-09-07,15:29,INDNIPPON,2514.1842,2.5905,42.9735,19.5972
2026-09-07,15:29,INDOBORAX,1616.1106,4.1615,50.3737,105.8283
2026-09-07,15:29,INDOCO,221.464,3.5337,48.6569,-16.1679
2026-09-07,15:29,INDORAMA,211.5412,3.8477,55.6718,37.0598
2026-09-07,15:29,INDOSTAR,353.1889,2.8448,46.4746,-4.2633
2026-09-07,15:29,INDOTECH,14977.195,3.3293,60.2191,105.7691
2026-09-07,15:29,INDSWFTLAB,1587.4586,4.0796,56.338,248.9165
2026-09-07,15:29,INDUSINDBK,635.058,1.7675,28.9336,34.7738
2026-09-07,15:29,INFRABEES,141.8337,0.699,14.5766,1.3373
2026-09-07,15:29,INGERRAND,8364.9013,2.3622,31.2643,22.7597
2026-09-07,15:29,INNOVACAP,2917.9171,2.2295,34.8657,35.4584
2026-09-07,15:29,INOXINDIA,7017.2644,3.2166,40.237,90.7669
2026-09-07,15:29,IOLCP,866.7547,3.7079,52.7731,84.0359
2026-09-07,15:29,IONEXCHANG,549.7839,2.942,41.0861,6.2424
2026-09-07,15:29,IPCALAB,3442.5839,1.808,31.5511,49.0036
2026-09-07,15:29,IRISDOREME,180.0984,2.1548,38.8272,98.7528
2026-09-07,15:29,IRMENERGY,238.9529,3.6636,52.7778,3.6241
2026-09-07,15:29,ISGEC,174.5787,1.9907,40.3237,-21.1169
2026-09-07,15:29,ITDC,541.4115,3.73,58.2065,-1.0307
2026-09-07,15:29,IVP,422.4624,2.999,44.727,28.0497
2026-09-07,15:29,IZMO,2175.5692,3.1227,68.847,11.6344
2026-09-07,15:29,J&KBANK,285.2799,2.9731,40.7577,46.3144
2026-09-07,15:29,JAGSNPHARM,434.0595,1.9547,33.2626,-0.5574
2026-09-07,15:29,JASH,780.1784,2.6727,38.5624,-1.0837
2026-09-07,15:29,JAYAGROGN,334.9558,2.6249,39.9595,-4.7871
2026-09-07,15:29,JAYBARMARU,213.4638,4.2288,60.7199,26.93
2026-09-07,15:29,JBMA,366.8325,2.0938,44.1487,-13.9351
2026-09-07,15:29,JGCHEM,1627.3355,3.1178,46.4716,23.2849
2026-09-07,15:29,JINDALPOLY,1908.8945,2.5231,48.7545,15.1445
2026-09-07,15:29,JINDALSAW,850.3821,2.6696,46.4935,48.8507
2026-09-07,15:29,JINDALSTEL,284.6599,1.4871,28.3975,10.8065
2026-09-07,15:29,JINDRILL,1169.0276,3.1382,50.8551,10.6364
2026-09-07,15:29,JINDWORLD,207.6341,4.7951,63.0065,61.881
2026-09-07,15:29,JKIPL,179.3542,3.167,1.7e+308,1.7e+308
2026-09-07,15:29,JKPAPER,589.475,2.0264,39.7742,7.8157
2026-09-07,15:29,JNKINDIA,1353.4051,4.2077,56.1906,46.6319
2026-09-07,15:29,JOCIL,209.9909,2.1946,35.6207,-0.6238
2026-09-07,15:29,JSFB,1084.9939,2.9475,41.4243,18.0792
2026-09-07,15:29,JSWDULUX,2865.8231,1.7377,28.6281,-5.3294
2026-09-07,15:29,JSWENERGY,553.195,1.8356,29.9205,0.8084
2026-09-07,15:29,JSWINFRA,447.7655,2.1147,31.7371,4.9485
2026-09-07,15:29,JSWSTEEL,685.2919,1.1765,23.7674,18.4713
2026-09-07,15:29,JUBLCPL,491.1788,3.4105,52.2658,-16.9546
2026-09-07,15:29,JUBLINGREA,325.9012,2.0796,35.8508,-4.6587
2026-09-07,15:29,JUNIORBEES,422.5244,0.8351,16.0501,7.3803
2026-09-07,15:29,JUSTDIAL,284.6599,3.1491,39.2366,-18.75
2026-09-07,15:29,JYOTICNC,1383.2977,2.8307,44.8784,13.3867
2026-09-07,15:29,KABRAEXTRU,2706.0038,3.8162,56.1944,124.7609
2026-09-07,15:29,KAJARIACER,2079.4422,1.5476,28.8254,-0.4242
2026-09-07,15:29,KALYANIFRG,2472.9425,3.586,50.1214,45.9118
2026-09-07,15:29,KALYANKJIL,1377.4058,3.5039,47.3853,17.5535
2026-09-07,15:29,KANORICHEM,533.9696,2.9989,43.2207,83.8301
2026-09-07,15:29,KANPRPLA,446.091,3.0532,55.4826,3.6567
2026-09-07,15:29,KAPSTON,1908.0884,2.9842,41.3633,249.6482
2026-09-07,15:29,KARURVYSYA,345.1268,2.2396,36.6297,62.1275
2026-09-07,15:29,KAUSHALYA,435.052,3.203,56.7519,-31.8083
2026-09-07,15:29,KAYA,160.6249,3.3184,49.5403,-10.6866
2026-09-07,15:29,KAYNES,272.2556,3.5367,53.7058,-49.7455
2026-09-07,15:29,KDDL,10064.1772,3.2487,44.1614,65.1798
2026-09-07,15:29,KECL,256.938,2.9644,46.8568,0.5069
2026-09-07,15:29,KEI,4524.7877,2.3913,35.1627,14.0115
2026-09-07,15:29,KENNAMET,11851.8293,2.9098,36.1617,121.907
2026-09-07,15:29,KERNEX,3498.4003,4.336,63.4055,57.6354
2026-09-07,15:29,KHAITANLTD,392.632,4.1735,53.2458,32.0348
2026-09-07,15:29,KICL,3644.7619,1.6832,32.6618,7.2689
2026-09-07,15:29,KILITCH,159.6327,3.055,45.8822,4.3271
2026-09-07,15:29,KIMS,1060.497,1.9404,31.4304,0.7578
2026-09-07,15:29,KINGFA,11719.4231,1.9655,38.3131,28.4436
2026-09-07,15:29,KIOCL,155.9736,2.3087,58.9106,-19.3013
2026-09-07,15:29,KIRIINDUS,769.9458,2.5626,49.7496,-0.3332
2026-09-07,15:29,KIRLOSBROS,2120.994,2.2037,38.1008,-7.3516
2026-09-07,15:29,KIRLOSENG,6415.0766,3.3017,46.8864,145.3797
2026-09-07,15:29,KIRLOSIND,4544.633,3.0748,41.5474,-4.8874
2026-09-07,15:29,KKCL,351.0183,1.8689,33.1685,-4.3421
2026-09-07,15:29,KMEW,8000.8612,3.8405,62.648,171.5694
2026-09-07,15:29,KNAGRI,141.7716,2.4901,1.7e+308,1.7e+308
2026-09-07,15:29,KOLTEPATIL,440.0133,2.5925,34.6838,-4.6124
2026-09-07,15:29,KOPRAN,743.6502,3.2681,50.0332,38.0052
2026-09-07,15:29,KOTAKNIFTY,163.0436,0.6498,9.3393,29.8333
2026-09-07,15:29,KOVAI,22022.0567,11.3612,116.1231,229.5862
2026-09-07,15:29,KPIL,1606.8698,1.6668,29.4311,10.0943
2026-09-07,15:29,KPRMILL,1655.5533,2.5629,41.936,14.2249
2026-09-07,15:29,KRBL,546.3729,2.5236,41.0374,-3.7829
2026-09-07,15:29,KRISHANA,553.505,3.1493,45.8129,65.2417
2026-09-07,15:29,KRISHIVAL,490.5574,1.8724,37.4595,-9.2845
2026-09-07,15:29,KRISHNADEF,395.0507,3.2113,1.7e+308,1.7e+308
2026-09-07,15:29,KRN,6016.615,3.1965,49.0683,91.0887
2026-09-07,15:29,KRONOX,354.1811,3.9098,50.248,3.6788
2026-09-07,15:29,KRYSTAL,374.585,1.7743,40.148,2.9893
2026-09-07,15:29,KSB,712.2697,1.896,30.8064,-3.3757
2026-09-07,15:29,KSHINTL,4788.3612,3.7228,1.7e+308,1.7e+308
2026-09-07,15:29,KSL,1587.6446,2.3155,35.6083,16.2356
2026-09-07,15:29,KTKBANK,945.4548,1.9907,33.9932,86.4
2026-09-07,15:29,LALPATHLAB,2929.7006,2.2344,30.103,13.7534
2026-09-07,15:29,LAMBODHARA,147.6014,3.5823,54.0447,-11.8418
2026-09-07,15:29,LANDMARK,486.8363,3.1084,46.7662,-22.6034
2026-09-07,15:29,LAURUSLABS,5869.9434,1.7808,29.5786,109.4414
2026-09-07,15:29,LAXMIINDIA,245.1546,3.4491,58.4314,-19.6747
2026-09-07,15:29,LENSKART,1550.7442,1.4775,1.7e+308,1.7e+308
2026-09-07,15:29,LGBBROSLTD,353.499,1.5356,38.629,29.6959
2026-09-07,15:29,LGEINDIA,1518.1855,1.7874,1.7e+308,1.7e+308
2026-09-07,15:29,LICHSGFIN,275.3571,1.7037,25.2755,-2.6627
2026-09-07,15:29,LIKHITHA,236.1621,2.6597,50.8776,-17.1539
2026-09-07,15:29,LINCOLN,1062.3574,2.7141,39.8703,14.0705
2026-09-07,15:29,LINDEINDIA,2769.0754,1.5177,27.6633,-1.0328
2026-09-07,15:29,LIQGRWBEES,175.0757,0.0109,0.1887,4.6523
2026-09-07,15:29,LIQUID1,198.5797,0.0119,0.2006,4.9698
2026-09-07,15:29,LIQUIDADD,198.2073,0.0116,0.1974,4.8595
2026-09-07,15:29,LIQUIDBETF,187.355,0.0121,0.2093,4.767
2026-09-07,15:29,LIQUIDPLUS,193.1843,0.0121,0.2038,4.9368
2026-09-07,15:29,LIQUIDSHRI,185.99,0.011,0.1946,4.6721
2026-09-07,15:29,LLOYDSENGG,247.3253,3.3568,49.6532,31.2559
2026-09-07,15:29,LLOYDSME,4523.5469,1.9405,36.8225,39.0667
2026-09-07,15:29,LMW,24763.5348,1.8492,32.0871,24.195
2026-09-07,15:29,LODHA,1750.7502,2.4942,37.4575,2.7133
2026-09-07,15:29,LOKESHMACH,1160.097,2.874,52.1186,83.0136
2026-09-07,15:29,LOTUSDEV,306.676,2.6553,44.3821,8.2967
2026-09-07,15:29,LOYALTEX,144.9347,2.4808,51.8215,-25.2682
2026-09-07,15:29,LT,1147.3213,1.1766,25.0546,11.7101
2026-09-07,15:29,LTF,207.138,2.0853,34.8898,33.0014
2026-09-07,15:29,LTFOODS,545.4428,1.7439,39.1089,-2.9926
2026-09-07,15:29,LUMAXIND,9004.301,2.2712,51.7274,46.3842
2026-09-07,15:29,LUMAXTECH,4019.3454,2.9508,55.1979,77.0328
2026-09-07,15:29,LUXIND,1555.3959,2.6614,45.7102,-11.7522
2026-09-07,15:29,LXCHEM,204.0992,2.8458,47.6254,-22.0212
2026-09-07,15:29,MACPOWER,5812.2674,3.9494,53.9187,100.1766
2026-09-07,15:29,MAFANG,320.1956,1.6917,23.4075,31.8171
2026-09-07,15:29,MAGADSUGAR,881.577,2.4887,35.8104,0.7902
2026-09-07,15:29,MAHABANK,152.3767,2.108,35.4312,57.2618
2026-09-07,15:29,MAHASTEEL,3213.74,3.0242,46.432,234.0387
2026-09-07,15:29,MAHESHWARI,167.3849,1.7683,39.1429,16.1707
2026-09-07,15:29,MAHLOG,342.9562,1.9786,38.3958,20.3942
2026-09-07,15:29,MAHSCOOTER,2083.7835,1.8785,31.7289,-24.9513
2026-09-07,15:29,MAHSEAMLES,1126.8556,1.5487,24.8574,9.9067
2026-09-07,15:29,MAITHANALL,690.5632,2.1879,38.019,-0.7151
2026-09-07,15:29,MAMATA,204.0371,1.9984,40.0132,-8.1111
2026-09-07,15:29,MANAKSTEEL,279.5743,4.0851,54.4237,73.0807
2026-09-07,15:29,MANALIPETC,172.2843,3.1826,45.3193,22.4385
2026-09-07,15:29,MANAPPURAM,345.4368,2.176,33.7355,11.8132
2026-09-07,15:29,MANCREDIT,343.8863,2.9387,36.4741,21.3323
2026-09-07,15:29,MANGLMCEM,1997.2689,1.8788,31.1979,50.497
2026-09-07,15:29,MANINDS,3096.2173,3.1056,55.9783,100
2026-09-07,15:29,MANKIND,1389.8098,1.5821,25.4529,-10.1411
2026-09-07,15:29,MANORAMA,3956.088,2.8645,43.8755,47.9982
2026-09-07,15:29,MANORG,485.2859,3.5926,52.053,-10.7281
2026-09-07,15:29,MANYAVAR,668.5471,2.3426,35.0127,-18.9199
2026-09-07,15:29,MARALOVER,159.5087,3.473,50.6616,34.1545
2026-09-07,15:29,MARICO,529.3181,1.0991,18.2942,9.727
2026-09-07,15:29,MARINE,1463.3618,3.3493,50.5591,113.3784
2026-09-07,15:29,MARKOLINES,248.7517,1.7896,1.7e+308,1.7e+308
2026-09-07,15:29,MARKSANS,1035.628,3.2487,42.5878,93.7489
2026-09-07,15:29,MAWANASUG,410.617,3.102,41.4026,56.8587
2026-09-07,15:29,MAXESTATES,1070.73,2.7561,40.9462,22.8265
2026-09-07,15:29,MAYURUNIQ,1151.9726,2.815,37.7244,37.5024
2026-09-07,15:29,MAZDA,508.6045,3.1386,45.2196,-0.1275
2026-09-07,15:29,MAZDOCK,370.2434,1.6448,33.9773,-16.0871
2026-09-07,15:29,MBAPL,492.2938,2.8036,38.5923,94.5227
2026-09-07,15:29,MCX,6802.6844,2.284,39.7115,115.4493
2026-09-07,15:29,MEDANTA,1876.0254,1.7734,29.3571,7.5853
2026-09-07,15:29,MEESHO,278.1479,2.8887,1.7e+308,1.7e+308
2026-09-07,15:29,MEGASTAR,434.8038,2.707,44.954,31.1454
2026-09-07,15:29,MEIL,142.3299,2.3097,1.7e+308,-46.5038
2026-09-07,15:29,MENONBE,1201.7106,3.4444,45.5044,131.4871
2026-09-07,15:29,METROPOLIS,639.5231,2.0342,29.7244,12.0213
2026-09-07,15:29,MGL,280.3182,1.7501,29.8767,-16.1664
2026-09-07,15:29,MIDHANI,414.8961,2.5763,42.5661,4.8309
2026-09-07,15:29,MINDACORP,889.9492,1.9072,32.5218,35.9558
2026-09-07,15:29,MMFL,1361.9012,2.3845,42.5467,88.7328
2026-09-07,15:29,MMP,1273.5267,2.9749,43.4531,60.9513
2026-09-07,15:29,MODEFENCE,139.7872,1.2431,24.9107,21.2025
2026-09-07,15:29,MODIS,373.9646,2.4476,1.7e+308,1.7e+308
2026-09-07,15:29,MODISONLTD,2033.1154,4.5617,56.6046,195.312
2026-09-07,15:29,MOLDTECH,536.3881,3.5818,50.5523,37.0903
2026-09-07,15:29,MOLDTKPAC,976.1531,2.4864,39.146,-15.4219
2026-09-07,15:29,MON100,665.3223,1.3993,22.861,62.4408
2026-09-07,15:29,MONARCH,663.2758,2.0405,33.8709,18.1412
2026-09-07,15:29,MONQ50,401.4384,2.147,27.8861,82.3425
2026-09-07,15:29,MOREPENLAB,510.651,4.1949,54.7462,120.5566
2026-09-07,15:29,MOTHERSON,310.8311,2.0764,34.9602,54.7426
2026-09-07,15:29,MOTILALOFS,2064.2479,2.1911,39.8548,14.9237
2026-09-07,15:29,MPSLTD,4317.6488,3.2776,44.9528,20.9259
2026-09-07,15:29,MSTCLTD,2054.9457,3.801,48.846,48.9525
2026-09-07,15:29,MTARTECH,27491.0589,4.5262,61.2092,347.9595
2026-09-07,15:29,MUFIN,148.7176,1.5614,37.9493,53.5002
2026-09-07,15:29,MUNJALAU,275.6672,3.539,49.3626,26.8197
2026-09-07,15:29,MUTHOOTMF,151.3843,3.0444,44.363,19.6313
2026-09-07,15:29,MVGJL,267.1708,3.2789,42.1281,10.4698
2026-09-07,15:29,NACLIND,167.571,3.5472,57.9857,-34.8069
2026-09-07,15:29,NAHARCAP,155.9117,1.4978,30.7358,-10.7477
2026-09-07,15:29,NAHARINDUS,259.1706,2.7594,40.4892,22.89
2026-09-07,15:29,NAHARSPING,733.1072,2.241,38.5488,32.6672
2026-09-07,15:29,NAM-INDIA,2015.8744,2.204,38.8494,44.3673
2026-09-07,15:29,NATCAPSUQ,296.0089,3.8286,59.468,7.845
2026-09-07,15:29,NAUKRI,296.4433,2.2328,30.778,-4.2702
2026-09-07,15:29,NAVA,137.3686,2.4218,38.5237,-20.9704
2026-09-07,15:29,NAVINFLUOR,16456.3084,2.1634,36.5119,79.5763
2026-09-07,15:29,NAVINIFTY,435.4239,1.9962,28.9111,43.3632
2026-09-07,15:29,NAZARA,540.1711,2.2364,41.4458,35.0474
2026-09-07,15:29,NDGL,1449.3456,2.3423,40.0923,-28.3697
2026-09-07,15:29,NDLVENTURE,178.548,2.1473,42.1706,38.4589
2026-09-07,15:29,NDRAUTO,281.869,2.003,41.0031,-33.0192
2026-09-07,15:29,NELCAST,153.0589,3.1796,53.8308,-21.9623
2026-09-07,15:29,NELCO,1866.1027,3.3287,46.1251,9.5112
2026-09-07,15:29,NEOGEN,6021.2671,2.8635,49.1417,40.9927
2026-09-07,15:29,NEPHROPLUS,1175.2291,2.5699,1.7e+308,1.7e+308
2026-09-07,15:29,NESTLEIND,716.3006,1.4534,21.4324,14.816
2026-09-07,15:29,NETWEB,11481.2755,3.5971,59.9055,77.5949
2026-09-07,15:29,NEULANDLAB,57874.6072,2.1513,39.7056,42.5011
2026-09-07,15:29,NEXT50,420.7877,0.8655,16.7564,7.1946
2026-09-07,15:29,NGLFINE,7148.7416,4.0302,57.4043,98.6174
2026-09-07,15:29,NH,681.571,1.7443,30.5522,8.3603
2026-09-07,15:29,NIACL,513.0077,3.252,45.5259,20.1039
2026-09-07,15:29,NIBE,1817.1089,3.4355,51.9764,8.8716
2026-09-07,15:29,NIFTY100EQLWGT,11995.3943,0.7399,14.9126,3.6275
2026-09-07,15:29,NIFTY100LIQ15,2376.8156,0.873,15.8868,4.9763
2026-09-07,15:29,NIFTY200,224.5041,0.6968,13.8414,-1.2171
2026-09-07,15:29,NIFTY200ALPHA30,18520.869,0.9166,18.7585,5.2539
2026-09-07,15:29,NIFTY200MOMENTM30,7957.446,0.9104,18.1771,-0.1949
2026-09-07,15:29,NIFTY500,3379.3167,0.7008,13.9939,-0.1468
2026-09-07,15:29,NIFTY500MOMENTM50,35054.3963,0.9092,18.3084,5.4565
2026-09-07,15:29,NIFTY500MULTICAP,5966.0707,0.7189,14.5143,2.1041
2026-09-07,15:29,NIFTY50EQLWGT,2489.9973,0.6601,13.3946,0.6668
2026-09-07,15:29,NIFTYALPHA50,57931.6583,0.9316,18.9639,9.8898
2026-09-07,15:29,NIFTYALPHALOWVOL,4607.8904,0.6176,12.9697,-0.9868
2026-09-07,15:29,NIFTYAUTO,9352.8367,1.0851,21.2416,3.0971
2026-09-07,15:29,NIFTYCAPITALMKT,6676.7904,1.1825,24.8561,26.6955
2026-09-07,15:29,NIFTYCHEMICALS,17804.5684,0.9349,1.7e+308,1.7e+308
2026-09-07,15:29,NIFTYCOMMODITIES,2303.6303,0.7575,15.8788,9.0001
2026-09-07,15:29,NIFTYCONSUMPTION,1792.6108,0.7722,14.5758,-6.5836
2026-09-07,15:29,NIFTYCONSURDURBL,31546.3694,1.1293,20.4912,-0.2541
2026-09-07,15:29,NIFTYEES,23597.5477,1.6253,39.3689,55.5137
2026-09-07,15:29,NIFTYGS10YR,326.5829,0.2002,3.4829,2.5006
2026-09-07,15:29,NIFTYGS1115YR,833.2039,0.221,3.9717,4.6546
2026-09-07,15:29,NIFTYGS15YRPLUS,342.9563,0.313,5.3713,2.6176
2026-09-07,15:29,NIFTYGS48YR,715.1226,0.1581,2.5313,5.3577
2026-09-07,15:29,NIFTYGS813YR,474.4949,0.1889,3.2839,3.6717
2026-09-07,15:29,NIFTYGSCOMPSITE,518.7747,0.1972,3.4302,3.8244
2026-09-07,15:29,NIFTYHEALTHCARE,16856.3265,0.7855,13.4914,12.0187
2026-09-07,15:29,NIFTYINDDEFENCE,12321.6093,1.2036,23.9968,21.2544
2026-09-07,15:29,NIFTYINDIAMFG,9223.533,0.7414,15.3699,7.9389
2026-09-07,15:29,NIFTYINDTOURISM,1155.0735,1.1654,21.523,-15.9985
2026-09-07,15:29,NIFTYLARGEMID250,3724.4578,0.7102,14.4669,1.77
2026-09-07,15:29,NIFTYM150MOMNTM50,28763.655,0.8968,18.0515,4.0081
2026-09-07,15:29,NIFTYM150QLTY50,8104.1195,0.7607,15.4949,-2.2263
2026-09-07,15:29,NIFTYMEDIA,995.0691,1.3922,22.0097,-6.1935
2026-09-07,15:29,NIFTYMETAL,11189.4835,1.1104,22.2381,33.078
2026-09-07,15:29,NIFTYMICROCAP250,34750.814,0.9849,19.5962,11.8294
2026-09-07,15:29,NIFTYMIDCAP150,12530.2941,0.7799,16.0385,6.9321
2026-09-07,15:29,NIFTYMIDCAP50,10556.5914,0.7892,16.4264,9.8694
2026-09-07,15:29,NIFTYMIDLIQ15,13546.7612,0.972,18.8408,12.1605
2026-09-07,15:29,NIFTYMIDSELECT,10111.6229,0.86,17.8118,11.9823
2026-09-07,15:29,NIFTYMIDSMALLCAP400,15250.3734,0.7911,16.1407,7.1559
2026-09-07,15:29,NIFTYMIDSMLHLTH,68757.3954,0.8046,14.2655,15.6962
2026-09-07,15:29,NIFTYMS400MQ100,38034.9364,0.8182,17.1893,5.5471
2026-09-07,15:29,NIFTYMULTIINFRA,6396.4676,0.7541,15.3569,3.4691
2026-09-07,15:29,NIFTYMULTIMFG,11184.5294,0.7007,15.2707,6.3992
2026-09-07,15:29,NIFTYSMALLCAP250,18996.5434,0.873,17.0349,7.8117
2026-09-07,15:29,NIFTYSMALLCAP50,12763.4861,0.914,18.2443,15.9459
2026-09-07,15:29,NIFTYSML250MQ100,51703.8791,0.8923,17.8017,7.4146
2026-09-07,15:29,NIFTYTOTALMKT,2601.0048,0.7052,14.1089,0.3567
2026-09-07,15:29,NILKAMAL,4269.8957,2.7667,35.2136,33.3419
2026-09-07,15:29,NINSYS,2317.2787,2.141,44.1186,57.2574
2026-09-07,15:29,NIRAJISPAT,1278.116,4.8801,76.3173,-1.5103
2026-09-07,15:29,NITINSPIN,1872.3045,2.5425,38.7795,89.3331
2026-09-07,15:29,NITIRAJ,342.4598,2.8311,42.3804,9.0428
2026-09-07,15:29,NLCINDIA,145.1206,2.6144,36.9608,2.4968
2026-09-07,15:29,NOCIL,230.5185,2.9005,40.4025,-6.1263
2026-09-07,15:29,NORTHARC,311.0171,2.542,39.7393,24.1782
2026-09-07,15:29,NOVARTIND,5618.7735,5.6889,60.3556,188.2306
2026-09-07,15:29,NPST,3362.5821,3.2589,58.5963,-16.198
2026-09-07,15:29,NRAIL,953.207,2.9848,53.5022,52.2255
2026-09-07,15:29,NRBBEARING,1427.0197,2.6796,39.8037,71.825
2026-09-07,15:29,NRL,495.7668,2.4635,35.4565,84.6732
2026-09-07,15:29,NURECA,274.7371,3.1219,53.0978,23.2956
2026-09-07,15:29,NUVAMA,3634.8377,2.3534,36.3175,42.1898
2026-09-07,15:29,NYKAA,572.8545,1.6439,28.0514,39.1061
2026-09-07,15:29,OAL,1572.7603,3.6869,48.0724,59.3565
2026-09-07,15:29,OBEROIRLTY,2455.8877,1.6575,27.0435,15.3318
2026-09-07,15:29,OCCLLTD,434.4316,3.7716,52.6112,18.2963
2026-09-07,15:29,OFSS,25380.6076,2.194,33.5943,31.9412
2026-09-07,15:29,OLECTRA,846.5371,2.3628,43.9183,-26.6731
2026-09-07,15:29,OMAXAUTO,417.749,4.5467,61.7465,23.2344
2026-09-07,15:29,OMAXE,355.4836,3.9866,54.9915,46.0785
2026-09-07,15:29,ONESOURCE,2125.3356,2.0471,41.8785,-16.936
2026-09-07,15:29,OPTIEMUS,1051.5046,2.9191,48.9094,-12.0863
2026-09-07,15:29,ORBTEXP,425.7492,4.1748,58.4691,26.7972
2026-09-07,15:29,ORCHPHARMA,1644.3903,2.9774,43.471,33.2536
2026-09-07,15:29,ORIENTBELL,870.4138,3.0185,50.5247,34.5761
2026-09-07,15:29,ORIENTHOT,233.4954,3.6597,46.8135,-2.1042
2026-09-07,15:29,PAGEIND,19101.3491,1.6389,24.4569,-18.8194
2026-09-07,15:29,PAISALO,280.0705,2.8974,44.2888,108.7539
2026-09-07,15:29,PANACHE,1436.9425,2.8102,49.2248,99.6432
2026-09-07,15:29,PANAMAPET,1155.6937,4.0685,50.58,58.5213
2026-09-07,15:29,PAR,359.2667,4.3042,54.7809,37.0398
2026-09-07,15:29,PARACABLES,204.5953,4.2822,59.0203,39.0337
2026-09-07,15:29,PARADEEP,139.291,2.3822,43.8797,-7.43
2026-09-07,15:29,PARAS,5172.8688,3.8975,50.8815,115.1535
2026-09-07,15:29,PARKHOSPS,844.2424,2.5729,1.7e+308,1.7e+308
2026-09-07,15:29,PASUPTAC,139.167,3.1052,53.8028,45.2427
2026-09-07,15:29,PATELRMART,145.6788,2.7256,1.7e+308,-15.2943
2026-09-07,15:29,PAUSHAKLTD,1692.1437,3.1392,1.7e+308,1.7e+308
2026-09-07,15:29,PAYTM,3133.1171,2.5173,38.8431,36.5053
2026-09-07,15:29,PCBL,347.2973,2.8008,46.5855,-17.449
2026-09-07,15:29,PFIZER,434.1216,1.3778,24.566,-12.0624
2026-09-07,15:29,PFOCUS,557.8462,3.3015,55.8728,65.0431
2026-09-07,15:29,PGHL,2245.0287,1.8408,24.8533,-9.2336
2026-09-07,15:29,PGIL,4070.1994,2.751,50.6518,68.75
2026-09-07,15:29,PHOENIXLTD,1639.7393,1.6286,26.9762,22.1076
2026-09-07,15:29,PICCADIL,282.7994,2.7689,42.9068,-13.4281
2026-09-07,15:29,PIDILITIND,937.7023,1.4005,21.8344,2.3093
2026-09-07,15:29,PIRAMALFIN,3226.1431,2.1899,1.7e+308,1.7e+308
2026-09-07,15:29,PITTIENG,2535.2695,2.3914,39.7111,28.0427
2026-09-07,15:29,PIXTRANS,2816.2085,2.692,32.1743,23.0731
2026-09-07,15:29,PKTEA,1737.4167,3.558,51.556,27.1317
2026-09-07,15:29,PLASTIBLEN,270.9539,2.6241,34.7886,-1.4592
2026-09-07,15:29,PNBHOUSING,2336.5043,1.8111,32.2045,42.3959
2026-09-07,15:29,PNGJL,437.2224,2.3102,34.3886,4.3849
2026-09-07,15:29,PODDARMENT,227.8518,2.626,37.5308,-4.1235
2026-09-07,15:29,POKARNA,629.7863,2.1957,53.4947,-5.9113
2026-09-07,15:29,POLICYBZR,1072.2804,1.9681,33.3227,-0.6542
2026-09-07,15:29,POLYCAB,8942.9044,1.8609,30.5599,13.8741
2026-09-07,15:29,POLYMED,1218.0212,2.6635,43.183,-15.8787
2026-09-07,15:29,POLYPLEX,2128.4361,2.3192,33.1593,16.3823
2026-09-07,15:29,PONNIERODE,742.348,2.5895,35.5442,27.589
2026-09-07,15:29,POONAWALLA,429.4703,1.9605,37.8654,4.4829
2026-09-07,15:29,POWERINDIA,84765.3376,2.6905,44.596,59.5852
2026-09-07,15:29,POWERMECH,2153.2434,2.0928,38.5779,-23.2984
2026-09-07,15:29,PPAP,396.3529,4.305,58.2103,21.9762
2026-09-07,15:29,PPL,394.8645,2.9982,45.0625,-16.1075
2026-09-07,15:29,PPLPHARMA,421.284,2.3475,34.1259,9.4633
2026-09-07,15:29,PRABHA,529.3803,2.714,45.3446,1.5691
2026-09-07,15:29,PRAJIND,316.2886,2.2598,40.6005,-14.3312
2026-09-07,15:29,PRECOT,2199.7561,3.3999,61.8529,51.0448
2026-09-07,15:29,PRECWIRE,1435.9502,3.8519,60.0592,152.8663
2026-09-07,15:29,PREMEXPLN,1126.5454,3.5841,55.0045,19.1396
2026-09-07,15:29,PREMIERENE,1851.5284,1.7297,34.5233,-6.1789
2026-09-07,15:29,PREMIERPOL,259.4186,3.6478,57.9267,86.1767
2026-09-07,15:29,PRESTIGE,308.226,2.1338,33.1461,0.0194
2026-09-07,15:29,PRICOLLTD,1307.636,2.3936,38.9573,50.4101
2026-09-07,15:29,PRINCEPIPE,291.6678,2.127,38.3981,-15.4407
2026-09-07,15:29,PRIVISCL,3567.8594,1.8498,34.7554,44.7164
2026-09-07,15:29,PRUDENT,6154.6029,2.2791,37.6664,19.9836
2026-09-07,15:29,PSPPROJECT,846.8471,2.8169,45.9652,11.082
2026-09-07,15:29,PTCIL,35411.9167,2.6186,36.4557,67.6902
2026-09-07,15:29,PVP,219.8516,4.1903,64.5816,114.1308
2026-09-07,15:29,PVRINOX,1230.1143,1.772,29.8686,3.1852
2026-09-07,15:29,QPOWER,4914.2563,3.2621,55.6774,56.9697
2026-09-07,15:29,QUADFUTURE,782.039,3.9511,60.7391,-6.0041
2026-09-07,15:29,QUESS,803.6831,2.6832,36.7157,28.466
2026-09-07,15:29,RACLGEAR,3567.8587,2.8641,56.9459,70.3046
2026-09-07,15:29,RADHIKAJWE,161.4932,3.5326,48.8445,2.1895
2026-09-07,15:29,RADICO,10540.4724,1.6897,32.7297,54.7947
2026-09-07,15:29,RAIN,346.8632,3.5687,53.7064,52.4778
2026-09-07,15:29,RAINBOW,2018.6653,1.3096,22.4734,0.4922
2026-09-07,15:29,RAJRATAN,463.5798,2.1804,48.7058,41.9074
2026-09-07,15:29,RAMCOSYS,771.4958,4.8746,64.9799,30.5292
2026-09-07,15:29,RAMRAT,1480.3546,3.3907,42.3914,47.7247
2026-09-07,15:29,RANEHOLDIN,2334.9539,2.9106,41.4185,11.3329
2026-09-07,15:29,RATEGAIN,1408.1042,2.6298,44.1659,36.6792
2026-09-07,15:29,RATNAMANI,3224.2823,2.7937,44.8396,11.8709
2026-09-07,15:29,RATNAVEER,978.0759,3.5175,49.8193,110.9666
2026-09-07,15:29,RAYMOND,2348.5978,3.317,44.6571,25.665
2026-09-07,15:29,RAYMONDREL,418.9274,3.9353,56.9713,-9.9455
2026-09-07,15:29,RBA,201.3704,2.9383,38.5094,18.7608
2026-09-07,15:29,RBLBANK,762.8136,1.8668,30.9914,52.2377
2026-09-07,15:29,RBZJEWEL,370.7399,3.5782,50.8154,35.8817
2026-09-07,15:29,REDINGTON,693.0441,2.6073,50.34,55.1272
2026-09-07,15:29,REFEX,350.5221,2.6023,52.8179,-21.2418
2026-09-07,15:29,REGAAL,178.61,3.0096,1.7e+308,-17.3836
2026-09-07,15:29,RELIGARE,184.7497,2.0159,38.595,0.8249
2026-09-07,15:29,RGL,302.3967,3.3442,56.7865,29.1438
2026-09-07,15:29,RIIL,160.0051,1.6959,35.5993,-20.2439
2026-09-07,15:29,RISHABH,2571.5503,3.3026,54.5958,89.6616
2026-09-07,15:29,RITCO,515.8604,2.7779,42.1989,18.4883
2026-09-07,15:29,RKFORGE,1216.4706,2.2387,35.499,22.5384
2026-09-07,15:29,RML,4093.1459,3.3165,43.3475,63.4042
2026-09-07,15:29,ROLEXRINGS,341.8397,2.9772,44.6028,25.775
2026-09-07,15:29,ROSSTECH,2912.025,3.8079,63.3363,53.9348
2026-09-07,15:29,RPEL,5905.2934,3.2031,50.3501,148.2209
2026-09-07,15:29,RPGLIFE,4291.6011,2.8402,36.8489,12.3136
2026-09-07,15:29,RPSGVENT,701.1063,2.3642,47.6997,-5.5469
2026-09-07,15:29,RPTECH,3034.1999,3.3683,43.6495,183.6158
2026-09-07,15:29,RRKABEL,6265.6149,2.9765,38.828,91.8582
2026-09-07,15:29,RSWM,477.5958,2.5976,41.1878,36.0563
2026-09-07,15:29,RUBICON,6632.4474,3.3389,1.7e+308,1.7e+308
2026-09-07,15:29,RUBYMILLS,1631.2428,3.8306,52.4967,100.6939
2026-09-07,15:29,RVTH,468.5411,2.9761,46.7942,-18.7153
2026-09-07,15:29,S&SPOWER,466.9907,3.0413,54.4559,-24.7832
2026-09-07,15:29,SAATVIKGL,225.4332,2.2651,1.7e+308,1.7e+308
2026-09-07,15:29,SAHYADRI,952.2146,2.9772,42.1105,44.1436
2026-09-07,15:29,SAIL,243.5421,2.3912,35.9103,42.0687
2026-09-07,15:29,SAILIFE,4590.8356,1.9456,34.1411,81.0015
2026-09-07,15:29,SAKAR,4492.2277,3.7712,53.745,231.7978
2026-09-07,15:29,SALSTEEL,277.7758,3.2304,57.9621,158.697
2026-09-07,15:29,SAMBHV,288.8769,2.5391,43.9276,11.2565
2026-09-07,15:29,SANATHAN,180.1604,2.1444,32.9281,-8.811
2026-09-07,15:29,SANDESH,350.3981,2.6543,33.3211,-12.3794
2026-09-07,15:29,SANDHAR,777.0777,2.928,44.4917,34.0391
2026-09-07,15:29,SANGAMIND,791.3415,2.2304,36.2823,42.9493
2026-09-07,15:29,SANGHVIMOV,870.1038,3.066,51.2807,20.7433
2026-09-07,15:29,SANGINITA,308.4744,2.5237,48.0581,509.3373
2026-09-07,15:29,SANSERA,13625.8364,2.6883,40.9707,175.5516
2026-09-07,15:29,SAPPHIRE,247.8213,3.2034,45.7209,-30.6022
2026-09-07,15:29,SARDAEN,248.0695,1.7245,34.022,-13.1209
2026-09-07,15:29,SAREGAMA,973.6727,3.0512,41.6056,0.3146
2026-09-07,15:29,SASKEN,3395.4509,4.1585,54.7183,22.3935
2026-09-07,15:29,SATIN,390.2133,2.704,33.4685,46.7794
2026-09-07,15:29,SBCL,4165.7064,4.204,54.6563,111.1358
2026-09-07,15:29,SBILIQETF,152.315,0.0122,1.7e+308,4.915
2026-09-07,15:29,SCHAEFFLER,2480.6947,1.4901,28.5499,1.1712
2026-09-07,15:29,SCHNEIDER,3053.7349,3.6301,48.7938,37.0457
2026-09-07,15:29,SCI,497.1312,2.7007,45.8742,37.0486
2026-09-07,15:29,SCPL,2173.3985,3.9089,56.5948,162.4294
2026-09-07,15:29,SEAMECLTD,3186.4526,2.4049,36.8707,91.4695
2026-09-07,15:29,SECMARK,242.798,3.4175,63.61,12.1955
2026-09-07,15:29,SEMAC,267.0468,3.4978,54.8219,-45.7379
2026-09-07,15:29,SENCO,362.8016,2.9852,42.3875,-2.51
2026-09-07,15:29,SENORES,4410.6752,2.9913,40.8834,117.0604
2026-09-07,15:29,SETFNN50,377.4376,0.8574,16.1953,7.5501
2026-09-07,15:29,SETL,1683.3373,3.5058,50.5737,112.1485
2026-09-07,15:29,SFL,725.6032,2.6233,39.141,-12.8247
2026-09-07,15:29,SGFIN,2141.7696,2.7868,41.9038,80.2367
2026-09-07,15:29,SGIL,484.9755,2.5784,40.6829,5.0804
2026-09-07,15:29,SGMART,2862.1017,2.649,1.7e+308,126.3055
2026-09-07,15:29,SHADOWFAX,874.6309,3.2165,1.7e+308,1.7e+308
2026-09-07,15:29,SHAHALLOYS,233.3713,3.3741,52.4299,47.1398
2026-09-07,15:29,SHAILY,8738.8671,3.0656,52.3959,48.8907
2026-09-07,15:29,SHANKARA,277.8378,1.7615,47.3647,-38.8518
2026-09-07,15:29,SHANTIGEAR,1178.02,3.1822,40.2244,14.4799
2026-09-07,15:29,SHANTIGOLD,467.4869,2.7704,46.1917,21.0679
2026-09-07,15:29,SHARDAMOTR,273.8064,1.9756,36.3131,-14.5005
2026-09-07,15:29,SHAREINDIA,213.1537,2.9081,50.968,17.8657
2026-09-07,15:29,SHEMAROO,178.1759,2.6739,44.9714,13.1078
2026-09-07,15:29,SHILCTECH,6269.3351,3.1819,1.7e+308,1.7e+308
2026-09-07,15:29,SHILPAMED,4039.8113,2.9379,41.1444,127.0421
2026-09-07,15:29,SHIVAUM,810.5671,2.8117,1.7e+308,1.7e+308
2026-09-07,15:29,SHOPERSTOP,150.3921,2.6357,38.4378,-29.4526
2026-09-07,15:29,SHREEJISPG,2286.8904,2.4049,1.7e+308,174.0552
2026-09-07,15:29,SHREEPUSHK,1022.0463,2.981,53.6624,55.3477
2026-09-07,15:29,SHRIPISTON,11378.3261,1.9998,38.6948,73.5175
2026-09-07,15:29,SHRIRAMFIN,244.3486,2.0251,35.4915,63.8619
2026-09-07,15:29,SHYAMMETL,1452.1368,1.8427,28.6149,17.9297
2026-09-07,15:29,SICAGEN,234.6117,12.8783,137.2375,262.4149
2026-09-07,15:29,SIEMENS,5861.8813,1.8,30.6669,22.6421
2026-09-07,15:29,SIGMAADV,3542.9283,3.6031,57.5115,370.5939
2026-09-07,15:29,SIGNPOST,373.1585,3.3671,49.349,-7.5789
2026-09-07,15:29,SILINV,229.1541,1.6884,30.929,-18.9127
2026-09-07,15:29,SIMPLEXINF,234.6738,3.2879,54.9824,-11.8951
2026-09-07,15:29,SIS,549.4739,2.0355,29.6385,23.0692
2026-09-07,15:29,SIYSIL,304.5051,2.2179,40.1057,-16.263
2026-09-07,15:29,SJS,4258.7331,2.0809,37.7651,66.5572
2026-09-07,15:29,SKFINDUS,2656.2041,2.245,1.7e+308,1.7e+308
2026-09-07,15:29,SKIPPER,1504.8516,2.6139,40.0401,13.3108
2026-09-07,15:29,SKMEGGPROD,377.4377,4.1181,57.571,45.0353
2026-09-07,15:29,SKYGOLD,2970.6321,3.4144,50.529,179.2383
2026-09-07,15:29,SMARTLINK,530.8067,3.6579,46.4484,41.7945
2026-09-07,15:29,SMARTWORKS,525.5972,2.0653,35.4527,4.4173
2026-09-07,15:29,SMLMAH,17919.2975,4.0096,59.9002,71.1093
2026-09-07,15:29,SMSPHARMA,492.418,2.4753,48.2122,36.6258
2026-09-07,15:29,SOFTTECH,981.735,2.224,43.0051,11.2984
2026-09-07,15:29,SOLARA,1167.787,3.2963,45.987,2.878
2026-09-07,15:29,SOLARINDS,54277.5999,2.0503,32.9095,52.3988
2026-09-07,15:29,SOMANYCERA,915.0664,2.2909,36.648,15.2096
2026-09-07,15:29,SONACOMS,1849.668,1.8208,31.3834,83.9832
2026-09-07,15:29,SONAMLTD,182.3931,3.2075,46.446,40.6511
2026-09-07,15:29,SOTL,2275.7274,4.0894,48.3017,73.4669
2026-09-07,15:29,SOUTHWEST,138.3607,3.1278,54.1015,59.8188
2026-09-07,15:29,SPAL,2393.5604,3.614,50.2745,43.3047
2026-09-07,15:29,SPARC,448.1994,3.87,56.8945,43.8644
2026-09-07,15:29,SPECIALITY,185.6179,2.9781,46.2051,9.0521
2026-09-07,15:29,SPECTRUM,7502.2414,3.8241,55.9636,74.8927
2026-09-07,15:29,SPLPETRO,1371.5142,2.0719,41.6216,1.7884
2026-09-07,15:29,SPORTKING,811.5593,3.2854,47.6423,102.8807
2026-09-07,15:29,SREEL,394.9885,2.2841,29.8257,19.2539
2026-09-07,15:29,SRHHYPOLTD,565.2881,1.9652,32.1726,-11.87
2026-09-07,15:29,SRM,158.7643,2.2031,45.8681,-5.8914
2026-09-07,15:29,SSWL,1023.5346,2.7276,40.7626,52.5472
2026-09-07,15:29,STALLION,166.4546,4.051,75.666,-1.4445
2026-09-07,15:29,STAR,1961.2996,2.3758,38.9422,29.5741
2026-09-07,15:29,STARHEALTH,585.7541,1.3997,23.5797,27.6531
2026-09-07,15:29,STEELCAS,730.4405,2.362,44.7756,53.9204
2026-09-07,15:29,STEL,1126.5456,2.7162,50.8342,13.4842
2026-09-07,15:29,STLTECH,4173.5207,3.4948,62.8013,557.0569
2026-09-07,15:29,STOVEKRAFT,2305.1856,2.3652,45.355,26.245
2026-09-07,15:29,STYL,859.6848,2.9169,1.7e+308,1.7e+308
2026-09-07,15:29,STYLAMIND,7326.7312,2.5256,36.0055,95.2444
2026-09-07,15:29,STYLEBAAZA,514.4341,3.5557,56.7587,7.9146
2026-09-07,15:29,STYRENIX,951.9666,1.9063,31.1218,-20.4954
2026-09-07,15:29,SUDARSCHEM,2143.0104,2.9151,39.8594,-9.4772
2026-09-07,15:29,SUDEEPPHRM,4523.5469,2.9616,1.7e+308,1.7e+308
2026-09-07,15:29,SUMICHEM,438.1527,2.8339,36.0064,-12.0425
2026-09-07,15:29,SUNCLAY,391.3294,2.0086,36.6581,-25.2015
2026-09-07,15:29,SUNDRMBRAK,989.177,3.1153,44.0069,-4.2261
2026-09-07,15:29,SUNDRMFAST,1666.4067,1.6727,26.7428,17.2592
2026-09-07,15:29,SUNDROP,286.8303,1.6199,28.1548,-20.0812
2026-09-07,15:29,SUNFLAG,611.6772,3.2197,43.3853,28.547
2026-09-07,15:29,SUNPHARMA,1766.8749,1.2787,19.5242,17.2213
2026-09-07,15:29,SUPRAJIT,218.6112,1.703,31.7916,6.3729
2026-09-07,15:29,SUPREMEIND,689.0136,1.6543,27.204,-20.6213
2026-09-07,15:29,SUPRIYA,1487.7964,3.87,47.2531,40.3799
2026-09-07,15:29,SURAKSHA,426.0592,2.4858,34.2713,9.2169
2026-09-07,15:29,SUVEN,1475.1451,4.2736,58.8058,67.8983
2026-09-07,15:29,SUYOG,1085.3039,2.2969,45.1656,-8.3604
2026-09-07,15:29,SVLL,971.8122,3.3308,44.5061,5.1248
2026-09-07,15:29,SWANDEF,4201.0566,2.0006,1533.8529,376.7908
2026-09-07,15:29,SWARAJENG,1107.6308,1.1463,25.7205,-15.342
2026-09-07,15:29,SWELECTES,321.2499,2.2623,45.7882,-36.9033
2026-09-07,15:29,SYRMA,5380.317,2.718,44.0286,98.0736
2026-09-07,15:29,TAINWALCHM,224.5648,2.9368,53.2606,-1.4931
2026-09-07,15:29,TALBROAUTO,1090.5753,2.5518,41.6172,44.6566
2026-09-07,15:29,TARIL,387.4845,2.7242,59.3404,-39.8474
2026-09-07,15:29,TARSONS,819.0012,3.9402,50.7901,4.9848
2026-09-07,15:29,TASTYBITE,18881.1875,2.5393,35.2483,6.2681
2026-09-07,15:29,TATACAP,198.7658,1.6532,1.7e+308,1.7e+308
2026-09-07,15:29,TATACOMM,828.5519,2.081,33.929,7.7138
2026-09-07,15:29,TATAINVEST,144.1904,1.5053,43.318,-8.7102
2026-09-07,15:29,TATATECH,907.934,2.5064,32.9046,11.8217
2026-09-07,15:29,TATVA,3755.7724,3.2698,52.5243,66.6798
2026-09-07,15:29,TBOTEK,1995.0992,2.2592,40.1023,9.6932
2026-09-07,15:29,TBZ,2323.6049,5.1637,62.8811,183.0613
2026-09-07,15:29,TCPLPACK,7781.938,3.3901,44.2187,13.962
2026-09-07,15:29,TEJASNET,1629.1961,3.38,58.4166,0.1434
2026-09-07,15:29,TEXINFRA,150.2681,1.6341,25.7274,25.5501
2026-09-07,15:29,TFCILTD,482.247,2.6109,49.959,93.3846
2026-09-07,15:29,THANGAMAYL,14265.2345,3.849,59.8951,150.3087
2026-09-07,15:29,THEJO,2597.9069,2.1039,32.099,14.9776
2026-09-07,15:29,THELEELA,732.1149,1.9953,30.9195,29.5281
2026-09-07,15:29,THEMISMED,335.8861,3.6628,58.0443,8.9666
2026-09-07,15:29,THERMAX,4563.2382,2.6444,35.2197,9.3764
2026-09-07,15:29,THYROCARE,1073.5209,2.5736,40.6531,40.5124
2026-09-07,15:29,TI,749.4799,1.9067,34.6818,13.6267
2026-09-07,15:29,TIIL,7495.4181,2.3017,40.067,27.4821
2026-09-07,15:29,TIINDIA,2161.3053,2.0771,34.6493,-16.9658
2026-09-07,15:29,TIMKEN,423.5789,1.6314,27.5226,2.4059
2026-09-07,15:29,TINNARUBR,2455.2677,3.4271,48.8851,24.0463
2026-09-07,15:29,TIPSMUSIC,743.2784,2.7847,37.9778,7.4894
2026-09-07,15:29,TIRUPATIFL,237.3404,3.6765,58.2004,83.2644
2026-09-07,15:29,TITAGARH,688.7028,2.3633,36.4308,-3.3477
2026-09-07,15:29,TITAN,6261.8933,1.4778,23.1119,39.8415
2026-09-07,15:29,TMB,2142.08,2.5686,37.6913,116.7708
2026-09-07,15:29,TNPETRO,226.8595,2.1945,37.5247,31.3098
2026-09-07,15:29,TNPL,181.0287,1.9768,31.0991,-0.8824
2026-09-07,15:29,TORNTPHARM,5686.3718,1.5418,21.8138,37.7937
2026-09-07,15:29,TRAVELFOOD,1349.4985,2.0755,31.644,0.4298
2026-09-07,15:29,TRENT,2037.2705,2.0944,33.0721,-17.7047
2026-09-07,15:29,TRITURBINE,424.509,2.9513,36.8119,6.9783
2026-09-07,15:29,TRUALT,284.9699,2.1243,1.7e+308,1.7e+308
2026-09-07,15:29,TTKHLTCARE,783.8993,1.9792,28.1418,-8.1952
2026-09-07,15:29,TVSMOTOR,3337.7744,1.7704,28.1106,18.3141
2026-09-07,15:29,TVSSCS,203.479,2.6506,40.4195,-2.3384
2026-09-07,15:29,TVSSRICHAK,8691.1132,2.7184,42.0711,83.1458
2026-09-07,15:29,UCAL,259.4807,2.9788,45.5417,8.0699
2026-09-07,15:29,UDS,406.6478,2.3712,43.9191,-13.6207
2026-09-07,15:29,UEL,657.1361,4.4245,75.198,113.1699
2026-09-07,15:29,UFBL,2940.3053,4.5323,64.8877,169.8732
2026-09-07,15:29,UFLEX,1392.2899,3.0779,41.282,22.9204
2026-09-07,15:29,UNICHEMLAB,1205.3076,4.0469,49.3286,12.5099
2026-09-07,15:29,UNIDT,307.2961,2.0325,37.29,15.9245
2026-09-07,15:29,UNIMECH,3918.8772,3.2225,46.636,38.8765
2026-09-07,15:29,UNIPARTS,2900.8622,2.4334,42.6823,119.1957
2026-09-07,15:29,UNITDSPR,651.1824,1.4578,23.7869,9.9488
2026-09-07,15:29,UNIVASTU,675.9893,2.8801,44.1363,99.4482
2026-09-07,15:29,UNIVCABLES,4808.5164,4.4316,58.8174,107.0713
2026-09-07,15:29,UNIVPHOTO,1992.4942,2.5287,52.1597,96.9025
2026-09-07,15:29,UNOMINDA,599.0876,1.8031,32.8403,-3.0679
2026-09-07,15:29,URBANCO,343.1421,2.8514,1.7e+308,1.7e+308
2026-09-07,15:29,USHAMART,567.7689,1.8649,33.9649,29.193
2026-09-07,15:29,UTLSOLAR,1330.5206,3.2637,1.7e+308,1.7e+308
2026-09-07,15:29,UTTAMSUGAR,444.7886,2.8106,41.9687,7.739
2026-09-07,15:29,VADILALIND,19815.1696,2.4721,38.2308,33.8953
2026-09-07,15:29,VALIANTLAB,316.3506,2.9497,49.839,25.2593
2026-09-07,15:29,VALIANTORG,521.5041,3.0958,53.2605,-10.633
2026-09-07,15:29,VARROC,1583.6133,2.2259,35.8497,37.4865
2026-09-07,15:29,VEDL,192.1298,2.4781,36.3159,64.2861
2026-09-07,15:29,VEEDOL,243.7286,1.3199,25.4412,-18.4831
2026-09-07,15:29,VENKEYS,846.5371,2.1747,37.7903,10.2984
2026-09-07,15:29,VENUSPIPES,4827.432,2.6768,43.2559,34.661
2026-09-07,15:29,VENUSREM,5312.0979,3.3811,53.9629,268.8467
2026-09-07,15:29,VERANDA,280.8766,3.5442,52.8095,6.7594
2026-09-07,15:29,VETO,164.4701,2.4589,36.5679,11.9708
2026-09-07,15:29,VHL,2292.7818,1.6234,32.1095,-8.812
2026-09-07,15:29,VIDHIING,222.9525,2.185,35.9163,-7.0573
2026-09-07,15:29,VIDYAWIRES,270.6438,3.3055,1.7e+308,1.7e+308
2026-09-07,15:29,VIJAYA,3203.507,2.3962,31.8459,43.7554
2026-09-07,15:29,VIMTALABS,1226.7036,2.7362,50.966,-17.543
2026-09-07,15:29,VINCOFE,182.021,2.6788,39.9574,18.8098
2026-09-07,15:29,VINDHYATEL,9724.9432,4.6083,58.0095,85.7325
2026-09-07,15:29,VISAKAIND,183.8195,2.708,37.8727,12.2655
2026-09-07,15:29,VISHNU,1404.6934,2.1693,32.2321,46.6492
2026-09-07,15:29,VIYASH,384.3836,2.7652,43.1421,44.4578
2026-09-07,15:29,VMART,1371.2042,2.0528,40.5618,12.0955
2026-09-07,15:29,VOLTAMP,23225.5041,3.0064,39.9595,51.8107
2026-09-07,15:29,VSSL,649.0118,2.3174,35.3769,29.7125
2026-09-07,15:29,VTL,855.8397,1.9123,36.1676,37.2877
2026-09-07,15:29,WABAG,5816.609,2.9117,40.1813,31.3363
2026-09-07,15:29,WALCHANNAG,241.3716,3.6933,58.4854,4.4764
2026-09-07,15:29,WANBURY,260.4729,3.1836,53.0987,-3.7087
2026-09-07,15:29,WEALTH,142.3299,1.8712,38.4192,-34.2435
2026-09-07,15:29,WELCORP,11543.2921,2.7513,39.7897,195.2998
2026-09-07,15:29,WELENT,1997.8894,2.2692,37.2953,62.8221
2026-09-07,15:29,WELINV,6532.2896,2.8968,54.5917,127.53
2026-09-07,15:29,WELSPUNLIV,549.97,2.436,46.5446,75.064
2026-09-07,15:29,WENDT,9544.4728,2.4338,34.6791,-13.5617
2026-09-07,15:29,WESTLIFE,324.6608,2.727,39.4217,-28.4737
2026-09-07,15:29,WEWORK,595.9867,2.8534,1.7e+308,1.7e+308
2026-09-07,15:29,WHEELS,6113.052,3.4458,44.6486,136.3698
2026-09-07,15:29,WHIRLPOOL,252.4104,1.9812,36.5326,-39.6707
2026-09-07,15:29,WINDLAS,2008.1223,2.4211,35.4708,16.2539
2026-09-07,15:29,WINDMACHIN,347.9175,2.6118,41.8863,3.3966
2026-09-07,15:29,WOCKPHARMA,5297.5232,3.2817,51.9191,45.4545
2026-09-07,15:29,WONDERLA,221.0919,1.6439,29.1296,-18.5609
2026-09-07,15:29,WSTCSTPAPR,1838.5049,2.3662,38.5931,39.8922
2026-09-07,15:29,XPROINDIA,2587.9847,3.5503,50.7814,10.1674
2026-09-07,15:29,YASHO,17322.0715,4.351,59.7813,125.5288
2026-09-07,15:29,YATHARTH,2385.4978,2.019,37.7971,29.1529
2026-09-07,15:29,YUKEN,1470.4316,2.2559,37.0894,1.1263
2026-09-07,15:29,ZENTEC,2842.2555,2.647,38.3489,21.134
2026-09-07,15:29,ZIMLAB,353.1269,3.0453,50.8816,70.0145
2026-09-07,15:29,ZYDUSLIFE,1729.0445,1.6829,23.6379,10.7346
2026-09-07,15:29,ZYDUSWELL,714.1298,2.3337,40.308,9.4501
2026-09-08,15:29,20MICRONS,289.8071,2.6861,42.1155,-3.2218
2026-09-08,15:29,63MOONS,1480.0446,3.0478,52.0126,-7.7899
2026-09-08,15:29,AAREYDRUGS,209.2466,2.4935,51.3659,33.5377
2026-09-08,15:29,AARTIDRUGS,250.2401,1.7458,32.1095,-17.2962
2026-09-08,15:29,AARTIIND,824.831,2.4038,37.228,29.3529
2026-09-08,15:29,AARTIPHARM,807.4662,3.1846,45.2697,-6.4069
2026-09-08,15:29,AARTISURF,800.9543,3.6887,50.823,12.5914
2026-09-08,15:29,ABB,12093.3866,2.0153,29.678,40.7423
2026-09-08,15:29,ABCAPITAL,420.1677,1.9694,32.0604,36.175
2026-09-08,15:29,ABDL,640.0193,2.4203,41.1221,8.9426
2026-09-08,15:29,ABREL,857.0797,2.27,38.7084,-23.6492
2026-09-08,15:29,ABSLAMC,1724.7032,2.2715,36.7095,22.5049
2026-09-08,15:29,ACE,1450.586,2.1884,35.8097,0.2056
2026-09-08,15:29,ACMESOLAR,1184.2837,2.2776,38.1062,29.4228
2026-09-08,15:29,ACUTAAS,8414.5167,2.5997,44.6912,120.6574
2026-09-08,15:29,ADANIENSOL,3485.0657,2.3716,40.2487,69.6228
2026-09-08,15:29,ADANIENT,6265.6149,2.1138,35.6859,23.4574
2026-09-08,15:29,ADANIGREEN,3009.0827,2.3302,43.794,31.6084
2026-09-08,15:29,ADANIPORTS,2264.2539,1.6003,28.9146,22.7478
2026-09-08,15:29,ADANIPOWER,468.5411,2.1639,43.4353,60.6661
2026-09-08,15:29,ADFFOODS,627.9879,3.0682,47.9744,18.8708
2026-09-08,15:29,ADOR,3522.5865,2.3823,38.024,65.3903
2026-09-08,15:29,ADVAIT,4384.6271,3.0167,1.7e+308,1.7e+308
2026-09-08,15:29,ADVENZYMES,166.5167,2.5735,38.8018,-11.7656
2026-09-08,15:29,AEGISLOG,3530.6486,3.578,47.1924,80.5767
2026-09-08,15:29,AEGISVOPAK,347.4212,3.1132,47.2034,17.6292
2026-09-08,15:29,AEQUS,604.4833,3.8722,1.7e+308,1.7e+308
2026-09-08,15:29,AEROENTER,466.3086,3.4586,52.5618,77.3144
2026-09-08,15:29,AEROFLEX,2464.198,4.4679,58.8056,226.0375
2026-09-08,15:29,AETHER,3952.9871,2.2889,38.6872,124.0267
2026-09-08,15:29,AGARWALEYE,475.3633,1.7343,28.0824,19.857
2026-09-08,15:29,AGI,1093.9861,2.8685,42.2864,-6.5626
2026-09-08,15:29,AGIIL,139.8491,2.8047,53.1258,16.6681
2026-09-08,15:29,AHLWEST,2237.8967,3.5982,53.2016,119.315
2026-09-08,15:29,AIAENG,1628.5767,1.7678,30.0188,37.9255
2026-09-08,15:29,AIIL,201.5564,2.9771,50.6179,-16.0712
2026-09-08,15:29,AJANTPHARM,4789.6016,1.7379,25.7151,38.781
2026-09-08,15:29,AJAXENGG,418.6172,2.229,37.3005,-8.7334
2026-09-08,15:29,AKSHARCHEM,1408.1043,3.5066,49.1343,66.9434
2026-09-08,15:29,AKUMS,1807.4961,2.1556,32.5722,59.4372
2026-09-08,15:29,ALBERTDAVD,949.4857,2.2947,32.3278,5.0794
2026-09-08,15:29,ALIVUS,2835.7441,2.0879,30.3014,46.4404
2026-09-08,15:29,ALKYLAMINE,2637.5982,2.9151,40.2785,-2.9499
2026-09-08,15:29,ALPHAGEO,686.9664,3.9502,53.1029,21.9844
2026-09-08,15:29,AMAGI,1296.1632,3.2826,1.7e+308,1.7e+308
2026-09-08,15:29,AMANTA,614.282,2.8449,1.7e+308,44.3197
2026-09-08,15:29,AMBER,8155.2838,2.5078,39.98,-7.9133
2026-09-08,15:29,AMBIKCO,2451.5468,2.2906,35.3675,8.1301
2026-09-08,15:29,ANANDRATHI,4842.006,1.1395,21.7867,49.7766
2026-09-08,15:29,ANANTRAJ,587.9246,2.7338,46.0791,17.3542
2026-09-08,15:29,ANDHRSUGAR,183.0133,3.0725,38.0757,30.7265
2026-09-08,15:29,ANGELONE,413.6558,2.3747,42.0167,34.0953
2026-09-08,15:29,ANTELOPUS,3530.3386,3.9094,67.8636,99.2838
2026-09-08,15:29,ANTHEM,2294.3326,1.6744,29.7519,14.913
2026-09-08,15:29,AONELIQUID,189.2764,0.012,0.2049,4.9329
2026-09-08,15:29,APARINDS,59378.5283,2.9074,45.9157,104.3453
2026-09-08,15:29,APCOTEXIND,1531.2089,3.408,43.0197,46.5876
2026-09-08,15:29,APEX,551.6446,3.0734,67.207,61.6799
2026-09-08,15:29,APLAPOLLO,844.057,1.6801,26.8859,28.2804
2026-09-08,15:29,APLLTD,138.6087,1.7503,27.1482,-14.58
2026-09-08,15:29,APOLLO,1053.675,3.6945,58.8,29.6417
2026-09-08,15:29,APOLLOHOSP,11718.1816,1.0939,18.0547,12.2293
2026-09-08,15:29,APOLLOPIPE,2051.8446,2.906,48.0767,51.6286
2026-09-08,15:29,ARIES,1041.5816,2.6992,44.1492,15.324
2026-09-08,15:29,ARIHANT,5462.4896,217.809,2177.0741,3331.1568
2026-09-08,15:29,ARMANFIN,3224.2831,2.7507,41.849,42.3829
2026-09-08,15:29,ARROWGREEN,2268.5954,3.0342,52.2109,41.354
2026-09-08,15:29,ARTEMISMED,592.4518,2.2097,35.731,43.0274
2026-09-08,15:29,ARVEE,209.2466,3.3119,66.6588,20.8911
2026-09-08,15:29,ARVIND,1557.2559,2.6098,40.2772,77.8917
2026-09-08,15:29,ARVSMART,603.1189,1.8845,33.2559,0.9945
2026-09-08,15:29,ASAHISONG,1031.783,3.1561,50.1217,34.2449
2026-09-08,15:29,ASHIANA,372.4142,1.9893,31.9724,10.4625
2026-09-08,15:29,ASIANENE,1889.6691,3.3565,50.4159,55.7322
2026-09-08,15:29,ASIANHOTNR,652.4228,2.9833,47.1357,26.6386
2026-09-08,15:29,ASIANPAINT,772.737,1.2531,24.2038,-2.5409
2026-09-08,15:29,ASKAUTOLTD,1070.73,2.755,37.2007,18.3034
2026-09-08,15:29,ASPINWALL,258.6744,2.1685,41.208,-5.0439
2026-09-08,15:29,ASTEC,578.622,3.2393,59.8201,-22.074
2026-09-08,15:29,ASTERDM,1364.0717,1.6789,29.2615,25.0455
2026-09-08,15:29,ASTRAL,229.4643,1.9365,30.6128,2.7171
2026-09-08,15:29,ASTRAMICRO,4986.1967,2.7919,42.0584,61.8289
2026-09-08,15:29,ATGL,567.4589,2.4743,47.5255,0.6275
2026-09-08,15:29,ATHERENERG,5904.0534,3.0942,50.5897,190.8488
2026-09-08,15:29,ATLANTAELE,7479.2949,3.4128,1.7e+308,1.7e+308
2026-09-08,15:29,ATUL,1975.2531,1.469,25.3646,-1.2125
2026-09-08,15:29,ATULAUTO,385.7479,2.3518,47.2809,-12.5405
2026-09-08,15:29,AUBANK,583.5833,1.642,29.5387,51.9423
2026-09-08,15:29,AUROPHARMA,3224.2831,1.6531,26.5991,54.6053
2026-09-08,15:29,AURUM,310.4589,1.9465,35.6805,32.955
2026-09-08,15:29,AUSOMENT,271.326,2.5045,51.6366,51.7033
2026-09-08,15:29,AVADHSUGAR,3100.8684,2.9724,43.4143,87.6473
2026-09-08,15:29,AVALON,8800.2648,3.6195,53.9793,136.3327
2026-09-08,15:29,AVANTIFEED,354.1194,2.4579,55.8265,17.0839
2026-09-08,15:29,AVL,722.1921,1.8005,32.6321,24.1867
2026-09-08,15:29,AVTNPL,153.7411,2.3972,33.5312,18.554
2026-09-08,15:29,AXISCADES,4188.0324,2.7215,48.6928,17.0815
2026-09-08,15:29,AYMSYNTEX,1023.0385,3.2468,46.0646,71.3506
2026-09-08,15:29,AZAD,8469.7123,3.0164,41.9149,76.2381
2026-09-08,15:29,BAFNAPH,1183.6014,3.3084,53.8604,162.7871
2026-09-08,15:29,BAJAJ-AUTO,14763.2343,1.5006,23.1296,32.0073
2026-09-08,15:29,BAJAJCON,1242.8278,3.0442,50.6695,129.5909
2026-09-08,15:29,BAJAJFINSV,181.7104,1.4751,24.1229,-6.8893
2026-09-08,15:29,BAJAJHLDNG,3255.9118,1.499,28.8763,-16.3879
2026-09-08,15:29,BAJEL,169.1834,2.2312,43.0724,-9.5557
2026-09-08,15:29,BAJFINANCE,941.1135,1.7725,30.2044,5.0685
2026-09-08,15:29,BALAMINES,8369.863,4.2287,54.8754,64.5003
2026-09-08,15:29,BALPHARMA,155.7256,2.9473,39.6461,5.6023
2026-09-08,15:29,BALRAMCHIN,1789.8213,3.1369,40.8335,37.8646
2026-09-08,15:29,BALUFORGE,752.581,3.147,51.3573,-20.875
2026-09-08,15:29,BANARISUG,1009.0238,2.1709,25.0012,0.2276
2026-09-08,15:29,BANCOINDIA,202.1765,2.0862,46.0621,1.6502
2026-09-08,15:29,BANDHANBNK,142.764,2.8246,41.2588,4.0699
2026-09-08,15:29,BANSALWIRE,299.2338,2.5068,38.0303,-10.8816
2026-09-08,15:29,BASF,862.6622,1.9992,29.897,-17.9221
2026-09-08,15:29,BBETF0432,274.2406,0.2622,3.8568,4.713
2026-09-08,15:29,BBOX,1650.9024,3.0201,45.4682,71.6544
2026-09-08,15:29,BBTCL,261.2171,2.7188,39.9773,13.7562
2026-09-08,15:29,BELRISE,385.1899,2.2132,38.6659,57.4617
2026-09-08,15:29,BEML,2592.3267,2.0829,39.4995,-4.7326
2026-09-08,15:29,BEPL,318.5832,2.6929,34.6814,27.2485
2026-09-08,15:29,BETA,4571.3007,4.0951,1.7e+308,1.7e+308
2026-09-08,15:29,BFINVEST,478.1539,2.524,36.6924,-3.0619
2026-09-08,15:29,BHAGCHEM,261.6512,2.8454,44.7278,-3.2674
2026-09-08,15:29,BHAGERIA,948.8656,3.4286,50.6964,64.503
2026-09-08,15:29,BHAGYANGR,1394.3984,3.8329,62.7283,320.2036
2026-09-08,15:29,BHARATBOND-APR30,326.5829,0.1226,1.7192,4.7451
2026-09-08,15:29,BHARATBOND-APR31,280.1948,0.1452,1.9694,4.3453
2026-09-08,15:29,BHARATBOND-APR32,238.0848,0.1545,2.1302,3.8426
2026-09-08,15:29,BHARATBOND-APR33,209.3086,0.1632,2.2588,3.4168
2026-09-08,15:29,BHARATFORG,3882.9072,1.7467,30.6641,63.8348
2026-09-08,15:29,BHARATSE,528.6981,3.3685,61.5595,34.4217
2026-09-08,15:29,BHEL,1054.6053,2.2263,36.3331,84.5707
2026-09-08,15:29,BIL,841.2654,2.3449,43.0216,8.1126
2026-09-08,15:29,BIOCON,149.4617,1.5446,25.4687,7.4206
2026-09-08,15:29,BIRLACABLE,1281.0307,3.8708,53.6467,106.4128
2026-09-08,15:29,BLACKBUCK,146.6712,2.1848,39.9691,-8.2046
2026-09-08,15:29,BLISSGVS,3422.1183,3.5074,59.8275,373.7015
2026-09-08,15:29,BLSE,1006.8519,2.3722,43.7248,69.1528
2026-09-08,15:29,BLUEJET,1063.2878,2.8229,48.4224,-18.8925
2026-09-08,15:29,BLUESTONE,2741.1676,3.2576,1.7e+308,35.2905
2026-09-08,15:29,BLUSPRING,402.7408,4.4845,57.1077,56.2705
2026-09-08,15:29,BODALCHEM,848.5836,4.0636,51.769,180.9066
2026-09-08,15:29,BOSCH-HCIL,2665.5067,2.2647,36.323,3.3946
2026-09-08,15:29,BOSCHLTD,78482.9783,1.5881,28.4736,22.3142
2026-09-08,15:29,BRIGADE,821.358,2.6548,36.4351,-3.133
2026-09-08,15:29,BSE,5059.9964,1.9822,39.8113,54.1886
2026-09-08,15:29,BUILDPRO,3577.7817,2.9119,1.7e+308,1.7e+308
2026-09-08,15:29,CALSOFT,142.3919,4.779,64.7376,144.5473
2026-09-08,15:29,CAMS,331.1729,1.9035,29.641,-5.4758
2026-09-08,15:29,CAPLIPOINT,5954.9081,2.4399,33.9073,23.3568
2026-09-08,15:29,CARBORUNIV,1943.6244,2.3191,36.2664,10.3514
2026-09-08,15:29,CARERATING,713.8197,1.8639,30.4963,6.7812
2026-09-08,15:29,CARRARO,289.3108,2.1712,43.9157,18.4546
2026-09-08,15:29,CARTRADE,3667.0872,3.3506,55.8879,35.8609
2026-09-08,15:29,CARYSIL,2227.9739,2.7028,45.1086,22.4944
2026-09-08,15:29,CASHIETF,189.9592,0.0125,0.2105,4.9354
2026-09-08,15:29,CCL,982.6649,1.8977,32.4763,27.3772
2026-09-08,15:29,CDSL,1052.4344,1.6806,31.3898,-9.432
2026-09-08,15:29,CEIGALL,612.4215,2.2491,31.3535,39.1477
2026-09-08,15:29,CEMPRO,4050.3541,4.1088,53.5137,64.1566
2026-09-08,15:29,CENTENKA,957.5483,2.9331,36.4624,15.8019
2026-09-08,15:29,CENTUM,12360.0613,3.1137,50.406,58.4639
2026-09-08,15:29,CERA,4451.6054,1.991,27.9861,-8.8659
2026-09-08,15:29,CGCL,647.1513,2.4215,34.7132,45.5332
2026-09-08,15:29,CGPOWER,1946.1049,2.1896,34.0917,15.9537
2026-09-08,15:29,CHALET,257.6821,1.6831,28.7481,-12.1403
2026-09-08,15:29,CHEMBOND,309.1566,3.198,51.443,7.7963
2026-09-08,15:29,CHEMBONDCH,713.0758,3.6131,60.9488,35.1794
2026-09-08,15:29,CHEMCON,193.2461,2.8501,48.0331,-12.6267
2026-09-08,15:29,CHENNPETRO,3876.7059,3.1863,50.6657,98.3806
2026-09-08,15:29,CHEVIOT,1273.8365,2.1346,28.0921,1.023
2026-09-08,15:29,CHOLAFIN,1512.6037,2.0197,33.0852,20.5713
2026-09-08,15:29,CIPLA,341.7155,1.4789,21.1629,-12.1047
2026-09-08,15:29,CLCIND,287.3265,21.9404,224.2397,1679.2727
2026-09-08,15:29,CLSEL,407.4541,2.8378,43.2786,9.1802
2026-09-08,15:29,CNL,2933.7311,3.3424,1.7e+308,1.7e+308
2026-09-08,15:29,CNXENERGY,25037.3317,0.7885,15.7557,9.0245
2026-09-08,15:29,CNXINFRA,1368.7245,0.7379,14.8716,0.772
2026-09-08,15:29,CNXMIDCAP,35939.0643,0.7886,16.3872,8.0523
2026-09-08,15:29,CNXMNC,14152.0604,0.8095,14.3842,6.0186
2026-09-08,15:29,CNXNIFTYJUNIOR,40870.0749,0.8769,16.7731,6.9752
2026-09-08,15:29,CNXPHARMA,33151.3837,0.8235,13.7011,20.3194
2026-09-08,15:29,CNXREALTY,783.8993,1.5948,26.047,0.8707
2026-09-08,15:29,CNXSMALLCAP,23043.1706,0.9153,17.9603,11.917
2026-09-08,15:29,COFORGE,1827.0315,2.7488,38.7315,10.5442
2026-09-08,15:29,COHANCE,506.682,3.5755,51.2763,-53.9372
2026-09-08,15:29,COMSYN,848.5217,4.1036,49.9415,95.2332
2026-09-08,15:29,CONCORDBIO,2052.7749,2.5807,40.3248,-10.2807
2026-09-08,15:29,CONFIPET,315.7304,3.4888,60.5648,68.0041
2026-09-08,15:29,CONSOFINVT,955.1295,2.2532,41.6397,62.7865
2026-09-08,15:29,CORDSCABLE,1308.1323,4.1351,53.0063,112.1152
2026-09-08,15:29,CORONA,3997.0193,2.0023,1.7e+308,1.7e+308
2026-09-08,15:29,COSMOFIRST,2060.8374,2.351,40.1025,-1.6125
2026-09-08,15:29,CPCAP,235.2939,2.9802,43.9217,-6.2901
2026-09-08,15:29,CPPLUS,15115.4932,2.8197,45.1288,166.8153
2026-09-08,15:29,CRAFTSMAN,24859.6617,2.1081,35.8774,70.4041
2026-09-08,15:29,CREDITACC,891.8093,2.5268,39.5453,9.6318
2026-09-08,15:29,CRISIL,537.071,1.646,27.3682,-4.9328
2026-09-08,15:29,CUMMINSIND,6320.1905,1.7923,28.152,25.0496
2026-09-08,15:29,CUPID,1200.098,3.1193,57.5624,592.8895
2026-09-08,15:29,CYIENTDLM,3762.9038,3.1492,45.2925,113.9726
2026-09-08,15:29,DALMIASUG,1093.0561,3.1536,44.2831,21.4045
2026-09-08,15:29,DATAMATICS,191.9438,2.1627,42.2648,-19.569
2026-09-08,15:29,DATAPATTNS,15264.9542,3.4021,50.6466,81.9365
2026-09-08,15:29,DBOL,148.0975,2.3602,44.7398,49.5376
2026-09-08,15:29,DCBBANK,301.2804,2.0993,39.5506,80.6627
2026-09-08,15:29,DCI,483.9215,3.5596,55.7104,25.6266
2026-09-08,15:29,DCMNVL,296.9392,3.2307,46.9175,14.9373
2026-09-08,15:29,DEEDEV,3181.6148,3.3409,54.1678,143.3154
2026-09-08,15:29,DEEPAKFERT,2205.9578,2.2182,41.1723,-3.9123
2026-09-08,15:29,DEEPAKNTR,357.8407,1.9507,28.8936,-5.8185
2026-09-08,15:29,DEEPINDS,2826.4415,2.9872,46.4233,53.5734
2026-09-08,15:29,DENORA,1460.509,2.6338,41.889,-2.921
2026-09-08,15:29,DHAMPURSUG,336.5062,2.6222,38.7297,25.05
2026-09-08,15:29,DHARMAJ,208.8125,1.8101,34.9447,-21.4244
2026-09-08,15:29,DIACABS,1342.9861,3.4243,47.024,123.4665
2026-09-08,15:29,DIAMONDYD,252.4111,2.3371,34.0154,7.3938
2026-09-08,15:29,DICIND,488.6968,2.5252,37.0248,10.3561
2026-09-08,15:29,DIFFNKG,1275.8833,3.2581,48.513,12.9835
2026-09-08,15:29,DIVGIITTS,3672.6689,3.0657,45.1724,82.7162
2026-09-08,15:29,DIVISLAB,21823.9116,1.5693,24.1963,58.8816
2026-09-08,15:29,DIXON,24211.5802,2.2774,38.9937,-22.1124
2026-09-08,15:29,DLF,382.9572,1.8903,29.6417,-10.9837
2026-09-08,15:29,DLINKINDIA,247.4493,1.8472,32.9439,-8.4332
2026-09-08,15:29,DMART,660.485,1.5129,24.4517,-19.4169
2026-09-08,15:29,DMCC,386.3061,2.962,48.6738,-4.0159
2026-09-08,15:29,DOLPHIN,1628.5761,2.9766,54.833,71.2951
2026-09-08,15:29,DPABHUSHAN,1036.3101,3.2828,44.903,-8.829
2026-09-08,15:29,DSSL,828.2415,3.9528,55.3394,9.9808
2026-09-08,15:29,DVL,229.7743,2.1208,40.6372,-16.8659
2026-09-08,15:29,DYCL,1040.9615,4.3469,59.0992,6.9298
2026-09-08,15:29,DYNAMATECH,20112.2322,2.7899,45.5922,71.9843
2026-09-08,15:29,E2E,2406.0256,3.6369,58.3918,100.2529
2026-09-08,15:29,EBBETF0430,379.6081,0.1901,2.9827,5.1328
2026-09-08,15:29,EBBETF0431,285.404,0.2475,3.9059,4.8105
2026-09-08,15:29,EBBETF0433,267.7906,0.2452,4.2254,4.5928
2026-09-08,15:29,EBGNG,2531.549,3.8132,54.1589,87.3134
2026-09-08,15:29,EDELWEISS,226.9216,2.4776,40.8987,20.3086
2026-09-08,15:29,EICHERMOT,5321.0901,1.436,26.9346,12.6909
2026-09-08,15:29,EIEL,150.33,2.8844,47.6502,-22.6646
2026-09-08,15:29,EIMCOELECO,3308.0058,2.6531,52.7736,2.884
2026-09-08,15:29,ELECON,164.346,2.6768,45.3651,-29.8668
2026-09-08,15:29,ELECTHERM,1145.4605,4.6583,62.5782,-6.7434
2026-09-08,15:29,ELGIEQUIP,1236.9365,1.8197,33.4657,36.353
2026-09-08,15:29,ELIQUID,184.7496,0.0119,1.7e+308,1.7e+308
2026-09-08,15:29,ELLEN,386.3681,3.1036,48.8432,-41.3677
2026-09-08,15:29,EMAMIPAP,221.34,3.1552,47.066,15.1766
2026-09-08,15:29,EMCURE,2731.865,1.9363,32.5906,42.7682
2026-09-08,15:29,EMIL,597.5374,3.1751,47.2082,24.9631
2026-09-08,15:29,EMKAY,145.1207,3.6516,63.2725,18.5916
2026-09-08,15:29,EMMVEE,861.4212,2.9851,1.7e+308,1.7e+308
2026-09-08,15:29,EMSLIMITED,254.2712,3.7155,55.3539,-32.0158
2026-09-08,15:29,ENDURANCE,1861.1418,1.8257,31.0205,-4.5937
2026-09-08,15:29,ENGINERSIN,685.354,2.6456,42.4221,33.7165
2026-09-08,15:29,ENRIN,4509.2834,2.8213,38.5797,-5.5014
2026-09-08,15:29,ENTERO,4323.2313,2.6608,39.709,60.4401
2026-09-08,15:29,EPACKPEB,229.4643,3.5601,1.7e+308,1.7e+308
2026-09-08,15:29,EPIGRAL,1397.2516,2.659,41.0649,-33.3968
2026-09-08,15:29,EPL,340.5374,2.2081,33.1886,10.3353
2026-09-08,15:29,ESABINDIA,3290.0213,2.161,30.742,18.9258
2026-09-08,15:29,ETERNAL,322.8005,1.8347,33.0926,0.0622
2026-09-08,15:29,ETHOSLTD,1552.295,2.4801,37.2917,16.4895
2026-09-08,15:29,EVEREADY,176.1293,2.2419,35.9617,-20.3175
2026-09-08,15:29,EXCELINDUS,390.0894,2.3465,35.3382,-13.313
2026-09-08,15:29,EXICOM,522.1242,4.7326,60.1265,25.3969
2026-09-08,15:29,EXIDEIND,629.4763,2.1347,30.0725,-0.0956
2026-09-08,15:29,FAZE3Q,796.9232,2.5579,62.7029,-3.7732
2026-09-08,15:29,FCL,224.2548,4.5391,60.4181,146.6864
2026-09-08,15:29,FEDERALBNK,366.2125,1.454,25.9579,77.0683
2026-09-08,15:29,FILATEX,179.4163,3.2323,45.841,36.8911
2026-09-08,15:29,FINCABLES,3601.969,3.3199,42.1741,53.8271
2026-09-08,15:29,FINEORG,6385.9295,1.6395,29.5211,8.6461
2026-09-08,15:29,FIVESTAR,433.5015,2.2225,39.9411,-3.025
2026-09-08,15:29,FLUOROCHEM,10583.8845,1.9163,31.885,25.8605
2026-09-08,15:29,FMGOETZE,267.2949,3.0908,45.4162,-17.3201
2026-09-08,15:29,FORTIS,466.3707,1.3769,26.0425,-6.3918
2026-09-08,15:29,FOSECOIND,10600.0096,2.5939,43.9158,-0.2618
2026-09-08,15:29,FUSION,143.1981,3.1595,45.2331,8.5294
2026-09-08,15:29,GABRIEL,2913.8859,2.8478,49.5306,12.8563
2026-09-08,15:29,GAEL,184.1296,2.3901,36.0666,50.7615
2026-09-08,15:29,GALAPREC,1320.6599,3.3146,44.3815,27.7737
2026-09-08,15:29,GALAXYSURF,2622.7139,2.7275,35.6702,-5.7428
2026-09-08,15:29,GALLANTT,278.7681,2.8154,55.457,-18.3292
2026-09-08,15:29,GANDHAR,751.5264,3.7832,48.9588,81.8777
2026-09-08,15:29,GANDHITUBE,1194.4547,2.0214,41.0971,-5.936
2026-09-08,15:29,GANECOS,2028.2783,2.6188,50.3658,-21.1519
2026-09-08,15:29,GANESHBE,369.0654,3.241,45.1798,36.3636
2026-09-08,15:29,GARFIBRES,1144.2204,2.5505,37.8694,5.3705
2026-09-08,15:29,GARUDA,163.7879,2.8795,56.1297,-9.7695
2026-09-08,15:29,GCSL,1876.3354,2.6709,1.7e+308,113.3559
2026-09-08,15:29,GEECEE,385.4379,2.1184,39.2566,-3.1665
2026-09-08,15:29,GENUSPOWER,389.7792,2.4087,41.5642,3.0579
2026-09-08,15:29,GESHIP,1183.9117,2.5423,35.1323,39.496
2026-09-08,15:29,GHCLTEXTIL,357.6542,2.6446,40.2071,62.7328
2026-09-08,15:29,GIPCL,398.2136,2.1582,35.9545,7.6725
2026-09-08,15:29,GKENERGY,177.8038,2.8322,1.7e+308,1.7e+308
2026-09-08,15:29,GKSL,434.4317,2.1574,1.7e+308,1.7e+308
2026-09-08,15:29,GLAND,6976.9538,2.6273,32.8628,46.413
2026-09-08,15:29,GLAXO,3223.6631,1.6856,25.2924,5.5588
2026-09-08,15:29,GLENMARK,3314.8283,1.7031,26.8879,16.0375
2026-09-08,15:29,GLOBAL,256.3798,2.625,44.0484,98.0914
2026-09-08,15:29,GMMPFAUDLR,1920.3676,2.468,34.3973,12.3328
2026-09-08,15:29,GNA,1255.8519,2.9137,46.2466,78.1139
2026-09-08,15:29,GNFC,802.1945,2.1165,30.4286,16.5496
2026-09-08,15:29,GOCLCORP,1099.2578,2.8097,45.5038,23.6973
2026-09-08,15:29,GODREJAGRO,957.2379,1.7344,30.8653,-8.2414
2026-09-08,15:29,GODREJIND,1016.7748,3.3097,41.4165,-5.5092
2026-09-08,15:29,GODREJPROP,2417.4365,2.0785,35.3238,-4.6175
2026-09-08,15:29,GOKEX,1067.0087,2.3198,57.0592,2.1374
2026-09-08,15:29,GOKULAGRO,458.3703,2.1795,44.6959,28.8834
2026-09-08,15:29,GOLDIAM,200.6262,2.9907,54.0037,-15.2912
2026-09-08,15:29,GPTHEALTH,199.7579,1.73,25.9372,5.0395
2026-09-08,15:29,GRANULES,2126.8853,1.6458,29.2268,67.5587
2026-09-08,15:29,GRAPHITE,861.4214,2.2444,39.9749,37.6547
2026-09-08,15:29,GRASIM,3530.0282,1.371,22.7357,18.0157
2026-09-08,15:29,GRAVITA,747.3093,2.0881,36.4335,1.5575
2026-09-08,15:29,GREAVESCOT,181.4628,3.0764,44.4894,-10.413
2026-09-08,15:29,GREENPLY,455.5796,2.4139,39.7595,-6.101
2026-09-08,15:29,GRINDWELL,2503.0215,2.821,35.776,17.2439
2026-09-08,15:29,GROBTEA,438.4629,2.0756,39.3158,-1.8991
2026-09-08,15:29,GROWW,168.3151,2.2999,1.7e+308,1.7e+308
2026-09-08,15:29,GROWWDEFNC,142.764,1.2533,24.7105,24.2326
2026-09-08,15:29,GRPLTD,1967.8114,2.4814,42.1945,-7.8757
2026-09-08,15:29,GRWRHITECH,24943.3851,2.8418,55.2963,110.0105
2026-09-08,15:29,GUFICBIO,857.7001,2.4822,35.2,19.2417
2026-09-08,15:29,GUJALKALI,1686.5624,2.4842,39.8156,18.0989
2026-09-08,15:29,GUJTHEM,797.2332,3.3869,50.9639,20.114
2026-09-08,15:29,GULFPETRO,201.3704,2.8763,40.3715,56.1624
2026-09-08,15:29,GULPOLY,346.367,2.6604,42.0028,12.6408
2026-09-08,15:29,GVPIL,2255.2617,3.4821,61.2173,79.2651
2026-09-08,15:29,GVT&D,9342.2956,2.952,44.5016,70.3608
2026-09-08,15:29,HAL,4057.1774,1.5685,27.2087,6.0161
2026-09-08,15:29,HALDER,173.6486,2.6907,1.7e+308,1.7e+308
2026-09-08,15:29,HALEOSLABS,1294.3022,3.093,41.873,20.7958
2026-09-08,15:29,HAPPYFORGE,7422.2388,2.3066,35.8699,138.1018
2026-09-08,15:29,HARRMALAYA,160.8731,2.7958,36.8291,-9.5274
2026-09-08,15:29,HARSHA,620.4837,2.1501,31.4019,14.6647
2026-09-08,15:29,HATSUN,1904.5532,2.047,35.5271,32.0328
2026-09-08,15:29,HCG,603.4289,1.9772,31.0696,1.7983
2026-09-08,15:29,HDFCLIQUID,187.7888,0.012,0.2002,4.8175
2026-09-08,15:29,HDFCSML250,193.7423,0.8934,17.1409,7.9188
2026-09-08,15:29,HEALTHIETF,186.1142,0.799,13.6108,13.2807
2026-09-08,15:29,HERITGFOOD,179.2302,1.9497,34.6078,-21.562
2026-09-08,15:29,HESTERBIO,5000.4606,3.6056,42.6012,11.2962
2026-09-08,15:29,HFCL,1146.8251,3.7249,49.9805,243.4128
2026-09-08,15:29,HIKAL,346.677,3.5517,48.5692,-4.4436
2026-09-08,15:29,HINDALCO,625.135,1.6526,28.5972,33.1047
2026-09-08,15:29,HINDOILEXP,232.8752,2.6291,46.4415,14.85
2026-09-08,15:29,HINDZINC,157.5243,2.1435,40.1941,28.6316
2026-09-08,15:29,HIRECT,4096.8675,3.5164,55.7244,53.5622
2026-09-08,15:29,HITECHCORP,1133.9876,3.6196,51.0746,64.641
2026-09-08,15:29,HMT,148.3456,2.3016,37.8764,8.2486
2026-09-08,15:29,HNDFDS,1019.8757,1.7647,27.0373,17.1442
2026-09-08,15:29,HOMEFIRST,731.8049,2.0011,36.908,-5.043
2026-09-08,15:29,HONASA,1240.6574,1.8702,31.2101,58.8952
2026-09-08,15:29,HONAUT,13147.6819,2.3197,30.3401,-5.8539
2026-09-08,15:29,HSCL,1396.0112,2.7545,35.51,42.7826
2026-09-08,15:29,HUHTAMAKI,418.3691,2.7177,40.3158,10.1542
2026-09-08,15:29,HYUNDAI,276.5981,1.6901,29.1691,-13.305
2026-09-08,15:29,IBMFNIFTY,163.7258,0.9924,18.7237,9.1115
2026-09-08,15:29,ICDSLTD,139.291,4.3657,68.9797,33.0004
2026-09-08,15:29,ICICIAMC,532.7286,1.815,1.7e+308,1.7e+308
2026-09-08,15:29,ICICIBANK,404.3537,1.1339,19.2919,-1.2908
2026-09-08,15:29,ICICINIFTY,226.5494,0.5775,9.4792,21.3359
2026-09-08,15:29,ICIL,1372.8785,3.5167,62.3375,58.4821
2026-09-08,15:29,IDEAFORGE,2079.4424,4.0703,56.5914,49.8116
2026-09-08,15:29,IFBIND,1178.33,2.5699,44.0662,-13.7438
2026-09-08,15:29,IFCI,218.1771,3.9906,54.3079,73.5245
2026-09-08,15:29,IGPL,1478.494,2.3431,38.6365,34.5804
2026-09-08,15:29,IIFL,944.2144,2.5888,40.5969,44.5173
2026-09-08,15:29,IIFLCAPS,219.5414,1.3004,40.4517,15.7967
2026-09-08,15:29,IKIO,413.2837,4.0096,54.6868,-2.177
2026-09-08,15:29,IKS,1298.6438,2.1399,34.1192,15.5319
2026-09-08,15:29,IMFA,881.2666,2.4853,49.9328,26.741
2026-09-08,15:29,IMPAL,507.9224,2.1547,26.7185,12.1172
2026-09-08,15:29,INDGN,674.7491,1.6991,27.504,2.4607
2026-09-08,15:29,INDHOTEL,345.4368,1.4295,25.137,-7.4193
2026-09-08,15:29,INDIGO,2545.8129,1.9927,33.8007,-12.7019
2026-09-08,15:29,INDIGOPNTS,674.1292,2.0028,35.2387,-0.5408
2026-09-08,15:29,INDIQUBE,180.4085,2.2796,36.6207,-9.0671
2026-09-08,15:29,INDNIPPON,2476.3538,2.5876,42.9393,18.9507
2026-09-08,15:29,INDOBORAX,1660.1428,4.1611,50.3825,108.7281
2026-09-08,15:29,INDOCO,181.4628,3.5439,48.6362,-18.3247
2026-09-08,15:29,INDORAMA,220.3477,3.8492,55.4926,39.7056
2026-09-08,15:29,INDOSTAR,342.0877,2.8462,46.436,-4.9404
2026-09-08,15:29,INDOTECH,15164.4871,3.3203,60.2122,107.4639
2026-09-08,15:29,INDSWFTLAB,1709.0125,4.1019,56.5166,267.4647
2026-09-08,15:29,INDUSINDBK,633.1975,1.7661,28.8395,34.7333
2026-09-08,15:29,INGERRAND,8435.6035,2.3619,31.2082,23.0556
2026-09-08,15:29,INNOVACAP,2963.8101,2.2245,34.8692,36.3192
2026-09-08,15:29,INOXINDIA,6921.1374,3.2149,40.2435,89.4417
2026-09-08,15:29,IOLCP,853.9791,3.7125,52.7679,82.2564
2026-09-08,15:29,IONEXCHANG,504.2011,2.946,41.1139,4.4641
2026-09-08,15:29,IPCALAB,3492.8178,1.8055,31.5312,49.6197
2026-09-08,15:29,IRISDOREME,176.8115,2.1551,38.8324,97.0579
2026-09-08,15:29,IRMENERGY,224.999,3.6639,52.75,2.8046
2026-09-08,15:29,ISGEC,182.6412,1.9908,40.2862,-20.9857
2026-09-08,15:29,ITDC,509.4728,3.7299,58.2126,-1.8229
2026-09-08,15:29,IVP,450.3702,2.9968,44.7618,30.7618
2026-09-08,15:29,IZMO,2192.0039,3.1219,68.6871,11.9544
2026-09-08,15:29,J&KBANK,280.0084,2.948,40.7298,45.4734
2026-09-08,15:29,JAGSNPHARM,425.7492,1.9562,33.1813,-1.1148
2026-09-08,15:29,JASH,827.0016,2.6695,38.5885,0.3774
2026-09-08,15:29,JAYAGROGN,463.3937,2.7631,40.9351,3.8489
2026-09-08,15:29,JAYBARMARU,190.5794,4.2283,60.6898,23.0331
2026-09-08,15:29,JBMA,377.6855,2.093,44.0252,-13.6896
2026-09-08,15:29,JGCHEM,1812.4576,3.1495,46.7393,29.6151
2026-09-08,15:29,JINDALPOLY,1814.008,2.5234,48.8036,12.6246
2026-09-08,15:29,JINDALSAW,838.2888,2.6707,46.4889,47.9131
2026-09-08,15:29,JINDALSTEL,212.7199,1.4888,28.3665,9.6868
2026-09-08,15:29,JINDRILL,1254.9215,3.1424,50.8919,12.9435
2026-09-08,15:29,JINDWORLD,189.0909,4.8324,63.2195,53.6099
2026-09-08,15:29,JKIPL,166.5787,3.0208,1.7e+308,1.7e+308
2026-09-08,15:29,JKPAPER,560.0168,2.0255,39.7924,6.5965
2026-09-08,15:29,JNKINDIA,1385.344,4.2069,56.1733,48.3665
2026-09-08,15:29,JOCIL,240.8134,2.1906,35.7535,2.4763
2026-09-08,15:29,JSFB,1093.0561,2.9346,41.3344,18.3642
2026-09-08,15:29,JSWDULUX,2788.9207,1.7325,28.6193,-5.6978
2026-09-08,15:29,JSWENERGY,531.4889,1.831,29.9168,0.1427
2026-09-08,15:29,JSWINFRA,454.8974,2.1143,31.675,5.3132
2026-09-08,15:29,JSWSTEEL,656.144,1.1767,23.5579,18.0437
2026-09-08,15:29,JUBLCPL,312.5684,3.3704,51.9433,-18.0385
2026-09-08,15:29,JUBLINGREA,325.5912,2.0796,35.842,-4.6658
2026-09-08,15:29,JUBLPHARMA,185.4321,1.6953,29.4189,-11.0977
2026-09-08,15:29,JUNIORBEES,430.7728,0.8296,16.0027,7.5619
2026-09-08,15:29,JUSTDIAL,256.7521,3.1504,39.229,-19.2733
2026-09-08,15:29,JYOTICNC,1485.936,2.8331,44.8987,15.2252
2026-09-08,15:29,KABRAEXTRU,2842.132,3.8147,56.2171,132.5363
2026-09-08,15:29,KAJARIACER,2263.6335,1.5635,28.9033,1.9989
2026-09-08,15:29,KALYANIFRG,2154.4835,3.6273,50.386,38.6162
2026-09-08,15:29,KALYANKJIL,1511.3631,3.5182,47.4481,21.8498
2026-09-08,15:29,KANORICHEM,555.6136,3.0023,43.1212,87.9584
2026-09-08,15:29,KANPRPLA,458.4944,3.0535,55.4139,4.5201
2026-09-08,15:29,KAPSTON,1952.431,2.9793,41.3689,254.0612
2026-09-08,15:29,KARURVYSYA,341.7157,2.2399,36.5502,61.8666
2026-09-08,15:29,KAUSHALYA,288.6908,3.2019,56.8177,-33.6477
2026-09-08,15:29,KAYNES,309.4661,3.5057,53.6339,-49.6619
2026-09-08,15:29,KDDL,9901.692,3.2499,44.0181,64.0957
2026-09-08,15:29,KECL,245.8368,2.9633,46.8807,-0.9566
2026-09-08,15:29,KEI,4484.4764,2.3892,35.0958,13.8539
2026-09-08,15:29,KENNAMET,11612.4416,2.903,36.1118,120.0818
2026-09-08,15:29,KERNEX,3267.0752,4.3398,63.2329,54.3122
2026-09-08,15:29,KHAITANLTD,384.1976,4.1727,53.2478,30.9288
2026-09-08,15:29,KICL,3322.2716,1.6869,32.6033,6.1954
2026-09-08,15:29,KILITCH,160.0048,3.0552,45.8391,4.3604
2026-09-08,15:29,KIMS,1060.187,1.9404,31.3527,0.7512
2026-09-08,15:29,KINGFA,11598.4892,1.9663,37.3936,28.03
2026-09-08,15:29,KIOCL,159.6947,2.1739,58.8872,-19.1726
2026-09-08,15:29,KIRIINDUS,800.334,2.5624,49.7553,0.5041
2026-09-08,15:29,KIRLOSBROS,2250.6104,2.1928,38.1172,-6.2949
2026-09-08,15:29,KIRLOSENG,7022.8468,3.3263,46.8772,156.4369
2026-09-08,15:29,KIRLOSIND,4312.0679,3.0756,41.5384,-5.8474
2026-09-08,15:29,KKCL,332.4131,1.8617,33.0896,-4.9109
2026-09-08,15:29,KMEW,8149.7028,3.8384,62.2113,173.7701
2026-09-08,15:29,KNAGRI,148.4075,2.4496,1.7e+308,1.7e+308
2026-09-08,15:29,KOLTEPATIL,429.7805,2.5925,34.6838,-4.9672
2026-09-08,15:29,KOPRAN,704.2072,3.2826,50.1108,34.4353
2026-09-08,15:29,KOTAKNIFTY,163.0436,0.6498,9.3393,29.8333
2026-09-08,15:29,KOTHARIPET,171.1679,2.6023,39.4318,-6.8255
2026-09-08,15:29,KOVAI,22257.7227,11.3582,116.1228,231.6498
2026-09-08,15:29,KPIL,1440.043,1.6773,29.3134,8.0151
2026-09-08,15:29,KPRMILL,1533.3794,2.5644,41.6812,12.2762
2026-09-08,15:29,KRBL,569.6294,2.4399,41.0266,-2.9385
2026-09-08,15:29,KRISHANA,554.6833,3.1181,45.7082,65.4135
2026-09-08,15:29,KRISHIVAL,507.6122,1.8726,37.4088,-8.6838
2026-09-08,15:29,KRISHNADEF,675.3689,3.2185,1.7e+308,1.7e+308
2026-09-08,15:29,KRN,6232.435,3.125,49.0591,95.1799
2026-09-08,15:29,KRONOX,322.4283,3.9226,50.3321,0.7311
2026-09-08,15:29,KRYSTAL,389.7794,1.7665,40.0986,3.3707
2026-09-08,15:29,KSB,852.4288,1.9187,30.8692,-0.651
2026-09-08,15:29,KSHINTL,5229.3045,3.7161,1.7e+308,1.7e+308
2026-09-08,15:29,KSL,1378.956,2.3106,35.7789,12.081
2026-09-08,15:29,KTKBANK,949.4859,1.9869,33.9921,86.7631
2026-09-08,15:29,LALPATHLAB,2995.4388,2.2238,30.0156,14.3874
2026-09-08,15:29,LAMBODHARA,173.0284,3.5862,54.084,-9.1564
2026-09-08,15:29,LANDMARK,510.7131,3.0964,46.7612,-22.0003
2026-09-08,15:29,LAURUSLABS,6305.3058,1.8087,29.7719,117.2758
2026-09-08,15:29,LAXMIINDIA,239.5731,3.3151,58.1798,-20.2271
2026-09-08,15:29,LENSKART,1598.8077,1.48,1.7e+308,1.7e+308
2026-09-08,15:29,LFIC,138.8568,2.4873,47.0741,-33.7838
2026-09-08,15:29,LGBBROSLTD,384.5077,1.5358,38.6292,30.0704
2026-09-08,15:29,LGEINDIA,1669.5072,1.7902,1.7e+308,1.7e+308
2026-09-08,15:29,LICHSGFIN,343.5762,1.712,25.3516,-0.723
2026-09-08,15:29,LIKHITHA,227.5417,2.6538,50.8304,-17.7152
2026-09-08,15:29,LINCOLN,1108.5604,2.7154,39.8806,15.4145
2026-09-08,15:29,LINDEINDIA,2815.5885,1.5147,27.5145,-0.9163
2026-09-08,15:29,LIQGRWBEES,175.8198,0.0109,0.1888,4.6642
2026-09-08,15:29,LIQUID1,199.4473,0.0119,0.2006,4.9829
2026-09-08,15:29,LIQUIDADD,198.9514,0.0116,0.1975,4.8705
2026-09-08,15:29,LIQUIDBETF,188.0371,0.0121,0.2094,4.7775
2026-09-08,15:29,LIQUIDPLUS,193.9905,0.0121,0.2039,4.9492
2026-09-08,15:29,LIQUIDSHRI,186.9204,0.011,0.1945,4.6861
2026-09-08,15:29,LLOYDSENGG,238.7668,3.3555,49.6807,29.0786
2026-09-08,15:29,LLOYDSME,4500.6008,1.9206,36.7932,38.7813
2026-09-08,15:29,LMW,25086.0251,1.8484,32.0189,24.5431
2026-09-08,15:29,LODHA,1825.171,2.4924,37.4502,3.7405
2026-09-08,15:29,LOKESHMACH,1196.0669,2.8283,52.1303,85.9811
2026-09-08,15:29,LOTUSDEV,301.0943,2.656,44.3171,7.8087
2026-09-08,15:29,LOYALTEX,194.9826,2.5054,51.7884,-22.4931
2026-09-08,15:29,LT,819.25,1.1788,25.0639,10.2324
2026-09-08,15:29,LTF,181.0906,2.0902,34.6989,31.2138
2026-09-08,15:29,LTFOODS,584.5137,1.7409,39.1326,-1.6314
2026-09-08,15:29,LUMAXIND,8963.9897,2.2684,51.2101,46.2292
2026-09-08,15:29,LUMAXTECH,4145.861,2.9507,54.4331,78.8987
2026-09-08,15:29,LUXIND,1363.142,2.6716,45.6799,-14.1117
2026-09-08,15:29,LXCHEM,281.8069,2.9122,43.8622,-16.3402
2026-09-08,15:29,MACPOWER,6186.8524,3.9581,53.8966,106.8429
2026-09-08,15:29,MAFANG,417.0047,1.8145,24.4093,41.197
2026-09-08,15:29,MAGADSUGAR,818.6292,2.4892,35.6937,-0.9922
2026-09-08,15:29,MAHABANK,151.0743,2.1081,35.4268,56.8733
2026-09-08,15:29,MAHASTEEL,3195.1348,3.0221,46.425,233.2645
2026-09-08,15:29,MAHESHWARI,176.3154,1.775,39.0845,18.5252
2026-09-08,15:29,MAHLOG,377.9959,1.9706,38.4125,22.0812
2026-09-08,15:29,MAHSCOOTER,682.191,1.8862,31.5114,-26.2084
2026-09-08,15:29,MAHSEAMLES,1075.3813,1.5522,24.8843,8.5826
2026-09-08,15:29,MAITHANALL,426.059,2.1943,38.2131,-4.5512
2026-09-08,15:29,MAMATA,279.6984,2.019,40.0831,-5.4
2026-09-08,15:29,MANAKSTEEL,266.6747,3.6042,54.4398,69.6975
2026-09-08,15:29,MANALIPETC,196.5951,3.2076,45.5299,28.0091
2026-09-08,15:29,MANAPPURAM,341.7157,2.1757,33.7356,11.6071
2026-09-08,15:29,MANCREDIT,308.4123,2.9491,36.5307,18.2742
2026-09-08,15:29,MANGLMCEM,1825.4811,1.8937,31.1461,46.6731
2026-09-08,15:29,MANINDS,3110.4812,3.0692,55.9534,100.5614
2026-09-08,15:29,MANKIND,1333.9942,1.58,25.4557,-10.49
2026-09-08,15:29,MANORAMA,4757.9721,2.9201,44.3099,57.5491
2026-09-08,15:29,MANORG,497.9994,3.5779,51.8159,-10.3582
2026-09-08,15:29,MANYAVAR,626.9954,2.3423,34.8887,-19.8465
2026-09-08,15:29,MARALOVER,169.2454,3.4634,50.7058,37.4321
2026-09-08,15:29,MARICO,640.3293,1.1086,18.3732,12.1639
2026-09-08,15:29,MARINE,1441.6558,3.3451,50.4946,111.6
2026-09-08,15:29,MARKOLINES,259.9768,1.7897,1.7e+308,1.7e+308
2026-09-08,15:29,MARKSANS,1040.8995,3.249,42.4893,94.2404
2026-09-08,15:29,MASPTOP50,161.1211,1.7668,22.7708,45.8578
2026-09-08,15:29,MAWANASUG,394.4924,3.0956,41.4363,54.0482
2026-09-08,15:29,MAXESTATES,1039.4113,2.7576,40.9589,21.6846
2026-09-08,15:29,MAYURUNIQ,1326.5513,2.8377,37.8807,42.9357
2026-09-08,15:29,MAZDA,493.4102,3.1408,45.2185,-1.0198
2026-09-08,15:29,MAZDOCK,445.9043,1.6423,33.9746,-15.67
2026-09-08,15:29,MBAPL,500.7282,2.8033,38.5913,96.1456
2026-09-08,15:29,MCX,6875.8652,2.2839,39.6767,116.2127
2026-09-08,15:29,MEDANTA,1913.2358,1.7735,29.2713,8.039
2026-09-08,15:29,MEESHO,282.8612,2.8793,1.7e+308,1.7e+308
2026-09-08,15:29,MEGASTAR,365.0342,2.7336,45.0612,26.2291
2026-09-08,15:29,MEIL,188.5329,2.3214,1.7e+308,-45.0766
2026-09-08,15:29,MENONBE,1106.8239,3.4939,45.7484,119.9259
2026-09-08,15:29,METROPOLIS,667.1209,2.0306,29.658,12.8842
2026-09-08,15:29,MGL,349.1573,1.7479,29.827,-15.3143
2026-09-08,15:29,MIDHANI,769.0154,2.8652,44.6227,19.0863
2026-09-08,15:29,MINDACORP,969.0214,1.9008,32.4293,38.448
2026-09-08,15:29,MMFL,1347.9473,2.3821,42.4471,88.0458
2026-09-08,15:29,MMP,1481.5949,3.0527,43.8122,73.0873
2026-09-08,15:29,MODEFENCE,155.1675,1.2503,25.0079,24.0054
2026-09-08,15:29,MODIS,330.2425,2.453,1.7e+308,1.7e+308
2026-09-08,15:29,MODISONLTD,2180.4066,4.5764,56.7506,210.059
2026-09-08,15:29,MOLDTECH,530.7446,3.4741,50.5398,36.5211
2026-09-08,15:29,MOLDTKPAC,975.8431,2.4789,39.1166,-15.428
2026-09-08,15:29,MON100,717.1068,1.3939,22.9723,66.4735
2026-09-08,15:29,MONARCH,658.3145,2.0409,33.8623,17.8946
2026-09-08,15:29,MONQ50,597.9095,2.8383,33.6917,117.5464
2026-09-08,15:29,MOREPENLAB,499.984,4.2003,54.7038,117.3655
2026-09-08,15:29,MOTHERSON,322.3043,2.0762,34.9624,56.5097
2026-09-08,15:29,MOTILALOFS,2042.5418,2.1878,39.8472,14.5425
2026-09-08,15:29,MPSLTD,5020.9267,3.2994,45.0136,26.1286
2026-09-08,15:29,MSTCLTD,2010.9131,3.7704,48.4997,47.6064
2026-09-08,15:29,MTARTECH,29230.646,4.528,61.2789,364.6708
2026-09-08,15:29,MUFIN,143.6322,1.563,37.9158,52.5758
2026-09-08,15:29,MUNJALAU,255.5736,3.5446,49.4463,23.2787
2026-09-08,15:29,MUTHOOTMF,173.9587,3.0488,44.1716,21.8314
2026-09-08,15:29,MVGJL,235.1698,3.278,42.1903,7.8293
2026-09-08,15:29,NACLIND,145.3687,3.5459,57.9005,-36.225
2026-09-08,15:29,NAHARCAP,162.4234,1.4972,30.7385,-10.3842
2026-09-08,15:29,NAHARINDUS,249.1237,2.7626,40.374,21.4582
2026-09-08,15:29,NAHARSPING,679.7723,2.2499,38.5214,28.68
2026-09-08,15:29,NAM-INDIA,1978.044,2.2022,38.7535,43.6303
2026-09-08,15:29,NATCAPSUQ,235.604,3.8598,59.6546,2.7442
2026-09-08,15:29,NAUKRI,231.3251,2.2291,30.7764,-5.0419
2026-09-08,15:29,NAVINFLUOR,17247.0298,2.1663,36.5273,82.2375
2026-09-08,15:29,NAVINIFTY,435.4239,1.9962,28.9111,43.3632
2026-09-08,15:29,NAZARA,528.3879,2.2363,41.4085,34.3545
2026-09-08,15:29,NDGL,1356.3195,2.3423,40.0841,-28.7548
2026-09-08,15:29,NDLVENTURE,213.3398,2.193,41.6058,44.9012
2026-09-08,15:29,NDRAUTO,258.3025,2.0034,40.917,-33.372
2026-09-08,15:29,NELCAST,149.3999,3.112,53.8255,-22.3635
2026-09-08,15:29,NELCO,2113.5518,3.349,46.304,14.1935
2026-09-08,15:29,NEOGEN,6057.8567,2.8448,49.1168,41.3696
2026-09-08,15:29,NEPHROPLUS,1381.4369,2.605,1.7e+308,1.7e+308
2026-09-08,15:29,NESTLEIND,731.8049,1.4534,20.8632,15.0214
2026-09-08,15:29,NETWEB,11050.2548,3.5828,59.9197,75.2015
2026-09-08,15:29,NEULANDLAB,64851.561,2.1965,39.9433,49.5109
2026-09-08,15:29,NEXT50,450.4322,0.8625,16.7277,7.8787
2026-09-08,15:29,NGLFINE,6767.9556,4.0216,57.4518,94.3726
2026-09-08,15:29,NH,592.2659,1.7437,30.5395,7.5441
2026-09-08,15:29,NIACL,351.8866,3.4464,46.5588,6.6078
2026-09-08,15:29,NIBE,1900.8323,3.4351,51.9694,9.9868
2026-09-08,15:29,NIFTY100EQLWGT,12168.7523,0.7379,14.8438,3.7117
2026-09-08,15:29,NIFTY100LIQ15,2274.1781,0.8733,15.805,4.7439
2026-09-08,15:29,NIFTY200ALPHA30,19896.4069,0.9196,18.7624,6.1318
2026-09-08,15:29,NIFTY200MOMENTM30,9653.9359,0.9146,18.14,0.6945
2026-09-08,15:29,NIFTY500,3068.6121,0.7008,13.9528,-0.3629
2026-09-08,15:29,NIFTY500MOMENTM50,38697.2868,0.9147,18.289,6.5854
2026-09-08,15:29,NIFTY500MULTICAP,5858.788,0.7181,14.4704,1.9971
2026-09-08,15:29,NIFTY50EQLWGT,1977.1185,0.6605,13.3104,0.4096
2026-09-08,15:29,NIFTYALPHA50,60069.3921,0.9327,18.9367,10.5626
2026-09-08,15:29,NIFTYALPHALOWVOL,4523.852,0.6163,12.9164,-1.0374
2026-09-08,15:29,NIFTYAUTO,9827.8874,1.0845,20.8412,3.3823
2026-09-08,15:29,NIFTYCAPITALMKT,6511.2028,1.1817,24.8134,26.0757
2026-09-08,15:29,NIFTYCHEMICALS,19077.1599,0.9366,1.7e+308,1.7e+308
2026-09-08,15:29,NIFTYCOMMODITIES,2143.0089,0.7552,15.8295,8.7091
2026-09-08,15:29,NIFTYCONSUMPTION,1845.9433,0.7721,14.4221,-6.5141
2026-09-08,15:29,NIFTYCONSURDURBL,30961.5408,1.1285,20.2182,-0.4933
2026-09-08,15:29,NIFTYEES,23597.5477,1.6253,39.3689,55.5137
2026-09-08,15:29,NIFTYGS10YR,332.5363,0.2001,3.4508,2.5375
2026-09-08,15:29,NIFTYGS1115YR,854.8479,0.221,3.9692,4.7629
2026-09-08,15:29,NIFTYGS15YRPLUS,327.5141,0.3128,5.3436,2.5453
2026-09-08,15:29,NIFTYGS48YR,703.5867,0.1583,2.5256,5.2991
2026-09-08,15:29,NIFTYGS813YR,475.6744,0.1889,3.2567,3.6782
2026-09-08,15:29,NIFTYGSCOMPSITE,521.07,0.1972,3.4085,3.8367
2026-09-08,15:29,NIFTYHEALTHCARE,17503.1604,0.787,13.5032,12.726
2026-09-08,15:29,NIFTYINDDEFENCE,13835.7658,1.2174,24.1158,24.2893
2026-09-08,15:29,NIFTYINDIAMFG,9602.4566,0.7402,15.2619,8.3463
2026-09-08,15:29,NIFTYINDTOURISM,1243.1363,1.1652,21.5139,-15.8451
2026-09-08,15:29,NIFTYLARGEMID250,3586.1543,0.7097,14.4258,1.6331
2026-09-08,15:29,NIFTYM150MOMNTM50,31967.7968,0.9,18.0345,4.8539
2026-09-08,15:29,NIFTYM150QLTY50,7536.0428,0.7614,15.4602,-2.5979
2026-09-08,15:29,NIFTYMEDIA,1118.7935,1.3966,22.0487,-4.9628
2026-09-08,15:29,NIFTYMETAL,11208.3976,1.1004,22.1726,33.1089
2026-09-08,15:29,NIFTYMICROCAP250,35611.6199,0.9805,19.545,12.4135
2026-09-08,15:29,NIFTYMIDCAP150,12702.0774,0.7779,15.9977,7.0605
2026-09-08,15:29,NIFTYMIDCAP50,10813.3457,0.7874,16.3784,10.1214
2026-09-08,15:29,NIFTYMIDLIQ15,13587.6902,0.9696,18.7719,12.2033
2026-09-08,15:29,NIFTYMIDSELECT,10247.1284,0.8554,17.7648,12.1493
2026-09-08,15:29,NIFTYMIDSMALLCAP400,15461.8623,0.7886,16.0968,7.3266
2026-09-08,15:29,NIFTYMIDSMLHLTH,71664.7744,0.807,14.2886,16.7338
2026-09-08,15:29,NIFTYMS400MQ100,40283.066,0.8197,17.1809,6.2902
2026-09-08,15:29,NIFTYMULTIINFRA,6110.57,0.7541,15.3386,3.1387
2026-09-08,15:29,NIFTYMULTIMFG,11456.4731,0.6996,15.1702,6.678
2026-09-08,15:29,NIFTYSMALLCAP250,19263.5209,0.8696,16.9874,8.0628
2026-09-08,15:29,NIFTYSMALLCAP50,12958.5259,0.913,18.193,16.3095
2026-09-08,15:29,NIFTYSML250MQ100,53411.8519,0.8886,17.7781,8.0154
2026-09-08,15:29,NIFTYTOTALMKT,2452.7869,0.705,14.0666,0.1735
2026-09-08,15:29,NILKAMAL,4572.5408,2.7726,35.2687,36.4958
2026-09-08,15:29,NINSYS,2337.4343,2.1303,44.1155,57.9815
2026-09-08,15:29,NIRAJISPAT,1164.0039,4.8999,76.4516,-6.4288
2026-09-08,15:29,NITINSPIN,2043.7823,2.5724,38.9271,97.6765
2026-09-08,15:29,NITIRAJ,341.7156,2.8272,42.246,8.9862
2026-09-08,15:29,NLCINDIA,163.4158,2.4845,36.9683,3.6196
2026-09-08,15:29,NOCIL,310.1489,2.9865,41.006,0.8721
2026-09-08,15:29,NORTHARC,341.0955,2.5441,39.5892,26.1464
2026-09-08,15:29,NOVARTIND,6749.9704,5.77,61.2825,220.2953
2026-09-08,15:29,NPST,3214.3604,3.2605,58.5855,-17.3488
2026-09-08,15:29,NRAIL,1290.5813,3.1147,53.9882,66.2624
2026-09-08,15:29,NRBBEARING,1467.9512,2.6308,39.7947,74.1729
2026-09-08,15:29,NRL,481.3788,2.4777,35.5109,81.4465
2026-09-08,15:29,NURECA,267.9151,3.1225,53.086,22.8707
2026-09-08,15:29,NUVAMA,3659.6447,2.348,36.2962,42.5002
2026-09-08,15:29,NYKAA,624.3288,1.659,28.0954,42.5764
2026-09-08,15:29,OAL,1533.0694,3.5607,48.0926,57.4585
2026-09-08,15:29,OBEROIRLTY,2370.9243,1.6595,27.0067,14.4766
2026-09-08,15:29,OCCLLTD,437.0363,3.7695,52.6021,18.5985
2026-09-08,15:29,OFSS,24965.0912,2.1805,33.5974,31.195
2026-09-08,15:29,OLECTRA,885.6076,2.361,43.9142,-26.2905
2026-09-08,15:29,OMAXAUTO,375.0811,4.5675,61.6854,18.4612
2026-09-08,15:29,OMAXE,341.5917,3.9932,55.0125,43.558
2026-09-08,15:29,ONESOURCE,2294.0226,2.0432,41.8439,-15.4805
2026-09-08,15:29,OPTIEMUS,1026.0772,2.9137,48.8872,-12.7294
2026-09-08,15:29,ORBTEXP,428.4159,4.1748,58.4384,27.0253
2026-09-08,15:29,ORCHPHARMA,1760.3628,2.9801,43.5015,35.8846
2026-09-08,15:29,ORIENTBELL,840.6453,3.0143,50.4616,33.0199
2026-09-08,15:29,ORIENTHOT,242.3638,3.6601,46.7878,-1.0978
2026-09-08,15:29,PAGEIND,19659.5054,1.6344,24.3031,-18.6155
2026-09-08,15:29,PAISALO,269.5895,2.91,44.3588,104.3112
2026-09-08,15:29,PANACEABIO,154.4232,3.8441,56.2406,-7.865
2026-09-08,15:29,PANACHE,1372.4443,2.8213,49.2512,95.6959
2026-09-08,15:29,PANAMAPET,1166.8567,4.066,50.5803,59.1141
2026-09-08,15:29,PAR,313.1257,4.3386,54.9981,30.1915
2026-09-08,15:29,PARACABLES,225.9293,4.3067,59.2295,46.3234
2026-09-08,15:29,PARADEEP,150.5161,2.3821,43.8959,-6.3694
2026-09-08,15:29,PARAS,5263.414,3.8917,50.8755,117.2625
2026-09-08,15:29,PARKHOSPS,816.0245,2.576,1.7e+308,1.7e+308
2026-09-08,15:29,PASUPTAC,137.9266,3.1054,53.7665,44.8112
2026-09-08,15:29,PAUSHAKLTD,1739.2771,3.1345,1.7e+308,1.7e+308
2026-09-08,15:29,PAYTM,3170.3275,2.517,38.8027,36.9975
2026-09-08,15:29,PCBL,417.6868,2.8186,46.5618,-14.4975
2026-09-08,15:29,PFOCUS,566.5286,3.2964,55.8714,65.7843
2026-09-08,15:29,PGHL,1848.1175,1.8422,24.853,-10.2587
2026-09-08,15:29,PGIL,4749.9103,2.7634,50.4983,76.9438
2026-09-08,15:29,PHOENIXLTD,1515.7046,1.6324,26.6973,20.8256
2026-09-08,15:29,PICCADIL,222.9525,2.7728,42.8567,-14.7801
2026-09-08,15:29,PIDILITIND,1049.3336,1.4038,21.8611,3.4785
2026-09-08,15:29,PIRAMALFIN,3458.7083,2.1761,1.7e+308,1.7e+308
2026-09-08,15:29,PITTIENG,2504.8816,2.3699,39.7108,27.5093
2026-09-08,15:29,PIXTRANS,2612.1712,2.6745,32.2265,20.7658
2026-09-08,15:29,PKTEA,1796.9532,3.5572,51.5275,28.3989
2026-09-08,15:29,PLASTIBLEN,259.1086,2.6251,34.7176,-2.4337
2026-09-08,15:29,PNBHOUSING,2243.4783,1.7956,32.1534,40.589
2026-09-08,15:29,PNGJL,489.9372,2.3137,34.3893,5.8184
2026-09-08,15:29,PODDARMENT,436.2302,2.8822,39.3933,7.4707
2026-09-08,15:29,POKARNA,528.388,2.1906,53.5306,-7.8271
2026-09-08,15:29,POLICYBZR,1283.1395,1.923,33.3298,1.2307
2026-09-08,15:29,POLYCAB,9640.5997,1.8604,30.5451,15.4249
2026-09-08,15:29,POLYMED,1397.8716,2.6637,43.2163,-14.4447
2026-09-08,15:29,POLYPLEX,1939.9032,2.3356,33.2437,13.384
2026-09-08,15:29,PONNIERODE,690.8734,2.6013,35.6158,24.8516
2026-09-08,15:29,POONAWALLA,405.2835,1.954,37.7838,3.5954
2026-09-08,15:29,POWERINDIA,80796.2261,2.698,44.5335,56.3709
2026-09-08,15:29,POWERMECH,2496.1998,2.1047,38.6532,-21.501
2026-09-08,15:29,PPAP,356.972,4.3076,58.0651,18.9524
2026-09-08,15:29,PPL,419.6714,2.9985,45.0818,-14.8649
2026-09-08,15:29,PPLPHARMA,464.4481,2.3607,34.2355,12.9317
2026-09-08,15:29,PRABHA,592.3899,2.738,45.491,5.809
2026-09-08,15:29,PRAJIND,330.5527,2.2591,40.589,-13.7457
2026-09-08,15:29,PRECOT,2131.537,3.4049,61.8674,48.6504
2026-09-08,15:29,PRECWIRE,1555.3336,3.8296,60.1547,163.4264
2026-09-08,15:29,PREMEXPLN,1216.1606,3.5724,54.9125,21.7352
2026-09-08,15:29,PREMIERENE,1844.0863,1.7291,34.502,-6.2926
2026-09-08,15:29,PREMIERPOL,253.8991,3.6478,57.9399,84.3648
2026-09-08,15:29,PRESTIGE,380.166,2.134,33.1216,0.7679
2026-09-08,15:29,PRICOLLTD,1178.95,2.412,38.9328,46.4055
2026-09-08,15:29,PRINCEPIPE,302.8308,2.1113,35.9421,-14.9047
2026-09-08,15:29,PRIVISCL,4107.4105,1.8651,34.8388,48.4384
2026-09-08,15:29,PRUDENT,5595.2066,2.29,37.2786,16.77
2026-09-08,15:29,PSPPROJECT,886.2283,2.8087,45.9032,11.8937
2026-09-08,15:29,PTCIL,35256.8733,2.6175,36.4545,67.5138
2026-09-08,15:29,PVP,213.0917,4.197,64.6114,110.5488
2026-09-08,15:29,PVRINOX,1694.0045,1.877,30.4626,9.859
2026-09-08,15:29,QPOWER,5144.9606,3.2605,55.715,60.9085
2026-09-08,15:29,QUADFUTURE,939.2531,3.9919,60.9116,-0.2714
2026-09-08,15:29,QUESS,790.6594,2.6858,36.7228,27.6716
2026-09-08,15:29,RACLGEAR,3360.1005,2.8715,56.7512,66.6793
2026-09-08,15:29,RADICO,10794.7436,1.6414,32.7352,56.2228
2026-09-08,15:29,RAIN,386.7403,3.5626,53.7817,57.1161
2026-09-08,15:29,RAINBOW,1894.6306,1.316,22.5098,-0.8751
2026-09-08,15:29,RAJRATAN,513.1937,2.185,48.7244,44.2299
2026-09-08,15:29,RAMCOSYS,801.2645,4.8734,64.8087,31.5659
2026-09-08,15:29,RAMRAT,1505.4716,3.3903,42.3868,48.8596
2026-09-08,15:29,RANEHOLDIN,2451.5468,2.8854,41.4239,12.584
2026-09-08,15:29,RATEGAIN,1446.5551,2.6284,44.1542,37.6686
2026-09-08,15:29,RATNAMANI,4125.395,2.8427,45.1409,17.9852
2026-09-08,15:29,RATNAVEER,924.4308,3.5308,49.803,105.0117
2026-09-08,15:29,RAYMOND,2878.2259,3.474,45.9603,39.5591
2026-09-08,15:29,RAYMONDREL,597.5374,3.9345,57.1938,-5.2614
2026-09-08,15:29,RBA,195.9749,2.9411,38.5216,17.6891
2026-09-08,15:29,RBLBANK,784.5197,1.8618,30.8781,53.5216
2026-09-08,15:29,RBZJEWEL,311.6373,3.617,50.7624,29.0915
2026-09-08,15:29,REDINGTON,664.2059,2.6121,50.352,53.2198
2026-09-08,15:29,REFEX,342.4599,2.5985,52.5578,-21.6113
2026-09-08,15:29,REGAAL,173.2765,3.0031,1.7e+308,-18.1895
2026-09-08,15:29,RELIGARE,179.5403,2.0156,38.5299,0.4934
2026-09-08,15:29,RGL,283.1713,3.3529,56.8291,26.5289
2026-09-08,15:29,RIIL,143.2603,1.6931,34.9457,-20.5379
2026-09-08,15:29,RISHABH,2561.3173,3.2888,52.2754,89.2753
2026-09-08,15:29,RITCO,507.4882,2.7785,42.1993,17.9882
2026-09-08,15:29,RKFORGE,1185.7719,2.2398,35.4355,21.6795
2026-09-08,15:29,RML,4104.3093,3.316,43.1782,63.616
2026-09-08,15:29,ROLEXRINGS,340.9095,2.975,44.6032,25.6676
2026-09-08,15:29,ROSSTECH,3344.9066,3.8459,61.4688,63.2927
2026-09-08,15:29,RPEL,5975.9934,3.197,50.3492,149.904
2026-09-08,15:29,RPGLIFE,5092.8667,2.8712,37.1406,17.7415
2026-09-08,15:29,RPSGVENT,716.9206,2.3587,47.6927,-5.2519
2026-09-08,15:29,RPTECH,2814.3482,3.3876,43.8846,171.8345
2026-09-08,15:29,RRKABEL,6646.401,2.9569,38.8944,96.7931
2026-09-08,15:29,RSWM,527.2717,2.6181,41.3268,41.0625
2026-09-08,15:29,RUBICON,7328.282,3.3456,1.7e+308,1.7e+308
2026-09-08,15:29,RUBYMILLS,1589.6911,3.8365,52.3654,97.7515
2026-09-08,15:29,RVTH,685.2919,3.0126,47.0381,-14.7559
2026-09-08,15:29,S&SPOWER,570.5598,3.0751,54.6731,-21.0224
2026-09-08,15:29,SAATVIKGL,194.1145,2.2676,1.7e+308,1.7e+308
2026-09-08,15:29,SAHYADRI,892.9881,2.9888,41.8798,40.6547
2026-09-08,15:29,SAIL,232.3791,2.3807,35.8962,40.7077
2026-09-08,15:29,SAILIFE,5009.4528,1.9762,34.3563,88.7361
2026-09-08,15:29,SAKAR,4793.9423,3.7889,53.867,246.3506
2026-09-08,15:29,SALSTEEL,264.318,3.228,58.0314,151.8343
2026-09-08,15:29,SAMBHV,258.7365,2.5655,44.0616,7.2071
2026-09-08,15:29,SANATHAN,177.6797,2.1442,32.7655,-8.8885
2026-09-08,15:29,SANDESH,333.033,2.6514,33.3189,-12.6122
2026-09-08,15:29,SANDHAR,813.9778,2.9282,44.3582,35.3246
2026-09-08,15:29,SANGAMIND,814.288,2.2244,36.2764,43.867
2026-09-08,15:29,SANGHVIMOV,886.2283,3.0574,51.2817,21.4591
2026-09-08,15:29,SANGINITA,315.9785,2.5238,48.0714,521.486
2026-09-08,15:29,SANSERA,14477.3351,2.6984,41.0823,185.2617
2026-09-08,15:29,SAPPHIRE,238.0847,3.1982,45.6463,-31.0797
2026-09-08,15:29,SARDAEN,293.6521,1.7137,33.7003,-11.8749
2026-09-08,15:29,SAREGAMA,991.0376,3.0512,41.5914,0.8828
2026-09-08,15:29,SASKEN,3815.3089,4.1684,54.8217,26.9298
2026-09-08,15:29,SATIN,393.6242,2.7034,33.4657,47.1516
2026-09-08,15:29,SBCL,4246.949,4.2012,54.6464,113.6684
2026-09-08,15:29,SBILIQETF,153.0592,0.0122,0.7366,4.927
2026-09-08,15:29,SCHAEFFLER,2201.6165,1.4934,28.5273,0.0329
2026-09-08,15:29,SCHNEIDER,3277.6175,3.6406,48.8763,41.1906
2026-09-08,15:29,SCI,466.1226,2.32,45.8616,34.7159
2026-09-08,15:29,SCPL,2217.7411,3.9089,56.2704,165.2939
2026-09-08,15:29,SEAMECLTD,3203.197,2.4018,36.8554,91.7599
2026-09-08,15:29,SECMARK,218.5492,3.362,63.4698,9.1329
2026-09-08,15:29,SEMAC,291.5437,3.482,54.844,-44.9779
2026-09-08,15:29,SENCO,342.646,2.9863,42.1149,-3.3778
2026-09-08,15:29,SENORES,4486.9569,2.9687,40.7875,118.8433
2026-09-08,15:29,SETFNN50,385.934,0.8542,16.1582,7.739
2026-09-08,15:29,SETL,1782.2551,3.5178,50.6187,120.8572
2026-09-08,15:29,SFL,931.8109,2.6628,39.4484,-8.3147
2026-09-08,15:29,SGFIN,2132.7774,2.555,41.9043,79.851
2026-09-08,15:29,SGIL,408.3842,2.5881,40.7183,2.9206
2026-09-08,15:29,SGMART,2856.52,2.6469,1.7e+308,126.0542
2026-09-08,15:29,SHADOWFAX,871.8402,3.2101,1.7e+308,1.7e+308
2026-09-08,15:29,SHAHALLOYS,217.6189,3.3763,52.4945,43.4982
2026-09-08,15:29,SHAILY,9105.3903,3.0675,52.3955,51.5184
2026-09-08,15:29,SHANKARA,278.3339,1.7542,47.3598,-38.8188
2026-09-08,15:29,SHANTIGEAR,1574.9311,3.324,41.4143,25.9279
2026-09-08,15:29,SHANTIGOLD,427.4238,2.7825,46.2373,18.179
2026-09-08,15:29,SHARDAMOTR,278.1477,1.9679,36.2574,-14.4332
2026-09-08,15:29,SHAREINDIA,207.262,2.909,50.911,17.2142
2026-09-08,15:29,SHEMAROO,182.021,2.6686,44.934,13.6702
2026-09-08,15:29,SHILCTECH,6427.4793,3.1825,1.7e+308,1.7e+308
2026-09-08,15:29,SHILPAMED,4166.3268,2.9373,41.0679,131.972
2026-09-08,15:29,SHIVAUM,857.0801,2.8146,1.7e+308,1.7e+308
2026-09-08,15:29,SHOPERSTOP,178.2999,2.6262,38.161,-28.6089
2026-09-08,15:29,SHREEJISPG,2276.9678,2.3987,1.7e+308,173.4286
2026-09-08,15:29,SHREEPUSHK,991.9677,2.9824,53.6606,53.8844
2026-09-08,15:29,SHRIPISTON,11047.7747,2.0006,38.7111,71.4584
2026-09-08,15:29,SHRIRAMFIN,194.7347,2.0266,35.4753,62.5978
2026-09-08,15:29,SHYAMMETL,1449.656,1.8429,28.5945,17.8861
2026-09-08,15:29,SICAGEN,230.3325,12.8808,137.1379,258.1424
2026-09-08,15:29,SIEMENS,6012.5838,1.8001,30.6236,23.401
2026-09-08,15:29,SIGIND,142.0198,3.1951,45.6939,28.3144
2026-09-08,15:29,SIGMAADV,3772.3926,3.6031,57.6229,394.1188
2026-09-08,15:29,SIGNPOST,342.4598,3.3689,48.5194,-9.2764
2026-09-08,15:29,SILINV,169.3073,1.7017,30.9919,-20.5703
2026-09-08,15:29,SIMPLEXINF,216.3786,3.2905,54.9894,-12.8934
2026-09-08,15:29,SIS,543.8924,2.0361,29.6271,22.8108
2026-09-08,15:29,SIYSIL,245.5886,2.2242,39.8937,-17.6746
2026-09-08,15:29,SJS,3976.554,2.0676,37.7085,63.3079
2026-09-08,15:29,SKFINDUS,2269.8356,2.2445,1.7e+308,1.7e+308
2026-09-08,15:29,SKIPPER,1506.712,2.6126,39.9819,13.3671
2026-09-08,15:29,SKMEGGPROD,417.749,4.1238,57.5791,48.8543
2026-09-08,15:29,SKYGOLD,3168.1572,3.4265,50.6456,190.5226
2026-09-08,15:29,SMARTLINK,508.9765,3.6644,46.4815,39.427
2026-09-08,15:29,SMARTWORKS,610.5611,2.0598,35.5304,7.0716
2026-09-08,15:29,SMLMAH,17423.1586,4.008,59.692,68.9683
2026-09-08,15:29,SMSPHARMA,499.86,2.4558,48.2116,37.0378
2026-09-08,15:29,SOFTTECH,1016.1546,2.2092,42.9362,12.7268
2026-09-08,15:29,SOLARA,1197.2452,3.2959,45.9705,3.5791
2026-09-08,15:29,SOLARINDS,57409.4769,2.0587,32.9591,55.905
2026-09-08,15:29,SOMANYCERA,935.222,2.2905,36.6241,15.8789
2026-09-08,15:29,SONACOMS,1948.8958,1.8251,31.3849,87.7189
2026-09-08,15:29,SONAMLTD,203.2929,3.2381,46.6593,47.5076
2026-09-08,15:29,SOTL,2124.4048,4.1073,48.4402,67.4696
2026-09-08,15:29,SOUTHWEST,188.7189,3.1417,54.1462,65.6576
2026-09-08,15:29,SPAL,2288.1308,3.6162,50.1248,41.0191
2026-09-08,15:29,SPARC,432.075,3.8727,56.8708,42.0475
2026-09-08,15:29,SPECIALITY,176.2533,2.9808,46.2201,7.8349
2026-09-08,15:29,SPECTRUM,8273.1176,3.8436,56.0527,83.6346
2026-09-08,15:29,SPLPETRO,1532.1394,2.0951,40.5357,5.0736
2026-09-08,15:29,SPORTKING,772.7985,3.2832,47.7408,97.1651
2026-09-08,15:29,SREEL,445.2847,2.275,29.8834,22.7154
2026-09-08,15:29,SRHHYPOLTD,542.342,1.9512,32.1708,-12.4834
2026-09-08,15:29,SRM,164.966,2.2026,45.5123,-5.6868
2026-09-08,15:29,SSWL,1034.6978,2.7249,40.7611,53.2868
2026-09-08,15:29,STALLION,229.2782,4.068,74.5165,3.4823
2026-09-08,15:29,STAR,2014.6344,2.3744,38.9424,30.5194
2026-09-08,15:29,STARHEALTH,623.8946,1.3578,23.5362,29.0403
2026-09-08,15:29,STEELCAS,759.8988,2.3535,44.7163,56.1573
2026-09-08,15:29,STEL,1155.6939,2.7167,50.8294,14.3781
2026-09-08,15:29,STLTECH,4411.6675,3.5134,62.9312,589.1452
2026-09-08,15:29,STOVEKRAFT,2244.4087,2.3421,43.8629,24.7882
2026-09-08,15:29,STYL,879.2202,2.9168,1.7e+308,1.7e+308
2026-09-08,15:29,STYLAMIND,7197.7347,2.5266,36.0002,94.0396
2026-09-08,15:29,STYLEBAAZA,438.7729,3.565,56.8439,4.6191
2026-09-08,15:29,STYRENIX,1269.4952,1.9141,31.0858,-18.5229
2026-09-08,15:29,SUDARSCHEM,2030.7584,2.8277,39.8826,-10.7988
2026-09-08,15:29,SUDEEPPHRM,4653.1626,2.9624,1.7e+308,1.7e+308
2026-09-08,15:29,SUMICHEM,430.7107,2.8304,35.9759,-12.2589
2026-09-08,15:29,SUNCLAY,354.119,1.9406,36.6075,-25.5469
2026-09-08,15:29,SUNDRMBRAK,987.9366,3.1082,44.0043,-4.2523
2026-09-08,15:29,SUNDRMFAST,2004.4014,1.7221,26.9412,22.5825
2026-09-08,15:29,SUNDROP,285.8999,1.6175,28.0576,-20.0994
2026-09-08,15:29,SUNFLAG,611.057,3.2165,43.3853,28.509
2026-09-08,15:29,SUNPHARMA,1710.4393,1.2796,19.5227,16.6584
2026-09-08,15:29,SUPRAJIT,233.4954,1.6985,31.7539,6.9124
2026-09-08,15:29,SUPREMEIND,409.9354,1.6016,26.8278,-21.6141
2026-09-08,15:29,SUPRIYA,1528.4181,3.8669,47.2326,41.3913
2026-09-08,15:29,SURAKSHA,433.5014,2.4855,34.0561,9.6036
2026-09-08,15:29,SUVEN,1430.1825,4.2798,58.8135,64.6708
2026-09-08,15:29,SUYOG,1055.2257,2.2935,45.1404,-8.979
2026-09-08,15:29,SVLL,973.0526,3.3309,44.4912,5.1511
2026-09-08,15:29,SWANDEF,4126.6358,1.9908,1533.8553,374.4986
2026-09-08,15:29,SWARAJENG,1012.1246,1.1371,25.5452,-15.6993
2026-09-08,15:29,SWELECTES,392.2598,2.269,45.817,-35.6411
2026-09-08,15:29,SYRMA,5407.604,2.6089,43.9341,98.6067
2026-09-08,15:29,TAINWALCHM,248.5035,2.9388,53.2843,0.3307
2026-09-08,15:29,TALBROAUTO,1042.2019,2.56,40.4614,42.0436
2026-09-08,15:29,TARIL,371.9801,2.7023,59.343,-40.3493
2026-09-08,15:29,TARSONS,797.9154,3.9402,50.7886,3.8984
2026-09-08,15:29,TASTYBITE,18583.5041,2.5401,35.2416,5.7529
2026-09-08,15:29,TATACAP,186.9823,1.6514,1.7e+308,1.7e+308
2026-09-08,15:29,TATACOMM,917.237,2.0821,33.9132,8.5998
2026-09-08,15:29,TATATECH,991.0375,2.5053,32.9232,13.7302
2026-09-08,15:29,TATVA,3659.0247,3.2616,52.4469,65.1464
2026-09-08,15:29,TBOTEK,1927.5001,2.239,40.0863,8.9921
2026-09-08,15:29,TBZ,2487.3305,5.1757,63.0359,197.1902
2026-09-08,15:29,TCIEXP,145.7408,3.0917,40.5105,-22.0988
2026-09-08,15:29,TCPLPACK,7858.2197,3.3835,44.2117,14.3249
2026-09-08,15:29,TDPOWERSYS,180.4704,6.2912,72.5495,39.3637
2026-09-08,15:29,TEJASNET,1607.18,3.3543,58.349,-0.4555
2026-09-08,15:29,TEXINFRA,155.0434,1.6344,25.733,26.3607
2026-09-08,15:29,TFCILTD,482.185,2.6119,49.9475,93.3708
2026-09-08,15:29,THANGAMAYL,13598.5478,3.8556,59.9431,145.393
2026-09-08,15:29,THEJO,2436.0425,2.108,32.0973,13.5885
2026-09-08,15:29,THELEELA,725.9132,1.9946,30.9139,29.2898
2026-09-08,15:29,THEMISMED,330.3045,3.6645,58.0036,8.2296
2026-09-08,15:29,THERMAX,4610.372,2.6422,35.22,9.6059
2026-09-08,15:29,THYROCARE,1050.5744,2.5716,40.6464,39.6053
2026-09-08,15:29,TI,793.5121,1.8777,34.6424,15.1396
2026-09-08,15:29,TIIL,7337.8946,2.3016,40.0707,26.4595
2026-09-08,15:29,TIINDIA,1886.568,2.0835,34.6849,-18.3368
2026-09-08,15:29,TIMKEN,424.819,1.6184,27.5185,2.4125
2026-09-08,15:29,TINNARUBR,2493.0982,3.424,48.8874,24.7933
2026-09-08,15:29,TIPSMUSIC,750.7205,2.7554,37.9726,7.6897
2026-09-08,15:29,TIRUPATIFL,232.193,3.6695,58.119,81.1174
2026-09-08,15:29,TITAGARH,591.6455,2.3578,36.4458,-5.035
2026-09-08,15:29,TITAN,6212.2794,1.4708,23.0494,39.6176
2026-09-08,15:29,TMB,2082.2331,2.5723,37.7032,114.537
2026-09-08,15:29,TNPETRO,273.0624,2.2559,37.9147,38.736
2026-09-08,15:29,TNPL,192.8741,1.9688,31.1098,0.3045
2026-09-08,15:29,TORNTPHARM,5971.6517,1.5435,21.8187,39.0836
2026-09-08,15:29,TRAVELFOOD,1412.7559,2.0756,31.6204,1.2268
2026-09-08,15:29,TRENT,1907.6548,2.0801,32.9573,-18.3158
2026-09-08,15:29,TRITURBINE,497.9994,2.9556,36.761,9.2072
2026-09-08,15:29,TRUALT,232.8753,2.1185,1.7e+308,1.7e+308
2026-09-08,15:29,TTKHLTCARE,1403.4529,2.1333,29.4789,0.2103
2026-09-08,15:29,TVSMOTOR,3345.2177,1.7686,27.3596,18.3484
2026-09-08,15:29,TVSSCS,192.1919,2.6521,40.4426,-3.7158
2026-09-08,15:29,TVSSRICHAK,8908.174,2.6937,42.0648,84.3541
2026-09-08,15:29,UCAL,251.7905,2.9815,45.5486,7.1668
2026-09-08,15:29,UDS,393.8103,2.3705,43.6983,-14.4415
2026-09-08,15:29,UEL,586.0021,4.4443,75.2513,102.517
2026-09-08,15:29,UFBL,3101.8605,4.5407,64.9569,180.039
2026-09-08,15:29,UFLEX,1417.4069,3.072,41.2799,23.6496
2026-09-08,15:29,UNICHEMLAB,1117.5528,4.0579,49.3845,9.7156
2026-09-08,15:29,UNIDT,313.0017,2.0324,37.2912,16.3817
2026-09-08,15:29,UNIMECH,4749.2899,3.3293,47.4306,51.3092
2026-09-08,15:29,UNIPARTS,2875.4352,2.4321,42.6281,118.1995
2026-09-08,15:29,UNITDSPR,651.1824,1.4578,23.7685,9.9488
2026-09-08,15:29,UNIVASTU,644.3604,2.9065,44.2376,93.4609
2026-09-08,15:29,UNIVCABLES,5038.6007,4.4344,58.7823,112.2355
2026-09-08,15:29,UNIVPHOTO,2151.8785,2.5705,52.2509,106.7304
2026-09-08,15:29,UNOMINDA,569.9398,1.8024,32.277,-3.4348
2026-09-08,15:29,URBANCO,316.5366,2.8589,1.7e+308,1.7e+308
2026-09-08,15:29,USHAMART,564.9783,1.8628,33.794,29.0768
2026-09-08,15:29,UTLSOLAR,1441.5318,3.2221,1.7e+308,1.7e+308
2026-09-08,15:29,UTTAMSUGAR,466.8047,2.8125,41.981,9.0857
2026-09-08,15:29,VADILALIND,19995.02,2.4722,38.1773,34.4126
2026-09-08,15:29,VALIANTLAB,350.026,2.9191,50.0681,31.5165
2026-09-08,15:29,VALIANTORG,622.5923,3.0374,53.4896,-6.1661
2026-09-08,15:29,VARROC,1722.5324,2.2313,35.7447,41.2102
2026-09-08,15:29,VEDL,216.9367,2.4729,36.3015,66.7382
2026-09-08,15:29,VEEDOL,229.4643,1.3172,25.433,-18.6118
2026-09-08,15:29,VENKEYS,1222.9822,2.197,37.9565,14.3603
2026-09-08,15:29,VENUSPIPES,5723.583,2.7796,43.954,45.439
2026-09-08,15:29,VENUSREM,5037.9807,3.3801,54.0358,259.0809
2026-09-08,15:29,VERANDA,224.5648,3.5631,52.9126,2.7505
2026-09-08,15:29,VETO,165.0282,2.4586,36.5411,12.051
2026-09-08,15:29,VHL,2358.5193,1.6041,32.0993,-8.5451
2026-09-08,15:29,VIDHIING,269.1555,2.1867,35.9416,-5.0732
2026-09-08,15:29,VIDYAWIRES,276.4734,3.306,1.7e+308,1.7e+308
2026-09-08,15:29,VIJAYA,3237.6166,2.3962,31.8445,44.2834
2026-09-08,15:29,VIMTALABS,1134.6076,2.7488,51.0155,-19.4543
2026-09-08,15:29,VINCOFE,178.672,2.6723,39.9594,18.4511
2026-09-08,15:29,VINDHYATEL,9902.9328,4.5999,58.0135,87.6604
2026-09-08,15:29,VISAKAIND,189.7112,2.7084,37.8826,13.4227
2026-09-08,15:29,VISHNU,1436.0121,1.9881,32.2296,47.6686
2026-09-08,15:29,VIYASH,373.8408,2.7641,43.1493,43.5264
2026-09-08,15:29,VMART,1361.5916,2.0522,40.4184,11.8852
2026-09-08,15:29,VOLTAMP,25073.6216,3.0001,40.0301,55.8985
2026-09-08,15:29,VSSL,649.942,2.3147,35.3626,29.7671
2026-09-08,15:29,VTL,819.8697,1.901,35.995,35.9386
2026-09-08,15:29,WABAG,5819.0899,2.8772,40.1508,31.3624
2026-09-08,15:29,WALCHANNAG,214.9522,3.6986,58.483,2.4838
2026-09-08,15:29,WANBURY,242.798,3.1852,53.0164,-4.804
2026-09-08,15:29,WELCORP,11553.2155,2.7492,39.785,195.4817
2026-09-08,15:29,WELENT,2038.2007,2.2457,37.2994,64.1729
2026-09-08,15:29,WELINV,6813.8478,2.9001,54.6113,132.07
2026-09-08,15:29,WELSPUNLIV,524.6669,2.4451,46.5266,71.6941
2026-09-08,15:29,WENDT,10034.41,2.4346,34.6836,-12.7429
2026-09-08,15:29,WESTLIFE,356.9099,2.727,39.4267,-27.7759
2026-09-08,15:29,WEWORK,546.3729,2.7962,1.7e+308,1.7e+308
2026-09-08,15:29,WHEELS,8289.8608,3.9479,48.7175,183.6329
2026-09-08,15:29,WHIRLPOOL,188.2226,1.9847,36.22,-40.4366
2026-09-08,15:29,WINDLAS,1954.4771,2.4233,35.414,15.3831
2026-09-08,15:29,WINDMACHIN,317.529,2.616,41.8554,1.7649
2026-09-08,15:29,WOCKPHARMA,5396.751,3.2817,51.9044,46.5086
2026-09-08,15:29,WONDERLA,172.0984,1.6474,29.1327,-19.7834
2026-09-08,15:29,WSTCSTPAPR,1799.4341,2.3558,38.6079,38.6102
2026-09-08,15:29,XPROINDIA,2759.7725,3.5466,50.8154,12.408
2026-09-08,15:29,YASHO,17893.2505,4.3516,59.8,130.7375
2026-09-08,15:29,YATHARTH,2231.0748,2.0228,37.8846,25.9202
2026-09-08,15:29,YUKEN,1543.302,2.256,37.1065,2.3079
2026-09-08,15:29,ZENTEC,3030.7884,2.6511,38.3521,23.186
2026-09-08,15:29,ZIMLAB,352.7548,3.0443,50.7153,69.9355
2026-09-08,15:29,ZYDUSLIFE,1658.3446,1.6872,23.6593,9.6435
2026-09-08,15:29,ZYDUSWELL,731.4949,2.3288,40.1142,10.002
2026-09-09,15:29,20MICRONS,282.241,2.6854,41.7092,-3.7603
2026-09-09,15:29,63MOONS,1460.199,3.0442,52.0137,-8.1298
2026-09-09,15:29,AAREYDRUGS,221.34,2.4712,51.3964,36.194
2026-09-09,15:29,AARTIDRUGS,262.3336,1.7423,32.0122,-16.9136
2026-09-09,15:29,AARTIIND,778.318,2.4088,37.238,27.4268
2026-09-09,15:29,AARTIPHARM,575.8315,3.2164,44.5691,-10.4388
2026-09-09,15:29,AARTISURF,638.7787,3.7152,51.0416,7.1264
2026-09-09,15:29,ABB,12183.3118,2.005,29.6748,41.0186
2026-09-09,15:29,ABCAPITAL,439.0829,1.9695,32.0388,37.2213
2026-09-09,15:29,ABDL,699.8662,2.343,40.7133,10.711
2026-09-09,15:29,ABREL,644.9806,2.2833,38.7705,-25.5523
2026-09-09,15:29,ABSLAMC,1902.6928,2.2814,36.5906,25.8927
2026-09-09,15:29,ACE,1486.5564,2.1886,35.5447,0.7239
2026-09-09,15:29,ACMESOLAR,1116.0646,2.2271,38.208,25.9724
2026-09-09,15:29,ACUTAAS,8784.7601,2.6036,44.4831,124.7972
2026-09-09,15:29,ADANIENSOL,3581.8134,2.356,40.2477,71.5026
2026-09-09,15:29,ADANIENT,7205.7973,2.1672,35.9653,29.7951
2026-09-09,15:29,ADANIGREEN,3151.7227,2.335,43.7066,33.9513
2026-09-09,15:29,ADANIPORTS,2667.3668,1.636,28.9865,27.4137
2026-09-09,15:29,ADANIPOWER,508.8524,2.1688,43.5187,65.6773
2026-09-09,15:29,ADFFOODS,655.8957,2.6879,47.9774,20.8252
2026-09-09,15:29,ADOR,3534.9899,2.377,38.0207,65.5937
2026-09-09,15:29,ADVAIT,3998.8794,3.0319,1.7e+308,1.7e+308
2026-09-09,15:29,ADVENZYMES,170.5478,2.5733,38.7267,-11.5737
2026-09-09,15:29,AEGISLOG,3997.6397,3.5508,47.527,91.2994
2026-09-09,15:29,AEGISVOPAK,390.8334,3.1175,47.1741,20.4622
2026-09-09,15:29,AEQUS,596.111,3.8211,1.7e+308,1.7e+308
2026-09-09,15:29,AEROENTER,406.1517,3.5117,52.9566,66.0472
2026-09-09,15:29,AEROFLEX,2387.6068,4.4561,58.8407,219.0165
2026-09-09,15:29,AETHER,3754.5316,2.2982,38.7178,119.6632
2026-09-09,15:29,AGARWALEYE,438.1529,1.7368,27.8823,18.4732
2026-09-09,15:29,AGI,1170.5778,2.8672,42.3164,-5.0903
2026-09-09,15:29,AGIIL,211.4793,2.8019,53.285,21.6286
2026-09-09,15:29,AHLWEST,2240.9976,3.5768,53.1842,119.5278
2026-09-09,15:29,AIAENG,1089.6464,1.7785,30.0965,35.1112
2026-09-09,15:29,AJANTPHARM,4511.1427,1.7373,25.7492,37.04
2026-09-09,15:29,AJAXENGG,319.0794,2.2469,37.3745,-11.199
2026-09-09,15:29,AKSHARCHEM,1267.9451,3.5278,49.4048,58.6054
2026-09-09,15:29,AKUMS,1835.4039,2.1524,32.5641,60.4113
2026-09-09,15:29,ALBERTDAVD,989.797,2.2931,32.3345,5.8886
2026-09-09,15:29,ALICON,326.2116,2.1686,39.4938,-15.3974
2026-09-09,15:29,ALIVUS,3010.0128,2.0949,30.3421,49.4396
2026-09-09,15:29,ALKYLAMINE,2474.493,2.9198,40.2912,-4.245
2026-09-09,15:29,ALPHAGEO,698.7497,3.9495,53.0795,22.7017
2026-09-09,15:29,AMAGI,1343.2962,3.2758,1.7e+308,1.7e+308
2026-09-09,15:29,AMANTA,639.275,2.8486,1.7e+308,47.201
2026-09-09,15:29,AMBER,7547.5136,2.4906,39.9915,-9.1482
2026-09-09,15:29,AMBIKCO,2360.3808,2.2904,34.8613,7.1561
2026-09-09,15:29,ANANDRATHI,4538.7416,1.1561,21.8909,46.4916
2026-09-09,15:29,ANANTRAJ,511.9533,2.7422,46.1232,15.0572
2026-09-09,15:29,ANDHRSUGAR,176.5635,3.0737,38.0581,29.3503
2026-09-09,15:29,ANGELONE,420.1676,2.1443,42.0163,34.5678
2026-09-09,15:29,ANTELOPUS,3966.0106,3.9397,68.0772,112.0207
2026-09-09,15:29,ANTHEM,2202.2369,1.6834,29.7212,13.1314
2026-09-09,15:29,ANUHPHR,139.8491,2.2012,35.2495,9.7447
2026-09-09,15:29,AONELIQUID,190.0213,0.0119,0.205,4.9446
2026-09-09,15:29,APARINDS,58218.8035,2.9079,45.9278,102.1784
2026-09-09,15:29,APCOTEXIND,1551.6746,3.4076,42.9632,47.3779
2026-09-09,15:29,APEX,529.0081,2.9449,67.1798,60.1439
2026-09-09,15:29,APLAPOLLO,738.6275,1.6571,26.8798,27.2823
2026-09-09,15:29,APLLTD,193.8043,1.6865,27.0805,-13.6397
2026-09-09,15:29,APOLLO,1081.893,3.3167,58.7958,31.0532
2026-09-09,15:29,APOLLOHOSP,12521.3065,1.0873,18.1092,13.8739
2026-09-09,15:29,APOLLOPIPE,1967.5008,2.9095,48.134,48.1405
2026-09-09,15:29,ARIES,1060.1868,2.6955,43.9418,16.0401
2026-09-09,15:29,ARIHANT,5263.724,217.8158,2177.1041,3211.5673
2026-09-09,15:29,ARMANFIN,3221.8022,2.7508,41.5058,42.355
2026-09-09,15:29,ARROWGREEN,2282.8593,3.0251,52.2107,41.7601
2026-09-09,15:29,ARTEMISMED,668.4231,2.2269,35.8862,48.1497
2026-09-09,15:29,ARVEE,311.8853,3.4101,67.1799,31.218
2026-09-09,15:29,ARVIND,1491.8277,2.6195,40.1648,74.6634
2026-09-09,15:29,ARVSMART,451.7964,1.9227,33.4775,-2.9192
2026-09-09,15:29,ASAHISONG,1060.0008,3.1561,50.128,35.83
2026-09-09,15:29,ASHIANA,389.7792,1.9906,31.9716,11.3557
2026-09-09,15:29,ASIANENE,1777.7278,3.371,50.5282,50.6541
2026-09-09,15:29,ASIANHOTNR,644.6706,2.9743,47.1371,26.2484
2026-09-09,15:29,ASIANPAINT,818.6292,1.2498,24.2038,-2.2503
2026-09-09,15:29,ASKAUTOLTD,1176.7795,2.7655,37.2508,21.619
2026-09-09,15:29,ASPINWALL,240.6894,2.1716,41.214,-6.1274
2026-09-09,15:29,ASTEC,1187.6326,3.5476,61.4921,-10.5285
2026-09-09,15:29,ASTERDM,1302.0543,1.6743,29.2738,23.4633
2026-09-09,15:29,ASTRAMICRO,4668.6673,2.81,42.1737,57.1139
2026-09-09,15:29,ATGL,585.4437,2.4037,47.5208,1.1063
2026-09-09,15:29,ATHERENERG,5916.4568,3.0853,50.3778,191.2174
2026-09-09,15:29,ATLANTAELE,7022.8464,3.4352,1.7e+308,1.7e+308
2026-09-09,15:29,ATUL,1398.4916,1.4759,25.3952,-2.6674
2026-09-09,15:29,ATULAUTO,368.3831,2.3526,47.1998,-13.0741
2026-09-09,15:29,AUBANK,501.7207,1.6462,29.5655,50.0743
2026-09-09,15:29,AUROPHARMA,3267.0752,1.6531,26.5997,55.2357
2026-09-09,15:29,AURUM,266.4886,1.9752,35.8232,28.8071
2026-09-09,15:29,AUSOMENT,260.9691,2.4707,51.6395,50.0779
2026-09-09,15:29,AVADHSUGAR,3014.3541,2.9805,43.4207,84.517
2026-09-09,15:29,AVALON,8820.7308,3.6192,53.9785,136.6732
2026-09-09,15:29,AVANTIFEED,168.0673,2.3939,55.9367,12.8881
2026-09-09,15:29,AVG,138.0507,3.0923,55.8141,-24.0285
2026-09-09,15:29,AVL,774.9069,1.8016,32.5348,25.9042
2026-09-09,15:29,AVTNPL,166.5787,2.3857,33.5978,21.2702
2026-09-09,15:29,AXISCADES,4356.0993,2.6817,48.6967,18.7979
2026-09-09,15:29,AYMSYNTEX,968.4631,3.2604,46.1461,66.6399
2026-09-09,15:29,AZAD,8363.662,3.0125,41.8692,75.1702
2026-09-09,15:29,BAFNAPH,1145.4608,3.2949,53.6418,157.5357
2026-09-09,15:29,BAJAJ-AUTO,14205.078,1.5019,23.0346,31.0073
2026-09-09,15:29,BAJAJCON,1288.4108,2.8986,50.6686,132.8734
2026-09-09,15:29,BAJAJHLDNG,3454.3674,1.4926,28.4453,-16.1456
2026-09-09,15:29,BAJEL,171.1059,2.2311,43.0629,-9.403
2026-09-09,15:29,BAJFINANCE,849.3283,1.7793,30.2377,3.5933
2026-09-09,15:29,BALAMINES,7649.8423,4.2621,55.0934,56.785
2026-09-09,15:29,BALPHARMA,273.9927,3.539,44.2409,26.7161
2026-09-09,15:29,BALRAMCHIN,1719.1213,3.1435,40.7945,35.6555
2026-09-09,15:29,BALUFORGE,751.9606,3.147,51.3343,-20.8896
2026-09-09,15:29,BANARISUG,433.5023,2.1849,25.1233,-2.257
2026-09-09,15:29,BANCOINDIA,244.6586,2.088,45.7728,2.7585
2026-09-09,15:29,BANDHANBNK,143.5082,2.8246,41.0593,4.1427
2026-09-09,15:29,BANSALWIRE,233.8056,2.5286,38.1194,-13.8673
2026-09-09,15:29,BASF,597.2275,2.0018,29.9134,-18.8492
2026-09-09,15:29,BBETF0432,273.5585,0.2622,3.8568,4.7044
2026-09-09,15:29,BBOX,1602.5285,3.0188,45.4477,69.9176
2026-09-09,15:29,BBTCL,249.8059,2.718,39.9732,12.8458
2026-09-09,15:29,BECTORFOOD,133.5234,2.8705,41.5719,-12.9567
2026-09-09,15:29,BELRISE,393.6862,2.2008,37.2452,58.4113
2026-09-09,15:29,BEML,2543.9529,2.0771,39.4972,-5.0855
2026-09-09,15:29,BEPL,316.8467,2.6934,34.6426,26.9823
2026-09-09,15:29,BETA,4371.6051,4.098,1.7e+308,1.7e+308
2026-09-09,15:29,BFINVEST,469.1615,2.5091,36.6938,-3.3734
2026-09-09,15:29,BHAGCHEM,283.3573,2.8307,44.7464,-1.9604
2026-09-09,15:29,BHAGERIA,844.9865,3.4753,50.9617,56.2974
2026-09-09,15:29,BHAGYANGR,1515.9524,3.8475,62.8209,341.2111
2026-09-09,15:29,BHARATBOND-APR30,327.8858,0.1226,1.7193,4.7588
2026-09-09,15:29,BHARATBOND-APR31,278.5823,0.1452,1.9682,4.3268
2026-09-09,15:29,BHARATBOND-APR32,232.8755,0.1536,2.1259,3.7769
2026-09-09,15:29,BHARATBOND-APR33,209.2465,0.1616,2.258,3.416
2026-09-09,15:29,BHARATFORG,3733.4455,1.7513,30.6965,61.8643
2026-09-09,15:29,BHARATSE,498.6196,3.3748,61.427,31.5478
2026-09-09,15:29,BHEL,1126.2354,2.2293,36.3975,89.6205
2026-09-09,15:29,BIL,1903.9328,2.949,46.6748,27.8864
2026-09-09,15:29,BIOCON,166.2065,1.533,25.4763,8.1599
2026-09-09,15:29,BIRLACABLE,1386.1502,3.6935,53.8168,116.7061
2026-09-09,15:29,BLACKBUCK,187.9125,2.1583,39.9693,-7.14
2026-09-09,15:29,BLISSGVS,3239.477,3.5424,60.0009,354.3875
2026-09-09,15:29,BLSE,997.8595,2.3724,43.7303,68.3912
2026-09-09,15:29,BLUEJET,1024.837,2.8246,48.4324,-19.7573
2026-09-09,15:29,BLUESTONE,2776.5176,3.2573,53.1518,36.1782
2026-09-09,15:29,BLUSPRING,445.5948,4.5099,57.1913,65.0063
2026-09-09,15:29,BODALCHEM,791.5277,4.108,52.0448,166.8651
2026-09-09,15:29,BOSCH-HCIL,2580.5433,2.2649,36.3316,2.605
2026-09-09,15:29,BOSCHLTD,80436.5254,1.5885,28.4522,23.1039
2026-09-09,15:29,BRIGADE,671.8963,2.6639,36.5954,-6.5311
2026-09-09,15:29,BSE,4413.7757,1.99,39.9388,49.4548
2026-09-09,15:29,BUILDPRO,3587.7043,2.9092,1.7e+308,1.7e+308
2026-09-09,15:29,BUTTERFLY,146.0508,2.6267,40.0259,-11.6732
2026-09-09,15:29,CAMS,241.2477,1.907,29.666,-7.3546
2026-09-09,15:29,CAPITALSFB,146.3609,1.6889,25.5074,-4.1838
2026-09-09,15:29,CAPLIPOINT,5663.4264,2.4495,33.9453,21.2638
2026-09-09,15:29,CARBORUNIV,1932.461,2.2454,36.2614,10.1702
2026-09-09,15:29,CARERATING,735.5258,1.8451,30.4922,6.9984
2026-09-09,15:29,CARRARO,289.3108,2.1683,43.9147,18.4546
2026-09-09,15:29,CARTRADE,2739.3083,3.381,56.0895,29.4628
2026-09-09,15:29,CARYSIL,2384.8782,2.7072,45.098,25.1776
2026-09-09,15:29,CASHIETF,190.7655,0.0124,0.2106,4.948
2026-09-09,15:29,CCL,822.0397,1.9045,32.5099,24.4592
2026-09-09,15:29,CDSL,857.6997,1.6857,31.4638,-11.4633
2026-09-09,15:29,CEIGALL,622.0341,2.2402,31.1063,39.7231
2026-09-09,15:29,CEMPRO,3951.1263,4.113,53.5211,62.1128
2026-09-09,15:29,CENTENKA,843.4362,2.9494,36.6017,12.1855
2026-09-09,15:29,CENTUM,12131.2178,3.1149,50.2563,57.1001
2026-09-09,15:29,CERA,4060.896,1.9924,28.006,-9.8624
2026-09-09,15:29,CGCL,657.3841,2.4129,34.677,46.4201
2026-09-09,15:29,CGPOWER,2046.8831,2.1832,34.1164,18.0227
2026-09-09,15:29,CHALET,207.7582,1.6812,28.7585,-12.9282
2026-09-09,15:29,CHEMBOND,449.5639,3.3822,52.6644,20.1396
2026-09-09,15:29,CHEMBONDCH,662.2214,3.6256,60.9968,30.9152
2026-09-09,15:29,CHEMCON,258.1783,2.8737,48.1711,-8.2607
2026-09-09,15:29,CHENNPETRO,4785.8803,3.2773,51.3994,118.3303
2026-09-09,15:29,CHEVIOT,1089.6452,2.1425,28.1958,-1.4472
2026-09-09,15:29,CHOLAFIN,1547.3333,2.0193,33.0849,20.9416
2026-09-09,15:29,CIPLA,212.0991,1.4861,21.19,-13.432
2026-09-09,15:29,CLCIND,287.3265,21.9404,224.2397,1679.2727
2026-09-09,15:29,CLSEL,404.6634,2.7915,43.269,9.0195
2026-09-09,15:29,CNL,2885.358,3.3428,1.7e+308,1.7e+308
2026-09-09,15:29,CNXENERGY,26526.6691,0.7696,15.7473,9.7118
2026-09-09,15:29,CNXINFRA,1216.4731,0.7334,14.8472,0.5014
2026-09-09,15:29,CNXMIDCAP,33935.9034,0.7812,16.3705,7.4975
2026-09-09,15:29,CNXMNC,13649.4048,0.7819,14.3302,5.7506
2026-09-09,15:29,CNXNIFTYJUNIOR,40269.7662,0.8666,16.7586,6.8332
2026-09-09,15:29,CNXPHARMA,31979.2554,0.8282,13.717,19.4734
2026-09-09,15:29,CNXREALTY,660.795,1.6101,26.1336,-1.3739
2026-09-09,15:29,CNXSMALLCAP,22442.5348,0.9077,17.9566,11.3786
2026-09-09,15:29,COFORGE,1175.8491,2.8091,39.1116,4.5918
2026-09-09,15:29,COHANCE,455.5176,3.5048,51.2259,-54.7787
2026-09-09,15:29,COMSYN,844.1804,4.1016,49.9259,94.7804
2026-09-09,15:29,CONCORDBIO,2015.5644,2.552,40.3201,-10.6467
2026-09-09,15:29,CONFIPET,366.3986,3.6116,61.2437,84.6436
2026-09-09,15:29,CONSOFINVT,878.2278,2.2863,41.8153,56.4279
2026-09-09,15:29,CORDSCABLE,1245.4947,4.0453,53.0638,106.3677
2026-09-09,15:29,CORONA,4641.9999,2.0401,1.7e+308,1.7e+308
2026-09-09,15:29,COSMOFIRST,2045.9531,2.3515,40.0193,-1.8722
2026-09-09,15:29,CPCAP,211.9754,2.9957,44.0062,-8.8552
2026-09-09,15:29,CPPLUS,14602.6099,2.7371,45.1824,161.0523
2026-09-09,15:29,CRAFTSMAN,27340.3564,2.1215,36.0247,76.3801
2026-09-09,15:29,CREDITACC,762.1928,2.5244,39.5743,8.0149
2026-09-09,15:29,CRISIL,140.7806,1.5768,27.3908,-6.2105
2026-09-09,15:29,CUMMINSIND,7129.5171,1.7994,28.242,28.2875
2026-09-09,15:29,CUPID,1230.4867,3.044,57.5628,605.2446
2026-09-09,15:29,CYIENTDLM,3573.1308,3.1772,45.3142,107.2658
2026-09-09,15:29,DALMIASUG,985.4559,3.149,44.4545,16.7273
2026-09-09,15:29,DATAMATICS,403.1129,2.1995,41.9697,-15.8631
2026-09-09,15:29,DATAPATTNS,14960.4513,3.4049,50.6137,80.1254
2026-09-09,15:29,DCBBANK,292.2879,2.0997,39.5603,79.5215
2026-09-09,15:29,DCI,298.1794,3.6925,56.5915,13.1161
2026-09-09,15:29,DCMNVL,275.6052,3.1959,46.9129,12.746
2026-09-09,15:29,DEEDEV,3015.0983,3.3481,54.3291,134.0038
2026-09-09,15:29,DEEPAKFERT,2279.7586,2.2053,41.1797,-3.0627
2026-09-09,15:29,DEEPAKNTR,321.2503,1.9511,28.895,-6.1557
2026-09-09,15:29,DEEPINDS,2665.1964,3.0069,46.5422,48.6963
2026-09-09,15:29,DENORA,1459.2686,2.5647,41.7549,-2.9451
2026-09-09,15:29,DENTA,150.0821,2.9374,52.3207,-27.0479
2026-09-09,15:29,DHAMPURSUG,349.2197,2.6237,38.7199,26.5679
2026-09-09,15:29,DHARMAJ,211.6033,1.802,34.8847,-21.2933
2026-09-09,15:29,DIACABS,1333.9935,3.4268,46.94,122.5028
2026-09-09,15:29,DIAMONDYD,217.0608,2.3288,34.0207,6.8518
2026-09-09,15:29,DICIND,456.1377,2.5226,37.0066,9.4259
2026-09-09,15:29,DIFFNKG,1263.7898,3.2322,48.3015,12.4856
2026-09-09,15:29,DIVGIITTS,3426.4595,3.0855,45.2928,76.617
2026-09-09,15:29,DIVISLAB,21284.3605,1.5683,24.1708,57.438
2026-09-09,15:29,DIXON,22630.1373,2.286,39.0223,-23.521
2026-09-09,15:29,DLF,258.9225,1.9058,29.7684,-13.6208
2026-09-09,15:29,DLINKINDIA,204.3471,1.8049,32.9578,-9.8698
2026-09-09,15:29,DMART,752.271,1.4391,24.3615,-19.0963
2026-09-09,15:29,DMCC,377.0035,2.9491,48.5644,-4.5116
2026-09-09,15:29,DOLPHIN,1611.5213,2.9778,54.5448,70.6102
2026-09-09,15:29,DPABHUSHAN,950.1058,3.2846,44.9068,-9.7268
2026-09-09,15:29,DSSL,582.0328,3.971,55.4664,5.8683
2026-09-09,15:29,DVL,212.0995,2.1016,40.6181,-17.6772
2026-09-09,15:29,DYCL,1015.5344,4.3395,59.0578,5.9779
2026-09-09,15:29,DYNAMATECH,20366.5034,2.7898,45.5828,72.593
2026-09-09,15:29,E2E,2324.783,3.6397,58.4079,96.0053
2026-09-09,15:29,EBBETF0430,372.2904,0.1903,2.98,5.0559
2026-09-09,15:29,EBBETF0431,284.7212,0.2471,3.9059,4.8024
2026-09-09,15:29,EBBETF0433,308.2881,0.2496,4.252,5.1154
2026-09-09,15:29,EBGNG,2597.5973,3.8098,54.1663,90.3126
2026-09-09,15:29,EDELWEISS,194.8586,2.5048,40.9958,15.8273
2026-09-09,15:29,EICHERMOT,5240.4675,1.4344,26.9341,12.5018
2026-09-09,15:29,EIEL,211.4792,2.9224,47.9087,-18.7781
2026-09-09,15:29,EIMCOELECO,3081.0231,2.6581,52.7648,1.2165
2026-09-09,15:29,ELECON,153.493,2.6728,45.3058,-30.1582
2026-09-09,15:29,ELECTHERM,1147.9413,4.6508,62.5555,-6.7047
2026-09-09,15:29,ELGIEQUIP,1116.9326,1.8434,33.6075,32.2188
2026-09-09,15:29,ELGIRUBCO,133.7715,4.1059,70.0357,-10.2315
2026-09-09,15:29,ELIQUID,185.5559,0.0117,1.7e+308,1.7e+308
2026-09-09,15:29,ELLEN,586.3741,3.2409,49.6452,-35.5099
2026-09-09,15:29,EMAMIPAP,202.6728,3.1688,47.1379,12.2799
2026-09-09,15:29,EMCURE,2661.1651,1.929,32.5825,41.923
2026-09-09,15:29,EMIL,576.6375,3.1832,47.2411,22.6992
2026-09-09,15:29,EMMVEE,846.8471,2.9787,1.7e+308,1.7e+308
2026-09-09,15:29,EMSLIMITED,300.164,3.7192,55.3859,-30.6863
2026-09-09,15:29,ENDURANCE,1987.6566,1.8265,30.8457,-3.8821
2026-09-09,15:29,ENGINERSIN,647.5234,2.5942,42.4266,30.795
2026-09-09,15:29,ENRIN,4407.574,2.794,38.5747,-5.9857
2026-09-09,15:29,ENTERO,4177.4905,2.6596,39.718,58.4041
2026-09-09,15:29,EPACKPEB,317.1568,3.6015,1.7e+308,1.7e+308
2026-09-09,15:29,EPIGRAL,1236.6265,2.6673,41.1057,-34.8466
2026-09-09,15:29,EPL,331.8549,2.2052,33.1914,9.7127
2026-09-09,15:29,ESABINDIA,2452.7869,2.1465,30.4544,16.2795
2026-09-09,15:29,ETERNAL,316.5988,1.8353,33.0308,-0.2489
2026-09-09,15:29,ETHOSLTD,1443.7646,2.476,37.0951,15.7513
2026-09-09,15:29,EVEREADY,179.5402,2.2386,35.2961,-20.1919
2026-09-09,15:29,EXCELINDUS,367.7633,2.3365,34.9306,-13.6272
2026-09-09,15:29,EXICOM,514.4961,4.726,60.1016,24.5478
2026-09-09,15:29,EXIDEIND,583.5835,2.1432,29.8151,-1.8636
2026-09-09,15:29,FAZE3Q,719.4015,2.5697,62.7545,-6.192
2026-09-09,15:29,FCL,224.1928,4.5403,60.2018,146.6441
2026-09-09,15:29,FEDERALBNK,371.484,1.4206,25.885,77.5057
2026-09-09,15:29,FILATEX,173.8967,3.2368,45.7841,35.2973
2026-09-09,15:29,FINCABLES,3918.8776,3.3287,42.3295,59.863
2026-09-09,15:29,FINEORG,6091.347,1.6425,29.5201,7.6529
2026-09-09,15:29,FIVESTAR,488.6968,2.2139,39.9507,-1.3784
2026-09-09,15:29,FLUOROCHEM,11068.8585,1.9182,31.9181,27.9651
2026-09-09,15:29,FMGOETZE,181.711,3.1039,45.5058,-19.7516
2026-09-09,15:29,FORTIS,509.7828,1.3668,26.0293,-5.6701
2026-09-09,15:29,FOSECOIND,10503.8827,2.5933,43.6246,-0.5154
2026-09-09,15:29,GABRIEL,2735.2763,2.8547,49.5231,10.5173
2026-09-09,15:29,GAEL,178.486,2.3735,36.0722,49.9414
2026-09-09,15:29,GALAPREC,1278.4878,3.3159,44.3871,26.9501
2026-09-09,15:29,GALAXYSURF,2852.1781,2.7293,35.7025,-4.1941
2026-09-09,15:29,GALLANTT,250.5499,2.7133,55.3646,-18.9908
2026-09-09,15:29,GANDHAR,762.6897,3.7808,48.9481,83.1175
2026-09-09,15:29,GANDHITUBE,1230.7347,2.0211,40.989,-5.3197
2026-09-09,15:29,GANECOS,1904.8636,2.6187,50.3346,-22.6601
2026-09-09,15:29,GANESHBE,360.3209,3.2414,45.1379,34.8801
2026-09-09,15:29,GARFIBRES,1116.0022,2.5483,37.8698,4.7852
2026-09-09,15:29,GARUDA,153.493,2.8809,55.9115,-10.5853
2026-09-09,15:29,GCSL,1898.9719,2.6413,1.7e+308,114.6576
2026-09-09,15:29,GEECEE,357.2201,2.1096,39.25,-4.3621
2026-09-09,15:29,GENUSPOWER,360.9412,2.4096,41.5875,1.6216
2026-09-09,15:29,GESHIP,1243.4482,2.5244,35.1292,40.4637
2026-09-09,15:29,GHCLTEXTIL,368.2591,2.646,40.0482,64.8415
2026-09-09,15:29,GIPCL,397.8414,2.1584,35.8651,7.6404
2026-09-09,15:29,GKENERGY,162.9196,2.8324,1.7e+308,1.7e+308
2026-09-09,15:29,GKSL,439.5791,2.1572,1.7e+308,1.7e+308
2026-09-09,15:29,GLAND,7391.8494,2.6156,32.8881,49.7229
2026-09-09,15:29,GLAXO,2987.9971,1.6878,25.323,4.1889
2026-09-09,15:29,GLENMARK,3069.8597,1.7115,26.8982,14.1852
2026-09-09,15:29,GLOBAL,252.1626,2.5961,44.0504,97.0275
2026-09-09,15:29,GMMPFAUDLR,2045.6431,2.4693,34.4005,14.0984
2026-09-09,15:29,GNA,1169.9576,2.9211,46.2993,73.6562
2026-09-09,15:29,GNFC,712.2693,2.0604,30.4648,13.6809
2026-09-09,15:29,GOACARBON,524.977,2.9601,41.9313,1.3558
2026-09-09,15:29,GOCLCORP,1075.0711,2.7768,45.5031,22.5898
2026-09-09,15:29,GODREJAGRO,963.75,1.7301,30.8338,-8.0983
2026-09-09,15:29,GODREJIND,951.0366,3.3112,41.4183,-6.3847
2026-09-09,15:29,GODREJPROP,2110.4506,2.0951,35.4163,-7.0939
2026-09-09,15:29,GOKEX,1092.7461,2.2992,57.0125,2.6799
2026-09-09,15:29,GOKULAGRO,442.3078,2.1829,44.6209,27.4516
2026-09-09,15:29,GOLDIAM,148.5315,2.948,54.0614,-17.3951
2026-09-09,15:29,GPTHEALTH,211.7273,1.7304,25.915,6.3011
2026-09-09,15:29,GRANULES,2061.4571,1.6522,29.2459,65.5844
2026-09-09,15:29,GRAPHITE,1546.0933,2.6911,42.6232,58.3521
2026-09-09,15:29,GRASIM,3487.8561,1.3716,22.727,17.773
2026-09-09,15:29,GRAVITA,834.7536,2.0825,36.4391,2.4087
2026-09-09,15:29,GREAVESCOT,177.2456,3.0716,44.4869,-10.7285
2026-09-09,15:29,GREENPLY,420.2296,2.4197,39.7346,-7.889
2026-09-09,15:29,GRINDWELL,2318.8295,2.8265,35.8138,15.4329
2026-09-09,15:29,GROBTEA,314.1181,2.0865,39.352,-3.9352
2026-09-09,15:29,GROWW,164.5321,2.2887,1.7e+308,1.7e+308
2026-09-09,15:29,GROWWDEFNC,138.2987,1.2475,24.6828,23.3379
2026-09-09,15:29,GRPLTD,2125.9557,2.4831,42.2004,-6.702
2026-09-09,15:29,GRWRHITECH,23560.3978,2.8668,54.9885,103.2967
2026-09-09,15:29,GUFICBIO,786.6903,2.4969,35.3006,16.1408
2026-09-09,15:29,GUJALKALI,1648.1115,2.4499,39.778,17.0802
2026-09-09,15:29,GUJTHEM,657.6941,3.3982,51.2144,14.1513
2026-09-09,15:29,GULFPETRO,217.4329,2.895,40.5215,62.4215
2026-09-09,15:29,GULPOLY,333.3433,2.5849,42.0184,11.3408
2026-09-09,15:29,GVPIL,2274.1769,3.4799,60.115,80.0984
2026-09-09,15:29,GVT&D,8864.7619,2.9542,44.5356,67.5992
2026-09-09,15:29,HAL,3867.4036,1.5697,27.1798,5.3713
2026-09-09,15:29,HALEOSLABS,1435.7021,3.0939,41.8964,22.6977
2026-09-09,15:29,HAPPYFORGE,7585.9641,2.305,35.8691,140.9202
2026-09-09,15:29,HARRMALAYA,147.2293,2.6165,36.8214,-10.5755
2026-09-09,15:29,HARSHA,537.3804,2.166,31.5029,11.3731
2026-09-09,15:29,HATSUN,1911.375,2.0005,35.4766,32.1541
2026-09-09,15:29,HCG,739.5571,1.9978,31.2254,5.0339
2026-09-09,15:29,HDFCLIQUID,188.5329,0.0118,0.2001,4.8292
2026-09-09,15:29,HDFCSML250,186.8584,0.8821,17.141,7.2767
2026-09-09,15:29,HEALTHIETF,181.5868,0.8008,13.6192,12.7967
2026-09-09,15:29,HERITGFOOD,166.5167,1.9473,34.6093,-21.9828
2026-09-09,15:29,HESTERBIO,5027.1284,3.6057,42.5923,11.5026
2026-09-09,15:29,HFCL,1113.7699,3.7235,50.0279,236.1134
2026-09-09,15:29,HIKAL,313.6839,3.5569,48.5594,-6.51
2026-09-09,15:29,HINDALCO,736.1462,1.6622,28.6179,35.466
2026-09-09,15:29,HINDOILEXP,246.333,2.6305,46.3803,16.1369
2026-09-09,15:29,HINDZINC,218.9216,2.1496,40.2214,30.7701
2026-09-09,15:29,HIRECT,4048.4937,3.5179,55.6985,52.6275
2026-09-09,15:29,HITECHCORP,1131.1967,3.6206,51.0697,64.4205
2026-09-09,15:29,HMT,136.7483,2.3184,37.9817,5.2765
2026-09-09,15:29,HNDFDS,968.7114,1.7711,27.0731,15.5942
2026-09-09,15:29,HOMEFIRST,515.985,2.0154,37.0021,-7.7142
2026-09-09,15:29,HONASA,1209.6487,1.8752,31.2345,57.2263
2026-09-09,15:29,HONAUT,7690.1535,2.3166,30.4121,-8.217
2026-09-09,15:29,HSCL,1373.6847,2.7553,35.473,42.0162
2026-09-09,15:29,HUHTAMAKI,524.7289,2.7888,40.817,17.6897
2026-09-09,15:29,IBMFNIFTY,163.7258,0.9924,18.7237,9.1115
2026-09-09,15:29,ICDSLTD,158.2683,4.3886,68.9735,39.6439
2026-09-09,15:29,ICICIAMC,473.8121,1.8096,1.7e+308,1.7e+308
2026-09-09,15:29,ICICIBANK,340.4755,1.1365,19.3053,-2.0174
2026-09-09,15:29,ICICINIFTY,226.5494,0.5775,9.4792,21.3359
2026-09-09,15:29,ICIL,1340.0092,3.5164,62.3462,56.6191
2026-09-09,15:29,IDEAFORGE,1907.3442,4.0876,56.703,44.4487
2026-09-09,15:29,IFBIND,997.2396,2.5726,44.0501,-15.6872
2026-09-09,15:29,IFCI,195.5408,4.0148,54.4197,66.6854
2026-09-09,15:29,IFGLEXPOR,227.2936,3.4019,52.9133,-13.178
2026-09-09,15:29,IGPL,1308.8767,2.39,38.9193,28.2836
2026-09-09,15:29,IIFL,802.5049,2.6156,40.4713,39.259
2026-09-09,15:29,IIFLCAPS,211.1691,1.1801,40.4507,15.3361
2026-09-09,15:29,IKIO,414.5861,4.0077,54.6706,-2.0835
2026-09-09,15:29,IKS,1373.6847,2.1335,34.1241,16.3173
2026-09-09,15:29,IMFA,847.1571,2.4833,49.9331,26.2076
2026-09-09,15:29,IMPAL,366.5225,2.1648,26.7889,9.8973
2026-09-09,15:29,INDGN,657.0739,1.6995,27.5074,1.965
2026-09-09,15:29,INDHOTEL,362.4916,1.4269,25.1401,-7.0657
2026-09-09,15:29,INDIGO,2390.7695,1.9928,33.798,-13.1384
2026-09-09,15:29,INDIGOPNTS,493.6581,2.0232,35.2263,-3.0789
2026-09-09,15:29,INDIQUBE,175.7572,2.2786,36.6225,-9.3997
2026-09-09,15:29,INDNIPPON,3660.8855,3.0712,46.0273,39.1945
2026-09-09,15:29,INDOBORAX,1659.5228,4.1605,50.1921,108.6873
2026-09-09,15:29,INDORAMA,289.497,4.0984,57.1849,60.4807
2026-09-09,15:29,INDOSTAR,318.5212,2.8486,46.4568,-6.3779
2026-09-09,15:29,INDOTECH,14923.2386,3.215,60.1811,105.2809
2026-09-09,15:29,INDSWFTLAB,1710.5629,3.9684,56.5108,267.7013
2026-09-09,15:29,INDUSINDBK,672.2684,1.7658,28.8398,35.5841
2026-09-09,15:29,INGERRAND,8136.6786,2.3649,31.2288,21.8047
2026-09-09,15:29,INNOVACAP,3068.6189,2.221,34.8895,38.2852
2026-09-09,15:29,INOXINDIA,6732.6052,3.2188,40.273,86.8428
2026-09-09,15:29,IOLCP,843.4982,3.6747,52.6972,80.7965
2026-09-09,15:29,IONEXCHANG,539.5511,2.9471,40.9801,5.8432
2026-09-09,15:29,IPCALAB,3470.4917,1.8061,31.5325,49.3459
2026-09-09,15:29,IRISDOREME,174.8269,2.1067,38.7843,96.0345
2026-09-09,15:29,IRMENERGY,228.7201,3.6556,52.7118,3.0231
2026-09-09,15:29,ISGEC,195.9747,1.9894,40.0991,-20.7685
2026-09-09,15:29,ITDC,456.4481,3.716,58.2214,-3.1382
2026-09-09,15:29,IVP,470.8358,2.9983,44.7802,32.7507
2026-09-09,15:29,IZMO,2099.9079,3.0932,68.7155,10.1612
2026-09-09,15:29,J&KBANK,272.4423,2.9479,40.7302,44.2663
2026-09-09,15:29,JAGSNPHARM,411.2991,1.9539,33.1814,-2.084
2026-09-09,15:29,JASH,827.3116,2.6626,38.5881,0.387
2026-09-09,15:29,JAYAGROGN,512.1393,2.7772,41.0361,7.1265
2026-09-09,15:29,JAYBARMARU,195.4167,4.2248,60.6684,23.8568
2026-09-09,15:29,JBMA,370.8638,2.0931,43.9579,-13.8439
2026-09-09,15:29,JGCHEM,1863.9319,3.1484,46.7119,31.3753
2026-09-09,15:29,JINDALPOLY,1763.7741,2.526,48.813,11.2905
2026-09-09,15:29,JINDALSAW,863.716,2.5955,46.4602,49.8846
2026-09-09,15:29,JINDALSTEL,275.9773,1.451,28.3541,10.6714
2026-09-09,15:29,JINDRILL,1228.5641,3.1433,50.7922,12.2356
2026-09-09,15:29,JINDWORLD,188.5328,4.8276,63.178,53.361
2026-09-09,15:29,JKIPL,148.7797,2.8702,1.7e+308,1.7e+308
2026-09-09,15:29,JKPAPER,520.0157,2.0292,39.8229,4.941
2026-09-09,15:29,JNKINDIA,1325.4973,4.2144,56.2224,45.1162
2026-09-09,15:29,JOCIL,166.3926,2.3184,36.4886,-5.0087
2026-09-09,15:29,JSFB,1056.7761,2.9347,41.3476,17.0815
2026-09-09,15:29,JSWDULUX,2818.6893,1.7282,28.5899,-5.5552
2026-09-09,15:29,JSWENERGY,582.9633,1.8373,29.9571,1.7213
2026-09-09,15:29,JSWINFRA,513.1937,2.1299,31.7771,8.295
2026-09-09,15:29,JSWSTEEL,734.9058,1.1628,23.5651,19.1993
2026-09-09,15:29,JUBLCPL,395.0518,3.369,51.9319,-17.5379
2026-09-09,15:29,JUBLINGREA,309.7768,2.0796,35.8314,-5.0258
2026-09-09,15:29,JUBLPHARMA,317.219,1.7069,29.3845,-9.2043
2026-09-09,15:29,JUNIORBEES,441.8117,0.8165,15.9924,7.805
2026-09-09,15:29,JUSTDIAL,158.7647,3.1599,39.2793,-21.1105
2026-09-09,15:29,JYOTICNC,1311.3573,2.8503,44.944,12.098
2026-09-09,15:29,KABRAEXTRU,2882.4433,3.808,56.1646,134.8388
2026-09-09,15:29,KAJARIACER,2195.4144,1.5651,28.9074,1.1014
2026-09-09,15:29,KALYANIFRG,1852.1488,3.6668,50.6335,31.69
2026-09-09,15:29,KALYANKJIL,1480.3544,3.5033,47.3875,20.8553
2026-09-09,15:29,KANORICHEM,604.6073,3.0207,43.3527,97.3031
2026-09-09,15:29,KANPRPLA,516.1705,3.0192,55.3706,8.5352
2026-09-09,15:29,KAPSTON,1894.4445,2.9569,41.4235,248.2903
2026-09-09,15:29,KARURVYSYA,338.3049,2.2358,36.5468,61.6056
2026-09-09,15:29,KAUSHALYA,417.0668,3.1938,56.6545,-32.0343
2026-09-09,15:29,KAYNES,340.4747,3.5055,53.6347,-49.5921
2026-09-09,15:29,KDDL,9569.899,3.2542,44.0397,61.8819
2026-09-09,15:29,KECL,255.1394,2.9409,46.879,0.2698
2026-09-09,15:29,KEI,4310.8278,2.3543,35.0864,13.1753
2026-09-09,15:29,KENNAMET,12184.8638,2.9012,36.1012,124.4462
2026-09-09,15:29,KERNEX,3169.0875,4.3391,63.0674,52.9045
2026-09-09,15:29,KHAITANLTD,395.8568,4.1727,53.2303,32.4577
2026-09-09,15:29,KICL,2562.5588,1.6958,32.6786,3.6665
2026-09-09,15:29,KILITCH,163.5398,3.0357,45.797,4.677
2026-09-09,15:29,KIMS,1041.8918,1.926,31.3409,0.3624
2026-09-09,15:29,KINGFA,12345.7985,1.9737,37.2953,30.5855
2026-09-09,15:29,KIOCL,138.9189,2.1342,55.4965,-19.8907
2026-09-09,15:29,KIRIINDUS,568.6993,2.647,50.1588,-5.8788
2026-09-09,15:29,KIRLOSBROS,2231.3844,2.1879,37.9883,-6.4516
2026-09-09,15:29,KIRLOSENG,6694.774,3.3371,46.9318,150.4682
2026-09-09,15:29,KIRLOSIND,4042.2923,3.078,41.5519,-6.9611
2026-09-09,15:29,KKCL,407.144,1.8762,33.1739,-2.6261
2026-09-09,15:29,KMEW,8015.7447,3.8199,62.077,171.7895
2026-09-09,15:29,KOLTEPATIL,435.0518,2.5387,34.684,-4.7844
2026-09-09,15:29,KOPRAN,672.3303,3.2893,50.116,31.5503
2026-09-09,15:29,KOTAKNIFTY,163.0436,0.6498,9.3393,29.8333
2026-09-09,15:29,KOTHARIPET,199.7579,2.542,39.4909,-3.8486
2026-09-09,15:29,KOVAI,22521.2965,11.3529,116.1223,233.9579
2026-09-09,15:29,KPIL,1508.2621,1.6646,29.3224,8.8654
2026-09-09,15:29,KPRMILL,1566.2489,2.5401,41.6829,12.8005
2026-09-09,15:29,KRBL,590.7154,2.4386,41.0278,-2.1729
2026-09-09,15:29,KRISHANA,547.8614,3.1087,45.6751,64.4193
2026-09-09,15:29,KRISHIVAL,505.4415,1.8725,37.4056,-8.7602
2026-09-09,15:29,KRISHNADEF,524.0464,3.2011,1.7e+308,1.7e+308
2026-09-09,15:29,KRN,5842.3464,3.1115,49.0581,87.7851
2026-09-09,15:29,KRONOX,307.4201,3.9262,50.3116,-0.6621
2026-09-09,15:29,KROSS,140.0352,2.8106,50.8781,1.0116
2026-09-09,15:29,KRYSTAL,205.5877,1.7626,40.3495,-1.2533
2026-09-09,15:29,KSB,744.8288,1.9064,30.9171,-2.7428
2026-09-09,15:29,KSHINTL,5076.1219,3.7169,1.7e+308,1.7e+308
2026-09-09,15:29,KSL,1395.0808,2.2868,35.7724,12.402
2026-09-09,15:29,KTKBANK,930.8807,1.9903,34.0062,85.0869
2026-09-09,15:29,LALPATHLAB,3040.091,2.2217,29.9895,14.818
2026-09-09,15:29,LAMBODHARA,144.6245,3.6039,53.7185,-12.1561
2026-09-09,15:29,LANDMARK,470.7118,3.0966,46.7489,-23.0107
2026-09-09,15:29,LAURUSLABS,6243.9085,1.8118,29.7301,116.171
2026-09-09,15:29,LAXMIINDIA,252.3487,3.3183,58.1992,-18.9629
2026-09-09,15:29,LENSKART,1587.3346,1.4753,1.7e+308,1.7e+308
2026-09-09,15:29,LFIC,218.6733,2.3594,47.5315,-27.6814
2026-09-09,15:29,LGBBROSLTD,341.0955,1.5322,38.6332,29.5461
2026-09-09,15:29,LGEINDIA,1518.1855,1.7881,1.7e+308,1.7e+308
2026-09-09,15:29,LICHSGFIN,293.9623,1.7159,25.3047,-2.1337
2026-09-09,15:29,LIKHITHA,338.1807,2.7499,51.5052,-10.5112
2026-09-09,15:29,LINCOLN,1094.2965,2.715,39.7997,14.9996
2026-09-09,15:29,LINDEINDIA,2645.0407,1.5146,27.5154,-1.3434
2026-09-09,15:29,LIQGRWBEES,176.564,0.0108,0.1888,4.6761
2026-09-09,15:29,LIQUID1,200.3156,0.0118,0.2007,4.996
2026-09-09,15:29,LIQUIDADD,199.8819,0.0114,0.1975,4.8843
2026-09-09,15:29,LIQUIDBETF,188.8433,0.0119,0.2095,4.7899
2026-09-09,15:29,LIQUIDPLUS,194.7968,0.0119,0.2039,4.9615
2026-09-09,15:29,LIQUIDSHRI,187.6025,0.0109,0.1947,4.6964
2026-09-09,15:29,LLOYDSENGG,235.666,3.3279,49.6825,28.2897
2026-09-09,15:29,LLOYDSME,4552.0748,1.8759,36.7762,39.4215
2026-09-09,15:29,LMW,21544.8334,1.8483,32.1655,20.7204
2026-09-09,15:29,LODHA,1539.8912,2.5261,37.6316,-0.1969
2026-09-09,15:29,LOKESHMACH,1154.8254,2.801,52.1358,82.5787
2026-09-09,15:29,LOTUSDEV,296.009,2.6467,44.2888,7.364
2026-09-09,15:29,LOYALTEX,135.57,2.5105,51.9188,-25.7875
2026-09-09,15:29,LT,673.5092,1.1788,25.0635,9.576
2026-09-09,15:29,LTF,194.1143,2.0784,34.577,32.1076
2026-09-09,15:29,LTFOODS,573.9707,1.7405,39.0933,-1.9987
2026-09-09,15:29,LUMAXIND,9466.3303,2.2712,51.0985,48.1605
2026-09-09,15:29,LUMAXTECH,4361.061,2.955,54.3813,82.0726
2026-09-09,15:29,LUXIND,1327.1717,2.6393,45.6606,-14.5532
2026-09-09,15:29,LXCHEM,244.8445,2.9326,43.8693,-19.0424
2026-09-09,15:29,MACPOWER,6122.975,3.9478,53.7793,105.7061
2026-09-09,15:29,MAFANG,374.0887,1.7787,24.6036,37.0388
2026-09-09,15:29,MAGADSUGAR,808.7066,2.4895,35.6209,-1.2732
2026-09-09,15:29,MAHABANK,149.6479,2.1,35.4205,56.4477
2026-09-09,15:29,MAHASTEEL,3407.2339,3.024,46.469,242.0903
2026-09-09,15:29,MAHESHWARI,167.2608,1.7695,39.1171,16.138
2026-09-09,15:29,MAHLOG,333.9636,1.953,38.4441,19.9612
2026-09-09,15:29,MAHSCOOTER,700.7963,1.8829,31.5026,-26.1917
2026-09-09,15:29,MAHSEAMLES,1047.7835,1.5539,24.8932,7.8727
2026-09-09,15:29,MAITHANALL,524.0468,2.1923,38.2352,-3.1301
2026-09-09,15:29,MAMATA,240.6273,2.0222,40.0994,-6.8
2026-09-09,15:29,MANAKSTEEL,298.9857,3.6148,54.6416,78.1718
2026-09-09,15:29,MANALIPETC,178.424,3.2296,45.5005,23.8454
2026-09-09,15:29,MANAPPURAM,310.707,2.1827,33.7637,9.8901
2026-09-09,15:29,MANCREDIT,302.0246,2.9498,36.4584,17.7235
2026-09-09,15:29,MANGLMCEM,1745.4785,1.8909,31.1727,44.8923
2026-09-09,15:29,MANINDS,2929.7004,3.0511,56.0371,93.4464
2026-09-09,15:29,MANINFRA,142.826,2.6078,39.5955,-16.0668
2026-09-09,15:29,MANKIND,1061.1178,1.5901,25.5119,-12.1957
2026-09-09,15:29,MANORAMA,4512.3842,2.9252,44.3417,54.624
2026-09-09,15:29,MANORG,398.4616,3.5096,51.673,-13.2545
2026-09-09,15:29,MANYAVAR,638.1585,2.3256,34.8899,-19.5975
2026-09-09,15:29,MARALOVER,162.7956,3.4623,50.7328,35.261
2026-09-09,15:29,MARICO,578.312,1.1042,18.3898,10.8025
2026-09-09,15:29,MARINE,1470.1836,3.3453,50.4751,113.9373
2026-09-09,15:29,MARKOLINES,237.0924,1.8024,1.7e+308,1.7e+308
2026-09-09,15:29,MARKSANS,1005.2395,3.2555,42.534,90.9154
2026-09-09,15:29,MASPTOP50,184.3777,1.7806,23.0663,51.496
2026-09-09,15:29,MAWANASUG,377.6237,3.0923,41.4297,51.108
2026-09-09,15:29,MAXESTATES,1088.7148,2.7598,40.9689,23.4822
2026-09-09,15:29,MAXHEALTH,377.0655,1.7555,26.7707,-12.3881
2026-09-09,15:29,MAYURUNIQ,1298.0234,2.8389,37.8226,42.0479
2026-09-09,15:29,MAZDA,493.1001,3.1369,45.1708,-1.0381
2026-09-09,15:29,MBAPL,486.2162,2.7074,38.452,93.3532
2026-09-09,15:29,MCX,6925.4791,2.2836,39.674,116.7303
2026-09-09,15:29,MEDANTA,2234.486,1.8034,29.4062,11.9564
2026-09-09,15:29,MEESHO,317.839,2.8831,1.7e+308,1.7e+308
2026-09-09,15:29,MEGASTAR,341.7777,2.7354,45.0806,24.5903
2026-09-09,15:29,MEIL,168.3773,2.282,1.7e+308,-45.6992
2026-09-09,15:29,MENONBE,1196.439,3.508,45.9752,130.8448
2026-09-09,15:29,METROPOLIS,790.5352,2.0549,29.8248,16.7426
2026-09-09,15:29,MGL,231.9451,1.7284,29.8724,-16.7652
2026-09-09,15:29,MIDHANI,687.1524,2.8801,44.6933,15.7908
2026-09-09,15:29,MINDACORP,922.5083,1.8378,32.4337,36.982
2026-09-09,15:29,MMFL,1354.7695,2.3814,42.447,88.3817
2026-09-09,15:29,MMP,1368.4132,3.084,43.9811,66.4858
2026-09-09,15:29,MODEFENCE,149.896,1.2479,24.9918,23.0448
2026-09-09,15:29,MODIS,302.0247,2.3743,1.7e+308,1.7e+308
2026-09-09,15:29,MODISONLTD,2124.2808,4.5859,56.7802,204.4396
2026-09-09,15:29,MOLDTECH,495.0226,3.4815,50.6172,32.9184
2026-09-09,15:29,MOLDTKPAC,930.2605,2.4823,39.0461,-16.3191
2026-09-09,15:29,MON100,691.4936,1.3654,23.0121,64.4789
2026-09-09,15:29,MONARCH,586.9945,2.0657,33.9868,14.3496
2026-09-09,15:29,MONQ50,704.8273,2.9551,34.7208,136.7041
2026-09-09,15:29,MOREPENLAB,496.1389,4.203,54.6866,116.2152
2026-09-09,15:29,MOTHERSON,321.374,2.0711,34.5428,56.3664
2026-09-09,15:29,MOTILALOFS,1878.1958,2.1713,39.8675,11.6558
2026-09-09,15:29,MPSLTD,5233.645,3.2975,45.005,27.7023
2026-09-09,15:29,MRPL,134.5157,3.0654,50.7867,45.8297
2026-09-09,15:29,MSTCLTD,1921.298,3.7757,48.5441,44.8668
2026-09-09,15:29,MTARTECH,27379.4276,4.5492,61.4006,346.8871
2026-09-09,15:29,MUFIN,140.4073,1.5589,37.9086,51.9896
2026-09-09,15:29,MUNJALAU,237.1544,3.5571,49.345,20.0328
2026-09-09,15:29,MUTHOOTMF,146.237,3.0546,44.2315,19.1297
2026-09-09,15:29,MVGJL,259.4806,3.2818,42.2127,9.8352
2026-09-09,15:29,NACLIND,165.9585,3.5508,57.7592,-34.9099
2026-09-09,15:29,NAHARCAP,154.6712,1.4894,30.6139,-10.8169
2026-09-09,15:29,NAHARINDUS,228.472,2.7738,40.4498,18.5152
2026-09-09,15:29,NAHARSPING,678.2218,2.2495,38.1369,28.5641
2026-09-09,15:29,NAM-INDIA,1828.5823,2.1561,38.6262,40.7188
2026-09-09,15:29,NATCAPSUQ,223.6346,3.8583,59.6542,1.7334
2026-09-09,15:29,NATIONALUM,145.1206,2.5779,42.5761,72.973
2026-09-09,15:29,NAVA,167.7573,2.0853,38.4767,-20.2742
2026-09-09,15:29,NAVINFLUOR,17523.0071,2.1663,36.5252,83.1664
2026-09-09,15:29,NAVINIFTY,435.4239,1.9962,28.9111,43.3632
2026-09-09,15:29,NAZARA,565.5983,2.19,41.4321,36.5427
2026-09-09,15:29,NDGL,1062.3578,2.3487,40.1037,-29.9718
2026-09-09,15:29,NDLVENTURE,204.0992,2.1958,41.3073,43.1902
2026-09-09,15:29,NDRAUTO,241.2477,2.0037,40.4672,-33.6273
2026-09-09,15:29,NELCAST,147.9115,3.0944,53.7254,-22.5267
2026-09-09,15:29,NELCO,2021.7662,3.3506,46.3312,12.4567
2026-09-09,15:29,NEOGEN,6319.5697,2.8486,49.1449,44.0654
2026-09-09,15:29,NEPHROPLUS,1315.3886,2.5935,1.7e+308,1.7e+308
2026-09-09,15:29,NESTLEIND,685.2919,1.439,20.8235,14.4054
2026-09-09,15:29,NETWEB,9878.1266,3.598,60.0312,68.6927
2026-09-09,15:29,NEULANDLAB,59890.1716,2.2241,39.9181,44.5261
2026-09-09,15:29,NEXT50,447.4551,0.8487,16.7075,7.81
2026-09-09,15:29,NGLFINE,6437.4027,4.0257,57.3418,90.6879
2026-09-09,15:29,NH,550.0937,1.7272,30.5344,7.1586
2026-09-09,15:29,NIACL,353.685,3.4418,46.5527,6.7584
2026-09-09,15:29,NIBE,1787.961,3.4383,51.8602,8.4834
2026-09-09,15:29,NIFTY100EQLWGT,11343.2914,0.7313,14.8353,3.3107
2026-09-09,15:29,NIFTY100LIQ15,1932.4618,0.8723,15.7871,3.9701
2026-09-09,15:29,NIFTY200ALPHA30,20652.0982,0.916,18.7635,6.6142
2026-09-09,15:29,NIFTY200MOMENTM30,10701.7145,0.9125,18.1477,1.2437
2026-09-09,15:29,NIFTY500,2154.7886,0.6977,13.9553,-0.9983
2026-09-09,15:29,NIFTY500MOMENTM50,39597.1684,0.9119,18.2904,6.8642
2026-09-09,15:29,NIFTY500MULTICAP,5249.7701,0.7134,14.4688,1.3895
2026-09-09,15:29,NIFTY50EQLWGT,1085.6189,0.6585,13.3116,-0.0373
2026-09-09,15:29,NIFTYALPHA50,60592.2033,0.9279,18.9268,10.7272
2026-09-09,15:29,NIFTYALPHALOWVOL,4334.0813,0.6103,12.9157,-1.1515
2026-09-09,15:29,NIFTYAUTO,9071.2755,1.0855,20.8084,2.9282
2026-09-09,15:29,NIFTYCAPITALMKT,6092.5856,1.1616,24.8458,24.5087
2026-09-09,15:29,NIFTYCHEMICALS,18643.971,0.9339,1.7e+308,1.7e+308
2026-09-09,15:29,NIFTYCOMMODITIES,2529.9937,0.7492,15.8285,9.4102
2026-09-09,15:29,NIFTYCONSUMPTION,1612.1427,0.7644,14.4011,-6.8187
2026-09-09,15:29,NIFTYCONSURDURBL,29539.4777,1.1242,20.2191,-1.075
2026-09-09,15:29,NIFTYEES,23597.5477,1.6253,39.3689,55.5137
2026-09-09,15:29,NIFTYGS10YR,330.7997,0.1999,3.4455,2.5268
2026-09-09,15:29,NIFTYGS1115YR,845.9178,0.2205,3.9256,4.7182
2026-09-09,15:29,NIFTYGS15YRPLUS,325.9016,0.3128,5.3251,2.5378
2026-09-09,15:29,NIFTYGS48YR,707.3084,0.1575,2.5216,5.318
2026-09-09,15:29,NIFTYGS813YR,474.1861,0.1888,3.2502,3.6701
2026-09-09,15:29,NIFTYGSCOMPSITE,518.6505,0.1972,3.398,3.8238
2026-09-09,15:29,NIFTYHEALTHCARE,17233.6997,0.7876,13.5064,12.4313
2026-09-09,15:29,NIFTYINDDEFENCE,13174.657,1.216,24.1177,22.9642
2026-09-09,15:29,NIFTYINDIAMFG,9367.1056,0.7362,15.2443,8.0932
2026-09-09,15:29,NIFTYINDTOURISM,1226.7023,1.164,21.5125,-15.8738
2026-09-09,15:29,NIFTYLARGEMID250,2996.6865,0.7053,14.4211,1.0495
2026-09-09,15:29,NIFTYM150MOMNTM50,31891.1956,0.8932,18.0195,4.8337
2026-09-09,15:29,NIFTYM150QLTY50,5651.0177,0.7476,15.4916,-3.831
2026-09-09,15:29,NIFTYMEDIA,1031.0387,1.3947,22.0254,-5.8357
2026-09-09,15:29,NIFTYMETAL,12668.5977,1.1092,22.2252,35.4911
2026-09-09,15:29,NIFTYMICROCAP250,35362.9327,0.976,19.5132,12.2447
2026-09-09,15:29,NIFTYMIDCAP150,12088.1055,0.7707,15.9789,6.6015
2026-09-09,15:29,NIFTYMIDCAP50,10199.9916,0.7809,16.3611,9.5194
2026-09-09,15:29,NIFTYMIDLIQ15,12742.7036,0.969,18.7844,11.321
2026-09-09,15:29,NIFTYMIDSELECT,9824.4837,0.8503,17.7586,11.6284
2026-09-09,15:29,NIFTYMIDSMALLCAP400,14852.2268,0.7809,16.0826,6.8347
2026-09-09,15:29,NIFTYMIDSMLHLTH,70560.2596,0.8048,14.2847,16.3396
2026-09-09,15:29,NIFTYMS400MQ100,37851.9852,0.8059,17.1944,5.4866
2026-09-09,15:29,NIFTYMULTIINFRA,5980.9513,0.7474,15.3139,2.989
2026-09-09,15:29,NIFTYMULTIMFG,11041.5745,0.6961,15.1545,6.2526
2026-09-09,15:29,NIFTYSMALLCAP250,18672.8055,0.8614,16.9813,7.5072
2026-09-09,15:29,NIFTYSMALLCAP50,12712.0068,0.9029,18.1887,15.8499
2026-09-09,15:29,NIFTYSML250MQ100,52558.7982,0.8752,17.7684,7.7153
2026-09-09,15:29,NIFTYTOTALMKT,1954.1648,0.7017,14.0673,-0.4425
2026-09-09,15:29,NILKAMAL,4229.5844,2.7901,35.3425,32.9219
2026-09-09,15:29,NINSYS,2347.6674,2.1233,44.1155,58.3491
2026-09-09,15:29,NIRAJISPAT,1055.4735,4.9239,76.5854,-11.1067
2026-09-09,15:29,NITINSPIN,2019.9057,2.5649,38.7406,96.5148
2026-09-09,15:29,NITIRAJ,332.6612,2.8231,42.252,8.2972
2026-09-09,15:29,NLCINDIA,159.0745,2.4824,36.9665,3.3531
2026-09-09,15:29,NOCIL,330.0564,2.9892,41.0346,2.6217
2026-09-09,15:29,NORTHARC,325.5912,2.5463,39.3521,25.1319
2026-09-09,15:29,NOVARTIND,9009.8827,6.0563,64.2558,284.3544
2026-09-09,15:29,NPST,2991.0979,3.2647,58.6197,-19.0822
2026-09-09,15:29,NRAIL,1084.9939,3.1593,54.186,57.7087
2026-09-09,15:29,NRBBEARING,1436.6323,2.5988,39.7976,72.3764
2026-09-09,15:29,NRL,475.4251,2.4796,35.5127,80.1113
2026-09-09,15:29,NURECA,366.5227,3.158,53.284,29.0123
2026-09-09,15:29,NUVAMA,3317.9292,2.3607,36.4009,38.2246
2026-09-09,15:29,NYKAA,636.7323,1.6415,27.9034,43.4126
2026-09-09,15:29,OAL,1591.0555,3.5614,47.9786,60.2313
2026-09-09,15:29,OBEROIRLTY,2161.3053,1.6705,27.0723,12.3666
2026-09-09,15:29,OCCLLTD,436.044,3.7693,52.5998,18.4833
2026-09-09,15:29,OFSS,24034.8307,2.1743,33.6248,29.5244
2026-09-09,15:29,OLECTRA,841.5754,2.36,43.7721,-26.7217
2026-09-09,15:29,OMAXAUTO,406.3378,4.5739,61.5666,21.9578
2026-09-09,15:29,OMAXE,303.0169,4.029,55.2399,36.559
2026-09-09,15:29,ONESOURCE,1987.6566,2.0533,41.9569,-18.1239
2026-09-09,15:29,OPTIEMUS,936.7724,2.9244,48.8842,-14.9882
2026-09-09,15:29,ORBTEXP,388.5388,4.1853,58.4749,23.614
2026-09-09,15:29,ORCHPHARMA,2126.5753,3.0305,43.8994,44.1928
2026-09-09,15:29,ORIENTBELL,901.4225,3.0213,50.357,36.1971
2026-09-09,15:29,ORIENTHOT,238.8909,3.6591,46.7892,-1.4919
2026-09-09,15:29,ORIENTLTD,133.2133,3.5003,46.1628,-6.7123
2026-09-09,15:29,PAGEIND,16434.6023,1.6176,24.2421,-19.7938
2026-09-09,15:29,PAISALO,283.2333,2.9163,44.4242,110.0946
2026-09-09,15:29,PANACEABIO,166.5165,3.8411,56.241,-7.4065
2026-09-09,15:29,PANACHE,1430.7407,2.793,49.2688,99.2637
2026-09-09,15:29,PANAMAPET,1261.4332,4.0733,50.6663,64.1363
2026-09-09,15:29,PAR,269.2794,4.373,55.2387,23.6837
2026-09-09,15:29,PARACABLES,209.8047,4.306,59.3571,40.8137
2026-09-09,15:29,PARADEEP,138.9189,2.3797,43.7567,-7.4651
2026-09-09,15:29,PARAS,5052.555,3.8874,50.941,112.351
2026-09-09,15:29,PARKHOSPS,813.5439,2.5304,1.7e+308,1.7e+308
2026-09-09,15:29,PASUPTAC,142.826,3.1063,53.7184,46.5157
2026-09-09,15:29,PAUSHAKLTD,1637.5685,3.1359,1.7e+308,1.7e+308
2026-09-09,15:29,PAYTM,3675.7691,2.5552,38.8507,43.6833
2026-09-09,15:29,PCBL,455.8276,2.8235,46.5999,-12.8982
2026-09-09,15:29,PFOCUS,586.064,3.2973,55.8754,67.452
2026-09-09,15:29,PGHL,1054.2952,1.8574,24.9289,-12.3088
2026-09-09,15:29,PGIL,4198.575,2.7921,50.6392,70.2975
2026-09-09,15:29,PHOENIXLTD,1517.5654,1.6317,26.685,20.8448
2026-09-09,15:29,PICCADIL,170.2377,2.7721,42.8783,-15.9709
2026-09-09,15:29,PIDILITIND,919.0971,1.3369,21.8941,2.1144
2026-09-09,15:29,PIRAMALFIN,3533.1291,2.1688,1.7e+308,1.7e+308
2026-09-09,15:29,PITTIENG,2506.7417,2.3259,39.6682,27.5419
2026-09-09,15:29,PIXTRANS,2763.4937,2.6775,32.25,22.477
2026-09-09,15:29,PKTEA,2811.2476,3.8525,54.0947,49.9868
2026-09-09,15:29,PLASTIBLEN,247.1392,2.628,34.7104,-3.4184
2026-09-09,15:29,PNBHOUSING,2087.8148,1.7851,32.007,37.5655
2026-09-09,15:29,PNGJL,390.7094,2.3256,34.4859,3.12
2026-09-09,15:29,PODDARMENT,339.4831,2.901,39.7105,2.0877
2026-09-09,15:29,POKARNA,483.1151,2.191,53.5142,-8.6824
2026-09-09,15:29,POLICYBZR,1121.8943,1.9049,33.265,-0.2107
2026-09-09,15:29,POLYCAB,9519.6659,1.8279,30.5448,15.1561
2026-09-09,15:29,POLYMED,1360.0412,2.6555,43.2177,-14.7463
2026-09-09,15:29,POLYPLEX,1880.3667,2.3363,33.2514,12.4371
2026-09-09,15:29,PONNIERODE,657.6943,2.5942,35.6382,23.0871
2026-09-09,15:29,POONAWALLA,364.042,1.9545,37.8104,2.0821
2026-09-09,15:29,POWERINDIA,83555.999,2.6918,44.5464,58.6058
2026-09-09,15:29,POWERMECH,2589.2258,2.0908,38.6056,-21.0135
2026-09-09,15:29,PPAP,323.4825,4.3098,57.9039,16.3809
2026-09-09,15:29,PPL,503.3949,3.0334,45.2539,-10.671
2026-09-09,15:29,PPLPHARMA,410.9891,2.398,34.4474,8.6361
2026-09-09,15:29,PRABHA,549.1638,2.7561,45.4607,2.9003
2026-09-09,15:29,PRAJIND,255.2016,2.2865,40.6877,-16.8385
2026-09-09,15:29,PRECOT,1990.4475,3.4181,61.8747,43.6983
2026-09-09,15:29,PRECWIRE,1519.0534,3.8248,60.1654,160.2172
2026-09-09,15:29,PREMEXPLN,1147.3211,3.5767,54.8793,19.7413
2026-09-09,15:29,PREMIERENE,1764.0841,1.7048,34.4147,-7.5152
2026-09-09,15:29,PREMIERPOL,248.7517,3.6372,57.9476,82.6751
2026-09-09,15:29,PRESTIGE,248.6895,2.1358,33.1416,-0.6001
2026-09-09,15:29,PRICOLLTD,1099.5678,2.4186,38.9431,43.9351
2026-09-09,15:29,PRINCEPIPE,271.8221,2.1193,35.9622,-16.3937
2026-09-09,15:29,PRIVISCL,4530.9879,1.7662,34.8549,51.3605
2026-09-09,15:29,PRUDENT,5750.25,2.2621,37.2378,17.6607
2026-09-09,15:29,PSPPROJECT,914.4462,2.8084,45.9,12.4752
2026-09-09,15:29,PTCIL,29365.2234,2.6461,36.6185,60.8076
2026-09-09,15:29,PVP,216.0065,4.122,64.394,112.0933
2026-09-09,15:29,PVRINOX,1308.8761,1.9435,30.6533,4.3183
2026-09-09,15:29,QPOWER,5104.6494,3.2117,55.6885,60.2202
2026-09-09,15:29,QUADFUTURE,932.1211,3.9777,60.9086,-0.5314
2026-09-09,15:29,QUESS,899.1898,2.7247,37.0406,34.2917
2026-09-09,15:29,RACLGEAR,3941.2037,2.9307,56.9578,76.8194
2026-09-09,15:29,RADICO,10354.4202,1.5882,32.7602,53.7497
2026-09-09,15:29,RAIN,415.8265,3.566,53.8172,60.4992
2026-09-09,15:29,RAINBOW,1902.0724,1.3133,22.5013,-0.7931
2026-09-09,15:29,RAJRATAN,662.3454,2.2284,48.9415,51.2121
2026-09-09,15:29,RAMCOSYS,724.0528,4.8796,64.7462,28.8769
2026-09-09,15:29,RAMRAT,1481.2847,3.1581,42.3587,47.7667
2026-09-09,15:29,RANEHOLDIN,2418.0573,2.8667,41.4258,12.2247
2026-09-09,15:29,RATEGAIN,1314.4582,2.6442,44.2223,34.2695
2026-09-09,15:29,RATNAMANI,4468.9706,2.8112,45.1423,20.3164
2026-09-09,15:29,RATNAVEER,937.4545,3.5281,49.6964,106.4574
2026-09-09,15:29,RAYMOND,2572.1703,3.5339,45.838,31.5301
2026-09-09,15:29,RAYMONDREL,586.0643,3.935,57.1679,-5.5623
2026-09-09,15:29,RBA,226.7355,2.9786,38.824,23.799
2026-09-09,15:29,RBLBANK,769.0154,1.8635,30.8788,52.6045
2026-09-09,15:29,RBZJEWEL,264.6282,3.6385,50.9373,23.6908
2026-09-09,15:29,REDINGTON,692.1137,2.6009,50.3432,55.0656
2026-09-09,15:29,REFEX,325.7151,2.6009,52.5439,-22.3785
2026-09-09,15:29,REGAAL,163.9739,2.9874,1.7e+308,-19.5952
2026-09-09,15:29,RELIGARE,192.1918,2.0126,38.5368,1.2985
2026-09-09,15:29,RGL,265.7445,3.3569,56.8437,24.1586
2026-09-09,15:29,RISHABH,2608.4507,3.2878,51.9241,91.0549
2026-09-09,15:29,RITCO,501.2865,2.7795,42.1872,17.6176
2026-09-09,15:29,RKFORGE,1306.0858,2.2532,35.5224,25.0456
2026-09-09,15:29,RML,3944.925,3.3253,43.1467,60.5909
2026-09-09,15:29,ROLEXRINGS,340.5994,2.9752,44.3456,25.6318
2026-09-09,15:29,ROSSTECH,3194.204,3.8521,61.3326,60.0348
2026-09-09,15:29,RPEL,5840.796,3.2041,50.3736,146.6854
2026-09-09,15:29,RPGLIFE,5151.1624,2.8043,37.1406,18.1364
2026-09-09,15:29,RPSGVENT,993.8283,2.4215,47.8832,-0.0868
2026-09-09,15:29,RPTECH,2669.5375,3.4041,44.0067,164.0744
2026-09-09,15:29,RRKABEL,6468.4114,2.9607,38.9216,94.4864
2026-09-09,15:29,RSWM,480.7587,2.621,41.3479,36.375
2026-09-09,15:29,RUBICON,7017.5751,3.3546,1.7e+308,1.7e+308
2026-09-09,15:29,RUBYMILLS,1741.9438,3.8649,52.6072,108.5328
2026-09-09,15:29,RVTH,901.4223,3.0387,47.2356,-10.8078
2026-09-09,15:29,S&SPOWER,516.9146,3.0813,54.6921,-22.9704
2026-09-09,15:29,SAATVIKGL,194.4245,2.2673,1.7e+308,1.7e+308
2026-09-09,15:29,SAHYADRI,843.6842,2.9811,41.9376,37.7503
2026-09-09,15:29,SAIL,234.2395,2.3783,35.8953,40.9345
2026-09-09,15:29,SAILIFE,5184.9623,1.9784,34.3745,91.9789
2026-09-09,15:29,SAKAR,4759.8328,3.7908,53.8214,244.7054
2026-09-09,15:29,SALSTEEL,261.5893,3.2293,57.9643,150.4428
2026-09-09,15:29,SAMBHV,269.7136,2.5256,43.9936,8.6819
2026-09-09,15:29,SANATHAN,238.7669,2.1525,32.8314,-6.981
2026-09-09,15:29,SANDESH,194.1139,2.6536,33.3828,-14.4746
2026-09-09,15:29,SANDHAR,805.6056,2.9284,44.075,35.0329
2026-09-09,15:29,SANGAMIND,825.451,2.2242,36.2035,44.3135
2026-09-09,15:29,SANGHVIMOV,897.7014,3.0531,51.1714,21.9683
2026-09-09,15:29,SANGINITA,323.6066,2.5074,48.08,533.8353
2026-09-09,15:29,SANSERA,15111.7716,2.7021,40.8823,192.4965
2026-09-09,15:29,SAPPHIRE,244.2864,3.1979,45.4856,-30.7755
2026-09-09,15:29,SARDAEN,454.8972,1.7879,34.0307,-7.4674
2026-09-09,15:29,SAREGAMA,1012.4335,3.0513,41.5912,1.583
2026-09-09,15:29,SASKEN,3584.6038,4.1686,54.7798,24.4371
2026-09-09,15:29,SATIN,377.4377,2.5783,33.4938,45.3857
2026-09-09,15:29,SBCL,4441.0637,4.2051,54.7023,119.7197
2026-09-09,15:29,SBILIQETF,153.8655,0.0121,0.7358,4.9399
2026-09-09,15:29,SCHAEFFLER,2072.6201,1.4915,28.5292,-0.4933
2026-09-09,15:29,SCHNEIDER,3054.9757,3.6371,48.8734,37.0687
2026-09-09,15:29,SCI,457.4402,2.245,45.8637,34.0627
2026-09-09,15:29,SCPL,2130.2964,3.9173,56.3277,159.645
2026-09-09,15:29,SEAMECLTD,3141.1797,2.4027,36.8603,90.6842
2026-09-09,15:29,SECMARK,231.8209,3.3644,63.3196,10.8091
2026-09-09,15:29,SEMAC,253.7131,3.4824,54.864,-46.1516
2026-09-09,15:29,SENCO,305.1253,2.9915,42.1417,-4.9933
2026-09-09,15:29,SENORES,4355.4796,2.9752,40.8237,115.7704
2026-09-09,15:29,SETFNN50,391.3294,0.8388,16.1243,7.8589
2026-09-09,15:29,SETL,1907.5302,3.5373,50.6487,131.8864
2026-09-09,15:29,SFL,1000.3401,2.6662,39.3913,-6.8159
2026-09-09,15:29,SGFIN,2149.2118,2.5535,41.9046,80.5559
2026-09-09,15:29,SGIL,483.1151,2.5947,40.7278,5.028
2026-09-09,15:29,SGMART,2629.5366,2.6911,1.7e+308,115.8336
2026-09-09,15:29,SHADOWFAX,880.8327,3.2089,1.7e+308,1.7e+308
2026-09-09,15:29,SHAHALLOYS,220.3477,3.3705,52.4855,44.129
2026-09-09,15:29,SHAILY,9398.112,3.0648,52.0486,53.617
2026-09-09,15:29,SHALPAINTS,135.818,4.4064,61.3127,15.0185
2026-09-09,15:29,SHANKARA,278.0238,1.7542,47.1379,-38.8394
2026-09-09,15:29,SHANTIGEAR,1598.1876,3.3193,41.2911,26.5987
2026-09-09,15:29,SHANTIGOLD,409.0046,2.7802,46.2462,16.8508
2026-09-09,15:29,SHARDAMOTR,393.1899,1.9771,36.1948,-12.6513
2026-09-09,15:29,SHAREINDIA,322.3043,3.0956,52.0248,29.9362
2026-09-09,15:29,SHEMAROO,169.6795,2.6739,44.8487,11.865
2026-09-09,15:29,SHILCTECH,5662.8049,3.1933,1.7e+308,1.7e+308
2026-09-09,15:29,SHILPAMED,4170.6678,2.9358,41.0169,132.1411
2026-09-09,15:29,SHIVALIK,501.1003,3.7922,51.4593,-19.687
2026-09-09,15:29,SHIVAUM,876.6155,2.7763,1.7e+308,1.7e+308
2026-09-09,15:29,SHOPERSTOP,168.9973,2.622,38.1462,-28.8901
2026-09-09,15:29,SHREEJISPG,2369.3734,2.3629,1.7e+308,179.2637
2026-09-09,15:29,SHREEPUSHK,937.0825,2.99,53.6923,51.2144
2026-09-09,15:29,SHRIPISTON,11436.001,1.9755,38.4852,73.8768
2026-09-09,15:29,SHRIRAMFIN,194.7347,2.022,35.4748,62.5978
2026-09-09,15:29,SHYAMMETL,1398.8013,1.8455,28.5094,16.9926
2026-09-09,15:29,SICAGEN,221.1539,12.8837,137.0691,248.9783
2026-09-09,15:29,SIEMENS,5998.9402,1.7565,30.6217,23.3323
2026-09-09,15:29,SIGIND,145.9889,3.167,45.7001,29.4895
2026-09-09,15:29,SIGMAADV,3635.644,3.6238,57.5858,380.0992
2026-09-09,15:29,SIGNPOST,380.9107,3.3757,48.101,-7.1502
2026-09-09,15:29,SILINV,163.4158,1.5407,30.9646,-20.7335
2026-09-09,15:29,SIMPLEXINF,228.4721,3.2798,54.8954,-12.2335
2026-09-09,15:29,SIS,536.4502,2.0351,29.6141,22.4663
2026-09-09,15:29,SJS,4028.648,2.0675,37.019,63.9077
2026-09-09,15:29,SKFINDUS,2380.8461,2.2434,1.7e+308,1.7e+308
2026-09-09,15:29,SKIPPER,1440.0433,2.5519,40.0118,11.3517
2026-09-09,15:29,SKMEGGPROD,402.5547,4.126,57.549,47.4148
2026-09-09,15:29,SKYGOLD,3243.8185,3.4203,50.6472,194.845
2026-09-09,15:29,SMARTLINK,522.4343,3.4573,46.4672,40.8865
2026-09-09,15:29,SMARTWORKS,581.4128,2.0515,35.3169,6.161
2026-09-09,15:29,SMLMAH,19013.904,4.0225,59.7491,75.833
2026-09-09,15:29,SMSPHARMA,550.4041,2.462,48.2353,39.8359
2026-09-09,15:29,SOFTTECH,1038.7909,2.2096,42.9408,13.6662
2026-09-09,15:29,SOLARA,1127.1657,3.3,45.5519,1.9113
2026-09-09,15:29,SOLARINDS,56789.3032,2.0604,32.9104,55.2107
2026-09-09,15:29,SOMANYCERA,878.476,2.2983,36.6388,13.9944
2026-09-09,15:29,SONACOMS,1920.988,1.8172,31.3268,86.6682
2026-09-09,15:29,SONAMLTD,216.6267,3.2483,46.6344,51.882
2026-09-09,15:29,SOTL,2175.5692,4.1069,48.4497,69.4973
2026-09-09,15:29,SOUTHWEST,166.5787,3.1263,54.1463,63.0905
2026-09-09,15:29,SPAL,2062.3875,3.6364,49.9547,36.1253
2026-09-09,15:29,SPARC,415.3923,3.8622,56.848,40.1677
2026-09-09,15:29,SPECIALITY,184.6257,2.9768,46.2248,8.9231
2026-09-09,15:29,SPECTRUM,9082.4442,3.8655,56.2189,92.8124
2026-09-09,15:29,SPLPETRO,1440.0433,2.1031,40.4678,3.19
2026-09-09,15:29,SPORTKING,783.8995,3.2828,47.4926,98.802
2026-09-09,15:29,SREEL,801.8846,2.9897,35.8347,47.2577
2026-09-09,15:29,SRHHYPOLTD,567.1489,1.9463,32.176,-11.8203
2026-09-09,15:29,SSWL,1024.465,2.7107,40.7663,52.6089
2026-09-09,15:29,STALLION,295.2026,4.0066,74.658,8.6523
2026-09-09,15:29,STAR,2066.1084,2.3746,38.7713,31.4317
2026-09-09,15:29,STARHEALTH,622.9645,1.3526,23.4622,29.0064
2026-09-09,15:29,STEELCAS,717.7269,2.3592,44.6024,52.955
2026-09-09,15:29,STEL,1084.9939,2.7245,50.8696,12.21
2026-09-09,15:29,STLTECH,4667.1792,3.5307,63.0713,623.5732
2026-09-09,15:29,STOVEKRAFT,2243.4783,2.335,43.8502,24.7659
2026-09-09,15:29,STYL,912.7096,2.9182,1.7e+308,1.7e+308
2026-09-09,15:29,STYLAMIND,7398.6719,2.5268,35.991,95.9164
2026-09-09,15:29,STYLEBAAZA,503.2711,3.3024,56.899,7.4284
2026-09-09,15:29,STYRENIX,1465.4707,1.9055,31.0861,-17.3055
2026-09-09,15:29,SUDARSCHEM,2282.5495,2.8414,40.0172,-7.8344
2026-09-09,15:29,SUDEEPPHRM,4238.267,3.0137,1.7e+308,1.7e+308
2026-09-09,15:29,SUMICHEM,400.012,2.7994,35.9614,-13.1513
2026-09-09,15:29,SUNCLAY,308.226,1.9173,36.608,-25.9728
2026-09-09,15:29,SUNDRMBRAK,980.1844,3.1079,43.9844,-4.4158
2026-09-09,15:29,SUNDRMFAST,1783.6197,1.7468,26.9292,19.1053
2026-09-09,15:29,SUNDROP,340.4751,1.6125,28.0407,-19.0329
2026-09-09,15:29,SUNFLAG,567.9551,3.2244,43.4116,25.8689
2026-09-09,15:29,SUNPHARMA,1580.2028,1.2803,19.553,15.3594
2026-09-09,15:29,SUPERHOUSE,140.4694,2.5106,43.7625,24.4471
2026-09-09,15:29,SUPRAJIT,294.5825,1.6771,31.6547,9.1267
2026-09-09,15:29,SUPREMEIND,186.0521,1.5997,26.7414,-22.4105
2026-09-09,15:29,SUPRIYA,1502.0607,3.8662,47.1817,40.735
2026-09-09,15:29,SURAKSHA,405.9036,2.4901,34.0529,8.1695
2026-09-09,15:29,SUVEN,1353.281,4.2985,58.8846,59.1506
2026-09-09,15:29,SUYOG,904.5232,2.3167,45.1517,-12.0783
2026-09-09,15:29,SVLL,912.8957,3.3334,44.3324,3.8765
2026-09-09,15:29,SWANDEF,4749.9103,2.0108,1533.8142,393.6963
2026-09-09,15:29,SWARAJENG,774.5978,1.1378,25.5168,-16.5882
2026-09-09,15:29,SWELECTES,347.6073,2.2628,45.832,-36.4348
2026-09-09,15:29,SYRMA,5303.4153,2.6133,43.9431,96.5712
2026-09-09,15:29,TAINWALCHM,228.472,2.9295,53.2861,-1.1954
2026-09-09,15:29,TALBROAUTO,1020.1858,2.5601,40.4452,40.8543
2026-09-09,15:29,TARIL,370.4297,2.701,59.343,-40.3995
2026-09-09,15:29,TARSONS,774.3489,3.9437,50.8012,2.6841
2026-09-09,15:29,TASTYBITE,18403.6537,2.5404,35.2235,5.4417
2026-09-09,15:29,TATACAP,155.6636,1.6572,1.7e+308,1.7e+308
2026-09-09,15:29,TATACOMM,1041.2717,2.0664,33.9293,9.8389
2026-09-09,15:29,TATATECH,923.7488,2.5109,32.9179,12.1849
2026-09-09,15:29,TATVA,3709.8794,3.2607,52.4447,65.9524
2026-09-09,15:29,TBOTEK,2092.4661,2.2367,40.1065,10.703
2026-09-09,15:29,TBZ,2315.5423,5.2076,63.2679,182.3655
2026-09-09,15:29,TCPLPACK,7517.1242,3.3876,44.18,12.7021
2026-09-09,15:29,TEJASNET,1519.4257,3.3589,58.3407,-2.8427
2026-09-09,15:29,TFCILTD,487.1464,2.598,49.9445,94.4688
2026-09-09,15:29,THANGAMAYL,12057.4162,3.8823,60.1529,134.0299
2026-09-09,15:29,THEJO,2535.2703,2.1073,32.1011,14.4401
2026-09-09,15:29,THELEELA,657.3841,2.007,30.9858,26.6563
2026-09-09,15:29,THEMISMED,333.6535,3.6224,57.9979,8.6718
2026-09-09,15:29,THERMAX,4666.1876,2.642,35.2112,9.8777
2026-09-09,15:29,THYROCARE,1034.4496,2.5671,40.6351,38.9679
2026-09-09,15:29,TI,734.906,1.8166,34.5988,13.1259
2026-09-09,15:29,TIIL,7518.985,2.2815,40.0273,27.6351
2026-09-09,15:29,TIINDIA,2132.1574,2.0846,34.5577,-17.1113
2026-09-09,15:29,TIMKEN,886.8484,1.6369,27.4492,4.8746
2026-09-09,15:29,TINNARUBR,2672.3285,3.3912,48.9592,28.3326
2026-09-09,15:29,TIPSMUSIC,787.3106,2.7508,37.9772,8.675
2026-09-09,15:29,TIRUPATIFL,227.6657,3.6724,58.1225,79.2292
2026-09-09,15:29,TITAGARH,564.0477,2.3587,36.4439,-5.5148
2026-09-09,15:29,TITAN,6323.9106,1.465,23.0493,40.1215
2026-09-09,15:29,TMB,2054.0153,2.5736,37.7101,113.4838
2026-09-09,15:29,TNPETRO,263.2638,2.2613,37.8197,37.1611
2026-09-09,15:29,TNPL,155.2295,2.0062,31.3361,-3.4676
2026-09-09,15:29,TORNTPHARM,5785.5996,1.545,21.8305,38.2424
2026-09-09,15:29,TRAVELFOOD,1431.9812,2.0757,31.6172,1.469
2026-09-09,15:29,TRENT,2071.3801,2.0813,32.9715,-17.5439
2026-09-09,15:29,TRITURBINE,401.5625,2.868,36.8617,6.2823
2026-09-09,15:29,TRUALT,266.6747,2.0359,1.7e+308,1.7e+308
2026-09-09,15:29,TTKHLTCARE,1360.0408,2.1288,29.4355,-0.3786
2026-09-09,15:29,TVSMOTOR,3456.2282,1.7675,27.3471,18.861
2026-09-09,15:29,TVSSCS,176.1914,2.6465,40.4907,-5.6682
2026-09-09,15:29,TVSSRICHAK,7847.6771,2.7167,42.1917,78.4506
2026-09-09,15:29,UCAL,256.6278,2.9797,45.5502,7.7349
2026-09-09,15:29,UDS,342.0257,2.3977,43.7988,-17.7525
2026-09-09,15:29,UEL,518.4032,4.4748,75.2996,92.3934
2026-09-09,15:29,UFBL,3017.517,4.5414,64.9756,174.7317
2026-09-09,15:29,UFLEX,1376.4755,3.0758,41.2834,22.4613
2026-09-09,15:29,UNICHEMLAB,1037.5507,4.0673,49.4418,7.1683
2026-09-09,15:29,UNIDT,289.435,1.9536,37.3198,14.493
2026-09-09,15:29,UNIMECH,4481.3752,3.3105,47.4978,47.2981
2026-09-09,15:29,UNIPARTS,2850.9383,2.4336,42.298,117.2397
2026-09-09,15:29,UNITDSPR,435.3616,1.4316,23.8426,7.2917
2026-09-09,15:29,UNIVASTU,635.43,2.9063,44.239,91.7704
2026-09-09,15:29,UNIVCABLES,5155.8137,4.4126,58.7838,114.8664
2026-09-09,15:29,UNIVPHOTO,2310.9532,2.6062,52.384,116.5392
2026-09-09,15:29,UNOMINDA,520.3259,1.8003,32.2839,-4.0593
2026-09-09,15:29,URBANCO,315.4203,2.8583,1.7e+308,1.7e+308
2026-09-09,15:29,USHAMART,557.5361,1.8628,33.7799,28.7669
2026-09-09,15:29,UTLSOLAR,1542.62,3.2371,1.7e+308,1.7e+308
2026-09-09,15:29,UTTAMSUGAR,443.2381,2.8164,41.907,7.6442
2026-09-09,15:29,VADILALIND,19545.3941,2.4734,38.1874,33.1193
2026-09-09,15:29,VALIANTLAB,385.3759,2.9486,50.2771,38.0848
2026-09-09,15:29,VALIANTORG,728.6421,3.0708,53.6998,-1.4799
2026-09-09,15:29,VARROC,1660.205,2.2367,35.7671,39.5395
2026-09-09,15:29,VEDL,220.0376,2.4722,36.2153,67.0447
2026-09-09,15:29,VENKEYS,1134.297,2.16,37.9653,13.4034
2026-09-09,15:29,VENUSPIPES,5600.7883,2.7783,43.9683,43.9621
2026-09-09,15:29,VENUSREM,5193.0241,3.3813,54.0441,264.6045
2026-09-09,15:29,VERANDA,231.1387,3.5415,52.8203,3.2185
2026-09-09,15:29,VETO,158.3303,2.447,36.5173,11.0883
2026-09-09,15:29,VHL,1255.8517,1.672,32.4475,-13.0229
2026-09-09,15:29,VIDHIING,230.3947,2.1945,35.9261,-6.7377
2026-09-09,15:29,VIDYAWIRES,280.6286,3.298,1.7e+308,1.7e+308
2026-09-09,15:29,VIJAYA,3212.1896,2.3971,31.8426,43.8898
2026-09-09,15:29,VIMTALABS,1149.1819,2.7481,51.0165,-19.1518
2026-09-09,15:29,VINCOFE,179.0441,2.6724,39.9501,18.491
2026-09-09,15:29,VINDHYATEL,10663.8855,4.6133,58.1105,95.9025
2026-09-09,15:29,VISAKAIND,182.7032,2.7121,37.8944,12.0463
2026-09-09,15:29,VISHNU,1296.473,2.0118,32.3675,43.1268
2026-09-09,15:29,VIYASH,373.5306,2.7641,43.1496,43.499
2026-09-09,15:29,VMART,1340.1955,2.0534,40.4084,11.4171
2026-09-09,15:29,VOLTAMP,23237.9075,2.9995,40.015,51.8381
2026-09-09,15:29,VSSL,688.0827,2.3182,35.3892,32.0051
2026-09-09,15:29,VTL,811.1871,1.8891,35.4754,35.6129
2026-09-09,15:29,WABAG,6578.8019,2.9059,40.5878,39.3747
2026-09-09,15:29,WALCHANNAG,169.5555,3.7141,58.5109,-0.9402
2026-09-09,15:29,WANBURY,224.5029,3.1793,52.7981,-5.9377
2026-09-09,15:29,WEALTH,198.7656,1.8781,38.446,-33.5305
2026-09-09,15:29,WELCORP,11609.0311,2.7482,39.7815,196.5047
2026-09-09,15:29,WELENT,1993.8582,2.2261,37.1449,62.687
2026-09-09,15:29,WELINV,6927.3399,2.9001,54.6059,133.9
2026-09-09,15:29,WELSPUNLIV,539.6131,2.4448,46.3776,73.6846
2026-09-09,15:29,WENDT,8865.3827,2.445,34.7395,-14.6966
2026-09-09,15:29,WESTLIFE,501.1003,2.757,39.4142,-24.6562
2026-09-09,15:29,WEWORK,591.9558,2.7968,1.7e+308,1.7e+308
2026-09-09,15:29,WHEELS,10114.413,4.1496,50.5335,223.2478
2026-09-09,15:29,WINDLAS,1931.8406,2.4229,35.3675,15.0156
2026-09-09,15:29,WINDMACHIN,291.7918,2.5212,41.8214,0.383
2026-09-09,15:29,WOCKPHARMA,5550.5544,3.2753,51.8998,48.1423
2026-09-09,15:29,WONDERLA,164.0358,1.6371,29.0463,-19.9845
2026-09-09,15:29,WSTCSTPAPR,1714.7802,2.3613,38.6376,35.8327
2026-09-09,15:29,XPROINDIA,2212.1596,3.602,51.2186,5.2657
2026-09-09,15:29,YASHO,17328.8925,4.3635,59.8541,125.591
2026-09-09,15:29,YATHARTH,2353.8691,2.018,37.9281,28.4908
2026-09-09,15:29,YUKEN,1855.5593,2.3023,37.3529,7.3713
2026-09-09,15:29,ZENTEC,2641.9398,2.61,38.5094,18.9538
2026-09-09,15:29,ZIMLAB,379.1122,3.0314,50.4034,75.5298
2026-09-09,15:29,ZYDUSLIFE,1546.0933,1.6963,23.7148,7.911
2026-09-09,15:29,ZYDUSWELL,706.998,2.3291,40.1224,9.2235
2026-09-10,15:29,20MICRONS,243.8522,2.6738,41.781,-6.4922
2026-09-10,15:29,63MOONS,1592.2959,3.0037,52.0562,-5.8677
2026-09-10,15:29,AAREYDRUGS,194.8586,2.4694,51.5768,30.3773
2026-09-10,15:29,AARTIDRUGS,346.367,1.7533,32.0708,-14.2549
2026-09-10,15:29,AARTIIND,827.0014,2.4113,37.2526,29.4427
2026-09-10,15:29,AARTIPHARM,551.6446,3.1999,44.5493,-10.8598
2026-09-10,15:29,AARTISURF,565.9085,3.7232,51.0936,4.6708
2026-09-10,15:29,ABB,11733.6859,1.9998,29.6829,39.6372
2026-09-10,15:29,ABCAPITAL,439.0829,1.9695,32.004,37.2213
2026-09-10,15:29,ABDL,745.1388,2.3456,40.716,12.0487
2026-09-10,15:29,ABREL,641.8798,2.2804,38.6832,-25.5801
2026-09-10,15:29,ABSLAMC,2039.131,2.2903,36.6244,28.4896
2026-09-10,15:29,ACE,1450.586,2.1841,35.5495,0.2056
2026-09-10,15:29,ACMESOLAR,1089.087,2.2211,38.1687,24.6079
2026-09-10,15:29,ACUTAAS,10084.6432,2.6686,44.8951,139.3315
2026-09-10,15:29,ADANIENSOL,3387.0787,2.3676,40.3147,67.719
2026-09-10,15:29,ADANIENT,7035.2495,2.1707,35.9789,28.6455
2026-09-10,15:29,ADANIGREEN,3053.1149,2.3297,43.7274,32.3317
2026-09-10,15:29,ADANIPORTS,2623.9547,1.6368,28.9909,26.9112
2026-09-10,15:29,ADANIPOWER,500.17,2.1674,43.5102,64.5979
2026-09-10,15:29,ADFFOODS,630.1584,2.6764,48.002,19.0228
2026-09-10,15:29,ADOR,3505.2221,2.3587,38.0095,65.1055
2026-09-10,15:29,ADVAIT,3787.4011,3.0254,1.7e+308,1.7e+308
2026-09-10,15:29,ADVENZYMES,194.4245,2.561,38.7,-10.437
2026-09-10,15:29,AEGISLOG,3775.6172,3.5468,47.3075,86.2015
2026-09-10,15:29,AEGISVOPAK,354.8634,3.1187,47.2156,18.1149
2026-09-10,15:29,AEQUS,592.452,3.5767,1.7e+308,1.7e+308
2026-09-10,15:29,AEROENTER,356.9099,3.5189,53.2371,56.8243
2026-09-10,15:29,AEROFLEX,2406.522,4.4378,58.8354,220.7504
2026-09-10,15:29,AETHER,3936.8628,2.3029,38.747,123.6722
2026-09-10,15:29,AGARWALEYE,404.9735,1.7354,27.9017,17.2394
2026-09-10,15:29,AGI,1058.3261,2.8652,42.3716,-7.248
2026-09-10,15:29,AGIIL,171.168,2.8091,53.2972,18.837
2026-09-10,15:29,AHLWEST,2303.015,3.5551,51.482,123.7822
2026-09-10,15:29,AIAENG,743.5876,1.7814,30.1113,33.3042
2026-09-10,15:29,AJANTPHARM,4421.8383,1.7376,25.7408,36.4817
2026-09-10,15:29,AJAXENGG,390.0894,2.2494,37.4284,-9.4401
2026-09-10,15:29,AKSHARCHEM,1134.9179,3.5729,49.6483,50.6918
2026-09-10,15:29,AKUMS,1888.429,2.1378,32.5783,62.2619
2026-09-10,15:29,ALBERTDAVD,986.3862,2.2927,32.3203,5.8201
2026-09-10,15:29,ALICON,344.5064,2.1443,39.495,-15.0591
2026-09-10,15:29,ALIVUS,2948.6154,2.0968,30.3527,48.383
2026-09-10,15:29,ALKYLAMINE,2325.0313,2.914,40.2727,-5.4319
2026-09-10,15:29,ALPHAGEO,678.904,3.9296,53.0853,21.4936
2026-09-10,15:29,AMAGI,1270.7358,3.2777,1.7e+308,1.7e+308
2026-09-10,15:29,AMANTA,613.7859,2.8377,1.7e+308,44.2625
2026-09-10,15:29,AMBER,7981.6352,2.4925,40.0025,-8.2661
2026-09-10,15:29,AMBIKCO,2296.5034,2.2898,34.7959,6.4736
2026-09-10,15:29,ANANDRATHI,4674.5591,1.1557,21.8782,47.9628
2026-09-10,15:29,ANANTRAJ,482.495,2.7399,46.1245,14.1665
2026-09-10,15:29,ANDHRSUGAR,168.8113,3.0607,38.0779,27.6962
2026-09-10,15:29,ANGELONE,409.3145,2.1428,41.9935,33.7803
2026-09-10,15:29,ANTELOPUS,3685.0717,3.9641,68.1573,103.8075
2026-09-10,15:29,ANTHEM,2198.2057,1.6837,29.5993,13.0534
2026-09-10,15:29,AONELIQUID,190.8268,0.0119,0.2051,4.9573
2026-09-10,15:29,APARINDS,57561.4195,2.8839,45.9213,100.9502
2026-09-10,15:29,APCOTEXIND,1479.4242,3.414,42.9813,44.5881
2026-09-10,15:29,APEX,492.7281,2.9198,67.1665,57.6821
2026-09-10,15:29,APLAPOLLO,904.8343,1.6519,26.9025,28.8557
2026-09-10,15:29,APLLTD,187.6025,1.6489,27.0616,-13.7454
2026-09-10,15:29,APOLLO,1024.527,3.322,58.8238,28.1837
2026-09-10,15:29,APOLLOHOSP,12105.7901,1.0888,18.1132,13.023
2026-09-10,15:29,APOLLOPIPE,1916.3365,2.9055,48.1106,46.0246
2026-09-10,15:29,ARIES,951.3464,2.7171,44.0953,11.8511
2026-09-10,15:29,ARIHANT,5237.9867,3.3948,2177.0996,3196.0821
2026-09-10,15:29,ARMANFIN,3218.0813,2.7378,40.9106,42.3131
2026-09-10,15:29,ARROWGREEN,2212.7798,3.0265,51.8816,39.7652
2026-09-10,15:29,ARTEMISMED,632.7631,2.2228,35.9302,45.7453
2026-09-10,15:29,ARVEE,218.6112,3.4816,67.5709,21.8333
2026-09-10,15:29,ARVIND,1485.626,2.6188,40.1671,74.3574
2026-09-10,15:29,ARVSMART,400.9421,1.9251,33.3151,-4.2345
2026-09-10,15:29,ASAHISONG,971.6261,3.1633,50.0961,30.8657
2026-09-10,15:29,ASHIANA,382.337,1.9857,31.9634,10.9729
2026-09-10,15:29,ASIANENE,1768.1152,3.3605,50.5285,50.218
2026-09-10,15:29,ASIANHOTNR,506.0618,3.029,47.4325,19.2728
2026-09-10,15:29,ASIANPAINT,875.0657,1.232,24.2039,-1.8929
2026-09-10,15:29,ASKAUTOLTD,1146.7013,2.768,37.2031,20.6786
2026-09-10,15:29,ASPINWALL,233.8674,2.171,41.2136,-6.5384
2026-09-10,15:29,ASTEC,907.314,3.5869,61.7785,-15.8427
2026-09-10,15:29,ASTERDM,1216.1604,1.6794,29.3244,21.2721
2026-09-10,15:29,ASTRAMICRO,4610.9916,2.7944,42.1417,56.2575
2026-09-10,15:29,ATGL,525.9072,2.4007,47.5468,-0.4789
2026-09-10,15:29,ATHERENERG,6402.0531,3.091,50.3234,205.6493
2026-09-10,15:29,ATLANTAELE,6754.3117,3.4454,1.7e+308,1.7e+308
2026-09-10,15:29,ATUL,2232.6252,1.4892,25.4844,-0.5632
2026-09-10,15:29,ATULAUTO,328.3818,2.3525,47.215,-14.3034
2026-09-10,15:29,AUBANK,465.7503,1.6462,29.5734,49.2535
2026-09-10,15:29,AUROPHARMA,3077.9222,1.6582,26.3488,52.4488
2026-09-10,15:29,AURUM,267.791,1.9693,35.8221,28.93
2026-09-10,15:29,AUSOMENT,253.589,2.4622,51.645,48.9196
2026-09-10,15:29,AVADHSUGAR,2841.6358,3.0004,43.527,78.2677
2026-09-10,15:29,AVALON,8407.6946,3.6091,54.0161,129.8009
2026-09-10,15:29,AVANTIFEED,218.6112,2.3848,55.9395,14.028
2026-09-10,15:29,AVG,191.9438,3.1102,56.0343,-20.2299
2026-09-10,15:29,AVL,653.663,1.8168,32.6927,21.9539
2026-09-10,15:29,AVTNPL,155.2915,2.3784,33.6239,18.882
2026-09-10,15:29,AXISCADES,4318.8889,2.6769,48.6896,18.4179
2026-09-10,15:29,AYMSYNTEX,855.5916,3.2801,46.5197,56.8974
2026-09-10,15:29,AZAD,8168.3073,3.0148,41.8824,73.203
2026-09-10,15:29,BAFNAPH,1182.6712,3.2576,53.3872,162.659
2026-09-10,15:29,BAJAJ-AUTO,14068.6398,1.5023,23.0353,30.7628
2026-09-10,15:29,BAJAJCON,1307.016,2.8979,50.6666,134.2131
2026-09-10,15:29,BAJAJFINSV,196.5948,1.4763,24.106,-6.774
2026-09-10,15:29,BAJAJHLDNG,2921.018,1.4949,28.4376,-16.7966
2026-09-10,15:29,BAJEL,130.7326,2.2593,43.2007,-12.6096
2026-09-10,15:29,BAJFINANCE,875.3753,1.7773,30.193,4.012
2026-09-10,15:29,BALAMINES,7546.2736,4.2648,55.0939,55.6752
2026-09-10,15:29,BALPHARMA,222.8904,3.6182,44.7684,17.593
2026-09-10,15:29,BALRAMCHIN,1750.7504,3.0911,40.7591,36.6437
2026-09-10,15:29,BALUFORGE,721.5723,3.1322,51.3215,-21.6054
2026-09-10,15:29,BANCOINDIA,197.2152,2.0831,45.7836,1.5208
2026-09-10,15:29,BANDHANBNK,157.7722,2.8272,41.0798,5.5377
2026-09-10,15:29,BANSALWIRE,277.5277,2.537,38.1883,-11.8721
2026-09-10,15:29,BASF,239.3876,2.0029,29.9195,-20.0992
2026-09-10,15:29,BBETF0432,278.7678,0.2622,3.8504,4.7698
2026-09-10,15:29,BBOX,1489.3468,3.0157,45.5183,65.8539
2026-09-10,15:29,BBTCL,294.9546,2.7272,40.0928,16.4481
2026-09-10,15:29,BECTORFOOD,154.5473,2.8727,41.5809,-11.7376
2026-09-10,15:29,BELRISE,392.818,2.1694,37.0105,58.3143
2026-09-10,15:29,BEML,2117.2731,2.0982,39.6272,-8.1984
2026-09-10,15:29,BEPL,296.567,2.6919,34.7283,23.8734
2026-09-10,15:29,BETA,4236.407,4.0856,1.7e+308,1.7e+308
2026-09-10,15:29,BFINVEST,462.3396,2.4929,36.6944,-3.6098
2026-09-10,15:29,BFUTILITIE,142.3299,3.0989,46.5123,-32.5006
2026-09-10,15:29,BHAGCHEM,256.3799,2.7619,44.7763,-3.5848
2026-09-10,15:29,BHAGERIA,746.0689,3.506,51.2243,48.4838
2026-09-10,15:29,BHAGYANGR,1643.3983,3.8703,62.9566,363.2369
2026-09-10,15:29,BHARATBOND-APR30,325.7774,0.1226,1.7195,4.7367
2026-09-10,15:29,BHARATBOND-APR31,278.2727,0.1451,1.9682,4.3232
2026-09-10,15:29,BHARATBOND-APR32,227.2317,0.1539,2.1264,3.7056
2026-09-10,15:29,BHARATBOND-APR33,201.6185,0.1619,2.2604,3.317
2026-09-10,15:29,BHARATFORG,3580.2629,1.7561,30.6126,59.8446
2026-09-10,15:29,BHARATSE,468.1071,3.3777,61.4743,28.6324
2026-09-10,15:29,BHEL,1100.1881,2.2194,36.4185,87.7842
2026-09-10,15:29,BIL,1739.5868,2.9568,46.7281,24.8283
2026-09-10,15:29,BIOCON,145.4306,1.5358,25.4612,7.2426
2026-09-10,15:29,BIRLACABLE,1496.5411,3.6507,54.0114,127.5156
2026-09-10,15:29,BLACKBUCK,224.1929,2.1592,39.9798,-6.2035
2026-09-10,15:29,BLISSGVS,3286.6105,3.531,59.7945,359.3717
2026-09-10,15:29,BLSE,973.0525,2.3709,43.7552,66.2903
2026-09-10,15:29,BLUEJET,1024.837,2.8109,48.4293,-19.7573
2026-09-10,15:29,BLUESTONE,2657.1342,3.2607,53.0129,33.1802
2026-09-10,15:29,BLUSPRING,488.5728,4.5112,57.4014,73.7674
2026-09-10,15:29,BODALCHEM,737.3245,4.1498,52.3215,153.5257
2026-09-10,15:29,BOSCH-HCIL,2019.9061,2.3271,36.6848,-2.605
2026-09-10,15:29,BOSCHLTD,78420.9609,1.5905,28.462,22.2891
2026-09-10,15:29,BRIGADE,599.0259,2.6662,36.6375,-8.1879
2026-09-10,15:29,BSE,4514.2436,1.9836,39.9245,50.1908
2026-09-10,15:29,BUILDPRO,3398.5513,2.8343,1.7e+308,1.7e+308
2026-09-10,15:29,CALSOFT,141.7717,4.8313,64.7983,143.8863
2026-09-10,15:29,CAMS,222.6425,1.9073,29.6683,-7.7433
2026-09-10,15:29,CAPLIPOINT,6111.8108,2.455,34.0287,24.4834
2026-09-10,15:29,CARBORUNIV,1908.2741,2.246,33.5858,9.7775
2026-09-10,15:29,CARERATING,539.5511,1.8522,30.4921,5.0378
2026-09-10,15:29,CARRARO,370.5538,2.1759,43.9708,21.3344
2026-09-10,15:29,CARTRADE,2786.4406,3.3396,56.0743,29.7879
2026-09-10,15:29,CARYSIL,2373.7147,2.6674,45.0927,24.9867
2026-09-10,15:29,CASHIETF,191.6338,0.0124,0.2106,4.9617
2026-09-10,15:29,CCL,773.0466,1.9056,32.4466,23.5692
2026-09-10,15:29,CDSL,773.3563,1.6806,31.4778,-12.3431
2026-09-10,15:29,CEIGALL,638.7789,2.2406,31.0856,40.7253
2026-09-10,15:29,CEMPRO,3844.4568,4.1114,53.4517,59.9157
2026-09-10,15:29,CENTENKA,832.8932,2.9477,36.5999,11.8514
2026-09-10,15:29,CENTUM,11882.5276,3.0387,49.8801,55.618
2026-09-10,15:29,CERA,3536.8492,1.998,28.0429,-11.199
2026-09-10,15:29,CGCL,656.4539,2.4107,34.67,46.3395
2026-09-10,15:29,CGPOWER,1969.9814,2.174,34.1442,16.4438
2026-09-10,15:29,CHEMBOND,483.4255,3.3876,52.4936,23.1164
2026-09-10,15:29,CHEMBONDCH,649.818,3.5948,61.002,29.8752
2026-09-10,15:29,CHEMCON,218.5492,2.8794,48.2536,-10.9253
2026-09-10,15:29,CHENNPETRO,4922.3185,3.2563,51.4085,121.3241
2026-09-10,15:29,CHEVIOT,1157.8643,2.1317,28.2084,-0.5323
2026-09-10,15:29,CHOLAFIN,1733.3854,2.0231,33.1181,22.9253
2026-09-10,15:29,CIPLA,275.3573,1.4839,21.204,-12.7842
2026-09-10,15:29,CLCIND,287.3265,21.9404,224.2397,1679.2727
2026-09-10,15:29,CLEAN,250.5503,2.1673,32.1535,-27.0778
2026-09-10,15:29,CLSEL,388.2287,2.7893,43.2638,8.0729
2026-09-10,15:29,CNL,2543.6425,3.3753,1.7e+308,1.7e+308
2026-09-10,15:29,CNXENERGY,25842.9277,0.766,15.7495,9.3963
2026-09-10,15:29,CNXINFRA,1302.9885,0.7335,14.8452,0.6552
2026-09-10,15:29,CNXMIDCAP,32475.7093,0.782,16.3701,7.0932
2026-09-10,15:29,CNXMNC,12887.2089,0.7829,14.3173,5.3443
2026-09-10,15:29,CNXNIFTYJUNIOR,38266.8959,0.8679,16.7616,6.3596
2026-09-10,15:29,CNXPHARMA,31136.1221,0.8303,13.7197,18.8649
2026-09-10,15:29,CNXREALTY,659.8646,1.6084,26.1123,-1.3909
2026-09-10,15:29,CNXSMALLCAP,22349.8116,0.906,17.9552,11.2955
2026-09-10,15:29,COFORGE,1102.0483,2.7992,38.979,3.9172
2026-09-10,15:29,COHANCE,467.6109,3.4585,51.1665,-54.5798
2026-09-10,15:29,COMSYN,830.8467,4.0935,49.9367,93.3898
2026-09-10,15:29,CONCORDBIO,1943.0044,2.5485,40.2274,-11.3606
2026-09-10,15:29,CONFIPET,348.9097,3.596,61.3366,78.9002
2026-09-10,15:29,CONSOFINVT,868.6152,2.2837,41.8186,55.633
2026-09-10,15:29,CORDSCABLE,1248.2856,4.0204,53.047,106.6238
2026-09-10,15:29,CORONA,4664.3268,1.9885,1.7e+308,1.7e+308
2026-09-10,15:29,COSMOFIRST,1884.0879,2.3679,40.0809,-4.6967
2026-09-10,15:29,CPCAP,217.495,2.9948,43.8702,-8.2481
2026-09-10,15:29,CPPLUS,15117.3541,2.7421,44.2111,166.8362
2026-09-10,15:29,CRAFTSMAN,27619.4345,2.1215,36.0251,77.0524
2026-09-10,15:29,CREDITACC,805.605,2.5226,39.5615,8.5564
2026-09-10,15:29,CRISIL,333.6553,1.5778,27.3697,-5.5887
2026-09-10,15:29,CUMMINSIND,7033.3902,1.796,28.1983,27.9029
2026-09-10,15:29,CUPID,1216.5327,3.0474,57.4636,599.5714
2026-09-10,15:29,CYIENTDLM,3434.5217,3.1954,45.392,102.3671
2026-09-10,15:29,DALMIASUG,976.1533,3.1476,44.3296,16.323
2026-09-10,15:29,DATAMATICS,449.0059,2.1835,41.9598,-15.0577
2026-09-10,15:29,DATAPATTNS,14303.0672,3.4125,50.671,76.2154
2026-09-10,15:29,DCBBANK,286.2722,2.0935,39.5567,78.7581
2026-09-10,15:29,DCI,321.7461,3.6954,56.5985,14.7034
2026-09-10,15:29,DCMNVL,264.4421,3.1936,46.899,11.5995
2026-09-10,15:29,DEEDEV,2883.0014,3.3407,54.4433,126.617
2026-09-10,15:29,DEEPAKFERT,2142.0796,2.2121,41.1967,-4.6477
2026-09-10,15:29,DEEPAKNTR,345.4372,1.9509,28.896,-5.9328
2026-09-10,15:29,DEEPINDS,2603.799,3.0115,46.4334,46.8392
2026-09-10,15:29,DENORA,1436.3221,2.5597,41.7505,-3.3908
2026-09-10,15:29,DENTA,176.4395,2.9404,52.0332,-25.9531
2026-09-10,15:29,DHAMPURSUG,320.6918,2.6396,38.8156,23.1618
2026-09-10,15:29,DHARMAJ,210.3629,1.7923,34.824,-21.3516
2026-09-10,15:29,DIACABS,1437.5626,3.388,47.1635,133.6014
2026-09-10,15:29,DIAMONDYD,167.4469,2.3236,34.0301,6.091
2026-09-10,15:29,DICIND,354.7394,2.5379,37.1024,6.5291
2026-09-10,15:29,DIFFNKG,1319.6054,3.2353,48.3262,14.7836
2026-09-10,15:29,DIVGIITTS,3561.0377,3.0729,45.2135,79.9508
2026-09-10,15:29,DIVISLAB,20977.3745,1.5706,24.1402,56.6166
2026-09-10,15:29,DIXON,20490.5382,2.2962,39.0978,-25.4267
2026-09-10,15:29,DLF,263.5738,1.9032,29.7612,-13.5219
2026-09-10,15:29,DLINKINDIA,190.3932,1.7955,32.8874,-10.3348
2026-09-10,15:29,DMART,473.1928,1.4423,24.3139,-20.071
2026-09-10,15:29,DMCC,395.9189,2.9278,48.5702,-3.5035
2026-09-10,15:29,DOLPHIN,1419.2675,3.0195,54.709,62.8892
2026-09-10,15:29,DPABHUSHAN,773.977,3.2806,44.9185,-11.5611
2026-09-10,15:29,DSSL,645.2903,3.9706,55.4739,6.9249
2026-09-10,15:29,DVL,186.6723,2.1066,40.6232,-18.8443
2026-09-10,15:29,DYCL,1004.0611,4.3169,55.6255,5.5485
2026-09-10,15:29,DYNAMATECH,19857.961,2.7842,45.5927,71.3755
2026-09-10,15:29,DYNPRO,141.8958,2.4422,45.7129,-35.037
2026-09-10,15:29,E2E,2333.4656,3.6147,58.0702,96.4593
2026-09-10,15:29,EBBETF0430,370.8634,0.1902,2.9701,5.0409
2026-09-10,15:29,EBBETF0431,310.5206,0.2482,3.9149,5.1062
2026-09-10,15:29,EBBETF0433,281.6211,0.2521,4.266,4.7713
2026-09-10,15:29,EBGNG,2610.9312,3.7895,54.1532,90.9181
2026-09-10,15:29,EDELWEISS,214.146,2.509,41.0309,18.523
2026-09-10,15:29,EICHERMOT,5007.9024,1.4339,26.9404,11.9564
2026-09-10,15:29,EIEL,246.1469,2.9167,47.968,-16.5747
2026-09-10,15:29,EIMCOELECO,3513.9031,2.6697,52.8447,4.3966
2026-09-10,15:29,ELECON,160.3149,2.6157,45.3051,-29.975
2026-09-10,15:29,ELECTHERM,1011.5031,4.6567,62.5296,-8.8316
2026-09-10,15:29,ELGIEQUIP,1133.9874,1.8433,33.6077,32.8063
2026-09-10,15:29,ELIQUID,186.3,0.0117,1.7e+308,1.7e+308
2026-09-10,15:29,ELLEN,700.7963,3.2652,49.8948,-32.1587
2026-09-10,15:29,EMAMIPAP,209.3086,3.1649,47.0944,13.3096
2026-09-10,15:29,EMCURE,2961.3293,1.9265,32.5962,45.5112
2026-09-10,15:29,EMIL,633.5075,3.2129,47.4202,28.8593
2026-09-10,15:29,EMMVEE,932.121,2.9978,1.7e+308,1.7e+308
2026-09-10,15:29,EMSLIMITED,334.8938,3.6509,55.3844,-29.6802
2026-09-10,15:29,ENDURANCE,1740.8272,1.8292,30.8669,-5.2703
2026-09-10,15:29,ENGINERSIN,641.0114,2.5947,42.4182,30.2921
2026-09-10,15:29,ENRIN,4379.0469,2.7673,38.451,-6.1215
2026-09-10,15:29,ENTERO,3957.9488,2.6683,39.6573,55.337
2026-09-10,15:29,EPACKPEB,260.659,3.6233,1.7e+308,1.7e+308
2026-09-10,15:29,EPIGRAL,1149.1821,2.6552,41.1188,-35.6359
2026-09-10,15:29,EPL,322.8624,2.2035,33.1972,9.0679
2026-09-10,15:29,ESABINDIA,1782.9993,2.151,30.3569,14.1625
2026-09-10,15:29,ETERNAL,325.9014,1.8343,32.9969,0.2178
2026-09-10,15:29,ETHOSLTD,1092.7457,2.4749,37.147,13.3637
2026-09-10,15:29,EVEREADY,283.7295,2.2849,35.6263,-16.3545
2026-09-10,15:29,EXCELINDUS,387.6085,2.3303,34.9254,-13.3479
2026-09-10,15:29,EXICOM,491.6116,4.7321,60.0907,22.0005
2026-09-10,15:29,EXIDEIND,646.221,2.1542,29.9005,0.5495
2026-09-10,15:29,FAZE3Q,729.3243,2.5622,62.749,-5.8824
2026-09-10,15:29,FCL,225.9293,4.5362,60.1811,147.8261
2026-09-10,15:29,FEDERALBNK,377.6857,1.4206,25.8822,78.0202
2026-09-10,15:29,FILATEX,178.2379,3.2297,45.7687,36.5509
2026-09-10,15:29,FINCABLES,4321.9905,3.3571,42.5741,67.5408
2026-09-10,15:29,FINEORG,6137.8601,1.6333,29.5182,7.8097
2026-09-10,15:29,FIVESTAR,473.8128,2.2143,39.9355,-1.8224
2026-09-10,15:29,FLUOROCHEM,11264.2132,1.897,31.9222,28.8129
2026-09-10,15:29,FORTIS,431.9511,1.3739,26.0164,-6.9639
2026-09-10,15:29,FOSECOIND,11210.8807,2.5939,41.809,1.3499
2026-09-10,15:29,GABRIEL,2598.2173,2.8614,49.5452,8.7225
2026-09-10,15:29,GAEL,168.6252,2.3733,36.0783,48.5086
2026-09-10,15:29,GALAPREC,1215.8504,3.3076,44.3865,25.7267
2026-09-10,15:29,GALAXYSURF,2594.806,2.7369,35.7008,-5.9311
2026-09-10,15:29,GALLANTT,226.6734,2.7043,55.3178,-19.5507
2026-09-10,15:29,GANDHAR,796.489,3.7645,48.9804,86.8715
2026-09-10,15:29,GANDHITUBE,1233.8356,2.0192,40.9833,-5.267
2026-09-10,15:29,GANECOS,2079.1322,2.6268,50.4082,-20.5305
2026-09-10,15:29,GANESHBE,392.3219,3.228,45.3008,40.3093
2026-09-10,15:29,GANESHHOU,212.0995,2.1649,36.0061,-11.5112
2026-09-10,15:29,GARFIBRES,929.3301,2.5774,38.0445,0.9133
2026-09-10,15:29,GARUDA,136.9963,2.8822,55.9088,-11.8925
2026-09-10,15:29,GCSL,1978.974,2.5644,1.7e+308,119.2582
2026-09-10,15:29,GEECEE,395.0505,2.1144,39.2671,-2.7592
2026-09-10,15:29,GENUSPOWER,343.2662,2.3987,41.5832,0.7413
2026-09-10,15:29,GESHIP,1285.6196,2.5249,35.1303,41.1492
2026-09-10,15:29,GHCLTEXTIL,361.2511,2.6451,40.04,63.448
2026-09-10,15:29,GIPCL,399.4539,2.1584,35.8561,7.7796
2026-09-10,15:29,GKENERGY,167.881,2.791,1.7e+308,1.7e+308
2026-09-10,15:29,GKSL,422.2142,2.1669,1.7e+308,1.7e+308
2026-09-10,15:29,GLAND,6900.0514,2.6337,33.0058,45.7995
2026-09-10,15:29,GLAXO,2682.2511,1.6943,25.364,2.4117
2026-09-10,15:29,GLENMARK,2945.8249,1.7114,26.8864,13.2474
2026-09-10,15:29,GLOBAL,237.4025,2.589,44.0766,93.3041
2026-09-10,15:29,GMMPFAUDLR,2131.2266,2.4581,34.3645,15.3046
2026-09-10,15:29,GNA,1259.2628,2.9192,46.096,78.291
2026-09-10,15:29,GNFC,688.3928,2.0533,30.4183,12.9192
2026-09-10,15:29,GOACARBON,380.7866,3.0062,42.2204,-3.7284
2026-09-10,15:29,GOCLCORP,1078.172,2.7502,45.2005,22.7318
2026-09-10,15:29,GODREJAGRO,953.827,1.727,30.8343,-8.3163
2026-09-10,15:29,GODREJIND,882.1974,3.3117,41.4281,-7.3016
2026-09-10,15:29,GODREJPROP,2202.8566,2.0963,35.39,-6.3485
2026-09-10,15:29,GOKEX,1022.9765,2.3026,56.9172,1.2092
2026-09-10,15:29,GOKULAGRO,416.5086,2.1915,44.3112,25.152
2026-09-10,15:29,GOLDIAM,136.128,2.9479,53.9667,-17.8961
2026-09-10,15:29,GPTHEALTH,203.4169,1.7322,25.8957,5.4252
2026-09-10,15:29,GRANULES,2151.0722,1.6543,29.274,68.2886
2026-09-10,15:29,GRAPHITE,1422.9886,2.6644,42.654,54.6307
2026-09-10,15:29,GRASIM,3605.6891,1.3664,22.6998,18.4511
2026-09-10,15:29,GRAVITA,849.0172,2.0821,36.4106,2.5475
2026-09-10,15:29,GREAVESCOT,184.8118,3.0626,44.4881,-10.1624
2026-09-10,15:29,GREENPLY,439.1451,2.4179,39.7395,-6.9322
2026-09-10,15:29,GRINDWELL,2409.3747,2.8107,35.7753,16.3232
2026-09-10,15:29,GROBTEA,401.2524,2.0888,39.3399,-2.5084
2026-09-10,15:29,GROWW,172.0361,2.2866,1.7e+308,1.7e+308
2026-09-10,15:29,GROWWDEFNC,130.2985,1.2541,24.7181,21.7348
2026-09-10,15:29,GRPLTD,1912.6158,2.4889,41.9542,-8.2854
2026-09-10,15:29,GRWRHITECH,24506.1627,2.8707,54.9236,107.888
2026-09-10,15:29,GUFICBIO,748.2395,2.4907,35.2263,14.4617
2026-09-10,15:29,GUJALKALI,1686.5624,2.4456,39.7756,18.0989
2026-09-10,15:29,GUJTHEM,653.663,3.3741,50.8553,13.9791
2026-09-10,15:29,GULFPETRO,208.3163,2.9087,40.5919,58.869
2026-09-10,15:29,GULPOLY,313.6218,2.5871,42.0555,9.3723
2026-09-10,15:29,GVPIL,2244.7187,3.4806,59.963,78.8007
2026-09-10,15:29,GVT&D,8070.9396,2.9605,44.6156,63.0084
2026-09-10,15:29,HAL,3554.2159,1.5699,27.1989,4.3071
2026-09-10,15:29,HALEOSLABS,1309.8065,3.0966,41.8958,21.0043
2026-09-10,15:29,HAPPYFORGE,7441.4633,2.2964,35.8732,138.4328
2026-09-10,15:29,HARRMALAYA,141.5237,2.6114,36.7835,-11.0137
2026-09-10,15:29,HARSHA,498.9298,2.1596,31.5322,9.8502
2026-09-10,15:29,HATSUN,1882.8471,1.999,35.4787,31.6471
2026-09-10,15:29,HCG,667.3071,2.0057,31.1854,3.3166
2026-09-10,15:29,HDFCLIQUID,189.3392,0.0118,0.2002,4.8418
2026-09-10,15:29,HDFCSML250,191.7577,0.8797,17.1446,7.7337
2026-09-10,15:29,HEALTHIETF,177.5558,0.8021,13.6024,12.3657
2026-09-10,15:29,HERITGFOOD,277.8377,1.9968,34.7139,-18.2984
2026-09-10,15:29,HESTERBIO,4756.7321,3.6113,42.4864,9.4095
2026-09-10,15:29,HFCL,1038.6669,3.7561,50.3142,219.5289
2026-09-10,15:29,HIKAL,277.0316,3.5611,48.5878,-8.8056
2026-09-10,15:29,HINDALCO,656.1437,1.6511,28.6357,33.7643
2026-09-10,15:29,HINDOILEXP,195.6648,2.6359,46.5291,11.2917
2026-09-10,15:29,HINDZINC,145.7408,2.1585,40.2759,28.2212
2026-09-10,15:29,HIRECT,3895.3111,3.5204,54.8126,49.6674
2026-09-10,15:29,HITECHCORP,1111.0411,3.6185,50.8043,62.8277
2026-09-10,15:29,HNDFDS,997.8596,1.7427,27.0777,16.4772
2026-09-10,15:29,HOMEFIRST,560.0171,2.0152,36.9976,-7.1692
2026-09-10,15:29,HONASA,1238.1767,1.8732,30.9981,58.7617
2026-09-10,15:29,HONAUT,7504.1014,2.3153,30.411,-8.2975
2026-09-10,15:29,HSCL,1353.219,2.7537,35.4726,41.3136
2026-09-10,15:29,HUHTAMAKI,488.7588,2.798,40.8641,15.1413
2026-09-10,15:29,HYUNDAI,183.572,1.6803,28.2756,-13.8907
2026-09-10,15:29,IBMFNIFTY,163.7258,0.9924,18.7237,9.1115
2026-09-10,15:29,ICDSLTD,160.3769,4.3886,68.9729,40.3821
2026-09-10,15:29,ICICIAMC,659.8642,1.8087,1.7e+308,1.7e+308
2026-09-10,15:29,ICICIBANK,311.9477,1.1352,19.3041,-2.3418
2026-09-10,15:29,ICICINIFTY,226.5494,0.5775,9.4792,21.3359
2026-09-10,15:29,ICIL,1302.1788,3.506,62.3657,54.4748
2026-09-10,15:29,IDEAFORGE,1882.5373,4.0725,56.7025,43.6757
2026-09-10,15:29,IFBIND,1098.9474,2.5687,44.0355,-14.5957
2026-09-10,15:29,IFCI,171.9121,4.0394,54.6016,59.5466
2026-09-10,15:29,IFGLEXPOR,214.2079,3.3762,52.8774,-14.0315
2026-09-10,15:29,IGPL,1285.9301,2.3911,38.785,27.4318
2026-09-10,15:29,IIFL,818.0092,2.6126,40.4717,39.8343
2026-09-10,15:29,IIFLCAPS,206.5178,1.1767,40.4017,15.0802
2026-09-10,15:29,IKIO,487.7046,4.0313,51.2113,3.1653
2026-09-10,15:29,IKS,1321.5899,2.0795,34.1265,15.7721
2026-09-10,15:29,IMFA,710.0989,2.4802,49.9669,24.064
2026-09-10,15:29,IMPAL,360.3208,2.1644,26.7887,9.7999
2026-09-10,15:29,INDGN,601.2583,1.7041,27.4963,0.4
2026-09-10,15:29,INDHOTEL,319.0794,1.4309,24.8227,-7.9658
2026-09-10,15:29,INDIGO,2204.7174,1.9925,33.7594,-13.6622
2026-09-10,15:29,INDIGOPNTS,286.5207,2.0491,35.3426,-5.9921
2026-09-10,15:29,INDIQUBE,183.3233,2.2705,36.6049,-8.8587
2026-09-10,15:29,INDNIPPON,4006.3219,3.0821,46.1999,45.098
2026-09-10,15:29,INDOBORAX,1488.975,4.2049,50.476,97.4555
2026-09-10,15:29,INDOCO,243.4801,3.7114,49.8442,-14.9808
2026-09-10,15:29,INDORAMA,269.6515,4.1046,57.2711,54.5184
2026-09-10,15:29,INDOSTAR,314.8001,2.8379,46.4572,-6.6049
2026-09-10,15:29,INDOTECH,14579.0422,3.2069,60.1867,102.1662
2026-09-10,15:29,INDSWFTLAB,1642.0338,3.9658,56.6099,257.2443
2026-09-10,15:29,INDUSINDBK,605.9098,1.7697,28.845,34.1391
2026-09-10,15:29,INGERRAND,7586.5833,2.3713,30.9578,19.5028
2026-09-10,15:29,INNOVACAP,2936.5223,2.2238,34.9406,35.8074
2026-09-10,15:29,INOXINDIA,7416.6571,3.2481,40.4536,96.2726
2026-09-10,15:29,IOLCP,856.7699,3.644,52.6991,82.6451
2026-09-10,15:29,IONEXCHANG,527.1476,2.9453,40.9762,5.3593
2026-09-10,15:29,IPCALAB,3515.7647,1.8059,31.5141,49.9011
2026-09-10,15:29,IRISDOREME,180.9667,2.0611,38.8074,99.2005
2026-09-10,15:29,IRMENERGY,218.7973,3.636,52.709,2.4404
2026-09-10,15:29,ISGEC,354.7394,2.0191,40.2321,-18.1832
2026-09-10,15:29,ITDC,673.1984,3.7527,58.4,2.2383
2026-09-10,15:29,IVP,463.0837,3,44.7588,31.9973
2026-09-10,15:29,IZMO,2024.867,3.074,68.7358,8.7001
2026-09-10,15:29,J&KBANK,272.1943,2.948,40.7204,44.2268
2026-09-10,15:29,JAGSNPHARM,396.415,1.9239,33.1479,-3.0824
2026-09-10,15:29,JASH,844.0564,2.6623,38.5613,0.9095
2026-09-10,15:29,JAYAGROGN,520.0776,2.7666,41.0382,7.6602
2026-09-10,15:29,JAYBARMARU,196.9672,4.1989,60.6628,24.1208
2026-09-10,15:29,JAYNECOIND,130.4845,2.9358,49.8741,38.0045
2026-09-10,15:29,JBMA,308.8464,2.0949,43.9882,-15.2465
2026-09-10,15:29,JGCHEM,1711.9893,3.1798,46.8855,26.1796
2026-09-10,15:29,JINDALPOLY,1773.6967,2.5255,48.8098,11.554
2026-09-10,15:29,JINDALSAW,899.686,2.5967,46.4887,52.6736
2026-09-10,15:29,JINDALSTEL,217.0608,1.4451,28.3494,9.7543
2026-09-10,15:29,JINDRILL,1107.3202,3.1588,50.8752,8.9788
2026-09-10,15:29,JINDWORLD,189.7731,4.8102,63.1762,53.9142
2026-09-10,15:29,JKIPL,136.1901,2.6975,1.7e+308,1.7e+308
2026-09-10,15:29,JKPAPER,559.0865,2.0237,39.8462,6.558
2026-09-10,15:29,JNKINDIA,1313.0938,4.0931,56.201,44.4426
2026-09-10,15:29,JOCIL,151.3844,2.3255,36.5223,-6.5182
2026-09-10,15:29,JSFB,937.7027,2.9512,41.4703,12.8714
2026-09-10,15:29,JSWDULUX,2821.7902,1.7246,28.5665,-5.5404
2026-09-10,15:29,JSWENERGY,555.9858,1.8368,29.9669,0.894
2026-09-10,15:29,JSWINFRA,519.7057,2.1259,31.7454,8.6281
2026-09-10,15:29,JSWSTEEL,697.6954,1.1318,23.5587,18.6533
2026-09-10,15:29,JUBLINGREA,271.636,2.0815,35.8424,-5.894
2026-09-10,15:29,JUBLPHARMA,358.4607,1.7062,29.3901,-8.6118
2026-09-10,15:29,JUNIORBEES,419.6093,0.8178,15.9949,7.3161
2026-09-10,15:29,JYOTICNC,1279.4186,2.8119,44.9474,11.5259
2026-09-10,15:29,KABRAEXTRU,3159.0406,3.836,56.496,150.6376
2026-09-10,15:29,KAJARIACER,2224.563,1.5639,28.8859,1.4849
2026-09-10,15:29,KALYANIFRG,2139.2892,3.6895,50.8255,38.2681
2026-09-10,15:29,KALYANKJIL,1527.4879,3.4944,47.3981,22.367
2026-09-10,15:29,KANORICHEM,656.3298,3.0466,43.5994,107.1682
2026-09-10,15:29,KANPRPLA,518.0311,3.0187,55.2391,8.6647
2026-09-10,15:29,KAPSTON,2022.5105,2.9404,41.5135,261.0357
2026-09-10,15:29,KARURVYSYA,305.4355,2.2395,36.5584,59.0909
2026-09-10,15:29,KAUSHALYA,222.0221,3.2089,53.1646,-34.4856
2026-09-10,15:29,KDDL,9440.9026,3.2516,44.0412,61.0212
2026-09-10,15:29,KECL,278.2099,2.9353,46.813,3.3113
2026-09-10,15:29,KEI,4127.8766,2.3535,35.0816,12.4603
2026-09-10,15:29,KENNAMET,13928.7903,2.9446,36.5199,137.7426
2026-09-10,15:29,KERNEX,3127.5361,4.3352,62.9256,52.3076
2026-09-10,15:29,KHAITANLTD,372.6003,3.6913,53.2564,29.4079
2026-09-10,15:29,KICL,2947.0665,1.6995,32.6107,4.9464
2026-09-10,15:29,KILITCH,142.3298,3.0435,45.7979,2.7773
2026-09-10,15:29,KIMS,1111.6613,1.9293,31.3432,1.845
2026-09-10,15:29,KINGFA,12779.9201,1.9754,36.7551,32.0701
2026-09-10,15:29,KIRIINDUS,397.2212,2.6975,50.409,-10.6041
2026-09-10,15:29,KIRLOSBROS,2033.5496,2.189,38.0102,-8.0645
2026-09-10,15:29,KIRLOSENG,6627.1757,3.3368,46.938,149.2384
2026-09-10,15:29,KIRLOSIND,3686.9325,3.0717,41.574,-8.4281
2026-09-10,15:29,KKCL,333.6535,1.8888,33.199,-4.873
2026-09-10,15:29,KMEW,7715.5813,3.7985,62.0787,167.3513
2026-09-10,15:29,KOLTEPATIL,486.8363,2.3505,34.6956,-2.9889
2026-09-10,15:29,KOPRAN,681.3228,3.2762,50.1171,32.3642
2026-09-10,15:29,KOTAKNIFTY,163.0436,0.6498,9.3393,29.8333
2026-09-10,15:29,KOTHARIPET,164.4701,2.5609,39.6351,-7.5229
2026-09-10,15:29,KOVAI,23405.044,1.686,116.1345,241.6965
2026-09-10,15:29,KPIL,1654.0029,1.6703,29.3656,10.6817
2026-09-10,15:29,KPRMILL,1485.6263,2.5414,41.636,11.5145
2026-09-10,15:29,KRBL,521.2559,2.4483,41.1048,-4.6949
2026-09-10,15:29,KRISHANA,557.5982,3.1048,45.663,65.8382
2026-09-10,15:29,KRISHIVAL,508.5424,1.8725,37.3263,-8.651
2026-09-10,15:29,KRISHNADEF,417.3768,3.1999,1.7e+308,1.7e+308
2026-09-10,15:29,KRN,5763.5839,3.1058,49.0434,86.292
2026-09-10,15:29,KRONOX,303.7611,3.922,50.2915,-1.0017
2026-09-10,15:29,KROSS,213.6498,2.8585,51.1274,6.4699
2026-09-10,15:29,KRYSTAL,144.8108,1.7663,40.3745,-2.7791
2026-09-10,15:29,KSB,729.3245,1.8998,30.9115,-3.0442
2026-09-10,15:29,KSHINTL,5214.1105,3.6815,1.7e+308,1.7e+308
2026-09-10,15:29,KSL,1753.5411,2.365,36.2962,19.5382
2026-09-10,15:29,KTKBANK,938.9429,1.9896,34.0023,85.8133
2026-09-10,15:29,LALPATHLAB,3021.4858,2.2207,29.9339,14.6386
2026-09-10,15:29,LAMBODHARA,163.8499,3.5923,53.7094,-10.1257
2026-09-10,15:29,LANDMARK,424.819,3.0893,46.7718,-24.1698
2026-09-10,15:29,LAURUSLABS,6293.5224,1.8085,29.7059,117.0638
2026-09-10,15:29,LAXMIINDIA,226.4874,3.3318,58.1686,-21.5219
2026-09-10,15:29,LENSKART,1583.6133,1.4745,1.7e+308,1.7e+308
2026-09-10,15:29,LFIC,174.0208,2.4064,47.754,-31.0953
2026-09-10,15:29,LGBBROSLTD,252.4111,1.5324,38.4959,28.4751
2026-09-10,15:29,LGEINDIA,1531.829,1.7858,1.7e+308,1.7e+308
2026-09-10,15:29,LICHSGFIN,277.2175,1.7155,25.3092,-2.6098
2026-09-10,15:29,LIKHITHA,289.187,2.7703,51.5593,-13.7013
2026-09-10,15:29,LINCOLN,1075.0713,2.6727,39.7969,14.4403
2026-09-10,15:29,LINDEINDIA,1869.8236,1.5086,27.5739,-3.2847
2026-09-10,15:29,LIQGRWBEES,177.3082,0.0108,0.1888,4.688
2026-09-10,15:29,LIQUID1,201.1219,0.0118,0.2007,5.0081
2026-09-10,15:29,LIQUIDADD,200.626,0.0114,0.1976,4.8953
2026-09-10,15:29,LIQUIDBETF,189.5875,0.0119,0.2096,4.8014
2026-09-10,15:29,LIQUIDPLUS,195.603,0.0119,0.204,4.9739
2026-09-10,15:29,LIQUIDSHRI,188.4709,0.0109,0.1947,4.7095
2026-09-10,15:29,LLOYDSENGG,230.9527,3.3291,49.6796,27.0906
2026-09-10,15:29,LLOYDSME,4593.6268,1.8759,36.7544,39.9383
2026-09-10,15:29,LMW,18952.5074,1.8583,32.183,17.9219
2026-09-10,15:29,LODHA,1523.7668,2.5174,37.4827,-0.4194
2026-09-10,15:29,LOKESHMACH,1095.2887,2.8146,52.1936,77.6669
2026-09-10,15:29,LOTUSDEV,357.3441,2.6644,44.5582,12.7271
2026-09-10,15:29,LOYALTEX,146.6711,2.5021,51.7986,-25.1719
2026-09-10,15:29,LT,874.4449,1.177,25.068,10.481
2026-09-10,15:29,LTF,199.6958,2.0763,34.5751,32.4906
2026-09-10,15:29,LTFOODS,499.2398,1.7548,39.1844,-4.6024
2026-09-10,15:29,LUMAXIND,7277.1173,2.3412,51.1423,39.7439
2026-09-10,15:29,LUMAXTECH,4063.3776,2.9659,54.402,77.6822
2026-09-10,15:29,LUXIND,1244.0682,2.6404,45.6698,-15.5732
2026-09-10,15:29,LXCHEM,195.6648,2.9692,43.9307,-22.6378
2026-09-10,15:29,MACPOWER,6163.9063,3.9152,53.7137,106.4345
2026-09-10,15:29,MAFANG,359.4526,1.7835,24.6304,35.6207
2026-09-10,15:29,MAGADSUGAR,761.8836,2.4871,35.5219,-2.599
2026-09-10,15:29,MAHABANK,148.3455,2.0674,35.4171,56.0592
2026-09-10,15:29,MAHASTEEL,3444.4444,2.9932,46.469,243.6387
2026-09-10,15:29,MAHESHWARI,172.4703,1.7707,39.132,17.5115
2026-09-10,15:29,MAHLOG,323.7307,1.9532,38.3879,19.4685
2026-09-10,15:29,MAHSEAMLES,1312.9077,1.6739,25.6647,14.6925
2026-09-10,15:29,MAITHANALL,391.3294,2.1932,38.282,-5.0549
2026-09-10,15:29,MAMATA,178.9201,2.0365,40.1633,-9.0111
2026-09-10,15:29,MANAKSTEEL,332.9092,3.5904,54.8348,87.069
2026-09-10,15:29,MANALIPETC,172.9664,3.2318,45.4722,22.5948
2026-09-10,15:29,MANAPPURAM,377.6857,2.2054,33.8936,13.5989
2026-09-10,15:29,MANCREDIT,292.0398,2.9516,36.4435,16.8627
2026-09-10,15:29,MANGLMCEM,1603.4586,1.902,31.2553,41.7311
2026-09-10,15:29,MANINDS,3450.0263,3.213,56.8989,113.9248
2026-09-10,15:29,MANINFRA,142.4539,2.606,39.4579,-16.1059
2026-09-10,15:29,MANKIND,896.151,1.5928,25.5304,-13.2269
2026-09-10,15:29,MANORAMA,4460.9095,2.9129,44.3444,54.0109
2026-09-10,15:29,MANORG,262.6434,3.5316,51.867,-17.2065
2026-09-10,15:29,MANYAVAR,608.7002,2.3256,34.8701,-20.2545
2026-09-10,15:29,MARALOVER,149.5239,3.4821,50.8336,30.7933
2026-09-10,15:29,MARICO,510.7129,1.1125,18.1559,9.3186
2026-09-10,15:29,MARINE,1394.5225,3.3616,50.5791,107.7384
2026-09-10,15:29,MARKOLINES,224.3168,1.8073,1.7e+308,1.7e+308
2026-09-10,15:29,MARKSANS,1006.7899,3.2501,42.4977,91.06
2026-09-10,15:29,MASPTOP50,152.2527,1.8616,23.6592,43.7077
2026-09-10,15:29,MAWANASUG,352.2586,3.109,41.5292,46.6868
2026-09-10,15:29,MAXESTATES,1173.3687,2.7678,41.0151,26.5687
2026-09-10,15:29,MAXHEALTH,383.8873,1.7553,26.7699,-12.2952
2026-09-10,15:29,MAYURUNIQ,1425.779,2.8487,37.9138,46.0239
2026-09-10,15:29,MAZDA,426.7415,3.1648,45.091,-4.9353
2026-09-10,15:29,MBAPL,481.0687,2.7044,38.4578,92.3628
2026-09-10,15:29,MCX,6615.3923,2.2897,39.6974,113.4955
2026-09-10,15:29,MEDANTA,2105.4896,1.8074,29.4401,10.3834
2026-09-10,15:29,MEESHO,325.3432,2.8815,1.7e+308,1.7e+308
2026-09-10,15:29,MEGASTAR,340.8475,2.7352,45.0213,24.5248
2026-09-10,15:29,MEIL,148.2217,2.238,1.7e+308,-46.3218
2026-09-10,15:29,MENONBE,1172.5623,3.5065,45.9981,127.9356
2026-09-10,15:29,METROPOLIS,750.5343,2.0585,29.8123,15.492
2026-09-10,15:29,MGL,334.2738,1.7318,29.9135,-15.4986
2026-09-10,15:29,MIDHANI,684.3617,2.8722,44.6933,15.6784
2026-09-10,15:29,MINDACORP,936.7723,1.8365,32.3811,37.4316
2026-09-10,15:29,MMFL,1523.1464,2.3779,42.6376,96.6717
2026-09-10,15:29,MMP,1291.2015,3.0952,43.8125,61.9823
2026-09-10,15:29,MODEFENCE,142.1438,1.2528,25.0124,21.632
2026-09-10,15:29,MODIS,316.9088,2.3442,1.7e+308,1.7e+308
2026-09-10,15:29,MODISONLTD,2276.2233,4.5949,56.9227,219.6523
2026-09-10,15:29,MOLDTECH,489.9372,3.4545,50.6148,32.4056
2026-09-10,15:29,MOLDTKPAC,900.8023,2.4832,39.0442,-16.895
2026-09-10,15:29,MON100,645.8488,1.3832,23.1025,60.9244
2026-09-10,15:29,MONARCH,586.9945,2.0494,33.8657,14.3496
2026-09-10,15:29,MONQ50,623.4606,3.0305,35.318,122.1247
2026-09-10,15:29,MOREPENLAB,488.3247,4.2009,54.6878,113.8775
2026-09-10,15:29,MOTHERSON,318.2731,2.0644,34.5074,55.8888
2026-09-10,15:29,MOTILALOFS,1816.1784,2.1716,39.8807,10.5664
2026-09-10,15:29,MPSLTD,4753.0104,3.2721,45.075,24.1466
2026-09-10,15:29,MSTCLTD,1756.6419,3.7779,48.6754,39.8332
2026-09-10,15:29,MTARTECH,26163.8872,4.5583,61.4625,335.21
2026-09-10,15:29,MUFIN,142.826,1.545,37.8149,52.4293
2026-09-10,15:29,MUNJALAU,233.0613,3.5554,49.2932,19.3115
2026-09-10,15:29,MUTHOOTMF,140.2213,3.0427,44.2355,18.5434
2026-09-10,15:29,MVGJL,223.1385,3.2893,42.3027,6.8366
2026-09-10,15:29,NACLIND,136.0041,3.5323,57.6046,-36.8231
2026-09-10,15:29,NAHARCAP,150.0199,1.4886,30.6145,-11.0765
2026-09-10,15:29,NAHARINDUS,227.1696,2.7628,40.4478,18.3296
2026-09-10,15:29,NAHARSPING,637.9105,2.2571,38.2138,25.5506
2026-09-10,15:29,NAM-INDIA,1953.8571,2.1574,38.6568,43.1592
2026-09-10,15:29,NATCAPSUQ,201.8046,3.8636,59.6713,-0.11
2026-09-10,15:29,NAVA,150.3921,2.0855,38.4699,-20.672
2026-09-10,15:29,NAVINFLUOR,17057.8769,2.1534,36.5359,81.6009
2026-09-10,15:29,NAVINIFTY,435.4239,1.9962,28.9111,43.3632
2026-09-10,15:29,NAZARA,567.1487,2.1847,39.3674,36.6338
2026-09-10,15:29,NDGL,990.4171,2.3463,40.0979,-30.2696
2026-09-10,15:29,NDLVENTURE,215.0762,1.9936,41.055,45.2228
2026-09-10,15:29,NDRAUTO,162.7956,2.0099,40.4864,-34.8018
2026-09-10,15:29,NELCO,1893.0801,3.3537,46.3852,10.0217
2026-09-10,15:29,NEOGEN,7148.7416,2.8958,49.4715,52.6064
2026-09-10,15:29,NEPHROPLUS,1400.9725,2.587,1.7e+308,1.7e+308
2026-09-10,15:29,NESTLEIND,643.1198,1.4401,20.6915,13.8469
2026-09-10,15:29,NETWEB,10591.3263,3.602,59.9252,72.6531
2026-09-10,15:29,NEULANDLAB,63642.2223,2.2319,39.7089,48.2958
2026-09-10,15:29,NEXT50,419.9814,0.851,16.7179,7.176
2026-09-10,15:29,NGLFINE,6235.2255,4.0172,57.2947,88.4341
2026-09-10,15:29,NH,668.5468,1.7234,30.5466,8.2412
2026-09-10,15:29,NIACL,303.0789,3.4635,46.7218,2.5195
2026-09-10,15:29,NIBE,1694.3142,3.4411,51.7876,7.2361
2026-09-10,15:29,NIFTY100EQLWGT,10986.6915,0.7314,14.8335,3.1375
2026-09-10,15:29,NIFTY100LIQ15,2067.6614,0.8721,15.7887,4.2763
2026-09-10,15:29,NIFTY200ALPHA30,19181.039,0.9208,18.782,5.6752
2026-09-10,15:29,NIFTY200MOMENTM30,9255.7771,0.9153,18.1634,0.4857
2026-09-10,15:29,NIFTY500,2115.095,0.6977,13.9514,-1.0259
2026-09-10,15:29,NIFTY500MOMENTM50,38087.9661,0.9131,18.2932,6.3965
2026-09-10,15:29,NIFTY500MULTICAP,5193.3368,0.7134,14.4651,1.3332
2026-09-10,15:29,NIFTY50ADD,129.3682,0.4992,11.6205,6.7296
2026-09-10,15:29,NIFTY50EQLWGT,1287.4781,0.6585,13.3084,0.0639
2026-09-10,15:29,NIFTYALPHA50,60479.3366,0.928,18.9236,10.6916
2026-09-10,15:29,NIFTYALPHALOWVOL,4063.3731,0.6102,12.9134,-1.3144
2026-09-10,15:29,NIFTYAUTO,8374.1978,1.0861,20.8131,2.5098
2026-09-10,15:29,NIFTYCAPITALMKT,6031.8097,1.1568,24.8458,24.2812
2026-09-10,15:29,NIFTYCHEMICALS,18588.4703,0.9307,1.7e+308,1.7e+308
2026-09-10,15:29,NIFTYCOMMODITIES,2352.0087,0.7491,15.8308,9.0877
2026-09-10,15:29,NIFTYCONSUMPTION,1507.3309,0.7641,14.3747,-6.9553
2026-09-10,15:29,NIFTYCONSURDURBL,29680.2523,1.124,20.2191,-1.0174
2026-09-10,15:29,NIFTYEES,23597.5477,1.6253,39.3689,55.5137
2026-09-10,15:29,NIFTYGS10YR,320.1949,0.2,3.444,2.461
2026-09-10,15:29,NIFTYGS1115YR,832.459,0.2206,3.9174,4.6508
2026-09-10,15:29,NIFTYGS15YRPLUS,315.7919,0.3126,5.3193,2.4905
2026-09-10,15:29,NIFTYGS48YR,701.788,0.1576,2.5195,5.29
2026-09-10,15:29,NIFTYGS813YR,460.8514,0.189,3.2478,3.5968
2026-09-10,15:29,NIFTYGSCOMPSITE,506.5574,0.1973,3.3947,3.7592
2026-09-10,15:29,NIFTYHEALTHCARE,16846.0912,0.7887,13.5095,12.0076
2026-09-10,15:29,NIFTYINDDEFENCE,12576.8132,1.2187,24.1277,21.7659
2026-09-10,15:29,NIFTYINDIAMFG,8781.3503,0.7388,15.256,7.4634
2026-09-10,15:29,NIFTYINDTOURISM,836.9226,1.1669,21.4429,-16.5527
2026-09-10,15:29,NIFTYLARGEMID250,2839.1599,0.7055,14.4173,0.8936
2026-09-10,15:29,NIFTYM150MOMNTM50,29023.2073,0.8964,18.026,4.0766
2026-09-10,15:29,NIFTYM150QLTY50,5408.5322,0.7478,15.4777,-3.9896
2026-09-10,15:29,NIFTYMEDIA,1082.8238,1.3931,21.9462,-5.3206
2026-09-10,15:29,NIFTYMETAL,12132.4564,1.1104,22.2372,34.6164
2026-09-10,15:29,NIFTYMICROCAP250,35041.0601,0.9739,19.5143,12.0264
2026-09-10,15:29,NIFTYMIDCAP150,11550.4197,0.7717,15.9782,6.1995
2026-09-10,15:29,NIFTYMIDCAP50,9794.3955,0.7817,16.3575,9.1214
2026-09-10,15:29,NIFTYMIDLIQ15,12083.1513,0.9688,18.7838,10.6323
2026-09-10,15:29,NIFTYMIDSELECT,9352.5279,0.8518,17.7556,11.0467
2026-09-10,15:29,NIFTYMIDSMALLCAP400,14529.4215,0.7811,16.0802,6.5742
2026-09-10,15:29,NIFTYMIDSMLHLTH,68876.7788,0.8063,14.2864,15.7388
2026-09-10,15:29,NIFTYMS400MQ100,37532.305,0.8056,17.179,5.381
2026-09-10,15:29,NIFTYMULTIINFRA,5861.259,0.7475,15.3102,2.8506
2026-09-10,15:29,NIFTYMULTIMFG,10765.2823,0.6968,15.1573,5.9693
2026-09-10,15:29,NIFTYSMALLCAP250,18681.8053,0.8601,16.9786,7.5157
2026-09-10,15:29,NIFTYSMALLCAP50,12634.4851,0.9007,18.1895,15.7053
2026-09-10,15:29,NIFTYSML250MQ100,53287.5023,0.8738,17.7595,7.9717
2026-09-10,15:29,NIFTYTOTALMKT,1925.3243,0.7017,14.0639,-0.4781
2026-09-10,15:29,NILKAMAL,4357.9601,2.7903,35.3532,34.2597
2026-09-10,15:29,NINSYS,2333.4034,2.1245,44.1004,57.8367
2026-09-10,15:29,NIRAJISPAT,952.5248,4.927,76.7183,-15.544
2026-09-10,15:29,NITINSPIN,2009.0527,2.5552,38.7097,95.9867
2026-09-10,15:29,NITIRAJ,343.2041,2.8092,42.257,9.0995
2026-09-10,15:29,NLCINDIA,151.9425,2.4791,36.9665,2.9154
2026-09-10,15:29,NOCIL,373.6546,3.0102,41.1158,6.4534
2026-09-10,15:29,NORTHARC,330.5525,2.5437,39.3472,25.4565
2026-09-10,15:29,NOVARTIND,10509.4629,3.9552,65.0933,326.8612
2026-09-10,15:29,NPST,3226.7639,3.2689,58.4589,-17.2525
2026-09-10,15:29,NRAIL,986.3862,3.1717,54.0737,53.606
2026-09-10,15:29,NRBBEARING,1631.367,2.6637,40.2285,83.5468
2026-09-10,15:29,NRL,508.5424,2.4893,35.6879,87.5382
2026-09-10,15:29,NURECA,425.7492,3.1623,53.3459,32.7011
2026-09-10,15:29,NUVAMA,3172.8084,2.359,36.4197,36.4088
2026-09-10,15:29,NYKAA,630.2206,1.6283,27.8931,42.9736
2026-09-10,15:29,OAL,1494.3085,3.5782,48.0759,55.605
2026-09-10,15:29,OBEROIRLTY,2111.6914,1.6684,27.0736,11.8672
2026-09-10,15:29,OCCLLTD,431.2688,3.7684,52.5978,17.9293
2026-09-10,15:29,OFSS,24623.9957,2.1734,33.584,30.5825
2026-09-10,15:29,OLECTRA,842.1954,2.3485,43.7485,-26.7157
2026-09-10,15:29,OMAXAUTO,410.369,4.5671,61.5466,22.4088
2026-09-10,15:29,OMAXE,309.5907,4.028,55.2234,37.7518
2026-09-10,15:29,ONESOURCE,2060.8374,2.0544,41.9502,-17.4925
2026-09-10,15:29,OPTIEMUS,1034.1398,2.9153,48.7972,-12.5255
2026-09-10,15:29,ORBTEXP,413.3457,4.1872,58.4692,25.7361
2026-09-10,15:29,ORCHPHARMA,2072.3101,2.9947,43.9033,42.9617
2026-09-10,15:29,ORIENTBELL,851.1884,2.9992,50.2933,33.5711
2026-09-10,15:29,ORIENTHOT,237.8366,3.6541,46.7875,-1.6115
2026-09-10,15:29,ORIENTLTD,132.4071,3.4991,46.1583,-6.8604
2026-09-10,15:29,PAGEIND,18636.2189,1.6167,24.2615,-18.9893
2026-09-10,15:29,PAISALO,302.6448,2.9302,44.5611,118.3228
2026-09-10,15:29,PANACEABIO,134.5776,3.8118,56.2563,-8.6174
2026-09-10,15:29,PANACHE,1393.5303,2.798,49.2896,96.9864
2026-09-10,15:29,PANAMAPET,1219.5715,4.0698,50.6844,61.9134
2026-09-10,15:29,PAR,310.8931,4.3925,55.4049,29.8601
2026-09-10,15:29,PARACABLES,205.0915,4.2791,59.3705,39.2032
2026-09-10,15:29,PARADEEP,133.8955,2.3738,43.6001,-7.9398
2026-09-10,15:29,PARAGMILK,134.8878,2.4613,47.3634,-4.4966
2026-09-10,15:29,PARAS,4948.9863,3.87,50.9614,109.9386
2026-09-10,15:29,PARKHOSPS,807.0319,2.5218,1.7e+308,1.7e+308
2026-09-10,15:29,PASUPTAC,141.8957,3.1031,53.7165,46.192
2026-09-10,15:29,PAUSHAKLTD,1511.9833,3.1407,1.7e+308,1.7e+308
2026-09-10,15:29,PAYTM,3598.2473,2.5574,38.827,42.6579
2026-09-10,15:29,PCBL,454.8972,2.8221,46.5916,-12.9372
2026-09-10,15:29,PFOCUS,569.0093,3.2594,55.7352,65.9961
2026-09-10,15:29,PGHL,747.3093,1.8565,24.9436,-13.1016
2026-09-10,15:29,PGIL,4821.8496,2.8196,50.798,77.811
2026-09-10,15:29,PHOENIXLTD,1546.7133,1.6255,26.3994,21.1461
2026-09-10,15:29,PICCADIL,174.579,2.7583,42.8735,-15.8728
2026-09-10,15:29,PIDILITIND,900.4919,1.3369,21.8922,1.9195
2026-09-10,15:29,PIRAMALFIN,3440.7238,2.1613,1.7e+308,1.7e+308
2026-09-10,15:29,PITTIENG,2505.5016,2.3161,39.6559,27.5201
2026-09-10,15:29,PIXTRANS,2651.2425,2.68,32.2636,21.2077
2026-09-10,15:29,PKTEA,2550.1538,3.8724,54.2168,44.4298
2026-09-10,15:29,PLASTIBLEN,277.2176,2.6327,34.7941,-0.9439
2026-09-10,15:29,PNBHOUSING,2317.2791,1.7979,32.1285,42.0225
2026-09-10,15:29,PNGJL,388.2286,2.3252,34.4798,3.0525
2026-09-10,15:29,PODDARMENT,361.4992,2.8965,39.6426,3.3126
2026-09-10,15:29,POKARNA,489.9372,2.1831,53.5139,-8.5535
2026-09-10,15:29,POLICYBZR,1121.8943,1.9029,33.2624,-0.2107
2026-09-10,15:29,POLYCAB,9544.4728,1.8278,30.5407,15.2112
2026-09-10,15:29,POLYMED,1507.022,2.6563,43.0988,-13.5743
2026-09-10,15:29,POLYPLEX,1789.2014,2.3305,33.278,10.9873
2026-09-10,15:29,PONNIERODE,597.2274,2.6097,35.741,19.8714
2026-09-10,15:29,POONAWALLA,369.0033,1.9521,37.7816,2.2642
2026-09-10,15:29,POWERINDIA,81168.3303,2.6845,44.5508,56.6722
2026-09-10,15:29,POWERMECH,2274.7966,2.0881,38.6573,-22.6614
2026-09-10,15:29,PPAP,313.2497,4.3084,57.7014,15.5952
2026-09-10,15:29,PPL,524.1707,3.0241,44.9596,-9.6303
2026-09-10,15:29,PPLPHARMA,376.8176,2.4154,34.5193,5.8903
2026-09-10,15:29,PRABHA,555.3655,2.7534,45.4559,3.3176
2026-09-10,15:29,PRAJIND,256.1318,2.2806,40.6814,-16.8003
2026-09-10,15:29,PRECOT,2056.1857,3.42,61.7365,46.0057
2026-09-10,15:29,PRECWIRE,1458.8965,3.8163,60.2141,154.8961
2026-09-10,15:29,PREMEXPLN,1150.112,3.564,54.8572,19.8222
2026-09-10,15:29,PREMIERENE,1714.4702,1.6915,34.4081,-8.2733
2026-09-10,15:29,PREMIERPOL,237.9606,3.6276,57.9521,79.1327
2026-09-10,15:29,PRESTIGE,268.5347,2.1329,33.1368,-0.3936
2026-09-10,15:29,PRICOLLTD,1061.117,2.4211,38.9467,42.7386
2026-09-10,15:29,PRINCEPIPE,266.5506,2.1186,35.914,-16.6468
2026-09-10,15:29,PRIVISCL,4268.6557,1.7638,34.8782,49.5508
2026-09-10,15:29,PRUDENT,5851.3386,2.2559,37.209,18.2414
2026-09-10,15:29,PSPPROJECT,822.0401,2.8066,45.9253,10.5707
2026-09-10,15:29,PTCIL,26915.5374,2.6445,36.6306,58.0192
2026-09-10,15:29,PVP,225.6812,4.1236,64.142,117.2198
2026-09-10,15:29,PVRINOX,1631.9872,1.9882,30.9526,8.9668
2026-09-10,15:29,QPOWER,4763.5538,3.1848,55.8172,54.3967
2026-09-10,15:29,QUADFUTURE,907.004,3.975,60.9166,-1.4473
2026-09-10,15:29,QUESS,899.8101,2.7119,37.0399,34.3295
2026-09-10,15:29,RACLGEAR,3657.7839,2.933,57.0412,71.8738
2026-09-10,15:29,RADICO,10639.7001,1.5252,32.7703,55.352
2026-09-10,15:29,RAIN,383.4534,3.5779,53.8271,56.7337
2026-09-10,15:29,RAINBOW,1957.888,1.3137,22.4966,-0.1778
2026-09-10,15:29,RAJRATAN,592.8861,2.2375,48.9981,47.9605
2026-09-10,15:29,RAMCOSYS,810.2567,4.8632,64.7091,31.879
2026-09-10,15:29,RAMRAT,1539.5811,3.1238,42.365,50.4007
2026-09-10,15:29,RANEHOLDIN,2532.1694,2.8669,41.4195,13.4491
2026-09-10,15:29,RATEGAIN,1469.8116,2.6412,44.2931,38.267
2026-09-10,15:29,RATNAMANI,4244.468,2.8106,45.1491,18.7931
2026-09-10,15:29,RATNAVEER,1003.8131,3.4622,49.7903,113.8235
2026-09-10,15:29,RAYMOND,2853.7289,3.5656,46.1594,38.9164
2026-09-10,15:29,RAYMONDREL,532.7291,3.9372,57.1859,-6.961
2026-09-10,15:29,RBA,203.9131,3.0055,38.9412,19.2658
2026-09-10,15:29,RBLBANK,736.7662,1.8695,30.8372,50.697
2026-09-10,15:29,RBZJEWEL,296.0709,3.627,51.0125,27.3032
2026-09-10,15:29,REDINGTON,778.628,2.595,50.4533,60.7875
2026-09-10,15:29,REFEX,305.8697,2.5951,52.5551,-23.2879
2026-09-10,15:29,REGAAL,163.5398,2.9744,53.8119,-19.6608
2026-09-10,15:29,RELIGARE,205.4015,2.0135,38.5104,2.1392
2026-09-10,15:29,RGL,323.3585,3.4057,57.0879,31.9949
2026-09-10,15:29,RISHABH,2569.0694,3.2825,51.0309,89.568
2026-09-10,15:29,RITCO,426.2454,2.7879,42.2828,13.1345
2026-09-10,15:29,RKFORGE,1345.4667,2.2501,35.4845,26.1473
2026-09-10,15:29,RML,4221.5223,3.3292,43.252,65.8407
2026-09-10,15:29,ROLEXRINGS,326.2113,2.9727,44.356,23.9708
2026-09-10,15:29,ROSSTECH,3274.2066,3.8312,61.336,61.7643
2026-09-10,15:29,RPEL,6291.6619,3.2212,50.5195,157.4192
2026-09-10,15:29,RPGLIFE,4969.4512,2.8066,37.0934,16.9054
2026-09-10,15:29,RPSGVENT,848.0875,2.4337,47.9598,-2.8053
2026-09-10,15:29,RPTECH,2743.0283,3.3877,44.0182,168.0126
2026-09-10,15:29,RRKABEL,6575.081,2.9591,38.9215,95.8688
2026-09-10,15:29,RSWM,457.5642,2.6271,41.3749,34.0375
2026-09-10,15:29,RUBICON,6890.4395,3.3508,1.7e+308,1.7e+308
2026-09-10,15:29,RUBYMILLS,1562.4035,3.9137,52.9735,95.8192
2026-09-10,15:29,RVTH,747.6193,3.0438,47.3289,-13.6173
2026-09-10,15:29,S&SPOWER,520.3257,3.056,54.6896,-22.8465
2026-09-10,15:29,SAHYADRI,882.7553,2.9828,41.9493,40.0519
2026-09-10,15:29,SAIL,217.805,2.3827,35.9234,38.9309
2026-09-10,15:29,SAILIFE,4662.1556,2.0482,34.7736,82.3192
2026-09-10,15:29,SAKAR,4542.4623,3.8042,53.9365,234.2208
2026-09-10,15:29,SALSTEEL,245.7128,3.2362,57.8985,142.3466
2026-09-10,15:29,SAMBHV,282.5511,2.524,43.9393,10.4066
2026-09-10,15:29,SANATHAN,255.8216,2.1427,32.8357,-6.4485
2026-09-10,15:29,SANDESH,146.9809,2.641,33.3889,-15.1064
2026-09-10,15:29,SANDHAR,819.5595,2.9155,44.0562,35.5191
2026-09-10,15:29,SANGAMIND,795.9928,2.1303,36.1862,43.1353
2026-09-10,15:29,SANGHVIMOV,842.506,3.0495,51.1928,19.5182
2026-09-10,15:29,SANGINITA,331.4208,2.4902,48.0432,546.4859
2026-09-10,15:29,SANSERA,14938.123,2.6599,40.869,190.5163
2026-09-10,15:29,SAPPHIRE,222.5803,3.2032,45.5081,-31.84
2026-09-10,15:29,SARDAEN,401.5625,1.7843,34.0318,-8.9252
2026-09-10,15:29,SAREGAMA,1040.9615,3.0496,41.5967,2.5165
2026-09-10,15:29,SASKEN,3091.5658,4.1913,54.9551,19.1102
2026-09-10,15:29,SATIN,391.8878,2.5493,33.5052,46.9621
2026-09-10,15:29,SBCL,4289.1212,4.2142,54.7324,114.9831
2026-09-10,15:29,SBILIQETF,154.5476,0.0121,0.7358,4.9508
2026-09-10,15:29,SCHAEFFLER,2112.3106,1.4764,28.5256,-0.3314
2026-09-10,15:29,SCHNEIDER,3061.7975,3.6051,48.8594,37.195
2026-09-10,15:29,SCI,444.1065,2.2381,45.8724,33.0596
2026-09-10,15:29,SCPL,2101.4585,3.9013,56.1317,157.7821
2026-09-10,15:29,SEAMECLTD,3143.0405,2.4027,36.861,90.7164
2026-09-10,15:29,SECMARK,279.5123,3.4046,63.5342,16.8325
2026-09-10,15:29,SEMAC,253.7131,3.4261,54.8607,-46.1516
2026-09-10,15:29,SENCO,268.5351,2.9953,42.1735,-6.5688
2026-09-10,15:29,SENORES,4197.3353,2.9797,40.848,112.0742
2026-09-10,15:29,SESHAPAPER,149.1518,1.7915,31.1515,-7.9538
2026-09-10,15:29,SETFNN50,363.6699,0.8398,16.1353,7.244
2026-09-10,15:29,SETL,2039.0069,3.5572,50.7103,143.4616
2026-09-10,15:29,SFL,1068.2492,2.669,39.4222,-5.3306
2026-09-10,15:29,SGFIN,2107.0401,2.5313,41.9031,78.7472
2026-09-10,15:29,SGIL,492.1077,2.5934,40.7175,5.2816
2026-09-10,15:29,SGMART,2590.1553,2.6756,1.7e+308,114.0603
2026-09-10,15:29,SHADOWFAX,905.0195,3.1918,1.7e+308,1.7e+308
2026-09-10,15:29,SHAHALLOYS,196.9672,3.3887,52.6378,38.724
2026-09-10,15:29,SHAILY,8952.827,3.0647,52.0906,50.4246
2026-09-10,15:29,SHALPAINTS,145.6168,4.4083,61.3047,17.1856
2026-09-10,15:29,SHANKARA,278.7681,1.7394,47.0774,-38.7899
2026-09-10,15:29,SHANTIGEAR,1707.9584,3.3214,41.3213,29.7648
2026-09-10,15:29,SHANTIGOLD,384.1977,2.756,46.2136,15.0619
2026-09-10,15:29,SHARDAMOTR,622.3441,2.0141,36.4224,-9.1018
2026-09-10,15:29,SHAREINDIA,364.8482,3.1072,52.1295,34.641
2026-09-10,15:29,SHEMAROO,161.4312,2.6769,44.8393,10.6586
2026-09-10,15:29,SHILCTECH,6093.2063,3.1464,1.7e+308,1.7e+308
2026-09-10,15:29,SHILPAMED,4042.2921,2.9506,41.0625,127.1387
2026-09-10,15:29,SHIVALIK,388.8488,3.8138,51.6644,-23.4637
2026-09-10,15:29,SHIVAUM,858.6305,2.7745,1.7e+308,1.7e+308
2026-09-10,15:29,SHOPERSTOP,158.1443,2.6149,38.1462,-29.2182
2026-09-10,15:29,SHREEJISPG,2369.3734,2.3549,1.7e+308,179.2637
2026-09-10,15:29,SHREEPUSHK,877.5457,2.9982,53.5854,48.318
2026-09-10,15:29,SHRIPISTON,11104.8289,1.9559,38.5105,71.8138
2026-09-10,15:29,SHRIRAMFIN,250.5503,2.0223,35.4343,64.0199
2026-09-10,15:29,SHYAMMETL,1475.703,1.8398,28.53,18.3438
2026-09-10,15:29,SICAGEN,214.208,3.7409,137.0882,242.0434
2026-09-10,15:29,SIEMENS,6031.8082,1.7565,30.616,23.4978
2026-09-10,15:29,SIGIND,149.7099,3.1047,45.4495,30.5913
2026-09-10,15:29,SIGMAADV,3869.7596,3.6239,57.5861,404.101
2026-09-10,15:29,SIGNPOST,362.6155,3.2965,48.0893,-8.1619
2026-09-10,15:29,SIMPLEXINF,206.1458,3.2766,54.4093,-13.4518
2026-09-10,15:29,SIS,514.1241,2.0373,29.6281,21.4327
2026-09-10,15:29,SIYSIL,201.8665,2.2669,39.7753,-18.7221
2026-09-10,15:29,SJS,4322.6113,2.0685,36.8966,67.2927
2026-09-10,15:29,SKFINDUS,2155.7228,2.2246,1.7e+308,1.7e+308
2026-09-10,15:29,SKIPPER,1372.1343,2.5608,40.0568,9.2988
2026-09-10,15:29,SKMEGGPROD,383.9494,4.1074,57.5241,45.6522
2026-09-10,15:29,SKYGOLD,3232.0351,3.4032,48.9029,194.1718
2026-09-10,15:29,SMARTLINK,585.0719,3.478,46.683,47.6796
2026-09-10,15:29,SMARTWORKS,504.5111,2.0604,35.392,3.7586
2026-09-10,15:29,SMLMAH,17202.9969,4.0522,59.743,68.0182
2026-09-10,15:29,SMSPHARMA,613.3519,2.4604,48.2862,43.3206
2026-09-10,15:29,SOFTTECH,997.5494,2.2162,42.8957,11.9547
2026-09-10,15:29,SOLARA,1231.0447,3.3007,45.5478,4.3834
2026-09-10,15:29,SOLARINDS,56882.3293,2.0543,32.8623,55.3149
2026-09-10,15:29,SOMANYCERA,916.9268,2.2934,36.6536,15.2713
2026-09-10,15:29,SONACOMS,1945.7949,1.7881,31.3006,87.6022
2026-09-10,15:29,SONAMLTD,209.7427,3.2527,46.4778,49.6236
2026-09-10,15:29,SOTL,2222.0822,4.1062,48.44,71.3408
2026-09-10,15:29,SPAL,2169.057,3.6367,49.9742,38.4377
2026-09-10,15:29,SPARC,392.6319,3.8587,56.8823,37.6031
2026-09-10,15:29,SPECIALITY,225.7432,3.0044,46.4693,14.2673
2026-09-10,15:29,SPECTRUM,9932.0821,3.8613,56.4101,102.4474
2026-09-10,15:29,SPLPETRO,1530.5889,2.1088,40.5047,5.0419
2026-09-10,15:29,SPORTKING,774.2248,3.274,47.4811,97.3754
2026-09-10,15:29,SREEL,958.7264,3.0615,36.5199,58.052
2026-09-10,15:29,SRHHYPOLTD,475.3629,1.9472,32.2914,-14.2739
2026-09-10,15:29,SSWL,1037.7987,2.7033,40.754,53.4922
2026-09-10,15:29,STALLION,362.5535,4.0156,74.7937,13.9341
2026-09-10,15:29,STAR,2198.2057,2.379,38.7985,33.773
2026-09-10,15:29,STARHEALTH,649.6319,1.3531,23.4612,29.9763
2026-09-10,15:29,STARPAPER,166.8267,1.9253,27.8219,-3.511
2026-09-10,15:29,STEELCAS,709.9747,2.3585,44.5655,52.3664
2026-09-10,15:29,STEL,1086.2343,2.7087,50.8689,12.248
2026-09-10,15:29,STLTECH,4598.0297,3.534,62.7078,614.2559
2026-09-10,15:29,STOVEKRAFT,2248.1296,2.3178,43.8411,24.8774
2026-09-10,15:29,STYL,895.0346,2.9139,1.7e+308,1.7e+308
2026-09-10,15:29,STYLAMIND,6954.0077,2.539,36.0246,91.7632
2026-09-10,15:29,STYLEBAAZA,449.0059,3.3111,56.9429,5.0648
2026-09-10,15:29,STYRENIX,1443.1438,1.8981,31.0793,-17.4442
2026-09-10,15:29,SUDARSCHEM,2335.2643,2.7959,39.9769,-7.2138
2026-09-10,15:29,SUDEEPPHRM,3842.5959,3.0585,1.7e+308,1.7e+308
2026-09-10,15:29,SUMICHEM,394.7405,2.7985,35.9509,-13.3045
2026-09-10,15:29,SUNCLAY,365.2817,1.9124,36.6092,-25.4432
2026-09-10,15:29,SUNDRMBRAK,946.3849,3.1085,43.9616,-5.1289
2026-09-10,15:29,SUNDRMFAST,2011.2231,1.7655,27.0368,22.69
2026-09-10,15:29,SUNDROP,346.9872,1.6115,27.9396,-18.9057
2026-09-10,15:29,SUNFLAG,655.0894,3.2399,43.5739,31.2061
2026-09-10,15:29,SUNPHARMA,1556.0159,1.2797,19.5518,15.1182
2026-09-10,15:29,SUPRAJIT,386.6781,1.6799,31.7906,12.4649
2026-09-10,15:29,SUPREMEIND,143.2607,1.5997,26.7174,-22.5627
2026-09-10,15:29,SUPRIYA,1539.5811,3.8515,47.1822,41.6692
2026-09-10,15:29,SURAKSHA,357.5301,2.5018,34.1042,5.6558
2026-09-10,15:29,SUVEN,1373.1266,4.2487,58.8798,60.5752
2026-09-10,15:29,SUYOG,780.7988,2.3265,45.2317,-14.6228
2026-09-10,15:29,SVLL,929.0201,3.3333,44.3326,4.2181
2026-09-10,15:29,SWANDEF,5235.5066,1.9948,1533.8023,408.6533
2026-09-10,15:29,SWARAJENG,506.0623,1.1425,25.5405,-17.593
2026-09-10,15:29,SWELECTES,295.2029,2.2595,45.688,-37.3663
2026-09-10,15:29,SYRMA,5157.0545,2.6129,43.9674,93.7118
2026-09-10,15:29,TAINWALCHM,234.1156,2.9297,53.2787,-0.7654
2026-09-10,15:29,TALBROAUTO,1018.6354,2.5552,40.4427,40.7705
2026-09-10,15:29,TARIL,327.3278,2.7105,59.3763,-41.7946
2026-09-10,15:29,TARSONS,751.4024,3.9455,50.7444,1.5018
2026-09-10,15:29,TASTYBITE,20741.7085,2.5635,35.4219,9.488
2026-09-10,15:29,TATACAP,156.5939,1.6546,1.7e+308,1.7e+308
2026-09-10,15:29,TATACOMM,989.177,2.0668,33.9021,9.3185
2026-09-10,15:29,TATAINVEST,251.7907,1.5682,43.5338,-6.1873
2026-09-10,15:29,TATATECH,870.4136,2.5024,32.9276,10.96
2026-09-10,15:29,TATVA,3528.7882,3.264,52.4231,63.0824
2026-09-10,15:29,TBOTEK,1785.4802,2.2562,40.2073,7.5191
2026-09-10,15:29,TBZ,2152.1267,5.243,63.4996,168.2633
2026-09-10,15:29,TCPLPACK,7742.8683,3.3824,44.1428,13.7761
2026-09-10,15:29,TDPOWERSYS,142.95,6.2796,72.5403,38.267
2026-09-10,15:29,TEGA,246.8287,2.216,33.9631,-14.6074
2026-09-10,15:29,TEJASNET,1357.5601,3.3839,58.5082,-7.2459
2026-09-10,15:29,TFCILTD,496.325,2.5966,49.9473,96.5001
2026-09-10,15:29,THANGAMAYL,11831.0529,3.878,60.1146,132.3609
2026-09-10,15:29,THEJO,2828.6112,2.1134,32.1709,16.9576
2026-09-10,15:29,THELEELA,798.1636,2.0464,31.2099,32.0663
2026-09-10,15:29,THEMISMED,329.6843,3.6233,57.9999,8.1477
2026-09-10,15:29,THERMAX,4708.3582,2.6397,35.1407,10.083
2026-09-10,15:29,THYROCARE,977.7039,2.5745,40.5325,36.7247
2026-09-10,15:29,TI,764.9843,1.8176,34.086,14.1594
2026-09-10,15:29,TIIL,7437.7432,2.2824,39.9759,27.1077
2026-09-10,15:29,TIINDIA,1969.0514,2.0649,34.5582,-17.9252
2026-09-10,15:29,TIMKEN,1654.6237,1.6843,27.7102,8.9659
2026-09-10,15:29,TINNARUBR,2552.6347,3.3883,48.9982,25.969
2026-09-10,15:29,TIPSMUSIC,834.444,2.7445,37.9927,9.9441
2026-09-10,15:29,TIRUPATIFL,235.0458,3.6689,57.3334,82.3073
2026-09-10,15:29,TITAGARH,457.6881,2.3627,36.4937,-7.3639
2026-09-10,15:29,TITAN,6423.1384,1.4646,23.0419,40.5694
2026-09-10,15:29,TMB,2062.6979,2.553,37.7091,113.8079
2026-09-10,15:29,TNPETRO,235.604,2.285,37.9049,32.7153
2026-09-10,15:29,TNPL,147.1052,2.0081,31.3468,-4.2816
2026-09-10,15:29,TORNTPHARM,5785.5996,1.545,21.8298,38.2424
2026-09-10,15:29,TRAVELFOOD,1353.2194,2.0745,30.0448,0.4766
2026-09-10,15:29,TRENT,2063.3175,2.0557,32.964,-17.5819
2026-09-10,15:29,TRITURBINE,375.5151,2.6191,36.8494,5.4923
2026-09-10,15:29,TRUALT,257.3721,2.0131,1.7e+308,1.7e+308
2026-09-10,15:29,TSFINV,205.2775,2.1173,44.1715,-24.4994
2026-09-10,15:29,TTKHLTCARE,1052.4348,2.1699,29.7241,-4.552
2026-09-10,15:29,TVSMOTOR,3272.6562,1.7685,27.3481,18.0134
2026-09-10,15:29,TVSSCS,201.4944,2.6617,40.6207,-2.5806
2026-09-10,15:29,TVSSRICHAK,8179.47,2.7172,42.1756,80.2976
2026-09-10,15:29,UCAL,243.4802,2.9844,45.5684,6.1908
2026-09-10,15:29,UDS,383.2673,2.4106,43.9035,-15.1156
2026-09-10,15:29,UEL,454.2152,4.4974,75.3433,82.7807
2026-09-10,15:29,UFBL,3072.4022,4.5371,64.9406,178.1854
2026-09-10,15:29,UFLEX,1329.6521,3.0774,40.8299,21.1019
2026-09-10,15:29,UNICHEMLAB,975.5333,4.0684,49.4772,5.1935
2026-09-10,15:29,UNIDT,290.1172,1.9424,37.3195,14.5477
2026-09-10,15:29,UNIMECH,4367.8831,3.3081,47.5166,45.5989
2026-09-10,15:29,UNIPARTS,2849.6978,2.4228,42.2526,117.1911
2026-09-10,15:29,UNITDSPR,403.1129,1.432,23.8404,6.8947
2026-09-10,15:29,UNIVASTU,616.5147,2.9169,44.1815,88.1897
2026-09-10,15:29,UNIVCABLES,5238.2971,4.4082,58.7849,116.7177
2026-09-10,15:29,UNIVPHOTO,2151.2585,2.6123,52.5647,106.6922
2026-09-10,15:29,UNOMINDA,494.2789,1.7795,32.2637,-4.3872
2026-09-10,15:29,URBANCO,271.8221,2.8913,1.7e+308,1.7e+308
2026-09-10,15:29,USHAMART,539.5511,1.8619,33.7265,28.0181
2026-09-10,15:29,UTLSOLAR,1479.0522,3.2492,1.7e+308,1.7e+308
2026-09-10,15:29,UTTAMSUGAR,434.8657,2.813,41.6274,7.132
2026-09-10,15:29,VADILALIND,18270.9372,2.4914,38.2468,29.4532
2026-09-10,15:29,VALIANTLAB,416.1986,2.9489,50.4244,43.8119
2026-09-10,15:29,VALIANTORG,839.9633,3.0634,53.8496,3.4393
2026-09-10,15:29,VARROC,1939.2832,2.27,36.1056,47.0202
2026-09-10,15:29,VEDL,198.6415,2.4666,36.2237,64.9298
2026-09-10,15:29,VEEDOL,128.3756,1.3121,25.3675,-19.5242
2026-09-10,15:29,VENKEYS,1208.7179,2.1603,37.9693,14.2064
2026-09-10,15:29,VENUSPIPES,5718.6213,2.7761,43.9646,45.3793
2026-09-10,15:29,VENUSREM,5031.7789,3.3809,54.0643,258.8599
2026-09-10,15:29,VERANDA,210.797,3.5371,52.8403,1.7704
2026-09-10,15:29,VETO,173.9587,2.4534,36.5638,13.3345
2026-09-10,15:29,VHL,1190.1127,1.6719,32.4486,-13.2898
2026-09-10,15:29,VIDHIING,160.3149,2.2162,36.0691,-9.747
2026-09-10,15:29,VIDYAWIRES,283.4194,3.2521,1.7e+308,1.7e+308
2026-09-10,15:29,VIJAYA,3211.5696,2.3973,31.8008,43.8802
2026-09-10,15:29,VIMTALABS,1191.3537,2.7486,50.6378,-18.2766
2026-09-10,15:29,VINCOFE,169.9275,2.6685,39.7864,17.5146
2026-09-10,15:29,VINDHYATEL,10055.4961,4.6227,58.1897,89.3128
2026-09-10,15:29,VISAKAIND,182.2071,2.7113,37.8944,11.9488
2026-09-10,15:29,VISHNU,1387.9486,2.0097,32.3228,46.1042
2026-09-10,15:29,VIYASH,364.5382,2.7644,43.1549,42.7045
2026-09-10,15:29,VMART,1319.1095,2.0172,40.3599,10.9558
2026-09-10,15:29,VOLTAMP,22338.6557,2.9993,40.0408,49.8491
2026-09-10,15:29,VSSL,869.4835,2.4396,36.243,42.6492
2026-09-10,15:29,VTL,765.2941,1.8882,35.4704,33.8916
2026-09-10,15:29,WABAG,7080.5233,2.9183,40.7261,44.6661
2026-09-10,15:29,WALCHANNAG,151.8185,3.7131,58.5209,-2.2779
2026-09-10,15:29,WANBURY,204.0371,3.181,52.7501,-7.206
2026-09-10,15:29,WEALTH,142.6399,1.8711,38.4552,-34.2396
2026-09-10,15:29,WELCORP,12653.403,2.8009,40.2104,215.6465
2026-09-10,15:29,WELENT,2087.5046,2.2288,37.0925,65.825
2026-09-10,15:29,WELINV,6964.5503,2.8978,54.5878,134.5
2026-09-10,15:29,WELSPUNLIV,540.9775,2.4443,46.3638,73.8664
2026-09-10,15:29,WENDT,11587.9451,2.4978,35.1261,-10.1467
2026-09-10,15:29,WESTLIFE,503.8911,2.7511,39.1888,-24.5958
2026-09-10,15:29,WEWORK,605.9098,2.7958,1.7e+308,1.7e+308
2026-09-10,15:29,WHEELS,9571.1402,4.1741,50.6852,211.4522
2026-09-10,15:29,WHIRLPOOL,130.2365,1.8817,36.2054,-41.1284
2026-09-10,15:29,WINDLAS,1850.9084,2.4258,35.2819,13.7018
2026-09-10,15:29,WINDMACHIN,275.9773,2.495,41.7979,-0.4662
2026-09-10,15:29,WOCKPHARMA,5375.6657,3.2801,51.9162,46.2846
2026-09-10,15:29,WONDERLA,176.1293,1.5939,28.964,-19.6828
2026-09-10,15:29,WSTCSTPAPR,1978.664,2.4082,39.1271,44.4908
2026-09-10,15:29,XPROINDIA,1989.5171,3.6091,51.2977,2.3619
2026-09-10,15:29,YASHO,17149.6629,4.3464,59.8538,123.9566
2026-09-10,15:29,YATHARTH,2276.3474,2.0152,37.8918,26.8679
2026-09-10,15:29,YUKEN,1967.1906,2.3013,37.3786,9.1814
2026-09-10,15:29,ZENTEC,2565.0382,2.6065,38.5173,18.1168
2026-09-10,15:29,ZIMLAB,398.2135,3.0364,50.4029,79.584
2026-09-10,15:29,ZYDUSLIFE,1486.5567,1.6967,23.7224,6.9921
2026-09-10,15:29,ZYDUSWELL,782.0389,2.338,40.1466,11.6082
2026-09-11,15:29,20MICRONS,218.9833,2.6819,41.7694,-8.262
2026-09-11,15:29,63MOONS,1732.1454,2.99,52.1159,-3.4728
2026-09-11,15:29,AAREYDRUGS,214.5801,2.4627,51.6601,34.7092
2026-09-11,15:29,AARTIDRUGS,293.6523,1.7623,32.0959,-15.9227
2026-09-11,15:29,AARTIIND,756.6119,2.4205,37.1939,26.528
2026-09-11,15:29,AARTIPHARM,559.0867,3.171,44.5048,-10.7303
2026-09-11,15:29,AARTISURF,601.8785,3.7241,51.0918,5.883
2026-09-11,15:29,ABB,11392.5904,1.997,29.6956,38.5893
2026-09-11,15:29,ABCAPITAL,408.0742,1.9733,31.9271,35.506
2026-09-11,15:29,ABDL,875.6853,2.364,40.8505,15.9062
2026-09-11,15:29,ABREL,295.8225,2.3099,38.8949,-28.6851
2026-09-11,15:29,ABSLAMC,2171.8483,2.2813,36.6702,31.0158
2026-09-11,15:29,ACE,1498.9598,2.1835,35.5538,0.9027
2026-09-11,15:29,ACMESOLAR,1120.4057,2.2196,38.1656,26.192
2026-09-11,15:29,ACUTAAS,9664.7859,2.6722,44.9549,134.637
2026-09-11,15:29,ADANIENSOL,3269.8657,2.3719,40.3241,65.4416
2026-09-11,15:29,ADANIENT,6928.58,2.172,35.9813,27.9264
2026-09-11,15:29,ADANIGREEN,2942.7245,2.3343,43.7396,30.5185
2026-09-11,15:29,ADANIPORTS,2602.8686,1.6347,28.9827,26.6671
2026-09-11,15:29,ADANIPOWER,478.2779,2.1719,43.5428,61.8765
2026-09-11,15:29,ADFFOODS,602.2506,2.6792,48.0328,17.0684
2026-09-11,15:29,ADOR,3383.0474,2.3639,37.9626,63.102
2026-09-11,15:29,ADVAIT,3833.2933,2.9831,1.7e+308,1.7e+308
2026-09-11,15:29,ADVENZYMES,132.7171,2.582,38.8359,-13.3747
2026-09-11,15:29,AEGISLOG,4060.8971,3.55,47.4176,92.7519
2026-09-11,15:29,AEGISVOPAK,375.019,3.1194,47.223,19.4302
2026-09-11,15:29,AEQUS,567.707,3.5741,1.7e+308,1.7e+308
2026-09-11,15:29,AEROENTER,369.8095,3.5202,53.2219,59.2403
2026-09-11,15:29,AEROFLEX,2404.9715,4.414,58.811,220.6083
2026-09-11,15:29,AETHER,4150.2019,2.3088,38.787,128.363
2026-09-11,15:29,AGARWALEYE,405.2835,1.7303,27.8812,17.2509
2026-09-11,15:29,AGI,962.8196,2.8739,42.3894,-9.0839
2026-09-11,15:29,AGIIL,147.9115,2.8079,53.3166,17.2264
2026-09-11,15:29,AHLWEST,2172.7785,3.4694,51.6146,114.8479
2026-09-11,15:29,AIAENG,621.4152,1.7822,30.1133,32.6662
2026-09-11,15:29,AIIL,314.1177,3.0361,50.9659,-13.1763
2026-09-11,15:29,AJANTPHARM,4504.941,1.7377,25.7174,37.0013
2026-09-11,15:29,AJAXENGG,396.9112,2.2058,37.4182,-9.2711
2026-09-11,15:29,AKSHARCHEM,1227.6338,3.5791,49.7659,56.2073
2026-09-11,15:29,AKUMS,2054.0151,2.1612,32.7502,68.0411
2026-09-11,15:29,ALBERTDAVD,951.3462,2.2696,32.3231,5.1167
2026-09-11,15:29,ALICON,299.8542,2.1306,39.4104,-15.8848
2026-09-11,15:29,ALIVUS,2927.5301,2.0974,30.354,48.0201
2026-09-11,15:29,ALKYLAMINE,1997.5792,2.9007,40.3538,-8.0321
2026-09-11,15:29,ALPHAGEO,607.274,3.9501,53.2027,17.1329
2026-09-11,15:29,AMAGI,1309.8067,3.2746,1.7e+308,1.7e+308
2026-09-11,15:29,AMANTA,588.7929,2.8459,1.7e+308,41.3813
2026-09-11,15:29,AMBER,7764.5744,2.4885,40.0034,-8.7072
2026-09-11,15:29,AMBIKCO,2210.9191,2.2919,34.7764,5.5592
2026-09-11,15:29,AMDIND,130.2985,2.9675,52.0977,25.6476
2026-09-11,15:29,ANANDRATHI,4727.2738,1.1539,21.8763,48.5338
2026-09-11,15:29,ANANTRAJ,417.3768,2.7436,46.0881,12.1976
2026-09-11,15:29,ANDHRSUGAR,168.0671,3.0608,38.0784,27.5374
2026-09-11,15:29,ANGELONE,457.068,2.1531,41.5168,37.2452
2026-09-11,15:29,ANTELOPUS,3779.6481,3.934,68.1623,106.5724
2026-09-11,15:29,ANTHEM,2189.5235,1.6765,29.5942,12.8854
2026-09-11,15:29,ANUHPHR,128.1899,2.2998,35.7474,7.612
2026-09-11,15:29,AONELIQUID,194.2381,0.0123,0.2073,5.0109
2026-09-11,15:29,APARINDS,58541.2939,2.8723,45.8878,102.781
2026-09-11,15:29,APCOTEXIND,1462.9898,3.4103,42.9837,43.9535
2026-09-11,15:29,APEX,454.2772,2.9168,67.1796,55.073
2026-09-11,15:29,APLAPOLLO,648.7023,1.6535,26.94,26.431
2026-09-11,15:29,APLLTD,153.803,1.6486,27.0322,-14.3212
2026-09-11,15:29,APOLLO,1080.6526,3.3244,58.8467,30.9912
2026-09-11,15:29,APOLLOHOSP,11708.8789,1.0877,18.1225,12.2103
2026-09-11,15:29,APOLLOPIPE,1826.7217,2.9113,48.1779,42.3186
2026-09-11,15:29,ARIES,994.7585,2.7184,43.985,13.5219
2026-09-11,15:29,ARIHANT,5265.2745,3.3523,2177.088,3212.5001
2026-09-11,15:29,ARMANFIN,3061.7979,2.7351,40.9281,40.5521
2026-09-11,15:29,ARROWGREEN,2344.8767,3.0345,51.9419,43.5255
2026-09-11,15:29,ARTEMISMED,610.1268,2.2257,35.9503,44.2191
2026-09-11,15:29,ARVEE,128.3139,3.5575,67.9232,12.748
2026-09-11,15:29,ARVIND,1518.4951,2.6183,40.144,75.9792
2026-09-11,15:29,ARVSMART,407.1438,1.9245,33.2596,-4.0741
2026-09-11,15:29,ASAHISONG,899.0659,3.1833,50.1875,26.7898
2026-09-11,15:29,ASHIANA,375.2051,1.9855,31.9295,10.6061
2026-09-11,15:29,ASIANENE,1775.2469,3.3573,50.3715,50.5416
2026-09-11,15:29,ASIANHOTNR,485.2859,3.031,47.3962,18.2272
2026-09-11,15:29,ASIANPAINT,716.3006,1.2314,24.225,-2.8983
2026-09-11,15:29,ASKAUTOLTD,1160.0348,2.7677,37.1823,21.0955
2026-09-11,15:29,ASPINWALL,298.0555,2.1889,41.408,-2.6714
2026-09-11,15:29,ASTEC,808.0862,3.5921,61.8108,-17.7238
2026-09-11,15:29,ASTERDM,1194.7644,1.6804,29.3014,20.7262
2026-09-11,15:29,ASTRAMICRO,4510.523,2.7709,42.1525,54.7656
2026-09-11,15:29,ATGL,476.9133,2.4025,47.5237,-1.7834
2026-09-11,15:29,ATHERENERG,6387.7888,3.092,50.3235,205.2253
2026-09-11,15:29,ATLANTAELE,6583.1439,3.4491,1.7e+308,1.7e+308
2026-09-11,15:29,ATUL,1541.1316,1.4988,25.5288,-2.3076
2026-09-11,15:29,ATULAUTO,303.2649,2.346,47.1946,-15.0753
2026-09-11,15:29,AUBANK,491.798,1.5976,29.5556,49.8479
2026-09-11,15:29,AUROPHARMA,3148.6222,1.6517,26.3439,53.4905
2026-09-11,15:29,AURUM,290.3654,1.9726,35.8532,31.0595
2026-09-11,15:29,AUSOMENT,251.0463,2.4628,51.6217,48.5205
2026-09-11,15:29,AVADHSUGAR,2687.5225,3.0012,43.6545,72.6916
2026-09-11,15:29,AVALON,8640.2597,3.6102,54.0291,133.6704
2026-09-11,15:29,AVG,154.2373,2.9897,56.0206,-22.8876
2026-09-11,15:29,AVL,733.6656,1.8243,32.5662,24.5605
2026-09-11,15:29,AVTNPL,152.3767,2.3789,33.6123,18.2653
2026-09-11,15:29,AXISCADES,4083.8436,2.6645,48.7292,16.0175
2026-09-11,15:29,AYMSYNTEX,784.5817,3.065,46.6978,50.7682
2026-09-11,15:29,AZAD,8637.1592,3.0163,41.955,77.9242
2026-09-11,15:29,BAFNAPH,1144.5306,3.2676,53.2568,157.4076
2026-09-11,15:29,BAJAJ-AUTO,13510.4835,1.5051,22.9869,29.7628
2026-09-11,15:29,BAJAJCON,1282.5191,2.8793,50.6657,132.4491
2026-09-11,15:29,BAJAJHLDNG,3801.6646,1.4984,28.4655,-15.7217
2026-09-11,15:29,BAJEL,146.0509,2.2612,43.2185,-11.393
2026-09-11,15:29,BAJFINANCE,819.5597,1.7667,30.1969,3.1149
2026-09-11,15:29,BALAMINES,7136.3382,4.2621,55.1762,51.2826
2026-09-11,15:29,BALPHARMA,230.3945,3.6186,44.7308,18.9327
2026-09-11,15:29,BALRAMCHIN,1665.4765,3.0951,40.8102,33.9793
2026-09-11,15:29,BALUFORGE,701.4167,3.1326,51.3112,-22.0802
2026-09-11,15:29,BANCOINDIA,119.6934,2.0929,45.8094,-0.5015
2026-09-11,15:29,BANDHANBNK,173.4006,2.8305,41.0795,7.0662
2026-09-11,15:29,BANKA,123.1665,2.6879,45.0857,-12.159
2026-09-11,15:29,BANSALWIRE,264.8142,2.5377,38.1797,-12.4522
2026-09-11,15:29,BBETF0432,303.1409,0.2636,3.8578,5.0756
2026-09-11,15:29,BBOX,1836.3341,3.0978,46.0911,78.3122
2026-09-11,15:29,BBTCL,246.457,2.7488,40.197,12.5786
2026-09-11,15:29,BECTORFOOD,136.3141,2.7941,41.5976,-12.7949
2026-09-11,15:29,BELRISE,390.3373,2.1646,36.9228,58.037
2026-09-11,15:29,BEML,2082.5435,2.0953,39.5992,-8.4517
2026-09-11,15:29,BEPL,282.8612,2.6894,34.7713,21.7722
2026-09-11,15:29,BETA,4439.2035,4.0827,1.7e+308,1.7e+308
2026-09-11,15:29,BFINVEST,460.479,2.4887,36.4471,-3.6743
2026-09-11,15:29,BFUTILITIE,169.9277,3.0603,44.4761,-31.9489
2026-09-11,15:29,BHAGCHEM,259.7907,2.7063,44.7735,-3.3794
2026-09-11,15:29,BHAGERIA,832.5831,3.5255,51.3791,55.3177
2026-09-11,15:29,BHAGYANGR,1583.5513,3.8811,62.9843,352.8939
2026-09-11,15:29,BHARATBOND-APR30,320.7536,0.1228,1.7207,4.6841
2026-09-11,15:29,BHARATBOND-APR31,266.365,0.1459,1.9732,4.1863
2026-09-11,15:29,BHARATBOND-APR32,230.7671,0.1539,2.1251,3.7503
2026-09-11,15:29,BHARATBOND-APR33,213.9599,0.1624,2.2642,3.4772
2026-09-11,15:29,BHARATFORG,3518.2455,1.7503,30.6147,59.027
2026-09-11,15:29,BHARATSE,470.5257,3.3777,61.3729,28.8635
2026-09-11,15:29,BHEL,1109.4907,2.2116,36.3964,88.44
2026-09-11,15:29,BIL,1685.632,2.9589,46.7346,23.8244
2026-09-11,15:29,BIOCON,139.2289,1.5351,25.4577,6.9688
2026-09-11,15:29,BIRLACABLE,1606.3119,3.646,54.1674,138.2644
2026-09-11,15:29,BLACKBUCK,486.2163,2.2749,40.2351,0.5603
2026-09-11,15:29,BLISSGVS,3413.7461,3.5345,59.8019,372.8161
2026-09-11,15:29,BLSE,949.4858,2.3738,43.779,64.2943
2026-09-11,15:29,BLUEJET,982.9753,2.8149,48.4367,-20.6988
2026-09-11,15:29,BLUESTONE,2875.435,3.2769,53.132,38.6622
2026-09-11,15:29,BLUSPRING,451.5484,4.5403,57.5447,66.22
2026-09-11,15:29,BODALCHEM,776.3334,4.15,52.3965,163.1258
2026-09-11,15:29,BOSCH-HCIL,2107.3504,2.3268,36.6937,-1.7924
2026-09-11,15:29,BOSCHLTD,76002.2836,1.5931,28.4488,21.3113
2026-09-11,15:29,BRIGADE,521.5042,2.6683,36.667,-9.9504
2026-09-11,15:29,BSE,4997.979,1.9935,39.2394,53.7343
2026-09-11,15:29,BUILDPRO,3276.3774,2.8386,1.7e+308,1.7e+308
2026-09-11,15:29,CALSOFT,153.1829,4.8443,64.7976,156.0476
2026-09-11,15:29,CAMS,216.4408,1.9074,29.6353,-7.8729
2026-09-11,15:29,CAPLIPOINT,5860.6405,2.4613,33.8143,22.6799
2026-09-11,15:29,CARBORUNIV,1815.248,2.249,33.3049,8.267
2026-09-11,15:29,CARERATING,275.9773,1.8681,30.5899,2.401
2026-09-11,15:29,CARRARO,286.8303,2.1883,44.0435,18.3667
2026-09-11,15:29,CARTRADE,3116.3727,3.3407,56.0959,32.0631
2026-09-11,15:29,CARYSIL,2270.7661,2.6616,45.0782,23.2262
2026-09-11,15:29,CASHIETF,195.0451,0.0128,0.2128,5.0152
2026-09-11,15:29,CCL,675.0589,1.8947,32.4822,21.7891
2026-09-11,15:29,CDSL,804.365,1.68,31.4689,-12.0197
2026-09-11,15:29,CEIGALL,646.8411,2.1975,31.0334,41.2079
2026-09-11,15:29,CEMPRO,3797.3237,4.1134,53.4364,58.9449
2026-09-11,15:29,CENTENKA,809.947,2.9485,36.5801,11.1242
2026-09-11,15:29,CENTUM,11768.4162,3.028,49.8208,54.9379
2026-09-11,15:29,CERA,3372.5032,1.9986,28.0446,-11.6182
2026-09-11,15:29,CGCL,617.693,2.4223,34.7376,42.98
2026-09-11,15:29,CGPOWER,1935.5619,2.1728,34.1504,15.7372
2026-09-11,15:29,CHALET,130.5465,1.6773,28.352,-14.1466
2026-09-11,15:29,CHEMBOND,429.4703,3.4109,52.5771,18.3731
2026-09-11,15:29,CHEMBONDCH,727.0297,3.5851,61.0984,36.3495
2026-09-11,15:29,CHEMCON,240.9995,2.8824,48.2719,-9.4158
2026-09-11,15:29,CHENNPETRO,4590.5256,3.277,51.5383,114.0437
2026-09-11,15:29,CHEVIOT,1231.6651,2.1321,28.2229,0.4575
2026-09-11,15:29,CHOLAFIN,1652.1428,2.0221,33.1254,22.0591
2026-09-11,15:29,CIPLA,230.0843,1.4853,20.9888,-13.2478
2026-09-11,15:29,CLCIND,287.3265,21.9404,224.2397,1679.2727
2026-09-11,15:29,CLEAN,210.859,2.1665,32.0563,-27.6278
2026-09-11,15:29,CLSEL,350.7082,2.7913,43.3086,5.9118
2026-09-11,15:29,CNL,2733.4155,3.3611,1.7e+308,1.7e+308
2026-09-11,15:29,CNXENERGY,24055.592,0.7683,15.761,8.5715
2026-09-11,15:29,CNXINFRA,953.832,0.735,14.8572,0.0347
2026-09-11,15:29,CNXMIDCAP,31482.4866,0.7813,16.3674,6.8181
2026-09-11,15:29,CNXMNC,11485.6164,0.7743,14.333,4.5971
2026-09-11,15:29,CNXNIFTYJUNIOR,35493.5083,0.8678,16.7711,5.7039
2026-09-11,15:29,CNXPHARMA,30990.6962,0.8303,13.6931,18.76
2026-09-11,15:29,CNXREALTY,513.8137,1.6198,26.2465,-4.0538
2026-09-11,15:29,CNXSMALLCAP,21632.5904,0.9057,17.9659,10.6526
2026-09-11,15:29,COFORGE,1185.1517,2.7994,38.9693,4.6769
2026-09-11,15:29,COHANCE,435.9822,3.4529,51.1714,-55.1
2026-09-11,15:29,COMSYN,831.7769,4.0842,49.9162,93.4868
2026-09-11,15:29,CONCORDBIO,2271.0757,2.5572,40.2524,-8.133
2026-09-11,15:29,CONFIPET,357.4681,3.5974,61.3403,81.7108
2026-09-11,15:29,CONSOFINVT,856.2118,2.2846,41.8208,54.6075
2026-09-11,15:29,CORDSCABLE,1312.1634,4.0237,53.1059,112.4851
2026-09-11,15:29,CORONA,4883.2484,1.9193,1.7e+308,1.7e+308
2026-09-11,15:29,COSMOFIRST,1848.4279,2.3609,40.0842,-5.319
2026-09-11,15:29,CPCAP,221.154,2.9926,43.845,-7.8455
2026-09-11,15:29,CPPLUS,15095.0272,2.74,43.9482,166.5854
2026-09-11,15:29,CRAFTSMAN,26490.7184,2.1265,36.0677,74.3333
2026-09-11,15:29,CREDITACC,935.8415,2.5255,39.5196,10.181
2026-09-11,15:29,CRISIL,186.0521,1.5779,27.3617,-6.0646
2026-09-11,15:29,CUMMINSIND,6506.2426,1.7963,28.2053,25.794
2026-09-11,15:29,CUPID,1232.3471,3.0298,57.4339,606.001
2026-09-11,15:29,CYIENTDLM,3317.3091,3.2005,45.4513,98.2247
2026-09-11,15:29,DALMIASUG,888.3988,3.1593,44.3401,12.5084
2026-09-11,15:29,DATAMATICS,323.4207,2.1998,42.0052,-17.2616
2026-09-11,15:29,DATAPATTNS,14625.5575,3.4107,50.6618,78.1335
2026-09-11,15:29,DCBBANK,281.5588,2.091,39.5557,78.1599
2026-09-11,15:29,DCI,303.7611,3.666,56.6035,13.4921
2026-09-11,15:29,DCMNVL,286.5823,3.1963,46.94,13.8735
2026-09-11,15:29,DEEDEV,2795.5567,3.3219,54.4356,121.7271
2026-09-11,15:29,DEEPAKFERT,2047.8135,2.1958,41.1699,-5.7328
2026-09-11,15:29,DEEPINDS,2551.7047,3.0139,46.4437,45.2636
2026-09-11,15:29,DENORA,1413.996,2.5519,41.7204,-3.8244
2026-09-11,15:29,DENTA,178.2999,2.9404,52.0272,-25.8758
2026-09-11,15:29,DEVYANI,129.4923,2.5658,39.0463,-26.3099
2026-09-11,15:29,DHAMPURSUG,303.699,2.6457,38.8548,21.1329
2026-09-11,15:29,DHARMAJ,206.3318,1.7653,34.7629,-21.5409
2026-09-11,15:29,DIACABS,1546.403,3.413,47.2658,145.2648
2026-09-11,15:29,DIAMONDYD,122.7947,2.3224,34.0204,5.4063
2026-09-11,15:29,DICIND,360.0107,2.5317,37.0909,6.6797
2026-09-11,15:29,DIFFNKG,1319.2954,3.2353,48.2577,14.7708
2026-09-11,15:29,DIVGIITTS,3666.4672,3.0709,45.1633,82.5626
2026-09-11,15:29,DIVISLAB,20254.8722,1.5789,24.1805,54.6835
2026-09-11,15:29,DIXON,20025.4079,2.2973,39.092,-25.841
2026-09-11,15:29,DLF,193.1843,1.9036,29.8057,-15.0185
2026-09-11,15:29,DLINKINDIA,193.1841,1.795,32.8738,-10.2418
2026-09-11,15:29,DMART,460.7893,1.4423,24.2978,-20.1144
2026-09-11,15:29,DMCC,368.6312,2.9183,48.5518,-4.9579
2026-09-11,15:29,DOLPHIN,1388.2588,3.0223,54.6052,61.6438
2026-09-11,15:29,DPABHUSHAN,595.9867,3.2886,44.9649,-13.4147
2026-09-11,15:29,DSSL,812.1171,3.9782,55.5234,9.7115
2026-09-11,15:29,DVL,193.4943,2.1057,40.61,-18.5312
2026-09-11,15:29,DYCL,1009.0226,4.3168,55.516,5.7342
2026-09-11,15:29,DYNAMATECH,23293.7232,2.7618,45.8034,79.6006
2026-09-11,15:29,E2E,2361.063,3.5908,58.0672,97.9021
2026-09-11,15:29,EBBETF0430,344.8785,0.1922,2.9832,4.768
2026-09-11,15:29,EBBETF0431,271.6977,0.2525,3.9402,4.6491
2026-09-11,15:29,EBBETF0433,277.714,0.252,4.2665,4.7209
2026-09-11,15:29,EBGNG,2621.4742,3.7895,54.1326,91.3968
2026-09-11,15:29,EDELWEISS,187.4164,2.5302,41.1614,14.7872
2026-09-11,15:29,EICHERMOT,3972.2124,1.4511,27.0307,9.5273
2026-09-11,15:29,EIEL,217.991,2.9224,47.9848,-18.3642
2026-09-11,15:29,EIFFL,158.4545,3.7205,50.7912,19.7105
2026-09-11,15:29,EIMCOELECO,3725.383,2.6538,52.8491,5.9502
2026-09-11,15:29,ELECON,170.2377,2.4807,45.2539,-29.7086
2026-09-11,15:29,ELECTHERM,1093.9861,4.6533,62.5266,-7.5458
2026-09-11,15:29,ELGIEQUIP,1109.8009,1.8363,33.614,31.9731
2026-09-11,15:29,ELIQUID,189.4009,0.0121,1.7e+308,1.7e+308
2026-09-11,15:29,ELLEN,742.348,3.2671,49.889,-30.9418
2026-09-11,15:29,EMAMIPAP,198.5176,3.1694,47.0721,11.6351
2026-09-11,15:29,EMCURE,3061.1771,1.909,32.5142,46.7047
2026-09-11,15:29,EMIL,612.1735,3.2122,47.2495,26.5484
2026-09-11,15:29,EMMVEE,952.8968,2.9984,1.7e+308,1.7e+308
2026-09-11,15:29,EMSLIMITED,283.4194,3.6541,55.4194,-31.1714
2026-09-11,15:29,ENDURANCE,1596.3279,1.8281,30.8771,-6.083
2026-09-11,15:29,ENGINERSIN,621.7862,2.5977,42.4369,28.8075
2026-09-11,15:29,ENRIN,4392.6904,2.7586,38.451,-6.0566
2026-09-11,15:29,ENTERO,4097.4879,2.6665,39.672,57.2864
2026-09-11,15:29,EPACKPEB,269.4035,3.6234,1.7e+308,1.7e+308
2026-09-11,15:29,EPIGRAL,1033.2092,2.6601,41.1048,-36.6827
2026-09-11,15:29,EPL,285.9621,2.2048,33.2849,6.4218
2026-09-11,15:29,ESABINDIA,2155.1035,2.153,30.3438,15.3386
2026-09-11,15:29,ETERNAL,334.5838,1.8277,32.9668,0.6534
2026-09-11,15:29,ETHOSLTD,770.2554,2.4287,37.1701,11.1702
2026-09-11,15:29,EVEREADY,263.8838,2.2549,35.6226,-17.0854
2026-09-11,15:29,EXCELINDUS,314.4281,2.3335,34.6689,-14.378
2026-09-11,15:29,EXICOM,526.0313,4.7391,60.1617,25.8318
2026-09-11,15:29,EXIDEIND,595.3667,2.164,29.9486,-1.4096
2026-09-11,15:29,FAZE3Q,748.2397,2.5628,62.7506,-5.2922
2026-09-11,15:29,FCL,219.7896,4.5429,60.2079,143.6471
2026-09-11,15:29,FEDERALBNK,368.3831,1.4216,25.8879,77.2484
2026-09-11,15:29,FILATEX,247.4493,3.5176,47.9414,56.5365
2026-09-11,15:29,FINCABLES,4356.7201,3.357,42.5515,68.2022
2026-09-11,15:29,FINEORG,6209.18,1.629,29.5178,8.0502
2026-09-11,15:29,FIVESTAR,600.328,2.1232,40.1154,1.9519
2026-09-11,15:29,FLUOROCHEM,11182.9729,1.8975,31.91,28.4603
2026-09-11,15:29,FMGOETZE,216.1306,3.1393,45.6206,-18.7737
2026-09-11,15:29,FORTIS,341.0955,1.3531,26.0115,-8.4742
2026-09-11,15:29,FOSECOIND,11213.9816,2.5941,41.7836,1.3581
2026-09-11,15:29,GABRIEL,2645.9711,2.861,49.5362,9.3478
2026-09-11,15:29,GAEL,157.9582,2.2901,36.0943,46.9586
2026-09-11,15:29,GALAPREC,1172.4383,3.3081,44.3201,24.8789
2026-09-11,15:29,GALAXYSURF,2222.0826,2.7519,35.7469,-8.4467
2026-09-11,15:29,GALLANTT,184.1917,2.7054,55.3192,-20.5467
2026-09-11,15:29,GANDHAR,805.1716,3.7627,48.9761,87.8358
2026-09-11,15:29,GANDHITUBE,1162.2056,2.0224,40.9997,-6.4837
2026-09-11,15:29,GANECOS,1860.211,2.6367,50.4811,-23.2058
2026-09-11,15:29,GANESHBE,381.6549,3.2277,45.3191,38.4996
2026-09-11,15:29,GANESHHOU,152.873,2.1677,36.0256,-12.6045
2026-09-11,15:29,GARFIBRES,998.7896,2.5802,38.0687,2.354
2026-09-11,15:29,GARUDA,153.1829,2.8847,55.8693,-10.6099
2026-09-11,15:29,GCSL,1891.5297,2.5794,1.7e+308,114.2297
2026-09-11,15:29,GEECEE,360.941,2.1208,39.2786,-4.2044
2026-09-11,15:29,GENUSPOWER,324.3509,2.3918,41.495,-0.2008
2026-09-11,15:29,GESHIP,1360.0404,2.5216,35.1351,42.3589
2026-09-11,15:29,GHCLTEXTIL,350.212,2.6451,40.0503,61.2529
2026-09-11,15:29,GIPCL,389.6551,2.1593,35.865,6.9337
2026-09-11,15:29,GKENERGY,166.8887,2.7901,1.7e+308,1.7e+308
2026-09-11,15:29,GKSL,409.0045,2.1732,1.7e+308,1.7e+308
2026-09-11,15:29,GLAND,6747.4896,2.6341,33.021,44.5824
2026-09-11,15:29,GLAXO,2604.7294,1.6952,25.3681,1.9611
2026-09-11,15:29,GLENMARK,2971.8719,1.7114,26.8753,13.4443
2026-09-11,15:29,GLOBAL,258.1783,2.5877,44.1426,98.5451
2026-09-11,15:29,GMMPFAUDLR,2061.1474,2.461,34.2988,14.3169
2026-09-11,15:29,GNA,1241.5876,2.9201,46.0931,77.3737
2026-09-11,15:29,GNFC,636.6084,2.0597,30.4476,11.2672
2026-09-11,15:29,GOACARBON,214.2699,3.0692,42.6557,-9.5998
2026-09-11,15:29,GOCLCORP,1136.1581,2.7534,45.1906,25.3869
2026-09-11,15:29,GODREJAGRO,971.1918,1.7269,30.8223,-7.9349
2026-09-11,15:29,GODREJIND,910.1052,3.311,41.4298,-6.9299
2026-09-11,15:29,GODREJPROP,1433.8412,2.185,35.9908,-12.5519
2026-09-11,15:29,GOKEX,1093.0561,2.2119,56.904,2.6864
2026-09-11,15:29,GOKULAGRO,418.7412,2.1828,44.2962,25.351
2026-09-11,15:29,GPTHEALTH,191.5716,1.7334,25.9232,4.1767
2026-09-11,15:29,GRANULES,2213.3996,1.6561,29.2858,70.1694
2026-09-11,15:29,GRAPHITE,1429.1903,2.6423,42.649,54.8181
2026-09-11,15:29,GRASIM,3375.6041,1.3718,22.7247,17.127
2026-09-11,15:29,GRAVITA,659.8642,2.0899,36.4518,0.7063
2026-09-11,15:29,GREAVESCOT,176.4394,3.0634,44.4843,-10.7889
2026-09-11,15:29,GREENPLY,399.1438,2.4193,39.7884,-8.9555
2026-09-11,15:29,GRINDWELL,2273.5573,2.8117,35.7785,14.9878
2026-09-11,15:29,GROBTEA,313.4977,2.0313,39.3442,-3.9454
2026-09-11,15:29,GROWW,199.3238,2.1082,1.7e+308,1.7e+308
2026-09-11,15:29,GROWWDEFNC,126.8876,1.2549,24.7262,21.0513
2026-09-11,15:29,GRPLTD,1494.6186,2.5102,41.8945,-11.3878
2026-09-11,15:29,GRWRHITECH,24608.4913,2.8648,54.8659,108.3848
2026-09-11,15:29,GUFICBIO,763.4338,2.4875,35.1887,15.1253
2026-09-11,15:29,GUJALKALI,1601.2885,2.4444,39.8231,15.8396
2026-09-11,15:29,GUJTHEM,607.46,3.3788,50.8138,12.0048
2026-09-11,15:29,GULFPETRO,198.0215,2.9165,40.6589,54.8574
2026-09-11,15:29,GULPOLY,302.2106,2.5813,42.0691,8.2333
2026-09-11,15:29,GVPIL,2233.2456,3.478,59.9307,78.2953
2026-09-11,15:29,GVT&D,8090.1656,2.9603,44.5596,63.1196
2026-09-11,15:29,HAL,3275.1378,1.5732,27.2156,3.3589
2026-09-11,15:29,HALEOSLABS,1383.6073,3.0875,41.8208,21.997
2026-09-11,15:29,HAPPYFORGE,7042.0721,2.3141,36.0168,131.5576
2026-09-11,15:29,HARRMALAYA,135.3839,2.6116,36.7533,-11.4853
2026-09-11,15:29,HARSHA,485.2859,2.1605,31.5349,9.3098
2026-09-11,15:29,HATSUN,2068.2792,2.0108,35.5573,34.9424
2026-09-11,15:29,HCG,623.8949,2.0085,31.1953,2.2848
2026-09-11,15:29,HDFCLIQUID,192.6263,0.0122,0.2023,4.8934
2026-09-11,15:29,HDFCSML250,185.0598,0.877,17.1552,7.109
2026-09-11,15:29,HEALTHIETF,178.7961,0.802,13.572,12.4983
2026-09-11,15:29,HERITGFOOD,397.8414,2.0458,34.9346,-14.3268
2026-09-11,15:29,HESTERBIO,4669.287,3.6115,42.4739,8.7326
2026-09-11,15:29,HFCL,1040.9615,3.7367,50.175,220.0356
2026-09-11,15:29,HIKAL,216.0685,3.5882,48.7286,-12.6238
2026-09-11,15:29,HINDALCO,454.5872,1.6806,28.8198,29.4769
2026-09-11,15:29,HINDOILEXP,180.5326,2.6398,46.5463,9.8446
2026-09-11,15:29,HIRECT,3873.605,3.5203,54.2426,49.248
2026-09-11,15:29,HITECHCORP,1124.995,3.6183,50.8022,63.9304
2026-09-11,15:29,HLEGLAS,168.6873,4.1115,57.2991,-22.4269
2026-09-11,15:29,HMT,118.8873,2.3418,38.1527,0.6993
2026-09-11,15:29,HNDFDS,990.1074,1.7422,27.0708,16.2424
2026-09-11,15:29,HOMEFIRST,405.5937,1.9658,37.0203,-9.0804
2026-09-11,15:29,HONASA,1210.2689,1.8639,31.0115,57.2597
2026-09-11,15:29,HONAUT,10170.8482,2.3183,30.4312,-7.1429
2026-09-11,15:29,HSCL,1360.3512,2.7343,35.4726,41.5584
2026-09-11,15:29,HUHTAMAKI,441.3155,2.817,40.953,11.78
2026-09-11,15:29,IBMFNIFTY,163.7258,0.9924,18.7237,9.1115
2026-09-11,15:29,ICDSLTD,147.1052,4.3995,69.0616,35.736
2026-09-11,15:29,ICICIAMC,709.4781,1.6846,1.7e+308,1.7e+308
2026-09-11,15:29,ICICIBANK,279.6989,1.111,19.2773,-2.7086
2026-09-11,15:29,ICICINIFTY,226.5494,0.5775,9.4792,21.3359
2026-09-11,15:29,ICIL,1325.7453,3.5038,62.3646,55.8106
2026-09-11,15:29,IDEAFORGE,1823.6208,4.0546,56.7192,41.8398
2026-09-11,15:29,IFBIND,1203.7569,2.5554,44.0546,-13.4709
2026-09-11,15:29,IFCI,154.1752,4.0568,54.7177,54.1878
2026-09-11,15:29,IFGLEXPOR,174.1448,3.3916,52.8269,-16.6444
2026-09-11,15:29,IGPL,1245.9289,2.3947,38.689,25.9468
2026-09-11,15:29,IIFL,774.2867,2.6131,40.4077,38.2119
2026-09-11,15:29,IIFLCAPS,217.3708,1.0052,40.3851,15.6772
2026-09-11,15:29,IKIO,438.9589,4.0502,51.2811,-0.3339
2026-09-11,15:29,IKS,1054.2952,2.0961,34.2147,12.9746
2026-09-11,15:29,IMFA,489.3172,2.4862,50.0147,20.6111
2026-09-11,15:29,IMPAL,270.3956,2.1689,26.8203,8.3881
2026-09-11,15:29,INDGN,607.46,1.7023,27.4731,0.5739
2026-09-11,15:29,INDHOTEL,336.1342,1.4282,24.7896,-7.6122
2026-09-11,15:29,INDIGO,2378.366,1.993,33.7543,-13.1733
2026-09-11,15:29,INDIGOPNTS,357.8407,2.0042,35.3077,-4.9891
2026-09-11,15:29,INDIQUBE,166.6406,2.2328,36.5826,-10.0514
2026-09-11,15:29,INDNIPPON,3943.6845,3.085,46.1247,44.0276
2026-09-11,15:29,INDOBORAX,1495.7968,4.2047,50.3287,97.9048
2026-09-11,15:29,INDOCO,297.8693,3.7226,49.9342,-12.0482
2026-09-11,15:29,INDORAMA,291.7917,4.111,57.2901,61.1701
2026-09-11,15:29,INDOSTAR,299.2338,2.8404,46.4445,-7.5544
2026-09-11,15:29,INDOTECH,14086.0042,3.1665,60.2056,97.7047
2026-09-11,15:29,INDSWFTLAB,1690.7175,3.9588,56.6208,264.6731
2026-09-11,15:29,INDUSINDBK,512.2637,1.7773,28.8524,32.0999
2026-09-11,15:29,INGERRAND,7389.3693,2.3653,30.9628,18.6775
2026-09-11,15:29,INNOVACAP,2811.2468,2.2297,34.9891,33.4574
2026-09-11,15:29,INOXINDIA,7111.532,3.2587,40.5182,92.0664
2026-09-11,15:29,IOLCP,750.5962,3.7395,53.3634,67.8559
2026-09-11,15:29,IONEXCHANG,590.7154,2.9436,41.0271,7.8393
2026-09-11,15:29,IPCALAB,3500.8804,1.8063,31.5001,49.7186
2026-09-11,15:29,IRISDOREME,175.8813,2.017,38.8395,96.5782
2026-09-11,15:29,IRMENERGY,212.5955,3.6334,52.7105,2.0761
2026-09-11,15:29,ISGEC,266.6747,2.0245,40.259,-19.6172
2026-09-11,15:29,ITDC,835.994,3.759,58.5106,6.2764
2026-09-11,15:29,IVP,434.9278,3.0091,44.8033,29.2611
2026-09-11,15:29,IZMO,2065.7984,3.0687,65.8924,9.4971
2026-09-11,15:29,J&KBANK,269.0934,2.9477,40.7223,43.7321
2026-09-11,15:29,JAGSNPHARM,395.7948,1.8359,33.1321,-3.124
2026-09-11,15:29,JASH,798.1634,2.6551,38.5704,-0.5225
2026-09-11,15:29,JAYAGROGN,432.9432,2.7969,41.3984,1.8014
2026-09-11,15:29,JAYBARMARU,191.0755,4.2003,60.6703,23.1175
2026-09-11,15:29,JAYNECOIND,122.2983,2.9144,49.8769,36.0091
2026-09-11,15:29,JBMA,408.3842,2.105,44.041,-12.9953
2026-09-11,15:29,JGCHEM,1693.6941,3.1582,46.6959,25.554
2026-09-11,15:29,JINDALPOLY,1736.4863,2.5203,48.8204,10.5658
2026-09-11,15:29,JINDALSAW,865.2664,2.5962,46.5271,50.0048
2026-09-11,15:29,JINDRILL,977.3937,3.1719,50.9711,5.4889
2026-09-11,15:29,JINDWORLD,172.6564,4.8445,63.384,46.2794
2026-09-11,15:29,JKIPL,136.4382,2.6485,1.7e+308,1.7e+308
2026-09-11,15:29,JKPAPER,553.505,2.0146,39.8452,6.327
2026-09-11,15:29,JNKINDIA,1273.0925,4.0931,56.2263,42.2701
2026-09-11,15:29,JOCIL,151.5084,2.3137,36.4556,-6.5057
2026-09-11,15:29,JSFB,950.7262,2.6639,41.232,13.3319
2026-09-11,15:29,JSWDULUX,2669.2284,1.7259,28.5566,-6.2712
2026-09-11,15:29,JSWENERGY,531.1789,1.837,29.9116,0.1331
2026-09-11,15:29,JSWINFRA,524.0468,2.1238,31.7456,8.8501
2026-09-11,15:29,JSWSTEEL,455.8276,1.1704,23.7321,15.1046
2026-09-11,15:29,JUBLINGREA,220.7821,2.0811,35.8302,-7.0516
2026-09-11,15:29,JUBLPHARMA,355.6695,1.7063,29.3472,-8.6519
2026-09-11,15:29,JUNIORBEES,395.857,0.8159,15.999,6.793
2026-09-11,15:29,JYOTICNC,1162.2056,2.8149,44.9615,9.4262
2026-09-11,15:29,KABRAEXTRU,3255.7879,3.8303,56.5227,156.1637
2026-09-11,15:29,KAJARIACER,2116.0326,1.5698,28.92,0.0571
2026-09-11,15:29,KALYANIFRG,2439.7634,3.7132,51.0392,45.1517
2026-09-11,15:29,KALYANKJIL,1440.3535,3.5036,47.458,19.5724
2026-09-11,15:29,KANORICHEM,622.2203,3.0722,43.734,100.6624
2026-09-11,15:29,KANPRPLA,598.0335,3.0533,55.4584,14.2339
2026-09-11,15:29,KAPSTON,2042.6662,2.9187,41.5132,263.0416
2026-09-11,15:29,KARURVYSYA,296.1329,2.169,36.5578,58.3792
2026-09-11,15:29,KAUSHALYA,126.8256,3.2121,53.1905,-35.682
2026-09-11,15:29,KDDL,9381.9861,3.2525,44.0419,60.6281
2026-09-11,15:29,KECL,264.8762,2.9028,46.8453,1.5534
2026-09-11,15:29,KEI,3743.3689,2.3546,35.0982,10.9576
2026-09-11,15:29,KENNAMET,11786.0903,3.039,37.2222,121.4058
2026-09-11,15:29,KERNEX,3267.6952,4.3331,62.9341,54.3211
2026-09-11,15:29,KHAITANLTD,393.6242,3.6625,53.2895,32.1649
2026-09-11,15:29,KICL,2680.3918,1.6985,32.5794,4.0587
2026-09-11,15:29,KILITCH,148.1595,2.9889,45.7714,3.2995
2026-09-11,15:29,KIMS,1087.7848,1.9302,31.3042,1.3376
2026-09-11,15:29,KINGFA,12590.7671,1.9761,36.6477,31.4232
2026-09-11,15:29,KIRIINDUS,485.5959,2.7082,50.4777,-8.1689
2026-09-11,15:29,KIRLOSBROS,1820.8298,2.1951,38.0448,-9.7988
2026-09-11,15:29,KIRLOSENG,6376.6262,3.3421,46.9524,144.6801
2026-09-11,15:29,KIRLOSIND,5246.6693,3.0806,42.1549,-1.9892
2026-09-11,15:29,KKCL,291.4816,1.8941,33.2246,-6.1623
2026-09-11,15:29,KMEW,7427.8198,3.8039,62.1125,163.0966
2026-09-11,15:29,KOLTEPATIL,398.1516,2.3733,34.797,-6.0639
2026-09-11,15:29,KOPRAN,677.8498,3.2699,50.1186,32.0498
2026-09-11,15:29,KOTAKNIFTY,163.0436,0.6498,9.3393,29.8333
2026-09-11,15:29,KOTHARIPET,135.694,2.5798,39.7441,-10.5192
2026-09-11,15:29,KOVAI,22856.1903,1.6868,116.1517,236.8904
2026-09-11,15:29,KPIL,1676.949,1.6697,29.3389,10.9677
2026-09-11,15:29,KPRMILL,1372.7543,2.548,41.6693,9.7141
2026-09-11,15:29,KRBL,507.612,2.4429,41.0724,-5.1903
2026-09-11,15:29,KRISHANA,533.7835,3.1025,45.6937,62.3678
2026-09-11,15:29,KRISHIVAL,519.7057,1.8722,37.3184,-8.2578
2026-09-11,15:29,KRISHNADEF,389.469,3.1882,1.7e+308,1.7e+308
2026-09-11,15:29,KRN,5819.3995,3.0918,48.9369,87.3501
2026-09-11,15:29,KRONOX,328.3199,3.9267,50.336,1.2781
2026-09-11,15:29,KROSS,260.349,2.8744,51.2144,9.9324
2026-09-11,15:29,KSB,729.3245,1.8972,30.9021,-3.0442
2026-09-11,15:29,KSHINTL,5193.0245,3.6324,1.7e+308,1.7e+308
2026-09-11,15:29,KSL,1756.9519,2.3344,36.288,19.6061
2026-09-11,15:29,KTKBANK,894.2905,1.9985,34.0858,81.7902
2026-09-11,15:29,LALPATHLAB,2973.7328,2.2197,29.87,14.1781
2026-09-11,15:29,LAMBODHARA,164.7801,3.5884,53.7048,-10.0275
2026-09-11,15:29,LANDMARK,448.6957,3.0671,46.4464,-23.5667
2026-09-11,15:29,LAURUSLABS,6442.364,1.7995,29.6934,119.7422
2026-09-11,15:29,LAXMIINDIA,233.8675,3.3321,58.1718,-20.7916
2026-09-11,15:29,LENSKART,1511.9833,1.4813,1.7e+308,1.7e+308
2026-09-11,15:29,LFIC,136.9964,2.3804,47.842,-33.926
2026-09-11,15:29,LGBBROSLTD,225.1233,1.531,38.3758,28.1456
2026-09-11,15:29,LGEINDIA,1449.9664,1.7849,1.7e+308,1.7e+308
2026-09-11,15:29,LICHSGFIN,342.9562,1.6433,25.3785,-0.7406
2026-09-11,15:29,LIKHITHA,310.0249,2.7598,51.5799,-12.3445
2026-09-11,15:29,LINCOLN,1007.4722,2.6752,39.8014,12.4741
2026-09-11,15:29,LINDEINDIA,1869.8236,1.5085,27.5725,-3.2847
2026-09-11,15:29,LIQGRWBEES,180.347,0.0111,0.1908,4.7366
2026-09-11,15:29,LIQUID1,204.5332,0.0122,0.2027,5.0596
2026-09-11,15:29,LIQUIDADD,204.1607,0.0118,0.1998,4.9476
2026-09-11,15:29,LIQUIDBETF,192.9367,0.0123,0.2116,4.8529
2026-09-11,15:29,LIQUIDPLUS,199.0135,0.0123,0.2061,5.0263
2026-09-11,15:29,LIQUIDSHRI,191.5717,0.0112,0.1963,4.7562
2026-09-11,15:29,LLOYDSENGG,244.6585,3.337,49.7184,30.5775
2026-09-11,15:29,LLOYDSME,4502.4609,1.8746,36.7202,38.8045
2026-09-11,15:29,LMW,19653.3037,1.8511,32.1881,18.6784
2026-09-11,15:29,LODHA,1235.386,2.5466,37.6883,-4.3996
2026-09-11,15:29,LOKESHMACH,1094.6685,2.8133,52.1934,77.6158
2026-09-11,15:29,LOTUSDEV,365.9645,2.6645,44.485,13.4808
2026-09-11,15:29,LOYALTEX,123.2906,2.4963,51.6445,-26.4684
2026-09-11,15:29,LT,723.7424,1.1769,25.0713,9.8022
2026-09-11,15:29,LTF,186.0521,2.0772,34.5115,31.5543
2026-09-11,15:29,LTFOODS,478.1539,1.7533,39.1721,-5.3371
2026-09-11,15:29,LUMAXIND,7391.8494,2.3412,51.1329,40.185
2026-09-11,15:29,LUMAXTECH,4380.2862,2.9736,54.4177,82.3562
2026-09-11,15:29,LUXIND,1178.33,2.6366,45.6734,-16.38
2026-09-11,15:29,LXCHEM,226.2393,2.98,43.9996,-20.4026
2026-09-11,15:29,MACPOWER,5993.9785,3.917,53.7324,103.4104
2026-09-11,15:29,MAFANG,420.6017,1.8282,24.8824,41.5455
2026-09-11,15:29,MAGADSUGAR,694.5945,2.4941,35.5185,-4.5044
2026-09-11,15:29,MAHABANK,147.4153,1.9773,35.419,55.7817
2026-09-11,15:29,MAHASTEEL,3100.248,3.0057,46.6934,229.3161
2026-09-11,15:29,MAHESHWARI,165.2763,1.7806,39.169,15.6148
2026-09-11,15:29,MAHLOG,305.7457,1.9491,38.3815,18.6026
2026-09-11,15:29,MAHSEAMLES,1374.6151,1.6731,25.681,16.2798
2026-09-11,15:29,MAITHANALL,330.8625,2.1954,38.292,-5.9318
2026-09-11,15:29,MAMATA,168.9973,2.0355,40.1606,-9.3667
2026-09-11,15:29,MANAKSTEEL,350.8943,3.1162,54.879,91.786
2026-09-11,15:29,MANALIPETC,164.6561,3.238,45.5011,20.6906
2026-09-11,15:29,MANAPPURAM,366.5227,2.16,33.8976,12.9808
2026-09-11,15:29,MANCREDIT,300.226,2.9481,36.443,17.5684
2026-09-11,15:29,MANGLMCEM,1611.5211,1.8961,31.252,41.9105
2026-09-11,15:29,MANINDS,3385.8381,3.215,56.8964,111.3986
2026-09-11,15:29,MANINFRA,131.3528,2.5736,39.3965,-17.2731
2026-09-11,15:29,MANKIND,1154.1438,1.5824,25.3237,-11.6142
2026-09-11,15:29,MANORAMA,4279.1983,2.8886,44.3669,51.8466
2026-09-11,15:29,MANORG,310.0868,3.5348,51.8951,-15.826
2026-09-11,15:29,MANYAVAR,644.3602,2.3266,34.8804,-19.4592
2026-09-11,15:29,MARALOVER,148.0354,3.4807,50.8302,30.2923
2026-09-11,15:29,MARICO,505.1312,1.1125,18.0813,9.1961
2026-09-11,15:29,MARINE,1458.4003,3.366,50.6069,112.9719
2026-09-11,15:29,MARKOLINES,220.8438,1.807,1.7e+308,1.7e+308
2026-09-11,15:29,MARKSANS,1000.5882,3.2507,42.4989,90.4817
2026-09-11,15:29,MASPTOP50,142.2679,1.8715,23.6662,41.287
2026-09-11,15:29,MAWANASUG,345.6228,3.1025,41.5352,45.5302
2026-09-11,15:29,MAXESTATES,1177.71,2.7677,41.0148,26.727
2026-09-11,15:29,MAXHEALTH,378.3056,1.7533,26.6917,-12.3712
2026-09-11,15:29,MAYURUNIQ,1323.4504,2.8495,37.9539,42.8392
2026-09-11,15:29,MAZDA,391.0815,3.1708,45.1432,-7.0297
2026-09-11,15:29,MBAPL,479.0221,2.6894,38.446,91.969
2026-09-11,15:29,MCX,6466.5506,2.2875,39.5188,111.9428
2026-09-11,15:29,MEDANTA,2028.5879,1.8111,29.4423,9.4457
2026-09-11,15:29,MEESHO,320.1957,2.8397,1.7e+308,1.7e+308
2026-09-11,15:29,MEGASTAR,294.6445,2.7395,45.087,21.2691
2026-09-11,15:29,MEIL,160.0049,2.238,1.7e+308,-45.9579
2026-09-11,15:29,MENONBE,1146.8251,3.5139,46.0123,124.7998
2026-09-11,15:29,METROPOLIS,687.5865,2.061,29.8481,13.524
2026-09-11,15:29,MGL,231.9451,1.7381,29.9404,-16.7652
2026-09-11,15:29,MIDHANI,585.4439,2.8955,44.8123,11.6964
2026-09-11,15:29,MINDACORP,951.3466,1.8342,32.3372,37.8909
2026-09-11,15:29,MMFL,1446.2451,2.3883,42.653,92.8855
2026-09-11,15:29,MMP,1428.5701,3.1183,43.9856,69.9946
2026-09-11,15:29,MODEFENCE,136.6243,1.2536,25.0287,20.6261
2026-09-11,15:29,MODIS,265.1242,2.3249,1.7e+308,1.7e+308
2026-09-11,15:29,MODISONLTD,2203.3529,4.5989,56.8934,212.3564
2026-09-11,15:29,MOLDTECH,463.2697,3.4629,50.6616,29.716
2026-09-11,15:29,MOLDTKPAC,844.9866,2.4859,39.0346,-17.9862
2026-09-11,15:29,MON100,643.4921,1.3777,23.0888,60.7408
2026-09-11,15:29,MONARCH,605.5997,2.0483,33.8142,15.2744
2026-09-11,15:29,MONQ50,725.5412,3.1253,36.1724,140.4156
2026-09-11,15:29,MOREPENLAB,491.4256,4.2014,54.6694,114.8052
2026-09-11,15:29,MOTHERSON,326.0253,2.0629,34.5105,57.0828
2026-09-11,15:29,MOTILALOFS,1887.4984,2.1689,39.8773,11.8192
2026-09-11,15:29,MPSLTD,4148.9619,3.296,45.2022,19.6779
2026-09-11,15:29,MSTCLTD,1762.8437,3.7781,48.6678,40.0227
2026-09-11,15:29,MTARTECH,26210.4002,4.5534,61.4651,335.6568
2026-09-11,15:29,MUFIN,139.9731,1.5458,37.8126,51.9107
2026-09-11,15:29,MUNJALAU,217.3709,3.5654,49.0281,16.5464
2026-09-11,15:29,MUTHOOTMF,142.3918,2.7766,44.2173,18.7549
2026-09-11,15:29,MVGJL,152.3766,3.3369,42.6505,0.9978
2026-09-11,15:29,NACLIND,124.4068,3.5325,57.3876,-37.5639
2026-09-11,15:29,NAHARCAP,162.4234,1.4901,30.5947,-10.3842
2026-09-11,15:29,NAHARINDUS,213.0916,2.7507,40.456,16.3235
2026-09-11,15:29,NAHARSPING,652.1747,2.2501,38.219,26.6169
2026-09-11,15:29,NAM-INDIA,1982.3849,2.0975,38.6532,43.7149
2026-09-11,15:29,NATCAPSUQ,193.4322,3.848,59.6617,-0.817
2026-09-11,15:29,NAVINFLUOR,16084.2042,2.156,36.5867,78.3239
2026-09-11,15:29,NAVINIFTY,435.4239,1.9962,28.9111,43.3632
2026-09-11,15:29,NAZARA,540.1711,2.1827,39.3673,35.0474
2026-09-11,15:29,NBIFIN,160.6251,2.6684,38.2659,-21.2783
2026-09-11,15:29,NDGL,842.8154,2.3434,40.1048,-30.8806
2026-09-11,15:29,NDLVENTURE,208.6885,1.9492,40.9835,44.04
2026-09-11,15:29,NELCO,1953.2371,3.3035,46.394,11.16
2026-09-11,15:29,NEOGEN,7050.1346,2.8978,49.4735,51.5906
2026-09-11,15:29,NEPHROPLUS,1513.2238,2.5864,1.7e+308,1.7e+308
2026-09-11,15:29,NESTLEIND,625.1354,1.2463,20.6701,13.6087
2026-09-11,15:29,NETWEB,10675.0497,3.5897,59.9238,73.118
2026-09-11,15:29,NEULANDLAB,61998.7621,2.2254,39.7286,46.6447
2026-09-11,15:29,NEXT50,402.8646,0.8502,16.7225,6.781
2026-09-11,15:29,NGLFINE,5810.4065,4.0215,57.2388,83.6986
2026-09-11,15:29,NH,417.3764,1.7371,30.6181,5.9457
2026-09-11,15:29,NIACL,309.5287,3.4622,46.6187,3.0597
2026-09-11,15:29,NIBE,1596.3272,3.4441,51.8036,5.9309
2026-09-11,15:29,NIFTY100EQLWGT,9664.8011,0.7306,14.8458,2.4953
2026-09-11,15:29,NIFTY100LIQ15,1781.14,0.8735,15.8013,3.6274
2026-09-11,15:29,NIFTY200ALPHA30,18053.2556,0.9237,18.7938,4.9554
2026-09-11,15:29,NIFTY200MOMENTM30,7931.0886,0.9169,18.1768,-0.2087
2026-09-11,15:29,NIFTY500,1582.6784,0.6945,13.9564,-1.3961
2026-09-11,15:29,NIFTY500MOMENTM50,35983.7362,0.9144,18.3037,5.7444
2026-09-11,15:29,NIFTY500MULTICAP,4802.3185,0.7108,14.4702,0.9432
2026-09-11,15:29,NIFTY50ADD,129.3682,0.4992,11.6205,6.7296
2026-09-11,15:29,NIFTY50EQLWGT,211.7917,0.6567,13.3193,-0.4754
2026-09-11,15:29,NIFTYALPHA50,58011.9659,0.9314,18.9366,9.9151
2026-09-11,15:29,NIFTYALPHALOWVOL,2768.4456,0.6124,12.9337,-2.0936
2026-09-11,15:29,NIFTYAUTO,6907.802,1.0892,20.8285,1.6297
2026-09-11,15:29,NIFTYCAPITALMKT,6144.6795,1.1531,24.7574,24.7037
2026-09-11,15:29,NIFTYCHEMICALS,16688.8735,0.9366,1.7e+308,1.7e+308
2026-09-11,15:29,NIFTYCOMMODITIES,1545.1591,0.76,15.8893,7.6261
2026-09-11,15:29,NIFTYCONSUMPTION,1171.5044,0.7551,14.379,-7.3928
2026-09-11,15:29,NIFTYCONSURDURBL,28954.0434,1.1245,20.2201,-1.3145
2026-09-11,15:29,NIFTYEES,23597.5477,1.6253,39.3689,55.5137
2026-09-11,15:29,NIFTYGS10YR,271.5122,0.2023,3.451,2.1589
2026-09-11,15:29,NIFTYGS1115YR,765.2952,0.2227,3.9291,4.3146
2026-09-11,15:29,NIFTYGS15YRPLUS,256.5651,0.3139,5.322,2.2135
2026-09-11,15:29,NIFTYGS48YR,628.6708,0.1619,2.5448,4.9188
2026-09-11,15:29,NIFTYGS813YR,403.1129,0.1916,3.2589,3.2799
2026-09-11,15:29,NIFTYGSCOMPSITE,452.6026,0.1994,3.4028,3.471
2026-09-11,15:29,NIFTYHEALTHCARE,16681.4302,0.7892,13.4826,11.8275
2026-09-11,15:29,NIFTYINDDEFENCE,12131.2148,1.2199,24.1418,20.8727
2026-09-11,15:29,NIFTYINDIAMFG,7861.9429,0.7449,15.2861,6.4749
2026-09-11,15:29,NIFTYINDTOURISM,881.8851,1.1622,21.4376,-16.4744
2026-09-11,15:29,NIFTYLARGEMID250,2515.1192,0.703,14.4197,0.5728
2026-09-11,15:29,NIFTYM150MOMNTM50,28555.2911,0.8951,18.0209,3.9531
2026-09-11,15:29,NIFTYM150QLTY50,4695.0175,0.749,15.4849,-4.4563
2026-09-11,15:29,NIFTYMEDIA,1097.7074,1.3903,21.9469,-5.1726
2026-09-11,15:29,NIFTYMETAL,10235.3427,1.1346,22.3682,31.5214
2026-09-11,15:29,NIFTYMICROCAP250,35210.3603,0.9698,19.5127,12.1412
2026-09-11,15:29,NIFTYMIDCAP150,11200.6394,0.7707,15.9744,5.938
2026-09-11,15:29,NIFTYMIDCAP50,9800.9122,0.7806,16.3499,9.1278
2026-09-11,15:29,NIFTYMIDLIQ15,12784.5653,0.9671,18.7657,11.3647
2026-09-11,15:29,NIFTYMIDSELECT,9702.3082,0.8491,17.7468,11.4778
2026-09-11,15:29,NIFTYMIDSMALLCAP400,14084.4469,0.7801,16.0821,6.2152
2026-09-11,15:29,NIFTYMIDSMLHLTH,68680.5035,0.8064,14.2826,15.6688
2026-09-11,15:29,NIFTYMS400MQ100,36807.9374,0.8056,17.1764,5.1415
2026-09-11,15:29,NIFTYMULTIINFRA,5309.9282,0.7467,15.3231,2.2135
2026-09-11,15:29,NIFTYMULTIMFG,9739.8275,0.7045,15.1916,4.9179
2026-09-11,15:29,NIFTYSMALLCAP250,18101.9429,0.8595,16.9871,6.9703
2026-09-11,15:29,NIFTYSMALLCAP50,12276.9586,0.9006,18.1942,15.0387
2026-09-11,15:29,NIFTYSML250MQ100,51611.7979,0.8763,17.7688,7.3822
2026-09-11,15:29,NIFTYTOTALMKT,1642.2187,0.6983,14.0683,-0.8279
2026-09-11,15:29,NILKAMAL,4192.9948,2.7917,35.3756,32.5406
2026-09-11,15:29,NINSYS,2347.3574,2.0244,44.0935,58.338
2026-09-11,15:29,NIRAJISPAT,855.4675,4.9538,76.8481,-19.7274
2026-09-11,15:29,NITINSPIN,2018.6653,2.5548,38.6815,96.4544
2026-09-11,15:29,NITIRAJ,356.1657,2.8101,42.2041,10.0859
2026-09-11,15:29,NOCIL,338.5528,3.0255,41.217,3.3684
2026-09-11,15:29,NORTHARC,305.4355,2.5481,39.2776,23.813
2026-09-11,15:29,NOVARTIND,10280.6194,3.9596,65.127,320.3745
2026-09-11,15:29,NPST,3025.8275,3.2762,58.4875,-18.8126
2026-09-11,15:29,NRAIL,1188.563,3.2137,54.3026,62.0178
2026-09-11,15:29,NRBBEARING,1623.3048,2.6569,40.2241,83.0843
2026-09-11,15:29,NRL,497.5033,2.4942,35.7231,85.0626
2026-09-11,15:29,NURECA,358.7705,3.1805,53.437,28.5295
2026-09-11,15:29,NUVAMA,3044.432,2.3626,36.4361,34.8025
2026-09-11,15:29,NYKAA,646.0349,1.6289,27.8975,44.0398
2026-09-11,15:29,OAL,1540.2012,3.5369,48.0904,57.7995
2026-09-11,15:29,OBEROIRLTY,1796.0228,1.685,27.2248,8.6897
2026-09-11,15:29,OCCLLTD,403.361,3.7715,52.6746,14.6917
2026-09-11,15:29,OFSS,24859.6617,2.1615,33.5735,31.0057
2026-09-11,15:29,OLECTRA,859.5606,2.3394,43.7492,-26.5456
2026-09-11,15:29,OMAXAUTO,388.6008,4.5737,61.5784,19.9736
2026-09-11,15:29,OMAXE,319.2654,4.0159,55.2305,39.5071
2026-09-11,15:29,ONESOURCE,2372.7843,2.0785,42.0504,-14.8009
2026-09-11,15:29,OPTIEMUS,1087.4746,2.9169,48.809,-11.1765
2026-09-11,15:29,ORBTEXP,413.3457,4.1875,58.4295,25.7361
2026-09-11,15:29,ORCHPHARMA,1991.3775,2.9989,43.7863,41.1256
2026-09-11,15:29,ORIENTBELL,788.861,2.9944,50.3532,30.3129
2026-09-11,15:29,ORIENTHOT,247.3873,3.653,46.7991,-0.5278
2026-09-11,15:29,ORIENTLTD,138.7328,3.4828,46.174,-5.698
2026-09-11,15:29,PAGEIND,16248.5502,1.6162,24.2524,-19.8618
2026-09-11,15:29,PAISALO,309.9628,2.9255,44.5671,121.4248
2026-09-11,15:29,PANACEABIO,190.3932,3.8156,56.2638,-6.5013
2026-09-11,15:29,PANACHE,1393.5303,2.7753,49.2799,96.9864
2026-09-11,15:29,PANAMAPET,1166.8567,4.0766,50.7203,59.1141
2026-09-11,15:29,PAR,309.9008,4.3894,55.3657,29.7128
2026-09-11,15:29,PARACABLES,200.006,4.2794,59.3516,37.4656
2026-09-11,15:29,PARADEEP,126.7635,2.3445,43.5501,-8.6136
2026-09-11,15:29,PARAGMILK,157.5241,2.4513,47.3578,-3.1804
2026-09-11,15:29,PARAS,4839.2151,3.8743,50.9811,107.3817
2026-09-11,15:29,PARKHOSPS,797.7293,2.5216,1.7e+308,1.7e+308
2026-09-11,15:29,PASUPTAC,137.6786,3.1038,53.6221,44.7249
2026-09-11,15:29,PAUSHAKLTD,1484.3855,3.141,1.7e+308,1.7e+308
2026-09-11,15:29,PAYTM,4023.0663,2.581,39.0071,48.2773
2026-09-11,15:29,PCBL,431.6407,2.8245,46.5811,-13.9124
2026-09-11,15:29,PFOCUS,552.2647,3.2605,55.6561,64.5667
2026-09-11,15:29,PGHL,660.485,1.8567,24.9288,-13.3259
2026-09-11,15:29,PHOENIXLTD,1546.7133,1.6114,26.3908,21.1461
2026-09-11,15:29,PICCADIL,184.8121,2.7581,42.8665,-15.6416
2026-09-11,15:29,PIDILITIND,887.4684,1.3324,21.8918,1.7831
2026-09-11,15:29,PIRAMALFIN,3192.6544,2.1552,1.7e+308,1.7e+308
2026-09-11,15:29,PITTIENG,2483.7956,2.2936,39.6574,27.1391
2026-09-11,15:29,PIXTRANS,2612.7912,2.6803,32.2669,20.7728
2026-09-11,15:29,PKTEA,2721.012,3.8778,54.1225,48.0663
2026-09-11,15:29,PLASTIBLEN,268.7213,2.6344,34.7774,-1.6429
2026-09-11,15:29,PLAZACABLE,143.3842,3.6586,51.1989,12.7081
2026-09-11,15:29,PNBHOUSING,2316.6591,1.6229,32.1218,42.0105
2026-09-11,15:29,PNGJL,401.5625,2.3254,34.4798,3.4151
2026-09-11,15:29,PODDARMENT,240.2553,2.9672,40.1743,-3.4334
2026-09-11,15:29,POKARNA,636.9184,2.1929,53.5961,-5.7766
2026-09-11,15:29,POLICYBZR,1105.1499,1.9029,33.255,-0.3604
2026-09-11,15:29,POLYCAB,8818.8696,1.8087,30.5564,13.5985
2026-09-11,15:29,POLYMED,1449.9664,2.6534,43.1018,-14.0293
2026-09-11,15:29,POLYPLEX,1844.3963,2.331,33.2825,11.8651
2026-09-11,15:29,PONNIERODE,644.6706,2.6006,35.7928,22.3945
2026-09-11,15:29,POONAWALLA,343.2662,1.9524,37.7028,1.3198
2026-09-11,15:29,POWERINDIA,82656.7471,2.6843,44.5537,57.8776
2026-09-11,15:29,POWERMECH,2534.6503,2.0942,38.7008,-21.2995
2026-09-11,15:29,PPAP,289.063,4.3111,57.7088,13.7381
2026-09-11,15:29,PPL,490.9914,3.0244,44.9072,-11.2923
2026-09-11,15:29,PPLPHARMA,369.7476,2.4151,34.5244,5.3222
2026-09-11,15:29,PRABHA,537.1324,2.7583,45.3749,2.0907
2026-09-11,15:29,PRAJIND,226.9836,2.2736,40.7022,-17.9967
2026-09-11,15:29,PRECOT,1978.974,3.4248,61.765,43.2956
2026-09-11,15:29,PRECWIRE,1445.8728,3.7737,60.1692,153.744
2026-09-11,15:29,PREMEXPLN,1156.0037,3.5609,54.8558,19.9928
2026-09-11,15:29,PREMIERENE,1753.5411,1.6864,34.3848,-7.6763
2026-09-11,15:29,PREMIERPOL,225.0611,3.612,58.0095,74.8982
2026-09-11,15:29,PRICOLLTD,1196.3152,2.4218,39.0264,46.9459
2026-09-11,15:29,PRINCEPIPE,184.3776,2.1712,35.836,-20.5926
2026-09-11,15:29,PRIVISCL,4643.8608,1.7645,34.9017,52.1391
2026-09-11,15:29,PRUDENT,6261.8933,2.2625,37.2537,20.6
2026-09-11,15:29,PSPPROJECT,706.378,2.8038,45.9718,8.1869
2026-09-11,15:29,PTCIL,34636.6996,2.6945,36.9378,66.8078
2026-09-11,15:29,PVP,217.743,4.1139,63.9013,113.0135
2026-09-11,15:29,PVRINOX,1729.9742,1.963,30.8109,10.3765
2026-09-11,15:29,QPOWER,4566.9591,3.1915,55.7752,51.0403
2026-09-11,15:29,QUADFUTURE,1171.8182,4.0839,61.5094,8.209
2026-09-11,15:29,QUESS,855.7777,2.7232,37.099,31.6437
2026-09-11,15:29,RACLGEAR,4702.7765,3.0889,57.4764,90.1088
2026-09-11,15:29,RADICO,10069.7611,1.5134,32.7875,52.1509
2026-09-11,15:29,RAIN,375.3291,3.5738,53.8121,55.7888
2026-09-11,15:29,RAINBOW,1863.6219,1.2995,22.5152,-1.2169
2026-09-11,15:29,RAJRATAN,521.5661,2.2497,49.0408,44.6219
2026-09-11,15:29,RAMCOIND,122.1743,2.7663,42.0288,-11.3114
2026-09-11,15:29,RAMCOSYS,710.7189,4.8695,64.7582,28.4125
2026-09-11,15:29,RAMRAT,1512.6037,3.0971,42.3494,49.1818
2026-09-11,15:29,RANEHOLDIN,2478.8339,2.8624,41.407,12.8768
2026-09-11,15:29,RATEGAIN,1542.992,2.6422,44.3066,40.15
2026-09-11,15:29,RATNAMANI,4172.5273,2.8099,45.1096,18.305
2026-09-11,15:29,RATNAVEER,865.5143,3.5512,50.3416,98.4717
2026-09-11,15:29,RAYMOND,3777.4777,3.8944,49.1608,63.1498
2026-09-11,15:29,RAYMONDREL,604.0491,3.9409,57.2141,-5.0907
2026-09-11,15:29,RBA,211.5413,3.0062,38.9029,20.781
2026-09-11,15:29,RBLBANK,747.6193,1.8685,30.8165,51.339
2026-09-11,15:29,RBZJEWEL,268.2872,3.6347,51.0603,24.1111
2026-09-11,15:29,REDINGTON,789.171,2.5941,50.4161,61.4848
2026-09-11,15:29,REFEX,328.1958,2.5864,52.5336,-22.2649
2026-09-11,15:29,REGAAL,151.0123,2.9698,53.7444,-21.5537
2026-09-11,15:29,RELIGARE,193.1841,2.0139,38.4702,1.3617
2026-09-11,15:29,RGL,317.2189,3.4049,56.83,31.1598
2026-09-11,15:29,RICOAUTO,126.8875,3.2457,57.4436,30.8082
2026-09-11,15:29,RISHABH,2693.4142,3.2879,51.0726,94.263
2026-09-11,15:29,RITCO,397.4074,2.7915,42.3096,11.4116
2026-09-11,15:29,RKFORGE,1247.1693,2.2234,35.5567,23.3972
2026-09-11,15:29,RML,3918.2572,3.3546,43.375,60.0848
2026-09-11,15:29,ROLEXRINGS,315.1722,2.5209,44.3632,22.6964
2026-09-11,15:29,ROSSTECH,3321.9604,3.8312,61.2876,62.7966
2026-09-11,15:29,RPEL,6922.3782,3.2565,50.7979,172.4347
2026-09-11,15:29,RPGLIFE,4447.886,2.8244,37.2219,13.3723
2026-09-11,15:29,RPSGVENT,795.9928,2.4313,47.9672,-3.777
2026-09-11,15:29,RPTECH,2824.8913,3.3888,44.0273,172.3995
2026-09-11,15:29,RRKABEL,6496.9385,2.958,38.9202,94.8561
2026-09-11,15:29,RSWM,480.9447,2.6213,41.402,36.3937
2026-09-11,15:29,RUBICON,7171.9985,3.3528,1.7e+308,1.7e+308
2026-09-11,15:29,RUBYMILLS,1619.4595,3.9156,52.9996,99.8595
2026-09-11,15:29,RVTH,613.9719,3.0593,47.4053,-16.0587
2026-09-11,15:29,S&SPOWER,568.3891,3.0232,54.7269,-21.1012
2026-09-11,15:29,SAHYADRI,929.5783,2.9843,41.983,42.8102
2026-09-11,15:29,SAIL,188.3467,2.3939,36.0183,35.3395
2026-09-11,15:29,SAILIFE,4624.3251,2.0493,34.7563,81.6203
2026-09-11,15:29,SAKAR,4798.284,3.8159,53.9038,246.56
2026-09-11,15:29,SALSTEEL,234.4256,3.2466,57.9725,136.5908
2026-09-11,15:29,SAMBHV,273.6827,2.5268,43.9517,9.2151
2026-09-11,15:29,SANATHAN,187.6025,2.1564,32.9133,-8.5786
2026-09-11,15:29,SANDHAR,765.9143,2.9168,44.0438,33.6502
2026-09-11,15:29,SANGAMIND,779.5584,2.1217,36.1921,42.478
2026-09-11,15:29,SANGHVIMOV,795.0627,3.0503,51.0813,17.4123
2026-09-11,15:29,SANGINITA,339.359,2.4724,48.0542,559.3373
2026-09-11,15:29,SANSERA,15074.5612,2.6334,40.8585,192.0721
2026-09-11,15:29,SANSTAR,126.2674,2.9036,39.6487,14.9558
2026-09-11,15:29,SAPPHIRE,232.6892,3.1972,45.5061,-31.3443
2026-09-11,15:29,SARDAEN,320.3199,1.7925,34.1166,-11.146
2026-09-11,15:29,SAREGAMA,1043.1322,3.0488,41.5905,2.5875
2026-09-11,15:29,SASKEN,3128.7762,4.1905,54.9462,19.5122
2026-09-11,15:29,SATIN,388.6008,2.5434,33.5018,46.6035
2026-09-11,15:29,SBC,120.1897,2.029,26.0204,121.2912
2026-09-11,15:29,SBCL,4134.0777,4.2244,54.7918,110.1498
2026-09-11,15:29,SBILIQETF,157.8347,0.0125,0.7364,5.0035
2026-09-11,15:29,SCHAEFFLER,2176.1888,1.4611,28.4909,-0.0708
2026-09-11,15:29,SCHNEIDER,3260.8731,3.6024,48.869,40.8806
2026-09-11,15:29,SCI,415.5784,2.2435,45.8946,30.9135
2026-09-11,15:29,SCPL,2122.2342,3.8977,56.0574,159.1242
2026-09-11,15:29,SEAMECLTD,3239.1674,2.3876,36.8582,92.3838
2026-09-11,15:29,SECMARK,230.8286,3.4128,63.5746,10.6838
2026-09-11,15:29,SEMAC,211.5411,3.4339,54.9003,-47.4601
2026-09-11,15:29,SENCO,246.829,2.9847,42.0973,-7.5033
2026-09-11,15:29,SENORES,4223.3831,2.9704,40.7888,112.683
2026-09-11,15:29,SESHAPAPER,175.075,1.7968,30.9806,-6.3958
2026-09-11,15:29,SETFNN50,331.2967,0.8388,16.1502,6.5243
2026-09-11,15:29,SETL,2176.9956,3.575,50.9046,155.6102
2026-09-11,15:29,SFL,1028.5579,2.6707,39.4314,-6.1987
2026-09-11,15:29,SGFIN,2037.2705,2.3848,41.9367,75.7547
2026-09-11,15:29,SGIL,431.3307,2.5982,40.6707,3.5677
2026-09-11,15:29,SGMART,2493.4084,2.6756,1.7e+308,109.704
2026-09-11,15:29,SHADOWFAX,894.4765,3.1528,1.7e+308,1.7e+308
2026-09-11,15:29,SHAHALLOYS,171.292,3.4047,52.8309,32.7885
2026-09-11,15:29,SHAILY,8309.7072,3.0857,51.9624,45.8139
2026-09-11,15:29,SHALPAINTS,147.4153,4.4083,61.3051,17.5833
2026-09-11,15:29,SHANKARA,278.0238,1.7066,47.0637,-38.8394
2026-09-11,15:29,SHANTIGEAR,1642.8402,3.3269,41.301,27.8866
2026-09-11,15:29,SHANTIGOLD,389.6552,2.756,46.1983,15.4555
2026-09-11,15:29,SHARDAMOTR,606.8398,2.0141,36.3961,-9.342
2026-09-11,15:29,SHAREINDIA,381.0346,3.1067,52.1402,36.431
2026-09-11,15:29,SHEMAROO,152.6247,2.6748,44.8513,9.3705
2026-09-11,15:29,SHILCTECH,6191.1926,3.1467,1.7e+308,1.7e+308
2026-09-11,15:29,SHILPAMED,4174.079,2.9445,41.1072,132.2741
2026-09-11,15:29,SHIVALIK,359.3905,3.8168,51.6602,-24.4549
2026-09-11,15:29,SHIVAUM,883.1273,2.7743,1.7e+308,1.7e+308
2026-09-11,15:29,SHOPERSTOP,145.1208,2.6154,38.1339,-29.6119
2026-09-11,15:29,SHREEJISPG,2236.9665,2.3831,1.7e+308,170.9027
2026-09-11,15:29,SHREEPUSHK,848.3975,2.998,53.582,46.9
2026-09-11,15:29,SHRIPISTON,10634.1177,1.9608,38.5575,68.8816
2026-09-11,15:29,SHRIRAMFIN,192.2538,2.0244,35.4504,62.5346
2026-09-11,15:29,SHYAMMETL,1405.6238,1.8113,28.551,17.1125
2026-09-11,15:29,SICAGEN,203.603,3.7537,137.1233,231.4551
2026-09-11,15:29,SIEMENS,6047.9334,1.7563,30.5914,23.579
2026-09-11,15:29,SIGIND,147.6634,3.0773,45.4483,29.9853
2026-09-11,15:29,SIGMAADV,4115.3486,3.6238,57.6785,429.279
2026-09-11,15:29,SIGNPOST,415.0202,3.3107,48.174,-5.2641
2026-09-11,15:29,SILINV,177.9897,1.5786,30.9658,-20.3298
2026-09-11,15:29,SIMPLEXINF,202.1147,3.2323,54.3906,-13.6717
2026-09-11,15:29,SIS,491.4876,2.0181,29.6428,20.3847
2026-09-11,15:29,SIYSIL,128.376,2.2609,39.8323,-20.4829
2026-09-11,15:29,SJS,4393.3105,2.0684,36.8807,68.1068
2026-09-11,15:29,SKFINDUS,1859.9002,2.2323,1.7e+308,1.7e+308
2026-09-11,15:29,SKIPPER,1177.0896,2.546,40.3982,3.4027
2026-09-11,15:29,SKMEGGPROD,343.018,4.1172,57.5692,41.7744
2026-09-11,15:29,SKYGOLD,3214.0502,3.4044,48.9051,193.1444
2026-09-11,15:29,SMARTLINK,651.6165,3.4744,46.8973,54.8964
2026-09-11,15:29,SMARTWORKS,474.7429,2.0609,35.4047,2.8286
2026-09-11,15:29,SMLMAH,19094.5266,4.004,59.7422,76.1809
2026-09-11,15:29,SMSPHARMA,898.6318,2.6813,49.4541,59.1135
2026-09-11,15:29,SOFTTECH,1105.1496,2.2443,43.0501,16.42
2026-09-11,15:29,SOLARA,1490.8977,3.3386,45.9166,10.5675
2026-09-11,15:29,SOLARINDS,56386.1903,2.0557,32.8607,54.7594
2026-09-11,15:29,SOMANYCERA,951.0364,2.2903,36.6612,16.4041
2026-09-11,15:29,SONACOMS,1849.668,1.8017,31.3149,83.9832
2026-09-11,15:29,SONAMLTD,205.7736,3.255,46.2399,48.3215
2026-09-11,15:29,SOTL,2340.8456,4.1104,48.4953,76.0477
2026-09-11,15:29,SPAL,2127.5057,3.6344,49.9806,37.537
2026-09-11,15:29,SPARC,387.0503,3.859,56.8685,36.9741
2026-09-11,15:29,SPECIALITY,225.3711,3.0033,46.4603,14.2189
2026-09-11,15:29,SPECTRUM,10824.5114,3.8816,56.4745,112.5677
2026-09-11,15:29,SPLPETRO,1469.8116,2.1123,40.5216,3.7988
2026-09-11,15:29,SPORTKING,767.651,3.2572,47.3835,96.406
2026-09-11,15:29,SREEL,729.0761,3.2435,37.9014,42.2468
2026-09-11,15:29,SRHHYPOLTD,516.9146,1.9505,32.3046,-13.1631
2026-09-11,15:29,SSWL,1019.5035,2.7057,40.7667,52.2802
2026-09-11,15:29,STALLION,305.6836,4.0166,74.743,9.4742
2026-09-11,15:29,STAR,1989.8275,2.3974,38.9051,30.0797
2026-09-11,15:29,STARHEALTH,565.5985,1.3686,23.5761,26.92
2026-09-11,15:29,STARPAPER,158.1443,1.899,27.8243,-4.3063
2026-09-11,15:29,STEELCAS,720.5177,2.358,44.5644,53.1669
2026-09-11,15:29,STEL,1215.8504,2.7281,50.9765,16.2229
2026-09-11,15:29,STLTECH,4862.5339,3.5516,62.8218,649.8956
2026-09-11,15:29,STOVEKRAFT,2092.1561,2.3301,43.9115,21.1387
2026-09-11,15:29,STYL,904.3372,2.9099,1.7e+308,1.7e+308
2026-09-11,15:29,STYLAMIND,7073.7,2.5391,36.0103,92.8811
2026-09-11,15:29,STYLEBAAZA,443.7344,3.3023,56.9382,4.8352
2026-09-11,15:29,STYRENIX,1258.3333,1.8807,31.058,-18.5923
2026-09-11,15:29,SUDARSCHEM,2195.1044,2.7992,40.0151,-8.8639
2026-09-11,15:29,SUDEEPPHRM,3776.2376,3.0581,1.7e+308,1.7e+308
2026-09-11,15:29,SUMICHEM,366.8327,2.7963,35.9565,-14.1157
2026-09-11,15:29,SUNCLAY,384.5077,1.8743,36.5925,-25.2648
2026-09-11,15:29,SUNDRMBRAK,875.3753,3.113,43.9769,-6.627
2026-09-11,15:29,SUNDRMFAST,2097.4274,1.7664,27.0493,24.0477
2026-09-11,15:29,SUNDROP,302.6447,1.6149,27.9192,-19.7722
2026-09-11,15:29,SUNFLAG,604.2353,3.2211,43.5808,28.0912
2026-09-11,15:29,SUNPHARMA,1425.7794,1.2853,19.5836,13.8191
2026-09-11,15:29,SUPRAJIT,315.9784,1.6895,31.8663,9.9022
2026-09-11,15:29,SUPRIYA,1442.2138,3.8575,47.1821,39.2449
2026-09-11,15:29,SURAKSHA,332.1029,2.5058,34.1112,4.3345
2026-09-11,15:29,SUVEN,1341.1876,4.2534,58.9016,58.2825
2026-09-11,15:29,SUYOG,663.5858,2.34,45.2438,-17.0334
2026-09-11,15:29,SVLL,879.0962,3.3308,44.279,3.1603
2026-09-11,15:29,SWANDEF,5639.2388,1.9952,1533.7797,421.0888
2026-09-11,15:29,SWARAJENG,661.1057,1.1455,25.5167,-17.0128
2026-09-11,15:29,SWELECTES,290.5516,2.2593,45.6846,-37.449
2026-09-11,15:29,SYRMA,5098.138,2.6089,43.8673,92.5607
2026-09-11,15:29,TAINWALCHM,220.2856,2.9307,53.2693,-1.8191
2026-09-11,15:29,TALBROAUTO,1040.6514,2.5537,40.4317,41.9598
2026-09-11,15:29,TARIL,318.3352,2.684,59.373,-42.0857
2026-09-11,15:29,TARSONS,711.4013,3.952,50.7821,-0.5592
2026-09-11,15:29,TASTYBITE,21188.2335,2.5482,35.3875,10.2608
2026-09-11,15:29,TATACAP,155.0434,1.6545,1.7e+308,1.7e+308
2026-09-11,15:29,TATACOMM,971.8118,2.0668,33.726,9.145
2026-09-11,15:29,TATAINVEST,287.4507,1.5653,43.5422,-5.3512
2026-09-11,15:29,TATATECH,765.6045,2.5131,33,8.5529
2026-09-11,15:29,TATVA,3215.6005,3.2754,52.51,58.1187
2026-09-11,15:29,TBOTEK,1834.474,2.2556,40.1987,8.0273
2026-09-11,15:29,TBZ,2307.4801,5.2555,63.648,181.6698
2026-09-11,15:29,TCPLPACK,7835.2736,3.3807,44.1427,14.2157
2026-09-11,15:29,TDPOWERSYS,404.3533,6.3026,72.7277,45.9077
2026-09-11,15:29,TEGA,293.3417,2.2163,33.8772,-14.2354
2026-09-11,15:29,TEJASNET,1375.2353,3.3764,58.121,-6.7651
2026-09-11,15:29,TEXINFRA,127.0736,1.6741,25.8855,21.6128
2026-09-11,15:29,TFCILTD,485.9061,2.5882,49.9704,94.1944
2026-09-11,15:29,THANGAMAYL,12107.0301,3.8782,60.0731,134.3957
2026-09-11,15:29,THEJO,2798.8441,2.1137,32.1354,16.7022
2026-09-11,15:29,THELEELA,724.6728,2.0582,31.226,29.2421
2026-09-11,15:29,THEMISMED,305.9937,3.6369,58.0581,5.0197
2026-09-11,15:29,THERMAX,4935.3424,2.6385,35.1529,11.1883
2026-09-11,15:29,THYROCARE,928.0901,2.5753,40.5615,34.7634
2026-09-11,15:29,TI,677.2295,1.8386,34.1351,11.1443
2026-09-11,15:29,TIIL,8015.1239,2.2952,40.0766,30.8559
2026-09-11,15:29,TIINDIA,1684.3923,2.0709,34.5054,-19.3457
2026-09-11,15:29,TIMKEN,1686.8724,1.6843,27.702,9.1378
2026-09-11,15:29,TINNARUBR,2586.4346,3.3879,48.9561,26.6365
2026-09-11,15:29,TIPSMUSIC,853.9792,2.7087,37.9943,10.4701
2026-09-11,15:29,TIRUPATIFL,226.6115,3.6649,56.5507,78.7895
2026-09-11,15:29,TITAGARH,351.9486,2.3713,36.4616,-9.2022
2026-09-11,15:29,TITAN,6351.8185,1.4625,23.0403,40.2475
2026-09-11,15:29,TMB,1983.6257,2.5485,37.7298,110.8565
2026-09-11,15:29,TNPETRO,209.3086,2.3113,37.8852,28.4888
2026-09-11,15:29,TNPL,142.3919,2.009,31.322,-4.7539
2026-09-11,15:29,TORNTPHARM,6005.7612,1.5386,21.8304,39.2378
2026-09-11,15:29,TRAVELFOOD,1152.903,2.0894,30.1345,-2.0472
2026-09-11,15:29,TRENT,1962.2289,2.0268,32.9677,-18.0585
2026-09-11,15:29,TRITURBINE,430.0907,2.6214,36.8765,7.1476
2026-09-11,15:29,TRUALT,236.9064,2.0143,1.7e+308,1.7e+308
2026-09-11,15:29,TSFINV,181.0908,2.1186,44.1639,-25.1669
2026-09-11,15:29,TTKHLTCARE,934.6018,2.1449,29.7706,-6.1506
2026-09-11,15:29,TVSMOTOR,3294.3622,1.7682,27.3084,18.1136
2026-09-11,15:29,TVSSCS,212.4095,2.6626,40.6302,-1.2487
2026-09-11,15:29,TVSSRICHAK,7705.0371,2.7223,42.1886,77.6566
2026-09-11,15:29,UCAL,228.782,2.9903,45.596,4.4647
2026-09-11,15:29,UDS,342.5219,2.4331,43.9273,-17.7208
2026-09-11,15:29,UEL,515.2403,4.5222,75.3432,91.9198
2026-09-11,15:29,UFBL,2985.5779,4.5342,64.9385,172.7219
2026-09-11,15:29,UFLEX,1210.8891,3.0953,40.8715,17.6539
2026-09-11,15:29,UNICHEMLAB,1018.9455,4.0692,49.4647,6.5758
2026-09-11,15:29,UNIDT,293.094,1.9192,37.3182,14.7863
2026-09-11,15:29,UNIMECH,4627.736,3.3129,47.5579,49.4893
2026-09-11,15:29,UNIPARTS,2872.0243,2.419,42.2437,118.0659
2026-09-11,15:29,UNITDSPR,372.1042,1.3705,23.8434,6.5129
2026-09-11,15:29,UNIVASTU,571.242,2.9663,44.4064,79.6196
2026-09-11,15:29,UNIVCABLES,4838.9051,4.4321,58.9091,107.7533
2026-09-11,15:29,UNIVPHOTO,2149.088,2.5717,52.5662,106.5583
2026-09-11,15:29,UNOMINDA,350.3981,1.7822,32.3177,-6.1983
2026-09-11,15:29,URBANCO,286.2721,2.8873,1.7e+308,1.7e+308
2026-09-11,15:29,USHAMART,531.7989,1.8616,33.7148,27.6953
2026-09-11,15:29,UTLSOLAR,1519.6735,3.2505,1.7e+308,1.7e+308
2026-09-11,15:29,UTTAMSUGAR,419.0514,2.8144,41.6064,6.1646
2026-09-11,15:29,VADILALIND,16435.2231,2.5313,38.4654,24.1727
2026-09-11,15:29,VALIANTLAB,435.486,2.9491,50.475,47.3957
2026-09-11,15:29,VALIANTORG,956.8659,3.0954,54.0696,8.6051
2026-09-11,15:29,VARROC,1862.3815,2.2781,36.136,44.9589
2026-09-11,15:29,VEDL,165.4624,2.474,36.2901,61.6502
2026-09-11,15:29,VENKEYS,1707.9577,2.206,38.0158,19.5931
2026-09-11,15:29,VENUSPIPES,6158.9446,2.7906,44.0901,50.675
2026-09-11,15:29,VENUSREM,4982.7858,3.3822,54.0605,257.1145
2026-09-11,15:29,VERANDA,178.1139,3.5475,52.8834,-0.5563
2026-09-11,15:29,VETO,165.6484,2.454,36.5804,12.1401
2026-09-11,15:29,VHL,1220.5006,1.6685,32.449,-13.1664
2026-09-11,15:29,VIDHIING,132.7173,2.2177,36.0913,-10.9321
2026-09-11,15:29,VIDYAWIRES,271.264,3.2539,1.7e+308,1.7e+308
2026-09-11,15:29,VIJAYA,3231.4148,2.3959,31.753,44.1874
2026-09-11,15:29,VIMTALABS,1158.1741,2.7492,50.6403,-18.9652
2026-09-11,15:29,VINCOFE,153.9272,2.6705,39.6957,15.801
2026-09-11,15:29,VINDHYATEL,10025.7274,4.6232,58.1685,88.9904
2026-09-11,15:29,VISAKAIND,173.1525,2.7173,37.8777,10.1705
2026-09-11,15:29,VISHNU,1326.8616,1.9503,32.3267,44.1159
2026-09-11,15:29,VIYASH,346.8632,2.7677,43.168,41.143
2026-09-11,15:29,VMART,1264.2243,2.0208,40.364,9.7551
2026-09-11,15:29,VOLTAMP,24155.7646,3.0036,40.1192,53.8683
2026-09-11,15:29,VSSL,903.283,2.436,36.2134,44.6325
2026-09-11,15:29,VTL,706.998,1.8866,35.462,31.7051
2026-09-11,15:29,WABAG,7490.4572,2.9015,40.7847,48.9895
2026-09-11,15:29,WALCHANNAG,159.1366,3.7133,58.5211,-1.726
2026-09-11,15:29,WANBURY,191.0135,3.1794,52.7028,-8.0131
2026-09-11,15:29,WEALTH,179.5404,1.8536,38.4475,-33.7734
2026-09-11,15:29,WELCORP,12031.37,2.8352,40.3599,204.2455
2026-09-11,15:29,WELENT,2014.6342,2.2362,37.0393,63.3832
2026-09-11,15:29,WELINV,6821.9104,2.9006,54.4264,132.2
2026-09-11,15:29,WELSPUNLIV,523.4886,2.4192,46.3681,71.5371
2026-09-11,15:29,WENDT,12474.7934,2.5013,35.1464,-8.6646
2026-09-11,15:29,WESTLIFE,551.3342,2.7133,39.2063,-23.5693
2026-09-11,15:29,WEWORK,564.358,2.7984,1.7e+308,1.7e+308
2026-09-11,15:29,WHEELS,9057.0168,4.183,50.7587,200.2895
2026-09-11,15:29,WINDLAS,1849.978,2.4253,35.2613,13.6867
2026-09-11,15:29,WINDMACHIN,286.8303,2.4918,41.7888,0.1166
2026-09-11,15:29,WIPL,133.2133,1.8994,35.2945,1.5327
2026-09-11,15:29,WOCKPHARMA,5120.1529,3.2885,51.9235,43.5705
2026-09-11,15:29,WONDERLA,187.9127,1.5938,28.8813,-19.3888
2026-09-11,15:29,WSTCSTPAPR,2001.6105,2.3987,39.1125,45.2437
2026-09-11,15:29,XPROINDIA,2170.6075,3.6132,51.3172,4.7238
2026-09-11,15:29,YASHO,18560.558,4.369,60.0821,136.8228
2026-09-11,15:29,YATHARTH,2208.7483,2.0201,37.8375,25.4528
2026-09-11,15:29,YUKEN,2141.1496,2.3114,37.4231,12.0022
2026-09-11,15:29,ZENTEC,2395.7304,2.5427,38.553,16.274
2026-09-11,15:29,ZIMLAB,415.5164,2.997,50.4242,83.2565
2026-09-11,15:29,ZYDUSLIFE,1494.6186,1.6935,23.7217,7.1165
2026-09-11,15:29,ZYDUSWELL,693.3541,2.3494,40.2337,8.7899
2026-09-15,15:29,20MICRONS,187.7265,2.7024,41.8772,-12.6762
2026-09-15,15:29,3IINFOLTD,54.4512,2.3076,38.3012,-4.1167
2026-09-15,15:29,63MOONS,1425.159,3.0239,52.3084,-6.9767
2026-09-15,15:29,AAREYDRUGS,196.2229,2.4509,51.5972,27.3454
2026-09-15,15:29,AARTIDRUGS,320.6299,1.7588,31.9964,-18.8446
2026-09-15,15:29,AARTIIND,172.0982,2.4347,37.5239,19.2014
2026-09-15,15:29,AARTIPHARM,78.4521,3.1998,44.7306,-15.1312
2026-09-15,15:29,AARTISURF,536.1402,3.7251,51.0987,4.9811
2026-09-15,15:29,AARVI,64.6221,2.4961,44.1507,12.3927
2026-09-15,15:29,ABB,7373.865,1.9779,29.895,28.8418
2026-09-15,15:29,ABCAPITAL,192.5638,2.0114,32.1526,31.0047
2026-09-15,15:29,ABDL,724.6728,2.3531,40.8464,14.9095
2026-09-15,15:29,ABMINTLLTD,55.6296,4.7689,67.5262,24.79
2026-09-15,15:29,ABSLAMC,1394.7707,2.3669,37.2506,25.8213
2026-09-15,15:29,ACE,1318.7991,2.173,35.5306,-1.5565
2026-09-15,15:29,ACMESOLAR,1232.9673,2.2482,38.3959,42.5085
2026-09-15,15:29,ACUTAAS,7933.8813,2.6943,45.0987,124.0038
2026-09-15,15:29,ADANIENSOL,2045.3327,2.2388,40.3249,53.6225
2026-09-15,15:29,ADANIENT,4354.8607,2.2168,36.1751,16.0301
2026-09-15,15:29,ADANIGREEN,1756.0219,2.3071,43.7802,21.7619
2026-09-15,15:29,ADANIPORTS,1011.5039,1.6611,29.0905,20.0308
2026-09-15,15:29,ADANIPOWER,305.4975,2.115,43.7249,42.3738
2026-09-15,15:29,ADFFOODS,213.2156,2.67,48.1227,13.161
2026-09-15,15:29,ADOR,3056.8354,2.3954,38.1348,50.0848
2026-09-15,15:29,ADVAIT,2263.0139,2.9918,1.7e+308,1.7e+308
2026-09-15,15:29,AEGISLOG,3924.1489,3.5525,47.4701,67.2036
2026-09-15,15:29,AEGISVOPAK,522.1242,3.1178,47.2723,24.5515
2026-09-15,15:29,AEQUS,504.4493,3.5796,1.7e+308,1.7e+308
2026-09-15,15:29,AEROENTER,231.5108,3.8205,55.249,36.0917
2026-09-15,15:29,AEROFLEX,1996.6492,4.5176,59.6944,168.1741
2026-09-15,15:29,AETHER,3546.153,2.3807,39.2126,115.0659
2026-09-15,15:29,AGARWALEYE,321.8701,1.7342,27.9114,10.3285
2026-09-15,15:29,AGI,905.764,2.8959,42.5207,-12.2722
2026-09-15,15:29,AGIIL,106.98,2.8198,53.4126,12.2705
2026-09-15,15:29,AHCL,46.9472,3.2285,1.7e+308,50.0372
2026-09-15,15:29,AHLWEST,2135.8781,3.3438,51.613,119.601
2026-09-15,15:29,AIAENG,102.9494,1.8419,30.5088,26.8106
2026-09-15,15:29,AIIL,152.8726,3.036,50.9637,-16.1736
2026-09-15,15:29,AJANTPHARM,4078.8819,1.7387,25.7166,37.9549
2026-09-15,15:29,AJAXENGG,507.922,2.2105,37.444,-13.939
2026-09-15,15:29,AKSHARCHEM,1131.0107,3.6228,50.0417,50.4305
2026-09-15,15:29,AKUMS,1976.8038,2.1638,32.7831,60.6821
2026-09-15,15:29,ALBERTDAVD,1062.6678,2.2707,32.3335,6.2153
2026-09-15,15:29,ALIVUS,2575.8916,2.1124,30.4963,28.6744
2026-09-15,15:29,ALKYLAMINE,1494.6186,2.9438,40.6438,-14.5476
2026-09-15,15:29,ALPHAGEO,462.9597,3.97,53.3377,11.4696
2026-09-15,15:29,AMAGI,1196.0052,3.2806,1.7e+308,1.7e+308
2026-09-15,15:29,AMANTA,552.3887,2.8526,1.7e+308,37.3008
2026-09-15,15:29,AMBER,2232.6252,2.5097,40.1344,-15.5253
2026-09-15,15:29,AMBIKCO,1582.6829,2.2678,34.7309,3.9347
2026-09-15,15:29,AMDIND,162.1134,3.0684,52.771,22.7569
2026-09-15,15:29,ANANDRATHI,4392.0696,1.1575,21.9181,43.5832
2026-09-15,15:29,ANANTRAJ,236.5964,2.7522,46.125,-8.5103
2026-09-15,15:29,ANDHRSUGAR,128.1279,3.0418,38.1112,22.8553
2026-09-15,15:29,ANGELONE,206.5178,2.1616,41.5862,31.2539
2026-09-15,15:29,ANTELOPUS,3156.9944,3.9881,68.5415,86.2652
2026-09-15,15:29,ANTHEM,1798.1933,1.6552,29.4597,11.4348
2026-09-15,15:29,ANUHPHR,68.4051,2.352,35.9824,2.4963
2026-09-15,15:29,AONELIQUID,190.7034,0.0123,0.2061,4.9213
2026-09-15,15:29,APARINDS,43784.2613,2.931,46.2384,87.0691
2026-09-15,15:29,APCOTEXIND,1299.574,3.4392,43.1563,37.8346
2026-09-15,15:29,APEX,74.731,2.9257,67.208,45.5655
2026-09-15,15:29,APLLTD,168.0669,1.6565,27.0784,-13.999
2026-09-15,15:29,APOLLO,903.9031,3.4398,57.7596,12.4164
2026-09-15,15:29,APOLLOHOSP,9684.0119,1.0918,18.1779,11.6249
2026-09-15,15:29,APOLLOPIPE,1282.5193,2.9687,48.5987,28.8262
2026-09-15,15:29,ARCHIDPLY,59.7847,2.8756,43.5287,-3.8569
2026-09-15,15:29,ARIES,984.5257,2.7187,42.0882,15.2142
2026-09-15,15:29,ARIHANT,5049.1439,3.3667,2177.0839,3104.4777
2026-09-15,15:29,ARIS,226.0533,2.8893,52.5813,-24.3794
2026-09-15,15:29,ARMANFIN,2109.8305,2.7789,40.9763,32.6212
2026-09-15,15:29,ARROWGREEN,2551.7045,3.0459,51.9127,47.2044
2026-09-15,15:29,ARTEMISMED,702.1605,2.2658,36.1973,38.5199
2026-09-15,15:29,ARVIND,1131.5068,2.6593,40.3036,72.3318
2026-09-15,15:29,ASAHISONG,796.551,3.1843,50.1512,25.1279
2026-09-15,15:29,ASHIANA,258.3023,1.9786,31.9623,10.1837
2026-09-15,15:29,ASIANENE,1424.849,3.498,51.241,39.4797
2026-09-15,15:29,ASIANHOTNR,527.4578,3.0342,47.4254,18.6182
2026-09-15,15:29,ASKAUTOLTD,934.2918,2.7895,37.3228,17.0312
2026-09-15,15:29,ASPINWALL,236.8443,2.222,41.5721,-8.0125
2026-09-15,15:29,ASTEC,234.1156,3.5601,61.0876,-18.3344
2026-09-15,15:29,ASTERDM,1105.1496,1.7055,29.4359,13.9421
2026-09-15,15:29,ASTRAMICRO,4292.2222,2.8237,42.4562,39.709
2026-09-15,15:29,ATGL,227.2938,2.403,47.5881,-10.9448
2026-09-15,15:29,ATHERENERG,5348.3779,3.1478,50.6589,168.349
2026-09-15,15:29,ATLANTAELE,5248.8397,3.4559,1.7e+308,1.7e+308
2026-09-15,15:29,AUBANK,229.1542,1.6236,29.6754,43.036
2026-09-15,15:29,AUROPHARMA,2908.6145,1.646,26.3697,48.3202
2026-09-15,15:29,AURUM,268.8453,1.9673,35.8758,31.5114
2026-09-15,15:29,AUSOMENT,265.2483,2.4454,51.5485,46.6982
2026-09-15,15:29,AVADHSUGAR,2418.6773,3.0475,43.8399,64.8925
2026-09-15,15:29,AVALON,7017.8851,3.6478,54.2559,121.815
2026-09-15,15:29,AVG,115.2904,3.0098,56.1112,-30.2025
2026-09-15,15:29,AVL,779.8684,1.8274,32.4928,6.6109
2026-09-15,15:29,AVTNPL,109.5847,2.4185,33.8894,15.2479
2026-09-15,15:29,AXISCADES,3685.0717,2.7349,49.1189,2.0133
2026-09-15,15:29,AYMSYNTEX,574.591,3.0986,46.9244,38.2979
2026-09-15,15:29,AZAD,7520.8458,3.0355,42.2833,62.3882
2026-09-15,15:29,BAFNAPH,1186.3922,3.2443,53.1066,122.375
2026-09-15,15:29,BAJAJ-AUTO,11817.4093,1.5084,23.0995,27.3366
2026-09-15,15:29,BAJAJCON,893.6701,2.8905,50.7688,97.1897
2026-09-15,15:29,BAJAJHLDNG,626.3754,1.4984,28.4466,-15.9473
2026-09-15,15:29,BAJFINANCE,170.5478,1.7842,30.2999,1.6877
2026-09-15,15:29,BALAMINES,6079.5621,4.3388,55.6663,42.0179
2026-09-15,15:29,BALPHARMA,232.6272,3.6186,44.636,27.3891
2026-09-15,15:29,BALRAMCHIN,1439.1129,3.0434,40.8668,32.8298
2026-09-15,15:29,BALUFORGE,345.1268,3.2033,51.6661,-24.6407
2026-09-15,15:29,BANDHANBNK,83.1653,2.84,41.0941,3.214
2026-09-15,15:29,BANKA,103.8791,2.7295,45.3226,-14.1849
2026-09-15,15:29,BANSALWIRE,222.0223,2.5422,38.2193,-16.5545
2026-09-15,15:29,BBETF0432,170.6098,0.2744,3.9315,4.1048
2026-09-15,15:29,BBOX,1339.8851,3.1824,46.5733,52.5465
2026-09-15,15:29,BBTCL,229.3402,2.7519,40.2058,7.8029
2026-09-15,15:29,BELRISE,289.5591,2.1613,36.9153,44.3694
2026-09-15,15:29,BEML,1996.3392,2.1105,39.8174,-10.9637
2026-09-15,15:29,BEPL,217.5569,2.7551,35.2413,13.8907
2026-09-15,15:29,BETA,4499.36,4.0844,1.7e+308,1.7e+308
2026-09-15,15:29,BFINVEST,224.5029,2.4708,36.4949,-6.815
2026-09-15,15:29,BHAGCHEM,138.8569,2.6428,44.8884,-2.7427
2026-09-15,15:29,BHAGERIA,904.4613,3.5473,51.4876,68.1571
2026-09-15,15:29,BHAGYANGR,1486.1222,3.9027,63.1416,336.3754
2026-09-15,15:29,BHARATBOND-APR30,263.4497,0.1235,1.7249,4.4619
2026-09-15,15:29,BHARATBOND-APR31,215.5104,0.1459,1.9737,3.9963
2026-09-15,15:29,BHARATBOND-APR32,164.7177,0.155,2.1325,3.4283
2026-09-15,15:29,BHARATBOND-APR33,151.0742,0.1643,2.2772,3.2439
2026-09-15,15:29,BHARATFORG,1982.6949,1.7846,30.6988,47.4974
2026-09-15,15:29,BHARATSE,248.9377,3.4004,61.3413,35.4939
2026-09-15,15:29,BHEL,907.004,2.2564,36.6693,74.0735
2026-09-15,15:29,BIL,693.3545,2.9903,46.9184,17.6764
2026-09-15,15:29,BIOCON,102.9489,1.5482,25.5527,3.467
2026-09-15,15:29,BIRLACABLE,1512.7277,3.6612,54.3148,119.0761
2026-09-15,15:29,BLISSGVS,3111.7215,3.555,60.024,355.0256
2026-09-15,15:29,BLSE,893.7323,2.3768,43.7905,57.0445
2026-09-15,15:29,BLUEJET,863.2818,2.8364,48.5284,-18.9565
2026-09-15,15:29,BLUESTONE,2486.5862,3.3567,53.5016,36.0286
2026-09-15,15:29,BLUSPRING,431.4548,4.5616,57.7269,45.7814
2026-09-15,15:29,BODALCHEM,785.2019,4.1342,52.416,166.979
2026-09-15,15:29,BOROSCI,97.9874,2.9284,44.3543,-12.2468
2026-09-15,15:29,BOSCH-HCIL,2156.9643,2.3361,36.747,-5.3904
2026-09-15,15:29,BOSCHLTD,66544.6351,1.6183,28.5821,18.2961
2026-09-15,15:29,BRIGADE,247.7595,2.7014,36.8908,-12.9127
2026-09-15,15:29,BSE,2561.3173,2.0046,39.3091,51.654
2026-09-15,15:29,BUILDPRO,2911.7154,2.8458,1.7e+308,1.7e+308
2026-09-15,15:29,BURNPUR,46.8231,22.6321,231.1072,160.3279
2026-09-15,15:29,CALSOFT,146.485,4.8531,64.8066,148.7516
2026-09-15,15:29,CANHLIFE,42.73,1.7994,1.7e+308,1.7e+308
2026-09-15,15:29,CAPITALSFB,50.2341,1.7006,25.6133,-6.3542
2026-09-15,15:29,CAPLIPOINT,4619.6746,2.5627,34.4235,9.714
2026-09-15,15:29,CARBORUNIV,1614.9324,2.2863,33.4919,7.6249
2026-09-15,15:29,CARTRADE,4673.0086,3.353,56.0361,18.7554
2026-09-15,15:29,CARYSIL,1205.6178,2.6607,45.185,22.8053
2026-09-15,15:29,CASHIETF,190.6421,0.0128,0.2116,4.9237
2026-09-15,15:29,CCL,436.2924,1.9019,32.4532,19.7337
2026-09-15,15:29,CEIGALL,560.637,2.1954,31.0343,38.5014
2026-09-15,15:29,CEMPRO,3548.9438,4.1108,53.5328,56.2994
2026-09-15,15:29,CENTENKA,472.8826,2.9625,36.6787,8.3465
2026-09-15,15:29,CENTUM,10504.502,3.0605,49.9975,41.6172
2026-09-15,15:29,CERA,2511.0826,1.9661,28.0333,-11.0473
2026-09-15,15:29,CGCL,507.7982,2.4571,34.9939,33.7984
2026-09-15,15:29,CGPOWER,1135.8482,2.2353,34.6241,10.0847
2026-09-15,15:29,CHEMBOND,312.0714,3.5613,53.4566,8.9309
2026-09-15,15:29,CHEMBONDCH,717.665,3.5479,57.8255,41.7367
2026-09-15,15:29,CHEMCON,208.8125,2.8797,48.2971,-7.146
2026-09-15,15:29,CHENNPETRO,3511.4238,3.3193,51.971,98.2489
2026-09-15,15:29,CHEVIOT,800.024,2.1522,28.3724,-2.891
2026-09-15,15:29,CHOLAFIN,306.3659,2.0391,33.2614,12.6155
2026-09-15,15:29,CINELINE,42.6679,2.2427,40.8211,8.0245
2026-09-15,15:29,CIPLA,130.2365,1.49,21.0146,-14.2658
2026-09-15,15:29,CLCIND,278.2719,21.9422,224.2305,1806.7999
2026-09-15,15:29,CLEAN,142.95,2.1765,32.1471,-30.365
2026-09-15,15:29,CLSEL,80.9328,2.8373,43.5825,-1.2796
2026-09-15,15:29,CNL,2331.2326,3.393,1.7e+308,1.7e+308
2026-09-15,15:29,CNXENERGY,4317.9592,0.7807,15.8917,3.9227
2026-09-15,15:29,CNXMIDCAP,8530.8038,0.8101,16.5062,3.0187
2026-09-15,15:29,CNXMNC,337.6797,0.7923,14.4403,1.7553
2026-09-15,15:29,CNXNIFTYJUNIOR,7583.1736,0.9002,16.9459,0.7809
2026-09-15,15:29,CNXPHARMA,26215.0561,0.843,13.7566,15.4355
2026-09-15,15:29,CNXSMALLCAP,15403.8664,0.935,18.1314,4.9604
2026-09-15,15:29,COFORGE,1423.2986,2.7903,39.1467,-1.1029
2026-09-15,15:29,COHANCE,521.8761,3.4759,51.2777,-53.4198
2026-09-15,15:29,COMSYN,760.705,4.0999,49.9832,86.5585
2026-09-15,15:29,CONCORDBIO,904.2135,2.5696,40.2957,-13.1025
2026-09-15,15:29,CONFIPET,340.1653,3.6045,61.4377,80.6925
2026-09-15,15:29,CONSOFINVT,539.7371,2.2846,41.7933,58.9474
2026-09-15,15:29,CORDSCABLE,1150.6082,4.0637,53.3416,96.74
2026-09-15,15:29,CORONA,4220.9011,1.921,1.7e+308,1.7e+308
2026-09-15,15:29,COSMOFIRST,1513.8438,2.3509,40.1102,-5.8685
2026-09-15,15:29,CPCAP,271.388,3.0109,43.9955,0.2145
2026-09-15,15:29,CPPLUS,13486.9166,2.7551,43.8994,161.0561
2026-09-15,15:29,CRAFTSMAN,20248.6704,2.1916,36.4007,63.7745
2026-09-15,15:29,CREDITACC,742.3476,2.5279,39.5334,3.3886
2026-09-15,15:29,CUB,43.1021,2.2334,39.0828,42.1072
2026-09-15,15:29,CUMMINSIND,3135.5987,1.8273,28.4743,19.4491
2026-09-15,15:29,CUPID,1239.293,3.0252,57.4358,562.6282
2026-09-15,15:29,CYBERMEDIA,44.2804,3.9572,59.4591,22.6266
2026-09-15,15:29,CYBERTECH,50.048,2.4081,54.6841,-17.1553
2026-09-15,15:29,CYIENT,76.2817,2.2522,34.4117,-13.146
2026-09-15,15:29,CYIENTDLM,3329.7126,3.1938,45.5292,84.2798
2026-09-15,15:29,DALMIASUG,673.5086,3.1537,44.5794,6.3853
2026-09-15,15:29,DATAPATTNS,10140.4588,3.4571,51.6297,52.3949
2026-09-15,15:29,DBOL,86.3282,2.4264,45.0602,32.7629
2026-09-15,15:29,DCBBANK,183.8195,2.1013,39.6183,70.4093
2026-09-15,15:29,DCI,168.1292,3.6433,56.6665,-7.3731
2026-09-15,15:29,DCMNVL,196.0369,3.2187,47.0691,5.4819
2026-09-15,15:29,DEEDEV,2447.6396,3.3664,54.6534,111.5271
2026-09-15,15:29,DEEPAKFERT,1785.4802,2.2127,41.2503,-11.837
2026-09-15,15:29,DEEPINDS,2031.069,3.0763,46.7186,36.1543
2026-09-15,15:29,DENORA,1396.0112,2.5513,41.7594,-0.6356
2026-09-15,15:29,DENTA,72.8704,2.9665,52.0918,-40.759
2026-09-15,15:29,DHAMPURSUG,239.9452,2.665,39.0445,10.9686
2026-09-15,15:29,DHARMAJ,175.013,1.7632,34.702,-17.803
2026-09-15,15:29,DIACABS,1631.739,3.4307,47.4805,139.2418
2026-09-15,15:29,DICIND,188.843,2.526,37.1187,5.0195
2026-09-15,15:29,DIFFNKG,1113.832,3.2789,48.5225,7.8233
2026-09-15,15:29,DIGJAMLMTD,94.0183,3.735,51.2848,14.0751
2026-09-15,15:29,DIVGIITTS,3047.5336,3.1493,45.7175,66.7873
2026-09-15,15:29,DIVISLAB,19681.2115,1.5879,24.1544,48.3548
2026-09-15,15:29,DIXON,10406.5142,2.3061,39.1172,-27.4908
2026-09-15,15:29,DLINKINDIA,180.4704,1.834,33.1022,-17.104
2026-09-15,15:29,DMCC,246.2089,3.0176,49.1413,-15.7277
2026-09-15,15:29,DOLPHIN,1389.809,3.0217,54.4907,61.5709
2026-09-15,15:29,DPABHUSHAN,733.045,3.2562,44.9113,-15.0901
2026-09-15,15:29,DREDGECORP,44.6526,3.3623,62.4778,50.3555
2026-09-15,15:29,DSSL,590.4054,3.9842,55.5557,5.8643
2026-09-15,15:29,DVL,162.1756,2.1099,40.6173,-21.1546
2026-09-15,15:29,DWARKESH,44.4665,3.2869,46.7432,-1.5806
2026-09-15,15:29,DYCL,842.506,4.3495,55.7044,1.1575
2026-09-15,15:29,DYNAMATECH,21836.315,2.6646,45.8028,67.5946
2026-09-15,15:29,DYNPRO,59.7228,2.4404,45.5876,-33.3704
2026-09-15,15:29,E2E,2046.8211,3.629,58.3174,90.7464
2026-09-15,15:29,EBBETF0430,264.6284,0.1941,2.9966,4.5224
2026-09-15,15:29,EBBETF0431,183.1995,0.2581,3.9766,3.5222
2026-09-15,15:29,EBBETF0433,208.5644,0.2531,4.2719,4.3471
2026-09-15,15:29,EBGNG,2172.7785,3.6426,54.127,77.6793
2026-09-15,15:29,EDELWEISS,136.9344,2.542,41.219,7.0318
2026-09-15,15:29,EICHERMOT,1705.4776,1.455,27.0377,6.8689
2026-09-15,15:29,EIEL,97.6154,2.9594,48.1147,-25.5229
2026-09-15,15:29,EIFFL,159.3847,3.7043,50.834,18.7419
2026-09-15,15:29,EIMCOELECO,3561.0369,2.6755,52.9627,9.3276
2026-09-15,15:29,ELECTHERM,994.4483,4.6534,62.3655,-12.6496
2026-09-15,15:29,ELGIEQUIP,785.4499,1.828,33.6062,22.3244
2026-09-15,15:29,ELGIRUBCO,82.4211,4.1217,70.3077,-21.3883
2026-09-15,15:29,ELIQUID,185.6179,0.0121,1.7e+308,1.7e+308
2026-09-15,15:29,ELLEN,622.3443,3.3415,50.2354,-32.6569
2026-09-15,15:29,EMAMIPAP,167.757,3.1686,47.0423,9.4537
2026-09-15,15:29,EMCURE,2960.0892,1.9096,32.4877,48.4544
2026-09-15,15:29,EMIL,573.1645,3.2207,47.2868,17.2008
2026-09-15,15:29,EMMVEE,781.8529,3.0439,1.7e+308,1.7e+308
2026-09-15,15:29,EMUDHRA,523.7366,2.9064,40.1185,-13.3704
2026-09-15,15:29,ENDURANCE,1049.3351,1.8526,30.9906,-9.1995
2026-09-15,15:29,ENGINERSIN,564.7922,2.6086,42.4645,27.0329
2026-09-15,15:29,ENRIN,1786.7194,2.7995,38.6779,-11.8436
2026-09-15,15:29,ENTERO,4101.8288,2.6688,39.6694,59.5202
2026-09-15,15:29,EPACKPEB,70.1416,3.7129,1.7e+308,1.7e+308
2026-09-15,15:29,EPIGRAL,622.0337,2.6662,41.1657,-38.0558
2026-09-15,15:29,EPL,141.9577,2.2066,33.3157,7.5499
2026-09-15,15:29,ESABINDIA,359.7007,2.1362,30.41,13.7685
2026-09-15,15:29,ESAFSFB,60.715,3.4222,44.5231,28.8595
2026-09-15,15:29,ETERNAL,196.5951,1.8451,33.055,-6.3289
2026-09-15,15:29,EXICOM,436.1061,4.7726,60.6076,2.8643
2026-09-15,15:29,EXIDEIND,474.7431,2.0747,29.9399,-1.2786
2026-09-15,15:29,FCL,192.75,4.6064,60.6101,128.5957
2026-09-15,15:29,FEDERALBNK,348.5377,1.4228,25.8359,73.3023
2026-09-15,15:29,FEDFINA,59.3506,2.19,41.8026,3.723
2026-09-15,15:29,FILATEX,212.4715,3.5701,48.2903,44.7313
2026-09-15,15:29,FINCABLES,3526.9278,3.4106,42.9852,61.2686
2026-09-15,15:29,FINEORG,4593.6276,1.6284,29.4995,5.0534
2026-09-15,15:29,FIVESTAR,567.1489,2.1282,40.1415,0.7717
2026-09-15,15:29,FLUOROCHEM,7276.4965,1.9387,32.1145,21.0454
2026-09-15,15:29,FMGOETZE,107.6002,3.1568,45.7379,-19.2224
2026-09-15,15:29,FORTIS,151.3221,1.3536,25.9894,-7.7415
2026-09-15,15:29,FOSECOIND,9016.7044,2.5899,38.9306,3.132
2026-09-15,15:29,GABRIEL,2148.5918,2.8822,49.6538,1.3877
2026-09-15,15:29,GAEL,190.0832,2.3048,36.1701,44.1599
2026-09-15,15:29,GAIL,48.9317,1.4608,25.5029,-5.929
2026-09-15,15:29,GALAPREC,1315.6982,3.3334,44.4876,16.1778
2026-09-15,15:29,GALAXYSURF,1871.0644,2.7674,35.8491,-11.5688
2026-09-15,15:29,GANDHAR,682.1911,3.797,49.1666,76.8881
2026-09-15,15:29,GANDHITUBE,814.288,2.0264,41.0451,-5.0204
2026-09-15,15:29,GANECOS,1998.8197,2.6372,50.4368,-21.1803
2026-09-15,15:29,GANESHBE,312.8156,3.2634,45.5831,34.9736
2026-09-15,15:29,GANESHHOU,207.7582,2.1799,36.1018,-13.7666
2026-09-15,15:29,GARFIBRES,640.0193,2.5779,38.0905,-3.7318
2026-09-15,15:29,GARUDA,54.9474,2.9006,55.9316,-13.8488
2026-09-15,15:29,GAYAPROJ,87.1344,3.1234,52.7243,218.514
2026-09-15,15:29,GCSL,1581.7529,2.5717,1.7e+308,130.7884
2026-09-15,15:29,GEECEE,252.1006,2.1606,39.4583,-7.1845
2026-09-15,15:29,GENESYS,497.9375,6.0182,78.0181,-25.2748
2026-09-15,15:29,GENUSPOWER,273.8066,2.4443,41.8067,-8.834
2026-09-15,15:29,GESHIP,720.6423,2.5262,35.1478,31.8665
2026-09-15,15:29,GFLLIMITED,45.2106,2.6396,40.1409,-9.4387
2026-09-15,15:29,GFSTEELS,66.7927,2.5089,46.1711,126.0021
2026-09-15,15:29,GHCLTEXTIL,256.1317,2.7581,40.9519,46.5752
2026-09-15,15:29,GILLANDERS,74.6689,2.3182,39.4613,-14.2202
2026-09-15,15:29,GIPCL,263.6979,2.2264,36.2424,0.2662
2026-09-15,15:29,GKENERGY,99.91,2.8102,1.7e+308,1.7e+308
2026-09-15,15:29,GKSL,385.1279,2.1601,1.7e+308,1.7e+308
2026-09-15,15:29,GLAND,6477.714,2.6374,33.0354,43.1432
2026-09-15,15:29,GLAXO,2076.961,1.69,25.3624,2.8383
2026-09-15,15:29,GLENMARK,2709.5382,1.7235,26.9519,13.7397
2026-09-15,15:29,GLOBAL,256.5038,2.5827,44.1445,83.5806
2026-09-15,15:29,GLOTTIS,51.6605,2.4628,1.7e+308,1.7e+308
2026-09-15,15:29,GMMPFAUDLR,2197.8956,2.4748,34.4203,19.7477
2026-09-15,15:29,GNA,578.0017,2.9393,46.1474,68.1452
2026-09-15,15:29,GNFC,474.4327,2.0966,30.6947,5.3801
2026-09-15,15:29,GOACARBON,107.9102,3.1461,43.2012,-18.1586
2026-09-15,15:29,GOCLCORP,1053.0548,2.757,45.1621,19.2581
2026-09-15,15:29,GODREJAGRO,568.6993,1.7837,31.1284,-11.7659
2026-09-15,15:29,GODREJIND,680.0206,3.3157,41.4774,-6.0905
2026-09-15,15:29,GOKULAGRO,356.7239,1.8603,44.445,8.1018
2026-09-15,15:29,GOODLUCK,838.1649,2.847,46.9957,43.0954
2026-09-15,15:29,GPTHEALTH,191.9437,1.7333,25.9115,6.3638
2026-09-15,15:29,GPTINFRA,56.0637,2.0518,39.0572,-8.5387
2026-09-15,15:29,GRANULES,1915.7162,1.7113,29.5804,60.5815
2026-09-15,15:29,GRAPHITE,1009.6427,2.6983,42.9959,37.1293
2026-09-15,15:29,GRASIM,2072.0008,1.4166,22.8567,10.1845
2026-09-15,15:29,GREAVESCOT,114.174,3.0678,44.4393,-15.3105
2026-09-15,15:29,GREENPLY,323.2346,2.442,39.9389,-13.5227
2026-09-15,15:29,GRINDWELL,1163.4457,2.8067,35.8468,12.6682
2026-09-15,15:29,GROWW,175.9432,2.1037,1.7e+308,1.7e+308
2026-09-15,15:29,GROWWDEFNC,89.9252,1.3672,25.3641,10.4745
2026-09-15,15:29,GROWWMC150,51.9706,0.9548,1.7e+308,1.7e+308
2026-09-15,15:29,GRPLTD,1402.2125,2.5871,42.3636,-9.7756
2026-09-15,15:29,GRWRHITECH,14543.6934,2.8994,55.0747,94.9718
2026-09-15,15:29,GTECJAINX,65.8624,5.1383,72.8203,10.8967
2026-09-15,15:29,GUFICBIO,725.9134,2.4872,35.1445,14.9074
2026-09-15,15:29,GUJALKALI,1365.0023,2.4485,39.8561,16.5181
2026-09-15,15:29,GUJTHEM,660.7952,3.3802,50.8345,11.4289
2026-09-15,15:29,GULFPETRO,176.5634,2.9667,40.8994,47.5453
2026-09-15,15:29,GULPOLY,252.9068,2.5832,42.1439,7.6616
2026-09-15,15:29,GVPIL,1785.1698,3.5133,60.1259,75.1306
2026-09-15,15:29,GVT&D,4308.3462,3.035,45.0643,38.3941
2026-09-15,15:29,HAL,3891.5898,1.6309,27.5541,-4.4994
2026-09-15,15:29,HALEOSLABS,1357.5603,3.0898,41.8467,25.6986
2026-09-15,15:29,HAPPYFORGE,6071.5003,2.3521,36.3065,115.0091
2026-09-15,15:29,HARRMALAYA,141.7717,2.6166,36.7767,-12.1947
2026-09-15,15:29,HARSHA,248.9999,2.2107,31.8516,0.1887
2026-09-15,15:29,HATSUN,2231.0748,2.0267,35.7402,41.6982
2026-09-15,15:29,HCG,680.0202,2.0229,31.2772,4.7648
2026-09-15,15:29,HDFCLIQUID,188.4709,0.0122,0.2014,4.8061
2026-09-15,15:29,HDFCSML250,128.748,0.9063,17.3166,2.7268
2026-09-15,15:29,HEALTHIETF,141.5857,0.8103,13.6151,10.536
2026-09-15,15:29,HEALTHX,45.2726,2.4611,36.1338,-2.1771
2026-09-15,15:29,HEG,293.2181,2.7412,43.5904,29.6755
2026-09-15,15:29,HERITGFOOD,184.5017,2.1211,35.3768,-24.9166
2026-09-15,15:29,HESTERBIO,4107.4105,3.638,42.6561,7.451
2026-09-15,15:29,HFCL,937.0824,3.7793,50.4671,190.513
2026-09-15,15:29,HIKAL,202.7968,3.6353,49.0493,-21.2249
2026-09-15,15:29,HINDALCO,100.1582,1.686,28.9181,28.9789
2026-09-15,15:29,HINDOILEXP,124.965,2.6903,46.8175,-2.4699
2026-09-15,15:29,HIRECT,3311.7274,3.5183,54.2988,39.65
2026-09-15,15:29,HITECHCORP,1064.7141,3.6275,50.8081,59.7097
2026-09-15,15:29,HLEGLAS,131.4767,4.1107,57.2506,-24.3977
2026-09-15,15:29,HMT,111.0731,2.3692,38.3059,-6.1309
2026-09-15,15:29,HNDFDS,688.703,1.7762,27.2794,8.7545
2026-09-15,15:29,HONASA,1065.1483,1.8846,31.1679,51.7087
2026-09-15,15:29,HONAUT,10170.8482,2.3365,30.558,-9.7273
2026-09-15,15:29,HSCL,1129.0261,2.7537,35.6754,36.4415
2026-09-15,15:29,HUHTAMAKI,357.6541,2.8632,41.2361,0.8916
2026-09-15,15:29,IBMFNIFTY,163.7258,0.9924,18.7237,9.1115
2026-09-15,15:29,IBULLSLTD,104.3132,3.4501,62.3528,53.6394
2026-09-15,15:29,ICDSLTD,114.36,4.3998,69.0659,22.0762
2026-09-15,15:29,ICICINIFTY,226.5494,0.5775,9.4792,21.3359
2026-09-15,15:29,ICIL,771.4341,3.5284,62.487,43.2837
2026-09-15,15:29,IDEAFORGE,1727.4937,3.886,56.3532,31.5495
2026-09-15,15:29,IFBIND,553.1946,2.5645,44.103,-20.8167
2026-09-15,15:29,IFCI,104.0031,4.1124,55.1015,28.8082
2026-09-15,15:29,IFGLEXPOR,110.825,3.4009,52.8462,-18.0956
2026-09-15,15:29,IGARASHI,253.3408,2.9065,45.9652,-19.549
2026-09-15,15:29,IGPL,1061.7374,2.4316,38.8133,19.7697
2026-09-15,15:29,IIFL,404.3533,2.6283,40.4987,27.9705
2026-09-15,15:29,IIFLCAPS,73.1804,0.9925,40.3637,17.1657
2026-09-15,15:29,IITL,64.374,3.7096,49.2817,-20.2016
2026-09-15,15:29,IKIO,378.1199,4.096,51.5993,-7.4785
2026-09-15,15:29,IKS,647.4615,2.1053,34.2332,14.5961
2026-09-15,15:29,IL&FSENGG,82.4211,2.9295,46.8204,22.9055
2026-09-15,15:29,IMPAL,94.2669,2.1935,27.0057,0.6631
2026-09-15,15:29,INDGN,510.0928,1.6936,27.499,-2.5658
2026-09-15,15:29,INDHOTEL,197.2152,1.4255,24.7801,-7.8074
2026-09-15,15:29,INDIAGLYCO,636.2362,2.7141,40.4029,60.4811
2026-09-15,15:29,INDIGOPNTS,328.692,2.0158,35.3932,-5.4408
2026-09-15,15:29,INDIQUBE,176.3773,2.2364,36.5556,-16.1777
2026-09-15,15:29,INDNIPPON,3167.537,3.1457,46.4739,29.2246
2026-09-15,15:29,INDOBORAX,1344.2263,4.2413,50.5925,89.7467
2026-09-15,15:29,INDOCO,177.5558,3.8174,50.6016,-20.0563
2026-09-15,15:29,INDORAMA,257.6822,4.1429,57.463,55.8043
2026-09-15,15:29,INDOSTAR,103.1349,2.8247,46.6254,-11.4307
2026-09-15,15:29,INDOTECH,12573.4004,3.0573,60.3527,85.642
2026-09-15,15:29,INDSWFTLAB,1529.0382,3.9627,56.6234,263.8329
2026-09-15,15:29,INDUSINDBK,328.072,1.7867,28.9258,28.4927
2026-09-15,15:29,INGERRAND,5496.5981,2.4048,31.3727,9.5386
2026-09-15,15:29,INNOVACAP,2681.9407,2.2204,34.981,32.4004
2026-09-15,15:29,INOXINDIA,5420.3179,3.3885,42.1229,61.5959
2026-09-15,15:29,IOLCP,644.5465,3.8248,53.9142,49.6873
2026-09-15,15:29,IONEXCHANG,331.1727,2.9601,41.1139,1.7548
2026-09-15,15:29,IPCALAB,3198.2361,1.8162,31.2814,34.1013
2026-09-15,15:29,IRISDOREME,150.02,2.1051,39.1158,82.673
2026-09-15,15:29,IRMENERGY,110.763,3.0908,52.933,-25.9928
2026-09-15,15:29,ITDC,779.2484,3.7961,58.7612,3.7222
2026-09-15,15:29,IVP,422.8963,3.0188,44.8132,25.465
2026-09-15,15:29,IZMO,338.6147,3.0717,62.9136,-15.215
2026-09-15,15:29,J&KBANK,257.6822,2.948,40.7007,37.0609
2026-09-15,15:29,JAGSNPHARM,357.6541,1.8558,33.1613,-7.0964
2026-09-15,15:29,JASH,661.7254,2.6769,38.6493,-5.1253
2026-09-15,15:29,JAYAGROGN,318.7692,2.8824,41.9429,-5.7334
2026-09-15,15:29,JAYBARMARU,173.5866,4.2157,60.7895,12.8251
2026-09-15,15:29,JAYNECOIND,78.576,2.9135,49.818,27.3785
2026-09-15,15:29,JBMA,144.1904,2.121,44.1142,-16.7723
2026-09-15,15:29,JGCHEM,1444.6946,3.1973,46.8634,21.6001
2026-09-15,15:29,JINDALPOLY,1936.4925,2.6976,49.7794,20.6212
2026-09-15,15:29,JINDALSAW,627.7398,2.6812,47.1162,36.0128
2026-09-15,15:29,JINDRILL,760.3332,3.2202,51.1904,-1.5378
2026-09-15,15:29,JINDWORLD,131.2908,4.8988,63.72,26.026
2026-09-15,15:29,JITFINFRA,150.3921,3.0069,60.9103,-24.4387
2026-09-15,15:29,JKIPL,114.9182,2.6624,1.7e+308,1.7e+308
2026-09-15,15:29,JKPAPER,483.7355,1.9353,39.9366,2.2115
2026-09-15,15:29,JLHL,156.2217,1.4304,23.6223,-5.4717
2026-09-15,15:29,JMA,70.0176,2.0167,34.1613,-2.5843
2026-09-15,15:29,JNKINDIA,1087.2264,4.0978,56.2407,39.2318
2026-09-15,15:29,JOCIL,64.498,2.3705,36.7665,-10.2886
2026-09-15,15:29,JSFB,846.2269,2.6919,41.5355,5.9519
2026-09-15,15:29,JSWDULUX,1334.6134,1.7241,28.5642,-7.1412
2026-09-15,15:29,JSWENERGY,197.5254,1.8625,30.1804,-7.4244
2026-09-15,15:29,JSWINFRA,409.9348,2.1876,32.1262,-2.9631
2026-09-15,15:29,JTLIND,92.902,2.9903,60.5168,7.3968
2026-09-15,15:29,JUBLCPL,202.1772,3.3802,51.9038,-18.7036
2026-09-15,15:29,JUBLINGREA,105.1195,2.0327,36.0721,-6.4332
2026-09-15,15:29,JUBLPHARMA,460.789,1.6979,29.3361,-8.0213
2026-09-15,15:29,JUNIORBEES,127.2598,0.8494,16.1775,1.8644
2026-09-15,15:29,JYOTICNC,874.4449,2.8267,45.0207,0.7915
2026-09-15,15:29,KABRAEXTRU,2426.6774,3.9198,57.4068,141.1449
2026-09-15,15:29,KAJARIACER,1694.0042,1.572,28.9381,0.7137
2026-09-15,15:29,KALYANIFRG,2721.6324,3.7164,51.0749,49.7312
2026-09-15,15:29,KALYANKJIL,1388.879,3.503,47.4597,18.1463
2026-09-15,15:29,KAMATHOTEL,155.2295,2.7643,46.618,-33.3012
2026-09-15,15:29,KAMDHENU,103.383,2.5216,42.8087,33.1267
2026-09-15,15:29,KANORICHEM,633.6934,3.0827,43.9429,114.8613
2026-09-15,15:29,KANPRPLA,309.5287,3.1398,55.9078,10.9608
2026-09-15,15:29,KAPSTON,1781.6349,2.9473,41.7756,243.5461
2026-09-15,15:29,KAUSHALYA,95.5069,3.1599,52.8234,-28.2706
2026-09-15,15:29,KAVDEFENCE,66.3586,3.6905,64.0573,-31.831
2026-09-15,15:29,KCPSUGIND,50.11,3.634,43.2466,-8.519
2026-09-15,15:29,KDDL,7863.1814,3.223,44.0235,43.1648
2026-09-15,15:29,KECL,205.8357,2.8855,46.9824,0.1005
2026-09-15,15:29,KEI,231.9443,2.3537,35.143,7.1429
2026-09-15,15:29,KENNAMET,9748.8197,3.1842,38.3337,96.4589
2026-09-15,15:29,KERNEX,2865.8231,4.3453,63.1015,48.988
2026-09-15,15:29,KHAITANLTD,341.3436,3.6613,53.2389,23.0281
2026-09-15,15:29,KICL,427.9198,1.73,32.8023,-4.0848
2026-09-15,15:29,KILITCH,68.0331,2.9106,45.8092,5.696
2026-09-15,15:29,KIMS,1064.8379,1.9306,31.2795,2.9882
2026-09-15,15:29,KINGFA,9254.2328,2.1094,37.3365,30.654
2026-09-15,15:29,KIRIINDUS,189.773,2.7235,50.487,-14.0827
2026-09-15,15:29,KIRLOSBROS,771.4962,2.216,38.1087,-15.896
2026-09-15,15:29,KIRLOSENG,5401.7127,3.394,47.357,111.6415
2026-09-15,15:29,KIRLOSIND,4526.0278,3.0803,42.1463,-9.2802
2026-09-15,15:29,KIRLPNU,771.1862,2.8524,36.2709,10.9584
2026-09-15,15:29,KKCL,110.0808,1.8929,33.232,-12.5877
2026-09-15,15:29,KMEW,6319.5697,3.8365,62.2535,117.6304
2026-09-15,15:29,KNAGRI,139.167,2.4006,1.7e+308,1.7e+308
2026-09-15,15:29,KOLTEPATIL,337.3744,2.403,34.9502,-9.806
2026-09-15,15:29,KOPRAN,681.1367,3.2812,50.4618,44.9368
2026-09-15,15:29,KOTAKNIFTY,163.0436,0.6498,9.3393,29.8333
2026-09-15,15:29,KOTHARIPET,58.9165,2.6467,40.1725,-15.3956
2026-09-15,15:29,KOVAI,21872.5958,1.7115,116.2053,225.9945
2026-09-15,15:29,KPIL,1791.6811,1.7124,29.595,8.7628
2026-09-15,15:29,KPRMILL,886.228,2.5491,41.6761,-1.169
2026-09-15,15:29,KRBL,204.6573,2.4228,41.4466,0.4299
2026-09-15,15:29,KRISHANA,488.5728,3.1011,45.7036,62.004
2026-09-15,15:29,KRISHIVAL,582.033,1.8724,37.2278,-10.8585
2026-09-15,15:29,KRISHNADEF,600.9484,3.2081,1.7e+308,1.7e+308
2026-09-15,15:29,KRN,5215.3506,3.1346,48.3377,71.3154
2026-09-15,15:29,KRONOX,289.0009,3.938,50.4348,0.1528
2026-09-15,15:29,KROSS,144.9346,2.9053,50.3422,5.3681
2026-09-15,15:29,KSB,495.8289,1.9042,30.9147,-8.8496
2026-09-15,15:29,KSHINTL,4223.3825,3.7713,1.7e+308,1.7e+308
2026-09-15,15:29,KSL,1069.4896,2.3473,36.5044,12.5499
2026-09-15,15:29,KSR,107.9722,3.4592,1.7e+308,1.7e+308
2026-09-15,15:29,KTKBANK,717.2309,2.0232,34.2293,79.6293
2026-09-15,15:29,LALPATHLAB,2871.4041,2.2166,29.8691,9.7682
2026-09-15,15:29,LAMBODHARA,92.902,3.6293,53.9525,-4.6877
2026-09-15,15:29,LANDMARK,363.4218,3.0855,46.5806,-24.99
2026-09-15,15:29,LAURUSLABS,6055.0659,1.8064,29.7549,106.7268
2026-09-15,15:29,LAXMIINDIA,189.8971,3.3692,58.4266,-28.0107
2026-09-15,15:29,LENSKART,1414.6164,1.4812,1.7e+308,1.7e+308
2026-09-15,15:29,LGEINDIA,786.3798,1.7854,1.7e+308,1.7e+308
2026-09-15,15:29,LICHSGFIN,148.2217,1.6812,25.527,-8.5695
2026-09-15,15:29,LIKHITHA,342.3979,2.7267,51.6304,-7.8652
2026-09-15,15:29,LINCOLN,885.6079,2.6966,39.9458,8.5766
2026-09-15,15:29,LINDEINDIA,105.4295,1.4948,27.6674,-3.7137
2026-09-15,15:29,LIQGRWBEES,176.3157,0.0112,0.1897,4.6488
2026-09-15,15:29,LIQUID1,199.8826,0.0122,0.2016,4.9685
2026-09-15,15:29,LIQUIDADD,199.6335,0.0118,0.1986,4.8584
2026-09-15,15:29,LIQUIDBETF,188.9047,0.0123,0.2101,4.7653
2026-09-15,15:29,LIQUIDPLUS,194.6105,0.0123,0.2051,4.9319
2026-09-15,15:29,LIQUIDSHRI,187.3542,0.0112,0.1949,4.6685
2026-09-15,15:29,LLOYDSENGG,176.6875,3.321,49.8272,25.1531
2026-09-15,15:29,LLOYDSENT,47.6913,2.5809,51.8225,1.1212
2026-09-15,15:29,LLOYDSME,3209.3988,1.871,36.6271,33.8954
2026-09-15,15:29,LMW,9718.1215,1.8853,32.3191,12.5123
2026-09-15,15:29,LODHA,60.1573,2.5924,37.8888,-12.4414
2026-09-15,15:29,LOKESHMACH,1002.2007,2.8171,51.4766,86.0022
2026-09-15,15:29,LOTUSDEV,414.152,2.6694,44.5275,11.0857
2026-09-15,15:29,LTF,71.32,2.1149,34.7537,20.3081
2026-09-15,15:29,LTFOODS,126.8254,1.7954,39.2179,-10.936
2026-09-15,15:29,LUMAXIND,5332.8728,2.3228,51.1677,31.9595
2026-09-15,15:29,LUMAXTECH,3195.1352,2.9722,54.4184,78.1765
2026-09-15,15:29,LUXIND,483.4251,2.5061,45.7936,-23.3164
2026-09-15,15:29,LXCHEM,153.8031,3.008,44.2104,-23.7725
2026-09-15,15:29,LYKALABS,65.8004,2.6625,44.6236,-19.0979
2026-09-15,15:29,MACPOWER,6480.1949,3.918,53.7315,116.7799
2026-09-15,15:29,MAFANG,477.7818,1.8276,24.872,40.1892
2026-09-15,15:29,MAGADSUGAR,452.1068,2.5225,35.7817,-9.5549
2026-09-15,15:29,MAHABANK,87.0724,2.053,35.8551,38.7997
2026-09-15,15:29,MAHASTEEL,3676.3895,3.0071,46.5714,232.5626
2026-09-15,15:29,MAHESHWARI,149.0277,1.7829,39.1617,17.2644
2026-09-15,15:29,MAHLOG,152.5628,1.9527,38.4658,6.7245
2026-09-15,15:29,MAHSEAMLES,1081.5827,1.712,25.9436,11.127
2026-09-15,15:29,MANAKSTEEL,309.0325,3.1231,55.1049,88.1108
2026-09-15,15:29,MANALIPETC,136.0041,3.2925,45.8338,17.4085
2026-09-15,15:29,MANAPPURAM,111.3212,2.1357,34.0428,11.2915
2026-09-15,15:29,MANCREDIT,342.1498,2.9546,36.4966,14.6081
2026-09-15,15:29,MANGLMCEM,1277.5578,1.9301,31.4597,31.4031
2026-09-15,15:29,MANINDS,2758.8426,3.2694,57.309,82.3968
2026-09-15,15:29,MANINFRA,58.6684,2.5733,39.4077,-21.3124
2026-09-15,15:29,MANKIND,1366.2429,1.5748,25.3221,-14.2863
2026-09-15,15:29,MANOMAY,62.2035,3.4137,46.2216,33.0096
2026-09-15,15:29,MANORAMA,3591.4256,2.9123,44.4965,38.9872
2026-09-15,15:29,MANORG,123.7245,3.5445,51.9565,-17.6694
2026-09-15,15:29,MANYAVAR,594.7467,2.345,34.9763,-21.0299
2026-09-15,15:29,MARALOVER,97.1192,3.5063,50.8604,16.4822
2026-09-15,15:29,MARICO,238.7669,1.114,18.0917,9.8729
2026-09-15,15:29,MARINE,1169.7096,3.5207,51.6628,70.6527
2026-09-15,15:29,MARKSANS,840.2733,3.2984,42.8136,74.6692
2026-09-15,15:29,MASPTOP50,152.4387,1.8749,23.6544,41.8304
2026-09-15,15:29,MAWANASUG,310.769,3.1224,41.7031,40.5535
2026-09-15,15:29,MAXESTATES,1168.7174,2.7694,41.0331,21.3006
2026-09-15,15:29,MAYURUNIQ,1052.7448,2.8496,37.9282,40.9895
2026-09-15,15:29,MAZDA,271.636,3.1693,45.1389,-7.0131
2026-09-15,15:29,MBAPL,417.8731,2.7132,38.579,81.1018
2026-09-15,15:29,MBECL,2121.0561,670.565,6701.0262,6150.8108
2026-09-15,15:29,MCX,4918.598,2.3051,39.6661,97.0751
2026-09-15,15:29,MEDANTA,1707.9584,1.8078,29.5099,4.7187
2026-09-15,15:29,MEESHO,360.569,2.8224,1.7e+308,1.7e+308
2026-09-15,15:29,MEGASTAR,293.7143,2.7344,45.172,28.4647
2026-09-15,15:29,MEIL,64.1878,2.2409,1.7e+308,-43.5439
2026-09-15,15:29,MENONBE,1166.4847,3.5157,45.9857,134.9649
2026-09-15,15:29,METROPOLIS,469.9055,2.0675,29.9268,7.3303
2026-09-15,15:29,MIDCAPBETA,60.2809,0.8268,18.1258,5.1474
2026-09-15,15:29,MIDHANI,319.6996,3.0421,45.7714,-0.2703
2026-09-15,15:29,MINDACORP,587.6146,1.8759,32.5388,23.614
2026-09-15,15:29,MITCON,126.7015,2.3732,43.8767,23.2666
2026-09-15,15:29,MMFL,1008.7124,2.4496,43.1096,78.5328
2026-09-15,15:29,MMP,1240.9676,3.1315,44.0617,65.9837
2026-09-15,15:29,MODEFENCE,97.0572,1.3704,25.6607,10.2166
2026-09-15,15:29,MODINATUR,67.2889,3.802,1.7e+308,1.7e+308
2026-09-15,15:29,MODIS,151.3223,2.337,1.7e+308,1.7e+308
2026-09-15,15:29,MODISONLTD,1995.4708,4.6403,57.14,196.7295
2026-09-15,15:29,MODTHREAD,57.9242,3.7928,62.4298,6.9772
2026-09-15,15:29,MOHEALTH,52.4667,0.8967,14.0491,11.2538
2026-09-15,15:29,MOLDTECH,398.5856,3.5022,50.9194,21.6385
2026-09-15,15:29,MOLDTKPAC,691.4936,2.4024,39.1517,-21.1201
2026-09-15,15:29,MON100,638.2827,1.38,23.0945,54.5531
2026-09-15,15:29,MONARCH,435.362,2.0565,33.8661,8.464
2026-09-15,15:29,MONQ50,818.7533,3.1742,36.6176,156.7389
2026-09-15,15:29,MOREPENLAB,431.2068,4.2987,55.3347,96.1951
2026-09-15,15:29,MOTHERSON,248.3795,2.0321,34.6152,44.9853
2026-09-15,15:29,MOTILALOFS,1308.5664,2.1957,39.9741,4.8799
2026-09-15,15:29,MPSLTD,5478.6151,3.3162,45.3119,10.8251
2026-09-15,15:29,MSTCLTD,1507.3322,3.8142,48.8029,34.5486
2026-09-15,15:29,MTARTECH,22799.445,4.5708,61.7234,286.3093
2026-09-15,15:29,MUFIN,114.7942,1.5562,37.8574,47.9013
2026-09-15,15:29,MUKANDLTD,50.8542,1.5537,33.4869,-1.317
2026-09-15,15:29,MUNJALAU,178.9201,3.5778,49.0916,14.9884
2026-09-15,15:29,MUTHOOTMF,42.73,2.8048,44.4506,10.2032
2026-09-15,15:29,MVGJL,139.7251,3.3357,42.6559,-2.9888
2026-09-15,15:29,MWL,84.1576,2.174,1.7e+308,61.7264
2026-09-15,15:29,NACLIND,85.5219,3.5654,57.3507,-36.6223
2026-09-15,15:29,NAHARCAP,80.9947,1.5097,30.6712,-13.786
2026-09-15,15:29,NAHARINDUS,131.6629,2.7709,40.5713,7.3313
2026-09-15,15:29,NAHARSPING,503.5189,2.2454,38.4373,20.5649
2026-09-15,15:29,NAM-INDIA,1446.8651,2.1214,38.7852,38.1289
2026-09-15,15:29,NATCAPSUQ,125.8952,3.8693,59.846,-27.1579
2026-09-15,15:29,NAUKRI,813.0475,2.2263,30.6761,-8.3279
2026-09-15,15:29,NAVINFLUOR,11228.2443,2.1839,36.7892,71.6384
2026-09-15,15:29,NAVINIFTY,435.4239,1.9962,28.9111,43.3632
2026-09-15,15:29,NAZARA,610.2509,2.2079,39.3172,31.9403
2026-09-15,15:29,NDGL,468.2311,2.3453,40.1216,-31.0224
2026-09-15,15:29,NDLVENTURE,178.1759,2.0006,41.3325,38.4624
2026-09-15,15:29,NELCO,1821.4502,3.3095,46.4599,1.5101
2026-09-15,15:29,NEOGEN,5933.822,2.7543,49.5252,45.8431
2026-09-15,15:29,NEPHROPLUS,1268.8756,2.6131,1.7e+308,1.7e+308
2026-09-15,15:29,NESTLEIND,364.0416,1.2504,20.6805,14.0226
2026-09-15,15:29,NETWEB,9270.3564,3.6786,59.3281,40.6965
2026-09-15,15:29,NEULANDLAB,59319.6118,2.2689,39.9477,46.0852
2026-09-15,15:29,NEXT50,123.9727,0.8785,16.8795,1.9726
2026-09-15,15:29,NGLFINE,2427.3607,4.0328,57.3096,82.7306
2026-09-15,15:29,NH,1113.8318,1.7418,30.5903,6.8874
2026-09-15,15:29,NIACL,221.4641,3.5268,47.0551,-7.8891
2026-09-15,15:29,NIBE,1263.9142,3.473,52.0011,-7.5576
2026-09-15,15:29,NIFTY200ALPHA30,4024.9271,0.9726,19.038,1.2876
2026-09-15,15:29,NIFTY500MOMENTM50,7854.4996,0.9808,18.6402,1.1375
2026-09-15,15:29,NIFTY50ADD,129.3682,0.4992,11.6205,6.7296
2026-09-15,15:29,NIFTY50PR1XINV,164.0359,0.7003,13.2669,13.2089
2026-09-15,15:29,NIFTY50TR1XINV,124.965,0.7017,13.2909,12.0767
2026-09-15,15:29,NIFTYALPHA50,29280.2402,0.9889,19.2168,5.0461
2026-09-15,15:29,NIFTYCAPITALMKT,3337.1551,1.169,24.8582,19.9484
2026-09-15,15:29,NIFTYCHEMICALS,2600.3931,0.9948,1.7e+308,1.7e+308
2026-09-15,15:29,NIFTYCONSURDURBL,9452.6823,1.1501,20.363,-3.509
2026-09-15,15:29,NIFTYEES,23597.5477,1.6253,39.3689,55.5137
2026-09-15,15:29,NIFTYGS10YR,256.9375,0.2043,3.4644,1.8396
2026-09-15,15:29,NIFTYGS1115YR,774.8446,0.2261,3.9478,3.87
2026-09-15,15:29,NIFTYGS15YRPLUS,416.3234,0.3146,5.3282,1.6895
2026-09-15,15:29,NIFTYGS48YR,516.9759,0.1704,2.6035,4.0942
2026-09-15,15:29,NIFTYGS813YR,377.4989,0.1934,3.2718,2.9623
2026-09-15,15:29,NIFTYGSCOMPSITE,446.896,0.2024,3.4221,2.9962
2026-09-15,15:29,NIFTYHEALTHCARE,13390.4823,0.7993,13.5366,9.5286
2026-09-15,15:29,NIFTYINDDEFENCE,8625.0684,1.3548,24.882,9.9215
2026-09-15,15:29,NIFTYINDIAMFG,1082.518,0.7828,15.4749,2.3495
2026-09-15,15:29,NIFTYMEDIA,701.7267,1.4066,22.0295,-7.1351
2026-09-15,15:29,NIFTYMETAL,4502.4609,1.1619,22.4837,26.8196
2026-09-15,15:29,NIFTYMICROCAP250,25453.7929,1.0217,19.7793,6.2704
2026-09-15,15:29,NIFTYMIDCAP150,2678.8474,0.8002,16.1181,2.0922
2026-09-15,15:29,NIFTYMIDCAP50,3305.8285,0.809,16.4854,5.5456
2026-09-15,15:29,NIFTYMIDLIQ15,6486.0839,0.9981,18.9258,7.2658
2026-09-15,15:29,NIFTYMIDSELECT,3854.0644,0.8776,17.8853,7.7478
2026-09-15,15:29,NIFTYMIDSMALLCAP400,6714.3006,0.8118,16.239,2.0528
2026-09-15,15:29,NIFTYMIDSMLHLTH,62538.3132,0.8225,14.3647,13.5941
2026-09-15,15:29,NIFTYMS400MQ100,17139.7592,0.841,17.3434,1.0826
2026-09-15,15:29,NIFTYMULTIMFG,3237.9304,0.7354,15.3402,1.5724
2026-09-15,15:29,NIFTYSMALLCAP250,12578.9875,0.891,17.1628,2.2101
2026-09-15,15:29,NIFTYSMALLCAP50,8978.2555,0.9279,18.3494,9.0239
2026-09-15,15:29,NIFTYSML250MQ100,34956.404,0.9248,18.0038,1.7776
2026-09-15,15:29,NIITLTD,67.2268,4.105,52.971,-22.2371
2026-09-15,15:29,NILKAMAL,3430.1804,2.7925,35.4142,28.6762
2026-09-15,15:29,NINSYS,2255.8817,2.0247,44.0861,58.8978
2026-09-15,15:29,NIRAJISPAT,264.1319,4.9228,76.8244,-17.1271
2026-09-15,15:29,NITINSPIN,1878.5062,2.5593,38.7047,82.6353
2026-09-15,15:29,NITIRAJ,238.7049,2.8293,42.3253,5.6839
2026-09-15,15:29,NOCIL,244.9686,3.0296,41.3374,1.3245
2026-09-15,15:29,NORTHARC,237.8366,2.5546,39.403,6.1711
2026-09-15,15:29,NOVARTIND,9193.1443,4.0693,65.7512,288.1497
2026-09-15,15:29,NPST,2217.7409,3.2669,57.8113,-20.4975
2026-09-15,15:29,NRAIL,1243.138,3.2065,54.3033,62.9719
2026-09-15,15:29,NRBBEARING,1277.868,2.7512,40.7796,68.5714
2026-09-15,15:29,NRL,512.6976,2.4952,35.7137,74.3078
2026-09-15,15:29,NURECA,280.3186,3.1728,53.5375,27.6394
2026-09-15,15:29,NUVAMA,1948.5854,2.394,36.6499,30.2061
2026-09-15,15:29,NYKAA,367.205,1.6367,28.0153,38.0018
2026-09-15,15:29,OAL,1376.4755,3.51,48.2436,45.6943
2026-09-15,15:29,OBEROIRLTY,842.8162,1.7349,27.5431,-0.1018
2026-09-15,15:29,OCCLLTD,390.0272,3.7392,52.9056,8.3143
2026-09-15,15:29,OFSS,28149.683,2.1517,33.5593,30.8827
2026-09-15,15:29,OILCOUNTUB,85.832,2.498,58.0044,-20.7216
2026-09-15,15:29,OLECTRA,973.0523,2.3528,43.7887,-28.1019
2026-09-15,15:29,OMAXAUTO,318.5832,4.5789,61.6079,13.2632
2026-09-15,15:29,OMAXE,240.1313,4.0486,55.4251,37.0805
2026-09-15,15:29,ONELIFECAP,115.0422,3.4007,51.6125,143.3921
2026-09-15,15:29,ONEPOINT,47.8774,2.0068,37.8468,22.5249
2026-09-15,15:29,ONESOURCE,2974.9728,2.0542,42.0406,-13.1077
2026-09-15,15:29,OPTIEMUS,1218.0212,2.9425,49.209,-7.0809
2026-09-15,15:29,ORBTEXP,298.4896,4.188,58.4186,23.1974
2026-09-15,15:29,ORCHPHARMA,1907.9645,3.0041,43.7783,25.3345
2026-09-15,15:29,ORIENTBELL,706.378,3.0114,50.3015,21.4086
2026-09-15,15:29,ORIENTHOT,207.4481,3.6589,46.8273,0.9515
2026-09-15,15:29,ORIENTLTD,134.0195,3.4736,46.164,-3.6719
2026-09-15,15:29,PAISALO,301.0943,2.9123,44.5453,116.3124
2026-09-15,15:29,PALREDTEC,74.855,3.0601,51.667,0.4436
2026-09-15,15:29,PANACEABIO,78.1419,3.7856,56.5218,-12.095
2026-09-15,15:29,PANACHE,1196.005,2.7707,49.2865,77.9707
2026-09-15,15:29,PANAMAPET,932.121,4.14,51.1606,52.4349
2026-09-15,15:29,PAR,261.4652,4.4227,55.6003,18.8249
2026-09-15,15:29,PARACABLES,141.8337,4.3222,59.609,26.4384
2026-09-15,15:29,PARADEEP,165.4623,2.3663,43.7425,-16.8809
2026-09-15,15:29,PARAGMILK,121.2439,2.497,47.7139,-14.2755
2026-09-15,15:29,PARAS,4316.7184,3.925,51.4593,79.0255
2026-09-15,15:29,PARKHOSPS,781.1707,2.5032,1.7e+308,1.7e+308
2026-09-15,15:29,PASUPTAC,141.8958,3.1373,53.7984,51.2446
2026-09-15,15:29,PATELRMART,52.0326,2.6502,1.7e+308,-11.7652
2026-09-15,15:29,PAUSHAKLTD,1354.1491,3.2142,1.7e+308,1.7e+308
2026-09-15,15:29,PAYTM,3365.0622,2.6228,39.2344,46.9589
2026-09-15,15:29,PCBL,264.504,2.8701,46.8497,-24.06
2026-09-15,15:29,PDMJEPAPER,96.8711,2.3416,37.6883,-23.9632
2026-09-15,15:29,PFOCUS,349.3437,3.2683,55.3619,73.3507
2026-09-15,15:29,PGHL,1351.9786,1.8547,24.6258,-15.0554
2026-09-15,15:29,PGIL,1389.189,2.8435,50.9562,65.0615
2026-09-15,15:29,PHOENIXLTD,610.251,1.6395,26.5662,12.5046
2026-09-15,15:29,PIDILITIND,198.4556,1.3644,22.0844,-0.2001
2026-09-15,15:29,PIRAMALFIN,3314.8275,2.0012,1.7e+308,1.7e+308
2026-09-15,15:29,PITTIENG,1439.4233,2.3527,39.9784,10.2136
2026-09-15,15:29,PIXTRANS,1692.4541,2.6795,32.2676,21.7611
2026-09-15,15:29,PKTEA,2183.9414,3.9817,54.8463,25.6407
2026-09-15,15:29,PLASTIBLEN,180.5325,2.6599,34.9999,-4.6692
2026-09-15,15:29,PLAZACABLE,134.0195,3.669,51.2431,10.9344
2026-09-15,15:29,PNBHOUSING,1834.1636,1.6486,32.2559,31.6924
2026-09-15,15:29,PNGJL,381.4068,2.3237,34.4802,-4.0101
2026-09-15,15:29,PODDARMENT,151.1984,2.9886,40.3256,-7.0544
2026-09-15,15:29,POLICYBZR,1433.2212,1.935,33.4267,-4.0672
2026-09-15,15:29,POLYCAB,3224.9031,1.81,30.5816,7.8752
2026-09-15,15:29,POLYMED,1954.7871,2.6611,42.8058,-14.6078
2026-09-15,15:29,POLYPLEX,1476.3237,2.3598,33.2966,2.6368
2026-09-15,15:29,PONNIERODE,560.947,2.6523,36.1796,19.477
2026-09-15,15:29,POWERINDIA,55313.2899,2.689,44.5923,61.8397
2026-09-15,15:29,POWERMECH,1435.0813,2.1163,38.8505,-21.4233
2026-09-15,15:29,PPAP,200.6262,4.3365,57.8243,-0.9641
2026-09-15,15:29,PPL,355.2356,3.0403,44.9473,-13.0251
2026-09-15,15:29,PPLPHARMA,277.3417,2.4435,34.7277,-2.3094
2026-09-15,15:29,PRABHA,474.929,2.7702,45.4185,9.0603
2026-09-15,15:29,PRAJIND,201.5564,2.2155,40.7031,-18.2519
2026-09-15,15:29,PRECOT,1089.955,3.4017,61.7478,35.3062
2026-09-15,15:29,PRECWIRE,1207.6021,3.8023,60.3487,141.3084
2026-09-15,15:29,PREMEXPLN,1218.3311,3.4835,54.5559,7.3747
2026-09-15,15:29,PREMIERENE,926.8496,1.7118,34.4869,-10.1113
2026-09-15,15:29,PREMIERPOL,181.5248,3.6455,58.1808,71.5183
2026-09-15,15:29,PRICOLLTD,1007.1622,2.438,39.1321,37.214
2026-09-15,15:29,PRIVISCL,4306.4854,1.7892,35.0359,41.0385
2026-09-15,15:29,PRUDENT,4204.7775,2.2995,37.4399,9.7256
2026-09-15,15:29,PSPPROJECT,267.9151,2.8186,46.0625,4.7911
2026-09-15,15:29,PTCIL,31740.4886,2.7299,37.1403,50.9838
2026-09-15,15:29,PVP,198.0835,4.1532,64.0249,108.3221
2026-09-15,15:29,PVRINOX,1330.8926,1.9631,30.8321,9.4184
2026-09-15,15:29,PWL,90.2973,3.2077,1.7e+308,1.7e+308
2026-09-15,15:29,QPOWER,3325.3709,3.2324,55.9151,35.3576
2026-09-15,15:29,QUADFUTURE,1206.2378,4.0845,61.5164,12.0203
2026-09-15,15:29,QUESS,820.2418,2.7328,37.1425,27.9357
2026-09-15,15:29,RACLGEAR,4416.8766,3.0839,57.475,93.2933
2026-09-15,15:29,RADICO,10126.196,1.5134,32.7879,42.8337
2026-09-15,15:29,RAIN,215.7585,3.6952,54.5413,42.3692
2026-09-15,15:29,RAINBOW,2028.5879,1.2943,22.5172,2.4526
2026-09-15,15:29,RAJRATAN,95.8169,2.2048,49.1202,40.1011
2026-09-15,15:29,RAMCOSYS,301.0942,4.8941,64.8956,8.8887
2026-09-15,15:29,RAMRAT,1361.281,3.1151,42.3744,53.5725
2026-09-15,15:29,RANEHOLDIN,1689.9733,2.8602,41.4406,11.5493
2026-09-15,15:29,RATEGAIN,1835.094,2.6422,44.2989,37.4609
2026-09-15,15:29,RATNAMANI,4265.5541,2.8399,45.3042,11.519
2026-09-15,15:29,RATNAVEER,862.4756,3.5513,50.3038,99.1336
2026-09-15,15:29,RAYMOND,3672.9786,3.8966,49.1248,60.4947
2026-09-15,15:29,RAYMONDREL,764.3641,3.9398,57.1917,-12.1342
2026-09-15,15:29,RBA,191.9438,3.0247,39.0155,10.8873
2026-09-15,15:29,RBLBANK,629.4763,1.8809,30.9011,48.9299
2026-09-15,15:29,RBZJEWEL,149.5239,3.6697,51.2823,14.3547
2026-09-15,15:29,REDINGTON,684.3617,2.627,50.5706,26.4305
2026-09-15,15:29,REFEX,235.666,2.5984,52.585,-23.5294
2026-09-15,15:29,REGAAL,120.8719,3.0076,53.9058,-23.5666
2026-09-15,15:29,RGL,206.0217,3.4142,56.813,26.2226
2026-09-15,15:29,RISHABH,2126.2655,3.3209,51.4598,88.285
2026-09-15,15:29,RITCO,336.5683,2.813,42.3982,6.9763
2026-09-15,15:29,RKFORGE,820.8001,2.2505,35.7009,21.4185
2026-09-15,15:29,RML,2913.5758,3.3764,43.5688,54.7069
2026-09-15,15:29,ROLEXRINGS,252.7828,2.4887,44.3988,20.6917
2026-09-15,15:29,ROSSELLIND,78.8241,2.4333,36.5656,-14.5293
2026-09-15,15:29,ROSSTECH,3268.6256,3.8506,61.3972,68.6188
2026-09-15,15:29,RPEL,5456.2883,3.504,52.2903,139.6278
2026-09-15,15:29,RPGLIFE,4609.7512,2.8174,37.222,11.3852
2026-09-15,15:29,RPSGVENT,852.4284,2.4076,47.9588,-5.0815
2026-09-15,15:29,RPTECH,2574.6508,3.4047,44.1376,150.6602
2026-09-15,15:29,RRKABEL,5690.0934,2.967,38.9743,89.6695
2026-09-15,15:29,RSWM,300.9083,2.6491,41.603,31.3245
2026-09-15,15:29,RUBICON,6393.6802,3.357,1.7e+308,1.7e+308
2026-09-15,15:29,RUBYMILLS,1389.9332,3.9565,53.2592,83.6561
2026-09-15,15:29,RVTH,395.3607,3.1662,47.9966,-39.5863
2026-09-15,15:29,S&SPOWER,512.8837,3.0205,54.9526,-15.4022
2026-09-15,15:29,SAHYADRI,635.1818,3.079,42.5968,34.3806
2026-09-15,15:29,SAIL,77.3976,2.4169,36.1672,27.0191
2026-09-15,15:29,SAILIFE,4289.7414,2.0263,34.8817,68.7189
2026-09-15,15:29,SAKAR,4342.7665,3.8241,53.9413,230.9718
2026-09-15,15:29,SALSTEEL,158.6404,3.2811,57.8972,118.8116
2026-09-15,15:29,SAMBHV,232.069,2.5322,43.5224,4.3957
2026-09-15,15:29,SANATHAN,112.8715,2.15,32.9821,-9.9707
2026-09-15,15:29,SANDHAR,493.0381,2.9205,44.0455,32.0675
2026-09-15,15:29,SANGAMIND,566.5289,1.997,36.2253,32.2539
2026-09-15,15:29,SANGHVIMOV,516.6046,3.0982,51.3469,6.6826
2026-09-15,15:29,SANGINITA,349.5919,2.4533,48.0668,581.3836
2026-09-15,15:29,SANSERA,12543.6326,2.6342,41.3265,158.9766
2026-09-15,15:29,SANSTAR,134.8878,2.9029,39.6207,16.3445
2026-09-15,15:29,SAPPHIRE,44.8385,3.2015,45.5259,-30.1382
2026-09-15,15:29,SAREGAMA,970.5718,3.0791,41.7577,-1.0395
2026-09-15,15:29,SARLAPOLY,116.5306,2.011,39.1113,-4.879
2026-09-15,15:29,SASKEN,2903.6528,4.2023,55.0369,14.9666
2026-09-15,15:29,SATIN,341.0955,2.5413,33.5141,46.1769
2026-09-15,15:29,SBC,105.6776,2.0247,26.0679,123.1417
2026-09-15,15:29,SBCL,3316.0687,4.2748,55.1687,86.1679
2026-09-15,15:29,SBILIQETF,185.8659,0.0124,0.7364,4.9141
2026-09-15,15:29,SCHAEFFLER,633.1964,1.4355,28.4534,-5.4078
2026-09-15,15:29,SCHNEIDER,2630.7764,3.5821,48.9564,33.8531
2026-09-15,15:29,SCI,293.032,2.2784,46.0889,22.5238
2026-09-15,15:29,SCPL,1883.1573,3.9029,56.0946,143.52
2026-09-15,15:29,SEAMECLTD,2761.6337,2.4069,36.8621,84.179
2026-09-15,15:29,SECMARK,260.3489,3.4142,63.573,16.3006
2026-09-15,15:29,SEMAC,64.0639,3.437,54.8751,-48.502
2026-09-15,15:29,SENORES,3663.986,2.9908,40.8224,98.8067
2026-09-15,15:29,SETCO,54.1412,1.9851,44.699,79.6663
2026-09-15,15:29,SETFNN50,140.6553,0.8597,16.2643,2.1579
2026-09-15,15:29,SETL,1994.9126,3.6282,51.1106,128.9929
2026-09-15,15:29,SFL,496.1389,2.6723,39.5745,-1.8506
2026-09-15,15:29,SGFIN,1592.9161,2.4286,42.1611,64.576
2026-09-15,15:29,SGIL,252.4108,2.5974,40.5902,6.5069
2026-09-15,15:29,SGMART,2202.8568,2.7053,1.7e+308,87.9979
2026-09-15,15:29,SHADOWFAX,788.8609,3.1899,1.7e+308,1.7e+308
2026-09-15,15:29,SHAHALLOYS,170.9199,3.402,52.8653,26.1605
2026-09-15,15:29,SHAILY,7266.5754,3.0695,51.8829,35.4015
2026-09-15,15:29,SHALPAINTS,119.0113,4.4202,61.4819,-4.7403
2026-09-15,15:29,SHANKARA,243.9143,1.7048,46.3895,-33.4444
2026-09-15,15:29,SHANTIGEAR,1397.8714,3.3707,41.4384,22.3103
2026-09-15,15:29,SHANTIGOLD,270.6438,2.7733,46.3416,11.3612
2026-09-15,15:29,SHARDAMOTR,331.4829,2.0106,36.349,-12.8549
2026-09-15,15:29,SHAREINDIA,303.4509,3.0994,52.0498,38.6194
2026-09-15,15:29,SHEMAROO,94.0183,2.7186,45.0815,0.2708
2026-09-15,15:29,SHILCTECH,1601.9089,3.1323,1.7e+308,1.7e+308
2026-09-15,15:29,SHILPAMED,3696.2353,3.005,41.4473,121.0667
2026-09-15,15:29,SHIVALIK,425.129,3.825,51.6572,-25.5966
2026-09-15,15:29,SHIVAUM,1116.3126,2.7748,1.7e+308,1.7e+308
2026-09-15,15:29,SHREEJISPG,1849.668,2.3747,1.7e+308,167.9201
2026-09-15,15:29,SHREEPUSHK,1058.9465,3.001,53.5728,30.518
2026-09-15,15:29,SHRIPISTON,8113.1117,1.9754,38.6276,64.8697
2026-09-15,15:29,SHYAMMETL,1178.95,1.8212,28.6266,15.6684
2026-09-15,15:29,SICAGEN,207.9442,3.7412,137.1145,247.1383
2026-09-15,15:29,SIEMENS,3682.5916,1.7903,30.9542,13.3528
2026-09-15,15:29,SIGACHI,46.575,3.4049,58.3375,-28.7104
2026-09-15,15:29,SIGIND,117.5229,3.0247,45.5214,24.2168
2026-09-15,15:29,SIGMAADV,3756.3921,3.6539,57.798,407.6339
2026-09-15,15:29,SIGNPOST,350.6462,3.3321,48.3417,-7.1404
2026-09-15,15:29,SILVERTUC,80.3745,2.8637,51.8206,106.3991
2026-09-15,15:29,SIMPLEXINF,111.0731,3.2636,54.5507,-20.6373
2026-09-15,15:29,SIS,457.6881,2.0222,29.6353,20.7509
2026-09-15,15:29,SJS,3437.6222,2.077,36.8584,56.1432
2026-09-15,15:29,SKFINDUS,2098.0478,2.2403,1.7e+308,1.7e+308
2026-09-15,15:29,SKIPPER,914.4462,2.5647,40.492,-0.2148
2026-09-15,15:29,SKMEGGPROD,214.6421,4.1391,57.6861,33.9688
2026-09-15,15:29,SKYGOLD,2909.2349,3.4455,49.0705,169.4198
2026-09-15,15:29,SMARTLINK,648.2055,3.4446,46.8567,50.967
2026-09-15,15:29,SMARTWORKS,364.6622,2.0717,35.3366,-4.9478
2026-09-15,15:29,SMLMAH,15646.361,3.9976,59.9036,67.0942
2026-09-15,15:29,SMSPHARMA,571.49,2.9068,50.7977,40.395
2026-09-15,15:29,SOFTTECH,1160.035,2.2442,43.2544,27.4178
2026-09-15,15:29,SOLARA,1519.1153,3.3737,46.1396,6.0209
2026-09-15,15:29,SOLARINDS,38767.0563,2.4794,35.5789,31.2023
2026-09-15,15:29,SOMANYCERA,937.0823,2.2782,36.5132,12.9151
2026-09-15,15:29,SONACOMS,1714.7802,1.7994,31.2862,81.1096
2026-09-15,15:29,SONAMLTD,200.8743,3.255,45.8722,56.1558
2026-09-15,15:29,SOTL,2086.8844,4.1347,48.6672,67.2255
2026-09-15,15:29,SPAL,1649.352,3.6468,50.1022,25.684
2026-09-15,15:29,SPARC,302.8928,3.8839,57.0234,31.2116
2026-09-15,15:29,SPECIALITY,167.819,3.0208,46.5532,5.3506
2026-09-15,15:29,SPECTRUM,11939.584,3.8808,56.6625,128.7115
2026-09-15,15:29,SPLPETRO,1196.9352,2.1061,40.5181,-6.1694
2026-09-15,15:29,SPORTKING,613.9719,3.3283,47.8242,83.3531
2026-09-15,15:29,SREEL,657.7561,3.2913,38.238,31.1992
2026-09-15,15:29,SRHHYPOLTD,235.0458,2.0164,32.6758,-17.7103
2026-09-15,15:29,SRM,160.6249,2.2163,45.7098,-24.9441
2026-09-15,15:29,SSWL,770.1316,2.8517,41.6796,38.9287
2026-09-15,15:29,STALLION,238.8288,4.0524,74.9222,8.7469
2026-09-15,15:29,STAR,1778.0376,2.4154,38.9927,32.101
2026-09-15,15:29,STARHEALTH,508.8524,1.4209,23.8918,20.3115
2026-09-15,15:29,STARPAPER,79.3822,1.9477,28.2367,-8.37
2026-09-15,15:29,STEELCAS,543.8303,2.3795,44.7444,36.3755
2026-09-15,15:29,STEL,703.8973,2.739,50.9984,26.2591
2026-09-15,15:29,STLNETWORK,97.1192,3.1215,1.7e+308,26.8326
2026-09-15,15:29,STLTECH,4465.2504,3.59,63.052,588.0952
2026-09-15,15:29,STOVEKRAFT,1849.9782,2.3356,43.8882,13.0276
2026-09-15,15:29,STYL,620.918,3.0016,1.7e+308,1.7e+308
2026-09-15,15:29,STYLAMIND,6666.867,2.5453,36.0521,91.547
2026-09-15,15:29,STYLEBAAZA,340.7853,3.1754,57.0295,2.4101
2026-09-15,15:29,STYRENIX,897.391,1.9123,31.2719,-19.4504
2026-09-15,15:29,SUBEXLTD,66.4206,3.8101,54.0908,54.8485
2026-09-15,15:29,SUDARCOLOR,68.8393,2.3464,39.1443,-37.069
2026-09-15,15:29,SUDARSCHEM,1665.7863,2.7766,40.346,-19.7504
2026-09-15,15:29,SUDEEPPHRM,3123.1945,3.1031,1.7e+308,1.7e+308
2026-09-15,15:29,SUMICHEM,257.9923,2.8432,36.2983,-24.9003
2026-09-15,15:29,SUNDRMBRAK,652.1124,3.1318,44.0236,-12.2568
2026-09-15,15:29,SUNDRMFAST,1902.0731,1.7913,27.173,19.1774
2026-09-15,15:29,SUNDROP,176.7495,1.62,27.9114,-20.7808
2026-09-15,15:29,SUNFLAG,533.2252,3.1678,43.4758,26.0646
2026-09-15,15:29,SUNPHARMA,867.6231,1.2857,19.5862,10.8092
2026-09-15,15:29,SUPRAJIT,107.29,1.6949,31.9135,0.9675
2026-09-15,15:29,SUPRIYA,1275.6973,3.8361,47.2745,20.4833
2026-09-15,15:29,SURAKSHA,215.2002,2.5052,34.0924,2.5393
2026-09-15,15:29,SURYODAY,61.8933,2.5818,43.1771,8.7897
2026-09-15,15:29,SUTLEJTEX,43.7222,2.2792,42.0289,-0.8033
2026-09-15,15:29,SUVEN,1073.7688,4.307,59.2232,48.5632
2026-09-15,15:29,SUYOG,472.572,2.3322,45.2253,-20.2972
2026-09-15,15:29,SVLL,1156.6239,3.2798,44.2652,0.2283
2026-09-15,15:29,SWANDEF,5316.7492,2.018,1533.7834,382.2159
2026-09-15,15:29,SWARAJENG,132.0973,1.1435,25.5157,-19.3911
2026-09-15,15:29,SWELECTES,49.9243,2.249,45.7536,-39.3633
2026-09-15,15:29,SYRMA,3963.5298,2.6677,44.2017,82.1884
2026-09-15,15:29,TAINWALCHM,218.1151,2.9101,53.2554,-3.8867
2026-09-15,15:29,TALBROAUTO,916.3066,2.5529,40.3898,43.9604
2026-09-15,15:29,TANLA,74.1106,3.232,46.3411,-34.9144
2026-09-15,15:29,TARIL,185.9281,2.615,59.4757,-47.9299
2026-09-15,15:29,TARSONS,521.504,3.9565,50.8483,-1.9408
2026-09-15,15:29,TASTYBITE,17073.3812,2.5714,35.5489,5.8428
2026-09-15,15:29,TATACAP,43.7224,1.6746,1.7e+308,1.7e+308
2026-09-15,15:29,TATACHEM,192.2538,2.746,35.0797,-26.0366
2026-09-15,15:29,TATACOMM,1212.4395,2.068,33.7234,3.7877
2026-09-15,15:29,TATAINVEST,592.8859,1.8752,44.7382,-2.0454
2026-09-15,15:29,TATATECH,878.4758,2.5082,32.9992,4.8178
2026-09-15,15:29,TATVA,2501.1607,3.2863,52.6517,39.9891
2026-09-15,15:29,TBOTEK,1191.3535,2.2614,40.2137,1.5265
2026-09-15,15:29,TBZ,2252.1608,5.2573,63.6466,178.9479
2026-09-15,15:29,TCPLPACK,6211.0393,3.4178,44.3862,6.8718
2026-09-15,15:29,TDPOWERSYS,2070.4498,4.0241,54.3922,162.1689
2026-09-15,15:29,TEJASNET,1144.2204,3.4296,58.3965,-14.6821
2026-09-15,15:29,TEXINFRA,105.8636,1.6801,25.8855,19.9474
2026-09-15,15:29,TEXMOPIPES,88.0647,3.1069,45.5835,2.4184
2026-09-15,15:29,TFCILTD,439.6411,2.6033,50.0205,90.8563
2026-09-15,15:29,THANGAMAYL,9375.7859,3.8935,60.2378,127.9879
2026-09-15,15:29,THEJO,2712.639,2.1156,32.0889,14.944
2026-09-15,15:29,THELEELA,550.4041,2.0932,31.4214,24.4669
2026-09-15,15:29,THEMISMED,234.9838,3.6768,58.299,-6.167
2026-09-15,15:29,THERMAX,4259.3516,2.6532,35.31,7.6128
2026-09-15,15:29,THYROCARE,860.8012,2.5729,40.2414,35.4454
2026-09-15,15:29,TI,358.4603,1.8509,34.196,11.2018
2026-09-15,15:29,TIIL,4992.3981,2.3281,40.2286,24.0671
2026-09-15,15:29,TIINDIA,1311.0465,2.0332,34.6317,-24.1673
2026-09-15,15:29,TINNARUBR,1611.2111,3.4609,49.4127,16.1811
2026-09-15,15:29,TIPSMUSIC,624.515,2.709,37.9722,9.9041
2026-09-15,15:29,TIRUPATIFL,212.5955,3.6669,56.4225,77.513
2026-09-15,15:29,TITAGARH,185.7421,2.4003,36.6406,-15.0625
2026-09-15,15:29,TITAN,4434.2418,1.4951,23.2588,40.0554
2026-09-15,15:29,TMB,1460.509,2.5878,38.0543,99.3228
2026-09-15,15:29,TNPETRO,197.9594,2.3277,37.8933,19.6668
2026-09-15,15:29,TNPL,71.6301,1.9678,31.3145,-2.9981
2026-09-15,15:29,TORNTPHARM,5649.7822,1.5525,21.947,33.6383
2026-09-15,15:29,TOTAL,61.8933,3.4723,52.7816,2.439
2026-09-15,15:29,TRAVELFOOD,720.0215,2.0996,30.1936,-4.919
2026-09-15,15:29,TRITURBINE,273.8068,2.6518,37.0937,2.0146
2026-09-15,15:29,TRIVENI,101.6465,2.6171,38.4888,10.8139
2026-09-15,15:29,TTKHLTCARE,764.6741,2.1789,29.9923,-9.0324
2026-09-15,15:29,TVSMOTOR,1807.8063,1.7601,27.3732,14.7504
2026-09-15,15:29,TVSSCS,164.4701,2.6696,40.7079,-3.1678
2026-09-15,15:29,TVSSRICHAK,4883.8677,2.7495,42.3403,54.4653
2026-09-15,15:29,UCAL,142.5159,3.0205,45.7533,-3.1477
2026-09-15,15:29,UDS,255.2634,2.4902,44.1666,-24.0694
2026-09-15,15:29,UEL,263.5117,4.5377,75.3039,110.7352
2026-09-15,15:29,UFBL,2652.8551,4.5487,65.0125,179.1984
2026-09-15,15:29,UFLEX,943.9042,3.1114,40.9033,14.9128
2026-09-15,15:29,UGARSUGAR,98.5456,3.3792,41.3776,18.2667
2026-09-15,15:29,UNICHEMLAB,760.953,4.0433,49.6156,3.2011
2026-09-15,15:29,UNIDT,184.3777,2.0187,37.8451,6.5037
2026-09-15,15:29,UNIMECH,3613.7521,3.3163,47.7692,39.5085
2026-09-15,15:29,UNIPARTS,2357.2802,2.4527,42.4147,111.1206
2026-09-15,15:29,UNITEDPOLY,86.5142,2.5394,52.6095,6.6085
2026-09-15,15:29,UNIVASTU,521.442,3.0099,44.7065,77.6705
2026-09-15,15:29,UNIVCABLES,4087.8749,4.4563,59.1187,76.8641
2026-09-15,15:29,UNIVPHOTO,2264.192,2.6128,52.6441,119.1185
2026-09-15,15:29,URBANCO,223.8207,2.8313,1.7e+308,-14.3877
2026-09-15,15:29,USHAMART,393.1901,1.8854,33.7712,12.5894
2026-09-15,15:29,UTLSOLAR,1340.6294,3.3066,1.7e+308,1.7e+308
2026-09-15,15:29,UTTAMSUGAR,261.6512,2.9126,42.3958,-4.1814
2026-09-15,15:29,V2RETAIL,81.987,2.2647,40.1396,14.1596
2026-09-15,15:29,VADILALIND,15222.1628,2.5321,38.4327,25.3318
2026-09-15,15:29,VALIANTLAB,395.4847,2.9838,50.6574,40.5179
2026-09-15,15:29,VALIANTORG,731.4328,3.1024,54.0718,4.7895
2026-09-15,15:29,VARROC,1628.2659,2.3238,36.3914,32.0695
2026-09-15,15:29,VEDL,88.2507,2.4836,36.3845,55.9182
2026-09-15,15:29,VENKEYS,702.0363,2.2455,38.2081,12.6775
2026-09-15,15:29,VENUSPIPES,4607.2704,2.8216,44.2655,39.0632
2026-09-15,15:29,VENUSREM,5029.2985,3.4094,54.2673,258.3121
2026-09-15,15:29,VERANDA,126.4534,3.5629,52.8558,-0.8134
2026-09-15,15:29,VETO,147.9114,2.4511,36.5472,2.8351
2026-09-15,15:29,VHL,421.7181,1.6719,32.4574,-12.2373
2026-09-15,15:29,VIDHIING,79.6924,2.2569,36.3212,-14.5617
2026-09-15,15:29,VIDYAWIRES,214.5181,3.2674,1.7e+308,1.7e+308
2026-09-15,15:29,VIJAYA,2967.5306,2.4334,32.0059,36.4685
2026-09-15,15:29,VIJIFIN,80.4365,2.4477,52.1585,369.6319
2026-09-15,15:29,VIMTALABS,1187.0124,2.7598,50.1092,-25.3379
2026-09-15,15:29,VINCOFE,124.903,2.7045,39.937,11.1972
2026-09-15,15:29,VINDHYATEL,8516.8446,4.6878,58.5663,72.1492
2026-09-15,15:29,VISAKAIND,148.2835,2.7261,37.9394,5.1837
2026-09-15,15:29,VISHNU,1066.0785,2.0019,32.5368,37.1773
2026-09-15,15:29,VIYASH,281.1867,2.8016,43.3814,23.0562
2026-09-15,15:29,VMART,1242.2078,2.0374,40.427,7.0112
2026-09-15,15:29,VOLTAMP,16267.1554,3.015,40.5158,42.9574
2026-09-15,15:29,VSSL,803.7451,2.418,36.279,42.7366
2026-09-15,15:29,VTL,403.1129,1.9143,35.5951,28.3736
2026-09-15,15:29,WABAG,5510.2423,3.012,41.4816,34.231
2026-09-15,15:29,WALCHANNAG,138.3607,3.5309,58.7163,-4.1359
2026-09-15,15:29,WELCORP,9851.1492,3.0189,41.623,167.017
2026-09-15,15:29,WELENT,1456.7877,2.2967,37.5826,31.9971
2026-09-15,15:29,WELINV,6061.5776,2.9113,54.2131,125.3465
2026-09-15,15:29,WELSPUNLIV,380.0424,2.4426,46.467,62.069
2026-09-15,15:29,WENDT,10198.7561,2.4776,35.209,-10.7273
2026-09-15,15:29,WESTLIFE,85.8939,2.7241,39.2487,-23.2436
2026-09-15,15:29,WEWORK,578.622,2.798,1.7e+308,1.7e+308
2026-09-15,15:29,WHEELS,7887.0594,4.2112,50.9729,163.7473
2026-09-15,15:29,WINDLAS,1513.8442,2.4426,35.3726,13.9573
2026-09-15,15:29,WINDMACHIN,287.1405,2.4816,41.7011,-1.9723
2026-09-15,15:29,WIPL,64.1259,1.8988,35.2962,-3.0289
2026-09-15,15:29,WOCKPHARMA,4128.4966,3.3283,52.2001,37.0858
2026-09-15,15:29,WONDERLA,57.3661,1.5975,28.9039,-19.7691
2026-09-15,15:29,WSTCSTPAPR,1724.3928,2.3542,39.0439,47.62
2026-09-15,15:29,XPROINDIA,1889.0489,3.6127,51.3523,12.3892
2026-09-15,15:29,YASHO,15482.015,4.4397,60.5417,125.8316
2026-09-15,15:29,YATHARTH,2104.2492,2.0222,37.865,26.4473
2026-09-15,15:29,YUKEN,1776.4872,2.338,37.5406,7.1599
2026-09-15,15:29,ZENTEC,1939.9036,2.5861,38.5569,2.1631
2026-09-15,15:29,ZIMLAB,384.0736,3.0161,50.5739,77.6256
2026-09-15,15:29,ZYDUSLIFE,1307.636,1.7051,23.792,5.9481
2026-09-15,15:29,ZYDUSWELL,1000.6503,2.3486,40.2353,6.6001
2026-09-21,15:29,20MICRONS,242.1777,2.7392,42.252,-0.2989
2026-09-21,15:29,3IINFOLTD,60.1569,2.352,38.5284,16.5605
2026-09-21,15:29,63MOONS,1271.666,2.9748,52.3426,2.4462
2026-09-21,15:29,AAREYDRUGS,219.4795,2.3585,51.3174,30.3578
2026-09-21,15:29,AARTIDRUGS,395.6707,1.7061,31.9558,-7.3306
2026-09-21,15:29,AARTIIND,331.1727,2.4188,37.5668,33.4223
2026-09-21,15:29,AARTIPHARM,851.1884,3.2179,44.6473,2.7183
2026-09-21,15:29,AARTISURF,651.8028,3.7267,51.381,13.7493
2026-09-21,15:29,AAVAS,214.5799,1.8638,30.5814,-16.1036
2026-09-21,15:29,ABB,9243.6886,1.9594,29.9616,40.5459
2026-09-21,15:29,ABBOTINDIA,3100.8684,1.3642,20.5948,-9.3477
2026-09-21,15:29,ABCAPITAL,416.7566,2.0677,32.5821,44.6397
2026-09-21,15:29,ABDL,788.5506,2.3556,40.8534,27.338
2026-09-21,15:29,ABSLAMC,1023.597,2.3995,37.3941,33.0289
2026-09-21,15:29,ACE,2066.7288,2.2095,34.3445,13.9154
2026-09-21,15:29,ACMESOLAR,1447.8575,2.3556,38.4957,71.6052
2026-09-21,15:29,ACUTAAS,8732.6653,2.6907,45.256,152.2421
2026-09-21,15:29,ADANIENSOL,2540.2312,2.2625,40.4808,58.9627
2026-09-21,15:29,ADANIENT,5199.5355,2.2057,36.278,16.9556
2026-09-21,15:29,ADANIGREEN,2189.8331,2.3535,43.9233,24.4606
2026-09-21,15:29,ADANIPORTS,1662.6855,1.7184,29.5029,28.3836
2026-09-21,15:29,ADANIPOWER,413.3458,2.0925,43.6445,41.2308
2026-09-21,15:29,ADFFOODS,298.1174,2.5676,47.744,21.4525
2026-09-21,15:29,ADOR,3273.897,2.2876,38.2212,60.8489
2026-09-21,15:29,ADVAIT,1688.7332,2.9065,1.7e+308,1.7e+308
2026-09-21,15:29,AEGISLOG,4873.6347,3.6132,47.784,98.5304
2026-09-21,15:29,AEGISVOPAK,645.2906,3.0972,47.385,30.7133
2026-09-21,15:29,AEQUS,555.5516,3.3773,1.7e+308,1.7e+308
2026-09-21,15:29,AEROENTER,267.3569,3.9192,55.931,45.2517
2026-09-21,15:29,AEROFLEX,2041.1156,4.4705,59.9405,186.6915
2026-09-21,15:29,AETHER,4171.908,2.2793,39.0497,123.1659
2026-09-21,15:29,AFFLE,246.2086,2.3261,34.1803,-20.2452
2026-09-21,15:29,AGARWALEYE,218.6112,1.6763,27.5711,0.3069
2026-09-21,15:29,AGI,1297.7134,2.4292,43.7459,-5.9246
2026-09-21,15:29,AGIIL,209.6186,2.8081,53.4098,8.1917
2026-09-21,15:29,AHCL,87.3205,3.2496,1.7e+308,103.885
2026-09-21,15:29,AHLWEST,2387.6686,3.2782,51.9418,148.0091
2026-09-21,15:29,AIAENG,491.1772,1.9077,30.8717,28.3755
2026-09-21,15:29,AIIL,453.037,3.0591,51.1448,-5.682
2026-09-21,15:29,AJANTPHARM,3857.4802,1.7296,25.5159,43.6841
2026-09-21,15:29,AJAXENGG,531.4887,2.2196,37.1183,-12.694
2026-09-21,15:29,AKSHARCHEM,1162.7636,3.6669,50.3837,52.0644
2026-09-21,15:29,AKUMS,2295.2628,2.1336,32.9525,83.9136
2026-09-21,15:29,ALBERTDAVD,567.7689,2.2319,32.4416,8.417
2026-09-21,15:29,ALGOQUANT,90.6074,2.0571,1.7e+308,1.7e+308
2026-09-21,15:29,ALIVUS,2980.5549,2.1098,30.6746,49.1056
2026-09-21,15:29,ALKALI,174.951,4.6888,59.6107,7.5221
2026-09-21,15:29,ALKYLAMINE,2139.5992,2.9038,40.5987,-5.1924
2026-09-21,15:29,ALPHAGEO,539.3651,3.9468,53.3464,16.6542
2026-09-21,15:29,AMAGI,1162.5156,3.2357,1.7e+308,1.7e+308
2026-09-21,15:29,AMANTA,515.2403,2.827,1.7e+308,36.1366
2026-09-21,15:29,AMBIKCO,1441.9038,2.2539,34.5069,13.9861
2026-09-21,15:29,AMDIND,102.8868,3.2974,54.0564,9.6715
2026-09-21,15:29,ANANDRATHI,4444.474,1.1588,21.9133,54.268
2026-09-21,15:29,ANANTRAJ,385.4381,2.458,46.1119,-12.432
2026-09-21,15:29,ANDHRSUGAR,124.4068,3.0018,38.0151,28.4652
2026-09-21,15:29,ANGELONE,163.2298,2.148,41.0826,38.621
2026-09-21,15:29,ANTELOPUS,3275.4474,4.0715,69.3126,98.0569
2026-09-21,15:29,ANTHEM,1410.8951,1.6492,29.5828,17.4862
2026-09-21,15:29,ANUHPHR,77.4597,2.3995,36.2769,12.925
2026-09-21,15:29,AONELIQUID,190.5172,0.0123,0.2057,4.8988
2026-09-21,15:29,APARINDS,58507.1843,2.9526,46.6437,126.6013
2026-09-21,15:29,APCOTEXIND,1442.8342,3.4436,43.1922,54.8264
2026-09-21,15:29,APLLTD,489.0068,1.6437,26.8601,-6.7205
2026-09-21,15:29,APOLLO,952.5868,3.4386,57.1067,18.7279
2026-09-21,15:29,APOLLOHOSP,8493.2785,1.0895,18.1727,18.6684
2026-09-21,15:29,APOLLOPIPE,1367.1729,2.9858,48.5966,58.4435
2026-09-21,15:29,ARCHIDPLY,109.2125,2.7934,43.588,4.4639
2026-09-21,15:29,ARFIN,106.5458,2.6887,39.4089,94
2026-09-21,15:29,ARIES,693.3541,2.7088,41.7336,19.3091
2026-09-21,15:29,ARIHANT,5673.3486,3.4093,2177.0358,3540.1141
2026-09-21,15:29,ARIS,251.1083,3.1096,53.9353,-9.9499
2026-09-21,15:29,ARMANFIN,1882.2271,2.7581,40.9704,33.1978
2026-09-21,15:29,ARROWGREEN,2755.1215,3.0901,52.0293,60.0091
2026-09-21,15:29,ARTEMISMED,620.6697,2.2335,35.9016,46.1296
2026-09-21,15:29,ARVEE,335.3899,4.0936,71.0241,26.3276
2026-09-21,15:29,ARVIND,951.6564,2.6699,40.277,75.9105
2026-09-21,15:29,ARVSMART,134.2678,1.9987,33.9299,-8.2501
2026-09-21,15:29,ASAHISONG,961.3312,3.0879,50.2913,33.2228
2026-09-21,15:29,ASHIANA,357.2199,2.4373,34.6952,37.2187
2026-09-21,15:29,ASIANENE,1253.9912,3.5018,50.8405,45.4573
2026-09-21,15:29,ASIANHOTNR,744.8286,3.0094,47.3375,17.8818
2026-09-21,15:29,ASIANPAINT,458.3093,1.2509,24.2883,4.1617
2026-09-21,15:29,ASKAUTOLTD,1382.9871,2.8227,37.6391,18.0786
2026-09-21,15:29,ASPINWALL,200.9982,2.1916,41.595,-7.293
2026-09-21,15:29,ASTEC,511.9533,3.8128,62.5642,-12.1712
2026-09-21,15:29,ASTERDM,972.7423,1.6834,29.5117,21.0606
2026-09-21,15:29,ASTRAMICRO,4675.7995,2.7992,42.241,58.5597
2026-09-21,15:29,ATGL,734.9058,2.7124,48.798,-1.6712
2026-09-21,15:29,ATHERENERG,5486.9866,3.1423,50.8268,195.0546
2026-09-21,15:29,ATLANTAELE,5106.8202,3.1543,1.7e+308,1.7e+308
2026-09-21,15:29,AUBANK,267.2947,1.6147,29.6457,39.6663
2026-09-21,15:29,AUROPHARMA,3521.3464,1.6844,26.465,57.1927
2026-09-21,15:29,AURUM,288.6908,1.8887,35.7052,27.9294
2026-09-21,15:29,AUSOMENT,244.7826,2.3298,51.4898,43.0922
2026-09-21,15:29,AVADHSUGAR,2422.7084,3.0265,43.5856,72.0207
2026-09-21,15:29,AVALON,8879.9558,3.8,55.6991,150.1031
2026-09-21,15:29,AVG,161.8033,3.0334,56.173,-23.3284
2026-09-21,15:29,AVL,752.2706,1.724,32.4279,10.0079
2026-09-21,15:29,AVTNPL,150.2681,2.4396,34.2176,26.3187
2026-09-21,15:29,AXISCADES,2589.8451,2.886,49.8729,12.1495
2026-09-21,15:29,AYMSYNTEX,673.6947,2.8898,47.0899,47.978
2026-09-21,15:29,AZAD,7354.019,2.9665,42.9695,77.6015
2026-09-21,15:29,BAFNAPH,1238.983,3.2175,52.7723,83.4628
2026-09-21,15:29,BAJAJ-AUTO,10542.9524,1.5047,23.1377,31.6939
2026-09-21,15:29,BAJAJCON,833.2032,2.8596,50.7841,121.2633
2026-09-21,15:29,BAJAJHLDNG,3274.517,1.5215,28.4521,-10.1512
2026-09-21,15:29,BAJEL,67.2268,2.3306,43.5275,-15.0242
2026-09-21,15:29,BALAMINES,6521.7462,4.3301,55.5732,50.9636
2026-09-21,15:29,BALPHARMA,211.8513,3.7539,45.771,31.946
2026-09-21,15:29,BALRAMCHIN,1226.3936,3.0025,40.4303,46.8577
2026-09-21,15:29,BALUFORGE,107.2902,3.2,51.9789,-18.3614
2026-09-21,15:29,BANDHANBNK,84.0955,2.8171,41.0138,15.469
2026-09-21,15:29,BANKA,114.9802,2.6957,45.2267,-6.1193
2026-09-21,15:29,BANSALWIRE,250.5501,2.5402,38.265,-10.8447
2026-09-21,15:29,BASF,63.2574,2.0176,30.0166,-18.7591
2026-09-21,15:29,BBETF0432,207.1995,0.2816,3.9688,4.1575
2026-09-21,15:29,BBOX,1778.968,3.0209,46.7358,67.6785
2026-09-21,15:29,BBTCL,305.3115,2.7633,40.263,18.6474
2026-09-21,15:29,BECTORFOOD,77.3356,2.8789,42.3403,-11.8919
2026-09-21,15:29,BELRISE,342.2118,2.1831,37.047,53.6005
2026-09-21,15:29,BEML,2245.0279,2.1986,40.2532,-0.2781
2026-09-21,15:29,BEPL,269.5275,2.7264,35.4018,25.1588
2026-09-21,15:29,BETA,4347.4182,4.0917,1.7e+308,1.7e+308
2026-09-21,15:29,BFINVEST,250.5501,2.4601,36.3972,-3.3801
2026-09-21,15:29,BFUTILITIE,63.8778,3.0502,44.7458,-34.2169
2026-09-21,15:29,BHAGCHEM,204.9053,2.5962,44.789,-1.6607
2026-09-21,15:29,BHAGERIA,1241.5877,3.5944,52.3244,103.9273
2026-09-21,15:29,BHAGYANGR,1699.4619,3.5724,63.4565,350.9794
2026-09-21,15:29,BHARATBOND-APR30,247.884,0.1228,1.7258,4.2664
2026-09-21,15:29,BHARATBOND-APR31,198.0218,0.1483,1.9867,3.6605
2026-09-21,15:29,BHARATBOND-APR32,164.904,0.1562,2.0973,3.2018
2026-09-21,15:29,BHARATBOND-APR33,140.6557,0.1652,2.2615,2.9452
2026-09-21,15:29,BHARATFORG,1427.0195,1.7819,30.6798,66.7005
2026-09-21,15:29,BHARATSE,302.7068,3.3799,60.9478,21.1616
2026-09-21,15:29,BHEL,1101.7385,2.2878,36.8743,87.6109
2026-09-21,15:29,BIL,1062.6674,2.9832,46.7714,21.6553
2026-09-21,15:29,BIOCON,105.7395,1.5386,25.7443,16.5536
2026-09-21,15:29,BIRLACABLE,1526.1853,3.6761,54.7056,148.6896
2026-09-21,15:29,BLISSGVS,2751.8965,3.5385,59.9877,356.9031
2026-09-21,15:29,BLSE,952.0906,2.2045,43.6244,70.7205
2026-09-21,15:29,BLUEJET,1130.8869,2.6612,48.059,-10.257
2026-09-21,15:29,BLUESTONE,2534.6499,3.3442,53.5123,48.9911
2026-09-21,15:29,BLUSPRING,375.081,4.5305,57.7132,54.1935
2026-09-21,15:29,BODALCHEM,917.2989,4.1518,52.8567,214.8249
2026-09-21,15:29,BOSCH-HCIL,1750.1298,2.2707,36.7292,-2.662
2026-09-21,15:29,BOSCHLTD,73614.615,1.6072,28.5739,24.6789
2026-09-21,15:29,BRIGADE,226.4875,2.7079,36.8071,-10.325
2026-09-21,15:29,BSE,841.5754,2.0032,39.0826,54.7083
2026-09-21,15:29,BUILDPRO,2648.7616,2.8021,1.7e+308,1.7e+308
2026-09-21,15:29,CALSOFT,169.0593,4.9108,65.0919,193.8571
2026-09-21,15:29,CAPLIPOINT,6359.2618,2.5831,34.4337,35.3331
2026-09-21,15:29,CARBORUNIV,2191.6939,2.3519,34.0649,28.1552
2026-09-21,15:29,CARERATING,91.7852,1.8695,30.5561,4.4136
2026-09-21,15:29,CARTRADE,6081.4229,3.3334,55.8269,19.88
2026-09-21,15:29,CARYSIL,552.575,2.7252,45.3572,31.6479
2026-09-21,15:29,CASHIETF,190.2075,0.0128,0.2113,4.8984
2026-09-21,15:29,CCL,477.5337,1.8658,32.3251,20.4521
2026-09-21,15:29,CDSL,159.3843,1.7711,31.7356,-7.2699
2026-09-21,15:29,CEIGALL,560.0169,2.2126,31.3092,44.9361
2026-09-21,15:29,CEMPRO,4054.0754,4.0919,53.2299,56.7686
2026-09-21,15:29,CENTENKA,773.0466,2.9451,36.7584,19.8575
2026-09-21,15:29,CENTUM,15083.2445,3.2254,51.0756,81.0306
2026-09-21,15:29,CERA,2581.164,1.9628,28.022,-10.5429
2026-09-21,15:29,CGCL,568.1411,2.471,35.072,45.1204
2026-09-21,15:29,CGPOWER,1425.469,2.2556,34.5359,23.0728
2026-09-21,15:29,CHEMBOND,194.4244,3.533,53.6016,12.1814
2026-09-21,15:29,CHEMBONDCH,637.9106,3.4843,57.2752,58.5713
2026-09-21,15:29,CHEMCON,311.8854,2.8833,48.2635,-14.9337
2026-09-21,15:29,CHENNPETRO,3079.1623,3.2321,52.14,80.8679
2026-09-21,15:29,CHEVIOT,552.5746,2.1217,28.2541,3.4257
2026-09-21,15:29,CHOICEIN,174.8891,1.7251,31.9655,-2.7845
2026-09-21,15:29,CHOLAFIN,338.6147,2.046,33.1947,12.3638
2026-09-21,15:29,CIPLA,338.6147,1.3811,21.0635,-7.5564
2026-09-21,15:29,CLCIND,222.6423,21.9569,224.2779,1913.3333
2026-09-21,15:29,CLEAN,492.108,2.1394,32.0932,-24.1758
2026-09-21,15:29,CNL,3007.8423,3.3827,1.7e+308,1.7e+308
2026-09-21,15:29,CNXENERGY,13077.3067,0.7643,15.8274,8.5804
2026-09-21,15:29,CNXMIDCAP,15970.1019,0.8041,16.4309,9.9941
2026-09-21,15:29,CNXMNC,4729.1392,0.7952,14.4796,5.8364
2026-09-21,15:29,CNXNIFTYJUNIOR,20200.3163,0.8926,16.9117,7.3557
2026-09-21,15:29,CNXPHARMA,29931.1319,0.7737,13.7539,25.6377
2026-09-21,15:29,CNXREALTY,187.6025,1.6509,26.4702,-1.5338
2026-09-21,15:29,CNXSMALLCAP,17542.2301,0.9263,18.0404,13.1007
2026-09-21,15:29,COFORGE,2804.425,2.7058,39.249,17.9071
2026-09-21,15:29,COHANCE,898.3216,2.5396,51.5629,-47.0321
2026-09-21,15:29,COMSYN,757.4801,4.1177,49.6514,96.8667
2026-09-21,15:29,CONCORDBIO,2449.686,2.5818,40.671,0.8943
2026-09-21,15:29,CONFIPET,350.026,3.6213,61.7288,95.5165
2026-09-21,15:29,CONSOFINVT,414.0279,2.2712,41.6803,65.3699
2026-09-21,15:29,CORDSCABLE,1131.817,4.0632,53.3087,100.4909
2026-09-21,15:29,CORONA,3843.836,1.9357,1.7e+308,1.7e+308
2026-09-21,15:29,COSMOFIRST,789.171,2.3252,40.1033,1.9773
2026-09-21,15:29,CPCAP,363.6698,3.0236,44.6652,21.5337
2026-09-21,15:29,CPPLUS,11839.1154,2.8097,44.1381,177.5405
2026-09-21,15:29,CRAFTSMAN,20323.0913,2.187,36.0899,62.3424
2026-09-21,15:29,CREDITACC,762.8136,2.5461,39.3887,1.1252
2026-09-21,15:29,CRISIL,1007.1614,1.5811,26.9623,-0.3225
2026-09-21,15:29,CUB,137.1204,2.2131,38.8938,50.7185
2026-09-21,15:29,CUMMINSIND,4059.6575,1.843,28.5408,28.3565
2026-09-21,15:29,CUPID,1036.3102,3.1449,58.0641,483.0627
2026-09-21,15:29,CYBERTECH,66.1105,2.3616,54.5847,-18.8674
2026-09-21,15:29,CYIENT,406.8342,2.1176,34.2763,-6.4633
2026-09-21,15:29,CYIENTDLM,3405.0637,3.1736,45.8345,110.2304
2026-09-21,15:29,DALMIASUG,545.7528,3.1106,44.5633,10.612
2026-09-21,15:29,DATAMATICS,270.7056,2.1725,41.6034,-9.3109
2026-09-21,15:29,DATAPATTNS,10809.6256,3.3551,51.5111,69.9424
2026-09-21,15:29,DBOL,101.7705,2.4072,45.0556,38.0146
2026-09-21,15:29,DCBBANK,178.2379,2.0894,39.5728,76.6696
2026-09-21,15:29,DCMNVL,242.4878,3.0984,47.0644,9.4219
2026-09-21,15:29,DEEDEV,2949.3598,3.338,54.9121,149.1677
2026-09-21,15:29,DEEPAKFERT,2078.2018,2.2031,41.0871,-10.8187
2026-09-21,15:29,DEEPINDS,2131.5368,3.0772,46.6767,44.8544
2026-09-21,15:29,DELHIVERY,89.6152,1.8613,30.8442,-2.4007
2026-09-21,15:29,DENORA,1248.0995,2.567,41.8796,-2.9645
2026-09-21,15:29,DEVYANI,69.4594,2.5048,39.0058,-15.7083
2026-09-21,15:29,DHAMPURSUG,274.8609,2.6354,39.2818,21.6932
2026-09-21,15:29,DHARMAJ,254.1471,1.7113,34.6369,-9.2742
2026-09-21,15:29,DIACABS,1514.0299,3.4845,47.6966,149.37
2026-09-21,15:29,DIAMINESQ,127.5077,2.5511,41.743,-27.5315
2026-09-21,15:29,DIAMONDYD,158.7651,2.2637,33.9887,10.9788
2026-09-21,15:29,DICIND,646.8414,2.5331,37.3481,19.9542
2026-09-21,15:29,DIFFNKG,1072.8384,3.2511,48.3369,26.7085
2026-09-21,15:29,DIGJAMLMTD,60.0948,3.4564,52.0092,3.8079
2026-09-21,15:29,DIVGIITTS,2355.7299,3.1308,45.646,66.5161
2026-09-21,15:29,DIVISLAB,20106.0305,1.5812,24.129,65.4012
2026-09-21,15:29,DIXON,11987.9571,2.2667,39.2165,-23.7622
2026-09-21,15:29,DLF,209.9286,1.9435,30.0938,-7.7928
2026-09-21,15:29,DLINKINDIA,90.2354,1.8268,32.8827,-9.9143
2026-09-21,15:29,DMCC,237.0304,3.0752,49.5211,-6.793
2026-09-21,15:29,DOLPHIN,1699.8961,3.0968,54.8929,81.8907
2026-09-21,15:29,DPABHUSHAN,1189.4927,3.3515,45.5929,-3.6309
2026-09-21,15:29,DREDGECORP,173.0286,3.344,62.4113,57.4889
2026-09-21,15:29,DSSL,426.6798,3.9847,55.5708,21.6393
2026-09-21,15:29,DVL,176.7496,2.145,40.8981,-21.7637
2026-09-21,15:29,DYCL,951.0364,4.2963,55.6645,14.9856
2026-09-21,15:29,DYNAMATECH,16884.2282,2.5766,45.8641,75.6749
2026-09-21,15:29,E2E,2135.5059,3.6101,58.3868,71.8007
2026-09-21,15:29,EBBETF0430,271.326,0.1939,2.9343,4.6703
2026-09-21,15:29,EBBETF0431,208.0065,0.2581,3.984,4.244
2026-09-21,15:29,EBBETF0433,158.2064,0.2572,4.2861,3.9793
2026-09-21,15:29,EBGNG,2199.4461,3.6447,53.3575,99.8408
2026-09-21,15:29,ECLERX,732.7346,3.0392,46.6872,-6.1224
2026-09-21,15:29,EDELWEISS,105.9257,2.5987,40.3157,27.6136
2026-09-21,15:29,EIEL,228.7201,2.9429,48.0538,-17.4969
2026-09-21,15:29,EIFFL,127.7558,3.6908,50.9155,16
2026-09-21,15:29,EIMCOELECO,4048.494,2.6311,52.9949,29.4557
2026-09-21,15:29,ELECTHERM,1027.9379,4.2002,61.967,-12.0142
2026-09-21,15:29,ELGIEQUIP,636.6084,1.8601,33.6381,25.98
2026-09-21,15:29,ELGIRUBCO,112.8096,4.1621,64.7658,-13.5596
2026-09-21,15:29,ELIQUID,185.4321,0.0121,1.7e+308,1.7e+308
2026-09-21,15:29,ELLEN,829.7925,3.2312,50.528,-23.3162
2026-09-21,15:29,EMAMIPAP,157.8342,3.1587,42.0801,17.5746
2026-09-21,15:29,EMCURE,3228.6247,1.9775,32.7381,56.4632
2026-09-21,15:29,EMIL,551.7065,3.0246,47.6903,30.5666
2026-09-21,15:29,EMMVEE,808.1484,2.9623,1.7e+308,1.7e+308
2026-09-21,15:29,EMSLIMITED,208.9984,3.6542,55.4751,-33.1253
2026-09-21,15:29,EMUDHRA,1092.7461,3.1261,41.8246,4.6971
2026-09-21,15:29,ENDURANCE,1688.1124,1.8323,31.0707,0.9559
2026-09-21,15:29,ENGINERSIN,518.3412,2.6373,42.9614,45.6397
2026-09-21,15:29,ENRIN,2943.3433,2.8382,38.9548,-8.5746
2026-09-21,15:29,ENTERO,4011.9036,2.7398,40.3194,65.7589
2026-09-21,15:29,EPACKPEB,333.6535,3.6148,1.7e+308,1.7e+308
2026-09-21,15:29,EPIGRAL,829.1723,2.6581,41.1223,-33.04
2026-09-21,15:29,EPL,137.1204,2.2103,33.2585,15.745
2026-09-21,15:29,ESABINDIA,186.0521,2.095,30.3203,11.3536
2026-09-21,15:29,ESAFSFB,68.4672,3.3846,44.5027,37.7187
2026-09-21,15:29,ETERNAL,314.4279,1.8551,33.2238,4.6417
2026-09-21,15:29,ETHOSLTD,723.7424,2.2341,36.8808,1.3837
2026-09-21,15:29,EVERESTIND,68.5291,3.0997,46.8717,-38.1358
2026-09-21,15:29,EXICOM,403.609,4.7864,60.7547,10.7752
2026-09-21,15:29,EXIDEIND,605.9098,2.082,30.2174,11.7541
2026-09-21,15:29,EXPLEOSOL,191.0138,2.9061,41.2177,-9.038
2026-09-21,15:29,FACT,127.4456,2.2218,41.1169,-14.9472
2026-09-21,15:29,FCL,196.5951,4.6658,60.8948,122.6438
2026-09-21,15:29,FEDERALBNK,271.016,1.4412,25.9368,73.0789
2026-09-21,15:29,FEDFINA,61.9554,2.1134,41.8318,2.0856
2026-09-21,15:29,FILATEX,336.3822,3.601,49.5513,97.8703
2026-09-21,15:29,FINCABLES,3652.2025,3.4071,42.9947,70.7368
2026-09-21,15:29,FINEORG,4506.1825,1.5697,29.3815,11.2299
2026-09-21,15:29,FIVESTAR,526.8376,2.1067,40.2187,2.8809
2026-09-21,15:29,FLUOROCHEM,7206.4181,1.9573,32.2005,23.9467
2026-09-21,15:29,FOSECOIND,11548.8753,2.7644,40.092,14.8017
2026-09-21,15:29,FSL,94.8867,3.7942,49.8176,-23.3646
2026-09-21,15:29,GABRIEL,1864.8627,2.8481,49.5131,4.2498
2026-09-21,15:29,GAEL,140.8415,2.3076,36.2476,53.0612
2026-09-21,15:29,GAIL,67.723,1.4665,25.4059,0.343
2026-09-21,15:29,GALAPREC,1546.7133,3.3032,44.4624,35.7645
2026-09-21,15:29,GALAXYSURF,2204.7174,2.7839,36.1612,0.2015
2026-09-21,15:29,GANDHAR,750.1,3.8052,49.4132,90.8514
2026-09-21,15:29,GANDHITUBE,672.268,2.0193,39.3319,-1.9781
2026-09-21,15:29,GANECOS,1267.3251,2.5589,50.2797,-15.4691
2026-09-21,15:29,GANESHBE,287.0164,3.2886,45.9721,41.4766
2026-09-21,15:29,GANESHHOU,254.2712,2.151,36.0662,-11.8597
2026-09-21,15:29,GARFIBRES,513.1937,2.5798,38.0957,2.3921
2026-09-21,15:29,GAYAPROJ,73.7387,3.1353,52.8308,191.0059
2026-09-21,15:29,GCSL,1857.7302,2.567,1.7e+308,145.2123
2026-09-21,15:29,GEECEE,467.9209,2.1583,39.6695,3.6226
2026-09-21,15:29,GENESYS,460.2308,5.9537,78.0856,-19.3312
2026-09-21,15:29,GENUSPOWER,271.326,2.375,41.3908,1.4356
2026-09-21,15:29,GEOJITFSL,77.8318,1.9216,35.522,3.6035
2026-09-21,15:29,GESHIP,1146.7013,2.5241,35.3002,49.2312
2026-09-21,15:29,GFSTEELS,96.0649,2.6181,46.3857,174.5118
2026-09-21,15:29,GHCLTEXTIL,312.6916,2.7238,40.9745,67.425
2026-09-21,15:29,GILLANDERS,76.7775,2.2808,39.0032,-0.4001
2026-09-21,15:29,GIPCL,298.1795,2.2186,36.1892,3.1653
2026-09-21,15:29,GKENERGY,96.313,2.8095,1.7e+308,-24.532
2026-09-21,15:29,GKSL,451.1764,2.1694,1.7e+308,1.7e+308
2026-09-21,15:29,GLAND,7190.293,2.598,33.1764,50.1558
2026-09-21,15:29,GLAXO,1665.1663,1.6948,25.4447,7.1284
2026-09-21,15:29,GLENMARK,2805.6658,1.6397,26.9817,24.2583
2026-09-21,15:29,GLOBAL,221.0299,2.5657,44.1928,101.9484
2026-09-21,15:29,GMMPFAUDLR,3135.2875,2.5868,35.3375,42.2155
2026-09-21,15:29,GNA,825.451,2.9081,46.2037,82.1215
2026-09-21,15:29,GNFC,762.5036,2.2229,31.7685,18.6206
2026-09-21,15:29,GOACARBON,82.173,3.1392,43.2864,-10.808
2026-09-21,15:29,GOCLCORP,1152.2828,2.7752,45.2798,28.9859
2026-09-21,15:29,GODREJAGRO,58.6065,1.7464,31.1285,-7.7047
2026-09-21,15:29,GODREJIND,840.9553,3.288,41.5524,-7.8075
2026-09-21,15:29,GOKULAGRO,325.6533,1.8398,44.5176,12.7619
2026-09-21,15:29,GOODLUCK,1005.7357,2.8176,46.718,34.4713
2026-09-21,15:29,GPTHEALTH,232.007,1.7422,25.8129,11.7103
2026-09-21,15:29,GRANULES,1939.9036,1.7981,29.6863,69.6356
2026-09-21,15:29,GRAPHITE,1035.0696,2.7201,43.1006,46.8341
2026-09-21,15:29,GRASIM,1724.0828,1.4143,22.9181,15.2614
2026-09-21,15:29,GREAVESCOT,223.2005,3.0179,44.5696,-8.311
2026-09-21,15:29,GREENPLY,393.2521,2.4143,40.0745,-5.246
2026-09-21,15:29,GRINDWELL,2053.3956,2.8192,36.0741,26.5311
2026-09-21,15:29,GROWW,109.5847,2.1364,1.7e+308,1.7e+308
2026-09-21,15:29,GROWWDEFNC,88.5608,1.3682,25.2496,17.9082
2026-09-21,15:29,GROWWMC150,70.3897,0.9609,1.7e+308,1.7e+308
2026-09-21,15:29,GRPLTD,1220.5013,2.5944,41.9504,-7.7753
2026-09-21,15:29,GRWRHITECH,13828.6313,2.906,54.9139,113.9448
2026-09-21,15:29,GUFICBIO,782.3491,2.4848,34.9475,21.6899
2026-09-21,15:29,GUJALKALI,974.6029,2.3636,40.3514,12.4911
2026-09-21,15:29,GUJTHEM,629.1663,3.2435,51.0377,3.4638
2026-09-21,15:29,GULFPETRO,165.8965,2.9476,40.7418,53.8423
2026-09-21,15:29,GVPIL,1297.4034,3.484,60.2091,110.544
2026-09-21,15:29,GVT&D,5042.6327,2.9706,44.8965,50.2081
2026-09-21,15:29,HAL,3805.3863,1.6206,27.5533,1.8982
2026-09-21,15:29,HALDER,147.6013,2.8341,1.7e+308,1.7e+308
2026-09-21,15:29,HALEOSLABS,1163.4457,3.0609,41.7049,29.4466
2026-09-21,15:29,HAPPYFORGE,5019.0658,2.3553,36.3109,119.2412
2026-09-21,15:29,HARSHA,536.4502,2.2649,32.3978,15.7309
2026-09-21,15:29,HATSUN,1357.87,2.1129,36.2957,26.2506
2026-09-21,15:29,HCG,738.3167,2.045,31.4301,8.3333
2026-09-21,15:29,HDFCLIQUID,188.5329,0.0123,0.2018,4.7899
2026-09-21,15:29,HDFCSML250,142.7639,0.8877,17.2486,9.4067
2026-09-21,15:29,HEALTHIETF,157.2141,0.7807,13.657,19.1349
2026-09-21,15:29,HEG,452.7268,2.8876,44.433,47.1111
2026-09-21,15:29,HERITGFOOD,408.3844,2.1553,35.7091,-12.9672
2026-09-21,15:29,HESTERBIO,3871.1245,3.4623,42.2193,13.8992
2026-09-21,15:29,HFCL,896.5851,3.7666,50.537,197.2399
2026-09-21,15:29,HIKAL,96.9331,3.6344,49.3915,-10.1725
2026-09-21,15:29,HINDALCO,447.7655,1.6854,28.8759,31.9083
2026-09-21,15:29,HINDOILEXP,215.5724,2.6208,46.752,2.2046
2026-09-21,15:29,HIRECT,3484.1352,3.5209,54.1973,46.6879
2026-09-21,15:29,HITECHCORP,1075.8154,3.6146,50.6069,70.1905
2026-09-21,15:29,HLEGLAS,907.3142,4.2184,57.8306,-1.1482
2026-09-21,15:29,HMT,127.7558,2.4099,38.5431,10.0807
2026-09-21,15:29,HMVL,72.2502,2.5479,38.4038,-1.0414
2026-09-21,15:29,HNDFDS,695.8349,1.7812,27.3417,17.0203
2026-09-21,15:29,HOMEFIRST,486.2156,2.0167,37.0309,6.7023
2026-09-21,15:29,HONASA,1067.6289,1.9548,31.5745,66.5553
2026-09-21,15:29,HONAUT,20527.7486,2.3428,30.8165,-3.9197
2026-09-21,15:29,HSCL,1402.2127,2.7181,35.7559,49.4917
2026-09-21,15:29,HUHTAMAKI,344.0723,2.8082,41.1137,6.1999
2026-09-21,15:29,IBMFNIFTY,163.7258,0.9924,18.7237,9.1115
2026-09-21,15:29,IBULLSLTD,118.8873,3.4736,62.7093,55.1467
2026-09-21,15:29,ICDSLTD,113.1817,4.4331,69.3335,-0.6739
2026-09-21,15:29,ICICIAMC,1237.2465,1.6867,1.7e+308,1.7e+308
2026-09-21,15:29,ICICINIFTY,226.5494,0.5775,9.4792,21.3359
2026-09-21,15:29,ICIL,823.1564,3.5207,62.4037,62.1014
2026-09-21,15:29,IDEAFORGE,2201.9266,3.8319,56.0695,53.517
2026-09-21,15:29,IFBIND,177.3703,2.4156,44.1446,-28.6748
2026-09-21,15:29,IFCI,70.5758,4.1135,55.203,39.3843
2026-09-21,15:29,IGARASHI,336.7542,2.8497,45.8902,-15.3532
2026-09-21,15:29,IGPL,1507.022,2.4878,39.0687,37.962
2026-09-21,15:29,IIFL,615.8324,2.3955,40.2981,45.0101
2026-09-21,15:29,IIFLCAPS,119.3834,0.9891,40.0946,25.7852
2026-09-21,15:29,IITL,113.7399,3.5048,49.3263,-24.651
2026-09-21,15:29,IKIO,395.6087,4.1082,51.5531,0.3556
2026-09-21,15:29,IKS,882.5074,2.0895,34.1189,19.8763
2026-09-21,15:29,IL&FSENGG,99.3518,2.9172,46.784,38.6948
2026-09-21,15:29,IMPAL,160.0044,2.1983,26.9339,2.1188
2026-09-21,15:29,INDGN,751.9606,1.7195,27.5747,3.5714
2026-09-21,15:29,INDHOTEL,279.6982,1.3956,24.8112,4.9591
2026-09-21,15:29,INDIAGLYCO,406.0897,2.9205,41.628,52.9356
2026-09-21,15:29,INDIGO,73.1793,2.0204,33.6552,-11.1491
2026-09-21,15:29,INDIGOPNTS,976.1535,2.0199,35.5154,3.6585
2026-09-21,15:29,INDNIPPON,2865.8224,3.159,46.4458,32.3573
2026-09-21,15:29,INDOAMIN,120.6238,2.4786,38.3524,-2.7804
2026-09-21,15:29,INDOBORAX,1368.5373,4.2321,50.4154,99.5483
2026-09-21,15:29,INDOCO,342.1498,3.8499,50.8875,-9.8705
2026-09-21,15:29,INDORAMA,421.7801,4.4453,59.8057,94.3279
2026-09-21,15:29,INDOTECH,12028.2684,2.8728,60.236,94.2149
2026-09-21,15:29,INDSWFTLAB,1509.1306,3.9653,56.772,279.6658
2026-09-21,15:29,INDUSINDBK,185.7421,1.6741,28.8535,34.1284
2026-09-21,15:29,INGERRAND,2993.578,2.4219,31.4158,4.9632
2026-09-21,15:29,INNOVACAP,3221.4926,2.2292,34.9342,41.8023
2026-09-21,15:29,INOXINDIA,5704.357,3.3787,42.2831,76.4527
2026-09-21,15:29,IOLCP,794.8766,3.8551,54.4028,95.35
2026-09-21,15:29,IONEXCHANG,273.8066,2.972,41.1642,6.3346
2026-09-21,15:29,IPCALAB,3242.2675,1.8056,31.1098,46.4557
2026-09-21,15:29,IRIS,60.2809,2.8624,43.5048,-24.5015
2026-09-21,15:29,IRISDOREME,180.5325,2.1861,39.8573,103.1025
2026-09-21,15:29,IRMENERGY,161.8033,2.1628,52.8291,-23.3752
2026-09-21,15:29,ITDC,738.0067,3.761,58.7094,11.7597
2026-09-21,15:29,IVP,506.3098,3.0287,44.9578,41.5122
2026-09-21,15:29,IZMO,743.898,3.0645,61.5864,-31.0373
2026-09-21,15:29,J&KBANK,274.1788,2.9153,40.6575,46.6097
2026-09-21,15:29,JAGSNPHARM,324.0407,1.8396,33.0912,5.5176
2026-09-21,15:29,JASH,1123.4448,2.9085,40.2431,14.7668
2026-09-21,15:29,JAYAGROGN,320.9399,2.8828,42.1787,-0.0553
2026-09-21,15:29,JAYKAY,170.9818,4.2057,1.7e+308,1.7e+308
2026-09-21,15:29,JAYNECOIND,96.2509,2.7423,49.818,32.9849
2026-09-21,15:29,JBMA,75.6613,2.1027,44.0411,-13.6953
2026-09-21,15:29,JGCHEM,1485.9362,3.2062,46.9564,50.9158
2026-09-21,15:29,JINDALPOLY,1764.7041,2.7045,47.3963,30.9724
2026-09-21,15:29,JINDALSAW,637.9726,2.692,47.1662,42.0366
2026-09-21,15:29,JINDRILL,639.3991,3.2473,51.3378,-4.8758
2026-09-21,15:29,JINDWORLD,142.1438,4.834,63.2353,38.6307
2026-09-21,15:29,JKIPL,206.5799,2.5584,1.7e+308,1.7e+308
2026-09-21,15:29,JKPAPER,532.1089,1.9701,35.5496,14.1739
2026-09-21,15:29,JLHL,170.6097,1.399,23.6395,-8.7824
2026-09-21,15:29,JNKINDIA,1039.5351,3.9332,56.2334,45.4998
2026-09-21,15:29,JSFB,887.7786,2.6545,41.7297,14.6526
2026-09-21,15:29,JSWDULUX,1293.6829,1.7643,28.7973,-5.8159
2026-09-21,15:29,JSWENERGY,262.3334,1.7916,30.1244,-0.596
2026-09-21,15:29,JSWINFRA,571.49,2.2633,32.6502,8.3527
2026-09-21,15:29,JSWSTEEL,226.9834,1.2026,23.8932,12.1861
2026-09-21,15:29,JTLIND,143.5702,2.8574,60.5621,25.363
2026-09-21,15:29,JUBLCPL,1333.9927,3.3764,51.3936,-11.0578
2026-09-21,15:29,JUBLPHARMA,844.9866,1.7703,29.6519,0.6089
2026-09-21,15:29,JUNIORBEES,256.8758,0.8436,16.1342,8.2647
2026-09-21,15:29,JUSTDIAL,244.0386,3.1494,39.3638,-16.5556
2026-09-21,15:29,JYOTICNC,1775.2471,2.9284,45.7716,28.1834
2026-09-21,15:29,KABRAEXTRU,2691.7396,3.9644,57.0805,158.2999
2026-09-21,15:29,KAJARIACER,1615.8624,1.5398,28.8372,1.4964
2026-09-21,15:29,KALYANIFRG,1680.9807,3.8016,51.1574,42.1982
2026-09-21,15:29,KALYANKJIL,1013.6739,3.5172,47.4829,27.5779
2026-09-21,15:29,KAMATHOTEL,297.5593,2.7927,47.0818,-21.3047
2026-09-21,15:29,KAMDHENU,128.624,2.5003,43.0188,60.9701
2026-09-21,15:29,KANORICHEM,633.3213,3.0466,43.9495,123.9179
2026-09-21,15:29,KANPRPLA,301.4664,3.2561,56.7402,21.4953
2026-09-21,15:29,KAPSTON,1951.5627,2.9524,41.768,247.974
2026-09-21,15:29,KARURVYSYA,62.9476,2.187,36.7072,58.6024
2026-09-21,15:29,KAYA,98.2976,3.4056,50.449,-28.8675
2026-09-21,15:29,KDDL,10590.0862,3.2317,44.1115,50.3998
2026-09-21,15:29,KECL,121.554,2.8562,47.1097,2.2623
2026-09-21,15:29,KEI,181.0919,2.3533,35.1528,13.5011
2026-09-21,15:29,KENNAMET,10027.8964,3.107,38.4959,99.83
2026-09-21,15:29,KERNEX,3796.7029,4.3444,62.9801,64.1335
2026-09-21,15:29,KHAITANLTD,310.3969,3.352,53.6859,14.9827
2026-09-21,15:29,KICL,335.5146,1.7596,32.9921,0.7402
2026-09-21,15:29,KILITCH,232.8132,2.8964,45.2569,17.9487
2026-09-21,15:29,KIMS,630.4063,1.9021,31.4127,8.5524
2026-09-21,15:29,KINGFA,10900.7939,2.1002,37.2529,39.475
2026-09-21,15:29,KIRIINDUS,494.5885,2.7029,50.6477,-4.9682
2026-09-21,15:29,KIRLOSBROS,1193.2143,2.1124,37.8878,-8.0442
2026-09-21,15:29,KIRLOSENG,4666.8061,3.3609,47.032,132.9982
2026-09-21,15:29,KIRLOSIND,3602.5883,3.07,42.1301,-6.4633
2026-09-21,15:29,KIRLPNU,893.6705,2.6804,36.1076,18.4728
2026-09-21,15:29,KMEW,7324.2503,3.8113,62.2276,131.0514
2026-09-21,15:29,KNAGRI,253.8991,2.7707,1.7e+308,1.7e+308
2026-09-21,15:29,KOLTEPATIL,364.352,2.3721,34.2123,0.2469
2026-09-21,15:29,KOPRAN,922.9425,3.2877,50.7834,62.9225
2026-09-21,15:29,KOTAKNIFTY,163.0436,0.6498,9.3393,29.8333
2026-09-21,15:29,KOTHARIPET,109.0886,2.6455,40.0454,-4.7536
2026-09-21,15:29,KOVAI,21507.623,1.5558,116.2021,224.3144
2026-09-21,15:29,KPIL,2122.234,1.7246,29.6579,15.9349
2026-09-21,15:29,KPRMILL,1170.8882,2.6007,41.7924,4.5196
2026-09-21,15:29,KRBL,180.1604,2.3579,41.0992,12.0405
2026-09-21,15:29,KRISHANA,495.5187,3.0252,45.814,71.9295
2026-09-21,15:29,KRISHIVAL,598.4676,1.9014,36.7457,-9.5228
2026-09-21,15:29,KRISHNADEF,274.1165,3.17,1.7e+308,1.7e+308
2026-09-21,15:29,KRN,4349.2779,3.073,48.5862,70.4778
2026-09-21,15:29,KRONOX,336.6922,3.9173,50.335,8.9827
2026-09-21,15:29,KROSS,251.7285,3.0485,50.4987,29.2534
2026-09-21,15:29,KRYSTAL,160.9351,1.9566,40.9582,5.9712
2026-09-21,15:29,KSB,576.4511,1.9589,31.0155,-2.0802
2026-09-21,15:29,KSHINTL,4162.6058,3.6992,1.7e+308,1.7e+308
2026-09-21,15:29,KSL,1246.8591,2.3524,36.597,20.9593
2026-09-21,15:29,KSR,60.2809,3.5391,1.7e+308,1.7e+308
2026-09-21,15:29,KTKBANK,693.5401,1.9199,34.2372,83.8936
2026-09-21,15:29,LALPATHLAB,3235.4465,2.2106,29.9185,20.2316
2026-09-21,15:29,LANDMARK,485.9061,3.0904,46.6178,-16.6708
2026-09-21,15:29,LAURUSLABS,6244.5289,1.7793,29.9286,142.4006
2026-09-21,15:29,LAXMIINDIA,139.9732,3.3858,58.4121,-16.1459
2026-09-21,15:29,LENSKART,1126.5452,1.5408,1.7e+308,1.7e+308
2026-09-21,15:29,LGEINDIA,899.8726,1.7714,1.7e+308,1.7e+308
2026-09-21,15:29,LICHSGFIN,374.2748,1.696,25.6397,0.5399
2026-09-21,15:29,LIKHITHA,321.8702,2.6956,51.6856,-6.8241
2026-09-21,15:29,LIQGRWBEES,176.0053,0.0112,0.1896,4.6276
2026-09-21,15:29,LIQUID1,199.386,0.0122,0.2014,4.9411
2026-09-21,15:29,LIQUIDADD,199.3239,0.0118,0.1984,4.8353
2026-09-21,15:29,LIQUIDBETF,188.0371,0.0123,0.2095,4.7436
2026-09-21,15:29,LIQUIDPLUS,194.5492,0.0123,0.2047,4.9108
2026-09-21,15:29,LIQUIDSHRI,186.9825,0.0112,0.1941,4.6464
2026-09-21,15:29,LLOYDSENGG,198.1455,3.3169,49.6873,44.0115
2026-09-21,15:29,LLOYDSENT,94.3904,2.5655,51.8016,11.5525
2026-09-21,15:29,LLOYDSME,3933.1411,1.8701,36.5682,46.4366
2026-09-21,15:29,LMW,13246.9097,1.9304,32.4523,18.5091
2026-09-21,15:29,LODHA,399.392,2.5588,38.0139,-0.2717
2026-09-21,15:29,LOKESHMACH,983.7814,2.7803,51.1293,75.343
2026-09-21,15:29,LOTUSDEV,435.734,2.646,44.2935,10.7541
2026-09-21,15:29,LTF,140.7793,2.1552,34.8876,30.2637
2026-09-21,15:29,LUMAXTECH,2756.052,2.9742,54.549,59.3223
2026-09-21,15:29,LUXIND,1319.7299,2.334,46.9995,-8.81
2026-09-21,15:29,LXCHEM,191.5096,2.9759,44.3165,-14.8024
2026-09-21,15:29,LYKALABS,98.8557,2.6584,44.7724,-10.3848
2026-09-21,15:29,MACPOWER,6548.414,4.0341,54.9323,134.1677
2026-09-21,15:29,MAFANG,539.427,1.8568,25.304,43.8808
2026-09-21,15:29,MAGADSUGAR,371.484,2.5064,35.8629,-10.2955
2026-09-21,15:29,MAHABANK,103.9411,2.0352,35.9149,52.2504
2026-09-21,15:29,MAHASTEEL,2525.9677,3.0625,46.9522,173.9756
2026-09-21,15:29,MAHESHWARI,178.9201,1.8632,39.5547,24.8483
2026-09-21,15:29,MAHSCOOTER,837.2345,1.9062,31.8019,-22.1007
2026-09-21,15:29,MAHSEAMLES,1058.9465,1.7472,26.1851,18.4568
2026-09-21,15:29,MANAKCOAT,100.9023,2.4885,46.03,2.5876
2026-09-21,15:29,MANAKSTEEL,291.3576,3.033,55.4146,82.7988
2026-09-21,15:29,MANALIPETC,171.8501,3.2917,46.0529,34.3508
2026-09-21,15:29,MANAPPURAM,77.2117,2.1348,34.0471,13.7956
2026-09-21,15:29,MANBA,78.3899,1.8685,28.4435,0.6404
2026-09-21,15:29,MANCREDIT,403.547,2.9516,36.5381,21.7205
2026-09-21,15:29,MANGLMCEM,1439.733,1.9855,31.6109,36.4908
2026-09-21,15:29,MANINDS,2701.4766,3.2472,57.4408,107.9202
2026-09-21,15:29,MANINFRA,74.3588,2.45,39.3703,-17.3353
2026-09-21,15:29,MANKIND,2339.9156,1.682,25.9879,-1.8164
2026-09-21,15:29,MANORAMA,3179.6301,2.9355,44.6565,36.8781
2026-09-21,15:29,MANORG,336.4442,3.5415,51.7612,-12.5318
2026-09-21,15:29,MANYAVAR,504.8215,2.3694,35.2146,-23.7642
2026-09-21,15:29,MARALOVER,67.971,3.5098,50.999,22.2222
2026-09-21,15:29,MARICO,398.4616,1.1725,18.3261,18.0497
2026-09-21,15:29,MARINE,1445.5627,3.4952,52.4374,95.7258
2026-09-21,15:29,MARKOLINES,68.5291,1.9251,1.7e+308,1.7e+308
2026-09-21,15:29,MARKSANS,969.6416,3.2192,42.9631,105.682
2026-09-21,15:29,MASPTOP50,263.3878,2.9163,32.5836,65.8126
2026-09-21,15:29,MATRIMONY,203.1069,2.3559,34.676,5.9855
2026-09-21,15:29,MAWANASUG,284.5357,3.1253,41.9119,42.5082
2026-09-21,15:29,MAXESTATES,1182.6713,2.748,40.9737,30.0631
2026-09-21,15:29,MAXHEALTH,80.6226,1.7584,26.5167,-5.0561
2026-09-21,15:29,MAYURUNIQ,1173.0587,2.8319,37.9134,47.4485
2026-09-21,15:29,MAZDA,194.6104,3.2212,45.6213,-3.4968
2026-09-21,15:29,MBAPL,420.5398,2.7247,38.6322,96.6724
2026-09-21,15:29,MBECL,2576.5736,670.5391,6700.9711,8249.7027
2026-09-21,15:29,MCX,5385.5876,2.2926,39.3118,102.5756
2026-09-21,15:29,MEDANTA,2288.4409,1.7809,29.9511,16.0345
2026-09-21,15:29,MEESHO,411.1751,2.8572,1.7e+308,1.7e+308
2026-09-21,15:29,MEGASTAR,284.9699,2.668,45.093,31.0864
2026-09-21,15:29,MENONBE,1159.2907,3.5355,46.1969,138.615
2026-09-21,15:29,METROPOLIS,660.175,2.0651,29.9765,17.8199
2026-09-21,15:29,MID150BEES,63.2577,0.7714,16.0171,9.2728
2026-09-21,15:29,MIDCAPBETA,59.1645,0.8425,18.1784,9.2458
2026-09-21,15:29,MIDHANI,357.2199,3.0334,45.6789,8.9974
2026-09-21,15:29,MINDACORP,506.0616,1.8759,32.5271,18.9568
2026-09-21,15:29,MITCON,125.5852,2.351,43.6223,20.0541
2026-09-21,15:29,MMFL,916.9266,2.476,43.2452,98.5582
2026-09-21,15:29,MMP,1387.3286,3.1097,43.8327,70.9429
2026-09-21,15:29,MODEFENCE,98.0494,1.3673,25.5574,18.2661
2026-09-21,15:29,MODIS,89.9252,2.1916,1.7e+308,1.7e+308
2026-09-21,15:29,MODISONLTD,1923.9647,4.5293,57.2396,186.0636
2026-09-21,15:29,MOHEALTH,60.777,0.866,14.088,21.391
2026-09-21,15:29,MOLDTECH,342.77,3.5354,51.2717,13.8286
2026-09-21,15:29,MOLDTKPAC,551.3342,2.392,39.1357,-12.3667
2026-09-21,15:29,MON100,620.1736,1.3944,23.2628,53.9365
2026-09-21,15:29,MONARCH,397.8416,2.0296,33.7648,12.0161
2026-09-21,15:29,MONQ50,1346.7692,5.0315,53.6607,243.3399
2026-09-21,15:29,MOREPENLAB,519.7055,4.3336,55.9492,150.3581
2026-09-21,15:29,MOSCHIP,100.1581,2.8803,55.0274,-14.0563
2026-09-21,15:29,MOTHERSON,196.285,1.9837,34.573,54.1832
2026-09-21,15:29,MOTILALOFS,1305.1556,2.1867,39.8291,9.2506
2026-09-21,15:29,MPSLTD,6970.7521,3.2653,45.5994,19.2618
2026-09-21,15:29,MSTCLTD,1565.6283,3.787,48.4564,50.9358
2026-09-21,15:29,MTARTECH,21265.7552,4.5748,61.7148,273.3635
2026-09-21,15:29,MUFIN,97.2432,1.5518,37.8021,53.1341
2026-09-21,15:29,MUNJALAU,127.8178,3.5794,49.0213,2.0268
2026-09-21,15:29,MVGJL,258.9225,3.3887,43.138,12.3501
2026-09-21,15:29,MWL,95.7548,2.1277,1.7e+308,87.82
2026-09-21,15:29,NAHARCAP,68.6533,1.545,30.7899,-8.8723
2026-09-21,15:29,NAHARINDUS,152.6867,2.8042,40.7596,15.2735
2026-09-21,15:29,NAHARSPING,472.3863,2.3112,38.838,34.6709
2026-09-21,15:29,NAM-INDIA,1453.0665,2.0522,38.6599,33.9759
2026-09-21,15:29,NAUKRI,963.13,2.1974,30.7814,-1.5043
2026-09-21,15:29,NAVINFLUOR,13535.2904,2.2121,36.7581,85.5703
2026-09-21,15:29,NAVINIFTY,435.4239,1.9962,28.9111,43.3632
2026-09-21,15:29,NAZARA,546.6831,2.2394,39.2954,31.1607
2026-09-21,15:29,NDGL,328.692,2.3468,40.1293,-33.6879
2026-09-21,15:29,NDLVENTURE,141.0275,1.9977,41.52,50.1144
2026-09-21,15:29,NELCO,2160.9949,3.2899,46.7768,14.8588
2026-09-21,15:29,NEOGEN,6656.9444,2.848,50.0216,55.3318
2026-09-21,15:29,NEPHROPLUS,1109.4905,2.598,1.7e+308,1.7e+308
2026-09-21,15:29,NESTLEIND,635.058,1.2512,20.7433,19.1295
2026-09-21,15:29,NETWEB,10051.1544,3.6542,59.1447,27.6722
2026-09-21,15:29,NEULANDLAB,59251.3927,2.2077,39.6945,61.8932
2026-09-21,15:29,NEWGEN,89.9252,3.3374,53.0337,-44.3957
2026-09-21,15:29,NEXT50,238.3948,0.8674,16.8443,8.1923
2026-09-21,15:29,NGIL,74.3588,2.9318,54.5974,30.3279
2026-09-21,15:29,NGLFINE,2816.83,4.0262,57.1932,96.7303
2026-09-21,15:29,NH,478.1538,1.7709,30.5918,9.9652
2026-09-21,15:29,NIACL,223.7587,3.6227,47.7231,-0.7079
2026-09-21,15:29,NIBE,2420.5378,3.4755,52.554,-0.5657
2026-09-21,15:29,NIFTY100EQLWGT,1883.1477,0.7478,14.9174,4.1247
2026-09-21,15:29,NIFTY200ALPHA30,5715.8331,0.9881,19.0073,9.0524
2026-09-21,15:29,NIFTY500MOMENTM50,13362.8773,0.9947,18.6024,7.8329
2026-09-21,15:29,NIFTY500MULTICAP,1519.7404,0.7223,14.5214,3.179
2026-09-21,15:29,NIFTY50ADD,129.3682,0.4992,11.6205,6.7296
2026-09-21,15:29,NIFTY50PR1XINV,135.1979,0.685,13.2136,8.813
2026-09-21,15:29,NIFTY50TR1XINV,101.7085,0.686,13.2362,7.7237
2026-09-21,15:29,NIFTYALPHA50,34333.4202,1.0066,19.1593,13.1961
2026-09-21,15:29,NIFTYCAPITALMKT,2899.6238,1.1668,24.5587,26.1727
2026-09-21,15:29,NIFTYCHEMICALS,5458.1461,0.9911,1.7e+308,1.7e+308
2026-09-21,15:29,NIFTYCONSURDURBL,3652.8229,1.1079,20.297,1.8518
2026-09-21,15:29,NIFTYEES,23597.5477,1.6253,39.3689,55.5137
2026-09-21,15:29,NIFTYGS10YR,210.797,0.2,3.3582,2.0426
2026-09-21,15:29,NIFTYGS1115YR,615.9554,0.2182,3.838,4.0769
2026-09-21,15:29,NIFTYGS15YRPLUS,569.6922,0.3092,5.2381,2.409
2026-09-21,15:29,NIFTYGS48YR,456.509,0.1675,2.5814,4.2502
2026-09-21,15:29,NIFTYGS813YR,321.1246,0.1882,3.1692,3.1016
2026-09-21,15:29,NIFTYGSCOMPSITE,428.044,0.1966,3.3325,3.3006
2026-09-21,15:29,NIFTYHEALTHCARE,14963.8641,0.7437,13.5251,18.6595
2026-09-21,15:29,NIFTYINDDEFENCE,8838.4075,1.3558,24.7701,18.4546
2026-09-21,15:29,NIFTYINDDIGITAL,685.9157,1.0101,17.4788,-1.6883
2026-09-21,15:29,NIFTYINDIAMFG,2321.3149,0.7703,15.467,8.1761
2026-09-21,15:29,NIFTYM150MOMNTM50,7631.237,0.9462,18.1922,7.2789
2026-09-21,15:29,NIFTYM150QLTY50,2289.9913,0.7706,15.5512,-0.3229
2026-09-21,15:29,NIFTYMEDIA,577.6912,1.385,22.0356,-1.2377
2026-09-21,15:29,NIFTYMETAL,6821.2927,1.1595,22.4496,31.1931
2026-09-21,15:29,NIFTYMICROCAP250,27507.1855,0.9975,19.7646,13.6955
2026-09-21,15:29,NIFTYMIDCAP150,5782.8167,0.7981,16.0842,8.8185
2026-09-21,15:29,NIFTYMIDCAP50,5700.6437,0.7922,16.349,12.4344
2026-09-21,15:29,NIFTYMIDLIQ15,7727.9878,0.97,18.7722,14.6602
2026-09-21,15:29,NIFTYMIDSELECT,5432.1036,0.8646,17.7248,15.4489
2026-09-21,15:29,NIFTYMIDSMALLCAP400,9238.4074,0.8062,16.1957,8.9952
2026-09-21,15:29,NIFTYMIDSMLHLTH,67419.3949,0.8137,14.392,23.0612
2026-09-21,15:29,NIFTYMS400MQ100,25058.4322,0.8464,17.2797,8.7981
2026-09-21,15:29,NIFTYMULTIINFRA,327.4505,0.7644,15.4266,2.8702
2026-09-21,15:29,NIFTYMULTIMFG,4726.3472,0.714,15.3102,7.5645
2026-09-21,15:29,NIFTYSMALLCAP250,14206.6345,0.8797,17.1032,9.5663
2026-09-21,15:29,NIFTYSMALLCAP50,10106.3538,0.9226,18.2354,17.9417
2026-09-21,15:29,NIFTYSML250MQ100,42187.944,0.9191,17.9328,9.8893
2026-09-21,15:29,NIITLTD,91.8477,4.0943,53.2214,-14.1611
2026-09-21,15:29,NILKAMAL,2847.8372,2.8276,35.743,21.8609
2026-09-21,15:29,NINSYS,2337.7447,1.8855,44.0582,63.1399
2026-09-21,15:29,NITINSPIN,1709.5087,2.4688,38.615,85.0629
2026-09-21,15:29,NITIRAJ,277.8378,2.8371,42.412,12.5574
2026-09-21,15:29,NOCIL,268.3492,3.0541,41.5594,9.9514
2026-09-21,15:29,NORTHARC,416.1365,2.5679,39.4333,21.669
2026-09-21,15:29,NOVARTIND,7963.03,4.1452,66.5934,233.4609
2026-09-21,15:29,NPST,3840.7351,3.4745,58.6372,-6.4115
2026-09-21,15:29,NRAIL,1082.8235,3.1866,53.5204,62.8961
2026-09-21,15:29,NRBBEARING,1525.6272,2.9365,42.1173,88.8849
2026-09-21,15:29,NRL,595.1807,2.5316,36.0008,108.2436
2026-09-21,15:29,NURECA,355.6695,3.24,53.9118,48.3752
2026-09-21,15:29,NUVAMA,2402.553,2.3976,36.4831,37.9477
2026-09-21,15:29,NYKAA,403.4229,1.6776,28.2038,45.6942
2026-09-21,15:29,OAL,1555.0853,3.5312,48.5796,63.2753
2026-09-21,15:29,OBEROIRLTY,1695.555,1.7644,27.76,15.4212
2026-09-21,15:29,OCCLLTD,384.6937,3.7541,53.1252,19.7019
2026-09-21,15:29,OFSS,26493.8193,2.1478,34.5702,28.1386
2026-09-21,15:29,OIL,143.2602,2.0291,30.8711,16.5996
2026-09-21,15:29,OILCOUNTUB,108.0963,2.2825,58.0283,-2.2947
2026-09-21,15:29,OLECTRA,1146.7013,2.3055,43.2811,-22.3867
2026-09-21,15:29,OMAXAUTO,473.1305,4.585,62.0474,34.2709
2026-09-21,15:29,OMAXE,216.6267,4.0614,55.5002,37.5981
2026-09-21,15:29,ONELIFECAP,116.6547,3.0407,51.471,159.3912
2026-09-21,15:29,ONEPOINT,76.2814,2.0611,37.9746,36.8985
2026-09-21,15:29,ONESOURCE,2567.519,1.7427,41.9795,-10.6492
2026-09-21,15:29,OPTIEMUS,1103.2889,2.9286,49.355,-10.0289
2026-09-21,15:29,ORBTEXP,284.5977,4.1956,58.5597,27.2224
2026-09-21,15:29,ORCHPHARMA,2588.2951,3.142,44.6395,49.948
2026-09-21,15:29,ORIENTBELL,604.3591,2.7235,50.1797,32.2385
2026-09-21,15:29,ORIENTHOT,257.062,3.6371,46.8475,9.029
2026-09-21,15:29,ORIENTLTD,110.0188,3.5236,46.3678,-4.3811
2026-09-21,15:29,ORKLAINDIA,204.6573,1.4245,1.7e+308,1.7e+308
2026-09-21,15:29,PAGEIND,15008.2029,1.6967,24.3318,-12.8274
2026-09-21,15:29,PAISALO,362.6155,2.9116,44.8637,145.0515
2026-09-21,15:29,PANACEABIO,161.8654,3.777,55.7285,-7.0431
2026-09-21,15:29,PANACHE,1218.0211,2.7317,49.2702,29.0515
2026-09-21,15:29,PANAMAPET,1138.3287,4.1376,50.3607,70.2741
2026-09-21,15:29,PAR,219.2934,4.4914,56.0407,27.0997
2026-09-21,15:29,PARACABLES,157.09,4.2045,59.5186,36.8999
2026-09-21,15:29,PARADEEP,204.5333,2.3968,43.9183,-14.6451
2026-09-21,15:29,PARAGMILK,312.8776,2.5668,48.1382,1.0123
2026-09-21,15:29,PARAS,4756.112,3.9262,51.4632,102.4324
2026-09-21,15:29,PARKHOSPS,677.0437,2.4936,1.7e+308,1.7e+308
2026-09-21,15:29,PASUPTAC,108.0962,2.8886,53.9267,57.0388
2026-09-21,15:29,PATELRMART,65.4903,2.6448,47.1318,-8.6414
2026-09-21,15:29,PAUSHAKLTD,1265.4643,3.1895,1.7e+308,1.7e+308
2026-09-21,15:29,PAYTM,4240.1271,2.6852,39.6014,60.8603
2026-09-21,15:29,PCBL,267.6049,2.8723,47.0991,-8.1856
2026-09-21,15:29,PDMJEPAPER,93.4602,2.3898,36.9367,-16.542
2026-09-21,15:29,PDSL,183.8815,2.2217,42.0215,9.1624
2026-09-21,15:29,PFOCUS,563.4278,3.232,55.4258,92.2741
2026-09-21,15:29,PGHL,3190.7935,1.8459,24.4816,-12.4831
2026-09-21,15:29,PGIL,2141.77,2.8583,50.7193,77.8055
2026-09-21,15:29,PHOENIXLTD,1200.0361,1.6409,26.4533,25.2272
2026-09-21,15:29,PIDILITIND,582.3425,1.3683,22.1302,6.6721
2026-09-21,15:29,PIRAMALFIN,2798.8433,1.854,1.7e+308,1.7e+308
2026-09-21,15:29,PITTIENG,1424.539,2.2154,39.9884,12.3113
2026-09-21,15:29,PIXTRANS,1959.128,2.6691,32.2639,20.363
2026-09-21,15:29,PKTEA,1098.3278,4.0832,55.1252,11.641
2026-09-21,15:29,PLASTIBLEN,192.874,2.1923,35.0517,0.0701
2026-09-21,15:29,PLAZACABLE,134.2676,3.6719,51.2701,12.1003
2026-09-21,15:29,PNBHOUSING,1891.8397,1.6661,32.2913,32.0565
2026-09-21,15:29,PNGJL,214.5799,2.3222,34.4552,1.1093
2026-09-21,15:29,PODDARMENT,213.4017,2.9792,40.2888,1.4205
2026-09-21,15:29,POLICYBZR,1669.5072,2.0225,33.8674,6.9107
2026-09-21,15:29,POLYCAB,4849.7581,1.8088,30.675,14.2984
2026-09-21,15:29,POLYMED,2586.1242,2.5521,42.6894,-12.9268
2026-09-21,15:29,POLYPLEX,1631.9868,2.3185,33.4041,5.3548
2026-09-21,15:29,PONNIERODE,550.4041,2.6633,36.226,23.7463
2026-09-21,15:29,POWERINDIA,58618.8156,2.7177,44.8832,66.7801
2026-09-21,15:29,POWERMECH,2154.4827,2.1114,38.7759,-8.9378
2026-09-21,15:29,PPAP,211.5412,4.3248,57.8164,3.7437
2026-09-21,15:29,PPL,364.6002,3.0066,44.8983,-11.4767
2026-09-21,15:29,PPLPHARMA,302.0866,2.3621,34.7951,14.3451
2026-09-21,15:29,PRABHA,448.5716,2.8913,46.0275,6.5321
2026-09-21,15:29,PRECOT,1226.0832,3.4129,61.577,57.8965
2026-09-21,15:29,PRECWIRE,1315.5744,3.8373,60.613,161.4383
2026-09-21,15:29,PREMEXPLN,1290.5816,3.4234,54.2795,14.6752
2026-09-21,15:29,PREMIERENE,996.6192,1.8018,35.0032,-10.546
2026-09-21,15:29,PREMIERPOL,168.8733,3.6437,58.1489,73.599
2026-09-21,15:29,PRICOLLTD,763.1236,2.4114,39.0394,40.0926
2026-09-21,15:29,PRIVISCL,4884.4885,1.7876,34.6021,49.2318
2026-09-21,15:29,PRUDENT,4944.0242,2.3607,37.8686,34.2369
2026-09-21,15:29,PSPPROJECT,212.4095,2.8054,45.9423,6.0516
2026-09-21,15:29,PTCIL,24286.001,2.7381,37.0319,46.2391
2026-09-21,15:29,PVP,204.9674,4.1934,64.3737,102.5382
2026-09-21,15:29,PVRINOX,1836.6445,1.996,31.0616,21.7231
2026-09-21,15:29,PWL,170.1136,3.2771,1.7e+308,1.7e+308
2026-09-21,15:29,QPOWER,4219.3518,3.2308,56.0407,46.6673
2026-09-21,15:29,QUADFUTURE,1508.2624,4.0976,61.5854,33.6825
2026-09-21,15:29,QUESS,979.7504,2.7056,37.3183,43.6313
2026-09-21,15:29,RACLGEAR,3195.7545,3.0813,57.8644,54.4906
2026-09-21,15:29,RADICO,10484.6567,1.5146,33.0347,55.4045
2026-09-21,15:29,RAIN,370.9259,3.6852,54.3604,63.4291
2026-09-21,15:29,RAINBOW,1572.1403,1.2673,22.3207,5.713
2026-09-21,15:29,RAMCOIND,89.9252,2.7912,42.1712,-8.7309
2026-09-21,15:29,RAMCOSYS,251.7907,4.8862,64.8738,13.7271
2026-09-21,15:29,RAMRAT,1476.3234,2.9788,42.7195,71.1148
2026-09-21,15:29,RANEHOLDIN,764.0544,2.8788,41.577,-2.4045
2026-09-21,15:29,RATEGAIN,1826.1015,2.6592,43.8729,29.6444
2026-09-21,15:29,RATNAMANI,3261.4927,2.8327,45.6727,15.0427
2026-09-21,15:29,RATNAVEER,1163.5698,3.6785,51.6761,104.6428
2026-09-21,15:29,RAYMOND,4258.7323,3.9703,50.1949,78.6955
2026-09-21,15:29,RAYMONDREL,888.3988,3.9128,57.2985,-4.4787
2026-09-21,15:29,RBA,192.936,3.0254,38.8588,20.2273
2026-09-21,15:29,RBLBANK,549.4739,1.868,30.8722,47.7511
2026-09-21,15:29,RBZJEWEL,121.244,3.6929,51.2364,28.8254
2026-09-21,15:29,REDINGTON,801.8845,2.6188,50.5145,48.0384
2026-09-21,15:29,REFEX,377.3137,2.6759,53.2452,-21.3519
2026-09-21,15:29,REGAAL,147.1672,3.0284,53.6024,-6.9788
2026-09-21,15:29,RGL,279.7603,3.4604,57.0527,42.0095
2026-09-21,15:29,RISHABH,1929.9804,3.3243,51.5224,88.1887
2026-09-21,15:29,RITCO,319.8856,2.8228,42.4321,7.4242
2026-09-21,15:29,RKFORGE,900.4922,2.1513,35.8207,34.4908
2026-09-21,15:29,RML,3170.9479,3.364,43.6823,64.4485
2026-09-21,15:29,ROLEXRINGS,213.0916,2.4457,44.2914,30.0889
2026-09-21,15:29,ROSSTECH,4000.4298,3.7943,61.5483,86.3752
2026-09-21,15:29,RPEL,5930.4104,3.5502,52.8032,161.1017
2026-09-21,15:29,RPGLIFE,4872.0842,2.825,37.3215,19.738
2026-09-21,15:29,RPSGVENT,780.7988,2.3312,47.9017,0.4227
2026-09-21,15:29,RPTECH,2767.8352,3.3759,44.1802,157.3783
2026-09-21,15:29,RRKABEL,6250.1098,2.8768,38.926,97.9562
2026-09-21,15:29,RSWM,423.3305,2.6716,41.7303,56.51
2026-09-21,15:29,RUBICON,5879.5564,3.3777,1.7e+308,1.7e+308
2026-09-21,15:29,RUBYMILLS,1591.6136,3.9903,53.5948,108.8359
2026-09-21,15:29,RVTH,362.4912,3.2015,48.2028,-39.0171
2026-09-21,15:29,S&SPOWER,144.1904,2.9871,54.8268,-16.9991
2026-09-21,15:29,SAATVIKGL,76.2815,2.298,1.7e+308,-2.0649
2026-09-21,15:29,SAHYADRI,685.54,3.0477,41.1429,43.2295
2026-09-21,15:29,SAIL,111.7553,2.3967,36.0865,35.3228
2026-09-21,15:29,SAILIFE,4298.734,1.97,34.1201,87.3253
2026-09-21,15:29,SAKAR,4413.7757,3.8473,54.2347,224.9509
2026-09-21,15:29,SALSTEEL,214.6421,3.3734,58.1915,195.7929
2026-09-21,15:29,SAMBHV,341.1576,2.907,45.8121,35.3665
2026-09-21,15:29,SANATHAN,326.2114,2.0965,33.2668,-4.02
2026-09-21,15:29,SANDESH,102.9494,2.644,33.2967,-10.6765
2026-09-21,15:29,SANDHAR,381.4068,2.8774,44.2081,30.4046
2026-09-21,15:29,SANGAMIND,708.8584,1.95,35.3077,33.0422
2026-09-21,15:29,SANGHVIMOV,912.8955,3.0957,51.2549,19.3685
2026-09-21,15:29,SANGINITA,366.0885,2.3921,47.9884,626.2526
2026-09-21,15:29,SANSERA,12701.7776,2.683,41.618,199.8604
2026-09-21,15:29,SANSTAR,144.0043,2.916,39.7622,18.2277
2026-09-21,15:29,SAPPHIRE,124.2208,3.181,45.8273,-20.8336
2026-09-21,15:29,SAREGAMA,900.1822,3.0751,41.8181,3.3775
2026-09-21,15:29,SARLAPOLY,115.8484,1.8046,38.8147,-0.6244
2026-09-21,15:29,SASKEN,2976.8336,4.2078,55.0081,22.995
2026-09-21,15:29,SATIN,414.214,2.5259,33.3925,52.4335
2026-09-21,15:29,SBC,116.4066,2.0329,26.042,127.8833
2026-09-21,15:29,SBCL,3914.8463,4.0251,55.2331,112.7766
2026-09-21,15:29,SBILIQETF,185.5562,0.0125,0.7362,4.8893
2026-09-21,15:29,SCHAEFFLER,2146.4217,1.5489,29.1434,3.1613
2026-09-21,15:29,SCHNEIDER,2626.4351,3.5398,48.9804,47.8396
2026-09-21,15:29,SCI,99.972,2.2467,46.1129,24.44
2026-09-21,15:29,SCPL,1958.5086,3.8834,56.2704,174.5576
2026-09-21,15:29,SEAMECLTD,2009.9835,2.4122,36.0614,87.91
2026-09-21,15:29,SECMARK,188.8429,3.4118,63.7122,18.4306
2026-09-21,15:29,SEMAC,61.5834,3.4408,54.832,-42.1181
2026-09-21,15:29,SENORES,3792.672,2.9495,40.8651,107.111
2026-09-21,15:29,SETFNN50,261.5892,0.8603,16.246,8.4163
2026-09-21,15:29,SETL,1719.3694,3.7177,51.5574,131.5297
2026-09-21,15:29,SFL,373.9646,2.6182,39.5488,-3.5015
2026-09-21,15:29,SGFIN,1351.0484,2.4194,42.2496,78.3007
2026-09-21,15:29,SGIL,706.0676,2.5991,40.516,11.5962
2026-09-21,15:29,SGMART,1931.8412,2.745,1.7e+308,101.2398
2026-09-21,15:29,SHADOWFAX,917.981,3.2506,1.7e+308,1.7e+308
2026-09-21,15:29,SHAHALLOYS,127.9418,3.4375,52.6889,32.0908
2026-09-21,15:29,SHAILY,7822.8716,2.4376,51.7396,45.5619
2026-09-21,15:29,SHALPAINTS,118.2051,4.3808,61.4248,5.2245
2026-09-21,15:29,SHANKARA,288.3188,1.6267,46.0076,-32.5589
2026-09-21,15:29,SHANTIGEAR,1474.1527,3.3869,41.5759,30.8289
2026-09-21,15:29,SHANTIGOLD,253.341,2.794,45.9934,18.4858
2026-09-21,15:29,SHARDAMOTR,95.8169,1.9797,36.378,-8.4632
2026-09-21,15:29,SHAREINDIA,481.6269,3.2946,53.3091,77.3881
2026-09-21,15:29,SHEMAROO,73.2425,2.7194,45.0645,4.5714
2026-09-21,15:29,SHILCTECH,961.2692,3.0236,1.7e+308,1.7e+308
2026-09-21,15:29,SHILPAMED,4614.0925,3.0282,41.9631,177.4597
2026-09-21,15:29,SHIVALIK,738.9371,4.012,53.1502,-8.6653
2026-09-21,15:29,SHIVAUM,1064.2179,2.7364,1.7e+308,1.7e+308
2026-09-21,15:29,SHREEJISPG,1916.3366,2.3093,42.9745,188.0633
2026-09-21,15:29,SHREEPUSHK,922.5083,2.7755,53.3919,17.4082
2026-09-21,15:29,SHRIPISTON,8835.6155,1.9718,38.8228,69.8128
2026-09-21,15:29,SHYAMMETL,1352.2886,1.6662,28.5523,20.97
2026-09-21,15:29,SICAGEN,201.6805,3.7408,137.1129,229.4637
2026-09-21,15:29,SIEMENS,4778.4382,1.8257,30.985,25.5369
2026-09-21,15:29,SIGIND,129.1822,3.0359,45.6321,37.2357
2026-09-21,15:29,SIGMAADV,4481.6851,3.6319,57.3617,476.8181
2026-09-21,15:29,SIGNPOST,173.2764,3.3267,48.2875,1.9894
2026-09-21,15:29,SILVERTUC,208.7504,2.9508,52.6657,126.4337
2026-09-21,15:29,SIMPLEXINF,149.3378,3.1526,54.4624,-11.9579
2026-09-21,15:29,SIS,578.0017,1.9749,29.7013,21.8279
2026-09-21,15:29,SJS,3262.1143,2.1744,37.3935,60.4739
2026-09-21,15:29,SKFINDUS,2647.5208,2.2896,1.7e+308,1.7e+308
2026-09-21,15:29,SKIPPER,1156.9339,2.573,40.7699,9.5825
2026-09-21,15:29,SKMEGGPROD,304.7533,4.1304,57.1269,43.9208
2026-09-21,15:29,SKYGOLD,2617.1329,3.4242,48.8624,191.6514
2026-09-21,15:29,SMARTLINK,549.4119,3.4976,47.4243,42.0391
2026-09-21,15:29,SMARTWORKS,515.3644,2.0955,35.7195,-6.1659
2026-09-21,15:29,SMLMAH,11122.194,4.0389,59.7904,102.8749
2026-09-21,15:29,SMSPHARMA,802.1947,3.0007,51.2603,85.3544
2026-09-21,15:29,SOFTTECH,1306.0858,2.2301,43.6264,40.6018
2026-09-21,15:29,SOLARA,1573.0705,3.3577,46.239,22.42
2026-09-21,15:29,SOLARINDS,38587.2059,2.4578,35.5703,39.9462
2026-09-21,15:29,SOMANYCERA,1162.5156,2.2851,36.4064,30.3084
2026-09-21,15:29,SONACOMS,1657.7242,1.7949,31.6364,95.3451
2026-09-21,15:29,SONAMLTD,163.0437,3.2931,46.1549,56.7339
2026-09-21,15:29,SOTL,2279.4484,4.1339,48.7409,83.8407
2026-09-21,15:29,SPAL,1336.1639,3.6212,50.0626,37.0853
2026-09-21,15:29,SPARC,396.9112,3.8623,57.1198,48.8312
2026-09-21,15:29,SPECIALITY,242.5499,3.0598,46.8469,13.5289
2026-09-21,15:29,SPECTRUM,11338.6356,3.9194,56.875,132.2949
2026-09-21,15:29,SPLPETRO,1494.3082,2.1654,41.0167,-0.5172
2026-09-21,15:29,SPORTKING,608.2663,3.2842,47.7801,104.7812
2026-09-21,15:29,SREEL,432.0131,3.364,38.7162,20.0672
2026-09-21,15:29,SRHHYPOLTD,855.8397,2.8015,38.2722,8.2801
2026-09-21,15:29,SRM,179.8504,2.1662,45.5425,-22.8938
2026-09-21,15:29,SSWL,861.9173,2.9309,42.3566,57.5155
2026-09-21,15:29,STALLION,410.1209,4.0735,75.1159,14.5756
2026-09-21,15:29,STAR,2340.8452,2.292,38.4667,51.4531
2026-09-21,15:29,STARHEALTH,465.4405,1.461,24.0355,21.7674
2026-09-21,15:29,STARPAPER,88.2508,1.8715,27.6672,-5.5944
2026-09-21,15:29,STEELCAS,578.0019,2.4227,45.0416,50.9008
2026-09-21,15:29,STEL,1129.0261,2.7743,51.2398,49.1169
2026-09-21,15:29,STLNETWORK,147.9114,3.1142,1.7e+308,49.8007
2026-09-21,15:29,STLTECH,4080.6809,3.5324,62.7168,594.8929
2026-09-21,15:29,STOVEKRAFT,1882.8471,2.3241,43.8201,21.7749
2026-09-21,15:29,STYL,548.9777,2.9808,1.7e+308,1.7e+308
2026-09-21,15:29,STYLAMIND,6059.7176,2.593,36.2211,93.4088
2026-09-21,15:29,STYLEBAAZA,254.8914,3.2045,57.1325,9.5615
2026-09-21,15:29,STYRENIX,845.297,1.9123,31.0061,-12.2199
2026-09-21,15:29,SUBEXLTD,58.9165,3.8005,54.2571,63.553
2026-09-21,15:29,SUDARCOLOR,246.829,2.3316,39.6719,-32.0716
2026-09-21,15:29,SUDARSCHEM,2066.4188,2.7762,40.3523,-10.1243
2026-09-21,15:29,SUDEEPPHRM,2949.5458,3.1459,1.7e+308,1.7e+308
2026-09-21,15:29,SUMICHEM,294.5825,2.8086,36.1923,-15.1088
2026-09-21,15:29,SUNDRMBRAK,386.0581,3.1115,44.0034,-6.9427
2026-09-21,15:29,SUNDRMFAST,1744.8589,1.7611,26.7289,21.8119
2026-09-21,15:29,SUNDROP,228.8442,1.7386,28.5708,-11.6719
2026-09-21,15:29,SUNFLAG,668.2992,3.1572,43.3064,37.3492
2026-09-21,15:29,SUNPHARMA,1062.9778,1.0516,19.4081,17.7853
2026-09-21,15:29,SUPRAJIT,291.1716,1.7351,32.2065,-2.6718
2026-09-21,15:29,SUPRIYA,1716.951,3.7517,47.4656,36.4245
2026-09-21,15:29,SURAKSHA,396.6011,2.5354,34.2638,17.1477
2026-09-21,15:29,SURYODAY,105.9257,2.5654,42.9481,10.5727
2026-09-21,15:29,SUVEN,1155.8796,4.2827,59.0954,61.636
2026-09-21,15:29,SVLL,1608.1103,3.264,44.1016,7.8723
2026-09-21,15:29,SWANDEF,5328.5319,1.9985,1533.7571,370.1785
2026-09-21,15:29,SWELECTES,233.8052,2.2598,45.4953,-37.1701
2026-09-21,15:29,SYRMA,5212.5601,2.8053,45.0376,113.4023
2026-09-21,15:29,TAINWALCHM,248.9997,2.8573,53.3135,4.2302
2026-09-21,15:29,TALBROAUTO,1137.7085,2.6241,41.5737,57.5788
2026-09-21,15:29,TANLA,158.7645,2.4983,46.3339,-28.8331
2026-09-21,15:29,TARSONS,873.4525,4.0561,52.0724,11.0822
2026-09-21,15:29,TASTYBITE,13181.7914,2.5488,35.5449,9.5789
2026-09-21,15:29,TATACOMM,470.0912,2.0065,33.8845,7.3744
2026-09-21,15:29,TATAINVEST,312.2573,2.0269,45.4708,-21.4747
2026-09-21,15:29,TATATECH,785.4501,2.4915,33.2899,8.6318
2026-09-21,15:29,TATVA,3497.7795,3.3336,52.8873,74.2727
2026-09-21,15:29,TBOTEK,1143.6004,2.2676,40.0736,14.063
2026-09-21,15:29,TBZ,2955.2517,5.2688,64.1801,250.246
2026-09-21,15:29,TCPLPACK,6180.0307,3.4315,44.5695,17.1617
2026-09-21,15:29,TDPOWERSYS,2047.0071,4.0552,54.7875,160.7649
2026-09-21,15:29,TECHM,149.4617,1.8561,27.83,10.7125
2026-09-21,15:29,TEGA,3045.0527,2.6971,37.0358,9.6236
2026-09-21,15:29,TEJASNET,1167.1667,3.4295,58.3635,-12.2198
2026-09-21,15:29,TEXINFRA,112.3135,1.668,25.9331,17.1649
2026-09-21,15:29,TEXMOPIPES,68.7152,3.256,46.5339,7.9729
2026-09-21,15:29,TFCILTD,404.4773,2.5774,49.9504,92.9201
2026-09-21,15:29,THANGAMAYL,8365.5221,3.8732,60.4377,144.5321
2026-09-21,15:29,THEJO,2688.4529,2.0986,32.1964,17.6167
2026-09-21,15:29,THELEELA,571.8002,2.0877,31.2498,28.1321
2026-09-21,15:29,THEMISMED,205.2154,3.6496,58.3393,-6.0002
2026-09-21,15:29,THERMAX,4288.5009,2.6058,35.2563,11.8992
2026-09-21,15:29,THYROCARE,1044.0624,2.5667,40.4391,52.4965
2026-09-21,15:29,TI,799.0936,1.9223,34.7353,30.9717
2026-09-21,15:29,TIIL,3084.7432,2.3329,39.6871,30.8989
2026-09-21,15:29,TIINDIA,554.4347,1.9978,34.5674,-17.2925
2026-09-21,15:29,TIMKEN,458.9285,1.7263,28.0942,4.6228
2026-09-21,15:29,TINNARUBR,1719.1211,3.4701,49.4893,10.9393
2026-09-21,15:29,TIPSMUSIC,517.845,2.547,37.731,12.5128
2026-09-21,15:29,TIRUPATIFL,212.4715,3.7423,56.4711,90.2544
2026-09-21,15:29,TITAGARH,472.8824,2.3339,36.4957,-4.3446
2026-09-21,15:29,TITAN,4315.1672,1.509,23.2931,46.5152
2026-09-21,15:29,TMB,1467.9508,2.3869,38.2917,109.0695
2026-09-21,15:29,TNPETRO,220.5958,2.3285,37.4759,24.9162
2026-09-21,15:29,TORNTPHARM,5531.9492,1.553,22.0375,39.5675
2026-09-21,15:29,TRAVELFOOD,358.4607,2.1221,30.0363,-8.0258
2026-09-21,15:29,TRITURBINE,402.8029,2.6719,37.303,7.7886
2026-09-21,15:29,TSFINV,130.5467,2.0697,44.1485,-18.3559
2026-09-21,15:29,TTKHLTCARE,863.2822,2.184,29.9934,-7.0414
2026-09-21,15:29,TVSMOTOR,1800.9837,1.7059,27.4566,21.6905
2026-09-21,15:29,TVSSRICHAK,1545.474,2.8725,43.2328,39.1347
2026-09-21,15:29,UCAL,212.5956,3.0292,46.0807,6.6701
2026-09-21,15:29,UDS,278.2099,2.5409,44.0261,-18.9381
2026-09-21,15:29,UFBL,2873.0167,4.4505,65.1148,214.8604
2026-09-21,15:29,UFLEX,1177.0897,2.9829,40.7827,21.1839
2026-09-21,15:29,UGARSUGAR,117.2128,3.3664,41.8116,31.6038
2026-09-21,15:29,UNICHEMLAB,1024.527,4.0056,49.3923,12.8941
2026-09-21,15:29,UNIDT,237.8366,2.0471,38.111,15.4873
2026-09-21,15:29,UNIMECH,4722.0025,3.2754,48.3191,62.838
2026-09-21,15:29,UNIPARTS,2103.6288,2.5233,42.6764,110.9699
2026-09-21,15:29,UNITEDPOLY,118.7012,2.5403,52.5956,-7.2134
2026-09-21,15:29,UNIVASTU,504.1392,3.1174,44.6487,95.54
2026-09-21,15:29,UNIVCABLES,4882.6273,4.4404,59.0806,105.8086
2026-09-21,15:29,UNIVPHOTO,2127.5059,2.6148,53.0065,134.226
2026-09-21,15:29,URBANCO,323.4205,2.8733,1.7e+308,1.0313
2026-09-21,15:29,USHAMART,775.2173,1.9541,34.2569,18.9352
2026-09-21,15:29,UTLSOLAR,1309.3106,3.1564,1.7e+308,1.7e+308
2026-09-21,15:29,UTTAMSUGAR,260.1627,2.8878,42.2215,4.5102
2026-09-21,15:29,VADILALIND,14113.2935,2.4789,38.497,36.6065
2026-09-21,15:29,VALIANTLAB,408.3844,2.8185,51.1641,53.9617
2026-09-21,15:29,VALIANTORG,964.2461,3.0662,54.3036,26.993
2026-09-21,15:29,VARROC,1952.3066,2.286,36.3945,41.2236
2026-09-21,15:29,VEDL,104.1271,2.4878,36.2829,60.7429
2026-09-21,15:29,VENKEYS,1245.9291,2.1701,38.284,12.2801
2026-09-21,15:29,VENUSPIPES,6648.8818,2.9643,45.5133,67.4572
2026-09-21,15:29,VENUSREM,5304.6554,3.3043,53.8586,262.5853
2026-09-21,15:29,VERANDA,206.0217,3.1047,52.6937,6.9439
2026-09-21,15:29,VETO,261.0311,2.4863,37.0923,26.8237
2026-09-21,15:29,VHL,159.3858,1.6519,32.3545,-11.338
2026-09-21,15:29,VIDHIING,249.6199,2.3301,36.8419,-1.6919
2026-09-21,15:29,VIDYAWIRES,238.0846,3.1114,1.7e+308,1.7e+308
2026-09-21,15:29,VIJAYA,3522.8965,2.4364,32.4157,52.5738
2026-09-21,15:29,VIJIFIN,81.2428,2.4453,52.0336,425.7732
2026-09-21,15:29,VIMTALABS,920.6477,2.7472,49.9629,-15.4532
2026-09-21,15:29,VINCOFE,199.0758,2.7044,39.979,19.1499
2026-09-21,15:29,VINDHYATEL,10802.1846,4.6738,58.9734,99.7619
2026-09-21,15:29,VISAKAIND,184.3776,2.8417,38.712,19.4542
2026-09-21,15:29,VISHNU,1248.7195,2.0048,32.5386,51.6563
2026-09-21,15:29,VIYASH,219.0453,2.8259,43.537,32.7758
2026-09-21,15:29,VMART,1190.4234,1.9878,40.4479,11.8054
2026-09-21,15:29,VOLTAMP,17656.3445,2.9817,40.4637,54.3804
2026-09-21,15:29,VSSL,961.2691,2.307,36.4005,52.9127
2026-09-21,15:29,VTL,270.3959,1.9921,33.1991,32.826
2026-09-21,15:29,WABAG,5057.5163,3.0292,41.3485,44.6335
2026-09-21,15:29,WALCHANNAG,195.1686,3.4219,58.6134,6.4952
2026-09-21,15:29,WELCORP,12155.7136,3.0822,42.2159,220.9083
2026-09-21,15:29,WELENT,1795.4028,2.4135,38.4326,57.0028
2026-09-21,15:29,WELINV,6563.2975,2.828,53.8384,131.5347
2026-09-21,15:29,WELSPUNLIV,463.3317,2.4529,46.4314,85.3439
2026-09-21,15:29,WENDT,9795.6432,2.4395,35.2301,-2.3727
2026-09-21,15:29,WESTLIFE,262.3334,2.7,39.2934,-17.5051
2026-09-21,15:29,WEWORK,684.3615,2.7134,1.7e+308,1.7e+308
2026-09-21,15:29,WHEELS,8115.2821,4.2072,50.9662,151.8703
2026-09-21,15:29,WINDLAS,2012.4636,2.4423,35.6418,22.4016
2026-09-21,15:29,WINDMACHIN,261.7134,2.4797,41.2297,4.1909
2026-09-21,15:29,WIPL,117.833,1.8554,35.1311,-1.9673
2026-09-21,15:29,WOCKPHARMA,4914.8764,3.3482,52.3473,63.6588
2026-09-21,15:29,WONDERLA,96.7471,1.6379,28.9649,-16.3958
2026-09-21,15:29,WSTCSTPAPR,2046.8831,2.4366,36.7436,64.3961
2026-09-21,15:29,XPROINDIA,1680.6707,3.6112,51.3613,4.6956
2026-09-21,15:29,YASHO,15940.3242,4.4441,60.1412,138.4602
2026-09-21,15:29,YATHARTH,2729.0746,2.1479,39.3361,44.02
2026-09-21,15:29,YUKEN,2347.3577,2.3611,37.6397,15.9185
2026-09-21,15:29,ZENTEC,2312.627,2.547,38.2837,12.42
2026-09-21,15:29,ZIMLAB,387.1123,2.9996,50.4128,82.5072
2026-09-21,15:29,ZYDUSLIFE,1589.505,1.6766,23.4968,19.0769
2026-09-21,15:29,ZYDUSWELL,763.744,2.3887,40.4842,9.9834
2026-09-22,15:29,20MICRONS,219.4174,2.7456,42.2825,-1.9612
2026-09-22,15:29,3IINFOLTD,62.6996,2.355,38.5582,18.4258
2026-09-22,15:29,63MOONS,959.7188,3.0077,52.6366,-3.3305
2026-09-22,15:29,AAREYDRUGS,220.4097,2.304,51.0996,30.5488
2026-09-22,15:29,AARTIDRUGS,335.2038,1.7138,32.0215,-9.4053
2026-09-22,15:29,AARTIIND,307.6062,2.4201,37.5764,32.4079
2026-09-22,15:29,AARTIPHARM,1082.5131,3.2439,44.802,7.2447
2026-09-22,15:29,AARTISURF,565.5985,3.7352,51.4529,10.7585
2026-09-22,15:29,AARVI,65.0562,2.4909,42.8277,12.7356
2026-09-22,15:29,AAVAS,164.346,1.8642,30.5819,-16.618
2026-09-22,15:29,ABB,8310.3272,1.9701,29.9465,37.6368
2026-09-22,15:29,ABBOTINDIA,4744.3286,1.3665,20.5125,-8.4566
2026-09-22,15:29,ABCAPITAL,377.0655,2.0559,32.6224,42.3449
2026-09-22,15:29,ABDL,736.4562,2.357,40.8206,25.7082
2026-09-22,15:29,ABSLAMC,978.324,2.3675,37.402,32.09
2026-09-22,15:29,ACE,2138.0487,2.2084,34.3167,14.9801
2026-09-22,15:29,ACMESOLAR,1451.2684,2.3532,38.4809,71.8112
2026-09-22,15:29,ACUTAAS,7417.8972,2.7664,45.7244,136.6321
2026-09-22,15:29,ADANIENSOL,2441.6234,2.2621,40.5047,57.1542
2026-09-22,15:29,ADANIENT,5335.9737,2.206,36.2467,17.8205
2026-09-22,15:29,ADANIGREEN,2192.3139,2.353,43.8867,24.4988
2026-09-22,15:29,ADANIPORTS,1711.6793,1.7135,29.4624,28.9511
2026-09-22,15:29,ADANIPOWER,415.8885,2.0851,43.6374,41.5111
2026-09-22,15:29,ADFFOODS,268.6592,2.5637,47.7443,19.2991
2026-09-22,15:29,ADOR,3388.0091,2.2705,37.7837,62.7264
2026-09-22,15:29,ADVAIT,1689.3532,2.9041,1.7e+308,1.7e+308
2026-09-22,15:29,AEGISLOG,4492.2278,3.6451,47.8942,90.314
2026-09-22,15:29,AEGISVOPAK,540.4813,3.1391,47.6477,23.7732
2026-09-22,15:29,AEQUS,625.6311,3.3994,1.7e+308,1.7e+308
2026-09-22,15:29,AEROENTER,275.047,3.9184,55.9213,46.7236
2026-09-22,15:29,AEROFLEX,2048.5577,4.4569,59.9057,187.3589
2026-09-22,15:29,AETHER,4196.0949,2.2787,39.0475,123.6967
2026-09-22,15:29,AFFLE,197.2155,2.3269,34.1827,-20.639
2026-09-22,15:29,AGARWALEYE,235.666,1.6769,27.5753,0.8695
2026-09-22,15:29,AGI,1461.1294,2.3857,43.8145,-2.8991
2026-09-22,15:29,AGIIL,198.1454,2.6108,53.3899,7.4535
2026-09-22,15:29,AHCL,103.569,3.376,1.7e+308,124.2424
2026-09-22,15:29,AHLWEST,2387.6686,3.2482,51.9366,148.0091
2026-09-22,15:29,AIAENG,382.0261,1.9029,30.8604,27.8022
2026-09-22,15:29,AIIL,375.5153,3.068,51.1913,-7.7896
2026-09-22,15:29,AJANTPHARM,3716.0803,1.7254,25.5009,42.7592
2026-09-22,15:29,AJAXENGG,543.8922,2.2178,36.9744,-12.3836
2026-09-22,15:29,AKSHARCHEM,1071.2879,3.6811,50.5046,46.6025
2026-09-22,15:29,AKUMS,2211.2293,2.1383,32.9102,80.8799
2026-09-22,15:29,ALBERTDAVD,612.1115,2.2325,32.4043,9.338
2026-09-22,15:29,ALGOQUANT,86.5142,2.06,1.7e+308,1.7e+308
2026-09-22,15:29,ALIVUS,2818.0689,2.1206,30.724,46.316
2026-09-22,15:29,ALKALI,203.2929,4.6867,59.7638,12.5041
2026-09-22,15:29,ALKYLAMINE,2114.1722,2.9038,40.5714,-5.4005
2026-09-22,15:29,ALPHAGEO,536.8844,3.9403,53.3326,16.4968
2026-09-22,15:29,AMAGI,1265.4643,3.2288,1.7e+308,1.7e+308
2026-09-22,15:29,AMANTA,499.1158,2.8308,1.7e+308,34.2549
2026-09-22,15:29,AMBIKCO,1183.2909,2.2682,34.6039,11.0509
2026-09-22,15:29,AMDIND,101.2744,3.2981,54.0397,9.1971
2026-09-22,15:29,ANANDRATHI,4244.7784,1.1707,21.5416,52.0215
2026-09-22,15:29,ANANTRAJ,477.8437,2.4676,46.1667,-10.2398
2026-09-22,15:29,ANDHRSUGAR,126.5774,2.9854,38.009,28.9385
2026-09-22,15:29,ANGELONE,156.718,2.1399,41.0141,38.1296
2026-09-22,15:29,ANTELOPUS,3334.9839,4.0666,69.1561,99.7841
2026-09-22,15:29,ANTHEM,1251.2004,1.6758,29.7155,14.1888
2026-09-22,15:29,ANUHPHR,76.3434,2.3992,36.2767,12.708
2026-09-22,15:29,AONELIQUID,191.3855,0.0123,0.2057,4.9124
2026-09-22,15:29,APARINDS,54091.5478,2.9564,46.8221,118.085
2026-09-22,15:29,APCOTEXIND,1447.4855,3.4437,43.1451,55.0172
2026-09-22,15:29,APLLTD,435.672,1.6476,26.8705,-7.6657
2026-09-22,15:29,APOLLO,1084.6837,3.4605,57.338,25.2888
2026-09-22,15:29,APOLLOHOSP,8018.8456,1.0918,18.1808,17.6498
2026-09-22,15:29,APOLLOPIPE,1284.0695,2.9774,48.6614,54.5081
2026-09-22,15:29,ARCHIDPLY,126.8255,2.7394,43.664,7.2937
2026-09-22,15:29,ARFIN,94.7625,2.6963,39.4433,89.9574
2026-09-22,15:29,ARIES,737.6967,2.7005,41.1038,21.1524
2026-09-22,15:29,ARIHANT,5465.9008,3.4222,2177.0386,3412.928
2026-09-22,15:29,ARIHANTCAP,97.6153,2.7177,48.2968,-17.6561
2026-09-22,15:29,ARIS,238.7669,3.0326,53.8863,-11.2111
2026-09-22,15:29,ARMANFIN,1937.4227,2.754,40.8315,33.8008
2026-09-22,15:29,ARROWGREEN,2984.5858,3.1117,52.168,66.7671
2026-09-22,15:29,ARTEMISMED,631.833,2.2323,35.7979,46.9054
2026-09-22,15:29,ARVEE,504.0772,4.2795,72.1216,42.7785
2026-09-22,15:29,ARVIND,920.6477,2.6726,40.2701,74.2773
2026-09-22,15:29,ARVSMART,219.8516,2.0113,33.9277,-6.0458
2026-09-22,15:29,ASAHISONG,895.9029,3.0777,50.3604,29.5411
2026-09-22,15:29,ASHIANA,229.7743,2.4932,35.0762,30.2656
2026-09-22,15:29,ASIANENE,1291.8219,3.5023,50.735,47.2924
2026-09-22,15:29,ASIANHOTNR,806.846,3.0185,47.4041,21.0245
2026-09-22,15:29,ASIANPAINT,509.1632,1.2498,24.2045,4.5117
2026-09-22,15:29,ASKAUTOLTD,1434.4618,2.8084,37.4574,19.5746
2026-09-22,15:29,ASPINWALL,220.8438,2.1834,41.6106,-6.1023
2026-09-22,15:29,ASTEC,977.3936,3.9317,63.4184,-3.0092
2026-09-22,15:29,ASTERDM,935.2218,1.6833,29.5195,20.0928
2026-09-22,15:29,ASTRAMICRO,4417.8074,2.8139,42.1645,54.5811
2026-09-22,15:29,ATGL,659.5545,2.7186,48.8355,-3.5425
2026-09-22,15:29,ATHERENERG,5181.8614,3.1634,50.3829,185.9418
2026-09-22,15:29,ATLANTAELE,4917.6672,3.145,1.7e+308,1.7e+308
2026-09-22,15:29,AUBANK,257.3721,1.614,29.6455,39.451
2026-09-22,15:29,AUROPHARMA,3438.243,1.6752,26.4788,55.9633
2026-09-22,15:29,AURUM,308.1642,1.886,35.7239,29.7645
2026-09-22,15:29,AUSOMENT,246.395,2.3063,51.4897,43.3453
2026-09-22,15:29,AVADHSUGAR,2424.2588,3.0269,43.5245,72.0794
2026-09-22,15:29,AVALON,8772.0462,3.8014,55.7031,148.3525
2026-09-22,15:29,AVG,158.7024,3.0334,56.1524,-23.5538
2026-09-22,15:29,AVL,738.6267,1.7174,32.4163,9.6233
2026-09-22,15:29,AVTNPL,201.2464,2.5798,35.3732,37.8507
2026-09-22,15:29,AXISCADES,2908.6145,2.8946,49.8975,15.2829
2026-09-22,15:29,AYMSYNTEX,717.4169,2.898,47.1428,51.596
2026-09-22,15:29,AZAD,7424.0989,2.9589,42.818,78.3273
2026-09-22,15:29,BAFNAPH,1278.9842,3.2141,52.7916,87.1207
2026-09-22,15:29,BAJAJ-AUTO,9941.384,1.5079,22.8495,30.5792
2026-09-22,15:29,BAJAJCON,823.5906,2.8577,50.7701,120.5977
2026-09-22,15:29,BAJAJHLDNG,1885.328,1.5348,28.4645,-11.9153
2026-09-22,15:29,BAJEL,69.4594,2.3104,43.5187,-14.8464
2026-09-22,15:29,BALAMINES,6572.6001,4.3217,55.5649,51.5446
2026-09-22,15:29,BALPHARMA,204.3473,3.7569,45.7513,30.4862
2026-09-22,15:29,BALRAMCHIN,1210.2689,3.0033,40.4233,46.2824
2026-09-22,15:29,BANDHANBNK,119.4454,2.6131,41.1288,19.1459
2026-09-22,15:29,BANKA,100.034,2.6683,45.3214,-8.9996
2026-09-22,15:29,BANSALWIRE,245.2786,2.5397,38.2505,-11.0845
2026-09-22,15:29,BBETF0432,214.9516,0.2817,3.9686,4.2546
2026-09-22,15:29,BBOX,1646.8711,3.012,46.8208,63.3824
2026-09-22,15:29,BBTCL,295.3267,2.7645,40.2701,17.8366
2026-09-22,15:29,BELRISE,359.8868,2.1835,37.0218,55.4102
2026-09-22,15:29,BEML,2238.2069,2.1971,40.231,-0.3304
2026-09-22,15:29,BEPL,282.7372,2.7259,35.429,27.2399
2026-09-22,15:29,BETA,4535.9504,4.0926,1.7e+308,1.7e+308
2026-09-22,15:29,BFINVEST,245.8988,2.4597,36.3563,-3.5431
2026-09-22,15:29,BHAGCHEM,193.1221,2.5972,44.5464,-2.421
2026-09-22,15:29,BHAGERIA,1141.4297,3.6271,52.4257,94.8144
2026-09-22,15:29,BHAGYANGR,1657.29,3.562,63.457,343.8945
2026-09-22,15:29,BHARATBOND-APR30,247.4494,0.1223,1.725,4.2618
2026-09-22,15:29,BHARATBOND-APR31,201.1227,0.1478,1.9868,3.696
2026-09-22,15:29,BHARATBOND-APR32,164.8426,0.156,2.0973,3.201
2026-09-22,15:29,BHARATBOND-APR33,142.2682,0.1648,2.2614,2.9661
2026-09-22,15:29,BHARATFORG,1675.709,1.7917,30.6936,70.0957
2026-09-22,15:29,BHARATSE,349.2198,3.3768,60.2519,25.4407
2026-09-22,15:29,BHEL,1054.6053,2.2752,36.891,84.321
2026-09-22,15:29,BIL,1100.8083,2.9832,46.7702,22.3717
2026-09-22,15:29,BIOCON,74.7309,1.5444,25.7525,15.0782
2026-09-22,15:29,BIRLACABLE,1440.6014,3.7025,54.8433,139.8683
2026-09-22,15:29,BLISSGVS,2956.8638,3.557,60.138,379.7293
2026-09-22,15:29,BLSE,1019.3795,2.216,43.7372,76.5592
2026-09-22,15:29,BLUEJET,1178.33,2.663,48.0172,-9.0726
2026-09-22,15:29,BLUESTONE,3061.4875,3.4729,54.3353,63.9616
2026-09-22,15:29,BLUSPRING,397.2833,4.5356,57.776,58.7223
2026-09-22,15:29,BODALCHEM,887.4685,4.1497,52.9335,207.1656
2026-09-22,15:29,BOROLTD,63.3818,2.3591,38.7995,-25.1328
2026-09-22,15:29,BOSCH-HCIL,1967.8114,2.2767,36.7865,-0.6352
2026-09-22,15:29,BOSCHLTD,78110.8741,1.5859,28.5417,26.5793
2026-09-22,15:29,BRIGADE,274.861,2.7103,36.827,-9.176
2026-09-22,15:29,BSE,1300.5039,2.0177,38.9549,58.3301
2026-09-22,15:29,BUILDPRO,2839.7754,2.7829,1.7e+308,1.7e+308
2026-09-22,15:29,CALSOFT,159.7567,4.9326,65.2057,183.1429
2026-09-22,15:29,CAPILLARY,179.54,2.689,1.7e+308,1.7e+308
2026-09-22,15:29,CAPLIPOINT,6487.6374,2.582,34.437,36.3494
2026-09-22,15:29,CARBORUNIV,2392.6303,2.3646,34.0911,31.6774
2026-09-22,15:29,CARERATING,93.0261,1.7763,30.5411,4.4265
2026-09-22,15:29,CARTRADE,6018.7847,3.3305,55.6769,19.4651
2026-09-22,15:29,CARYSIL,555.0558,2.7101,45.3568,31.6974
2026-09-22,15:29,CASHIETF,191.1379,0.0128,0.2112,4.9129
2026-09-22,15:29,CASTROLIND,64.5601,0.7757,14.626,-0.0358
2026-09-22,15:29,CCL,347.2973,1.8649,32.1732,18.0903
2026-09-22,15:29,CDSL,78.7618,1.7683,31.5359,-8.1556
2026-09-22,15:29,CEIGALL,542.9622,2.206,31.3157,43.8871
2026-09-22,15:29,CEMPRO,4443.5447,4.1134,53.3497,64.6039
2026-09-22,15:29,CENTENKA,745.1388,2.9471,36.7606,18.9144
2026-09-22,15:29,CENTUM,15824.352,3.23,51.085,85.5953
2026-09-22,15:29,CERA,2413.7171,1.9566,28.0235,-10.9799
2026-09-22,15:29,CGCL,556.9779,2.4707,35.0369,44.1488
2026-09-22,15:29,CGPOWER,1339.2647,2.2602,34.4291,21.1929
2026-09-22,15:29,CHALET,86.5139,1.7049,28.5801,-8.7882
2026-09-22,15:29,CHEMBOND,229.9604,3.5417,53.6791,15.6181
2026-09-22,15:29,CHEMBONDCH,631.0887,3.4822,57.2784,57.9043
2026-09-22,15:29,CHEMCON,321.8081,2.8755,48.2675,-14.3309
2026-09-22,15:29,CHENNPETRO,3181.4909,3.1774,51.7892,83.0375
2026-09-22,15:29,CHEVIOT,564.9781,2.0776,28.0588,3.6027
2026-09-22,15:29,CHOLAFIN,308.226,2.0442,33.1223,12.0517
2026-09-22,15:29,CIPLA,326.2112,1.379,21.0635,-7.6897
2026-09-22,15:29,CLCIND,222.6423,21.9569,224.2779,1913.3333
2026-09-22,15:29,CLEAN,481.565,2.1114,32.0728,-24.3302
2026-09-22,15:29,CNL,2813.7277,3.3891,1.7e+308,1.7e+308
2026-09-22,15:29,CNXENERGY,12509.5328,0.7645,15.7603,8.3175
2026-09-22,15:29,CNXMIDCAP,15660.3058,0.8041,16.3187,9.9055
2026-09-22,15:29,CNXMNC,3464.9176,0.7924,14.4678,5.1529
2026-09-22,15:29,CNXNIFTYJUNIOR,18464.4114,0.8935,16.8619,6.9389
2026-09-22,15:29,CNXPHARMA,29239.3233,0.7752,13.7614,25.119
2026-09-22,15:29,CNXREALTY,235.046,1.647,26.465,-0.6516
2026-09-22,15:29,CNXSMALLCAP,17256.6353,0.9253,17.9793,12.8385
2026-09-22,15:29,COALINDIA,118.143,1.2291,23.5304,9.9833
2026-09-22,15:29,COFORGE,2736.2059,2.7077,39.1878,17.1921
2026-09-22,15:29,COHANCE,850.5682,2.4912,51.5319,-47.9179
2026-09-22,15:29,COMSYN,739.8051,4.1209,49.6643,95.0217
2026-09-22,15:29,CONCORDBIO,2158.2044,2.5457,40.7782,-2.1081
2026-09-22,15:29,CONFIPET,336.3822,3.6134,61.7809,90.6813
2026-09-22,15:29,CONSOFINVT,404.4153,2.2722,40.4475,64.5205
2026-09-22,15:29,CORDSCABLE,1302.6747,4.1218,53.8174,116.0347
2026-09-22,15:29,CORONA,3649.102,1.9432,1.7e+308,1.7e+308
2026-09-22,15:29,COSMOFIRST,766.2245,2.323,40.1052,1.5418
2026-09-22,15:29,CPCAP,331.4208,3.0476,44.7899,17.5058
2026-09-22,15:29,CPPLUS,12876.0455,2.8414,44.32,190.8664
2026-09-22,15:29,CRAFTSMAN,17817.5896,2.215,36.1372,56.3832
2026-09-22,15:29,CREDITACC,545.1328,2.5428,39.4694,-1.4229
2026-09-22,15:29,CRISIL,723.1201,1.5817,26.9227,-1.3137
2026-09-22,15:29,CUB,89.181,2.2393,39.0478,45.7596
2026-09-22,15:29,CUMMINSIND,3411.576,1.8532,28.5943,25.7093
2026-09-22,15:29,CUPID,1079.1023,3.1362,58.0917,499.072
2026-09-22,15:29,CYIENT,519.7055,2.114,34.2561,-4.8585
2026-09-22,15:29,CYIENTDLM,3434.8319,3.1737,45.8337,111.3364
2026-09-22,15:29,DALMIASUG,570.5598,3.1095,44.5716,11.7639
2026-09-22,15:29,DATAMATICS,217.6808,2.1734,41.6004,-10.3129
2026-09-22,15:29,DATAPATTNS,10642.7995,3.3534,51.3438,68.9292
2026-09-22,15:29,DBOL,111.0731,2.4109,45.0566,39.8417
2026-09-22,15:29,DCBBANK,177.0596,2.0832,39.5734,76.5162
2026-09-22,15:29,DCMNVL,230.2704,3.0881,47.0758,8.2244
2026-09-22,15:29,DEEDEV,3015.7185,3.3107,54.9229,153.0821
2026-09-22,15:29,DEEPAKFERT,1920.0575,2.2063,41.109,-12.4837
2026-09-22,15:29,DEEPINDS,2350.458,3.1057,46.7451,51.8947
2026-09-22,15:29,DELHIVERY,63.2578,1.8634,30.8347,-3.3543
2026-09-22,15:29,DENORA,1155.0735,2.5643,41.9165,-4.7539
2026-09-22,15:29,DEVYANI,77.4596,2.1087,39.0129,-14.9491
2026-09-22,15:29,DHAMPURSUG,286.2722,2.6227,39.2717,23.0729
2026-09-22,15:29,DHARMAJ,256.3178,1.7108,34.6373,-9.1613
2026-09-22,15:29,DIACABS,1481.781,3.4872,47.7061,145.9217
2026-09-22,15:29,DIAMINESQ,123.1045,2.5512,41.7352,-27.7329
2026-09-22,15:29,DIAMONDYD,102.9494,2.2654,33.9609,10.0702
2026-09-22,15:29,DICIND,810.2571,2.5617,37.558,24.9881
2026-09-22,15:29,DIFFNKG,1057.6442,3.2502,48.341,26.0094
2026-09-22,15:29,DIVGIITTS,2321.6204,3.1288,45.6467,65.7016
2026-09-22,15:29,DIVISLAB,19743.2289,1.5799,24.1288,64.373
2026-09-22,15:29,DIXON,10338.2951,2.2763,38.891,-25.2813
2026-09-22,15:29,DLF,267.2947,1.9451,30.1004,-6.5009
2026-09-22,15:29,DLINKINDIA,76.9015,1.8259,32.8545,-10.3693
2026-09-22,15:29,DMCC,269.5895,3.0802,49.5525,-5.0784
2026-09-22,15:29,DOLPHIN,1949.826,3.1388,55.1739,92.6074
2026-09-22,15:29,DPABHUSHAN,1479.7342,3.3373,45.6473,-0.4606
2026-09-22,15:29,DREDGECORP,167.4469,3.3436,62.4007,57.3464
2026-09-22,15:29,DSSL,360.3211,3.9859,55.578,20.3792
2026-09-22,15:29,DVL,175.5092,2.1393,40.8658,-21.8189
2026-09-22,15:29,DYCL,926.5394,4.2877,55.5958,13.9932
2026-09-22,15:29,DYNAMATECH,19036.2309,2.5914,45.9007,80.6843
2026-09-22,15:29,E2E,2210.5471,3.6061,58.3889,75.3072
2026-09-22,15:29,EBBETF0430,264.0697,0.1942,2.9338,4.5942
2026-09-22,15:29,EBBETF0431,213.5882,0.2524,3.9833,4.3095
2026-09-22,15:29,EBBETF0433,162.7956,0.2569,4.2843,4.0384
2026-09-22,15:29,EBGNG,2210.9191,3.6432,53.2719,100.3763
2026-09-22,15:29,ECLERX,564.6677,3.0329,46.2524,-7.4262
2026-09-22,15:29,EDELWEISS,116.0965,2.6006,40.2594,29.1137
2026-09-22,15:29,EIEL,211.2312,2.9423,48.0722,-18.638
2026-09-22,15:29,EIFFL,97.6774,3.6955,50.9505,13.8444
2026-09-22,15:29,EIMCOELECO,3850.6592,2.629,52.9924,27.6508
2026-09-22,15:29,ELECTHERM,1037.8605,4.1892,61.9363,-11.8582
2026-09-22,15:29,ELGIEQUIP,616.4528,1.8471,33.6429,25.3112
2026-09-22,15:29,ELGIRUBCO,112.2514,4.075,64.7557,-13.6895
2026-09-22,15:29,ELIQUID,186.4238,0.0121,1.7e+308,1.7e+308
2026-09-22,15:29,ELLEN,728.3941,3.2504,50.7087,-26.6735
2026-09-22,15:29,EMAMIPAP,152.9348,3.1599,41.6805,16.7641
2026-09-22,15:29,EMCURE,3015.9049,1.8448,32.7756,53.7923
2026-09-22,15:29,EMIL,559.9548,3.0085,47.6926,31.4744
2026-09-22,15:29,EMKAY,108.5303,3.5771,63.2921,-18.4771
2026-09-22,15:29,EMMVEE,802.8769,2.8886,1.7e+308,1.7e+308
2026-09-22,15:29,EMSLIMITED,214.8901,3.6483,55.4757,-32.9509
2026-09-22,15:29,EMUDHRA,1013.6739,3.1326,41.8586,2.6807
2026-09-22,15:29,ENDURANCE,1299.2638,1.844,31.0544,-1.3405
2026-09-22,15:29,ENGINERSIN,625.6311,2.6918,43.3428,54.4726
2026-09-22,15:29,ENRIN,3069.2389,2.8292,38.8058,-7.9973
2026-09-22,15:29,ENTERO,4299.0444,2.7468,40.333,70.0332
2026-09-22,15:29,EPACKPEB,388.0426,3.626,1.7e+308,1.7e+308
2026-09-22,15:29,EPIGRAL,766.5349,2.6523,41.1291,-33.6487
2026-09-22,15:29,EPL,118.5152,2.2134,33.2835,14.2961
2026-09-22,15:29,ESABINDIA,765.9145,2.1018,30.3609,13.2259
2026-09-22,15:29,ESAFSFB,69.0873,3.3783,44.4933,38.0686
2026-09-22,15:29,ETERNAL,352.2586,1.8612,33.1962,6.5421
2026-09-22,15:29,ETHOSLTD,844.6762,2.159,36.8644,2.1459
2026-09-22,15:29,EVERESTIND,140.7795,3.1108,46.9546,-36.4231
2026-09-22,15:29,EXICOM,402.5548,4.7662,60.7518,10.6587
2026-09-22,15:29,EXIDEIND,576.1415,2.0782,29.9759,10.5196
2026-09-22,15:29,EXPLEOSOL,154.1134,2.9071,41.1892,-9.6508
2026-09-22,15:29,FACT,106.98,2.2216,41.0109,-15.2973
2026-09-22,15:29,FCL,206.7659,4.6691,60.9472,129.1933
2026-09-22,15:29,FEDERALBNK,240.0073,1.4345,25.9826,70.4723
2026-09-22,15:29,FEDFINA,64.436,2.1048,41.7999,2.3547
2026-09-22,15:29,FILATEX,329.3742,3.6064,49.5475,95.6825
2026-09-22,15:29,FINCABLES,4076.4015,3.4359,43.1751,79.0803
2026-09-22,15:29,FINEORG,4568.1999,1.5686,29.3786,11.4459
2026-09-22,15:29,FIVESTAR,526.2172,2.1061,40.2119,2.8613
2026-09-22,15:29,FLUOROCHEM,6754.9329,1.9632,32.2395,21.9679
2026-09-22,15:29,FMGOETZE,102.6387,3.0876,45.6388,-14.3419
2026-09-22,15:29,FOSECOIND,11046.5347,2.7655,40.0783,13.4019
2026-09-22,15:29,FSL,95.1967,3.7934,49.7678,-23.3504
2026-09-22,15:29,GABRIEL,2987.9971,3.1573,51.0021,18.8818
2026-09-22,15:29,GAEL,114.9803,2.32,36.3496,49.103
2026-09-22,15:29,GAIL,62.9476,1.4673,25.3566,-0.1046
2026-09-22,15:29,GALAPREC,1643.4602,3.3047,44.3823,37.7963
2026-09-22,15:29,GALAXYSURF,2201.6165,2.7658,36.1534,0.1786
2026-09-22,15:29,GANDHAR,758.7824,3.8045,49.4095,91.8497
2026-09-22,15:29,GANDHITUBE,1254.6113,2.2578,40.598,8.1442
2026-09-22,15:29,GANECOS,1206.5482,2.5524,50.2614,-16.2908
2026-09-22,15:29,GANESHBE,282.7992,3.2741,45.7742,40.7124
2026-09-22,15:29,GANESHHOU,219.2312,2.1527,35.9636,-12.5304
2026-09-22,15:29,GARFIBRES,513.1937,2.5783,38.0948,2.3921
2026-09-22,15:29,GAYAPROJ,68.0951,3.1519,52.7546,180.2367
2026-09-22,15:29,GCSL,1883.1575,2.5495,1.7e+308,146.7954
2026-09-22,15:29,GEECEE,453.657,2.1585,39.6053,2.989
2026-09-22,15:29,GENESYS,466.4946,5.9489,77.9809,-19.0392
2026-09-22,15:29,GENUSPOWER,262.3336,2.3755,41.2682,0.9625
2026-09-22,15:29,GEOJITFSL,69.7695,1.907,35.5272,1.9598
2026-09-22,15:29,GESHIP,1004.0613,2.4697,35.2216,46.9199
2026-09-22,15:29,GFSTEELS,104.3132,2.6423,46.4314,188.1809
2026-09-22,15:29,GHCLTEXTIL,339.9792,2.7115,41.0216,73.1127
2026-09-22,15:29,GILLANDERS,64.188,2.2783,38.7579,-2.2892
2026-09-22,15:29,GIPCL,283.0473,2.2228,36.0508,1.836
2026-09-22,15:29,GKENERGY,103.631,2.7602,1.7e+308,-23.8285
2026-09-22,15:29,GKSL,401.3144,2.1995,1.7e+308,1.7e+308
2026-09-22,15:29,GLAND,7043.9329,2.5954,33.1905,48.9505
2026-09-22,15:29,GLAXO,1731.5261,1.683,25.434,7.5288
2026-09-22,15:29,GLENMARK,2876.365,1.6398,26.9841,24.8364
2026-09-22,15:29,GLOBAL,231.1387,2.5654,44.0821,104.4688
2026-09-22,15:29,GMMPFAUDLR,2856.8302,2.6067,35.4666,37.9789
2026-09-22,15:29,GNA,805.6058,2.908,46.2096,81.0898
2026-09-22,15:29,GNFC,817.0788,2.2262,31.6822,20.3901
2026-09-22,15:29,GOACARBON,68.5291,3.1393,43.176,-11.3123
2026-09-22,15:29,GOCLCORP,889.329,2.9286,46.238,16.925
2026-09-22,15:29,GODREJIND,827.9319,3.2734,41.55,-7.9833
2026-09-22,15:29,GOKULAGRO,325.5912,1.8337,44.2745,12.7568
2026-09-22,15:29,GOODLUCK,1093.4901,2.8213,46.616,38.1032
2026-09-22,15:29,GPTHEALTH,216.3165,1.7386,25.861,10.0007
2026-09-22,15:29,GRANULES,1871.064,1.804,29.3746,67.484
2026-09-22,15:29,GRAPHITE,1127.7857,2.7251,43.1151,49.5348
2026-09-22,15:29,GRASIM,1489.6569,1.4192,22.9318,13.8852
2026-09-22,15:29,GREAVESCOT,229.9604,3.0181,44.438,-7.8077
2026-09-22,15:29,GREENPLY,435.1138,2.128,40.1308,-3.0397
2026-09-22,15:29,GRINDWELL,1898.9722,2.8178,36.0492,24.9292
2026-09-22,15:29,GROWW,100.8402,2.119,1.7e+308,1.7e+308
2026-09-22,15:29,GROWWDEFNC,90.1112,1.365,25.1624,18.2217
2026-09-22,15:29,GRPLTD,1265.7743,2.5922,41.9333,-7.4374
2026-09-22,15:29,GRWRHITECH,13282.8785,2.884,54.887,111.0279
2026-09-22,15:29,GTECJAINX,59.2266,5.2007,73.3799,9.3462
2026-09-22,15:29,GUFICBIO,822.6603,2.4855,34.9567,23.5056
2026-09-22,15:29,GUJALKALI,956.3077,2.3283,40.3045,11.9639
2026-09-22,15:29,GUJTHEM,616.4526,3.2418,51.0226,2.9511
2026-09-22,15:29,GULFPETRO,176.9976,2.9552,40.8312,58.3084
2026-09-22,15:29,GULPOLY,66.6687,2.5452,42.1232,16.8568
2026-09-22,15:29,GVPIL,1199.4157,3.4879,60.2377,105.7151
2026-09-22,15:29,GVT&D,4930.3807,2.9695,44.8989,49.5854
2026-09-22,15:29,HAL,3644.1411,1.6219,27.4732,1.3492
2026-09-22,15:29,HALDER,109.1504,2.8428,1.7e+308,1.7e+308
2026-09-22,15:29,HALEOSLABS,1240.3473,3.0098,41.5923,30.5256
2026-09-22,15:29,HAPPYFORGE,5015.3442,2.3549,36.31,119.1788
2026-09-22,15:29,HARSHA,519.0854,2.2604,32.387,15.0383
2026-09-22,15:29,HATSUN,1589.195,2.1334,36.4329,30.4154
2026-09-22,15:29,HCG,811.1871,2.0453,31.4694,10.1483
2026-09-22,15:29,HDFCLIQUID,189.4634,0.0123,0.2016,4.8045
2026-09-22,15:29,HDFCSML250,141.2135,0.8877,17.1919,9.2583
2026-09-22,15:29,HEALTHIETF,149.834,0.7849,13.6756,18.3152
2026-09-22,15:29,HEG,452.7268,2.8876,44.433,47.1111
2026-09-22,15:29,HERITGFOOD,366.2127,2.1624,35.6966,-14.3713
2026-09-22,15:29,HESTERBIO,3808.4864,3.451,42.2219,13.3736
2026-09-22,15:29,HFCL,938.4468,3.773,50.5954,206.6019
2026-09-22,15:29,HIKAL,83.5994,3.636,49.3973,-11.0153
2026-09-22,15:29,HINDALCO,396.9112,1.6861,28.8173,30.8059
2026-09-22,15:29,HINDOILEXP,204.4093,2.6044,46.7033,1.1631
2026-09-22,15:29,HIRECT,3490.337,3.5209,54.1003,46.8061
2026-09-22,15:29,HITECHCORP,1104.0332,3.6138,50.599,72.5717
2026-09-22,15:29,HLEGLAS,761.8834,4.246,57.9294,-6.0887
2026-09-22,15:29,HMT,129.3062,2.4096,38.5441,10.51
2026-09-22,15:29,HMVL,69.3974,2.5489,38.4021,-1.5921
2026-09-22,15:29,HNDFDS,723.1227,1.7771,27.3469,17.8538
2026-09-22,15:29,HOMEFIRST,205.8974,2.0324,37.2025,2.8676
2026-09-22,15:29,HONASA,1067.939,1.9546,31.5172,66.5729
2026-09-22,15:29,HONAUT,16434.6023,2.3497,30.8604,-5.7479
2026-09-22,15:29,HSCL,1358.8006,2.6724,35.7516,47.9448
2026-09-22,15:29,HUHTAMAKI,361.4372,2.8082,40.5319,7.4198
2026-09-22,15:29,IBMFNIFTY,163.7258,0.9924,18.7237,9.1115
2026-09-22,15:29,IBULLSLTD,121.492,3.4346,62.7194,57.3867
2026-09-22,15:29,ICDSLTD,131.4148,4.4418,69.3964,4.279
2026-09-22,15:29,ICICIAMC,886.2276,1.6957,1.7e+308,1.7e+308
2026-09-22,15:29,ICICINIFTY,226.5494,0.5775,9.4792,21.3359
2026-09-22,15:29,ICIL,902.2285,3.5223,62.3588,66.8401
2026-09-22,15:29,IDEAFORGE,2049.054,3.804,55.8708,48.5772
2026-09-22,15:29,IFBIND,120.3138,2.4125,44.134,-29.2116
2026-09-22,15:29,IFCI,81.0567,4.1056,55.1801,42.5568
2026-09-22,15:29,IGARASHI,335.2038,2.8497,45.8898,-15.403
2026-09-22,15:29,IGPL,1424.229,2.5017,39.0397,34.7686
2026-09-22,15:29,IIFL,674.4389,2.3925,40.2448,47.2636
2026-09-22,15:29,IIFLCAPS,123.4145,0.9507,39.9813,26.0226
2026-09-22,15:29,IITL,116.0965,3.5044,49.3001,-24.4508
2026-09-22,15:29,IKIO,360.2589,3.9861,51.5937,-2.3467
2026-09-22,15:29,IKS,1418.3369,2.1296,34.4455,25.6859
2026-09-22,15:29,IL&FSENGG,101.3984,2.9168,46.7284,39.7825
2026-09-22,15:29,IMPAL,146.3608,2.1951,26.7309,1.9102
2026-09-22,15:29,INDGN,728.0837,1.7192,27.5693,2.9023
2026-09-22,15:29,INDHOTEL,225.433,1.3954,24.8382,3.7264
2026-09-22,15:29,INDIAGLYCO,392.4459,2.8402,41.6394,51.6202
2026-09-22,15:29,INDIGO,625.1339,2.0137,33.7014,-9.5486
2026-09-22,15:29,INDIGOPNTS,1047.4735,2.0187,35.5283,4.713
2026-09-22,15:29,INDNIPPON,2855.8998,3.1584,46.4407,32.1864
2026-09-22,15:29,INDOAMIN,132.5932,2.4818,38.3546,-1.3683
2026-09-22,15:29,INDOBORAX,1366.6767,4.0189,50.2488,99.4192
2026-09-22,15:29,INDOCO,323.0484,3.8508,50.9001,-10.9482
2026-09-22,15:29,INDORAMA,403.2989,4.4452,59.88,88.8929
2026-09-22,15:29,INDOTECH,11814.3085,2.8376,60.0691,92.1927
2026-09-22,15:29,INDSWFTLAB,1671.306,3.993,57.1024,305.8341
2026-09-22,15:29,INDUSINDBK,179.5404,1.645,28.8049,33.9881
2026-09-22,15:29,INGERRAND,2623.3362,2.4211,31.4477,3.4735
2026-09-22,15:29,INNOVACAP,3397.6213,2.236,34.8663,45.163
2026-09-22,15:29,INOXINDIA,5980.3343,3.3825,42.1084,80.2111
2026-09-22,15:29,IOLCP,779.2482,3.8354,54.3783,92.9238
2026-09-22,15:29,IONEXCHANG,258.6123,2.9722,41.1396,5.7319
2026-09-22,15:29,IPCALAB,3144.2805,1.8087,31.1013,45.3034
2026-09-22,15:29,IRISDOREME,189.401,2.1901,39.8867,107.5838
2026-09-22,15:29,IRMENERGY,140.7174,2.1449,52.845,-24.3338
2026-09-22,15:29,ISFT,130.9806,3.3578,48.6801,4.9965
2026-09-22,15:29,ITDC,1071.66,3.8459,59.224,20.9823
2026-09-22,15:29,IVP,550.6522,3.0193,45.0595,46.0361
2026-09-22,15:29,IZMO,752.8906,3.0523,61.3679,-30.9298
2026-09-22,15:29,J&KBANK,274.1168,2.8786,40.6433,46.5997
2026-09-22,15:29,JAGSNPHARM,317.0328,1.8345,33,4.9919
2026-09-22,15:29,JASH,1178.33,2.8977,40.2663,16.5305
2026-09-22,15:29,JAYAGROGN,310.707,2.8693,42.1772,-0.7566
2026-09-22,15:29,JAYKAY,183.0132,4.1999,1.7e+308,1.7e+308
2026-09-22,15:29,JAYNECOIND,88.0646,2.7438,49.8424,31.0685
2026-09-22,15:29,JBMA,82.4834,2.0999,43.9435,-13.535
2026-09-22,15:29,JGCHEM,1438.4927,3.2107,46.9734,49.0476
2026-09-22,15:29,JINDALPOLY,1643.1502,2.6736,47.4477,27.5104
2026-09-22,15:29,JINDALSAW,597.0413,2.6641,47.2165,38.8377
2026-09-22,15:29,JINDRILL,708.5486,3.2514,51.3603,-3.036
2026-09-22,15:29,JINDWORLD,157.09,4.8472,63.392,45.3382
2026-09-22,15:29,JKIPL,190.0832,2.5695,1.7e+308,1.7e+308
2026-09-22,15:29,JKPAPER,491.7976,1.9764,35.5524,12.419
2026-09-22,15:29,JLHL,165.9584,1.3955,23.558,-9.0307
2026-09-22,15:29,JNKINDIA,1070.2338,3.9299,56.2312,47.2608
2026-09-22,15:29,JSFB,902.6629,2.6012,41.7314,15.1705
2026-09-22,15:29,JSWDULUX,1154.7646,1.766,28.8055,-6.4836
2026-09-22,15:29,JSWENERGY,268.5351,1.7583,30.017,-0.4038
2026-09-22,15:29,JSWINFRA,683.1213,2.2726,33.0284,13.9315
2026-09-22,15:29,JSWSTEEL,217.0608,1.2026,23.8816,12.0446
2026-09-22,15:29,JTLIND,145.3687,2.8517,59.9976,25.7719
2026-09-22,15:29,JUBLCPL,1257.7125,3.3764,51.3414,-11.5759
2026-09-22,15:29,JUBLPHARMA,978.944,1.7715,29.6696,2.68
2026-09-22,15:29,JUNIORBEES,233.5572,0.8447,16.096,7.7444
2026-09-22,15:29,JUSTDIAL,243.4182,3.1493,39.3556,-16.5679
2026-09-22,15:29,JYOTICNC,1591.9863,2.9442,45.8237,24.7828
2026-09-22,15:29,KABRAEXTRU,2630.6526,3.9633,57.1048,154.5368
2026-09-22,15:29,KAJARIACER,1511.0529,1.5403,28.8412,0.0676
2026-09-22,15:29,KALYANIFRG,1590.4355,3.806,51.1649,39.994
2026-09-22,15:29,KALYANKJIL,1023.5966,3.5169,47.4711,27.9289
2026-09-22,15:29,KAMATHOTEL,301.3424,2.7924,46.9576,-21.1017
2026-09-22,15:29,KAMDHENU,122.6083,2.5172,43.0672,57.2944
2026-09-22,15:29,KANORICHEM,593.2582,3.0771,44.0989,115.8831
2026-09-22,15:29,KANPRPLA,375.5772,3.273,56.2897,27.1934
2026-09-22,15:29,KAPSTON,1905.6697,2.9557,41.8052,243.5186
2026-09-22,15:29,KAUSHALYA,89.9252,3.1223,49.9806,-28.6682
2026-09-22,15:29,KAYA,132.0971,3.4064,50.4736,-27.703
2026-09-22,15:29,KDDL,10381.088,3.2109,44.1236,49.1348
2026-09-22,15:29,KECL,138.7949,2.8649,47.1647,4.6628
2026-09-22,15:29,KENNAMET,10220.771,3.0964,38.4912,101.2592
2026-09-22,15:29,KERNEX,3579.6421,4.3502,63.0137,60.9056
2026-09-22,15:29,KHAITANLTD,323.8547,3.3176,53.6988,16.65
2026-09-22,15:29,KICL,654.904,1.7589,32.994,1.7875
2026-09-22,15:29,KILITCH,295.1407,2.9337,45.2954,23.8456
2026-09-22,15:29,KIMS,636.298,1.9019,31.4097,8.6831
2026-09-22,15:29,KINGFA,11561.2788,2.1049,36.9408,41.9253
2026-09-22,15:29,KIRIINDUS,513.1937,2.7024,50.6462,-4.4378
2026-09-22,15:29,KIRLOSBROS,1058.6369,2.1032,37.8649,-9.1546
2026-09-22,15:29,KIRLOSENG,4868.9834,3.3587,47.0182,136.5603
2026-09-22,15:29,KIRLOSIND,3261.4927,3.0744,42.1182,-7.8454
2026-09-22,15:29,KIRLPNU,846.2271,2.6814,35.9348,17.2042
2026-09-22,15:29,KMEW,7930.7805,3.8208,62.2897,138.9005
2026-09-22,15:29,KNAGRI,262.0854,2.6777,1.7e+308,1.7e+308
2026-09-22,15:29,KOLTEPATIL,421.0979,2.38,34.272,2.398
2026-09-22,15:29,KOPRAN,882.3831,3.2952,50.81,59.1571
2026-09-22,15:29,KOTAKNIFTY,163.0436,0.6498,9.3393,29.8333
2026-09-22,15:29,KOTHARIPET,97.3673,2.6493,39.915,-6.0767
2026-09-22,15:29,KOVAI,21349.4787,1.5543,116.2016,222.976
2026-09-22,15:29,KPIL,1880.3663,1.7467,29.7759,12.793
2026-09-22,15:29,KPRMILL,1180.1908,2.5998,41.7919,4.6596
2026-09-22,15:29,KRBL,160.0047,2.3573,40.9364,11.1143
2026-09-22,15:29,KRISHANA,539.8612,2.8763,45.9272,78.6691
2026-09-22,15:29,KRISHIVAL,589.7852,1.9022,36.7472,-9.8265
2026-09-22,15:29,KRISHNADEF,199.6956,3.1721,1.7e+308,1.7e+308
2026-09-22,15:29,KRN,4371.604,3.0655,48.4766,70.9111
2026-09-22,15:29,KRONOX,371.5461,3.9137,50.4131,12.4499
2026-09-22,15:29,KROSS,246.7672,3.0482,50.4874,28.851
2026-09-22,15:29,KRYSTAL,77.8317,1.9443,40.9639,3.794
2026-09-22,15:29,KSB,685.2919,1.973,31.0848,0.061
2026-09-22,15:29,KSHINTL,4217.1806,3.6882,1.7e+308,1.7e+308
2026-09-22,15:29,KSL,1338.0247,2.3563,36.6266,22.842
2026-09-22,15:29,KTKBANK,798.6596,1.9822,34.5874,93.803
2026-09-22,15:29,LALPATHLAB,3169.7082,2.2084,29.9016,19.568
2026-09-22,15:29,LANDMARK,538.0007,3.0791,46.6307,-15.2767
2026-09-22,15:29,LAURUSLABS,6176.3098,1.7813,29.9417,141.0789
2026-09-22,15:29,LAXMIINDIA,130.1125,3.3885,58.401,-17.2098
2026-09-22,15:29,LENSKART,1173.6787,1.504,1.7e+308,1.7e+308
2026-09-22,15:29,LGEINDIA,945.7649,1.7685,1.7e+308,1.7e+308
2026-09-22,15:29,LICHSGFIN,355.6696,1.6829,25.6042,0.0088
2026-09-22,15:29,LIKHITHA,379.9185,2.7183,51.8584,-2.8345
2026-09-22,15:29,LIQGRWBEES,176.8729,0.0112,0.1896,4.6415
2026-09-22,15:29,LIQUID1,200.3164,0.0122,0.2014,4.9551
2026-09-22,15:29,LIQUIDADD,200.2543,0.0118,0.1984,4.8491
2026-09-22,15:29,LIQUIDBETF,188.8433,0.0123,0.2095,4.756
2026-09-22,15:29,LIQUIDPLUS,195.4789,0.0123,0.2047,4.925
2026-09-22,15:29,LIQUIDSHRI,187.9129,0.0112,0.1942,4.6604
2026-09-22,15:29,LLOYDSENGG,202.6108,3.3112,49.6175,45.2312
2026-09-22,15:29,LLOYDSENT,93.8943,2.5504,51.7519,11.4259
2026-09-22,15:29,LLOYDSME,4136.5584,1.8749,36.4917,49.069
2026-09-22,15:29,LMW,11783.2998,1.9307,32.4847,16.8937
2026-09-22,15:29,LODHA,436.6024,2.54,37.9973,0.2541
2026-09-22,15:29,LOKESHMACH,989.9832,2.7479,51.1286,75.8646
2026-09-22,15:29,LOTUSDEV,432.137,2.6449,44.295,10.4545
2026-09-22,15:29,LTF,122.7943,2.1576,34.8259,29.0364
2026-09-22,15:29,LUMAXTECH,3051.2537,2.9609,54.3239,62.9881
2026-09-22,15:29,LUXIND,1103.2891,2.3428,47.0856,-11.479
2026-09-22,15:29,LXCHEM,193.9282,2.9655,44.2097,-14.6153
2026-09-22,15:29,LYKALABS,109.3986,2.6601,44.8172,-8.5925
2026-09-22,15:29,MACPOWER,7424.0989,4.0866,55.0404,151.0778
2026-09-22,15:29,MAFANG,507.302,1.8723,25.3477,40.8183
2026-09-22,15:29,MAGADSUGAR,445.5948,2.5154,35.8846,-8.1024
2026-09-22,15:29,MAHABANK,105.1814,2.0218,35.9148,52.6209
2026-09-22,15:29,MAHASTEEL,2392.6303,3.0643,46.7396,168.7317
2026-09-22,15:29,MAHESHWARI,176.0053,1.8659,39.561,24.0333
2026-09-22,15:29,MAHSEAMLES,999.4096,1.7532,26.2004,16.8482
2026-09-22,15:29,MANAKCOAT,85.2739,2.4575,46.044,0.6754
2026-09-22,15:29,MANAKSTEEL,284.9078,3.0235,55.3863,81.0432
2026-09-22,15:29,MANALIPETC,160.4389,3.2974,45.7836,31.4998
2026-09-22,15:29,MANAPPURAM,103.2589,2.1369,33.6893,15.3124
2026-09-22,15:29,MANBA,76.4054,1.8691,28.2124,0.4048
2026-09-22,15:29,MANCREDIT,377.8098,2.957,36.4772,19.492
2026-09-22,15:29,MANGLMCEM,1416.1664,1.9861,31.3359,35.9773
2026-09-22,15:29,MANINDS,2640.3896,3.2452,57.4531,105.5381
2026-09-22,15:29,MANINFRA,79.4442,2.4416,39.355,-16.7852
2026-09-22,15:29,MANKIND,2601.6286,1.6894,25.9686,-0.1168
2026-09-22,15:29,MANORAMA,3105.2093,2.9322,44.5925,36.0239
2026-09-22,15:29,MANORG,307.6062,3.5431,51.691,-13.4081
2026-09-22,15:29,MANYAVAR,496.4489,2.3695,35.2142,-23.956
2026-09-22,15:29,MARALOVER,94.2664,3.5786,51.5268,31.3346
2026-09-22,15:29,MARICO,433.1912,1.1738,18.323,18.8516
2026-09-22,15:29,MARINE,1418.5853,3.4952,52.4571,93.6782
2026-09-22,15:29,MARKOLINES,65.3043,1.92,1.7e+308,1.7e+308
2026-09-22,15:29,MARKSANS,937.7027,3.2236,42.9892,102.549
2026-09-22,15:29,MASPTOP50,168.8733,3.227,35.3121,43.4993
2026-09-22,15:29,MATRIMONY,208.9986,2.3497,34.6699,6.1687
2026-09-22,15:29,MAWANASUG,321.622,3.1524,42.1602,49.3014
2026-09-22,15:29,MAXESTATES,1164.9961,2.7485,40.9781,29.4431
2026-09-22,15:29,MAYURUNIQ,1017.3952,2.8517,38.032,42.5221
2026-09-22,15:29,MAZDA,125.4611,3.251,45.6682,-7.7347
2026-09-22,15:29,MBAPL,451.0523,2.7355,38.7279,102.6915
2026-09-22,15:29,MBECL,2628.8542,670.5349,6700.9794,8416.6333
2026-09-22,15:29,MCX,5718.0013,2.2862,39.0009,105.9592
2026-09-22,15:29,MEDANTA,2162.5461,1.7883,29.9432,14.4726
2026-09-22,15:29,MEESHO,541.6597,2.9809,1.7e+308,1.7e+308
2026-09-22,15:29,MEGASTAR,285.9001,2.5723,45.0242,31.1577
2026-09-22,15:29,MENONBE,1170.1438,3.5351,46.1961,139.9844
2026-09-22,15:29,METROPOLIS,653.9732,2.0644,29.919,17.6214
2026-09-22,15:29,MID150BEES,61.3973,0.7715,15.8862,9.1342
2026-09-22,15:29,MIDCAPBETA,66.8547,0.8433,18.1567,9.8329
2026-09-22,15:29,MIDHANI,336.4442,3.0319,45.4963,8.125
2026-09-22,15:29,MINDACORP,542.0319,1.8767,32.4998,19.972
2026-09-22,15:29,MITCON,127.1976,2.3499,43.6136,20.445
2026-09-22,15:29,MMFL,858.3205,2.48,43.231,95.4965
2026-09-22,15:29,MMP,1285.6199,3.132,43.9848,65.0742
2026-09-22,15:29,MODEFENCE,101.3984,1.3641,25.4734,18.8846
2026-09-22,15:29,MODIS,94.2663,2.1785,1.7e+308,1.7e+308
2026-09-22,15:29,MODISONLTD,1998.0755,4.5221,56.9709,193.5553
2026-09-22,15:29,MOHEALTH,58.2343,0.8707,14.1113,20.453
2026-09-22,15:29,MOLDTECH,335.2039,3.5367,51.2106,13.1189
2026-09-22,15:29,MOLDTKPAC,520.9459,2.3915,38.9681,-13.0325
2026-09-22,15:29,MON100,587.3665,1.4046,23.3245,51.4707
2026-09-22,15:29,MONARCH,430.0905,2.0285,33.6594,13.6265
2026-09-22,15:29,MONQ50,953.5791,5.4463,57.3984,174.6805
2026-09-22,15:29,MOREPENLAB,499.1778,4.3453,55.983,143.585
2026-09-22,15:29,MOSCHIP,108.3443,2.8702,55.0026,-13.5057
2026-09-22,15:29,MOTHERSON,189.215,1.9774,34.3465,53.1043
2026-09-22,15:29,MOTILALOFS,1379.5764,2.1887,39.6071,10.5682
2026-09-22,15:29,MPSLTD,6883.9278,3.2555,45.1752,18.6238
2026-09-22,15:29,MSTCLTD,1671.6782,3.7846,48.4811,54.4721
2026-09-22,15:29,MTARTECH,22261.134,4.5321,61.6683,281.9053
2026-09-22,15:29,MUFIN,100.4682,1.5513,37.8017,53.7365
2026-09-22,15:29,MUKANDLTD,62.5135,1.5423,33.1995,9.5437
2026-09-22,15:29,MUNJALAU,122.1742,3.5811,48.9672,1.1485
2026-09-22,15:29,MVGJL,251.1703,3.384,43.1311,11.6954
2026-09-22,15:29,MWL,92.4679,2.1322,1.7e+308,85.481
2026-09-22,15:29,NAHARINDUS,152.7488,2.7216,40.7347,15.2823
2026-09-22,15:29,NAHARSPING,459.6728,2.2992,38.8293,33.6846
2026-09-22,15:29,NAM-INDIA,1529.3481,2.0539,38.6314,35.413
2026-09-22,15:29,NAUKRI,1010.2631,2.192,30.7707,-0.9269
2026-09-22,15:29,NAVINFLUOR,13234.5062,2.2069,36.7633,84.5097
2026-09-22,15:29,NAVINIFTY,435.4239,1.9962,28.9111,43.3632
2026-09-22,15:29,NAZARA,566.5287,2.2343,39.3022,32.3036
2026-09-22,15:29,NDGL,386.9878,2.3466,40.1323,-33.4464
2026-09-22,15:29,NDLVENTURE,137.1204,1.9979,41.425,49.3557
2026-09-22,15:29,NDRAUTO,94.2665,2.0226,40.8804,-26.8951
2026-09-22,15:29,NELCO,2318.5191,3.297,46.8096,17.8166
2026-09-22,15:29,NEOGEN,6777.2574,2.8474,49.9491,56.6087
2026-09-22,15:29,NEPHROPLUS,1096.157,2.5925,1.7e+308,1.7e+308
2026-09-22,15:29,NESTLEIND,504.2015,1.2465,20.7501,17.3146
2026-09-22,15:29,NETWEB,10665.1264,3.6586,59.165,30.3513
2026-09-22,15:29,NEULANDLAB,58879.2885,2.2067,39.6923,61.4636
2026-09-22,15:29,NEWGEN,99.848,3.3369,53.0242,-44.2156
2026-09-22,15:29,NEXT50,219.0454,0.8685,16.8037,7.7395
2026-09-22,15:29,NGIL,79.8164,2.9394,54.6395,33.3333
2026-09-22,15:29,NGLFINE,3609.4108,4.0499,57.2664,105.9345
2026-09-22,15:29,NH,393.8103,1.7714,30.5516,9.1768
2026-09-22,15:29,NIACL,229.0302,3.6201,47.7054,-0.2555
2026-09-22,15:29,NIBE,2413.096,3.4709,52.5539,-0.6527
2026-09-22,15:29,NIFTY100EQLWGT,1226.0785,0.7482,14.8614,3.8003
2026-09-22,15:29,NIFTY200ALPHA30,5454.7303,0.9883,18.9258,8.8778
2026-09-22,15:29,NIFTY500MOMENTM50,11884.078,0.9948,18.547,7.3611
2026-09-22,15:29,NIFTY500MULTICAP,1277.2489,0.7217,14.4724,2.9315
2026-09-22,15:29,NIFTY50ADD,129.3682,0.4992,11.6205,6.7296
2026-09-22,15:29,NIFTY50PR1XINV,140.4693,0.681,13.1926,9.219
2026-09-22,15:29,NIFTY50TR1XINV,106.0497,0.6822,13.2158,8.1317
2026-09-22,15:29,NIFTYALPHA50,32207.46,1.0083,19.0509,12.5008
2026-09-22,15:29,NIFTYCAPITALMKT,3059.6274,1.1672,24.3673,26.7921
2026-09-22,15:29,NIFTYCHEMICALS,6235.5313,0.9905,1.7e+308,1.7e+308
2026-09-22,15:29,NIFTYCONSURDURBL,2132.7676,1.109,20.2008,1.1984
2026-09-22,15:29,NIFTYEES,23597.5477,1.6253,39.3689,55.5137
2026-09-22,15:29,NIFTYGS10YR,268.908,0.2025,3.3752,2.403
2026-09-22,15:29,NIFTYGS1115YR,681.1978,0.2198,3.8486,4.4033
2026-09-22,15:29,NIFTYGS15YRPLUS,634.8725,0.3101,5.2454,2.7124
2026-09-22,15:29,NIFTYGS48YR,494.3402,0.1675,2.5864,4.4417
2026-09-22,15:29,NIFTYGS813YR,370.1192,0.1895,3.1784,3.3703
2026-09-22,15:29,NIFTYGSCOMPSITE,486.9605,0.1982,3.3445,3.6147
2026-09-22,15:29,NIFTYHEALTHCARE,14486.9481,0.7458,13.5333,18.1162
2026-09-22,15:29,NIFTYINDDEFENCE,9177.3288,1.3527,24.6816,19.142
2026-09-22,15:29,NIFTYINDDIGITAL,754.7526,1.0095,17.3985,-1.5608
2026-09-22,15:29,NIFTYINDIAMFG,1982.3876,0.7697,15.3796,7.8053
2026-09-22,15:29,NIFTYM150MOMNTM50,7100.068,0.9462,18.1033,7.1332
2026-09-22,15:29,NIFTYM150QLTY50,1824.861,0.7707,15.4252,-0.6394
2026-09-22,15:29,NIFTYMEDIA,693.9737,1.3885,22.066,-0.0476
2026-09-22,15:29,NIFTYMETAL,6930.7497,1.1585,22.3995,31.3716
2026-09-22,15:29,NIFTYMICROCAP250,28183.7926,0.9978,19.7302,14.1664
2026-09-22,15:29,NIFTYMIDCAP150,5599.2356,0.7982,15.9952,8.6774
2026-09-22,15:29,NIFTYMIDCAP50,5694.127,0.7922,16.23,12.4278
2026-09-22,15:29,NIFTYMIDLIQ15,8028.772,0.9703,18.6581,14.989
2026-09-22,15:29,NIFTYMIDSELECT,5680.482,0.8642,17.6056,15.7677
2026-09-22,15:29,NIFTYMIDSMALLCAP400,9080.893,0.8064,16.1193,8.8645
2026-09-22,15:29,NIFTYMIDSMLHLTH,65824.628,0.8147,14.3812,22.4652
2026-09-22,15:29,NIFTYMS400MQ100,24203.5373,0.8469,17.1736,8.5045
2026-09-22,15:29,NIFTYMULTIMFG,4324.7847,0.7135,15.2342,7.143
2026-09-22,15:29,NIFTYSMALLCAP250,14092.2052,0.879,17.0497,9.4557
2026-09-22,15:29,NIFTYSMALLCAP50,9837.8138,0.9235,18.156,17.4284
2026-09-22,15:29,NIFTYSML250MQ100,41112.5483,0.9189,17.8504,9.5001
2026-09-22,15:29,NIITLTD,85.3979,4.0942,53.0332,-15.1469
2026-09-22,15:29,NILKAMAL,2700.2363,2.8324,35.7649,20.3252
2026-09-22,15:29,NINSYS,2320.0696,1.8656,44.0572,62.4886
2026-09-22,15:29,NITCO,70.7618,3.0135,51.2357,-17.992
2026-09-22,15:29,NITINSPIN,1694.6248,2.4686,38.6013,84.3357
2026-09-22,15:29,NITIRAJ,287.0164,2.7515,42.4149,13.2885
2026-09-22,15:29,NOCIL,264.1319,3.0482,41.5462,9.5671
2026-09-22,15:29,NORTHARC,395.9808,2.5662,39.4305,20.43
2026-09-22,15:29,NOVARTIND,7772.0169,4.1443,66.6163,228.3361
2026-09-22,15:29,NPST,4455.9478,3.5099,58.8897,-1.2237
2026-09-22,15:29,NRAIL,1237.5565,3.199,53.4279,69.3766
2026-09-22,15:29,NRBBEARING,1476.0133,2.9443,42.1305,86.0257
2026-09-22,15:29,NRL,641.9418,2.5618,35.9863,118.6551
2026-09-22,15:29,NURECA,338.3047,3.2418,53.9211,47.149
2026-09-22,15:29,NUVAMA,2331.853,2.3855,36.4809,37.0155
2026-09-22,15:29,NYKAA,388.2286,1.6769,28.1831,44.6319
2026-09-22,15:29,OAL,1605.0096,3.5254,48.5945,65.6701
2026-09-22,15:29,OBEROIRLTY,1848.1175,1.7676,27.7417,16.9804
2026-09-22,15:29,OCCLLTD,366.9568,3.7593,53.0941,17.4817
2026-09-22,15:29,OFSS,26977.5548,2.1458,34.5158,29.0546
2026-09-22,15:29,OIL,72.8704,2.0409,30.8749,13.833
2026-09-22,15:29,OILCOUNTUB,116.3446,2.1658,58.0407,-0.3508
2026-09-22,15:29,OLECTRA,1217.4005,2.2966,43.2083,-21.6529
2026-09-22,15:29,OMAXAUTO,469.5955,4.5564,62.049,33.8711
2026-09-22,15:29,OMAXE,232.131,4.0613,55.524,40.6156
2026-09-22,15:29,ONELIFECAP,118.2051,2.9917,51.3208,161.2472
2026-09-22,15:29,ONEPOINT,95.9409,2.1141,38.3061,44.1277
2026-09-22,15:29,ONESOURCE,2497.4398,1.7438,41.9805,-11.2806
2026-09-22,15:29,OPTIEMUS,1836.0243,3.5193,52.9982,7.9653
2026-09-22,15:29,ORBTEXP,274.3029,4.1971,58.4826,26.3041
2026-09-22,15:29,ORCHPHARMA,2745.8186,3.1203,44.6821,53.4687
2026-09-22,15:29,ORIENTBELL,605.9096,2.7157,50.165,32.3227
2026-09-22,15:29,ORIENTHOT,249.744,3.6392,46.8495,8.1359
2026-09-22,15:29,ORIENTLTD,129.2442,3.5419,46.5297,-0.6189
2026-09-22,15:29,ORKLAINDIA,143.8804,1.433,1.7e+308,1.7e+308
2026-09-22,15:29,PAGEIND,22450.287,1.7203,24.5397,-9.9176
2026-09-22,15:29,PAISALO,366.2125,2.9112,44.863,146.5822
2026-09-22,15:29,PANACEABIO,202.1767,3.7765,55.6983,-5.4368
2026-09-22,15:29,PANACHE,1153.523,2.7075,49.3197,26.4704
2026-09-22,15:29,PANAMAPET,1176.1593,4.1376,50.3496,72.4601
2026-09-22,15:29,PAR,253.7751,4.5067,56.1306,32.4428
2026-09-22,15:29,PARACABLES,161.5552,4.205,59.4917,38.515
2026-09-22,15:29,PARADEEP,194.8586,2.3852,43.6357,-15.5001
2026-09-22,15:29,PARAGMILK,356.2898,2.5703,48.1805,3.6081
2026-09-22,15:29,PARAS,4563.8582,3.9364,51.4932,97.9706
2026-09-22,15:29,PARKHOSPS,679.5243,2.4936,1.7e+308,1.7e+308
2026-09-22,15:29,PASUPTAC,140.3453,2.9668,54.3623,68.5128
2026-09-22,15:29,PATELRMART,77.5837,2.6456,47.1422,-7.7655
2026-09-22,15:29,PAUSHAKLTD,1238.7969,3.1888,1.7e+308,1.7e+308
2026-09-22,15:29,PAYTM,4267.4149,2.6714,39.5404,61.2513
2026-09-22,15:29,PCBL,288.6908,2.8727,47.101,-7.279
2026-09-22,15:29,PDMJEPAPER,88.3747,2.3897,36.9415,-17.239
2026-09-22,15:29,PDSL,231.0147,2.217,42.0716,11.507
2026-09-22,15:29,PFOCUS,593.1963,3.2317,55.3756,94.8912
2026-09-22,15:29,PGHL,2914.8163,1.8477,24.4776,-13.1907
2026-09-22,15:29,PGIL,2492.1681,2.8873,50.9295,86.6302
2026-09-22,15:29,PHOENIXLTD,1351.3586,1.6381,26.4659,26.8112
2026-09-22,15:29,PICCADIL,193.8043,2.5772,43.1353,-8.5935
2026-09-22,15:29,PIDILITIND,579.2416,1.3678,21.9958,6.6382
2026-09-22,15:29,PIRAMALFIN,2713.8798,1.8554,1.7e+308,1.7e+308
2026-09-22,15:29,PITTIENG,1347.0173,2.2039,39.9928,11.0737
2026-09-22,15:29,PIXTRANS,1973.3923,2.6459,32.2465,20.523
2026-09-22,15:29,PKTEA,1392.9103,4.0982,55.126,17.2207
2026-09-22,15:29,PLASTIBLEN,194.5485,2.1329,35.0515,0.2156
2026-09-22,15:29,PLAZACABLE,137.8026,3.6682,51.2767,13.1359
2026-09-22,15:29,PNBHOUSING,1795.7128,1.6704,32.3165,30.2627
2026-09-22,15:29,PNGJL,195.0447,2.3225,34.4386,0.5799
2026-09-22,15:29,PODDARMENT,210.611,2.9208,40.2885,1.2627
2026-09-22,15:29,POLICYBZR,1743.9281,2.0213,33.778,7.6263
2026-09-22,15:29,POLYCAB,4728.8243,1.8042,30.6692,14.0321
2026-09-22,15:29,POLYMED,2541.472,2.5526,42.6866,-13.2942
2026-09-22,15:29,POLYPLEX,1532.139,2.3223,33.4317,3.8235
2026-09-22,15:29,PONNIERODE,604.3591,2.671,36.2993,26.7866
2026-09-22,15:29,POWERINDIA,55797.0254,2.7213,44.9,64.399
2026-09-22,15:29,POWERMECH,2147.6617,2.1098,38.3916,-8.9788
2026-09-22,15:29,PPAP,193.2461,4.3239,57.8307,2.4444
2026-09-22,15:29,PPL,383.5154,3.0068,44.8894,-10.4781
2026-09-22,15:29,PPLPHARMA,273.9307,2.3564,34.7875,11.9267
2026-09-22,15:29,PRABHA,483.3014,2.8979,46.0631,9.1246
2026-09-22,15:29,PRECOT,1131.5068,3.41,61.61,54.406
2026-09-22,15:29,PRECWIRE,1423.4846,3.8523,60.684,171.0414
2026-09-22,15:29,PREMEXPLN,1284.9999,3.42,54.2499,14.5223
2026-09-22,15:29,PREMIERENE,917.857,1.806,34.7707,-11.781
2026-09-22,15:29,PREMIERPOL,179.5403,3.6458,58.1358,77.3643
2026-09-22,15:29,PRICOLLTD,835.0636,2.4143,38.8954,42.2407
2026-09-22,15:29,PRIVISCL,4819.9895,1.7825,34.4917,48.7915
2026-09-22,15:29,PRUDENT,4800.7635,2.3575,37.8183,33.332
2026-09-22,15:29,PSPPROJECT,265.4343,2.7992,45.9507,7.1572
2026-09-22,15:29,PTCIL,23231.7058,2.7391,37.0173,45.1243
2026-09-22,15:29,PVP,224.2548,4.2112,64.5093,112.6586
2026-09-22,15:29,PVRINOX,1746.7193,1.9671,31.0828,20.415
2026-09-22,15:29,PWL,179.9744,3.2564,1.7e+308,1.7e+308
2026-09-22,15:29,QPOWER,4251.6005,3.2297,55.9621,47.1804
2026-09-22,15:29,QUADFUTURE,1423.919,4.1092,60.4394,30.2906
2026-09-22,15:29,QUESS,963.3159,2.7072,37.3258,42.5831
2026-09-22,15:29,RACLGEAR,3451.8865,3.0847,57.8944,58.2074
2026-09-22,15:29,RADICO,10291.1613,1.5106,33.0465,54.3222
2026-09-22,15:29,RAIN,416.5706,3.6964,54.4556,69.098
2026-09-22,15:29,RAINBOW,1518.1855,1.2588,22.3284,5.0742
2026-09-22,15:29,RAMCOSYS,426.6798,4.9049,65.0295,19.4114
2026-09-22,15:29,RAMRAT,1554.7755,2.9793,42.7698,75.0498
2026-09-22,15:29,RANEHOLDIN,855.8397,2.8775,41.5138,-1.4849
2026-09-22,15:29,RATEGAIN,1796.3332,2.6559,43.5872,28.9056
2026-09-22,15:29,RATNAMANI,3291.2614,2.8322,45.6721,15.2415
2026-09-22,15:29,RATNAVEER,1149.6159,3.6564,51.6685,103.2665
2026-09-22,15:29,RAYMOND,4457.1879,3.9677,50.2644,83.9661
2026-09-22,15:29,RAYMONDREL,913.5157,3.911,57.2697,-3.8179
2026-09-22,15:29,RBA,183.1373,3.0231,38.7695,18.2323
2026-09-22,15:29,RBLBANK,678.4701,1.8319,31.2419,55.3883
2026-09-22,15:29,RBZJEWEL,158.6404,3.6962,51.3372,33.3483
2026-09-22,15:29,REDINGTON,915.3764,2.6474,50.6965,54.9485
2026-09-22,15:29,REFEX,363.6698,2.6773,53.2467,-21.9421
2026-09-22,15:29,REGAAL,232.5651,3.4413,56.008,8.3724
2026-09-22,15:29,RGL,250.178,3.4775,57.1353,37.8165
2026-09-22,15:29,RISHABH,1858.6604,3.3293,51.2446,85.2956
2026-09-22,15:29,RITCO,342.2119,2.8224,42.4491,8.7879
2026-09-22,15:29,RKFORGE,898.9418,2.1501,35.8081,34.4439
2026-09-22,15:29,RML,3185.2122,3.3522,43.651,64.7296
2026-09-22,15:29,ROLEXRINGS,211.9753,2.438,44.2614,29.9533
2026-09-22,15:29,ROSSTECH,4833.9434,3.9065,62.2137,104.7975
2026-09-22,15:29,RPEL,6241.118,3.5536,52.6912,168.832
2026-09-22,15:29,RPGLIFE,4789.6008,2.8241,37.3185,19.161
2026-09-22,15:29,RPSGVENT,769.9458,2.2799,47.8632,0.2143
2026-09-22,15:29,RPTECH,3212.1894,3.441,44.9226,180.0919
2026-09-22,15:29,RRKABEL,6627.1757,2.8835,38.9322,102.9467
2026-09-22,15:29,RSWM,396.1049,2.6807,41.0136,53.5407
2026-09-22,15:29,RUBICON,5498.7696,3.3997,1.7e+308,1.7e+308
2026-09-22,15:29,RUBYMILLS,1577.0397,3.9858,53.5893,107.7743
2026-09-22,15:29,RVTH,314.1177,3.1929,48.1628,-39.7172
2026-09-22,15:29,S&SPOWER,162.4856,2.986,54.8339,-16.2399
2026-09-22,15:29,SAATVIKGL,170.2377,2.3256,1.7e+308,1.3728
2026-09-22,15:29,SAHYADRI,619.1814,3.0629,40.6009,39.098
2026-09-22,15:29,SAIL,91.3516,2.4034,36.0945,32.8118
2026-09-22,15:29,SAILIFE,4252.2209,1.972,34.0575,86.4515
2026-09-22,15:29,SAKAR,4599.5182,3.8228,54.2716,233.352
2026-09-22,15:29,SALONA,109.7707,2.1317,36.6951,12.1252
2026-09-22,15:29,SALSTEEL,206.7039,3.379,58.2315,191.1902
2026-09-22,15:29,SAMBHV,321.374,2.9164,45.839,32.5829
2026-09-22,15:29,SANATHAN,272.8764,2.0813,33.1787,-5.74
2026-09-22,15:29,SANDHAR,349.4677,2.8745,44.0786,29.2691
2026-09-22,15:29,SANGAMIND,649.9419,1.9562,35.34,30.8585
2026-09-22,15:29,SANGHVIMOV,926.2292,3.0807,51.2373,19.9563
2026-09-22,15:29,SANGINITA,375.019,2.3921,47.9122,640.6814
2026-09-22,15:29,SANSERA,14497.1804,2.7492,42.0776,220.0628
2026-09-22,15:29,SANSTAR,145.6788,2.9139,39.3982,18.5119
2026-09-22,15:29,SAPPHIRE,117.2129,2.5717,45.8273,-21.2089
2026-09-22,15:29,SAREGAMA,994.1385,3.0729,41.9267,6.5855
2026-09-22,15:29,SARLAPOLY,119.4455,1.8006,38.8147,-0.0403
2026-09-22,15:29,SASKEN,3259.6327,4.2139,55.0483,26.2749
2026-09-22,15:29,SATIN,427.1136,2.4628,33.2582,53.8674
2026-09-22,15:29,SBC,116.5926,2.0332,26.0323,128.0222
2026-09-22,15:29,SBCL,3808.1767,4.024,55.182,109.5778
2026-09-22,15:29,SBILIQETF,186.4246,0.0125,0.7362,4.9032
2026-09-22,15:29,SCHAEFFLER,1749.509,1.5526,29.1844,1.5581
2026-09-22,15:29,SCHNEIDER,2496.1987,3.5217,48.9883,45.3261
2026-09-22,15:29,SCI,103.383,2.2402,46.0342,24.684
2026-09-22,15:29,SCPL,1997.5794,3.8654,56.2502,177.2057
2026-09-22,15:29,SEAMECLTD,2232.6252,2.4099,36.0964,91.881
2026-09-22,15:29,SECMARK,163.4158,3.4253,63.601,14.9675
2026-09-22,15:29,SENORES,3698.4059,2.9474,40.8656,104.8545
2026-09-22,15:29,SETFNN50,239.759,0.8612,16.2101,7.9248
2026-09-22,15:29,SETL,1681.5388,3.7255,51.59,128.0736
2026-09-22,15:29,SFL,403.4229,2.6182,39.4215,-2.7892
2026-09-22,15:29,SGFIN,1359.4206,2.3849,42.2486,78.6869
2026-09-22,15:29,SGIL,946.0749,2.6741,41.0076,18.817
2026-09-22,15:29,SGMART,1878.506,2.7483,1.7e+308,98.8704
2026-09-22,15:29,SHADOWFAX,981.8589,3.2119,1.7e+308,1.7e+308
2026-09-22,15:29,SHAHALLOYS,140.9655,3.4428,52.2579,35.2473
2026-09-22,15:29,SHAILY,7225.6441,2.4557,51.735,41.2688
2026-09-22,15:29,SHALPAINTS,102.5767,4.3949,61.5046,1.9165
2026-09-22,15:29,SHANKARA,250.6742,1.6659,45.8101,-35.335
2026-09-22,15:29,SHANTIGEAR,1365.0023,3.3998,41.6595,27.4981
2026-09-22,15:29,SHANTIGOLD,249.3099,2.7944,45.9409,18.1881
2026-09-22,15:29,SHARDAMOTR,269.4655,1.9992,36.4205,-5.7871
2026-09-22,15:29,SHAREINDIA,458.1224,3.2787,53.2714,74.4279
2026-09-22,15:29,SHEKHAWATI,57.8622,4.1799,65.7225,8.5282
2026-09-22,15:29,SHEMAROO,87.5065,2.7159,44.9637,6.5934
2026-09-22,15:29,SHILCTECH,1037.5509,3.0097,1.7e+308,1.7e+308
2026-09-22,15:29,SHILPAMED,4380.597,3.0557,42.1421,167.704
2026-09-22,15:29,SHIVALIK,850.2581,4.0047,53.332,-4.5559
2026-09-22,15:29,SHIVAUM,1327.7917,2.8627,1.7e+308,1.7e+308
2026-09-22,15:29,SHREEJISPG,1977.4236,2.3097,42.9815,192.0625
2026-09-22,15:29,SHREEPUSHK,876.6155,2.7806,53.4178,15.7154
2026-09-22,15:29,SHRIPISTON,8859.8017,1.9686,38.7831,69.9597
2026-09-22,15:29,SHYAMMETL,1331.2026,1.6665,28.5523,20.5952
2026-09-22,15:29,SICAGEN,200.6262,3.741,137.0559,228.3912
2026-09-22,15:29,SIEMENS,4598.5878,1.8223,30.9079,24.6003
2026-09-22,15:29,SIGIND,128.624,3.0293,45.5983,37.0627
2026-09-22,15:29,SIGMAADV,4723.8628,3.6254,57.1826,501.5992
2026-09-22,15:29,SIGNPOST,160.2528,3.3266,48.279,1.1936
2026-09-22,15:29,SILVERTUC,178.9201,2.9249,52.7528,119.6562
2026-09-22,15:29,SIMPLEXINF,184.0675,3.1578,54.3804,-9.9912
2026-09-22,15:29,SIS,599.7078,1.9548,29.685,22.8418
2026-09-22,15:29,SJS,3145.5213,2.0902,37.3353,59.1789
2026-09-22,15:29,SKFINDUS,2094.3262,2.3088,1.7e+308,1.7e+308
2026-09-22,15:29,SKIPPER,1164.3761,2.5709,40.5363,9.8171
2026-09-22,15:29,SKMEGGPROD,256.3798,4.1315,57.2345,39.0198
2026-09-22,15:29,SKYGOLD,2665.5064,3.3957,48.8561,194.5138
2026-09-22,15:29,SMARTLINK,613.9099,3.524,47.652,48.9558
2026-09-22,15:29,SMARTWORKS,538.0009,2.0802,35.7062,-5.5319
2026-09-22,15:29,SMLMAH,12706.7378,4.0416,59.8355,110.8939
2026-09-22,15:29,SMSPHARMA,906.694,2.9803,51.3606,92.0494
2026-09-22,15:29,SOFTTECH,1164.9963,2.2306,43.6993,34.4623
2026-09-22,15:29,SOLARA,1519.1153,3.3549,46.1285,21.006
2026-09-22,15:29,SOLARINDS,42463.2914,2.4756,35.6646,44.4864
2026-09-22,15:29,SOMANYCERA,1195.3848,2.2832,36.3767,31.48
2026-09-22,15:29,SONACOMS,1742.998,1.8005,31.6354,98.7227
2026-09-22,15:29,SONAMLTD,155.4775,3.2999,46.0474,53.9395
2026-09-22,15:29,SOTL,2277.2776,4.1315,48.7377,83.7519
2026-09-22,15:29,SPAL,1377.0956,3.6214,50.0619,38.0151
2026-09-22,15:29,SPARC,408.4464,3.8619,57.1149,50.2429
2026-09-22,15:29,SPECIALITY,276.8455,3.0787,46.9936,17.8887
2026-09-22,15:29,SPECTRUM,12287.5013,3.9354,56.9896,143.4311
2026-09-22,15:29,SPLPETRO,1489.0368,2.1643,40.9765,-0.6149
2026-09-22,15:29,SPORTKING,655.5236,3.2774,47.7229,112.3243
2026-09-22,15:29,SREEL,439.4551,3.3605,38.7052,20.5842
2026-09-22,15:29,SRHHYPOLTD,679.4002,2.8348,38.2719,3.3724
2026-09-22,15:29,SRM,172.4082,2.1434,45.5378,-23.1136
2026-09-22,15:29,SSWL,880.8326,2.9168,42.2337,58.8435
2026-09-22,15:29,STALLION,377.4377,4.0662,74.534,11.9673
2026-09-22,15:29,STAR,2231.0748,2.2977,38.3256,49.2827
2026-09-22,15:29,STARHEALTH,475.9831,1.4293,24.0313,22.1487
2026-09-22,15:29,STARPAPER,73.7386,1.8761,27.6446,-6.9827
2026-09-22,15:29,STEELCAS,780.7986,2.5926,46.1348,66.4448
2026-09-22,15:29,STEL,1133.9874,2.692,50.7011,49.2969
2026-09-22,15:29,STLNETWORK,161.8653,3.1414,1.7e+308,57.2757
2026-09-22,15:29,STLTECH,4241.3056,3.5213,62.2704,617.0126
2026-09-22,15:29,STOVEKRAFT,1961.6093,2.3237,43.8146,23.6722
2026-09-22,15:29,STYL,617.817,2.9934,1.7e+308,1.7e+308
2026-09-22,15:29,STYLAMIND,6766.0948,2.6118,36.3623,100.3026
2026-09-22,15:29,STYLEBAAZA,132.7171,3.2349,57.2184,4.0938
2026-09-22,15:29,STYRENIX,734.9058,1.9117,30.9796,-12.9654
2026-09-22,15:29,SUDARCOLOR,173.6486,2.3507,39.7701,-34.0656
2026-09-22,15:29,SUDARSCHEM,1895.251,2.7803,40.39,-12.0963
2026-09-22,15:29,SUDEEPPHRM,3278.8579,3.1712,1.7e+308,1.7e+308
2026-09-22,15:29,SUMICHEM,312.8777,2.8075,36.1942,-14.5579
2026-09-22,15:29,SUNDRMBRAK,335.5138,3.112,44.0147,-8.0277
2026-09-22,15:29,SUNDRMFAST,1642.5302,1.74,26.7668,20.1473
2026-09-22,15:29,SUNDROP,442.1838,1.794,28.9322,-7.3799
2026-09-22,15:29,SUNFLAG,681.9429,3.1566,43.2344,38.2055
2026-09-22,15:29,SUNPHARMA,923.4388,1.0447,19.3445,16.3673
2026-09-22,15:29,SUPRAJIT,307.2962,1.7346,32.1764,-2.1455
2026-09-22,15:29,SUPRIYA,1601.5985,3.7566,47.4902,33.7749
2026-09-22,15:29,SURAKSHA,423.2685,2.5348,34.2809,18.5906
2026-09-22,15:29,SURYODAY,102.5767,2.5599,42.9464,10.1663
2026-09-22,15:29,SUVEN,1140.6855,4.2831,59.0316,60.464
2026-09-22,15:29,SVLL,1928.4301,3.3114,44.5293,14.7002
2026-09-22,15:29,SWANDEF,5381.8674,1.9938,1533.7555,371.6687
2026-09-22,15:29,SWELECTES,186.3621,2.2628,45.4879,-38.0095
2026-09-22,15:29,SYRMA,5389.3096,2.8072,45.0564,116.9521
2026-09-22,15:29,TAINWALCHM,247.4493,2.8565,53.2827,4.1115
2026-09-22,15:29,TALBROAUTO,1187.3224,2.616,41.5964,60.2765
2026-09-22,15:29,TANLA,108.8406,2.4796,46.3549,-29.9942
2026-09-22,15:29,TARIL,59.7848,2.488,59.4136,-43.6584
2026-09-22,15:29,TARSONS,812.6755,4.0681,52.0805,7.8926
2026-09-22,15:29,TASTYBITE,13374.0453,2.5482,35.541,9.9256
2026-09-22,15:29,TATACOMM,220.1617,2.0209,33.9597,4.877
2026-09-22,15:29,TATAINVEST,323.1103,2.0246,45.4714,-21.2728
2026-09-22,15:29,TATATECH,727.4636,2.4962,33.1844,7.2306
2026-09-22,15:29,TATVA,3392.35,3.3222,52.8954,72.5905
2026-09-22,15:29,TBOTEK,1136.1579,2.2643,39.8771,13.9827
2026-09-22,15:29,TBZ,3151.5364,5.2713,64.3282,267.7389
2026-09-22,15:29,TCPLPACK,5886.6882,3.4326,44.5493,15.7339
2026-09-22,15:29,TDPOWERSYS,2103.4431,4.056,54.7642,163.9403
2026-09-22,15:29,TECHM,106.6696,1.8222,27.7885,10.2224
2026-09-22,15:29,TEGA,2672.9485,2.7099,36.8584,6.5342
2026-09-22,15:29,TEJASNET,1163.7559,3.4291,58.3605,-12.3132
2026-09-22,15:29,TEXINFRA,118.2671,1.6532,25.9386,18.151
2026-09-22,15:29,TEXMOPIPES,60.715,3.2636,46.5846,5.6772
2026-09-22,15:29,TFCILTD,409.0666,2.5775,49.516,93.9394
2026-09-22,15:29,THANGAMAYL,9537.6503,3.8892,60.5282,153.9057
2026-09-22,15:29,THEJO,2850.3173,2.0936,32.1246,19.05
2026-09-22,15:29,THELEELA,569.3194,2.0834,31.2221,28.0367
2026-09-22,15:29,THEMISMED,197.0292,3.6511,58.3309,-7.0014
2026-09-22,15:29,THERMAX,3631.1169,2.6209,35.3846,8.5843
2026-09-22,15:29,THYROCARE,1081.5828,2.5659,40.409,54.111
2026-09-22,15:29,TI,768.7053,1.9235,34.7211,29.8644
2026-09-22,15:29,TIIL,2710.159,2.336,39.7413,28.3011
2026-09-22,15:29,TIINDIA,467.6103,1.9953,34.0335,-17.7399
2026-09-22,15:29,TIMKEN,717.5406,1.7125,28.0853,6.0136
2026-09-22,15:29,TINNARUBR,1587.3342,3.4737,49.5345,8.649
2026-09-22,15:29,TIPSMUSIC,529.0081,2.5455,37.7259,12.8196
2026-09-22,15:29,TIRUPATIFL,234.4877,3.7679,56.6644,99.759
2026-09-22,15:29,TITAGARH,434.4316,2.3354,36.444,-5.0498
2026-09-22,15:29,TITAN,4646.9601,1.5117,23.3097,48.1231
2026-09-22,15:29,TMB,1451.8264,2.3867,38.2932,108.4562
2026-09-22,15:29,TNPETRO,212.2234,2.318,37.4929,23.6224
2026-09-22,15:29,TORNTPHARM,5314.8884,1.5523,22.0464,38.5847
2026-09-22,15:29,TRAVELFOOD,369.6241,2.1219,30.0364,-7.891
2026-09-22,15:29,TRITURBINE,369.6234,2.6709,37.316,6.7507
2026-09-22,15:29,TSFINV,136.7484,2.0697,44.1191,-18.1786
2026-09-22,15:29,TTKHLTCARE,720.0215,2.1965,30.0682,-9.0421
2026-09-22,15:29,TVSMOTOR,1707.9577,1.7003,27.3622,21.2512
2026-09-22,15:29,TVSSRICHAK,1905.1747,2.8685,43.2373,40.892
2026-09-22,15:29,UCAL,213.0296,3.0204,45.9979,6.7216
2026-09-22,15:29,UDS,276.1013,2.5349,43.9565,-19.077
2026-09-22,15:29,UFBL,2898.7537,4.4506,65.1017,216.685
2026-09-22,15:29,UFLEX,1127.4759,2.981,40.7398,19.7063
2026-09-22,15:29,UGARSUGAR,114.422,3.3589,41.535,30.5424
2026-09-22,15:29,UNICHEMLAB,1012.7435,4.0022,49.3941,12.4974
2026-09-22,15:29,UNIDT,175.6952,2.0676,38.3804,10.285
2026-09-22,15:29,UNIMECH,4933.4816,3.2321,48.3404,66.1074
2026-09-22,15:29,UNIPARTS,2084.0936,2.5194,42.6802,110.1925
2026-09-22,15:29,UNITEDPOLY,115.7244,2.5386,52.5644,-8.1805
2026-09-22,15:29,UNIVASTU,487.7046,3.1186,44.6685,92.1042
2026-09-22,15:29,UNIVCABLES,4886.9682,4.4141,59.079,105.9061
2026-09-22,15:29,UNIVPHOTO,2068.5894,2.5846,53.0313,130.5121
2026-09-22,15:29,URBANCO,328.444,2.8576,1.7e+308,1.5032
2026-09-22,15:29,USHAMART,759.0925,1.9536,34.2214,18.356
2026-09-22,15:29,UTLSOLAR,1387.1425,3.1586,1.7e+308,1.7e+308
2026-09-22,15:29,UTTAMSUGAR,273.8066,2.8821,42.1444,5.4082
2026-09-22,15:29,V2RETAIL,62.3895,2.2566,40.1819,13.0389
2026-09-22,15:29,VADILALIND,15248.2113,2.4858,38.539,39.9779
2026-09-22,15:29,VALIANTLAB,405.1594,2.8124,51.1623,53.3317
2026-09-22,15:29,VALIANTORG,935.7181,3.0701,54.3156,25.6118
2026-09-22,15:29,VARROC,1902.3827,2.2902,36.1501,39.9207
2026-09-22,15:29,VEDL,119.6315,2.4458,36.2218,62.2856
2026-09-22,15:29,VENKEYS,1466.7107,2.1801,38.3404,14.717
2026-09-22,15:29,VENUSPIPES,6599.8887,2.961,45.2246,66.8643
2026-09-22,15:29,VENUSREM,5418.1474,3.3003,53.8571,266.7501
2026-09-22,15:29,VERANDA,211.9754,3.0733,52.6493,7.3919
2026-09-22,15:29,VETO,234.9218,2.5062,37.1915,23.1102
2026-09-22,15:29,VHL,182.332,1.6516,32.3252,-11.2397
2026-09-22,15:29,VIDHIING,283.7295,2.3324,36.8736,-0.1664
2026-09-22,15:29,VIDYAWIRES,233.8675,3.1094,1.7e+308,1.7e+308
2026-09-22,15:29,VIJAYA,3274.207,2.4539,32.3569,48.642
2026-09-22,15:29,VIJIFIN,83.1033,2.3978,52.0374,436.0825
2026-09-22,15:29,VIMTALABS,884.0577,2.749,49.9373,-16.263
2026-09-22,15:29,VINCOFE,185.8661,2.7057,39.9932,17.7106
2026-09-22,15:29,VINDHYATEL,10877.8455,4.6631,58.9709,100.6161
2026-09-22,15:29,VISAKAIND,178.486,2.845,38.6987,18.2649
2026-09-22,15:29,VISHNU,1276.0073,1.9992,32.5402,52.5876
2026-09-22,15:29,VIYASH,218.1151,2.8211,43.5353,32.6967
2026-09-22,15:29,VMART,1108.5604,1.9938,40.4766,9.9806
2026-09-22,15:29,VOLTAMP,17315.2489,2.9718,40.4131,53.5944
2026-09-22,15:29,VSSL,942.6639,2.2713,36.4065,51.796
2026-09-22,15:29,VTL,252.1007,1.9926,33.169,32.1189
2026-09-22,15:29,WABAG,4887.5893,3.0261,41.3188,42.7459
2026-09-22,15:29,WALCHANNAG,181.9589,3.4231,58.5939,5.3676
2026-09-22,15:29,WELCORP,11962.2197,3.0783,42.2459,217.2842
2026-09-22,15:29,WELENT,1789.5111,2.3819,38.4333,56.8127
2026-09-22,15:29,WELINV,6826.8713,2.8254,53.7923,135.693
2026-09-22,15:29,WELSPUNLIV,498.3095,2.4559,46.4686,90.1863
2026-09-22,15:29,WENDT,9711.9197,2.4357,35.2253,-2.5253
2026-09-22,15:29,WESTLIFE,323.7307,2.7041,39.1271,-16.0573
2026-09-22,15:29,WEWORK,676.9197,2.7137,1.7e+308,1.7e+308
2026-09-22,15:29,WHEELS,8109.7012,4.0143,50.9682,151.7661
2026-09-22,15:29,WINDLAS,1844.3967,2.4556,35.7245,19.4646
2026-09-22,15:29,WINDMACHIN,287.4505,2.4802,41.2385,5.6524
2026-09-22,15:29,WIPL,80.3745,1.8905,32.7221,-5.5463
2026-09-22,15:29,WOCKPHARMA,4903.0921,3.3408,52.3379,63.5166
2026-09-22,15:29,WONDERLA,91.7856,1.6379,28.9633,-16.5265
2026-09-22,15:29,WSTCSTPAPR,1981.7649,2.4348,36.7125,62.1256
2026-09-22,15:29,XPROINDIA,1717.2611,3.61,51.1973,5.2124
2026-09-22,15:29,YASHO,16024.6669,4.4351,60.1228,139.282
2026-09-22,15:29,YATHARTH,2752.6407,2.1334,39.3315,44.5063
2026-09-22,15:29,YUKEN,2422.7082,2.357,37.4602,17.1695
2026-09-22,15:29,ZENTEC,2229.5244,2.5483,38.174,11.5272
2026-09-22,15:29,ZIMLAB,388.0427,2.9969,50.397,82.712
2026-09-22,15:29,ZYDUSLIFE,1597.5676,1.6764,23.4779,19.2103
2026-09-22,15:29,ZYDUSWELL,702.3467,2.387,39.3512,7.9307
2026-09-23,15:29,20MICRONS,236.5342,2.7428,42.3006,-0.7111
2026-09-23,15:29,63MOONS,1029.1783,3.0073,52.6417,-2.0442
2026-09-23,15:29,AAREYDRUGS,221.0919,2.3035,50.8791,30.6889
2026-09-23,15:29,AARTIDRUGS,400.322,1.7281,32.1066,-7.171
2026-09-23,15:29,AARTIIND,278.7681,2.4198,37.5685,31.1666
2026-09-23,15:29,AARTIPHARM,1431.9808,3.275,45.23,14.0829
2026-09-23,15:29,AARTISURF,666.0667,3.7435,51.4553,14.2442
2026-09-23,15:29,ABB,8307.2263,1.9695,29.9457,37.6271
2026-09-23,15:29,ABBOTINDIA,2945.8249,1.371,20.5024,-9.4317
2026-09-23,15:29,ABCAPITAL,410.8651,2.057,32.5829,44.299
2026-09-23,15:29,ABDL,789.171,2.328,40.7905,27.3574
2026-09-23,15:29,ABSLAMC,975.8431,2.3657,37.3718,32.0386
2026-09-23,15:29,ACE,2212.4696,2.2033,34.3156,16.0911
2026-09-23,15:29,ACMESOLAR,1411.8873,2.3596,38.4813,69.4325
2026-09-23,15:29,ACUTAAS,7737.2866,2.7488,45.7327,140.4241
2026-09-23,15:29,ADANIENSOL,2431.0808,2.1973,40.5,56.9609
2026-09-23,15:29,ADANIENT,5312.4068,2.2043,36.2432,17.6711
2026-09-23,15:29,ADANIGREEN,2173.0887,2.3484,43.8884,24.2028
2026-09-23,15:29,ADANIPORTS,1787.961,1.7142,29.4675,29.8348
2026-09-23,15:29,ADANIPOWER,402.4928,2.0839,43.656,40.0342
2026-09-23,15:29,ADFFOODS,299.0477,2.5647,47.5411,21.5205
2026-09-23,15:29,ADOR,3407.8543,2.2524,37.7648,63.0529
2026-09-23,15:29,ADVAIT,1510.7437,2.8817,1.7e+308,1.7e+308
2026-09-23,15:29,AEGISLOG,4368.1931,3.6461,47.918,87.642
2026-09-23,15:29,AEGISVOPAK,549.1637,3.1243,47.6489,24.3481
2026-09-23,15:29,AEQUS,632.267,3.389,1.7e+308,1.7e+308
2026-09-23,15:29,AEROENTER,293.0941,3.9151,55.9486,50.1781
2026-09-23,15:29,AEROFLEX,2073.9847,4.4563,59.9038,189.6391
2026-09-23,15:29,AETHER,4225.2428,2.2787,39.0468,124.3365
2026-09-23,15:29,AFFLE,147.6016,2.326,34.183,-21.0377
2026-09-23,15:29,AGARWALEYE,246.519,1.676,27.5768,1.2275
2026-09-23,15:29,AGI,1408.4146,2.3876,43.8245,-3.8751
2026-09-23,15:29,AGIIL,195.0445,2.6097,53.3816,7.254
2026-09-23,15:29,AHCL,108.6544,3.3771,1.7e+308,130.6138
2026-09-23,15:29,AHLWEST,2294.6426,3.2326,52.024,141.1832
2026-09-23,15:29,AIAENG,671.0276,1.9063,30.8724,29.3202
2026-09-23,15:29,AIIL,465.7505,3.0607,51.2452,-5.3364
2026-09-23,15:29,AJANTPHARM,4018.7254,1.7287,25.5115,44.7388
2026-09-23,15:29,AJAXENGG,572.1104,2.2115,36.9668,-11.6775
2026-09-23,15:29,AKSHARCHEM,1034.3877,3.6879,49.8453,44.3992
2026-09-23,15:29,AKUMS,2306.7359,2.1433,32.9364,84.3278
2026-09-23,15:29,ALBERTDAVD,795.9928,2.2555,32.5561,13.1569
2026-09-23,15:29,ALGOQUANT,85.646,2.0577,1.7e+308,1.7e+308
2026-09-23,15:29,ALIVUS,2873.2646,2.1006,30.7258,47.2636
2026-09-23,15:29,ALKALI,193.5562,4.6911,59.7831,10.7925
2026-09-23,15:29,ALKEM,93.0261,1.2084,21.3907,-0.2853
2026-09-23,15:29,ALKYLAMINE,2233.2452,2.9001,40.5644,-4.4259
2026-09-23,15:29,ALPHAGEO,514.5581,3.9428,53.3443,15.0805
2026-09-23,15:29,AMAGI,1250.5804,3.2248,1.7e+308,1.7e+308
2026-09-23,15:29,AMANTA,522.1243,2.8344,1.7e+308,36.94
2026-09-23,15:29,AMBIKCO,1214.2996,2.2683,34.5663,11.4028
2026-09-23,15:29,AMDIND,87.2585,3.3182,54.142,5.073
2026-09-23,15:29,ANANDRATHI,4184.0011,1.1723,21.5465,51.3378
2026-09-23,15:29,ANANTRAJ,612.4215,2.487,46.187,-7.0472
2026-09-23,15:29,ANDHRSUGAR,125.6472,2.9653,37.872,28.7356
2026-09-23,15:29,ANGELONE,187.1065,2.1421,41.0411,40.4231
2026-09-23,15:29,ANTELOPUS,3650.0317,4.0782,69.2809,108.9241
2026-09-23,15:29,ANTHEM,1190.4234,1.6672,29.7095,12.9338
2026-09-23,15:29,ANUHPHR,75.7852,2.3964,36.268,12.5995
2026-09-23,15:29,AONELIQUID,192.2538,0.0118,0.2058,4.926
2026-09-23,15:29,APARINDS,51877.5277,2.9646,46.8754,113.815
2026-09-23,15:29,APCOTEXIND,1449.656,3.4439,43.1447,55.1062
2026-09-23,15:29,APLLTD,462.0294,1.6455,26.8753,-7.1986
2026-09-23,15:29,APOLLO,1071.35,3.4616,56.5419,24.6265
2026-09-23,15:29,APOLLOHOSP,9466.9511,1.1142,18.3611,20.759
2026-09-23,15:29,APOLLOPIPE,1261.4334,2.9783,48.6614,53.4361
2026-09-23,15:29,ARCHIDPLY,139.7871,2.7375,43.6932,9.3762
2026-09-23,15:29,ARFIN,108.0342,2.7054,39.4441,94.5106
2026-09-23,15:29,ARIES,719.0914,2.702,41.0496,20.379
2026-09-23,15:29,ARIHANT,5322.6405,3.4316,2177.0546,3325.0951
2026-09-23,15:29,ARIHANTCAP,116.6547,2.7329,48.3046,-14.8778
2026-09-23,15:29,ARIS,261.2172,3.0428,53.9434,-8.9169
2026-09-23,15:29,ARMANFIN,1900.2123,2.7452,40.834,33.3943
2026-09-23,15:29,ARROWGREEN,2903.6532,3.1063,52.1005,64.3836
2026-09-23,15:29,ARTEMISMED,638.3447,2.2278,35.7954,47.358
2026-09-23,15:29,ARVEE,541.9698,4.2745,72.1589,46.4739
2026-09-23,15:29,ARVIND,1011.8133,2.6811,40.3368,79.0789
2026-09-23,15:29,ARVSMART,504.2011,2.1546,34.7237,1.2779
2026-09-23,15:29,ASAHIINDIA,81.863,1.7443,34.3823,7.1247
2026-09-23,15:29,ASAHISONG,968.4631,3.089,50.4113,33.6242
2026-09-23,15:29,ASHIANA,267.2947,2.4965,35.0894,32.3126
2026-09-23,15:29,ASIANENE,1292.4421,3.5026,50.7344,47.3225
2026-09-23,15:29,ASIANHOTNR,840.0253,3.0204,47.4205,22.7058
2026-09-23,15:29,ASIANPAINT,549.4745,1.25,24.1779,4.7891
2026-09-23,15:29,ASKAUTOLTD,1359.1106,2.8176,37.4768,17.3846
2026-09-23,15:29,ASPINWALL,240.6894,2.1859,41.6195,-4.9116
2026-09-23,15:29,ASTEC,747.6193,3.9601,63.5722,-7.5322
2026-09-23,15:29,ASTERDM,993.2079,1.6872,29.2232,21.5885
2026-09-23,15:29,ASTRAMICRO,4329.7423,2.8146,42.0895,53.223
2026-09-23,15:29,ATGL,653.3528,2.6974,48.8355,-3.6966
2026-09-23,15:29,ATHERENERG,4906.5042,3.1804,50.4699,177.7181
2026-09-23,15:29,ATLANTAELE,4864.3324,3.1242,1.7e+308,1.7e+308
2026-09-23,15:29,AUBANK,360.3208,1.6214,29.6134,41.6846
2026-09-23,15:29,AUROPHARMA,3571.5803,1.6768,26.4953,57.9358
2026-09-23,15:29,AURUM,315.2963,1.8816,35.245,30.4366
2026-09-23,15:29,AUSOMENT,248.8757,2.2818,51.4883,43.7348
2026-09-23,15:29,AVADHSUGAR,2411.8554,2.9938,43.222,71.6097
2026-09-23,15:29,AVALON,8630.027,3.8043,55.7047,146.0486
2026-09-23,15:29,AVG,143.1981,3.0348,56.0932,-24.681
2026-09-23,15:29,AVL,721.8823,1.7054,32.3629,9.1513
2026-09-23,15:29,AVTNPL,192.688,2.5858,35.3714,35.9147
2026-09-23,15:29,AXISCADES,3213.1196,2.8981,49.7249,18.276
2026-09-23,15:29,AYMSYNTEX,701.2923,2.8848,47.1425,50.2617
2026-09-23,15:29,AZAD,7033.3895,2.9699,42.8815,74.2806
2026-09-23,15:29,BAFNAPH,1319.6055,3.215,52.8102,90.8354
2026-09-23,15:29,BAJAJ-AUTO,10170.8482,1.4376,22.8426,31.0044
2026-09-23,15:29,BAJAJCON,774.5969,2.8517,50.7863,117.2056
2026-09-23,15:29,BAJAJHLDNG,3522.5865,1.5505,28.5566,-9.8362
2026-09-23,15:29,BAJEL,79.3202,2.311,43.5262,-14.0614
2026-09-23,15:29,BAJFINANCE,114.4217,1.8355,30.5172,5.8979
2026-09-23,15:29,BALAMINES,7393.0902,4.3522,55.8782,60.9182
2026-09-23,15:29,BALPHARMA,205.0914,3.7567,45.6969,30.631
2026-09-23,15:29,BALRAMCHIN,1305.4658,3.0046,40.2292,49.6791
2026-09-23,15:29,BANDHANBNK,160.8731,2.6373,41.2771,23.455
2026-09-23,15:29,BANKA,102.2666,2.6213,45.3196,-8.5694
2026-09-23,15:29,BANSALWIRE,249.3097,2.5209,38.2439,-10.9011
2026-09-23,15:29,BBETF0432,198.4556,0.2808,3.9744,4.0481
2026-09-23,15:29,BBOX,1645.6307,2.9956,46.815,63.3421
2026-09-23,15:29,BBTCL,278.582,2.7315,40.2883,16.477
2026-09-23,15:29,BELRISE,391.1435,2.1903,37.0558,58.6106
2026-09-23,15:29,BEML,2229.5236,2.1925,39.9606,-0.3969
2026-09-23,15:29,BEPL,284.3497,2.7199,35.3866,27.4939
2026-09-23,15:29,BETA,5049.4545,4.1042,1.7e+308,1.7e+308
2026-09-23,15:29,BFINVEST,264.194,2.4556,36.3611,-2.9019
2026-09-23,15:29,BHAGCHEM,212.6575,2.598,44.5647,-1.1605
2026-09-23,15:29,BHAGERIA,1181.741,3.6257,52.3841,98.4821
2026-09-23,15:29,BHAGYANGR,1772.6423,3.5811,63.5604,363.2736
2026-09-23,15:29,BHARATBOND-APR30,251.109,0.122,1.725,4.3
2026-09-23,15:29,BHARATBOND-APR31,206.8898,0.1478,1.9874,3.7621
2026-09-23,15:29,BHARATBOND-APR32,166.951,0.1538,2.0953,3.2275
2026-09-23,15:29,BHARATBOND-APR33,144.3766,0.1626,2.2561,2.9935
2026-09-23,15:29,BHARATFORG,1644.7003,1.7861,30.6935,69.6723
2026-09-23,15:29,BHARATSE,350.3981,3.3551,59.9741,25.5492
2026-09-23,15:29,BHEL,1037.8607,2.2674,36.8875,83.1523
2026-09-23,15:29,BIL,1004.371,2.984,46.7959,20.5603
2026-09-23,15:29,BIOCON,105.7395,1.5468,25.7641,16.5536
2026-09-23,15:29,BIRLACABLE,1357.8082,3.7257,54.975,131.3347
2026-09-23,15:29,BLISSGVS,2985.3921,3.5483,60.1372,382.9063
2026-09-23,15:29,BLSE,984.3398,2.1248,43.7815,73.5188
2026-09-23,15:29,BLUEJET,1168.7174,2.663,47.7588,-9.3126
2026-09-23,15:29,BLUESTONE,2596.9773,3.5738,54.9592,50.7622
2026-09-23,15:29,BLUSPRING,441.4396,4.5561,58.0119,67.7293
2026-09-23,15:29,BODALCHEM,928.586,4.1558,53.0088,217.7229
2026-09-23,15:29,BOROLTD,87.7545,2.3586,38.8226,-24.0165
2026-09-23,15:29,BOSCH-HCIL,2271.6965,2.2728,36.8902,2.1942
2026-09-23,15:29,BOSCHLTD,76033.2923,1.584,28.526,25.7012
2026-09-23,15:29,BRIGADE,274.241,2.7084,36.8268,-9.1907
2026-09-23,15:29,BSE,1521.9056,2.0211,38.9632,60.0773
2026-09-23,15:29,BUILDPRO,2725.0433,2.7854,1.7e+308,1.7e+308
2026-09-23,15:29,CALSOFT,162.1134,4.5621,65.1546,185.8571
2026-09-23,15:29,CAPILLARY,169.9274,2.6839,1.7e+308,1.7e+308
2026-09-23,15:29,CAPITALSFB,73.8006,1.671,25.6385,1.4798
2026-09-23,15:29,CAPLIPOINT,6589.9661,2.5771,34.4328,37.1594
2026-09-23,15:29,CARBORUNIV,2722.5624,2.384,34.35,37.4606
2026-09-23,15:29,CARERATING,166.2061,1.7743,30.4935,5.1835
2026-09-23,15:29,CARTRADE,6601.1287,3.3346,55.7419,23.3228
2026-09-23,15:29,CARYSIL,677.8497,2.7142,45.1464,34.1451
2026-09-23,15:29,CASHIETF,192.0063,0.0122,0.2112,4.9265
2026-09-23,15:29,CCL,305.1251,1.8634,32.1201,17.3255
2026-09-23,15:29,CDSL,97.987,1.7477,31.4616,-7.9444
2026-09-23,15:29,CEIGALL,615.2124,2.2255,31.3524,48.3311
2026-09-23,15:29,CEMPRO,4393.3101,3.6319,53.2957,63.5933
2026-09-23,15:29,CENTENKA,826.6914,2.9531,36.8252,21.6703
2026-09-23,15:29,CENTUM,15622.1748,3.2265,51.0572,84.3501
2026-09-23,15:29,CERA,2531.5501,1.9527,28.0157,-10.6724
2026-09-23,15:29,CGCL,566.5907,2.4689,35.0363,44.9854
2026-09-23,15:29,CGPOWER,1332.443,2.2547,34.2974,21.0441
2026-09-23,15:29,CHALET,159.0743,1.6981,28.5746,-7.5648
2026-09-23,15:29,CHEMBOND,235.6039,3.5411,53.6781,16.1639
2026-09-23,15:29,CHEMBONDCH,625.5072,3.4832,57.2174,57.3586
2026-09-23,15:29,CHEMCON,329.6224,2.8745,48.1097,-13.8562
2026-09-23,15:29,CHENNPETRO,3160.4049,3.1754,51.7704,82.5904
2026-09-23,15:29,CHEVIOT,604.0486,2.0615,28.0639,4.1604
2026-09-23,15:29,CHOLAFIN,400.632,2.0449,33.0905,13.0008
2026-09-23,15:29,CIPLA,319.3894,1.3775,21.0354,-7.7631
2026-09-23,15:29,CLCIND,222.6423,21.9569,224.2779,1913.3333
2026-09-23,15:29,CLEAN,502.6507,2.1113,32.0378,-24.0214
2026-09-23,15:29,CNL,3049.3936,3.3899,1.7e+308,1.7e+308
2026-09-23,15:29,CNXENERGY,12712.6397,0.7637,15.7325,8.4116
2026-09-23,15:29,CNXMIDCAP,18347.5232,0.8004,16.3304,10.6741
2026-09-23,15:29,CNXMNC,4906.1915,0.791,14.4752,5.9322
2026-09-23,15:29,CNXNIFTYJUNIOR,22547.3345,0.8887,16.8779,7.9194
2026-09-23,15:29,CNXPHARMA,30743.2445,0.7787,13.7807,26.2466
2026-09-23,15:29,CNXREALTY,293.9625,1.6424,26.478,0.444
2026-09-23,15:29,CNXSMALLCAP,18348.4559,0.9268,17.9922,13.841
2026-09-23,15:29,COALINDIA,96.7469,1.2303,23.5402,9.0967
2026-09-23,15:29,COFORGE,2608.4503,2.7101,39.2008,15.8531
2026-09-23,15:29,COHANCE,904.5233,2.4759,51.5576,-46.9171
2026-09-23,15:29,COMSYN,727.7117,4.1231,49.6619,93.7593
2026-09-23,15:29,CONCORDBIO,2331.233,2.5498,40.8183,-0.3258
2026-09-23,15:29,CONFIPET,351.0183,3.5952,61.8266,95.8681
2026-09-23,15:29,CONSOFINVT,418.3692,2.2695,40.3566,65.7534
2026-09-23,15:29,CORDSCABLE,1220.5017,4.1415,53.9363,108.559
2026-09-23,15:29,CORONA,3536.85,1.937,1.7e+308,1.7e+308
2026-09-23,15:29,COSMOFIRST,793.8223,2.3232,40.1085,2.0656
2026-09-23,15:29,CPCAP,339.1729,3.0326,44.7904,18.474
2026-09-23,15:29,CPPLUS,14007.2417,2.8746,44.3199,205.4037
2026-09-23,15:29,CRAFTSMAN,19690.5141,2.226,36.1211,60.8378
2026-09-23,15:29,CREDITACC,493.6581,2.5426,39.4659,-2.0254
2026-09-23,15:29,CRISIL,1008.4,1.5826,26.9395,-0.3182
2026-09-23,15:29,CUB,77.5837,2.2255,39.0179,44.5599
2026-09-23,15:29,CUBEXTUB,76.0953,3.8479,63.0058,29.7649
2026-09-23,15:29,CUMMINSIND,3706.1585,1.8555,28.5676,26.9126
2026-09-23,15:29,CUPID,1176.1594,3.1702,58.186,535.3829
2026-09-23,15:29,CYIENT,477.5333,2.0942,34.2492,-5.4581
2026-09-23,15:29,CYIENTDLM,3721.9723,3.1974,46.041,122.0046
2026-09-23,15:29,DALMIASUG,692.4239,3.1075,44.8382,17.4226
2026-09-23,15:29,DATAMATICS,369.9334,2.1888,41.6243,-7.4358
2026-09-23,15:29,DATAPATTNS,10255.1909,3.3554,51.3592,66.575
2026-09-23,15:29,DBOL,116.1585,2.3652,44.9432,40.8404
2026-09-23,15:29,DCBBANK,208.7505,2.0666,39.6262,80.6428
2026-09-23,15:29,DCMNVL,238.8908,3.0879,47.0704,9.0694
2026-09-23,15:29,DEEDEV,3135.7223,3.3126,54.7663,160.161
2026-09-23,15:29,DEEPAKFERT,2204.0966,2.2224,41.1452,-9.4933
2026-09-23,15:29,DEEPINDS,2420.538,3.1072,46.7544,54.1484
2026-09-23,15:29,DELHIVERY,89.6152,1.8662,30.849,-2.4007
2026-09-23,15:29,DENORA,1138.0187,2.5193,41.9119,-5.082
2026-09-23,15:29,DHAMPURSUG,312.6916,2.5196,37.9827,26.2672
2026-09-23,15:29,DHARMAJ,364.8482,1.8093,35.1866,-3.5161
2026-09-23,15:29,DHUNINV,162.1756,2.8885,43.86,-29.3348
2026-09-23,15:29,DIACABS,1525.1932,3.4746,47.6937,150.5637
2026-09-23,15:29,DIAMINESQ,89.181,2.5588,41.7823,-29.284
2026-09-23,15:29,DIAMONDYD,88.6851,2.2626,33.8154,9.838
2026-09-23,15:29,DICIND,880.957,2.5657,37.5911,27.1659
2026-09-23,15:29,DIFFNKG,1043.3801,3.2509,48.3252,25.3531
2026-09-23,15:29,DIVGIITTS,2682.5611,3.1558,45.9114,74.3206
2026-09-23,15:29,DIVISLAB,21430.1013,1.5975,24.28,69.1537
2026-09-23,15:29,DIXON,11057.6966,2.2719,38.9029,-24.6188
2026-09-23,15:29,DLF,301.4043,1.9413,30.0991,-5.7328
2026-09-23,15:29,DLINKINDIA,92.716,1.8237,32.8592,-9.8296
2026-09-23,15:29,DMCC,304.6293,3.0717,49.5895,-3.2332
2026-09-23,15:29,DOLPHIN,1945.1747,3.1396,55.1746,92.4079
2026-09-23,15:29,DPABHUSHAN,1396.0108,3.3127,45.6525,-1.3751
2026-09-23,15:29,DREDGECORP,314.4281,3.3455,62.3978,61.0988
2026-09-23,15:29,DSSL,411.1754,3.9722,55.571,21.3449
2026-09-23,15:29,DVL,231.0148,2.1594,40.99,-19.3486
2026-09-23,15:29,DYCL,1070.1096,4.313,55.8197,19.8091
2026-09-23,15:29,DYNAMATECH,19315.309,2.5838,45.8972,81.3339
2026-09-23,15:29,E2E,2397.8397,3.6202,58.3149,84.0588
2026-09-23,15:29,EBBETF0430,273.124,0.189,2.9346,4.6892
2026-09-23,15:29,EBBETF0431,202.1772,0.2529,3.9853,4.1756
2026-09-23,15:29,EBBETF0433,206.4553,0.2553,4.3154,4.6006
2026-09-23,15:29,EBGNG,2352.6291,3.6445,53.2481,106.9899
2026-09-23,15:29,ECLERX,565.2877,3.0326,46.2445,-7.4214
2026-09-23,15:29,EDELWEISS,121.492,2.4741,40.2485,29.9094
2026-09-23,15:29,EIEL,225.1851,2.9226,48.0777,-17.7275
2026-09-23,15:29,EIFFL,129.3062,3.7002,50.9255,16.1111
2026-09-23,15:29,EIMCOELECO,4109.2714,2.6279,51.7955,30.0102
2026-09-23,15:29,ELECON,200.9362,2.5756,46.3319,-17.5181
2026-09-23,15:29,ELECTHERM,1042.8222,4.1708,61.8825,-11.7802
2026-09-23,15:29,ELGIEQUIP,652.1128,1.8348,33.3808,26.4945
2026-09-23,15:29,ELGIRUBCO,109.6467,4.0752,64.0963,-14.296
2026-09-23,15:29,ELIQUID,187.2301,0.0116,1.7e+308,1.7e+308
2026-09-23,15:29,ELLEN,816.4586,3.2705,50.8688,-23.7577
2026-09-23,15:29,EMAMIPAP,164.0359,3.1614,41.6027,18.6006
2026-09-23,15:29,EMCURE,3057.4562,1.8196,32.7483,54.314
2026-09-23,15:29,EMIL,551.9546,2.9987,47.7004,30.5939
2026-09-23,15:29,EMKAY,146.0509,3.5812,63.3129,-16.6127
2026-09-23,15:29,EMMVEE,761.6354,2.7183,1.7e+308,1.7e+308
2026-09-23,15:29,EMSLIMITED,221.7121,3.6452,55.4756,-32.749
2026-09-23,15:29,EMUDHRA,942.664,3.1393,41.8948,0.8698
2026-09-23,15:29,ENDURANCE,1149.8029,1.847,31.052,-2.2232
2026-09-23,15:29,ENGINERSIN,648.2676,2.6935,43.3436,56.3362
2026-09-23,15:29,ENRIN,2941.4825,2.8284,38.7993,-8.5831
2026-09-23,15:29,ENTERO,4303.3853,2.7423,40.2451,70.0979
2026-09-23,15:29,EPACKPEB,410.4309,3.6258,1.7e+308,1.7e+308
2026-09-23,15:29,EPIGRAL,721.2619,2.6467,41.13,-34.0887
2026-09-23,15:29,EPL,133.7095,2.215,33.2766,15.4794
2026-09-23,15:29,ESABINDIA,455.8276,2.1013,30.3736,12.2247
2026-09-23,15:29,ESAFSFB,76.7155,3.3847,44.5794,42.3723
2026-09-23,15:29,ETERNAL,356.2897,1.8355,33.1945,6.7445
2026-09-23,15:29,ETHOSLTD,1135.5371,2.1593,36.8907,3.9791
2026-09-23,15:29,EVERESTIND,222.6423,3.1001,47.055,-34.4825
2026-09-23,15:29,EXCELINDUS,93.3361,2.3149,34.3881,-16.0157
2026-09-23,15:29,EXICOM,443.7963,4.7748,60.8145,15.2169
2026-09-23,15:29,EXIDEIND,552.885,2.0785,29.9751,9.555
2026-09-23,15:29,EXPLEOSOL,124.6551,2.9078,41.1663,-10.1401
2026-09-23,15:29,FACT,96.1269,2.2196,40.823,-15.4829
2026-09-23,15:29,FCL,203.1689,4.6719,60.9604,126.877
2026-09-23,15:29,FEDERALBNK,266.6747,1.4378,26.0047,72.714
2026-09-23,15:29,FILATEX,376.8175,3.6667,50.0663,110.4937
2026-09-23,15:29,FINCABLES,4089.425,3.4317,43.1383,79.3364
2026-09-23,15:29,FINEORG,4177.4905,1.5603,29.3652,10.0851
2026-09-23,15:29,FIVESTAR,680.3306,2.1215,40.2793,7.7315
2026-09-23,15:29,FLUOROCHEM,6687.9523,1.8392,32.2401,21.6744
2026-09-23,15:29,FMGOETZE,144.8104,3.0896,45.6627,-13.0381
2026-09-23,15:29,FOSECOIND,11003.1225,2.7656,39.9887,13.2809
2026-09-23,15:29,FSL,84.9639,3.7941,49.7168,-23.8197
2026-09-23,15:29,GABRIEL,2719.4616,3.1733,51.0169,15.3834
2026-09-23,15:29,GAEL,152.8729,2.3345,36.4871,54.9027
2026-09-23,15:29,GALAPREC,2302.0844,3.4401,45.4374,51.628
2026-09-23,15:29,GALAXYSURF,2412.4756,2.7485,36.143,1.7353
2026-09-23,15:29,GANDHAR,754.7513,3.8006,49.409,91.3862
2026-09-23,15:29,GANDHITUBE,1204.067,2.2591,40.607,7.2657
2026-09-23,15:29,GANECOS,1443.4542,2.5794,50.41,-13.088
2026-09-23,15:29,GANESHBE,319.1414,3.3022,45.9747,47.2975
2026-09-23,15:29,GANESHHOU,276.9073,2.1391,35.7911,-11.4264
2026-09-23,15:29,GARFIBRES,430.7107,2.5857,38.1325,0.6908
2026-09-23,15:29,GCSL,1904.8636,2.5221,1.7e+308,148.1467
2026-09-23,15:29,GEECEE,479.0842,2.1599,39.5483,4.1185
2026-09-23,15:29,GENESYS,475.9212,5.9437,77.5405,-18.5999
2026-09-23,15:29,GENUSPOWER,255.5116,2.3758,41.2498,0.6036
2026-09-23,15:29,GEOJITFSL,78.0799,1.9119,35.4927,3.6541
2026-09-23,15:29,GESHIP,1139.2595,2.4701,35.2446,49.1107
2026-09-23,15:29,GFSTEELS,112.9956,2.6655,46.5369,202.5694
2026-09-23,15:29,GHCLTEXTIL,344.2584,2.7075,40.9696,74.0047
2026-09-23,15:29,GIPCL,312.3195,2.2308,35.5731,4.4075
2026-09-23,15:29,GKENERGY,99.7239,2.7529,1.7e+308,-24.2041
2026-09-23,15:29,GKSL,417.0668,2.1459,1.7e+308,1.7e+308
2026-09-23,15:29,GLAND,7004.2409,2.5965,33.1905,48.6237
2026-09-23,15:29,GLAXO,1751.9906,1.6764,25.3536,7.6523
2026-09-23,15:29,GLENMARK,2960.7093,1.6402,26.9826,25.5262
2026-09-23,15:29,GLOBAL,244.9066,2.5688,44.0948,107.9017
2026-09-23,15:29,GMMPFAUDLR,2672.6381,2.6188,35.5181,35.1764
2026-09-23,15:29,GNA,1022.6665,2.9667,46.3508,92.3747
2026-09-23,15:29,GNFC,968.091,2.2534,31.7571,25.2865
2026-09-23,15:29,GOACARBON,164.346,3.1602,43.2902,-7.7708
2026-09-23,15:29,GOCLCORP,775.8373,2.9582,46.4302,11.7195
2026-09-23,15:29,GODREJAGRO,116.9026,1.7633,31.2341,-6.3915
2026-09-23,15:29,GODREJIND,867.6231,3.2735,41.515,-7.4477
2026-09-23,15:29,GOKULAGRO,354.4913,1.8359,44.2944,15.1328
2026-09-23,15:29,GOODLUCK,1087.5984,2.8146,46.6173,37.8593
2026-09-23,15:29,GPTHEALTH,208.3163,1.73,25.8733,9.129
2026-09-23,15:29,GRANULES,1847.4975,1.8029,29.3291,66.7474
2026-09-23,15:29,GRAPHITE,1085.9239,2.6863,43.1273,48.3154
2026-09-23,15:29,GRASIM,1863.6219,1.4298,22.9893,16.0805
2026-09-23,15:29,GREAVESCOT,269.2794,3.0281,43.335,-4.8804
2026-09-23,15:29,GREENPLY,445.9668,2.039,40.1342,-2.4677
2026-09-23,15:29,GRINDWELL,2120.3739,2.8194,36.0863,27.2259
2026-09-23,15:29,GROWW,97.4293,2.1175,1.7e+308,1.7e+308
2026-09-23,15:29,GROWWDEFNC,90.4213,1.3605,25.1461,18.2844
2026-09-23,15:29,GRPLTD,1273.2161,2.5898,41.7843,-7.3819
2026-09-23,15:29,GRWRHITECH,14343.3755,2.8594,54.8719,116.696
2026-09-23,15:29,GUFICBIO,793.5123,2.4816,34.9663,22.1927
2026-09-23,15:29,GUJALKALI,996.309,2.1493,40.2679,13.1165
2026-09-23,15:29,GUJTHEM,610.8711,3.2245,50.9873,2.726
2026-09-23,15:29,GULFPETRO,195.1686,2.9705,41.0293,65.6187
2026-09-23,15:29,GULPOLY,73.6146,2.5458,42.1101,17.6129
2026-09-23,15:29,GVPIL,1281.2787,3.4593,60.0414,109.7494
2026-09-23,15:29,GVT&D,5358.3005,2.9734,44.885,51.9593
2026-09-23,15:29,HAL,3867.4036,1.6226,27.4785,2.1093
2026-09-23,15:29,HALEOSLABS,1306.7056,2.9804,41.5729,31.4567
2026-09-23,15:29,HAPPYFORGE,4961.3894,2.3362,36.3171,118.2744
2026-09-23,15:29,HARSHA,515.3644,2.252,32.3828,14.8899
2026-09-23,15:29,HATSUN,1512.9134,2.1371,36.395,29.042
2026-09-23,15:29,HCG,808.7066,2.0455,31.4684,10.0865
2026-09-23,15:29,HDFCLIQUID,190.3317,0.0118,0.2017,4.8181
2026-09-23,15:29,HDFCSML250,153.679,0.8928,17.2147,10.4519
2026-09-23,15:29,HEALTHIETF,156.7799,0.7864,13.6881,19.0867
2026-09-23,15:29,HEG,452.7268,2.8876,44.433,47.1111
2026-09-23,15:29,HERITGFOOD,424.1988,2.1648,35.6555,-12.4406
2026-09-23,15:29,HESTERBIO,4199.8166,3.4565,42.2974,16.6571
2026-09-23,15:29,HFCL,915.5624,3.7037,50.6033,201.484
2026-09-23,15:29,HIKAL,117.2748,3.6422,49.1999,-8.8867
2026-09-23,15:29,HINDALCO,587.9246,1.6953,28.9747,34.9466
2026-09-23,15:29,HINDOILEXP,196.6571,2.6045,46.6788,0.4398
2026-09-23,15:29,HIRECT,3476.0734,3.5182,54.0953,46.5343
2026-09-23,15:29,HITECHCORP,1130.3906,3.6139,50.6056,74.7959
2026-09-23,15:29,HLEGLAS,768.7053,4.2425,57.8384,-5.8569
2026-09-23,15:29,HMT,125.4611,2.4089,38.5552,9.4453
2026-09-23,15:29,HNDFDS,716.6106,1.7775,27.3111,17.6548
2026-09-23,15:29,HOMEFIRST,164.346,2.0327,37.1682,2.2992
2026-09-23,15:29,HONASA,1137.7085,1.9552,31.5806,70.5293
2026-09-23,15:29,HONAUT,17985.0365,2.3433,30.8137,-5.0554
2026-09-23,15:29,HSCL,1348.2575,2.6712,35.707,47.5691
2026-09-23,15:29,HUHTAMAKI,382.8332,2.8093,40.5461,8.923
2026-09-23,15:29,IBMFNIFTY,163.7258,0.9924,18.7237,9.1115
2026-09-23,15:29,IBULLSLTD,119.0733,3.3063,62.729,55.3067
2026-09-23,15:29,ICDSLTD,117.0268,4.4496,69.5054,0.3706
2026-09-23,15:29,ICICIAMC,1058.6362,1.6978,1.7e+308,1.7e+308
2026-09-23,15:29,ICICINIFTY,226.5494,0.5775,9.4792,21.3359
2026-09-23,15:29,ICIL,1073.7065,3.5614,62.5616,77.1166
2026-09-23,15:29,IDEAFORGE,1919.1275,3.8153,55.9277,44.3788
2026-09-23,15:29,IFBIND,403.1129,2.4348,44.1069,-26.5507
2026-09-23,15:29,IFCI,103.0729,4.1279,55.3519,49.2209
2026-09-23,15:29,IGARASHI,383.5773,2.853,45.9244,-13.8468
2026-09-23,15:29,IGPL,1582.6833,2.5347,39.2734,40.8803
2026-09-23,15:29,IIFL,772.1162,2.3915,40.3133,51.0194
2026-09-23,15:29,IIFLCAPS,173.0284,0.9738,40.0432,28.9445
2026-09-23,15:29,IITL,97.4293,3.5063,49.225,-26.0366
2026-09-23,15:29,IKIO,372.1042,3.9687,51.5988,-1.4412
2026-09-23,15:29,IKS,1843.7766,2.0719,34.6066,30.2986
2026-09-23,15:29,IL&FSENGG,98.8557,2.9178,46.7261,38.4311
2026-09-23,15:29,INDGN,767.1549,1.7201,27.5863,3.9972
2026-09-23,15:29,INDHOTEL,271.636,1.3898,24.8473,4.776
2026-09-23,15:29,INDIAGLYCO,417.8731,2.8422,41.6488,54.0715
2026-09-23,15:29,INDIGO,615.8312,2.0094,33.7014,-9.5756
2026-09-23,15:29,INDIGOPNTS,1035.07,2.0077,35.4711,4.5296
2026-09-23,15:29,INDNIPPON,3002.8806,3.1562,46.296,34.719
2026-09-23,15:29,INDOAMIN,146.6711,2.4848,38.3891,0.2927
2026-09-23,15:29,INDOBORAX,1360.475,4.0156,50.2514,98.989
2026-09-23,15:29,INDOCO,302.2727,3.854,50.836,-12.1204
2026-09-23,15:29,INDORAMA,381.1587,4.468,59.8185,82.3819
2026-09-23,15:29,INDOTECH,11862.6823,2.7978,59.8853,92.6499
2026-09-23,15:29,INDSWFTLAB,1668.2051,3.9951,57.1042,305.3337
2026-09-23,15:29,INDUSINDBK,206.2077,1.6454,28.8051,34.5914
2026-09-23,15:29,INGERRAND,3130.0162,2.4163,31.5041,5.5122
2026-09-23,15:29,INNOVACAP,3837.3246,2.2803,35.2883,53.553
2026-09-23,15:29,INOXINDIA,6198.6351,3.3669,42.0916,83.1841
2026-09-23,15:29,IOLCP,817.7611,3.8357,54.4145,98.9025
2026-09-23,15:29,IONEXCHANG,260.4729,2.972,41.1199,5.8057
2026-09-23,15:29,IPCALAB,2959.4685,1.8146,31.1431,43.1301
2026-09-23,15:29,IRISDOREME,189.5251,2.1854,39.8862,107.6465
2026-09-23,15:29,IRMENERGY,168.9352,2.1537,52.8701,-23.0509
2026-09-23,15:29,ISFT,153.3689,3.3634,48.7979,8.6404
2026-09-23,15:29,ITDC,1052.4348,3.8425,59.2266,20.4509
2026-09-23,15:29,IVP,532.9773,3.0231,45.0539,44.2328
2026-09-23,15:29,IZMO,750.4101,3.0461,61.1828,-30.9594
2026-09-23,15:29,J&KBANK,294.6445,2.8537,40.6304,49.9247
2026-09-23,15:29,JAGSNPHARM,316.7227,1.8334,32.9874,4.9686
2026-09-23,15:29,JASH,1204.3773,2.8979,40.2696,17.3675
2026-09-23,15:29,JAYAGROGN,333.3433,2.8699,42.2032,0.7949
2026-09-23,15:29,JAYBARMARU,82.7311,4.2389,60.7907,12.5545
2026-09-23,15:29,JAYKAY,327.2656,4.37,1.7e+308,1.7e+308
2026-09-23,15:29,JAYNECOIND,94.7625,2.747,49.7959,32.6365
2026-09-23,15:29,JBMA,136.1282,2.1021,43.9661,-12.2741
2026-09-23,15:29,JGCHEM,1507.9522,3.2119,47.0006,51.7827
2026-09-23,15:29,JINDALPOLY,1601.5985,2.6666,47.3203,26.3269
2026-09-23,15:29,JINDALSAW,635.182,2.6495,47.1881,41.8185
2026-09-23,15:29,JINDRILL,827.3116,3.2651,51.4041,0.1238
2026-09-23,15:29,JINDWORLD,156.966,4.8443,63.3878,45.2825
2026-09-23,15:29,JKIPL,196.347,2.5709,1.7e+308,1.7e+308
2026-09-23,15:29,JKPAPER,484.6657,1.9706,35.5006,12.1085
2026-09-23,15:29,JLHL,161.3071,1.3907,23.5502,-9.279
2026-09-23,15:29,JNKINDIA,1097.8314,3.9247,56.2358,48.8438
2026-09-23,15:29,JSFB,982.6651,2.6038,41.7969,17.9542
2026-09-23,15:29,JSWDULUX,1302.3647,1.7647,28.8126,-5.7742
2026-09-23,15:29,JSWENERGY,287.1403,1.7594,29.9553,0.173
2026-09-23,15:29,JSWINFRA,658.3143,2.2757,33.0229,12.6918
2026-09-23,15:29,JSWSTEEL,408.0746,1.2207,23.9841,14.7683
2026-09-23,15:29,JTLIND,158.3924,2.8561,60.0184,28.7325
2026-09-23,15:29,JUBLCPL,1898.3507,3.4076,51.4375,-7.2244
2026-09-23,15:29,JUBLPHARMA,899.2518,1.7766,29.6937,1.4479
2026-09-23,15:29,JUNIORBEES,270.7056,0.8425,16.1075,8.5733
2026-09-23,15:29,JUSTDIAL,311.3273,3.1479,39.3856,-15.2295
2026-09-23,15:29,JYOTICNC,1694.3149,2.9373,45.844,26.6816
2026-09-23,15:29,KABRAEXTRU,3043.6882,4.0604,57.7569,179.9809
2026-09-23,15:29,KAJARIACER,1714.4702,1.5296,28.9423,2.8407
2026-09-23,15:29,KALYANIFRG,1778.658,3.8125,51.2581,44.5761
2026-09-23,15:29,KALYANKJIL,1030.7287,3.5169,47.4699,28.1812
2026-09-23,15:29,KAMATHOTEL,321.8081,2.7936,46.9781,-20.0033
2026-09-23,15:29,KAMDHENU,118.0191,2.5282,43.1099,54.4903
2026-09-23,15:29,KANORICHEM,647.0272,3.0969,44.3097,126.6667
2026-09-23,15:29,KANPRPLA,315.4202,3.2884,56.3719,22.5682
2026-09-23,15:29,KAPSTON,2000.8665,2.9598,41.8606,252.7606
2026-09-23,15:29,KDDL,12110.131,3.2629,44.6363,59.5999
2026-09-23,15:29,KECL,132.7792,2.8657,47.1525,3.8252
2026-09-23,15:29,KEI,965.6116,2.3703,35.1717,16.6251
2026-09-23,15:29,KENNAMET,9831.9239,3.1023,38.5259,98.3778
2026-09-23,15:29,KERNEX,3494.6786,4.3515,62.8463,59.6422
2026-09-23,15:29,KHAITANLTD,332.041,3.2825,53.6974,17.6642
2026-09-23,15:29,KICL,620.7945,1.7406,32.9871,1.6756
2026-09-23,15:29,KILITCH,360.569,2.9695,45.5456,30.0358
2026-09-23,15:29,KIMS,687.4624,1.9038,31.4007,9.8184
2026-09-23,15:29,KINGFA,12007.8039,2.0928,36.9508,43.5819
2026-09-23,15:29,KIRIINDUS,713.1997,2.7576,50.9832,1.2641
2026-09-23,15:29,KIRLOSBROS,1176.4699,2.1047,37.8456,-8.1824
2026-09-23,15:29,KIRLOSENG,5206.978,3.3657,47.0652,142.5153
2026-09-23,15:29,KIRLOSIND,3347.077,3.0727,42.112,-7.4986
2026-09-23,15:29,KIRLPNU,878.1661,2.6817,35.9072,18.0582
2026-09-23,15:29,KMEW,8054.1959,3.8139,62.2169,140.4976
2026-09-23,15:29,KNAGRI,309.7147,2.7009,1.7e+308,1.7e+308
2026-09-23,15:29,KOLTEPATIL,449.0057,2.3803,34.2861,3.456
2026-09-23,15:29,KOPRAN,900.8643,3.2691,50.8119,60.8728
2026-09-23,15:29,KOTAKNIFTY,163.0436,0.6498,9.3393,29.8333
2026-09-23,15:29,KOTHARIPET,113.8019,2.6462,39.9657,-4.2215
2026-09-23,15:29,KOVAI,21392.8908,1.5526,116.1957,223.3434
2026-09-23,15:29,KPIL,1952.927,1.7437,29.7539,13.7356
2026-09-23,15:29,KPRMILL,1278.7978,2.6015,41.7978,6.1444
2026-09-23,15:29,KRBL,252.7208,2.3843,40.9104,15.3748
2026-09-23,15:29,KRISHANA,531.1787,2.876,45.8442,77.3494
2026-09-23,15:29,KRISHIVAL,600.018,1.9023,36.7473,-9.4685
2026-09-23,15:29,KRISHNADEF,244.9686,3.1717,1.7e+308,1.7e+308
2026-09-23,15:29,KRN,4325.091,3.0651,48.4625,70.0084
2026-09-23,15:29,KRONOX,403.2989,3.9046,50.4071,15.6086
2026-09-23,15:29,KROSS,385.8721,3.1588,51.0352,40.1348
2026-09-23,15:29,KRYSTAL,107.9104,1.9392,40.8344,4.582
2026-09-23,15:29,KSB,704.2071,1.973,31.0548,0.4331
2026-09-23,15:29,KSHINTL,4253.4614,3.6858,1.7e+308,1.7e+308
2026-09-23,15:29,KSL,1580.5125,2.3447,36.8381,27.8496
2026-09-23,15:29,KTKBANK,870.2896,2.0084,34.7344,100.5554
2026-09-23,15:29,LALPATHLAB,3259.6334,2.1941,29.8759,20.4758
2026-09-23,15:29,LANDMARK,512.5735,3.0738,46.6364,-15.9572
2026-09-23,15:29,LAURUSLABS,6346.8575,1.7795,29.9573,144.383
2026-09-23,15:29,LAXMIINDIA,144.9346,3.3821,58.1475,-15.6106
2026-09-23,15:29,LENSKART,1144.2204,1.5034,1.7e+308,1.7e+308
2026-09-23,15:29,LGEINDIA,1134.9178,1.7644,1.7e+308,1.7e+308
2026-09-23,15:29,LICHSGFIN,402.1827,1.6824,25.607,1.3364
2026-09-23,15:29,LIKHITHA,387.6706,2.693,51.836,-2.3017
2026-09-23,15:29,LIQGRWBEES,177.6792,0.0106,0.1896,4.6544
2026-09-23,15:29,LIQUID1,201.2468,0.0117,0.2014,4.9691
2026-09-23,15:29,LIQUIDADD,201.1847,0.0113,0.1984,4.8628
2026-09-23,15:29,LIQUIDBETF,189.6496,0.0118,0.2096,4.7684
2026-09-23,15:29,LIQUIDPLUS,196.4093,0.0119,0.2047,4.9393
2026-09-23,15:29,LIQUIDSHRI,188.7805,0.0108,0.1942,4.6734
2026-09-23,15:29,LLOYDSENGG,238.5188,3.3695,50.0496,55.0398
2026-09-23,15:29,LLOYDSENT,117.0888,2.602,52.0098,17.3445
2026-09-23,15:29,LLOYDSME,4344.3166,1.8821,36.5172,51.7576
2026-09-23,15:29,LMW,12087.1849,1.926,32.4843,17.2291
2026-09-23,15:29,LODHA,551.3345,2.5365,38.0164,1.8754
2026-09-23,15:29,LOKESHMACH,1127.0416,2.8026,51.5103,87.3924
2026-09-23,15:29,LOTUSDEV,497.9995,2.6698,44.5435,15.9401
2026-09-23,15:29,LTF,154.4232,2.1531,34.8562,31.1947
2026-09-23,15:29,LUMAXTECH,2607.8303,2.9833,53.6156,57.4817
2026-09-23,15:29,LUXIND,1283.1395,2.2972,47.1333,-9.2612
2026-09-23,15:29,LXCHEM,258.6124,3.0101,44.5948,-9.6124
2026-09-23,15:29,LYKALABS,111.8793,2.6557,44.8013,-8.1708
2026-09-23,15:29,MACPOWER,7194.6346,4.0902,55.0261,146.6467
2026-09-23,15:29,MAFANG,482.247,1.8798,25.3631,38.4297
2026-09-23,15:29,MAGADSUGAR,497.9996,2.5016,35.5395,-6.5517
2026-09-23,15:29,MAHABANK,115.7864,2.0251,35.9572,55.7881
2026-09-23,15:29,MAHASTEEL,2733.7259,3.0864,46.7755,182.1464
2026-09-23,15:29,MAHESHWARI,184.0675,1.8692,39.5948,26.2875
2026-09-23,15:29,MAHLOG,88.0645,1.81,38.5614,20.6517
2026-09-23,15:29,MAHSEAMLES,1032.8992,1.7473,26.1874,17.753
2026-09-23,15:29,MANAKCOAT,81.0567,2.4377,46.0376,0.1594
2026-09-23,15:29,MANAKSTEEL,281.0007,3.0213,55.347,79.9797
2026-09-23,15:29,MANALIPETC,177.9278,3.3074,45.8802,35.8692
2026-09-23,15:29,MANAPPURAM,110.0808,2.1366,33.6249,15.7096
2026-09-23,15:29,MANBA,93.6463,1.8769,28.2647,2.4511
2026-09-23,15:29,MANCREDIT,394.1824,2.9576,36.4669,20.9096
2026-09-23,15:29,MANGLMCEM,1583.6137,2.0009,31.0417,39.6257
2026-09-23,15:29,MANINDS,3488.7871,3.5954,59.5449,138.6215
2026-09-23,15:29,MANINFRA,83.8475,2.4394,39.3526,-16.3089
2026-09-23,15:29,MANKIND,2508.6025,1.69,25.9607,-0.7209
2026-09-23,15:29,MANORAMA,3219.3214,2.9255,44.597,37.3336
2026-09-23,15:29,MANORG,299.2338,3.5427,51.5256,-13.6625
2026-09-23,15:29,MANYAVAR,470.402,2.354,35.2111,-24.5526
2026-09-23,15:29,MARALOVER,94.2664,3.5759,51.5252,31.3346
2026-09-23,15:29,MARICO,447.4551,1.1723,18.2725,19.1809
2026-09-23,15:29,MARINE,1507.5801,3.5004,52.3471,100.4331
2026-09-23,15:29,MARKSANS,1028.5581,3.237,43.1438,111.4612
2026-09-23,15:29,MASPTOP50,166.0825,3.2278,35.314,42.8404
2026-09-23,15:29,MATRIMONY,173.0286,2.3508,34.6848,5.0506
2026-09-23,15:29,MAWANASUG,331.793,3.0346,41.9041,51.1644
2026-09-23,15:29,MAXESTATES,1215.5404,2.7379,40.9945,31.216
2026-09-23,15:29,MAYURUNIQ,997.2396,2.8471,38.0194,41.8842
2026-09-23,15:29,MAZDA,200.5022,3.2852,45.9345,-3.1357
2026-09-23,15:29,MBAPL,462.4015,2.7361,38.7137,104.9303
2026-09-23,15:29,MBECL,2682.1891,670.5308,6700.9872,8586.9304
2026-09-23,15:29,MCX,6408.8741,2.3096,39.0602,112.9916
2026-09-23,15:29,MEDANTA,2214.02,1.7704,29.9444,15.1112
2026-09-23,15:29,MEESHO,517.969,2.7552,1.7e+308,1.7e+308
2026-09-23,15:29,MEGASTAR,295.2027,2.5683,44.9814,31.8702
2026-09-23,15:29,MENONBE,1136.3442,3.5383,46.2398,135.7199
2026-09-23,15:29,METROPOLIS,611.1811,2.0679,29.9176,16.2514
2026-09-23,15:29,MIDHANI,342.646,3.023,45.493,8.3854
2026-09-23,15:29,MINDACORP,564.6681,1.8753,32.5022,20.6109
2026-09-23,15:29,MITCON,142.702,2.3696,43.6253,24.2033
2026-09-23,15:29,MMFL,928.0901,2.4847,43.2585,99.1414
2026-09-23,15:29,MMP,1307.326,3.1174,43.9868,66.3267
2026-09-23,15:29,MODEFENCE,101.0883,1.3633,25.4579,18.8273
2026-09-23,15:29,MODIS,150.3921,2.1646,1.7e+308,1.7e+308
2026-09-23,15:29,MODISONLTD,2026.2933,4.5171,56.9477,196.4078
2026-09-23,15:29,MOLDTECH,368.9414,3.5395,51.2616,16.2837
2026-09-23,15:29,MOLDTKPAC,769.0154,2.4669,39.4491,-7.5967
2026-09-23,15:29,MON100,602.3746,1.4042,23.3166,52.5987
2026-09-23,15:29,MONARCH,408.6946,2.0314,33.673,12.5581
2026-09-23,15:29,MONQ50,639.027,5.8236,60.9013,119.7531
2026-09-23,15:29,MOREPENLAB,519.7055,4.3431,56.028,150.3581
2026-09-23,15:29,MOSCHIP,108.0343,2.8675,54.1399,-13.5266
2026-09-23,15:29,MOTHERSON,205.5256,1.9721,34.3713,55.5934
2026-09-23,15:29,MOTILALOFS,1599.7381,2.2063,39.6859,14.4661
2026-09-23,15:29,MPSLTD,7429.6806,3.2666,45.2931,22.6339
2026-09-23,15:29,MSTCLTD,1704.5474,3.782,48.4121,55.5682
2026-09-23,15:29,MTARTECH,22946.4259,4.3163,61.6637,287.7861
2026-09-23,15:29,MUFIN,103.0729,1.5484,37.8016,54.2232
2026-09-23,15:29,MUKANDLTD,159.8808,1.8938,34.9733,21.7058
2026-09-23,15:29,MUNJALAU,137.4925,3.5859,49.0175,3.5325
2026-09-23,15:29,MVGJL,300.9703,3.393,43.2879,15.9011
2026-09-23,15:29,MWL,108.5924,2.0194,1.7e+308,96.955
2026-09-23,15:29,NAHARINDUS,153.679,2.7216,40.5508,15.4136
2026-09-23,15:29,NAHARSPING,457.1921,2.2873,38.8301,33.4921
2026-09-23,15:29,NAM-INDIA,1566.5585,2.0445,38.6092,36.114
2026-09-23,15:29,NATCOPHARM,85.2739,2.2188,36.6148,2.053
2026-09-23,15:29,NATIONALUM,87.7547,2.4834,42.5923,81.1995
2026-09-23,15:29,NAUKRI,966.8509,2.1825,30.7709,-1.4587
2026-09-23,15:29,NAVINFLUOR,13355.44,2.2059,36.7335,84.9361
2026-09-23,15:29,NAVINIFTY,435.4239,1.9962,28.9111,43.3632
2026-09-23,15:29,NAZARA,580.4826,2.2314,39.3042,33.1071
2026-09-23,15:29,NDGL,318.7687,2.3438,40.1295,-33.7291
2026-09-23,15:29,NDLVENTURE,137.4305,1.9942,41.4171,49.4159
2026-09-23,15:29,NDRAUTO,155.9738,2.0261,40.7963,-25.9293
2026-09-23,15:29,NELCO,2374.3348,3.2922,46.8157,18.8646
2026-09-23,15:29,NEOGEN,6857.2608,2.8433,49.9467,57.4579
2026-09-23,15:29,NEPHROPLUS,1049.3339,2.5947,1.7e+308,1.7e+308
2026-09-23,15:29,NESTLEIND,648.7015,1.2582,20.6997,19.3188
2026-09-23,15:29,NETWEB,10162.7857,3.6631,59.1884,28.1593
2026-09-23,15:29,NEULANDLAB,58507.1843,2.1994,39.633,61.0339
2026-09-23,15:29,NEWGEN,152.2526,3.2991,53.0568,-43.2647
2026-09-23,15:29,NEXT50,256.69,0.8655,16.8198,8.6204
2026-09-23,15:29,NGIL,84.4056,2.942,54.667,35.8606
2026-09-23,15:29,NGLFINE,3429.5604,4.0389,57.2803,103.8459
2026-09-23,15:29,NH,617.0728,1.7805,30.5885,11.2638
2026-09-23,15:29,NIACL,252.2867,3.6235,47.7353,1.7404
2026-09-23,15:29,NIBE,2270.456,3.474,52.5827,-2.3207
2026-09-23,15:29,NIFTY100EQLWGT,2795.4328,0.7447,14.8757,4.575
2026-09-23,15:29,NIFTY200ALPHA30,7505.3369,0.9879,18.9654,10.2492
2026-09-23,15:29,NIFTY500MOMENTM50,15070.2203,0.9956,18.5692,8.3776
2026-09-23,15:29,NIFTY500MULTICAP,1937.7339,0.7202,14.4857,3.6056
2026-09-23,15:29,NIFTY50ADD,129.3682,0.4992,11.6205,6.7296
2026-09-23,15:29,NIFTY50PR1XINV,133.6474,0.6794,13.2015,8.6936
2026-09-23,15:29,NIFTY50TR1XINV,100.1581,0.6806,13.2259,7.578
2026-09-23,15:29,NIFTYALPHA50,35174.7003,1.005,19.0663,13.4712
2026-09-23,15:29,NIFTYCAPITALMKT,3575.6131,1.1728,24.4062,28.7894
2026-09-23,15:29,NIFTYCHEMICALS,6214.443,0.9905,1.7e+308,1.7e+308
2026-09-23,15:29,NIFTYCONSURDURBL,3608.7809,1.0992,20.2091,1.8329
2026-09-23,15:29,NIFTYEES,23597.5477,1.6253,39.3689,55.5137
2026-09-23,15:29,NIFTYGS10YR,236.0385,0.2014,3.3778,2.1991
2026-09-23,15:29,NIFTYGS1115YR,652.0499,0.22,3.8516,4.2575
2026-09-23,15:29,NIFTYGS15YRPLUS,616.2673,0.3093,5.2463,2.6258
2026-09-23,15:29,NIFTYGS48YR,472.9445,0.1679,2.5887,4.3334
2026-09-23,15:29,NIFTYGS813YR,350.9553,0.1875,3.1795,3.2652
2026-09-23,15:29,NIFTYGSCOMPSITE,460.7893,0.198,3.3474,3.4751
2026-09-23,15:29,NIFTYHEALTHCARE,15405.7378,0.7493,13.5524,19.1628
2026-09-23,15:29,NIFTYINDDEFENCE,9113.761,1.3519,24.667,19.0131
2026-09-23,15:29,NIFTYINDDIGITAL,688.0839,1.0084,17.3987,-1.6843
2026-09-23,15:29,NIFTYINDIAMFG,2771.2497,0.7691,15.3975,8.6683
2026-09-23,15:29,NIFTYM150MOMNTM50,11212.4493,0.9465,18.1315,8.2613
2026-09-23,15:29,NIFTYM150QLTY50,2411.228,0.7678,15.4288,-0.2404
2026-09-23,15:29,NIFTYMEDIA,645.2903,1.3884,22.0499,-0.5459
2026-09-23,15:29,NIFTYMETAL,8865.6915,1.1632,22.5014,34.5268
2026-09-23,15:29,NIFTYMICROCAP250,30306.022,1.003,19.753,15.6433
2026-09-23,15:29,NIFTYMIDCAP150,6477.714,0.7942,16.0052,9.3529
2026-09-23,15:29,NIFTYMIDCAP50,6320.8173,0.7884,16.2372,13.0632
2026-09-23,15:29,NIFTYMIDLIQ15,8219.1605,0.9674,18.658,15.1971
2026-09-23,15:29,NIFTYMIDSELECT,5853.8217,0.8604,17.6058,15.9902
2026-09-23,15:29,NIFTYMIDSMALLCAP400,9989.4474,0.8045,16.13,9.6183
2026-09-23,15:29,NIFTYMIDSMLHLTH,67930.1176,0.8156,14.3908,23.2521
2026-09-23,15:29,NIFTYMS400MQ100,26656.9298,0.8454,17.1885,9.3469
2026-09-23,15:29,NIFTYMULTIINFRA,615.5224,0.7653,15.3993,3.2061
2026-09-23,15:29,NIFTYMULTIMFG,5104.0233,0.7149,15.2508,7.961
2026-09-23,15:29,NIFTYSMALLCAP250,15027.4319,0.8804,17.0587,10.3596
2026-09-23,15:29,NIFTYSMALLCAP50,10443.4158,0.9252,18.1733,18.5861
2026-09-23,15:29,NIFTYSML250MQ100,43088.1164,0.916,17.8559,10.2151
2026-09-23,15:29,NIITLTD,98.7316,4.0966,53.0688,-13.109
2026-09-23,15:29,NILKAMAL,2795.7425,2.8241,35.7602,21.3189
2026-09-23,15:29,NINSYS,2315.4183,1.8251,43.6263,62.3172
2026-09-23,15:29,NITCO,73.8006,3.0136,51.2386,-17.5547
2026-09-23,15:29,NITINSPIN,1752.9208,2.4716,38.4071,87.1838
2026-09-23,15:29,NITIRAJ,280.8766,2.7348,42.4149,12.7995
2026-09-23,15:29,NOCIL,341.0955,3.1097,42.0169,16.58
2026-09-23,15:29,NORTHARC,382.9571,2.5636,39.438,19.6294
2026-09-23,15:29,NOVARTIND,8107.5307,4.148,66.6189,237.3378
2026-09-23,15:29,NPST,4182.4506,3.5173,58.9362,-3.53
2026-09-23,15:29,NRAIL,1273.5269,3.1915,53.4317,70.8831
2026-09-23,15:29,NRBBEARING,1603.459,2.9604,42.2699,93.3703
2026-09-23,15:29,NRL,690.9975,2.584,36.2807,129.5775
2026-09-23,15:29,NURECA,335.824,3.242,53.9216,46.9738
2026-09-23,15:29,NUVAMA,2409.3747,2.3798,36.4858,38.0376
2026-09-23,15:29,NYKAA,433.5014,1.6822,28.2477,47.7972
2026-09-23,15:29,OAL,1614.0018,3.5254,48.5878,66.1014
2026-09-23,15:29,OBEROIRLTY,1875.4053,1.7573,27.7316,17.2593
2026-09-23,15:29,OCCLLTD,390.7094,3.7636,53.1433,20.4549
2026-09-23,15:29,OFSS,26109.3116,2.1503,34.5437,27.4105
2026-09-23,15:29,OIL,91.4756,2.0416,30.8771,14.5643
2026-09-23,15:29,OILCOUNTUB,124.5309,2.1703,58.0571,1.5785
2026-09-23,15:29,OLECTRA,1581.4429,2.3444,43.4761,-17.8746
2026-09-23,15:29,OMAXAUTO,587.9247,4.6498,62.8132,47.254
2026-09-23,15:29,OMAXE,273.2485,4.0946,55.7941,48.618
2026-09-23,15:29,ONELIFECAP,117.5849,2.986,51.1704,160.5048
2026-09-23,15:29,ONEPOINT,128.2519,2.2532,39.0416,56.0091
2026-09-23,15:29,ONESOURCE,2552.0147,1.74,41.9775,-10.7889
2026-09-23,15:29,OPTIEMUS,2576.8214,3.8683,55.2757,26.1575
2026-09-23,15:29,ORBTEXP,274.5509,4.1965,58.4775,26.3263
2026-09-23,15:29,ORCHPHARMA,2713.8802,3.1188,44.6814,52.7549
2026-09-23,15:29,ORIENTBELL,597.8474,2.6977,50.1583,31.8848
2026-09-23,15:29,ORIENTHOT,254.0852,3.6373,46.85,8.6657
2026-09-23,15:29,ORIENTLTD,118.7013,3.4687,46.5735,-2.682
2026-09-23,15:29,PAGEIND,23628.6169,1.7209,24.5327,-9.4568
2026-09-23,15:29,PAISALO,347.3593,2.9078,44.9588,138.559
2026-09-23,15:29,PANACEABIO,196.5951,3.7668,55.6575,-5.6592
2026-09-23,15:29,PANACHE,1216.4706,2.6731,49.2088,28.9894
2026-09-23,15:29,PANAMAPET,1172.7485,4.1381,50.3501,72.263
2026-09-23,15:29,PAR,217.1848,4.5305,56.2793,26.773
2026-09-23,15:29,PARACABLES,164.9042,4.2049,59.1699,39.7263
2026-09-23,15:29,PARADEEP,195.4167,2.3783,43.128,-15.4508
2026-09-23,15:29,PARAGMILK,291.1715,2.5986,47.8598,-0.2855
2026-09-23,15:29,PARAS,4599.2078,3.927,51.4881,98.791
2026-09-23,15:29,PARKHOSPS,688.5167,2.484,1.7e+308,1.7e+308
2026-09-23,15:29,PASUPTAC,161.7413,2.9935,54.5234,76.1253
2026-09-23,15:29,PATELRMART,108.4063,2.6547,47.0309,-5.5333
2026-09-23,15:29,PAUSHAKLTD,1153.523,3.1974,1.7e+308,1.7e+308
2026-09-23,15:29,PAYTM,4023.0663,2.6819,39.5763,57.7497
2026-09-23,15:29,PCBL,274.4269,2.8591,47.0928,-7.8923
2026-09-23,15:29,PDMJEPAPER,94.0183,2.3907,36.9522,-16.4655
2026-09-23,15:29,PDSL,230.7045,2.2171,42.0688,11.4916
2026-09-23,15:29,PFOCUS,467.3009,3.2803,55.7006,83.8231
2026-09-23,15:29,PGHL,2871.4041,1.8415,24.4749,-13.3021
2026-09-23,15:29,PGIL,3148.9322,3.005,51.6354,103.1706
2026-09-23,15:29,PHOENIXLTD,1598.1873,1.6421,26.3558,29.395
2026-09-23,15:29,PICCADIL,235.976,2.5784,43.115,-7.5825
2026-09-23,15:29,PIDILITIND,674.7485,1.3659,22.0168,7.6824
2026-09-23,15:29,PIRAMALFIN,2836.6745,1.8551,1.7e+308,1.7e+308
2026-09-23,15:29,PITTIENG,1627.3355,2.237,40.1822,15.5487
2026-09-23,15:29,PIXTRANS,2132.7767,2.6484,32.2258,22.3103
2026-09-23,15:29,PKTEA,1332.4434,4.0669,55.0753,16.0754
2026-09-23,15:29,PLASTIBLEN,204.2231,2.1145,35.0245,1.0564
2026-09-23,15:29,PLAZACABLE,141.3376,3.6677,51.2777,14.1715
2026-09-23,15:29,PNBHOUSING,1875.7153,1.6719,32.1916,31.7556
2026-09-23,15:29,PNGJL,235.976,2.3153,34.4548,1.6892
2026-09-23,15:29,PODDARMENT,167.8189,2.9319,40.3058,-1.1575
2026-09-23,15:29,POLICYBZR,2248.1296,2.0649,34.0672,12.4739
2026-09-23,15:29,POLYCAB,5144.3406,1.8051,30.6752,14.9471
2026-09-23,15:29,POLYMED,2712.6398,2.5563,42.7175,-11.8857
2026-09-23,15:29,POLYPLEX,1690.2833,2.3298,33.5067,6.2488
2026-09-23,15:29,PONNIERODE,681.5708,2.6862,36.2825,31.1375
2026-09-23,15:29,POONAWALLA,91.1656,2.2367,38.7097,-1.3189
2026-09-23,15:29,POWERINDIA,54153.5651,2.7148,44.9038,63.0122
2026-09-23,15:29,POWERMECH,2212.1592,2.1082,38.3942,-8.5913
2026-09-23,15:29,PPAP,265.1862,4.3355,58.0107,7.5534
2026-09-23,15:29,PPL,376.3834,3.0007,44.7243,-10.8546
2026-09-23,15:29,PPLPHARMA,277.7758,2.3551,34.7822,12.257
2026-09-23,15:29,PRABHA,477.5958,2.8991,45.993,8.6987
2026-09-23,15:29,PRAJIND,72.5602,2.0648,40.4062,-8.1085
2026-09-23,15:29,PRECOT,959.7189,3.4316,61.7549,48.0659
2026-09-23,15:29,PRECWIRE,1471.5481,3.8528,60.6924,175.3187
2026-09-23,15:29,PREMEXPLN,1290.5816,3.4198,54.2422,14.6752
2026-09-23,15:29,PREMIERENE,966.2305,1.7984,34.7484,-11.0225
2026-09-23,15:29,PREMIERPOL,276.9076,4.1009,61.1007,111.7338
2026-09-23,15:29,PRICOLLTD,807.4662,2.3801,38.8997,41.4167
2026-09-23,15:29,PRIVISCL,4625.2556,1.7809,34.4633,47.4624
2026-09-23,15:29,PRUDENT,4484.4749,2.3594,37.8507,31.3342
2026-09-23,15:29,PSPPROJECT,289.3108,2.7945,45.8798,7.655
2026-09-23,15:29,PTCIL,24627.0966,2.7392,37.0234,46.5998
2026-09-23,15:29,PVP,244.4725,4.2308,64.6627,123.2672
2026-09-23,15:29,PVRINOX,1639.429,1.9584,31.1131,18.8543
2026-09-23,15:29,PWL,178.486,3.2497,1.7e+308,1.7e+308
2026-09-23,15:29,QPOWER,4648.5117,3.2545,55.7193,53.4955
2026-09-23,15:29,QUADFUTURE,1449.656,4.1031,59.8528,31.3256
2026-09-23,15:29,QUESS,954.3233,2.6897,37.3116,42.0095
2026-09-23,15:29,RACLGEAR,3027.6876,3.1127,57.9918,52.0518
2026-09-23,15:29,RADICO,11240.6478,1.5376,33.1827,59.633
2026-09-23,15:29,RAIN,430.9587,3.6654,54.4603,70.885
2026-09-23,15:29,RAINBOW,1366.8629,1.2675,22.3888,3.2824
2026-09-23,15:29,RAJRATAN,106.3599,2.4091,50.1091,49.4125
2026-09-23,15:29,RAMCOIND,88.6849,2.7978,42.2228,-8.7869
2026-09-23,15:29,RAMCOSYS,461.4094,4.9036,65.0334,20.5402
2026-09-23,15:29,RAMRAT,1529.3485,2.9644,42.7725,73.7744
2026-09-23,15:29,RANEHOLDIN,894.9109,2.8765,41.4788,-1.0935
2026-09-23,15:29,RATEGAIN,1885.018,2.6384,43.5772,31.1067
2026-09-23,15:29,RATNAMANI,3409.7152,2.8317,45.6673,16.0328
2026-09-23,15:29,RATNAVEER,1144.0344,3.6333,51.6634,102.7159
2026-09-23,15:29,RAYMOND,4442.9243,3.9688,50.2595,83.5872
2026-09-23,15:29,RAYMONDREL,1421.7481,4.1319,58.8946,9.5529
2026-09-23,15:29,RBA,190.7034,3.022,38.7882,19.7727
2026-09-23,15:29,RBLBANK,708.2384,1.827,31.2217,57.1507
2026-09-23,15:29,RBZJEWEL,160.3149,3.6957,51.3338,33.5509
2026-09-23,15:29,REDINGTON,855.8397,2.6645,50.7396,51.3235
2026-09-23,15:29,REFEX,336.6922,2.6795,53.2603,-23.1089
2026-09-23,15:29,REGAAL,216.1305,3.4463,56.0685,5.4181
2026-09-23,15:29,RGL,335.1418,3.5691,57.7574,49.8593
2026-09-23,15:29,RISHABH,1873.5447,3.3163,51.2388,85.8994
2026-09-23,15:29,RITCO,358.0262,2.8095,42.4452,9.7538
2026-09-23,15:29,RKFORGE,861.4214,2.1524,35.8103,33.3083
2026-09-23,15:29,RML,3239.787,3.3505,43.5924,65.8051
2026-09-23,15:29,ROLEXRINGS,280.6906,2.5146,44.7026,38.3004
2026-09-23,15:29,ROSSTECH,4559.2069,3.9159,62.3015,98.7253
2026-09-23,15:29,RPEL,6051.3442,3.5628,52.6169,164.1105
2026-09-23,15:29,RPGLIFE,6516.7845,2.7065,38.6324,31.2424
2026-09-23,15:29,RPSGVENT,832.5832,2.2805,47.834,1.4169
2026-09-23,15:29,RPTECH,3306.1459,3.432,44.939,184.8946
2026-09-23,15:29,RRKABEL,6653.2227,2.8572,38.9279,103.2915
2026-09-23,15:29,RSWM,385.3759,2.6821,40.9742,52.3706
2026-09-23,15:29,RUBICON,5521.0965,3.398,1.7e+308,1.7e+308
2026-09-23,15:29,RUBYMILLS,1764.6422,4.0272,53.943,121.4392
2026-09-23,15:29,RVTH,125.5852,3.2244,48.3653,-42.4461
2026-09-23,15:29,S&SPOWER,116.5926,2.9882,54.8758,-18.1444
2026-09-23,15:29,SAATVIKGL,175.5093,2.2885,1.7e+308,1.5657
2026-09-23,15:29,SAHYADRI,677.1676,3.0695,40.6161,42.7082
2026-09-23,15:29,SAIL,162.2375,2.4903,36.6229,41.5356
2026-09-23,15:29,SAILIFE,4308.6566,1.9699,33.9599,87.5116
2026-09-23,15:29,SAKAR,4439.8235,3.8334,54.3322,226.129
2026-09-23,15:29,SALONA,104.4992,2.0628,36.6912,11.7742
2026-09-23,15:29,SALSTEEL,231.7589,3.4098,58.3808,205.7174
2026-09-23,15:29,SAMBHV,360.3209,2.9354,46.0043,38.0628
2026-09-23,15:29,SANATHAN,490.2474,2.2054,33.9707,1.27
2026-09-23,15:29,SANDHAR,383.2673,2.8748,44.0832,30.4707
2026-09-23,15:29,SANGAMIND,659.5545,1.9554,35.3231,31.2148
2026-09-23,15:29,SANGHVIMOV,944.5244,3.0755,51.2382,20.7627
2026-09-23,15:29,SANGINITA,384.1356,2.3699,47.8316,655.4109
2026-09-23,15:29,SANSERA,14713.6204,2.7395,42.0751,222.4982
2026-09-23,15:29,SANSTAR,136.6243,2.8893,39.397,16.9754
2026-09-23,15:29,SAPPHIRE,81.4908,2.5826,45.8619,-23.1219
2026-09-23,15:29,SAREGAMA,1016.7748,3.0662,41.9076,7.3584
2026-09-23,15:29,SARLAPOLY,124.2208,1.8013,38.8162,0.7351
2026-09-23,15:29,SASKEN,3414.6761,4.2152,55.0326,28.0731
2026-09-23,15:29,SATIN,440.1373,2.4433,33.2651,55.315
2026-09-23,15:29,SBC,113.8019,2.0374,25.9691,125.9379
2026-09-23,15:29,SBCL,3988.6471,4.024,55.2213,114.9898
2026-09-23,15:29,SBILIQETF,187.2929,0.012,0.7354,4.9171
2026-09-23,15:29,SCHAEFFLER,1944.8637,1.4838,29.1858,2.3472
2026-09-23,15:29,SCHNEIDER,2677.2898,3.5028,48.9082,48.8211
2026-09-23,15:29,SCI,90.6694,2.2384,46.0311,23.7747
2026-09-23,15:29,SCPL,1938.6629,3.8574,56.1827,173.2126
2026-09-23,15:29,SEAMECLTD,2344.2565,2.4087,36.0169,93.872
2026-09-23,15:29,SECMARK,193.9283,3.4087,63.6868,19.1232
2026-09-23,15:29,SEJALLTD,146.0508,2.8271,54.7041,-1.3119
2026-09-23,15:29,SENORES,3720.112,2.946,40.8528,105.3741
2026-09-23,15:29,SETFNN50,261.155,0.8619,16.2038,8.4065
2026-09-23,15:29,SETL,1709.1366,3.7171,51.5703,130.5949
2026-09-23,15:29,SFL,371.4838,2.6132,39.2778,-3.5615
2026-09-23,15:29,SGFIN,1344.2266,2.3853,42.2519,77.986
2026-09-23,15:29,SGIL,1142.67,2.7119,41.2748,24.7318
2026-09-23,15:29,SGMART,1938.3529,2.7389,1.7e+308,101.5291
2026-09-23,15:29,SHADOWFAX,998.6036,3.2113,1.7e+308,1.7e+308
2026-09-23,15:29,SHAHALLOYS,150.082,3.4446,52.277,37.4568
2026-09-23,15:29,SHAILY,7487.3571,2.458,51.5963,43.1501
2026-09-23,15:29,SHALPAINTS,111.5692,4.3883,61.3884,3.8199
2026-09-23,15:29,SHANKARA,263.0777,1.6656,45.7293,-34.4203
2026-09-23,15:29,SHANTIGEAR,1329.9623,3.4018,41.6698,26.4288
2026-09-23,15:29,SHANTIGOLD,435.548,3.0064,47.2639,31.9425
2026-09-23,15:29,SHARDAMOTR,183.2612,2.0043,36.4435,-7.1156
2026-09-23,15:29,SHAREINDIA,437.4085,3.2755,53.2943,71.8191
2026-09-23,15:29,SHEMAROO,103.2589,2.7168,45.0078,8.8264
2026-09-23,15:29,SHILCTECH,2021.1469,3.0302,1.7e+308,1.7e+308
2026-09-23,15:29,SHILPAMED,4408.8144,3.056,42.1055,168.883
2026-09-23,15:29,SHIVALIK,941.7338,4.0113,53.4449,-1.179
2026-09-23,15:29,SHIVAUM,1316.3186,2.8629,1.7e+308,1.7e+308
2026-09-23,15:29,SHREEJISPG,2004.7114,2.3094,42.9612,193.849
2026-09-23,15:29,SHREEPUSHK,814.288,2.7732,53.458,13.4164
2026-09-23,15:29,SHRIPISTON,8718.4003,1.9675,38.7619,69.101
2026-09-23,15:29,SHYAMMETL,1403.7633,1.663,28.5687,21.8848
2026-09-23,15:29,SICAGEN,206.3938,3.7449,137.0487,234.2587
2026-09-23,15:29,SIEMENS,4772.2364,1.8219,30.8761,25.5046
2026-09-23,15:29,SIGIND,131.7249,3.0281,45.5985,38.0238
2026-09-23,15:29,SIGMAADV,4653.7833,3.6148,57.0663,494.4282
2026-09-23,15:29,SIGNPOST,202.7347,3.325,48.3202,3.7893
2026-09-23,15:29,SILVERTUC,160.9351,2.9275,52.7991,115.57
2026-09-23,15:29,SIMPLEXINF,184.6877,3.1565,54.3051,-9.9561
2026-09-23,15:29,SIS,583.5835,1.9286,29.6921,22.0886
2026-09-23,15:29,SJS,3290.0221,2.0512,37.3377,60.7839
2026-09-23,15:29,SKFINDUS,2684.1104,2.323,1.7e+308,1.7e+308
2026-09-23,15:29,SKIPPER,1201.2765,2.5668,40.5229,10.9807
2026-09-23,15:29,SKMEGGPROD,309.0945,4.1425,57.3287,44.3607
2026-09-23,15:29,SKYGOLD,2613.1016,3.3959,48.8778,191.4128
2026-09-23,15:29,SMARTLINK,579.8623,3.5179,47.7157,45.3046
2026-09-23,15:29,SMARTWORKS,520.3257,2.0744,35.3745,-6.0269
2026-09-23,15:29,SMLMAH,13168.7672,4.0364,59.7137,113.2321
2026-09-23,15:29,SMSPHARMA,904.2133,2.9752,51.3549,91.8905
2026-09-23,15:29,SOFTTECH,1125.3052,2.1939,43.7211,32.7351
2026-09-23,15:29,SOLARA,1384.8479,3.3712,46.2195,17.4874
2026-09-23,15:29,SOLARINDS,41471.0135,2.4779,35.6757,43.3241
2026-09-23,15:29,SOMANYCERA,1204.9974,2.2802,36.353,31.8227
2026-09-23,15:29,SONACOMS,1891.8397,1.8174,31.7134,104.618
2026-09-23,15:29,SONAMLTD,160.5009,3.301,45.9787,55.7948
2026-09-23,15:29,SOTL,2223.0124,4.133,48.7434,81.5322
2026-09-23,15:29,SPAL,1437.8725,3.6215,50.0666,39.3957
2026-09-23,15:29,SPARC,456.1377,3.8557,57.2248,56.0792
2026-09-23,15:29,SPECIALITY,294.9546,3.0786,47.0289,20.1908
2026-09-23,15:29,SPECTRUM,11649.3432,3.9384,57.0536,135.9415
2026-09-23,15:29,SPLPETRO,1597.2572,2.1592,41.0184,1.3906
2026-09-23,15:29,SPORTKING,635.4919,3.2824,47.7225,109.1269
2026-09-23,15:29,SREEL,526.2175,3.3901,39.006,26.6112
2026-09-23,15:29,SRHHYPOLTD,606.5298,2.8388,38.3199,1.3455
2026-09-23,15:29,SRM,188.843,2.1447,45.4444,-22.6282
2026-09-23,15:29,SSWL,925.1751,2.9139,42.2661,61.9568
2026-09-23,15:29,STALLION,365.2203,4.05,74.5365,10.9923
2026-09-23,15:29,STAR,2267.6652,2.2911,38.3264,50.0061
2026-09-23,15:29,STARHEALTH,504.5113,1.424,23.9375,23.1804
2026-09-23,15:29,STEELCAS,840.0253,2.5899,46.193,70.9845
2026-09-23,15:29,STEL,991.6575,2.7076,50.8069,44.1332
2026-09-23,15:29,STLNETWORK,176.5014,3.1571,1.7e+308,65.1163
2026-09-23,15:29,STLTECH,4412.1634,3.5205,62.3155,640.5415
2026-09-23,15:29,STOVEKRAFT,1969.6714,2.3239,43.3618,23.8664
2026-09-23,15:29,STYL,608.8244,2.9926,1.7e+308,1.7e+308
2026-09-23,15:29,STYLAMIND,7052.6162,2.6131,36.2104,103.0989
2026-09-23,15:29,STYLEBAAZA,151.3223,3.2286,57.1979,4.9265
2026-09-23,15:29,STYRENIX,1056.1561,1.9193,30.9715,-10.7961
2026-09-23,15:29,SUBEXLTD,74.2348,4.011,55.9652,84.1535
2026-09-23,15:29,SUDARCOLOR,176.7495,2.348,39.7709,-33.9811
2026-09-23,15:29,SUDARSCHEM,1936.1823,2.7681,40.287,-11.6247
2026-09-23,15:29,SUDEEPPHRM,3294.3622,3.1677,1.7e+308,1.7e+308
2026-09-23,15:29,SUMICHEM,354.4294,2.7812,36.2241,-13.3066
2026-09-23,15:29,SUNDRMBRAK,246.829,3.118,44.0622,-9.9314
2026-09-23,15:29,SUNDRMFAST,1608.4206,1.741,26.7679,19.5924
2026-09-23,15:29,SUNDROP,454.2772,1.7866,28.7821,-7.1366
2026-09-23,15:29,SUNFLAG,902.1046,3.3022,44.3277,52.0241
2026-09-23,15:29,SUNPHARMA,1038.7909,1.0365,19.3668,17.5396
2026-09-23,15:29,SUPRAJIT,317.2188,1.7308,32.1742,-1.8217
2026-09-23,15:29,SUPRIYA,1984.8661,3.8061,47.9023,42.5784
2026-09-23,15:29,SURAKSHA,435.362,2.5334,34.2783,19.245
2026-09-23,15:29,SURYODAY,120.5618,2.5674,42.9654,12.3486
2026-09-23,15:29,SUVEN,1180.3766,4.2743,58.8784,63.5255
2026-09-23,15:29,SVLL,1889.0489,3.3133,44.4987,13.8608
2026-09-23,15:29,SWANDEF,5718.0013,1.9934,1533.747,381.0605
2026-09-23,15:29,SWELECTES,291.1712,2.2778,45.5885,-36.1552
2026-09-23,15:29,SYRMA,5250.3905,2.8037,45.0857,114.1621
2026-09-23,15:29,TAINWALCHM,216.5646,2.8483,53.3136,1.7471
2026-09-23,15:29,TALBROAUTO,1135.2278,2.6045,41.6317,57.4439
2026-09-23,15:29,TANLA,202.1767,2.4457,46.4427,-27.8235
2026-09-23,15:29,TARIL,110.9492,2.4832,59.4921,-42.0028
2026-09-23,15:29,TARSONS,837.1725,4.0501,52.0845,9.1782
2026-09-23,15:29,TASTYBITE,15550.8548,2.5679,35.7105,13.8511
2026-09-23,15:29,TATACOMM,271.0156,2.0162,33.9559,5.3851
2026-09-23,15:29,TATAINVEST,273.8064,2.0275,45.487,-22.1902
2026-09-23,15:29,TATATECH,733.0454,2.4926,33.1801,7.3655
2026-09-23,15:29,TATVA,3602.589,3.3247,52.9218,75.945
2026-09-23,15:29,TBOTEK,1141.1196,2.2571,39.8503,14.0363
2026-09-23,15:29,TBZ,3319.6037,5.2762,64.4212,282.7171
2026-09-23,15:29,TCPLPACK,6936.0218,3.4518,44.7519,20.8416
2026-09-23,15:29,TDPOWERSYS,2159.8788,4.0568,54.7675,167.1157
2026-09-23,15:29,TECHM,140.1591,1.8203,27.7866,10.606
2026-09-23,15:29,TEGA,2733.7259,2.7094,36.7271,7.0388
2026-09-23,15:29,TEJASNET,1196.315,3.4293,58.3684,-11.4215
2026-09-23,15:29,TEXINFRA,170.6718,1.8002,26.8782,26.831
2026-09-23,15:29,TFCILTD,413.7179,2.5683,49.3791,94.9725
2026-09-23,15:29,THANGAMAYL,10762.4933,3.9034,60.6257,163.7008
2026-09-23,15:29,THEJO,2885.0476,2.0917,32.1247,19.3575
2026-09-23,15:29,THELEELA,618.3132,2.0869,31.0769,29.9201
2026-09-23,15:29,THEMISMED,193.1221,3.6183,58.266,-7.4793
2026-09-23,15:29,THERMAX,3585.8439,2.6107,35.3187,8.356
2026-09-23,15:29,THYROCARE,1058.3263,2.5643,40.3016,53.1102
2026-09-23,15:29,TI,935.2218,1.9688,35.0068,35.9322
2026-09-23,15:29,TIIL,2939.0024,2.337,39.7507,29.8882
2026-09-23,15:29,TIINDIA,496.1389,1.995,33.9092,-17.5929
2026-09-23,15:29,TIMKEN,1396.01,1.7474,28.2874,9.6625
2026-09-23,15:29,TINNARUBR,1582.0629,3.4736,49.4756,8.5574
2026-09-23,15:29,TIPSMUSIC,582.9633,2.548,37.7445,14.3028
2026-09-23,15:29,TIRUPATIFL,257.6201,3.7855,56.8558,109.7456
2026-09-23,15:29,TITAGARH,479.0842,2.3245,36.448,-4.2309
2026-09-23,15:29,TITAN,4346.1759,1.5097,23.3358,46.6655
2026-09-23,15:29,TMB,1685.322,2.4189,38.4922,117.3369
2026-09-23,15:29,TNPETRO,212.0994,2.3121,37.4907,23.6033
2026-09-23,15:29,TORNTPHARM,5624.9752,1.5493,22.0632,39.9888
2026-09-23,15:29,TRAVELFOOD,271.6364,2.1199,30.0631,-9.0739
2026-09-23,15:29,TRITURBINE,442.8038,2.6794,37.3302,9.0398
2026-09-23,15:29,TRUALT,119.0732,2.0044,1.7e+308,1.7e+308
2026-09-23,15:29,TSFINV,141.0895,2.0672,44.0424,-18.0544
2026-09-23,15:29,TTKHLTCARE,726.2232,2.196,30.0611,-8.9555
2026-09-23,15:29,TVSMOTOR,1676.949,1.69,27.3613,21.1047
2026-09-23,15:29,TVSSRICHAK,1911.3765,2.8672,43.2317,40.9223
2026-09-23,15:29,UCAL,203.355,3.0239,45.9528,5.5744
2026-09-23,15:29,UDS,320.3198,2.5565,44.095,-16.165
2026-09-23,15:29,UFBL,2909.9167,4.4439,65.0992,217.4764
2026-09-23,15:29,UFLEX,1265.7745,2.996,40.8141,23.8249
2026-09-23,15:29,UGARSUGAR,126.0193,3.3586,41.053,34.9528
2026-09-23,15:29,UNICHEMLAB,1226.3934,4.031,49.7921,19.691
2026-09-23,15:29,UNIDT,317.2189,2.3245,39.8209,22.1328
2026-09-23,15:29,UNIMECH,4831.7729,3.188,48.3365,64.535
2026-09-23,15:29,UNIPARTS,2143.0101,2.5166,42.6298,112.537
2026-09-23,15:29,UNITDSPR,239.3869,1.383,23.9986,11.0683
2026-09-23,15:29,UNITEDPOLY,118.019,2.5368,52.5591,-7.435
2026-09-23,15:29,UNIVASTU,472.4484,3.1127,44.6903,88.9148
2026-09-23,15:29,UNIVCABLES,5076.7419,4.4163,59.071,110.1685
2026-09-23,15:29,UNIVPHOTO,1990.4473,2.5549,53.0864,125.5864
2026-09-23,15:29,URBANCO,319.2654,2.8471,1.7e+308,0.6409
2026-09-23,15:29,USHAMART,782.3491,1.9403,34.1876,19.1914
2026-09-23,15:29,UTLSOLAR,1458.4625,3.1618,1.7e+308,1.7e+308
2026-09-23,15:29,UTTAMSUGAR,324.0407,2.8974,42.2164,8.7143
2026-09-23,15:29,V2RETAIL,77.5838,2.258,40.0151,14.338
2026-09-23,15:29,VADILALIND,14590.8272,2.4882,38.4838,38.0251
2026-09-23,15:29,VALIANTLAB,372.1662,2.8038,51.3487,46.8864
2026-09-23,15:29,VALIANTORG,950.9122,3.0634,54.3107,26.3474
2026-09-23,15:29,VARROC,1728.7341,2.3115,36.2992,35.3889
2026-09-23,15:29,VEDL,169.2454,2.4467,36.3298,67.222
2026-09-23,15:29,VENKEYS,1567.7986,2.18,38.3116,15.8327
2026-09-23,15:29,VENUSPIPES,6675.5496,2.9549,45.2144,67.7799
2026-09-23,15:29,VENUSREM,5617.8431,3.2891,53.8644,274.0783
2026-09-23,15:29,VERANDA,220.4718,3.051,52.5862,8.0312
2026-09-23,15:29,VETO,272.1322,2.5307,37.32,28.4026
2026-09-23,15:29,VHL,436.6032,1.6513,32.3338,-10.1511
2026-09-23,15:29,VIDHIING,283.1092,2.3302,36.8731,-0.1941
2026-09-23,15:29,VIDYAWIRES,258.3023,3.1392,1.7e+308,1.7e+308
2026-09-23,15:29,VIJAYA,3613.4417,2.4732,32.5072,54.0053
2026-09-23,15:29,VIJIFIN,85.0258,2.3938,52.0425,446.7354
2026-09-23,15:29,VIMTALABS,887.4686,2.7468,47.0345,-16.1875
2026-09-23,15:29,VINCOFE,245.3407,2.755,40.3485,24.1908
2026-09-23,15:29,VINDHYATEL,10872.8853,4.6422,58.9678,100.5601
2026-09-23,15:29,VISAKAIND,188.4708,2.8434,38.7314,20.2804
2026-09-23,15:29,VISHNU,1294.9226,1.9863,32.5388,53.2331
2026-09-23,15:29,VIYASH,232.069,2.8153,43.5368,33.8838
2026-09-23,15:29,VMART,1052.7448,1.9663,40.4889,8.7365
2026-09-23,15:29,VOLTAMP,17637.7393,2.9721,40.4129,54.3376
2026-09-23,15:29,VSSL,978.6341,2.2678,36.4159,53.955
2026-09-23,15:29,VTL,315.6686,2.001,33.1763,34.5757
2026-09-23,15:29,WABAG,4742.4678,3.0267,41.3239,41.1339
2026-09-23,15:29,WALCHANNAG,266.1785,3.4897,58.7727,12.5562
2026-09-23,15:29,WELCORP,12367.1935,3.0811,42.1573,224.8693
2026-09-23,15:29,WELENT,1729.0441,2.3614,38.4607,54.8619
2026-09-23,15:29,WELINV,7125.1755,2.8,53.7534,140.3992
2026-09-23,15:29,WELSPUNLIV,512.3255,2.4511,46.4638,92.1267
2026-09-23,15:29,WENDT,10031.3092,2.4338,35.2303,-1.9434
2026-09-23,15:29,WESTLIFE,476.9137,2.7311,39.3567,-12.4452
2026-09-23,15:29,WEWORK,660.485,2.7143,1.7e+308,1.7e+308
2026-09-23,15:29,WHEELS,8520.8766,4.0197,51.0328,159.4441
2026-09-23,15:29,WINDLAS,1690.2829,2.4686,35.6617,16.7714
2026-09-23,15:29,WINDMACHIN,258.9225,2.4826,41.2451,4.0324
2026-09-23,15:29,WIPL,89.7391,1.871,32.4377,-4.6516
2026-09-23,15:29,WOCKPHARMA,5798.0031,3.3953,52.7209,74.3135
2026-09-23,15:29,WONDERLA,89.305,1.6378,28.5408,-16.5918
2026-09-23,15:29,WSTCSTPAPR,1966.2606,2.4361,36.7134,61.585
2026-09-23,15:29,XPROINDIA,1856.8001,3.6119,51.2287,7.1835
2026-09-23,15:29,YASHO,17173.8506,4.4479,60.243,150.4805
2026-09-23,15:29,YATHARTH,2957.918,2.1416,39.4243,48.7426
2026-09-23,15:29,YUKEN,2428.6003,2.3469,37.3691,17.2673
2026-09-23,15:29,ZENTEC,2220.2217,2.5467,38.1737,11.4272
2026-09-23,15:29,ZIMLAB,386.5542,2.9866,50.3775,82.3843
2026-09-23,15:29,ZYDUSLIFE,1645.9407,1.6603,23.4815,20.0103
2026-09-23,15:29,ZYDUSWELL,767.1549,2.3899,39.3684,10.0975
2026-09-24,15:29,20MICRONS,203.4169,2.7537,42.3705,-3.1298
2026-09-24,15:29,3IINFOLTD,56.0637,2.3712,38.5859,13.5578
2026-09-24,15:29,63MOONS,1090.8856,3.0088,52.6513,-0.9015
2026-09-24,15:29,AAREYDRUGS,206.3938,2.3164,50.7167,27.671
2026-09-24,15:29,AARTIDRUGS,406.5238,1.6525,31.7991,-6.9582
2026-09-24,15:29,AARTIIND,266.9849,2.4175,37.5685,30.6594
2026-09-24,15:29,AARTIPHARM,1395.7008,3.1598,45.2248,13.373
2026-09-24,15:29,AARTISURF,578.0019,3.7399,51.4565,11.1888
2026-09-24,15:29,ABB,8363.042,1.9695,29.9389,37.8011
2026-09-24,15:29,ABBOTINDIA,2480.6947,1.3714,20.5011,-9.6839
2026-09-24,15:29,ABCAPITAL,334.2736,2.0821,32.7093,39.8709
2026-09-24,15:29,ABDL,1134.9178,2.4677,41.5195,38.1742
2026-09-24,15:29,ABSLAMC,960.9588,2.3537,37.3656,31.7299
2026-09-24,15:29,ACE,2132.467,2.2076,34.3101,14.8968
2026-09-24,15:29,ACMESOLAR,1376.8475,2.3588,38.3255,67.316
2026-09-24,15:29,ACUTAAS,7852.0187,2.7334,45.7331,141.7863
2026-09-24,15:29,ADANIENSOL,2186.1122,2.1766,40.6183,52.4682
2026-09-24,15:29,ADANIENT,4734.4052,2.2089,36.3828,14.0072
2026-09-24,15:29,ADANIGREEN,2044.0923,2.2977,43.9234,22.2169
2026-09-24,15:29,ADANIPORTS,1651.5228,1.6423,29.4952,28.2543
2026-09-24,15:29,ADANIPOWER,369.4995,2.0836,43.7467,36.3966
2026-09-24,15:29,ADFFOODS,321.3739,2.5604,47.5199,23.1526
2026-09-24,15:29,ADOR,3500.2604,2.245,37.6998,64.5732
2026-09-24,15:29,ADVAIT,1173.369,2.8933,1.7e+308,1.7e+308
2026-09-24,15:29,AEGISLOG,4152.3724,3.6561,47.9841,82.9926
2026-09-24,15:29,AEGISVOPAK,464.2,3.1591,47.8725,18.722
2026-09-24,15:29,AEQUS,625.135,3.3656,1.7e+308,1.7e+308
2026-09-24,15:29,AEROENTER,295.2647,3.9144,55.948,50.5935
2026-09-24,15:29,AEROFLEX,2113.676,4.4544,59.85,193.1984
2026-09-24,15:29,AERONEU,66.6687,3.4771,57.8148,-4.8383
2026-09-24,15:29,AETHER,4212.8393,2.1842,39.036,124.0642
2026-09-24,15:29,AFFLE,171.1678,2.3258,34.1834,-20.8483
2026-09-24,15:29,AGARWALEYE,291.7918,1.6743,27.4714,2.721
2026-09-24,15:29,AGI,1310.1169,2.3971,43.8652,-5.6949
2026-09-24,15:29,AGIIL,211.4793,2.592,53.3876,8.3114
2026-09-24,15:29,AHCL,102.2666,3.397,53.9656,122.6107
2026-09-24,15:29,AHLWEST,2239.137,3.2067,52.0488,137.1103
2026-09-24,15:29,AIAENG,568.0782,1.9067,30.8475,28.7794
2026-09-24,15:29,AIIL,404.6631,3.0614,51.2735,-6.9971
2026-09-24,15:29,AJANTPHARM,3841.3551,1.7132,25.3556,43.5786
2026-09-24,15:29,AJAXENGG,609.6308,2.2104,36.9826,-10.7387
2026-09-24,15:29,AKSHARCHEM,968.3391,3.7007,49.4977,40.4555
2026-09-24,15:29,AKUMS,2271.3859,2.139,32.9492,83.0516
2026-09-24,15:29,ALBERTDAVD,749.7897,2.2486,32.5645,12.1973
2026-09-24,15:29,ALEMBICLTD,72.6223,2.0713,31.8041,7.4163
2026-09-24,15:29,ALGOQUANT,93.5222,2.022,1.7e+308,1.7e+308
2026-09-24,15:29,ALIVUS,2792.022,2.0868,30.7455,45.8688
2026-09-24,15:29,ALKALI,160.9351,4.7246,60.0152,5.0583
2026-09-24,15:29,ALKYLAMINE,2106.1096,2.8757,40.5145,-5.4664
2026-09-24,15:29,ALPHAGEO,470.8359,3.9521,53.4026,12.3067
2026-09-24,15:29,AMAGI,1147.9417,3.2082,1.7e+308,1.7e+308
2026-09-24,15:29,AMANTA,522.1243,2.7564,1.7e+308,36.94
2026-09-24,15:29,AMBIKCO,1051.8144,2.2178,34.5489,9.5587
2026-09-24,15:29,AMDIND,78.0179,3.2876,54.2033,2.354
2026-09-24,15:29,ANANDRATHI,4172.8376,1.1726,21.5422,51.2122
2026-09-24,15:29,ANANTRAJ,564.6681,2.4494,46.1953,-8.1801
2026-09-24,15:29,ANDHRSUGAR,111.8793,2.9343,37.9443,25.7336
2026-09-24,15:29,ANGELONE,129.4304,2.1639,41.166,36.07
2026-09-24,15:29,ANTELOPUS,3462.4292,4.0783,69.3197,103.4815
2026-09-24,15:29,ANTHEM,1213.3696,1.6669,29.6173,13.4076
2026-09-24,15:29,ANUHPHR,59.5987,2.4082,36.3785,9.4526
2026-09-24,15:29,AONELIQUID,193.1843,0.0118,0.2058,4.9406
2026-09-24,15:29,APARINDS,51431.0027,2.9653,46.8786,112.9538
2026-09-24,15:29,APCOTEXIND,1406.5538,3.4443,43.1177,53.3384
2026-09-24,15:29,APLLTD,496.759,1.6412,26.8539,-6.5831
2026-09-24,15:29,APOLLO,1036.9303,3.4649,56.4522,22.917
2026-09-24,15:29,APOLLOHOSP,8347.5376,1.1289,18.4639,18.3555
2026-09-24,15:29,APOLLOPIPE,1187.3226,2.9859,48.7203,49.9266
2026-09-24,15:29,ARCHIDPLY,119.3214,2.7551,43.8002,6.0881
2026-09-24,15:29,ARFIN,95.6308,2.7136,39.26,90.2553
2026-09-24,15:29,ARIES,718.7812,2.7014,41.0484,20.3661
2026-09-24,15:29,ARIHANT,5258.1426,3.4332,2177.0424,3285.5515
2026-09-24,15:29,ARIHANTCAP,103.569,2.7124,48.3559,-16.7873
2026-09-24,15:29,ARIS,250.054,3.0324,53.9556,-10.0577
2026-09-24,15:29,ARMANFIN,1457.4081,2.7727,40.9596,28.5569
2026-09-24,15:29,ARROWGREEN,2878.5363,3.1037,52.0988,63.6438
2026-09-24,15:29,ARTEMISMED,581.2889,2.2396,35.9079,43.3928
2026-09-24,15:29,ARVEE,430.7727,4.3443,72.5589,35.6296
2026-09-24,15:29,ARVIND,1120.0337,2.6954,40.4402,84.7787
2026-09-24,15:29,ARVSMART,434.1216,2.1522,34.7692,-0.5271
2026-09-24,15:29,ASAHISONG,1000.092,3.0868,50.4241,35.4039
2026-09-24,15:29,ASHIANA,251.4803,2.4934,35.0839,31.4498
2026-09-24,15:29,ASIANENE,1199.1058,3.5071,50.3589,42.7948
2026-09-24,15:29,ASIANHOTNR,834.1336,3.0155,47.4214,22.4073
2026-09-24,15:29,ASIANPAINT,163.106,1.2754,24.3026,2.1299
2026-09-24,15:29,ASKAUTOLTD,1306.3958,2.7884,37.4929,15.8526
2026-09-24,15:29,ASPINWALL,261.7753,2.1891,41.6359,-3.6465
2026-09-24,15:29,ASTEC,569.9394,3.9719,63.6819,-11.0297
2026-09-24,15:29,ASTERDM,1046.5431,1.5736,29.1753,22.9643
2026-09-24,15:29,ASTRAMICRO,4293.1519,2.8105,42.088,52.6588
2026-09-24,15:29,ATGL,573.6606,2.702,48.8805,-5.6758
2026-09-24,15:29,ATHERENERG,4904.0233,3.1803,50.4714,177.644
2026-09-24,15:29,ATLANTAELE,4435.7918,3.1147,1.7e+308,1.7e+308
2026-09-24,15:29,AUROPHARMA,3537.4708,1.6734,26.4806,57.4312
2026-09-24,15:29,AURUM,296.8771,1.8861,35.2251,28.7008
2026-09-24,15:29,AUSOMENT,236.6583,2.2828,51.506,41.8168
2026-09-24,15:29,AVADHSUGAR,2370.3037,2.996,43.1736,70.0364
2026-09-24,15:29,AVALON,7826.9021,3.7898,55.9246,133.0198
2026-09-24,15:29,AVG,118.019,3.0381,56.143,-26.5116
2026-09-24,15:29,AVL,744.5184,1.6762,31.753,9.7894
2026-09-24,15:29,AVTNPL,168.1911,2.6218,35.6176,30.3732
2026-09-24,15:29,AXISCADES,3107.0701,2.8902,49.6905,17.2336
2026-09-24,15:29,AYMSYNTEX,655.3995,2.875,47.1709,46.4641
2026-09-24,15:29,AZAD,6816.9495,2.9736,42.9072,72.0388
2026-09-24,15:29,BAFNAPH,1361.1572,3.2164,52.7812,94.6351
2026-09-24,15:29,BAJAJ-AUTO,8980.1148,1.4435,22.8954,28.798
2026-09-24,15:29,BAJAJCON,748.8597,2.8427,50.7964,115.4236
2026-09-24,15:29,BAJAJHLDNG,223.2625,1.6184,28.744,-14.0258
2026-09-24,15:29,BAJEL,67.2268,2.3046,43.5351,-15.0242
2026-09-24,15:29,BALAMINES,7112.772,4.2747,55.8728,57.7157
2026-09-24,15:29,BALPHARMA,184.8738,3.7699,45.7797,26.698
2026-09-24,15:29,BALRAMCHIN,1200.0362,3.0173,40.2895,45.9172
2026-09-24,15:29,BANDHANBNK,108.2823,2.6495,41.4919,17.9848
2026-09-24,15:29,BANKA,102.2666,2.5721,45.3191,-8.5694
2026-09-24,15:29,BANSALWIRE,295.5127,2.4897,38.2811,-8.7999
2026-09-24,15:29,BBETF0432,166.6406,0.2796,3.9939,3.65
2026-09-24,15:29,BBOX,1556.0159,2.9861,46.8065,60.4276
2026-09-24,15:29,BBTCL,265.3723,2.7038,40.2997,15.4044
2026-09-24,15:29,BELRISE,353.0028,2.2025,37.0642,54.7054
2026-09-24,15:29,BEML,1913.2358,2.2023,40.0317,-2.8212
2026-09-24,15:29,BEPL,263.2637,2.7355,35.484,24.172
2026-09-24,15:29,BETA,4464.0096,4.1298,1.7e+308,1.7e+308
2026-09-24,15:29,BFINVEST,219.8515,2.4583,36.3286,-4.456
2026-09-24,15:29,BHAGCHEM,199.3238,2.5971,44.5727,-2.0208
2026-09-24,15:29,BHAGERIA,1230.7346,3.6,52.393,102.9398
2026-09-24,15:29,BHAGYANGR,1696.0508,3.5743,63.6478,350.4063
2026-09-24,15:29,BHARATBOND-APR30,244.101,0.1214,1.7267,4.2269
2026-09-24,15:29,BHARATBOND-APR31,199.7577,0.1462,1.989,3.6804
2026-09-24,15:29,BHARATBOND-APR32,161.9893,0.1504,2.0966,3.1651
2026-09-24,15:29,BHARATBOND-APR33,135.632,0.1586,2.2595,2.8801
2026-09-24,15:29,BHARATFORG,1613.0716,1.7754,30.6971,69.2405
2026-09-24,15:29,BHARATSE,334.8938,3.3508,59.8351,24.1228
2026-09-24,15:29,BHEL,989.7972,2.1714,36.9425,79.7974
2026-09-24,15:29,BIL,851.1884,2.9947,46.8576,17.683
2026-09-24,15:29,BIOCON,56.1256,1.5612,25.8042,14.193
2026-09-24,15:29,BIRLACABLE,1254.2393,3.7568,55.1852,120.6597
2026-09-24,15:29,BLISSGVS,2910.0408,3.5534,60.1707,374.5148
2026-09-24,15:29,BLSE,1010.6971,2.1226,43.7921,75.8058
2026-09-24,15:29,BLUEJET,1092.4361,2.5862,47.7012,-11.2169
2026-09-24,15:29,BLUESTONE,2297.1234,3.6264,55.266,42.2416
2026-09-24,15:29,BLUSPRING,490.8674,4.585,58.2378,77.8115
2026-09-24,15:29,BODALCHEM,900.9883,4.1516,53.0772,210.6369
2026-09-24,15:29,BOSCH-HCIL,2024.867,2.2699,36.9587,-0.1039
2026-09-24,15:29,BOSCHLTD,74761.9363,1.5841,28.5242,25.1638
2026-09-24,15:29,BRIGADE,210.6732,2.7139,36.8568,-10.7006
2026-09-24,15:29,BSE,982.9753,2.0267,39.0584,55.8242
2026-09-24,15:29,BUILDPRO,2602.8686,2.7858,1.7e+308,1.7e+308
2026-09-24,15:29,CALSOFT,149.7099,4.1912,65.2911,171.5714
2026-09-24,15:29,CAPILLARY,306.3656,2.7048,1.7e+308,1.7e+308
2026-09-24,15:29,CAPLIPOINT,7046.413,2.5835,34.4929,40.7727
2026-09-24,15:29,CARBORUNIV,2921.018,2.3795,34.4262,40.9392
2026-09-24,15:29,CARTRADE,6619.7339,3.3333,55.5478,23.446
2026-09-24,15:29,CARYSIL,447.1454,2.7377,45.2762,29.5463
2026-09-24,15:29,CASHIETF,192.998,0.0122,0.2112,4.942
2026-09-24,15:29,CASTROLIND,59.5367,0.7882,14.6542,-0.4497
2026-09-24,15:29,CCL,282.179,1.8361,32.1081,16.9094
2026-09-24,15:29,CEIGALL,576.1413,2.2309,31.3972,45.9279
2026-09-24,15:29,CEMPRO,4128.4962,3.2368,53.3719,58.2658
2026-09-24,15:29,CENTENKA,746.0689,2.9616,36.8889,18.9458
2026-09-24,15:29,CENTUM,15693.4948,3.2215,51.0458,84.7893
2026-09-24,15:29,CERA,2361.0024,1.9516,28.0172,-11.1174
2026-09-24,15:29,CGCL,509.5346,2.4604,35.2169,40.0194
2026-09-24,15:29,CGPOWER,1280.9686,2.2522,34.2994,19.9216
2026-09-24,15:29,CHALET,226.3634,1.7003,28.5323,-6.4304
2026-09-24,15:29,CHEMBOND,222.6423,3.5374,53.6864,14.9103
2026-09-24,15:29,CHEMBONDCH,564.11,3.5009,57.3473,51.3553
2026-09-24,15:29,CHEMCON,326.0253,2.8752,48.0913,-14.0747
2026-09-24,15:29,CHENNPETRO,3061.7971,3.1734,51.7893,80.4997
2026-09-24,15:29,CHEVIOT,541.4112,2.0298,28.0682,3.2664
2026-09-24,15:29,CIPLA,418.6172,1.369,21.0599,-6.696
2026-09-24,15:29,CLCIND,222.6423,21.9569,224.2779,1913.3333
2026-09-24,15:29,CLEAN,371.4842,2.1267,32.1192,-25.9422
2026-09-24,15:29,CNL,2806.2859,3.4137,1.7e+308,1.7e+308
2026-09-24,15:29,CNXENERGY,10239.3823,0.7678,15.7661,7.2666
2026-09-24,15:29,CNXMIDCAP,9626.016,0.8303,16.4774,8.1797
2026-09-24,15:29,CNXMNC,2490.615,0.792,14.5249,4.6261
2026-09-24,15:29,CNXNIFTYJUNIOR,15843.5962,0.8973,16.9342,6.3095
2026-09-24,15:29,CNXPHARMA,29977.9477,0.7775,13.7539,25.6728
2026-09-24,15:29,CNXREALTY,234.426,1.6303,26.498,-0.6631
2026-09-24,15:29,CNXSMALLCAP,16446.0731,0.9392,18.0418,12.0942
2026-09-24,15:29,COALINDIA,80.9326,1.231,23.4165,8.4415
2026-09-24,15:29,COFORGE,2630.1564,2.6781,39.1784,16.0806
2026-09-24,15:29,COHANCE,859.2505,2.4675,51.5749,-47.7568
2026-09-24,15:29,COMSYN,685.5399,4.1309,49.6372,89.3572
2026-09-24,15:29,CONCORDBIO,1825.7914,2.5721,41.1427,-5.5321
2026-09-24,15:29,CONFIPET,333.4674,3.6128,61.9203,89.6484
2026-09-24,15:29,CONSOFINVT,338.987,2.3136,40.5882,58.7397
2026-09-24,15:29,CORDSCABLE,1202.5167,4.1238,53.9461,106.9228
2026-09-24,15:29,CORONA,3211.8796,1.9551,1.7e+308,1.7e+308
2026-09-24,15:29,COSMOFIRST,732.1149,2.3269,40.116,0.8945
2026-09-24,15:29,CPCAP,349.4059,3.0194,44.8016,19.7521
2026-09-24,15:29,CPPLUS,13810.0277,2.867,44.2264,202.8692
2026-09-24,15:29,CRAFTSMAN,18487.3772,2.2358,36.1551,57.9763
2026-09-24,15:29,CREDITACC,279.6982,2.5515,39.5427,-4.5299
2026-09-24,15:29,CRISIL,373.9635,1.5928,27.0275,-2.5322
2026-09-24,15:29,CTE,57.18,3.1031,56.7058,14.5136
2026-09-24,15:29,CUBEXTUB,154.1131,3.9666,63.7446,42.7393
2026-09-24,15:29,CUMMINSIND,3476.6942,1.8562,28.5451,25.9753
2026-09-24,15:29,CUPID,1129.3362,3.1489,58.2855,517.8654
2026-09-24,15:29,CYIENT,388.2289,2.0999,34.2743,-6.7278
2026-09-24,15:29,CYIENTDLM,3406.9241,3.2551,46.3698,110.2995
2026-09-24,15:29,DALMIASUG,641.2595,3.1145,44.8072,15.0468
2026-09-24,15:29,DATAMATICS,333.3433,2.1898,41.5623,-8.1273
2026-09-24,15:29,DATAPATTNS,10088.3648,3.3562,51.3661,65.5618
2026-09-24,15:29,DBOL,101.0883,2.3608,44.9866,37.8806
2026-09-24,15:29,DCBBANK,144.6245,2.1203,39.8954,72.2927
2026-09-24,15:29,DCI,173.2765,3.8371,57.9308,8.9769
2026-09-24,15:29,DCMNVL,233.9915,2.4549,47.0716,8.5891
2026-09-24,15:29,DEEDEV,2915.2502,3.3289,55.0112,147.1556
2026-09-24,15:29,DEEPAKFERT,2050.294,2.2233,41.1826,-11.1126
2026-09-24,15:29,DEEPINDS,2377.7458,3.109,46.7205,52.7722
2026-09-24,15:29,DENORA,1065.1483,2.5123,41.9332,-6.4837
2026-09-24,15:29,DHAMPURSUG,289.435,2.53,38.0531,23.4553
2026-09-24,15:29,DHARMAJ,373.8406,1.7843,35.1706,-3.0484
2026-09-24,15:29,DHUNINV,96.7473,2.8901,43.8259,-30.079
2026-09-24,15:29,DIACABS,1417.283,3.4911,47.9522,139.0252
2026-09-24,15:29,DIAMINESQ,73.4285,2.5459,41.5207,-30.0043
2026-09-24,15:29,DICIND,769.9458,2.5821,37.5732,23.7463
2026-09-24,15:29,DIFFNKG,968.6493,3.2566,48.382,21.9147
2026-09-24,15:29,DIVGIITTS,2555.4255,3.1566,45.9429,71.2847
2026-09-24,15:29,DIVISLAB,21293.6631,1.5925,24.2777,68.767
2026-09-24,15:29,DIXON,11671.6685,2.264,38.8916,-24.0535
2026-09-24,15:29,DLF,272.8764,1.9147,30.0782,-6.3752
2026-09-24,15:29,DMCC,296.8771,3.0559,49.5274,-3.6414
2026-09-24,15:29,DOLPHIN,1707.9583,3.1881,55.4493,82.2364
2026-09-24,15:29,DPABHUSHAN,1084.0631,3.3347,45.7635,-4.7825
2026-09-24,15:29,DREDGECORP,184.1917,3.352,62.2401,57.7739
2026-09-24,15:29,DSSL,359.7007,3.9652,55.5716,20.3674
2026-09-24,15:29,DVL,240.9374,2.1455,40.9854,-18.907
2026-09-24,15:29,DYCL,1047.1633,4.2784,55.8264,18.8795
2026-09-24,15:29,DYNAMATECH,19253.2917,2.5824,45.8888,81.1895
2026-09-24,15:29,E2E,2469.4697,3.6113,57.5458,87.4058
2026-09-24,15:29,EBBETF0430,237.5261,0.1912,2.9583,4.3158
2026-09-24,15:29,EBBETF0431,196.223,0.2527,3.9826,4.1057
2026-09-24,15:29,EBBETF0433,153.9889,0.2632,4.3657,3.925
2026-09-24,15:29,EBGNG,2113.8622,3.6391,53.3244,95.8466
2026-09-24,15:29,ECLERX,353.8086,3.0382,46.1951,-9.062
2026-09-24,15:29,EDELWEISS,102.7627,2.4772,40.2055,27.1472
2026-09-24,15:29,EIEL,214.7042,2.9228,48.0842,-18.4114
2026-09-24,15:29,EIFFL,161.2452,3.7046,50.924,18.4
2026-09-24,15:29,EIMCOELECO,4150.2019,2.6279,51.7734,30.3836
2026-09-24,15:29,ELECON,154.4232,2.5516,46.3527,-18.8439
2026-09-24,15:29,ELECTHERM,937.7027,4.1757,61.9133,-13.4331
2026-09-24,15:29,ELGIEQUIP,615.5224,1.838,33.3863,25.2804
2026-09-24,15:29,ELGIRUBCO,96.0029,4.0724,64.1849,-17.4729
2026-09-24,15:29,ELIQUID,188.1605,0.0115,1.7e+308,1.7e+308
2026-09-24,15:29,ELLEN,732.1151,3.295,50.9836,-26.5503
2026-09-24,15:29,EMAMIPAP,163.6638,3.1527,41.6029,18.539
2026-09-24,15:29,EMCURE,2873.885,1.7039,32.7882,52.009
2026-09-24,15:29,EMIL,538.5588,2.9797,47.5577,29.1195
2026-09-24,15:29,EMKAY,158.1442,3.5799,63.2976,-16.0118
2026-09-24,15:29,EMMVEE,665.5084,2.7571,1.7e+308,1.7e+308
2026-09-24,15:29,EMSLIMITED,173.6486,3.6505,55.4829,-34.1716
2026-09-24,15:29,EMUDHRA,1076.6217,3.1513,42.0311,4.2859
2026-09-24,15:29,ENDURANCE,1110.1109,1.8423,31.0526,-2.4576
2026-09-24,15:29,ENGINERSIN,589.0409,2.6888,43.4588,51.4602
2026-09-24,15:29,ENRIN,2947.6843,2.8255,38.719,-8.5547
2026-09-24,15:29,ENTERO,4363.5418,2.7407,40.2435,70.9934
2026-09-24,15:29,EPACKPEB,362.9256,3.6365,1.7e+308,1.7e+308
2026-09-24,15:29,EPIGRAL,581.1028,2.4807,41.1717,-35.4508
2026-09-24,15:29,EPL,127.1977,2.2149,32.9779,14.9722
2026-09-24,15:29,ESAFSFB,77.5217,3.3848,44.5789,42.8272
2026-09-24,15:29,ETERNAL,311.9473,1.8439,33.2436,4.5171
2026-09-24,15:29,ETHOSLTD,797.5424,2.1692,36.9101,1.8488
2026-09-24,15:29,EVERESTIND,136.4382,3.0991,47.1485,-36.526
2026-09-24,15:29,EXICOM,422.4003,4.7768,60.8523,12.8521
2026-09-24,15:29,EXIDEIND,556.6059,2.0776,29.9679,9.7094
2026-09-24,15:29,EXPLEOSOL,119.0734,2.907,41.1634,-10.2328
2026-09-24,15:29,FAIRCHEMOR,115.9726,2.4731,38.7856,-15.3109
2026-09-24,15:29,FCL,198.5796,4.6769,60.9709,123.9217
2026-09-24,15:29,FEDERALBNK,255.5116,1.4381,26.0129,71.7756
2026-09-24,15:29,FEDFINA,67.9711,2.0996,41.6735,2.7382
2026-09-24,15:29,FILATEX,355.7316,3.6711,50.1745,103.9109
2026-09-24,15:29,FINCABLES,4150.2023,3.425,43.1372,80.5318
2026-09-24,15:29,FINEORG,3966.6314,1.5604,29.3379,9.3507
2026-09-24,15:29,FIVESTAR,526.2172,2.1717,40.5181,2.8613
2026-09-24,15:29,FLUOROCHEM,6684.8514,1.7971,32.2295,21.6608
2026-09-24,15:29,FMGOETZE,237.2164,3.0924,45.7379,-10.1812
2026-09-24,15:29,FOSECOIND,10519.3871,2.7692,39.5823,11.9329
2026-09-24,15:29,GABRIEL,2528.4485,3.1833,50.9527,12.8949
2026-09-24,15:29,GAEL,149.1518,2.3342,36.4888,54.3332
2026-09-24,15:29,GAIL,75.4131,1.4596,25.2892,1.0638
2026-09-24,15:29,GALAPREC,2009.9827,3.4301,45.1433,45.4936
2026-09-24,15:29,GALAXYSURF,2565.0389,2.7499,36.1532,2.8616
2026-09-24,15:29,GANDHAR,719.4016,3.8105,49.4655,87.3217
2026-09-24,15:29,GANDHITUBE,1105.1492,2.2243,40.6411,5.5463
2026-09-24,15:29,GANECOS,1303.2951,2.5887,50.4441,-14.9828
2026-09-24,15:29,GANESHBE,290.6754,3.3216,46.1105,42.1396
2026-09-24,15:29,GANESHHOU,219.5413,2.1401,35.7872,-12.5245
2026-09-24,15:29,GARFIBRES,398.4616,2.5702,38.1185,0.0256
2026-09-24,15:29,GAYAPROJ,63.9399,3.1293,52.6535,172.3077
2026-09-24,15:29,GCSL,1846.5671,2.5302,1.7e+308,144.5174
2026-09-24,15:29,GEECEE,441.8737,2.1678,39.3296,2.4656
2026-09-24,15:29,GEEKAYWIRE,52.9008,3.2976,49.1134,-4.4883
2026-09-24,15:29,GENESYS,485.5959,5.905,77.5161,-18.149
2026-09-24,15:29,GENUSPOWER,244.6586,2.3687,41.2173,0.0326
2026-09-24,15:29,GEOJITFSL,60.653,1.9451,35.4145,0.1012
2026-09-24,15:29,GESHIP,1131.817,2.4572,35.2436,48.9901
2026-09-24,15:29,GFSTEELS,122.1122,2.6876,46.4477,217.6773
2026-09-24,15:29,GHCLTEXTIL,348.7857,2.7061,40.9632,74.9483
2026-09-24,15:29,GILLANDERS,56.4978,2.2471,38.7079,-3.4431
2026-09-24,15:29,GIPCL,279.9464,2.2499,35.6658,1.5636
2026-09-24,15:29,GKENERGY,84.5297,2.744,1.7e+308,-25.6647
2026-09-24,15:29,GKSL,374.5229,2.1868,1.7e+308,1.7e+308
2026-09-24,15:29,GLAND,6924.8583,2.5788,33.1947,47.97
2026-09-24,15:29,GLAXO,1456.1681,1.6864,25.3941,5.8674
2026-09-24,15:29,GLENMARK,2684.1112,1.6495,26.6977,23.2642
2026-09-24,15:29,GLOBAL,285.528,2.5983,44.3213,118.03
2026-09-24,15:29,GLOTTIS,68.1571,2.4891,1.7e+308,1.7e+308
2026-09-24,15:29,GMMPFAUDLR,2938.0728,2.6305,35.6082,39.2149
2026-09-24,15:29,GNA,1170.2678,2.9768,46.4934,100.0484
2026-09-24,15:29,GNFC,980.8044,2.2503,31.7569,25.6988
2026-09-24,15:29,GOACARBON,179.2302,3.1417,43.2898,-7.2206
2026-09-24,15:29,GOCLCORP,698.3156,2.9741,46.5138,8.1638
2026-09-24,15:29,GODREJAGRO,154.113,1.7586,31.2174,-5.5532
2026-09-24,15:29,GODREJIND,824.211,3.274,41.5197,-8.0335
2026-09-24,15:29,GOKULAGRO,349.3438,1.8326,44.2874,14.7096
2026-09-24,15:29,GOODLUCK,1046.357,2.7983,46.5011,36.1525
2026-09-24,15:29,GPTHEALTH,209.7427,1.7181,25.7607,9.2844
2026-09-24,15:29,GRANULES,1802.5349,1.8057,29.2877,65.3421
2026-09-24,15:29,GRAPHITE,1046.8531,2.688,43.1274,47.1773
2026-09-24,15:29,GRASIM,1727.1837,1.4171,23.0015,15.2796
2026-09-24,15:29,GREAVESCOT,367.3909,3.1145,44.0023,2.424
2026-09-24,15:29,GREENPLY,420.5397,2.0434,40.1552,-3.8078
2026-09-24,15:29,GRINDWELL,2141.46,2.8183,36.077,27.4447
2026-09-24,15:29,GROWW,84.5297,2.1052,1.7e+308,1.7e+308
2026-09-24,15:29,GROWWDEFNC,86.2662,1.3602,25.1572,17.4442
2026-09-24,15:29,GRPLTD,1190.1134,2.5749,41.7843,-8.002
2026-09-24,15:29,GRWRHITECH,13134.0368,2.8098,54.9499,110.2324
2026-09-24,15:29,GUFICBIO,697.6954,2.5028,35.1346,17.8771
2026-09-24,15:29,GUJALKALI,920.6477,2.1542,40.3016,10.9364
2026-09-24,15:29,GUJTHEM,609.0106,3.2168,50.815,2.651
2026-09-24,15:29,GULFPETRO,177.6177,3.012,41.2678,58.5579
2026-09-24,15:29,GVPIL,1114.4522,3.449,60.0501,101.5281
2026-09-24,15:29,GVT&D,4547.7323,2.9879,44.9456,47.4628
2026-09-24,15:29,HAL,3484.1375,1.5498,27.51,0.8045
2026-09-24,15:29,HALEOSLABS,1261.4334,2.9658,41.5622,30.8214
2026-09-24,15:29,HAPPYFORGE,4868.3633,2.3383,36.3239,116.7152
2026-09-24,15:29,HARSHA,472.2622,2.2577,32.4066,13.1709
2026-09-24,15:29,HATSUN,1380.8168,2.1328,36.4311,26.6637
2026-09-24,15:29,HBLENGINE,78.7621,2.2807,44.5206,-7.2219
2026-09-24,15:29,HCG,736.4562,1.9755,31.301,8.287
2026-09-24,15:29,HDFCLIQUID,191.1993,0.0118,0.2016,4.8317
2026-09-24,15:29,HDFCSML250,136.9963,0.9051,17.2595,8.8544
2026-09-24,15:29,HEALTHIETF,152.0045,0.7813,13.673,18.5563
2026-09-24,15:29,HEG,452.7268,2.8876,44.433,47.1111
2026-09-24,15:29,HERITGFOOD,362.4916,2.1776,35.6964,-14.4951
2026-09-24,15:29,HESTERBIO,3948.0255,3.46,42.3316,14.5444
2026-09-24,15:29,HFCL,874.1348,3.6356,50.7037,192.2191
2026-09-24,15:29,HINDALCO,452.7268,1.7081,28.9197,32.0159
2026-09-24,15:29,HINDOILEXP,191.8817,2.5979,46.678,-0.0058
2026-09-24,15:29,HIRECT,3346.457,3.5238,53.9192,44.0643
2026-09-24,15:29,HITECHCORP,1115.1962,3.6164,50.6103,73.5137
2026-09-24,15:29,HLEGLAS,656.4539,4.2657,57.962,-9.6703
2026-09-24,15:29,HMT,112.9957,2.398,38.6749,5.9935
2026-09-24,15:29,HNDFDS,698.9358,1.7683,27.3037,17.115
2026-09-24,15:29,HONASA,1063.5978,1.9752,31.6647,66.3267
2026-09-24,15:29,HONAUT,13953.9076,2.3516,30.7788,-6.856
2026-09-24,15:29,HSCL,1392.6001,2.6728,35.7157,49.1492
2026-09-24,15:29,HUHTAMAKI,336.0101,2.8291,40.6601,5.6335
2026-09-24,15:29,IBMFNIFTY,163.7258,0.9924,18.7237,9.1115
2026-09-24,15:29,IBULLSLTD,114.6701,3.1763,62.7558,51.52
2026-09-24,15:29,ICDSLTD,113.4918,4.4513,69.4584,-0.5896
2026-09-24,15:29,ICICIAMC,997.8588,1.6975,1.7e+308,1.7e+308
2026-09-24,15:29,ICICINIFTY,226.5494,0.5775,9.4792,21.3359
2026-09-24,15:29,ICIL,914.9422,3.5606,62.5244,67.602
2026-09-24,15:29,IDEAFORGE,1955.7175,3.2589,55.9178,45.5611
2026-09-24,15:29,IFBIND,177.3703,2.3659,44.1892,-28.6748
2026-09-24,15:29,IFCI,76.4054,4.1676,55.6324,41.1489
2026-09-24,15:29,IGARASHI,300.164,2.8678,46.0273,-16.5303
2026-09-24,15:29,IGPL,1566.8689,2.47,39.2768,40.2703
2026-09-24,15:29,IIFL,674.4389,2.4078,40.3975,47.2636
2026-09-24,15:29,IIFLCAPS,139.8493,0.9866,40.0749,26.9905
2026-09-24,15:29,IITL,115.2903,3.5061,49.2671,-24.5193
2026-09-24,15:29,IKIO,354.3672,3.9019,51.5979,-2.7971
2026-09-24,15:29,IKS,1412.7559,2.1014,34.4576,25.6253
2026-09-24,15:29,IL&FSENGG,95.8789,2.9178,46.743,36.849
2026-09-24,15:29,INDGN,740.4871,1.5923,27.5693,3.2499
2026-09-24,15:29,INDHOTEL,179.23,1.4022,24.903,2.6768
2026-09-24,15:29,INDIAGLYCO,717.4169,3.3847,45.4349,82.9487
2026-09-24,15:29,INDIGOPNTS,897.3918,2.019,35.4718,2.494
2026-09-24,15:29,INDIQUBE,80.6226,2.1902,36.4528,-15.4091
2026-09-24,15:29,INDNIPPON,3345.2169,3.1794,46.4488,40.6177
2026-09-24,15:29,INDOAMIN,130.6086,2.443,38.4308,-1.6024
2026-09-24,15:29,INDOBORAX,1297.8376,4.0113,50.0939,94.644
2026-09-24,15:29,INDOCO,296.8771,3.8534,50.7906,-12.4248
2026-09-24,15:29,INDORAMA,391.8257,4.465,59.8221,85.5189
2026-09-24,15:29,INDOTECH,11262.9747,2.8145,59.8016,86.982
2026-09-24,15:29,INDSWFTLAB,1644.6386,3.9941,57.0482,301.5311
2026-09-24,15:29,INGERRAND,3167.2266,2.4109,31.4817,5.6619
2026-09-24,15:29,INNOVACAP,3823.0611,1.9543,35.2828,53.2809
2026-09-24,15:29,INOXINDIA,5553.0352,3.395,42.3347,74.3919
2026-09-24,15:29,IOLCP,796.7992,3.8437,54.1109,95.6484
2026-09-24,15:29,IONEXCHANG,201.2462,2.9572,41.181,3.4563
2026-09-24,15:29,IPCALAB,3173.4284,1.8203,31.1567,45.6462
2026-09-24,15:29,IRISDOREME,186.9823,2.1864,39.8965,106.3616
2026-09-24,15:29,IRMENERGY,136.0661,2.1437,52.8616,-24.5453
2026-09-24,15:29,ISFT,119.3214,3.4077,49.0633,3.0988
2026-09-24,15:29,ITDC,947.6253,3.8512,59.2002,17.5538
2026-09-24,15:29,IVP,536.7603,2.9944,45.0056,44.6188
2026-09-24,15:29,IZMO,584.8237,3.0606,61.0702,-32.9391
2026-09-24,15:29,J&KBANK,281.1248,2.8523,40.6629,47.7348
2026-09-24,15:29,JAGSNPHARM,430.4626,1.9978,33.8639,13.5008
2026-09-24,15:29,JASH,1131.1969,2.9076,40.3203,15.016
2026-09-24,15:29,JAYAGROGN,294.8306,2.8838,42.2799,-1.8448
2026-09-24,15:29,JAYBARMARU,118.7012,4.2596,60.7909,18.1774
2026-09-24,15:29,JAYKAY,263.8218,4.3988,1.7e+308,1.7e+308
2026-09-24,15:29,JAYNECOIND,83.4133,2.7207,49.8282,29.9797
2026-09-24,15:29,JBMA,81.863,2.1068,43.9883,-13.5496
2026-09-24,15:29,JGCHEM,1385.1579,3.2293,47.1117,46.9475
2026-09-24,15:29,JINDALPOLY,1506.0916,2.6745,47.3466,23.6068
2026-09-24,15:29,JINDALSAW,576.2655,2.6511,47.2709,37.214
2026-09-24,15:29,JINDRILL,735.216,3.2717,51.4634,-2.3265
2026-09-24,15:29,JINDWORLD,138.1747,4.8886,63.6685,36.8494
2026-09-24,15:29,JKIPL,183.3234,2.579,1.7e+308,1.7e+308
2026-09-24,15:29,JKPAPER,459.2385,1.9589,35.5132,11.0016
2026-09-24,15:29,JLHL,122.5463,1.4041,23.6494,-11.348
2026-09-24,15:29,JNKINDIA,1122.9485,3.8961,56.2383,50.2846
2026-09-24,15:29,JSFB,834.4438,2.6297,42.0293,12.7967
2026-09-24,15:29,JSWDULUX,1124.996,1.7673,28.7927,-6.6267
2026-09-24,15:29,JSWENERGY,218.9212,1.771,30.0271,-1.9419
2026-09-24,15:29,JSWINFRA,640.3293,2.2779,33.0136,11.793
2026-09-24,15:29,JSWSTEEL,255.5113,1.2356,23.9236,12.5928
2026-09-24,15:29,JTLIND,150.8883,2.8589,59.9663,27.0266
2026-09-24,15:29,JUBLCPL,1637.2585,3.4114,51.4565,-8.9978
2026-09-24,15:29,JUBLPHARMA,935.5318,1.7767,29.6723,2.0088
2026-09-24,15:29,JUNIORBEES,203.8511,0.8502,16.1589,7.0815
2026-09-24,15:29,JUSTDIAL,179.8504,3.1657,39.5,-17.8207
2026-09-24,15:29,JYOTICNC,1519.1159,2.9515,45.9217,23.4306
2026-09-24,15:29,KABRAEXTRU,3497.9654,4.1453,58.5111,207.9656
2026-09-24,15:29,KAJARIACER,1747.9597,1.3567,28.8823,3.2973
2026-09-24,15:29,KALYANIFRG,1650.5924,3.8217,51.305,41.4585
2026-09-24,15:29,KALYANKJIL,964.6801,3.5238,47.4982,25.8447
2026-09-24,15:29,KAMATHOTEL,292.908,2.7997,46.846,-21.5543
2026-09-24,15:29,KAMDHENU,115.3523,2.5216,43.1266,52.8609
2026-09-24,15:29,KANORICHEM,703.401,3.0512,44.5239,137.9726
2026-09-24,15:29,KANPRPLA,349.2198,3.2896,56.3798,25.1669
2026-09-24,15:29,KAPSTON,1952.4927,2.9612,41.8765,248.0643
2026-09-24,15:29,KARURVYSYA,55.8156,2.1875,36.6818,58.0432
2026-09-24,15:29,KDDL,11290.881,3.2816,44.6734,54.6413
2026-09-24,15:29,KECL,148.3455,2.8702,47.1907,5.9926
2026-09-24,15:29,KEI,432.2623,2.3403,35.196,14.5013
2026-09-24,15:29,KENNAMET,9519.9748,3.1061,38.4875,96.0662
2026-09-24,15:29,KERNEX,3307.3865,4.3564,62.7438,56.857
2026-09-24,15:29,KHAITANLTD,314.6761,3.2541,53.7271,15.5129
2026-09-24,15:29,KICL,251.7911,1.7417,32.8834,0.4657
2026-09-24,15:29,KILITCH,333.3433,2.9784,45.5801,27.46
2026-09-24,15:29,KIMS,702.3467,1.8901,31.4016,10.1486
2026-09-24,15:29,KINGFA,11933.383,2.0893,36.9523,43.3058
2026-09-24,15:29,KIRIINDUS,633.5076,2.7579,51.0151,-1.0078
2026-09-24,15:29,KIRLOSBROS,1015.8448,2.1072,37.8362,-9.5077
2026-09-24,15:29,KIRLOSENG,4865.8825,3.3751,47.0639,136.5057
2026-09-24,15:29,KIRLOSIND,3061.7971,3.0756,42.1008,-8.6546
2026-09-24,15:29,KIRLPNU,790.1014,2.6586,35.9483,15.7035
2026-09-24,15:29,KMEW,7396.8119,3.5476,62.2129,131.9904
2026-09-24,15:29,KNAGRI,322.1182,2.6982,1.7e+308,1.7e+308
2026-09-24,15:29,KOLTEPATIL,399.3918,2.3694,34.3335,1.5752
2026-09-24,15:29,KOPRAN,847.4673,3.2871,50.3017,55.9157
2026-09-24,15:29,KOTAKNIFTY,163.0436,0.6498,9.3393,29.8333
2026-09-24,15:29,KOTHARIPET,96.437,2.6523,40.015,-6.1817
2026-09-24,15:29,KOVAI,21023.8875,1.554,116.1638,220.2204
2026-09-24,15:29,KPIL,1877.2654,1.717,29.5091,12.7528
2026-09-24,15:29,KPRMILL,1136.7786,2.6044,41.8495,4.006
2026-09-24,15:29,KRBL,211.4793,2.3886,40.9009,13.4796
2026-09-24,15:29,KRISHANA,508.6044,2.8829,45.8772,73.9184
2026-09-24,15:29,KRISHIVAL,562.4974,1.9034,36.7663,-10.7809
2026-09-24,15:29,KRISHNADEF,137.0582,3.1685,1.7e+308,1.7e+308
2026-09-24,15:29,KRN,4256.8719,3.0121,48.4722,68.6846
2026-09-24,15:29,KRONOX,461.3472,3.9281,50.6402,21.3832
2026-09-24,15:29,KROSS,350.7702,3.168,51.0778,37.2875
2026-09-24,15:29,KRYSTAL,69.7695,1.9412,40.8407,3.5827
2026-09-24,15:29,KSB,573.6606,1.8023,31.1368,-2.1351
2026-09-24,15:29,KSHINTL,4186.4823,3.6725,1.7e+308,1.7e+308
2026-09-24,15:29,KSL,1431.3608,2.3228,36.8685,24.7695
2026-09-24,15:29,KTKBANK,839.9012,2.0063,34.7677,97.6907
2026-09-24,15:29,LALPATHLAB,3489.0977,1.6296,29.7506,22.7923
2026-09-24,15:29,LAMBODHARA,160.439,4.0862,56.9447,2.3109
2026-09-24,15:29,LANDMARK,404.9733,3.0945,46.7459,-18.8366
2026-09-24,15:29,LAURUSLABS,6298.4837,1.7002,29.9356,143.4459
2026-09-24,15:29,LAXMIINDIA,111.0731,3.3972,56.7928,-19.264
2026-09-24,15:29,LENSKART,1077.8618,1.5143,1.7e+308,1.7e+308
2026-09-24,15:29,LGEINDIA,1156.6239,1.7618,1.7e+308,1.7e+308
2026-09-24,15:29,LICHSGFIN,351.0183,1.6885,25.6482,-0.1239
2026-09-24,15:29,LIKHITHA,376.3214,2.6695,51.8415,-3.0817
2026-09-24,15:29,LIQGRWBEES,178.4854,0.0106,0.1896,4.6672
2026-09-24,15:29,LIQUID1,202.1765,0.0117,0.2014,4.9831
2026-09-24,15:29,LIQUIDADD,202.1144,0.0113,0.1984,4.8765
2026-09-24,15:29,LIQUIDBETF,190.58,0.0118,0.2095,4.7826
2026-09-24,15:29,LIQUIDPLUS,197.2155,0.0119,0.2048,4.9516
2026-09-24,15:29,LIQUIDSHRI,189.6488,0.0108,0.1942,4.6865
2026-09-24,15:29,LLOYDSENGG,234.7357,3.371,50.0517,54.0064
2026-09-24,15:29,LLOYDSENT,125.9573,2.6076,52.0309,19.6075
2026-09-24,15:29,LLOYDSME,3916.3967,1.9097,36.691,46.2199
2026-09-24,15:29,LMW,12149.2023,1.9242,32.4842,17.2976
2026-09-24,15:29,LODHA,523.4267,2.5241,38.0145,1.481
2026-09-24,15:29,LOKESHMACH,1025.6432,2.8038,51.7055,78.8639
2026-09-24,15:29,LOTUSDEV,464.4481,2.6837,44.565,13.1457
2026-09-24,15:29,LUMAXTECH,2756.052,2.9631,53.1341,59.3223
2026-09-24,15:29,LUXIND,1167.1673,2.2589,47.1553,-10.6913
2026-09-24,15:29,LXCHEM,210.0528,3.0423,44.5757,-13.3682
2026-09-24,15:29,LYKALABS,111.2592,2.6287,44.8011,-8.2762
2026-09-24,15:29,MACPOWER,7204.558,4.0152,55.0146,146.8383
2026-09-24,15:29,MAFANG,464.7582,1.8856,25.399,36.7625
2026-09-24,15:29,MAGADSUGAR,459.5487,2.5038,35.4649,-7.6895
2026-09-24,15:29,MAHABANK,105.0574,2.0333,36.0241,52.5838
2026-09-24,15:29,MAHASTEEL,3075.4414,3.114,46.6845,195.5854
2026-09-24,15:29,MAHESHWARI,183.2613,1.8627,39.5957,26.0621
2026-09-24,15:29,MAHLOG,109.7706,1.7979,38.5635,21.6655
2026-09-24,15:29,MAHSEAMLES,1068.8692,1.7488,26.1805,18.7249
2026-09-24,15:29,MANAKCOAT,75.9093,2.433,45.8508,-0.4705
2026-09-24,15:29,MANAKSTEEL,253.2169,3.0418,55.5126,72.4173
2026-09-24,15:29,MANALIPETC,150.5782,3.3413,45.6588,29.0363
2026-09-24,15:29,MANAPPURAM,138.2988,2.1107,33.5653,17.3528
2026-09-24,15:29,MANBA,100.8403,1.857,28.2306,3.3049
2026-09-24,15:29,MANCREDIT,377.7478,2.96,36.4861,19.4867
2026-09-24,15:29,MANGLMCEM,1572.4503,2.0009,31.0178,39.3825
2026-09-24,15:29,MANINDS,3340.8755,3.6074,59.35,132.8537
2026-09-24,15:29,MANINFRA,80.2504,2.4251,39.3348,-16.698
2026-09-24,15:29,MANKIND,2725.6633,1.6946,25.9918,0.6887
2026-09-24,15:29,MANOMAY,63.3198,3.1825,46.2115,38.3379
2026-09-24,15:29,MANORAMA,2929.6998,2.9356,44.6715,34.0095
2026-09-24,15:29,MANORG,268.2251,3.072,51.4526,-14.6047
2026-09-24,15:29,MANYAVAR,428.8502,2.3581,35.229,-25.5043
2026-09-24,15:29,MARALOVER,80.7466,3.5953,51.5987,26.6495
2026-09-24,15:29,MARICO,399.3916,1.1708,18.2707,18.0712
2026-09-24,15:29,MARINE,1356.8779,3.5563,52.6668,88.9945
2026-09-24,15:29,MARKOLINES,54.0171,1.9245,1.7e+308,1.7e+308
2026-09-24,15:29,MARKSANS,965.3003,3.2515,43.2543,105.2561
2026-09-24,15:29,MASPTOP50,161.2452,3.2295,35.3116,41.6984
2026-09-24,15:29,MATRIMONY,133.3373,2.3544,34.7044,3.8169
2026-09-24,15:29,MAWANASUG,317.0948,3.0403,41.9195,48.4721
2026-09-24,15:29,MAXESTATES,1299.8839,2.7262,41.0473,34.1745
2026-09-24,15:29,MAYURUNIQ,1060.497,2.8347,38.0401,43.8862
2026-09-24,15:29,MAZDA,279.2641,3.3122,46.1961,1.6914
2026-09-24,15:29,MBAPL,441.0676,2.7209,38.7798,100.7218
2026-09-24,15:29,MBECL,2736.5783,670.5267,6700.997,8760.5936
2026-09-24,15:29,MCX,6741.9071,2.304,39.0774,116.3815
2026-09-24,15:29,MEDANTA,2276.6574,1.7108,29.8384,15.8883
2026-09-24,15:29,MEESHO,496.0769,2.4754,1.7e+308,1.7e+308
2026-09-24,15:29,MEGASTAR,191.6336,2.6228,45.3878,23.9371
2026-09-24,15:29,MENONBE,1086.7303,3.5563,46.3378,129.4601
2026-09-24,15:29,METROPOLIS,595.3667,2.0451,29.8873,15.7451
2026-09-24,15:29,MIDCAPBETA,71.8781,0.8307,18.1642,10.2164
2026-09-24,15:29,MIDHANI,284.9697,3.03,45.4511,5.9635
2026-09-24,15:29,MINDACORP,510.4029,1.8786,32.5308,19.0793
2026-09-24,15:29,MITCON,183.8195,2.4835,44.3227,34.1702
2026-09-24,15:29,MMFL,916.3066,2.4846,43.2008,98.5258
2026-09-24,15:29,MMP,1240.0373,3.028,44.0203,62.4441
2026-09-24,15:29,MODEFENCE,94.9486,1.367,25.4779,17.6935
2026-09-24,15:29,MODIS,192.8741,2.163,1.7e+308,1.7e+308
2026-09-24,15:29,MODISONLTD,1930.4766,4.5382,57.0592,186.7218
2026-09-24,15:29,MOHEALTH,57.6141,0.8667,14.0616,20.2242
2026-09-24,15:29,MOLDTECH,364.7241,3.5336,51.2302,15.8881
2026-09-24,15:29,MOLDTKPAC,725.6032,2.4599,39.4062,-8.5479
2026-09-24,15:29,MON100,574.0326,1.4097,23.3674,50.4685
2026-09-24,15:29,MONARCH,422.0283,2.0278,33.6069,13.2239
2026-09-24,15:29,MONQ50,679.4623,5.8291,60.9641,126.814
2026-09-24,15:29,MOREPENLAB,484.0455,4.3821,56.1974,138.5922
2026-09-24,15:29,MOSCHIP,82.7312,2.8736,54.1423,-15.2284
2026-09-24,15:29,MOTHERSON,193.7423,1.9743,34.3983,53.7952
2026-09-24,15:29,MOTILALOFS,1472.6025,2.1757,39.7344,12.2152
2026-09-24,15:29,MPSLTD,6969.512,3.2761,45.3472,19.2527
2026-09-24,15:29,MSTCLTD,1616.4826,3.7867,48.4067,52.6316
2026-09-24,15:29,MTARTECH,21479.7152,4.2973,61.7871,275.1996
2026-09-24,15:29,MUFIN,95.0727,1.5525,37.8184,52.7285
2026-09-24,15:29,MUKANDLTD,148.4075,1.897,34.9346,20.2727
2026-09-24,15:29,MUNJALAU,125.5231,3.5853,49.0492,1.6697
2026-09-24,15:29,MVGJL,260.7211,3.4062,43.3911,12.502
2026-09-24,15:29,MWL,103.8171,2.0139,1.7e+308,93.5569
2026-09-24,15:29,NAHARINDUS,134.1436,2.7321,40.597,12.6565
2026-09-24,15:29,NAHARSPING,414.7102,2.2497,38.8943,30.1963
2026-09-24,15:29,NAM-INDIA,1441.9038,2.0516,38.5308,33.7656
2026-09-24,15:29,NATCOPHARM,112.5617,2.2114,36.6113,2.5891
2026-09-24,15:29,NATIONALUM,56.4358,2.477,42.5165,78.6818
2026-09-24,15:29,NAUKRI,514.1241,2.2611,31.275,-7.005
2026-09-24,15:29,NAVINFLUOR,13377.1461,2.2051,36.6994,85.0127
2026-09-24,15:29,NAVINIFTY,435.4239,1.9962,28.9111,43.3632
2026-09-24,15:29,NAZARA,591.9557,2.229,39.2494,33.7679
2026-09-24,15:29,NDGL,300.1635,2.3289,40.1192,-33.8061
2026-09-24,15:29,NDLVENTURE,126.2053,1.9974,41.4481,47.2359
2026-09-24,15:29,NDRAUTO,100.4682,2.0278,40.8102,-26.798
2026-09-24,15:29,NELCO,2202.5466,3.3028,46.8978,15.639
2026-09-24,15:29,NEOGEN,6447.9461,2.8487,50.0212,53.1135
2026-09-24,15:29,NEPHROPLUS,848.3975,2.6184,1.7e+308,1.7e+308
2026-09-24,15:29,NESTLEIND,424.1989,1.2839,20.8621,16.2051
2026-09-24,15:29,NETWEB,9700.7563,3.6498,58.1654,26.1433
2026-09-24,15:29,NEULANDLAB,54879.1683,2.1031,39.4826,56.8452
2026-09-24,15:29,NEWGEN,86.8243,3.3006,53.0667,-44.4519
2026-09-24,15:29,NEXT50,197.5872,0.8726,16.8551,7.2374
2026-09-24,15:29,NGIL,81.6149,2.9441,54.4906,34.3238
2026-09-24,15:29,NGLFINE,3829.5724,4.0401,57.3136,108.4912
2026-09-24,15:29,NH,359.08,1.7885,30.575,8.8522
2026-09-24,15:29,NIACL,185.556,3.67,47.9258,-3.9864
2026-09-24,15:29,NIBE,1962.2293,3.4832,52.6563,-5.925
2026-09-24,15:29,NIFTY200ALPHA30,4396.7164,1.0044,19.0476,8.1702
2026-09-24,15:29,NIFTY500MOMENTM50,10567.4445,1.0022,18.6079,6.9411
2026-09-24,15:29,NIFTY500MULTICAP,261.4056,0.736,14.5657,1.8947
2026-09-24,15:29,NIFTY50ADD,129.3682,0.4992,11.6205,6.7296
2026-09-24,15:29,NIFTY50PR1XINV,156.904,0.696,13.2855,10.4848
2026-09-24,15:29,NIFTY50TR1XINV,119.0734,0.6976,13.3119,9.3559
2026-09-24,15:29,NIFTYALPHA50,29734.2267,1.0165,19.1009,11.6919
2026-09-24,15:29,NIFTYCAPITALMKT,3161.0264,1.1787,24.4277,27.1846
2026-09-24,15:29,NIFTYCHEMICALS,4051.5873,0.9953,1.7e+308,1.7e+308
2026-09-24,15:29,NIFTYCONSURDURBL,1851.2184,1.1014,20.206,1.0774
2026-09-24,15:29,NIFTYEES,23597.5477,1.6253,39.3689,55.5137
2026-09-24,15:29,NIFTYGS10YR,163.5405,0.2064,3.4054,1.7495
2026-09-24,15:29,NIFTYGS1115YR,557.7218,0.2251,3.8562,3.7857
2026-09-24,15:29,NIFTYGS15YRPLUS,504.2015,0.31,5.2426,2.1041
2026-09-24,15:29,NIFTYGS48YR,414.4626,0.1701,2.6062,4.0374
2026-09-24,15:29,NIFTYGS813YR,265.8677,0.1932,3.2109,2.7985
2026-09-24,15:29,NIFTYGSCOMPSITE,382.5242,0.2023,3.3666,3.0579
2026-09-24,15:29,NIFTYHEALTHCARE,14717.6479,0.7477,13.5338,18.379
2026-09-24,15:29,NIFTYINDDEFENCE,8496.0704,1.3565,24.6919,17.7602
2026-09-24,15:29,NIFTYINDIAMFG,1481.9062,0.7751,15.423,7.2578
2026-09-24,15:29,NIFTYM150MOMNTM50,4905.5738,0.9587,18.1939,6.5312
2026-09-24,15:29,NIFTYM150QLTY50,992.8956,0.7705,15.4519,-1.2055
2026-09-24,15:29,NIFTYMEDIA,567.1485,1.3898,22.0643,-1.3456
2026-09-24,15:29,NIFTYMETAL,7250.7629,1.1752,22.402,31.8934
2026-09-24,15:29,NIFTYMICROCAP250,27839.2812,1.0077,19.7905,13.9267
2026-09-24,15:29,NIFTYMIDCAP150,3631.4318,0.817,16.12,7.1641
2026-09-24,15:29,NIFTYMIDCAP50,3458.0981,0.8289,16.4364,10.1605
2026-09-24,15:29,NIFTYMIDLIQ15,6224.9872,0.9868,18.7438,13.0173
2026-09-24,15:29,NIFTYMIDSELECT,2554.8067,0.9332,17.9819,11.756
2026-09-24,15:29,NIFTYMIDSMALLCAP400,7625.0353,0.8219,16.2167,7.6566
2026-09-24,15:29,NIFTYMIDSMLHLTH,66111.749,0.7985,14.3312,22.5725
2026-09-24,15:29,NIFTYMS400MQ100,22998.535,0.8525,17.2216,8.0908
2026-09-24,15:29,NIFTYMULTIMFG,3777.1665,0.7215,15.2675,6.568
2026-09-24,15:29,NIFTYSMALLCAP250,13440.4051,0.8882,17.099,8.8257
2026-09-24,15:29,NIFTYSMALLCAP50,9433.7742,0.9384,18.2284,16.656
2026-09-24,15:29,NIFTYSML250MQ100,39140.1053,0.9242,17.8977,8.7863
2026-09-24,15:29,NIITLTD,87.7546,4.1029,53.0947,-14.7867
2026-09-24,15:29,NILKAMAL,2817.4485,2.824,35.7453,21.5447
2026-09-24,15:29,NINSYS,2332.473,1.8251,43.5515,62.9456
2026-09-24,15:29,NITCO,59.2266,3.0077,51.2916,-19.6519
2026-09-24,15:29,NITINSPIN,1676.9496,2.4073,38.4191,83.4722
2026-09-24,15:29,NITIRAJ,267.915,2.7213,42.4259,11.767
2026-09-24,15:29,NOCIL,248.6896,3.1395,42.5754,8.16
2026-09-24,15:29,NORTHARC,315.9785,2.5892,39.593,15.5122
2026-09-24,15:29,NOVARTIND,7760.2335,4.1612,66.685,228.02
2026-09-24,15:29,NPST,3795.4629,3.4871,59.0328,-6.7932
2026-09-24,15:29,NRAIL,1148.5617,3.2093,53.4717,65.6494
2026-09-24,15:29,NRBBEARING,1528.1081,2.9638,42.3421,89.0279
2026-09-24,15:29,NRL,683.1833,2.5851,36.093,127.8376
2026-09-24,15:29,NURECA,377.6857,3.2356,53.8168,49.9299
2026-09-24,15:29,NUVAMA,2454.0277,2.3799,36.4695,38.6263
2026-09-24,15:29,NYKAA,399.0816,1.6926,28.2277,45.3907
2026-09-24,15:29,OAL,1452.4466,3.5492,48.7835,58.3519
2026-09-24,15:29,OBEROIRLTY,1797.8836,1.7539,27.7402,16.467
2026-09-24,15:29,OCCLLTD,418.7413,3.7645,53.2135,23.9637
2026-09-24,15:29,OFSS,26580.6436,2.151,34.5375,28.303
2026-09-24,15:29,OIL,147.2912,2.0254,30.931,16.7581
2026-09-24,15:29,OILCOUNTUB,133.1513,2.1571,58.0485,3.6101
2026-09-24,15:29,OLAELEC,72.1262,3.1765,58.6765,-22.5783
2026-09-24,15:29,OLECTRA,1383.6073,2.3579,43.5406,-19.9279
2026-09-24,15:29,OMAXAUTO,536.3262,4.2428,62.8912,41.4182
2026-09-24,15:29,OMAXE,239.387,4.1216,55.9412,42.0278
2026-09-24,15:29,ONELIFECAP,122.0502,2.9882,51.1893,165.85
2026-09-24,15:29,ONEPOINT,133.8335,2.1287,39.0487,58.0616
2026-09-24,15:29,ONESOURCE,2538.9912,1.7365,41.9766,-10.9063
2026-09-24,15:29,OPTIEMUS,2286.2702,3.9114,55.5779,19.0222
2026-09-24,15:29,ORBTEXP,266.1165,4.1962,58.416,25.5739
2026-09-24,15:29,ORCHPHARMA,2677.2898,3.1209,44.6855,51.9371
2026-09-24,15:29,ORIENTBELL,595.0565,2.4761,50.1482,31.7332
2026-09-24,15:29,ORIENTHOT,234.4257,3.6462,46.8895,6.2666
2026-09-24,15:29,ORIENTLTD,114.422,3.4693,46.5791,-3.5194
2026-09-24,15:29,PAGEIND,24620.8948,1.7208,24.5339,-9.0689
2026-09-24,15:29,PAISALO,341.5296,2.9096,44.3927,136.0781
2026-09-24,15:29,PANACEABIO,153.183,3.7576,55.5433,-7.3891
2026-09-24,15:29,PANACHE,1186.3923,2.6213,49.177,27.7858
2026-09-24,15:29,PANAMAPET,1172.1282,4.1386,50.3498,72.2272
2026-09-24,15:29,PAR,213.4017,4.53,56.2735,26.1868
2026-09-24,15:29,PARACABLES,151.6325,4.2206,59.2771,34.926
2026-09-24,15:29,PARADEEP,196.9051,2.3676,43.1218,-15.3193
2026-09-24,15:29,PARAGMILK,226.0533,2.6295,48.0211,-4.1792
2026-09-24,15:29,PARAS,4364.7826,3.9357,51.5662,93.3506
2026-09-24,15:29,PARKHOSPS,678.9041,2.4543,1.7e+308,1.7e+308
2026-09-24,15:29,PASUPTAC,139.6011,3.0203,54.727,68.248
2026-09-24,15:29,PATELRMART,87.9406,2.6542,46.9054,-7.0155
2026-09-24,15:29,PAUSHAKLTD,1045.9227,3.2059,1.7e+308,1.7e+308
2026-09-24,15:29,PAYTM,3778.0977,2.6924,39.5829,54.2393
2026-09-24,15:29,PCBL,231.9449,2.7962,47.1159,-9.7187
2026-09-24,15:29,PDMJEPAPER,76.5294,2.4098,37.0374,-18.8626
2026-09-24,15:29,PDSL,219.8515,2.2181,42.0725,10.9517
2026-09-24,15:29,PFOCUS,353.189,3.3217,55.9892,73.791
2026-09-24,15:29,PGHL,2651.2425,1.8381,24.4815,-13.8666
2026-09-24,15:29,PGIL,2980.2445,3.0165,51.6751,98.9223
2026-09-24,15:29,PHOENIXLTD,1361.2812,1.6507,26.2002,26.9151
2026-09-24,15:29,PICCADIL,111.6313,2.5886,43.2261,-10.5635
2026-09-24,15:29,PIDILITIND,264.8139,1.4289,22.4001,3.2004
2026-09-24,15:29,PIRAMALFIN,2078.8226,1.8633,1.7e+308,1.7e+308
2026-09-24,15:29,PITTIENG,1589.505,2.2253,40.1865,14.9448
2026-09-24,15:29,PIXTRANS,2052.7749,2.6488,32.227,21.4132
2026-09-24,15:29,PKTEA,1395.7008,4.0628,55,17.2736
2026-09-24,15:29,PLASTIBLEN,217.929,2.0559,35.0223,2.2475
2026-09-24,15:29,PLAZACABLE,128.0038,3.6884,51.3911,10.2653
2026-09-24,15:29,PNBHOUSING,1602.8389,1.7173,32.4327,26.6636
2026-09-24,15:29,PNGJL,150.3921,2.3023,34.5309,-0.6303
2026-09-24,15:29,PODDARMENT,126.5774,2.9313,40.2528,-3.49
2026-09-24,15:29,POLYCAB,4831.1529,1.7836,30.6744,14.2574
2026-09-24,15:29,POLYMED,2646.9015,2.5559,42.7187,-12.4266
2026-09-24,15:29,POLYPLEX,1568.1094,2.3367,33.5314,4.3751
2026-09-24,15:29,PONNIERODE,714.7502,2.6873,36.2365,33.0072
2026-09-24,15:29,POWERINDIA,51455.8096,2.7176,44.8964,60.7358
2026-09-24,15:29,POWERMECH,2063.3175,2.1102,38.4026,-9.4855
2026-09-24,15:29,PPAP,322.8624,4.3485,58.0969,11.6494
2026-09-24,15:29,PPL,337.3126,3.0064,44.7705,-12.9175
2026-09-24,15:29,PPLPHARMA,261.5272,2.3567,33.9533,10.8613
2026-09-24,15:29,PRABHA,421.5321,2.9206,46.1537,4.5137
2026-09-24,15:29,PRECOT,882.5073,3.4043,61.7801,45.2163
2026-09-24,15:29,PRECWIRE,1409.8407,3.8525,60.7137,169.8272
2026-09-24,15:29,PREMEXPLN,1323.7608,3.4178,54.0007,15.5839
2026-09-24,15:29,PREMIERENE,860.801,1.7982,34.793,-12.6756
2026-09-24,15:29,PREMIERPOL,300.4121,4.1135,61.1681,120.0307
2026-09-24,15:29,PRICOLLTD,808.3962,2.3801,38.8066,41.4444
2026-09-24,15:29,PRIMESECU,57.6763,1.8507,32.4292,10.7539
2026-09-24,15:29,PRIVISCL,4960.7686,1.7872,34.4749,49.7524
2026-09-24,15:29,PRUDENT,3659.0247,2.394,38.0416,26.1203
2026-09-24,15:29,PSPPROJECT,103.5687,2.7941,45.9569,3.7822
2026-09-24,15:29,PTCIL,21309.1674,2.7472,37.1019,43.0914
2026-09-24,15:29,PVP,223.3245,4.2608,64.8815,112.1705
2026-09-24,15:29,PVRINOX,1262.3631,2.0138,31.4611,13.3694
2026-09-24,15:29,PWL,156.9659,3.2615,1.7e+308,1.7e+308
2026-09-24,15:29,QPOWER,4304.3153,3.2705,55.8222,48.0191
2026-09-24,15:29,QUADFUTURE,1287.4806,4.1405,60.0503,24.8036
2026-09-24,15:29,QUESS,919.5935,2.6197,37.3289,39.7943
2026-09-24,15:29,RACLGEAR,2966.911,3.1122,57.9663,51.1699
2026-09-24,15:29,RADICO,10492.7178,1.5598,33.3008,55.4496
2026-09-24,15:29,RAIN,408.4464,3.672,54.4843,68.089
2026-09-24,15:29,RAINBOW,1404.6934,1.2667,22.3918,3.7304
2026-09-24,15:29,RAMCOIND,62.9476,2.8017,42.2433,-9.9482
2026-09-24,15:29,RAMCOSYS,358.1503,4.9112,65.1013,17.184
2026-09-24,15:29,RAMRAT,1465.7807,2.9646,42.8195,70.586
2026-09-24,15:29,RANEHOLDIN,887.4684,2.8754,41.4773,-1.1681
2026-09-24,15:29,RATEGAIN,1712.6097,2.6632,43.122,26.8278
2026-09-24,15:29,RATNAMANI,3554.8352,2.8228,45.6678,17.0022
2026-09-24,15:29,RATNAVEER,1097.8316,3.5769,51.7271,98.1588
2026-09-24,15:29,RAYMOND,4996.119,4.0286,50.8405,98.2788
2026-09-24,15:29,RAYMONDREL,1650.282,4.1357,59.1224,15.5653
2026-09-24,15:29,RBA,164.5941,3.0574,39.0272,14.4571
2026-09-24,15:29,RBLBANK,613.6619,1.8541,31.4445,51.5513
2026-09-24,15:29,RBZJEWEL,124.4068,3.706,51.4437,29.2079
2026-09-24,15:29,REDINGTON,890.8794,2.6574,50.7241,53.4569
2026-09-24,15:29,REFEX,316.2266,2.6791,53.2709,-23.9941
2026-09-24,15:29,REGAAL,191.6337,3.4728,56.2218,1.0145
2026-09-24,15:29,RGL,309.2186,3.5813,57.7713,46.185
2026-09-24,15:29,RICOAUTO,56.0637,3.2561,56.7384,40.1137
2026-09-24,15:29,RISHABH,1660.2048,3.2992,51.4229,77.2453
2026-09-24,15:29,RITCO,335.3899,2.8041,42.4636,8.3712
2026-09-24,15:29,RKFORGE,857.3901,2.1477,35.8088,33.1863
2026-09-24,15:29,RML,3277.6182,3.3481,43.5909,66.5506
2026-09-24,15:29,ROLEXRINGS,267.2328,2.5184,44.7189,36.6657
2026-09-24,15:29,ROSSTECH,4367.5731,3.9165,62.1681,94.4898
2026-09-24,15:29,RPEL,5968.8616,3.5633,52.6175,162.0583
2026-09-24,15:29,RPGLIFE,5738.4665,2.6954,38.8435,25.7982
2026-09-24,15:29,RPSGVENT,787.3106,2.2519,47.8406,0.5477
2026-09-24,15:29,RPTECH,3211.8794,3.4246,44.9777,180.0761
2026-09-24,15:29,RRKABEL,6982.5355,2.5722,38.9498,107.65
2026-09-24,15:29,RSWM,355.7936,2.667,41.0307,49.1444
2026-09-24,15:29,RUBICON,5529.1583,3.3984,1.7e+308,1.7e+308
2026-09-24,15:29,RUBYMILLS,1791.9298,4.0267,53.9309,123.4268
2026-09-24,15:29,RVTH,248.6895,3.2256,48.4671,-40.6643
2026-09-24,15:29,S&SPOWER,99.848,2.9835,54.6555,-18.8393
2026-09-24,15:29,SAATVIKGL,115.6625,2.2602,1.7e+308,-0.624
2026-09-24,15:29,SAHYADRI,660.1129,3.0288,40.6133,41.6464
2026-09-24,15:29,SAIL,153.3069,2.4903,36.2693,40.4366
2026-09-24,15:29,SAILIFE,4217.4914,1.973,33.8927,85.7992
2026-09-24,15:29,SAKAR,4228.3444,3.8365,54.4401,216.5638
2026-09-24,15:29,SALONA,126.8255,1.919,36.6828,13.2609
2026-09-24,15:29,SALSTEEL,258.1163,3.396,58.537,220.9996
2026-09-24,15:29,SAMBHV,323.9787,2.9526,46.1152,32.9494
2026-09-24,15:29,SANATHAN,632.2671,2.248,34.2646,5.85
2026-09-24,15:29,SANDHAR,283.4194,2.8786,44.0195,26.921
2026-09-24,15:29,SANGAMIND,714.4401,1.9554,35.3421,33.2491
2026-09-24,15:29,SANGHVIMOV,973.6727,3.0762,51.2273,22.0476
2026-09-24,15:29,SANGINITA,374.833,2.3645,47.8835,640.3808
2026-09-24,15:29,SANSERA,14615.6342,2.7366,42.0815,221.3957
2026-09-24,15:29,SANSTAR,125.7712,2.8933,39.4188,15.1337
2026-09-24,15:29,SAREGAMA,963.75,3.0735,41.9399,5.5479
2026-09-24,15:29,SARLAPOLY,123.9727,1.7482,38.8159,0.6949
2026-09-24,15:29,SASKEN,3143.0405,4.2183,54.9209,24.9227
2026-09-24,15:29,SATIN,445.4087,2.347,33.0763,55.901
2026-09-24,15:29,SBC,109.0265,2.0417,26.032,122.3715
2026-09-24,15:29,SBCL,3909.2646,4.0056,55.2381,112.6092
2026-09-24,15:29,SBILIQETF,188.2226,0.012,0.7354,4.932
2026-09-24,15:29,SCHAEFFLER,1563.4569,1.4864,29.2261,0.8066
2026-09-24,15:29,SCHNEIDER,2524.7272,3.4732,48.9151,45.8767
2026-09-24,15:29,SCI,75.4752,2.1897,46.0355,22.688
2026-09-24,15:29,SCPL,1818.0391,3.8483,55.9623,165.0372
2026-09-24,15:29,SEAMECLTD,2204.0974,2.4102,35.9794,91.3722
2026-09-24,15:29,SECMARK,203.0448,3.3756,63.6825,20.3649
2026-09-24,15:29,SENORES,3477.6242,2.9625,40.9196,99.5695
2026-09-24,15:29,SETCO,61.9553,1.9391,44.0477,76.9535
2026-09-24,15:29,SETFNN50,218.9833,0.8667,16.2246,7.457
2026-09-24,15:29,SETL,1683.0892,3.7212,51.5878,128.2153
2026-09-24,15:29,SFL,367.1429,2.6033,39.2449,-3.6665
2026-09-24,15:29,SGFIN,1216.4706,2.4092,42.3967,72.0927
2026-09-24,15:29,SGIL,1006.8518,2.7342,41.3149,20.6456
2026-09-24,15:29,SGMART,1849.6682,2.7366,1.7e+308,97.5892
2026-09-24,15:29,SHADOWFAX,998.9136,3.1955,1.7e+308,1.7e+308
2026-09-24,15:29,SHAHALLOYS,153.555,3.4436,52.2633,38.2985
2026-09-24,15:29,SHAILY,6874.0059,2.4752,51.6273,38.741
2026-09-24,15:29,SHALPAINTS,96.437,4.3923,61.468,0.617
2026-09-24,15:29,SHANKARA,224.5648,1.7101,45.8585,-37.2605
2026-09-24,15:29,SHANTIGEAR,1318.7993,3.4023,41.6138,26.0882
2026-09-24,15:29,SHANTIGOLD,407.9502,3.0126,47.2575,29.9043
2026-09-24,15:29,SHARDAMOTR,121.2439,1.9948,36.4073,-8.0713
2026-09-24,15:29,SHAREINDIA,386.9884,3.2863,53.4342,65.469
2026-09-24,15:29,SHEKHAWATI,72.8704,4.2206,66.0314,19.624
2026-09-24,15:29,SHEMAROO,97.8014,2.7162,44.9973,8.0528
2026-09-24,15:29,SHILCTECH,1596.3279,3.0335,1.7e+308,1.7e+308
2026-09-24,15:29,SHILPAMED,4220.2818,3.0741,42.2326,161.0059
2026-09-24,15:29,SHIVALIK,811.8075,4.0419,53.6627,-5.9753
2026-09-24,15:29,SHIVAUM,1316.3186,2.8629,1.7e+308,1.7e+308
2026-09-24,15:29,SHREEJISPG,2011.5332,2.2646,42.9602,194.2956
2026-09-24,15:29,SHREEPUSHK,791.6517,2.7651,53.2751,12.5815
2026-09-24,15:29,SHRIPISTON,8947.2468,1.958,38.7235,70.4908
2026-09-24,15:29,SHYAMMETL,1354.7695,1.6307,28.367,21.0141
2026-09-24,15:29,SICAGEN,202.5487,3.7449,137.0576,230.347
2026-09-24,15:29,SIEMENS,4498.12,1.8245,30.8948,24.0771
2026-09-24,15:29,SIGIND,124.0347,3.0343,45.5571,35.6401
2026-09-24,15:29,SIGMAADV,4734.0959,3.6118,56.9163,502.6463
2026-09-24,15:29,SIGNPOST,195.9127,3.2361,48.3135,3.3725
2026-09-24,15:29,SILVERTUC,126.9495,2.9406,52.9164,107.8484
2026-09-24,15:29,SIMPLEXINF,155.8497,3.1252,54.3347,-11.5891
2026-09-24,15:29,SIS,564.9783,1.4666,29.6548,21.2196
2026-09-24,15:29,SJS,2839.1546,2.0533,37.0924,55.776
2026-09-24,15:29,SKFINDUS,3017.7642,2.3275,1.7e+308,1.7e+308
2026-09-24,15:29,SKIPPER,1107.32,2.5716,40.6129,8.018
2026-09-24,15:29,SKMEGGPROD,268.4731,4.1547,57.4051,40.2451
2026-09-24,15:29,SKYGOLD,2542.402,3.402,48.9102,187.2294
2026-09-24,15:29,SMARTLINK,575.7693,3.5188,47.6899,44.8657
2026-09-24,15:29,SMARTWORKS,507.3022,2.0008,35.2555,-6.3917
2026-09-24,15:29,SMLMAH,11984.2355,4.049,59.7925,107.2375
2026-09-24,15:29,SMSPHARMA,849.0177,2.982,51.3958,88.3543
2026-09-24,15:29,SOFTTECH,1090.2654,2.1959,43.7256,31.2104
2026-09-24,15:29,SOLARA,1412.4454,3.3442,45.6813,18.2106
2026-09-24,15:29,SOLARINDS,39920.5793,2.4827,35.6579,41.5081
2026-09-24,15:29,SOMANYCERA,1239.4169,2.2743,36.0251,33.0496
2026-09-24,15:29,SONACOMS,1788.2706,1.7453,31.7809,100.5158
2026-09-24,15:29,SONAMLTD,151.0743,3.2942,46.0277,52.3133
2026-09-24,15:29,SOTL,2290.6115,4.1079,48.7127,84.2973
2026-09-24,15:29,SOUTHBANK,55.5055,2.0651,42.3466,72.1283
2026-09-24,15:29,SPAL,1372.7543,3.6228,50.0799,37.9165
2026-09-24,15:29,SPARC,445.7808,3.8478,57.195,54.8118
2026-09-24,15:29,SPECIALITY,288.2567,3.0801,47.0358,19.3393
2026-09-24,15:29,SPECTRUM,12360.6821,3.9178,57.1189,144.29
2026-09-24,15:29,SPLPETRO,1582.9933,2.1482,41.0198,1.1263
2026-09-24,15:29,SPORTKING,632.9493,3.2794,47.6966,108.7211
2026-09-24,15:29,SREEL,561.4433,3.393,39.0473,29.0583
2026-09-24,15:29,SRHHYPOLTD,719.7115,2.8208,38.3997,4.4937
2026-09-24,15:29,SRM,167.4469,2.1264,45.4421,-23.2601
2026-09-24,15:29,SSWL,950.9123,2.9138,42.2754,63.7638
2026-09-24,15:29,STALLION,335.7,4.0135,73.2461,8.6365
2026-09-24,15:29,STAR,2140.5296,2.2976,38.3692,47.4923
2026-09-24,15:29,STARHEALTH,511.9535,1.4194,23.7855,23.4496
2026-09-24,15:29,STARPAPER,64.3121,1.8779,27.6425,-7.8844
2026-09-24,15:29,STEELCAS,828.2419,2.5676,46.0059,70.0813
2026-09-24,15:29,STEL,900.1819,2.7158,50.8645,40.8145
2026-09-24,15:29,STLNETWORK,190.8274,3.1557,1.7e+308,72.7907
2026-09-24,15:29,STLTECH,4143.3183,3.5523,62.5881,603.5187
2026-09-24,15:29,STOVEKRAFT,1903.0028,2.3228,43.3773,22.2604
2026-09-24,15:29,STYL,674.2528,3.0024,1.7e+308,1.7e+308
2026-09-24,15:29,STYLAMIND,6826.8721,2.6174,36.2301,100.8958
2026-09-24,15:29,STYLEBAAZA,103.8791,3.1947,57.2357,2.8032
2026-09-24,15:29,STYRENIX,796.3024,1.9279,31.0093,-12.5508
2026-09-24,15:29,SUBEXLTD,65.7384,4.0306,56.3219,72.7273
2026-09-24,15:29,SUDARCOLOR,124.0347,2.3558,39.8226,-35.4174
2026-09-24,15:29,SUDARSCHEM,1818.9693,2.7599,40.3137,-12.9751
2026-09-24,15:29,SUDEEPPHRM,2945.8249,3.1963,1.7e+308,1.7e+308
2026-09-24,15:29,SUMICHEM,264.5042,2.7099,36.1843,-16.0146
2026-09-24,15:29,SUNDRMBRAK,352.2586,3.1234,44.121,-7.6682
2026-09-24,15:29,SUNDRMFAST,1527.178,1.7054,26.7732,18.2708
2026-09-24,15:29,SUNDROP,528.078,1.7828,28.6947,-5.6519
2026-09-24,15:29,SUNFLAG,940.8654,3.1667,44.2998,54.457
2026-09-24,15:29,SUNPHARMA,945.1448,1.0367,19.3706,16.5879
2026-09-24,15:29,SUPRAJIT,327.1416,1.7294,32.1754,-1.4978
2026-09-24,15:29,SUPRIYA,1742.068,3.8294,48.0736,37.0014
2026-09-24,15:29,SURAKSHA,439.3931,2.5334,34.2765,19.4631
2026-09-24,15:29,SURYODAY,96.0029,2.5733,43.0477,9.3686
2026-09-24,15:29,SUVEN,1138.2046,4.2818,58.8996,60.2727
2026-09-24,15:29,SVLL,1635.3981,3.3485,44.6927,8.454
2026-09-24,15:29,SWANDEF,5348.3787,1.999,1533.7591,370.733
2026-09-24,15:29,SWELECTES,165.8965,2.2304,45.7146,-38.3716
2026-09-24,15:29,SYRMA,5121.3941,2.7525,44.9561,111.5713
2026-09-24,15:29,TAINWALCHM,231.9449,2.8453,53.2978,2.9246
2026-09-24,15:29,TALBROAUTO,1129.6463,2.604,41.6126,57.1405
2026-09-24,15:29,TANLA,135.198,2.4374,46.479,-29.3812
2026-09-24,15:29,TARIL,57.6142,2.4992,59.545,-43.7287
2026-09-24,15:29,TARSONS,837.1725,4.0487,52.0845,9.1782
2026-09-24,15:29,TASTYBITE,13832.9738,2.5865,35.8164,10.7532
2026-09-24,15:29,TATACOMM,81.2426,2.0235,33.9944,3.4889
2026-09-24,15:29,TATAINVEST,174.8887,2.0402,45.548,-24.0307
2026-09-24,15:29,TATATECH,741.1075,2.4885,33.1766,7.5603
2026-09-24,15:29,TATVA,3295.603,3.3387,52.9811,71.0469
2026-09-24,15:29,TBOTEK,1033.8292,2.2509,36.9579,12.8788
2026-09-24,15:29,TBZ,3210.4529,5.2888,64.4821,272.9896
2026-09-24,15:29,TCPLPACK,7282.079,3.4457,44.7665,22.5261
2026-09-24,15:29,TDPOWERSYS,2014.138,4.0709,54.4418,158.9155
2026-09-24,15:29,TECHM,53.3348,1.8228,27.7999,9.6114
2026-09-24,15:29,TEGA,2629.5364,2.7111,36.7341,6.1737
2026-09-24,15:29,TEJASNET,1132.7472,3.4352,58.2266,-13.1624
2026-09-24,15:29,TEXINFRA,142.3299,1.8426,27.1271,22.1366
2026-09-24,15:29,TEXMOPIPES,52.4667,3.2441,46.594,3.3102
2026-09-24,15:29,TEXRAIL,82.297,2.898,43.8873,-8.5815
2026-09-24,15:29,TFCILTD,425.5632,2.4916,49.3893,97.6033
2026-09-24,15:29,THANGAMAYL,9398.1112,3.9288,60.7707,152.7898
2026-09-24,15:29,THEJO,2855.8998,2.0917,32.121,19.0994
2026-09-24,15:29,THELEELA,545.4428,2.1005,31.1137,27.1188
2026-09-24,15:29,THEMISMED,169.1213,3.6343,58.3535,-10.4149
2026-09-24,15:29,THERMAX,3221.183,2.6018,35.354,6.5172
2026-09-24,15:29,THYROCARE,1014.9142,2.5265,40.2553,51.2422
2026-09-24,15:29,TI,848.7075,1.9786,35.09,32.7797
2026-09-24,15:29,TIIL,3020.8666,2.3367,39.7055,30.4559
2026-09-24,15:29,TIINDIA,259.8522,1.9954,33.9392,-18.8105
2026-09-24,15:29,TIMKEN,1203.7562,1.7442,28.3049,8.6285
2026-09-24,15:29,TINNARUBR,1430.4303,3.4059,49.5213,5.9223
2026-09-24,15:29,TIPSMUSIC,530.5585,2.5504,37.732,12.8623
2026-09-24,15:29,TIRUPATIFL,267.1088,3.7845,56.8788,113.8421
2026-09-24,15:29,TITAGARH,337.6846,2.3415,36.5489,-6.824
2026-09-24,15:29,TITAN,4051.5934,1.5123,23.2912,45.2379
2026-09-24,15:29,TMB,1512.6034,2.4392,38.63,110.7678
2026-09-24,15:29,TNPETRO,199.696,2.3204,37.5149,21.6866
2026-09-24,15:29,TORNTPHARM,5274.5771,1.5483,22.0928,38.4021
2026-09-24,15:29,TRAVELFOOD,269.7755,2.0953,29.9509,-9.0964
2026-09-24,15:29,TRITURBINE,378.926,2.6851,37.3725,7.0417
2026-09-24,15:29,TRUALT,57.6761,2.0159,1.7e+308,1.7e+308
2026-09-24,15:29,TSFINV,109.1506,2.0539,44.0484,-18.9678
2026-09-24,15:29,TTKHLTCARE,690.2536,2.182,29.9335,-9.4578
2026-09-24,15:29,TVSMOTOR,1404.0726,1.6945,27.3731,19.8161
2026-09-24,15:29,TVSSRICHAK,429.1614,2.9136,43.5386,33.6808
2026-09-24,15:29,UCAL,190.2693,3.0296,45.9764,4.0227
2026-09-24,15:29,UDS,299.4198,2.5572,44.1225,-17.5414
2026-09-24,15:29,UFBL,2915.4985,4.4358,65.0677,217.8721
2026-09-24,15:29,UFLEX,1210.5789,3.0012,40.8305,22.1812
2026-09-24,15:29,UGARSUGAR,117.0268,3.3649,41.1289,31.533
2026-09-24,15:29,UNICHEMLAB,1098.9478,4.0473,49.9153,15.3999
2026-09-24,15:29,UNIDT,469.2855,2.5375,41.1246,34.8632
2026-09-24,15:29,UNIMECH,4684.1721,3.1855,48.3556,62.2531
2026-09-24,15:29,UNIPARTS,2075.721,2.5219,42.6535,109.8593
2026-09-24,15:29,UNITDSPR,129.6164,1.3888,24.0132,9.704
2026-09-24,15:29,UNITEDPOLY,113.8639,2.4503,52.5543,-8.785
2026-09-24,15:29,UNIVASTU,440.3853,3.1422,44.8433,82.2118
2026-09-24,15:29,UNIVCABLES,5127.5959,4.1533,59.0617,111.3108
2026-09-24,15:29,UNIVPHOTO,1821.76,2.5992,53.3051,114.9531
2026-09-24,15:29,URBANCO,310.1488,2.848,1.7e+308,-0.2156
2026-09-24,15:29,USHAMART,708.8586,1.9387,34.2156,16.5516
2026-09-24,15:29,UTLSOLAR,1379.7004,3.1787,1.7e+308,1.7e+308
2026-09-24,15:29,UTTAMSUGAR,284.6597,2.8949,42.2733,6.1224
2026-09-24,15:29,V2RETAIL,70.3897,2.2474,39.9886,13.7229
2026-09-24,15:29,VADILALIND,14103.9909,2.4876,38.4847,36.5789
2026-09-24,15:29,VALIANTLAB,384.0116,2.7972,51.3675,49.2004
2026-09-24,15:29,VALIANTORG,892.3059,3.0622,54.3619,23.51
2026-09-24,15:29,VARROC,1709.5089,2.3002,36.2847,34.8871
2026-09-24,15:29,VEDL,147.5393,2.2968,36.3269,65.0623
2026-09-24,15:29,VENKEYS,1393.5299,2.1866,38.3337,13.9092
2026-09-24,15:29,VENUSPIPES,6494.4592,2.9604,45.1765,65.5884
2026-09-24,15:29,VENUSREM,5500.6308,3.2916,53.8869,269.777
2026-09-24,15:29,VERANDA,226.4255,3.0185,52.5648,8.4792
2026-09-24,15:29,VETO,256.4418,2.5342,37.3612,26.1709
2026-09-24,15:29,VHL,339.2362,1.4476,32.3166,-10.568
2026-09-24,15:29,VIDHIING,237.2164,2.3382,36.9261,-2.2466
2026-09-24,15:29,VIDYAWIRES,242.922,3.1176,1.7e+308,1.7e+308
2026-09-24,15:29,VIJAYA,3339.3252,2.4867,32.4889,49.6715
2026-09-24,15:29,VIJIFIN,86.9483,2.3897,52.0473,457.3883
2026-09-24,15:29,VIMTALABS,805.6056,2.7298,46.6516,-17.999
2026-09-24,15:29,VINCOFE,245.0927,2.7546,40.3473,24.1638
2026-09-24,15:29,VINDHYATEL,10270.696,4.6142,59.0733,93.7618
2026-09-24,15:29,VISAKAIND,180.4705,2.8361,38.581,18.6655
2026-09-24,15:29,VISHNU,1166.5465,1.9747,32.6246,48.8517
2026-09-24,15:29,VIYASH,184.0055,2.8344,43.5841,29.7948
2026-09-24,15:29,VMART,972.7426,1.9541,40.5206,6.9533
2026-09-24,15:29,VOLTAMP,16322.9711,2.9015,40.4605,51.3077
2026-09-24,15:29,VSSL,925.2991,2.2788,36.3935,50.7538
2026-09-24,15:29,VTL,329.0021,1.9874,33.1659,35.0911
2026-09-24,15:29,WABAG,4621.5339,3.0294,41.3325,39.7906
2026-09-24,15:29,WALCHANNAG,237.8986,3.4409,58.7834,10.1424
2026-09-24,15:29,WEBELSOLAR,52.2806,2.5356,59.1093,-39.0571
2026-09-24,15:29,WELCORP,11718.4912,3.1,42.2671,212.7192
2026-09-24,15:29,WELENT,1574.9311,2.3885,38.4974,49.89
2026-09-24,15:29,WELINV,7125.1755,2.796,53.747,140.3992
2026-09-24,15:29,WELSPUNLIV,503.333,2.4541,46.4535,90.8818
2026-09-24,15:29,WENDT,9082.4434,2.442,35.0614,-3.6721
2026-09-24,15:29,WESTLIFE,294.2725,2.7779,39.6532,-16.752
2026-09-24,15:29,WEWORK,556.2959,2.7251,1.7e+308,1.7e+308
2026-09-24,15:29,WHEELS,8151.8733,4.0302,51.1272,152.5536
2026-09-24,15:29,WINDLAS,1791.6819,2.4712,35.683,18.5434
2026-09-24,15:29,WINDMACHIN,293.0321,2.4359,41.2839,5.9694
2026-09-24,15:29,WIPL,125.027,1.8919,32.6032,-1.2799
2026-09-24,15:29,WOCKPHARMA,5537.5301,3.3999,52.5313,71.171
2026-09-24,15:29,WONDERLA,84.3437,1.6368,28.5395,-16.7225
2026-09-24,15:29,WSTCSTPAPR,1908.5845,2.4323,36.735,59.574
2026-09-24,15:29,XPROINDIA,1754.4715,3.6096,51.2451,5.7381
2026-09-24,15:29,YASHO,16547.4736,4.4596,60.3087,144.3766
2026-09-24,15:29,YATHARTH,2925.6693,2.1431,38.8976,48.0771
2026-09-24,15:29,YUKEN,2359.4508,2.35,37.3462,16.1192
2026-09-24,15:29,ZENTEC,2055.2549,2.4013,38.1831,9.6548
2026-09-24,15:29,ZIMLAB,412.9737,2.925,50.4573,88.2016
2026-09-24,15:29,ZUARIIND,53.645,2.0118,44.7075,-25.8973
2026-09-24,15:29,ZYDUSLIFE,1709.1989,1.659,23.4674,21.0564
2026-09-24,15:29,ZYDUSWELL,699.8662,2.3991,39.2928,7.8478
