date,time,group,% change
2026-09-04,15:29,20MICRONS,8.9409
2026-09-04,15:29,360ONE,3.148
2026-09-04,15:29,3BBLACKBIO,14.2399
2026-09-04,15:29,63MOONS,23.747
2026-09-04,15:29,AARTIDRUGS,6.712
2026-09-04,15:29,AARTIIND,2.9824
2026-09-04,15:29,AARTIPHARM,27.4562
2026-09-04,15:29,ABB,0.4678
2026-09-04,15:29,ABCAPITAL,2.8056
2026-09-04,15:29,ABDL,-1.7398
2026-09-04,15:29,ABREL,-0.0437
2026-09-04,15:29,ABSLAMC,4.4543
2026-09-04,15:29,ACE,8.274
2026-09-04,15:29,ACMESOLAR,14.2545
2026-09-04,15:29,ADOR,12.0825
2026-09-04,15:29,ADVANCE,6.8614
2026-09-04,15:29,AEQUS,5.6493
2026-09-04,15:29,AEROENTER,11.3983
2026-09-04,15:29,AEROFLEX,27.7058
2026-09-04,15:29,AETHER,13.8774
2026-09-04,15:29,AFCONS,2.3955
2026-09-04,15:29,AFFLE,11.8453
2026-09-04,15:29,AFSL,0.5323
2026-09-04,15:29,AGARWALEYE,7.3502
2026-09-04,15:29,AGI,9.274
2026-09-04,15:29,AJANTPHARM,2.8283
2026-09-04,15:29,AJAXENGG,2.6163
2026-09-04,15:29,AKCAPIT,-1.2845
2026-09-04,15:29,AKUMS,11.4142
2026-09-04,15:29,ALEMBICLTD,26.6887
2026-09-04,15:29,ALICON,7.5195
2026-09-04,15:29,ALIVUS,24.0737
2026-09-04,15:29,ALKYLAMINE,12.931
2026-09-04,15:29,AMANTA,19.0368
2026-09-04,15:29,AMBER,2.9264
2026-09-04,15:29,AMRUTANJAN,-0.6974
2026-09-04,15:29,ANANDRATHI,8.5108
2026-09-04,15:29,ANANTRAJ,6.632
2026-09-04,15:29,ANDHRAPAP,5.0872
2026-09-04,15:29,ANDHRSUGAR,15.267
2026-09-04,15:29,ANTELOPUS,7.0099
2026-09-04,15:29,ANTHEM,21.3209
2026-09-04,15:29,ANUHPHR,2.5673
2026-09-04,15:29,ANURAS,-0.8723
2026-09-04,15:29,APARINDS,25.4302
2026-09-04,15:29,APCOTEXIND,13.2698
2026-09-04,15:29,APEX,-1.5354
2026-09-04,15:29,APLAPOLLO,23.4365
2026-09-04,15:29,APLLTD,1.329
2026-09-04,15:29,APOLLO,-1.3695
2026-09-04,15:29,APOLLOPIPE,23.4142
2026-09-04,15:29,APOLLOTYRE,2.3591
2026-09-04,15:29,ARE&M,-0.9967
2026-09-04,15:29,ARIES,46.6354
2026-09-04,15:29,ARIS,4.4694
2026-09-04,15:29,ARMANFIN,7.9278
2026-09-04,15:29,ARROWGREEN,14.8399
2026-09-04,15:29,ARSSBL,1.3479
2026-09-04,15:29,ARTEMISMED,20.689
2026-09-04,15:29,ARVIND,4.8843
2026-09-04,15:29,ARVSMART,5.5355
2026-09-04,15:29,ASAHIINDIA,7.61
2026-09-04,15:29,ASHOKLEY,11.8687
2026-09-04,15:29,ASIANENE,45.4737
2026-09-04,15:29,ASIANHOTNR,25.4688
2026-09-04,15:29,ASKAUTOLTD,21.5099
2026-09-04,15:29,ASTERDM,0.0127
2026-09-04,15:29,ASTRAL,1.6893
2026-09-04,15:29,ATHERENERG,31.0499
2026-09-04,15:29,ATL,10.9601
2026-09-04,15:29,ATLANTAELE,18.3608
2026-09-04,15:29,ATUL,-0.3355
2026-09-04,15:29,AUBANK,6.0757
2026-09-04,15:29,AUROPHARMA,7.9047
2026-09-04,15:29,AURUM,1.7672
2026-09-04,15:29,AVADHSUGAR,54.0878
2026-09-04,15:29,AVALON,26.1326
2026-09-04,15:29,AVTNPL,29.9914
2026-09-04,15:29,AWL,-0.4624
2026-09-04,15:29,AXISBANK,3.7236
2026-09-04,15:29,AXISCADES,6.4428
2026-09-04,15:29,AYE,7.4289
2026-09-04,15:29,AYMSYNTEX,32.5003
2026-09-04,15:29,AZAD,13.8704
2026-09-04,15:29,BAFNAPH,24.2284
2026-09-04,15:29,BAJAJ-AUTO,7.0889
2026-09-04,15:29,BAJAJELEC,0.6841
2026-09-04,15:29,BAJAJFINSV,4.9715
2026-09-04,15:29,BAJAJHCARE,-0.5876
2026-09-04,15:29,BAJAJHFL,-1.3184
2026-09-04,15:29,BAJAJHIND,26.4315
2026-09-04,15:29,BAJAJHLDNG,4.5229
2026-09-04,15:29,BAJEL,2.7501
2026-09-04,15:29,BAJFINANCE,4.7097
2026-09-04,15:29,BALAJITELE,10.8639
2026-09-04,15:29,BALAMINES,16.1278
2026-09-04,15:29,BALKRISIND,13.4641
2026-09-04,15:29,BALMLAWRIE,1.9358
2026-09-04,15:29,BALRAMCHIN,13.1853
2026-09-04,15:29,BALUFORGE,32.4031
2026-09-04,15:29,BANARISUG,8.6099
2026-09-04,15:29,BANCOINDIA,2.4735
2026-09-04,15:29,BANDHANBNK,-0.5906
2026-09-04,15:29,BANKINDIA,1.6688
2026-09-04,15:29,BASF,5.3049
2026-09-04,15:29,BBTC,2.6471
2026-09-04,15:29,BCLIND,2.4622
2026-09-04,15:29,BDL,0.9654
2026-09-04,15:29,BECTORFOOD,9.3549
2026-09-04,15:29,BEEKAY,4.2458
2026-09-04,15:29,BEL,0.0864
2026-09-04,15:29,BELRISE,3.7676
2026-09-04,15:29,BEML,20.1144
2026-09-04,15:29,BENGALASM,2.1042
2026-09-04,15:29,BEPL,4.6712
2026-09-04,15:29,BFINVEST,2.0215
2026-09-04,15:29,BHAGCHEM,0.4365
2026-09-04,15:29,BHAGERIA,33.0466
2026-09-04,15:29,BHEL,3.307
2026-09-04,15:29,BIL,24.38
2026-09-04,15:29,BIRLACABLE,90.8418
2026-09-04,15:29,BIRLANU,7.1085
2026-09-04,15:29,BLACKBUCK,8.6678
2026-09-04,15:29,BLACKROSE,17.7537
2026-09-04,15:29,BLIL,3.7922
2026-09-04,15:29,BLISSGVS,44.4253
2026-09-04,15:29,BLKASHYAP,8.761
2026-09-04,15:29,BLS,2.2217
2026-09-04,15:29,BLSE,13.3643
2026-09-04,15:29,BLUEDART,1.6329
2026-09-04,15:29,BLUEJET,0.5115
2026-09-04,15:29,BLUESTONE,9.108
2026-09-04,15:29,BLUSPRING,28.1682
2026-09-04,15:29,BODALCHEM,128.7857
2026-09-04,15:29,BOROLTD,11.4573
2026-09-04,15:29,BOSCH-HCIL,36.4646
2026-09-04,15:29,BOSCHLTD,12.1303
2026-09-04,15:29,BPCL,1.7895
2026-09-04,15:29,BRIGADE,32.4769
2026-09-04,15:29,BRIGHOTEL,-1.6124
2026-09-04,15:29,BSHSL,5.1494
2026-09-04,15:29,BSOFT,2.4611
2026-09-04,15:29,BUILDPRO,5.0154
2026-09-04,15:29,CAMPUS,3.0894
2026-09-04,15:29,CAMS,-1.6613
2026-09-04,15:29,CANBK,-0.1194
2026-09-04,15:29,CANFINHOME,-0.7986
2026-09-04,15:29,CANHLIFE,6.7341
2026-09-04,15:29,CANTABIL,1.3426
2026-09-04,15:29,CAPACITE,1.631
2026-09-04,15:29,CAPILLARY,2.8976
2026-09-04,15:29,CAPLIPOINT,13.9313
2026-09-04,15:29,CARBORUNIV,6.2294
2026-09-04,15:29,CARERATING,3.4643
2026-09-04,15:29,CARTRADE,12.9423
2026-09-04,15:29,CARYSIL,1.3414
2026-09-04,15:29,CASTROLIND,2.9655
2026-09-04,15:29,CDSL,4.6133
2026-09-04,15:29,CEATLTD,0.1382
2026-09-04,15:29,CEIGALL,5.5473
2026-09-04,15:29,CELLO,-0.668
2026-09-04,15:29,CENTENKA,6.0432
2026-09-04,15:29,CENTRALBK,0.1611
2026-09-04,15:29,CENTUM,4.8278
2026-09-04,15:29,CGCL,17.4915
2026-09-04,15:29,CGPOWER,2.6853
2026-09-04,15:29,CHALET,10.1117
2026-09-04,15:29,CHEMBONDCH,2.833
2026-09-04,15:29,CHEMCON,12.3775
2026-09-04,15:29,CHEMFAB,-1.6389
2026-09-04,15:29,CHENNPETRO,19.5423
2026-09-04,15:29,CHEVIOT,0.5028
2026-09-04,15:29,CHOLAFIN,6.6458
2026-09-04,15:29,CHOLAHLDNG,0.5934
2026-09-04,15:29,CLEAN,15.9709
2026-09-04,15:29,CLSEL,7.8985
2026-09-04,15:29,CMRGREEN,4.7191
2026-09-04,15:29,COCHINSHIP,7.663
2026-09-04,15:29,COFFEEDAY,8.664
2026-09-04,15:29,COFORGE,32.8753
2026-09-04,15:29,COHANCE,9.4702
2026-09-04,15:29,COMSYN,68.7766
2026-09-04,15:29,CONCOR,6.3763
2026-09-04,15:29,CONCORDBIO,13.5042
2026-09-04,15:29,CONFIPET,5.3384
2026-09-04,15:29,CONSOFINVT,0.6564
2026-09-04,15:29,CONTROLPR,0.4741
2026-09-04,15:29,CORONA,-0.6105
2026-09-04,15:29,COSMOFIRST,4.4098
2026-09-04,15:29,CPPLUS,4.5493
2026-09-04,15:29,CRAFTSMAN,22.7704
2026-09-04,15:29,CRISIL,10.4619
2026-09-04,15:29,CSLFINANCE,17.7376
2026-09-04,15:29,CUB,7.3993
2026-09-04,15:29,CUPID,32.6664
2026-09-04,15:29,CYIENT,31.1589
2026-09-04,15:29,CYIENTDLM,27.8171
2026-09-04,15:29,DALMIASUG,21.1631
2026-09-04,15:29,DATAPATTNS,0.0109
2026-09-04,15:29,DBOL,22.4312
2026-09-04,15:29,DCBBANK,18.5245
2026-09-04,15:29,DCI,21.7822
2026-09-04,15:29,DCMSHRIRAM,1.5013
2026-09-04,15:29,DCW,-0.5408
2026-09-04,15:29,DDEVPLSTIK,-0.9614
2026-09-04,15:29,DECCANCE,2.908
2026-09-04,15:29,DECNGOLD,9.9476
2026-09-04,15:29,DEEDEV,0.7346
2026-09-04,15:29,DEEPAKNTR,3.807
2026-09-04,15:29,DEEPINDS,63.9804
2026-09-04,15:29,DELHIVERY,-1.0053
2026-09-04,15:29,DEN,2.9823
2026-09-04,15:29,DEVYANI,24.0249
2026-09-04,15:29,DHAMPURSUG,17.9215
2026-09-04,15:29,DHANUKA,-0.2615
2026-09-04,15:29,DHARMAJ,3.4872
2026-09-04,15:29,DHUNINV,17.8617
2026-09-04,15:29,DIACABS,12.4174
2026-09-04,15:29,DIAMONDYD,4.2199
2026-09-04,15:29,DICIND,19.5362
2026-09-04,15:29,DIFFNKG,20.1214
2026-09-04,15:29,DISAQ,-0.9909
2026-09-04,15:29,DIVGIITTS,30.6895
2026-09-04,15:29,DIVISLAB,25.5432
2026-09-04,15:29,DIXON,2.8456
2026-09-04,15:29,DLF,5.6882
2026-09-04,15:29,DLINKINDIA,-0.2322
2026-09-04,15:29,DMCC,7.5527
2026-09-04,15:29,DODLA,0.5277
2026-09-04,15:29,DOLATALGO,3.1268
2026-09-04,15:29,DOLLAR,2.4225
2026-09-04,15:29,DOLPHIN,78.8035
2026-09-04,15:29,DOMS,-0.5538
2026-09-04,15:29,DPABHUSHAN,6.4869
2026-09-04,15:29,DRAGARWQ,7.9857
2026-09-04,15:29,DREDGECORP,8.4122
2026-09-04,15:29,DRREDDY,-0.0608
2026-09-04,15:29,DVL,18.8876
2026-09-04,15:29,DWARKESH,9.2357
2026-09-04,15:29,DYCL,21.2475
2026-09-04,15:29,DYNAMATECH,11.4362
2026-09-04,15:29,E2E,16.4215
2026-09-04,15:29,EBGNG,5.0494
2026-09-04,15:29,ECLERX,2.3744
2026-09-04,15:29,EDELWEISS,16.2878
2026-09-04,15:29,EFCIL,-1.0548
2026-09-04,15:29,EICHERMOT,0.0328
2026-09-04,15:29,EIDPARRY,3.0805
2026-09-04,15:29,EIMCOELECO,26.0004
2026-09-04,15:29,ELANTAS,31.8692
2026-09-04,15:29,ELDEHSG,1.3876
2026-09-04,15:29,ELECON,2.8697
2026-09-04,15:29,ELECTCAST,16.1026
2026-09-04,15:29,ELGIEQUIP,11.2247
2026-09-04,15:29,ELPROINTL,-1.4276
2026-09-04,15:29,EMCURE,2.4774
2026-09-04,15:29,EMIL,34.0173
2026-09-04,15:29,EMKAY,11.5866
2026-09-04,15:29,EMUDHRA,15.1508
2026-09-04,15:29,ENDURANCE,5.6492
2026-09-04,15:29,ENGINERSIN,24.0842
2026-09-04,15:29,ENTERO,48.6337
2026-09-04,15:29,EPIGRAL,4.9024
2026-09-04,15:29,EPL,6.0242
2026-09-04,15:29,ESABINDIA,7.3989
2026-09-04,15:29,ESAFSFB,7.0302
2026-09-04,15:29,ESCORTS,2.1927
2026-09-04,15:29,ESTER,5.693
2026-09-04,15:29,ETERNAL,15.2679
2026-09-04,15:29,ETHOSLTD,8.9746
2026-09-04,15:29,EXCELINDUS,10.6474
2026-09-04,15:29,EXICOM,10.9482
2026-09-04,15:29,EXPLEOSOL,12.1577
2026-09-04,15:29,FABTECH,0.3139
2026-09-04,15:29,FACT,-0.9761
2026-09-04,15:29,FCL,30.1086
2026-09-04,15:29,FEDDERSHOL,3.5933
2026-09-04,15:29,FEDFINA,7.3274
2026-09-04,15:29,FILATEX,5.2689
2026-09-04,15:29,FINCABLES,22.1544
2026-09-04,15:29,FINEORG,6.6998
2026-09-04,15:29,FINKURVE,16.3475
2026-09-04,15:29,FLUOROCHEM,-0.4307
2026-09-04,15:29,FMGOETZE,4.7196
2026-09-04,15:29,FORCEMOT,-0.681
2026-09-04,15:29,FOSECOIND,24.0689
2026-09-04,15:29,FRACTAL,4.919
2026-09-04,15:29,FSL,4.2669
2026-09-04,15:29,GABRIEL,-0.7554
2026-09-04,15:29,GAEL,10.6634
2026-09-04,15:29,GAIL,1.988
2026-09-04,15:29,GALAXYSURF,11.3111
2026-09-04,15:29,GALLANTT,10.1305
2026-09-04,15:29,GANDHITUBE,3.7039
2026-09-04,15:29,GANESHBE,10.6095
2026-09-04,15:29,GANESHCP,1.5247
2026-09-04,15:29,GARFIBRES,6.961
2026-09-04,15:29,GARUDA,2.3127
2026-09-04,15:29,GAYAPROJ,4.9686
2026-09-04,15:29,GCSL,12.081
2026-09-04,15:29,GEECEE,9.5915
2026-09-04,15:29,GENUSPOWER,7.0342
2026-09-04,15:29,GEOJITFSL,8.6277
2026-09-04,15:29,GFLLIMITED,36.6921
2026-09-04,15:29,GHCL,0.0917
2026-09-04,15:29,GHCLTEXTIL,18.0452
2026-09-04,15:29,GICRE,0.2657
2026-09-04,15:29,GIPCL,30.4967
2026-09-04,15:29,GKSL,34.7972
2026-09-04,15:29,GLAND,23.2204
2026-09-04,15:29,GLAXO,17.651
2026-09-04,15:29,GLENMARK,11.1861
2026-09-04,15:29,GLOBAL,18.0998
2026-09-04,15:29,GLOBUSSPR,3.8446
2026-09-04,15:29,GMBREW,1.7027
2026-09-04,15:29,GMDCLTD,0.0711
2026-09-04,15:29,GMMPFAUDLR,42.058
2026-09-04,15:29,GNA,8.6884
2026-09-04,15:29,GNFC,18.6164
2026-09-04,15:29,GNRL,7.2841
2026-09-04,15:29,GOCLCORP,7.7922
2026-09-04,15:29,GOCOLORS,0.7712
2026-09-04,15:29,GODIGIT,0.8197
2026-09-04,15:29,GODREJAGRO,12.4215
2026-09-04,15:29,GOKULAGRO,10.1177
2026-09-04,15:29,GOLDIAM,-1.2017
2026-09-04,15:29,GOPAL,2.6525
2026-09-04,15:29,GPIL,0.2165
2026-09-04,15:29,GPPL,8.3026
2026-09-04,15:29,GPTHEALTH,-0.9208
2026-09-04,15:29,GRANULES,1.7695
2026-09-04,15:29,GRAPHITE,9.045
2026-09-04,15:29,GRASIM,7.529
2026-09-04,15:29,GREENPLY,2.1969
2026-09-04,15:29,GRINFRA,-0.0862
2026-09-04,15:29,GRPLTD,0.274
2026-09-04,15:29,GRSE,-1.2706
2026-09-04,15:29,GRWRHITECH,2.6583
2026-09-04,15:29,GSFC,5.383
2026-09-04,15:29,GSPCROP,16.7295
2026-09-04,15:29,GUFICBIO,17.4343
2026-09-04,15:29,GUJALKALI,6.9354
2026-09-04,15:29,GUJENERGY,-0.7007
2026-09-04,15:29,GUJTHEM,14.1054
2026-09-04,15:29,GULFOILLUB,5.1295
2026-09-04,15:29,GVT&D,3.5816
2026-09-04,15:29,GYFTR,22.0922
2026-09-04,15:29,HAL,6.1792
2026-09-04,15:29,HALDYNGL,24.1594
2026-09-04,15:29,HAPPYFORGE,38.5639
2026-09-04,15:29,HARSHA,12.0054
2026-09-04,15:29,HATSUN,31.7923
2026-09-04,15:29,HBLENGINE,-0.408
2026-09-04,15:29,HCC,7.2328
2026-09-04,15:29,HCG,5.0484
2026-09-04,15:29,HCLTECH,1.7624
2026-09-04,15:29,HDBFS,-1.2726
2026-09-04,15:29,HDFCLIFE,-1.5584
2026-09-04,15:29,HEG,13.2317
2026-09-04,15:29,HEIDELBERG,2.4039
2026-09-04,15:29,HERANBA,-0.6459
2026-09-04,15:29,HERITGFOOD,14.0322
2026-09-04,15:29,HEROMOTOCO,5.7652
2026-09-04,15:29,HESTERBIO,1.6051
2026-09-04,15:29,HEXAGON,2.6256
2026-09-04,15:29,HEXATRADEX,1.6834
2026-09-04,15:29,HFCL,17.5718
2026-09-04,15:29,HIKAL,2.2539
2026-09-04,15:29,HINDALCO,7.2338
2026-09-04,15:29,HINDCOPPER,7.9685
2026-09-04,15:29,HINDOILEXP,14.1693
2026-09-04,15:29,HINDZINC,12.9805
2026-09-04,15:29,HITECHCORP,5.2303
2026-09-04,15:29,HMT,8.9917
2026-09-04,15:29,HNDFDS,6.5575
2026-09-04,15:29,HOMEFIRST,3.075
2026-09-04,15:29,HONASA,5.0045
2026-09-04,15:29,HTMEDIA,7.6669
2026-09-04,15:29,HYUNDAI,12.9264
2026-09-04,15:29,ICICIBANK,-0.677
2026-09-04,15:29,ICICIPRULI,-1.1987
2026-09-04,15:29,ICIL,11.4884
2026-09-04,15:29,ICRA,1.6757
2026-09-04,15:29,IDBI,6.7114
2026-09-04,15:29,IDFCFIRSTB,7.3276
2026-09-04,15:29,IFBIND,0.1227
2026-09-04,15:29,IFCI,44.5807
2026-09-04,15:29,IFGLEXPOR,3.5514
2026-09-04,15:29,IGL,5.8327
2026-09-04,15:29,IGPL,25.6561
2026-09-04,15:29,IIFL,16.9976
2026-09-04,15:29,IIFLCAPS,0.2939
2026-09-04,15:29,IKIO,3.6715
2026-09-04,15:29,IKS,0.0057
2026-09-04,15:29,IMAGICAA,18.6884
2026-09-04,15:29,IMPAL,3.5777
2026-09-04,15:29,INDGN,22.0948
2026-09-04,15:29,INDHOTEL,-1.0241
2026-09-04,15:29,INDIANB,6.4883
2026-09-04,15:29,INDIANHUME,0.1679
2026-09-04,15:29,INDIGO,-0.1605
2026-09-04,15:29,INDIGOPNTS,13.0518
2026-09-04,15:29,INDIQUBE,7.2969
2026-09-04,15:29,INDOBORAX,23.7443
2026-09-04,15:29,INDOCO,7.8424
2026-09-04,15:29,INDORAMA,50.6504
2026-09-04,15:29,INDOSTAR,-0.7063
2026-09-04,15:29,INDOTECH,7.1709
2026-09-04,15:29,INDSWFTLAB,56.4684
2026-09-04,15:29,INDUSINDBK,1.2499
2026-09-04,15:29,INFOBEAN,3.0191
2026-09-04,15:29,INFY,8.5599
2026-09-04,15:29,INGERRAND,11.2624
2026-09-04,15:29,INNOVACAP,23.6677
2026-09-04,15:29,INOXINDIA,12.1657
2026-09-04,15:29,INSECTICID,0.3814
2026-09-04,15:29,INTLCONV,8.1679
2026-09-04,15:29,INVPRECQ,29.9791
2026-09-04,15:29,IOB,-0.974
2026-09-04,15:29,IOC,-0.6283
2026-09-04,15:29,IOLCP,33.9968
2026-09-04,15:29,IPCALAB,11.4937
2026-09-04,15:29,IRIS,8.7607
2026-09-04,15:29,IRISDOREME,32.9291
2026-09-04,15:29,IRMENERGY,10.548
2026-09-04,15:29,ITCHOTELS,0.8192
2026-09-04,15:29,ITI,-0.9631
2026-09-04,15:29,JAGSNPHARM,9.2279
2026-09-04,15:29,JAIBALAJI,13.8635
2026-09-04,15:29,JAICORPLTD,-0.8073
2026-09-04,15:29,JAYAGROGN,3.7244
2026-09-04,15:29,JAYNECOIND,2.6279
2026-09-04,15:29,JGCHEM,18.3635
2026-09-04,15:29,JINDALPOLY,5.4915
2026-09-04,15:29,JINDALSAW,19.5614
2026-09-04,15:29,JINDALSTEL,12.4734
2026-09-04,15:29,JINDRILL,9.5769
2026-09-04,15:29,JINDWORLD,52.0222
2026-09-04,15:29,JIOFIN,2.0408
2026-09-04,15:29,JISLJALEQS,1.6464
2026-09-04,15:29,JKIL,0.35
2026-09-04,15:29,JKPAPER,1.0836
2026-09-04,15:29,JMFINANCIL,8.2016
2026-09-04,15:29,JSFB,-0.3445
2026-09-04,15:29,JSL,3.3042
2026-09-04,15:29,JSWDULUX,7.8332
2026-09-04,15:29,JSWHL,5.5867
2026-09-04,15:29,JSWINFRA,3.1918
2026-09-04,15:29,JSWSTEEL,6.7859
2026-09-04,15:29,JTLIND,26.1977
2026-09-04,15:29,JUBLCPL,20.0432
2026-09-04,15:29,JUBLFOOD,15.4094
2026-09-04,15:29,JUNIPER,12.3012
2026-09-04,15:29,JWL,-1.3425
2026-09-04,15:29,JYOTHYLAB,1.4957
2026-09-04,15:29,JYOTICNC,26.2688
2026-09-04,15:29,KABRAEXTRU,53.7022
2026-09-04,15:29,KAJARIACER,2.0331
2026-09-04,15:29,KALPATARU,4.2425
2026-09-04,15:29,KALYANKJIL,4.4024
2026-09-04,15:29,KAMATHOTEL,33.3511
2026-09-04,15:29,KAMDHENU,8.5778
2026-09-04,15:29,KANPRPLA,13.0847
2026-09-04,15:29,KANSAINER,0.5228
2026-09-04,15:29,KAPSTON,26.7745
2026-09-04,15:29,KARURVYSYA,2.936
2026-09-04,15:29,KAYA,22.1031
2026-09-04,15:29,KAYNES,13.28
2026-09-04,15:29,KCP,-0.1599
2026-09-04,15:29,KDDL,24.7448
2026-09-04,15:29,KECL,1.2495
2026-09-04,15:29,KEI,-0.3698
2026-09-04,15:29,KENNAMET,68.4753
2026-09-04,15:29,KFINTECH,8.295
2026-09-04,15:29,KHAICHEM,14.4108
2026-09-04,15:29,KILITCH,0.5222
2026-09-04,15:29,KINGFA,13.8239
2026-09-04,15:29,KIOCL,9.5627
2026-09-04,15:29,KIRANVYPAR,2.5409
2026-09-04,15:29,KIRIINDUS,37.8622
2026-09-04,15:29,KIRLOSBROS,1.4106
2026-09-04,15:29,KIRLOSENG,0.8889
2026-09-04,15:29,KIRLOSIND,-1.4837
2026-09-04,15:29,KKCL,2.389
2026-09-04,15:29,KLBRENG-B,6.4505
2026-09-04,15:29,KMEW,24.8159
2026-09-04,15:29,KNRCON,2.8378
2026-09-04,15:29,KOLTEPATIL,12.9329
2026-09-04,15:29,KOPRAN,17.0071
2026-09-04,15:29,KOTAKBANK,10.3314
2026-09-04,15:29,KOTHARIPET,-0.9559
2026-09-04,15:29,KOVAI,3.7211
2026-09-04,15:29,KPIL,8.2083
2026-09-04,15:29,KPITTECH,-1.3289
2026-09-04,15:29,KPL,18.1112
2026-09-04,15:29,KPRMILL,11.757
2026-09-04,15:29,KRBL,20.2994
2026-09-04,15:29,KRISHANA,13.6254
2026-09-04,15:29,KRN,27.9439
2026-09-04,15:29,KRONOX,19.6256
2026-09-04,15:29,KROSS,2.6391
2026-09-04,15:29,KRSNAA,2.79
2026-09-04,15:29,KRYSTAL,8.846
2026-09-04,15:29,KSHINTL,22.438
2026-09-04,15:29,KSL,5.325
2026-09-04,15:29,KTKBANK,21.5946
2026-09-04,15:29,KWIL,31.625
2026-09-04,15:29,LALPATHLAB,6.7247
2026-09-04,15:29,LANDMARK,-0.5168
2026-09-04,15:29,LAURUSLABS,14.9138
2026-09-04,15:29,LAXMIINDIA,2.6952
2026-09-04,15:29,LENSKART,23.2056
2026-09-04,15:29,LGBBROSLTD,10.5427
2026-09-04,15:29,LGEINDIA,7.4319
2026-09-04,15:29,LICHSGFIN,4.2861
2026-09-04,15:29,LICI,-1.4123
2026-09-04,15:29,LINCOLN,7.0345
2026-09-04,15:29,LMW,19.1017
2026-09-04,15:29,LODHA,6.8088
2026-09-04,15:29,LOKESHMACH,7.5516
2026-09-04,15:29,LOTUSDEV,7.129
2026-09-04,15:29,LT,4.7152
2026-09-04,15:29,LTF,3.836
2026-09-04,15:29,LTFOODS,18.4238
2026-09-04,15:29,LTM,11.2958
2026-09-04,15:29,LTTS,2.2001
2026-09-04,15:29,LUMAXIND,20.2159
2026-09-04,15:29,LUMAXTECH,33.1628
2026-09-04,15:29,M&M,0.272
2026-09-04,15:29,M&MFIN,4.8107
2026-09-04,15:29,MAANALU,2.6467
2026-09-04,15:29,MACPOWER,41.6809
2026-09-04,15:29,MAGADSUGAR,11.785
2026-09-04,15:29,MAHABANK,6.0718
2026-09-04,15:29,MAHASTEEL,69.3405
2026-09-04,15:29,MAHSCOOTER,7.339
2026-09-04,15:29,MAHSEAMLES,20.3919
2026-09-04,15:29,MAITHANALL,13.6819
2026-09-04,15:29,MAMATA,4.3242
2026-09-04,15:29,MANAKSTEEL,51.7251
2026-09-04,15:29,MANALIPETC,29.9386
2026-09-04,15:29,MANGLMCEM,11.2952
2026-09-04,15:29,MANINDS,49.5307
2026-09-04,15:29,MANINFRA,29.0856
2026-09-04,15:29,MANORAMA,25.7269
2026-09-04,15:29,MANYAVAR,47.7007
2026-09-04,15:29,MARATHON,14.4089
2026-09-04,15:29,MARINE,69.6036
2026-09-04,15:29,MARKSANS,32.6634
2026-09-04,15:29,MARSONS,25.1456
2026-09-04,15:29,MASTEK,4.8495
2026-09-04,15:29,MASTERTR,5.2532
2026-09-04,15:29,MATRIMONY,24.1756
2026-09-04,15:29,MAWANASUG,32.077
2026-09-04,15:29,MAXESTATES,40.0232
2026-09-04,15:29,MAZDA,24.7747
2026-09-04,15:29,MAZDOCK,7.8996
2026-09-04,15:29,MBAPL,12.054
2026-09-04,15:29,MCLOUD,-1.2026
2026-09-04,15:29,MCX,19.978
2026-09-04,15:29,MEDANTA,7.2064
2026-09-04,15:29,MEDIASSIST,0.0882
2026-09-04,15:29,MEESHO,12.8266
2026-09-04,15:29,MEIL,0.1581
2026-09-04,15:29,MENONBE,50.3485
2026-09-04,15:29,MERCURYEV,4.6426
2026-09-04,15:29,METROPOLIS,3.2354
2026-09-04,15:29,MFSL,2.1709
2026-09-04,15:29,MGL,1.8199
2026-09-04,15:29,MICEL,1.5759
2026-09-04,15:29,MIDHANI,6.6463
2026-09-04,15:29,MINDACORP,3.8953
2026-09-04,15:29,MMFL,14.1796
2026-09-04,15:29,MMP,43.4682
2026-09-04,15:29,MMTC,4.3238
2026-09-04,15:29,MODISONLTD,70.0869
2026-09-04,15:29,MOL,22.4018
2026-09-04,15:29,MOLDTECH,55.153
2026-09-04,15:29,MONARCH,5.6324
2026-09-04,15:29,MONTECARLO,6.9633
2026-09-04,15:29,MOREPENLAB,111.4126
2026-09-04,15:29,MOTHERSON,10.4088
2026-09-04,15:29,MOTILALOFS,18.9288
2026-09-04,15:29,MPHASIS,5.852
2026-09-04,15:29,MRF,-0.6195
2026-09-04,15:29,MRPL,2.9926
2026-09-04,15:29,MSPL,0.0848
2026-09-04,15:29,MSTCLTD,20.9157
2026-09-04,15:29,MTARTECH,23.3592
2026-09-04,15:29,MUFIN,10.6499
2026-09-04,15:29,MUKKA,36.6173
2026-09-04,15:29,MUNJALAU,12.5388
2026-09-04,15:29,MVGJL,15.4982
2026-09-04,15:29,NAHARINDUS,17.9955
2026-09-04,15:29,NAHARSPING,5.1715
2026-09-04,15:29,NAM-INDIA,4.2607
2026-09-04,15:29,NATIONALUM,8.7816
2026-09-04,15:29,NAUKRI,13.239
2026-09-04,15:29,NAVA,0.9733
2026-09-04,15:29,NAVINFLUOR,13.7965
2026-09-04,15:29,NAZARA,21.9484
2026-09-04,15:29,NCC,9.1983
2026-09-04,15:29,NEOGEN,3.6407
2026-09-04,15:29,NEPHROPLUS,3.5582
2026-09-04,15:29,NESCO,-0.7861
2026-09-04,15:29,NETWEB,24.9519
2026-09-04,15:29,NETWORK18,-0.8386
2026-09-04,15:29,NEULANDLAB,22.1827
2026-09-04,15:29,NEWGEN,3.7769
2026-09-04,15:29,NFL,0.2845
2026-09-04,15:29,NIACL,32.7425
2026-09-04,15:29,NIITLTD,4.5868
2026-09-04,15:29,NILKAMAL,26.2753
2026-09-04,15:29,NIRLON,-0.0967
2026-09-04,15:29,NITINSPIN,19.404
2026-09-04,15:29,NMDC,1.3643
2026-09-04,15:29,NOCIL,7.701
2026-09-04,15:29,NORTHARC,0.9185
2026-09-04,15:29,NOVARTIND,0.3351
2026-09-04,15:29,NPST,13.1385
2026-09-04,15:29,NRAIL,14.746
2026-09-04,15:29,NRBBEARING,12.4104
2026-09-04,15:29,NRL,20.8762
2026-09-04,15:29,NSIL,4.9335
2026-09-04,15:29,NSLNISP,11.1326
2026-09-04,15:29,NUCLEUS,0.6349
2026-09-04,15:29,NUVOCO,-1.0954
2026-09-04,15:29,NYKAA,3.005
2026-09-04,15:29,OAL,39.3834
2026-09-04,15:29,OBEROIRLTY,2.987
2026-09-04,15:29,OCCLLTD,13.0864
2026-09-04,15:29,OFSS,13.1994
2026-09-04,15:29,OIL,8.5714
2026-09-04,15:29,OLAELEC,3.0205
2026-09-04,15:29,OMAXE,55.5784
2026-09-04,15:29,OMPOWER,3.8298
2026-09-04,15:29,ONEPOINT,5.6132
2026-09-04,15:29,ORBTEXP,-1.6581
2026-09-04,15:29,ORICONENT,-1.5991
2026-09-04,15:29,ORIENTBELL,31.4867
2026-09-04,15:29,ORIENTCER,7.7017
2026-09-04,15:29,ORIENTELEC,4.949
2026-09-04,15:29,ORIENTHOT,3.7748
2026-09-04,15:29,ORISSAMINE,15.0707
2026-09-04,15:29,ORKLAINDIA,6.7176
2026-09-04,15:29,OSWALGREEN,-1.5451
2026-09-04,15:29,PAISALO,5.6007
2026-09-04,15:29,PANACHE,25.478
2026-09-04,15:29,PANAMAPET,-0.562
2026-09-04,15:29,PARACABLES,6.2784
2026-09-04,15:29,PARADEEP,15.3818
2026-09-04,15:29,PARAGMILK,16.5266
2026-09-04,15:29,PARAS,18.3819
2026-09-04,15:29,PARKHOSPS,2.1409
2026-09-04,15:29,PASUPTAC,16.8019
2026-09-04,15:29,PATANJALI,0.4546
2026-09-04,15:29,PAUSHAKLTD,39.6569
2026-09-04,15:29,PAYTM,29.3251
2026-09-04,15:29,PCBL,-0.2831
2026-09-04,15:29,PDMJEPAPER,1.6354
2026-09-04,15:29,PDSL,1.8466
2026-09-04,15:29,PENIND,4.1268
2026-09-04,15:29,PERSISTENT,8.5088
2026-09-04,15:29,PETRONET,4.878
2026-09-04,15:29,PFIZER,-0.3006
2026-09-04,15:29,PFOCUS,6.1219
2026-09-04,15:29,PGIL,15.3862
2026-09-04,15:29,PIDILITIND,3.7303
2026-09-04,15:29,PILANIINVS,0.2876
2026-09-04,15:29,PINELABS,14.2102
2026-09-04,15:29,PITTIENG,17.8407
2026-09-04,15:29,PIXTRANS,1.4495
2026-09-04,15:29,PLATIND,1.6329
2026-09-04,15:29,PNB,5.9975
2026-09-04,15:29,PNBHOUSING,10.2079
2026-09-04,15:29,PNGSREVA,27.1955
2026-09-04,15:29,POLICYBZR,19.4379
2026-09-04,15:29,POLYMED,2.3137
2026-09-04,15:29,POLYPLEX,5.4963
2026-09-04,15:29,POONAWALLA,1.9034
2026-09-04,15:29,POWERINDIA,1.8668
2026-09-04,15:29,PPLPHARMA,18.1773
2026-09-04,15:29,PRABHA,64.8792
2026-09-04,15:29,PRAJIND,3.7249
2026-09-04,15:29,PRAKASH,1.5028
2026-09-04,15:29,PRECWIRE,26.9262
2026-09-04,15:29,PREMEXPLN,0.287
2026-09-04,15:29,PREMIERENE,-1.6972
2026-09-04,15:29,PREMIERPOL,20.2522
2026-09-04,15:29,PRESTIGE,-0.3641
2026-09-04,15:29,PRICOLLTD,21.6717
2026-09-04,15:29,PRIMESECU,3.6619
2026-09-04,15:29,PRINCEPIPE,8.3461
2026-09-04,15:29,PROSTARM,8.9432
2026-09-04,15:29,PROZONER,13.6073
2026-09-04,15:29,PRSMJOHNSN,2.8698
2026-09-04,15:29,PRUDENT,17.094
2026-09-04,15:29,PTCIL,34.3898
2026-09-04,15:29,PTL,-1.3245
2026-09-04,15:29,PURVA,8.1415
2026-09-04,15:29,PVP,148.7734
2026-09-04,15:29,PVRINOX,15.3438
2026-09-04,15:29,PWL,-1.2729
2026-09-04,15:29,QPOWER,35.2723
2026-09-04,15:29,QUADFUTURE,15.7457
2026-09-04,15:29,QUESS,20.0914
2026-09-04,15:29,RACLGEAR,19.81
2026-09-04,15:29,RADHIKAJWE,30.6931
2026-09-04,15:29,RADICO,9.8428
2026-09-04,15:29,RAINBOW,-0.7271
2026-09-04,15:29,RAJPALAYAM,-1.5413
2026-09-04,15:29,RAJRATAN,2.0582
2026-09-04,15:29,RAJRILTD,5.9981
2026-09-04,15:29,RAMBHAJO,38.4449
2026-09-04,15:29,RAMRAT,35.39
2026-09-04,15:29,RATNAMANI,13.886
2026-09-04,15:29,RATNAVEER,70.6231
2026-09-04,15:29,RAYMOND,25.9092
2026-09-04,15:29,RBA,49.0945
2026-09-04,15:29,RBLBANK,17.4129
2026-09-04,15:29,RBZJEWEL,42.4242
2026-09-04,15:29,REDINGTON,43.3314
2026-09-04,15:29,REGAAL,16.9993
2026-09-04,15:29,RELIANCE,3.4429
2026-09-04,15:29,RELIGARE,-0.3759
2026-09-04,15:29,RENUKA,8.1422
2026-09-04,15:29,RGL,26.3737
2026-09-04,15:29,RIIL,2.9333
2026-09-04,15:29,RISHABH,18.6646
2026-09-04,15:29,RITCO,1.5478
2026-09-04,15:29,RITES,0.9827
2026-09-04,15:29,RKFORGE,20.6905
2026-09-04,15:29,RMDRIP,16.6759
2026-09-04,15:29,RML,14.6408
2026-09-04,15:29,ROLEXRINGS,22.9734
2026-09-04,15:29,ROSSTECH,17.004
2026-09-04,15:29,RPEL,38.674
2026-09-04,15:29,RPTECH,5.6165
2026-09-04,15:29,RRKABEL,-1.5841
2026-09-04,15:29,RSL,36.7541
2026-09-04,15:29,RSWM,4.2133
2026-09-04,15:29,RSYSTEMS,4.3216
2026-09-04,15:29,RUBICON,16.3202
2026-09-04,15:29,RUBYMILLS,5.143
2026-09-04,15:29,SAFARI,0.0975
2026-09-04,15:29,SAGILITY,15.8338
2026-09-04,15:29,SAIL,21.8953
2026-09-04,15:29,SAILIFE,28.5019
2026-09-04,15:29,SAKAR,26.3899
2026-09-04,15:29,SALSTEEL,43.4844
2026-09-04,15:29,SAMBHV,11.0162
2026-09-04,15:29,SAMMAANCAP,-1.4006
2026-09-04,15:29,SANDESH,7.3851
2026-09-04,15:29,SANDHAR,5.0593
2026-09-04,15:29,SANDUMA,1.4305
2026-09-04,15:29,SANSERA,18.7741
2026-09-04,15:29,SANSTAR,2.1474
2026-09-04,15:29,SAPPHIRE,27.529
2026-09-04,15:29,SARDAEN,1.2544
2026-09-04,15:29,SAREGAMA,-0.7553
2026-09-04,15:29,SARLAPOLY,0.19
2026-09-04,15:29,SASKEN,3.3114
2026-09-04,15:29,SATIA,4.8139
2026-09-04,15:29,SAURASHCEM,3.5034
2026-09-04,15:29,SAYAJIHOTL,6.5921
2026-09-04,15:29,SBC,8.7711
2026-09-04,15:29,SBCL,48.3525
2026-09-04,15:29,SBFC,8.5702
2026-09-04,15:29,SBICARD,6.3838
2026-09-04,15:29,SBIN,0.1084
2026-09-04,15:29,SCI,7.361
2026-09-04,15:29,SCPL,13.2434
2026-09-04,15:29,SDBL,1.5228
2026-09-04,15:29,SEAMECLTD,28.4538
2026-09-04,15:29,SEDEMAC,4.6557
2026-09-04,15:29,SEIL,-1.2154
2026-09-04,15:29,SENORES,2.9477
2026-09-04,15:29,SESHAPAPER,1.2422
2026-09-04,15:29,SETL,49.9633
2026-09-04,15:29,SGIL,1.6602
2026-09-04,15:29,SGMART,15.5841
2026-09-04,15:29,SHADOWFAX,21.0136
2026-09-04,15:29,SHAILY,10.3916
2026-09-04,15:29,SHALPAINTS,24.0493
2026-09-04,15:29,SHANTIGEAR,48.0357
2026-09-04,15:29,SHANTIGOLD,21.3214
2026-09-04,15:29,SHARDAMOTR,6.7155
2026-09-04,15:29,SHILPAMED,59.0482
2026-09-04,15:29,SHINDL,2.7195
2026-09-04,15:29,SHIVALIK,29.0195
2026-09-04,15:29,SHIVAUM,14.5176
2026-09-04,15:29,SHK,7.2663
2026-09-04,15:29,SHOPERSTOP,1.0589
2026-09-04,15:29,SHREEJISPG,8.6849
2026-09-04,15:29,SHREEPUSHK,22.8512
2026-09-04,15:29,SHREERAMA,9.8059
2026-09-04,15:29,SHRINGARMS,-0.7967
2026-09-04,15:29,SHRIPISTON,9.0627
2026-09-04,15:29,SHRIRAMFIN,3.5718
2026-09-04,15:29,SHYAMMETL,3.6839
2026-09-04,15:29,SICALLOG,10.5697
2026-09-04,15:29,SIEMENS,7.7836
2026-09-04,15:29,SIGACHI,36.2353
2026-09-04,15:29,SIGMAADV,45.7744
2026-09-04,15:29,SIGNATURE,3.6702
2026-09-04,15:29,SILINV,15.3874
2026-09-04,15:29,SIMPLEXINF,13.0617
2026-09-04,15:29,SINDHUTRAD,3.3947
2026-09-04,15:29,SIRCA,11.6406
2026-09-04,15:29,SIS,-1.5084
2026-09-04,15:29,SJS,-1.2631
2026-09-04,15:29,SKFINDIA,4.6067
2026-09-04,15:29,SKFINDUS,9.9334
2026-09-04,15:29,SKIPPER,11.8131
2026-09-04,15:29,SKYGOLD,19.5426
2026-09-04,15:29,SMARTWORKS,12.2164
2026-09-04,15:29,SMCGLOBAL,7.6729
2026-09-04,15:29,SMLMAH,63.8357
2026-09-04,15:29,SMSPHARMA,2.9913
2026-09-04,15:29,SNOWMAN,1.2363
2026-09-04,15:29,SOFTTECH,1.0387
2026-09-04,15:29,SOLARA,29.9217
2026-09-04,15:29,SOLARINDS,15.9565
2026-09-04,15:29,SOMANYCERA,12.2106
2026-09-04,15:29,SONACOMS,9.8962
2026-09-04,15:29,SONATSOFTW,-0.9892
2026-09-04,15:29,SOTL,14.7116
2026-09-04,15:29,SOUTHBANK,1.6552
2026-09-04,15:29,SPAL,6.8109
2026-09-04,15:29,SPECIALITY,1.3505
2026-09-04,15:29,SPECTRUM,3.8043
2026-09-04,15:29,SPIC,9.7629
2026-09-04,15:29,SPLPETRO,3.9711
2026-09-04,15:29,SPORTKING,7.2424
2026-09-04,15:29,SREEL,16.4715
2026-09-04,15:29,SRHHYPOLTD,11.1332
2026-09-04,15:29,SSWL,25.5073
2026-09-04,15:29,STAR,3.8824
2026-09-04,15:29,STEELCAS,6.9786
2026-09-04,15:29,STEL,9.4231
2026-09-04,15:29,STLNETWORK,13.1713
2026-09-04,15:29,STLTECH,32.7484
2026-09-04,15:29,STOVEKRAFT,7.648
2026-09-04,15:29,STYL,-0.2471
2026-09-04,15:29,STYLAMIND,-0.8605
2026-09-04,15:29,STYLEBAAZA,42.7425
2026-09-04,15:29,SUDARCOLOR,6.3367
2026-09-04,15:29,SUDARSCHEM,17.4583
2026-09-04,15:29,SUDEEPPHRM,61.098
2026-09-04,15:29,SULA,-0.5274
2026-09-04,15:29,SUNDARMFIN,4.5168
2026-09-04,15:29,SUNDRMFAST,28.8858
2026-09-04,15:29,SUNFLAG,-1.4339
2026-09-04,15:29,SUPRAJIT,-1.0321
2026-09-04,15:29,SUPREMEIND,0.4655
2026-09-04,15:29,SUPREMEINF,1.0784
2026-09-04,15:29,SUPRIYA,1.4694
2026-09-04,15:29,SURAKSHA,31.4291
2026-09-04,15:29,SUTLEJTEX,8.7211
2026-09-04,15:29,SUVEN,19.6203
2026-09-04,15:29,SVLL,3.503
2026-09-04,15:29,SWANDEF,3.8102
2026-09-04,15:29,SWARAJENG,-0.3138
2026-09-04,15:29,SWIGGY,9.8162
2026-09-04,15:29,SYNCOMF,57.2192
2026-09-04,15:29,SYRMA,13.1181
2026-09-04,15:29,SYSTMTXC,0.2664
2026-09-04,15:29,TAALTECH,17.9791
2026-09-04,15:29,TALBROAUTO,4.0842
2026-09-04,15:29,TARIL,2.017
2026-09-04,15:29,TARSONS,7.2902
2026-09-04,15:29,TASTYBITE,10.9234
2026-09-04,15:29,TATACAP,9.6958
2026-09-04,15:29,TATACOMM,-1.0815
2026-09-04,15:29,TATAELXSI,0.5653
2026-09-04,15:29,TATAINVEST,0.4677
2026-09-04,15:29,TATAPOWER,-1.7094
2026-09-04,15:29,TATASTEEL,3.3503
2026-09-04,15:29,TATATECH,12.5176
2026-09-04,15:29,TBOTEK,18.1875
2026-09-04,15:29,TBZ,85.7352
2026-09-04,15:29,TCIEXP,-1.4702
2026-09-04,15:29,TCPLPACK,26.8216
2026-09-04,15:29,TCS,2.2047
2026-09-04,15:29,TECHM,2.3982
2026-09-04,15:29,TECHNOE,-1.2402
2026-09-04,15:29,TEGA,-0.7883
2026-09-04,15:29,TEJASNET,23.9705
2026-09-04,15:29,TEXINFRA,2.3128
2026-09-04,15:29,TEXRAIL,5.3688
2026-09-04,15:29,TFCILTD,64.1572
2026-09-04,15:29,THEJO,11.9286
2026-09-04,15:29,THELEELA,16.7158
2026-09-04,15:29,THEMISMED,9.6122
2026-09-04,15:29,THOMASCOOK,14.1032
2026-09-04,15:29,THYROCARE,2.109
2026-09-04,15:29,TI,21.1182
2026-09-04,15:29,TIIL,24.473
2026-09-04,15:29,TIL,19.6272
2026-09-04,15:29,TIMEX,15.7208
2026-09-04,15:29,TIMKEN,-0.0544
2026-09-04,15:29,TITAGARH,6.3945
2026-09-04,15:29,TITAN,7.3338
2026-09-04,15:29,TMB,15.9043
2026-09-04,15:29,TMCV,12.8155
2026-09-04,15:29,TNPETRO,39.6842
2026-09-04,15:29,TNPL,4.0067
2026-09-04,15:29,TRANSPEK,35.8343
2026-09-04,15:29,TRAVELFOOD,0.7774
2026-09-04,15:29,TREL,12.829
2026-09-04,15:29,TRENT,-1.2974
2026-09-04,15:29,TRIVENI,10.8363
2026-09-04,15:29,TRUALT,-0.8626
2026-09-04,15:29,TTKHLTCARE,5.0611
2026-09-04,15:29,TURTLEMINT,10.7711
2026-09-04,15:29,TVSMOTOR,6.7929
2026-09-04,15:29,TVSSRICHAK,32.12
2026-09-04,15:29,UDS,18.8081
2026-09-04,15:29,UEL,101.3669
2026-09-04,15:29,UFBL,3.7786
2026-09-04,15:29,UFLEX,41.1912
2026-09-04,15:29,UGARSUGAR,34.3152
2026-09-04,15:29,ULTRAMAR,15.191
2026-09-04,15:29,UNICHEMLAB,2.3914
2026-09-04,15:29,UNIECOM,3.8398
2026-09-04,15:29,UNIMECH,21.4401
2026-09-04,15:29,UNIONBANK,9.8065
2026-09-04,15:29,UNIPARTS,26.7658
2026-09-04,15:29,UNITDSPR,0.3067
2026-09-04,15:29,UNITEDPOLY,38.0842
2026-09-04,15:29,UNIVASTU,36.1093
2026-09-04,15:29,UNIVCABLES,27.6563
2026-09-04,15:29,UNIVPHOTO,3.0793
2026-09-04,15:29,UNOMINDA,10.8873
2026-09-04,15:29,URBANCO,39.5576
2026-09-04,15:29,USHAMART,3.722
2026-09-04,15:29,UTIAMC,-0.0964
2026-09-04,15:29,UTLSOLAR,11.9724
2026-09-04,15:29,UTTAMSUGAR,23.085
2026-09-04,15:29,V2RETAIL,-1.2723
2026-09-04,15:29,VADILALIND,14.075
2026-09-04,15:29,VALIANTLAB,72.3089
2026-09-04,15:29,VALIANTORG,21.8375
2026-09-04,15:29,VAML,0.4936
2026-09-04,15:29,VARROC,28.5648
2026-09-04,15:29,VEDL,2.815
2026-09-04,15:29,VEEDOL,5.5762
2026-09-04,15:29,VELJAN,7.7474
2026-09-04,15:29,VENKEYS,10.2578
2026-09-04,15:29,VENUSREM,2.7532
2026-09-04,15:29,VERANDA,3.7856
2026-09-04,15:29,VGUARD,15.337
2026-09-04,15:29,VHL,3.5138
2026-09-04,15:29,VIDHIING,11.9788
2026-09-04,15:29,VIDYAWIRES,1.7958
2026-09-04,15:29,VIJAYA,13.6464
2026-09-04,15:29,VIMTALABS,11.4296
2026-09-04,15:29,VINATIORGA,0.8153
2026-09-04,15:29,VINCOFE,9.265
2026-09-04,15:29,VINDHYATEL,44.894
2026-09-04,15:29,VIPIND,6.3135
2026-09-04,15:29,VISACHROME,3.9024
2026-09-04,15:29,VISAKAIND,16.9318
2026-09-04,15:29,VISHNU,11.0057
2026-09-04,15:29,VISL,16.6063
2026-09-04,15:29,VIVIANA,15.3774
2026-09-04,15:29,VIYASH,5.9586
2026-09-04,15:29,VMART,13.7377
2026-09-04,15:29,VOEPL,14.2857
2026-09-04,15:29,VOGL,11.0722
2026-09-04,15:29,VOLTAMP,24.3791
2026-09-04,15:29,VRLLOG,22.4549
2026-09-04,15:29,VSSL,22.9198
2026-09-04,15:29,WAKEFIT,16.8466
2026-09-04,15:29,WELCORP,62.2268
2026-09-04,15:29,WELENT,35.8717
2026-09-04,15:29,WELINV,23.2159
2026-09-04,15:29,WELSPLSOL,16.0819
2026-09-04,15:29,WELSPUNLIV,28.7099
2026-09-04,15:29,WENDT,1.0589
2026-09-04,15:29,WESTLIFE,15.5614
2026-09-04,15:29,WHEELS,19.6435
2026-09-04,15:29,WHIRLPOOL,5.7684
2026-09-04,15:29,WINDLAS,31.2839
2026-09-04,15:29,WINDMACHIN,4.1239
2026-09-04,15:29,WIPRO,-0.4065
2026-09-04,15:29,WOCKPHARMA,12.9515
2026-09-04,15:29,WONDERLA,13.8987
2026-09-04,15:29,WPIL,-1.4541
2026-09-04,15:29,WSTCSTPAPR,17.4691
2026-09-04,15:29,YASHO,34.5736
2026-09-04,15:29,YATHARTH,18.1569
2026-09-04,15:29,YATRA,5.4054
2026-09-04,15:29,YUKEN,42.718
2026-09-04,15:29,ZENTEC,1.8488
2026-09-04,15:29,ZFCVINDIA,9.9672
2026-09-04,15:29,ZIMLAB,4.2359
2026-09-04,15:29,ZUARI,2.5926
2026-09-04,15:29,ZUARIIND,7.5681
2026-09-04,15:29,ZYDUSLIFE,1.0192
2026-09-07,15:29,20MICRONS,10.1961
2026-09-07,15:29,360ONE,0.3708
2026-09-07,15:29,3BBLACKBIO,17.7203
2026-09-07,15:29,63MOONS,19.7448
2026-09-07,15:29,AARTIDRUGS,2.9322
2026-09-07,15:29,AARTIIND,0.9463
2026-09-07,15:29,AARTIPHARM,26.0539
2026-09-07,15:29,ABB,1.4534
2026-09-07,15:29,ABCAPITAL,0.6992
2026-09-07,15:29,ABREL,-1.5998
2026-09-07,15:29,ABSLAMC,5.3275
2026-09-07,15:29,ACE,4.8408
2026-09-07,15:29,ACMESOLAR,14.0039
2026-09-07,15:29,ADOR,7.9514
2026-09-07,15:29,ADVANCE,2.4912
2026-09-07,15:29,AEQUS,1.7668
2026-09-07,15:29,AEROENTER,26.724
2026-09-07,15:29,AEROFLEX,33.4808
2026-09-07,15:29,AETHER,9.4183
2026-09-07,15:29,AFCONS,3.1486
2026-09-07,15:29,AFFLE,8.7353
2026-09-07,15:29,AFSL,0.8705
2026-09-07,15:29,AGARWALEYE,8.8303
2026-09-07,15:29,AGI,3.606
2026-09-07,15:29,AJANTPHARM,3.7654
2026-09-07,15:29,AJAXENGG,5.1777
2026-09-07,15:29,AKCAPIT,-0.9202
2026-09-07,15:29,AKUMS,11.7007
2026-09-07,15:29,ALEMBICLTD,19.8558
2026-09-07,15:29,ALICON,0.4864
2026-09-07,15:29,ALIVUS,22.6402
2026-09-07,15:29,ALKYLAMINE,9.0475
2026-09-07,15:29,AMANTA,23.6938
2026-09-07,15:29,AMBER,2.177
2026-09-07,15:29,AMRUTANJAN,-2.5421
2026-09-07,15:29,ANANDRATHI,8.3768
2026-09-07,15:29,ANANTRAJ,3.4608
2026-09-07,15:29,ANDHRAPAP,15.3539
2026-09-07,15:29,ANDHRSUGAR,13.665
2026-09-07,15:29,ANGELONE,-0.1315
2026-09-07,15:29,ANTELOPUS,12.535
2026-09-07,15:29,ANTHEM,18.0823
2026-09-07,15:29,ANUHPHR,11.9113
2026-09-07,15:29,ANURAS,0.842
2026-09-07,15:29,APARINDS,26.169
2026-09-07,15:29,APCOTEXIND,7.3237
2026-09-07,15:29,APLAPOLLO,19.7362
2026-09-07,15:29,APLLTD,-1.8295
2026-09-07,15:29,APOLLO,2.7993
2026-09-07,15:29,APOLLOHOSP,-0.9442
2026-09-07,15:29,APOLLOPIPE,18.9275
2026-09-07,15:29,APOLLOTYRE,0.2024
2026-09-07,15:29,APTECHT,-2.3893
2026-09-07,15:29,ARFIN,4.4971
2026-09-07,15:29,ARIES,41.2851
2026-09-07,15:29,ARIHANTCAP,0.3843
2026-09-07,15:29,ARIS,1.2342
2026-09-07,15:29,ARMANFIN,2.0267
2026-09-07,15:29,ARROWGREEN,14.0691
2026-09-07,15:29,ARSSBL,0.7415
2026-09-07,15:29,ARTEMISMED,23.3393
2026-09-07,15:29,ARVIND,7.8422
2026-09-07,15:29,ARVSMART,7.8539
2026-09-07,15:29,ASAHIINDIA,8.7115
2026-09-07,15:29,ASHOKLEY,9.635
2026-09-07,15:29,ASIANENE,33.3507
2026-09-07,15:29,ASIANHOTNR,22.6836
2026-09-07,15:29,ASKAUTOLTD,18.8764
2026-09-07,15:29,ASTERDM,-0.7299
2026-09-07,15:29,ASTRAL,2.2104
2026-09-07,15:29,ATHERENERG,31.6405
2026-09-07,15:29,ATL,5.701
2026-09-07,15:29,ATLANTAELE,20.0582
2026-09-07,15:29,AUBANK,0.076
2026-09-07,15:29,AUROPHARMA,7.1382
2026-09-07,15:29,AURUM,-1.9767
2026-09-07,15:29,AVADHSUGAR,57.3208
2026-09-07,15:29,AVALON,36.1243
2026-09-07,15:29,AVTNPL,28.311
2026-09-07,15:29,AWL,0.3358
2026-09-07,15:29,AXISBANK,3.1365
2026-09-07,15:29,AXISCADES,15.9515
2026-09-07,15:29,AYE,10.3411
2026-09-07,15:29,AYMSYNTEX,33.9737
2026-09-07,15:29,AZAD,17.464
2026-09-07,15:29,BAFNAPH,24.223
2026-09-07,15:29,BAJAJ-AUTO,5.5126
2026-09-07,15:29,BAJAJCON,-2.7457
2026-09-07,15:29,BAJAJELEC,3.8555
2026-09-07,15:29,BAJAJFINSV,1.3382
2026-09-07,15:29,BAJAJHCARE,2.8625
2026-09-07,15:29,BAJAJHFL,-1.7076
2026-09-07,15:29,BAJAJHIND,34.495
2026-09-07,15:29,BAJAJHLDNG,1.3506
2026-09-07,15:29,BAJEL,5.463
2026-09-07,15:29,BAJFINANCE,1.1161
2026-09-07,15:29,BALAJITELE,9.5585
2026-09-07,15:29,BALAMINES,12.3424
2026-09-07,15:29,BALKRISIND,12.9321
2026-09-07,15:29,BALMLAWRIE,0.7529
2026-09-07,15:29,BALRAMCHIN,16.3329
2026-09-07,15:29,BALUFORGE,26.7993
2026-09-07,15:29,BANARISUG,10.2788
2026-09-07,15:29,BANCOINDIA,0.1358
2026-09-07,15:29,BANDHANBNK,-2.7917
2026-09-07,15:29,BANKINDIA,3.0101
2026-09-07,15:29,BANSALWIRE,0.3002
2026-09-07,15:29,BASF,1.3268
2026-09-07,15:29,BBOX,-0.1869
2026-09-07,15:29,BBTC,-1.6504
2026-09-07,15:29,BCLIND,3.3428
2026-09-07,15:29,BDL,-1.17
2026-09-07,15:29,BECTORFOOD,8.8536
2026-09-07,15:29,BEEKAY,8.3481
2026-09-07,15:29,BEL,-0.7737
2026-09-07,15:29,BELRISE,-1.0187
2026-09-07,15:29,BEML,17.8136
2026-09-07,15:29,BENGALASM,1.3917
2026-09-07,15:29,BEPL,10.7676
2026-09-07,15:29,BESTAGRO,26.1471
2026-09-07,15:29,BFINVEST,-0.2499
2026-09-07,15:29,BHAGCHEM,-0.9685
2026-09-07,15:29,BHAGERIA,46.6462
2026-09-07,15:29,BHARATSE,7.4581
2026-09-07,15:29,BHARTIARTL,-2.6925
2026-09-07,15:29,BHEL,1.3223
2026-09-07,15:29,BIL,24.8525
2026-09-07,15:29,BIRLACABLE,78.0028
2026-09-07,15:29,BIRLANU,5.9137
2026-09-07,15:29,BLACKBUCK,6.5741
2026-09-07,15:29,BLACKROSE,11.0163
2026-09-07,15:29,BLIL,4.0303
2026-09-07,15:29,BLISSGVS,50.4898
2026-09-07,15:29,BLKASHYAP,5.0638
2026-09-07,15:29,BLS,0.7032
2026-09-07,15:29,BLSE,10.797
2026-09-07,15:29,BLUEDART,-2.452
2026-09-07,15:29,BLUEJET,-1.2152
2026-09-07,15:29,BLUESTONE,6.0006
2026-09-07,15:29,BLUSPRING,25.4481
2026-09-07,15:29,BODALCHEM,153.2248
2026-09-07,15:29,BORANA,-0.8535
2026-09-07,15:29,BOROLTD,8.7751
2026-09-07,15:29,BOSCH-HCIL,38.7276
2026-09-07,15:29,BOSCHLTD,16.4242
2026-09-07,15:29,BPCL,-1.0593
2026-09-07,15:29,BRIGADE,24.9517
2026-09-07,15:29,BSE,-2.5616
2026-09-07,15:29,BSHSL,7.4199
2026-09-07,15:29,BUILDPRO,4.2729
2026-09-07,15:29,CAMPUS,-0.3053
2026-09-07,15:29,CANBK,-2.5617
2026-09-07,15:29,CANFINHOME,-0.9043
2026-09-07,15:29,CANHLIFE,6.1789
2026-09-07,15:29,CANTABIL,0.1762
2026-09-07,15:29,CAPLIPOINT,7.3472
2026-09-07,15:29,CARBORUNIV,2.8795
2026-09-07,15:29,CARERATING,1.6876
2026-09-07,15:29,CARTRADE,6.7618
2026-09-07,15:29,CARYSIL,-0.13
2026-09-07,15:29,CASTROLIND,2.5445
2026-09-07,15:29,CDSL,6.4635
2026-09-07,15:29,CEATLTD,-0.9971
2026-09-07,15:29,CEIGALL,10.274
2026-09-07,15:29,CELLO,-1.7679
2026-09-07,15:29,CENTENKA,5.0623
2026-09-07,15:29,CENTRALBK,-0.928
2026-09-07,15:29,CENTUM,24.9436
2026-09-07,15:29,CGCL,12.8669
2026-09-07,15:29,CGPOWER,2.0176
2026-09-07,15:29,CHALET,7.3538
2026-09-07,15:29,CHEMBONDCH,11.0257
2026-09-07,15:29,CHEMCON,12.125
2026-09-07,15:29,CHENNPETRO,22.3648
2026-09-07,15:29,CHEVIOT,4.823
2026-09-07,15:29,CHOLAFIN,3.529
2026-09-07,15:29,CHOLAHLDNG,-0.38
2026-09-07,15:29,CIPLA,-1.0217
2026-09-07,15:29,CLEAN,15.9412
2026-09-07,15:29,CLSEL,7.2861
2026-09-07,15:29,CMRGREEN,0.8809
2026-09-07,15:29,COALINDIA,-2.0234
2026-09-07,15:29,COCHINSHIP,7.4235
2026-09-07,15:29,COFFEEDAY,2.435
2026-09-07,15:29,COFORGE,26.603
2026-09-07,15:29,COHANCE,5.035
2026-09-07,15:29,COMSYN,68.6153
2026-09-07,15:29,CONCOR,-1.2929
2026-09-07,15:29,CONCORDBIO,14.8679
2026-09-07,15:29,CONFIPET,1.4067
2026-09-07,15:29,CONSOFINVT,6.2105
2026-09-07,15:29,CONTROLPR,1.3851
2026-09-07,15:29,COROMANDEL,-1.4572
2026-09-07,15:29,CORONA,-1.2773
2026-09-07,15:29,COSMOFIRST,1.8808
2026-09-07,15:29,CPPLUS,5.4837
2026-09-07,15:29,CRAFTSMAN,21.1215
2026-09-07,15:29,CREST,-1.16
2026-09-07,15:29,CRISIL,6.6937
2026-09-07,15:29,CSLFINANCE,12.1386
2026-09-07,15:29,CUB,7.6902
2026-09-07,15:29,CUPID,26.8626
2026-09-07,15:29,CYIENT,33.9554
2026-09-07,15:29,CYIENTDLM,30.118
2026-09-07,15:29,DALMIASUG,24.9093
2026-09-07,15:29,DATAPATTNS,0.2599
2026-09-07,15:29,DBOL,24.653
2026-09-07,15:29,DCBBANK,16.3198
2026-09-07,15:29,DCI,21.6661
2026-09-07,15:29,DCMSHRIRAM,-2.1009
2026-09-07,15:29,DCW,1.7384
2026-09-07,15:29,DDEVPLSTIK,-0.2541
2026-09-07,15:29,DECCANCE,5.1073
2026-09-07,15:29,DECNGOLD,9.5279
2026-09-07,15:29,DEEDEV,-0.8203
2026-09-07,15:29,DEEPAKNTR,-2.1919
2026-09-07,15:29,DEEPINDS,52.038
2026-09-07,15:29,DEN,1.9364
2026-09-07,15:29,DEVYANI,19.5933
2026-09-07,15:29,DHAMPURSUG,19.2675
2026-09-07,15:29,DHANUKA,2.7605
2026-09-07,15:29,DHARMAJ,3.8055
2026-09-07,15:29,DHUNINV,19.4813
2026-09-07,15:29,DIACABS,8.2788
2026-09-07,15:29,DIAMONDYD,4.0634
2026-09-07,15:29,DICIND,24.5221
2026-09-07,15:29,DIFFNKG,12.4613
2026-09-07,15:29,DIVGIITTS,22.1905
2026-09-07,15:29,DIVISLAB,25.6407
2026-09-07,15:29,DIXON,2.6792
2026-09-07,15:29,DLF,3.3492
2026-09-07,15:29,DLINKINDIA,-0.4356
2026-09-07,15:29,DMCC,8.2088
2026-09-07,15:29,DODLA,3.9926
2026-09-07,15:29,DOLATALGO,2.2957
2026-09-07,15:29,DOLLAR,1.688
2026-09-07,15:29,DOLPHIN,90.004
2026-09-07,15:29,DOMS,-2.7391
2026-09-07,15:29,DPABHUSHAN,0.8744
2026-09-07,15:29,DRAGARWQ,5.5936
2026-09-07,15:29,DREDGECORP,-1.0048
2026-09-07,15:29,DRREDDY,-0.5735
2026-09-07,15:29,DVL,23.6267
2026-09-07,15:29,DWARKESH,11.4299
2026-09-07,15:29,DYCL,11.1232
2026-09-07,15:29,DYNAMATECH,9.7004
2026-09-07,15:29,E2E,16.1659
2026-09-07,15:29,EBGNG,5.4146
2026-09-07,15:29,ECLERX,4.2557
2026-09-07,15:29,EDELWEISS,13.5232
2026-09-07,15:29,EFCIL,-2.6947
2026-09-07,15:29,EICHERMOT,-1.2549
2026-09-07,15:29,EIDPARRY,0.8494
2026-09-07,15:29,EIMCOELECO,23.948
2026-09-07,15:29,ELANTAS,36.6196
2026-09-07,15:29,ELCIDIN,-1.6031
2026-09-07,15:29,ELDEHSG,1.9054
2026-09-07,15:29,ELECON,0.708
2026-09-07,15:29,ELECTCAST,11.6024
2026-09-07,15:29,ELGIEQUIP,10.9787
2026-09-07,15:29,ELPROINTL,-1.5965
2026-09-07,15:29,EMAMIPAP,8.0691
2026-09-07,15:29,EMCURE,0.1039
2026-09-07,15:29,EMIL,41.8318
2026-09-07,15:29,EMKAY,11.3842
2026-09-07,15:29,EMMVEE,-2.518
2026-09-07,15:29,EMUDHRA,8.4854
2026-09-07,15:29,ENDURANCE,1.1124
2026-09-07,15:29,ENGINERSIN,22.3611
2026-09-07,15:29,ENTERO,49.0812
2026-09-07,15:29,EPIGRAL,1.9706
2026-09-07,15:29,EPL,4.137
2026-09-07,15:29,ESABINDIA,8.3697
2026-09-07,15:29,ESAFSFB,9.0624
2026-09-07,15:29,ESCORTS,0.1117
2026-09-07,15:29,ESTER,0.7152
2026-09-07,15:29,ETERNAL,8.4333
2026-09-07,15:29,ETHOSLTD,6.5069
2026-09-07,15:29,EXCELINDUS,2.0822
2026-09-07,15:29,EXICOM,11.5799
2026-09-07,15:29,EXIDEIND,-0.2927
2026-09-07,15:29,EXPLEOSOL,10.782
2026-09-07,15:29,FABTECH,-0.2888
2026-09-07,15:29,FCL,40.8752
2026-09-07,15:29,FEDDERSHOL,7.5941
2026-09-07,15:29,FEDFINA,10.1018
2026-09-07,15:29,FILATEX,2.6125
2026-09-07,15:29,FINCABLES,22.872
2026-09-07,15:29,FINEORG,5.9213
2026-09-07,15:29,FINKURVE,16.1411
2026-09-07,15:29,FIVESTAR,-2.6006
2026-09-07,15:29,FLUOROCHEM,-0.7231
2026-09-07,15:29,FMGOETZE,-0.3514
2026-09-07,15:29,FORCEMOT,3.2488
2026-09-07,15:29,FOSECOIND,21.6817
2026-09-07,15:29,FRACTAL,-1.0009
2026-09-07,15:29,FSL,-1.0029
2026-09-07,15:29,GAEL,5.1936
2026-09-07,15:29,GAIL,1.0159
2026-09-07,15:29,GALAXYSURF,8.8547
2026-09-07,15:29,GALLANTT,4.6048
2026-09-07,15:29,GANDHAR,7.8951
2026-09-07,15:29,GANDHITUBE,2.5918
2026-09-07,15:29,GANESHBE,15.1669
2026-09-07,15:29,GANESHCP,-0.1825
2026-09-07,15:29,GARFIBRES,8.7981
2026-09-07,15:29,GARUDA,3.6498
2026-09-07,15:29,GAYAPROJ,9.7477
2026-09-07,15:29,GCSL,13.3214
2026-09-07,15:29,GEECEE,8.7856
2026-09-07,15:29,GENUSPOWER,4.472
2026-09-07,15:29,GEOJITFSL,10.1384
2026-09-07,15:29,GESHIP,-1.5659
2026-09-07,15:29,GFLLIMITED,32.4175
2026-09-07,15:29,GHCL,-1.197
2026-09-07,15:29,GHCLTEXTIL,14.817
2026-09-07,15:29,GICRE,-2.6169
2026-09-07,15:29,GIPCL,23.4592
2026-09-07,15:29,GKSL,38.4253
2026-09-07,15:29,GLAND,22.5454
2026-09-07,15:29,GLAXO,15.9376
2026-09-07,15:29,GLENMARK,11.653
2026-09-07,15:29,GLOBAL,15.54
2026-09-07,15:29,GLOBUSSPR,0.6352
2026-09-07,15:29,GMBREW,3.9532
2026-09-07,15:29,GMDCLTD,-0.8094
2026-09-07,15:29,GMMPFAUDLR,48.7451
2026-09-07,15:29,GNA,6.1248
2026-09-07,15:29,GNFC,16.3343
2026-09-07,15:29,GNRL,23.7485
2026-09-07,15:29,GOCLCORP,10.3548
2026-09-07,15:29,GOCOLORS,0.0911
2026-09-07,15:29,GODIGIT,0.7064
2026-09-07,15:29,GODREJAGRO,15.8701
2026-09-07,15:29,GOKULAGRO,9.5202
2026-09-07,15:29,GOPAL,2.364
2026-09-07,15:29,GPIL,2.6498
2026-09-07,15:29,GPPL,8.5429
2026-09-07,15:29,GPTHEALTH,-2.7833
2026-09-07,15:29,GRANULES,2.907
2026-09-07,15:29,GRAPHITE,8.217
2026-09-07,15:29,GRASIM,6.1046
2026-09-07,15:29,GREENPLY,2.5276
2026-09-07,15:29,GRINFRA,-1.6924
2026-09-07,15:29,GROWW,-2.3322
2026-09-07,15:29,GRPLTD,-0.8411
2026-09-07,15:29,GSFC,1.2119
2026-09-07,15:29,GSPCROP,7.968
2026-09-07,15:29,GTPL,-1.587
2026-09-07,15:29,GUFICBIO,17.2008
2026-09-07,15:29,GUJALKALI,1.981
2026-09-07,15:29,GUJENERGY,-1.3632
2026-09-07,15:29,GUJTHEM,19.0021
2026-09-07,15:29,GULFOILLUB,0.4389
2026-09-07,15:29,GVT&D,3.9241
2026-09-07,15:29,GYFTR,25.3717
2026-09-07,15:29,HAL,5.1137
2026-09-07,15:29,HALDYNGL,19.8257
2026-09-07,15:29,HAPPYFORGE,35.179
2026-09-07,15:29,HARSHA,12.2489
2026-09-07,15:29,HATSUN,29.5147
2026-09-07,15:29,HBLENGINE,-1.38
2026-09-07,15:29,HCC,8.3295
2026-09-07,15:29,HCG,1.6176
2026-09-07,15:29,HCLTECH,-1.0109
2026-09-07,15:29,HDBFS,-0.1821
2026-09-07,15:29,HEIDELBERG,1.5817
2026-09-07,15:29,HERITGFOOD,17.4053
2026-09-07,15:29,HEROMOTOCO,3.0545
2026-09-07,15:29,HEXAGON,2.3995
2026-09-07,15:29,HEXATRADEX,0.8586
2026-09-07,15:29,HFCL,26.2127
2026-09-07,15:29,HIKAL,9.4693
2026-09-07,15:29,HINDALCO,6.4269
2026-09-07,15:29,HINDCOPPER,5.5348
2026-09-07,15:29,HINDOILEXP,19.5405
2026-09-07,15:29,HINDZINC,11.2338
2026-09-07,15:29,HITECHCORP,4.697
2026-09-07,15:29,HITECHGEAR,-1.8172
2026-09-07,15:29,HMT,12.1935
2026-09-07,15:29,HNDFDS,8.778
2026-09-07,15:29,HOMEFIRST,4.3298
2026-09-07,15:29,HONASA,3.5671
2026-09-07,15:29,HTMEDIA,4.6417
2026-09-07,15:29,HYUNDAI,11.3575
2026-09-07,15:29,ICICIBANK,-1.2589
2026-09-07,15:29,ICIL,13.0998
2026-09-07,15:29,ICRA,3.8862
2026-09-07,15:29,IDBI,7.4219
2026-09-07,15:29,IDFCFIRSTB,1.8379
2026-09-07,15:29,IFBIND,-0.7705
2026-09-07,15:29,IFCI,45.6315
2026-09-07,15:29,IFGLEXPOR,1.4486
2026-09-07,15:29,IGL,3.0146
2026-09-07,15:29,IGPL,18.202
2026-09-07,15:29,IIFL,14.105
2026-09-07,15:29,IIFLCAPS,0.8143
2026-09-07,15:29,IKIO,-2.4041
2026-09-07,15:29,IKS,-2.2417
2026-09-07,15:29,IMAGICAA,19.9912
2026-09-07,15:29,IMPAL,-1.6072
2026-09-07,15:29,INDGN,17.9707
2026-09-07,15:29,INDHOTEL,-2.3918
2026-09-07,15:29,INDIANB,4.5895
2026-09-07,15:29,INDIANHUME,2.0413
2026-09-07,15:29,INDIGOPNTS,9.6936
2026-09-07,15:29,INDIQUBE,13.8696
2026-09-07,15:29,INDOAMIN,-0.6869
2026-09-07,15:29,INDOBORAX,23.9425
2026-09-07,15:29,INDOCO,1.0317
2026-09-07,15:29,INDORAMA,47.889
2026-09-07,15:29,INDOTECH,4.6583
2026-09-07,15:29,INDPRUD,-2.5488
2026-09-07,15:29,INDSWFTLAB,53.6826
2026-09-07,15:29,INDUSINDBK,-0.8593
2026-09-07,15:29,INDUSTOWER,-2.8265
2026-09-07,15:29,INFOBEAN,1.6482
2026-09-07,15:29,INFY,0.7691
2026-09-07,15:29,INGERRAND,8.0248
2026-09-07,15:29,INNOVACAP,19.9918
2026-09-07,15:29,INOXINDIA,12.3621
2026-09-07,15:29,INSECTICID,-0.9877
2026-09-07,15:29,INTLCONV,6.6595
2026-09-07,15:29,INVPRECQ,33.7796
2026-09-07,15:29,IOLCP,40.6576
2026-09-07,15:29,IONEXCHANG,2.7375
2026-09-07,15:29,IPCALAB,10.2104
2026-09-07,15:29,IRIS,6.5916
2026-09-07,15:29,IRISDOREME,28.7016
2026-09-07,15:29,IRMENERGY,9.9305
2026-09-07,15:29,ITI,-1.992
2026-09-07,15:29,JAGRAN,-0.8024
2026-09-07,15:29,JAGSNPHARM,4.1157
2026-09-07,15:29,JAIBALAJI,13.6453
2026-09-07,15:29,JASH,-1.0933
2026-09-07,15:29,JAYAGROGN,-1.8695
2026-09-07,15:29,JAYNECOIND,2.3864
2026-09-07,15:29,JGCHEM,14.4953
2026-09-07,15:29,JINDALPOLY,10.0252
2026-09-07,15:29,JINDALSAW,23.4004
2026-09-07,15:29,JINDALSTEL,7.7132
2026-09-07,15:29,JINDRILL,11.7439
2026-09-07,15:29,JINDWORLD,48.4149
2026-09-07,15:29,JIOFIN,-0.7495
2026-09-07,15:29,JISLJALEQS,6.8354
2026-09-07,15:29,JKIL,0.4703
2026-09-07,15:29,JKPAPER,1.3267
2026-09-07,15:29,JMFINANCIL,4.7604
2026-09-07,15:29,JSFB,0.2327
2026-09-07,15:29,JSL,1.768
2026-09-07,15:29,JSWDULUX,8.2473
2026-09-07,15:29,JSWHL,3.3912
2026-09-07,15:29,JSWINFRA,2.8123
2026-09-07,15:29,JSWSTEEL,4.6119
2026-09-07,15:29,JTLIND,22.3148
2026-09-07,15:29,JUBLCPL,17.5787
2026-09-07,15:29,JUBLFOOD,11.2177
2026-09-07,15:29,JUNIPER,8.747
2026-09-07,15:29,JUSTDIAL,-2.7758
2026-09-07,15:29,JWL,-1.0541
2026-09-07,15:29,JYOTICNC,26.986
2026-09-07,15:29,KABRAEXTRU,56.7441
2026-09-07,15:29,KAJARIACER,0.041
2026-09-07,15:29,KALAMANDIR,-1.6144
2026-09-07,15:29,KALPATARU,3.3333
2026-09-07,15:29,KALYANKJIL,4.6759
2026-09-07,15:29,KAMATHOTEL,34.3638
2026-09-07,15:29,KAMDHENU,8.4875
2026-09-07,15:29,KANORICHEM,-2.7046
2026-09-07,15:29,KANPRPLA,6.9297
2026-09-07,15:29,KAPSTON,23.0986
2026-09-07,15:29,KARURVYSYA,0.6036
2026-09-07,15:29,KAYA,28.375
2026-09-07,15:29,KAYNES,13.287
2026-09-07,15:29,KCP,0.4614
2026-09-07,15:29,KDDL,27.9865
2026-09-07,15:29,KENNAMET,65.4037
2026-09-07,15:29,KFINTECH,-2.818
2026-09-07,15:29,KHAICHEM,9.7012
2026-09-07,15:29,KILITCH,3.854
2026-09-07,15:29,KINGFA,18.095
2026-09-07,15:29,KIOCL,5.9519
2026-09-07,15:29,KIRANVYPAR,1.8159
2026-09-07,15:29,KIRIINDUS,41.9669
2026-09-07,15:29,KIRLOSBROS,-0.06
2026-09-07,15:29,KIRLOSIND,-2.4191
2026-09-07,15:29,KKCL,0.508
2026-09-07,15:29,KLBRENG-B,4.9016
2026-09-07,15:29,KMEW,21.987
2026-09-07,15:29,KNRCON,0.1387
2026-09-07,15:29,KOLTEPATIL,14.7439
2026-09-07,15:29,KOPRAN,22.1957
2026-09-07,15:29,KOTAKBANK,9.7361
2026-09-07,15:29,KOTHARIPET,-2.0578
2026-09-07,15:29,KOVAI,3.8501
2026-09-07,15:29,KPIL,9.7043
2026-09-07,15:29,KPL,25.9675
2026-09-07,15:29,KPRMILL,9.3466
2026-09-07,15:29,KRBL,21.8942
2026-09-07,15:29,KRISHANA,9.0605
2026-09-07,15:29,KRN,30.5962
2026-09-07,15:29,KRONOX,15.7763
2026-09-07,15:29,KROSS,9.8891
2026-09-07,15:29,KRSNAA,4.0491
2026-09-07,15:29,KRYSTAL,10.1949
2026-09-07,15:29,KSHINTL,24.9181
2026-09-07,15:29,KSL,5.0784
2026-09-07,15:29,KTKBANK,16.8272
2026-09-07,15:29,KUSUMGAR,-0.5737
2026-09-07,15:29,KWIL,30.5397
2026-09-07,15:29,LALPATHLAB,4.0882
2026-09-07,15:29,LASERPOWER,1.463
2026-09-07,15:29,LAURUSLABS,9.5308
2026-09-07,15:29,LAXMIINDIA,1.8441
2026-09-07,15:29,LENSKART,20.2797
2026-09-07,15:29,LGBBROSLTD,11.4493
2026-09-07,15:29,LGEINDIA,7.9251
2026-09-07,15:29,LICHSGFIN,0.0453
2026-09-07,15:29,LINCOLN,8.6325
2026-09-07,15:29,LMW,14.938
2026-09-07,15:29,LODHA,0.1085
2026-09-07,15:29,LOKESHMACH,6.7761
2026-09-07,15:29,LOTUSDEV,6.257
2026-09-07,15:29,LT,5.0709
2026-09-07,15:29,LTF,0.0801
2026-09-07,15:29,LTFOODS,19.2747
2026-09-07,15:29,LTM,6.1373
2026-09-07,15:29,LTTS,-2.3984
2026-09-07,15:29,LUMAXIND,18.4774
2026-09-07,15:29,LUMAXTECH,29.5602
2026-09-07,15:29,M&M,-2.427
2026-09-07,15:29,M&MFIN,2.5758
2026-09-07,15:29,MAANALU,0.9281
2026-09-07,15:29,MACPOWER,37.5787
2026-09-07,15:29,MAGADSUGAR,17.3602
2026-09-07,15:29,MAHABANK,5.4198
2026-09-07,15:29,MAHASTEEL,68.2787
2026-09-07,15:29,MAHSCOOTER,3.9042
2026-09-07,15:29,MAHSEAMLES,19.4331
2026-09-07,15:29,MAITHANALL,14.2347
2026-09-07,15:29,MALLCOM,-2.2113
2026-09-07,15:29,MAMATA,8.6014
2026-09-07,15:29,MANAKSTEEL,52.0795
2026-09-07,15:29,MANALIPETC,28.6546
2026-09-07,15:29,MANGLMCEM,10.7139
2026-09-07,15:29,MANINDS,55.5429
2026-09-07,15:29,MANINFRA,26.4688
2026-09-07,15:29,MANORAMA,20.7788
2026-09-07,15:29,MANYAVAR,42.8833
2026-09-07,15:29,MARATHON,18.2146
2026-09-07,15:29,MARINE,55.5658
2026-09-07,15:29,MARKSANS,27.202
2026-09-07,15:29,MARSONS,15.1708
2026-09-07,15:29,MASTEK,-2.3042
2026-09-07,15:29,MASTERTR,5.6097
2026-09-07,15:29,MATRIMONY,21.4652
2026-09-07,15:29,MAWANASUG,32.5932
2026-09-07,15:29,MAXESTATES,37.3625
2026-09-07,15:29,MAZDA,26.4061
2026-09-07,15:29,MAZDOCK,5.3169
2026-09-07,15:29,MBAPL,-0.5733
2026-09-07,15:29,MCCHRLS-B,-2.7255
2026-09-07,15:29,MCX,20.874
2026-09-07,15:29,MEDANTA,1.0944
2026-09-07,15:29,MEESHO,15.486
2026-09-07,15:29,MENONBE,40.8765
2026-09-07,15:29,MERCURYEV,4.1203
2026-09-07,15:29,METROPOLIS,0.0693
2026-09-07,15:29,MFSL,0.589
2026-09-07,15:29,MGL,-0.5373
2026-09-07,15:29,MICEL,1.6204
2026-09-07,15:29,MIDHANI,5.7416
2026-09-07,15:29,MINDACORP,0.4332
2026-09-07,15:29,MMFL,10.4736
2026-09-07,15:29,MMP,56.0954
2026-09-07,15:29,MMTC,3.5031
2026-09-07,15:29,MODIS,-1.3901
2026-09-07,15:29,MODISONLTD,74.6924
2026-09-07,15:29,MOL,18.1982
2026-09-07,15:29,MOLDTECH,53.9293
2026-09-07,15:29,MOLDTKPAC,0.7583
2026-09-07,15:29,MONTECARLO,5.23
2026-09-07,15:29,MOREPENLAB,109.8129
2026-09-07,15:29,MOSCHIP,2.0643
2026-09-07,15:29,MOTHERSON,8.7467
2026-09-07,15:29,MOTILALOFS,21.362
2026-09-07,15:29,MPHASIS,1.5604
2026-09-07,15:29,MPSLTD,-1.9128
2026-09-07,15:29,MRF,-2.3709
2026-09-07,15:29,MRPL,6.7164
2026-09-07,15:29,MSTCLTD,30.3551
2026-09-07,15:29,MTARTECH,30.663
2026-09-07,15:29,MUFIN,8.407
2026-09-07,15:29,MUKANDLTD,-2.6108
2026-09-07,15:29,MUKKA,42.1309
2026-09-07,15:29,MUNJALAU,10.6196
2026-09-07,15:29,MVGJL,29.1689
2026-09-07,15:29,NAHARINDUS,19.3562
2026-09-07,15:29,NAHARSPING,2.3243
2026-09-07,15:29,NAM-INDIA,3.5618
2026-09-07,15:29,NATIONALUM,7.8238
2026-09-07,15:29,NAUKRI,9.0597
2026-09-07,15:29,NAVA,-1.4877
2026-09-07,15:29,NAVINFLUOR,11.5744
2026-09-07,15:29,NAZARA,22.0501
2026-09-07,15:29,NCC,6.0011
2026-09-07,15:29,NELCAST,-1.6032
2026-09-07,15:29,NELCO,-0.0589
2026-09-07,15:29,NEOGEN,6.928
2026-09-07,15:29,NEPHROPLUS,4.2837
2026-09-07,15:29,NESCO,6.7143
2026-09-07,15:29,NETWEB,18.2202
2026-09-07,15:29,NEULANDLAB,20.4064
2026-09-07,15:29,NEWGEN,2.8442
2026-09-07,15:29,NFL,-1.0135
2026-09-07,15:29,NIACL,39.6388
2026-09-07,15:29,NIITLTD,2.2507
2026-09-07,15:29,NILKAMAL,16.2235
2026-09-07,15:29,NIRLON,-0.7903
2026-09-07,15:29,NITINSPIN,16.2267
2026-09-07,15:29,NMDC,0.3951
2026-09-07,15:29,NOCIL,5.6431
2026-09-07,15:29,NORTHARC,1.966
2026-09-07,15:29,NOVARTIND,0.5273
2026-09-07,15:29,NPST,11.7719
2026-09-07,15:29,NRAIL,23.2658
2026-09-07,15:29,NRBBEARING,15.2057
2026-09-07,15:29,NRL,28.7876
2026-09-07,15:29,NSIL,4.2608
2026-09-07,15:29,NSLNISP,8.8256
2026-09-07,15:29,NUCLEUS,-1.7908
2026-09-07,15:29,NUVOCO,-1.7229
2026-09-07,15:29,NYKAA,1.821
2026-09-07,15:29,OAL,36.9219
2026-09-07,15:29,OBEROIRLTY,0.8131
2026-09-07,15:29,OCCLLTD,8.0289
2026-09-07,15:29,OFSS,6.8356
2026-09-07,15:29,OIL,10.181
2026-09-07,15:29,OLAELEC,1.8514
2026-09-07,15:29,OMAXE,44.3246
2026-09-07,15:29,OMPOWER,0.259
2026-09-07,15:29,ONEPOINT,4.1306
2026-09-07,15:29,ONGC,-2.0372
2026-09-07,15:29,ORBTEXP,-2.0773
2026-09-07,15:29,ORICONENT,-2.6311
2026-09-07,15:29,ORIENTBELL,26.8643
2026-09-07,15:29,ORIENTCER,10.6151
2026-09-07,15:29,ORIENTELEC,1.9656
2026-09-07,15:29,ORIENTHOT,1.2814
2026-09-07,15:29,ORISSAMINE,12.8349
2026-09-07,15:29,ORKLAINDIA,3.832
2026-09-07,15:29,PAISALO,12.7342
2026-09-07,15:29,PANACHE,23.3439
2026-09-07,15:29,PANAMAPET,-1.1805
2026-09-07,15:29,PARACABLES,4.3084
2026-09-07,15:29,PARADEEP,17.3351
2026-09-07,15:29,PARAGMILK,15.1051
2026-09-07,15:29,PARAS,21.952
2026-09-07,15:29,PARKHOSPS,2.5384
2026-09-07,15:29,PASUPTAC,17.6512
2026-09-07,15:29,PATANJALI,-1.7154
2026-09-07,15:29,PATELRMART,-1.8991
2026-09-07,15:29,PAUSHAKLTD,33.3741
2026-09-07,15:29,PAYTM,29.0523
2026-09-07,15:29,PCBL,-2.6675
2026-09-07,15:29,PDMJEPAPER,5.9321
2026-09-07,15:29,PDSL,-2.2098
2026-09-07,15:29,PENIND,6.5391
2026-09-07,15:29,PERSISTENT,5.1593
2026-09-07,15:29,PETRONET,6.6142
2026-09-07,15:29,PFIZER,-2.0479
2026-09-07,15:29,PFOCUS,8.3406
2026-09-07,15:29,PGIL,11.931
2026-09-07,15:29,PIDILITIND,-2.2528
2026-09-07,15:29,PILANIINVS,-1.0701
2026-09-07,15:29,PINELABS,10.4404
2026-09-07,15:29,PITTIENG,26.378
2026-09-07,15:29,PIXTRANS,-2.3265
2026-09-07,15:29,PLATIND,-2.7098
2026-09-07,15:29,PNB,3.5657
2026-09-07,15:29,PNBHOUSING,9.6059
2026-09-07,15:29,PNGSREVA,30.4395
2026-09-07,15:29,POLICYBZR,15.3747
2026-09-07,15:29,POLYMED,1.2138
2026-09-07,15:29,POLYPLEX,1.5578
2026-09-07,15:29,POONAWALLA,-1.2793
2026-09-07,15:29,POWERINDIA,0.7132
2026-09-07,15:29,PPL,0.5398
2026-09-07,15:29,PPLPHARMA,14.3765
2026-09-07,15:29,PRABHA,71.3773
2026-09-07,15:29,PRAJIND,6.5032
2026-09-07,15:29,PRAKASH,-0.3108
2026-09-07,15:29,PRECWIRE,23.2651
2026-09-07,15:29,PREMEXPLN,-0.8743
2026-09-07,15:29,PREMIERPOL,22.7846
2026-09-07,15:29,PRICOLLTD,17.1338
2026-09-07,15:29,PRIMESECU,1.6029
2026-09-07,15:29,PRINCEPIPE,6.8888
2026-09-07,15:29,PROSTARM,12.5192
2026-09-07,15:29,PROZONER,8.8415
2026-09-07,15:29,PRSMJOHNSN,3.3717
2026-09-07,15:29,PRUDENT,17.3415
2026-09-07,15:29,PTCIL,32.5392
2026-09-07,15:29,PTL,-1.8519
2026-09-07,15:29,PURVA,1.6268
2026-09-07,15:29,PVP,137.8102
2026-09-07,15:29,PVRINOX,2.9647
2026-09-07,15:29,PWL,5.3457
2026-09-07,15:29,QPOWER,34.0901
2026-09-07,15:29,QUADFUTURE,14.5988
2026-09-07,15:29,QUESS,14.8267
2026-09-07,15:29,QUICKHEAL,-1.644
2026-09-07,15:29,RACLGEAR,18.1279
2026-09-07,15:29,RADHIKAJWE,38.5859
2026-09-07,15:29,RADICO,7.0972
2026-09-07,15:29,RAINBOW,-0.9167
2026-09-07,15:29,RAJOOENG,-0.0369
2026-09-07,15:29,RAJRILTD,4.7412
2026-09-07,15:29,RAMBHAJO,39.6331
2026-09-07,15:29,RAMRAT,23.9596
2026-09-07,15:29,RATNAMANI,10.5727
2026-09-07,15:29,RATNAVEER,53.5244
2026-09-07,15:29,RAYMOND,29.8151
2026-09-07,15:29,RBA,42.6817
2026-09-07,15:29,RBLBANK,14.3723
2026-09-07,15:29,RBZJEWEL,30.9732
2026-09-07,15:29,REDINGTON,35.9698
2026-09-07,15:29,REGAAL,13.6375
2026-09-07,15:29,RELIANCE,2.3047
2026-09-07,15:29,RELIGARE,0
2026-09-07,15:29,RENUKA,15.0503
2026-09-07,15:29,RGL,29.7018
2026-09-07,15:29,RIIL,-0.5162
2026-09-07,15:29,RISHABH,29.6542
2026-09-07,15:29,RITCO,8.37
2026-09-07,15:29,RITES,-0.6217
2026-09-07,15:29,RKFORGE,12.9187
2026-09-07,15:29,RMDRIP,17.1046
2026-09-07,15:29,RML,20.8181
2026-09-07,15:29,ROLEXRINGS,27.3709
2026-09-07,15:29,ROSSTECH,17.6856
2026-09-07,15:29,RPEL,30.0534
2026-09-07,15:29,RPTECH,6.482
2026-09-07,15:29,RSL,38.5022
2026-09-07,15:29,RSWM,1.8814
2026-09-07,15:29,RSYSTEMS,-0.8424
2026-09-07,15:29,RUBICON,12.365
2026-09-07,15:29,RUBYMILLS,14.9541
2026-09-07,15:29,SAGILITY,6.1446
2026-09-07,15:29,SAIL,15.5454
2026-09-07,15:29,SAILIFE,22.735
2026-09-07,15:29,SAKAR,33.6385
2026-09-07,15:29,SALSTEEL,37.3866
2026-09-07,15:29,SAMBHV,9.7296
2026-09-07,15:29,SANDESH,8.1422
2026-09-07,15:29,SANDHAR,3.4776
2026-09-07,15:29,SANDUMA,-1.5039
2026-09-07,15:29,SANGHVIMOV,-2.5333
2026-09-07,15:29,SANSERA,19.0437
2026-09-07,15:29,SAPPHIRE,21.9627
2026-09-07,15:29,SARDAEN,0.039
2026-09-07,15:29,SARLAPOLY,1.1931
2026-09-07,15:29,SASKEN,0.4178
2026-09-07,15:29,SATIA,9.7537
2026-09-07,15:29,SAYAJIHOTL,7.8104
2026-09-07,15:29,SBC,11.3566
2026-09-07,15:29,SBCL,47.1337
2026-09-07,15:29,SBFC,8.9622
2026-09-07,15:29,SBICARD,4.5969
2026-09-07,15:29,SBIN,-1.4403
2026-09-07,15:29,SCI,3.506
2026-09-07,15:29,SCPL,9.3025
2026-09-07,15:29,SDBL,4.0932
2026-09-07,15:29,SEAMECLTD,26.1267
2026-09-07,15:29,SEDEMAC,3.5237
2026-09-07,15:29,SEIL,-2.4037
2026-09-07,15:29,SENORES,6.0552
2026-09-07,15:29,SESHAPAPER,2.1408
2026-09-07,15:29,SETL,37.3939
2026-09-07,15:29,SGFIN,-1.5259
2026-09-07,15:29,SGIL,0.1834
2026-09-07,15:29,SGMART,12.454
2026-09-07,15:29,SHADOWFAX,19.3702
2026-09-07,15:29,SHAILY,9.8042
2026-09-07,15:29,SHALPAINTS,20.598
2026-09-07,15:29,SHANTIGEAR,53.6246
2026-09-07,15:29,SHANTIGOLD,24.8075
2026-09-07,15:29,SHARDAMOTR,6.6503
2026-09-07,15:29,SHILPAMED,51.3858
2026-09-07,15:29,SHINDL,2.3904
2026-09-07,15:29,SHIVALIK,19.9372
2026-09-07,15:29,SHIVAUM,16.8276
2026-09-07,15:29,SHK,-0.1754
2026-09-07,15:29,SHOPERSTOP,-2.4751
2026-09-07,15:29,SHREDIGCEM,-1.5578
2026-09-07,15:29,SHREEJISPG,10.8594
2026-09-07,15:29,SHREEPUSHK,32.6549
2026-09-07,15:29,SHREERAMA,10.1508
2026-09-07,15:29,SHRINGARMS,-0.7221
2026-09-07,15:29,SHRIPISTON,5.8867
2026-09-07,15:29,SHRIRAMFIN,-0.1156
2026-09-07,15:29,SHYAMMETL,4.56
2026-09-07,15:29,SICALLOG,1.04
2026-09-07,15:29,SIEMENS,5.6213
2026-09-07,15:29,SIGACHI,32.6523
2026-09-07,15:29,SIGMAADV,34.781
2026-09-07,15:29,SIGNATURE,1.1571
2026-09-07,15:29,SILINV,13.2558
2026-09-07,15:29,SIMPLEXINF,9.4137
2026-09-07,15:29,SINDHUTRAD,1.7735
2026-09-07,15:29,SIRCA,9.8303
2026-09-07,15:29,SIS,-1.5503
2026-09-07,15:29,SKFINDIA,4.4012
2026-09-07,15:29,SKFINDUS,11.1312
2026-09-07,15:29,SKIPPER,16.0857
2026-09-07,15:29,SKYGOLD,17.3453
2026-09-07,15:29,SMARTWORKS,11.1237
2026-09-07,15:29,SMCGLOBAL,11.3222
2026-09-07,15:29,SMLMAH,63.7763
2026-09-07,15:29,SMSPHARMA,1.5438
2026-09-07,15:29,SNOWMAN,0.8803
2026-09-07,15:29,SOFTTECH,4.2048
2026-09-07,15:29,SOLARA,38.0297
2026-09-07,15:29,SOLARINDS,17.8334
2026-09-07,15:29,SOMANYCERA,13.7339
2026-09-07,15:29,SONACOMS,9.3078
2026-09-07,15:29,SOTL,8.6856
2026-09-07,15:29,SPAL,5.0769
2026-09-07,15:29,SPECIALITY,2.4691
2026-09-07,15:29,SPECTRUM,12.8773
2026-09-07,15:29,SPIC,7.362
2026-09-07,15:29,SPLPETRO,5.4672
2026-09-07,15:29,SPORTKING,2.918
2026-09-07,15:29,SREEL,25.4546
2026-09-07,15:29,SRHHYPOLTD,9.1357
2026-09-07,15:29,SSWL,26.314
2026-09-07,15:29,STAR,13.0201
2026-09-07,15:29,STEELCAS,4.9446
2026-09-07,15:29,STEL,6.8206
2026-09-07,15:29,STLNETWORK,17.8919
2026-09-07,15:29,STLTECH,41.5736
2026-09-07,15:29,STOVEKRAFT,6.7031
2026-09-07,15:29,STYL,5.7874
2026-09-07,15:29,STYLAMIND,-1.303
2026-09-07,15:29,STYLEBAAZA,45.2991
2026-09-07,15:29,SUDARCOLOR,7.4444
2026-09-07,15:29,SUDARSCHEM,17.3664
2026-09-07,15:29,SUDEEPPHRM,54.2128
2026-09-07,15:29,SULA,-2.4925
2026-09-07,15:29,SUNDARMFIN,6.5998
2026-09-07,15:29,SUNDRMFAST,25.2739
2026-09-07,15:29,SUPREMEIND,7.7826
2026-09-07,15:29,SUPREMEINF,6.8253
2026-09-07,15:29,SUPRIYA,7.5985
2026-09-07,15:29,SURAKSHA,35.7772
2026-09-07,15:29,SUTLEJTEX,6.8712
2026-09-07,15:29,SUVEN,21.0172
2026-09-07,15:29,SVLL,5.5409
2026-09-07,15:29,SWANDEF,2.6865
2026-09-07,15:29,SWARAJENG,1.1816
2026-09-07,15:29,SWIGGY,7.1595
2026-09-07,15:29,SYNCOMF,53.9104
2026-09-07,15:29,SYRMA,24.2061
2026-09-07,15:29,SYSTMTXC,5.4
2026-09-07,15:29,TAALTECH,11.653
2026-09-07,15:29,TALBROAUTO,11.6195
2026-09-07,15:29,TARC,1.482
2026-09-07,15:29,TARIL,-0.9422
2026-09-07,15:29,TARSONS,2.3839
2026-09-07,15:29,TASTYBITE,11.5794
2026-09-07,15:29,TATACAP,5.5342
2026-09-07,15:29,TATACOMM,0.1902
2026-09-07,15:29,TATAELXSI,-1.6149
2026-09-07,15:29,TATASTEEL,0.7381
2026-09-07,15:29,TATATECH,10.0659
2026-09-07,15:29,TBOTEK,12.2565
2026-09-07,15:29,TBZ,88.7446
2026-09-07,15:29,TCIEXP,-2.1822
2026-09-07,15:29,TCPLPACK,20.3727
2026-09-07,15:29,TCS,-1.1152
2026-09-07,15:29,TEAMLEASE,-1.1437
2026-09-07,15:29,TECHM,-0.6984
2026-09-07,15:29,TECHNVISN,-2.4725
2026-09-07,15:29,TEGA,6.1569
2026-09-07,15:29,TEJASNET,15.7002
2026-09-07,15:29,TEXINFRA,5.3534
2026-09-07,15:29,TEXRAIL,5.9324
2026-09-07,15:29,TFCILTD,48.6287
2026-09-07,15:29,THEJO,12.4401
2026-09-07,15:29,THELEELA,14.2767
2026-09-07,15:29,THEMISMED,23.2929
2026-09-07,15:29,THOMASCOOK,14.2915
2026-09-07,15:29,THYROCARE,-1.8663
2026-09-07,15:29,TI,19.3754
2026-09-07,15:29,TIIL,22.1134
2026-09-07,15:29,TIL,16.9438
2026-09-07,15:29,TIMEX,11.9465
2026-09-07,15:29,TIMKEN,-0.9019
2026-09-07,15:29,TITAGARH,9.8456
2026-09-07,15:29,TITAN,5.3775
2026-09-07,15:29,TMB,4.7893
2026-09-07,15:29,TMCV,11.8098
2026-09-07,15:29,TNPETRO,39.9299
2026-09-07,15:29,TNPL,2.2174
2026-09-07,15:29,TORNTPHARM,-2.1018
2026-09-07,15:29,TRANSPEK,26.02
2026-09-07,15:29,TRAVELFOOD,0.6973
2026-09-07,15:29,TREL,11.3478
2026-09-07,15:29,TRIVENI,15.0417
2026-09-07,15:29,TRUALT,0.6766
2026-09-07,15:29,TTKHLTCARE,0.2112
2026-09-07,15:29,TURTLEMINT,13.1036
2026-09-07,15:29,TVSMOTOR,6.5937
2026-09-07,15:29,TVSSRICHAK,33.5431
2026-09-07,15:29,UDS,5.4405
2026-09-07,15:29,UEL,89.7487
2026-09-07,15:29,UFBL,-1.1153
2026-09-07,15:29,UFLEX,43.2889
2026-09-07,15:29,UGARSUGAR,24.6033
2026-09-07,15:29,ULTRAMAR,14.5219
2026-09-07,15:29,UNICHEMLAB,5.519
2026-09-07,15:29,UNIECOM,-0.4316
2026-09-07,15:29,UNIMECH,24.3102
2026-09-07,15:29,UNIONBANK,9.3645
2026-09-07,15:29,UNIPARTS,27.9938
2026-09-07,15:29,UNITEDPOLY,42.648
2026-09-07,15:29,UNIVASTU,36.0426
2026-09-07,15:29,UNIVCABLES,18.4206
2026-09-07,15:29,UNIVPHOTO,5.2858
2026-09-07,15:29,UNOMINDA,6.8221
2026-09-07,15:29,URBANCO,34.9946
2026-09-07,15:29,USHAMART,-0.3585
2026-09-07,15:29,UTIAMC,-1.5542
2026-09-07,15:29,UTLSOLAR,8.5588
2026-09-07,15:29,UTTAMSUGAR,24.1747
2026-09-07,15:29,V2RETAIL,-0.4654
2026-09-07,15:29,VADILALIND,11.0035
2026-09-07,15:29,VALIANTLAB,76.7192
2026-09-07,15:29,VALIANTORG,24.2759
2026-09-07,15:29,VAML,0.4003
2026-09-07,15:29,VARROC,24.2376
2026-09-07,15:29,VEDL,1.2658
2026-09-07,15:29,VEEDOL,4.5967
2026-09-07,15:29,VELJAN,5.4315
2026-09-07,15:29,VENKEYS,9.6163
2026-09-07,15:29,VENUSPIPES,6.955
2026-09-07,15:29,VENUSREM,6.1959
2026-09-07,15:29,VERANDA,3.8034
2026-09-07,15:29,VGUARD,12.9586
2026-09-07,15:29,VHL,3.354
2026-09-07,15:29,VIDHIING,10.7409
2026-09-07,15:29,VIJAYA,10.8602
2026-09-07,15:29,VIMTALABS,9.1118
2026-09-07,15:29,VINATIORGA,-1.1191
2026-09-07,15:29,VINCOFE,9.8299
2026-09-07,15:29,VINDHYATEL,44.9541
2026-09-07,15:29,VIPIND,8.1857
2026-09-07,15:29,VISAKAIND,12.0063
2026-09-07,15:29,VISHNU,14.1757
2026-09-07,15:29,VISL,14.0975
2026-09-07,15:29,VIVIANA,6.0426
2026-09-07,15:29,VIYASH,1.521
2026-09-07,15:29,VMART,15.5605
2026-09-07,15:29,VOEPL,9.3737
2026-09-07,15:29,VOGL,6.0276
2026-09-07,15:29,VOLTAMP,20.5162
2026-09-07,15:29,VRLLOG,11.4177
2026-09-07,15:29,VSSL,19.8957
2026-09-07,15:29,WABAG,1.5424
2026-09-07,15:29,WAKEFIT,21.6445
2026-09-07,15:29,WELCORP,62.389
2026-09-07,15:29,WELENT,31.2835
2026-09-07,15:29,WELINV,19.8788
2026-09-07,15:29,WELSPLSOL,14.1227
2026-09-07,15:29,WELSPUNLIV,29.6092
2026-09-07,15:29,WENDT,0.4517
2026-09-07,15:29,WESTLIFE,14.7578
2026-09-07,15:29,WHEELS,17.371
2026-09-07,15:29,WHIRLPOOL,2.5856
2026-09-07,15:29,WINDLAS,34.6647
2026-09-07,15:29,WINDMACHIN,10.1454
2026-09-07,15:29,WOCKPHARMA,18.3787
2026-09-07,15:29,WONDERLA,12.5174
2026-09-07,15:29,WPIL,-1.5604
2026-09-07,15:29,WSTCSTPAPR,18.1881
2026-09-07,15:29,XCHANGING,0.1714
2026-09-07,15:29,XPROINDIA,-2.3026
2026-09-07,15:29,YASHO,28.9465
2026-09-07,15:29,YATHARTH,17.8813
2026-09-07,15:29,YATRA,3.9042
2026-09-07,15:29,YESBANK,-2.2668
2026-09-07,15:29,YUKEN,41.5242
2026-09-07,15:29,ZENTEC,6.3026
2026-09-07,15:29,ZFCVINDIA,8.3772
2026-09-07,15:29,ZFSTEERING,-2.6078
2026-09-07,15:29,ZIMLAB,9.4576
2026-09-07,15:29,ZUARI,2.1387
2026-09-07,15:29,ZUARIIND,9.7027
2026-09-07,15:29,ZYDUSLIFE,4.3945
2026-09-07,15:29,ZYDUSWELL,-0.7151
2026-09-08,15:29,20MICRONS,8.7537
2026-09-08,15:29,360ONE,-1.6219
2026-09-08,15:29,3BBLACKBIO,12.0496
2026-09-08,15:29,63MOONS,14.9011
2026-09-08,15:29,AARTIDRUGS,3.2329
2026-09-08,15:29,AARTIIND,5.6529
2026-09-08,15:29,AARTIPHARM,28.3209
2026-09-08,15:29,ABB,1.9811
2026-09-08,15:29,ABCAPITAL,1.4309
2026-09-08,15:29,ABREL,-1.4083
2026-09-08,15:29,ABSLAMC,3.8631
2026-09-08,15:29,ACE,4.046
2026-09-08,15:29,ACMESOLAR,16.0619
2026-09-08,15:29,ADANIENT,-1.6387
2026-09-08,15:29,ADANIPOWER,0.072
2026-09-08,15:29,ADOR,11.6896
2026-09-08,15:29,ADVANCE,-2.2341
2026-09-08,15:29,AEGISLOG,-0.181
2026-09-08,15:29,AEGISVOPAK,-0.6189
2026-09-08,15:29,AEQUS,1.5858
2026-09-08,15:29,AEROENTER,26.1466
2026-09-08,15:29,AEROFLEX,28.501
2026-09-08,15:29,AETHER,12.1663
2026-09-08,15:29,AFCONS,0
2026-09-08,15:29,AFFLE,-1.3727
2026-09-08,15:29,AFSL,0.0796
2026-09-08,15:29,AGARWALEYE,5.3944
2026-09-08,15:29,AGI,12.2681
2026-09-08,15:29,AJANTPHARM,7.0877
2026-09-08,15:29,AJAXENGG,4.0911
2026-09-08,15:29,AKCAPIT,4.7523
2026-09-08,15:29,AKUMS,11.2437
2026-09-08,15:29,ALEMBICLTD,22.9743
2026-09-08,15:29,ALICON,3.1366
2026-09-08,15:29,ALIVUS,24.1966
2026-09-08,15:29,ALKYLAMINE,8.8123
2026-09-08,15:29,AMANTA,26.956
2026-09-08,15:29,AMBER,1.3733
2026-09-08,15:29,AMRUTANJAN,-2.0262
2026-09-08,15:29,ANANDRATHI,9.4018
2026-09-08,15:29,ANANTRAJ,2.6068
2026-09-08,15:29,ANDHRAPAP,14.6287
2026-09-08,15:29,ANDHRSUGAR,18.0428
2026-09-08,15:29,ANGELONE,-1.5202
2026-09-08,15:29,ANTELOPUS,32.1411
2026-09-08,15:29,ANTHEM,22.1839
2026-09-08,15:29,ANUHPHR,19.6818
2026-09-08,15:29,ANURAS,1.2311
2026-09-08,15:29,APARINDS,30.8234
2026-09-08,15:29,APCOTEXIND,3.5612
2026-09-08,15:29,APEX,2.113
2026-09-08,15:29,APLAPOLLO,18.3192
2026-09-08,15:29,APLLTD,-1.264
2026-09-08,15:29,APOLLO,10.3366
2026-09-08,15:29,APOLLOHOSP,-0.7357
2026-09-08,15:29,APOLLOPIPE,20.2237
2026-09-08,15:29,APTECHT,-1.7742
2026-09-08,15:29,ARFIN,2.4905
2026-09-08,15:29,ARIES,42.0612
2026-09-08,15:29,ARIHANTCAP,1.6831
2026-09-08,15:29,ARIS,-0.7954
2026-09-08,15:29,ARMANFIN,5.6685
2026-09-08,15:29,ARROWGREEN,13.3975
2026-09-08,15:29,ARSSBL,0.7354
2026-09-08,15:29,ARTEMISMED,23.3947
2026-09-08,15:29,ARVIND,13.6892
2026-09-08,15:29,ARVSMART,6.1804
2026-09-08,15:29,ASAHIINDIA,9.7634
2026-09-08,15:29,ASHOKLEY,7.3016
2026-09-08,15:29,ASIANENE,43.4439
2026-09-08,15:29,ASIANHOTNR,28.7891
2026-09-08,15:29,ASKAUTOLTD,16.4075
2026-09-08,15:29,ASTEC,2.0556
2026-09-08,15:29,ASTRAL,1.9981
2026-09-08,15:29,ASTRAMICRO,3.1219
2026-09-08,15:29,ATHERENERG,31.2812
2026-09-08,15:29,ATL,11.1494
2026-09-08,15:29,ATLANTAELE,25.3456
2026-09-08,15:29,AUBANK,2.4816
2026-09-08,15:29,AUROPHARMA,9.2177
2026-09-08,15:29,AURUM,1.9926
2026-09-08,15:29,AVADHSUGAR,58.4257
2026-09-08,15:29,AVALON,39.6524
2026-09-08,15:29,AVANTEL,-2.1761
2026-09-08,15:29,AVL,-1.2373
2026-09-08,15:29,AVTNPL,28.0652
2026-09-08,15:29,AWL,0.7251
2026-09-08,15:29,AXISBANK,1.7491
2026-09-08,15:29,AXISCADES,23.9673
2026-09-08,15:29,AYE,13.4176
2026-09-08,15:29,AYMSYNTEX,33.0203
2026-09-08,15:29,AZAD,17.5336
2026-09-08,15:29,BAFNAPH,24.213
2026-09-08,15:29,BAJAJ-AUTO,4.4487
2026-09-08,15:29,BAJAJELEC,3.9444
2026-09-08,15:29,BAJAJFINSV,0.5291
2026-09-08,15:29,BAJAJHCARE,4.6465
2026-09-08,15:29,BAJAJHFL,-1.9262
2026-09-08,15:29,BAJAJHIND,34.881
2026-09-08,15:29,BAJAJHLDNG,1.985
2026-09-08,15:29,BAJEL,4.6327
2026-09-08,15:29,BAJFINANCE,0.5437
2026-09-08,15:29,BALAJITELE,13.0993
2026-09-08,15:29,BALAMINES,10.435
2026-09-08,15:29,BALKRISIND,12.1597
2026-09-08,15:29,BALMLAWRIE,0.2273
2026-09-08,15:29,BALRAMCHIN,17.5465
2026-09-08,15:29,BALUFORGE,21.4734
2026-09-08,15:29,BANARISUG,7.4913
2026-09-08,15:29,BANCOINDIA,0.9561
2026-09-08,15:29,BANDHANBNK,1.6228
2026-09-08,15:29,BANKBARODA,-1.087
2026-09-08,15:29,BANKINDIA,3.3304
2026-09-08,15:29,BANSALWIRE,1.8599
2026-09-08,15:29,BASF,2.3945
2026-09-08,15:29,BBOX,5.2495
2026-09-08,15:29,BBTC,-0.9519
2026-09-08,15:29,BCLIND,4.1667
2026-09-08,15:29,BECTORFOOD,9.607
2026-09-08,15:29,BEEKAY,4.6628
2026-09-08,15:29,BEL,5.5398
2026-09-08,15:29,BELRISE,-0.8121
2026-09-08,15:29,BEML,19.6908
2026-09-08,15:29,BENGALASM,-1.4727
2026-09-08,15:29,BEPL,18.0143
2026-09-08,15:29,BETA,1.4219
2026-09-08,15:29,BFINVEST,0.1443
2026-09-08,15:29,BHAGCHEM,-1.6515
2026-09-08,15:29,BHAGERIA,61.4501
2026-09-08,15:29,BHARATCOAL,-2.2177
2026-09-08,15:29,BHARATSE,7.7468
2026-09-08,15:29,BHEL,4.0419
2026-09-08,15:29,BIL,20.2863
2026-09-08,15:29,BIRLACABLE,74.3256
2026-09-08,15:29,BIRLANU,6.0294
2026-09-08,15:29,BLACKBUCK,5.5402
2026-09-08,15:29,BLACKROSE,6.1253
2026-09-08,15:29,BLIL,3.3828
2026-09-08,15:29,BLISSGVS,60.4754
2026-09-08,15:29,BLKASHYAP,4.9132
2026-09-08,15:29,BLS,0.8485
2026-09-08,15:29,BLSE,13.9476
2026-09-08,15:29,BLUEJET,1.6697
2026-09-08,15:29,BLUESTONE,14.7177
2026-09-08,15:29,BLUSPRING,15.4371
2026-09-08,15:29,BODALCHEM,170.1453
2026-09-08,15:29,BORANA,-0.7137
2026-09-08,15:29,BOROLTD,11.6383
2026-09-08,15:29,BOSCH-HCIL,34.5029
2026-09-08,15:29,BOSCHLTD,18.0949
2026-09-08,15:29,BRIGADE,22.6348
2026-09-08,15:29,BSE,-1.8451
2026-09-08,15:29,BSHSL,5.4598
2026-09-08,15:29,BUILDPRO,9.1069
2026-09-08,15:29,CAMPUS,0.208
2026-09-08,15:29,CANBK,0.3542
2026-09-08,15:29,CANHLIFE,8.8163
2026-09-08,15:29,CANTABIL,-0.6751
2026-09-08,15:29,CAPLIPOINT,7.0239
2026-09-08,15:29,CARBORUNIV,3.2407
2026-09-08,15:29,CARERATING,2.8628
2026-09-08,15:29,CARTRADE,7.2231
2026-09-08,15:29,CARYSIL,0.243
2026-09-08,15:29,CASTROLIND,2.9338
2026-09-08,15:29,CDSL,4.0815
2026-09-08,15:29,CEIGALL,15.4273
2026-09-08,15:29,CELLO,-0.1452
2026-09-08,15:29,CENTENKA,-1.8327
2026-09-08,15:29,CENTRALBK,0.2266
2026-09-08,15:29,CENTUM,24.0603
2026-09-08,15:29,CGCL,18.6355
2026-09-08,15:29,CGPOWER,7.8901
2026-09-08,15:29,CHALET,6.3496
2026-09-08,15:29,CHEMBONDCH,12.6397
2026-09-08,15:29,CHEMCON,19.112
2026-09-08,15:29,CHENNPETRO,23.4901
2026-09-08,15:29,CHEVIOT,4.9875
2026-09-08,15:29,CHOLAFIN,4.016
2026-09-08,15:29,CHOLAHLDNG,0.7393
2026-09-08,15:29,CIFL,-0.0991
2026-09-08,15:29,CLEAN,13.7173
2026-09-08,15:29,CLEANMAX,6.2334
2026-09-08,15:29,CLSEL,10.3031
2026-09-08,15:29,CMRGREEN,3.2822
2026-09-08,15:29,COALINDIA,2.4625
2026-09-08,15:29,COCHINSHIP,10.5309
2026-09-08,15:29,COFFEEDAY,13.1901
2026-09-08,15:29,COFORGE,15.6584
2026-09-08,15:29,COHANCE,6.0716
2026-09-08,15:29,COMSYN,68.3961
2026-09-08,15:29,CONCORDBIO,17.0687
2026-09-08,15:29,CONFIPET,6.4524
2026-09-08,15:29,CONSOFINVT,10.402
2026-09-08,15:29,CONTROLPR,0.5849
2026-09-08,15:29,CORONA,1.1354
2026-09-08,15:29,COSMOFIRST,2.1173
2026-09-08,15:29,CPPLUS,11.5878
2026-09-08,15:29,CRAFTSMAN,22.7772
2026-09-08,15:29,CRISIL,5.8932
2026-09-08,15:29,CSLFINANCE,12.8032
2026-09-08,15:29,CUB,-2.171
2026-09-08,15:29,CUPID,18.5351
2026-09-08,15:29,CYIENT,29.6301
2026-09-08,15:29,CYIENTDLM,43.1557
2026-09-08,15:29,DALMIASUG,27.7951
2026-09-08,15:29,DATAPATTNS,12.5659
2026-09-08,15:29,DBOL,27.7165
2026-09-08,15:29,DCBBANK,17.6576
2026-09-08,15:29,DCI,4.8457
2026-09-08,15:29,DCW,3.587
2026-09-08,15:29,DDEVPLSTIK,-1.0285
2026-09-08,15:29,DECCANCE,4.1361
2026-09-08,15:29,DECNGOLD,14.5717
2026-09-08,15:29,DEEDEV,4.7555
2026-09-08,15:29,DEEPAKNTR,-0.212
2026-09-08,15:29,DEEPINDS,61.4952
2026-09-08,15:29,DEN,-0.1836
2026-09-08,15:29,DEVYANI,21.3419
2026-09-08,15:29,DHAMPURSUG,19.4934
2026-09-08,15:29,DHANUKA,-0.5751
2026-09-08,15:29,DHARMAJ,4.453
2026-09-08,15:29,DHUNINV,17.5823
2026-09-08,15:29,DIACABS,4.6237
2026-09-08,15:29,DIAMONDYD,5.198
2026-09-08,15:29,DICIND,25.0577
2026-09-08,15:29,DIFFNKG,11.9261
2026-09-08,15:29,DIVGIITTS,24.0017
2026-09-08,15:29,DIVISLAB,28.9562
2026-09-08,15:29,DIXON,1.417
2026-09-08,15:29,DLF,1.8174
2026-09-08,15:29,DLINKINDIA,-1.7194
2026-09-08,15:29,DMCC,8.8864
2026-09-08,15:29,DODLA,3.6906
2026-09-08,15:29,DOLATALGO,3.2267
2026-09-08,15:29,DOLLAR,4.3144
2026-09-08,15:29,DOLPHIN,83.5223
2026-09-08,15:29,DPABHUSHAN,1.9942
2026-09-08,15:29,DRAGARWQ,4.2656
2026-09-08,15:29,DREDGECORP,-1.4374
2026-09-08,15:29,DRREDDY,1.3561
2026-09-08,15:29,DVL,22.6173
2026-09-08,15:29,DWARKESH,15.7895
2026-09-08,15:29,DYCL,16.711
2026-09-08,15:29,DYNAMATECH,11.9985
2026-09-08,15:29,E2E,19.8292
2026-09-08,15:29,EBGNG,15.2174
2026-09-08,15:29,ECLERX,2.4978
2026-09-08,15:29,EDELWEISS,21.669
2026-09-08,15:29,EICHERMOT,-1.1294
2026-09-08,15:29,EIDPARRY,-0.5664
2026-09-08,15:29,EIMCOELECO,25.5602
2026-09-08,15:29,ELANTAS,49.2052
2026-09-08,15:29,ELDEHSG,2.2619
2026-09-08,15:29,ELECON,1.5186
2026-09-08,15:29,ELECTCAST,11.7795
2026-09-08,15:29,ELGIEQUIP,12.0731
2026-09-08,15:29,ELPROINTL,-1.6988
2026-09-08,15:29,EMAMIPAP,12.1965
2026-09-08,15:29,EMCURE,1.7757
2026-09-08,15:29,EMIL,46.5417
2026-09-08,15:29,EMKAY,12.9549
2026-09-08,15:29,EMMVEE,0.7298
2026-09-08,15:29,EMUDHRA,10.6499
2026-09-08,15:29,ENDURANCE,1.0417
2026-09-08,15:29,ENGINERSIN,25.4324
2026-09-08,15:29,ENRIN,0.6036
2026-09-08,15:29,ENTERO,49.8463
2026-09-08,15:29,EPIGRAL,1.6489
2026-09-08,15:29,EPL,5.543
2026-09-08,15:29,ESABINDIA,8.9815
2026-09-08,15:29,ESAFSFB,11.3289
2026-09-08,15:29,ESCORTS,0.1096
2026-09-08,15:29,ESTER,1.7811
2026-09-08,15:29,ETERNAL,4.2971
2026-09-08,15:29,ETHOSLTD,8.2644
2026-09-08,15:29,EVEREADY,0.0143
2026-09-08,15:29,EXCELINDUS,0.848
2026-09-08,15:29,EXICOM,14.3316
2026-09-08,15:29,EXIDEIND,-1.24
2026-09-08,15:29,EXPLEOSOL,9.7183
2026-09-08,15:29,FABTECH,-1.449
2026-09-08,15:29,FCL,43.4462
2026-09-08,15:29,FEDDERSHOL,13.6902
2026-09-08,15:29,FEDFINA,7.4123
2026-09-08,15:29,FILATEX,4.8704
2026-09-08,15:29,FINCABLES,33.83
2026-09-08,15:29,FINEORG,8.4647
2026-09-08,15:29,FINKURVE,13.3738
2026-09-08,15:29,FLUOROCHEM,4.2139
2026-09-08,15:29,FORCEMOT,2.4888
2026-09-08,15:29,FOSECOIND,22.5103
2026-09-08,15:29,FRACTAL,0.3346
2026-09-08,15:29,FSL,-1.9995
2026-09-08,15:29,GABRIEL,-1.2928
2026-09-08,15:29,GAEL,6.9283
2026-09-08,15:29,GAIL,-0.0343
2026-09-08,15:29,GALAXYSURF,14.9574
2026-09-08,15:29,GANDHAR,10.978
2026-09-08,15:29,GANDHITUBE,2.2442
2026-09-08,15:29,GANESHBE,3.7381
2026-09-08,15:29,GANESHCP,0.4439
2026-09-08,15:29,GARFIBRES,11.0938
2026-09-08,15:29,GARUDA,7.3868
2026-09-08,15:29,GAYAPROJ,14.6377
2026-09-08,15:29,GCSL,15.1366
2026-09-08,15:29,GEECEE,9.2499
2026-09-08,15:29,GENESYS,0.6426
2026-09-08,15:29,GENUSPOWER,6.5464
2026-09-08,15:29,GEOJITFSL,11.2361
2026-09-08,15:29,GESHIP,0.4646
2026-09-08,15:29,GFLLIMITED,28.5684
2026-09-08,15:29,GHCL,-0.1959
2026-09-08,15:29,GHCLTEXTIL,15.5213
2026-09-08,15:29,GIPCL,24.3815
2026-09-08,15:29,GKSL,37.9449
2026-09-08,15:29,GLAND,21.8671
2026-09-08,15:29,GLAXO,11.2284
2026-09-08,15:29,GLENMARK,13.2702
2026-09-08,15:29,GLOBAL,20.602
2026-09-08,15:29,GLOBUSSPR,-1.4641
2026-09-08,15:29,GMBREW,3.9612
2026-09-08,15:29,GMDCLTD,2.7176
2026-09-08,15:29,GMMPFAUDLR,59.4937
2026-09-08,15:29,GMRP&UI,-0.9223
2026-09-08,15:29,GNA,8.3081
2026-09-08,15:29,GNFC,15.1148
2026-09-08,15:29,GNRL,19.2144
2026-09-08,15:29,GOCLCORP,12.2247
2026-09-08,15:29,GOCOLORS,4.3998
2026-09-08,15:29,GODFRYPHLP,-1.0486
2026-09-08,15:29,GODIGIT,5.4956
2026-09-08,15:29,GODREJAGRO,16.7215
2026-09-08,15:29,GOKULAGRO,10.6077
2026-09-08,15:29,GOPAL,0.7052
2026-09-08,15:29,GPIL,0.0855
2026-09-08,15:29,GPPL,8.2586
2026-09-08,15:29,GRANULES,5.9084
2026-09-08,15:29,GRAPHITE,13.2141
2026-09-08,15:29,GRASIM,6.1164
2026-09-08,15:29,GRAUWEIL,-2.0805
2026-09-08,15:29,GRAVITA,2.6732
2026-09-08,15:29,GREENPLY,6.0397
2026-09-08,15:29,GRINFRA,-1.0251
2026-09-08,15:29,GRMOVER,-1.563
2026-09-08,15:29,GROWW,-0.0307
2026-09-08,15:29,GRPLTD,0.075
2026-09-08,15:29,GRWRHITECH,-2.0364
2026-09-08,15:29,GSFC,0.7645
2026-09-08,15:29,GUFICBIO,13.5525
2026-09-08,15:29,GUJALKALI,2.6859
2026-09-08,15:29,GUJTHEM,27.3532
2026-09-08,15:29,GULFOILLUB,2.1244
2026-09-08,15:29,GVT&D,15.1794
2026-09-08,15:29,GYFTR,27.9543
2026-09-08,15:29,HAL,9.3694
2026-09-08,15:29,HALDYNGL,17.46
2026-09-08,15:29,HAPPYFORGE,38.1333
2026-09-08,15:29,HARSHA,15.416
2026-09-08,15:29,HATSUN,37.9787
2026-09-08,15:29,HBLENGINE,5.2234
2026-09-08,15:29,HCC,13.1879
2026-09-08,15:29,HCG,1.656
2026-09-08,15:29,HDBFS,0.0879
2026-09-08,15:29,HEALTHX,-0.9979
2026-09-08,15:29,HEIDELBERG,1.8298
2026-09-08,15:29,HERANBA,-1.5104
2026-09-08,15:29,HERITGFOOD,18.2029
2026-09-08,15:29,HEROMOTOCO,3.4767
2026-09-08,15:29,HEXAGON,2.5555
2026-09-08,15:29,HEXATRADEX,-0.9693
2026-09-08,15:29,HFCL,33.1069
2026-09-08,15:29,HIKAL,13.3739
2026-09-08,15:29,HINDALCO,7.7531
2026-09-08,15:29,HINDCOPPER,12.6176
2026-09-08,15:29,HINDOILEXP,23.2875
2026-09-08,15:29,HINDUNILVR,-2.111
2026-09-08,15:29,HINDZINC,13.0195
2026-09-08,15:29,HITECHCORP,4.7716
2026-09-08,15:29,HITECHGEAR,-1.2645
2026-09-08,15:29,HMT,13.7442
2026-09-08,15:29,HNDFDS,8.5764
2026-09-08,15:29,HOMEFIRST,4.7502
2026-09-08,15:29,HONASA,5.2975
2026-09-08,15:29,HTMEDIA,2.1302
2026-09-08,15:29,HUBTOWN,-2.1411
2026-09-08,15:29,HYUNDAI,10.8946
2026-09-08,15:29,ICICIBANK,-2.1946
2026-09-08,15:29,ICIL,9.7626
2026-09-08,15:29,ICRA,3.0111
2026-09-08,15:29,IDFCFIRSTB,0.8746
2026-09-08,15:29,IFBIND,-1.2647
2026-09-08,15:29,IFCI,35.1576
2026-09-08,15:29,IFGLEXPOR,1.4224
2026-09-08,15:29,IGL,2.2031
2026-09-08,15:29,IGPL,26.2527
2026-09-08,15:29,IIFL,7.8389
2026-09-08,15:29,IIFLCAPS,0.9218
2026-09-08,15:29,IKIO,5.8787
2026-09-08,15:29,IKS,-2.1763
2026-09-08,15:29,IMAGICAA,17.5848
2026-09-08,15:29,IMPAL,3.3106
2026-09-08,15:29,INDGN,15.8702
2026-09-08,15:29,INDHOTEL,-2.0008
2026-09-08,15:29,INDIANB,3.0746
2026-09-08,15:29,INDIANHUME,3.7067
2026-09-08,15:29,INDIGOPNTS,6.9098
2026-09-08,15:29,INDIQUBE,15.5306
2026-09-08,15:29,INDOAMIN,-0.5168
2026-09-08,15:29,INDOBORAX,29.1998
2026-09-08,15:29,INDOCO,7.1037
2026-09-08,15:29,INDORAMA,51.72
2026-09-08,15:29,INDOTECH,6.619
2026-09-08,15:29,INDSWFTLAB,64.3181
2026-09-08,15:29,INDUSINDBK,0.5797
2026-09-08,15:29,INFY,-2.1434
2026-09-08,15:29,INGERRAND,11.4383
2026-09-08,15:29,INNOVACAP,22.4132
2026-09-08,15:29,INOXINDIA,16.8662
2026-09-08,15:29,INOXWIND,-0.3029
2026-09-08,15:29,INTLCONV,6.4589
2026-09-08,15:29,INVPRECQ,30.532
2026-09-08,15:29,IOB,-1.4775
2026-09-08,15:29,IOLCP,43.3775
2026-09-08,15:29,IONEXCHANG,3.1045
2026-09-08,15:29,IPCALAB,9.9609
2026-09-08,15:29,IRIS,7.0492
2026-09-08,15:29,IRISDOREME,27.5248
2026-09-08,15:29,IRMENERGY,10.2754
2026-09-08,15:29,ITI,-1.1704
2026-09-08,15:29,JAGRAN,0.5951
2026-09-08,15:29,JAGSNPHARM,6.0966
2026-09-08,15:29,JAIBALAJI,12.0912
2026-09-08,15:29,JAICORPLTD,-2.0624
2026-09-08,15:29,JASH,2.2069
2026-09-08,15:29,JAYAGROGN,8.2312
2026-09-08,15:29,JAYKAY,-1.1011
2026-09-08,15:29,JAYNECOIND,2.6256
2026-09-08,15:29,JGCHEM,20.5642
2026-09-08,15:29,JINDALPOLY,8.5225
2026-09-08,15:29,JINDALSAW,19.6189
2026-09-08,15:29,JINDALSTEL,7.7675
2026-09-08,15:29,JINDRILL,16.1158
2026-09-08,15:29,JINDWORLD,42.2752
2026-09-08,15:29,JIOFIN,-1.6577
2026-09-08,15:29,JISLJALEQS,3.4919
2026-09-08,15:29,JKIL,1.5906
2026-09-08,15:29,JKPAPER,5.2191
2026-09-08,15:29,JMFINANCIL,4.7025
2026-09-08,15:29,JSFB,1.6381
2026-09-08,15:29,JSL,1.995
2026-09-08,15:29,JSWDULUX,8.3709
2026-09-08,15:29,JSWHL,4.4167
2026-09-08,15:29,JSWINFRA,4.3369
2026-09-08,15:29,JSWSTEEL,4.042
2026-09-08,15:29,JTLIND,24.8432
2026-09-08,15:29,JUBLCPL,20.2208
2026-09-08,15:29,JUBLFOOD,11.1522
2026-09-08,15:29,JUBLPHARMA,3.5601
2026-09-08,15:29,JUNIPER,10.6694
2026-09-08,15:29,JWL,-1.3189
2026-09-08,15:29,JYOTICNC,28.613
2026-09-08,15:29,KABRAEXTRU,64.4002
2026-09-08,15:29,KAJARIACER,3.3992
2026-09-08,15:29,KALPATARU,0.6472
2026-09-08,15:29,KALYANKJIL,0.6986
2026-09-08,15:29,KAMATHOTEL,38.847
2026-09-08,15:29,KAMDHENU,12.4302
2026-09-08,15:29,KANORICHEM,1.553
2026-09-08,15:29,KANPRPLA,11.3001
2026-09-08,15:29,KAPSTON,27.5203
2026-09-08,15:29,KARURVYSYA,0.8126
2026-09-08,15:29,KAYA,25.1494
2026-09-08,15:29,KAYNES,11.8443
2026-09-08,15:29,KCP,0.4648
2026-09-08,15:29,KDDL,26.9146
2026-09-08,15:29,KENNAMET,61.2584
2026-09-08,15:29,KHAICHEM,9.8794
2026-09-08,15:29,KILITCH,2.3367
2026-09-08,15:29,KINGFA,20.3549
2026-09-08,15:29,KIOCL,8.1445
2026-09-08,15:29,KIRANVYPAR,0.8982
2026-09-08,15:29,KIRIINDUS,45.5693
2026-09-08,15:29,KIRLOSBROS,-0.1616
2026-09-08,15:29,KIRLOSENG,3.6767
2026-09-08,15:29,KIRLOSIND,-2.2305
2026-09-08,15:29,KKCL,0.8648
2026-09-08,15:29,KLBRENG-B,3.9692
2026-09-08,15:29,KMEW,18.6646
2026-09-08,15:29,KNRCON,-0.5565
2026-09-08,15:29,KOLTEPATIL,12.0279
2026-09-08,15:29,KOPRAN,20.1515
2026-09-08,15:29,KOTAKBANK,8.8113
2026-09-08,15:29,KOTHARIPET,8.0338
2026-09-08,15:29,KOVAI,4.1795
2026-09-08,15:29,KPIL,10.4307
2026-09-08,15:29,KPL,41.345
2026-09-08,15:29,KPRMILL,8.7894
2026-09-08,15:29,KRBL,24.653
2026-09-08,15:29,KRISHANA,11.0619
2026-09-08,15:29,KRN,35.3387
2026-09-08,15:29,KRONOX,15.7056
2026-09-08,15:29,KROSS,7.9226
2026-09-08,15:29,KRSNAA,2.4191
2026-09-08,15:29,KRYSTAL,10.6307
2026-09-08,15:29,KSHINTL,39.4171
2026-09-08,15:29,KSL,0.1489
2026-09-08,15:29,KTKBANK,20.7769
2026-09-08,15:29,KUANTUM,0.4253
2026-09-08,15:29,KUSUMGAR,-0.1324
2026-09-08,15:29,KWIL,34.457
2026-09-08,15:29,LALPATHLAB,5.9439
2026-09-08,15:29,LASERPOWER,6.8753
2026-09-08,15:29,LAURUSLABS,10.6885
2026-09-08,15:29,LAXMIINDIA,3.6272
2026-09-08,15:29,LENSKART,25.4395
2026-09-08,15:29,LGBBROSLTD,11.7352
2026-09-08,15:29,LGEINDIA,10.7271
2026-09-08,15:29,LICHSGFIN,3.1702
2026-09-08,15:29,LINCOLN,10.415
2026-09-08,15:29,LMW,17.3765
2026-09-08,15:29,LOKESHMACH,8.0238
2026-09-08,15:29,LOTUSDEV,5.2573
2026-09-08,15:29,LT,2.9776
2026-09-08,15:29,LTF,-0.8682
2026-09-08,15:29,LTFOODS,22.9907
2026-09-08,15:29,LTM,2.8033
2026-09-08,15:29,LUMAXIND,19.832
2026-09-08,15:29,LUMAXTECH,31.3302
2026-09-08,15:29,M&MFIN,0.2276
2026-09-08,15:29,MAANALU,3.0833
2026-09-08,15:29,MACPOWER,44.6065
2026-09-08,15:29,MAGADSUGAR,17.0195
2026-09-08,15:29,MAHABANK,5.7232
2026-09-08,15:29,MAHASTEEL,57.3727
2026-09-08,15:29,MAHLOG,-0.3777
2026-09-08,15:29,MAHSCOOTER,4.1938
2026-09-08,15:29,MAHSEAMLES,18.5595
2026-09-08,15:29,MAITHANALL,10.2545
2026-09-08,15:29,MAMATA,11.265
2026-09-08,15:29,MANAKCOAT,-0.0813
2026-09-08,15:29,MANAKSTEEL,55.856
2026-09-08,15:29,MANALIPETC,36.196
2026-09-08,15:29,MANGLMCEM,9.7851
2026-09-08,15:29,MANINDS,56.2019
2026-09-08,15:29,MANINFRA,31.1332
2026-09-08,15:29,MANORAMA,30.1104
2026-09-08,15:29,MANYAVAR,41.5435
2026-09-08,15:29,MARATHON,16.3885
2026-09-08,15:29,MARINE,54.5269
2026-09-08,15:29,MARKSANS,30.8786
2026-09-08,15:29,MARSONS,19.7205
2026-09-08,15:29,MASTERTR,12.1818
2026-09-08,15:29,MATRIMONY,18.9329
2026-09-08,15:29,MAWANASUG,31.7707
2026-09-08,15:29,MAXESTATES,35.8965
2026-09-08,15:29,MAZDA,27.8643
2026-09-08,15:29,MAZDOCK,7.431
2026-09-08,15:29,MBAPL,1.9665
2026-09-08,15:29,MCX,23.1665
2026-09-08,15:29,MEDANTA,1.9482
2026-09-08,15:29,MEESHO,16.2993
2026-09-08,15:29,MENONBE,28.4705
2026-09-08,15:29,MERCURYEV,7.0273
2026-09-08,15:29,METROPOLIS,-0.5636
2026-09-08,15:29,MFSL,-0.531
2026-09-08,15:29,MGL,2.2713
2026-09-08,15:29,MICEL,-1.3312
2026-09-08,15:29,MIDHANI,21.7613
2026-09-08,15:29,MINDACORP,3.6132
2026-09-08,15:29,MMFL,11.2848
2026-09-08,15:29,MMP,70.5578
2026-09-08,15:29,MMTC,4.2911
2026-09-08,15:29,MODISONLTD,92.7992
2026-09-08,15:29,MOL,18.0628
2026-09-08,15:29,MOLDTECH,61.9815
2026-09-08,15:29,MOLDTKPAC,6.1235
2026-09-08,15:29,MONTECARLO,3.2348
2026-09-08,15:29,MOREPENLAB,111.8626
2026-09-08,15:29,MOSCHIP,5.7447
2026-09-08,15:29,MOTHERSON,10.8143
2026-09-08,15:29,MOTILALOFS,22.8173
2026-09-08,15:29,MPSLTD,5.3335
2026-09-08,15:29,MRPL,8.0797
2026-09-08,15:29,MSTCLTD,30.5088
2026-09-08,15:29,MTARTECH,42.6651
2026-09-08,15:29,MUFIN,9.1885
2026-09-08,15:29,MUKANDLTD,-1.0352
2026-09-08,15:29,MUKKA,34.0899
2026-09-08,15:29,MUNJALAU,10.2424
2026-09-08,15:29,MVGJL,21.2358
2026-09-08,15:29,NAHARINDUS,18.9252
2026-09-08,15:29,NAHARSPING,-0.9104
2026-09-08,15:29,NAM-INDIA,3.3556
2026-09-08,15:29,NATIONALUM,10.9102
2026-09-08,15:29,NAUKRI,4.5181
2026-09-08,15:29,NAVA,0.4074
2026-09-08,15:29,NAVINFLUOR,16.2196
2026-09-08,15:29,NAZARA,21.1842
2026-09-08,15:29,NCC,7.9521
2026-09-08,15:29,NELCAST,-1.8398
2026-09-08,15:29,NELCO,1.1118
2026-09-08,15:29,NEOGEN,9.3217
2026-09-08,15:29,NEPHROPLUS,7.8718
2026-09-08,15:29,NESCO,6.5325
2026-09-08,15:29,NETWEB,15.7381
2026-09-08,15:29,NEULANDLAB,27.1528
2026-09-08,15:29,NEWGEN,-2.1791
2026-09-08,15:29,NFL,-1.3324
2026-09-08,15:29,NIACL,25.8478
2026-09-08,15:29,NIITLTD,0.1997
2026-09-08,15:29,NILKAMAL,8.4412
2026-09-08,15:29,NIRLON,-0.0564
2026-09-08,15:29,NITINSPIN,22.9311
2026-09-08,15:29,NMDC,0.9414
2026-09-08,15:29,NOCIL,14.9789
2026-09-08,15:29,NORTHARC,8.9364
2026-09-08,15:29,NOVARTIND,15.3676
2026-09-08,15:29,NPST,10.6919
2026-09-08,15:29,NRAIL,38.734
2026-09-08,15:29,NRBBEARING,15.7994
2026-09-08,15:29,NRL,27.902
2026-09-08,15:29,NSIL,4.1494
2026-09-08,15:29,NSLNISP,7.063
2026-09-08,15:29,NUCLEUS,-1.0209
2026-09-08,15:29,NUVAMA,1.5259
2026-09-08,15:29,NYKAA,3.4587
2026-09-08,15:29,OAL,43.0746
2026-09-08,15:29,OBEROIRLTY,0.235
2026-09-08,15:29,OCCLLTD,7.2828
2026-09-08,15:29,OFSS,3.9351
2026-09-08,15:29,OIL,11.426
2026-09-08,15:29,OLAELEC,1.4012
2026-09-08,15:29,OMAXE,47.287
2026-09-08,15:29,OMPOWER,1.3473
2026-09-08,15:29,ONEPOINT,1.2758
2026-09-08,15:29,ONGC,-1.218
2026-09-08,15:29,ORBTEXP,-1.873
2026-09-08,15:29,ORCHPHARMA,-1.9841
2026-09-08,15:29,ORICONENT,0.7009
2026-09-08,15:29,ORIENTBELL,27.9389
2026-09-08,15:29,ORIENTCER,11.8012
2026-09-08,15:29,ORIENTELEC,2.95
2026-09-08,15:29,ORIENTHOT,2.8843
2026-09-08,15:29,ORISSAMINE,11.3182
2026-09-08,15:29,ORKLAINDIA,3.9933
2026-09-08,15:29,PAISALO,9.2494
2026-09-08,15:29,PANACHE,25.5876
2026-09-08,15:29,PANAMAPET,7.0455
2026-09-08,15:29,PARACABLES,10.9772
2026-09-08,15:29,PARADEEP,14.7834
2026-09-08,15:29,PARAGMILK,15.7047
2026-09-08,15:29,PARAS,26.8021
2026-09-08,15:29,PARKHOSPS,1.6568
2026-09-08,15:29,PASUPTAC,15.7241
2026-09-08,15:29,PATANJALI,-0.277
2026-09-08,15:29,PATELENG,-0.4804
2026-09-08,15:29,PAUSHAKLTD,32.2977
2026-09-08,15:29,PAYTM,27.6856
2026-09-08,15:29,PCBL,3.2663
2026-09-08,15:29,PDMJEPAPER,3.1159
2026-09-08,15:29,PDSL,-1.0009
2026-09-08,15:29,PENIND,9.3341
2026-09-08,15:29,PERSISTENT,2.4243
2026-09-08,15:29,PETRONET,2.8798
2026-09-08,15:29,PFOCUS,8.2702
2026-09-08,15:29,PGIL,18.7318
2026-09-08,15:29,PIDILITIND,-1.6424
2026-09-08,15:29,PILANIINVS,0.5118
2026-09-08,15:29,PINELABS,10.8605
2026-09-08,15:29,PITTIENG,28.0879
2026-09-08,15:29,PIXTRANS,-1.51
2026-09-08,15:29,PLASTIBLEN,0.5944
2026-09-08,15:29,PNB,3.8961
2026-09-08,15:29,PNBHOUSING,9.136
2026-09-08,15:29,PNGSREVA,28.9185
2026-09-08,15:29,POLICYBZR,15.3287
2026-09-08,15:29,POLYMED,5.0009
2026-09-08,15:29,POLYPLEX,0.7228
2026-09-08,15:29,POWERINDIA,0.0161
2026-09-08,15:29,PPL,2.1051
2026-09-08,15:29,PPLPHARMA,17.1587
2026-09-08,15:29,PRABHA,77.6555
2026-09-08,15:29,PRAJIND,12.035
2026-09-08,15:29,PRAKASH,2.9602
2026-09-08,15:29,PRECWIRE,30.9875
2026-09-08,15:29,PREMEXPLN,2.1941
2026-09-08,15:29,PREMIERPOL,20.1061
2026-09-08,15:29,PRICOLLTD,14.058
2026-09-08,15:29,PRIMESECU,2.1382
2026-09-08,15:29,PRINCEPIPE,9.9885
2026-09-08,15:29,PROSTARM,11.081
2026-09-08,15:29,PROZONER,12.4598
2026-09-08,15:29,PRSMJOHNSN,4.9448
2026-09-08,15:29,PRUDENT,6.0851
2026-09-08,15:29,PTCIL,32.7627
2026-09-08,15:29,PTL,-2.1141
2026-09-08,15:29,PURVA,0.6606
2026-09-08,15:29,PVP,135.3784
2026-09-08,15:29,PVRINOX,10.1194
2026-09-08,15:29,PWL,1.9565
2026-09-08,15:29,QPOWER,38.5829
2026-09-08,15:29,QUADFUTURE,27.5304
2026-09-08,15:29,QUESS,11.2943
2026-09-08,15:29,QUICKHEAL,-2.0991
2026-09-08,15:29,RACLGEAR,17.6264
2026-09-08,15:29,RADHIKAJWE,27.7189
2026-09-08,15:29,RADICO,4.5528
2026-09-08,15:29,RAIN,-1.1213
2026-09-08,15:29,RAINBOW,-1.3338
2026-09-08,15:29,RAJOOENG,3.0117
2026-09-08,15:29,RAJRATAN,2.1277
2026-09-08,15:29,RAJRILTD,5.2268
2026-09-08,15:29,RAMBHAJO,46.876
2026-09-08,15:29,RAMCOSYS,0.1974
2026-09-08,15:29,RAMRAT,21.8324
2026-09-08,15:29,RATNAMANI,18.9815
2026-09-08,15:29,RATNAVEER,59.9613
2026-09-08,15:29,RAYMOND,48.7171
2026-09-08,15:29,RAYMONDLSL,-1.4705
2026-09-08,15:29,RBA,43.3028
2026-09-08,15:29,RBLBANK,14.689
2026-09-08,15:29,RBZJEWEL,25.0725
2026-09-08,15:29,REDINGTON,34.3463
2026-09-08,15:29,REGAAL,9.4534
2026-09-08,15:29,RELIANCE,2.1456
2026-09-08,15:29,RELIGARE,1.7219
2026-09-08,15:29,RENUKA,16.4048
2026-09-08,15:29,RGL,29.0212
2026-09-08,15:29,RIIL,0.3507
2026-09-08,15:29,RISHABH,34.0575
2026-09-08,15:29,RITCO,9.6213
2026-09-08,15:29,RITES,-0.616
2026-09-08,15:29,RKFORGE,11.2027
2026-09-08,15:29,RMDRIP,27.1365
2026-09-08,15:29,RML,23.4349
2026-09-08,15:29,ROLEXRINGS,27.5952
2026-09-08,15:29,ROSSTECH,33.6112
2026-09-08,15:29,ROTO,-0.8485
2026-09-08,15:29,RPEL,33.8659
2026-09-08,15:29,RPTECH,4.1576
2026-09-08,15:29,RSL,36.4002
2026-09-08,15:29,RSWM,4.7672
2026-09-08,15:29,RUBICON,21.1644
2026-09-08,15:29,RUBYMILLS,15.4319
2026-09-08,15:29,SAFARI,-1.6607
2026-09-08,15:29,SAGILITY,5.8851
2026-09-08,15:29,SAIL,12.2098
2026-09-08,15:29,SAILIFE,26.6513
2026-09-08,15:29,SAKAR,36.7163
2026-09-08,15:29,SALSTEEL,30.4127
2026-09-08,15:29,SALZERELEC,-2.1157
2026-09-08,15:29,SAMBHV,7.413
2026-09-08,15:29,SANATHAN,-1.1658
2026-09-08,15:29,SANDESH,8.0267
2026-09-08,15:29,SANDHAR,7.0958
2026-09-08,15:29,SANGHVIMOV,1.0883
2026-09-08,15:29,SANSERA,26.9546
2026-09-08,15:29,SANSTAR,-1.4563
2026-09-08,15:29,SAPPHIRE,23.0039
2026-09-08,15:29,SARDAEN,1.8914
2026-09-08,15:29,SARLAPOLY,2.869
2026-09-08,15:29,SASKEN,8.7303
2026-09-08,15:29,SATIA,12.0416
2026-09-08,15:29,SAURASHCEM,-1.7166
2026-09-08,15:29,SAYAJIHOTL,12.4188
2026-09-08,15:29,SBC,11.2512
2026-09-08,15:29,SBCL,51.4595
2026-09-08,15:29,SBFC,7.8551
2026-09-08,15:29,SBICARD,2.0003
2026-09-08,15:29,SBIN,-0.5132
2026-09-08,15:29,SCI,3.5317
2026-09-08,15:29,SCPL,14.419
2026-09-08,15:29,SDBL,2.5499
2026-09-08,15:29,SEAMECLTD,23.8949
2026-09-08,15:29,SEDEMAC,5.9917
2026-09-08,15:29,SEIL,-1.0809
2026-09-08,15:29,SENORES,14.0418
2026-09-08,15:29,SESHAPAPER,3.6977
2026-09-08,15:29,SETL,49.9815
2026-09-08,15:29,SGFIN,0.386
2026-09-08,15:29,SGIL,-2.0717
2026-09-08,15:29,SGMART,13.7657
2026-09-08,15:29,SHADOWFAX,20.3498
2026-09-08,15:29,SHAILY,11.6652
2026-09-08,15:29,SHALPAINTS,24.2541
2026-09-08,15:29,SHANTIGEAR,67.639
2026-09-08,15:29,SHANTIGOLD,22.2916
2026-09-08,15:29,SHARDAMOTR,7.2547
2026-09-08,15:29,SHILPAMED,58.6087
2026-09-08,15:29,SHINDL,0.1434
2026-09-08,15:29,SHIVAUM,7.9714
2026-09-08,15:29,SHK,1.1252
2026-09-08,15:29,SHOPERSTOP,-0.8721
2026-09-08,15:29,SHREDIGCEM,-0.9955
2026-09-08,15:29,SHREEJISPG,13.3718
2026-09-08,15:29,SHREEPUSHK,29.4872
2026-09-08,15:29,SHREERAMA,11.0907
2026-09-08,15:29,SHRINGARMS,-1.0287
2026-09-08,15:29,SHRIPISTON,3.9318
2026-09-08,15:29,SHRIRAMFIN,-1.1432
2026-09-08,15:29,SHYAMMETL,5.3457
2026-09-08,15:29,SIEMENS,7.3431
2026-09-08,15:29,SIGACHI,36.453
2026-09-08,15:29,SIGMAADV,34.7815
2026-09-08,15:29,SIGNATURE,-1.8868
2026-09-08,15:29,SILINV,11.6234
2026-09-08,15:29,SIMPLEXINF,9.114
2026-09-08,15:29,SINDHUTRAD,-0.1996
2026-09-08,15:29,SIRCA,11.0146
2026-09-08,15:29,SIS,-0.6388
2026-09-08,15:29,SKFINDIA,4.4508
2026-09-08,15:29,SKFINDUS,8.1265
2026-09-08,15:29,SKIPPER,19.6833
2026-09-08,15:29,SKYGOLD,22.6627
2026-09-08,15:29,SMARTWORKS,15.3878
2026-09-08,15:29,SMCGLOBAL,6.8111
2026-09-08,15:29,SMLMAH,65.9264
2026-09-08,15:29,SMSPHARMA,4.8326
2026-09-08,15:29,SNOWMAN,2.1353
2026-09-08,15:29,SOFTTECH,5.8994
2026-09-08,15:29,SOLARA,38.4221
2026-09-08,15:29,SOLARINDS,23.0816
2026-09-08,15:29,SOMANYCERA,17.39
2026-09-08,15:29,SONACOMS,12.763
2026-09-08,15:29,SOTL,9.9572
2026-09-08,15:29,SOUTHBANK,-0.6578
2026-09-08,15:29,SOUTHWEST,1.6637
2026-09-08,15:29,SPAL,6.3577
2026-09-08,15:29,SPECIALITY,-0.0224
2026-09-08,15:29,SPECTRUM,10.7666
2026-09-08,15:29,SPIC,8.421
2026-09-08,15:29,SPLPETRO,11.8855
2026-09-08,15:29,SPORTKING,0.2884
2026-09-08,15:29,SREEL,32.9034
2026-09-08,15:29,SRHHYPOLTD,9.2961
2026-09-08,15:29,SSWL,26.5089
2026-09-08,15:29,STAR,13.9868
2026-09-08,15:29,STARHEALTH,-2.0377
2026-09-08,15:29,STEELCAS,10.4413
2026-09-08,15:29,STEL,8.6737
2026-09-08,15:29,STLNETWORK,29.431
2026-09-08,15:29,STLTECH,55.5891
2026-09-08,15:29,STOVEKRAFT,5.3659
2026-09-08,15:29,STYL,11.6499
2026-09-08,15:29,STYLAMIND,-1.6846
2026-09-08,15:29,STYLEBAAZA,42.5994
2026-09-08,15:29,SUDARCOLOR,8.4576
2026-09-08,15:29,SUDARSCHEM,18.3416
2026-09-08,15:29,SUDEEPPHRM,55.9759
2026-09-08,15:29,SUNCLAY,-0.9496
2026-09-08,15:29,SUNDARMFIN,6.5715
2026-09-08,15:29,SUNDRMFAST,31.5858
2026-09-08,15:29,SUNDROP,-2.181
2026-09-08,15:29,SUPREMEIND,4.6416
2026-09-08,15:29,SUPREMEINF,8.1321
2026-09-08,15:29,SUPRIYA,10.306
2026-09-08,15:29,SURAKSHA,36.6687
2026-09-08,15:29,SUTLEJTEX,6.8421
2026-09-08,15:29,SUVEN,25.7522
2026-09-08,15:29,SVLL,5.2895
2026-09-08,15:29,SWANDEF,3.1433
2026-09-08,15:29,SWARAJENG,2.0852
2026-09-08,15:29,SWIGGY,2.693
2026-09-08,15:29,SYNCOMF,62.0556
2026-09-08,15:29,SYRMA,25.513
2026-09-08,15:29,SYSTMTXC,15.5788
2026-09-08,15:29,TAALTECH,15.4671
2026-09-08,15:29,TALBROAUTO,7.437
2026-09-08,15:29,TARC,0.4966
2026-09-08,15:29,TARIL,0.5244
2026-09-08,15:29,TARSONS,4.5666
2026-09-08,15:29,TASTYBITE,9.2593
2026-09-08,15:29,TATACAP,3.6907
2026-09-08,15:29,TATACOMM,-0.6631
2026-09-08,15:29,TATAPOWER,-1.5619
2026-09-08,15:29,TATASTEEL,0.8323
2026-09-08,15:29,TATATECH,8.1099
2026-09-08,15:29,TATVA,-2.2116
2026-09-08,15:29,TBOTEK,12.3227
2026-09-08,15:29,TBZ,90.7592
2026-09-08,15:29,TCIEXP,0.3738
2026-09-08,15:29,TCPLPACK,19.7891
2026-09-08,15:29,TECHNVISN,0.0814
2026-09-08,15:29,TEGA,8.7542
2026-09-08,15:29,TEJASNET,19.3708
2026-09-08,15:29,TENNIND,-0.2277
2026-09-08,15:29,TEXINFRA,4.9122
2026-09-08,15:29,TEXRAIL,7.7933
2026-09-08,15:29,TFCILTD,45.1875
2026-09-08,15:29,THEINVEST,0.2603
2026-09-08,15:29,THEJO,12.2088
2026-09-08,15:29,THELEELA,14.0664
2026-09-08,15:29,THEMISMED,24.948
2026-09-08,15:29,THOMASCOOK,12.2906
2026-09-08,15:29,THYROCARE,-1.7682
2026-09-08,15:29,TI,21.673
2026-09-08,15:29,TIIL,22.1134
2026-09-08,15:29,TIL,7.6864
2026-09-08,15:29,TIMEX,7.129
2026-09-08,15:29,TIMKEN,0.7576
2026-09-08,15:29,TITAGARH,8.6871
2026-09-08,15:29,TITAN,2.8311
2026-09-08,15:29,TMB,5.2225
2026-09-08,15:29,TMCV,9.4432
2026-09-08,15:29,TNPETRO,48.2531
2026-09-08,15:29,TNPL,7.0074
2026-09-08,15:29,TORNTPHARM,1.2596
2026-09-08,15:29,TRANSPEK,28.6579
2026-09-08,15:29,TRAVELFOOD,0.5589
2026-09-08,15:29,TREL,11.5192
2026-09-08,15:29,TRIVENI,19.235
2026-09-08,15:29,TRUALT,-0.8231
2026-09-08,15:29,TTKHLTCARE,13.6288
2026-09-08,15:29,TURTLEMINT,14.7899
2026-09-08,15:29,TVSMOTOR,3.4982
2026-09-08,15:29,TVSSRICHAK,33.8447
2026-09-08,15:29,UDS,3.7505
2026-09-08,15:29,UEL,80.3109
2026-09-08,15:29,UFBL,2.5656
2026-09-08,15:29,UFLEX,45.4979
2026-09-08,15:29,UGARSUGAR,28.4716
2026-09-08,15:29,ULTRAMAR,14.2296
2026-09-08,15:29,UNICHEMLAB,4.1327
2026-09-08,15:29,UNIECOM,-1.0933
2026-09-08,15:29,UNIMECH,38.0081
2026-09-08,15:29,UNIONBANK,8.9039
2026-09-08,15:29,UNIPARTS,30.2771
2026-09-08,15:29,UNITEDPOLY,41.4683
2026-09-08,15:29,UNIVASTU,31.3277
2026-09-08,15:29,UNIVCABLES,15.8411
2026-09-08,15:29,UNIVPHOTO,14.631
2026-09-08,15:29,UNOMINDA,6.2806
2026-09-08,15:29,URBANCO,31.8266
2026-09-08,15:29,UTIAMC,0.0222
2026-09-08,15:29,UTLSOLAR,13.7629
2026-09-08,15:29,UTTAMSUGAR,28.491
2026-09-08,15:29,V2RETAIL,-0.7662
2026-09-08,15:29,VADILALIND,11.763
2026-09-08,15:29,VALIANTLAB,89.0509
2026-09-08,15:29,VALIANTORG,30.9119
2026-09-08,15:29,VAML,1.0414
2026-09-08,15:29,VARROC,28.9586
2026-09-08,15:29,VEDL,4.8776
2026-09-08,15:29,VEEDOL,4.5291
2026-09-08,15:29,VELJAN,5.2925
2026-09-08,15:29,VENKEYS,13.5473
2026-09-08,15:29,VENUSPIPES,17.3649
2026-09-08,15:29,VENUSREM,6.1736
2026-09-08,15:29,VERANDA,1.7399
2026-09-08,15:29,VGUARD,12.9341
2026-09-08,15:29,VHL,4.763
2026-09-08,15:29,VIDHIING,13.9728
2026-09-08,15:29,VIDYAWIRES,-0.6357
2026-09-08,15:29,VIJAYA,10.5879
2026-09-08,15:29,VIMTALABS,3.9621
2026-09-08,15:29,VINATIORGA,3.6052
2026-09-08,15:29,VINCOFE,8.7306
2026-09-08,15:29,VINDHYATEL,49.5557
2026-09-08,15:29,VIPIND,6.3918
2026-09-08,15:29,VISAKAIND,12.9138
2026-09-08,15:29,VISHNU,17.9349
2026-09-08,15:29,VISL,15.1135
2026-09-08,15:29,VIYASH,3.3537
2026-09-08,15:29,VMART,15.4729
2026-09-08,15:29,VOEPL,14.7599
2026-09-08,15:29,VOGL,7.2265
2026-09-08,15:29,VOLTAMP,22.3358
2026-09-08,15:29,VRLLOG,12.92
2026-09-08,15:29,VSSL,20.1078
2026-09-08,15:29,WABAG,6.0625
2026-09-08,15:29,WAKEFIT,21.295
2026-09-08,15:29,WELCORP,58.2071
2026-09-08,15:29,WELENT,32.9183
2026-09-08,15:29,WELINV,20.1253
2026-09-08,15:29,WELSPLSOL,8.947
2026-09-08,15:29,WELSPUNLIV,29.7323
2026-09-08,15:29,WENDT,1.4398
2026-09-08,15:29,WESTLIFE,15.3063
2026-09-08,15:29,WHEELS,48.6416
2026-09-08,15:29,WHIRLPOOL,3.1522
2026-09-08,15:29,WINDLAS,34.9941
2026-09-08,15:29,WINDMACHIN,10.3847
2026-09-08,15:29,WOCKPHARMA,17.6657
2026-09-08,15:29,WONDERLA,12.305
2026-09-08,15:29,WPIL,-1.4146
2026-09-08,15:29,WSTCSTPAPR,19.4459
2026-09-08,15:29,XPROINDIA,0.8491
2026-09-08,15:29,YASHO,27.6844
2026-09-08,15:29,YATHARTH,16.3019
2026-09-08,15:29,YATRA,5.8692
2026-09-08,15:29,YESBANK,-1.2714
2026-09-08,15:29,YUKEN,45.0043
2026-09-08,15:29,ZENTEC,11.2398
2026-09-08,15:29,ZFCVINDIA,5.9111
2026-09-08,15:29,ZFSTEERING,-0.5047
2026-09-08,15:29,ZIMLAB,11.6396
2026-09-08,15:29,ZUARI,1.0103
2026-09-08,15:29,ZUARIIND,11.3132
2026-09-08,15:29,ZYDUSLIFE,4.2122
2026-09-08,15:29,ZYDUSWELL,1.5834
2026-09-09,15:29,20MICRONS,8.4013
2026-09-09,15:29,3BBLACKBIO,16.146
2026-09-09,15:29,63MOONS,11.1247
2026-09-09,15:29,AARTIDRUGS,2.9666
2026-09-09,15:29,AARTIIND,2.2039
2026-09-09,15:29,AARTIPHARM,21.4803
2026-09-09,15:29,ABB,1.2448
2026-09-09,15:29,ABCAPITAL,0.6036
2026-09-09,15:29,ABSLAMC,4.8157
2026-09-09,15:29,ACE,7.2006
2026-09-09,15:29,ACMESOLAR,9.5323
2026-09-09,15:29,ACUTAAS,-1.9479
2026-09-09,15:29,ADANIENT,2.6517
2026-09-09,15:29,ADANIPORTS,3.2157
2026-09-09,15:29,ADANIPOWER,2.5678
2026-09-09,15:29,ADOR,14.3881
2026-09-09,15:29,AEGISLOG,4.7404
2026-09-09,15:29,AEGISVOPAK,0.7583
2026-09-09,15:29,AEQUS,0.6241
2026-09-09,15:29,AEROENTER,17.0378
2026-09-09,15:29,AEROFLEX,24.534
2026-09-09,15:29,AETHER,8.0633
2026-09-09,15:29,AFCONS,-3.0416
2026-09-09,15:29,AFSL,0.1045
2026-09-09,15:29,AGARWALEYE,5.0941
2026-09-09,15:29,AGI,11.984
2026-09-09,15:29,AJANTPHARM,4.0601
2026-09-09,15:29,AJAXENGG,0.2428
2026-09-09,15:29,AKCAPIT,-0.9834
2026-09-09,15:29,AKUMS,11.5191
2026-09-09,15:29,ALEMBICLTD,18.4648
2026-09-09,15:29,ALICON,8.263
2026-09-09,15:29,ALIVUS,25.0536
2026-09-09,15:29,ALKYLAMINE,6.9939
2026-09-09,15:29,AMANTA,26.9515
2026-09-09,15:29,AMBER,-2.7187
2026-09-09,15:29,AMRUTANJAN,-2.4768
2026-09-09,15:29,ANANDRATHI,7.1548
2026-09-09,15:29,ANANTRAJ,0.0326
2026-09-09,15:29,ANDHRAPAP,9.4006
2026-09-09,15:29,ANDHRSUGAR,16.5494
2026-09-09,15:29,ANGELONE,-1.1405
2026-09-09,15:29,ANTELOPUS,47.8101
2026-09-09,15:29,ANTHEM,19.3608
2026-09-09,15:29,ANUHPHR,22.2391
2026-09-09,15:29,ANURAS,1.2516
2026-09-09,15:29,APARINDS,26.1149
2026-09-09,15:29,APEX,0.5549
2026-09-09,15:29,APLAPOLLO,15.9482
2026-09-09,15:29,APLLTD,0.6712
2026-09-09,15:29,APOLLO,10.2715
2026-09-09,15:29,APOLLOHOSP,0.3581
2026-09-09,15:29,APOLLOPIPE,15.4623
2026-09-09,15:29,APOLLOTYRE,-0.4362
2026-09-09,15:29,APTECHT,-2.762
2026-09-09,15:29,ARFIN,1.8355
2026-09-09,15:29,ARIES,41.4666
2026-09-09,15:29,ARIHANTCAP,0.6005
2026-09-09,15:29,ARIS,-0.56
2026-09-09,15:29,ARMANFIN,6.5429
2026-09-09,15:29,ARROWGREEN,12.347
2026-09-09,15:29,ARSSBL,-1.3369
2026-09-09,15:29,ARTEMISMED,18.6537
2026-09-09,15:29,ARVIND,10.3315
2026-09-09,15:29,ARVINDFASN,-0.6349
2026-09-09,15:29,ARVSMART,0.9591
2026-09-09,15:29,ASAHIINDIA,10.2418
2026-09-09,15:29,ASHOKLEY,5.723
2026-09-09,15:29,ASIANENE,37.7138
2026-09-09,15:29,ASIANHOTNR,29.2539
2026-09-09,15:29,ASKAUTOLTD,20.8691
2026-09-09,15:29,ASTEC,18.4159
2026-09-09,15:29,ASTRAL,-0.1016
2026-09-09,15:29,ATHERENERG,26.7956
2026-09-09,15:29,ATL,6.413
2026-09-09,15:29,ATLANTAELE,19.4173
2026-09-09,15:29,AUBANK,1.7461
2026-09-09,15:29,AUROPHARMA,6.802
2026-09-09,15:29,AURUM,1.3674
2026-09-09,15:29,AVADHSUGAR,58.8065
2026-09-09,15:29,AVALON,36.7436
2026-09-09,15:29,AVANTEL,-0.5141
2026-09-09,15:29,AVL,-0.5109
2026-09-09,15:29,AVTNPL,32.0663
2026-09-09,15:29,AWL,-1.2585
2026-09-09,15:29,AXISBANK,0.2509
2026-09-09,15:29,AXISCADES,19.7995
2026-09-09,15:29,AYE,7.69
2026-09-09,15:29,AYMSYNTEX,29.7408
2026-09-09,15:29,AZAD,17.1092
2026-09-09,15:29,BAFNAPH,19.3463
2026-09-09,15:29,BAJAJ-AUTO,3.9866
2026-09-09,15:29,BAJAJCON,-2.8052
2026-09-09,15:29,BAJAJELEC,2.7984
2026-09-09,15:29,BAJAJFINSV,0.1351
2026-09-09,15:29,BAJAJHCARE,2.362
2026-09-09,15:29,BAJAJHIND,26.182
2026-09-09,15:29,BAJAJHLDNG,1.1782
2026-09-09,15:29,BAJEL,3.5525
2026-09-09,15:29,BAJFINANCE,-1.4321
2026-09-09,15:29,BALAJITELE,10.4043
2026-09-09,15:29,BALAMINES,3.8699
2026-09-09,15:29,BALKRISIND,6.096
2026-09-09,15:29,BALMLAWRIE,-1.9652
2026-09-09,15:29,BALRAMCHIN,15.4626
2026-09-09,15:29,BALUFORGE,22.717
2026-09-09,15:29,BANARISUG,5.0378
2026-09-09,15:29,BANCOINDIA,1.1627
2026-09-09,15:29,BANDHANBNK,-1.0831
2026-09-09,15:29,BANKINDIA,2.4773
2026-09-09,15:29,BASF,0.1417
2026-09-09,15:29,BBOX,3.0311
2026-09-09,15:29,BBTC,-3.2908
2026-09-09,15:29,BCLIND,2.3947
2026-09-09,15:29,BECTORFOOD,11.9099
2026-09-09,15:29,BEEKAY,6.5641
2026-09-09,15:29,BEL,4.7607
2026-09-09,15:29,BELRISE,-0.8374
2026-09-09,15:29,BEML,17.7613
2026-09-09,15:29,BENGALASM,-1.3317
2026-09-09,15:29,BEPL,16.6157
2026-09-09,15:29,BFINVEST,-0.3987
2026-09-09,15:29,BHAGCHEM,-1.6851
2026-09-09,15:29,BHAGERIA,54.6909
2026-09-09,15:29,BHAGYANGR,6.452
2026-09-09,15:29,BHARATCOAL,-1.4006
2026-09-09,15:29,BHARATSE,5.8403
2026-09-09,15:29,BHEL,7.0468
2026-09-09,15:29,BIL,47.8093
2026-09-09,15:29,BIRLACABLE,79.9728
2026-09-09,15:29,BIRLANU,2.0293
2026-09-09,15:29,BLACKBUCK,10.7917
2026-09-09,15:29,BLACKROSE,1.0555
2026-09-09,15:29,BLIL,2.8421
2026-09-09,15:29,BLISSGVS,51.9408
2026-09-09,15:29,BLKASHYAP,2.5921
2026-09-09,15:29,BLS,-2.253
2026-09-09,15:29,BLSE,7.2923
2026-09-09,15:29,BLUEDART,-2.7852
2026-09-09,15:29,BLUESTONE,13.5216
2026-09-09,15:29,BLUSPRING,14.3809
2026-09-09,15:29,BODALCHEM,144.4429
2026-09-09,15:29,BOROLTD,10.1691
2026-09-09,15:29,BOSCH-HCIL,35.1169
2026-09-09,15:29,BOSCHLTD,19.5665
2026-09-09,15:29,BRIGADE,17.4834
2026-09-09,15:29,BSHSL,3.1968
2026-09-09,15:29,BUILDPRO,5.8934
2026-09-09,15:29,CANBK,-0.5131
2026-09-09,15:29,CANHLIFE,1.6386
2026-09-09,15:29,CANTABIL,0.2898
2026-09-09,15:29,CAPLIPOINT,4.2056
2026-09-09,15:29,CARBORUNIV,3.608
2026-09-09,15:29,CARERATING,2.0715
2026-09-09,15:29,CARTRADE,6.002
2026-09-09,15:29,CARYSIL,0.1612
2026-09-09,15:29,CASTROLIND,2.2763
2026-09-09,15:29,CDSL,1.3778
2026-09-09,15:29,CEIGALL,12.8467
2026-09-09,15:29,CELLO,-2.2312
2026-09-09,15:29,CENTRALBK,-1.9558
2026-09-09,15:29,CENTUM,18.7788
2026-09-09,15:29,CGCL,20.2384
2026-09-09,15:29,CGPOWER,11.748
2026-09-09,15:29,CHALET,6.3344
2026-09-09,15:29,CHEMBONDCH,10.045
2026-09-09,15:29,CHEMCON,24.9645
2026-09-09,15:29,CHEMFAB,-1.3722
2026-09-09,15:29,CHENNPETRO,32.3435
2026-09-09,15:29,CHEVIOT,1.5425
2026-09-09,15:29,CHOLAFIN,1.4477
2026-09-09,15:29,CHOLAHLDNG,0.85
2026-09-09,15:29,CIFL,-1.3725
2026-09-09,15:29,CLEAN,11.9897
2026-09-09,15:29,CLEANMAX,5.2251
2026-09-09,15:29,CLSEL,9.5084
2026-09-09,15:29,CMRGREEN,0.9947
2026-09-09,15:29,COALINDIA,5.1091
2026-09-09,15:29,COCHINSHIP,10.8578
2026-09-09,15:29,COFFEEDAY,8.2626
2026-09-09,15:29,COFORGE,7.5864
2026-09-09,15:29,COHANCE,2.7939
2026-09-09,15:29,COMSYN,44.8394
2026-09-09,15:29,CONCOR,-3.0142
2026-09-09,15:29,CONCORDBIO,10.0797
2026-09-09,15:29,CONFIPET,15.815
2026-09-09,15:29,CONSOFINVT,5.6121
2026-09-09,15:29,CONTROLPR,-0.0255
2026-09-09,15:29,CORONA,4.2612
2026-09-09,15:29,COSMOFIRST,1.9852
2026-09-09,15:29,CPPLUS,9.3752
2026-09-09,15:29,CRAFTSMAN,19.0961
2026-09-09,15:29,CREST,-3.1752
2026-09-09,15:29,CRISIL,5.4375
2026-09-09,15:29,CSLFINANCE,15.3554
2026-09-09,15:29,CUB,1.2278
2026-09-09,15:29,CUPID,19.6475
2026-09-09,15:29,CYIENT,23.938
2026-09-09,15:29,CYIENTDLM,38.7092
2026-09-09,15:29,DALMIASUG,21.085
2026-09-09,15:29,DATAPATTNS,10.0663
2026-09-09,15:29,DBOL,22.6417
2026-09-09,15:29,DCBBANK,18.4566
2026-09-09,15:29,DCW,2.2949
2026-09-09,15:29,DDEVPLSTIK,-2.8713
2026-09-09,15:29,DECCANCE,2.7528
2026-09-09,15:29,DECNGOLD,14.2322
2026-09-09,15:29,DEEDEV,2.2348
2026-09-09,15:29,DEEPAKNTR,-1.9527
2026-09-09,15:29,DEEPINDS,45.9987
2026-09-09,15:29,DEN,-1.3416
2026-09-09,15:29,DEVYANI,15.8922
2026-09-09,15:29,DHAMPURSUG,24.367
2026-09-09,15:29,DHARMAJ,1.8278
2026-09-09,15:29,DHUNINV,15.8297
2026-09-09,15:29,DIACABS,-0.7853
2026-09-09,15:29,DIAMONDYD,-0.2663
2026-09-09,15:29,DICIND,20.2375
2026-09-09,15:29,DIFFNKG,13.4999
2026-09-09,15:29,DISAQ,-2.7236
2026-09-09,15:29,DIVGIITTS,19.7064
2026-09-09,15:29,DIVISLAB,21.8832
2026-09-09,15:29,DIXON,-3.0123
2026-09-09,15:29,DLF,-2.2604
2026-09-09,15:29,DLINKINDIA,-2.7325
2026-09-09,15:29,DMART,-2.9391
2026-09-09,15:29,DMCC,8.2225
2026-09-09,15:29,DODLA,3.4421
2026-09-09,15:29,DOLATALGO,0.7844
2026-09-09,15:29,DOLLAR,6.4925
2026-09-09,15:29,DOLPHIN,82.5936
2026-09-09,15:29,DPABHUSHAN,-0.3529
2026-09-09,15:29,DRAGARWQ,4.6939
2026-09-09,15:29,DRREDDY,0.2364
2026-09-09,15:29,DVL,21.7684
2026-09-09,15:29,DWARKESH,22.9474
2026-09-09,15:29,DYCL,15.8924
2026-09-09,15:29,DYNAMATECH,12.5254
2026-09-09,15:29,E2E,23.0034
2026-09-09,15:29,EBGNG,20.5709
2026-09-09,15:29,ECLERX,-1.4961
2026-09-09,15:29,EDELWEISS,15.0991
2026-09-09,15:29,EICHERMOT,-0.5721
2026-09-09,15:29,EIDPARRY,-2.8502
2026-09-09,15:29,EIMCOELECO,23.9871
2026-09-09,15:29,ELANTAS,42.5073
2026-09-09,15:29,ELDEHSG,-1.6863
2026-09-09,15:29,ELECON,-1.0266
2026-09-09,15:29,ELECTCAST,8.712
2026-09-09,15:29,ELGIEQUIP,7.2251
2026-09-09,15:29,ELPROINTL,-1.1866
2026-09-09,15:29,EMAMIPAP,9.5699
2026-09-09,15:29,EMCURE,0.5621
2026-09-09,15:29,EMIL,37.8907
2026-09-09,15:29,EMKAY,4.1104
2026-09-09,15:29,EMMVEE,3.8522
2026-09-09,15:29,EMSLIMITED,-2.6004
2026-09-09,15:29,EMUDHRA,12.566
2026-09-09,15:29,ENDURANCE,-0.9916
2026-09-09,15:29,ENGINERSIN,21.0764
2026-09-09,15:29,ENRIN,0.41
2026-09-09,15:29,ENTERO,49.5909
2026-09-09,15:29,EPIGRAL,3.2467
2026-09-09,15:29,EPL,5.2295
2026-09-09,15:29,EQUITASBNK,-0.588
2026-09-09,15:29,ESABINDIA,6.2702
2026-09-09,15:29,ESAFSFB,9.1371
2026-09-09,15:29,ESCORTS,-0.9149
2026-09-09,15:29,ESTER,2.3271
2026-09-09,15:29,ETERNAL,2.8223
2026-09-09,15:29,ETHOSLTD,7.1624
2026-09-09,15:29,EVEREADY,0.8224
2026-09-09,15:29,EXCELINDUS,-0.1967
2026-09-09,15:29,EXCELSOFT,-3.3158
2026-09-09,15:29,EXICOM,13.2225
2026-09-09,15:29,FABTECH,-1.2837
2026-09-09,15:29,FCL,48.4879
2026-09-09,15:29,FEDDERSHOL,10.7559
2026-09-09,15:29,FEDFINA,1.2124
2026-09-09,15:29,FILATEX,5.7383
2026-09-09,15:29,FINCABLES,37.415
2026-09-09,15:29,FINEORG,7.3947
2026-09-09,15:29,FINKURVE,8.8785
2026-09-09,15:29,FISCHER,-2.7405
2026-09-09,15:29,FLUOROCHEM,3.769
2026-09-09,15:29,FORCEMOT,0.1211
2026-09-09,15:29,FOSECOIND,21.9904
2026-09-09,15:29,FRACTAL,-1.1127
2026-09-09,15:29,GAEL,1.2659
2026-09-09,15:29,GAIL,-0.1256
2026-09-09,15:29,GALAPREC,-2.4751
2026-09-09,15:29,GALAXYSURF,16.7449
2026-09-09,15:29,GANDHAR,14.5017
2026-09-09,15:29,GANDHITUBE,2.7435
2026-09-09,15:29,GANESHBE,4.9361
2026-09-09,15:29,GANESHCP,0.2333
2026-09-09,15:29,GANESHHOU,-1.3077
2026-09-09,15:29,GARFIBRES,11.5967
2026-09-09,15:29,GARUDA,6.4471
2026-09-09,15:29,GAYAPROJ,17.495
2026-09-09,15:29,GCSL,16.2193
2026-09-09,15:29,GEECEE,6.5739
2026-09-09,15:29,GENESYS,-0.9711
2026-09-09,15:29,GENUSPOWER,4.9107
2026-09-09,15:29,GEOJITFSL,6.2881
2026-09-09,15:29,GESHIP,1.6561
2026-09-09,15:29,GFLLIMITED,22.2033
2026-09-09,15:29,GHCL,-2.9261
2026-09-09,15:29,GHCLTEXTIL,11.8297
2026-09-09,15:29,GICRE,-2.5212
2026-09-09,15:29,GIPCL,23.6028
2026-09-09,15:29,GKSL,38.4894
2026-09-09,15:29,GLAND,18.9684
2026-09-09,15:29,GLAXO,10.0442
2026-09-09,15:29,GLENMARK,7.6624
2026-09-09,15:29,GLOBAL,23.241
2026-09-09,15:29,GLOBUSSPR,-3.096
2026-09-09,15:29,GMBREW,1.6842
2026-09-09,15:29,GMDCLTD,0.0522
2026-09-09,15:29,GMMPFAUDLR,62.4339
2026-09-09,15:29,GMRP&UI,-2.0758
2026-09-09,15:29,GNA,1.3906
2026-09-09,15:29,GNFC,9.4268
2026-09-09,15:29,GNRL,15.0348
2026-09-09,15:29,GOCLCORP,12.7301
2026-09-09,15:29,GOCOLORS,0.8824
2026-09-09,15:29,GODIGIT,0.0593
2026-09-09,15:29,GODREJAGRO,20.398
2026-09-09,15:29,GOKULAGRO,3.2975
2026-09-09,15:29,GOPAL,-0.927
2026-09-09,15:29,GPIL,0.4925
2026-09-09,15:29,GPPL,5.5999
2026-09-09,15:29,GPTHEALTH,-2.7274
2026-09-09,15:29,GRANDOAK,2.5452
2026-09-09,15:29,GRANULES,5.1019
2026-09-09,15:29,GRAPHITE,26.7007
2026-09-09,15:29,GRASIM,6.0071
2026-09-09,15:29,GRAVITA,5.0272
2026-09-09,15:29,GREENPLY,2.7467
2026-09-09,15:29,GRINFRA,-2.9834
2026-09-09,15:29,GRMOVER,-0.866
2026-09-09,15:29,GROWW,0.4749
2026-09-09,15:29,GRPLTD,2.6434
2026-09-09,15:29,GRWRHITECH,-3.0858
2026-09-09,15:29,GSFC,-0.3797
2026-09-09,15:29,GTPL,-2.4598
2026-09-09,15:29,GUFICBIO,12.1616
2026-09-09,15:29,GUJALKALI,4.2273
2026-09-09,15:29,GUJTHEM,20.6921
2026-09-09,15:29,GULFOILLUB,1.9233
2026-09-09,15:29,GVT&D,13.9311
2026-09-09,15:29,GYFTR,18.898
2026-09-09,15:29,HAL,8.8959
2026-09-09,15:29,HALDYNGL,16.9929
2026-09-09,15:29,HAPPYFORGE,36.0195
2026-09-09,15:29,HARSHA,10.4238
2026-09-09,15:29,HATSUN,35.3997
2026-09-09,15:29,HAWKINCOOK,-0.1878
2026-09-09,15:29,HBLENGINE,3.1142
2026-09-09,15:29,HCC,9.7424
2026-09-09,15:29,HCG,5.6021
2026-09-09,15:29,HDBFS,-0.6841
2026-09-09,15:29,HEALTHX,-1.9479
2026-09-09,15:29,HEIDELBERG,2.9561
2026-09-09,15:29,HERANBA,-2.3085
2026-09-09,15:29,HERITGFOOD,15.6198
2026-09-09,15:29,HEROMOTOCO,1.3381
2026-09-09,15:29,HEXAGON,8.6368
2026-09-09,15:29,HEXATRADEX,-0.5094
2026-09-09,15:29,HFCL,26.7979
2026-09-09,15:29,HIKAL,8.7226
2026-09-09,15:29,HINDALCO,6.6965
2026-09-09,15:29,HINDCOPPER,10.1045
2026-09-09,15:29,HINDOILEXP,24.7245
2026-09-09,15:29,HINDZINC,12.8004
2026-09-09,15:29,HITECHCORP,4.8438
2026-09-09,15:29,HITECHGEAR,3.5467
2026-09-09,15:29,HMT,11.5151
2026-09-09,15:29,HNDFDS,8.3187
2026-09-09,15:29,HOMEFIRST,2.367
2026-09-09,15:29,HONASA,4.8292
2026-09-09,15:29,HTMEDIA,-0.5242
2026-09-09,15:29,HYUNDAI,9.5087
2026-09-09,15:29,ICIL,7.9075
2026-09-09,15:29,ICRA,0.0209
2026-09-09,15:29,IDBI,-3.0663
2026-09-09,15:29,IDFCFIRSTB,1.1527
2026-09-09,15:29,IFCI,24.7686
2026-09-09,15:29,IFGLEXPOR,9.4371
2026-09-09,15:29,IGL,0.0065
2026-09-09,15:29,IGPL,20.2158
2026-09-09,15:29,IIFL,1.6888
2026-09-09,15:29,IIFLCAPS,0.655
2026-09-09,15:29,IKIO,7.445
2026-09-09,15:29,IKS,-1.4897
2026-09-09,15:29,IMAGICAA,18.9236
2026-09-09,15:29,IMPAL,2.3671
2026-09-09,15:29,INDGN,11.9843
2026-09-09,15:29,INDHOTEL,-2.0929
2026-09-09,15:29,INDIANB,3.4976
2026-09-09,15:29,INDIGOPNTS,0.8074
2026-09-09,15:29,INDIQUBE,13.6548
2026-09-09,15:29,INDNIPPON,12.0659
2026-09-09,15:29,INDOAMIN,-0.8725
2026-09-09,15:29,INDOBORAX,32.8523
2026-09-09,15:29,INDOCO,2.7238
2026-09-09,15:29,INDORAMA,61.7768
2026-09-09,15:29,INDOTECH,5.6037
2026-09-09,15:29,INDRAMEDCO,-0.6893
2026-09-09,15:29,INDSWFTLAB,73.7857
2026-09-09,15:29,INDUSINDBK,-0.8199
2026-09-09,15:29,INDUSTOWER,-3.2241
2026-09-09,15:29,INGERRAND,9.5333
2026-09-09,15:29,INNOVACAP,22.7172
2026-09-09,15:29,INNOVISION,-0.6557
2026-09-09,15:29,INOXINDIA,16.1388
2026-09-09,15:29,INOXWIND,1.0313
2026-09-09,15:29,INSECTICID,-0.8822
2026-09-09,15:29,INTERARCH,-2.1612
2026-09-09,15:29,INTLCONV,3.205
2026-09-09,15:29,INVPRECQ,33.4749
2026-09-09,15:29,IOB,-2.3972
2026-09-09,15:29,IOC,-3.2189
2026-09-09,15:29,IOLCP,42.036
2026-09-09,15:29,IONEXCHANG,3.1965
2026-09-09,15:29,IPCALAB,10.6565
2026-09-09,15:29,IRIS,2.2182
2026-09-09,15:29,IRISDOREME,24.2148
2026-09-09,15:29,IRMENERGY,10.2944
2026-09-09,15:29,JAGRAN,-0.3197
2026-09-09,15:29,JAGSNPHARM,2.1215
2026-09-09,15:29,JAIBALAJI,12.3834
2026-09-09,15:29,JAMNAAUTO,-2.3036
2026-09-09,15:29,JASH,4.8933
2026-09-09,15:29,JAYAGROGN,14.5392
2026-09-09,15:29,JAYKAY,5.1603
2026-09-09,15:29,JAYNECOIND,2.8713
2026-09-09,15:29,JGCHEM,23.2591
2026-09-09,15:29,JINDALPOLY,6.0837
2026-09-09,15:29,JINDALSAW,21.0016
2026-09-09,15:29,JINDALSTEL,5.3091
2026-09-09,15:29,JINDRILL,16.5557
2026-09-09,15:29,JINDWORLD,45.283
2026-09-09,15:29,JISLJALEQS,1.2612
2026-09-09,15:29,JKIL,0.457
2026-09-09,15:29,JKPAPER,5.2246
2026-09-09,15:29,JMFINANCIL,2.8152
2026-09-09,15:29,JSL,7.5223
2026-09-09,15:29,JSWDULUX,6.9178
2026-09-09,15:29,JSWENERGY,-1.9974
2026-09-09,15:29,JSWHL,1.6214
2026-09-09,15:29,JSWINFRA,7.8503
2026-09-09,15:29,JSWSTEEL,2.6163
2026-09-09,15:29,JTLIND,19.164
2026-09-09,15:29,JUBLCPL,19.0427
2026-09-09,15:29,JUBLFOOD,8.1459
2026-09-09,15:29,JUBLPHARMA,4.2562
2026-09-09,15:29,JUNIPER,8.2805
2026-09-09,15:29,JYOTICNC,22.6361
2026-09-09,15:29,KABRAEXTRU,69.9218
2026-09-09,15:29,KAJARIACER,2.4386
2026-09-09,15:29,KALYANKJIL,-3.3408
2026-09-09,15:29,KAMATHOTEL,32.9225
2026-09-09,15:29,KAMDHENU,9.8466
2026-09-09,15:29,KANORICHEM,10.6761
2026-09-09,15:29,KANPRPLA,16.751
2026-09-09,15:29,KAPSTON,22.3415
2026-09-09,15:29,KARURVYSYA,0.147
2026-09-09,15:29,KAYA,23.6225
2026-09-09,15:29,KAYNES,-0.6486
2026-09-09,15:29,KCP,-0.6443
2026-09-09,15:29,KDDL,25.1944
2026-09-09,15:29,KENNAMET,65.0567
2026-09-09,15:29,KHAICHEM,10.0104
2026-09-09,15:29,KILITCH,1.2084
2026-09-09,15:29,KINGFA,21.9186
2026-09-09,15:29,KIOCL,3.4316
2026-09-09,15:29,KIRANVYPAR,4.4243
2026-09-09,15:29,KIRIINDUS,34.9381
2026-09-09,15:29,KIRLFER,-1.4656
2026-09-09,15:29,KIRLOSBROS,-0.2426
2026-09-09,15:29,KIRLOSENG,1.7883
2026-09-09,15:29,KKCL,1.0925
2026-09-09,15:29,KLBRENG-B,7.0216
2026-09-09,15:29,KMEW,10.6053
2026-09-09,15:29,KNRCON,1.319
2026-09-09,15:29,KOLTEPATIL,13.5094
2026-09-09,15:29,KOPRAN,22.297
2026-09-09,15:29,KOTAKBANK,6.0994
2026-09-09,15:29,KOTHARIPET,7.2303
2026-09-09,15:29,KOVAI,3.4399
2026-09-09,15:29,KPIL,8.0635
2026-09-09,15:29,KPL,37.3656
2026-09-09,15:29,KPRMILL,7.5248
2026-09-09,15:29,KRBL,24.645
2026-09-09,15:29,KRISHANA,10.5621
2026-09-09,15:29,KRN,32.2268
2026-09-09,15:29,KRONOX,12.06
2026-09-09,15:29,KROSS,10.7598
2026-09-09,15:29,KRSNAA,5.1551
2026-09-09,15:29,KRYSTAL,5.6819
2026-09-09,15:29,KSHINTL,39.5748
2026-09-09,15:29,KSL,2.1831
2026-09-09,15:29,KTKBANK,18.7276
2026-09-09,15:29,KUANTUM,-2.4765
2026-09-09,15:29,KWIL,31.9548
2026-09-09,15:29,LALPATHLAB,1.9761
2026-09-09,15:29,LASERPOWER,-3.2674
2026-09-09,15:29,LAURUSLABS,8.7408
2026-09-09,15:29,LAXMIINDIA,6.6381
2026-09-09,15:29,LENSKART,23.9882
2026-09-09,15:29,LGBBROSLTD,9.7038
2026-09-09,15:29,LGEINDIA,8.5364
2026-09-09,15:29,LICHSGFIN,0.2801
2026-09-09,15:29,LIKHITHA,-0.9564
2026-09-09,15:29,LINCOLN,9.6491
2026-09-09,15:29,LMW,9.5704
2026-09-09,15:29,LOKESHMACH,7.5011
2026-09-09,15:29,LOTUSDEV,4.3426
2026-09-09,15:29,LT,-0.2238
2026-09-09,15:29,LTF,0.4043
2026-09-09,15:29,LTFOODS,19.7966
2026-09-09,15:29,LTM,-0.2419
2026-09-09,15:29,LUMAXIND,20.7775
2026-09-09,15:29,LUMAXTECH,32.5653
2026-09-09,15:29,M&M,-2.2286
2026-09-09,15:29,MACPOWER,32.7209
2026-09-09,15:29,MAGADSUGAR,17.0397
2026-09-09,15:29,MAHABANK,4.7442
2026-09-09,15:29,MAHASTEEL,46.37
2026-09-09,15:29,MAHLOG,-1.8806
2026-09-09,15:29,MAHSCOOTER,3.8829
2026-09-09,15:29,MAHSEAMLES,16.1955
2026-09-09,15:29,MAITHANALL,9.9653
2026-09-09,15:29,MAMATA,8.8361
2026-09-09,15:29,MANAKCOAT,2.2485
2026-09-09,15:29,MANAKSTEEL,58.7536
2026-09-09,15:29,MANALIPETC,33.6452
2026-09-09,15:29,MANBA,-2.6987
2026-09-09,15:29,MANGLMCEM,11.2748
2026-09-09,15:29,MANINDS,49.7072
2026-09-09,15:29,MANINFRA,32.5917
2026-09-09,15:29,MANORAMA,27.1904
2026-09-09,15:29,MANYAVAR,44.3093
2026-09-09,15:29,MARATHON,11.5537
2026-09-09,15:29,MARINE,58.7071
2026-09-09,15:29,MARKSANS,27.2499
2026-09-09,15:29,MARSONS,23.1022
2026-09-09,15:29,MASTERTR,13.3479
2026-09-09,15:29,MATRIMONY,17.4562
2026-09-09,15:29,MAWANASUG,29.4112
2026-09-09,15:29,MAXESTATES,39.9539
2026-09-09,15:29,MAZDA,28.0034
2026-09-09,15:29,MAZDOCK,4.3765
2026-09-09,15:29,MBAPL,-1.2012
2026-09-09,15:29,MCCHRLS-B,-1.1212
2026-09-09,15:29,MCX,23.2751
2026-09-09,15:29,MEDANTA,3.315
2026-09-09,15:29,MEESHO,20.7444
2026-09-09,15:29,MENONBE,39.1292
2026-09-09,15:29,MERCURYEV,6.115
2026-09-09,15:29,METROPOLIS,1.7748
2026-09-09,15:29,MFSL,-3.0757
2026-09-09,15:29,MGL,-1.8733
2026-09-09,15:29,MICEL,-1.0445
2026-09-09,15:29,MIDHANI,16.7527
2026-09-09,15:29,MINDACORP,1.2351
2026-09-09,15:29,MMFL,12.4385
2026-09-09,15:29,MMP,64.4044
2026-09-09,15:29,MMTC,2.4653
2026-09-09,15:29,MOBIKWIK,-3.3312
2026-09-09,15:29,MODISONLTD,84.4967
2026-09-09,15:29,MOL,12.8196
2026-09-09,15:29,MOLDTECH,47.8125
2026-09-09,15:29,MOLDTKPAC,5.1974
2026-09-09,15:29,MONTECARLO,4.2782
2026-09-09,15:29,MOREPENLAB,101.452
2026-09-09,15:29,MOSCHIP,0.1801
2026-09-09,15:29,MOTHERSON,12.1233
2026-09-09,15:29,MOTILALOFS,19.848
2026-09-09,15:29,MPHASIS,-2.2784
2026-09-09,15:29,MPSLTD,3.7266
2026-09-09,15:29,MRPL,12.8817
2026-09-09,15:29,MSTCLTD,24.4463
2026-09-09,15:29,MTARTECH,44.4166
2026-09-09,15:29,MUFIN,3.6357
2026-09-09,15:29,MUKANDLTD,0.1937
2026-09-09,15:29,MUKKA,29.6007
2026-09-09,15:29,MUNJALAU,7.8562
2026-09-09,15:29,MVGJL,23.477
2026-09-09,15:29,NAHARINDUS,16.7
2026-09-09,15:29,NAHARSPING,-1.3869
2026-09-09,15:29,NAM-INDIA,-0.2825
2026-09-09,15:29,NATIONALUM,9.5445
2026-09-09,15:29,NAUKRI,1.5346
2026-09-09,15:29,NAVA,-0.0801
2026-09-09,15:29,NAVINFLUOR,15.5507
2026-09-09,15:29,NAZARA,23.2999
2026-09-09,15:29,NCC,2.2371
2026-09-09,15:29,NCLIND,-3.3195
2026-09-09,15:29,NDTV,-3.2415
2026-09-09,15:29,NELCAST,-2.004
2026-09-09,15:29,NELCO,2.5907
2026-09-09,15:29,NEOGEN,10.1011
2026-09-09,15:29,NEPHROPLUS,3.8807
2026-09-09,15:29,NESCO,0.7717
2026-09-09,15:29,NETWEB,12.2454
2026-09-09,15:29,NEULANDLAB,17.759
2026-09-09,15:29,NFL,-2.792
2026-09-09,15:29,NHPC,-1.5533
2026-09-09,15:29,NIACL,25.2117
2026-09-09,15:29,NIITLTD,-3.0516
2026-09-09,15:29,NILKAMAL,9.9604
2026-09-09,15:29,NIRLON,-0.0484
2026-09-09,15:29,NITINSPIN,21.1403
2026-09-09,15:29,NMDC,-0.0582
2026-09-09,15:29,NOCIL,13.183
2026-09-09,15:29,NORTHARC,6.7694
2026-09-09,15:29,NOVARTIND,37.0011
2026-09-09,15:29,NPST,8.7421
2026-09-09,15:29,NRAIL,30.4311
2026-09-09,15:29,NRBBEARING,13.491
2026-09-09,15:29,NRL,25.363
2026-09-09,15:29,NSIL,1.7468
2026-09-09,15:29,NSLNISP,4.5982
2026-09-09,15:29,NTPC,-2.6201
2026-09-09,15:29,NUVAMA,-2.512
2026-09-09,15:29,NYKAA,4.7328
2026-09-09,15:29,OAL,35.6004
2026-09-09,15:29,OBEROIRLTY,-1.9875
2026-09-09,15:29,OCCLLTD,9.2115
2026-09-09,15:29,OFSS,1.7765
2026-09-09,15:29,OIL,11.3976
2026-09-09,15:29,OLAELEC,-2.8385
2026-09-09,15:29,OMAXE,41.8917
2026-09-09,15:29,OMPOWER,2.822
2026-09-09,15:29,ONEPOINT,2.6516
2026-09-09,15:29,ONGC,-1.8002
2026-09-09,15:29,ORCHPHARMA,2.3366
2026-09-09,15:29,ORIENTBELL,32.0862
2026-09-09,15:29,ORIENTCER,18.0434
2026-09-09,15:29,ORIENTELEC,0.835
2026-09-09,15:29,ORIENTHOT,3.7043
2026-09-09,15:29,ORISSAMINE,2.8884
2026-09-09,15:29,ORKLAINDIA,3.669
2026-09-09,15:29,OSWALGREEN,0.0994
2026-09-09,15:29,PAISALO,11.9485
2026-09-09,15:29,PANACHE,25
2026-09-09,15:29,PANAMAPET,11.3121
2026-09-09,15:29,PARACABLES,4.6786
2026-09-09,15:29,PARADEEP,0.8816
2026-09-09,15:29,PARAGMILK,17.1038
2026-09-09,15:29,PARAS,21.2471
2026-09-09,15:29,PARKHOSPS,0.9311
2026-09-09,15:29,PASUPTAC,17.0459
2026-09-09,15:29,PATELENG,-2.518
2026-09-09,15:29,PAUSHAKLTD,29.5047
2026-09-09,15:29,PAYTM,31.6917
2026-09-09,15:29,PDMJEPAPER,-1.657
2026-09-09,15:29,PDSL,-1.3132
2026-09-09,15:29,PENIND,6.2086
2026-09-09,15:29,PERSISTENT,-1.1726
2026-09-09,15:29,PETRONET,3.1757
2026-09-09,15:29,PFOCUS,2.4553
2026-09-09,15:29,PFS,-2.0518
2026-09-09,15:29,PGIL,10.5455
2026-09-09,15:29,PHOENIXLTD,-1.319
2026-09-09,15:29,PINELABS,21.0454
2026-09-09,15:29,PITTIENG,23.1707
2026-09-09,15:29,PIXTRANS,1.3934
2026-09-09,15:29,PNB,4.0781
2026-09-09,15:29,PNBHOUSING,8.1132
2026-09-09,15:29,PNGSREVA,16.1341
2026-09-09,15:29,POLICYBZR,11.718
2026-09-09,15:29,POLYMED,2.7108
2026-09-09,15:29,POLYPLEX,1.6858
2026-09-09,15:29,POWERICA,2.5108
2026-09-09,15:29,POWERINDIA,-0.2999
2026-09-09,15:29,PPL,6.2639
2026-09-09,15:29,PPLPHARMA,11.4064
2026-09-09,15:29,PRABHA,73.1358
2026-09-09,15:29,PRAJIND,5.3361
2026-09-09,15:29,PRAKASH,0.3891
2026-09-09,15:29,PRECWIRE,31.6907
2026-09-09,15:29,PREMEXPLN,0.672
2026-09-09,15:29,PREMIERPOL,21.9158
2026-09-09,15:29,PRICOLLTD,12.9059
2026-09-09,15:29,PRIMESECU,1.4671
2026-09-09,15:29,PRINCEPIPE,5.8236
2026-09-09,15:29,PROSTARM,9.167
2026-09-09,15:29,PROZONER,16.8971
2026-09-09,15:29,PRSMJOHNSN,4.2169
2026-09-09,15:29,PRUDENT,4.5591
2026-09-09,15:29,PTCIL,26.7598
2026-09-09,15:29,PTL,-2.8608
2026-09-09,15:29,PURVA,0.9335
2026-09-09,15:29,PVP,136.6703
2026-09-09,15:29,PVRINOX,2.5614
2026-09-09,15:29,PWL,-0.9324
2026-09-09,15:29,QPOWER,36.9412
2026-09-09,15:29,QUADFUTURE,25.242
2026-09-09,15:29,QUESS,15.4847
2026-09-09,15:29,RACLGEAR,26.9739
2026-09-09,15:29,RADHIKAJWE,29.8465
2026-09-09,15:29,RADICO,0.9191
2026-09-09,15:29,RAIN,-0.9218
2026-09-09,15:29,RAINBOW,-3.0467
2026-09-09,15:29,RAJOOENG,7.1292
2026-09-09,15:29,RAJRATAN,4.3997
2026-09-09,15:29,RAJRILTD,4.386
2026-09-09,15:29,RAMBHAJO,49.5079
2026-09-09,15:29,RAMCOSYS,1.127
2026-09-09,15:29,RAMRAT,15.5203
2026-09-09,15:29,RANEHOLDIN,-2.8124
2026-09-09,15:29,RATNAMANI,19.6719
2026-09-09,15:29,RATNAVEER,61.2366
2026-09-09,15:29,RAYMOND,37.3747
2026-09-09,15:29,RBA,49.8434
2026-09-09,15:29,RBLBANK,12.0841
2026-09-09,15:29,RBZJEWEL,23.0508
2026-09-09,15:29,REDINGTON,31.5185
2026-09-09,15:29,REGAAL,3.9496
2026-09-09,15:29,RELIANCE,0.243
2026-09-09,15:29,RELIGARE,2.537
2026-09-09,15:29,RENUKA,11.646
2026-09-09,15:29,RESPONIND,-2.1577
2026-09-09,15:29,RGL,21.5843
2026-09-09,15:29,RIIL,-1.7217
2026-09-09,15:29,RISHABH,34.1389
2026-09-09,15:29,RITCO,5.9933
2026-09-09,15:29,RKFORGE,12.2149
2026-09-09,15:29,RMDRIP,29.5553
2026-09-09,15:29,RML,22.3368
2026-09-09,15:29,ROLEXRINGS,26.2465
2026-09-09,15:29,ROSSTECH,27.6684
2026-09-09,15:29,RPEL,28.6022
2026-09-09,15:29,RPGLIFE,-1.3403
2026-09-09,15:29,RPTECH,2.7212
2026-09-09,15:29,RSL,35.2665
2026-09-09,15:29,RSWM,1.1543
2026-09-09,15:29,RUBICON,18.5192
2026-09-09,15:29,RUBYMILLS,20.4592
2026-09-09,15:29,SAGILITY,0.7355
2026-09-09,15:29,SAIL,9.0313
2026-09-09,15:29,SAILIFE,27.3197
2026-09-09,15:29,SAKAR,35.5706
2026-09-09,15:29,SALSTEEL,26.4612
2026-09-09,15:29,SALZERELEC,-3.2334
2026-09-09,15:29,SAMBHV,12.6328
2026-09-09,15:29,SANATHAN,1.823
2026-09-09,15:29,SANDESH,5.7246
2026-09-09,15:29,SANDHAR,5.7709
2026-09-09,15:29,SANGAMIND,-2.8309
2026-09-09,15:29,SANGHVIMOV,1.1299
2026-09-09,15:29,SANSERA,27.9237
2026-09-09,15:29,SANSTAR,-2.2774
2026-09-09,15:29,SAPPHIRE,17.5247
2026-09-09,15:29,SARDAEN,4.2494
2026-09-09,15:29,SARLAPOLY,2.3092
2026-09-09,15:29,SASKEN,3.5288
2026-09-09,15:29,SATIA,9.5897
2026-09-09,15:29,SAYAJIHOTL,5.9576
2026-09-09,15:29,SBC,15.6844
2026-09-09,15:29,SBCL,53.7681
2026-09-09,15:29,SBFC,10.4224
2026-09-09,15:29,SBICARD,1.1961
2026-09-09,15:29,SBIN,-1.3022
2026-09-09,15:29,SCI,3.1407
2026-09-09,15:29,SCPL,12.713
2026-09-09,15:29,SDBL,0.7449
2026-09-09,15:29,SEAMECLTD,23.1143
2026-09-09,15:29,SEDEMAC,7.2466
2026-09-09,15:29,SENORES,12.9181
2026-09-09,15:29,SESHAPAPER,4.4223
2026-09-09,15:29,SETL,61.4829
2026-09-09,15:29,SGFIN,-0.1177
2026-09-09,15:29,SGIL,1.2476
2026-09-09,15:29,SGMART,9.1435
2026-09-09,15:29,SHADOWFAX,16.1941
2026-09-09,15:29,SHAILY,13.4945
2026-09-09,15:29,SHALPAINTS,20.8009
2026-09-09,15:29,SHANTIGEAR,68.9746
2026-09-09,15:29,SHANTIGOLD,17.0025
2026-09-09,15:29,SHARDAMOTR,7.7881
2026-09-09,15:29,SHAREINDIA,8.3805
2026-09-09,15:29,SHILPAMED,58.8819
2026-09-09,15:29,SHINDL,-0.0684
2026-09-09,15:29,SHIVALIK,49.2555
2026-09-09,15:29,SHIVAUM,5.009
2026-09-09,15:29,SHOPERSTOP,-3.3015
2026-09-09,15:29,SHREDIGCEM,-1.7311
2026-09-09,15:29,SHREEJISPG,14.2514
2026-09-09,15:29,SHREEPUSHK,28.777
2026-09-09,15:29,SHREERAMA,15.5031
2026-09-09,15:29,SHRINGARMS,-0.3599
2026-09-09,15:29,SHRIPISTON,4.3011
2026-09-09,15:29,SHRIRAMFIN,-1.5028
2026-09-09,15:29,SHYAMMETL,3.8796
2026-09-09,15:29,SIEMENS,8.1708
2026-09-09,15:29,SIGACHI,36.0201
2026-09-09,15:29,SIGMAADV,24.7274
2026-09-09,15:29,SIMPLEXINF,10.7387
2026-09-09,15:29,SINDHUTRAD,0.2407
2026-09-09,15:29,SIRCA,6.9814
2026-09-09,15:29,SIS,-0.906
2026-09-09,15:29,SJS,-2.2362
2026-09-09,15:29,SJVN,-3.1005
2026-09-09,15:29,SKFINDIA,3.6569
2026-09-09,15:29,SKFINDUS,11.3998
2026-09-09,15:29,SKIPPER,12.7468
2026-09-09,15:29,SKYGOLD,27.3451
2026-09-09,15:29,SMARTWORKS,14.1563
2026-09-09,15:29,SMCGLOBAL,4.8732
2026-09-09,15:29,SMLMAH,43.8896
2026-09-09,15:29,SMSPHARMA,2.685
2026-09-09,15:29,SNOWMAN,1.7408
2026-09-09,15:29,SOFTTECH,7.4574
2026-09-09,15:29,SOLARA,36.4085
2026-09-09,15:29,SOLARINDS,23.6449
2026-09-09,15:29,SOMANYCERA,13.9123
2026-09-09,15:29,SONACOMS,10.9646
2026-09-09,15:29,SOTL,13.1791
2026-09-09,15:29,SOUTHBANK,-0.1721
2026-09-09,15:29,SOUTHWEST,-1.2839
2026-09-09,15:29,SPAL,0.3469
2026-09-09,15:29,SPECIALITY,2.3325
2026-09-09,15:29,SPECTRUM,12.1401
2026-09-09,15:29,SPIC,4.9379
2026-09-09,15:29,SPLPETRO,10.8228
2026-09-09,15:29,SPORTKING,1.6174
2026-09-09,15:29,SREEL,59.5496
2026-09-09,15:29,SRHHYPOLTD,10.4788
2026-09-09,15:29,SSWL,24.7397
2026-09-09,15:29,STAR,12.8019
2026-09-09,15:29,STEELCAS,6.3523
2026-09-09,15:29,STEL,7.0295
2026-09-09,15:29,STLNETWORK,40.678
2026-09-09,15:29,STLTECH,66.5352
2026-09-09,15:29,STOVEKRAFT,3.9767
2026-09-09,15:29,STYL,10.8023
2026-09-09,15:29,STYLAMIND,0.4663
2026-09-09,15:29,STYLEBAAZA,47.4601
2026-09-09,15:29,SUDARCOLOR,5.1534
2026-09-09,15:29,SUDARSCHEM,22.4583
2026-09-09,15:29,SUDEEPPHRM,45.2881
2026-09-09,15:29,SUKHJITS,1.349
2026-09-09,15:29,SUNCLAY,0.6417
2026-09-09,15:29,SUNDARMFIN,5.5334
2026-09-09,15:29,SUNDRMFAST,26.8953
2026-09-09,15:29,SUNDROP,-1.6777
2026-09-09,15:29,SUPRAJIT,-1.6312
2026-09-09,15:29,SUPREMEIND,1.0807
2026-09-09,15:29,SUPREMEINF,3.3341
2026-09-09,15:29,SUPRIYA,6.0261
2026-09-09,15:29,SURAKSHA,34.8804
2026-09-09,15:29,SUTLEJTEX,4.8832
2026-09-09,15:29,SUVEN,14.0897
2026-09-09,15:29,SVLL,5.8871
2026-09-09,15:29,SWANDEF,10.7279
2026-09-09,15:29,SWARAJENG,0.7428
2026-09-09,15:29,SWIGGY,-1.5974
2026-09-09,15:29,SYNCOMF,52.4603
2026-09-09,15:29,SYRMA,20.7682
2026-09-09,15:29,SYSTMTXC,18.9355
2026-09-09,15:29,TAALTECH,23.082
2026-09-09,15:29,TALBROAUTO,5.6142
2026-09-09,15:29,TARC,-3.2648
2026-09-09,15:29,TARIL,-0.3691
2026-09-09,15:29,TARSONS,0.4219
2026-09-09,15:29,TASTYBITE,5.6344
2026-09-09,15:29,TATACAP,0.3317
2026-09-09,15:29,TATACOMM,-0.4436
2026-09-09,15:29,TATAPOWER,-1.9218
2026-09-09,15:29,TATASTEEL,0.7903
2026-09-09,15:29,TATATECH,6.0951
2026-09-09,15:29,TATVA,-3.2103
2026-09-09,15:29,TBOTEK,13.0369
2026-09-09,15:29,TBZ,92.218
2026-09-09,15:29,TCIEXP,-1.0807
2026-09-09,15:29,TCPLPACK,19.9994
2026-09-09,15:29,TEAMLEASE,-1.3624
2026-09-09,15:29,TECHNOE,-0.354
2026-09-09,15:29,TECHNVISN,2.7135
2026-09-09,15:29,TEGA,11.5594
2026-09-09,15:29,TEJASNET,10.75
2026-09-09,15:29,TEXINFRA,0.2959
2026-09-09,15:29,TEXRAIL,2.492
2026-09-09,15:29,TFCILTD,40.8869
2026-09-09,15:29,THEINVEST,0.7651
2026-09-09,15:29,THEJO,13.798
2026-09-09,15:29,THELEELA,12.6789
2026-09-09,15:29,THEMISMED,23.7043
2026-09-09,15:29,THOMASCOOK,9.3049
2026-09-09,15:29,THYROCARE,-2.2672
2026-09-09,15:29,TI,14.0739
2026-09-09,15:29,TIIL,24.605
2026-09-09,15:29,TIMEX,12.5688
2026-09-09,15:29,TIMKEN,2.4801
2026-09-09,15:29,TITAGARH,5.0968
2026-09-09,15:29,TITAN,3.1916
2026-09-09,15:29,TMB,6.5938
2026-09-09,15:29,TMCV,8.1551
2026-09-09,15:29,TNPETRO,46.1963
2026-09-09,15:29,TNPL,3.2983
2026-09-09,15:29,TORNTPHARM,1.0557
2026-09-09,15:29,TRANSPEK,30.0407
2026-09-09,15:29,TRAVELFOOD,0.8621
2026-09-09,15:29,TREL,10.5694
2026-09-09,15:29,TRIVENI,14.9455
2026-09-09,15:29,TRUALT,-2.0923
2026-09-09,15:29,TTKHLTCARE,13.2473
2026-09-09,15:29,TURTLEMINT,14.3464
2026-09-09,15:29,TVSMOTOR,1.8525
2026-09-09,15:29,TVSSRICHAK,30.874
2026-09-09,15:29,UDS,3.6012
2026-09-09,15:29,UEL,73.4779
2026-09-09,15:29,UFBL,-0.4736
2026-09-09,15:29,UFLEX,42.0679
2026-09-09,15:29,UGARSUGAR,24.8208
2026-09-09,15:29,ULTRAMAR,14.7805
2026-09-09,15:29,UNICHEMLAB,1.7722
2026-09-09,15:29,UNIECOM,0.5882
2026-09-09,15:29,UNIENTER,-2.6504
2026-09-09,15:29,UNIMECH,33.1766
2026-09-09,15:29,UNIONBANK,7.4877
2026-09-09,15:29,UNIPARTS,23.3087
2026-09-09,15:29,UNITEDPOLY,40.8003
2026-09-09,15:29,UNIVASTU,24.2772
2026-09-09,15:29,UNIVCABLES,14.5699
2026-09-09,15:29,UNIVPHOTO,20.9032
2026-09-09,15:29,UNOMINDA,5.1596
2026-09-09,15:29,URBANCO,30.7352
2026-09-09,15:29,USHAMART,-2.4836
2026-09-09,15:29,UTIAMC,-1.5464
2026-09-09,15:29,UTLSOLAR,22.4905
2026-09-09,15:29,UTTAMSUGAR,27.5453
2026-09-09,15:29,V2RETAIL,-1.0718
2026-09-09,15:29,VADILALIND,2.6622
2026-09-09,15:29,VALIANTLAB,94.0881
2026-09-09,15:29,VALIANTORG,33.4199
2026-09-09,15:29,VAML,1.2966
2026-09-09,15:29,VARROC,26.311
2026-09-09,15:29,VEDL,3.0246
2026-09-09,15:29,VEDPOWER,-2.9445
2026-09-09,15:29,VEEDOL,3.732
2026-09-09,15:29,VELJAN,3.0164
2026-09-09,15:29,VENKEYS,12.1946
2026-09-09,15:29,VENUSPIPES,14.4848
2026-09-09,15:29,VENUSREM,2.9188
2026-09-09,15:29,VERANDA,1.9181
2026-09-09,15:29,VGUARD,8.2795
2026-09-09,15:29,VHL,-0.2542
2026-09-09,15:29,VIDHIING,16.5391
2026-09-09,15:29,VIDYAWIRES,0.5151
2026-09-09,15:29,VIJAYA,9.2493
2026-09-09,15:29,VIMTALABS,4.8577
2026-09-09,15:29,VINATIORGA,1.9404
2026-09-09,15:29,VINCOFE,15.0003
2026-09-09,15:29,VINDHYATEL,54.6998
2026-09-09,15:29,VIPIND,2.9015
2026-09-09,15:29,VISAKAIND,10.525
2026-09-09,15:29,VISHNU,14.8352
2026-09-09,15:29,VISL,8.447
2026-09-09,15:29,VIVIANA,5.7655
2026-09-09,15:29,VIYASH,2.0058
2026-09-09,15:29,VLSFINANCE,-2.8555
2026-09-09,15:29,VMART,9.7861
2026-09-09,15:29,VOEPL,12.4695
2026-09-09,15:29,VOGL,3.4217
2026-09-09,15:29,VOLTAMP,18.7788
2026-09-09,15:29,VRLLOG,9.8393
2026-09-09,15:29,VSSL,18.4877
2026-09-09,15:29,WABAG,13.5451
2026-09-09,15:29,WAKEFIT,19.7458
2026-09-09,15:29,WELCORP,53.7124
2026-09-09,15:29,WELENT,31.9818
2026-09-09,15:29,WELINV,23.4171
2026-09-09,15:29,WELSPLSOL,10.647
2026-09-09,15:29,WELSPUNLIV,29.5625
2026-09-09,15:29,WENDT,0.0182
2026-09-09,15:29,WESTLIFE,14.8144
2026-09-09,15:29,WHEELS,67.3475
2026-09-09,15:29,WHIRLPOOL,0.7796
2026-09-09,15:29,WINDLAS,33.0674
2026-09-09,15:29,WINDMACHIN,6.5571
2026-09-09,15:29,WOCKPHARMA,17.3389
2026-09-09,15:29,WONDERLA,10.2559
2026-09-09,15:29,WPIL,-0.6503
2026-09-09,15:29,WSTCSTPAPR,17.0524
2026-09-09,15:29,YASHO,27.8043
2026-09-09,15:29,YATHARTH,18.8258
2026-09-09,15:29,YATRA,6.491
2026-09-09,15:29,YESBANK,-1.8389
2026-09-09,15:29,YUKEN,49.9052
2026-09-09,15:29,ZENTEC,7.0591
2026-09-09,15:29,ZFCVINDIA,3.3561
2026-09-09,15:29,ZFSTEERING,0.1546
2026-09-09,15:29,ZIMLAB,17.6652
2026-09-09,15:29,ZUARIIND,5.1509
2026-09-09,15:29,ZYDUSLIFE,0.4186
2026-09-10,15:29,20MICRONS,5.8979
2026-09-10,15:29,3BBLACKBIO,15.464
2026-09-10,15:29,63MOONS,4.6026
2026-09-10,15:29,AARTIDRUGS,5.8624
2026-09-10,15:29,AARTIIND,4.9667
2026-09-10,15:29,AARTIPHARM,22.4603
2026-09-10,15:29,ABB,0.5143
2026-09-10,15:29,ABCAPITAL,1.51
2026-09-10,15:29,ABSLAMC,7.9005
2026-09-10,15:29,ACCELYA,-2.1357
2026-09-10,15:29,ACE,6.0537
2026-09-10,15:29,ACMESOLAR,10.1331
2026-09-10,15:29,ACUTAAS,6.7289
2026-09-10,15:29,ADANIENT,0.9216
2026-09-10,15:29,ADANIPORTS,6.2436
2026-09-10,15:29,ADANIPOWER,2.1678
2026-09-10,15:29,ADFFOODS,4.4597
2026-09-10,15:29,ADOR,9.6744
2026-09-10,15:29,ADVANCE,-0.3099
2026-09-10,15:29,ADVENZYMES,-0.9308
2026-09-10,15:29,AEGISLOG,4.6666
2026-09-10,15:29,AEGISVOPAK,-0.1539
2026-09-10,15:29,AEQUS,0.6918
2026-09-10,15:29,AEROENTER,13.5015
2026-09-10,15:29,AEROFLEX,32.255
2026-09-10,15:29,AETHER,10.0282
2026-09-10,15:29,AFFLE,-1.7687
2026-09-10,15:29,AFSL,0.1343
2026-09-10,15:29,AGARWALEYE,5.4231
2026-09-10,15:29,AGI,10.3382
2026-09-10,15:29,AJANTPHARM,2.4328
2026-09-10,15:29,AJAXENGG,1.4194
2026-09-10,15:29,AKCAPIT,0.5077
2026-09-10,15:29,AKUMS,13.4802
2026-09-10,15:29,ALEMBICLTD,18.8218
2026-09-10,15:29,ALICON,8.8237
2026-09-10,15:29,ALIVUS,26.8778
2026-09-10,15:29,ALKYLAMINE,7.4474
2026-09-10,15:29,AMANTA,21.9804
2026-09-10,15:29,AMBER,-1.6349
2026-09-10,15:29,ANANDRATHI,8.0027
2026-09-10,15:29,ANANTRAJ,-0.123
2026-09-10,15:29,ANDHRAPAP,17.2347
2026-09-10,15:29,ANDHRSUGAR,17.2682
2026-09-10,15:29,ANGELONE,1.9373
2026-09-10,15:29,ANTELOPUS,40.9353
2026-09-10,15:29,ANTHEM,20.13
2026-09-10,15:29,ANUHPHR,14.4129
2026-09-10,15:29,ANURAS,1.6766
2026-09-10,15:29,APARINDS,26.1695
2026-09-10,15:29,APEX,1.0927
2026-09-10,15:29,APLAPOLLO,15.9368
2026-09-10,15:29,APLLTD,1.7004
2026-09-10,15:29,APOLLO,9.2833
2026-09-10,15:29,APOLLOHOSP,-0.9791
2026-09-10,15:29,APOLLOPIPE,14.823
2026-09-10,15:29,APOLLOTYRE,-0.8625
2026-09-10,15:29,ARFIN,-0.5982
2026-09-10,15:29,ARIES,38.5161
2026-09-10,15:29,ARIHANTCAP,-1.1249
2026-09-10,15:29,ARIS,-0.8124
2026-09-10,15:29,ARMANFIN,7.399
2026-09-10,15:29,ARROWGREEN,9.1548
2026-09-10,15:29,ARSSBL,-1.3364
2026-09-10,15:29,ARTEMISMED,15.3566
2026-09-10,15:29,ARVIND,12.4642
2026-09-10,15:29,ARVINDFASN,1.4545
2026-09-10,15:29,ARVSMART,0.4374
2026-09-10,15:29,ASAHIINDIA,12.2973
2026-09-10,15:29,ASHOKLEY,5.0794
2026-09-10,15:29,ASIANENE,36.1249
2026-09-10,15:29,ASIANHOTNR,25.0695
2026-09-10,15:29,ASKAUTOLTD,22.5197
2026-09-10,15:29,ASTEC,14.1627
2026-09-10,15:29,ASTRAL,-0.8764
2026-09-10,15:29,ASTRAMICRO,-1.6918
2026-09-10,15:29,ATHERENERG,33.6369
2026-09-10,15:29,ATL,7.2331
2026-09-10,15:29,ATLANTAELE,18.6982
2026-09-10,15:29,AUBANK,2.3285
2026-09-10,15:29,AUROPHARMA,5.8428
2026-09-10,15:29,AURUM,1.6419
2026-09-10,15:29,AVADHSUGAR,55.1963
2026-09-10,15:29,AVALON,26.57
2026-09-10,15:29,AVANTEL,-0.4444
2026-09-10,15:29,AVTNPL,28.6566
2026-09-10,15:29,AWL,-1.0022
2026-09-10,15:29,AXISBANK,1.3915
2026-09-10,15:29,AXISCADES,22.724
2026-09-10,15:29,AYE,10.5525
2026-09-10,15:29,AYMSYNTEX,19.4085
2026-09-10,15:29,AZAD,22.743
2026-09-10,15:29,BAFNAPH,19.3358
2026-09-10,15:29,BAJAJ-AUTO,2.9391
2026-09-10,15:29,BAJAJCON,-2.5367
2026-09-10,15:29,BAJAJELEC,2.5816
2026-09-10,15:29,BAJAJFINSV,1.6288
2026-09-10,15:29,BAJAJHCARE,1.7865
2026-09-10,15:29,BAJAJHFL,-2.6583
2026-09-10,15:29,BAJAJHIND,28.5285
2026-09-10,15:29,BAJAJHLDNG,0.2005
2026-09-10,15:29,BAJEL,0.824
2026-09-10,15:29,BAJFINANCE,-0.9492
2026-09-10,15:29,BALAJITELE,11.6502
2026-09-10,15:29,BALAMINES,4.4219
2026-09-10,15:29,BALMLAWRIE,-1.22
2026-09-10,15:29,BALRAMCHIN,18.2542
2026-09-10,15:29,BALUFORGE,23.9376
2026-09-10,15:29,BANARISUG,2.6679
2026-09-10,15:29,BANCOINDIA,0.1117
2026-09-10,15:29,BANDHANBNK,0.7411
2026-09-10,15:29,BANKBARODA,-1.6677
2026-09-10,15:29,BANKINDIA,2.7547
2026-09-10,15:29,BANSALWIRE,-1.1585
2026-09-10,15:29,BASF,0.0109
2026-09-10,15:29,BBOX,2.4835
2026-09-10,15:29,BCLIND,1.2104
2026-09-10,15:29,BECTORFOOD,14.7613
2026-09-10,15:29,BEEKAY,8.9629
2026-09-10,15:29,BEL,5.2221
2026-09-10,15:29,BELRISE,-1.8858
2026-09-10,15:29,BEML,15.5204
2026-09-10,15:29,BENGALASM,-0.0403
2026-09-10,15:29,BEPL,16.528
2026-09-10,15:29,BFINVEST,0.662
2026-09-10,15:29,BHAGERIA,49.9901
2026-09-10,15:29,BHAGYANGR,17.4616
2026-09-10,15:29,BHARATCOAL,-1.095
2026-09-10,15:29,BHARATSE,4.0802
2026-09-10,15:29,BHEL,6.5757
2026-09-10,15:29,BIL,44.2363
2026-09-10,15:29,BIRLACABLE,93.0091
2026-09-10,15:29,BIRLANU,7.2999
2026-09-10,15:29,BLACKBUCK,7.5737
2026-09-10,15:29,BLACKROSE,5.2835
2026-09-10,15:29,BLIL,2.0577
2026-09-10,15:29,BLISSGVS,53.8943
2026-09-10,15:29,BLKASHYAP,3.5029
2026-09-10,15:29,BLS,-1.3068
2026-09-10,15:29,BLSE,7.424
2026-09-10,15:29,BLUEDART,-2.8512
2026-09-10,15:29,BLUESTONE,12.1361
2026-09-10,15:29,BLUSPRING,20.4539
2026-09-10,15:29,BODALCHEM,137.9459
2026-09-10,15:29,BORANA,-2.0355
2026-09-10,15:29,BOROLTD,11.8707
2026-09-10,15:29,BOSCH-HCIL,28.9508
2026-09-10,15:29,BOSCHLTD,17.3887
2026-09-10,15:29,BRIGADE,15.2274
2026-09-10,15:29,BSHSL,2.3384
2026-09-10,15:29,BUILDPRO,4.9497
2026-09-10,15:29,CANBK,0.2575
2026-09-10,15:29,CANHLIFE,3.5547
2026-09-10,15:29,CANTABIL,-0.2493
2026-09-10,15:29,CAPLIPOINT,10.2157
2026-09-10,15:29,CARBORUNIV,3.7298
2026-09-10,15:29,CARERATING,-0.855
2026-09-10,15:29,CARTRADE,8.7044
2026-09-10,15:29,CARYSIL,-0.8831
2026-09-10,15:29,CASTROLIND,1.7531
2026-09-10,15:29,CDSL,1.3918
2026-09-10,15:29,CEIGALL,13.2656
2026-09-10,15:29,CELLO,-0.4114
2026-09-10,15:29,CENTRALBK,-0.6447
2026-09-10,15:29,CENTUM,22.1539
2026-09-10,15:29,CEWATER,-2.2525
2026-09-10,15:29,CGCL,23.3016
2026-09-10,15:29,CGPOWER,9.8427
2026-09-10,15:29,CHALET,8.764
2026-09-10,15:29,CHEMBONDCH,14.2445
2026-09-10,15:29,CHEMCON,23.1607
2026-09-10,15:29,CHEMFAB,2.9313
2026-09-10,15:29,CHENNPETRO,31.352
2026-09-10,15:29,CHEVIOT,6.0571
2026-09-10,15:29,CHOLAFIN,4.8032
2026-09-10,15:29,CHOLAHLDNG,1.9024
2026-09-10,15:29,CLEAN,16.3775
2026-09-10,15:29,CLEANMAX,6.8755
2026-09-10,15:29,CLSEL,8.0729
2026-09-10,15:29,CMRGREEN,3.0622
2026-09-10,15:29,COALINDIA,3.5475
2026-09-10,15:29,COCHINSHIP,8.4373
2026-09-10,15:29,COFFEEDAY,3.9987
2026-09-10,15:29,COFORGE,4.9345
2026-09-10,15:29,COHANCE,4.7026
2026-09-10,15:29,COMSYN,39.9092
2026-09-10,15:29,CONCORDBIO,9.2331
2026-09-10,15:29,CONFIPET,12.2269
2026-09-10,15:29,CONSOFINVT,1.7091
2026-09-10,15:29,CONTROLPR,0.3503
2026-09-10,15:29,CORONA,5.246
2026-09-10,15:29,COSMOFIRST,-0.2774
2026-09-10,15:29,CPPLUS,17.4643
2026-09-10,15:29,CRAFTSMAN,17.9556
2026-09-10,15:29,CRISIL,7.1458
2026-09-10,15:29,CSLFINANCE,13.6284
2026-09-10,15:29,CUB,5.091
2026-09-10,15:29,CUPID,21.189
2026-09-10,15:29,CYIENT,26.9789
2026-09-10,15:29,CYIENTDLM,36.1599
2026-09-10,15:29,DALBHARAT,-2.7254
2026-09-10,15:29,DALMIASUG,22.3246
2026-09-10,15:29,DATAPATTNS,7.0641
2026-09-10,15:29,DBOL,22.3125
2026-09-10,15:29,DCBBANK,21.1037
2026-09-10,15:29,DCW,2.1933
2026-09-10,15:29,DECCANCE,3.9924
2026-09-10,15:29,DECNGOLD,18.169
2026-09-10,15:29,DEEDEV,1.1141
2026-09-10,15:29,DEEPAKNTR,0.1156
2026-09-10,15:29,DEEPINDS,42.6385
2026-09-10,15:29,DEN,-1.3494
2026-09-10,15:29,DEVYANI,14.6714
2026-09-10,15:29,DHAMPURSUG,23.1162
2026-09-10,15:29,DHARMAJ,0.1298
2026-09-10,15:29,DHUNINV,16.2368
2026-09-10,15:29,DIACABS,7.0015
2026-09-10,15:29,DIAMONDYD,-0.8532
2026-09-10,15:29,DICIND,19.0594
2026-09-10,15:29,DIFFNKG,18.1317
2026-09-10,15:29,DIVGIITTS,22.7649
2026-09-10,15:29,DIVISLAB,20.4659
2026-09-10,15:29,DLF,0.1527
2026-09-10,15:29,DMCC,11.0921
2026-09-10,15:29,DODLA,4.6362
2026-09-10,15:29,DOLATALGO,2.8449
2026-09-10,15:29,DOLLAR,1.6075
2026-09-10,15:29,DOLPHIN,74.0056
2026-09-10,15:29,DPABHUSHAN,2.0533
2026-09-10,15:29,DRAGARWQ,6.2369
2026-09-10,15:29,DRREDDY,-0.1572
2026-09-10,15:29,DVL,19.4586
2026-09-10,15:29,DWARKESH,24.8092
2026-09-10,15:29,DYCL,18.1984
2026-09-10,15:29,DYNAMATECH,12.3734
2026-09-10,15:29,E2E,23.0129
2026-09-10,15:29,EBGNG,21.9664
2026-09-10,15:29,ECLERX,-0.5809
2026-09-10,15:29,EDELWEISS,18.7598
2026-09-10,15:29,EFCIL,-1.068
2026-09-10,15:29,EICHERMOT,-2.7235
2026-09-10,15:29,EIEL,-0.9176
2026-09-10,15:29,EIMCOELECO,31.072
2026-09-10,15:29,EKC,-2.2623
2026-09-10,15:29,ELANTAS,43.6676
2026-09-10,15:29,ELDEHSG,1.3748
2026-09-10,15:29,ELECON,0.7789
2026-09-10,15:29,ELECTCAST,12.7488
2026-09-10,15:29,ELGIEQUIP,9.2155
2026-09-10,15:29,ELPROINTL,-1.8361
2026-09-10,15:29,EMAMIPAP,12.7994
2026-09-10,15:29,EMCURE,2.716
2026-09-10,15:29,EMIL,47.7016
2026-09-10,15:29,EMKAY,5.3477
2026-09-10,15:29,EMMVEE,11.449
2026-09-10,15:29,EMSLIMITED,2.0467
2026-09-10,15:29,EMUDHRA,9.0571
2026-09-10,15:29,ENGINERSIN,22.5561
2026-09-10,15:29,ENRIN,1.8387
2026-09-10,15:29,ENTERO,44.2397
2026-09-10,15:29,EPIGRAL,4.0261
2026-09-10,15:29,EPL,6.2977
2026-09-10,15:29,EQUITASBNK,0.0689
2026-09-10,15:29,ERIS,-1.3525
2026-09-10,15:29,ESABINDIA,4.2047
2026-09-10,15:29,ESAFSFB,10.7182
2026-09-10,15:29,ESCORTS,-1.8317
2026-09-10,15:29,ESTER,2.7929
2026-09-10,15:29,ETERNAL,3.6858
2026-09-10,15:29,ETHOSLTD,5.9658
2026-09-10,15:29,EVEREADY,6.3762
2026-09-10,15:29,EXCELINDUS,-0.2362
2026-09-10,15:29,EXCELSOFT,4.0811
2026-09-10,15:29,EXICOM,12.2095
2026-09-10,15:29,EXPLEOSOL,-2.5149
2026-09-10,15:29,FABTECH,-1.7724
2026-09-10,15:29,FCL,55.6056
2026-09-10,15:29,FEDDERSHOL,13.0252
2026-09-10,15:29,FEDERALBNK,-2.3013
2026-09-10,15:29,FEDFINA,3.945
2026-09-10,15:29,FILATEX,11.5745
2026-09-10,15:29,FINCABLES,45.776
2026-09-10,15:29,FINEORG,5.7207
2026-09-10,15:29,FINKURVE,9.5012
2026-09-10,15:29,FLUOROCHEM,8.9033
2026-09-10,15:29,FORCEMOT,3.1615
2026-09-10,15:29,FOSECOIND,24.6403
2026-09-10,15:29,FRACTAL,-0.6673
2026-09-10,15:29,GAIL,0.4895
2026-09-10,15:29,GALAPREC,-1.5274
2026-09-10,15:29,GALAXYSURF,15.2513
2026-09-10,15:29,GANDHAR,25.0634
2026-09-10,15:29,GANDHITUBE,2.8712
2026-09-10,15:29,GANESHBE,14.947
2026-09-10,15:29,GANESHCP,1.7674
2026-09-10,15:29,GANESHHOU,3.5155
2026-09-10,15:29,GARFIBRES,8.5362
2026-09-10,15:29,GARUDA,6.6187
2026-09-10,15:29,GAYAPROJ,28.3644
2026-09-10,15:29,GCSL,17.7101
2026-09-10,15:29,GEECEE,7.4321
2026-09-10,15:29,GENESYS,12.0471
2026-09-10,15:29,GENUSPOWER,6.0995
2026-09-10,15:29,GEOJITFSL,5.342
2026-09-10,15:29,GESHIP,2.1075
2026-09-10,15:29,GFLLIMITED,24.7918
2026-09-10,15:29,GHCLTEXTIL,16.1409
2026-09-10,15:29,GIPCL,24.2516
2026-09-10,15:29,GKENERGY,-0.3891
2026-09-10,15:29,GKSL,36.3508
2026-09-10,15:29,GLAND,17.0799
2026-09-10,15:29,GLAXO,8.8176
2026-09-10,15:29,GLENMARK,10.2589
2026-09-10,15:29,GLOBAL,20.1712
2026-09-10,15:29,GMBREW,1.2988
2026-09-10,15:29,GMDCLTD,3.7077
2026-09-10,15:29,GMMPFAUDLR,62.0042
2026-09-10,15:29,GNA,4.3613
2026-09-10,15:29,GNFC,8.2914
2026-09-10,15:29,GNRL,14.3145
2026-09-10,15:29,GOCLCORP,11.4779
2026-09-10,15:29,GODIGIT,-1.6474
2026-09-10,15:29,GODREJAGRO,20.3164
2026-09-10,15:29,GOKULAGRO,0.5552
2026-09-10,15:29,GOPAL,-1.4005
2026-09-10,15:29,GPIL,1.155
2026-09-10,15:29,GPPL,7.7419
2026-09-10,15:29,GPTHEALTH,-2.8608
2026-09-10,15:29,GRANDOAK,9.5337
2026-09-10,15:29,GRANULES,7.8302
2026-09-10,15:29,GRAPHITE,23.8997
2026-09-10,15:29,GRASIM,6.899
2026-09-10,15:29,GRAUWEIL,-0.5979
2026-09-10,15:29,GRAVITA,7.6421
2026-09-10,15:29,GREENPLY,4.0323
2026-09-10,15:29,GRMOVER,-0.6812
2026-09-10,15:29,GROWW,1.825
2026-09-10,15:29,GRWRHITECH,0.116
2026-09-10,15:29,GSFC,0.7222
2026-09-10,15:29,GTPL,-0.2837
2026-09-10,15:29,GUFICBIO,10.0794
2026-09-10,15:29,GUJALKALI,7.549
2026-09-10,15:29,GUJTHEM,22.3613
2026-09-10,15:29,GULFOILLUB,1.7737
2026-09-10,15:29,GVT&D,8.1551
2026-09-10,15:29,GYFTR,19.5767
2026-09-10,15:29,HAL,8.0456
2026-09-10,15:29,HALDYNGL,17.6013
2026-09-10,15:29,HAPPYFORGE,34.4126
2026-09-10,15:29,HARSHA,12.3477
2026-09-10,15:29,HATSUN,35.8081
2026-09-10,15:29,HAWKINCOOK,-1.436
2026-09-10,15:29,HBLENGINE,3.0888
2026-09-10,15:29,HCC,8.9303
2026-09-10,15:29,HCG,4.6666
2026-09-10,15:29,HDBFS,-0.4773
2026-09-10,15:29,HEALTHX,-1.5635
2026-09-10,15:29,HEIDELBERG,3.893
2026-09-10,15:29,HERANBA,-1.5203
2026-09-10,15:29,HERITGFOOD,20.8409
2026-09-10,15:29,HEROMOTOCO,-0.8451
2026-09-10,15:29,HEXAGON,8.5682
2026-09-10,15:29,HEXATRADEX,-0.343
2026-09-10,15:29,HFCL,26.3306
2026-09-10,15:29,HIKAL,8.1985
2026-09-10,15:29,HINDALCO,4.493
2026-09-10,15:29,HINDCOPPER,9.797
2026-09-10,15:29,HINDOILEXP,17.8325
2026-09-10,15:29,HINDZINC,10.7669
2026-09-10,15:29,HITECHCORP,3.1832
2026-09-10,15:29,HITECHGEAR,1.0023
2026-09-10,15:29,HMT,3.7163
2026-09-10,15:29,HNDFDS,7.9958
2026-09-10,15:29,HOMEFIRST,1.7842
2026-09-10,15:29,HONASA,6.6599
2026-09-10,15:29,HTMEDIA,-0.8561
2026-09-10,15:29,HUBTOWN,-2.1731
2026-09-10,15:29,HYUNDAI,9.2558
2026-09-10,15:29,ICICIAMC,-0.5866
2026-09-10,15:29,ICIL,9.153
2026-09-10,15:29,IDBI,-2.8796
2026-09-10,15:29,IDFCFIRSTB,2.454
2026-09-10,15:29,IFBIND,-2.2324
2026-09-10,15:29,IFCI,15.8188
2026-09-10,15:29,IFGLEXPOR,9.1236
2026-09-10,15:29,IGL,1.1335
2026-09-10,15:29,IGPL,18.2313
2026-09-10,15:29,IIFL,-0.0329
2026-09-10,15:29,IIFLCAPS,0.5065
2026-09-10,15:29,IKIO,16.3186
2026-09-10,15:29,IKS,0.0785
2026-09-10,15:29,IMAGICAA,16.9488
2026-09-10,15:29,IMPAL,3.8493
2026-09-10,15:29,INDGN,12.1721
2026-09-10,15:29,INDIANB,3.5358
2026-09-10,15:29,INDIGOPNTS,-0.2868
2026-09-10,15:29,INDIQUBE,20.4994
2026-09-10,15:29,INDNIPPON,17.9562
2026-09-10,15:29,INDOAMIN,0.3295
2026-09-10,15:29,INDOBORAX,26.1284
2026-09-10,15:29,INDOCO,17.3335
2026-09-10,15:29,INDOMIM,35.6994
2026-09-10,15:29,INDORAMA,50.727
2026-09-10,15:29,INDOTECH,6.3345
2026-09-10,15:29,INDRAMEDCO,0.0556
2026-09-10,15:29,INDSWFTLAB,71.7314
2026-09-10,15:29,INDUSINDBK,-1.7945
2026-09-10,15:29,INGERRAND,7.6466
2026-09-10,15:29,INNOVACAP,20.4064
2026-09-10,15:29,INOXGREEN,1.6377
2026-09-10,15:29,INOXINDIA,20.9908
2026-09-10,15:29,INOXWIND,1.387
2026-09-10,15:29,INSECTICID,-1.5511
2026-09-10,15:29,INTELLECT,-2.8987
2026-09-10,15:29,INVPRECQ,31.6177
2026-09-10,15:29,IOB,-2.5793
2026-09-10,15:29,IOLCP,46.1666
2026-09-10,15:29,IONEXCHANG,4.2994
2026-09-10,15:29,IPCALAB,12.0594
2026-09-10,15:29,IRIS,3.1174
2026-09-10,15:29,IRISDOREME,25.5088
2026-09-10,15:29,IRMENERGY,9.2445
2026-09-10,15:29,JAGRAN,-2.6378
2026-09-10,15:29,JAGSNPHARM,-1.2921
2026-09-10,15:29,JAIBALAJI,14.5353
2026-09-10,15:29,JAMNAAUTO,1.1817
2026-09-10,15:29,JARO,-2.281
2026-09-10,15:29,JASH,5.8889
2026-09-10,15:29,JAYAGROGN,17.1469
2026-09-10,15:29,JAYKAY,4.4675
2026-09-10,15:29,JAYNECOIND,5.0034
2026-09-10,15:29,JGCHEM,21.0211
2026-09-10,15:29,JINDALPOLY,7.5506
2026-09-10,15:29,JINDALSAW,24.8525
2026-09-10,15:29,JINDALSTEL,3.959
2026-09-10,15:29,JINDRILL,8.9335
2026-09-10,15:29,JINDWORLD,44.482
2026-09-10,15:29,JISLJALEQS,2.1436
2026-09-10,15:29,JKIL,-0.4633
2026-09-10,15:29,JKPAPER,9.7264
2026-09-10,15:29,JMFINANCIL,4.8537
2026-09-10,15:29,JSL,3.3074
2026-09-10,15:29,JSWDULUX,7.6624
2026-09-10,15:29,JSWENERGY,-2.437
2026-09-10,15:29,JSWHL,2.2151
2026-09-10,15:29,JSWINFRA,7.3343
2026-09-10,15:29,JSWSTEEL,2.6125
2026-09-10,15:29,JTLIND,22.6389
2026-09-10,15:29,JUBLCPL,16.3924
2026-09-10,15:29,JUBLFOOD,7.7308
2026-09-10,15:29,JUBLPHARMA,6.6552
2026-09-10,15:29,JUNIPER,16.2347
2026-09-10,15:29,JYOTICNC,23.5189
2026-09-10,15:29,KABRAEXTRU,93.7431
2026-09-10,15:29,KAJARIACER,4.354
2026-09-10,15:29,KAMATHOTEL,34.5067
2026-09-10,15:29,KAMDHENU,15.1497
2026-09-10,15:29,KANORICHEM,22.3216
2026-09-10,15:29,KANPRPLA,19.3796
2026-09-10,15:29,KAPSTON,26.0668
2026-09-10,15:29,KARURVYSYA,-1.4693
2026-09-10,15:29,KAYA,21.8901
2026-09-10,15:29,KCP,0.3092
2026-09-10,15:29,KDDL,21.9187
2026-09-10,15:29,KENNAMET,78.3766
2026-09-10,15:29,KHAICHEM,11.0689
2026-09-10,15:29,KILITCH,-2.9122
2026-09-10,15:29,KINGFA,22.0839
2026-09-10,15:29,KIOCL,3.2847
2026-09-10,15:29,KIRANVYPAR,3.0416
2026-09-10,15:29,KIRIINDUS,27.461
2026-09-10,15:29,KIRLFER,0.0859
2026-09-10,15:29,KIRLOSENG,3.5679
2026-09-10,15:29,KISSHT,5.1488
2026-09-10,15:29,KKCL,-0.7812
2026-09-10,15:29,KLBRENG-B,10.6117
2026-09-10,15:29,KMEW,15.2867
2026-09-10,15:29,KNACK,-1.9715
2026-09-10,15:29,KNRCON,2.9294
2026-09-10,15:29,KOLTEPATIL,17.8091
2026-09-10,15:29,KOPRAN,25.3895
2026-09-10,15:29,KOTAKBANK,6.9723
2026-09-10,15:29,KOTHARIPET,6.6741
2026-09-10,15:29,KOVAI,5.7746
2026-09-10,15:29,KPIL,11.6395
2026-09-10,15:29,KPL,37.9478
2026-09-10,15:29,KPRMILL,9.0971
2026-09-10,15:29,KRBL,20.7044
2026-09-10,15:29,KRISHANA,1.9161
2026-09-10,15:29,KRN,37.005
2026-09-10,15:29,KRONOX,13.0646
2026-09-10,15:29,KROSS,20.2493
2026-09-10,15:29,KRSNAA,7.6997
2026-09-10,15:29,KRYSTAL,4.0403
2026-09-10,15:29,KSHINTL,41.3202
2026-09-10,15:29,KSL,9.929
2026-09-10,15:29,KTKBANK,14.3766
2026-09-10,15:29,KUSUMGAR,-0.7366
2026-09-10,15:29,KWIL,37.2893
2026-09-10,15:29,LALPATHLAB,2.0172
2026-09-10,15:29,LAURUSLABS,9.1899
2026-09-10,15:29,LAXMIINDIA,6.1597
2026-09-10,15:29,LCL,13.4755
2026-09-10,15:29,LENSKART,23.1001
2026-09-10,15:29,LGBBROSLTD,7.9547
2026-09-10,15:29,LGEINDIA,10.0293
2026-09-10,15:29,LICHSGFIN,2.1076
2026-09-10,15:29,LIKHITHA,-2.7486
2026-09-10,15:29,LINC,-2.836
2026-09-10,15:29,LINCOLN,10.88
2026-09-10,15:29,LMW,8.4472
2026-09-10,15:29,LOKESHMACH,2.5849
2026-09-10,15:29,LOTUSDEV,7.5761
2026-09-10,15:29,LT,0.4393
2026-09-10,15:29,LTF,1.649
2026-09-10,15:29,LTFOODS,11.1811
2026-09-10,15:29,LTM,-1.5175
2026-09-10,15:29,LUMAXIND,12.5925
2026-09-10,15:29,LUMAXTECH,28.0976
2026-09-10,15:29,MACPOWER,26.276
2026-09-10,15:29,MAGADSUGAR,10.8192
2026-09-10,15:29,MAHABANK,6.4219
2026-09-10,15:29,MAHASTEEL,37.8111
2026-09-10,15:29,MAHLOG,-0.6333
2026-09-10,15:29,MAHSCOOTER,6.1684
2026-09-10,15:29,MAHSEAMLES,25.5698
2026-09-10,15:29,MAITHANALL,9.593
2026-09-10,15:29,MAMATA,5.9516
2026-09-10,15:29,MANAKCOAT,1.8675
2026-09-10,15:29,MANAKSTEEL,71.5543
2026-09-10,15:29,MANALIPETC,33.7105
2026-09-10,15:29,MANGLMCEM,8.5766
2026-09-10,15:29,MANINDS,65.5553
2026-09-10,15:29,MANINFRA,33.8953
2026-09-10,15:29,MANORAMA,27.5073
2026-09-10,15:29,MANYAVAR,38.0416
2026-09-10,15:29,MARATHON,14.7906
2026-09-10,15:29,MARINE,57.5226
2026-09-10,15:29,MARKSANS,27.7649
2026-09-10,15:29,MARSONS,14.6069
2026-09-10,15:29,MASTERTR,13.4381
2026-09-10,15:29,MATRIMONY,16.7753
2026-09-10,15:29,MAWANASUG,29.1028
2026-09-10,15:29,MAXESTATES,44.3027
2026-09-10,15:29,MAYURUNIQ,-1.6318
2026-09-10,15:29,MAZDA,21.7237
2026-09-10,15:29,MAZDOCK,2.764
2026-09-10,15:29,MBAPL,-2.8037
2026-09-10,15:29,MCX,23.2723
2026-09-10,15:29,MEDANTA,3.05
2026-09-10,15:29,MEESHO,19.6322
2026-09-10,15:29,MEIL,-1.5979
2026-09-10,15:29,MENONBE,40.3219
2026-09-10,15:29,MERCURYEV,16.4894
2026-09-10,15:29,METROPOLIS,1.7857
2026-09-10,15:29,MFSL,-2.0453
2026-09-10,15:29,MGL,-1.5825
2026-09-10,15:29,MICEL,-1.9956
2026-09-10,15:29,MIDHANI,19.0825
2026-09-10,15:29,MINDACORP,-0.5376
2026-09-10,15:29,MMFL,20.3925
2026-09-10,15:29,MMP,59.3878
2026-09-10,15:29,MMTC,3.5613
2026-09-10,15:29,MOBIKWIK,-2.0379
2026-09-10,15:29,MODISONLTD,95.6299
2026-09-10,15:29,MOL,13.1103
2026-09-10,15:29,MOLDTECH,38.3685
2026-09-10,15:29,MOLDTKPAC,1.3455
2026-09-10,15:29,MONTECARLO,5.6627
2026-09-10,15:29,MOREPENLAB,104.3247
2026-09-10,15:29,MOSCHIP,0.628
2026-09-10,15:29,MOTHERSON,11.2323
2026-09-10,15:29,MOTILALOFS,21.2737
2026-09-10,15:29,MPHASIS,-2.3437
2026-09-10,15:29,MPSLTD,2.1017
2026-09-10,15:29,MRPL,8.679
2026-09-10,15:29,MSTCLTD,21.9595
2026-09-10,15:29,MTARTECH,33.9507
2026-09-10,15:29,MUFIN,4.7649
2026-09-10,15:29,MUKANDLTD,1.9012
2026-09-10,15:29,MUKKA,35.0265
2026-09-10,15:29,MUNJALAU,7.6203
2026-09-10,15:29,MVGJL,24.846
2026-09-10,15:29,NAHARINDUS,18.2774
2026-09-10,15:29,NAHARSPING,-2.5023
2026-09-10,15:29,NAM-INDIA,3.322
2026-09-10,15:29,NATIONALUM,7.3925
2026-09-10,15:29,NAUKRI,1.684
2026-09-10,15:29,NAVA,0.9401
2026-09-10,15:29,NAVINFLUOR,17.7892
2026-09-10,15:29,NAZARA,21.6199
2026-09-10,15:29,NCC,1.5897
2026-09-10,15:29,NCLIND,-2.3894
2026-09-10,15:29,NELCO,0.8389
2026-09-10,15:29,NEOGEN,20.1599
2026-09-10,15:29,NEPHROPLUS,9.391
2026-09-10,15:29,NESCO,0.9903
2026-09-10,15:29,NETWEB,19.5056
2026-09-10,15:29,NEULANDLAB,23.9454
2026-09-10,15:29,NFL,-2.3344
2026-09-10,15:29,NHPC,-2.2032
2026-09-10,15:29,NIACL,18.9644
2026-09-10,15:29,NIBE,-2.4057
2026-09-10,15:29,NIITLTD,-1.0412
2026-09-10,15:29,NILKAMAL,18.4784
2026-09-10,15:29,NIRLON,-0.0564
2026-09-10,15:29,NITINSPIN,23.6554
2026-09-10,15:29,NMDC,-0.4823
2026-09-10,15:29,NOCIL,22.3134
2026-09-10,15:29,NORTHARC,8.1322
2026-09-10,15:29,NOVARTIND,54.1225
2026-09-10,15:29,NPST,14.1709
2026-09-10,15:29,NRAIL,28.9784
2026-09-10,15:29,NRBBEARING,23.9817
2026-09-10,15:29,NRL,29.0335
2026-09-10,15:29,NSIL,1.8354
2026-09-10,15:29,NSLNISP,2.8612
2026-09-10,15:29,NTPC,-2.8563
2026-09-10,15:29,NUVAMA,-1.9795
2026-09-10,15:29,NYKAA,2.4569
2026-09-10,15:29,OAL,37.7708
2026-09-10,15:29,OBEROIRLTY,-1.2346
2026-09-10,15:29,OCCLLTD,3.6618
2026-09-10,15:29,OFSS,5.2892
2026-09-10,15:29,OIL,9.4988
2026-09-10,15:29,OLAELEC,3.6263
2026-09-10,15:29,OMAXE,42.9639
2026-09-10,15:29,OMPOWER,5.6233
2026-09-10,15:29,ONEPOINT,1.1563
2026-09-10,15:29,ONGC,-1.7882
2026-09-10,15:29,ONWARDTEC,-1.803
2026-09-10,15:29,ORBTEXP,0.98
2026-09-10,15:29,ORCHPHARMA,1.5846
2026-09-10,15:29,ORIENTBELL,28.3089
2026-09-10,15:29,ORIENTCER,17.434
2026-09-10,15:29,ORIENTELEC,0.3583
2026-09-10,15:29,ORIENTHOT,5.3103
2026-09-10,15:29,ORISSAMINE,-0.2619
2026-09-10,15:29,ORKLAINDIA,3.147
2026-09-10,15:29,PAISALO,16.8731
2026-09-10,15:29,PANACHE,21.4177
2026-09-10,15:29,PANAMAPET,12.9192
2026-09-10,15:29,PARACABLES,4.7855
2026-09-10,15:29,PARADEEP,2.4319
2026-09-10,15:29,PARAGMILK,23.808
2026-09-10,15:29,PARAS,19.8697
2026-09-10,15:29,PARKHOSPS,0.5371
2026-09-10,15:29,PASUPTAC,16.6667
2026-09-10,15:29,PATELENG,-1.8627
2026-09-10,15:29,PAUSHAKLTD,21.3306
2026-09-10,15:29,PAYTM,30.5066
2026-09-10,15:29,PCBL,2.0732
2026-09-10,15:29,PDMJEPAPER,2.2887
2026-09-10,15:29,PDSL,0.9129
2026-09-10,15:29,PENIND,6.4338
2026-09-10,15:29,PERSISTENT,-0.0943
2026-09-10,15:29,PETRONET,3.5138
2026-09-10,15:29,PFOCUS,8.0238
2026-09-10,15:29,PFS,0.1093
2026-09-10,15:29,PGIL,17.2781
2026-09-10,15:29,PHOENIXLTD,0.1112
2026-09-10,15:29,PILANIINVS,-1.8969
2026-09-10,15:29,PINELABS,23.5428
2026-09-10,15:29,PITTIENG,26.1945
2026-09-10,15:29,PIXTRANS,2.23
2026-09-10,15:29,PLATIND,-2.5741
2026-09-10,15:29,PNB,4.6668
2026-09-10,15:29,PNBGILTS,-2.7707
2026-09-10,15:29,PNBHOUSING,14.1225
2026-09-10,15:29,PNGSREVA,16.5858
2026-09-10,15:29,POLICYBZR,12.9589
2026-09-10,15:29,POLYMED,4.8285
2026-09-10,15:29,POLYPLEX,1.9802
2026-09-10,15:29,POWERICA,9.7693
2026-09-10,15:29,POWERINDIA,-0.176
2026-09-10,15:29,PPL,8.0609
2026-09-10,15:29,PPLPHARMA,8.0165
2026-09-10,15:29,PRABHA,71.7159
2026-09-10,15:29,PRAJIND,5.7767
2026-09-10,15:29,PRAKASH,0.1862
2026-09-10,15:29,PRECWIRE,31.1459
2026-09-10,15:29,PREMEXPLN,1.8008
2026-09-10,15:29,PREMIERENE,-1.5061
2026-09-10,15:29,PREMIERPOL,19.6654
2026-09-10,15:29,PRICOLLTD,8.597
2026-09-10,15:29,PRIMESECU,-0.1623
2026-09-10,15:29,PRINCEPIPE,6.5677
2026-09-10,15:29,PRIVISCL,-2.1662
2026-09-10,15:29,PROSTARM,10.4664
2026-09-10,15:29,PROZONER,25.9331
2026-09-10,15:29,PRSMJOHNSN,9.8903
2026-09-10,15:29,PRUDENT,3.0235
2026-09-10,15:29,PSB,-1.6108
2026-09-10,15:29,PTCIL,25.7938
2026-09-10,15:29,PTL,-2.9
2026-09-10,15:29,PURVA,0.5352
2026-09-10,15:29,PVP,142.302
2026-09-10,15:29,PVRINOX,7.9411
2026-09-10,15:29,PWL,1.2059
2026-09-10,15:29,QPOWER,35.0936
2026-09-10,15:29,QUADFUTURE,26.5389
2026-09-10,15:29,QUESS,14.6593
2026-09-10,15:29,RACLGEAR,27.5458
2026-09-10,15:29,RADHIKAJWE,22.8288
2026-09-10,15:29,RADICO,2.139
2026-09-10,15:29,RAIN,-1.9804
2026-09-10,15:29,RAJOOENG,6.0676
2026-09-10,15:29,RAJRATAN,5.7255
2026-09-10,15:29,RAJRILTD,3.8217
2026-09-10,15:29,RAMBHAJO,50.3034
2026-09-10,15:29,RAMCOIND,-2.9019
2026-09-10,15:29,RAMCOSYS,0.8506
2026-09-10,15:29,RAMRAT,16.6214
2026-09-10,15:29,RANEHOLDIN,-2.2253
2026-09-10,15:29,RATNAMANI,18.3549
2026-09-10,15:29,RATNAVEER,68.1282
2026-09-10,15:29,RAYMOND,46.6592
2026-09-10,15:29,RBA,44.4859
2026-09-10,15:29,RBLBANK,8.6629
2026-09-10,15:29,RBZJEWEL,26.2685
2026-09-10,15:29,REDINGTON,26.0653
2026-09-10,15:29,REGAAL,5.6048
2026-09-10,15:29,RELIANCE,-1.4618
2026-09-10,15:29,RELIGARE,2.5277
2026-09-10,15:29,RENUKA,14.695
2026-09-10,15:29,RESPONIND,-0.848
2026-09-10,15:29,RGL,30.8908
2026-09-10,15:29,RIIL,-1.7928
2026-09-10,15:29,RISHABH,32.6044
2026-09-10,15:29,RITCO,4.1972
2026-09-10,15:29,RKFORGE,16.068
2026-09-10,15:29,RMDRIP,26.3814
2026-09-10,15:29,RML,22.1519
2026-09-10,15:29,ROHLTD,-1.4121
2026-09-10,15:29,ROLEXRINGS,26.3961
2026-09-10,15:29,ROSSTECH,30.6905
2026-09-10,15:29,RPEL,36.7665
2026-09-10,15:29,RPGLIFE,0.1656
2026-09-10,15:29,RPTECH,-0.8057
2026-09-10,15:29,RSL,31.4696
2026-09-10,15:29,RSWM,1.8619
2026-09-10,15:29,RUBICON,19.3174
2026-09-10,15:29,RUBYMILLS,15.309
2026-09-10,15:29,SAIL,8.6957
2026-09-10,15:29,SAILIFE,20.9778
2026-09-10,15:29,SAIPARENT,-2.318
2026-09-10,15:29,SAKAR,32.3188
2026-09-10,15:29,SALSTEEL,28.8116
2026-09-10,15:29,SAMBHV,14.5884
2026-09-10,15:29,SANATHAN,4.0379
2026-09-10,15:29,SANDESH,5.6656
2026-09-10,15:29,SANDHAR,4.5678
2026-09-10,15:29,SANGHVIMOV,0.0461
2026-09-10,15:29,SANSERA,26.9751
2026-09-10,15:29,SAPPHIRE,14.7811
2026-09-10,15:29,SARDAEN,4.9726
2026-09-10,15:29,SARLAPOLY,3.5466
2026-09-10,15:29,SASKEN,1.7632
2026-09-10,15:29,SATIA,10.9906
2026-09-10,15:29,SAURASHCEM,-2.2723
2026-09-10,15:29,SAYAJIHOTL,11.9835
2026-09-10,15:29,SBC,14.0788
2026-09-10,15:29,SBCL,51.0972
2026-09-10,15:29,SBFC,9.228
2026-09-10,15:29,SBICARD,1.2922
2026-09-10,15:29,SBIN,-1.5215
2026-09-10,15:29,SCHAEFFLER,-2.4727
2026-09-10,15:29,SCI,2.4241
2026-09-10,15:29,SCPL,16.7468
2026-09-10,15:29,SDBL,0.8969
2026-09-10,15:29,SEAMECLTD,24.1875
2026-09-10,15:29,SEDEMAC,10.0763
2026-09-10,15:29,SENORES,13.208
2026-09-10,15:29,SESHAPAPER,4.0401
2026-09-10,15:29,SETL,64.9954
2026-09-10,15:29,SGFIN,2.0036
2026-09-10,15:29,SGIL,0.9728
2026-09-10,15:29,SGMART,10.7571
2026-09-10,15:29,SHADOWFAX,15.865
2026-09-10,15:29,SHAILY,11.6899
2026-09-10,15:29,SHALPAINTS,27.0672
2026-09-10,15:29,SHANTIGEAR,76.3155
2026-09-10,15:29,SHANTIGOLD,18.9725
2026-09-10,15:29,SHARDAMOTR,10.6014
2026-09-10,15:29,SHAREINDIA,14.3589
2026-09-10,15:29,SHILPAMED,55.8836
2026-09-10,15:29,SHINDL,-0.1418
2026-09-10,15:29,SHIVALIK,46.0889
2026-09-10,15:29,SHIVAUM,7.065
2026-09-10,15:29,SHREEJISPG,10.8245
2026-09-10,15:29,SHREEPUSHK,24.7557
2026-09-10,15:29,SHREERAMA,18.1865
2026-09-10,15:29,SHRINGARMS,-1.4143
2026-09-10,15:29,SHRIPISTON,2.4865
2026-09-10,15:29,SHRIRAMFIN,1.0514
2026-09-10,15:29,SHYAMMETL,6.2408
2026-09-10,15:29,SIEMENS,8.0791
2026-09-10,15:29,SIGACHI,42.0575
2026-09-10,15:29,SIGMAADV,32.2739
2026-09-10,15:29,SIMPLEXINF,9.6228
2026-09-10,15:29,SINDHUTRAD,-1.4487
2026-09-10,15:29,SIRCA,6.045
2026-09-10,15:29,SIS,-0.3064
2026-09-10,15:29,SJS,-0.6952
2026-09-10,15:29,SJVN,-1.8262
2026-09-10,15:29,SKFINDIA,4.0206
2026-09-10,15:29,SKFINDUS,9.8742
2026-09-10,15:29,SKIPPER,10.6052
2026-09-10,15:29,SKMEGGPROD,-0.8003
2026-09-10,15:29,SKYGOLD,30.0901
2026-09-10,15:29,SMARTWORKS,14.1776
2026-09-10,15:29,SMCGLOBAL,5.0282
2026-09-10,15:29,SMLMAH,14.5788
2026-09-10,15:29,SMSPHARMA,11.424
2026-09-10,15:29,SNOWMAN,-1.2022
2026-09-10,15:29,SOFTTECH,5.3269
2026-09-10,15:29,SOLARA,39.2224
2026-09-10,15:29,SOLARINDS,23.9129
2026-09-10,15:29,SOMANYCERA,14.4347
2026-09-10,15:29,SONACOMS,5.2046
2026-09-10,15:29,SOTL,18.5343
2026-09-10,15:29,SOUTHBANK,-1.7274
2026-09-10,15:29,SPAL,4.4215
2026-09-10,15:29,SPECIALITY,5.8463
2026-09-10,15:29,SPECTRUM,17.9754
2026-09-10,15:29,SPIC,4.4304
2026-09-10,15:29,SPLPETRO,17.6935
2026-09-10,15:29,SPORTKING,9.9155
2026-09-10,15:29,SREEL,72.2085
2026-09-10,15:29,SRHHYPOLTD,6.2898
2026-09-10,15:29,SSWL,25.7108
2026-09-10,15:29,STAR,13.4415
2026-09-10,15:29,STEELCAS,1.7293
2026-09-10,15:29,STEL,5.3835
2026-09-10,15:29,STLNETWORK,46.0411
2026-09-10,15:29,STLTECH,61.1064
2026-09-10,15:29,STOVEKRAFT,4.849
2026-09-10,15:29,STYL,11.7579
2026-09-10,15:29,STYLAMIND,-1.4526
2026-09-10,15:29,STYLEBAAZA,47.0233
2026-09-10,15:29,SUDARCOLOR,7.6293
2026-09-10,15:29,SUDARSCHEM,26.0589
2026-09-10,15:29,SUDEEPPHRM,41.7226
2026-09-10,15:29,SUNCLAY,4.7981
2026-09-10,15:29,SUNDARMFIN,4.7229
2026-09-10,15:29,SUNDRMFAST,30.0109
2026-09-10,15:29,SUNDROP,-0.5129
2026-09-10,15:29,SUPRAJIT,0.1702
2026-09-10,15:29,SUPREMEIND,1.448
2026-09-10,15:29,SUPREMEINF,3.9724
2026-09-10,15:29,SUPRIYA,6.6926
2026-09-10,15:29,SURAKSHA,32.6791
2026-09-10,15:29,SUTLEJTEX,4.2335
2026-09-10,15:29,SUVEN,20.5347
2026-09-10,15:29,SVLL,7.9048
2026-09-10,15:29,SWANCORP,-2.7719
2026-09-10,15:29,SWANDEF,9.3552
2026-09-10,15:29,SWARAJENG,-1.5662
2026-09-10,15:29,SYRMA,16.0401
2026-09-10,15:29,SYSTMTXC,18.3195
2026-09-10,15:29,TAALTECH,31.2803
2026-09-10,15:29,TALBROAUTO,5.3001
2026-09-10,15:29,TARIL,-1.2264
2026-09-10,15:29,TARSONS,0.3792
2026-09-10,15:29,TASTYBITE,12.6871
2026-09-10,15:29,TATACAP,0.6234
2026-09-10,15:29,TATACOMM,-0.5243
2026-09-10,15:29,TATAPOWER,-2.3806
2026-09-10,15:29,TATASTEEL,-0.0749
2026-09-10,15:29,TATATECH,3.6867
2026-09-10,15:29,TATVA,-1.2499
2026-09-10,15:29,TBOTEK,11.5515
2026-09-10,15:29,TBZ,79.2932
2026-09-10,15:29,TCIEXP,-0.0373
2026-09-10,15:29,TCPLPACK,22.2064
2026-09-10,15:29,TEAMLEASE,-0.9636
2026-09-10,15:29,TECHNOE,1.1011
2026-09-10,15:29,TECHNVISN,1.5503
2026-09-10,15:29,TEGA,16.529
2026-09-10,15:29,TEJASNET,8.4204
2026-09-10,15:29,TEXINFRA,-0.4619
2026-09-10,15:29,TEXRAIL,6.6854
2026-09-10,15:29,TFCILTD,41.7525
2026-09-10,15:29,THEINVEST,2.7552
2026-09-10,15:29,THEJO,15.6161
2026-09-10,15:29,THELEELA,18.3828
2026-09-10,15:29,THEMISMED,26.7588
2026-09-10,15:29,THOMASCOOK,9.0808
2026-09-10,15:29,TI,14.6971
2026-09-10,15:29,TIIL,23.5027
2026-09-10,15:29,TIINDIA,-1.3686
2026-09-10,15:29,TIL,1.9374
2026-09-10,15:29,TIMEX,18.2092
2026-09-10,15:29,TIMKEN,6.4437
2026-09-10,15:29,TINNARUBR,-1.3002
2026-09-10,15:29,TIPSMUSIC,-0.9776
2026-09-10,15:29,TIRUPATIFL,0.0994
2026-09-10,15:29,TITAGARH,4.1707
2026-09-10,15:29,TITAN,3.5258
2026-09-10,15:29,TMB,8.4414
2026-09-10,15:29,TMCV,5.8561
2026-09-10,15:29,TNPETRO,35.8987
2026-09-10,15:29,TNPL,3.0577
2026-09-10,15:29,TORNTPHARM,1.1884
2026-09-10,15:29,TRANSPEK,17.9185
2026-09-10,15:29,TRAVELFOOD,0.5238
2026-09-10,15:29,TREL,12.2968
2026-09-10,15:29,TRIVENI,16.5857
2026-09-10,15:29,TSFINV,-0.4064
2026-09-10,15:29,TTKHLTCARE,13.3323
2026-09-10,15:29,TURTLEMINT,13.94
2026-09-10,15:29,TVSMOTOR,-2.0649
2026-09-10,15:29,TVSSRICHAK,33.2033
2026-09-10,15:29,UDS,9.0803
2026-09-10,15:29,UEL,53.618
2026-09-10,15:29,UFBL,5.4278
2026-09-10,15:29,UFLEX,41.7193
2026-09-10,15:29,UGARSUGAR,24.7376
2026-09-10,15:29,ULTRAMAR,15.9465
2026-09-10,15:29,UNICHEMLAB,1.7185
2026-09-10,15:29,UNIECOM,-0.0236
2026-09-10,15:29,UNIMECH,33.6373
2026-09-10,15:29,UNIONBANK,5.1643
2026-09-10,15:29,UNIPARTS,21.0851
2026-09-10,15:29,UNITEDPOLY,44.5302
2026-09-10,15:29,UNIVASTU,18.8112
2026-09-10,15:29,UNIVCABLES,16.9458
2026-09-10,15:29,UNIVPHOTO,13.9334
2026-09-10,15:29,UNOMINDA,4.4338
2026-09-10,15:29,URBANCO,26.0996
2026-09-10,15:29,USHAMART,-1.3236
2026-09-10,15:29,UTIAMC,1.3362
2026-09-10,15:29,UTLSOLAR,20.2152
2026-09-10,15:29,UTTAMSUGAR,25.4721
2026-09-10,15:29,V2RETAIL,-0.2561
2026-09-10,15:29,VADILALIND,-0.0964
2026-09-10,15:29,VALIANTLAB,106.8623
2026-09-10,15:29,VALIANTORG,41.8718
2026-09-10,15:29,VARROC,33.0725
2026-09-10,15:29,VEDL,0.5794
2026-09-10,15:29,VEDPOWER,0.414
2026-09-10,15:29,VEEDOL,4.3096
2026-09-10,15:29,VELJAN,8.6248
2026-09-10,15:29,VENKEYS,14.2217
2026-09-10,15:29,VENUSPIPES,17.3379
2026-09-10,15:29,VENUSREM,5.5155
2026-09-10,15:29,VERANDA,-0.6294
2026-09-10,15:29,VGUARD,3.8213
2026-09-10,15:29,VHL,2.8529
2026-09-10,15:29,VIDHIING,9.3579
2026-09-10,15:29,VIDYAWIRES,0.8271
2026-09-10,15:29,VIJAYA,10.1897
2026-09-10,15:29,VIMTALABS,4.8724
2026-09-10,15:29,VINATIORGA,1.2342
2026-09-10,15:29,VINCOFE,19.4827
2026-09-10,15:29,VINDHYATEL,44.4393
2026-09-10,15:29,VIPIND,1.8406
2026-09-10,15:29,VISAKAIND,12.621
2026-09-10,15:29,VISHNU,17.1008
2026-09-10,15:29,VISL,8.5203
2026-09-10,15:29,VIVIANA,6.9378
2026-09-10,15:29,VIYASH,3.3942
2026-09-10,15:29,VLSFINANCE,-2.8469
2026-09-10,15:29,VMART,7.0139
2026-09-10,15:29,VOEPL,13.3646
2026-09-10,15:29,VOGL,8.1153
2026-09-10,15:29,VOLTAMP,17.4371
2026-09-10,15:29,VRLLOG,11.4627
2026-09-10,15:29,VSSL,30.6231
2026-09-10,15:29,WAAREEENER,-2.9296
2026-09-10,15:29,WABAG,17.0636
2026-09-10,15:29,WAKEFIT,21.5049
2026-09-10,15:29,WELCORP,67.7885
2026-09-10,15:29,WELENT,35.326
2026-09-10,15:29,WELINV,24.0741
2026-09-10,15:29,WELSPLSOL,10.2815
2026-09-10,15:29,WELSPUNLIV,31.4475
2026-09-10,15:29,WENDT,6.978
2026-09-10,15:29,WESTLIFE,15.402
2026-09-10,15:29,WHEELS,63.845
2026-09-10,15:29,WHIRLPOOL,-1.2474
2026-09-10,15:29,WINDLAS,31.3409
2026-09-10,15:29,WINDMACHIN,7.171
2026-09-10,15:29,WOCKPHARMA,16.6282
2026-09-10,15:29,WONDERLA,9.7705
2026-09-10,15:29,WPIL,2.0563
2026-09-10,15:29,WSTCSTPAPR,26.24
2026-09-10,15:29,XTRANET,121.0449
2026-09-10,15:29,YASHO,23.1496
2026-09-10,15:29,YATHARTH,18.2979
2026-09-10,15:29,YATRA,7.3966
2026-09-10,15:29,YESBANK,-1.0648
2026-09-10,15:29,YUKEN,53.0232
2026-09-10,15:29,ZENTEC,8.3261
2026-09-10,15:29,ZFCVINDIA,6.1773
2026-09-10,15:29,ZFSTEERING,11.9916
2026-09-10,15:29,ZIMLAB,22.3587
2026-09-10,15:29,ZUARIIND,3.5074
2026-09-10,15:29,ZYDUSLIFE,0.2421
2026-09-10,15:29,ZYDUSWELL,0.053
2026-09-11,15:29,20MICRONS,8.0017
2026-09-11,15:29,3BBLACKBIO,13.8562
2026-09-11,15:29,63MOONS,-2.4157
2026-09-11,15:29,AARTIDRUGS,1.3601
2026-09-11,15:29,AARTIIND,0.736
2026-09-11,15:29,AARTIPHARM,23.9526
2026-09-11,15:29,ABB,-0.1441
2026-09-11,15:29,ABCAPITAL,-2.3003
2026-09-11,15:29,ABDL,2.0985
2026-09-11,15:29,ABSLAMC,9.6956
2026-09-11,15:29,ACCELYA,-2.118
2026-09-11,15:29,ACE,5.4844
2026-09-11,15:29,ACMESOLAR,10.9487
2026-09-11,15:29,ACUTAAS,8.9794
2026-09-11,15:29,ADANIENT,1.678
2026-09-11,15:29,ADANIPORTS,4.0141
2026-09-11,15:29,ADANIPOWER,-0.6341
2026-09-11,15:29,ADFFOODS,-0.5167
2026-09-11,15:29,ADOR,11.0057
2026-09-11,15:29,AEGISLOG,5.6839
2026-09-11,15:29,AEGISVOPAK,1.7025
2026-09-11,15:29,AEQUS,-1.392
2026-09-11,15:29,AEROENTER,14.7869
2026-09-11,15:29,AEROFLEX,29.5097
2026-09-11,15:29,AETHER,8.775
2026-09-11,15:29,AFFLE,-1.1602
2026-09-11,15:29,AFSL,-0.0199
2026-09-11,15:29,AGARWALEYE,6.3598
2026-09-11,15:29,AGI,7.5291
2026-09-11,15:29,AIIL,0.9364
2026-09-11,15:29,AJANTPHARM,1.9681
2026-09-11,15:29,AJAXENGG,1.8012
2026-09-11,15:29,AKCAPIT,0.8917
2026-09-11,15:29,AKUMS,17.9236
2026-09-11,15:29,ALEMBICLTD,14.4848
2026-09-11,15:29,ALICON,9.0801
2026-09-11,15:29,ALIVUS,19.5517
2026-09-11,15:29,ALKYLAMINE,4.5867
2026-09-11,15:29,ALLDIGI,-1.8949
2026-09-11,15:29,ALLTIME,0.0633
2026-09-11,15:29,AMANTA,17.206
2026-09-11,15:29,AMBER,-2.6275
2026-09-11,15:29,ANANDRATHI,6.621
2026-09-11,15:29,ANDHRAPAP,20.2032
2026-09-11,15:29,ANDHRSUGAR,17.3505
2026-09-11,15:29,ANGELONE,2.3662
2026-09-11,15:29,ANTELOPUS,38.6914
2026-09-11,15:29,ANTHEM,16.2753
2026-09-11,15:29,ANUHPHR,19.3508
2026-09-11,15:29,ANURAS,0.9604
2026-09-11,15:29,APARINDS,21.9682
2026-09-11,15:29,APCOTEXIND,-1.6684
2026-09-11,15:29,APEX,-0.8075
2026-09-11,15:29,APLAPOLLO,18.3567
2026-09-11,15:29,APLLTD,1.7439
2026-09-11,15:29,APOLLO,8.297
2026-09-11,15:29,APOLLOHOSP,-1.3509
2026-09-11,15:29,APOLLOPIPE,7.6222
2026-09-11,15:29,APOLLOTYRE,-2.4524
2026-09-11,15:29,ARIES,40.9394
2026-09-11,15:29,ARIHANTCAP,0.8425
2026-09-11,15:29,ARIS,-2.4796
2026-09-11,15:29,ARMANFIN,3.6218
2026-09-11,15:29,ARROWGREEN,12.5415
2026-09-11,15:29,ARTEMISMED,15.5444
2026-09-11,15:29,ARVIND,12.0616
2026-09-11,15:29,ARVINDFASN,-0.7778
2026-09-11,15:29,ARVSMART,0.9282
2026-09-11,15:29,ASAHIINDIA,12.4636
2026-09-11,15:29,ASHOKLEY,-1.4623
2026-09-11,15:29,ASIANENE,34.2617
2026-09-11,15:29,ASIANHOTNR,26.2246
2026-09-11,15:29,ASKAUTOLTD,18.2748
2026-09-11,15:29,ASTEC,6.7826
2026-09-11,15:29,ASTRAL,-2.568
2026-09-11,15:29,ATHERENERG,31.3973
2026-09-11,15:29,ATL,8.3477
2026-09-11,15:29,ATLANTAELE,15.5166
2026-09-11,15:29,AUBANK,1.1076
2026-09-11,15:29,AUROPHARMA,6.303
2026-09-11,15:29,AURUM,1.8643
2026-09-11,15:29,AVADHSUGAR,52.6984
2026-09-11,15:29,AVALON,25.2558
2026-09-11,15:29,AVANTEL,-3.3541
2026-09-11,15:29,AVL,-3.3853
2026-09-11,15:29,AVTNPL,26.1089
2026-09-11,15:29,AWFIS,5.4297
2026-09-11,15:29,AWL,-2.3332
2026-09-11,15:29,AXISBANK,1.342
2026-09-11,15:29,AXISCADES,17.9144
2026-09-11,15:29,AYE,7.7708
2026-09-11,15:29,AYMSYNTEX,11.8502
2026-09-11,15:29,AZAD,24.2792
2026-09-11,15:29,BAFNAPH,14.659
2026-09-11,15:29,BAJAJ-AUTO,1.3671
2026-09-11,15:29,BAJAJCON,-0.6869
2026-09-11,15:29,BAJAJELEC,0.7209
2026-09-11,15:29,BAJAJHCARE,-0.7133
2026-09-11,15:29,BAJAJHFL,-2.2204
2026-09-11,15:29,BAJAJHIND,25.0149
2026-09-11,15:29,BAJAJHLDNG,-1.8425
2026-09-11,15:29,BAJAJINDEF,-2.6118
2026-09-11,15:29,BAJEL,1.7477
2026-09-11,15:29,BALAJITELE,8.3961
2026-09-11,15:29,BALAMINES,6.7126
2026-09-11,15:29,BALMLAWRIE,-2.0209
2026-09-11,15:29,BALRAMCHIN,17.9461
2026-09-11,15:29,BALUFORGE,21.1309
2026-09-11,15:29,BANARISUG,1.2172
2026-09-11,15:29,BANCOINDIA,-3.4916
2026-09-11,15:29,BANDHANBNK,1.3725
2026-09-11,15:29,BANKBARODA,-1.8425
2026-09-11,15:29,BANKINDIA,1.486
2026-09-11,15:29,BANSALWIRE,-1.6844
2026-09-11,15:29,BASF,0.7623
2026-09-11,15:29,BBOX,5.996
2026-09-11,15:29,BECTORFOOD,17.4562
2026-09-11,15:29,BEEKAY,7.9108
2026-09-11,15:29,BEL,4.2542
2026-09-11,15:29,BELRISE,-3.6877
2026-09-11,15:29,BEML,15.5964
2026-09-11,15:29,BENGALASM,0.7478
2026-09-11,15:29,BEPL,10.3948
2026-09-11,15:29,BFINVEST,-1.44
2026-09-11,15:29,BHAGERIA,49.425
2026-09-11,15:29,BHAGYANGR,11.1097
2026-09-11,15:29,BHARATCOAL,-2.826
2026-09-11,15:29,BHARATSE,-1.8859
2026-09-11,15:29,BHEL,5.8968
2026-09-11,15:29,BIL,44.8825
2026-09-11,15:29,BIRLACABLE,92.5077
2026-09-11,15:29,BIRLANU,8.5188
2026-09-11,15:29,BLACKBUCK,15.788
2026-09-11,15:29,BLACKROSE,-2.3655
2026-09-11,15:29,BLIL,-2.7426
2026-09-11,15:29,BLISSGVS,54.8266
2026-09-11,15:29,BLKASHYAP,-1.0099
2026-09-11,15:29,BLS,-3.2665
2026-09-11,15:29,BLSE,4.0378
2026-09-11,15:29,BLUESTONE,9.0848
2026-09-11,15:29,BLUSPRING,13.4916
2026-09-11,15:29,BODALCHEM,143.9853
2026-09-11,15:29,BORANA,-3.4653
2026-09-11,15:29,BOROLTD,8.8987
2026-09-11,15:29,BOSCH-HCIL,22.4754
2026-09-11,15:29,BOSCHLTD,17.768
2026-09-11,15:29,BRIGADE,10.0741
2026-09-11,15:29,BSHSL,4.4706
2026-09-11,15:29,BUILDPRO,0.8292
2026-09-11,15:29,CAMPUS,-3.5934
2026-09-11,15:29,CANBK,-0.7841
2026-09-11,15:29,CANHLIFE,3.7351
2026-09-11,15:29,CANTABIL,-2.1747
2026-09-11,15:29,CAPLIPOINT,9.4604
2026-09-11,15:29,CARBORUNIV,1.0716
2026-09-11,15:29,CARERATING,-3.4513
2026-09-11,15:29,CARTRADE,13.5424
2026-09-11,15:29,CARYSIL,-1.1401
2026-09-11,15:29,CASTROLIND,1.5226
2026-09-11,15:29,CDSL,2.0255
2026-09-11,15:29,CEIGALL,10.9847
2026-09-11,15:29,CELLO,-3.0585
2026-09-11,15:29,CENTRALBK,-0.7427
2026-09-11,15:29,CENTUM,18.3145
2026-09-11,15:29,CEWATER,-1.0771
2026-09-11,15:29,CGCL,14.4677
2026-09-11,15:29,CGPOWER,5.2814
2026-09-11,15:29,CHALET,8.1156
2026-09-11,15:29,CHEMBONDCH,15.8076
2026-09-11,15:29,CHEMCON,23.7707
2026-09-11,15:29,CHEMFAB,1.241
2026-09-11,15:29,CHENNPETRO,24.7739
2026-09-11,15:29,CHEVIOT,9.1451
2026-09-11,15:29,CHOLAFIN,-0.2162
2026-09-11,15:29,CHOLAHLDNG,-0.365
2026-09-11,15:29,CIFL,-2.7911
2026-09-11,15:29,CLEAN,14.7129
2026-09-11,15:29,CLEANMAX,7.1429
2026-09-11,15:29,CLSEL,3.8529
2026-09-11,15:29,CMRGREEN,-0.0554
2026-09-11,15:29,COALINDIA,2.9579
2026-09-11,15:29,COCHINSHIP,-2.9515
2026-09-11,15:29,COFFEEDAY,3.802
2026-09-11,15:29,COFORGE,7.2923
2026-09-11,15:29,COHANCE,3.5643
2026-09-11,15:29,COMSYN,39.2626
2026-09-11,15:29,CONCORDBIO,5.9755
2026-09-11,15:29,CONFIPET,12.001
2026-09-11,15:29,CONSOFINVT,1.0897
2026-09-11,15:29,CONTROLPR,2.8297
2026-09-11,15:29,CORONA,6.5418
2026-09-11,15:29,COSMOFIRST,-1.95
2026-09-11,15:29,CPPLUS,12.8133
2026-09-11,15:29,CRAFTSMAN,18.185
2026-09-11,15:29,CRISIL,7.7549
2026-09-11,15:29,CSLFINANCE,3.766
2026-09-11,15:29,CUB,10.0823
2026-09-11,15:29,CUPID,21.4118
2026-09-11,15:29,CYIENT,24.9735
2026-09-11,15:29,CYIENTDLM,34.975
2026-09-11,15:29,DALBHARAT,-2.9505
2026-09-11,15:29,DALMIASUG,18.937
2026-09-11,15:29,DATAPATTNS,12.8054
2026-09-11,15:29,DBOL,21.1177
2026-09-11,15:29,DCBBANK,21.6454
2026-09-11,15:29,DCMSHRIRAM,-3.2788
2026-09-11,15:29,DCMSIL,-3.1757
2026-09-11,15:29,DCW,0.9526
2026-09-11,15:29,DECCANCE,3.7057
2026-09-11,15:29,DECNGOLD,16.1837
2026-09-11,15:29,DEEPINDS,29.737
2026-09-11,15:29,DEN,-1.5688
2026-09-11,15:29,DEVYANI,20.8355
2026-09-11,15:29,DHAMPURSUG,20.7485
2026-09-11,15:29,DHANBANK,-2.8687
2026-09-11,15:29,DHARMAJ,0.56
2026-09-11,15:29,DHUNINV,17.5359
2026-09-11,15:29,DIACABS,13.9149
2026-09-11,15:29,DICIND,16.9921
2026-09-11,15:29,DIFFNKG,17.1641
2026-09-11,15:29,DIVGIITTS,23.4277
2026-09-11,15:29,DIVISLAB,15.715
2026-09-11,15:29,DLF,-2.2448
2026-09-11,15:29,DMCC,1.6976
2026-09-11,15:29,DODLA,4.8241
2026-09-11,15:29,DOLATALGO,1.687
2026-09-11,15:29,DOLLAR,3.6174
2026-09-11,15:29,DOLPHIN,64.8045
2026-09-11,15:29,DPABHUSHAN,1.7186
2026-09-11,15:29,DRAGARWQ,5.6546
2026-09-11,15:29,DRREDDY,1.5155
2026-09-11,15:29,DVL,18.9329
2026-09-11,15:29,DWARKESH,20.7883
2026-09-11,15:29,DYCL,15.2454
2026-09-11,15:29,DYNAMATECH,17.0036
2026-09-11,15:29,E2E,18.0218
2026-09-11,15:29,EBGNG,28.5633
2026-09-11,15:29,ECLERX,2.9315
2026-09-11,15:29,EDELWEISS,14.6878
2026-09-11,15:29,EIMCOELECO,30.5874
2026-09-11,15:29,ELANTAS,54.8879
2026-09-11,15:29,ELDEHSG,1.5159
2026-09-11,15:29,ELECON,0.7278
2026-09-11,15:29,ELECTCAST,9.8655
2026-09-11,15:29,ELGIEQUIP,8.435
2026-09-11,15:29,ELPROINTL,-2.1243
2026-09-11,15:29,EMAMIPAP,5.8491
2026-09-11,15:29,EMCURE,0.9591
2026-09-11,15:29,EMIL,44.7296
2026-09-11,15:29,EMKAY,3.7849
2026-09-11,15:29,EMMVEE,8.9421
2026-09-11,15:29,EMUDHRA,6.4533
2026-09-11,15:29,ENDURANCE,-2.3819
2026-09-11,15:29,ENGINERSIN,20.9416
2026-09-11,15:29,ENRIN,-1.5321
2026-09-11,15:29,ENTERO,45.9442
2026-09-11,15:29,EPIGRAL,3.8946
2026-09-11,15:29,EPL,7.5892
2026-09-11,15:29,EQUITASBNK,-2.739
2026-09-11,15:29,ERIS,0.0591
2026-09-11,15:29,ESABINDIA,4.5394
2026-09-11,15:29,ESTER,2.2639
2026-09-11,15:29,ETERNAL,6.9598
2026-09-11,15:29,ETHOSLTD,2.3297
2026-09-11,15:29,EVEREADY,5.8772
2026-09-11,15:29,EXCELINDUS,-0.5576
2026-09-11,15:29,EXCELSOFT,4.6764
2026-09-11,15:29,EXICOM,15.0976
2026-09-11,15:29,EXPLEOSOL,10.7928
2026-09-11,15:29,FABTECH,-1.6325
2026-09-11,15:29,FCL,46.7955
2026-09-11,15:29,FEDDERSHOL,15.0344
2026-09-11,15:29,FEDFINA,3.0553
2026-09-11,15:29,FILATEX,18.8928
2026-09-11,15:29,FINCABLES,44.1879
2026-09-11,15:29,FINEORG,7.2874
2026-09-11,15:29,FINKURVE,15.5587
2026-09-11,15:29,FIVESTAR,0.5657
2026-09-11,15:29,FLUOROCHEM,9.3066
2026-09-11,15:29,FMGOETZE,-2.8144
2026-09-11,15:29,FORCEMOT,-1.1004
2026-09-11,15:29,FOSECOIND,20.6682
2026-09-11,15:29,GALAXYSURF,12.4865
2026-09-11,15:29,GANDHAR,22.1501
2026-09-11,15:29,GANDHITUBE,1.3009
2026-09-11,15:29,GANESHBE,17.1815
2026-09-11,15:29,GANESHHOU,3.0786
2026-09-11,15:29,GARFIBRES,8.5687
2026-09-11,15:29,GARUDA,5.2662
2026-09-11,15:29,GAYAPROJ,30.2803
2026-09-11,15:29,GCSL,15.3972
2026-09-11,15:29,GEECEE,3.5506
2026-09-11,15:29,GENESYS,13.3321
2026-09-11,15:29,GENUSPOWER,3.3259
2026-09-11,15:29,GEOJITFSL,2.9335
2026-09-11,15:29,GESHIP,4.5764
2026-09-11,15:29,GFLLIMITED,24.9357
2026-09-11,15:29,GHCLTEXTIL,15.0854
2026-09-11,15:29,GICRE,-2.0191
2026-09-11,15:29,GIPCL,23.9188
2026-09-11,15:29,GKENERGY,-1.1826
2026-09-11,15:29,GKSL,34.3779
2026-09-11,15:29,GLAND,16.7566
2026-09-11,15:29,GLAXO,6.515
2026-09-11,15:29,GLENMARK,8.2949
2026-09-11,15:29,GLOBAL,21.9585
2026-09-11,15:29,GMBREW,1.4027
2026-09-11,15:29,GMDCLTD,1.9672
2026-09-11,15:29,GMMPFAUDLR,51.3073
2026-09-11,15:29,GNA,2.8651
2026-09-11,15:29,GNFC,10.2097
2026-09-11,15:29,GNRL,11.5878
2026-09-11,15:29,GOCLCORP,9.6882
2026-09-11,15:29,GOCOLORS,-0.7033
2026-09-11,15:29,GODIGIT,0.7472
2026-09-11,15:29,GODREJAGRO,21.3811
2026-09-11,15:29,GOKEX,-3.6137
2026-09-11,15:29,GOKULAGRO,0.733
2026-09-11,15:29,GPIL,0.8457
2026-09-11,15:29,GPPL,7.3534
2026-09-11,15:29,GRANDOAK,0.8895
2026-09-11,15:29,GRANULES,10.265
2026-09-11,15:29,GRAPHITE,25.8074
2026-09-11,15:29,GRASIM,5.8404
2026-09-11,15:29,GRAUWEIL,-1.2539
2026-09-11,15:29,GRAVITA,3.2046
2026-09-11,15:29,GREENPLY,1.9315
2026-09-11,15:29,GRINFRA,-3.201
2026-09-11,15:29,GROWW,3.02
2026-09-11,15:29,GRWRHITECH,-3.2161
2026-09-11,15:29,GSFC,-1.8194
2026-09-11,15:29,GTPL,-0.1503
2026-09-11,15:29,GUFICBIO,9.0419
2026-09-11,15:29,GUJALKALI,5.0984
2026-09-11,15:29,GUJTHEM,18.0422
2026-09-11,15:29,GULFOILLUB,-0.8043
2026-09-11,15:29,GVT&D,5.1997
2026-09-11,15:29,GYFTR,10.0514
2026-09-11,15:29,HAL,5.5633
2026-09-11,15:29,HALDYNGL,21.1642
2026-09-11,15:29,HAPPYFORGE,31.2398
2026-09-11,15:29,HARSHA,10.9587
2026-09-11,15:29,HATSUN,38.2878
2026-09-11,15:29,HAWKINCOOK,-1.6141
2026-09-11,15:29,HBLENGINE,0.487
2026-09-11,15:29,HCC,6.0168
2026-09-11,15:29,HCG,3.382
2026-09-11,15:29,HDBFS,-2.4987
2026-09-11,15:29,HDFCLIFE,-3.3728
2026-09-11,15:29,HEALTHX,0.0649
2026-09-11,15:29,HEIDELBERG,-1.8927
2026-09-11,15:29,HERITGFOOD,26.4274
2026-09-11,15:29,HEROMOTOCO,-3.0542
2026-09-11,15:29,HEXAGON,5.9199
2026-09-11,15:29,HEXATRADEX,-0.9976
2026-09-11,15:29,HFCL,20.5085
2026-09-11,15:29,HIKAL,1.6448
2026-09-11,15:29,HINDALCO,0.7235
2026-09-11,15:29,HINDCOPPER,4.6583
2026-09-11,15:29,HINDOILEXP,14.8366
2026-09-11,15:29,HINDZINC,6.9084
2026-09-11,15:29,HITECHCORP,4.466
2026-09-11,15:29,HITECHGEAR,-0.7608
2026-09-11,15:29,HMAAGRO,-2.193
2026-09-11,15:29,HMT,3.1586
2026-09-11,15:29,HNDFDS,7.6655
2026-09-11,15:29,HOMEFIRST,-0.3785
2026-09-11,15:29,HONASA,4.8048
2026-09-11,15:29,HTMEDIA,1.0953
2026-09-11,15:29,HYUNDAI,-0.3072
2026-09-11,15:29,ICICIAMC,-2.3878
2026-09-11,15:29,ICIL,10.4673
2026-09-11,15:29,ICRA,-3.5607
2026-09-11,15:29,IDBI,-0.3821
2026-09-11,15:29,IDFCFIRSTB,1.8068
2026-09-11,15:29,IFBIND,-1.1857
2026-09-11,15:29,IFCI,7.5124
2026-09-11,15:29,IFGLEXPOR,-1.1938
2026-09-11,15:29,IGL,0
2026-09-11,15:29,IGPL,16.0849
2026-09-11,15:29,IIFL,-1.3226
2026-09-11,15:29,IIFLCAPS,0.37
2026-09-11,15:29,IKIO,11.812
2026-09-11,15:29,IL&FSENGG,4.2185
2026-09-11,15:29,IMAGICAA,11.3641
2026-09-11,15:29,IMPAL,2.6558
2026-09-11,15:29,INDGN,12.2683
2026-09-11,15:29,INDHOTEL,-2.7148
2026-09-11,15:29,INDIANB,2.0323
2026-09-11,15:29,INDIGOPNTS,-2.0237
2026-09-11,15:29,INDIQUBE,16.753
2026-09-11,15:29,INDNIPPON,16.1056
2026-09-11,15:29,INDOAMIN,-0.4393
2026-09-11,15:29,INDOBORAX,29.2478
2026-09-11,15:29,INDOCO,19.8323
2026-09-11,15:29,INDOMIM,31.186
2026-09-11,15:29,INDORAMA,53.7778
2026-09-11,15:29,INDOSTAR,-2.248
2026-09-11,15:29,INDOTECH,2.0007
2026-09-11,15:29,INDRAMEDCO,-3.0981
2026-09-11,15:29,INDSWFTLAB,71.8241
2026-09-11,15:29,INDUSINDBK,-3.3829
2026-09-11,15:29,INDUSTOWER,-0.7926
2026-09-11,15:29,INGERRAND,5.4756
2026-09-11,15:29,INNOVACAP,17.7521
2026-09-11,15:29,INNOVANA,-0.2745
2026-09-11,15:29,INOXGREEN,4.8973
2026-09-11,15:29,INOXINDIA,17.7463
2026-09-11,15:29,INOXWIND,-2.0988
2026-09-11,15:29,INVPRECQ,28.0736
2026-09-11,15:29,IOB,-2.4484
2026-09-11,15:29,IOC,-3.6099
2026-09-11,15:29,IOLCP,32.7889
2026-09-11,15:29,IONEXCHANG,5.9425
2026-09-11,15:29,IPCALAB,12.6273
2026-09-11,15:29,IRIS,-1.1322
2026-09-11,15:29,IRISDOREME,16.0687
2026-09-11,15:29,IRMENERGY,8.8138
2026-09-11,15:29,ISGEC,-3.6322
2026-09-11,15:29,ITDC,-1.4057
2026-09-11,15:29,JAGRAN,-2.6955
2026-09-11,15:29,JAGSNPHARM,0.9055
2026-09-11,15:29,JAIBALAJI,12.7534
2026-09-11,15:29,JAMNAAUTO,3.2627
2026-09-11,15:29,JARO,-2.9497
2026-09-11,15:29,JASH,1.8829
2026-09-11,15:29,JAYAGROGN,6.4443
2026-09-11,15:29,JAYKAY,-1.2189
2026-09-11,15:29,JAYNECOIND,4.5798
2026-09-11,15:29,JGCHEM,17.5169
2026-09-11,15:29,JINDALPOLY,6.0003
2026-09-11,15:29,JINDALSAW,21.4049
2026-09-11,15:29,JINDALSTEL,1.6419
2026-09-11,15:29,JINDRILL,2.767
2026-09-11,15:29,JINDWORLD,37.9238
2026-09-11,15:29,JISLJALEQS,-0.7682
2026-09-11,15:29,JKIL,-1.2759
2026-09-11,15:29,JKPAPER,6.0684
2026-09-11,15:29,JMFINANCIL,1.891
2026-09-11,15:29,JNKINDIA,-3.4625
2026-09-11,15:29,JPOLYINVST,-3.0662
2026-09-11,15:29,JSL,2.8987
2026-09-11,15:29,JSWDULUX,7.3601
2026-09-11,15:29,JSWHL,1.7056
2026-09-11,15:29,JSWINFRA,9.8432
2026-09-11,15:29,JSWSTEEL,-0.3937
2026-09-11,15:29,JTLIND,17.6283
2026-09-11,15:29,JUBLCPL,18.3965
2026-09-11,15:29,JUBLFOOD,7.3018
2026-09-11,15:29,JUBLPHARMA,9.6295
2026-09-11,15:29,JUNIPER,13.2033
2026-09-11,15:29,JYOTHYLAB,-1.906
2026-09-11,15:29,JYOTICNC,21.8079
2026-09-11,15:29,KABRAEXTRU,83.0991
2026-09-11,15:29,KAJARIACER,2.345
2026-09-11,15:29,KALYANKJIL,-1.8691
2026-09-11,15:29,KAMATHOTEL,34.2595
2026-09-11,15:29,KAMDHENU,13.965
2026-09-11,15:29,KANORICHEM,19.1459
2026-09-11,15:29,KANPRPLA,27.7459
2026-09-11,15:29,KAPSTON,23.8577
2026-09-11,15:29,KARURVYSYA,-2.5259
2026-09-11,15:29,KAYA,20.2945
2026-09-11,15:29,KCP,0.5137
2026-09-11,15:29,KDDL,17.5621
2026-09-11,15:29,KENNAMET,65.9602
2026-09-11,15:29,KHAICHEM,14.5917
2026-09-11,15:29,KILITCH,-0.3323
2026-09-11,15:29,KINGFA,18.0718
2026-09-11,15:29,KIOCL,-2.6399
2026-09-11,15:29,KIRANVYPAR,4.815
2026-09-11,15:29,KIRIINDUS,29.5912
2026-09-11,15:29,KIRLFER,-2.218
2026-09-11,15:29,KIRLOSENG,-0.9681
2026-09-11,15:29,KIRLOSIND,-2.8548
2026-09-11,15:29,KISSHT,3.4298
2026-09-11,15:29,KKCL,-0.4225
2026-09-11,15:29,KLBRENG-B,11.814
2026-09-11,15:29,KMEW,16.4779
2026-09-11,15:29,KNACK,-3.6182
2026-09-11,15:29,KNRCON,3.1268
2026-09-11,15:29,KOLTEPATIL,13.4381
2026-09-11,15:29,KOPRAN,23.1534
2026-09-11,15:29,KOTAKBANK,7.3533
2026-09-11,15:29,KOTHARIPET,-0.9223
2026-09-11,15:29,KOVAI,4.9662
2026-09-11,15:29,KPIL,11.3291
2026-09-11,15:29,KPL,41.2734
2026-09-11,15:29,KPRMILL,5.6487
2026-09-11,15:29,KRBL,19.9231
2026-09-11,15:29,KRISHANA,-1.7983
2026-09-11,15:29,KRN,35.6948
2026-09-11,15:29,KRONOX,16.2723
2026-09-11,15:29,KROSS,21.8502
2026-09-11,15:29,KRSNAA,4.2848
2026-09-11,15:29,KRYSTAL,2.3998
2026-09-11,15:29,KSHINTL,39.4427
2026-09-11,15:29,KSL,10.8346
2026-09-11,15:29,KTKBANK,14.2581
2026-09-11,15:29,KUANTUM,-2.0756
2026-09-11,15:29,KUSUMGAR,-2.5307
2026-09-11,15:29,KWIL,39.243
2026-09-11,15:29,LALPATHLAB,0.1995
2026-09-11,15:29,LASERPOWER,-3.2134
2026-09-11,15:29,LAURUSLABS,8.4132
2026-09-11,15:29,LAXMIINDIA,2.0478
2026-09-11,15:29,LCL,3.3448
2026-09-11,15:29,LENSKART,21.4375
2026-09-11,15:29,LGBBROSLTD,7.7185
2026-09-11,15:29,LGEINDIA,9.8155
2026-09-11,15:29,LICHSGFIN,7.6085
2026-09-11,15:29,LIKHITHA,-1.6893
2026-09-11,15:29,LINCOLN,8.0308
2026-09-11,15:29,LMW,9.7511
2026-09-11,15:29,LOKESHMACH,2.7071
2026-09-11,15:29,LOTUSDEV,4.5723
2026-09-11,15:29,LT,-0.2082
2026-09-11,15:29,LTF,-0.6908
2026-09-11,15:29,LTFOODS,6.7625
2026-09-11,15:29,LTM,-1.9967
2026-09-11,15:29,LUMAXIND,11.2593
2026-09-11,15:29,LUMAXTECH,27.1249
2026-09-11,15:29,LXCHEM,-1.636
2026-09-11,15:29,MACPOWER,26.3887
2026-09-11,15:29,MAGADSUGAR,8.6731
2026-09-11,15:29,MAHABANK,6.1389
2026-09-11,15:29,MAHASTEEL,27.4507
2026-09-11,15:29,MAHLOG,-3.0037
2026-09-11,15:29,MAHSCOOTER,-0.3459
2026-09-11,15:29,MAHSEAMLES,28.929
2026-09-11,15:29,MAITHANALL,6.318
2026-09-11,15:29,MALLCOM,-3.0595
2026-09-11,15:29,MAMATA,0.3444
2026-09-11,15:29,MANAKCOAT,7.1351
2026-09-11,15:29,MANAKSTEEL,72.4335
2026-09-11,15:29,MANALIPETC,30.883
2026-09-11,15:29,MANBA,-2.2217
2026-09-11,15:29,MANGLMCEM,8.1593
2026-09-11,15:29,MANINDS,62.709
2026-09-11,15:29,MANINFRA,29.3536
2026-09-11,15:29,MANORAMA,28.1209
2026-09-11,15:29,MANYAVAR,40.4437
2026-09-11,15:29,MARATHON,11.7398
2026-09-11,15:29,MARINE,57.5752
2026-09-11,15:29,MARKSANS,27.5014
2026-09-11,15:29,MARSONS,15.6307
2026-09-11,15:29,MASTERTR,10.3117
2026-09-11,15:29,MATRIMONY,17.8032
2026-09-11,15:29,MAWANASUG,28.6725
2026-09-11,15:29,MAXESTATES,42.5356
2026-09-11,15:29,MAYURUNIQ,-1.4515
2026-09-11,15:29,MAZDA,17.5347
2026-09-11,15:29,MAZDOCK,-1.797
2026-09-11,15:29,MBAPL,0.4182
2026-09-11,15:29,MCCHRLS-B,0.3873
2026-09-11,15:29,MCX,21.6849
2026-09-11,15:29,MEDANTA,2.9596
2026-09-11,15:29,MEESHO,19.1503
2026-09-11,15:29,MEIL,-0.6865
2026-09-11,15:29,MENONBE,41.2698
2026-09-11,15:29,MERCURYEV,19.2932
2026-09-11,15:29,METROPOLIS,0.5236
2026-09-11,15:29,MFSL,-1.4676
2026-09-11,15:29,MGL,-3.2307
2026-09-11,15:29,MIDHANI,12.9798
2026-09-11,15:29,MINDACORP,0.642
2026-09-11,15:29,MMFL,15.5161
2026-09-11,15:29,MMP,60.6667
2026-09-11,15:29,MMTC,-1.181
2026-09-11,15:29,MOBIKWIK,2.188
2026-09-11,15:29,MODISONLTD,87.4255
2026-09-11,15:29,MOL,16.0356
2026-09-11,15:29,MOLDTECH,35.762
2026-09-11,15:29,MOLDTKPAC,0.6323
2026-09-11,15:29,MONTECARLO,6.2046
2026-09-11,15:29,MOREPENLAB,102.9804
2026-09-11,15:29,MOSCHIP,1.1983
2026-09-11,15:29,MOTHERSON,9.0879
2026-09-11,15:29,MOTILALOFS,20.4883
2026-09-11,15:29,MPHASIS,-2.0194
2026-09-11,15:29,MPSLTD,-3.2455
2026-09-11,15:29,MRF,-3.3743
2026-09-11,15:29,MRPL,3.4836
2026-09-11,15:29,MSPL,-1.0201
2026-09-11,15:29,MSTCLTD,19.4678
2026-09-11,15:29,MTARTECH,27.707
2026-09-11,15:29,MUFIN,2.2924
2026-09-11,15:29,MUKANDLTD,-1.3718
2026-09-11,15:29,MUKKA,42.724
2026-09-11,15:29,MUNJALAU,5.2299
2026-09-11,15:29,MVGJL,17.3843
2026-09-11,15:29,NAHARINDUS,16.1592
2026-09-11,15:29,NAHARSPING,-2.846
2026-09-11,15:29,NAM-INDIA,2.4281
2026-09-11,15:29,NATIONALUM,3.1281
2026-09-11,15:29,NAUKRI,2.002
2026-09-11,15:29,NAVA,-0.2891
2026-09-11,15:29,NAVINFLUOR,12.8973
2026-09-11,15:29,NAZARA,9.233
2026-09-11,15:29,NCC,-0.0992
2026-09-11,15:29,NEOGEN,17.2952
2026-09-11,15:29,NEPHROPLUS,12.279
2026-09-11,15:29,NESCO,3.5124
2026-09-11,15:29,NETWEB,11.1185
2026-09-11,15:29,NEULANDLAB,23.5887
2026-09-11,15:29,NHPC,-2.9849
2026-09-11,15:29,NIACL,14.2668
2026-09-11,15:29,NIITLTD,-3.4148
2026-09-11,15:29,NILKAMAL,14.0728
2026-09-11,15:29,NIRLON,-2.0951
2026-09-11,15:29,NITINSPIN,19.6343
2026-09-11,15:29,NMDC,-3.1044
2026-09-11,15:29,NOCIL,15.5205
2026-09-11,15:29,NORTHARC,6.3066
2026-09-11,15:29,NOVARTIND,55.5722
2026-09-11,15:29,NPST,10.5205
2026-09-11,15:29,NRAIL,32.6363
2026-09-11,15:29,NRBBEARING,25.555
2026-09-11,15:29,NRL,24.8335
2026-09-11,15:29,NSIL,0.5616
2026-09-11,15:29,NSLNISP,1.4877
2026-09-11,15:29,NTPCGREEN,-3.4322
2026-09-11,15:29,NUCLEUS,1.5159
2026-09-11,15:29,NUVAMA,-3.6922
2026-09-11,15:29,NYKAA,3.3293
2026-09-11,15:29,OAL,45.9808
2026-09-11,15:29,OFSS,5.1582
2026-09-11,15:29,OIL,6.8033
2026-09-11,15:29,OLAELEC,-0.3104
2026-09-11,15:29,OMAXE,43.8951
2026-09-11,15:29,OMPOWER,2.1497
2026-09-11,15:29,ONEPOINT,-1.8622
2026-09-11,15:29,ONESOURCE,-1.6978
2026-09-11,15:29,ONWARDTEC,-2.8928
2026-09-11,15:29,ORBTEXP,-1.7168
2026-09-11,15:29,ORCHPHARMA,1.6725
2026-09-11,15:29,ORIENTBELL,25.9045
2026-09-11,15:29,ORIENTCER,12.3017
2026-09-11,15:29,ORIENTELEC,-0.6923
2026-09-11,15:29,ORIENTHOT,7.368
2026-09-11,15:29,ORISSAMINE,-0.7827
2026-09-11,15:29,ORKLAINDIA,6.0919
2026-09-11,15:29,PAISALO,18.3006
2026-09-11,15:29,PANACHE,20.5575
2026-09-11,15:29,PANAMAPET,6.5263
2026-09-11,15:29,PARACABLES,-0.0154
2026-09-11,15:29,PARADEEP,5.8576
2026-09-11,15:29,PARAGMILK,25.2858
2026-09-11,15:29,PARAS,14.2539
2026-09-11,15:29,PASUPTAC,14.9811
2026-09-11,15:29,PATELENG,-2.6345
2026-09-11,15:29,PAUSHAKLTD,15.8647
2026-09-11,15:29,PAYTM,34.5867
2026-09-11,15:29,PCBL,4.1365
2026-09-11,15:29,PDMJEPAPER,2.9939
2026-09-11,15:29,PENIND,6.3106
2026-09-11,15:29,PERSISTENT,-0.5947
2026-09-11,15:29,PETRONET,2.2974
2026-09-11,15:29,PFOCUS,8.2686
2026-09-11,15:29,PFS,-1.1179
2026-09-11,15:29,PHOENIXLTD,-0.1743
2026-09-11,15:29,PIDILITIND,-2.7616
2026-09-11,15:29,PILANIINVS,-2.5866
2026-09-11,15:29,PINELABS,45.4774
2026-09-11,15:29,PITTIENG,26.3277
2026-09-11,15:29,PIXTRANS,2.941
2026-09-11,15:29,PLASTIBLEN,3.5672
2026-09-11,15:29,PLATIND,-2.1426
2026-09-11,15:29,PNB,3.5844
2026-09-11,15:29,PNBHOUSING,11.9457
2026-09-11,15:29,PNGSREVA,19.7617
2026-09-11,15:29,POLICYBZR,12.226
2026-09-11,15:29,POLYMED,2.1445
2026-09-11,15:29,POLYPLEX,2.6147
2026-09-11,15:29,POWERICA,7.5057
2026-09-11,15:29,POWERINDIA,-2.2999
2026-09-11,15:29,PPL,7.39
2026-09-11,15:29,PPLPHARMA,8.0466
2026-09-11,15:29,PRABHA,65.3979
2026-09-11,15:29,PRAJIND,3.2863
2026-09-11,15:29,PRAKASH,-0.2107
2026-09-11,15:29,PRECWIRE,24.1412
2026-09-11,15:29,PREMEXPLN,0.5797
2026-09-11,15:29,PREMIERPOL,23.1155
2026-09-11,15:29,PRICOLLTD,9.2945
2026-09-11,15:29,PRIMESECU,2.221
2026-09-11,15:29,PRINCEPIPE,1.0038
2026-09-11,15:29,PRIVISCL,-1.6864
2026-09-11,15:29,PROSTARM,5.1873
2026-09-11,15:29,PROZONER,27.1765
2026-09-11,15:29,PRSMJOHNSN,6.4719
2026-09-11,15:29,PRUDENT,2.825
2026-09-11,15:29,PSB,-1.9836
2026-09-11,15:29,PTCIL,33.2243
2026-09-11,15:29,PTL,-2.5114
2026-09-11,15:29,PURVA,0.6025
2026-09-11,15:29,PVP,141.5952
2026-09-11,15:29,PVRINOX,9.4198
2026-09-11,15:29,PWL,8.9759
2026-09-11,15:29,QPOWER,25.8713
2026-09-11,15:29,QUADFUTURE,38.3148
2026-09-11,15:29,QUESS,4.6459
2026-09-11,15:29,QUICKHEAL,-3.506
2026-09-11,15:29,RACLGEAR,39.1666
2026-09-11,15:29,RADHIKAJWE,15.9721
2026-09-11,15:29,RADICO,0.6289
2026-09-11,15:29,RAIN,-3.1307
2026-09-11,15:29,RAJOOENG,4.8044
2026-09-11,15:29,RAJRATAN,0.6364
2026-09-11,15:29,RAJRILTD,1.3936
2026-09-11,15:29,RAMBHAJO,51.0094
2026-09-11,15:29,RAMCOIND,-1.2714
2026-09-11,15:29,RAMCOSYS,2.3498
2026-09-11,15:29,RAMRAT,18.7068
2026-09-11,15:29,RANEHOLDIN,-2.9911
2026-09-11,15:29,RATNAMANI,19.1827
2026-09-11,15:29,RATNAVEER,58.9481
2026-09-11,15:29,RAYMOND,72.8668
2026-09-11,15:29,RAYMONDLSL,-2.6038
2026-09-11,15:29,RBA,47.1339
2026-09-11,15:29,RBLBANK,9.8668
2026-09-11,15:29,RBZJEWEL,16.9217
2026-09-11,15:29,REDINGTON,22.4001
2026-09-11,15:29,REGAAL,2.235
2026-09-11,15:29,RELIGARE,1.4458
2026-09-11,15:29,RENUKA,13.7174
2026-09-11,15:29,RESPONIND,0.9732
2026-09-11,15:29,RGL,32.5915
2026-09-11,15:29,RHIM,-3.2814
2026-09-11,15:29,RISHABH,35.8775
2026-09-11,15:29,RITCO,3.0854
2026-09-11,15:29,RITES,-2.3074
2026-09-11,15:29,RKFORGE,9.2221
2026-09-11,15:29,RMDRIP,24.2744
2026-09-11,15:29,RML,17.7795
2026-09-11,15:29,ROHLTD,-2.0937
2026-09-11,15:29,ROLEXRINGS,25.1333
2026-09-11,15:29,ROSSTECH,27.2718
2026-09-11,15:29,RPEL,51.706
2026-09-11,15:29,RPGLIFE,-2.5143
2026-09-11,15:29,RPTECH,-1.6676
2026-09-11,15:29,RSL,34.794
2026-09-11,15:29,RSWM,1.7057
2026-09-11,15:29,RUBICON,23.0986
2026-09-11,15:29,RUBYMILLS,22.0107
2026-09-11,15:29,SAFARI,-0.9554
2026-09-11,15:29,SAGILITY,4.1475
2026-09-11,15:29,SAIL,5.8984
2026-09-11,15:29,SAILIFE,20.5232
2026-09-11,15:29,SAKAR,30.8726
2026-09-11,15:29,SALSTEEL,29.9687
2026-09-11,15:29,SAMBHV,9.1787
2026-09-11,15:29,SANATHAN,-0.6001
2026-09-11,15:29,SANDESH,3.7264
2026-09-11,15:29,SANDHAR,-1.3082
2026-09-11,15:29,SANGHVIMOV,4.0752
2026-09-11,15:29,SANSERA,23.3948
2026-09-11,15:29,SANSTAR,-1.0917
2026-09-11,15:29,SAPPHIRE,21.9491
2026-09-11,15:29,SARDAEN,1.4615
2026-09-11,15:29,SAREGAMA,-3.3183
2026-09-11,15:29,SARLAPOLY,1.3654
2026-09-11,15:29,SASKEN,-1.5565
2026-09-11,15:29,SATIA,10.1377
2026-09-11,15:29,SAYAJIHOTL,12.5926
2026-09-11,15:29,SBC,15.044
2026-09-11,15:29,SBCL,45.0397
2026-09-11,15:29,SBFC,8.6173
2026-09-11,15:29,SBICARD,-0.7498
2026-09-11,15:29,SBIN,-3.0855
2026-09-11,15:29,SCHAEFFLER,-3.155
2026-09-11,15:29,SCPL,5.1707
2026-09-11,15:29,SDBL,-2.5588
2026-09-11,15:29,SEAMECLTD,22.3005
2026-09-11,15:29,SEDEMAC,8.2626
2026-09-11,15:29,SENORES,12.3765
2026-09-11,15:29,SESHAPAPER,3.303
2026-09-11,15:29,SETL,70.1745
2026-09-11,15:29,SGFIN,-3.1513
2026-09-11,15:29,SGIL,-1.7095
2026-09-11,15:29,SGMART,7.6862
2026-09-11,15:29,SHADOWFAX,4.3228
2026-09-11,15:29,SHAILY,7.1242
2026-09-11,15:29,SHALPAINTS,28.5693
2026-09-11,15:29,SHANTIGEAR,73.4053
2026-09-11,15:29,SHANTIGOLD,18.748
2026-09-11,15:29,SHARDAMOTR,8.3152
2026-09-11,15:29,SHAREINDIA,11.4579
2026-09-11,15:29,SHILPAMED,57.2434
2026-09-11,15:29,SHINDL,0.6172
2026-09-11,15:29,SHIVALIK,46.4544
2026-09-11,15:29,SHIVAUM,5.5448
2026-09-11,15:29,SHOPERSTOP,-3.6319
2026-09-11,15:29,SHREEJISPG,7.1899
2026-09-11,15:29,SHREEPUSHK,22.7221
2026-09-11,15:29,SHREERAMA,20.2961
2026-09-11,15:29,SHRINGARMS,-2.4995
2026-09-11,15:29,SHRIPISTON,-0.5392
2026-09-11,15:29,SHRIRAMFIN,-1.7292
2026-09-11,15:29,SHYAMMETL,4.218
2026-09-11,15:29,SIEMENS,5.2394
2026-09-11,15:29,SIGACHI,46.3349
2026-09-11,15:29,SIGMAADV,33.5017
2026-09-11,15:29,SIGNPOST,-2.5745
2026-09-11,15:29,SIKA,-2.7023
2026-09-11,15:29,SIMPLEXINF,7.9331
2026-09-11,15:29,SINDHUTRAD,-1.7206
2026-09-11,15:29,SIRCA,1.6411
2026-09-11,15:29,SIS,-0.7339
2026-09-11,15:29,SJS,-1.5763
2026-09-11,15:29,SJVN,-3.5558
2026-09-11,15:29,SKFINDIA,3.2576
2026-09-11,15:29,SKFINDUS,5.3944
2026-09-11,15:29,SKIPPER,4.5097
2026-09-11,15:29,SKMEGGPROD,-3.4221
2026-09-11,15:29,SKYGOLD,28.5381
2026-09-11,15:29,SMARTWORKS,12.8055
2026-09-11,15:29,SMCGLOBAL,6.3961
2026-09-11,15:29,SMLMAH,15.7837
2026-09-11,15:29,SMSPHARMA,23.9503
2026-09-11,15:29,SOFTTECH,8.4642
2026-09-11,15:29,SOLARA,45.8767
2026-09-11,15:29,SOLARINDS,21.2006
2026-09-11,15:29,SOMANYCERA,15.6183
2026-09-11,15:29,SONACOMS,2.4175
2026-09-11,15:29,SOTL,19.0278
2026-09-11,15:29,SOUTHBANK,-1.1135
2026-09-11,15:29,SPAL,3.1146
2026-09-11,15:29,SPECIALITY,6.4293
2026-09-11,15:29,SPECTRUM,27.9094
2026-09-11,15:29,SPIC,3.8062
2026-09-11,15:29,SPLPETRO,14.7514
2026-09-11,15:29,SPORTKING,6.7127
2026-09-11,15:29,SREEL,56.0253
2026-09-11,15:29,SRHHYPOLTD,8.1338
2026-09-11,15:29,SSWL,19.4258
2026-09-11,15:29,STAR,15.4537
2026-09-11,15:29,STEELCAS,4.9363
2026-09-11,15:29,STEL,6.306
2026-09-11,15:29,STLNETWORK,50.6793
2026-09-11,15:29,STLTECH,61.0987
2026-09-11,15:29,STOVEKRAFT,4.6891
2026-09-11,15:29,STYL,11.9168
2026-09-11,15:29,STYLAMIND,-1.6074
2026-09-11,15:29,STYLEBAAZA,42.9993
2026-09-11,15:29,SUBEXLTD,68.6942
2026-09-11,15:29,SUDARCOLOR,4.7764
2026-09-11,15:29,SUDARSCHEM,23.1088
2026-09-11,15:29,SUDEEPPHRM,36.5189
2026-09-11,15:29,SUNCLAY,3.5657
2026-09-11,15:29,SUNDARMFIN,0.9667
2026-09-11,15:29,SUNDRMFAST,29.9299
2026-09-11,15:29,SUNDROP,-0.5184
2026-09-11,15:29,SUPRAJIT,-3.1114
2026-09-11,15:29,SUPREMEIND,-2.9145
2026-09-11,15:29,SUPREMEINF,1.686
2026-09-11,15:29,SUPRIYA,4.0081
2026-09-11,15:29,SURAKSHA,28.3958
2026-09-11,15:29,SUTLEJTEX,3.3421
2026-09-11,15:29,SUVEN,15.7766
2026-09-11,15:29,SVLL,8.7327
2026-09-11,15:29,SWANCORP,-3.6875
2026-09-11,15:29,SWANDEF,10.2761
2026-09-11,15:29,SWARAJENG,-1.4523
2026-09-11,15:29,SWIGGY,-2.338
2026-09-11,15:29,SYNGENE,-0.8422
2026-09-11,15:29,SYRMA,16.2789
2026-09-11,15:29,SYSTMTXC,18.4163
2026-09-11,15:29,TAALTECH,36.7533
2026-09-11,15:29,TALBROAUTO,3.924
2026-09-11,15:29,TARIL,-2.6981
2026-09-11,15:29,TARSONS,-1.0807
2026-09-11,15:29,TASTYBITE,11.2218
2026-09-11,15:29,TATACAP,-0.6842
2026-09-11,15:29,TATACOMM,0.2961
2026-09-11,15:29,TATASTEEL,-3.5268
2026-09-11,15:29,TATATECH,1.9394
2026-09-11,15:29,TBOTEK,9.6852
2026-09-11,15:29,TBZ,90.4538
2026-09-11,15:29,TCPLPACK,22.7564
2026-09-11,15:29,TEAMLEASE,0.5264
2026-09-11,15:29,TECHNOE,-0.8314
2026-09-11,15:29,TECHNVISN,7.1093
2026-09-11,15:29,TEGA,16.3985
2026-09-11,15:29,TEJASNET,7.729
2026-09-11,15:29,TEXINFRA,1.3422
2026-09-11,15:29,TEXRAIL,5.7635
2026-09-11,15:29,TFCILTD,38.8927
2026-09-11,15:29,THANGAMAYL,-1.9229
2026-09-11,15:29,THEINVEST,-0.8298
2026-09-11,15:29,THEJO,3.9788
2026-09-11,15:29,THELEELA,9.6442
2026-09-11,15:29,THEMISMED,21.8875
2026-09-11,15:29,THOMASCOOK,4.1815
2026-09-11,15:29,TI,12.1359
2026-09-11,15:29,TIIL,25.9523
2026-09-11,15:29,TIL,1.157
2026-09-11,15:29,TIMEX,18.7294
2026-09-11,15:29,TIMKEN,4.9914
2026-09-11,15:29,TIPSMUSIC,-0.973
2026-09-11,15:29,TIRUPATIFL,-1.2571
2026-09-11,15:29,TITAGARH,2.054
2026-09-11,15:29,TITAN,2.7548
2026-09-11,15:29,TMB,6.9508
2026-09-11,15:29,TMCV,-0.5151
2026-09-11,15:29,TNPETRO,33.5751
2026-09-11,15:29,TNPL,1.7189
2026-09-11,15:29,TORNTPHARM,-3.0706
2026-09-11,15:29,TRANSPEK,1.7861
2026-09-11,15:29,TREL,11.2165
2026-09-11,15:29,TRIVENI,15.3047
2026-09-11,15:29,TRUALT,-1.5721
2026-09-11,15:29,TSFINV,-3.3702
2026-09-11,15:29,TTKHLTCARE,8.8726
2026-09-11,15:29,TURTLEMINT,13.3389
2026-09-11,15:29,TVSSCS,-3.4194
2026-09-11,15:29,TVSSRICHAK,30.9048
2026-09-11,15:29,UDS,2.076
2026-09-11,15:29,UEL,34.4175
2026-09-11,15:29,UFBL,-0.3991
2026-09-11,15:29,UFLEX,38.8399
2026-09-11,15:29,UGARSUGAR,33.448
2026-09-11,15:29,ULTRAMAR,10.6649
2026-09-11,15:29,UNICHEMLAB,5.1227
2026-09-11,15:29,UNIECOM,-1.6291
2026-09-11,15:29,UNIMECH,30.2694
2026-09-11,15:29,UNIONBANK,4.0061
2026-09-11,15:29,UNIPARTS,23.2761
2026-09-11,15:29,UNITEDPOLY,41.0231
2026-09-11,15:29,UNIVASTU,11.9403
2026-09-11,15:29,UNIVCABLES,9.8719
2026-09-11,15:29,UNIVPHOTO,13.7158
2026-09-11,15:29,UNOMINDA,1.7874
2026-09-11,15:29,URBANCO,28.9821
2026-09-11,15:29,USHAMART,-0.2924
2026-09-11,15:29,UTIAMC,0.764
2026-09-11,15:29,UTLSOLAR,17.6873
2026-09-11,15:29,UTTAMSUGAR,25.8715
2026-09-11,15:29,V2RETAIL,-0.6064
2026-09-11,15:29,VADILALIND,-3.5207
2026-09-11,15:29,VALIANTLAB,110.5861
2026-09-11,15:29,VALIANTORG,48.5939
2026-09-11,15:29,VARROC,28.3863
2026-09-11,15:29,VEDL,-0.2081
2026-09-11,15:29,VEDPOWER,-2.6072
2026-09-11,15:29,VEEDOL,2.0722
2026-09-11,15:29,VELJAN,7.5514
2026-09-11,15:29,VENKEYS,19.1943
2026-09-11,15:29,VENUSPIPES,21.2472
2026-09-11,15:29,VENUSREM,2.194
2026-09-11,15:29,VGUARD,2.9253
2026-09-11,15:29,VHL,1.4685
2026-09-11,15:29,VIDHIING,1.6256
2026-09-11,15:29,VIJAYA,11.7227
2026-09-11,15:29,VIMTALABS,3.4081
2026-09-11,15:29,VINATIORGA,-0.7895
2026-09-11,15:29,VINCOFE,16.6377
2026-09-11,15:29,VINDHYATEL,41.6738
2026-09-11,15:29,VIPIND,0.3847
2026-09-11,15:29,VISAKAIND,5.9878
2026-09-11,15:29,VISHNU,16.4207
2026-09-11,15:29,VISL,3.2838
2026-09-11,15:29,VIVIANA,4.6761
2026-09-11,15:29,VIYASH,2.2222
2026-09-11,15:29,VMART,3.8313
2026-09-11,15:29,VOEPL,7.6786
2026-09-11,15:29,VOGL,3.2921
2026-09-11,15:29,VOLTAMP,13.0404
2026-09-11,15:29,VRLLOG,8.5263
2026-09-11,15:29,VSSL,30.4184
2026-09-11,15:29,VTL,-3.3458
2026-09-11,15:29,WAAREEENER,-2.0595
2026-09-11,15:29,WABAG,15.2084
2026-09-11,15:29,WAKEFIT,23.9652
2026-09-11,15:29,WCIL,-2.7991
2026-09-11,15:29,WELCORP,62.1592
2026-09-11,15:29,WELENT,32.7368
2026-09-11,15:29,WELINV,23.5172
2026-09-11,15:29,WELSPLSOL,8.8506
2026-09-11,15:29,WELSPUNLIV,33.1794
2026-09-11,15:29,WENDT,7.3713
2026-09-11,15:29,WESTLIFE,12.325
2026-09-11,15:29,WHEELS,58.208
2026-09-11,15:29,WINDLAS,31.6603
2026-09-11,15:29,WINDMACHIN,6.1992
2026-09-11,15:29,WOCKPHARMA,11.2109
2026-09-11,15:29,WONDERLA,9.0538
2026-09-11,15:29,WSTCSTPAPR,25.338
2026-09-11,15:29,XTRANET,114.4472
2026-09-11,15:29,YASHO,8.521
2026-09-11,15:29,YATHARTH,18.0646
2026-09-11,15:29,YATRA,8.3959
2026-09-11,15:29,YESBANK,3.1181
2026-09-11,15:29,YUKEN,54.9242
2026-09-11,15:29,ZENTEC,6.0584
2026-09-11,15:29,ZFCVINDIA,5.389
2026-09-11,15:29,ZFSTEERING,15.1819
2026-09-11,15:29,ZIMLAB,23.2144
2026-09-11,15:29,ZUARIIND,5.5448
2026-09-11,15:29,ZYDUSLIFE,-0.6834
2026-09-15,15:29,20MICRONS,2.6833
2026-09-15,15:29,3BBLACKBIO,8.6291
2026-09-15,15:29,63MOONS,-3.6843
2026-09-15,15:29,AARTIDRUGS,4.69
2026-09-15,15:29,AARTIIND,-3.7182
2026-09-15,15:29,AARTIPHARM,16.8171
2026-09-15,15:29,ABBOTINDIA,-6.3452
2026-09-15,15:29,ABDL,1.945
2026-09-15,15:29,ABSLAMC,1.9749
2026-09-15,15:29,ACCELYA,-2.6009
2026-09-15,15:29,ACE,2.4154
2026-09-15,15:29,ACMESOLAR,13.2848
2026-09-15,15:29,ACUTAAS,4.8068
2026-09-15,15:29,ADANIENT,-4.5437
2026-09-15,15:29,ADANIPORTS,0.7525
2026-09-15,15:29,ADANIPOWER,-5.4528
2026-09-15,15:29,ADFFOODS,-4.5479
2026-09-15,15:29,ADOR,2.9868
2026-09-15,15:29,AEGISLOG,-4.6676
2026-09-15,15:29,AEGISVOPAK,0.0663
2026-09-15,15:29,AEQUS,-5.1956
2026-09-15,15:29,AEROENTER,-5.1663
2026-09-15,15:29,AEROFLEX,17.6634
2026-09-15,15:29,AETHER,4.8758
2026-09-15,15:29,AFCONS,-4.9647
2026-09-15,15:29,AFSL,-0.3421
2026-09-15,15:29,AGARWALEYE,3.8796
2026-09-15,15:29,AGI,4.6006
2026-09-15,15:29,AHCL,37.1856
2026-09-15,15:29,AHLWEST,-5.6983
2026-09-15,15:29,AIIL,-3.453
2026-09-15,15:29,AJANTPHARM,-0.0996
2026-09-15,15:29,AJAXENGG,-2.0875
2026-09-15,15:29,AKCAPIT,-1.9674
2026-09-15,15:29,AKUMS,12.3972
2026-09-15,15:29,ALEMBICLTD,9.6433
2026-09-15,15:29,ALICON,-0.7898
2026-09-15,15:29,ALIVUS,10.9849
2026-09-15,15:29,ALKYLAMINE,-2.6694
2026-09-15,15:29,ALLDIGI,-1.8296
2026-09-15,15:29,ALLTIME,-3.8612
2026-09-15,15:29,AMANTA,12.6155
2026-09-15,15:29,AMBER,-5.4054
2026-09-15,15:29,AMRUTANJAN,-6.0629
2026-09-15,15:29,ANANDRATHI,6.0815
2026-09-15,15:29,ANANTRAJ,-6.4282
2026-09-15,15:29,ANDHRAPAP,15.567
2026-09-15,15:29,ANDHRSUGAR,10.7394
2026-09-15,15:29,ANGELONE,-1.4901
2026-09-15,15:29,ANTELOPUS,26.751
2026-09-15,15:29,ANTHEM,13.6169
2026-09-15,15:29,ANUHPHR,12.3368
2026-09-15,15:29,ANURAS,-3.2567
2026-09-15,15:29,APARINDS,12.2338
2026-09-15,15:29,APCOTEXIND,-6.6224
2026-09-15,15:29,APEX,-5.6388
2026-09-15,15:29,APLAPOLLO,9.1579
2026-09-15,15:29,APLLTD,2.3581
2026-09-15,15:29,APOLLO,-2.7054
2026-09-15,15:29,APOLLOHOSP,-1.2018
2026-09-15,15:29,APOLLOPIPE,0.8433
2026-09-15,15:29,ARFIN,-3.2401
2026-09-15,15:29,ARIES,38.9199
2026-09-15,15:29,ARIHANTCAP,5.1239
2026-09-15,15:29,ARMANFIN,-3.8209
2026-09-15,15:29,ARROWGREEN,15.2646
2026-09-15,15:29,ARSSBL,-6.1718
2026-09-15,15:29,ARTEMISMED,9.3812
2026-09-15,15:29,ARVIND,4.093
2026-09-15,15:29,ARVINDFASN,-4.5976
2026-09-15,15:29,ARVSMART,-6.0767
2026-09-15,15:29,ASAHIINDIA,6.8837
2026-09-15,15:29,ASIANENE,18.1663
2026-09-15,15:29,ASIANHOTNR,27.0644
2026-09-15,15:29,ASKAUTOLTD,6.1529
2026-09-15,15:29,ASTAR,-3.8626
2026-09-15,15:29,ASTEC,7.2259
2026-09-15,15:29,ASTRAL,-3.9008
2026-09-15,15:29,ATHERENERG,23.2419
2026-09-15,15:29,ATL,4.5103
2026-09-15,15:29,ATLANTAELE,4.4156
2026-09-15,15:29,AUBANK,-3.0189
2026-09-15,15:29,AURIONPRO,-5.5304
2026-09-15,15:29,AUROPHARMA,6.773
2026-09-15,15:29,AURUM,1.2533
2026-09-15,15:29,AVADHSUGAR,31.1437
2026-09-15,15:29,AVALON,23.3417
2026-09-15,15:29,AVL,-1.9963
2026-09-15,15:29,AVTNPL,21.9629
2026-09-15,15:29,AWFIS,-0.7753
2026-09-15,15:29,AWL,-3.7625
2026-09-15,15:29,AXISBANK,-3.8601
2026-09-15,15:29,AXISCADES,9.2059
2026-09-15,15:29,AYE,2.6941
2026-09-15,15:29,AYMSYNTEX,6.9555
2026-09-15,15:29,AZAD,17.2577
2026-09-15,15:29,BAFNAPH,14.5787
2026-09-15,15:29,BAJAJ-AUTO,-3.6437
2026-09-15,15:29,BAJAJCON,-3.8183
2026-09-15,15:29,BAJAJELEC,-2.7395
2026-09-15,15:29,BAJAJHCARE,-5.7286
2026-09-15,15:29,BAJAJHFL,-3.2815
2026-09-15,15:29,BAJAJHLDNG,-4.3021
2026-09-15,15:29,BAJAJINDEF,-6.0094
2026-09-15,15:29,BAJAJST,-5.2522
2026-09-15,15:29,BAJEL,-4.7815
2026-09-15,15:29,BALAJITELE,12.9406
2026-09-15,15:29,BALAMINES,3.9749
2026-09-15,15:29,BALMLAWRIE,-5.6851
2026-09-15,15:29,BALRAMCHIN,4.6846
2026-09-15,15:29,BALUFORGE,11.9928
2026-09-15,15:29,BANARISUG,-2.1823
2026-09-15,15:29,BANDHANBNK,-0.691
2026-09-15,15:29,BANKBARODA,-5.8847
2026-09-15,15:29,BANKINDIA,-2.0569
2026-09-15,15:29,BANSALWIRE,-4.6468
2026-09-15,15:29,BASF,-5.1023
2026-09-15,15:29,BBOX,-1.0482
2026-09-15,15:29,BECTORFOOD,5.7415
2026-09-15,15:29,BEEKAY,10.7816
2026-09-15,15:29,BEL,-2.3588
2026-09-15,15:29,BELRISE,-6.2846
2026-09-15,15:29,BEML,11.2175
2026-09-15,15:29,BENGALASM,1.3135
2026-09-15,15:29,BEPL,-0.0248
2026-09-15,15:29,BHAGERIA,39.591
2026-09-15,15:29,BHAGYANGR,4.5296
2026-09-15,15:29,BHARATCOAL,-4.9575
2026-09-15,15:29,BHARATSE,-6.5992
2026-09-15,15:29,BHEL,0.4135
2026-09-15,15:29,BIL,35.0529
2026-09-15,15:29,BIRLACABLE,76.6122
2026-09-15,15:29,BIRLANU,4.0409
2026-09-15,15:29,BLACKBUCK,11.0526
2026-09-15,15:29,BLIL,-5.2906
2026-09-15,15:29,BLISSGVS,46.8432
2026-09-15,15:29,BLKASHYAP,-5.1915
2026-09-15,15:29,BLSE,3.4356
2026-09-15,15:29,BLUEJET,-6.5903
2026-09-15,15:29,BLUESTONE,3.2204
2026-09-15,15:29,BLUSPRING,9.1392
2026-09-15,15:29,BODALCHEM,138.8266
2026-09-15,15:29,BORANA,-4.8142
2026-09-15,15:29,BOROLTD,6.3648
2026-09-15,15:29,BOSCH-HCIL,19.9396
2026-09-15,15:29,BOSCHLTD,13.9709
2026-09-15,15:29,BRIGADE,4.9002
2026-09-15,15:29,BSHSL,-0.6744
2026-09-15,15:29,BUILDPRO,-4.5103
2026-09-15,15:29,CAMPUS,-4.6147
2026-09-15,15:29,CANBK,-3.7215
2026-09-15,15:29,CANFINHOME,-3.9412
2026-09-15,15:29,CANHLIFE,0.5698
2026-09-15,15:29,CANTABIL,-2.807
2026-09-15,15:29,CAPILLARY,-4.7119
2026-09-15,15:29,CAPLIPOINT,0.1754
2026-09-15,15:29,CARBORUNIV,-5.8147
2026-09-15,15:29,CARERATING,-4.6573
2026-09-15,15:29,CARTRADE,7.6267
2026-09-15,15:29,CARYSIL,-5.1755
2026-09-15,15:29,CASTROLIND,1.0654
2026-09-15,15:29,CDSL,-0.8471
2026-09-15,15:29,CEIGALL,10.8774
2026-09-15,15:29,CELLO,-5.2091
2026-09-15,15:29,CENTRALBK,-3.1786
2026-09-15,15:29,CENTUM,9.0874
2026-09-15,15:29,CEWATER,-3.3765
2026-09-15,15:29,CGCL,12.1467
2026-09-15,15:29,CGPOWER,3.8615
2026-09-15,15:29,CHALET,2.8789
2026-09-15,15:29,CHEMBONDCH,17.4422
2026-09-15,15:29,CHEMCON,16.1823
2026-09-15,15:29,CHEMFAB,-1.2734
2026-09-15,15:29,CHENNPETRO,11.0373
2026-09-15,15:29,CHEVIOT,3.7067
2026-09-15,15:29,CHOLAFIN,-5.116
2026-09-15,15:29,CHOLAHLDNG,-4.0518
2026-09-15,15:29,CLEAN,7.348
2026-09-15,15:29,CLEANMAX,-2.0748
2026-09-15,15:29,CLSEL,-3.6606
2026-09-15,15:29,CMRGREEN,-4.4119
2026-09-15,15:29,COALINDIA,0.7813
2026-09-15,15:29,COFFEEDAY,-5.1826
2026-09-15,15:29,COFORGE,0.4242
2026-09-15,15:29,COHANCE,-0.4114
2026-09-15,15:29,COMSYN,38.8463
2026-09-15,15:29,CONCORDBIO,4.1284
2026-09-15,15:29,CONFIPET,2.7814
2026-09-15,15:29,CONSOFINVT,2.1133
2026-09-15,15:29,CONTROLPR,0.5862
2026-09-15,15:29,CORDELIA,39.2291
2026-09-15,15:29,CORONA,5.3284
2026-09-15,15:29,COSMOFIRST,-5.3514
2026-09-15,15:29,CPPLUS,6.8452
2026-09-15,15:29,CRAFTSMAN,7.356
2026-09-15,15:29,CRISIL,3.8871
2026-09-15,15:29,CSLFINANCE,-2.0066
2026-09-15,15:29,CUB,10.3249
2026-09-15,15:29,CUPID,23.1435
2026-09-15,15:29,CYIENT,25.6654
2026-09-15,15:29,CYIENTDLM,31.4128
2026-09-15,15:29,DALMIASUG,-3.3143
2026-09-15,15:29,DATAPATTNS,-1.5806
2026-09-15,15:29,DBOL,10.0573
2026-09-15,15:29,DCBBANK,16.1181
2026-09-15,15:29,DCMSHRIRAM,-3.4667
2026-09-15,15:29,DCW,-4.3013
2026-09-15,15:29,DECCANCE,1.8076
2026-09-15,15:29,DECNGOLD,9.0758
2026-09-15,15:29,DEEPINDS,12.4904
2026-09-15,15:29,DEN,-3.9682
2026-09-15,15:29,DEVYANI,16.6667
2026-09-15,15:29,DHAMPURSUG,8.8779
2026-09-15,15:29,DHANUKA,-6.5279
2026-09-15,15:29,DHARMAJ,-0.5929
2026-09-15,15:29,DHUNINV,10.3225
2026-09-15,15:29,DIACABS,20.0248
2026-09-15,15:29,DIAMONDYD,-4.8462
2026-09-15,15:29,DICIND,16.2811
2026-09-15,15:29,DIFFNKG,5.2081
2026-09-15,15:29,DISAQ,-5.3114
2026-09-15,15:29,DIVGIITTS,13.3969
2026-09-15,15:29,DIVISLAB,7.1404
2026-09-15,15:29,DIXON,-5.1253
2026-09-15,15:29,DMCC,-4.4964
2026-09-15,15:29,DODLA,3.2495
2026-09-15,15:29,DOLATALGO,1.0213
2026-09-15,15:29,DOLLAR,-1.6642
2026-09-15,15:29,DOLPHIN,60.5747
2026-09-15,15:29,DPABHUSHAN,-5.8231
2026-09-15,15:29,DRAGARWQ,2.5964
2026-09-15,15:29,DRREDDY,-2.9661
2026-09-15,15:29,DVL,14.9701
2026-09-15,15:29,DWARKESH,6.9744
2026-09-15,15:29,DYCL,7.4916
2026-09-15,15:29,DYNAMATECH,12.1527
2026-09-15,15:29,E2E,6.7864
2026-09-15,15:29,EBGNG,25.4578
2026-09-15,15:29,ECLERX,-1.4254
2026-09-15,15:29,EDELWEISS,9.516
2026-09-15,15:29,EFCIL,-5.8363
2026-09-15,15:29,EIMCOELECO,22.0046
2026-09-15,15:29,ELANTAS,37.6033
2026-09-15,15:29,ELDEHSG,-2.8874
2026-09-15,15:29,ELECON,-3.4555
2026-09-15,15:29,ELECTCAST,4.7772
2026-09-15,15:29,ELECTHERM,-6.2153
2026-09-15,15:29,ELGIEQUIP,5.0549
2026-09-15,15:29,ELPROINTL,-3.0947
2026-09-15,15:29,EMAMIPAP,-1.6536
2026-09-15,15:29,EMCURE,1.1829
2026-09-15,15:29,EMIL,40.8907
2026-09-15,15:29,EMKAY,0.0414
2026-09-15,15:29,EMMVEE,2.8165
2026-09-15,15:29,EMUDHRA,24.0661
2026-09-15,15:29,ENDURANCE,-6.2061
2026-09-15,15:29,ENGINERSIN,15.7187
2026-09-15,15:29,ENTERO,46.132
2026-09-15,15:29,EPIGRAL,-2.5431
2026-09-15,15:29,EPL,4.0582
2026-09-15,15:29,EQUITASBNK,-6.4385
2026-09-15,15:29,ERIS,-5.2848
2026-09-15,15:29,ESABINDIA,2.4312
2026-09-15,15:29,ESAFSFB,-4.741
2026-09-15,15:29,ESTER,0.4154
2026-09-15,15:29,ETERNAL,1.5298
2026-09-15,15:29,EVEREADY,-5.3142
2026-09-15,15:29,EXCELINDUS,-5.4811
2026-09-15,15:29,EXCELSOFT,-6.4586
2026-09-15,15:29,EXICOM,2.7325
2026-09-15,15:29,EXPLEOSOL,7.1353
2026-09-15,15:29,FABTECH,-2.3169
2026-09-15,15:29,FCL,37.204
2026-09-15,15:29,FEDDERSHOL,15.8962
2026-09-15,15:29,FEDFINA,2.0882
2026-09-15,15:29,FILATEX,7.4446
2026-09-15,15:29,FINCABLES,34.2518
2026-09-15,15:29,FINEORG,4.4551
2026-09-15,15:29,FINKURVE,21.7013
2026-09-15,15:29,FIVESTAR,-1.7138
2026-09-15,15:29,FLUOROCHEM,2.6274
2026-09-15,15:29,FMGOETZE,-6.0702
2026-09-15,15:29,FORTIS,-6.3723
2026-09-15,15:29,FOSECOIND,19.5792
2026-09-15,15:29,GAIL,-1.9621
2026-09-15,15:29,GALAXYSURF,6.964
2026-09-15,15:29,GANDHAR,12.4374
2026-09-15,15:29,GANDHITUBE,-1.1348
2026-09-15,15:29,GANESHBE,10.3045
2026-09-15,15:29,GANESHHOU,-4.2473
2026-09-15,15:29,GARFIBRES,3.1381
2026-09-15,15:29,GARUDA,2.058
2026-09-15,15:29,GAYAPROJ,30.8809
2026-09-15,15:29,GCSL,18.2408
2026-09-15,15:29,GEECEE,-3.1401
2026-09-15,15:29,GENESYS,40.0108
2026-09-15,15:29,GENUSPOWER,-3.0063
2026-09-15,15:29,GEOJITFSL,-0.3225
2026-09-15,15:29,GESHIP,-0.5721
2026-09-15,15:29,GFLLIMITED,13.3237
2026-09-15,15:29,GHCL,-4.7174
2026-09-15,15:29,GHCLTEXTIL,4.5995
2026-09-15,15:29,GICRE,-5.5439
2026-09-15,15:29,GILLETTE,-6.0953
2026-09-15,15:29,GIPCL,16.6151
2026-09-15,15:29,GKENERGY,-5.794
2026-09-15,15:29,GKSL,35.9011
2026-09-15,15:29,GLAND,12.2635
2026-09-15,15:29,GLAXO,5.8821
2026-09-15,15:29,GLENMARK,6.3543
2026-09-15,15:29,GLOBAL,24.5363
2026-09-15,15:29,GMBREW,1.06
2026-09-15,15:29,GMDCLTD,-1.3458
2026-09-15,15:29,GMMPFAUDLR,57.0272
2026-09-15,15:29,GNA,-0.8563
2026-09-15,15:29,GNFC,4.7471
2026-09-15,15:29,GNRL,9.9861
2026-09-15,15:29,GOCLCORP,4.6858
2026-09-15,15:29,GOCOLORS,-5.8369
2026-09-15,15:29,GODIGIT,-4.2816
2026-09-15,15:29,GODREJAGRO,14.2023
2026-09-15,15:29,GOKULAGRO,-5.5661
2026-09-15,15:29,GOODLUCK,3.334
2026-09-15,15:29,GPIL,-2.9504
2026-09-15,15:29,GPPL,6.4808
2026-09-15,15:29,GPTHEALTH,-2.7388
2026-09-15,15:29,GPTINFRA,-2.0172
2026-09-15,15:29,GRANDOAK,-4.6461
2026-09-15,15:29,GRANULES,3.4867
2026-09-15,15:29,GRAPHITE,18.778
2026-09-15,15:29,GRASIM,-2.7301
2026-09-15,15:29,GRAVITA,-1.4965
2026-09-15,15:29,GREENPLY,-2.54
2026-09-15,15:29,GROWW,2.5909
2026-09-15,15:29,GRPLTD,0.8626
2026-09-15,15:29,GSFC,-5.7583
2026-09-15,15:29,GTPL,-3.5363
2026-09-15,15:29,GUFICBIO,8.8604
2026-09-15,15:29,GUJALKALI,-0.6526
2026-09-15,15:29,GUJTHEM,20.7095
2026-09-15,15:29,GULFOILLUB,-5.1834
2026-09-15,15:29,GVT&D,-2.8169
2026-09-15,15:29,GYFTR,10.4706
2026-09-15,15:29,HAL,0.1066
2026-09-15,15:29,HALDYNGL,12.2129
2026-09-15,15:29,HAPPYFORGE,22.0751
2026-09-15,15:29,HARSHA,4.2081
2026-09-15,15:29,HATSUN,44.1004
2026-09-15,15:29,HAWKINCOOK,-1.3535
2026-09-15,15:29,HBLENGINE,-2.5771
2026-09-15,15:29,HCC,-2.2467
2026-09-15,15:29,HCG,0.9751
2026-09-15,15:29,HDBFS,-2.9422
2026-09-15,15:29,HDFCBANK,-4.8406
2026-09-15,15:29,HDFCLIFE,-6.6896
2026-09-15,15:29,HEALTHX,-3
2026-09-15,15:29,HEG,1.6235
2026-09-15,15:29,HEIDELBERG,-6.1346
2026-09-15,15:29,HERITGFOOD,17.5321
2026-09-15,15:29,HEROMOTOCO,-5.3846
2026-09-15,15:29,HEXAGON,-2.728
2026-09-15,15:29,HEXATRADEX,-1.1653
2026-09-15,15:29,HFCL,9.6237
2026-09-15,15:29,HINDALCO,-3.6386
2026-09-15,15:29,HINDCOPPER,-0.5959
2026-09-15,15:29,HINDOILEXP,9.0548
2026-09-15,15:29,HINDZINC,2.5411
2026-09-15,15:29,HITECHCORP,2.7256
2026-09-15,15:29,HITECHGEAR,-3.9596
2026-09-15,15:29,HLEGLAS,-6.4917
2026-09-15,15:29,HMAAGRO,12.0632
2026-09-15,15:29,HMT,-0.5049
2026-09-15,15:29,HNDFDS,1.5449
2026-09-15,15:29,HOMEFIRST,0.4358
2026-09-15,15:29,HONASA,-0.2073
2026-09-15,15:29,HTMEDIA,-5.3076
2026-09-15,15:29,HYUNDAI,-3.0358
2026-09-15,15:29,IBULLSLTD,1.292
2026-09-15,15:29,ICICIAMC,-1.1003
2026-09-15,15:29,ICIL,4.247
2026-09-15,15:29,IDBI,-2.0777
2026-09-15,15:29,IDFCFIRSTB,-1.3953
2026-09-15,15:29,IFBIND,-6.0561
2026-09-15,15:29,IFCI,-0.4657
2026-09-15,15:29,IFGLEXPOR,-3.3856
2026-09-15,15:29,IGARASHI,-6.4433
2026-09-15,15:29,IGL,-3.9316
2026-09-15,15:29,IGPL,5.7586
2026-09-15,15:29,IIFL,-5.9561
2026-09-15,15:29,IIFLCAPS,-0.0446
2026-09-15,15:29,IKIO,4.7236
2026-09-15,15:29,IKS,-3.4337
2026-09-15,15:29,IL&FSENGG,11.31
2026-09-15,15:29,IMAGICAA,2.7297
2026-09-15,15:29,IMPAL,-2.4262
2026-09-15,15:29,INDGN,4.8143
2026-09-15,15:29,INDHOTEL,-4.9202
2026-09-15,15:29,INDIAGLYCO,22.3367
2026-09-15,15:29,INDIANB,-0.9763
2026-09-15,15:29,INDIGOPNTS,-2.345
2026-09-15,15:29,INDIQUBE,15.9679
2026-09-15,15:29,INDNIPPON,9.0181
2026-09-15,15:29,INDOAMIN,-2.8279
2026-09-15,15:29,INDOBORAX,10.0549
2026-09-15,15:29,INDOCO,8.8519
2026-09-15,15:29,INDOMIM,26.6831
2026-09-15,15:29,INDORAMA,30.43
2026-09-15,15:29,INDOSTAR,-4.9664
2026-09-15,15:29,INDOTECH,-2.694
2026-09-15,15:29,INDRAMEDCO,-3.8899
2026-09-15,15:29,INDSWFTLAB,65.6607
2026-09-15,15:29,INDUSTOWER,-4.1234
2026-09-15,15:29,INGERRAND,0.3998
2026-09-15,15:29,INNOVACAP,19.2074
2026-09-15,15:29,INNOVANA,-4.9379
2026-09-15,15:29,INOXGREEN,-0.631
2026-09-15,15:29,INOXINDIA,3.77
2026-09-15,15:29,INOXWIND,-5.7668
2026-09-15,15:29,INVPRECQ,23.7714
2026-09-15,15:29,IOB,-5.044
2026-09-15,15:29,IOLCP,18.3388
2026-09-15,15:29,IONEXCHANG,0.4768
2026-09-15,15:29,IPCALAB,11.9842
2026-09-15,15:29,IRIS,-6.5771
2026-09-15,15:29,IRISDOREME,8.5389
2026-09-15,15:29,IRMENERGY,0.566
2026-09-15,15:29,JAGRAN,-1.8448
2026-09-15,15:29,JAGSNPHARM,-4.0532
2026-09-15,15:29,JAIBALAJI,2.7397
2026-09-15,15:29,JARO,-0.5502
2026-09-15,15:29,JASH,-0.8989
2026-09-15,15:29,JAYAGROGN,-1.5415
2026-09-15,15:29,JAYKAY,-4.1556
2026-09-15,15:29,JAYNECOIND,0.5103
2026-09-15,15:29,JGCHEM,11.0641
2026-09-15,15:29,JINDALPHOT,3.3459
2026-09-15,15:29,JINDALPOLY,18.064
2026-09-15,15:29,JINDALSAW,11.4539
2026-09-15,15:29,JINDALSTEL,-0.9139
2026-09-15,15:29,JINDRILL,-2.0453
2026-09-15,15:29,JINDWORLD,22.346
2026-09-15,15:29,JKIL,-2.4835
2026-09-15,15:29,JKPAPER,4.2385
2026-09-15,15:29,JMFINANCIL,0.2647
2026-09-15,15:29,JNKINDIA,1.0223
2026-09-15,15:29,JPOLYINVST,-6.0387
2026-09-15,15:29,JSL,-1.1138
2026-09-15,15:29,JSWDULUX,3.9231
2026-09-15,15:29,JSWINFRA,-0.9574
2026-09-15,15:29,JSWSTEEL,-4.8828
2026-09-15,15:29,JTLIND,8.9
2026-09-15,15:29,JUBLCPL,14.2512
2026-09-15,15:29,JUBLFOOD,-0.8511
2026-09-15,15:29,JUBLPHARMA,8.4445
2026-09-15,15:29,JUNIPER,8.6422
2026-09-15,15:29,JYOTICNC,12.0179
2026-09-15,15:29,KABRAEXTRU,55.4826
2026-09-15,15:29,KAJARIACER,-0.0906
2026-09-15,15:29,KALYANKJIL,-0.625
2026-09-15,15:29,KAMATHOTEL,22.01
2026-09-15,15:29,KAMDHENU,11.8958
2026-09-15,15:29,KANORICHEM,24.5856
2026-09-15,15:29,KANPRPLA,16.5822
2026-09-15,15:29,KAPSTON,7.1401
2026-09-15,15:29,KAYA,13.5213
2026-09-15,15:29,KCP,4.04
2026-09-15,15:29,KDDL,8.469
2026-09-15,15:29,KENNAMET,46.7377
2026-09-15,15:29,KFINTECH,-6.3704
2026-09-15,15:29,KHAICHEM,2.5329
2026-09-15,15:29,KILITCH,-0.3458
2026-09-15,15:29,KIMS,-6.5501
2026-09-15,15:29,KINGFA,10.9633
2026-09-15,15:29,KIRANVYPAR,-1.1035
2026-09-15,15:29,KIRIINDUS,22.8501
2026-09-15,15:29,KIRLFER,-2.1471
2026-09-15,15:29,KIRLOSIND,-3.0006
2026-09-15,15:29,KIRLPNU,-4.5787
2026-09-15,15:29,KISSHT,8.2749
2026-09-15,15:29,KKCL,-2.2257
2026-09-15,15:29,KLBRENG-B,10.5313
2026-09-15,15:29,KMEW,9.5047
2026-09-15,15:29,KNRCON,-4.1966
2026-09-15,15:29,KOLTEPATIL,7.5115
2026-09-15,15:29,KOPRAN,31.3397
2026-09-15,15:29,KOTAKBANK,3.0943
2026-09-15,15:29,KOVAI,3.1976
2026-09-15,15:29,KPIL,7.5341
2026-09-15,15:29,KPL,33.9032
2026-09-15,15:29,KPRMILL,5.3116
2026-09-15,15:29,KRBL,6.2751
2026-09-15,15:29,KRISHANA,-1.7629
2026-09-15,15:29,KRN,24.9072
2026-09-15,15:29,KRONOX,10.76
2026-09-15,15:29,KROSS,12.5277
2026-09-15,15:29,KRSNAA,0.1572
2026-09-15,15:29,KRYSTAL,0.9299
2026-09-15,15:29,KSHINTL,20.5705
2026-09-15,15:29,KSL,4.9577
2026-09-15,15:29,KTKBANK,9.1553
2026-09-15,15:29,KUANTUM,-4.2344
2026-09-15,15:29,KWIL,23.1303
2026-09-15,15:29,LALPATHLAB,0.3157
2026-09-15,15:29,LAURUSLABS,6.3763
2026-09-15,15:29,LCL,1.8642
2026-09-15,15:29,LENSKART,20.5947
2026-09-15,15:29,LGBBROSLTD,11.1459
2026-09-15,15:29,LGEINDIA,3.8094
2026-09-15,15:29,LICHSGFIN,4.4316
2026-09-15,15:29,LIKHITHA,-1.7161
2026-09-15,15:29,LINC,-6.5132
2026-09-15,15:29,LINCOLN,3.7624
2026-09-15,15:29,LMW,5.6915
2026-09-15,15:29,LOKESHMACH,-0.8654
2026-09-15,15:29,LOTUSDEV,8.034
2026-09-15,15:29,LT,-4.3304
2026-09-15,15:29,LTF,-6.6667
2026-09-15,15:29,LTFOODS,1.3845
2026-09-15,15:29,LUMAXIND,-0.1039
2026-09-15,15:29,LUMAXTECH,22.4888
2026-09-15,15:29,MACPOWER,29.1192
2026-09-15,15:29,MAGADSUGAR,-2.7666
2026-09-15,15:29,MAHABANK,-0.0126
2026-09-15,15:29,MAHASTEEL,26.0345
2026-09-15,15:29,MAHSEAMLES,22.2067
2026-09-15,15:29,MAITHANALL,4.3729
2026-09-15,15:29,MALLCOM,-6.5481
2026-09-15,15:29,MAMATA,-1.6123
2026-09-15,15:29,MANAKCOAT,3.4227
2026-09-15,15:29,MANAKSTEEL,48.943
2026-09-15,15:29,MANALIPETC,20.3331
2026-09-15,15:29,MANBA,-2.4911
2026-09-15,15:29,MANGLMCEM,4.643
2026-09-15,15:29,MANINDS,47.3205
2026-09-15,15:29,MANINFRA,25.0551
2026-09-15,15:29,MANORAMA,21.684
2026-09-15,15:29,MANYAVAR,35.3194
2026-09-15,15:29,MARATHON,2.9211
2026-09-15,15:29,MARINE,30.9296
2026-09-15,15:29,MARKSANS,19.2946
2026-09-15,15:29,MARSONS,9.8235
2026-09-15,15:29,MASTERTR,3.1821
2026-09-15,15:29,MATRIMONY,15.5122
2026-09-15,15:29,MAWANASUG,17.4222
2026-09-15,15:29,MAXESTATES,42.1007
2026-09-15,15:29,MAXHEALTH,-6.3977
2026-09-15,15:29,MAYURUNIQ,-4.9429
2026-09-15,15:29,MAZDA,15.4627
2026-09-15,15:29,MAZDOCK,-6.4435
2026-09-15,15:29,MBAPL,-2.6186
2026-09-15,15:29,MBECL,8682.785
2026-09-15,15:29,MCCHRLS-B,-2.1739
2026-09-15,15:29,MCX,20.1128
2026-09-15,15:29,MEDANTA,-1.8548
2026-09-15,15:29,MEDPLUS,-5.7582
2026-09-15,15:29,MEESHO,10.8733
2026-09-15,15:29,MEIL,-4.308
2026-09-15,15:29,MENONBE,37.6589
2026-09-15,15:29,MERCURYEV,15.3542
2026-09-15,15:29,METROPOLIS,-4.0154
2026-09-15,15:29,MGL,-3.9437
2026-09-15,15:29,MIDHANI,0.545
2026-09-15,15:29,MINDACORP,-6.6864
2026-09-15,15:29,MMFL,7.1068
2026-09-15,15:29,MMP,55.3368
2026-09-15,15:29,MMTC,-4.5247
2026-09-15,15:29,MOBIKWIK,-6.4767
2026-09-15,15:29,MODISONLTD,69.6771
2026-09-15,15:29,MOL,8.2781
2026-09-15,15:29,MOLDTECH,32.0665
2026-09-15,15:29,MOLDTKPAC,-3.4069
2026-09-15,15:29,MONARCH,-4.6938
2026-09-15,15:29,MONTECARLO,3.6304
2026-09-15,15:29,MOREPENLAB,84.2498
2026-09-15,15:29,MOSCHIP,-3.4296
2026-09-15,15:29,MOTHERSON,2.0257
2026-09-15,15:29,MOTILALOFS,14.154
2026-09-15,15:29,MPHASIS,-2.0996
2026-09-15,15:29,MRF,-5.9336
2026-09-15,15:29,MRPL,-4.1652
2026-09-15,15:29,MSPL,-6.0165
2026-09-15,15:29,MSTCLTD,15.1774
2026-09-15,15:29,MTARTECH,15.5522
2026-09-15,15:29,MUFIN,-0.4583
2026-09-15,15:29,MUKANDLTD,-5.5571
2026-09-15,15:29,MUKKA,34.7789
2026-09-15,15:29,MUNJALAU,0.1157
2026-09-15,15:29,MUTHOOTFIN,-5.8321
2026-09-15,15:29,MVGJL,14.8506
2026-09-15,15:29,NAHARINDUS,7.8036
2026-09-15,15:29,NAM-INDIA,-1.0215
2026-09-15,15:29,NATIONALUM,-5
2026-09-15,15:29,NAUKRI,-0.5754
2026-09-15,15:29,NAVINFLUOR,8.908
2026-09-15,15:29,NAVNETEDUL,-6.1129
2026-09-15,15:29,NAZARA,5.257
2026-09-15,15:29,NCC,-4.9093
2026-09-15,15:29,NCLIND,-5.1685
2026-09-15,15:29,NEOGEN,12.3632
2026-09-15,15:29,NEPHROPLUS,6.7078
2026-09-15,15:29,NESCO,1.3322
2026-09-15,15:29,NETWEB,0.6106
2026-09-15,15:29,NEULANDLAB,14.8412
2026-09-15,15:29,NFL,-6.4866
2026-09-15,15:29,NH,-1.2919
2026-09-15,15:29,NHPC,-4.0505
2026-09-15,15:29,NIACL,5.6708
2026-09-15,15:29,NIITMTS,-5.9162
2026-09-15,15:29,NILKAMAL,18.707
2026-09-15,15:29,NINSYS,-5.4225
2026-09-15,15:29,NIRLON,-3.1444
2026-09-15,15:29,NITINSPIN,12.3701
2026-09-15,15:29,NITTAGELA,-2.0935
2026-09-15,15:29,NIVABUPA,-5.8457
2026-09-15,15:29,NMDC,-3.938
2026-09-15,15:29,NOCIL,5.4869
2026-09-15,15:29,NORTHARC,3.355
2026-09-15,15:29,NOVARTIND,33.7654
2026-09-15,15:29,NPST,7.6494
2026-09-15,15:29,NRAIL,30.8717
2026-09-15,15:29,NRBBEARING,10.846
2026-09-15,15:29,NRL,24.4941
2026-09-15,15:29,NSIL,-3.7798
2026-09-15,15:29,NSLNISP,-4.427
2026-09-15,15:29,NTPC,-6.0986
2026-09-15,15:29,NTPCGREEN,-5.3363
2026-09-15,15:29,NUCLEUS,-0.0431
2026-09-15,15:29,NUVAMA,-5.5219
2026-09-15,15:29,NYKAA,-2.5225
2026-09-15,15:29,OAL,34.8687
2026-09-15,15:29,OFSS,4.1564
2026-09-15,15:29,OIL,7.4336
2026-09-15,15:29,OLAELEC,-1.8327
2026-09-15,15:29,OMAXE,38.2525
2026-09-15,15:29,OMPOWER,-0.7084
2026-09-15,15:29,ONEPOINT,-0.3866
2026-09-15,15:29,ONESOURCE,2.5056
2026-09-15,15:29,ONGC,-2.5
2026-09-15,15:29,ONWARDTEC,-4.1858
2026-09-15,15:29,ORBTEXP,-3.8435
2026-09-15,15:29,ORCHPHARMA,-0.2473
2026-09-15,15:29,ORICONENT,-5.4019
2026-09-15,15:29,ORIENTBELL,22.9377
2026-09-15,15:29,ORIENTCER,9.2439
2026-09-15,15:29,ORIENTELEC,-3.6343
2026-09-15,15:29,ORIENTHOT,2.6516
2026-09-15,15:29,ORISSAMINE,-5.5622
2026-09-15,15:29,ORKLAINDIA,1.5167
2026-09-15,15:29,PAISALO,16.8488
2026-09-15,15:29,PANACHE,20.3504
2026-09-15,15:29,PANAMAPET,-2.1704
2026-09-15,15:29,PARADEEP,3.05
2026-09-15,15:29,PARAGMILK,11.8331
2026-09-15,15:29,PARAS,3.6292
2026-09-15,15:29,PARKHOSPS,-3.2744
2026-09-15,15:29,PASHUPATI,-6.1885
2026-09-15,15:29,PASUPTAC,16.5151
2026-09-15,15:29,PAUSHAKLTD,4.5956
2026-09-15,15:29,PAYTM,22.695
2026-09-15,15:29,PCBL,-3.9015
2026-09-15,15:29,PDMJEPAPER,0.5296
2026-09-15,15:29,PDSL,-6.4381
2026-09-15,15:29,PENIND,-1.0762
2026-09-15,15:29,PERSISTENT,-1.7489
2026-09-15,15:29,PETRONET,-0.316
2026-09-15,15:29,PFOCUS,6.7782
2026-09-15,15:29,PFS,-6.6878
2026-09-15,15:29,PGIL,8.5291
2026-09-15,15:29,PHOENIXLTD,-6.2097
2026-09-15,15:29,PILANIINVS,-6.0964
2026-09-15,15:29,PINELABS,27.3576
2026-09-15,15:29,PITTIENG,19.4851
2026-09-15,15:29,PIXTRANS,1.934
2026-09-15,15:29,PLASTIBLEN,-2.8488
2026-09-15,15:29,PLATIND,-2.9486
2026-09-15,15:29,PNB,1.5044
2026-09-15,15:29,PNBHOUSING,5.0459
2026-09-15,15:29,PNGSREVA,11.4946
2026-09-15,15:29,POLICYBZR,5.2121
2026-09-15,15:29,POLYMED,-1.3485
2026-09-15,15:29,POLYPLEX,-0.0913
2026-09-15,15:29,POWERICA,2.5703
2026-09-15,15:29,POWERINDIA,-3.7812
2026-09-15,15:29,PPL,5.796
2026-09-15,15:29,PPLPHARMA,2.1026
2026-09-15,15:29,PRABHA,55.6899
2026-09-15,15:29,PRAJIND,0.9364
2026-09-15,15:29,PRAKASH,-4.7888
2026-09-15,15:29,PRECWIRE,16.0775
2026-09-15,15:29,PREMEXPLN,0.9822
2026-09-15,15:29,PREMIERPOL,11.3377
2026-09-15,15:29,PRICOLLTD,1.078
2026-09-15,15:29,PRIMESECU,0.018
2026-09-15,15:29,PRINCEPIPE,-1.6515
2026-09-15,15:29,PRIVISCL,-4.0256
2026-09-15,15:29,PROZONER,22.2351
2026-09-15,15:29,PRSMJOHNSN,2.9941
2026-09-15,15:29,PRUDENT,-3.2061
2026-09-15,15:29,PSB,-5.8081
2026-09-15,15:29,PTCIL,25.4658
2026-09-15,15:29,PTL,-4.0734
2026-09-15,15:29,PURVA,-1.016
2026-09-15,15:29,PVP,127.2325
2026-09-15,15:29,PVRINOX,6.9739
2026-09-15,15:29,PWL,3.7213
2026-09-15,15:29,QPOWER,17.0294
2026-09-15,15:29,QUADFUTURE,34.2568
2026-09-15,15:29,QUESS,-0.8549
2026-09-15,15:29,QUICKHEAL,-0.3076
2026-09-15,15:29,RACLGEAR,35.925
2026-09-15,15:29,RADHIKAJWE,5.9674
2026-09-15,15:29,RADICO,-2.2224
2026-09-15,15:29,RAINBOW,-5.9459
2026-09-15,15:29,RAJOOENG,2.8789
2026-09-15,15:29,RAJRATAN,-5.5307
2026-09-15,15:29,RAJRILTD,-1.1781
2026-09-15,15:29,RAMBHAJO,37.7993
2026-09-15,15:29,RAMCOIND,-4.1397
2026-09-15,15:29,RAMCOSYS,0.6827
2026-09-15,15:29,RAMRAT,19.9791
2026-09-15,15:29,RATNAMANI,13.475
2026-09-15,15:29,RATNAVEER,40.726
2026-09-15,15:29,RAYMOND,65.4402
2026-09-15,15:29,RBA,34.5817
2026-09-15,15:29,RBLBANK,6.2245
2026-09-15,15:29,RBZJEWEL,8.6272
2026-09-15,15:29,REDINGTON,8.9406
2026-09-15,15:29,RELIANCE,-6.3457
2026-09-15,15:29,RELIGARE,-5.1896
2026-09-15,15:29,RENUKA,5.1948
2026-09-15,15:29,RGL,31.4026
2026-09-15,15:29,RIIL,-6.6412
2026-09-15,15:29,RISHABH,19.8862
2026-09-15,15:29,RITCO,-3.2863
2026-09-15,15:29,RITES,-5.8274
2026-09-15,15:29,RKFORGE,1.035
2026-09-15,15:29,RMDRIP,26.2084
2026-09-15,15:29,RML,7.9039
2026-09-15,15:29,ROHLTD,-4.8757
2026-09-15,15:29,ROLEXRINGS,19.6765
2026-09-15,15:29,ROSSTECH,18.5831
2026-09-15,15:29,ROTO,-6.6242
2026-09-15,15:29,RPEL,30.2505
2026-09-15,15:29,RPGLIFE,-1.3784
2026-09-15,15:29,RSL,27.1118
2026-09-15,15:29,RUBICON,20.9755
2026-09-15,15:29,RUBYMILLS,16.9439
2026-09-15,15:29,SAFARI,-1.0335
2026-09-15,15:29,SAGILITY,3.9198
2026-09-15,15:29,SAIL,4.8485
2026-09-15,15:29,SAILIFE,15.6067
2026-09-15,15:29,SAKAR,23.3117
2026-09-15,15:29,SALSTEEL,23.1929
2026-09-15,15:29,SAMBHV,7.5025
2026-09-15,15:29,SANATHAN,-4.8267
2026-09-15,15:29,SANDESH,2.9507
2026-09-15,15:29,SANDHAR,-5.8029
2026-09-15,15:29,SANSERA,12.1354
2026-09-15,15:29,SANSTAR,-5.2118
2026-09-15,15:29,SAPPHIRE,18.61
2026-09-15,15:29,SARDAEN,-2.8768
2026-09-15,15:29,SAREGAMA,-5.5815
2026-09-15,15:29,SARLAPOLY,-4.7385
2026-09-15,15:29,SATIA,6.416
2026-09-15,15:29,SAYAJIHOTL,5.8901
2026-09-15,15:29,SBC,13.6699
2026-09-15,15:29,SBCL,33.6302
2026-09-15,15:29,SBFC,2.5521
2026-09-15,15:29,SCHAEFFLER,-3.755
2026-09-15,15:29,SCPL,-0.3993
2026-09-15,15:29,SDBL,-4.5932
2026-09-15,15:29,SEAMECLTD,19.1944
2026-09-15,15:29,SEDEMAC,7.2163
2026-09-15,15:29,SENORES,4.4861
2026-09-15,15:29,SESHAPAPER,2.0726
2026-09-15,15:29,SETL,59.6661
2026-09-15,15:29,SGIL,-0.2195
2026-09-15,15:29,SGMART,3.2678
2026-09-15,15:29,SHADOWFAX,0.1537
2026-09-15,15:29,SHAILY,4.1165
2026-09-15,15:29,SHALPAINTS,2.2247
2026-09-15,15:29,SHANTIGEAR,63.6747
2026-09-15,15:29,SHANTIGOLD,12.8774
2026-09-15,15:29,SHARDAMOTR,2.2854
2026-09-15,15:29,SHAREINDIA,9.107
2026-09-15,15:29,SHILPAMED,46.2433
2026-09-15,15:29,SHINDL,0.6984
2026-09-15,15:29,SHIVALIK,41.4016
2026-09-15,15:29,SHIVAUM,9.8003
2026-09-15,15:29,SHOPERSTOP,-1.2024
2026-09-15,15:29,SHREEJISPG,2.618
2026-09-15,15:29,SHREEPUSHK,23.5555
2026-09-15,15:29,SHREERAMA,9.5887
2026-09-15,15:29,SHRIPISTON,-5.5035
2026-09-15,15:29,SHYAMMETL,2.4778
2026-09-15,15:29,SIEMENS,-3.3333
2026-09-15,15:29,SIGACHI,18.4141
2026-09-15,15:29,SIGMAADV,21.3762
2026-09-15,15:29,SIGNPOST,-5.4821
2026-09-15,15:29,SIMPLEXINF,3.0598
2026-09-15,15:29,SINDHUTRAD,-3.9592
2026-09-15,15:29,SIRCA,-2.9139
2026-09-15,15:29,SIS,-2.3994
2026-09-15,15:29,SKFINDIA,0.1328
2026-09-15,15:29,SKFINDUS,5.045
2026-09-15,15:29,SKIPPER,-2.7315
2026-09-15,15:29,SKMEGGPROD,-4.3041
2026-09-15,15:29,SKYGOLD,14.0999
2026-09-15,15:29,SMARTWORKS,7.6923
2026-09-15,15:29,SMCGLOBAL,2.5019
2026-09-15,15:29,SMLMAH,14.4583
2026-09-15,15:29,SMSPHARMA,12.818
2026-09-15,15:29,SOFTTECH,13.6244
2026-09-15,15:29,SOLARA,38.7613
2026-09-15,15:29,SOLARINDS,3.1674
2026-09-15,15:29,SOMANYCERA,8.2122
2026-09-15,15:29,SONACOMS,0.6369
2026-09-15,15:29,SOTL,9.2366
2026-09-15,15:29,SOUTHBANK,-4.3977
2026-09-15,15:29,SPAL,-1.507
2026-09-15,15:29,SPECIALITY,4.1705
2026-09-15,15:29,SPECTRUM,24.5819
2026-09-15,15:29,SPIC,0.0594
2026-09-15,15:29,SPLPETRO,10.2598
2026-09-15,15:29,SREEL,46.274
2026-09-15,15:29,SRHHYPOLTD,0.6679
2026-09-15,15:29,SSWL,6.6541
2026-09-15,15:29,STAR,11.8717
2026-09-15,15:29,STEELCAS,-4.035
2026-09-15,15:29,STEL,5.6827
2026-09-15,15:29,STLNETWORK,50.4246
2026-09-15,15:29,STLTECH,45.76
2026-09-15,15:29,STOVEKRAFT,6.6393
2026-09-15,15:29,STYL,-2.1329
2026-09-15,15:29,STYLAMIND,-4.9754
2026-09-15,15:29,STYLEBAAZA,35.2455
2026-09-15,15:29,SUBEXLTD,59.0661
2026-09-15,15:29,SUDARCOLOR,1.5705
2026-09-15,15:29,SUDARSCHEM,10.7554
2026-09-15,15:29,SUDEEPPHRM,31.7082
2026-09-15,15:29,SUNCLAY,-0.2235
2026-09-15,15:29,SUNDARMFIN,-2.7689
2026-09-15,15:29,SUNDRMFAST,24.5709
2026-09-15,15:29,SUNDROP,-3.8411
2026-09-15,15:29,SUNPHARMA,-6.5444
2026-09-15,15:29,SUPRAJIT,-6.3683
2026-09-15,15:29,SUPREMEIND,-6.5156
2026-09-15,15:29,SUPREMEINF,-3.291
2026-09-15,15:29,SUPRIYA,-0.5343
2026-09-15,15:29,SURAKSHA,28.1436
2026-09-15,15:29,SUTLEJTEX,0.6574
2026-09-15,15:29,SUVEN,8.5449
2026-09-15,15:29,SVLL,7.333
2026-09-15,15:29,SWANCORP,-5.6738
2026-09-15,15:29,SWANDEF,4.8789
2026-09-15,15:29,SWARAJENG,-1.6912
2026-09-15,15:29,SWIGGY,-4.5139
2026-09-15,15:29,SYNGENE,-5.8056
2026-09-15,15:29,SYRMA,10.8114
2026-09-15,15:29,SYSTMTXC,17.8844
2026-09-15,15:29,TAALTECH,25.8133
2026-09-15,15:29,TALBROAUTO,0.8739
2026-09-15,15:29,TARIL,-5.9391
2026-09-15,15:29,TARSONS,-4.4896
2026-09-15,15:29,TASTYBITE,5.2704
2026-09-15,15:29,TATACAP,-3.1254
2026-09-15,15:29,TATACHEM,8.9306
2026-09-15,15:29,TATACOMM,-1.792
2026-09-15,15:29,TATAINVEST,6.1627
2026-09-15,15:29,TATAPOWER,-4.9738
2026-09-15,15:29,TATASTEEL,-3.8482
2026-09-15,15:29,TATATECH,-0.5892
2026-09-15,15:29,TBOTEK,2.4878
2026-09-15,15:29,TBZ,82.2906
2026-09-15,15:29,TCPLPACK,13.5751
2026-09-15,15:29,TDPOWERSYS,30.4387
2026-09-15,15:29,TEAMLEASE,-0.8227
2026-09-15,15:29,TECHM,-4.433
2026-09-15,15:29,TECHNOE,-4.8829
2026-09-15,15:29,TECHNVISN,2.8078
2026-09-15,15:29,TEGA,5.2529
2026-09-15,15:29,TEJASNET,0.3176
2026-09-15,15:29,TENNIND,-5.8208
2026-09-15,15:29,TEXINFRA,0.1229
2026-09-15,15:29,TEXRAIL,-1.9485
2026-09-15,15:29,TFCILTD,30.8275
2026-09-15,15:29,THANGAMAYL,-1.0774
2026-09-15,15:29,THEINVEST,-4.9886
2026-09-15,15:29,THEJO,0.2812
2026-09-15,15:29,THELEELA,4.1152
2026-09-15,15:29,THEMISMED,13.5532
2026-09-15,15:29,THOMASCOOK,-3.5278
2026-09-15,15:29,TI,9.6501
2026-09-15,15:29,TIIL,19.0397
2026-09-15,15:29,TIL,-5.8869
2026-09-15,15:29,TIMEX,10.2686
2026-09-15,15:29,TIMKEN,-2.018
2026-09-15,15:29,TIPSMUSIC,-4.2698
2026-09-15,15:29,TIRUPATIFL,-6.2654
2026-09-15,15:29,TITAGARH,-5.541
2026-09-15,15:29,TITAN,-2.88
2026-09-15,15:29,TMB,0.7893
2026-09-15,15:29,TMCV,-5.6022
2026-09-15,15:29,TNPETRO,28.4722
2026-09-15,15:29,TNPL,-1.6077
2026-09-15,15:29,TORNTPHARM,-3.9604
2026-09-15,15:29,TORNTPOWER,-6.5244
2026-09-15,15:29,TRANSPEK,-5.5002
2026-09-15,15:29,TREL,6.3715
2026-09-15,15:29,TRIVENI,6.0913
2026-09-15,15:29,TRUALT,-5.9838
2026-09-15,15:29,TSFINV,-2.4983
2026-09-15,15:29,TTKHLTCARE,2.4209
2026-09-15,15:29,TURTLEMINT,11.457
2026-09-15,15:29,TVSSRICHAK,24.3888
2026-09-15,15:29,UDS,-4.3774
2026-09-15,15:29,UEL,16.8428
2026-09-15,15:29,UFBL,-3.0409
2026-09-15,15:29,UFLEX,31.9025
2026-09-15,15:29,UGARSUGAR,25.047
2026-09-15,15:29,ULTRAMAR,8.0478
2026-09-15,15:29,UNICHEMLAB,2.7313
2026-09-15,15:29,UNIECOM,-4.6514
2026-09-15,15:29,UNIMECH,22.1226
2026-09-15,15:29,UNIONBANK,0.5747
2026-09-15,15:29,UNIPARTS,17.391
2026-09-15,15:29,UNITEDPOLY,43.7941
2026-09-15,15:29,UNIVASTU,3.858
2026-09-15,15:29,UNIVCABLES,-1.0127
2026-09-15,15:29,UNIVPHOTO,17.9746
2026-09-15,15:29,UNOMINDA,-4.157
2026-09-15,15:29,URBANCO,8.229
2026-09-15,15:29,USHAMART,-4.7218
2026-09-15,15:29,UTIAMC,-0.5078
2026-09-15,15:29,UTLSOLAR,8.374
2026-09-15,15:29,UTTAMSUGAR,6.7374
2026-09-15,15:29,V2RETAIL,-2.9821
2026-09-15,15:29,VADILALIND,-4.3635
2026-09-15,15:29,VALIANTLAB,98.6232
2026-09-15,15:29,VALIANTORG,38.6964
2026-09-15,15:29,VARROC,21.7062
2026-09-15,15:29,VEDL,-3.8354
2026-09-15,15:29,VEEDOL,-2.1031
2026-09-15,15:29,VELJAN,9.5497
2026-09-15,15:29,VENKEYS,9.4952
2026-09-15,15:29,VENUSPIPES,24.1194
2026-09-15,15:29,VENUSREM,-2.443
2026-09-15,15:29,VGUARD,2.2879
2026-09-15,15:29,VHL,-0.6481
2026-09-15,15:29,VIDHIING,-5.9402
2026-09-15,15:29,VIJAYA,6.6248
2026-09-15,15:29,VIMTALABS,-0.6692
2026-09-15,15:29,VINATIORGA,-4.6633
2026-09-15,15:29,VINCOFE,9.2854
2026-09-15,15:29,VINDHYATEL,9.8489
2026-09-15,15:29,VIPIND,-6.2339
2026-09-15,15:29,VISAKAIND,1.7013
2026-09-15,15:29,VISHNU,13.8569
2026-09-15,15:29,VISL,-6.5211
2026-09-15,15:29,VIVIANA,-0.9751
2026-09-15,15:29,VIYASH,-6.3709
2026-09-15,15:29,VMART,1.5297
2026-09-15,15:29,VOEPL,-0.6921
2026-09-15,15:29,VOGL,-1.1635
2026-09-15,15:29,VOLTAMP,5.738
2026-09-15,15:29,VRLLOG,4.2264
2026-09-15,15:29,VSSL,27.9934
2026-09-15,15:29,WAAREEENER,-4.5217
2026-09-15,15:29,WABAG,4.5427
2026-09-15,15:29,WAKEFIT,14.2714
2026-09-15,15:29,WCIL,1.0721
2026-09-15,15:29,WELCORP,40.6926
2026-09-15,15:29,WELENT,21.5657
2026-09-15,15:29,WELINV,21.7177
2026-09-15,15:29,WELSPLSOL,5.4997
2026-09-15,15:29,WELSPUNLIV,30.3951
2026-09-15,15:29,WENDT,4.5576
2026-09-15,15:29,WESTLIFE,4.6875
2026-09-15,15:29,WHEELS,50.392
2026-09-15,15:29,WINDLAS,26.5441
2026-09-15,15:29,WINDMACHIN,6.9916
2026-09-15,15:29,WOCKPHARMA,1.76
2026-09-15,15:29,WONDERLA,5.9769
2026-09-15,15:29,WPIL,-6.0094
2026-09-15,15:29,WSTCSTPAPR,25.3603
2026-09-15,15:29,XCHANGING,-4.6563
2026-09-15,15:29,XPROINDIA,-2.6558
2026-09-15,15:29,XTRANET,122.6353
2026-09-15,15:29,YASHO,-0.036
2026-09-15,15:29,YATHARTH,17.7289
2026-09-15,15:29,YATRA,0.3066
2026-09-15,15:29,YESBANK,0.3043
2026-09-15,15:29,YUKEN,49.9583
2026-09-15,15:29,ZENTEC,-1.0565
2026-09-15,15:29,ZFCVINDIA,2.6023
2026-09-15,15:29,ZFSTEERING,12.2312
2026-09-15,15:29,ZIMLAB,20.1205
2026-09-15,15:29,ZUARIIND,2.2942
2026-09-15,15:29,ZYDUSLIFE,-1.9625
2026-09-15,15:29,ZYDUSWELL,-1.7683
2026-09-21,15:29,20MICRONS,16.4225
2026-09-21,15:29,3BBLACKBIO,16.5687
2026-09-21,15:29,3IINFOLTD,-0.6592
2026-09-21,15:29,3MINDIA,-3.6354
2026-09-21,15:29,63MOONS,3.9988
2026-09-21,15:29,AARTIDRUGS,4.6372
2026-09-21,15:29,AARTIIND,-0.4581
2026-09-21,15:29,AARTIPHARM,23.4162
2026-09-21,15:29,AAVAS,-3.6675
2026-09-21,15:29,ABB,-4.3289
2026-09-21,15:29,ABBOTINDIA,-3.1435
2026-09-21,15:29,ABCAPITAL,-1.1396
2026-09-21,15:29,ABDL,9.5202
2026-09-21,15:29,ABSLAMC,0.8778
2026-09-21,15:29,ACCELYA,-2.0724
2026-09-21,15:29,ACE,12.4372
2026-09-21,15:29,ACMESOLAR,24.2811
2026-09-21,15:29,ACUTAAS,3.8752
2026-09-21,15:29,ADANIENT,-1.4901
2026-09-21,15:29,ADANIGREEN,-5.0131
2026-09-21,15:29,ADANIPORTS,5.527
2026-09-21,15:29,ADANIPOWER,-1.1722
2026-09-21,15:29,ADFFOODS,3.1575
2026-09-21,15:29,ADOR,6.2694
2026-09-21,15:29,AEGISLOG,8.388
2026-09-21,15:29,AEGISVOPAK,11.5668
2026-09-21,15:29,AEROENTER,-3.1885
2026-09-21,15:29,AEROFLEX,20.981
2026-09-21,15:29,AETHER,3.0158
2026-09-21,15:29,AFFLE,-2.7589
2026-09-21,15:29,AFSL,-0.005
2026-09-21,15:29,AGI,15.4339
2026-09-21,15:29,AHCL,80.3436
2026-09-21,15:29,AHLWEST,0.9259
2026-09-21,15:29,AJANTPHARM,1.5161
2026-09-21,15:29,AJAXENGG,-0.4952
2026-09-21,15:29,AJMERA,-4.3672
2026-09-21,15:29,AKCAPIT,2.1735
2026-09-21,15:29,AKUMS,17.7791
2026-09-21,15:29,ALEMBICLTD,22.1711
2026-09-21,15:29,ALGOQUANT,8.466
2026-09-21,15:29,ALICON,-0.6059
2026-09-21,15:29,ALIVUS,5.3091
2026-09-21,15:29,ALKEM,-4.5552
2026-09-21,15:29,ALKYLAMINE,-1.3728
2026-09-21,15:29,ALLDIGI,-2.7704
2026-09-21,15:29,AMANTA,13.211
2026-09-21,15:29,AMBER,-4.5326
2026-09-21,15:29,AMRUTANJAN,-4.8619
2026-09-21,15:29,ANANDRATHI,5.2201
2026-09-21,15:29,ANANTRAJ,-3.3609
2026-09-21,15:29,ANDHRAPAP,21.4536
2026-09-21,15:29,ANDHRSUGAR,7.9791
2026-09-21,15:29,ANGELONE,1.4212
2026-09-21,15:29,ANTELOPUS,37.6947
2026-09-21,15:29,ANTHEM,9.0904
2026-09-21,15:29,ANUHPHR,18.0787
2026-09-21,15:29,ANURAS,-4.4294
2026-09-21,15:29,APARINDS,13.9138
2026-09-21,15:29,APCOTEXIND,-0.9922
2026-09-21,15:29,APLAPOLLO,10.7157
2026-09-21,15:29,APLLTD,2.2467
2026-09-21,15:29,APOLLO,-4.5561
2026-09-21,15:29,APOLLOHOSP,-0.3689
2026-09-21,15:29,APOLLOPIPE,4.2814
2026-09-21,15:29,APTECHT,-1.6101
2026-09-21,15:29,ARFIN,3.5783
2026-09-21,15:29,ARIES,36.4186
2026-09-21,15:29,ARIHANTCAP,8.1357
2026-09-21,15:29,ARIS,7.3025
2026-09-21,15:29,ARMANFIN,-3.248
2026-09-21,15:29,ARROWGREEN,12.1129
2026-09-21,15:29,ARSSBL,-1.5675
2026-09-21,15:29,ARTEMISMED,7.1925
2026-09-21,15:29,ARVIND,-3.9247
2026-09-21,15:29,ASAHIINDIA,5.7361
2026-09-21,15:29,ASHIANA,7.9021
2026-09-21,15:29,ASHOKA,-4.7917
2026-09-21,15:29,ASIANENE,18.3454
2026-09-21,15:29,ASIANHOTNR,19.9552
2026-09-21,15:29,ASKAUTOLTD,3.1735
2026-09-21,15:29,ASTAR,23.0763
2026-09-21,15:29,ASTEC,15.9468
2026-09-21,15:29,ASTRAL,-2.9848
2026-09-21,15:29,ATGL,-2.9123
2026-09-21,15:29,ATHERENERG,7.5262
2026-09-21,15:29,ATL,-3.1113
2026-09-21,15:29,ATLANTAELE,5.4747
2026-09-21,15:29,AUBANK,-2.7179
2026-09-21,15:29,AUROPHARMA,3.3414
2026-09-21,15:29,AURUM,-3.1459
2026-09-21,15:29,AVADHSUGAR,21.8784
2026-09-21,15:29,AVALON,26.4896
2026-09-21,15:29,AVL,1.7544
2026-09-21,15:29,AVTNPL,25.2992
2026-09-21,15:29,AWFIS,-0.1104
2026-09-21,15:29,AXISBANK,0.9693
2026-09-21,15:29,AXISCADES,15.0891
2026-09-21,15:29,AYE,9.7612
2026-09-21,15:29,AYMSYNTEX,16.2936
2026-09-21,15:29,AZAD,11.0848
2026-09-21,15:29,BAFNAPH,13.5088
2026-09-21,15:29,BAJAJ-AUTO,-1.7321
2026-09-21,15:29,BAJAJCON,-4.1213
2026-09-21,15:29,BAJAJHCARE,1.7586
2026-09-21,15:29,BAJAJHFL,-2.1098
2026-09-21,15:29,BAJAJHIND,14.8549
2026-09-21,15:29,BAJAJHLDNG,1.2963
2026-09-21,15:29,BAJFINANCE,-5.2597
2026-09-21,15:29,BALAJITELE,9.1344
2026-09-21,15:29,BALAMINES,4.9813
2026-09-21,15:29,BALMLAWRIE,-5.24
2026-09-21,15:29,BALRAMCHIN,4.7675
2026-09-21,15:29,BALUFORGE,10.5746
2026-09-21,15:29,BANARISUG,-5.3165
2026-09-21,15:29,BANDHANBNK,1.693
2026-09-21,15:29,BANKINDIA,-4.3931
2026-09-21,15:29,BANSALWIRE,-4.8465
2026-09-21,15:29,BBOX,11.673
2026-09-21,15:29,BBTC,-1.2965
2026-09-21,15:29,BECTORFOOD,0.5704
2026-09-21,15:29,BEEKAY,9.0609
2026-09-21,15:29,BEL,-0.6234
2026-09-21,15:29,BELRISE,-2.5462
2026-09-21,15:29,BEML,17.3453
2026-09-21,15:29,BENGALASM,0.5989
2026-09-21,15:29,BEPL,3.6659
2026-09-21,15:29,BFINVEST,-5.3349
2026-09-21,15:29,BFUTILITIE,-4.6992
2026-09-21,15:29,BGRENERGY,0.6374
2026-09-21,15:29,BHAGERIA,74.2275
2026-09-21,15:29,BHAGYANGR,10.0839
2026-09-21,15:29,BHARATCOAL,-5.2832
2026-09-21,15:29,BHARTIHEXA,-1.0918
2026-09-21,15:29,BHEL,6.9595
2026-09-21,15:29,BIL,25.7723
2026-09-21,15:29,BIRLACABLE,53.0428
2026-09-21,15:29,BLACKBUCK,9.0539
2026-09-21,15:29,BLACKROSE,-1.7533
2026-09-21,15:29,BLAL,-3.5996
2026-09-21,15:29,BLIL,-4.7633
2026-09-21,15:29,BLISSGVS,38.53
2026-09-21,15:29,BLSE,2.1575
2026-09-21,15:29,BLUEJET,-2.3994
2026-09-21,15:29,BLUESTARCO,3.3686
2026-09-21,15:29,BLUESTONE,3.7999
2026-09-21,15:29,BLUSPRING,8.6073
2026-09-21,15:29,BODALCHEM,186.6193
2026-09-21,15:29,BOROLTD,6.9326
2026-09-21,15:29,BOSCH-HCIL,0.1961
2026-09-21,15:29,BOSCHLTD,10.7451
2026-09-21,15:29,BPCL,-2.5701
2026-09-21,15:29,BRIGADE,4.6052
2026-09-21,15:29,BUILDPRO,-4.206
2026-09-21,15:29,CANFINHOME,-5.1029
2026-09-21,15:29,CANHLIFE,0.5125
2026-09-21,15:29,CANTABIL,5.8808
2026-09-21,15:29,CAPITALSFB,-4.7941
2026-09-21,15:29,CAPLIPOINT,7.0899
2026-09-21,15:29,CARBORUNIV,7.4658
2026-09-21,15:29,CARTRADE,4.4755
2026-09-21,15:29,CASTROLIND,0.7393
2026-09-21,15:29,CCL,-5.2212
2026-09-21,15:29,CDSL,2.4849
2026-09-21,15:29,CEIGALL,13.9793
2026-09-21,15:29,CEMPRO,4.0063
2026-09-21,15:29,CENTRALBK,0.4145
2026-09-21,15:29,CENTUM,23.0386
2026-09-21,15:29,CEWATER,1.3227
2026-09-21,15:29,CGCL,16.7644
2026-09-21,15:29,CGPOWER,3.5267
2026-09-21,15:29,CHALET,0.0407
2026-09-21,15:29,CHEMBONDCH,10.1424
2026-09-21,15:29,CHEMCON,18.8108
2026-09-21,15:29,CHEMFAB,-2.6287
2026-09-21,15:29,CHEMPLASTS,-1.3289
2026-09-21,15:29,CHENNPETRO,7.8485
2026-09-21,15:29,CHEVIOT,0.2402
2026-09-21,15:29,CIEINDIA,-3.7393
2026-09-21,15:29,CIPLA,-5.3081
2026-09-21,15:29,CLEAN,4.9991
2026-09-21,15:29,CLEANMAX,1.2615
2026-09-21,15:29,CLSEL,5.4477
2026-09-21,15:29,CMRGREEN,1.906
2026-09-21,15:29,COALINDIA,-0.1324
2026-09-21,15:29,COFORGE,2.1396
2026-09-21,15:29,COHANCE,3.2978
2026-09-21,15:29,COMSYN,35.2578
2026-09-21,15:29,CONCOR,-3.5926
2026-09-21,15:29,CONCORDBIO,15.707
2026-09-21,15:29,CONFIPET,9.4488
2026-09-21,15:29,CONSOFINVT,1.8734
2026-09-21,15:29,CONTROLPR,3.4099
2026-09-21,15:29,CORDELIA,35.1284
2026-09-21,15:29,CORONA,7.4849
2026-09-21,15:29,COSMOFIRST,-2.9188
2026-09-21,15:29,CRAFTSMAN,4.989
2026-09-21,15:29,CREST,-2.6393
2026-09-21,15:29,CRISIL,-0.0304
2026-09-21,15:29,CSBBANK,5.6318
2026-09-21,15:29,CSM,5.944
2026-09-21,15:29,CUB,10.8208
2026-09-21,15:29,CUPID,-4.1315
2026-09-21,15:29,CYIENT,23.7085
2026-09-21,15:29,CYIENTDLM,33.0902
2026-09-21,15:29,DALBHARAT,-3.4475
2026-09-21,15:29,DALMIASUG,-5.0198
2026-09-21,15:29,DATAPATTNS,2.9927
2026-09-21,15:29,DBOL,-0.343
2026-09-21,15:29,DCBBANK,13.576
2026-09-21,15:29,DCMSHRIRAM,-3.2061
2026-09-21,15:29,DCW,-1.8986
2026-09-21,15:29,DECCANCE,-2.0972
2026-09-21,15:29,DECNGOLD,0.3792
2026-09-21,15:29,DEEDEV,8.1626
2026-09-21,15:29,DEEPINDS,13.6798
2026-09-21,15:29,DELTACORP,-2.7475
2026-09-21,15:29,DEN,-3.2943
2026-09-21,15:29,DEVYANI,6.3015
2026-09-21,15:29,DHAMPURSUG,7.5552
2026-09-21,15:29,DHANUKA,-4.4092
2026-09-21,15:29,DHARMAJ,5.9123
2026-09-21,15:29,DHUNINV,5.7243
2026-09-21,15:29,DIACABS,3.2963
2026-09-21,15:29,DICIND,20.9244
2026-09-21,15:29,DIFFNKG,0.6916
2026-09-21,15:29,DISAQ,2.138
2026-09-21,15:29,DIVGIITTS,7.3669
2026-09-21,15:29,DIVISLAB,13.7221
2026-09-21,15:29,DLF,2.8427
2026-09-21,15:29,DLINKINDIA,-4.3263
2026-09-21,15:29,DMART,-2.5538
2026-09-21,15:29,DMCC,2.7913
2026-09-21,15:29,DODLA,2.2561
2026-09-21,15:29,DOLLAR,-1.5206
2026-09-21,15:29,DOLPHIN,66.4031
2026-09-21,15:29,DPABHUSHAN,-1.441
2026-09-21,15:29,DRAGARWQ,-0.0946
2026-09-21,15:29,DRREDDY,2.244
2026-09-21,15:29,DVL,5.7413
2026-09-21,15:29,DWARKESH,0.1468
2026-09-21,15:29,DYCL,13.8841
2026-09-21,15:29,DYNAMATECH,6.7363
2026-09-21,15:29,E2E,3.0237
2026-09-21,15:29,EBGNG,31.3517
2026-09-21,15:29,ECLERX,10.2934
2026-09-21,15:29,EDELWEISS,17.6987
2026-09-21,15:29,EFCIL,-4.0699
2026-09-21,15:29,EIEL,-4.3488
2026-09-21,15:29,EIFFL,-3.0821
2026-09-21,15:29,EIHAHOTELS,-1.2229
2026-09-21,15:29,EIHOTEL,0.7992
2026-09-21,15:29,EIMCOELECO,23.7426
2026-09-21,15:29,ELANTAS,20.1511
2026-09-21,15:29,ELDEHSG,2.9358
2026-09-21,15:29,ELECTCAST,2.2923
2026-09-21,15:29,ELGIEQUIP,4.036
2026-09-21,15:29,ELPROINTL,-4.8095
2026-09-21,15:29,EMAMIPAP,3.3457
2026-09-21,15:29,EMCURE,1.5619
2026-09-21,15:29,EMIL,15.347
2026-09-21,15:29,EMKAY,6.7571
2026-09-21,15:29,EMMVEE,6.8046
2026-09-21,15:29,EMUDHRA,22.8542
2026-09-21,15:29,ENDURANCE,-5.099
2026-09-21,15:29,ENGINERSIN,18.5578
2026-09-21,15:29,ENTERO,44.4838
2026-09-21,15:29,EPACKPEB,-1.9204
2026-09-21,15:29,EPIGRAL,0.8899
2026-09-21,15:29,EPL,6.6438
2026-09-21,15:29,EQUITASBNK,-3.7091
2026-09-21,15:29,ESABINDIA,-1.2519
2026-09-21,15:29,ESAFSFB,-2.2597
2026-09-21,15:29,ESTER,-0.2061
2026-09-21,15:29,ETERNAL,6.6349
2026-09-21,15:29,EXCELSOFT,-2.1757
2026-09-21,15:29,EXICOM,1.7055
2026-09-21,15:29,EXPLEOSOL,5.5453
2026-09-21,15:29,FABTECH,-0.9419
2026-09-21,15:29,FACT,-4.4853
2026-09-21,15:29,FCL,33.8857
2026-09-21,15:29,FDC,-2.0011
2026-09-21,15:29,FEDDERSHOL,41.519
2026-09-21,15:29,FEDFINA,1.4373
2026-09-21,15:29,FILATEX,22.6449
2026-09-21,15:29,FINCABLES,36.6027
2026-09-21,15:29,FINEORG,-0.2441
2026-09-21,15:29,FINKURVE,20.6282
2026-09-21,15:29,FIVESTAR,-3.3686
2026-09-21,15:29,FLUOROCHEM,0.9274
2026-09-21,15:29,FOSECOIND,20.7708
2026-09-21,15:29,FSL,-3.7163
2026-09-21,15:29,GAEL,-4.7098
2026-09-21,15:29,GAIL,-0.5875
2026-09-21,15:29,GALAPREC,0.5789
2026-09-21,15:29,GALAXYSURF,5.8935
2026-09-21,15:29,GANDHAR,10.2756
2026-09-21,15:29,GANDHITUBE,2.203
2026-09-21,15:29,GANECOS,-5.2711
2026-09-21,15:29,GANESHBE,4.5594
2026-09-21,15:29,GANESHCP,5.9332
2026-09-21,15:29,GANESHHOU,-2.4055
2026-09-21,15:29,GARFIBRES,-1.4042
2026-09-21,15:29,GARUDA,-2.0665
2026-09-21,15:29,GAYAPROJ,22.3992
2026-09-21,15:29,GCSL,21.2138
2026-09-21,15:29,GEECEE,3.4943
2026-09-21,15:29,GENESYS,22.7039
2026-09-21,15:29,GENUSPOWER,1.3859
2026-09-21,15:29,GEOJITFSL,6.388
2026-09-21,15:29,GESHIP,10.6722
2026-09-21,15:29,GFLLIMITED,12.271
2026-09-21,15:29,GHCL,-3.3253
2026-09-21,15:29,GHCLTEXTIL,6.5219
2026-09-21,15:29,GICRE,-3.0795
2026-09-21,15:29,GIPCL,19.9012
2026-09-21,15:29,GKSL,36.3373
2026-09-21,15:29,GLAND,13.0411
2026-09-21,15:29,GLAXO,10.1242
2026-09-21,15:29,GLENMARK,7.4986
2026-09-21,15:29,GLOBAL,28.2404
2026-09-21,15:29,GMBREW,4.255
2026-09-21,15:29,GMDCLTD,-4.2725
2026-09-21,15:29,GMMPFAUDLR,52.6588
2026-09-21,15:29,GMRP&UI,-5.1903
2026-09-21,15:29,GNA,7.1415
2026-09-21,15:29,GNFC,10.1587
2026-09-21,15:29,GNRL,3.4604
2026-09-21,15:29,GOCLCORP,3.4683
2026-09-21,15:29,GOCOLORS,-4.7663
2026-09-21,15:29,GODAVARIB,-1.8141
2026-09-21,15:29,GODREJAGRO,21.7003
2026-09-21,15:29,GOKULAGRO,-3.3392
2026-09-21,15:29,GOODLUCK,4.1696
2026-09-21,15:29,GPIL,-1.5835
2026-09-21,15:29,GPPL,8.8109
2026-09-21,15:29,GPTHEALTH,3.6879
2026-09-21,15:29,GPTINFRA,2.2714
2026-09-21,15:29,GRANULES,0.1488
2026-09-21,15:29,GRAPHITE,14.4869
2026-09-21,15:29,GRASIM,-4.7246
2026-09-21,15:29,GRAUWEIL,21.9665
2026-09-21,15:29,GREAVESCOT,-0.1358
2026-09-21,15:29,GREENPLY,1.2397
2026-09-21,15:29,GRINFRA,-5.2659
2026-09-21,15:29,GROWW,0.0472
2026-09-21,15:29,GRPLTD,-0.5391
2026-09-21,15:29,GUFICBIO,3.3816
2026-09-21,15:29,GUJTHEM,16.2242
2026-09-21,15:29,GVT&D,1.5608
2026-09-21,15:29,GYFTR,3.4388
2026-09-21,15:29,HAL,-1.7108
2026-09-21,15:29,HALDYNGL,9.3429
2026-09-21,15:29,HAPPYFORGE,10.6442
2026-09-21,15:29,HARSHA,9.7326
2026-09-21,15:29,HATSUN,20.1466
2026-09-21,15:29,HAWKINCOOK,-2.7684
2026-09-21,15:29,HBLENGINE,3.1289
2026-09-21,15:29,HCC,6.384
2026-09-21,15:29,HCG,3.773
2026-09-21,15:29,HDBFS,2.2985
2026-09-21,15:29,HDFCAMC,-4.1257
2026-09-21,15:29,HDFCBANK,1.1628
2026-09-21,15:29,HDFCLIFE,3.5926
2026-09-21,15:29,HEALTHX,-3.1469
2026-09-21,15:29,HEG,10.6067
2026-09-21,15:29,HERITGFOOD,16.5008
2026-09-21,15:29,HEROMOTOCO,-5.345
2026-09-21,15:29,HEXAGON,3.445
2026-09-21,15:29,HEXATRADEX,-2.1308
2026-09-21,15:29,HFCL,3.0436
2026-09-21,15:29,HIKAL,0.8849
2026-09-21,15:29,HINDOILEXP,13.4134
2026-09-21,15:29,HINDZINC,-1.8574
2026-09-21,15:29,HIRECT,-5.2664
2026-09-21,15:29,HITECHCORP,0.8998
2026-09-21,15:29,HITECHGEAR,-3.6399
2026-09-21,15:29,HLEGLAS,0.4603
2026-09-21,15:29,HMAAGRO,7.7373
2026-09-21,15:29,HMT,6.2842
2026-09-21,15:29,HNDFDS,7.211
2026-09-21,15:29,HOMEFIRST,5.3526
2026-09-21,15:29,HONASA,-0.8375
2026-09-21,15:29,HUBTOWN,0.3541
2026-09-21,15:29,HYUNDAI,-2.5676
2026-09-21,15:29,IBULLSLTD,-1.1553
2026-09-21,15:29,ICICIAMC,4.3934
2026-09-21,15:29,ICICIBANK,-5.3483
2026-09-21,15:29,ICICIPRULI,-1.6066
2026-09-21,15:29,ICIL,2.2386
2026-09-21,15:29,IDBI,-1.3773
2026-09-21,15:29,IDFCFIRSTB,1.3945
2026-09-21,15:29,IFCI,0.365
2026-09-21,15:29,IGL,-2.0337
2026-09-21,15:29,IGPL,17.0116
2026-09-21,15:29,IIFL,-0.5967
2026-09-21,15:29,IIFLCAPS,3.0675
2026-09-21,15:29,IKIO,3.7393
2026-09-21,15:29,IKS,2.5954
2026-09-21,15:29,IL&FSENGG,14.1617
2026-09-21,15:29,IMAGICAA,1.4001
2026-09-21,15:29,IMPAL,-1.8675
2026-09-21,15:29,INDGN,7.4849
2026-09-21,15:29,INDHOTEL,1.9152
2026-09-21,15:29,INDIAGLYCO,11.8398
2026-09-21,15:29,INDIASHLTR,-2.5004
2026-09-21,15:29,INDIGOPNTS,0.8925
2026-09-21,15:29,INDIQUBE,3.1435
2026-09-21,15:29,INDNIPPON,6.2264
2026-09-21,15:29,INDOAMIN,1.6447
2026-09-21,15:29,INDOBORAX,15.8467
2026-09-21,15:29,INDOCO,16.1728
2026-09-21,15:29,INDOMIM,33.9079
2026-09-21,15:29,INDORAMA,79.2262
2026-09-21,15:29,INDOSTAR,2.5926
2026-09-21,15:29,INDPRUD,-0.8583
2026-09-21,15:29,INDRAMEDCO,-3.8618
2026-09-21,15:29,INDSWFTLAB,66.1048
2026-09-21,15:29,INDUSTOWER,-2.1632
2026-09-21,15:29,INGERRAND,-2.6837
2026-09-21,15:29,INNOVACAP,26.8714
2026-09-21,15:29,INOXGREEN,-3.9514
2026-09-21,15:29,INOXINDIA,6.8809
2026-09-21,15:29,INOXWIND,-0.641
2026-09-21,15:29,INTERARCH,-3.5763
2026-09-21,15:29,INVPRECQ,20.6988
2026-09-21,15:29,IOC,-4.7775
2026-09-21,15:29,IOLCP,20.8877
2026-09-21,15:29,IONEXCHANG,16.3213
2026-09-21,15:29,IPCALAB,15.693
2026-09-21,15:29,IRISDOREME,18.8738
2026-09-21,15:29,ISGEC,4.6827
2026-09-21,15:29,JAGRAN,-1.4655
2026-09-21,15:29,JAGSNPHARM,-1.903
2026-09-21,15:29,JAIBALAJI,-3.1245
2026-09-21,15:29,JARO,3.6338
2026-09-21,15:29,JASH,15.6194
2026-09-21,15:29,JAYAGROGN,6.5338
2026-09-21,15:29,JAYKAY,26.006
2026-09-21,15:29,JAYNECOIND,-0.8336
2026-09-21,15:29,JGCHEM,11.7945
2026-09-21,15:29,JINDALPHOT,4.5908
2026-09-21,15:29,JINDALPOLY,19.5968
2026-09-21,15:29,JINDALSAW,7.9772
2026-09-21,15:29,JINDALSTEL,2.5023
2026-09-21,15:29,JINDWORLD,27.9476
2026-09-21,15:29,JISLJALEQS,0.1618
2026-09-21,15:29,JKIL,-3.8886
2026-09-21,15:29,JKPAPER,9.2624
2026-09-21,15:29,JMFINANCIL,-0.9415
2026-09-21,15:29,JNKINDIA,1.4888
2026-09-21,15:29,JNPR,8.2647
2026-09-21,15:29,JSFB,-3.2945
2026-09-21,15:29,JSL,2.2868
2026-09-21,15:29,JSWDULUX,4.9075
2026-09-21,15:29,JSWINFRA,4.1251
2026-09-21,15:29,JSWSTEEL,-2.3778
2026-09-21,15:29,JTLIND,15.0175
2026-09-21,15:29,JUBLCPL,13.9572
2026-09-21,15:29,JUBLFOOD,0.113
2026-09-21,15:29,JUBLPHARMA,12.5805
2026-09-21,15:29,JUNIPER,14.4059
2026-09-21,15:29,JUSTDIAL,-0.0878
2026-09-21,15:29,JYOTICNC,42.0184
2026-09-21,15:29,KABRAEXTRU,50.7133
2026-09-21,15:29,KAJARIACER,2.8442
2026-09-21,15:29,KALYANKJIL,-4.0904
2026-09-21,15:29,KAMATHOTEL,38.4309
2026-09-21,15:29,KAMDHENU,20.7504
2026-09-21,15:29,KANORICHEM,20.2686
2026-09-21,15:29,KANPRPLA,21.8614
2026-09-21,15:29,KAPSTON,9.8973
2026-09-21,15:29,KARURVYSYA,-2.8014
2026-09-21,15:29,KAYA,22.8413
2026-09-21,15:29,KAYNES,-5.3497
2026-09-21,15:29,KCP,2.8782
2026-09-21,15:29,KDDL,4.2379
2026-09-21,15:29,KENNAMET,31.3725
2026-09-21,15:29,KFINTECH,-4.1987
2026-09-21,15:29,KILITCH,3.8756
2026-09-21,15:29,KIMS,-2.7432
2026-09-21,15:29,KINGFA,9.2351
2026-09-21,15:29,KIRANVYPAR,4.8044
2026-09-21,15:29,KIRIINDUS,25.6135
2026-09-21,15:29,KIRLFER,7.9533
2026-09-21,15:29,KIRLOSENG,-1.3554
2026-09-21,15:29,KIRLOSIND,-0.9948
2026-09-21,15:29,KIRLPNU,-0.7639
2026-09-21,15:29,KISSHT,20.8535
2026-09-21,15:29,KKCL,-5.3554
2026-09-21,15:29,KLBRENG-B,18.2823
2026-09-21,15:29,KMEW,13.8625
2026-09-21,15:29,KOLTEPATIL,-4.2013
2026-09-21,15:29,KOPRAN,56.1527
2026-09-21,15:29,KOTAKBANK,6.1548
2026-09-21,15:29,KOTIC,-5.0033
2026-09-21,15:29,KOVAI,5.7414
2026-09-21,15:29,KPIL,9.2545
2026-09-21,15:29,KPL,47.2126
2026-09-21,15:29,KPRMILL,3.9565
2026-09-21,15:29,KRBL,3.8294
2026-09-21,15:29,KRISHANA,2.0876
2026-09-21,15:29,KRN,17.2211
2026-09-21,15:29,KRONOX,8.0098
2026-09-21,15:29,KROSS,26.7226
2026-09-21,15:29,KRSNAA,-1.1055
2026-09-21,15:29,KRYSTAL,8.6547
2026-09-21,15:29,KSB,2.3398
2026-09-21,15:29,KSHINTL,14.6961
2026-09-21,15:29,KSL,11.3213
2026-09-21,15:29,KTKBANK,1.4677
2026-09-21,15:29,KUSUMGAR,-4.7147
2026-09-21,15:29,KWIL,20.7401
2026-09-21,15:29,LALPATHLAB,-0.5798
2026-09-21,15:29,LAURUSLABS,9.3911
2026-09-21,15:29,LCL,5.6666
2026-09-21,15:29,LEMONTREE,-4.5221
2026-09-21,15:29,LENSKART,20.0369
2026-09-21,15:29,LGBBROSLTD,13.6462
2026-09-21,15:29,LGEINDIA,4.3996
2026-09-21,15:29,LICHSGFIN,12.6425
2026-09-21,15:29,LICI,1.5228
2026-09-21,15:29,LIKHITHA,-1.5005
2026-09-21,15:29,LINCOLN,0.2333
2026-09-21,15:29,LMW,4.1133
2026-09-21,15:29,LOKESHMACH,-2.3955
2026-09-21,15:29,LOTUSDEV,15.385
2026-09-21,15:29,LT,-3.7278
2026-09-21,15:29,LTF,-0.0649
2026-09-21,15:29,LTFOODS,0.7601
2026-09-21,15:29,LUMAXIND,-0.2331
2026-09-21,15:29,LUMAXTECH,20.1115
2026-09-21,15:29,LXCHEM,1.1273
2026-09-21,15:29,MACPOWER,16.3108
2026-09-21,15:29,MAGADSUGAR,-4.6895
2026-09-21,15:29,MAHABANK,5.0077
2026-09-21,15:29,MAHASTEEL,7.3593
2026-09-21,15:29,MAHLOG,-0.8443
2026-09-21,15:29,MAHSCOOTER,-1.5125
2026-09-21,15:29,MAHSEAMLES,19.883
2026-09-21,15:29,MAITHANALL,2.5582
2026-09-21,15:29,MALLCOM,-2.6799
2026-09-21,15:29,MANAKCOAT,18.0596
2026-09-21,15:29,MANAKSTEEL,28.2601
2026-09-21,15:29,MANALIPETC,34.1429
2026-09-21,15:29,MANBA,3.7641
2026-09-21,15:29,MANGLMCEM,7.6693
2026-09-21,15:29,MANINDS,54.896
2026-09-21,15:29,MANINFRA,8.2301
2026-09-21,15:29,MANIPALHOS,10.2072
2026-09-21,15:29,MANKIND,-0.741
2026-09-21,15:29,MANORAMA,17.5284
2026-09-21,15:29,MANYAVAR,3.8305
2026-09-21,15:29,MARATHON,8.1715
2026-09-21,15:29,MARICO,-4.3619
2026-09-21,15:29,MARINE,23.4194
2026-09-21,15:29,MARKSANS,23.4617
2026-09-21,15:29,MARSONS,22.468
2026-09-21,15:29,MASFIN,-3.3096
2026-09-21,15:29,MASTERTR,10.0816
2026-09-21,15:29,MATRIMONY,14.3511
2026-09-21,15:29,MAWANASUG,8.3053
2026-09-21,15:29,MAXESTATES,50.5666
2026-09-21,15:29,MAXHEALTH,-0.3178
2026-09-21,15:29,MAYURUNIQ,-2.8263
2026-09-21,15:29,MAZDA,9.8041
2026-09-21,15:29,MBAPL,1.6889
2026-09-21,15:29,MBECL,11878.9774
2026-09-21,15:29,MCCHRLS-B,-2.2358
2026-09-21,15:29,MCX,21.6452
2026-09-21,15:29,MEDANTA,3.6068
2026-09-21,15:29,MEESHO,14.5283
2026-09-21,15:29,MEIL,-3.3104
2026-09-21,15:29,MENONBE,28.4811
2026-09-21,15:29,MERCURYEV,13.9056
2026-09-21,15:29,METROBRAND,-3.4396
2026-09-21,15:29,METROPOLIS,5.3622
2026-09-21,15:29,MFSL,4.7816
2026-09-21,15:29,MIDHANI,-3.8148
2026-09-21,15:29,MMFL,-2.5831
2026-09-21,15:29,MMP,46.4215
2026-09-21,15:29,MOBIKWIK,4.6281
2026-09-21,15:29,MODISONLTD,63.5777
2026-09-21,15:29,MOL,18.168
2026-09-21,15:29,MOLDTECH,2.2204
2026-09-21,15:29,MONTECARLO,6.9942
2026-09-21,15:29,MOREPENLAB,52.4611
2026-09-21,15:29,MOSCHIP,-0.3482
2026-09-21,15:29,MOTHERSON,-3.3175
2026-09-21,15:29,MOTILALOFS,14.3678
2026-09-21,15:29,MRPL,0.012
2026-09-21,15:29,MSTCLTD,23.4419
2026-09-21,15:29,MTARTECH,-0.9879
2026-09-21,15:29,MUFIN,-3.6592
2026-09-21,15:29,MUKANDLTD,-5.0203
2026-09-21,15:29,MUKKA,20.6749
2026-09-21,15:29,MUNJALAU,3.172
2026-09-21,15:29,MUNJALSHOW,-4.2322
2026-09-21,15:29,MUTHOOTFIN,-1.2388
2026-09-21,15:29,MVELECTRO,44.221
2026-09-21,15:29,MVGJL,26.2195
2026-09-21,15:29,NAHARINDUS,3.1162
2026-09-21,15:29,NAM-INDIA,-2.4915
2026-09-21,15:29,NAUKRI,5.8027
2026-09-21,15:29,NAVA,-4.6747
2026-09-21,15:29,NAVINFLUOR,2.6055
2026-09-21,15:29,NAVNETEDUL,-5.2663
2026-09-21,15:29,NAZARA,4.2287
2026-09-21,15:29,NCLIND,-2.2588
2026-09-21,15:29,NELCO,2.8626
2026-09-21,15:29,NEOGEN,16.1376
2026-09-21,15:29,NEPHROPLUS,8.2763
2026-09-21,15:29,NESCO,3.3235
2026-09-21,15:29,NETWEB,-4.4785
2026-09-21,15:29,NEULANDLAB,-1.072
2026-09-21,15:29,NH,0.626
2026-09-21,15:29,NHPC,-1.4561
2026-09-21,15:29,NIACL,5.3357
2026-09-21,15:29,NIBE,-3.3756
2026-09-21,15:29,NIITLTD,-4.7439
2026-09-21,15:29,NILKAMAL,8.1487
2026-09-21,15:29,NINSYS,-3.4095
2026-09-21,15:29,NIRLON,-4.1694
2026-09-21,15:29,NITINSPIN,5.7845
2026-09-21,15:29,NITTAGELA,0.1683
2026-09-21,15:29,NOCIL,15.3691
2026-09-21,15:29,NORTHARC,15.5294
2026-09-21,15:29,NOVARTIND,24.5092
2026-09-21,15:29,NPST,18.8787
2026-09-21,15:29,NRAIL,15.1685
2026-09-21,15:29,NRBBEARING,14.5179
2026-09-21,15:29,NRL,29.0077
2026-09-21,15:29,NSIL,-2.2635
2026-09-21,15:29,NSLNISP,-3.1934
2026-09-21,15:29,NTPC,-4.7007
2026-09-21,15:29,NTPCGREEN,-0.2623
2026-09-21,15:29,NUCLEUS,-2.048
2026-09-21,15:29,NUVAMA,2.7029
2026-09-21,15:29,NUVOCO,-4.4101
2026-09-21,15:29,NYKAA,1.2048
2026-09-21,15:29,OAL,45.0066
2026-09-21,15:29,OBEROIRLTY,2.5915
2026-09-21,15:29,OCCLLTD,-1.8397
2026-09-21,15:29,OIL,8.0285
2026-09-21,15:29,OMAXE,31.8681
2026-09-21,15:29,OMNI,-4.6685
2026-09-21,15:29,OMPOWER,-0.3099
2026-09-21,15:29,ONEPOINT,-0.4973
2026-09-21,15:29,ONESOURCE,1.4721
2026-09-21,15:29,ONGC,-1.3481
2026-09-21,15:29,ONWARDTEC,-0.2236
2026-09-21,15:29,OPTIEMUS,5.097
2026-09-21,15:29,ORCHPHARMA,7.9802
2026-09-21,15:29,ORICONENT,1.3304
2026-09-21,15:29,ORIENTBELL,25.0159
2026-09-21,15:29,ORIENTCER,11.6252
2026-09-21,15:29,ORIENTHOT,12.6437
2026-09-21,15:29,ORKLAINDIA,2.1522
2026-09-21,15:29,PAISALO,35.1922
2026-09-21,15:29,PANACHE,13.4009
2026-09-21,15:29,PARADEEP,4.2021
2026-09-21,15:29,PARAGMILK,22.0321
2026-09-21,15:29,PARAS,10.1323
2026-09-21,15:29,PARKHOSPS,-2.5834
2026-09-21,15:29,PASHUPATI,-4.5016
2026-09-21,15:29,PASUPTAC,14.091
2026-09-21,15:29,PATANJALI,10.8252
2026-09-21,15:29,PAUSHAKLTD,-0.1981
2026-09-21,15:29,PAYTM,25.5549
2026-09-21,15:29,PCBL,6.9742
2026-09-21,15:29,PDMJEPAPER,0.5634
2026-09-21,15:29,PDSL,-2.2109
2026-09-21,15:29,PENIND,7.0124
2026-09-21,15:29,PERSISTENT,-0.4749
2026-09-21,15:29,PETRONET,2.459
2026-09-21,15:29,PFOCUS,22.6182
2026-09-21,15:29,PHOENIXLTD,1.7673
2026-09-21,15:29,PIDILITIND,-5.2289
2026-09-21,15:29,PINELABS,25.4209
2026-09-21,15:29,PITTIENG,20.6873
2026-09-21,15:29,PIXTRANS,0.7862
2026-09-21,15:29,PNB,2.7785
2026-09-21,15:29,PNBGILTS,-4.7336
2026-09-21,15:29,PNBHOUSING,-0.1662
2026-09-21,15:29,PNGSREVA,-0.0293
2026-09-21,15:29,POCL,-1.8372
2026-09-21,15:29,POLICYBZR,11.7482
2026-09-21,15:29,POLYMED,0.7321
2026-09-21,15:29,POLYPLEX,-0.7348
2026-09-21,15:29,POONAWALLA,-1.8852
2026-09-21,15:29,POWERGRID,-2.025
2026-09-21,15:29,POWERICA,6.5454
2026-09-21,15:29,POWERINDIA,-2.2393
2026-09-21,15:29,PPL,3.821
2026-09-21,15:29,PPLPHARMA,2.4386
2026-09-21,15:29,PRABHA,48.839
2026-09-21,15:29,PRAJIND,-3.9686
2026-09-21,15:29,PRECWIRE,14.4756
2026-09-21,15:29,PREMEXPLN,5.2948
2026-09-21,15:29,PREMIERPOL,10.6615
2026-09-21,15:29,PRICOLLTD,2.5207
2026-09-21,15:29,PRIMESECU,0.8951
2026-09-21,15:29,PRINCEPIPE,-1.8081
2026-09-21,15:29,PRIVISCL,-3.2518
2026-09-21,15:29,PROTEAN,3.9579
2026-09-21,15:29,PROZONER,23.7716
2026-09-21,15:29,PRSMJOHNSN,4.3743
2026-09-21,15:29,PRUDENT,1.6312
2026-09-21,15:29,PTCIL,16.9008
2026-09-21,15:29,PTL,-3.8896
2026-09-21,15:29,PUNJABCHEM,-4.167
2026-09-21,15:29,PURVA,1.2102
2026-09-21,15:29,PVP,79.1595
2026-09-21,15:29,PVRINOX,16.7215
2026-09-21,15:29,PWL,2.409
2026-09-21,15:29,QPOWER,32.2302
2026-09-21,15:29,QUADFUTURE,48.2711
2026-09-21,15:29,QUESS,16.7337
2026-09-21,15:29,QUICKHEAL,-2.0836
2026-09-21,15:29,RACLGEAR,15.782
2026-09-21,15:29,RADHIKAJWE,6.7108
2026-09-21,15:29,RADICO,-0.4223
2026-09-21,15:29,RAIN,-4.8008
2026-09-21,15:29,RAJOOENG,6.8692
2026-09-21,15:29,RALLIS,-5.1073
2026-09-21,15:29,RAMBHAJO,64.1542
2026-09-21,15:29,RAMCOCEM,-5.2153
2026-09-21,15:29,RAMCOIND,-3.9747
2026-09-21,15:29,RAMRAT,19.1724
2026-09-21,15:29,RATNAMANI,26.3606
2026-09-21,15:29,RATNAVEER,62.3241
2026-09-21,15:29,RAYMOND,76.429
2026-09-21,15:29,RBA,0.3161
2026-09-21,15:29,RBLBANK,3.2324
2026-09-21,15:29,RBZJEWEL,13.8096
2026-09-21,15:29,REDINGTON,10.4833
2026-09-21,15:29,REFEX,0.1024
2026-09-21,15:29,REGAAL,-3.258
2026-09-21,15:29,RELIGARE,8.9778
2026-09-21,15:29,RENUKA,3.6536
2026-09-21,15:29,RGL,31.1283
2026-09-21,15:29,RISHABH,17.0291
2026-09-21,15:29,RITCO,-4.6242
2026-09-21,15:29,RKFORGE,-1.3832
2026-09-21,15:29,RMDRIP,27.3028
2026-09-21,15:29,RML,27.7024
2026-09-21,15:29,ROHLTD,-4.5483
2026-09-21,15:29,ROLEXRINGS,10.2119
2026-09-21,15:29,ROSSTECH,24.4406
2026-09-21,15:29,RPEL,34.6757
2026-09-21,15:29,RPGLIFE,3.7162
2026-09-21,15:29,RSL,29.5705
2026-09-21,15:29,RSWM,11.4482
2026-09-21,15:29,RSYSTEMS,-1.9246
2026-09-21,15:29,RUBICON,11.5503
2026-09-21,15:29,RUBYMILLS,22.14
2026-09-21,15:29,SAATVIKGL,1.8766
2026-09-21,15:29,SAFARI,-0.0605
2026-09-21,15:29,SAGILITY,5.221
2026-09-21,15:29,SAIL,0.4077
2026-09-21,15:29,SAILIFE,17.7849
2026-09-21,15:29,SAKAR,25.2852
2026-09-21,15:29,SALSTEEL,33.2146
2026-09-21,15:29,SAMBHV,32.7145
2026-09-21,15:29,SANATHAN,0.4395
2026-09-21,15:29,SANSERA,11.2118
2026-09-21,15:29,SANSTAR,-0.9435
2026-09-21,15:29,SAPPHIRE,6.3108
2026-09-21,15:29,SARDAEN,1.1354
2026-09-21,15:29,SARLAPOLY,-3.0172
2026-09-21,15:29,SATIA,6.6163
2026-09-21,15:29,SATIN,-4.5992
2026-09-21,15:29,SAYAJIHOTL,1.0282
2026-09-21,15:29,SBC,19.5335
2026-09-21,15:29,SBCL,24.2372
2026-09-21,15:29,SBFC,-3.1512
2026-09-21,15:29,SBICARD,-3.3384
2026-09-21,15:29,SBIFUNDS,-3.3494
2026-09-21,15:29,SCHAEFFLER,2.0569
2026-09-21,15:29,SCPL,2.0784
2026-09-21,15:29,SEAMECLTD,11.1998
2026-09-21,15:29,SEDEMAC,9.8776
2026-09-21,15:29,SENORES,3.9103
2026-09-21,15:29,SESHAPAPER,8.0276
2026-09-21,15:29,SETL,45.427
2026-09-21,15:29,SFL,-5.0044
2026-09-21,15:29,SGIL,-0.8619
2026-09-21,15:29,SGMART,1.9613
2026-09-21,15:29,SHADOWFAX,13.0617
2026-09-21,15:29,SHAILY,3.2508
2026-09-21,15:29,SHALPAINTS,-5.1024
2026-09-21,15:29,SHANTIGEAR,71.9866
2026-09-21,15:29,SHANTIGOLD,15.4815
2026-09-21,15:29,SHARDAMOTR,1.7476
2026-09-21,15:29,SHAREINDIA,34.8314
2026-09-21,15:29,SHILPAMED,40.9411
2026-09-21,15:29,SHINDL,0.2398
2026-09-21,15:29,SHIVALIK,56.7584
2026-09-21,15:29,SHIVAUM,12.2447
2026-09-21,15:29,SHREEJISPG,5.4548
2026-09-21,15:29,SHREEPUSHK,26.0747
2026-09-21,15:29,SHREERAMA,12.6628
2026-09-21,15:29,SHRIPISTON,2.6384
2026-09-21,15:29,SHYAMMETL,8.9979
2026-09-21,15:29,SIEMENS,-1.3477
2026-09-21,15:29,SIGACHI,23.6393
2026-09-21,15:29,SIGMAADV,29.674
2026-09-21,15:29,SIGNATURE,-5.0355
2026-09-21,15:29,SIGNPOST,0.598
2026-09-21,15:29,SIKA,-1.3588
2026-09-21,15:29,SIMPLEXINF,4.9525
2026-09-21,15:29,SINDHUTRAD,-2.3208
2026-09-21,15:29,SIS,-3.3107
2026-09-21,15:29,SJS,-4.7627
2026-09-21,15:29,SKFINDIA,-0.1173
2026-09-21,15:29,SKFINDUS,5.1901
2026-09-21,15:29,SKIPPER,8.207
2026-09-21,15:29,SKMEGGPROD,-2.5319
2026-09-21,15:29,SKYGOLD,10.474
2026-09-21,15:29,SMARTWORKS,10.9799
2026-09-21,15:29,SMCGLOBAL,2.5019
2026-09-21,15:29,SMLMAH,16.3846
2026-09-21,15:29,SMSPHARMA,23.3801
2026-09-21,15:29,SOFTTECH,24.0476
2026-09-21,15:29,SOLARA,49.8707
2026-09-21,15:29,SOLARINDS,3.2976
2026-09-21,15:29,SOMANYCERA,18.8887
2026-09-21,15:29,SONACOMS,-2.7871
2026-09-21,15:29,SOTL,-4.1972
2026-09-21,15:29,SOUTHBANK,-3.498
2026-09-21,15:29,SPECIALITY,-0.806
2026-09-21,15:29,SPECTRUM,30.7617
2026-09-21,15:29,SPIC,-1.5634
2026-09-21,15:29,SPLPETRO,23.4015
2026-09-21,15:29,SPORTKING,-3.4851
2026-09-21,15:29,SREEL,28.712
2026-09-21,15:29,SRF,-2.8681
2026-09-21,15:29,SRHHYPOLTD,21.3064
2026-09-21,15:29,SSWL,17.2609
2026-09-21,15:29,STAR,23.0424
2026-09-21,15:29,STARCEMENT,-4.189
2026-09-21,15:29,STARHEALTH,-4.7293
2026-09-21,15:29,STEELCAS,-4.2672
2026-09-21,15:29,STEL,19.8571
2026-09-21,15:29,STLNETWORK,81.1571
2026-09-21,15:29,STLTECH,27.3517
2026-09-21,15:29,STOVEKRAFT,2.2005
2026-09-21,15:29,STUDDS,-1.8803
2026-09-21,15:29,STYLEBAAZA,23.1093
2026-09-21,15:29,SUDARCOLOR,-4.5244
2026-09-21,15:29,SUDARSCHEM,10.3808
2026-09-21,15:29,SUDEEPPHRM,19.4716
2026-09-21,15:29,SUKHJITS,0.7838
2026-09-21,15:29,SUNCLAY,0.8215
2026-09-21,15:29,SUNDARMFIN,1.6355
2026-09-21,15:29,SUNDRMFAST,10.7148
2026-09-21,15:29,SUNDROP,3.8354
2026-09-21,15:29,SUNPHARMA,-3.9126
2026-09-21,15:29,SUNTECK,-3.0587
2026-09-21,15:29,SUPREMEIND,1.6851
2026-09-21,15:29,SUPRIYA,3.7089
2026-09-21,15:29,SURAJEST,7.3409
2026-09-21,15:29,SURAKSHA,39.8918
2026-09-21,15:29,SUTLEJTEX,-0.5189
2026-09-21,15:29,SUVEN,6.1244
2026-09-21,15:29,SVLL,7.517
2026-09-21,15:29,SWANCORP,-1.899
2026-09-21,15:29,SWANDEF,0.6865
2026-09-21,15:29,SWARAJENG,-0.7777
2026-09-21,15:29,SWIGGY,-2.8673
2026-09-21,15:29,SYNGENE,-4.595
2026-09-21,15:29,SYRMA,20.2569
2026-09-21,15:29,SYSTMTXC,24.9587
2026-09-21,15:29,TAALTECH,27.2938
2026-09-21,15:29,TALBROAUTO,6.3617
2026-09-21,15:29,TARC,-0.6194
2026-09-21,15:29,TARSONS,9.2859
2026-09-21,15:29,TASTYBITE,4.3006
2026-09-21,15:29,TATACHEM,3.1401
2026-09-21,15:29,TATACOMM,-1.2819
2026-09-21,15:29,TATAINVEST,-1.8958
2026-09-21,15:29,TATAPOWER,-3.5212
2026-09-21,15:29,TATASTEEL,-2.2127
2026-09-21,15:29,TATVA,2.4668
2026-09-21,15:29,TBOTEK,5.8352
2026-09-21,15:29,TBZ,132.1245
2026-09-21,15:29,TCPLPACK,23.2526
2026-09-21,15:29,TDPOWERSYS,18.5344
2026-09-21,15:29,TEAMLEASE,-2.9196
2026-09-21,15:29,TECHM,-4.6789
2026-09-21,15:29,TECHNOE,-5.0645
2026-09-21,15:29,TEGA,30.959
2026-09-21,15:29,TEJASNET,0.6622
2026-09-21,15:29,TEXINFRA,0.3961
2026-09-21,15:29,TEXRAIL,5.194
2026-09-21,15:29,TFCILTD,19.2203
2026-09-21,15:29,THEJO,-3.6917
2026-09-21,15:29,THELEELA,3.7548
2026-09-21,15:29,THEMISMED,12.1448
2026-09-21,15:29,THOMASCOOK,0.8643
2026-09-21,15:29,THYROCARE,-5.2714
2026-09-21,15:29,TI,18.0948
2026-09-21,15:29,TIIL,12.9905
2026-09-21,15:29,TIL,10.5946
2026-09-21,15:29,TIMEX,27.5661
2026-09-21,15:29,TIPSMUSIC,2.2701
2026-09-21,15:29,TIRUPATIFL,-1.4014
2026-09-21,15:29,TITAGARH,-0.7552
2026-09-21,15:29,TITAN,-1.3358
2026-09-21,15:29,TMB,1.1873
2026-09-21,15:29,TMCV,-1.898
2026-09-21,15:29,TNPETRO,29.0211
2026-09-21,15:29,TORNTPHARM,0.9342
2026-09-21,15:29,TRANSPEK,8.8878
2026-09-21,15:29,TREL,5.0394
2026-09-21,15:29,TRIVENI,2.3712
2026-09-21,15:29,TSFINV,4.1634
2026-09-21,15:29,TTKHLTCARE,-1.0601
2026-09-21,15:29,TURTLEMINT,17.2836
2026-09-21,15:29,TVSSCS,-0.7026
2026-09-21,15:29,TVSSRICHAK,15.8163
2026-09-21,15:29,UFLEX,34.2644
2026-09-21,15:29,UGARSUGAR,24
2026-09-21,15:29,ULTRAMAR,5.9038
2026-09-21,15:29,UNICHEMLAB,10.3931
2026-09-21,15:29,UNIECOM,-3.727
2026-09-21,15:29,UNIMECH,17.3982
2026-09-21,15:29,UNIONBANK,-3.0011
2026-09-21,15:29,UNIPARTS,4.9411
2026-09-21,15:29,UNITEDPOLY,59.5081
2026-09-21,15:29,UNIVASTU,11.9258
2026-09-21,15:29,UNIVCABLES,4.6981
2026-09-21,15:29,UNIVPHOTO,27.0193
2026-09-21,15:29,UNOMINDA,-4.4747
2026-09-21,15:29,UPL,-2.2862
2026-09-21,15:29,URBANCO,20.6345
2026-09-21,15:29,USHAMART,3.6598
2026-09-21,15:29,UTIAMC,3.1395
2026-09-21,15:29,UTLSOLAR,8.2318
2026-09-21,15:29,UTTAMSUGAR,1.2976
2026-09-21,15:29,V2RETAIL,-3.9145
2026-09-21,15:29,VADILALIND,2.8789
2026-09-21,15:29,VALIANTLAB,96.7487
2026-09-21,15:29,VALIANTORG,46.6031
2026-09-21,15:29,VARROC,7.5629
2026-09-21,15:29,VASCONEQ,-4.3401
2026-09-21,15:29,VBL,-3.8462
2026-09-21,15:29,VELJAN,16.4674
2026-09-21,15:29,VENKEYS,4.2519
2026-09-21,15:29,VENUSPIPES,39.1022
2026-09-21,15:29,VENUSREM,3.4075
2026-09-21,15:29,VGUARD,1.6581
2026-09-21,15:29,VHLTD,2.656
2026-09-21,15:29,VIDHIING,11.9375
2026-09-21,15:29,VIJAYA,15.1728
2026-09-21,15:29,VIKRAMSOLR,-0.359
2026-09-21,15:29,VINCOFE,18.949
2026-09-21,15:29,VINDHYATEL,27.2784
2026-09-21,15:29,VISAKAIND,-3.3428
2026-09-21,15:29,VISHNU,22.1446
2026-09-21,15:29,VIVIANA,2.347
2026-09-21,15:29,VMART,1.1822
2026-09-21,15:29,VOEPL,-2.2828
2026-09-21,15:29,VOGL,-2.9791
2026-09-21,15:29,VOLTAMP,8.3994
2026-09-21,15:29,VRLLOG,3.8742
2026-09-21,15:29,VSSL,20.1697
2026-09-21,15:29,VSTTILLERS,-4.3834
2026-09-21,15:29,WABAG,7.2432
2026-09-21,15:29,WAKEFIT,14.7934
2026-09-21,15:29,WCIL,8.0601
2026-09-21,15:29,WELCORP,50.1631
2026-09-21,15:29,WELENT,33.2484
2026-09-21,15:29,WELINV,27.8444
2026-09-21,15:29,WELSPLSOL,11.4577
2026-09-21,15:29,WELSPUNLIV,31.5559
2026-09-21,15:29,WENDT,6.0054
2026-09-21,15:29,WESTLIFE,-5.1694
2026-09-21,15:29,WHEELS,56.8287
2026-09-21,15:29,WINDLAS,27.9266
2026-09-21,15:29,WINDMACHIN,-2.5366
2026-09-21,15:29,WOCKPHARMA,8.2286
2026-09-21,15:29,WONDERLA,3.8122
2026-09-21,15:29,WPIL,2.4175
2026-09-21,15:29,WSTCSTPAPR,26.8987
2026-09-21,15:29,XPROINDIA,8.7641
2026-09-21,15:29,XTRANET,150.6644
2026-09-21,15:29,YASHO,-4.9823
2026-09-21,15:29,YATHARTH,29.2705
2026-09-21,15:29,YATRA,-3.1206
2026-09-21,15:29,YESBANK,2.1155
2026-09-21,15:29,YUKEN,40.7162
2026-09-21,15:29,ZENTEC,-1.9697
2026-09-21,15:29,ZFSTEERING,5.3619
2026-09-21,15:29,ZIMLAB,19.3517
2026-09-21,15:29,ZOTA,1.0277
2026-09-21,15:29,ZUARI,-2.0699
2026-09-21,15:29,ZUARIIND,5.1089
2026-09-21,15:29,ZYDUSLIFE,4.2003
2026-09-21,15:29,ZYDUSWELL,-0.6369
2026-09-22,15:29,20MICRONS,14.8093
2026-09-22,15:29,3BBLACKBIO,10.0193
2026-09-22,15:29,3IINFOLTD,-4.0545
2026-09-22,15:29,3MINDIA,-4.6797
2026-09-22,15:29,63MOONS,-2.2471
2026-09-22,15:29,AARTIDRUGS,0.7573
2026-09-22,15:29,AARTIIND,-0.909
2026-09-22,15:29,AARTIPHARM,7.3815
2026-09-22,15:29,ABBOTINDIA,-1.1258
2026-09-22,15:29,ABCAPITAL,-2.6364
2026-09-22,15:29,ABDL,3.7138
2026-09-22,15:29,ABSLAMC,1.5023
2026-09-22,15:29,ACCELYA,-2.1686
2026-09-22,15:29,ACE,11.5212
2026-09-22,15:29,ACMESOLAR,25.3827
2026-09-22,15:29,ACUTAAS,-2.081
2026-09-22,15:29,ADANIENT,-0.4319
2026-09-22,15:29,ADANIGREEN,-4.748
2026-09-22,15:29,ADANIPORTS,6.7817
2026-09-22,15:29,ADANIPOWER,-1.7517
2026-09-22,15:29,ADFFOODS,0.0761
2026-09-22,15:29,ADOR,5.0316
2026-09-22,15:29,ADVENZYMES,0.696
2026-09-22,15:29,AEGISLOG,6.8081
2026-09-22,15:29,AEGISVOPAK,8.9857
2026-09-22,15:29,AEQUS,-0.5161
2026-09-22,15:29,AEROENTER,-2.7614
2026-09-22,15:29,AEROFLEX,22.8045
2026-09-22,15:29,AETHER,2.8795
2026-09-22,15:29,AFCONS,-0.9511
2026-09-22,15:29,AFFLE,-0.138
2026-09-22,15:29,AFSL,-0.1193
2026-09-22,15:29,AGI,17.7527
2026-09-22,15:29,AHCL,99.7232
2026-09-22,15:29,AHLWEST,0
2026-09-22,15:29,AJANTPHARM,0.3736
2026-09-22,15:29,AJAXENGG,-0.2738
2026-09-22,15:29,AJMERA,-2.5764
2026-09-22,15:29,AKCAPIT,0.4891
2026-09-22,15:29,AKUMS,10.6561
2026-09-22,15:29,ALEMBICLTD,23.5149
2026-09-22,15:29,ALGOQUANT,8.2409
2026-09-22,15:29,ALICON,2.988
2026-09-22,15:29,ALIVUS,-0.0218
2026-09-22,15:29,ALKEM,-4.7691
2026-09-22,15:29,ALKYLAMINE,-2.7447
2026-09-22,15:29,ALLDIGI,-3.4101
2026-09-22,15:29,AMANTA,13.9225
2026-09-22,15:29,AMBER,-1.339
2026-09-22,15:29,AMBIKCO,-4.6188
2026-09-22,15:29,AMRUTANJAN,-5.1768
2026-09-22,15:29,ANANDRATHI,2.2285
2026-09-22,15:29,ANANTRAJ,0.9681
2026-09-22,15:29,ANDHRAPAP,17.0984
2026-09-22,15:29,ANDHRSUGAR,-4.6309
2026-09-22,15:29,ANGELONE,0.1018
2026-09-22,15:29,ANTELOPUS,40.1843
2026-09-22,15:29,ANTHEM,4.5369
2026-09-22,15:29,ANUHPHR,20.4019
2026-09-22,15:29,ANURAS,-1.5128
2026-09-22,15:29,APARINDS,10.8524
2026-09-22,15:29,APCOTEXIND,-2.1121
2026-09-22,15:29,APLAPOLLO,8.6634
2026-09-22,15:29,APLLTD,1.0585
2026-09-22,15:29,APOLLO,4.765
2026-09-22,15:29,APOLLOHOSP,-0.8584
2026-09-22,15:29,APOLLOPIPE,3.7161
2026-09-22,15:29,APTECHT,-3.1141
2026-09-22,15:29,APTUS,-4.4107
2026-09-22,15:29,ARFIN,2.4441
2026-09-22,15:29,ARIES,36.2964
2026-09-22,15:29,ARIHANTCAP,20.0554
2026-09-22,15:29,ARIS,2.6374
2026-09-22,15:29,ARKADE,-4.5637
2026-09-22,15:29,ARMANFIN,-0.4787
2026-09-22,15:29,ARROWGREEN,18.2248
2026-09-22,15:29,ARSSBL,-0.869
2026-09-22,15:29,ARTEMISMED,7.881
2026-09-22,15:29,ARVIND,-3.1054
2026-09-22,15:29,ASAHIINDIA,6.8945
2026-09-22,15:29,ASHIANA,0.5353
2026-09-22,15:29,ASHOKA,-5.1026
2026-09-22,15:29,ASIANENE,21.5793
2026-09-22,15:29,ASIANHOTNR,21.8285
2026-09-22,15:29,ASKAUTOLTD,1.1898
2026-09-22,15:29,ASTAR,19.0392
2026-09-22,15:29,ASTEC,28.011
2026-09-22,15:29,ASTRAL,-3.8553
2026-09-22,15:29,ATGL,-5.128
2026-09-22,15:29,ATHERENERG,5.2926
2026-09-22,15:29,ATL,-2.6779
2026-09-22,15:29,ATLANTAELE,3.5836
2026-09-22,15:29,AUBANK,-2.9588
2026-09-22,15:29,AUROPHARMA,3.1553
2026-09-22,15:29,AURUM,-3.991
2026-09-22,15:29,AVADHSUGAR,15.3834
2026-09-22,15:29,AVALON,28.3204
2026-09-22,15:29,AVL,0.4485
2026-09-22,15:29,AVTNPL,36.9096
2026-09-22,15:29,AWFIS,-1.1313
2026-09-22,15:29,AXISBANK,-0.3688
2026-09-22,15:29,AXISCADES,21.6298
2026-09-22,15:29,AYE,3.0853
2026-09-22,15:29,AYMSYNTEX,15.1208
2026-09-22,15:29,AZAD,8.8834
2026-09-22,15:29,BAFNAPH,18.1346
2026-09-22,15:29,BAJAJ-AUTO,-2.689
2026-09-22,15:29,BAJAJHCARE,1.7714
2026-09-22,15:29,BAJAJHFL,-2.2807
2026-09-22,15:29,BAJAJHIND,12.0995
2026-09-22,15:29,BAJAJHLDNG,-2.4932
2026-09-22,15:29,BALAJITELE,3.6271
2026-09-22,15:29,BALAMINES,4.5355
2026-09-22,15:29,BALMLAWRIE,-3.6762
2026-09-22,15:29,BALRAMCHIN,0.8852
2026-09-22,15:29,BALUFORGE,9.5512
2026-09-22,15:29,BANARISUG,-4.4376
2026-09-22,15:29,BANCOINDIA,-3.4821
2026-09-22,15:29,BANDHANBNK,6.998
2026-09-22,15:29,BANKINDIA,-2.8298
2026-09-22,15:29,BANSALWIRE,-2.2632
2026-09-22,15:29,BBL,-3.4399
2026-09-22,15:29,BBOX,6.9302
2026-09-22,15:29,BBTC,-3.2527
2026-09-22,15:29,BEEKAY,6.802
2026-09-22,15:29,BEL,-1.5952
2026-09-22,15:29,BELRISE,-3.1768
2026-09-22,15:29,BEML,11.2715
2026-09-22,15:29,BENGALASM,-1.3818
2026-09-22,15:29,BEPL,3.2424
2026-09-22,15:29,BGRENERGY,4.1058
2026-09-22,15:29,BHAGERIA,67.467
2026-09-22,15:29,BHAGYANGR,11.927
2026-09-22,15:29,BHARATCOAL,-5.1765
2026-09-22,15:29,BHARATFORG,-4.018
2026-09-22,15:29,BHARTIHEXA,1.8115
2026-09-22,15:29,BHEL,4.1076
2026-09-22,15:29,BIL,27.0024
2026-09-22,15:29,BIRLACABLE,40.5852
2026-09-22,15:29,BLACKBUCK,7.6436
2026-09-22,15:29,BLACKROSE,2.2389
2026-09-22,15:29,BLAL,-4.5005
2026-09-22,15:29,BLIL,-4.8863
2026-09-22,15:29,BLISSGVS,44.7687
2026-09-22,15:29,BLSE,4.3243
2026-09-22,15:29,BLUEJET,-0.8191
2026-09-22,15:29,BLUESTARCO,1.1273
2026-09-22,15:29,BLUESTONE,12.0761
2026-09-22,15:29,BLUSPRING,11.6679
2026-09-22,15:29,BODALCHEM,180.1336
2026-09-22,15:29,BOROLTD,9.347
2026-09-22,15:29,BOSCH-HCIL,0.6846
2026-09-22,15:29,BOSCHLTD,10.9987
2026-09-22,15:29,BPCL,-1.5385
2026-09-22,15:29,BRIGADE,1.4563
2026-09-22,15:29,BSHSL,-5.1396
2026-09-22,15:29,BUILDPRO,2.9532
2026-09-22,15:29,CAMPUS,-4.8273
2026-09-22,15:29,CANBK,-4.7287
2026-09-22,15:29,CANHLIFE,2.6842
2026-09-22,15:29,CANTABIL,2.4184
2026-09-22,15:29,CAPILLARY,4.8989
2026-09-22,15:29,CAPITALSFB,-2.8492
2026-09-22,15:29,CAPLIPOINT,5.8503
2026-09-22,15:29,CARBORUNIV,8.0553
2026-09-22,15:29,CARTRADE,5.2824
2026-09-22,15:29,CASTROLIND,1.127
2026-09-22,15:29,CDSL,1.1632
2026-09-22,15:29,CEIGALL,17.9487
2026-09-22,15:29,CEMPRO,4.1772
2026-09-22,15:29,CENTRALBK,1.1283
2026-09-22,15:29,CENTUM,25.8339
2026-09-22,15:29,CEWATER,1.143
2026-09-22,15:29,CGCL,14.9146
2026-09-22,15:29,CGPOWER,1.9454
2026-09-22,15:29,CHALET,4.211
2026-09-22,15:29,CHEMBONDCH,4.4567
2026-09-22,15:29,CHEMCON,18.691
2026-09-22,15:29,CHEMPLASTS,11.2561
2026-09-22,15:29,CHENNPETRO,12.249
2026-09-22,15:29,CHEVIOT,2.4151
2026-09-22,15:29,CIEINDIA,-4.6154
2026-09-22,15:29,CIFL,-3.0538
2026-09-22,15:29,CLEAN,3.6899
2026-09-22,15:29,CLEANMAX,5.8437
2026-09-22,15:29,CLSEL,5.199
2026-09-22,15:29,CMRGREEN,3.7149
2026-09-22,15:29,COALINDIA,4.1363
2026-09-22,15:29,COFFEEDAY,-1.5449
2026-09-22,15:29,COFORGE,-0.3867
2026-09-22,15:29,COHANCE,1.2864
2026-09-22,15:29,COMSYN,11.9764
2026-09-22,15:29,CONCORDBIO,7.9915
2026-09-22,15:29,CONFIPET,4.8586
2026-09-22,15:29,CONSOFINVT,6.6039
2026-09-22,15:29,CONTROLPR,1.5951
2026-09-22,15:29,CORDELIA,33.3571
2026-09-22,15:29,CORONA,4.8143
2026-09-22,15:29,CPPLUS,-3.0626
2026-09-22,15:29,CRAFTSMAN,3.1072
2026-09-22,15:29,CREST,-0.4244
2026-09-22,15:29,CRISIL,-1.6309
2026-09-22,15:29,CRIZAC,-5.1388
2026-09-22,15:29,CSBBANK,3.0298
2026-09-22,15:29,CSLFINANCE,-0.766
2026-09-22,15:29,CSM,-0.3318
2026-09-22,15:29,CUB,4.9857
2026-09-22,15:29,CUPID,-1.7167
2026-09-22,15:29,CYIENT,26.1988
2026-09-22,15:29,CYIENTDLM,32.6392
2026-09-22,15:29,DATAPATTNS,1.2461
2026-09-22,15:29,DBL,-4.4382
2026-09-22,15:29,DBOL,-1.628
2026-09-22,15:29,DCBBANK,16.6195
2026-09-22,15:29,DCMSHRIRAM,-3.6122
2026-09-22,15:29,DCW,2.3444
2026-09-22,15:29,DECCANCE,0
2026-09-22,15:29,DECNGOLD,5.4117
2026-09-22,15:29,DEEDEV,10.4759
2026-09-22,15:29,DEEPINDS,17.5399
2026-09-22,15:29,DELTACORP,-3.2122
2026-09-22,15:29,DEN,-3.6684
2026-09-22,15:29,DEVYANI,8.1986
2026-09-22,15:29,DHAMPURSUG,2.948
2026-09-22,15:29,DHANUKA,-4.8351
2026-09-22,15:29,DHARMAJ,0.1957
2026-09-22,15:29,DHUNINV,1.7903
2026-09-22,15:29,DIACABS,2.871
2026-09-22,15:29,DICIND,25.5758
2026-09-22,15:29,DIFFNKG,11.642
2026-09-22,15:29,DISAQ,3.9498
2026-09-22,15:29,DIVGIITTS,5.9364
2026-09-22,15:29,DIVISLAB,12.6747
2026-09-22,15:29,DLF,1.4394
2026-09-22,15:29,DLINKINDIA,-3.1554
2026-09-22,15:29,DODLA,-0.3045
2026-09-22,15:29,DOLATALGO,-5.1489
2026-09-22,15:29,DOLLAR,-2.0467
2026-09-22,15:29,DOLPHIN,73.485
2026-09-22,15:29,DPABHUSHAN,-0.3324
2026-09-22,15:29,DRAGARWQ,-3.4624
2026-09-22,15:29,DRREDDY,4.5047
2026-09-22,15:29,DVL,0.0671
2026-09-22,15:29,DWARKESH,-1.4191
2026-09-22,15:29,DYCL,7.3076
2026-09-22,15:29,DYNAMATECH,12.2713
2026-09-22,15:29,E2E,0.3567
2026-09-22,15:29,EBGNG,24.5928
2026-09-22,15:29,ECLERX,9.1193
2026-09-22,15:29,EDELWEISS,19.2431
2026-09-22,15:29,EFCIL,-3.0503
2026-09-22,15:29,EIHAHOTELS,1.2881
2026-09-22,15:29,EIHOTEL,0.2474
2026-09-22,15:29,EIMCOELECO,25.318
2026-09-22,15:29,ELANTAS,22.6801
2026-09-22,15:29,ELDEHSG,4.0416
2026-09-22,15:29,ELECON,-3.9292
2026-09-22,15:29,ELECTCAST,-1.8715
2026-09-22,15:29,ELGIEQUIP,4.5318
2026-09-22,15:29,ELPROINTL,-1.8743
2026-09-22,15:29,EMAMILTD,-4.7619
2026-09-22,15:29,EMAMIPAP,2.3655
2026-09-22,15:29,EMCURE,-1.0124
2026-09-22,15:29,EMIL,6.5498
2026-09-22,15:29,EMKAY,10.4962
2026-09-22,15:29,EMMVEE,4.9259
2026-09-22,15:29,EMUDHRA,22.5
2026-09-22,15:29,ENGINERSIN,22.0156
2026-09-22,15:29,ENTERO,40.0502
2026-09-22,15:29,EPACKPEB,-0.3622
2026-09-22,15:29,EPIGRAL,-2.2812
2026-09-22,15:29,EPL,3.3496
2026-09-22,15:29,EQUITASBNK,-3.4177
2026-09-22,15:29,ESABINDIA,-1.5924
2026-09-22,15:29,ESAFSFB,-0.9787
2026-09-22,15:29,ETERNAL,10.2337
2026-09-22,15:29,EXCELSOFT,6.6555
2026-09-22,15:29,EXICOM,5.3648
2026-09-22,15:29,EXPLEOSOL,4.991
2026-09-22,15:29,FABTECH,-0.2713
2026-09-22,15:29,FACT,-4.3429
2026-09-22,15:29,FCL,35.0035
2026-09-22,15:29,FDC,-1.0684
2026-09-22,15:29,FEDDERSHOL,50.2435
2026-09-22,15:29,FEDFINA,1.4943
2026-09-22,15:29,FILATEX,19.2144
2026-09-22,15:29,FINCABLES,38.7552
2026-09-22,15:29,FINEORG,2.6194
2026-09-22,15:29,FINKURVE,16.4433
2026-09-22,15:29,FINPIPE,-5.2005
2026-09-22,15:29,FIVESTAR,-3.9704
2026-09-22,15:29,FLAIR,-4.0024
2026-09-22,15:29,FLUOROCHEM,0.0714
2026-09-22,15:29,FORTIS,-5.142
2026-09-22,15:29,FOSECOIND,17.7885
2026-09-22,15:29,FSL,-3.6468
2026-09-22,15:29,GABRIEL,0.1089
2026-09-22,15:29,GAIL,-0.3826
2026-09-22,15:29,GALAPREC,6.1184
2026-09-22,15:29,GALAXYSURF,4.9501
2026-09-22,15:29,GANDHAR,13.6095
2026-09-22,15:29,GANDHITUBE,13.7286
2026-09-22,15:29,GANECOS,-3.7687
2026-09-22,15:29,GANESHBE,4.0379
2026-09-22,15:29,GANESHCP,3.1006
2026-09-22,15:29,GANESHHOU,-4.6522
2026-09-22,15:29,GARFIBRES,0.1376
2026-09-22,15:29,GAYAPROJ,19.596
2026-09-22,15:29,GCSL,23.5527
2026-09-22,15:29,GEECEE,0.5243
2026-09-22,15:29,GENESYS,26.8856
2026-09-22,15:29,GENUSPOWER,1.459
2026-09-22,15:29,GEOJITFSL,3.8372
2026-09-22,15:29,GESHIP,9.9579
2026-09-22,15:29,GFLLIMITED,16.5098
2026-09-22,15:29,GHCL,-3.257
2026-09-22,15:29,GHCLTEXTIL,10.8059
2026-09-22,15:29,GICRE,-3.288
2026-09-22,15:29,GIPCL,13.4705
2026-09-22,15:29,GKENERGY,-4.2706
2026-09-22,15:29,GKSL,31.0074
2026-09-22,15:29,GLAND,9.3465
2026-09-22,15:29,GLAXO,10.4806
2026-09-22,15:29,GLENMARK,9.3324
2026-09-22,15:29,GLOBAL,30.1604
2026-09-22,15:29,GMBREW,5.2103
2026-09-22,15:29,GMMPFAUDLR,47.1719
2026-09-22,15:29,GMRP&UI,-1.2645
2026-09-22,15:29,GNA,4.2603
2026-09-22,15:29,GNFC,10.0349
2026-09-22,15:29,GNRL,-3.7928
2026-09-22,15:29,GOCLCORP,-4.0051
2026-09-22,15:29,GODAVARIB,1.3744
2026-09-22,15:29,GODREJAGRO,17.5973
2026-09-22,15:29,GOKULAGRO,-2.6028
2026-09-22,15:29,GOODLUCK,9.0937
2026-09-22,15:29,GPIL,-1.7963
2026-09-22,15:29,GPPL,9.3297
2026-09-22,15:29,GPTHEALTH,3.5955
2026-09-22,15:29,GPTINFRA,2.9089
2026-09-22,15:29,GRANULES,1.0407
2026-09-22,15:29,GRAPHITE,14.5041
2026-09-22,15:29,GRAUWEIL,23.1361
2026-09-22,15:29,GREAVESCOT,2.3529
2026-09-22,15:29,GREENPLY,4.9346
2026-09-22,15:29,GROWW,-2.1517
2026-09-22,15:29,GRPLTD,0.9235
2026-09-22,15:29,GUFICBIO,2.1132
2026-09-22,15:29,GUJTHEM,11.9984
2026-09-22,15:29,GVT&D,0.4157
2026-09-22,15:29,GYFTR,5.7023
2026-09-22,15:29,HAL,-2.5974
2026-09-22,15:29,HALDYNGL,9.4407
2026-09-22,15:29,HAPPYFORGE,9.4756
2026-09-22,15:29,HARSHA,7.5127
2026-09-22,15:29,HATSUN,22.5732
2026-09-22,15:29,HAWKINCOOK,-4.4497
2026-09-22,15:29,HBLENGINE,10.4528
2026-09-22,15:29,HCC,7.3835
2026-09-22,15:29,HCG,-0.3563
2026-09-22,15:29,HDBFS,-0.2735
2026-09-22,15:29,HDFCAMC,-5.0781
2026-09-22,15:29,HDFCBANK,1.0397
2026-09-22,15:29,HDFCLIFE,3.5556
2026-09-22,15:29,HEALTHX,-4.5515
2026-09-22,15:29,HEG,10.6067
2026-09-22,15:29,HERITGFOOD,14.5422
2026-09-22,15:29,HEXAGON,1.5608
2026-09-22,15:29,HEXATRADEX,-0.2575
2026-09-22,15:29,HFCL,3.7987
2026-09-22,15:29,HIKAL,1.0146
2026-09-22,15:29,HINDCOPPER,-3.4299
2026-09-22,15:29,HINDOILEXP,6.7078
2026-09-22,15:29,HINDZINC,-0.7813
2026-09-22,15:29,HIRECT,-3.9289
2026-09-22,15:29,HITECHCORP,2.0898
2026-09-22,15:29,HITECHGEAR,-5.2328
2026-09-22,15:29,HMAAGRO,7.3789
2026-09-22,15:29,HMT,6.5397
2026-09-22,15:29,HNDFDS,6.2415
2026-09-22,15:29,HOMEFIRST,2.6151
2026-09-22,15:29,HONASA,-0.7231
2026-09-22,15:29,HUBTOWN,-1.7511
2026-09-22,15:29,IBULLSLTD,2.4653
2026-09-22,15:29,ICICIAMC,3.176
2026-09-22,15:29,ICICIPRULI,-2.6213
2026-09-22,15:29,ICIL,5.6235
2026-09-22,15:29,IDBI,-0.1446
2026-09-22,15:29,IDFCFIRSTB,0.3173
2026-09-22,15:29,IFCI,-0.1052
2026-09-22,15:29,IGL,-3.5951
2026-09-22,15:29,IGPL,16.7426
2026-09-22,15:29,IIFL,-1.3341
2026-09-22,15:29,IIFLCAPS,3.3393
2026-09-22,15:29,IKIO,4.1829
2026-09-22,15:29,IKS,8.1212
2026-09-22,15:29,IL&FSENGG,19.4648
2026-09-22,15:29,IMAGICAA,6.721
2026-09-22,15:29,IMPAL,-1.1131
2026-09-22,15:29,INDGN,4.1055
2026-09-22,15:29,INDHOTEL,1.0361
2026-09-22,15:29,INDIAGLYCO,16.8879
2026-09-22,15:29,INDIANB,-4.903
2026-09-22,15:29,INDIASHLTR,3.0423
2026-09-22,15:29,INDIGOPNTS,0.0701
2026-09-22,15:29,INDIQUBE,1.3152
2026-09-22,15:29,INDNIPPON,10.024
2026-09-22,15:29,INDOAMIN,2.6969
2026-09-22,15:29,INDOBORAX,7.9278
2026-09-22,15:29,INDOCO,14.9496
2026-09-22,15:29,INDOMIM,48.5725
2026-09-22,15:29,INDORAMA,83.6022
2026-09-22,15:29,INDOSTAR,-4.3453
2026-09-22,15:29,INDPRUD,-2.7291
2026-09-22,15:29,INDSWFTLAB,70.945
2026-09-22,15:29,INDUSTOWER,3.8315
2026-09-22,15:29,INGERRAND,-2.9308
2026-09-22,15:29,INNOVACAP,26.9744
2026-09-22,15:29,INOXGREEN,-4.7722
2026-09-22,15:29,INOXINDIA,7.5399
2026-09-22,15:29,INOXWIND,5.9864
2026-09-22,15:29,INTERARCH,0.2711
2026-09-22,15:29,INVPRECQ,22.6206
2026-09-22,15:29,IOC,-2.9577
2026-09-22,15:29,IOLCP,21.6993
2026-09-22,15:29,IONEXCHANG,11.4482
2026-09-22,15:29,IPCALAB,18.1872
2026-09-22,15:29,IRIS,-0.7431
2026-09-22,15:29,IRISDOREME,18.7735
2026-09-22,15:29,ISGEC,4.1112
2026-09-22,15:29,ITDC,1.4446
2026-09-22,15:29,IZMO,-4.7008
2026-09-22,15:29,JAGRAN,-1.0146
2026-09-22,15:29,JAGSNPHARM,-3.1292
2026-09-22,15:29,JAINREC,-3.6553
2026-09-22,15:29,JAMNAAUTO,-0.3504
2026-09-22,15:29,JARO,0.7881
2026-09-22,15:29,JASH,15.4606
2026-09-22,15:29,JAYAGROGN,7.57
2026-09-22,15:29,JAYKAY,24.2623
2026-09-22,15:29,JAYNECOIND,-1.3225
2026-09-22,15:29,JGCHEM,-1.9045
2026-09-22,15:29,JINDALPHOT,3.5192
2026-09-22,15:29,JINDALPOLY,14.8608
2026-09-22,15:29,JINDALSAW,2.6519
2026-09-22,15:29,JINDALSTEL,1.4222
2026-09-22,15:29,JINDRILL,-2.3026
2026-09-22,15:29,JINDWORLD,40.1503
2026-09-22,15:29,JISLJALEQS,2.2262
2026-09-22,15:29,JKIL,-4.1412
2026-09-22,15:29,JKPAPER,6.0351
2026-09-22,15:29,JMFINANCIL,-0.7075
2026-09-22,15:29,JNKINDIA,0.1452
2026-09-22,15:29,JNPR,12.3516
2026-09-22,15:29,JSFB,-1.1209
2026-09-22,15:29,JSL,1.4603
2026-09-22,15:29,JSLL,-4.5467
2026-09-22,15:29,JSWDULUX,2.6773
2026-09-22,15:29,JSWINFRA,7.4854
2026-09-22,15:29,JSWSTEEL,-2.6882
2026-09-22,15:29,JTLIND,15.0355
2026-09-22,15:29,JUBLCPL,17.7946
2026-09-22,15:29,JUBLFOOD,-0.7879
2026-09-22,15:29,JUBLPHARMA,11.234
2026-09-22,15:29,JUNIPER,13.5981
2026-09-22,15:29,JUSTDIAL,-0.7199
2026-09-22,15:29,JYOTICNC,35.3092
2026-09-22,15:29,KABRAEXTRU,30.4454
2026-09-22,15:29,KAJARIACER,-0.0928
2026-09-22,15:29,KALYANKJIL,-2.8571
2026-09-22,15:29,KAMATHOTEL,41.7255
2026-09-22,15:29,KAMDHENU,17.9596
2026-09-22,15:29,KANORICHEM,12.6127
2026-09-22,15:29,KANPRPLA,29.8812
2026-09-22,15:29,KAPSTON,0.795
2026-09-22,15:29,KARURVYSYA,-3.3364
2026-09-22,15:29,KAYA,22.1701
2026-09-22,15:29,KCP,3.4709
2026-09-22,15:29,KDDL,3.5794
2026-09-22,15:29,KENNAMET,31.0178
2026-09-22,15:29,KFINTECH,-3.2849
2026-09-22,15:29,KILITCH,9.8179
2026-09-22,15:29,KIMS,-3.6242
2026-09-22,15:29,KINGFA,9.711
2026-09-22,15:29,KIRANVYPAR,11.0158
2026-09-22,15:29,KIRIINDUS,25.7854
2026-09-22,15:29,KIRLFER,9.1561
2026-09-22,15:29,KIRLOSENG,1.586
2026-09-22,15:29,KIRLOSIND,-2.7655
2026-09-22,15:29,KIRLPNU,-4.9105
2026-09-22,15:29,KISSHT,20.1192
2026-09-22,15:29,KLBRENG-B,37.3612
2026-09-22,15:29,KMEW,14.6295
2026-09-22,15:29,KNAGRI,0.5522
2026-09-22,15:29,KOPRAN,55.5568
2026-09-22,15:29,KOTAKBANK,4.8666
2026-09-22,15:29,KOTIC,-3.0109
2026-09-22,15:29,KOVAI,-0.1379
2026-09-22,15:29,KPIL,6.4391
2026-09-22,15:29,KPL,19.7409
2026-09-22,15:29,KPRMILL,3.2044
2026-09-22,15:29,KRBL,4.2792
2026-09-22,15:29,KRISHANA,3.2745
2026-09-22,15:29,KRN,15.7942
2026-09-22,15:29,KRONOX,8.6817
2026-09-22,15:29,KROSS,24.2988
2026-09-22,15:29,KRSNAA,-1.7178
2026-09-22,15:29,KRYSTAL,6.0161
2026-09-22,15:29,KSB,2.0214
2026-09-22,15:29,KSHINTL,15.5841
2026-09-22,15:29,KSL,14.882
2026-09-22,15:29,KTKBANK,8.5995
2026-09-22,15:29,KUANTUM,-1.5529
2026-09-22,15:29,KUSUMGAR,-3.2807
2026-09-22,15:29,KWIL,21.534
2026-09-22,15:29,LALPATHLAB,-2.262
2026-09-22,15:29,LAURUSLABS,8.2255
2026-09-22,15:29,LCL,11.7573
2026-09-22,15:29,LEMONTREE,-0.3984
2026-09-22,15:29,LENSKART,17.9647
2026-09-22,15:29,LGBBROSLTD,11.5107
2026-09-22,15:29,LGEINDIA,6.798
2026-09-22,15:29,LICHSGFIN,13
2026-09-22,15:29,LICI,2.9389
2026-09-22,15:29,LIKHITHA,0.5957
2026-09-22,15:29,LINCOLN,-0.042
2026-09-22,15:29,LMW,-3.1642
2026-09-22,15:29,LOKESHMACH,-4.0142
2026-09-22,15:29,LOTUSDEV,21.1284
2026-09-22,15:29,LTF,-2.5412
2026-09-22,15:29,LTFOODS,-0.3312
2026-09-22,15:29,LUMAXIND,3.3684
2026-09-22,15:29,LUMAXTECH,21.7581
2026-09-22,15:29,LXCHEM,0.0225
2026-09-22,15:29,MACPOWER,14.9208
2026-09-22,15:29,MAHABANK,4.4625
2026-09-22,15:29,MAHASTEEL,7.8716
2026-09-22,15:29,MAHLOG,-2.6863
2026-09-22,15:29,MAHSCOOTER,-2.768
2026-09-22,15:29,MAHSEAMLES,14.724
2026-09-22,15:29,MAITHANALL,1.8633
2026-09-22,15:29,MAMATA,-5.114
2026-09-22,15:29,MANAKCOAT,16.0108
2026-09-22,15:29,MANAKSTEEL,32.9326
2026-09-22,15:29,MANALIPETC,31.8881
2026-09-22,15:29,MANBA,3.2314
2026-09-22,15:29,MANGLMCEM,11.6251
2026-09-22,15:29,MANINDS,54.6679
2026-09-22,15:29,MANINFRA,9.1517
2026-09-22,15:29,MANIPALHOS,8.7055
2026-09-22,15:29,MANKIND,1.7227
2026-09-22,15:29,MANORAMA,14.1577
2026-09-22,15:29,MANYAVAR,1.9908
2026-09-22,15:29,MARATHON,9.904
2026-09-22,15:29,MARICO,-3.8796
2026-09-22,15:29,MARINE,15.8525
2026-09-22,15:29,MARKSANS,22.6561
2026-09-22,15:29,MARSONS,23.6153
2026-09-22,15:29,MASFIN,-3.7585
2026-09-22,15:29,MASTERTR,7.2572
2026-09-22,15:29,MATRIMONY,14.656
2026-09-22,15:29,MAXESTATES,41.1911
2026-09-22,15:29,MAXHEALTH,-1.1693
2026-09-22,15:29,MAZDA,3.5358
2026-09-22,15:29,MBAPL,0.7541
2026-09-22,15:29,MBECL,11913.6873
2026-09-22,15:29,MBEL,-3.1565
2026-09-22,15:29,MCCHRLS-B,-2.8631
2026-09-22,15:29,MCX,18.2401
2026-09-22,15:29,MEDANTA,0.7858
2026-09-22,15:29,MEDPLUS,-4.4805
2026-09-22,15:29,MEESHO,25.112
2026-09-22,15:29,MEIL,-0.6762
2026-09-22,15:29,MENONBE,24.3967
2026-09-22,15:29,MERCURYEV,15.4046
2026-09-22,15:29,METROBRAND,-4.8491
2026-09-22,15:29,METROPOLIS,3.4489
2026-09-22,15:29,MFSL,2.6213
2026-09-22,15:29,MGL,-5.0107
2026-09-22,15:29,MIDHANI,-4.3648
2026-09-22,15:29,MMP,34.2354
2026-09-22,15:29,MOBIKWIK,1.1322
2026-09-22,15:29,MODISONLTD,59.8941
2026-09-22,15:29,MOL,5.2406
2026-09-22,15:29,MOLDTECH,1.2234
2026-09-22,15:29,MONTECARLO,3.6982
2026-09-22,15:29,MOREPENLAB,50.379
2026-09-22,15:29,MOSCHIP,1.4431
2026-09-22,15:29,MOTHERSON,-3.7026
2026-09-22,15:29,MOTILALOFS,14.1723
2026-09-22,15:29,MRPL,0.9082
2026-09-22,15:29,MSTCLTD,28.2868
2026-09-22,15:29,MTARTECH,3.4006
2026-09-22,15:29,MUFIN,-3.7013
2026-09-22,15:29,MUKANDLTD,0.1913
2026-09-22,15:29,MUKKA,13.9942
2026-09-22,15:29,MUNJALAU,2.6344
2026-09-22,15:29,MUNJALSHOW,-2.057
2026-09-22,15:29,MUTHOOTFIN,-2.5637
2026-09-22,15:29,MVELECTRO,42.7049
2026-09-22,15:29,MVGJL,23.6146
2026-09-22,15:29,NAHARINDUS,0.9736
2026-09-22,15:29,NAM-INDIA,-1.2777
2026-09-22,15:29,NAUKRI,1.7161
2026-09-22,15:29,NAVA,-4.5482
2026-09-22,15:29,NAVINFLUOR,2.9464
2026-09-22,15:29,NAZARA,4.4993
2026-09-22,15:29,NCLIND,0.8215
2026-09-22,15:29,NDTV,-5.0302
2026-09-22,15:29,NELCO,0.4119
2026-09-22,15:29,NEOGEN,8.9976
2026-09-22,15:29,NEPHROPLUS,7.4172
2026-09-22,15:29,NESCO,2.2575
2026-09-22,15:29,NETWEB,-1.754
2026-09-22,15:29,NEULANDLAB,1.5034
2026-09-22,15:29,NH,2.6545
2026-09-22,15:29,NHPC,-1.5414
2026-09-22,15:29,NIACL,4.3718
2026-09-22,15:29,NIBE,-2.115
2026-09-22,15:29,NILKAMAL,7.711
2026-09-22,15:29,NINSYS,-4.003
2026-09-22,15:29,NIRLON,-5.03
2026-09-22,15:29,NITCO,-5.1801
2026-09-22,15:29,NITINSPIN,8.8859
2026-09-22,15:29,NITTAGELA,1.0941
2026-09-22,15:29,NOCIL,16.0601
2026-09-22,15:29,NORTHARC,10.7061
2026-09-22,15:29,NOVARTIND,22.7635
2026-09-22,15:29,NPST,20.6978
2026-09-22,15:29,NRAIL,23.5623
2026-09-22,15:29,NRBBEARING,8.8343
2026-09-22,15:29,NRL,37.6717
2026-09-22,15:29,NSIL,-3.2744
2026-09-22,15:29,NSLNISP,-4.8355
2026-09-22,15:29,NTPC,-3.7157
2026-09-22,15:29,NTPCGREEN,1.5564
2026-09-22,15:29,NUCLEUS,-2.0001
2026-09-22,15:29,NUVAMA,2.4517
2026-09-22,15:29,NUVOCO,0.2812
2026-09-22,15:29,NYKAA,3.0429
2026-09-22,15:29,OAL,47.1918
2026-09-22,15:29,OBEROIRLTY,2.9336
2026-09-22,15:29,OCCLLTD,-3.1052
2026-09-22,15:29,OIL,3.0905
2026-09-22,15:29,OLAELEC,-3.8677
2026-09-22,15:29,OMAXE,37.2203
2026-09-22,15:29,OMNI,1.7455
2026-09-22,15:29,OMPOWER,0.1058
2026-09-22,15:29,ONEPOINT,7.4647
2026-09-22,15:29,ONESOURCE,0.7934
2026-09-22,15:29,ONGC,-1.5469
2026-09-22,15:29,ONWARDTEC,0.6497
2026-09-22,15:29,OPTIEMUS,26.7931
2026-09-22,15:29,ORCHPHARMA,2.5993
2026-09-22,15:29,ORICONENT,4.6725
2026-09-22,15:29,ORIENTBELL,20.4538
2026-09-22,15:29,ORIENTCER,12.4152
2026-09-22,15:29,ORIENTHOT,13.2889
2026-09-22,15:29,ORKLAINDIA,0.2554
2026-09-22,15:29,PAGEIND,-3.9058
2026-09-22,15:29,PAISALO,33.5859
2026-09-22,15:29,PANACHE,5.8469
2026-09-22,15:29,PARADEEP,2.8692
2026-09-22,15:29,PARAGMILK,27.0693
2026-09-22,15:29,PARAS,8.5207
2026-09-22,15:29,PARKHOSPS,-1.4007
2026-09-22,15:29,PASHUPATI,-4.2502
2026-09-22,15:29,PASUPTAC,17.0063
2026-09-22,15:29,PATANJALI,13.8028
2026-09-22,15:29,PAUSHAKLTD,0.8271
2026-09-22,15:29,PAYTM,14.5382
2026-09-22,15:29,PCBL,7.5294
2026-09-22,15:29,PDMJEPAPER,-0.4601
2026-09-22,15:29,PENIND,7.8333
2026-09-22,15:29,PERSISTENT,-1.973
2026-09-22,15:29,PETRONET,0.625
2026-09-22,15:29,PFOCUS,26.2851
2026-09-22,15:29,PGIL,-1.6098
2026-09-22,15:29,PHOENIXLTD,0.9509
2026-09-22,15:29,PINELABS,22.0082
2026-09-22,15:29,PITTIENG,16.3073
2026-09-22,15:29,PNB,3.0837
2026-09-22,15:29,PNBHOUSING,-2.0621
2026-09-22,15:29,PNGSREVA,-0.7853
2026-09-22,15:29,POCL,-2.1314
2026-09-22,15:29,POLICYBZR,10.7362
2026-09-22,15:29,POLYMED,-4.1413
2026-09-22,15:29,POONAWALLA,-1.0069
2026-09-22,15:29,POWERGRID,-1.5365
2026-09-22,15:29,POWERICA,4.2012
2026-09-22,15:29,POWERMECH,-3.4577
2026-09-22,15:29,PPL,4.8514
2026-09-22,15:29,PPLPHARMA,-1.6338
2026-09-22,15:29,PRABHA,49.6065
2026-09-22,15:29,PRADPME,-4.0673
2026-09-22,15:29,PRAJIND,-3.0826
2026-09-22,15:29,PRECWIRE,13.3395
2026-09-22,15:29,PREMEXPLN,3.8666
2026-09-22,15:29,PREMIERPOL,14.8405
2026-09-22,15:29,PRICOLLTD,4.8171
2026-09-22,15:29,PRIMESECU,-3.9232
2026-09-22,15:29,PRINCEPIPE,-2.4637
2026-09-22,15:29,PRIVISCL,-2.6988
2026-09-22,15:29,PROTEAN,9.4814
2026-09-22,15:29,PROZONER,21.6348
2026-09-22,15:29,PRSMJOHNSN,6.4954
2026-09-22,15:29,PRUDENT,0.7101
2026-09-22,15:29,PTCIL,14.2488
2026-09-22,15:29,PTL,-2.2432
2026-09-22,15:29,PUNJABCHEM,-4.1359
2026-09-22,15:29,PURVA,1.656
2026-09-22,15:29,PVP,88.4915
2026-09-22,15:29,PVRINOX,16.6783
2026-09-22,15:29,PWL,6.9244
2026-09-22,15:29,QPOWER,26.3746
2026-09-22,15:29,QUADFUTURE,41.2465
2026-09-22,15:29,QUESS,11.3359
2026-09-22,15:29,QUICKHEAL,0.7607
2026-09-22,15:29,RACLGEAR,26.6936
2026-09-22,15:29,RADHIKAJWE,5.1596
2026-09-22,15:29,RADICO,-2.2242
2026-09-22,15:29,RAIN,7.3125
2026-09-22,15:29,RAJOOENG,5.4563
2026-09-22,15:29,RAMBHAJO,46.5188
2026-09-22,15:29,RAMRAT,22.9249
2026-09-22,15:29,RATNAMANI,22.5904
2026-09-22,15:29,RATNAVEER,59.8441
2026-09-22,15:29,RAYMOND,78.1419
2026-09-22,15:29,RAYMONDREL,-2.891
2026-09-22,15:29,RBA,3.7792
2026-09-22,15:29,RBLBANK,8.2353
2026-09-22,15:29,RBZJEWEL,16.7531
2026-09-22,15:29,REDINGTON,16.1806
2026-09-22,15:29,REFEX,-1.9211
2026-09-22,15:29,REGAAL,16.3913
2026-09-22,15:29,RELIGARE,8.5235
2026-09-22,15:29,RENUKA,1.6934
2026-09-22,15:29,RGL,34.2639
2026-09-22,15:29,RISHABH,9.622
2026-09-22,15:29,RKFORGE,-2.7099
2026-09-22,15:29,RMDRIP,33.5586
2026-09-22,15:29,RML,27.7146
2026-09-22,15:29,ROLEXRINGS,11.104
2026-09-22,15:29,ROSSTECH,36.5098
2026-09-22,15:29,RPEL,32.6153
2026-09-22,15:29,RPGLIFE,4.1281
2026-09-22,15:29,RPTECH,-1.4665
2026-09-22,15:29,RSL,20.874
2026-09-22,15:29,RSWM,10.5694
2026-09-22,15:29,RSYSTEMS,-2.2853
2026-09-22,15:29,RUBICON,4.6921
2026-09-22,15:29,RUBYMILLS,22.7024
2026-09-22,15:29,RUSTOMJEE,-1.6502
2026-09-22,15:29,SAATVIKGL,6.6484
2026-09-22,15:29,SAFARI,-0.3392
2026-09-22,15:29,SAGILITY,4.5142
2026-09-22,15:29,SAIL,0.9046
2026-09-22,15:29,SAILIFE,12.2213
2026-09-22,15:29,SAKAR,31.3439
2026-09-22,15:29,SALSTEEL,37.231
2026-09-22,15:29,SALZERELEC,-4.3954
2026-09-22,15:29,SAMBHV,24.5716
2026-09-22,15:29,SANATHAN,-2.1996
2026-09-22,15:29,SANGAMIND,-2.9078
2026-09-22,15:29,SANSERA,20.3048
2026-09-22,15:29,SANSTAR,-0.3098
2026-09-22,15:29,SAPPHIRE,7.5333
2026-09-22,15:29,SARDAEN,0.5694
2026-09-22,15:29,SAREGAMA,-5.0373
2026-09-22,15:29,SARLAPOLY,-0.0403
2026-09-22,15:29,SATIA,8.2023
2026-09-22,15:29,SATIN,-1.6263
2026-09-22,15:29,SAYAJIHOTL,-5.0085
2026-09-22,15:29,SBC,19.781
2026-09-22,15:29,SBCL,1.9773
2026-09-22,15:29,SBFC,-3.8191
2026-09-22,15:29,SBICARD,-3.0611
2026-09-22,15:29,SBIFUNDS,-4.3196
2026-09-22,15:29,SCHAEFFLER,-0.2215
2026-09-22,15:29,SCI,-4.6957
2026-09-22,15:29,SCPL,4.4587
2026-09-22,15:29,SEAMECLTD,13.0982
2026-09-22,15:29,SEDEMAC,4.3324
2026-09-22,15:29,SEIL,-5.2153
2026-09-22,15:29,SENORES,-2.9743
2026-09-22,15:29,SESHAPAPER,5.9556
2026-09-22,15:29,SETL,41.8678
2026-09-22,15:29,SFL,-3.7205
2026-09-22,15:29,SGIL,3.0587
2026-09-22,15:29,SGMART,0.9652
2026-09-22,15:29,SHADOWFAX,14.3452
2026-09-22,15:29,SHANTIGEAR,68.6991
2026-09-22,15:29,SHANTIGOLD,13.2201
2026-09-22,15:29,SHARDAMOTR,3.1443
2026-09-22,15:29,SHAREINDIA,33.0315
2026-09-22,15:29,SHILPAMED,27.9364
2026-09-22,15:29,SHINDL,-0.4715
2026-09-22,15:29,SHIVALIK,63.4517
2026-09-22,15:29,SHIVAUM,20.2826
2026-09-22,15:29,SHREEJISPG,8.5565
2026-09-22,15:29,SHREEPUSHK,22.9582
2026-09-22,15:29,SHREERAMA,15.2466
2026-09-22,15:29,SHRIPISTON,2.3126
2026-09-22,15:29,SHYAMMETL,9.0719
2026-09-22,15:29,SIEMENS,-1.4383
2026-09-22,15:29,SIGACHI,20.4644
2026-09-22,15:29,SIGMAADV,34.6687
2026-09-22,15:29,SIGNPOST,-0.2428
2026-09-22,15:29,SIKA,-0.5241
2026-09-22,15:29,SIMPLEXINF,-1.6312
2026-09-22,15:29,SINDHUTRAD,-1.4712
2026-09-22,15:29,SIS,-0.7722
2026-09-22,15:29,SJS,-2.5801
2026-09-22,15:29,SKFINDIA,-1.958
2026-09-22,15:29,SKFINDUS,1.828
2026-09-22,15:29,SKIPPER,6.1531
2026-09-22,15:29,SKYGOLD,2.9438
2026-09-22,15:29,SMARTWORKS,12.8657
2026-09-22,15:29,SMCGLOBAL,3.8292
2026-09-22,15:29,SMLMAH,28.5537
2026-09-22,15:29,SMSPHARMA,29.9677
2026-09-22,15:29,SOFTTECH,17.7896
2026-09-22,15:29,SOLARA,44.7977
2026-09-22,15:29,SOLARINDS,5.6854
2026-09-22,15:29,SOMANYCERA,19.0452
2026-09-22,15:29,SONACOMS,-0.4308
2026-09-22,15:29,SOTL,4.8263
2026-09-22,15:29,SOUTHBANK,-1.6739
2026-09-22,15:29,SPARC,-4.5424
2026-09-22,15:29,SPECIALITY,-0.4129
2026-09-22,15:29,SPECTRUM,32.1832
2026-09-22,15:29,SPIC,-2.4934
2026-09-22,15:29,SPLPETRO,24.6486
2026-09-22,15:29,SPORTKING,2.1673
2026-09-22,15:29,SREEL,26.5256
2026-09-22,15:29,SRF,-2.7471
2026-09-22,15:29,SRHHYPOLTD,20.2468
2026-09-22,15:29,SSWL,13.4328
2026-09-22,15:29,STAR,21.8619
2026-09-22,15:29,STARCEMENT,-4.7401
2026-09-22,15:29,STEELCAS,5.2924
2026-09-22,15:29,STEL,23.9007
2026-09-22,15:29,STERTOOLS,-3.9328
2026-09-22,15:29,STLNETWORK,88.756
2026-09-22,15:29,STLTECH,31.6425
2026-09-22,15:29,STOVEKRAFT,2.3428
2026-09-22,15:29,STUDDS,-2.4986
2026-09-22,15:29,STYLEBAAZA,11.4065
2026-09-22,15:29,SUDARCOLOR,-4.9915
2026-09-22,15:29,SUDARSCHEM,9.4281
2026-09-22,15:29,SUDEEPPHRM,13.6523
2026-09-22,15:29,SUKHJITS,-1.1785
2026-09-22,15:29,SUMMITSEC,-4.2814
2026-09-22,15:29,SUNCLAY,1.4581
2026-09-22,15:29,SUNDARMFIN,4.0144
2026-09-22,15:29,SUNDRMFAST,6.2071
2026-09-22,15:29,SUNDROP,12.0697
2026-09-22,15:29,SUNPHARMA,-5.0401
2026-09-22,15:29,SUNTECK,-3.5672
2026-09-22,15:29,SUNTV,0.4715
2026-09-22,15:29,SUPREMEIND,-0.9871
2026-09-22,15:29,SUPRIYA,1.7608
2026-09-22,15:29,SURAJEST,4.0917
2026-09-22,15:29,SURAKSHA,33.1073
2026-09-22,15:29,SUTLEJTEX,1.5128
2026-09-22,15:29,SUVEN,0.8569
2026-09-22,15:29,SVLL,16.307
2026-09-22,15:29,SWANCORP,-1.5447
2026-09-22,15:29,SWANDEF,3.7941
2026-09-22,15:29,SWARAJENG,-1.2853
2026-09-22,15:29,SWIGGY,1.81
2026-09-22,15:29,SYNCOMF,42.2594
2026-09-22,15:29,SYRMA,14.8642
2026-09-22,15:29,SYSTMTXC,29.1032
2026-09-22,15:29,TALBROAUTO,12.617
2026-09-22,15:29,TARC,-0.548
2026-09-22,15:29,TARSONS,5.7416
2026-09-22,15:29,TASTYBITE,3.197
2026-09-22,15:29,TATACHEM,0.7624
2026-09-22,15:29,TATACOMM,-2.7021
2026-09-22,15:29,TATAINVEST,-0.8213
2026-09-22,15:29,TATAPOWER,-3.9267
2026-09-22,15:29,TATASTEEL,-2.7702
2026-09-22,15:29,TATVA,-1.7684
2026-09-22,15:29,TBOTEK,6.3483
2026-09-22,15:29,TBZ,141.0252
2026-09-22,15:29,TCPLPACK,16.1722
2026-09-22,15:29,TDPOWERSYS,22.3552
2026-09-22,15:29,TEAMLEASE,-4.1883
2026-09-22,15:29,TEGA,26.6528
2026-09-22,15:29,TEJASNET,-0.9971
2026-09-22,15:29,TENNIND,-3.9138
2026-09-22,15:29,TEXINFRA,2.8985
2026-09-22,15:29,TEXRAIL,11.0387
2026-09-22,15:29,TFCILTD,22.201
2026-09-22,15:29,THANGAMAYL,-4.2905
2026-09-22,15:29,THEJO,-2.1352
2026-09-22,15:29,THELEELA,5.927
2026-09-22,15:29,THEMISMED,12.4977
2026-09-22,15:29,THOMASCOOK,-0.7666
2026-09-22,15:29,TI,14.1991
2026-09-22,15:29,TIIL,11.5015
2026-09-22,15:29,TIL,6.6968
2026-09-22,15:29,TIMEX,24.9534
2026-09-22,15:29,TIMKEN,-3.2096
2026-09-22,15:29,TIPSMUSIC,-0.5784
2026-09-22,15:29,TIRUMALCHM,-4.4693
2026-09-22,15:29,TIRUPATIFL,5.8298
2026-09-22,15:29,TITAGARH,-0.548
2026-09-22,15:29,TITAN,-3.1729
2026-09-22,15:29,TMB,-0.7246
2026-09-22,15:29,TMCV,-2.2434
2026-09-22,15:29,TNPETRO,29.5831
2026-09-22,15:29,TORNTPHARM,0.2234
2026-09-22,15:29,TRANSPEK,8.5997
2026-09-22,15:29,TRANSRAILL,-0.3862
2026-09-22,15:29,TREL,-1.8685
2026-09-22,15:29,TRIVENI,-1.4319
2026-09-22,15:29,TSFINV,6.2774
2026-09-22,15:29,TTKHLTCARE,-0.831
2026-09-22,15:29,TURTLEMINT,21.4849
2026-09-22,15:29,TVSSCS,3.0291
2026-09-22,15:29,TVSSRICHAK,17.5876
2026-09-22,15:29,TVTODAY,-4.902
2026-09-22,15:29,UFLEX,31.6174
2026-09-22,15:29,UGARSUGAR,19.0579
2026-09-22,15:29,ULTRAMAR,6.5209
2026-09-22,15:29,UNICHEMLAB,6.2309
2026-09-22,15:29,UNIECOM,2.287
2026-09-22,15:29,UNIMECH,19.2935
2026-09-22,15:29,UNIONBANK,-1.7335
2026-09-22,15:29,UNIPARTS,3.2614
2026-09-22,15:29,UNITEDPOLY,51.0942
2026-09-22,15:29,UNIVASTU,12.0717
2026-09-22,15:29,UNIVPHOTO,26.3445
2026-09-22,15:29,UNOMINDA,-4.8137
2026-09-22,15:29,UPL,-1.2522
2026-09-22,15:29,URBANCO,25.061
2026-09-22,15:29,USHAMART,2.8057
2026-09-22,15:29,UTIAMC,1.3328
2026-09-22,15:29,UTLSOLAR,8.9906
2026-09-22,15:29,UTTAMSUGAR,-0.1817
2026-09-22,15:29,V2RETAIL,-2.4259
2026-09-22,15:29,VADILALIND,2.9539
2026-09-22,15:29,VALIANTLAB,86.6391
2026-09-22,15:29,VALIANTORG,40.5038
2026-09-22,15:29,VARROC,4.6674
2026-09-22,15:29,VBL,-3.4792
2026-09-22,15:29,VELJAN,17.3011
2026-09-22,15:29,VENKEYS,7.0863
2026-09-22,15:29,VENTIVE,-2.3338
2026-09-22,15:29,VENUSPIPES,37.2746
2026-09-22,15:29,VENUSREM,5.8387
2026-09-22,15:29,VGUARD,-0.1091
2026-09-22,15:29,VHLTD,-0.6535
2026-09-22,15:29,VIDHIING,14.5243
2026-09-22,15:29,VIJAYA,8.8611
2026-09-22,15:29,VIKRAMSOLR,3.5395
2026-09-22,15:29,VINCOFE,18.4148
2026-09-22,15:29,VINDHYATEL,17.5115
2026-09-22,15:29,VISHNU,23.3784
2026-09-22,15:29,VIVIANA,4.291
2026-09-22,15:29,VMART,-2.7859
2026-09-22,15:29,VMM,-4.2081
2026-09-22,15:29,VOEPL,-0.2327
2026-09-22,15:29,VOLTAMP,4.5479
2026-09-22,15:29,VRLLOG,2.4044
2026-09-22,15:29,VSSL,20.7759
2026-09-22,15:29,VSTTILLERS,-4.09
2026-09-22,15:29,WABAG,4.9856
2026-09-22,15:29,WAKEFIT,15.4832
2026-09-22,15:29,WCIL,8.212
2026-09-22,15:29,WELCORP,47.7685
2026-09-22,15:29,WELENT,35.2809
2026-09-22,15:29,WELINV,33.3093
2026-09-22,15:29,WELSPLSOL,9.6055
2026-09-22,15:29,WELSPUNLIV,34.8287
2026-09-22,15:29,WENDT,6.185
2026-09-22,15:29,WESTLIFE,-2.0729
2026-09-22,15:29,WHEELS,53.9987
2026-09-22,15:29,WINDLAS,31.2809
2026-09-22,15:29,WINDMACHIN,-1.202
2026-09-22,15:29,WOCKPHARMA,13.1628
2026-09-22,15:29,WONDERLA,5.5005
2026-09-22,15:29,WPIL,1.1046
2026-09-22,15:29,WSTCSTPAPR,27.8891
2026-09-22,15:29,XPROINDIA,12.4427
2026-09-22,15:29,XTRANET,133.7855
2026-09-22,15:29,YATHARTH,25.63
2026-09-22,15:29,YATRA,4.1041
2026-09-22,15:29,YESBANK,1.978
2026-09-22,15:29,YUKEN,41.4481
2026-09-22,15:29,ZENTEC,-2.686
2026-09-22,15:29,ZFSTEERING,4.9293
2026-09-22,15:29,ZIMLAB,20.3562
2026-09-22,15:29,ZOTA,6.5954
2026-09-22,15:29,ZUARI,-0.765
2026-09-22,15:29,ZUARIIND,5.241
2026-09-22,15:29,ZYDUSLIFE,3.8695
2026-09-22,15:29,ZYDUSWELL,0.8622
2026-09-23,15:29,20MICRONS,17.9056
2026-09-23,15:29,3BBLACKBIO,18.5099
2026-09-23,15:29,63MOONS,-0.6638
2026-09-23,15:29,AARTIDRUGS,-0.7056
2026-09-23,15:29,AARTIIND,-2.7607
2026-09-23,15:29,AARTIPHARM,6.3823
2026-09-23,15:29,ABBOTINDIA,-3.8722
2026-09-23,15:29,ABCAPITAL,-1.1544
2026-09-23,15:29,ABDL,5.9051
2026-09-23,15:29,ABSLAMC,0.6767
2026-09-23,15:29,ACCELYA,-1.9187
2026-09-23,15:29,ACE,16.8266
2026-09-23,15:29,ACMESOLAR,22.7575
2026-09-23,15:29,ACSTECH,51.7542
2026-09-23,15:29,ACUTAAS,0.5915
2026-09-23,15:29,ADANIENT,-0.0768
2026-09-23,15:29,ADANIPORTS,8.3383
2026-09-23,15:29,ADANIPOWER,-2.0096
2026-09-23,15:29,ADFFOODS,0.9795
2026-09-23,15:29,ADOR,6.1371
2026-09-23,15:29,ADVANCE,-2.3239
2026-09-23,15:29,ADVENZYMES,-0.4358
2026-09-23,15:29,AEGISLOG,8.2383
2026-09-23,15:29,AEGISVOPAK,7.9309
2026-09-23,15:29,AEQUS,1.3334
2026-09-23,15:29,AEROENTER,-2.2409
2026-09-23,15:29,AEROFLEX,23.2225
2026-09-23,15:29,AETHER,0.8567
2026-09-23,15:29,AFCONS,-2.0292
2026-09-23,15:29,AFSL,-2.9325
2026-09-23,15:29,AGI,16.7317
2026-09-23,15:29,AHCL,105.9681
2026-09-23,15:29,AHLWEST,-0.9346
2026-09-23,15:29,AIIL,-2.0926
2026-09-23,15:29,AJANTPHARM,1.7422
2026-09-23,15:29,AJAXENGG,0.3173
2026-09-23,15:29,AJMERA,-1.0175
2026-09-23,15:29,AKCAPIT,2.1253
2026-09-23,15:29,AKUMS,8.1937
2026-09-23,15:29,ALEMBICLTD,22.2645
2026-09-23,15:29,ALGOQUANT,6.9098
2026-09-23,15:29,ALICON,1.4412
2026-09-23,15:29,ALIVUS,-0.7534
2026-09-23,15:29,ALKEM,-1.99
2026-09-23,15:29,ALKYLAMINE,-3.307
2026-09-23,15:29,ALLDIGI,-3.655
2026-09-23,15:29,AMANTA,18.5675
2026-09-23,15:29,AMBER,-0.1978
2026-09-23,15:29,AMBIKCO,-3.2402
2026-09-23,15:29,ANANDRATHI,0.519
2026-09-23,15:29,ANANTRAJ,4.2144
2026-09-23,15:29,ANDHRAPAP,18.0989
2026-09-23,15:29,ANGELONE,2.9513
2026-09-23,15:29,ANTELOPUS,42.8817
2026-09-23,15:29,ANTHEM,-1.0935
2026-09-23,15:29,ANUHPHR,20.1003
2026-09-23,15:29,ANURAS,-1.3148
2026-09-23,15:29,APARINDS,6.7351
2026-09-23,15:29,APCOTEXIND,-1.1509
2026-09-23,15:29,APLAPOLLO,9.0575
2026-09-23,15:29,APLLTD,0.6616
2026-09-23,15:29,APOLLO,4.0906
2026-09-23,15:29,APOLLOHOSP,3.6398
2026-09-23,15:29,APOLLOPIPE,2.8344
2026-09-23,15:29,APTECHT,-2.5201
2026-09-23,15:29,APTUS,-2.0919
2026-09-23,15:29,ARFIN,7.4518
2026-09-23,15:29,ARIES,31.2395
2026-09-23,15:29,ARIHANTCAP,25.8159
2026-09-23,15:29,ARIS,7.4462
2026-09-23,15:29,ARMANFIN,-1.6926
2026-09-23,15:29,ARROWGREEN,15.8227
2026-09-23,15:29,ARSSBL,0.3241
2026-09-23,15:29,ARTEMISMED,9.1286
2026-09-23,15:29,ARVIND,-3.4176
2026-09-23,15:29,ARVSMART,-0.3693
2026-09-23,15:29,ASAHIINDIA,7.7247
2026-09-23,15:29,ASHIANA,2.557
2026-09-23,15:29,ASHOKA,-3.5815
2026-09-23,15:29,ASIANENE,21.8766
2026-09-23,15:29,ASIANHOTNR,24.904
2026-09-23,15:29,ASIANTILES,-3.1977
2026-09-23,15:29,ASKAUTOLTD,-0.4585
2026-09-23,15:29,ASTAR,20.161
2026-09-23,15:29,ASTEC,23.1226
2026-09-23,15:29,ASTRAL,-2.1124
2026-09-23,15:29,ATHERENERG,-1.7045
2026-09-23,15:29,ATL,5.4923
2026-09-23,15:29,ATLANTAELE,4.4128
2026-09-23,15:29,AUBANK,-1.6715
2026-09-23,15:29,AUROPHARMA,3.8299
2026-09-23,15:29,AURUM,-2.3495
2026-09-23,15:29,AVADHSUGAR,15.1229
2026-09-23,15:29,AVALON,26.1724
2026-09-23,15:29,AVL,1.3472
2026-09-23,15:29,AVTNPL,37.9271
2026-09-23,15:29,AWFIS,0.9001
2026-09-23,15:29,AWHCL,-0.3596
2026-09-23,15:29,AWL,-3.4637
2026-09-23,15:29,AXISBANK,1.0896
2026-09-23,15:29,AXISCADES,25.5387
2026-09-23,15:29,AYE,1.0516
2026-09-23,15:29,AYMSYNTEX,14.442
2026-09-23,15:29,AZAD,9.7528
2026-09-23,15:29,BAFNAPH,22.9224
2026-09-23,15:29,BAJAJ-AUTO,-2.7055
2026-09-23,15:29,BAJAJHCARE,7.3341
2026-09-23,15:29,BAJAJHFL,-1.9488
2026-09-23,15:29,BAJAJHIND,13.6213
2026-09-23,15:29,BAJAJHLDNG,-0.8745
2026-09-23,15:29,BAJAJINDEF,-2.0352
2026-09-23,15:29,BALAJITELE,3.7682
2026-09-23,15:29,BALAMINES,6.9454
2026-09-23,15:29,BALMLAWRIE,-3.1581
2026-09-23,15:29,BALRAMCHIN,7.7413
2026-09-23,15:29,BALUFORGE,10.2941
2026-09-23,15:29,BANCOINDIA,-3.4866
2026-09-23,15:29,BANDHANBNK,9.9885
2026-09-23,15:29,BANKBARODA,-3.7896
2026-09-23,15:29,BANKINDIA,-2.2743
2026-09-23,15:29,BANSALWIRE,-1.2504
2026-09-23,15:29,BBOX,8.946
2026-09-23,15:29,BBTC,-2.6973
2026-09-23,15:29,BEEKAY,6.3709
2026-09-23,15:29,BEL,-2.4147
2026-09-23,15:29,BELRISE,-1.6498
2026-09-23,15:29,BEML,10.1509
2026-09-23,15:29,BENGALASM,-0.3546
2026-09-23,15:29,BEPL,6.4964
2026-09-23,15:29,BGRENERGY,0.0576
2026-09-23,15:29,BHAGERIA,69.944
2026-09-23,15:29,BHAGYANGR,15.1048
2026-09-23,15:29,BHARATCOAL,-3.6621
2026-09-23,15:29,BHARATFORG,-2.2916
2026-09-23,15:29,BHARTIHEXA,0.6733
2026-09-23,15:29,BHEL,4.9876
2026-09-23,15:29,BIL,24.2288
2026-09-23,15:29,BIRLACABLE,29.1301
2026-09-23,15:29,BLACKBUCK,7.7953
2026-09-23,15:29,BLACKROSE,4.4541
2026-09-23,15:29,BLAL,-3.7436
2026-09-23,15:29,BLISSGVS,41.5241
2026-09-23,15:29,BLKASHYAP,-0.037
2026-09-23,15:29,BLSE,1.5111
2026-09-23,15:29,BLUEJET,-0.838
2026-09-23,15:29,BLUESTARCO,2.3166
2026-09-23,15:29,BLUESTONE,2.1066
2026-09-23,15:29,BLUSPRING,12.5074
2026-09-23,15:29,BODALCHEM,188.13
2026-09-23,15:29,BOROLTD,9.3399
2026-09-23,15:29,BOSCH-HCIL,4.3022
2026-09-23,15:29,BOSCHLTD,6.1304
2026-09-23,15:29,BPCL,-0.6451
2026-09-23,15:29,BRIGADE,1.8757
2026-09-23,15:29,BSHSL,-3.1356
2026-09-23,15:29,BUILDPRO,1.7559
2026-09-23,15:29,CAMPUS,-3.5509
2026-09-23,15:29,CANBK,-3.3001
2026-09-23,15:29,CANHLIFE,1.5266
2026-09-23,15:29,CANTABIL,4.8111
2026-09-23,15:29,CAPILLARY,4.3216
2026-09-23,15:29,CAPITALSFB,-3.5908
2026-09-23,15:29,CAPLIPOINT,6.2443
2026-09-23,15:29,CARBORUNIV,7.727
2026-09-23,15:29,CARERATING,-2.9018
2026-09-23,15:29,CARTRADE,8.6192
2026-09-23,15:29,CASTROLIND,3.4311
2026-09-23,15:29,CDSL,0.3044
2026-09-23,15:29,CEIGALL,19.3707
2026-09-23,15:29,CEMPRO,2.8715
2026-09-23,15:29,CENTENKA,-3.8984
2026-09-23,15:29,CENTRALBK,1.4107
2026-09-23,15:29,CENTUM,26.298
2026-09-23,15:29,CEWATER,-0.2907
2026-09-23,15:29,CGCL,14.0746
2026-09-23,15:29,CGPOWER,1.5891
2026-09-23,15:29,CHALET,7.6534
2026-09-23,15:29,CHEMBONDCH,-0.8596
2026-09-23,15:29,CHEMCON,20.6331
2026-09-23,15:29,CHEMPLASTS,16.1463
2026-09-23,15:29,CHENNPETRO,-2.6295
2026-09-23,15:29,CHEVIOT,0.7018
2026-09-23,15:29,CIFL,-3.5262
2026-09-23,15:29,CLEAN,3.2839
2026-09-23,15:29,CLEANMAX,14.5653
2026-09-23,15:29,CLSEL,6.853
2026-09-23,15:29,CMRGREEN,3.9436
2026-09-23,15:29,COALINDIA,2.8963
2026-09-23,15:29,COFFEEDAY,1.7728
2026-09-23,15:29,COFORGE,-2.0121
2026-09-23,15:29,COHANCE,-0.5389
2026-09-23,15:29,COMSYN,11.8669
2026-09-23,15:29,CONCORDBIO,9.1959
2026-09-23,15:29,CONFIPET,13.6445
2026-09-23,15:29,CONSOFINVT,10.1201
2026-09-23,15:29,CONTROLPR,2.6066
2026-09-23,15:29,CORDELIA,35.4881
2026-09-23,15:29,CORONA,2.9357
2026-09-23,15:29,CPPLUS,0.6937
2026-09-23,15:29,CRAFTSMAN,5.9258
2026-09-23,15:29,CREST,-0.7188
2026-09-23,15:29,CRISIL,2.7897
2026-09-23,15:29,CSBBANK,3.6512
2026-09-23,15:29,CSLFINANCE,-3.238
2026-09-23,15:29,CSM,1.178
2026-09-23,15:29,CUB,5.4518
2026-09-23,15:29,CUPID,-1.0121
2026-09-23,15:29,CYIENT,25.6386
2026-09-23,15:29,CYIENTDLM,35.8956
2026-09-23,15:29,DALMIASUG,-0.1347
2026-09-23,15:29,DATAPATTNS,0.7013
2026-09-23,15:29,DBL,-2.0488
2026-09-23,15:29,DBOL,0.8636
2026-09-23,15:29,DCBBANK,20.9004
2026-09-23,15:29,DCMSHRIRAM,-2.6812
2026-09-23,15:29,DCW,7.293
2026-09-23,15:29,DECCANCE,0.3492
2026-09-23,15:29,DECNGOLD,0.5106
2026-09-23,15:29,DEEDEV,14.1126
2026-09-23,15:29,DEEPINDS,15.3496
2026-09-23,15:29,DELTACORP,8.5032
2026-09-23,15:29,DEN,-1.3598
2026-09-23,15:29,DEVYANI,-1.8769
2026-09-23,15:29,DHAMPURSUG,6.5759
2026-09-23,15:29,DHARMAJ,6.8214
2026-09-23,15:29,DHUNINV,3.8406
2026-09-23,15:29,DIACABS,4.3785
2026-09-23,15:29,DICIND,30.2642
2026-09-23,15:29,DIFFNKG,17.8222
2026-09-23,15:29,DISAQ,0.5406
2026-09-23,15:29,DIVGIITTS,9.3553
2026-09-23,15:29,DIVISLAB,12.1874
2026-09-23,15:29,DLF,3.8302
2026-09-23,15:29,DLINKINDIA,-1.4684
2026-09-23,15:29,DMCC,-1.9361
2026-09-23,15:29,DODLA,0.4599
2026-09-23,15:29,DOLATALGO,-2.0804
2026-09-23,15:29,DOLPHIN,64.2379
2026-09-23,15:29,DPABHUSHAN,-0.7499
2026-09-23,15:29,DRAGARWQ,-2.1169
2026-09-23,15:29,DREDGECORP,-3.9369
2026-09-23,15:29,DRREDDY,0.5145
2026-09-23,15:29,DVL,1.5253
2026-09-23,15:29,DWARKESH,0.4319
2026-09-23,15:29,DYCL,8.0916
2026-09-23,15:29,DYNAMATECH,18.5
2026-09-23,15:29,E2E,1.2353
2026-09-23,15:29,EBGNG,24.9061
2026-09-23,15:29,ECLERX,7.162
2026-09-23,15:29,EDELWEISS,19.2728
2026-09-23,15:29,EFCIL,2.9465
2026-09-23,15:29,EIHAHOTELS,0.6271
2026-09-23,15:29,EIHOTEL,-0.3969
2026-09-23,15:29,EIMCOELECO,27.2033
2026-09-23,15:29,EKC,0.0352
2026-09-23,15:29,ELANTAS,22.7364
2026-09-23,15:29,ELDEHSG,1.9948
2026-09-23,15:29,ELECON,6.9203
2026-09-23,15:29,ELECTCAST,0.8972
2026-09-23,15:29,ELGIEQUIP,7.1186
2026-09-23,15:29,ELPROINTL,-1.9103
2026-09-23,15:29,EMAMILTD,-2.697
2026-09-23,15:29,EMAMIPAP,2.8927
2026-09-23,15:29,EMCURE,-0.8506
2026-09-23,15:29,EMIL,3.5562
2026-09-23,15:29,EMKAY,13.2265
2026-09-23,15:29,EMMVEE,4.6168
2026-09-23,15:29,EMUDHRA,21.3124
2026-09-23,15:29,ENGINERSIN,26.0134
2026-09-23,15:29,ENTERO,29.0989
2026-09-23,15:29,EPACKPEB,2.7514
2026-09-23,15:29,EPIGRAL,-1.2016
2026-09-23,15:29,EPL,1.4081
2026-09-23,15:29,EQUITASBNK,-3.3565
2026-09-23,15:29,ESABINDIA,-3.711
2026-09-23,15:29,ESAFSFB,5.7158
2026-09-23,15:29,ETERNAL,7.7516
2026-09-23,15:29,EXCELSOFT,6.7669
2026-09-23,15:29,EXICOM,16.7697
2026-09-23,15:29,EXPLEOSOL,6.2538
2026-09-23,15:29,FABTECH,0.6773
2026-09-23,15:29,FACT,-3.8267
2026-09-23,15:29,FCL,32.147
2026-09-23,15:29,FDC,-3.0341
2026-09-23,15:29,FEDDERSHOL,60.5829
2026-09-23,15:29,FEDFINA,-0.7825
2026-09-23,15:29,FILATEX,30.7988
2026-09-23,15:29,FINCABLES,21.7204
2026-09-23,15:29,FINEORG,-0.4726
2026-09-23,15:29,FINKURVE,16.8277
2026-09-23,15:29,FIVESTAR,0.6316
2026-09-23,15:29,FLAIR,-3.0246
2026-09-23,15:29,FLUOROCHEM,1.3632
2026-09-23,15:29,FOSECOIND,19.171
2026-09-23,15:29,GAEL,-3.3635
2026-09-23,15:29,GAIL,-1.3631
2026-09-23,15:29,GALAPREC,15.6796
2026-09-23,15:29,GALAXYSURF,8.7563
2026-09-23,15:29,GANDHAR,10.2666
2026-09-23,15:29,GANDHITUBE,6.8453
2026-09-23,15:29,GANECOS,-1.1915
2026-09-23,15:29,GANESHBE,12.2837
2026-09-23,15:29,GANESHCP,1.7192
2026-09-23,15:29,GANESHHOU,-2.3365
2026-09-23,15:29,GARFIBRES,0.0954
2026-09-23,15:29,GARUDA,-3.2464
2026-09-23,15:29,GAYAPROJ,23.9487
2026-09-23,15:29,GCSL,37.9777
2026-09-23,15:29,GEECEE,-1.8567
2026-09-23,15:29,GENESYS,31.322
2026-09-23,15:29,GENUSPOWER,0.9164
2026-09-23,15:29,GEOJITFSL,6.7726
2026-09-23,15:29,GESHIP,14.7919
2026-09-23,15:29,GFLLIMITED,20.0339
2026-09-23,15:29,GHCL,-1.9086
2026-09-23,15:29,GHCLTEXTIL,12.8616
2026-09-23,15:29,GICRE,-3.2471
2026-09-23,15:29,GIPCL,16.3994
2026-09-23,15:29,GKENERGY,-2.7461
2026-09-23,15:29,GKSL,32.8176
2026-09-23,15:29,GLAND,-0.4856
2026-09-23,15:29,GLAXO,10.5692
2026-09-23,15:29,GLENMARK,8.7434
2026-09-23,15:29,GLOBAL,34.2888
2026-09-23,15:29,GMBREW,7.5889
2026-09-23,15:29,GMMPFAUDLR,42.7177
2026-09-23,15:29,GMRP&UI,2.4108
2026-09-23,15:29,GNA,11.0356
2026-09-23,15:29,GNFC,13.6123
2026-09-23,15:29,GOCOLORS,-1.6873
2026-09-23,15:29,GODREJAGRO,22.6299
2026-09-23,15:29,GOKULAGRO,-0.0973
2026-09-23,15:29,GOODLUCK,21.1048
2026-09-23,15:29,GOPAL,-3.8997
2026-09-23,15:29,GPIL,1.0768
2026-09-23,15:29,GPPL,10.7946
2026-09-23,15:29,GPTHEALTH,0.6168
2026-09-23,15:29,GPTINFRA,-0.1803
2026-09-23,15:29,GRANULES,-0.0871
2026-09-23,15:29,GRAPHITE,12.335
2026-09-23,15:29,GRAUWEIL,27.3533
2026-09-23,15:29,GREAVESCOT,4.1612
2026-09-23,15:29,GREENPLY,7.0109
2026-09-23,15:29,GROWW,-2.5168
2026-09-23,15:29,GRPLTD,3.9099
2026-09-23,15:29,GSFC,-3.7189
2026-09-23,15:29,GTPL,6.6781
2026-09-23,15:29,GUFICBIO,1.473
2026-09-23,15:29,GUJTHEM,13.4512
2026-09-23,15:29,GVT&D,-0.0679
2026-09-23,15:29,GYFTR,4.8026
2026-09-23,15:29,HAL,-1.4871
2026-09-23,15:29,HALDYNGL,14.1897
2026-09-23,15:29,HAPPYFORGE,10.0639
2026-09-23,15:29,HARSHA,13.1685
2026-09-23,15:29,HATSUN,22.6207
2026-09-23,15:29,HAWKINCOOK,-2.4533
2026-09-23,15:29,HBLENGINE,9.9389
2026-09-23,15:29,HCC,10.5736
2026-09-23,15:29,HCG,-3.5523
2026-09-23,15:29,HDBFS,-3.2174
2026-09-23,15:29,HDFCAMC,-2.6521
2026-09-23,15:29,HDFCBANK,1.1317
2026-09-23,15:29,HDFCLIFE,4.7575
2026-09-23,15:29,HEALTHX,-2.5743
2026-09-23,15:29,HEG,10.6067
2026-09-23,15:29,HERANBA,-1.4255
2026-09-23,15:29,HERITGFOOD,16.947
2026-09-23,15:29,HEXAGON,2.8822
2026-09-23,15:29,HEXATRADEX,0.4487
2026-09-23,15:29,HFCL,1.461
2026-09-23,15:29,HIKAL,6.629
2026-09-23,15:29,HINDCOPPER,-3.8065
2026-09-23,15:29,HINDOILEXP,5.2957
2026-09-23,15:29,HINDZINC,1.5
2026-09-23,15:29,HIRECT,1.4399
2026-09-23,15:29,HITECHCORP,3.3576
2026-09-23,15:29,HITECHGEAR,2.3912
2026-09-23,15:29,HLEGLAS,17.716
2026-09-23,15:29,HMAAGRO,7.0748
2026-09-23,15:29,HMT,6.3585
2026-09-23,15:29,HNDFDS,7.4196
2026-09-23,15:29,HOMEFIRST,2.534
2026-09-23,15:29,HONASA,3.7663
2026-09-23,15:29,HUBTOWN,-1.1427
2026-09-23,15:29,IBULLSLTD,3.593
2026-09-23,15:29,ICICIAMC,4.9695
2026-09-23,15:29,ICICIPRULI,-3.3898
2026-09-23,15:29,ICIL,12.6063
2026-09-23,15:29,IDBI,1.1523
2026-09-23,15:29,IDFCFIRSTB,4.3076
2026-09-23,15:29,IFCI,5.0066
2026-09-23,15:29,IGL,-3.9067
2026-09-23,15:29,IGPL,26.2757
2026-09-23,15:29,IIFL,2.2689
2026-09-23,15:29,IIFLCAPS,5.451
2026-09-23,15:29,IKIO,2.087
2026-09-23,15:29,IKS,11.0487
2026-09-23,15:29,IL&FSENGG,19.3521
2026-09-23,15:29,IMAGICAA,11.4298
2026-09-23,15:29,IMPAL,-3.1004
2026-09-23,15:29,INDGN,5.4264
2026-09-23,15:29,INDHOTEL,2.721
2026-09-23,15:29,INDIAGLYCO,20.0727
2026-09-23,15:29,INDIANB,-3.8374
2026-09-23,15:29,INDIASHLTR,3.1383
2026-09-23,15:29,INDIGOPNTS,1.2883
2026-09-23,15:29,INDIQUBE,4.5694
2026-09-23,15:29,INDNIPPON,11.3594
2026-09-23,15:29,INDOAMIN,4.3627
2026-09-23,15:29,INDOBORAX,6.7259
2026-09-23,15:29,INDOCO,15.9932
2026-09-23,15:29,INDOMIM,52.3363
2026-09-23,15:29,INDORAMA,72.2653
2026-09-23,15:29,INDPRUD,-3.5631
2026-09-23,15:29,INDRAMEDCO,-2.5368
2026-09-23,15:29,INDSWFTLAB,42.2826
2026-09-23,15:29,INDUSTOWER,4.183
2026-09-23,15:29,INGERRAND,-1.8796
2026-09-23,15:29,INNOVACAP,27.353
2026-09-23,15:29,INOXINDIA,11.9143
2026-09-23,15:29,INOXWIND,0.8333
2026-09-23,15:29,INTERARCH,0.1894
2026-09-23,15:29,INVPRECQ,24.7327
2026-09-23,15:29,IOC,-1.3214
2026-09-23,15:29,IOLCP,25.8682
2026-09-23,15:29,IONEXCHANG,12.9168
2026-09-23,15:29,IPCALAB,12.2512
2026-09-23,15:29,IRISDOREME,17.6492
2026-09-23,15:29,ISGEC,7.5469
2026-09-23,15:29,ITC,-3.172
2026-09-23,15:29,ITCHOTELS,-3.3915
2026-09-23,15:29,ITDC,3.8425
2026-09-23,15:29,IZMO,-1.309
2026-09-23,15:29,JAGRAN,-0.2987
2026-09-23,15:29,JAGSNPHARM,-2.3204
2026-09-23,15:29,JAIBALAJI,-0.1495
2026-09-23,15:29,JAINREC,1.7464
2026-09-23,15:29,JAMNAAUTO,3.2189
2026-09-23,15:29,JARO,4.7802
2026-09-23,15:29,JASH,15.0743
2026-09-23,15:29,JAYAGROGN,10.6486
2026-09-23,15:29,JAYKAY,39.753
2026-09-23,15:29,JAYNECOIND,-1.7634
2026-09-23,15:29,JGCHEM,-0.1285
2026-09-23,15:29,JINDALPHOT,1.9453
2026-09-23,15:29,JINDALPOLY,13.614
2026-09-23,15:29,JINDALSAW,6.964
2026-09-23,15:29,JINDALSTEL,7.3333
2026-09-23,15:29,JINDRILL,2.4567
2026-09-23,15:29,JINDWORLD,43.4854
2026-09-23,15:29,JISLJALEQS,3.6585
2026-09-23,15:29,JKIL,-3.6174
2026-09-23,15:29,JKPAPER,6.2972
2026-09-23,15:29,JMFINANCIL,1.0621
2026-09-23,15:29,JNKINDIA,-0.0955
2026-09-23,15:29,JNPR,4.4508
2026-09-23,15:29,JSFB,3.7979
2026-09-23,15:29,JSL,4.6132
2026-09-23,15:29,JSLL,-2.7634
2026-09-23,15:29,JSWDULUX,0.1235
2026-09-23,15:29,JSWINFRA,6.3624
2026-09-23,15:29,JSWSTEEL,1.122
2026-09-23,15:29,JTLIND,18.9087
2026-09-23,15:29,JUBLCPL,18.3132
2026-09-23,15:29,JUBLFOOD,-1.0037
2026-09-23,15:29,JUBLPHARMA,9.6373
2026-09-23,15:29,JUNIPER,14.1791
2026-09-23,15:29,JUSTDIAL,-0.2015
2026-09-23,15:29,JYOTICNC,36.7453
2026-09-23,15:29,KABRAEXTRU,44.0633
2026-09-23,15:29,KAJARIACER,-0.7506
2026-09-23,15:29,KALYANKJIL,-2.9807
2026-09-23,15:29,KAMATHOTEL,36.5547
2026-09-23,15:29,KAMDHENU,16.5523
2026-09-23,15:29,KANORICHEM,13.4603
2026-09-23,15:29,KANPRPLA,19.0487
2026-09-23,15:29,KAPSTON,3.9936
2026-09-23,15:29,KARURVYSYA,-2.9174
2026-09-23,15:29,KAYA,13.1397
2026-09-23,15:29,KCP,3.2002
2026-09-23,15:29,KDDL,10.6632
2026-09-23,15:29,KENNAMET,30.7338
2026-09-23,15:29,KFINTECH,-2.4652
2026-09-23,15:29,KILITCH,15.7526
2026-09-23,15:29,KIMS,-1.8449
2026-09-23,15:29,KINGFA,9.329
2026-09-23,15:29,KIRANVYPAR,9.2821
2026-09-23,15:29,KIRIINDUS,34.2278
2026-09-23,15:29,KIRLFER,8.6221
2026-09-23,15:29,KIRLOSENG,5.615
2026-09-23,15:29,KIRLOSIND,-1.1175
2026-09-23,15:29,KISSHT,20.2065
2026-09-23,15:29,KLBRENG-B,44.0155
2026-09-23,15:29,KMEW,14.326
2026-09-23,15:29,KNAGRI,3.436
2026-09-23,15:29,KOPRAN,60.2547
2026-09-23,15:29,KOTAKBANK,5.1794
2026-09-23,15:29,KOTIC,-1.8809
2026-09-23,15:29,KOVAI,5.0294
2026-09-23,15:29,KPIGREEN,-0.2422
2026-09-23,15:29,KPIL,4.7563
2026-09-23,15:29,KPL,12.5057
2026-09-23,15:29,KPRMILL,3.6662
2026-09-23,15:29,KRBL,9.2565
2026-09-23,15:29,KRISHANA,0.9118
2026-09-23,15:29,KRN,9.6995
2026-09-23,15:29,KRONOX,12.1156
2026-09-23,15:29,KROSS,37.785
2026-09-23,15:29,KRSNAA,-2.5661
2026-09-23,15:29,KRYSTAL,2.8277
2026-09-23,15:29,KSB,1.398
2026-09-23,15:29,KSHINTL,5.8496
2026-09-23,15:29,KSL,18.3181
2026-09-23,15:29,KTKBANK,13.2739
2026-09-23,15:29,KUANTUM,-3.4712
2026-09-23,15:29,KUSUMGAR,-0.0472
2026-09-23,15:29,KWIL,20.3215
2026-09-23,15:29,LALPATHLAB,-1.3129
2026-09-23,15:29,LASERPOWER,-0.5708
2026-09-23,15:29,LAURUSLABS,9.4726
2026-09-23,15:29,LCL,15.5215
2026-09-23,15:29,LEMONTREE,-1.3168
2026-09-23,15:29,LENSKART,16.5479
2026-09-23,15:29,LGBBROSLTD,11.961
2026-09-23,15:29,LGEINDIA,8.1519
2026-09-23,15:29,LICHSGFIN,14.0438
2026-09-23,15:29,LICI,0.3695
2026-09-23,15:29,LINC,-3.516
2026-09-23,15:29,LINCOLN,1.1819
2026-09-23,15:29,LLOYDSENGG,-1.6337
2026-09-23,15:29,LMW,-1.1372
2026-09-23,15:29,LOKESHMACH,1.4831
2026-09-23,15:29,LOTUSDEV,33.8302
2026-09-23,15:29,LT,-2.6626
2026-09-23,15:29,LTF,-1.7121
2026-09-23,15:29,LTFOODS,2.5519
2026-09-23,15:29,LUMAXIND,-3.477
2026-09-23,15:29,LUMAXTECH,-1.5123
2026-09-23,15:29,LXCHEM,7.7477
2026-09-23,15:29,MACPOWER,17.3972
2026-09-23,15:29,MAFATIND,-3.6456
2026-09-23,15:29,MAGADSUGAR,-3.1479
2026-09-23,15:29,MAHABANK,6.5358
2026-09-23,15:29,MAHASTEEL,11.295
2026-09-23,15:29,MAHLOG,1.7589
2026-09-23,15:29,MAHSCOOTER,-3.7502
2026-09-23,15:29,MAHSEAMLES,18.1092
2026-09-23,15:29,MAITHANALL,0.4276
2026-09-23,15:29,MALLCOM,-1.6784
2026-09-23,15:29,MAMATA,-0.4351
2026-09-23,15:29,MANAKCOAT,12.3224
2026-09-23,15:29,MANAKSTEEL,25.8647
2026-09-23,15:29,MANALIPETC,33.8166
2026-09-23,15:29,MANBA,4.3403
2026-09-23,15:29,MANGLMCEM,14.0319
2026-09-23,15:29,MANINDS,76.4801
2026-09-23,15:29,MANINFRA,12.0241
2026-09-23,15:29,MANIPALHOS,8.4824
2026-09-23,15:29,MANKIND,1.6495
2026-09-23,15:29,MANORAMA,20.7535
2026-09-23,15:29,MANYAVAR,1.7529
2026-09-23,15:29,MARATHON,11.0111
2026-09-23,15:29,MARICO,-2.655
2026-09-23,15:29,MARINE,21.7615
2026-09-23,15:29,MARKSANS,24.6101
2026-09-23,15:29,MARSONS,25.3058
2026-09-23,15:29,MASTERTR,12.812
2026-09-23,15:29,MATRIMONY,1.4616
2026-09-23,15:29,MAWANASUG,15.5423
2026-09-23,15:29,MAXESTATES,41.3805
2026-09-23,15:29,MAXHEALTH,1.9135
2026-09-23,15:29,MBAPL,1.2206
2026-09-23,15:29,MBECL,12018.5087
2026-09-23,15:29,MBEL,-2.2838
2026-09-23,15:29,MCCHRLS-B,-3.3179
2026-09-23,15:29,MCX,16.5458
2026-09-23,15:29,MEDANTA,3.867
2026-09-23,15:29,MEDIASSIST,-3.3646
2026-09-23,15:29,MEDPLUS,-2.5252
2026-09-23,15:29,MEESHO,24.1374
2026-09-23,15:29,MEIL,1.5177
2026-09-23,15:29,MENONBE,26.9918
2026-09-23,15:29,MERCURYEV,11.5529
2026-09-23,15:29,METROPOLIS,3.3996
2026-09-23,15:29,MFSL,4.2628
2026-09-23,15:29,MGL,-3.6586
2026-09-23,15:29,MIDHANI,-2.7002
2026-09-23,15:29,MMP,37.4538
2026-09-23,15:29,MODISONLTD,53.7811
2026-09-23,15:29,MOL,7.839
2026-09-23,15:29,MOLDTECH,9.3735
2026-09-23,15:29,MOLDTKPAC,0.162
2026-09-23,15:29,MONARCH,-3.402
2026-09-23,15:29,MONTECARLO,4.6514
2026-09-23,15:29,MOREPENLAB,59.1234
2026-09-23,15:29,MOSCHIP,-0.2598
2026-09-23,15:29,MOTHERSON,-2.8713
2026-09-23,15:29,MOTILALOFS,17.3986
2026-09-23,15:29,MSPL,0.1408
2026-09-23,15:29,MSTCLTD,31.7426
2026-09-23,15:29,MTARTECH,5.7087
2026-09-23,15:29,MUFIN,-2.1106
2026-09-23,15:29,MUKANDLTD,11.7346
2026-09-23,15:29,MUKKA,13.9613
2026-09-23,15:29,MUNJALAU,5.146
2026-09-23,15:29,MUNJALSHOW,-1.0823
2026-09-23,15:29,MUTHOOTFIN,-2.0371
2026-09-23,15:29,MVELECTRO,45.3999
2026-09-23,15:29,MVGJL,36.4219
2026-09-23,15:29,NAHARINDUS,2.336
2026-09-23,15:29,NAM-INDIA,-0.5379
2026-09-23,15:29,NAVA,-2.7234
2026-09-23,15:29,NAVINFLUOR,3.6967
2026-09-23,15:29,NAZARA,4.8678
2026-09-23,15:29,NCLIND,1.2933
2026-09-23,15:29,NELCO,2.5776
2026-09-23,15:29,NEOGEN,14.3069
2026-09-23,15:29,NEPHROPLUS,4.1556
2026-09-23,15:29,NESCO,2.8808
2026-09-23,15:29,NETWEB,-2.5474
2026-09-23,15:29,NEULANDLAB,-2.0257
2026-09-23,15:29,NH,3.8133
2026-09-23,15:29,NHPC,-0.2729
2026-09-23,15:29,NIACL,6.573
2026-09-23,15:29,NILKAMAL,0.6208
2026-09-23,15:29,NINSYS,-2.7852
2026-09-23,15:29,NITINSPIN,9.5099
2026-09-23,15:29,NITTAGELA,7.3392
2026-09-23,15:29,NOCIL,24.3071
2026-09-23,15:29,NORTHARC,11.1583
2026-09-23,15:29,NOVARTIND,27.2134
2026-09-23,15:29,NPST,20.1681
2026-09-23,15:29,NRAIL,26.5436
2026-09-23,15:29,NRBBEARING,18.8468
2026-09-23,15:29,NRL,41.715
2026-09-23,15:29,NSIL,0.2674
2026-09-23,15:29,NSLNISP,-0.453
2026-09-23,15:29,NTPC,-3.6785
2026-09-23,15:29,NTPCGREEN,2.5911
2026-09-23,15:29,NUCLEUS,-0.9686
2026-09-23,15:29,NUVAMA,-1.084
2026-09-23,15:29,NUVOCO,4.0755
2026-09-23,15:29,NYKAA,4.8769
2026-09-23,15:29,OAL,47.4581
2026-09-23,15:29,OBEROIRLTY,3.1445
2026-09-23,15:29,OCCLLTD,-0.4555
2026-09-23,15:29,OIL,-0.0744
2026-09-23,15:29,OLAELEC,5.5724
2026-09-23,15:29,OMAXE,48.2958
2026-09-23,15:29,OMPOWER,0.8822
2026-09-23,15:29,ONEPOINT,16.2052
2026-09-23,15:29,ONESOURCE,-0.1376
2026-09-23,15:29,ONGC,-1.0649
2026-09-23,15:29,ONWARDTEC,2.7792
2026-09-23,15:29,OPTIEMUS,52.2842
2026-09-23,15:29,ORCHPHARMA,2.1789
2026-09-23,15:29,ORICONENT,1.7577
2026-09-23,15:29,ORIENTBELL,11.0638
2026-09-23,15:29,ORIENTCER,11.1888
2026-09-23,15:29,ORIENTHOT,11.8311
2026-09-23,15:29,ORKLAINDIA,0.4414
2026-09-23,15:29,PAGEIND,-2.8616
2026-09-23,15:29,PAISALO,30.4141
2026-09-23,15:29,PANACHE,3.3198
2026-09-23,15:29,PARADEEP,1.6205
2026-09-23,15:29,PARAGMILK,22.6342
2026-09-23,15:29,PARAS,7.5701
2026-09-23,15:29,PARKHOSPS,1.4157
2026-09-23,15:29,PASUPTAC,24.7577
2026-09-23,15:29,PATANJALI,15.9915
2026-09-23,15:29,PAUSHAKLTD,-0.2757
2026-09-23,15:29,PAYTM,11.376
2026-09-23,15:29,PCBL,7.2327
2026-09-23,15:29,PDMJEPAPER,9.2982
2026-09-23,15:29,PENIND,15.065
2026-09-23,15:29,PETRONET,3.1949
2026-09-23,15:29,PFOCUS,19.7478
2026-09-23,15:29,PGIL,6.8463
2026-09-23,15:29,PHOENIXLTD,4.4271
2026-09-23,15:29,PINELABS,12.3642
2026-09-23,15:29,PITTIENG,21.5286
2026-09-23,15:29,PLATIND,0.5058
2026-09-23,15:29,PNB,3.7446
2026-09-23,15:29,PNBHOUSING,-0.3152
2026-09-23,15:29,POCL,-1.1158
2026-09-23,15:29,POLICYBZR,8.8459
2026-09-23,15:29,POONAWALLA,-1.7139
2026-09-23,15:29,POWERGRID,0.8397
2026-09-23,15:29,POWERICA,8.0439
2026-09-23,15:29,POWERMECH,0.4586
2026-09-23,15:29,PPL,2.3112
2026-09-23,15:29,PPLPHARMA,-1.6107
2026-09-23,15:29,PRABHA,46.7867
2026-09-23,15:29,PRADPME,-1.4703
2026-09-23,15:29,PRAJIND,-2.9554
2026-09-23,15:29,PRAKASH,-1.6422
2026-09-23,15:29,PRECWIRE,20.437
2026-09-23,15:29,PREMEXPLN,3.654
2026-09-23,15:29,PREMIERPOL,39.2055
2026-09-23,15:29,PRICOLLTD,3.5949
2026-09-23,15:29,PRIMESECU,0.3046
2026-09-23,15:29,PRINCEPIPE,-1.9554
2026-09-23,15:29,PRIVISCL,-2.8689
2026-09-23,15:29,PROTEAN,12.8615
2026-09-23,15:29,PROZONER,22.5693
2026-09-23,15:29,PRSMJOHNSN,7.2198
2026-09-23,15:29,PRUDENT,-1.4318
2026-09-23,15:29,PTCIL,18.2429
2026-09-23,15:29,PTL,-1.9517
2026-09-23,15:29,PUNJABCHEM,-3.5417
2026-09-23,15:29,PURVA,2.1243
2026-09-23,15:29,PVP,99.1004
2026-09-23,15:29,PVRINOX,13.558
2026-09-23,15:29,PWL,8.4369
2026-09-23,15:29,QPOWER,25.5225
2026-09-23,15:29,QUADFUTURE,47.5343
2026-09-23,15:29,QUESS,10.7341
2026-09-23,15:29,QUICKHEAL,0.1387
2026-09-23,15:29,RACLGEAR,19.0027
2026-09-23,15:29,RADHIKAJWE,0.5312
2026-09-23,15:29,RADICO,1.2519
2026-09-23,15:29,RAIN,9.3337
2026-09-23,15:29,RAJOOENG,7.868
2026-09-23,15:29,RAJPALAYAM,-3.8499
2026-09-23,15:29,RAMBHAJO,52.4972
2026-09-23,15:29,RAMRAT,24.2825
2026-09-23,15:29,RATNAMANI,24.204
2026-09-23,15:29,RATNAVEER,60.7489
2026-09-23,15:29,RAYMOND,78.544
2026-09-23,15:29,RAYMONDREL,10.2002
2026-09-23,15:29,RBA,2.3853
2026-09-23,15:29,RBLBANK,9.8281
2026-09-23,15:29,RBZJEWEL,15.2726
2026-09-23,15:29,REDINGTON,13.0306
2026-09-23,15:29,REFEX,-2.7481
2026-09-23,15:29,REGAAL,9.2674
2026-09-23,15:29,RELIGARE,10.7411
2026-09-23,15:29,RENUKA,3.8306
2026-09-23,15:29,RESPONIND,-2.8096
2026-09-23,15:29,RGL,47.9861
2026-09-23,15:29,RIIL,-3.2715
2026-09-23,15:29,RISHABH,8.8532
2026-09-23,15:29,RMDRIP,34.3768
2026-09-23,15:29,RML,23.8656
2026-09-23,15:29,ROHLTD,-0.7848
2026-09-23,15:29,ROLEXRINGS,3.5479
2026-09-23,15:29,ROSSTECH,35.9209
2026-09-23,15:29,RPEL,31.4771
2026-09-23,15:29,RPGLIFE,14.8857
2026-09-23,15:29,RPTECH,1.2278
2026-09-23,15:29,RSL,20.0313
2026-09-23,15:29,RSWM,8.3911
2026-09-23,15:29,RSYSTEMS,-2.1841
2026-09-23,15:29,RUBICON,1.1903
2026-09-23,15:29,RUBYMILLS,33.4422
2026-09-23,15:29,RUSTOMJEE,-1.1486
2026-09-23,15:29,SAATVIKGL,4.8981
2026-09-23,15:29,SAFARI,-0.5733
2026-09-23,15:29,SAGILITY,6.9038
2026-09-23,15:29,SAIL,7.1908
2026-09-23,15:29,SAILIFE,11.4373
2026-09-23,15:29,SAKAR,21.903
2026-09-23,15:29,SALSTEEL,44.3709
2026-09-23,15:29,SALZERELEC,-3.6585
2026-09-23,15:29,SAMBHV,33.3839
2026-09-23,15:29,SAMHI,-2.9124
2026-09-23,15:29,SANATHAN,0.9872
2026-09-23,15:29,SANGAMIND,-1.9074
2026-09-23,15:29,SANSERA,25.4077
2026-09-23,15:29,SANSTAR,-0.6525
2026-09-23,15:29,SAPPHIRE,-1.9236
2026-09-23,15:29,SARDAEN,2.0369
2026-09-23,15:29,SARLAPOLY,-0.8524
2026-09-23,15:29,SATIA,10.2476
2026-09-23,15:29,SATIN,0.1155
2026-09-23,15:29,SAYAJIHOTL,4.8077
2026-09-23,15:29,SBC,17.5139
2026-09-23,15:29,SBCL,11.2394
2026-09-23,15:29,SBFC,-2.8026
2026-09-23,15:29,SBICARD,-2.3152
2026-09-23,15:29,SBIFUNDS,-3.0082
2026-09-23,15:29,SCHAEFFLER,-1.5802
2026-09-23,15:29,SCODATUBES,-1.6564
2026-09-23,15:29,SCPL,5.5709
2026-09-23,15:29,SEAMECLTD,13.2821
2026-09-23,15:29,SEDEMAC,-1.9702
2026-09-23,15:29,SEJALLTD,0.0071
2026-09-23,15:29,SESHAPAPER,6.4163
2026-09-23,15:29,SETL,36.8988
2026-09-23,15:29,SGIL,9.8423
2026-09-23,15:29,SGMART,1.8804
2026-09-23,15:29,SHADOWFAX,14.7452
2026-09-23,15:29,SHANTIGEAR,67.2634
2026-09-23,15:29,SHANTIGOLD,26.4741
2026-09-23,15:29,SHARDAMOTR,10.8279
2026-09-23,15:29,SHAREINDIA,31.2843
2026-09-23,15:29,SHILPAMED,26.5951
2026-09-23,15:29,SHINDL,-0.3279
2026-09-23,15:29,SHIVALIK,68.0553
2026-09-23,15:29,SHIVAUM,20.6961
2026-09-23,15:29,SHREEJISPG,14.9266
2026-09-23,15:29,SHREEPUSHK,19.8743
2026-09-23,15:29,SHREERAMA,20.2153
2026-09-23,15:29,SHRIPISTON,1.5999
2026-09-23,15:29,SHYAMMETL,12.2868
2026-09-23,15:29,SIEMENS,-3.1164
2026-09-23,15:29,SIGACHI,21.4258
2026-09-23,15:29,SIGMAADV,33.5377
2026-09-23,15:29,SIGNPOST,1.1634
2026-09-23,15:29,SIKA,-3.8863
2026-09-23,15:29,SIMPLEXINF,-2.6908
2026-09-23,15:29,SINDHUTRAD,-2.0041
2026-09-23,15:29,SIS,-3.6796
2026-09-23,15:29,SJS,-2.8592
2026-09-23,15:29,SKFINDIA,-0.1904
2026-09-23,15:29,SKFINDUS,5.7106
2026-09-23,15:29,SKIPPER,7.8385
2026-09-23,15:29,SKYGOLD,0.5126
2026-09-23,15:29,SMARTWORKS,13.1667
2026-09-23,15:29,SMCGLOBAL,9.7205
2026-09-23,15:29,SMLMAH,30.4406
2026-09-23,15:29,SMSPHARMA,27.5116
2026-09-23,15:29,SOFTTECH,16.2491
2026-09-23,15:29,SOLARA,42.1073
2026-09-23,15:29,SOLARINDS,5.1145
2026-09-23,15:29,SOMANYCERA,16.8643
2026-09-23,15:29,SONACOMS,4.125
2026-09-23,15:29,SOTL,2.2213
2026-09-23,15:29,SOUTHBANK,2.7723
2026-09-23,15:29,SPARC,0.19
2026-09-23,15:29,SPECIALITY,-3.8777
2026-09-23,15:29,SPECTRUM,34.8588
2026-09-23,15:29,SPIC,0.1944
2026-09-23,15:29,SPLPETRO,28.7413
2026-09-23,15:29,SPORTKING,1.4746
2026-09-23,15:29,SREEL,27.3906
2026-09-23,15:29,SRF,-0.7782
2026-09-23,15:29,SRHHYPOLTD,17.2772
2026-09-23,15:29,SSWL,17.1865
2026-09-23,15:29,STAR,21.9884
2026-09-23,15:29,STEELCAS,9.5311
2026-09-23,15:29,STEL,19.8167
2026-09-23,15:29,STERTOOLS,-0.1529
2026-09-23,15:29,STLNETWORK,90.0574
2026-09-23,15:29,STLTECH,39.8548
2026-09-23,15:29,STOVEKRAFT,4.5721
2026-09-23,15:29,STUDDS,-1.3408
2026-09-23,15:29,STYLEBAAZA,6.96
2026-09-23,15:29,SUBEXLTD,58.053
2026-09-23,15:29,SUDARCOLOR,-3.8987
2026-09-23,15:29,SUDARSCHEM,11.4324
2026-09-23,15:29,SUDEEPPHRM,8.2281
2026-09-23,15:29,SUKHJITS,0.7498
2026-09-23,15:29,SUNCLAY,2.6609
2026-09-23,15:29,SUNDARMFIN,4.6656
2026-09-23,15:29,SUNDRMFAST,-2.0371
2026-09-23,15:29,SUNDROP,10.2912
2026-09-23,15:29,SUNFLAG,5.8401
2026-09-23,15:29,SUNTECK,-2.175
2026-09-23,15:29,SUNTV,1.3438
2026-09-23,15:29,SUPREMEIND,1.8079
2026-09-23,15:29,SUPRIYA,17.6146
2026-09-23,15:29,SURAJEST,5.5705
2026-09-23,15:29,SURAKSHA,37.5992
2026-09-23,15:29,SUTLEJTEX,2.231
2026-09-23,15:29,SUVEN,0.3965
2026-09-23,15:29,SVLL,15.448
2026-09-23,15:29,SWANCORP,-3.5984
2026-09-23,15:29,SWANDEF,7.8639
2026-09-23,15:29,SWARAJENG,-1.0728
2026-09-23,15:29,SWIGGY,-0.713
2026-09-23,15:29,SYNCOMF,37.7151
2026-09-23,15:29,SYRMA,15.0254
2026-09-23,15:29,SYSTMTXC,29.2744
2026-09-23,15:29,TALBROAUTO,13.8919
2026-09-23,15:29,TARC,0.5195
2026-09-23,15:29,TARIL,-2.7264
2026-09-23,15:29,TARSONS,12.8701
2026-09-23,15:29,TASTYBITE,8.7956
2026-09-23,15:29,TATACHEM,0.172
2026-09-23,15:29,TATACOMM,-2.6058
2026-09-23,15:29,TATAINVEST,-2.098
2026-09-23,15:29,TATAPOWER,-2.8947
2026-09-23,15:29,TATASTEEL,1.3652
2026-09-23,15:29,TATVA,-0.4145
2026-09-23,15:29,TBOTEK,3.9519
2026-09-23,15:29,TBZ,145.5061
2026-09-23,15:29,TCPLPACK,8.9015
2026-09-23,15:29,TDPOWERSYS,20.022
2026-09-23,15:29,TEGA,26.2097
2026-09-23,15:29,TEJASNET,-2.2582
2026-09-23,15:29,TEXINFRA,10.0151
2026-09-23,15:29,TEXRAIL,16.2195
2026-09-23,15:29,TFCILTD,22.4481
2026-09-23,15:29,THANGAMAYL,1.7024
2026-09-23,15:29,THEJO,0.8819
2026-09-23,15:29,THELEELA,6.3836
2026-09-23,15:29,THEMISMED,7.8331
2026-09-23,15:29,TI,15.5065
2026-09-23,15:29,TIIL,15.7538
2026-09-23,15:29,TIL,13.6609
2026-09-23,15:29,TIMEX,26.6358
2026-09-23,15:29,TIMKEN,2.3758
2026-09-23,15:29,TIPSMUSIC,0.2092
2026-09-23,15:29,TIRUMALCHM,1.5863
2026-09-23,15:29,TIRUPATIFL,14.8512
2026-09-23,15:29,TITAGARH,-0.3255
2026-09-23,15:29,TMB,6.2745
2026-09-23,15:29,TMCV,0.0333
2026-09-23,15:29,TNPETRO,24.2941
2026-09-23,15:29,TORNTPHARM,2.0262
2026-09-23,15:29,TRANSPEK,13.0082
2026-09-23,15:29,TRANSRAILL,3.2742
2026-09-23,15:29,TREL,2.2451
2026-09-23,15:29,TRIVENI,1.6569
2026-09-23,15:29,TSFINV,7.7542
2026-09-23,15:29,TTKHLTCARE,-3.142
2026-09-23,15:29,TURTLEMINT,8.2777
2026-09-23,15:29,TVSSCS,5.0511
2026-09-23,15:29,TVSSRICHAK,17.905
2026-09-23,15:29,UDS,-1.4452
2026-09-23,15:29,UFLEX,34.8858
2026-09-23,15:29,UGARSUGAR,25.7306
2026-09-23,15:29,ULTRAMAR,13.1538
2026-09-23,15:29,UNICHEMLAB,-0.1046
2026-09-23,15:29,UNIECOM,-1.1164
2026-09-23,15:29,UNIMECH,20.7331
2026-09-23,15:29,UNIONBANK,-1.3699
2026-09-23,15:29,UNIPARTS,6.8221
2026-09-23,15:29,UNITEDPOLY,47.9073
2026-09-23,15:29,UNIVASTU,4.9633
2026-09-23,15:29,UNIVPHOTO,26.8381
2026-09-23,15:29,UPL,-2.6144
2026-09-23,15:29,URBANCO,23.5993
2026-09-23,15:29,USHAMART,4.9323
2026-09-23,15:29,UTIAMC,0.4582
2026-09-23,15:29,UTLSOLAR,13.0369
2026-09-23,15:29,UTTAMSUGAR,5.3266
2026-09-23,15:29,V2RETAIL,-3.8739
2026-09-23,15:29,VADILALIND,1.7796
2026-09-23,15:29,VALIANTLAB,70.2809
2026-09-23,15:29,VALIANTORG,35.8076
2026-09-23,15:29,VARROC,-0.6709
2026-09-23,15:29,VASCONEQ,2.9972
2026-09-23,15:29,VBL,-0.1945
2026-09-23,15:29,VEDL,-1.4545
2026-09-23,15:29,VELJAN,20.6517
2026-09-23,15:29,VENKEYS,10.0403
2026-09-23,15:29,VENTIVE,-3.0834
2026-09-23,15:29,VENUSPIPES,39.9549
2026-09-23,15:29,VENUSREM,4.781
2026-09-23,15:29,VGUARD,-2.436
2026-09-23,15:29,VHL,-2.9623
2026-09-23,15:29,VHLTD,-2.6326
2026-09-23,15:29,VIDHIING,13.9848
2026-09-23,15:29,VIJAYA,9.9776
2026-09-23,15:29,VIKRAMSOLR,1.6998
2026-09-23,15:29,VINCOFE,23.349
2026-09-23,15:29,VINDHYATEL,17.9333
2026-09-23,15:29,VISHNU,23.299
2026-09-23,15:29,VIVIANA,4.8022
2026-09-23,15:29,VIYASH,-2.9451
2026-09-23,15:29,VMART,-3.4491
2026-09-23,15:29,VMM,-3.8549
2026-09-23,15:29,VOEPL,4.9083
2026-09-23,15:29,VOLTAMP,7.8067
2026-09-23,15:29,VSSL,24.3162
2026-09-23,15:29,VSTTILLERS,-0.907
2026-09-23,15:29,WABAG,5.0561
2026-09-23,15:29,WAKEFIT,17.9145
2026-09-23,15:29,WCIL,13.0298
2026-09-23,15:29,WELCORP,52.2565
2026-09-23,15:29,WELENT,35.2438
2026-09-23,15:29,WELINV,36.4545
2026-09-23,15:29,WELSPLSOL,11.4601
2026-09-23,15:29,WELSPUNLIV,40.1541
2026-09-23,15:29,WENDT,8.2512
2026-09-23,15:29,WESTLIFE,2.6138
2026-09-23,15:29,WHEELS,62.0587
2026-09-23,15:29,WHIRLPOOL,8.8296
2026-09-23,15:29,WINDLAS,14.2456
2026-09-23,15:29,WINDMACHIN,-2.3794
2026-09-23,15:29,WOCKPHARMA,22.0121
2026-09-23,15:29,WONDERLA,6.0748
2026-09-23,15:29,WPIL,2.2661
2026-09-23,15:29,WSTCSTPAPR,25.1465
2026-09-23,15:29,XPROINDIA,8.4759
2026-09-23,15:29,XTRANET,111.5269
2026-09-23,15:29,YASHO,-3.7549
2026-09-23,15:29,YATHARTH,34.2497
2026-09-23,15:29,YESBANK,2.1538
2026-09-23,15:29,YUKEN,41.4431
2026-09-23,15:29,ZFSTEERING,6.3558
2026-09-23,15:29,ZIMLAB,20.836
2026-09-23,15:29,ZOTA,10.5757
2026-09-23,15:29,ZUARI,-0.59
2026-09-23,15:29,ZUARIIND,7.9752
2026-09-23,15:29,ZYDUSLIFE,-1.7548
2026-09-23,15:29,ZYDUSWELL,4.92
2026-09-24,15:29,20MICRONS,16.1516
2026-09-24,15:29,3BBLACKBIO,12.3811
2026-09-24,15:29,3MINDIA,-3.7429
2026-09-24,15:29,63MOONS,-0.5188
2026-09-24,15:29,AARTIDRUGS,1.3326
2026-09-24,15:29,AARTIPHARM,5.1255
2026-09-24,15:29,ABDL,15.957
2026-09-24,15:29,ABSLAMC,-1.3865
2026-09-24,15:29,ACCELYA,-1.8734
2026-09-24,15:29,ACE,13.2196
2026-09-24,15:29,ACI,-2.895
2026-09-24,15:29,ACMESOLAR,19.8739
2026-09-24,15:29,ACSTECH,60.4512
2026-09-24,15:29,ACUTAAS,4.132
2026-09-24,15:29,ADANIENT,-2.8703
2026-09-24,15:29,ADANIGREEN,-3.918
2026-09-24,15:29,ADANIPORTS,7.2252
2026-09-24,15:29,ADANIPOWER,-3.6282
2026-09-24,15:29,ADFFOODS,3.8219
2026-09-24,15:29,ADOR,9.0755
2026-09-24,15:29,ADVANCE,0.5593
2026-09-24,15:29,ADVENZYMES,-2.9504
2026-09-24,15:29,AEGISLOG,8.3195
2026-09-24,15:29,AEGISVOPAK,5.6845
2026-09-24,15:29,AEQUS,2.5469
2026-09-24,15:29,AEROENTER,-1.8795
2026-09-24,15:29,AEROFLEX,18.0607
2026-09-24,15:29,AETHER,2.0773
2026-09-24,15:29,AGARWALEYE,-1.8281
2026-09-24,15:29,AGI,16.3385
2026-09-24,15:29,AHCL,101.3352
2026-09-24,15:29,AIIL,-0.5768
2026-09-24,15:29,AJANTPHARM,-0.0424
2026-09-24,15:29,AJAXENGG,1.6254
2026-09-24,15:29,AJMERA,2.5792
2026-09-24,15:29,AKCAPIT,0.0347
2026-09-24,15:29,AKUMS,9.0206
2026-09-24,15:29,ALBERTDAVD,12.0674
2026-09-24,15:29,ALEMBICLTD,26.4064
2026-09-24,15:29,ALGOQUANT,9.0517
2026-09-24,15:29,ALIVUS,0.6613
2026-09-24,15:29,ALKEM,-2.8102
2026-09-24,15:29,ALKYLAMINE,-1.4446
2026-09-24,15:29,ALLDIGI,-4.0773
2026-09-24,15:29,AMANTA,20.986
2026-09-24,15:29,AMBER,-1.0594
2026-09-24,15:29,AMBIKCO,-1.9651
2026-09-24,15:29,AMRUTANJAN,4.4743
2026-09-24,15:29,ANANDRATHI,-0.9868
2026-09-24,15:29,ANANTRAJ,1.5375
2026-09-24,15:29,ANDHRAPAP,23.9185
2026-09-24,15:29,ANGELONE,-0.1031
2026-09-24,15:29,ANTELOPUS,40.9898
2026-09-24,15:29,ANTHEM,0.8197
2026-09-24,15:29,ANUHPHR,17.6211
2026-09-24,15:29,ANURAS,-2.2584
2026-09-24,15:29,APARINDS,-1.0889
2026-09-24,15:29,APCOTEXIND,0.2078
2026-09-24,15:29,APLAPOLLO,9.3986
2026-09-24,15:29,APLLTD,0.9921
2026-09-24,15:29,APOLLO,5.0546
2026-09-24,15:29,APOLLOHOSP,3.3907
2026-09-24,15:29,APOLLOPIPE,-0.4388
2026-09-24,15:29,APTECHT,-2.5294
2026-09-24,15:29,ARFIN,5.5228
2026-09-24,15:29,ARIES,17.5035
2026-09-24,15:29,ARIHANTCAP,22.8949
2026-09-24,15:29,ARIS,4.6994
2026-09-24,15:29,ARKADE,-3.8023
2026-09-24,15:29,ARROWGREEN,14.192
2026-09-24,15:29,ARSSBL,0.3328
2026-09-24,15:29,ARTEMISMED,5.185
2026-09-24,15:29,ARVIND,-0.2029
2026-09-24,15:29,ASAHIINDIA,8.2894
2026-09-24,15:29,ASHIANA,2.0221
2026-09-24,15:29,ASHOKA,-0.7463
2026-09-24,15:29,ASIANENE,16.9665
2026-09-24,15:29,ASIANHOTNR,28.0829
2026-09-24,15:29,ASKAUTOLTD,-1.2976
2026-09-24,15:29,ASTAR,14.535
2026-09-24,15:29,ASTEC,19.898
2026-09-24,15:29,ASTRAMICRO,-4.1552
2026-09-24,15:29,ATHERENERG,-4.4858
2026-09-24,15:29,ATL,2.1087
2026-09-24,15:29,ATLANTAELE,-4.4086
2026-09-24,15:29,AUROPHARMA,2.9394
2026-09-24,15:29,AURUM,-2.5748
2026-09-24,15:29,AVADHSUGAR,15.4956
2026-09-24,15:29,AVALON,17.9337
2026-09-24,15:29,AVANTEL,-1.8265
2026-09-24,15:29,AVL,1.725
2026-09-24,15:29,AVTNPL,32.2659
2026-09-24,15:29,AWFIS,-4.251
2026-09-24,15:29,AWHCL,-2.8306
2026-09-24,15:29,AXISBANK,-3.5366
2026-09-24,15:29,AXISCADES,24.6015
2026-09-24,15:29,AYE,-2.8085
2026-09-24,15:29,AYMSYNTEX,12.7172
2026-09-24,15:29,AZAD,8.0177
2026-09-24,15:29,BAFNAPH,27.9165
2026-09-24,15:29,BAJAJ-AUTO,-4.2051
2026-09-24,15:29,BAJAJHCARE,6.9324
2026-09-24,15:29,BAJAJHFL,-2.1236
2026-09-24,15:29,BALAJITELE,3.0989
2026-09-24,15:29,BALAMINES,6.9729
2026-09-24,15:29,BALRAMCHIN,9.0458
2026-09-24,15:29,BALUFORGE,7.581
2026-09-24,15:29,BANCOINDIA,-4.1836
2026-09-24,15:29,BANDHANBNK,3.9205
2026-09-24,15:29,BANSALWIRE,0.1084
2026-09-24,15:29,BBL,-4.1255
2026-09-24,15:29,BBOX,3.0178
2026-09-24,15:29,BBTC,-3.5884
2026-09-24,15:29,BEEKAY,-2.1233
2026-09-24,15:29,BEL,-3.3769
2026-09-24,15:29,BEML,7.566
2026-09-24,15:29,BENGALASM,-1.2891
2026-09-24,15:29,BEPL,5.4339
2026-09-24,15:29,BFINVEST,-3.8184
2026-09-24,15:29,BGRENERGY,-1.8994
2026-09-24,15:29,BHAGERIA,75.14
2026-09-24,15:29,BHAGYANGR,14.0332
2026-09-24,15:29,BHARATFORG,-3.9683
2026-09-24,15:29,BHARTIHEXA,1.4266
2026-09-24,15:29,BHEL,-1.1071
2026-09-24,15:29,BIL,23.1111
2026-09-24,15:29,BIRLACABLE,17.3471
2026-09-24,15:29,BLACKBUCK,4.3834
2026-09-24,15:29,BLACKROSE,4.3647
2026-09-24,15:29,BLISSGVS,40.3432
2026-09-24,15:29,BLKASHYAP,0.4562
2026-09-24,15:29,BLSE,3.1739
2026-09-24,15:29,BLUEJET,-2.325
2026-09-24,15:29,BLUESTARCO,2.349
2026-09-24,15:29,BLUSPRING,15.6777
2026-09-24,15:29,BODALCHEM,183.629
2026-09-24,15:29,BOROLTD,7.3436
2026-09-24,15:29,BOSCH-HCIL,0.9453
2026-09-24,15:29,BOSCHLTD,2.7324
2026-09-24,15:29,BPCL,-3.123
2026-09-24,15:29,BRIGADE,2.2346
2026-09-24,15:29,BSHSL,-3.7012
2026-09-24,15:29,BUILDPRO,2.3978
2026-09-24,15:29,CAMPUS,-3.689
2026-09-24,15:29,CANHLIFE,2.649
2026-09-24,15:29,CANTABIL,4.3258
2026-09-24,15:29,CAPILLARY,7.3787
2026-09-24,15:29,CAPITALSFB,-3.8554
2026-09-24,15:29,CAPLIPOINT,15.9764
2026-09-24,15:29,CARBORUNIV,12.3289
2026-09-24,15:29,CARERATING,-4.1953
2026-09-24,15:29,CARTRADE,10.6903
2026-09-24,15:29,CASTROLIND,3.408
2026-09-24,15:29,CDSL,-1.419
2026-09-24,15:29,CEIGALL,19.7902
2026-09-24,15:29,CEMPRO,0.539
2026-09-24,15:29,CENTRALBK,-0.2877
2026-09-24,15:29,CENTUM,27.4831
2026-09-24,15:29,CEWATER,2.9693
2026-09-24,15:29,CGCL,13.3989
2026-09-24,15:29,CGPOWER,-0.1464
2026-09-24,15:29,CHALET,8.8421
2026-09-24,15:29,CHEMCON,18.6063
2026-09-24,15:29,CHEMPLASTS,5.6485
2026-09-24,15:29,CHENNPETRO,-0.4929
2026-09-24,15:29,CHEVIOT,0.3872
2026-09-24,15:29,CIFL,-0.7299
2026-09-24,15:29,CIPLA,-4.3746
2026-09-24,15:29,CLEAN,1.3107
2026-09-24,15:29,CLEANMAX,9.0794
2026-09-24,15:29,CLSEL,3.0848
2026-09-24,15:29,CMRGREEN,2.3273
2026-09-24,15:29,COALINDIA,3.1029
2026-09-24,15:29,COFFEEDAY,2.6413
2026-09-24,15:29,COFORGE,-0.8659
2026-09-24,15:29,COHANCE,2.2055
2026-09-24,15:29,COMSYN,8.6351
2026-09-24,15:29,CONCORDBIO,2.3604
2026-09-24,15:29,CONFIPET,16.8924
2026-09-24,15:29,CONSOFINVT,3.9096
2026-09-24,15:29,CONTROLPR,3.022
2026-09-24,15:29,CORDELIA,30.7935
2026-09-24,15:29,CORONA,-1.1658
2026-09-24,15:29,CPPLUS,-2.539
2026-09-24,15:29,CRAFTSMAN,1.8933
2026-09-24,15:29,CREST,0.2202
2026-09-24,15:29,CRISIL,-0.0799
2026-09-24,15:29,CRIZAC,1.9614
2026-09-24,15:29,CSBBANK,4.5583
2026-09-24,15:29,CSM,-0.2161
2026-09-24,15:29,CUB,2.1635
2026-09-24,15:29,CYIENT,25.8537
2026-09-24,15:29,CYIENTDLM,32.477
2026-09-24,15:29,DALMIASUG,-2.5847
2026-09-24,15:29,DATAPATTNS,-2.1265
2026-09-24,15:29,DBL,-0.5663
2026-09-24,15:29,DBOL,-0.7975
2026-09-24,15:29,DCBBANK,13.3394
2026-09-24,15:29,DCMSHRIRAM,-1.8215
2026-09-24,15:29,DCMSIL,4.694
2026-09-24,15:29,DCW,5.199
2026-09-24,15:29,DECCANCE,1.1002
2026-09-24,15:29,DECNGOLD,-2.6503
2026-09-24,15:29,DEEDEV,5.7774
2026-09-24,15:29,DEEPINDS,10.0417
2026-09-24,15:29,DELTACORP,19.7167
2026-09-24,15:29,DEN,-1.7414
2026-09-24,15:29,DEVYANI,-1.9328
2026-09-24,15:29,DHAMPURSUG,3.3976
2026-09-24,15:29,DHARMAJ,7.9368
2026-09-24,15:29,DHUNINV,1.9543
2026-09-24,15:29,DIACABS,-2.0383
2026-09-24,15:29,DICIND,28.0645
2026-09-24,15:29,DIFFNKG,17.8296
2026-09-24,15:29,DISAQ,3.3213
2026-09-24,15:29,DIVISLAB,11.6512
2026-09-24,15:29,DIXON,-3.6304
2026-09-24,15:29,DLF,1.3071
2026-09-24,15:29,DLINKINDIA,-1.6551
2026-09-24,15:29,DMCC,-1.42
2026-09-24,15:29,DODLA,0.2012
2026-09-24,15:29,DOLATALGO,-4.455
2026-09-24,15:29,DOLLAR,-2.8128
2026-09-24,15:29,DOLPHIN,38.6265
2026-09-24,15:29,DPABHUSHAN,-0.8115
2026-09-24,15:29,DRAGARWQ,-2.8711
2026-09-24,15:29,DREDGECORP,-3.887
2026-09-24,15:29,DRREDDY,0.0333
2026-09-24,15:29,DVL,8.5735
2026-09-24,15:29,DWARKESH,-1.9731
2026-09-24,15:29,DYCL,4.2291
2026-09-24,15:29,DYNAMATECH,17.5848
2026-09-24,15:29,E2E,2.4232
2026-09-24,15:29,EBGNG,17.8114
2026-09-24,15:29,ECLERX,4.4139
2026-09-24,15:29,EDELWEISS,16.9134
2026-09-24,15:29,EFCIL,1.7863
2026-09-24,15:29,EIEL,-0.7384
2026-09-24,15:29,EIHAHOTELS,-1.4513
2026-09-24,15:29,EIHOTEL,-0.536
2026-09-24,15:29,EIMCOELECO,28.3717
2026-09-24,15:29,EKC,-0.615
2026-09-24,15:29,ELANTAS,21.0207
2026-09-24,15:29,ELDEHSG,1.2928
2026-09-24,15:29,ELECON,3.9982
2026-09-24,15:29,ELECTCAST,-1.3594
2026-09-24,15:29,ELGIEQUIP,5.7771
2026-09-24,15:29,ELPROINTL,-1.4213
2026-09-24,15:29,EMAMILTD,-1.6992
2026-09-24,15:29,EMAMIPAP,3.1607
2026-09-24,15:29,EMCURE,-2.8613
2026-09-24,15:29,EMIL,-2.2984
2026-09-24,15:29,EMKAY,10.4112
2026-09-24,15:29,EMMVEE,0.1261
2026-09-24,15:29,EMUDHRA,26.1647
2026-09-24,15:29,ENGINERSIN,24.0176
2026-09-24,15:29,ENTERO,30.4091
2026-09-24,15:29,EPACKPEB,4.1836
2026-09-24,15:29,EPIGRAL,-2.7248
2026-09-24,15:29,EPL,-2.2944
2026-09-24,15:29,ESAFSFB,2.4856
2026-09-24,15:29,ETERNAL,6.8301
2026-09-24,15:29,EXCELSOFT,8.6737
2026-09-24,15:29,EXICOM,16.1645
2026-09-24,15:29,EXPLEOSOL,5.8927
2026-09-24,15:29,FABTECH,0.4526
2026-09-24,15:29,FCL,31.4654
2026-09-24,15:29,FDC,-2.2756
2026-09-24,15:29,FEDDERSHOL,57.6754
2026-09-24,15:29,FEDFINA,0.573
2026-09-24,15:29,FILATEX,26.4194
2026-09-24,15:29,FINCABLES,15.6205
2026-09-24,15:29,FINEORG,-3.848
2026-09-24,15:29,FINKURVE,14.3183
2026-09-24,15:29,FLAIR,-2.6017
2026-09-24,15:29,FLUOROCHEM,-1.969
2026-09-24,15:29,FMGOETZE,-3.8485
2026-09-24,15:29,FORTIS,-2.5167
2026-09-24,15:29,FOSECOIND,17.1142
2026-09-24,15:29,FRONTSP,0.0596
2026-09-24,15:29,GAEL,-1.6751
2026-09-24,15:29,GAIL,-2.304
2026-09-24,15:29,GALAPREC,12.4295
2026-09-24,15:29,GALAXYSURF,11.0858
2026-09-24,15:29,GANDHAR,11.1817
2026-09-24,15:29,GANDHITUBE,2.2292
2026-09-24,15:29,GANESHBE,12.6759
2026-09-24,15:29,GANESHCP,-0.2095
2026-09-24,15:29,GANESHHOU,-3.7427
2026-09-24,15:29,GARFIBRES,1.7038
2026-09-24,15:29,GARUDA,-2.8775
2026-09-24,15:29,GAYAPROJ,19.8437
2026-09-24,15:29,GCSL,26.1051
2026-09-24,15:29,GEECEE,-1.6005
2026-09-24,15:29,GENESYS,36.1442
2026-09-24,15:29,GENUSPOWER,0.5411
2026-09-24,15:29,GEOJITFSL,1.8919
2026-09-24,15:29,GESHIP,15.6564
2026-09-24,15:29,GFLLIMITED,14.6764
2026-09-24,15:29,GHCL,-2.3299
2026-09-24,15:29,GHCLTEXTIL,16.7429
2026-09-24,15:29,GIPCL,7.1072
2026-09-24,15:29,GKENERGY,-2.624
2026-09-24,15:29,GKSL,28.3043
2026-09-24,15:29,GLAND,0.2144
2026-09-24,15:29,GLAXO,7.9765
2026-09-24,15:29,GLENMARK,6.131
2026-09-24,15:29,GLOBAL,36.973
2026-09-24,15:29,GLOBUSSPR,-4.2358
2026-09-24,15:29,GLOTTIS,-3.1044
2026-09-24,15:29,GMBREW,7.952
2026-09-24,15:29,GMMPFAUDLR,47.9394
2026-09-24,15:29,GMRP&UI,4.8382
2026-09-24,15:29,GNA,12.2783
2026-09-24,15:29,GNFC,13.438
2026-09-24,15:29,GOCOLORS,-1.5463
2026-09-24,15:29,GODREJAGRO,22.4174
2026-09-24,15:29,GODREJCP,-3.8462
2026-09-24,15:29,GOODLUCK,21.8865
2026-09-24,15:29,GOPAL,-3.9685
2026-09-24,15:29,GPIL,0.345
2026-09-24,15:29,GPPL,8.9993
2026-09-24,15:29,GPTHEALTH,2.8293
2026-09-24,15:29,GRANULES,-1.3645
2026-09-24,15:29,GRAPHITE,12.179
2026-09-24,15:29,GRASIM,-4.2717
2026-09-24,15:29,GRAUWEIL,29.1952
2026-09-24,15:29,GREAVESCOT,14.487
2026-09-24,15:29,GREENPLY,6.3799
2026-09-24,15:29,GRPLTD,0.5615
2026-09-24,15:29,GSFC,-3.3232
2026-09-24,15:29,GTPL,2.0949
2026-09-24,15:29,GUFICBIO,-0.6825
2026-09-24,15:29,GUJTHEM,16.3902
2026-09-24,15:29,GVT&D,-2.7278
2026-09-24,15:29,GYFTR,5.9444
2026-09-24,15:29,HAL,-4.4204
2026-09-24,15:29,HALDYNGL,16.349
2026-09-24,15:29,HAPPYFORGE,3.0702
2026-09-24,15:29,HARSHA,14.4161
2026-09-24,15:29,HATSUN,19.4042
2026-09-24,15:29,HAWKINCOOK,-1.3941
2026-09-24,15:29,HBLENGINE,12.1186
2026-09-24,15:29,HCC,7.8842
2026-09-24,15:29,HDBFS,-4.029
2026-09-24,15:29,HDFCAMC,-4.4056
2026-09-24,15:29,HDFCBANK,-0.0137
2026-09-24,15:29,HDFCLIFE,-1.8808
2026-09-24,15:29,HEALTHX,-1.1058
2026-09-24,15:29,HEG,10.6067
2026-09-24,15:29,HERANBA,0.2619
2026-09-24,15:29,HERITGFOOD,15.7836
2026-09-24,15:29,HEXAGON,-1.6841
2026-09-24,15:29,HEXATRADEX,0.102
2026-09-24,15:29,HIKAL,0.6155
2026-09-24,15:29,HINDOILEXP,6.4363
2026-09-24,15:29,HINDZINC,0.4362
2026-09-24,15:29,HIRECT,-1.8835
2026-09-24,15:29,HITECH,-3.7428
2026-09-24,15:29,HITECHCORP,1.6245
2026-09-24,15:29,HITECHGEAR,7.0818
2026-09-24,15:29,HLEGLAS,31.3371
2026-09-24,15:29,HMAAGRO,6.5138
2026-09-24,15:29,HMT,5.0196
2026-09-24,15:29,HNDFDS,3.8639
2026-09-24,15:29,HOMEFIRST,-2.0064
2026-09-24,15:29,HONASA,1.1874
2026-09-24,15:29,HUBTOWN,-2.6994
2026-09-24,15:29,IBULLSLTD,3.4973
2026-09-24,15:29,ICICIAMC,3.0768
2026-09-24,15:29,ICICIGI,-3.5474
2026-09-24,15:29,ICIL,11.5247
2026-09-24,15:29,IDBI,0.1698
2026-09-24,15:29,IDFCFIRSTB,-2.3776
2026-09-24,15:29,IFCI,2.2854
2026-09-24,15:29,IGPL,25.5675
2026-09-24,15:29,IIFL,-1.3104
2026-09-24,15:29,IIFLCAPS,3.791
2026-09-24,15:29,IKS,4.6315
2026-09-24,15:29,IL&FSENGG,20.2433
2026-09-24,15:29,IMAGICAA,8.3789
2026-09-24,15:29,IMPAL,-1.4466
2026-09-24,15:29,INDGN,5.076
2026-09-24,15:29,INDHOTEL,0.663
2026-09-24,15:29,INDIAGLYCO,45.7976
2026-09-24,15:29,INDIANHUME,-3.6899
2026-09-24,15:29,INDIASHLTR,-4.3501
2026-09-24,15:29,INDIGOPNTS,-0.3832
2026-09-24,15:29,INDIQUBE,5.5879
2026-09-24,15:29,INDNIPPON,13.1276
2026-09-24,15:29,INDOAMIN,1.0065
2026-09-24,15:29,INDOBORAX,0.7572
2026-09-24,15:29,INDOCO,15.0811
2026-09-24,15:29,INDOMIM,59.1878
2026-09-24,15:29,INDORAMA,74.8968
2026-09-24,15:29,INDPRUD,-2.2622
2026-09-24,15:29,INDRAMEDCO,-1.7111
2026-09-24,15:29,INDSWFTLAB,33.75
2026-09-24,15:29,INDUSTOWER,-0.9259
2026-09-24,15:29,INGERRAND,-1.3466
2026-09-24,15:29,INNOVACAP,27.9688
2026-09-24,15:29,INOXINDIA,8.0368
2026-09-24,15:29,INOXWIND,-1.2297
2026-09-24,15:29,INSECTICID,-3.9691
2026-09-24,15:29,INTERARCH,-1.2414
2026-09-24,15:29,INTLCONV,9.4639
2026-09-24,15:29,INVPRECQ,27.8605
2026-09-24,15:29,IOC,-3.0797
2026-09-24,15:29,IOLCP,28.2793
2026-09-24,15:29,IONEXCHANG,11.5961
2026-09-24,15:29,IPCALAB,13.0477
2026-09-24,15:29,IRISDOREME,15.8719
2026-09-24,15:29,ISGEC,13.9086
2026-09-24,15:29,ITC,-2.9513
2026-09-24,15:29,ITCHOTELS,-2.5606
2026-09-24,15:29,JAGRAN,-1.0386
2026-09-24,15:29,JAGSNPHARM,8.2051
2026-09-24,15:29,JAIBALAJI,-0.471
2026-09-24,15:29,JAINREC,-3.8449
2026-09-24,15:29,JAMNAAUTO,11.8213
2026-09-24,15:29,JARO,2.9928
2026-09-24,15:29,JASH,16.4431
2026-09-24,15:29,JAYAGROGN,9.7638
2026-09-24,15:29,JAYKAY,36.237
2026-09-24,15:29,JAYNECOIND,-1.2573
2026-09-24,15:29,JGCHEM,-0.6521
2026-09-24,15:29,JINDALPHOT,0.5675
2026-09-24,15:29,JINDALPOLY,4.9884
2026-09-24,15:29,JINDALSAW,5.0269
2026-09-24,15:29,JINDALSTEL,4.1187
2026-09-24,15:29,JINDRILL,-0.6212
2026-09-24,15:29,JINDWORLD,33.8323
2026-09-24,15:29,JISLJALEQS,5.5781
2026-09-24,15:29,JKCEMENT,-3.875
2026-09-24,15:29,JKIL,-2.6967
2026-09-24,15:29,JKPAPER,5.7213
2026-09-24,15:29,JMFINANCIL,-2.0359
2026-09-24,15:29,JNKINDIA,3.7324
2026-09-24,15:29,JNPR,1.898
2026-09-24,15:29,JSFB,-4.3287
2026-09-24,15:29,JSL,0.1423
2026-09-24,15:29,JSLL,-0.0684
2026-09-24,15:29,JSWDULUX,1.0615
2026-09-24,15:29,JSWHL,-3.9405
2026-09-24,15:29,JSWINFRA,4.0681
2026-09-24,15:29,JSWSTEEL,0.3231
2026-09-24,15:29,JTLIND,19.4327
2026-09-24,15:29,JUBLCPL,11.6146
2026-09-24,15:29,JUBLFOOD,-1.1966
2026-09-24,15:29,JUBLPHARMA,19.4532
2026-09-24,15:29,JUNIPER,9.6106
2026-09-24,15:29,JUSTDIAL,-2.1965
2026-09-24,15:29,JYOTHYLAB,-3.7
2026-09-24,15:29,JYOTICNC,30.9825
2026-09-24,15:29,KABRAEXTRU,62.8814
2026-09-24,15:29,KAJARIACER,-2.4277
2026-09-24,15:29,KALPATARU,-2.7481
2026-09-24,15:29,KALYANKJIL,-3.8713
2026-09-24,15:29,KAMATHOTEL,32.5889
2026-09-24,15:29,KAMDHENU,19.0673
2026-09-24,15:29,KANORICHEM,21.6416
2026-09-24,15:29,KANPRPLA,12.9275
2026-09-24,15:29,KAPSTON,-0.0173
2026-09-24,15:29,KARURVYSYA,-4.0732
2026-09-24,15:29,KCP,4.046
2026-09-24,15:29,KDDL,6.9911
2026-09-24,15:29,KENNAMET,19.4301
2026-09-24,15:29,KFINTECH,-2.6085
2026-09-24,15:29,KILITCH,13.6081
2026-09-24,15:29,KIMS,-0.4354
2026-09-24,15:29,KINGFA,4.6895
2026-09-24,15:29,KIRANVYPAR,3.7806
2026-09-24,15:29,KIRIINDUS,28.8756
2026-09-24,15:29,KIRLFER,9.1407
2026-09-24,15:29,KIRLOSENG,5.4105
2026-09-24,15:29,KIRLOSIND,-3.5553
2026-09-24,15:29,KISSHT,15.2178
2026-09-24,15:29,KLBRENG-B,43.403
2026-09-24,15:29,KMEW,11.1855
2026-09-24,15:29,KNAGRI,6.1357
2026-09-24,15:29,KOPRAN,56.964
2026-09-24,15:29,KOTAKBANK,3.7132
2026-09-24,15:29,KOTIC,-2.4751
2026-09-24,15:29,KOVAI,4.7292
2026-09-24,15:29,KPIGREEN,-1.1862
2026-09-24,15:29,KPIL,0.2005
2026-09-24,15:29,KPL,9.9071
2026-09-24,15:29,KPRMILL,2.3055
2026-09-24,15:29,KRBL,6.6988
2026-09-24,15:29,KRISHANA,-1.0405
2026-09-24,15:29,KRN,5.2331
2026-09-24,15:29,KRONOX,13.1202
2026-09-24,15:29,KROSS,33.2715
2026-09-24,15:29,KRSNAA,-3.9216
2026-09-24,15:29,KRYSTAL,2.7397
2026-09-24,15:29,KSB,1.7892
2026-09-24,15:29,KSCL,-0.5456
2026-09-24,15:29,KSHINTL,3.844
2026-09-24,15:29,KSL,13.7951
2026-09-24,15:29,KTKBANK,7.7941
2026-09-24,15:29,KUSUMGAR,0.6247
2026-09-24,15:29,KWIL,12.1154
2026-09-24,15:29,LALPATHLAB,0.4096
2026-09-24,15:29,LASERPOWER,-2.504
2026-09-24,15:29,LAURUSLABS,9.5243
2026-09-24,15:29,LAXMIDENTL,-1.6226
2026-09-24,15:29,LCL,11.855
2026-09-24,15:29,LEMONTREE,-2.2353
2026-09-24,15:29,LENSKART,15.2698
2026-09-24,15:29,LGBBROSLTD,8.9179
2026-09-24,15:29,LGEINDIA,7.531
2026-09-24,15:29,LICHSGFIN,11.0728
2026-09-24,15:29,LICI,-2.6379
2026-09-24,15:29,LIKHITHA,0.022
2026-09-24,15:29,LINCOLN,0.3036
2026-09-24,15:29,LLOYDSENGG,-1.6232
2026-09-24,15:29,LLOYDSENT,-2.9657
2026-09-24,15:29,LLOYDSME,-3.7864
2026-09-24,15:29,LMW,-2.359
2026-09-24,15:29,LODHA,-4.2184
2026-09-24,15:29,LOKESHMACH,-1.6069
2026-09-24,15:29,LOTUSDEV,25.9777
2026-09-24,15:29,LT,-4.0199
2026-09-24,15:29,LTFOODS,-0.5156
2026-09-24,15:29,LUMAXIND,-3.9138
2026-09-24,15:29,LUMAXTECH,1.4466
2026-09-24,15:29,LUXIND,-3.6389
2026-09-24,15:29,LXCHEM,4.4894
2026-09-24,15:29,MACPOWER,19.3941
2026-09-24,15:29,MAGADSUGAR,-3.3343
2026-09-24,15:29,MAHABANK,0.6229
2026-09-24,15:29,MAHASTEEL,21.848
2026-09-24,15:29,MAHLOG,3.2191
2026-09-24,15:29,MAHSCOOTER,-2.8226
2026-09-24,15:29,MAHSEAMLES,16.1653
2026-09-24,15:29,MAITHANALL,-1.4722
2026-09-24,15:29,MALLCOM,-3.1131
2026-09-24,15:29,MANAKCOAT,11.6255
2026-09-24,15:29,MANAKSTEEL,23.432
2026-09-24,15:29,MANALIPETC,23.5792
2026-09-24,15:29,MANBA,6.7788
2026-09-24,15:29,MANGLMCEM,14.1355
2026-09-24,15:29,MANINDS,60.8369
2026-09-24,15:29,MANINFRA,14.3897
2026-09-24,15:29,MANIPALHOS,7.228
2026-09-24,15:29,MANKIND,2.7496
2026-09-24,15:29,MANORAMA,15.7872
2026-09-24,15:29,MANYAVAR,0.4886
2026-09-24,15:29,MARATHON,10.0455
2026-09-24,15:29,MARICO,-3.5614
2026-09-24,15:29,MARINE,15.7061
2026-09-24,15:29,MARKSANS,7.9335
2026-09-24,15:29,MARSONS,20.5603
2026-09-24,15:29,MASTERTR,9.9342
2026-09-24,15:29,MATRIMONY,-0.5448
2026-09-24,15:29,MAWANASUG,16.7068
2026-09-24,15:29,MAXESTATES,46.6302
2026-09-24,15:29,MAXHEALTH,3.8213
2026-09-24,15:29,MAYURUNIQ,-2.351
2026-09-24,15:29,MAZDA,11.2289
2026-09-24,15:29,MBAPL,-1.0136
2026-09-24,15:29,MBECL,12364.0669
2026-09-24,15:29,MBEL,-1.5296
2026-09-24,15:29,MCCHRLS-B,-0.3089
2026-09-24,15:29,MCX,15.4069
2026-09-24,15:29,MEDANTA,8.0875
2026-09-24,15:29,MEDPLUS,-3.0813
2026-09-24,15:29,MEESHO,21.3403
2026-09-24,15:29,MEIL,-0.8183
2026-09-24,15:29,MENONBE,24.4536
2026-09-24,15:29,MERCURYEV,10.9937
2026-09-24,15:29,METROPOLIS,5.5304
2026-09-24,15:29,MGL,-3.4779
2026-09-24,15:29,MICEL,-1.9933
2026-09-24,15:29,MIDHANI,-0.3795
2026-09-24,15:29,MMFL,-3.7842
2026-09-24,15:29,MMP,31.5035
2026-09-24,15:29,MOBIKWIK,-1.5506
2026-09-24,15:29,MODISONLTD,48.1056
2026-09-24,15:29,MOL,3.9623
2026-09-24,15:29,MOLDTECH,10.2685
2026-09-24,15:29,MOLDTKPAC,-1.8236
2026-09-24,15:29,MONARCH,-3.2164
2026-09-24,15:29,MONTECARLO,3.2071
2026-09-24,15:29,MOREPENLAB,58.7258
2026-09-24,15:29,MOSCHIP,-0.9503
2026-09-24,15:29,MOTHERSON,-4.1298
2026-09-24,15:29,MOTILALOFS,13.4295
2026-09-24,15:29,MSPL,0.1434
2026-09-24,15:29,MSTCLTD,25.3375
2026-09-24,15:29,MTARTECH,-0.8648
2026-09-24,15:29,MUFIN,-2.644
2026-09-24,15:29,MUKANDLTD,14.5323
2026-09-24,15:29,MUKKA,11.828
2026-09-24,15:29,MUNJALAU,5.5194
2026-09-24,15:29,MUNJALSHOW,-2.6362
2026-09-24,15:29,MUTHOOTFIN,-1.7731
2026-09-24,15:29,MVELECTRO,40.4306
2026-09-24,15:29,MVGJL,37.7895
2026-09-24,15:29,NAHARINDUS,7.3031
2026-09-24,15:29,NAM-INDIA,-3.1633
2026-09-24,15:29,NAVINFLUOR,1.2505
2026-09-24,15:29,NAZARA,6.3458
2026-09-24,15:29,NCLIND,1.6394
2026-09-24,15:29,NELCO,1.9454
2026-09-24,15:29,NEOGEN,12.4698
2026-09-24,15:29,NEPHROPLUS,4.4688
2026-09-24,15:29,NESCO,2.8355
2026-09-24,15:29,NETWEB,-3.6362
2026-09-24,15:29,NEULANDLAB,-2.6877
2026-09-24,15:29,NH,2.5337
2026-09-24,15:29,NHPC,-0.7807
2026-09-24,15:29,NIACL,-0.381
2026-09-24,15:29,NIITLTD,-4.0555
2026-09-24,15:29,NILKAMAL,1.3123
2026-09-24,15:29,NINSYS,-1.0065
2026-09-24,15:29,NITINSPIN,12.5976
2026-09-24,15:29,NITTAGELA,7.3798
2026-09-24,15:29,NOCIL,17.1072
2026-09-24,15:29,NORTHARC,6.6151
2026-09-24,15:29,NOVARTIND,23.855
2026-09-24,15:29,NPST,15.9446
2026-09-24,15:29,NRAIL,22.0341
2026-09-24,15:29,NRBBEARING,14.5673
2026-09-24,15:29,NRL,43.167
2026-09-24,15:29,NSIL,-0.2086
2026-09-24,15:29,NSLNISP,-3.3182
2026-09-24,15:29,NTPC,-3.7855
2026-09-24,15:29,NTPCGREEN,3.2122
2026-09-24,15:29,NUCLEUS,-2.5406
2026-09-24,15:29,NUVAMA,-0.0766
2026-09-24,15:29,NUVOCO,0.3294
2026-09-24,15:29,NYKAA,2.21
2026-09-24,15:29,OAL,45.9956
2026-09-24,15:29,OBEROIRLTY,2.089
2026-09-24,15:29,OCCLLTD,7.4558
2026-09-24,15:29,OIL,1.4831
2026-09-24,15:29,OLAELEC,6.6734
2026-09-24,15:29,OMAXE,43.535
2026-09-24,15:29,OMNI,-4.4475
2026-09-24,15:29,OMPOWER,3.6392
2026-09-24,15:29,ONEPOINT,15.5359
2026-09-24,15:29,ONESOURCE,3.5993
2026-09-24,15:29,ONGC,-0.0209
2026-09-24,15:29,ONWARDTEC,0.4722
2026-09-24,15:29,OPTIEMUS,39.991
2026-09-24,15:29,ORCHPHARMA,3.0894
2026-09-24,15:29,ORICONENT,-1.6901
2026-09-24,15:29,ORIENTBELL,8.0398
2026-09-24,15:29,ORIENTCER,12.1677
2026-09-24,15:29,ORIENTHOT,10.9697
2026-09-24,15:29,ORKLAINDIA,-0.9794
2026-09-24,15:29,PAGEIND,-2.076
2026-09-24,15:29,PAISALO,30.1091
2026-09-24,15:29,PANACHE,4.9638
2026-09-24,15:29,PANAMAPET,0.0104
2026-09-24,15:29,PARADEEP,4.9735
2026-09-24,15:29,PARAGMILK,19.7461
2026-09-24,15:29,PARAS,4.8958
2026-09-24,15:29,PARKHOSPS,0.6356
2026-09-24,15:29,PASUPTAC,25.4318
2026-09-24,15:29,PATANJALI,14.8185
2026-09-24,15:29,PAUSHAKLTD,-3.9366
2026-09-24,15:29,PAYTM,7.795
2026-09-24,15:29,PCBL,6.9995
2026-09-24,15:29,PDMJEPAPER,5.5162
2026-09-24,15:29,PENIND,11.9286
2026-09-24,15:29,PERSISTENT,-3.5988
2026-09-24,15:29,PETRONET,2.412
2026-09-24,15:29,PFOCUS,18.9366
2026-09-24,15:29,PGIL,2.6931
2026-09-24,15:29,PHOENIXLTD,2.6247
2026-09-24,15:29,PIIND,-3.6045
2026-09-24,15:29,PINELABS,5.5199
2026-09-24,15:29,PITTIENG,11.1962
2026-09-24,15:29,PLATIND,-3.2912
2026-09-24,15:29,PNB,-1.5633
2026-09-24,15:29,PNGJL,-4.1815
2026-09-24,15:29,POCL,-4.2382
2026-09-24,15:29,POONAWALLA,-3.5736
2026-09-24,15:29,POWERGRID,-1.1319
2026-09-24,15:29,POWERICA,0.6257
2026-09-24,15:29,POWERMECH,0.9348
2026-09-24,15:29,PPL,0.3585
2026-09-24,15:29,PPLPHARMA,-1.0084
2026-09-24,15:29,PRABHA,42.3455
2026-09-24,15:29,PRADPME,-0.2565
2026-09-24,15:29,PRAJIND,-2.5435
2026-09-24,15:29,PRAKASH,-3.5568
2026-09-24,15:29,PRECWIRE,15.7708
2026-09-24,15:29,PREMEXPLN,4.5074
2026-09-24,15:29,PREMIERPOL,37.29
2026-09-24,15:29,PRICOLLTD,-2.4832
2026-09-24,15:29,PRIMESECU,2.9013
2026-09-24,15:29,PRINCEPIPE,-3.635
2026-09-24,15:29,PRIVISCL,-1.1925
2026-09-24,15:29,PROSTARM,-2.2737
2026-09-24,15:29,PROTEAN,14.9212
2026-09-24,15:29,PROZONER,29.0446
2026-09-24,15:29,PRSMJOHNSN,8.676
2026-09-24,15:29,PRUDENT,-4.2982
2026-09-24,15:29,PTCIL,15.4803
2026-09-24,15:29,PTL,-2.7749
2026-09-24,15:29,PUNJABCHEM,-3.4176
2026-09-24,15:29,PURVA,1.1809
2026-09-24,15:29,PVP,90.9224
2026-09-24,15:29,PVRINOX,5.6494
2026-09-24,15:29,PWL,7.0541
2026-09-24,15:29,PYRAMID,-0.5541
2026-09-24,15:29,QPOWER,15.8826
2026-09-24,15:29,QUADFUTURE,40.6408
2026-09-24,15:29,QUESS,5.7451
2026-09-24,15:29,QUICKHEAL,-1.176
2026-09-24,15:29,RACLGEAR,19.0082
2026-09-24,15:29,RADHIKAJWE,-2.3905
2026-09-24,15:29,RADICO,-1.1405
2026-09-24,15:29,RAIN,4.2268
2026-09-24,15:29,RAJOOENG,8.2346
2026-09-24,15:29,RALLIS,-4.3217
2026-09-24,15:29,RAMBHAJO,49.0917
2026-09-24,15:29,RAMRAT,15.7084
2026-09-24,15:29,RATNAMANI,26.0579
2026-09-24,15:29,RATNAVEER,54.2546
2026-09-24,15:29,RAYMOND,94.4987
2026-09-24,15:29,RAYMONDLSL,-3.8523
2026-09-24,15:29,RAYMONDREL,21.9315
2026-09-24,15:29,RBA,-3.3788
2026-09-24,15:29,RBLBANK,5.8876
2026-09-24,15:29,RBZJEWEL,21.9885
2026-09-24,15:29,REDINGTON,19.7407
2026-09-24,15:29,REDTAPE,-2.9713
2026-09-24,15:29,REFEX,-3.4254
2026-09-24,15:29,REGAAL,3.3299
2026-09-24,15:29,RELIGARE,1.1874
2026-09-24,15:29,RENUKA,4.2292
2026-09-24,15:29,REPCOHOME,-4.0169
2026-09-24,15:29,RGL,50.9897
2026-09-24,15:29,RHIM,-0.5442
2026-09-24,15:29,RICOAUTO,2.0939
2026-09-24,15:29,RISHABH,5.4242
2026-09-24,15:29,RMDRIP,32.3944
2026-09-24,15:29,RML,23.0186
2026-09-24,15:29,ROHLTD,-1.106
2026-09-24,15:29,ROLEXRINGS,4.8552
2026-09-24,15:29,ROSSTECH,30.2341
2026-09-24,15:29,RPEL,31.7304
2026-09-24,15:29,RPGLIFE,10.9925
2026-09-24,15:29,RPTECH,3.3454
2026-09-24,15:29,RSL,16.6752
2026-09-24,15:29,RSWM,7.8922
2026-09-24,15:29,RSYSTEMS,-1.112
2026-09-24,15:29,RUBICON,1.3607
2026-09-24,15:29,RUBYMILLS,32.7251
2026-09-24,15:29,RUSTOMJEE,-2.7518
2026-09-24,15:29,SAATVIKGL,0.5972
2026-09-24,15:29,SAFARI,-0.1618
2026-09-24,15:29,SAGILITY,3.9021
2026-09-24,15:29,SAIL,5.7471
2026-09-24,15:29,SAILIFE,8.971
2026-09-24,15:29,SAKAR,20.5974
2026-09-24,15:29,SALSTEEL,41.586
2026-09-24,15:29,SAMBHV,28.6281
2026-09-24,15:29,SAMHI,-3.3858
2026-09-24,15:29,SANATHAN,11.222
2026-09-24,15:29,SANGAMIND,0.2768
2026-09-24,15:29,SANOFI,-3.419
2026-09-24,15:29,SANSERA,18.7531
2026-09-24,15:29,SANSTAR,-2.2516
2026-09-24,15:29,SAPPHIRE,-2.6064
2026-09-24,15:29,SARDAEN,2.0431
2026-09-24,15:29,SAREGAMA,-3.4105
2026-09-24,15:29,SARLAPOLY,-0.448
2026-09-24,15:29,SATIA,9.9789
2026-09-24,15:29,SATIN,1.2264
2026-09-24,15:29,SAYAJIHOTL,4.4562
2026-09-24,15:29,SBC,19.4576
2026-09-24,15:29,SBCL,11.3524
2026-09-24,15:29,SBILIFE,-4.0984
2026-09-24,15:29,SCHAEFFLER,-2.4625
2026-09-24,15:29,SCODATUBES,0.1197
2026-09-24,15:29,SCPL,-3.3047
2026-09-24,15:29,SEAMECLTD,13.6877
2026-09-24,15:29,SEDEMAC,8.6426
2026-09-24,15:29,SEJALLTD,0.4559
2026-09-24,15:29,SENCO,-2.7918
2026-09-24,15:29,SESHAPAPER,5.2102
2026-09-24,15:29,SETL,34.2443
2026-09-24,15:29,SGIL,7.7397
2026-09-24,15:29,SGMART,-0.0627
2026-09-24,15:29,SHADOWFAX,15.5261
2026-09-24,15:29,SHANTIGEAR,66.8963
2026-09-24,15:29,SHANTIGOLD,23.2059
2026-09-24,15:29,SHARDAMOTR,9.2329
2026-09-24,15:29,SHAREINDIA,27.8361
2026-09-24,15:29,SHILCTECH,5.8324
2026-09-24,15:29,SHILPAMED,25.0994
2026-09-24,15:29,SHINDL,-0.6348
2026-09-24,15:29,SHIVALIK,54.8993
2026-09-24,15:29,SHIVAUM,14.1586
2026-09-24,15:29,SHREEJISPG,12.9666
2026-09-24,15:29,SHREEPUSHK,22.7613
2026-09-24,15:29,SHREERAMA,14.3043
2026-09-24,15:29,SHRIPISTON,1.0717
2026-09-24,15:29,SHYAMMETL,11.2812
2026-09-24,15:29,SIEMENS,-4.4091
2026-09-24,15:29,SIGACHI,14.2534
2026-09-24,15:29,SIGMAADV,38.8682
2026-09-24,15:29,SIGNATURE,-2.89
2026-09-24,15:29,SIGNPOST,1.2809
2026-09-24,15:29,SIMPLEXINF,-0.2219
2026-09-24,15:29,SINDHUTRAD,-2.2314
2026-09-24,15:29,SKFINDIA,0.9427
2026-09-24,15:29,SKFINDUS,7.9819
2026-09-24,15:29,SKIPPER,2.1263
2026-09-24,15:29,SMARTWORKS,10.3275
2026-09-24,15:29,SMCGLOBAL,7.629
2026-09-24,15:29,SMLMAH,27.6682
2026-09-24,15:29,SMSPHARMA,28.2776
2026-09-24,15:29,SOFTTECH,18.1962
2026-09-24,15:29,SOLARA,43.8588
2026-09-24,15:29,SOLARINDS,4.0043
2026-09-24,15:29,SOMANYCERA,18.4627
2026-09-24,15:29,SONACOMS,1.4667
2026-09-24,15:29,SOTL,4.3972
2026-09-24,15:29,SOUTHBANK,7.9619
2026-09-24,15:29,SPAL,0.3177
2026-09-24,15:29,SPARC,0.8753
2026-09-24,15:29,SPECIALITY,-4.4261
2026-09-24,15:29,SPECTRUM,46.9741
2026-09-24,15:29,SPIC,-1.994
2026-09-24,15:29,SPLPETRO,21.2568
2026-09-24,15:29,SPORTKING,3.5965
2026-09-24,15:29,SREEL,25.2802
2026-09-24,15:29,SRF,-1.9807
2026-09-24,15:29,SRHHYPOLTD,20.6673
2026-09-24,15:29,SSWL,20.352
2026-09-24,15:29,STAR,21.0304
2026-09-24,15:29,STEELCAS,8.5064
2026-09-24,15:29,STEL,16.1239
2026-09-24,15:29,STERTOOLS,4.671
2026-09-24,15:29,STLNETWORK,98.739
2026-09-24,15:29,STLTECH,26.5361
2026-09-24,15:29,STOVEKRAFT,2.409
2026-09-24,15:29,STUDDS,-1.9736
2026-09-24,15:29,STYLEBAAZA,5.437
2026-09-24,15:29,SUBEXLTD,53.7491
2026-09-24,15:29,SUDARSCHEM,16.5885
2026-09-24,15:29,SUDEEPPHRM,3.5923
2026-09-24,15:29,SUKHJITS,-0.2723
2026-09-24,15:29,SUMMITSEC,-4.3629
2026-09-24,15:29,SUNCLAY,5.133
2026-09-24,15:29,SUNDARMFIN,2.6512
2026-09-24,15:29,SUNDRMFAST,-3.1157
2026-09-24,15:29,SUNDROP,12.8994
2026-09-24,15:29,SUNFLAG,10.3448
2026-09-24,15:29,SUNTECK,-2.9553
2026-09-24,15:29,SUNTV,7.2146
2026-09-24,15:29,SUPREMEIND,-0.7486
2026-09-24,15:29,SUPREMEINF,-4.1721
2026-09-24,15:29,SUPRIYA,15.7271
2026-09-24,15:29,SURAJEST,4.8201
2026-09-24,15:29,SURAKSHA,31.6812
2026-09-24,15:29,SURYAROSNI,-3.1396
2026-09-24,15:29,SUTLEJTEX,-0.7833
2026-09-24,15:29,SUVEN,1.3614
2026-09-24,15:29,SVLL,10.343
2026-09-24,15:29,SWANCORP,-4.2249
2026-09-24,15:29,SWANDEF,10.2024
2026-09-24,15:29,SWARAJENG,-1.6709
2026-09-24,15:29,SWIGGY,-4.2599
2026-09-24,15:29,SYNCOMF,26.1335
2026-09-24,15:29,SYRMA,15.2922
2026-09-24,15:29,SYSTMTXC,32.9913
2026-09-24,15:29,TALBROAUTO,11.6569
2026-09-24,15:29,TARC,0.638
2026-09-24,15:29,TARIL,-4.1204
2026-09-24,15:29,TARSONS,7.2411
2026-09-24,15:29,TASTYBITE,4.1818
2026-09-24,15:29,TATACHEM,-3.1122
2026-09-24,15:29,TATACOMM,-3.8129
2026-09-24,15:29,TATAINVEST,-3.2763
2026-09-24,15:29,TATAPOWER,-4.2166
2026-09-24,15:29,TATASTEEL,0.9774
2026-09-24,15:29,TATVA,-0.1963
2026-09-24,15:29,TBOTEK,5.6746
2026-09-24,15:29,TBZ,184.867
2026-09-24,15:29,TDPOWERSYS,0.2635
2026-09-24,15:29,TECHNOE,0.8748
2026-09-24,15:29,TEGA,26.6507
2026-09-24,15:29,TEJASNET,-3.0251
2026-09-24,15:29,TEXINFRA,7.0303
2026-09-24,15:29,TEXRAIL,17.641
2026-09-24,15:29,TFCILTD,24.607
2026-09-24,15:29,THANGAMAYL,-4.3356
2026-09-24,15:29,THEJO,2.1669
2026-09-24,15:29,THELEELA,6.6933
2026-09-24,15:29,THEMISMED,8.7077
2026-09-24,15:29,THOMASCOOK,-2.9044
2026-09-24,15:29,TI,10.6706
2026-09-24,15:29,TIIL,5.3782
2026-09-24,15:29,TIL,12.0315
2026-09-24,15:29,TIMEX,26.1066
2026-09-24,15:29,TIMKEN,0.677
2026-09-24,15:29,TIPSMUSIC,-1.8167
2026-09-24,15:29,TIRUMALCHM,1.3875
2026-09-24,15:29,TIRUPATIFL,20.1233
2026-09-24,15:29,TITAGARH,-1.7156
2026-09-24,15:29,TMB,4.1312
2026-09-24,15:29,TMCV,-4.354
2026-09-24,15:29,TNPETRO,18.9285
2026-09-24,15:29,TNPL,-3.5987
2026-09-24,15:29,TORNTPHARM,0.7255
2026-09-24,15:29,TRANSPEK,19.1545
2026-09-24,15:29,TRANSRAILL,-0.653
2026-09-24,15:29,TREL,1.0174
2026-09-24,15:29,TRIVENI,-0.8421
2026-09-24,15:29,TSFINV,9.3978
2026-09-24,15:29,TVSSCS,1.116
2026-09-24,15:29,TVSSRICHAK,14.0582
2026-09-24,15:29,UDS,-3.8846
2026-09-24,15:29,UFLEX,32.9081
2026-09-24,15:29,UGARSUGAR,26.3194
2026-09-24,15:29,ULTRAMAR,8.3733
2026-09-24,15:29,UNICHEMLAB,1.413
2026-09-24,15:29,UNIMECH,19.3021
2026-09-24,15:29,UNIONBANK,-4.0374
2026-09-24,15:29,UNIPARTS,4.5234
2026-09-24,15:29,UNITEDPOLY,43.2142
2026-09-24,15:29,UNIVASTU,-3.5812
2026-09-24,15:29,UNIVPHOTO,15.4783
2026-09-24,15:29,UNOMINDA,-0.6491
2026-09-24,15:29,UPL,-3.6635
2026-09-24,15:29,URBANCO,23.1643
2026-09-24,15:29,USHAMART,4.0366
2026-09-24,15:29,UTIAMC,-1.0032
2026-09-24,15:29,UTLSOLAR,11.4139
2026-09-24,15:29,UTTAMSUGAR,2.552
2026-09-24,15:29,V2RETAIL,-2.4338
2026-09-24,15:29,VADILALIND,2.3046
2026-09-24,15:29,VALIANTLAB,64.7271
2026-09-24,15:29,VALIANTORG,26.4525
2026-09-24,15:29,VARROC,-0.3289
2026-09-24,15:29,VASCONEQ,6.4939
2026-09-24,15:29,VBL,-2.0999
2026-09-24,15:29,VEDL,-3.0094
2026-09-24,15:29,VELJAN,20.5281
2026-09-24,15:29,VENKEYS,9.8343
2026-09-24,15:29,VENTIVE,-3.1699
2026-09-24,15:29,VENUSPIPES,41.0858
2026-09-24,15:29,VENUSREM,-1.3479
2026-09-24,15:29,VHL,-4.1247
2026-09-24,15:29,VHLTD,-0.3549
2026-09-24,15:29,VIDHIING,11.9067
2026-09-24,15:29,VIJAYA,1.0526
2026-09-24,15:29,VIKRAMSOLR,0.5264
2026-09-24,15:29,VINCOFE,25.4952
2026-09-24,15:29,VINDHYATEL,7.1553
2026-09-24,15:29,VIPIND,-2.9976
2026-09-24,15:29,VISACHROME,-3.0933
2026-09-24,15:29,VISAKAIND,-4.0198
2026-09-24,15:29,VISHNU,19.3061
2026-09-24,15:29,VIVIANA,-0.092
2026-09-24,15:29,VMART,-3.4203
2026-09-24,15:29,VMM,-2.3519
2026-09-24,15:29,VOEPL,-4.049
2026-09-24,15:29,VOLTAMP,5.7959
2026-09-24,15:29,VRLLOG,-3.0741
2026-09-24,15:29,VSSL,22.3195
2026-09-24,15:29,VSTTILLERS,1.6931
2026-09-24,15:29,WABAG,6.598
2026-09-24,15:29,WAKEFIT,16.2448
2026-09-24,15:29,WCIL,11.9056
2026-09-24,15:29,WELCORP,44.1529
2026-09-24,15:29,WELENT,30.5026
2026-09-24,15:29,WELINV,34.2623
2026-09-24,15:29,WELSPLSOL,12.1695
2026-09-24,15:29,WELSPUNLIV,34.5518
2026-09-24,15:29,WENDT,7.1783
2026-09-24,15:29,WESTLIFE,-4.2795
2026-09-24,15:29,WHEELS,60.3529
2026-09-24,15:29,WHIRLPOOL,8.0111
2026-09-24,15:29,WINDLAS,22.2533
2026-09-24,15:29,WINDMACHIN,-1.3766
2026-09-24,15:29,WOCKPHARMA,23.8335
2026-09-24,15:29,WONDERLA,8.4885
2026-09-24,15:29,WPIL,1.87
2026-09-24,15:29,WSTCSTPAPR,18.1571
2026-09-24,15:29,XPROINDIA,10.5311
2026-09-24,15:29,XTRANET,100.8644
2026-09-24,15:29,YASHO,-4.0185
2026-09-24,15:29,YATHARTH,33.1645
2026-09-24,15:29,YESBANK,-2.3499
2026-09-24,15:29,YUKEN,33.2723
2026-09-24,15:29,ZFSTEERING,11.8088
2026-09-24,15:29,ZIMLAB,27.7057
2026-09-24,15:29,ZOTA,7.6905
2026-09-24,15:29,ZUARI,-0.4739
2026-09-24,15:29,ZUARIIND,6.3546
2026-09-24,15:29,ZYDUSLIFE,-2.0498
2026-09-24,15:29,ZYDUSWELL,2.4825
2026-09-25,15:29,20MICRONS,18.8442
2026-09-25,15:29,3BBLACKBIO,18.825
2026-09-25,15:29,63MOONS,7.0992
2026-09-25,15:29,AARTIDRUGS,-0.0701
2026-09-25,15:29,AARTIPHARM,7.5431
2026-09-25,15:29,ABBOTINDIA,-2.4077
2026-09-25,15:29,ABCAPITAL,-4.3414
2026-09-25,15:29,ABDL,13.9159
2026-09-25,15:29,ABSLAMC,-1.1594
2026-09-25,15:29,ACCELYA,-2.1078
2026-09-25,15:29,ACE,13.7531
2026-09-25,15:29,ACMESOLAR,18.2644
2026-09-25,15:29,ACSTECH,73.9077
2026-09-25,15:29,ACUTAAS,5.2048
2026-09-25,15:29,ADANIENT,-1.6324
2026-09-25,15:29,ADANIGREEN,-1.6983
2026-09-25,15:29,ADANIPORTS,7.8408
2026-09-25,15:29,ADANIPOWER,-1.6254
2026-09-25,15:29,ADFFOODS,3.3416
2026-09-25,15:29,ADOR,9.2382
2026-09-25,15:29,ADSL,1.5382
2026-09-25,15:29,ADVANCE,3.2886
2026-09-25,15:29,ADVENZYMES,-3.2242
2026-09-25,15:29,AEGISLOG,9.4948
2026-09-25,15:29,AEGISVOPAK,5.8932
2026-09-25,15:29,AEQUS,-2.4733
2026-09-25,15:29,AEROENTER,0.3675
2026-09-25,15:29,AEROFLEX,17.2783
2026-09-25,15:29,AETHER,11.8284
2026-09-25,15:29,AFFLE,-3.9562
2026-09-25,15:29,AGARWALEYE,-1.6716
2026-09-25,15:29,AGI,14.4536
2026-09-25,15:29,AHCL,121.1228
2026-09-25,15:29,AHLWEST,-4.5321
2026-09-25,15:29,AIIL,-3.3673
2026-09-25,15:29,AJANTPHARM,-1.8481
2026-09-25,15:29,AJAXENGG,7.4808
2026-09-25,15:29,AJMERA,3.1063
2026-09-25,15:29,AKCAPIT,3.3102
2026-09-25,15:29,AKUMS,9.0045
2026-09-25,15:29,ALEMBICLTD,27.7491
2026-09-25,15:29,ALGOQUANT,9.7146
2026-09-25,15:29,ALICON,-1.5242
2026-09-25,15:29,ALIVUS,-0.6547
2026-09-25,15:29,ALKEM,-3.2205
2026-09-25,15:29,ALKYLAMINE,-3.9208
2026-09-25,15:29,ALLDIGI,-4.1394
2026-09-25,15:29,AMANTA,21.3545
2026-09-25,15:29,AMBER,-2.9965
2026-09-25,15:29,AMBIKCO,-2.8588
2026-09-25,15:29,AMRUTANJAN,3.0004
2026-09-25,15:29,ANANDRATHI,-3.2745
2026-09-25,15:29,ANANTRAJ,-1.5389
2026-09-25,15:29,ANDHRAPAP,22.5385
2026-09-25,15:29,ANGELONE,-1.3699
2026-09-25,15:29,ANTELOPUS,56.7719
2026-09-25,15:29,ANTHEM,-0.1486
2026-09-25,15:29,ANUHPHR,17.4438
2026-09-25,15:29,ANURAS,-1.275
2026-09-25,15:29,APARINDS,3.1988
2026-09-25,15:29,APCOTEXIND,1.4728
2026-09-25,15:29,APLAPOLLO,7.2858
2026-09-25,15:29,APLLTD,3.916
2026-09-25,15:29,APOLLO,1.514
2026-09-25,15:29,APOLLOHOSP,3.3605
2026-09-25,15:29,APOLLOPIPE,0.59
2026-09-25,15:29,APTECHT,-2.4385
2026-09-25,15:29,APTUS,-3.6249
2026-09-25,15:29,ARFIN,8.2464
2026-09-25,15:29,ARIES,22.5848
2026-09-25,15:29,ARIHANTCAP,24.5197
2026-09-25,15:29,ARIHANTSUP,-3.5948
2026-09-25,15:29,ARIS,2.1628
2026-09-25,15:29,ARROWGREEN,15.7572
2026-09-25,15:29,ARSSBL,-1.5357
2026-09-25,15:29,ARTEMISMED,12.5374
2026-09-25,15:29,ARVIND,-1.1878
2026-09-25,15:29,ASAHIINDIA,6.5427
2026-09-25,15:29,ASHIANA,7.6668
2026-09-25,15:29,ASHOKA,0.6137
2026-09-25,15:29,ASIANENE,18.9634
2026-09-25,15:29,ASIANHOTNR,32.5546
2026-09-25,15:29,ASIANTILES,-4.6464
2026-09-25,15:29,ASKAUTOLTD,-0.6621
2026-09-25,15:29,ASTAR,16.6444
2026-09-25,15:29,ASTEC,22.7473
2026-09-25,15:29,ASTRAMICRO,-4.6152
2026-09-25,15:29,ATHERENERG,-1.9325
2026-09-25,15:29,ATL,8.291
2026-09-25,15:29,ATLANTAELE,-1.3949
2026-09-25,15:29,AUROPHARMA,2.9217
2026-09-25,15:29,AURUM,-1.2387
2026-09-25,15:29,AUTOAXLES,-4.0732
2026-09-25,15:29,AVADHSUGAR,25
2026-09-25,15:29,AVALON,20.6227
2026-09-25,15:29,AVANTEL,-2.6349
2026-09-25,15:29,AVL,0.105
2026-09-25,15:29,AVTNPL,29.8275
2026-09-25,15:29,AWHCL,-3.8501
2026-09-25,15:29,AWL,-4.0446
2026-09-25,15:29,AXISBANK,0.0491
2026-09-25,15:29,AXISCADES,23.7152
2026-09-25,15:29,AYE,-4.7334
2026-09-25,15:29,AYMSYNTEX,14.6227
2026-09-25,15:29,AZAD,2.3601
2026-09-25,15:29,BAFNAPH,33.1242
2026-09-25,15:29,BAJAJ-AUTO,-3.2587
2026-09-25,15:29,BAJAJHCARE,3.863
2026-09-25,15:29,BAJAJHFL,-1.4579
2026-09-25,15:29,BAJAJHIND,17.6005
2026-09-25,15:29,BAJAJINDEF,-0.0825
2026-09-25,15:29,BALAJITELE,1.4375
2026-09-25,15:29,BALAMINES,4.4706
2026-09-25,15:29,BALRAMCHIN,10.6754
2026-09-25,15:29,BALUFORGE,13.5686
2026-09-25,15:29,BANARISUG,-1.7502
2026-09-25,15:29,BANCOINDIA,-4.2996
2026-09-25,15:29,BANDHANBNK,6.7084
2026-09-25,15:29,BANKINDIA,-4.7836
2026-09-25,15:29,BANSALWIRE,-0.6645
2026-09-25,15:29,BBOX,-3.9339
2026-09-25,15:29,BBTC,-2.4868
2026-09-25,15:29,BEEKAY,-2.3496
2026-09-25,15:29,BEL,-4.1291
2026-09-25,15:29,BELRISE,-2.5548
2026-09-25,15:29,BEML,6.5896
2026-09-25,15:29,BENGALASM,-1.9788
2026-09-25,15:29,BEPL,3.3769
2026-09-25,15:29,BFINVEST,-4.6552
2026-09-25,15:29,BGRENERGY,-1.2126
2026-09-25,15:29,BHAGERIA,96.9455
2026-09-25,15:29,BHAGYANGR,14.8893
2026-09-25,15:29,BHARATFORG,-3.8314
2026-09-25,15:29,BHEL,-0.25
2026-09-25,15:29,BIL,18.9235
2026-09-25,15:29,BIRLACABLE,19.6244
2026-09-25,15:29,BLACKBUCK,3.8402
2026-09-25,15:29,BLACKROSE,12.1309
2026-09-25,15:29,BLISSGVS,37.1012
2026-09-25,15:29,BLKASHYAP,4.7288
2026-09-25,15:29,BLSE,2.9337
2026-09-25,15:29,BLUEJET,-4.0279
2026-09-25,15:29,BLUESTARCO,3.3686
2026-09-25,15:29,BLUSPRING,25.6559
2026-09-25,15:29,BODALCHEM,198.537
2026-09-25,15:29,BOROLTD,8.5379
2026-09-25,15:29,BOSCH-HCIL,7.507
2026-09-25,15:29,BOSCHLTD,3.2086
2026-09-25,15:29,BPCL,-2.0635
2026-09-25,15:29,BRIGADE,1.3991
2026-09-25,15:29,BSHSL,-4.5055
2026-09-25,15:29,BUILDPRO,0.6071
2026-09-25,15:29,CAMPUS,-4.5283
2026-09-25,15:29,CANHLIFE,0.3129
2026-09-25,15:29,CANTABIL,3.1366
2026-09-25,15:29,CAPILLARY,12.8801
2026-09-25,15:29,CAPITALSFB,-3.0516
2026-09-25,15:29,CAPLIPOINT,13.4176
2026-09-25,15:29,CARBORUNIV,7.9267
2026-09-25,15:29,CARTRADE,8.9082
2026-09-25,15:29,CASTROLIND,7.6032
2026-09-25,15:29,CDSL,-2.3704
2026-09-25,15:29,CEIGALL,21.1481
2026-09-25,15:29,CEMPRO,1.633
2026-09-25,15:29,CENTENKA,-1.8818
2026-09-25,15:29,CENTRALBK,-0.574
2026-09-25,15:29,CENTUM,26.6763
2026-09-25,15:29,CEWATER,1.0895
2026-09-25,15:29,CGCL,9.7698
2026-09-25,15:29,CGPOWER,-0.062
2026-09-25,15:29,CHALET,6.9924
2026-09-25,15:29,CHEMCON,19.1258
2026-09-25,15:29,CHEMPLASTS,9.4684
2026-09-25,15:29,CHENNPETRO,2.5786
2026-09-25,15:29,CHEVIOT,2.0711
2026-09-25,15:29,CIEINDIA,-4.3563
2026-09-25,15:29,CIFL,2.5116
2026-09-25,15:29,CIPLA,-4.0513
2026-09-25,15:29,CLEAN,-3.4794
2026-09-25,15:29,CLEANMAX,11.0367
2026-09-25,15:29,CLSEL,4.7822
2026-09-25,15:29,CMRGREEN,2.7696
2026-09-25,15:29,COALINDIA,3.8002
2026-09-25,15:29,COFFEEDAY,3.7329
2026-09-25,15:29,COFORGE,-2.4604
2026-09-25,15:29,COHANCE,3.3881
2026-09-25,15:29,COMSYN,0.0672
2026-09-25,15:29,CONCORDBIO,-0.0619
2026-09-25,15:29,CONFIPET,19.6206
2026-09-25,15:29,CONSOFINVT,4.7969
2026-09-25,15:29,CONTROLPR,3.4525
2026-09-25,15:29,CORDELIA,25.0713
2026-09-25,15:29,CORONA,0.2129
2026-09-25,15:29,CPPLUS,-0.4508
2026-09-25,15:29,CRAFTSMAN,3.42
2026-09-25,15:29,CREST,-0.3159
2026-09-25,15:29,CRISIL,1.2001
2026-09-25,15:29,CRIZAC,1.3754
2026-09-25,15:29,CSBBANK,3.0734
2026-09-25,15:29,CSM,2.1457
2026-09-25,15:29,CUB,7.149
2026-09-25,15:29,CYIENT,24.4472
2026-09-25,15:29,CYIENTDLM,27.9132
2026-09-25,15:29,DALMIASUG,0.3276
2026-09-25,15:29,DATAPATTNS,-2.4397
2026-09-25,15:29,DBL,-0.3503
2026-09-25,15:29,DBOL,3.8128
2026-09-25,15:29,DCBBANK,14.4254
2026-09-25,15:29,DCMSHRIRAM,-3.5347
2026-09-25,15:29,DCMSIL,0.9739
2026-09-25,15:29,DCW,5.6604
2026-09-25,15:29,DECCANCE,1.9523
2026-09-25,15:29,DEEDEV,5.7964
2026-09-25,15:29,DEEPINDS,17.2999
2026-09-25,15:29,DELTACORP,26.0912
2026-09-25,15:29,DEN,-4.731
2026-09-25,15:29,DEVYANI,-2.5197
2026-09-25,15:29,DHAMPURSUG,8.001
2026-09-25,15:29,DHARMAJ,7.3273
2026-09-25,15:29,DIACABS,-3.5374
2026-09-25,15:29,DICIND,14.0747
2026-09-25,15:29,DIFFNKG,10.0473
2026-09-25,15:29,DISAQ,1.5176
2026-09-25,15:29,DIVISLAB,13.1706
2026-09-25,15:29,DIXON,-4.5957
2026-09-25,15:29,DLF,2.8614
2026-09-25,15:29,DLINKINDIA,0.5014
2026-09-25,15:29,DMCC,1.614
2026-09-25,15:29,DOLATALGO,-4.0796
2026-09-25,15:29,DOLLAR,-0.4784
2026-09-25,15:29,DOLPHIN,41.7715
2026-09-25,15:29,DPABHUSHAN,3.8532
2026-09-25,15:29,DRAGARWQ,-3.8575
2026-09-25,15:29,DRREDDY,-0.4146
2026-09-25,15:29,DVL,5.926
2026-09-25,15:29,DWARKESH,5.1144
2026-09-25,15:29,DYCL,0.3514
2026-09-25,15:29,DYNAMATECH,21.6744
2026-09-25,15:29,E2E,2.7008
2026-09-25,15:29,EBGNG,16.8457
2026-09-25,15:29,ECLERX,1.5727
2026-09-25,15:29,EDELWEISS,9.5692
2026-09-25,15:29,EFCIL,0.6665
2026-09-25,15:29,EIEL,-2.0829
2026-09-25,15:29,EIFFL,-4.1115
2026-09-25,15:29,EIHAHOTELS,-1.5555
2026-09-25,15:29,EIHOTEL,-1.979
2026-09-25,15:29,EIMCOELECO,21.527
2026-09-25,15:29,ELANTAS,20.5053
2026-09-25,15:29,ELDEHSG,-0.1565
2026-09-25,15:29,ELECON,3.3724
2026-09-25,15:29,ELECTCAST,-0.7001
2026-09-25,15:29,ELGIEQUIP,4.5876
2026-09-25,15:29,ELPROINTL,-1.6769
2026-09-25,15:29,EMAMILTD,-3.2679
2026-09-25,15:29,EMAMIPAP,0.8656
2026-09-25,15:29,EMCURE,-2.9359
2026-09-25,15:29,EMIL,4.4009
2026-09-25,15:29,EMKAY,12.2483
2026-09-25,15:29,EMMVEE,-0.5407
2026-09-25,15:29,EMSLIMITED,-3.8602
2026-09-25,15:29,EMUDHRA,23.4089
2026-09-25,15:29,ENGINERSIN,31.2038
2026-09-25,15:29,ENTERO,25.8149
2026-09-25,15:29,EPACKPEB,2.8631
2026-09-25,15:29,EPL,-3.6968
2026-09-25,15:29,ESAFSFB,8.0413
2026-09-25,15:29,ETERNAL,5.3459
2026-09-25,15:29,EXCELSOFT,15.9261
2026-09-25,15:29,EXICOM,6.4115
2026-09-25,15:29,EXPLEOSOL,7.5495
2026-09-25,15:29,FABTECH,-0.7419
2026-09-25,15:29,FCL,45.1752
2026-09-25,15:29,FEDDERSHOL,51.4953
2026-09-25,15:29,FEDFINA,-0.3482
2026-09-25,15:29,FILATEX,29.955
2026-09-25,15:29,FINCABLES,16.9375
2026-09-25,15:29,FINEORG,-1.4846
2026-09-25,15:29,FINKURVE,10.3135
2026-09-25,15:29,FINPIPE,-4.7866
2026-09-25,15:29,FIVESTAR,-4.4479
2026-09-25,15:29,FMGOETZE,2.2783
2026-09-25,15:29,FOSECOIND,16.8036
2026-09-25,15:29,FRONTSP,9.5895
2026-09-25,15:29,FSL,-4.6841
2026-09-25,15:29,GABRIEL,-4.2268
2026-09-25,15:29,GAEL,-3.7078
2026-09-25,15:29,GAIL,-1.8192
2026-09-25,15:29,GALAPREC,12.1132
2026-09-25,15:29,GALAXYSURF,8.1755
2026-09-25,15:29,GANDHAR,6.905
2026-09-25,15:29,GANDHITUBE,9.4998
2026-09-25,15:29,GANESHBE,15.2471
2026-09-25,15:29,GANESHCP,-1.533
2026-09-25,15:29,GARFIBRES,2.8385
2026-09-25,15:29,GARUDA,-3.6708
2026-09-25,15:29,GATEWAY,-4.5802
2026-09-25,15:29,GAYAPROJ,13.6409
2026-09-25,15:29,GCSL,26.6499
2026-09-25,15:29,GEECEE,-3.8143
2026-09-25,15:29,GENESYS,35.433
2026-09-25,15:29,GENUSPOWER,-0.2773
2026-09-25,15:29,GEOJITFSL,2.015
2026-09-25,15:29,GESHIP,15.2756
2026-09-25,15:29,GFLLIMITED,11.6764
2026-09-25,15:29,GHCL,-2.6212
2026-09-25,15:29,GHCLTEXTIL,14.7287
2026-09-25,15:29,GICHSGFIN,-1.6473
2026-09-25,15:29,GICRE,-3.0729
2026-09-25,15:29,GIPCL,5.6089
2026-09-25,15:29,GKENERGY,-3.6685
2026-09-25,15:29,GKSL,30.7241
2026-09-25,15:29,GLAND,-1.6983
2026-09-25,15:29,GLAXO,5.5479
2026-09-25,15:29,GLENMARK,2.5862
2026-09-25,15:29,GLOBAL,32.1233
2026-09-25,15:29,GLOTTIS,1.3749
2026-09-25,15:29,GMBREW,9.1741
2026-09-25,15:29,GMMPFAUDLR,48.603
2026-09-25,15:29,GMRP&UI,3.2686
2026-09-25,15:29,GNA,14.6663
2026-09-25,15:29,GNFC,14.5167
2026-09-25,15:29,GOCOLORS,-4.1239
2026-09-25,15:29,GODIGIT,-2.4418
2026-09-25,15:29,GODREJAGRO,17.0046
2026-09-25,15:29,GOODLUCK,24.1879
2026-09-25,15:29,GPPL,7.5453
2026-09-25,15:29,GPTHEALTH,4.0586
2026-09-25,15:29,GPTINFRA,-1.9704
2026-09-25,15:29,GRANULES,1.2944
2026-09-25,15:29,GRAPHITE,11.6827
2026-09-25,15:29,GRASIM,-2.0264
2026-09-25,15:29,GRAUWEIL,31.6876
2026-09-25,15:29,GREAVESCOT,18.3128
2026-09-25,15:29,GREENPLY,0.9489
2026-09-25,15:29,GRPLTD,0.3162
2026-09-25,15:29,GSFC,-1.1349
2026-09-25,15:29,GTPL,4.7011
2026-09-25,15:29,GUFICBIO,-1.5107
2026-09-25,15:29,GUJTHEM,20.0864
2026-09-25,15:29,GVT&D,-0.5738
2026-09-25,15:29,GYFTR,4.2633
2026-09-25,15:29,HAL,-2.9323
2026-09-25,15:29,HALDYNGL,16.21
2026-09-25,15:29,HAPPYFORGE,2.7844
2026-09-25,15:29,HARSHA,13.9739
2026-09-25,15:29,HATSUN,20.888
2026-09-25,15:29,HAWKINCOOK,-3.1064
2026-09-25,15:29,HBLENGINE,16.2975
2026-09-25,15:29,HCC,5.9293
2026-09-25,15:29,HCG,-3.1536
2026-09-25,15:29,HDFCBANK,1.4621
2026-09-25,15:29,HDFCLIFE,-1.3103
2026-09-25,15:29,HEALTHX,-2.0529
2026-09-25,15:29,HEG,10.6067
2026-09-25,15:29,HERANBA,11.7998
2026-09-25,15:29,HERITGFOOD,12.947
2026-09-25,15:29,HEXAGON,1.0242
2026-09-25,15:29,HEXATRADEX,-0.0381
2026-09-25,15:29,HIKAL,0.5685
2026-09-25,15:29,HINDOILEXP,9.7411
2026-09-25,15:29,HINDZINC,1.8328
2026-09-25,15:29,HIRECT,-3.2235
2026-09-25,15:29,HITECHCORP,-0.2417
2026-09-25,15:29,HITECHGEAR,11.9692
2026-09-25,15:29,HLEGLAS,32.7615
2026-09-25,15:29,HMAAGRO,9.4477
2026-09-25,15:29,HMT,5.0368
2026-09-25,15:29,HNDFDS,2.6314
2026-09-25,15:29,HOMEFIRST,-4.4414
2026-09-25,15:29,HONASA,-2.9096
2026-09-25,15:29,IBULLSLTD,10.4406
2026-09-25,15:29,ICICIAMC,1.1948
2026-09-25,15:29,ICICIGI,-4.5639
2026-09-25,15:29,ICIL,13.9588
2026-09-25,15:29,IDBI,1.834
2026-09-25,15:29,IDFCFIRSTB,-3.1774
2026-09-25,15:29,IFCI,-3.5351
2026-09-25,15:29,IGIL,-4.2162
2026-09-25,15:29,IGL,-4.4936
2026-09-25,15:29,IGPL,29.0719
2026-09-25,15:29,IIFL,-2.9877
2026-09-25,15:29,IIFLCAPS,3.5234
2026-09-25,15:29,IKIO,-2.6998
2026-09-25,15:29,IKS,1.9253
2026-09-25,15:29,IL&FSENGG,14.2857
2026-09-25,15:29,IMAGICAA,10.737
2026-09-25,15:29,IMPAL,0.4721
2026-09-25,15:29,INDGN,6.8708
2026-09-25,15:29,INDHOTEL,0.6997
2026-09-25,15:29,INDIAGLYCO,46.6913
2026-09-25,15:29,INDIANHUME,-2.8272
2026-09-25,15:29,INDIASHLTR,-2.9445
2026-09-25,15:29,INDIGOPNTS,-0.1592
2026-09-25,15:29,INDIQUBE,8.5088
2026-09-25,15:29,INDNIPPON,17.6649
2026-09-25,15:29,INDOAMIN,4.8629
2026-09-25,15:29,INDOBORAX,2.658
2026-09-25,15:29,INDOCO,14.5185
2026-09-25,15:29,INDOMIM,53.47
2026-09-25,15:29,INDORAMA,74.102
2026-09-25,15:29,INDPRUD,-1.376
2026-09-25,15:29,INDRAMEDCO,-1.6671
2026-09-25,15:29,INDSWFTLAB,36.3146
2026-09-25,15:29,INDUSTOWER,-2.2312
2026-09-25,15:29,INNOVACAP,22.2912
2026-09-25,15:29,INOXINDIA,11.0665
2026-09-25,15:29,INOXWIND,0.8772
2026-09-25,15:29,INSECTICID,-4.0299
2026-09-25,15:29,INTERARCH,-0.5206
2026-09-25,15:29,INTLCONV,11.1005
2026-09-25,15:29,INVPRECQ,24.2114
2026-09-25,15:29,IOC,-4.0989
2026-09-25,15:29,IOLCP,22.9912
2026-09-25,15:29,IONEXCHANG,11.298
2026-09-25,15:29,IPCALAB,9.7144
2026-09-25,15:29,IREDA,-3.5605
2026-09-25,15:29,IRISDOREME,15.0235
2026-09-25,15:29,ISGEC,19.5931
2026-09-25,15:29,ITC,-3.4111
2026-09-25,15:29,ITCHOTELS,-3.0481
2026-09-25,15:29,ITDC,-2.8792
2026-09-25,15:29,JAGRAN,-0.4291
2026-09-25,15:29,JAGSNPHARM,5.3343
2026-09-25,15:29,JAMNAAUTO,9.0938
2026-09-25,15:29,JARO,-4.5263
2026-09-25,15:29,JASH,22.7978
2026-09-25,15:29,JAYAGROGN,3.7417
2026-09-25,15:29,JAYKAY,36.6532
2026-09-25,15:29,JAYNECOIND,-2.435
2026-09-25,15:29,JGCHEM,1.1582
2026-09-25,15:29,JINDALPHOT,-1.4709
2026-09-25,15:29,JINDALPOLY,6.5388
2026-09-25,15:29,JINDALSAW,7.9803
2026-09-25,15:29,JINDALSTEL,5.9005
2026-09-25,15:29,JINDRILL,-0.7042
2026-09-25,15:29,JINDWORLD,30.6875
2026-09-25,15:29,JISLJALEQS,6.1669
2026-09-25,15:29,JKPAPER,3.7861
2026-09-25,15:29,JMFINANCIL,-1.3063
2026-09-25,15:29,JNKINDIA,1.7548
2026-09-25,15:29,JNPR,6.4668
2026-09-25,15:29,JSL,1.7473
2026-09-25,15:29,JSLL,-3.986
2026-09-25,15:29,JSWDULUX,2.4364
2026-09-25,15:29,JSWINFRA,6.0642
2026-09-25,15:29,JSWSTEEL,0.1569
2026-09-25,15:29,JTLIND,18.9457
2026-09-25,15:29,JUBLFOOD,-1.4241
2026-09-25,15:29,JUBLPHARMA,20.3762
2026-09-25,15:29,JUNIPER,11.5932
2026-09-25,15:29,JUSTDIAL,-0.8335
2026-09-25,15:29,JYOTHYLAB,-4.4554
2026-09-25,15:29,JYOTICNC,27.9323
2026-09-25,15:29,KABRAEXTRU,74.7677
2026-09-25,15:29,KAJARIACER,-3.3944
2026-09-25,15:29,KALPATARU,-2.1014
2026-09-25,15:29,KAMATHOTEL,26.4424
2026-09-25,15:29,KAMDHENU,19.4976
2026-09-25,15:29,KANORICHEM,27.5618
2026-09-25,15:29,KANPRPLA,-1.1253
2026-09-25,15:29,KARURVYSYA,-2.3813
2026-09-25,15:29,KAYNES,-2.9384
2026-09-25,15:29,KCP,5.4981
2026-09-25,15:29,KDDL,2.2175
2026-09-25,15:29,KENNAMET,14.5097
2026-09-25,15:29,KFINTECH,-4.3272
2026-09-25,15:29,KILITCH,17.2838
2026-09-25,15:29,KIMS,-3.393
2026-09-25,15:29,KINGFA,3.4669
2026-09-25,15:29,KIRANVYPAR,0.4193
2026-09-25,15:29,KIRIINDUS,34.4507
2026-09-25,15:29,KIRLFER,10.9402
2026-09-25,15:29,KIRLOSENG,3.7526
2026-09-25,15:29,KISSHT,15.786
2026-09-25,15:29,KLBRENG-B,45.3748
2026-09-25,15:29,KMEW,5.7311
2026-09-25,15:29,KNAGRI,-4.5497
2026-09-25,15:29,KOPRAN,57.0687
2026-09-25,15:29,KOTAKBANK,2.9562
2026-09-25,15:29,KOTIC,4.321
2026-09-25,15:29,KOVAI,3.3777
2026-09-25,15:29,KPIGREEN,3.5034
2026-09-25,15:29,KPIL,1.9119
2026-09-25,15:29,KPL,9.8504
2026-09-25,15:29,KPRMILL,2.0006
2026-09-25,15:29,KRBL,7.0489
2026-09-25,15:29,KRISHANA,-0.8998
2026-09-25,15:29,KRN,-1.1871
2026-09-25,15:29,KRONOX,33.1572
2026-09-25,15:29,KROSS,31.9232
2026-09-25,15:29,KRSNAA,-1.4908
2026-09-25,15:29,KRYSTAL,1.8465
2026-09-25,15:29,KSB,2.0304
2026-09-25,15:29,KSCL,4.1758
2026-09-25,15:29,KSHINTL,3.4001
2026-09-25,15:29,KSL,12.1353
2026-09-25,15:29,KTKBANK,7.2742
2026-09-25,15:29,KUANTUM,-0.388
2026-09-25,15:29,KUSUMGAR,4.7555
2026-09-25,15:29,KWIL,11.072
2026-09-25,15:29,LALPATHLAB,-0.8179
2026-09-25,15:29,LAURUSLABS,8.3869
2026-09-25,15:29,LAXMIDENTL,-3.4718
2026-09-25,15:29,LCL,11.2941
2026-09-25,15:29,LEMONTREE,-2.6593
2026-09-25,15:29,LENSKART,13.9638
2026-09-25,15:29,LGBBROSLTD,9.0561
2026-09-25,15:29,LGEINDIA,9.3202
2026-09-25,15:29,LICHSGFIN,12.749
2026-09-25,15:29,LICI,-0.7522
2026-09-25,15:29,LIKHITHA,1.0933
2026-09-25,15:29,LINC,-4.7507
2026-09-25,15:29,LINCOLN,-4.6005
2026-09-25,15:29,LLOYDSENGG,8.1295
2026-09-25,15:29,LLOYDSENT,4.7738
2026-09-25,15:29,LLOYDSME,-3.1816
2026-09-25,15:29,LOKESHMACH,-1.9597
2026-09-25,15:29,LOTUSDEV,25.26
2026-09-25,15:29,LT,-4.778
2026-09-25,15:29,LTFOODS,0.8116
2026-09-25,15:29,LUMAXIND,-1.3678
2026-09-25,15:29,LUMAXTECH,1.9774
2026-09-25,15:29,LUXIND,-2.8612
2026-09-25,15:29,LXCHEM,4.1985
2026-09-25,15:29,MACPOWER,18.1069
2026-09-25,15:29,MAGADSUGAR,1.5842
2026-09-25,15:29,MAHABANK,3.9559
2026-09-25,15:29,MAHASTEEL,19.7725
2026-09-25,15:29,MAHLOG,3.5099
2026-09-25,15:29,MAHSCOOTER,-2.1589
2026-09-25,15:29,MAHSEAMLES,16.9363
2026-09-25,15:29,MAITHANALL,-1.9403
2026-09-25,15:29,MALLCOM,-3.2741
2026-09-25,15:29,MAMATA,-3.219
2026-09-25,15:29,MANAKCOAT,10.2801
2026-09-25,15:29,MANAKSTEEL,23.0157
2026-09-25,15:29,MANALIPETC,22.9842
2026-09-25,15:29,MANAPPURAM,-4.1332
2026-09-25,15:29,MANBA,5.9776
2026-09-25,15:29,MANGLMCEM,13.9281
2026-09-25,15:29,MANINDS,77.098
2026-09-25,15:29,MANINFRA,24.0336
2026-09-25,15:29,MANIPALHOS,4.6311
2026-09-25,15:29,MANKIND,2.9321
2026-09-25,15:29,MANORAMA,16.0275
2026-09-25,15:29,MANYAVAR,1.8164
2026-09-25,15:29,MARATHON,11.4963
2026-09-25,15:29,MARINE,11.4628
2026-09-25,15:29,MARKSANS,11.058
2026-09-25,15:29,MARSONS,19.7797
2026-09-25,15:29,MASTERTR,7.8947
2026-09-25,15:29,MATRIMONY,-0.4833
2026-09-25,15:29,MAWANASUG,28.6009
2026-09-25,15:29,MAXESTATES,35.2861
2026-09-25,15:29,MAXHEALTH,0.0691
2026-09-25,15:29,MAYURUNIQ,-3.4218
2026-09-25,15:29,MAZDA,18.3843
2026-09-25,15:29,MBAPL,0.2082
2026-09-25,15:29,MBECL,12829.1784
2026-09-25,15:29,MBEL,-4.5556
2026-09-25,15:29,MCCHRLS-B,0.5463
2026-09-25,15:29,MCX,11.9495
2026-09-25,15:29,MEDANTA,6.0267
2026-09-25,15:29,MEDPLUS,-1.9464
2026-09-25,15:29,MEESHO,12.1062
2026-09-25,15:29,MEIL,-1.3299
2026-09-25,15:29,MENONBE,27.0663
2026-09-25,15:29,MERCURYEV,14.5954
2026-09-25,15:29,METROPOLIS,4.3151
2026-09-25,15:29,MFSL,-3.5969
2026-09-25,15:29,MICEL,-0.5784
2026-09-25,15:29,MINDACORP,-4.6626
2026-09-25,15:29,MMFL,-0.8768
2026-09-25,15:29,MMP,36.2089
2026-09-25,15:29,MOBIKWIK,-1.4927
2026-09-25,15:29,MODISONLTD,37.4768
2026-09-25,15:29,MOL,0.9314
2026-09-25,15:29,MOLDTECH,6.1883
2026-09-25,15:29,MOLDTKPAC,-3.5354
2026-09-25,15:29,MONARCH,-4.3759
2026-09-25,15:29,MONTECARLO,3.8439
2026-09-25,15:29,MOREPENLAB,48.8194
2026-09-25,15:29,MOSCHIP,-3.05
2026-09-25,15:29,MOTHERSON,-1.0096
2026-09-25,15:29,MOTILALOFS,14.6518
2026-09-25,15:29,MPSLTD,-3.2505
2026-09-25,15:29,MSPL,-0.8816
2026-09-25,15:29,MSTCLTD,27.5702
2026-09-25,15:29,MTARTECH,-4.6171
2026-09-25,15:29,MUFIN,-2.528
2026-09-25,15:29,MUKANDLTD,23.1932
2026-09-25,15:29,MUKKA,4.7401
2026-09-25,15:29,MUTHOOTFIN,-1.4153
2026-09-25,15:29,MVELECTRO,32.3037
2026-09-25,15:29,MVGJL,44.2587
2026-09-25,15:29,NAHARINDUS,10.483
2026-09-25,15:29,NAM-INDIA,-1.6992
2026-09-25,15:29,NAVINFLUOR,3.5025
2026-09-25,15:29,NAZARA,5.9825
2026-09-25,15:29,NCLIND,3.2366
2026-09-25,15:29,NELCAST,-0.2023
2026-09-25,15:29,NEOGEN,11.5153
2026-09-25,15:29,NEPHROPLUS,3.07
2026-09-25,15:29,NESCO,2.7949
2026-09-25,15:29,NH,1.6603
2026-09-25,15:29,NHPC,-1.9355
2026-09-25,15:29,NIACL,-2.2419
2026-09-25,15:29,NILKAMAL,-2.5198
2026-09-25,15:29,NINSYS,-1.0816
2026-09-25,15:29,NIRLON,-3.7461
2026-09-25,15:29,NITCO,-4.2456
2026-09-25,15:29,NITINSPIN,15.125
2026-09-25,15:29,NITTAGELA,7.8685
2026-09-25,15:29,NLCINDIA,-4.3011
2026-09-25,15:29,NOCIL,15.6954
2026-09-25,15:29,NORTHARC,5.0262
2026-09-25,15:29,NOVARTIND,26.9521
2026-09-25,15:29,NPST,9.8319
2026-09-25,15:29,NRAIL,34.1488
2026-09-25,15:29,NRBBEARING,14.4692
2026-09-25,15:29,NRL,38.2051
2026-09-25,15:29,NSIL,-0.4823
2026-09-25,15:29,NTPCGREEN,1.2018
2026-09-25,15:29,NUVAMA,-1.3784
2026-09-25,15:29,NUVOCO,-0.4599
2026-09-25,15:29,NYKAA,0.77
2026-09-25,15:29,OAL,49.6285
2026-09-25,15:29,OBEROIRLTY,0.6771
2026-09-25,15:29,OCCLLTD,12.1538
2026-09-25,15:29,OIL,-0.9692
2026-09-25,15:29,OLAELEC,-2.9997
2026-09-25,15:29,OMAXE,20.494
2026-09-25,15:29,OMPOWER,-1.107
2026-09-25,15:29,ONEPOINT,17.1323
2026-09-25,15:29,ONESOURCE,1.992
2026-09-25,15:29,ONGC,-1.684
2026-09-25,15:29,ONWARDTEC,0.087
2026-09-25,15:29,OPTIEMUS,37.3563
2026-09-25,15:29,ORCHPHARMA,2.9984
2026-09-25,15:29,ORICONENT,-0.753
2026-09-25,15:29,ORIENTBELL,14.0638
2026-09-25,15:29,ORIENTCER,14.9038
2026-09-25,15:29,ORIENTHOT,13.9104
2026-09-25,15:29,ORKLAINDIA,2.3284
2026-09-25,15:29,PAGEIND,3.2174
2026-09-25,15:29,PAISALO,27.2805
2026-09-25,15:29,PANACHE,5.042
2026-09-25,15:29,PANAMAPET,-3.0315
2026-09-25,15:29,PARADEEP,5.6246
2026-09-25,15:29,PARAGMILK,23.2808
2026-09-25,15:29,PARAS,-1.5795
2026-09-25,15:29,PARKHOSPS,1.8677
2026-09-25,15:29,PASUPTAC,25.5918
2026-09-25,15:29,PATANJALI,14.1585
2026-09-25,15:29,PATELENG,-3.3602
2026-09-25,15:29,PATELRMART,-4.2829
2026-09-25,15:29,PAYTM,1.4853
2026-09-25,15:29,PCBL,7.9123
2026-09-25,15:29,PDMJEPAPER,4.3522
2026-09-25,15:29,PDSL,-3.8963
2026-09-25,15:29,PENIND,16.774
2026-09-25,15:29,PERSISTENT,-2.734
2026-09-25,15:29,PETRONET,2.5779
2026-09-25,15:29,PFOCUS,15.0018
2026-09-25,15:29,PGIL,7.8421
2026-09-25,15:29,PHOENIXLTD,4.2086
2026-09-25,15:29,PIIND,-3.7806
2026-09-25,15:29,PINELABS,5.9971
2026-09-25,15:29,PITTIENG,9.4745
2026-09-25,15:29,PLATIND,-3.2874
2026-09-25,15:29,PNB,-0.8419
2026-09-25,15:29,PNGJL,-3.6135
2026-09-25,15:29,POWERGRID,1.0878
2026-09-25,15:29,POWERICA,1.772
2026-09-25,15:29,POWERMECH,-2.1383
2026-09-25,15:29,PPL,-0.5106
2026-09-25,15:29,PPLPHARMA,-1.1097
2026-09-25,15:29,PRABHA,47.7001
2026-09-25,15:29,PRADPME,-0.8026
2026-09-25,15:29,PRAJIND,-1.7571
2026-09-25,15:29,PRAKASH,-3.036
2026-09-25,15:29,PRECWIRE,7.2442
2026-09-25,15:29,PREMEXPLN,3.5462
2026-09-25,15:29,PREMIERPOL,31.6225
2026-09-25,15:29,PRICOLLTD,-0.732
2026-09-25,15:29,PRIMESECU,4.3373
2026-09-25,15:29,PRIMO,3.3102
2026-09-25,15:29,PRIVISCL,1.8505
2026-09-25,15:29,PROSTARM,3.939
2026-09-25,15:29,PROTEAN,24.2601
2026-09-25,15:29,PROZONER,36.8789
2026-09-25,15:29,PRSMJOHNSN,10.3196
2026-09-25,15:29,PTCIL,13.7893
2026-09-25,15:29,PTL,-1.5194
2026-09-25,15:29,PUNJABCHEM,-1.5171
2026-09-25,15:29,PURVA,-1.845
2026-09-25,15:29,PVP,68.9119
2026-09-25,15:29,PVRINOX,6.6746
2026-09-25,15:29,PWL,13.6525
2026-09-25,15:29,PYRAMID,0.4146
2026-09-25,15:29,QPOWER,18.7544
2026-09-25,15:29,QUADFUTURE,51.1596
2026-09-25,15:29,QUESS,2.3109
2026-09-25,15:29,QUICKHEAL,-1.6455
2026-09-25,15:29,RACLGEAR,21.3571
2026-09-25,15:29,RADHIKAJWE,-1.1878
2026-09-25,15:29,RADICO,-2.5261
2026-09-25,15:29,RAIN,2.5048
2026-09-25,15:29,RAJOOENG,4.3034
2026-09-25,15:29,RAJRILTD,-1.97
2026-09-25,15:29,RAMBHAJO,56.7353
2026-09-25,15:29,RAMCOCEM,-4.539
2026-09-25,15:29,RAMCOSYS,-2.6102
2026-09-25,15:29,RAMRAT,20.9292
2026-09-25,15:29,RATNAMANI,20.9008
2026-09-25,15:29,RATNAVEER,51.7955
2026-09-25,15:29,RAYMOND,86.3941
2026-09-25,15:29,RAYMONDREL,24.6037
2026-09-25,15:29,RBLBANK,7.1788
2026-09-25,15:29,RBZJEWEL,29.156
2026-09-25,15:29,REDINGTON,17.7023
2026-09-25,15:29,REDTAPE,-2.5284
2026-09-25,15:29,REFEX,-2.5903
2026-09-25,15:29,REGAAL,4.5914
2026-09-25,15:29,RELIGARE,3.3796
2026-09-25,15:29,RENUKA,5.3797
2026-09-25,15:29,REPCOHOME,-3.9768
2026-09-25,15:29,RESPONIND,-4.4336
2026-09-25,15:29,RGL,50.6838
2026-09-25,15:29,RHIM,-1.3277
2026-09-25,15:29,RICOAUTO,0.2958
2026-09-25,15:29,RISHABH,7.7505
2026-09-25,15:29,RKFORGE,-3.9274
2026-09-25,15:29,RMDRIP,31.2952
2026-09-25,15:29,RML,18.0414
2026-09-25,15:29,ROHLTD,-2.2644
2026-09-25,15:29,ROLEXRINGS,9.5871
2026-09-25,15:29,ROSSTECH,32.6869
2026-09-25,15:29,RPEL,22.3718
2026-09-25,15:29,RPGLIFE,7.776
2026-09-25,15:29,RPTECH,2.4376
2026-09-25,15:29,RSL,10.0078
2026-09-25,15:29,RSWM,8.5944
2026-09-25,15:29,RSYSTEMS,-2.9172
2026-09-25,15:29,RUBICON,3.4306
2026-09-25,15:29,RUBYMILLS,35.6079
2026-09-25,15:29,RUSTOMJEE,-1.8742
2026-09-25,15:29,SAATVIKGL,-3.2262
2026-09-25,15:29,SAFARI,-1.8896
2026-09-25,15:29,SAGILITY,4.7586
2026-09-25,15:29,SAIL,9.6751
2026-09-25,15:29,SAILIFE,9.7161
2026-09-25,15:29,SAKAR,23.6905
2026-09-25,15:29,SALSTEEL,34.9676
2026-09-25,15:29,SAMBHV,35.8723
2026-09-25,15:29,SAMHI,-3.3865
2026-09-25,15:29,SANATHAN,8.9546
2026-09-25,15:29,SANDESH,-3.9019
2026-09-25,15:29,SANGAMIND,3.6016
2026-09-25,15:29,SANOFI,-3.3368
2026-09-25,15:29,SANSERA,23.1484
2026-09-25,15:29,SANSTAR,-3.9681
2026-09-25,15:29,SAPPHIRE,-4.1493
2026-09-25,15:29,SARLAPOLY,-1.2408
2026-09-25,15:29,SATIA,10.0526
2026-09-25,15:29,SATIN,7.0233
2026-09-25,15:29,SAYAJIHOTL,4.4562
2026-09-25,15:29,SBC,37.5357
2026-09-25,15:29,SBCL,14.4599
2026-09-25,15:29,SBICARD,-4.649
2026-09-25,15:29,SBILIFE,-3.8631
2026-09-25,15:29,SCHAEFFLER,-2.5175
2026-09-25,15:29,SCODATUBES,1.5763
2026-09-25,15:29,SCPL,0.6208
2026-09-25,15:29,SDBL,-0.0134
2026-09-25,15:29,SEAMECLTD,11.7405
2026-09-25,15:29,SEDEMAC,12.5858
2026-09-25,15:29,SEJALLTD,0.5523
2026-09-25,15:29,SESHAPAPER,7.3821
2026-09-25,15:29,SETL,35.2427
2026-09-25,15:29,SGIL,19.2575
2026-09-25,15:29,SGMART,-2.1616
2026-09-25,15:29,SHADOWFAX,13.7764
2026-09-25,15:29,SHANTIGEAR,69.0464
2026-09-25,15:29,SHANTIGOLD,40.4398
2026-09-25,15:29,SHARDAMOTR,8.4358
2026-09-25,15:29,SHAREINDIA,20.9509
2026-09-25,15:29,SHILCTECH,3.7625
2026-09-25,15:29,SHILPAMED,25.5746
2026-09-25,15:29,SHINDL,-0.5124
2026-09-25,15:29,SHIVALIK,56.9513
2026-09-25,15:29,SHIVAUM,14.6404
2026-09-25,15:29,SHOPERSTOP,-1.0166
2026-09-25,15:29,SHREEJISPG,14.9042
2026-09-25,15:29,SHREEPUSHK,36.7703
2026-09-25,15:29,SHREERAMA,12.9105
2026-09-25,15:29,SHRIPISTON,5.7735
2026-09-25,15:29,SHYAMMETL,10.9226
2026-09-25,15:29,SIEMENS,-2.759
2026-09-25,15:29,SIGACHI,5.9777
2026-09-25,15:29,SIGMAADV,37.6701
2026-09-25,15:29,SIGNATURE,-1.523
2026-09-25,15:29,SIGNPOST,1.3832
2026-09-25,15:29,SIMPLEXINF,-0.0199
2026-09-25,15:29,SINDHUTRAD,-0.1681
2026-09-25,15:29,SIS,-3.7718
2026-09-25,15:29,SJS,-3.6341
2026-09-25,15:29,SKFINDIA,-4.1399
2026-09-25,15:29,SKFINDUS,7.1455
2026-09-25,15:29,SKIPPER,0.9895
2026-09-25,15:29,SKYGOLD,2.5325
2026-09-25,15:29,SMARTWORKS,7.5502
2026-09-25,15:29,SMCGLOBAL,8.2585
2026-09-25,15:29,SMLMAH,31.9702
2026-09-25,15:29,SMSPHARMA,30.0301
2026-09-25,15:29,SOFTTECH,13.3475
2026-09-25,15:29,SOLARA,42.5967
2026-09-25,15:29,SOLARINDS,-2.8488
2026-09-25,15:29,SOMANYCERA,19.0504
2026-09-25,15:29,SONACOMS,3.0754
2026-09-25,15:29,SOTL,4.5901
2026-09-25,15:29,SOUTHBANK,9.3955
2026-09-25,15:29,SPAL,0.5571
2026-09-25,15:29,SPARC,2.335
2026-09-25,15:29,SPECIALITY,4.3585
2026-09-25,15:29,SPECTRUM,49.4436
2026-09-25,15:29,SPIC,-4.5984
2026-09-25,15:29,SPLPETRO,22.7935
2026-09-25,15:29,SPORTKING,6.7993
2026-09-25,15:29,SREEL,24.5037
2026-09-25,15:29,SRF,-2.6335
2026-09-25,15:29,SRHHYPOLTD,20.3805
2026-09-25,15:29,SSWL,21.961
2026-09-25,15:29,STANLEY,-0.6608
2026-09-25,15:29,STAR,19.7837
2026-09-25,15:29,STARHEALTH,-4.5245
2026-09-25,15:29,STEELCAS,6.3109
2026-09-25,15:29,STEL,10.5103
2026-09-25,15:29,STERTOOLS,7.9621
2026-09-25,15:29,STLNETWORK,103.0867
2026-09-25,15:29,STLTECH,26.6949
2026-09-25,15:29,STOVEKRAFT,5.0297
2026-09-25,15:29,STYLEBAAZA,8.0195
2026-09-25,15:29,SUBEXLTD,55.9359
2026-09-25,15:29,SUDARCOLOR,-3.1423
2026-09-25,15:29,SUDARSCHEM,15.777
2026-09-25,15:29,SUDEEPPHRM,5.823
2026-09-25,15:29,SUKHJITS,-0.2807
2026-09-25,15:29,SUMMITSEC,-3.9281
2026-09-25,15:29,SUNCLAY,-0.5708
2026-09-25,15:29,SUNDARMFIN,-0.8359
2026-09-25,15:29,SUNDRMFAST,-4.0765
2026-09-25,15:29,SUNDROP,12.4472
2026-09-25,15:29,SUNFLAG,14.9314
2026-09-25,15:29,SUNPHARMA,-4.1304
2026-09-25,15:29,SUNTV,5.1855
2026-09-25,15:29,SUPREMEIND,1.5156
2026-09-25,15:29,SUPRIYA,21.1063
2026-09-25,15:29,SURAJEST,2.6763
2026-09-25,15:29,SURAKSHA,12.7607
2026-09-25,15:29,SURYAROSNI,2.0642
2026-09-25,15:29,SURYODAY,-4.6486
2026-09-25,15:29,SUTLEJTEX,-2.7119
2026-09-25,15:29,SUVEN,2.6191
2026-09-25,15:29,SVLL,10.0679
2026-09-25,15:29,SWANCORP,-4.3936
2026-09-25,15:29,SWANDEF,8.9043
2026-09-25,15:29,SWARAJENG,-2.0038
2026-09-25,15:29,SYNCOMF,31.5617
2026-09-25,15:29,SYRMA,18.0486
2026-09-25,15:29,SYSTMTXC,33.1615
2026-09-25,15:29,TALBROAUTO,8.4667
2026-09-25,15:29,TARC,2.0431
2026-09-25,15:29,TARSONS,6.4119
2026-09-25,15:29,TASTYBITE,8.4209
2026-09-25,15:29,TATACHEM,-4.211
2026-09-25,15:29,TATAINVEST,-3.3808
2026-09-25,15:29,TATAPOWER,-3.9969
2026-09-25,15:29,TATASTEEL,1.6879
2026-09-25,15:29,TATVA,4.89
2026-09-25,15:29,TBOTEK,5.7324
2026-09-25,15:29,TBZ,164.9424
2026-09-25,15:29,TCI,-4.3822
2026-09-25,15:29,TCPLPACK,-3.4875
2026-09-25,15:29,TDPOWERSYS,1.4511
2026-09-25,15:29,TECHNOE,2.2977
2026-09-25,15:29,TEGA,25.283
2026-09-25,15:29,TENNIND,-3.4027
2026-09-25,15:29,TEXINFRA,6.4548
2026-09-25,15:29,TEXRAIL,17.3499
2026-09-25,15:29,TFCILTD,19.9462
2026-09-25,15:29,THANGAMAYL,-2.5712
2026-09-25,15:29,THEJO,5.4231
2026-09-25,15:29,THELEELA,7.4147
2026-09-25,15:29,THEMISMED,12.476
2026-09-25,15:29,THOMASCOOK,-4.1944
2026-09-25,15:29,TI,5.0569
2026-09-25,15:29,TIIL,4.0102
2026-09-25,15:29,TIL,10.3295
2026-09-25,15:29,TIMEX,35.7785
2026-09-25,15:29,TIMKEN,-1.6624
2026-09-25,15:29,TIPSMUSIC,-0.4465
2026-09-25,15:29,TIRUMALCHM,0.0808
2026-09-25,15:29,TIRUPATIFL,18.9123
2026-09-25,15:29,TITAGARH,-3.3088
2026-09-25,15:29,TITAN,-3.5488
2026-09-25,15:29,TMB,4.262
2026-09-25,15:29,TNPETRO,20.2007
2026-09-25,15:29,TNPL,6.9338
2026-09-25,15:29,TORNTPHARM,1.5057
2026-09-25,15:29,TRANSPEK,11.6251
2026-09-25,15:29,TRANSRAILL,-0.7823
2026-09-25,15:29,TREL,8.3812
2026-09-25,15:29,TRIVENI,-0.9166
2026-09-25,15:29,TSFINV,9.2812
2026-09-25,15:29,TVSMOTOR,-4.2582
2026-09-25,15:29,TVSSCS,2.1327
2026-09-25,15:29,TVSSRICHAK,15.3846
2026-09-25,15:29,UDS,-1.0424
2026-09-25,15:29,UFLEX,34.5079
2026-09-25,15:29,UGARSUGAR,37.7285
2026-09-25,15:29,ULTRACEMCO,-4.707
2026-09-25,15:29,ULTRAMAR,6.3649
2026-09-25,15:29,UNICHEMLAB,1.3459
2026-09-25,15:29,UNIDT,6.8804
2026-09-25,15:29,UNIMECH,16.6935
2026-09-25,15:29,UNIONBANK,-3.378
2026-09-25,15:29,UNIPARTS,2.7781
2026-09-25,15:29,UNITEDPOLY,44.6092
2026-09-25,15:29,UNIVPHOTO,19.5391
2026-09-25,15:29,UNOMINDA,-1.7742
2026-09-25,15:29,UPL,-3.1858
2026-09-25,15:29,URBANCO,19.5628
2026-09-25,15:29,USHAMART,4.3129
2026-09-25,15:29,UTIAMC,-0.732
2026-09-25,15:29,UTLSOLAR,2.9763
2026-09-25,15:29,UTTAMSUGAR,10.6268
2026-09-25,15:29,V2RETAIL,-1.2464
2026-09-25,15:29,VADILALIND,-3.168
2026-09-25,15:29,VALIANTLAB,59.0903
2026-09-25,15:29,VALIANTORG,20.1727
2026-09-25,15:29,VARROC,-0.8433
2026-09-25,15:29,VASCONEQ,10.6654
2026-09-25,15:29,VBL,-1.294
2026-09-25,15:29,VEDL,-1.7521
2026-09-25,15:29,VELJAN,16.2818
2026-09-25,15:29,VENKEYS,8.5227
2026-09-25,15:29,VENTIVE,-3.9766
2026-09-25,15:29,VENUSPIPES,36.9287
2026-09-25,15:29,VENUSREM,-3.5217
2026-09-25,15:29,VERANDA,-4.2051
2026-09-25,15:29,VHL,-2.8018
2026-09-25,15:29,VIDHIING,12.4756
2026-09-25,15:29,VIDYAWIRES,2.688
2026-09-25,15:29,VIJAYA,1.8231
2026-09-25,15:29,VIKRAMSOLR,-1.9271
2026-09-25,15:29,VINCOFE,25.5711
2026-09-25,15:29,VINDHYATEL,10.543
2026-09-25,15:29,VIPIND,-2.1124
2026-09-25,15:29,VISAKAIND,-4.743
2026-09-25,15:29,VISHNU,16.2266
2026-09-25,15:29,VIVIANA,2.3906
2026-09-25,15:29,VMM,-3.271
2026-09-25,15:29,VOEPL,2.655
2026-09-25,15:29,VOLTAMP,6.6687
2026-09-25,15:29,VRLLOG,-3.9615
2026-09-25,15:29,VSSL,25.7833
2026-09-25,15:29,VSTTILLERS,-2.7839
2026-09-25,15:29,WABAG,6.5125
2026-09-25,15:29,WAKEFIT,15.5103
2026-09-25,15:29,WCIL,7.4124
2026-09-25,15:29,WELCORP,50.3477
2026-09-25,15:29,WELENT,32.7761
2026-09-25,15:29,WELINV,33.328
2026-09-25,15:29,WELSPLSOL,14.1316
2026-09-25,15:29,WELSPUNLIV,40.5744
2026-09-25,15:29,WENDT,8.278
2026-09-25,15:29,WESTLIFE,-1.8089
2026-09-25,15:29,WHEELS,69.6513
2026-09-25,15:29,WHIRLPOOL,17.0872
2026-09-25,15:29,WINDLAS,16.119
2026-09-25,15:29,WINDMACHIN,-0.1999
2026-09-25,15:29,WOCKPHARMA,18.438
2026-09-25,15:29,WONDERLA,8.3466
2026-09-25,15:29,WPIL,2.3787
2026-09-25,15:29,WSTCSTPAPR,20.7557
2026-09-25,15:29,XPROINDIA,7.3055
2026-09-25,15:29,XTRANET,99.9934
2026-09-25,15:29,YASHO,-0.9915
2026-09-25,15:29,YATHARTH,32.6944
2026-09-25,15:29,YESBANK,-2.0888
2026-09-25,15:29,YUKEN,33.3412
2026-09-25,15:29,ZFSTEERING,12.3775
2026-09-25,15:29,ZIMLAB,26.1892
2026-09-25,15:29,ZOTA,7.6774
2026-09-25,15:29,ZUARI,0.0815
2026-09-25,15:29,ZUARIIND,12.0247
2026-09-25,15:29,ZYDUSLIFE,3.1354
2026-09-25,15:29,ZYDUSWELL,2.9973
2026-09-28,15:29,20MICRONS,11.5453
2026-09-28,15:29,3BBLACKBIO,34.9225
2026-09-28,15:29,3MINDIA,-5.4471
2026-09-28,15:29,63MOONS,4.1145
2026-09-28,15:29,AARTIDRUGS,3.1944
2026-09-28,15:29,AARTIPHARM,7.3778
2026-09-28,15:29,ABBOTINDIA,-1.1826
2026-09-28,15:29,ABCAPITAL,-4.5636
2026-09-28,15:29,ABDL,20.6856
2026-09-28,15:29,ABSLAMC,-2.324
2026-09-28,15:29,ACCELYA,-3.4921
2026-09-28,15:29,ACE,11.7262
2026-09-28,15:29,ACI,-4.083
2026-09-28,15:29,ACMESOLAR,17.0543
2026-09-28,15:29,ACSTECH,65.4662
2026-09-28,15:29,ACUTAAS,-0.6552
2026-09-28,15:29,ADANIPORTS,2.5706
2026-09-28,15:29,ADANIPOWER,-4.4385
2026-09-28,15:29,ADFFOODS,1.5813
2026-09-28,15:29,ADOR,4.7579
2026-09-28,15:29,ADSL,3.4037
2026-09-28,15:29,ADVANCE,2.2813
2026-09-28,15:29,AEGISLOG,3.3744
2026-09-28,15:29,AEGISVOPAK,10.9439
2026-09-28,15:29,AEQUS,4.19
2026-09-28,15:29,AEROENTER,-4.916
2026-09-28,15:29,AEROFLEX,11.6451
2026-09-28,15:29,AETHER,7.0211
2026-09-28,15:29,AFSL,-1.7931
2026-09-28,15:29,AGARWALEYE,-0.5726
2026-09-28,15:29,AGI,14.3507
2026-09-28,15:29,AHCL,140.194
2026-09-28,15:29,AHLWEST,-5.4455
2026-09-28,15:29,AIIL,-2.9474
2026-09-28,15:29,AJANTPHARM,-4.0187
2026-09-28,15:29,AJAXENGG,1.3226
2026-09-28,15:29,AJMERA,1.1757
2026-09-28,15:29,AKCAPIT,1.209
2026-09-28,15:29,AKUMS,10.095
2026-09-28,15:29,ALEMBICLTD,23.0973
2026-09-28,15:29,ALGOQUANT,5.3788
2026-09-28,15:29,ALICON,-0.3822
2026-09-28,15:29,ALIVUS,-2.9711
2026-09-28,15:29,ALKEM,-3.5954
2026-09-28,15:29,ALLDIGI,-4.6103
2026-09-28,15:29,AMANTA,17.0601
2026-09-28,15:29,AMBER,-3.2124
2026-09-28,15:29,AMBIKCO,-1.9142
2026-09-28,15:29,AMRUTANJAN,2.1167
2026-09-28,15:29,ANANDRATHI,-1.3105
2026-09-28,15:29,ANANTRAJ,-3.4923
2026-09-28,15:29,ANDHRAPAP,21.6619
2026-09-28,15:29,ANGELONE,-2.8193
2026-09-28,15:29,ANTELOPUS,48.1536
2026-09-28,15:29,ANTHEM,-4.3815
2026-09-28,15:29,ANUHPHR,17.3862
2026-09-28,15:29,ANURAS,-1.8439
2026-09-28,15:29,APARINDS,3.427
2026-09-28,15:29,APCOTEXIND,-2.2519
2026-09-28,15:29,APLAPOLLO,5.4577
2026-09-28,15:29,APLLTD,2.7789
2026-09-28,15:29,APOLLO,3.7479
2026-09-28,15:29,APOLLOHOSP,-0.6782
2026-09-28,15:29,APOLLOPIPE,2.026
2026-09-28,15:29,APTECHT,-2.3158
2026-09-28,15:29,APTUS,-5.2016
2026-09-28,15:29,ARFIN,5.2707
2026-09-28,15:29,ARIES,13.7848
2026-09-28,15:29,ARIHANTCAP,21.1357
2026-09-28,15:29,ARIHANTSUP,-4.5647
2026-09-28,15:29,ARIS,-1.1037
2026-09-28,15:29,ARROWGREEN,10.2274
2026-09-28,15:29,ARSSBL,-1.4955
2026-09-28,15:29,ARTEMISMED,16.251
2026-09-28,15:29,ARVIND,-4.9401
2026-09-28,15:29,ASAHIINDIA,-0.6016
2026-09-28,15:29,ASHIANA,7.27
2026-09-28,15:29,ASHOKA,-1.9753
2026-09-28,15:29,ASIANENE,26.6426
2026-09-28,15:29,ASIANHOTNR,23.3217
2026-09-28,15:29,ASIANTILES,-0.7715
2026-09-28,15:29,ASKAUTOLTD,0.8764
2026-09-28,15:29,ASTAR,20.1254
2026-09-28,15:29,ASTEC,19.8417
2026-09-28,15:29,ATHERENERG,-3.7446
2026-09-28,15:29,ATL,4.8523
2026-09-28,15:29,ATLANTAELE,-4.0159
2026-09-28,15:29,AUROPHARMA,4.6483
2026-09-28,15:29,AURUM,-0.6894
2026-09-28,15:29,AUTOAXLES,-5.2608
2026-09-28,15:29,AVADHSUGAR,23.7694
2026-09-28,15:29,AVALON,19.0334
2026-09-28,15:29,AVANTEL,-4.4984
2026-09-28,15:29,AVL,-4.7226
2026-09-28,15:29,AVTNPL,6.5969
2026-09-28,15:29,AWHCL,-5.8032
2026-09-28,15:29,AXISBANK,-0.6161
2026-09-28,15:29,AXISCADES,26.5827
2026-09-28,15:29,AYE,-5.9773
2026-09-28,15:29,AYMSYNTEX,9.1471
2026-09-28,15:29,AZAD,0.1987
2026-09-28,15:29,BAFNAPH,38.5526
2026-09-28,15:29,BAJAJ-AUTO,-5.7778
2026-09-28,15:29,BAJAJCON,-4.1051
2026-09-28,15:29,BAJAJHCARE,2.2323
2026-09-28,15:29,BAJAJHFL,-2.1463
2026-09-28,15:29,BAJAJHIND,18.2081
2026-09-28,15:29,BAJAJHLDNG,-5.8824
2026-09-28,15:29,BAJAJINDEF,-3.1499
2026-09-28,15:29,BALAJITELE,1.6129
2026-09-28,15:29,BALAMINES,0.942
2026-09-28,15:29,BALRAMCHIN,8.9382
2026-09-28,15:29,BALUFORGE,0.2734
2026-09-28,15:29,BANARISUG,-1.9217
2026-09-28,15:29,BANCOINDIA,-3.8667
2026-09-28,15:29,BANDHANBNK,3.6952
2026-09-28,15:29,BANSALWIRE,-0.2042
2026-09-28,15:29,BBOX,-1.5958
2026-09-28,15:29,BBTC,-3.5758
2026-09-28,15:29,BEEKAY,-0.2182
2026-09-28,15:29,BELRISE,-2.6356
2026-09-28,15:29,BEML,6.4394
2026-09-28,15:29,BENGALASM,-4.372
2026-09-28,15:29,BEPL,1.3581
2026-09-28,15:29,BFUTILITIE,-3.3171
2026-09-28,15:29,BGRENERGY,4.2066
2026-09-28,15:29,BHAGERIA,91.1418
2026-09-28,15:29,BHAGYANGR,12.9152
2026-09-28,15:29,BHARATCOAL,-3.5025
2026-09-28,15:29,BHARATFORG,-5.23
2026-09-28,15:29,BHEL,-2.3239
2026-09-28,15:29,BIL,19.5605
2026-09-28,15:29,BIRLACABLE,21.8278
2026-09-28,15:29,BLACKBUCK,5.2613
2026-09-28,15:29,BLACKROSE,10.9818
2026-09-28,15:29,BLISSGVS,42.0607
2026-09-28,15:29,BLKASHYAP,0.5424
2026-09-28,15:29,BLSE,2.0366
2026-09-28,15:29,BLUEJET,-4.6536
2026-09-28,15:29,BLUESTARCO,4.4695
2026-09-28,15:29,BLUSPRING,34.5458
2026-09-28,15:29,BODALCHEM,194.8744
2026-09-28,15:29,BOROLTD,17.7112
2026-09-28,15:29,BOSCH-HCIL,8.959
2026-09-28,15:29,BOSCHLTD,-0.1699
2026-09-28,15:29,BPCL,-5.3843
2026-09-28,15:29,BRIGADE,-1.2932
2026-09-28,15:29,BSHSL,-4.4519
2026-09-28,15:29,BUILDPRO,0.6487
2026-09-28,15:29,CAMPUS,-3.37
2026-09-28,15:29,CANHLIFE,-0.6254
2026-09-28,15:29,CANTABIL,-2.9902
2026-09-28,15:29,CAPILLARY,7.1183
2026-09-28,15:29,CAPITALSFB,-1.9251
2026-09-28,15:29,CAPLIPOINT,15.0574
2026-09-28,15:29,CARBORUNIV,8.3536
2026-09-28,15:29,CARERATING,-5.1823
2026-09-28,15:29,CARTRADE,2.9416
2026-09-28,15:29,CASTROLIND,7.6116
2026-09-28,15:29,CDSL,-4.1208
2026-09-28,15:29,CEIGALL,18.8913
2026-09-28,15:29,CEMPRO,-5.7207
2026-09-28,15:29,CENTENKA,-2.8288
2026-09-28,15:29,CENTRALBK,-2.5796
2026-09-28,15:29,CENTUM,29.1847
2026-09-28,15:29,CEWATER,-2.4183
2026-09-28,15:29,CGCL,9.8799
2026-09-28,15:29,CGPOWER,-2.8254
2026-09-28,15:29,CHALET,5.3145
2026-09-28,15:29,CHAMBLFERT,-5.4778
2026-09-28,15:29,CHEMCON,15.5227
2026-09-28,15:29,CHEMPLASTS,6.3987
2026-09-28,15:29,CHENNPETRO,6.5209
2026-09-28,15:29,CHEVIOT,2.4935
2026-09-28,15:29,CHOICEIN,-5.8992
2026-09-28,15:29,CIEINDIA,-5.9841
2026-09-28,15:29,CIFL,2.6453
2026-09-28,15:29,CIPLA,-4.5724
2026-09-28,15:29,CLEAN,-4.8448
2026-09-28,15:29,CLEANMAX,9.98
2026-09-28,15:29,CLSEL,2.6217
2026-09-28,15:29,CMLL,-0.3891
2026-09-28,15:29,CMRGREEN,3.8395
2026-09-28,15:29,COALINDIA,3.7829
2026-09-28,15:29,COFFEEDAY,3.8168
2026-09-28,15:29,COFORGE,-2.1523
2026-09-28,15:29,COHANCE,2.8708
2026-09-28,15:29,COMSYN,-2.5942
2026-09-28,15:29,CONCORDBIO,-4.0378
2026-09-28,15:29,CONFIPET,18.9749
2026-09-28,15:29,CONSOFINVT,2.2593
2026-09-28,15:29,CONTROLPR,2.4887
2026-09-28,15:29,CORDELIA,22.4967
2026-09-28,15:29,CORONA,-3.9212
2026-09-28,15:29,CPPLUS,5.8085
2026-09-28,15:29,CRAFTSMAN,2.7607
2026-09-28,15:29,CREST,-0.2494
2026-09-28,15:29,CRISIL,3.9031
2026-09-28,15:29,CRIZAC,-1.2157
2026-09-28,15:29,CSBBANK,1.2352
2026-09-28,15:29,CSM,-2.3831
2026-09-28,15:29,CUB,3.5228
2026-09-28,15:29,CYIENT,24.8256
2026-09-28,15:29,CYIENTDLM,31.7663
2026-09-28,15:29,DABUR,-4.8118
2026-09-28,15:29,DALMIASUG,-1.7992
2026-09-28,15:29,DAMCAPITAL,9.1797
2026-09-28,15:29,DATAPATTNS,-4.0172
2026-09-28,15:29,DBL,-1.3217
2026-09-28,15:29,DBOL,2.4791
2026-09-28,15:29,DCBBANK,13.964
2026-09-28,15:29,DCMSIL,-4.1039
2026-09-28,15:29,DCW,6.2656
2026-09-28,15:29,DECCANCE,-0.5134
2026-09-28,15:29,DEEDEV,3.7266
2026-09-28,15:29,DEEPINDS,14.8497
2026-09-28,15:29,DELTACORP,19.26
2026-09-28,15:29,DEN,-5.4889
2026-09-28,15:29,DHAMPURSUG,7.1398
2026-09-28,15:29,DHANUKA,-5.4769
2026-09-28,15:29,DHARMAJ,7.7364
2026-09-28,15:29,DICIND,11.928
2026-09-28,15:29,DIFFNKG,13.318
2026-09-28,15:29,DISAQ,2.667
2026-09-28,15:29,DIVISLAB,12.6578
2026-09-28,15:29,DIXON,-3.4678
2026-09-28,15:29,DLF,-0.218
2026-09-28,15:29,DLINKINDIA,-0.4757
2026-09-28,15:29,DMCC,2.9407
2026-09-28,15:29,DOLATALGO,-5.2017
2026-09-28,15:29,DOLLAR,-1.4625
2026-09-28,15:29,DOLPHIN,27.5339
2026-09-28,15:29,DPABHUSHAN,-2.8755
2026-09-28,15:29,DRAGARWQ,-4.007
2026-09-28,15:29,DRREDDY,1.75
2026-09-28,15:29,DVL,5.5845
2026-09-28,15:29,DWARKESH,0.9779
2026-09-28,15:29,DYCL,-3.343
2026-09-28,15:29,DYNAMATECH,17.4383
2026-09-28,15:29,EBGNG,18.9225
2026-09-28,15:29,ECLERX,-4.2594
2026-09-28,15:29,EDELWEISS,11.0428
2026-09-28,15:29,EFCIL,-2.6012
2026-09-28,15:29,EIEL,-1.896
2026-09-28,15:29,EIFFL,0.8373
2026-09-28,15:29,EIHAHOTELS,-3.0911
2026-09-28,15:29,EIHOTEL,-1.748
2026-09-28,15:29,EIMCOELECO,13.1339
2026-09-28,15:29,EKC,-3.0613
2026-09-28,15:29,ELANTAS,17.0358
2026-09-28,15:29,ELDEHSG,-0.3556
2026-09-28,15:29,ELECON,11.1946
2026-09-28,15:29,ELECTCAST,2.2759
2026-09-28,15:29,ELGIEQUIP,-1.7473
2026-09-28,15:29,ELPROINTL,-1.3326
2026-09-28,15:29,EMAMILTD,-3.6077
2026-09-28,15:29,EMAMIPAP,7.5486
2026-09-28,15:29,EMCURE,-0.2329
2026-09-28,15:29,EMIL,1.8212
2026-09-28,15:29,EMKAY,21.7578
2026-09-28,15:29,EMMVEE,-1.8507
2026-09-28,15:29,EMSLIMITED,-5.5556
2026-09-28,15:29,EMUDHRA,25.1446
2026-09-28,15:29,ENGINERSIN,28.8165
2026-09-28,15:29,ENTERO,26.3659
2026-09-28,15:29,EPACKPEB,5.2416
2026-09-28,15:29,EPIGRAL,-5.4989
2026-09-28,15:29,EPL,-3.9248
2026-09-28,15:29,ESAFSFB,11.3413
2026-09-28,15:29,ETERNAL,3.909
2026-09-28,15:29,EXCELSOFT,13.7507
2026-09-28,15:29,EXICOM,2.8197
2026-09-28,15:29,EXPLEOSOL,6.6671
2026-09-28,15:29,FABTECH,-2.3753
2026-09-28,15:29,FACT,-4.9771
2026-09-28,15:29,FAIRCHEMOR,-3.7639
2026-09-28,15:29,FCL,32.3801
2026-09-28,15:29,FDC,-2.9927
2026-09-28,15:29,FEDDERSHOL,46.7283
2026-09-28,15:29,FEDFINA,-0.0994
2026-09-28,15:29,FILATEX,36.0732
2026-09-28,15:29,FINCABLES,12.9326
2026-09-28,15:29,FINEORG,-0.3849
2026-09-28,15:29,FINKURVE,-4.7017
2026-09-28,15:29,FINPIPE,-4.7915
2026-09-28,15:29,FIVESTAR,-5.7888
2026-09-28,15:29,FMGOETZE,0.3062
2026-09-28,15:29,FOSECOIND,11.3705
2026-09-28,15:29,FRONTSP,8.7725
2026-09-28,15:29,FSL,-4.1557
2026-09-28,15:29,GAIL,-1.4008
2026-09-28,15:29,GALAPREC,13.9516
2026-09-28,15:29,GANDHAR,6.7109
2026-09-28,15:29,GANDHITUBE,7.8892
2026-09-28,15:29,GANECOS,-3.9034
2026-09-28,15:29,GANESHBE,16.7191
2026-09-28,15:29,GANESHCP,-2.6037
2026-09-28,15:29,GARFIBRES,2.2965
2026-09-28,15:29,GARUDA,-2.311
2026-09-28,15:29,GATEWAY,-5.432
2026-09-28,15:29,GAYAPROJ,3.7807
2026-09-28,15:29,GCSL,28.8942
2026-09-28,15:29,GEECEE,-0.6055
2026-09-28,15:29,GENESYS,55.7439
2026-09-28,15:29,GENUSPOWER,-4.869
2026-09-28,15:29,GEOJITFSL,-2.5756
2026-09-28,15:29,GESHIP,19.3772
2026-09-28,15:29,GFLLIMITED,10.2382
2026-09-28,15:29,GHCL,-4.289
2026-09-28,15:29,GHCLTEXTIL,14.1176
2026-09-28,15:29,GICHSGFIN,-3.7993
2026-09-28,15:29,GIPCL,3.6696
2026-09-28,15:29,GKENERGY,-4.5205
2026-09-28,15:29,GKSL,28.1463
2026-09-28,15:29,GLAND,-2.4981
2026-09-28,15:29,GLAXO,7.7209
2026-09-28,15:29,GLENMARK,0.3149
2026-09-28,15:29,GLOBAL,25.5497
2026-09-28,15:29,GLOBUSSPR,-5.9583
2026-09-28,15:29,GLOTTIS,-3.968
2026-09-28,15:29,GMBREW,8.0302
2026-09-28,15:29,GMMPFAUDLR,41.1972
2026-09-28,15:29,GMRP&UI,4.9758
2026-09-28,15:29,GNA,9.5817
2026-09-28,15:29,GNFC,9.0869
2026-09-28,15:29,GOCLCORP,-4.558
2026-09-28,15:29,GODIGIT,1.3865
2026-09-28,15:29,GODREJAGRO,10.6804
2026-09-28,15:29,GOODLUCK,18.2146
2026-09-28,15:29,GPIL,-4.2348
2026-09-28,15:29,GPPL,0.7562
2026-09-28,15:29,GPTHEALTH,-0.032
2026-09-28,15:29,GPTINFRA,0.4059
2026-09-28,15:29,GRANULES,-0.8155
2026-09-28,15:29,GRAPHITE,10.7262
2026-09-28,15:29,GRASIM,-3.0381
2026-09-28,15:29,GRAUWEIL,24.5882
2026-09-28,15:29,GREAVESCOT,18.5368
2026-09-28,15:29,GREENPLY,-0.4271
2026-09-28,15:29,GRPLTD,-2.941
2026-09-28,15:29,GSFC,-4.4992
2026-09-28,15:29,GTPL,3.7247
2026-09-28,15:29,GUFICBIO,-0.4263
2026-09-28,15:29,GUJTHEM,13.9928
2026-09-28,15:29,GULFOILLUB,-4.2094
2026-09-28,15:29,GVT&D,-3.3793
2026-09-28,15:29,GYFTR,0.2348
2026-09-28,15:29,HAL,-5.8033
2026-09-28,15:29,HALDYNGL,23.1012
2026-09-28,15:29,HAPPYFORGE,-4.4458
2026-09-28,15:29,HARIOMPIPE,-2.7849
2026-09-28,15:29,HARSHA,12.929
2026-09-28,15:29,HATSUN,14.1313
2026-09-28,15:29,HAWKINCOOK,-3.2152
2026-09-28,15:29,HBLENGINE,15.7922
2026-09-28,15:29,HCC,3.6831
2026-09-28,15:29,HCG,-3.2339
2026-09-28,15:29,HDFCBANK,-1.0935
2026-09-28,15:29,HDFCLIFE,-0.7931
2026-09-28,15:29,HEALTHX,-1.7232
2026-09-28,15:29,HEG,10.6067
2026-09-28,15:29,HERANBA,5.9967
2026-09-28,15:29,HERITGFOOD,12.3045
2026-09-28,15:29,HEXAGON,0.5783
2026-09-28,15:29,HEXATRADEX,-1.3053
2026-09-28,15:29,HIKAL,-4.2158
2026-09-28,15:29,HINDOILEXP,13.7278
2026-09-28,15:29,HINDZINC,1.9754
2026-09-28,15:29,HITECHCORP,2.7535
2026-09-28,15:29,HITECHGEAR,17.9727
2026-09-28,15:29,HLEGLAS,27.9677
2026-09-28,15:29,HMAAGRO,-0.9076
2026-09-28,15:29,HMT,0.5107
2026-09-28,15:29,HNDFDS,1.8177
2026-09-28,15:29,IBULLSLTD,6.7208
2026-09-28,15:29,ICICIAMC,3.7638
2026-09-28,15:29,ICICIGI,-5.5215
2026-09-28,15:29,ICIL,15.8726
2026-09-28,15:29,IDBI,2.3529
2026-09-28,15:29,IGL,-5.445
2026-09-28,15:29,IGPL,26.8929
2026-09-28,15:29,IIFL,-5.2286
2026-09-28,15:29,IIFLCAPS,2.5358
2026-09-28,15:29,IKIO,-2.6101
2026-09-28,15:29,IKS,-3.8913
2026-09-28,15:29,IL&FSENGG,4.9551
2026-09-28,15:29,IMAGICAA,7.6165
2026-09-28,15:29,IMPAL,-2.3589
2026-09-28,15:29,INDGN,10.3454
2026-09-28,15:29,INDHOTEL,-1.25
2026-09-28,15:29,INDIAGLYCO,40.1847
2026-09-28,15:29,INDIANHUME,-5.0928
2026-09-28,15:29,INDIASHLTR,-3.4889
2026-09-28,15:29,INDIGOPNTS,-3.369
2026-09-28,15:29,INDIQUBE,10.8
2026-09-28,15:29,INDNIPPON,14.9038
2026-09-28,15:29,INDOAMIN,5.7462
2026-09-28,15:29,INDOBORAX,12.2722
2026-09-28,15:29,INDOCO,13.4618
2026-09-28,15:29,INDOMIM,44.5341
2026-09-28,15:29,INDORAMA,79.7112
2026-09-28,15:29,INDPRUD,-2.9857
2026-09-28,15:29,INDRAMEDCO,-3.5886
2026-09-28,15:29,INDSWFTLAB,34.164
2026-09-28,15:29,INNOVACAP,22.7027
2026-09-28,15:29,INOXINDIA,5.5636
2026-09-28,15:29,INOXWIND,-2.2669
2026-09-28,15:29,INSECTICID,-5.1969
2026-09-28,15:29,INTERARCH,-1.7279
2026-09-28,15:29,INTLCONV,5.5203
2026-09-28,15:29,INVPRECQ,23.3467
2026-09-28,15:29,IOB,-5.5076
2026-09-28,15:29,IOC,-4.3615
2026-09-28,15:29,IOLCP,18.5469
2026-09-28,15:29,IONEXCHANG,13.3932
2026-09-28,15:29,IPCALAB,10.6735
2026-09-28,15:29,IREDA,-1.2301
2026-09-28,15:29,IRISDOREME,8.3722
2026-09-28,15:29,ISGEC,21.0749
2026-09-28,15:29,ITC,-4.6729
2026-09-28,15:29,ITCHOTELS,-3.8562
2026-09-28,15:29,ITDC,-4.9157
2026-09-28,15:29,JAGRAN,-0.6564
2026-09-28,15:29,JAGSNPHARM,6.3871
2026-09-28,15:29,JAINREC,-3.9707
2026-09-28,15:29,JAMNAAUTO,13.4503
2026-09-28,15:29,JASH,20.1408
2026-09-28,15:29,JAYAGROGN,3.5409
2026-09-28,15:29,JAYBARMARU,-4.1764
2026-09-28,15:29,JAYKAY,30.7564
2026-09-28,15:29,JAYNECOIND,-1.0683
2026-09-28,15:29,JGCHEM,2.4169
2026-09-28,15:29,JINDALPHOT,-0.6334
2026-09-28,15:29,JINDALPOLY,6.8128
2026-09-28,15:29,JINDALSAW,3.3882
2026-09-28,15:29,JINDALSTEL,4.4068
2026-09-28,15:29,JINDRILL,6.148
2026-09-28,15:29,JINDWORLD,38.0885
2026-09-28,15:29,JISLJALEQS,9.0223
2026-09-28,15:29,JKCEMENT,-5.8984
2026-09-28,15:29,JKPAPER,4.8039
2026-09-28,15:29,JMFINANCIL,-0.9333
2026-09-28,15:29,JNPR,7.3958
2026-09-28,15:29,JSL,1.0639
2026-09-28,15:29,JSLL,-3.7307
2026-09-28,15:29,JSWDULUX,0.0758
2026-09-28,15:29,JSWINFRA,2.8306
2026-09-28,15:29,JSWSTEEL,-0.4646
2026-09-28,15:29,JTLIND,16.7863
2026-09-28,15:29,JUBLFOOD,-5.0387
2026-09-28,15:29,JUBLPHARMA,22.4821
2026-09-28,15:29,JUNIPER,11.2861
2026-09-28,15:29,JUSTDIAL,-3.2379
2026-09-28,15:29,JYOTHYLAB,-4.8656
2026-09-28,15:29,JYOTICNC,26.5086
2026-09-28,15:29,KABRAEXTRU,66.8245
2026-09-28,15:29,KAJARIACER,-5.0981
2026-09-28,15:29,KALPATARU,-3.6507
2026-09-28,15:29,KAMATHOTEL,19.0483
2026-09-28,15:29,KAMDHENU,12.2302
2026-09-28,15:29,KANORICHEM,33.0028
2026-09-28,15:29,KANPRPLA,-0.1115
2026-09-28,15:29,KARURVYSYA,-3.3157
2026-09-28,15:29,KAYNES,-0.0601
2026-09-28,15:29,KCP,0.6785
2026-09-28,15:29,KDDL,2.1348
2026-09-28,15:29,KENNAMET,17.67
2026-09-28,15:29,KFINTECH,-5.9521
2026-09-28,15:29,KILITCH,19.4814
2026-09-28,15:29,KIMS,-5.2713
2026-09-28,15:29,KINGFA,8.7564
2026-09-28,15:29,KIRIINDUS,31.7171
2026-09-28,15:29,KIRLFER,8.4779
2026-09-28,15:29,KIRLOSENG,1.957
2026-09-28,15:29,KISSHT,11.4378
2026-09-28,15:29,KLBRENG-B,43.6069
2026-09-28,15:29,KMEW,5.3501
2026-09-28,15:29,KOPRAN,46.1462
2026-09-28,15:29,KOTAKBANK,2.6588
2026-09-28,15:29,KOTIC,3.3384
2026-09-28,15:29,KOVAI,-0.2236
2026-09-28,15:29,KPIGREEN,12.0219
2026-09-28,15:29,KPIL,1.7305
2026-09-28,15:29,KPL,4.0855
2026-09-28,15:29,KPRMILL,-0.7928
2026-09-28,15:29,KRBL,-0.8929
2026-09-28,15:29,KRISHANA,-2.2341
2026-09-28,15:29,KRN,-5.5098
2026-09-28,15:29,KRONOX,44.0909
2026-09-28,15:29,KROSS,23.8011
2026-09-28,15:29,KRYSTAL,0.2661
2026-09-28,15:29,KSB,0
2026-09-28,15:29,KSCL,-1.3398
2026-09-28,15:29,KSHINTL,-4.2825
2026-09-28,15:29,KSL,13.5169
2026-09-28,15:29,KTKBANK,3.9399
2026-09-28,15:29,KUANTUM,-4.8971
2026-09-28,15:29,KUSUMGAR,2.5754
2026-09-28,15:29,KWIL,10.6141
2026-09-28,15:29,LALPATHLAB,1.3463
2026-09-28,15:29,LAURUSLABS,12.4993
2026-09-28,15:29,LAXMIDENTL,-4.5189
2026-09-28,15:29,LAXMIINDIA,-4.9204
2026-09-28,15:29,LCL,7.7985
2026-09-28,15:29,LEMONTREE,-4.6823
2026-09-28,15:29,LENSKART,7.0851
2026-09-28,15:29,LGBBROSLTD,8.386
2026-09-28,15:29,LGEINDIA,0.0578
2026-09-28,15:29,LGHL,-0.3956
2026-09-28,15:29,LICHSGFIN,12.83
2026-09-28,15:29,LICI,-3.1076
2026-09-28,15:29,LIKHITHA,5.277
2026-09-28,15:29,LINCOLN,-5.1435
2026-09-28,15:29,LLOYDSENGG,2.6088
2026-09-28,15:29,LLOYDSENT,-0.2092
2026-09-28,15:29,LLOYDSME,-4.2896
2026-09-28,15:29,LOTUSDEV,20.6437
2026-09-28,15:29,LTFOODS,-2.6918
2026-09-28,15:29,LUMAXIND,-2.0788
2026-09-28,15:29,LUMAXTECH,0.311
2026-09-28,15:29,LUXIND,-5.3447
2026-09-28,15:29,LXCHEM,0.8066
2026-09-28,15:29,MACPOWER,25.4559
2026-09-28,15:29,MAFATIND,-5.8262
2026-09-28,15:29,MAGADSUGAR,-0.3865
2026-09-28,15:29,MAHABANK,0.9111
2026-09-28,15:29,MAHASTEEL,14.878
2026-09-28,15:29,MAHLIFE,-5.6638
2026-09-28,15:29,MAHLOG,4.0197
2026-09-28,15:29,MAHSCOOTER,-3.946
2026-09-28,15:29,MAHSEAMLES,16.6381
2026-09-28,15:29,MAITHANALL,-3.3205
2026-09-28,15:29,MALLCOM,-3.2644
2026-09-28,15:29,MAMATA,-5.932
2026-09-28,15:29,MANAKCOAT,7.8986
2026-09-28,15:29,MANAKSTEEL,27.8797
2026-09-28,15:29,MANALIPETC,18.4062
2026-09-28,15:29,MANBA,5.8914
2026-09-28,15:29,MANGLMCEM,11.6193
2026-09-28,15:29,MANINDS,59.0374
2026-09-28,15:29,MANINFRA,20.0471
2026-09-28,15:29,MANIPALHOS,2.1996
2026-09-28,15:29,MANKIND,0.4288
2026-09-28,15:29,MANORAMA,7.3686
2026-09-28,15:29,MANYAVAR,2.3735
2026-09-28,15:29,MARATHON,7.5722
2026-09-28,15:29,MARINE,15.5112
2026-09-28,15:29,MARKSANS,-0.4354
2026-09-28,15:29,MARSONS,14.9349
2026-09-28,15:29,MASTERTR,6.0602
2026-09-28,15:29,MATRIMONY,-3.1668
2026-09-28,15:29,MAWANASUG,25.7325
2026-09-28,15:29,MAXESTATES,29.3925
2026-09-28,15:29,MAXHEALTH,-0.8428
2026-09-28,15:29,MAXIND,2.7923
2026-09-28,15:29,MAYURUNIQ,-3.6741
2026-09-28,15:29,MAZDA,21.2579
2026-09-28,15:29,MBAPL,-0.9795
2026-09-28,15:29,MBECL,13087.5352
2026-09-28,15:29,MCCHRLS-B,-0.2134
2026-09-28,15:29,MCX,12.09
2026-09-28,15:29,MEDANTA,0.7592
2026-09-28,15:29,MEDPLUS,-2.3843
2026-09-28,15:29,MEESHO,13.4285
2026-09-28,15:29,MEIL,-1.156
2026-09-28,15:29,MENONBE,26.6327
2026-09-28,15:29,MERCURYEV,7.8991
2026-09-28,15:29,METROPOLIS,4.9129
2026-09-28,15:29,MICEL,-3.2011
2026-09-28,15:29,MIDHANI,-0.168
2026-09-28,15:29,MMFL,2.5011
2026-09-28,15:29,MMP,34
2026-09-28,15:29,MOBIKWIK,-2.0422
2026-09-28,15:29,MODISONLTD,26.6991
2026-09-28,15:29,MOLDTECH,6.3329
2026-09-28,15:29,MONTECARLO,1.1113
2026-09-28,15:29,MOREPENLAB,43.3781
2026-09-28,15:29,MOSCHIP,-3.8884
2026-09-28,15:29,MOTHERSON,-3.5235
2026-09-28,15:29,MOTILALOFS,11.9398
2026-09-28,15:29,MRPL,-0.4339
2026-09-28,15:29,MSPL,-1.4636
2026-09-28,15:29,MSTCLTD,13.9557
2026-09-28,15:29,MTARTECH,0.2338
2026-09-28,15:29,MUFIN,-3.9693
2026-09-28,15:29,MUKANDLTD,27.5011
2026-09-28,15:29,MUKKA,1.5472
2026-09-28,15:29,MUTHOOTFIN,-2.8853
2026-09-28,15:29,MVELECTRO,33.5853
2026-09-28,15:29,MVGJL,37.4189
2026-09-28,15:29,NAHARINDUS,4.4494
2026-09-28,15:29,NAVA,-4.4792
2026-09-28,15:29,NAVINFLUOR,2.3983
2026-09-28,15:29,NAZARA,6.6732
2026-09-28,15:29,NCLIND,1.8775
2026-09-28,15:29,NELCAST,-0.9594
2026-09-28,15:29,NEOGEN,8.6807
2026-09-28,15:29,NEPHROPLUS,-3.2582
2026-09-28,15:29,NESCO,4.6628
2026-09-28,15:29,NH,-0.6821
2026-09-28,15:29,NHPC,-3.1209
2026-09-28,15:29,NIACL,-5.1597
2026-09-28,15:29,NILKAMAL,3.1183
2026-09-28,15:29,NINSYS,-4.4387
2026-09-28,15:29,NIRLON,-2.9684
2026-09-28,15:29,NITINSPIN,7.8669
2026-09-28,15:29,NITTAGELA,6.8931
2026-09-28,15:29,NOCIL,8.5182
2026-09-28,15:29,NORTHARC,3.4654
2026-09-28,15:29,NOVARTIND,22.2749
2026-09-28,15:29,NPST,3.0765
2026-09-28,15:29,NRAIL,23.5996
2026-09-28,15:29,NRBBEARING,17.9996
2026-09-28,15:29,NRL,35.4444
2026-09-28,15:29,NSIL,-1.774
2026-09-28,15:29,NTPC,-5.5588
2026-09-28,15:29,NTPCGREEN,0.3046
2026-09-28,15:29,NUVAMA,-1.7664
2026-09-28,15:29,NUVOCO,-1.7192
2026-09-28,15:29,NYKAA,-1.6616
2026-09-28,15:29,OAL,58.9055
2026-09-28,15:29,OBEROIRLTY,-0.8667
2026-09-28,15:29,OCCLLTD,14.6574
2026-09-28,15:29,OIL,-0.1067
2026-09-28,15:29,OLAELEC,-2.2463
2026-09-28,15:29,OMAXE,11.2265
2026-09-28,15:29,OMPOWER,-4.2601
2026-09-28,15:29,ONEPOINT,18.9277
2026-09-28,15:29,ONESOURCE,0.4233
2026-09-28,15:29,ONGC,-2.7073
2026-09-28,15:29,ONWARDTEC,0.3345
2026-09-28,15:29,OPTIEMUS,44.3504
2026-09-28,15:29,ORBTEXP,-3.7214
2026-09-28,15:29,ORCHPHARMA,-2.1279
2026-09-28,15:29,ORICONENT,-1.4307
2026-09-28,15:29,ORIENTBELL,12.8154
2026-09-28,15:29,ORIENTCER,5.7169
2026-09-28,15:29,ORIENTHOT,11.1353
2026-09-28,15:29,ORKLAINDIA,0.8276
2026-09-28,15:29,PAGEIND,2.0408
2026-09-28,15:29,PAISALO,15.9167
2026-09-28,15:29,PANACHE,-1.858
2026-09-28,15:29,PANAMAPET,-3.16
2026-09-28,15:29,PARADEEP,5.3094
2026-09-28,15:29,PARAGMILK,30.4317
2026-09-28,15:29,PARAS,-4.5372
2026-09-28,15:29,PARKHOSPS,-1.7238
2026-09-28,15:29,PASUPTAC,22.8591
2026-09-28,15:29,PATANJALI,11.0227
2026-09-28,15:29,PATELENG,-5.4482
2026-09-28,15:29,PAYTM,2.0462
2026-09-28,15:29,PCBL,7.3434
2026-09-28,15:29,PDMJEPAPER,6.4714
2026-09-28,15:29,PDSL,-5.5022
2026-09-28,15:29,PENIND,19.5106
2026-09-28,15:29,PERSISTENT,-4.5072
2026-09-28,15:29,PETRONET,2.5655
2026-09-28,15:29,PFOCUS,16.9139
2026-09-28,15:29,PFS,-4.3386
2026-09-28,15:29,PGIL,4.7523
2026-09-28,15:29,PHOENIXLTD,3.291
2026-09-28,15:29,PIIND,-5.6664
2026-09-28,15:29,PINELABS,4.9497
2026-09-28,15:29,PITTIENG,7.2655
2026-09-28,15:29,PLASTIBLEN,0.3464
2026-09-28,15:29,PLATIND,-4.4146
2026-09-28,15:29,PNB,-4.5763
2026-09-28,15:29,PNBHOUSING,-5.6932
2026-09-28,15:29,PNGJL,-4.151
2026-09-28,15:29,POWERGRID,-1.5786
2026-09-28,15:29,POWERICA,2.3639
2026-09-28,15:29,POWERMECH,-3.7023
2026-09-28,15:29,PPLPHARMA,-0.0242
2026-09-28,15:29,PRABHA,43.263
2026-09-28,15:29,PRADPME,-4.17
2026-09-28,15:29,PRECWIRE,4.8653
2026-09-28,15:29,PREMEXPLN,3.8579
2026-09-28,15:29,PREMIERPOL,26.1863
2026-09-28,15:29,PRICOLLTD,-4.9176
2026-09-28,15:29,PRIMESECU,7.058
2026-09-28,15:29,PRIMO,9.797
2026-09-28,15:29,PRIVISCL,3.5351
2026-09-28,15:29,PROSTARM,1.4436
2026-09-28,15:29,PROTEAN,25.2944
2026-09-28,15:29,PROZONER,33.8886
2026-09-28,15:29,PRSMJOHNSN,9.5415
2026-09-28,15:29,PRUDENT,-2.6342
2026-09-28,15:29,PTC,-4.0813
2026-09-28,15:29,PTCIL,13.832
2026-09-28,15:29,PTL,-1.9151
2026-09-28,15:29,PUNJABCHEM,-3.6719
2026-09-28,15:29,PURVA,-3.767
2026-09-28,15:29,PVP,66.1022
2026-09-28,15:29,PVRINOX,4.3441
2026-09-28,15:29,PWL,9.3494
2026-09-28,15:29,PYRAMID,-1.1413
2026-09-28,15:29,QPOWER,27.4874
2026-09-28,15:29,QUADFUTURE,47.4546
2026-09-28,15:29,QUESS,0.9177
2026-09-28,15:29,QUICKHEAL,-3.8165
2026-09-28,15:29,RACLGEAR,16.2762
2026-09-28,15:29,RADHIKAJWE,0.1299
2026-09-28,15:29,RADICO,-3.6925
2026-09-28,15:29,RAIN,3.2393
2026-09-28,15:29,RAJOOENG,5.2962
2026-09-28,15:29,RAJRILTD,-4.1475
2026-09-28,15:29,RAMBHAJO,49.0691
2026-09-28,15:29,RAMCOSYS,-5.355
2026-09-28,15:29,RAMRAT,19.6085
2026-09-28,15:29,RANEHOLDIN,-5.3751
2026-09-28,15:29,RATNAMANI,16.8537
2026-09-28,15:29,RATNAVEER,43.7913
2026-09-28,15:29,RAYMOND,85.6873
2026-09-28,15:29,RAYMONDREL,16.4676
2026-09-28,15:29,RBLBANK,5.7143
2026-09-28,15:29,RBZJEWEL,34.841
2026-09-28,15:29,REDINGTON,21.1944
2026-09-28,15:29,REDTAPE,-1.8168
2026-09-28,15:29,REGAAL,2.9767
2026-09-28,15:29,RELIGARE,-0.1832
2026-09-28,15:29,RENUKA,4.3736
2026-09-28,15:29,REPCOHOME,-3.0206
2026-09-28,15:29,RESPONIND,-2.5919
2026-09-28,15:29,RGL,32.675
2026-09-28,15:29,RHIM,1.777
2026-09-28,15:29,RICOAUTO,-3.5152
2026-09-28,15:29,RISHABH,9.9977
2026-09-28,15:29,RKFORGE,-4.0268
2026-09-28,15:29,RMDRIP,31.9547
2026-09-28,15:29,RML,19.075
2026-09-28,15:29,ROHLTD,-4.258
2026-09-28,15:29,ROLEXRINGS,9.7277
2026-09-28,15:29,ROSSTECH,30.3088
2026-09-28,15:29,ROTO,-5.385
2026-09-28,15:29,RPEL,18.8298
2026-09-28,15:29,RPGLIFE,6.2107
2026-09-28,15:29,RPSGVENT,-5.4036
2026-09-28,15:29,RPTECH,5.9829
2026-09-28,15:29,RSL,1.203
2026-09-28,15:29,RSWM,6.1527
2026-09-28,15:29,RSYSTEMS,13.8172
2026-09-28,15:29,RUBICON,-1.6244
2026-09-28,15:29,RUBYMILLS,40.1785
2026-09-28,15:29,RUSTOMJEE,-3.1094
2026-09-28,15:29,SAATVIKGL,-1.1699
2026-09-28,15:29,SAFARI,-3.023
2026-09-28,15:29,SAGILITY,2.7673
2026-09-28,15:29,SAIL,8.6662
2026-09-28,15:29,SAILIFE,9.1662
2026-09-28,15:29,SAKAR,24.3964
2026-09-28,15:29,SALSTEEL,40.0632
2026-09-28,15:29,SAMBHV,27.2097
2026-09-28,15:29,SANATHAN,9.8016
2026-09-28,15:29,SANDESH,-4.7976
2026-09-28,15:29,SANGAMIND,4.7088
2026-09-28,15:29,SANOFI,-4.2986
2026-09-28,15:29,SANSERA,13.5708
2026-09-28,15:29,SANSTAR,-4.1256
2026-09-28,15:29,SARDAEN,-5.6199
2026-09-28,15:29,SARLAPOLY,-3.449
2026-09-28,15:29,SATIA,13.7275
2026-09-28,15:29,SATIN,3.9284
2026-09-28,15:29,SAYAJIHOTL,-0.625
2026-09-28,15:29,SBC,38.7047
2026-09-28,15:29,SBCL,6.7397
2026-09-28,15:29,SBILIFE,-3.727
2026-09-28,15:29,SCHAEFFLER,-2.1691
2026-09-28,15:29,SCHAND,4.9253
2026-09-28,15:29,SCODATUBES,-2.0266
2026-09-28,15:29,SCPL,-3.7593
2026-09-28,15:29,SDBL,8.6523
2026-09-28,15:29,SEAMECLTD,9.2354
2026-09-28,15:29,SEDEMAC,12.525
2026-09-28,15:29,SEJALLTD,-2.2503
2026-09-28,15:29,SESHAPAPER,4.3915
2026-09-28,15:29,SETL,41.6387
2026-09-28,15:29,SGIL,16.0292
2026-09-28,15:29,SGMART,-0.8629
2026-09-28,15:29,SHADOWFAX,9.0399
2026-09-28,15:29,SHANTIGEAR,59.3408
2026-09-28,15:29,SHANTIGOLD,24.675
2026-09-28,15:29,SHARDAMOTR,5.2157
2026-09-28,15:29,SHAREINDIA,18.1292
2026-09-28,15:29,SHILCTECH,4.0239
2026-09-28,15:29,SHILPAMED,24.7263
2026-09-28,15:29,SHINDL,-2.0145
2026-09-28,15:29,SHIVALIK,52.2258
2026-09-28,15:29,SHIVAUM,21.7177
2026-09-28,15:29,SHOPERSTOP,-0.6009
2026-09-28,15:29,SHREEJISPG,15.2127
2026-09-28,15:29,SHREEPUSHK,29.287
2026-09-28,15:29,SHREERAMA,-0.9361
2026-09-28,15:29,SHRINGARMS,-2.3425
2026-09-28,15:29,SHRIPISTON,3.4035
2026-09-28,15:29,SHYAMMETL,6.9128
2026-09-28,15:29,SIEMENS,-3.9213
2026-09-28,15:29,SIGACHI,5.4619
2026-09-28,15:29,SIGMAADV,40.9484
2026-09-28,15:29,SIGNATURE,-3.5712
2026-09-28,15:29,SIGNPOST,-1.1219
2026-09-28,15:29,SIMPLEXINF,-3.5986
2026-09-28,15:29,SINDHUTRAD,-1.692
2026-09-28,15:29,SIRCA,-4.7552
2026-09-28,15:29,SKFINDIA,-3.909
2026-09-28,15:29,SKFINDUS,7.3379
2026-09-28,15:29,SKIPPER,1.9606
2026-09-28,15:29,SKYGOLD,3.045
2026-09-28,15:29,SMARTWORKS,4.6854
2026-09-28,15:29,SMCGLOBAL,22.3635
2026-09-28,15:29,SMLMAH,26.8965
2026-09-28,15:29,SMSPHARMA,27.8954
2026-09-28,15:29,SOFTTECH,15.5058
2026-09-28,15:29,SOLARA,43.7244
2026-09-28,15:29,SOLARINDS,-4.1014
2026-09-28,15:29,SOMANYCERA,18.6358
2026-09-28,15:29,SONACOMS,2.0076
2026-09-28,15:29,SOTL,0.0214
2026-09-28,15:29,SOUTHBANK,6.3402
2026-09-28,15:29,SPAL,1.1949
2026-09-28,15:29,SPARC,2.4598
2026-09-28,15:29,SPECIALITY,8.0332
2026-09-28,15:29,SPECTRUM,59.9848
2026-09-28,15:29,SPLPETRO,19.0352
2026-09-28,15:29,SPORTKING,3.7671
2026-09-28,15:29,SREEL,22.9507
2026-09-28,15:29,SRF,-4.3937
2026-09-28,15:29,SRHHYPOLTD,14.7921
2026-09-28,15:29,SSWL,24.209
2026-09-28,15:29,STALLION,-3.6154
2026-09-28,15:29,STANLEY,-0.301
2026-09-28,15:29,STAR,18.9709
2026-09-28,15:29,STARHEALTH,-5.5798
2026-09-28,15:29,STEELCAS,5.3716
2026-09-28,15:29,STEL,4.7316
2026-09-28,15:29,STERTOOLS,0.0804
2026-09-28,15:29,STLNETWORK,101.9395
2026-09-28,15:29,STLTECH,27.418
2026-09-28,15:29,STOVEKRAFT,6.1876
2026-09-28,15:29,STYLEBAAZA,8.0082
2026-09-28,15:29,SUBEXLTD,46.4697
2026-09-28,15:29,SUDARSCHEM,7.2892
2026-09-28,15:29,SUDEEPPHRM,3.0076
2026-09-28,15:29,SUNCLAY,-1.6001
2026-09-28,15:29,SUNDARMFIN,-0.3825
2026-09-28,15:29,SUNDRMFAST,-4.1886
2026-09-28,15:29,SUNDROP,12.1345
2026-09-28,15:29,SUNFLAG,26.4818
2026-09-28,15:29,SUNPHARMA,-4.7668
2026-09-28,15:29,SUNTV,7.2844
2026-09-28,15:29,SUPREMEIND,-1.6606
2026-09-28,15:29,SUPRIYA,24.3921
2026-09-28,15:29,SURAJEST,1.3764
2026-09-28,15:29,SURAKSHA,13.8242
2026-09-28,15:29,SURYAROSNI,-1.2916
2026-09-28,15:29,SURYODAY,-4.6495
2026-09-28,15:29,SUTLEJTEX,-2.8616
2026-09-28,15:29,SVLL,8.6154
2026-09-28,15:29,SWANCORP,-4.8917
2026-09-28,15:29,SWANDEF,8.6865
2026-09-28,15:29,SWARAJ,-3.8935
2026-09-28,15:29,SWARAJENG,-2.3556
2026-09-28,15:29,SWELECTES,-4.2724
2026-09-28,15:29,SYMPHONY,-5.6897
2026-09-28,15:29,SYNCOMF,48.7936
2026-09-28,15:29,SYRMA,19.1919
2026-09-28,15:29,SYSTMTXC,28.9566
2026-09-28,15:29,TALBROAUTO,4.3743
2026-09-28,15:29,TARC,1.0623
2026-09-28,15:29,TASTYBITE,-3.7181
2026-09-28,15:29,TATACHEM,-4.354
2026-09-28,15:29,TATACOMM,-3.6552
2026-09-28,15:29,TATAINVEST,-3.4242
2026-09-28,15:29,TATAPOWER,-5.2742
2026-09-28,15:29,TATASTEEL,1.5259
2026-09-28,15:29,TATVA,2.4981
2026-09-28,15:29,TBOTEK,1.3164
2026-09-28,15:29,TBZ,150.9449
2026-09-28,15:29,TCI,-5.5015
2026-09-28,15:29,TCPLPACK,-2.4702
2026-09-28,15:29,TDPOWERSYS,-2.7347
2026-09-28,15:29,TECHM,-5.5488
2026-09-28,15:29,TECHNOCRAF,53.2862
2026-09-28,15:29,TECHNOE,1.3889
2026-09-28,15:29,TEGA,18.0596
2026-09-28,15:29,TEXINFRA,8.1161
2026-09-28,15:29,TEXRAIL,17.444
2026-09-28,15:29,TFCILTD,18.9373
2026-09-28,15:29,THEJO,1.9763
2026-09-28,15:29,THELEELA,7.4208
2026-09-28,15:29,THEMISMED,11.4449
2026-09-28,15:29,THOMASCOOK,-3.4945
2026-09-28,15:29,TI,-1.2483
2026-09-28,15:29,TIIL,-5.1575
2026-09-28,15:29,TIL,5.5953
2026-09-28,15:29,TIMETECHNO,-5.0861
2026-09-28,15:29,TIMEX,34.118
2026-09-28,15:29,TIMKEN,-2.9092
2026-09-28,15:29,TIPSMUSIC,-2.0197
2026-09-28,15:29,TIRUMALCHM,-2.8937
2026-09-28,15:29,TIRUPATIFL,16.5249
2026-09-28,15:29,TITAGARH,-1.5276
2026-09-28,15:29,TITAN,-4.6814
2026-09-28,15:29,TMB,1.454
2026-09-28,15:29,TNPETRO,12.6747
2026-09-28,15:29,TNPL,4.6202
2026-09-28,15:29,TORNTPHARM,0.7449
2026-09-28,15:29,TORNTPOWER,-5.4923
2026-09-28,15:29,TRANSPEK,15.8465
2026-09-28,15:29,TRANSRAILL,-4.1156
2026-09-28,15:29,TREL,11.4153
2026-09-28,15:29,TRIDENT,-5.7929
2026-09-28,15:29,TRUALT,-4.8692
2026-09-28,15:29,TSFINV,4.6335
2026-09-28,15:29,TVSMOTOR,-4.9222
2026-09-28,15:29,TVSSCS,4.1413
2026-09-28,15:29,TVSSRICHAK,0.2769
2026-09-28,15:29,UDS,-1.7305
2026-09-28,15:29,UFLEX,31.4394
2026-09-28,15:29,UGARSUGAR,29.2592
2026-09-28,15:29,ULTRACEMCO,-5.1123
2026-09-28,15:29,ULTRAMAR,5.2486
2026-09-28,15:29,UNICHEMLAB,-0.7034
2026-09-28,15:29,UNIECOM,-4.4974
2026-09-28,15:29,UNIMECH,6.1474
2026-09-28,15:29,UNIPARTS,2.5858
2026-09-28,15:29,UNITEDPOLY,35.9351
2026-09-28,15:29,UNIVPHOTO,10.9395
2026-09-28,15:29,UNOMINDA,-5.4032
2026-09-28,15:29,UPL,-2.3979
2026-09-28,15:29,URBANCO,11.649
2026-09-28,15:29,USHAMART,4.109
2026-09-28,15:29,UTIAMC,-1.5583
2026-09-28,15:29,UTLSOLAR,-3.4918
2026-09-28,15:29,UTTAMSUGAR,11.5252
2026-09-28,15:29,V2RETAIL,-2.3937
2026-09-28,15:29,VADILALIND,-4.5361
2026-09-28,15:29,VALIANTLAB,44.3635
2026-09-28,15:29,VALIANTORG,22.5732
2026-09-28,15:29,VAML,-5.3515
2026-09-28,15:29,VARROC,0.0531
2026-09-28,15:29,VASCONEQ,9.868
2026-09-28,15:29,VBL,-1.1494
2026-09-28,15:29,VEDL,-3.1776
2026-09-28,15:29,VELJAN,12.0539
2026-09-28,15:29,VENKEYS,6.8586
2026-09-28,15:29,VENTIVE,-4.1256
2026-09-28,15:29,VENUSPIPES,35.2057
2026-09-28,15:29,VERANDA,-3.2046
2026-09-28,15:29,VGUARD,-5.9679
2026-09-28,15:29,VHL,-3.1899
2026-09-28,15:29,VHLTD,2.5092
2026-09-28,15:29,VIDHIING,14.2304
2026-09-28,15:29,VIDYAWIRES,1.8111
2026-09-28,15:29,VIJAYA,1.852
2026-09-28,15:29,VIKRAMSOLR,-0.0437
2026-09-28,15:29,VIMTALABS,-5.1297
2026-09-28,15:29,VINCOFE,21.5603
2026-09-28,15:29,VINDHYATEL,8.1945
2026-09-28,15:29,VIPIND,-1.1841
2026-09-28,15:29,VISHNU,13.7889
2026-09-28,15:29,VIVIANA,1.4128
2026-09-28,15:29,VIYASH,-5.7305
2026-09-28,15:29,VMART,-5.0774
2026-09-28,15:29,VMM,-4.173
2026-09-28,15:29,VOEPL,-1.6798
2026-09-28,15:29,VOLTAMP,3.6683
2026-09-28,15:29,VRLLOG,-3.1387
2026-09-28,15:29,VSSL,15.3955
2026-09-28,15:29,VSTIND,-5.3101
2026-09-28,15:29,VSTTILLERS,-4.5283
2026-09-28,15:29,WABAG,3.8118
2026-09-28,15:29,WAKEFIT,14.1621
2026-09-28,15:29,WCIL,7.1635
2026-09-28,15:29,WELCORP,46.2499
2026-09-28,15:29,WELENT,33.4342
2026-09-28,15:29,WELINV,32.6299
2026-09-28,15:29,WELSPLSOL,12.1977
2026-09-28,15:29,WELSPUNLIV,38.9431
2026-09-28,15:29,WENDT,6.644
2026-09-28,15:29,WESTLIFE,-0.5233
2026-09-28,15:29,WHEELS,61.8696
2026-09-28,15:29,WHIRLPOOL,17.743
2026-09-28,15:29,WINDLAS,16.1251
2026-09-28,15:29,WINDMACHIN,-0.7602
2026-09-28,15:29,WOCKPHARMA,13.1888
2026-09-28,15:29,WONDERLA,7.9658
2026-09-28,15:29,WPIL,0.9803
2026-09-28,15:29,WSTCSTPAPR,18.1565
2026-09-28,15:29,XPROINDIA,4.1203
2026-09-28,15:29,XTRANET,65.658
2026-09-28,15:29,YASHO,-2.3199
2026-09-28,15:29,YATHARTH,30.2711
2026-09-28,15:29,YUKEN,31.9562
2026-09-28,15:29,ZFSTEERING,10.1019
2026-09-28,15:29,ZIMLAB,27.894
2026-09-28,15:29,ZOTA,16.8744
2026-09-28,15:29,ZUARI,-1.5686
2026-09-28,15:29,ZUARIIND,7.3895
2026-09-28,15:29,ZYDUSLIFE,7.0296
2026-09-28,15:29,ZYDUSWELL,2.7631
2026-09-29,15:29,20MICRONS,7.8779
2026-09-29,15:29,3BBLACKBIO,41.3009
2026-09-29,15:29,63MOONS,3.9154
2026-09-29,15:29,AARTIDRUGS,4.3457
2026-09-29,15:29,AARTIPHARM,12.8604
2026-09-29,15:29,ABBOTINDIA,1.3566
2026-09-29,15:29,ABCAPITAL,-5.1919
2026-09-29,15:29,ABDL,17.334
2026-09-29,15:29,ABSLAMC,-6.1923
2026-09-29,15:29,ACCELYA,-3.4294
2026-09-29,15:29,ACE,8.2697
2026-09-29,15:29,ACI,-4.8026
2026-09-29,15:29,ACMESOLAR,20.0192
2026-09-29,15:29,ACSTECH,59.1713
2026-09-29,15:29,ACUTAAS,3.3112
2026-09-29,15:29,ADANIENT,-1.1439
2026-09-29,15:29,ADANIGREEN,-5.0919
2026-09-29,15:29,ADANIPORTS,7.7469
2026-09-29,15:29,ADANIPOWER,-3.5665
2026-09-29,15:29,ADFFOODS,2.0734
2026-09-29,15:29,ADOR,5.6841
2026-09-29,15:29,ADSL,-0.9634
2026-09-29,15:29,ADVANCE,2.6738
2026-09-29,15:29,AEGISLOG,0.9789
2026-09-29,15:29,AEGISVOPAK,9.1837
2026-09-29,15:29,AEQUS,8.8348
2026-09-29,15:29,AEROENTER,-0.8192
2026-09-29,15:29,AEROFLEX,18.3723
2026-09-29,15:29,AETHER,8.9805
2026-09-29,15:29,AFSL,-0.0795
2026-09-29,15:29,AGARWALEYE,-1.266
2026-09-29,15:29,AGI,10.6629
2026-09-29,15:29,AHCL,150.7925
2026-09-29,15:29,AHLWEST,-6.1974
2026-09-29,15:29,AIIL,-1.7588
2026-09-29,15:29,AJANTPHARM,-4.322
2026-09-29,15:29,AJAXENGG,4.3015
2026-09-29,15:29,AJMERA,1.23
2026-09-29,15:29,AKCAPIT,-1.1328
2026-09-29,15:29,AKUMS,10.1546
2026-09-29,15:29,ALEMBICLTD,20.2884
2026-09-29,15:29,ALGOQUANT,-0.9805
2026-09-29,15:29,ALICON,-0.1722
2026-09-29,15:29,ALIVUS,-2.6965
2026-09-29,15:29,ALKEM,-2.3074
2026-09-29,15:29,ALLDIGI,-4.1335
2026-09-29,15:29,AMAGI,-2.9518
2026-09-29,15:29,AMANTA,13.7269
2026-09-29,15:29,AMBIKCO,-5.4954
2026-09-29,15:29,AMRUTANJAN,2.7244
2026-09-29,15:29,ANANDRATHI,-3.4651
2026-09-29,15:29,ANANTRAJ,-4.0236
2026-09-29,15:29,ANDHRAPAP,20.6137
2026-09-29,15:29,ANDREWYU,-1.4868
2026-09-29,15:29,ANTELOPUS,45.1492
2026-09-29,15:29,ANTHEM,-3.1459
2026-09-29,15:29,ANUHPHR,18.4363
2026-09-29,15:29,ANURAS,-1.5958
2026-09-29,15:29,APARINDS,7.7403
2026-09-29,15:29,APCOTEXIND,-1.6517
2026-09-29,15:29,APLAPOLLO,5.1554
2026-09-29,15:29,APLLTD,4.748
2026-09-29,15:29,APOLLO,4.0176
2026-09-29,15:29,APOLLOHOSP,-1.8866
2026-09-29,15:29,APOLLOPIPE,-5.795
2026-09-29,15:29,ARFIN,5.3411
2026-09-29,15:29,ARIES,9.2373
2026-09-29,15:29,ARIHANTCAP,23.2884
2026-09-29,15:29,ARIS,-0.9174
2026-09-29,15:29,ARKADE,-6.2082
2026-09-29,15:29,ARROWGREEN,13.5107
2026-09-29,15:29,ARSSBL,-1.7184
2026-09-29,15:29,ARTEMISMED,16.6031
2026-09-29,15:29,ARVIND,-1.2403
2026-09-29,15:29,ASAHIINDIA,2.8726
2026-09-29,15:29,ASHIANA,7
2026-09-29,15:29,ASHOKA,-4.1847
2026-09-29,15:29,ASIANENE,12.4633
2026-09-29,15:29,ASIANHOTNR,20.45
2026-09-29,15:29,ASIANTILES,4.4403
2026-09-29,15:29,ASKAUTOLTD,-4.521
2026-09-29,15:29,ASTAR,16.4472
2026-09-29,15:29,ASTEC,19.8778
2026-09-29,15:29,ASTRAMICRO,-3.1925
2026-09-29,15:29,ATHERENERG,-5.2653
2026-09-29,15:29,ATL,2.3421
2026-09-29,15:29,AUBANK,-6.2488
2026-09-29,15:29,AUROPHARMA,4.3326
2026-09-29,15:29,AURUM,-3.8451
2026-09-29,15:29,AUTOAXLES,-4.8909
2026-09-29,15:29,AVADHSUGAR,9.4037
2026-09-29,15:29,AVALON,11.7801
2026-09-29,15:29,AVANTEL,-5.2632
2026-09-29,15:29,AVL,-3.7542
2026-09-29,15:29,AVTNPL,4.6538
2026-09-29,15:29,AWHCL,-5.5843
2026-09-29,15:29,AXISBANK,-1.2385
2026-09-29,15:29,AXISCADES,33.0887
2026-09-29,15:29,AYE,-5.9316
2026-09-29,15:29,AYMSYNTEX,5.1673
2026-09-29,15:29,AZAD,0.4931
2026-09-29,15:29,BAFNAPH,44.1893
2026-09-29,15:29,BAJAJCON,2.4096
2026-09-29,15:29,BAJAJHCARE,3.6991
2026-09-29,15:29,BAJAJHFL,-3.2619
2026-09-29,15:29,BAJAJINDEF,-1.0264
2026-09-29,15:29,BAJAJST,-3.6841
2026-09-29,15:29,BALAJITELE,-1.0569
2026-09-29,15:29,BALAMINES,0.7952
2026-09-29,15:29,BALRAMCHIN,2.6153
2026-09-29,15:29,BALUFORGE,-2.3765
2026-09-29,15:29,BANARISUG,-4.7496
2026-09-29,15:29,BANCOINDIA,-2.5362
2026-09-29,15:29,BANDHANBNK,6.961
2026-09-29,15:29,BANSALWIRE,1.2046
2026-09-29,15:29,BBOX,4.9994
2026-09-29,15:29,BEEKAY,0.4987
2026-09-29,15:29,BEL,-5.9886
2026-09-29,15:29,BELRISE,1.8764
2026-09-29,15:29,BEML,3.0443
2026-09-29,15:29,BENGALASM,-1.1709
2026-09-29,15:29,BEPL,0.9032
2026-09-29,15:29,BFINVEST,-6.0629
2026-09-29,15:29,BGRENERGY,1.461
2026-09-29,15:29,BHAGERIA,86.9804
2026-09-29,15:29,BHAGYANGR,6.6928
2026-09-29,15:29,BHARATCOAL,0.51
2026-09-29,15:29,BHEL,-5.1841
2026-09-29,15:29,BIL,17.0546
2026-09-29,15:29,BIRLACABLE,32.1738
2026-09-29,15:29,BIRLACORPN,-5.7552
2026-09-29,15:29,BLACKBUCK,9.2889
2026-09-29,15:29,BLACKROSE,7.7238
2026-09-29,15:29,BLAL,-3.4114
2026-09-29,15:29,BLISSGVS,36.5802
2026-09-29,15:29,BLKASHYAP,-5.2671
2026-09-29,15:29,BLSE,3.314
2026-09-29,15:29,BLUESTARCO,1.419
2026-09-29,15:29,BLUESTONE,-3.4266
2026-09-29,15:29,BLUSPRING,31.2936
2026-09-29,15:29,BODALCHEM,176.6028
2026-09-29,15:29,BOMDYEING,-6.3131
2026-09-29,15:29,BOROLTD,12.8263
2026-09-29,15:29,BOSCH-HCIL,13.7615
2026-09-29,15:29,BOSCHLTD,-2.7039
2026-09-29,15:29,BPCL,-5.4634
2026-09-29,15:29,BRIGADE,-5.1625
2026-09-29,15:29,BSE,-3.9616
2026-09-29,15:29,BSHSL,-3.1021
2026-09-29,15:29,BUILDPRO,0
2026-09-29,15:29,CAMPUS,-3.7445
2026-09-29,15:29,CANHLIFE,0.4835
2026-09-29,15:29,CANTABIL,-1.6081
2026-09-29,15:29,CAPILLARY,8.0868
2026-09-29,15:29,CAPITALSFB,-0.6748
2026-09-29,15:29,CAPLIPOINT,8.8025
2026-09-29,15:29,CARBORUNIV,6.9297
2026-09-29,15:29,CARERATING,-4.0539
2026-09-29,15:29,CARTRADE,3.9544
2026-09-29,15:29,CASTROLIND,6.5476
2026-09-29,15:29,CEIGALL,19.4967
2026-09-29,15:29,CENTENKA,-4.0342
2026-09-29,15:29,CENTRALBK,-3.9335
2026-09-29,15:29,CENTUM,46.3362
2026-09-29,15:29,CEWATER,-5.6
2026-09-29,15:29,CGCL,9.1319
2026-09-29,15:29,CGPOWER,-4.5338
2026-09-29,15:29,CHALET,-0.4676
2026-09-29,15:29,CHAMBLFERT,-5.808
2026-09-29,15:29,CHEMCON,13.127
2026-09-29,15:29,CHEMPLASTS,5.8438
2026-09-29,15:29,CHENNPETRO,3.9424
2026-09-29,15:29,CHEVIOT,1.2484
2026-09-29,15:29,CIFL,2.0057
2026-09-29,15:29,CIPLA,-3.6465
2026-09-29,15:29,CLEANMAX,11.4929
2026-09-29,15:29,CLSEL,0.2308
2026-09-29,15:29,CMLL,5.3459
2026-09-29,15:29,CMRGREEN,6.0441
2026-09-29,15:29,COALINDIA,4.0519
2026-09-29,15:29,COCKERILL,-6.3666
2026-09-29,15:29,COFFEEDAY,2.8311
2026-09-29,15:29,COFORGE,-4.6512
2026-09-29,15:29,COHANCE,2.9567
2026-09-29,15:29,CONFIPET,20.1792
2026-09-29,15:29,CONSOFINVT,6.3798
2026-09-29,15:29,CONTROLPR,6.8106
2026-09-29,15:29,CORDELIA,24.587
2026-09-29,15:29,CORONA,-1.6421
2026-09-29,15:29,CPPLUS,14.1934
2026-09-29,15:29,CRAFTSMAN,0.2385
2026-09-29,15:29,CREST,0.4503
2026-09-29,15:29,CRISIL,-0.5392
2026-09-29,15:29,CRIZAC,-4.0354
2026-09-29,15:29,CSBBANK,-1.1721
2026-09-29,15:29,CSM,-2.2019
2026-09-29,15:29,CUB,-0.1348
2026-09-29,15:29,CUPID,7.736
2026-09-29,15:29,CYIENT,21.5783
2026-09-29,15:29,CYIENTDLM,24.9102
2026-09-29,15:29,DAMCAPITAL,6.4007
2026-09-29,15:29,DATAMATICS,-3.6311
2026-09-29,15:29,DBL,-2.0734
2026-09-29,15:29,DBOL,2.8163
2026-09-29,15:29,DCBBANK,9.9299
2026-09-29,15:29,DCMSIL,4.4438
2026-09-29,15:29,DCW,3.8861
2026-09-29,15:29,DECCANCE,-0.7169
2026-09-29,15:29,DEEDEV,0.4535
2026-09-29,15:29,DEEPINDS,14.9552
2026-09-29,15:29,DELTACORP,30.7577
2026-09-29,15:29,DHAMPURSUG,0.5443
2026-09-29,15:29,DHARMAJ,3.5283
2026-09-29,15:29,DHOOTTRANS,26.7512
2026-09-29,15:29,DHUNINV,-4.1689
2026-09-29,15:29,DIACABS,-2.1812
2026-09-29,15:29,DICIND,4.7301
2026-09-29,15:29,DIFFNKG,12.4874
2026-09-29,15:29,DISAQ,1.4002
2026-09-29,15:29,DIVGIITTS,-5.5705
2026-09-29,15:29,DIVISLAB,11.195
2026-09-29,15:29,DIXON,-5.5258
2026-09-29,15:29,DLF,-2.6826
2026-09-29,15:29,DLINKINDIA,-1.0748
2026-09-29,15:29,DMART,-6.1327
2026-09-29,15:29,DMCC,7.0833
2026-09-29,15:29,DOLLAR,4.4345
2026-09-29,15:29,DOLPHIN,12.811
2026-09-29,15:29,DPABHUSHAN,18.6636
2026-09-29,15:29,DRAGARWQ,-3.1073
2026-09-29,15:29,DRREDDY,5.0252
2026-09-29,15:29,DVL,8.1716
2026-09-29,15:29,DWARKESH,-3.5825
2026-09-29,15:29,DYNAMATECH,17.4593
2026-09-29,15:29,E2E,-5.0062
2026-09-29,15:29,EBGNG,13.7943
2026-09-29,15:29,ECLERX,-4.2836
2026-09-29,15:29,EDELWEISS,12.3095
2026-09-29,15:29,EFCIL,0.1034
2026-09-29,15:29,EIEL,-4.3365
2026-09-29,15:29,EIFFL,6.1303
2026-09-29,15:29,EIHAHOTELS,0.0513
2026-09-29,15:29,EIHOTEL,1.9764
2026-09-29,15:29,EIMCOELECO,4.0747
2026-09-29,15:29,EKC,-1.6343
2026-09-29,15:29,ELANTAS,16.6033
2026-09-29,15:29,ELDEHSG,-1.777
2026-09-29,15:29,ELECON,9.6178
2026-09-29,15:29,ELECTCAST,6.3655
2026-09-29,15:29,ELGIEQUIP,-4.702
2026-09-29,15:29,ELPROINTL,-2.7664
2026-09-29,15:29,EMAMILTD,-5.7973
2026-09-29,15:29,EMAMIPAP,4.1348
2026-09-29,15:29,EMCURE,4.5467
2026-09-29,15:29,EMIL,-0.369
2026-09-29,15:29,EMKAY,20.1071
2026-09-29,15:29,EMMVEE,-1.933
2026-09-29,15:29,EMUDHRA,20.8964
2026-09-29,15:29,ENGINERSIN,29.1531
2026-09-29,15:29,ENTERO,25.9204
2026-09-29,15:29,EPACKPEB,9.8262
2026-09-29,15:29,EPL,-4.0907
2026-09-29,15:29,ESAFSFB,13.4488
2026-09-29,15:29,ETERNAL,3.0975
2026-09-29,15:29,EVERESTIND,-2.9801
2026-09-29,15:29,EXCELSOFT,14.1234
2026-09-29,15:29,EXICOM,3.1351
2026-09-29,15:29,FABTECH,1.0692
2026-09-29,15:29,FACT,-4.5446
2026-09-29,15:29,FAIRCHEMOR,-1.8475
2026-09-29,15:29,FCL,33.4715
2026-09-29,15:29,FDC,-1.1854
2026-09-29,15:29,FEDDERSHOL,51.3466
2026-09-29,15:29,FEDFINA,-2.0658
2026-09-29,15:29,FILATEX,35.3965
2026-09-29,15:29,FINCABLES,8.68
2026-09-29,15:29,FINEORG,0.5792
2026-09-29,15:29,FINKURVE,-4.8814
2026-09-29,15:29,FINPIPE,-5.1519
2026-09-29,15:29,FMGOETZE,1.3548
2026-09-29,15:29,FOSECOIND,12.3028
2026-09-29,15:29,FRONTSP,8.3217
2026-09-29,15:29,GAEL,-6.3676
2026-09-29,15:29,GAIL,-1.197
2026-09-29,15:29,GALAPREC,13.723
2026-09-29,15:29,GALAXYSURF,-4.2643
2026-09-29,15:29,GANDHAR,10.8882
2026-09-29,15:29,GANDHITUBE,10.1795
2026-09-29,15:29,GANESHBE,16.6765
2026-09-29,15:29,GARFIBRES,0.7215
2026-09-29,15:29,GARUDA,-3.2442
2026-09-29,15:29,GAUDIUMIVF,-5.6885
2026-09-29,15:29,GAYAPROJ,1.0811
2026-09-29,15:29,GCSL,35.3067
2026-09-29,15:29,GEECEE,1.8574
2026-09-29,15:29,GENESYS,62.5285
2026-09-29,15:29,GEOJITFSL,-3.2152
2026-09-29,15:29,GESHIP,20.6212
2026-09-29,15:29,GFLLIMITED,12.548
2026-09-29,15:29,GHCLTEXTIL,10.1516
2026-09-29,15:29,GICHSGFIN,-4.0749
2026-09-29,15:29,GIPCL,4.0816
2026-09-29,15:29,GKENERGY,-4.0424
2026-09-29,15:29,GKSL,16.2064
2026-09-29,15:29,GLAND,2.7318
2026-09-29,15:29,GLAXO,2.9931
2026-09-29,15:29,GLENMARK,4.8304
2026-09-29,15:29,GLOBAL,23.7648
2026-09-29,15:29,GMBREW,8.0328
2026-09-29,15:29,GMMPFAUDLR,39.8041
2026-09-29,15:29,GMRP&UI,4.1572
2026-09-29,15:29,GNA,5.7341
2026-09-29,15:29,GNFC,1.8064
2026-09-29,15:29,GNRL,-5.3332
2026-09-29,15:29,GODAVARIB,-3.7134
2026-09-29,15:29,GODIGIT,-0.6474
2026-09-29,15:29,GODREJAGRO,5.8124
2026-09-29,15:29,GOODLUCK,20.9528
2026-09-29,15:29,GPPL,0.6079
2026-09-29,15:29,GPTHEALTH,0.3131
2026-09-29,15:29,GPTINFRA,0.5736
2026-09-29,15:29,GRANDOAK,-6.3696
2026-09-29,15:29,GRANULES,0.6036
2026-09-29,15:29,GRAPHITE,9.8766
2026-09-29,15:29,GRASIM,-4.6301
2026-09-29,15:29,GRAUWEIL,21.8069
2026-09-29,15:29,GREAVESCOT,20.5015
2026-09-29,15:29,GREENPANEL,-6.215
2026-09-29,15:29,GREENPLY,-2.1132
2026-09-29,15:29,GRINFRA,-6.3504
2026-09-29,15:29,GRWRHITECH,-0.192
2026-09-29,15:29,GSFC,-5.1417
2026-09-29,15:29,GTPL,0.1295
2026-09-29,15:29,GUFICBIO,4.3759
2026-09-29,15:29,GUJTHEM,15.7295
2026-09-29,15:29,GULFOILLUB,-5.8573
2026-09-29,15:29,GVT&D,-3.7226
2026-09-29,15:29,GYFTR,-3.6124
2026-09-29,15:29,HALDYNGL,21.9927
2026-09-29,15:29,HAPPYFORGE,-5.6094
2026-09-29,15:29,HARIOMPIPE,-0.3897
2026-09-29,15:29,HARSHA,9.2693
2026-09-29,15:29,HATSUN,13.5116
2026-09-29,15:29,HAWKINCOOK,-5.2278
2026-09-29,15:29,HBLENGINE,19.8192
2026-09-29,15:29,HCC,1.8692
2026-09-29,15:29,HCG,-1.2283
2026-09-29,15:29,HDFCBANK,-0.8642
2026-09-29,15:29,HDFCLIFE,-3.582
2026-09-29,15:29,HEALTHX,-2.2127
2026-09-29,15:29,HEG,10.6067
2026-09-29,15:29,HERANBA,7.4235
2026-09-29,15:29,HERITGFOOD,10.3259
2026-09-29,15:29,HEXAGON,3.3043
2026-09-29,15:29,HEXATRADEX,-1.2777
2026-09-29,15:29,HFCL,-1.4989
2026-09-29,15:29,HIKAL,2.4623
2026-09-29,15:29,HINDOILEXP,12.2797
2026-09-29,15:29,HINDPETRO,-5.876
2026-09-29,15:29,HINDZINC,-0.7401
2026-09-29,15:29,HITECHCORP,3.7256
2026-09-29,15:29,HITECHGEAR,14.9182
2026-09-29,15:29,HLEGLAS,38.1596
2026-09-29,15:29,HMAAGRO,3.7037
2026-09-29,15:29,HMT,-0.4977
2026-09-29,15:29,HNDFDS,-1.9065
2026-09-29,15:29,HYUNDAI,-4.1096
2026-09-29,15:29,IBULLSLTD,7.5458
2026-09-29,15:29,ICICIAMC,3.0931
2026-09-29,15:29,ICIL,11.8986
2026-09-29,15:29,IDBI,1.3872
2026-09-29,15:29,IGL,-5.947
2026-09-29,15:29,IGPL,23.5829
2026-09-29,15:29,IIFL,-3.5791
2026-09-29,15:29,IIFLCAPS,3.1087
2026-09-29,15:29,IKIO,-2.2009
2026-09-29,15:29,IKS,-2.7756
2026-09-29,15:29,IL&FSENGG,2.7102
2026-09-29,15:29,IMAGICAA,9.0098
2026-09-29,15:29,IMPAL,-3.7393
2026-09-29,15:29,INDGN,7.7259
2026-09-29,15:29,INDHOTEL,-0.7847
2026-09-29,15:29,INDIAGLYCO,42.1701
2026-09-29,15:29,INDIANHUME,-1.8618
2026-09-29,15:29,INDIASHLTR,-5.1871
2026-09-29,15:29,INDIQUBE,9.8024
2026-09-29,15:29,INDNIPPON,9.3369
2026-09-29,15:29,INDOAMIN,17.4974
2026-09-29,15:29,INDOBORAX,16.4783
2026-09-29,15:29,INDOCO,23.0456
2026-09-29,15:29,INDOMIM,44.1032
2026-09-29,15:29,INDORAMA,88.897
2026-09-29,15:29,INDPRUD,2.4988
2026-09-29,15:29,INDRAMEDCO,-4.0433
2026-09-29,15:29,INDSWFTLAB,31.9724
2026-09-29,15:29,INDUSTOWER,-3.2763
2026-09-29,15:29,INGERRAND,-6.3031
2026-09-29,15:29,INNOVACAP,22.4132
2026-09-29,15:29,INNOVANA,-5.0952
2026-09-29,15:29,INOXINDIA,6.1308
2026-09-29,15:29,INSECTICID,-4.8165
2026-09-29,15:29,INTERARCH,-2.795
2026-09-29,15:29,INTLCONV,1.189
2026-09-29,15:29,INVPRECQ,27.1162
2026-09-29,15:29,IOC,-5.2521
2026-09-29,15:29,IOLCP,24.9256
2026-09-29,15:29,IONEXCHANG,9.5473
2026-09-29,15:29,IPCALAB,2.8388
2026-09-29,15:29,IPL,-5.6221
2026-09-29,15:29,IREDA,-5.0064
2026-09-29,15:29,IRISDOREME,7.7187
2026-09-29,15:29,ISGEC,17.8416
2026-09-29,15:29,ITC,-2.9115
2026-09-29,15:29,ITCHOTELS,-3.5044
2026-09-29,15:29,ITDC,-5.8929
2026-09-29,15:29,IZMO,-3.0614
2026-09-29,15:29,J&KBANK,-6.3864
2026-09-29,15:29,JAGRAN,0.1453
2026-09-29,15:29,JAGSNPHARM,0.5053
2026-09-29,15:29,JAINREC,-4.7201
2026-09-29,15:29,JAMNAAUTO,10.4922
2026-09-29,15:29,JARO,-6.1345
2026-09-29,15:29,JASH,24.5369
2026-09-29,15:29,JAYAGROGN,3.5649
2026-09-29,15:29,JAYBARMARU,-2.4428
2026-09-29,15:29,JAYKAY,36.2193
2026-09-29,15:29,JAYNECOIND,4.9258
2026-09-29,15:29,JGCHEM,9.6288
2026-09-29,15:29,JINDALPHOT,-1.3427
2026-09-29,15:29,JINDALPOLY,1.4497
2026-09-29,15:29,JINDALSAW,2.6997
2026-09-29,15:29,JINDALSTEL,1.2454
2026-09-29,15:29,JINDRILL,2.3456
2026-09-29,15:29,JINDWORLD,32.1078
2026-09-29,15:29,JISLJALEQS,4.4717
2026-09-29,15:29,JKPAPER,2.784
2026-09-29,15:29,JMFINANCIL,-1.6652
2026-09-29,15:29,JNKINDIA,-5.1643
2026-09-29,15:29,JNPR,12.6696
2026-09-29,15:29,JPOLYINVST,-5.6229
2026-09-29,15:29,JSL,-0.7661
2026-09-29,15:29,JSLL,-1.5175
2026-09-29,15:29,JSWDULUX,-3.3569
2026-09-29,15:29,JSWINFRA,4.353
2026-09-29,15:29,JSWSTEEL,-0.4226
2026-09-29,15:29,JTLIND,17.9875
2026-09-29,15:29,JUBLPHARMA,20.9066
2026-09-29,15:29,JUNIPER,11.3801
2026-09-29,15:29,JUSTDIAL,-3.4985
2026-09-29,15:29,JYOTICNC,23.4687
2026-09-29,15:29,KABRAEXTRU,59.4236
2026-09-29,15:29,KAJARIACER,-4.8817
2026-09-29,15:29,KALPATARU,-1.5189
2026-09-29,15:29,KAMATHOTEL,21.6143
2026-09-29,15:29,KAMDHENU,13.4712
2026-09-29,15:29,KANORICHEM,32.148
2026-09-29,15:29,KAPSTON,6.3134
2026-09-29,15:29,KARURVYSYA,-4.7455
2026-09-29,15:29,KAYNES,-3.8209
2026-09-29,15:29,KCP,0.586
2026-09-29,15:29,KDDL,-3.7458
2026-09-29,15:29,KENNAMET,13.7371
2026-09-29,15:29,KERNEX,-0.4339
2026-09-29,15:29,KILITCH,25.5997
2026-09-29,15:29,KIMS,-3.8106
2026-09-29,15:29,KINGFA,7.1786
2026-09-29,15:29,KIRANVYPAR,-5.9926
2026-09-29,15:29,KIRIINDUS,32.4035
2026-09-29,15:29,KIRLFER,9.5106
2026-09-29,15:29,KIRLOSBROS,-4.869
2026-09-29,15:29,KIRLOSENG,14.2939
2026-09-29,15:29,KISSHT,17.7446
2026-09-29,15:29,KLBRENG-B,51.499
2026-09-29,15:29,KMEW,11.1845
2026-09-29,15:29,KOPRAN,45.6612
2026-09-29,15:29,KOTAKBANK,3.3868
2026-09-29,15:29,KOTHARIPET,-3.689
2026-09-29,15:29,KOTIC,4.7154
2026-09-29,15:29,KOVAI,-1.7723
2026-09-29,15:29,KPIGREEN,22.4843
2026-09-29,15:29,KPIL,-2.7845
2026-09-29,15:29,KPL,0.7504
2026-09-29,15:29,KPRMILL,-4.764
2026-09-29,15:29,KRBL,-2.4008
2026-09-29,15:29,KRISHANA,-1.1107
2026-09-29,15:29,KRISHNADEF,-4.6588
2026-09-29,15:29,KRN,-6.2739
2026-09-29,15:29,KRONOX,43.2418
2026-09-29,15:29,KROSS,27.5975
2026-09-29,15:29,KRSNAA,-0.8685
2026-09-29,15:29,KRYSTAL,-0.1048
2026-09-29,15:29,KSB,3.7158
2026-09-29,15:29,KSCL,-3.9104
2026-09-29,15:29,KSHINTL,0.5918
2026-09-29,15:29,KSL,16.2147
2026-09-29,15:29,KTKBANK,5.7912
2026-09-29,15:29,KUANTUM,-4.4815
2026-09-29,15:29,KUSUMGAR,2.3639
2026-09-29,15:29,KWIL,5.6973
2026-09-29,15:29,LALPATHLAB,3.8939
2026-09-29,15:29,LANDMARK,-4.6967
2026-09-29,15:29,LAURUSLABS,9.3551
2026-09-29,15:29,LAXMIDENTL,-4.062
2026-09-29,15:29,LCL,6.4903
2026-09-29,15:29,LEMONTREE,-4.911
2026-09-29,15:29,LENSKART,11.027
2026-09-29,15:29,LGBBROSLTD,7.9423
2026-09-29,15:29,LGEINDIA,4.2936
2026-09-29,15:29,LGHL,0.6193
2026-09-29,15:29,LICHSGFIN,10.0853
2026-09-29,15:29,LICI,-4.878
2026-09-29,15:29,LIKHITHA,7.8289
2026-09-29,15:29,LINCOLN,-6.2645
2026-09-29,15:29,LLOYDSENGG,12.0382
2026-09-29,15:29,LLOYDSENT,4.6001
2026-09-29,15:29,LLOYDSME,-2.0494
2026-09-29,15:29,LOKESHMACH,3.5628
2026-09-29,15:29,LOTUSDEV,25.9928
2026-09-29,15:29,LTFOODS,-3.44
2026-09-29,15:29,LUMAXIND,-1.7352
2026-09-29,15:29,LUMAXTECH,-1.8204
2026-09-29,15:29,LXCHEM,-1.7644
2026-09-29,15:29,MACPOWER,19.4622
2026-09-29,15:29,MAGADSUGAR,-5.9494
2026-09-29,15:29,MAHABANK,-2.3921
2026-09-29,15:29,MAHASTEEL,9.3258
2026-09-29,15:29,MAHLOG,5.1241
2026-09-29,15:29,MAHSEAMLES,16.0531
2026-09-29,15:29,MAITHANALL,-5.2857
2026-09-29,15:29,MALLCOM,-1.7102
2026-09-29,15:29,MAMATA,-1.5039
2026-09-29,15:29,MANAKCOAT,4.4388
2026-09-29,15:29,MANAKSTEEL,32.3886
2026-09-29,15:29,MANALIPETC,18.5393
2026-09-29,15:29,MANBA,4.597
2026-09-29,15:29,MANGLMCEM,12.9792
2026-09-29,15:29,MANINDS,52.2329
2026-09-29,15:29,MANINFRA,22.839
2026-09-29,15:29,MANIPALHOS,3.4375
2026-09-29,15:29,MANKIND,6.8924
2026-09-29,15:29,MANORAMA,-4.1114
2026-09-29,15:29,MANYAVAR,-1.8732
2026-09-29,15:29,MARATHON,7.2742
2026-09-29,15:29,MARINE,19.3816
2026-09-29,15:29,MARKSANS,3.4093
2026-09-29,15:29,MARSONS,12.5572
2026-09-29,15:29,MASTERTR,5.8996
2026-09-29,15:29,MATRIMONY,-4.3827
2026-09-29,15:29,MAWANASUG,16.9192
2026-09-29,15:29,MAXESTATES,20.0063
2026-09-29,15:29,MAXHEALTH,-2.152
2026-09-29,15:29,MAXIND,6.5922
2026-09-29,15:29,MAYURUNIQ,-0.676
2026-09-29,15:29,MAZDA,25.1191
2026-09-29,15:29,MBAPL,1.2809
2026-09-29,15:29,MBECL,13703.1971
2026-09-29,15:29,MCCHRLS-B,2.6953
2026-09-29,15:29,MCLOUD,-6.1636
2026-09-29,15:29,MCX,10.1906
2026-09-29,15:29,MEDANTA,0
2026-09-29,15:29,MEDPLUS,-0.3808
2026-09-29,15:29,MEESHO,15.1636
2026-09-29,15:29,MEIL,-1.1319
2026-09-29,15:29,MENONBE,20.7082
2026-09-29,15:29,MERCURYEV,8.7103
2026-09-29,15:29,METROPOLIS,2.0971
2026-09-29,15:29,MICEL,-1.0445
2026-09-29,15:29,MIDHANI,-2.2165
2026-09-29,15:29,MMFL,-3.1314
2026-09-29,15:29,MMP,27.8714
2026-09-29,15:29,MOBIKWIK,-3.8949
2026-09-29,15:29,MODISONLTD,25.7372
2026-09-29,15:29,MOLBIO,20.5337
2026-09-29,15:29,MOLDTECH,12.1882
2026-09-29,15:29,MOLDTKPAC,-5.4694
2026-09-29,15:29,MONTECARLO,-1.44
2026-09-29,15:29,MOREPENLAB,32.2645
2026-09-29,15:29,MOSCHIP,-6.2583
2026-09-29,15:29,MOTHERSON,-5.6527
2026-09-29,15:29,MOTILALOFS,4.3141
2026-09-29,15:29,MRPL,-3.1047
2026-09-29,15:29,MSPL,-2.669
2026-09-29,15:29,MSTCLTD,9.1626
2026-09-29,15:29,MTARTECH,5.2289
2026-09-29,15:29,MUFIN,-2.7379
2026-09-29,15:29,MUKANDLTD,27.5153
2026-09-29,15:29,MUKKA,-4.3589
2026-09-29,15:29,MUTHOOTFIN,-5.2519
2026-09-29,15:29,MVELECTRO,47.0005
2026-09-29,15:29,MVGJL,39.282
2026-09-29,15:29,NAHARINDUS,10.8962
2026-09-29,15:29,NAHARPOLY,-3.1054
2026-09-29,15:29,NATCOPHARM,-5.2484
2026-09-29,15:29,NAVA,-2.448
2026-09-29,15:29,NAVINFLUOR,1.0244
2026-09-29,15:29,NAZARA,10.9397
2026-09-29,15:29,NCLIND,2.8136
2026-09-29,15:29,NELCAST,1.7017
2026-09-29,15:29,NEOGEN,7.2772
2026-09-29,15:29,NEPHROPLUS,-4.4987
2026-09-29,15:29,NESCO,-0.5543
2026-09-29,15:29,NGLFINE,-1.2894
2026-09-29,15:29,NH,-2.111
2026-09-29,15:29,NHPC,-4.282
2026-09-29,15:29,NILKAMAL,4.9116
2026-09-29,15:29,NINSYS,0.238
2026-09-29,15:29,NIRLON,-2.5181
2026-09-29,15:29,NITCO,-6.2568
2026-09-29,15:29,NITINSPIN,9.4628
2026-09-29,15:29,NITTAGELA,7.155
2026-09-29,15:29,NOCIL,3.4207
2026-09-29,15:29,NORTHARC,4.3236
2026-09-29,15:29,NOVARTIND,21.0811
2026-09-29,15:29,NPST,1.861
2026-09-29,15:29,NRAIL,29.5352
2026-09-29,15:29,NRBBEARING,11.7756
2026-09-29,15:29,NRL,37.931
2026-09-29,15:29,NSIL,-3.6904
2026-09-29,15:29,NSLNISP,0.0718
2026-09-29,15:29,NTPC,-4.0059
2026-09-29,15:29,NTPCGREEN,-2.3334
2026-09-29,15:29,NUVAMA,-4.5691
2026-09-29,15:29,NUVOCO,-0.2718
2026-09-29,15:29,NYKAA,0.0917
2026-09-29,15:29,OAL,55.0579
2026-09-29,15:29,OCCLLTD,13.7287
2026-09-29,15:29,OIL,-3.2024
2026-09-29,15:29,OLAELEC,-4.5895
2026-09-29,15:29,OMAXE,8.5788
2026-09-29,15:29,OMNI,-0.7175
2026-09-29,15:29,OMPOWER,-2.8459
2026-09-29,15:29,ONEPOINT,25.1879
2026-09-29,15:29,ONESOURCE,1.6108
2026-09-29,15:29,ONGC,-3.5599
2026-09-29,15:29,ONWARDTEC,0.2267
2026-09-29,15:29,OPTIEMUS,43.6277
2026-09-29,15:29,ORBTEXP,13.557
2026-09-29,15:29,ORCHPHARMA,1.6577
2026-09-29,15:29,ORICONENT,-2.9037
2026-09-29,15:29,ORIENTBELL,15.3416
2026-09-29,15:29,ORIENTCER,3.4483
2026-09-29,15:29,ORIENTHOT,13.8864
2026-09-29,15:29,ORKLAINDIA,-0.7808
2026-09-29,15:29,PAGEIND,-2.0878
2026-09-29,15:29,PAISALO,16.2746
2026-09-29,15:29,PANAMAPET,-1.355
2026-09-29,15:29,PARADEEP,5.0593
2026-09-29,15:29,PARAGMILK,29.5528
2026-09-29,15:29,PARAS,-4.5733
2026-09-29,15:29,PARKHOSPS,-0.4338
2026-09-29,15:29,PASHUPATI,9.3525
2026-09-29,15:29,PASUPTAC,23.1172
2026-09-29,15:29,PATANJALI,4.9449
2026-09-29,15:29,PAYTM,6.5055
2026-09-29,15:29,PCBL,4.7551
2026-09-29,15:29,PDMJEPAPER,7.8
2026-09-29,15:29,PENIND,19.036
2026-09-29,15:29,PETRONET,0.4081
2026-09-29,15:29,PFOCUS,19.1817
2026-09-29,15:29,PFS,-0.4975
2026-09-29,15:29,PGHL,-2.4073
2026-09-29,15:29,PGIL,8.5282
2026-09-29,15:29,PHOENIXLTD,-0.0415
2026-09-29,15:29,PINELABS,5.4848
2026-09-29,15:29,PITTIENG,8.1076
2026-09-29,15:29,PLASTIBLEN,6.6215
2026-09-29,15:29,PLATIND,-3.9683
2026-09-29,15:29,PNB,-4.7477
2026-09-29,15:29,PNBHOUSING,-4.5707
2026-09-29,15:29,PNGJL,-4.153
2026-09-29,15:29,POCL,-5.1669
2026-09-29,15:29,POLYMED,-5.1281
2026-09-29,15:29,POWERGRID,-1.7471
2026-09-29,15:29,POWERICA,7.0313
2026-09-29,15:29,POWERMECH,-2.2469
2026-09-29,15:29,PPLPHARMA,2.1199
2026-09-29,15:29,PRABHA,37.3546
2026-09-29,15:29,PRADPME,-5.0791
2026-09-29,15:29,PRAVEG,-6.2959
2026-09-29,15:29,PRECWIRE,9.2627
2026-09-29,15:29,PREMEXPLN,0.394
2026-09-29,15:29,PREMIERPOL,14.7147
2026-09-29,15:29,PRIMESECU,6.7773
2026-09-29,15:29,PRIMO,17.6117
2026-09-29,15:29,PRIVISCL,4.5375
2026-09-29,15:29,PROSTARM,-0.0956
2026-09-29,15:29,PROTEAN,21.5406
2026-09-29,15:29,PROZONER,29.1954
2026-09-29,15:29,PRSMJOHNSN,3.7406
2026-09-29,15:29,PTC,-3.032
2026-09-29,15:29,PTCIL,9.4782
2026-09-29,15:29,PTL,-1.1643
2026-09-29,15:29,PVP,51.0673
2026-09-29,15:29,PVRINOX,-0.1594
2026-09-29,15:29,PWL,4.3177
2026-09-29,15:29,PYRAMID,-6.0892
2026-09-29,15:29,QPOWER,23.9291
2026-09-29,15:29,QUADFUTURE,55.1882
2026-09-29,15:29,QUESS,-0.5234
2026-09-29,15:29,QUICKHEAL,-2.3359
2026-09-29,15:29,RACLGEAR,18.2522
2026-09-29,15:29,RADHIKAJWE,1.1635
2026-09-29,15:29,RAIN,4.6137
2026-09-29,15:29,RAJOOENG,6.2787
2026-09-29,15:29,RALLIS,-6.1573
2026-09-29,15:29,RAMBHAJO,60.7836
2026-09-29,15:29,RAMRAT,24.877
2026-09-29,15:29,RANEHOLDIN,-3.7229
2026-09-29,15:29,RATNAMANI,20.3815
2026-09-29,15:29,RATNAVEER,35.235
2026-09-29,15:29,RAYMOND,83.0285
2026-09-29,15:29,RAYMONDREL,15.7474
2026-09-29,15:29,RBLBANK,5.3735
2026-09-29,15:29,RBZJEWEL,45.2236
2026-09-29,15:29,REDINGTON,21.8299
2026-09-29,15:29,REDTAPE,-3.4358
2026-09-29,15:29,REGAAL,-2.0119
2026-09-29,15:29,RELIGARE,0.4111
2026-09-29,15:29,RENUKA,-2
2026-09-29,15:29,REPCOHOME,-1.7019
2026-09-29,15:29,RESPONIND,5.7103
2026-09-29,15:29,RGL,34.758
2026-09-29,15:29,RHIM,5.0635
2026-09-29,15:29,RICOAUTO,-5.0263
2026-09-29,15:29,RISHABH,4.2111
2026-09-29,15:29,RITCO,-3.9829
2026-09-29,15:29,RKFORGE,-5.3444
2026-09-29,15:29,RMDRIP,31.6172
2026-09-29,15:29,RML,27.3071
2026-09-29,15:29,ROHLTD,-0.4387
2026-09-29,15:29,ROLEXRINGS,6.1964
2026-09-29,15:29,ROSSTECH,33.6189
2026-09-29,15:29,ROTO,-3.6845
2026-09-29,15:29,RPEL,20.1385
2026-09-29,15:29,RPGLIFE,12.6911
2026-09-29,15:29,RPSGVENT,-6.0186
2026-09-29,15:29,RPTECH,6.1364
2026-09-29,15:29,RSL,0.3335
2026-09-29,15:29,RSWM,9.1764
2026-09-29,15:29,RSYSTEMS,24.3505
2026-09-29,15:29,RUBYMILLS,28.592
2026-09-29,15:29,RUSTOMJEE,-3.2391
2026-09-29,15:29,SAATVIKGL,2.943
2026-09-29,15:29,SAFARI,-4.4347
2026-09-29,15:29,SAGILITY,0.3302
2026-09-29,15:29,SAIL,4.735
2026-09-29,15:29,SAILIFE,10.1313
2026-09-29,15:29,SAKAR,23.9134
2026-09-29,15:29,SALSTEEL,35.0772
2026-09-29,15:29,SALZERELEC,-6.0757
2026-09-29,15:29,SAMBHV,35.3353
2026-09-29,15:29,SAMHI,-6.317
2026-09-29,15:29,SANATHAN,11.1111
2026-09-29,15:29,SANDESH,-4.8297
2026-09-29,15:29,SANGAMIND,8.9628
2026-09-29,15:29,SANOFI,-3.9188
2026-09-29,15:29,SANSERA,9.0005
2026-09-29,15:29,SANSTAR,-3.0131
2026-09-29,15:29,SARDAEN,-3.9912
2026-09-29,15:29,SAREGAMA,-5.7222
2026-09-29,15:29,SARLAPOLY,-5.8459
2026-09-29,15:29,SATIA,15.5976
2026-09-29,15:29,SATIN,3.9173
2026-09-29,15:29,SBC,41.2387
2026-09-29,15:29,SBCL,8.4618
2026-09-29,15:29,SBILIFE,-3.0943
2026-09-29,15:29,SCHAEFFLER,-2.703
2026-09-29,15:29,SCHAND,6.8403
2026-09-29,15:29,SCHNEIDER,-1.6086
2026-09-29,15:29,SCI,-4.7137
2026-09-29,15:29,SCODATUBES,0.3547
2026-09-29,15:29,SCPL,-2.5686
2026-09-29,15:29,SDBL,7.6536
2026-09-29,15:29,SEAMECLTD,5.8997
2026-09-29,15:29,SEDEMAC,7.5736
2026-09-29,15:29,SEJALLTD,-4.9033
2026-09-29,15:29,SENCO,-3.8794
2026-09-29,15:29,SESHAPAPER,6.7098
2026-09-29,15:29,SETL,38.9537
2026-09-29,15:29,SGIL,19.5943
2026-09-29,15:29,SGMART,0.4852
2026-09-29,15:29,SHADOWFAX,8.604
2026-09-29,15:29,SHANTIGEAR,52.9554
2026-09-29,15:29,SHANTIGOLD,14.994
2026-09-29,15:29,SHARDAMOTR,6.7894
2026-09-29,15:29,SHAREINDIA,17.5583
2026-09-29,15:29,SHILCTECH,4.1772
2026-09-29,15:29,SHILPAMED,30.4522
2026-09-29,15:29,SHINDL,-1.0751
2026-09-29,15:29,SHIVALIK,61.5672
2026-09-29,15:29,SHIVAUM,22.5343
2026-09-29,15:29,SHOPERSTOP,-3.0321
2026-09-29,15:29,SHREDIGCEM,-5.7613
2026-09-29,15:29,SHREEJISPG,26.8362
2026-09-29,15:29,SHREEPUSHK,28.0457
2026-09-29,15:29,SHREERAMA,-5.5532
2026-09-29,15:29,SHRINGARMS,-4.9859
2026-09-29,15:29,SHRIPISTON,7.0459
2026-09-29,15:29,SHYAMMETL,8.8256
2026-09-29,15:29,SIEMENS,-5.9092
2026-09-29,15:29,SIGACHI,9.1461
2026-09-29,15:29,SIGMAADV,55.7806
2026-09-29,15:29,SIGNATURE,-6.2853
2026-09-29,15:29,SIGNPOST,-3.6255
2026-09-29,15:29,SIKA,-2.6071
2026-09-29,15:29,SIMPLEXINF,-3.3664
2026-09-29,15:29,SINDHUTRAD,-3.9092
2026-09-29,15:29,SIS,0.5283
2026-09-29,15:29,SKFINDUS,2.3636
2026-09-29,15:29,SKIPPER,2.0445
2026-09-29,15:29,SKYGOLD,5.7251
2026-09-29,15:29,SMARTWORKS,3.8994
2026-09-29,15:29,SMCGLOBAL,15.6324
2026-09-29,15:29,SMLMAH,24.3469
2026-09-29,15:29,SMSPHARMA,33.8732
2026-09-29,15:29,SOFTTECH,17.7497
2026-09-29,15:29,SOLARA,47.2893
2026-09-29,15:29,SOMANYCERA,18.2983
2026-09-29,15:29,SONACOMS,1.3104
2026-09-29,15:29,SOTL,3.5155
2026-09-29,15:29,SOUTHBANK,7.7178
2026-09-29,15:29,SPAL,0.3593
2026-09-29,15:29,SPARC,5.8219
2026-09-29,15:29,SPECIALITY,13.2446
2026-09-29,15:29,SPECTRUM,75.0929
2026-09-29,15:29,SPIC,-5.3957
2026-09-29,15:29,SPLPETRO,14.9838
2026-09-29,15:29,SPORTKING,2.7857
2026-09-29,15:29,SREEL,10.7804
2026-09-29,15:29,SRHHYPOLTD,16.0165
2026-09-29,15:29,SSWL,29.4507
2026-09-29,15:29,STANLEY,0.6806
2026-09-29,15:29,STAR,18.7924
2026-09-29,15:29,STEELCAS,5.595
2026-09-29,15:29,STEL,1.1075
2026-09-29,15:29,STERTOOLS,-0.2974
2026-09-29,15:29,STLNETWORK,94.9547
2026-09-29,15:29,STLTECH,34.8899
2026-09-29,15:29,STOVEKRAFT,8.7041
2026-09-29,15:29,STYLEBAAZA,5.6063
2026-09-29,15:29,SUBEXLTD,44.224
2026-09-29,15:29,SUDARCOLOR,-6.2087
2026-09-29,15:29,SUDARSCHEM,9.5526
2026-09-29,15:29,SUDEEPPHRM,8.5016
2026-09-29,15:29,SUNCLAY,-4.5201
2026-09-29,15:29,SUNDARMFIN,-4.18
2026-09-29,15:29,SUNDRMFAST,-5.8901
2026-09-29,15:29,SUNDROP,15.2518
2026-09-29,15:29,SUNFLAG,28.7041
2026-09-29,15:29,SUNPHARMA,-0.9033
2026-09-29,15:29,SUNTV,13.3129
2026-09-29,15:29,SUPRAJIT,-5.5017
2026-09-29,15:29,SUPREMEIND,-4.0167
2026-09-29,15:29,SUPRIYA,25.6441
2026-09-29,15:29,SURAJEST,-1.0929
2026-09-29,15:29,SURAKSHA,15.1078
2026-09-29,15:29,SURYAROSNI,-0.235
2026-09-29,15:29,SURYODAY,-6.058
2026-09-29,15:29,SUTLEJTEX,-4.3353
2026-09-29,15:29,SUVEN,-2.4921
2026-09-29,15:29,SVLL,7.5789
2026-09-29,15:29,SWANDEF,13.1311
2026-09-29,15:29,SWARAJ,1.0561
2026-09-29,15:29,SWARAJENG,-2.2157
2026-09-29,15:29,SYNCOMF,72.0105
2026-09-29,15:29,SYRMA,15.3076
2026-09-29,15:29,SYSTMTXC,27.3586
2026-09-29,15:29,TAJGVK,-6.2074
2026-09-29,15:29,TALBROAUTO,2.3025
2026-09-29,15:29,TARC,2.1389
2026-09-29,15:29,TASTYBITE,-4.0292
2026-09-29,15:29,TATACOMM,-3.3413
2026-09-29,15:29,TATAINVEST,-4.4458
2026-09-29,15:29,TATAPOWER,-5.8978
2026-09-29,15:29,TATASTEEL,1.0753
2026-09-29,15:29,TATVA,7.1539
2026-09-29,15:29,TBOTEK,-0.9
2026-09-29,15:29,TBZ,156.7911
2026-09-29,15:29,TCI,-4.2913
2026-09-29,15:29,TCIEXP,-6.1579
2026-09-29,15:29,TCPLPACK,1.9764
2026-09-29,15:29,TDPOWERSYS,0.3809
2026-09-29,15:29,TECHM,-6.1801
2026-09-29,15:29,TECHNOCRAF,60.3154
2026-09-29,15:29,TECHNOE,5.3172
2026-09-29,15:29,TEGA,18.1537
2026-09-29,15:29,TEJASNET,-6.2064
2026-09-29,15:29,TEXINFRA,7.1303
2026-09-29,15:29,TEXRAIL,17.5695
2026-09-29,15:29,TFCILTD,15.4972
2026-09-29,15:29,THANGAMAYL,-2.4735
2026-09-29,15:29,THEJO,-0.3683
2026-09-29,15:29,THELEELA,6.0835
2026-09-29,15:29,THEMISMED,15.2368
2026-09-29,15:29,THOMASCOOK,0.2315
2026-09-29,15:29,TI,-5.1158
2026-09-29,15:29,TIIL,-5.5147
2026-09-29,15:29,TIL,8.3446
2026-09-29,15:29,TIMETECHNO,-3.0009
2026-09-29,15:29,TIMEX,34.6943
2026-09-29,15:29,TIMKEN,-6.2088
2026-09-29,15:29,TIPSMUSIC,-1.379
2026-09-29,15:29,TIRUMALCHM,-1.5123
2026-09-29,15:29,TIRUPATIFL,17.0455
2026-09-29,15:29,TITAGARH,-0.1949
2026-09-29,15:29,TMB,2.3527
2026-09-29,15:29,TNPETRO,10.0823
2026-09-29,15:29,TNPL,7.7513
2026-09-29,15:29,TORNTPHARM,-0.1224
2026-09-29,15:29,TRANSPEK,18.7862
2026-09-29,15:29,TRANSRAILL,-2.8396
2026-09-29,15:29,TREL,9.0211
2026-09-29,15:29,TRUALT,-4.3505
2026-09-29,15:29,TSFINV,0.2498
2026-09-29,15:29,TVSSCS,8.0836
2026-09-29,15:29,UDS,-1.8562
2026-09-29,15:29,UFLEX,10.5196
2026-09-29,15:29,UGARSUGAR,10.7896
2026-09-29,15:29,ULTRAMAR,6.1644
2026-09-29,15:29,UNICHEMLAB,4.6199
2026-09-29,15:29,UNIECOM,-2.9429
2026-09-29,15:29,UNIMECH,10.8317
2026-09-29,15:29,UNIPARTS,5.2924
2026-09-29,15:29,UNITEDPOLY,38.5866
2026-09-29,15:29,UNIVPHOTO,7.4895
2026-09-29,15:29,UPL,-5.1314
2026-09-29,15:29,URBANCO,13.2158
2026-09-29,15:29,USHAMART,0.1707
2026-09-29,15:29,UTIAMC,-3.2735
2026-09-29,15:29,UTTAMSUGAR,2.7562
2026-09-29,15:29,V2RETAIL,-4.3043
2026-09-29,15:29,VADILALIND,-1.8081
2026-09-29,15:29,VALIANTLAB,41.2111
2026-09-29,15:29,VALIANTORG,31.2358
2026-09-29,15:29,VAML,-1.5968
2026-09-29,15:29,VARROC,-1.2209
2026-09-29,15:29,VASCONEQ,9.123
2026-09-29,15:29,VBL,-0.8874
2026-09-29,15:29,VEDL,-3.5966
2026-09-29,15:29,VELJAN,16.6648
2026-09-29,15:29,VENKEYS,6.6623
2026-09-29,15:29,VENTIVE,-5.4627
2026-09-29,15:29,VENUSPIPES,37.5384
2026-09-29,15:29,VENUSREM,-5.1458
2026-09-29,15:29,VERANDA,-5.0149
2026-09-29,15:29,VHL,-4.8506
2026-09-29,15:29,VHLTD,5.4598
2026-09-29,15:29,VIDHIING,12.594
2026-09-29,15:29,VIDYAWIRES,4.6309
2026-09-29,15:29,VIJAYA,-2.0974
2026-09-29,15:29,VIKRAN,-2.6543
2026-09-29,15:29,VIMTALABS,-5.1407
2026-09-29,15:29,VINCOFE,24.8017
2026-09-29,15:29,VINDHYATEL,6.7039
2026-09-29,15:29,VIPIND,-2.4293
2026-09-29,15:29,VISAKAIND,-5.3587
2026-09-29,15:29,VISHNU,9.0012
2026-09-29,15:29,VIVIANA,1.2427
2026-09-29,15:29,VIYASH,-5.5919
2026-09-29,15:29,VMART,-4.0704
2026-09-29,15:29,VMM,-1.1374
2026-09-29,15:29,VOEPL,1.5396
2026-09-29,15:29,VOLTAMP,6.2294
2026-09-29,15:29,VRLLOG,-4.659
2026-09-29,15:29,VSSL,12.2528
2026-09-29,15:29,VSTIND,-5.38
2026-09-29,15:29,VSTTILLERS,-2.2088
2026-09-29,15:29,WABAG,10.3394
2026-09-29,15:29,WAKEFIT,15.5901
2026-09-29,15:29,WCIL,7.8645
2026-09-29,15:29,WEALTH,1.2261
2026-09-29,15:29,WELCORP,51.0096
2026-09-29,15:29,WELENT,30.7165
2026-09-29,15:29,WELINV,31.0902
2026-09-29,15:29,WELSPLSOL,8.7064
2026-09-29,15:29,WELSPUNLIV,33.934
2026-09-29,15:29,WENDT,3.5142
2026-09-29,15:29,WESTLIFE,2.9331
2026-09-29,15:29,WEWORK,-5.7431
2026-09-29,15:29,WHEELS,55.485
2026-09-29,15:29,WHIRLPOOL,14.26
2026-09-29,15:29,WINDLAS,17.447
2026-09-29,15:29,WINDMACHIN,-0.1332
2026-09-29,15:29,WOCKPHARMA,15.5572
2026-09-29,15:29,WONDERLA,6.9874
2026-09-29,15:29,WPIL,-0.5531
2026-09-29,15:29,WSTCSTPAPR,16.1767
2026-09-29,15:29,XCHANGING,-2.4303
2026-09-29,15:29,XPROINDIA,5.1373
2026-09-29,15:29,XTRANET,71.0649
2026-09-29,15:29,YATHARTH,31.4587
2026-09-29,15:29,YUKEN,37.5631
2026-09-29,15:29,ZAGGLE,8.325
2026-09-29,15:29,ZFSTEERING,5.53
2026-09-29,15:29,ZIMLAB,17.092
2026-09-29,15:29,ZOTA,16.9876
2026-09-29,15:29,ZUARI,-0.4715
2026-09-29,15:29,ZUARIIND,9.9045
2026-09-29,15:29,ZYDUSLIFE,6.0981
2026-09-29,15:29,ZYDUSWELL,-0.7939
2026-09-30,15:29,20MICRONS,8.8405
2026-09-30,15:29,3BBLACKBIO,48.9377
2026-09-30,15:29,63MOONS,7.0481
2026-09-30,15:29,AARTIDRUGS,4.3847
2026-09-30,15:29,AARTIPHARM,9.0561
2026-09-30,15:29,ABBOTINDIA,2.0504
2026-09-30,15:29,ABCAPITAL,-5.3234
2026-09-30,15:29,ABDL,17.3523
2026-09-30,15:29,ABSLAMC,-1.7764
2026-09-30,15:29,ACCELYA,-3.5815
2026-09-30,15:29,ACE,3.9838
2026-09-30,15:29,ACI,-5.2739
2026-09-30,15:29,ACMESOLAR,18.0901
2026-09-30,15:29,ACSTECH,59.1146
2026-09-30,15:29,ACUTAAS,-3.3025
2026-09-30,15:29,ADANIENT,-3.3006
2026-09-30,15:29,ADANIGREEN,-2.2936
2026-09-30,15:29,ADANIPORTS,6.889
2026-09-30,15:29,ADANIPOWER,-0.7686
2026-09-30,15:29,ADFFOODS,1.2982
2026-09-30,15:29,ADOR,1.8882
2026-09-30,15:29,ADSL,-1.676
2026-09-30,15:29,ADVANCE,2.7382
2026-09-30,15:29,AEGISLOG,0.9066
2026-09-30,15:29,AEGISVOPAK,8.0058
2026-09-30,15:29,AEQUS,7.5544
2026-09-30,15:29,AEROENTER,-5.264
2026-09-30,15:29,AEROFLEX,10.4456
2026-09-30,15:29,AETHER,4.0218
2026-09-30,15:29,AFSL,-2.2136
2026-09-30,15:29,AGARWALEYE,-4.6359
2026-09-30,15:29,AGI,13.0252
2026-09-30,15:29,AHCL,136.3636
2026-09-30,15:29,AHLWEST,-0.1772
2026-09-30,15:29,AIIL,-1.202
2026-09-30,15:29,AJANTPHARM,-2.3095
2026-09-30,15:29,AJAXENGG,5.1218
2026-09-30,15:29,AJMERA,1.8528
2026-09-30,15:29,AKCAPIT,-3.1996
2026-09-30,15:29,AKUMS,9.9913
2026-09-30,15:29,ALBERTDAVD,4.7056
2026-09-30,15:29,ALEMBICLTD,19.3168
2026-09-30,15:29,ALGOQUANT,-0.3622
2026-09-30,15:29,ALICON,14.9085
2026-09-30,15:29,ALIVUS,-1.387
2026-09-30,15:29,ALKEM,-5.6895
2026-09-30,15:29,ALLDIGI,-5.83
2026-09-30,15:29,AMAGI,-5.1282
2026-09-30,15:29,AMANTA,10.5055
2026-09-30,15:29,AMBIKCO,-5.5938
2026-09-30,15:29,AMRUTANJAN,5.4275
2026-09-30,15:29,ANANDRATHI,-3.4081
2026-09-30,15:29,ANANTRAJ,-4.4893
2026-09-30,15:29,ANDHRAPAP,17.3583
2026-09-30,15:29,ANDREWYU,0.154
2026-09-30,15:29,ANGELONE,-6.084
2026-09-30,15:29,ANTELOPUS,31.4459
2026-09-30,15:29,ANTHEM,-3.6418
2026-09-30,15:29,ANUHPHR,15.3034
2026-09-30,15:29,ANURAS,-2.437
2026-09-30,15:29,APARINDS,0.9876
2026-09-30,15:29,APCOTEXIND,-5.8414
2026-09-30,15:29,APLAPOLLO,3.5508
2026-09-30,15:29,APLLTD,0.1092
2026-09-30,15:29,APOLLO,4.0222
2026-09-30,15:29,ARFIN,8.1091
2026-09-30,15:29,ARIES,8.5498
2026-09-30,15:29,ARIHANTCAP,21.6484
2026-09-30,15:29,ARIS,5.8175
2026-09-30,15:29,ARROWGREEN,17.227
2026-09-30,15:29,ARSSBL,0.6055
2026-09-30,15:29,ARTEMISMED,10.7
2026-09-30,15:29,ARVIND,2.5451
2026-09-30,15:29,ASAHIINDIA,-0.4103
2026-09-30,15:29,ASHIANA,5.5366
2026-09-30,15:29,ASHOKA,-3.6484
2026-09-30,15:29,ASIANENE,1.9004
2026-09-30,15:29,ASIANHOTNR,17.4834
2026-09-30,15:29,ASIANTILES,8.4479
2026-09-30,15:29,ASKAUTOLTD,0.2899
2026-09-30,15:29,ASTAR,13.2362
2026-09-30,15:29,ASTEC,23.431
2026-09-30,15:29,ATHERENERG,-2.7835
2026-09-30,15:29,ATL,3.2095
2026-09-30,15:29,AUBANK,-6.0798
2026-09-30,15:29,AUROPHARMA,1.6413
2026-09-30,15:29,AURUM,2.5282
2026-09-30,15:29,AUTOAXLES,-4.6115
2026-09-30,15:29,AVADHSUGAR,12.4982
2026-09-30,15:29,AVALON,4.5237
2026-09-30,15:29,AVANTEL,-5.0595
2026-09-30,15:29,AVL,-3.224
2026-09-30,15:29,AVTNPL,4.3911
2026-09-30,15:29,AWHCL,-3.6601
2026-09-30,15:29,AXISBANK,-1.3677
2026-09-30,15:29,AXISCADES,38.8339
2026-09-30,15:29,AYMSYNTEX,7.8442
2026-09-30,15:29,AZAD,3.6483
2026-09-30,15:29,BAFNAPH,50.0404
2026-09-30,15:29,BAJAJCON,2.3758
2026-09-30,15:29,BAJAJHCARE,1.5361
2026-09-30,15:29,BAJAJHFL,-2.7975
2026-09-30,15:29,BAJAJHLDNG,-4.1407
2026-09-30,15:29,BAJAJINDEF,-0.99
2026-09-30,15:29,BAJAJST,-3.9082
2026-09-30,15:29,BALAJITELE,-1.6489
2026-09-30,15:29,BALAMINES,0.7035
2026-09-30,15:29,BALRAMCHIN,1.4696
2026-09-30,15:29,BANCOINDIA,-3.5399
2026-09-30,15:29,BANDHANBNK,4.5337
2026-09-30,15:29,BANKBARODA,-5.5123
2026-09-30,15:29,BANSALWIRE,0.7632
2026-09-30,15:29,BBOX,3.5246
2026-09-30,15:29,BEEKAY,6.8152
2026-09-30,15:29,BEL,-5.7524
2026-09-30,15:29,BELRISE,1.5334
2026-09-30,15:29,BEML,1.3686
2026-09-30,15:29,BENGALASM,-2.2895
2026-09-30,15:29,BEPL,1.8253
2026-09-30,15:29,BFINVEST,-5.7847
2026-09-30,15:29,BFUTILITIE,-4.7731
2026-09-30,15:29,BGRENERGY,-0.8274
2026-09-30,15:29,BHAGERIA,99.9656
2026-09-30,15:29,BHAGYANGR,2.5184
2026-09-30,15:29,BHARATCOAL,-1.3237
2026-09-30,15:29,BHEL,-2.2353
2026-09-30,15:29,BIL,19.7113
2026-09-30,15:29,BIRLACABLE,30.0454
2026-09-30,15:29,BLACKBUCK,3.2439
2026-09-30,15:29,BLACKROSE,6.3269
2026-09-30,15:29,BLAL,-6.1215
2026-09-30,15:29,BLISSGVS,27.0723
2026-09-30,15:29,BLKASHYAP,-3.8197
2026-09-30,15:29,BLSE,5.7952
2026-09-30,15:29,BLUESTARCO,1.6745
2026-09-30,15:29,BLUESTONE,-3.1143
2026-09-30,15:29,BLUSPRING,27.4526
2026-09-30,15:29,BODALCHEM,188.2994
2026-09-30,15:29,BOROLTD,17.1926
2026-09-30,15:29,BOSCH-HCIL,8.3482
2026-09-30,15:29,BOSCHLTD,-3.345
2026-09-30,15:29,BPCL,-2.2881
2026-09-30,15:29,BRIGADE,-2.3179
2026-09-30,15:29,BSHSL,-2.1035
2026-09-30,15:29,BUILDPRO,-3.0785
2026-09-30,15:29,CAMPUS,-3.6006
2026-09-30,15:29,CANHLIFE,-0.5092
2026-09-30,15:29,CANTABIL,1.155
2026-09-30,15:29,CAPILLARY,9.1538
2026-09-30,15:29,CAPITALSFB,0.2954
2026-09-30,15:29,CAPLIPOINT,7.3803
2026-09-30,15:29,CARBORUNIV,11.2345
2026-09-30,15:29,CARTRADE,3.4682
2026-09-30,15:29,CASTROLIND,7.316
2026-09-30,15:29,CDSL,-5.7139
2026-09-30,15:29,CEIGALL,23.8072
2026-09-30,15:29,CENTENKA,-3.8071
2026-09-30,15:29,CENTRALBK,-1.8053
2026-09-30,15:29,CENTUM,39.8723
2026-09-30,15:29,CEWATER,-5.5141
2026-09-30,15:29,CGCL,9.7145
2026-09-30,15:29,CGPOWER,-4.4733
2026-09-30,15:29,CHALET,1.2883
2026-09-30,15:29,CHAMBLFERT,-5.7896
2026-09-30,15:29,CHEMCON,14.7444
2026-09-30,15:29,CHEMPLASTS,4.6317
2026-09-30,15:29,CHENNPETRO,2.3006
2026-09-30,15:29,CHEVIOT,1.5099
2026-09-30,15:29,CIEINDIA,-5.7115
2026-09-30,15:29,CIFL,1.9589
2026-09-30,15:29,CIPLA,-5.9465
2026-09-30,15:29,CLEAN,-4.5138
2026-09-30,15:29,CLEANMAX,6.6281
2026-09-30,15:29,CLSEL,1.8276
2026-09-30,15:29,CMLL,-0.1127
2026-09-30,15:29,CMRGREEN,6.0569
2026-09-30,15:29,COALINDIA,4.4483
2026-09-30,15:29,COCKERILL,-4.724
2026-09-30,15:29,COFFEEDAY,1.6869
2026-09-30,15:29,COFORGE,-1.348
2026-09-30,15:29,COHANCE,-2.4605
2026-09-30,15:29,COMSYN,-3.6097
2026-09-30,15:29,CONFIPET,26.0801
2026-09-30,15:29,CONSOFINVT,8.0515
2026-09-30,15:29,CONTROLPR,5.571
2026-09-30,15:29,CORDELIA,23.6024
2026-09-30,15:29,CORONA,-1.2268
2026-09-30,15:29,CPPLUS,15.0958
2026-09-30,15:29,CRAFTSMAN,-4.3478
2026-09-30,15:29,CREST,4.204
2026-09-30,15:29,CRISIL,0.1868
2026-09-30,15:29,CRIZAC,-2.5547
2026-09-30,15:29,CSBBANK,-2.0318
2026-09-30,15:29,CSM,-2.0162
2026-09-30,15:29,CUB,1.7418
2026-09-30,15:29,CUPID,9.7243
2026-09-30,15:29,CYIENT,28.2045
2026-09-30,15:29,CYIENTDLM,24.1815
2026-09-30,15:29,DABUR,-5.7993
2026-09-30,15:29,DAMCAPITAL,2.7406
2026-09-30,15:29,DATAMATICS,-3.4055
2026-09-30,15:29,DBL,-3.5613
2026-09-30,15:29,DBOL,3.3691
2026-09-30,15:29,DCBBANK,11.1754
2026-09-30,15:29,DCMSIL,19.3066
2026-09-30,15:29,DCW,4.4175
2026-09-30,15:29,DECCANCE,3.8402
2026-09-30,15:29,DEEDEV,2.9897
2026-09-30,15:29,DEEPINDS,5.2928
2026-09-30,15:29,DELTACORP,32.6141
2026-09-30,15:29,DEN,-5.3995
2026-09-30,15:29,DHAMPURSUG,1.6425
2026-09-30,15:29,DHARMAJ,-2.0926
2026-09-30,15:29,DHOOTTRANS,14.0188
2026-09-30,15:29,DHUNINV,-2.1803
2026-09-30,15:29,DIACABS,-3.7369
2026-09-30,15:29,DICIND,8.7191
2026-09-30,15:29,DIFFNKG,7.4051
2026-09-30,15:29,DISAQ,0.855
2026-09-30,15:29,DIVGIITTS,-6.1318
2026-09-30,15:29,DIVISLAB,8.1917
2026-09-30,15:29,DLF,1.2392
2026-09-30,15:29,DLINKINDIA,-1.6712
2026-09-30,15:29,DMART,-4.5114
2026-09-30,15:29,DMCC,8.3232
2026-09-30,15:29,DOLLAR,3.2396
2026-09-30,15:29,DOLPHIN,2.906
2026-09-30,15:29,DOMS,-5.0302
2026-09-30,15:29,DPABHUSHAN,22.756
2026-09-30,15:29,DRAGARWQ,-3.5896
2026-09-30,15:29,DRREDDY,4.5979
2026-09-30,15:29,DVL,6.4482
2026-09-30,15:29,DWARKESH,-4.4355
2026-09-30,15:29,DYCL,-3.4776
2026-09-30,15:29,DYNAMATECH,15.6415
2026-09-30,15:29,E2E,-2.1142
2026-09-30,15:29,EBGNG,20.3347
2026-09-30,15:29,ECLERX,0.8143
2026-09-30,15:29,EDELWEISS,17.57
2026-09-30,15:29,EIEL,-3.8341
2026-09-30,15:29,EIFFL,5.2591
2026-09-30,15:29,EIHAHOTELS,1.2436
2026-09-30,15:29,EIHOTEL,1.483
2026-09-30,15:29,EIMCOELECO,5.3629
2026-09-30,15:29,EKC,0.2855
2026-09-30,15:29,ELANTAS,18.2669
2026-09-30,15:29,ELECON,6.4178
2026-09-30,15:29,ELECTCAST,4.379
2026-09-30,15:29,ELGIEQUIP,-0.8711
2026-09-30,15:29,ELPROINTL,-0.8999
2026-09-30,15:29,EMAMILTD,-5.2612
2026-09-30,15:29,EMAMIPAP,3.9743
2026-09-30,15:29,EMCURE,3.6543
2026-09-30,15:29,EMIL,7.3217
2026-09-30,15:29,EMKAY,17.4831
2026-09-30,15:29,EMMVEE,-0.5666
2026-09-30,15:29,EMUDHRA,6.1294
2026-09-30,15:29,ENGINERSIN,26.4809
2026-09-30,15:29,ENTERO,21.3535
2026-09-30,15:29,EPACKPEB,8.6442
2026-09-30,15:29,EPL,-3.3245
2026-09-30,15:29,ESAFSFB,10.1708
2026-09-30,15:29,ESTER,3.7622
2026-09-30,15:29,ETERNAL,1.2979
2026-09-30,15:29,EVERESTIND,2.9837
2026-09-30,15:29,EXCELINDUS,-4.0601
2026-09-30,15:29,EXCELSOFT,11.8198
2026-09-30,15:29,EXICOM,-3.7583
2026-09-30,15:29,EXPLEOSOL,-4.4391
2026-09-30,15:29,FABTECH,-0.4735
2026-09-30,15:29,FACT,-4.6424
2026-09-30,15:29,FAIRCHEMOR,1.0465
2026-09-30,15:29,FCL,31.1344
2026-09-30,15:29,FDC,-3.4561
2026-09-30,15:29,FEDDERSHOL,50.0244
2026-09-30,15:29,FEDFINA,0.0663
2026-09-30,15:29,FILATEX,24.219
2026-09-30,15:29,FINCABLES,9.0984
2026-09-30,15:29,FINEORG,0.6165
2026-09-30,15:29,FINPIPE,-4.3324
2026-09-30,15:29,FIVESTAR,-3.4557
2026-09-30,15:29,FLUOROCHEM,-5.765
2026-09-30,15:29,FMGOETZE,-3.6745
2026-09-30,15:29,FOSECOIND,17.2548
2026-09-30,15:29,FRONTSP,13.6608
2026-09-30,15:29,FSL,-3.051
2026-09-30,15:29,GAIL,-1.7003
2026-09-30,15:29,GALAPREC,12.986
2026-09-30,15:29,GALAXYSURF,-4.3307
2026-09-30,15:29,GANDHAR,9.3101
2026-09-30,15:29,GANDHITUBE,7.2411
2026-09-30,15:29,GANESHBE,13.4072
2026-09-30,15:29,GARFIBRES,-0.6252
2026-09-30,15:29,GARUDA,-4.4893
2026-09-30,15:29,GATEWAY,-4.5313
2026-09-30,15:29,GAUDIUMIVF,-6.0916
2026-09-30,15:29,GAYAPROJ,4.2759
2026-09-30,15:29,GCSL,31.9247
2026-09-30,15:29,GEECEE,2.5065
2026-09-30,15:29,GEMAROMA,-5.3498
2026-09-30,15:29,GENESYS,49.989
2026-09-30,15:29,GEOJITFSL,-4.5489
2026-09-30,15:29,GESHIP,19.7329
2026-09-30,15:29,GFLLIMITED,7.2628
2026-09-30,15:29,GHCLTEXTIL,0.7503
2026-09-30,15:29,GICHSGFIN,-3.1051
2026-09-30,15:29,GIPCL,4.6903
2026-09-30,15:29,GKENERGY,-3.1038
2026-09-30,15:29,GKSL,16.6754
2026-09-30,15:29,GLAND,1.4273
2026-09-30,15:29,GLAXO,-3.7569
2026-09-30,15:29,GLENMARK,1.2885
2026-09-30,15:29,GLOBAL,21.6897
2026-09-30,15:29,GLOTTIS,-3.2466
2026-09-30,15:29,GMBREW,9.8432
2026-09-30,15:29,GMMPFAUDLR,42.2254
2026-09-30,15:29,GMRP&UI,9.4289
2026-09-30,15:29,GNA,2.8977
2026-09-30,15:29,GNFC,-0.8774
2026-09-30,15:29,GNRL,-5.8271
2026-09-30,15:29,GODIGIT,1.6813
2026-09-30,15:29,GODREJAGRO,5.9198
2026-09-30,15:29,GOODLUCK,14.5986
2026-09-30,15:29,GPPL,3.907
2026-09-30,15:29,GPTHEALTH,-1.5608
2026-09-30,15:29,GPTINFRA,2.7971
2026-09-30,15:29,GRANULES,-0.5463
2026-09-30,15:29,GRAPHITE,3.7509
2026-09-30,15:29,GRAUWEIL,24.5973
2026-09-30,15:29,GREAVESCOT,15.9575
2026-09-30,15:29,GREENPANEL,-3.5089
2026-09-30,15:29,GREENPLY,4.3123
2026-09-30,15:29,GRINDWELL,-5.1016
2026-09-30,15:29,GROWW,-5.1081
2026-09-30,15:29,GRPLTD,-5.1554
2026-09-30,15:29,GRWRHITECH,-1.2041
2026-09-30,15:29,GSFC,-6.0089
2026-09-30,15:29,GTPL,2.5421
2026-09-30,15:29,GUFICBIO,2.5154
2026-09-30,15:29,GUJTHEM,4.39
2026-09-30,15:29,GULFOILLUB,-4.0743
2026-09-30,15:29,GVPIL,-3.7799
2026-09-30,15:29,GVT&D,0.143
2026-09-30,15:29,GYFTR,0.7724
2026-09-30,15:29,HALDYNGL,22.8408
2026-09-30,15:29,HARIOMPIPE,-3.3999
2026-09-30,15:29,HARSHA,7.7681
2026-09-30,15:29,HATSUN,11.534
2026-09-30,15:29,HAWKINCOOK,-2.7626
2026-09-30,15:29,HBLENGINE,18.5732
2026-09-30,15:29,HCC,1.8463
2026-09-30,15:29,HCLTECH,-5.2388
2026-09-30,15:29,HDFCBANK,-1.9779
2026-09-30,15:29,HDFCLIFE,-3.1677
2026-09-30,15:29,HEALTHX,-1.1958
2026-09-30,15:29,HEG,10.6067
2026-09-30,15:29,HERANBA,9.0836
2026-09-30,15:29,HERITGFOOD,11.7909
2026-09-30,15:29,HEXAGON,3.2977
2026-09-30,15:29,HEXATRADEX,-1.1533
2026-09-30,15:29,HFCL,-1.3085
2026-09-30,15:29,HIKAL,0.3269
2026-09-30,15:29,HINDOILEXP,9.6236
2026-09-30,15:29,HINDPETRO,-4.276
2026-09-30,15:29,HINDZINC,1.4337
2026-09-30,15:29,HITECHCORP,4.3051
2026-09-30,15:29,HITECHGEAR,16.3221
2026-09-30,15:29,HLEGLAS,43.501
2026-09-30,15:29,HMAAGRO,8.6285
2026-09-30,15:29,HMT,-1.4108
2026-09-30,15:29,HUBTOWN,0.975
2026-09-30,15:29,IBULLSLTD,9.748
2026-09-30,15:29,ICICIAMC,0.9884
2026-09-30,15:29,ICICIGI,-2.0815
2026-09-30,15:29,ICIL,5.1862
2026-09-30,15:29,IDBI,1.3438
2026-09-30,15:29,IDFCFIRSTB,-3.9169
2026-09-30,15:29,IGL,-2.5303
2026-09-30,15:29,IGPL,20.7938
2026-09-30,15:29,IIFL,-3.4707
2026-09-30,15:29,IIFLCAPS,3.2682
2026-09-30,15:29,IKIO,-0.0711
2026-09-30,15:29,IKS,-6.1291
2026-09-30,15:29,IMAGICAA,10.7066
2026-09-30,15:29,INDGN,4.0602
2026-09-30,15:29,INDHOTEL,1.3421
2026-09-30,15:29,INDIAGLYCO,34.9192
2026-09-30,15:29,INDIANHUME,-2.0408
2026-09-30,15:29,INDIASHLTR,-4.9996
2026-09-30,15:29,INDIGO,-4.5211
2026-09-30,15:29,INDIGOPNTS,-5.1964
2026-09-30,15:29,INDIQUBE,4.9487
2026-09-30,15:29,INDNIPPON,11.0774
2026-09-30,15:29,INDOAMIN,17.3066
2026-09-30,15:29,INDOBORAX,11.1509
2026-09-30,15:29,INDOCO,18.3171
2026-09-30,15:29,INDOMIM,30.4067
2026-09-30,15:29,INDORAMA,76.659
2026-09-30,15:29,INDPRUD,2.2346
2026-09-30,15:29,INDRAMEDCO,-5.4208
2026-09-30,15:29,INDSWFTLAB,12.0737
2026-09-30,15:29,INDUSTOWER,0.2148
2026-09-30,15:29,INNOVACAP,11.1985
2026-09-30,15:29,INNOVANA,-4.1605
2026-09-30,15:29,INOXINDIA,4.821
2026-09-30,15:29,INSECTICID,-5.682
2026-09-30,15:29,INTERARCH,-2.9969
2026-09-30,15:29,INTLCONV,4.1933
2026-09-30,15:29,INVPRECQ,22.3
2026-09-30,15:29,IOC,-2.0827
2026-09-30,15:29,IOLCP,30.0835
2026-09-30,15:29,IONEXCHANG,11.0316
2026-09-30,15:29,IPCALAB,2.3856
2026-09-30,15:29,IPL,-3.9583
2026-09-30,15:29,IRCON,-5.2823
2026-09-30,15:29,IREDA,-3.1144
2026-09-30,15:29,IRISDOREME,4.322
2026-09-30,15:29,ISGEC,12.8995
2026-09-30,15:29,ITC,-2.6852
2026-09-30,15:29,ITCHOTELS,-0.1824
2026-09-30,15:29,ITDC,-0.7648
2026-09-30,15:29,IXIGO,-5.4394
2026-09-30,15:29,IZMO,-3.2194
2026-09-30,15:29,JAGRAN,1.2021
2026-09-30,15:29,JAGSNPHARM,2.9668
2026-09-30,15:29,JAINREC,-1.2998
2026-09-30,15:29,JAMNAAUTO,11.2335
2026-09-30,15:29,JARO,-5.7015
2026-09-30,15:29,JASH,24.1397
2026-09-30,15:29,JAYAGROGN,1.2567
2026-09-30,15:29,JAYBARMARU,-1.5565
2026-09-30,15:29,JAYKAY,32.615
2026-09-30,15:29,JAYNECOIND,2.8372
2026-09-30,15:29,JGCHEM,-0.1161
2026-09-30,15:29,JINDALPHOT,-2.383
2026-09-30,15:29,JINDALPOLY,4.0053
2026-09-30,15:29,JINDALSAW,3.3687
2026-09-30,15:29,JINDALSTEL,3.0322
2026-09-30,15:29,JINDWORLD,28.5991
2026-09-30,15:29,JISLJALEQS,1.453
2026-09-30,15:29,JKCEMENT,-5.5716
2026-09-30,15:29,JKPAPER,2.1404
2026-09-30,15:29,JMFINANCIL,2.8868
2026-09-30,15:29,JNKINDIA,-5.5502
2026-09-30,15:29,JNPR,13.5957
2026-09-30,15:29,JSL,2.0481
2026-09-30,15:29,JSLL,-1.4076
2026-09-30,15:29,JSWDULUX,-1.0095
2026-09-30,15:29,JSWHL,-1.2447
2026-09-30,15:29,JSWINFRA,8.5045
2026-09-30,15:29,JSWSTEEL,-1.1202
2026-09-30,15:29,JTLIND,18.0214
2026-09-30,15:29,JUBLPHARMA,18.7991
2026-09-30,15:29,JUNIPER,8.1758
2026-09-30,15:29,JUSTDIAL,0.7334
2026-09-30,15:29,JYOTICNC,11.9081
2026-09-30,15:29,KABRAEXTRU,57.1498
2026-09-30,15:29,KAJARIACER,0.7587
2026-09-30,15:29,KALPATARU,-0.6948
2026-09-30,15:29,KAMATHOTEL,22.205
2026-09-30,15:29,KAMDHENU,14.1145
2026-09-30,15:29,KANORICHEM,32.9476
2026-09-30,15:29,KANPRPLA,1.9447
2026-09-30,15:29,KAPSTON,4.154
2026-09-30,15:29,KARURVYSYA,-2.7254
2026-09-30,15:29,KAYNES,-3.9269
2026-09-30,15:29,KCP,1.9376
2026-09-30,15:29,KDDL,-5.047
2026-09-30,15:29,KENNAMET,17.9544
2026-09-30,15:29,KILITCH,30.1049
2026-09-30,15:29,KINGFA,8.5028
2026-09-30,15:29,KIRANVYPAR,-4.6661
2026-09-30,15:29,KIRIINDUS,32.3634
2026-09-30,15:29,KIRLFER,7.8353
2026-09-30,15:29,KIRLOSENG,8.3972
2026-09-30,15:29,KIRLOSIND,-4.8651
2026-09-30,15:29,KISSHT,22.1451
2026-09-30,15:29,KLBRENG-B,44.4383
2026-09-30,15:29,KMEW,12.3901
2026-09-30,15:29,KOPRAN,38.1172
2026-09-30,15:29,KOTAKBANK,7.5713
2026-09-30,15:29,KOTHARIPET,-4.1188
2026-09-30,15:29,KOTIC,5.2523
2026-09-30,15:29,KOVAI,-0.0998
2026-09-30,15:29,KPIGREEN,16.2027
2026-09-30,15:29,KPIL,-1.6316
2026-09-30,15:29,KPL,3.0799
2026-09-30,15:29,KPRMILL,-1.7979
2026-09-30,15:29,KRBL,-3.0488
2026-09-30,15:29,KRISHANA,-0.9524
2026-09-30,15:29,KRN,-5.6238
2026-09-30,15:29,KRONOX,42.6368
2026-09-30,15:29,KROSS,29.9012
2026-09-30,15:29,KRSNAA,3.6561
2026-09-30,15:29,KRYSTAL,1
2026-09-30,15:29,KSB,7.7533
2026-09-30,15:29,KSCL,-6.0951
2026-09-30,15:29,KSHINTL,0.1651
2026-09-30,15:29,KSL,17.5382
2026-09-30,15:29,KTKBANK,5.8729
2026-09-30,15:29,KUANTUM,-4.3113
2026-09-30,15:29,KUSUMGAR,1
2026-09-30,15:29,KWIL,2.9396
2026-09-30,15:29,LALPATHLAB,4.5019
2026-09-30,15:29,LAURUSLABS,9.151
2026-09-30,15:29,LAXMIDENTL,-3.5133
2026-09-30,15:29,LCL,-2.7661
2026-09-30,15:29,LEMONTREE,-4.3753
2026-09-30,15:29,LENSKART,9.015
2026-09-30,15:29,LGBBROSLTD,7.9222
2026-09-30,15:29,LGEINDIA,4.4925
2026-09-30,15:29,LGHL,10.6171
2026-09-30,15:29,LICHSGFIN,6.2951
2026-09-30,15:29,LICI,-3.6098
2026-09-30,15:29,LIKHITHA,12.3316
2026-09-30,15:29,LINCOLN,-5.403
2026-09-30,15:29,LINDEINDIA,-5.9847
2026-09-30,15:29,LLOYDSENGG,5.3171
2026-09-30,15:29,LLOYDSENT,0.2531
2026-09-30,15:29,LLOYDSME,-2.8165
2026-09-30,15:29,LOKESHMACH,10.427
2026-09-30,15:29,LOTUSDEV,32.2009
2026-09-30,15:29,LTFOODS,-6.0755
2026-09-30,15:29,LUMAXIND,-2.7506
2026-09-30,15:29,LUMAXTECH,3.0774
2026-09-30,15:29,LXCHEM,1.8199
2026-09-30,15:29,MACPOWER,5.6665
2026-09-30,15:29,MAFATIND,-4.0725
2026-09-30,15:29,MAGADSUGAR,-6.0566
2026-09-30,15:29,MAHABANK,-1.3915
2026-09-30,15:29,MAHASTEEL,5.8112
2026-09-30,15:29,MAHLOG,7.737
2026-09-30,15:29,MAHSCOOTER,-4.9146
2026-09-30,15:29,MAHSEAMLES,18.8033
2026-09-30,15:29,MALLCOM,-2.055
2026-09-30,15:29,MAMATA,-3.0038
2026-09-30,15:29,MANAKCOAT,1.2923
2026-09-30,15:29,MANAKSTEEL,27.9188
2026-09-30,15:29,MANALIPETC,13.96
2026-09-30,15:29,MANBA,5.1725
2026-09-30,15:29,MANGLMCEM,14.1544
2026-09-30,15:29,MANINDS,40.6417
2026-09-30,15:29,MANINFRA,19.6567
2026-09-30,15:29,MANIPALHOS,-2.2765
2026-09-30,15:29,MANKIND,5.2017
2026-09-30,15:29,MANORAMA,-2.5355
2026-09-30,15:29,MANYAVAR,-0.3353
2026-09-30,15:29,MARATHON,12.1955
2026-09-30,15:29,MARINE,13.9995
2026-09-30,15:29,MARKSANS,-1.2864
2026-09-30,15:29,MARSONS,12.8336
2026-09-30,15:29,MASTERTR,6.0966
2026-09-30,15:29,MATRIMONY,-2.7208
2026-09-30,15:29,MAWANASUG,15.3253
2026-09-30,15:29,MAXESTATES,22.8628
2026-09-30,15:29,MAXIND,6.4183
2026-09-30,15:29,MAYURUNIQ,1.1362
2026-09-30,15:29,MAZDA,28.2941
2026-09-30,15:29,MBAPL,5.0225
2026-09-30,15:29,MBECL,14357.3141
2026-09-30,15:29,MCCHRLS-B,4.5227
2026-09-30,15:29,MCX,8.5658
2026-09-30,15:29,MEDANTA,-5.3857
2026-09-30,15:29,MEDPLUS,-1.4966
2026-09-30,15:29,MEESHO,18.0358
2026-09-30,15:29,MEIL,-1.4328
2026-09-30,15:29,MENONBE,16.978
2026-09-30,15:29,MERCURYEV,8.6536
2026-09-30,15:29,METROPOLIS,-1.8571
2026-09-30,15:29,MGL,-4.8048
2026-09-30,15:29,MICEL,1.2686
2026-09-30,15:29,MIDHANI,0.0343
2026-09-30,15:29,MILKYMIST,74.3581
2026-09-30,15:29,MMP,25.9382
2026-09-30,15:29,MOBIKWIK,-1.3418
2026-09-30,15:29,MODISONLTD,23.8165
2026-09-30,15:29,MOLBIO,17.8234
2026-09-30,15:29,MOLDTECH,20.2099
2026-09-30,15:29,MOLDTKPAC,-2.6597
2026-09-30,15:29,MONTECARLO,-3.0512
2026-09-30,15:29,MOREPENLAB,42.4582
2026-09-30,15:29,MOSCHIP,-3.7081
2026-09-30,15:29,MOTHERSON,-4.1901
2026-09-30,15:29,MOTILALOFS,5.9701
2026-09-30,15:29,MPSLTD,-4.6391
2026-09-30,15:29,MRPL,-4.5931
2026-09-30,15:29,MSPL,-4.3755
2026-09-30,15:29,MSTCLTD,1.8815
2026-09-30,15:29,MTARTECH,9.3242
2026-09-30,15:29,MUFIN,-3.1733
2026-09-30,15:29,MUKANDLTD,32.7511
2026-09-30,15:29,MUKKA,-3.9201
2026-09-30,15:29,MUNJALAU,-4.671
2026-09-30,15:29,MUTHOOTFIN,-5.4248
2026-09-30,15:29,MVELECTRO,42.51
2026-09-30,15:29,MVGJL,37.6661
2026-09-30,15:29,NAHARINDUS,8.5683
2026-09-30,15:29,NAHARPOLY,-4.6678
2026-09-30,15:29,NAVA,0.0805
2026-09-30,15:29,NAVINFLUOR,-0.1211
2026-09-30,15:29,NAZARA,10.4908
2026-09-30,15:29,NBIFIN,-5.6158
2026-09-30,15:29,NCLIND,1.3971
2026-09-30,15:29,NELCAST,4.267
2026-09-30,15:29,NELCO,-3.6151
2026-09-30,15:29,NEOGEN,5.2867
2026-09-30,15:29,NEPHROPLUS,-5.6287
2026-09-30,15:29,NESCO,1.1791
2026-09-30,15:29,NGLFINE,-3.7705
2026-09-30,15:29,NH,-0.6434
2026-09-30,15:29,NHPC,-5.1088
2026-09-30,15:29,NILKAMAL,2.9783
2026-09-30,15:29,NINSYS,5.1235
2026-09-30,15:29,NIRLON,-2.7175
2026-09-30,15:29,NITCO,-4.0192
2026-09-30,15:29,NITINSPIN,-1.417
2026-09-30,15:29,NITTAGELA,4.9256
2026-09-30,15:29,NLCINDIA,-5.4039
2026-09-30,15:29,NOCIL,5.0206
2026-09-30,15:29,NORTHARC,-0.6397
2026-09-30,15:29,NOVARTIND,20.2004
2026-09-30,15:29,NPST,10.924
2026-09-30,15:29,NRAIL,32.8406
2026-09-30,15:29,NRBBEARING,9.9773
2026-09-30,15:29,NRL,38.9565
2026-09-30,15:29,NSIL,-4.2188
2026-09-30,15:29,NSLNISP,2.0499
2026-09-30,15:29,NTPC,-4.2569
2026-09-30,15:29,NTPCGREEN,1.3019
2026-09-30,15:29,NUVAMA,-5.3984
2026-09-30,15:29,NUVOCO,3.4768
2026-09-30,15:29,NYKAA,-0.1872
2026-09-30,15:29,OAL,55.9438
2026-09-30,15:29,OBEROIRLTY,-4.9677
2026-09-30,15:29,OCCLLTD,13.731
2026-09-30,15:29,OLAELEC,-4.3771
2026-09-30,15:29,OMAXE,7.6817
2026-09-30,15:29,OMNI,-3.0175
2026-09-30,15:29,ONEPOINT,30.4711
2026-09-30,15:29,ONESOURCE,-1.3422
2026-09-30,15:29,ONGC,-5.7202
2026-09-30,15:29,ONWARDTEC,1.657
2026-09-30,15:29,OPTIEMUS,39.2996
2026-09-30,15:29,ORBTEXP,9.7847
2026-09-30,15:29,ORCHPHARMA,2.8683
2026-09-30,15:29,ORIENTBELL,13.8877
2026-09-30,15:29,ORIENTCER,2.5114
2026-09-30,15:29,ORIENTHOT,17.4491
2026-09-30,15:29,ORKLAINDIA,-0.4674
2026-09-30,15:29,PAGEIND,-0.1098
2026-09-30,15:29,PAISALO,13.0827
2026-09-30,15:29,PANACHE,-4.0881
2026-09-30,15:29,PANAMAPET,-3.6606
2026-09-30,15:29,PARADEEP,4.3702
2026-09-30,15:29,PARAGMILK,28.7258
2026-09-30,15:29,PARKHOSPS,-0.6863
2026-09-30,15:29,PASUPTAC,18.1833
2026-09-30,15:29,PATANJALI,3.2276
2026-09-30,15:29,PATELENG,-4.9928
2026-09-30,15:29,PAYTM,8.5171
2026-09-30,15:29,PCBL,1.3934
2026-09-30,15:29,PDMJEPAPER,9.3096
2026-09-30,15:29,PDSL,-2.9477
2026-09-30,15:29,PENIND,20.6636
2026-09-30,15:29,PERSISTENT,-3.0041
2026-09-30,15:29,PETRONET,-0.6114
2026-09-30,15:29,PFOCUS,10.393
2026-09-30,15:29,PFS,3.1206
2026-09-30,15:29,PGHL,-4.7105
2026-09-30,15:29,PGIL,8.6157
2026-09-30,15:29,PHOENIXLTD,-0.2577
2026-09-30,15:29,PINELABS,7.1544
2026-09-30,15:29,PITTIENG,10.0116
2026-09-30,15:29,PLASTIBLEN,5.0233
2026-09-30,15:29,PLATIND,-1.3544
2026-09-30,15:29,PNB,-2.9528
2026-09-30,15:29,PNBHOUSING,-2.2517
2026-09-30,15:29,PNGJL,-2.9119
2026-09-30,15:29,POWERGRID,-2.7985
2026-09-30,15:29,POWERICA,7.1256
2026-09-30,15:29,POWERMECH,1.911
2026-09-30,15:29,PPLPHARMA,-1.9047
2026-09-30,15:29,PRABHA,15.5203
2026-09-30,15:29,PRAVEG,-4.408
2026-09-30,15:29,PRECWIRE,7.4749
2026-09-30,15:29,PREMEXPLN,2.3719
2026-09-30,15:29,PREMIERPOL,7.3984
2026-09-30,15:29,PRIMESECU,5.7583
2026-09-30,15:29,PRIMO,15.9269
2026-09-30,15:29,PRIVISCL,3.821
2026-09-30,15:29,PROSTARM,1.8454
2026-09-30,15:29,PROTEAN,19.4925
2026-09-30,15:29,PROZONER,33.5539
2026-09-30,15:29,PRSMJOHNSN,3.5718
2026-09-30,15:29,PTC,-2.0958
2026-09-30,15:29,PTCIL,12.1217
2026-09-30,15:29,PTL,-1.6619
2026-09-30,15:29,PVP,32.1393
2026-09-30,15:29,PVRINOX,3.7226
2026-09-30,15:29,PWL,1.1717
2026-09-30,15:29,PYRAMID,-4.6102
2026-09-30,15:29,QPOWER,19.5985
2026-09-30,15:29,QUADFUTURE,60.5425
2026-09-30,15:29,QUESS,-0.5788
2026-09-30,15:29,QUICKHEAL,0.417
2026-09-30,15:29,RACLGEAR,13.9876
2026-09-30,15:29,RADHIKAJWE,5.784
2026-09-30,15:29,RAILTEL,-4.1494
2026-09-30,15:29,RAIN,5.0064
2026-09-30,15:29,RAJOOENG,5.0324
2026-09-30,15:29,RAMBHAJO,59.5425
2026-09-30,15:29,RAMCOSYS,-1.7538
2026-09-30,15:29,RAMRAT,23.2201
2026-09-30,15:29,RANEHOLDIN,-2.43
2026-09-30,15:29,RATNAMANI,15.068
2026-09-30,15:29,RATNAVEER,31.1511
2026-09-30,15:29,RAYMOND,94.088
2026-09-30,15:29,RAYMONDREL,15.9083
2026-09-30,15:29,RBLBANK,5.3133
2026-09-30,15:29,RBZJEWEL,53.9828
2026-09-30,15:29,REDINGTON,24.7318
2026-09-30,15:29,REDTAPE,-5.7012
2026-09-30,15:29,RELIGARE,-1.1401
2026-09-30,15:29,RELTD,-5.779
2026-09-30,15:29,RENUKA,-6.0515
2026-09-30,15:29,REPCOHOME,-2.3993
2026-09-30,15:29,RESPONIND,4.6113
2026-09-30,15:29,RGL,32.1217
2026-09-30,15:29,RHIM,1.2763
2026-09-30,15:29,RICOAUTO,-4.8005
2026-09-30,15:29,RISHABH,5.5952
2026-09-30,15:29,RITES,-4.3206
2026-09-30,15:29,RMDRIP,36.132
2026-09-30,15:29,RML,22.8888
2026-09-30,15:29,ROHLTD,-1.5433
2026-09-30,15:29,ROLEXRINGS,7.3591
2026-09-30,15:29,ROSSTECH,36.2149
2026-09-30,15:29,ROTO,-2.653
2026-09-30,15:29,RPEL,20.9872
2026-09-30,15:29,RPGLIFE,12.3728
2026-09-30,15:29,RPSGVENT,-2.8278
2026-09-30,15:29,RPTECH,10.7305
2026-09-30,15:29,RSL,2.0673
2026-09-30,15:29,RSWM,4.1698
2026-09-30,15:29,RSYSTEMS,15.5179
2026-09-30,15:29,RUBYMILLS,24.4552
2026-09-30,15:29,RUSTOMJEE,-2.8771
2026-09-30,15:29,SAATVIKGL,3.0141
2026-09-30,15:29,SAFARI,-3.5878
2026-09-30,15:29,SAGILITY,0.9962
2026-09-30,15:29,SAIL,6.6334
2026-09-30,15:29,SAILIFE,5.8607
2026-09-30,15:29,SAIPARENT,-2.3522
2026-09-30,15:29,SAKAR,22.3061
2026-09-30,15:29,SALSTEEL,37.5451
2026-09-30,15:29,SALZERELEC,-5.58
2026-09-30,15:29,SAMBHV,32.6202
2026-09-30,15:29,SAMHI,-3.968
2026-09-30,15:29,SANATHAN,11.7796
2026-09-30,15:29,SANDESH,-5.7709
2026-09-30,15:29,SANGAMIND,6.4798
2026-09-30,15:29,SANOFI,-5.7093
2026-09-30,15:29,SANSERA,13.3468
2026-09-30,15:29,SANSTAR,-2.1903
2026-09-30,15:29,SARDAEN,-4.0239
2026-09-30,15:29,SAREGAMA,-1.4398
2026-09-30,15:29,SATIA,19.0232
2026-09-30,15:29,SATIN,1.4905
2026-09-30,15:29,SBC,50.776
2026-09-30,15:29,SBCL,4.3677
2026-09-30,15:29,SBICARD,-6.0081
2026-09-30,15:29,SBILIFE,-4.5894
2026-09-30,15:29,SCHAEFFLER,-4.3257
2026-09-30,15:29,SCHAND,8.0087
2026-09-30,15:29,SCHNEIDER,-5.5712
2026-09-30,15:29,SCODATUBES,-3.134
2026-09-30,15:29,SCPL,-5.0555
2026-09-30,15:29,SDBL,5.6351
2026-09-30,15:29,SEAMECLTD,4.2484
2026-09-30,15:29,SEDEMAC,7.6987
2026-09-30,15:29,SEJALLTD,-0.7729
2026-09-30,15:29,SENCO,-4.6919
2026-09-30,15:29,SESHAPAPER,5.0684
2026-09-30,15:29,SETL,36.8949
2026-09-30,15:29,SFL,-5.1884
2026-09-30,15:29,SGIL,20.8636
2026-09-30,15:29,SHADOWFAX,8.8857
2026-09-30,15:29,SHANTIGEAR,49.0937
2026-09-30,15:29,SHANTIGOLD,21.5679
2026-09-30,15:29,SHARDAMOTR,2.2164
2026-09-30,15:29,SHAREINDIA,15.1224
2026-09-30,15:29,SHILCTECH,3.5497
2026-09-30,15:29,SHILPAMED,29.3159
2026-09-30,15:29,SHINDL,0.245
2026-09-30,15:29,SHIVALIK,65.3755
2026-09-30,15:29,SHIVAUM,26.052
2026-09-30,15:29,SHOPERSTOP,-3.3873
2026-09-30,15:29,SHREEJISPG,23.0966
2026-09-30,15:29,SHREEPUSHK,30.7376
2026-09-30,15:29,SHREERAMA,-5.6323
2026-09-30,15:29,SHRINGARMS,-0.1467
2026-09-30,15:29,SHRIPISTON,3.2069
2026-09-30,15:29,SHYAMMETL,7.5106
2026-09-30,15:29,SIEMENS,-5.8479
2026-09-30,15:29,SIGACHI,-2.7356
2026-09-30,15:29,SIGMAADV,55.7749
2026-09-30,15:29,SIGNPOST,-4.1697
2026-09-30,15:29,SIKA,-1.529
2026-09-30,15:29,SIMPLEXINF,-5.4496
2026-09-30,15:29,SIS,1.3298
2026-09-30,15:29,SKFINDUS,3.7599
2026-09-30,15:29,SKIPPER,-1.4473
2026-09-30,15:29,SKYGOLD,1.9684
2026-09-30,15:29,SMARTWORKS,2.2321
2026-09-30,15:29,SMCGLOBAL,17.0901
2026-09-30,15:29,SMLMAH,23.8911
2026-09-30,15:29,SMSPHARMA,32.6284
2026-09-30,15:29,SOFTTECH,19.3759
2026-09-30,15:29,SOLARA,32.1191
2026-09-30,15:29,SOLARINDS,-2.86
2026-09-30,15:29,SOMANYCERA,20.5719
2026-09-30,15:29,SONACOMS,0.7282
2026-09-30,15:29,SOTL,0.0557
2026-09-30,15:29,SOUTHBANK,6.986
2026-09-30,15:29,SPAL,1.2757
2026-09-30,15:29,SPARC,2.2081
2026-09-30,15:29,SPECIALITY,9.3373
2026-09-30,15:29,SPECTRUM,72.3704
2026-09-30,15:29,SPIC,-4.181
2026-09-30,15:29,SPLPETRO,14.314
2026-09-30,15:29,SPORTKING,-1.7915
2026-09-30,15:29,SREEL,13.0331
2026-09-30,15:29,SRF,-5.9886
2026-09-30,15:29,SRHHYPOLTD,15.7549
2026-09-30,15:29,SSWL,29.4528
2026-09-30,15:29,STALLION,-1.4744
2026-09-30,15:29,STANLEY,0.9704
2026-09-30,15:29,STAR,18.0065
2026-09-30,15:29,STEELCAS,5.4368
2026-09-30,15:29,STEL,-2.7299
2026-09-30,15:29,STERTOOLS,0.3724
2026-09-30,15:29,STLNETWORK,90.6931
2026-09-30,15:29,STLTECH,40.8514
2026-09-30,15:29,STOVEKRAFT,2.6736
2026-09-30,15:29,STYL,-6.0921
2026-09-30,15:29,STYLEBAAZA,-4.4455
2026-09-30,15:29,SUDARCOLOR,-5.8331
2026-09-30,15:29,SUDARSCHEM,6.4833
2026-09-30,15:29,SUDEEPPHRM,9.2111
2026-09-30,15:29,SUNCLAY,-4.8913
2026-09-30,15:29,SUNDARMFIN,-5.7278
2026-09-30,15:29,SUNDROP,14.7256
2026-09-30,15:29,SUNFLAG,27.6021
2026-09-30,15:29,SUNPHARMA,-3.1198
2026-09-30,15:29,SUNTV,25.3107
2026-09-30,15:29,SUPREMEIND,-4.2453
2026-09-30,15:29,SUPRIYA,18.5368
2026-09-30,15:29,SURAJEST,-0.2402
2026-09-30,15:29,SURAKSHA,11.6557
2026-09-30,15:29,SURYAROSNI,-0.9264
2026-09-30,15:29,SURYODAY,-4.4497
2026-09-30,15:29,SUTLEJTEX,-1.4455
2026-09-30,15:29,SUVEN,-5.7958
2026-09-30,15:29,SVLL,4.5136
2026-09-30,15:29,SWANDEF,15.8625
2026-09-30,15:29,SWARAJ,3.3099
2026-09-30,15:29,SWARAJENG,-1.33
2026-09-30,15:29,SWELECTES,-4.1596
2026-09-30,15:29,SYMPHONY,-5.3927
2026-09-30,15:29,SYNCOMF,61.079
2026-09-30,15:29,SYRMA,18.8521
2026-09-30,15:29,SYSTMTXC,29.8795
2026-09-30,15:29,TALBROAUTO,0.6792
2026-09-30,15:29,TARC,4.2629
2026-09-30,15:29,TARSONS,-4.8567
2026-09-30,15:29,TATACOMM,-1.9884
2026-09-30,15:29,TATAINVEST,-4.195
2026-09-30,15:29,TATAPOWER,-5.7743
2026-09-30,15:29,TATASTEEL,-0.6469
2026-09-30,15:29,TATVA,6.8639
2026-09-30,15:29,TBOTEK,-1.3464
2026-09-30,15:29,TBZ,152.9576
2026-09-30,15:29,TCI,-4.1525
2026-09-30,15:29,TCIEXP,-6.0429
2026-09-30,15:29,TCPLPACK,-3.1217
2026-09-30,15:29,TDPOWERSYS,-0.9139
2026-09-30,15:29,TECHM,-4.2714
2026-09-30,15:29,TECHNOCRAF,56.3535
2026-09-30,15:29,TECHNOE,0.6285
2026-09-30,15:29,TEGA,21.5007
2026-09-30,15:29,TEXINFRA,11.546
2026-09-30,15:29,TEXRAIL,25.7926
2026-09-30,15:29,TFCILTD,14.7211
2026-09-30,15:29,THEJO,6.0447
2026-09-30,15:29,THELEELA,10.5268
2026-09-30,15:29,THEMISMED,9.0245
2026-09-30,15:29,THOMASCOOK,-0.0098
2026-09-30,15:29,TIL,11.3662
2026-09-30,15:29,TIMETECHNO,-1.7827
2026-09-30,15:29,TIMEX,31.0178
2026-09-30,15:29,TIMKEN,-4.9553
2026-09-30,15:29,TIPSMUSIC,0.3279
2026-09-30,15:29,TIRUMALCHM,0.033
2026-09-30,15:29,TIRUPATIFL,19.6785
2026-09-30,15:29,TITAGARH,-2.7633
2026-09-30,15:29,TMB,2.8568
2026-09-30,15:29,TNPETRO,10.3424
2026-09-30,15:29,TNPL,9.0823
2026-09-30,15:29,TORNTPHARM,-3.44
2026-09-30,15:29,TORNTPOWER,-1.4398
2026-09-30,15:29,TRANSPEK,18.3086
2026-09-30,15:29,TRANSRAILL,3.7908
2026-09-30,15:29,TREL,7.8387
2026-09-30,15:29,TRUALT,-1.2329
2026-09-30,15:29,TSFINV,0.2283
2026-09-30,15:29,TVSMOTOR,-5.7565
2026-09-30,15:29,TVSSCS,6.8757
2026-09-30,15:29,UDS,-1.0532
2026-09-30,15:29,UFLEX,7.264
2026-09-30,15:29,UGARSUGAR,12.7831
2026-09-30,15:29,ULTRACEMCO,-4.7221
2026-09-30,15:29,ULTRAMAR,2.0948
2026-09-30,15:29,UNICHEMLAB,3.0023
2026-09-30,15:29,UNIECOM,-4.5506
2026-09-30,15:29,UNIMECH,13.6154
2026-09-30,15:29,UNIPARTS,1.229
2026-09-30,15:29,UNITEDPOLY,37.4747
2026-09-30,15:29,UNIVPHOTO,9.3517
2026-09-30,15:29,UPL,-3.6247
2026-09-30,15:29,URBANCO,8.6294
2026-09-30,15:29,USHAMART,-0.0301
2026-09-30,15:29,UTIAMC,-1.3637
2026-09-30,15:29,UTTAMSUGAR,-0.6613
2026-09-30,15:29,V2RETAIL,-4.9367
2026-09-30,15:29,VADILALIND,-2.3757
2026-09-30,15:29,VALIANTLAB,38.9433
2026-09-30,15:29,VALIANTORG,47.0911
2026-09-30,15:29,VARROC,2.2574
2026-09-30,15:29,VASCONEQ,9.7815
2026-09-30,15:29,VBL,-1.6617
2026-09-30,15:29,VEDL,-1.8939
2026-09-30,15:29,VELJAN,23.2903
2026-09-30,15:29,VENKEYS,4.8389
2026-09-30,15:29,VENTIVE,-4.6611
2026-09-30,15:29,VENUSPIPES,36.5666
2026-09-30,15:29,VENUSREM,-1.2861
2026-09-30,15:29,VESUVIUS,-2.4603
2026-09-30,15:29,VHL,-1.1252
2026-09-30,15:29,VHLTD,-0.0617
2026-09-30,15:29,VIDHIING,9.7269
2026-09-30,15:29,VIDYAWIRES,7.1988
2026-09-30,15:29,VIJAYA,-3.9805
2026-09-30,15:29,VIKRAN,-2.259
2026-09-30,15:29,VIMTALABS,-3.3645
2026-09-30,15:29,VINCOFE,21.4633
2026-09-30,15:29,VINDHYATEL,7.1288
2026-09-30,15:29,VIPIND,-5.9631
2026-09-30,15:29,VISACHROME,-2.9559
2026-09-30,15:29,VISHNU,4.2353
2026-09-30,15:29,VIVIANA,0.6214
2026-09-30,15:29,VMM,-2.6131
2026-09-30,15:29,VOEPL,3.2018
2026-09-30,15:29,VOLTAMP,4.0273
2026-09-30,15:29,VRLLOG,-3.479
2026-09-30,15:29,VSSL,11.6509
2026-09-30,15:29,VSTIND,-5.4542
2026-09-30,15:29,VSTTILLERS,-1.8622
2026-09-30,15:29,WABAG,4.0796
2026-09-30,15:29,WAKEFIT,9.3522
2026-09-30,15:29,WCIL,7.9866
2026-09-30,15:29,WEALTH,5.2641
2026-09-30,15:29,WELCORP,41.7245
2026-09-30,15:29,WELENT,28.9746
2026-09-30,15:29,WELINV,34.6571
2026-09-30,15:29,WELSPLSOL,12.5521
2026-09-30,15:29,WELSPUNLIV,27.8643
2026-09-30,15:29,WENDT,3.6809
2026-09-30,15:29,WESTLIFE,0.3573
2026-09-30,15:29,WEWORK,-5.1146
2026-09-30,15:29,WHEELS,53.9581
2026-09-30,15:29,WHIRLPOOL,15.7672
2026-09-30,15:29,WINDLAS,18.8845
2026-09-30,15:29,WINDMACHIN,-5.8639
2026-09-30,15:29,WOCKPHARMA,13.7857
2026-09-30,15:29,WONDERLA,5.105
2026-09-30,15:29,WPIL,2.9319
2026-09-30,15:29,WSTCSTPAPR,18.9599
2026-09-30,15:29,XCHANGING,-1.6067
2026-09-30,15:29,XPROINDIA,6.7334
2026-09-30,15:29,XTRANET,68.6986
2026-09-30,15:29,YATHARTH,20.9016
2026-09-30,15:29,YUKEN,28.2499
2026-09-30,15:29,ZAGGLE,4.4008
2026-09-30,15:29,ZFSTEERING,5.1044
2026-09-30,15:29,ZIMLAB,20.4873
2026-09-30,15:29,ZOTA,19.2832
2026-09-30,15:29,ZUARI,-2.3793
2026-09-30,15:29,ZUARIIND,8.3509
2026-09-30,15:29,ZYDUSLIFE,4.1592
2026-09-30,15:29,ZYDUSWELL,3.2518
2026-10-01,15:29,20MICRONS,5.7233
2026-10-01,15:29,3BBLACKBIO,43.9762
2026-10-01,15:29,63MOONS,1.6987
2026-10-01,15:29,AADHARHFC,-5.4806
2026-10-01,15:29,AARTIDRUGS,3.0726
2026-10-01,15:29,AARTIPHARM,16.1062
2026-10-01,15:29,ABBOTINDIA,1.6474
2026-10-01,15:29,ABCAPITAL,-5.2904
2026-10-01,15:29,ABDL,13.6109
2026-10-01,15:29,ABSLAMC,-1.166
2026-10-01,15:29,ACCELYA,-3.5607
2026-10-01,15:29,ACE,2.6329
2026-10-01,15:29,ACI,-6.1166
2026-10-01,15:29,ACMESOLAR,13.7093
2026-10-01,15:29,ACSTECH,56.766
2026-10-01,15:29,ACUTAAS,-1.0034
2026-10-01,15:29,ADANIENT,-5.8021
2026-10-01,15:29,ADANIGREEN,-1.307
2026-10-01,15:29,ADANIPORTS,3.3236
2026-10-01,15:29,ADANIPOWER,-3.8281
2026-10-01,15:29,ADFFOODS,6.8743
2026-10-01,15:29,ADOR,-3.9276
2026-10-01,15:29,ADSL,-2.7516
2026-10-01,15:29,ADVANCE,0.1115
2026-10-01,15:29,AEGISLOG,2.7199
2026-10-01,15:29,AEGISVOPAK,7.6254
2026-10-01,15:29,AEQUS,4.8009
2026-10-01,15:29,AEROENTER,-6.3086
2026-10-01,15:29,AEROFLEX,9.9547
2026-10-01,15:29,AETHER,1.8231
2026-10-01,15:29,AFSL,-0.2135
2026-10-01,15:29,AGARWALEYE,-3.0686
2026-10-01,15:29,AGI,11.9796
2026-10-01,15:29,AHCL,126.1528
2026-10-01,15:29,AHLWEST,-0.1959
2026-10-01,15:29,AIIL,-2.0345
2026-10-01,15:29,AJANTPHARM,-3.1613
2026-10-01,15:29,AJAXENGG,3.4398
2026-10-01,15:29,AJMERA,2.7403
2026-10-01,15:29,AKCAPIT,-2.2859
2026-10-01,15:29,AKUMS,7.9384
2026-10-01,15:29,ALEMBICLTD,17.7315
2026-10-01,15:29,ALGOQUANT,2.755
2026-10-01,15:29,ALICON,15.8507
2026-10-01,15:29,ALIVUS,0.3798
2026-10-01,15:29,ALKEM,-3.019
2026-10-01,15:29,ALLDIGI,-6.905
2026-10-01,15:29,AMAGI,-0.279
2026-10-01,15:29,AMANTA,7.1891
2026-10-01,15:29,AMRUTANJAN,2.8869
2026-10-01,15:29,ANANDRATHI,-3.2752
2026-10-01,15:29,ANDHRAPAP,16.8495
2026-10-01,15:29,ANDREWYU,-3.9231
2026-10-01,15:29,ANGELONE,-4.3869
2026-10-01,15:29,ANTELOPUS,38.5984
2026-10-01,15:29,ANTHEM,-2.9652
2026-10-01,15:29,ANUHPHR,13.169
2026-10-01,15:29,ANURAS,-5.0351
2026-10-01,15:29,APARINDS,6.2173
2026-10-01,15:29,APCOTEXIND,-4.3531
2026-10-01,15:29,APLAPOLLO,-0.2875
2026-10-01,15:29,APLLTD,-0.2752
2026-10-01,15:29,APOLLO,1.8878
2026-10-01,15:29,APOLLOHOSP,-7.0457
2026-10-01,15:29,APOLLOTYRE,-5.2884
2026-10-01,15:29,APTECHT,-6.2682
2026-10-01,15:29,ARFIN,4.3411
2026-10-01,15:29,ARIES,8.896
2026-10-01,15:29,ARIHANTCAP,14.0448
2026-10-01,15:29,ARIS,1.9559
2026-10-01,15:29,ARKADE,-7.0192
2026-10-01,15:29,ARROWGREEN,21.151
2026-10-01,15:29,ARSSBL,4.7442
2026-10-01,15:29,ARTEMISMED,7.1508
2026-10-01,15:29,ARVIND,3.3979
2026-10-01,15:29,ASAHIINDIA,-1.3374
2026-10-01,15:29,ASHIANA,4.2634
2026-10-01,15:29,ASHOKA,-5.6362
2026-10-01,15:29,ASIANENE,-2.5065
2026-10-01,15:29,ASIANHOTNR,16.8905
2026-10-01,15:29,ASIANTILES,4.1486
2026-10-01,15:29,ASKAUTOLTD,-4.363
2026-10-01,15:29,ASTAR,10.5933
2026-10-01,15:29,ASTEC,17.3567
2026-10-01,15:29,ASTRAMICRO,-4.503
2026-10-01,15:29,ATHERENERG,-2.232
2026-10-01,15:29,ATL,0.4685
2026-10-01,15:29,ATLANTAELE,0
2026-10-01,15:29,AUROPHARMA,3.2195
2026-10-01,15:29,AURUM,-2.7511
2026-10-01,15:29,AUTOAXLES,-4.3587
2026-10-01,15:29,AVADHSUGAR,2.7826
2026-10-01,15:29,AVALON,1.5408
2026-10-01,15:29,AVL,-5.4831
2026-10-01,15:29,AVTNPL,1.4551
2026-10-01,15:29,AWHCL,-6.8658
2026-10-01,15:29,AWL,-7.0422
2026-10-01,15:29,AXISBANK,-1.4494
2026-10-01,15:29,AXISCADES,44.8581
2026-10-01,15:29,AYE,-4.1388
2026-10-01,15:29,AYMSYNTEX,5.5618
2026-10-01,15:29,AZAD,1.1491
2026-10-01,15:29,BAFNAPH,56.1534
2026-10-01,15:29,BAJAJCON,-0.729
2026-10-01,15:29,BAJAJHCARE,1.159
2026-10-01,15:29,BAJAJHFL,-2.4703
2026-10-01,15:29,BAJAJHLDNG,-6.2742
2026-10-01,15:29,BAJAJINDEF,-3.032
2026-10-01,15:29,BAJAJST,-5.689
2026-10-01,15:29,BALAJITELE,-1.5526
2026-10-01,15:29,BALAMINES,-1.9353
2026-10-01,15:29,BALRAMCHIN,-0.2689
2026-10-01,15:29,BANCOINDIA,-5.283
2026-10-01,15:29,BANDHANBNK,4.0189
2026-10-01,15:29,BANKBARODA,-5.7878
2026-10-01,15:29,BANSALWIRE,0.0619
2026-10-01,15:29,BBOX,3.66
2026-10-01,15:29,BEEKAY,1.8956
2026-10-01,15:29,BEL,-6.3783
2026-10-01,15:29,BELRISE,1.927
2026-10-01,15:29,BEML,-0.2339
2026-10-01,15:29,BENGALASM,-1.8302
2026-10-01,15:29,BEPL,3.9563
2026-10-01,15:29,BFINVEST,-4.1261
2026-10-01,15:29,BFUTILITIE,-4.8808
2026-10-01,15:29,BGRENERGY,-2.7743
2026-10-01,15:29,BHAGERIA,86.9129
2026-10-01,15:29,BHAGYANGR,5.2955
2026-10-01,15:29,BHARATCOAL,-3.6126
2026-10-01,15:29,BHEL,0.2859
2026-10-01,15:29,BIL,17.2027
2026-10-01,15:29,BIRLACABLE,34.4945
2026-10-01,15:29,BIRLACORPN,-6.3227
2026-10-01,15:29,BLACKBUCK,-1.6549
2026-10-01,15:29,BLACKROSE,-0.3878
2026-10-01,15:29,BLAL,-6.3045
2026-10-01,15:29,BLEL,-6.82
2026-10-01,15:29,BLISSGVS,19.1356
2026-10-01,15:29,BLKASHYAP,-3.4781
2026-10-01,15:29,BLSE,2.531
2026-10-01,15:29,BLUESTARCO,-2.2502
2026-10-01,15:29,BLUESTONE,-3.4612
2026-10-01,15:29,BLUSPRING,23.3272
2026-10-01,15:29,BNAGROCHEM,-1.6703
2026-10-01,15:29,BODALCHEM,164.4599
2026-10-01,15:29,BOROLTD,12.9338
2026-10-01,15:29,BOSCH-HCIL,11.6079
2026-10-01,15:29,BOSCHLTD,-6.1494
2026-10-01,15:29,BPCL,-2.0847
2026-10-01,15:29,BRIGADE,-3.0883
2026-10-01,15:29,BRIGHOTEL,-6.1171
2026-10-01,15:29,BSHSL,-5.3765
2026-10-01,15:29,BUILDPRO,-1.8696
2026-10-01,15:29,CANHLIFE,-5.1309
2026-10-01,15:29,CANTABIL,-3.2139
2026-10-01,15:29,CAPILLARY,8.7327
2026-10-01,15:29,CAPITALSFB,-3.5118
2026-10-01,15:29,CAPLIPOINT,2.3687
2026-10-01,15:29,CARBORUNIV,14.0269
2026-10-01,15:29,CARERATING,-6.0936
2026-10-01,15:29,CARTRADE,0.8299
2026-10-01,15:29,CASTROLIND,5.4517
2026-10-01,15:29,CCL,-6.0466
2026-10-01,15:29,CDSL,-6.5087
2026-10-01,15:29,CEATLTD,-7.0216
2026-10-01,15:29,CEIGALL,21.186
2026-10-01,15:29,CEMPRO,-6.8579
2026-10-01,15:29,CENTENKA,-5.6326
2026-10-01,15:29,CENTRALBK,-2.944
2026-10-01,15:29,CENTUM,39.5619
2026-10-01,15:29,CGCL,10.1666
2026-10-01,15:29,CGPOWER,1.8481
2026-10-01,15:29,CHALET,-2.0989
2026-10-01,15:29,CHEMCON,14.9787
2026-10-01,15:29,CHEMPLASTS,6.6118
2026-10-01,15:29,CHENNPETRO,-6.5195
2026-10-01,15:29,CHEVIOT,2.2697
2026-10-01,15:29,CIFL,1.7647
2026-10-01,15:29,CIPLA,-5.4852
2026-10-01,15:29,CLEAN,-1.9834
2026-10-01,15:29,CLEANMAX,4.5023
2026-10-01,15:29,CLSEL,0.985
2026-10-01,15:29,CMLL,1.6618
2026-10-01,15:29,CMRGREEN,4.8339
2026-10-01,15:29,COALINDIA,5.1
2026-10-01,15:29,COCKERILL,-0.2684
2026-10-01,15:29,COFFEEDAY,1.1584
2026-10-01,15:29,COFORGE,0.7115
2026-10-01,15:29,COHANCE,0.9959
2026-10-01,15:29,COMSYN,-6.4694
2026-10-01,15:29,CONFIPET,18.706
2026-10-01,15:29,CONSOFINVT,-1.009
2026-10-01,15:29,CONTROLPR,8.402
2026-10-01,15:29,CORDELIA,22.2707
2026-10-01,15:29,CORONA,-4.3368
2026-10-01,15:29,CPPLUS,15.0174
2026-10-01,15:29,CRAFTSMAN,-4.7593
2026-10-01,15:29,CREST,-0.4123
2026-10-01,15:29,CRISIL,-1.5735
2026-10-01,15:29,CRIZAC,-2.7561
2026-10-01,15:29,CSBBANK,-3.131
2026-10-01,15:29,CUB,4.0764
2026-10-01,15:29,CUMMINSIND,-6.8966
2026-10-01,15:29,CUPID,9.8187
2026-10-01,15:29,CYIENT,23.488
2026-10-01,15:29,CYIENTDLM,24.9162
2026-10-01,15:29,DABUR,-6.379
2026-10-01,15:29,DAMCAPITAL,1.1805
2026-10-01,15:29,DATAMATICS,-3.2799
2026-10-01,15:29,DBL,-4.1086
2026-10-01,15:29,DBOL,-6.4598
2026-10-01,15:29,DCBBANK,9.8454
2026-10-01,15:29,DCI,-6.5149
2026-10-01,15:29,DCMSIL,7.6026
2026-10-01,15:29,DCW,3.1438
2026-10-01,15:29,DECCANCE,-0.1728
2026-10-01,15:29,DEEDEV,2.8855
2026-10-01,15:29,DEEPINDS,12.235
2026-10-01,15:29,DELTACORP,23.1233
2026-10-01,15:29,DHAMPURSUG,-2.9061
2026-10-01,15:29,DHANUKA,-5.94
2026-10-01,15:29,DHARMAJ,-0.5758
2026-10-01,15:29,DHOOTTRANS,2.8026
2026-10-01,15:29,DHUNINV,1.2403
2026-10-01,15:29,DIACABS,-4.0067
2026-10-01,15:29,DICIND,6.3703
2026-10-01,15:29,DIFFNKG,14.3279
2026-10-01,15:29,DISAQ,-4.6937
2026-10-01,15:29,DIVISLAB,8.0491
2026-10-01,15:29,DLF,-1.7167
2026-10-01,15:29,DMART,-3.8335
2026-10-01,15:29,DMCC,6.046
2026-10-01,15:29,DOLLAR,1.5299
2026-10-01,15:29,DOLPHIN,1.4291
2026-10-01,15:29,DOMS,-4.3591
2026-10-01,15:29,DPABHUSHAN,27.6654
2026-10-01,15:29,DRAGARWQ,-3.1628
2026-10-01,15:29,DRREDDY,3.094
2026-10-01,15:29,DVL,5.6362
2026-10-01,15:29,DYCL,-4.0251
2026-10-01,15:29,DYNAMATECH,17.222
2026-10-01,15:29,E2E,2.6372
2026-10-01,15:29,EBGNG,19.7655
2026-10-01,15:29,ECLERX,-1.6368
2026-10-01,15:29,ECOSMOBLTY,-6.6163
2026-10-01,15:29,EDELWEISS,12.7832
2026-10-01,15:29,EIEL,-6.1799
2026-10-01,15:29,EIFFL,4.4674
2026-10-01,15:29,EIHAHOTELS,0.5774
2026-10-01,15:29,EIHOTEL,0.0672
2026-10-01,15:29,EIMCOELECO,4.5145
2026-10-01,15:29,EKC,-5.289
2026-10-01,15:29,ELANTAS,16.1502
2026-10-01,15:29,ELCIDIN,-5.8175
2026-10-01,15:29,ELDEHSG,-5.5767
2026-10-01,15:29,ELECON,2.6
2026-10-01,15:29,ELECTCAST,3.874
2026-10-01,15:29,ELPROINTL,-0.4512
2026-10-01,15:29,EMAMILTD,-6.977
2026-10-01,15:29,EMAMIPAP,2.7345
2026-10-01,15:29,EMCURE,2.8345
2026-10-01,15:29,EMIL,6.6984
2026-10-01,15:29,EMKAY,19.4055
2026-10-01,15:29,EMMVEE,-3.4864
2026-10-01,15:29,EMUDHRA,6.383
2026-10-01,15:29,ENGINERSIN,32.0177
2026-10-01,15:29,ENRIN,-4.2779
2026-10-01,15:29,ENTERO,21.1999
2026-10-01,15:29,EPACKPEB,8.5272
2026-10-01,15:29,ESAFSFB,3.5305
2026-10-01,15:29,ESTER,-0.5829
2026-10-01,15:29,ETERNAL,-1.9063
2026-10-01,15:29,EVERESTIND,11.1293
2026-10-01,15:29,EXCELSOFT,10.1843
2026-10-01,15:29,EXICOM,-2.9606
2026-10-01,15:29,EXPLEOSOL,-4.3177
2026-10-01,15:29,FABTECH,-2.3852
2026-10-01,15:29,FACT,-6.6315
2026-10-01,15:29,FAIRCHEMOR,0.1893
2026-10-01,15:29,FCL,23.8773
2026-10-01,15:29,FDC,-2.5529
2026-10-01,15:29,FEDDERSHOL,59.4737
2026-10-01,15:29,FEDFINA,-0.02
2026-10-01,15:29,FILATEX,27.6007
2026-10-01,15:29,FINCABLES,11.0451
2026-10-01,15:29,FINEORG,0.0175
2026-10-01,15:29,FINKURVE,-1.1631
2026-10-01,15:29,FINPIPE,-4.9096
2026-10-01,15:29,FIVESTAR,-2.8777
2026-10-01,15:29,FMGOETZE,-5.8094
2026-10-01,15:29,FORCEMOT,-5.8138
2026-10-01,15:29,FOSECOIND,16.7459
2026-10-01,15:29,FRONTSP,10.4729
2026-10-01,15:29,GAIL,-0.742
2026-10-01,15:29,GALAPREC,13.7775
2026-10-01,15:29,GALAXYSURF,0.6606
2026-10-01,15:29,GANDHAR,12.9722
2026-10-01,15:29,GANDHITUBE,10.0327
2026-10-01,15:29,GANESHBE,10.6368
2026-10-01,15:29,GARFIBRES,1.1252
2026-10-01,15:29,GARUDA,-4.7572
2026-10-01,15:29,GATEWAY,-4.6849
2026-10-01,15:29,GAUDIUMIVF,-5.6207
2026-10-01,15:29,GAYAPROJ,3.937
2026-10-01,15:29,GCSL,30.3239
2026-10-01,15:29,GEECEE,0.6606
2026-10-01,15:29,GENESYS,54.2066
2026-10-01,15:29,GEOJITFSL,-5.3868
2026-10-01,15:29,GESHIP,16.3512
2026-10-01,15:29,GFLLIMITED,-2.6956
2026-10-01,15:29,GHCLTEXTIL,2.231
2026-10-01,15:29,GICHSGFIN,-3.184
2026-10-01,15:29,GIPCL,1.669
2026-10-01,15:29,GKENERGY,-6.0345
2026-10-01,15:29,GKSL,23.5421
2026-10-01,15:29,GLAND,1.165
2026-10-01,15:29,GLENMARK,3.7614
2026-10-01,15:29,GLOBAL,26.8916
2026-10-01,15:29,GMBREW,8.9868
2026-10-01,15:29,GMMPFAUDLR,41.5306
2026-10-01,15:29,GMRP&UI,3.2431
2026-10-01,15:29,GNA,0.6151
2026-10-01,15:29,GNFC,-2.1833
2026-10-01,15:29,GODIGIT,1.6862
2026-10-01,15:29,GODREJAGRO,10.2119
2026-10-01,15:29,GOODLUCK,9.8849
2026-10-01,15:29,GPPL,0.4542
2026-10-01,15:29,GPTHEALTH,-1.6812
2026-10-01,15:29,GPTINFRA,4.981
2026-10-01,15:29,GRANULES,-2.3064
2026-10-01,15:29,GRAPHITE,9.5603
2026-10-01,15:29,GRAUWEIL,22.8413
2026-10-01,15:29,GREAVESCOT,15.8694
2026-10-01,15:29,GREENPANEL,-1.2884
2026-10-01,15:29,GREENPLY,6.9743
2026-10-01,15:29,GRINDWELL,-3.7369
2026-10-01,15:29,GRPLTD,-4.5532
2026-10-01,15:29,GRWRHITECH,-2.1891
2026-10-01,15:29,GTPL,2.9937
2026-10-01,15:29,GUFICBIO,-0.7943
2026-10-01,15:29,GUJTHEM,2.5517
2026-10-01,15:29,GULFOILLUB,-5.2613
2026-10-01,15:29,GVPIL,-0.8029
2026-10-01,15:29,GVT&D,3.7366
2026-10-01,15:29,GYFTR,3.2192
2026-10-01,15:29,HALDYNGL,12.6321
2026-10-01,15:29,HARIOMPIPE,-4.4971
2026-10-01,15:29,HARSHA,8.6932
2026-10-01,15:29,HATSUN,20.187
2026-10-01,15:29,HAWKINCOOK,-0.2857
2026-10-01,15:29,HBLENGINE,16.0006
2026-10-01,15:29,HCC,2.0171
2026-10-01,15:29,HCLTECH,-6.167
2026-10-01,15:29,HDFCBANK,0.1667
2026-10-01,15:29,HDFCLIFE,-0.3916
2026-10-01,15:29,HEG,10.6067
2026-10-01,15:29,HERANBA,5.6016
2026-10-01,15:29,HERITGFOOD,11.9167
2026-10-01,15:29,HEXAGON,-0.2465
2026-10-01,15:29,HEXATRADEX,-4.3102
2026-10-01,15:29,HFCL,5.2223
2026-10-01,15:29,HIKAL,1.8822
2026-10-01,15:29,HINDCOMPOS,-6.5063
2026-10-01,15:29,HINDOILEXP,8.8478
2026-10-01,15:29,HINDPETRO,-5.8535
2026-10-01,15:29,HINDZINC,-0.3501
2026-10-01,15:29,HITECHCORP,2.4849
2026-10-01,15:29,HITECHGEAR,13.3453
2026-10-01,15:29,HLEGLAS,39.9114
2026-10-01,15:29,HMAAGRO,6.9736
2026-10-01,15:29,HMT,-5.1002
2026-10-01,15:29,HOMEFIRST,-4.9561
2026-10-01,15:29,HUBTOWN,-1.499
2026-10-01,15:29,HYUNDAI,-6.9211
2026-10-01,15:29,IBULLSLTD,11.1825
2026-10-01,15:29,ICICIAMC,-5.4126
2026-10-01,15:29,ICICIBANK,-6.5193
2026-10-01,15:29,ICICIGI,-3.2617
2026-10-01,15:29,ICIL,-0.0338
2026-10-01,15:29,IDBI,7.2473
2026-10-01,15:29,IDFCFIRSTB,-5.9656
2026-10-01,15:29,IGL,-6.4531
2026-10-01,15:29,IGPL,19.5529
2026-10-01,15:29,IIFLCAPS,3.4576
2026-10-01,15:29,IKIO,-2.1571
2026-10-01,15:29,IKS,-1.9809
2026-10-01,15:29,IL&FSENGG,2.797
2026-10-01,15:29,IMAGICAA,4.493
2026-10-01,15:29,INA,-6.741
2026-10-01,15:29,INDGN,4.9328
2026-10-01,15:29,INDHOTEL,-0.7396
2026-10-01,15:29,INDIAGLYCO,35.0447
2026-10-01,15:29,INDIAMART,-6.5733
2026-10-01,15:29,INDIANHUME,-4.7082
2026-10-01,15:29,INDIASHLTR,-1.4727
2026-10-01,15:29,INDIGO,-5.0664
2026-10-01,15:29,INDIQUBE,2.7684
2026-10-01,15:29,INDNIPPON,10.2964
2026-10-01,15:29,INDOAMIN,9.3472
2026-10-01,15:29,INDOBORAX,8.2171
2026-10-01,15:29,INDOCO,15.9123
2026-10-01,15:29,INDOFARM,-3.9297
2026-10-01,15:29,INDOMIM,31.3911
2026-10-01,15:29,INDORAMA,70.2078
2026-10-01,15:29,INDPRUD,1.3036
2026-10-01,15:29,INDSWFTLAB,22.6945
2026-10-01,15:29,INDUSTOWER,1.0338
2026-10-01,15:29,INNOVACAP,12.3347
2026-10-01,15:29,INNOVANA,-6.4022
2026-10-01,15:29,INNOVISION,-5.0122
2026-10-01,15:29,INOXINDIA,12.3297
2026-10-01,15:29,INOXWIND,-6.767
2026-10-01,15:29,INTERARCH,-2.1428
2026-10-01,15:29,INTLCONV,5.8178
2026-10-01,15:29,INVPRECQ,21.1606
2026-10-01,15:29,IOC,-3.639
2026-10-01,15:29,IOLCP,33.4374
2026-10-01,15:29,IONEXCHANG,8.969
2026-10-01,15:29,IPCALAB,2.0749
2026-10-01,15:29,IPL,-4.8146
2026-10-01,15:29,IRCTC,-7.0134
2026-10-01,15:29,IREDA,-2.5632
2026-10-01,15:29,IRISDOREME,3.1389
2026-10-01,15:29,ISGEC,21.557
2026-10-01,15:29,ITC,-4.1752
2026-10-01,15:29,ITCHOTELS,-3.0461
2026-10-01,15:29,ITDC,-2.5476
2026-10-01,15:29,IXIGO,-4.082
2026-10-01,15:29,IZMO,-1.7899
2026-10-01,15:29,J&KBANK,-6.0222
2026-10-01,15:29,JAGRAN,0.0162
2026-10-01,15:29,JAGSNPHARM,0.6297
2026-10-01,15:29,JAIBALAJI,-7.0342
2026-10-01,15:29,JAINREC,-2.1984
2026-10-01,15:29,JAMNAAUTO,9.2614
2026-10-01,15:29,JASH,18.788
2026-10-01,15:29,JAYAGROGN,-4.1869
2026-10-01,15:29,JAYBARMARU,4.1401
2026-10-01,15:29,JAYKAY,36.4813
2026-10-01,15:29,JAYNECOIND,0.0658
2026-10-01,15:29,JGCHEM,-2.8107
2026-10-01,15:29,JINDALPHOT,-2.0412
2026-10-01,15:29,JINDALPOLY,2.4046
2026-10-01,15:29,JINDALSAW,0.5955
2026-10-01,15:29,JINDALSTEL,-1.3004
2026-10-01,15:29,JINDWORLD,28.7802
2026-10-01,15:29,JISLJALEQS,-2.6738
2026-10-01,15:29,JKCEMENT,-6.141
2026-10-01,15:29,JKPAPER,0.9499
2026-10-01,15:29,JMFINANCIL,-2.2961
2026-10-01,15:29,JNKINDIA,-4.6916
2026-10-01,15:29,JNPR,5.7309
2026-10-01,15:29,JSL,1.2017
2026-10-01,15:29,JSLL,-3.3762
2026-10-01,15:29,JSWDULUX,-2.3786
2026-10-01,15:29,JSWHL,-0.6267
2026-10-01,15:29,JSWINFRA,8.351
2026-10-01,15:29,JSWSTEEL,-4.1064
2026-10-01,15:29,JTLIND,19.4652
2026-10-01,15:29,JUBLPHARMA,15.1267
2026-10-01,15:29,JUNIPER,8.6961
2026-10-01,15:29,JUSTDIAL,-1.1053
2026-10-01,15:29,JYOTICNC,8.5678
2026-10-01,15:29,KABRAEXTRU,52.8155
2026-10-01,15:29,KAJARIACER,1.3401
2026-10-01,15:29,KALPATARU,-0.0366
2026-10-01,15:29,KAMATHOTEL,25.3564
2026-10-01,15:29,KAMDHENU,11.2789
2026-10-01,15:29,KANORICHEM,24.6834
2026-10-01,15:29,KANPRPLA,-4.3026
2026-10-01,15:29,KAPSTON,3.6205
2026-10-01,15:29,KARURVYSYA,-1.7369
2026-10-01,15:29,KCP,1.8363
2026-10-01,15:29,KDDL,-0.9848
2026-10-01,15:29,KENNAMET,18.2904
2026-10-01,15:29,KILITCH,38.21
2026-10-01,15:29,KIMS,-6.6443
2026-10-01,15:29,KINGFA,13.9533
2026-10-01,15:29,KIRIINDUS,26.2694
2026-10-01,15:29,KIRLFER,8.2994
2026-10-01,15:29,KIRLOSENG,7.8273
2026-10-01,15:29,KIRLOSIND,-6.9255
2026-10-01,15:29,KISSHT,23.6137
2026-10-01,15:29,KITEX,-6.1152
2026-10-01,15:29,KLBRENG-B,44.1403
2026-10-01,15:29,KMEW,7.3388
2026-10-01,15:29,KNAGRI,-6.6921
2026-10-01,15:29,KOKUYOCMLN,-6.8171
2026-10-01,15:29,KOPRAN,35.9539
2026-10-01,15:29,KOTAKBANK,7.2005
2026-10-01,15:29,KOTHARIPET,-5.1053
2026-10-01,15:29,KOTIC,1.5884
2026-10-01,15:29,KOVAI,-0.1
2026-10-01,15:29,KPIGREEN,12.0804
2026-10-01,15:29,KPIL,-1.4674
2026-10-01,15:29,KPL,3.2441
2026-10-01,15:29,KPRMILL,-4.9014
2026-10-01,15:29,KRBL,-5.9309
2026-10-01,15:29,KRISHANA,-4.9974
2026-10-01,15:29,KRN,-5.7621
2026-10-01,15:29,KRONOX,32.6179
2026-10-01,15:29,KROSS,30.3273
2026-10-01,15:29,KRSNAA,3.5168
2026-10-01,15:29,KRYSTAL,-3.0582
2026-10-01,15:29,KSB,-0.0805
2026-10-01,15:29,KSHINTL,2.2017
2026-10-01,15:29,KSL,4.2773
2026-10-01,15:29,KTKBANK,-0.7561
2026-10-01,15:29,KUANTUM,-2.5286
2026-10-01,15:29,KUSUMGAR,4.6261
2026-10-01,15:29,KWIL,1.7237
2026-10-01,15:29,LALPATHLAB,6.2474
2026-10-01,15:29,LAURUSLABS,10.1121
2026-10-01,15:29,LAXMIDENTL,-0.9705
2026-10-01,15:29,LCL,-1.3718
2026-10-01,15:29,LEMONTREE,-0.3794
2026-10-01,15:29,LENSKART,8.0597
2026-10-01,15:29,LGBBROSLTD,6.7436
2026-10-01,15:29,LGEINDIA,4.6623
2026-10-01,15:29,LGHL,26.3573
2026-10-01,15:29,LICHSGFIN,2.4145
2026-10-01,15:29,LICI,-5.144
2026-10-01,15:29,LIKHITHA,8.743
2026-10-01,15:29,LINCOLN,-4.5037
2026-10-01,15:29,LINDEINDIA,-6.7885
2026-10-01,15:29,LLOYDSENGG,5.8235
2026-10-01,15:29,LLOYDSENT,-0.7891
2026-10-01,15:29,LOKESHMACH,24.7044
2026-10-01,15:29,LOTUSDEV,40.2695
2026-10-01,15:29,LTFOODS,-7.0664
2026-10-01,15:29,LUMAXIND,-1.4034
2026-10-01,15:29,LUMAXTECH,-0.4127
2026-10-01,15:29,LXCHEM,4.0617
2026-10-01,15:29,MACPOWER,10.3746
2026-10-01,15:29,MAFATIND,-6.5523
2026-10-01,15:29,MAHABANK,0.8519
2026-10-01,15:29,MAHASTEEL,3.6644
2026-10-01,15:29,MAHLIFE,-6.0343
2026-10-01,15:29,MAHLOG,2.4985
2026-10-01,15:29,MAHSEAMLES,13.8215
2026-10-01,15:29,MAITHANALL,-6.2926
2026-10-01,15:29,MALLCOM,-3.0529
2026-10-01,15:29,MAMATA,-0.3861
2026-10-01,15:29,MANAKCOAT,1.4831
2026-10-01,15:29,MANAKSTEEL,27.2823
2026-10-01,15:29,MANALIPETC,7.3489
2026-10-01,15:29,MANBA,7.046
2026-10-01,15:29,MANGLMCEM,10.0414
2026-10-01,15:29,MANINDS,43.3092
2026-10-01,15:29,MANINFRA,13.0103
2026-10-01,15:29,MANIPALHOS,-6.5521
2026-10-01,15:29,MANKIND,5.8897
2026-10-01,15:29,MANORAMA,-2.8269
2026-10-01,15:29,MANYAVAR,-4.3126
2026-10-01,15:29,MARATHON,8.0156
2026-10-01,15:29,MARINE,17.5259
2026-10-01,15:29,MARKSANS,-0.4281
2026-10-01,15:29,MARSONS,5.4351
2026-10-01,15:29,MASTERTR,3.4719
2026-10-01,15:29,MAWANASUG,7.862
2026-10-01,15:29,MAXESTATES,15.5259
2026-10-01,15:29,MAXHEALTH,-5.6219
2026-10-01,15:29,MAXIND,9.6457
2026-10-01,15:29,MAYURUNIQ,-6.1465
2026-10-01,15:29,MAZDA,21.3416
2026-10-01,15:29,MBAPL,1.3445
2026-10-01,15:29,MBECL,14095.4022
2026-10-01,15:29,MCCHRLS-B,1.5378
2026-10-01,15:29,MCX,7.7699
2026-10-01,15:29,MEDANTA,-4.2266
2026-10-01,15:29,MEDPLUS,0.7701
2026-10-01,15:29,MEESHO,11.0778
2026-10-01,15:29,MEIL,-1.6141
2026-10-01,15:29,MENONBE,8.4741
2026-10-01,15:29,MERCURYEV,-1.5147
2026-10-01,15:29,METROPOLIS,-3.0811
2026-10-01,15:29,MICEL,0.2227
2026-10-01,15:29,MIDHANI,1.2729
2026-10-01,15:29,MILKYMIST,54.4954
2026-10-01,15:29,MMP,14.8404
2026-10-01,15:29,MOBIKWIK,0.317
2026-10-01,15:29,MODISONLTD,23.8817
2026-10-01,15:29,MOLBIO,45.9605
2026-10-01,15:29,MOLDTECH,13.7224
2026-10-01,15:29,MOLDTKPAC,-1.6422
2026-10-01,15:29,MONTECARLO,-4.1434
2026-10-01,15:29,MOREPENLAB,51.2328
2026-10-01,15:29,MOSCHIP,-3.9808
2026-10-01,15:29,MOTILALOFS,5.0738
2026-10-01,15:29,MRPL,-6.6568
2026-10-01,15:29,MSPL,-5.8755
2026-10-01,15:29,MSTCLTD,0.2913
2026-10-01,15:29,MTARTECH,12.6978
2026-10-01,15:29,MUFIN,-3.3454
2026-10-01,15:29,MUKANDLTD,28.305
2026-10-01,15:29,MUKKA,-2.5777
2026-10-01,15:29,MUTHOOTFIN,-5.6628
2026-10-01,15:29,MVELECTRO,46.7818
2026-10-01,15:29,MVGJL,39.4575
2026-10-01,15:29,NAHARINDUS,8.604
2026-10-01,15:29,NAHARPOLY,-5.0337
2026-10-01,15:29,NAVA,0.6009
2026-10-01,15:29,NAVINFLUOR,-1.7034
2026-10-01,15:29,NAZARA,7.6536
2026-10-01,15:29,NCC,-6.8138
2026-10-01,15:29,NCLIND,-1.8246
2026-10-01,15:29,NELCAST,3.1535
2026-10-01,15:29,NELCO,-2.2964
2026-10-01,15:29,NEOGEN,3.3622
2026-10-01,15:29,NEPHROPLUS,-6.0854
2026-10-01,15:29,NESCO,-0.4647
2026-10-01,15:29,NGLFINE,-3.8284
2026-10-01,15:29,NH,-2.4808
2026-10-01,15:29,NHPC,-5.8028
2026-10-01,15:29,NINSYS,11.6949
2026-10-01,15:29,NIRLON,-2.381
2026-10-01,15:29,NITCO,-6.6223
2026-10-01,15:29,NITINSPIN,1.8936
2026-10-01,15:29,NITTAGELA,6.7201
2026-10-01,15:29,NLCINDIA,-5.54
2026-10-01,15:29,NOCIL,4.5058
2026-10-01,15:29,NORTHARC,1.5298
2026-10-01,15:29,NOVARTIND,28.2888
2026-10-01,15:29,NPST,10.8079
2026-10-01,15:29,NRAIL,32.1246
2026-10-01,15:29,NRBBEARING,12.3047
2026-10-01,15:29,NRL,38.4704
2026-10-01,15:29,NSIL,-6.4329
2026-10-01,15:29,NSLNISP,1.9925
2026-10-01,15:29,NTPC,-6.3735
2026-10-01,15:29,NTPCGREEN,-0.6652
2026-10-01,15:29,NUVAMA,-1.8461
2026-10-01,15:29,NUVOCO,1.1303
2026-10-01,15:29,NYKAA,-0.7332
2026-10-01,15:29,OAL,55.6596
2026-10-01,15:29,OBEROIRLTY,-6.1561
2026-10-01,15:29,OCCLLTD,17.1673
2026-10-01,15:29,OIL,-6.4968
2026-10-01,15:29,OLAELEC,-0.5365
2026-10-01,15:29,OMAXE,9.4256
2026-10-01,15:29,OMNI,3.7501
2026-10-01,15:29,OMPOWER,-4.562
2026-10-01,15:29,ONEPOINT,32.0725
2026-10-01,15:29,ONESOURCE,-0.8221
2026-10-01,15:29,ONGC,-6.5672
2026-10-01,15:29,ONWARDTEC,3.1516
2026-10-01,15:29,OPTIEMUS,47.0093
2026-10-01,15:29,ORBTEXP,5.8795
2026-10-01,15:29,ORCHPHARMA,1.072
2026-10-01,15:29,ORIENTBELL,16.0769
2026-10-01,15:29,ORIENTCER,2.3191
2026-10-01,15:29,ORIENTHOT,0.3584
2026-10-01,15:29,ORIENTTECH,-4.7372
2026-10-01,15:29,ORKLAINDIA,-2.5045
2026-10-01,15:29,PACEDIGITK,-4.812
2026-10-01,15:29,PAGEIND,4.0295
2026-10-01,15:29,PAISALO,15.1795
2026-10-01,15:29,PANACHE,-4.611
2026-10-01,15:29,PANAMAPET,-0.5208
2026-10-01,15:29,PARADEEP,0.2187
2026-10-01,15:29,PARAGMILK,26.346
2026-10-01,15:29,PARKHOSPS,0.0554
2026-10-01,15:29,PASUPTAC,13.1254
2026-10-01,15:29,PATANJALI,1.1967
2026-10-01,15:29,PATELENG,-6.7626
2026-10-01,15:29,PAYTM,4.5785
2026-10-01,15:29,PCBL,-1.5917
2026-10-01,15:29,PDMJEPAPER,9.1865
2026-10-01,15:29,PDSL,-3.9652
2026-10-01,15:29,PENIND,9.7263
2026-10-01,15:29,PERSISTENT,-2.5953
2026-10-01,15:29,PETRONET,-0.9197
2026-10-01,15:29,PFOCUS,8.005
2026-10-01,15:29,PFS,3.1877
2026-10-01,15:29,PGIL,4.6526
2026-10-01,15:29,PHOENIXLTD,0.5732
2026-10-01,15:29,PINELABS,6.3253
2026-10-01,15:29,PITTIENG,5.0919
2026-10-01,15:29,PIXTRANS,-0.325
2026-10-01,15:29,PLASTIBLEN,3.4682
2026-10-01,15:29,PLATIND,-2.1223
2026-10-01,15:29,PNB,-6.7331
2026-10-01,15:29,PNBHOUSING,-6.9847
2026-10-01,15:29,PNGJL,-3.5628
2026-10-01,15:29,POWERGRID,-3.3966
2026-10-01,15:29,POWERICA,10.5658
2026-10-01,15:29,POWERMECH,1.9978
2026-10-01,15:29,PPLPHARMA,-5.5667
2026-10-01,15:29,PRABHA,9.2697
2026-10-01,15:29,PRECWIRE,16.6861
2026-10-01,15:29,PREMEXPLN,2.8578
2026-10-01,15:29,PREMIERPOL,-1.0588
2026-10-01,15:29,PRESTIGE,-6.0501
2026-10-01,15:29,PRIMESECU,8.3169
2026-10-01,15:29,PRIMO,14.6661
2026-10-01,15:29,PRIVISCL,3.0336
2026-10-01,15:29,PROSTARM,0.3334
2026-10-01,15:29,PROTEAN,17.2347
2026-10-01,15:29,PROZONER,26.5173
2026-10-01,15:29,PRSMJOHNSN,-6.0397
2026-10-01,15:29,PTC,-0.4566
2026-10-01,15:29,PTCIL,13.0937
2026-10-01,15:29,PTL,-1.8912
2026-10-01,15:29,PURVA,-6.446
2026-10-01,15:29,PVP,28.9803
2026-10-01,15:29,PVRINOX,1.1991
2026-10-01,15:29,PWL,-1.4354
2026-10-01,15:29,PYRAMID,-4.4334
2026-10-01,15:29,QPOWER,20.7905
2026-10-01,15:29,QUADFUTURE,56.4091
2026-10-01,15:29,QUESS,-0.104
2026-10-01,15:29,QUICKHEAL,-1.5395
2026-10-01,15:29,RACLGEAR,6.916
2026-10-01,15:29,RADHIKAJWE,6.2866
2026-10-01,15:29,RAIN,1.4498
2026-10-01,15:29,RAJOOENG,4.3743
2026-10-01,15:29,RALLIS,-5.682
2026-10-01,15:29,RAMBHAJO,62.7769
2026-10-01,15:29,RAMCOSYS,-1.1133
2026-10-01,15:29,RAMRAT,27.2155
2026-10-01,15:29,RANEHOLDIN,-3.0514
2026-10-01,15:29,RATNAMANI,13.5266
2026-10-01,15:29,RATNAVEER,37.9593
2026-10-01,15:29,RAYMOND,89.881
2026-10-01,15:29,RAYMONDREL,13.2466
2026-10-01,15:29,RBLBANK,7.8375
2026-10-01,15:29,RBZJEWEL,43.3032
2026-10-01,15:29,REDINGTON,18.7733
2026-10-01,15:29,RELIGARE,-2.6485
2026-10-01,15:29,REPCOHOME,-6.4016
2026-10-01,15:29,RESPONIND,3.8648
2026-10-01,15:29,RGL,24.8751
2026-10-01,15:29,RHIM,2.654
2026-10-01,15:29,RICOAUTO,-5.8081
2026-10-01,15:29,RISHABH,0.5468
2026-10-01,15:29,RITES,-3.4387
2026-10-01,15:29,RMDRIP,32.9372
2026-10-01,15:29,RML,24.3358
2026-10-01,15:29,ROHLTD,-0.9453
2026-10-01,15:29,ROLEXRINGS,12.3984
2026-10-01,15:29,ROSSTECH,40.9929
2026-10-01,15:29,ROTO,-5.0606
2026-10-01,15:29,RPEL,11.0846
2026-10-01,15:29,RPGLIFE,9.8587
2026-10-01,15:29,RPSGVENT,-3.9637
2026-10-01,15:29,RPTECH,13.7071
2026-10-01,15:29,RSL,5.4786
2026-10-01,15:29,RSWM,1.2417
2026-10-01,15:29,RSYSTEMS,10.3391
2026-10-01,15:29,RUBYMILLS,21.7916
2026-10-01,15:29,RUSTOMJEE,-2.3253
2026-10-01,15:29,SAATVIKGL,1.5271
2026-10-01,15:29,SAFARI,-7.0263
2026-10-01,15:29,SAGILITY,1.7201
2026-10-01,15:29,SAIL,1.013
2026-10-01,15:29,SAILIFE,8.3673
2026-10-01,15:29,SAIPARENT,-3.0996
2026-10-01,15:29,SAKAR,23.4214
2026-10-01,15:29,SALSTEEL,24.8675
2026-10-01,15:29,SAMBHV,31.3563
2026-10-01,15:29,SAMHI,-3.2042
2026-10-01,15:29,SANATHAN,12.6284
2026-10-01,15:29,SANDESH,-5.844
2026-10-01,15:29,SANGAMIND,10.0217
2026-10-01,15:29,SANSERA,9.8169
2026-10-01,15:29,SANSTAR,-3.0041
2026-10-01,15:29,SARDAEN,-3.3786
2026-10-01,15:29,SAREGAMA,-2.704
2026-10-01,15:29,SATIA,18.3581
2026-10-01,15:29,SATIN,1.0574
2026-10-01,15:29,SAYAJIHOTL,-6.4615
2026-10-01,15:29,SBC,50.5658
2026-10-01,15:29,SBCL,3.9832
2026-10-01,15:29,SBILIFE,-3.3026
2026-10-01,15:29,SCHAEFFLER,-5.3424
2026-10-01,15:29,SCHAND,4.6886
2026-10-01,15:29,SCHNEIDER,1.7228
2026-10-01,15:29,SCODATUBES,-2.4352
2026-10-01,15:29,SDBL,2.5031
2026-10-01,15:29,SEAMECLTD,-2.5066
2026-10-01,15:29,SEDEMAC,6.5194
2026-10-01,15:29,SEJALLTD,-4.0625
2026-10-01,15:29,SENCO,-4.2823
2026-10-01,15:29,SESHAPAPER,4.2337
2026-10-01,15:29,SETL,34.6738
2026-10-01,15:29,SGIL,10.5538
2026-10-01,15:29,SHADOWFAX,3.1377
2026-10-01,15:29,SHALPAINTS,-5.0884
2026-10-01,15:29,SHANTIGEAR,48.3642
2026-10-01,15:29,SHANTIGOLD,25.5636
2026-10-01,15:29,SHARDAMOTR,-1.5058
2026-10-01,15:29,SHARDUL,9.2519
2026-10-01,15:29,SHAREINDIA,17.0204
2026-10-01,15:29,SHILCTECH,3.0588
2026-10-01,15:29,SHILPAMED,31.7363
2026-10-01,15:29,SHINDL,-3.7852
2026-10-01,15:29,SHIVALIK,53.8597
2026-10-01,15:29,SHIVAUM,24.03
2026-10-01,15:29,SHOPERSTOP,-2.9845
2026-10-01,15:29,SHREDIGCEM,-5.216
2026-10-01,15:29,SHREEJISPG,19.3856
2026-10-01,15:29,SHREEPUSHK,27.3976
2026-10-01,15:29,SHREERAMA,-2.7271
2026-10-01,15:29,SHRINGARMS,-1.4122
2026-10-01,15:29,SHRIPISTON,0.8195
2026-10-01,15:29,SHYAMMETL,5.8491
2026-10-01,15:29,SIEMENS,-2.434
2026-10-01,15:29,SIGACHI,-1.8698
2026-10-01,15:29,SIGMAADV,55.7677
2026-10-01,15:29,SIGNATURE,-6.0454
2026-10-01,15:29,SIGNPOST,-2.5362
2026-10-01,15:29,SIKA,-1.6327
2026-10-01,15:29,SIMPLEXINF,-6.3596
2026-10-01,15:29,SIS,-0.3981
2026-10-01,15:29,SKFINDUS,-2.3639
2026-10-01,15:29,SKIPPER,-1.7518
2026-10-01,15:29,SKYGOLD,4.2302
2026-10-01,15:29,SMARTWORKS,1.6522
2026-10-01,15:29,SMCGLOBAL,21.8001
2026-10-01,15:29,SMLMAH,19.5563
2026-10-01,15:29,SMSPHARMA,32.3691
2026-10-01,15:29,SOBHA,-4.7877
2026-10-01,15:29,SOFTTECH,12.54
2026-10-01,15:29,SOLARA,29.9609
2026-10-01,15:29,SOLARINDS,-1.6277
2026-10-01,15:29,SOMANYCERA,20.6087
2026-10-01,15:29,SONACOMS,-2.2465
2026-10-01,15:29,SOTL,4.3037
2026-10-01,15:29,SOUTHBANK,5.4222
2026-10-01,15:29,SPAL,1.5963
2026-10-01,15:29,SPARC,0.5282
2026-10-01,15:29,SPECIALITY,8.5803
2026-10-01,15:29,SPECTRUM,68.6537
2026-10-01,15:29,SPLPETRO,11.0803
2026-10-01,15:29,SPORTKING,-0.5152
2026-10-01,15:29,SREEL,17.8556
2026-10-01,15:29,SRF,-3.5833
2026-10-01,15:29,SRHHYPOLTD,13.4391
2026-10-01,15:29,SSWL,23.7296
2026-10-01,15:29,STALLION,2.958
2026-10-01,15:29,STANLEY,0.0955
2026-10-01,15:29,STAR,13.295
2026-10-01,15:29,STEELCAS,-0.2519
2026-10-01,15:29,STEL,-1.179
2026-10-01,15:29,STERTOOLS,0.349
2026-10-01,15:29,STLNETWORK,88.9467
2026-10-01,15:29,STLTECH,53.791
2026-10-01,15:29,STOVEKRAFT,6.9526
2026-10-01,15:29,STYL,-3.5573
2026-10-01,15:29,STYRENIX,-3.3669
2026-10-01,15:29,SUDARSCHEM,9.3929
2026-10-01,15:29,SUDEEPPHRM,3.753
2026-10-01,15:29,SUNDARMFIN,-1.9888
2026-10-01,15:29,SUNDROP,15.8781
2026-10-01,15:29,SUNFLAG,22.6135
2026-10-01,15:29,SUNPHARMA,-5.2105
2026-10-01,15:29,SUNTECK,-5.655
2026-10-01,15:29,SUNTV,24.7453
2026-10-01,15:29,SUPREMEIND,-6.3712
2026-10-01,15:29,SUPRIYA,18.1772
2026-10-01,15:29,SURAJEST,-2.7785
2026-10-01,15:29,SURAKSHA,13.5008
2026-10-01,15:29,SURYAROSNI,0.8962
2026-10-01,15:29,SURYODAY,-5.3912
2026-10-01,15:29,SUTLEJTEX,-4.8569
2026-10-01,15:29,SVLL,2.1753
2026-10-01,15:29,SWANDEF,15.7568
2026-10-01,15:29,SWARAJ,2.8606
2026-10-01,15:29,SWARAJENG,-1.2846
2026-10-01,15:29,SWELECTES,-2.2504
2026-10-01,15:29,SYMPHONY,-5.0411
2026-10-01,15:29,SYNCOMF,56.2948
2026-10-01,15:29,SYRMA,14.9251
2026-10-01,15:29,SYSTMTXC,27.4513
2026-10-01,15:29,TALBROAUTO,-0.7919
2026-10-01,15:29,TARC,4.7897
2026-10-01,15:29,TARIL,-3.588
2026-10-01,15:29,TARSONS,-3.993
2026-10-01,15:29,TATACHEM,-4.479
2026-10-01,15:29,TATACOMM,1.3855
2026-10-01,15:29,TATAINVEST,-5.7972
2026-10-01,15:29,TATASTEEL,-3.2609
2026-10-01,15:29,TATVA,5.7895
2026-10-01,15:29,TBOTEK,0.6079
2026-10-01,15:29,TBZ,151.3405
2026-10-01,15:29,TCI,-3.3818
2026-10-01,15:29,TCPLPACK,-4.0814
2026-10-01,15:29,TDPOWERSYS,2.5039
2026-10-01,15:29,TEAMLEASE,-4.5175
2026-10-01,15:29,TECHM,-3.5728
2026-10-01,15:29,TECHNOCRAF,51.8742
2026-10-01,15:29,TECHNOE,0.1655
2026-10-01,15:29,TEGA,21.2441
2026-10-01,15:29,TEXINFRA,11.1018
2026-10-01,15:29,TEXRAIL,23.585
2026-10-01,15:29,TFCILTD,5.616
2026-10-01,15:29,THEJO,-2.504
2026-10-01,15:29,THELEELA,6.7849
2026-10-01,15:29,THEMISMED,8.6172
2026-10-01,15:29,THOMASCOOK,0.1492
2026-10-01,15:29,TI,-5.4544
2026-10-01,15:29,TIL,10.1542
2026-10-01,15:29,TIMETECHNO,-5.8725
2026-10-01,15:29,TIMEX,29.5737
2026-10-01,15:29,TIMKEN,-4.1154
2026-10-01,15:29,TIPSMUSIC,-1.1508
2026-10-01,15:29,TIRUMALCHM,1.3723
2026-10-01,15:29,TIRUPATIFL,15.8446
2026-10-01,15:29,TITAGARH,-3.2041
2026-10-01,15:29,TMB,3.9578
2026-10-01,15:29,TNPETRO,8.5573
2026-10-01,15:29,TNPL,6.446
2026-10-01,15:29,TORNTPHARM,-4.9013
2026-10-01,15:29,TORNTPOWER,-0.0643
2026-10-01,15:29,TRANSPEK,13.4185
2026-10-01,15:29,TRANSRAILL,3.7806
2026-10-01,15:29,TREL,1.6009
2026-10-01,15:29,TRITURBINE,-6.9604
2026-10-01,15:29,TRUALT,-5.8686
2026-10-01,15:29,TSFINV,-1.3383
2026-10-01,15:29,TVSSCS,6.2728
2026-10-01,15:29,UDS,-3.7299
2026-10-01,15:29,UFLEX,4.6542
2026-10-01,15:29,UGARSUGAR,11.1684
2026-10-01,15:29,UGROCAP,-6.6115
2026-10-01,15:29,ULTRACEMCO,-6.4629
2026-10-01,15:29,ULTRAMAR,1.7792
2026-10-01,15:29,UNICHEMLAB,4.3186
2026-10-01,15:29,UNIECOM,-4.8946
2026-10-01,15:29,UNIMECH,18.3262
2026-10-01,15:29,UNIPARTS,-0.0854
2026-10-01,15:29,UNITEDPOLY,33.551
2026-10-01,15:29,UNIVPHOTO,7.409
2026-10-01,15:29,URBANCO,5.7566
2026-10-01,15:29,USHAMART,-1.9639
2026-10-01,15:29,UTIAMC,-0.9804
2026-10-01,15:29,VADILALIND,-2.8981
2026-10-01,15:29,VALIANTLAB,36.0157
2026-10-01,15:29,VALIANTORG,50.7345
2026-10-01,15:29,VARROC,-0.0361
2026-10-01,15:29,VASCONEQ,5.3346
2026-10-01,15:29,VBL,-1.5167
2026-10-01,15:29,VEDL,-4.0175
2026-10-01,15:29,VELJAN,27.5186
2026-10-01,15:29,VENKEYS,7.3759
2026-10-01,15:29,VENTIVE,-5.8884
2026-10-01,15:29,VENUSPIPES,42.3067
2026-10-01,15:29,VENUSREM,1.5199
2026-10-01,15:29,VESUVIUS,-6.8142
2026-10-01,15:29,VHL,0.6711
2026-10-01,15:29,VHLTD,-4.0643
2026-10-01,15:29,VIDHIING,10.9439
2026-10-01,15:29,VIDYAWIRES,3.0822
2026-10-01,15:29,VIJAYA,-4.1611
2026-10-01,15:29,VIKRAN,-4.1296
2026-10-01,15:29,VIMTALABS,-6.0002
2026-10-01,15:29,VINCOFE,17.0296
2026-10-01,15:29,VINDHYATEL,7.3069
2026-10-01,15:29,VISACHROME,-4.9497
2026-10-01,15:29,VISHNU,5.811
2026-10-01,15:29,VIVIANA,12.2057
2026-10-01,15:29,VMM,-3.7718
2026-10-01,15:29,VOEPL,-0.2731
2026-10-01,15:29,VOLTAMP,4.26
2026-10-01,15:29,VRLLOG,-3.4056
2026-10-01,15:29,VSSL,6.873
2026-10-01,15:29,VSTIND,-4.8218
2026-10-01,15:29,VSTTILLERS,-2.3052
2026-10-01,15:29,WABAG,1.3958
2026-10-01,15:29,WAKEFIT,5.0623
2026-10-01,15:29,WCIL,8.0381
2026-10-01,15:29,WEALTH,4.5831
2026-10-01,15:29,WELCORP,32.0128
2026-10-01,15:29,WELENT,24.9483
2026-10-01,15:29,WELINV,30.0787
2026-10-01,15:29,WELSPLSOL,8.9064
2026-10-01,15:29,WELSPUNLIV,31.9631
2026-10-01,15:29,WENDT,1.8638
2026-10-01,15:29,WESTLIFE,2.3675
2026-10-01,15:29,WEWORK,-4.6339
2026-10-01,15:29,WHEELS,52.875
2026-10-01,15:29,WHIRLPOOL,14.3606
2026-10-01,15:29,WINDLAS,12.1716
2026-10-01,15:29,WINDMACHIN,-6.7292
2026-10-01,15:29,WOCKPHARMA,14.1238
2026-10-01,15:29,WONDERLA,2.9421
2026-10-01,15:29,WPIL,-4.7235
2026-10-01,15:29,WSTCSTPAPR,18.3075
2026-10-01,15:29,XCHANGING,-2.386
2026-10-01,15:29,XPROINDIA,2.6563
2026-10-01,15:29,XTRANET,61.0786
2026-10-01,15:29,YATHARTH,21.2765
2026-10-01,15:29,YUKEN,21.6974
2026-10-01,15:29,ZFSTEERING,5.1429
2026-10-01,15:29,ZIMLAB,16.0793
2026-10-01,15:29,ZOTA,13.7142
2026-10-01,15:29,ZUARI,-5.5965
2026-10-01,15:29,ZUARIIND,7.5353
2026-10-01,15:29,ZYDUSLIFE,3.7302
2026-10-01,15:29,ZYDUSWELL,0.1116
2026-10-06,15:29,20MICRONS,1.8022
2026-10-06,15:29,3BBLACKBIO,30.9854
2026-10-06,15:29,63MOONS,-0.3206
2026-10-06,15:29,AADHARHFC,-1.8917
2026-10-06,15:29,AARTIDRUGS,2.7312
2026-10-06,15:29,AARTIPHARM,19.3683
2026-10-06,15:29,ABB,-4.0612
2026-10-06,15:29,ABBOTINDIA,-0.4384
2026-10-06,15:29,ABDL,20.1092
2026-10-06,15:29,ABSLAMC,0.124
2026-10-06,15:29,ACCELYA,-3.6097
2026-10-06,15:29,ACE,5.9212
2026-10-06,15:29,ACI,-4.6902
2026-10-06,15:29,ACMESOLAR,11.6036
2026-10-06,15:29,ACSTECH,47.2627
2026-10-06,15:29,ACUTAAS,-0.3881
2026-10-06,15:29,ADANIENT,-4.9082
2026-10-06,15:29,ADANIGREEN,-0.5303
2026-10-06,15:29,ADANIPORTS,4.9059
2026-10-06,15:29,ADANIPOWER,-1.5085
2026-10-06,15:29,ADFFOODS,9.5291
2026-10-06,15:29,ADOR,-5.1063
2026-10-06,15:29,ADSL,-4.3045
2026-10-06,15:29,ADVANCE,-1.208
2026-10-06,15:29,AEGISLOG,-1.5516
2026-10-06,15:29,AEGISVOPAK,6.1708
2026-10-06,15:29,AEQUS,10.3696
2026-10-06,15:29,AEROENTER,-5.3616
2026-10-06,15:29,AEROFLEX,11.4811
2026-10-06,15:29,AETHER,10.648
2026-10-06,15:29,AFSL,-0.1689
2026-10-06,15:29,AGARWALEYE,-2.6689
2026-10-06,15:29,AGI,4.3524
2026-10-06,15:29,AHCL,107.7031
2026-10-06,15:29,AHLWEST,-2.6699
2026-10-06,15:29,AIIL,-0.3803
2026-10-06,15:29,AJANTPHARM,-1.8243
2026-10-06,15:29,AJAXENGG,3.5711
2026-10-06,15:29,AJMERA,-1.4581
2026-10-06,15:29,AKCAPIT,-2.3371
2026-10-06,15:29,AKUMS,8.62
2026-10-06,15:29,ALEMBICLTD,13.2212
2026-10-06,15:29,ALGOQUANT,8.5538
2026-10-06,15:29,ALICON,16.9748
2026-10-06,15:29,ALIVUS,2.4502
2026-10-06,15:29,ALKEM,-2
2026-10-06,15:29,ALKYLAMINE,-4.4088
2026-10-06,15:29,ALLDIGI,-5.7315
2026-10-06,15:29,AMAGI,-5.9515
2026-10-06,15:29,AMANTA,0.9653
2026-10-06,15:29,AMNPLST,-2.1515
2026-10-06,15:29,AMRUTANJAN,-2.3585
2026-10-06,15:29,ANANDRATHI,-2.1024
2026-10-06,15:29,ANANTRAJ,-2.576
2026-10-06,15:29,ANDHRAPAP,17.545
2026-10-06,15:29,ANDHRSUGAR,-4.4719
2026-10-06,15:29,ANDREWYU,-4.3328
2026-10-06,15:29,ANGELONE,2.5017
2026-10-06,15:29,ANTELOPUS,37.5578
2026-10-06,15:29,ANTHEM,2.1688
2026-10-06,15:29,ANUHPHR,15.1782
2026-10-06,15:29,ANURAS,-5.9098
2026-10-06,15:29,APARINDS,6.8818
2026-10-06,15:29,APCOTEXIND,-2.2958
2026-10-06,15:29,APLAPOLLO,0.6078
2026-10-06,15:29,APLLTD,1.5151
2026-10-06,15:29,APOLLO,6.111
2026-10-06,15:29,APTECHT,-4.6698
2026-10-06,15:29,ARFIN,12.5438
2026-10-06,15:29,ARIES,10.2275
2026-10-06,15:29,ARIHANTCAP,23.9368
2026-10-06,15:29,ARIS,0.1743
2026-10-06,15:29,ARROWGREEN,25.0438
2026-10-06,15:29,ARSSBL,7.7878
2026-10-06,15:29,ARTEMISMED,-2.3766
2026-10-06,15:29,ARVIND,-0.4283
2026-10-06,15:29,ASAHIINDIA,-0.9112
2026-10-06,15:29,ASHIANA,5.8458
2026-10-06,15:29,ASIANENE,-1.3927
2026-10-06,15:29,ASIANHOTNR,10.2113
2026-10-06,15:29,ASIANTILES,1.4554
2026-10-06,15:29,ASKAUTOLTD,-1.8353
2026-10-06,15:29,ASTAR,8.3305
2026-10-06,15:29,ASTEC,17.089
2026-10-06,15:29,ASTRAMICRO,2.6291
2026-10-06,15:29,ATHERENERG,-1.0944
2026-10-06,15:29,ATL,-0.6034
2026-10-06,15:29,ATLANTAELE,1.2128
2026-10-06,15:29,AUROPHARMA,4.41
2026-10-06,15:29,AURUM,1.4573
2026-10-06,15:29,AUTOAXLES,-6.1153
2026-10-06,15:29,AVADHSUGAR,4.6119
2026-10-06,15:29,AVALON,9.9185
2026-10-06,15:29,AVANTEL,-5.7047
2026-10-06,15:29,AVL,-1.0393
2026-10-06,15:29,AVTNPL,3.0275
2026-10-06,15:29,AWL,-1.1642
2026-10-06,15:29,AXISBANK,0.1766
2026-10-06,15:29,AXISCADES,43.2551
2026-10-06,15:29,AYE,-2.6232
2026-10-06,15:29,AYMSYNTEX,12.0256
2026-10-06,15:29,AZAD,7.9216
2026-10-06,15:29,BAFNAPH,62.5077
2026-10-06,15:29,BAJAJCON,3.1671
2026-10-06,15:29,BAJAJHCARE,0.3416
2026-10-06,15:29,BAJAJHFL,-2.9346
2026-10-06,15:29,BAJAJHLDNG,-6.3604
2026-10-06,15:29,BAJAJINDEF,-4.0028
2026-10-06,15:29,BALAMINES,10.0808
2026-10-06,15:29,BALRAMCHIN,-5.217
2026-10-06,15:29,BALUFORGE,-5.1224
2026-10-06,15:29,BANCOINDIA,-3.375
2026-10-06,15:29,BANDHANBNK,-6.2536
2026-10-06,15:29,BANKBARODA,-5.7773
2026-10-06,15:29,BANSALWIRE,1.0549
2026-10-06,15:29,BBOX,8.2898
2026-10-06,15:29,BEEKAY,-0.2757
2026-10-06,15:29,BELRISE,2.1746
2026-10-06,15:29,BEML,5.5182
2026-10-06,15:29,BENGALASM,-2.3258
2026-10-06,15:29,BEPL,2.2334
2026-10-06,15:29,BFINVEST,-2.2589
2026-10-06,15:29,BFUTILITIE,-4.7628
2026-10-06,15:29,BGRENERGY,2.1381
2026-10-06,15:29,BHAGERIA,85.0259
2026-10-06,15:29,BHAGYANGR,9.7465
2026-10-06,15:29,BHEL,9.4431
2026-10-06,15:29,BIL,31.4944
2026-10-06,15:29,BIRLACABLE,42.9475
2026-10-06,15:29,BLACKBUCK,-6.0382
2026-10-06,15:29,BLACKROSE,-0.7743
2026-10-06,15:29,BLEL,3.0508
2026-10-06,15:29,BLISSGVS,16.8106
2026-10-06,15:29,BLKASHYAP,4.3222
2026-10-06,15:29,BLUESTARCO,3.9421
2026-10-06,15:29,BLUESTONE,-3.8457
2026-10-06,15:29,BLUSPRING,12.0561
2026-10-06,15:29,BNAGROCHEM,-4.5989
2026-10-06,15:29,BODALCHEM,136.2543
2026-10-06,15:29,BOROLTD,12.8531
2026-10-06,15:29,BOSCH-HCIL,14.583
2026-10-06,15:29,BPCL,-3.3762
2026-10-06,15:29,BRIGHOTEL,-3.7206
2026-10-06,15:29,BSE,1.9747
2026-10-06,15:29,BUILDPRO,3.5896
2026-10-06,15:29,CANTABIL,-6.1149
2026-10-06,15:29,CAPILLARY,16.8906
2026-10-06,15:29,CAPLIPOINT,4.6431
2026-10-06,15:29,CARBORUNIV,8.5314
2026-10-06,15:29,CARERATING,-5.1481
2026-10-06,15:29,CARTRADE,-5.2459
2026-10-06,15:29,CASTROLIND,6.6198
2026-10-06,15:29,CCL,-2.5316
2026-10-06,15:29,CEIGALL,19.6755
2026-10-06,15:29,CEINSYS,-5.2989
2026-10-06,15:29,CELLO,2.1303
2026-10-06,15:29,CENTENKA,-0.448
2026-10-06,15:29,CENTRALBK,-3.5155
2026-10-06,15:29,CENTUM,29.4272
2026-10-06,15:29,CEWATER,0.25
2026-10-06,15:29,CGCL,10.1995
2026-10-06,15:29,CGPOWER,5.1903
2026-10-06,15:29,CHALET,-5.0757
2026-10-06,15:29,CHAMBLFERT,-6.1116
2026-10-06,15:29,CHEMCON,17.2094
2026-10-06,15:29,CHEMPLASTS,18.8535
2026-10-06,15:29,CHENNPETRO,0.8755
2026-10-06,15:29,CHEVIOT,-1.1404
2026-10-06,15:29,CIEINDIA,-5.4981
2026-10-06,15:29,CIFL,1.7717
2026-10-06,15:29,CLEAN,-0.2847
2026-10-06,15:29,CLEANMAX,9.914
2026-10-06,15:29,CLSEL,1.2485
2026-10-06,15:29,CMLL,-2.3506
2026-10-06,15:29,CMRGREEN,6.464
2026-10-06,15:29,COALINDIA,1.5918
2026-10-06,15:29,COCKERILL,-2.8611
2026-10-06,15:29,COFFEEDAY,3.2669
2026-10-06,15:29,COFORGE,-2.2202
2026-10-06,15:29,COHANCE,-1.2959
2026-10-06,15:29,COLPAL,-4.2139
2026-10-06,15:29,CONFIPET,15.869
2026-10-06,15:29,CONSOFINVT,3.9266
2026-10-06,15:29,CONTROLPR,8.5134
2026-10-06,15:29,CORDELIA,6.6231
2026-10-06,15:29,CORONA,-4.8679
2026-10-06,15:29,CPPLUS,14.4008
2026-10-06,15:29,CRAFTSMAN,-2.7855
2026-10-06,15:29,CREST,-0.5252
2026-10-06,15:29,CRISIL,0.1949
2026-10-06,15:29,CRIZAC,-2.3085
2026-10-06,15:29,CSBBANK,-5.2803
2026-10-06,15:29,CUB,2.9682
2026-10-06,15:29,CUMMINSIND,-3.6907
2026-10-06,15:29,CUPID,13.9223
2026-10-06,15:29,CYIENT,25.4019
2026-10-06,15:29,CYIENTDLM,30.2087
2026-10-06,15:29,DABUR,-2.8964
2026-10-06,15:29,DAMCAPITAL,5.5652
2026-10-06,15:29,DATAMATICS,-5.8651
2026-10-06,15:29,DBL,-3.3285
2026-10-06,15:29,DBOL,5.1468
2026-10-06,15:29,DCBBANK,-1.3802
2026-10-06,15:29,DCMSIL,1.3884
2026-10-06,15:29,DCW,3.6664
2026-10-06,15:29,DECCANCE,0.4872
2026-10-06,15:29,DEEDEV,0.8667
2026-10-06,15:29,DEEPAKFERT,-4.3886
2026-10-06,15:29,DEEPINDS,8.8511
2026-10-06,15:29,DELTACORP,43.8758
2026-10-06,15:29,DHAMPURSUG,1.9327
2026-10-06,15:29,DHARMAJ,-1.2778
2026-10-06,15:29,DHOOTTRANS,-0.3279
2026-10-06,15:29,DHUNINV,-0.8968
2026-10-06,15:29,DIACABS,3.426
2026-10-06,15:29,DICIND,4.26
2026-10-06,15:29,DIFFNKG,13.115
2026-10-06,15:29,DISAQ,-2.5008
2026-10-06,15:29,DIVISLAB,11.0853
2026-10-06,15:29,DLF,-1.7697
2026-10-06,15:29,DLINKINDIA,-3.6259
2026-10-06,15:29,DMCC,25.1495
2026-10-06,15:29,DOLLAR,1.9583
2026-10-06,15:29,DOLPHIN,-0.2713
2026-10-06,15:29,DOMS,-6.0327
2026-10-06,15:29,DPABHUSHAN,46.6541
2026-10-06,15:29,DRAGARWQ,-3.7071
2026-10-06,15:29,DRREDDY,2.8348
2026-10-06,15:29,DVL,3.3805
2026-10-06,15:29,DYCL,-2.779
2026-10-06,15:29,DYNAMATECH,23.2223
2026-10-06,15:29,E2E,10.8269
2026-10-06,15:29,EBGNG,13.0238
2026-10-06,15:29,ECLERX,5.5901
2026-10-06,15:29,ECOSMOBLTY,0.5463
2026-10-06,15:29,EDELWEISS,5.3233
2026-10-06,15:29,EIEL,-4.7194
2026-10-06,15:29,EIFFL,0.348
2026-10-06,15:29,EIHAHOTELS,1.0519
2026-10-06,15:29,EIHOTEL,-0.6771
2026-10-06,15:29,EIMCOELECO,8.6536
2026-10-06,15:29,EKC,-4.3455
2026-10-06,15:29,ELANTAS,20.6667
2026-10-06,15:29,ELCIDIN,-5.5319
2026-10-06,15:29,ELDEHSG,-6.0091
2026-10-06,15:29,ELECON,-1.1627
2026-10-06,15:29,ELECTCAST,6.904
2026-10-06,15:29,ELGIEQUIP,-5.5332
2026-10-06,15:29,ELPROINTL,-0.6155
2026-10-06,15:29,EMAMILTD,-4.62
2026-10-06,15:29,EMAMIPAP,-0.5267
2026-10-06,15:29,EMCURE,3.1884
2026-10-06,15:29,EMIL,7.8785
2026-10-06,15:29,EMKAY,19.0744
2026-10-06,15:29,EMUDHRA,12.3972
2026-10-06,15:29,ENGINERSIN,27.9245
2026-10-06,15:29,ENRIN,-3.7286
2026-10-06,15:29,ENTERO,20.9328
2026-10-06,15:29,EPACKPEB,5.7478
2026-10-06,15:29,ESAFSFB,-4.0737
2026-10-06,15:29,ESTER,-1.3349
2026-10-06,15:29,ETERNAL,0.3049
2026-10-06,15:29,EVERESTIND,18.7457
2026-10-06,15:29,EXCELSOFT,15.7969
2026-10-06,15:29,EXICOM,-2.3144
2026-10-06,15:29,EXPLEOSOL,-2.2142
2026-10-06,15:29,FABTECH,-3.9368
2026-10-06,15:29,FACT,-3.1023
2026-10-06,15:29,FAIRCHEMOR,2.932
2026-10-06,15:29,FCL,24.8155
2026-10-06,15:29,FDC,-4.2886
2026-10-06,15:29,FEDDERSHOL,59.5877
2026-10-06,15:29,FEDFINA,-3.9021
2026-10-06,15:29,FILATEX,34.0718
2026-10-06,15:29,FINCABLES,16.9377
2026-10-06,15:29,FINEORG,7.3083
2026-10-06,15:29,FINPIPE,-3.5652
2026-10-06,15:29,FIVESTAR,-1.2669
2026-10-06,15:29,FLUOROCHEM,-0.9671
2026-10-06,15:29,FMGOETZE,-4.9989
2026-10-06,15:29,FORCEMOT,-3.7141
2026-10-06,15:29,FOSECOIND,20.4639
2026-10-06,15:29,FRONTSP,8.9252
2026-10-06,15:29,FSL,-5.7236
2026-10-06,15:29,GABRIEL,-4.7656
2026-10-06,15:29,GAIL,0.0465
2026-10-06,15:29,GALAPREC,6.5822
2026-10-06,15:29,GALAXYSURF,4.6892
2026-10-06,15:29,GANDHAR,12.806
2026-10-06,15:29,GANDHITUBE,9.9905
2026-10-06,15:29,GARFIBRES,-4.0556
2026-10-06,15:29,GARUDA,-5.757
2026-10-06,15:29,GATEWAY,-5.0187
2026-10-06,15:29,GAUDIUMIVF,-1.9119
2026-10-06,15:29,GAYAPROJ,-1.3787
2026-10-06,15:29,GCSL,41.757
2026-10-06,15:29,GEECEE,0.8046
2026-10-06,15:29,GENESYS,67.8561
2026-10-06,15:29,GEOJITFSL,-2.5273
2026-10-06,15:29,GESHIP,16.8764
2026-10-06,15:29,GFLLIMITED,0.9214
2026-10-06,15:29,GHCLTEXTIL,7.421
2026-10-06,15:29,GICHSGFIN,-2.3242
2026-10-06,15:29,GILLETTE,-5.8878
2026-10-06,15:29,GIPCL,0.8225
2026-10-06,15:29,GKSL,26.5738
2026-10-06,15:29,GLAND,6.6258
2026-10-06,15:29,GLAXO,-5.072
2026-10-06,15:29,GLENMARK,-0.2977
2026-10-06,15:29,GLOBAL,33.3146
2026-10-06,15:29,GMBREW,10.6058
2026-10-06,15:29,GMMPFAUDLR,39.4532
2026-10-06,15:29,GMRP&UI,5.8501
2026-10-06,15:29,GNA,9.4075
2026-10-06,15:29,GNFC,8.013
2026-10-06,15:29,GNRL,-3.052
2026-10-06,15:29,GODAVARIB,-6.4196
2026-10-06,15:29,GODIGIT,-1.6356
2026-10-06,15:29,GODREJAGRO,12.8013
2026-10-06,15:29,GOODLUCK,0.0815
2026-10-06,15:29,GPPL,2.8556
2026-10-06,15:29,GPTHEALTH,-1.7459
2026-10-06,15:29,GPTINFRA,8.1932
2026-10-06,15:29,GRANDOAK,-4.7406
2026-10-06,15:29,GRANULES,-2.5345
2026-10-06,15:29,GRAPHITE,19.7608
2026-10-06,15:29,GRAUWEIL,17.4825
2026-10-06,15:29,GREAVESCOT,15.7419
2026-10-06,15:29,GREENPANEL,-0.6523
2026-10-06,15:29,GREENPLY,7.4276
2026-10-06,15:29,GRINDWELL,-1.2962
2026-10-06,15:29,GRINFRA,-6.3595
2026-10-06,15:29,GROWW,-1.939
2026-10-06,15:29,GRWRHITECH,-0.2948
2026-10-06,15:29,GSFC,-3.0083
2026-10-06,15:29,GTPL,0.7926
2026-10-06,15:29,GUFICBIO,-0.8575
2026-10-06,15:29,GUJTHEM,2.3085
2026-10-06,15:29,GULFOILLUB,-4.5618
2026-10-06,15:29,GVPIL,10.1146
2026-10-06,15:29,GVT&D,2.8567
2026-10-06,15:29,GYFTR,6.2641
2026-10-06,15:29,HAL,-3.68
2026-10-06,15:29,HALDYNGL,6.394
2026-10-06,15:29,HARIOMPIPE,-3.4433
2026-10-06,15:29,HARSHA,6.1814
2026-10-06,15:29,HATSUN,16.7868
2026-10-06,15:29,HAWKINCOOK,-0.2491
2026-10-06,15:29,HBLENGINE,8.7894
2026-10-06,15:29,HCC,-3.6614
2026-10-06,15:29,HCG,-6.2539
2026-10-06,15:29,HDFCBANK,-2.1322
2026-10-06,15:29,HDFCLIFE,-1.9557
2026-10-06,15:29,HEALTHX,-5.285
2026-10-06,15:29,HEG,11.5579
2026-10-06,15:29,HERANBA,2.4988
2026-10-06,15:29,HERITGFOOD,6.6299
2026-10-06,15:29,HEXAGON,1.3104
2026-10-06,15:29,HEXATRADEX,-1.3795
2026-10-06,15:29,HFCL,15.2493
2026-10-06,15:29,HIKAL,5.0183
2026-10-06,15:29,HINDCOMPOS,-2.4423
2026-10-06,15:29,HINDOILEXP,6.4981
2026-10-06,15:29,HINDPETRO,-3.3723
2026-10-06,15:29,HINDUNILVR,-5.9454
2026-10-06,15:29,HINDZINC,-6.2616
2026-10-06,15:29,HITECHCORP,3.2881
2026-10-06,15:29,HITECHGEAR,4.1369
2026-10-06,15:29,HLEGLAS,40.1567
2026-10-06,15:29,HMAAGRO,11.7888
2026-10-06,15:29,HMT,-3.7177
2026-10-06,15:29,HONASA,-0.747
2026-10-06,15:29,HSCL,2.1623
2026-10-06,15:29,IBULLSLTD,20.993
2026-10-06,15:29,ICICIAMC,-6.0617
2026-10-06,15:29,ICICIBANK,-5.4366
2026-10-06,15:29,ICICIGI,-1.1565
2026-10-06,15:29,ICIL,6.6734
2026-10-06,15:29,IDBI,5.8001
2026-10-06,15:29,IDFCFIRSTB,-5.9827
2026-10-06,15:29,IGIL,-6.1656
2026-10-06,15:29,IGL,-4.389
2026-10-06,15:29,IGPL,24.053
2026-10-06,15:29,IIFLCAPS,2.8303
2026-10-06,15:29,IKIO,2.1966
2026-10-06,15:29,IKS,-1.4108
2026-10-06,15:29,IL&FSENGG,8.6562
2026-10-06,15:29,IMAGICAA,2.1486
2026-10-06,15:29,IMPAL,-5.1172
2026-10-06,15:29,INDGN,5.0194
2026-10-06,15:29,INDHOTEL,0.8219
2026-10-06,15:29,INDIAGLYCO,39.0973
2026-10-06,15:29,INDIASHLTR,-5.7608
2026-10-06,15:29,INDIGO,-1.1644
2026-10-06,15:29,INDIQUBE,4.3469
2026-10-06,15:29,INDNIPPON,12.2999
2026-10-06,15:29,INDOAMIN,31.7205
2026-10-06,15:29,INDOBORAX,-3.9269
2026-10-06,15:29,INDOCO,9.2183
2026-10-06,15:29,INDOFARM,-5.2483
2026-10-06,15:29,INDOMIM,53.0665
2026-10-06,15:29,INDORAMA,51.6988
2026-10-06,15:29,INDPRUD,0.159
2026-10-06,15:29,INDSWFTLAB,21.4994
2026-10-06,15:29,INDUSTOWER,3.5529
2026-10-06,15:29,INFOBEAN,-5.1048
2026-10-06,15:29,INNOVACAP,4.8967
2026-10-06,15:29,INNOVISION,-3.0429
2026-10-06,15:29,INOXINDIA,7.621
2026-10-06,15:29,INSECTICID,-4.1984
2026-10-06,15:29,INTERARCH,0.5548
2026-10-06,15:29,INTLCONV,3.1983
2026-10-06,15:29,INVPRECQ,19.5178
2026-10-06,15:29,IOB,-4.6955
2026-10-06,15:29,IOC,-3.1641
2026-10-06,15:29,IOLCP,26.7697
2026-10-06,15:29,IONEXCHANG,10.9996
2026-10-06,15:29,IPCALAB,1.7947
2026-10-06,15:29,IPL,-5.468
2026-10-06,15:29,IRCTC,-6.0719
2026-10-06,15:29,IREDA,-5.2174
2026-10-06,15:29,IRISDOREME,2.5439
2026-10-06,15:29,ISGEC,19.8517
2026-10-06,15:29,ITC,-1.0022
2026-10-06,15:29,ITCHOTELS,-2.8913
2026-10-06,15:29,ITDC,-1.3225
2026-10-06,15:29,IXIGO,-5.9718
2026-10-06,15:29,IZMO,1.1232
2026-10-06,15:29,J&KBANK,-6.3821
2026-10-06,15:29,JAGRAN,-0.3873
2026-10-06,15:29,JAGSNPHARM,-1.2302
2026-10-06,15:29,JAIBALAJI,0.9438
2026-10-06,15:29,JAINREC,-1.9267
2026-10-06,15:29,JAMNAAUTO,18.7793
2026-10-06,15:29,JASH,25.9153
2026-10-06,15:29,JAYAGROGN,-0.6933
2026-10-06,15:29,JAYBARMARU,7.0336
2026-10-06,15:29,JAYKAY,54.8916
2026-10-06,15:29,JAYNECOIND,-5.446
2026-10-06,15:29,JGCHEM,7.0113
2026-10-06,15:29,JINDALPHOT,-1.9236
2026-10-06,15:29,JINDALPOLY,3.2544
2026-10-06,15:29,JINDALSAW,-3.1716
2026-10-06,15:29,JINDALSTEL,-3.7152
2026-10-06,15:29,JINDWORLD,28.4744
2026-10-06,15:29,JISLJALEQS,-4.3431
2026-10-06,15:29,JKCEMENT,-5.5238
2026-10-06,15:29,JKPAPER,0.4211
2026-10-06,15:29,JMFINANCIL,-3.3063
2026-10-06,15:29,JNKINDIA,-2.9493
2026-10-06,15:29,JNPR,5.5681
2026-10-06,15:29,JPOLYINVST,-4.1597
2026-10-06,15:29,JSL,7.0721
2026-10-06,15:29,JSWDULUX,-3.6553
2026-10-06,15:29,JSWHL,0.2126
2026-10-06,15:29,JSWINFRA,8.1471
2026-10-06,15:29,JSWSTEEL,-2.6358
2026-10-06,15:29,JTLIND,6.3003
2026-10-06,15:29,JUBLPHARMA,12.3644
2026-10-06,15:29,JUNIPER,3.9414
2026-10-06,15:29,JUSTDIAL,-2.2402
2026-10-06,15:29,JYOTICNC,8.5255
2026-10-06,15:29,KABRAEXTRU,44.0657
2026-10-06,15:29,KAJARIACER,0.4386
2026-10-06,15:29,KALPATARU,-4.8157
2026-10-06,15:29,KAMATHOTEL,24.6364
2026-10-06,15:29,KAMDHENU,5.9341
2026-10-06,15:29,KANORICHEM,18.3313
2026-10-06,15:29,KANPRPLA,-3.8366
2026-10-06,15:29,KAPSTON,3.6066
2026-10-06,15:29,KARURVYSYA,-3.07
2026-10-06,15:29,KCP,-5.7499
2026-10-06,15:29,KDDL,-0.1373
2026-10-06,15:29,KECL,-3.1158
2026-10-06,15:29,KENNAMET,5.5356
2026-10-06,15:29,KILITCH,60.5988
2026-10-06,15:29,KINGFA,19.2397
2026-10-06,15:29,KIRIINDUS,18.0372
2026-10-06,15:29,KIRLFER,7.1509
2026-10-06,15:29,KIRLOSENG,7.8684
2026-10-06,15:29,KIRLOSIND,-3.867
2026-10-06,15:29,KIRLPNU,-5.0681
2026-10-06,15:29,KISSHT,23.2031
2026-10-06,15:29,KITEX,-4.7939
2026-10-06,15:29,KLBRENG-B,32.9643
2026-10-06,15:29,KMEW,17.4897
2026-10-06,15:29,KNACK,-3.0509
2026-10-06,15:29,KOPRAN,37.4879
2026-10-06,15:29,KOTAKBANK,7.2244
2026-10-06,15:29,KOTHARIPET,-3.7364
2026-10-06,15:29,KOTIC,3.1939
2026-10-06,15:29,KOVAI,-1.6323
2026-10-06,15:29,KPIGREEN,4.5425
2026-10-06,15:29,KPIL,3.3464
2026-10-06,15:29,KPL,11.4219
2026-10-06,15:29,KPRMILL,-4.446
2026-10-06,15:29,KRBL,-4.374
2026-10-06,15:29,KRISHANA,-2.394
2026-10-06,15:29,KRISHNADEF,27.8048
2026-10-06,15:29,KRN,-1.3359
2026-10-06,15:29,KRONOX,-3.9641
2026-10-06,15:29,KROSS,22.4135
2026-10-06,15:29,KRSNAA,-1.5935
2026-10-06,15:29,KRYSTAL,-0.1976
2026-10-06,15:29,KSB,0.9042
2026-10-06,15:29,KSCL,-5.6111
2026-10-06,15:29,KSHINTL,2.4622
2026-10-06,15:29,KSL,6.9965
2026-10-06,15:29,KTKBANK,-1.2336
2026-10-06,15:29,KUANTUM,1.5096
2026-10-06,15:29,KUSUMGAR,4.9918
2026-10-06,15:29,LALPATHLAB,3.6955
2026-10-06,15:29,LANDMARK,-4.8223
2026-10-06,15:29,LAURUSLABS,13.7625
2026-10-06,15:29,LAXMIDENTL,-3.8407
2026-10-06,15:29,LCL,8.7326
2026-10-06,15:29,LEMONTREE,1.6524
2026-10-06,15:29,LENSKART,3.5455
2026-10-06,15:29,LGBBROSLTD,3.0329
2026-10-06,15:29,LGEINDIA,8.3349
2026-10-06,15:29,LGHL,21.4562
2026-10-06,15:29,LICHSGFIN,1.006
2026-10-06,15:29,LIKHITHA,7.7794
2026-10-06,15:29,LINCOLN,-5.9034
2026-10-06,15:29,LLOYDSENGG,12.3265
2026-10-06,15:29,LLOYDSENT,1.5982
2026-10-06,15:29,LLOYDSME,-0.4127
2026-10-06,15:29,LOKESHMACH,41.7859
2026-10-06,15:29,LOTUSDEV,48.4922
2026-10-06,15:29,LTFOODS,-4.5486
2026-10-06,15:29,LUXIND,-2.1938
2026-10-06,15:29,LXCHEM,9.0353
2026-10-06,15:29,MACPOWER,11.4839
2026-10-06,15:29,MAFATIND,-5.0653
2026-10-06,15:29,MAHABANK,0.6728
2026-10-06,15:29,MAHASTEEL,-1.2995
2026-10-06,15:29,MAHLOG,3.465
2026-10-06,15:29,MAHSCOOTER,-6.2143
2026-10-06,15:29,MAHSEAMLES,8.129
2026-10-06,15:29,MAMATA,-5.8761
2026-10-06,15:29,MANAKCOAT,3.1507
2026-10-06,15:29,MANAKSTEEL,27.4046
2026-10-06,15:29,MANALIPETC,24.7771
2026-10-06,15:29,MANBA,7.9832
2026-10-06,15:29,MANGLMCEM,-3.8766
2026-10-06,15:29,MANINDS,28.8859
2026-10-06,15:29,MANINFRA,13.4076
2026-10-06,15:29,MANIPALHOS,-3.4671
2026-10-06,15:29,MANKIND,4.8658
2026-10-06,15:29,MANORAMA,3.025
2026-10-06,15:29,MARATHON,6.3147
2026-10-06,15:29,MARINE,27.4724
2026-10-06,15:29,MARKSANS,0.9648
2026-10-06,15:29,MARSONS,-0.2676
2026-10-06,15:29,MASTEK,-5.2135
2026-10-06,15:29,MASTERTR,-2.7886
2026-10-06,15:29,MATRIMONY,-5.1113
2026-10-06,15:29,MAWANASUG,-3.0484
2026-10-06,15:29,MAXESTATES,14.1659
2026-10-06,15:29,MAXIND,10.4863
2026-10-06,15:29,MAYURUNIQ,0.5349
2026-10-06,15:29,MAZDA,20.8993
2026-10-06,15:29,MBAPL,-1.516
2026-10-06,15:29,MBECL,15379.6232
2026-10-06,15:29,MCCHRLS-B,-2.9786
2026-10-06,15:29,MCX,3.9246
2026-10-06,15:29,MEDPLUS,-5.5253
2026-10-06,15:29,MEESHO,15.8151
2026-10-06,15:29,MEIL,1.5026
2026-10-06,15:29,MENONBE,11.0363
2026-10-06,15:29,METROPOLIS,-0.7721
2026-10-06,15:29,MICEL,-4.5254
2026-10-06,15:29,MIDHANI,9.0577
2026-10-06,15:29,MILKYMIST,68.6925
2026-10-06,15:29,MMP,19.5695
2026-10-06,15:29,MOBIKWIK,23.0324
2026-10-06,15:29,MODIS,-0.6003
2026-10-06,15:29,MODISONLTD,26.9017
2026-10-06,15:29,MOIL,-5.3985
2026-10-06,15:29,MOL,-0.0166
2026-10-06,15:29,MOLBIO,36.6562
2026-10-06,15:29,MOLDTECH,14.0632
2026-10-06,15:29,MOLDTKPAC,-4.3656
2026-10-06,15:29,MONTECARLO,-4.2986
2026-10-06,15:29,MOREPENLAB,49.9427
2026-10-06,15:29,MOSCHIP,-3.5092
2026-10-06,15:29,MOTHERSON,-5.5378
2026-10-06,15:29,MOTILALOFS,9.2071
2026-10-06,15:29,MPHASIS,-5.4321
2026-10-06,15:29,MRPL,-1.1821
2026-10-06,15:29,MSPL,-5.7143
2026-10-06,15:29,MSTCLTD,1.8319
2026-10-06,15:29,MTARTECH,9.8016
2026-10-06,15:29,MUFIN,-3.097
2026-10-06,15:29,MUKANDLTD,32.3154
2026-10-06,15:29,MUKKA,1.4291
2026-10-06,15:29,MVELECTRO,57.8449
2026-10-06,15:29,MVGJL,35.8021
2026-10-06,15:29,NAHARINDUS,1.632
2026-10-06,15:29,NAVA,2.8715
2026-10-06,15:29,NAVINFLUOR,4.0151
2026-10-06,15:29,NAZARA,7.1116
2026-10-06,15:29,NCLIND,-4.1379
2026-10-06,15:29,NELCAST,5.6617
2026-10-06,15:29,NELCO,1.9246
2026-10-06,15:29,NEOGEN,8.9278
2026-10-06,15:29,NESCO,0.1255
2026-10-06,15:29,NEULANDLAB,-5.9912
2026-10-06,15:29,NGLFINE,5.9165
2026-10-06,15:29,NH,-5.0666
2026-10-06,15:29,NHPC,-3.9921
2026-10-06,15:29,NINSYS,15.0098
2026-10-06,15:29,NIRLON,-0.9204
2026-10-06,15:29,NITINSPIN,4.7413
2026-10-06,15:29,NITTAGELA,5.2695
2026-10-06,15:29,NLCINDIA,-5.5226
2026-10-06,15:29,NOCIL,2.8799
2026-10-06,15:29,NORTHARC,3.416
2026-10-06,15:29,NOVARTIND,44.5627
2026-10-06,15:29,NPST,15.5493
2026-10-06,15:29,NRAIL,30.644
2026-10-06,15:29,NRBBEARING,10.4608
2026-10-06,15:29,NRL,33.4353
2026-10-06,15:29,NSIL,-5.1817
2026-10-06,15:29,NSLNISP,2.7896
2026-10-06,15:29,NTPC,-5.4559
2026-10-06,15:29,NTPCGREEN,-1.4219
2026-10-06,15:29,NUVAMA,5.46
2026-10-06,15:29,NUVOCO,1.3818
2026-10-06,15:29,NYKAA,1.2575
2026-10-06,15:29,OAL,50.4634
2026-10-06,15:29,OCCLLTD,30.8643
2026-10-06,15:29,OIL,-5.7158
2026-10-06,15:29,OLAELEC,-4.6912
2026-10-06,15:29,OMAXE,5.0317
2026-10-06,15:29,OMNI,13.0723
2026-10-06,15:29,OMPOWER,-5.8802
2026-10-06,15:29,ONEPOINT,40.0214
2026-10-06,15:29,ONESOURCE,0.0521
2026-10-06,15:29,ONGC,-5.1607
2026-10-06,15:29,ONWARDTEC,3.1874
2026-10-06,15:29,OPTIEMUS,64.7353
2026-10-06,15:29,ORBTEXP,9.6526
2026-10-06,15:29,ORCHPHARMA,0.4491
2026-10-06,15:29,ORIENTBELL,15.0508
2026-10-06,15:29,ORIENTCER,-3.2654
2026-10-06,15:29,ORIENTHOT,3.5624
2026-10-06,15:29,ORKLAINDIA,-1.3039
2026-10-06,15:29,PAGEIND,7.018
2026-10-06,15:29,PAISALO,19.0715
2026-10-06,15:29,PANACHE,6.7242
2026-10-06,15:29,PANAMAPET,3.8953
2026-10-06,15:29,PARADEEP,5.5765
2026-10-06,15:29,PARAGMILK,36.8958
2026-10-06,15:29,PARKHOSPS,0.1093
2026-10-06,15:29,PASUPTAC,14.876
2026-10-06,15:29,PATANJALI,4.3103
2026-10-06,15:29,PATELRMART,-3.0328
2026-10-06,15:29,PAYTM,3.799
2026-10-06,15:29,PCBL,3.1964
2026-10-06,15:29,PDMJEPAPER,6.0315
2026-10-06,15:29,PDSL,-6.0319
2026-10-06,15:29,PENIND,11.9962
2026-10-06,15:29,PERSISTENT,-2.5849
2026-10-06,15:29,PETRONET,1.5358
2026-10-06,15:29,PFOCUS,-1.4312
2026-10-06,15:29,PFS,-1.6931
2026-10-06,15:29,PGIL,6.1732
2026-10-06,15:29,PHOENIXLTD,-2.4093
2026-10-06,15:29,PINELABS,10.0822
2026-10-06,15:29,PITTIENG,6.6337
2026-10-06,15:29,PIXTRANS,-0.6854
2026-10-06,15:29,PLASTIBLEN,5.6698
2026-10-06,15:29,PLATIND,-5.3996
2026-10-06,15:29,PNB,-3.9725
2026-10-06,15:29,PNBHOUSING,-5.8276
2026-10-06,15:29,PNGJL,-2.3719
2026-10-06,15:29,PNGSREVA,-1.5473
2026-10-06,15:29,POLYMED,-4.9785
2026-10-06,15:29,POONAWALLA,-6.0402
2026-10-06,15:29,POWERGRID,-5.58
2026-10-06,15:29,POWERICA,16.0911
2026-10-06,15:29,POWERMECH,-3.0531
2026-10-06,15:29,PPLPHARMA,-6.1543
2026-10-06,15:29,PRABHA,1.6861
2026-10-06,15:29,PRADPME,6.8729
2026-10-06,15:29,PRECWIRE,17.4801
2026-10-06,15:29,PREMEXPLN,2.9993
2026-10-06,15:29,PREMIERPOL,11.7972
2026-10-06,15:29,PRIMESECU,7.3739
2026-10-06,15:29,PRIMO,29.1048
2026-10-06,15:29,PRIVISCL,0.7242
2026-10-06,15:29,PROSTARM,-4.1883
2026-10-06,15:29,PROTEAN,25.0794
2026-10-06,15:29,PROZONER,25.689
2026-10-06,15:29,PRSMJOHNSN,-4.1586
2026-10-06,15:29,PRUDENT,-4.4491
2026-10-06,15:29,PTC,0.3705
2026-10-06,15:29,PTCIL,12.0995
2026-10-06,15:29,PTL,-0.2609
2026-10-06,15:29,PURVA,-3.9251
2026-10-06,15:29,PVP,11.0033
2026-10-06,15:29,PVRINOX,2.6792
2026-10-06,15:29,PWL,9.1285
2026-10-06,15:29,PYRAMID,-2.2762
2026-10-06,15:29,QPOWER,26.2868
2026-10-06,15:29,QUADFUTURE,35.0438
2026-10-06,15:29,QUESS,-0.4169
2026-10-06,15:29,QUICKHEAL,-1.7148
2026-10-06,15:29,RACLGEAR,5.3836
2026-10-06,15:29,RADHIKAJWE,-0.2516
2026-10-06,15:29,RADICO,-3.873
2026-10-06,15:29,RAIN,1.927
2026-10-06,15:29,RAJOOENG,13.0858
2026-10-06,15:29,RALLIS,-5.599
2026-10-06,15:29,RAMBHAJO,86.2071
2026-10-06,15:29,RAMCOCEM,-5.6504
2026-10-06,15:29,RAMCOSYS,3.6512
2026-10-06,15:29,RAMRAT,34.3249
2026-10-06,15:29,RANEHOLDIN,-4.2213
2026-10-06,15:29,RATNAMANI,10.4825
2026-10-06,15:29,RATNAVEER,25.543
2026-10-06,15:29,RAYMOND,101.2439
2026-10-06,15:29,RAYMONDREL,22.6902
2026-10-06,15:29,RBLBANK,5.6051
2026-10-06,15:29,RBZJEWEL,42.045
2026-10-06,15:29,REDINGTON,15.7324
2026-10-06,15:29,RELIGARE,-1.6624
2026-10-06,15:29,RESPONIND,0.8061
2026-10-06,15:29,RGL,24.6534
2026-10-06,15:29,RHIM,-0.493
2026-10-06,15:29,RICOAUTO,-6.2486
2026-10-06,15:29,RISHABH,2.8537
2026-10-06,15:29,RKFORGE,-0.597
2026-10-06,15:29,RMDRIP,28.1981
2026-10-06,15:29,RML,26.6485
2026-10-06,15:29,ROHLTD,-0.6442
2026-10-06,15:29,ROLEXRINGS,2.6231
2026-10-06,15:29,ROSSTECH,50.0745
2026-10-06,15:29,ROTO,-5.093
2026-10-06,15:29,RPEL,8.6282
2026-10-06,15:29,RPGLIFE,11.2493
2026-10-06,15:29,RPSGVENT,-3.8268
2026-10-06,15:29,RPTECH,9.277
2026-10-06,15:29,RRKABEL,-4.4394
2026-10-06,15:29,RSL,6.8001
2026-10-06,15:29,RSWM,1.0741
2026-10-06,15:29,RSYSTEMS,2.9467
2026-10-06,15:29,RUBYMILLS,27.5305
2026-10-06,15:29,RUSTOMJEE,-0.7807
2026-10-06,15:29,SAATVIKGL,-3.9265
2026-10-06,15:29,SAGILITY,1.2226
2026-10-06,15:29,SAIL,2.675
2026-10-06,15:29,SAILIFE,6.9096
2026-10-06,15:29,SAIPARENT,-3.3188
2026-10-06,15:29,SAKAR,14.8915
2026-10-06,15:29,SALSTEEL,13.5183
2026-10-06,15:29,SAMBHV,25.3885
2026-10-06,15:29,SAMHI,-6.1607
2026-10-06,15:29,SANATHAN,12.8973
2026-10-06,15:29,SANDESH,-2.0554
2026-10-06,15:29,SANGAMIND,11.2092
2026-10-06,15:29,SANSERA,9.1826
2026-10-06,15:29,SANSTAR,-1.5887
2026-10-06,15:29,SARDAEN,-1.9389
2026-10-06,15:29,SAREGAMA,-0.5626
2026-10-06,15:29,SARLAPOLY,-1.4813
2026-10-06,15:29,SATIA,18.03
2026-10-06,15:29,SATIN,1.8692
2026-10-06,15:29,SAYAJIHOTL,-0.9507
2026-10-06,15:29,SBC,53.8653
2026-10-06,15:29,SBCL,10.7073
2026-10-06,15:29,SBILIFE,-2.3928
2026-10-06,15:29,SCHAEFFLER,-4.9727
2026-10-06,15:29,SCHNEIDER,4.6578
2026-10-06,15:29,SCI,-0.5335
2026-10-06,15:29,SCILAL,-5.3504
2026-10-06,15:29,SCODATUBES,-3.4694
2026-10-06,15:29,SDBL,0.3797
2026-10-06,15:29,SEAMECLTD,-5.3395
2026-10-06,15:29,SEDEMAC,4.5034
2026-10-06,15:29,SEJALLTD,1.9054
2026-10-06,15:29,SESHAPAPER,2.198
2026-10-06,15:29,SETL,43.8455
2026-10-06,15:29,SFL,-6.2486
2026-10-06,15:29,SGFIN,-3.6382
2026-10-06,15:29,SGIL,6.9409
2026-10-06,15:29,SHADOWFAX,12.7687
2026-10-06,15:29,SHALPAINTS,-4.0178
2026-10-06,15:29,SHANTIGEAR,29.7361
2026-10-06,15:29,SHANTIGOLD,24.8794
2026-10-06,15:29,SHARDACROP,-2.5168
2026-10-06,15:29,SHARDAMOTR,1.692
2026-10-06,15:29,SHARDUL,10.6783
2026-10-06,15:29,SHAREINDIA,21.4035
2026-10-06,15:29,SHILCTECH,5.4364
2026-10-06,15:29,SHILPAMED,31.7504
2026-10-06,15:29,SHINDL,-3.9872
2026-10-06,15:29,SHIVALIK,42.7964
2026-10-06,15:29,SHIVAUM,24.4287
2026-10-06,15:29,SHOPERSTOP,-5.4949
2026-10-06,15:29,SHREEJISPG,28.3539
2026-10-06,15:29,SHREEPUSHK,27.1594
2026-10-06,15:29,SHREERAMA,-3.3526
2026-10-06,15:29,SHRINGARMS,-3.1234
2026-10-06,15:29,SHRIPISTON,-4.2412
2026-10-06,15:29,SHYAMMETL,7.0159
2026-10-06,15:29,SIEMENS,-1.6837
2026-10-06,15:29,SIGACHI,-0.5324
2026-10-06,15:29,SIGMAADV,62.6562
2026-10-06,15:29,SIGNPOST,-0.9635
2026-10-06,15:29,SIKA,2.6528
2026-10-06,15:29,SIMPLEXINF,1.3375
2026-10-06,15:29,SIS,-0.2513
2026-10-06,15:29,SKFINDUS,0.5909
2026-10-06,15:29,SKIPPER,-0.4513
2026-10-06,15:29,SKYGOLD,6.7393
2026-10-06,15:29,SMARTWORKS,-3.698
2026-10-06,15:29,SMCGLOBAL,36.2628
2026-10-06,15:29,SMLMAH,15.2423
2026-10-06,15:29,SMSPHARMA,32.4173
2026-10-06,15:29,SOFTTECH,10.8962
2026-10-06,15:29,SOLARA,10.6581
2026-10-06,15:29,SOLARINDS,0.8593
2026-10-06,15:29,SOMANYCERA,20.1576
2026-10-06,15:29,SONACOMS,0.2935
2026-10-06,15:29,SOTL,14.4987
2026-10-06,15:29,SOUTHBANK,5.0256
2026-10-06,15:29,SPAL,2.0635
2026-10-06,15:29,SPARC,0.0915
2026-10-06,15:29,SPECIALITY,11.0148
2026-10-06,15:29,SPECTRUM,84.5556
2026-10-06,15:29,SPLPETRO,17.4549
2026-10-06,15:29,SPORTKING,-4.82
2026-10-06,15:29,SREEL,19.104
2026-10-06,15:29,SRF,-3.962
2026-10-06,15:29,SRHHYPOLTD,15.9569
2026-10-06,15:29,SSWL,43.9661
2026-10-06,15:29,STALLION,-1.1084
2026-10-06,15:29,STANLEY,-0.979
2026-10-06,15:29,STAR,10.3934
2026-10-06,15:29,STARHEALTH,-4.8315
2026-10-06,15:29,STEELCAS,3.8057
2026-10-06,15:29,STEL,-5.7442
2026-10-06,15:29,STERTOOLS,-2.0404
2026-10-06,15:29,STLNETWORK,82.1277
2026-10-06,15:29,STLTECH,62.1143
2026-10-06,15:29,STOVEKRAFT,4.9004
2026-10-06,15:29,STYL,-5.8209
2026-10-06,15:29,STYRENIX,-1.8592
2026-10-06,15:29,SUDARSCHEM,1.934
2026-10-06,15:29,SUDEEPPHRM,4.1914
2026-10-06,15:29,SUNDARMFIN,-4.1173
2026-10-06,15:29,SUNDROP,15.5143
2026-10-06,15:29,SUNFLAG,29.7301
2026-10-06,15:29,SUNPHARMA,-5.1672
2026-10-06,15:29,SUNTECK,-5.6521
2026-10-06,15:29,SUNTV,33.9053
2026-10-06,15:29,SUPREMEIND,-3.9566
2026-10-06,15:29,SUPRIYA,13.6445
2026-10-06,15:29,SURAJEST,5.1519
2026-10-06,15:29,SURAKSHA,1.903
2026-10-06,15:29,SURYAROSNI,0.7052
2026-10-06,15:29,SURYODAY,-4.6399
2026-10-06,15:29,SUTLEJTEX,-2.8841
2026-10-06,15:29,SVLL,6.9842
2026-10-06,15:29,SWANDEF,17.6355
2026-10-06,15:29,SWARAJ,-3.5092
2026-10-06,15:29,SWARAJENG,-0.8964
2026-10-06,15:29,SWELECTES,0.8047
2026-10-06,15:29,SYNCOMF,43.8662
2026-10-06,15:29,SYRMA,17.0777
2026-10-06,15:29,SYSTMTXC,28.0905
2026-10-06,15:29,TALBROAUTO,3.8824
2026-10-06,15:29,TARC,0.0242
2026-10-06,15:29,TARIL,-5.0226
2026-10-06,15:29,TARSONS,-3.8556
2026-10-06,15:29,TATACHEM,-1.6274
2026-10-06,15:29,TATACOMM,1.5948
2026-10-06,15:29,TATAINVEST,-3.6731
2026-10-06,15:29,TATAPOWER,-6.0513
2026-10-06,15:29,TATASTEEL,-2.3552
2026-10-06,15:29,TATVA,16.147
2026-10-06,15:29,TBOTEK,-0.1945
2026-10-06,15:29,TBZ,117.8354
2026-10-06,15:29,TCI,-2.2403
2026-10-06,15:29,TCPLPACK,-2.2773
2026-10-06,15:29,TDPOWERSYS,6.3331
2026-10-06,15:29,TECHM,-5.0189
2026-10-06,15:29,TECHNOCRAF,40.4798
2026-10-06,15:29,TECHNOE,0.8861
2026-10-06,15:29,TEGA,20.0379
2026-10-06,15:29,TEXINFRA,16.0974
2026-10-06,15:29,TEXRAIL,12.2502
2026-10-06,15:29,TFCILTD,7.3746
2026-10-06,15:29,THEJO,1.9973
2026-10-06,15:29,THELEELA,3.7387
2026-10-06,15:29,THEMISMED,6.9248
2026-10-06,15:29,THYROCARE,-6.3213
2026-10-06,15:29,TI,-4.838
2026-10-06,15:29,TIL,-0.3701
2026-10-06,15:29,TIMETECHNO,-2.3522
2026-10-06,15:29,TIMEX,21.9602
2026-10-06,15:29,TIMKEN,0.7275
2026-10-06,15:29,TIPSMUSIC,0.3303
2026-10-06,15:29,TIRUMALCHM,-3.6083
2026-10-06,15:29,TIRUPATIFL,3.6915
2026-10-06,15:29,TITAGARH,-4.5878
2026-10-06,15:29,TMB,0.0455
2026-10-06,15:29,TNPETRO,9.3915
2026-10-06,15:29,TNPL,3.4229
2026-10-06,15:29,TORNTPHARM,-2.5426
2026-10-06,15:29,TORNTPOWER,-1.0259
2026-10-06,15:29,TRANSPEK,5.5713
2026-10-06,15:29,TRANSRAILL,4.8696
2026-10-06,15:29,TREL,-1.5157
2026-10-06,15:29,TRENT,-0.6156
2026-10-06,15:29,TRUALT,-0.4034
2026-10-06,15:29,TSFINV,0.1918
2026-10-06,15:29,TTKHLTCARE,-6.2404
2026-10-06,15:29,TVSSCS,7.6005
2026-10-06,15:29,UDS,-0.1252
2026-10-06,15:29,UEL,-0.8884
2026-10-06,15:29,UFLEX,4.3362
2026-10-06,15:29,UGARSUGAR,4.885
2026-10-06,15:29,ULTRAMAR,-2.5274
2026-10-06,15:29,UNICHEMLAB,4.1718
2026-10-06,15:29,UNIMECH,25.5934
2026-10-06,15:29,UNIPARTS,1.153
2026-10-06,15:29,UNITEDPOLY,32.0534
2026-10-06,15:29,UNIVCABLES,3.5604
2026-10-06,15:29,UNIVPHOTO,4.4884
2026-10-06,15:29,URBANCO,9.4199
2026-10-06,15:29,USHAMART,7.3551
2026-10-06,15:29,UTIAMC,-0.5431
2026-10-06,15:29,UTTAMSUGAR,-6.3409
2026-10-06,15:29,VADILALIND,-1.456
2026-10-06,15:29,VALIANTLAB,29.9039
2026-10-06,15:29,VALIANTORG,64.1229
2026-10-06,15:29,VARROC,-0.0614
2026-10-06,15:29,VASCONEQ,1.4761
2026-10-06,15:29,VBL,2.139
2026-10-06,15:29,VEDL,-4.8029
2026-10-06,15:29,VELJAN,41.7992
2026-10-06,15:29,VENKEYS,12.432
2026-10-06,15:29,VENTIVE,3.2261
2026-10-06,15:29,VENUSPIPES,43.9227
2026-10-06,15:29,VENUSREM,0.4948
2026-10-06,15:29,VHL,3.486
2026-10-06,15:29,VHLTD,7.6904
2026-10-06,15:29,VIDHIING,7.2287
2026-10-06,15:29,VIDYAWIRES,11.0815
2026-10-06,15:29,VIJAYA,-2.506
2026-10-06,15:29,VINCOFE,15.8836
2026-10-06,15:29,VINDHYATEL,15.3144
2026-10-06,15:29,VISHNU,10.5364
2026-10-06,15:29,VIVIANA,19.0352
2026-10-06,15:29,VLSFINANCE,-6.0454
2026-10-06,15:29,VMART,-5.4658
2026-10-06,15:29,VMM,-2.3978
2026-10-06,15:29,VOEPL,4.7331
2026-10-06,15:29,VOLTAMP,-3.0406
2026-10-06,15:29,VRLLOG,-1.316
2026-10-06,15:29,VSSL,11.7723
2026-10-06,15:29,VSTIND,-4.7252
2026-10-06,15:29,VSTTILLERS,0.3651
2026-10-06,15:29,WAAREERTL,-5.6381
2026-10-06,15:29,WABAG,0.1797
2026-10-06,15:29,WAKEFIT,-3.8059
2026-10-06,15:29,WCIL,1.2226
2026-10-06,15:29,WEALTH,-1.3497
2026-10-06,15:29,WELCORP,15.0958
2026-10-06,15:29,WELENT,13.7541
2026-10-06,15:29,WELINV,20.6726
2026-10-06,15:29,WELSPLSOL,1.1872
2026-10-06,15:29,WELSPUNLIV,25.7055
2026-10-06,15:29,WENDT,-1.0388
2026-10-06,15:29,WESTLIFE,1.0967
2026-10-06,15:29,WEWORK,-2.6358
2026-10-06,15:29,WHEELS,51.3088
2026-10-06,15:29,WHIRLPOOL,12.9213
2026-10-06,15:29,WINDLAS,4.2874
2026-10-06,15:29,WINDMACHIN,-6.2778
2026-10-06,15:29,WOCKPHARMA,15.3793
2026-10-06,15:29,WONDERLA,-1.8297
2026-10-06,15:29,WPIL,-1.5952
2026-10-06,15:29,WSTCSTPAPR,18.1718
2026-10-06,15:29,XCHANGING,0.9959
2026-10-06,15:29,XPROINDIA,-0.5166
2026-10-06,15:29,XTRANET,79.7881
2026-10-06,15:29,YASHO,-2.6636
2026-10-06,15:29,YATHARTH,23.8145
2026-10-06,15:29,YUKEN,28.4056
2026-10-06,15:29,ZFSTEERING,5.7077
2026-10-06,15:29,ZIMLAB,10.8294
2026-10-06,15:29,ZOTA,17.5832
2026-10-06,15:29,ZUARI,-3.0039
2026-10-06,15:29,ZUARIIND,3.2761
2026-10-06,15:29,ZYDUSLIFE,3.5268
2026-10-06,15:29,ZYDUSWELL,2.3635
2026-10-07,15:29,20MICRONS,-4.0795
2026-10-07,15:29,3BBLACKBIO,28.0517
2026-10-07,15:29,63MOONS,-2.1306
2026-10-07,15:29,AADHARHFC,-2.444
2026-10-07,15:29,AARTIDRUGS,-0.8313
2026-10-07,15:29,AARTIPHARM,13.07
2026-10-07,15:29,ABB,-6.6498
2026-10-07,15:29,ABBOTINDIA,-1.2301
2026-10-07,15:29,ABDL,13.7462
2026-10-07,15:29,ABSLAMC,1.6822
2026-10-07,15:29,ACCELYA,-3.2539
2026-10-07,15:29,ACE,7.0853
2026-10-07,15:29,ACMESOLAR,6.599
2026-10-07,15:29,ACSTECH,42.6153
2026-10-07,15:29,ACUTAAS,0.0378
2026-10-07,15:29,ADANIGREEN,2.5535
2026-10-07,15:29,ADANIPORTS,4.6648
2026-10-07,15:29,ADANIPOWER,-3.3186
2026-10-07,15:29,ADFFOODS,7.0066
2026-10-07,15:29,ADOR,-4.5097
2026-10-07,15:29,ADSL,-5.132
2026-10-07,15:29,ADVANCE,-0.4322
2026-10-07,15:29,AEGISLOG,8.8483
2026-10-07,15:29,AEGISVOPAK,8.8605
2026-10-07,15:29,AEQUS,12.5278
2026-10-07,15:29,AEROFLEX,11.8195
2026-10-07,15:29,AETHER,7.1831
2026-10-07,15:29,AFSL,-0.005
2026-10-07,15:29,AGARWALEYE,-2.9229
2026-10-07,15:29,AGI,6.1822
2026-10-07,15:29,AHCL,82.6312
2026-10-07,15:29,AHLWEST,3.3158
2026-10-07,15:29,AIIL,-0.9461
2026-10-07,15:29,AJANTPHARM,-0.2821
2026-10-07,15:29,AJAXENGG,1.0228
2026-10-07,15:29,AJMERA,-0.5143
2026-10-07,15:29,AKCAPIT,-0.6426
2026-10-07,15:29,AKUMS,6.7761
2026-10-07,15:29,ALEMBICLTD,13.0183
2026-10-07,15:29,ALGOQUANT,6.2992
2026-10-07,15:29,ALICON,24.0743
2026-10-07,15:29,ALIVUS,0.3001
2026-10-07,15:29,ALKEM,0.0093
2026-10-07,15:29,ALLDIGI,-3.8105
2026-10-07,15:29,AMAGI,-4.1567
2026-10-07,15:29,AMANTA,0.9309
2026-10-07,15:29,AMBER,-6.1399
2026-10-07,15:29,AMRUTANJAN,-0.1053
2026-10-07,15:29,ANANDRATHI,-1.8774
2026-10-07,15:29,ANANTRAJ,-0.3986
2026-10-07,15:29,ANDHRAPAP,15.2467
2026-10-07,15:29,ANDHRSUGAR,-5.9529
2026-10-07,15:29,ANDREWYU,-6.8457
2026-10-07,15:29,ANGELONE,5.5944
2026-10-07,15:29,ANTELOPUS,41.5138
2026-10-07,15:29,ANTHEM,0.4189
2026-10-07,15:29,ANUHPHR,8.4739
2026-10-07,15:29,APARINDS,8.71
2026-10-07,15:29,APCOTEXIND,-4.2178
2026-10-07,15:29,APLAPOLLO,-0.4662
2026-10-07,15:29,APLLTD,2.0688
2026-10-07,15:29,APOLLO,7.6853
2026-10-07,15:29,APTECHT,-5.4116
2026-10-07,15:29,ARFIN,22.7636
2026-10-07,15:29,ARIES,7.7334
2026-10-07,15:29,ARIHANTCAP,27.7785
2026-10-07,15:29,ARIS,-1.2353
2026-10-07,15:29,ARROWGREEN,29.3304
2026-10-07,15:29,ARSSBL,8.5424
2026-10-07,15:29,ARTEMISMED,-3.2229
2026-10-07,15:29,ARVIND,-0.4607
2026-10-07,15:29,ASAHIINDIA,1.4655
2026-10-07,15:29,ASHIANA,3.437
2026-10-07,15:29,ASIANENE,2.8379
2026-10-07,15:29,ASIANHOTNR,9.6812
2026-10-07,15:29,ASIANTILES,3.9427
2026-10-07,15:29,ASKAUTOLTD,1.8118
2026-10-07,15:29,ASTAR,10.6337
2026-10-07,15:29,ASTEC,26.2359
2026-10-07,15:29,ASTRAL,-6.8567
2026-10-07,15:29,ASTRAMICRO,2.1743
2026-10-07,15:29,ATHERENERG,0.1308
2026-10-07,15:29,ATLANTAELE,3.0943
2026-10-07,15:29,ATUL,-6.6226
2026-10-07,15:29,AUROPHARMA,4.602
2026-10-07,15:29,AURUM,-0.4178
2026-10-07,15:29,AUTOAXLES,-5.2988
2026-10-07,15:29,AVADHSUGAR,12.6592
2026-10-07,15:29,AVALON,14.6409
2026-10-07,15:29,AVANTEL,-3.3909
2026-10-07,15:29,AVL,5.5395
2026-10-07,15:29,AVTNPL,1.8359
2026-10-07,15:29,AWL,-3.4919
2026-10-07,15:29,AXISBANK,0.5259
2026-10-07,15:29,AXISCADES,44.2353
2026-10-07,15:29,AYE,0.2692
2026-10-07,15:29,AYMSYNTEX,11.6476
2026-10-07,15:29,AZAD,9.0122
2026-10-07,15:29,BAFNAPH,57.8668
2026-10-07,15:29,BAJAJCON,4.2746
2026-10-07,15:29,BAJAJHCARE,0.5442
2026-10-07,15:29,BAJAJHFL,0.0357
2026-10-07,15:29,BAJAJHLDNG,-4.1187
2026-10-07,15:29,BAJAJINDEF,-5.609
2026-10-07,15:29,BAJAJST,-6.1721
2026-10-07,15:29,BALAJITELE,-6.813
2026-10-07,15:29,BALAMINES,-3.0838
2026-10-07,15:29,BALRAMCHIN,1.596
2026-10-07,15:29,BANCOINDIA,-3.7833
2026-10-07,15:29,BANDHANBNK,-6.2737
2026-10-07,15:29,BANKBARODA,-2.8778
2026-10-07,15:29,BANKINDIA,-5.9507
2026-10-07,15:29,BANSALWIRE,0.6524
2026-10-07,15:29,BBOX,16.4506
2026-10-07,15:29,BEEKAY,-0.9008
2026-10-07,15:29,BELRISE,7.4651
2026-10-07,15:29,BEML,4.7624
2026-10-07,15:29,BENGALASM,-2.4012
2026-10-07,15:29,BEPL,1.8761
2026-10-07,15:29,BFINVEST,-2.1722
2026-10-07,15:29,BFUTILITIE,-3.7906
2026-10-07,15:29,BGRENERGY,9.9571
2026-10-07,15:29,BHAGERIA,69.0548
2026-10-07,15:29,BHAGYANGR,16.8659
2026-10-07,15:29,BHARTIARTL,-5.2248
2026-10-07,15:29,BHEL,9.018
2026-10-07,15:29,BIL,28.4218
2026-10-07,15:29,BIRLACABLE,42.0849
2026-10-07,15:29,BIRLAMONEY,-5.8032
2026-10-07,15:29,BLACKBUCK,1.9854
2026-10-07,15:29,BLACKROSE,-2.7478
2026-10-07,15:29,BLEL,11.7896
2026-10-07,15:29,BLISSGVS,20.6497
2026-10-07,15:29,BLKASHYAP,2.8604
2026-10-07,15:29,BLUESTARCO,1.7354
2026-10-07,15:29,BLUESTONE,1.1563
2026-10-07,15:29,BLUSPRING,7.2927
2026-10-07,15:29,BODALCHEM,122.0962
2026-10-07,15:29,BOROLTD,10.6715
2026-10-07,15:29,BOSCH-HCIL,15.8342
2026-10-07,15:29,BPCL,-4.9856
2026-10-07,15:29,BRIGHOTEL,-3.9845
2026-10-07,15:29,BSE,1.3071
2026-10-07,15:29,BUILDPRO,4.1683
2026-10-07,15:29,CANBK,-6.4022
2026-10-07,15:29,CANHLIFE,-5.585
2026-10-07,15:29,CANTABIL,-6.2521
2026-10-07,15:29,CAPILLARY,15.2107
2026-10-07,15:29,CAPITALSFB,-3.958
2026-10-07,15:29,CAPLIPOINT,6.1296
2026-10-07,15:29,CARBORUNIV,11.9854
2026-10-07,15:29,CARERATING,-1.8512
2026-10-07,15:29,CASTROLIND,5.5012
2026-10-07,15:29,CCL,-2.7269
2026-10-07,15:29,CEIGALL,15.7225
2026-10-07,15:29,CEINSYS,-4.1268
2026-10-07,15:29,CELLO,8.9072
2026-10-07,15:29,CENTENKA,3.084
2026-10-07,15:29,CENTRALBK,-2.4672
2026-10-07,15:29,CENTUM,29.3615
2026-10-07,15:29,CEWATER,3.0812
2026-10-07,15:29,CGCL,7.0075
2026-10-07,15:29,CGPOWER,1.9373
2026-10-07,15:29,CHALET,-2.5473
2026-10-07,15:29,CHEMCON,14.3368
2026-10-07,15:29,CHEMPLASTS,27.3407
2026-10-07,15:29,CHENNPETRO,14.1775
2026-10-07,15:29,CHEVIOT,-1.5348
2026-10-07,15:29,CIEINDIA,-5.1709
2026-10-07,15:29,CIFL,2.7438
2026-10-07,15:29,CLEAN,-1.7567
2026-10-07,15:29,CLEANMAX,10.5142
2026-10-07,15:29,CLSEL,-5.6275
2026-10-07,15:29,CMLL,-0.4119
2026-10-07,15:29,CMRGREEN,1.6261
2026-10-07,15:29,COALINDIA,1.8678
2026-10-07,15:29,COCKERILL,-2.3796
2026-10-07,15:29,COFFEEDAY,5.4026
2026-10-07,15:29,COFORGE,-2.7122
2026-10-07,15:29,COHANCE,1.493
2026-10-07,15:29,COLPAL,-6.4715
2026-10-07,15:29,CONFIPET,27.1833
2026-10-07,15:29,CONSOFINVT,5.4579
2026-10-07,15:29,CONTROLPR,3.3595
2026-10-07,15:29,CORDELIA,4.9444
2026-10-07,15:29,CORONA,-5.0209
2026-10-07,15:29,CPPLUS,18.8741
2026-10-07,15:29,CRAFTSMAN,-3.7788
2026-10-07,15:29,CREST,-0.3843
2026-10-07,15:29,CRISIL,0.69
2026-10-07,15:29,CRIZAC,-3.7483
2026-10-07,15:29,CUB,4.6748
2026-10-07,15:29,CUMMINSIND,-6.1233
2026-10-07,15:29,CUPID,20.0901
2026-10-07,15:29,CYIENT,22.6555
2026-10-07,15:29,CYIENTDLM,34.3073
2026-10-07,15:29,DABUR,-3.7395
2026-10-07,15:29,DAMCAPITAL,1.9046
2026-10-07,15:29,DATAMATICS,-5.9533
2026-10-07,15:29,DBL,-1.2904
2026-10-07,15:29,DBOL,9.1865
2026-10-07,15:29,DCBBANK,0.7259
2026-10-07,15:29,DCMSIL,2.3779
2026-10-07,15:29,DCW,3.7862
2026-10-07,15:29,DECCANCE,-0.2926
2026-10-07,15:29,DEEDEV,-1.6391
2026-10-07,15:29,DEEPAKFERT,-4.1122
2026-10-07,15:29,DEEPINDS,17.3365
2026-10-07,15:29,DELTACORP,39.8947
2026-10-07,15:29,DENTA,-6.6714
2026-10-07,15:29,DHAMPURSUG,4.4969
2026-10-07,15:29,DHANBANK,-3.4696
2026-10-07,15:29,DHARMAJ,2.5705
2026-10-07,15:29,DHOOTTRANS,1.4064
2026-10-07,15:29,DHUNINV,0.4184
2026-10-07,15:29,DIACABS,4.5158
2026-10-07,15:29,DICIND,3.091
2026-10-07,15:29,DIFFNKG,12.7474
2026-10-07,15:29,DISAQ,-3.8805
2026-10-07,15:29,DIVISLAB,12.8531
2026-10-07,15:29,DLF,-4.7896
2026-10-07,15:29,DLINKINDIA,-6.5329
2026-10-07,15:29,DMCC,24.016
2026-10-07,15:29,DOLLAR,1.9182
2026-10-07,15:29,DOLPHIN,5.9129
2026-10-07,15:29,DOMS,-6.4859
2026-10-07,15:29,DPABHUSHAN,47.5706
2026-10-07,15:29,DRAGARWQ,-3.266
2026-10-07,15:29,DRREDDY,1.1597
2026-10-07,15:29,DSSL,-4.4116
2026-10-07,15:29,DVL,-2.7185
2026-10-07,15:29,DYCL,1.6947
2026-10-07,15:29,DYNAMATECH,17.8344
2026-10-07,15:29,E2E,18.0127
2026-10-07,15:29,EBGNG,21.2249
2026-10-07,15:29,ECLERX,4.0158
2026-10-07,15:29,ECOSMOBLTY,-2.6268
2026-10-07,15:29,EDELWEISS,6.6901
2026-10-07,15:29,EIEL,-4.0448
2026-10-07,15:29,EIFFL,-0.9425
2026-10-07,15:29,EIHAHOTELS,-0.1847
2026-10-07,15:29,EIHOTEL,-1.1007
2026-10-07,15:29,EIMCOELECO,0.0668
2026-10-07,15:29,ELANTAS,19.9743
2026-10-07,15:29,ELCIDIN,-5.0037
2026-10-07,15:29,ELDEHSG,-6.85
2026-10-07,15:29,ELECON,0.6157
2026-10-07,15:29,ELECTCAST,5.6353
2026-10-07,15:29,ELGIEQUIP,-3.1996
2026-10-07,15:29,ELPROINTL,-0.1542
2026-10-07,15:29,EMAMIPAP,0.0601
2026-10-07,15:29,EMCURE,3.4743
2026-10-07,15:29,EMIL,15.2932
2026-10-07,15:29,EMKAY,16.7839
2026-10-07,15:29,EMMVEE,-5.98
2026-10-07,15:29,EMUDHRA,10.7251
2026-10-07,15:29,ENGINERSIN,20.9826
2026-10-07,15:29,ENRIN,-4.0652
2026-10-07,15:29,ENTERO,11.995
2026-10-07,15:29,EPACKPEB,16.557
2026-10-07,15:29,ESAFSFB,-1.9531
2026-10-07,15:29,ESTER,0.4462
2026-10-07,15:29,ETERNAL,0.2598
2026-10-07,15:29,EVERESTIND,18.7797
2026-10-07,15:29,EXCELSOFT,16.5122
2026-10-07,15:29,EXICOM,-3.8093
2026-10-07,15:29,EXPLEOSOL,-2.1994
2026-10-07,15:29,FABTECH,-2.7338
2026-10-07,15:29,FACT,-4.7561
2026-10-07,15:29,FAIRCHEMOR,5.0522
2026-10-07,15:29,FCL,16.4853
2026-10-07,15:29,FDC,-4.5745
2026-10-07,15:29,FEDDERSHOL,59.2918
2026-10-07,15:29,FEDFINA,-6.5954
2026-10-07,15:29,FILATEX,32.8138
2026-10-07,15:29,FINCABLES,14.8575
2026-10-07,15:29,FINEORG,6.5961
2026-10-07,15:29,FIVESTAR,1.87
2026-10-07,15:29,FLUOROCHEM,-1.4429
2026-10-07,15:29,FORCEMOT,-3.6591
2026-10-07,15:29,FOSECOIND,18.9436
2026-10-07,15:29,FRONTSP,13.6685
2026-10-07,15:29,FSL,-4.8807
2026-10-07,15:29,GABRIEL,-0.8831
2026-10-07,15:29,GAIL,-1.7496
2026-10-07,15:29,GALAPREC,6.1706
2026-10-07,15:29,GALAXYSURF,5.0768
2026-10-07,15:29,GANDHAR,16.5926
2026-10-07,15:29,GANDHITUBE,8.8314
2026-10-07,15:29,GANECOS,-6.4875
2026-10-07,15:29,GANESHBE,-3.4432
2026-10-07,15:29,GANESHCP,-1.7684
2026-10-07,15:29,GARFIBRES,-4.4045
2026-10-07,15:29,GARUDA,-5.6433
2026-10-07,15:29,GATEWAY,-4.0676
2026-10-07,15:29,GAUDIUMIVF,-5.3947
2026-10-07,15:29,GAYAPROJ,-5.7744
2026-10-07,15:29,GCSL,34.6676
2026-10-07,15:29,GEECEE,-1.4239
2026-10-07,15:29,GENESYS,65.1358
2026-10-07,15:29,GEOJITFSL,-6.0255
2026-10-07,15:29,GESHIP,17.6219
2026-10-07,15:29,GFLLIMITED,4.3674
2026-10-07,15:29,GHCLTEXTIL,4.6937
2026-10-07,15:29,GICHSGFIN,-3.1569
2026-10-07,15:29,GILLETTE,-2.4708
2026-10-07,15:29,GIPCL,-3.6605
2026-10-07,15:29,GKSL,22.6695
2026-10-07,15:29,GLAND,12.4572
2026-10-07,15:29,GLENMARK,-4.5342
2026-10-07,15:29,GLOBAL,34.6884
2026-10-07,15:29,GMBREW,12.2003
2026-10-07,15:29,GMMPFAUDLR,45.3553
2026-10-07,15:29,GMRP&UI,5.7024
2026-10-07,15:29,GNA,5.0864
2026-10-07,15:29,GNFC,4.2496
2026-10-07,15:29,GNRL,-2.2909
2026-10-07,15:29,GODAVARIB,-6.066
2026-10-07,15:29,GODIGIT,1.6705
2026-10-07,15:29,GODREJAGRO,11.6718
2026-10-07,15:29,GODREJCP,-6.8199
2026-10-07,15:29,GOODLUCK,5.0764
2026-10-07,15:29,GPPL,5.5253
2026-10-07,15:29,GPTHEALTH,-2.44
2026-10-07,15:29,GPTINFRA,14.7521
2026-10-07,15:29,GRANULES,-1.1692
2026-10-07,15:29,GRAPHITE,16.0417
2026-10-07,15:29,GRAUWEIL,13.7065
2026-10-07,15:29,GREAVESCOT,10.0727
2026-10-07,15:29,GREENPANEL,0.6324
2026-10-07,15:29,GREENPLY,6.5855
2026-10-07,15:29,GRINDWELL,-1.6999
2026-10-07,15:29,GROWW,0.6515
2026-10-07,15:29,GRWRHITECH,-4.5753
2026-10-07,15:29,GSFC,-6.2136
2026-10-07,15:29,GTPL,2.6243
2026-10-07,15:29,GUFICBIO,1.0885
2026-10-07,15:29,GULFOILLUB,-3.9086
2026-10-07,15:29,GVPIL,7.3251
2026-10-07,15:29,GVT&D,3.3127
2026-10-07,15:29,GYFTR,5.5476
2026-10-07,15:29,HAL,-3.2552
2026-10-07,15:29,HALDYNGL,4.8953
2026-10-07,15:29,HARIOMPIPE,-2.8444
2026-10-07,15:29,HARSHA,3.9512
2026-10-07,15:29,HATSUN,9.9186
2026-10-07,15:29,HAWKINCOOK,-2.2076
2026-10-07,15:29,HBLENGINE,10.3561
2026-10-07,15:29,HDFCBANK,-3.6008
2026-10-07,15:29,HDFCLIFE,-1.2479
2026-10-07,15:29,HEALTHX,-4.7116
2026-10-07,15:29,HEG,9.8808
2026-10-07,15:29,HERANBA,-5.0911
2026-10-07,15:29,HERITGFOOD,2.89
2026-10-07,15:29,HEXAGON,2.1141
2026-10-07,15:29,HEXATRADEX,-0.4754
2026-10-07,15:29,HFCL,14.0424
2026-10-07,15:29,HIKAL,6.2503
2026-10-07,15:29,HINDCOMPOS,-1.7879
2026-10-07,15:29,HINDOILEXP,9.0748
2026-10-07,15:29,HITECHCORP,4.9451
2026-10-07,15:29,HITECHGEAR,2.9331
2026-10-07,15:29,HLEGLAS,49.6971
2026-10-07,15:29,HMAAGRO,17.0583
2026-10-07,15:29,HMT,-6.1014
2026-10-07,15:29,HONASA,-2.8015
2026-10-07,15:29,HSCL,1.6234
2026-10-07,15:29,IBULLSLTD,21.0056
2026-10-07,15:29,ICICIAMC,-5.3096
2026-10-07,15:29,ICICIBANK,-4.0636
2026-10-07,15:29,ICICIGI,-1.8519
2026-10-07,15:29,ICIL,9.4563
2026-10-07,15:29,IDBI,-2.5702
2026-10-07,15:29,IGARASHI,-6.4681
2026-10-07,15:29,IGL,-0.9274
2026-10-07,15:29,IGPL,17.0043
2026-10-07,15:29,IIFLCAPS,3.9251
2026-10-07,15:29,IKIO,-1.546
2026-10-07,15:29,IKS,-2.906
2026-10-07,15:29,IL&FSENGG,12.7778
2026-10-07,15:29,IMAGICAA,-1.6354
2026-10-07,15:29,INDGN,7.1384
2026-10-07,15:29,INDHOTEL,0.3293
2026-10-07,15:29,INDIAGLYCO,60.6229
2026-10-07,15:29,INDIANB,-4.8423
2026-10-07,15:29,INDIASHLTR,-5.3602
2026-10-07,15:29,INDIGO,-2.4438
2026-10-07,15:29,INDIQUBE,0.4388
2026-10-07,15:29,INDNIPPON,14.8159
2026-10-07,15:29,INDOAMIN,27.7661
2026-10-07,15:29,INDOBORAX,-4.2699
2026-10-07,15:29,INDOCO,12.4823
2026-10-07,15:29,INDOFARM,0.1216
2026-10-07,15:29,INDOMIM,53.0127
2026-10-07,15:29,INDORAMA,53.3142
2026-10-07,15:29,INDPRUD,0.4781
2026-10-07,15:29,INDSWFTLAB,19.5038
2026-10-07,15:29,INDUSTOWER,2.8858
2026-10-07,15:29,INFOBEAN,-5.1105
2026-10-07,15:29,INNOVACAP,9.7032
2026-10-07,15:29,INNOVISION,-2.0658
2026-10-07,15:29,INOXINDIA,7.2367
2026-10-07,15:29,INSECTICID,1.1118
2026-10-07,15:29,INTERARCH,0.5498
2026-10-07,15:29,INTLCONV,4.5787
2026-10-07,15:29,INVPRECQ,23.7485
2026-10-07,15:29,IOB,-6.4798
2026-10-07,15:29,IOC,-6.1372
2026-10-07,15:29,IOLCP,30.246
2026-10-07,15:29,IONEXCHANG,8.7274
2026-10-07,15:29,IPCALAB,0.9425
2026-10-07,15:29,IPL,-6.8244
2026-10-07,15:29,IRCTC,-6.1058
2026-10-07,15:29,IRISDOREME,2.8819
2026-10-07,15:29,IRMENERGY,-6.7211
2026-10-07,15:29,ISGEC,15.1219
2026-10-07,15:29,ITC,-1.4831
2026-10-07,15:29,ITCHOTELS,-3.293
2026-10-07,15:29,ITDC,-1.2858
2026-10-07,15:29,IXIGO,-5.6119
2026-10-07,15:29,IZMO,5.789
2026-10-07,15:29,J&KBANK,-4.6577
2026-10-07,15:29,JAGRAN,0.1776
2026-10-07,15:29,JAGSNPHARM,-2.2303
2026-10-07,15:29,JAIBALAJI,2.8236
2026-10-07,15:29,JAINREC,0.2888
2026-10-07,15:29,JAMNAAUTO,27.731
2026-10-07,15:29,JASH,24.7924
2026-10-07,15:29,JAYAGROGN,-6.8364
2026-10-07,15:29,JAYBARMARU,4.7078
2026-10-07,15:29,JAYKAY,69.4103
2026-10-07,15:29,JGCHEM,7.6955
2026-10-07,15:29,JINDALPHOT,1.2748
2026-10-07,15:29,JINDALPOLY,2.5752
2026-10-07,15:29,JINDALSAW,-1.8625
2026-10-07,15:29,JINDRILL,-5.2064
2026-10-07,15:29,JINDWORLD,25.5742
2026-10-07,15:29,JISLJALEQS,0
2026-10-07,15:29,JKCEMENT,-3.2308
2026-10-07,15:29,JKPAPER,-2.2375
2026-10-07,15:29,JMFINANCIL,-3.5367
2026-10-07,15:29,JNKINDIA,-1.1667
2026-10-07,15:29,JNPR,7.1224
2026-10-07,15:29,JPOLYINVST,-4.7564
2026-10-07,15:29,JSL,4.2355
2026-10-07,15:29,JSWDULUX,-3.0356
2026-10-07,15:29,JSWHL,0.9945
2026-10-07,15:29,JSWINFRA,4.027
2026-10-07,15:29,JTLIND,10.9155
2026-10-07,15:29,JUBLCPL,-6.5394
2026-10-07,15:29,JUBLPHARMA,7.965
2026-10-07,15:29,JUNIPER,3.4526
2026-10-07,15:29,JUSTDIAL,-1.1354
2026-10-07,15:29,JYOTICNC,9.2578
2026-10-07,15:29,KABRAEXTRU,31.877
2026-10-07,15:29,KAJARIACER,1.7087
2026-10-07,15:29,KALPATARU,-6.8317
2026-10-07,15:29,KALYANKJIL,-6.4068
2026-10-07,15:29,KAMATHOTEL,16.3539
2026-10-07,15:29,KAMDHENU,10.1533
2026-10-07,15:29,KANORICHEM,16.8617
2026-10-07,15:29,KANSAINER,-4.5446
2026-10-07,15:29,KAPSTON,6.4916
2026-10-07,15:29,KARURVYSYA,-2.3806
2026-10-07,15:29,KAVDEFENCE,56.7577
2026-10-07,15:29,KDDL,3.8584
2026-10-07,15:29,KECL,-1.9229
2026-10-07,15:29,KENNAMET,-1.2075
2026-10-07,15:29,KILITCH,53.5443
2026-10-07,15:29,KINGFA,20.6912
2026-10-07,15:29,KIRIINDUS,10.7186
2026-10-07,15:29,KIRLFER,6.6877
2026-10-07,15:29,KIRLOSENG,7.8567
2026-10-07,15:29,KIRLOSIND,-3.6192
2026-10-07,15:29,KIRLPNU,-4.5847
2026-10-07,15:29,KISSHT,23.4784
2026-10-07,15:29,KLBRENG-B,31.6305
2026-10-07,15:29,KMEW,18.4797
2026-10-07,15:29,KNACK,4.8656
2026-10-07,15:29,KOLTEPATIL,-3.5833
2026-10-07,15:29,KOPRAN,42.614
2026-10-07,15:29,KOTAKBANK,9.6027
2026-10-07,15:29,KOTHARIPET,-5.7281
2026-10-07,15:29,KOVAI,-0.1013
2026-10-07,15:29,KPIGREEN,4.1414
2026-10-07,15:29,KPIL,5.004
2026-10-07,15:29,KPL,6.6335
2026-10-07,15:29,KPRMILL,-0.9889
2026-10-07,15:29,KRISHANA,-4.1566
2026-10-07,15:29,KRISHNADEF,21.9658
2026-10-07,15:29,KRN,0.8836
2026-10-07,15:29,KRONOX,2.5516
2026-10-07,15:29,KROSS,25.9065
2026-10-07,15:29,KRSNAA,-2.6465
2026-10-07,15:29,KRYSTAL,0.6324
2026-10-07,15:29,KSB,1.2314
2026-10-07,15:29,KSHINTL,9.5357
2026-10-07,15:29,KSL,6.4122
2026-10-07,15:29,KTKBANK,-2.0405
2026-10-07,15:29,KUANTUM,5.0959
2026-10-07,15:29,KUSUMGAR,3.6715
2026-10-07,15:29,LALITHAA,58.9317
2026-10-07,15:29,LALPATHLAB,3.2541
2026-10-07,15:29,LAURUSLABS,13.9811
2026-10-07,15:29,LAXMIDENTL,1.0924
2026-10-07,15:29,LCL,6.8481
2026-10-07,15:29,LEMONTREE,3.6478
2026-10-07,15:29,LENSKART,3.2664
2026-10-07,15:29,LGBBROSLTD,7.0903
2026-10-07,15:29,LGEINDIA,6.9763
2026-10-07,15:29,LGHL,20.7183
2026-10-07,15:29,LICHSGFIN,4.884
2026-10-07,15:29,LIKHITHA,10.9773
2026-10-07,15:29,LINDEINDIA,-6.6912
2026-10-07,15:29,LLOYDSENGG,15.9803
2026-10-07,15:29,LLOYDSENT,6.6433
2026-10-07,15:29,LLOYDSME,0.6988
2026-10-07,15:29,LOKESHMACH,45.3623
2026-10-07,15:29,LOTUSDEV,40.3756
2026-10-07,15:29,LUMAXTECH,-5.8596
2026-10-07,15:29,LUXIND,-4.5282
2026-10-07,15:29,LXCHEM,9.9145
2026-10-07,15:29,MACPOWER,5.0677
2026-10-07,15:29,MAFATIND,-4.615
2026-10-07,15:29,MAGADSUGAR,-6.4471
2026-10-07,15:29,MAHABANK,4.2751
2026-10-07,15:29,MAHASTEEL,-5.1714
2026-10-07,15:29,MAHLOG,1.997
2026-10-07,15:29,MAHSCOOTER,-6.2849
2026-10-07,15:29,MAHSEAMLES,9.1375
2026-10-07,15:29,MAMATA,-5.1617
2026-10-07,15:29,MANAKCOAT,3.5906
2026-10-07,15:29,MANAKSTEEL,26.997
2026-10-07,15:29,MANALIPETC,20.7849
2026-10-07,15:29,MANBA,9.8079
2026-10-07,15:29,MANINDS,26.1315
2026-10-07,15:29,MANINFRA,7.7762
2026-10-07,15:29,MANIPALHOS,-5.6541
2026-10-07,15:29,MANKIND,5.2853
2026-10-07,15:29,MANORAMA,4.5355
2026-10-07,15:29,MANYAVAR,-6.3208
2026-10-07,15:29,MAPMYINDIA,-6.8317
2026-10-07,15:29,MARINE,24.4189
2026-10-07,15:29,MARKSANS,0.4785
2026-10-07,15:29,MARSONS,9.49
2026-10-07,15:29,MASTEK,-3.5668
2026-10-07,15:29,MASTERTR,-1.6599
2026-10-07,15:29,MATRIMONY,-0.7575
2026-10-07,15:29,MAWANASUG,0.5636
2026-10-07,15:29,MAXESTATES,0.2458
2026-10-07,15:29,MAXIND,5.1176
2026-10-07,15:29,MAYURUNIQ,-0.935
2026-10-07,15:29,MAZDA,20.451
2026-10-07,15:29,MBAPL,-0.5269
2026-10-07,15:29,MBECL,15263.492
2026-10-07,15:29,MBEL,6.564
2026-10-07,15:29,MCCHRLS-B,-1.6092
2026-10-07,15:29,MCX,2.8947
2026-10-07,15:29,MEDPLUS,-4.3305
2026-10-07,15:29,MEESHO,15.3362
2026-10-07,15:29,MEIL,5.114
2026-10-07,15:29,MENONBE,15.5158
2026-10-07,15:29,MERCURYEV,-3.3673
2026-10-07,15:29,METROPOLIS,-3.8875
2026-10-07,15:29,MICEL,-5.5878
2026-10-07,15:29,MIDHANI,9.7106
2026-10-07,15:29,MILKYMIST,70.421
2026-10-07,15:29,MMP,26.5669
2026-10-07,15:29,MOBIKWIK,31.1616
2026-10-07,15:29,MODIS,0.9361
2026-10-07,15:29,MODISONLTD,23.1855
2026-10-07,15:29,MOL,-5.2305
2026-10-07,15:29,MOLBIO,28.8001
2026-10-07,15:29,MOLDTECH,14.1359
2026-10-07,15:29,MOLDTKPAC,-6.8482
2026-10-07,15:29,MONTECARLO,-4.4269
2026-10-07,15:29,MOREPENLAB,54.3478
2026-10-07,15:29,MOSCHIP,-5.1691
2026-10-07,15:29,MOTHERSON,-5.7988
2026-10-07,15:29,MOTILALOFS,7.8687
2026-10-07,15:29,MPHASIS,-5.686
2026-10-07,15:29,MPSLTD,-1.3785
2026-10-07,15:29,MRPL,5.1887
2026-10-07,15:29,MSTCLTD,-4.3594
2026-10-07,15:29,MTARTECH,15.4507
2026-10-07,15:29,MUFIN,-2.4818
2026-10-07,15:29,MUKANDLTD,37.0283
2026-10-07,15:29,MUKKA,4.4186
2026-10-07,15:29,MUNJALAU,-5.9747
2026-10-07,15:29,MVELECTRO,58.9515
2026-10-07,15:29,MVGJL,40.1082
2026-10-07,15:29,NAVA,0.6085
2026-10-07,15:29,NAVINFLUOR,3.701
2026-10-07,15:29,NAZARA,8.7656
2026-10-07,15:29,NCLIND,-5.4505
2026-10-07,15:29,NDRAUTO,-3.5986
2026-10-07,15:29,NELCAST,25.9275
2026-10-07,15:29,NELCO,0.0546
2026-10-07,15:29,NEOGEN,14.0064
2026-10-07,15:29,NEPHROPLUS,-6.6424
2026-10-07,15:29,NESCO,-0.6662
2026-10-07,15:29,NEULANDLAB,-5.4573
2026-10-07,15:29,NGLFINE,9.4229
2026-10-07,15:29,NHPC,-5.4142
2026-10-07,15:29,NINSYS,15.693
2026-10-07,15:29,NIRLON,-3.4263
2026-10-07,15:29,NITINSPIN,6.1105
2026-10-07,15:29,NITTAGELA,6.7025
2026-10-07,15:29,NIVABUPA,-6.2174
2026-10-07,15:29,NOCIL,4.2466
2026-10-07,15:29,NORTHARC,3.3058
2026-10-07,15:29,NOVARTIND,33.8304
2026-10-07,15:29,NPST,18.7668
2026-10-07,15:29,NRAIL,27.3901
2026-10-07,15:29,NRBBEARING,10.1882
2026-10-07,15:29,NRL,33.4389
2026-10-07,15:29,NSLNISP,1.2232
2026-10-07,15:29,NTPC,-6.701
2026-10-07,15:29,NTPCGREEN,-3.2043
2026-10-07,15:29,NUVAMA,4.3371
2026-10-07,15:29,NUVOCO,1.2944
2026-10-07,15:29,NYKAA,3.3152
2026-10-07,15:29,OAL,52.319
2026-10-07,15:29,OCCLLTD,38.2667
2026-10-07,15:29,OIL,-4.8742
2026-10-07,15:29,OLAELEC,-2.7577
2026-10-07,15:29,OMAXE,5.1489
2026-10-07,15:29,OMNI,10.6893
2026-10-07,15:29,OMPOWER,1.3575
2026-10-07,15:29,ONEPOINT,41.9024
2026-10-07,15:29,ONESOURCE,-0.2089
2026-10-07,15:29,ONGC,-6.2016
2026-10-07,15:29,ONWARDTEC,3.8771
2026-10-07,15:29,OPTIEMUS,47.1572
2026-10-07,15:29,ORBTEXP,3.4674
2026-10-07,15:29,ORCHPHARMA,-1.3631
2026-10-07,15:29,ORIENTBELL,13.9189
2026-10-07,15:29,ORIENTCER,-3.3153
2026-10-07,15:29,ORIENTHOT,0.9028
2026-10-07,15:29,ORIENTTECH,-1.842
2026-10-07,15:29,ORKLAINDIA,-1.3239
2026-10-07,15:29,PAGEIND,5.6524
2026-10-07,15:29,PAISALO,21.2291
2026-10-07,15:29,PANACHE,8.9144
2026-10-07,15:29,PANAMAPET,11.1226
2026-10-07,15:29,PARADEEP,4.0027
2026-10-07,15:29,PARAGMILK,29.5819
2026-10-07,15:29,PARKHOSPS,-2.5888
2026-10-07,15:29,PASUPTAC,15.0645
2026-10-07,15:29,PATANJALI,3.1286
2026-10-07,15:29,PATELRMART,-0.0658
2026-10-07,15:29,PAYTM,6.6831
2026-10-07,15:29,PCBL,1.7746
2026-10-07,15:29,PDMJEPAPER,7.2574
2026-10-07,15:29,PDSL,-6.6339
2026-10-07,15:29,PENIND,12.3292
2026-10-07,15:29,PERSISTENT,-3.2842
2026-10-07,15:29,PETRONET,0.3548
2026-10-07,15:29,PFS,-2.8305
2026-10-07,15:29,PGIL,7.335
2026-10-07,15:29,PHOENIXLTD,-4.4772
2026-10-07,15:29,PILANIINVS,-6.5519
2026-10-07,15:29,PINELABS,12.7777
2026-10-07,15:29,PITTIENG,1.8347
2026-10-07,15:29,PIXTRANS,-0.0671
2026-10-07,15:29,PLASTIBLEN,6.5403
2026-10-07,15:29,PLATIND,-4.6133
2026-10-07,15:29,PNB,-1.0962
2026-10-07,15:29,PNBHOUSING,-2.9185
2026-10-07,15:29,PNGJL,-2.6575
2026-10-07,15:29,PNGSREVA,16.6251
2026-10-07,15:29,POONAWALLA,-5.5146
2026-10-07,15:29,POWERGRID,-6.7612
2026-10-07,15:29,POWERICA,16.1256
2026-10-07,15:29,POWERINDIA,-6.5898
2026-10-07,15:29,POWERMECH,-3.3691
2026-10-07,15:29,PPLPHARMA,-3.8551
2026-10-07,15:29,PRABHA,5.5234
2026-10-07,15:29,PRADPME,22.4172
2026-10-07,15:29,PRECWIRE,20.4055
2026-10-07,15:29,PREMEXPLN,2.952
2026-10-07,15:29,PREMIERPOL,13.5884
2026-10-07,15:29,PRIMESECU,7.1545
2026-10-07,15:29,PRIMO,22.4665
2026-10-07,15:29,PRIVISCL,2.1035
2026-10-07,15:29,PROSTARM,-4.9356
2026-10-07,15:29,PROTEAN,20.7335
2026-10-07,15:29,PROZONER,29.5781
2026-10-07,15:29,PRSMJOHNSN,-5.9752
2026-10-07,15:29,PRUDENT,-3.4015
2026-10-07,15:29,PTC,-3.2645
2026-10-07,15:29,PTCIL,13.9027
2026-10-07,15:29,PTL,-1.1387
2026-10-07,15:29,PUNJABCHEM,-4.6658
2026-10-07,15:29,PURVA,-2.1559
2026-10-07,15:29,PVP,8.7672
2026-10-07,15:29,PVRINOX,9.0924
2026-10-07,15:29,PWL,14.9103
2026-10-07,15:29,QPOWER,22.982
2026-10-07,15:29,QUADFUTURE,19.4724
2026-10-07,15:29,QUESS,-3.0124
2026-10-07,15:29,QUICKHEAL,0.406
2026-10-07,15:29,RACLGEAR,5.0215
2026-10-07,15:29,RADHIKAJWE,3.3596
2026-10-07,15:29,RADICO,-2.2826
2026-10-07,15:29,RAIN,2.4615
2026-10-07,15:29,RAJOOENG,24.9149
2026-10-07,15:29,RAJRATAN,-6.0384
2026-10-07,15:29,RALLIS,-5.3426
2026-10-07,15:29,RAMBHAJO,69.4772
2026-10-07,15:29,RAMCOCEM,-6.5162
2026-10-07,15:29,RAMCOSYS,0.7543
2026-10-07,15:29,RAMRAT,31.1928
2026-10-07,15:29,RANEHOLDIN,-4.7601
2026-10-07,15:29,RATNAMANI,-6.4034
2026-10-07,15:29,RATNAVEER,24.0049
2026-10-07,15:29,RAYMOND,90.8731
2026-10-07,15:29,RAYMONDREL,18.3175
2026-10-07,15:29,RBLBANK,6.1856
2026-10-07,15:29,RBZJEWEL,37.8362
2026-10-07,15:29,REDINGTON,11.3394
2026-10-07,15:29,REDTAPE,-6.8225
2026-10-07,15:29,RELIGARE,-0.8945
2026-10-07,15:29,REPCOHOME,-3.1081
2026-10-07,15:29,RESPONIND,3.2715
2026-10-07,15:29,RGL,27.3201
2026-10-07,15:29,RHIM,-1.3748
2026-10-07,15:29,RICOAUTO,-2.9252
2026-10-07,15:29,RISHABH,-3.6238
2026-10-07,15:29,RKFORGE,-1.6609
2026-10-07,15:29,RMDRIP,23.1939
2026-10-07,15:29,RML,15.1275
2026-10-07,15:29,ROHLTD,-2.8277
2026-10-07,15:29,ROLEXRINGS,1.3687
2026-10-07,15:29,ROSSTECH,53.979
2026-10-07,15:29,ROTO,-3.0025
2026-10-07,15:29,RPEL,9.5344
2026-10-07,15:29,RPGLIFE,10.2691
2026-10-07,15:29,RPSGVENT,0.7876
2026-10-07,15:29,RPTECH,8.3852
2026-10-07,15:29,RRKABEL,-5.1361
2026-10-07,15:29,RSL,4.5033
2026-10-07,15:29,RSWM,4.1596
2026-10-07,15:29,RSYSTEMS,5.2555
2026-10-07,15:29,RUBYMILLS,30.1008
2026-10-07,15:29,RUSTOMJEE,0.066
2026-10-07,15:29,SAATVIKGL,-3.8662
2026-10-07,15:29,SAGILITY,-0.2776
2026-10-07,15:29,SAIL,-2.9724
2026-10-07,15:29,SAILIFE,8.768
2026-10-07,15:29,SAIPARENT,-1.3428
2026-10-07,15:29,SAKAR,13.4074
2026-10-07,15:29,SALSTEEL,12.1723
2026-10-07,15:29,SAMBHV,20.6891
2026-10-07,15:29,SANATHAN,16.5255
2026-10-07,15:29,SANDESH,-3.104
2026-10-07,15:29,SANGAMIND,11.12
2026-10-07,15:29,SANSERA,10.8576
2026-10-07,15:29,SANSTAR,-2.2141
2026-10-07,15:29,SARDAEN,-1.5089
2026-10-07,15:29,SAREGAMA,-1.2352
2026-10-07,15:29,SARLAPOLY,-3.3193
2026-10-07,15:29,SATIA,19.1504
2026-10-07,15:29,SATIN,0.0715
2026-10-07,15:29,SAYAJIHOTL,-2.0292
2026-10-07,15:29,SBC,55.1231
2026-10-07,15:29,SBCL,9.7654
2026-10-07,15:29,SBILIFE,-2.0263
2026-10-07,15:29,SCHAEFFLER,-5.5567
2026-10-07,15:29,SCHAND,5.9459
2026-10-07,15:29,SCHNEIDER,8.4427
2026-10-07,15:29,SCI,-1.0747
2026-10-07,15:29,SCILAL,-5.4223
2026-10-07,15:29,SCODATUBES,-5.4987
2026-10-07,15:29,SCPL,-6.5071
2026-10-07,15:29,SDBL,0.0822
2026-10-07,15:29,SEAMECLTD,-2.6647
2026-10-07,15:29,SEDEMAC,8.7147
2026-10-07,15:29,SEJALLTD,-0.8234
2026-10-07,15:29,SESHAPAPER,1.6524
2026-10-07,15:29,SETL,37.602
2026-10-07,15:29,SFL,-5.5018
2026-10-07,15:29,SGFIN,-3.7209
2026-10-07,15:29,SGIL,4.9839
2026-10-07,15:29,SHADOWFAX,12.4875
2026-10-07,15:29,SHAILY,-5.6137
2026-10-07,15:29,SHANTIGEAR,6.7486
2026-10-07,15:29,SHANTIGOLD,26.072
2026-10-07,15:29,SHARDACROP,-4.7799
2026-10-07,15:29,SHARDAMOTR,3.5492
2026-10-07,15:29,SHARDUL,11.9816
2026-10-07,15:29,SHAREINDIA,19.4433
2026-10-07,15:29,SHILCTECH,2.0325
2026-10-07,15:29,SHILPAMED,25.1694
2026-10-07,15:29,SHINDL,-3.5882
2026-10-07,15:29,SHIPROCKET,-1.1584
2026-10-07,15:29,SHIVALIK,34.4468
2026-10-07,15:29,SHIVAUM,24.1333
2026-10-07,15:29,SHOPERSTOP,-3.528
2026-10-07,15:29,SHREEJISPG,26.2553
2026-10-07,15:29,SHREEPUSHK,21.2228
2026-10-07,15:29,SHREERAMA,-4.3037
2026-10-07,15:29,SHRINGARMS,-3.3411
2026-10-07,15:29,SHYAMMETL,6.6234
2026-10-07,15:29,SIGACHI,-3.7061
2026-10-07,15:29,SIGMAADV,65.4566
2026-10-07,15:29,SIGNPOST,1.6534
2026-10-07,15:29,SIKA,3.087
2026-10-07,15:29,SIMPLEXINF,0.7921
2026-10-07,15:29,SIRCA,-5.9238
2026-10-07,15:29,SIS,-1.1362
2026-10-07,15:29,SIYSIL,-5.7779
2026-10-07,15:29,SKFINDUS,-0.1092
2026-10-07,15:29,SKIPPER,-5.8522
2026-10-07,15:29,SKYGOLD,9.8935
2026-10-07,15:29,SMCGLOBAL,38.2666
2026-10-07,15:29,SMLMAH,17.1214
2026-10-07,15:29,SMSPHARMA,32.4061
2026-10-07,15:29,SOFTTECH,9.2807
2026-10-07,15:29,SOLARA,8.6791
2026-10-07,15:29,SOLARINDS,0.6274
2026-10-07,15:29,SOMANYCERA,12.5068
2026-10-07,15:29,SONACOMS,-0.3688
2026-10-07,15:29,SOTL,17.8938
2026-10-07,15:29,SOUTHBANK,5.1151
2026-10-07,15:29,SPAL,2.0131
2026-10-07,15:29,SPARC,0.8973
2026-10-07,15:29,SPECIALITY,4.2122
2026-10-07,15:29,SPECTRUM,82.0501
2026-10-07,15:29,SPLPETRO,16.6691
2026-10-07,15:29,SPORTKING,-6.1203
2026-10-07,15:29,SREEL,15.0735
2026-10-07,15:29,SRF,-4.6807
2026-10-07,15:29,SRHHYPOLTD,15.1499
2026-10-07,15:29,SSWL,43.943
2026-10-07,15:29,STALLION,1.1814
2026-10-07,15:29,STANLEY,-0.7572
2026-10-07,15:29,STAR,10.7689
2026-10-07,15:29,STARHEALTH,-3.3421
2026-10-07,15:29,STEELCAS,7.7345
2026-10-07,15:29,STERTOOLS,-2.0855
2026-10-07,15:29,STLNETWORK,93.0105
2026-10-07,15:29,STLTECH,54.4115
2026-10-07,15:29,STOVEKRAFT,-0.4749
2026-10-07,15:29,STUDDS,-6.5667
2026-10-07,15:29,STYL,-4.5812
2026-10-07,15:29,STYLAMIND,-6.2017
2026-10-07,15:29,STYLEBAAZA,-4.2591
2026-10-07,15:29,STYRENIX,-3.6168
2026-10-07,15:29,SUDARSCHEM,-0.7685
2026-10-07,15:29,SUDEEPPHRM,3.4699
2026-10-07,15:29,SUMMITSEC,-6.8106
2026-10-07,15:29,SUNDARMFIN,-4.526
2026-10-07,15:29,SUNDROP,15.814
2026-10-07,15:29,SUNFLAG,33.9924
2026-10-07,15:29,SUNPHARMA,-6.7539
2026-10-07,15:29,SUNTV,35.7867
2026-10-07,15:29,SUPREMEIND,-1.4163
2026-10-07,15:29,SUPRIYA,11.5537
2026-10-07,15:29,SURAJEST,6.6414
2026-10-07,15:29,SURAKSHA,-0.4333
2026-10-07,15:29,SURYAROSNI,-0.3605
2026-10-07,15:29,SURYODAY,-1.0056
2026-10-07,15:29,SUTLEJTEX,-4.8647
2026-10-07,15:29,SVLL,6.3015
2026-10-07,15:29,SWANDEF,18.3936
2026-10-07,15:29,SWARAJ,-2.8318
2026-10-07,15:29,SWARAJENG,-0.3597
2026-10-07,15:29,SWELECTES,2.4916
2026-10-07,15:29,SYMPHONY,-6.6332
2026-10-07,15:29,SYNCOMF,45.1688
2026-10-07,15:29,SYRMA,19.6452
2026-10-07,15:29,SYSTMTXC,27.5711
2026-10-07,15:29,TALBROAUTO,-0.3227
2026-10-07,15:29,TARC,-0.2367
2026-10-07,15:29,TARIL,-4.2867
2026-10-07,15:29,TARSONS,-1.4848
2026-10-07,15:29,TATACHEM,-2.7355
2026-10-07,15:29,TATACOMM,-1.7116
2026-10-07,15:29,TATAINVEST,-4.745
2026-10-07,15:29,TATASTEEL,-5.722
2026-10-07,15:29,TATVA,24.0237
2026-10-07,15:29,TBOTEK,0.0587
2026-10-07,15:29,TBZ,107.6345
2026-10-07,15:29,TCI,-1.6874
2026-10-07,15:29,TCPLPACK,1.498
2026-10-07,15:29,TDPOWERSYS,5.2557
2026-10-07,15:29,TECHM,-5.8649
2026-10-07,15:29,TECHNOCRAF,42.3179
2026-10-07,15:29,TECHNOE,-0.9769
2026-10-07,15:29,TEGA,24.6025
2026-10-07,15:29,TEXINFRA,8.9602
2026-10-07,15:29,TEXRAIL,10.2739
2026-10-07,15:29,TFCILTD,17.5054
2026-10-07,15:29,THEJO,3.356
2026-10-07,15:29,THELEELA,9.5961
2026-10-07,15:29,THEMISMED,-4.4202
2026-10-07,15:29,TI,-4.6751
2026-10-07,15:29,TIL,-3.2076
2026-10-07,15:29,TIMETECHNO,-0.7728
2026-10-07,15:29,TIMEX,21.7052
2026-10-07,15:29,TIMKEN,1.6652
2026-10-07,15:29,TIPSMUSIC,-0.5981
2026-10-07,15:29,TIRUPATIFL,0.099
2026-10-07,15:29,TITAGARH,-4.9557
2026-10-07,15:29,TMB,0.2571
2026-10-07,15:29,TNPETRO,8.1142
2026-10-07,15:29,TNPL,0.8868
2026-10-07,15:29,TORNTPHARM,-3.4851
2026-10-07,15:29,TORNTPOWER,-0.7863
2026-10-07,15:29,TRANSPEK,1.9023
2026-10-07,15:29,TRANSRAILL,1.4714
2026-10-07,15:29,TREL,-1.1473
2026-10-07,15:29,TRENT,-0.506
2026-10-07,15:29,TRUALT,1.5842
2026-10-07,15:29,TSFINV,-0.8232
2026-10-07,15:29,TTKHLTCARE,-5.9321
2026-10-07,15:29,TVSSCS,-1.9475
2026-10-07,15:29,UDS,-1.3523
2026-10-07,15:29,UEL,3.1771
2026-10-07,15:29,UFLEX,3.8679
2026-10-07,15:29,UGARSUGAR,0.7585
2026-10-07,15:29,ULTRAMAR,-0.8232
2026-10-07,15:29,UNICHEMLAB,7.1401
2026-10-07,15:29,UNIECOM,-3.9754
2026-10-07,15:29,UNIMECH,23.6828
2026-10-07,15:29,UNIONBANK,-5.6917
2026-10-07,15:29,UNIPARTS,0.5073
2026-10-07,15:29,UNITEDPOLY,25.293
2026-10-07,15:29,UNIVCABLES,0.0858
2026-10-07,15:29,UNIVPHOTO,6.8693
2026-10-07,15:29,URBANCO,-0.3613
2026-10-07,15:29,USHAMART,6.0436
2026-10-07,15:29,UTIAMC,0.6599
2026-10-07,15:29,UTLSOLAR,-6.1107
2026-10-07,15:29,VADILALIND,-2.4039
2026-10-07,15:29,VALIANTLAB,22.5726
2026-10-07,15:29,VALIANTORG,63.8273
2026-10-07,15:29,VARROC,1.3971
2026-10-07,15:29,VASCONEQ,3.456
2026-10-07,15:29,VBL,2.979
2026-10-07,15:29,VEDL,-5.6318
2026-10-07,15:29,VEEDOL,-6.3452
2026-10-07,15:29,VELJAN,45.6384
2026-10-07,15:29,VENKEYS,5.5531
2026-10-07,15:29,VENTIVE,-0.5634
2026-10-07,15:29,VENUSPIPES,44.3914
2026-10-07,15:29,VENUSREM,4.8906
2026-10-07,15:29,VESUVIUS,-5.3045
2026-10-07,15:29,VHL,5.4068
2026-10-07,15:29,VHLTD,10.6634
2026-10-07,15:29,VIDHIING,0.7815
2026-10-07,15:29,VIDYAWIRES,16.3237
2026-10-07,15:29,VIJAYA,-1.3492
2026-10-07,15:29,VIKRAN,-5.6588
2026-10-07,15:29,VINCOFE,15.8573
2026-10-07,15:29,VINDHYATEL,17.6562
2026-10-07,15:29,VISACHROME,-4.3195
2026-10-07,15:29,VISHNU,7.1664
2026-10-07,15:29,VIVIANA,12.4966
2026-10-07,15:29,VMART,-5.8782
2026-10-07,15:29,VOEPL,5.7607
2026-10-07,15:29,VRLLOG,-1.1614
2026-10-07,15:29,VSSL,12.0358
2026-10-07,15:29,VSTIND,-4.4244
2026-10-07,15:29,VSTTILLERS,0.0572
2026-10-07,15:29,WABAG,-0.1399
2026-10-07,15:29,WAKEFIT,-2.4599
2026-10-07,15:29,WALCHANNAG,0.7829
2026-10-07,15:29,WCIL,7.2306
2026-10-07,15:29,WEALTH,-1.9297
2026-10-07,15:29,WELCORP,12.2613
2026-10-07,15:29,WELENT,14.3309
2026-10-07,15:29,WELINV,13.0422
2026-10-07,15:29,WELSPLSOL,-0.5427
2026-10-07,15:29,WELSPUNLIV,23.8565
2026-10-07,15:29,WENDT,-3.5602
2026-10-07,15:29,WESTLIFE,0.3079
2026-10-07,15:29,WEWORK,0.1562
2026-10-07,15:29,WHEELS,46.2726
2026-10-07,15:29,WHIRLPOOL,9.9408
2026-10-07,15:29,WINDLAS,3.0502
2026-10-07,15:29,WINDMACHIN,-4.4458
2026-10-07,15:29,WOCKPHARMA,13.1194
2026-10-07,15:29,WONDERLA,1.4943
2026-10-07,15:29,WPIL,-5.1198
2026-10-07,15:29,WSTCSTPAPR,19.374
2026-10-07,15:29,XCHANGING,-0.1309
2026-10-07,15:29,XPROINDIA,-3.6247
2026-10-07,15:29,XTRANET,80.4818
2026-10-07,15:29,YASHO,0.6754
2026-10-07,15:29,YATHARTH,13.7899
2026-10-07,15:29,YUKEN,30.3719
2026-10-07,15:29,ZFSTEERING,2.8092
2026-10-07,15:29,ZIMLAB,18.2816
2026-10-07,15:29,ZOTA,22.6222
2026-10-07,15:29,ZUARI,-4.7495
2026-10-07,15:29,ZUARIIND,-1.4531
2026-10-07,15:29,ZYDUSLIFE,4.4573
2026-10-07,15:29,ZYDUSWELL,-0.6946
2026-10-08,15:29,20MICRONS,-7.5196
2026-10-08,15:29,3BBLACKBIO,21.1977
2026-10-08,15:29,63MOONS,-2.7084
2026-10-08,15:29,AADHARHFC,-5.1474
2026-10-08,15:29,AARTIDRUGS,-1.9422
2026-10-08,15:29,AARTIPHARM,5.2818
2026-10-08,15:29,ABBOTINDIA,-3.1611
2026-10-08,15:29,ABDL,9.4719
2026-10-08,15:29,ABSLAMC,0.3094
2026-10-08,15:29,ACCELYA,-3.5601
2026-10-08,15:29,ACE,2.1649
2026-10-08,15:29,ACI,-7.4211
2026-10-08,15:29,ACMESOLAR,5.2842
2026-10-08,15:29,ACUTAAS,-7.7473
2026-10-08,15:29,ADANIGREEN,-7.0902
2026-10-08,15:29,ADANIPORTS,0.3113
2026-10-08,15:29,ADFFOODS,4.1923
2026-10-08,15:29,ADOR,-5.9668
2026-10-08,15:29,ADVANCE,-4.4802
2026-10-08,15:29,AEGISLOG,4.5929
2026-10-08,15:29,AEGISVOPAK,6.5372
2026-10-08,15:29,AEQUS,5.0157
2026-10-08,15:29,AEROFLEX,6.707
2026-10-08,15:29,AETHER,6.7446
2026-10-08,15:29,AFSL,0
2026-10-08,15:29,AGARWALEYE,-5.8753
2026-10-08,15:29,AGI,7.0808
2026-10-08,15:29,AHCL,77.9402
2026-10-08,15:29,AHLWEST,2.6886
2026-10-08,15:29,AIIL,-2.9207
2026-10-08,15:29,AJANTPHARM,-3.3559
2026-10-08,15:29,AJAXENGG,0.1139
2026-10-08,15:29,AJMERA,-1.422
2026-10-08,15:29,AKCAPIT,-1.3921
2026-10-08,15:29,AKUMS,5.5902
2026-10-08,15:29,ALEMBICLTD,5.3454
2026-10-08,15:29,ALGOQUANT,0.5512
2026-10-08,15:29,ALICON,23.1012
2026-10-08,15:29,ALIVUS,-0.8306
2026-10-08,15:29,ALKEM,-2.2075
2026-10-08,15:29,ALLDIGI,-3.9394
2026-10-08,15:29,AMAGI,-4.4809
2026-10-08,15:29,AMANTA,0.944
2026-10-08,15:29,AMRUTANJAN,-3.8513
2026-10-08,15:29,ANANDRATHI,-1.1782
2026-10-08,15:29,ANANTRAJ,-4.9988
2026-10-08,15:29,ANDHRAPAP,13.0573
2026-10-08,15:29,ANDHRSUGAR,-8.0929
2026-10-08,15:29,ANGELONE,-1.9608
2026-10-08,15:29,ANTELOPUS,40.5797
2026-10-08,15:29,ANTHEM,-0.2458
2026-10-08,15:29,ANUHPHR,5.8496
2026-10-08,15:29,APARINDS,4.7938
2026-10-08,15:29,APCOTEXIND,-6.5371
2026-10-08,15:29,APLAPOLLO,-4.6417
2026-10-08,15:29,APLLTD,-0.3237
2026-10-08,15:29,APOLLO,1.4115
2026-10-08,15:29,ARFIN,27.2125
2026-10-08,15:29,ARIES,5.8086
2026-10-08,15:29,ARIHANT,-3.308
2026-10-08,15:29,ARIHANTCAP,22.2919
2026-10-08,15:29,ARIS,-5.4346
2026-10-08,15:29,ARKADE,-6.8698
2026-10-08,15:29,ARROWGREEN,19.2752
2026-10-08,15:29,ARSSBL,0.0372
2026-10-08,15:29,ARTEMISMED,-4.7112
2026-10-08,15:29,ARVIND,-5.3403
2026-10-08,15:29,ASAHIINDIA,-1.7889
2026-10-08,15:29,ASHIANA,1.9165
2026-10-08,15:29,ASIANENE,1.7833
2026-10-08,15:29,ASIANHOTNR,10.0718
2026-10-08,15:29,ASIANTILES,-1.2508
2026-10-08,15:29,ASKAUTOLTD,-1.7515
2026-10-08,15:29,ASTAR,8.3143
2026-10-08,15:29,ASTEC,19.6735
2026-10-08,15:29,ASTRAL,-8.539
2026-10-08,15:29,ASTRAMICRO,-4.5199
2026-10-08,15:29,ATHERENERG,-2.3204
2026-10-08,15:29,ATL,-7.2901
2026-10-08,15:29,ATLANTAELE,5.0593
2026-10-08,15:29,ATUL,-8.7717
2026-10-08,15:29,AUROPHARMA,1.6813
2026-10-08,15:29,AURUM,-3.8357
2026-10-08,15:29,AUTOAXLES,-7.0702
2026-10-08,15:29,AVADHSUGAR,16.5478
2026-10-08,15:29,AVALON,9.022
2026-10-08,15:29,AVANTEL,-7.9034
2026-10-08,15:29,AVL,5.14
2026-10-08,15:29,AVTNPL,-1.9732
2026-10-08,15:29,AXISBANK,0.8097
2026-10-08,15:29,AXISCADES,29.5181
2026-10-08,15:29,AYE,-6.9718
2026-10-08,15:29,AYMSYNTEX,6.7361
2026-10-08,15:29,AZAD,2.824
2026-10-08,15:29,BAFNAPH,53.3583
2026-10-08,15:29,BAJAJCON,7.4937
2026-10-08,15:29,BAJAJHCARE,-1.6401
2026-10-08,15:29,BAJAJHFL,-2.2376
2026-10-08,15:29,BAJAJHLDNG,-6.1116
2026-10-08,15:29,BALRAMCHIN,3.1956
2026-10-08,15:29,BANCOINDIA,-4.5156
2026-10-08,15:29,BANKBARODA,-2.9046
2026-10-08,15:29,BANKINDIA,-8.0839
2026-10-08,15:29,BANSALWIRE,-1.5559
2026-10-08,15:29,BBOX,14.6807
2026-10-08,15:29,BEEKAY,-3.0621
2026-10-08,15:29,BELRISE,3.005
2026-10-08,15:29,BEML,-0.6136
2026-10-08,15:29,BENGALASM,-4.2741
2026-10-08,15:29,BEPL,-4.7678
2026-10-08,15:29,BERGEPAINT,-8.2181
2026-10-08,15:29,BFINVEST,-5.1119
2026-10-08,15:29,BGRENERGY,6.0102
2026-10-08,15:29,BHAGERIA,65.1739
2026-10-08,15:29,BHARTIARTL,-7.3138
2026-10-08,15:29,BHARTIHEXA,-5.7882
2026-10-08,15:29,BHEL,3.0216
2026-10-08,15:29,BIL,23.9787
2026-10-08,15:29,BIRLACABLE,37.8753
2026-10-08,15:29,BLACKBUCK,-2.2703
2026-10-08,15:29,BLACKROSE,-6.4615
2026-10-08,15:29,BLAL,-6.491
2026-10-08,15:29,BLEL,8.139
2026-10-08,15:29,BLISSGVS,18.9136
2026-10-08,15:29,BLKASHYAP,-0.591
2026-10-08,15:29,BLUEDART,-8.7596
2026-10-08,15:29,BLUESTARCO,0.264
2026-10-08,15:29,BLUESTONE,-1.4063
2026-10-08,15:29,BLUSPRING,7.0646
2026-10-08,15:29,BODALCHEM,100.9764
2026-10-08,15:29,BOROLTD,2.9451
2026-10-08,15:29,BOSCH-HCIL,16.7588
2026-10-08,15:29,BRIGHOTEL,-6.3185
2026-10-08,15:29,BSE,0.9628
2026-10-08,15:29,BSOFT,-6.5979
2026-10-08,15:29,CANHLIFE,-4.3627
2026-10-08,15:29,CANTABIL,-5.0502
2026-10-08,15:29,CAPILLARY,8.5031
2026-10-08,15:29,CAPITALSFB,-6.6308
2026-10-08,15:29,CAPLIPOINT,3.1151
2026-10-08,15:29,CARBORUNIV,9.2798
2026-10-08,15:29,CARERATING,-4.7139
2026-10-08,15:29,CASTROLIND,4.9229
2026-10-08,15:29,CCL,-4.404
2026-10-08,15:29,CEATLTD,-8.6813
2026-10-08,15:29,CEIGALL,15.3384
2026-10-08,15:29,CEINSYS,-7.745
2026-10-08,15:29,CELLO,5.9803
2026-10-08,15:29,CENTENKA,0.6431
2026-10-08,15:29,CENTRALBK,-2.4081
2026-10-08,15:29,CENTUM,26.4841
2026-10-08,15:29,CEWATER,-4.0121
2026-10-08,15:29,CGCL,0.7802
2026-10-08,15:29,CGPOWER,-1.8725
2026-10-08,15:29,CHALET,-7.6618
2026-10-08,15:29,CHEMCON,8.1984
2026-10-08,15:29,CHEMPLASTS,19.4354
2026-10-08,15:29,CHENNPETRO,9.2635
2026-10-08,15:29,CHEVIOT,-1.506
2026-10-08,15:29,CIEINDIA,-6.1371
2026-10-08,15:29,CIFL,-3.3541
2026-10-08,15:29,CIPLA,-8.1013
2026-10-08,15:29,CLEAN,-3.0539
2026-10-08,15:29,CLEANMAX,9.2891
2026-10-08,15:29,CMLL,-0.406
2026-10-08,15:29,CMRGREEN,-0.3212
2026-10-08,15:29,COALINDIA,1.3243
2026-10-08,15:29,COCKERILL,-2.0534
2026-10-08,15:29,COFFEEDAY,1.1597
2026-10-08,15:29,COFORGE,-4.1473
2026-10-08,15:29,COHANCE,-0.6736
2026-10-08,15:29,COLPAL,-7.5181
2026-10-08,15:29,CONFIPET,9.0559
2026-10-08,15:29,CONSOFINVT,2.657
2026-10-08,15:29,CONTROLPR,1.3549
2026-10-08,15:29,CORDELIA,-1.484
2026-10-08,15:29,CORONA,-4.9492
2026-10-08,15:29,CPPLUS,17.0532
2026-10-08,15:29,CRAFTSMAN,-3.2482
2026-10-08,15:29,CREST,-1.9236
2026-10-08,15:29,CRISIL,-1.6964
2026-10-08,15:29,CUB,-0.6904
2026-10-08,15:29,CUPID,26.5794
2026-10-08,15:29,CYIENT,10.7911
2026-10-08,15:29,CYIENTDLM,27.5492
2026-10-08,15:29,DABUR,-4.6197
2026-10-08,15:29,DALMIASUG,-8.7826
2026-10-08,15:29,DAMCAPITAL,-5.3555
2026-10-08,15:29,DATAMATICS,-6.8068
2026-10-08,15:29,DBL,-4.2063
2026-10-08,15:29,DBOL,8.9111
2026-10-08,15:29,DCBBANK,-5.2129
2026-10-08,15:29,DCI,-6.7405
2026-10-08,15:29,DCMSIL,-2.6735
2026-10-08,15:29,DCW,-2.3799
2026-10-08,15:29,DECCANCE,-5.5137
2026-10-08,15:29,DEEDEV,-6.0513
2026-10-08,15:29,DEEPAKFERT,-4.7808
2026-10-08,15:29,DEEPINDS,19.6952
2026-10-08,15:29,DELTACORP,27.3082
2026-10-08,15:29,DHAMPURSUG,1.775
2026-10-08,15:29,DHANBANK,-1.4191
2026-10-08,15:29,DHARMAJ,-3.0046
2026-10-08,15:29,DHOOTTRANS,-5.3458
2026-10-08,15:29,DHUNINV,-2.7558
2026-10-08,15:29,DIACABS,9.608
2026-10-08,15:29,DICIND,1.0343
2026-10-08,15:29,DIFFNKG,8.9785
2026-10-08,15:29,DISAQ,-4.5943
2026-10-08,15:29,DIVISLAB,7.0501
2026-10-08,15:29,DLF,-6.7355
2026-10-08,15:29,DMART,-8.3026
2026-10-08,15:29,DMCC,19.4966
2026-10-08,15:29,DOLLAR,1.8026
2026-10-08,15:29,DOLPHIN,1.6059
2026-10-08,15:29,DOMS,-7.0018
2026-10-08,15:29,DPABHUSHAN,54.7722
2026-10-08,15:29,DRAGARWQ,-3.1529
2026-10-08,15:29,DRREDDY,-1.1311
2026-10-08,15:29,DSSL,-5.426
2026-10-08,15:29,DVL,-3.788
2026-10-08,15:29,DYCL,-1.0158
2026-10-08,15:29,DYNAMATECH,16.3019
2026-10-08,15:29,E2E,19.7535
2026-10-08,15:29,EBGNG,18.3668
2026-10-08,15:29,ECLERX,-1.7398
2026-10-08,15:29,ECOSMOBLTY,-2.831
2026-10-08,15:29,EDELWEISS,-0.3433
2026-10-08,15:29,EIEL,-7.0618
2026-10-08,15:29,EIFFL,-2.2218
2026-10-08,15:29,EIHAHOTELS,-3.2414
2026-10-08,15:29,EIHOTEL,-3.815
2026-10-08,15:29,EIMCOELECO,-0.152
2026-10-08,15:29,EKC,-8.5784
2026-10-08,15:29,ELANTAS,16.6123
2026-10-08,15:29,ELDEHSG,-5.7796
2026-10-08,15:29,ELECON,-2.1818
2026-10-08,15:29,ELECTCAST,-3.0422
2026-10-08,15:29,ELGIEQUIP,-5.1209
2026-10-08,15:29,ELPROINTL,0.0115
2026-10-08,15:29,EMAMILTD,-8.8031
2026-10-08,15:29,EMAMIPAP,-3.3894
2026-10-08,15:29,EMCURE,0.2491
2026-10-08,15:29,EMIL,7.192
2026-10-08,15:29,EMKAY,9.9272
2026-10-08,15:29,EMUDHRA,4.8574
2026-10-08,15:29,ENGINERSIN,15.4246
2026-10-08,15:29,ENRIN,-6.1836
2026-10-08,15:29,ENTERO,3.417
2026-10-08,15:29,EPACKPEB,8.5684
2026-10-08,15:29,ESAFSFB,-2.6097
2026-10-08,15:29,ESTER,-1.2414
2026-10-08,15:29,ETERNAL,-3.6103
2026-10-08,15:29,EVEREADY,-6.774
2026-10-08,15:29,EVERESTIND,15.4567
2026-10-08,15:29,EXCELSOFT,15.2554
2026-10-08,15:29,EXICOM,-6.501
2026-10-08,15:29,EXPLEOSOL,-2.1651
2026-10-08,15:29,FABTECH,-5.8529
2026-10-08,15:29,FAIRCHEMOR,8.081
2026-10-08,15:29,FCL,14.7807
2026-10-08,15:29,FDC,-5.7035
2026-10-08,15:29,FEDDERSHOL,52.381
2026-10-08,15:29,FEDERALBNK,-7.4795
2026-10-08,15:29,FEDFINA,-8.6216
2026-10-08,15:29,FILATEX,33.65
2026-10-08,15:29,FINCABLES,11.299
2026-10-08,15:29,FINEORG,3.7325
2026-10-08,15:29,FINOPB,0
2026-10-08,15:29,FINPIPE,-8.0155
2026-10-08,15:29,FIVESTAR,0.2395
2026-10-08,15:29,FLUOROCHEM,-3.606
2026-10-08,15:29,FORCEMOT,-4.1937
2026-10-08,15:29,FOSECOIND,12.9641
2026-10-08,15:29,FRONTSP,9.1826
2026-10-08,15:29,FSL,-3.2861
2026-10-08,15:29,GABRIEL,-0.7875
2026-10-08,15:29,GAIL,-4.4444
2026-10-08,15:29,GALAPREC,2.4707
2026-10-08,15:29,GALAXYSURF,5.3629
2026-10-08,15:29,GANDHAR,16.0637
2026-10-08,15:29,GANDHITUBE,5.8634
2026-10-08,15:29,GANECOS,-8.5869
2026-10-08,15:29,GANESHBE,-6.8974
2026-10-08,15:29,GARFIBRES,-4.416
2026-10-08,15:29,GATEWAY,-4.9121
2026-10-08,15:29,GCSL,33.3875
2026-10-08,15:29,GEECEE,-4.3266
2026-10-08,15:29,GENESYS,30.5018
2026-10-08,15:29,GEOJITFSL,-7.0569
2026-10-08,15:29,GESHIP,13.9356
2026-10-08,15:29,GFLLIMITED,0.9932
2026-10-08,15:29,GHCLTEXTIL,-0.3981
2026-10-08,15:29,GICHSGFIN,-6.5081
2026-10-08,15:29,GILLETTE,-2.3592
2026-10-08,15:29,GKSL,18.5294
2026-10-08,15:29,GLAND,9.0101
2026-10-08,15:29,GLENMARK,-8.6583
2026-10-08,15:29,GLOBAL,32.518
2026-10-08,15:29,GMBREW,-0.0113
2026-10-08,15:29,GMMPFAUDLR,33.3864
2026-10-08,15:29,GMRP&UI,1.0405
2026-10-08,15:29,GNA,1.6217
2026-10-08,15:29,GNFC,1.9133
2026-10-08,15:29,GNRL,-4.0386
2026-10-08,15:29,GODAVARIB,-8.3665
2026-10-08,15:29,GODIGIT,1.024
2026-10-08,15:29,GODREJAGRO,4.8926
2026-10-08,15:29,GODREJCP,-6.9092
2026-10-08,15:29,GOODLUCK,8.8996
2026-10-08,15:29,GPPL,1.2948
2026-10-08,15:29,GPTHEALTH,-6.5368
2026-10-08,15:29,GPTINFRA,6.0002
2026-10-08,15:29,GRANDOAK,-0.6897
2026-10-08,15:29,GRANULES,-3.6527
2026-10-08,15:29,GRAPHITE,13.8528
2026-10-08,15:29,GRAUWEIL,14.9934
2026-10-08,15:29,GREAVESCOT,10.1103
2026-10-08,15:29,GREENPANEL,-1.388
2026-10-08,15:29,GREENPLY,6.1827
2026-10-08,15:29,GRINDWELL,0.0598
2026-10-08,15:29,GROWW,-5.1278
2026-10-08,15:29,GRWRHITECH,-4.6118
2026-10-08,15:29,GSFC,-7.9543
2026-10-08,15:29,GTPL,-0.4924
2026-10-08,15:29,GUFICBIO,-2.3208
2026-10-08,15:29,GULFOILLUB,-5.6393
2026-10-08,15:29,GVPIL,1.8076
2026-10-08,15:29,GVT&D,0.3584
2026-10-08,15:29,GYFTR,6.6194
2026-10-08,15:29,HAL,-5.1551
2026-10-08,15:29,HALDYNGL,5.0242
2026-10-08,15:29,HARIOMPIPE,-6.4193
2026-10-08,15:29,HARSHA,3.2921
2026-10-08,15:29,HATSUN,8.753
2026-10-08,15:29,HAWKINCOOK,-2.122
2026-10-08,15:29,HBLENGINE,4.3982
2026-10-08,15:29,HDFCBANK,-4.8454
2026-10-08,15:29,HDFCLIFE,-0.4024
2026-10-08,15:29,HEALTHX,-1.2641
2026-10-08,15:29,HEG,3.5677
2026-10-08,15:29,HERANBA,-7.0121
2026-10-08,15:29,HERITGFOOD,-1.5647
2026-10-08,15:29,HEXAGON,-1.7476
2026-10-08,15:29,HEXATRADEX,-4.4951
2026-10-08,15:29,HFCL,8.5291
2026-10-08,15:29,HIKAL,1.8429
2026-10-08,15:29,HINDCOMPOS,0.8586
2026-10-08,15:29,HINDOILEXP,6.8298
2026-10-08,15:29,HITECHCORP,4.5014
2026-10-08,15:29,HITECHGEAR,2.4891
2026-10-08,15:29,HLEGLAS,41.2286
2026-10-08,15:29,HMAAGRO,11.7313
2026-10-08,15:29,HONASA,-3.7075
2026-10-08,15:29,HSCL,0.0455
2026-10-08,15:29,IBULLSLTD,28.756
2026-10-08,15:29,ICICIAMC,-6.8473
2026-10-08,15:29,ICICIBANK,-5.1803
2026-10-08,15:29,ICICIGI,0.495
2026-10-08,15:29,ICIL,6.2722
2026-10-08,15:29,IDBI,-5.8091
2026-10-08,15:29,IDFCFIRSTB,-7.6941
2026-10-08,15:29,IGARASHI,-8.0575
2026-10-08,15:29,IGL,-4.4727
2026-10-08,15:29,IGPL,16.4635
2026-10-08,15:29,IIFLCAPS,2.7616
2026-10-08,15:29,IKIO,-5.5211
2026-10-08,15:29,IKS,-2.2223
2026-10-08,15:29,IL&FSENGG,7.7374
2026-10-08,15:29,IMAGICAA,-5.3826
2026-10-08,15:29,INDGN,4.0103
2026-10-08,15:29,INDHOTEL,-2.5137
2026-10-08,15:29,INDIAGLYCO,52.4562
2026-10-08,15:29,INDIAMART,-8.4328
2026-10-08,15:29,INDIANB,-7.9954
2026-10-08,15:29,INDIASHLTR,-1.883
2026-10-08,15:29,INDIGO,-7.7597
2026-10-08,15:29,INDIGOPNTS,-8.8212
2026-10-08,15:29,INDIQUBE,-0.3169
2026-10-08,15:29,INDNIPPON,10.9098
2026-10-08,15:29,INDOAMIN,23.494
2026-10-08,15:29,INDOBORAX,-1.0669
2026-10-08,15:29,INDOCO,5.13
2026-10-08,15:29,INDOFARM,-2.8497
2026-10-08,15:29,INDOMIM,39.1842
2026-10-08,15:29,INDORAMA,45.5477
2026-10-08,15:29,INDPRUD,1.6129
2026-10-08,15:29,INDSWFTLAB,12.8615
2026-10-08,15:29,INDUSTOWER,-3.6798
2026-10-08,15:29,INFOBEAN,-6.2231
2026-10-08,15:29,INNOVACAP,8.564
2026-10-08,15:29,INNOVANA,-8.7335
2026-10-08,15:29,INNOVISION,-1.7868
2026-10-08,15:29,INOXINDIA,7.3316
2026-10-08,15:29,INSECTICID,-1.372
2026-10-08,15:29,INTERARCH,0.4923
2026-10-08,15:29,INTLCONV,4.9324
2026-10-08,15:29,INVPRECQ,18.6574
2026-10-08,15:29,IOB,-7.7203
2026-10-08,15:29,IOLCP,19.2493
2026-10-08,15:29,IONEXCHANG,6.1299
2026-10-08,15:29,IPCALAB,0.5134
2026-10-08,15:29,IPL,-6.8953
2026-10-08,15:29,IRCTC,-6.7765
2026-10-08,15:29,IRISDOREME,3.1992
2026-10-08,15:29,IRMENERGY,-7.7477
2026-10-08,15:29,ISGEC,20.2016
2026-10-08,15:29,ITC,-6.0427
2026-10-08,15:29,ITCHOTELS,-6.9839
2026-10-08,15:29,ITDC,-2.9416
2026-10-08,15:29,IXIGO,-8.5585
2026-10-08,15:29,IZMO,1.5682
2026-10-08,15:29,JAGRAN,-0.3731
2026-10-08,15:29,JAGSNPHARM,-4.0302
2026-10-08,15:29,JAIBALAJI,4.5725
2026-10-08,15:29,JAINREC,-2.5485
2026-10-08,15:29,JAMNAAUTO,22.6274
2026-10-08,15:29,JASH,16.8387
2026-10-08,15:29,JAYBARMARU,4.082
2026-10-08,15:29,JAYKAY,51.4086
2026-10-08,15:29,JGCHEM,10.3014
2026-10-08,15:29,JINDALPHOT,-2.8539
2026-10-08,15:29,JINDALPOLY,-1.7863
2026-10-08,15:29,JINDALSAW,-4.0994
2026-10-08,15:29,JINDRILL,-6.5108
2026-10-08,15:29,JINDWORLD,22.8261
2026-10-08,15:29,JISLJALEQS,-3.3274
2026-10-08,15:29,JKCEMENT,-4.4444
2026-10-08,15:29,JKPAPER,-5.5413
2026-10-08,15:29,JMFINANCIL,-7.5082
2026-10-08,15:29,JNKINDIA,-6.0613
2026-10-08,15:29,JNPR,5.9816
2026-10-08,15:29,JPOLYINVST,-7.9069
2026-10-08,15:29,JSL,0.5988
2026-10-08,15:29,JSWDULUX,-4.0202
2026-10-08,15:29,JSWHL,-2.5162
2026-10-08,15:29,JSWINFRA,-2.9656
2026-10-08,15:29,JTLIND,6.3309
2026-10-08,15:29,JUBLPHARMA,3.9648
2026-10-08,15:29,JUNIPER,1.7291
2026-10-08,15:29,JUSTDIAL,-3.6311
2026-10-08,15:29,JYOTICNC,2.0153
2026-10-08,15:29,KABRAEXTRU,26.578
2026-10-08,15:29,KAJARIACER,-0.2719
2026-10-08,15:29,KALPATARU,-6.8959
2026-10-08,15:29,KAMAHOLD,-6.9662
2026-10-08,15:29,KAMATHOTEL,10.7923
2026-10-08,15:29,KAMDHENU,3.5835
2026-10-08,15:29,KANORICHEM,11.6703
2026-10-08,15:29,KAPSTON,6.0411
2026-10-08,15:29,KARURVYSYA,-4.8555
2026-10-08,15:29,KAVDEFENCE,57.3853
2026-10-08,15:29,KDDL,-1.3097
2026-10-08,15:29,KECL,-4.5726
2026-10-08,15:29,KENNAMET,-0.4114
2026-10-08,15:29,KILITCH,42.8321
2026-10-08,15:29,KINGFA,15.1366
2026-10-08,15:29,KIOCL,-7.7014
2026-10-08,15:29,KIRANVYPAR,-1.6346
2026-10-08,15:29,KIRIINDUS,8.7929
2026-10-08,15:29,KIRLFER,5.0056
2026-10-08,15:29,KIRLOSENG,6.5885
2026-10-08,15:29,KIRLOSIND,-6.1603
2026-10-08,15:29,KIRLPNU,-7.1478
2026-10-08,15:29,KISSHT,19.9323
2026-10-08,15:29,KKCL,-8.3325
2026-10-08,15:29,KLBRENG-B,26.9739
2026-10-08,15:29,KMEW,21.2878
2026-10-08,15:29,KNACK,2.8385
2026-10-08,15:29,KNAGRI,-7.0685
2026-10-08,15:29,KOKUYOCMLN,-7.3948
2026-10-08,15:29,KOLTEPATIL,-7.8463
2026-10-08,15:29,KOPRAN,32.1039
2026-10-08,15:29,KOTAKBANK,8.3167
2026-10-08,15:29,KOTIC,5.7604
2026-10-08,15:29,KOVAI,-1.5705
2026-10-08,15:29,KPIGREEN,1.2529
2026-10-08,15:29,KPIL,1.2352
2026-10-08,15:29,KPL,4.7493
2026-10-08,15:29,KPRMILL,-5.9554
2026-10-08,15:29,KRBL,-8.7352
2026-10-08,15:29,KRISHANA,-6.4594
2026-10-08,15:29,KRISHNADEF,20.3959
2026-10-08,15:29,KRN,-7.2337
2026-10-08,15:29,KRONOX,7.7684
2026-10-08,15:29,KROSS,14.6287
2026-10-08,15:29,KRSNAA,-5.8162
2026-10-08,15:29,KRYSTAL,1.9564
2026-10-08,15:29,KSB,-3.2571
2026-10-08,15:29,KSHINTL,4.8959
2026-10-08,15:29,KSL,8.1045
2026-10-08,15:29,KTKBANK,-4.1243
2026-10-08,15:29,KUANTUM,2.7038
2026-10-08,15:29,KUSUMGAR,1.4686
2026-10-08,15:29,LALITHAA,50.6584
2026-10-08,15:29,LALPATHLAB,-0.7734
2026-10-08,15:29,LAURUSLABS,7.0571
2026-10-08,15:29,LAXMIDENTL,-0.3004
2026-10-08,15:29,LCL,3.6968
2026-10-08,15:29,LEMONTREE,0.7692
2026-10-08,15:29,LENSKART,-0.3049
2026-10-08,15:29,LGBBROSLTD,4.0273
2026-10-08,15:29,LGEINDIA,1.9285
2026-10-08,15:29,LGHL,22.3233
2026-10-08,15:29,LICHSGFIN,6.1265
2026-10-08,15:29,LIKHITHA,7.2588
2026-10-08,15:29,LINDEINDIA,-7.1995
2026-10-08,15:29,LLOYDSENGG,12.1894
2026-10-08,15:29,LLOYDSENT,0.405
2026-10-08,15:29,LLOYDSME,-2.6617
2026-10-08,15:29,LOKESHMACH,43.0831
2026-10-08,15:29,LOTUSDEV,28.7343
2026-10-08,15:29,LUMAXTECH,-8.3795
2026-10-08,15:29,LXCHEM,6.7625
2026-10-08,15:29,MACPOWER,4.0988
2026-10-08,15:29,MAFATIND,-8.1459
2026-10-08,15:29,MAGADSUGAR,-6.4738
2026-10-08,15:29,MAHABANK,0.4284
2026-10-08,15:29,MAHLOG,-1.0758
2026-10-08,15:29,MAHSEAMLES,1.2096
2026-10-08,15:29,MAMATA,-6.0185
2026-10-08,15:29,MANAKCOAT,1.8051
2026-10-08,15:29,MANAKSTEEL,22.3657
2026-10-08,15:29,MANALIPETC,14.7055
2026-10-08,15:29,MANBA,15.0537
2026-10-08,15:29,MANGLMCEM,-8.0909
2026-10-08,15:29,MANINDS,20.5692
2026-10-08,15:29,MANINFRA,3.4077
2026-10-08,15:29,MANKIND,0.6342
2026-10-08,15:29,MANORAMA,4.3821
2026-10-08,15:29,MANYAVAR,-8.6859
2026-10-08,15:29,MARICO,-8.2891
2026-10-08,15:29,MARINE,21.178
2026-10-08,15:29,MARKSANS,-3.3595
2026-10-08,15:29,MARSONS,2.7472
2026-10-08,15:29,MASTEK,-0.9181
2026-10-08,15:29,MASTERTR,-1.485
2026-10-08,15:29,MATRIMONY,-0.2793
2026-10-08,15:29,MAWANASUG,0.9953
2026-10-08,15:29,MAXESTATES,-4.3701
2026-10-08,15:29,MAXIND,5.1507
2026-10-08,15:29,MAYURUNIQ,0.6037
2026-10-08,15:29,MAZDA,13.1706
2026-10-08,15:29,MBAPL,-3.0436
2026-10-08,15:29,MBECL,15299.3506
2026-10-08,15:29,MBEL,-2.3856
2026-10-08,15:29,MCCHRLS-B,0.2897
2026-10-08,15:29,MCX,-0.7439
2026-10-08,15:29,MEDPLUS,-6.82
2026-10-08,15:29,MEESHO,12.5388
2026-10-08,15:29,MEIL,-3.6206
2026-10-08,15:29,MENONBE,8.5444
2026-10-08,15:29,MERCURYEV,-2.4599
2026-10-08,15:29,METROBRAND,-8.8331
2026-10-08,15:29,METROPOLIS,-7.2084
2026-10-08,15:29,MGL,-5.2206
2026-10-08,15:29,MICEL,-6.1281
2026-10-08,15:29,MIDHANI,6.793
2026-10-08,15:29,MILKYMIST,62.6139
2026-10-08,15:29,MMP,24.0056
2026-10-08,15:29,MOBIKWIK,24.0903
2026-10-08,15:29,MODIS,-0.7406
2026-10-08,15:29,MODISONLTD,11.9441
2026-10-08,15:29,MOL,-7.6308
2026-10-08,15:29,MOLBIO,20.5198
2026-10-08,15:29,MOLDTECH,9.6116
2026-10-08,15:29,MOLDTKPAC,-7.7391
2026-10-08,15:29,MONTECARLO,-5.577
2026-10-08,15:29,MOREPENLAB,45.4207
2026-10-08,15:29,MOTHERSON,-8.0324
2026-10-08,15:29,MOTILALOFS,0.2768
2026-10-08,15:29,MPHASIS,-5.2839
2026-10-08,15:29,MPSLTD,-4.8538
2026-10-08,15:29,MRF,-7.4304
2026-10-08,15:29,MRPL,1.1697
2026-10-08,15:29,MSTCLTD,-8.1805
2026-10-08,15:29,MTARTECH,13.2929
2026-10-08,15:29,MUFIN,-3.5792
2026-10-08,15:29,MUKANDLTD,28.9986
2026-10-08,15:29,MUKKA,2.3662
2026-10-08,15:29,MVELECTRO,55.8539
2026-10-08,15:29,MVGJL,37.7579
2026-10-08,15:29,NAHARPOLY,-8.5206
2026-10-08,15:29,NATCOPHARM,-8.1789
2026-10-08,15:29,NAVA,-3.9598
2026-10-08,15:29,NAVINFLUOR,2.5399
2026-10-08,15:29,NAZARA,5.0279
2026-10-08,15:29,NCLIND,-7.8045
2026-10-08,15:29,NDRAUTO,-6.9545
2026-10-08,15:29,NELCAST,23.1573
2026-10-08,15:29,NELCO,-6.5471
2026-10-08,15:29,NEOGEN,12.0808
2026-10-08,15:29,NESCO,-0.3007
2026-10-08,15:29,NEULANDLAB,-8.4234
2026-10-08,15:29,NGLFINE,6.9584
2026-10-08,15:29,NHPC,-6.4866
2026-10-08,15:29,NILKAMAL,-8.0163
2026-10-08,15:29,NINSYS,13.8862
2026-10-08,15:29,NIRLON,-3.6369
2026-10-08,15:29,NITINSPIN,-4.3694
2026-10-08,15:29,NITTAGELA,5.8017
2026-10-08,15:29,NIVABUPA,-6.4656
2026-10-08,15:29,NOCIL,1.1163
2026-10-08,15:29,NORTHARC,-3.7545
2026-10-08,15:29,NOVARTIND,33.7348
2026-10-08,15:29,NPST,11.3308
2026-10-08,15:29,NRAIL,27.7642
2026-10-08,15:29,NRBBEARING,8.5301
2026-10-08,15:29,NRL,29.8096
2026-10-08,15:29,NSLNISP,-2.1277
2026-10-08,15:29,NTPCGREEN,-0.9274
2026-10-08,15:29,NUVAMA,-0.9803
2026-10-08,15:29,NUVOCO,0.1711
2026-10-08,15:29,NYKAA,-0.509
2026-10-08,15:29,OAL,46.5579
2026-10-08,15:29,OCCLLTD,29.69
2026-10-08,15:29,OIL,-4.385
2026-10-08,15:29,OLAELEC,-4.337
2026-10-08,15:29,OMAXE,-1.2145
2026-10-08,15:29,OMNI,10.312
2026-10-08,15:29,OMPOWER,-0.9481
2026-10-08,15:29,ONEPOINT,42.0166
2026-10-08,15:29,ONESOURCE,-2.4998
2026-10-08,15:29,ONGC,-6.0684
2026-10-08,15:29,ONMOBILE,-5.863
2026-10-08,15:29,ONWARDTEC,3.5501
2026-10-08,15:29,OPTIEMUS,37.1014
2026-10-08,15:29,ORBTEXP,-0.9537
2026-10-08,15:29,ORCHPHARMA,-5.5221
2026-10-08,15:29,ORIENTBELL,9.7674
2026-10-08,15:29,ORIENTCER,-3.6969
2026-10-08,15:29,ORIENTHOT,-1.7445
2026-10-08,15:29,ORIENTTECH,-4.2819
2026-10-08,15:29,ORKLAINDIA,-2.8284
2026-10-08,15:29,PAGEIND,2.6761
2026-10-08,15:29,PAISALO,17.0876
2026-10-08,15:29,PANACHE,8.8684
2026-10-08,15:29,PANAMAPET,5.1274
2026-10-08,15:29,PARADEEP,-5.6882
2026-10-08,15:29,PARAGMILK,21.3
2026-10-08,15:29,PARKHOSPS,-8.1676
2026-10-08,15:29,PASUPTAC,14.656
2026-10-08,15:29,PATANJALI,1.1684
2026-10-08,15:29,PATELRMART,-1.26
2026-10-08,15:29,PAYTM,-4.4529
2026-10-08,15:29,PCBL,-0.5761
2026-10-08,15:29,PDMJEPAPER,4.8944
2026-10-08,15:29,PDSL,-7.8868
2026-10-08,15:29,PENIND,9.2475
2026-10-08,15:29,PERSISTENT,-3.3068
2026-10-08,15:29,PETRONET,-1.3675
2026-10-08,15:29,PFS,-5.6826
2026-10-08,15:29,PGIL,9.3652
2026-10-08,15:29,PHOENIXLTD,-8.228
2026-10-08,15:29,PINELABS,3.7266
2026-10-08,15:29,PITTIENG,-5.0921
2026-10-08,15:29,PIXTRANS,-2.0482
2026-10-08,15:29,PLASTIBLEN,5.4671
2026-10-08,15:29,PLATIND,-8.2589
2026-10-08,15:29,PNB,-0.5521
2026-10-08,15:29,PNBHOUSING,-2.7073
2026-10-08,15:29,PNGJL,-3.1869
2026-10-08,15:29,PNGSREVA,30.7413
2026-10-08,15:29,POLYMED,-7.305
2026-10-08,15:29,POONAWALLA,-7.9945
2026-10-08,15:29,POWERICA,10.0038
2026-10-08,15:29,POWERINDIA,-7.1021
2026-10-08,15:29,POWERMECH,-2.2969
2026-10-08,15:29,PPL,-7.7782
2026-10-08,15:29,PPLPHARMA,-5.4307
2026-10-08,15:29,PRABHA,2.5553
2026-10-08,15:29,PRADPME,15.2451
2026-10-08,15:29,PRECWIRE,19.7693
2026-10-08,15:29,PREMEXPLN,3.5309
2026-10-08,15:29,PREMIERPOL,8.804
2026-10-08,15:29,PRIMESECU,6.578
2026-10-08,15:29,PRIMO,18.1731
2026-10-08,15:29,PRIVISCL,0.0435
2026-10-08,15:29,PROSTARM,-6.0336
2026-10-08,15:29,PROTEAN,12.3779
2026-10-08,15:29,PROZONER,17.3709
2026-10-08,15:29,PRUDENT,-3.759
2026-10-08,15:29,PTC,-5.9981
2026-10-08,15:29,PTCIL,15.8837
2026-10-08,15:29,PTL,-1.946
2026-10-08,15:29,PUNJABCHEM,-5.9233
2026-10-08,15:29,PURVA,-7.1265
2026-10-08,15:29,PVP,-2.1422
2026-10-08,15:29,PVRINOX,6.3526
2026-10-08,15:29,PWL,15.7643
2026-10-08,15:29,PYRAMID,-7.3537
2026-10-08,15:29,QPOWER,17.0422
2026-10-08,15:29,QUADFUTURE,20.8483
2026-10-08,15:29,QUESS,-7.5648
2026-10-08,15:29,QUICKHEAL,-2.6222
2026-10-08,15:29,RACLGEAR,-0.6022
2026-10-08,15:29,RADHIKAJWE,1.853
2026-10-08,15:29,RADICO,-4.6436
2026-10-08,15:29,RAIN,5.5414
2026-10-08,15:29,RAJOOENG,20.9772
2026-10-08,15:29,RALLIS,-8.0637
2026-10-08,15:29,RAMBHAJO,67.2373
2026-10-08,15:29,RAMCOSYS,-3.7087
2026-10-08,15:29,RAMRAT,24.8391
2026-10-08,15:29,RANEHOLDIN,-4.962
2026-10-08,15:29,RATNAMANI,-7.8407
2026-10-08,15:29,RATNAVEER,25.7829
2026-10-08,15:29,RAYMOND,86.081
2026-10-08,15:29,RAYMONDREL,17.7724
2026-10-08,15:29,RBLBANK,4.349
2026-10-08,15:29,RBZJEWEL,36.5864
2026-10-08,15:29,REDINGTON,10.0241
2026-10-08,15:29,REDTAPE,-6.3942
2026-10-08,15:29,RELIGARE,-3.4493
2026-10-08,15:29,RELINFRA,-8.149
2026-10-08,15:29,REPCOHOME,-4.9619
2026-10-08,15:29,RESPONIND,-0.4684
2026-10-08,15:29,RGL,17.1295
2026-10-08,15:29,RHIM,-0.8374
2026-10-08,15:29,RICOAUTO,-7.827
2026-10-08,15:29,RISHABH,-6.3394
2026-10-08,15:29,RKFORGE,-2.8221
2026-10-08,15:29,RMDRIP,12.3117
2026-10-08,15:29,RML,12.9391
2026-10-08,15:29,ROHLTD,-2.8976
2026-10-08,15:29,ROLEXRINGS,-6.7317
2026-10-08,15:29,ROSSTECH,49.4835
2026-10-08,15:29,ROTO,-7.1407
2026-10-08,15:29,RPEL,7.1175
2026-10-08,15:29,RPGLIFE,8.7909
2026-10-08,15:29,RPSGVENT,-2.409
2026-10-08,15:29,RPTECH,15.3121
2026-10-08,15:29,RRKABEL,-3.7413
2026-10-08,15:29,RSL,4.6373
2026-10-08,15:29,RSWM,-1.7809
2026-10-08,15:29,RSYSTEMS,-0.1234
2026-10-08,15:29,RUBYMILLS,26.6284
2026-10-08,15:29,RUSTOMJEE,-4.062
2026-10-08,15:29,SAATVIKGL,-5.8315
2026-10-08,15:29,SAGILITY,0.7671
2026-10-08,15:29,SAILIFE,3.4421
2026-10-08,15:29,SAIPARENT,-5.1999
2026-10-08,15:29,SAKAR,13.2847
2026-10-08,15:29,SALSTEEL,19.3852
2026-10-08,15:29,SAMBHV,22.268
2026-10-08,15:29,SANATHAN,11.3042
2026-10-08,15:29,SANDESH,-3.1016
2026-10-08,15:29,SANGAMIND,6.8871
2026-10-08,15:29,SANOFI,-6.832
2026-10-08,15:29,SANSERA,8.9408
2026-10-08,15:29,SARDAEN,-2.8825
2026-10-08,15:29,SAREGAMA,-4.5274
2026-10-08,15:29,SARLAPOLY,-7.4209
2026-10-08,15:29,SATIA,16.9433
2026-10-08,15:29,SATIN,-1.7935
2026-10-08,15:29,SAYAJIHOTL,-5.2534
2026-10-08,15:29,SBC,58.3814
2026-10-08,15:29,SBCL,3.1669
2026-10-08,15:29,SBILIFE,-4.1311
2026-10-08,15:29,SCHAEFFLER,-6.6409
2026-10-08,15:29,SCHAND,4.409
2026-10-08,15:29,SCHNEIDER,3.9253
2026-10-08,15:29,SCI,-2.5512
2026-10-08,15:29,SCILAL,-7.7634
2026-10-08,15:29,SCODATUBES,-7.8386
2026-10-08,15:29,SCPL,-7.4977
2026-10-08,15:29,SDBL,-3.0936
2026-10-08,15:29,SEAMECLTD,-4.6617
2026-10-08,15:29,SEDEMAC,4.877
2026-10-08,15:29,SEJALLTD,-0.804
2026-10-08,15:29,SENCO,-8.5582
2026-10-08,15:29,SESHAPAPER,1.2458
2026-10-08,15:29,SETL,29.7379
2026-10-08,15:29,SFL,-6.264
2026-10-08,15:29,SGFIN,-7.7944
2026-10-08,15:29,SGIL,5.3697
2026-10-08,15:29,SHADOWFAX,11.3663
2026-10-08,15:29,SHAILY,-5.4096
2026-10-08,15:29,SHALPAINTS,-6.9745
2026-10-08,15:29,SHANKESH,-3.1428
2026-10-08,15:29,SHANTIGEAR,-0.1613
2026-10-08,15:29,SHANTIGOLD,32.8421
2026-10-08,15:29,SHARDACROP,-5.4209
2026-10-08,15:29,SHARDAMOTR,1.1494
2026-10-08,15:29,SHAREINDIA,7.6932
2026-10-08,15:29,SHILCTECH,0.6199
2026-10-08,15:29,SHILPAMED,19.0064
2026-10-08,15:29,SHINDL,-3.2497
2026-10-08,15:29,SHIPROCKET,-2.7642
2026-10-08,15:29,SHIVALIK,24.69
2026-10-08,15:29,SHIVAUM,25.3267
2026-10-08,15:29,SHOPERSTOP,-2.5089
2026-10-08,15:29,SHREEJISPG,24.0511
2026-10-08,15:29,SHREEPUSHK,7.5094
2026-10-08,15:29,SHREERAMA,-6.2585
2026-10-08,15:29,SHRINGARMS,-3.407
2026-10-08,15:29,SHRIPISTON,-7.7647
2026-10-08,15:29,SHYAMMETL,6.0227
2026-10-08,15:29,SIGMAADV,49.7185
2026-10-08,15:29,SIGNPOST,1.6966
2026-10-08,15:29,SIKA,1.0809
2026-10-08,15:29,SIMPLEXINF,-2.1591
2026-10-08,15:29,SIRCA,-7.6464
2026-10-08,15:29,SIS,-0.4115
2026-10-08,15:29,SIYSIL,-4.3459
2026-10-08,15:29,SKFINDUS,-4.0044
2026-10-08,15:29,SKIPPER,-5.772
2026-10-08,15:29,SKYGOLD,5.0101
2026-10-08,15:29,SMCGLOBAL,36.7013
2026-10-08,15:29,SMLMAH,12.683
2026-10-08,15:29,SMSPHARMA,25.2278
2026-10-08,15:29,SNOWMAN,-8.0814
2026-10-08,15:29,SOBHA,-7.4861
2026-10-08,15:29,SOFTTECH,7.2695
2026-10-08,15:29,SOLARA,4.1922
2026-10-08,15:29,SOLARINDS,0.3535
2026-10-08,15:29,SOMANYCERA,11.3563
2026-10-08,15:29,SONACOMS,-1.9535
2026-10-08,15:29,SOTL,13.4417
2026-10-08,15:29,SOUTHBANK,2.2933
2026-10-08,15:29,SOUTHWEST,-8.328
2026-10-08,15:29,SPAL,-2.8427
2026-10-08,15:29,SPARC,-3.4557
2026-10-08,15:29,SPECIALITY,3.1287
2026-10-08,15:29,SPECTRUM,73.9841
2026-10-08,15:29,SPLPETRO,11.91
2026-10-08,15:29,SREEL,7.9927
2026-10-08,15:29,SRF,-3.4874
2026-10-08,15:29,SRHHYPOLTD,13.3185
2026-10-08,15:29,SSWL,41.0168
2026-10-08,15:29,STALLION,-2.7585
2026-10-08,15:29,STANLEY,-5.767
2026-10-08,15:29,STAR,11.0176
2026-10-08,15:29,STARHEALTH,-6.4082
2026-10-08,15:29,STEELCAS,6.2841
2026-10-08,15:29,STEL,-7.4421
2026-10-08,15:29,STERTOOLS,4.5061
2026-10-08,15:29,STLNETWORK,87.3344
2026-10-08,15:29,STLTECH,55.3005
2026-10-08,15:29,STOVEKRAFT,0.9681
2026-10-08,15:29,STUDDS,-7.7094
2026-10-08,15:29,STYLAMIND,-8.7795
2026-10-08,15:29,STYLEBAAZA,-5.6147
2026-10-08,15:29,STYRENIX,-4.9745
2026-10-08,15:29,SUDARSCHEM,-4.4262
2026-10-08,15:29,SUDEEPPHRM,-1.0912
2026-10-08,15:29,SUMMITSEC,-8.2472
2026-10-08,15:29,SUNDRMFAST,-8.1773
2026-10-08,15:29,SUNDROP,12.8386
2026-10-08,15:29,SUNFLAG,29.3814
2026-10-08,15:29,SUNPHARMA,-8.4391
2026-10-08,15:29,SUNSHINE,17.2264
2026-10-08,15:29,SUNTV,30.9874
2026-10-08,15:29,SUPRAJIT,-6.4382
2026-10-08,15:29,SUPREMEIND,-3.646
2026-10-08,15:29,SUPRIYA,8.8044
2026-10-08,15:29,SURAJEST,0.1322
2026-10-08,15:29,SURAKSHA,-2.6585
2026-10-08,15:29,SURYAROSNI,-3.2829
2026-10-08,15:29,SURYODAY,-1.3045
2026-10-08,15:29,SUTLEJTEX,-7.2856
2026-10-08,15:29,SVLL,3.9974
2026-10-08,15:29,SWANDEF,19.3376
2026-10-08,15:29,SWARAJ,-3.58
2026-10-08,15:29,SWARAJENG,-1.6921
2026-10-08,15:29,SWELECTES,-3.3807
2026-10-08,15:29,SYNCOMF,34.2255
2026-10-08,15:29,SYRMA,15.2802
2026-10-08,15:29,SYSTMTXC,28.5438
2026-10-08,15:29,TAJGVK,-7.6747
2026-10-08,15:29,TALBROAUTO,-0.9892
2026-10-08,15:29,TARC,-2.6582
2026-10-08,15:29,TARIL,-8.1533
2026-10-08,15:29,TARSONS,-5.1664
2026-10-08,15:29,TATACHEM,-5.3325
2026-10-08,15:29,TATACOMM,-1.3236
2026-10-08,15:29,TATAINVEST,-5.4396
2026-10-08,15:29,TATASTEEL,-8.0133
2026-10-08,15:29,TATVA,17.3688
2026-10-08,15:29,TBOTEK,-3.3969
2026-10-08,15:29,TBZ,102.1224
2026-10-08,15:29,TCI,-1.8685
2026-10-08,15:29,TCPLPACK,1.9708
2026-10-08,15:29,TDPOWERSYS,8.788
2026-10-08,15:29,TECHM,-6.4817
2026-10-08,15:29,TECHNOCRAF,38.3926
2026-10-08,15:29,TECHNOE,-5.1896
2026-10-08,15:29,TEGA,16.9294
2026-10-08,15:29,TEXINFRA,8.8897
2026-10-08,15:29,TEXRAIL,-0.9069
2026-10-08,15:29,TFCILTD,7.0282
2026-10-08,15:29,THEJO,0.9345
2026-10-08,15:29,THELEELA,5.7758
2026-10-08,15:29,THEMISMED,-8.8309
2026-10-08,15:29,TI,-4.6372
2026-10-08,15:29,TIL,-4.6343
2026-10-08,15:29,TIMETECHNO,-2.7916
2026-10-08,15:29,TIMEX,14.8304
2026-10-08,15:29,TIMKEN,-3.7042
2026-10-08,15:29,TIPSMUSIC,-4.3259
2026-10-08,15:29,TIRUPATIFL,-2.951
2026-10-08,15:29,TITAGARH,-6.5129
2026-10-08,15:29,TMB,-1.836
2026-10-08,15:29,TNPETRO,4.1765
2026-10-08,15:29,TNPL,-2.2325
2026-10-08,15:29,TORNTPHARM,-6.3848
2026-10-08,15:29,TORNTPOWER,-2.3555
2026-10-08,15:29,TRANSPEK,3.3184
2026-10-08,15:29,TRANSRAILL,0.9191
2026-10-08,15:29,TRAVELFOOD,-8.4934
2026-10-08,15:29,TREL,-3.0132
2026-10-08,15:29,TRENT,-1.8328
2026-10-08,15:29,TRUALT,-2.6403
2026-10-08,15:29,TSFINV,-3.296
2026-10-08,15:29,TTKHLTCARE,-7.902
2026-10-08,15:29,TVSSCS,-6.8226
2026-10-08,15:29,TVTODAY,-8.0224
2026-10-08,15:29,UDS,-5.3649
2026-10-08,15:29,UEL,19.4595
2026-10-08,15:29,UFLEX,1.7647
2026-10-08,15:29,UGARSUGAR,-0.2336
2026-10-08,15:29,ULTRAMAR,-2.3035
2026-10-08,15:29,UNICHEMLAB,0.922
2026-10-08,15:29,UNIECOM,-6.2096
2026-10-08,15:29,UNIMECH,18.8938
2026-10-08,15:29,UNIONBANK,-8.2736
2026-10-08,15:29,UNIPARTS,-5.9351
2026-10-08,15:29,UNITEDPOLY,24.9606
2026-10-08,15:29,UNIVCABLES,-2.5159
2026-10-08,15:29,URBANCO,-5.3344
2026-10-08,15:29,USHAMART,3.4274
2026-10-08,15:29,UTIAMC,-1.4327
2026-10-08,15:29,UTLSOLAR,-8.3846
2026-10-08,15:29,VADILALIND,-3.6303
2026-10-08,15:29,VALIANTLAB,11.2438
2026-10-08,15:29,VALIANTORG,54.1567
2026-10-08,15:29,VARROC,-0.9132
2026-10-08,15:29,VASCONEQ,-2.129
2026-10-08,15:29,VBL,-1.3699
2026-10-08,15:29,VEDL,-7.9636
2026-10-08,15:29,VEEDOL,-7.6012
2026-10-08,15:29,VELJAN,55.8056
2026-10-08,15:29,VENKEYS,1.9526
2026-10-08,15:29,VENTIVE,-5.1342
2026-10-08,15:29,VENUSPIPES,36.7613
2026-10-08,15:29,VENUSREM,1.4239
2026-10-08,15:29,VESUVIUS,-5.1324
2026-10-08,15:29,VHL,3.8507
2026-10-08,15:29,VHLTD,14.1683
2026-10-08,15:29,VIDHIING,-4.5697
2026-10-08,15:29,VIDYAWIRES,15.3294
2026-10-08,15:29,VIJAYA,-3.5257
2026-10-08,15:29,VIKRAN,-5.3685
2026-10-08,15:29,VINCOFE,9.2542
2026-10-08,15:29,VINDHYATEL,16.5897
2026-10-08,15:29,VIPIND,-8.1748
2026-10-08,15:29,VISHNU,3.5387
2026-10-08,15:29,VIVIANA,16.3497
2026-10-08,15:29,VLSFINANCE,-6.6463
2026-10-08,15:29,VMART,-5.9154
2026-10-08,15:29,VOEPL,6.787
2026-10-08,15:29,VOLTAMP,-5.2397
2026-10-08,15:29,VRLLOG,-2.0176
2026-10-08,15:29,VSSL,9.1714
2026-10-08,15:29,VSTIND,-4.2886
2026-10-08,15:29,VSTTILLERS,-5.3596
2026-10-08,15:29,WAAREERTL,-8.6428
2026-10-08,15:29,WABAG,-4.3235
2026-10-08,15:29,WALCHANNAG,-5.4586
2026-10-08,15:29,WCIL,7.0077
2026-10-08,15:29,WEALTH,-2.8223
2026-10-08,15:29,WELCORP,13.0377
2026-10-08,15:29,WELENT,10.7942
2026-10-08,15:29,WELINV,5.5087
2026-10-08,15:29,WELSPLSOL,-3.7008
2026-10-08,15:29,WELSPUNLIV,18.2712
2026-10-08,15:29,WENDT,-5.8249
2026-10-08,15:29,WESTLIFE,0.1214
2026-10-08,15:29,WEWORK,-1.6002
2026-10-08,15:29,WHEELS,47.2821
2026-10-08,15:29,WHIRLPOOL,7.2788
2026-10-08,15:29,WINDLAS,0.0656
2026-10-08,15:29,WINDMACHIN,-8.3214
2026-10-08,15:29,WOCKPHARMA,6.8435
2026-10-08,15:29,WONDERLA,-0.837
2026-10-08,15:29,WPIL,-4.9447
2026-10-08,15:29,WSTCSTPAPR,17.6441
2026-10-08,15:29,XCHANGING,-3.1378
2026-10-08,15:29,XPROINDIA,-8.2933
2026-10-08,15:29,XTRANET,76.3444
2026-10-08,15:29,YASHO,-2.0706
2026-10-08,15:29,YATHARTH,9.8749
2026-10-08,15:29,YUKEN,20.3349
2026-10-08,15:29,ZENSARTECH,-6.4181
2026-10-08,15:29,ZFSTEERING,1.5989
2026-10-08,15:29,ZIMLAB,12.6042
2026-10-08,15:29,ZOTA,22.8083
2026-10-08,15:29,ZUARIIND,-4.564
2026-10-08,15:29,ZYDUSLIFE,-1.1116
2026-10-08,15:29,ZYDUSWELL,-5.6428
