date,time,group,% change
2026-09-04,15:29,20MICRONS,24.7351
2026-09-04,15:29,360ONE,9.4374
2026-09-04,15:29,3BBLACKBIO,11.407
2026-09-04,15:29,5PAISA,0.846
2026-09-04,15:29,63MOONS,20.7383
2026-09-04,15:29,AARTIDRUGS,13.7567
2026-09-04,15:29,AARTIPHARM,20.5756
2026-09-04,15:29,ABB,1.674
2026-09-04,15:29,ABBOTINDIA,2.8408
2026-09-04,15:29,ABCAPITAL,19.6867
2026-09-04,15:29,ABDL,12.1129
2026-09-04,15:29,ABSLAMC,-0.3751
2026-09-04,15:29,ACE,24.4567
2026-09-04,15:29,ACMESOLAR,36.9594
2026-09-04,15:29,ACUTAAS,28.3937
2026-09-04,15:29,ADANIENT,21.7874
2026-09-04,15:29,ADANIGREEN,4.1082
2026-09-04,15:29,ADANIPORTS,4.2562
2026-09-04,15:29,ADFFOODS,-0.3237
2026-09-04,15:29,ADOR,56.3764
2026-09-04,15:29,ADVAIT,3.5573
2026-09-04,15:29,ADVANCE,3.6086
2026-09-04,15:29,AEGISLOG,78.5368
2026-09-04,15:29,AEGISVOPAK,42.9074
2026-09-04,15:29,AEQUS,23.0152
2026-09-04,15:29,AEROENTER,55.4082
2026-09-04,15:29,AEROFLEX,83.4113
2026-09-04,15:29,AETHER,38.9283
2026-09-04,15:29,AFFLE,12.9472
2026-09-04,15:29,AFSL,-0.3157
2026-09-04,15:29,AGARIND,3.1343
2026-09-04,15:29,AGARWALEYE,16.4308
2026-09-04,15:29,AGI,9.3227
2026-09-04,15:29,AHLWEST,61.7903
2026-09-04,15:29,AIAENG,5.9442
2026-09-04,15:29,AIIL,6.4061
2026-09-04,15:29,AJANTPHARM,25.7184
2026-09-04,15:29,AJAXENGG,10.3648
2026-09-04,15:29,AKCAPIT,12.7345
2026-09-04,15:29,AKUMS,43.614
2026-09-04,15:29,ALEMBICLTD,20.7435
2026-09-04,15:29,ALGOQUANT,18.1752
2026-09-04,15:29,ALIVUS,35.5927
2026-09-04,15:29,ALKYLAMINE,31.1251
2026-09-04,15:29,AMAGI,40.5965
2026-09-04,15:29,AMANTA,46.5816
2026-09-04,15:29,AMBIKCO,9.1714
2026-09-04,15:29,AMNPLST,2.8128
2026-09-04,15:29,ANANDRATHI,23.8244
2026-09-04,15:29,ANANTRAJ,26.8404
2026-09-04,15:29,ANDHRSUGAR,1.4683
2026-09-04,15:29,ANTELOPUS,40.2212
2026-09-04,15:29,ANTHEM,20.6315
2026-09-04,15:29,APARINDS,46.8639
2026-09-04,15:29,APCOTEXIND,58.6569
2026-09-04,15:29,APLAPOLLO,13.8664
2026-09-04,15:29,APLLTD,6.4261
2026-09-04,15:29,APOLLO,27.1331
2026-09-04,15:29,APOLLOHOSP,11.5697
2026-09-04,15:29,APOLLOPIPE,39.6814
2026-09-04,15:29,APOLLOTYRE,1.3927
2026-09-04,15:29,APTUS,0.0077
2026-09-04,15:29,ARIES,31.7787
2026-09-04,15:29,ARIHANT,3.1324
2026-09-04,15:29,ARIHANTCAP,11.5325
2026-09-04,15:29,ARIS,0.0934
2026-09-04,15:29,ARKADE,7.9948
2026-09-04,15:29,ARMANFIN,38.2945
2026-09-04,15:29,ARROWGREEN,49.5545
2026-09-04,15:29,ARTEMISMED,38.2002
2026-09-04,15:29,ARVIND,40.6103
2026-09-04,15:29,ARVINDFASN,0.4612
2026-09-04,15:29,ARVSMART,1.8629
2026-09-04,15:29,ASAHIINDIA,10.311
2026-09-04,15:29,ASHIANA,6.0307
2026-09-04,15:29,ASHOKLEY,0.8835
2026-09-04,15:29,ASIANENE,63.285
2026-09-04,15:29,ASIANHOTNR,28.3356
2026-09-04,15:29,ASIANPAINT,2.6273
2026-09-04,15:29,ASKAUTOLTD,37.8285
2026-09-04,15:29,ASTERDM,11.4065
2026-09-04,15:29,ASTRAMICRO,57.7123
2026-09-04,15:29,ATHERENERG,70.1122
2026-09-04,15:29,ATLANTAELE,6.6059
2026-09-04,15:29,AUBANK,4.1259
2026-09-04,15:29,AUROPHARMA,16.2027
2026-09-04,15:29,AURUM,23.6735
2026-09-04,15:29,AVADHSUGAR,73.8804
2026-09-04,15:29,AVALON,112.0373
2026-09-04,15:29,AVANTEL,2.4393
2026-09-04,15:29,AVL,10.5675
2026-09-04,15:29,AVTNPL,28.4505
2026-09-04,15:29,AYE,27.3849
2026-09-04,15:29,AYMSYNTEX,30.3983
2026-09-04,15:29,AZAD,26.1836
2026-09-04,15:29,BAFNAPH,122.4938
2026-09-04,15:29,BAJAJ-AUTO,25.5226
2026-09-04,15:29,BAJAJCON,11.0741
2026-09-04,15:29,BAJAJFINSV,10.7364
2026-09-04,15:29,BAJAJHCARE,-0.9399
2026-09-04,15:29,BAJAJHIND,12.6224
2026-09-04,15:29,BAJAJHLDNG,8.9348
2026-09-04,15:29,BAJEL,1.3508
2026-09-04,15:29,BAJFINANCE,14.8162
2026-09-04,15:29,BALAMINES,90.4661
2026-09-04,15:29,BALKRISIND,4.353
2026-09-04,15:29,BALRAMCHIN,35.7578
2026-09-04,15:29,BALUFORGE,15.2233
2026-09-04,15:29,BANARISUG,5.6179
2026-09-04,15:29,BANCOINDIA,-0.3357
2026-09-04,15:29,BANKINDIA,0.5199
2026-09-04,15:29,BANSALWIRE,3.7584
2026-09-04,15:29,BASF,5.85
2026-09-04,15:29,BBOX,11.3152
2026-09-04,15:29,BBTC,-0.0601
2026-09-04,15:29,BCLIND,7.2956
2026-09-04,15:29,BECTORFOOD,14.8054
2026-09-04,15:29,BELRISE,9.8099
2026-09-04,15:29,BEML,11.7155
2026-09-04,15:29,BENGALASM,0.2493
2026-09-04,15:29,BEPL,29.1924
2026-09-04,15:29,BERGEPAINT,5.5344
2026-09-04,15:29,BETA,70.3524
2026-09-04,15:29,BFINVEST,11.8565
2026-09-04,15:29,BHAGERIA,72.4011
2026-09-04,15:29,BHAGYANGR,32.935
2026-09-04,15:29,BHARATCOAL,0.4158
2026-09-04,15:29,BHARATFORG,3.2299
2026-09-04,15:29,BHARATSE,22.1594
2026-09-04,15:29,BHARTIARTL,-0.2061
2026-09-04,15:29,BHEL,21.5359
2026-09-04,15:29,BIL,16.9458
2026-09-04,15:29,BIOCON,9.5369
2026-09-04,15:29,BIRLACABLE,140.1314
2026-09-04,15:29,BIRLANU,3.0678
2026-09-04,15:29,BLACKBUCK,0.7651
2026-09-04,15:29,BLACKROSE,34.8687
2026-09-04,15:29,BLIL,-0.3024
2026-09-04,15:29,BLISSGVS,149.2015
2026-09-04,15:29,BLKASHYAP,15
2026-09-04,15:29,BLSE,71.7559
2026-09-04,15:29,BLUEJET,28.4925
2026-09-04,15:29,BLUESTONE,63.7998
2026-09-04,15:29,BLUSPRING,123.7681
2026-09-04,15:29,BODALCHEM,125.9619
2026-09-04,15:29,BOROLTD,3.0933
2026-09-04,15:29,BOROSCI,13.2185
2026-09-04,15:29,BOSCH-HCIL,26.3758
2026-09-04,15:29,BOSCHLTD,25.4555
2026-09-04,15:29,BPCL,2.5833
2026-09-04,15:29,BRIGADE,15.9201
2026-09-04,15:29,BUILDPRO,14.3486
2026-09-04,15:29,BUTTERFLY,3.572
2026-09-04,15:29,CANHLIFE,15.3389
2026-09-04,15:29,CAPITALSFB,6.352
2026-09-04,15:29,CAPLIPOINT,62.2676
2026-09-04,15:29,CARBORUNIV,16.7794
2026-09-04,15:29,CARERATING,8.8961
2026-09-04,15:29,CARTRADE,80.3872
2026-09-04,15:29,CARYSIL,24.1012
2026-09-04,15:29,CASTROLIND,3.5145
2026-09-04,15:29,CCL,0.2719
2026-09-04,15:29,CDSL,5.2846
2026-09-04,15:29,CEIGALL,7.3951
2026-09-04,15:29,CEMPRO,90.7801
2026-09-04,15:29,CENTENKA,44.2891
2026-09-04,15:29,CENTUM,29.9472
2026-09-04,15:29,CERA,10.7083
2026-09-04,15:29,CGCL,51.2646
2026-09-04,15:29,CGPOWER,7.1944
2026-09-04,15:29,CHALET,14.192
2026-09-04,15:29,CHEMBONDCH,65.9384
2026-09-04,15:29,CHEMCON,22.5854
2026-09-04,15:29,CHENNPETRO,35.4285
2026-09-04,15:29,CHEVIOT,5.9442
2026-09-04,15:29,CHOICEIN,12.3256
2026-09-04,15:29,CHOLAFIN,19.6954
2026-09-04,15:29,CIPLA,6.0084
2026-09-04,15:29,CLEAN,5.2622
2026-09-04,15:29,CLEANMAX,25.8661
2026-09-04,15:29,CLSEL,6.8143
2026-09-04,15:29,CMPDI,28.0823
2026-09-04,15:29,COCKERILL,58.8965
2026-09-04,15:29,COFFEEDAY,23.3947
2026-09-04,15:29,COFORGE,64.2768
2026-09-04,15:29,COMSYN,96.2994
2026-09-04,15:29,CONCOR,-0.4897
2026-09-04,15:29,CONCORDBIO,32.1922
2026-09-04,15:29,CONFIPET,40.4871
2026-09-04,15:29,CONSOFINVT,28.0537
2026-09-04,15:29,CORONA,24.6202
2026-09-04,15:29,COSMOFIRST,27.828
2026-09-04,15:29,CPPLUS,60.6087
2026-09-04,15:29,CRAFTSMAN,50.5283
2026-09-04,15:29,CREDITACC,15.3373
2026-09-04,15:29,CRISIL,12.3906
2026-09-04,15:29,CSLFINANCE,10.3819
2026-09-04,15:29,CUB,14.1027
2026-09-04,15:29,CUPID,153.8779
2026-09-04,15:29,CYIENT,28.3401
2026-09-04,15:29,CYIENTDLM,118.3034
2026-09-04,15:29,DALMIASUG,17.5895
2026-09-04,15:29,DATAMATICS,7.4675
2026-09-04,15:29,DATAPATTNS,12.9338
2026-09-04,15:29,DBOL,4.6467
2026-09-04,15:29,DCBBANK,16.4118
2026-09-04,15:29,DCI,20.2367
2026-09-04,15:29,DCMSIL,10.6178
2026-09-04,15:29,DDEVPLSTIK,7.9649
2026-09-04,15:29,DECNGOLD,73.9488
2026-09-04,15:29,DEEDEV,63.4186
2026-09-04,15:29,DEEPAKFERT,11.7483
2026-09-04,15:29,DEEPAKNTR,1.7711
2026-09-04,15:29,DEEPINDS,61.4887
2026-09-04,15:29,DEN,-0.2852
2026-09-04,15:29,DEVYANI,24.1687
2026-09-04,15:29,DHAMPURSUG,19.7242
2026-09-04,15:29,DHANBANK,0.1257
2026-09-04,15:29,DHARMAJ,5.5625
2026-09-04,15:29,DHUNINV,10.3514
2026-09-04,15:29,DIACABS,103.7208
2026-09-04,15:29,DIAMONDYD,14.9107
2026-09-04,15:29,DICIND,17.3925
2026-09-04,15:29,DIFFNKG,58.596
2026-09-04,15:29,DIGITIDE,1.912
2026-09-04,15:29,DIVGIITTS,66.7971
2026-09-04,15:29,DIVISLAB,41.4691
2026-09-04,15:29,DIXON,25.2419
2026-09-04,15:29,DLF,15.9891
2026-09-04,15:29,DMCC,3.2632
2026-09-04,15:29,DOLPHIN,61.4178
2026-09-04,15:29,DPABHUSHAN,26.1102
2026-09-04,15:29,DRAGARWQ,9.7816
2026-09-04,15:29,DREDGECORP,13.2431
2026-09-04,15:29,DSSL,-0.3218
2026-09-04,15:29,DVL,17.6101
2026-09-04,15:29,DWARKESH,12.3486
2026-09-04,15:29,DYCL,27.2528
2026-09-04,15:29,DYNAMATECH,-0.8887
2026-09-04,15:29,E2E,101.9573
2026-09-04,15:29,EBGNG,45.2997
2026-09-04,15:29,ECLERX,31.5092
2026-09-04,15:29,EDELWEISS,9.7508
2026-09-04,15:29,EICHERMOT,7.905
2026-09-04,15:29,EIFFL,10.7843
2026-09-04,15:29,EIMCOELECO,39.1004
2026-09-04,15:29,ELANTAS,28.4527
2026-09-04,15:29,ELECTCAST,-0.7587
2026-09-04,15:29,ELECTHERM,13.5827
2026-09-04,15:29,ELGIEQUIP,16.1856
2026-09-04,15:29,ELPROINTL,54.7079
2026-09-04,15:29,EMAMIPAP,48.5012
2026-09-04,15:29,EMBDL,8.8553
2026-09-04,15:29,EMCURE,19.8607
2026-09-04,15:29,EMIL,41.5397
2026-09-04,15:29,EMKAY,17.1379
2026-09-04,15:29,EMMVEE,19.4359
2026-09-04,15:29,EMSLIMITED,6.5804
2026-09-04,15:29,EMUDHRA,6.4395
2026-09-04,15:29,ENDURANCE,18.2459
2026-09-04,15:29,ENGINERSIN,8.9304
2026-09-04,15:29,ENTERO,52.8733
2026-09-04,15:29,EPACKPEB,15.405
2026-09-04,15:29,EPIGRAL,0.0615
2026-09-04,15:29,EPL,9.6565
2026-09-04,15:29,EQUITASBNK,9.551
2026-09-04,15:29,ERIS,-0.4444
2026-09-04,15:29,ESAFSFB,64.2602
2026-09-04,15:29,ESTER,2.2511
2026-09-04,15:29,ETERNAL,27.5339
2026-09-04,15:29,ETHOSLTD,7.9343
2026-09-04,15:29,EVERESTIND,8.2206
2026-09-04,15:29,EXCELINDUS,9.4672
2026-09-04,15:29,EXICOM,52.0086
2026-09-04,15:29,EXIDEIND,19.1158
2026-09-04,15:29,EXPLEOSOL,10.4219
2026-09-04,15:29,FAIRCHEMOR,17.8913
2026-09-04,15:29,FAZE3Q,7.3571
2026-09-04,15:29,FCL,124.1514
2026-09-04,15:29,FEDDERSHOL,33.7482
2026-09-04,15:29,FEDERALBNK,18.0317
2026-09-04,15:29,FEDFINA,6.5629
2026-09-04,15:29,FILATEX,71.6431
2026-09-04,15:29,FINCABLES,21.4855
2026-09-04,15:29,FINEORG,8.5774
2026-09-04,15:29,FINKURVE,0.1801
2026-09-04,15:29,FINOPB,4.4453
2026-09-04,15:29,FIVESTAR,4.5159
2026-09-04,15:29,FLUOROCHEM,34.3521
2026-09-04,15:29,FMGOETZE,7.8619
2026-09-04,15:29,FOSECOIND,31.3136
2026-09-04,15:29,FSL,24.6993
2026-09-04,15:29,FUSION,12.3341
2026-09-04,15:29,GABRIEL,32.6082
2026-09-04,15:29,GAEL,12.2175
2026-09-04,15:29,GAIL,4.6596
2026-09-04,15:29,GALAPREC,37.6529
2026-09-04,15:29,GALAXYSURF,16.655
2026-09-04,15:29,GANDHAR,90.3949
2026-09-04,15:29,GANDHITUBE,6.3818
2026-09-04,15:29,GANESHBE,18.7645
2026-09-04,15:29,GANESHHOU,11.4873
2026-09-04,15:29,GARFIBRES,29.854
2026-09-04,15:29,GARUDA,2.2249
2026-09-04,15:29,GAYAPROJ,24.7706
2026-09-04,15:29,GCSL,67.5771
2026-09-04,15:29,GEECEE,23.0056
2026-09-04,15:29,GENUSPOWER,8.3526
2026-09-04,15:29,GEOJITFSL,25.5616
2026-09-04,15:29,GFLLIMITED,30.1222
2026-09-04,15:29,GHCLTEXTIL,58.5527
2026-09-04,15:29,GIPCL,30.2978
2026-09-04,15:29,GKSL,50.6889
2026-09-04,15:29,GLAND,66.5379
2026-09-04,15:29,GLAXO,22.7326
2026-09-04,15:29,GLENMARK,1.3937
2026-09-04,15:29,GLOBAL,17.6269
2026-09-04,15:29,GMMPFAUDLR,26.6998
2026-09-04,15:29,GMRAIRPORT,-0.419
2026-09-04,15:29,GNA,28.1512
2026-09-04,15:29,GNFC,25.555
2026-09-04,15:29,GNRL,2.764
2026-09-04,15:29,GOCLCORP,26.315
2026-09-04,15:29,GOCOLORS,4.7559
2026-09-04,15:29,GODREJAGRO,9.743
2026-09-04,15:29,GODREJIND,17.6322
2026-09-04,15:29,GODREJPROP,8.6265
2026-09-04,15:29,GOKEX,12.1979
2026-09-04,15:29,GOKULAGRO,2.692
2026-09-04,15:29,GPPL,3.0937
2026-09-04,15:29,GPTHEALTH,14.5495
2026-09-04,15:29,GRANDOAK,22.8924
2026-09-04,15:29,GRANULES,20.3006
2026-09-04,15:29,GRAPHITE,-0.414
2026-09-04,15:29,GRASIM,19.3676
2026-09-04,15:29,GRAVITA,2.2523
2026-09-04,15:29,GREAVESCOT,17.0738
2026-09-04,15:29,GREENLAM,8.8177
2026-09-04,15:29,GREENPLY,19.6826
2026-09-04,15:29,GRINDWELL,21.4118
2026-09-04,15:29,GRPLTD,3.8861
2026-09-04,15:29,GRWRHITECH,79.3233
2026-09-04,15:29,GSPCROP,50.5226
2026-09-04,15:29,GUFICBIO,53.1761
2026-09-04,15:29,GUJALKALI,1.9713
2026-09-04,15:29,GUJTHEM,11.0316
2026-09-04,15:29,GULFOILLUB,7.8531
2026-09-04,15:29,GVPIL,10.9574
2026-09-04,15:29,HAL,11.8533
2026-09-04,15:29,HALDYNGL,36.3804
2026-09-04,15:29,HAPPYFORGE,71.7431
2026-09-04,15:29,HARIOMPIPE,10.7958
2026-09-04,15:29,HARSHA,17.5246
2026-09-04,15:29,HATSUN,20.5383
2026-09-04,15:29,HAWKINCOOK,12.3985
2026-09-04,15:29,HCC,2.5893
2026-09-04,15:29,HCG,21.3413
2026-09-04,15:29,HCLTECH,8.1438
2026-09-04,15:29,HDBFS,2.6154
2026-09-04,15:29,HEALTHX,10.3638
2026-09-04,15:29,HEG,10.4832
2026-09-04,15:29,HEIDELBERG,1.0281
2026-09-04,15:29,HERITGFOOD,4.8396
2026-09-04,15:29,HEROMOTOCO,4.5777
2026-09-04,15:29,HESTERBIO,41.5441
2026-09-04,15:29,HFCL,115.815
2026-09-04,15:29,HIKAL,18.4211
2026-09-04,15:29,HINDOILEXP,14.2187
2026-09-04,15:29,HIRECT,32.4664
2026-09-04,15:29,HITECHCORP,142.446
2026-09-04,15:29,HLEGLAS,0.7093
2026-09-04,15:29,HMT,8.726
2026-09-04,15:29,HMVL,25.4727
2026-09-04,15:29,HNDFDS,27.3
2026-09-04,15:29,HOMEFIRST,7.6985
2026-09-04,15:29,HONASA,35.9452
2026-09-04,15:29,HONAUT,14.0777
2026-09-04,15:29,HSCL,17.4396
2026-09-04,15:29,HTMEDIA,18.0832
2026-09-04,15:29,HUHTAMAKI,43.2906
2026-09-04,15:29,HYUNDAI,20.8087
2026-09-04,15:29,IBULLSLTD,51.4454
2026-09-04,15:29,ICICIBANK,10.1548
2026-09-04,15:29,ICIL,63.4923
2026-09-04,15:29,IDBI,17.9464
2026-09-04,15:29,IDEAFORGE,37.0096
2026-09-04,15:29,IDFCFIRSTB,26.1971
2026-09-04,15:29,IFBAGRO,3.3997
2026-09-04,15:29,IFBIND,10.944
2026-09-04,15:29,IFCI,68.9667
2026-09-04,15:29,IFGLEXPOR,5.5103
2026-09-04,15:29,IGARASHI,10.8271
2026-09-04,15:29,IGPL,34.2323
2026-09-04,15:29,IIFL,48.6474
2026-09-04,15:29,IIFLCAPS,5.7853
2026-09-04,15:29,IKIO,43.7839
2026-09-04,15:29,IKS,15.6459
2026-09-04,15:29,IMAGICAA,19.8183
2026-09-04,15:29,IMPAL,11.5939
2026-09-04,15:29,INDGN,20.5652
2026-09-04,15:29,INDHOTEL,10.3533
2026-09-04,15:29,INDIANHUME,22.0072
2026-09-04,15:29,INDIGO,12.034
2026-09-04,15:29,INDIGOPNTS,37.0471
2026-09-04,15:29,INDIQUBE,11.856
2026-09-04,15:29,INDNIPPON,43.6794
2026-09-04,15:29,INDOAMIN,11.1837
2026-09-04,15:29,INDOBORAX,108.6897
2026-09-04,15:29,INDOCO,24.1476
2026-09-04,15:29,INDORAMA,85.9801
2026-09-04,15:29,INDOSTAR,29.4465
2026-09-04,15:29,INDOTECH,49.4411
2026-09-04,15:29,INDSWFTLAB,155.7663
2026-09-04,15:29,INDUSINDBK,13.884
2026-09-04,15:29,INGERRAND,14.1433
2026-09-04,15:29,INNOVACAP,63.182
2026-09-04,15:29,INOXINDIA,51.1431
2026-09-04,15:29,INTLCONV,5.4971
2026-09-04,15:29,INVPRECQ,102.0304
2026-09-04,15:29,IOLCP,120.0881
2026-09-04,15:29,IONEXCHANG,2.4665
2026-09-04,15:29,IPCALAB,27.866
2026-09-04,15:29,IRIS,12.5206
2026-09-04,15:29,IRISDOREME,79.8077
2026-09-04,15:29,ITCHOTELS,2.0831
2026-09-04,15:29,ITDC,8.9533
2026-09-04,15:29,IZMO,22.0352
2026-09-04,15:29,J&KBANK,16.7289
2026-09-04,15:29,JAGSNPHARM,17.7621
2026-09-04,15:29,JARO,5.717
2026-09-04,15:29,JASH,11.7599
2026-09-04,15:29,JAYAGROGN,12.7408
2026-09-04,15:29,JAYBARMARU,31.7922
2026-09-04,15:29,JGCHEM,47.6185
2026-09-04,15:29,JINDALPOLY,-0.5767
2026-09-04,15:29,JINDALSAW,27.0601
2026-09-04,15:29,JINDRILL,21.2268
2026-09-04,15:29,JINDWORLD,117.1008
2026-09-04,15:29,JITFINFRA,1.1628
2026-09-04,15:29,JKPAPER,10.5421
2026-09-04,15:29,JNKINDIA,18.8353
2026-09-04,15:29,JSFB,8.8708
2026-09-04,15:29,JSWCEMENT,0.0807
2026-09-04,15:29,JSWDULUX,6.6199
2026-09-04,15:29,JSWINFRA,16.8667
2026-09-04,15:29,JSWSTEEL,3.3864
2026-09-04,15:29,JTLIND,15.9646
2026-09-04,15:29,JUBLCPL,28.6376
2026-09-04,15:29,JUBLFOOD,0.0622
2026-09-04,15:29,JUNIPER,3.0905
2026-09-04,15:29,JUSTDIAL,29.9419
2026-09-04,15:29,JYOTICNC,31.4866
2026-09-04,15:29,KABRAEXTRU,128.6781
2026-09-04,15:29,KAJARIACER,2.2772
2026-09-04,15:29,KALYANKJIL,45.1109
2026-09-04,15:29,KAMATHOTEL,35.3195
2026-09-04,15:29,KAMDHENU,70.9804
2026-09-04,15:29,KANORICHEM,74.9044
2026-09-04,15:29,KANPRPLA,18.9277
2026-09-04,15:29,KAPSTON,67.4215
2026-09-04,15:29,KARURVYSYA,18.7979
2026-09-04,15:29,KAYA,30.1233
2026-09-04,15:29,KDDL,55.941
2026-09-04,15:29,KENNAMET,79.1144
2026-09-04,15:29,KERNEX,34.3289
2026-09-04,15:29,KHAICHEM,1.3112
2026-09-04,15:29,KICL,7.9393
2026-09-04,15:29,KILITCH,17.6681
2026-09-04,15:29,KIMS,15.3794
2026-09-04,15:29,KINGFA,27.3725
2026-09-04,15:29,KIRANVYPAR,2.5768
2026-09-04,15:29,KIRIINDUS,34.3183
2026-09-04,15:29,KIRLFER,5.6673
2026-09-04,15:29,KIRLOSBROS,9.5939
2026-09-04,15:29,KIRLOSENG,27.6908
2026-09-04,15:29,KIRLOSIND,13.7479
2026-09-04,15:29,KKCL,9.1816
2026-09-04,15:29,KMEW,67.9066
2026-09-04,15:29,KOLTEPATIL,16.9534
2026-09-04,15:29,KOPRAN,46.0862
2026-09-04,15:29,KOTAKBANK,12.3164
2026-09-04,15:29,KOVAI,7.495
2026-09-04,15:29,KPIL,12.1512
2026-09-04,15:29,KPL,104.4684
2026-09-04,15:29,KPRMILL,27.3537
2026-09-04,15:29,KRBL,12.7154
2026-09-04,15:29,KRISHANA,37.6056
2026-09-04,15:29,KRN,20.5713
2026-09-04,15:29,KRONOX,41.5466
2026-09-04,15:29,KROSS,12.9397
2026-09-04,15:29,KRYSTAL,9.7034
2026-09-04,15:29,KSHINTL,59.0235
2026-09-04,15:29,KSL,16.1972
2026-09-04,15:29,KTKBANK,29.0066
2026-09-04,15:29,KWIL,56.93
2026-09-04,15:29,LALPATHLAB,32.9957
2026-09-04,15:29,LANDMARK,21.0033
2026-09-04,15:29,LAURUSLABS,68.7377
2026-09-04,15:29,LAXMIINDIA,14.7555
2026-09-04,15:29,LENSKART,27.5419
2026-09-04,15:29,LGEINDIA,1.9892
2026-09-04,15:29,LICHSGFIN,2.1909
2026-09-04,15:29,LICI,1.5898
2026-09-04,15:29,LLOYDSENGG,43.2874
2026-09-04,15:29,LLOYDSENT,4.5346
2026-09-04,15:29,LLOYDSME,4.0584
2026-09-04,15:29,LMW,25.7131
2026-09-04,15:29,LODHA,38.4075
2026-09-04,15:29,LOKESHMACH,37.1141
2026-09-04,15:29,LOTUSDEV,31.2038
2026-09-04,15:29,LTF,9.8747
2026-09-04,15:29,LTFOODS,4.6588
2026-09-04,15:29,LTM,3.9584
2026-09-04,15:29,LUMAXIND,21.6663
2026-09-04,15:29,LUMAXTECH,17.3581
2026-09-04,15:29,LXCHEM,14.3275
2026-09-04,15:29,M&M,2.6521
2026-09-04,15:29,M&MFIN,19.5106
2026-09-04,15:29,MACPOWER,67.1258
2026-09-04,15:29,MAGADSUGAR,8.8105
2026-09-04,15:29,MAHABANK,10.5608
2026-09-04,15:29,MAHASTEEL,50.59
2026-09-04,15:29,MAHLIFE,6.6039
2026-09-04,15:29,MAHSCOOTER,9.7024
2026-09-04,15:29,MAHSEAMLES,5.9104
2026-09-04,15:29,MAITHANALL,9.8459
2026-09-04,15:29,MAMATA,1.6258
2026-09-04,15:29,MANAKCOAT,3.9249
2026-09-04,15:29,MANAKSTEEL,53.4611
2026-09-04,15:29,MANALIPETC,59.3974
2026-09-04,15:29,MANAPPURAM,16.0376
2026-09-04,15:29,MANBA,17.978
2026-09-04,15:29,MANGLMCEM,18.0172
2026-09-04,15:29,MANINDS,48.769
2026-09-04,15:29,MANINFRA,7.2718
2026-09-04,15:29,MANKIND,2.8043
2026-09-04,15:29,MANORAMA,37.9516
2026-09-04,15:29,MANYAVAR,35.2452
2026-09-04,15:29,MAPMYINDIA,4.6051
2026-09-04,15:29,MARICO,4.3927
2026-09-04,15:29,MARINE,83.8467
2026-09-04,15:29,MARKSANS,77.4851
2026-09-04,15:29,MASTEK,5.5109
2026-09-04,15:29,MASTERTR,17.2849
2026-09-04,15:29,MATRIMONY,22.8777
2026-09-04,15:29,MAWANASUG,42.9428
2026-09-04,15:29,MAXESTATES,35.1702
2026-09-04,15:29,MAYURUNIQ,30.3156
2026-09-04,15:29,MAZDA,24.2179
2026-09-04,15:29,MBAPL,57.7588
2026-09-04,15:29,MCX,13.0228
2026-09-04,15:29,MEDANTA,29.2075
2026-09-04,15:29,MEESHO,16.8577
2026-09-04,15:29,MENONBE,164.4614
2026-09-04,15:29,METROPOLIS,22.429
2026-09-04,15:29,MIDHANI,6.4836
2026-09-04,15:29,MINDACORP,35.1798
2026-09-04,15:29,MMFL,27.3315
2026-09-04,15:29,MMP,58.6333
2026-09-04,15:29,MODISONLTD,175.5659
2026-09-04,15:29,MOL,27.579
2026-09-04,15:29,MOLDTECH,61.859
2026-09-04,15:29,MOLDTKPAC,23.9302
2026-09-04,15:29,MONARCH,26.0045
2026-09-04,15:29,MONTECARLO,2.8832
2026-09-04,15:29,MOREPENLAB,169.5261
2026-09-04,15:29,MOSCHIP,1.5504
2026-09-04,15:29,MOTHERSON,28.3341
2026-09-04,15:29,MOTILALOFS,32.4901
2026-09-04,15:29,MPHASIS,6.6819
2026-09-04,15:29,MPSLTD,56.0937
2026-09-04,15:29,MRF,-0.1345
2026-09-04,15:29,MRPL,0.639
2026-09-04,15:29,MSPL,-0.1692
2026-09-04,15:29,MSTCLTD,65.4349
2026-09-04,15:29,MTARTECH,35.3149
2026-09-04,15:29,MUFIN,19.0377
2026-09-04,15:29,MUKKA,29.6112
2026-09-04,15:29,MUNJALAU,39.2706
2026-09-04,15:29,MUNJALSHOW,0.295
2026-09-04,15:29,MUTHOOTMF,8.8552
2026-09-04,15:29,MVGJL,-0.2993
2026-09-04,15:29,NACLIND,6.3217
2026-09-04,15:29,NAHARINDUS,25.5519
2026-09-04,15:29,NAHARSPING,19.5693
2026-09-04,15:29,NAM-INDIA,13.3545
2026-09-04,15:29,NAUKRI,31.3757
2026-09-04,15:29,NAVINFLUOR,29.1308
2026-09-04,15:29,NAZARA,37.0242
2026-09-04,15:29,NCLIND,2.1192
2026-09-04,15:29,NELCO,28.5624
2026-09-04,15:29,NEOGEN,28.6574
2026-09-04,15:29,NEPHROPLUS,29.179
2026-09-04,15:29,NETWEB,29.7536
2026-09-04,15:29,NEULANDLAB,56.8709
2026-09-04,15:29,NEWGEN,8.6993
2026-09-04,15:29,NGLFINE,28.2702
2026-09-04,15:29,NH,5.7769
2026-09-04,15:29,NIACL,40.6005
2026-09-04,15:29,NIBE,21.2666
2026-09-04,15:29,NIITLTD,38.2702
2026-09-04,15:29,NILKAMAL,60.6086
2026-09-04,15:29,NINSYS,39.4268
2026-09-04,15:29,NIRLON,10.5504
2026-09-04,15:29,NITCO,11.6793
2026-09-04,15:29,NITINSPIN,39.9584
2026-09-04,15:29,NITTAGELA,67.9959
2026-09-04,15:29,NIVABUPA,4.039
2026-09-04,15:29,NORTHARC,15.6289
2026-09-04,15:29,NOVARTIND,56.7017
2026-09-04,15:29,NPST,41.6924
2026-09-04,15:29,NRAIL,16.9286
2026-09-04,15:29,NRBBEARING,57.1454
2026-09-04,15:29,NRL,129.1802
2026-09-04,15:29,NSIL,-0.7666
2026-09-04,15:29,NSLNISP,10.945
2026-09-04,15:29,NUVAMA,31.7275
2026-09-04,15:29,NUVOCO,20.3109
2026-09-04,15:29,NYKAA,23.098
2026-09-04,15:29,OAL,66.8111
2026-09-04,15:29,OBEROIRLTY,9.665
2026-09-04,15:29,OCCLLTD,62.9523
2026-09-04,15:29,OFSS,25.9979
2026-09-04,15:29,OLAELEC,6.6741
2026-09-04,15:29,OMAXE,67.543
2026-09-04,15:29,OMNI,31.6382
2026-09-04,15:29,ONEPOINT,5.9665
2026-09-04,15:29,ONIDA,3.0339
2026-09-04,15:29,ONWARDTEC,20.0448
2026-09-04,15:29,OPTIEMUS,35.4992
2026-09-04,15:29,ORBTEXP,46.4045
2026-09-04,15:29,ORCHPHARMA,63.1044
2026-09-04,15:29,ORIENTBELL,30.9947
2026-09-04,15:29,ORIENTCER,8.3662
2026-09-04,15:29,ORIENTHOT,40.1262
2026-09-04,15:29,ORISSAMINE,2.5594
2026-09-04,15:29,PAISALO,55.9672
2026-09-04,15:29,PANACEABIO,1.1273
2026-09-04,15:29,PANACHE,58.204
2026-09-04,15:29,PANAMAPET,79.7258
2026-09-04,15:29,PANSARI,3.5727
2026-09-04,15:29,PARACABLES,67.4163
2026-09-04,15:29,PARADEEP,16.8329
2026-09-04,15:29,PARAGMILK,8.4227
2026-09-04,15:29,PARAS,75.448
2026-09-04,15:29,PARKHOSPS,22.1881
2026-09-04,15:29,PASUPTAC,34.5534
2026-09-04,15:29,PATELRMART,3.0735
2026-09-04,15:29,PAUSHAKLTD,67.5019
2026-09-04,15:29,PAYTM,46.969
2026-09-04,15:29,PCBL,6.9501
2026-09-04,15:29,PDMJEPAPER,8.8764
2026-09-04,15:29,PDSL,26.4996
2026-09-04,15:29,PENIND,-0.7086
2026-09-04,15:29,PERSISTENT,17.4768
2026-09-04,15:29,PETRONET,3.7376
2026-09-04,15:29,PFOCUS,-0.9038
2026-09-04,15:29,PGEL,-0.1332
2026-09-04,15:29,PGHL,10.7004
2026-09-04,15:29,PGIL,46.4486
2026-09-04,15:29,PHOENIXLTD,10.2219
2026-09-04,15:29,PIDILITIND,17.0113
2026-09-04,15:29,PITTIENG,8.7347
2026-09-04,15:29,PIXTRANS,19.1924
2026-09-04,15:29,PNB,5.0364
2026-09-04,15:29,PNBGILTS,16.3097
2026-09-04,15:29,PNBHOUSING,11.734
2026-09-04,15:29,PNGSREVA,19.2632
2026-09-04,15:29,POLICYBZR,10.1115
2026-09-04,15:29,POLYCAB,0.5573
2026-09-04,15:29,POLYMED,12.6216
2026-09-04,15:29,POLYPLEX,26.0985
2026-09-04,15:29,POONAWALLA,12.6353
2026-09-04,15:29,POWERICA,8.6948
2026-09-04,15:29,PPL,21.6737
2026-09-04,15:29,PPLPHARMA,30.2487
2026-09-04,15:29,PRABHA,43.2476
2026-09-04,15:29,PRADPME,29.3344
2026-09-04,15:29,PRECOT,26.9066
2026-09-04,15:29,PRECWIRE,14.5765
2026-09-04,15:29,PREMEXPLN,21.2121
2026-09-04,15:29,PREMIERPOL,78.2097
2026-09-04,15:29,PRESTIGE,13.147
2026-09-04,15:29,PRICOLLTD,28.229
2026-09-04,15:29,PRINCEPIPE,5.9846
2026-09-04,15:29,PRIVISCL,2.9944
2026-09-04,15:29,PRUDENT,19.0639
2026-09-04,15:29,PSPPROJECT,15.6768
2026-09-04,15:29,PTCIL,49.0306
2026-09-04,15:29,PUNJABCHEM,0.2277
2026-09-04,15:29,PURVA,6.9336
2026-09-04,15:29,PVP,109.4974
2026-09-04,15:29,PVRINOX,16.6817
2026-09-04,15:29,PVSL,-0.2333
2026-09-04,15:29,PWL,18.9052
2026-09-04,15:29,QPOWER,8.4494
2026-09-04,15:29,QUADFUTURE,32.8142
2026-09-04,15:29,QUESS,77.517
2026-09-04,15:29,RACLGEAR,23.9657
2026-09-04,15:29,RADHIKAJWE,27.0588
2026-09-04,15:29,RADICO,32.2076
2026-09-04,15:29,RAIN,63.9459
2026-09-04,15:29,RAINBOW,16.5311
2026-09-04,15:29,RAJRATAN,13.3902
2026-09-04,15:29,RAJRILTD,4.1981
2026-09-04,15:29,RAMCOIND,19.9043
2026-09-04,15:29,RAMCOSYS,45.6452
2026-09-04,15:29,RAMRAT,28.4275
2026-09-04,15:29,RANEHOLDIN,47.5316
2026-09-04,15:29,RATEGAIN,44.655
2026-09-04,15:29,RATNAMANI,1.8944
2026-09-04,15:29,RATNAVEER,89.7217
2026-09-04,15:29,RAYMOND,57.0096
2026-09-04,15:29,RAYMONDREL,23.6621
2026-09-04,15:29,RBA,51.5837
2026-09-04,15:29,RBLBANK,29.1816
2026-09-04,15:29,RBZJEWEL,43.0435
2026-09-04,15:29,REDINGTON,72.7218
2026-09-04,15:29,REFEX,6.2697
2026-09-04,15:29,REGAAL,3.4237
2026-09-04,15:29,RELAXO,13.2779
2026-09-04,15:29,RELIGARE,13.406
2026-09-04,15:29,RELTD,8.2076
2026-09-04,15:29,RGL,48.8432
2026-09-04,15:29,RICOAUTO,13.919
2026-09-04,15:29,RISHABH,54.7464
2026-09-04,15:29,RITCO,41.6436
2026-09-04,15:29,RKFORGE,16.3623
2026-09-04,15:29,RMDRIP,6.4484
2026-09-04,15:29,RML,68.3752
2026-09-04,15:29,ROLEXRINGS,15.1401
2026-09-04,15:29,ROSSTECH,12.772
2026-09-04,15:29,ROTO,8.4737
2026-09-04,15:29,RPEL,157.4726
2026-09-04,15:29,RPGLIFE,33.0335
2026-09-04,15:29,RPSGVENT,1.8561
2026-09-04,15:29,RPTECH,68.9019
2026-09-04,15:29,RRKABEL,52.5233
2026-09-04,15:29,RSL,31.8562
2026-09-04,15:29,RSWM,35.2728
2026-09-04,15:29,RUBICON,85.2205
2026-09-04,15:29,RUBYMILLS,80.603
2026-09-04,15:29,SAFARI,5.5936
2026-09-04,15:29,SAGILITY,13.448
2026-09-04,15:29,SAIL,6.0173
2026-09-04,15:29,SAILIFE,51.1809
2026-09-04,15:29,SAIPARENT,7.6676
2026-09-04,15:29,SAKAR,55.4823
2026-09-04,15:29,SAKSOFT,8.31
2026-09-04,15:29,SALSTEEL,38.5965
2026-09-04,15:29,SAMBHV,6.9653
2026-09-04,15:29,SAMMAANCAP,10.4841
2026-09-04,15:29,SANDESH,3.1647
2026-09-04,15:29,SANDHAR,23.9817
2026-09-04,15:29,SANGAMIND,12.312
2026-09-04,15:29,SANGHVIMOV,45.1325
2026-09-04,15:29,SANSERA,46.8002
2026-09-04,15:29,SANSTAR,27.9425
2026-09-04,15:29,SAPPHIRE,31.0556
2026-09-04,15:29,SAREGAMA,37.3519
2026-09-04,15:29,SARLAPOLY,9.8805
2026-09-04,15:29,SASKEN,44.4709
2026-09-04,15:29,SATIN,28.8524
2026-09-04,15:29,SBC,36.965
2026-09-04,15:29,SBCL,82.9471
2026-09-04,15:29,SBFC,5.8936
2026-09-04,15:29,SBICARD,1.6681
2026-09-04,15:29,SCHNEIDER,7.7131
2026-09-04,15:29,SCPL,83.0525
2026-09-04,15:29,SEAMECLTD,16.8241
2026-09-04,15:29,SEDEMAC,48.478
2026-09-04,15:29,SEIL,0.4553
2026-09-04,15:29,SENCO,12.9428
2026-09-04,15:29,SENORES,55.8198
2026-09-04,15:29,SETL,188.562
2026-09-04,15:29,SFL,25.8366
2026-09-04,15:29,SGFIN,24.4727
2026-09-04,15:29,SGIL,11.6082
2026-09-04,15:29,SGMART,49.8864
2026-09-04,15:29,SHADOWFAX,66.517
2026-09-04,15:29,SHAILY,31.6904
2026-09-04,15:29,SHALPAINTS,62.6451
2026-09-04,15:29,SHANTIGEAR,30.6747
2026-09-04,15:29,SHANTIGOLD,25.3864
2026-09-04,15:29,SHARDAMOTR,1.6247
2026-09-04,15:29,SHAREINDIA,17.4971
2026-09-04,15:29,SHILPAMED,136.4272
2026-09-04,15:29,SHINDL,9.9289
2026-09-04,15:29,SHIVALIK,19.0113
2026-09-04,15:29,SHIVAUM,31.7019
2026-09-04,15:29,SHK,2.8075
2026-09-04,15:29,SHOPERSTOP,30.6021
2026-09-04,15:29,SHREDIGCEM,0.6898
2026-09-04,15:29,SHREEJISPG,71.69
2026-09-04,15:29,SHREEPUSHK,24.1024
2026-09-04,15:29,SHRINGARMS,7.2656
2026-09-04,15:29,SHRIPISTON,30.5132
2026-09-04,15:29,SHRIRAMFIN,9.2054
2026-09-04,15:29,SHYAMMETL,21.3671
2026-09-04,15:29,SICALLOG,55.5507
2026-09-04,15:29,SIEMENS,3.9114
2026-09-04,15:29,SIGACHI,71.5556
2026-09-04,15:29,SIGMAADV,192.208
2026-09-04,15:29,SILINV,3.4684
2026-09-04,15:29,SILVERTUC,9.3982
2026-09-04,15:29,SIMPLEXINF,12.8682
2026-09-04,15:29,SINDHUTRAD,6.5318
2026-09-04,15:29,SIRCA,2.2582
2026-09-04,15:29,SIS,21.0704
2026-09-04,15:29,SJS,41.6523
2026-09-04,15:29,SKFINDUS,32.8657
2026-09-04,15:29,SKIPPER,20.645
2026-09-04,15:29,SKMEGGPROD,53.8784
2026-09-04,15:29,SKYGOLD,79.0469
2026-09-04,15:29,SMARTWORKS,26.8001
2026-09-04,15:29,SMCGLOBAL,22.8826
2026-09-04,15:29,SMLMAH,62.6091
2026-09-04,15:29,SMSPHARMA,0.5766
2026-09-04,15:29,SOFTTECH,14.5847
2026-09-04,15:29,SOLARA,33.6714
2026-09-04,15:29,SOLARINDS,40.1268
2026-09-04,15:29,SOMANYCERA,20.8609
2026-09-04,15:29,SONACOMS,31.7635
2026-09-04,15:29,SONATSOFTW,10.949
2026-09-04,15:29,SOTL,101.1814
2026-09-04,15:29,SOUTHBANK,19.6004
2026-09-04,15:29,SPAL,33.7704
2026-09-04,15:29,SPANDANA,6.8291
2026-09-04,15:29,SPARC,35.8325
2026-09-04,15:29,SPECIALITY,38.1669
2026-09-04,15:29,SPECTRUM,106.5945
2026-09-04,15:29,SPIC,1.2212
2026-09-04,15:29,SPORTKING,61.6844
2026-09-04,15:29,SREEL,44.9187
2026-09-04,15:29,SRF,0.5606
2026-09-04,15:29,SRHHYPOLTD,5.2626
2026-09-04,15:29,SSWL,73.7075
2026-09-04,15:29,STALLION,28.8127
2026-09-04,15:29,STAR,0.7272
2026-09-04,15:29,STARHEALTH,7.7421
2026-09-04,15:29,STEELCAS,5.8806
2026-09-04,15:29,STEL,36.3922
2026-09-04,15:29,STLNETWORK,0.2431
2026-09-04,15:29,STLTECH,162.6521
2026-09-04,15:29,STOVEKRAFT,51.9113
2026-09-04,15:29,STYL,58.1835
2026-09-04,15:29,STYLAMIND,51.3651
2026-09-04,15:29,STYLEBAAZA,2.7468
2026-09-04,15:29,SUDARCOLOR,9.7296
2026-09-04,15:29,SUDARSCHEM,35.3628
2026-09-04,15:29,SUDEEPPHRM,94.399
2026-09-04,15:29,SUMICHEM,14.2394
2026-09-04,15:29,SUNDARMFIN,1.6198
2026-09-04,15:29,SUNDRMFAST,49.8332
2026-09-04,15:29,SUNDROP,0.1512
2026-09-04,15:29,SUNFLAG,16.7142
2026-09-04,15:29,SUNPHARMA,8.682
2026-09-04,15:29,SUPRAJIT,15.197
2026-09-04,15:29,SUPREMEINF,3.3577
2026-09-04,15:29,SUPRIYA,21.0231
2026-09-04,15:29,SURAKSHA,17.3615
2026-09-04,15:29,SURYODAY,1.3665
2026-09-04,15:29,SUTLEJTEX,1.3132
2026-09-04,15:29,SUVEN,72.9186
2026-09-04,15:29,SVLL,40.9736
2026-09-04,15:29,SWANDEF,34.1817
2026-09-04,15:29,SYNCOMF,47.9511
2026-09-04,15:29,SYRMA,49.9974
2026-09-04,15:29,TAALTECH,50.1134
2026-09-04,15:29,TAJGVK,3.8245
2026-09-04,15:29,TALBROAUTO,30.7059
2026-09-04,15:29,TARSONS,57.943
2026-09-04,15:29,TASTYBITE,44.5724
2026-09-04,15:29,TATACAP,15.1166
2026-09-04,15:29,TATACOMM,9.8524
2026-09-04,15:29,TATATECH,40.4001
2026-09-04,15:29,TATVA,26.1651
2026-09-04,15:29,TBOTEK,34.6381
2026-09-04,15:29,TBZ,227.0421
2026-09-04,15:29,TCIEXP,6.3576
2026-09-04,15:29,TCPLPACK,55.0432
2026-09-04,15:29,TEAMLEASE,0.7005
2026-09-04,15:29,TECHM,13.4081
2026-09-04,15:29,TEJASNET,48.7947
2026-09-04,15:29,TEXINFRA,16.3228
2026-09-04,15:29,TEXRAIL,9.4968
2026-09-04,15:29,TFCILTD,97.192
2026-09-04,15:29,THANGAMAYL,34.3784
2026-09-04,15:29,THEJO,20.5981
2026-09-04,15:29,THELEELA,31.9795
2026-09-04,15:29,THEMISMED,27.6447
2026-09-04,15:29,THOMASCOOK,13.2583
2026-09-04,15:29,THYROCARE,41.6995
2026-09-04,15:29,TI,16.4273
2026-09-04,15:29,TIIL,25.7568
2026-09-04,15:29,TIL,22.7275
2026-09-04,15:29,TIMETECHNO,1.9526
2026-09-04,15:29,TIMEX,89.2232
2026-09-04,15:29,TINNARUBR,42.0558
2026-09-04,15:29,TIRUPATIFL,52.4619
2026-09-04,15:29,TITAGARH,10.9153
2026-09-04,15:29,TITAN,13.6518
2026-09-04,15:29,TMB,26.2542
2026-09-04,15:29,TMCV,9.5386
2026-09-04,15:29,TNPETRO,47.592
2026-09-04,15:29,TNPL,2.3257
2026-09-04,15:29,TORNTPHARM,16.1156
2026-09-04,15:29,TPLPLASTEH,6.6449
2026-09-04,15:29,TRANSPEK,22.0325
2026-09-04,15:29,TRAVELFOOD,0.8951
2026-09-04,15:29,TREL,1.8938
2026-09-04,15:29,TRENT,0.6019
2026-09-04,15:29,TRITURBINE,-0.7479
2026-09-04,15:29,TSFINV,-0.3447
2026-09-04,15:29,TTKHLTCARE,22.5235
2026-09-04,15:29,TTKPRESTIG,9.4951
2026-09-04,15:29,TVSMOTOR,18.2271
2026-09-04,15:29,TVSSCS,11.2049
2026-09-04,15:29,TVSSRICHAK,36.3293
2026-09-04,15:29,UDS,49.2259
2026-09-04,15:29,UEL,49.1266
2026-09-04,15:29,UFBL,107.6157
2026-09-04,15:29,UFLEX,56.4432
2026-09-04,15:29,UGARSUGAR,29.1768
2026-09-04,15:29,UJJIVANSFB,14.9099
2026-09-04,15:29,ULTRAMAR,9.3148
2026-09-04,15:29,UNICHEMLAB,49.9591
2026-09-04,15:29,UNIMECH,35.3418
2026-09-04,15:29,UNIONBANK,9.8193
2026-09-04,15:29,UNIPARTS,65.681
2026-09-04,15:29,UNITDSPR,7.0794
2026-09-04,15:29,UNITEDPOLY,34.2572
2026-09-04,15:29,UNIVASTU,146.2551
2026-09-04,15:29,UNIVCABLES,81.8213
2026-09-04,15:29,UNIVPHOTO,9.6846
2026-09-04,15:29,UNOMINDA,10.6223
2026-09-04,15:29,URBANCO,26.7782
2026-09-04,15:29,USHAMART,12.3825
2026-09-04,15:29,UTLSOLAR,40.4687
2026-09-04,15:29,UTTAMSUGAR,11.0146
2026-09-04,15:29,V2RETAIL,6.1899
2026-09-04,15:29,VADILALIND,60.9174
2026-09-04,15:29,VAIBHAVGBL,-0.4958
2026-09-04,15:29,VALIANTLAB,33.0947
2026-09-04,15:29,VALIANTORG,16.2685
2026-09-04,15:29,VARROC,60.4096
2026-09-04,15:29,VEDL,1.7348
2026-09-04,15:29,VEEDOL,4.3749
2026-09-04,15:29,VELJAN,81.7118
2026-09-04,15:29,VENKEYS,5.8553
2026-09-04,15:29,VENUSPIPES,15.4241
2026-09-04,15:29,VENUSREM,85.7487
2026-09-04,15:29,VERANDA,28.9556
2026-09-04,15:29,VGUARD,0.4041
2026-09-04,15:29,VHL,5.7044
2026-09-04,15:29,VIDHIING,16.4212
2026-09-04,15:29,VIDYAWIRES,3.0175
2026-09-04,15:29,VIJAYA,34.4741
2026-09-04,15:29,VIMTALABS,40.3666
2026-09-04,15:29,VINATIORGA,0.8231
2026-09-04,15:29,VINCOFE,24.7259
2026-09-04,15:29,VINDHYATEL,105.4893
2026-09-04,15:29,VIPIND,6.6022
2026-09-04,15:29,VISAKAIND,39.2751
2026-09-04,15:29,VISHNU,19.4995
2026-09-04,15:29,VIYASH,26.4327
2026-09-04,15:29,VLSFINANCE,3.948
2026-09-04,15:29,VMART,30.9813
2026-09-04,15:29,VOLTAMP,-0.8208
2026-09-04,15:29,VRLLOG,17.6726
2026-09-04,15:29,VSSL,24.1604
2026-09-04,15:29,WABAG,32.731
2026-09-04,15:29,WAKEFIT,4.8281
2026-09-04,15:29,WELCORP,111.2361
2026-09-04,15:29,WELENT,57.2022
2026-09-04,15:29,WELINV,54.6734
2026-09-04,15:29,WELSPLSOL,39.1355
2026-09-04,15:29,WELSPUNLIV,58.2258
2026-09-04,15:29,WENDT,18.6823
2026-09-04,15:29,WESTLIFE,10.923
2026-09-04,15:29,WEWORK,22.152
2026-09-04,15:29,WHEELS,62.0766
2026-09-04,15:29,WINDLAS,31.6522
2026-09-04,15:29,WINDMACHIN,6.7619
2026-09-04,15:29,WOCKPHARMA,47.3718
2026-09-04,15:29,WONDERLA,1.5019
2026-09-04,15:29,WPIL,3.2446
2026-09-04,15:29,WSTCSTPAPR,32.7718
2026-09-04,15:29,XPROINDIA,30.526
2026-09-04,15:29,YASHO,177.0102
2026-09-04,15:29,YATHARTH,26.9664
2026-09-04,15:29,YATRA,3.8715
2026-09-04,15:29,YESBANK,12.669
2026-09-04,15:29,YUKEN,40.2234
2026-09-04,15:29,ZENTEC,6.737
2026-09-04,15:29,ZIMLAB,45.8285
2026-09-04,15:29,ZSARACOM,14.7411
2026-09-04,15:29,ZUARIIND,3.5742
2026-09-04,15:29,ZYDUSLIFE,22.9014
2026-09-04,15:29,ZYDUSWELL,8.621
2026-09-07,15:29,20MICRONS,25.3415
2026-09-07,15:29,360ONE,8.6072
2026-09-07,15:29,3BBLACKBIO,20.2894
2026-09-07,15:29,3MINDIA,-1.0098
2026-09-07,15:29,5PAISA,0.0236
2026-09-07,15:29,63MOONS,15.5894
2026-09-07,15:29,AARTIDRUGS,13.2985
2026-09-07,15:29,AARTIPHARM,21.6542
2026-09-07,15:29,ABB,2.3333
2026-09-07,15:29,ABBOTINDIA,1.8253
2026-09-07,15:29,ABCAPITAL,15.7268
2026-09-07,15:29,ABDL,8.7252
2026-09-07,15:29,ABSLAMC,1.7381
2026-09-07,15:29,ACE,23.8265
2026-09-07,15:29,ACMESOLAR,36.3081
2026-09-07,15:29,ACUTAAS,27.142
2026-09-07,15:29,ADANIENT,21.6044
2026-09-07,15:29,ADANIGREEN,3.4704
2026-09-07,15:29,ADANIPORTS,1.9987
2026-09-07,15:29,ADFFOODS,2.4955
2026-09-07,15:29,ADOR,48.6461
2026-09-07,15:29,ADVAIT,-0.2617
2026-09-07,15:29,ADVANCE,4.2346
2026-09-07,15:29,AEGISLOG,76.6521
2026-09-07,15:29,AEGISVOPAK,46.6492
2026-09-07,15:29,AEQUS,21.5489
2026-09-07,15:29,AEROENTER,70.633
2026-09-07,15:29,AEROFLEX,82.8921
2026-09-07,15:29,AETHER,38.644
2026-09-07,15:29,AFFLE,13.2649
2026-09-07,15:29,AFSL,0.5753
2026-09-07,15:29,AGARIND,1.7568
2026-09-07,15:29,AGARWALEYE,17.2511
2026-09-07,15:29,AGI,14.8804
2026-09-07,15:29,AHLWEST,53.8417
2026-09-07,15:29,AIAENG,7.2844
2026-09-07,15:29,AIIL,5.8044
2026-09-07,15:29,AJANTPHARM,25.2978
2026-09-07,15:29,AJAXENGG,11.8155
2026-09-07,15:29,AKCAPIT,12.5174
2026-09-07,15:29,AKUMS,38.799
2026-09-07,15:29,ALEMBICLTD,15.8962
2026-09-07,15:29,ALGOQUANT,16.1003
2026-09-07,15:29,ALIVUS,38.1303
2026-09-07,15:29,ALKYLAMINE,29.1566
2026-09-07,15:29,ALLDIGI,-1.1407
2026-09-07,15:29,AMAGI,38.4402
2026-09-07,15:29,AMANTA,50.4447
2026-09-07,15:29,AMBIKCO,10.2254
2026-09-07,15:29,AMNPLST,0.7788
2026-09-07,15:29,ANANDRATHI,24.0206
2026-09-07,15:29,ANANTRAJ,30.0163
2026-09-07,15:29,ANDHRAPAP,7.7934
2026-09-07,15:29,ANTELOPUS,46.4586
2026-09-07,15:29,ANTHEM,20.4128
2026-09-07,15:29,ANUHPHR,10.0427
2026-09-07,15:29,APARINDS,43.112
2026-09-07,15:29,APCOTEXIND,57.3689
2026-09-07,15:29,APLAPOLLO,12.6309
2026-09-07,15:29,APLLTD,5.0519
2026-09-07,15:29,APOLLO,36.3038
2026-09-07,15:29,APOLLOHOSP,13.6334
2026-09-07,15:29,APOLLOPIPE,33.719
2026-09-07,15:29,APOLLOTYRE,-0.7898
2026-09-07,15:29,ARFIN,-0.1572
2026-09-07,15:29,ARIES,30.9662
2026-09-07,15:29,ARIHANT,6.0397
2026-09-07,15:29,ARIHANTCAP,10.9287
2026-09-07,15:29,ARKADE,7.4367
2026-09-07,15:29,ARMANFIN,33.504
2026-09-07,15:29,ARROWGREEN,47.6435
2026-09-07,15:29,ARTEMISMED,43.2026
2026-09-07,15:29,ARVIND,43.7118
2026-09-07,15:29,ARVINDFASN,-0.7794
2026-09-07,15:29,ARVSMART,3.6372
2026-09-07,15:29,ASAHIINDIA,12.2325
2026-09-07,15:29,ASHIANA,2.8374
2026-09-07,15:29,ASHOKLEY,2.5765
2026-09-07,15:29,ASIANENE,61.5632
2026-09-07,15:29,ASIANHOTNR,27.8483
2026-09-07,15:29,ASIANPAINT,2.1902
2026-09-07,15:29,ASKAUTOLTD,39.7076
2026-09-07,15:29,ASTERDM,13.7455
2026-09-07,15:29,ASTRAMICRO,54.4417
2026-09-07,15:29,ATHERENERG,70.4284
2026-09-07,15:29,ATLANTAELE,6.6062
2026-09-07,15:29,AUBANK,3.4737
2026-09-07,15:29,AUROPHARMA,18.8431
2026-09-07,15:29,AURUM,25.3843
2026-09-07,15:29,AVADHSUGAR,79.4422
2026-09-07,15:29,AVALON,122.1435
2026-09-07,15:29,AVANTEL,4.375
2026-09-07,15:29,AVL,12.0198
2026-09-07,15:29,AVTNPL,30.2023
2026-09-07,15:29,AYE,31.8954
2026-09-07,15:29,AYMSYNTEX,31.4867
2026-09-07,15:29,AZAD,32.7593
2026-09-07,15:29,BAFNAPH,128.8759
2026-09-07,15:29,BAJAJ-AUTO,23.6444
2026-09-07,15:29,BAJAJCON,14.0132
2026-09-07,15:29,BAJAJFINSV,9.8855
2026-09-07,15:29,BAJAJHCARE,1.4658
2026-09-07,15:29,BAJAJHIND,15.8779
2026-09-07,15:29,BAJAJHLDNG,6.3122
2026-09-07,15:29,BAJEL,0.3157
2026-09-07,15:29,BAJFINANCE,13.9785
2026-09-07,15:29,BALAMINES,97.7961
2026-09-07,15:29,BALKRISIND,3.9638
2026-09-07,15:29,BALRAMCHIN,39.4649
2026-09-07,15:29,BALUFORGE,8.6093
2026-09-07,15:29,BANARISUG,5.2916
2026-09-07,15:29,BANCOINDIA,0.9094
2026-09-07,15:29,BANKINDIA,-0.8309
2026-09-07,15:29,BANSALWIRE,3.8409
2026-09-07,15:29,BASF,5.1317
2026-09-07,15:29,BBOX,25.2325
2026-09-07,15:29,BCLIND,5.1903
2026-09-07,15:29,BECTORFOOD,16.7789
2026-09-07,15:29,BELRISE,7.6323
2026-09-07,15:29,BEML,14.6324
2026-09-07,15:29,BEPL,29.9856
2026-09-07,15:29,BERGEPAINT,4.4631
2026-09-07,15:29,BESTAGRO,10.2142
2026-09-07,15:29,BETA,62.7135
2026-09-07,15:29,BFINVEST,8.743
2026-09-07,15:29,BHAGERIA,83.1692
2026-09-07,15:29,BHAGYANGR,38.0305
2026-09-07,15:29,BHARATCOAL,0.2972
2026-09-07,15:29,BHARATFORG,2.4741
2026-09-07,15:29,BHARATSE,26.5074
2026-09-07,15:29,BHARTIHEXA,0.1048
2026-09-07,15:29,BHEL,22.3367
2026-09-07,15:29,BIL,19.8623
2026-09-07,15:29,BIOCON,8.0469
2026-09-07,15:29,BIRLACABLE,128.026
2026-09-07,15:29,BIRLANU,3.9234
2026-09-07,15:29,BLACKBUCK,5.8973
2026-09-07,15:29,BLACKROSE,29.5426
2026-09-07,15:29,BLIL,-0.8311
2026-09-07,15:29,BLISSGVS,158.5936
2026-09-07,15:29,BLKASHYAP,6.5006
2026-09-07,15:29,BLSE,73.4162
2026-09-07,15:29,BLUEJET,27.6326
2026-09-07,15:29,BLUESTONE,70.088
2026-09-07,15:29,BLUSPRING,118.9785
2026-09-07,15:29,BODALCHEM,155.3782
2026-09-07,15:29,BOROLTD,1.4282
2026-09-07,15:29,BORORENEW,1.6424
2026-09-07,15:29,BOROSCI,14.9076
2026-09-07,15:29,BOSCH-HCIL,29.3982
2026-09-07,15:29,BOSCHLTD,32.1365
2026-09-07,15:29,BPCL,2.9615
2026-09-07,15:29,BRIGADE,13.5269
2026-09-07,15:29,BUILDPRO,16.3646
2026-09-07,15:29,BUTTERFLY,2.4663
2026-09-07,15:29,CANHLIFE,5.3363
2026-09-07,15:29,CAPITALSFB,2.3234
2026-09-07,15:29,CAPLIPOINT,62.8849
2026-09-07,15:29,CARBORUNIV,13.1032
2026-09-07,15:29,CARERATING,2.3618
2026-09-07,15:29,CARTRADE,93.2482
2026-09-07,15:29,CARYSIL,28.8181
2026-09-07,15:29,CASTROLIND,2.3668
2026-09-07,15:29,CDSL,8.3053
2026-09-07,15:29,CEIGALL,9.5076
2026-09-07,15:29,CEMPRO,93.8328
2026-09-07,15:29,CENTENKA,43.8166
2026-09-07,15:29,CENTUM,51.5809
2026-09-07,15:29,CERA,8.0174
2026-09-07,15:29,CGCL,50.0898
2026-09-07,15:29,CGPOWER,8.406
2026-09-07,15:29,CHALET,17.8053
2026-09-07,15:29,CHEMBONDCH,75.9534
2026-09-07,15:29,CHEMCON,25.5331
2026-09-07,15:29,CHENNPETRO,25.5112
2026-09-07,15:29,CHEVIOT,6.5575
2026-09-07,15:29,CHOICEIN,14.0002
2026-09-07,15:29,CHOLAFIN,18.9854
2026-09-07,15:29,CIPLA,5.8743
2026-09-07,15:29,CLEAN,2.6938
2026-09-07,15:29,CLEANMAX,26.6422
2026-09-07,15:29,CLSEL,5.6668
2026-09-07,15:29,CMPDI,29.5425
2026-09-07,15:29,COCKERILL,55.8731
2026-09-07,15:29,COFFEEDAY,16.7667
2026-09-07,15:29,COFORGE,60.7143
2026-09-07,15:29,COMSYN,91.039
2026-09-07,15:29,CONCORDBIO,27.2102
2026-09-07,15:29,CONFIPET,44.7851
2026-09-07,15:29,CONSOFINVT,33.3715
2026-09-07,15:29,CORONA,22.5535
2026-09-07,15:29,COSMOFIRST,29.9979
2026-09-07,15:29,CPPLUS,60.4901
2026-09-07,15:29,CRAFTSMAN,45.7583
2026-09-07,15:29,CREDITACC,10.7043
2026-09-07,15:29,CREST,0.9945
2026-09-07,15:29,CRISIL,10.8522
2026-09-07,15:29,CSLFINANCE,7.1473
2026-09-07,15:29,CUB,14.8803
2026-09-07,15:29,CUPID,142.5328
2026-09-07,15:29,CYIENT,30.9405
2026-09-07,15:29,CYIENTDLM,119.1037
2026-09-07,15:29,DALMIASUG,18.497
2026-09-07,15:29,DATAMATICS,5.0927
2026-09-07,15:29,DATAPATTNS,11.4786
2026-09-07,15:29,DBOL,6.747
2026-09-07,15:29,DCBBANK,14.6743
2026-09-07,15:29,DCI,22.089
2026-09-07,15:29,DCMSIL,7.9929
2026-09-07,15:29,DCW,1.0103
2026-09-07,15:29,DDEVPLSTIK,8.6785
2026-09-07,15:29,DECNGOLD,71.1102
2026-09-07,15:29,DEEDEV,60.1727
2026-09-07,15:29,DEEPAKFERT,8.4295
2026-09-07,15:29,DEEPINDS,62.5168
2026-09-07,15:29,DEN,-0.8881
2026-09-07,15:29,DENTA,-0.6267
2026-09-07,15:29,DEVYANI,8.786
2026-09-07,15:29,DHAMPURSUG,18.8784
2026-09-07,15:29,DHANBANK,3.0562
2026-09-07,15:29,DHARMAJ,5.8438
2026-09-07,15:29,DHUNINV,10.8201
2026-09-07,15:29,DIACABS,106.1485
2026-09-07,15:29,DIAMONDYD,13.5275
2026-09-07,15:29,DICIND,17.0958
2026-09-07,15:29,DIFFNKG,53.0069
2026-09-07,15:29,DIVGIITTS,60.3026
2026-09-07,15:29,DIVISLAB,42.562
2026-09-07,15:29,DIXON,25.2097
2026-09-07,15:29,DLF,13.1634
2026-09-07,15:29,DMCC,2.8509
2026-09-07,15:29,DOLPHIN,74.0307
2026-09-07,15:29,DPABHUSHAN,32.2657
2026-09-07,15:29,DRAGARWQ,6.8869
2026-09-07,15:29,DREDGECORP,10.2374
2026-09-07,15:29,DSSL,-1.1168
2026-09-07,15:29,DVL,22.6454
2026-09-07,15:29,DWARKESH,9.2712
2026-09-07,15:29,DYCL,23.5496
2026-09-07,15:29,E2E,114.4778
2026-09-07,15:29,EBGNG,50.3765
2026-09-07,15:29,ECLERX,33.371
2026-09-07,15:29,EDELWEISS,7.0841
2026-09-07,15:29,EFCIL,0.4769
2026-09-07,15:29,EICHERMOT,6.7112
2026-09-07,15:29,EIFFL,9.6969
2026-09-07,15:29,EIMCOELECO,42.3461
2026-09-07,15:29,ELANTAS,30.2495
2026-09-07,15:29,ELECTHERM,15.2534
2026-09-07,15:29,ELGIEQUIP,13.5283
2026-09-07,15:29,ELPROINTL,59.3392
2026-09-07,15:29,EMAMIPAP,55.9039
2026-09-07,15:29,EMBDL,17.7056
2026-09-07,15:29,EMCURE,11.3822
2026-09-07,15:29,EMIL,40.1699
2026-09-07,15:29,EMKAY,17.6457
2026-09-07,15:29,EMMVEE,11.8141
2026-09-07,15:29,EMSLIMITED,9.469
2026-09-07,15:29,EMUDHRA,2.6246
2026-09-07,15:29,ENDURANCE,18.7401
2026-09-07,15:29,ENGINERSIN,10.4005
2026-09-07,15:29,ENTERO,59.3419
2026-09-07,15:29,EPACKPEB,16.8086
2026-09-07,15:29,EPIGRAL,-1.2348
2026-09-07,15:29,EPL,9.6986
2026-09-07,15:29,EQUITASBNK,9.6249
2026-09-07,15:29,ERIS,0.6154
2026-09-07,15:29,ESAFSFB,61.4849
2026-09-07,15:29,ESTER,1.2275
2026-09-07,15:29,ETERNAL,26.2843
2026-09-07,15:29,ETHOSLTD,12.5979
2026-09-07,15:29,EVEREADY,0.0918
2026-09-07,15:29,EVERESTIND,7.2799
2026-09-07,15:29,EXCELINDUS,5.0723
2026-09-07,15:29,EXICOM,64.0676
2026-09-07,15:29,EXIDEIND,17.1413
2026-09-07,15:29,EXPLEOSOL,10.5981
2026-09-07,15:29,FAIRCHEMOR,13.7519
2026-09-07,15:29,FAZE3Q,9.0098
2026-09-07,15:29,FCL,146.0269
2026-09-07,15:29,FEDDERSHOL,38.0172
2026-09-07,15:29,FEDERALBNK,20.1054
2026-09-07,15:29,FEDFINA,11.2269
2026-09-07,15:29,FILATEX,67.7031
2026-09-07,15:29,FINCABLES,22.3025
2026-09-07,15:29,FINEORG,8.5437
2026-09-07,15:29,FINOPB,3.379
2026-09-07,15:29,FIVESTAR,5.6308
2026-09-07,15:29,FLUOROCHEM,34.7802
2026-09-07,15:29,FMGOETZE,1.5163
2026-09-07,15:29,FOSECOIND,29.8081
2026-09-07,15:29,FSL,21.0369
2026-09-07,15:29,FUSION,5.9719
2026-09-07,15:29,GABRIEL,34.8598
2026-09-07,15:29,GAEL,9.2999
2026-09-07,15:29,GAIL,6.2417
2026-09-07,15:29,GALAPREC,39.5668
2026-09-07,15:29,GALAXYSURF,11.3799
2026-09-07,15:29,GANDHAR,88.5188
2026-09-07,15:29,GANDHITUBE,7.3665
2026-09-07,15:29,GANESHBE,28.465
2026-09-07,15:29,GANESHHOU,11.0908
2026-09-07,15:29,GARFIBRES,33.7114
2026-09-07,15:29,GARUDA,3.7943
2026-09-07,15:29,GAYAPROJ,29.9356
2026-09-07,15:29,GCSL,73.5688
2026-09-07,15:29,GEECEE,25.2787
2026-09-07,15:29,GENUSPOWER,7.9174
2026-09-07,15:29,GEOJITFSL,29.2024
2026-09-07,15:29,GFLLIMITED,31.3266
2026-09-07,15:29,GHCLTEXTIL,48.1778
2026-09-07,15:29,GIPCL,26.4936
2026-09-07,15:29,GKENERGY,-0.4537
2026-09-07,15:29,GKSL,48.3345
2026-09-07,15:29,GLAND,71.0252
2026-09-07,15:29,GLAXO,24.981
2026-09-07,15:29,GLENMARK,1.5742
2026-09-07,15:29,GLOBAL,15.7961
2026-09-07,15:29,GLOTTIS,1.2224
2026-09-07,15:29,GMMPFAUDLR,37.6058
2026-09-07,15:29,GMRAIRPORT,-0.5081
2026-09-07,15:29,GNA,27.1089
2026-09-07,15:29,GNFC,25.9002
2026-09-07,15:29,GNRL,19.1427
2026-09-07,15:29,GOCLCORP,31.8298
2026-09-07,15:29,GOCOLORS,8.2439
2026-09-07,15:29,GODREJAGRO,12.1503
2026-09-07,15:29,GODREJIND,20.8251
2026-09-07,15:29,GODREJPROP,3.2164
2026-09-07,15:29,GOKEX,9.8473
2026-09-07,15:29,GOKULAGRO,1.4138
2026-09-07,15:29,GOPAL,-0.4114
2026-09-07,15:29,GPPL,1.5775
2026-09-07,15:29,GPTHEALTH,19.0922
2026-09-07,15:29,GRANDOAK,16.6179
2026-09-07,15:29,GRANULES,23.0999
2026-09-07,15:29,GRASIM,17.8082
2026-09-07,15:29,GRAUWEIL,0.6763
2026-09-07,15:29,GRAVITA,1.7289
2026-09-07,15:29,GREAVESCOT,16.145
2026-09-07,15:29,GREENLAM,4.1233
2026-09-07,15:29,GREENPLY,6.2401
2026-09-07,15:29,GRINDWELL,21.4057
2026-09-07,15:29,GRPLTD,4.5217
2026-09-07,15:29,GRWRHITECH,82.2962
2026-09-07,15:29,GSPCROP,43.5447
2026-09-07,15:29,GUFICBIO,54.8833
2026-09-07,15:29,GUJTHEM,14.2849
2026-09-07,15:29,GULFOILLUB,5.8835
2026-09-07,15:29,GVPIL,13.8204
2026-09-07,15:29,HAL,11.5728
2026-09-07,15:29,HALDYNGL,30.971
2026-09-07,15:29,HAPPYFORGE,71.4747
2026-09-07,15:29,HARIOMPIPE,10.5327
2026-09-07,15:29,HARSHA,15.6845
2026-09-07,15:29,HATSUN,17.7486
2026-09-07,15:29,HAWKINCOOK,10.4338
2026-09-07,15:29,HCC,6.6606
2026-09-07,15:29,HCG,20.6207
2026-09-07,15:29,HCLTECH,6.8822
2026-09-07,15:29,HDBFS,2.5908
2026-09-07,15:29,HEALTHX,5.0602
2026-09-07,15:29,HEIDELBERG,0.8986
2026-09-07,15:29,HERITGFOOD,5.5067
2026-09-07,15:29,HEROMOTOCO,3.0404
2026-09-07,15:29,HESTERBIO,42.7096
2026-09-07,15:29,HFCL,126.9001
2026-09-07,15:29,HIKAL,28.4763
2026-09-07,15:29,HINDOILEXP,20.2177
2026-09-07,15:29,HIRECT,31.0446
2026-09-07,15:29,HITECHCORP,140.4704
2026-09-07,15:29,HLEGLAS,3.605
2026-09-07,15:29,HMT,11.2416
2026-09-07,15:29,HMVL,24.3852
2026-09-07,15:29,HNDFDS,28.19
2026-09-07,15:29,HOMEFIRST,6.8
2026-09-07,15:29,HONASA,35.4615
2026-09-07,15:29,HONAUT,12.6366
2026-09-07,15:29,HSCL,11.8102
2026-09-07,15:29,HTMEDIA,13.7168
2026-09-07,15:29,HUHTAMAKI,38.9475
2026-09-07,15:29,HYUNDAI,21.6023
2026-09-07,15:29,IBULLSLTD,43.2553
2026-09-07,15:29,ICICIBANK,11.4364
2026-09-07,15:29,ICIL,67.5654
2026-09-07,15:29,IDBI,18.241
2026-09-07,15:29,IDEAFORGE,27.1512
2026-09-07,15:29,IDFCFIRSTB,23.2217
2026-09-07,15:29,IFBAGRO,2.9995
2026-09-07,15:29,IFBIND,13.1975
2026-09-07,15:29,IFCI,75.9526
2026-09-07,15:29,IFGLEXPOR,8.6706
2026-09-07,15:29,IGARASHI,8.4084
2026-09-07,15:29,IGPL,31.5752
2026-09-07,15:29,IIFL,46.3035
2026-09-07,15:29,IIFLCAPS,8.4201
2026-09-07,15:29,IKIO,24.0785
2026-09-07,15:29,IKS,14.7772
2026-09-07,15:29,IMAGICAA,20.651
2026-09-07,15:29,IMPAL,10.1151
2026-09-07,15:29,INDGN,20.9708
2026-09-07,15:29,INDHOTEL,11.099
2026-09-07,15:29,INDIANB,-0.7024
2026-09-07,15:29,INDIANHUME,22.8114
2026-09-07,15:29,INDIGO,15.0925
2026-09-07,15:29,INDIGOPNTS,34.3982
2026-09-07,15:29,INDIQUBE,17.8944
2026-09-07,15:29,INDNIPPON,40.5493
2026-09-07,15:29,INDOAMIN,12.0377
2026-09-07,15:29,INDOBORAX,79.2778
2026-09-07,15:29,INDOCO,19.6602
2026-09-07,15:29,INDORAMA,92.9189
2026-09-07,15:29,INDOSTAR,20.7443
2026-09-07,15:29,INDOTECH,42.4642
2026-09-07,15:29,INDSWFTLAB,170.9237
2026-09-07,15:29,INDUSINDBK,9.2202
2026-09-07,15:29,INGERRAND,9.7416
2026-09-07,15:29,INNOVACAP,59.8572
2026-09-07,15:29,INOXINDIA,48.4927
2026-09-07,15:29,INTLCONV,2.6326
2026-09-07,15:29,INVPRECQ,105.538
2026-09-07,15:29,IOLCP,122.7753
2026-09-07,15:29,IONEXCHANG,10.521
2026-09-07,15:29,IPCALAB,27.041
2026-09-07,15:29,IRIS,10.1591
2026-09-07,15:29,IRISDOREME,76.1122
2026-09-07,15:29,ITDC,8.0353
2026-09-07,15:29,IZMO,28.1536
2026-09-07,15:29,J&KBANK,9.8336
2026-09-07,15:29,JAGSNPHARM,14.4759
2026-09-07,15:29,JAMNAAUTO,2.2037
2026-09-07,15:29,JARO,3.2844
2026-09-07,15:29,JASH,22.3286
2026-09-07,15:29,JAYAGROGN,14.7791
2026-09-07,15:29,JAYBARMARU,30.4145
2026-09-07,15:29,JGCHEM,43.0311
2026-09-07,15:29,JINDALSAW,34.7041
2026-09-07,15:29,JINDRILL,22.2887
2026-09-07,15:29,JINDWORLD,123.5294
2026-09-07,15:29,JISLJALEQS,-0.7631
2026-09-07,15:29,JITFINFRA,-0.3311
2026-09-07,15:29,JKPAPER,14.9405
2026-09-07,15:29,JNKINDIA,18.2952
2026-09-07,15:29,JSFB,15.5208
2026-09-07,15:29,JSWDULUX,7.0402
2026-09-07,15:29,JSWINFRA,21.1284
2026-09-07,15:29,JSWSTEEL,1.7426
2026-09-07,15:29,JTLIND,11.0546
2026-09-07,15:29,JUBLCPL,28.4326
2026-09-07,15:29,JUBLPHARMA,2.5301
2026-09-07,15:29,JUNIPER,2.9794
2026-09-07,15:29,JUSTDIAL,31.1345
2026-09-07,15:29,JYOTICNC,33.5318
2026-09-07,15:29,KABRAEXTRU,154.6761
2026-09-07,15:29,KAJARIACER,-0.6229
2026-09-07,15:29,KALYANKJIL,43.3075
2026-09-07,15:29,KAMATHOTEL,35.8678
2026-09-07,15:29,KAMDHENU,72.7903
2026-09-07,15:29,KANORICHEM,73.8172
2026-09-07,15:29,KANPRPLA,17.202
2026-09-07,15:29,KAPSTON,63.4449
2026-09-07,15:29,KARURVYSYA,14.8379
2026-09-07,15:29,KAYA,37.7462
2026-09-07,15:29,KDDL,64.7367
2026-09-07,15:29,KENNAMET,73.8857
2026-09-07,15:29,KERNEX,31.0399
2026-09-07,15:29,KICL,6.5496
2026-09-07,15:29,KILITCH,21.874
2026-09-07,15:29,KIMS,14.9267
2026-09-07,15:29,KINGFA,30.1745
2026-09-07,15:29,KIRANVYPAR,1.6894
2026-09-07,15:29,KIRIINDUS,40.4963
2026-09-07,15:29,KIRLFER,5.6244
2026-09-07,15:29,KIRLOSBROS,5.3224
2026-09-07,15:29,KIRLOSENG,27.9972
2026-09-07,15:29,KIRLOSIND,12.969
2026-09-07,15:29,KKCL,6.9082
2026-09-07,15:29,KMEW,64.5151
2026-09-07,15:29,KOLTEPATIL,16.7368
2026-09-07,15:29,KOPRAN,56.4755
2026-09-07,15:29,KOTAKBANK,10.4974
2026-09-07,15:29,KOVAI,6.5896
2026-09-07,15:29,KPIL,12.6631
2026-09-07,15:29,KPL,113.6741
2026-09-07,15:29,KPRMILL,24.5094
2026-09-07,15:29,KRBL,15.284
2026-09-07,15:29,KRISHANA,51.1199
2026-09-07,15:29,KRISHNADEF,-0.1685
2026-09-07,15:29,KRN,26.6973
2026-09-07,15:29,KRONOX,33.1731
2026-09-07,15:29,KROSS,12.1401
2026-09-07,15:29,KRYSTAL,7.4823
2026-09-07,15:29,KSHINTL,65.5537
2026-09-07,15:29,KSL,16.035
2026-09-07,15:29,KTKBANK,24.3245
2026-09-07,15:29,KWIL,52.8625
2026-09-07,15:29,LALPATHLAB,36.0638
2026-09-07,15:29,LANDMARK,20.5269
2026-09-07,15:29,LAURUSLABS,69.6682
2026-09-07,15:29,LAXMIINDIA,13.6099
2026-09-07,15:29,LENSKART,32.3204
2026-09-07,15:29,LGEINDIA,1.2784
2026-09-07,15:29,LICI,1.2973
2026-09-07,15:29,LLOYDSENGG,43.7781
2026-09-07,15:29,LLOYDSENT,4.6626
2026-09-07,15:29,LLOYDSME,1.738
2026-09-07,15:29,LMW,25.8975
2026-09-07,15:29,LODHA,31.478
2026-09-07,15:29,LOKESHMACH,40.0384
2026-09-07,15:29,LOTUSDEV,36.4326
2026-09-07,15:29,LTF,9.4878
2026-09-07,15:29,LTFOODS,5.6104
2026-09-07,15:29,LTM,2.8891
2026-09-07,15:29,LUMAXIND,20.8515
2026-09-07,15:29,LUMAXTECH,20.1875
2026-09-07,15:29,LXCHEM,16.9523
2026-09-07,15:29,M&M,0.2443
2026-09-07,15:29,M&MFIN,16.2867
2026-09-07,15:29,MACPOWER,59.1035
2026-09-07,15:29,MAGADSUGAR,11.7722
2026-09-07,15:29,MAHABANK,6.7705
2026-09-07,15:29,MAHASTEEL,48.6279
2026-09-07,15:29,MAHLIFE,4.5125
2026-09-07,15:29,MAHSCOOTER,10.102
2026-09-07,15:29,MAHSEAMLES,6.0412
2026-09-07,15:29,MAITHANALL,10.9453
2026-09-07,15:29,MAMATA,1.8849
2026-09-07,15:29,MANAKCOAT,7.9383
2026-09-07,15:29,MANAKSTEEL,55.7979
2026-09-07,15:29,MANALIPETC,60.3275
2026-09-07,15:29,MANAPPURAM,10.2421
2026-09-07,15:29,MANBA,19.5084
2026-09-07,15:29,MANGLMCEM,17.3457
2026-09-07,15:29,MANINDS,56.9431
2026-09-07,15:29,MANINFRA,4.6426
2026-09-07,15:29,MANKIND,2.7118
2026-09-07,15:29,MANORAMA,35.9479
2026-09-07,15:29,MANYAVAR,33.6639
2026-09-07,15:29,MAPMYINDIA,5.0422
2026-09-07,15:29,MARICO,3.4262
2026-09-07,15:29,MARINE,80.5227
2026-09-07,15:29,MARKSANS,78.4459
2026-09-07,15:29,MASTEK,-0.0177
2026-09-07,15:29,MASTERTR,9.1244
2026-09-07,15:29,MATRIMONY,22.8821
2026-09-07,15:29,MAWANASUG,39.7304
2026-09-07,15:29,MAXESTATES,35.8679
2026-09-07,15:29,MAYURUNIQ,27.7733
2026-09-07,15:29,MAZDA,27.5883
2026-09-07,15:29,MBAPL,55.4549
2026-09-07,15:29,MCCHRLS-B,-0.7445
2026-09-07,15:29,MCLOUD,-0.7263
2026-09-07,15:29,MCX,12.1922
2026-09-07,15:29,MEDANTA,24.4674
2026-09-07,15:29,MEDIASSIST,1.7077
2026-09-07,15:29,MEESHO,21.786
2026-09-07,15:29,MENONBE,151.3332
2026-09-07,15:29,METROPOLIS,20.6663
2026-09-07,15:29,MIDHANI,5.2909
2026-09-07,15:29,MINDACORP,33.1324
2026-09-07,15:29,MMFL,26.0014
2026-09-07,15:29,MMP,76.4624
2026-09-07,15:29,MODIS,0.38
2026-09-07,15:29,MODISONLTD,184.1609
2026-09-07,15:29,MOL,31.5126
2026-09-07,15:29,MOLDTECH,69.8017
2026-09-07,15:29,MOLDTKPAC,23.4362
2026-09-07,15:29,MONARCH,29.3016
2026-09-07,15:29,MONTECARLO,2.4206
2026-09-07,15:29,MOREPENLAB,184.6062
2026-09-07,15:29,MOSCHIP,4.2821
2026-09-07,15:29,MOTHERSON,31.4508
2026-09-07,15:29,MOTILALOFS,34.4035
2026-09-07,15:29,MPHASIS,5.2606
2026-09-07,15:29,MPSLTD,58.2813
2026-09-07,15:29,MRF,-1.1769
2026-09-07,15:29,MRPL,-0.0519
2026-09-07,15:29,MSTCLTD,79.9679
2026-09-07,15:29,MTARTECH,32.9267
2026-09-07,15:29,MUFIN,18.2031
2026-09-07,15:29,MUKANDLTD,-0.1313
2026-09-07,15:29,MUKKA,33.1263
2026-09-07,15:29,MUNJALAU,42.9064
2026-09-07,15:29,MUNJALSHOW,0.1628
2026-09-07,15:29,MUTHOOTMF,2.7727
2026-09-07,15:29,MVGJL,21.7391
2026-09-07,15:29,NACLIND,3.2432
2026-09-07,15:29,NAHARINDUS,18.613
2026-09-07,15:29,NAHARSPING,20.8914
2026-09-07,15:29,NAM-INDIA,16.1435
2026-09-07,15:29,NAUKRI,31.3467
2026-09-07,15:29,NAVINFLUOR,27.299
2026-09-07,15:29,NAZARA,39.3834
2026-09-07,15:29,NCLIND,0.547
2026-09-07,15:29,NELCO,30.7094
2026-09-07,15:29,NEOGEN,33.287
2026-09-07,15:29,NEPHROPLUS,33.6687
2026-09-07,15:29,NETWEB,27.9335
2026-09-07,15:29,NEULANDLAB,56.0453
2026-09-07,15:29,NEWGEN,8.4453
2026-09-07,15:29,NGLFINE,25.9094
2026-09-07,15:29,NH,7.9869
2026-09-07,15:29,NIACL,43.087
2026-09-07,15:29,NIBE,21.4467
2026-09-07,15:29,NIITLTD,37.4523
2026-09-07,15:29,NILKAMAL,55.984
2026-09-07,15:29,NINSYS,41.5806
2026-09-07,15:29,NIRLON,9.8482
2026-09-07,15:29,NITCO,6.0219
2026-09-07,15:29,NITINSPIN,35.9736
2026-09-07,15:29,NITTAGELA,73.8113
2026-09-07,15:29,NIVABUPA,2.4381
2026-09-07,15:29,NORTHARC,18.6921
2026-09-07,15:29,NOVARTIND,58.7145
2026-09-07,15:29,NPST,44.1624
2026-09-07,15:29,NRAIL,20.5948
2026-09-07,15:29,NRBBEARING,69.2599
2026-09-07,15:29,NRL,138.2131
2026-09-07,15:29,NSLNISP,7.9294
2026-09-07,15:29,NUVAMA,36.1367
2026-09-07,15:29,NUVOCO,20.3278
2026-09-07,15:29,NYKAA,24.2113
2026-09-07,15:29,OAL,75.1124
2026-09-07,15:29,OBEROIRLTY,8.6573
2026-09-07,15:29,OCCLLTD,64.7
2026-09-07,15:29,OFSS,22.2853
2026-09-07,15:29,OIL,-1.187
2026-09-07,15:29,OLAELEC,4.8329
2026-09-07,15:29,OMAXE,56.0337
2026-09-07,15:29,OMNI,35.4017
2026-09-07,15:29,ONEPOINT,9.3164
2026-09-07,15:29,ONIDA,3.0186
2026-09-07,15:29,ONWARDTEC,19.4152
2026-09-07,15:29,OPTIEMUS,33.0129
2026-09-07,15:29,ORBTEXP,45.5631
2026-09-07,15:29,ORCHPHARMA,54.5403
2026-09-07,15:29,ORIENTBELL,31.8406
2026-09-07,15:29,ORIENTCER,10.5054
2026-09-07,15:29,ORIENTHOT,38.971
2026-09-07,15:29,PAISALO,66.7227
2026-09-07,15:29,PANACEABIO,2.0634
2026-09-07,15:29,PANACHE,51.1929
2026-09-07,15:29,PANAMAPET,72.4157
2026-09-07,15:29,PARACABLES,66.6074
2026-09-07,15:29,PARADEEP,20.5126
2026-09-07,15:29,PARAGMILK,10.598
2026-09-07,15:29,PARAS,83.5819
2026-09-07,15:29,PARKHOSPS,21.9751
2026-09-07,15:29,PASUPTAC,34.991
2026-09-07,15:29,PATELRMART,3.6518
2026-09-07,15:29,PAUSHAKLTD,64.0193
2026-09-07,15:29,PAYTM,50.6973
2026-09-07,15:29,PCBL,6.2665
2026-09-07,15:29,PDMJEPAPER,19.4981
2026-09-07,15:29,PDSL,26.0047
2026-09-07,15:29,PENIND,4.2355
2026-09-07,15:29,PERSISTENT,15.2774
2026-09-07,15:29,PETRONET,3.8662
2026-09-07,15:29,PFOCUS,-0.8113
2026-09-07,15:29,PGEL,1.5978
2026-09-07,15:29,PGHL,10.3603
2026-09-07,15:29,PGIL,47.2407
2026-09-07,15:29,PHOENIXLTD,6.4067
2026-09-07,15:29,PICCADIL,1.1044
2026-09-07,15:29,PIDILITIND,13.3909
2026-09-07,15:29,PITTIENG,20.8156
2026-09-07,15:29,PIXTRANS,12.6163
2026-09-07,15:29,PNB,3.9755
2026-09-07,15:29,PNBGILTS,15.1801
2026-09-07,15:29,PNBHOUSING,12.2549
2026-09-07,15:29,PNGSREVA,29.5169
2026-09-07,15:29,POLICYBZR,6.3943
2026-09-07,15:29,POLYCAB,1.3806
2026-09-07,15:29,POLYMED,12.0693
2026-09-07,15:29,POLYPLEX,23.5796
2026-09-07,15:29,POONAWALLA,8.997
2026-09-07,15:29,POWERICA,3.9586
2026-09-07,15:29,PPL,26.0443
2026-09-07,15:29,PPLPHARMA,37.1589
2026-09-07,15:29,PRABHA,51.2773
2026-09-07,15:29,PRADPME,26.1406
2026-09-07,15:29,PRECOT,29.4831
2026-09-07,15:29,PRECWIRE,10.8053
2026-09-07,15:29,PREMEXPLN,18.9153
2026-09-07,15:29,PREMIERPOL,72.0926
2026-09-07,15:29,PRESTIGE,8.1119
2026-09-07,15:29,PRICOLLTD,30.8402
2026-09-07,15:29,PRINCEPIPE,7.6669
2026-09-07,15:29,PRIVISCL,1.9592
2026-09-07,15:29,PRUDENT,17.7353
2026-09-07,15:29,PSPPROJECT,12.3529
2026-09-07,15:29,PTCIL,49.2898
2026-09-07,15:29,PURVA,2.7695
2026-09-07,15:29,PVP,96.0289
2026-09-07,15:29,PVRINOX,5.8533
2026-09-07,15:29,PWL,17.1999
2026-09-07,15:29,QPOWER,6.467
2026-09-07,15:29,QUADFUTURE,32.1201
2026-09-07,15:29,QUESS,67.2906
2026-09-07,15:29,RACLGEAR,25.1053
2026-09-07,15:29,RADHIKAJWE,47.2895
2026-09-07,15:29,RADICO,28.495
2026-09-07,15:29,RAIN,60.4768
2026-09-07,15:29,RAINBOW,16.2712
2026-09-07,15:29,RAJRATAN,11.4836
2026-09-07,15:29,RAJRILTD,2.9971
2026-09-07,15:29,RAMCOIND,20.9517
2026-09-07,15:29,RAMCOSYS,45.6616
2026-09-07,15:29,RAMRAT,22.7617
2026-09-07,15:29,RANEHOLDIN,50.4429
2026-09-07,15:29,RATEGAIN,47.4056
2026-09-07,15:29,RATNAMANI,-0.2139
2026-09-07,15:29,RATNAVEER,81.6
2026-09-07,15:29,RAYMOND,66.2863
2026-09-07,15:29,RAYMONDREL,27.3752
2026-09-07,15:29,RBA,46.3196
2026-09-07,15:29,RBLBANK,21.6295
2026-09-07,15:29,RBZJEWEL,39.4181
2026-09-07,15:29,REDINGTON,76.4898
2026-09-07,15:29,REFEX,3.9183
2026-09-07,15:29,REGAAL,4.2204
2026-09-07,15:29,RELAXO,11.1458
2026-09-07,15:29,RELIGARE,13.2866
2026-09-07,15:29,RELTD,4.7159
2026-09-07,15:29,RGL,51.2995
2026-09-07,15:29,RICOAUTO,17.5343
2026-09-07,15:29,RISHABH,67.4315
2026-09-07,15:29,RITCO,51.1699
2026-09-07,15:29,RKFORGE,17.9344
2026-09-07,15:29,RMDRIP,4.7985
2026-09-07,15:29,RML,74.3422
2026-09-07,15:29,ROLEXRINGS,19.9276
2026-09-07,15:29,ROSSTECH,14.1182
2026-09-07,15:29,ROTO,8.1095
2026-09-07,15:29,RPEL,140.2057
2026-09-07,15:29,RPGLIFE,31.6621
2026-09-07,15:29,RPTECH,82.565
2026-09-07,15:29,RRKABEL,46.754
2026-09-07,15:29,RSL,34.5945
2026-09-07,15:29,RSWM,33.6834
2026-09-07,15:29,RUBICON,79.2404
2026-09-07,15:29,RUBYMILLS,95.709
2026-09-07,15:29,SAFARI,7.2535
2026-09-07,15:29,SAGILITY,10.7496
2026-09-07,15:29,SAIL,0.9347
2026-09-07,15:29,SAILIFE,49.7109
2026-09-07,15:29,SAIPARENT,6.0581
2026-09-07,15:29,SAKAR,77.2876
2026-09-07,15:29,SAKSOFT,6.9481
2026-09-07,15:29,SALSTEEL,38.8795
2026-09-07,15:29,SAMBHV,10.6939
2026-09-07,15:29,SAMMAANCAP,10.511
2026-09-07,15:29,SANATHAN,4.2275
2026-09-07,15:29,SANDHAR,25.1185
2026-09-07,15:29,SANGAMIND,10.7737
2026-09-07,15:29,SANGHVIMOV,40.1009
2026-09-07,15:29,SANSERA,52.3957
2026-09-07,15:29,SANSTAR,27.4592
2026-09-07,15:29,SAPPHIRE,10.0087
2026-09-07,15:29,SAREGAMA,41.4306
2026-09-07,15:29,SARLAPOLY,12.9508
2026-09-07,15:29,SASKEN,40.2595
2026-09-07,15:29,SATIA,-0.0293
2026-09-07,15:29,SATIN,19.5591
2026-09-07,15:29,SBC,39.6187
2026-09-07,15:29,SBCL,81.2915
2026-09-07,15:29,SBFC,4.766
2026-09-07,15:29,SBICARD,3.601
2026-09-07,15:29,SCHNEIDER,0.1973
2026-09-07,15:29,SCPL,77.6407
2026-09-07,15:29,SEAMECLTD,13.2324
2026-09-07,15:29,SEDEMAC,58.1198
2026-09-07,15:29,SEIL,1.9455
2026-09-07,15:29,SENCO,15.228
2026-09-07,15:29,SENORES,65.7443
2026-09-07,15:29,SETL,173.8389
2026-09-07,15:29,SFL,24.1453
2026-09-07,15:29,SGFIN,19.7702
2026-09-07,15:29,SGIL,10.9808
2026-09-07,15:29,SGMART,45.8997
2026-09-07,15:29,SHADOWFAX,50.6866
2026-09-07,15:29,SHAILY,32.4854
2026-09-07,15:29,SHALPAINTS,60.4207
2026-09-07,15:29,SHANTIGEAR,34.1719
2026-09-07,15:29,SHANTIGOLD,32.362
2026-09-07,15:29,SHARDAMOTR,2.5876
2026-09-07,15:29,SHAREINDIA,22.582
2026-09-07,15:29,SHILPAMED,132.5207
2026-09-07,15:29,SHINDL,10.9922
2026-09-07,15:29,SHIVALIK,20.2147
2026-09-07,15:29,SHIVAUM,30.5424
2026-09-07,15:29,SHK,1.495
2026-09-07,15:29,SHOPERSTOP,27.7976
2026-09-07,15:29,SHREDIGCEM,-0.2631
2026-09-07,15:29,SHREEJISPG,74.4485
2026-09-07,15:29,SHREEPUSHK,34.72
2026-09-07,15:29,SHRINGARMS,7.1677
2026-09-07,15:29,SHRIPISTON,30.332
2026-09-07,15:29,SHRIRAMFIN,8.3764
2026-09-07,15:29,SHYAMMETL,22.4737
2026-09-07,15:29,SICALLOG,49.7455
2026-09-07,15:29,SIEMENS,3.9769
2026-09-07,15:29,SIGACHI,70.6845
2026-09-07,15:29,SIGMAADV,170.177
2026-09-07,15:29,SIGNPOST,2.8744
2026-09-07,15:29,SILINV,2.0869
2026-09-07,15:29,SILVERTUC,1.4577
2026-09-07,15:29,SIMPLEXINF,7.3077
2026-09-07,15:29,SINDHUTRAD,8.6022
2026-09-07,15:29,SIRCA,2.1035
2026-09-07,15:29,SIS,16.8461
2026-09-07,15:29,SJS,34.5817
2026-09-07,15:29,SKFINDUS,35.2269
2026-09-07,15:29,SKIPPER,24.439
2026-09-07,15:29,SKMEGGPROD,52.7632
2026-09-07,15:29,SKYGOLD,71.8788
2026-09-07,15:29,SMARTWORKS,22.7537
2026-09-07,15:29,SMCGLOBAL,24.8897
2026-09-07,15:29,SMLMAH,69.0463
2026-09-07,15:29,SOFTTECH,11.5367
2026-09-07,15:29,SOLARA,42.0377
2026-09-07,15:29,SOLARINDS,42.7457
2026-09-07,15:29,SOMANYCERA,19.645
2026-09-07,15:29,SONACOMS,31.399
2026-09-07,15:29,SONATSOFTW,7.9237
2026-09-07,15:29,SOTL,93.3297
2026-09-07,15:29,SOUTHBANK,16.6708
2026-09-07,15:29,SPAL,32.6571
2026-09-07,15:29,SPANDANA,4.465
2026-09-07,15:29,SPARC,38.577
2026-09-07,15:29,SPECIALITY,32.8978
2026-09-07,15:29,SPECTRUM,116.4882
2026-09-07,15:29,SPIC,1.2258
2026-09-07,15:29,SPLPETRO,3.6085
2026-09-07,15:29,SPORTKING,50.0304
2026-09-07,15:29,SREEL,54.1347
2026-09-07,15:29,SRF,0.0944
2026-09-07,15:29,SRHHYPOLTD,7.2639
2026-09-07,15:29,SSWL,72.273
2026-09-07,15:29,STALLION,30.4829
2026-09-07,15:29,STAR,11.899
2026-09-07,15:29,STARHEALTH,6.1322
2026-09-07,15:29,STEELCAS,10.0653
2026-09-07,15:29,STEL,24.9895
2026-09-07,15:29,STLNETWORK,6.5004
2026-09-07,15:29,STLTECH,163.6644
2026-09-07,15:29,STOVEKRAFT,56.1408
2026-09-07,15:29,STYL,56.1396
2026-09-07,15:29,STYLAMIND,50.6593
2026-09-07,15:29,STYLEBAAZA,5.0486
2026-09-07,15:29,SUDARCOLOR,9.7149
2026-09-07,15:29,SUDARSCHEM,39.6093
2026-09-07,15:29,SUDEEPPHRM,91.0075
2026-09-07,15:29,SUMICHEM,11.8011
2026-09-07,15:29,SUNDARMFIN,1.6648
2026-09-07,15:29,SUNDRMFAST,43.1809
2026-09-07,15:29,SUNDROP,1.3058
2026-09-07,15:29,SUNFLAG,15.4673
2026-09-07,15:29,SUNPHARMA,6.5385
2026-09-07,15:29,SUPRAJIT,12.8548
2026-09-07,15:29,SUPREMEINF,7.3467
2026-09-07,15:29,SUPRIYA,30.1969
2026-09-07,15:29,SURAKSHA,20.7038
2026-09-07,15:29,SURYODAY,-0.2556
2026-09-07,15:29,SUTLEJTEX,1.2674
2026-09-07,15:29,SUVEN,73.5379
2026-09-07,15:29,SVLL,37.8954
2026-09-07,15:29,SWANDEF,34.1935
2026-09-07,15:29,SWIGGY,0.5273
2026-09-07,15:29,SYNCOMF,46.9906
2026-09-07,15:29,SYRMA,67.4914
2026-09-07,15:29,TAALTECH,49.4546
2026-09-07,15:29,TAJGVK,4.2102
2026-09-07,15:29,TALBROAUTO,34.5716
2026-09-07,15:29,TARC,1.3752
2026-09-07,15:29,TARSONS,55.9622
2026-09-07,15:29,TASTYBITE,42.0211
2026-09-07,15:29,TATACAP,13.7958
2026-09-07,15:29,TATACOMM,8.5071
2026-09-07,15:29,TATATECH,37.2073
2026-09-07,15:29,TATVA,31.0206
2026-09-07,15:29,TBOTEK,33.7988
2026-09-07,15:29,TBZ,264.457
2026-09-07,15:29,TCIEXP,5.871
2026-09-07,15:29,TCPLPACK,43.7386
2026-09-07,15:29,TEAMLEASE,4.2883
2026-09-07,15:29,TECHM,7.138
2026-09-07,15:29,TEJASNET,42.4697
2026-09-07,15:29,TEXINFRA,23.2534
2026-09-07,15:29,TEXRAIL,12.3589
2026-09-07,15:29,TFCILTD,92.5389
2026-09-07,15:29,THANGAMAYL,37.3203
2026-09-07,15:29,THEJO,20.2048
2026-09-07,15:29,THELEELA,27.3878
2026-09-07,15:29,THEMISMED,41.9111
2026-09-07,15:29,THOMASCOOK,18.3424
2026-09-07,15:29,THYROCARE,41.746
2026-09-07,15:29,TI,16.7488
2026-09-07,15:29,TIIL,26.7016
2026-09-07,15:29,TIL,23.5465
2026-09-07,15:29,TIMETECHNO,0.19
2026-09-07,15:29,TIMEX,80.4682
2026-09-07,15:29,TINNARUBR,42.0617
2026-09-07,15:29,TIRUPATIFL,56.7825
2026-09-07,15:29,TITAGARH,14.0159
2026-09-07,15:29,TITAN,12.5051
2026-09-07,15:29,TMB,25.7571
2026-09-07,15:29,TMCV,10.241
2026-09-07,15:29,TNPETRO,49.8635
2026-09-07,15:29,TNPL,6.7389
2026-09-07,15:29,TORNTPHARM,16.129
2026-09-07,15:29,TPLPLASTEH,2.6635
2026-09-07,15:29,TRANSPEK,18.7494
2026-09-07,15:29,TRAVELFOOD,0.4141
2026-09-07,15:29,TREL,1.1914
2026-09-07,15:29,TRENT,-0.155
2026-09-07,15:29,TRITURBINE,-1.0181
2026-09-07,15:29,TSFINV,-0.689
2026-09-07,15:29,TTKHLTCARE,21.483
2026-09-07,15:29,TTKPRESTIG,6.1296
2026-09-07,15:29,TVSMOTOR,16.2666
2026-09-07,15:29,TVSSCS,12.1589
2026-09-07,15:29,TVSSRICHAK,35.3109
2026-09-07,15:29,UDS,38.1269
2026-09-07,15:29,UEL,42.2939
2026-09-07,15:29,UFBL,103.415
2026-09-07,15:29,UFLEX,54.3697
2026-09-07,15:29,UGARSUGAR,27.5659
2026-09-07,15:29,UJJIVANSFB,14.5144
2026-09-07,15:29,ULTRAMAR,4.9621
2026-09-07,15:29,UNICHEMLAB,51.8119
2026-09-07,15:29,UNIMECH,41.7994
2026-09-07,15:29,UNIONBANK,11.1948
2026-09-07,15:29,UNIPARTS,67.3965
2026-09-07,15:29,UNITDSPR,5.6183
2026-09-07,15:29,UNITEDPOLY,40.0392
2026-09-07,15:29,UNIVASTU,140.7397
2026-09-07,15:29,UNIVCABLES,79.1318
2026-09-07,15:29,UNIVPHOTO,10.0096
2026-09-07,15:29,UNOMINDA,9.7102
2026-09-07,15:29,URBANCO,19.4032
2026-09-07,15:29,USHAMART,8.3369
2026-09-07,15:29,UTLSOLAR,39.0258
2026-09-07,15:29,UTTAMSUGAR,9.8859
2026-09-07,15:29,V2RETAIL,11.299
2026-09-07,15:29,VADILALIND,58.1204
2026-09-07,15:29,VALIANTLAB,33.1292
2026-09-07,15:29,VALIANTORG,17.7767
2026-09-07,15:29,VARROC,58.8953
2026-09-07,15:29,VEEDOL,1.3431
2026-09-07,15:29,VELJAN,89.7367
2026-09-07,15:29,VENKEYS,5.1883
2026-09-07,15:29,VENUSPIPES,29.2341
2026-09-07,15:29,VENUSREM,78.8707
2026-09-07,15:29,VERANDA,22.8272
2026-09-07,15:29,VGUARD,-0.3297
2026-09-07,15:29,VHL,5.8713
2026-09-07,15:29,VIDHIING,17.5876
2026-09-07,15:29,VIDYAWIRES,-0.6425
2026-09-07,15:29,VIJAYA,34.4195
2026-09-07,15:29,VIMTALABS,42.1929
2026-09-07,15:29,VINATIORGA,-1.1943
2026-09-07,15:29,VINCOFE,31.9855
2026-09-07,15:29,VINDHYATEL,112.8233
2026-09-07,15:29,VIPIND,8.1491
2026-09-07,15:29,VISAKAIND,37.0761
2026-09-07,15:29,VISHNU,25.3342
2026-09-07,15:29,VIYASH,27.2381
2026-09-07,15:29,VLSFINANCE,3.4012
2026-09-07,15:29,VMART,29.5695
2026-09-07,15:29,VRLLOG,14.6286
2026-09-07,15:29,VSSL,26.3559
2026-09-07,15:29,WABAG,35.3282
2026-09-07,15:29,WAKEFIT,8.9952
2026-09-07,15:29,WELCORP,104.9949
2026-09-07,15:29,WELENT,45.0657
2026-09-07,15:29,WELINV,59.659
2026-09-07,15:29,WELSPLSOL,34.5268
2026-09-07,15:29,WELSPUNLIV,62.6756
2026-09-07,15:29,WENDT,19.3133
2026-09-07,15:29,WESTLIFE,10.7751
2026-09-07,15:29,WEWORK,23.4192
2026-09-07,15:29,WHEELS,45.5133
2026-09-07,15:29,WINDLAS,35.7412
2026-09-07,15:29,WINDMACHIN,7.5436
2026-09-07,15:29,WOCKPHARMA,58.6549
2026-09-07,15:29,WONDERLA,-0.0665
2026-09-07,15:29,WSTCSTPAPR,42.6645
2026-09-07,15:29,XPROINDIA,32.5418
2026-09-07,15:29,YASHO,172.2048
2026-09-07,15:29,YATHARTH,23.8931
2026-09-07,15:29,YATRA,3.9136
2026-09-07,15:29,YESBANK,10.6068
2026-09-07,15:29,YUKEN,36.7791
2026-09-07,15:29,ZENTEC,6.4413
2026-09-07,15:29,ZIMLAB,51.3476
2026-09-07,15:29,ZSARACOM,17.1432
2026-09-07,15:29,ZUARIIND,6.3693
2026-09-07,15:29,ZYDUSLIFE,27.0132
2026-09-07,15:29,ZYDUSWELL,10.9701
2026-09-08,15:29,20MICRONS,23.964
2026-09-08,15:29,360ONE,7.2827
2026-09-08,15:29,3BBLACKBIO,21.3458
2026-09-08,15:29,3MINDIA,-0.4655
2026-09-08,15:29,5PAISA,0.5693
2026-09-08,15:29,63MOONS,16.2861
2026-09-08,15:29,AARTIDRUGS,12.0117
2026-09-08,15:29,AARTIPHARM,17.1226
2026-09-08,15:29,ABB,2.1715
2026-09-08,15:29,ABBOTINDIA,0.4718
2026-09-08,15:29,ABCAPITAL,14.8915
2026-09-08,15:29,ABDL,11.7901
2026-09-08,15:29,ABSLAMC,2.2262
2026-09-08,15:29,ACE,26.311
2026-09-08,15:29,ACMESOLAR,36.2391
2026-09-08,15:29,ACUTAAS,22.6668
2026-09-08,15:29,ADANIENSOL,4.8761
2026-09-08,15:29,ADANIENT,22.6167
2026-09-08,15:29,ADANIGREEN,5.2846
2026-09-08,15:29,ADANIPORTS,3.1799
2026-09-08,15:29,ADFFOODS,3.6193
2026-09-08,15:29,ADOR,50.7346
2026-09-08,15:29,ADVAIT,6.6023
2026-09-08,15:29,ADVANCE,4.1561
2026-09-08,15:29,AEGISLOG,80.9116
2026-09-08,15:29,AEGISVOPAK,53.2802
2026-09-08,15:29,AEQUS,23.4496
2026-09-08,15:29,AEROENTER,63.5419
2026-09-08,15:29,AEROFLEX,88.2364
2026-09-08,15:29,AETHER,40.2031
2026-09-08,15:29,AFFLE,13.2025
2026-09-08,15:29,AFSL,-0.2232
2026-09-08,15:29,AGARIND,5.7441
2026-09-08,15:29,AGARWALEYE,16.7603
2026-09-08,15:29,AGI,23.6278
2026-09-08,15:29,AHLWEST,42.5096
2026-09-08,15:29,AIAENG,7.8337
2026-09-08,15:29,AIIL,11.5303
2026-09-08,15:29,AJANTPHARM,26.8041
2026-09-08,15:29,AJAXENGG,13.367
2026-09-08,15:29,AKCAPIT,12.6816
2026-09-08,15:29,AKUMS,34.588
2026-09-08,15:29,ALEMBICLTD,20.318
2026-09-08,15:29,ALGOQUANT,16.688
2026-09-08,15:29,ALICON,-0.3296
2026-09-08,15:29,ALIVUS,32.1582
2026-09-08,15:29,ALKYLAMINE,29.9848
2026-09-08,15:29,AMAGI,40.6616
2026-09-08,15:29,AMANTA,53.9388
2026-09-08,15:29,AMBIKCO,9.5456
2026-09-08,15:29,AMNPLST,2.8876
2026-09-08,15:29,ANANDRATHI,23.8061
2026-09-08,15:29,ANANTRAJ,28.5377
2026-09-08,15:29,ANDHRAPAP,8.292
2026-09-08,15:29,ANDHRSUGAR,1.1467
2026-09-08,15:29,ANTELOPUS,58.436
2026-09-08,15:29,ANTHEM,26.0097
2026-09-08,15:29,ANUHPHR,17.6478
2026-09-08,15:29,APARINDS,43.0135
2026-09-08,15:29,APCOTEXIND,52.1248
2026-09-08,15:29,APLAPOLLO,14.6982
2026-09-08,15:29,APLLTD,7.0861
2026-09-08,15:29,APOLLO,40.655
2026-09-08,15:29,APOLLOHOSP,15.7271
2026-09-08,15:29,APOLLOPIPE,30.6086
2026-09-08,15:29,APOLLOTYRE,0.7591
2026-09-08,15:29,ARIES,30.0713
2026-09-08,15:29,ARIHANT,0.9718
2026-09-08,15:29,ARIHANTCAP,12.024
2026-09-08,15:29,ARKADE,4.4375
2026-09-08,15:29,ARMANFIN,36.4519
2026-09-08,15:29,ARROWGREEN,50.0422
2026-09-08,15:29,ARTEMISMED,40.1098
2026-09-08,15:29,ARVIND,45.8663
2026-09-08,15:29,ARVSMART,1.8934
2026-09-08,15:29,ASAHIINDIA,14.272
2026-09-08,15:29,ASHIANA,1.0652
2026-09-08,15:29,ASHOKLEY,4.2631
2026-09-08,15:29,ASIANENE,74.1983
2026-09-08,15:29,ASIANHOTNR,35.4758
2026-09-08,15:29,ASIANPAINT,1.5177
2026-09-08,15:29,ASKAUTOLTD,38.6862
2026-09-08,15:29,ASTERDM,12.738
2026-09-08,15:29,ASTRAMICRO,56.1767
2026-09-08,15:29,ATHERENERG,68.7971
2026-09-08,15:29,ATL,2.3385
2026-09-08,15:29,ATLANTAELE,9.7579
2026-09-08,15:29,AUBANK,5.6843
2026-09-08,15:29,AUROPHARMA,21.7704
2026-09-08,15:29,AURUM,24.649
2026-09-08,15:29,AVADHSUGAR,70.2117
2026-09-08,15:29,AVALON,116.628
2026-09-08,15:29,AVANTEL,5.1768
2026-09-08,15:29,AVL,17.1559
2026-09-08,15:29,AVTNPL,30.3752
2026-09-08,15:29,AYE,39.5303
2026-09-08,15:29,AYMSYNTEX,37.2759
2026-09-08,15:29,AZAD,30.3571
2026-09-08,15:29,BAFNAPH,129.6642
2026-09-08,15:29,BAJAJ-AUTO,18.8713
2026-09-08,15:29,BAJAJCON,14.1303
2026-09-08,15:29,BAJAJFINSV,10.9261
2026-09-08,15:29,BAJAJHCARE,4.6465
2026-09-08,15:29,BAJAJHIND,11.6256
2026-09-08,15:29,BAJAJHLDNG,7.5874
2026-09-08,15:29,BAJFINANCE,12.4973
2026-09-08,15:29,BALAMINES,85.6109
2026-09-08,15:29,BALKRISIND,4.4983
2026-09-08,15:29,BALRAMCHIN,36.5416
2026-09-08,15:29,BALUFORGE,0.0462
2026-09-08,15:29,BANARISUG,0.4885
2026-09-08,15:29,BANCOINDIA,1.5763
2026-09-08,15:29,BANKINDIA,0.7078
2026-09-08,15:29,BANSALWIRE,6.2201
2026-09-08,15:29,BASF,4.0336
2026-09-08,15:29,BBOX,20.5285
2026-09-08,15:29,BCLIND,0.8686
2026-09-08,15:29,BECTORFOOD,17.3997
2026-09-08,15:29,BELRISE,6.793
2026-09-08,15:29,BEML,16.5827
2026-09-08,15:29,BENGALASM,-0.4233
2026-09-08,15:29,BEPL,39.2281
2026-09-08,15:29,BERGEPAINT,1.3422
2026-09-08,15:29,BETA,60.8751
2026-09-08,15:29,BFINVEST,8.4626
2026-09-08,15:29,BHAGERIA,93.7457
2026-09-08,15:29,BHAGYANGR,45.5271
2026-09-08,15:29,BHARATCOAL,0.4798
2026-09-08,15:29,BHARATFORG,6.4892
2026-09-08,15:29,BHARATSE,21.1482
2026-09-08,15:29,BHARTIHEXA,2.1023
2026-09-08,15:29,BHEL,19.7894
2026-09-08,15:29,BIL,22.2403
2026-09-08,15:29,BIOCON,9.0783
2026-09-08,15:29,BIRLACABLE,118.3465
2026-09-08,15:29,BIRLANU,5.1813
2026-09-08,15:29,BLACKBUCK,4.6255
2026-09-08,15:29,BLACKROSE,32.472
2026-09-08,15:29,BLISSGVS,160.9842
2026-09-08,15:29,BLSE,63.0055
2026-09-08,15:29,BLUEJET,30.8064
2026-09-08,15:29,BLUESTONE,72.2757
2026-09-08,15:29,BLUSPRING,91.4357
2026-09-08,15:29,BODALCHEM,170.4232
2026-09-08,15:29,BOMDYEING,1.0702
2026-09-08,15:29,BOROLTD,3.3947
2026-09-08,15:29,BORORENEW,0.3689
2026-09-08,15:29,BOROSCI,12.8591
2026-09-08,15:29,BOSCH-HCIL,29.0091
2026-09-08,15:29,BOSCHLTD,35.5327
2026-09-08,15:29,BPCL,1.1316
2026-09-08,15:29,BRIGADE,15.9474
2026-09-08,15:29,BUILDPRO,17.5286
2026-09-08,15:29,BUTTERFLY,2.656
2026-09-08,15:29,CANHLIFE,9.1012
2026-09-08,15:29,CAPLIPOINT,62.0889
2026-09-08,15:29,CARBORUNIV,15.1458
2026-09-08,15:29,CARERATING,3.0352
2026-09-08,15:29,CARTRADE,95.6819
2026-09-08,15:29,CARYSIL,27.9211
2026-09-08,15:29,CASTROLIND,2.5106
2026-09-08,15:29,CCL,-0.3964
2026-09-08,15:29,CDSL,10.0629
2026-09-08,15:29,CEIGALL,10.7058
2026-09-08,15:29,CEMPRO,57.6326
2026-09-08,15:29,CENTENKA,39.9193
2026-09-08,15:29,CENTUM,50.546
2026-09-08,15:29,CERA,9.6885
2026-09-08,15:29,CGCL,45.4238
2026-09-08,15:29,CGPOWER,11.969
2026-09-08,15:29,CHALET,18.4836
2026-09-08,15:29,CHEMBONDCH,70.9185
2026-09-08,15:29,CHEMCON,30.2804
2026-09-08,15:29,CHENNPETRO,29.1975
2026-09-08,15:29,CHEVIOT,3.573
2026-09-08,15:29,CHOICEIN,13.5655
2026-09-08,15:29,CHOLAFIN,16.6677
2026-09-08,15:29,CIPLA,5.6811
2026-09-08,15:29,CLEAN,1.3674
2026-09-08,15:29,CLEANMAX,22.5058
2026-09-08,15:29,CLSEL,8.6485
2026-09-08,15:29,CMPDI,30.4599
2026-09-08,15:29,COCKERILL,62.7505
2026-09-08,15:29,COFFEEDAY,29.697
2026-09-08,15:29,COFORGE,63.0571
2026-09-08,15:29,COMSYN,95.2332
2026-09-08,15:29,CONCORDBIO,28.7653
2026-09-08,15:29,CONFIPET,50.9424
2026-09-08,15:29,CONSOFINVT,41.0889
2026-09-08,15:29,CORONA,21.2325
2026-09-08,15:29,COSMOFIRST,27.3765
2026-09-08,15:29,CPPLUS,64.6371
2026-09-08,15:29,CRAFTSMAN,48.3611
2026-09-08,15:29,CREDITACC,8.9993
2026-09-08,15:29,CRISIL,10.8611
2026-09-08,15:29,CSLFINANCE,6.6734
2026-09-08,15:29,CUB,15.1379
2026-09-08,15:29,CUPID,129.8043
2026-09-08,15:29,CYIENT,24.6114
2026-09-08,15:29,CYIENTDLM,148.3465
2026-09-08,15:29,DALMIASUG,13.2956
2026-09-08,15:29,DATAMATICS,0.8461
2026-09-08,15:29,DATAPATTNS,20.8394
2026-09-08,15:29,DBOL,0.8315
2026-09-08,15:29,DCBBANK,22.9118
2026-09-08,15:29,DCI,5.4523
2026-09-08,15:29,DCMSIL,5.4004
2026-09-08,15:29,DCW,1.1463
2026-09-08,15:29,DDEVPLSTIK,6.5736
2026-09-08,15:29,DECNGOLD,80.0888
2026-09-08,15:29,DEEDEV,68.2494
2026-09-08,15:29,DEEPAKFERT,6.3742
2026-09-08,15:29,DEEPINDS,68.6129
2026-09-08,15:29,DENTA,-0.182
2026-09-08,15:29,DEVYANI,10.631
2026-09-08,15:29,DHAMPURSUG,8.7094
2026-09-08,15:29,DHANBANK,2.3019
2026-09-08,15:29,DHARMAJ,4.006
2026-09-08,15:29,DHUNINV,10.838
2026-09-08,15:29,DIACABS,113.0862
2026-09-08,15:29,DIAMONDYD,13.4405
2026-09-08,15:29,DICIND,16.8574
2026-09-08,15:29,DIFFNKG,47.3134
2026-09-08,15:29,DIVGIITTS,65.0316
2026-09-08,15:29,DIVISLAB,47.2511
2026-09-08,15:29,DIXON,26.2705
2026-09-08,15:29,DLF,15.0085
2026-09-08,15:29,DMCC,4.8224
2026-09-08,15:29,DOLPHIN,65.2054
2026-09-08,15:29,DPABHUSHAN,36.3206
2026-09-08,15:29,DRAGARWQ,5.9955
2026-09-08,15:29,DREDGECORP,11.7907
2026-09-08,15:29,DVL,20.3933
2026-09-08,15:29,DWARKESH,2.1295
2026-09-08,15:29,DYCL,24.3386
2026-09-08,15:29,DYNAMATECH,0.1383
2026-09-08,15:29,E2E,114.1544
2026-09-08,15:29,EBGNG,56.6718
2026-09-08,15:29,ECLERX,36.1162
2026-09-08,15:29,EDELWEISS,21.488
2026-09-08,15:29,EICHERMOT,8.9816
2026-09-08,15:29,EIFFL,8.1677
2026-09-08,15:29,EIMCOELECO,43.5145
2026-09-08,15:29,ELANTAS,44.5278
2026-09-08,15:29,ELECTHERM,19.5069
2026-09-08,15:29,ELGIEQUIP,15.3026
2026-09-08,15:29,ELPROINTL,60.9853
2026-09-08,15:29,EMAMIPAP,52.2065
2026-09-08,15:29,EMBDL,21.8449
2026-09-08,15:29,EMCURE,14.6241
2026-09-08,15:29,EMIL,49.6059
2026-09-08,15:29,EMKAY,16.707
2026-09-08,15:29,EMMVEE,26.2386
2026-09-08,15:29,EMSLIMITED,8.9548
2026-09-08,15:29,EMUDHRA,4.0253
2026-09-08,15:29,ENDURANCE,17.3646
2026-09-08,15:29,ENGINERSIN,10.82
2026-09-08,15:29,ENTERO,52.2361
2026-09-08,15:29,EPACKPEB,16.8714
2026-09-08,15:29,EPL,9.7157
2026-09-08,15:29,EQUITASBNK,8.5116
2026-09-08,15:29,ERIS,0.1361
2026-09-08,15:29,ESAFSFB,57.0833
2026-09-08,15:29,ESTER,1.3861
2026-09-08,15:29,ETERNAL,30.1866
2026-09-08,15:29,ETHOSLTD,14.9763
2026-09-08,15:29,EVEREADY,4.1188
2026-09-08,15:29,EVERESTIND,12.4654
2026-09-08,15:29,EXCELINDUS,3.9627
2026-09-08,15:29,EXICOM,57.409
2026-09-08,15:29,EXIDEIND,15.9756
2026-09-08,15:29,EXPLEOSOL,9.0379
2026-09-08,15:29,FAIRCHEMOR,10.3189
2026-09-08,15:29,FAZE3Q,11.9919
2026-09-08,15:29,FCL,154.3081
2026-09-08,15:29,FEDDERSHOL,41.1765
2026-09-08,15:29,FEDERALBNK,19.9338
2026-09-08,15:29,FEDFINA,10.9895
2026-09-08,15:29,FILATEX,67.1916
2026-09-08,15:29,FINCABLES,31.4724
2026-09-08,15:29,FINEORG,12.2707
2026-09-08,15:29,FINOPB,10.8937
2026-09-08,15:29,FIVESTAR,9.3004
2026-09-08,15:29,FLUOROCHEM,29.8334
2026-09-08,15:29,FMGOETZE,-0.1383
2026-09-08,15:29,FOSECOIND,29.1666
2026-09-08,15:29,FSL,20.5011
2026-09-08,15:29,FUSION,5.7518
2026-09-08,15:29,GABRIEL,35.4914
2026-09-08,15:29,GAEL,7.4157
2026-09-08,15:29,GAIL,7.2658
2026-09-08,15:29,GALAPREC,42.2177
2026-09-08,15:29,GALAXYSURF,21.2524
2026-09-08,15:29,GANDHAR,90.3337
2026-09-08,15:29,GANDHITUBE,7.2226
2026-09-08,15:29,GANESHBE,29.3542
2026-09-08,15:29,GANESHHOU,12.809
2026-09-08,15:29,GARFIBRES,33.2493
2026-09-08,15:29,GARUDA,8.948
2026-09-08,15:29,GAYAPROJ,29.7991
2026-09-08,15:29,GCSL,65.3309
2026-09-08,15:29,GEECEE,24.5227
2026-09-08,15:29,GENESYS,7.2574
2026-09-08,15:29,GENUSPOWER,6.922
2026-09-08,15:29,GEOJITFSL,25.842
2026-09-08,15:29,GFLLIMITED,23.8575
2026-09-08,15:29,GHCLTEXTIL,48.1531
2026-09-08,15:29,GIPCL,28.2117
2026-09-08,15:29,GKENERGY,1.7507
2026-09-08,15:29,GKSL,39.9058
2026-09-08,15:29,GLAND,69.0256
2026-09-08,15:29,GLAXO,25.3296
2026-09-08,15:29,GLENMARK,2.8342
2026-09-08,15:29,GLOBAL,22.2201
2026-09-08,15:29,GMMPFAUDLR,41.9248
2026-09-08,15:29,GMRAIRPORT,0.5911
2026-09-08,15:29,GNA,28.5333
2026-09-08,15:29,GNFC,25.5274
2026-09-08,15:29,GNRL,11.5719
2026-09-08,15:29,GOCLCORP,33.9689
2026-09-08,15:29,GOCOLORS,16.1335
2026-09-08,15:29,GODREJAGRO,12.9633
2026-09-08,15:29,GODREJIND,19.2847
2026-09-08,15:29,GODREJPROP,3.8906
2026-09-08,15:29,GOKEX,11.0274
2026-09-08,15:29,GOKULAGRO,0.146
2026-09-08,15:29,GPPL,2.9029
2026-09-08,15:29,GPTHEALTH,16.0876
2026-09-08,15:29,GRANDOAK,13.3115
2026-09-08,15:29,GRANULES,27.962
2026-09-08,15:29,GRAPHITE,3.8396
2026-09-08,15:29,GRASIM,18.3324
2026-09-08,15:29,GRAUWEIL,3.537
2026-09-08,15:29,GRAVITA,3.2086
2026-09-08,15:29,GREAVESCOT,16.8786
2026-09-08,15:29,GREENLAM,4.2722
2026-09-08,15:29,GREENPLY,11.9693
2026-09-08,15:29,GRINDWELL,22.0128
2026-09-08,15:29,GRPLTD,5.4645
2026-09-08,15:29,GRWRHITECH,74.4311
2026-09-08,15:29,GSPCROP,26.0983
2026-09-08,15:29,GUFICBIO,54.7084
2026-09-08,15:29,GUJTHEM,24.6631
2026-09-08,15:29,GULFOILLUB,7.5562
2026-09-08,15:29,GVPIL,8.5795
2026-09-08,15:29,GVT&D,6.3544
2026-09-08,15:29,HAL,15.956
2026-09-08,15:29,HALDYNGL,30.8669
2026-09-08,15:29,HAPPYFORGE,65.4525
2026-09-08,15:29,HARIOMPIPE,11.7055
2026-09-08,15:29,HARSHA,20.7137
2026-09-08,15:29,HATSUN,24.3448
2026-09-08,15:29,HAWKINCOOK,10.0803
2026-09-08,15:29,HCC,8.2577
2026-09-08,15:29,HCG,20.6183
2026-09-08,15:29,HCLTECH,6.4965
2026-09-08,15:29,HDBFS,4.0359
2026-09-08,15:29,HEALTHX,7.4002
2026-09-08,15:29,HEIDELBERG,0.5603
2026-09-08,15:29,HERITGFOOD,6.7011
2026-09-08,15:29,HEROMOTOCO,4.5989
2026-09-08,15:29,HESTERBIO,41.8615
2026-09-08,15:29,HFCL,116.1165
2026-09-08,15:29,HIKAL,29.9921
2026-09-08,15:29,HINDCOPPER,-0.3739
2026-09-08,15:29,HINDOILEXP,22.1059
2026-09-08,15:29,HINDZINC,-0.0755
2026-09-08,15:29,HIRECT,36.0731
2026-09-08,15:29,HITECHCORP,140.0157
2026-09-08,15:29,HLEGLAS,4.417
2026-09-08,15:29,HMT,12.3927
2026-09-08,15:29,HMVL,24.1745
2026-09-08,15:29,HNDFDS,26.4834
2026-09-08,15:29,HOMEFIRST,6.4905
2026-09-08,15:29,HONASA,39.7681
2026-09-08,15:29,HONAUT,12.9874
2026-09-08,15:29,HSCL,10.3497
2026-09-08,15:29,HTMEDIA,14.9774
2026-09-08,15:29,HUHTAMAKI,39.7748
2026-09-08,15:29,HYUNDAI,22.1391
2026-09-08,15:29,IBULLSLTD,31.5256
2026-09-08,15:29,ICICIBANK,10.7646
2026-09-08,15:29,ICIL,62.5505
2026-09-08,15:29,IDBI,6.8925
2026-09-08,15:29,IDEAFORGE,27.2489
2026-09-08,15:29,IDFCFIRSTB,24.2102
2026-09-08,15:29,IFBAGRO,2.3893
2026-09-08,15:29,IFBIND,13.4007
2026-09-08,15:29,IFCI,57.7952
2026-09-08,15:29,IFGLEXPOR,4.4197
2026-09-08,15:29,IGARASHI,7.307
2026-09-08,15:29,IGPL,35.7682
2026-09-08,15:29,IIFL,36.8341
2026-09-08,15:29,IIFLCAPS,8.6671
2026-09-08,15:29,IKIO,39.1136
2026-09-08,15:29,IKS,7.5724
2026-09-08,15:29,IMAGICAA,19.679
2026-09-08,15:29,IMPAL,14.6798
2026-09-08,15:29,INDGN,17.899
2026-09-08,15:29,INDHOTEL,13.2343
2026-09-08,15:29,INDIANB,0.945
2026-09-08,15:29,INDIANHUME,18.9297
2026-09-08,15:29,INDIGO,16.4063
2026-09-08,15:29,INDIGOPNTS,32.5622
2026-09-08,15:29,INDIQUBE,16.7872
2026-09-08,15:29,INDNIPPON,41.6956
2026-09-08,15:29,INDOAMIN,12.572
2026-09-08,15:29,INDOBORAX,84.0892
2026-09-08,15:29,INDOCO,16.5927
2026-09-08,15:29,INDOFARM,5.4649
2026-09-08,15:29,INDORAMA,95.464
2026-09-08,15:29,INDOSTAR,23.9958
2026-09-08,15:29,INDOTECH,36.802
2026-09-08,15:29,INDSWFTLAB,182.3179
2026-09-08,15:29,INDUSINDBK,8.9133
2026-09-08,15:29,INGERRAND,7.3341
2026-09-08,15:29,INNOVACAP,55.8141
2026-09-08,15:29,INOXINDIA,52.0865
2026-09-08,15:29,INTLCONV,2.577
2026-09-08,15:29,INVPRECQ,120.9087
2026-09-08,15:29,IOLCP,123.6853
2026-09-08,15:29,IONEXCHANG,8.9178
2026-09-08,15:29,IPCALAB,28.4996
2026-09-08,15:29,IRIS,5.9668
2026-09-08,15:29,IRISDOREME,70.8345
2026-09-08,15:29,ITDC,8.815
2026-09-08,15:29,IXIGO,1.1185
2026-09-08,15:29,IZMO,30.695
2026-09-08,15:29,J&KBANK,13.9591
2026-09-08,15:29,JAGSNPHARM,13.0009
2026-09-08,15:29,JAMNAAUTO,6.0546
2026-09-08,15:29,JARO,5.3335
2026-09-08,15:29,JASH,23.8687
2026-09-08,15:29,JAYAGROGN,26.4291
2026-09-08,15:29,JAYBARMARU,27.6572
2026-09-08,15:29,JGCHEM,51.2123
2026-09-08,15:29,JINDALSAW,38.092
2026-09-08,15:29,JINDRILL,25.7185
2026-09-08,15:29,JINDWORLD,114.4015
2026-09-08,15:29,JITFINFRA,2.1667
2026-09-08,15:29,JKPAPER,15.2811
2026-09-08,15:29,JNKINDIA,22.1372
2026-09-08,15:29,JSFB,17.8217
2026-09-08,15:29,JSWDULUX,7.5813
2026-09-08,15:29,JSWINFRA,22.0678
2026-09-08,15:29,JSWSTEEL,2.5939
2026-09-08,15:29,JTLIND,12.6415
2026-09-08,15:29,JUBLCPL,27.2154
2026-09-08,15:29,JUBLFOOD,0.3761
2026-09-08,15:29,JUBLPHARMA,7.6786
2026-09-08,15:29,JUNIPER,6.3436
2026-09-08,15:29,JUSTDIAL,31.9992
2026-09-08,15:29,JYOTICNC,38.3025
2026-09-08,15:29,KABRAEXTRU,163.1379
2026-09-08,15:29,KAJARIACER,5.2667
2026-09-08,15:29,KALYANKJIL,48.4191
2026-09-08,15:29,KAMATHOTEL,36.9389
2026-09-08,15:29,KAMDHENU,74.0917
2026-09-08,15:29,KANORICHEM,80.7325
2026-09-08,15:29,KANPRPLA,15.1979
2026-09-08,15:29,KAPSTON,66.9772
2026-09-08,15:29,KARURVYSYA,16.2351
2026-09-08,15:29,KAYA,36.9494
2026-09-08,15:29,KDDL,67.2868
2026-09-08,15:29,KENNAMET,70.8037
2026-09-08,15:29,KERNEX,28.4104
2026-09-08,15:29,KFINTECH,3.2823
2026-09-08,15:29,KICL,8.1649
2026-09-08,15:29,KILITCH,21.9842
2026-09-08,15:29,KIMS,14.6693
2026-09-08,15:29,KINGFA,26.3209
2026-09-08,15:29,KIRANVYPAR,3.7928
2026-09-08,15:29,KIRIINDUS,43.003
2026-09-08,15:29,KIRLFER,5.7849
2026-09-08,15:29,KIRLOSBROS,7.1334
2026-09-08,15:29,KIRLOSENG,33.8358
2026-09-08,15:29,KIRLOSIND,12.8029
2026-09-08,15:29,KKCL,5.6123
2026-09-08,15:29,KMEW,68.7352
2026-09-08,15:29,KNAGRI,12.3486
2026-09-08,15:29,KOLTEPATIL,15.1961
2026-09-08,15:29,KOPRAN,45.4838
2026-09-08,15:29,KOTAKBANK,9.3791
2026-09-08,15:29,KOTHARIPET,8.1553
2026-09-08,15:29,KOVAI,7.9433
2026-09-08,15:29,KPIL,11.7732
2026-09-08,15:29,KPL,131.8002
2026-09-08,15:29,KPRMILL,21.183
2026-09-08,15:29,KRBL,17.4043
2026-09-08,15:29,KRISHANA,52.4996
2026-09-08,15:29,KRISHNADEF,3.1599
2026-09-08,15:29,KRN,28.1661
2026-09-08,15:29,KRONOX,24.4275
2026-09-08,15:29,KROSS,13.9775
2026-09-08,15:29,KRYSTAL,9.5266
2026-09-08,15:29,KSHINTL,77.6629
2026-09-08,15:29,KSL,6.8377
2026-09-08,15:29,KTKBANK,24.4369
2026-09-08,15:29,KUANTUM,-0.3071
2026-09-08,15:29,KWIL,52.332
2026-09-08,15:29,LALPATHLAB,39.8844
2026-09-08,15:29,LANDMARK,23.7297
2026-09-08,15:29,LAURUSLABS,76.8382
2026-09-08,15:29,LAXMIDENTL,0.1357
2026-09-08,15:29,LAXMIINDIA,15.8246
2026-09-08,15:29,LENSKART,34.8483
2026-09-08,15:29,LGEINDIA,4.9717
2026-09-08,15:29,LICHSGFIN,1.4963
2026-09-08,15:29,LICI,2.9578
2026-09-08,15:29,LLOYDSENGG,41.6133
2026-09-08,15:29,LLOYDSENT,3.7075
2026-09-08,15:29,LLOYDSME,1.978
2026-09-08,15:29,LMW,27.7503
2026-09-08,15:29,LODHA,34.9816
2026-09-08,15:29,LOKESHMACH,45.9136
2026-09-08,15:29,LOTUSDEV,38.9114
2026-09-08,15:29,LTF,10.2134
2026-09-08,15:29,LTFOODS,5.7123
2026-09-08,15:29,LTM,3.7568
2026-09-08,15:29,LUMAXIND,20.477
2026-09-08,15:29,LUMAXTECH,20.6303
2026-09-08,15:29,LXCHEM,27.8371
2026-09-08,15:29,M&M,2.0178
2026-09-08,15:29,M&MFIN,20.486
2026-09-08,15:29,MACPOWER,66.2026
2026-09-08,15:29,MAGADSUGAR,6.4678
2026-09-08,15:29,MAHABANK,8.1919
2026-09-08,15:29,MAHASTEEL,52.1621
2026-09-08,15:29,MAHLIFE,7.533
2026-09-08,15:29,MAHLOG,1.3259
2026-09-08,15:29,MAHSCOOTER,8.3551
2026-09-08,15:29,MAHSEAMLES,6.3516
2026-09-08,15:29,MAITHANALL,7.6978
2026-09-08,15:29,MAMATA,1.9031
2026-09-08,15:29,MANAKCOAT,12.8937
2026-09-08,15:29,MANAKSTEEL,49.6844
2026-09-08,15:29,MANALIPETC,68.5944
2026-09-08,15:29,MANAPPURAM,10.4128
2026-09-08,15:29,MANBA,19.716
2026-09-08,15:29,MANGLMCEM,15.1762
2026-09-08,15:29,MANINDS,56.0239
2026-09-08,15:29,MANINFRA,6.1487
2026-09-08,15:29,MANKIND,2.773
2026-09-08,15:29,MANORAMA,41.3453
2026-09-08,15:29,MANYAVAR,35.7419
2026-09-08,15:29,MAPMYINDIA,5.3387
2026-09-08,15:29,MARICO,6.3097
2026-09-08,15:29,MARINE,81.618
2026-09-08,15:29,MARKSANS,81.9314
2026-09-08,15:29,MASTERTR,12.3871
2026-09-08,15:29,MATRIMONY,22.6355
2026-09-08,15:29,MAWANASUG,26.0816
2026-09-08,15:29,MAXESTATES,37.5288
2026-09-08,15:29,MAXHEALTH,-0.005
2026-09-08,15:29,MAYURUNIQ,34.8293
2026-09-08,15:29,MAZDA,27.1048
2026-09-08,15:29,MBAPL,56.3047
2026-09-08,15:29,MCX,12.4685
2026-09-08,15:29,MEDANTA,27.8675
2026-09-08,15:29,MEESHO,9.2839
2026-09-08,15:29,MENONBE,131.249
2026-09-08,15:29,METROPOLIS,22.1826
2026-09-08,15:29,MIDHANI,22.3391
2026-09-08,15:29,MINDACORP,36.1854
2026-09-08,15:29,MMFL,24.5651
2026-09-08,15:29,MMP,94.3384
2026-09-08,15:29,MODISONLTD,201.3033
2026-09-08,15:29,MOL,34.5187
2026-09-08,15:29,MOLDTECH,71.3803
2026-09-08,15:29,MOLDTKPAC,22.6462
2026-09-08,15:29,MONARCH,29.2978
2026-09-08,15:29,MOREPENLAB,183.2689
2026-09-08,15:29,MOSCHIP,6.3642
2026-09-08,15:29,MOTHERSON,35.1786
2026-09-08,15:29,MOTILALOFS,31.3964
2026-09-08,15:29,MPHASIS,3.4392
2026-09-08,15:29,MPSLTD,65.8382
2026-09-08,15:29,MRPL,3.2289
2026-09-08,15:29,MSTCLTD,79.7414
2026-09-08,15:29,MTARTECH,20.7895
2026-09-08,15:29,MUFIN,18.4372
2026-09-08,15:29,MUKANDLTD,-0.2825
2026-09-08,15:29,MUKKA,27.8402
2026-09-08,15:29,MUNJALAU,39.6212
2026-09-08,15:29,MUNJALSHOW,-0.0621
2026-09-08,15:29,MUTHOOTMF,4.777
2026-09-08,15:29,MVGJL,21.5015
2026-09-08,15:29,NACLIND,-0.1984
2026-09-08,15:29,NAHARINDUS,17.0713
2026-09-08,15:29,NAHARSPING,14.3593
2026-09-08,15:29,NAM-INDIA,17.7187
2026-09-08,15:29,NAUKRI,32.8057
2026-09-08,15:29,NAVINFLUOR,28.0018
2026-09-08,15:29,NAZARA,39.7784
2026-09-08,15:29,NCLIND,0.5121
2026-09-08,15:29,NELCO,38.2735
2026-09-08,15:29,NEOGEN,35.145
2026-09-08,15:29,NEPHROPLUS,40.5952
2026-09-08,15:29,NETWEB,25.1599
2026-09-08,15:29,NEULANDLAB,59.9347
2026-09-08,15:29,NEWGEN,1.6312
2026-09-08,15:29,NGLFINE,26.9632
2026-09-08,15:29,NH,7.4041
2026-09-08,15:29,NIACL,27.7833
2026-09-08,15:29,NIBE,23.97
2026-09-08,15:29,NIITLTD,36.4144
2026-09-08,15:29,NILKAMAL,62.6367
2026-09-08,15:29,NINSYS,36.4441
2026-09-08,15:29,NIRLON,8.5981
2026-09-08,15:29,NITCO,5.8797
2026-09-08,15:29,NITINSPIN,41.8272
2026-09-08,15:29,NITTAGELA,70.1987
2026-09-08,15:29,NIVABUPA,2.8473
2026-09-08,15:29,NOCIL,3.1778
2026-09-08,15:29,NORTHARC,18.5862
2026-09-08,15:29,NOVARTIND,76.8074
2026-09-08,15:29,NPST,43.8991
2026-09-08,15:29,NRAIL,34.2676
2026-09-08,15:29,NRBBEARING,72.3822
2026-09-08,15:29,NRL,135.9559
2026-09-08,15:29,NSIL,-0.4468
2026-09-08,15:29,NSLNISP,5.3839
2026-09-08,15:29,NUVAMA,38.4395
2026-09-08,15:29,NUVOCO,14.5433
2026-09-08,15:29,NYKAA,28.7959
2026-09-08,15:29,OAL,71.1693
2026-09-08,15:29,OBEROIRLTY,9.8347
2026-09-08,15:29,OCCLLTD,65.8183
2026-09-08,15:29,OFSS,21.1124
2026-09-08,15:29,OIL,0.9372
2026-09-08,15:29,OLAELEC,2.9267
2026-09-08,15:29,OMAXE,51.7364
2026-09-08,15:29,OMNI,44.7126
2026-09-08,15:29,ONEPOINT,4.5446
2026-09-08,15:29,ONIDA,5.0468
2026-09-08,15:29,ONWARDTEC,17.9986
2026-09-08,15:29,OPTIEMUS,33.8023
2026-09-08,15:29,ORBTEXP,44.044
2026-09-08,15:29,ORCHPHARMA,54.3428
2026-09-08,15:29,ORIENTBELL,34.2165
2026-09-08,15:29,ORIENTCER,9.4358
2026-09-08,15:29,ORIENTHOT,41.4595
2026-09-08,15:29,PAISALO,55.6268
2026-09-08,15:29,PANACEABIO,8.5307
2026-09-08,15:29,PANACHE,41.1636
2026-09-08,15:29,PANAMAPET,72.6707
2026-09-08,15:29,PARACABLES,75.1205
2026-09-08,15:29,PARADEEP,23.9066
2026-09-08,15:29,PARAGMILK,13.4499
2026-09-08,15:29,PARAS,89.361
2026-09-08,15:29,PARKHOSPS,22.4459
2026-09-08,15:29,PASUPTAC,34.671
2026-09-08,15:29,PATELRMART,1.323
2026-09-08,15:29,PAUSHAKLTD,64.0311
2026-09-08,15:29,PAYTM,52.4001
2026-09-08,15:29,PCBL,13.153
2026-09-08,15:29,PDMJEPAPER,17.5062
2026-09-08,15:29,PDSL,24.622
2026-09-08,15:29,PENIND,7.7428
2026-09-08,15:29,PERSISTENT,15.8333
2026-09-08,15:29,PETRONET,3.2664
2026-09-08,15:29,PFOCUS,1.0324
2026-09-08,15:29,PGEL,3.6891
2026-09-08,15:29,PGHL,7.4009
2026-09-08,15:29,PGIL,54.1086
2026-09-08,15:29,PHOENIXLTD,6.7989
2026-09-08,15:29,PICCADIL,0.1729
2026-09-08,15:29,PIDILITIND,15.7956
2026-09-08,15:29,PITTIENG,19.8016
2026-09-08,15:29,PIXTRANS,11.0968
2026-09-08,15:29,PLASTIBLEN,14.3583
2026-09-08,15:29,PNB,6.0717
2026-09-08,15:29,PNBGILTS,15.1807
2026-09-08,15:29,PNBHOUSING,11.6148
2026-09-08,15:29,PNGSREVA,29.1317
2026-09-08,15:29,POLICYBZR,9.5907
2026-09-08,15:29,POLYCAB,3.2427
2026-09-08,15:29,POLYMED,14.417
2026-09-08,15:29,POLYPLEX,21.4965
2026-09-08,15:29,POONAWALLA,9.1203
2026-09-08,15:29,POWERICA,8.3393
2026-09-08,15:29,PPL,30.19
2026-09-08,15:29,PPLPHARMA,40.0012
2026-09-08,15:29,PRABHA,56.8512
2026-09-08,15:29,PRADPME,32.0464
2026-09-08,15:29,PRECOT,24.5373
2026-09-08,15:29,PRECWIRE,13.778
2026-09-08,15:29,PREMEXPLN,20.7268
2026-09-08,15:29,PREMIERPOL,67.7969
2026-09-08,15:29,PRESTIGE,10.4072
2026-09-08,15:29,PRICOLLTD,32.4487
2026-09-08,15:29,PRINCEPIPE,10.1623
2026-09-08,15:29,PRIVISCL,3.2588
2026-09-08,15:29,PRUDENT,15.9725
2026-09-08,15:29,PSPPROJECT,11.2113
2026-09-08,15:29,PTCIL,47.6848
2026-09-08,15:29,PURVA,0.9423
2026-09-08,15:29,PVP,93.273
2026-09-08,15:29,PVRINOX,15.1932
2026-09-08,15:29,PVSL,0.2268
2026-09-08,15:29,PWL,16.6237
2026-09-08,15:29,QPOWER,10.1232
2026-09-08,15:29,QUADFUTURE,42.5109
2026-09-08,15:29,QUESS,70.7305
2026-09-08,15:29,RACLGEAR,20.9898
2026-09-08,15:29,RADHIKAJWE,36.8601
2026-09-08,15:29,RADICO,31.0216
2026-09-08,15:29,RAIN,72.5911
2026-09-08,15:29,RAINBOW,15.779
2026-09-08,15:29,RAJRATAN,11.8038
2026-09-08,15:29,RAJRILTD,0.0469
2026-09-08,15:29,RAMCOIND,20.6741
2026-09-08,15:29,RAMCOSYS,47.9417
2026-09-08,15:29,RAMRAT,19.5836
2026-09-08,15:29,RANEHOLDIN,50.3555
2026-09-08,15:29,RATEGAIN,43.163
2026-09-08,15:29,RATNAMANI,6.0038
2026-09-08,15:29,RATNAVEER,82.8115
2026-09-08,15:29,RAYMOND,84.1563
2026-09-08,15:29,RAYMONDREL,30.9136
2026-09-08,15:29,RBA,46.175
2026-09-08,15:29,RBLBANK,24.35
2026-09-08,15:29,RBZJEWEL,32.8981
2026-09-08,15:29,REDINGTON,73.044
2026-09-08,15:29,REFEX,4.5441
2026-09-08,15:29,REGAAL,5.3839
2026-09-08,15:29,RELAXO,11.9461
2026-09-08,15:29,RELIGARE,14.8755
2026-09-08,15:29,RELTD,8.7328
2026-09-08,15:29,RGL,49.8053
2026-09-08,15:29,RICOAUTO,17.0055
2026-09-08,15:29,RISHABH,71.2863
2026-09-08,15:29,RITCO,46.0177
2026-09-08,15:29,RKFORGE,17.2154
2026-09-08,15:29,RMDRIP,4.7075
2026-09-08,15:29,RML,71.7428
2026-09-08,15:29,ROLEXRINGS,20.3676
2026-09-08,15:29,ROSSTECH,23.0676
2026-09-08,15:29,ROTO,12.5559
2026-09-08,15:29,RPEL,141.8
2026-09-08,15:29,RPGLIFE,22.1177
2026-09-08,15:29,RPTECH,78.4943
2026-09-08,15:29,RRKABEL,55.8561
2026-09-08,15:29,RSL,37.4449
2026-09-08,15:29,RSWM,37.1453
2026-09-08,15:29,RUBICON,91.8243
2026-09-08,15:29,RUBYMILLS,90.1685
2026-09-08,15:29,SAFARI,8.5805
2026-09-08,15:29,SAGILITY,9.4873
2026-09-08,15:29,SAIL,0.8017
2026-09-08,15:29,SAILIFE,54.0138
2026-09-08,15:29,SAIPARENT,8.9806
2026-09-08,15:29,SAKAR,84.3563
2026-09-08,15:29,SAKSOFT,7.0139
2026-09-08,15:29,SALSTEEL,35.1494
2026-09-08,15:29,SAMBHV,8.3902
2026-09-08,15:29,SAMHI,-0.4223
2026-09-08,15:29,SAMMAANCAP,5.8018
2026-09-08,15:29,SANATHAN,4.8234
2026-09-08,15:29,SANDHAR,26.7787
2026-09-08,15:29,SANGAMIND,12.0124
2026-09-08,15:29,SANGHVIMOV,37.9181
2026-09-08,15:29,SANSERA,60.471
2026-09-08,15:29,SANSTAR,21.6783
2026-09-08,15:29,SAPPHIRE,10.2135
2026-09-08,15:29,SAREGAMA,44.5689
2026-09-08,15:29,SARLAPOLY,11.9854
2026-09-08,15:29,SASKEN,44.6693
2026-09-08,15:29,SATIA,-0.206
2026-09-08,15:29,SATIN,23.4616
2026-09-08,15:29,SBC,38.6188
2026-09-08,15:29,SBCL,85.5919
2026-09-08,15:29,SBFC,5.4599
2026-09-08,15:29,SBICARD,3.7428
2026-09-08,15:29,SCPL,72.8982
2026-09-08,15:29,SEAMECLTD,11.9513
2026-09-08,15:29,SEDEMAC,55.7577
2026-09-08,15:29,SEIL,3.5671
2026-09-08,15:29,SENCO,15.5701
2026-09-08,15:29,SENORES,67.9048
2026-09-08,15:29,SETL,189.0731
2026-09-08,15:29,SFL,32.7866
2026-09-08,15:29,SGFIN,19.0824
2026-09-08,15:29,SGIL,6.8446
2026-09-08,15:29,SGMART,41.7688
2026-09-08,15:29,SHADOWFAX,50.6515
2026-09-08,15:29,SHAILY,34.5574
2026-09-08,15:29,SHALPAINTS,64.554
2026-09-08,15:29,SHANTIGEAR,46.4074
2026-09-08,15:29,SHANTIGOLD,31.6036
2026-09-08,15:29,SHARDAMOTR,3.1259
2026-09-08,15:29,SHAREINDIA,24.3434
2026-09-08,15:29,SHILPAMED,136.0507
2026-09-08,15:29,SHINDL,8.2183
2026-09-08,15:29,SHIVAUM,33.0833
2026-09-08,15:29,SHK,-0.3627
2026-09-08,15:29,SHOPERSTOP,28.2587
2026-09-08,15:29,SHREDIGCEM,-0.1788
2026-09-08,15:29,SHREEJISPG,72.3951
2026-09-08,15:29,SHREEPUSHK,29.1266
2026-09-08,15:29,SHRINGARMS,7.6755
2026-09-08,15:29,SHRIPISTON,27.129
2026-09-08,15:29,SHRIRAMFIN,9.7776
2026-09-08,15:29,SHYAMMETL,23.8226
2026-09-08,15:29,SICALLOG,49.5375
2026-09-08,15:29,SIEMENS,3.7577
2026-09-08,15:29,SIGACHI,71.7822
2026-09-08,15:29,SIGMAADV,170.1815
2026-09-08,15:29,SIGNPOST,3.6435
2026-09-08,15:29,SIMPLEXINF,5.0355
2026-09-08,15:29,SINDHUTRAD,6.7008
2026-09-08,15:29,SIRCA,2.5133
2026-09-08,15:29,SIS,20.3404
2026-09-08,15:29,SJS,26.4264
2026-09-08,15:29,SKFINDUS,34.4837
2026-09-08,15:29,SKIPPER,26.3873
2026-09-08,15:29,SKMEGGPROD,53.6479
2026-09-08,15:29,SKYGOLD,80.6565
2026-09-08,15:29,SMARTWORKS,27.7804
2026-09-08,15:29,SMCGLOBAL,26.1049
2026-09-08,15:29,SMLMAH,69.3717
2026-09-08,15:29,SOFTTECH,8.0468
2026-09-08,15:29,SOLARA,41.549
2026-09-08,15:29,SOLARINDS,45.4434
2026-09-08,15:29,SOMANYCERA,21.4309
2026-09-08,15:29,SONACOMS,32.4002
2026-09-08,15:29,SONATSOFTW,7.5364
2026-09-08,15:29,SOTL,88.2702
2026-09-08,15:29,SOUTHBANK,18.6518
2026-09-08,15:29,SPAL,29.3262
2026-09-08,15:29,SPANDANA,5.1584
2026-09-08,15:29,SPARC,42.1071
2026-09-08,15:29,SPECIALITY,28.8825
2026-09-08,15:29,SPECTRUM,116.4732
2026-09-08,15:29,SPIC,1.1529
2026-09-08,15:29,SPLPETRO,9.3886
2026-09-08,15:29,SPORTKING,46.1893
2026-09-08,15:29,SREEL,58.2769
2026-09-08,15:29,SRF,0.135
2026-09-08,15:29,SRHHYPOLTD,7.9771
2026-09-08,15:29,SSWL,75.4031
2026-09-08,15:29,STALLION,41.8089
2026-09-08,15:29,STANLEY,-0.0289
2026-09-08,15:29,STAR,14.5255
2026-09-08,15:29,STARHEALTH,8.8367
2026-09-08,15:29,STEELCAS,14.574
2026-09-08,15:29,STEL,28.6968
2026-09-08,15:29,STLNETWORK,13.9049
2026-09-08,15:29,STLTECH,179.749
2026-09-08,15:29,STOVEKRAFT,53.8863
2026-09-08,15:29,STYL,58.4811
2026-09-08,15:29,STYLAMIND,49.8032
2026-09-08,15:29,STYLEBAAZA,-0.3474
2026-09-08,15:29,SUDARCOLOR,10.4155
2026-09-08,15:29,SUDARSCHEM,33.614
2026-09-08,15:29,SUDEEPPHRM,89.9795
2026-09-08,15:29,SUMICHEM,16.116
2026-09-08,15:29,SUNDARMFIN,3.923
2026-09-08,15:29,SUNDRMFAST,48.3101
2026-09-08,15:29,SUNFLAG,15.6146
2026-09-08,15:29,SUNPHARMA,4.2913
2026-09-08,15:29,SUPRAJIT,14.561
2026-09-08,15:29,SUPREMEINF,10.0621
2026-09-08,15:29,SUPRIYA,31.7672
2026-09-08,15:29,SURAKSHA,19.7746
2026-09-08,15:29,SURYODAY,1.2885
2026-09-08,15:29,SUTLEJTEX,5.4545
2026-09-08,15:29,SUVEN,74.5799
2026-09-08,15:29,SVLL,36.8097
2026-09-08,15:29,SWANDEF,35.1763
2026-09-08,15:29,SWIGGY,1.9978
2026-09-08,15:29,SYNCOMF,52.6201
2026-09-08,15:29,SYRMA,70.937
2026-09-08,15:29,TAALTECH,53.6339
2026-09-08,15:29,TAJGVK,2.2273
2026-09-08,15:29,TALBROAUTO,27.4613
2026-09-08,15:29,TANLA,0.1953
2026-09-08,15:29,TARSONS,47.8492
2026-09-08,15:29,TASTYBITE,40.9081
2026-09-08,15:29,TATACAP,10.4758
2026-09-08,15:29,TATACOMM,10.9016
2026-09-08,15:29,TATATECH,37.3527
2026-09-08,15:29,TATVA,28.1617
2026-09-08,15:29,TBOTEK,34.9769
2026-09-08,15:29,TBZ,279.2515
2026-09-08,15:29,TCIEXP,4.9776
2026-09-08,15:29,TCPLPACK,45.8903
2026-09-08,15:29,TEAMLEASE,1.9638
2026-09-08,15:29,TECHM,5.8025
2026-09-08,15:29,TEJASNET,42.1293
2026-09-08,15:29,TEXINFRA,23.8572
2026-09-08,15:29,TEXRAIL,12.1267
2026-09-08,15:29,TFCILTD,95.4092
2026-09-08,15:29,THANGAMAYL,35.6616
2026-09-08,15:29,THEJO,17.4712
2026-09-08,15:29,THELEELA,26.6783
2026-09-08,15:29,THEMISMED,33.9108
2026-09-08,15:29,THOMASCOOK,17.488
2026-09-08,15:29,THYROCARE,42.2558
2026-09-08,15:29,TI,16.4296
2026-09-08,15:29,TIIL,26.3882
2026-09-08,15:29,TIL,27.1252
2026-09-08,15:29,TIMEX,77.2813
2026-09-08,15:29,TINNARUBR,41.5868
2026-09-08,15:29,TIRUPATIFL,57.8449
2026-09-08,15:29,TITAGARH,14.6278
2026-09-08,15:29,TITAN,13.7234
2026-09-08,15:29,TMB,25.3025
2026-09-08,15:29,TMCV,11.2588
2026-09-08,15:29,TNPETRO,60.4011
2026-09-08,15:29,TNPL,7.2706
2026-09-08,15:29,TORNTPHARM,18.5157
2026-09-08,15:29,TRANSPEK,16.3772
2026-09-08,15:29,TRAVELFOOD,2.8338
2026-09-08,15:29,TREL,0.0374
2026-09-08,15:29,TRENT,1.1049
2026-09-08,15:29,TRITURBINE,1.2822
2026-09-08,15:29,TSFINV,4.8021
2026-09-08,15:29,TTKHLTCARE,31.7332
2026-09-08,15:29,TTKPRESTIG,8.774
2026-09-08,15:29,TVSMOTOR,18.3315
2026-09-08,15:29,TVSSCS,11.1082
2026-09-08,15:29,TVSSRICHAK,37.1587
2026-09-08,15:29,UDS,36.2442
2026-09-08,15:29,UEL,38.2689
2026-09-08,15:29,UFBL,104.2408
2026-09-08,15:29,UFLEX,54.2219
2026-09-08,15:29,UGARSUGAR,21.3066
2026-09-08,15:29,UJJIVANSFB,14.0295
2026-09-08,15:29,ULTRAMAR,2.7426
2026-09-08,15:29,UNICHEMLAB,42.425
2026-09-08,15:29,UNIMECH,62.5698
2026-09-08,15:29,UNIONBANK,10.4134
2026-09-08,15:29,UNIPARTS,68.0547
2026-09-08,15:29,UNITDSPR,8.6301
2026-09-08,15:29,UNITEDPOLY,40.5388
2026-09-08,15:29,UNIVASTU,139.0686
2026-09-08,15:29,UNIVCABLES,82.0646
2026-09-08,15:29,UNIVPHOTO,10.2141
2026-09-08,15:29,UNOMINDA,11.191
2026-09-08,15:29,URBANCO,13.2599
2026-09-08,15:29,USHAMART,10.6352
2026-09-08,15:29,UTLSOLAR,46.8237
2026-09-08,15:29,UTTAMSUGAR,12.0441
2026-09-08,15:29,V2RETAIL,10.8331
2026-09-08,15:29,VADILALIND,60.4246
2026-09-08,15:29,VALIANTLAB,46.659
2026-09-08,15:29,VALIANTORG,25.6145
2026-09-08,15:29,VARROC,59.1326
2026-09-08,15:29,VEDL,0.1657
2026-09-08,15:29,VEEDOL,2.1713
2026-09-08,15:29,VELJAN,82.116
2026-09-08,15:29,VENKEYS,7.9937
2026-09-08,15:29,VENUSPIPES,41.533
2026-09-08,15:29,VENUSREM,67.9967
2026-09-08,15:29,VERANDA,22.4895
2026-09-08,15:29,VGUARD,-0.0454
2026-09-08,15:29,VHL,7.5397
2026-09-08,15:29,VIDHIING,18.5992
2026-09-08,15:29,VIDYAWIRES,2.0504
2026-09-08,15:29,VIJAYA,33.056
2026-09-08,15:29,VIMTALABS,36.8916
2026-09-08,15:29,VINATIORGA,1.9285
2026-09-08,15:29,VINCOFE,31.3642
2026-09-08,15:29,VINDHYATEL,104.0687
2026-09-08,15:29,VIPIND,4.5063
2026-09-08,15:29,VISAKAIND,35.7632
2026-09-08,15:29,VISHNU,23.1255
2026-09-08,15:29,VIYASH,28.5707
2026-09-08,15:29,VLSFINANCE,6.6898
2026-09-08,15:29,VMART,33.774
2026-09-08,15:29,VRLLOG,16.0288
2026-09-08,15:29,VSSL,27.9558
2026-09-08,15:29,WABAG,33.0419
2026-09-08,15:29,WAKEFIT,10.8656
2026-09-08,15:29,WELCORP,105.2102
2026-09-08,15:29,WELENT,50.9795
2026-09-08,15:29,WELINV,55.689
2026-09-08,15:29,WELSPLSOL,28.3371
2026-09-08,15:29,WELSPUNLIV,61.1895
2026-09-08,15:29,WENDT,21.3812
2026-09-08,15:29,WESTLIFE,13.1134
2026-09-08,15:29,WEWORK,22.0465
2026-09-08,15:29,WHEELS,71.489
2026-09-08,15:29,WINDLAS,34.5425
2026-09-08,15:29,WINDMACHIN,7.0103
2026-09-08,15:29,WOCKPHARMA,59.358
2026-09-08,15:29,WSTCSTPAPR,40.8602
2026-09-08,15:29,XPROINDIA,36.4859
2026-09-08,15:29,YASHO,172.2474
2026-09-08,15:29,YATHARTH,18.2805
2026-09-08,15:29,YATRA,7.6748
2026-09-08,15:29,YESBANK,12.9955
2026-09-08,15:29,YUKEN,34.793
2026-09-08,15:29,ZENTEC,9.2095
2026-09-08,15:29,ZIMLAB,46.8046
2026-09-08,15:29,ZSARACOM,16.0458
2026-09-08,15:29,ZUARIIND,6.1126
2026-09-08,15:29,ZYDUSLIFE,28.4337
2026-09-08,15:29,ZYDUSWELL,9.7532
2026-09-09,15:29,20MICRONS,21.6785
2026-09-09,15:29,360ONE,1.9597
2026-09-09,15:29,3BBLACKBIO,17.2904
2026-09-09,15:29,3MINDIA,-0.1663
2026-09-09,15:29,5PAISA,-0.6243
2026-09-09,15:29,63MOONS,15.9196
2026-09-09,15:29,AARTIDRUGS,6.9723
2026-09-09,15:29,AARTIPHARM,2.9215
2026-09-09,15:29,ABB,2.2801
2026-09-09,15:29,ABBOTINDIA,-0.7476
2026-09-09,15:29,ABCAPITAL,15.6571
2026-09-09,15:29,ABDL,12.4732
2026-09-09,15:29,ABSLAMC,2.5678
2026-09-09,15:29,ACE,26.6648
2026-09-09,15:29,ACMESOLAR,34.4268
2026-09-09,15:29,ACUTAAS,21.1254
2026-09-09,15:29,ADANIENSOL,1.7806
2026-09-09,15:29,ADANIENT,24.9024
2026-09-09,15:29,ADANIGREEN,1.8827
2026-09-09,15:29,ADANIPORTS,1.8593
2026-09-09,15:29,ADFFOODS,7.351
2026-09-09,15:29,ADOR,53.1559
2026-09-09,15:29,ADVAIT,2.5796
2026-09-09,15:29,ADVANCE,3.0783
2026-09-09,15:29,AEGISLOG,86.9989
2026-09-09,15:29,AEGISVOPAK,53.4753
2026-09-09,15:29,AEQUS,17.6276
2026-09-09,15:29,AEROENTER,53.6931
2026-09-09,15:29,AEROFLEX,85.5962
2026-09-09,15:29,AETHER,28.6661
2026-09-09,15:29,AFFLE,11.7817
2026-09-09,15:29,AFSL,-1.1739
2026-09-09,15:29,AGARIND,6.3488
2026-09-09,15:29,AGARWALEYE,13.5123
2026-09-09,15:29,AGI,25.8536
2026-09-09,15:29,AHLWEST,35.861
2026-09-09,15:29,AIAENG,5.4066
2026-09-09,15:29,AIIL,10.7532
2026-09-09,15:29,AJANTPHARM,21.8464
2026-09-09,15:29,AJAXENGG,8.9017
2026-09-09,15:29,AKCAPIT,4.4262
2026-09-09,15:29,AKUMS,32.5405
2026-09-09,15:29,ALEMBICLTD,16.7959
2026-09-09,15:29,ALGOQUANT,11.9516
2026-09-09,15:29,ALICON,3.5807
2026-09-09,15:29,ALIVUS,30.9484
2026-09-09,15:29,ALKYLAMINE,23.0711
2026-09-09,15:29,AMAGI,35.8032
2026-09-09,15:29,AMANTA,46.7603
2026-09-09,15:29,AMBIKCO,3.2827
2026-09-09,15:29,AMNPLST,-1.2114
2026-09-09,15:29,ANANDRATHI,20.9228
2026-09-09,15:29,ANANTRAJ,20.2312
2026-09-09,15:29,ANDHRAPAP,0.4723
2026-09-09,15:29,ANTELOPUS,62.507
2026-09-09,15:29,ANTHEM,23.3905
2026-09-09,15:29,ANUHPHR,21.0612
2026-09-09,15:29,APARINDS,40.2347
2026-09-09,15:29,APCOTEXIND,54.558
2026-09-09,15:29,APLAPOLLO,15.7501
2026-09-09,15:29,APLLTD,6.745
2026-09-09,15:29,APOLLO,42.9127
2026-09-09,15:29,APOLLOHOSP,15.8901
2026-09-09,15:29,APOLLOPIPE,28.9862
2026-09-09,15:29,APOLLOTYRE,3.1261
2026-09-09,15:29,APTUS,-1.1936
2026-09-09,15:29,ARIES,31.3741
2026-09-09,15:29,ARIHANTCAP,5.187
2026-09-09,15:29,ARMANFIN,35.4455
2026-09-09,15:29,ARROWGREEN,52.0833
2026-09-09,15:29,ARTEMISMED,41.8391
2026-09-09,15:29,ARVIND,43.3631
2026-09-09,15:29,ARVINDFASN,1.931
2026-09-09,15:29,ASAHIINDIA,14.9374
2026-09-09,15:29,ASHIANA,0.2585
2026-09-09,15:29,ASHOKLEY,3.8751
2026-09-09,15:29,ASIANENE,62.7907
2026-09-09,15:29,ASIANHOTNR,37.0954
2026-09-09,15:29,ASIANPAINT,1.6707
2026-09-09,15:29,ASKAUTOLTD,36.0482
2026-09-09,15:29,ASTEC,6.792
2026-09-09,15:29,ASTERDM,4.7661
2026-09-09,15:29,ASTRAMICRO,53.6058
2026-09-09,15:29,ATHERENERG,69.1649
2026-09-09,15:29,ATLANTAELE,10.9131
2026-09-09,15:29,AUBANK,4.4828
2026-09-09,15:29,AUROPHARMA,23.4666
2026-09-09,15:29,AURUM,21.52
2026-09-09,15:29,AVADHSUGAR,67.8334
2026-09-09,15:29,AVALON,101.193
2026-09-09,15:29,AVANTEL,7.5039
2026-09-09,15:29,AVL,14.9313
2026-09-09,15:29,AVTNPL,34.1364
2026-09-09,15:29,AYE,33.7647
2026-09-09,15:29,AYMSYNTEX,28.5142
2026-09-09,15:29,AZAD,29.759
2026-09-09,15:29,BAFNAPH,123.5233
2026-09-09,15:29,BAJAJ-AUTO,16.364
2026-09-09,15:29,BAJAJCON,12.8313
2026-09-09,15:29,BAJAJFINSV,8.8455
2026-09-09,15:29,BAJAJHCARE,1.7844
2026-09-09,15:29,BAJAJHIND,5.1206
2026-09-09,15:29,BAJAJHLDNG,6.7656
2026-09-09,15:29,BAJEL,-0.2603
2026-09-09,15:29,BAJFINANCE,9.377
2026-09-09,15:29,BALAMINES,62.0955
2026-09-09,15:29,BALKRISIND,0.1633
2026-09-09,15:29,BALRAMCHIN,33.381
2026-09-09,15:29,BANARISUG,1.3717
2026-09-09,15:29,BANCOINDIA,1.8358
2026-09-09,15:29,BANKINDIA,1.7308
2026-09-09,15:29,BANSALWIRE,7.3924
2026-09-09,15:29,BASF,2.647
2026-09-09,15:29,BBOX,15.3939
2026-09-09,15:29,BECTORFOOD,22.1673
2026-09-09,15:29,BELRISE,5.9331
2026-09-09,15:29,BEML,14.2282
2026-09-09,15:29,BEPL,38.1179
2026-09-09,15:29,BERGEPAINT,0.1063
2026-09-09,15:29,BETA,60.1885
2026-09-09,15:29,BFINVEST,6.7157
2026-09-09,15:29,BHAGCHEM,0.229
2026-09-09,15:29,BHAGERIA,91.2311
2026-09-09,15:29,BHAGYANGR,46.2085
2026-09-09,15:29,BHARATCOAL,2.3009
2026-09-09,15:29,BHARATFORG,7.2489
2026-09-09,15:29,BHARATSE,15.8301
2026-09-09,15:29,BHARTIARTL,-0.6787
2026-09-09,15:29,BHARTIHEXA,3.1311
2026-09-09,15:29,BHEL,15.0245
2026-09-09,15:29,BIL,45.5859
2026-09-09,15:29,BIOCON,9.5397
2026-09-09,15:29,BIRLACABLE,133.3573
2026-09-09,15:29,BIRLANU,0.867
2026-09-09,15:29,BLACKBUCK,2.3828
2026-09-09,15:29,BLACKROSE,32.7251
2026-09-09,15:29,BLISSGVS,152.7727
2026-09-09,15:29,BLSE,59.447
2026-09-09,15:29,BLUEJET,20.8994
2026-09-09,15:29,BLUESTONE,73.9234
2026-09-09,15:29,BLUSPRING,101.2334
2026-09-09,15:29,BODALCHEM,164.0441
2026-09-09,15:29,BOROLTD,2.4175
2026-09-09,15:29,BOROSCI,9.1198
2026-09-09,15:29,BOSCH-HCIL,24.314
2026-09-09,15:29,BOSCHLTD,36.9596
2026-09-09,15:29,BPCL,0.6132
2026-09-09,15:29,BRIGADE,11.667
2026-09-09,15:29,BUILDPRO,19.4042
2026-09-09,15:29,BUTTERFLY,-0.0811
2026-09-09,15:29,CANHLIFE,4.4946
2026-09-09,15:29,CANTABIL,-1.5461
2026-09-09,15:29,CAPITALSFB,1.2686
2026-09-09,15:29,CAPLIPOINT,56.8335
2026-09-09,15:29,CARBORUNIV,11.6429
2026-09-09,15:29,CARERATING,1.8424
2026-09-09,15:29,CARTRADE,83.2718
2026-09-09,15:29,CARYSIL,31.2976
2026-09-09,15:29,CASTROLIND,1.8139
2026-09-09,15:29,CDSL,10.5225
2026-09-09,15:29,CEATLTD,-0.3601
2026-09-09,15:29,CEIGALL,10.0424
2026-09-09,15:29,CEMPRO,32.6886
2026-09-09,15:29,CENTENKA,33.3801
2026-09-09,15:29,CENTUM,51.1289
2026-09-09,15:29,CERA,7.5087
2026-09-09,15:29,CGCL,39.7998
2026-09-09,15:29,CGPOWER,15.5366
2026-09-09,15:29,CHALET,17.927
2026-09-09,15:29,CHEMBONDCH,60.4525
2026-09-09,15:29,CHEMCON,36.2651
2026-09-09,15:29,CHENNPETRO,44.4104
2026-09-09,15:29,CHOICEIN,11.837
2026-09-09,15:29,CHOLAFIN,11.5584
2026-09-09,15:29,CIPLA,2.1049
2026-09-09,15:29,CLEAN,0.7443
2026-09-09,15:29,CLEANMAX,20.8683
2026-09-09,15:29,CLSEL,9.1364
2026-09-09,15:29,CMPDI,17.9524
2026-09-09,15:29,COCKERILL,60.0315
2026-09-09,15:29,COFFEEDAY,27.9923
2026-09-09,15:29,COFORGE,60.2119
2026-09-09,15:29,COMSYN,96.5346
2026-09-09,15:29,CONCOR,-1.2298
2026-09-09,15:29,CONCORDBIO,22.5318
2026-09-09,15:29,CONFIPET,63.3808
2026-09-09,15:29,CONSOFINVT,34.4662
2026-09-09,15:29,CORONA,26.9617
2026-09-09,15:29,COSMOFIRST,26.3059
2026-09-09,15:29,CPPLUS,56.3611
2026-09-09,15:29,CRAFTSMAN,53.744
2026-09-09,15:29,CREDITACC,5.7487
2026-09-09,15:29,CRISIL,10.8784
2026-09-09,15:29,CSLFINANCE,6.9796
2026-09-09,15:29,CUB,13.6529
2026-09-09,15:29,CUPID,120.7229
2026-09-09,15:29,CYIENT,23.3196
2026-09-09,15:29,CYIENTDLM,135.9995
2026-09-09,15:29,DALMIASUG,8.6711
2026-09-09,15:29,DATAMATICS,5.9408
2026-09-09,15:29,DATAPATTNS,19.3003
2026-09-09,15:29,DCBBANK,22.859
2026-09-09,15:29,DCMSIL,1.4097
2026-09-09,15:29,DCW,0.0416
2026-09-09,15:29,DDEVPLSTIK,5.6285
2026-09-09,15:29,DECNGOLD,81.4542
2026-09-09,15:29,DEEDEV,54.1053
2026-09-09,15:29,DEEPAKFERT,5.3293
2026-09-09,15:29,DEEPINDS,63.9334
2026-09-09,15:29,DEN,-1.413
2026-09-09,15:29,DENTA,-0.649
2026-09-09,15:29,DEVYANI,12.6468
2026-09-09,15:29,DHAMPURSUG,9.5003
2026-09-09,15:29,DHANBANK,-0.4865
2026-09-09,15:29,DHARMAJ,0.9905
2026-09-09,15:29,DHUNINV,9.855
2026-09-09,15:29,DIACABS,101.6624
2026-09-09,15:29,DIAMONDYD,14.0884
2026-09-09,15:29,DICIND,16.003
2026-09-09,15:29,DIFFNKG,42.5498
2026-09-09,15:29,DISAQ,-1.3643
2026-09-09,15:29,DIVGIITTS,62.1667
2026-09-09,15:29,DIVISLAB,43.3341
2026-09-09,15:29,DIXON,21.3622
2026-09-09,15:29,DLF,7.8887
2026-09-09,15:29,DMCC,0.9963
2026-09-09,15:29,DODLA,0.1827
2026-09-09,15:29,DOLPHIN,66.8087
2026-09-09,15:29,DPABHUSHAN,34.822
2026-09-09,15:29,DRAGARWQ,3.0068
2026-09-09,15:29,DREDGECORP,10.0418
2026-09-09,15:29,DVL,16.1166
2026-09-09,15:29,DWARKESH,-1.3722
2026-09-09,15:29,DYCL,16.3947
2026-09-09,15:29,DYNAMATECH,1.2542
2026-09-09,15:29,E2E,113.5062
2026-09-09,15:29,EBGNG,49.1009
2026-09-09,15:29,ECLERX,35.4611
2026-09-09,15:29,EDELWEISS,14.419
2026-09-09,15:29,EFCIL,2.0571
2026-09-09,15:29,EICHERMOT,5.5328
2026-09-09,15:29,EIFFL,9.7932
2026-09-09,15:29,EIMCOELECO,40.7858
2026-09-09,15:29,ELANTAS,41.7656
2026-09-09,15:29,ELECTHERM,19.8014
2026-09-09,15:29,ELGIEQUIP,11.6352
2026-09-09,15:29,ELPROINTL,45.4704
2026-09-09,15:29,EMAMIPAP,44.3221
2026-09-09,15:29,EMBDL,23.898
2026-09-09,15:29,EMCURE,6.7589
2026-09-09,15:29,EMIL,51.8288
2026-09-09,15:29,EMKAY,10.8042
2026-09-09,15:29,EMMVEE,23.0223
2026-09-09,15:29,EMSLIMITED,12.1349
2026-09-09,15:29,EMUDHRA,2.7728
2026-09-09,15:29,ENDURANCE,16.4708
2026-09-09,15:29,ENGINERSIN,4.3561
2026-09-09,15:29,ENTERO,48.2325
2026-09-09,15:29,EPACKPEB,21.4527
2026-09-09,15:29,EPL,9.6493
2026-09-09,15:29,EQUITASBNK,2.5388
2026-09-09,15:29,ERIS,-1.3741
2026-09-09,15:29,ESAFSFB,53.8027
2026-09-09,15:29,ESTER,0.7639
2026-09-09,15:29,ETERNAL,27.2727
2026-09-09,15:29,ETHOSLTD,14.8357
2026-09-09,15:29,EVEREADY,8.2404
2026-09-09,15:29,EVERESTIND,8.2665
2026-09-09,15:29,EXCELINDUS,2.9767
2026-09-09,15:29,EXICOM,58.9604
2026-09-09,15:29,EXIDEIND,14.3991
2026-09-09,15:29,EXPLEOSOL,6.881
2026-09-09,15:29,FAIRCHEMOR,7.3493
2026-09-09,15:29,FAZE3Q,6.5143
2026-09-09,15:29,FCL,153.7125
2026-09-09,15:29,FEDDERSHOL,44.5604
2026-09-09,15:29,FEDERALBNK,19.3152
2026-09-09,15:29,FEDFINA,7.3021
2026-09-09,15:29,FILATEX,69.8516
2026-09-09,15:29,FINCABLES,33.1693
2026-09-09,15:29,FINEORG,11.9799
2026-09-09,15:29,FINOPB,8.3438
2026-09-09,15:29,FIVESTAR,10.6831
2026-09-09,15:29,FLUOROCHEM,26.7676
2026-09-09,15:29,FOSECOIND,29.2242
2026-09-09,15:29,FSL,18.197
2026-09-09,15:29,FUSION,3.521
2026-09-09,15:29,GABRIEL,32.2835
2026-09-09,15:29,GAEL,7.3761
2026-09-09,15:29,GAIL,6.3351
2026-09-09,15:29,GALAPREC,33.7118
2026-09-09,15:29,GALAXYSURF,22.8544
2026-09-09,15:29,GANDHAR,91.7003
2026-09-09,15:29,GANDHITUBE,3.2747
2026-09-09,15:29,GANESHBE,25.9605
2026-09-09,15:29,GANESHHOU,15.1948
2026-09-09,15:29,GARFIBRES,28.3542
2026-09-09,15:29,GARUDA,4.0368
2026-09-09,15:29,GAUDIUMIVF,0.7956
2026-09-09,15:29,GAYAPROJ,25.6778
2026-09-09,15:29,GCSL,64.7236
2026-09-09,15:29,GEECEE,22.666
2026-09-09,15:29,GEMAROMA,2.7875
2026-09-09,15:29,GENESYS,8.7669
2026-09-09,15:29,GENUSPOWER,3.4429
2026-09-09,15:29,GEOJITFSL,23.0911
2026-09-09,15:29,GFLLIMITED,18.934
2026-09-09,15:29,GHCLTEXTIL,48.1436
2026-09-09,15:29,GIPCL,27.7661
2026-09-09,15:29,GKSL,40.0318
2026-09-09,15:29,GLAND,66.6869
2026-09-09,15:29,GLAXO,22.9925
2026-09-09,15:29,GLENMARK,1.7254
2026-09-09,15:29,GLOBAL,24.0422
2026-09-09,15:29,GLOTTIS,-0.973
2026-09-09,15:29,GMMPFAUDLR,43.5531
2026-09-09,15:29,GMRAIRPORT,-0.2528
2026-09-09,15:29,GNA,28.1591
2026-09-09,15:29,GNFC,20.6636
2026-09-09,15:29,GNRL,9.4679
2026-09-09,15:29,GOCLCORP,30.6005
2026-09-09,15:29,GOCOLORS,17.9975
2026-09-09,15:29,GODREJAGRO,14.6876
2026-09-09,15:29,GODREJIND,17.2564
2026-09-09,15:29,GOKEX,13.447
2026-09-09,15:29,GPPL,-0.239
2026-09-09,15:29,GPTHEALTH,14.9735
2026-09-09,15:29,GRANDOAK,12.2253
2026-09-09,15:29,GRANULES,25.789
2026-09-09,15:29,GRAPHITE,19.1746
2026-09-09,15:29,GRASIM,15.5462
2026-09-09,15:29,GRAUWEIL,4.2611
2026-09-09,15:29,GRAVITA,1.514
2026-09-09,15:29,GREAVESCOT,14.7441
2026-09-09,15:29,GREENLAM,1.347
2026-09-09,15:29,GREENPLY,10.4363
2026-09-09,15:29,GRINDWELL,18.8611
2026-09-09,15:29,GRPLTD,9.8591
2026-09-09,15:29,GRWRHITECH,58.0752
2026-09-09,15:29,GSPCROP,15.1107
2026-09-09,15:29,GUFICBIO,46.7408
2026-09-09,15:29,GUJTHEM,15.6997
2026-09-09,15:29,GULFOILLUB,10.5476
2026-09-09,15:29,GVPIL,3.8925
2026-09-09,15:29,GVT&D,4.1546
2026-09-09,15:29,HAL,9.6721
2026-09-09,15:29,HALDYNGL,30.8142
2026-09-09,15:29,HAPPYFORGE,67.7345
2026-09-09,15:29,HARIOMPIPE,13.0441
2026-09-09,15:29,HARSHA,16.4206
2026-09-09,15:29,HATSUN,27.32
2026-09-09,15:29,HAWKINCOOK,14.7861
2026-09-09,15:29,HCC,4.8322
2026-09-09,15:29,HCG,17.6116
2026-09-09,15:29,HCLTECH,2.4407
2026-09-09,15:29,HDBFS,1.4655
2026-09-09,15:29,HEALTHX,10.3334
2026-09-09,15:29,HEIDELBERG,-0.05
2026-09-09,15:29,HERITGFOOD,5
2026-09-09,15:29,HEROMOTOCO,2.9902
2026-09-09,15:29,HESTERBIO,39.529
2026-09-09,15:29,HFCL,94.7239
2026-09-09,15:29,HIKAL,23.6083
2026-09-09,15:29,HINDALCO,-1.5153
2026-09-09,15:29,HINDCOPPER,-0.949
2026-09-09,15:29,HINDOILEXP,21.0097
2026-09-09,15:29,HINDZINC,-0.0248
2026-09-09,15:29,HIRECT,35.2879
2026-09-09,15:29,HITECHCORP,139.8313
2026-09-09,15:29,HLEGLAS,13.9693
2026-09-09,15:29,HMT,5.1262
2026-09-09,15:29,HMVL,19.9225
2026-09-09,15:29,HNDFDS,22.1704
2026-09-09,15:29,HOMEFIRST,1.9417
2026-09-09,15:29,HONASA,38.2798
2026-09-09,15:29,HONAUT,9.5864
2026-09-09,15:29,HSCL,9.3704
2026-09-09,15:29,HTMEDIA,10.6774
2026-09-09,15:29,HUHTAMAKI,49.4782
2026-09-09,15:29,HYUNDAI,18.3193
2026-09-09,15:29,IBULLSLTD,15.4378
2026-09-09,15:29,ICICIBANK,9.3091
2026-09-09,15:29,ICIL,50.8294
2026-09-09,15:29,IDBI,8.9355
2026-09-09,15:29,IDEAFORGE,2.2503
2026-09-09,15:29,IDFCFIRSTB,23.581
2026-09-09,15:29,IFBIND,4.0322
2026-09-09,15:29,IFCI,51.9645
2026-09-09,15:29,IFGLEXPOR,10.936
2026-09-09,15:29,IGARASHI,7.3522
2026-09-09,15:29,IGPL,22.0324
2026-09-09,15:29,IIFL,31.9272
2026-09-09,15:29,IIFLCAPS,7.6764
2026-09-09,15:29,IKIO,29.2396
2026-09-09,15:29,IKS,6.7552
2026-09-09,15:29,IMAGICAA,19.7552
2026-09-09,15:29,IMPAL,11.7525
2026-09-09,15:29,INDGN,9.9372
2026-09-09,15:29,INDHOTEL,12.2806
2026-09-09,15:29,INDIANB,3.1673
2026-09-09,15:29,INDIANHUME,10.5271
2026-09-09,15:29,INDIGO,16.7183
2026-09-09,15:29,INDIGOPNTS,29.6767
2026-09-09,15:29,INDIQUBE,18.3002
2026-09-09,15:29,INDNIPPON,65.2989
2026-09-09,15:29,INDOAMIN,7.185
2026-09-09,15:29,INDOBORAX,89.2407
2026-09-09,15:29,INDOCO,9.1192
2026-09-09,15:29,INDOFARM,6.3902
2026-09-09,15:29,INDORAMA,126.063
2026-09-09,15:29,INDOSTAR,13.3923
2026-09-09,15:29,INDOTECH,34.0381
2026-09-09,15:29,INDSWFTLAB,185.7195
2026-09-09,15:29,INDUSINDBK,9.8588
2026-09-09,15:29,INGERRAND,7.9983
2026-09-09,15:29,INNOVACAP,40.7745
2026-09-09,15:29,INOXINDIA,45.2449
2026-09-09,15:29,INVPRECQ,121.0535
2026-09-09,15:29,IOLCP,120.3285
2026-09-09,15:29,IONEXCHANG,6.2675
2026-09-09,15:29,IPCALAB,28.3399
2026-09-09,15:29,IRIS,7.1215
2026-09-09,15:29,IRISDOREME,70.657
2026-09-09,15:29,ITDC,7.6509
2026-09-09,15:29,IXIGO,-1.2612
2026-09-09,15:29,IZMO,29.6617
2026-09-09,15:29,J&KBANK,10.7642
2026-09-09,15:29,JAGSNPHARM,10.5792
2026-09-09,15:29,JAMNAAUTO,2.971
2026-09-09,15:29,JARO,4.4105
2026-09-09,15:29,JASH,23.4531
2026-09-09,15:29,JAYAGROGN,29.9575
2026-09-09,15:29,JAYBARMARU,25.554
2026-09-09,15:29,JGCHEM,50.4006
2026-09-09,15:29,JINDALSAW,34.9818
2026-09-09,15:29,JINDRILL,26.74
2026-09-09,15:29,JINDWORLD,111.4416
2026-09-09,15:29,JITFINFRA,1.99
2026-09-09,15:29,JKPAPER,10.6495
2026-09-09,15:29,JNKINDIA,13.7858
2026-09-09,15:29,JSFB,19.5455
2026-09-09,15:29,JSL,0.6295
2026-09-09,15:29,JSWCEMENT,-1.6941
2026-09-09,15:29,JSWDULUX,7.8865
2026-09-09,15:29,JSWINFRA,24.5304
2026-09-09,15:29,JSWSTEEL,3.4265
2026-09-09,15:29,JTLIND,11.1252
2026-09-09,15:29,JUBLCPL,29.5436
2026-09-09,15:29,JUBLFOOD,-0.0945
2026-09-09,15:29,JUBLPHARMA,9.4052
2026-09-09,15:29,JUNIPER,2.1589
2026-09-09,15:29,JUSTDIAL,28.8726
2026-09-09,15:29,JYOTICNC,33.0235
2026-09-09,15:29,KABRAEXTRU,169.7551
2026-09-09,15:29,KAJARIACER,12.1956
2026-09-09,15:29,KALYANKJIL,47.0119
2026-09-09,15:29,KAMATHOTEL,34.9502
2026-09-09,15:29,KAMDHENU,65.3233
2026-09-09,15:29,KANORICHEM,76.4146
2026-09-09,15:29,KANPRPLA,21.2384
2026-09-09,15:29,KAPSTON,66.0927
2026-09-09,15:29,KARURVYSYA,14.5259
2026-09-09,15:29,KAYA,36.9059
2026-09-09,15:29,KDDL,61.9891
2026-09-09,15:29,KENNAMET,74.4405
2026-09-09,15:29,KERNEX,26.5074
2026-09-09,15:29,KFINTECH,5.0987
2026-09-09,15:29,KICL,4.4101
2026-09-09,15:29,KILITCH,22.5691
2026-09-09,15:29,KIMS,11.4681
2026-09-09,15:29,KINGFA,30.1439
2026-09-09,15:29,KIRANVYPAR,5.7994
2026-09-09,15:29,KIRIINDUS,30.1548
2026-09-09,15:29,KIRLFER,7.106
2026-09-09,15:29,KIRLOSBROS,8.0851
2026-09-09,15:29,KIRLOSENG,28.7944
2026-09-09,15:29,KIRLOSIND,10.7957
2026-09-09,15:29,KKCL,10.3934
2026-09-09,15:29,KMEW,45.5653
2026-09-09,15:29,KNAGRI,8.3529
2026-09-09,15:29,KOLTEPATIL,11.903
2026-09-09,15:29,KOPRAN,43.2842
2026-09-09,15:29,KOTAKBANK,11.3951
2026-09-09,15:29,KOTHARIPET,12.7774
2026-09-09,15:29,KOVAI,9.4899
2026-09-09,15:29,KPIL,9.0424
2026-09-09,15:29,KPL,115.9112
2026-09-09,15:29,KPRMILL,19.3094
2026-09-09,15:29,KRBL,17.0078
2026-09-09,15:29,KRISHANA,48.8545
2026-09-09,15:29,KRISHNADEF,3.1793
2026-09-09,15:29,KRN,30.6158
2026-09-09,15:29,KRONOX,24.3066
2026-09-09,15:29,KROSS,17.3325
2026-09-09,15:29,KRYSTAL,5.104
2026-09-09,15:29,KSHINTL,79.2516
2026-09-09,15:29,KSL,2.7714
2026-09-09,15:29,KTKBANK,20.7179
2026-09-09,15:29,KWIL,49.0511
2026-09-09,15:29,LALPATHLAB,22.0097
2026-09-09,15:29,LANDMARK,20.7914
2026-09-09,15:29,LAURUSLABS,66.0665
2026-09-09,15:29,LAXMIINDIA,13.9639
2026-09-09,15:29,LENSKART,34.5811
2026-09-09,15:29,LGBBROSLTD,3.161
2026-09-09,15:29,LGEINDIA,4.344
2026-09-09,15:29,LICHSGFIN,-0.3591
2026-09-09,15:29,LICI,1.6209
2026-09-09,15:29,LIKHITHA,7.5829
2026-09-09,15:29,LINCOLN,-0.7009
2026-09-09,15:29,LLOYDSENGG,39.1818
2026-09-09,15:29,LLOYDSENT,3.3001
2026-09-09,15:29,LLOYDSME,0.5619
2026-09-09,15:29,LMW,24.6509
2026-09-09,15:29,LODHA,26.2451
2026-09-09,15:29,LOKESHMACH,49.9622
2026-09-09,15:29,LOTUSDEV,38.9891
2026-09-09,15:29,LTF,8.6644
2026-09-09,15:29,LTFOODS,5.2809
2026-09-09,15:29,LTM,4.9801
2026-09-09,15:29,LUMAXIND,23.013
2026-09-09,15:29,LUMAXTECH,26.9272
2026-09-09,15:29,LXCHEM,22.7301
2026-09-09,15:29,M&M,1.4003
2026-09-09,15:29,M&MFIN,19.7334
2026-09-09,15:29,MACPOWER,52.3958
2026-09-09,15:29,MAGADSUGAR,6.7908
2026-09-09,15:29,MAHABANK,6.633
2026-09-09,15:29,MAHASTEEL,57.8377
2026-09-09,15:29,MAHLIFE,10.198
2026-09-09,15:29,MAHSCOOTER,7.319
2026-09-09,15:29,MAHSEAMLES,5.4996
2026-09-09,15:29,MAITHANALL,8.4756
2026-09-09,15:29,MAMATA,1.5865
2026-09-09,15:29,MANAKCOAT,13.8919
2026-09-09,15:29,MANAKSTEEL,61.3492
2026-09-09,15:29,MANALIPETC,57.8233
2026-09-09,15:29,MANAPPURAM,4.8665
2026-09-09,15:29,MANBA,15.7286
2026-09-09,15:29,MANGLMCEM,13.9507
2026-09-09,15:29,MANINDS,48.0987
2026-09-09,15:29,MANINFRA,4.1087
2026-09-09,15:29,MANKIND,0.3189
2026-09-09,15:29,MANORAMA,36.7991
2026-09-09,15:29,MANYAVAR,35.0877
2026-09-09,15:29,MAPMYINDIA,1.709
2026-09-09,15:29,MARICO,3.741
2026-09-09,15:29,MARINE,80.7392
2026-09-09,15:29,MARKSANS,74.4149
2026-09-09,15:29,MASTERTR,14.1263
2026-09-09,15:29,MATRIMONY,21.4387
2026-09-09,15:29,MAWANASUG,24.3241
2026-09-09,15:29,MAXESTATES,34.7563
2026-09-09,15:29,MAXHEALTH,2.5654
2026-09-09,15:29,MAYURUNIQ,29.8659
2026-09-09,15:29,MAZDA,29.4734
2026-09-09,15:29,MBAPL,47.7298
2026-09-09,15:29,MCCHRLS-B,-0.2335
2026-09-09,15:29,MCX,15.0057
2026-09-09,15:29,MEDANTA,26.3679
2026-09-09,15:29,MEESHO,-0.1567
2026-09-09,15:29,MENONBE,140.7787
2026-09-09,15:29,METROPOLIS,22.2786
2026-09-09,15:29,MIDHANI,17.5665
2026-09-09,15:29,MINDACORP,35.8403
2026-09-09,15:29,MMFL,25.1928
2026-09-09,15:29,MMP,72.1011
2026-09-09,15:29,MODISONLTD,193.9977
2026-09-09,15:29,MOL,22.1688
2026-09-09,15:29,MOLDTECH,62.457
2026-09-09,15:29,MOLDTKPAC,23.8582
2026-09-09,15:29,MONARCH,23.5676
2026-09-09,15:29,MOREPENLAB,177.4762
2026-09-09,15:29,MOSCHIP,4.0916
2026-09-09,15:29,MOTHERSON,36.1784
2026-09-09,15:29,MOTILALOFS,22.5197
2026-09-09,15:29,MPHASIS,1.3573
2026-09-09,15:29,MPSLTD,70.656
2026-09-09,15:29,MRF,-0.7119
2026-09-09,15:29,MRPL,15.6707
2026-09-09,15:29,MSTCLTD,72.561
2026-09-09,15:29,MTARTECH,22.4153
2026-09-09,15:29,MUFIN,17.9512
2026-09-09,15:29,MUKANDLTD,0.316
2026-09-09,15:29,MUKKA,24.3648
2026-09-09,15:29,MUNJALAU,32.5649
2026-09-09,15:29,MUNJALSHOW,-1.2404
2026-09-09,15:29,MVGJL,21.9961
2026-09-09,15:29,NACLIND,2.559
2026-09-09,15:29,NAHARINDUS,15.0382
2026-09-09,15:29,NAHARSPING,8.8176
2026-09-09,15:29,NAM-INDIA,14.2745
2026-09-09,15:29,NAUKRI,29.7292
2026-09-09,15:29,NAVINFLUOR,29.1179
2026-09-09,15:29,NAZARA,40.0673
2026-09-09,15:29,NCLIND,3.5436
2026-09-09,15:29,NELCO,37.9047
2026-09-09,15:29,NEOGEN,33.6969
2026-09-09,15:29,NEPHROPLUS,33.9512
2026-09-09,15:29,NETWEB,24.7168
2026-09-09,15:29,NEULANDLAB,43.8539
2026-09-09,15:29,NEWGEN,3.3139
2026-09-09,15:29,NGLFINE,22.0973
2026-09-09,15:29,NH,5.3729
2026-09-09,15:29,NIACL,27.1799
2026-09-09,15:29,NIBE,25.7709
2026-09-09,15:29,NIITLTD,35.2363
2026-09-09,15:29,NILKAMAL,58.1347
2026-09-09,15:29,NINSYS,36.1981
2026-09-09,15:29,NIRLON,8.415
2026-09-09,15:29,NITCO,1.5028
2026-09-09,15:29,NITINSPIN,32.6105
2026-09-09,15:29,NITTAGELA,47.7444
2026-09-09,15:29,NIVABUPA,0.353
2026-09-09,15:29,NOCIL,-1.0251
2026-09-09,15:29,NORTHARC,17.5338
2026-09-09,15:29,NOVARTIND,113.0371
2026-09-09,15:29,NPST,32.3645
2026-09-09,15:29,NRAIL,27.5592
2026-09-09,15:29,NRBBEARING,65.319
2026-09-09,15:29,NRL,135.6259
2026-09-09,15:29,NSLNISP,5.1354
2026-09-09,15:29,NUVAMA,34.0029
2026-09-09,15:29,NUVOCO,15.2522
2026-09-09,15:29,NYKAA,29.5073
2026-09-09,15:29,OAL,79.0555
2026-09-09,15:29,OBEROIRLTY,6.2762
2026-09-09,15:29,OCCLLTD,61.1823
2026-09-09,15:29,OFSS,19.5272
2026-09-09,15:29,OIL,5.02
2026-09-09,15:29,OLAELEC,2.4719
2026-09-09,15:29,OMAXE,41.9747
2026-09-09,15:29,OMNI,39.966
2026-09-09,15:29,ONEPOINT,0.0172
2026-09-09,15:29,ONIDA,2.1772
2026-09-09,15:29,ONWARDTEC,12.8064
2026-09-09,15:29,OPTIEMUS,26.0789
2026-09-09,15:29,ORBTEXP,38.1068
2026-09-09,15:29,ORCHPHARMA,62.8814
2026-09-09,15:29,ORIENTBELL,23.8685
2026-09-09,15:29,ORIENTCER,12.5387
2026-09-09,15:29,ORIENTHOT,41.2798
2026-09-09,15:29,ORISSAMINE,-1.5338
2026-09-09,15:29,PAISALO,61.1615
2026-09-09,15:29,PANACEABIO,5.5198
2026-09-09,15:29,PANACHE,51.2968
2026-09-09,15:29,PANAMAPET,76.7689
2026-09-09,15:29,PARACABLES,65.1342
2026-09-09,15:29,PARADEEP,25.0059
2026-09-09,15:29,PARAGMILK,13.8036
2026-09-09,15:29,PARAS,87.8954
2026-09-09,15:29,PARKHOSPS,17.4179
2026-09-09,15:29,PASUPTAC,31.8129
2026-09-09,15:29,PATELRMART,2.8964
2026-09-09,15:29,PAUSHAKLTD,57.0967
2026-09-09,15:29,PAYTM,56.9726
2026-09-09,15:29,PCBL,8.2229
2026-09-09,15:29,PDMJEPAPER,14.1475
2026-09-09,15:29,PDSL,23.5746
2026-09-09,15:29,PENIND,6.3482
2026-09-09,15:29,PERSISTENT,13.1764
2026-09-09,15:29,PETRONET,3.3249
2026-09-09,15:29,PFOCUS,3.9435
2026-09-09,15:29,PGEL,1.4967
2026-09-09,15:29,PGHL,6.29
2026-09-09,15:29,PGIL,47.0846
2026-09-09,15:29,PHOENIXLTD,5.4772
2026-09-09,15:29,PIDILITIND,15.1986
2026-09-09,15:29,PITTIENG,16.8212
2026-09-09,15:29,PIXTRANS,13.329
2026-09-09,15:29,PNB,6.3765
2026-09-09,15:29,PNBGILTS,11.5698
2026-09-09,15:29,PNBHOUSING,9.5759
2026-09-09,15:29,PNGSREVA,24.8079
2026-09-09,15:29,POLICYBZR,7.7328
2026-09-09,15:29,POLYCAB,0.1138
2026-09-09,15:29,POLYMED,12.842
2026-09-09,15:29,POLYPLEX,21.1928
2026-09-09,15:29,POONAWALLA,2.631
2026-09-09,15:29,POWERICA,11.7443
2026-09-09,15:29,POWERMECH,-1.7149
2026-09-09,15:29,PPL,33.8064
2026-09-09,15:29,PPLPHARMA,35.995
2026-09-09,15:29,PRABHA,55.5808
2026-09-09,15:29,PRADPME,30.0933
2026-09-09,15:29,PRECOT,14.6591
2026-09-09,15:29,PRECWIRE,9.6763
2026-09-09,15:29,PREMEXPLN,20
2026-09-09,15:29,PREMIERPOL,64.612
2026-09-09,15:29,PRESTIGE,5.9131
2026-09-09,15:29,PRICOLLTD,29.3893
2026-09-09,15:29,PRIMESECU,-0.6033
2026-09-09,15:29,PRINCEPIPE,7.2588
2026-09-09,15:29,PRIVISCL,5.207
2026-09-09,15:29,PRUDENT,15.6621
2026-09-09,15:29,PSPPROJECT,7.7578
2026-09-09,15:29,PTCIL,38.8432
2026-09-09,15:29,PURVA,-1.6509
2026-09-09,15:29,PVP,98.6457
2026-09-09,15:29,PVRINOX,10.3956
2026-09-09,15:29,PWL,14.5873
2026-09-09,15:29,QPOWER,11.56
2026-09-09,15:29,QUADFUTURE,41.068
2026-09-09,15:29,QUESS,67.7456
2026-09-09,15:29,RACLGEAR,29.2745
2026-09-09,15:29,RADHIKAJWE,34.6415
2026-09-09,15:29,RADICO,30.2372
2026-09-09,15:29,RAIN,74.3457
2026-09-09,15:29,RAINBOW,15.1027
2026-09-09,15:29,RAJOOENG,-1.4109
2026-09-09,15:29,RAJRATAN,16.3521
2026-09-09,15:29,RAJRILTD,1.5647
2026-09-09,15:29,RAMCOIND,20.0489
2026-09-09,15:29,RAMCOSYS,46.8077
2026-09-09,15:29,RAMRAT,16.0286
2026-09-09,15:29,RANEHOLDIN,47.9688
2026-09-09,15:29,RATEGAIN,39.0629
2026-09-09,15:29,RATNAMANI,5.5055
2026-09-09,15:29,RATNAVEER,70.8345
2026-09-09,15:29,RAYMOND,73.8415
2026-09-09,15:29,RAYMONDREL,24.097
2026-09-09,15:29,RBA,51.1733
2026-09-09,15:29,RBLBANK,25.9842
2026-09-09,15:29,RBZJEWEL,24.1863
2026-09-09,15:29,REDINGTON,70.4771
2026-09-09,15:29,REFEX,4.8158
2026-09-09,15:29,REGAAL,2.693
2026-09-09,15:29,RELAXO,8.3209
2026-09-09,15:29,RELIGARE,15.6289
2026-09-09,15:29,RELTD,9.8309
2026-09-09,15:29,RESPONIND,7.5737
2026-09-09,15:29,RGL,47.2047
2026-09-09,15:29,RHETAN,9.2402
2026-09-09,15:29,RICOAUTO,13.2216
2026-09-09,15:29,RISHABH,62.2551
2026-09-09,15:29,RITCO,41.8201
2026-09-09,15:29,RKFORGE,18.5264
2026-09-09,15:29,RMDRIP,12.6356
2026-09-09,15:29,RML,65.5202
2026-09-09,15:29,ROLEXRINGS,19.6604
2026-09-09,15:29,ROSSTECH,23.1317
2026-09-09,15:29,ROTO,12.545
2026-09-09,15:29,RPEL,132.7344
2026-09-09,15:29,RPGLIFE,16.3426
2026-09-09,15:29,RPSGVENT,-1.735
2026-09-09,15:29,RPTECH,66.7401
2026-09-09,15:29,RRKABEL,36.3114
2026-09-09,15:29,RSL,37.4575
2026-09-09,15:29,RSWM,27.4086
2026-09-09,15:29,RUBICON,85.3976
2026-09-09,15:29,RUBYMILLS,100.156
2026-09-09,15:29,SAFARI,8.126
2026-09-09,15:29,SAGILITY,8.6539
2026-09-09,15:29,SAIL,0.1343
2026-09-09,15:29,SAILIFE,54.8858
2026-09-09,15:29,SAIPARENT,9.2051
2026-09-09,15:29,SAKAR,76.6054
2026-09-09,15:29,SAKSOFT,8.4211
2026-09-09,15:29,SALSTEEL,41.4612
2026-09-09,15:29,SAMBHV,6.9706
2026-09-09,15:29,SAMMAANCAP,2.2057
2026-09-09,15:29,SANATHAN,6.9108
2026-09-09,15:29,SANDHAR,23.177
2026-09-09,15:29,SANGAMIND,10.6399
2026-09-09,15:29,SANGHVIMOV,37.6145
2026-09-09,15:29,SANSERA,66.1137
2026-09-09,15:29,SANSTAR,19.5328
2026-09-09,15:29,SAPPHIRE,17.464
2026-09-09,15:29,SAREGAMA,45.0449
2026-09-09,15:29,SARLAPOLY,7.2176
2026-09-09,15:29,SASKEN,38.1154
2026-09-09,15:29,SATIN,13.9645
2026-09-09,15:29,SBC,45.8358
2026-09-09,15:29,SBCL,81.8255
2026-09-09,15:29,SBFC,6.5818
2026-09-09,15:29,SBICARD,3.6601
2026-09-09,15:29,SCPL,61.1588
2026-09-09,15:29,SEAMECLTD,12.4532
2026-09-09,15:29,SEDEMAC,47.2238
2026-09-09,15:29,SENCO,6.1139
2026-09-09,15:29,SENORES,66.4635
2026-09-09,15:29,SETL,203.9433
2026-09-09,15:29,SFL,31.5966
2026-09-09,15:29,SGFIN,19.9611
2026-09-09,15:29,SGIL,8.9829
2026-09-09,15:29,SGMART,38.4257
2026-09-09,15:29,SHADOWFAX,45.9786
2026-09-09,15:29,SHAILY,33.9667
2026-09-09,15:29,SHALPAINTS,58.4357
2026-09-09,15:29,SHANTIGEAR,46.1991
2026-09-09,15:29,SHANTIGOLD,29.995
2026-09-09,15:29,SHARDAMOTR,2.8155
2026-09-09,15:29,SHAREINDIA,32.9078
2026-09-09,15:29,SHILPAMED,129.4244
2026-09-09,15:29,SHINDL,7.539
2026-09-09,15:29,SHIVALIK,44.1303
2026-09-09,15:29,SHIVAUM,34.0115
2026-09-09,15:29,SHK,-0.234
2026-09-09,15:29,SHOPERSTOP,26.3912
2026-09-09,15:29,SHREEJISPG,67.473
2026-09-09,15:29,SHREEPUSHK,29.576
2026-09-09,15:29,SHRINGARMS,6.1547
2026-09-09,15:29,SHRIPISTON,26.0622
2026-09-09,15:29,SHRIRAMFIN,7.1373
2026-09-09,15:29,SHYAMMETL,18.5885
2026-09-09,15:29,SICALLOG,46.2904
2026-09-09,15:29,SIEMENS,2.9994
2026-09-09,15:29,SIGACHI,75.2111
2026-09-09,15:29,SIGMAADV,155.533
2026-09-09,15:29,SIGNPOST,-1.5455
2026-09-09,15:29,SILVERTUC,0.1315
2026-09-09,15:29,SIMPLEXINF,11.0754
2026-09-09,15:29,SINDHUTRAD,6.431
2026-09-09,15:29,SIRCA,-0.2317
2026-09-09,15:29,SIS,6.5044
2026-09-09,15:29,SJS,22.633
2026-09-09,15:29,SKFINDUS,35.6693
2026-09-09,15:29,SKIPPER,21.0414
2026-09-09,15:29,SKMEGGPROD,50.5189
2026-09-09,15:29,SKYGOLD,82.2602
2026-09-09,15:29,SMARTWORKS,19.836
2026-09-09,15:29,SMCGLOBAL,25.4747
2026-09-09,15:29,SMLMAH,77.5004
2026-09-09,15:29,SMSPHARMA,0.2831
2026-09-09,15:29,SOFTTECH,9.7949
2026-09-09,15:29,SOLARA,33.0571
2026-09-09,15:29,SOLARINDS,44.6083
2026-09-09,15:29,SOMANYCERA,17.0685
2026-09-09,15:29,SONACOMS,38.9347
2026-09-09,15:29,SONATSOFTW,2.3123
2026-09-09,15:29,SOTL,80.855
2026-09-09,15:29,SOUTHBANK,13.0297
2026-09-09,15:29,SPAL,25.6749
2026-09-09,15:29,SPARC,43.5791
2026-09-09,15:29,SPECIALITY,30.4596
2026-09-09,15:29,SPECTRUM,135.7554
2026-09-09,15:29,SPIC,0.2717
2026-09-09,15:29,SPLPETRO,9.665
2026-09-09,15:29,SPORTKING,44.6374
2026-09-09,15:29,SREEL,88.9224
2026-09-09,15:29,SRF,-1.2307
2026-09-09,15:29,SRHHYPOLTD,4.09
2026-09-09,15:29,SSWL,72.5588
2026-09-09,15:29,STALLION,39.8785
2026-09-09,15:29,STAR,15.9186
2026-09-09,15:29,STARHEALTH,10.0115
2026-09-09,15:29,STEELCAS,15.9586
2026-09-09,15:29,STEL,27.8717
2026-09-09,15:29,STLNETWORK,14.1678
2026-09-09,15:29,STLTECH,179.9095
2026-09-09,15:29,STOVEKRAFT,50.4122
2026-09-09,15:29,STYL,60.7667
2026-09-09,15:29,STYLAMIND,51.036
2026-09-09,15:29,SUDARCOLOR,7.5456
2026-09-09,15:29,SUDARSCHEM,33.86
2026-09-09,15:29,SUDEEPPHRM,85.1294
2026-09-09,15:29,SUMICHEM,7.294
2026-09-09,15:29,SUNDARMFIN,3.7365
2026-09-09,15:29,SUNDRMFAST,38.4109
2026-09-09,15:29,SUNDROP,2.6031
2026-09-09,15:29,SUNFLAG,3.1761
2026-09-09,15:29,SUNPHARMA,2.2704
2026-09-09,15:29,SUPRAJIT,15.9007
2026-09-09,15:29,SUPREMEINF,6.3401
2026-09-09,15:29,SUPRIYA,31.8576
2026-09-09,15:29,SURAKSHA,17.9996
2026-09-09,15:29,SURYODAY,-1.5908
2026-09-09,15:29,SUTLEJTEX,3.5242
2026-09-09,15:29,SUVEN,68.2987
2026-09-09,15:29,SVLL,32.2791
2026-09-09,15:29,SWANDEF,43.0429
2026-09-09,15:29,SWIGGY,1.4168
2026-09-09,15:29,SYNCOMF,46.0479
2026-09-09,15:29,SYRMA,59.2853
2026-09-09,15:29,SYSTMTXC,2.7107
2026-09-09,15:29,TAALTECH,66.3127
2026-09-09,15:29,TAJGVK,0.9268
2026-09-09,15:29,TALBROAUTO,26.9092
2026-09-09,15:29,TARSONS,43.7357
2026-09-09,15:29,TASTYBITE,39.5256
2026-09-09,15:29,TATACAP,10.5864
2026-09-09,15:29,TATACOMM,12.946
2026-09-09,15:29,TATATECH,33.2628
2026-09-09,15:29,TATVA,29.1616
2026-09-09,15:29,TBOTEK,33.8232
2026-09-09,15:29,TBZ,261.9649
2026-09-09,15:29,TCIEXP,1.5418
2026-09-09,15:29,TCPLPACK,40.0081
2026-09-09,15:29,TEAMLEASE,0.8023
2026-09-09,15:29,TECHM,2.4735
2026-09-09,15:29,TEGA,1.1512
2026-09-09,15:29,TEJASNET,37.0375
2026-09-09,15:29,TEXINFRA,18.3546
2026-09-09,15:29,TEXRAIL,6.6889
2026-09-09,15:29,TFCILTD,83.7505
2026-09-09,15:29,THANGAMAYL,28.2803
2026-09-09,15:29,THEJO,17.6011
2026-09-09,15:29,THELEELA,23.4065
2026-09-09,15:29,THEMISMED,33.6724
2026-09-09,15:29,THOMASCOOK,16.1823
2026-09-09,15:29,THYROCARE,34.8359
2026-09-09,15:29,TI,12.241
2026-09-09,15:29,TIIL,26.7472
2026-09-09,15:29,TIL,22.2719
2026-09-09,15:29,TIMEX,77.8713
2026-09-09,15:29,TINNARUBR,35.178
2026-09-09,15:29,TIPSMUSIC,0.8211
2026-09-09,15:29,TIRUPATIFL,57.6564
2026-09-09,15:29,TITAGARH,13.893
2026-09-09,15:29,TITAN,14.7146
2026-09-09,15:29,TMB,25.4933
2026-09-09,15:29,TMCV,7.7622
2026-09-09,15:29,TNPETRO,57.6716
2026-09-09,15:29,TNPL,-1.4403
2026-09-09,15:29,TORNTPHARM,15.9509
2026-09-09,15:29,TPLPLASTEH,0.8748
2026-09-09,15:29,TRANSPEK,13.9383
2026-09-09,15:29,TRAVELFOOD,-0.1077
2026-09-09,15:29,TRENT,1.7195
2026-09-09,15:29,TRITURBINE,-0.8684
2026-09-09,15:29,TSFINV,2.1004
2026-09-09,15:29,TTKHLTCARE,27.4832
2026-09-09,15:29,TTKPRESTIG,0.9322
2026-09-09,15:29,TVSMOTOR,18.7555
2026-09-09,15:29,TVSSCS,6.5567
2026-09-09,15:29,TVSSRICHAK,34.2179
2026-09-09,15:29,UDS,33.0212
2026-09-09,15:29,UEL,29.9153
2026-09-09,15:29,UFBL,93.4863
2026-09-09,15:29,UFLEX,52.227
2026-09-09,15:29,UGARSUGAR,16.875
2026-09-09,15:29,UJJIVANSFB,4.481
2026-09-09,15:29,ULTRAMAR,6.0136
2026-09-09,15:29,UNICHEMLAB,40.961
2026-09-09,15:29,UNIMECH,53.8104
2026-09-09,15:29,UNIONBANK,12.2855
2026-09-09,15:29,UNIPARTS,65.427
2026-09-09,15:29,UNITDSPR,6.3176
2026-09-09,15:29,UNITEDPOLY,31.5257
2026-09-09,15:29,UNIVASTU,133.9923
2026-09-09,15:29,UNIVCABLES,59.4216
2026-09-09,15:29,UNIVPHOTO,14.1173
2026-09-09,15:29,UNOMINDA,10.7407
2026-09-09,15:29,URBANCO,12.1796
2026-09-09,15:29,USHAMART,7.5024
2026-09-09,15:29,UTLSOLAR,51.1297
2026-09-09,15:29,UTTAMSUGAR,7.5829
2026-09-09,15:29,V2RETAIL,8.0203
2026-09-09,15:29,VADILALIND,60.7012
2026-09-09,15:29,VALIANTLAB,56.661
2026-09-09,15:29,VALIANTORG,35.0996
2026-09-09,15:29,VARROC,52.8266
2026-09-09,15:29,VEEDOL,-0.8076
2026-09-09,15:29,VELJAN,80.471
2026-09-09,15:29,VENKEYS,7.4363
2026-09-09,15:29,VENUSPIPES,39.7509
2026-09-09,15:29,VENUSREM,67.7032
2026-09-09,15:29,VERANDA,17.5651
2026-09-09,15:29,VIDHIING,17.655
2026-09-09,15:29,VIJAYA,29.9099
2026-09-09,15:29,VIMTALABS,31.8535
2026-09-09,15:29,VINATIORGA,-0.0524
2026-09-09,15:29,VINCOFE,30.1905
2026-09-09,15:29,VINDHYATEL,98.3946
2026-09-09,15:29,VIPIND,3.0231
2026-09-09,15:29,VISAKAIND,37.2575
2026-09-09,15:29,VISHNU,14.8538
2026-09-09,15:29,VIYASH,27.8933
2026-09-09,15:29,VLSFINANCE,6.4342
2026-09-09,15:29,VMART,29.1804
2026-09-09,15:29,VRLLOG,13.1006
2026-09-09,15:29,VSSL,28.2709
2026-09-09,15:29,WABAG,41.0818
2026-09-09,15:29,WAKEFIT,6.689
2026-09-09,15:29,WELCORP,110.5497
2026-09-09,15:29,WELENT,48.4357
2026-09-09,15:29,WELINV,58.5763
2026-09-09,15:29,WELSPLSOL,32.9675
2026-09-09,15:29,WELSPUNLIV,62.4035
2026-09-09,15:29,WENDT,18.0762
2026-09-09,15:29,WESTLIFE,16.6874
2026-09-09,15:29,WEWORK,21.6224
2026-09-09,15:29,WHEELS,91.1458
2026-09-09,15:29,WINDLAS,33.0984
2026-09-09,15:29,WINDMACHIN,0.3662
2026-09-09,15:29,WOCKPHARMA,57.8105
2026-09-09,15:29,WPIL,4.7508
2026-09-09,15:29,WSTCSTPAPR,34.5189
2026-09-09,15:29,XPROINDIA,24.9904
2026-09-09,15:29,YASHO,167.1377
2026-09-09,15:29,YATHARTH,20.4234
2026-09-09,15:29,YATRA,11.6529
2026-09-09,15:29,YESBANK,12.3247
2026-09-09,15:29,YUKEN,41.9153
2026-09-09,15:29,ZENTEC,15.3489
2026-09-09,15:29,ZIMLAB,41.6206
2026-09-09,15:29,ZSARACOM,10.7119
2026-09-09,15:29,ZUARIIND,2.7611
2026-09-09,15:29,ZYDUSLIFE,24.9404
2026-09-09,15:29,ZYDUSWELL,8.7733
