date,time,group,% change
2026-09-04,15:29,20MICRONS,-0.5098
2026-09-04,15:29,3BBLACKBIO,11.7737
2026-09-04,15:29,63MOONS,12.7259
2026-09-04,15:29,AADHARHFC,2.8064
2026-09-04,15:29,AARTIDRUGS,3.2655
2026-09-04,15:29,AARTIPHARM,2.6475
2026-09-04,15:29,AAVAS,1.431
2026-09-04,15:29,ABCAPITAL,-1.2439
2026-09-04,15:29,ABDL,-0.611
2026-09-04,15:29,ABLBL,0.0349
2026-09-04,15:29,ABREL,-1.3431
2026-09-04,15:29,ABSLAMC,2.7867
2026-09-04,15:29,ACCELYA,-0.0707
2026-09-04,15:29,ACI,2.919
2026-09-04,15:29,ACMESOLAR,5.5689
2026-09-04,15:29,ADANIGREEN,-0.1458
2026-09-04,15:29,ADANIPORTS,0.9341
2026-09-04,15:29,ADANIPOWER,0
2026-09-04,15:29,ADOR,9.3521
2026-09-04,15:29,ADVAIT,0.1676
2026-09-04,15:29,ADVENZYMES,-1.3459
2026-09-04,15:29,AEGISVOPAK,7.704
2026-09-04,15:29,AEROENTER,-1.274
2026-09-04,15:29,AEROFLEX,0.2051
2026-09-04,15:29,AFCONS,2.7188
2026-09-04,15:29,AFSL,0.5323
2026-09-04,15:29,AGARWALEYE,3.119
2026-09-04,15:29,AGI,-1.2424
2026-09-04,15:29,AGIIL,-1.4588
2026-09-04,15:29,AHLWEST,1.871
2026-09-04,15:29,AIAENG,-0.1015
2026-09-04,15:29,AJAXENGG,0.1634
2026-09-04,15:29,AJMERA,-0.0848
2026-09-04,15:29,AKCAPIT,1.1237
2026-09-04,15:29,AKUMS,-0.0457
2026-09-04,15:29,ALEMBICLTD,12.8774
2026-09-04,15:29,ALGOQUANT,-0.7387
2026-09-04,15:29,ALICON,-1.0771
2026-09-04,15:29,ALIVUS,0.4042
2026-09-04,15:29,ALLDIGI,-1.147
2026-09-04,15:29,ALLTIME,-0.0485
2026-09-04,15:29,AMANTA,1.5704
2026-09-04,15:29,AMBER,0.1072
2026-09-04,15:29,AMBIKCO,-0.0061
2026-09-04,15:29,ANANDRATHI,1.6748
2026-09-04,15:29,ANANTRAJ,3.15
2026-09-04,15:29,ANDHRAPAP,6.5994
2026-09-04,15:29,ANDHRSUGAR,0.4949
2026-09-04,15:29,ANGELONE,0.3179
2026-09-04,15:29,ANTELOPUS,20.8446
2026-09-04,15:29,ANTHEM,1.1917
2026-09-04,15:29,ANUHPHR,2.6322
2026-09-04,15:29,ANUP,-0.0224
2026-09-04,15:29,APARINDS,2.0981
2026-09-04,15:29,APCOTEXIND,3.9673
2026-09-04,15:29,APLAPOLLO,4.2149
2026-09-04,15:29,APOLLO,0.232
2026-09-04,15:29,APOLLOHOSP,-1.3289
2026-09-04,15:29,APTUS,0.1354
2026-09-04,15:29,ARDEE,-0.4649
2026-09-04,15:29,ARFIN,3.5981
2026-09-04,15:29,ARIES,-0.7147
2026-09-04,15:29,ARIHANTCAP,-0.2753
2026-09-04,15:29,ARMANFIN,4.6264
2026-09-04,15:29,ARROWGREEN,17.4663
2026-09-04,15:29,ARTEMISMED,2.8748
2026-09-04,15:29,ARVIND,2.0297
2026-09-04,15:29,ARVINDFASN,0.6764
2026-09-04,15:29,ASAHIINDIA,0.4994
2026-09-04,15:29,ASHOKA,1.2975
2026-09-04,15:29,ASIANENE,8.1287
2026-09-04,15:29,ASIANHOTNR,25.4483
2026-09-04,15:29,ASIANTILES,7.577
2026-09-04,15:29,ASKAUTOLTD,0.2998
2026-09-04,15:29,ASTERDM,3.1033
2026-09-04,15:29,ASTRAMICRO,1.7837
2026-09-04,15:29,ATHERENERG,5.9815
2026-09-04,15:29,ATLANTAELE,9.0777
2026-09-04,15:29,AURIONPRO,-1.5699
2026-09-04,15:29,AUROPHARMA,1.8546
2026-09-04,15:29,AVADHSUGAR,-0.5162
2026-09-04,15:29,AVALON,-1.3385
2026-09-04,15:29,AVANTEL,-1.2616
2026-09-04,15:29,AVL,2.4676
2026-09-04,15:29,AVTNPL,4.6809
2026-09-04,15:29,AXISBANK,1.4343
2026-09-04,15:29,AXISCADES,6.5289
2026-09-04,15:29,AYE,4.6193
2026-09-04,15:29,AYMSYNTEX,21.867
2026-09-04,15:29,BAFNAPH,5.4348
2026-09-04,15:29,BAJAJ-AUTO,1.6633
2026-09-04,15:29,BAJAJCON,11.6613
2026-09-04,15:29,BAJAJHCARE,-1.5316
2026-09-04,15:29,BAJAJHFL,-1.1776
2026-09-04,15:29,BAJAJHIND,0.3673
2026-09-04,15:29,BAJAJST,2.4704
2026-09-04,15:29,BALAMINES,3.6107
2026-09-04,15:29,BALMLAWRIE,0.713
2026-09-04,15:29,BALRAMCHIN,2.4097
2026-09-04,15:29,BANARISUG,-1.1591
2026-09-04,15:29,BANCOINDIA,-0.6928
2026-09-04,15:29,BANKBARODA,-1.4433
2026-09-04,15:29,BANKINDIA,-0.6509
2026-09-04,15:29,BASF,-1.2545
2026-09-04,15:29,BBTC,4.9502
2026-09-04,15:29,BEL,-0.3809
2026-09-04,15:29,BELRISE,3.1351
2026-09-04,15:29,BEML,6.1981
2026-09-04,15:29,BENGALASM,2.8003
2026-09-04,15:29,BEPL,-0.6623
2026-09-04,15:29,BFINVEST,4.8358
2026-09-04,15:29,BFUTILITIE,5.494
2026-09-04,15:29,BHAGERIA,37.6638
2026-09-04,15:29,BHEL,3.7545
2026-09-04,15:29,BIL,8.0195
2026-09-04,15:29,BIRLACABLE,40.6717
2026-09-04,15:29,BIRLACORPN,-0.888
2026-09-04,15:29,BIRLAMONEY,-1.389
2026-09-04,15:29,BLACKROSE,-1.4303
2026-09-04,15:29,BLIL,0.8762
2026-09-04,15:29,BLISSGVS,17.6161
2026-09-04,15:29,BLKASHYAP,7.5975
2026-09-04,15:29,BLS,0.4332
2026-09-04,15:29,BLSE,0.1095
2026-09-04,15:29,BLUEDART,-0.3056
2026-09-04,15:29,BLUESTARCO,-0.0673
2026-09-04,15:29,BLUESTONE,5.6144
2026-09-04,15:29,BLUSPRING,8.4524
2026-09-04,15:29,BODALCHEM,72.9495
2026-09-04,15:29,BOMDYEING,2.023
2026-09-04,15:29,BOROLTD,1.4137
2026-09-04,15:29,BOROSCI,4.0057
2026-09-04,15:29,BOSCH-HCIL,6.637
2026-09-04,15:29,BPCL,-0.7233
2026-09-04,15:29,BRIGADE,6.2586
2026-09-04,15:29,BRIGHOTEL,-1.4486
2026-09-04,15:29,BSE,2.5319
2026-09-04,15:29,BSHSL,1.7802
2026-09-04,15:29,BSOFT,-1.4308
2026-09-04,15:29,BUILDPRO,2.7951
2026-09-04,15:29,CAMPUS,-0.8571
2026-09-04,15:29,CAMS,0.3753
2026-09-04,15:29,CANFINHOME,0.5793
2026-09-04,15:29,CANHLIFE,2.177
2026-09-04,15:29,CANTABIL,-1.3996
2026-09-04,15:29,CAPITALSFB,-0.5839
2026-09-04,15:29,CAPLIPOINT,11.7037
2026-09-04,15:29,CARBORUNIV,2.252
2026-09-04,15:29,CARERATING,4.6478
2026-09-04,15:29,CARYSIL,0.0965
2026-09-04,15:29,CASTROLIND,1.8849
2026-09-04,15:29,CCL,1.0044
2026-09-04,15:29,CEIGALL,5.313
2026-09-04,15:29,CEMPRO,0.8003
2026-09-04,15:29,CENTENKA,9.2099
2026-09-04,15:29,CENTRALBK,0.8109
2026-09-04,15:29,CENTUM,12.9795
2026-09-04,15:29,CENTURYPLY,0.7267
2026-09-04,15:29,CERA,1.2332
2026-09-04,15:29,CGCL,9.1867
2026-09-04,15:29,CGPOWER,2.9998
2026-09-04,15:29,CHEMCON,-1.3771
2026-09-04,15:29,CHENNPETRO,5.6145
2026-09-04,15:29,CHEVIOT,0.4679
2026-09-04,15:29,CHOLAFIN,-1.5577
2026-09-04,15:29,CIPLA,-1.2618
2026-09-04,15:29,CLEAN,0.8078
2026-09-04,15:29,CLEANMAX,14.0066
2026-09-04,15:29,CMLL,-1.169
2026-09-04,15:29,CMPDI,5.2332
2026-09-04,15:29,CMRGREEN,4.6423
2026-09-04,15:29,CMSINFO,-1.0928
2026-09-04,15:29,COALINDIA,2.9368
2026-09-04,15:29,COCKERILL,2.1061
2026-09-04,15:29,COFFEEDAY,10.3425
2026-09-04,15:29,COFORGE,4.9362
2026-09-04,15:29,COHANCE,-1.2436
2026-09-04,15:29,COMSYN,4.3572
2026-09-04,15:29,CONFIPET,3.5011
2026-09-04,15:29,CONSOFINVT,6.0511
2026-09-04,15:29,CONTROLPR,-1.3221
2026-09-04,15:29,COROMANDEL,-0.5591
2026-09-04,15:29,CORONA,-0.1426
2026-09-04,15:29,COSMOFIRST,-0.4814
2026-09-04,15:29,CPPLUS,4.9373
2026-09-04,15:29,CRAFTSMAN,8.1507
2026-09-04,15:29,CREDITACC,0.2014
2026-09-04,15:29,CRISIL,6.3943
2026-09-04,15:29,CSLFINANCE,9.5891
2026-09-04,15:29,CUB,4.0608
2026-09-04,15:29,CUPID,-0.2958
2026-09-04,15:29,CYIENT,5.1637
2026-09-04,15:29,CYIENTDLM,7.4007
2026-09-04,15:29,DCAL,-0.5078
2026-09-04,15:29,DCBBANK,3.2315
2026-09-04,15:29,DDEVPLSTIK,-1.1765
2026-09-04,15:29,DECCANCE,-1.2822
2026-09-04,15:29,DEEDEV,3.3359
2026-09-04,15:29,DEEPINDS,18.3254
2026-09-04,15:29,DELHIVERY,1.9822
2026-09-04,15:29,DEN,1.0477
2026-09-04,15:29,DHANUKA,2.5832
2026-09-04,15:29,DHARMAJ,0.1855
2026-09-04,15:29,DIAMONDYD,-0.771
2026-09-04,15:29,DICIND,2.766
2026-09-04,15:29,DIFFNKG,22.1451
2026-09-04,15:29,DISAQ,0.1336
2026-09-04,15:29,DIVGIITTS,5.094
2026-09-04,15:29,DIVISLAB,0.831
2026-09-04,15:29,DLF,1.3978
2026-09-04,15:29,DLINKINDIA,1.6562
2026-09-04,15:29,DMART,-1.4868
2026-09-04,15:29,DMCC,2.6058
2026-09-04,15:29,DOLPHIN,9.8973
2026-09-04,15:29,DOMS,0.2132
2026-09-04,15:29,DRAGARWQ,3.3645
2026-09-04,15:29,DVL,-1.491
2026-09-04,15:29,DYCL,6.3195
2026-09-04,15:29,DYNAMATECH,1.2511
2026-09-04,15:29,EBGNG,4.1667
2026-09-04,15:29,ECOSMOBLTY,1.7201
2026-09-04,15:29,EDELWEISS,6.7545
2026-09-04,15:29,EIEL,-0.7574
2026-09-04,15:29,EIHAHOTELS,-1.4241
2026-09-04,15:29,EIMCOELECO,2.2125
2026-09-04,15:29,ELANTAS,5.6733
2026-09-04,15:29,ELCIDIN,-1.2936
2026-09-04,15:29,ELDEHSG,-1.307
2026-09-04,15:29,ELECON,1.9868
2026-09-04,15:29,ELECTCAST,7.8042
2026-09-04,15:29,ELGIEQUIP,3.9754
2026-09-04,15:29,ELPROINTL,-0.3436
2026-09-04,15:29,EMCURE,3.5064
2026-09-04,15:29,EMKAY,11.7079
2026-09-04,15:29,EMSLIMITED,1.9428
2026-09-04,15:29,ENGINERSIN,11.6193
2026-09-04,15:29,ENTERO,10.8981
2026-09-04,15:29,EPACKPEB,-0.448
2026-09-04,15:29,ERIS,0.8392
2026-09-04,15:29,ESABINDIA,-1.5496
2026-09-04,15:29,ESTER,0.2786
2026-09-04,15:29,ETERNAL,-1.2997
2026-09-04,15:29,EUREKAFORB,-0.3996
2026-09-04,15:29,EUROPRATIK,1.4618
2026-09-04,15:29,EVERESTIND,-1.1888
2026-09-04,15:29,EXCELINDUS,-0.8031
2026-09-04,15:29,EXCELSOFT,-0.383
2026-09-04,15:29,EXICOM,14.5867
2026-09-04,15:29,EXPLEOSOL,2.1649
2026-09-04,15:29,FABTECH,2.1838
2026-09-04,15:29,FAIRCHEMOR,-0.8634
2026-09-04,15:29,FAZE3Q,1.0743
2026-09-04,15:29,FCL,1.8387
2026-09-04,15:29,FDC,-1.2815
2026-09-04,15:29,FEDDERSHOL,11.2471
2026-09-04,15:29,FEDERALBNK,-0.6661
2026-09-04,15:29,FEDFINA,0.8804
2026-09-04,15:29,FIEMIND,-1.1469
2026-09-04,15:29,FILATEX,3.3648
2026-09-04,15:29,FINEORG,0.251
2026-09-04,15:29,FISCHER,-0.0277
2026-09-04,15:29,FIVESTAR,1.5532
2026-09-04,15:29,FORCEMOT,0.2865
2026-09-04,15:29,FORTIS,-0.9684
2026-09-04,15:29,FOSECOIND,3.0522
2026-09-04,15:29,FRACTAL,-0.4942
2026-09-04,15:29,FRONTSP,2.695
2026-09-04,15:29,FUSION,-0.9988
2026-09-04,15:29,GABRIEL,0.7895
2026-09-04,15:29,GAIL,-0.6247
2026-09-04,15:29,GALAPREC,-1.5952
2026-09-04,15:29,GANDHAR,4.7809
2026-09-04,15:29,GANDHITUBE,-0.1497
2026-09-04,15:29,GANESHBE,0.7852
2026-09-04,15:29,GANESHCP,5.0521
2026-09-04,15:29,GARFIBRES,0.9839
2026-09-04,15:29,GATEWAY,2.3582
2026-09-04,15:29,GAUDIUMIVF,-0.4872
2026-09-04,15:29,GAYAPROJ,-1.3599
2026-09-04,15:29,GCSL,10.6227
2026-09-04,15:29,GEECEE,0.041
2026-09-04,15:29,GENUSPOWER,-0.9675
2026-09-04,15:29,GEOJITFSL,2.3003
2026-09-04,15:29,GESHIP,2.8149
2026-09-04,15:29,GFLLIMITED,12.5829
2026-09-04,15:29,GHCL,-0.2855
2026-09-04,15:29,GHCLTEXTIL,7.9084
2026-09-04,15:29,GICHSGFIN,-0.9171
2026-09-04,15:29,GICRE,2.4875
2026-09-04,15:29,GILLETTE,-1.2291
2026-09-04,15:29,GIPCL,1.8415
2026-09-04,15:29,GKSL,13.437
2026-09-04,15:29,GLAND,1.0058
2026-09-04,15:29,GLENMARK,-0.0451
2026-09-04,15:29,GLOBAL,8.4549
2026-09-04,15:29,GLOBUSSPR,-0.1256
2026-09-04,15:29,GLOSTERLTD,0.1932
2026-09-04,15:29,GMBREW,2.9721
2026-09-04,15:29,GMMPFAUDLR,12.8268
2026-09-04,15:29,GMRAIRPORT,-1.4163
2026-09-04,15:29,GMRP&UI,0.2525
2026-09-04,15:29,GNA,0.9619
2026-09-04,15:29,GNFC,2.1309
2026-09-04,15:29,GNRL,-0.4613
2026-09-04,15:29,GOCLCORP,7.5617
2026-09-04,15:29,GODAVARIB,-0.5963
2026-09-04,15:29,GODIGIT,-0.3088
2026-09-04,15:29,GODREJAGRO,3.0523
2026-09-04,15:29,GODREJIND,2.2408
2026-09-04,15:29,GOKEX,0.2668
2026-09-04,15:29,GOODLUCK,7.2092
2026-09-04,15:29,GPTHEALTH,4.025
2026-09-04,15:29,GPTINFRA,-1.4765
2026-09-04,15:29,GRANULES,2.4269
2026-09-04,15:29,GRAPHITE,6.4577
2026-09-04,15:29,GRASIM,0.6697
2026-09-04,15:29,GRAUWEIL,6.2622
2026-09-04,15:29,GREAVESCOT,-0.0307
2026-09-04,15:29,GREENPANEL,0.2152
2026-09-04,15:29,GREENPLY,4.3136
2026-09-04,15:29,GRMOVER,-1.4746
2026-09-04,15:29,GROWW,-1.1415
2026-09-04,15:29,GRPLTD,2.2087
2026-09-04,15:29,GRWRHITECH,-0.4076
2026-09-04,15:29,GSFC,1.7555
2026-09-04,15:29,GTPL,7.6514
2026-09-04,15:29,GUFICBIO,8.924
2026-09-04,15:29,GUJALKALI,0.2431
2026-09-04,15:29,GUJENERGY,3.796
2026-09-04,15:29,GVPIL,0.9323
2026-09-04,15:29,GVT&D,-0.7765
2026-09-04,15:29,GYFTR,8.532
2026-09-04,15:29,HAL,-0.1953
2026-09-04,15:29,HALDYNGL,11.4381
2026-09-04,15:29,HAPPYFORGE,1.1751
2026-09-04,15:29,HARIOMPIPE,3.6503
2026-09-04,15:29,HARSHA,5.9708
2026-09-04,15:29,HATSUN,7.5698
2026-09-04,15:29,HAWKINCOOK,2.5496
2026-09-04,15:29,HBLENGINE,1.7327
2026-09-04,15:29,HCG,-0.8426
2026-09-04,15:29,HCLTECH,-0.3928
2026-09-04,15:29,HDBFS,-0.6982
2026-09-04,15:29,HDFCLIFE,-1.1935
2026-09-04,15:29,HEALTHX,0.7042
2026-09-04,15:29,HEG,2.0601
2026-09-04,15:29,HEIDELBERG,-1.0441
2026-09-04,15:29,HERANBA,-0.1321
2026-09-04,15:29,HERITGFOOD,-0.2478
2026-09-04,15:29,HESTERBIO,2.1662
2026-09-04,15:29,HEXATRADEX,-0.5363
2026-09-04,15:29,HGS,-0.6717
2026-09-04,15:29,HIKAL,7.0655
2026-09-04,15:29,HIMATSEIDE,-1.5963
2026-09-04,15:29,HINDOILEXP,17.0071
2026-09-04,15:29,HITECHCORP,0
2026-09-04,15:29,HITECHGEAR,4.8336
2026-09-04,15:29,HLEGLAS,6.4444
2026-09-04,15:29,HMAAGRO,-0.5725
2026-09-04,15:29,HMT,-0.4464
2026-09-04,15:29,HOMEFIRST,2.2303
2026-09-04,15:29,HONASA,-0.9359
2026-09-04,15:29,HSCL,1.0846
2026-09-04,15:29,HUBTOWN,0.4032
2026-09-04,15:29,ICEMAKE,0.6267
2026-09-04,15:29,ICICIBANK,-0.4755
2026-09-04,15:29,ICIL,5.6861
2026-09-04,15:29,ICRA,-0.4748
2026-09-04,15:29,IDFCFIRSTB,2.737
2026-09-04,15:29,IFCI,18.6564
2026-09-04,15:29,IGARASHI,-0.8792
2026-09-04,15:29,IGL,6.2668
2026-09-04,15:29,IGPL,8.3135
2026-09-04,15:29,IIFL,-0.4434
2026-09-04,15:29,IIFLCAPS,1.4269
2026-09-04,15:29,IKIO,10.5477
2026-09-04,15:29,IKS,1.0624
2026-09-04,15:29,IMAGICAA,10.3627
2026-09-04,15:29,IMPAL,2.9749
2026-09-04,15:29,INDGN,5.5819
2026-09-04,15:29,INDHOTEL,-0.1387
2026-09-04,15:29,INDIAMART,-1.4556
2026-09-04,15:29,INDIANB,-1.0461
2026-09-04,15:29,INDIANHUME,-1.2729
2026-09-04,15:29,INDIASHLTR,2.7466
2026-09-04,15:29,INDIGOPNTS,-0.0253
2026-09-04,15:29,INDIQUBE,1.344
2026-09-04,15:29,INDNIPPON,8.639
2026-09-04,15:29,INDOAMIN,3.9531
2026-09-04,15:29,INDOBORAX,1.8193
2026-09-04,15:29,INDOCO,9.8644
2026-09-04,15:29,INDOMIM,8.4566
2026-09-04,15:29,INDORAMA,19.1767
2026-09-04,15:29,INDOSTAR,-0.3237
2026-09-04,15:29,INDPRUD,1.3584
2026-09-04,15:29,INDUSINDBK,0.4482
2026-09-04,15:29,INDUSTOWER,-0.2383
2026-09-04,15:29,INFOBEAN,4.2047
2026-09-04,15:29,INFY,0.8929
2026-09-04,15:29,INGERRAND,5.8557
2026-09-04,15:29,INNOVACAP,13.9782
2026-09-04,15:29,INNOVISION,0.0392
2026-09-04,15:29,INOXGREEN,0.3553
2026-09-04,15:29,INOXINDIA,16.6658
2026-09-04,15:29,INOXWIND,1.6394
2026-09-04,15:29,INSECTICID,6.7213
2026-09-04,15:29,INTELLECT,0.3874
2026-09-04,15:29,INTERARCH,0.9343
2026-09-04,15:29,INTLCONV,5.8133
2026-09-04,15:29,INVPRECQ,-0.8872
2026-09-04,15:29,IOB,1.3595
2026-09-04,15:29,IOC,-1.3479
2026-09-04,15:29,IOLCP,7.4942
2026-09-04,15:29,IONEXCHANG,10.2816
2026-09-04,15:29,IPCALAB,0.6607
2026-09-04,15:29,IPL,-1.5163
2026-09-04,15:29,IRIS,11.9145
2026-09-04,15:29,IRISDOREME,9.9049
2026-09-04,15:29,ISGEC,2.3463
2026-09-04,15:29,IXIGO,-0.8974
2026-09-04,15:29,IZMO,5.3218
2026-09-04,15:29,J&KBANK,-1.3286
2026-09-04,15:29,JAGRAN,-1.231
2026-09-04,15:29,JAGSNPHARM,-0.0578
2026-09-04,15:29,JAIBALAJI,1.6769
2026-09-04,15:29,JAMNAAUTO,-0.2232
2026-09-04,15:29,JAYAGROGN,3.2923
2026-09-04,15:29,JAYBARMARU,-1.2596
2026-09-04,15:29,JGCHEM,0.0334
2026-09-04,15:29,JINDALPOLY,4.8254
2026-09-04,15:29,JINDALSAW,0.9423
2026-09-04,15:29,JINDALSTEL,-0.8848
2026-09-04,15:29,JINDRILL,4.8383
2026-09-04,15:29,JINDWORLD,65.0689
2026-09-04,15:29,JIOFIN,-0.6224
2026-09-04,15:29,JISLJALEQS,2.6605
2026-09-04,15:29,JKPAPER,2.3326
2026-09-04,15:29,JMFINANCIL,-0.5872
2026-09-04,15:29,JNPR,-0.875
2026-09-04,15:29,JPOLYINVST,0.5291
2026-09-04,15:29,JSL,3.4925
2026-09-04,15:29,JSLL,0.3986
2026-09-04,15:29,JSWCEMENT,-0.7202
2026-09-04,15:29,JSWDULUX,2.2054
2026-09-04,15:29,JSWENERGY,-0.6716
2026-09-04,15:29,JSWSTEEL,-1.1931
2026-09-04,15:29,JTLIND,13.1589
2026-09-04,15:29,JUBLCPL,3.7774
2026-09-04,15:29,JUBLPHARMA,4.1807
2026-09-04,15:29,JUNIPER,2.2543
2026-09-04,15:29,JUSTDIAL,6.9791
2026-09-04,15:29,JWL,-1.4624
2026-09-04,15:29,JYOTICNC,-0.869
2026-09-04,15:29,KAJARIACER,2.4886
2026-09-04,15:29,KALAMANDIR,-1.492
2026-09-04,15:29,KALPATARU,0.2347
2026-09-04,15:29,KAMAHOLD,-1.5636
2026-09-04,15:29,KAMATHOTEL,-0.6914
2026-09-04,15:29,KAMDHENU,9.4866
2026-09-04,15:29,KANORICHEM,-0.7718
2026-09-04,15:29,KAPSTON,15.5962
2026-09-04,15:29,KARURVYSYA,-1.5521
2026-09-04,15:29,KDDL,-0.7637
2026-09-04,15:29,KENNAMET,8.3921
2026-09-04,15:29,KICL,-1.0931
2026-09-04,15:29,KILITCH,5.6519
2026-09-04,15:29,KIMS,1.0581
2026-09-04,15:29,KIRANVYPAR,1.6881
2026-09-04,15:29,KIRIINDUS,8.3107
2026-09-04,15:29,KIRLFER,2.5206
2026-09-04,15:29,KIRLOSENG,8.1165
2026-09-04,15:29,KIRLOSIND,-1.1261
2026-09-04,15:29,KIRLPNU,4.3714
2026-09-04,15:29,KISSHT,0.8971
2026-09-04,15:29,KITEX,1.6167
2026-09-04,15:29,KKCL,-0.0971
2026-09-04,15:29,KLBRENG-B,18.473
2026-09-04,15:29,KMEW,9.2015
2026-09-04,15:29,KNRCON,1.0047
2026-09-04,15:29,KOKUYOCMLN,0.8507
2026-09-04,15:29,KOPRAN,19.5271
2026-09-04,15:29,KOTAKBANK,1.8718
2026-09-04,15:29,KOVAI,-0.9719
2026-09-04,15:29,KPEL,-1.2103
2026-09-04,15:29,KPIL,1.0997
2026-09-04,15:29,KPL,-1.2207
2026-09-04,15:29,KPRMILL,4.4278
2026-09-04,15:29,KRISHNADEF,-1.2379
2026-09-04,15:29,KRN,4.4183
2026-09-04,15:29,KRSNAA,-0.9813
2026-09-04,15:29,KRYSTAL,0.3295
2026-09-04,15:29,KSB,2.147
2026-09-04,15:29,KSHINTL,14.7166
2026-09-04,15:29,KSL,2.3061
2026-09-04,15:29,KSOLVES,-0.4938
2026-09-04,15:29,KTKBANK,0.7107
2026-09-04,15:29,KUANTUM,2.5294
2026-09-04,15:29,KUSUMGAR,-1.5851
2026-09-04,15:29,LANDMARK,-1.172
2026-09-04,15:29,LAOPALA,2.1919
2026-09-04,15:29,LAXMIDENTL,1.4933
2026-09-04,15:29,LAXMIINDIA,4.6319
2026-09-04,15:29,LENSKART,5.8333
2026-09-04,15:29,LGBBROSLTD,0.823
2026-09-04,15:29,LGHL,-0.3861
2026-09-04,15:29,LICHSGFIN,7.1796
2026-09-04,15:29,LICI,0.012
2026-09-04,15:29,LINCOLN,1.3468
2026-09-04,15:29,LLOYDSENT,-0.1748
2026-09-04,15:29,LLOYDSME,-1.2299
2026-09-04,15:29,LOKESHMACH,18.0126
2026-09-04,15:29,LOTUSDEV,4.4651
2026-09-04,15:29,LTFOODS,-1.4403
2026-09-04,15:29,LTM,2.1076
2026-09-04,15:29,LTTS,-1.4083
2026-09-04,15:29,LUMAXIND,0.3409
2026-09-04,15:29,LUMAXTECH,1.2501
2026-09-04,15:29,LXCHEM,-0.0987
2026-09-04,15:29,MAANALU,-0.9077
2026-09-04,15:29,MACPOWER,2.9342
2026-09-04,15:29,MAFATIND,1.3074
2026-09-04,15:29,MAHABANK,0.4089
2026-09-04,15:29,MAHASTEEL,3.8041
2026-09-04,15:29,MAHLOG,1.4897
2026-09-04,15:29,MAHSCOOTER,-0.4392
2026-09-04,15:29,MAHSEAMLES,8.0983
2026-09-04,15:29,MAITHANALL,8.4855
2026-09-04,15:29,MALLCOM,3.9194
2026-09-04,15:29,MAMATA,0.5852
2026-09-04,15:29,MANAKSTEEL,23.305
2026-09-04,15:29,MANALIPETC,16.8327
2026-09-04,15:29,MANGLMCEM,3.5454
2026-09-04,15:29,MANINDS,12.1533
2026-09-04,15:29,MANINFRA,8.9861
2026-09-04,15:29,MANORAMA,5.0872
2026-09-04,15:29,MANYAVAR,8.7084
2026-09-04,15:29,MARATHON,4.3986
2026-09-04,15:29,MARINE,15.0712
2026-09-04,15:29,MARKSANS,-1.2989
2026-09-04,15:29,MARSONS,11.3125
2026-09-04,15:29,MASFIN,-0.7569
2026-09-04,15:29,MASTEK,7.8078
2026-09-04,15:29,MASTERTR,4.9435
2026-09-04,15:29,MATRIMONY,2.7182
2026-09-04,15:29,MAWANASUG,3.0541
2026-09-04,15:29,MAXIND,-0.2119
2026-09-04,15:29,MAZDA,11.9821
2026-09-04,15:29,MBAPL,-0.5686
2026-09-04,15:29,MBEL,-1.1164
2026-09-04,15:29,MCCHRLS-B,0
2026-09-04,15:29,MEDANTA,0.7471
2026-09-04,15:29,MEDIASSIST,0.0882
2026-09-04,15:29,MEESHO,0.4132
2026-09-04,15:29,MENONBE,16.0959
2026-09-04,15:29,METROPOLIS,3.2264
2026-09-04,15:29,MIDHANI,-1.3311
2026-09-04,15:29,MILKYMIST,13.6509
2026-09-04,15:29,MINDACORP,-0.6643
2026-09-04,15:29,MINDTECK,-1.0492
2026-09-04,15:29,MMFL,0.2546
2026-09-04,15:29,MMP,0.861
2026-09-04,15:29,MMTC,0.2499
2026-09-04,15:29,MOBIKWIK,-1.4163
2026-09-04,15:29,MODISONLTD,14.1764
2026-09-04,15:29,MOL,7.7943
2026-09-04,15:29,MOLDTECH,5.2801
2026-09-04,15:29,MOLDTKPAC,-0.6258
2026-09-04,15:29,MONARCH,-0.4741
2026-09-04,15:29,MONTECARLO,5.5581
2026-09-04,15:29,MOREPENLAB,17.2819
2026-09-04,15:29,MOSCHIP,3.25
2026-09-04,15:29,MOTILALOFS,-0.2885
2026-09-04,15:29,MPHASIS,0.9167
2026-09-04,15:29,MRPL,0.7027
2026-09-04,15:29,MSPL,2.194
2026-09-04,15:29,MSTCLTD,-0.4475
2026-09-04,15:29,MTARTECH,1.1155
2026-09-04,15:29,MTNL,-0.8959
2026-09-04,15:29,MUFIN,0.5923
2026-09-04,15:29,MUKKA,21.8033
2026-09-04,15:29,MVELECTRO,30.2687
2026-09-04,15:29,MVGJL,15.9224
2026-09-04,15:29,NAHARINDUS,1.2581
2026-09-04,15:29,NAHARPOLY,-0.391
2026-09-04,15:29,NAHARSPING,-1.4621
2026-09-04,15:29,NAUKRI,-0.2796
2026-09-04,15:29,NAVA,-1.3646
2026-09-04,15:29,NAVINFLUOR,0.0526
2026-09-04,15:29,NAVNETEDUL,-1.4274
2026-09-04,15:29,NAZARA,3.4517
2026-09-04,15:29,NBIFIN,-0.407
2026-09-04,15:29,NCC,1.6984
2026-09-04,15:29,NDTV,-0.1076
2026-09-04,15:29,NELCAST,1.4306
2026-09-04,15:29,NEPHROPLUS,0.4902
2026-09-04,15:29,NESCO,2.8168
2026-09-04,15:29,NETWEB,-1.4966
2026-09-04,15:29,NEWGEN,0.0858
2026-09-04,15:29,NGLFINE,1.0496
2026-09-04,15:29,NH,-1.2854
2026-09-04,15:29,NHPC,0.0131
2026-09-04,15:29,NIACL,22.8874
2026-09-04,15:29,NILKAMAL,0.9395
2026-09-04,15:29,NINSYS,-0.0911
2026-09-04,15:29,NITCO,-0.5896
2026-09-04,15:29,NITINSPIN,1.9218
2026-09-04,15:29,NITTAGELA,4.1268
2026-09-04,15:29,NLCINDIA,0.608
2026-09-04,15:29,NOCIL,4.4458
2026-09-04,15:29,NORTHARC,2.9472
2026-09-04,15:29,NOVARTIND,10.5094
2026-09-04,15:29,NPST,3.5297
2026-09-04,15:29,NRAIL,14.6672
2026-09-04,15:29,NRL,2.7276
2026-09-04,15:29,NSIL,-1.072
2026-09-04,15:29,NSLNISP,11.0521
2026-09-04,15:29,NTPC,-0.6276
2026-09-04,15:29,NUCLEUS,-1.4795
2026-09-04,15:29,NUVAMA,2.0401
2026-09-04,15:29,NUVOCO,8.4707
2026-09-04,15:29,OAL,29.5701
2026-09-04,15:29,OBEROIRLTY,0.2995
2026-09-04,15:29,OCCLLTD,1.7504
2026-09-04,15:29,OFSS,2.1864
2026-09-04,15:29,OIL,4.0818
2026-09-04,15:29,OLAELEC,0.5263
2026-09-04,15:29,OMAXE,24.696
2026-09-04,15:29,OMINFRAL,2.838
2026-09-04,15:29,OMPOWER,1.6431
2026-09-04,15:29,ONEPOINT,2.7022
2026-09-04,15:29,ONESOURCE,3.6533
2026-09-04,15:29,ONGC,1.0508
2026-09-04,15:29,ONWARDTEC,0.3352
2026-09-04,15:29,ORBTEXP,0.8523
2026-09-04,15:29,ORIENTBELL,11.0788
2026-09-04,15:29,ORIENTHOT,-0.6955
2026-09-04,15:29,ORKLAINDIA,2.475
2026-09-04,15:29,PAGEIND,3.257
2026-09-04,15:29,PAISALO,8.9065
2026-09-04,15:29,PANACHE,-1.0274
2026-09-04,15:29,PANAMAPET,3.1543
2026-09-04,15:29,PARACABLES,9.0379
2026-09-04,15:29,PARAGMILK,1.9733
2026-09-04,15:29,PARKHOSPS,-1.0201
2026-09-04,15:29,PARKHOTELS,-1.2848
2026-09-04,15:29,PASUPTAC,8.886
2026-09-04,15:29,PATANJALI,-1.6229
2026-09-04,15:29,PAUSHAKLTD,4.6566
2026-09-04,15:29,PDMJEPAPER,3.9358
2026-09-04,15:29,PENIND,8.345
2026-09-04,15:29,PERSISTENT,0.9391
2026-09-04,15:29,PETRONET,-0.3114
2026-09-04,15:29,PFOCUS,1.4708
2026-09-04,15:29,PGIL,-0.4935
2026-09-04,15:29,PHOENIXLTD,0.9303
2026-09-04,15:29,PIDILITIND,-1.2424
2026-09-04,15:29,PINELABS,-0.3056
2026-09-04,15:29,PIXTRANS,-1.0165
2026-09-04,15:29,PLATIND,6.0602
2026-09-04,15:29,PNB,0.2571
2026-09-04,15:29,PNBGILTS,4.6348
2026-09-04,15:29,PNBHOUSING,-1.6034
2026-09-04,15:29,PNGJL,2.2411
2026-09-04,15:29,POLICYBZR,-0.2174
2026-09-04,15:29,POLYMED,-0.5084
2026-09-04,15:29,POLYPLEX,1.3272
2026-09-04,15:29,POONAWALLA,-0.8886
2026-09-04,15:29,POWERGRID,0.3017
2026-09-04,15:29,POWERICA,-1.3064
2026-09-04,15:29,PPL,-1.0013
2026-09-04,15:29,PPLPHARMA,1.3867
2026-09-04,15:29,PRABHA,10.2505
2026-09-04,15:29,PRAVEG,1.4871
2026-09-04,15:29,PRECOT,0.3739
2026-09-04,15:29,PRECWIRE,9.3811
2026-09-04,15:29,PREMEXPLN,-1.0727
2026-09-04,15:29,PREMIERENE,-0.2985
2026-09-04,15:29,PREMIERPOL,5.0336
2026-09-04,15:29,PRIMESECU,0.2467
2026-09-04,15:29,PRIMO,-0.047
2026-09-04,15:29,PROSTARM,-0.8463
2026-09-04,15:29,PROZONER,14.3645
2026-09-04,15:29,PRSMJOHNSN,-1.0419
2026-09-04,15:29,PRUDENT,0.0747
2026-09-04,15:29,PSB,-1.1489
2026-09-04,15:29,PTC,-0.6295
2026-09-04,15:29,PTCIL,13.9156
2026-09-04,15:29,PTL,0.1292
2026-09-04,15:29,PURVA,5.4142
2026-09-04,15:29,PVP,20.2904
2026-09-04,15:29,PWL,0.2299
2026-09-04,15:29,QPOWER,15.1826
2026-09-04,15:29,QUADFUTURE,1.4443
2026-09-04,15:29,QUICKHEAL,0.5637
2026-09-04,15:29,RACLGEAR,4.419
2026-09-04,15:29,RADHIKAJWE,17.8906
2026-09-04,15:29,RAIN,10.1849
2026-09-04,15:29,RAINBOW,0.0346
2026-09-04,15:29,RAJESHEXPO,8.2964
2026-09-04,15:29,RAJOOENG,4.4543
2026-09-04,15:29,RAJRATAN,0.5245
2026-09-04,15:29,RAMBHAJO,5.0804
2026-09-04,15:29,RAMCOSYS,10.5044
2026-09-04,15:29,RAMRAT,7.0556
2026-09-04,15:29,RANEHOLDIN,4.3943
2026-09-04,15:29,RATNAMANI,3.2329
2026-09-04,15:29,RATNAVEER,9.1238
2026-09-04,15:29,RAYMOND,19.2899
2026-09-04,15:29,RBLBANK,8.3268
2026-09-04,15:29,RBZJEWEL,34.3936
2026-09-04,15:29,RECLTD,-1.0863
2026-09-04,15:29,REDINGTON,4.8278
2026-09-04,15:29,RELIANCE,1.849
2026-09-04,15:29,RELIGARE,12.8286
2026-09-04,15:29,RELTD,2.9802
2026-09-04,15:29,RENUKA,0.4177
2026-09-04,15:29,REPCOHOME,-0.9798
2026-09-04,15:29,RESPONIND,2.1027
2026-09-04,15:29,RHETAN,15.8614
2026-09-04,15:29,RHIM,0.2024
2026-09-04,15:29,RICOAUTO,-0.2294
2026-09-04,15:29,RIIL,-1.5148
2026-09-04,15:29,RISHABH,7.3797
2026-09-04,15:29,RITES,-1.0137
2026-09-04,15:29,RMDRIP,9.0862
2026-09-04,15:29,RML,13.2681
2026-09-04,15:29,ROSSTECH,4.5957
2026-09-04,15:29,ROTO,-0.7327
2026-09-04,15:29,RPEL,4.0594
2026-09-04,15:29,RPGLIFE,4.9717
2026-09-04,15:29,RPTECH,5.7385
2026-09-04,15:29,RSL,8.9501
2026-09-04,15:29,RSWM,11.4518
2026-09-04,15:29,RSYSTEMS,6.6722
2026-09-04,15:29,RUBYMILLS,8.8437
2026-09-04,15:29,RUSTOMJEE,-1.3585
2026-09-04,15:29,SAATVIKGL,0.1298
2026-09-04,15:29,SAFARI,2.961
2026-09-04,15:29,SAGILITY,6.4091
2026-09-04,15:29,SAIL,0.9749
2026-09-04,15:29,SAILIFE,8.4394
2026-09-04,15:29,SAKAR,12.4806
2026-09-04,15:29,SALSTEEL,13.5818
2026-09-04,15:29,SALZERELEC,-1.2219
2026-09-04,15:29,SAMBHV,0.179
2026-09-04,15:29,SAMMAANCAP,5.9819
2026-09-04,15:29,SANATHAN,-1.2768
2026-09-04,15:29,SANDESH,1.8504
2026-09-04,15:29,SANGAMIND,1.3749
2026-09-04,15:29,SANOFI,-1.0341
2026-09-04,15:29,SANOFICONR,1.0388
2026-09-04,15:29,SANSERA,-1.4075
2026-09-04,15:29,SANSTAR,1.0531
2026-09-04,15:29,SARDAEN,-1.1373
2026-09-04,15:29,SAREGAMA,-0.9647
2026-09-04,15:29,SARLAPOLY,-0.2985
2026-09-04,15:29,SASKEN,0.9823
2026-09-04,15:29,SATIA,7.9571
2026-09-04,15:29,SAYAJIHOTL,-0.2343
2026-09-04,15:29,SBC,14.0294
2026-09-04,15:29,SBCL,6.4571
2026-09-04,15:29,SBFC,-1.048
2026-09-04,15:29,SBICARD,-0.2803
2026-09-04,15:29,SBIFUNDS,-0.2396
2026-09-04,15:29,SBILIFE,0.3846
2026-09-04,15:29,SCHAEFFLER,-1.3416
2026-09-04,15:29,SCHNEIDER,4.9387
2026-09-04,15:29,SCI,2.3744
2026-09-04,15:29,SCILAL,-0.9465
2026-09-04,15:29,SCODATUBES,4.7804
2026-09-04,15:29,SDBL,1.9003
2026-09-04,15:29,SEAMECLTD,8.172
2026-09-04,15:29,SEJALLTD,-1.4169
2026-09-04,15:29,SESHAPAPER,2.5608
2026-09-04,15:29,SETL,23.7742
2026-09-04,15:29,SFL,-0.1929
2026-09-04,15:29,SGIL,3.3589
2026-09-04,15:29,SHADOWFAX,5.4481
2026-09-04,15:29,SHAILY,1.2352
2026-09-04,15:29,SHALPAINTS,4.8069
2026-09-04,15:29,SHANTIGEAR,10.7302
2026-09-04,15:29,SHARDAMOTR,-1.0823
2026-09-04,15:29,SHAREINDIA,-0.3041
2026-09-04,15:29,SHILCTECH,2.9763
2026-09-04,15:29,SHILPAMED,12.0128
2026-09-04,15:29,SHINDL,-0.2028
2026-09-04,15:29,SHIPROCKET,2.5811
2026-09-04,15:29,SHIVALIK,11.2244
2026-09-04,15:29,SHIVAUM,0.81
2026-09-04,15:29,SHOPERSTOP,-1.101
2026-09-04,15:29,SHREDIGCEM,-1.1158
2026-09-04,15:29,SHREEJISPG,6.4398
2026-09-04,15:29,SHREEPUSHK,5.1089
2026-09-04,15:29,SHREERAMA,1.5654
2026-09-04,15:29,SHRINGARMS,-1.2999
2026-09-04,15:29,SHRIPISTON,-1.5857
2026-09-04,15:29,SHRIRAMPPS,-0.8254
2026-09-04,15:29,SHYAMMETL,2.3835
2026-09-04,15:29,SICALLOG,2.4044
2026-09-04,15:29,SIGACHI,3.2699
2026-09-04,15:29,SIGMAADV,4.8261
2026-09-04,15:29,SIGNATURE,2.96
2026-09-04,15:29,SILINV,-1.0233
2026-09-04,15:29,SIMPLEXINF,7.5932
2026-09-04,15:29,SINDHUTRAD,-0.079
2026-09-04,15:29,SIRCA,0.7339
2026-09-04,15:29,SIS,2.3391
2026-09-04,15:29,SJVN,-0.9415
2026-09-04,15:29,SKFINDUS,4.8066
2026-09-04,15:29,SKIPPER,8.0128
2026-09-04,15:29,SMARTWORKS,-0.0646
2026-09-04,15:29,SMCGLOBAL,2.5107
2026-09-04,15:29,SMLMAH,21.3467
2026-09-04,15:29,SMSPHARMA,9.7288
2026-09-04,15:29,SNOWMAN,-0.7541
2026-09-04,15:29,SOFTTECH,0.2369
2026-09-04,15:29,SOLARA,3.5396
2026-09-04,15:29,SOLARINDS,6.7075
2026-09-04,15:29,SOLARWORLD,0.0335
2026-09-04,15:29,SOMANYCERA,-0.197
2026-09-04,15:29,SONACOMS,-0.7547
2026-09-04,15:29,SOTL,6.5904
2026-09-04,15:29,SOUTHBANK,2.0941
2026-09-04,15:29,SOUTHWEST,0.5953
2026-09-04,15:29,SPAL,12.783
2026-09-04,15:29,SPARC,2.6291
2026-09-04,15:29,SPECTRUM,9.3343
2026-09-04,15:29,SPIC,1.4229
2026-09-04,15:29,SPLPETRO,8.8592
2026-09-04,15:29,SPORTKING,2.2254
2026-09-04,15:29,SREEL,2.1231
2026-09-04,15:29,SRF,-1.3937
2026-09-04,15:29,SRHHYPOLTD,12.7614
2026-09-04,15:29,SRM,-0.0324
2026-09-04,15:29,SSWL,24.604
2026-09-04,15:29,STANLEY,-1.1167
2026-09-04,15:29,STAR,7.8034
2026-09-04,15:29,STARCEMENT,-0.5074
2026-09-04,15:29,STERTOOLS,-1.5087
2026-09-04,15:29,STLNETWORK,13.2157
2026-09-04,15:29,STLTECH,12.9989
2026-09-04,15:29,STOVEKRAFT,1.9532
2026-09-04,15:29,STYRENIX,-1.0269
2026-09-04,15:29,SUDARCOLOR,-1.0324
2026-09-04,15:29,SUDARSCHEM,-0.9317
2026-09-04,15:29,SUDEEPPHRM,17.7309
2026-09-04,15:29,SULA,0.6621
2026-09-04,15:29,SUMMITSEC,0.0628
2026-09-04,15:29,SUNCLAY,2.8788
2026-09-04,15:29,SUNDARMFIN,2.4033
2026-09-04,15:29,SUNDROP,0.2649
2026-09-04,15:29,SUNPHARMA,-0.0263
2026-09-04,15:29,SUNTV,1.2362
2026-09-04,15:29,SUPRIYA,9.095
2026-09-04,15:29,SURYAROSNI,-1.4252
2026-09-04,15:29,SUTLEJTEX,5.4681
2026-09-04,15:29,SUVEN,1.5583
2026-09-04,15:29,SVLL,2.4614
2026-09-04,15:29,SWANDEF,4.6682
2026-09-04,15:29,SWARAJENG,0.248
2026-09-04,15:29,SYNCOMF,20.8456
2026-09-04,15:29,SYRMA,-1.1397
2026-09-04,15:29,SYSTMTXC,3.8448
2026-09-04,15:29,TAALTECH,0.0156
2026-09-04,15:29,TALBROAUTO,0.1597
2026-09-04,15:29,TANLA,-0.9315
2026-09-04,15:29,TARC,6.3123
2026-09-04,15:29,TARIL,-1.0033
2026-09-04,15:29,TASTYBITE,0.7113
2026-09-04,15:29,TATACAP,1.1871
2026-09-04,15:29,TATACOMM,6.4755
2026-09-04,15:29,TATAPOWER,1.0989
2026-09-04,15:29,TATASTEEL,0.4149
2026-09-04,15:29,TATATECH,0.8192
2026-09-04,15:29,TATVA,4.4883
2026-09-04,15:29,TBOTEK,-1.0313
2026-09-04,15:29,TBZ,57.2433
2026-09-04,15:29,TCIEXP,0.5547
2026-09-04,15:29,TCPLPACK,5.5402
2026-09-04,15:29,TCS,1.4978
2026-09-04,15:29,TDPOWERSYS,1.69
2026-09-04,15:29,TEAMLEASE,0.1441
2026-09-04,15:29,TECHM,1.6486
2026-09-04,15:29,TECHNOCRAF,6.5204
2026-09-04,15:29,TEJASNET,21.6018
2026-09-04,15:29,TEXINFRA,4.4402
2026-09-04,15:29,TEXRAIL,6.3738
2026-09-04,15:29,TFCILTD,1.61
2026-09-04,15:29,THEJO,3.9826
2026-09-04,15:29,THELEELA,0.2261
2026-09-04,15:29,THOMASCOOK,0.8491
2026-09-04,15:29,TIL,4.1516
2026-09-04,15:29,TIMETECHNO,1.7215
2026-09-04,15:29,TIMEX,6.4944
2026-09-04,15:29,TIMKEN,0.8584
2026-09-04,15:29,TINNARUBR,1.161
2026-09-04,15:29,TIPSMUSIC,-0.0769
2026-09-04,15:29,TIRUPATIFL,-0.8614
2026-09-04,15:29,TITAGARH,5.6276
2026-09-04,15:29,TITAN,-1.5686
2026-09-04,15:29,TMB,3.8826
2026-09-04,15:29,TMPV,-0.511
2026-09-04,15:29,TNPETRO,17.1537
2026-09-04,15:29,TNPL,10.7201
2026-09-04,15:29,TORNTPHARM,-0.6748
2026-09-04,15:29,TORNTPOWER,3.2343
2026-09-04,15:29,TRANSPEK,4.8492
2026-09-04,15:29,TRAVELFOOD,0.66
2026-09-04,15:29,TREL,3.9788
2026-09-04,15:29,TRIDENT,-1.1457
2026-09-04,15:29,TRITURBINE,0.5049
2026-09-04,15:29,TSFINV,-1.4489
2026-09-04,15:29,TTKHLTCARE,0.8802
2026-09-04,15:29,TTML,0.8821
2026-09-04,15:29,TVSHLTD,-1.2406
2026-09-04,15:29,TVSSCS,-1.3242
2026-09-04,15:29,TVSSRICHAK,-1.3988
2026-09-04,15:29,UDS,7.6372
2026-09-04,15:29,UEL,40.6778
2026-09-04,15:29,UFLEX,3.8665
2026-09-04,15:29,UGROCAP,-0.8041
2026-09-04,15:29,ULTRAMAR,1.0168
2026-09-04,15:29,UNICHEMLAB,3.7526
2026-09-04,15:29,UNIECOM,2.5995
2026-09-04,15:29,UNIMECH,0.1666
2026-09-04,15:29,UNIONBANK,-0.16
2026-09-04,15:29,UNIPARTS,8.416
2026-09-04,15:29,UNITEDPOLY,13.0529
2026-09-04,15:29,UNIVASTU,6.6185
2026-09-04,15:29,UNIVCABLES,-0.152
2026-09-04,15:29,UNIVPHOTO,8.9778
2026-09-04,15:29,UNOMINDA,-0.8175
2026-09-04,15:29,UPL,-1.2133
2026-09-04,15:29,URBANCO,8.0941
2026-09-04,15:29,USHAMART,3.6279
2026-09-04,15:29,V2RETAIL,-1.4969
2026-09-04,15:29,VADILALIND,3.1254
2026-09-04,15:29,VALIANTORG,7.8283
2026-09-04,15:29,VARROC,1.7484
2026-09-04,15:29,VELJAN,5.2546
2026-09-04,15:29,VENKEYS,3.9198
2026-09-04,15:29,VENTIVE,-1.0763
2026-09-04,15:29,VENUSPIPES,-0.3422
2026-09-04,15:29,VENUSREM,5.4453
2026-09-04,15:29,VERANDA,-0.2754
2026-09-04,15:29,VESUVIUS,-0.8867
2026-09-04,15:29,VGUARD,1.7443
2026-09-04,15:29,VHL,5.7599
2026-09-04,15:29,VHLTD,2.2666
2026-09-04,15:29,VIDHIING,1.9795
2026-09-04,15:29,VIDYAWIRES,3.6931
2026-09-04,15:29,VIJAYA,1.3851
2026-09-04,15:29,VIKRAN,2.6347
2026-09-04,15:29,VIMTALABS,1.2665
2026-09-04,15:29,VINATIORGA,-0.8173
2026-09-04,15:29,VINCOFE,3.9978
2026-09-04,15:29,VINDHYATEL,14.0193
2026-09-04,15:29,VIPIND,1.0132
2026-09-04,15:29,VISACHROME,2.7882
2026-09-04,15:29,VISAKAIND,2.0103
2026-09-04,15:29,VISHNU,9.7218
2026-09-04,15:29,VIVIANA,9.5501
2026-09-04,15:29,VIYASH,0.9301
2026-09-04,15:29,VLSFINANCE,0.4443
2026-09-04,15:29,VOLTAMP,4.0033
2026-09-04,15:29,VRLLOG,4
2026-09-04,15:29,VSSL,-0.9789
2026-09-04,15:29,VSTIND,-1.3273
2026-09-04,15:29,VTL,-0.7796
2026-09-04,15:29,WAAREEENER,0
2026-09-04,15:29,WAAREEINDO,-1.1448
2026-09-04,15:29,WAKEFIT,4.0008
2026-09-04,15:29,WELCORP,12.3076
2026-09-04,15:29,WELENT,17.428
2026-09-04,15:29,WELSPLSOL,8.8466
2026-09-04,15:29,WELSPUNLIV,9.3794
2026-09-04,15:29,WENDT,0.1411
2026-09-04,15:29,WHEELS,15.9909
2026-09-04,15:29,WHIRLPOOL,5.7341
2026-09-04,15:29,WINDLAS,15.1216
2026-09-04,15:29,WINDMACHIN,-1.585
2026-09-04,15:29,WIPRO,-0.5357
2026-09-04,15:29,WOCKPHARMA,10.9771
2026-09-04,15:29,WONDERLA,3.459
2026-09-04,15:29,WPIL,1.2661
2026-09-04,15:29,WSTCSTPAPR,6.9842
2026-09-04,15:29,XCHANGING,-0.1788
2026-09-04,15:29,XPROINDIA,12.6498
2026-09-04,15:29,XTRANET,46.5557
2026-09-04,15:29,YATHARTH,2.6727
2026-09-04,15:29,YATRA,0.5315
2026-09-04,15:29,YESBANK,0.5362
2026-09-04,15:29,YUKEN,7.6636
2026-09-04,15:29,ZFCVINDIA,-1.4101
2026-09-04,15:29,ZFSTEERING,-0.3136
2026-09-04,15:29,ZIMLAB,-0.712
2026-09-04,15:29,ZOTA,5.1342
2026-09-04,15:29,ZSARACOM,0.3641
2026-09-04,15:29,ZUARIIND,0.1994
2026-09-04,15:29,ZYDUSWELL,0.4724
2026-09-07,15:29,20MICRONS,3.8961
2026-09-07,15:29,3BBLACKBIO,12.6639
2026-09-07,15:29,63MOONS,17.0702
2026-09-07,15:29,AADHARHFC,2.8231
2026-09-07,15:29,AARTIDRUGS,1.2204
2026-09-07,15:29,AARTIPHARM,6.0418
2026-09-07,15:29,AAVAS,2.899
2026-09-07,15:29,ABB,-0.7477
2026-09-07,15:29,ABBOTINDIA,-1.556
2026-09-07,15:29,ABDL,-1.2346
2026-09-07,15:29,ABFRL,-0.8016
2026-09-07,15:29,ABLBL,0.3872
2026-09-07,15:29,ABREL,-1.1196
2026-09-07,15:29,ABSLAMC,-0.4396
2026-09-07,15:29,ACCELYA,-0.6873
2026-09-07,15:29,ACI,5.2485
2026-09-07,15:29,ACMESOLAR,6.9506
2026-09-07,15:29,ADANIPORTS,-1.1494
2026-09-07,15:29,ADOR,6.6282
2026-09-07,15:29,ADVAIT,-0.8654
2026-09-07,15:29,ADVENZYMES,0.084
2026-09-07,15:29,AEGISVOPAK,8.2922
2026-09-07,15:29,AEROENTER,8.4607
2026-09-07,15:29,AEROFLEX,6.9048
2026-09-07,15:29,AFCONS,2.8592
2026-09-07,15:29,AFSL,0.3663
2026-09-07,15:29,AGARWALEYE,4.3491
2026-09-07,15:29,AGI,-0.6846
2026-09-07,15:29,AHLWEST,4.3307
2026-09-07,15:29,AIAENG,-0.1961
2026-09-07,15:29,AJANTPHARM,-0.8466
2026-09-07,15:29,AJAXENGG,2.9529
2026-09-07,15:29,AJMERA,0.4787
2026-09-07,15:29,AKCAPIT,2.8051
2026-09-07,15:29,AKUMS,-0.8605
2026-09-07,15:29,ALEMBICLTD,5.1377
2026-09-07,15:29,ALGOQUANT,-1.5259
2026-09-07,15:29,ALICON,-0.2779
2026-09-07,15:29,ALIVUS,2.2604
2026-09-07,15:29,ALKEM,-1.4568
2026-09-07,15:29,ALLDIGI,1.6432
2026-09-07,15:29,ALLTIME,4.0172
2026-09-07,15:29,AMAGI,-0.5705
2026-09-07,15:29,AMANTA,5.7155
2026-09-07,15:29,AMBIKCO,0.3727
2026-09-07,15:29,ANANDRATHI,1.8828
2026-09-07,15:29,ANANTRAJ,5.4523
2026-09-07,15:29,ANDHRAPAP,20.1131
2026-09-07,15:29,ANDHRSUGAR,4.1383
2026-09-07,15:29,ANGELONE,2.6698
2026-09-07,15:29,ANTELOPUS,26.1265
2026-09-07,15:29,ANTHEM,0.9626
2026-09-07,15:29,ANUHPHR,8.0282
2026-09-07,15:29,APARINDS,-0.9609
2026-09-07,15:29,APCOTEXIND,3.2617
2026-09-07,15:29,APLAPOLLO,1.234
2026-09-07,15:29,APOLLO,4.5555
2026-09-07,15:29,APOLLOHOSP,-0.4545
2026-09-07,15:29,APTECHT,-0.8972
2026-09-07,15:29,APTUS,0.1716
2026-09-07,15:29,AQYLON,1.1603
2026-09-07,15:29,ARFIN,11.5574
2026-09-07,15:29,ARIES,-0.9579
2026-09-07,15:29,ARIHANT,-1.39
2026-09-07,15:29,ARIHANTCAP,-0.3307
2026-09-07,15:29,ARMANFIN,3.3908
2026-09-07,15:29,ARROWGREEN,16.8336
2026-09-07,15:29,ARSSBL,-0.1451
2026-09-07,15:29,ARTEMISMED,8.3767
2026-09-07,15:29,ARVIND,4.3534
2026-09-07,15:29,ARVSMART,-0.8964
2026-09-07,15:29,ASAHIINDIA,0.3574
2026-09-07,15:29,ASALCBR,-1.2005
2026-09-07,15:29,ASHOKA,2.1672
2026-09-07,15:29,ASIANENE,3.8766
2026-09-07,15:29,ASIANHOTNR,22.6246
2026-09-07,15:29,ASIANTILES,6.0187
2026-09-07,15:29,ASKAUTOLTD,0.8993
2026-09-07,15:29,ASTAR,-0.3251
2026-09-07,15:29,ASTERDM,5.412
2026-09-07,15:29,ASTRAMICRO,1.4281
2026-09-07,15:29,ATHERENERG,6.9551
2026-09-07,15:29,ATLANTAELE,15.7144
2026-09-07,15:29,AUROPHARMA,1.405
2026-09-07,15:29,AURUM,-1.4489
2026-09-07,15:29,AVADHSUGAR,4.3689
2026-09-07,15:29,AVALON,4.2498
2026-09-07,15:29,AVANTEL,-0.8289
2026-09-07,15:29,AVL,1.1734
2026-09-07,15:29,AVTNPL,5.2078
2026-09-07,15:29,AWFIS,-0.9509
2026-09-07,15:29,AXISBANK,0.7962
2026-09-07,15:29,AXISCADES,10.2362
2026-09-07,15:29,AYE,1.3881
2026-09-07,15:29,AYMSYNTEX,25.9541
2026-09-07,15:29,AZAD,2.3409
2026-09-07,15:29,BAFNAPH,8.7387
2026-09-07,15:29,BAJAJ-AUTO,0.6826
2026-09-07,15:29,BAJAJCON,16.7332
2026-09-07,15:29,BAJAJELEC,2.1804
2026-09-07,15:29,BAJAJHCARE,2.4618
2026-09-07,15:29,BAJAJHFL,-1.4656
2026-09-07,15:29,BAJAJHIND,7.8636
2026-09-07,15:29,BAJAJST,2.5182
2026-09-07,15:29,BALAMINES,5.8125
2026-09-07,15:29,BALMLAWRIE,1.552
2026-09-07,15:29,BALRAMCHIN,9.4776
2026-09-07,15:29,BANARISUG,1.7497
2026-09-07,15:29,BANCOINDIA,0.5291
2026-09-07,15:29,BANSALWIRE,0.142
2026-09-07,15:29,BASF,-1.5106
2026-09-07,15:29,BBOX,4.77
2026-09-07,15:29,BCLIND,-1.4587
2026-09-07,15:29,BEEKAY,0.2458
2026-09-07,15:29,BELRISE,0.4668
2026-09-07,15:29,BEML,9.195
2026-09-07,15:29,BENGALASM,0.8643
2026-09-07,15:29,BEPL,4.4552
2026-09-07,15:29,BESTAGRO,14.8827
2026-09-07,15:29,BFINVEST,3.6121
2026-09-07,15:29,BFUTILITIE,5.3428
2026-09-07,15:29,BHAGERIA,40.6614
2026-09-07,15:29,BHARATCOAL,-1.2291
2026-09-07,15:29,BHARATSE,2.9764
2026-09-07,15:29,BHARTIARTL,-1.2937
2026-09-07,15:29,BHARTIHEXA,-1.4441
2026-09-07,15:29,BIL,7.3805
2026-09-07,15:29,BIRLACABLE,27.286
2026-09-07,15:29,BIRLANU,-0.131
2026-09-07,15:29,BLACKBUCK,-0.7821
2026-09-07,15:29,BLEL,1.7984
2026-09-07,15:29,BLIL,0.8311
2026-09-07,15:29,BLISSGVS,23.4333
2026-09-07,15:29,BLKASHYAP,0.6729
2026-09-07,15:29,BLS,0.462
2026-09-07,15:29,BLSE,1.7195
2026-09-07,15:29,BLUEDART,-0.3336
2026-09-07,15:29,BLUESTARCO,-0.0668
2026-09-07,15:29,BLUESTONE,8.6821
2026-09-07,15:29,BLUSPRING,4.2794
2026-09-07,15:29,BODALCHEM,81.2004
2026-09-07,15:29,BORANA,4.8686
2026-09-07,15:29,BOROLTD,4.1668
2026-09-07,15:29,BORORENEW,-0.7535
2026-09-07,15:29,BOROSCI,3.7811
2026-09-07,15:29,BOSCH-HCIL,10.8839
2026-09-07,15:29,BOSCHLTD,-1.5478
2026-09-07,15:29,BRIGADE,3.3955
2026-09-07,15:29,BSE,3.5517
2026-09-07,15:29,BSHSL,3.8505
2026-09-07,15:29,BUILDPRO,2.3589
2026-09-07,15:29,CAMLINFINE,-1.224
2026-09-07,15:29,CAMS,-0.5939
2026-09-07,15:29,CANFINHOME,0.2053
2026-09-07,15:29,CAPLIPOINT,10.7569
2026-09-07,15:29,CARBORUNIV,0.0725
2026-09-07,15:29,CARERATING,5.8518
2026-09-07,15:29,CARTRADE,3.2368
2026-09-07,15:29,CARYSIL,3.2518
2026-09-07,15:29,CASTROLIND,2.0187
2026-09-07,15:29,CCL,-1.2686
2026-09-07,15:29,CDSL,0.2906
2026-09-07,15:29,CEIGALL,8.5765
2026-09-07,15:29,CEMPRO,5.251
2026-09-07,15:29,CENTENKA,10.9172
2026-09-07,15:29,CENTRALBK,1.0114
2026-09-07,15:29,CENTUM,28.6605
2026-09-07,15:29,CERA,1.4394
2026-09-07,15:29,CEWATER,-0.3756
2026-09-07,15:29,CGCL,12.6226
2026-09-07,15:29,CGPOWER,-0.323
2026-09-07,15:29,CHALET,-0.1703
2026-09-07,15:29,CHEMBONDCH,-0.9969
2026-09-07,15:29,CHEMCON,-0.5581
2026-09-07,15:29,CHEMFAB,-0.7941
2026-09-07,15:29,CHEMPLASTS,3.8511
2026-09-07,15:29,CHENNPETRO,5.7527
2026-09-07,15:29,CHEVIOT,7.1579
2026-09-07,15:29,CHOLAFIN,-1.4504
2026-09-07,15:29,CHOLAHLDNG,0.2307
2026-09-07,15:29,CLEAN,1.7288
2026-09-07,15:29,CLEANMAX,8.3006
2026-09-07,15:29,CLSEL,1.5074
2026-09-07,15:29,CMPDI,4.4136
2026-09-07,15:29,CMRGREEN,-0.0181
2026-09-07,15:29,CMSINFO,-0.3876
2026-09-07,15:29,COALINDIA,4.7125
2026-09-07,15:29,COCKERILL,-0.2967
2026-09-07,15:29,COFFEEDAY,4.0094
2026-09-07,15:29,COFORGE,1.7457
2026-09-07,15:29,COHANCE,-0.9802
2026-09-07,15:29,COMSYN,3.6828
2026-09-07,15:29,CONCOR,2.2006
2026-09-07,15:29,CONFIPET,4.0121
2026-09-07,15:29,CONSOFINVT,11.2868
2026-09-07,15:29,CONTROLPR,0.5866
2026-09-07,15:29,CORDELIA,3.8857
2026-09-07,15:29,COROMANDEL,2.3958
2026-09-07,15:29,CORONA,-0.5664
2026-09-07,15:29,CPPLUS,3.3942
2026-09-07,15:29,CRAFTSMAN,3.6612
2026-09-07,15:29,CREDITACC,0.0912
2026-09-07,15:29,CREST,-0.3227
2026-09-07,15:29,CRISIL,1.7733
2026-09-07,15:29,CSLFINANCE,7.3787
2026-09-07,15:29,CUB,4.0352
2026-09-07,15:29,CUPID,1.5543
2026-09-07,15:29,CYIENT,5.0062
2026-09-07,15:29,CYIENTDLM,6.7806
2026-09-07,15:29,DBOL,3.389
2026-09-07,15:29,DCBBANK,1.747
2026-09-07,15:29,DCW,4.4396
2026-09-07,15:29,DCXINDIA,-0.1839
2026-09-07,15:29,DDEVPLSTIK,-1.4173
2026-09-07,15:29,DECCANCE,-0.3477
2026-09-07,15:29,DEEDEV,6.4879
2026-09-07,15:29,DEEPINDS,17.6594
2026-09-07,15:29,DEN,-0.7824
2026-09-07,15:29,DENTA,-1.3533
2026-09-07,15:29,DHAMPURSUG,0.2106
2026-09-07,15:29,DHANUKA,3.8446
2026-09-07,15:29,DHARMAJ,-0.277
2026-09-07,15:29,DHUNINV,-0.9556
2026-09-07,15:29,DICIND,3.9997
2026-09-07,15:29,DIFFNKG,12.8804
2026-09-07,15:29,DISAQ,1.4495
2026-09-07,15:29,DIVISLAB,2.8146
2026-09-07,15:29,DLF,-0.5102
2026-09-07,15:29,DLINKINDIA,1.758
2026-09-07,15:29,DMCC,5.0878
2026-09-07,15:29,DOLLAR,-1.2064
2026-09-07,15:29,DOLPHIN,14.6769
2026-09-07,15:29,DOMS,-0.605
2026-09-07,15:29,DRAGARWQ,2.8398
2026-09-07,15:29,DVL,1.4389
2026-09-07,15:29,DYCL,2.8555
2026-09-07,15:29,DYNAMATECH,0.6263
2026-09-07,15:29,E2E,1.9576
2026-09-07,15:29,EBGNG,6.6954
2026-09-07,15:29,EDELWEISS,6.5083
2026-09-07,15:29,EIEL,-1.348
2026-09-07,15:29,EIMCOELECO,2.5687
2026-09-07,15:29,ELANTAS,12.6948
2026-09-07,15:29,ELCIDIN,-0.1649
2026-09-07,15:29,ELDEHSG,0.9018
2026-09-07,15:29,ELECON,0.8151
2026-09-07,15:29,ELECTCAST,1.9243
2026-09-07,15:29,ELGIEQUIP,7.2007
2026-09-07,15:29,ELPROINTL,1.0623
2026-09-07,15:29,EMAMIPAP,0.7975
2026-09-07,15:29,EMCURE,2.5767
2026-09-07,15:29,EMIL,-0.419
2026-09-07,15:29,EMKAY,10.6036
2026-09-07,15:29,EMMVEE,-0.6416
2026-09-07,15:29,EMSLIMITED,1.1677
2026-09-07,15:29,ENGINERSIN,12.1842
2026-09-07,15:29,ENTERO,8.2635
2026-09-07,15:29,EPACKPEB,-1.5003
2026-09-07,15:29,EPL,-1.5229
2026-09-07,15:29,EQUITASBNK,-1.1056
2026-09-07,15:29,ERIS,0.9221
2026-09-07,15:29,ESABINDIA,-0.0574
2026-09-07,15:29,ESCORTS,-0.5615
2026-09-07,15:29,EUROPRATIK,1.1612
2026-09-07,15:29,EXICOM,18.0543
2026-09-07,15:29,EXPLEOSOL,2.9587
2026-09-07,15:29,FABTECH,1.0206
2026-09-07,15:29,FAZE3Q,3.1189
2026-09-07,15:29,FCL,16.8488
2026-09-07,15:29,FDC,-0.4944
2026-09-07,15:29,FEDDERSHOL,11.4127
2026-09-07,15:29,FEDERALBNK,-0.8121
2026-09-07,15:29,FEDFINA,4.755
2026-09-07,15:29,FIEMIND,0.0774
2026-09-07,15:29,FISCHER,1.2759
2026-09-07,15:29,FIVESTAR,-1.4145
2026-09-07,15:29,FORCEMOT,2.6129
2026-09-07,15:29,FORTIS,-0.6171
2026-09-07,15:29,FOSECOIND,0.2946
2026-09-07,15:29,FRONTSP,-1.3537
2026-09-07,15:29,FUSION,2.28
2026-09-07,15:29,GABRIEL,0.4642
2026-09-07,15:29,GAIL,2.0645
2026-09-07,15:29,GALAPREC,-0.2308
2026-09-07,15:29,GALLANTT,-0.7628
2026-09-07,15:29,GANDHAR,3.9239
2026-09-07,15:29,GANDHITUBE,-0.5038
2026-09-07,15:29,GANESHBE,3.4375
2026-09-07,15:29,GANESHCP,3.7311
2026-09-07,15:29,GARFIBRES,3.3689
2026-09-07,15:29,GARUDA,1.7719
2026-09-07,15:29,GATEWAY,0.4094
2026-09-07,15:29,GAYAPROJ,0.7266
2026-09-07,15:29,GCSL,11.3403
2026-09-07,15:29,GEECEE,1.5054
2026-09-07,15:29,GENESYS,2.4136
2026-09-07,15:29,GENUSPOWER,1.2643
2026-09-07,15:29,GEOJITFSL,0.1694
2026-09-07,15:29,GESHIP,4.5172
2026-09-07,15:29,GFLLIMITED,13.201
2026-09-07,15:29,GHCL,-1.5449
2026-09-07,15:29,GHCLTEXTIL,6.3816
2026-09-07,15:29,GICHSGFIN,-1.1823
2026-09-07,15:29,GICRE,-0.5826
2026-09-07,15:29,GILLETTE,-0.3847
2026-09-07,15:29,GIPCL,0.1197
2026-09-07,15:29,GKSL,14.2913
2026-09-07,15:29,GLAND,3.5079
2026-09-07,15:29,GLENMARK,-0.3293
2026-09-07,15:29,GLOBAL,8.2627
2026-09-07,15:29,GLOSTERLTD,-0.1655
2026-09-07,15:29,GMBREW,5.5736
2026-09-07,15:29,GMMPFAUDLR,20.5385
2026-09-07,15:29,GMRP&UI,-1.026
2026-09-07,15:29,GNA,-0.6584
2026-09-07,15:29,GNFC,3.6222
2026-09-07,15:29,GNRL,16.7025
2026-09-07,15:29,GOCLCORP,9.966
2026-09-07,15:29,GOCOLORS,-1.435
2026-09-07,15:29,GODAVARIB,2.4253
2026-09-07,15:29,GODIGIT,-0.4462
2026-09-07,15:29,GODREJAGRO,8.2554
2026-09-07,15:29,GODREJIND,0.8083
2026-09-07,15:29,GOKEX,0.2645
2026-09-07,15:29,GOODLUCK,10.848
2026-09-07,15:29,GPIL,1.5479
2026-09-07,15:29,GPTHEALTH,6.5922
2026-09-07,15:29,GRANULES,4.2052
2026-09-07,15:29,GRAPHITE,4.9927
2026-09-07,15:29,GRASIM,1.3628
2026-09-07,15:29,GRAUWEIL,5.4613
2026-09-07,15:29,GREAVESCOT,1.7157
2026-09-07,15:29,GREENPANEL,1.6573
2026-09-07,15:29,GREENPLY,3.7597
2026-09-07,15:29,GROWW,-1.0719
2026-09-07,15:29,GRPLTD,1.0691
2026-09-07,15:29,GRWRHITECH,-1.5438
2026-09-07,15:29,GSFC,1.7969
2026-09-07,15:29,GTPL,9.1937
2026-09-07,15:29,GUFICBIO,8.6851
2026-09-07,15:29,GUJALKALI,-0.408
2026-09-07,15:29,GUJENERGY,4.6255
2026-09-07,15:29,GUJTHEM,4.1485
2026-09-07,15:29,GVPIL,-0.9974
2026-09-07,15:29,GVT&D,-0.9211
2026-09-07,15:29,GYFTR,11.7079
2026-09-07,15:29,HAL,-0.8941
2026-09-07,15:29,HALDYNGL,7.5004
2026-09-07,15:29,HAPPYFORGE,-0.8619
2026-09-07,15:29,HARIOMPIPE,7.0497
2026-09-07,15:29,HARSHA,3.8536
2026-09-07,15:29,HAWKINCOOK,0.1821
2026-09-07,15:29,HBLENGINE,5.7304
2026-09-07,15:29,HCLTECH,0.0624
2026-09-07,15:29,HDBFS,-0.0146
2026-09-07,15:29,HDFCBANK,-0.0703
2026-09-07,15:29,HEALTHX,1.1412
2026-09-07,15:29,HEIDELBERG,-0.705
2026-09-07,15:29,HERANBA,-0.0413
2026-09-07,15:29,HERITGFOOD,1.5867
2026-09-07,15:29,HESTERBIO,3.1837
2026-09-07,15:29,HEXATRADEX,-0.3268
2026-09-07,15:29,HFCL,-1.1512
2026-09-07,15:29,HIKAL,18.7509
2026-09-07,15:29,HINDOILEXP,15.5541
2026-09-07,15:29,HIRECT,-0.9076
2026-09-07,15:29,HITECHCORP,-0.5798
2026-09-07,15:29,HITECHGEAR,2.9396
2026-09-07,15:29,HLEGLAS,6.7969
2026-09-07,15:29,HMAAGRO,-1.1483
2026-09-07,15:29,HMT,5.6563
2026-09-07,15:29,HNDFDS,-1.0463
2026-09-07,15:29,HOMEFIRST,2.7912
2026-09-07,15:29,HSCL,-0.2521
2026-09-07,15:29,HUBTOWN,2.8152
2026-09-07,15:29,ICICIBANK,-1.0742
2026-09-07,15:29,ICIL,7.1564
2026-09-07,15:29,ICRA,2.0052
2026-09-07,15:29,IDFCFIRSTB,3.1504
2026-09-07,15:29,IFCI,21.6447
2026-09-07,15:29,IGARASHI,-1.3427
2026-09-07,15:29,IGL,5.1845
2026-09-07,15:29,IGPL,7.0601
2026-09-07,15:29,IIFL,2.8947
2026-09-07,15:29,IIFLCAPS,1.8092
2026-09-07,15:29,IKIO,9.047
2026-09-07,15:29,IKS,2.1364
2026-09-07,15:29,IMPAL,0.5505
2026-09-07,15:29,INA,2.4517
2026-09-07,15:29,INDGN,5.6403
2026-09-07,15:29,INDHOTEL,-0.3201
2026-09-07,15:29,INDIANHUME,1.0362
2026-09-07,15:29,INDIASHLTR,3.36
2026-09-07,15:29,INDIGOPNTS,0.6666
2026-09-07,15:29,INDIQUBE,5.794
2026-09-07,15:29,INDNIPPON,6.2324
2026-09-07,15:29,INDOAMIN,5.8486
2026-09-07,15:29,INDOBORAX,0.1889
2026-09-07,15:29,INDOCO,3.3687
2026-09-07,15:29,INDOMIM,7.886
2026-09-07,15:29,INDORAMA,15.1714
2026-09-07,15:29,INDOSTAR,-0.7724
2026-09-07,15:29,INDOTECH,-1.2284
2026-09-07,15:29,INDPRUD,2.9839
2026-09-07,15:29,INDSWFTLAB,2.9773
2026-09-07,15:29,INDUSINDBK,-0.4886
2026-09-07,15:29,INDUSTOWER,-0.9212
2026-09-07,15:29,INFOBEAN,3.2848
2026-09-07,15:29,INGERRAND,2.6229
2026-09-07,15:29,INNOVACAP,13.9837
2026-09-07,15:29,INNOVISION,1.9292
2026-09-07,15:29,INOXGREEN,0.0581
2026-09-07,15:29,INOXINDIA,2.4565
2026-09-07,15:29,INOXWIND,5
2026-09-07,15:29,INSECTICID,6.9476
2026-09-07,15:29,INTELLECT,0.5676
2026-09-07,15:29,INTERARCH,1.0619
2026-09-07,15:29,INTLCONV,3.9002
2026-09-07,15:29,INVPRECQ,1.0895
2026-09-07,15:29,IOB,0.6079
2026-09-07,15:29,IOLCP,10.3434
2026-09-07,15:29,IONEXCHANG,16.7819
2026-09-07,15:29,IPCALAB,-0.0357
2026-09-07,15:29,IPL,-0.8419
2026-09-07,15:29,IRIS,10.4676
2026-09-07,15:29,IRISDOREME,7.2847
2026-09-07,15:29,IRMENERGY,0.4945
2026-09-07,15:29,ISGEC,0.0897
2026-09-07,15:29,IXIGO,2.8005
2026-09-07,15:29,IZMO,11.4393
2026-09-07,15:29,JAGRAN,0.2108
2026-09-07,15:29,JAGSNPHARM,0.8735
2026-09-07,15:29,JAIBALAJI,-0.6414
2026-09-07,15:29,JAICORPLTD,-1.5385
2026-09-07,15:29,JAINREC,-1.298
2026-09-07,15:29,JAMNAAUTO,5.614
2026-09-07,15:29,JASH,5.4679
2026-09-07,15:29,JAYAGROGN,2.8189
2026-09-07,15:29,JGCHEM,-0.7088
2026-09-07,15:29,JINDALPOLY,9.6541
2026-09-07,15:29,JINDALSAW,-0.2256
2026-09-07,15:29,JINDRILL,5.3287
2026-09-07,15:29,JINDWORLD,58.8922
2026-09-07,15:29,JIOFIN,-1.554
2026-09-07,15:29,JISLJALEQS,9.4981
2026-09-07,15:29,JKPAPER,7.5948
2026-09-07,15:29,JMFINANCIL,-0.1303
2026-09-07,15:29,JNPR,2.489
2026-09-07,15:29,JPOLYINVST,4.2128
2026-09-07,15:29,JSFB,-1.111
2026-09-07,15:29,JSL,4.5106
2026-09-07,15:29,JSLL,2.9588
2026-09-07,15:29,JSWDULUX,2.4563
2026-09-07,15:29,JTLIND,8.405
2026-09-07,15:29,JUBLCPL,3.9427
2026-09-07,15:29,JUBLPHARMA,8.1484
2026-09-07,15:29,JUNIPER,-0.3333
2026-09-07,15:29,JUSTDIAL,9.0945
2026-09-07,15:29,JWL,-0.8138
2026-09-07,15:29,JYOTICNC,-0.8885
2026-09-07,15:29,KABRAEXTRU,7.6153
2026-09-07,15:29,KAJARIACER,1.6744
2026-09-07,15:29,KALAMANDIR,-0.636
2026-09-07,15:29,KALPATARU,0.6383
2026-09-07,15:29,KAMDHENU,11.9282
2026-09-07,15:29,KAPSTON,13.0739
2026-09-07,15:29,KARURVYSYA,-1.3283
2026-09-07,15:29,KAYA,8.3919
2026-09-07,15:29,KDDL,1.1324
2026-09-07,15:29,KENNAMET,3.9401
2026-09-07,15:29,KICL,-0.8018
2026-09-07,15:29,KILITCH,9.6247
2026-09-07,15:29,KIMS,-0.5075
2026-09-07,15:29,KINGFA,1.6106
2026-09-07,15:29,KIRANVYPAR,2.0088
2026-09-07,15:29,KIRIINDUS,21.2222
2026-09-07,15:29,KIRLFER,2.7927
2026-09-07,15:29,KIRLOSENG,3.552
2026-09-07,15:29,KIRLOSIND,0.2943
2026-09-07,15:29,KIRLPNU,3.9166
2026-09-07,15:29,KISSHT,5.8891
2026-09-07,15:29,KKCL,1.2645
2026-09-07,15:29,KLBRENG-B,17.9841
2026-09-07,15:29,KMEW,-0.2492
2026-09-07,15:29,KNRCON,0.245
2026-09-07,15:29,KOLTEPATIL,-0.9711
2026-09-07,15:29,KOPRAN,27.5789
2026-09-07,15:29,KOTAKBANK,-0.4951
2026-09-07,15:29,KOTHARIPET,1.3306
2026-09-07,15:29,KOVAI,0.9145
2026-09-07,15:29,KPEL,-1.2454
2026-09-07,15:29,KPIL,2.4012
2026-09-07,15:29,KPL,4.4106
2026-09-07,15:29,KPRMILL,2.5033
2026-09-07,15:29,KRBL,-1.4416
2026-09-07,15:29,KRISHNADEF,3.4336
2026-09-07,15:29,KRN,5.8617
2026-09-07,15:29,KRSNAA,1.1386
2026-09-07,15:29,KRYSTAL,2.0282
2026-09-07,15:29,KSB,0.9574
2026-09-07,15:29,KSHINTL,14.8906
2026-09-07,15:29,KSL,6.8251
2026-09-07,15:29,KSOLVES,0.4667
2026-09-07,15:29,KTKBANK,1.9716
2026-09-07,15:29,KUANTUM,6.0711
2026-09-07,15:29,KUSUMGAR,-0.0786
2026-09-07,15:29,LAOPALA,1.2006
2026-09-07,15:29,LAXMIDENTL,1.4937
2026-09-07,15:29,LAXMIINDIA,6.849
2026-09-07,15:29,LCL,-0.0883
2026-09-07,15:29,LEMONTREE,-0.3807
2026-09-07,15:29,LENSKART,7.3993
2026-09-07,15:29,LGBBROSLTD,2.8081
2026-09-07,15:29,LICHSGFIN,3.0812
2026-09-07,15:29,LICI,-0.5919
2026-09-07,15:29,LINC,1.8519
2026-09-07,15:29,LINCOLN,2.9886
2026-09-07,15:29,LLOYDSENT,-0.9049
2026-09-07,15:29,LLOYDSME,0.2502
2026-09-07,15:29,LOKESHMACH,20.1949
2026-09-07,15:29,LOTUSDEV,7.2499
2026-09-07,15:29,LT,-0.6953
2026-09-07,15:29,LTFOODS,2.5351
2026-09-07,15:29,LTM,-0.3584
2026-09-07,15:29,LUMAXIND,0.7384
2026-09-07,15:29,LUMAXTECH,0.2538
2026-09-07,15:29,LXCHEM,2.699
2026-09-07,15:29,MAANALU,-1.2084
2026-09-07,15:29,MAFATIND,0.9111
2026-09-07,15:29,MAGADSUGAR,4.1652
2026-09-07,15:29,MAHABANK,0.366
2026-09-07,15:29,MAHASTEEL,1.8651
2026-09-07,15:29,MAHLOG,2.9622
2026-09-07,15:29,MAHSCOOTER,-0.5234
2026-09-07,15:29,MAHSEAMLES,7.3047
2026-09-07,15:29,MAITHANALL,10.962
2026-09-07,15:29,MALLCOM,0.4007
2026-09-07,15:29,MAMATA,2.4783
2026-09-07,15:29,MANAKCOAT,0.0496
2026-09-07,15:29,MANAKSTEEL,17.8666
2026-09-07,15:29,MANALIPETC,21.6949
2026-09-07,15:29,MANBA,0.6619
2026-09-07,15:29,MANGLMCEM,3.024
2026-09-07,15:29,MANINDS,6.7692
2026-09-07,15:29,MANINFRA,7.7603
2026-09-07,15:29,MANORAMA,6.1679
2026-09-07,15:29,MANYAVAR,7.6577
2026-09-07,15:29,MAPMYINDIA,-0.1126
2026-09-07,15:29,MARATHON,7.172
2026-09-07,15:29,MARINE,12.2561
2026-09-07,15:29,MARKSANS,2.7288
2026-09-07,15:29,MARSONS,2.6207
2026-09-07,15:29,MASFIN,-0.0846
2026-09-07,15:29,MASTEK,4.9702
2026-09-07,15:29,MASTERTR,6.6235
2026-09-07,15:29,MATRIMONY,1.164
2026-09-07,15:29,MAWANASUG,2.4282
2026-09-07,15:29,MAZDA,12.106
2026-09-07,15:29,MBAPL,0.1413
2026-09-07,15:29,MCCHRLS-B,-0.0147
2026-09-07,15:29,MCX,1.7476
2026-09-07,15:29,MEDIASSIST,-0.2224
2026-09-07,15:29,MEESHO,1.2811
2026-09-07,15:29,MENONBE,8.1172
2026-09-07,15:29,METROBRAND,1.3887
2026-09-07,15:29,METROPOLIS,0.1473
2026-09-07,15:29,MGL,-0.0641
2026-09-07,15:29,MIDHANI,0.3825
2026-09-07,15:29,MILKYMIST,27.0121
2026-09-07,15:29,MINDACORP,0.7095
2026-09-07,15:29,MMFL,-1.2304
2026-09-07,15:29,MMP,10.2863
2026-09-07,15:29,MMTC,0.4881
2026-09-07,15:29,MOBIKWIK,1.4043
2026-09-07,15:29,MODIS,0.8823
2026-09-07,15:29,MODISONLTD,17.4466
2026-09-07,15:29,MOL,9.0231
2026-09-07,15:29,MOLDTECH,13.5589
2026-09-07,15:29,MOLDTKPAC,-0.6551
2026-09-07,15:29,MONARCH,2.2818
2026-09-07,15:29,MONTECARLO,8.9042
2026-09-07,15:29,MOREPENLAB,22.9369
2026-09-07,15:29,MOTILALOFS,1.628
2026-09-07,15:29,MPSLTD,-0.921
2026-09-07,15:29,MRPL,1.3993
2026-09-07,15:29,MSPL,0.5493
2026-09-07,15:29,MSTCLTD,8.7781
2026-09-07,15:29,MTARTECH,6.1781
2026-09-07,15:29,MUFIN,0.1618
2026-09-07,15:29,MUKANDLTD,0.4697
2026-09-07,15:29,MUKKA,27.1253
2026-09-07,15:29,MUNJALAU,4.1465
2026-09-07,15:29,MVELECTRO,24.6831
2026-09-07,15:29,MVGJL,40.3915
2026-09-07,15:29,NAHARINDUS,0.6879
2026-09-07,15:29,NAM-INDIA,-0.7475
2026-09-07,15:29,NAVA,-0.0449
2026-09-07,15:29,NAVINFLUOR,0.4202
2026-09-07,15:29,NAVKARCORP,-1.3865
2026-09-07,15:29,NAVNETEDUL,-1.31
2026-09-07,15:29,NAZARA,4.457
2026-09-07,15:29,NBIFIN,-0.6262
2026-09-07,15:29,NCC,0.2528
2026-09-07,15:29,NCLIND,-0.1736
2026-09-07,15:29,NEOGEN,-1.0358
2026-09-07,15:29,NEPHROPLUS,3.7056
2026-09-07,15:29,NESCO,5.791
2026-09-07,15:29,NEWGEN,-0.4398
2026-09-07,15:29,NFL,-1.4574
2026-09-07,15:29,NGLFINE,-0.9686
2026-09-07,15:29,NH,0.4202
2026-09-07,15:29,NHPC,-0.7185
2026-09-07,15:29,NIACL,24.838
2026-09-07,15:29,NILKAMAL,-0.8839
2026-09-07,15:29,NINSYS,-1.1345
2026-09-07,15:29,NITINSPIN,1.1282
2026-09-07,15:29,NITTAGELA,5.5552
2026-09-07,15:29,NLCINDIA,0.186
2026-09-07,15:29,NOCIL,4.2996
2026-09-07,15:29,NORTHARC,6.8809
2026-09-07,15:29,NOVARTIND,10.0255
2026-09-07,15:29,NPST,6.1997
2026-09-07,15:29,NRAIL,15.3824
2026-09-07,15:29,NRBBEARING,3.5148
2026-09-07,15:29,NRL,6.224
2026-09-07,15:29,NSIL,-1.1148
2026-09-07,15:29,NSLNISP,1.956
2026-09-07,15:29,NTPC,0.3324
2026-09-07,15:29,NUVAMA,2.713
2026-09-07,15:29,NUVOCO,6.4631
2026-09-07,15:29,OAL,25.271
2026-09-07,15:29,OBEROIRLTY,-1.3562
2026-09-07,15:29,OCCLLTD,2.6406
2026-09-07,15:29,OFSS,-0.0675
2026-09-07,15:29,OIL,3.6501
2026-09-07,15:29,OLAELEC,0.877
2026-09-07,15:29,OMAXE,14.4999
2026-09-07,15:29,OMINFRAL,0.4082
2026-09-07,15:29,OMPOWER,-1.1378
2026-09-07,15:29,ONEPOINT,3.9431
2026-09-07,15:29,ONESOURCE,2.2932
2026-09-07,15:29,ONGC,0.7328
2026-09-07,15:29,ONWARDTEC,-0.6127
2026-09-07,15:29,ORBTEXP,-0.0376
2026-09-07,15:29,ORCHPHARMA,1.9703
2026-09-07,15:29,ORIENTBELL,10.0477
2026-09-07,15:29,ORIENTCER,-1.5235
2026-09-07,15:29,ORIENTHOT,-0.0287
2026-09-07,15:29,PAGEIND,0.0698
2026-09-07,15:29,PAISALO,17.0721
2026-09-07,15:29,PANACHE,1.183
2026-09-07,15:29,PANAMAPET,2.2517
2026-09-07,15:29,PARACABLES,10.5104
2026-09-07,15:29,PARAGMILK,3.765
2026-09-07,15:29,PARAS,2.3783
2026-09-07,15:29,PARKHOSPS,-1.1546
2026-09-07,15:29,PARKHOTELS,-0.8028
2026-09-07,15:29,PASUPTAC,8.3186
2026-09-07,15:29,PAUSHAKLTD,3.3731
2026-09-07,15:29,PAYTM,-0.8934
2026-09-07,15:29,PDMJEPAPER,15.8935
2026-09-07,15:29,PENIND,9.3599
2026-09-07,15:29,PETRONET,0
2026-09-07,15:29,PFC,-0.7728
2026-09-07,15:29,PFOCUS,5.4456
2026-09-07,15:29,PFS,0.5507
2026-09-07,15:29,PGHL,-0.9699
2026-09-07,15:29,PHOENIXLTD,0.1735
2026-09-07,15:29,PIIND,-1.4998
2026-09-07,15:29,PILANIINVS,-1.4918
2026-09-07,15:29,PITTIENG,4.1207
2026-09-07,15:29,PLATIND,2.8243
2026-09-07,15:29,PNB,0.1733
2026-09-07,15:29,PNBGILTS,5.0154
2026-09-07,15:29,PNBHOUSING,0.348
2026-09-07,15:29,PNGJL,4.1039
2026-09-07,15:29,PNGSREVA,-0.5065
2026-09-07,15:29,POLYMED,-0.6715
2026-09-07,15:29,POLYPLEX,2.6801
2026-09-07,15:29,POWERGRID,0.5851
2026-09-07,15:29,POWERICA,-1.3295
2026-09-07,15:29,PPL,3.8854
2026-09-07,15:29,PPLPHARMA,2.1912
2026-09-07,15:29,PRABHA,17.6593
2026-09-07,15:29,PRADPME,-1.0983
2026-09-07,15:29,PRECAM,-1.4467
2026-09-07,15:29,PRECOT,-1.3996
2026-09-07,15:29,PRECWIRE,9.0232
2026-09-07,15:29,PREMEXPLN,-0.4503
2026-09-07,15:29,PREMIERENE,-1
2026-09-07,15:29,PRICOLLTD,0.3412
2026-09-07,15:29,PRIMESECU,-0.3573
2026-09-07,15:29,PROSTARM,4.7842
2026-09-07,15:29,PROZONER,8.5953
2026-09-07,15:29,PRSMJOHNSN,0.9446
2026-09-07,15:29,PSB,-1.458
2026-09-07,15:29,PTCIL,15.1925
2026-09-07,15:29,PTL,0.729
2026-09-07,15:29,PUNJABCHEM,-1.294
2026-09-07,15:29,PURVA,4.1079
2026-09-07,15:29,PVP,4.8938
2026-09-07,15:29,PWL,4.4967
2026-09-07,15:29,QPOWER,8.7594
2026-09-07,15:29,QUICKHEAL,11.7141
2026-09-07,15:29,RACLGEAR,2.9369
2026-09-07,15:29,RADHIKAJWE,34.0537
2026-09-07,15:29,RAIN,8.7458
2026-09-07,15:29,RAINBOW,2.0056
2026-09-07,15:29,RAJESHEXPO,4.2637
2026-09-07,15:29,RAJOOENG,9.4362
2026-09-07,15:29,RAJRATAN,-0.1532
2026-09-07,15:29,RAMBHAJO,4.8374
2026-09-07,15:29,RAMCOSYS,8.657
2026-09-07,15:29,RANEHOLDIN,4.9627
2026-09-07,15:29,RATNAMANI,0.1394
2026-09-07,15:29,RATNAVEER,3.9201
2026-09-07,15:29,RAYMOND,25.798
2026-09-07,15:29,RBLBANK,7.6803
2026-09-07,15:29,RBZJEWEL,30.213
2026-09-07,15:29,RECLTD,-1.4023
2026-09-07,15:29,REDINGTON,5.5246
2026-09-07,15:29,RELIANCE,2.1292
2026-09-07,15:29,RELIGARE,9.0734
2026-09-07,15:29,RELTD,1.7967
2026-09-07,15:29,RENUKA,7.341
2026-09-07,15:29,RGL,14.416
2026-09-07,15:29,RHETAN,25.6712
2026-09-07,15:29,RHIM,0.9452
2026-09-07,15:29,RICOAUTO,4.1917
2026-09-07,15:29,RISHABH,17.2991
2026-09-07,15:29,RITCO,3.128
2026-09-07,15:29,RITES,-0.64
2026-09-07,15:29,RKFORGE,-1.4512
2026-09-07,15:29,RMDRIP,10.303
2026-09-07,15:29,RML,23.5823
2026-09-07,15:29,ROHLTD,0.2474
2026-09-07,15:29,ROSSTECH,4.0602
2026-09-07,15:29,ROUTE,0.5992
2026-09-07,15:29,RPGLIFE,4.1206
2026-09-07,15:29,RPTECH,9.0607
2026-09-07,15:29,RSL,7.8738
2026-09-07,15:29,RSWM,10.1168
2026-09-07,15:29,RSYSTEMS,4.8599
2026-09-07,15:29,RUBYMILLS,17.0594
2026-09-07,15:29,SAFARI,1.0248
2026-09-07,15:29,SAGILITY,3.7949
2026-09-07,15:29,SAILIFE,6.1416
2026-09-07,15:29,SAIPARENT,-0.8162
2026-09-07,15:29,SAKAR,24.2662
2026-09-07,15:29,SALSTEEL,14.2618
2026-09-07,15:29,SALZERELEC,0.7035
2026-09-07,15:29,SAMBHV,7.564
2026-09-07,15:29,SAMHI,-1.1298
2026-09-07,15:29,SAMMAANCAP,5.8233
2026-09-07,15:29,SANATHAN,2.0479
2026-09-07,15:29,SANDESH,3.5672
2026-09-07,15:29,SANGAMIND,-0.6037
2026-09-07,15:29,SANGHVIMOV,-1.3606
2026-09-07,15:29,SANOFICONR,-1.0602
2026-09-07,15:29,SANSERA,1.3922
2026-09-07,15:29,SANSTAR,0.6957
2026-09-07,15:29,SARDAEN,0.5691
2026-09-07,15:29,SAREGAMA,1.3949
2026-09-07,15:29,SARLAPOLY,1.3644
2026-09-07,15:29,SATIA,17.5487
2026-09-07,15:29,SBC,13.076
2026-09-07,15:29,SBCL,4.5872
2026-09-07,15:29,SBFC,-0.1318
2026-09-07,15:29,SBICARD,4.5969
2026-09-07,15:29,SBIFUNDS,-0.8444
2026-09-07,15:29,SCHAEFFLER,-1.2713
2026-09-07,15:29,SCHNEIDER,-1.1102
2026-09-07,15:29,SCI,0.4102
2026-09-07,15:29,SCODATUBES,-0.4583
2026-09-07,15:29,SCPL,-0.471
2026-09-07,15:29,SDBL,4.4556
2026-09-07,15:29,SEAMECLTD,9.5728
2026-09-07,15:29,SEJALLTD,-1.5447
2026-09-07,15:29,SENCO,0.6478
2026-09-07,15:29,SENORES,1.553
2026-09-07,15:29,SESHAPAPER,5.3279
2026-09-07,15:29,SETL,12.0063
2026-09-07,15:29,SFL,1.0058
2026-09-07,15:29,SGFIN,-1.4328
2026-09-07,15:29,SGIL,0.5018
2026-09-07,15:29,SGMART,0.0185
2026-09-07,15:29,SHADOWFAX,4.8617
2026-09-07,15:29,SHAILY,1.8151
2026-09-07,15:29,SHALPAINTS,4.3532
2026-09-07,15:29,SHANTIGEAR,17.4743
2026-09-07,15:29,SHANTIGOLD,10.0264
2026-09-07,15:29,SHARDAMOTR,1.7782
2026-09-07,15:29,SHAREINDIA,1.6803
2026-09-07,15:29,SHILCTECH,3.49
2026-09-07,15:29,SHILPAMED,4.1748
2026-09-07,15:29,SHINDL,-0.889
2026-09-07,15:29,SHIPROCKET,2.362
2026-09-07,15:29,SHIVALIK,8.4212
2026-09-07,15:29,SHIVAUM,1.9551
2026-09-07,15:29,SHOPERSTOP,0.3868
2026-09-07,15:29,SHREEJISPG,9.284
2026-09-07,15:29,SHREEPUSHK,13.853
2026-09-07,15:29,SHREERAMA,1.7169
2026-09-07,15:29,SHRINGARMS,-0.3556
2026-09-07,15:29,SHRIPISTON,-0.1534
2026-09-07,15:29,SHYAMMETL,3.8277
2026-09-07,15:29,SICALLOG,3.2588
2026-09-07,15:29,SIGACHI,5.8444
2026-09-07,15:29,SIGNATURE,2.0996
2026-09-07,15:29,SIGNPOST,3.1382
2026-09-07,15:29,SILINV,-1.2654
2026-09-07,15:29,SIMPLEXINF,0.6495
2026-09-07,15:29,SINDHUTRAD,1.0404
2026-09-07,15:29,SIRCA,0.4022
2026-09-07,15:29,SIS,1.6481
2026-09-07,15:29,SIYSIL,-0.2213
2026-09-07,15:29,SJVN,0.4597
2026-09-07,15:29,SKFINDIA,-1.2388
2026-09-07,15:29,SKFINDUS,4.3056
2026-09-07,15:29,SKIPPER,8.296
2026-09-07,15:29,SMARTWORKS,-0.3052
2026-09-07,15:29,SMCGLOBAL,8.0651
2026-09-07,15:29,SMLMAH,23.094
2026-09-07,15:29,SMSPHARMA,9.7945
2026-09-07,15:29,SNOWMAN,-0.4885
2026-09-07,15:29,SOFTTECH,3.1116
2026-09-07,15:29,SOLARA,13.925
2026-09-07,15:29,SOLARINDS,6.6569
2026-09-07,15:29,SOLARWORLD,-0.0406
2026-09-07,15:29,SOMANYCERA,0.5031
2026-09-07,15:29,SOTL,3.8708
2026-09-07,15:29,SOUTHBANK,1.7713
2026-09-07,15:29,SOUTHWEST,7.4291
2026-09-07,15:29,SPAL,11.8527
2026-09-07,15:29,SPARC,5.5852
2026-09-07,15:29,SPECTRUM,18.048
2026-09-07,15:29,SPIC,2.2459
2026-09-07,15:29,SPLPETRO,15.9682
2026-09-07,15:29,SPMLINFRA,0.1167
2026-09-07,15:29,SREEL,6.1389
2026-09-07,15:29,SRHHYPOLTD,13.408
2026-09-07,15:29,SRM,3.0924
2026-09-07,15:29,SSWL,26.9619
2026-09-07,15:29,STANLEY,-0.5943
2026-09-07,15:29,STAR,19.9186
2026-09-07,15:29,STARCEMENT,3.0316
2026-09-07,15:29,STERTOOLS,-1.1794
2026-09-07,15:29,STLNETWORK,16.6218
2026-09-07,15:29,STLTECH,12.9985
2026-09-07,15:29,STOVEKRAFT,4.9688
2026-09-07,15:29,STYLEBAAZA,-0.6095
2026-09-07,15:29,STYRENIX,2.2545
2026-09-07,15:29,SUDARCOLOR,1.8833
2026-09-07,15:29,SUDARSCHEM,-1.0377
2026-09-07,15:29,SUDEEPPHRM,16.6828
2026-09-07,15:29,SULA,0.1157
2026-09-07,15:29,SUMMITSEC,-0.0633
2026-09-07,15:29,SUNCLAY,2.138
2026-09-07,15:29,SUNDARMFIN,1.5398
2026-09-07,15:29,SUNDRMFAST,-1.2909
2026-09-07,15:29,SUNDROP,0.6103
2026-09-07,15:29,SUNPHARMA,-0.9565
2026-09-07,15:29,SUPREMEIND,0.3626
2026-09-07,15:29,SUPREMEINF,0.9178
2026-09-07,15:29,SUPRIYA,17.0992
2026-09-07,15:29,SURAKSHA,1.0435
2026-09-07,15:29,SURYAROSNI,-1.1904
2026-09-07,15:29,SUTLEJTEX,5.2972
2026-09-07,15:29,SUVEN,2.4586
2026-09-07,15:29,SVLL,1.9108
2026-09-07,15:29,SWANDEF,5.2232
2026-09-07,15:29,SWARAJENG,2.8098
2026-09-07,15:29,SYNCOMF,16.8973
2026-09-07,15:29,SYRMA,9.461
2026-09-07,15:29,SYSTMTXC,9.3739
2026-09-07,15:29,TAALTECH,0.7421
2026-09-07,15:29,TALBROAUTO,5.665
2026-09-07,15:29,TARC,14.7792
2026-09-07,15:29,TARIL,-1.4795
2026-09-07,15:29,TARSONS,-0.258
2026-09-07,15:29,TASTYBITE,0.8608
2026-09-07,15:29,TATACOMM,2.8942
2026-09-07,15:29,TATAPOWER,3.892
2026-09-07,15:29,TATASTEEL,-0.637
2026-09-07,15:29,TATVA,6.0405
2026-09-07,15:29,TBOTEK,0.5187
2026-09-07,15:29,TBZ,72.7867
2026-09-07,15:29,TCPLPACK,0.416
2026-09-07,15:29,TCS,0.9607
2026-09-07,15:29,TDPOWERSYS,-0.8709
2026-09-07,15:29,TEAMLEASE,2.1154
2026-09-07,15:29,TECHM,-1.3249
2026-09-07,15:29,TECHNOCRAF,8.5725
2026-09-07,15:29,TEGA,-1.104
2026-09-07,15:29,TEJASNET,16.1303
2026-09-07,15:29,TEXINFRA,7.8788
2026-09-07,15:29,TEXRAIL,10.1725
2026-09-07,15:29,TFCILTD,-0.6627
2026-09-07,15:29,THANGAMAYL,-0.5089
2026-09-07,15:29,THEJO,3.1811
2026-09-07,15:29,THEMISMED,5.4855
2026-09-07,15:29,THOMASCOOK,2.2351
2026-09-07,15:29,THYROCARE,-1.4275
2026-09-07,15:29,TIL,4.0657
2026-09-07,15:29,TIMETECHNO,-0.614
2026-09-07,15:29,TIMEX,0.681
2026-09-07,15:29,TINNARUBR,1.4523
2026-09-07,15:29,TIRUPATIFL,4.0076
2026-09-07,15:29,TITAGARH,7.8566
2026-09-07,15:29,TMB,4.7659
2026-09-07,15:29,TNPETRO,20.7203
2026-09-07,15:29,TNPL,14.0019
2026-09-07,15:29,TORNTPOWER,3.707
2026-09-07,15:29,TRANSPEK,4.7149
2026-09-07,15:29,TREL,2.6048
2026-09-07,15:29,TSFINV,-0.1484
2026-09-07,15:29,TTKHLTCARE,1.0091
2026-09-07,15:29,TTML,2.441
2026-09-07,15:29,TVSHLTD,2.3374
2026-09-07,15:29,TVSSCS,-1.3304
2026-09-07,15:29,TVSSRICHAK,1.1536
2026-09-07,15:29,UEL,27.2848
2026-09-07,15:29,UFLEX,8.1933
2026-09-07,15:29,UGARSUGAR,6.8836
2026-09-07,15:29,ULTRAMAR,1.4411
2026-09-07,15:29,UNICHEMLAB,5.5581
2026-09-07,15:29,UNIECOM,1.619
2026-09-07,15:29,UNIMECH,0.6934
2026-09-07,15:29,UNIONBANK,0.8347
2026-09-07,15:29,UNIPARTS,11.6046
2026-09-07,15:29,UNITEDPOLY,14.5299
2026-09-07,15:29,UNIVASTU,8.293
2026-09-07,15:29,UNIVPHOTO,11.7768
2026-09-07,15:29,UPL,-0.8822
2026-09-07,15:29,URBANCO,5.1984
2026-09-07,15:29,USHAMART,2.2795
2026-09-07,15:29,UTIAMC,-0.0842
2026-09-07,15:29,V2RETAIL,0.009
2026-09-07,15:29,VADILALIND,0.8194
2026-09-07,15:29,VALIANTLAB,3.6324
2026-09-07,15:29,VALIANTORG,8.483
2026-09-07,15:29,VARROC,1.7094
2026-09-07,15:29,VELJAN,5.0414
2026-09-07,15:29,VENKEYS,4.6141
2026-09-07,15:29,VENTIVE,-0.5056
2026-09-07,15:29,VENUSPIPES,9.1668
2026-09-07,15:29,VENUSREM,4.4616
2026-09-07,15:29,VERANDA,-0.7144
2026-09-07,15:29,VESUVIUS,-0.6747
2026-09-07,15:29,VGUARD,0.3167
2026-09-07,15:29,VHL,6.7358
2026-09-07,15:29,VHLTD,3.2884
2026-09-07,15:29,VIDHIING,-0.3142
2026-09-07,15:29,VIDYAWIRES,2.7389
2026-09-07,15:29,VIJAYA,1.7047
2026-09-07,15:29,VIKRAN,1.9001
2026-09-07,15:29,VIMTALABS,4.1707
2026-09-07,15:29,VINATIORGA,-1.4791
2026-09-07,15:29,VINCOFE,2.422
2026-09-07,15:29,VINDHYATEL,9.2669
2026-09-07,15:29,VIPIND,5.3237
2026-09-07,15:29,VISACHROME,-1.29
2026-09-07,15:29,VISAKAIND,1.2635
2026-09-07,15:29,VISHNU,12.1402
2026-09-07,15:29,VIVIANA,6.4788
2026-09-07,15:29,VIYASH,1.5992
2026-09-07,15:29,VLSFINANCE,-0.7391
2026-09-07,15:29,VMART,-1.1782
2026-09-07,15:29,VOLTAMP,-1.4383
2026-09-07,15:29,VRLLOG,-0.3913
2026-09-07,15:29,VSSL,-0.4469
2026-09-07,15:29,VTL,-0.74
2026-09-07,15:29,WAAREEENER,-1.1814
2026-09-07,15:29,WAKEFIT,5.1584
2026-09-07,15:29,WALCHANNAG,0.4949
2026-09-07,15:29,WELCORP,7.9849
2026-09-07,15:29,WELENT,15.7996
2026-09-07,15:29,WELINV,-0.8065
2026-09-07,15:29,WELSPLSOL,9.1801
2026-09-07,15:29,WELSPUNLIV,10.2241
2026-09-07,15:29,WENDT,-0.4298
2026-09-07,15:29,WEWORK,0
2026-09-07,15:29,WHEELS,15.7686
2026-09-07,15:29,WINDLAS,16.9782
2026-09-07,15:29,WINDMACHIN,2.155
2026-09-07,15:29,WOCKPHARMA,12.5382
2026-09-07,15:29,WSTCSTPAPR,13.2899
2026-09-07,15:29,XCHANGING,4.9111
2026-09-07,15:29,XPROINDIA,19.7784
2026-09-07,15:29,XTRANET,70.358
2026-09-07,15:29,YATHARTH,2.2352
2026-09-07,15:29,YATRA,6.6413
2026-09-07,15:29,YESBANK,0.7188
2026-09-07,15:29,YUKEN,8.2804
2026-09-07,15:29,ZFSTEERING,-0.4097
2026-09-07,15:29,ZIMLAB,3.1547
2026-09-07,15:29,ZOTA,0.7768
2026-09-07,15:29,ZSARACOM,5.975
2026-09-07,15:29,ZUARIIND,3.5259
2026-09-07,15:29,ZYDUSWELL,3.7649
2026-09-08,15:29,20MICRONS,-1.2252
2026-09-08,15:29,3BBLACKBIO,0.9784
2026-09-08,15:29,63MOONS,11.8302
2026-09-08,15:29,AADHARHFC,1.8149
2026-09-08,15:29,AARTIDRUGS,0.7048
2026-09-08,15:29,AARTIPHARM,3.1283
2026-09-08,15:29,AAVAS,1.4112
2026-09-08,15:29,ABB,-1.6247
2026-09-08,15:29,ABFRL,-0.4763
2026-09-08,15:29,ABLBL,-0.0946
2026-09-08,15:29,ABREL,-1.0743
2026-09-08,15:29,ABSLAMC,-0.9638
2026-09-08,15:29,ACCELYA,-0.8553
2026-09-08,15:29,ACE,-1.7009
2026-09-08,15:29,ACI,0.0826
2026-09-08,15:29,ACMESOLAR,4.8006
2026-09-08,15:29,ADANIGREEN,-1.4493
2026-09-08,15:29,ADANIPORTS,0.1464
2026-09-08,15:29,ADFFOODS,-0.2733
2026-09-08,15:29,ADOR,-0.5747
2026-09-08,15:29,ADVANCE,-1.2142
2026-09-08,15:29,ADVENZYMES,-0.3169
2026-09-08,15:29,AEGISLOG,-1.6519
2026-09-08,15:29,AEGISVOPAK,7.688
2026-09-08,15:29,AEROENTER,4.3475
2026-09-08,15:29,AEROFLEX,5.7923
2026-09-08,15:29,AFFLE,-0.6666
2026-09-08,15:29,AGARWALEYE,2.3434
2026-09-08,15:29,AGI,1.1616
2026-09-08,15:29,AHLWEST,-1.6221
2026-09-08,15:29,AIAENG,0.5857
2026-09-08,15:29,AJANTPHARM,0.6269
2026-09-08,15:29,AJAXENGG,4.0273
2026-09-08,15:29,AJMERA,0.5877
2026-09-08,15:29,AKCAPIT,3.7527
2026-09-08,15:29,ALEMBICLTD,9.6861
2026-09-08,15:29,ALGOQUANT,-1.3321
2026-09-08,15:29,ALICON,1.5181
2026-09-08,15:29,ALIVUS,1.6146
2026-09-08,15:29,ALLDIGI,-1.0754
2026-09-08,15:29,ALLTIME,3.7637
2026-09-08,15:29,AMAGI,0.9373
2026-09-08,15:29,AMANTA,9.0546
2026-09-08,15:29,AMBIKCO,-0.3907
2026-09-08,15:29,ANANDRATHI,0.7274
2026-09-08,15:29,ANANTRAJ,3.25
2026-09-08,15:29,ANDHRAPAP,18.0449
2026-09-08,15:29,ANDHRSUGAR,0.7856
2026-09-08,15:29,ANGELONE,1.3605
2026-09-08,15:29,ANTELOPUS,39.6101
2026-09-08,15:29,ANTHEM,6.4104
2026-09-08,15:29,ANUHPHR,14.3114
2026-09-08,15:29,APARINDS,-0.9437
2026-09-08,15:29,APEX,0.7738
2026-09-08,15:29,APLLTD,-0.6085
2026-09-08,15:29,APOLLO,7.8591
2026-09-08,15:29,APOLLOHOSP,-0.0113
2026-09-08,15:29,APTUS,0.3162
2026-09-08,15:29,AQYLON,4.4776
2026-09-08,15:29,ARFIN,6.5174
2026-09-08,15:29,ARIES,-0.2375
2026-09-08,15:29,ARIHANTCAP,-1.0707
2026-09-08,15:29,ARMANFIN,0.1622
2026-09-08,15:29,ARROWGREEN,15.7081
2026-09-08,15:29,ARSSBL,0.775
2026-09-08,15:29,ARTEMISMED,7.1417
2026-09-08,15:29,ARVIND,6.9937
2026-09-08,15:29,ASAHIINDIA,0.3044
2026-09-08,15:29,ASHOKA,1.4381
2026-09-08,15:29,ASIANENE,15.131
2026-09-08,15:29,ASIANHOTNR,28.4222
2026-09-08,15:29,ASIANTILES,4.5113
2026-09-08,15:29,ASTAR,-0.5083
2026-09-08,15:29,ASTEC,13.9909
2026-09-08,15:29,ASTERDM,5.6053
2026-09-08,15:29,ASTRAMICRO,2.9708
2026-09-08,15:29,ATLANTAELE,10.1542
2026-09-08,15:29,AUBANK,-0.3157
2026-09-08,15:29,AUROPHARMA,2.8384
2026-09-08,15:29,AVADHSUGAR,0.7469
2026-09-08,15:29,AVALON,2.6258
2026-09-08,15:29,AVANTEL,-0.2232
2026-09-08,15:29,AVANTIFEED,1.2579
2026-09-08,15:29,AVL,4.0284
2026-09-08,15:29,AVTNPL,6.057
2026-09-08,15:29,AWFIS,-0.0987
2026-09-08,15:29,AXISBANK,-1.5889
2026-09-08,15:29,AXISCADES,15.9215
2026-09-08,15:29,AYE,0.4676
2026-09-08,15:29,AYMSYNTEX,25.8255
2026-09-08,15:29,AZAD,-0.9963
2026-09-08,15:29,BAFNAPH,5.7197
2026-09-08,15:29,BAJAJ-AUTO,-0.2519
2026-09-08,15:29,BAJAJCON,7.6762
2026-09-08,15:29,BAJAJELEC,2.1638
2026-09-08,15:29,BAJAJHCARE,4.5652
2026-09-08,15:29,BAJAJHFL,-1.1647
2026-09-08,15:29,BAJAJHIND,4.5685
2026-09-08,15:29,BAJAJST,5.6287
2026-09-08,15:29,BALAJITELE,-0.6699
2026-09-08,15:29,BALAMINES,3.5516
2026-09-08,15:29,BALMLAWRIE,-0.7986
2026-09-08,15:29,BALRAMCHIN,8.6432
2026-09-08,15:29,BANCOINDIA,0.6246
2026-09-08,15:29,BANDHANBNK,1.9792
2026-09-08,15:29,BANSALWIRE,-0.9748
2026-09-08,15:29,BASF,-1.5564
2026-09-08,15:29,BAYERCROP,-1.5758
2026-09-08,15:29,BBOX,3.3517
2026-09-08,15:29,BECTORFOOD,-1.0821
2026-09-08,15:29,BEEKAY,0.8015
2026-09-08,15:29,BEL,-0.3278
2026-09-08,15:29,BELRISE,-1.1746
2026-09-08,15:29,BEML,6.0809
2026-09-08,15:29,BENGALASM,-1.8535
2026-09-08,15:29,BEPL,8.3549
2026-09-08,15:29,BFINVEST,1.8857
2026-09-08,15:29,BFUTILITIE,3.1945
2026-09-08,15:29,BGRENERGY,0.2965
2026-09-08,15:29,BHAGERIA,40.6492
2026-09-08,15:29,BHAGYANGR,0.2557
2026-09-08,15:29,BHARATCOAL,-1.4991
2026-09-08,15:29,BHARATFORG,-1.6685
2026-09-08,15:29,BHARATSE,0.1855
2026-09-08,15:29,BHARTIHEXA,-0.0516
2026-09-08,15:29,BIL,9.2282
2026-09-08,15:29,BIRLACABLE,15.1774
2026-09-08,15:29,BIRLANU,-0.6309
2026-09-08,15:29,BLEL,-1.3991
2026-09-08,15:29,BLIL,0.402
2026-09-08,15:29,BLISSGVS,22.8193
2026-09-08,15:29,BLS,-0.5564
2026-09-08,15:29,BLSE,-1.2874
2026-09-08,15:29,BLUEDART,-0.0461
2026-09-08,15:29,BLUEJET,0.6665
2026-09-08,15:29,BLUESTARCO,-1.2905
2026-09-08,15:29,BLUESTONE,9.3117
2026-09-08,15:29,BODALCHEM,85.759
2026-09-08,15:29,BORANA,0.6924
2026-09-08,15:29,BOROLTD,6.5594
2026-09-08,15:29,BORORENEW,0.219
2026-09-08,15:29,BOROSCI,4.1707
2026-09-08,15:29,BOSCH-HCIL,5.8282
2026-09-08,15:29,BOSCHLTD,0.2981
2026-09-08,15:29,BRIGADE,6.9677
2026-09-08,15:29,BSE,-0.3231
2026-09-08,15:29,BSHSL,-0.7403
2026-09-08,15:29,BUILDPRO,4.6153
2026-09-08,15:29,CAMLINFINE,0.6086
2026-09-08,15:29,CANHLIFE,-0.0195
2026-09-08,15:29,CAPITALSFB,-1.651
2026-09-08,15:29,CAPLIPOINT,10.0469
2026-09-08,15:29,CARBORUNIV,-1.8714
2026-09-08,15:29,CARERATING,2.3185
2026-09-08,15:29,CARTRADE,5.3772
2026-09-08,15:29,CARYSIL,3.7922
2026-09-08,15:29,CASTROLIND,2.2781
2026-09-08,15:29,CCL,0.6678
2026-09-08,15:29,CDSL,-1.0391
2026-09-08,15:29,CEIGALL,9.9267
2026-09-08,15:29,CEMPRO,1.3406
2026-09-08,15:29,CENTENKA,7.6361
2026-09-08,15:29,CENTRALBK,1.3752
2026-09-08,15:29,CENTUM,24.5324
2026-09-08,15:29,CENTURYPLY,-1.2868
2026-09-08,15:29,CERA,1.8923
2026-09-08,15:29,CESC,-1.3909
2026-09-08,15:29,CEWATER,-0.1869
2026-09-08,15:29,CGCL,4.95
2026-09-08,15:29,CGPOWER,2.4409
2026-09-08,15:29,CHALET,-0.3828
2026-09-08,15:29,CHAMBLFERT,-0.6879
2026-09-08,15:29,CHEMCON,5.0065
2026-09-08,15:29,CHEMPLASTS,-1.051
2026-09-08,15:29,CHENNPETRO,8.7018
2026-09-08,15:29,CHEVIOT,6.3945
2026-09-08,15:29,CHOLAHLDNG,1.8281
2026-09-08,15:29,CIEINDIA,-1.6797
2026-09-08,15:29,CLEAN,-0.7412
2026-09-08,15:29,CLEANMAX,11.8555
2026-09-08,15:29,CLSEL,4.2996
2026-09-08,15:29,CMPDI,2.5458
2026-09-08,15:29,CMRGREEN,-1.3105
2026-09-08,15:29,COALINDIA,4.8005
2026-09-08,15:29,COCHINSHIP,-0.443
2026-09-08,15:29,COCKERILL,2.4929
2026-09-08,15:29,COFFEEDAY,16.1072
2026-09-08,15:29,COHANCE,0.3779
2026-09-08,15:29,COLPAL,-0.3832
2026-09-08,15:29,COMSYN,7.039
2026-09-08,15:29,CONCORDBIO,-0.7157
2026-09-08,15:29,CONFIPET,3.2803
2026-09-08,15:29,CONSOFINVT,18.0112
2026-09-08,15:29,CONTROLPR,-0.8191
2026-09-08,15:29,CORDELIA,1.5897
2026-09-08,15:29,COROMANDEL,1.9543
2026-09-08,15:29,CORONA,0.6588
2026-09-08,15:29,CPPLUS,7.0514
2026-09-08,15:29,CRAFTSMAN,2.5904
2026-09-08,15:29,CREDITACC,1.8251
2026-09-08,15:29,CRISIL,0.4606
2026-09-08,15:29,CRIZAC,-0.5552
2026-09-08,15:29,CROMPTON,-0.4721
2026-09-08,15:29,CSLFINANCE,4.7332
2026-09-08,15:29,CUB,4.8281
2026-09-08,15:29,CYIENTDLM,19.1857
2026-09-08,15:29,DAMCAPITAL,-0.67
2026-09-08,15:29,DATAPATTNS,6.6489
2026-09-08,15:29,DBOL,0.5581
2026-09-08,15:29,DCAL,-0.452
2026-09-08,15:29,DCBBANK,7.7851
2026-09-08,15:29,DCMSHRIRAM,-1.3792
2026-09-08,15:29,DCW,2.694
2026-09-08,15:29,DECCANCE,-0.1758
2026-09-08,15:29,DEEDEV,15.7469
2026-09-08,15:29,DEEPINDS,21.3878
2026-09-08,15:29,DENTA,-1.4449
2026-09-08,15:29,DEVYANI,-1.3935
2026-09-08,15:29,DHANUKA,1.839
2026-09-08,15:29,DHARMAJ,-0.2588
2026-09-08,15:29,DHUNINV,-1.1642
2026-09-08,15:29,DICIND,2.8484
2026-09-08,15:29,DIFFNKG,7.6642
2026-09-08,15:29,DIVGIITTS,1.2041
2026-09-08,15:29,DIVISLAB,3.6368
2026-09-08,15:29,DLF,-0.6914
2026-09-08,15:29,DLINKINDIA,-0.0564
2026-09-08,15:29,DODLA,-1.0701
2026-09-08,15:29,DOLLAR,-1.47
2026-09-08,15:29,DOLPHIN,12.2766
2026-09-08,15:29,DOMS,-0.3411
2026-09-08,15:29,DRAGARWQ,0.4194
2026-09-08,15:29,DSSL,-0.7664
2026-09-08,15:29,DVL,4.5388
2026-09-08,15:29,DYNAMATECH,1.2942
2026-09-08,15:29,E2E,0.1947
2026-09-08,15:29,EBGNG,4.7315
2026-09-08,15:29,ECLERX,-0.5318
2026-09-08,15:29,ECOSMOBLTY,-1.3405
2026-09-08,15:29,EDELWEISS,10.6682
2026-09-08,15:29,EIEL,-1.5209
2026-09-08,15:29,EIHOTEL,-0.6884
2026-09-08,15:29,EIMCOELECO,2.8277
2026-09-08,15:29,ELANTAS,21.0545
2026-09-08,15:29,ELDEHSG,-0.4379
2026-09-08,15:29,ELECON,-0.9641
2026-09-08,15:29,ELGIEQUIP,1.4868
2026-09-08,15:29,ELPROINTL,-0.3091
2026-09-08,15:29,EMAMIPAP,4.7619
2026-09-08,15:29,EMCURE,3.017
2026-09-08,15:29,EMIL,4.8886
2026-09-08,15:29,EMKAY,3.621
2026-09-08,15:29,EMMVEE,2.2061
2026-09-08,15:29,EMSLIMITED,0.1456
2026-09-08,15:29,ENGINERSIN,10.0426
2026-09-08,15:29,ENRIN,-1.3107
2026-09-08,15:29,ENTERO,2.3886
2026-09-08,15:29,EPACKPEB,3.7004
2026-09-08,15:29,EPL,-1.5242
2026-09-08,15:29,EQUITASBNK,-1.8403
2026-09-08,15:29,ERIS,0.753
2026-09-08,15:29,ESABINDIA,-1.5417
2026-09-08,15:29,ESCORTS,-0.0763
2026-09-08,15:29,EUROPRATIK,-0.1942
2026-09-08,15:29,EVEREADY,3.4856
2026-09-08,15:29,EXICOM,8.1701
2026-09-08,15:29,EXPLEOSOL,1.3931
2026-09-08,15:29,FABTECH,-0.4405
2026-09-08,15:29,FAZE3Q,1.2728
2026-09-08,15:29,FCL,16.8099
2026-09-08,15:29,FDC,1.0073
2026-09-08,15:29,FEDDERSHOL,9.1157
2026-09-08,15:29,FEDERALBNK,-0.0291
2026-09-08,15:29,FEDFINA,2.114
2026-09-08,15:29,FINCABLES,0.339
2026-09-08,15:29,FINEORG,-1.6375
2026-09-08,15:29,FINOPB,-1.1302
2026-09-08,15:29,FINPIPE,-1.6816
2026-09-08,15:29,FISCHER,0.3386
2026-09-08,15:29,FORCEMOT,1.468
2026-09-08,15:29,FRONTSP,-1.1937
2026-09-08,15:29,FUSION,1.4154
2026-09-08,15:29,GABRIEL,1.6087
2026-09-08,15:29,GAEL,0.1916
2026-09-08,15:29,GAIL,2.332
2026-09-08,15:29,GALAPREC,2.0016
2026-09-08,15:29,GALAXYSURF,-1.4486
2026-09-08,15:29,GANDHAR,2.9555
2026-09-08,15:29,GANDHITUBE,-0.59
2026-09-08,15:29,GANECOS,2.0701
2026-09-08,15:29,GANESHBE,8.063
2026-09-08,15:29,GARFIBRES,2.5219
2026-09-08,15:29,GARUDA,4.8002
2026-09-08,15:29,GATEWAY,0.6156
2026-09-08,15:29,GAYAPROJ,5.0113
2026-09-08,15:29,GCSL,10.521
2026-09-08,15:29,GEECEE,-0.4054
2026-09-08,15:29,GENESYS,26.5101
2026-09-08,15:29,GESHIP,3.2995
2026-09-08,15:29,GFLLIMITED,10.8511
2026-09-08,15:29,GHCLTEXTIL,0.8946
2026-09-08,15:29,GICHSGFIN,-1.6309
2026-09-08,15:29,GICRE,-1.4718
2026-09-08,15:29,GILLETTE,2.9319
2026-09-08,15:29,GKSL,9.0575
2026-09-08,15:29,GLAND,2.4688
2026-09-08,15:29,GLENMARK,-1.6103
2026-09-08,15:29,GLOBAL,16.1758
2026-09-08,15:29,GLOSTERLTD,-1.3753
2026-09-08,15:29,GMBREW,4.1947
2026-09-08,15:29,GMDCLTD,0.2114
2026-09-08,15:29,GMMPFAUDLR,25.1778
2026-09-08,15:29,GMRAIRPORT,-1.3325
2026-09-08,15:29,GMRP&UI,2.421
2026-09-08,15:29,GNA,1.981
2026-09-08,15:29,GNFC,1.5602
2026-09-08,15:29,GNRL,12.5284
2026-09-08,15:29,GOCLCORP,12.1958
2026-09-08,15:29,GODAVARIB,2.2255
2026-09-08,15:29,GODIGIT,-1.2197
2026-09-08,15:29,GODREJAGRO,10.5531
2026-09-08,15:29,GOKEX,1.7583
2026-09-08,15:29,GOODLUCK,14.6144
2026-09-08,15:29,GPIL,2.4432
2026-09-08,15:29,GPTHEALTH,5.9188
2026-09-08,15:29,GPTINFRA,-0.4379
2026-09-08,15:29,GRANULES,7.0161
2026-09-08,15:29,GRAPHITE,5.4957
2026-09-08,15:29,GRASIM,0.5106
2026-09-08,15:29,GRAUWEIL,0.9675
2026-09-08,15:29,GREAVESCOT,-0.6944
2026-09-08,15:29,GREENPANEL,0.3912
2026-09-08,15:29,GREENPLY,4.5764
2026-09-08,15:29,GRMOVER,2.0722
2026-09-08,15:29,GROWW,1.9743
2026-09-08,15:29,GRPLTD,-0.4724
2026-09-08,15:29,GSFC,1.7978
2026-09-08,15:29,GTPL,8.4796
2026-09-08,15:29,GUFICBIO,8.3682
2026-09-08,15:29,GUJALKALI,1.6835
2026-09-08,15:29,GUJENERGY,2.1115
2026-09-08,15:29,GUJTHEM,10.2664
2026-09-08,15:29,GVPIL,0.5362
2026-09-08,15:29,GVT&D,9.4672
2026-09-08,15:29,GYFTR,11.5094
2026-09-08,15:29,HAL,3.4972
2026-09-08,15:29,HALDYNGL,1.3282
2026-09-08,15:29,HARIOMPIPE,5.5366
2026-09-08,15:29,HARSHA,6.3689
2026-09-08,15:29,HATSUN,1.8664
2026-09-08,15:29,HAWKINCOOK,-0.2187
2026-09-08,15:29,HBLENGINE,8.478
2026-09-08,15:29,HCG,-0.8186
2026-09-08,15:29,HDBFS,0.552
2026-09-08,15:29,HEALTHX,0.8499
2026-09-08,15:29,HEIDELBERG,-0.7889
2026-09-08,15:29,HERANBA,0.6758
2026-09-08,15:29,HERITGFOOD,3.1305
2026-09-08,15:29,HESTERBIO,0.695
2026-09-08,15:29,HEXATRADEX,-1.7178
2026-09-08,15:29,HFCL,-0.2823
2026-09-08,15:29,HIKAL,20.4573
2026-09-08,15:29,HINDCOPPER,-0.1312
2026-09-08,15:29,HINDOILEXP,19.0582
2026-09-08,15:29,HINDUNILVR,-1.5121
2026-09-08,15:29,HIRECT,3.5224
2026-09-08,15:29,HITECHCORP,0.8859
2026-09-08,15:29,HITECHGEAR,-1.4438
2026-09-08,15:29,HLEGLAS,6.7667
2026-09-08,15:29,HMT,10.1747
2026-09-08,15:29,HNDFDS,-1.7259
2026-09-08,15:29,HOMEFIRST,3.2379
2026-09-08,15:29,HONASA,1.1473
2026-09-08,15:29,HPL,-1.8782
2026-09-08,15:29,HSCL,-0.3418
2026-09-08,15:29,HUBTOWN,-0.2848
2026-09-08,15:29,IBULLSLTD,-1.3683
2026-09-08,15:29,ICEMAKE,-1.643
2026-09-08,15:29,ICICIBANK,-1.6446
2026-09-08,15:29,ICIL,3.6556
2026-09-08,15:29,ICRA,-1.1887
2026-09-08,15:29,IDFCFIRSTB,4.0664
2026-09-08,15:29,IFCI,2.9458
2026-09-08,15:29,IGL,4.3425
2026-09-08,15:29,IGPL,9.7953
2026-09-08,15:29,IIFLCAPS,1.8607
2026-09-08,15:29,IKIO,2.8121
2026-09-08,15:29,IKS,1.0216
2026-09-08,15:29,IMPAL,4.9203
2026-09-08,15:29,INA,0.5833
2026-09-08,15:29,INDGN,1.7704
2026-09-08,15:29,INDHOTEL,1.9253
2026-09-08,15:29,INDIANHUME,0.6079
2026-09-08,15:29,INDIASHLTR,3.3623
2026-09-08,15:29,INDIGOPNTS,-0.9984
2026-09-08,15:29,INDIQUBE,6.6178
2026-09-08,15:29,INDNIPPON,5.7178
2026-09-08,15:29,INDOAMIN,5.3653
2026-09-08,15:29,INDOBORAX,3.2216
2026-09-08,15:29,INDOCO,-1.8288
2026-09-08,15:29,INDOFARM,3.8243
2026-09-08,15:29,INDOMIM,11.6238
2026-09-08,15:29,INDORAMA,17.8005
2026-09-08,15:29,INDOTECH,-1.605
2026-09-08,15:29,INDPRUD,-1.4677
2026-09-08,15:29,INDSWFTLAB,6.9933
2026-09-08,15:29,INDUSINDBK,0.3722
2026-09-08,15:29,INDUSTOWER,-1.829
2026-09-08,15:29,INNOVACAP,11.0606
2026-09-08,15:29,INNOVISION,1.9211
2026-09-08,15:29,INOXGREEN,0.0918
2026-09-08,15:29,INOXINDIA,4.2188
2026-09-08,15:29,INOXWIND,5.4604
2026-09-08,15:29,INSECTICID,1.9549
2026-09-08,15:29,INTELLECT,1.7802
2026-09-08,15:29,INTERARCH,3.0622
2026-09-08,15:29,INTLCONV,-0.8716
2026-09-08,15:29,INVPRECQ,2.7054
2026-09-08,15:29,IOB,1.6154
2026-09-08,15:29,IOLCP,8.2226
2026-09-08,15:29,IONEXCHANG,16.2337
2026-09-08,15:29,IPCALAB,0.8665
2026-09-08,15:29,IRIS,1.5755
2026-09-08,15:29,IRISDOREME,4.9744
2026-09-08,15:29,IRMENERGY,-0.3882
2026-09-08,15:29,ISGEC,-0.8428
2026-09-08,15:29,ITC,-0.9398
2026-09-08,15:29,IXIGO,4.0402
2026-09-08,15:29,IZMO,9.2757
2026-09-08,15:29,JAGRAN,2.0228
2026-09-08,15:29,JAGSNPHARM,-0.5605
2026-09-08,15:29,JAINREC,2.9866
2026-09-08,15:29,JAMNAAUTO,6.7219
2026-09-08,15:29,JASH,8.4466
2026-09-08,15:29,JAYAGROGN,11.6071
2026-09-08,15:29,JAYKAY,3.7376
2026-09-08,15:29,JINDALPHOT,-1.0812
2026-09-08,15:29,JINDALPOLY,7.5411
2026-09-08,15:29,JINDALSAW,-0.324
2026-09-08,15:29,JINDRILL,7.9274
2026-09-08,15:29,JINDWORLD,46.6719
2026-09-08,15:29,JISLJALEQS,8.4321
2026-09-08,15:29,JKPAPER,6.0656
2026-09-08,15:29,JMFINANCIL,-0.6342
2026-09-08,15:29,JNKINDIA,-1.5972
2026-09-08,15:29,JNPR,2.2732
2026-09-08,15:29,JSFB,-0.2218
2026-09-08,15:29,JSL,4.7649
2026-09-08,15:29,JSLL,-1.3756
2026-09-08,15:29,JSWDULUX,2.0445
2026-09-08,15:29,JSWENERGY,-1.6439
2026-09-08,15:29,JSWHL,-0.9674
2026-09-08,15:29,JTLIND,-0.3561
2026-09-08,15:29,JUBLCPL,1.7473
2026-09-08,15:29,JUBLINGREA,-1.1997
2026-09-08,15:29,JUBLPHARMA,13.0403
2026-09-08,15:29,JUNIPER,0.5406
2026-09-08,15:29,JUSTDIAL,-1.4619
2026-09-08,15:29,JWL,-1.0975
2026-09-08,15:29,JYOTICNC,-0.2117
2026-09-08,15:29,KABRAEXTRU,8.7738
2026-09-08,15:29,KAJARIACER,2.8548
2026-09-08,15:29,KALPATARU,-1.5554
2026-09-08,15:29,KALYANKJIL,-0.5197
2026-09-08,15:29,KAMATHOTEL,1.6995
2026-09-08,15:29,KAMDHENU,11.2801
2026-09-08,15:29,KANORICHEM,-0.2198
2026-09-08,15:29,KANSAINER,-1.2106
2026-09-08,15:29,KAPSTON,2.5841
2026-09-08,15:29,KARURVYSYA,-1.4017
2026-09-08,15:29,KAYA,8.7521
2026-09-08,15:29,KDDL,0.7315
2026-09-08,15:29,KENNAMET,1.6178
2026-09-08,15:29,KICL,-0.695
2026-09-08,15:29,KILITCH,9.3788
2026-09-08,15:29,KIMS,-0.8431
2026-09-08,15:29,KINGFA,1.5134
2026-09-08,15:29,KIRANVYPAR,2.5676
2026-09-08,15:29,KIRIINDUS,19.3143
2026-09-08,15:29,KIRLFER,2.2341
2026-09-08,15:29,KIRLOSENG,7.051
2026-09-08,15:29,KIRLOSIND,-1.0094
2026-09-08,15:29,KIRLPNU,3.0001
2026-09-08,15:29,KISSHT,8.064
2026-09-08,15:29,KITEX,-1.0125
2026-09-08,15:29,KKCL,-1.0946
2026-09-08,15:29,KLBRENG-B,9.1924
2026-09-08,15:29,KOKUYOCMLN,-1.4218
2026-09-08,15:29,KOLTEPATIL,-1.3945
2026-09-08,15:29,KOPRAN,18.7103
2026-09-08,15:29,KOTAKBANK,-1.0503
2026-09-08,15:29,KOTHARIPET,10.0191
2026-09-08,15:29,KOVAI,1.235
2026-09-08,15:29,KPIL,0.8079
2026-09-08,15:29,KPL,10.4728
2026-09-08,15:29,KPRMILL,0.4247
2026-09-08,15:29,KRBL,-1.5081
2026-09-08,15:29,KRISHNADEF,9.0018
2026-09-08,15:29,KRN,3.1372
2026-09-08,15:29,KROSS,-1.2664
2026-09-08,15:29,KRYSTAL,2.7707
2026-09-08,15:29,KSB,3.8042
2026-09-08,15:29,KSHINTL,22.0885
2026-09-08,15:29,KSL,2.1895
2026-09-08,15:29,KSOLVES,-0.427
2026-09-08,15:29,KTKBANK,1.1806
2026-09-08,15:29,KUANTUM,7.4166
2026-09-08,15:29,KUSUMGAR,0.4795
2026-09-08,15:29,LALPATHLAB,-0.9632
2026-09-08,15:29,LANDMARK,-1.0728
2026-09-08,15:29,LAURUSLABS,0.4333
2026-09-08,15:29,LAXMIDENTL,-0.2653
2026-09-08,15:29,LAXMIINDIA,2.9298
2026-09-08,15:29,LCL,-1.6457
2026-09-08,15:29,LENSKART,9.3689
2026-09-08,15:29,LGBBROSLTD,1.1061
2026-09-08,15:29,LGEINDIA,-1.1352
2026-09-08,15:29,LGHL,1.0147
2026-09-08,15:29,LICHSGFIN,5.2336
2026-09-08,15:29,LINC,2.8993
2026-09-08,15:29,LINCOLN,4.041
2026-09-08,15:29,LLOYDSME,-0.6021
2026-09-08,15:29,LMW,-1.5766
2026-09-08,15:29,LOKESHMACH,16.3386
2026-09-08,15:29,LOTUSDEV,6.5377
2026-09-08,15:29,LTFOODS,3.619
2026-09-08,15:29,LUMAXIND,1.0212
2026-09-08,15:29,LUMAXTECH,-1.4908
2026-09-08,15:29,LXCHEM,7.6923
2026-09-08,15:29,M&MFIN,-0.5975
2026-09-08,15:29,MAHABANK,1.1814
2026-09-08,15:29,MAHLIFE,-0.3809
2026-09-08,15:29,MAHLOG,4.0993
2026-09-08,15:29,MAHSEAMLES,2.8638
2026-09-08,15:29,MAITHANALL,8.0487
2026-09-08,15:29,MALLCOM,-1.8399
2026-09-08,15:29,MAMATA,6.4117
2026-09-08,15:29,MANAKCOAT,0.0651
2026-09-08,15:29,MANAKSTEEL,10.0644
2026-09-08,15:29,MANALIPETC,22.7917
2026-09-08,15:29,MANBA,-0.107
2026-09-08,15:29,MANGLMCEM,-0.0376
2026-09-08,15:29,MANINDS,6.9643
2026-09-08,15:29,MANINFRA,4.0225
2026-09-08,15:29,MANORAMA,12.8877
2026-09-08,15:29,MANYAVAR,5.7959
2026-09-08,15:29,MAPMYINDIA,0.3002
2026-09-08,15:29,MARATHON,5.8831
2026-09-08,15:29,MARICO,-0.6931
2026-09-08,15:29,MARINE,2.3722
2026-09-08,15:29,MARKSANS,1.8805
2026-09-08,15:29,MARSONS,-1.5769
2026-09-08,15:29,MASFIN,-1.4436
2026-09-08,15:29,MASTERTR,11.3812
2026-09-08,15:29,MATRIMONY,0.2039
2026-09-08,15:29,MAXESTATES,-0.167
2026-09-08,15:29,MAZDA,9.6562
2026-09-08,15:29,MBAPL,0.8776
2026-09-08,15:29,MBEL,-1.3451
2026-09-08,15:29,MCX,0.3001
2026-09-08,15:29,MEDIASSIST,-0.7639
2026-09-08,15:29,MEESHO,1.1647
2026-09-08,15:29,MENONBE,2.2592
2026-09-08,15:29,MERCURYEV,-0.7499
2026-09-08,15:29,METROBRAND,1.2651
2026-09-08,15:29,METROPOLIS,-1.0621
2026-09-08,15:29,MGL,0.9702
2026-09-08,15:29,MIDHANI,14.1831
2026-09-08,15:29,MILKYMIST,28.7714
2026-09-08,15:29,MINDACORP,0.7826
2026-09-08,15:29,MMP,18.3234
2026-09-08,15:29,MMTC,0.1903
2026-09-08,15:29,MOBIKWIK,0.9411
2026-09-08,15:29,MODIS,-0.3842
2026-09-08,15:29,MODISONLTD,20.9666
2026-09-08,15:29,MOL,8.0079
2026-09-08,15:29,MOLDTECH,12.4697
2026-09-08,15:29,MOLDTKPAC,0.9187
2026-09-08,15:29,MONARCH,1.5534
2026-09-08,15:29,MONTECARLO,3.5122
2026-09-08,15:29,MOREPENLAB,10.3305
2026-09-08,15:29,MOTHERSON,-1.0568
2026-09-08,15:29,MOTILALOFS,1.2713
2026-09-08,15:29,MPSLTD,2.6588
2026-09-08,15:29,MRPL,2.6286
2026-09-08,15:29,MSTCLTD,6.7018
2026-09-08,15:29,MTARTECH,11.4692
2026-09-08,15:29,MUKANDLTD,0.2841
2026-09-08,15:29,MUKKA,22.5858
2026-09-08,15:29,MUNJALAU,0.3559
2026-09-08,15:29,MUNJALSHOW,-1.695
2026-09-08,15:29,MVELECTRO,22.7503
2026-09-08,15:29,MVGJL,36.0889
2026-09-08,15:29,NAHARINDUS,1.0589
2026-09-08,15:29,NAHARPOLY,-1.6859
2026-09-08,15:29,NAM-INDIA,-0.4605
2026-09-08,15:29,NAVA,-1.8235
2026-09-08,15:29,NAVINFLUOR,2.5066
2026-09-08,15:29,NAZARA,-1.6551
2026-09-08,15:29,NBCC,-1.7143
2026-09-08,15:29,NBIFIN,-0.9403
2026-09-08,15:29,NCC,0.1685
2026-09-08,15:29,NCLIND,0.2213
2026-09-08,15:29,NDRAUTO,0.3917
2026-09-08,15:29,NDTV,-1.0031
2026-09-08,15:29,NELCO,1.238
2026-09-08,15:29,NEOGEN,0.1448
2026-09-08,15:29,NEPHROPLUS,7.4745
2026-09-08,15:29,NESCO,6.5528
2026-09-08,15:29,NEULANDLAB,3.4044
2026-09-08,15:29,NFL,-1.0409
2026-09-08,15:29,NGLFINE,-0.064
2026-09-08,15:29,NH,-1.796
2026-09-08,15:29,NHPC,1.4435
2026-09-08,15:29,NIACL,10.132
2026-09-08,15:29,NILKAMAL,1.9354
2026-09-08,15:29,NITINSPIN,4.5817
2026-09-08,15:29,NITTAGELA,0.8695
2026-09-08,15:29,NIVABUPA,-1.5281
2026-09-08,15:29,NLCINDIA,0.6098
2026-09-08,15:29,NOCIL,12.1908
2026-09-08,15:29,NORTHARC,8.7839
2026-09-08,15:29,NOVARTIND,22.5863
2026-09-08,15:29,NPST,0.9053
2026-09-08,15:29,NRAIL,29.5176
2026-09-08,15:29,NRBBEARING,4.2478
2026-09-08,15:29,NRL,4.368
2026-09-08,15:29,NSIL,-0.971
2026-09-08,15:29,NTPC,0.2272
2026-09-08,15:29,NUVAMA,1.7396
2026-09-08,15:29,NUVOCO,4.6175
2026-09-08,15:29,NYKAA,1.5939
2026-09-08,15:29,OAL,8.8458
2026-09-08,15:29,OCCLLTD,4.1643
2026-09-08,15:29,OIL,2.5991
2026-09-08,15:29,OMINFRAL,-1.2649
2026-09-08,15:29,ONEPOINT,2.4169
2026-09-08,15:29,ONESOURCE,3.0871
2026-09-08,15:29,ONGC,1.6146
2026-09-08,15:29,ONWARDTEC,-0.3134
2026-09-08,15:29,ORBTEXP,-1.7199
2026-09-08,15:29,ORCHPHARMA,-1.0045
2026-09-08,15:29,ORIENTBELL,8.1872
2026-09-08,15:29,ORIENTHOT,2.2258
2026-09-08,15:29,ORKLAINDIA,-0.9322
2026-09-08,15:29,PAGEIND,-0.1945
2026-09-08,15:29,PAISALO,15.0385
2026-09-08,15:29,PANACEABIO,-0.9229
2026-09-08,15:29,PANAMAPET,3.8586
2026-09-08,15:29,PARACABLES,10.7103
2026-09-08,15:29,PARAGMILK,7.0482
2026-09-08,15:29,PARAS,4.4662
2026-09-08,15:29,PARKHOTELS,0.6944
2026-09-08,15:29,PASUPTAC,8.626
2026-09-08,15:29,PATANJALI,-1.8511
2026-09-08,15:29,PAUSHAKLTD,-0.7725
2026-09-08,15:29,PAYTM,1.1569
2026-09-08,15:29,PCBL,2.0801
2026-09-08,15:29,PDMJEPAPER,4.8747
2026-09-08,15:29,PENIND,11.3015
2026-09-08,15:29,PFC,1.108
2026-09-08,15:29,PFOCUS,6.3689
2026-09-08,15:29,PFS,2.82
2026-09-08,15:29,PGHL,-1.1904
2026-09-08,15:29,PGIL,2.2685
2026-09-08,15:29,PHOENIXLTD,-1.6693
2026-09-08,15:29,PIIND,-1.0372
2026-09-08,15:29,PINELABS,2.714
2026-09-08,15:29,PITTIENG,4.4684
2026-09-08,15:29,PLASTIBLEN,0.881
2026-09-08,15:29,PLATIND,0.8197
2026-09-08,15:29,PNB,0.5199
2026-09-08,15:29,PNBGILTS,3.2397
2026-09-08,15:29,PNBHOUSING,-0.2393
2026-09-08,15:29,PNGJL,4.9248
2026-09-08,15:29,PNGSREVA,0.793
2026-09-08,15:29,POLICYBZR,0.8004
2026-09-08,15:29,POLYMED,-0.1673
2026-09-08,15:29,POWERGRID,-0.1128
2026-09-08,15:29,POWERICA,2.5111
2026-09-08,15:29,PPL,3.9052
2026-09-08,15:29,PPLPHARMA,3.6309
2026-09-08,15:29,PRABHA,22.034
2026-09-08,15:29,PRADPME,-0.6904
2026-09-08,15:29,PREMEXPLN,2.2558
2026-09-08,15:29,PRESTIGE,-1.6625
2026-09-08,15:29,PRICOLLTD,-1.5636
2026-09-08,15:29,PRIVISCL,0.3355
2026-09-08,15:29,PROSTARM,-0.0591
2026-09-08,15:29,PROZONER,8.929
2026-09-08,15:29,PRSMJOHNSN,0.9804
2026-09-08,15:29,PSB,-1.21
2026-09-08,15:29,PSPPROJECT,-1.5298
2026-09-08,15:29,PTCIL,7.327
2026-09-08,15:29,PTL,-0.2595
2026-09-08,15:29,PURVA,0.2827
2026-09-08,15:29,PVP,-1.7633
2026-09-08,15:29,PVRINOX,0.8518
2026-09-08,15:29,PVSL,-0.4701
2026-09-08,15:29,PWL,6.002
2026-09-08,15:29,QPOWER,6.1836
2026-09-08,15:29,QUADFUTURE,2.7493
2026-09-08,15:29,QUICKHEAL,10.6033
2026-09-08,15:29,RACLGEAR,0.104
2026-09-08,15:29,RADHIKAJWE,27.9232
2026-09-08,15:29,RAIN,9.282
2026-09-08,15:29,RAINBOW,0.4921
2026-09-08,15:29,RAJESHEXPO,3.6454
2026-09-08,15:29,RAJOOENG,8.9913
2026-09-08,15:29,RAJRATAN,0.0302
2026-09-08,15:29,RAMBHAJO,9.792
2026-09-08,15:29,RAMCOSYS,5.3164
2026-09-08,15:29,RANEHOLDIN,5.8102
2026-09-08,15:29,RATNAMANI,7.38
2026-09-08,15:29,RATNAVEER,0.9663
2026-09-08,15:29,RAYMOND,36.8429
2026-09-08,15:29,RAYMONDLSL,0.7955
2026-09-08,15:29,RAYMONDREL,4.5687
2026-09-08,15:29,RBLBANK,9.555
2026-09-08,15:29,RBZJEWEL,23.9261
2026-09-08,15:29,RECLTD,0.3314
2026-09-08,15:29,REDINGTON,2.0628
2026-09-08,15:29,RELIANCE,0.6138
2026-09-08,15:29,RELIGARE,9.2512
2026-09-08,15:29,RELTD,-0.8739
2026-09-08,15:29,RENUKA,4.3496
2026-09-08,15:29,REPCOHOME,-1.1354
2026-09-08,15:29,RGL,7.6117
2026-09-08,15:29,RHETAN,37.8631
2026-09-08,15:29,RHIM,0.6363
2026-09-08,15:29,RICOAUTO,2.295
2026-09-08,15:29,RISHABH,16.8739
2026-09-08,15:29,RITCO,2.1983
2026-09-08,15:29,RITES,-1.8571
2026-09-08,15:29,RMDRIP,12.139
2026-09-08,15:29,RML,23.3691
2026-09-08,15:29,ROHLTD,1.8687
2026-09-08,15:29,ROSSTECH,10.2662
2026-09-08,15:29,ROTO,1.4259
2026-09-08,15:29,ROUTE,-1.335
2026-09-08,15:29,RPGLIFE,10.4429
2026-09-08,15:29,RPTECH,-1.2793
2026-09-08,15:29,RSL,7.1666
2026-09-08,15:29,RSWM,15.1531
2026-09-08,15:29,RSYSTEMS,-0.3485
2026-09-08,15:29,RUBICON,3.1146
2026-09-08,15:29,RUBYMILLS,15.3432
2026-09-08,15:29,SAATVIKGL,-1.5037
2026-09-08,15:29,SAFARI,1.5897
2026-09-08,15:29,SAGILITY,-1.3811
2026-09-08,15:29,SAILIFE,10.9158
2026-09-08,15:29,SAIPARENT,1.6016
2026-09-08,15:29,SAKAR,32.2199
2026-09-08,15:29,SALSTEEL,5.9473
2026-09-08,15:29,SALZERELEC,-0.371
2026-09-08,15:29,SAMBHV,0.9889
2026-09-08,15:29,SAMHI,-0.2564
2026-09-08,15:29,SAMMAANCAP,4.9383
2026-09-08,15:29,SANATHAN,5.0106
2026-09-08,15:29,SANDESH,4.1157
2026-09-08,15:29,SANGHVIMOV,-0.653
2026-09-08,15:29,SANSERA,4.5245
2026-09-08,15:29,SANSTAR,1.303
2026-09-08,15:29,SARDAEN,2.2823
2026-09-08,15:29,SAREGAMA,0.8726
2026-09-08,15:29,SARLAPOLY,2.744
2026-09-08,15:29,SASKEN,-0.3524
2026-09-08,15:29,SATIA,17.4342
2026-09-08,15:29,SAURASHCEM,-0.3906
2026-09-08,15:29,SAYAJIHOTL,1.362
2026-09-08,15:29,SBC,11.543
2026-09-08,15:29,SBCL,5.3374
2026-09-08,15:29,SBFC,-1.4177
2026-09-08,15:29,SBICARD,4.204
2026-09-08,15:29,SBIFUNDS,-1.4367
2026-09-08,15:29,SCHNEIDER,2.313
2026-09-08,15:29,SCPL,2.5395
2026-09-08,15:29,SDBL,-1.3491
2026-09-08,15:29,SEAMECLTD,6.3223
2026-09-08,15:29,SENCO,1.9727
2026-09-08,15:29,SENORES,1.869
2026-09-08,15:29,SESHAPAPER,6.2584
2026-09-08,15:29,SETL,11.0653
2026-09-08,15:29,SFL,6.1146
2026-09-08,15:29,SGFIN,-1.2271
2026-09-08,15:29,SGMART,2.5592
2026-09-08,15:29,SHADOWFAX,1.7892
2026-09-08,15:29,SHAILY,4.2013
2026-09-08,15:29,SHALPAINTS,6.9821
2026-09-08,15:29,SHANTIGEAR,35.973
2026-09-08,15:29,SHANTIGOLD,9.0677
2026-09-08,15:29,SHARDACROP,1.5502
2026-09-08,15:29,SHARDAMOTR,1.5447
2026-09-08,15:29,SHAREINDIA,1.7746
2026-09-08,15:29,SHILCTECH,3.1414
2026-09-08,15:29,SHILPAMED,6.2071
2026-09-08,15:29,SHIPROCKET,7.4721
2026-09-08,15:29,SHIVAUM,3.6405
2026-09-08,15:29,SHOPERSTOP,-0.5355
2026-09-08,15:29,SHREEJISPG,7.0038
2026-09-08,15:29,SHREEPUSHK,12.9929
2026-09-08,15:29,SHREERAMA,-1.4456
2026-09-08,15:29,SHRINGARMS,-1.2399
2026-09-08,15:29,SHRIRAMPPS,-1.7639
2026-09-08,15:29,SHYAMMETL,-1.6276
2026-09-08,15:29,SIGACHI,4.6442
2026-09-08,15:29,SIGMAADV,0.0064
2026-09-08,15:29,SIGNATURE,0.7636
2026-09-08,15:29,SIGNPOST,1.6913
2026-09-08,15:29,SIKA,-0.3387
2026-09-08,15:29,SINDHUTRAD,0.04
2026-09-08,15:29,SIRCA,-0.4355
2026-09-08,15:29,SIS,-0.7541
2026-09-08,15:29,SJVN,1.5259
2026-09-08,15:29,SKFINDUS,0.0542
2026-09-08,15:29,SKIPPER,10.7002
2026-09-08,15:29,SKMEGGPROD,-1.6307
2026-09-08,15:29,SKYGOLD,1.0599
2026-09-08,15:29,SMARTWORKS,2.5801
2026-09-08,15:29,SMCGLOBAL,7.7146
2026-09-08,15:29,SMLMAH,21.7295
2026-09-08,15:29,SMSPHARMA,12.2627
2026-09-08,15:29,SOBHA,-1.1494
2026-09-08,15:29,SOFTTECH,4.9353
2026-09-08,15:29,SOLARA,12.522
2026-09-08,15:29,SOLARINDS,10.0735
2026-09-08,15:29,SOLARWORLD,-0.5109
2026-09-08,15:29,SOMANYCERA,-0.3277
2026-09-08,15:29,SONACOMS,-1.3497
2026-09-08,15:29,SOTL,-1.7095
2026-09-08,15:29,SOUTHBANK,3.1959
2026-09-08,15:29,SOUTHWEST,10.198
2026-09-08,15:29,SPAL,2.6321
2026-09-08,15:29,SPANDANA,-1.8666
2026-09-08,15:29,SPECTRUM,23.3455
2026-09-08,15:29,SPIC,2.8658
2026-09-08,15:29,SPLPETRO,18.1993
2026-09-08,15:29,SREEL,15.2437
2026-09-08,15:29,SRHHYPOLTD,11.3831
2026-09-08,15:29,SRM,0.3701
2026-09-08,15:29,SSWL,26.2606
2026-09-08,15:29,STALLION,-0.3653
2026-09-08,15:29,STANLEY,0.8734
2026-09-08,15:29,STAR,16.4232
2026-09-08,15:29,STARCEMENT,3.7489
2026-09-08,15:29,STARHEALTH,-0.2441
2026-09-08,15:29,STERTOOLS,-0.5774
2026-09-08,15:29,STLNETWORK,15.9091
2026-09-08,15:29,STLTECH,13.9482
2026-09-08,15:29,STOVEKRAFT,5.2602
2026-09-08,15:29,STYRENIX,4.6566
2026-09-08,15:29,SUDARCOLOR,-1.2809
2026-09-08,15:29,SUDEEPPHRM,16.6739
2026-09-08,15:29,SUKHJITS,0.9371
2026-09-08,15:29,SULA,-0.7318
2026-09-08,15:29,SUMMITSEC,-1.1893
2026-09-08,15:29,SUNCLAY,1.0074
2026-09-08,15:29,SUNDARMFIN,3.0234
2026-09-08,15:29,SUNDRMFAST,4.5833
2026-09-08,15:29,SUNDROP,1.0112
2026-09-08,15:29,SUNPHARMA,-1.776
2026-09-08,15:29,SUPREMEINF,2.2222
2026-09-08,15:29,SUPRIYA,13.8656
2026-09-08,15:29,SURAKSHA,-0.0294
2026-09-08,15:29,SURYODAY,0.389
2026-09-08,15:29,SUTLEJTEX,3.3079
2026-09-08,15:29,SUVEN,1.3563
2026-09-08,15:29,SVLL,1.9363
2026-09-08,15:29,SWANDEF,1.1771
2026-09-08,15:29,SWARAJENG,2.4769
2026-09-08,15:29,SWELECTES,-1.0341
2026-09-08,15:29,SWIGGY,-1.7112
2026-09-08,15:29,SYMPHONY,3.7046
2026-09-08,15:29,SYNCOMF,7.7595
2026-09-08,15:29,SYRMA,11.185
2026-09-08,15:29,SYSTMTXC,16.2465
2026-09-08,15:29,TAALTECH,-0.6532
2026-09-08,15:29,TALBROAUTO,5.6435
2026-09-08,15:29,TARC,11.5606
2026-09-08,15:29,TATACOMM,3.4283
2026-09-08,15:29,TATAPOWER,3.8937
2026-09-08,15:29,TATASTEEL,-1.2601
2026-09-08,15:29,TATVA,3.0798
2026-09-08,15:29,TBOTEK,0.7013
2026-09-08,15:29,TBZ,84.057
2026-09-08,15:29,TCI,-1.7566
2026-09-08,15:29,TCIEXP,-0.9626
2026-09-08,15:29,TCPLPACK,1.3868
2026-09-08,15:29,TDPOWERSYS,2.139
2026-09-08,15:29,TEAMLEASE,-1.2729
2026-09-08,15:29,TECHNOCRAF,8.0304
2026-09-08,15:29,TEGA,-1.5856
2026-09-08,15:29,TEJASNET,7.2526
2026-09-08,15:29,TEXINFRA,7.7372
2026-09-08,15:29,TEXRAIL,8.0592
2026-09-08,15:29,TFCILTD,0.249
2026-09-08,15:29,THANGAMAYL,-1.3602
2026-09-08,15:29,THEINVEST,1.3474
2026-09-08,15:29,THEJO,3.5669
2026-09-08,15:29,THEMISMED,5.3315
2026-09-08,15:29,THOMASCOOK,1.3649
2026-09-08,15:29,TIL,4.7607
2026-09-08,15:29,TIMETECHNO,0.1342
2026-09-08,15:29,TIMKEN,-1.616
2026-09-08,15:29,TINNARUBR,2.299
2026-09-08,15:29,TIPSMUSIC,-0.4861
2026-09-08,15:29,TIRUMALCHM,-1.5095
2026-09-08,15:29,TIRUPATIFL,0.3439
2026-09-08,15:29,TITAGARH,5.4408
2026-09-08,15:29,TMB,4.5991
2026-09-08,15:29,TNPETRO,24.9708
2026-09-08,15:29,TNPL,14.2968
2026-09-08,15:29,TORNTPHARM,-1.7822
2026-09-08,15:29,TORNTPOWER,4.3114
2026-09-08,15:29,TRANSPEK,0.0073
2026-09-08,15:29,TRAVELFOOD,-0.1695
2026-09-08,15:29,TREL,-1.6924
2026-09-08,15:29,TRIDENT,-1.8914
2026-09-08,15:29,TRITURBINE,0.0517
2026-09-08,15:29,TSFINV,3.7082
2026-09-08,15:29,TTKHLTCARE,5.0079
2026-09-08,15:29,TVSHLTD,-0.5428
2026-09-08,15:29,TVSSRICHAK,0.9013
2026-09-08,15:29,TVTODAY,-0.9372
2026-09-08,15:29,UEL,15.1693
2026-09-08,15:29,UFLEX,8.2604
2026-09-08,15:29,UGARSUGAR,-1.5518
2026-09-08,15:29,ULTRAMAR,2.4678
2026-09-08,15:29,UNICHEMLAB,-1.533
2026-09-08,15:29,UNIENTER,-0.5845
2026-09-08,15:29,UNIMECH,8.4159
2026-09-08,15:29,UNIONBANK,-1.4946
2026-09-08,15:29,UNIPARTS,2.846
2026-09-08,15:29,UNITEDPOLY,10.2577
2026-09-08,15:29,UNIVASTU,2.6857
2026-09-08,15:29,UNIVPHOTO,18.5396
2026-09-08,15:29,UPL,1.007
2026-09-08,15:29,URBANCO,1.9951
2026-09-08,15:29,USHAMART,1.5027
2026-09-08,15:29,UTIAMC,1.4363
2026-09-08,15:29,V2RETAIL,-0.5196
2026-09-08,15:29,VALIANTLAB,14.5309
2026-09-08,15:29,VALIANTORG,15.1311
2026-09-08,15:29,VARROC,3.3583
2026-09-08,15:29,VELJAN,4.4892
2026-09-08,15:29,VENKEYS,8.7219
2026-09-08,15:29,VENUSPIPES,19.311
2026-09-08,15:29,VENUSREM,-0.0922
2026-09-08,15:29,VESUVIUS,0.0712
2026-09-08,15:29,VGUARD,-0.9602
2026-09-08,15:29,VHL,3.5501
2026-09-08,15:29,VHLTD,2.2213
2026-09-08,15:29,VIDHIING,0.2109
2026-09-08,15:29,VIDYAWIRES,-1.088
2026-09-08,15:29,VIJAYA,3.4768
2026-09-08,15:29,VIKRAN,-0.4209
2026-09-08,15:29,VIMTALABS,1.3113
2026-09-08,15:29,VINATIORGA,1.7054
2026-09-08,15:29,VINCOFE,0.2079
2026-09-08,15:29,VINDHYATEL,8.0526
2026-09-08,15:29,VIPIND,1.2426
2026-09-08,15:29,VISAKAIND,3.8706
2026-09-08,15:29,VISHNU,12.1665
2026-09-08,15:29,VIVIANA,1.7092
2026-09-08,15:29,VLSFINANCE,0.9559
2026-09-08,15:29,VMART,0.61
2026-09-08,15:29,VOLTAMP,2.9578
2026-09-08,15:29,VRLLOG,-0.7434
2026-09-08,15:29,VSSL,2.3096
2026-09-08,15:29,VSTIND,-1.7629
2026-09-08,15:29,VTL,-1.4087
2026-09-08,15:29,WAKEFIT,5.7632
2026-09-08,15:29,WALCHANNAG,-0.9001
2026-09-08,15:29,WEALTH,-1.4794
2026-09-08,15:29,WELCORP,9.508
2026-09-08,15:29,WELENT,17.8577
2026-09-08,15:29,WELINV,2.7222
2026-09-08,15:29,WELSPLSOL,7.1683
2026-09-08,15:29,WELSPUNLIV,9.141
2026-09-08,15:29,WENDT,2.129
2026-09-08,15:29,WHEELS,36.0987
2026-09-08,15:29,WHIRLPOOL,-1.0144
2026-09-08,15:29,WINDLAS,14.7764
2026-09-08,15:29,WINDMACHIN,1.2256
2026-09-08,15:29,WOCKPHARMA,12.488
2026-09-08,15:29,WSTCSTPAPR,11.2163
2026-09-08,15:29,XCHANGING,4.3988
2026-09-08,15:29,XPROINDIA,21.9677
2026-09-08,15:29,XTRANET,35.3052
2026-09-08,15:29,YATHARTH,0.2584
2026-09-08,15:29,YATRA,3.4784
2026-09-08,15:29,YESBANK,1.9005
2026-09-08,15:29,YUKEN,2.4109
2026-09-08,15:29,ZENTEC,0.2692
2026-09-08,15:29,ZFSTEERING,-0.0969
2026-09-08,15:29,ZIMLAB,2.9013
2026-09-08,15:29,ZOTA,2.8078
2026-09-08,15:29,ZSARACOM,2.593
2026-09-08,15:29,ZUARIIND,2.015
2026-09-08,15:29,ZYDUSWELL,6.0013
2026-09-09,15:29,20MICRONS,0.0138
2026-09-09,15:29,3BBLACKBIO,1.9547
2026-09-09,15:29,3MINDIA,-0.8854
2026-09-09,15:29,63MOONS,11.0676
2026-09-09,15:29,AADHARHFC,0.8118
2026-09-09,15:29,AARTIDRUGS,2.854
2026-09-09,15:29,AARTIPHARM,-1.863
2026-09-09,15:29,AAVAS,2.3073
2026-09-09,15:29,ABFRL,-1.4779
2026-09-09,15:29,ABREL,-1.2984
2026-09-09,15:29,ABSLAMC,1.3976
2026-09-09,15:29,ACC,-1.4728
2026-09-09,15:29,ACCELYA,-0.7093
2026-09-09,15:29,ACE,1.4858
2026-09-09,15:29,ACI,-0.8652
2026-09-09,15:29,ACMESOLAR,-0.0871
2026-09-09,15:29,ACUTAAS,2.5691
2026-09-09,15:29,ADANIENSOL,0.4163
2026-09-09,15:29,ADANIENT,8.5901
2026-09-09,15:29,ADANIGREEN,8.2394
2026-09-09,15:29,ADANIPORTS,11.418
2026-09-09,15:29,ADANIPOWER,8.5354
2026-09-09,15:29,ADFFOODS,2.9608
2026-09-09,15:29,ADVENZYMES,1.8361
2026-09-09,15:29,AEGISLOG,6.2312
2026-09-09,15:29,AEGISVOPAK,10.7535
2026-09-09,15:29,AEROENTER,3.2503
2026-09-09,15:29,AEROFLEX,6.8043
2026-09-09,15:29,AFFLE,-0.6634
2026-09-09,15:29,AGARWALEYE,0.0974
2026-09-09,15:29,AGI,2.5834
2026-09-09,15:29,AGIIL,-0.6316
2026-09-09,15:29,AJANTPHARM,-1.874
2026-09-09,15:29,AJAXENGG,0.6179
2026-09-09,15:29,AJMERA,0.1882
2026-09-09,15:29,ALEMBICLTD,8.3148
2026-09-09,15:29,ALGOQUANT,-1.4217
2026-09-09,15:29,ALICON,10.8581
2026-09-09,15:29,ALIVUS,-0.3984
2026-09-09,15:29,ALLDIGI,-1.3276
2026-09-09,15:29,ALLTIME,6.9357
2026-09-09,15:29,AMAGI,2.8634
2026-09-09,15:29,AMANTA,9.0519
2026-09-09,15:29,AMBIKCO,-1.3722
2026-09-09,15:29,AMBUJACEM,-1.0345
2026-09-09,15:29,AMRUTANJAN,-1.0504
2026-09-09,15:29,ANANDRATHI,-1.0707
2026-09-09,15:29,ANANTRAJ,1.6062
2026-09-09,15:29,ANDHRAPAP,12.1766
2026-09-09,15:29,ANDHRSUGAR,-1.8968
2026-09-09,15:29,ANGELONE,4.2349
2026-09-09,15:29,ANTELOPUS,49.1011
2026-09-09,15:29,ANTHEM,5.5876
2026-09-09,15:29,ANUHPHR,17.9181
2026-09-09,15:29,APARINDS,-1.4349
2026-09-09,15:29,APEX,0.1447
2026-09-09,15:29,APOLLO,9.4147
2026-09-09,15:29,APOLLOHOSP,0.7698
2026-09-09,15:29,APTUS,3.7894
2026-09-09,15:29,AQYLON,7.6154
2026-09-09,15:29,ARFIN,1.7654
2026-09-09,15:29,ARIES,2.466
2026-09-09,15:29,ARIHANTCAP,-0.8875
2026-09-09,15:29,ARKADE,-0.3243
2026-09-09,15:29,ARMANFIN,2.8475
2026-09-09,15:29,ARROWGREEN,14.4201
2026-09-09,15:29,ARSSBL,-0.629
2026-09-09,15:29,ARTEMISMED,11.6081
2026-09-09,15:29,ARVIND,2.7265
2026-09-09,15:29,ARVINDFASN,-1.4254
2026-09-09,15:29,ASAHIINDIA,1.7541
2026-09-09,15:29,ASAL,-1.628
2026-09-09,15:29,ASIANENE,13.5737
2026-09-09,15:29,ASIANHOTNR,10.3985
2026-09-09,15:29,ASIANTILES,1.7335
2026-09-09,15:29,ASTEC,35.7232
2026-09-09,15:29,ASTERDM,3.2209
2026-09-09,15:29,ASTRAMICRO,2.407
2026-09-09,15:29,ASTRAZEN,-1.0789
2026-09-09,15:29,ATGL,-1.4327
2026-09-09,15:29,ATLANTAELE,0.9998
2026-09-09,15:29,AUROPHARMA,-1.0542
2026-09-09,15:29,AVANTEL,0.281
2026-09-09,15:29,AVL,3.7635
2026-09-09,15:29,AVTNPL,0.391
2026-09-09,15:29,AWHCL,-1.8654
2026-09-09,15:29,AXISCADES,12.2367
2026-09-09,15:29,AYE,-0.3844
2026-09-09,15:29,AYMSYNTEX,11.0002
2026-09-09,15:29,BAFNAPH,-0.871
2026-09-09,15:29,BAJAJCON,9.999
2026-09-09,15:29,BAJAJELEC,4.6182
2026-09-09,15:29,BAJAJHCARE,0
2026-09-09,15:29,BAJAJHFL,-1.3092
2026-09-09,15:29,BAJAJINDEF,0.3853
2026-09-09,15:29,BAJAJST,3.5414
2026-09-09,15:29,BAJFINANCE,-1.6745
2026-09-09,15:29,BALAJITELE,1.0337
2026-09-09,15:29,BALAMINES,1.5364
2026-09-09,15:29,BALMLAWRIE,0.4807
2026-09-09,15:29,BALRAMCHIN,0.9445
2026-09-09,15:29,BANCOINDIA,1.559
2026-09-09,15:29,BANDHANBNK,5.0153
2026-09-09,15:29,BANKBARODA,-1.886
2026-09-09,15:29,BANKINDIA,-0.3743
2026-09-09,15:29,BASF,-1.1035
2026-09-09,15:29,BAYERCROP,-0.4986
2026-09-09,15:29,BBOX,2.0665
2026-09-09,15:29,BECTORFOOD,6.6722
2026-09-09,15:29,BEEKAY,5.7182
2026-09-09,15:29,BELRISE,-1.6355
2026-09-09,15:29,BEML,8.3518
2026-09-09,15:29,BEPL,10.2981
2026-09-09,15:29,BFINVEST,1.8919
2026-09-09,15:29,BFUTILITIE,3.7681
2026-09-09,15:29,BGRENERGY,1.975
2026-09-09,15:29,BHAGERIA,27.2738
2026-09-09,15:29,BHAGYANGR,7.0055
2026-09-09,15:29,BHARATCOAL,0.0592
2026-09-09,15:29,BHARATSE,-1.0033
2026-09-09,15:29,BHARTIARTL,0.1545
2026-09-09,15:29,BHARTIHEXA,-0.0453
2026-09-09,15:29,BIGBLOC,-1.2817
2026-09-09,15:29,BIL,30.0399
2026-09-09,15:29,BIRLACABLE,15.1649
2026-09-09,15:29,BLACKROSE,-1.7971
2026-09-09,15:29,BLEL,3.6419
2026-09-09,15:29,BLIL,0.2646
2026-09-09,15:29,BLISSGVS,12.3389
2026-09-09,15:29,BLKASHYAP,-0.4849
2026-09-09,15:29,BLS,-1.7085
2026-09-09,15:29,BLUEDART,0.0894
2026-09-09,15:29,BLUEJET,-0.5961
2026-09-09,15:29,BLUESTARCO,-0.4714
2026-09-09,15:29,BLUESTONE,6.9733
2026-09-09,15:29,BLUSPRING,3.2595
2026-09-09,15:29,BODALCHEM,47.0687
2026-09-09,15:29,BOMDYEING,-1.2166
2026-09-09,15:29,BORANA,2.496
2026-09-09,15:29,BOROLTD,3.9047
2026-09-09,15:29,BORORENEW,-0.1293
2026-09-09,15:29,BOROSCI,3.4822
2026-09-09,15:29,BOSCH-HCIL,2.765
2026-09-09,15:29,BOSCHLTD,-1.8
2026-09-09,15:29,BRIGADE,1.0749
2026-09-09,15:29,BSE,0.2377
2026-09-09,15:29,BSHSL,-0.6224
2026-09-09,15:29,BUILDPRO,3.8836
2026-09-09,15:29,CAMLINFINE,1.14
2026-09-09,15:29,CANFINHOME,-1.0562
2026-09-09,15:29,CANTABIL,-1.4892
2026-09-09,15:29,CAPITALSFB,-1.3418
2026-09-09,15:29,CAPLIPOINT,8.1711
2026-09-09,15:29,CARBORUNIV,-1.1296
2026-09-09,15:29,CARERATING,-0.2545
2026-09-09,15:29,CARTRADE,1.19
2026-09-09,15:29,CARYSIL,4.5902
2026-09-09,15:29,CASTROLIND,2.5313
2026-09-09,15:29,CCL,2.306
2026-09-09,15:29,CEIGALL,10.268
2026-09-09,15:29,CEMPRO,3.5493
2026-09-09,15:29,CENTENKA,4.3892
2026-09-09,15:29,CENTRALBK,1.1913
2026-09-09,15:29,CENTUM,23.3638
2026-09-09,15:29,CERA,-0.5584
2026-09-09,15:29,CESC,2.4015
2026-09-09,15:29,CEWATER,4.0074
2026-09-09,15:29,CGCL,6.2154
2026-09-09,15:29,CGPOWER,1.1954
2026-09-09,15:29,CHALET,-1.5764
2026-09-09,15:29,CHAMBLFERT,1.4772
2026-09-09,15:29,CHEMBONDCH,-1.8633
2026-09-09,15:29,CHEMCON,9.5836
2026-09-09,15:29,CHEMFAB,3.8339
2026-09-09,15:29,CHEMPLASTS,0.2039
2026-09-09,15:29,CHENNPETRO,17.3322
2026-09-09,15:29,CHEVIOT,4.4609
2026-09-09,15:29,CHOLAFIN,-1.529
2026-09-09,15:29,CHOLAHLDNG,3.036
2026-09-09,15:29,CIFL,-1.3242
2026-09-09,15:29,CLEAN,0.3464
2026-09-09,15:29,CLEANMAX,12.086
2026-09-09,15:29,CLSEL,1.5134
2026-09-09,15:29,CMPDI,-0.0173
2026-09-09,15:29,COALINDIA,7.2806
2026-09-09,15:29,COCHINSHIP,3.0464
2026-09-09,15:29,COCKERILL,-0.422
2026-09-09,15:29,COFFEEDAY,12.4491
2026-09-09,15:29,COMSYN,1.3632
2026-09-09,15:29,CONCOR,-0.3712
2026-09-09,15:29,CONCORDBIO,1.2724
2026-09-09,15:29,CONFIPET,11.417
2026-09-09,15:29,CONSOFINVT,15.3962
2026-09-09,15:29,CORDELIA,0.5789
2026-09-09,15:29,COROMANDEL,2.9802
2026-09-09,15:29,CORONA,7.1648
2026-09-09,15:29,CPPLUS,5.0505
2026-09-09,15:29,CRAFTSMAN,5.4248
2026-09-09,15:29,CREDITACC,2.3982
2026-09-09,15:29,CREST,-0.7553
2026-09-09,15:29,CRIZAC,6.3943
2026-09-09,15:29,CROMPTON,-1.2463
2026-09-09,15:29,CSLFINANCE,1.5436
2026-09-09,15:29,CUB,1.0821
2026-09-09,15:29,CUMMINSIND,1.2831
2026-09-09,15:29,CUPID,-0.271
2026-09-09,15:29,CYIENTDLM,12.1768
2026-09-09,15:29,DAMCAPITAL,-0.2685
2026-09-09,15:29,DATAMATICS,-1.1382
2026-09-09,15:29,DATAPATTNS,7.9996
2026-09-09,15:29,DCBBANK,4.5371
2026-09-09,15:29,DCMSHRIRAM,-1.8786
2026-09-09,15:29,DCMSIL,-1.1615
2026-09-09,15:29,DCW,5.6629
2026-09-09,15:29,DCXINDIA,-1.04
2026-09-09,15:29,DECCANCE,-1.3261
2026-09-09,15:29,DECNGOLD,-1.782
2026-09-09,15:29,DEEDEV,14.3063
2026-09-09,15:29,DEEPINDS,14.909
2026-09-09,15:29,DELHIVERY,-1.096
2026-09-09,15:29,DENTA,3.7743
2026-09-09,15:29,DEVYANI,-1.153
2026-09-09,15:29,DHANUKA,-0.0717
2026-09-09,15:29,DHARMAJ,0.0741
2026-09-09,15:29,DHUNINV,1.143
2026-09-09,15:29,DICIND,7.0735
2026-09-09,15:29,DISAQ,-1.2827
2026-09-09,15:29,DIVISLAB,0.2218
2026-09-09,15:29,DLINKINDIA,-1.2568
2026-09-09,15:29,DMCC,-0.9089
2026-09-09,15:29,DODLA,1.5084
2026-09-09,15:29,DOLLAR,1.543
2026-09-09,15:29,DOLPHIN,17.4453
2026-09-09,15:29,DOMS,-1.8679
2026-09-09,15:29,DRAGARWQ,-0.4652
2026-09-09,15:29,DRREDDY,-0.8143
2026-09-09,15:29,DSSL,-1.8535
2026-09-09,15:29,DVL,5.9418
2026-09-09,15:29,EBGNG,10.3347
2026-09-09,15:29,EDELWEISS,4.9643
2026-09-09,15:29,EIEL,4.6415
2026-09-09,15:29,EIHOTEL,2.4973
2026-09-09,15:29,EIMCOELECO,1.1934
2026-09-09,15:29,ELANTAS,17.351
2026-09-09,15:29,ELCIDIN,0.6524
2026-09-09,15:29,ELDEHSG,-0.379
2026-09-09,15:29,ELECON,1.8332
2026-09-09,15:29,ELGIEQUIP,-1.3549
2026-09-09,15:29,ELPROINTL,0.5173
2026-09-09,15:29,EMAMILTD,1.4011
2026-09-09,15:29,EMAMIPAP,4.7025
2026-09-09,15:29,EMCURE,3.1855
2026-09-09,15:29,EMIL,1.1295
2026-09-09,15:29,EMMVEE,2.2222
2026-09-09,15:29,EMSLIMITED,2.9486
2026-09-09,15:29,ENGINERSIN,4.2884
2026-09-09,15:29,ENRIN,-1.4212
2026-09-09,15:29,ENTERO,1.0166
2026-09-09,15:29,EPACK,0.427
2026-09-09,15:29,EPACKPEB,11.926
2026-09-09,15:29,EQUITASBNK,-1.7169
2026-09-09,15:29,ERIS,2.914
2026-09-09,15:29,ESCORTS,-0.1937
2026-09-09,15:29,ESTER,-0.774
2026-09-09,15:29,EVEREADY,5.943
2026-09-09,15:29,EVERESTIND,-1.4835
2026-09-09,15:29,EXCELSOFT,7.579
2026-09-09,15:29,EXICOM,8.6933
2026-09-09,15:29,EXPLEOSOL,2.3978
2026-09-09,15:29,FABTECH,-0.5121
2026-09-09,15:29,FAZE3Q,-0.5538
2026-09-09,15:29,FCL,15.0423
2026-09-09,15:29,FDC,5.0712
2026-09-09,15:29,FEDDERSHOL,8.5254
2026-09-09,15:29,FEDFINA,-0.1908
2026-09-09,15:29,FIEMIND,-0.717
2026-09-09,15:29,FILATEX,0.5055
2026-09-09,15:29,FINCABLES,8.5194
2026-09-09,15:29,FINOPB,-1.2484
2026-09-09,15:29,FINPIPE,-0.6404
2026-09-09,15:29,FISCHER,-1.2212
2026-09-09,15:29,FIVESTAR,-0.3738
2026-09-09,15:29,FLUOROCHEM,1.3061
2026-09-09,15:29,FORCEMOT,-0.9757
2026-09-09,15:29,FORTIS,0.8931
2026-09-09,15:29,GAIL,-1.4648
2026-09-09,15:29,GALAPREC,2.2138
2026-09-09,15:29,GALAXYSURF,1.4763
2026-09-09,15:29,GALLANTT,-1.7893
2026-09-09,15:29,GANDHAR,3.1546
2026-09-09,15:29,GANDHITUBE,-0.2386
2026-09-09,15:29,GANECOS,-0.1175
2026-09-09,15:29,GANESHBE,11.276
2026-09-09,15:29,GARFIBRES,0.0922
2026-09-09,15:29,GARUDA,6.0253
2026-09-09,15:29,GATEWAY,-0.5205
2026-09-09,15:29,GAYAPROJ,9.2927
2026-09-09,15:29,GCSL,8.1484
2026-09-09,15:29,GEECEE,-1.6218
2026-09-09,15:29,GENESYS,20.6554
2026-09-09,15:29,GENUSPOWER,-1.8496
2026-09-09,15:29,GESHIP,7.0364
2026-09-09,15:29,GFLLIMITED,5.8704
2026-09-09,15:29,GHCLTEXTIL,-0.8162
2026-09-09,15:29,GICHSGFIN,-1.4656
2026-09-09,15:29,GICRE,-1.3672
2026-09-09,15:29,GILLETTE,2.0535
2026-09-09,15:29,GIPCL,0.8427
2026-09-09,15:29,GKSL,11.3064
2026-09-09,15:29,GLAND,4.8652
2026-09-09,15:29,GLENMARK,-1.8145
2026-09-09,15:29,GLOBAL,17.6789
2026-09-09,15:29,GLOSTERLTD,1.2968
2026-09-09,15:29,GMBREW,4.611
2026-09-09,15:29,GMDCLTD,2.0424
2026-09-09,15:29,GMMPFAUDLR,25.2242
2026-09-09,15:29,GMRAIRPORT,5.3615
2026-09-09,15:29,GMRP&UI,4.9939
2026-09-09,15:29,GNA,-0.0556
2026-09-09,15:29,GNFC,-0.0261
2026-09-09,15:29,GNRL,14.2034
2026-09-09,15:29,GOCLCORP,9.9873
2026-09-09,15:29,GOCOLORS,-0.61
2026-09-09,15:29,GODAVARIB,1.7538
2026-09-09,15:29,GODIGIT,-1.5928
2026-09-09,15:29,GODREJAGRO,9.6457
2026-09-09,15:29,GODREJIND,-0.097
2026-09-09,15:29,GOKEX,0.5827
2026-09-09,15:29,GOODLUCK,11.068
2026-09-09,15:29,GOODYEAR,-1.8834
2026-09-09,15:29,GPIL,3.8454
2026-09-09,15:29,GPTHEALTH,6.2872
2026-09-09,15:29,GPTINFRA,0.6597
2026-09-09,15:29,GRANDOAK,-0.4667
2026-09-09,15:29,GRANULES,6.7954
2026-09-09,15:29,GRAPHITE,20.2263
2026-09-09,15:29,GRAUWEIL,1.4519
2026-09-09,15:29,GREENPANEL,2.6121
2026-09-09,15:29,GREENPLY,1.1888
2026-09-09,15:29,GRMOVER,1.9313
2026-09-09,15:29,GROWW,1.3381
2026-09-09,15:29,GRPLTD,3.1239
2026-09-09,15:29,GSFC,1.1887
2026-09-09,15:29,GTPL,0.97
2026-09-09,15:29,GUFICBIO,3.0023
2026-09-09,15:29,GUJALKALI,1.8802
2026-09-09,15:29,GUJENERGY,4.5499
2026-09-09,15:29,GUJTHEM,2.0251
2026-09-09,15:29,GVPIL,5.0765
2026-09-09,15:29,GVT&D,5.1246
2026-09-09,15:29,GYFTR,4.0486
2026-09-09,15:29,HAL,4.1424
2026-09-09,15:29,HALDYNGL,0.1989
2026-09-09,15:29,HARIOMPIPE,6.0382
2026-09-09,15:29,HARSHA,-0.5484
2026-09-09,15:29,HATSUN,0.7266
2026-09-09,15:29,HAWKINCOOK,4.7804
2026-09-09,15:29,HBLENGINE,11.0672
2026-09-09,15:29,HCC,-1.6786
2026-09-09,15:29,HDBFS,-1.0698
2026-09-09,15:29,HEALTHX,-0.6304
2026-09-09,15:29,HEIDELBERG,1.5564
2026-09-09,15:29,HERANBA,0.7822
2026-09-09,15:29,HERITGFOOD,5.2034
2026-09-09,15:29,HESTERBIO,2.82
2026-09-09,15:29,HEXAGON,0.0297
2026-09-09,15:29,HFCL,-1.4693
2026-09-09,15:29,HIKAL,19.5025
2026-09-09,15:29,HIMATSEIDE,-0.0863
2026-09-09,15:29,HINDALCO,1.1276
2026-09-09,15:29,HINDCOPPER,1.3229
2026-09-09,15:29,HINDOILEXP,20.838
2026-09-09,15:29,HINDUNILVR,-1.1386
2026-09-09,15:29,HINDZINC,1.671
2026-09-09,15:29,HIRECT,4.2311
2026-09-09,15:29,HITECHCORP,0.269
2026-09-09,15:29,HITECHGEAR,3.3446
2026-09-09,15:29,HLEGLAS,16.958
2026-09-09,15:29,HMT,8.2176
2026-09-09,15:29,HOMEFIRST,3.2283
2026-09-09,15:29,HPL,-1.4682
2026-09-09,15:29,HSCL,1.1908
2026-09-09,15:29,HUBTOWN,0.9325
2026-09-09,15:29,HUHTAMAKI,1.8828
2026-09-09,15:29,HYUNDAI,-1.0249
2026-09-09,15:29,IDFCFIRSTB,0.0349
2026-09-09,15:29,IFCI,-0.825
2026-09-09,15:29,IFGLEXPOR,2.0345
2026-09-09,15:29,IGL,1.6147
2026-09-09,15:29,IGPL,4.1885
2026-09-09,15:29,IIFLCAPS,0.3265
2026-09-09,15:29,IKIO,2.0698
2026-09-09,15:29,IKS,3.3328
2026-09-09,15:29,IMFA,-1.2447
2026-09-09,15:29,IMPAL,5.2303
2026-09-09,15:29,INA,-0.9391
2026-09-09,15:29,INDIANHUME,-0.3544
2026-09-09,15:29,INDIASHLTR,2.8
2026-09-09,15:29,INDIQUBE,6.5381
2026-09-09,15:29,INDNIPPON,25.0048
2026-09-09,15:29,INDOAMIN,5.6543
2026-09-09,15:29,INDOBORAX,0.4917
2026-09-09,15:29,INDOFARM,5.5104
2026-09-09,15:29,INDOMIM,12.4622
2026-09-09,15:29,INDORAMA,30.6584
2026-09-09,15:29,INDOSTAR,-0.726
2026-09-09,15:29,INDOTECH,-1.2259
2026-09-09,15:29,INDRAMEDCO,-0.785
2026-09-09,15:29,INDSWFTLAB,6.49
2026-09-09,15:29,INDUSINDBK,-1.2394
2026-09-09,15:29,INNOVACAP,10.2588
2026-09-09,15:29,INNOVANA,-0.3779
2026-09-09,15:29,INNOVISION,2.206
2026-09-09,15:29,INOXGREEN,5.3275
2026-09-09,15:29,INOXINDIA,2.4037
2026-09-09,15:29,INOXWIND,9.9758
2026-09-09,15:29,INSECTICID,2.0873
2026-09-09,15:29,INTELLECT,0.5801
2026-09-09,15:29,INTERARCH,3.3148
2026-09-09,15:29,INVPRECQ,5.1595
2026-09-09,15:29,IOB,1.5707
2026-09-09,15:29,IOLCP,8.0541
2026-09-09,15:29,IONEXCHANG,20.2281
2026-09-09,15:29,IPCALAB,-0.5722
2026-09-09,15:29,IPL,-0.5845
2026-09-09,15:29,IRIS,1.9842
2026-09-09,15:29,IRISDOREME,4.8222
2026-09-09,15:29,IRMENERGY,-0.6847
2026-09-09,15:29,ISGEC,-0.7715
2026-09-09,15:29,ITC,2.0744
2026-09-09,15:29,ITDC,-1.6479
2026-09-09,15:29,ITI,-1.2918
2026-09-09,15:29,IXIGO,2.7727
2026-09-09,15:29,IZMO,9.5198
2026-09-09,15:29,J&KBANK,-1.2662
2026-09-09,15:29,JAGRAN,2.0792
2026-09-09,15:29,JAICORPLTD,-1.1357
2026-09-09,15:29,JAINREC,6.8822
2026-09-09,15:29,JAMNAAUTO,6.2026
2026-09-09,15:29,JASH,11.4273
2026-09-09,15:29,JAYAGROGN,10.2906
2026-09-09,15:29,JAYKAY,12.9505
2026-09-09,15:29,JBMA,-1.5783
2026-09-09,15:29,JINDALPHOT,0.2065
2026-09-09,15:29,JINDALPOLY,7.0246
2026-09-09,15:29,JINDALSAW,0.662
2026-09-09,15:29,JINDRILL,8.5993
2026-09-09,15:29,JINDWORLD,44.7142
2026-09-09,15:29,JISLJALEQS,7.8854
2026-09-09,15:29,JKIL,-1.3465
2026-09-09,15:29,JKPAPER,3.1798
2026-09-09,15:29,JMFINANCIL,-0.9844
2026-09-09,15:29,JNKINDIA,-0.6686
2026-09-09,15:29,JNPR,-1.6164
2026-09-09,15:29,JPOLYINVST,0.3685
2026-09-09,15:29,JSFB,-0.6605
2026-09-09,15:29,JSL,11.5574
2026-09-09,15:29,JSLL,-0.949
2026-09-09,15:29,JSWDULUX,0.4645
2026-09-09,15:29,JSWENERGY,2.7671
2026-09-09,15:29,JSWINFRA,0.4118
2026-09-09,15:29,JSWSTEEL,0.1759
2026-09-09,15:29,JUBLINGREA,-0.3186
2026-09-09,15:29,JUBLPHARMA,15.546
2026-09-09,15:29,JUNIPER,-0.4432
2026-09-09,15:29,JWL,0.1912
2026-09-09,15:29,JYOTICNC,1.4172
2026-09-09,15:29,KABRAEXTRU,10.4365
2026-09-09,15:29,KAJARIACER,-0.4499
2026-09-09,15:29,KALAMANDIR,-1.0718
2026-09-09,15:29,KALYANKJIL,1.0982
2026-09-09,15:29,KAMATHOTEL,0.6087
2026-09-09,15:29,KAMDHENU,7.6545
2026-09-09,15:29,KANORICHEM,4.8529
2026-09-09,15:29,KANSAINER,-0.835
2026-09-09,15:29,KAYA,3.7652
2026-09-09,15:29,KDDL,-0.4428
2026-09-09,15:29,KENNAMET,7.9753
2026-09-09,15:29,KERNEX,-1.1349
2026-09-09,15:29,KILITCH,7.9077
2026-09-09,15:29,KIMS,0.8008
2026-09-09,15:29,KINGFA,1.7684
2026-09-09,15:29,KIRANVYPAR,1.5767
2026-09-09,15:29,KIRIINDUS,3.7389
2026-09-09,15:29,KIRLFER,3.3282
2026-09-09,15:29,KIRLOSENG,5.7397
2026-09-09,15:29,KIRLPNU,1.4344
2026-09-09,15:29,KISSHT,5.1115
2026-09-09,15:29,KITEX,-0.4245
2026-09-09,15:29,KKCL,1.9353
2026-09-09,15:29,KLBRENG-B,8.8321
2026-09-09,15:29,KMEW,1.3541
2026-09-09,15:29,KNRCON,1.411
2026-09-09,15:29,KOKUYOCMLN,-0.5546
2026-09-09,15:29,KOLTEPATIL,-0.8953
2026-09-09,15:29,KOPRAN,7.5931
2026-09-09,15:29,KOTAKBANK,-1.2876
2026-09-09,15:29,KOTHARIPET,13.5861
2026-09-09,15:29,KOVAI,1.2347
2026-09-09,15:29,KPIL,0.5425
2026-09-09,15:29,KPL,9.1547
2026-09-09,15:29,KRBL,2.8893
2026-09-09,15:29,KRISHNADEF,8.2006
2026-09-09,15:29,KRN,2.8459
2026-09-09,15:29,KROSS,3.2721
2026-09-09,15:29,KRSNAA,1.3185
2026-09-09,15:29,KRYSTAL,1.1966
2026-09-09,15:29,KSB,-0.0681
2026-09-09,15:29,KSHINTL,21.6462
2026-09-09,15:29,KSL,0.0715
2026-09-09,15:29,KSOLVES,0.4286
2026-09-09,15:29,KTKBANK,-1.1637
2026-09-09,15:29,KUANTUM,4.8392
2026-09-09,15:29,LALPATHLAB,-0.7702
2026-09-09,15:29,LAURUSLABS,1.1488
2026-09-09,15:29,LAXMIDENTL,2.8849
2026-09-09,15:29,LAXMIINDIA,1.6395
2026-09-09,15:29,LCL,-1.224
2026-09-09,15:29,LEMONTREE,-0.0753
2026-09-09,15:29,LENSKART,4.7554
2026-09-09,15:29,LGBBROSLTD,2.204
2026-09-09,15:29,LICHSGFIN,3.0832
2026-09-09,15:29,LIKHITHA,6.8103
2026-09-09,15:29,LINC,3.6888
2026-09-09,15:29,LINCOLN,5.068
2026-09-09,15:29,LINDEINDIA,-0.5168
2026-09-09,15:29,LLOYDSME,0.7244
2026-09-09,15:29,LOKESHMACH,3.3599
2026-09-09,15:29,LOTUSDEV,8.2741
2026-09-09,15:29,LTFOODS,1.5676
2026-09-09,15:29,LUMAXIND,-0.3128
2026-09-09,15:29,LXCHEM,7.1982
2026-09-09,15:29,MAFATIND,-0.848
2026-09-09,15:29,MAHABANK,3.034
2026-09-09,15:29,MAHLIFE,1.217
2026-09-09,15:29,MAHLOG,2.6312
2026-09-09,15:29,MAHSEAMLES,1.9602
2026-09-09,15:29,MAITHANALL,10.2919
2026-09-09,15:29,MALLCOM,0.3953
2026-09-09,15:29,MAMATA,4.4973
2026-09-09,15:29,MANAKCOAT,3.259
2026-09-09,15:29,MANAKSTEEL,10.0683
2026-09-09,15:29,MANALIPETC,6.6055
2026-09-09,15:29,MANBA,0.3315
2026-09-09,15:29,MANINDS,5.2593
2026-09-09,15:29,MANINFRA,4.9747
2026-09-09,15:29,MANORAMA,10.7098
2026-09-09,15:29,MANYAVAR,6.6208
2026-09-09,15:29,MARATHON,5.7741
2026-09-09,15:29,MARICO,-0.7439
2026-09-09,15:29,MARINE,5.0393
2026-09-09,15:29,MARKSANS,2.6586
2026-09-09,15:29,MARSONS,3.7003
2026-09-09,15:29,MASTERTR,13.1275
2026-09-09,15:29,MATRIMONY,-0.5687
2026-09-09,15:29,MAXESTATES,6.5561
2026-09-09,15:29,MAXHEALTH,-0.4414
2026-09-09,15:29,MAXIND,-1.4192
2026-09-09,15:29,MAYURUNIQ,-1.8537
2026-09-09,15:29,MAZDA,7.8945
2026-09-09,15:29,MBAPL,0.3592
2026-09-09,15:29,MBEL,-0.7858
2026-09-09,15:29,MCCHRLS-B,-0.9851
2026-09-09,15:29,MCX,-1.4706
2026-09-09,15:29,MEDANTA,0.0473
2026-09-09,15:29,MEDIASSIST,-0.1671
2026-09-09,15:29,MEDPLUS,-0.3421
2026-09-09,15:29,MEESHO,5.5066
2026-09-09,15:29,MEIL,-1.2885
2026-09-09,15:29,MENONBE,6.4423
2026-09-09,15:29,METROBRAND,4.2845
2026-09-09,15:29,METROPOLIS,3.3914
2026-09-09,15:29,MGL,1.4028
2026-09-09,15:29,MIDHANI,11.9884
2026-09-09,15:29,MILKYMIST,25.8936
2026-09-09,15:29,MINDACORP,-1.649
2026-09-09,15:29,MMP,16.978
2026-09-09,15:29,MMTC,0.6576
2026-09-09,15:29,MOBIKWIK,2.9466
2026-09-09,15:29,MODISONLTD,7.9837
2026-09-09,15:29,MOIL,1.6747
2026-09-09,15:29,MOL,-0.6256
2026-09-09,15:29,MOLDTECH,8.4345
2026-09-09,15:29,MONTECARLO,4.3372
2026-09-09,15:29,MOREPENLAB,8.7533
2026-09-09,15:29,MOSCHIP,-1.2933
2026-09-09,15:29,MOTILALOFS,-1.7164
2026-09-09,15:29,MPSLTD,3.7112
2026-09-09,15:29,MRPL,8.2702
2026-09-09,15:29,MSTCLTD,1.7308
2026-09-09,15:29,MSUMI,-0.1903
2026-09-09,15:29,MTARTECH,6.4954
2026-09-09,15:29,MUFIN,-1.2451
2026-09-09,15:29,MUKANDLTD,1.6815
2026-09-09,15:29,MUKKA,20.3547
2026-09-09,15:29,MUNJALSHOW,-1.6872
2026-09-09,15:29,MVELECTRO,20.6522
2026-09-09,15:29,MVGJL,42.1175
2026-09-09,15:29,NAHARINDUS,-1.7222
2026-09-09,15:29,NAM-INDIA,-0.6398
2026-09-09,15:29,NATCOPHARM,-1.8063
2026-09-09,15:29,NATIONALUM,-1.0223
2026-09-09,15:29,NAVA,-1.2234
2026-09-09,15:29,NAVINFLUOR,1.1527
2026-09-09,15:29,NAVKARCORP,-1.8015
2026-09-09,15:29,NAZARA,0.4561
2026-09-09,15:29,NBIFIN,1.6318
2026-09-09,15:29,NCLIND,3.1025
2026-09-09,15:29,NDTV,2.1191
2026-09-09,15:29,NELCO,0.7147
2026-09-09,15:29,NEOGEN,2.4532
2026-09-09,15:29,NEPHROPLUS,7.3944
2026-09-09,15:29,NESCO,5.38
2026-09-09,15:29,NETWORK18,-1.1384
2026-09-09,15:29,NEULANDLAB,0.804
2026-09-09,15:29,NFL,-0.5542
2026-09-09,15:29,NGLFINE,4.1064
2026-09-09,15:29,NH,-0.8704
2026-09-09,15:29,NHPC,-0.0391
2026-09-09,15:29,NIACL,7.4674
2026-09-09,15:29,NILKAMAL,2.5172
2026-09-09,15:29,NINSYS,-0.4552
2026-09-09,15:29,NITCO,-1.5534
2026-09-09,15:29,NITINSPIN,3.8014
2026-09-09,15:29,NITTAGELA,2.8568
2026-09-09,15:29,NLCINDIA,1.552
2026-09-09,15:29,NOCIL,9.8163
2026-09-09,15:29,NORTHARC,-1.0589
2026-09-09,15:29,NOVARTIND,40.6588
2026-09-09,15:29,NPST,0.5926
2026-09-09,15:29,NRAIL,19.8431
2026-09-09,15:29,NRBBEARING,2.2581
2026-09-09,15:29,NRL,5.7143
2026-09-09,15:29,NSIL,-1.4378
2026-09-09,15:29,NTPC,2.1686
2026-09-09,15:29,NTPCGREEN,-1.6535
2026-09-09,15:29,NUVAMA,1.5796
2026-09-09,15:29,NUVOCO,4.9702
2026-09-09,15:29,NYKAA,-1.8738
2026-09-09,15:29,OAL,16.4691
2026-09-09,15:29,OCCLLTD,3.7485
2026-09-09,15:29,OIL,3.2702
2026-09-09,15:29,OMINFRAL,-0.6689
2026-09-09,15:29,OMNI,-1.0916
2026-09-09,15:29,ONEPOINT,6.0058
2026-09-09,15:29,ONESOURCE,0.7241
2026-09-09,15:29,ONGC,0.9577
2026-09-09,15:29,ONWARDTEC,-1.3805
2026-09-09,15:29,ORBTEXP,-1.7168
2026-09-09,15:29,ORCHPHARMA,5.5567
2026-09-09,15:29,ORIENTBELL,7.6076
2026-09-09,15:29,ORIENTCER,5.4156
2026-09-09,15:29,ORIENTHOT,0.6905
2026-09-09,15:29,ORKLAINDIA,-1.3959
2026-09-09,15:29,OSWALGREEN,0.1989
2026-09-09,15:29,PAGEIND,-1.1313
2026-09-09,15:29,PAISALO,18.7342
2026-09-09,15:29,PANACEABIO,1.7308
2026-09-09,15:29,PANACHE,-0.9434
2026-09-09,15:29,PANAMAPET,5.7388
2026-09-09,15:29,PARACABLES,1.6988
2026-09-09,15:29,PARADEEP,-1.3247
2026-09-09,15:29,PARAGMILK,-0.3223
2026-09-09,15:29,PARAS,2.5892
2026-09-09,15:29,PARKHOSPS,-1.6402
2026-09-09,15:29,PARKHOTELS,-0.7468
2026-09-09,15:29,PASUPTAC,9.6207
2026-09-09,15:29,PATANJALI,-1.1594
2026-09-09,15:29,PAUSHAKLTD,-0.4947
2026-09-09,15:29,PAYTM,2.0034
2026-09-09,15:29,PCBL,5.6458
2026-09-09,15:29,PDMJEPAPER,1.607
2026-09-09,15:29,PENIND,7.1932
2026-09-09,15:29,PFC,4.49
2026-09-09,15:29,PFOCUS,10.094
2026-09-09,15:29,PFS,0.7032
2026-09-09,15:29,PHOENIXLTD,-0.7737
2026-09-09,15:29,PIIND,1.0127
2026-09-09,15:29,PINELABS,6.7366
2026-09-09,15:29,PITTIENG,5.8978
2026-09-09,15:29,PNB,1.2081
2026-09-09,15:29,PNBGILTS,3.2484
2026-09-09,15:29,PNBHOUSING,-0.5833
2026-09-09,15:29,PNGJL,4.7183
2026-09-09,15:29,POWERGRID,0.8727
2026-09-09,15:29,POWERICA,5.4143
2026-09-09,15:29,PPL,10.0038
2026-09-09,15:29,PPLPHARMA,1.6791
2026-09-09,15:29,PRABHA,20.5122
2026-09-09,15:29,PRADPME,-1.5041
2026-09-09,15:29,PRAKASH,-0.7771
2026-09-09,15:29,PRAVEG,-0.4904
2026-09-09,15:29,PREMEXPLN,0.5733
2026-09-09,15:29,PREMIERPOL,-0.9384
2026-09-09,15:29,PRIVISCL,1.8364
2026-09-09,15:29,PROSTARM,-0.3965
2026-09-09,15:29,PROZONER,11.0419
2026-09-09,15:29,PRSMJOHNSN,1.1059
2026-09-09,15:29,PSB,-1.0922
2026-09-09,15:29,PSPPROJECT,0.3707
2026-09-09,15:29,PTC,1.4779
2026-09-09,15:29,PTCIL,3.0117
2026-09-09,15:29,PTL,-1.6041
2026-09-09,15:29,PURVA,1.5592
2026-09-09,15:29,PWL,7.7988
2026-09-09,15:29,QPOWER,5.3907
2026-09-09,15:29,QUADFUTURE,4.3411
2026-09-09,15:29,QUICKHEAL,11.2117
2026-09-09,15:29,RACLGEAR,6.3875
2026-09-09,15:29,RADHIKAJWE,29.192
2026-09-09,15:29,RADICO,-1.5831
2026-09-09,15:29,RAIN,13.8981
2026-09-09,15:29,RAINBOW,2.573
2026-09-09,15:29,RAJESHEXPO,4.1091
2026-09-09,15:29,RAJOOENG,16.2404
2026-09-09,15:29,RAJRATAN,4.7672
2026-09-09,15:29,RALLIS,-1.5348
2026-09-09,15:29,RAMBHAJO,15.6708
2026-09-09,15:29,RAMCOCEM,-1.4439
2026-09-09,15:29,RAMCOSYS,3.7288
2026-09-09,15:29,RANEHOLDIN,7.6334
2026-09-09,15:29,RATNAMANI,7.9066
2026-09-09,15:29,RAYMOND,27.9497
2026-09-09,15:29,RAYMONDLSL,1.1618
2026-09-09,15:29,RAYMONDREL,9.1037
2026-09-09,15:29,RBA,2.4465
2026-09-09,15:29,RBLBANK,9.3729
2026-09-09,15:29,RBZJEWEL,15.127
2026-09-09,15:29,RCF,-0.7752
2026-09-09,15:29,REDINGTON,5.6744
2026-09-09,15:29,RELIANCE,0.1566
2026-09-09,15:29,RELIGARE,5.7043
2026-09-09,15:29,REPCOHOME,-1.708
2026-09-09,15:29,RESPONIND,13.7806
2026-09-09,15:29,RGL,8.8522
2026-09-09,15:29,RHETAN,39.1941
2026-09-09,15:29,RHIM,1.4263
2026-09-09,15:29,RICOAUTO,0.6172
2026-09-09,15:29,RISHABH,15.6567
2026-09-09,15:29,RITCO,3.2526
2026-09-09,15:29,RMDRIP,12.0019
2026-09-09,15:29,RML,20.7666
2026-09-09,15:29,ROHLTD,2.8345
2026-09-09,15:29,ROSSTECH,7.5454
2026-09-09,15:29,ROTO,4.4869
2026-09-09,15:29,ROUTE,0.55
2026-09-09,15:29,RPGLIFE,6.9608
2026-09-09,15:29,RPOWER,-0.3622
2026-09-09,15:29,RPSGVENT,1.8034
2026-09-09,15:29,RSL,6.9965
2026-09-09,15:29,RSWM,9.9743
2026-09-09,15:29,RSYSTEMS,-0.8276
2026-09-09,15:29,RUBICON,-0.5001
2026-09-09,15:29,RUBYMILLS,23.5462
2026-09-09,15:29,RVNL,-1.4286
2026-09-09,15:29,SAATVIKGL,-0.4666
2026-09-09,15:29,SAFARI,1.5354
2026-09-09,15:29,SAILIFE,14.777
2026-09-09,15:29,SAIPARENT,1.1438
2026-09-09,15:29,SAKAR,33.4743
2026-09-09,15:29,SALSTEEL,0.4949
2026-09-09,15:29,SALZERELEC,1.0523
2026-09-09,15:29,SAMBHV,1.978
2026-09-09,15:29,SAMMAANCAP,2.6109
2026-09-09,15:29,SANATHAN,6.2134
2026-09-09,15:29,SANDUMA,-0.6819
2026-09-09,15:29,SANOFI,-0.6338
2026-09-09,15:29,SANSERA,2.9343
2026-09-09,15:29,SANSTAR,-1.2414
2026-09-09,15:29,SARDAEN,9.4107
2026-09-09,15:29,SAREGAMA,4.303
2026-09-09,15:29,SARLAPOLY,1.4499
2026-09-09,15:29,SATIA,16.9304
2026-09-09,15:29,SAURASHCEM,-0.0717
2026-09-09,15:29,SBC,15.4923
2026-09-09,15:29,SBCL,6.215
2026-09-09,15:29,SBFC,0.7792
2026-09-09,15:29,SBICARD,3.6681
2026-09-09,15:29,SCI,-0.7769
2026-09-09,15:29,SCODATUBES,2.033
2026-09-09,15:29,SCPL,2.1032
2026-09-09,15:29,SDBL,-1.403
2026-09-09,15:29,SEAMECLTD,5.8395
2026-09-09,15:29,SENCO,2.0654
2026-09-09,15:29,SENORES,3.8945
2026-09-09,15:29,SESHAPAPER,6.2527
2026-09-09,15:29,SETL,14.9391
2026-09-09,15:29,SFL,7.051
2026-09-09,15:29,SGFIN,-1.4303
2026-09-09,15:29,SGIL,-0.4063
2026-09-09,15:29,SHAILY,5.5832
2026-09-09,15:29,SHALPAINTS,3.7358
2026-09-09,15:29,SHANTIGEAR,34.6813
2026-09-09,15:29,SHANTIGOLD,5.927
2026-09-09,15:29,SHARDACROP,2.1646
2026-09-09,15:29,SHARDAMOTR,2.9901
2026-09-09,15:29,SHAREINDIA,9.6983
2026-09-09,15:29,SHILCTECH,1.1452
2026-09-09,15:29,SHILPAMED,1.1903
2026-09-09,15:29,SHINDL,-1.247
2026-09-09,15:29,SHIVALIK,19.4637
2026-09-09,15:29,SHIVAUM,4.1144
2026-09-09,15:29,SHOPERSTOP,-1.1854
2026-09-09,15:29,SHREECEM,-1.0776
2026-09-09,15:29,SHREEJISPG,10.6267
2026-09-09,15:29,SHREEPUSHK,6.525
2026-09-09,15:29,SHREERAMA,8.2511
2026-09-09,15:29,SHRINGARMS,-0.369
2026-09-09,15:29,SHYAMMETL,-1.8107
2026-09-09,15:29,SICALLOG,-0.4652
2026-09-09,15:29,SIGACHI,8.1239
2026-09-09,15:29,SIGNATURE,2.1951
2026-09-09,15:29,SIGNPOST,6.2807
2026-09-09,15:29,SIKA,-0.251
2026-09-09,15:29,SINDHUTRAD,0.04
2026-09-09,15:29,SIRCA,-1.0001
2026-09-09,15:29,SIS,-0.4899
2026-09-09,15:29,SJVN,3.3534
2026-09-09,15:29,SKFINDIA,-1.3128
2026-09-09,15:29,SKFINDUS,-0.3888
2026-09-09,15:29,SKIPPER,9.7469
2026-09-09,15:29,SKYGOLD,3.1099
2026-09-09,15:29,SMARTWORKS,1.9347
2026-09-09,15:29,SMCGLOBAL,5.8653
2026-09-09,15:29,SMLMAH,28.6218
2026-09-09,15:29,SMSPHARMA,9.5334
2026-09-09,15:29,SNOWMAN,-1.2869
2026-09-09,15:29,SOFTTECH,6.268
2026-09-09,15:29,SOLARA,9.1441
2026-09-09,15:29,SOLARINDS,11.1747
2026-09-09,15:29,SOLARWORLD,-0.7363
2026-09-09,15:29,SOMANYCERA,-0.6819
2026-09-09,15:29,SONACOMS,-1.6666
2026-09-09,15:29,SOTL,0.1598
2026-09-09,15:29,SOUTHBANK,1.6426
2026-09-09,15:29,SOUTHWEST,10.6822
2026-09-09,15:29,SPARC,0.6271
2026-09-09,15:29,SPECTRUM,29.2903
2026-09-09,15:29,SPIC,3.5282
2026-09-09,15:29,SPLPETRO,11.5904
2026-09-09,15:29,SREEL,39.2292
2026-09-09,15:29,SRF,-1.5779
2026-09-09,15:29,SRHHYPOLTD,6.0512
2026-09-09,15:29,SRM,0.2324
2026-09-09,15:29,SSWL,21.5279
2026-09-09,15:29,STALLION,5.8768
2026-09-09,15:29,STANLEY,1.3473
2026-09-09,15:29,STAR,16.6537
2026-09-09,15:29,STARCEMENT,4.0918
2026-09-09,15:29,STARHEALTH,0.7398
2026-09-09,15:29,STERTOOLS,0.0552
2026-09-09,15:29,STLNETWORK,17.9396
2026-09-09,15:29,STLTECH,18.8688
2026-09-09,15:29,STOVEKRAFT,-1.1658
2026-09-09,15:29,STYL,0.7646
2026-09-09,15:29,STYLEBAAZA,-0.7858
2026-09-09,15:29,STYRENIX,7.2071
2026-09-09,15:29,SUBROS,1.6028
2026-09-09,15:29,SUDARCOLOR,-1.22
2026-09-09,15:29,SUDARSCHEM,-0.3552
2026-09-09,15:29,SUDEEPPHRM,5.5882
2026-09-09,15:29,SUKHJITS,0.8126
2026-09-09,15:29,SUMMITSEC,-1.0444
2026-09-09,15:29,SUNCLAY,-1.5012
2026-09-09,15:29,SUNDARMFIN,4.141
2026-09-09,15:29,SUNDRMFAST,1.2875
2026-09-09,15:29,SUNDROP,1.2119
2026-09-09,15:29,SUPREMEIND,-1.1829
2026-09-09,15:29,SUPREMEINF,2.1007
2026-09-09,15:29,SUPRIYA,14.1676
2026-09-09,15:29,SURAKSHA,-0.8566
2026-09-09,15:29,SURYAROSNI,-0.0637
2026-09-09,15:29,SURYODAY,-0.821
2026-09-09,15:29,SUTLEJTEX,-0.2995
2026-09-09,15:29,SWANDEF,5.576
2026-09-09,15:29,SWARAJENG,0.7004
2026-09-09,15:29,SWIGGY,0.3015
2026-09-09,15:29,SYMPHONY,5.4821
2026-09-09,15:29,SYNCOMF,3.335
2026-09-09,15:29,SYRMA,12.9019
2026-09-09,15:29,SYSTMTXC,20.4145
2026-09-09,15:29,TAALTECH,8.1393
2026-09-09,15:29,TAJGVK,-1.0428
2026-09-09,15:29,TALBROAUTO,2.1998
2026-09-09,15:29,TARC,9.5745
2026-09-09,15:29,TATACAP,-1.3319
2026-09-09,15:29,TATACOMM,2.8664
2026-09-09,15:29,TATAPOWER,6.6282
2026-09-09,15:29,TATASTEEL,2.3868
2026-09-09,15:29,TATVA,3.793
2026-09-09,15:29,TBOTEK,-1.3753
2026-09-09,15:29,TBZ,72.5875
2026-09-09,15:29,TCI,-0.0058
2026-09-09,15:29,TCIEXP,-1.3697
2026-09-09,15:29,TEAMLEASE,-0.1558
2026-09-09,15:29,TECHNOCRAF,10.8041
2026-09-09,15:29,TECHNOE,0.3309
2026-09-09,15:29,TEGA,5.7997
2026-09-09,15:29,TEJASNET,2.8852
2026-09-09,15:29,TEXINFRA,3.5962
2026-09-09,15:29,TEXRAIL,5.6999
2026-09-09,15:29,TFCILTD,1.265
2026-09-09,15:29,THEINVEST,2.0417
2026-09-09,15:29,THEJO,3.5394
2026-09-09,15:29,THEMISMED,6.3722
2026-09-09,15:29,THOMASCOOK,1.1212
2026-09-09,15:29,TIL,6.0349
2026-09-09,15:29,TIMETECHNO,-1.1753
2026-09-09,15:29,TIMKEN,0.7556
2026-09-09,15:29,TINNARUBR,5.0948
2026-09-09,15:29,TIPSMUSIC,1.0794
2026-09-09,15:29,TIRUMALCHM,-1.4057
2026-09-09,15:29,TIRUPATIFL,0.4349
2026-09-09,15:29,TITAGARH,7.1202
2026-09-09,15:29,TMB,-1.1098
2026-09-09,15:29,TMPV,-1.8941
2026-09-09,15:29,TNPETRO,13.9356
2026-09-09,15:29,TNPL,10.264
2026-09-09,15:29,TORNTPOWER,7.4562
2026-09-09,15:29,TRAVELFOOD,-0.0769
2026-09-09,15:29,TREL,0.2228
2026-09-09,15:29,TRIDENT,-1.6129
2026-09-09,15:29,TSFINV,5.4088
2026-09-09,15:29,TTKHLTCARE,2.0954
2026-09-09,15:29,TVSHLTD,-0.8615
2026-09-09,15:29,UEL,4.2054
2026-09-09,15:29,UFLEX,4.7836
2026-09-09,15:29,UNIENTER,-1.0159
2026-09-09,15:29,UNIMECH,6.4698
2026-09-09,15:29,UNIPARTS,0.0672
2026-09-09,15:29,UNITEDPOLY,14.2059
2026-09-09,15:29,UNIVASTU,3.8792
2026-09-09,15:29,UNIVPHOTO,26.0855
2026-09-09,15:29,UPL,2.3922
2026-09-09,15:29,URBANCO,2.6809
2026-09-09,15:29,USHAMART,-0.0601
2026-09-09,15:29,UTIAMC,3.4863
2026-09-09,15:29,V2RETAIL,-1.3517
2026-09-09,15:29,VALIANTLAB,24.3824
2026-09-09,15:29,VALIANTORG,23.6883
2026-09-09,15:29,VAML,2.3325
2026-09-09,15:29,VBL,1.6357
2026-09-09,15:29,VELJAN,4.6171
2026-09-09,15:29,VENKEYS,-0.4289
2026-09-09,15:29,VENUSPIPES,17.467
2026-09-09,15:29,VENUSREM,-0.8055
2026-09-09,15:29,VESUVIUS,3.2128
2026-09-09,15:29,VHLTD,2.945
2026-09-09,15:29,VIDHIING,-1.2269
2026-09-09,15:29,VIDYAWIRES,-0.5429
2026-09-09,15:29,VIJAYA,-1.2842
2026-09-09,15:29,VIKRAMSOLR,-1.2507
2026-09-09,15:29,VIKRAN,-0.4425
2026-09-09,15:29,VINATIORGA,0.3384
2026-09-09,15:29,VINDHYATEL,15.0227
2026-09-09,15:29,VIPIND,-0.4894
2026-09-09,15:29,VISAKAIND,3.9083
2026-09-09,15:29,VISHNU,8.725
2026-09-09,15:29,VIVIANA,5.7728
2026-09-09,15:29,VIYASH,-0.6449
2026-09-09,15:29,VLSFINANCE,1.2996
2026-09-09,15:29,VOEPL,-0.6564
2026-09-09,15:29,VOLTAMP,1.4713
2026-09-09,15:29,VSSL,1.8532
2026-09-09,15:29,VSTIND,-0.5483
2026-09-09,15:29,VTL,1.9142
2026-09-09,15:29,WAAREEENER,-1.4203
2026-09-09,15:29,WABAG,7.6647
2026-09-09,15:29,WAKEFIT,3.9924
2026-09-09,15:29,WALCHANNAG,-1.4518
2026-09-09,15:29,WCIL,0.1547
2026-09-09,15:29,WEALTH,-0.3407
2026-09-09,15:29,WEBELSOLAR,2.4716
2026-09-09,15:29,WELCORP,9.0966
2026-09-09,15:29,WELENT,14.2346
2026-09-09,15:29,WELINV,5.6411
2026-09-09,15:29,WELSPLSOL,7.717
2026-09-09,15:29,WELSPUNLIV,7.1709
2026-09-09,15:29,WENDT,0.7343
2026-09-09,15:29,WESTLIFE,-1.6982
2026-09-09,15:29,WEWORK,-1.4533
2026-09-09,15:29,WHEELS,55.238
2026-09-09,15:29,WHIRLPOOL,-1.0148
2026-09-09,15:29,WINDLAS,14.9115
2026-09-09,15:29,WOCKPHARMA,19.3821
2026-09-09,15:29,WSTCSTPAPR,9.1125
2026-09-09,15:29,XCHANGING,3.8398
2026-09-09,15:29,XPROINDIA,13.3426
2026-09-09,15:29,XTRANET,50.5851
2026-09-09,15:29,YATHARTH,-1.2177
2026-09-09,15:29,YATRA,8.2221
2026-09-09,15:29,YESBANK,-1.7959
2026-09-09,15:29,YUKEN,7.9466
2026-09-09,15:29,ZENTEC,-0.9443
2026-09-09,15:29,ZFSTEERING,2.079
2026-09-09,15:29,ZIMLAB,8.6886
2026-09-09,15:29,ZOTA,5.7411
2026-09-09,15:29,ZSARACOM,0.2004
2026-09-09,15:29,ZUARIIND,0.6809
2026-09-09,15:29,ZYDUSWELL,4.4872
2026-09-10,15:29,20MICRONS,-0.5305
2026-09-10,15:29,3MINDIA,-1.5459
2026-09-10,15:29,63MOONS,14.2866
2026-09-10,15:29,AARTIDRUGS,2.318
2026-09-10,15:29,AAVAS,3.0199
2026-09-10,15:29,ABB,-0.9059
2026-09-10,15:29,ABCAPITAL,1.407
2026-09-10,15:29,ABDL,-0.9316
2026-09-10,15:29,ABFRL,-0.411
2026-09-10,15:29,ABLBL,-1.5587
2026-09-10,15:29,ABREL,-1.4444
2026-09-10,15:29,ABSLAMC,5.772
2026-09-10,15:29,ACC,-1.4148
2026-09-10,15:29,ACCELYA,-1.2541
2026-09-10,15:29,ACE,2.505
2026-09-10,15:29,ACMESOLAR,-1.5977
2026-09-10,15:29,ACUTAAS,8.7295
2026-09-10,15:29,ADANIENSOL,0.7164
2026-09-10,15:29,ADANIENT,7.4479
2026-09-10,15:29,ADANIGREEN,2.6957
2026-09-10,15:29,ADANIPORTS,7.3141
2026-09-10,15:29,ADANIPOWER,4.4725
2026-09-10,15:29,ADFFOODS,3.3566
2026-09-10,15:29,ADVANCE,2.4178
2026-09-10,15:29,ADVENZYMES,2.7087
2026-09-10,15:29,AEGISLOG,7.2419
2026-09-10,15:29,AEGISVOPAK,8.0526
2026-09-10,15:29,AEROFLEX,2.2009
2026-09-10,15:29,AFFLE,1.8465
2026-09-10,15:29,AGARWALEYE,-0.0688
2026-09-10,15:29,AGI,-0.5369
2026-09-10,15:29,AHLWEST,-1.6179
2026-09-10,15:29,AJANTPHARM,0.4337
2026-09-10,15:29,AJAXENGG,2.7093
2026-09-10,15:29,AJMERA,2.6541
2026-09-10,15:29,ALEMBICLTD,7.739
2026-09-10,15:29,ALGOQUANT,1.4599
2026-09-10,15:29,ALICON,12.2717
2026-09-10,15:29,ALLDIGI,-0.6313
2026-09-10,15:29,ALLTIME,4.7657
2026-09-10,15:29,AMANTA,6.2
2026-09-10,15:29,AMBIKCO,-1.1199
2026-09-10,15:29,AMRUTANJAN,-1.0234
2026-09-10,15:29,ANANDRATHI,0.2503
2026-09-10,15:29,ANANTRAJ,3.5811
2026-09-10,15:29,ANDHRAPAP,19.8679
2026-09-10,15:29,ANDHRSUGAR,0.0104
2026-09-10,15:29,ANGELONE,5.594
2026-09-10,15:29,ANTELOPUS,41.8154
2026-09-10,15:29,ANTHEM,1.9254
2026-09-10,15:29,ANUHPHR,12.0103
2026-09-10,15:29,APARINDS,-0.3333
2026-09-10,15:29,APEX,0
2026-09-10,15:29,APOLLO,8.8801
2026-09-10,15:29,APOLLOHOSP,1.6562
2026-09-10,15:29,APTUS,-0.4578
2026-09-10,15:29,AQYLON,0.876
2026-09-10,15:29,ARFIN,3.0058
2026-09-10,15:29,ARIES,2.1249
2026-09-10,15:29,ARKADE,1.839
2026-09-10,15:29,ARMANFIN,4.3129
2026-09-10,15:29,ARROWGREEN,7.7876
2026-09-10,15:29,ARSSBL,-1.3267
2026-09-10,15:29,ARTEMISMED,6.2814
2026-09-10,15:29,ARVIND,2.2797
2026-09-10,15:29,ARVINDFASN,-1.177
2026-09-10,15:29,ASAHIINDIA,2.6283
2026-09-10,15:29,ASAL,-1.4886
2026-09-10,15:29,ASALCBR,0.6559
2026-09-10,15:29,ASIANENE,9.3264
2026-09-10,15:29,ASIANHOTNR,3.5076
2026-09-10,15:29,ASIANTILES,0.2587
2026-09-10,15:29,ASTEC,27.276
2026-09-10,15:29,ASTERDM,1.1481
2026-09-10,15:29,ASTRAMICRO,0.6167
2026-09-10,15:29,ASTRAZEN,-0.8168
2026-09-10,15:29,ATLANTAELE,-0.998
2026-09-10,15:29,ATUL,-1.4879
2026-09-10,15:29,AUROPHARMA,-0.8852
2026-09-10,15:29,AURUM,-1.5853
2026-09-10,15:29,AVANTEL,1.5319
2026-09-10,15:29,AVL,-0.091
2026-09-10,15:29,AVTNPL,2.4771
2026-09-10,15:29,AWHCL,-1.113
2026-09-10,15:29,AXISBANK,-0.9539
2026-09-10,15:29,AXISCADES,13.7149
2026-09-10,15:29,AYE,3.7274
2026-09-10,15:29,AYMSYNTEX,-0.3739
2026-09-10,15:29,BAFNAPH,-1.5995
2026-09-10,15:29,BAJAJCON,11.1241
2026-09-10,15:29,BAJAJELEC,3.652
2026-09-10,15:29,BAJAJFINSV,-1.5974
2026-09-10,15:29,BAJAJHCARE,1.307
2026-09-10,15:29,BAJAJHFL,1.6536
2026-09-10,15:29,BAJAJINDEF,-1.55
2026-09-10,15:29,BAJAJST,3.1432
2026-09-10,15:29,BAJFINANCE,-0.9868
2026-09-10,15:29,BALAJITELE,-0.4878
2026-09-10,15:29,BALMLAWRIE,-1.1639
2026-09-10,15:29,BALRAMCHIN,5.4272
2026-09-10,15:29,BANCOINDIA,1.1852
2026-09-10,15:29,BANDHANBNK,6.814
2026-09-10,15:29,BANKBARODA,-0.0337
2026-09-10,15:29,BANKINDIA,-0.9484
2026-09-10,15:29,BAYERCROP,-0.2307
2026-09-10,15:29,BBOX,3.4586
2026-09-10,15:29,BECTORFOOD,7.7673
2026-09-10,15:29,BEEKAY,9.21
2026-09-10,15:29,BEL,-1.5078
2026-09-10,15:29,BELRISE,-1.0098
2026-09-10,15:29,BEML,2.9845
2026-09-10,15:29,BEPL,2.4615
2026-09-10,15:29,BFINVEST,0.9451
2026-09-10,15:29,BFUTILITIE,7.876
2026-09-10,15:29,BGRENERGY,4.3325
2026-09-10,15:29,BHAGERIA,15.1596
2026-09-10,15:29,BHAGYANGR,13.7368
2026-09-10,15:29,BHARATCOAL,0.2399
2026-09-10,15:29,BHARATSE,-0.9897
2026-09-10,15:29,BHARATWIRE,-0.5626
2026-09-10,15:29,BHARTIHEXA,1.8191
2026-09-10,15:29,BHEL,0.6916
2026-09-10,15:29,BIL,22.1639
2026-09-10,15:29,BIRLACABLE,15.1529
2026-09-10,15:29,BIRLANU,-0.2156
2026-09-10,15:29,BLACKBUCK,0.965
2026-09-10,15:29,BLACKROSE,-1.5933
2026-09-10,15:29,BLEL,1.1916
2026-09-10,15:29,BLIL,-1.0529
2026-09-10,15:29,BLISSGVS,11.112
2026-09-10,15:29,BLKASHYAP,-0.5193
2026-09-10,15:29,BLS,-1.0748
2026-09-10,15:29,BLUESTARCO,1.5494
2026-09-10,15:29,BLUESTONE,5.1522
2026-09-10,15:29,BLUSPRING,13.1555
2026-09-10,15:29,BODALCHEM,31.0429
2026-09-10,15:29,BOMDYEING,-0.8635
2026-09-10,15:29,BORANA,2.7495
2026-09-10,15:29,BOROLTD,9.0676
2026-09-10,15:29,BORORENEW,1.0158
2026-09-10,15:29,BOSCHLTD,0.4634
2026-09-10,15:29,BRIGADE,0.9378
2026-09-10,15:29,BSE,1.9741
2026-09-10,15:29,BSHSL,-0.2134
2026-09-10,15:29,BUILDPRO,-0.0157
2026-09-10,15:29,CAMLINFINE,1.4
2026-09-10,15:29,CANBK,-0.7962
2026-09-10,15:29,CANFINHOME,-1.4116
2026-09-10,15:29,CANHLIFE,-1.1804
2026-09-10,15:29,CANTABIL,-0.7688
2026-09-10,15:29,CAPLIPOINT,3.1056
2026-09-10,15:29,CARBORUNIV,-0.9359
2026-09-10,15:29,CARERATING,-0.7038
2026-09-10,15:29,CARTRADE,2.175
2026-09-10,15:29,CARYSIL,5.4114
2026-09-10,15:29,CASTROLIND,1.0967
2026-09-10,15:29,CCL,-0.3
2026-09-10,15:29,CEIGALL,9.9797
2026-09-10,15:29,CEMPRO,0.627
2026-09-10,15:29,CENTENKA,4.5947
2026-09-10,15:29,CENTRALBK,1.6826
2026-09-10,15:29,CENTUM,23.1075
2026-09-10,15:29,CESC,1.6741
2026-09-10,15:29,CEWATER,6.5474
2026-09-10,15:29,CGCL,8.5094
2026-09-10,15:29,CGPOWER,3.2806
2026-09-10,15:29,CHAMBLFERT,1.3219
2026-09-10,15:29,CHEMCON,7.1694
2026-09-10,15:29,CHEMFAB,5.9813
2026-09-10,15:29,CHEMPLASTS,3.4047
2026-09-10,15:29,CHENNPETRO,17.2603
2026-09-10,15:29,CHEVIOT,6.34
2026-09-10,15:29,CHOICEIN,-0.5551
2026-09-10,15:29,CHOLAFIN,2.4412
2026-09-10,15:29,CHOLAHLDNG,3.8644
2026-09-10,15:29,CIFL,-0.9323
2026-09-10,15:29,CLEAN,2.5813
2026-09-10,15:29,CLEANMAX,11.9648
2026-09-10,15:29,CLSEL,0.0496
2026-09-10,15:29,COALINDIA,7.5697
2026-09-10,15:29,COCHINSHIP,3.0151
2026-09-10,15:29,COCKERILL,0.5083
2026-09-10,15:29,COFFEEDAY,10.0069
2026-09-10,15:29,CONFIPET,9.3353
2026-09-10,15:29,CONSOFINVT,14.9621
2026-09-10,15:29,CORDELIA,5.3118
2026-09-10,15:29,COROMANDEL,2.0282
2026-09-10,15:29,CORONA,8.2378
2026-09-10,15:29,CPPLUS,2.7422
2026-09-10,15:29,CRAFTSMAN,5.3141
2026-09-10,15:29,CREDITACC,0.7105
2026-09-10,15:29,CRIZAC,9.1539
2026-09-10,15:29,CROMPTON,-0.476
2026-09-10,15:29,CSLFINANCE,1.739
2026-09-10,15:29,CUMMINSIND,0.9794
2026-09-10,15:29,CUPID,0.8726
2026-09-10,15:29,CYIENTDLM,7.7111
2026-09-10,15:29,DAMCAPITAL,0.9403
2026-09-10,15:29,DATAMATICS,1.2191
2026-09-10,15:29,DATAPATTNS,5.8026
2026-09-10,15:29,DBL,3.2801
2026-09-10,15:29,DCBBANK,1.2211
2026-09-10,15:29,DCMSIL,1.9442
2026-09-10,15:29,DCW,5.563
2026-09-10,15:29,DECCANCE,-0.4614
2026-09-10,15:29,DECNGOLD,2.185
2026-09-10,15:29,DEEDEV,5.4292
2026-09-10,15:29,DEEPINDS,17.7143
2026-09-10,15:29,DENTA,6.3251
2026-09-10,15:29,DHANUKA,-1.0754
2026-09-10,15:29,DHARMAJ,0.0927
2026-09-10,15:29,DHUNINV,0.4254
2026-09-10,15:29,DIACABS,3.2002
2026-09-10,15:29,DICIND,8.6073
2026-09-10,15:29,DISAQ,1.0662
2026-09-10,15:29,DIVISLAB,2.9842
2026-09-10,15:29,DLINKINDIA,-0.5274
2026-09-10,15:29,DMCC,1.7957
2026-09-10,15:29,DODLA,2.2416
2026-09-10,15:29,DOLATALGO,-1.6354
2026-09-10,15:29,DOLLAR,1.9505
2026-09-10,15:29,DOLPHIN,12.1207
2026-09-10,15:29,DRAGARWQ,-0.0659
2026-09-10,15:29,DSSL,1.1168
2026-09-10,15:29,DVL,0.9204
2026-09-10,15:29,DYNAMATECH,-1.156
2026-09-10,15:29,EBGNG,4.2198
2026-09-10,15:29,EDELWEISS,6.0493
2026-09-10,15:29,EIEL,10.916
2026-09-10,15:29,EIHAHOTELS,-0.5967
2026-09-10,15:29,EIMCOELECO,4.4679
2026-09-10,15:29,ELANTAS,18.589
2026-09-10,15:29,ELCIDIN,-0.2812
2026-09-10,15:29,ELDEHSG,-0.2616
2026-09-10,15:29,ELECON,2.0012
2026-09-10,15:29,ELGIEQUIP,-1.1608
2026-09-10,15:29,ELPROINTL,-0.7142
2026-09-10,15:29,EMAMILTD,-1.5399
2026-09-10,15:29,EMAMIPAP,7.2606
2026-09-10,15:29,EMCURE,6.333
2026-09-10,15:29,EMIL,9.1747
2026-09-10,15:29,EMMVEE,7.3297
2026-09-10,15:29,EMSLIMITED,5.102
2026-09-10,15:29,ENRIN,0.208
2026-09-10,15:29,ENTERO,-0.6704
2026-09-10,15:29,EPACK,0.2237
2026-09-10,15:29,EPACKPEB,6.7098
2026-09-10,15:29,EPL,2.0387
2026-09-10,15:29,EQUITASBNK,-1.076
2026-09-10,15:29,ERIS,4.3619
2026-09-10,15:29,EVEREADY,12.6423
2026-09-10,15:29,EVERESTIND,-1.2597
2026-09-10,15:29,EXCELSOFT,14.7442
2026-09-10,15:29,EXICOM,8.4366
2026-09-10,15:29,EXPLEOSOL,3.441
2026-09-10,15:29,FABTECH,-0.122
2026-09-10,15:29,FAZE3Q,-0.846
2026-09-10,15:29,FCL,20.2335
2026-09-10,15:29,FDC,3.5222
2026-09-10,15:29,FEDDERSHOL,7.1002
2026-09-10,15:29,FEDERALBNK,-0.9306
2026-09-10,15:29,FEDFINA,1.7092
2026-09-10,15:29,FILATEX,3.4039
2026-09-10,15:29,FINCABLES,13.6265
2026-09-10,15:29,FINKURVE,-1.5201
2026-09-10,15:29,FINOPB,2.5726
2026-09-10,15:29,FINPIPE,1.1201
2026-09-10,15:29,FIVESTAR,-1.3845
2026-09-10,15:29,FLUOROCHEM,0.9747
2026-09-10,15:29,FORCEMOT,2.5561
2026-09-10,15:29,FORTIS,-1.3716
2026-09-10,15:29,FRONTSP,-0.0955
2026-09-10,15:29,GAIL,1.0423
2026-09-10,15:29,GALAPREC,2.813
2026-09-10,15:29,GALAXYSURF,0.8074
2026-09-10,15:29,GALLANTT,0.0814
2026-09-10,15:29,GANDHAR,3.6287
2026-09-10,15:29,GANDHITUBE,0.3011
2026-09-10,15:29,GANECOS,2.3424
2026-09-10,15:29,GANESHBE,14.5914
2026-09-10,15:29,GANESHCP,-0.7253
2026-09-10,15:29,GANESHHOU,-0.2902
2026-09-10,15:29,GARUDA,-0.3114
2026-09-10,15:29,GATEWAY,1.4945
2026-09-10,15:29,GAYAPROJ,19.8647
2026-09-10,15:29,GCSL,9.2201
2026-09-10,15:29,GEECEE,0.407
2026-09-10,15:29,GEMAROMA,-0.9599
2026-09-10,15:29,GENESYS,32.6384
2026-09-10,15:29,GENUSPOWER,-0.5337
2026-09-10,15:29,GESHIP,5.6276
2026-09-10,15:29,GFLLIMITED,3.8011
2026-09-10,15:29,GILLETTE,-0.4583
2026-09-10,15:29,GIPCL,1.2575
2026-09-10,15:29,GKSL,6.6297
2026-09-10,15:29,GLAND,2.5009
2026-09-10,15:29,GLOBAL,12.1845
2026-09-10,15:29,GLOSTERLTD,1.344
2026-09-10,15:29,GMBREW,4.1429
2026-09-10,15:29,GMDCLTD,3.2281
2026-09-10,15:29,GMMPFAUDLR,21.7199
2026-09-10,15:29,GMRAIRPORT,3.5487
2026-09-10,15:29,GMRP&UI,7.3407
2026-09-10,15:29,GNA,4.0379
2026-09-10,15:29,GNFC,-0.9115
2026-09-10,15:29,GNRL,12.7355
2026-09-10,15:29,GOCLCORP,11.5787
2026-09-10,15:29,GOCOLORS,-1.5458
2026-09-10,15:29,GODAVARIB,0.3703
2026-09-10,15:29,GODREJAGRO,2.8499
2026-09-10,15:29,GOKEX,-0.8072
2026-09-10,15:29,GOODLUCK,14.352
2026-09-10,15:29,GOODYEAR,-1.5688
2026-09-10,15:29,GPIL,3.6235
2026-09-10,15:29,GPTHEALTH,6.3708
2026-09-10,15:29,GPTINFRA,5.3379
2026-09-10,15:29,GRANDOAK,1.7941
2026-09-10,15:29,GRANULES,7.4116
2026-09-10,15:29,GRAPHITE,12.5392
2026-09-10,15:29,GRASIM,0.4236
2026-09-10,15:29,GRAUWEIL,10.4404
2026-09-10,15:29,GREENPANEL,-0.0625
2026-09-10,15:29,GREENPLY,3.6688
2026-09-10,15:29,GRMOVER,2.5677
2026-09-10,15:29,GROWW,3.3947
2026-09-10,15:29,GRPLTD,-1.6341
2026-09-10,15:29,GSFC,1.0268
2026-09-10,15:29,GTPL,4.5677
2026-09-10,15:29,GUFICBIO,0.38
2026-09-10,15:29,GUJALKALI,0.7641
2026-09-10,15:29,GUJENERGY,0.1966
2026-09-10,15:29,GUJTHEM,2.417
2026-09-10,15:29,GVPIL,5.1321
2026-09-10,15:29,GVT&D,5.111
2026-09-10,15:29,GYFTR,1.7403
2026-09-10,15:29,HAL,2.962
2026-09-10,15:29,HALDYNGL,1.9065
2026-09-10,15:29,HARIOMPIPE,5.6196
2026-09-10,15:29,HARSHA,-1.4327
2026-09-10,15:29,HATSUN,1.3577
2026-09-10,15:29,HAWKINCOOK,3.1403
2026-09-10,15:29,HBLENGINE,9.3598
2026-09-10,15:29,HCG,-0.4969
2026-09-10,15:29,HDBFS,0.3554
2026-09-10,15:29,HEALTHX,2.5008
2026-09-10,15:29,HEIDELBERG,0.4364
2026-09-10,15:29,HERITGFOOD,12.5389
2026-09-10,15:29,HESTERBIO,3.5674
2026-09-10,15:29,HEXAGON,2.9914
2026-09-10,15:29,HEXATRADEX,-1.1593
2026-09-10,15:29,HFCL,-1.403
2026-09-10,15:29,HGINFRA,1.1207
2026-09-10,15:29,HIKAL,18.2533
2026-09-10,15:29,HIMATSEIDE,-0.6063
2026-09-10,15:29,HINDALCO,-0.0394
2026-09-10,15:29,HINDCOPPER,0.1234
2026-09-10,15:29,HINDOILEXP,11.0414
2026-09-10,15:29,HINDWAREAP,-0.2416
2026-09-10,15:29,HINDZINC,-0.5695
2026-09-10,15:29,HIRECT,0.0561
2026-09-10,15:29,HITECHCORP,-1.5993
2026-09-10,15:29,HITECHGEAR,1.7918
2026-09-10,15:29,HLEGLAS,16.0537
2026-09-10,15:29,HMT,-0.5601
2026-09-10,15:29,HOMEFIRST,2.2489
2026-09-10,15:29,HONASA,0.4541
2026-09-10,15:29,HONDAPOWER,-1.199
2026-09-10,15:29,HPL,-1.3342
2026-09-10,15:29,HUBTOWN,1.6026
2026-09-10,15:29,HUHTAMAKI,1.1971
2026-09-10,15:29,HYUNDAI,1.1561
2026-09-10,15:29,ICEMAKE,-0.7567
2026-09-10,15:29,ICICIAMC,-0.1514
2026-09-10,15:29,ICIL,1.3842
2026-09-10,15:29,IDFCFIRSTB,2.285
2026-09-10,15:29,IFBIND,-1.3985
2026-09-10,15:29,IFGLEXPOR,2.2269
2026-09-10,15:29,IGL,2.4091
2026-09-10,15:29,IGPL,0.9392
2026-09-10,15:29,IIFLCAPS,-0.8379
2026-09-10,15:29,IKIO,11.661
2026-09-10,15:29,IKS,2.4644
2026-09-10,15:29,IMPAL,-0.327
2026-09-10,15:29,INA,3.7946
2026-09-10,15:29,INDHOTEL,-0.3134
2026-09-10,15:29,INDIANHUME,-1.3838
2026-09-10,15:29,INDIASHLTR,6.8771
2026-09-10,15:29,INDIQUBE,8.161
2026-09-10,15:29,INDNIPPON,27.6933
2026-09-10,15:29,INDOAMIN,6.1426
2026-09-10,15:29,INDOCO,4.2692
2026-09-10,15:29,INDOFARM,4.0718
2026-09-10,15:29,INDOMIM,17.1974
2026-09-10,15:29,INDORAMA,21.9379
2026-09-10,15:29,INDOTHAI,4.1737
2026-09-10,15:29,INDPRUD,-0.3289
2026-09-10,15:29,INDRAMEDCO,0.6149
2026-09-10,15:29,INDSWFTLAB,2.5397
2026-09-10,15:29,INDUSINDBK,0.0705
2026-09-10,15:29,INDUSTOWER,-0.8
2026-09-10,15:29,INFOBEAN,-1.4728
2026-09-10,15:29,INNOVACAP,9.2969
2026-09-10,15:29,INNOVANA,3.1
2026-09-10,15:29,INNOVISION,1.3293
2026-09-10,15:29,INOXGREEN,11.1236
2026-09-10,15:29,INOXINDIA,5.9975
2026-09-10,15:29,INOXWIND,9.3813
2026-09-10,15:29,INSECTICID,2.3648
2026-09-10,15:29,INTELLECT,-1.3891
2026-09-10,15:29,INTERARCH,0.3948
2026-09-10,15:29,INVPRECQ,7.5956
2026-09-10,15:29,IOB,1.8283
2026-09-10,15:29,IOC,-1.1646
2026-09-10,15:29,IOLCP,10.9985
2026-09-10,15:29,IONEXCHANG,18.4576
2026-09-10,15:29,IPCALAB,-0.8402
2026-09-10,15:29,IREDA,-0.7706
2026-09-10,15:29,IRIS,-0.3839
2026-09-10,15:29,IRISDOREME,7.675
2026-09-10,15:29,IRMENERGY,0.3031
2026-09-10,15:29,ISGEC,4.0989
2026-09-10,15:29,ITDC,3.0787
2026-09-10,15:29,IXIGO,2.1126
2026-09-10,15:29,J&KBANK,-1.0924
2026-09-10,15:29,JAGRAN,1.3732
2026-09-10,15:29,JAICORPLTD,-1.5353
2026-09-10,15:29,JAINREC,3.8297
2026-09-10,15:29,JAMNAAUTO,9.1105
2026-09-10,15:29,JARO,0.7063
2026-09-10,15:29,JASH,13.9283
2026-09-10,15:29,JAYAGROGN,12.536
2026-09-10,15:29,JAYKAY,1.9263
2026-09-10,15:29,JINDALPHOT,-1.0277
2026-09-10,15:29,JINDALSAW,2.502
2026-09-10,15:29,JINDRILL,6.2617
2026-09-10,15:29,JINDWORLD,32.2243
2026-09-10,15:29,JISLJALEQS,6.9469
2026-09-10,15:29,JKIL,-0.627
2026-09-10,15:29,JKPAPER,3.5158
2026-09-10,15:29,JMFINANCIL,-0.7875
2026-09-10,15:29,JNKINDIA,-0.4411
2026-09-10,15:29,JNPR,-1.2579
2026-09-10,15:29,JPOLYINVST,-1.4924
2026-09-10,15:29,JSL,3.8352
2026-09-10,15:29,JSLL,2.9496
2026-09-10,15:29,JSWDULUX,1.1548
2026-09-10,15:29,JSWENERGY,2.4035
2026-09-10,15:29,JSWINFRA,2.285
2026-09-10,15:29,JSWSTEEL,-0.7233
2026-09-10,15:29,JTLIND,1.8529
2026-09-10,15:29,JUBLPHARMA,13.0068
2026-09-10,15:29,JUNIPER,6.1875
2026-09-10,15:29,JWL,-0.3301
2026-09-10,15:29,JYOTICNC,1.4963
2026-09-10,15:29,KABRAEXTRU,22.1177
2026-09-10,15:29,KAJARIACER,1.2124
2026-09-10,15:29,KALYANKJIL,7.3647
2026-09-10,15:29,KAMDHENU,8.4624
2026-09-10,15:29,KANORICHEM,12.1398
2026-09-10,15:29,KAPSTON,2.2104
2026-09-10,15:29,KAYA,3.3318
2026-09-10,15:29,KDDL,0.3611
2026-09-10,15:29,KEC,-0.8513
2026-09-10,15:29,KECL,0.0158
2026-09-10,15:29,KENNAMET,10.3045
2026-09-10,15:29,KERNEX,4.6014
2026-09-10,15:29,KILITCH,8.4902
2026-09-10,15:29,KIMS,1.8987
2026-09-10,15:29,KINGFA,3.2753
2026-09-10,15:29,KIRANVYPAR,4.0203
2026-09-10,15:29,KIRIINDUS,1.3858
2026-09-10,15:29,KIRLFER,3.6238
2026-09-10,15:29,KIRLOSENG,3.3064
2026-09-10,15:29,KISSHT,12.8803
2026-09-10,15:29,KITEX,-0.2778
2026-09-10,15:29,KLBRENG-B,12.528
2026-09-10,15:29,KMEW,-0.6948
2026-09-10,15:29,KNRCON,5.0986
2026-09-10,15:29,KOKUYOCMLN,0.5093
2026-09-10,15:29,KOLTEPATIL,3.4273
2026-09-10,15:29,KOPRAN,8.3831
2026-09-10,15:29,KOTHARIPET,9.4041
2026-09-10,15:29,KOTIC,7.4087
2026-09-10,15:29,KOVAI,4.2412
2026-09-10,15:29,KPIL,1.6757
2026-09-10,15:29,KPL,3.5717
2026-09-10,15:29,KRBL,-0.2004
2026-09-10,15:29,KRISHNADEF,6.8184
2026-09-10,15:29,KRN,3.7449
2026-09-10,15:29,KROSS,10.7688
2026-09-10,15:29,KRSNAA,0.7947
2026-09-10,15:29,KSHINTL,23.2214
2026-09-10,15:29,KSL,7.5778
2026-09-10,15:29,KTKBANK,0.4986
2026-09-10,15:29,KUANTUM,5.4035
2026-09-10,15:29,KUSUMGAR,0.1593
2026-09-10,15:29,LALPATHLAB,0.6459
2026-09-10,15:29,LAURUSLABS,4.48
2026-09-10,15:29,LAXMIDENTL,4.9806
2026-09-10,15:29,LAXMIINDIA,0.6612
2026-09-10,15:29,LCL,3.2089
2026-09-10,15:29,LEMONTREE,-0.4239
2026-09-10,15:29,LENSKART,4.452
2026-09-10,15:29,LGBBROSLTD,0.734
2026-09-10,15:29,LGEINDIA,-0.9366
2026-09-10,15:29,LGHL,5.4832
2026-09-10,15:29,LICHSGFIN,3.2529
2026-09-10,15:29,LICI,-1.5892
2026-09-10,15:29,LIKHITHA,4.6418
2026-09-10,15:29,LINC,3.1267
2026-09-10,15:29,LINCOLN,4.0597
2026-09-10,15:29,LLOYDSME,1.3575
2026-09-10,15:29,LOKESHMACH,0.2888
2026-09-10,15:29,LOTUSDEV,16.0174
2026-09-10,15:29,LT,-0.6306
2026-09-10,15:29,LTF,0.728
2026-09-10,15:29,LTFOODS,1.0297
2026-09-10,15:29,LXCHEM,3.4748
2026-09-10,15:29,M&MFIN,-1.4133
2026-09-10,15:29,MAFATIND,0.8869
2026-09-10,15:29,MAHABANK,1.9952
2026-09-10,15:29,MAHLIFE,0.7564
2026-09-10,15:29,MAHLOG,3.3316
2026-09-10,15:29,MAHSEAMLES,10.6758
2026-09-10,15:29,MAITHANALL,8.5171
2026-09-10,15:29,MAMATA,1.8913
2026-09-10,15:29,MANAKCOAT,3.2459
2026-09-10,15:29,MANAKSTEEL,10.4803
2026-09-10,15:29,MANALIPETC,2.6535
2026-09-10,15:29,MANBA,1.686
2026-09-10,15:29,MANINDS,14.9066
2026-09-10,15:29,MANINFRA,3.2916
2026-09-10,15:29,MANORAMA,13.6859
2026-09-10,15:29,MANYAVAR,5.4402
2026-09-10,15:29,MARATHON,0.9206
2026-09-10,15:29,MARKSANS,2.4814
2026-09-10,15:29,MARSONS,1.1211
2026-09-10,15:29,MASTERTR,13.2018
2026-09-10,15:29,MATRIMONY,-1.6185
2026-09-10,15:29,MAXESTATES,11.2823
2026-09-10,15:29,MAXHEALTH,3.5493
2026-09-10,15:29,MAXIND,-1.0405
2026-09-10,15:29,MAYURUNIQ,1.9334
2026-09-10,15:29,MAZDA,4.6512
2026-09-10,15:29,MBAPL,0.2612
2026-09-10,15:29,MCX,-0.0908
2026-09-10,15:29,MEDANTA,0.1029
2026-09-10,15:29,MEESHO,6.2198
2026-09-10,15:29,MENONBE,0.0829
2026-09-10,15:29,MERCURYEV,10.5473
2026-09-10,15:29,METROBRAND,3.7202
2026-09-10,15:29,METROPOLIS,2.3014
2026-09-10,15:29,MGL,2.1435
2026-09-10,15:29,MIDHANI,10.9953
2026-09-10,15:29,MIDWESTLTD,0.6803
2026-09-10,15:29,MILKYMIST,20.1698
2026-09-10,15:29,MINDACORP,-1.3055
2026-09-10,15:29,MMP,16.8428
2026-09-10,15:29,MMTC,-0.1444
2026-09-10,15:29,MOBIKWIK,3.6745
2026-09-10,15:29,MODIS,-1.0848
2026-09-10,15:29,MODISONLTD,3.0734
2026-09-10,15:29,MOIL,-0.0998
2026-09-10,15:29,MOLDTECH,9.8205
2026-09-10,15:29,MONARCH,-0.9744
2026-09-10,15:29,MONTECARLO,3.1537
2026-09-10,15:29,MOREPENLAB,11.2205
2026-09-10,15:29,MOTHERSON,-1.4493
2026-09-10,15:29,MOTILALOFS,-0.0984
2026-09-10,15:29,MPSLTD,2.0093
2026-09-10,15:29,MRPL,5.7753
2026-09-10,15:29,MSPL,0.6731
2026-09-10,15:29,MSTCLTD,1.0966
2026-09-10,15:29,MTARTECH,5.1609
2026-09-10,15:29,MUFIN,0.4233
2026-09-10,15:29,MUKANDLTD,4.8078
2026-09-10,15:29,MUKKA,14.4944
2026-09-10,15:29,MUNJALSHOW,-1.4197
2026-09-10,15:29,MUTHOOTMF,-0.0408
2026-09-10,15:29,MVELECTRO,17.059
2026-09-10,15:29,MVGJL,28.5829
2026-09-10,15:29,NAHARINDUS,-0.3201
2026-09-10,15:29,NAM-INDIA,0.5174
2026-09-10,15:29,NATIONALUM,0.3629
2026-09-10,15:29,NAVA,-0.9315
2026-09-10,15:29,NAVINFLUOR,0.7469
2026-09-10,15:29,NAZARA,1.904
2026-09-10,15:29,NBCC,-1.4789
2026-09-10,15:29,NBIFIN,2.2172
2026-09-10,15:29,NCLIND,2.2739
2026-09-10,15:29,NDTV,1.2182
2026-09-10,15:29,NELCO,1.428
2026-09-10,15:29,NEOGEN,10.9104
2026-09-10,15:29,NEPHROPLUS,8.3599
2026-09-10,15:29,NESCO,4.5211
2026-09-10,15:29,NEULANDLAB,3.3659
2026-09-10,15:29,NFL,-1.5313
2026-09-10,15:29,NGLFINE,2.5625
2026-09-10,15:29,NH,-1.4958
2026-09-10,15:29,NHPC,0.0655
2026-09-10,15:29,NIACL,6.2335
2026-09-10,15:29,NILKAMAL,2.1337
2026-09-10,15:29,NINSYS,-0.2675
2026-09-10,15:29,NITCO,1.9266
2026-09-10,15:29,NITINSPIN,2.9727
2026-09-10,15:29,NITTAGELA,1.4098
2026-09-10,15:29,NLCINDIA,-1.4218
2026-09-10,15:29,NMDC,-1.272
2026-09-10,15:29,NOCIL,15.1456
2026-09-10,15:29,NORTHARC,3.222
2026-09-10,15:29,NOVARTIND,53.4796
2026-09-10,15:29,NPST,3.7992
2026-09-10,15:29,NRAIL,20.0444
2026-09-10,15:29,NRBBEARING,12.5914
2026-09-10,15:29,NRL,12.3199
2026-09-10,15:29,NSIL,-1.6152
2026-09-10,15:29,NTPC,2.2901
2026-09-10,15:29,NUVAMA,-1.5182
2026-09-10,15:29,NUVOCO,2.6173
2026-09-10,15:29,NYKAA,1.0192
2026-09-10,15:29,OAL,17.5667
2026-09-10,15:29,OCCLLTD,0.5521
2026-09-10,15:29,OIL,2.102
2026-09-10,15:29,OMINFRAL,-1.5115
2026-09-10,15:29,OMNI,5.1811
2026-09-10,15:29,OMPOWER,-0.5737
2026-09-10,15:29,ONEPOINT,5.4805
2026-09-10,15:29,ONESOURCE,0.9163
2026-09-10,15:29,ONGC,0.3468
2026-09-10,15:29,ONWARDTEC,1.6731
2026-09-10,15:29,ORBTEXP,-0.8244
2026-09-10,15:29,ORCHPHARMA,7.1948
2026-09-10,15:29,ORIENTBELL,5.5193
2026-09-10,15:29,ORIENTCEM,-1.6386
2026-09-10,15:29,ORIENTCER,8.0556
2026-09-10,15:29,ORIENTHOT,0.8366
2026-09-10,15:29,ORIENTTECH,-1.3
2026-09-10,15:29,ORKLAINDIA,-1.0265
2026-09-10,15:29,PAGEIND,0.2102
2026-09-10,15:29,PAISALO,23.8259
2026-09-10,15:29,PANACEABIO,-0.5756
2026-09-10,15:29,PANACHE,-0.077
2026-09-10,15:29,PANAMAPET,0.9445
2026-09-10,15:29,PARACABLES,3.5303
2026-09-10,15:29,PARADEEP,-0.2539
2026-09-10,15:29,PARAGMILK,2.2192
2026-09-10,15:29,PARAS,5.304
2026-09-10,15:29,PARKHOSPS,0.1069
2026-09-10,15:29,PARKHOTELS,-0.2591
2026-09-10,15:29,PASUPTAC,8.0185
2026-09-10,15:29,PAYTM,6.4585
2026-09-10,15:29,PCBL,5.4488
2026-09-10,15:29,PDMJEPAPER,6.6976
2026-09-10,15:29,PENIND,7.0506
2026-09-10,15:29,PETRONET,-1.2316
2026-09-10,15:29,PFC,2.0243
2026-09-10,15:29,PFOCUS,9.4415
2026-09-10,15:29,PFS,1.8917
2026-09-10,15:29,PGIL,1.2947
2026-09-10,15:29,PHOENIXLTD,-0.1374
2026-09-10,15:29,PIIND,-1.3391
2026-09-10,15:29,PINELABS,8.3057
2026-09-10,15:29,PITTIENG,8.9979
2026-09-10,15:29,PNB,1.4147
2026-09-10,15:29,PNBGILTS,5.1282
2026-09-10,15:29,PNBHOUSING,2.3438
2026-09-10,15:29,PNGJL,4.1592
2026-09-10,15:29,PNGSREVA,-1.2812
2026-09-10,15:29,POLICYBZR,-1.5963
2026-09-10,15:29,POLYMED,-0.4953
2026-09-10,15:29,POWERGRID,2.7216
2026-09-10,15:29,POWERICA,12.3939
2026-09-10,15:29,PPL,11.2216
2026-09-10,15:29,PPLPHARMA,-0.333
2026-09-10,15:29,PRABHA,16.4754
2026-09-10,15:29,PRADPME,-0.7546
2026-09-10,15:29,PRAVEG,0.2068
2026-09-10,15:29,PREMEXPLN,0.4669
2026-09-10,15:29,PRIMO,2.0696
2026-09-10,15:29,PRIVISCL,4.4741
2026-09-10,15:29,PROSTARM,2.3231
2026-09-10,15:29,PROZONER,16.4292
2026-09-10,15:29,PRSMJOHNSN,3.6151
2026-09-10,15:29,PRUDENT,-0.9993
2026-09-10,15:29,PSB,0.0886
2026-09-10,15:29,PSPPROJECT,-1.0806
2026-09-10,15:29,PTC,-0.9729
2026-09-10,15:29,PTCIL,-1.626
2026-09-10,15:29,PTL,-0.5731
2026-09-10,15:29,PUNJABCHEM,-1.5776
2026-09-10,15:29,PURVA,0.8381
2026-09-10,15:29,PVP,1.5985
2026-09-10,15:29,PVRINOX,-0.5618
2026-09-10,15:29,PWL,10.2575
2026-09-10,15:29,QUADFUTURE,3.9723
2026-09-10,15:29,QUICKHEAL,7.4692
2026-09-10,15:29,RACLGEAR,3.2707
2026-09-10,15:29,RADHIKAJWE,18.3544
2026-09-10,15:29,RADICO,-0.3196
2026-09-10,15:29,RAIN,5.1949
2026-09-10,15:29,RAINBOW,0.9472
2026-09-10,15:29,RAJESHEXPO,4.8078
2026-09-10,15:29,RAJOOENG,11.001
2026-09-10,15:29,RAJRATAN,2.6072
2026-09-10,15:29,RAMBHAJO,12.8401
2026-09-10,15:29,RAMCOCEM,-0.6397
2026-09-10,15:29,RAMCOIND,-1.2821
2026-09-10,15:29,RAMCOSYS,3.3251
2026-09-10,15:29,RANEHOLDIN,9.233
2026-09-10,15:29,RATNAMANI,8.3644
2026-09-10,15:29,RATNAVEER,6.6072
2026-09-10,15:29,RAYMOND,34.4011
2026-09-10,15:29,RAYMONDLSL,7.9259
2026-09-10,15:29,RAYMONDREL,10.7015
2026-09-10,15:29,RBLBANK,7.9632
2026-09-10,15:29,RBZJEWEL,5.7219
2026-09-10,15:29,RECLTD,-0.0796
2026-09-10,15:29,REDINGTON,12.1281
2026-09-10,15:29,RELIGARE,3.6032
2026-09-10,15:29,RELTD,0.7667
2026-09-10,15:29,RENUKA,2.5196
2026-09-10,15:29,RESPONIND,12.8987
2026-09-10,15:29,RGL,14.2523
2026-09-10,15:29,RHETAN,32.1653
2026-09-10,15:29,RHIM,2.8517
2026-09-10,15:29,RICOAUTO,2.2922
2026-09-10,15:29,RISHABH,16.3648
2026-09-10,15:29,RITCO,1.6817
2026-09-10,15:29,RMDRIP,7.1658
2026-09-10,15:29,RML,26.1099
2026-09-10,15:29,ROHLTD,3.2952
2026-09-10,15:29,ROSSTECH,6.1961
2026-09-10,15:29,ROTO,-1.3643
2026-09-10,15:29,ROUTE,-0.2391
2026-09-10,15:29,RPEL,0.9496
2026-09-10,15:29,RPGLIFE,7.4194
2026-09-10,15:29,RPSGVENT,-0.2552
2026-09-10,15:29,RPTECH,-0.3275
2026-09-10,15:29,RSL,5.6354
2026-09-10,15:29,RSWM,8.8132
2026-09-10,15:29,RUBYMILLS,15.578
2026-09-10,15:29,RVNL,-1.3341
2026-09-10,15:29,SAILIFE,4.8086
2026-09-10,15:29,SAIPARENT,0.7325
2026-09-10,15:29,SAKAR,15.6925
2026-09-10,15:29,SALZERELEC,2.116
2026-09-10,15:29,SAMBHV,4.3961
2026-09-10,15:29,SAMHI,4.6717
2026-09-10,15:29,SAMMAANCAP,1.7874
2026-09-10,15:29,SANATHAN,9.7331
2026-09-10,15:29,SANGAMIND,-1.6364
2026-09-10,15:29,SANOFI,-1.5531
2026-09-10,15:29,SANOFICONR,-1.1649
2026-09-10,15:29,SANSERA,5.2498
2026-09-10,15:29,SANSTAR,0.0186
2026-09-10,15:29,SARDAEN,8.0877
2026-09-10,15:29,SAREGAMA,2.3089
2026-09-10,15:29,SATIA,20.1717
2026-09-10,15:29,SATIN,0.0138
2026-09-10,15:29,SAURASHCEM,-0.108
2026-09-10,15:29,SAYAJIHOTL,2.9114
2026-09-10,15:29,SBC,14.2959
2026-09-10,15:29,SBCL,6.117
2026-09-10,15:29,SBFC,-1.4707
2026-09-10,15:29,SBICARD,5.3605
2026-09-10,15:29,SCHAEFFLER,-1.4999
2026-09-10,15:29,SCHNEIDER,0.5554
2026-09-10,15:29,SCI,-0.8
2026-09-10,15:29,SCODATUBES,-0.8289
2026-09-10,15:29,SCPL,-0.0854
2026-09-10,15:29,SDBL,-0.3235
2026-09-10,15:29,SEAMECLTD,5.6052
2026-09-10,15:29,SEJALLTD,-0.4887
2026-09-10,15:29,SENCO,-0.8079
2026-09-10,15:29,SENORES,0.5774
2026-09-10,15:29,SERVOTECH,-1.2217
2026-09-10,15:29,SESHAPAPER,6.2102
2026-09-10,15:29,SETL,15.2048
2026-09-10,15:29,SFL,8.2513
2026-09-10,15:29,SGFIN,-1.5096
2026-09-10,15:29,SGIL,-0.0664
2026-09-10,15:29,SHADOWFAX,-0.8165
2026-09-10,15:29,SHAILY,3.579
2026-09-10,15:29,SHAKTIPUMP,5.283
2026-09-10,15:29,SHALPAINTS,7.6342
2026-09-10,15:29,SHANTIGEAR,36.7097
2026-09-10,15:29,SHANTIGOLD,9.5877
2026-09-10,15:29,SHARDACROP,-0.8816
2026-09-10,15:29,SHARDAMOTR,7.0055
2026-09-10,15:29,SHAREINDIA,14.9415
2026-09-10,15:29,SHILCTECH,3.5921
2026-09-10,15:29,SHILPAMED,5.6424
2026-09-10,15:29,SHINDL,-0.1418
2026-09-10,15:29,SHIVALIK,8.5047
2026-09-10,15:29,SHIVAUM,2.9218
2026-09-10,15:29,SHREEJISPG,11.9291
2026-09-10,15:29,SHREEPUSHK,5.8456
2026-09-10,15:29,SHREERAMA,10.209
2026-09-10,15:29,SHRINGARMS,0.3797
2026-09-10,15:29,SHYAMMETL,0.7514
2026-09-10,15:29,SICALLOG,-0.3037
2026-09-10,15:29,SIGACHI,18.4111
2026-09-10,15:29,SIGMAADV,1.5888
2026-09-10,15:29,SIGNATURE,-0.624
2026-09-10,15:29,SIGNPOST,6.1435
2026-09-10,15:29,SIKA,2.9586
2026-09-10,15:29,SIMPLEXINF,-0.3313
2026-09-10,15:29,SIRCA,0.1276
2026-09-10,15:29,SIS,-1.0759
2026-09-10,15:29,SIYSIL,-1.3437
2026-09-10,15:29,SJVN,3.512
2026-09-10,15:29,SKFINDIA,0
2026-09-10,15:29,SKFINDUS,-0.596
2026-09-10,15:29,SKIPPER,9.0637
2026-09-10,15:29,SKYGOLD,6.6881
2026-09-10,15:29,SMARTWORKS,1.8349
2026-09-10,15:29,SMCGLOBAL,7.5204
2026-09-10,15:29,SMLMAH,15.9908
2026-09-10,15:29,SMSPHARMA,13.3605
2026-09-10,15:29,SNOWMAN,-1.4177
2026-09-10,15:29,SOBHA,-0.739
2026-09-10,15:29,SOFTTECH,4.794
2026-09-10,15:29,SOLARA,9.9153
2026-09-10,15:29,SOLARINDS,11.5155
2026-09-10,15:29,SOMANYCERA,-0.6126
2026-09-10,15:29,SONACOMS,-0.7412
2026-09-10,15:29,SOUTHBANK,0.3703
2026-09-10,15:29,SOUTHWEST,3.6385
2026-09-10,15:29,SPAL,0.8225
2026-09-10,15:29,SPARC,-0.0355
2026-09-10,15:29,SPECIALITY,2.037
2026-09-10,15:29,SPECTRUM,34.7785
2026-09-10,15:29,SPIC,0.639
2026-09-10,15:29,SPLPETRO,15.261
2026-09-10,15:29,SREEL,48.2742
2026-09-10,15:29,SRHHYPOLTD,4.5808
2026-09-10,15:29,SRM,0.0894
2026-09-10,15:29,SSWL,4.5766
2026-09-10,15:29,STALLION,12.842
2026-09-10,15:29,STANLEY,-0.2106
2026-09-10,15:29,STAR,18.8245
2026-09-10,15:29,STARCEMENT,4.8753
2026-09-10,15:29,STARHEALTH,2.8283
2026-09-10,15:29,STERTOOLS,1.5834
2026-09-10,15:29,STLNETWORK,28.3505
2026-09-10,15:29,STLTECH,23.2161
2026-09-10,15:29,STOVEKRAFT,-0.8322
2026-09-10,15:29,STYL,-0.2327
2026-09-10,15:29,STYLAMIND,-1.0077
2026-09-10,15:29,STYRENIX,6.5218
2026-09-10,15:29,SUBROS,-0.5582
2026-09-10,15:29,SUDARCOLOR,0.5013
2026-09-10,15:29,SUDARSCHEM,2.4261
2026-09-10,15:29,SUDEEPPHRM,-1.4136
2026-09-10,15:29,SUMMITSEC,1.7613
2026-09-10,15:29,SUNCLAY,-0.1157
2026-09-10,15:29,SUNDARMFIN,3.588
2026-09-10,15:29,SUNDRMFAST,4.2666
2026-09-10,15:29,SUNDROP,2.0746
2026-09-10,15:29,SUNFLAG,1.6929
2026-09-10,15:29,SUNTV,-1.4281
2026-09-10,15:29,SUPRAJIT,-1.2143
2026-09-10,15:29,SUPREMEINF,4.4743
2026-09-10,15:29,SUPRIYA,14.2315
2026-09-10,15:29,SURYAROSNI,-1.2659
2026-09-10,15:29,SURYODAY,0
2026-09-10,15:29,SUTLEJTEX,0.5071
2026-09-10,15:29,SWANCORP,3.0235
2026-09-10,15:29,SWANDEF,10.3157
2026-09-10,15:29,SWARAJENG,0.376
2026-09-10,15:29,SWIGGY,1.4545
2026-09-10,15:29,SYMPHONY,5.6668
2026-09-10,15:29,SYRMA,10.422
2026-09-10,15:29,SYSTMTXC,23.1982
2026-09-10,15:29,TAALTECH,16.8379
2026-09-10,15:29,TAJGVK,4.1496
2026-09-10,15:29,TALBROAUTO,2.2882
2026-09-10,15:29,TARC,4.9555
2026-09-10,15:29,TASTYBITE,2.5638
2026-09-10,15:29,TATACAP,-1.2777
2026-09-10,15:29,TATACOMM,1.7649
2026-09-10,15:29,TATAINVEST,1.8149
2026-09-10,15:29,TATAPOWER,4.6926
2026-09-10,15:29,TATASTEEL,1.4723
2026-09-10,15:29,TATVA,3.3769
2026-09-10,15:29,TBZ,36.6549
2026-09-10,15:29,TCIEXP,-1.2086
2026-09-10,15:29,TCPLPACK,-0.1062
2026-09-10,15:29,TDPOWERSYS,0.62
2026-09-10,15:29,TEAMLEASE,-0.8383
2026-09-10,15:29,TECHNOCRAF,17.4238
2026-09-10,15:29,TECHNOE,0.1536
2026-09-10,15:29,TEGA,9.6211
2026-09-10,15:29,TEJASNET,1.4578
2026-09-10,15:29,TENNIND,-1.1329
2026-09-10,15:29,TEXINFRA,0.7765
2026-09-10,15:29,TEXRAIL,4.1567
2026-09-10,15:29,TFCILTD,1.4886
2026-09-10,15:29,THEINVEST,3.2019
2026-09-10,15:29,THEJO,5.8784
2026-09-10,15:29,THEMISMED,6.8787
2026-09-10,15:29,THOMASCOOK,2.4974
2026-09-10,15:29,TIL,6.7499
2026-09-10,15:29,TIMKEN,2.7293
2026-09-10,15:29,TINNARUBR,0.8234
2026-09-10,15:29,TIPSMUSIC,2.3155
2026-09-10,15:29,TIRUMALCHM,-1.167
2026-09-10,15:29,TIRUPATIFL,3.4493
2026-09-10,15:29,TITAGARH,3.0278
2026-09-10,15:29,TITAN,-0.5743
2026-09-10,15:29,TMB,1.7124
2026-09-10,15:29,TNPETRO,0.5969
2026-09-10,15:29,TNPL,3.1543
2026-09-10,15:29,TORNTPHARM,-0.7149
2026-09-10,15:29,TORNTPOWER,6.3151
2026-09-10,15:29,TRAVELFOOD,1.2121
2026-09-10,15:29,TREL,-0.7735
2026-09-10,15:29,TRENT,-1.2715
2026-09-10,15:29,TSFINV,9.4393
2026-09-10,15:29,TTKHLTCARE,0.505
2026-09-10,15:29,TVSHLTD,-0.9353
2026-09-10,15:29,TVSSCS,2.9922
2026-09-10,15:29,TVTODAY,-1.579
2026-09-10,15:29,UFBL,2.8644
2026-09-10,15:29,UFLEX,4.271
2026-09-10,15:29,UJJIVANSFB,1.7748
2026-09-10,15:29,ULTRAMAR,1.2263
2026-09-10,15:29,UNIMECH,6.3047
2026-09-10,15:29,UNIPARTS,-0.8101
2026-09-10,15:29,UNITEDPOLY,16.6892
2026-09-10,15:29,UNIVASTU,4.7302
2026-09-10,15:29,UNIVPHOTO,21.5699
2026-09-10,15:29,UPL,1.446
2026-09-10,15:29,USHAMART,-0.7706
2026-09-10,15:29,UTIAMC,4.7698
2026-09-10,15:29,UTLSOLAR,0.4782
2026-09-10,15:29,V2RETAIL,-1.4102
2026-09-10,15:29,VAIBHAVGBL,-1.1398
2026-09-10,15:29,VALIANTLAB,36.3041
2026-09-10,15:29,VALIANTORG,31.6074
2026-09-10,15:29,VAML,0.5522
2026-09-10,15:29,VARROC,0.8438
2026-09-10,15:29,VASCONEQ,-1.2123
2026-09-10,15:29,VBL,1.1457
2026-09-10,15:29,VELJAN,6.5741
2026-09-10,15:29,VENKEYS,3.4991
2026-09-10,15:29,VENUSPIPES,21.3108
2026-09-10,15:29,VENUSREM,1.4554
2026-09-10,15:29,VESUVIUS,0.012
2026-09-10,15:29,VHLTD,3.5522
2026-09-10,15:29,VIDYAWIRES,-1.1289
2026-09-10,15:29,VIJAYA,-0.0133
2026-09-10,15:29,VIKRAN,-0.3458
2026-09-10,15:29,VINATIORGA,-0.2281
2026-09-10,15:29,VINCOFE,0.0452
2026-09-10,15:29,VINDHYATEL,9.3763
2026-09-10,15:29,VIPIND,-0.7243
2026-09-10,15:29,VISAKAIND,3.1653
2026-09-10,15:29,VISHNU,9.3767
2026-09-10,15:29,VIVIANA,3.862
2026-09-10,15:29,VIYASH,-0.7053
2026-09-10,15:29,VLSFINANCE,0.6541
2026-09-10,15:29,VOLTAMP,1.317
2026-09-10,15:29,VSSL,10.4692
2026-09-10,15:29,VSTIND,-0.7404
2026-09-10,15:29,WAAREEENER,-1.5456
2026-09-10,15:29,WABAG,9.8267
2026-09-10,15:29,WAKEFIT,-0.3139
2026-09-10,15:29,WALCHANNAG,-0.519
2026-09-10,15:29,WCIL,-0.5654
2026-09-10,15:29,WEBELSOLAR,1.1946
2026-09-10,15:29,WELCORP,8.7445
2026-09-10,15:29,WELENT,13.0962
2026-09-10,15:29,WELINV,8.0595
2026-09-10,15:29,WELSPLSOL,10.9974
2026-09-10,15:29,WELSPUNLIV,6.0934
2026-09-10,15:29,WENDT,6.9648
2026-09-10,15:29,WESTLIFE,1.4533
2026-09-10,15:29,WEWORK,0.1924
2026-09-10,15:29,WHEELS,50.0195
2026-09-10,15:29,WHIRLPOOL,-0.6865
2026-09-10,15:29,WINDLAS,12.0048
2026-09-10,15:29,WOCKPHARMA,19.9935
2026-09-10,15:29,WPIL,1.15
2026-09-10,15:29,WSTCSTPAPR,8.6444
2026-09-10,15:29,XCHANGING,5.4883
2026-09-10,15:29,XPROINDIA,11.4193
2026-09-10,15:29,XTRANET,52.4448
2026-09-10,15:29,YATHARTH,0.2462
2026-09-10,15:29,YATRA,0.079
2026-09-10,15:29,YESBANK,0.905
2026-09-10,15:29,YUKEN,11.6918
2026-09-10,15:29,ZAGGLE,-0.2657
2026-09-10,15:29,ZFCVINDIA,-0.7614
2026-09-10,15:29,ZFSTEERING,11.6384
2026-09-10,15:29,ZIMLAB,15.6775
2026-09-10,15:29,ZOTA,6.9449
2026-09-10,15:29,ZSARACOM,4.5599
2026-09-10,15:29,ZUARIIND,0.7047
2026-09-10,15:29,ZYDUSWELL,7.0915
