date,time,group,% change
2026-09-04,15:29,20MICRONS,16.7927
2026-09-04,15:29,360ONE,-0.4553
2026-09-04,15:29,5PAISA,11.0895
2026-09-04,15:29,63MOONS,15.1774
2026-09-04,15:29,AADHARHFC,-1.0943
2026-09-04,15:29,AARTIDRUGS,9.3615
2026-09-04,15:29,AARTIIND,37.8484
2026-09-04,15:29,AARTIPHARM,15.9835
2026-09-04,15:29,ABB,40.3941
2026-09-04,15:29,ABCAPITAL,11.5581
2026-09-04,15:29,ABDL,-2.3768
2026-09-04,15:29,ABSLAMC,41.2727
2026-09-04,15:29,ACE,20.5248
2026-09-04,15:29,ACI,3.0136
2026-09-04,15:29,ACMESOLAR,83.0764
2026-09-04,15:29,ACUTAAS,90.4147
2026-09-04,15:29,ADANIENSOL,39.3849
2026-09-04,15:29,ADANIENT,28.7242
2026-09-04,15:29,ADANIGREEN,25.101
2026-09-04,15:29,ADANIPORTS,12.1158
2026-09-04,15:29,ADANIPOWER,43.4009
2026-09-04,15:29,ADFFOODS,25.6286
2026-09-04,15:29,ADOR,55.9613
2026-09-04,15:29,ADVANCE,-3.5483
2026-09-04,15:29,ADVENZYMES,-5.4041
2026-09-04,15:29,AEGISLOG,69.2021
2026-09-04,15:29,AEGISVOPAK,13.8911
2026-09-04,15:29,AEQUS,64.6923
2026-09-04,15:29,AEROENTER,76.9307
2026-09-04,15:29,AEROFLEX,205.1439
2026-09-04,15:29,AETHER,87.9741
2026-09-04,15:29,AFFLE,-4.1108
2026-09-04,15:29,AFSL,0.258
2026-09-04,15:29,AGARWALEYE,1.651
2026-09-04,15:29,AGI,1.3788
2026-09-04,15:29,AGIIL,7.4825
2026-09-04,15:29,AHLWEST,91.7464
2026-09-04,15:29,AIAENG,12.838
2026-09-04,15:29,AIIL,-0.4328
2026-09-04,15:29,AJANTPHARM,30.2654
2026-09-04,15:29,AJAXENGG,-3.2636
2026-09-04,15:29,AKUMS,81.007
2026-09-04,15:29,ALEMBICLTD,9.1185
2026-09-04,15:29,ALIVUS,53.7501
2026-09-04,15:29,ALKYLAMINE,26.6069
2026-09-04,15:29,AMANTA,83.7405
2026-09-04,15:29,AMBER,12.7981
2026-09-04,15:29,AMBIKCO,28.5972
2026-09-04,15:29,AMNPLST,-0.8999
2026-09-04,15:29,ANANDRATHI,50.7928
2026-09-04,15:29,ANANTRAJ,13.6252
2026-09-04,15:29,ANDHRAPAP,-4.2348
2026-09-04,15:29,ANDHRSUGAR,29.0996
2026-09-04,15:29,ANGELONE,15.5165
2026-09-04,15:29,ANTELOPUS,141.3085
2026-09-04,15:29,ANTHEM,33.5406
2026-09-04,15:29,ANUHPHR,2.257
2026-09-04,15:29,ANURAS,-5.2475
2026-09-04,15:29,APARINDS,93.0626
2026-09-04,15:29,APCOTEXIND,71.0172
2026-09-04,15:29,APEX,40.8221
2026-09-04,15:29,APLAPOLLO,29.4666
2026-09-04,15:29,APOLLO,64.7881
2026-09-04,15:29,APOLLOHOSP,21.8138
2026-09-04,15:29,APOLLOPIPE,101.4985
2026-09-04,15:29,ARFIN,34.4636
2026-09-04,15:29,ARIES,54.9497
2026-09-04,15:29,ARIHANT,3496.7925
2026-09-04,15:29,ARIS,2.3893
2026-09-04,15:29,ARMANFIN,39.5724
2026-09-04,15:29,ARROWGREEN,56.3322
2026-09-04,15:29,ARTEMISMED,18.8571
2026-09-04,15:29,ARVIND,73.8017
2026-09-04,15:29,ARVSMART,7.8744
2026-09-04,15:29,ASAHIINDIA,-4.0454
2026-09-04,15:29,ASAL,-4.8121
2026-09-04,15:29,ASHIANA,23.1546
2026-09-04,15:29,ASHOKLEY,3.1368
2026-09-04,15:29,ASIANENE,74.4017
2026-09-04,15:29,ASIANHOTNR,17.052
2026-09-04,15:29,ASKAUTOLTD,32.9002
2026-09-04,15:29,ASTERDM,26.6624
2026-09-04,15:29,ASTRAL,5.401
2026-09-04,15:29,ASTRAMICRO,90.6179
2026-09-04,15:29,ATGL,3.1413
2026-09-04,15:29,ATHERENERG,145.5433
2026-09-04,15:29,ATL,-4.5986
2026-09-04,15:29,ATLANTAELE,103.416
2026-09-04,15:29,ATUL,7.726
2026-09-04,15:29,ATULAUTO,5.309
2026-09-04,15:29,AUBANK,10.015
2026-09-04,15:29,AUROPHARMA,38.3232
2026-09-04,15:29,AURUM,28.6996
2026-09-04,15:29,AVADHSUGAR,111.634
2026-09-04,15:29,AVALON,152.2653
2026-09-04,15:29,AVANTEL,1.6598
2026-09-04,15:29,AVANTIFEED,-1.0532
2026-09-04,15:29,AVL,17.8649
2026-09-04,15:29,AVTNPL,36.2371
2026-09-04,15:29,AXISBANK,-1.0186
2026-09-04,15:29,AXISCADES,31.8746
2026-09-04,15:29,AYMSYNTEX,92.6105
2026-09-04,15:29,AZAD,72.7284
2026-09-04,15:29,BAFNAPH,103.2076
2026-09-04,15:29,BAJAJ-AUTO,32.213
2026-09-04,15:29,BAJAJCON,103.7197
2026-09-04,15:29,BAJAJFINSV,-5.4294
2026-09-04,15:29,BAJAJHIND,12.2753
2026-09-04,15:29,BAJAJHLDNG,2.4037
2026-09-04,15:29,BAJEL,10.3295
2026-09-04,15:29,BAJFINANCE,4.2465
2026-09-04,15:29,BALAMINES,125.3436
2026-09-04,15:29,BALKRISIND,-2.7416
2026-09-04,15:29,BALMLAWRIE,0.0956
2026-09-04,15:29,BALRAMCHIN,57.4555
2026-09-04,15:29,BANARISUG,4.5408
2026-09-04,15:29,BANDHANBNK,10.2828
2026-09-04,15:29,BANKINDIA,2.7494
2026-09-04,15:29,BANSALWIRE,-1.4239
2026-09-04,15:29,BASF,-0.9356
2026-09-04,15:29,BBOX,37.886
2026-09-04,15:29,BCLIND,13.2694
2026-09-04,15:29,BEL,4.0827
2026-09-04,15:29,BELRISE,48.1301
2026-09-04,15:29,BEML,21.7345
2026-09-04,15:29,BEPL,42.1246
2026-09-04,15:29,BETA,35.0356
2026-09-04,15:29,BFINVEST,14.4477
2026-09-04,15:29,BHAGCHEM,15.44
2026-09-04,15:29,BHAGERIA,71.779
2026-09-04,15:29,BHAGYANGR,179.3319
2026-09-04,15:29,BHARATFORG,37.1092
2026-09-04,15:29,BHARATSE,18.9136
2026-09-04,15:29,BHARATWIRE,1.8023
2026-09-04,15:29,BHEL,51.1836
2026-09-04,15:29,BIL,19.5719
2026-09-04,15:29,BIOCON,2.8601
2026-09-04,15:29,BIRLACABLE,181.6801
2026-09-04,15:29,BLISSGVS,364.778
2026-09-04,15:29,BLKASHYAP,17.1338
2026-09-04,15:29,BLSE,47.3052
2026-09-04,15:29,BLUEJET,2.0141
2026-09-04,15:29,BLUESTONE,59.7782
2026-09-04,15:29,BLUSPRING,103.9331
2026-09-04,15:29,BODALCHEM,196.8148
2026-09-04,15:29,BORANA,11.4089
2026-09-04,15:29,BOROSCI,5.0724
2026-09-04,15:29,BOSCH-HCIL,27.4205
2026-09-04,15:29,BOSCHLTD,27.5228
2026-09-04,15:29,BRIGADE,4.7476
2026-09-04,15:29,BSE,24.6728
2026-09-04,15:29,CAMS,-0.8475
2026-09-04,15:29,CANHLIFE,29.0463
2026-09-04,15:29,CANTABIL,-6.3824
2026-09-04,15:29,CAPITALSFB,6.9471
2026-09-04,15:29,CAPLIPOINT,43.1234
2026-09-04,15:29,CARBORUNIV,29.2705
2026-09-04,15:29,CARERATING,12.7969
2026-09-04,15:29,CARTRADE,12.2241
2026-09-04,15:29,CARYSIL,22.9708
2026-09-04,15:29,CASTROLIND,3.4189
2026-09-04,15:29,CCL,7.8904
2026-09-04,15:29,CEIGALL,51.5913
2026-09-04,15:29,CEMPRO,56.2286
2026-09-04,15:29,CENTENKA,35.4466
2026-09-04,15:29,CENTUM,63.5965
2026-09-04,15:29,CERA,10.0599
2026-09-04,15:29,CGCL,52.0122
2026-09-04,15:29,CGPOWER,33.8039
2026-09-04,15:29,CHALET,-0.3832
2026-09-04,15:29,CHAMBLFERT,-3.3333
2026-09-04,15:29,CHEMBONDCH,58.7237
2026-09-04,15:29,CHEMCON,-1.5875
2026-09-04,15:29,CHENNPETRO,56.5883
2026-09-04,15:29,CHEVIOT,9.429
2026-09-04,15:29,CHOICEIN,1.7721
2026-09-04,15:29,CHOLAFIN,5.9576
2026-09-04,15:29,CIEINDIA,-3.7106
2026-09-04,15:29,CLSEL,17.631
2026-09-04,15:29,COALINDIA,8.3475
2026-09-04,15:29,COCHINSHIP,-6.2535
2026-09-04,15:29,COFFEEDAY,0.8594
2026-09-04,15:29,COFORGE,6.5802
2026-09-04,15:29,COMSYN,115.2296
2026-09-04,15:29,CONCOR,0.4946
2026-09-04,15:29,CONCORDBIO,3.4531
2026-09-04,15:29,CONFIPET,142.3032
2026-09-04,15:29,CONSOFINVT,73.0804
2026-09-04,15:29,COSMOFIRST,28.1039
2026-09-04,15:29,CPPLUS,138.2533
2026-09-04,15:29,CRAFTSMAN,62.4572
2026-09-04,15:29,CREDITACC,12.0071
2026-09-04,15:29,CREST,-0.2223
2026-09-04,15:29,CRISIL,6.7443
2026-09-04,15:29,CUB,15.3575
2026-09-04,15:29,CUMMINSIND,9.4518
2026-09-04,15:29,CUPID,259.3274
2026-09-04,15:29,CYIENT,-5.6436
2026-09-04,15:29,CYIENTDLM,100.0584
2026-09-04,15:29,DALMIASUG,47.3375
2026-09-04,15:29,DATAPATTNS,76.7404
2026-09-04,15:29,DBOL,56.4722
2026-09-04,15:29,DCBBANK,28.8692
2026-09-04,15:29,DCI,44.7358
2026-09-04,15:29,DCXINDIA,4.1325
2026-09-04,15:29,DDEVPLSTIK,-3.7716
2026-09-04,15:29,DEEDEV,202.6298
2026-09-04,15:29,DEEPAKFERT,10.1755
2026-09-04,15:29,DEEPAKNTR,12.0241
2026-09-04,15:29,DEEPINDS,78.2323
2026-09-04,15:29,DELHIVERY,11.0599
2026-09-04,15:29,DEVYANI,3.685
2026-09-04,15:29,DHAMPURSUG,27.9215
2026-09-04,15:29,DHANBANK,26.0285
2026-09-04,15:29,DHARMAJ,13.6574
2026-09-04,15:29,DIACABS,135.8544
2026-09-04,15:29,DIAMONDYD,6.4027
2026-09-04,15:29,DICIND,26.6196
2026-09-04,15:29,DIFFNKG,51.2661
2026-09-04,15:29,DIVGIITTS,108.2224
2026-09-04,15:29,DIVISLAB,41.6012
2026-09-04,15:29,DIXON,6.4355
2026-09-04,15:29,DLF,-2.5021
2026-09-04,15:29,DLINKINDIA,5.5445
2026-09-04,15:29,DMART,-1.8996
2026-09-04,15:29,DMCC,12.4162
2026-09-04,15:29,DOLPHIN,76.7405
2026-09-04,15:29,DPABHUSHAN,-1.4357
2026-09-04,15:29,DREDGECORP,5.1223
2026-09-04,15:29,DSSL,7.5909
2026-09-04,15:29,DVL,-0.2064
2026-09-04,15:29,DWARKESH,18.423
2026-09-04,15:29,DYCL,46.0997
2026-09-04,15:29,DYNAMATECH,25.8939
2026-09-04,15:29,E2E,185.7991
2026-09-04,15:29,EBGNG,115.4632
2026-09-04,15:29,EDELWEISS,31.58
2026-09-04,15:29,EICHERMOT,5.554
2026-09-04,15:29,EIEL,-0.7673
2026-09-04,15:29,EIFFL,18.8724
2026-09-04,15:29,EIMCOELECO,47.1829
2026-09-04,15:29,ELECTCAST,17.0442
2026-09-04,15:29,ELECTHERM,15.8087
2026-09-04,15:29,ELGIEQUIP,31.6048
2026-09-04,15:29,EMAMIPAP,29.4617
2026-09-04,15:29,EMCURE,33.9914
2026-09-04,15:29,EMIL,58.0604
2026-09-04,15:29,EMKAY,0.735
2026-09-04,15:29,EMMVEE,67.8712
2026-09-04,15:29,ENDURANCE,5.3812
2026-09-04,15:29,ENGINERSIN,44.9655
2026-09-04,15:29,ENRIN,7.6756
2026-09-04,15:29,ENTERO,83.4203
2026-09-04,15:29,EPL,14.1287
2026-09-04,15:29,EQUITASBNK,24.276
2026-09-04,15:29,ESABINDIA,-2.0423
2026-09-04,15:29,ESAFSFB,61.4425
2026-09-04,15:29,ETERNAL,8.2872
2026-09-04,15:29,EVEREADY,-2.1093
2026-09-04,15:29,EXCELINDUS,11.0226
2026-09-04,15:29,EXICOM,59.9083
2026-09-04,15:29,EXIDEIND,13.5385
2026-09-04,15:29,FACT,-3.1072
2026-09-04,15:29,FAIRCHEMOR,-3.175
2026-09-04,15:29,FAZE3Q,7.6261
2026-09-04,15:29,FCL,110.761
2026-09-04,15:29,FEDERALBNK,31.2416
2026-09-04,15:29,FEDFINA,13.2324
2026-09-04,15:29,FILATEX,46.7246
2026-09-04,15:29,FINCABLES,64.8585
2026-09-04,15:29,FINEORG,16.8466
2026-09-04,15:29,FINPIPE,-4.2031
2026-09-04,15:29,FLUOROCHEM,31.3907
2026-09-04,15:29,FMGOETZE,8.0711
2026-09-04,15:29,FORCEMOT,0.4881
2026-09-04,15:29,FORTIS,3.541
2026-09-04,15:29,FOSECOIND,20.849
2026-09-04,15:29,FUSION,28.1067
2026-09-04,15:29,GABRIEL,39.8656
2026-09-04,15:29,GAEL,42.7927
2026-09-04,15:29,GAIL,1.5758
2026-09-04,15:29,GALAPREC,36.1431
2026-09-04,15:29,GALAXYSURF,8.9363
2026-09-04,15:29,GALLANTT,-3.0651
2026-09-04,15:29,GANDHAR,114.6983
2026-09-04,15:29,GANDHITUBE,20.036
2026-09-04,15:29,GANECOS,14.405
2026-09-04,15:29,GANESHBE,55.5345
2026-09-04,15:29,GANESHHOU,-6.7285
2026-09-04,15:29,GARFIBRES,19.4227
2026-09-04,15:29,GAYAPROJ,152.1437
2026-09-04,15:29,GCSL,81.3929
2026-09-04,15:29,GEECEE,7.5477
2026-09-04,15:29,GEMAROMA,14.2716
2026-09-04,15:29,GENUSPOWER,11.3932
2026-09-04,15:29,GEOJITFSL,18.3066
2026-09-04,15:29,GESHIP,23.4631
2026-09-04,15:29,GFLLIMITED,6.7834
2026-09-04,15:29,GHCLTEXTIL,89.1795
2026-09-04,15:29,GICRE,-6.2508
2026-09-04,15:29,GIPCL,38.8885
2026-09-04,15:29,GLAND,74.6932
2026-09-04,15:29,GLAXO,13.7381
2026-09-04,15:29,GLENMARK,23.4025
2026-09-04,15:29,GLOBAL,35.2915
2026-09-04,15:29,GLOBUSSPR,-5.0571
2026-09-04,15:29,GLOSTERLTD,-6.3285
2026-09-04,15:29,GLOTTIS,3.0022
2026-09-04,15:29,GMDCLTD,8.2804
2026-09-04,15:29,GMMPFAUDLR,7.0104
2026-09-04,15:29,GMRAIRPORT,-6.6034
2026-09-04,15:29,GNA,81.3559
2026-09-04,15:29,GNFC,21.5646
2026-09-04,15:29,GOCLCORP,41.3058
2026-09-04,15:29,GODAVARIB,-4.6435
2026-09-04,15:29,GODREJAGRO,9.001
2026-09-04,15:29,GODREJIND,14.4501
2026-09-04,15:29,GODREJPROP,-4.4865
2026-09-04,15:29,GOKULAGRO,18.5487
2026-09-04,15:29,GPIL,0.8633
2026-09-04,15:29,GPTHEALTH,13.1888
2026-09-04,15:29,GPTINFRA,8.4034
2026-09-04,15:29,GRANULES,47.6588
2026-09-04,15:29,GRAPHITE,35.488
2026-09-04,15:29,GRASIM,17.1079
2026-09-04,15:29,GREAVESCOT,7.4742
2026-09-04,15:29,GREENLAM,-3.7031
2026-09-04,15:29,GREENPLY,10.6793
2026-09-04,15:29,GRINDWELL,24.0518
2026-09-04,15:29,GROWW,33.6733
2026-09-04,15:29,GRPLTD,12.8047
2026-09-04,15:29,GRSE,7.7957
2026-09-04,15:29,GRWRHITECH,92.0669
2026-09-04,15:29,GSFC,-5.4013
2026-09-04,15:29,GUFICBIO,27.7714
2026-09-04,15:29,GUJALKALI,42.2713
2026-09-04,15:29,GUJTHEM,5.4744
2026-09-04,15:29,GVPIL,107.8387
2026-09-04,15:29,GVT&D,41.1485
2026-09-04,15:29,HAL,12.8646
2026-09-04,15:29,HAPPYFORGE,108.7958
2026-09-04,15:29,HARIOMPIPE,0.715
2026-09-04,15:29,HARSHA,21.7444
2026-09-04,15:29,HATSUN,14.6557
2026-09-04,15:29,HCC,28.0936
2026-09-04,15:29,HCG,-2.0905
2026-09-04,15:29,HEALTHX,-0.1994
2026-09-04,15:29,HEG,36.2488
2026-09-04,15:29,HEMIPROP,-5.9178
2026-09-04,15:29,HESTERBIO,49.8598
2026-09-04,15:29,HEXATRADEX,-5.4459
2026-09-04,15:29,HFCL,247.7164
2026-09-04,15:29,HINDALCO,18.648
2026-09-04,15:29,HINDCOMPOS,-6.0217
2026-09-04,15:29,HINDCOPPER,36.4504
2026-09-04,15:29,HINDOILEXP,21.4708
2026-09-04,15:29,HINDZINC,7.0061
2026-09-04,15:29,HIRECT,64.7328
2026-09-04,15:29,HITECHCORP,100.0119
2026-09-04,15:29,HMT,38.3296
2026-09-04,15:29,HMVL,27.2535
2026-09-04,15:29,HNDFDS,15.3291
2026-09-04,15:29,HOMEFIRST,3.0223
2026-09-04,15:29,HONASA,80.1683
2026-09-04,15:29,HONAUT,5.1925
2026-09-04,15:29,HSCL,44.1413
2026-09-04,15:29,HTMEDIA,17.9233
2026-09-04,15:29,HUHTAMAKI,19.8928
2026-09-04,15:29,HYUNDAI,-5.8577
2026-09-04,15:29,IBULLSLTD,35.5333
2026-09-04,15:29,ICEMAKE,-3.1408
2026-09-04,15:29,ICICIBANK,4.1874
2026-09-04,15:29,ICIL,56.752
2026-09-04,15:29,IDEAFORGE,82.6634
2026-09-04,15:29,IDFCFIRSTB,5.3712
2026-09-04,15:29,IFCI,108.1725
2026-09-04,15:29,IFGLEXPOR,-1.7802
2026-09-04,15:29,IGARASHI,-1.8344
2026-09-04,15:29,IGIL,0.9991
2026-09-04,15:29,IGPL,39.7021
2026-09-04,15:29,IIFL,12.074
2026-09-04,15:29,IIFLCAPS,6.6917
2026-09-04,15:29,IKIO,19.7091
2026-09-04,15:29,IKS,6.9198
2026-09-04,15:29,IMAGICAA,12.0599
2026-09-04,15:29,IMPAL,7.618
2026-09-04,15:29,INDGN,14.2667
2026-09-04,15:29,INDHOTEL,-2.0475
2026-09-04,15:29,INDIANB,11.4461
2026-09-04,15:29,INDIANHUME,-5.9765
2026-09-04,15:29,INDIGO,2.3969
2026-09-04,15:29,INDIGOPNTS,-3.8982
2026-09-04,15:29,INDIQUBE,0.3094
2026-09-04,15:29,INDNIPPON,45.1924
2026-09-04,15:29,INDOAMIN,6.0716
2026-09-04,15:29,INDOBORAX,87.4613
2026-09-04,15:29,INDOCO,8.2292
2026-09-04,15:29,INDORAMA,53.9565
2026-09-04,15:29,INDOSTAR,6.6683
2026-09-04,15:29,INDOTECH,129.1873
2026-09-04,15:29,INDSWFTLAB,263.5482
2026-09-04,15:29,INDUSINDBK,19.1869
2026-09-04,15:29,INFOBEAN,-6.5606
2026-09-04,15:29,INGERRAND,35.5995
2026-09-04,15:29,INNOVACAP,62.9332
2026-09-04,15:29,INOXINDIA,97.0026
2026-09-04,15:29,IOLCP,140.6716
2026-09-04,15:29,IONEXCHANG,16.5314
2026-09-04,15:29,IPCALAB,34.0678
2026-09-04,15:29,IRISDOREME,78.295
2026-09-04,15:29,IRMENERGY,-0.7932
2026-09-04,15:29,ISGEC,-2.8383
2026-09-04,15:29,ITDC,16.9101
2026-09-04,15:29,IZMO,5.853
2026-09-04,15:29,J&KBANK,46.3182
2026-09-04,15:29,JAGSNPHARM,19.5653
2026-09-04,15:29,JAIBALAJI,15.2943
2026-09-04,15:29,JAMNAAUTO,-3.2855
2026-09-04,15:29,JASH,7.4677
2026-09-04,15:29,JAYAGROGN,12.8898
2026-09-04,15:29,JAYBARMARU,38.1652
2026-09-04,15:29,JAYNECOIND,22.3918
2026-09-04,15:29,JBMA,9.591
2026-09-04,15:29,JGCHEM,62.8505
2026-09-04,15:29,JINDALPOLY,35.9519
2026-09-04,15:29,JINDALSAW,89.3921
2026-09-04,15:29,JINDALSTEL,13.1617
2026-09-04,15:29,JINDRILL,31.1153
2026-09-04,15:29,JINDWORLD,90.6198
2026-09-04,15:29,JITFINFRA,8.6724
2026-09-04,15:29,JKPAPER,11.2848
2026-09-04,15:29,JNKINDIA,89.6655
2026-09-04,15:29,JSFB,23.2665
2026-09-04,15:29,JSL,-6.0841
2026-09-04,15:29,JSWCEMENT,2.3342
2026-09-04,15:29,JSWENERGY,11.9556
2026-09-04,15:29,JSWINFRA,21.4221
2026-09-04,15:29,JSWSTEEL,17.7255
2026-09-04,15:29,JTLIND,50.5502
2026-09-04,15:29,JUBLCPL,-4.9805
2026-09-04,15:29,JUBLINGREA,-2.1855
2026-09-04,15:29,JUSTDIAL,-2.587
2026-09-04,15:29,JWL,-6.7331
2026-09-04,15:29,JYOTICNC,4.8241
2026-09-04,15:29,KABRAEXTRU,162.5578
2026-09-04,15:29,KAJARIACER,17.7208
2026-09-04,15:29,KALYANKJIL,24.9322
2026-09-04,15:29,KAMATHOTEL,-2.7261
2026-09-04,15:29,KAMDHENU,51.3305
2026-09-04,15:29,KANORICHEM,103.7459
2026-09-04,15:29,KANPRPLA,25.6466
2026-09-04,15:29,KAPSTON,193.8321
2026-09-04,15:29,KARURVYSYA,42.1788
2026-09-04,15:29,KAYA,-3.0073
2026-09-04,15:29,KDDL,69.5202
2026-09-04,15:29,KECL,24.2481
2026-09-04,15:29,KEI,19.2496
2026-09-04,15:29,KENNAMET,70.6088
2026-09-04,15:29,KERNEX,77.0265
2026-09-04,15:29,KICL,3.7694
2026-09-04,15:29,KILITCH,5.924
2026-09-04,15:29,KIMS,15.3271
2026-09-04,15:29,KINGFA,53.9589
2026-09-04,15:29,KIOCL,10.7857
2026-09-04,15:29,KIRIINDUS,-0.4363
2026-09-04,15:29,KIRLFER,-0.8628
2026-09-04,15:29,KIRLOSBROS,13.4121
2026-09-04,15:29,KIRLOSENG,92.3729
2026-09-04,15:29,KIRLOSIND,12.7716
2026-09-04,15:29,KKCL,4.895
2026-09-04,15:29,KMEW,84.7719
2026-09-04,15:29,KOLTEPATIL,14.9902
2026-09-04,15:29,KOPRAN,77.7149
2026-09-04,15:29,KOTAKBANK,-2.4855
2026-09-04,15:29,KOTHARIPET,3.5287
2026-09-04,15:29,KOVAI,172.4536
2026-09-04,15:29,KPIL,19.9454
2026-09-04,15:29,KPRMILL,21.8092
2026-09-04,15:29,KRBL,8.1784
2026-09-04,15:29,KRISHANA,74.8955
2026-09-04,15:29,KRN,103.6375
2026-09-04,15:29,KRONOX,30.1184
2026-09-04,15:29,KROSS,19.0803
2026-09-04,15:29,KRYSTAL,26.0786
2026-09-04,15:29,KSB,10.2222
2026-09-04,15:29,KSL,29.6794
2026-09-04,15:29,KSOLVES,-5.4068
2026-09-04,15:29,KTKBANK,68.1998
2026-09-04,15:29,LALPATHLAB,30.6314
2026-09-04,15:29,LANDMARK,-1.6104
2026-09-04,15:29,LAURUSLABS,81.7643
2026-09-04,15:29,LAXMIINDIA,0.714
2026-09-04,15:29,LENSKART,68.7154
2026-09-04,15:29,LGEINDIA,4.3968
2026-09-04,15:29,LICHSGFIN,5.5691
2026-09-04,15:29,LICI,-4.2531
2026-09-04,15:29,LIKHITHA,11.1171
2026-09-04,15:29,LINCOLN,31.289
2026-09-04,15:29,LINDEINDIA,5.617
2026-09-04,15:29,LLOYDSENGG,61.6625
2026-09-04,15:29,LLOYDSENT,28.1153
2026-09-04,15:29,LLOYDSME,41.5043
2026-09-04,15:29,LMW,22.0676
2026-09-04,15:29,LODHA,11.9971
2026-09-04,15:29,LOKESHMACH,110.0109
2026-09-04,15:29,LOTUSDEV,23.4272
2026-09-04,15:29,LT,-2.7
2026-09-04,15:29,LTF,1.9977
2026-09-04,15:29,LTFOODS,16.4398
2026-09-04,15:29,LUMAXIND,12.4727
2026-09-04,15:29,LUMAXTECH,31.7694
2026-09-04,15:29,LUPIN,-0.1845
2026-09-04,15:29,LUXIND,4.9946
2026-09-04,15:29,LXCHEM,0.6906
2026-09-04,15:29,M&MFIN,7.9601
2026-09-04,15:29,MACPOWER,87.9341
2026-09-04,15:29,MAGADSUGAR,9.0361
2026-09-04,15:29,MAHABANK,50.7102
2026-09-04,15:29,MAHASTEEL,55.946
2026-09-04,15:29,MAHLOG,25.4177
2026-09-04,15:29,MAHSCOOTER,-4.022
2026-09-04,15:29,MAHSEAMLES,22.9518
2026-09-04,15:29,MAITHANALL,14.9339
2026-09-04,15:29,MAMATA,-1.8206
2026-09-04,15:29,MANAKSTEEL,86.4466
2026-09-04,15:29,MANALIPETC,42.0432
2026-09-04,15:29,MANAPPURAM,18.1154
2026-09-04,15:29,MANGLMCEM,44.9156
2026-09-04,15:29,MANINDS,77.8417
2026-09-04,15:29,MANINFRA,-4.8055
2026-09-04,15:29,MANKIND,6.8432
2026-09-04,15:29,MANORAMA,46.9625
2026-09-04,15:29,MANYAVAR,-0.3605
2026-09-04,15:29,MARICO,12.1175
2026-09-04,15:29,MARINE,112.9972
2026-09-04,15:29,MARKSANS,68.5495
2026-09-04,15:29,MATRIMONY,-3.1044
2026-09-04,15:29,MAWANASUG,73.1722
2026-09-04,15:29,MAXESTATES,22.0396
2026-09-04,15:29,MAYURUNIQ,50.8158
2026-09-04,15:29,MAZDA,22.1554
2026-09-04,15:29,MAZDOCK,0.663
2026-09-04,15:29,MBAPL,103.2795
2026-09-04,15:29,MCX,61.1592
2026-09-04,15:29,MEDANTA,27.5425
2026-09-04,15:29,MEESHO,26.5823
2026-09-04,15:29,MENONBE,203.1218
2026-09-04,15:29,METROPOLIS,23.0303
2026-09-04,15:29,MGL,-2.3682
2026-09-04,15:29,MIDHANI,39.3445
2026-09-04,15:29,MINDACORP,20.147
2026-09-04,15:29,MMFL,75.32
2026-09-04,15:29,MMP,60.6958
2026-09-04,15:29,MMTC,16.0579
2026-09-04,15:29,MODIS,10.1359
2026-09-04,15:29,MODISONLTD,234.1273
2026-09-04,15:29,MOL,4.5483
2026-09-04,15:29,MOLDTECH,30.4288
2026-09-04,15:29,MOLDTKPAC,23.4539
2026-09-04,15:29,MONARCH,24.2888
2026-09-04,15:29,MOREPENLAB,174.0063
2026-09-04,15:29,MOSCHIP,2.9544
2026-09-04,15:29,MOTHERSON,32.4814
2026-09-04,15:29,MOTILALOFS,19.9468
2026-09-04,15:29,MPSLTD,33.0914
2026-09-04,15:29,MRPL,17.375
2026-09-04,15:29,MSPL,-2.667
2026-09-04,15:29,MSTCLTD,55.8811
2026-09-04,15:29,MTARTECH,205.308
2026-09-04,15:29,MUFIN,24.5676
2026-09-04,15:29,MUKANDLTD,-1.7969
2026-09-04,15:29,MUKKA,27.4502
2026-09-04,15:29,MUNJALAU,41.6961
2026-09-04,15:29,MUNJALSHOW,3.9418
2026-09-04,15:29,MUTHOOTMF,17.255
2026-09-04,15:29,MVGJL,-1.5002
2026-09-04,15:29,NACLIND,-2.9718
2026-09-04,15:29,NAHARINDUS,26.185
2026-09-04,15:29,NAHARPOLY,-5.8375
2026-09-04,15:29,NAHARSPING,45.285
2026-09-04,15:29,NAM-INDIA,33.2453
2026-09-04,15:29,NATIONALUM,34.4958
2026-09-04,15:29,NAUKRI,-4.2026
2026-09-04,15:29,NAVA,-0.7529
2026-09-04,15:29,NAVINFLUOR,39.7713
2026-09-04,15:29,NAVKARCORP,1.3373
2026-09-04,15:29,NAZARA,63.3001
2026-09-04,15:29,NELCAST,6.8988
2026-09-04,15:29,NELCO,20.3606
2026-09-04,15:29,NEOGEN,96.1916
2026-09-04,15:29,NESTLEIND,13.9062
2026-09-04,15:29,NETWEB,62.2407
2026-09-04,15:29,NEULANDLAB,40.9292
2026-09-04,15:29,NGLFINE,119.1528
2026-09-04,15:29,NH,-0.6256
2026-09-04,15:29,NHPC,-1.1409
2026-09-04,15:29,NIACL,33.7308
2026-09-04,15:29,NIBE,21.5643
2026-09-04,15:29,NIITLTD,12.3014
2026-09-04,15:29,NILKAMAL,49.1123
2026-09-04,15:29,NINSYS,74.2026
2026-09-04,15:29,NITCO,5.616
2026-09-04,15:29,NITINSPIN,101.1805
2026-09-04,15:29,NIVABUPA,6.2749
2026-09-04,15:29,NLCINDIA,11.9516
2026-09-04,15:29,NMDC,8.6733
2026-09-04,15:29,NOCIL,8.5347
2026-09-04,15:29,NORTHARC,16.2339
2026-09-04,15:29,NOVARTIND,103.9383
2026-09-04,15:29,NPST,18.4807
2026-09-04,15:29,NRAIL,22.9992
2026-09-04,15:29,NRBBEARING,57.035
2026-09-04,15:29,NRL,110.2369
2026-09-04,15:29,NSLNISP,10.5984
2026-09-04,15:29,NTPC,2.292
2026-09-04,15:29,NTPCGREEN,-2.3708
2026-09-04,15:29,NUVAMA,23.4766
2026-09-04,15:29,NUVOCO,1.9986
2026-09-04,15:29,NYKAA,32.4174
2026-09-04,15:29,OAL,83.1601
2026-09-04,15:29,OBEROIRLTY,13.0016
2026-09-04,15:29,OCCLLTD,72.5942
2026-09-04,15:29,OFSS,50.9136
2026-09-04,15:29,OIL,20.7617
2026-09-04,15:29,OLAELEC,4.1156
2026-09-04,15:29,OLECTRA,1.2773
2026-09-04,15:29,OMAXE,109.7509
2026-09-04,15:29,ONEPOINT,9.5503
2026-09-04,15:29,ONESOURCE,-5.9622
2026-09-04,15:29,ONGC,-1.4159
2026-09-04,15:29,ONIDA,39.2283
2026-09-04,15:29,ONWARDTEC,2.5609
2026-09-04,15:29,OPTIEMUS,5.8178
2026-09-04,15:29,ORBTEXP,28.7823
2026-09-04,15:29,ORCHPHARMA,12.3184
2026-09-04,15:29,ORIENTBELL,56.084
2026-09-04,15:29,ORIENTCER,4.0028
2026-09-04,15:29,ORIENTELEC,-0.1003
2026-09-04,15:29,ORIENTHOT,31.575
2026-09-04,15:29,ORKLAINDIA,-4.8827
2026-09-04,15:29,PAGEIND,-1.7059
2026-09-04,15:29,PAISALO,95.9799
2026-09-04,15:29,PANACEABIO,4.9553
2026-09-04,15:29,PANACHE,58.7062
2026-09-04,15:29,PANAMAPET,79.1863
2026-09-04,15:29,PANSARI,-3.3655
2026-09-04,15:29,PARACABLES,77.2936
2026-09-04,15:29,PARADEEP,0.4607
2026-09-04,15:29,PARAS,111.9859
2026-09-04,15:29,PASHUPATI,-1.7506
2026-09-04,15:29,PASUPTAC,29.4545
2026-09-04,15:29,PATELRMART,5.0373
2026-09-04,15:29,PAUSHAKLTD,35.4077
2026-09-04,15:29,PAYTM,27.194
2026-09-04,15:29,PCBL,1.1487
2026-09-04,15:29,PDMJEPAPER,-5.3604
2026-09-04,15:29,PDSL,-1.0762
2026-09-04,15:29,PETRONET,7.1203
2026-09-04,15:29,PFC,3.312
2026-09-04,15:29,PFOCUS,52.82
2026-09-04,15:29,PGEL,-0.8464
2026-09-04,15:29,PGHL,1.4792
2026-09-04,15:29,PGIL,43.2803
2026-09-04,15:29,PHOENIXLTD,9.6618
2026-09-04,15:29,PICCADIL,10.6071
2026-09-04,15:29,PIDILITIND,10.3399
2026-09-04,15:29,PITTIENG,31.6626
2026-09-04,15:29,PIXTRANS,23.3104
2026-09-04,15:29,PNB,-0.6875
2026-09-04,15:29,PNBGILTS,4.5163
2026-09-04,15:29,PNBHOUSING,24.4264
2026-09-04,15:29,PNGJL,-0.0246
2026-09-04,15:29,POKARNA,-5.5918
2026-09-04,15:29,POLICYBZR,-4.6382
2026-09-04,15:29,POLYCAB,14.0658
2026-09-04,15:29,POLYPLEX,43.7451
2026-09-04,15:29,POONAWALLA,3.7656
2026-09-04,15:29,POWERGRID,0.9105
2026-09-04,15:29,POWERINDIA,62.0169
2026-09-04,15:29,POWERMECH,3.1904
2026-09-04,15:29,PPL,4.3326
2026-09-04,15:29,PPLPHARMA,22.7974
2026-09-04,15:29,PRABHA,23.5798
2026-09-04,15:29,PRAJIND,10.4873
2026-09-04,15:29,PRAKASH,-6.7542
2026-09-04,15:29,PRECOT,58.5756
2026-09-04,15:29,PRECWIRE,100.4239
2026-09-04,15:29,PREMEXPLN,32.1919
2026-09-04,15:29,PREMIERENE,9.0019
2026-09-04,15:29,PREMIERPOL,123.4826
2026-09-04,15:29,PRESTIGE,-4.4494
2026-09-04,15:29,PRICOLLTD,26.1357
2026-09-04,15:29,PRIMESECU,1.3538
2026-09-04,15:29,PRIMO,-4.6188
2026-09-04,15:29,PRINCEPIPE,12.1903
2026-09-04,15:29,PRIVISCL,9.4665
2026-09-04,15:29,PRUDENT,27.8735
2026-09-04,15:29,PSPPROJECT,-2.5273
2026-09-04,15:29,PTC,0.2502
2026-09-04,15:29,PTCIL,30.6828
2026-09-04,15:29,PTL,-0.87
2026-09-04,15:29,PURVA,-5.3573
2026-09-04,15:29,PVP,99.296
2026-09-04,15:29,PVRINOX,16.6651
2026-09-04,15:29,QPOWER,113.1272
2026-09-04,15:29,QUADFUTURE,56.1076
2026-09-04,15:29,QUESS,69.3237
2026-09-04,15:29,RACLGEAR,50.8952
2026-09-04,15:29,RADHIKAJWE,12.5609
2026-09-04,15:29,RADICO,39.3877
2026-09-04,15:29,RAIN,101.8716
2026-09-04,15:29,RAINBOW,4.5061
2026-09-04,15:29,RAJRATAN,11.9133
2026-09-04,15:29,RAJRILTD,1.4699
2026-09-04,15:29,RAMCOIND,1.9073
2026-09-04,15:29,RAMRAT,82.041
2026-09-04,15:29,RANEHOLDIN,21.333
2026-09-04,15:29,RATEGAIN,28.6211
2026-09-04,15:29,RATNAMANI,11.2244
2026-09-04,15:29,RATNAVEER,91.0898
2026-09-04,15:29,RAYMOND,63.9411
2026-09-04,15:29,RAYMONDREL,9.4189
2026-09-04,15:29,RBA,43.057
2026-09-04,15:29,RBLBANK,34.7042
2026-09-04,15:29,RBZJEWEL,42.3636
2026-09-04,15:29,REDINGTON,32.3
2026-09-04,15:29,REDTAPE,-2.8869
2026-09-04,15:29,REFEX,10.8474
2026-09-04,15:29,REGAAL,22.4882
2026-09-04,15:29,RELIGARE,10.0231
2026-09-04,15:29,RELTD,-2.5073
2026-09-04,15:29,RGL,14.3667
2026-09-04,15:29,RHETAN,2.5827
2026-09-04,15:29,RICOAUTO,10.0557
2026-09-04,15:29,RISHABH,84.313
2026-09-04,15:29,RITCO,9.2489
2026-09-04,15:29,RITES,-5.0343
2026-09-04,15:29,RKFORGE,35.7842
2026-09-04,15:29,RML,74.8735
2026-09-04,15:29,ROLEXRINGS,28.8222
2026-09-04,15:29,ROSSTECH,70.7733
2026-09-04,15:29,ROTO,6.1021
2026-09-04,15:29,RPEL,81.7743
2026-09-04,15:29,RPGLIFE,17.4927
2026-09-04,15:29,RPSGVENT,11.0236
2026-09-04,15:29,RPTECH,138.9123
2026-09-04,15:29,RRKABEL,72.3385
2026-09-04,15:29,RSWM,43.6206
2026-09-04,15:29,RUBICON,177.8817
2026-09-04,15:29,RUBYMILLS,96.8562
2026-09-04,15:29,SAATVIKGL,13.0076
2026-09-04,15:29,SAGILITY,-5.9651
2026-09-04,15:29,SAIL,49.204
2026-09-04,15:29,SAILIFE,76.1508
2026-09-04,15:29,SAKAR,140.0616
2026-09-04,15:29,SALSTEEL,130.5099
2026-09-04,15:29,SAMBHV,35.278
2026-09-04,15:29,SAMMAANCAP,5.9536
2026-09-04,15:29,SANATHAN,1.3665
2026-09-04,15:29,SANDESH,-1.5176
2026-09-04,15:29,SANDHAR,11.2101
2026-09-04,15:29,SANGAMIND,30.5515
2026-09-04,15:29,SANGHVIMOV,43.4591
2026-09-04,15:29,SANSERA,122.6107
2026-09-04,15:29,SANSTAR,19.817
2026-09-04,15:29,SAPPHIRE,-4.0452
2026-09-04,15:29,SARDAEN,-0.5573
2026-09-04,15:29,SAREGAMA,34.8338
2026-09-04,15:29,SARLAPOLY,16.9877
2026-09-04,15:29,SASKEN,53.1131
2026-09-04,15:29,SATIA,-5.8264
2026-09-04,15:29,SATIN,53.8435
2026-09-04,15:29,SBC,63.6624
2026-09-04,15:29,SBCL,148.2507
2026-09-04,15:29,SBFC,-4.9843
2026-09-04,15:29,SBIN,5.4976
2026-09-04,15:29,SCHAEFFLER,3.2652
2026-09-04,15:29,SCHNEIDER,71.787
2026-09-04,15:29,SCI,31.0221
2026-09-04,15:29,SCPL,127.7596
2026-09-04,15:29,SEAMECLTD,74.6106
2026-09-04,15:29,SENCO,14.8967
2026-09-04,15:29,SENORES,81.7072
2026-09-04,15:29,SERVOTECH,-3.7825
2026-09-04,15:29,SESHAPAPER,-3.5383
2026-09-04,15:29,SETL,161.0097
2026-09-04,15:29,SFL,11.9903
2026-09-04,15:29,SGFIN,75.5293
2026-09-04,15:29,SGIL,13.8725
2026-09-04,15:29,SGMART,146.8203
2026-09-04,15:29,SHAILY,33.9613
2026-09-04,15:29,SHALPAINTS,41.8589
2026-09-04,15:29,SHANTIGEAR,32.1607
2026-09-04,15:29,SHANTIGOLD,32.1885
2026-09-04,15:29,SHAREINDIA,-1.6611
2026-09-04,15:29,SHILCTECH,1.2982
2026-09-04,15:29,SHILPAMED,191.1521
2026-09-04,15:29,SHIVAUM,56.6061
2026-09-04,15:29,SHREEJISPG,104.8336
2026-09-04,15:29,SHREEPUSHK,23.8598
2026-09-04,15:29,SHRINGARMS,10.8336
2026-09-04,15:29,SHRIPISTON,46.2525
2026-09-04,15:29,SHRIRAMFIN,22.7594
2026-09-04,15:29,SHYAMMETL,33.0046
2026-09-04,15:29,SICALLOG,22.2577
2026-09-04,15:29,SIEMENS,26.4708
2026-09-04,15:29,SIGACHI,-0.9974
2026-09-04,15:29,SIGMAADV,314.9341
2026-09-04,15:29,SIGNPOST,10.1863
2026-09-04,15:29,SILVERTUC,110.2779
2026-09-04,15:29,SIMPLEXINF,-0.5515
2026-09-04,15:29,SINDHUTRAD,17.6909
2026-09-04,15:29,SIS,32.6612
2026-09-04,15:29,SJS,38.3134
2026-09-04,15:29,SKFINDUS,17.6713
2026-09-04,15:29,SKIPPER,35.016
2026-09-04,15:29,SKMEGGPROD,17.5046
2026-09-04,15:29,SKYGOLD,141.8976
2026-09-04,15:29,SMARTWORKS,14.6396
2026-09-04,15:29,SMCGLOBAL,-3.4692
2026-09-04,15:29,SMLMAH,67.2908
2026-09-04,15:29,SMSPHARMA,22.3885
2026-09-04,15:29,SOFTTECH,30.7431
2026-09-04,15:29,SOLARA,8.2388
2026-09-04,15:29,SOLARINDS,74.2929
2026-09-04,15:29,SOMANYCERA,32.8605
2026-09-04,15:29,SONACOMS,60.203
2026-09-04,15:29,SOTL,98.7257
2026-09-04,15:29,SOUTHBANK,18.3433
2026-09-04,15:29,SOUTHWEST,8.8938
2026-09-04,15:29,SPAL,47.3822
2026-09-04,15:29,SPARC,45.7688
2026-09-04,15:29,SPECIALITY,19.5939
2026-09-04,15:29,SPECTRUM,95.0585
2026-09-04,15:29,SPLPETRO,17.8525
2026-09-04,15:29,SPMLINFRA,4.1928
2026-09-04,15:29,SPORTKING,155.3983
2026-09-04,15:29,SREEL,21.4194
2026-09-04,15:29,SRHHYPOLTD,8.1568
2026-09-04,15:29,SSWL,91.8916
2026-09-04,15:29,STAR,20.0612
2026-09-04,15:29,STARHEALTH,19.9634
2026-09-04,15:29,STCINDIA,-5.7785
2026-09-04,15:29,STEELCAS,54.9891
2026-09-04,15:29,STEL,15.1544
2026-09-04,15:29,STLNETWORK,27.7999
2026-09-04,15:29,STLTECH,644.3594
2026-09-04,15:29,STOVEKRAFT,34.0013
2026-09-04,15:29,STYL,29.7361
2026-09-04,15:29,STYLAMIND,52.065
2026-09-04,15:29,STYLEBAAZA,45.4133
2026-09-04,15:29,STYRENIX,-1.1227
2026-09-04,15:29,SUDARSCHEM,22.7095
2026-09-04,15:29,SUDEEPPHRM,90.2397
2026-09-04,15:29,SUMICHEM,7.9768
2026-09-04,15:29,SUNCLAY,2.5875
2026-09-04,15:29,SUNDARMFIN,-2.8119
2026-09-04,15:29,SUNDRMFAST,29.5054
2026-09-04,15:29,SUNFLAG,36.4701
2026-09-04,15:29,SUNPHARMA,5.8824
2026-09-04,15:29,SUPRAJIT,7.8143
2026-09-04,15:29,SUPREMEIND,7.8824
2026-09-04,15:29,SUPRIYA,14.5611
2026-09-04,15:29,SURAKSHA,17.7231
2026-09-04,15:29,SURYODAY,10.9352
2026-09-04,15:29,SUTLEJTEX,26.5161
2026-09-04,15:29,SUVEN,121.3244
2026-09-04,15:29,SUYOG,15.0862
2026-09-04,15:29,SVLL,10.1578
2026-09-04,15:29,SWANDEF,1176.3091
2026-09-04,15:29,SWARAJENG,-4.1722
2026-09-04,15:29,SYNCOMF,37.9357
2026-09-04,15:29,SYRMA,97.2523
2026-09-04,15:29,TALBROAUTO,45.236
2026-09-04,15:29,TANLA,-6.0991
2026-09-04,15:29,TARIL,7.4054
2026-09-04,15:29,TARSONS,46.8105
2026-09-04,15:29,TASTYBITE,23.227
2026-09-04,15:29,TATACAP,15.56
2026-09-04,15:29,TATACOMM,-2.3901
2026-09-04,15:29,TATAPOWER,-3.6523
2026-09-04,15:29,TATASTEEL,9.8319
2026-09-04,15:29,TATATECH,21.2121
2026-09-04,15:29,TATVA,16.7571
2026-09-04,15:29,TBOTEK,1.79
2026-09-04,15:29,TBZ,192.5768
2026-09-04,15:29,TCIEXP,-2.0809
2026-09-04,15:29,TCPLPACK,36.862
2026-09-04,15:29,TDPOWERSYS,7.7136
2026-09-04,15:29,TECHM,1.1721
2026-09-04,15:29,TEJASNET,28.1214
2026-09-04,15:29,TENNIND,9.4186
2026-09-04,15:29,TEXINFRA,8.6119
2026-09-04,15:29,TFCILTD,115.5907
2026-09-04,15:29,THANGAMAYL,66.8022
2026-09-04,15:29,THEJO,32.9725
2026-09-04,15:29,THELEELA,39.3311
2026-09-04,15:29,THEMISMED,16.5844
2026-09-04,15:29,THERMAX,26.728
2026-09-04,15:29,THYROCARE,32.2203
2026-09-04,15:29,TI,18.3326
2026-09-04,15:29,TIIL,45.52
2026-09-04,15:29,TIINDIA,1.5966
2026-09-04,15:29,TIL,-5.2707
2026-09-04,15:29,TIMETECHNO,0.8885
2026-09-04,15:29,TIMKEN,2.3279
2026-09-04,15:29,TINNARUBR,28.9117
2026-09-04,15:29,TIPSMUSIC,19.0891
2026-09-04,15:29,TIRUPATIFL,110.4541
2026-09-04,15:29,TITAGARH,11.9982
2026-09-04,15:29,TITAN,29.3748
2026-09-04,15:29,TMB,83.8789
2026-09-04,15:29,TMCV,22.6938
2026-09-04,15:29,TNPETRO,27.1804
2026-09-04,15:29,TNPL,8.8704
2026-09-04,15:29,TORNTPHARM,28.1023
2026-09-04,15:29,TORNTPOWER,0.643
2026-09-04,15:29,TPLPLASTEH,7.6046
2026-09-04,15:29,TRAVELFOOD,0.7696
2026-09-04,15:29,TREL,-1.5429
2026-09-04,15:29,TRENT,5.0082
2026-09-04,15:29,TRITURBINE,8.3318
2026-09-04,15:29,TRUALT,4.4455
2026-09-04,15:29,TTKHLTCARE,3.7924
2026-09-04,15:29,TVSMOTOR,13.0745
2026-09-04,15:29,TVSSCS,19.1503
2026-09-04,15:29,TVSSRICHAK,22.443
2026-09-04,15:29,UDS,38.1676
2026-09-04,15:29,UEL,108.0606
2026-09-04,15:29,UFBL,284.2166
2026-09-04,15:29,UFLEX,43.3026
2026-09-04,15:29,UGARSUGAR,18.7931
2026-09-04,15:29,UJJIVANSFB,21.5202
2026-09-04,15:29,ULTRACEMCO,-2.687
2026-09-04,15:29,UNICHEMLAB,20.7108
2026-09-04,15:29,UNIMECH,59.1506
2026-09-04,15:29,UNIONBANK,22.5743
2026-09-04,15:29,UNIPARTS,78.5962
2026-09-04,15:29,UNITDSPR,1.6999
2026-09-04,15:29,UNITEDPOLY,38.7741
2026-09-04,15:29,UNIVASTU,154.3669
2026-09-04,15:29,UNIVCABLES,76.0737
2026-09-04,15:29,UNIVPHOTO,104.1207
2026-09-04,15:29,UNOMINDA,0.1282
2026-09-04,15:29,URBANCO,40.5542
2026-09-04,15:29,USHAMART,16.6931
2026-09-04,15:29,UTLSOLAR,109.8594
2026-09-04,15:29,UTTAMSUGAR,10.9183
2026-09-04,15:29,V2RETAIL,-2.8843
2026-09-04,15:29,VADILALIND,49.293
2026-09-04,15:29,VALIANTLAB,58.4954
2026-09-04,15:29,VALIANTORG,16.7092
2026-09-04,15:29,VARROC,27.1014
2026-09-04,15:29,VEDL,38.3606
2026-09-04,15:29,VENKEYS,16.8157
2026-09-04,15:29,VENUSPIPES,30.0534
2026-09-04,15:29,VENUSREM,105.2823
2026-09-04,15:29,VERANDA,27.6127
2026-09-04,15:29,VGUARD,1.4826
2026-09-04,15:29,VHL,1.9826
2026-09-04,15:29,VIDHIING,5.4747
2026-09-04,15:29,VIDYAWIRES,74.7044
2026-09-04,15:29,VIJAYA,50.7597
2026-09-04,15:29,VIMTALABS,5.7478
2026-09-04,15:29,VINCOFE,3.249
2026-09-04,15:29,VINDHYATEL,92.8375
2026-09-04,15:29,VISAKAIND,40.5963
2026-09-04,15:29,VISHNU,41.347
2026-09-04,15:29,VIYASH,26.7884
2026-09-04,15:29,VMART,8.3191
2026-09-04,15:29,VOLTAMP,40.9543
2026-09-04,15:29,VRLLOG,10.5664
2026-09-04,15:29,VSSL,26.0471
2026-09-04,15:29,VTL,34.0354
2026-09-04,15:29,WABAG,60.9648
2026-09-04,15:29,WALCHANNAG,18.8458
2026-09-04,15:29,WANBURY,3.7505
2026-09-04,15:29,WELCORP,226.56
2026-09-04,15:29,WELENT,58.1802
2026-09-04,15:29,WELINV,70.6211
2026-09-04,15:29,WELSPUNLIV,51.8092
2026-09-04,15:29,WENDT,0.4493
2026-09-04,15:29,WESTLIFE,-3.6412
2026-09-04,15:29,WEWORK,12.3095
2026-09-04,15:29,WHEELS,104.8332
2026-09-04,15:29,WINDLAS,44.0345
2026-09-04,15:29,WINDMACHIN,9.7583
2026-09-04,15:29,WOCKPHARMA,55.7337
2026-09-04,15:29,WONDERLA,-1.7844
2026-09-04,15:29,WSTCSTPAPR,59.2969
2026-09-04,15:29,XPROINDIA,37.3018
2026-09-04,15:29,YASHO,162.5826
2026-09-04,15:29,YATHARTH,41.4847
2026-09-04,15:29,YESBANK,2.646
2026-09-04,15:29,YUKEN,18.9456
2026-09-04,15:29,ZEEL,-2.7185
2026-09-04,15:29,ZENTEC,29.6811
2026-09-04,15:29,ZIMLAB,71.0975
2026-09-04,15:29,ZYDUSLIFE,20.5403
2026-09-04,15:29,ZYDUSWELL,24.6951
2026-09-07,15:29,20MICRONS,16.7125
2026-09-07,15:29,360ONE,-0.6814
2026-09-07,15:29,5PAISA,7.1913
2026-09-07,15:29,63MOONS,13.5367
2026-09-07,15:29,AADHARHFC,-3.6996
2026-09-07,15:29,AARTIDRUGS,7.6747
2026-09-07,15:29,AARTIIND,30.4013
2026-09-07,15:29,AARTIPHARM,13.9113
2026-09-07,15:29,ABB,40.6623
2026-09-07,15:29,ABBOTINDIA,-6.9751
2026-09-07,15:29,ABCAPITAL,14.6248
2026-09-07,15:29,ABDL,-4.1687
2026-09-07,15:29,ABSLAMC,39.1984
2026-09-07,15:29,ACE,11.7783
2026-09-07,15:29,ACI,1.4945
2026-09-07,15:29,ACMESOLAR,79.1864
2026-09-07,15:29,ACUTAAS,95.1064
2026-09-07,15:29,ADANIENSOL,36.7898
2026-09-07,15:29,ADANIENT,29.4484
2026-09-07,15:29,ADANIGREEN,22.9477
2026-09-07,15:29,ADANIPORTS,12.0124
2026-09-07,15:29,ADANIPOWER,41.6332
2026-09-07,15:29,ADFFOODS,23.6125
2026-09-07,15:29,ADOR,55.3529
2026-09-07,15:29,ADVANCE,-6.4819
2026-09-07,15:29,ADVENZYMES,-4.7794
2026-09-07,15:29,AEGISLOG,66.9263
2026-09-07,15:29,AEGISVOPAK,14.3917
2026-09-07,15:29,AEQUS,66.1528
2026-09-07,15:29,AEROENTER,93.4367
2026-09-07,15:29,AEROFLEX,205.7016
2026-09-07,15:29,AETHER,84.1073
2026-09-07,15:29,AFFLE,-4.5401
2026-09-07,15:29,AFSL,0.5255
2026-09-07,15:29,AGARWALEYE,4.0663
2026-09-07,15:29,AGI,0.1093
2026-09-07,15:29,AGIIL,6.0658
2026-09-07,15:29,AHLWEST,91.6471
2026-09-07,15:29,AIAENG,8.4801
2026-09-07,15:29,AIIL,-4.1418
2026-09-07,15:29,AJANTPHARM,32.9851
2026-09-07,15:29,AJAXENGG,-2.0455
2026-09-07,15:29,AKUMS,78.3832
2026-09-07,15:29,ALEMBICLTD,5.5691
2026-09-07,15:29,ALIVUS,52.4923
2026-09-07,15:29,ALKEM,-6.7917
2026-09-07,15:29,ALKYLAMINE,23.0517
2026-09-07,15:29,ALLDIGI,-5.8502
2026-09-07,15:29,AMANTA,88.2705
2026-09-07,15:29,AMBER,9.3729
2026-09-07,15:29,AMBIKCO,28.7259
2026-09-07,15:29,AMNPLST,-3.643
2026-09-07,15:29,ANANDRATHI,49.1967
2026-09-07,15:29,ANANTRAJ,15.9295
2026-09-07,15:29,ANDHRAPAP,7.2171
2026-09-07,15:29,ANDHRSUGAR,30.1558
2026-09-07,15:29,ANGELONE,17.6379
2026-09-07,15:29,ANTELOPUS,129.7004
2026-09-07,15:29,ANTHEM,33.5384
2026-09-07,15:29,ANUHPHR,15.623
2026-09-07,15:29,ANURAS,-6.7715
2026-09-07,15:29,APARINDS,95.0168
2026-09-07,15:29,APCOTEXIND,69.8306
2026-09-07,15:29,APEX,42.5474
2026-09-07,15:29,APLAPOLLO,27.3647
2026-09-07,15:29,APOLLO,71.1653
2026-09-07,15:29,APOLLOHOSP,23.6153
2026-09-07,15:29,APOLLOPIPE,101.2389
2026-09-07,15:29,ARFIN,48.8826
2026-09-07,15:29,ARIES,48.9959
2026-09-07,15:29,ARIHANT,3611.39
2026-09-07,15:29,ARIS,0.5572
2026-09-07,15:29,ARMANFIN,36.2406
2026-09-07,15:29,ARROWGREEN,54.9312
2026-09-07,15:29,ARTEMISMED,22.1768
2026-09-07,15:29,ARVIND,75.3106
2026-09-07,15:29,ARVSMART,10.2907
2026-09-07,15:29,ASAHIINDIA,-5.4521
2026-09-07,15:29,ASAL,-5.5265
2026-09-07,15:29,ASHIANA,20.6242
2026-09-07,15:29,ASHOKLEY,1.9062
2026-09-07,15:29,ASIANENE,74.0816
2026-09-07,15:29,ASIANHOTNR,17.1975
2026-09-07,15:29,ASKAUTOLTD,32.6608
2026-09-07,15:29,ASTERDM,28.7668
2026-09-07,15:29,ASTRAL,4.7253
2026-09-07,15:29,ASTRAMICRO,88.8975
2026-09-07,15:29,ATGL,1.8817
2026-09-07,15:29,ATHERENERG,133.3893
2026-09-07,15:29,ATLANTAELE,115.0577
2026-09-07,15:29,ATUL,7.906
2026-09-07,15:29,ATULAUTO,4.6024
2026-09-07,15:29,AUBANK,7.5532
2026-09-07,15:29,AUROPHARMA,39.9309
2026-09-07,15:29,AURUM,29.6591
2026-09-07,15:29,AVADHSUGAR,118.1889
2026-09-07,15:29,AVALON,172.1069
2026-09-07,15:29,AVANTEL,2.4244
2026-09-07,15:29,AVANTIFEED,-3.0865
2026-09-07,15:29,AVL,17.5461
2026-09-07,15:29,AVTNPL,34.9004
2026-09-07,15:29,AXISBANK,-1.4633
2026-09-07,15:29,AXISCADES,37.4778
2026-09-07,15:29,AYMSYNTEX,87.8091
2026-09-07,15:29,AZAD,79.1492
2026-09-07,15:29,BAFNAPH,110.4401
2026-09-07,15:29,BAJAJ-AUTO,31.9911
2026-09-07,15:29,BAJAJCON,104.4704
2026-09-07,15:29,BAJAJFINSV,-6.3704
2026-09-07,15:29,BAJAJHIND,19.4022
2026-09-07,15:29,BAJAJHLDNG,-0.9582
2026-09-07,15:29,BAJEL,12.1448
2026-09-07,15:29,BAJFINANCE,4.6707
2026-09-07,15:29,BALAMINES,127.9169
2026-09-07,15:29,BALKRISIND,-3.9276
2026-09-07,15:29,BALMLAWRIE,-0.0954
2026-09-07,15:29,BALRAMCHIN,59.1656
2026-09-07,15:29,BANARISUG,6.3494
2026-09-07,15:29,BANDHANBNK,8.5052
2026-09-07,15:29,BANKINDIA,0.1763
2026-09-07,15:29,BANSALWIRE,0.2527
2026-09-07,15:29,BASF,-4.2516
2026-09-07,15:29,BBOX,49.9903
2026-09-07,15:29,BCLIND,14.3215
2026-09-07,15:29,BEL,3.3909
2026-09-07,15:29,BELRISE,42.8155
2026-09-07,15:29,BEML,20.501
2026-09-07,15:29,BEPL,41.689
2026-09-07,15:29,BETA,32.289
2026-09-07,15:29,BFINVEST,12.3776
2026-09-07,15:29,BHAGCHEM,14.024
2026-09-07,15:29,BHAGERIA,75.7514
2026-09-07,15:29,BHAGYANGR,171.7217
2026-09-07,15:29,BHARATFORG,38.2505
2026-09-07,15:29,BHARATSE,28.3113
2026-09-07,15:29,BHARATWIRE,2.1914
2026-09-07,15:29,BHEL,49.1331
2026-09-07,15:29,BIL,22.4472
2026-09-07,15:29,BIOCON,0.192
2026-09-07,15:29,BIRLACABLE,167.3767
2026-09-07,15:29,BIRLANU,-6.7932
2026-09-07,15:29,BLISSGVS,384.2743
2026-09-07,15:29,BLKASHYAP,7.0218
2026-09-07,15:29,BLSE,47.2527
2026-09-07,15:29,BLUEJET,3.8128
2026-09-07,15:29,BLUESTONE,70.3878
2026-09-07,15:29,BLUSPRING,101.5722
2026-09-07,15:29,BODALCHEM,223.0421
2026-09-07,15:29,BORANA,18.8562
2026-09-07,15:29,BORORENEW,-5.5183
2026-09-07,15:29,BOROSCI,6.1763
2026-09-07,15:29,BOSCH-HCIL,24.5353
2026-09-07,15:29,BOSCHLTD,31.9368
2026-09-07,15:29,BRIGADE,2.3714
2026-09-07,15:29,BSE,30.0993
2026-09-07,15:29,CAMS,-2.4762
2026-09-07,15:29,CANHLIFE,24.6115
2026-09-07,15:29,CAPITALSFB,5.0265
2026-09-07,15:29,CAPLIPOINT,43.8945
2026-09-07,15:29,CARBORUNIV,26.8747
2026-09-07,15:29,CARERATING,13.1963
2026-09-07,15:29,CARTRADE,14.0403
2026-09-07,15:29,CARYSIL,25.9122
2026-09-07,15:29,CASTROLIND,2.9298
2026-09-07,15:29,CCL,10.9494
2026-09-07,15:29,CDSL,-6.7673
2026-09-07,15:29,CEIGALL,59.3579
2026-09-07,15:29,CEMPRO,59.8374
2026-09-07,15:29,CENTENKA,37.14
2026-09-07,15:29,CENTUM,91.3148
2026-09-07,15:29,CERA,10.8891
2026-09-07,15:29,CGCL,51.2508
2026-09-07,15:29,CGPOWER,33.5522
2026-09-07,15:29,CHALET,1.6044
2026-09-07,15:29,CHAMBLFERT,-4.2816
2026-09-07,15:29,CHEMBONDCH,70.2785
2026-09-07,15:29,CHEMCON,-1.6752
2026-09-07,15:29,CHENNPETRO,54.7668
2026-09-07,15:29,CHEVIOT,15.1466
2026-09-07,15:29,CHOICEIN,-2.1432
2026-09-07,15:29,CHOLAFIN,6.6044
2026-09-07,15:29,CIEINDIA,-3.2295
2026-09-07,15:29,CLSEL,15.4276
2026-09-07,15:29,COALINDIA,8.9478
2026-09-07,15:29,COCHINSHIP,-5.1146
2026-09-07,15:29,COFORGE,3.4759
2026-09-07,15:29,COMSYN,105.7487
2026-09-07,15:29,CONCOR,0.2287
2026-09-07,15:29,CONCORDBIO,6.0708
2026-09-07,15:29,CONFIPET,139.3128
2026-09-07,15:29,CONSOFINVT,79.6653
2026-09-07,15:29,CORONA,44.0072
2026-09-07,15:29,COSMOFIRST,30.2905
2026-09-07,15:29,CPPLUS,139.6182
2026-09-07,15:29,CRAFTSMAN,59.3259
2026-09-07,15:29,CREDITACC,11.5087
2026-09-07,15:29,CREST,3.1733
2026-09-07,15:29,CRISIL,7.2916
2026-09-07,15:29,CUB,16.1391
2026-09-07,15:29,CUMMINSIND,10.7954
2026-09-07,15:29,CUPID,243.1241
2026-09-07,15:29,CYIENT,-4.5423
2026-09-07,15:29,CYIENTDLM,102.5395
2026-09-07,15:29,DALMIASUG,47.3996
2026-09-07,15:29,DATAPATTNS,76.1357
2026-09-07,15:29,DBOL,60.5439
2026-09-07,15:29,DCBBANK,30.4663
2026-09-07,15:29,DCI,44.935
2026-09-07,15:29,DCXINDIA,5.6387
2026-09-07,15:29,DDEVPLSTIK,-3.4271
2026-09-07,15:29,DEEDEV,199.328
2026-09-07,15:29,DEEPAKFERT,7.45
2026-09-07,15:29,DEEPAKNTR,4.2471
2026-09-07,15:29,DEEPINDS,75.5225
2026-09-07,15:29,DELHIVERY,11.4303
2026-09-07,15:29,DEVYANI,4.5102
2026-09-07,15:29,DHAMPURSUG,30.4096
2026-09-07,15:29,DHANBANK,24.9402
2026-09-07,15:29,DHARMAJ,15.9262
2026-09-07,15:29,DIACABS,134.4235
2026-09-07,15:29,DIAMONDYD,3.5164
2026-09-07,15:29,DICIND,25.3458
2026-09-07,15:29,DIFFNKG,46.9361
2026-09-07,15:29,DIVGIITTS,97.913
2026-09-07,15:29,DIVISLAB,46.7507
2026-09-07,15:29,DIXON,3.2249
2026-09-07,15:29,DLF,-3.6108
2026-09-07,15:29,DLINKINDIA,3.0163
2026-09-07,15:29,DMART,-3.0218
2026-09-07,15:29,DMCC,13.4184
2026-09-07,15:29,DOLPHIN,81.1871
2026-09-07,15:29,DPABHUSHAN,-0.482
2026-09-07,15:29,DREDGECORP,-0.2649
2026-09-07,15:29,DSSL,4.784
2026-09-07,15:29,DVL,3.0942
2026-09-07,15:29,DWARKESH,19.3752
2026-09-07,15:29,DYCL,36.7898
2026-09-07,15:29,DYNAMATECH,26.2509
2026-09-07,15:29,E2E,199.7242
2026-09-07,15:29,EBGNG,107.2301
2026-09-07,15:29,EDELWEISS,21.8621
2026-09-07,15:29,EICHERMOT,7.7301
2026-09-07,15:29,EIEL,-3.7046
2026-09-07,15:29,EIFFL,10.7177
2026-09-07,15:29,EIMCOELECO,42.5429
2026-09-07,15:29,ELECTCAST,7.2751
2026-09-07,15:29,ELECTHERM,13.0755
2026-09-07,15:29,ELGIEQUIP,31.4642
2026-09-07,15:29,EMAMIPAP,34.9722
2026-09-07,15:29,EMCURE,38.0823
2026-09-07,15:29,EMIL,61.757
2026-09-07,15:29,EMKAY,-0.2821
2026-09-07,15:29,EMMVEE,71.8271
2026-09-07,15:29,ENDURANCE,5.4375
2026-09-07,15:29,ENGINERSIN,42.9493
2026-09-07,15:29,ENRIN,5.9852
2026-09-07,15:29,ENTERO,89.5367
2026-09-07,15:29,EPL,12.6114
2026-09-07,15:29,EQUITASBNK,23.8184
2026-09-07,15:29,ESABINDIA,-2.6448
2026-09-07,15:29,ESAFSFB,57.9425
2026-09-07,15:29,ETERNAL,7.4887
2026-09-07,15:29,EVEREADY,-1.1482
2026-09-07,15:29,EXCELINDUS,7.4713
2026-09-07,15:29,EXICOM,61.5088
2026-09-07,15:29,EXIDEIND,14.3106
2026-09-07,15:29,FAIRCHEMOR,-5.4727
2026-09-07,15:29,FAZE3Q,11.1629
2026-09-07,15:29,FCL,130.9825
2026-09-07,15:29,FEDERALBNK,28.935
2026-09-07,15:29,FEDFINA,15.91
2026-09-07,15:29,FILATEX,43.804
2026-09-07,15:29,FINCABLES,61.82
2026-09-07,15:29,FINEORG,17.7349
2026-09-07,15:29,FINPIPE,-4.8783
2026-09-07,15:29,FLUOROCHEM,28.4483
2026-09-07,15:29,FMGOETZE,3.2337
2026-09-07,15:29,FORCEMOT,3.0518
2026-09-07,15:29,FORTIS,4.6218
2026-09-07,15:29,FOSECOIND,19.6038
2026-09-07,15:29,FUSION,26.1767
2026-09-07,15:29,GABRIEL,41.1929
2026-09-07,15:29,GAEL,39.6338
2026-09-07,15:29,GAIL,3.6147
2026-09-07,15:29,GALAPREC,38.4307
2026-09-07,15:29,GALAXYSURF,7.6861
2026-09-07,15:29,GALLANTT,-2.9252
2026-09-07,15:29,GANDHAR,98.3747
2026-09-07,15:29,GANDHITUBE,16.5208
2026-09-07,15:29,GANECOS,10.0183
2026-09-07,15:29,GANESHBE,62.3259
2026-09-07,15:29,GARFIBRES,20.6643
2026-09-07,15:29,GAYAPROJ,170.8181
2026-09-07,15:29,GCSL,75.4665
2026-09-07,15:29,GEECEE,7.8836
2026-09-07,15:29,GEMAROMA,6.1393
2026-09-07,15:29,GENUSPOWER,10.895
2026-09-07,15:29,GEOJITFSL,9.7296
2026-09-07,15:29,GESHIP,21.9614
2026-09-07,15:29,GFLLIMITED,6.4373
2026-09-07,15:29,GHCLTEXTIL,80.7781
2026-09-07,15:29,GIPCL,33.1476
2026-09-07,15:29,GLAND,78.1231
2026-09-07,15:29,GLAXO,14.7279
2026-09-07,15:29,GLENMARK,23.4841
2026-09-07,15:29,GLOBAL,34.5465
2026-09-07,15:29,GLOSTERLTD,-5.549
2026-09-07,15:29,GLOTTIS,-3.3085
2026-09-07,15:29,GMBREW,-4.9667
2026-09-07,15:29,GMDCLTD,4.0493
2026-09-07,15:29,GMMPFAUDLR,15.4536
2026-09-07,15:29,GNA,78.743
2026-09-07,15:29,GNFC,20.91
2026-09-07,15:29,GOCLCORP,40.8153
2026-09-07,15:29,GODREJAGRO,13.7704
2026-09-07,15:29,GODREJIND,13.8398
2026-09-07,15:29,GOKEX,-6.1031
2026-09-07,15:29,GOKULAGRO,19.078
2026-09-07,15:29,GPIL,-1.2783
2026-09-07,15:29,GPTHEALTH,14.39
2026-09-07,15:29,GPTINFRA,4.6638
2026-09-07,15:29,GRANULES,51.732
2026-09-07,15:29,GRAPHITE,31.2168
2026-09-07,15:29,GRASIM,17.0649
2026-09-07,15:29,GREAVESCOT,5.5531
2026-09-07,15:29,GREENLAM,-6.0971
2026-09-07,15:29,GREENPLY,10.3121
2026-09-07,15:29,GRINDWELL,22.8564
2026-09-07,15:29,GROWW,33.5047
2026-09-07,15:29,GRPLTD,13.028
2026-09-07,15:29,GRSE,6.6684
2026-09-07,15:29,GRWRHITECH,91.2169
2026-09-07,15:29,GSFC,-6.2872
2026-09-07,15:29,GUFICBIO,28.3852
2026-09-07,15:29,GUJALKALI,37.6738
2026-09-07,15:29,GUJTHEM,9.9219
2026-09-07,15:29,GVPIL,106.933
2026-09-07,15:29,GVT&D,44.6332
2026-09-07,15:29,HAL,12.3473
2026-09-07,15:29,HAPPYFORGE,108.2307
2026-09-07,15:29,HARIOMPIPE,0.3297
2026-09-07,15:29,HARSHA,22.5481
2026-09-07,15:29,HATSUN,12.303
2026-09-07,15:29,HCC,32.7693
2026-09-07,15:29,HCG,-4.2322
2026-09-07,15:29,HDFCAMC,-6.7127
2026-09-07,15:29,HEALTHX,-1.9161
2026-09-07,15:29,HEMIPROP,-5.9902
2026-09-07,15:29,HESTERBIO,48.2153
2026-09-07,15:29,HEXATRADEX,-3.8851
2026-09-07,15:29,HFCL,268.197
2026-09-07,15:29,HIKAL,-2.9475
2026-09-07,15:29,HINDALCO,18.6531
2026-09-07,15:29,HINDCOMPOS,-3.5671
2026-09-07,15:29,HINDCOPPER,33.9913
2026-09-07,15:29,HINDOILEXP,22.7335
2026-09-07,15:29,HINDZINC,3.7145
2026-09-07,15:29,HIRECT,65.7866
2026-09-07,15:29,HITECHCORP,98.6985
2026-09-07,15:29,HMT,41.1302
2026-09-07,15:29,HMVL,25.3003
2026-09-07,15:29,HNDFDS,19.2228
2026-09-07,15:29,HOMEFIRST,3.8468
2026-09-07,15:29,HONASA,82.5579
2026-09-07,15:29,HONAUT,4.4033
2026-09-07,15:29,HSCL,41.0611
2026-09-07,15:29,HTMEDIA,16.7121
2026-09-07,15:29,HUHTAMAKI,18.3725
2026-09-07,15:29,HYUNDAI,-3.8043
2026-09-07,15:29,IBULLSLTD,38.9189
2026-09-07,15:29,ICEMAKE,-6.1205
2026-09-07,15:29,ICICIBANK,4.5634
2026-09-07,15:29,ICIL,59.8098
2026-09-07,15:29,IDEAFORGE,79.2413
2026-09-07,15:29,IDFCFIRSTB,3.0643
2026-09-07,15:29,IFCI,110.9259
2026-09-07,15:29,IFGLEXPOR,-4.2115
2026-09-07,15:29,IGARASHI,-6.8544
2026-09-07,15:29,IGIL,-1.2422
2026-09-07,15:29,IGPL,40.8976
2026-09-07,15:29,IIFL,13.7083
2026-09-07,15:29,IIFLCAPS,8.5792
2026-09-07,15:29,IKIO,11.9766
2026-09-07,15:29,IKS,7.31
2026-09-07,15:29,IMAGICAA,7.4002
2026-09-07,15:29,IMPAL,7.6938
2026-09-07,15:29,INDGN,13.5455
2026-09-07,15:29,INDHOTEL,-2.0447
2026-09-07,15:29,INDIANB,10.9141
2026-09-07,15:29,INDIANHUME,-4.0224
2026-09-07,15:29,INDIGO,0.7149
2026-09-07,15:29,INDIGOPNTS,-5.2598
2026-09-07,15:29,INDIQUBE,2.0859
2026-09-07,15:29,INDNIPPON,40.6719
2026-09-07,15:29,INDOAMIN,6.6114
2026-09-07,15:29,INDOBORAX,77.2537
2026-09-07,15:29,INDOCO,1.3339
2026-09-07,15:29,INDORAMA,55.7155
2026-09-07,15:29,INDOSTAR,4.73
2026-09-07,15:29,INDOTECH,124.7931
2026-09-07,15:29,INDSWFTLAB,277.689
2026-09-07,15:29,INDUSINDBK,17.2394
2026-09-07,15:29,INGERRAND,32.7207
2026-09-07,15:29,INNOVACAP,65.3038
2026-09-07,15:29,INOXINDIA,93.9167
2026-09-07,15:29,IOLCP,158.3242
2026-09-07,15:29,IONEXCHANG,14.8875
2026-09-07,15:29,IPCALAB,36.0297
2026-09-07,15:29,IRISDOREME,62.6112
2026-09-07,15:29,IRMENERGY,-0.1754
2026-09-07,15:29,ITDC,15.7417
2026-09-07,15:29,IZMO,10.6722
2026-09-07,15:29,J&KBANK,46.8958
2026-09-07,15:29,JAGSNPHARM,19.6257
2026-09-07,15:29,JAIBALAJI,4.2003
2026-09-07,15:29,JAMNAAUTO,0.182
2026-09-07,15:29,JASH,15.4359
2026-09-07,15:29,JAYAGROGN,11.9923
2026-09-07,15:29,JAYBARMARU,36.533
2026-09-07,15:29,JAYNECOIND,19.6717
2026-09-07,15:29,JBMA,6.5093
2026-09-07,15:29,JGCHEM,60.4831
2026-09-07,15:29,JINDALPOLY,41.5039
2026-09-07,15:29,JINDALSAW,89.3388
2026-09-07,15:29,JINDALSTEL,11.0155
2026-09-07,15:29,JINDRILL,31.6061
2026-09-07,15:29,JINDWORLD,93.5185
2026-09-07,15:29,JITFINFRA,8.0984
2026-09-07,15:29,JKPAPER,14.7678
2026-09-07,15:29,JNKINDIA,86.7814
2026-09-07,15:29,JSFB,25.1889
2026-09-07,15:29,JSWCEMENT,1.4576
2026-09-07,15:29,JSWENERGY,8.9526
2026-09-07,15:29,JSWINFRA,21.2127
2026-09-07,15:29,JSWSTEEL,16.7922
2026-09-07,15:29,JTLIND,45.8768
2026-09-07,15:29,JUBLCPL,-3.2363
2026-09-07,15:29,JUBLINGREA,-4.3143
2026-09-07,15:29,JUSTDIAL,-2.7014
2026-09-07,15:29,JYOTICNC,7.7544
2026-09-07,15:29,KABRAEXTRU,186.8445
2026-09-07,15:29,KAJARIACER,11.1263
2026-09-07,15:29,KALYANKJIL,23.0994
2026-09-07,15:29,KAMATHOTEL,-0.14
2026-09-07,15:29,KAMDHENU,55.7813
2026-09-07,15:29,KANORICHEM,106.6073
2026-09-07,15:29,KANPRPLA,22.2567
2026-09-07,15:29,KAPSTON,182.445
2026-09-07,15:29,KARURVYSYA,39.4125
2026-09-07,15:29,KAYA,5.5038
2026-09-07,15:29,KDDL,71.3924
2026-09-07,15:29,KECL,18.1792
2026-09-07,15:29,KEI,12.8626
2026-09-07,15:29,KENNAMET,74.3216
2026-09-07,15:29,KERNEX,74.7284
2026-09-07,15:29,KICL,4.3688
2026-09-07,15:29,KILITCH,12.1313
2026-09-07,15:29,KIMS,14.0949
2026-09-07,15:29,KINGFA,58.6177
2026-09-07,15:29,KIOCL,9.2413
2026-09-07,15:29,KIRIINDUS,2.1098
2026-09-07,15:29,KIRLFER,-2.9939
2026-09-07,15:29,KIRLOSBROS,7.8517
2026-09-07,15:29,KIRLOSENG,91.4268
2026-09-07,15:29,KIRLOSIND,11.3305
2026-09-07,15:29,KKCL,4.853
2026-09-07,15:29,KMEW,65.314
2026-09-07,15:29,KOLTEPATIL,16.8599
2026-09-07,15:29,KOPRAN,86.9023
2026-09-07,15:29,KOTAKBANK,-3.2458
2026-09-07,15:29,KOTHARIPET,6.1067
2026-09-07,15:29,KOVAI,166.3828
2026-09-07,15:29,KPIL,21.0813
2026-09-07,15:29,KPRMILL,19.0412
2026-09-07,15:29,KRBL,7.9449
2026-09-07,15:29,KRISHANA,71.7614
2026-09-07,15:29,KRN,113.1393
2026-09-07,15:29,KRONOX,23.8072
2026-09-07,15:29,KROSS,19.9966
2026-09-07,15:29,KRYSTAL,27.6781
2026-09-07,15:29,KSB,4.4779
2026-09-07,15:29,KSL,28.9658
2026-09-07,15:29,KSOLVES,-6.1224
2026-09-07,15:29,KTKBANK,66.8083
2026-09-07,15:29,LALPATHLAB,33.0419
2026-09-07,15:29,LANDMARK,-3.778
2026-09-07,15:29,LAURUSLABS,86.7549
2026-09-07,15:29,LAXMIINDIA,-0.6377
2026-09-07,15:29,LENSKART,69.7927
2026-09-07,15:29,LGEINDIA,4.8419
2026-09-07,15:29,LICHSGFIN,3.8668
2026-09-07,15:29,LICI,-3.9561
2026-09-07,15:29,LIKHITHA,8.9017
2026-09-07,15:29,LINCOLN,30.6103
2026-09-07,15:29,LINDEINDIA,3.8289
2026-09-07,15:29,LLOYDSENGG,58.9719
2026-09-07,15:29,LLOYDSENT,23.3868
2026-09-07,15:29,LLOYDSME,39.9845
2026-09-07,15:29,LMW,20.3594
2026-09-07,15:29,LODHA,9.9908
2026-09-07,15:29,LOKESHMACH,106.0959
2026-09-07,15:29,LOTUSDEV,30.0111
2026-09-07,15:29,LT,-2.2799
2026-09-07,15:29,LTF,2.4254
2026-09-07,15:29,LTFOODS,16.975
2026-09-07,15:29,LUMAXIND,9.5752
2026-09-07,15:29,LUMAXTECH,22.8343
2026-09-07,15:29,LUPIN,0.5926
2026-09-07,15:29,LUXIND,3.2689
2026-09-07,15:29,LXCHEM,-0.2667
2026-09-07,15:29,M&MFIN,6.905
2026-09-07,15:29,MACPOWER,79.2814
2026-09-07,15:29,MAGADSUGAR,13.6535
2026-09-07,15:29,MAHABANK,48.0836
2026-09-07,15:29,MAHASTEEL,55.018
2026-09-07,15:29,MAHLOG,25.2174
2026-09-07,15:29,MAHSCOOTER,-4.6701
2026-09-07,15:29,MAHSEAMLES,22.8403
2026-09-07,15:29,MAITHANALL,16.5751
2026-09-07,15:29,MAMATA,-1.6296
2026-09-07,15:29,MANAKSTEEL,85.0287
2026-09-07,15:29,MANALIPETC,40.2116
2026-09-07,15:29,MANAPPURAM,13.7467
2026-09-07,15:29,MANBA,-4.7345
2026-09-07,15:29,MANGLMCEM,44.6944
2026-09-07,15:29,MANINDS,81.6449
2026-09-07,15:29,MANINFRA,-3.7444
2026-09-07,15:29,MANKIND,8.2571
2026-09-07,15:29,MANORAMA,46.2162
2026-09-07,15:29,MANYAVAR,-3.4344
2026-09-07,15:29,MARICO,9.2659
2026-09-07,15:29,MARINE,105.6461
2026-09-07,15:29,MARKSANS,75.7778
2026-09-07,15:29,MATRIMONY,0.5786
2026-09-07,15:29,MAWANASUG,72.7706
2026-09-07,15:29,MAXESTATES,22.1635
2026-09-07,15:29,MAYURUNIQ,46.4036
2026-09-07,15:29,MAZDA,23.2692
2026-09-07,15:29,MAZDOCK,0.2615
2026-09-07,15:29,MBAPL,101.3463
2026-09-07,15:29,MCX,63.4695
2026-09-07,15:29,MEDANTA,23.8983
2026-09-07,15:29,MEESHO,23.1553
2026-09-07,15:29,MENONBE,187.5716
2026-09-07,15:29,METROPOLIS,20.4022
2026-09-07,15:29,MGL,-2.7429
2026-09-07,15:29,MIDHANI,38.4666
2026-09-07,15:29,MINDACORP,17.4221
2026-09-07,15:29,MMFL,72.7501
2026-09-07,15:29,MMP,77.4123
2026-09-07,15:29,MMTC,14.2295
2026-09-07,15:29,MODIS,15.03
2026-09-07,15:29,MODISONLTD,242.0352
2026-09-07,15:29,MOL,2.9605
2026-09-07,15:29,MOLDTECH,31.2612
2026-09-07,15:29,MOLDTKPAC,20.2966
2026-09-07,15:29,MONARCH,22.6989
2026-09-07,15:29,MOREPENLAB,186.4578
2026-09-07,15:29,MOSCHIP,3.8796
2026-09-07,15:29,MOTHERSON,34.6522
2026-09-07,15:29,MOTILALOFS,25.037
2026-09-07,15:29,MPSLTD,31.3057
2026-09-07,15:29,MRPL,15.645
2026-09-07,15:29,MSPL,-6.2028
2026-09-07,15:29,MSTCLTD,64.4651
2026-09-07,15:29,MTARTECH,216.1768
2026-09-07,15:29,MUFIN,20.1323
2026-09-07,15:29,MUKANDLTD,3.2039
2026-09-07,15:29,MUKKA,32.3045
2026-09-07,15:29,MUNJALAU,46.4042
2026-09-07,15:29,MUNJALSHOW,5.0146
2026-09-07,15:29,MUTHOOTMF,11.8628
2026-09-07,15:29,MVGJL,18.4657
2026-09-07,15:29,NACLIND,-2.8052
2026-09-07,15:29,NAHARINDUS,25.2816
2026-09-07,15:29,NAHARSPING,44.4472
2026-09-07,15:29,NAM-INDIA,37.7204
2026-09-07,15:29,NATIONALUM,31.2881
2026-09-07,15:29,NAUKRI,-4.3405
2026-09-07,15:29,NAVA,-2.4807
2026-09-07,15:29,NAVINFLUOR,40.0309
2026-09-07,15:29,NAVKARCORP,-1.1224
2026-09-07,15:29,NAZARA,62.4835
2026-09-07,15:29,NCC,-6.8213
2026-09-07,15:29,NELCAST,5.7496
2026-09-07,15:29,NELCO,23.5699
2026-09-07,15:29,NEOGEN,104.6453
2026-09-07,15:29,NESTLEIND,12.4246
2026-09-07,15:29,NETWEB,54.8091
2026-09-07,15:29,NEULANDLAB,39.1204
2026-09-07,15:29,NGLFINE,115.9988
2026-09-07,15:29,NH,0.6105
2026-09-07,15:29,NHPC,-1.5672
2026-09-07,15:29,NIACL,38.2775
2026-09-07,15:29,NIBE,10.3391
2026-09-07,15:29,NIITLTD,7.8784
2026-09-07,15:29,NILKAMAL,45.4392
2026-09-07,15:29,NINSYS,72.685
2026-09-07,15:29,NITCO,3.4962
2026-09-07,15:29,NITINSPIN,101.0736
2026-09-07,15:29,NIVABUPA,7.7324
2026-09-07,15:29,NLCINDIA,10.8824
2026-09-07,15:29,NMDC,6.7473
2026-09-07,15:29,NOCIL,10.206
2026-09-07,15:29,NORTHARC,18.0783
2026-09-07,15:29,NOVARTIND,102.9208
2026-09-07,15:29,NPST,17.8255
2026-09-07,15:29,NRAIL,19.7017
2026-09-07,15:29,NRBBEARING,64.5656
2026-09-07,15:29,NRL,123.6483
2026-09-07,15:29,NSLNISP,11.633
2026-09-07,15:29,NTPC,2.4849
2026-09-07,15:29,NTPCGREEN,-2.5533
2026-09-07,15:29,NUVAMA,25.9555
2026-09-07,15:29,NUVOCO,-4.2054
2026-09-07,15:29,NYKAA,32.2337
2026-09-07,15:29,OAL,82.4928
2026-09-07,15:29,OBEROIRLTY,11.5707
2026-09-07,15:29,OCCLLTD,71.2887
2026-09-07,15:29,OFSS,48.6916
2026-09-07,15:29,OIL,20.679
2026-09-07,15:29,OLAELEC,1.5516
2026-09-07,15:29,OLECTRA,-1.0409
2026-09-07,15:29,OMAXE,95.6594
2026-09-07,15:29,ONEPOINT,11.7067
2026-09-07,15:29,ONESOURCE,-3.9597
2026-09-07,15:29,ONGC,-0.7011
2026-09-07,15:29,ONIDA,45.8316
2026-09-07,15:29,ONWARDTEC,3.3874
2026-09-07,15:29,OPTIEMUS,5.1501
2026-09-07,15:29,ORBTEXP,21.6842
2026-09-07,15:29,ORCHPHARMA,15.254
2026-09-07,15:29,ORIENTBELL,55.7599
2026-09-07,15:29,ORIENTCER,4.1569
2026-09-07,15:29,ORIENTELEC,-3.2155
2026-09-07,15:29,ORIENTHOT,33.2727
2026-09-07,15:29,ORKLAINDIA,-3.3541
2026-09-07,15:29,PAGEIND,-2.4905
2026-09-07,15:29,PAISALO,115.32
2026-09-07,15:29,PANACEABIO,5.9499
2026-09-07,15:29,PANACHE,52.7072
2026-09-07,15:29,PANAMAPET,73.1164
2026-09-07,15:29,PANSARI,1.1616
2026-09-07,15:29,PARACABLES,77.0372
2026-09-07,15:29,PARADEEP,2.0938
2026-09-07,15:29,PARAS,125.9577
2026-09-07,15:29,PASHUPATI,-2.0472
2026-09-07,15:29,PASUPTAC,26.1856
2026-09-07,15:29,PATELRMART,6.1295
2026-09-07,15:29,PAUSHAKLTD,28.2737
2026-09-07,15:29,PAYTM,27.0132
2026-09-07,15:29,PCBL,0.3002
2026-09-07,15:29,PDMJEPAPER,2.9642
2026-09-07,15:29,PDSL,-5.4113
2026-09-07,15:29,PETRONET,8.3411
2026-09-07,15:29,PFC,3.4877
2026-09-07,15:29,PFOCUS,46.8233
2026-09-07,15:29,PGEL,-0.9208
2026-09-07,15:29,PGHL,0.0265
2026-09-07,15:29,PGIL,37.9538
2026-09-07,15:29,PHOENIXLTD,6.4603
2026-09-07,15:29,PICCADIL,8.4884
2026-09-07,15:29,PIDILITIND,6.4621
2026-09-07,15:29,PITTIENG,43.7809
2026-09-07,15:29,PIXTRANS,20.7195
2026-09-07,15:29,PLATIND,-6.7876
2026-09-07,15:29,PNB,-2.6444
2026-09-07,15:29,PNBGILTS,2.8259
2026-09-07,15:29,PNBHOUSING,28.2035
2026-09-07,15:29,PNGJL,3.0982
2026-09-07,15:29,POKARNA,-5.5794
2026-09-07,15:29,POLICYBZR,-6.9767
2026-09-07,15:29,POLYCAB,12.5554
2026-09-07,15:29,POLYPLEX,42.3402
2026-09-07,15:29,POONAWALLA,3.6222
2026-09-07,15:29,POWERGRID,1.6209
2026-09-07,15:29,POWERINDIA,62.6568
2026-09-07,15:29,POWERMECH,-0.3968
2026-09-07,15:29,PPL,6.9081
2026-09-07,15:29,PPLPHARMA,27.9324
2026-09-07,15:29,PRABHA,28.0461
2026-09-07,15:29,PRAJIND,0.658
2026-09-07,15:29,PRAKASH,-6.0608
2026-09-07,15:29,PRECOT,55.7401
2026-09-07,15:29,PRECWIRE,93.7986
2026-09-07,15:29,PREMEXPLN,32.8094
2026-09-07,15:29,PREMIERENE,5.8371
2026-09-07,15:29,PREMIERPOL,117.9457
2026-09-07,15:29,PRESTIGE,-6.367
2026-09-07,15:29,PRICOLLTD,28.5208
2026-09-07,15:29,PRIMESECU,-1.9684
2026-09-07,15:29,PRINCEPIPE,13.3081
2026-09-07,15:29,PRIVISCL,7.7158
2026-09-07,15:29,PRUDENT,25.1747
2026-09-07,15:29,PSPPROJECT,-1.4291
2026-09-07,15:29,PTC,-1.9573
2026-09-07,15:29,PTCIL,35.5337
2026-09-07,15:29,PTL,-1.2758
2026-09-07,15:29,PVP,92.6671
2026-09-07,15:29,PVRINOX,6.4329
2026-09-07,15:29,PWL,-1.8098
2026-09-07,15:29,QPOWER,112.7889
2026-09-07,15:29,QUADFUTURE,54.0586
2026-09-07,15:29,QUESS,61.1159
2026-09-07,15:29,RACLGEAR,47.6543
2026-09-07,15:29,RADHIKAJWE,27.1648
2026-09-07,15:29,RADICO,37.9182
2026-09-07,15:29,RAIN,85.5024
2026-09-07,15:29,RAINBOW,7.9222
2026-09-07,15:29,RAJRATAN,4.8589
2026-09-07,15:29,RAJRILTD,-2.4335
2026-09-07,15:29,RAMCOIND,2.9641
2026-09-07,15:29,RAMCOSYS,-6.1204
2026-09-07,15:29,RAMRAT,71.7096
2026-09-07,15:29,RANEHOLDIN,22.2506
2026-09-07,15:29,RATEGAIN,29.0395
2026-09-07,15:29,RATNAMANI,10.8031
2026-09-07,15:29,RATNAVEER,95.303
2026-09-07,15:29,RAYMOND,69.9637
2026-09-07,15:29,RAYMONDREL,16.1284
2026-09-07,15:29,RBA,46.4975
2026-09-07,15:29,RBLBANK,36.3786
2026-09-07,15:29,RBZJEWEL,35.3417
2026-09-07,15:29,REDINGTON,34.5429
2026-09-07,15:29,REDTAPE,-6.0047
2026-09-07,15:29,REGAAL,23.2318
2026-09-07,15:29,RELIGARE,8.999
2026-09-07,15:29,RELTD,-1.0749
2026-09-07,15:29,RENUKA,-6.4012
2026-09-07,15:29,RGL,16.479
2026-09-07,15:29,RHETAN,8.4112
2026-09-07,15:29,RICOAUTO,13.3356
2026-09-07,15:29,RISHABH,101.2298
2026-09-07,15:29,RITCO,12.8241
2026-09-07,15:29,RITES,-5.558
2026-09-07,15:29,RKFORGE,35.6738
2026-09-07,15:29,RML,87.3162
2026-09-07,15:29,ROLEXRINGS,32.3913
2026-09-07,15:29,ROSSTECH,69.1888
2026-09-07,15:29,ROTO,-0.6872
2026-09-07,15:29,RPEL,73.4805
2026-09-07,15:29,RPGLIFE,12.7779
2026-09-07,15:29,RPSGVENT,8.4906
2026-09-07,15:29,RPTECH,147.4699
2026-09-07,15:29,RRKABEL,63.8817
2026-09-07,15:29,RSWM,43.8892
2026-09-07,15:29,RUBICON,174.6897
2026-09-07,15:29,RUBYMILLS,103.6088
2026-09-07,15:29,SAATVIKGL,14.4022
2026-09-07,15:29,SAIL,42.015
2026-09-07,15:29,SAILIFE,73.7256
2026-09-07,15:29,SAKAR,164.2525
2026-09-07,15:29,SALSTEEL,120.7827
2026-09-07,15:29,SAMBHV,39.3405
2026-09-07,15:29,SAMMAANCAP,4.8695
2026-09-07,15:29,SANATHAN,4.9827
2026-09-07,15:29,SANDESH,-0.161
2026-09-07,15:29,SANDHAR,10.8154
2026-09-07,15:29,SANGAMIND,27.5423
2026-09-07,15:29,SANGHVIMOV,40.961
2026-09-07,15:29,SANSERA,131.8674
2026-09-07,15:29,SANSTAR,20.6515
2026-09-07,15:29,SAPPHIRE,-2.533
2026-09-07,15:29,SARDAEN,-1.537
2026-09-07,15:29,SAREGAMA,31.3754
2026-09-07,15:29,SARLAPOLY,19.5443
2026-09-07,15:29,SASKEN,49.0737
2026-09-07,15:29,SATIA,3.0527
2026-09-07,15:29,SATIN,51.6003
2026-09-07,15:29,SBC,66.029
2026-09-07,15:29,SBCL,137.4388
2026-09-07,15:29,SBFC,-6.3344
2026-09-07,15:29,SBIN,3.9959
2026-09-07,15:29,SCHAEFFLER,4.1807
2026-09-07,15:29,SCHNEIDER,66.9838
2026-09-07,15:29,SCI,32.2186
2026-09-07,15:29,SCPL,124.4936
2026-09-07,15:29,SEAMECLTD,73.8608
2026-09-07,15:29,SENCO,17.2259
2026-09-07,15:29,SENORES,83.686
2026-09-07,15:29,SERVOTECH,-1.422
2026-09-07,15:29,SESHAPAPER,-1.3633
2026-09-07,15:29,SETL,150.1287
2026-09-07,15:29,SFL,10.8964
2026-09-07,15:29,SGFIN,69.2096
2026-09-07,15:29,SGIL,11.3201
2026-09-07,15:29,SGMART,138.7391
2026-09-07,15:29,SHAILY,41.4983
2026-09-07,15:29,SHALPAINTS,42.5416
2026-09-07,15:29,SHANTIGEAR,35.9388
2026-09-07,15:29,SHANTIGOLD,37.8411
2026-09-07,15:29,SHARDAMOTR,-6.3105
2026-09-07,15:29,SHAREINDIA,-4.4585
2026-09-07,15:29,SHILCTECH,4.5469
2026-09-07,15:29,SHILPAMED,190.1931
2026-09-07,15:29,SHIVAUM,60.7725
2026-09-07,15:29,SHREEJISPG,108.6153
2026-09-07,15:29,SHREEPUSHK,36.9597
2026-09-07,15:29,SHRINGARMS,6.3284
2026-09-07,15:29,SHRIPISTON,39.7654
2026-09-07,15:29,SHRIRAMFIN,21.2369
2026-09-07,15:29,SHYAMMETL,33.7576
2026-09-07,15:29,SICALLOG,23.4772
2026-09-07,15:29,SIEMENS,24.3587
2026-09-07,15:29,SIGACHI,0.3792
2026-09-07,15:29,SIGMAADV,306.877
2026-09-07,15:29,SIGNPOST,22.2167
2026-09-07,15:29,SILVERTUC,98.2786
2026-09-07,15:29,SIMPLEXINF,-3.5919
2026-09-07,15:29,SINDHUTRAD,17.2782
2026-09-07,15:29,SIS,29.9136
2026-09-07,15:29,SJS,35.0962
2026-09-07,15:29,SKFINDUS,21.3088
2026-09-07,15:29,SKIPPER,36.2028
2026-09-07,15:29,SKMEGGPROD,12.6398
2026-09-07,15:29,SKYGOLD,141.2089
2026-09-07,15:29,SMARTWORKS,12.1878
2026-09-07,15:29,SMCGLOBAL,-4.3787
2026-09-07,15:29,SMLMAH,69.1536
2026-09-07,15:29,SMSPHARMA,22.843
2026-09-07,15:29,SOFTTECH,32.0861
2026-09-07,15:29,SOLARA,17.5662
2026-09-07,15:29,SOLARINDS,79.977
2026-09-07,15:29,SOMANYCERA,33.381
2026-09-07,15:29,SONACOMS,61.8402
2026-09-07,15:29,SOTL,89.2599
2026-09-07,15:29,SOUTHBANK,16.6708
2026-09-07,15:29,SOUTHWEST,16.0505
2026-09-07,15:29,SPAL,50.3491
2026-09-07,15:29,SPARC,50.909
2026-09-07,15:29,SPECIALITY,13.986
2026-09-07,15:29,SPECTRUM,108.2747
2026-09-07,15:29,SPLPETRO,23.5661
2026-09-07,15:29,SPMLINFRA,-2.1927
2026-09-07,15:29,SPORTKING,152.0736
2026-09-07,15:29,SREEL,26.6488
2026-09-07,15:29,SRHHYPOLTD,4.8934
2026-09-07,15:29,SSWL,94.2454
2026-09-07,15:29,STALLION,-6.4148
2026-09-07,15:29,STAR,35.6814
2026-09-07,15:29,STARHEALTH,21.3183
2026-09-07,15:29,STCINDIA,-5.6244
2026-09-07,15:29,STEELCAS,56.4474
2026-09-07,15:29,STEL,10.9005
2026-09-07,15:29,STLNETWORK,32.3581
2026-09-07,15:29,STLTECH,706.8753
2026-09-07,15:29,STOVEKRAFT,42.2887
2026-09-07,15:29,STYL,30.5408
2026-09-07,15:29,STYLAMIND,51.1525
2026-09-07,15:29,STYLEBAAZA,43.5759
2026-09-07,15:29,STYRENIX,0.5261
2026-09-07,15:29,SUDARSCHEM,25.8169
2026-09-07,15:29,SUDEEPPHRM,97.6107
2026-09-07,15:29,SUMICHEM,7.1248
2026-09-07,15:29,SUNCLAY,3.8523
2026-09-07,15:29,SUNDARMFIN,-1.9247
2026-09-07,15:29,SUNDRMFAST,26.5082
2026-09-07,15:29,SUNDROP,-6.9493
2026-09-07,15:29,SUNFLAG,31.3155
2026-09-07,15:29,SUNPHARMA,5.4477
2026-09-07,15:29,SUPRAJIT,4.7366
2026-09-07,15:29,SUPREMEIND,9.9633
2026-09-07,15:29,SUPRIYA,25.8183
2026-09-07,15:29,SURAKSHA,18.9958
2026-09-07,15:29,SURYODAY,12.1666
2026-09-07,15:29,SUTLEJTEX,26.3958
2026-09-07,15:29,SUVEN,112.9948
2026-09-07,15:29,SUYOG,13.1585
2026-09-07,15:29,SVLL,11.1883
2026-09-07,15:29,SWANDEF,1103.8779
2026-09-07,15:29,SWARAJENG,-2.1092
2026-09-07,15:29,SYNCOMF,35.0433
2026-09-07,15:29,SYRMA,122.8159
2026-09-07,15:29,TALBROAUTO,51.1111
2026-09-07,15:29,TARIL,-2.1711
2026-09-07,15:29,TARSONS,42.1125
2026-09-07,15:29,TASTYBITE,20.7439
2026-09-07,15:29,TATACAP,14.6243
2026-09-07,15:29,TATACOMM,-3.0071
2026-09-07,15:29,TATAPOWER,-4.1792
2026-09-07,15:29,TATASTEEL,7.3697
2026-09-07,15:29,TATATECH,19.4432
2026-09-07,15:29,TATVA,15.1569
2026-09-07,15:29,TBOTEK,1.8089
2026-09-07,15:29,TBZ,221.9896
2026-09-07,15:29,TCIEXP,-5.6205
2026-09-07,15:29,TCPLPACK,31.2982
2026-09-07,15:29,TDPOWERSYS,5.3149
2026-09-07,15:29,TECHM,-0.7236
2026-09-07,15:29,TEJASNET,26.5132
2026-09-07,15:29,TENNIND,12.0056
2026-09-07,15:29,TEXINFRA,13.5485
2026-09-07,15:29,TEXRAIL,-5.8184
2026-09-07,15:29,TFCILTD,110.7073
2026-09-07,15:29,THANGAMAYL,71.1427
2026-09-07,15:29,THEJO,36.067
2026-09-07,15:29,THELEELA,37.5253
2026-09-07,15:29,THEMISMED,26.9025
2026-09-07,15:29,THERMAX,25.2767
2026-09-07,15:29,THYROCARE,32.5815
2026-09-07,15:29,TI,18.7904
2026-09-07,15:29,TIIL,44.9551
2026-09-07,15:29,TIINDIA,1.3332
2026-09-07,15:29,TIMETECHNO,-2.7766
2026-09-07,15:29,TIMKEN,0.1001
2026-09-07,15:29,TINNARUBR,28.0126
2026-09-07,15:29,TIPSMUSIC,18.2511
2026-09-07,15:29,TIRUPATIFL,117.3313
2026-09-07,15:29,TITAGARH,13.5465
2026-09-07,15:29,TITAN,29.1966
2026-09-07,15:29,TMB,82.3129
2026-09-07,15:29,TMCV,21.6166
2026-09-07,15:29,TNPETRO,26.0453
2026-09-07,15:29,TNPL,11.4527
2026-09-07,15:29,TORNTPHARM,29.9106
2026-09-07,15:29,TORNTPOWER,-1.3151
2026-09-07,15:29,TPLPLASTEH,3.3439
2026-09-07,15:29,TRAVELFOOD,1.8221
2026-09-07,15:29,TREL,-5.3951
2026-09-07,15:29,TRENT,2.7441
2026-09-07,15:29,TRITURBINE,6.1992
2026-09-07,15:29,TRUALT,1.4229
2026-09-07,15:29,TTKHLTCARE,3.8253
2026-09-07,15:29,TVSHLTD,-4.891
2026-09-07,15:29,TVSMOTOR,13.5383
2026-09-07,15:29,TVSSCS,19.5239
2026-09-07,15:29,TVSSRICHAK,25.0265
2026-09-07,15:29,UDS,23.9629
2026-09-07,15:29,UEL,92.3889
2026-09-07,15:29,UFBL,277.6485
2026-09-07,15:29,UFLEX,44.3951
2026-09-07,15:29,UGARSUGAR,20.2352
2026-09-07,15:29,UJJIVANSFB,19.9816
2026-09-07,15:29,ULTRACEMCO,-4.7152
2026-09-07,15:29,UNICHEMLAB,22.672
2026-09-07,15:29,UNIMECH,60.6207
2026-09-07,15:29,UNIONBANK,21.0804
2026-09-07,15:29,UNIPARTS,80.6368
2026-09-07,15:29,UNITDSPR,-0.1664
2026-09-07,15:29,UNITEDPOLY,36.0406
2026-09-07,15:29,UNIVASTU,148.5589
2026-09-07,15:29,UNIVCABLES,66.1473
2026-09-07,15:29,UNIVPHOTO,113.5628
2026-09-07,15:29,UNOMINDA,0.1856
2026-09-07,15:29,URBANCO,42.8131
2026-09-07,15:29,USHAMART,8.4074
2026-09-07,15:29,UTLSOLAR,108.8588
2026-09-07,15:29,UTTAMSUGAR,13.0888
2026-09-07,15:29,V2RETAIL,-0.5811
2026-09-07,15:29,VADILALIND,48.6385
2026-09-07,15:29,VALIANTLAB,64.9469
2026-09-07,15:29,VALIANTORG,22.2722
2026-09-07,15:29,VARROC,28.404
2026-09-07,15:29,VEDL,34.836
2026-09-07,15:29,VENKEYS,15.6215
2026-09-07,15:29,VENUSPIPES,44.1207
2026-09-07,15:29,VENUSREM,112.8929
2026-09-07,15:29,VERANDA,33.7001
2026-09-07,15:29,VGUARD,0.8797
2026-09-07,15:29,VHL,0.9986
2026-09-07,15:29,VHLTD,-3.797
2026-09-07,15:29,VIDHIING,3.2086
2026-09-07,15:29,VIDYAWIRES,78.8758
2026-09-07,15:29,VIJAYA,51.4079
2026-09-07,15:29,VIMTALABS,5.0935
2026-09-07,15:29,VINCOFE,10.0529
2026-09-07,15:29,VINDHYATEL,93.7496
2026-09-07,15:29,VISAKAIND,37.7934
2026-09-07,15:29,VISHNU,42.1861
2026-09-07,15:29,VIYASH,25.1424
2026-09-07,15:29,VMART,9.7211
2026-09-07,15:29,VOLTAMP,37.3418
2026-09-07,15:29,VRLLOG,8.6271
2026-09-07,15:29,VSSL,22.0301
2026-09-07,15:29,VTL,31.1847
2026-09-07,15:29,WABAG,60.2938
2026-09-07,15:29,WALCHANNAG,29.3791
2026-09-07,15:29,WANBURY,4.4394
2026-09-07,15:29,WELCORP,226.4103
2026-09-07,15:29,WELENT,53.6726
2026-09-07,15:29,WELINV,76.3935
2026-09-07,15:29,WELSPUNLIV,56.0981
2026-09-07,15:29,WENDT,0.1501
2026-09-07,15:29,WESTLIFE,-2.7192
2026-09-07,15:29,WEWORK,14.534
2026-09-07,15:29,WHEELS,96.2547
2026-09-07,15:29,WINDLAS,47.8553
2026-09-07,15:29,WINDMACHIN,13.7571
2026-09-07,15:29,WOCKPHARMA,64.6532
2026-09-07,15:29,WONDERLA,-2.51
2026-09-07,15:29,WSTCSTPAPR,67.8057
2026-09-07,15:29,XPROINDIA,38.7107
2026-09-07,15:29,YASHO,154.0162
2026-09-07,15:29,YATHARTH,42.8182
2026-09-07,15:29,YESBANK,3.0331
2026-09-07,15:29,YUKEN,17.8691
2026-09-07,15:29,ZENTEC,31.1267
2026-09-07,15:29,ZIMLAB,81.6852
2026-09-07,15:29,ZYDUSLIFE,25.5317
2026-09-07,15:29,ZYDUSWELL,30.0585
2026-09-08,15:29,20MICRONS,11.9232
2026-09-08,15:29,360ONE,-2.0646
2026-09-08,15:29,3MINDIA,-6.2906
2026-09-08,15:29,5PAISA,8.6985
2026-09-08,15:29,63MOONS,14.5222
2026-09-08,15:29,AADHARHFC,-2.3017
2026-09-08,15:29,AARTIDRUGS,8.7321
2026-09-08,15:29,AARTIIND,35.2215
2026-09-08,15:29,AARTIPHARM,14.842
2026-09-08,15:29,ABB,40.9195
2026-09-08,15:29,ABCAPITAL,14.0497
2026-09-08,15:29,ABDL,-4.6435
2026-09-08,15:29,ABSLAMC,34.823
2026-09-08,15:29,ACE,14.9595
2026-09-08,15:29,ACI,-4.5866
2026-09-08,15:29,ACMESOLAR,78.6766
2026-09-08,15:29,ACUTAAS,87.801
2026-09-08,15:29,ADANIENSOL,41.577
2026-09-08,15:29,ADANIENT,31.3715
2026-09-08,15:29,ADANIGREEN,25.6565
2026-09-08,15:29,ADANIPORTS,14.0761
2026-09-08,15:29,ADANIPOWER,43.3978
2026-09-08,15:29,ADFFOODS,25.5274
2026-09-08,15:29,ADOR,56.3654
2026-09-08,15:29,ADVANCE,-2.358
2026-09-08,15:29,ADVENZYMES,-2.4004
2026-09-08,15:29,AEGISLOG,71.0643
2026-09-08,15:29,AEGISVOPAK,14.1146
2026-09-08,15:29,AEQUS,65.6547
2026-09-08,15:29,AEROENTER,90.7648
2026-09-08,15:29,AEROFLEX,218.9123
2026-09-08,15:29,AETHER,90.0845
2026-09-08,15:29,AFFLE,-5.971
2026-09-08,15:29,AFSL,0.0746
2026-09-08,15:29,AGARWALEYE,5.7483
2026-09-08,15:29,AGI,8.5746
2026-09-08,15:29,AGIIL,1.9133
2026-09-08,15:29,AHLWEST,86.2019
2026-09-08,15:29,AIAENG,13.1539
2026-09-08,15:29,AIIL,-6.3134
2026-09-08,15:29,AJANTPHARM,37.8669
2026-09-08,15:29,AJAXENGG,-1.3451
2026-09-08,15:29,AKUMS,75.0891
2026-09-08,15:29,ALEMBICLTD,7.2106
2026-09-08,15:29,ALIVUS,50.4798
2026-09-08,15:29,ALKYLAMINE,24.0136
2026-09-08,15:29,ALLDIGI,-4.0358
2026-09-08,15:29,AMANTA,94.0215
2026-09-08,15:29,AMBER,7.7956
2026-09-08,15:29,AMBIKCO,28.5264
2026-09-08,15:29,ANANDRATHI,49.0108
2026-09-08,15:29,ANANTRAJ,16.0593
2026-09-08,15:29,ANDHRAPAP,6.5474
2026-09-08,15:29,ANDHRSUGAR,30.4675
2026-09-08,15:29,ANGELONE,17.6749
2026-09-08,15:29,ANTELOPUS,161.4534
2026-09-08,15:29,ANTHEM,42.1596
2026-09-08,15:29,ANUHPHR,21.6168
2026-09-08,15:29,APARINDS,97.3147
2026-09-08,15:29,APCOTEXIND,62.2664
2026-09-08,15:29,APEX,46.167
2026-09-08,15:29,APLAPOLLO,26.0892
2026-09-08,15:29,APLLTD,-4.5624
2026-09-08,15:29,APOLLO,82.8084
2026-09-08,15:29,APOLLOHOSP,25.3279
2026-09-08,15:29,APOLLOPIPE,100.0677
2026-09-08,15:29,ARFIN,40.6837
2026-09-08,15:29,ARIES,47.1896
2026-09-08,15:29,ARIHANT,3363.4652
2026-09-08,15:29,ARIS,2.2833
2026-09-08,15:29,ARMANFIN,34.2138
2026-09-08,15:29,ARROWGREEN,49.1061
2026-09-08,15:29,ARTEMISMED,20.525
2026-09-08,15:29,ARVIND,83.1024
2026-09-08,15:29,ARVSMART,4.0142
2026-09-08,15:29,ASAHIINDIA,-3.5235
2026-09-08,15:29,ASAL,-4.999
2026-09-08,15:29,ASHIANA,20.536
2026-09-08,15:29,ASHOKLEY,0.7452
2026-09-08,15:29,ASIANENE,96.2247
2026-09-08,15:29,ASIANHOTNR,26.6781
2026-09-08,15:29,ASKAUTOLTD,31.328
2026-09-08,15:29,ASTERDM,30.5177
2026-09-08,15:29,ASTRAL,2.5907
2026-09-08,15:29,ASTRAMICRO,98.2178
2026-09-08,15:29,ATGL,3.8337
2026-09-08,15:29,ATHERENERG,133.4147
2026-09-08,15:29,ATL,-3.1144
2026-09-08,15:29,ATLANTAELE,110.9173
2026-09-08,15:29,ATUL,9.6363
2026-09-08,15:29,ATULAUTO,5.7008
2026-09-08,15:29,AUBANK,9.4942
2026-09-08,15:29,AUROPHARMA,43.6211
2026-09-08,15:29,AURUM,29.2425
2026-09-08,15:29,AVADHSUGAR,113.5743
2026-09-08,15:29,AVALON,168.7672
2026-09-08,15:29,AVANTEL,4.4884
2026-09-08,15:29,AVANTIFEED,1.1112
2026-09-08,15:29,AVL,21.2109
2026-09-08,15:29,AVTNPL,33.4367
2026-09-08,15:29,AXISBANK,2.0745
2026-09-08,15:29,AXISCADES,46.5863
2026-09-08,15:29,AYMSYNTEX,94.2826
2026-09-08,15:29,AZAD,76.7126
2026-09-08,15:29,BAFNAPH,118.0305
2026-09-08,15:29,BAJAJ-AUTO,31.8828
2026-09-08,15:29,BAJAJCON,101.6078
2026-09-08,15:29,BAJAJFINSV,-4.771
2026-09-08,15:29,BAJAJHIND,20.9178
2026-09-08,15:29,BAJAJHLDNG,-0.1988
2026-09-08,15:29,BAJEL,10.2161
2026-09-08,15:29,BAJFINANCE,5.5789
2026-09-08,15:29,BALAMINES,123.4922
2026-09-08,15:29,BALKRISIND,-5.0103
2026-09-08,15:29,BALMLAWRIE,0.1135
2026-09-08,15:29,BALRAMCHIN,60.4171
2026-09-08,15:29,BANARISUG,3.9802
2026-09-08,15:29,BANDHANBNK,14.7769
2026-09-08,15:29,BANKINDIA,1.0618
2026-09-08,15:29,BANSALWIRE,0.4145
2026-09-08,15:29,BASF,-2.7565
2026-09-08,15:29,BBOX,50.994
2026-09-08,15:29,BCLIND,14.9425
2026-09-08,15:29,BEL,5.8119
2026-09-08,15:29,BELRISE,44.052
2026-09-08,15:29,BEML,23.3581
2026-09-08,15:29,BEPL,51.2487
2026-09-08,15:29,BETA,33.1632
2026-09-08,15:29,BFINVEST,9.2902
2026-09-08,15:29,BHAGCHEM,12.5472
2026-09-08,15:29,BHAGERIA,87.263
2026-09-08,15:29,BHAGYANGR,184.3002
2026-09-08,15:29,BHARATFORG,41.3645
2026-09-08,15:29,BHARATSE,28.1494
2026-09-08,15:29,BHARATWIRE,-2.8453
2026-09-08,15:29,BHEL,51.1187
2026-09-08,15:29,BIL,25.2808
2026-09-08,15:29,BIOCON,1.9226
2026-09-08,15:29,BIRLACABLE,154.0739
2026-09-08,15:29,BLISSGVS,402.8194
2026-09-08,15:29,BLKASHYAP,6.8272
2026-09-08,15:29,BLSE,51.1191
2026-09-08,15:29,BLUEJET,7.2878
2026-09-08,15:29,BLUESTONE,74.0882
2026-09-08,15:29,BLUSPRING,86.328
2026-09-08,15:29,BODALCHEM,247.9864
2026-09-08,15:29,BORANA,18.6758
2026-09-08,15:29,BORORENEW,-5.5363
2026-09-08,15:29,BOROSCI,6.3762
2026-09-08,15:29,BOSCH-HCIL,18.9813
2026-09-08,15:29,BOSCHLTD,34.6536
2026-09-08,15:29,BRIGADE,6.677
2026-09-08,15:29,BSE,30.2429
2026-09-08,15:29,CAMS,-3.2237
2026-09-08,15:29,CANHLIFE,23.9129
2026-09-08,15:29,CAPITALSFB,6.049
2026-09-08,15:29,CAPLIPOINT,42.3777
2026-09-08,15:29,CARBORUNIV,27.0977
2026-09-08,15:29,CARERATING,11.528
2026-09-08,15:29,CARTRADE,15.7943
2026-09-08,15:29,CARYSIL,27.3429
2026-09-08,15:29,CASTROLIND,3.7228
2026-09-08,15:29,CCL,15.1558
2026-09-08,15:29,CEIGALL,61.9782
2026-09-08,15:29,CEMPRO,57.4974
2026-09-08,15:29,CENTENKA,35.0602
2026-09-08,15:29,CENTUM,88.9888
2026-09-08,15:29,CERA,7.6413
2026-09-08,15:29,CGCL,49.5774
2026-09-08,15:29,CGPOWER,35.3094
2026-09-08,15:29,CHALET,2.1738
2026-09-08,15:29,CHAMBLFERT,-6.0902
2026-09-08,15:29,CHEMBONDCH,65.121
2026-09-08,15:29,CHEMCON,3.7226
2026-09-08,15:29,CHENNPETRO,59.1919
2026-09-08,15:29,CHEVIOT,15.2372
2026-09-08,15:29,CHOICEIN,-0.3768
2026-09-08,15:29,CHOLAFIN,6.2959
2026-09-08,15:29,CIEINDIA,-2.7767
2026-09-08,15:29,CLSEL,16.6826
2026-09-08,15:29,COALINDIA,10.1284
2026-09-08,15:29,COCHINSHIP,-2.0636
2026-09-08,15:29,COFFEEDAY,-2.2273
2026-09-08,15:29,COFORGE,4.4568
2026-09-08,15:29,COMSYN,113.684
2026-09-08,15:29,CONCOR,0.4804
2026-09-08,15:29,CONCORDBIO,6.6043
2026-09-08,15:29,CONFIPET,134.8804
2026-09-08,15:29,CONSOFINVT,83.0949
2026-09-08,15:29,CORONA,45.2502
2026-09-08,15:29,COSMOFIRST,30.6532
2026-09-08,15:29,CPPLUS,149.3195
2026-09-08,15:29,CRAFTSMAN,62.0401
2026-09-08,15:29,CREDITACC,12.656
2026-09-08,15:29,CREST,0.4296
2026-09-08,15:29,CRISIL,7.3081
2026-09-08,15:29,CUB,14.7127
2026-09-08,15:29,CUMMINSIND,12.1421
2026-09-08,15:29,CUPID,226.2495
2026-09-08,15:29,CYIENT,-5.5227
2026-09-08,15:29,CYIENTDLM,132.5512
2026-09-08,15:29,DALMIASUG,48.0197
2026-09-08,15:29,DATAPATTNS,91.0855
2026-09-08,15:29,DBOL,60.8879
2026-09-08,15:29,DCBBANK,37.266
2026-09-08,15:29,DCI,20.8317
2026-09-08,15:29,DCXINDIA,8.6365
2026-09-08,15:29,DDEVPLSTIK,-5.8196
2026-09-08,15:29,DEEDEV,214.6188
2026-09-08,15:29,DEEPAKFERT,10.1932
2026-09-08,15:29,DEEPAKNTR,3.2844
2026-09-08,15:29,DEEPINDS,80.6288
2026-09-08,15:29,DELHIVERY,13.2155
2026-09-08,15:29,DEVYANI,7.7878
2026-09-08,15:29,DHAMPURSUG,27.9588
2026-09-08,15:29,DHANBANK,24.44
2026-09-08,15:29,DHARMAJ,15.3863
2026-09-08,15:29,DIACABS,140.4018
2026-09-08,15:29,DIAMONDYD,2.7103
2026-09-08,15:29,DICIND,25.93
2026-09-08,15:29,DIFFNKG,41.4642
2026-09-08,15:29,DIVGIITTS,101.7986
2026-09-08,15:29,DIVISLAB,51.1325
2026-09-08,15:29,DIXON,3.4635
2026-09-08,15:29,DLF,-2.4352
2026-09-08,15:29,DLINKINDIA,4.5675
2026-09-08,15:29,DMART,-3.5418
2026-09-08,15:29,DMCC,10.4392
2026-09-08,15:29,DOLPHIN,64.4351
2026-09-08,15:29,DPABHUSHAN,-0.2967
2026-09-08,15:29,DREDGECORP,2.7421
2026-09-08,15:29,DSSL,6.4788
2026-09-08,15:29,DVL,3.8585
2026-09-08,15:29,DWARKESH,22.9113
2026-09-08,15:29,DYCL,37.3081
2026-09-08,15:29,DYNAMATECH,31.2783
2026-09-08,15:29,E2E,202.8044
2026-09-08,15:29,EBGNG,123.2422
2026-09-08,15:29,EDELWEISS,30.4021
2026-09-08,15:29,EICHERMOT,9.7146
2026-09-08,15:29,EIEL,-2.5335
2026-09-08,15:29,EIFFL,9.7081
2026-09-08,15:29,EIMCOELECO,43.9169
2026-09-08,15:29,ELECTCAST,7.3492
2026-09-08,15:29,ELECTHERM,13.8373
2026-09-08,15:29,ELGIEQUIP,33.3612
2026-09-08,15:29,EMAMIPAP,32.8744
2026-09-08,15:29,EMCURE,39.4093
2026-09-08,15:29,EMIL,69.7883
2026-09-08,15:29,EMKAY,-0.3821
2026-09-08,15:29,EMMVEE,77.7092
2026-09-08,15:29,ENDURANCE,4.7847
2026-09-08,15:29,ENGINERSIN,43.8063
2026-09-08,15:29,ENRIN,7.3931
2026-09-08,15:29,ENTERO,85.5139
2026-09-08,15:29,EPL,14.6435
2026-09-08,15:29,EQUITASBNK,24.3614
2026-09-08,15:29,ESABINDIA,0.2976
2026-09-08,15:29,ESAFSFB,58.4639
2026-09-08,15:29,ETERNAL,13.0603
2026-09-08,15:29,EVEREADY,5.6481
2026-09-08,15:29,EXCELINDUS,7.166
2026-09-08,15:29,EXICOM,47.515
2026-09-08,15:29,EXIDEIND,14.1706
2026-09-08,15:29,FAZE3Q,12.1434
2026-09-08,15:29,FCL,139.9015
2026-09-08,15:29,FEDERALBNK,31.2548
2026-09-08,15:29,FEDFINA,16.3358
2026-09-08,15:29,FILATEX,45.4338
2026-09-08,15:29,FINCABLES,67.0472
2026-09-08,15:29,FINEORG,20.3837
2026-09-08,15:29,FINPIPE,-5.5522
2026-09-08,15:29,FLUOROCHEM,32.7561
2026-09-08,15:29,FMGOETZE,3.5986
2026-09-08,15:29,FORCEMOT,1.7023
2026-09-08,15:29,FORTIS,3.7714
2026-09-08,15:29,FOSECOIND,20.2624
2026-09-08,15:29,FUSION,29.5755
2026-09-08,15:29,GABRIEL,42.5231
2026-09-08,15:29,GAEL,44.7983
2026-09-08,15:29,GAIL,4.0221
2026-09-08,15:29,GALAPREC,42.7953
2026-09-08,15:29,GALAXYSURF,13.3145
2026-09-08,15:29,GALLANTT,-5.5812
2026-09-08,15:29,GANDHAR,88.5667
2026-09-08,15:29,GANDHITUBE,16.7866
2026-09-08,15:29,GANECOS,13.0747
2026-09-08,15:29,GANESHBE,61.8988
2026-09-08,15:29,GARFIBRES,21.8067
2026-09-08,15:29,GAYAPROJ,171.4119
2026-09-08,15:29,GCSL,66.2036
2026-09-08,15:29,GEECEE,7.6227
2026-09-08,15:29,GEMAROMA,10.2213
2026-09-08,15:29,GENUSPOWER,10.4984
2026-09-08,15:29,GEOJITFSL,2.335
2026-09-08,15:29,GESHIP,25.2194
2026-09-08,15:29,GFLLIMITED,3.5094
2026-09-08,15:29,GHCLTEXTIL,78.7349
2026-09-08,15:29,GIPCL,35.43
2026-09-08,15:29,GLAND,77.7891
2026-09-08,15:29,GLAXO,13.2547
2026-09-08,15:29,GLENMARK,25.8327
2026-09-08,15:29,GLOBAL,40.9708
2026-09-08,15:29,GLOTTIS,-4.8785
2026-09-08,15:29,GMBREW,-4.9144
2026-09-08,15:29,GMDCLTD,9.09
2026-09-08,15:29,GMMPFAUDLR,22.1209
2026-09-08,15:29,GMRAIRPORT,-6.2983
2026-09-08,15:29,GNA,79.9675
2026-09-08,15:29,GNFC,19.7479
2026-09-08,15:29,GOCLCORP,43.8573
2026-09-08,15:29,GODREJAGRO,16.2582
2026-09-08,15:29,GODREJIND,12.7316
2026-09-08,15:29,GODREJPROP,-5.7818
2026-09-08,15:29,GOKEX,-5.0899
2026-09-08,15:29,GOKULAGRO,21.01
2026-09-08,15:29,GPIL,1.4032
2026-09-08,15:29,GPTHEALTH,14.4587
2026-09-08,15:29,GPTINFRA,6.0234
2026-09-08,15:29,GRANULES,55.9707
2026-09-08,15:29,GRAPHITE,36.6937
2026-09-08,15:29,GRASIM,18.138
2026-09-08,15:29,GREAVESCOT,6.8046
2026-09-08,15:29,GREENPLY,9.0528
2026-09-08,15:29,GRINDWELL,23.8838
2026-09-08,15:29,GROWW,35.3484
2026-09-08,15:29,GRPLTD,14.9041
2026-09-08,15:29,GRSE,10.2878
2026-09-08,15:29,GRWRHITECH,96.1063
2026-09-08,15:29,GUFICBIO,25.2097
2026-09-08,15:29,GUJALKALI,42.4819
2026-09-08,15:29,GUJTHEM,15.9355
2026-09-08,15:29,GVPIL,108.7814
2026-09-08,15:29,GVT&D,57.6502
2026-09-08,15:29,HAL,18.0621
2026-09-08,15:29,HAPPYFORGE,108.7123
2026-09-08,15:29,HARIOMPIPE,3.552
2026-09-08,15:29,HARSHA,25.5514
2026-09-08,15:29,HATSUN,20.257
2026-09-08,15:29,HCC,34.3468
2026-09-08,15:29,HCG,-4.2827
2026-09-08,15:29,HDFCAMC,-5.2792
2026-09-08,15:29,HEALTHX,0.0661
2026-09-08,15:29,HEMIPROP,-4.674
2026-09-08,15:29,HESTERBIO,46.0438
2026-09-08,15:29,HEXATRADEX,-2.7865
2026-09-08,15:29,HFCL,283.2493
2026-09-08,15:29,HIKAL,1.3388
2026-09-08,15:29,HINDALCO,20.528
2026-09-08,15:29,HINDCOMPOS,-5.1008
2026-09-08,15:29,HINDCOPPER,44.2474
2026-09-08,15:29,HINDOILEXP,23.7049
2026-09-08,15:29,HINDZINC,4.897
2026-09-08,15:29,HIRECT,78.6546
2026-09-08,15:29,HITECHCORP,94.7536
2026-09-08,15:29,HMT,41.0145
2026-09-08,15:29,HMVL,25.1412
2026-09-08,15:29,HNDFDS,17.7415
2026-09-08,15:29,HOMEFIRST,4.697
2026-09-08,15:29,HONASA,83.1666
2026-09-08,15:29,HONAUT,3.0873
2026-09-08,15:29,HSCL,42.6611
2026-09-08,15:29,HTMEDIA,14.2536
2026-09-08,15:29,HUHTAMAKI,19.188
2026-09-08,15:29,HYUNDAI,-2.1466
2026-09-08,15:29,IBULLSLTD,45.3782
2026-09-08,15:29,ICEMAKE,-4.4482
2026-09-08,15:29,ICICIBANK,2.4451
2026-09-08,15:29,ICIL,62.0597
2026-09-08,15:29,IDEAFORGE,84.2424
2026-09-08,15:29,IDFCFIRSTB,3.6425
2026-09-08,15:29,IFCI,93.3403
2026-09-08,15:29,IFGLEXPOR,-4.9715
2026-09-08,15:29,IGARASHI,-6.1003
2026-09-08,15:29,IGIL,-0.5005
2026-09-08,15:29,IGPL,45.8094
2026-09-08,15:29,IIFL,10.817
2026-09-08,15:29,IIFLCAPS,7.4221
2026-09-08,15:29,IKIO,23.1808
2026-09-08,15:29,IKS,5.9524
2026-09-08,15:29,IMAGICAA,8.9908
2026-09-08,15:29,IMPAL,11.9048
2026-09-08,15:29,INDGN,12.2393
2026-09-08,15:29,INDHOTEL,-0.7239
2026-09-08,15:29,INDIANB,11.2203
2026-09-08,15:29,INDIANHUME,-3.8328
2026-09-08,15:29,INDIGO,0.5227
2026-09-08,15:29,INDIGOPNTS,-6.4638
2026-09-08,15:29,INDIQUBE,0.0244
2026-09-08,15:29,INDNIPPON,41.5169
2026-09-08,15:29,INDOAMIN,6.5761
2026-09-08,15:29,INDOBORAX,88.4472
2026-09-08,15:29,INDOCO,-0.2451
2026-09-08,15:29,INDORAMA,58.4196
2026-09-08,15:29,INDOSTAR,2.7603
2026-09-08,15:29,INDOTECH,130.4882
2026-09-08,15:29,INDSWFTLAB,306.9377
2026-09-08,15:29,INDUSINDBK,18.064
2026-09-08,15:29,INGERRAND,34.4172
2026-09-08,15:29,INNOVACAP,67.8556
2026-09-08,15:29,INOXINDIA,95.7509
2026-09-08,15:29,IOLCP,158.0795
2026-09-08,15:29,IONEXCHANG,8.8903
2026-09-08,15:29,IPCALAB,37.4607
2026-09-08,15:29,IRISDOREME,64.6713
2026-09-08,15:29,IRMENERGY,-0.3882
2026-09-08,15:29,ISGEC,-4.4163
2026-09-08,15:29,ITDC,16.8009
2026-09-08,15:29,IZMO,13.2259
2026-09-08,15:29,J&KBANK,47.0153
2026-09-08,15:29,JAGSNPHARM,20.0788
2026-09-08,15:29,JAIBALAJI,8.0401
2026-09-08,15:29,JAMNAAUTO,1.0345
2026-09-08,15:29,JASH,19.7922
2026-09-08,15:29,JAYAGROGN,22.9827
2026-09-08,15:29,JAYBARMARU,36.4808
2026-09-08,15:29,JAYNECOIND,24.7489
2026-09-08,15:29,JBMA,9.3178
2026-09-08,15:29,JGCHEM,69.0967
2026-09-08,15:29,JINDALPOLY,39.5083
2026-09-08,15:29,JINDALSAW,88.6885
2026-09-08,15:29,JINDALSTEL,12.3714
2026-09-08,15:29,JINDRILL,31.9323
2026-09-08,15:29,JINDWORLD,87.1587
2026-09-08,15:29,JITFINFRA,10.0934
2026-09-08,15:29,JKPAPER,13.6563
2026-09-08,15:29,JNKINDIA,94.5585
2026-09-08,15:29,JSFB,25.9302
2026-09-08,15:29,JSWCEMENT,-0.0329
2026-09-08,15:29,JSWENERGY,10.0313
2026-09-08,15:29,JSWINFRA,21.5449
2026-09-08,15:29,JSWSTEEL,19.8319
2026-09-08,15:29,JTLIND,47.2135
2026-09-08,15:29,JUBLCPL,-3.7394
2026-09-08,15:29,JUBLINGREA,-3.5079
2026-09-08,15:29,JUBLPHARMA,-6.0145
2026-09-08,15:29,JUSTDIAL,-2.0597
2026-09-08,15:29,JYOTICNC,9.8147
2026-09-08,15:29,KABRAEXTRU,193.2151
2026-09-08,15:29,KAJARIACER,14.887
2026-09-08,15:29,KALYANKJIL,27.8647
2026-09-08,15:29,KAMATHOTEL,-0.3006
2026-09-08,15:29,KAMDHENU,63.5514
2026-09-08,15:29,KANORICHEM,107.9571
2026-09-08,15:29,KANPRPLA,22.7999
2026-09-08,15:29,KAPSTON,182.3498
2026-09-08,15:29,KARURVYSYA,39.103
2026-09-08,15:29,KAYA,3.7598
2026-09-08,15:29,KDDL,70.6338
2026-09-08,15:29,KECL,17.9897
2026-09-08,15:29,KEI,13.0212
2026-09-08,15:29,KENNAMET,72.9296
2026-09-08,15:29,KERNEX,66.5225
2026-09-08,15:29,KICL,4.3408
2026-09-08,15:29,KILITCH,11.4816
2026-09-08,15:29,KIMS,16.4952
2026-09-08,15:29,KINGFA,58.0201
2026-09-08,15:29,KIOCL,11.5186
2026-09-08,15:29,KIRIINDUS,2.5815
2026-09-08,15:29,KIRLFER,-4.5058
2026-09-08,15:29,KIRLOSBROS,12.4985
2026-09-08,15:29,KIRLOSENG,85.2172
2026-09-08,15:29,KIRLOSIND,8.9788
2026-09-08,15:29,KKCL,0.3
2026-09-08,15:29,KMEW,61.066
2026-09-08,15:29,KNAGRI,-1.1727
2026-09-08,15:29,KOLTEPATIL,15.4821
2026-09-08,15:29,KOPRAN,83.7297
2026-09-08,15:29,KOTAKBANK,-3.9475
2026-09-08,15:29,KOTHARIPET,14.3344
2026-09-08,15:29,KOVAI,171.2113
2026-09-08,15:29,KPIL,20.7135
2026-09-08,15:29,KPRMILL,16.9139
2026-09-08,15:29,KRBL,9.8636
2026-09-08,15:29,KRISHANA,69.9285
2026-09-08,15:29,KRN,121.8481
2026-09-08,15:29,KRONOX,21.6421
2026-09-08,15:29,KROSS,17.836
2026-09-08,15:29,KRYSTAL,27.9534
2026-09-08,15:29,KSB,11.4862
2026-09-08,15:29,KSL,24.0079
2026-09-08,15:29,KSOLVES,-6.2402
2026-09-08,15:29,KTKBANK,68.4558
2026-09-08,15:29,LALPATHLAB,35.054
2026-09-08,15:29,LANDMARK,-3.2825
2026-09-08,15:29,LAURUSLABS,94.4372
2026-09-08,15:29,LAXMIINDIA,0.6348
2026-09-08,15:29,LENSKART,71.7477
2026-09-08,15:29,LGEINDIA,7.6963
2026-09-08,15:29,LICHSGFIN,7.0749
2026-09-08,15:29,LICI,-3.8619
2026-09-08,15:29,LIKHITHA,10.3786
2026-09-08,15:29,LINCOLN,31.0394
2026-09-08,15:29,LINDEINDIA,5.5592
2026-09-08,15:29,LLOYDSENGG,50.6907
2026-09-08,15:29,LLOYDSENT,9.662
2026-09-08,15:29,LLOYDSME,37.4036
2026-09-08,15:29,LMW,22.3882
2026-09-08,15:29,LODHA,12.7022
2026-09-08,15:29,LOKESHMACH,119.1079
2026-09-08,15:29,LOTUSDEV,27.1733
2026-09-08,15:29,LT,-2.8963
2026-09-08,15:29,LTF,2.4934
2026-09-08,15:29,LTFOODS,13.4297
2026-09-08,15:29,LUMAXIND,11.6614
2026-09-08,15:29,LUMAXTECH,30.5152
2026-09-08,15:29,LUPIN,0.6744
2026-09-08,15:29,LUXIND,1.2018
2026-09-08,15:29,LXCHEM,7.2479
2026-09-08,15:29,M&MFIN,9.5872
2026-09-08,15:29,MACPOWER,86.6448
2026-09-08,15:29,MAGADSUGAR,9.9561
2026-09-08,15:29,MAHABANK,50.0177
2026-09-08,15:29,MAHASTEEL,57.815
2026-09-08,15:29,MAHLOG,28.3673
2026-09-08,15:29,MAHSCOOTER,-5.9011
2026-09-08,15:29,MAHSEAMLES,20.501
2026-09-08,15:29,MAITHANALL,12.2844
2026-09-08,15:29,MAMATA,0.4128
2026-09-08,15:29,MANAKSTEEL,80.3457
2026-09-08,15:29,MANALIPETC,47.6479
2026-09-08,15:29,MANAPPURAM,14.6384
2026-09-08,15:29,MANBA,-4.229
2026-09-08,15:29,MANGLMCEM,39.8947
2026-09-08,15:29,MANINDS,93.3412
2026-09-08,15:29,MANINFRA,-0.545
2026-09-08,15:29,MANKIND,9.6391
2026-09-08,15:29,MANORAMA,57.2239
2026-09-08,15:29,MANYAVAR,-2.7927
2026-09-08,15:29,MARICO,11.5187
2026-09-08,15:29,MARINE,104.1221
2026-09-08,15:29,MARKSANS,79.6545
2026-09-08,15:29,MATRIMONY,-0.6258
2026-09-08,15:29,MAWANASUG,71.2449
2026-09-08,15:29,MAXESTATES,19.4429
2026-09-08,15:29,MAYURUNIQ,52.5178
2026-09-08,15:29,MAZDA,26.6309
2026-09-08,15:29,MAZDOCK,2.4252
2026-09-08,15:29,MBAPL,102.1025
2026-09-08,15:29,MCLOUD,-3.0303
2026-09-08,15:29,MCX,64.4038
2026-09-08,15:29,MEDANTA,25.3268
2026-09-08,15:29,MEESHO,17.067
2026-09-08,15:29,MENONBE,173.7233
2026-09-08,15:29,METROPOLIS,21.8043
2026-09-08,15:29,MGL,-0.8716
2026-09-08,15:29,MIDHANI,59.7455
2026-09-08,15:29,MINDACORP,18.4844
2026-09-08,15:29,MMFL,69.2826
2026-09-08,15:29,MMP,91.5916
2026-09-08,15:29,MMTC,15.1421
2026-09-08,15:29,MODIS,10.5882
2026-09-08,15:29,MODISONLTD,259.348
2026-09-08,15:29,MOL,3.5068
2026-09-08,15:29,MOLDTECH,33.0104
2026-09-08,15:29,MOLDTKPAC,21.8002
2026-09-08,15:29,MONARCH,24.5563
2026-09-08,15:29,MOREPENLAB,186.4548
2026-09-08,15:29,MOSCHIP,7.1514
2026-09-08,15:29,MOTHERSON,37.0327
2026-09-08,15:29,MOTILALOFS,26.1321
2026-09-08,15:29,MPSLTD,37.2012
2026-09-08,15:29,MRPL,16.3069
2026-09-08,15:29,MSPL,-2.8357
2026-09-08,15:29,MSTCLTD,64.5461
2026-09-08,15:29,MTARTECH,227.5724
2026-09-08,15:29,MUFIN,20.6328
2026-09-08,15:29,MUKANDLTD,4.6049
2026-09-08,15:29,MUKKA,26.0566
2026-09-08,15:29,MUNJALAU,43.4932
2026-09-08,15:29,MUNJALSHOW,5.5674
2026-09-08,15:29,MUTHOOTMF,14.3789
2026-09-08,15:29,MVGJL,16.4971
2026-09-08,15:29,NACLIND,-3.4425
2026-09-08,15:29,NAHARINDUS,26.8975
2026-09-08,15:29,NAHARPOLY,-3.0383
2026-09-08,15:29,NAHARSPING,40.3256
2026-09-08,15:29,NAM-INDIA,37.049
2026-09-08,15:29,NATIONALUM,34.0256
2026-09-08,15:29,NAUKRI,-4.076
2026-09-08,15:29,NAVA,-2.5138
2026-09-08,15:29,NAVINFLUOR,44.7927
2026-09-08,15:29,NAVKARCORP,-1.1167
2026-09-08,15:29,NAZARA,50.1223
2026-09-08,15:29,NCC,-5.8283
2026-09-08,15:29,NELCAST,6.0758
2026-09-08,15:29,NELCO,30.111
2026-09-08,15:29,NEOGEN,94.7892
2026-09-08,15:29,NESTLEIND,12.8889
2026-09-08,15:29,NETWEB,55.1398
2026-09-08,15:29,NEULANDLAB,48.8247
2026-09-08,15:29,NGLFINE,111.3191
2026-09-08,15:29,NH,0.2377
2026-09-08,15:29,NHPC,-0.1447
2026-09-08,15:29,NIACL,23.3219
2026-09-08,15:29,NIBE,11.404
2026-09-08,15:29,NIITLTD,8.0707
2026-09-08,15:29,NILKAMAL,50.556
2026-09-08,15:29,NINSYS,74.0763
2026-09-08,15:29,NITCO,1.191
2026-09-08,15:29,NITINSPIN,105.5216
2026-09-08,15:29,NIVABUPA,3.9757
2026-09-08,15:29,NLCINDIA,13.2252
2026-09-08,15:29,NMDC,9.7991
2026-09-08,15:29,NOCIL,19.1233
2026-09-08,15:29,NORTHARC,22.3819
2026-09-08,15:29,NOVARTIND,126.1528
2026-09-08,15:29,NPST,18.8794
2026-09-08,15:29,NRAIL,34.9707
2026-09-08,15:29,NRBBEARING,71.8498
2026-09-08,15:29,NRL,124.1196
2026-09-08,15:29,NSLNISP,11.5737
2026-09-08,15:29,NTPC,3.053
2026-09-08,15:29,NTPCGREEN,-2.0272
2026-09-08,15:29,NUVAMA,27.7051
2026-09-08,15:29,NUVOCO,-5.2022
2026-09-08,15:29,NYKAA,37.8892
2026-09-08,15:29,OAL,75.4337
2026-09-08,15:29,OBEROIRLTY,12.7244
2026-09-08,15:29,OCCLLTD,74.8409
2026-09-08,15:29,OFSS,50.4758
2026-09-08,15:29,OIL,23.3259
2026-09-08,15:29,OLAELEC,9.1357
2026-09-08,15:29,OLECTRA,1.3613
2026-09-08,15:29,OMAXE,95.7349
2026-09-08,15:29,ONEPOINT,7.7217
2026-09-08,15:29,ONESOURCE,-0.8599
2026-09-08,15:29,ONGC,1.6321
2026-09-08,15:29,ONIDA,47.4131
2026-09-08,15:29,ONWARDTEC,4.9102
2026-09-08,15:29,OPTIEMUS,4.5574
2026-09-08,15:29,ORBTEXP,21.7296
2026-09-08,15:29,ORCHPHARMA,16.3895
2026-09-08,15:29,ORIENTBELL,55.9483
2026-09-08,15:29,ORIENTCER,8.8797
2026-09-08,15:29,ORIENTELEC,-4.1603
2026-09-08,15:29,ORIENTHOT,35.9582
2026-09-08,15:29,ORKLAINDIA,-3.9958
2026-09-08,15:29,PAGEIND,-1.2103
2026-09-08,15:29,PAISALO,107.5855
2026-09-08,15:29,PANACEABIO,11.527
2026-09-08,15:29,PANACHE,51.6471
2026-09-08,15:29,PANAMAPET,76.8808
2026-09-08,15:29,PANSARI,-5.5844
2026-09-08,15:29,PARACABLES,91.7523
2026-09-08,15:29,PARADEEP,-0.461
2026-09-08,15:29,PARAS,131.8662
2026-09-08,15:29,PASHUPATI,-1.782
2026-09-08,15:29,PASUPTAC,23.1334
2026-09-08,15:29,PATELRMART,4.593
2026-09-08,15:29,PAUSHAKLTD,25.7054
2026-09-08,15:29,PAYTM,30.3262
2026-09-08,15:29,PCBL,5.7575
2026-09-08,15:29,PDMJEPAPER,1.3533
2026-09-08,15:29,PDSL,-3.3771
2026-09-08,15:29,PETRONET,7.9713
2026-09-08,15:29,PFC,5.8754
2026-09-08,15:29,PFOCUS,47.074
2026-09-08,15:29,PGEL,-3.0213
2026-09-08,15:29,PGHL,-1.4424
2026-09-08,15:29,PGIL,44.7584
2026-09-08,15:29,PHOENIXLTD,5.8394
2026-09-08,15:29,PICCADIL,9.0828
2026-09-08,15:29,PIDILITIND,8.1393
2026-09-08,15:29,PITTIENG,46.0929
2026-09-08,15:29,PIXTRANS,17.9452
2026-09-08,15:29,PLASTIBLEN,16.9746
2026-09-08,15:29,PNB,-0.8801
2026-09-08,15:29,PNBGILTS,1.4355
2026-09-08,15:29,PNBHOUSING,27.7753
2026-09-08,15:29,PNGJL,3.8997
2026-09-08,15:29,POKARNA,-5.6322
2026-09-08,15:29,POLICYBZR,0.3021
2026-09-08,15:29,POLYCAB,13.7472
2026-09-08,15:29,POLYPLEX,42.383
2026-09-08,15:29,POONAWALLA,2.9744
2026-09-08,15:29,POWERGRID,2.0741
2026-09-08,15:29,POWERINDIA,61.1542
2026-09-08,15:29,POWERMECH,4.8312
2026-09-08,15:29,PPL,11.0638
2026-09-08,15:29,PPLPHARMA,34.4128
2026-09-08,15:29,PRABHA,36.0247
2026-09-08,15:29,PRAJIND,-1.8395
2026-09-08,15:29,PRAKASH,-4.3001
2026-09-08,15:29,PRECOT,53.8236
2026-09-08,15:29,PRECWIRE,104.297
2026-09-08,15:29,PREMEXPLN,37.8279
2026-09-08,15:29,PREMIERENE,8.5282
2026-09-08,15:29,PREMIERPOL,119.0614
2026-09-08,15:29,PRESTIGE,-4.0727
2026-09-08,15:29,PRICOLLTD,19.9557
2026-09-08,15:29,PRIMESECU,0.9209
2026-09-08,15:29,PRINCEPIPE,12.7886
2026-09-08,15:29,PRIVISCL,13.3153
2026-09-08,15:29,PRUDENT,22.3998
2026-09-08,15:29,PSPPROJECT,-0.2904
2026-09-08,15:29,PTC,-3.3592
2026-09-08,15:29,PTCIL,35.3371
2026-09-08,15:29,PTL,-2.7581
2026-09-08,15:29,PVP,89.0528
2026-09-08,15:29,PVRINOX,14.0304
2026-09-08,15:29,QPOWER,123.7156
2026-09-08,15:29,QUADFUTURE,67.1088
2026-09-08,15:29,QUESS,61.0056
2026-09-08,15:29,RACLGEAR,45.4391
2026-09-08,15:29,RADHIKAJWE,19.3001
2026-09-08,15:29,RADICO,41.5139
2026-09-08,15:29,RAIN,95.6084
2026-09-08,15:29,RAINBOW,8.5986
2026-09-08,15:29,RAJRATAN,7.3698
2026-09-08,15:29,RAJRILTD,-5.7004
2026-09-08,15:29,RAMCOIND,3.3098
2026-09-08,15:29,RAMCOSYS,-0.4657
2026-09-08,15:29,RAMRAT,72.7923
2026-09-08,15:29,RANEHOLDIN,27.2413
2026-09-08,15:29,RATEGAIN,30.0128
2026-09-08,15:29,RATNAMANI,20.2831
2026-09-08,15:29,RATNAVEER,83.7251
2026-09-08,15:29,RAYMOND,92.9809
2026-09-08,15:29,RAYMONDREL,22.4254
2026-09-08,15:29,RBA,49.3279
2026-09-08,15:29,RBLBANK,39.1753
2026-09-08,15:29,RBZJEWEL,29.3311
2026-09-08,15:29,RECLTD,-5.2326
2026-09-08,15:29,REDINGTON,37.6889
2026-09-08,15:29,REGAAL,18.5175
2026-09-08,15:29,RELIGARE,11.5927
2026-09-08,15:29,RELTD,-2.024
2026-09-08,15:29,RENUKA,-4.5833
2026-09-08,15:29,RGL,16.7497
2026-09-08,15:29,RHETAN,13.6364
2026-09-08,15:29,RICOAUTO,7.8364
2026-09-08,15:29,RISHABH,104.7106
2026-09-08,15:29,RITCO,12.7257
2026-09-08,15:29,RITES,-5.4055
2026-09-08,15:29,RKFORGE,36.188
2026-09-08,15:29,RML,88.3852
2026-09-08,15:29,ROLEXRINGS,32.8288
2026-09-08,15:29,ROSSTECH,85.7274
2026-09-08,15:29,ROTO,5.0739
2026-09-08,15:29,RPEL,76.0008
2026-09-08,15:29,RPGLIFE,20.7133
2026-09-08,15:29,RPSGVENT,7.7768
2026-09-08,15:29,RPTECH,134.1683
2026-09-08,15:29,RRKABEL,70.0347
2026-09-08,15:29,RSWM,49.7081
2026-09-08,15:29,RUBICON,189.8808
2026-09-08,15:29,RUBYMILLS,101.8287
2026-09-08,15:29,SAATVIKGL,8.039
2026-09-08,15:29,SAIL,43.5071
2026-09-08,15:29,SAILIFE,83.1536
2026-09-08,15:29,SAKAR,178.9664
2026-09-08,15:29,SALSTEEL,107.7485
2026-09-08,15:29,SAMBHV,36.0148
2026-09-08,15:29,SAMMAANCAP,4.1596
2026-09-08,15:29,SANATHAN,4.8468
2026-09-08,15:29,SANDESH,-2.8109
2026-09-08,15:29,SANDHAR,13.5309
2026-09-08,15:29,SANDUMA,-4.5128
2026-09-08,15:29,SANGAMIND,31.6237
2026-09-08,15:29,SANGHVIMOV,39.9524
2026-09-08,15:29,SANSERA,136.4777
2026-09-08,15:29,SANSTAR,20.7269
2026-09-08,15:29,SAPPHIRE,-1.3066
2026-09-08,15:29,SARDAEN,2.4537
2026-09-08,15:29,SAREGAMA,31.0399
2026-09-08,15:29,SARLAPOLY,19.8134
2026-09-08,15:29,SASKEN,56.4244
2026-09-08,15:29,SATIA,2.0307
2026-09-08,15:29,SATIN,54.0407
2026-09-08,15:29,SBC,64.2205
2026-09-08,15:29,SBCL,146.0648
2026-09-08,15:29,SBIN,4.8744
2026-09-08,15:29,SCHAEFFLER,3.0032
2026-09-08,15:29,SCHNEIDER,73.5394
2026-09-08,15:29,SCI,33.3718
2026-09-08,15:29,SCPL,120.6304
2026-09-08,15:29,SEAMECLTD,82.3445
2026-09-08,15:29,SENCO,13.7714
2026-09-08,15:29,SENORES,83.8753
2026-09-08,15:29,SERVOTECH,0.0253
2026-09-08,15:29,SESHAPAPER,0.5647
2026-09-08,15:29,SETL,163.7413
2026-09-08,15:29,SFL,19.3942
2026-09-08,15:29,SGFIN,72.7517
2026-09-08,15:29,SGIL,11.8184
2026-09-08,15:29,SGMART,139.5679
2026-09-08,15:29,SHAILY,44.668
2026-09-08,15:29,SHALPAINTS,46.5761
2026-09-08,15:29,SHANTIGEAR,48.9317
2026-09-08,15:29,SHANTIGOLD,36.2797
2026-09-08,15:29,SHARDAMOTR,-4.6459
2026-09-08,15:29,SHAREINDIA,-4.9814
2026-09-08,15:29,SHILCTECH,4.2646
2026-09-08,15:29,SHILPAMED,195.263
2026-09-08,15:29,SHIVAUM,62.9682
2026-09-08,15:29,SHREEJISPG,111.0322
2026-09-08,15:29,SHREEPUSHK,34.2767
2026-09-08,15:29,SHRINGARMS,8.8615
2026-09-08,15:29,SHRIPISTON,43.515
2026-09-08,15:29,SHRIRAMFIN,21.2871
2026-09-08,15:29,SHYAMMETL,34.0478
2026-09-08,15:29,SICALLOG,19.8235
2026-09-08,15:29,SIEMENS,24.9858
2026-09-08,15:29,SIGACHI,0.8135
2026-09-08,15:29,SIGMAADV,337.7817
2026-09-08,15:29,SIGNPOST,19.8577
2026-09-08,15:29,SILVERTUC,83.4017
2026-09-08,15:29,SIMPLEXINF,-2.7211
2026-09-08,15:29,SINDHUTRAD,15.6872
2026-09-08,15:29,SIS,29.5623
2026-09-08,15:29,SJS,37.9585
2026-09-08,15:29,SKFINDUS,18.9993
2026-09-08,15:29,SKIPPER,37.9177
2026-09-08,15:29,SKMEGGPROD,17.5093
2026-09-08,15:29,SKYGOLD,152.8913
2026-09-08,15:29,SMARTWORKS,17.0249
2026-09-08,15:29,SMCGLOBAL,-3.3862
2026-09-08,15:29,SMLMAH,71.9784
2026-09-08,15:29,SMSPHARMA,26.2534
2026-09-08,15:29,SOFTTECH,33.6792
2026-09-08,15:29,SOLARA,19.7611
2026-09-08,15:29,SOLARINDS,88.4125
2026-09-08,15:29,SOMANYCERA,35.3826
2026-09-08,15:29,SONACOMS,65.7903
2026-09-08,15:29,SOTL,86.2121
2026-09-08,15:29,SOUTHBANK,19.4997
2026-09-08,15:29,SOUTHWEST,21.6881
2026-09-08,15:29,SPAL,44.7158
2026-09-08,15:29,SPARC,53.0071
2026-09-08,15:29,SPECIALITY,14.9313
2026-09-08,15:29,SPECTRUM,124.6881
2026-09-08,15:29,SPLPETRO,28.6935
2026-09-08,15:29,SPMLINFRA,-2.7309
2026-09-08,15:29,SPORTKING,143.9466
2026-09-08,15:29,SREEL,31.6136
2026-09-08,15:29,SRHHYPOLTD,-0.9011
2026-09-08,15:29,SSWL,93.6874
2026-09-08,15:29,STALLION,3.432
2026-09-08,15:29,STAR,35.9826
2026-09-08,15:29,STARHEALTH,23.9788
2026-09-08,15:29,STCINDIA,-4.058
2026-09-08,15:29,STEELCAS,58.7514
2026-09-08,15:29,STEL,8.9394
2026-09-08,15:29,STLNETWORK,38.806
2026-09-08,15:29,STLTECH,752.227
2026-09-08,15:29,STOVEKRAFT,41.7152
2026-09-08,15:29,STYL,34.2497
2026-09-08,15:29,STYLAMIND,51.7715
2026-09-08,15:29,STYLEBAAZA,40.2499
2026-09-08,15:29,STYRENIX,3.6055
2026-09-08,15:29,SUDARSCHEM,27.0487
2026-09-08,15:29,SUDEEPPHRM,102.2418
2026-09-08,15:29,SUKHJITS,10.7744
2026-09-08,15:29,SUMICHEM,6.7676
2026-09-08,15:29,SUNCLAY,5.3601
2026-09-08,15:29,SUNDARMFIN,-1.11
2026-09-08,15:29,SUNDRMFAST,33.5248
2026-09-08,15:29,SUNFLAG,31.5063
2026-09-08,15:29,SUNPHARMA,5.8721
2026-09-08,15:29,SUPRAJIT,3.3239
2026-09-08,15:29,SUPREMEIND,4.322
2026-09-08,15:29,SUPREMEINF,-5.4024
2026-09-08,15:29,SUPRIYA,25.5863
2026-09-08,15:29,SURAKSHA,19.0618
2026-09-08,15:29,SURYODAY,14.1026
2026-09-08,15:29,SUTLEJTEX,24.235
2026-09-08,15:29,SUVEN,114.7834
2026-09-08,15:29,SUYOG,9.7923
2026-09-08,15:29,SVLL,8.7746
2026-09-08,15:29,SWANDEF,1041.0722
2026-09-08,15:29,SWARAJENG,-1.6994
2026-09-08,15:29,SYNCOMF,41.5935
2026-09-08,15:29,SYRMA,128.0309
2026-09-08,15:29,TALBROAUTO,46.6367
2026-09-08,15:29,TARIL,2.2364
2026-09-08,15:29,TARSONS,40.5689
2026-09-08,15:29,TASTYBITE,21.0517
2026-09-08,15:29,TATACAP,12.8295
2026-09-08,15:29,TATACOMM,-3.9456
2026-09-08,15:29,TATAPOWER,-3.7646
2026-09-08,15:29,TATASTEEL,8.432
2026-09-08,15:29,TATATECH,22.78
2026-09-08,15:29,TATVA,17.8591
2026-09-08,15:29,TBOTEK,-0.5458
2026-09-08,15:29,TBZ,242.1231
2026-09-08,15:29,TCIEXP,-6.1226
2026-09-08,15:29,TCPLPACK,27.861
2026-09-08,15:29,TDPOWERSYS,11.5577
2026-09-08,15:29,TECHM,-1.2166
2026-09-08,15:29,TEJASNET,26.0387
2026-09-08,15:29,TENNIND,14.2578
2026-09-08,15:29,TEXINFRA,14.6418
2026-09-08,15:29,TFCILTD,117.9947
2026-09-08,15:29,THANGAMAYL,66.9259
2026-09-08,15:29,THEJO,33.5733
2026-09-08,15:29,THELEELA,31.0386
2026-09-08,15:29,THEMISMED,28.6451
2026-09-08,15:29,THERMAX,25.8268
2026-09-08,15:29,THYROCARE,24.0227
2026-09-08,15:29,TI,21.8376
2026-09-08,15:29,TIIL,44.6999
2026-09-08,15:29,TIINDIA,0.6216
2026-09-08,15:29,TIL,-6.4427
2026-09-08,15:29,TIMETECHNO,0.5715
2026-09-08,15:29,TIMKEN,0.4571
2026-09-08,15:29,TINNARUBR,29.0445
2026-09-08,15:29,TIPSMUSIC,16.5658
2026-09-08,15:29,TIRUPATIFL,116.3782
2026-09-08,15:29,TITAGARH,11.5219
2026-09-08,15:29,TITAN,26.9118
2026-09-08,15:29,TMB,82.4948
2026-09-08,15:29,TMCV,17.7359
2026-09-08,15:29,TNPETRO,31.5501
2026-09-08,15:29,TNPL,11.9503
2026-09-08,15:29,TORNTPHARM,31.7362
2026-09-08,15:29,TORNTPOWER,-0.8586
2026-09-08,15:29,TPLPLASTEH,-0.5582
2026-09-08,15:29,TRAVELFOOD,3.2271
2026-09-08,15:29,TREL,-5.9486
2026-09-08,15:29,TRENT,1.9886
2026-09-08,15:29,TRITURBINE,10.1081
2026-09-08,15:29,TRUALT,-1.6793
2026-09-08,15:29,TTKHLTCARE,13.1054
2026-09-08,15:29,TVSHLTD,-5.7227
2026-09-08,15:29,TVSMOTOR,14.1894
2026-09-08,15:29,TVSSCS,20.1643
2026-09-08,15:29,TVSSRICHAK,26.6844
2026-09-08,15:29,UDS,23.276
2026-09-08,15:29,UEL,92.4027
2026-09-08,15:29,UFBL,292.0669
2026-09-08,15:29,UFLEX,46.491
2026-09-08,15:29,UGARSUGAR,19.3772
2026-09-08,15:29,UJJIVANSFB,20.267
2026-09-08,15:29,ULTRACEMCO,-4.5021
2026-09-08,15:29,UNICHEMLAB,19.5481
2026-09-08,15:29,UNIMECH,79.4516
2026-09-08,15:29,UNIONBANK,19.5953
2026-09-08,15:29,UNIPARTS,80.1946
2026-09-08,15:29,UNITDSPR,-0.7855
2026-09-08,15:29,UNITEDPOLY,30.8657
2026-09-08,15:29,UNIVASTU,139.7992
2026-09-08,15:29,UNIVCABLES,70.044
2026-09-08,15:29,UNIVPHOTO,124.5483
2026-09-08,15:29,UNOMINDA,-1.5911
2026-09-08,15:29,URBANCO,40.98
2026-09-08,15:29,USHAMART,9.6884
2026-09-08,15:29,UTLSOLAR,117.4369
2026-09-08,15:29,UTTAMSUGAR,14.3249
2026-09-08,15:29,V2RETAIL,-0.4206
2026-09-08,15:29,VADILALIND,50.1046
2026-09-08,15:29,VALIANTLAB,74.9655
2026-09-08,15:29,VALIANTORG,28
2026-09-08,15:29,VARROC,34.4066
2026-09-08,15:29,VEDL,32.0196
2026-09-08,15:29,VENKEYS,18.697
2026-09-08,15:29,VENUSPIPES,58.1556
2026-09-08,15:29,VENUSREM,106.0606
2026-09-08,15:29,VERANDA,24.2287
2026-09-08,15:29,VGUARD,1.0873
2026-09-08,15:29,VHL,1.125
2026-09-08,15:29,VIDHIING,6.6417
2026-09-08,15:29,VIDYAWIRES,75.9281
2026-09-08,15:29,VIJAYA,53.5318
2026-09-08,15:29,VIMTALABS,4.1438
2026-09-08,15:29,VINCOFE,10.5299
2026-09-08,15:29,VINDHYATEL,96.9197
2026-09-08,15:29,VISAKAIND,41.4553
2026-09-08,15:29,VISHNU,44.1478
2026-09-08,15:29,VIYASH,24.3355
2026-09-08,15:29,VMART,9.2396
2026-09-08,15:29,VOLTAMP,42.5883
2026-09-08,15:29,VRLLOG,8.9577
2026-09-08,15:29,VSSL,24.0132
2026-09-08,15:29,VTL,31.1637
2026-09-08,15:29,WABAG,56.3322
2026-09-08,15:29,WALCHANNAG,31.3628
2026-09-08,15:29,WANBURY,3.5968
2026-09-08,15:29,WELCORP,223.2405
2026-09-08,15:29,WELENT,54.9931
2026-09-08,15:29,WELINV,62.23
2026-09-08,15:29,WELSPUNLIV,53.2625
2026-09-08,15:29,WENDT,2.9155
2026-09-08,15:29,WESTLIFE,1.3749
2026-09-08,15:29,WEWORK,14.1452
2026-09-08,15:29,WHEELS,142.6588
2026-09-08,15:29,WINDLAS,48.9893
2026-09-08,15:29,WINDMACHIN,12.4356
2026-09-08,15:29,WOCKPHARMA,63.8668
2026-09-08,15:29,WONDERLA,-2.803
2026-09-08,15:29,WSTCSTPAPR,66.8381
2026-09-08,15:29,XPROINDIA,41.072
2026-09-08,15:29,YASHO,172.5202
2026-09-08,15:29,YATHARTH,39.4837
2026-09-08,15:29,YESBANK,4.7442
2026-09-08,15:29,YUKEN,18.7106
2026-09-08,15:29,ZENTEC,33.7878
2026-09-08,15:29,ZIMLAB,84.0605
2026-09-08,15:29,ZYDUSLIFE,25.2803
2026-09-08,15:29,ZYDUSWELL,31.2985
2026-09-09,15:29,20MICRONS,14.0421
2026-09-09,15:29,360ONE,-3.4366
2026-09-09,15:29,5PAISA,8.857
2026-09-09,15:29,63MOONS,16.8276
2026-09-09,15:29,AADHARHFC,-1.1521
2026-09-09,15:29,AARTIDRUGS,9.9727
2026-09-09,15:29,AARTIIND,35.002
2026-09-09,15:29,AARTIPHARM,13.6118
2026-09-09,15:29,ABB,43.1348
2026-09-09,15:29,ABCAPITAL,15.3403
2026-09-09,15:29,ABDL,-1.1292
2026-09-09,15:29,ABSLAMC,37.9957
2026-09-09,15:29,ACE,18.9571
2026-09-09,15:29,ACI,-3.1788
2026-09-09,15:29,ACMESOLAR,70.8864
2026-09-09,15:29,ACUTAAS,95.0659
2026-09-09,15:29,ADANIENSOL,45.5987
2026-09-09,15:29,ADANIENT,39.0683
2026-09-09,15:29,ADANIGREEN,28.8332
2026-09-09,15:29,ADANIPORTS,19.4241
2026-09-09,15:29,ADANIPOWER,50.2797
2026-09-09,15:29,ADFFOODS,32.767
2026-09-09,15:29,ADOR,58.6012
2026-09-09,15:29,ADVANCE,-3.3449
2026-09-09,15:29,ADVENZYMES,-1.318
2026-09-09,15:29,AEGISLOG,83.826
2026-09-09,15:29,AEGISVOPAK,14.8563
2026-09-09,15:29,AEQUS,45.1826
2026-09-09,15:29,AEROENTER,79.8792
2026-09-09,15:29,AEROFLEX,208.2565
2026-09-09,15:29,AETHER,86.771
2026-09-09,15:29,AFFLE,-5.3206
2026-09-09,15:29,AFSL,0.0746
2026-09-09,15:29,AGARWALEYE,3.163
2026-09-09,15:29,AGI,11.7796
2026-09-09,15:29,AGIIL,6.4462
2026-09-09,15:29,AHLWEST,85.3781
2026-09-09,15:29,AIAENG,9.3318
2026-09-09,15:29,AJANTPHARM,35.9228
2026-09-09,15:29,AJAXENGG,-2.8242
2026-09-09,15:29,AKUMS,76.2007
2026-09-09,15:29,ALEMBICLTD,5.1622
2026-09-09,15:29,ALIVUS,57.7311
2026-09-09,15:29,ALKYLAMINE,23.0945
2026-09-09,15:29,ALLDIGI,-3.6375
2026-09-09,15:29,AMANTA,102.3887
2026-09-09,15:29,AMBER,9.5661
2026-09-09,15:29,AMBIKCO,29.9582
2026-09-09,15:29,ANANDRATHI,45.879
2026-09-09,15:29,ANANTRAJ,16.7761
2026-09-09,15:29,ANDHRAPAP,1.7943
2026-09-09,15:29,ANDHRSUGAR,31.5789
2026-09-09,15:29,ANGELONE,19.4003
2026-09-09,15:29,ANTELOPUS,188.3492
2026-09-09,15:29,ANTHEM,41.8503
2026-09-09,15:29,ANUHPHR,24.858
2026-09-09,15:29,APARINDS,98.408
2026-09-09,15:29,APCOTEXIND,64.713
2026-09-09,15:29,APEX,25.0164
2026-09-09,15:29,APLAPOLLO,22.8677
2026-09-09,15:29,APLLTD,-3.5061
2026-09-09,15:29,APOLLO,88.9734
2026-09-09,15:29,APOLLOHOSP,29.5528
2026-09-09,15:29,APOLLOPIPE,100.1386
2026-09-09,15:29,ARFIN,38.4435
2026-09-09,15:29,ARIES,49.9769
2026-09-09,15:29,ARIHANT,3333.2688
2026-09-09,15:29,ARIS,3.3883
2026-09-09,15:29,ARMANFIN,29.4877
2026-09-09,15:29,ARROWGREEN,54.9894
2026-09-09,15:29,ARTEMISMED,27.469
2026-09-09,15:29,ARVIND,81.1776
2026-09-09,15:29,ARVSMART,0.7994
2026-09-09,15:29,ASAHIINDIA,-2.5108
2026-09-09,15:29,ASAL,-2.7313
2026-09-09,15:29,ASHIANA,19.6572
2026-09-09,15:29,ASHOKLEY,0.5176
2026-09-09,15:29,ASIANENE,90.1296
2026-09-09,15:29,ASIANHOTNR,24.519
2026-09-09,15:29,ASKAUTOLTD,33.259
2026-09-09,15:29,ASTEC,6.0332
2026-09-09,15:29,ASTERDM,28.2521
2026-09-09,15:29,ASTRAL,3.2123
2026-09-09,15:29,ASTRAMICRO,91.299
2026-09-09,15:29,ATGL,4.7293
2026-09-09,15:29,ATHERENERG,139.1041
2026-09-09,15:29,ATLANTAELE,98.6141
2026-09-09,15:29,ATUL,5.8799
2026-09-09,15:29,ATULAUTO,6.1068
2026-09-09,15:29,AUBANK,7.0888
2026-09-09,15:29,AUROPHARMA,42.4057
2026-09-09,15:29,AURUM,22.8902
2026-09-09,15:29,AVADHSUGAR,108.9177
2026-09-09,15:29,AVALON,169.7243
2026-09-09,15:29,AVANTEL,9.4975
2026-09-09,15:29,AVANTIFEED,-5.5025
2026-09-09,15:29,AVL,25.6377
2026-09-09,15:29,AVTNPL,36.7362
2026-09-09,15:29,AXISBANK,1.1268
2026-09-09,15:29,AXISCADES,56.5562
2026-09-09,15:29,AYMSYNTEX,88.953
2026-09-09,15:29,AZAD,77.4755
2026-09-09,15:29,BAFNAPH,109.4881
2026-09-09,15:29,BAJAJ-AUTO,32.5464
2026-09-09,15:29,BAJAJCON,105.822
2026-09-09,15:29,BAJAJFINSV,-4.6606
2026-09-09,15:29,BAJAJHIND,15.0323
2026-09-09,15:29,BAJAJHLDNG,0.0542
2026-09-09,15:29,BAJEL,10.1839
2026-09-09,15:29,BAJFINANCE,3.9716
2026-09-09,15:29,BALAMINES,116.0531
2026-09-09,15:29,BALMLAWRIE,1.4618
2026-09-09,15:29,BALRAMCHIN,58.9939
2026-09-09,15:29,BANARISUG,1.3604
2026-09-09,15:29,BANDHANBNK,16.1391
2026-09-09,15:29,BANKINDIA,-0.634
2026-09-09,15:29,BANSALWIRE,-2.996
2026-09-09,15:29,BASF,-2.2009
2026-09-09,15:29,BBOX,52.3306
2026-09-09,15:29,BCLIND,12.9895
2026-09-09,15:29,BECTORFOOD,-3.3733
2026-09-09,15:29,BEL,5.2905
2026-09-09,15:29,BELRISE,45.1048
2026-09-09,15:29,BEML,24.5133
2026-09-09,15:29,BEPL,52.1184
2026-09-09,15:29,BETA,31.6263
2026-09-09,15:29,BFINVEST,9.1637
2026-09-09,15:29,BHAGCHEM,15.1485
2026-09-09,15:29,BHAGERIA,80.5092
2026-09-09,15:29,BHAGYANGR,214.1647
2026-09-09,15:29,BHARATFORG,40.0693
2026-09-09,15:29,BHARATSE,29.635
2026-09-09,15:29,BHARATWIRE,-1.8057
2026-09-09,15:29,BHEL,56.0914
2026-09-09,15:29,BIL,47.0736
2026-09-09,15:29,BIOCON,2.3051
2026-09-09,15:29,BIRLACABLE,165.8497
2026-09-09,15:29,BLISSGVS,378.4875
2026-09-09,15:29,BLKASHYAP,6.5577
2026-09-09,15:29,BLSE,54.6849
2026-09-09,15:29,BLUEJET,8.3224
2026-09-09,15:29,BLUESTONE,74.7228
2026-09-09,15:29,BLUSPRING,101.4508
2026-09-09,15:29,BODALCHEM,237.3529
2026-09-09,15:29,BORANA,15.6759
2026-09-09,15:29,BORORENEW,-5.5509
2026-09-09,15:29,BOROSCI,5.4469
2026-09-09,15:29,BOSCH-HCIL,20.3963
2026-09-09,15:29,BOSCHLTD,36.4837
2026-09-09,15:29,BRIGADE,2.772
2026-09-09,15:29,BSE,25.0637
2026-09-09,15:29,BUTTERFLY,-3.3785
2026-09-09,15:29,CAMS,-2.562
2026-09-09,15:29,CANHLIFE,18.7937
2026-09-09,15:29,CAPITALSFB,6.6412
2026-09-09,15:29,CAPLIPOINT,43.4872
2026-09-09,15:29,CARBORUNIV,28.968
2026-09-09,15:29,CARERATING,13.133
2026-09-09,15:29,CARTRADE,10.9926
2026-09-09,15:29,CARYSIL,34.2013
2026-09-09,15:29,CASTROLIND,3.4453
2026-09-09,15:29,CCL,11.0809
2026-09-09,15:29,CEIGALL,65.1529
2026-09-09,15:29,CEMPRO,59.5349
2026-09-09,15:29,CENTENKA,30.171
2026-09-09,15:29,CENTUM,92.0609
2026-09-09,15:29,CERA,4.9254
2026-09-09,15:29,CGCL,52.4513
2026-09-09,15:29,CGPOWER,38.2682
2026-09-09,15:29,CHALET,2.6834
2026-09-09,15:29,CHEMBONDCH,60.3299
2026-09-09,15:29,CHEMCON,11.156
2026-09-09,15:29,CHENNPETRO,75.5457
2026-09-09,15:29,CHEVIOT,11.583
2026-09-09,15:29,CHOICEIN,-2.5509
2026-09-09,15:29,CHOLAFIN,9.2919
2026-09-09,15:29,CIEINDIA,-1.9777
2026-09-09,15:29,CLSEL,15.8474
2026-09-09,15:29,COALINDIA,12.0208
2026-09-09,15:29,COCHINSHIP,3.5401
2026-09-09,15:29,COFFEEDAY,-1.865
2026-09-09,15:29,COFORGE,0.0163
2026-09-09,15:29,COMSYN,108.8853
2026-09-09,15:29,CONCOR,2.7501
2026-09-09,15:29,CONCORDBIO,10.0135
2026-09-09,15:29,CONFIPET,163.3169
2026-09-09,15:29,CONSOFINVT,77.1487
2026-09-09,15:29,CORONA,56.6184
2026-09-09,15:29,COSMOFIRST,30.0746
2026-09-09,15:29,CPPLUS,146.3243
2026-09-09,15:29,CRAFTSMAN,68.3085
2026-09-09,15:29,CREDITACC,9.2317
2026-09-09,15:29,CREST,1.2043
2026-09-09,15:29,CRISIL,6.4594
2026-09-09,15:29,CUB,12.4121
2026-09-09,15:29,CUMMINSIND,14.5766
2026-09-09,15:29,CUPID,225.8767
2026-09-09,15:29,CYIENT,-5.5936
2026-09-09,15:29,CYIENTDLM,124.887
2026-09-09,15:29,DALMIASUG,44.0213
2026-09-09,15:29,DATAMATICS,-5.3273
2026-09-09,15:29,DATAPATTNS,97.8847
2026-09-09,15:29,DBOL,58.4964
2026-09-09,15:29,DCBBANK,36.5541
2026-09-09,15:29,DCXINDIA,9.5777
2026-09-09,15:29,DEEDEV,213.1526
2026-09-09,15:29,DEEPAKFERT,11.7623
2026-09-09,15:29,DEEPAKNTR,2.5995
2026-09-09,15:29,DEEPINDS,75.1049
2026-09-09,15:29,DELHIVERY,12.8564
2026-09-09,15:29,DEVYANI,7.855
2026-09-09,15:29,DHAMPURSUG,32.885
2026-09-09,15:29,DHANBANK,23.4111
2026-09-09,15:29,DHARMAJ,8.7193
2026-09-09,15:29,DIACABS,138.8358
2026-09-09,15:29,DIAMONDYD,2.8279
2026-09-09,15:29,DICIND,24.491
2026-09-09,15:29,DIFFNKG,41.9298
2026-09-09,15:29,DIVGIITTS,92.6273
2026-09-09,15:29,DIVISLAB,50.7707
2026-09-09,15:29,DIXON,4.3016
2026-09-09,15:29,DLF,-4.099
2026-09-09,15:29,DLINKINDIA,4.0568
2026-09-09,15:29,DMART,-2.3836
2026-09-09,15:29,DMCC,11.5444
2026-09-09,15:29,DOLPHIN,66.2218
2026-09-09,15:29,DPABHUSHAN,-1.2296
2026-09-09,15:29,DREDGECORP,9.13
2026-09-09,15:29,DSSL,5.8958
2026-09-09,15:29,DVL,2.7536
2026-09-09,15:29,DWARKESH,22.4319
2026-09-09,15:29,DYCL,39.0285
2026-09-09,15:29,DYNAMATECH,29.0305
2026-09-09,15:29,E2E,200.1788
2026-09-09,15:29,EBGNG,130.4126
2026-09-09,15:29,EDELWEISS,27.2545
2026-09-09,15:29,EICHERMOT,8.4098
2026-09-09,15:29,EIEL,3.5998
2026-09-09,15:29,EIFFL,14.466
2026-09-09,15:29,EIMCOELECO,45.8126
2026-09-09,15:29,ELECTCAST,5.133
2026-09-09,15:29,ELECTHERM,18.6305
2026-09-09,15:29,ELGIEQUIP,32.2894
2026-09-09,15:29,EMAMIPAP,32.5193
2026-09-09,15:29,EMCURE,37.5386
2026-09-09,15:29,EMIL,72.2626
2026-09-09,15:29,EMKAY,-2.8665
2026-09-09,15:29,EMMVEE,85.1602
2026-09-09,15:29,ENDURANCE,5.1433
2026-09-09,15:29,ENGINERSIN,40.5558
2026-09-09,15:29,ENRIN,7.134
2026-09-09,15:29,ENTERO,85.8029
2026-09-09,15:29,EPL,17.0359
2026-09-09,15:29,EQUITASBNK,25.4097
2026-09-09,15:29,ESABINDIA,-1.9909
2026-09-09,15:29,ESAFSFB,58.6408
2026-09-09,15:29,ETERNAL,12.7087
2026-09-09,15:29,EVEREADY,6.12
2026-09-09,15:29,EXCELINDUS,7.2869
2026-09-09,15:29,EXICOM,54.6015
2026-09-09,15:29,EXIDEIND,12.9054
2026-09-09,15:29,FAIRCHEMOR,-5.9236
2026-09-09,15:29,FAZE3Q,8.4928
2026-09-09,15:29,FCL,141.9462
2026-09-09,15:29,FEDERALBNK,30.8801
2026-09-09,15:29,FEDFINA,11.3919
2026-09-09,15:29,FILATEX,50.0497
2026-09-09,15:29,FINCABLES,76.6264
2026-09-09,15:29,FINEORG,19.9977
2026-09-09,15:29,FINPIPE,-4.7471
2026-09-09,15:29,FLUOROCHEM,34.4189
2026-09-09,15:29,FMGOETZE,2.6598
2026-09-09,15:29,FORCEMOT,1.6875
2026-09-09,15:29,FORTIS,5.0577
2026-09-09,15:29,FOSECOIND,22.2725
2026-09-09,15:29,FUSION,28.2265
2026-09-09,15:29,GABRIEL,42.0015
2026-09-09,15:29,GAEL,43.2914
2026-09-09,15:29,GAIL,3.4483
2026-09-09,15:29,GALAPREC,40.4583
2026-09-09,15:29,GALAXYSURF,15.217
2026-09-09,15:29,GALLANTT,7.7771
2026-09-09,15:29,GANDHAR,86.5352
2026-09-09,15:29,GANDHITUBE,19.5213
2026-09-09,15:29,GANECOS,11.4996
2026-09-09,15:29,GANESHBE,63.0501
2026-09-09,15:29,GANESHHOU,-5.5535
2026-09-09,15:29,GARFIBRES,20.0855
2026-09-09,15:29,GAYAPROJ,172.9792
2026-09-09,15:29,GCSL,62.8958
2026-09-09,15:29,GEECEE,6.652
2026-09-09,15:29,GEMAROMA,12.5273
2026-09-09,15:29,GENUSPOWER,9.9783
2026-09-09,15:29,GEOJITFSL,-1.1352
2026-09-09,15:29,GESHIP,25.3058
2026-09-09,15:29,GFLLIMITED,0.0698
2026-09-09,15:29,GHCLTEXTIL,81.5429
2026-09-09,15:29,GICRE,-4.9701
2026-09-09,15:29,GIPCL,37.4726
2026-09-09,15:29,GLAND,83.0953
2026-09-09,15:29,GLAXO,11.9105
2026-09-09,15:29,GLENMARK,24.9743
2026-09-09,15:29,GLOBAL,38.5174
2026-09-09,15:29,GLOTTIS,1.2174
2026-09-09,15:29,GMBREW,-5.0098
2026-09-09,15:29,GMDCLTD,14.2587
2026-09-09,15:29,GMMPFAUDLR,24.3357
2026-09-09,15:29,GMRAIRPORT,-2.2784
2026-09-09,15:29,GNA,74.8663
2026-09-09,15:29,GNFC,17.2533
2026-09-09,15:29,GOCLCORP,45.3535
2026-09-09,15:29,GODREJAGRO,17.6989
2026-09-09,15:29,GODREJIND,11.9186
2026-09-09,15:29,GOKEX,-3.1325
2026-09-09,15:29,GOKULAGRO,20.94
2026-09-09,15:29,GPIL,6.3193
2026-09-09,15:29,GPTHEALTH,16.4471
2026-09-09,15:29,GPTINFRA,6.6443
2026-09-09,15:29,GRANULES,52.6307
2026-09-09,15:29,GRAPHITE,58.5304
2026-09-09,15:29,GRASIM,17.58
2026-09-09,15:29,GREAVESCOT,8.2307
2026-09-09,15:29,GREENPLY,11.5056
2026-09-09,15:29,GRINDWELL,21.4772
2026-09-09,15:29,GROWW,36.1811
2026-09-09,15:29,GRPLTD,16.5957
2026-09-09,15:29,GRSE,11.5839
2026-09-09,15:29,GRWRHITECH,90.3131
2026-09-09,15:29,GUFICBIO,23.0207
2026-09-09,15:29,GUJALKALI,40.9176
2026-09-09,15:29,GUJTHEM,10.6047
2026-09-09,15:29,GVPIL,114.8444
2026-09-09,15:29,GVT&D,57.3242
2026-09-09,15:29,HAL,18.2599
2026-09-09,15:29,HAPPYFORGE,107.8758
2026-09-09,15:29,HARIOMPIPE,5.2155
2026-09-09,15:29,HARSHA,20.9067
2026-09-09,15:29,HATSUN,21.6249
2026-09-09,15:29,HBLENGINE,-4.2868
2026-09-09,15:29,HCC,35.4335
2026-09-09,15:29,HCG,0.7138
2026-09-09,15:29,HDFCAMC,-3.9824
2026-09-09,15:29,HEALTHX,-0.7621
2026-09-09,15:29,HEMIPROP,-4.2593
2026-09-09,15:29,HESTERBIO,45.1806
2026-09-09,15:29,HEXATRADEX,-2.3866
2026-09-09,15:29,HFCL,280.3347
2026-09-09,15:29,HIKAL,1.0029
2026-09-09,15:29,HINDALCO,20.9826
2026-09-09,15:29,HINDCOPPER,44.5682
2026-09-09,15:29,HINDOILEXP,26.3175
2026-09-09,15:29,HINDZINC,4.6862
2026-09-09,15:29,HIRECT,76.3867
2026-09-09,15:29,HITECHCORP,99.8928
2026-09-09,15:29,HMT,37.2281
2026-09-09,15:29,HMVL,15.546
2026-09-09,15:29,HNDFDS,16.7457
2026-09-09,15:29,HOMEFIRST,3.6466
2026-09-09,15:29,HONASA,83.1098
2026-09-09,15:29,HONAUT,1.0047
2026-09-09,15:29,HSCL,43.4054
2026-09-09,15:29,HTMEDIA,9.2076
2026-09-09,15:29,HUHTAMAKI,29.7346
2026-09-09,15:29,HYUNDAI,-4.5486
2026-09-09,15:29,IBULLSLTD,44.3804
2026-09-09,15:29,ICICIBANK,2.7137
2026-09-09,15:29,ICIL,61.8122
2026-09-09,15:29,IDEAFORGE,80.1518
2026-09-09,15:29,IDFCFIRSTB,2.4419
2026-09-09,15:29,IFCI,88.8747
2026-09-09,15:29,IFGLEXPOR,5.7597
2026-09-09,15:29,IGARASHI,-4.9682
2026-09-09,15:29,IGIL,-1.673
2026-09-09,15:29,IGPL,42.9451
2026-09-09,15:29,IIFL,7.4676
2026-09-09,15:29,IIFLCAPS,8.3841
2026-09-09,15:29,IKIO,26.163
2026-09-09,15:29,IKS,6.8061
2026-09-09,15:29,IMAGICAA,13.3402
2026-09-09,15:29,IMFA,-5.8398
2026-09-09,15:29,IMPAL,9.0005
2026-09-09,15:29,INDGN,10.4653
2026-09-09,15:29,INDHOTEL,1.339
2026-09-09,15:29,INDIANB,10.5355
2026-09-09,15:29,INDIANHUME,-4.7912
2026-09-09,15:29,INDIGO,-0.1104
2026-09-09,15:29,INDIQUBE,-0.3074
2026-09-09,15:29,INDNIPPON,65.1638
2026-09-09,15:29,INDOAMIN,6.3341
2026-09-09,15:29,INDOBORAX,89.9019
2026-09-09,15:29,INDOCO,-3.8952
2026-09-09,15:29,INDORAMA,85.3055
2026-09-09,15:29,INDOSTAR,1.0989
2026-09-09,15:29,INDOTECH,133.4929
2026-09-09,15:29,INDSWFTLAB,315.1619
2026-09-09,15:29,INDUSINDBK,20.4054
2026-09-09,15:29,INGERRAND,36.5183
2026-09-09,15:29,INNOVACAP,71.1591
2026-09-09,15:29,INOXINDIA,95.553
2026-09-09,15:29,IOB,-3.8484
2026-09-09,15:29,IOLCP,159.923
2026-09-09,15:29,IONEXCHANG,15.7275
2026-09-09,15:29,IPCALAB,40.7296
2026-09-09,15:29,IRISDOREME,76.7589
2026-09-09,15:29,IRMENERGY,1.2348
2026-09-09,15:29,ISGEC,-3.1001
2026-09-09,15:29,ITDC,17.3188
2026-09-09,15:29,IZMO,12.6296
2026-09-09,15:29,J&KBANK,45.2435
2026-09-09,15:29,JAGSNPHARM,17.1503
2026-09-09,15:29,JAIBALAJI,12.145
2026-09-09,15:29,JAMNAAUTO,0.5459
2026-09-09,15:29,JASH,20.4015
2026-09-09,15:29,JAYAGROGN,26.9081
2026-09-09,15:29,JAYBARMARU,36.8974
2026-09-09,15:29,JAYNECOIND,27.9552
2026-09-09,15:29,JBMA,11.2067
2026-09-09,15:29,JGCHEM,76.5209
2026-09-09,15:29,JINDALPOLY,39.9399
2026-09-09,15:29,JINDALSAW,93.2184
2026-09-09,15:29,JINDALSTEL,14.4783
2026-09-09,15:29,JINDRILL,33.5745
2026-09-09,15:29,JINDWORLD,91.5026
2026-09-09,15:29,JITFINFRA,10.6696
2026-09-09,15:29,JKPAPER,14.5238
2026-09-09,15:29,JNKINDIA,95.7964
2026-09-09,15:29,JSFB,23.9007
2026-09-09,15:29,JSL,-0.7727
2026-09-09,15:29,JSWCEMENT,1.9081
2026-09-09,15:29,JSWDULUX,1.4843
2026-09-09,15:29,JSWENERGY,12.5302
2026-09-09,15:29,JSWINFRA,26.7731
2026-09-09,15:29,JSWSTEEL,21.375
2026-09-09,15:29,JTLIND,47.192
2026-09-09,15:29,JUBLCPL,-1.612
2026-09-09,15:29,JUBLINGREA,-2.6904
2026-09-09,15:29,JUBLPHARMA,-2.5906
2026-09-09,15:29,JUSTDIAL,-3.9703
2026-09-09,15:29,JYOTICNC,7.8275
2026-09-09,15:29,KABRAEXTRU,200.9306
2026-09-09,15:29,KAJARIACER,14.1699
2026-09-09,15:29,KALYANKJIL,27.9562
2026-09-09,15:29,KAMATHOTEL,-1.6204
2026-09-09,15:29,KAMDHENU,68.651
2026-09-09,15:29,KANORICHEM,121.1615
2026-09-09,15:29,KANPRPLA,29.1483
2026-09-09,15:29,KAPSTON,185
2026-09-09,15:29,KARURVYSYA,36.1692
2026-09-09,15:29,KAYA,4.3064
2026-09-09,15:29,KDDL,70.2807
2026-09-09,15:29,KECL,21.7512
2026-09-09,15:29,KEI,13.7072
2026-09-09,15:29,KENNAMET,78.8912
2026-09-09,15:29,KERNEX,64.5604
2026-09-09,15:29,KICL,2.2292
2026-09-09,15:29,KILITCH,13.6747
2026-09-09,15:29,KIMS,18.024
2026-09-09,15:29,KINGFA,62.4027
2026-09-09,15:29,KIOCL,10.905
2026-09-09,15:29,KIRIINDUS,-4.0004
2026-09-09,15:29,KIRLFER,-1.3928
2026-09-09,15:29,KIRLOSBROS,12.3922
2026-09-09,15:29,KIRLOSENG,73.2402
2026-09-09,15:29,KIRLOSIND,10.1142
2026-09-09,15:29,KKCL,3.2261
2026-09-09,15:29,KMEW,67.2262
2026-09-09,15:29,KNAGRI,0.3341
2026-09-09,15:29,KOLTEPATIL,16.6798
2026-09-09,15:29,KOPRAN,80.7713
2026-09-09,15:29,KOTAKBANK,-4.7488
2026-09-09,15:29,KOTHARIPET,20.4011
2026-09-09,15:29,KOVAI,175.1085
2026-09-09,15:29,KPIL,21.3283
2026-09-09,15:29,KPRMILL,18.1413
2026-09-09,15:29,KRBL,11.7413
2026-09-09,15:29,KRISHANA,72.2007
2026-09-09,15:29,KRN,119.0333
2026-09-09,15:29,KRONOX,20.0097
2026-09-09,15:29,KROSS,27.6557
2026-09-09,15:29,KRYSTAL,23.0717
2026-09-09,15:29,KSB,11.77
2026-09-09,15:29,KSL,23.8892
2026-09-09,15:29,KSOLVES,-4.3486
2026-09-09,15:29,KTKBANK,66.3319
2026-09-09,15:29,LALPATHLAB,36.3423
2026-09-09,15:29,LANDMARK,-4.5075
2026-09-09,15:29,LAURUSLABS,91.7822
2026-09-09,15:29,LAXMIINDIA,5.0183
2026-09-09,15:29,LENSKART,71.63
2026-09-09,15:29,LGEINDIA,6.2548
2026-09-09,15:29,LICHSGFIN,5.7546
2026-09-09,15:29,LICI,-3.5
2026-09-09,15:29,LIKHITHA,21.9178
2026-09-09,15:29,LINCOLN,33.6478
2026-09-09,15:29,LINDEINDIA,5.8133
2026-09-09,15:29,LLOYDSENGG,50.0461
2026-09-09,15:29,LLOYDSENT,11.1936
2026-09-09,15:29,LLOYDSME,38.471
2026-09-09,15:29,LMW,20.2534
2026-09-09,15:29,LODHA,9.6071
2026-09-09,15:29,LOKESHMACH,116.2072
2026-09-09,15:29,LOTUSDEV,29.4729
2026-09-09,15:29,LT,-3.4413
2026-09-09,15:29,LTF,2.8155
2026-09-09,15:29,LTFOODS,14.4028
2026-09-09,15:29,LUMAXIND,12.8177
2026-09-09,15:29,LUMAXTECH,37.7101
2026-09-09,15:29,LUPIN,-0.6199
2026-09-09,15:29,LUXIND,0.2769
2026-09-09,15:29,LXCHEM,3.1483
2026-09-09,15:29,M&MFIN,3.4262
2026-09-09,15:29,MACPOWER,93.3302
2026-09-09,15:29,MAGADSUGAR,12.1149
2026-09-09,15:29,MAHABANK,49.0307
2026-09-09,15:29,MAHASTEEL,65.2971
2026-09-09,15:29,MAHLOG,27.9662
2026-09-09,15:29,MAHSCOOTER,-5.2955
2026-09-09,15:29,MAHSEAMLES,20.6638
2026-09-09,15:29,MAITHANALL,15.738
2026-09-09,15:29,MAMATA,0.6842
2026-09-09,15:29,MANAKCOAT,-4.22
2026-09-09,15:29,MANAKSTEEL,91.0359
2026-09-09,15:29,MANALIPETC,46.323
2026-09-09,15:29,MANAPPURAM,11.7904
2026-09-09,15:29,MANBA,-3.8984
2026-09-09,15:29,MANGLMCEM,38.9371
2026-09-09,15:29,MANINDS,89.0851
2026-09-09,15:29,MANINFRA,0.07
2026-09-09,15:29,MANKIND,7.285
2026-09-09,15:29,MANORAMA,55.9023
2026-09-09,15:29,MANYAVAR,-1.03
2026-09-09,15:29,MARICO,10.2621
2026-09-09,15:29,MARINE,107.4649
2026-09-09,15:29,MARKSANS,80.1539
2026-09-09,15:29,MATRIMONY,-0.4151
2026-09-09,15:29,MAWANASUG,69.1349
2026-09-09,15:29,MAXESTATES,21.2209
2026-09-09,15:29,MAXHEALTH,0.6207
2026-09-09,15:29,MAYURUNIQ,51.8049
2026-09-09,15:29,MAZDA,28.9328
2026-09-09,15:29,MAZDOCK,2.2151
2026-09-09,15:29,MBAPL,101.982
2026-09-09,15:29,MCLOUD,-3.9259
2026-09-09,15:29,MCX,67.0823
2026-09-09,15:29,MEDANTA,29.5528
2026-09-09,15:29,MEESHO,0.1664
2026-09-09,15:29,MENONBE,192.9894
2026-09-09,15:29,METROPOLIS,27.3881
2026-09-09,15:29,MGL,-2.9535
2026-09-09,15:29,MIDHANI,59.0808
2026-09-09,15:29,MINDACORP,17.574
2026-09-09,15:29,MMFL,65.4909
2026-09-09,15:29,MMP,85.0995
2026-09-09,15:29,MMTC,16.1362
2026-09-09,15:29,MODIS,9.9127
2026-09-09,15:29,MODISONLTD,258.9837
2026-09-09,15:29,MOL,1.974
2026-09-09,15:29,MOLDTECH,32.6198
2026-09-09,15:29,MOLDTKPAC,21.2473
2026-09-09,15:29,MONARCH,21.4239
2026-09-09,15:29,MOREPENLAB,193.7736
2026-09-09,15:29,MOSCHIP,7.2766
2026-09-09,15:29,MOTHERSON,36.9187
2026-09-09,15:29,MOTILALOFS,22.9238
2026-09-09,15:29,MPSLTD,38.0107
2026-09-09,15:29,MRPL,24.425
2026-09-09,15:29,MSPL,-5.3341
2026-09-09,15:29,MSTCLTD,62.7303
2026-09-09,15:29,MTARTECH,223.3887
2026-09-09,15:29,MUFIN,21.2718
2026-09-09,15:29,MUKANDLTD,6.3414
2026-09-09,15:29,MUKKA,22.9819
2026-09-09,15:29,MUNJALAU,40.5015
2026-09-09,15:29,MUNJALSHOW,4.7304
2026-09-09,15:29,MUTHOOTMF,12.5835
2026-09-09,15:29,MVGJL,20.3274
2026-09-09,15:29,NACLIND,1.5387
2026-09-09,15:29,NAHARINDUS,25.9391
2026-09-09,15:29,NAHARPOLY,-4.5977
2026-09-09,15:29,NAHARSPING,41.2058
2026-09-09,15:29,NAM-INDIA,34.6512
2026-09-09,15:29,NATIONALUM,35.1226
2026-09-09,15:29,NAUKRI,-5.3206
2026-09-09,15:29,NAVA,-1.682
2026-09-09,15:29,NAVINFLUOR,48.4228
2026-09-09,15:29,NAVKARCORP,-0.935
2026-09-09,15:29,NAZARA,57.9414
2026-09-09,15:29,NELCAST,7.7957
2026-09-09,15:29,NELCO,30.5497
2026-09-09,15:29,NEOGEN,108.4096
2026-09-09,15:29,NEPHROPLUS,55.6393
2026-09-09,15:29,NESTLEIND,12.8301
2026-09-09,15:29,NETWEB,52.8775
2026-09-09,15:29,NEULANDLAB,46.8968
2026-09-09,15:29,NGLFINE,107.9695
2026-09-09,15:29,NH,0.8535
2026-09-09,15:29,NHPC,1.7244
2026-09-09,15:29,NIACL,26.6782
2026-09-09,15:29,NIBE,11.2306
2026-09-09,15:29,NIITLTD,8.9085
2026-09-09,15:29,NILKAMAL,49.7088
2026-09-09,15:29,NINSYS,77.3771
2026-09-09,15:29,NITCO,0.6527
2026-09-09,15:29,NITINSPIN,103.6111
2026-09-09,15:29,NIVABUPA,6.3753
2026-09-09,15:29,NLCINDIA,12.3082
2026-09-09,15:29,NMDC,11.0249
2026-09-09,15:29,NOCIL,23.1071
2026-09-09,15:29,NORTHARC,24.9392
2026-09-09,15:29,NOVARTIND,170.879
2026-09-09,15:29,NPST,17.5997
2026-09-09,15:29,NRAIL,27.095
2026-09-09,15:29,NRBBEARING,70.2266
2026-09-09,15:29,NRL,124.2036
2026-09-09,15:29,NSLNISP,13.0806
2026-09-09,15:29,NTPC,4.1245
2026-09-09,15:29,NTPCGREEN,-2.5678
2026-09-09,15:29,NUVAMA,24.2017
2026-09-09,15:29,NYKAA,39.9429
2026-09-09,15:29,OAL,82.4105
2026-09-09,15:29,OBEROIRLTY,11.8082
2026-09-09,15:29,OCCLLTD,76.9611
2026-09-09,15:29,OFSS,50.7942
2026-09-09,15:29,OIL,25.3171
2026-09-09,15:29,OLAELEC,13.4043
2026-09-09,15:29,OLECTRA,3.8829
2026-09-09,15:29,OMAXE,88.3595
2026-09-09,15:29,ONEPOINT,9.7524
2026-09-09,15:29,ONESOURCE,-5.4326
2026-09-09,15:29,ONGC,0.4766
2026-09-09,15:29,ONIDA,32.8422
2026-09-09,15:29,ONWARDTEC,7.2434
2026-09-09,15:29,OPTIEMUS,4.4723
2026-09-09,15:29,ORBTEXP,19.7759
2026-09-09,15:29,ORCHPHARMA,26.94
2026-09-09,15:29,ORIENTBELL,59.4005
2026-09-09,15:29,ORIENTCER,14.6945
2026-09-09,15:29,ORIENTELEC,-2.326
2026-09-09,15:29,ORIENTHOT,39.4501
2026-09-09,15:29,ORKLAINDIA,-3.2588
2026-09-09,15:29,PAGEIND,-1.8305
2026-09-09,15:29,PAISALO,119.6811
2026-09-09,15:29,PANACEABIO,13.1934
2026-09-09,15:29,PANACHE,47.1619
2026-09-09,15:29,PANAMAPET,82.197
2026-09-09,15:29,PARACABLES,88.2436
2026-09-09,15:29,PARADEEP,1.8379
2026-09-09,15:29,PARAS,133.8344
2026-09-09,15:29,PARKHOSPS,90.5036
2026-09-09,15:29,PASHUPATI,-1.0385
2026-09-09,15:29,PASUPTAC,26.2737
2026-09-09,15:29,PATELRMART,4.5888
2026-09-09,15:29,PAUSHAKLTD,26.8584
2026-09-09,15:29,PAYTM,38.0656
2026-09-09,15:29,PCBL,8.2404
2026-09-09,15:29,PDMJEPAPER,0.6346
2026-09-09,15:29,PDSL,-1.692
2026-09-09,15:29,PETRONET,6.421
2026-09-09,15:29,PFC,4.6924
2026-09-09,15:29,PFOCUS,54.0747
2026-09-09,15:29,PGEL,-3.7694
2026-09-09,15:29,PGHL,-4.0904
2026-09-09,15:29,PGIL,39.4832
2026-09-09,15:29,PHOENIXLTD,5.8266
2026-09-09,15:29,PICCADIL,9.5425
2026-09-09,15:29,PIDILITIND,8.3615
2026-09-09,15:29,PITTIENG,45.8484
2026-09-09,15:29,PIXTRANS,20.1596
2026-09-09,15:29,PNB,-3.1174
2026-09-09,15:29,PNBGILTS,1.0427
2026-09-09,15:29,PNBHOUSING,27.6192
2026-09-09,15:29,PNGJL,1.9678
2026-09-09,15:29,POLICYBZR,1.983
2026-09-09,15:29,POLYCAB,18.0027
2026-09-09,15:29,POLYPLEX,45.0382
2026-09-09,15:29,POONAWALLA,1.5277
2026-09-09,15:29,POWERGRID,1.8192
2026-09-09,15:29,POWERINDIA,64.9086
2026-09-09,15:29,POWERMECH,5.7899
2026-09-09,15:29,PPL,19.6281
2026-09-09,15:29,PPLPHARMA,29.8392
2026-09-09,15:29,PRABHA,34.9201
2026-09-09,15:29,PRAJIND,-1.7739
2026-09-09,15:29,PRAKASH,-3.4006
2026-09-09,15:29,PRECOT,50.5302
2026-09-09,15:29,PRECWIRE,110.5882
2026-09-09,15:29,PREMEXPLN,40.4255
2026-09-09,15:29,PREMIERENE,7.5372
2026-09-09,15:29,PREMIERPOL,121.0643
2026-09-09,15:29,PRESTIGE,-4.1682
2026-09-09,15:29,PRICOLLTD,14.527
2026-09-09,15:29,PRIMESECU,-0.8671
2026-09-09,15:29,PRINCEPIPE,13.2742
2026-09-09,15:29,PRIVISCL,17.25
2026-09-09,15:29,PROZONER,-5.4049
2026-09-09,15:29,PRUDENT,27.3425
2026-09-09,15:29,PSPPROJECT,2.9181
2026-09-09,15:29,PTC,-5.2475
2026-09-09,15:29,PTCIL,30.6417
2026-09-09,15:29,PTL,-3.0094
2026-09-09,15:29,PVP,92.0833
2026-09-09,15:29,PVRINOX,9.7016
2026-09-09,15:29,PYRAMID,-4.873
2026-09-09,15:29,QPOWER,128.0633
2026-09-09,15:29,QUADFUTURE,71.1812
2026-09-09,15:29,QUESS,73.1538
2026-09-09,15:29,RACLGEAR,56.4289
2026-09-09,15:29,RADHIKAJWE,20.726
2026-09-09,15:29,RADICO,43.8394
2026-09-09,15:29,RAIN,97.9185
2026-09-09,15:29,RAINBOW,10.3498
2026-09-09,15:29,RAJRATAN,16.9792
2026-09-09,15:29,RAMCOIND,1.6062
2026-09-09,15:29,RAMCOSYS,-0.8557
2026-09-09,15:29,RAMRAT,72.828
2026-09-09,15:29,RANEHOLDIN,28
2026-09-09,15:29,RATEGAIN,27.3498
2026-09-09,15:29,RATNAMANI,23.7481
2026-09-09,15:29,RATNAVEER,82.0113
2026-09-09,15:29,RAYMOND,86.4506
2026-09-09,15:29,RAYMONDREL,23.872
2026-09-09,15:29,RBA,58.2677
2026-09-09,15:29,RBLBANK,40.0909
2026-09-09,15:29,RBZJEWEL,23.9027
2026-09-09,15:29,RECLTD,-5.8242
2026-09-09,15:29,REDINGTON,38.1762
2026-09-09,15:29,REDTAPE,-5.703
2026-09-09,15:29,REFEX,-2.5161
2026-09-09,15:29,REGAAL,14.4153
2026-09-09,15:29,RELIGARE,15.131
2026-09-09,15:29,RGL,16.7063
2026-09-09,15:29,RHETAN,8.7935
2026-09-09,15:29,RICOAUTO,11.1092
2026-09-09,15:29,RISHABH,111.8946
2026-09-09,15:29,RITCO,13.9243
2026-09-09,15:29,RITES,-5.4119
2026-09-09,15:29,RKFORGE,45.0101
2026-09-09,15:29,RML,82.625
2026-09-09,15:29,ROLEXRINGS,36.2662
2026-09-09,15:29,ROSSTECH,88.355
2026-09-09,15:29,RPEL,77.5181
2026-09-09,15:29,RPGLIFE,18.745
2026-09-09,15:29,RPSGVENT,14.3671
2026-09-09,15:29,RPTECH,130.6531
2026-09-09,15:29,RRKABEL,69.276
2026-09-09,15:29,RSWM,44.4459
2026-09-09,15:29,RUBICON,187.2214
2026-09-09,15:29,RUBYMILLS,114.1279
2026-09-09,15:29,SAATVIKGL,4.7331
2026-09-09,15:29,SAIL,43.1644
2026-09-09,15:29,SAILIFE,90.3539
2026-09-09,15:29,SAKAR,174.369
2026-09-09,15:29,SALSTEEL,97.2354
2026-09-09,15:29,SAMBHV,41.6287
2026-09-09,15:29,SAMMAANCAP,2.984
2026-09-09,15:29,SANATHAN,8.7872
2026-09-09,15:29,SANDESH,-3.8778
2026-09-09,15:29,SANDHAR,14.1344
2026-09-09,15:29,SANDUMA,-1.5622
2026-09-09,15:29,SANGAMIND,35.1295
2026-09-09,15:29,SANGHVIMOV,42.1627
2026-09-09,15:29,SANSERA,147.5253
2026-09-09,15:29,SANSTAR,20.7779
2026-09-09,15:29,SAPPHIRE,-0.2804
2026-09-09,15:29,SARDAEN,7.9181
2026-09-09,15:29,SAREGAMA,41.2786
2026-09-09,15:29,SARLAPOLY,19.6603
2026-09-09,15:29,SASKEN,57.4614
2026-09-09,15:29,SATIA,0.7727
2026-09-09,15:29,SATIN,53.8924
2026-09-09,15:29,SBC,72.5629
2026-09-09,15:29,SBCL,154.9064
2026-09-09,15:29,SBFC,-3.47
2026-09-09,15:29,SBIN,2.526
2026-09-09,15:29,SCHAEFFLER,4.0248
2026-09-09,15:29,SCHNEIDER,72.6642
2026-09-09,15:29,SCI,38.3619
2026-09-09,15:29,SCPL,112.6243
2026-09-09,15:29,SEAMECLTD,75.0975
2026-09-09,15:29,SENCO,11.6586
2026-09-09,15:29,SENORES,86.3312
2026-09-09,15:29,SERVOTECH,0.8813
2026-09-09,15:29,SESHAPAPER,2.6496
2026-09-09,15:29,SETL,180.4596
2026-09-09,15:29,SFL,20.3469
2026-09-09,15:29,SGFIN,69.9762
2026-09-09,15:29,SGIL,13.3434
2026-09-09,15:29,SGMART,130.064
2026-09-09,15:29,SHAILY,45.0645
2026-09-09,15:29,SHALPAINTS,51.9203
2026-09-09,15:29,SHANTIGEAR,49.6142
2026-09-09,15:29,SHANTIGOLD,38.1098
2026-09-09,15:29,SHARDAMOTR,-3.266
2026-09-09,15:29,SHAREINDIA,7.5011
2026-09-09,15:29,SHILCTECH,3.2053
2026-09-09,15:29,SHILPAMED,196.0703
2026-09-09,15:29,SHIVALIK,6.1647
2026-09-09,15:29,SHIVAUM,57.9422
2026-09-09,15:29,SHREEJISPG,112.9928
2026-09-09,15:29,SHREEPUSHK,35.6244
2026-09-09,15:29,SHRINGARMS,4.2421
2026-09-09,15:29,SHRIPISTON,48.2282
2026-09-09,15:29,SHRIRAMFIN,19.0697
2026-09-09,15:29,SHYAMMETL,33.4867
2026-09-09,15:29,SICALLOG,12.6723
2026-09-09,15:29,SIEMENS,25.7635
2026-09-09,15:29,SIGACHI,3.5526
2026-09-09,15:29,SIGMAADV,325.0971
2026-09-09,15:29,SIGNPOST,22.4116
2026-09-09,15:29,SILVERTUC,91.5459
2026-09-09,15:29,SIMPLEXINF,0.5622
2026-09-09,15:29,SINDHUTRAD,15.6944
2026-09-09,15:29,SIS,29.2576
2026-09-09,15:29,SJS,39.4495
2026-09-09,15:29,SKFINDUS,19.933
2026-09-09,15:29,SKIPPER,36.603
2026-09-09,15:29,SKMEGGPROD,18.2765
2026-09-09,15:29,SKYGOLD,159.9813
2026-09-09,15:29,SMARTWORKS,15.176
2026-09-09,15:29,SMCGLOBAL,-1.3169
2026-09-09,15:29,SMLMAH,82.3531
2026-09-09,15:29,SMSPHARMA,31.3659
2026-09-09,15:29,SOFTTECH,39.19
2026-09-09,15:29,SOLARA,17.6521
2026-09-09,15:29,SOLARINDS,89.2086
2026-09-09,15:29,SOMANYCERA,31.8956
2026-09-09,15:29,SONACOMS,63.1966
2026-09-09,15:29,SOTL,91.2103
2026-09-09,15:29,SOUTHBANK,18.242
2026-09-09,15:29,SOUTHWEST,22.2366
2026-09-09,15:29,SPAL,43.4542
2026-09-09,15:29,SPARC,53.3721
2026-09-09,15:29,SPECIALITY,18.0175
2026-09-09,15:29,SPECTRUM,139.2739
2026-09-09,15:29,SPLPETRO,27.1967
2026-09-09,15:29,SPMLINFRA,-1.4728
2026-09-09,15:29,SPORTKING,146.8658
2026-09-09,15:29,SREEL,58.7932
2026-09-09,15:29,SRHHYPOLTD,3.0215
2026-09-09,15:29,SSWL,92.3615
2026-09-09,15:29,STALLION,4.4755
2026-09-09,15:29,STAR,36.2078
2026-09-09,15:29,STARHEALTH,23.8791
2026-09-09,15:29,STCINDIA,-3.2247
2026-09-09,15:29,STEELCAS,57.2805
2026-09-09,15:29,STEL,5.3007
2026-09-09,15:29,STLNETWORK,49.1465
2026-09-09,15:29,STLTECH,799.1693
2026-09-09,15:29,STOVEKRAFT,44.0735
2026-09-09,15:29,STYL,37.8791
2026-09-09,15:29,STYLAMIND,52.4795
2026-09-09,15:29,STYLEBAAZA,47.9539
2026-09-09,15:29,STYRENIX,6.5049
2026-09-09,15:29,SUDARSCHEM,31.7091
2026-09-09,15:29,SUDEEPPHRM,93.8534
2026-09-09,15:29,SUKHJITS,10.2743
2026-09-09,15:29,SUMICHEM,7.3657
2026-09-09,15:29,SUNCLAY,4.4764
2026-09-09,15:29,SUNDARMFIN,-1.4815
2026-09-09,15:29,SUNDRMFAST,29.8408
2026-09-09,15:29,SUNDROP,-5.9147
2026-09-09,15:29,SUNFLAG,27.5895
2026-09-09,15:29,SUNPHARMA,4.0158
2026-09-09,15:29,SUPRAJIT,3.4303
2026-09-09,15:29,SUPREMEIND,5.1327
2026-09-09,15:29,SUPRIYA,23.8147
2026-09-09,15:29,SURAKSHA,19.5974
2026-09-09,15:29,SURYODAY,13.5099
2026-09-09,15:29,SUTLEJTEX,22.9231
2026-09-09,15:29,SUVEN,112.1284
2026-09-09,15:29,SUYOG,4.7087
2026-09-09,15:29,SVLL,10.8074
2026-09-09,15:29,SWANDEF,1030.7258
2026-09-09,15:29,SWARAJENG,-1.0216
2026-09-09,15:29,SYNCOMF,37.4744
2026-09-09,15:29,SYRMA,126.1342
2026-09-09,15:29,TALBROAUTO,50.78
2026-09-09,15:29,TARIL,5.0044
2026-09-09,15:29,TARSONS,40.6223
2026-09-09,15:29,TASTYBITE,22.3336
2026-09-09,15:29,TATACAP,11.2644
2026-09-09,15:29,TATACOMM,-3.0038
2026-09-09,15:29,TATAPOWER,-2.2586
2026-09-09,15:29,TATASTEEL,10.8078
2026-09-09,15:29,TATATECH,22.7252
2026-09-09,15:29,TATVA,21.328
2026-09-09,15:29,TBOTEK,2.282
2026-09-09,15:29,TBZ,230.7008
2026-09-09,15:29,TCPLPACK,29.9218
2026-09-09,15:29,TDPOWERSYS,5.3432
2026-09-09,15:29,TECHM,-4.5207
2026-09-09,15:29,TEJASNET,27.2848
2026-09-09,15:29,TENNIND,16.7699
2026-09-09,15:29,TEXINFRA,10.6173
2026-09-09,15:29,TFCILTD,121.356
2026-09-09,15:29,THANGAMAYL,54.4078
2026-09-09,15:29,THEJO,34.0127
2026-09-09,15:29,THELEELA,29.5746
2026-09-09,15:29,THEMISMED,31.0846
2026-09-09,15:29,THERMAX,26.222
2026-09-09,15:29,THYROCARE,28.2176
2026-09-09,15:29,TI,19.2766
2026-09-09,15:29,TIIL,45.7563
2026-09-09,15:29,TIINDIA,2.4559
2026-09-09,15:29,TIMETECHNO,-0.3555
2026-09-09,15:29,TIMKEN,3.0626
2026-09-09,15:29,TINNARUBR,34.2085
2026-09-09,15:29,TIPSMUSIC,18.5644
2026-09-09,15:29,TIRUPATIFL,115.5881
2026-09-09,15:29,TITAGARH,13.1431
2026-09-09,15:29,TITAN,28.0739
2026-09-09,15:29,TMB,82.4612
2026-09-09,15:29,TMCV,15.0039
2026-09-09,15:29,TNPETRO,31.8387
2026-09-09,15:29,TNPL,7.965
2026-09-09,15:29,TORNTPHARM,30.7415
2026-09-09,15:29,TORNTPOWER,2.448
2026-09-09,15:29,TPLPLASTEH,-0.8598
2026-09-09,15:29,TRAVELFOOD,3.2602
2026-09-09,15:29,TRENT,4.5684
2026-09-09,15:29,TRITURBINE,7.424
2026-09-09,15:29,TRUALT,2.6319
2026-09-09,15:29,TSFINV,-5.8444
2026-09-09,15:29,TTKHLTCARE,13.2256
2026-09-09,15:29,TVSMOTOR,14.0757
2026-09-09,15:29,TVSSCS,17.5389
2026-09-09,15:29,TVSSRICHAK,25.1089
2026-09-09,15:29,UDS,19.6125
2026-09-09,15:29,UEL,92.3934
2026-09-09,15:29,UFBL,285.3733
2026-09-09,15:29,UFLEX,44.2677
2026-09-09,15:29,UGARSUGAR,12.3998
2026-09-09,15:29,UJJIVANSFB,17.9761
2026-09-09,15:29,ULTRACEMCO,-5.5459
2026-09-09,15:29,UNICHEMLAB,18.8047
2026-09-09,15:29,UNIMECH,72.707
2026-09-09,15:29,UNIONBANK,20.1581
2026-09-09,15:29,UNIPARTS,83.0757
2026-09-09,15:29,UNITDSPR,-1.3826
2026-09-09,15:29,UNITEDPOLY,38.2164
2026-09-09,15:29,UNIVASTU,141.3921
2026-09-09,15:29,UNIVCABLES,83.2928
2026-09-09,15:29,UNIVPHOTO,142.4015
2026-09-09,15:29,UNOMINDA,-1.5855
2026-09-09,15:29,URBANCO,40.0849
2026-09-09,15:29,USHAMART,9.5693
2026-09-09,15:29,UTLSOLAR,130.6985
2026-09-09,15:29,UTTAMSUGAR,11.4099
2026-09-09,15:29,V2RETAIL,0.8401
2026-09-09,15:29,VADILALIND,49.4193
2026-09-09,15:29,VALIANTLAB,81.781
2026-09-09,15:29,VALIANTORG,34.9981
2026-09-09,15:29,VARROC,32.4915
2026-09-09,15:29,VEDL,32.1917
2026-09-09,15:29,VENKEYS,19.2359
2026-09-09,15:29,VENUSPIPES,60.1876
2026-09-09,15:29,VENUSREM,115.1079
2026-09-09,15:29,VERANDA,27.5868
2026-09-09,15:29,VGUARD,-0.9242
2026-09-09,15:29,VHL,-3.3147
2026-09-09,15:29,VIDHIING,4.5685
2026-09-09,15:29,VIDYAWIRES,72.8148
2026-09-09,15:29,VIJAYA,53.2383
2026-09-09,15:29,VIMTALABS,4.1276
2026-09-09,15:29,VINCOFE,10.9522
2026-09-09,15:29,VINDHYATEL,108.5675
2026-09-09,15:29,VISAKAIND,41.7411
2026-09-09,15:29,VISHNU,37.4394
2026-09-09,15:29,VIYASH,23.947
2026-09-09,15:29,VMART,8.352
2026-09-09,15:29,VOLTAMP,39.9014
2026-09-09,15:29,VRLLOG,8.586
2026-09-09,15:29,VSSL,22.3234
2026-09-09,15:29,VTL,29.8441
2026-09-09,15:29,WABAG,64.3959
2026-09-09,15:29,WALCHANNAG,21.3917
2026-09-09,15:29,WANBURY,6.2975
2026-09-09,15:29,WEBELSOLAR,-4.9145
2026-09-09,15:29,WELCORP,230.4199
2026-09-09,15:29,WELENT,54.6676
2026-09-09,15:29,WELINV,63.1443
2026-09-09,15:29,WELSPUNLIV,57.2069
2026-09-09,15:29,WENDT,2.1091
2026-09-09,15:29,WESTLIFE,5.3273
2026-09-09,15:29,WEWORK,15.4419
2026-09-09,15:29,WHEELS,180.5423
2026-09-09,15:29,WINDLAS,52.2658
2026-09-09,15:29,WINDMACHIN,13.4123
2026-09-09,15:29,WOCKPHARMA,65.4868
2026-09-09,15:29,WONDERLA,-1.804
2026-09-09,15:29,WSTCSTPAPR,66.4921
2026-09-09,15:29,XPROINDIA,33.8751
2026-09-09,15:29,YASHO,179.9228
2026-09-09,15:29,YATHARTH,47.4633
2026-09-09,15:29,YESBANK,3.9889
2026-09-09,15:29,YUKEN,23.7052
2026-09-09,15:29,ZENTEC,29.2483
2026-09-09,15:29,ZIMLAB,87.8169
2026-09-09,15:29,ZYDUSLIFE,22.7971
2026-09-09,15:29,ZYDUSWELL,29.8501
2026-09-10,15:29,20MICRONS,10.8049
2026-09-10,15:29,360ONE,-4.225
2026-09-10,15:29,5PAISA,7.867
2026-09-10,15:29,63MOONS,21.3098
2026-09-10,15:29,AADHARHFC,-3.6945
2026-09-10,15:29,AARTIDRUGS,15
2026-09-10,15:29,AARTIIND,38.3992
2026-09-10,15:29,AARTIPHARM,13.5052
2026-09-10,15:29,ABB,43.7764
2026-09-10,15:29,ABCAPITAL,16.1946
2026-09-10,15:29,ABDL,-0.3016
2026-09-10,15:29,ABSLAMC,38.7685
2026-09-10,15:29,ACE,21.1846
2026-09-10,15:29,ACI,-4.2252
2026-09-10,15:29,ACMESOLAR,70.6547
2026-09-10,15:29,ACUTAAS,111.5606
2026-09-10,15:29,ADANIENSOL,42.5689
2026-09-10,15:29,ADANIENT,38.0344
2026-09-10,15:29,ADANIGREEN,28.4965
2026-09-10,15:29,ADANIPORTS,18.2055
2026-09-10,15:29,ADANIPOWER,51.097
2026-09-10,15:29,ADFFOODS,30.6182
2026-09-10,15:29,ADOR,54.7717
2026-09-10,15:29,ADVANCE,1.4662
2026-09-10,15:29,ADVENZYMES,-0.181
2026-09-10,15:29,AEGISLOG,79.1969
2026-09-10,15:29,AEGISVOPAK,11.9701
2026-09-10,15:29,AEQUS,52.0698
2026-09-10,15:29,AEROENTER,72.1627
2026-09-10,15:29,AEROFLEX,218.1998
2026-09-10,15:29,AETHER,94.452
2026-09-10,15:29,AFFLE,-4.7847
2026-09-10,15:29,AFSL,-1.762
2026-09-10,15:29,AGARWALEYE,2.2631
2026-09-10,15:29,AGI,8.7117
2026-09-10,15:29,AGIIL,6.1373
2026-09-10,15:29,AHLWEST,89.0047
2026-09-10,15:29,AIAENG,8.3151
2026-09-10,15:29,AIIL,-5.2069
2026-09-10,15:29,AJANTPHARM,35.369
2026-09-10,15:29,AJAXENGG,0.0339
2026-09-10,15:29,AKUMS,77.6211
2026-09-10,15:29,ALEMBICLTD,6.5533
2026-09-10,15:29,ALIVUS,54.4838
2026-09-10,15:29,ALKYLAMINE,22.515
2026-09-10,15:29,ALLDIGI,-3.1374
2026-09-10,15:29,AMANTA,85.1363
2026-09-10,15:29,AMBER,10.5459
2026-09-10,15:29,AMBIKCO,26.8772
2026-09-10,15:29,ANANDRATHI,47.3047
2026-09-10,15:29,ANANTRAJ,14.5316
2026-09-10,15:29,ANDHRAPAP,7.9417
2026-09-10,15:29,ANDHRSUGAR,28.7182
2026-09-10,15:29,ANGELONE,19.9225
2026-09-10,15:29,ANTELOPUS,179.4878
2026-09-10,15:29,ANTHEM,40.8625
2026-09-10,15:29,ANUHPHR,17.9033
2026-09-10,15:29,APARINDS,101.4521
2026-09-10,15:29,APCOTEXIND,64.0092
2026-09-10,15:29,APEX,30.1268
2026-09-10,15:29,APLAPOLLO,22.2253
2026-09-10,15:29,APLLTD,-3.7548
2026-09-10,15:29,APOLLO,82.3075
2026-09-10,15:29,APOLLOHOSP,28.6406
2026-09-10,15:29,APOLLOPIPE,100.0527
2026-09-10,15:29,ARFIN,35.722
2026-09-10,15:29,ARIES,48.5262
2026-09-10,15:29,ARIHANT,3239.6974
2026-09-10,15:29,ARIS,-0.2905
2026-09-10,15:29,ARMANFIN,34.529
2026-09-10,15:29,ARROWGREEN,54.6893
2026-09-10,15:29,ARTEMISMED,24.8388
2026-09-10,15:29,ARVIND,84.4908
2026-09-10,15:29,ARVSMART,-0.7811
2026-09-10,15:29,ASAHIINDIA,-0.6007
2026-09-10,15:29,ASAL,-1.7169
2026-09-10,15:29,ASHIANA,18.7575
2026-09-10,15:29,ASHOKLEY,-3.1766
2026-09-10,15:29,ASIANENE,87.6142
2026-09-10,15:29,ASIANHOTNR,19.1055
2026-09-10,15:29,ASKAUTOLTD,28.8213
2026-09-10,15:29,ASTEC,0.6256
2026-09-10,15:29,ASTERDM,29.4764
2026-09-10,15:29,ASTRAL,3.6295
2026-09-10,15:29,ASTRAMICRO,92.9278
2026-09-10,15:29,ATGL,3.5656
2026-09-10,15:29,ATHERENERG,150.1773
2026-09-10,15:29,ATLANTAELE,89.8323
2026-09-10,15:29,ATUL,9.5957
2026-09-10,15:29,ATULAUTO,5.626
2026-09-10,15:29,AUBANK,6.7888
2026-09-10,15:29,AUROPHARMA,37.9641
2026-09-10,15:29,AURUM,23.3033
2026-09-10,15:29,AVADHSUGAR,102.3046
2026-09-10,15:29,AVALON,159.7842
2026-09-10,15:29,AVANTEL,8.5802
2026-09-10,15:29,AVANTIFEED,-4.7602
2026-09-10,15:29,AVL,24.7133
2026-09-10,15:29,AVTNPL,39.3417
2026-09-10,15:29,AXISBANK,1.3173
2026-09-10,15:29,AXISCADES,49.3967
2026-09-10,15:29,AYMSYNTEX,83.3823
2026-09-10,15:29,AZAD,76.2743
2026-09-10,15:29,BAFNAPH,109.6082
2026-09-10,15:29,BAJAJ-AUTO,33.2578
2026-09-10,15:29,BAJAJCON,110.4957
2026-09-10,15:29,BAJAJFINSV,-4.2343
2026-09-10,15:29,BAJAJHIND,14.1942
2026-09-10,15:29,BAJAJHLDNG,0.4661
2026-09-10,15:29,BAJEL,6.629
2026-09-10,15:29,BAJFINANCE,4.3187
2026-09-10,15:29,BALAMINES,114.6811
2026-09-10,15:29,BALMLAWRIE,1.3861
2026-09-10,15:29,BALRAMCHIN,56.4219
2026-09-10,15:29,BANARISUG,-1.05
2026-09-10,15:29,BANDHANBNK,19.7275
2026-09-10,15:29,BANKINDIA,-0.9136
2026-09-10,15:29,BANSALWIRE,-0.1443
2026-09-10,15:29,BASF,-3.3262
2026-09-10,15:29,BBOX,44.0158
2026-09-10,15:29,BCLIND,12.456
2026-09-10,15:29,BECTORFOOD,-0.2682
2026-09-10,15:29,BEL,5.62
2026-09-10,15:29,BELRISE,46.429
2026-09-10,15:29,BEML,21.723
2026-09-10,15:29,BEPL,50.4503
2026-09-10,15:29,BETA,34.6199
2026-09-10,15:29,BFINVEST,10.1535
2026-09-10,15:29,BHAGCHEM,3.7323
2026-09-10,15:29,BHAGERIA,70.7894
2026-09-10,15:29,BHAGYANGR,218.5906
2026-09-10,15:29,BHARATFORG,38.8917
2026-09-10,15:29,BHARATSE,28.2145
2026-09-10,15:29,BHARATWIRE,-0.6026
2026-09-10,15:29,BHEL,56.1534
2026-09-10,15:29,BIL,49.3545
2026-09-10,15:29,BIOCON,-0.153
2026-09-10,15:29,BIRLACABLE,176.6782
2026-09-10,15:29,BIRLANU,-6.0018
2026-09-10,15:29,BLISSGVS,337.7265
2026-09-10,15:29,BLKASHYAP,9.9347
2026-09-10,15:29,BLSE,53.8163
2026-09-10,15:29,BLUEJET,9.7901
2026-09-10,15:29,BLUESTONE,70.1622
2026-09-10,15:29,BLUSPRING,113.2661
2026-09-10,15:29,BODALCHEM,227.5039
2026-09-10,15:29,BORANA,14.5923
2026-09-10,15:29,BORORENEW,-3.7286
2026-09-10,15:29,BOROSCI,6.7297
2026-09-10,15:29,BOSCH-HCIL,14.8654
2026-09-10,15:29,BOSCHLTD,36.5482
2026-09-10,15:29,BRIGADE,-0.91
2026-09-10,15:29,BSE,23.2249
2026-09-10,15:29,CAMS,-5.3569
2026-09-10,15:29,CANHLIFE,19.4138
2026-09-10,15:29,CAPITALSFB,2.1201
2026-09-10,15:29,CAPLIPOINT,46.5402
2026-09-10,15:29,CARBORUNIV,28.2286
2026-09-10,15:29,CARERATING,9.6716
2026-09-10,15:29,CARTRADE,12.8939
2026-09-10,15:29,CARYSIL,36.1326
2026-09-10,15:29,CASTROLIND,2.5745
2026-09-10,15:29,CCL,10.7543
2026-09-10,15:29,CEIGALL,65.2212
2026-09-10,15:29,CEMPRO,58.0582
2026-09-10,15:29,CENTENKA,27.558
2026-09-10,15:29,CENTUM,94.1171
2026-09-10,15:29,CERA,6.1047
2026-09-10,15:29,CGCL,53.4927
2026-09-10,15:29,CGPOWER,38.1913
2026-09-10,15:29,CHALET,2.2182
2026-09-10,15:29,CHAMBLFERT,-5.1
2026-09-10,15:29,CHEMBONDCH,58.0396
2026-09-10,15:29,CHEMCON,8.1351
2026-09-10,15:29,CHENNPETRO,82.5262
2026-09-10,15:29,CHEVIOT,13.3125
2026-09-10,15:29,CHOICEIN,-0.1749
2026-09-10,15:29,CHOLAFIN,10.7207
2026-09-10,15:29,CIEINDIA,-2.8869
2026-09-10,15:29,CLEAN,-6.176
2026-09-10,15:29,CLSEL,13.9333
2026-09-10,15:29,COALINDIA,12.1204
2026-09-10,15:29,COCHINSHIP,0.9495
2026-09-10,15:29,COFFEEDAY,-5.383
2026-09-10,15:29,COFORGE,-1.1699
2026-09-10,15:29,COMSYN,106.8632
2026-09-10,15:29,CONCOR,1.1841
2026-09-10,15:29,CONCORDBIO,8.1033
2026-09-10,15:29,CONFIPET,162.2089
2026-09-10,15:29,CONSOFINVT,78.079
2026-09-10,15:29,CORONA,61.0656
2026-09-10,15:29,COSMOFIRST,29.5836
2026-09-10,15:29,CPPLUS,150.8747
2026-09-10,15:29,CRAFTSMAN,67.5882
2026-09-10,15:29,CREDITACC,10.9424
2026-09-10,15:29,CREST,-2.2028
2026-09-10,15:29,CRISIL,9.0437
2026-09-10,15:29,CUB,9.8792
2026-09-10,15:29,CUMMINSIND,17.5491
2026-09-10,15:29,CUPID,214.3197
2026-09-10,15:29,CYIENT,-5.6865
2026-09-10,15:29,CYIENTDLM,118.4808
2026-09-10,15:29,DALMIASUG,43.4508
2026-09-10,15:29,DATAMATICS,-4.2393
2026-09-10,15:29,DATAPATTNS,90.1297
2026-09-10,15:29,DBOL,54.5513
2026-09-10,15:29,DCBBANK,35.1803
2026-09-10,15:29,DCXINDIA,6.8895
2026-09-10,15:29,DEEDEV,201.2679
2026-09-10,15:29,DEEPAKFERT,11.775
2026-09-10,15:29,DEEPAKNTR,4
2026-09-10,15:29,DEEPINDS,77.3247
2026-09-10,15:29,DELHIVERY,11.2713
2026-09-10,15:29,DEVYANI,7.7789
2026-09-10,15:29,DHAMPURSUG,28.1038
2026-09-10,15:29,DHANBANK,25.891
2026-09-10,15:29,DHARMAJ,11.3586
2026-09-10,15:29,DIACABS,150.0178
2026-09-10,15:29,DIAMONDYD,2.4991
2026-09-10,15:29,DICIND,24.3923
2026-09-10,15:29,DIFFNKG,45.6976
2026-09-10,15:29,DIVGIITTS,97.2384
2026-09-10,15:29,DIVISLAB,47.9389
2026-09-10,15:29,DIXON,1.5114
2026-09-10,15:29,DLF,-3.4165
2026-09-10,15:29,DLINKINDIA,5.9988
2026-09-10,15:29,DMART,-1.7886
2026-09-10,15:29,DMCC,14.8731
2026-09-10,15:29,DOLPHIN,56.1791
2026-09-10,15:29,DPABHUSHAN,-2.7417
2026-09-10,15:29,DREDGECORP,8.9017
2026-09-10,15:29,DSSL,8.0102
2026-09-10,15:29,DVL,3.2036
2026-09-10,15:29,DWARKESH,18.417
2026-09-10,15:29,DYCL,36.6546
2026-09-10,15:29,DYNAMATECH,27.8365
2026-09-10,15:29,E2E,201.4578
2026-09-10,15:29,EBGNG,134.7472
2026-09-10,15:29,EDELWEISS,30.5519
2026-09-10,15:29,EICHERMOT,8.3093
2026-09-10,15:29,EIEL,6.4424
2026-09-10,15:29,EIFFL,16.6194
2026-09-10,15:29,EIMCOELECO,48.3875
2026-09-10,15:29,ELECTCAST,7.7587
2026-09-10,15:29,ELECTHERM,20.0356
2026-09-10,15:29,ELGIEQUIP,32.991
2026-09-10,15:29,EMAMIPAP,38.7298
2026-09-10,15:29,EMCURE,41.4325
2026-09-10,15:29,EMIL,81.3386
2026-09-10,15:29,EMKAY,-4.4662
2026-09-10,15:29,EMMVEE,98.1438
2026-09-10,15:29,ENDURANCE,3.799
2026-09-10,15:29,ENGINERSIN,39.8786
2026-09-10,15:29,ENRIN,11.9638
2026-09-10,15:29,ENTERO,83.6988
2026-09-10,15:29,EPL,17.0142
2026-09-10,15:29,EQUITASBNK,25.4187
2026-09-10,15:29,ESABINDIA,-5.5619
2026-09-10,15:29,ESAFSFB,58.641
2026-09-10,15:29,ETERNAL,13.1168
2026-09-10,15:29,EVEREADY,12.5211
2026-09-10,15:29,EXCELINDUS,7.7332
2026-09-10,15:29,EXICOM,52.9865
2026-09-10,15:29,EXIDEIND,17.2121
2026-09-10,15:29,FAIRCHEMOR,-6.1113
2026-09-10,15:29,FAZE3Q,11.534
2026-09-10,15:29,FCL,144.1164
2026-09-10,15:29,FEDERALBNK,30.3693
2026-09-10,15:29,FEDFINA,14.1707
2026-09-10,15:29,FILATEX,53.0817
2026-09-10,15:29,FINCABLES,83.0666
2026-09-10,15:29,FINEORG,20.8088
2026-09-10,15:29,FINPIPE,-4.8115
2026-09-10,15:29,FLUOROCHEM,35.2368
2026-09-10,15:29,FMGOETZE,1.5221
2026-09-10,15:29,FORCEMOT,5.0335
2026-09-10,15:29,FORTIS,4.1669
2026-09-10,15:29,FOSECOIND,24.2652
2026-09-10,15:29,FUSION,27.2557
2026-09-10,15:29,GABRIEL,23.1102
2026-09-10,15:29,GAEL,41.4835
2026-09-10,15:29,GAIL,4.142
2026-09-10,15:29,GALAPREC,38.3354
2026-09-10,15:29,GALAXYSURF,12.7703
2026-09-10,15:29,GALLANTT,6.9392
2026-09-10,15:29,GANDHAR,85.9875
2026-09-10,15:29,GANDHITUBE,20.3882
2026-09-10,15:29,GANECOS,18.7274
2026-09-10,15:29,GANESHBE,64.8331
2026-09-10,15:29,GANESHHOU,-3.1694
2026-09-10,15:29,GARFIBRES,16.0331
2026-09-10,15:29,GAYAPROJ,188.0372
2026-09-10,15:29,GCSL,71.1105
2026-09-10,15:29,GEECEE,9.4499
2026-09-10,15:29,GEMAROMA,11.2766
2026-09-10,15:29,GENUSPOWER,10.4096
2026-09-10,15:29,GEOJITFSL,0.4043
2026-09-10,15:29,GESHIP,25.9399
2026-09-10,15:29,GFLLIMITED,0.6545
2026-09-10,15:29,GHCLTEXTIL,79.1081
2026-09-10,15:29,GICRE,-5.1339
2026-09-10,15:29,GIPCL,39.7917
2026-09-10,15:29,GLAND,76.8529
2026-09-10,15:29,GLAXO,11.2246
2026-09-10,15:29,GLENMARK,23.3969
2026-09-10,15:29,GLOBAL,33.8678
2026-09-10,15:29,GLOTTIS,0.256
2026-09-10,15:29,GMBREW,-5.2243
2026-09-10,15:29,GMDCLTD,12.6881
2026-09-10,15:29,GMMPFAUDLR,25.185
2026-09-10,15:29,GMRAIRPORT,-3.1116
2026-09-10,15:29,GNA,80.4104
2026-09-10,15:29,GNFC,16.9809
2026-09-10,15:29,GOCLCORP,48.7268
2026-09-10,15:29,GODREJAGRO,19.5046
2026-09-10,15:29,GODREJIND,11.0968
2026-09-10,15:29,GOKEX,-1.2878
2026-09-10,15:29,GOKULAGRO,20.6116
2026-09-10,15:29,GPIL,5.9211
2026-09-10,15:29,GPTHEALTH,18.1698
2026-09-10,15:29,GPTINFRA,6.017
2026-09-10,15:29,GRANULES,54.5501
2026-09-10,15:29,GRAPHITE,56.7018
2026-09-10,15:29,GRASIM,18.2148
2026-09-10,15:29,GREAVESCOT,9.4218
2026-09-10,15:29,GREENLAM,-5.5762
2026-09-10,15:29,GREENPLY,16.2162
2026-09-10,15:29,GRINDWELL,20.5955
2026-09-10,15:29,GROWW,35.8962
2026-09-10,15:29,GRPLTD,18.573
2026-09-10,15:29,GRSE,9.5896
2026-09-10,15:29,GRWRHITECH,102.4986
2026-09-10,15:29,GSFC,-5.3861
2026-09-10,15:29,GUFICBIO,20.9472
2026-09-10,15:29,GUJALKALI,43.5347
2026-09-10,15:29,GUJTHEM,10.5513
2026-09-10,15:29,GVPIL,105.0117
2026-09-10,15:29,GVT&D,58.8328
2026-09-10,15:29,HAL,16.2108
2026-09-10,15:29,HAPPYFORGE,109.5122
2026-09-10,15:29,HARIOMPIPE,3.7271
2026-09-10,15:29,HARSHA,18.9362
2026-09-10,15:29,HATSUN,22.237
2026-09-10,15:29,HCC,26.6519
2026-09-10,15:29,HCG,0.3149
2026-09-10,15:29,HEALTHX,0.4937
2026-09-10,15:29,HESTERBIO,44.7076
2026-09-10,15:29,HEXATRADEX,-1.9255
2026-09-10,15:29,HFCL,261.0647
2026-09-10,15:29,HIKAL,-1.0786
2026-09-10,15:29,HINDALCO,18.3612
2026-09-10,15:29,HINDCOPPER,36.095
2026-09-10,15:29,HINDOILEXP,21.8888
2026-09-10,15:29,HINDZINC,0.2449
2026-09-10,15:29,HIRECT,76.9231
2026-09-10,15:29,HITECHCORP,97.029
2026-09-10,15:29,HMT,34.0113
2026-09-10,15:29,HMVL,8.2165
2026-09-10,15:29,HNDFDS,19.1181
2026-09-10,15:29,HOMEFIRST,4.6465
2026-09-10,15:29,HONASA,83.9327
2026-09-10,15:29,HONAUT,1.5613
2026-09-10,15:29,HSCL,43.3121
2026-09-10,15:29,HTMEDIA,2.833
2026-09-10,15:29,HUHTAMAKI,27.512
2026-09-10,15:29,HYUNDAI,-3.6781
2026-09-10,15:29,IBULLSLTD,47.7745
2026-09-10,15:29,ICICIBANK,2.0416
2026-09-10,15:29,ICIL,64.835
2026-09-10,15:29,IDEAFORGE,79.9468
2026-09-10,15:29,IDFCFIRSTB,3.64
2026-09-10,15:29,IFCI,81.9056
2026-09-10,15:29,IFGLEXPOR,6.4137
2026-09-10,15:29,IGARASHI,-4.2897
2026-09-10,15:29,IGIL,-1.5501
2026-09-10,15:29,IGPL,40.1798
2026-09-10,15:29,IIFL,8.4121
2026-09-10,15:29,IIFLCAPS,7.8325
2026-09-10,15:29,IKIO,34.2895
2026-09-10,15:29,IKS,7.8155
2026-09-10,15:29,IMAGICAA,9.5778
2026-09-10,15:29,IMPAL,8.7988
2026-09-10,15:29,INDGN,7.795
2026-09-10,15:29,INDHOTEL,-0.8657
2026-09-10,15:29,INDIANB,10.1112
2026-09-10,15:29,INDIGO,-3.333
2026-09-10,15:29,INDIQUBE,0.2487
2026-09-10,15:29,INDNIPPON,75.6592
2026-09-10,15:29,INDOAMIN,1.5728
2026-09-10,15:29,INDOBORAX,81.1149
2026-09-10,15:29,INDOCO,6.9176
2026-09-10,15:29,INDORAMA,74.7366
2026-09-10,15:29,INDOSTAR,1.388
2026-09-10,15:29,INDOTECH,133.6338
2026-09-10,15:29,INDSWFTLAB,301.3822
2026-09-10,15:29,INDUSINDBK,18.9723
2026-09-10,15:29,INGERRAND,35.2364
2026-09-10,15:29,INNOVACAP,67.6456
2026-09-10,15:29,INOXINDIA,104.4892
2026-09-10,15:29,IOB,-3.5798
2026-09-10,15:29,IOLCP,164.4858
2026-09-10,15:29,IONEXCHANG,17.4036
2026-09-10,15:29,IPCALAB,40.2077
2026-09-10,15:29,IRISDOREME,72.7878
2026-09-10,15:29,IRMENERGY,1.2419
2026-09-10,15:29,ISGEC,0.7399
2026-09-10,15:29,ITDC,23.9001
2026-09-10,15:29,IZMO,12.4688
2026-09-10,15:29,J&KBANK,46.1061
2026-09-10,15:29,JAGSNPHARM,17.269
2026-09-10,15:29,JAIBALAJI,9.8227
2026-09-10,15:29,JAMNAAUTO,4.9841
2026-09-10,15:29,JASH,22.9255
2026-09-10,15:29,JAYAGROGN,27.3705
2026-09-10,15:29,JAYBARMARU,39.1546
2026-09-10,15:29,JAYNECOIND,29.3609
2026-09-10,15:29,JBMA,11.0958
2026-09-10,15:29,JGCHEM,71.9902
2026-09-10,15:29,JINDALPOLY,40.9427
2026-09-10,15:29,JINDALSAW,93.692
2026-09-10,15:29,JINDALSTEL,15.3144
2026-09-10,15:29,JINDRILL,30.631
2026-09-10,15:29,JINDWORLD,95.7088
2026-09-10,15:29,JITFINFRA,13.8238
2026-09-10,15:29,JKPAPER,19.1419
2026-09-10,15:29,JNKINDIA,98.2205
2026-09-10,15:29,JPOLYINVST,-3.7656
2026-09-10,15:29,JSFB,21.8776
2026-09-10,15:29,JSL,-4.5044
2026-09-10,15:29,JSWCEMENT,3.1429
2026-09-10,15:29,JSWDULUX,2.1722
2026-09-10,15:29,JSWENERGY,12.3835
2026-09-10,15:29,JSWINFRA,24.959
2026-09-10,15:29,JSWSTEEL,20.4953
2026-09-10,15:29,JTLIND,50.5629
2026-09-10,15:29,JUBLCPL,-3.7827
2026-09-10,15:29,JUBLINGREA,-1.3541
2026-09-10,15:29,JUBLPHARMA,-2.7359
2026-09-10,15:29,JUSTDIAL,-5.2561
2026-09-10,15:29,JWL,-4.8789
2026-09-10,15:29,JYOTICNC,9.5363
2026-09-10,15:29,KABRAEXTRU,224.6387
2026-09-10,15:29,KAJARIACER,16.47
2026-09-10,15:29,KALYANKJIL,30.6573
2026-09-10,15:29,KAMATHOTEL,-2.7528
2026-09-10,15:29,KAMDHENU,77.6268
2026-09-10,15:29,KANORICHEM,127.0123
2026-09-10,15:29,KANPRPLA,28.3529
2026-09-10,15:29,KAPSTON,195.7729
2026-09-10,15:29,KARURVYSYA,35.278
2026-09-10,15:29,KAYA,3.3476
2026-09-10,15:29,KDDL,67.7472
2026-09-10,15:29,KECL,29.8397
2026-09-10,15:29,KEI,13.5363
2026-09-10,15:29,KENNAMET,90.0225
2026-09-10,15:29,KERNEX,49.9035
2026-09-10,15:29,KICL,4.3626
2026-09-10,15:29,KILITCH,9.7254
2026-09-10,15:29,KIMS,21.8447
2026-09-10,15:29,KINGFA,65.6823
2026-09-10,15:29,KIOCL,12.2331
2026-09-10,15:29,KIRLFER,-0.893
2026-09-10,15:29,KIRLOSBROS,13.3674
2026-09-10,15:29,KIRLOSENG,71.8531
2026-09-10,15:29,KIRLOSIND,9.7111
2026-09-10,15:29,KKCL,3.5821
2026-09-10,15:29,KMEW,68.849
2026-09-10,15:29,KOLTEPATIL,16.7724
2026-09-10,15:29,KOPRAN,84.1768
2026-09-10,15:29,KOTAKBANK,-3.7813
2026-09-10,15:29,KOTHARIPET,16.2796
2026-09-10,15:29,KOVAI,180.4609
2026-09-10,15:29,KPIL,27.8343
2026-09-10,15:29,KPRMILL,16.7461
2026-09-10,15:29,KRBL,9.0288
2026-09-10,15:29,KRISHANA,76.4593
2026-09-10,15:29,KRN,116.0474
2026-09-10,15:29,KRONOX,20.9028
2026-09-10,15:29,KROSS,32.1198
2026-09-10,15:29,KRYSTAL,21.5948
2026-09-10,15:29,KSB,8.5803
2026-09-10,15:29,KSL,32.4306
2026-09-10,15:29,KTKBANK,67.4134
2026-09-10,15:29,LALPATHLAB,37.2208
2026-09-10,15:29,LANDMARK,-2.5073
2026-09-10,15:29,LAURUSLABS,91.5313
2026-09-10,15:29,LAXMIINDIA,2.1651
2026-09-10,15:29,LENSKART,69.0769
2026-09-10,15:29,LGBBROSLTD,-4.9271
2026-09-10,15:29,LGEINDIA,8.3886
2026-09-10,15:29,LICHSGFIN,4.5825
2026-09-10,15:29,LICI,-4.2719
2026-09-10,15:29,LIKHITHA,18.675
2026-09-10,15:29,LINCOLN,33.3474
2026-09-10,15:29,LINDEINDIA,4.8312
2026-09-10,15:29,LLOYDSENGG,49.61
2026-09-10,15:29,LLOYDSENT,4.2902
2026-09-10,15:29,LLOYDSME,38.5068
2026-09-10,15:29,LMW,17.4658
2026-09-10,15:29,LODHA,8.8205
2026-09-10,15:29,LOKESHMACH,115.0022
2026-09-10,15:29,LOTUSDEV,37.7053
2026-09-10,15:29,LT,-1.8878
2026-09-10,15:29,LTF,3.8186
2026-09-10,15:29,LTFOODS,11.5744
2026-09-10,15:29,LUMAXIND,6.68
2026-09-10,15:29,LUMAXTECH,33.834
2026-09-10,15:29,LUPIN,-1.9489
2026-09-10,15:29,LUXIND,-0.1261
2026-09-10,15:29,LXCHEM,0.637
2026-09-10,15:29,M&MFIN,-1.6158
2026-09-10,15:29,MACPOWER,93.7235
2026-09-10,15:29,MAGADSUGAR,9.9296
2026-09-10,15:29,MAHABANK,49.6098
2026-09-10,15:29,MAHASTEEL,62.7972
2026-09-10,15:29,MAHLOG,27.461
2026-09-10,15:29,MAHSEAMLES,28.1665
2026-09-10,15:29,MAITHANALL,13.7071
2026-09-10,15:29,MAMATA,-0.6792
2026-09-10,15:29,MANAKCOAT,-3.5443
2026-09-10,15:29,MANAKSTEEL,91.2371
2026-09-10,15:29,MANALIPETC,45.1624
2026-09-10,15:29,MANAPPURAM,15.2412
2026-09-10,15:29,MANGLMCEM,36.131
2026-09-10,15:29,MANINDS,121.5495
2026-09-10,15:29,MANINFRA,1.5309
2026-09-10,15:29,MANKIND,4.5005
2026-09-10,15:29,MANORAMA,56.6609
2026-09-10,15:29,MANYAVAR,-1.1063
2026-09-10,15:29,MARICO,8.1554
2026-09-10,15:29,MARINE,103.9254
2026-09-10,15:29,MARKSANS,81.9985
2026-09-10,15:29,MASFIN,-5.776
2026-09-10,15:29,MATRIMONY,-1.3715
2026-09-10,15:29,MAWANASUG,64.6046
2026-09-10,15:29,MAXESTATES,23.4425
2026-09-10,15:29,MAXHEALTH,-0.9442
2026-09-10,15:29,MAYURUNIQ,57.8942
2026-09-10,15:29,MAZDA,21.8829
2026-09-10,15:29,MAZDOCK,1.0687
2026-09-10,15:29,MBAPL,100.8222
2026-09-10,15:29,MCLOUD,-0.2686
2026-09-10,15:29,MCX,62.21
2026-09-10,15:29,MEDANTA,26.6354
2026-09-10,15:29,MENONBE,192.8072
2026-09-10,15:29,METROPOLIS,27.4581
2026-09-10,15:29,MGL,-1.8632
2026-09-10,15:29,MIDHANI,58.7359
2026-09-10,15:29,MINDACORP,20.8802
2026-09-10,15:29,MMFL,71.5085
2026-09-10,15:29,MMP,79.1917
2026-09-10,15:29,MMTC,14.9427
2026-09-10,15:29,MODIS,10.672
2026-09-10,15:29,MODISONLTD,287.0677
2026-09-10,15:29,MOL,-0.0639
2026-09-10,15:29,MOLDTECH,34.0744
2026-09-10,15:29,MOLDTKPAC,21.6847
2026-09-10,15:29,MONARCH,23.4854
2026-09-10,15:29,MOREPENLAB,198.0352
2026-09-10,15:29,MOSCHIP,5.9677
2026-09-10,15:29,MOTHERSON,39.3086
2026-09-10,15:29,MOTILALOFS,16.9759
2026-09-10,15:29,MPSLTD,34.6152
2026-09-10,15:29,MRPL,26.1795
2026-09-10,15:29,MSPL,-3.83
2026-09-10,15:29,MSTCLTD,59.8851
2026-09-10,15:29,MTARTECH,216.7823
2026-09-10,15:29,MUFIN,21.2953
2026-09-10,15:29,MUKANDLTD,8.633
2026-09-10,15:29,MUKKA,27.4812
2026-09-10,15:29,MUNJALAU,40.52
2026-09-10,15:29,MUNJALSHOW,3.8833
2026-09-10,15:29,MUTHOOTMF,9.2038
2026-09-10,15:29,MVGJL,19.0715
2026-09-10,15:29,NACLIND,0.8664
2026-09-10,15:29,NAHARINDUS,26.1209
2026-09-10,15:29,NAHARPOLY,-4.114
2026-09-10,15:29,NAHARSPING,39.7894
2026-09-10,15:29,NAM-INDIA,29.4163
2026-09-10,15:29,NATIONALUM,33.6974
2026-09-10,15:29,NAUKRI,-5.1511
2026-09-10,15:29,NAVA,-1.794
2026-09-10,15:29,NAVINFLUOR,49.8149
2026-09-10,15:29,NAVKARCORP,-0.435
2026-09-10,15:29,NAZARA,60.8285
2026-09-10,15:29,NELCAST,7.9066
2026-09-10,15:29,NELCO,30.6963
2026-09-10,15:29,NEOGEN,122.2232
2026-09-10,15:29,NEPHROPLUS,61.8475
2026-09-10,15:29,NESTLEIND,12.3794
2026-09-10,15:29,NETWEB,60.6582
2026-09-10,15:29,NEULANDLAB,50.6424
2026-09-10,15:29,NGLFINE,108.69
2026-09-10,15:29,NH,3.9575
2026-09-10,15:29,NHPC,1.7457
2026-09-10,15:29,NIACL,24.1507
2026-09-10,15:29,NIBE,17.1343
2026-09-10,15:29,NIITLTD,8.9761
2026-09-10,15:29,NILKAMAL,48.0684
2026-09-10,15:29,NINSYS,73.6184
2026-09-10,15:29,NITCO,5.4713
2026-09-10,15:29,NITINSPIN,101.9904
2026-09-10,15:29,NIVABUPA,6.4326
2026-09-10,15:29,NLCINDIA,13.8095
2026-09-10,15:29,NMDC,10.5738
2026-09-10,15:29,NOCIL,25.9983
2026-09-10,15:29,NORTHARC,25.773
2026-09-10,15:29,NOVARTIND,199.5744
2026-09-10,15:29,NPST,22.75
2026-09-10,15:29,NRAIL,25.5113
2026-09-10,15:29,NRBBEARING,84.0707
2026-09-10,15:29,NRL,135.3229
2026-09-10,15:29,NSLNISP,10.5343
2026-09-10,15:29,NTPC,5.1805
2026-09-10,15:29,NTPCGREEN,-2.5983
2026-09-10,15:29,NUVAMA,20.3794
2026-09-10,15:29,NYKAA,40.086
2026-09-10,15:29,OAL,74.8417
2026-09-10,15:29,OBEROIRLTY,8.069
2026-09-10,15:29,OCCLLTD,77.0278
2026-09-10,15:29,OFSS,53.0179
2026-09-10,15:29,OIL,25.1219
2026-09-10,15:29,OLAELEC,25.2399
2026-09-10,15:29,OLECTRA,6.4109
2026-09-10,15:29,OMAXE,91.0126
2026-09-10,15:29,ONEPOINT,10.5072
2026-09-10,15:29,ONESOURCE,-5.6596
2026-09-10,15:29,ONGC,2.2716
2026-09-10,15:29,ONIDA,33.5763
2026-09-10,15:29,ONWARDTEC,9.9619
2026-09-10,15:29,OPTIEMUS,10.4257
2026-09-10,15:29,ORBTEXP,26.3394
2026-09-10,15:29,ORCHPHARMA,29.2748
2026-09-10,15:29,ORIENTBELL,55.9425
2026-09-10,15:29,ORIENTCER,15.6877
2026-09-10,15:29,ORIENTELEC,-2.951
2026-09-10,15:29,ORIENTHOT,40.8665
2026-09-10,15:29,ORKLAINDIA,-3.3578
2026-09-10,15:29,PAGEIND,0.1541
2026-09-10,15:29,PAISALO,127.5966
2026-09-10,15:29,PANACEABIO,12.4241
2026-09-10,15:29,PANACHE,50.1302
2026-09-10,15:29,PANAMAPET,79.4016
2026-09-10,15:29,PARACABLES,89.4722
2026-09-10,15:29,PARADEEP,2.9217
2026-09-10,15:29,PARAS,135.1808
2026-09-10,15:29,PARKHOSPS,80.7415
2026-09-10,15:29,PASHUPATI,-1.763
2026-09-10,15:29,PASUPTAC,30.2326
2026-09-10,15:29,PATELRMART,3.5679
2026-09-10,15:29,PAUSHAKLTD,24.2994
2026-09-10,15:29,PAYTM,35.215
2026-09-10,15:29,PCBL,8.1046
2026-09-10,15:29,PDMJEPAPER,4.4522
2026-09-10,15:29,PDSL,0.6068
2026-09-10,15:29,PETRONET,7.4033
2026-09-10,15:29,PFC,5.2977
2026-09-10,15:29,PFOCUS,43.5537
2026-09-10,15:29,PGEL,-4.2995
2026-09-10,15:29,PGHL,-3.9735
2026-09-10,15:29,PGIL,45.6104
2026-09-10,15:29,PHOENIXLTD,5.1168
2026-09-10,15:29,PICCADIL,10.5181
2026-09-10,15:29,PIDILITIND,8.0876
2026-09-10,15:29,PITTIENG,48.9478
2026-09-10,15:29,PIXTRANS,19.2836
2026-09-10,15:29,PNB,-1.7241
2026-09-10,15:29,PNBGILTS,2.644
2026-09-10,15:29,PNBHOUSING,31.5628
2026-09-10,15:29,PNGJL,2.7493
2026-09-10,15:29,POLICYBZR,-1.8753
2026-09-10,15:29,POLYCAB,17.7349
2026-09-10,15:29,POLYMED,-2.7326
2026-09-10,15:29,POLYPLEX,41.8952
2026-09-10,15:29,POONAWALLA,1.2162
2026-09-10,15:29,POWERGRID,5.3499
2026-09-10,15:29,POWERINDIA,71.7786
2026-09-10,15:29,POWERMECH,4.4467
2026-09-10,15:29,PPL,22.1858
2026-09-10,15:29,PPLPHARMA,27.6063
2026-09-10,15:29,PRABHA,34.6934
2026-09-10,15:29,PRAJIND,-3.6551
2026-09-10,15:29,PRAKASH,-2.4202
2026-09-10,15:29,PRECOT,53.0694
2026-09-10,15:29,PRECWIRE,105.9162
2026-09-10,15:29,PREMEXPLN,40.9062
2026-09-10,15:29,PREMIERENE,8.1815
2026-09-10,15:29,PREMIERPOL,120.8584
2026-09-10,15:29,PRESTIGE,-3.5371
2026-09-10,15:29,PRICOLLTD,10.3057
2026-09-10,15:29,PRIMESECU,-3.7391
2026-09-10,15:29,PRIMO,-5.6522
2026-09-10,15:29,PRINCEPIPE,13.4806
2026-09-10,15:29,PRIVISCL,15.4616
2026-09-10,15:29,PROZONER,1.1997
2026-09-10,15:29,PRUDENT,23.2792
2026-09-10,15:29,PSPPROJECT,1.7407
2026-09-10,15:29,PTC,-2.5675
2026-09-10,15:29,PTCIL,32.3695
2026-09-10,15:29,PTL,-2.2034
2026-09-10,15:29,PVP,98.2009
2026-09-10,15:29,PVRINOX,16.9492
2026-09-10,15:29,PWL,-3.1708
2026-09-10,15:29,PYRAMID,-4.6094
2026-09-10,15:29,QPOWER,122.1511
2026-09-10,15:29,QUADFUTURE,72.4916
2026-09-10,15:29,QUESS,72.6216
2026-09-10,15:29,RACLGEAR,56.4421
2026-09-10,15:29,RADHIKAJWE,17.5115
2026-09-10,15:29,RADICO,40.9875
2026-09-10,15:29,RAIN,95.7301
2026-09-10,15:29,RAINBOW,10.2711
2026-09-10,15:29,RAJRATAN,13.5963
2026-09-10,15:29,RAMCOIND,2.2396
2026-09-10,15:29,RAMCOSYS,4.2602
2026-09-10,15:29,RAMRAT,75.7243
2026-09-10,15:29,RANEHOLDIN,33.3542
2026-09-10,15:29,RATEGAIN,31.6993
2026-09-10,15:29,RATNAMANI,21.6077
2026-09-10,15:29,RATNAVEER,94.6481
2026-09-10,15:29,RAYMOND,100.5755
2026-09-10,15:29,RAYMONDREL,21.4543
2026-09-10,15:29,RBA,54.0984
2026-09-10,15:29,RBLBANK,37.5063
2026-09-10,15:29,RBZJEWEL,29.9891
2026-09-10,15:29,REDINGTON,45.6978
2026-09-10,15:29,REFEX,-2.0145
2026-09-10,15:29,REGAAL,17.6156
2026-09-10,15:29,RELIGARE,13.3608
2026-09-10,15:29,RELTD,-3.4672
2026-09-10,15:29,RGL,23.4946
2026-09-10,15:29,RHETAN,3.3115
2026-09-10,15:29,RICOAUTO,5.4715
2026-09-10,15:29,RISHABH,110.109
2026-09-10,15:29,RITCO,9.7197
2026-09-10,15:29,RITES,-5.3265
2026-09-10,15:29,RKFORGE,51.9912
2026-09-10,15:29,RML,93.5169
2026-09-10,15:29,ROLEXRINGS,37.9461
2026-09-10,15:29,ROSSTECH,92.3328
2026-09-10,15:29,RPEL,88.7518
2026-09-10,15:29,RPGLIFE,18.868
2026-09-10,15:29,RPSGVENT,12.5519
2026-09-10,15:29,RPTECH,133.2466
2026-09-10,15:29,RRKABEL,70.3958
2026-09-10,15:29,RSWM,42.8686
2026-09-10,15:29,RUBICON,175.8514
2026-09-10,15:29,RUBYMILLS,100.9464
2026-09-10,15:29,SAATVIKGL,2.2118
2026-09-10,15:29,SAIL,44.3781
2026-09-10,15:29,SAILIFE,81.5185
2026-09-10,15:29,SAKAR,170.5654
2026-09-10,15:29,SALSTEEL,82.8006
2026-09-10,15:29,SAMBHV,44.5669
2026-09-10,15:29,SAMMAANCAP,4.3839
2026-09-10,15:29,SANATHAN,10.4355
2026-09-10,15:29,SANDESH,-4.7925
2026-09-10,15:29,SANDHAR,15.2715
2026-09-10,15:29,SANGAMIND,34.9036
2026-09-10,15:29,SANGHVIMOV,41.4169
2026-09-10,15:29,SANSERA,141.0739
2026-09-10,15:29,SANSTAR,20.0179
2026-09-10,15:29,SAPPHIRE,-0.6957
2026-09-10,15:29,SARDAEN,5.0342
2026-09-10,15:29,SAREGAMA,44.5764
2026-09-10,15:29,SARLAPOLY,19.8226
2026-09-10,15:29,SASKEN,52.7017
2026-09-10,15:29,SATIA,4.2573
2026-09-10,15:29,SATIN,55.3609
2026-09-10,15:29,SBC,68.5374
2026-09-10,15:29,SBCL,152.6124
2026-09-10,15:29,SBFC,-4.7029
2026-09-10,15:29,SBIN,3.2888
2026-09-10,15:29,SCHAEFFLER,3.8726
2026-09-10,15:29,SCHNEIDER,70.761
2026-09-10,15:29,SCI,36.4724
2026-09-10,15:29,SCPL,115.4168
2026-09-10,15:29,SEAMECLTD,74.3607
2026-09-10,15:29,SENCO,12.0756
2026-09-10,15:29,SENORES,82.9561
2026-09-10,15:29,SERVOTECH,0.388
2026-09-10,15:29,SESHAPAPER,5.6604
2026-09-10,15:29,SETL,200.4717
2026-09-10,15:29,SFL,21.9872
2026-09-10,15:29,SGFIN,64.5647
2026-09-10,15:29,SGIL,12.9032
2026-09-10,15:29,SGMART,129.1287
2026-09-10,15:29,SHAILY,42.6187
2026-09-10,15:29,SHALPAINTS,55.6568
2026-09-10,15:29,SHANTIGEAR,53.7785
2026-09-10,15:29,SHANTIGOLD,39.1509
2026-09-10,15:29,SHARDAMOTR,0.59
2026-09-10,15:29,SHAREINDIA,13.081
2026-09-10,15:29,SHILCTECH,7.2578
2026-09-10,15:29,SHILPAMED,193.032
2026-09-10,15:29,SHIVALIK,0.4381
2026-09-10,15:29,SHIVAUM,63.1142
2026-09-10,15:29,SHREEJISPG,114.9186
2026-09-10,15:29,SHREEPUSHK,34.9623
2026-09-10,15:29,SHRINGARMS,0.3797
2026-09-10,15:29,SHRIPISTON,45.4492
2026-09-10,15:29,SHRIRAMFIN,19.3858
2026-09-10,15:29,SHYAMMETL,35.6184
2026-09-10,15:29,SICALLOG,5.0795
2026-09-10,15:29,SIEMENS,28.6402
2026-09-10,15:29,SIGACHI,10.6985
2026-09-10,15:29,SIGMAADV,364.9601
2026-09-10,15:29,SIGNPOST,21.4788
2026-09-10,15:29,SILVERTUC,80.0948
2026-09-10,15:29,SIMPLEXINF,-0.0586
2026-09-10,15:29,SINDHUTRAD,11.6268
2026-09-10,15:29,SIS,28.225
2026-09-10,15:29,SJS,39.9737
2026-09-10,15:29,SJVN,-4.5048
2026-09-10,15:29,SKFINDUS,21.7503
2026-09-10,15:29,SKIPPER,39.1906
2026-09-10,15:29,SKMEGGPROD,20.6913
2026-09-10,15:29,SKYGOLD,159.2257
2026-09-10,15:29,SMARTWORKS,16.4492
2026-09-10,15:29,SMCGLOBAL,1.916
2026-09-10,15:29,SMLMAH,74.1712
2026-09-10,15:29,SMSPHARMA,37.4321
2026-09-10,15:29,SOFTTECH,34.4252
2026-09-10,15:29,SOLARA,23.3432
2026-09-10,15:29,SOLARINDS,90.0272
2026-09-10,15:29,SOMANYCERA,36.9799
2026-09-10,15:29,SONACOMS,65.1763
2026-09-10,15:29,SOTL,91.5899
2026-09-10,15:29,SOUTHBANK,17.7312
2026-09-10,15:29,SOUTHWEST,16.444
2026-09-10,15:29,SPAL,46.7959
2026-09-10,15:29,SPARC,49.412
2026-09-10,15:29,SPECIALITY,28.5922
2026-09-10,15:29,SPECTRUM,141.9805
2026-09-10,15:29,SPLPETRO,30.0589
2026-09-10,15:29,SPMLINFRA,0.5814
2026-09-10,15:29,SPORTKING,148.4231
2026-09-10,15:29,SREEL,70.3625
2026-09-10,15:29,SRHHYPOLTD,0.868
2026-09-10,15:29,SSWL,96.7766
2026-09-10,15:29,STALLION,14.631
2026-09-10,15:29,STAR,36.9185
2026-09-10,15:29,STARHEALTH,24.8646
2026-09-10,15:29,STCINDIA,-2.0074
2026-09-10,15:29,STEELCAS,63.4669
2026-09-10,15:29,STEL,5.0739
2026-09-10,15:29,STLNETWORK,55.6945
2026-09-10,15:29,STLTECH,793.716
2026-09-10,15:29,STOVEKRAFT,46.4012
2026-09-10,15:29,STYL,39.4903
2026-09-10,15:29,STYLAMIND,52.8157
2026-09-10,15:29,STYLEBAAZA,43.471
2026-09-10,15:29,STYRENIX,7.2147
2026-09-10,15:29,SUDARSCHEM,33.7966
2026-09-10,15:29,SUDEEPPHRM,80.0044
2026-09-10,15:29,SUMICHEM,7.5478
2026-09-10,15:29,SUNCLAY,5.4637
2026-09-10,15:29,SUNDARMFIN,-2.19
2026-09-10,15:29,SUNDRMFAST,35.487
2026-09-10,15:29,SUNDROP,-5.6073
2026-09-10,15:29,SUNFLAG,32.974
2026-09-10,15:29,SUNPHARMA,6.5926
2026-09-10,15:29,SUPRAJIT,8.0328
2026-09-10,15:29,SUPREMEIND,5.0615
2026-09-10,15:29,SUPREMEINF,-2.5052
2026-09-10,15:29,SUPRIYA,25.5921
2026-09-10,15:29,SURAKSHA,20.0256
2026-09-10,15:29,SURYODAY,12.7145
2026-09-10,15:29,SUTLEJTEX,23.759
2026-09-10,15:29,SUVEN,115.8846
2026-09-10,15:29,SUYOG,3.8715
2026-09-10,15:29,SVLL,10.66
2026-09-10,15:29,SWANDEF,1009.5462
2026-09-10,15:29,SWARAJENG,-0.4765
2026-09-10,15:29,SWELECTES,-6.0443
2026-09-10,15:29,SYRMA,125.2307
2026-09-10,15:29,TALBROAUTO,51.9711
2026-09-10,15:29,TARIL,2.7827
2026-09-10,15:29,TARSONS,37.6956
2026-09-10,15:29,TASTYBITE,26.7756
2026-09-10,15:29,TATACAP,11.9279
2026-09-10,15:29,TATACOMM,-1.5237
2026-09-10,15:29,TATAPOWER,-2.1203
2026-09-10,15:29,TATASTEEL,11.0992
2026-09-10,15:29,TATATECH,21.1492
2026-09-10,15:29,TATVA,19.2982
2026-09-10,15:29,TBOTEK,1.1619
2026-09-10,15:29,TBZ,211.6064
2026-09-10,15:29,TCPLPACK,32.194
2026-09-10,15:29,TDPOWERSYS,9.3784
2026-09-10,15:29,TECHM,-4.9701
2026-09-10,15:29,TEJASNET,22.8603
2026-09-10,15:29,TENNIND,10.514
2026-09-10,15:29,TEXINFRA,9.7751
2026-09-10,15:29,TEXRAIL,-4.3298
2026-09-10,15:29,TFCILTD,123.2497
2026-09-10,15:29,THANGAMAYL,54.9427
2026-09-10,15:29,THEJO,37.0206
2026-09-10,15:29,THELEELA,34.128
2026-09-10,15:29,THEMISMED,32.2949
2026-09-10,15:29,THERMAX,27.8729
2026-09-10,15:29,THYROCARE,30.2429
2026-09-10,15:29,TI,20.2716
2026-09-10,15:29,TIIL,39.9362
2026-09-10,15:29,TIINDIA,2.7947
2026-09-10,15:29,TIMETECHNO,-0.4041
2026-09-10,15:29,TIMKEN,9.3127
2026-09-10,15:29,TINNARUBR,30.9651
2026-09-10,15:29,TIPSMUSIC,23.4693
2026-09-10,15:29,TIRUPATIFL,123.8882
2026-09-10,15:29,TITAGARH,11.2449
2026-09-10,15:29,TITAN,28.1096
2026-09-10,15:29,TMB,82.0179
2026-09-10,15:29,TMCV,9.525
2026-09-10,15:29,TNPETRO,29.6902
2026-09-10,15:29,TNPL,9.794
2026-09-10,15:29,TORNTPHARM,31.1345
2026-09-10,15:29,TORNTPOWER,3.4805
2026-09-10,15:29,TPLPLASTEH,2.8968
2026-09-10,15:29,TRAVELFOOD,2.1772
2026-09-10,15:29,TRENT,4.9143
2026-09-10,15:29,TRITURBINE,7.2679
2026-09-10,15:29,TRUALT,3.1208
2026-09-10,15:29,TSFINV,-1.8249
2026-09-10,15:29,TTKHLTCARE,9.2976
2026-09-10,15:29,TVSMOTOR,14.7347
2026-09-10,15:29,TVSSCS,23.6481
2026-09-10,15:29,TVSSRICHAK,26.5999
2026-09-10,15:29,UDS,24.3653
2026-09-10,15:29,UEL,92.413
2026-09-10,15:29,UFBL,309.3075
2026-09-10,15:29,UFLEX,43.1064
2026-09-10,15:29,UGARSUGAR,9.8833
2026-09-10,15:29,UJJIVANSFB,24.803
2026-09-10,15:29,ULTRACEMCO,-4.2056
2026-09-10,15:29,UNICHEMLAB,17.7758
2026-09-10,15:29,UNIMECH,72.6507
2026-09-10,15:29,UNIONBANK,16.2504
2026-09-10,15:29,UNIPARTS,83.0347
2026-09-10,15:29,UNITDSPR,0.6326
2026-09-10,15:29,UNITEDPOLY,45.9505
2026-09-10,15:29,UNIVASTU,145.7835
2026-09-10,15:29,UNIVCABLES,87.567
2026-09-10,15:29,UNIVPHOTO,136.8018
2026-09-10,15:29,UNOMINDA,-0.1467
2026-09-10,15:29,URBANCO,33.9956
2026-09-10,15:29,USHAMART,10.7574
2026-09-10,15:29,UTLSOLAR,123.6669
2026-09-10,15:29,UTTAMSUGAR,6.0259
2026-09-10,15:29,V2RETAIL,-0.4518
2026-09-10,15:29,VADILALIND,45.2607
2026-09-10,15:29,VALIANTLAB,83.8809
2026-09-10,15:29,VALIANTORG,45.818
2026-09-10,15:29,VARROC,40.593
2026-09-10,15:29,VEDL,28.4064
2026-09-10,15:29,VENKEYS,20.9996
2026-09-10,15:29,VENUSPIPES,63.7074
2026-09-10,15:29,VENUSREM,117.4152
2026-09-10,15:29,VERANDA,28.2036
2026-09-10,15:29,VGUARD,0.1676
2026-09-10,15:29,VHL,-3.4601
2026-09-10,15:29,VIDHIING,2.6192
2026-09-10,15:29,VIDYAWIRES,69.6633
2026-09-10,15:29,VIJAYA,50.9746
2026-09-10,15:29,VIMTALABS,7.1194
2026-09-10,15:29,VINCOFE,12.5079
2026-09-10,15:29,VINDHYATEL,104.3135
2026-09-10,15:29,VISAKAIND,43.363
2026-09-10,15:29,VISHNU,42.7191
2026-09-10,15:29,VIYASH,24.4029
2026-09-10,15:29,VMART,8.404
2026-09-10,15:29,VOLTAMP,38.6206
2026-09-10,15:29,VRLLOG,8.8784
2026-09-10,15:29,VSSL,34.2236
2026-09-10,15:29,VTL,27.9395
2026-09-10,15:29,WABAG,71.0066
2026-09-10,15:29,WALCHANNAG,5.7662
2026-09-10,15:29,WANBURY,6.6004
2026-09-10,15:29,WELCORP,254.2416
2026-09-10,15:29,WELENT,59.5421
2026-09-10,15:29,WELINV,77.2219
2026-09-10,15:29,WELSPUNLIV,58.1993
2026-09-10,15:29,WENDT,8.085
2026-09-10,15:29,WESTLIFE,7.9946
2026-09-10,15:29,WEWORK,17.3427
2026-09-10,15:29,WHEELS,177.5545
2026-09-10,15:29,WINDLAS,53.2325
2026-09-10,15:29,WINDMACHIN,12.1576
2026-09-10,15:29,WOCKPHARMA,60.9714
2026-09-10,15:29,WONDERLA,-2.1307
2026-09-10,15:29,WSTCSTPAPR,76.994
2026-09-10,15:29,XPROINDIA,30.9499
2026-09-10,15:29,YASHO,175.8621
2026-09-10,15:29,YATHARTH,45.2222
2026-09-10,15:29,YESBANK,4.0112
2026-09-10,15:29,YUKEN,26.6418
2026-09-10,15:29,ZENTEC,30.1815
2026-09-10,15:29,ZIMLAB,94.3447
2026-09-10,15:29,ZYDUSLIFE,22.3444
2026-09-10,15:29,ZYDUSWELL,33.1374
