date,above_20_ema__pct,above_20_ema__50_50,above_50_ema__pct,above_50_ema__50_50,52_week_high_low_within_10__low,52_week_high_low_within_10__high,3_above_200_ema__pct,3_above_200_ema__50_50,5_advance_decline_ratio__advance,5_advance_decline_ratio__decline,current_previous_yr_volumes_crores__current,current_previous_yr_volumes_crores__1_yr_back,drawdowns_peaks__blw_3,gold_etfs_nifty_1_month_chg__gold,gold_etfs_nifty_1_month_chg__nifty,breadth_above_500_trend_reversal__up_4_5_today,breadth_above_500_trend_reversal__down_4_5_today,breadth_above_500_trend_reversal__up_20_in_5d,breadth_above_500_trend_reversal__down_20_in_5d,breadth_above_500_trend_reversal__above_20dma,breadth_above_500_trend_reversal__below_20dma,breadth_above_500_trend_reversal__above_50dma,breadth_above_500_trend_reversal__below_50dma,breadth_above_500_trend_reversal__above_200dma,breadth_above_500_trend_reversal__below_200dma,new_high_low_bearishness_bullishness__high,new_high_low_bearishness_bullishness__low,nifty_500_above_below_200_ema__above_200_ema,nifty_500_above_below_200_ema__below_200_ema,nifty_500_above_below_200_ema__60,oversold_overbought_rsi__oversold,oversold_overbought_rsi__overbought,weekly_rsi_50_50__below_rsi_50,weekly_rsi_50_50__above_rsi_50,10_from_10dema__10_10ema,15_up_10_down__15_in_5d,15_up_10_down__10_in_5d,4_advance_decline__4_advance,4_advance_decline__4_decline,4_advance_decline_today__4_advance,4_advance_decline_today__4_decline,4_advance_decline_today__net_breadth,52_wk_high_low__new_52_wk_high,52_wk_high_low__new_52_wk_low,52_wk_high_low_today__new_52_wk_high,52_wk_high_low_today__new_52_wk_low,above_10ma__pct,above_200ma__above_200ma,above_20ma__pct,above_50ma__above_50ma,mbm_2_0_magnitude__abv_10ma,mbm_2_0_magnitude__abv_20ma,mbm_2_0_magnitude__abv_50ma,mbm_2_0_magnitude__abv_200ma,mbm_2_0_velocity_advanced__breakouts,mbm_2_0_velocity_advanced__breakdowns,mbm_2_0_velocity_advanced__up_close,mbm_2_0_velocity_advanced__down_close,mbm_2_0_velocity_advanced__new_52_wk_high,mbm_2_0_velocity_advanced__new_52_wk_low,mbm_2_0_velocity_advanced__net_nh_nl,mbm_2_0_velocity_advanced__15_52wh,mbm_2_0_velocity_advanced__15_52wl,mbm_2_0_velocity_advanced__net_15_h_l,mbm_2_0_velocity_advanced__30_52wh,mbm_2_0_velocity_advanced__30_52_wl,mbm_2_0_velocity_advanced__net_30_h_l,mbm_2_0_velocity_basic__4_advance,mbm_2_0_velocity_basic__4_decline,mbm_2_0_velocity_basic__net_breadth,mbm_2_0_velocity_basic__3_range,mbm_2_0_velocity_basic__5d_range,mbm_2_0_velocity_basic__volume,mbm_2_0_velocity_basic__15_in_5d,mbm_2_0_velocity_basic__10_in_5d,mbm_2_0_velocity_basic__10_10ema,net_breadth__net_breadth,net_nh_nl__net_nh_nl,volume__volume
2019-07-01,,,,,,,,,,,,,,,,,,,,,,,,,,,,50.9485,49.0515,60,160,28,0.7129,0.2756,,,,,,,,,,,,,,,,,,,,,,,,,,,,,,,,,,,,,,,,,,,,,
2019-07-08,,,,,,,,,,,,,,,,,,,,,,,,,,,,46.7568,53.2432,60,191,19,0.7563,0.2316,,,,,,,,,,,,,,,,,,,,,,,,,,,,,,,,,,,,,,,,,,,,,
2019-07-15,,,,,,,,,,,,,,,,,,,,,,,,,,,,44.0541,55.9459,60,300,21,0.8186,0.1685,,,,,,,,,,,,,,,,,,,,,,,,,,,,,,,,,,,,,,,,,,,,,
2019-07-22,,,,,,,,,,,,,,,,,,,,,,,,,,,,42.973,57.027,60,338,14,0.8365,0.1499,,,,,,,,,,,,,,,,,,,,,,,,,,,,,,,,,,,,,,,,,,,,,
2019-07-29,,,,,,,,,,,,,,,,,,,,,,,,,,,,39.1892,60.8108,60,470,15,0.882,0.1038,,,,,,,,,,,,,,,,,,,,,,,,,,,,,,,,,,,,,,,,,,,,,
2019-08-05,,,,,,,,,,,,,,,,,,,,,,,,,,,,40.2703,59.7297,60,341,19,0.8431,0.1421,,,,,,,,,,,,,,,,,,,,,,,,,,,,,,,,,,,,,,,,,,,,,
2019-08-13,,,,,,,,,,,,,,,,,,,,,,,,,,,,41.5094,58.4906,60,364,16,0.8611,0.1274,,,,,,,,,,,,,,,,,,,,,,,,,,,,,,,,,,,,,,,,,,,,,
2019-08-19,,,,,,,,,,,,,,,,,,,,,,,,,,,,38.4409,61.2903,60,482,15,0.8732,0.1073,,,,,,,,,,,,,,,,,,,,,,,,,,,,,,,,,,,,,,,,,,,,,
2019-08-26,,,,,,,,,,,,,,,,,,,,,,,,,,,,40.8602,59.1398,60,315,22,0.8439,0.1341,,,,,,,,,,,,,,,,,,,,,,,,,,,,,,,,,,,,,,,,,,,,,
2019-09-03,,,,,,,,,,,,,,,,,,,,,,,,,,,,41.3978,58.6022,60,248,19,0.826,0.1527,,,,,,,,,,,,,,,,,,,,,,,,,,,,,,,,,,,,,,,,,,,,,
2019-09-09,,,,,,,,,,,,,,,,,,,,,,,,,,,,45.1613,54.8387,60,107,18,0.733,0.2457,,,,,,,,,,,,,,,,,,,,,,,,,,,,,,,,,,,,,,,,,,,,,
2019-09-16,,,,,,,,,,,,,,,,,,,,,,,,,,,,48.1183,51.8817,60,113,20,0.6991,0.2795,,,,,,,,,,,,,,,,,,,,,,,,,,,,,,,,,,,,,,,,,,,,,
2019-09-23,,,,,,,,,,,,,,,,,,,,,,,,,,,,45.3083,54.6917,60,118,39,0.6669,0.3112,,,,,,,,,,,,,,,,,,,,,,,,,,,,,,,,,,,,,,,,,,,,,
2019-09-30,,,,,,,,,,,,,,,,,,,,,,,,,,,,44.2359,55.7641,60,175,30,0.7748,0.204,,,,,,,,,,,,,,,,,,,,,,,,,,,,,,,,,,,,,,,,,,,,,
2019-10-07,,,,,,,,,,,,,,,,,,,,,,,,,,,,44.2359,55.7641,60,194,37,0.7636,0.2164,,,,,,,,,,,,,,,,,,,,,,,,,,,,,,,,,,,,,,,,,,,,,
2019-10-14,,,,,,,,,,,,,,,,,,,,,,,,,,,,47.861,51.8717,60,155,42,0.688,0.2914,,,,,,,,,,,,,,,,,,,,,,,,,,,,,,,,,,,,,,,,,,,,,
2019-10-22,,,,,,,,,,,,,,,,,,,,,,,,,,,,48,52,60,135,56,0.6748,0.3067,,,,,,,,,,,,,,,,,,,,,,,,,,,,,,,,,,,,,,,,,,,,,
2019-10-29,,,,,,,,,,,,,,,,,,,,,,,,,,,,51.2,48.8,60,93,60,0.5904,0.3916,,,,,,,,,,,,,,,,,,,,,,,,,,,,,,,,,,,,,,,,,,,,,
2019-11-04,,,,,,,,,,,,,,,,,,,,,,,,,,,,50.4,49.6,60,74,47,0.6149,0.3639,,,,,,,,,,,,,,,,,,,,,,,,,,,,,,,,,,,,,,,,,,,,,
2019-11-11,,,,,,,,,,,,,,,,,,,,,,,,,,,,48.8,51.2,60,92,45,0.6486,0.3303,,,,,,,,,,,,,,,,,,,,,,,,,,,,,,,,,,,,,,,,,,,,,
2019-11-18,,,,,,,,,,,,,,,,,,,,,,,,,,,,50.5348,49.4652,60,86,34,0.642,0.3362,,,,,,,,,,,,,,,,,,,,,,,,,,,,,,,,,,,,,,,,,,,,,
2019-11-25,,,,,,,,,,,,,,,,,,,,,,,,,,,,52.4064,47.5936,60,81,53,0.6176,0.3693,,,,,,,,,,,,,,,,,,,,,,,,,,,,,,,,,,,,,,,,,,,,,
2019-12-02,,,,,,,,,,,,,,,,,,,,,,,,,,,,48.6631,51.3369,60,83,31,0.6739,0.3105,,,,,,,,,,,,,,,,,,,,,,,,,,,,,,,,,,,,,,,,,,,,,
2019-12-09,,,,,,,,,,,,,,,,,,,,,,,,,,,,50.2674,49.7326,60,91,38,0.6815,0.302,,,,,,,,,,,,,,,,,,,,,,,,,,,,,,,,,,,,,,,,,,,,,
2019-12-16,,,,,,,,,,,,,,,,,,,,,,,,,,,,50,50,60,76,37,0.6619,0.3217,,,,,,,,,,,,,,,,,,,,,,,,,,,,,,,,,,,,,,,,,,,,,
2019-12-23,,,,,,,,,,,,,,,,,,,,,,,,,,,,50.2674,49.7326,60,70,41,0.6098,0.3757,,,,,,,,,,,,,,,,,,,,,,,,,,,,,,,,,,,,,,,,,,,,,
2019-12-30,,,,,,,,,,,,,,,,,,,,,,,,,,,,53.4759,46.5241,60,39,69,0.4997,0.4839,,,,,,,,,,,,,,,,,,,,,,,,,,,,,,,,,,,,,,,,,,,,,
2020-01-06,,,,,,,,,,,,,,,,,,,,,,,,,,,,55.3476,44.6524,60,34,79,0.4728,0.5095,,,,,,,,,,,,,,,,,,,,,,,,,,,,,,,,,,,,,,,,,,,,,
2020-01-13,,,,,,,,,,,,,,,,,,,,,,,,,,,,57.754,42.246,60,26,108,0.3346,0.6477,,,,,,,,,,,,,,,,,,,,,,,,,,,,,,,,,,,,,,,,,,,,,
2020-01-20,,,,,,,,,,,,,,,,,,,,,,,,,,,,58.0214,41.9786,60,26,121,0.3761,0.6069,,,,,,,,,,,,,,,,,,,,,,,,,,,,,,,,,,,,,,,,,,,,,
2020-01-27,,,,,,,,,,,,,,,,,,,,,,,,,,,,52.1277,47.6064,60,41,89,0.5764,0.406,,,,,,,,,,,,,,,,,,,,,,,,,,,,,,,,,,,,,,,,,,,,,
2020-02-03,,,,,,,,,,,,,,,,,,,,,,,,,,,,55.8511,44.1489,60,35,113,0.4964,0.4899,,,,,,,,,,,,,,,,,,,,,,,,,,,,,,,,,,,,,,,,,,,,,
2020-02-10,,,,,,,,,,,,,,,,,,,,,,,,,,,,52.1277,47.8723,60,55,121,0.5784,0.4079,,,,,,,,,,,,,,,,,,,,,,,,,,,,,,,,,,,,,,,,,,,,,
2020-02-17,,,,,,,,,,,,,,,,,,,,,,,,,,,,52.3936,47.6064,60,68,134,0.5923,0.3934,,,,,,,,,,,,,,,,,,,,,,,,,,,,,,,,,,,,,,,,,,,,,
2020-02-24,,,,,,,,,,,,,,,,,,,,,,,,,,,,45.4787,54.5213,60,134,58,0.7671,0.2193,,,,,,,,,,,,,,,,,,,,,,,,,,,,,,,,,,,,,,,,,,,,,
2020-03-02,,,,,,,,,,,,,,,,,,,,,,,,,,,,42.2872,57.7128,60,223,44,0.8084,0.1799,,,,,,,,,,,,,,,,,,,,,,,,,,,,,,,,,,,,,,,,,,,,,
2020-03-09,,,,,,,,,,,,,,,,,,,,,,,,,,,,31.565,68.1698,60,515,6,0.9032,0.0845,,,,,,,,,,,,,,,,,,,,,,,,,,,,,,,,,,,,,,,,,,,,,
2020-03-16,,,,,,,,,,,,,,,,,,,,,,,,,,,,20.8995,78.836,60,789,1,0.9467,0.041,,,,,,,,,,,,,,,,,,,,,,,,,,,,,,,,,,,,,,,,,,,,,
2020-03-23,,,,,,,,,,,,,,,,,,,,,,,,,,,,18.5185,81.4815,60,873,1,0.9583,0.0291,,,,,,,,,,,,,,,,,,,,,,,,,,,,,,,,,,,,,,,,,,,,,
2020-03-30,,,,,,,,,,,,,,,,,,,,,,,,,,,,16.6227,83.1135,60,740,6,0.9468,0.0403,,,,,,,,,,,,,,,,,,,,,,,,,,,,,,,,,,,,,,,,,,,,,
2020-04-07,,,,,,,,,,,,,,,,,,,,,,,,,,,,24.8021,75.1979,60,354,14,0.9013,0.087,,,,,,,,,,,,,,,,,,,,,,,,,,,,,,,,,,,,,,,,,,,,,
2020-04-13,,,,,,,,,,,,,,,,,,,,,,,,,,,,24.5383,75.4617,60,179,16,0.8589,0.1307,,,,,,,,,,,,,,,,,,,,,,,,,,,,,,,,,,,,,,,,,,,,,
2020-04-20,,,,,,,,,,,,,,,,,,,,,,,,,,,,25.066,74.934,60,191,18,0.8563,0.1346,,,,,,,,,,,,,,,,,,,,,,,,,,,,,,,,,,,,,,,,,,,,,
2020-04-27,,,,,,,,,,,,,,,,,,,,,,,,,,,,28.7599,71.2401,60,124,20,0.8145,0.1777,,,,,,,,,,,,,,,,,,,,,,,,,,,,,,,,,,,,,,,,,,,,,
2020-05-04,,,,,,,,,,,,,,,,,,,,,,,,,,,,25.066,74.934,60,169,13,0.8541,0.1394,,,,,,,,,,,,,,,,,,,,,,,,,,,,,,,,,,,,,,,,,,,,,
2020-05-11,,,,,,,,,,,,,,,,,,,,,,,,,,,,25.8575,74.1425,60,157,16,0.8415,0.152,,,,,,,,,,,,,,,,,,,,,,,,,,,,,,,,,,,,,,,,,,,,,
2020-05-18,,,,,,,,,,,,,,,,,,,,,,,,,,,,24.8021,75.1979,60,195,20,0.8333,0.1615,,,,,,,,,,,,,,,,,,,,,,,,,,,,,,,,,,,,,,,,,,,,,
2020-05-26,,,,,,,,,,,,,,,,,,,,,,,,,,,,28.496,71.504,60,122,18,0.7859,0.209,,,,,,,,,,,,,,,,,,,,,,,,,,,,,,,,,,,,,,,,,,,,,
2020-06-01,,,,,,,,,,,,,,,,,,,,,,,,,,,,35.3562,64.6438,60,17,31,0.5858,0.4084,,,,,,,,,,,,,,,,,,,,,,,,,,,,,,,,,,,,,,,,,,,,,
2020-06-08,,,,,,,,,,,,,,,,,,,,,,,,,,,,34.0369,65.9631,60,12,38,0.5628,0.4321,,,,,,,,,,,,,,,,,,,,,,,,,,,,,,,,,,,,,,,,,,,,,
2020-06-15,,,,,,,,,,,,,,,,,,,,,,,,,,,,36.9393,63.0607,60,5,65,0.4395,0.556,,,,,,,,,,,,,,,,,,,,,,,,,,,,,,,,,,,,,,,,,,,,,
2020-06-22,,,,,,,,,,,,,,,,,,,,,,,,,,,,39.5778,60.4222,60,3,96,0.3312,0.6643,,,,,,,,,,,,,,,,,,,,,,,,,,,,,,,,,,,,,,,,,,,,,
2020-06-29,,,,,,,,,,,,,,,,,,,,,,,,,,,,40.1055,59.8945,60,2,98,0.3656,0.6292,,,,,,,,,,,,,,,,,,,,,,,,,,,,,,,,,,,,,,,,,,,,,
2020-07-06,,,,,,,,,,,,,,,,,,,,,,,,,,,,40.1055,59.8945,60,6,92,0.3535,0.642,,,,,,,,,,,,,,,,,,,,,,,,,,,,,,,,,,,,,,,,,,,,,
2020-07-13,,,,,,,,,,,,,,,,,,,,,,,,,,,,41.4248,58.5752,60,3,82,0.4023,0.5919,,,,,,,,,,,,,,,,,,,,,,,,,,,,,,,,,,,,,,,,,,,,,
2020-07-20,,,,,,,,,,,,,,,,,,,,,,,,,,,,43.5356,56.4644,60,6,90,0.4075,0.5861,,,,,,,,,,,,,,,,,,,,,,,,,,,,,,,,,,,,,,,,,,,,,
2020-07-27,,,,,,,,,,,,,,,,,,,,,,,,,,,,43.7995,56.2005,60,6,101,0.4765,0.5164,,,,,,,,,,,,,,,,,,,,,,,,,,,,,,,,,,,,,,,,,,,,,
2020-08-03,,,,,,,,,,,,,,,,,,,,,,,,,,,,46.438,53.562,60,5,149,0.3484,0.6439,,,,,,,,,,,,,,,,,,,,,,,,,,,,,,,,,,,,,,,,,,,,,
2020-08-10,,,,,,,,,,,,,,,,,,,,,,,,,,,,49.6042,50.3958,60,3,139,0.2658,0.7252,,,,,,,,,,,,,,,,,,,,,,,,,,,,,,,,,,,,,,,,,,,,,
2020-08-17,,,,,,,,,,,,,,,,,,,,,,,,,,,,53.0343,46.9657,60,3,197,0.1555,0.8362,,,,,,,,,,,,,,,,,,,,,,,,,,,,,,,,,,,,,,,,,,,,,
2020-08-24,,,,,,,,,,,,,,,,,,,,,,,,,,,,56.3158,43.6842,60,2,198,0.1116,0.8776,,,,,,,,,,,,,,,,,,,,,,,,,,,,,,,,,,,,,,,,,,,,,
2020-08-31,,,,,,,,,,,,,,,,,,,,,,,,,,,,52.3684,47.6316,60,2,107,0.2282,0.7604,,,,,,,,,,,,,,,,,,,,,,,,,,,,,,,,,,,,,,,,,,,,,
2020-09-07,,,,,,,,,,,,,,,,,,,,,,,,,,,,50.2632,49.7368,60,2,119,0.2868,0.7011,,,,,,,,,,,,,,,,,,,,,,,,,,,,,,,,,,,,,,,,,,,,,
2020-09-14,,,,,,,,,,,,,,,,,,,,,,,,,,,,52.8947,47.1053,60,5,166,0.2643,0.7236,,,,,,,,,,,,,,,,,,,,,,,,,,,,,,,,,,,,,,,,,,,,,
2020-09-21,,,,,,,,,,,,,,,,,,,,,,,,,,,,46.3158,53.6842,60,8,96,0.4443,0.5417,,,,,,,,,,,,,,,,,,,,,,,,,,,,,,,,,,,,,,,,,,,,,
2020-09-28,,,,,,,,,,,,,,,,,,,,,,,,,,,,49.2105,50.7895,60,6,114,0.3717,0.6149,,,,,,,,,,,,,,,,,,,,,,,,,,,,,,,,,,,,,,,,,,,,,
2020-10-05,,,,,,,,,,,,,,,,,,,,,,,,,,,,49.2147,50.2618,60,7,122,0.3703,0.6114,,,,,,,,,,,,,,,,,,,,,,,,,,,,,,,,,,,,,,,,,,,,,
2020-10-12,,,,,,,,,,,,,,,,,,,,,,,,,,,,48.6979,50.7813,60,12,100,0.4314,0.5478,,,,,,,,,,,,,,,,,,,,,,,,,,,,,,,,,,,,,,,,,,,,,
2020-10-19,,,,,,,,,,,,,,,,,,,,,,,,,,,,52.6042,47.3958,60,8,105,0.3789,0.6009,,,,,,,,,,,,,,,,,,,,,,,,,,,,,,,,,,,,,,,,,,,,,
2020-10-26,,,,,,,,,,,,,,,,,,,,,,,,,,,,49.4792,50.5208,60,10,75,0.4358,0.5421,,,,,,,,,,,,,,,,,,,,,,,,,,,,,,,,,,,,,,,,,,,,,
2020-11-02,,,,,,,,,,,,,,,,,,,,,,,,,,,,51.8229,48.1771,60,9,92,0.3807,0.5961,,,,,,,,,,,,,,,,,,,,,,,,,,,,,,,,,,,,,,,,,,,,,
2020-11-09,,,,,,,,,,,,,,,,,,,,,,,,,,,,57.2917,42.7083,60,12,137,0.2923,0.6839,,,,,,,,,,,,,,,,,,,,,,,,,,,,,,,,,,,,,,,,,,,,,
2020-11-17,,,,,,,,,,,,,,,,,,,,,,,,,,,,59.6354,40.3646,60,6,178,0.2373,0.7379,,,,,,,,,,,,,,,,,,,,,,,,,,,,,,,,,,,,,,,,,,,,,
2020-11-23,,,,,,,,,,,,,,,,,,,,,,,,,,,,62.8571,37.1429,60,8,219,0.168,0.8096,,,,,,,,,,,,,,,,,,,,,,,,,,,,,,,,,,,,,,,,,,,,,
2020-12-01,,,,,,,,,,,,,,,,,,,,,,,,,,,,67.013,32.987,60,6,308,0.097,0.8812,,,,,,,,,,,,,,,,,,,,,,,,,,,,,,,,,,,,,,,,,,,,,
2020-12-07,,,,,,,,,,,,,,,,,,,,,,,,,,,,69.6104,30.3896,60,4,366,0.0608,0.9163,,,,,,,,,,,,,,,,,,,,,,,,,,,,,,,,,,,,,,,,,,,,,
2020-12-14,,,,,,,,,,,,,,,,,,,,,,,,,,,,70.3896,29.6104,60,4,409,0.0465,0.9287,,,,,,,,,,,,,,,,,,,,,,,,,,,,,,,,,,,,,,,,,,,,,
2020-12-21,,,,,,,,,,,,,,,,,,,,,,,,,,,,69.3506,30.6494,60,6,325,0.0649,0.9085,,,,,,,,,,,,,,,,,,,,,,,,,,,,,,,,,,,,,,,,,,,,,
2020-12-28,,,,,,,,,,,,,,,,,,,,,,,,,,,,71.1688,28.8312,60,6,443,0.0474,0.9261,,,,,,,,,,,,,,,,,,,,,,,,,,,,,,,,,,,,,,,,,,,,,
2021-01-04,,,,,,,,,,,,,,,,,,,,,,,,,,,,77.1429,22.8571,60,4,561,0.0381,0.9367,,,,,,,,,,,,,,,,,,,,,,,,,,,,,,,,,,,,,,,,,,,,,
2021-01-11,,,,,,,,,,,,,,,,,,,,,,,,,,,,76.1039,23.8961,60,4,411,0.0548,0.9242,,,,,,,,,,,,,,,,,,,,,,,,,,,,,,,,,,,,,,,,,,,,,
2021-01-18,,,,,,,,,,,,,,,,,,,,,,,,,,,,75.0649,24.9351,60,5,300,0.1107,0.8701,,,,,,,,,,,,,,,,,,,,,,,,,,,,,,,,,,,,,,,,,,,,,
2021-01-25,,,,,,,,,,,,,,,,,,,,,,,,,,,,72.7273,27.2727,60,6,194,0.181,0.8017,,,,,,,,,,,,,,,,,,,,,,,,,,,,,,,,,,,,,,,,,,,,,
2021-02-01,,,,,,,,,,,,,,,,,,,,,,,,,,,,77.9793,22.0207,60,5,330,0.1285,0.8548,,,,,,,,,,,,,,,,,,,,,,,,,,,,,,,,,,,,,,,,,,,,,
2021-02-08,,,,,,,,,,,,,,,,,,,,,,,,,,,,78.2946,21.7054,60,5,362,0.1306,0.8529,,,,,,,,,,,,,,,,,,,,,,,,,,,,,,,,,,,,,,,,,,,,,
2021-02-15,,,,,,,,,,,,,,,,,,,,,,,,,,,,79.3282,20.6718,60,9,358,0.1642,0.8205,,,,,,,,,,,,,,,,,,,,,,,,,,,,,,,,,,,,,,,,,,,,,
2021-02-22,,,,,,,,,,,,,,,,,,,,,,,,,,,,80.8786,19.1214,60,8,341,0.1839,0.7983,,,,,,,,,,,,,,,,,,,,,,,,,,,,,,,,,,,,,,,,,,,,,
2021-03-01,,,,,,,,,,,,,,,,,,,,,,,,,,,,81.9588,18.0412,60,16,407,0.139,0.8427,,,,,,,,,,,,,,,,,,,,,,,,,,,,,,,,,,,,,,,,,,,,,
2021-03-08,,,,,,,,,,,,,,,,,,,,,,,,,,,,82.9897,17.0103,60,14,399,0.1553,0.8248,,,,,,,,,,,,,,,,,,,,,,,,,,,,,,,,,,,,,,,,,,,,,
2021-03-15,,,,,,,,,,,,,,,,,,,,,,,,,,,,78.6082,21.3918,60,11,227,0.263,0.717,,,,,,,,,,,,,,,,,,,,,,,,,,,,,,,,,,,,,,,,,,,,,
2021-03-22,,,,,,,,,,,,,,,,,,,,,,,,,,,,76.0925,23.9075,60,20,164,0.3279,0.654,,,,,,,,,,,,,,,,,,,,,,,,,,,,,,,,,,,,,,,,,,,,,
2021-03-30,,,,,,,,,,,,,,,,,,,,,,,,,,,,78.3163,21.6837,60,16,222,0.2618,0.7183,,,,,,,,,,,,,,,,,,,,,,,,,,,,,,,,,,,,,,,,,,,,,
2021-04-05,,,,,,,,,,,,,,,,,,,,,,,,,,,,79.0816,20.9184,60,11,259,0.2147,0.7655,,,,,,,,,,,,,,,,,,,,,,,,,,,,,,,,,,,,,,,,,,,,,
2021-04-12,,,,,,,,,,,,,,,,,,,,,,,,,,,,76.2755,23.7245,60,13,159,0.3185,0.661,,,,,,,,,,,,,,,,,,,,,,,,,,,,,,,,,,,,,,,,,,,,,
2021-04-19,,,,,,,,,,,,,,,,,,,,,,,,,,,,76.0814,23.6641,60,15,147,0.3414,0.6382,,,,,,,,,,,,,,,,,,,,,,,,,,,,,,,,,,,,,,,,,,,,,
2021-04-26,,,,,,,,,,,,,,,,,,,,,,,,,,,,77.3537,22.6463,60,17,205,0.2654,0.7124,,,,,,,,,,,,,,,,,,,,,,,,,,,,,,,,,,,,,,,,,,,,,
2021-05-03,,,,,,,,,,,,,,,,,,,,,,,,,,,,80.1527,19.8473,60,13,275,0.2232,0.7552,,,,,,,,,,,,,,,,,,,,,,,,,,,,,,,,,,,,,,,,,,,,,
2021-05-10,,,,,,,,,,,,,,,,,,,,,,,,,,,,81.6794,18.3206,60,13,271,0.1774,0.8017,,,,,,,,,,,,,,,,,,,,,,,,,,,,,,,,,,,,,,,,,,,,,
2021-05-17,,,,,,,,,,,,,,,,,,,,,,,,,,,,84.7328,15.2672,60,8,347,0.1182,0.8597,,,,,,,,,,,,,,,,,,,,,,,,,,,,,,,,,,,,,,,,,,,,,
2021-05-24,,,,,,,,,,,,,,,,,,,,,,,,,,,,84.7328,15.2672,60,9,379,0.0954,0.8838,,,,,,,,,,,,,,,,,,,,,,,,,,,,,,,,,,,,,,,,,,,,,
2021-05-31,,,,,,,,,,,,,,,,,,,,,,,,,,,,86.7684,13.2316,60,7,475,0.0666,0.9156,,,,,,,,,,,,,,,,,,,,,,,,,,,,,,,,,,,,,,,,,,,,,
2021-06-07,,,,,,,,,,,,,,,,,,,,,,,,,,,,88.5496,11.4504,60,7,616,0.0434,0.9405,,,,,,,,,,,,,,,,,,,,,,,,,,,,,,,,,,,,,,,,,,,,,
2021-06-14,,,,,,,,,,,,,,,,,,,,,,,,,,,,86.2595,13.7405,60,8,472,0.0744,0.9101,,,,,,,,,,,,,,,,,,,,,,,,,,,,,,,,,,,,,,,,,,,,,
2021-06-21,,,,,,,,,,,,,,,,,,,,,,,,,,,,88.2952,11.7048,60,7,517,0.0707,0.9138,,,,,,,,,,,,,,,,,,,,,,,,,,,,,,,,,,,,,,,,,,,,,
2021-06-28,,,,,,,,,,,,,,,,,,,,,,,,,,,,86.6162,13.1313,60,8,561,0.0736,0.9122,,,,,,,,,,,,,,,,,,,,,,,,,,,,,,,,,,,,,,,,,,,,,
2021-07-05,,,,,,,,,,,,,,,,,,,,,,,,,,,,87.6263,12.3737,60,9,586,0.0651,0.9207,,,,,,,,,,,,,,,,,,,,,,,,,,,,,,,,,,,,,,,,,,,,,
2021-07-12,,,,,,,,,,,,,,,,,,,,,,,,,,,,88.1313,11.8687,60,11,647,0.0591,0.9261,,,,,,,,,,,,,,,,,,,,,,,,,,,,,,,,,,,,,,,,,,,,,
2021-07-19,,,,,,,,,,,,,,,,,,,,,,,,,,,,86.9018,12.8463,60,11,571,0.0814,0.9021,,,,,,,,,,,,,,,,,,,,,,,,,,,,,,,,,,,,,,,,,,,,,
2021-07-26,,,,,,,,,,,,,,,,,,,,,,,,,,,,86.4322,13.5678,60,11,567,0.1045,0.8808,,,,,,,,,,,,,,,,,,,,,,,,,,,,,,,,,,,,,,,,,,,,,
2021-08-02,,,,,,,,,,,,,,,,,,,,,,,,,,,,86.4322,13.5678,60,12,500,0.1199,0.8625,,,,,,,,,,,,,,,,,,,,,,,,,,,,,,,,,,,,,,,,,,,,,
2021-08-09,,,,,,,,,,,,,,,,,,,,,,,,,,,,84.9246,15.0754,60,13,374,0.1749,0.8052,,,,,,,,,,,,,,,,,,,,,,,,,,,,,,,,,,,,,,,,,,,,,
2021-08-16,,,,,,,,,,,,,,,,,,,,,,,,,,,,82.2055,17.5439,60,21,227,0.3111,0.6661,,,,,,,,,,,,,,,,,,,,,,,,,,,,,,,,,,,,,,,,,,,,,
2021-08-23,,,,,,,,,,,,,,,,,,,,,,,,,,,,81.7955,17.9551,60,15,235,0.2759,0.699,,,,,,,,,,,,,,,,,,,,,,,,,,,,,,,,,,,,,,,,,,,,,
2021-08-30,,,,,,,,,,,,,,,,,,,,,,,,,,,,84.0796,15.9204,60,12,290,0.2084,0.766,,,,,,,,,,,,,,,,,,,,,,,,,,,,,,,,,,,,,,,,,,,,,
2021-09-06,,,,,,,,,,,,,,,,,,,,,,,,,,,,84.8259,15.1741,60,13,314,0.215,0.7583,,,,,,,,,,,,,,,,,,,,,,,,,,,,,,,,,,,,,,,,,,,,,
2021-09-13,,,,,,,,,,,,,,,,,,,,,,,,,,,,85.5721,14.4279,60,11,310,0.1955,0.7778,,,,,,,,,,,,,,,,,,,,,,,,,,,,,,,,,,,,,,,,,,,,,
2021-09-20,,,,,,,,,,,,,,,,,,,,,,,,,,,,85.6436,14.3564,60,11,298,0.2345,0.7371,,,,,,,,,,,,,,,,,,,,,,,,,,,,,,,,,,,,,,,,,,,,,
2021-09-27,,,,,,,,,,,,,,,,,,,,,,,,,,,,87.8713,12.1287,60,10,297,0.2106,0.7611,,,,,,,,,,,,,,,,,,,,,,,,,,,,,,,,,,,,,,,,,,,,,
2021-10-04,,,,,,,,,,,,,,,,,,,,,,,,,,,,89.1089,10.8911,60,7,367,0.1541,0.8177,,,,,,,,,,,,,,,,,,,,,,,,,,,,,,,,,,,,,,,,,,,,,
2021-10-11,,,,,,,,,,,,,,,,,,,,,,,,,,,,90.1235,9.6296,60,8,416,0.1341,0.8389,,,,,,,,,,,,,,,,,,,,,,,,,,,,,,,,,,,,,,,,,,,,,
2021-10-18,,,,,,,,,,,,,,,,,,,,,,,,,,,,87.4074,12.5926,60,10,219,0.2583,0.713,,,,,,,,,,,,,,,,,,,,,,,,,,,,,,,,,,,,,,,,,,,,,
2021-10-25,,,,,,,,,,,,,,,,,,,,,,,,,,,,87.1605,12.8395,60,11,141,0.3322,0.6391,,,,,,,,,,,,,,,,,,,,,,,,,,,,,,,,,,,,,,,,,,,,,
2021-11-01,,,,,,,,,,,,,,,,,,,,,,,,,,,,88.1481,11.8519,60,11,229,0.244,0.7285,,,,,,,,,,,,,,,,,,,,,,,,,,,,,,,,,,,,,,,,,,,,,
2021-11-08,,,,,,,,,,,,,,,,,,,,,,,,,,,,87.4074,12.5926,60,12,247,0.2407,0.733,,,,,,,,,,,,,,,,,,,,,,,,,,,,,,,,,,,,,,,,,,,,,
2021-11-15,,,,,,,,,,,,,,,,,,,,,,,,,,,,84.2752,15.4791,60,21,164,0.3517,0.6199,,,,,,,,,,,,,,,,,,,,,,,,,,,,,,,,,,,,,,,,,,,,,
2021-11-22,,,,,,,,,,,,,,,,,,,,,,,,,,,,81.9071,18.0929,60,24,151,0.4395,0.5355,,,,,,,,,,,,,,,,,,,,,,,,,,,,,,,,,,,,,,,,,,,,,
2021-11-29,,,,,,,,,,,,,,,,,,,,,,,,,,,,81.2195,18.7805,60,28,153,0.4357,0.5361,,,,,,,,,,,,,,,,,,,,,,,,,,,,,,,,,,,,,,,,,,,,,
2021-12-06,,,,,,,,,,,,,,,,,,,,,,,,,,,,84.1463,15.8537,60,18,192,0.3052,0.6672,,,,,,,,,,,,,,,,,,,,,,,,,,,,,,,,,,,,,,,,,,,,,
2021-12-13,,,,,,,,,,,,,,,,,,,,,,,,,,,,78.8835,20.8738,60,21,168,0.408,0.5617,,,,,,,,,,,,,,,,,,,,,,,,,,,,,,,,,,,,,,,,,,,,,
2021-12-20,,,,,,,,,,,,,,,,,,,,,,,,,,,,78.4504,21.5496,60,27,163,0.4311,0.5392,,,,,,,,,,,,,,,,,,,,,,,,,,,,,,,,,,,,,,,,,,,,,
2021-12-27,,,,,,,,,,,,,,,,,,,,,,,,,,,,81.2048,18.7952,60,18,232,0.3203,0.6473,,,,,,,,,,,,,,,,,,,,,,,,,,,,,,,,,,,,,,,,,,,,,
2022-01-03,,,,,,,,,,,,,,,,,,,,,,,,,,,,81.9277,18.0723,60,17,291,0.2386,0.7264,,,,,,,,,,,,,,,,,,,,,,,,,,,,,,,,,,,,,,,,,,,,,
2022-01-10,,,,,,,,,,,,,,,,,,,,,,,,,,,,83.6145,16.3855,60,16,341,0.1899,0.7757,,,,,,,,,,,,,,,,,,,,,,,,,,,,,,,,,,,,,,,,,,,,,
2022-01-17,,,,,,,,,,,,,,,,,,,,,,,,,,,,81.9277,18.0723,60,22,253,0.2618,0.7045,,,,,,,,,,,,,,,,,,,,,,,,,,,,,,,,,,,,,,,,,,,,,
2022-01-24,,,,,,,,,,,,,,,,,,,,,,,,,,,,80,20,60,30,149,0.3666,0.6013,,,,,,,,,,,,,,,,,,,,,,,,,,,,,,,,,,,,,,,,,,,,,
2022-01-31,,,,,,,,,,,,,,,,,,,,,,,,,,,,81.9277,18.0723,60,22,170,0.2948,0.672,,,,,,,,,,,,,,,,,,,,,,,,,,,,,,,,,,,,,,,,,,,,,
2022-02-07,,,,,,,,,,,,,,,,,,,,,,,,,,,,79.759,20.241,60,31,96,0.4015,0.5643,,,,,,,,,,,,,,,,,,,,,,,,,,,,,,,,,,,,,,,,,,,,,
2022-02-14,,,,,,,,,,,,,,,,,,,,,,,,,,,,77.4038,22.5962,60,47,63,0.5041,0.4634,,,,,,,,,,,,,,,,,,,,,,,,,,,,,,,,,,,,,,,,,,,,,
2022-02-21,,,,,,,,,,,,,,,,,,,,,,,,,,,,71.1538,28.8462,60,104,35,0.6905,0.2775,,,,,,,,,,,,,,,,,,,,,,,,,,,,,,,,,,,,,,,,,,,,,
2022-02-28,,,,,,,,,,,,,,,,,,,,,,,,,,,,69.2308,30.7692,60,109,45,0.68,0.2919,,,,,,,,,,,,,,,,,,,,,,,,,,,,,,,,,,,,,,,,,,,,,
2022-03-07,,,,,,,,,,,,,,,,,,,,,,,,,,,,72.1154,27.8846,60,79,61,0.5753,0.3973,,,,,,,,,,,,,,,,,,,,,,,,,,,,,,,,,,,,,,,,,,,,,
2022-03-14,,,,,,,,,,,,,,,,,,,,,,,,,,,,73.5577,26.4423,60,67,65,0.5148,0.4595,,,,,,,,,,,,,,,,,,,,,,,,,,,,,,,,,,,,,,,,,,,,,
2022-03-21,,,,,,,,,,,,,,,,,,,,,,,,,,,,73.3173,26.6827,60,72,75,0.5454,0.4306,,,,,,,,,,,,,,,,,,,,,,,,,,,,,,,,,,,,,,,,,,,,,
2022-03-28,,,,,,,,,,,,,,,,,,,,,,,,,,,,75.5396,24.2206,60,52,111,0.4793,0.4995,,,,,,,,,,,,,,,,,,,,,,,,,,,,,,,,,,,,,,,,,,,,,
2022-04-04,,,,,,,,,,,,,,,,,,,,,,,,,,,,79.3765,20.6235,60,18,147,0.3088,0.6721,,,,,,,,,,,,,,,,,,,,,,,,,,,,,,,,,,,,,,,,,,,,,
2022-04-11,,,,,,,,,,,,,,,,,,,,,,,,,,,,79.1367,20.8633,60,18,149,0.3227,0.6551,,,,,,,,,,,,,,,,,,,,,,,,,,,,,,,,,,,,,,,,,,,,,
2022-04-18,,,,,,,,,,,,,,,,,,,,,,,,,,,,78.1775,21.8225,60,21,157,0.3691,0.607,,,,,,,,,,,,,,,,,,,,,,,,,,,,,,,,,,,,,,,,,,,,,
2022-04-25,,,,,,,,,,,,,,,,,,,,,,,,,,,,77.458,22.542,60,29,101,0.4827,0.493,,,,,,,,,,,,,,,,,,,,,,,,,,,,,,,,,,,,,,,,,,,,,
2022-05-02,,,,,,,,,,,,,,,,,,,,,,,,,,,,73.6211,26.3789,60,47,49,0.6546,0.3211,,,,,,,,,,,,,,,,,,,,,,,,,,,,,,,,,,,,,,,,,,,,,
2022-05-09,,,,,,,,,,,,,,,,,,,,,,,,,,,,67.8657,32.1343,60,103,19,0.8014,0.1759,,,,,,,,,,,,,,,,,,,,,,,,,,,,,,,,,,,,,,,,,,,,,
2022-05-16,,,,,,,,,,,,,,,,,,,,,,,,,,,,70.3349,29.6651,60,64,32,0.697,0.2783,,,,,,,,,,,,,,,,,,,,,,,,,,,,,,,,,,,,,,,,,,,,,
2022-05-23,,,,,,,,,,,,,,,,,,,,,,,,,,,,67.7804,32.2196,60,74,20,0.7669,0.2095,,,,,,,,,,,,,,,,,,,,,,,,,,,,,,,,,,,,,,,,,,,,,
2022-05-30,,,,,,,,,,,,,,,,,,,,,,,,,,,,70.6161,29.3839,60,48,24,0.6956,0.2788,,,,,,,,,,,,,,,,,,,,,,,,,,,,,,,,,,,,,,,,,,,,,
2022-06-06,,,,,,,,,,,,,,,,,,,,,,,,,,,,68.4834,31.5166,60,75,31,0.7308,0.2431,,,,,,,,,,,,,,,,,,,,,,,,,,,,,,,,,,,,,,,,,,,,,
2022-06-13,,,,,,,,,,,,,,,,,,,,,,,,,,,,58.7678,41.2322,60,143,23,0.8445,0.1299,,,,,,,,,,,,,,,,,,,,,,,,,,,,,,,,,,,,,,,,,,,,,
2022-06-20,,,,,,,,,,,,,,,,,,,,,,,,,,,,62.3223,37.6777,60,111,21,0.815,0.1599,,,,,,,,,,,,,,,,,,,,,,,,,,,,,,,,,,,,,,,,,,,,,
2022-06-27,,,,,,,,,,,,,,,,,,,,,,,,,,,,64.218,35.782,60,90,24,0.7843,0.1917,,,,,,,,,,,,,,,,,,,,,,,,,,,,,,,,,,,,,,,,,,,,,
2022-07-04,,,,,,,,,,,,,,,,,,,,,,,,,,,,68.7204,31.2796,60,56,29,0.7073,0.2708,,,,,,,,,,,,,,,,,,,,,,,,,,,,,,,,,,,,,,,,,,,,,
2022-07-11,,,,,,,,,,,,,,,,,,,,,,,,,,,,69.6682,30.3318,60,62,35,0.6805,0.2992,,,,,,,,,,,,,,,,,,,,,,,,,,,,,,,,,,,,,,,,,,,,,
2022-07-18,,,,,,,,,,,,,,,,,,,,,,,,,,,,73.4597,26.5403,60,28,48,0.5373,0.4472,,,,,,,,,,,,,,,,,,,,,,,,,,,,,,,,,,,,,,,,,,,,,
2022-07-25,,,,,,,,,,,,,,,,,,,,,,,,,,,,74.1706,25.8294,60,32,62,0.524,0.4611,,,,,,,,,,,,,,,,,,,,,,,,,,,,,,,,,,,,,,,,,,,,,
2022-08-01,,,,,,,,,,,,,,,,,,,,,,,,,,,,74.8815,25.1185,60,20,73,0.4776,0.5075,,,,,,,,,,,,,,,,,,,,,,,,,,,,,,,,,,,,,,,,,,,,,
2022-08-08,,,,,,,,,,,,,,,,,,,,,,,,,,,,75.3555,24.6445,60,17,85,0.458,0.5271,,,,,,,,,,,,,,,,,,,,,,,,,,,,,,,,,,,,,,,,,,,,,
2022-08-16,,,,,,,,,,,,,,,,,,,,,,,,,,,,76.7773,23.2227,60,18,100,0.4107,0.5745,,,,,,,,,,,,,,,,,,,,,,,,,,,,,,,,,,,,,,,,,,,,,
2022-08-22,,,,,,,,,,,,,,,,,,,,,,,,,,,,78.436,21.564,60,18,133,0.3699,0.6153,,,,,,,,,,,,,,,,,,,,,,,,,,,,,,,,,,,,,,,,,,,,,
2022-08-29,,,,,,,,,,,,,,,,,,,,,,,,,,,,78.9598,21.0402,60,19,175,0.3469,0.6393,,,,,,,,,,,,,,,,,,,,,,,,,,,,,,,,,,,,,,,,,,,,,
2022-09-05,,,,,,,,,,,,,,,,,,,,,,,,,,,,80.8511,19.1489,60,17,202,0.2844,0.7035,,,,,,,,,,,,,,,,,,,,,,,,,,,,,,,,,,,,,,,,,,,,,
2022-09-12,,,,,,,,,,,,,,,,,,,,,,,,,,,,78.9598,21.0402,60,19,177,0.3248,0.6579,,,,,,,,,,,,,,,,,,,,,,,,,,,,,,,,,,,,,,,,,,,,,
2022-09-19,,,,,,,,,,,,,,,,,,,,,,,,,,,,76.1229,23.8771,60,22,144,0.3895,0.5932,,,,,,,,,,,,,,,,,,,,,,,,,,,,,,,,,,,,,,,,,,,,,
2022-09-26,,,,,,,,,,,,,,,,,,,,,,,,,,,,74.4681,25.5319,60,28,105,0.4709,0.5113,,,,,,,,,,,,,,,,,,,,,,,,,,,,,,,,,,,,,,,,,,,,,
2022-10-03,,,,,,,,,,,,,,,,,,,,,,,,,,,,76.8322,23.1678,60,18,132,0.4049,0.5767,,,,,,,,,,,,,,,,,,,,,,,,,,,,,,,,,,,,,,,,,,,,,
2022-10-10,,,,,,,,,,,,,,,,,,,,,,,,,,,,74.2317,25.7683,60,24,92,0.4984,0.4822,,,,,,,,,,,,,,,,,,,,,,,,,,,,,,,,,,,,,,,,,,,,,
2022-10-17,,,,,,,,,,,,,,,,,,,,,,,,,,,,74.9409,25.0591,60,29,95,0.5084,0.4734,,,,,,,,,,,,,,,,,,,,,,,,,,,,,,,,,,,,,,,,,,,,,
2022-10-24,,,,,,,,,,,,,,,,,,,,,,,,,,,,76.4151,23.5849,60,32,113,0.4796,0.5016,,,,,,,,,,,,,,,,,,,,,,,,,,,,,,,,,,,,,,,,,,,,,
2022-10-31,,,,,,,,,,,,,,,,,,,,,,,,,,,,77.8302,22.1698,60,22,134,0.4289,0.5524,,,,,,,,,,,,,,,,,,,,,,,,,,,,,,,,,,,,,,,,,,,,,
2022-11-07,,,,,,,,,,,,,,,,,,,,,,,,,,,,77.5943,22.4057,60,23,132,0.4394,0.5408,,,,,,,,,,,,,,,,,,,,,,,,,,,,,,,,,,,,,,,,,,,,,
2022-11-14,,,,,,,,,,,,,,,,,,,,,,,,,,,,77.1226,22.8774,60,33,123,0.4813,0.5005,,,,,,,,,,,,,,,,,,,,,,,,,,,,,,,,,,,,,,,,,,,,,
2022-11-21,,,,,,,,,,,,,,,,,,,,,,,,,,,,78.4543,21.3115,60,30,150,0.4505,0.5288,,,,,,,,,,,,,,,,,,,,,,,,,,,,,,,,,,,,,,,,,,,,,
2022-11-28,,,,,,,,,,,,,,,,,,,,,,,,,,,,81.5421,18.4579,60,19,179,0.374,0.6023,,,,,,,,,,,,,,,,,,,,,,,,,,,,,,,,,,,,,,,,,,,,,
2022-12-05,,,,,,,,,,,,,,,,,,,,,,,,,,,,80.1402,19.8598,60,18,153,0.3948,0.58,,,,,,,,,,,,,,,,,,,,,,,,,,,,,,,,,,,,,,,,,,,,,
2022-12-12,,,,,,,,,,,,,,,,,,,,,,,,,,,,81.5421,18.4579,60,24,166,0.4092,0.5662,,,,,,,,,,,,,,,,,,,,,,,,,,,,,,,,,,,,,,,,,,,,,
2022-12-19,,,,,,,,,,,,,,,,,,,,,,,,,,,,74.7664,25.2336,60,67,28,0.6674,0.308,,,,,,,,,,,,,,,,,,,,,,,,,,,,,,,,,,,,,,,,,,,,,
2022-12-26,,,,,,,,,,,,,,,,,,,,,,,,,,,,77.8037,22.1963,60,26,63,0.4586,0.5158,,,,,,,,,,,,,,,,,,,,,,,,,,,,,,,,,,,,,,,,,,,,,
2023-01-02,,,,,,,,,,,,,,,,,,,,,,,,,,,,77.8555,22.1445,60,23,68,0.474,0.502,,,,,,,,,,,,,,,,,,,,,,,,,,,,,,,,,,,,,,,,,,,,,
2023-01-09,,,,,,,,,,,,,,,,,,,,,,,,,,,,78.5548,21.4452,60,22,72,0.4701,0.5049,,,,,,,,,,,,,,,,,,,,,,,,,,,,,,,,,,,,,,,,,,,,,
2023-01-16,,,,,,,,,,,,,,,,,,,,,,,,,,,,77.8555,22.1445,60,26,71,0.488,0.486,,,,,,,,,,,,,,,,,,,,,,,,,,,,,,,,,,,,,,,,,,,,,
2023-01-23,,,,,,,,,,,,,,,,,,,,,,,,,,,,74.359,25.641,60,52,41,0.623,0.3531,,,,,,,,,,,,,,,,,,,,,,,,,,,,,,,,,,,,,,,,,,,,,
2023-01-30,,,,,,,,,,,,,,,,,,,,,,,,,,,,72.7273,27.2727,60,77,50,0.6316,0.3444,,,,,,,,,,,,,,,,,,,,,,,,,,,,,,,,,,,,,,,,,,,,,
2023-02-06,,,,,,,,,,,,,,,,,,,,,,,,,,,,73.8928,26.1072,60,68,51,0.5836,0.393,,,,,,,,,,,,,,,,,,,,,,,,,,,,,,,,,,,,,,,,,,,,,
2023-02-13,,,,,,,,,,,,,,,,,,,,,,,,,,,,72.4942,27.5058,60,96,47,0.6169,0.3607,,,,,,,,,,,,,,,,,,,,,,,,,,,,,,,,,,,,,,,,,,,,,
2023-02-20,,,,,,,,,,,,,,,,,,,,,,,,,,,,70.9302,28.8372,60,136,45,0.7059,0.2738,,,,,,,,,,,,,,,,,,,,,,,,,,,,,,,,,,,,,,,,,,,,,
2023-02-27,,,,,,,,,,,,,,,,,,,,,,,,,,,,73.7209,26.2791,60,111,50,0.6739,0.3083,,,,,,,,,,,,,,,,,,,,,,,,,,,,,,,,,,,,,,,,,,,,,
2023-03-06,,,,,,,,,,,,,,,,,,,,,,,,,,,,72.5581,27.4419,60,105,54,0.6814,0.3024,,,,,,,,,,,,,,,,,,,,,,,,,,,,,,,,,,,,,,,,,,,,,
2023-03-13,,,,,,,,,,,,,,,,,,,,,,,,,,,,70,30,60,184,40,0.7448,0.24,,,,,,,,,,,,,,,,,,,,,,,,,,,,,,,,,,,,,,,,,,,,,
2023-03-20,,,,,,,,,,,,,,,,,,,,,,,,,,,,67.2093,32.7907,60,213,50,0.7701,0.2152,,,,,,,,,,,,,,,,,,,,,,,,,,,,,,,,,,,,,,,,,,,,,
2023-03-27,,,,,,,,,,,,,,,,,,,,,,,,,,,,67.907,32.093,60,249,53,0.7515,0.2348,,,,,,,,,,,,,,,,,,,,,,,,,,,,,,,,,,,,,,,,,,,,,
2023-04-03,,,,,,,,,,,,,,,,,,,,,,,,,,,,70.9302,29.0698,60,54,70,0.6361,0.3497,,,,,,,,,,,,,,,,,,,,,,,,,,,,,,,,,,,,,,,,,,,,,
2023-04-10,,,,,,,,,,,,,,,,,,,,,,,,,,,,71.1628,28.8372,60,34,75,0.544,0.4219,,,,,,,,,,,,,,,,,,,,,,,,,,,,,,,,,,,,,,,,,,,,,
2023-04-17,,,,,,,,,,,,,,,,,,,,,,,,,,,,70.4651,29.5349,60,31,72,0.5314,0.4349,,,,,,,,,,,,,,,,,,,,,,,,,,,,,,,,,,,,,,,,,,,,,
2023-04-24,,,,,,,,,,,,,,,,,,,,,,,,,,,,74.6512,25.3488,60,26,93,0.4554,0.531,,,,,,,,,,,,,,,,,,,,,,,,,,,,,,,,,,,,,,,,,,,,,
2023-05-02,,,,,,,,,,,,,,,,,,,,,,,,,,,,75.5814,24.4186,60,22,112,0.4178,0.5666,,,,,,,,,,,,,,,,,,,,,,,,,,,,,,,,,,,,,,,,,,,,,
2023-05-08,,,,,,,,,,,,,,,,,,,,,,,,,,,,76.9767,23.0233,60,19,132,0.3907,0.5932,,,,,,,,,,,,,,,,,,,,,,,,,,,,,,,,,,,,,,,,,,,,,
2023-05-15,,,,,,,,,,,,,,,,,,,,,,,,,,,,76.3341,23.6659,60,24,147,0.4069,0.576,,,,,,,,,,,,,,,,,,,,,,,,,,,,,,,,,,,,,,,,,,,,,
2023-05-22,,,,,,,,,,,,,,,,,,,,,,,,,,,,78.4223,21.5777,60,19,160,0.3794,0.6025,,,,,,,,,,,,,,,,,,,,,,,,,,,,,,,,,,,,,,,,,,,,,
2023-05-29,,,,,,,,,,,,,,,,,,,,,,,,,,,,80.9745,19.0255,60,17,228,0.3388,0.6456,,,,,,,,,,,,,,,,,,,,,,,,,,,,,,,,,,,,,,,,,,,,,
2023-06-05,,,,,,,,,,,,,,,,,,,,,,,,,,,,80.7425,19.2575,60,14,256,0.2924,0.692,,,,,,,,,,,,,,,,,,,,,,,,,,,,,,,,,,,,,,,,,,,,,
2023-06-12,,,,,,,,,,,,,,,,,,,,,,,,,,,,82.6389,17.3611,60,10,333,0.2406,0.7429,,,,,,,,,,,,,,,,,,,,,,,,,,,,,,,,,,,,,,,,,,,,,
2023-06-19,,,,,,,,,,,,,,,,,,,,,,,,,,,,81.25,18.75,60,14,254,0.29,0.6915,,,,,,,,,,,,,,,,,,,,,,,,,,,,,,,,,,,,,,,,,,,,,
2023-06-26,,,,,,,,,,,,,,,,,,,,,,,,,,,,83.7963,16.2037,60,12,355,0.2667,0.7164,,,,,,,,,,,,,,,,,,,,,,,,,,,,,,,,,,,,,,,,,,,,,
2023-07-03,,,,,,,,,,,,,,,,,,,,,,,,,,,,85.1852,14.8148,60,11,402,0.2357,0.7464,,,,,,,,,,,,,,,,,,,,,,,,,,,,,,,,,,,,,,,,,,,,,
2023-07-10,,,,,,,,,,,,,,,,,,,,,,,,,,,,86.5741,13.4259,60,16,455,0.2576,0.724,,,,,,,,,,,,,,,,,,,,,,,,,,,,,,,,,,,,,,,,,,,,,
2023-07-17,,,,,,,,,,,,,,,,,,,,,,,,,,,,86.3741,13.3949,60,14,479,0.239,0.7422,,,,,,,,,,,,,,,,,,,,,,,,,,,,,,,,,,,,,,,,,,,,,
2023-07-24,,,,,,,,,,,,,,,,,,,,,,,,,,,,87.9908,12.0092,60,15,479,0.2496,0.7341,,,,,,,,,,,,,,,,,,,,,,,,,,,,,,,,,,,,,,,,,,,,,
2023-07-31,,,,,,,,,,,,,,,,,,,,,,,,,,,,88.4793,11.5207,60,13,463,0.2195,0.7637,,,,,,,,,,,,,,,,,,,,,,,,,,,,,,,,,,,,,,,,,,,,,
2023-08-07,,,,,,,,,,,,,,,,,,,,,,,,,,,,88.7097,11.2903,60,11,430,0.2345,0.7478,,,,,,,,,,,,,,,,,,,,,,,,,,,,,,,,,,,,,,,,,,,,,
2023-08-14,,,,,,,,,,,,,,,,,,,,,,,,,,,,88.0184,11.9816,60,15,398,0.2632,0.7196,,,,,,,,,,,,,,,,,,,,,,,,,,,,,,,,,,,,,,,,,,,,,
2023-08-21,,,,,,,,,,,,,,,,,,,,,,,,,,,,87.844,12.156,60,16,432,0.2268,0.7555,,,,,,,,,,,,,,,,,,,,,,,,,,,,,,,,,,,,,,,,,,,,,
2023-08-28,,,,,,,,,,,,,,,,,,,,,,,,,,,,89.2449,10.7551,60,8,534,0.1651,0.8153,,,,,,,,,,,,,,,,,,,,,,,,,,,,,,,,,,,,,,,,,,,,,
2023-09-04,,,,,,,,,,,,,,,,,,,,,,,,,,,,90.6178,9.3822,60,7,636,0.1279,0.8511,,,,,,,,,,,,,,,,,,,,,,,,,,,,,,,,,,,,,,,,,,,,,
2023-09-11,,,,,,,,,,,,,,,,,,,,,,,,,,,,90.389,9.611,60,7,514,0.1453,0.8323,,,,,,,,,,,,,,,,,,,,,,,,,,,,,,,,,,,,,,,,,,,,,
2023-09-18,,,,,,,,,,,,,,,,,,,,,,,,,,,,89.9314,10.0686,60,8,343,0.1801,0.7994,,,,,,,,,,,,,,,,,,,,,,,,,,,,,,,,,,,,,,,,,,,,,
2023-09-25,,,,,,,,,,,,,,,,,,,,,,,,,,,,89.4977,10.5023,60,14,376,0.1789,0.7982,,,,,,,,,,,,,,,,,,,,,,,,,,,,,,,,,,,,,,,,,,,,,
2023-10-03,,,,,,,,,,,,,,,,,,,,,,,,,,,,89.5692,10.2041,60,14,371,0.1748,0.8,,,,,,,,,,,,,,,,,,,,,,,,,,,,,,,,,,,,,,,,,,,,,
2023-10-09,,,,,,,,,,,,,,,,,,,,,,,,,,,,89.3424,10.6576,60,8,407,0.1734,0.801,,,,,,,,,,,,,,,,,,,,,,,,,,,,,,,,,,,,,,,,,,,,,
2023-10-16,,,,,,,,,,,,,,,,,,,,,,,,,,,,88.8889,11.1111,60,9,373,0.1892,0.7862,,,,,,,,,,,,,,,,,,,,,,,,,,,,,,,,,,,,,,,,,,,,,
2023-10-23,,,,,,,,,,,,,,,,,,,,,,,,,,,,86.8481,13.1519,60,13,190,0.3349,0.6409,,,,,,,,,,,,,,,,,,,,,,,,,,,,,,,,,,,,,,,,,,,,,
2023-10-30,,,,,,,,,,,,,,,,,,,,,,,,,,,,87.7273,12.2727,60,13,235,0.2862,0.6886,,,,,,,,,,,,,,,,,,,,,,,,,,,,,,,,,,,,,,,,,,,,,
2023-11-06,,,,,,,,,,,,,,,,,,,,,,,,,,,,88.4354,11.5646,60,12,328,0.2297,0.7452,,,,,,,,,,,,,,,,,,,,,,,,,,,,,,,,,,,,,,,,,,,,,
2023-11-13,,,,,,,,,,,,,,,,,,,,,,,,,,,,88.4615,11.5385,60,10,393,0.2182,0.7572,,,,,,,,,,,,,,,,,,,,,,,,,,,,,,,,,,,,,,,,,,,,,
2023-11-20,,,,,,,,,,,,,,,,,,,,,,,,,,,,88.6878,11.3122,60,9,405,0.2027,0.7737,,,,,,,,,,,,,,,,,,,,,,,,,,,,,,,,,,,,,,,,,,,,,
2023-11-28,,,,,,,,,,,,,,,,,,,,,,,,,,,,90.0452,9.9548,60,8,454,0.1834,0.7949,,,,,,,,,,,,,,,,,,,,,,,,,,,,,,,,,,,,,,,,,,,,,
2023-12-04,,,,,,,,,,,,,,,,,,,,,,,,,,,,91.2162,8.7838,60,10,510,0.1573,0.8211,,,,,,,,,,,,,,,,,,,,,,,,,,,,,,,,,,,,,,,,,,,,,
2023-12-11,,,,,,,,,,,,,,,,,,,,,,,,,,,,92.5676,7.4324,60,10,588,0.1339,0.8459,,,,,,,,,,,,,,,,,,,,,,,,,,,,,,,,,,,,,,,,,,,,,
2023-12-18,,,,,,,,,,,,,,,,,,,,,,,,,,,,92.1171,7.8829,60,11,526,0.1589,0.8219,,,,,,,,,,,,,,,,,,,,,,,,,,,,,,,,,,,,,,,,,,,,,
2023-12-26,,,,,,,,,,,,,,,,,,,,,,,,,,,,93.0337,6.9663,60,4,543,0.1371,0.84,,,,,,,,,,,,,,,,,,,,,,,,,,,,,,,,,,,,,,,,,,,,,
2024-01-01,,,,,,,,,,,,,,,,,,,,,,,,,,,,94.382,5.618,60,3,648,0.0999,0.8773,,,,,,,,,,,,,,,,,,,,,,,,,,,,,,,,,,,,,,,,,,,,,
2024-01-08,,,,,,,,,,,,,,,,,,,,,,,,,,,,93.2584,6.7416,60,4,720,0.098,0.8821,,,,,,,,,,,,,,,,,,,,,,,,,,,,,,,,,,,,,,,,,,,,,
2024-01-15,,,,,,,,,,,,,,,,,,,,,,,,,,,,92.3596,7.6404,60,7,672,0.1242,0.8563,,,,,,,,,,,,,,,,,,,,,,,,,,,,,,,,,,,,,,,,,,,,,
2024-01-23,,,,,,,,,,,,,,,,,,,,,,,,,,,,91.704,8.296,60,9,585,0.1685,0.8102,,,,,,,,,,,,,,,,,,,,,,,,,,,,,,,,,,,,,,,,,,,,,
2024-01-29,,,,,,,,,,,,,,,,,,,,,,,,,,,,91.9283,8.0717,60,7,691,0.1451,0.8331,,,,,,,,,,,,,,,,,,,,,,,,,,,,,,,,,,,,,,,,,,,,,
2024-02-05,,,,,,,,,,,,,,,,,,,,,,,,,,,,91.0314,8.9686,60,16,623,0.1853,0.792,,,,,,,,,,,,,,,,,,,,,,,,,,,,,,,,,,,,,,,,,,,,,
2024-02-12,,,,,,,,,,,,,,,,,,,,,,,,,,,,91.2556,8.7444,60,17,544,0.2075,0.7717,,,,,,,,,,,,,,,,,,,,,,,,,,,,,,,,,,,,,,,,,,,,,
2024-02-19,,,,,,,,,,,,,,,,,,,,,,,,,,,,91.7226,8.2774,60,11,572,0.2042,0.7704,,,,,,,,,,,,,,,,,,,,,,,,,,,,,,,,,,,,,,,,,,,,,
2024-02-26,,,,,,,,,,,,,,,,,,,,,,,,,,,,91.2752,8.7248,60,18,504,0.2393,0.7353,,,,,,,,,,,,,,,,,,,,,,,,,,,,,,,,,,,,,,,,,,,,,
2024-03-04,,,,,,,,,,,,,,,,,,,,,,,,,,,,90.604,9.396,60,30,379,0.3208,0.6539,,,,,,,,,,,,,,,,,,,,,,,,,,,,,,,,,,,,,,,,,,,,,
2024-03-11,,,,,,,,,,,,,,,,,,,,,,,,,,,,87.6957,12.3043,60,74,149,0.5304,0.4425,,,,,,,,,,,,,,,,,,,,,,,,,,,,,,,,,,,,,,,,,,,,,
2024-03-18,,,,,,,,,,,,,,,,,,,,,,,,,,,,89.038,10.962,60,56,165,0.475,0.496,,,,,,,,,,,,,,,,,,,,,,,,,,,,,,,,,,,,,,,,,,,,,
2024-03-26,,,,,,,,,,,,,,,,,,,,,,,,,,,,88.5906,11.4094,60,94,209,0.4928,0.4793,,,,,,,,,,,,,,,,,,,,,,,,,,,,,,,,,,,,,,,,,,,,,
2024-04-01,,,,,,,,,,,,,,,,,,,,,,,,,,,,91.7226,8.2774,60,10,305,0.2559,0.7203,,,,,,,,,,,,,,,,,,,,,,,,,,,,,,,,,,,,,,,,,,,,,
2024-04-08,,,,,,,,,,,,,,,,,,,,,,,,,,,,92.17,7.83,60,6,289,0.294,0.6814,,,,,,,,,,,,,,,,,,,,,,,,,,,,,,,,,,,,,,,,,,,,,
2024-04-15,,,,,,,,,,,,,,,,,,,,,,,,,,,,91.2946,8.7054,60,12,217,0.3693,0.6052,,,,,,,,,,,,,,,,,,,,,,,,,,,,,,,,,,,,,,,,,,,,,
2024-04-22,,,,,,,,,,,,,,,,,,,,,,,,,,,,92.1875,7.8125,60,14,304,0.267,0.7085,,,,,,,,,,,,,,,,,,,,,,,,,,,,,,,,,,,,,,,,,,,,,
2024-04-29,,,,,,,,,,,,,,,,,,,,,,,,,,,,91.9822,8.0178,60,11,312,0.2885,0.6875,,,,,,,,,,,,,,,,,,,,,,,,,,,,,,,,,,,,,,,,,,,,,
2024-05-06,,,,,,,,,,,,,,,,,,,,,,,,,,,,90.8686,9.1314,60,14,187,0.4363,0.5411,,,,,,,,,,,,,,,,,,,,,,,,,,,,,,,,,,,,,,,,,,,,,
2024-05-13,,,,,,,,,,,,,,,,,,,,,,,,,,,,92,7.7778,60,13,272,0.321,0.6582,,,,,,,,,,,,,,,,,,,,,,,,,,,,,,,,,,,,,,,,,,,,,
2024-05-21,,,,,,,,,,,,,,,,,,,,,,,,,,,,90.4867,9.5133,60,15,271,0.3569,0.6256,,,,,,,,,,,,,,,,,,,,,,,,,,,,,,,,,,,,,,,,,,,,,
2024-05-27,,,,,,,,,,,,,,,,,,,,,,,,,,,,89.8455,10.1545,60,22,211,0.4673,0.5161,,,,,,,,,,,,,,,,,,,,,,,,,,,,,,,,,,,,,,,,,,,,,
2024-06-03,,,,,,,,,,,,,,,,,,,,,,,,,,,,93.3775,6.6225,60,19,256,0.3714,0.613,,,,,,,,,,,,,,,,,,,,,,,,,,,,,,,,,,,,,,,,,,,,,
2024-06-10,,,,,,,,,,,,,,,,,,,,,,,,,,,,94.4812,5.5188,60,11,367,0.2388,0.7461,,,,,,,,,,,,,,,,,,,,,,,,,,,,,,,,,,,,,,,,,,,,,
2024-06-18,,,,,,,,,,,,,,,,,,,,,,,,,,,,94.702,5.298,60,10,383,0.2123,0.7739,,,,,,,,,,,,,,,,,,,,,,,,,,,,,,,,,,,,,,,,,,,,,
2024-06-24,,,,,,,,,,,,,,,,,,,,,,,,,,,,94.702,5.298,60,9,402,0.2398,0.7492,,,,,,,,,,,,,,,,,,,,,,,,,,,,,,,,,,,,,,,,,,,,,
2024-07-01,,,,,,,,,,,,,,,,,,,,,,,,,,,,94.4812,5.5188,60,9,517,0.1709,0.8163,,,,,,,,,,,,,,,,,,,,,,,,,,,,,,,,,,,,,,,,,,,,,
2024-07-08,,,,,,,,,,,,,,,,,,,,,,,,,,,,94.9339,5.0661,60,12,461,0.2007,0.786,,,,,,,,,,,,,,,,,,,,,,,,,,,,,,,,,,,,,,,,,,,,,
2024-07-15,,,,,,,,,,,,,,,,,,,,,,,,,,,,94.2857,5.7143,60,15,307,0.2722,0.7127,,,,,,,,,,,,,,,,,,,,,,,,,,,,,,,,,,,,,,,,,,,,,
2024-07-22,,,,,,,,,,,,,,,,,,,,,,,,,,,,95.3846,4.6154,60,9,406,0.1913,0.7936,,,,,,,,,,,,,,,,,,,,,,,,,,,,,,,,,,,,,,,,,,,,,
2024-07-29,,,,,,,,,,,,,,,,,,,,,,,,,,,,95.1648,4.8352,60,13,415,0.1858,0.7987,,,,,,,,,,,,,,,,,,,,,,,,,,,,,,,,,,,,,,,,,,,,,
2024-08-05,,,,,,,,,,,,,,,,,,,,,,,,,,,,93.8462,6.1538,60,13,321,0.2794,0.7051,,,,,,,,,,,,,,,,,,,,,,,,,,,,,,,,,,,,,,,,,,,,,
2024-08-12,,,,,,,,,,,,,,,,,,,,,,,,,,,,93.2018,6.7982,60,15,308,0.3218,0.6605,,,,,,,,,,,,,,,,,,,,,,,,,,,,,,,,,,,,,,,,,,,,,
2024-08-19,,,,,,,,,,,,,,,,,,,,,,,,,,,,93.6543,6.3457,60,8,434,0.2168,0.7651,,,,,,,,,,,,,,,,,,,,,,,,,,,,,,,,,,,,,,,,,,,,,
2024-08-26,,,,,,,,,,,,,,,,,,,,,,,,,,,,94.3107,5.6893,60,4,427,0.2186,0.7624,,,,,,,,,,,,,,,,,,,,,,,,,,,,,,,,,,,,,,,,,,,,,
2024-09-02,,,,,,,,,,,,,,,,,,,,,,,,,,,,94.7484,5.2516,60,9,367,0.2644,0.7153,,,,,,,,,,,,,,,,,,,,,,,,,,,,,,,,,,,,,,,,,,,,,
2024-09-09,,,,,,,,,,,,,,,,,,,,,,,,,,,,94.9782,5.0218,60,8,433,0.2329,0.7446,,,,,,,,,,,,,,,,,,,,,,,,,,,,,,,,,,,,,,,,,,,,,
2024-09-16,,,,,,,,,,,,,,,,,,,,,,,,,,,,94.3355,5.4466,60,15,395,0.2726,0.701,,,,,,,,,,,,,,,,,,,,,,,,,,,,,,,,,,,,,,,,,,,,,
2024-09-23,,,,,,,,,,,,,,,,,,,,,,,,,,,,94.3355,5.6645,60,13,386,0.2761,0.6988,,,,,,,,,,,,,,,,,,,,,,,,,,,,,,,,,,,,,,,,,,,,,
2024-09-30,,,,,,,,,,,,,,,,,,,,,,,,,,,,94.1176,5.8824,60,12,194,0.3522,0.6219,,,,,,,,,,,,,,,,,,,,,,,,,,,,,,,,,,,,,,,,,,,,,
2024-10-07,,,,,,,,,,,,,,,,,,,,,,,,,,,,93.4641,6.5359,60,17,208,0.3534,0.6204,,,,,,,,,,,,,,,,,,,,,,,,,,,,,,,,,,,,,,,,,,,,,
2024-10-14,,,,,,,,,,,,,,,,,,,,,,,,,,,,93.2462,6.7538,60,23,208,0.3779,0.5967,,,,,,,,,,,,,,,,,,,,,,,,,,,,,,,,,,,,,,,,,,,,,
2024-10-21,,,,,,,,,,,,,,,,,,,,,,,,,,,,89.5425,10.4575,60,65,90,0.6251,0.3492,,,,,,,,,,,,,,,,,,,,,,,,,,,,,,,,,,,,,,,,,,,,,
2024-10-28,,,,,,,,,,,,,,,,,,,,,,,,,,,,91.5401,8.243,60,23,129,0.4412,0.5317,,,,,,,,,,,,,,,,,,,,,,,,,,,,,,,,,,,,,,,,,,,,,
2024-11-04,,,,,,,,,,,,,,,,,,,,,,,,,,,,91.1255,8.658,60,22,126,0.4816,0.4914,,,,,,,,,,,,,,,,,,,,,,,,,,,,,,,,,,,,,,,,,,,,,
2024-11-11,,,,,,,,,,,,,,,,,,,,,,,,,,,,88.0952,11.9048,60,50,86,0.6612,0.3123,,,,,,,,,,,,,,,,,,,,,,,,,,,,,,,,,,,,,,,,,,,,,
2024-11-18,,,,,,,,,,,,,,,,,,,,,,,,,,,,86.2661,13.7339,60,69,89,0.6398,0.332,,,,,,,,,,,,,,,,,,,,,,,,,,,,,,,,,,,,,,,,,,,,,
2024-11-25,,,,,,,,,,,,,,,,,,,,,,,,,,,,90.5579,9.4421,60,31,116,0.4927,0.4575,,,,,,,,,,,,,,,,,,,,,,,,,,,,,,,,,,,,,,,,,,,,,
2024-12-02,,,,,,,,,,,,,,,,,,,,,,,,,,,,92.0771,7.9229,60,17,149,0.3503,0.6012,,,,,,,,,,,,,,,,,,,,,,,,,,,,,,,,,,,,,,,,,,,,,
2024-12-09,,,,,,,,,,,,,,,,,,,,,,,,,,,,91.0064,8.9936,60,17,165,0.3606,0.5922,,,,,,,,,,,,,,,,,,,,,,,,,,,,,,,,,,,,,,,,,,,,,
2024-12-16,,,,,,,,,,,,,,,,,,,,,,,,,,,,88.651,11.349,60,32,120,0.5172,0.4378,,,,,,,,,,,,,,,,,,,,,,,,,,,,,,,,,,,,,,,,,,,,,
2024-12-23,,,,,,,,,,,,,,,,,,,,,,,,,,,,88.535,11.465,60,34,99,0.538,0.4162,,,,,,,,,,,,,,,,,,,,,,,,,,,,,,,,,,,,,,,,,,,,,
2024-12-30,,,,,,,,,,,,,,,,,,,,,,,,,,,,89.3843,10.6157,60,23,145,0.4847,0.4689,,,,,,,,,,,,,,,,,,,,,,,,,,,,,,,,,,,,,,,,,,,,,
2025-01-06,,,,,,,,,,,,,,,,,,,,,,,,,,,,85.7749,14.2251,60,54,65,0.6626,0.2919,,,,,,,,,,,,,,,,,,,,,,,,,,,,,,,,,,,,,,,,,,,,,
2025-01-13,,,,,,,,,,,,,,,,,,,,,,,,,,,,85.3503,14.6497,60,50,53,0.6721,0.2833,,,,,,,,,,,,,,,,,,,,,,,,,,,,,,,,,,,,,,,,,,,,,
2025-01-20,,,,,,,,,,,,,,,,,,,,,,,,,,,,83.8641,16.1359,60,89,42,0.7317,0.223,,,,,,,,,,,,,,,,,,,,,,,,,,,,,,,,,,,,,,,,,,,,,
2025-01-27,,,,,,,,,,,,,,,,,,,,,,,,,,,,83.6864,16.3136,60,87,42,0.7429,0.2126,,,,,,,,,,,,,,,,,,,,,,,,,,,,,,,,,,,,,,,,,,,,,
2025-02-03,,,,,,,,,,,,,,,,,,,,,,,,,,,,84.778,15.222,60,99,85,0.7217,0.2448,,,,,,,,,,,,,,,,,,,,,,,,,,,,,,,,,,,,,,,,,,,,,
2025-02-10,,,,,,,,,,,,,,,,,,,,,,,,,,,,76.1099,23.8901,60,314,73,0.8477,0.1227,,,,,,,,,,,,,,,,,,,,,,,,,,,,,,,,,,,,,,,,,,,,,
2025-02-17,,,,,,,,,,,,,,,,,,,,,,,,,,,,75.8985,24.1015,60,289,75,0.8437,0.129,,,,,,,,,,,,,,,,,,,,,,,,,,,,,,,,,,,,,,,,,,,,,
2025-02-24,,,,,,,,,,,,,,,,,,,,,,,,,,,,65.8228,34.1772,60,530,43,0.8725,0.0989,,,,,,,,,,,,,,,,,,,,,,,,,,,,,,,,,,,,,,,,,,,,,
2025-02-28,6.3479,50,,,52.8142,3.6394,12.5264,50,,,,,1047,,,21,403,1,12,119,1802,134,1788,223,1698,7,618,,,,,,,,,,,,,,,,,,,,,,,,6.6998,5.2605,4.7643,9.4789,7.8412,65.1117,20.2532,49.6951,0.1489,29.0819,-28.933,2.7792,54.6898,-51.9107,17.3697,68.8337,-51.464,1.5881,32.3573,-30.7692,11.4144,0.794,2.4578,0.2978,27.0968,8.8337,,,
2025-03-03,6.6359,50,,,53.8849,3.7379,11.8438,50,,,,,703,,,61,282,1,25,129,1787,121,1796,208,1709,8,725,74.0506,25.9494,60,237,71,0.8457,0.1329,,,,,,,,,,,,,,,,,7.2628,5.2866,4.1008,8.5968,18.6265,61.6601,21.4854,37.5,0.2964,33.7451,-33.4486,2.8656,55.7806,-52.915,16.6008,69.8123,-53.2115,4.002,23.1225,-19.1206,7.4605,0.4447,2.6881,0.2964,37.6482,15.0692,,,
2025-03-04,9.2405,50,,,53.038,4.0506,12.1519,50,,,,,155,,,149,46,4,17,188,1729,152,1766,222,1696,9,337,,,,,,,,,,,,,,,,,,,,,,,,12.568,7.62,5.6408,9.0549,34.5868,19.0995,31.9027,21.5026,0.3464,15.6853,-15.3389,3.3152,54.9728,-51.6576,17.714,68.7284,-51.0143,11.0341,4.1069,6.9273,11.5784,0.5443,1.1369,0.2969,22.7115,6.5809,,,
2025-03-05,18.0784,50,,,46.692,4.804,14.4543,50,,,,,30,,,465,8,4,7,370,1551,195,1727,273,1649,9,62,,,,,,,,,,,,,,,,,,,,,,,,35.7072,17.2601,7.7646,11.6716,56.4787,5.2423,58.669,14.1509,0.3462,2.7695,-2.4233,4.2038,48.9614,-44.7577,19.9308,66.4688,-46.5381,33.1355,0.7418,32.3937,14.8863,0.5935,1.5075,0.544,9.2483,2.0277,,,
2025-03-06,28.3186,50,,,38.6009,4.9726,16.2663,50,,,,,35,,,245,8,11,2,578,1340,269,1650,305,1614,13,20,,,,,,,,,,,,,,,,,,,,,,,,59.3472,27.547,11.4738,13.5509,43.7191,4.1048,42.6471,24.0964,0.4451,0.8902,-0.4451,4.6489,41.3452,-36.6963,21.7112,64.4906,-42.7794,18.6449,0.9891,17.6558,27.6954,0.5935,1.3816,1.7804,2.9674,0.8902,,,
2025-03-07,35.9039,50,,,33.9233,5.1412,17.5727,50,,,,,72,,,166,18,31,2,717,1206,292,1632,329,1595,13,17,,,,,,,,,,,,,,,,,,,,,,,,69.0594,36.8812,13.0693,15.0495,31.0396,5.396,44.1786,34.8624,0.495,0.6931,-0.198,4.8515,37.5248,-32.6733,22.7228,63.2673,-40.5446,13.7129,1.8812,11.8317,29.0099,1.0396,1.0457,5.5941,1.1881,0.5446,,,
2025-03-10,22.8055,50,,,43.1331,4.9979,15.6237,50,,,,,906,,,31,370,27,1,447,1464,238,1674,285,1627,13,42,70.0422,29.9578,60,368,62,0.8597,0.1184,,,,,,,,,,,,,,,,,36.0356,22.1453,10.2818,12.8522,16.263,45.3782,17.9331,63.7255,0.5437,2.0267,-1.4829,4.7454,45.7242,-40.9787,20.6624,65.8428,-45.1804,2.9165,28.9174,-26.001,13.1488,1.2852,0.7875,5.7341,0.7909,0.7415,,,
2025-03-11,20.9882,50,,,45.6503,5.0676,15.2027,50,,,,,410,,,43,118,22,2,404,1506,227,1684,276,1635,8,121,,,,,,,,,,,,,,,,,,,,,,,,30.6739,19.6729,9.7126,12.4381,10.6541,32.6561,30.2326,32.17,0.3469,5.7483,-5.4014,4.6085,47.7701,-43.1615,19.9207,66.8484,-46.9277,3.221,10.5055,-7.2844,22.2993,1.0902,0.642,3.221,1.2884,1.2884,,,
2025-03-12,19.6707,50,,,47.5728,5.4031,14.4365,50,,,,,295,,,35,67,9,3,379,1530,227,1683,264,1646,10,150,,,,,,,,,,,,,,,,,,,,,,,,26.3497,17.8306,9.5592,11.6394,14.1654,18.1773,20.2797,37.3297,0.4458,7.1322,-6.6865,4.4081,50.0743,-45.6662,19.7623,67.6077,-47.8455,2.8727,6.7855,-3.9128,23.5265,1.684,0.5525,1.684,3.6157,1.4859,,,
2025-03-13,18.1319,50,,,48.563,5.1141,13.9899,50,,,,,258,,,34,55,4,5,349,1560,221,1689,255,1655,5,177,,,,,,,,,,,,,,,,,,,,,,,,21.7154,16.6088,9.5191,11.3039,14.4274,15.0719,17.8694,36.5132,0.1983,8.4779,-8.2796,4.2638,51.2147,-46.9509,18.9886,68.1706,-49.182,2.5781,5.5032,-2.9251,31.5816,1.7848,0.5732,1.1403,10.3123,1.7353,,,
2025-03-17,20.3269,50,,,50.0419,5.4904,14.3336,50,,,,,440,,,56,123,4,12,399,1509,234,1675,258,1651,20,284,79.1139,20.8861,60,162,79,0.7716,0.2058,,,,,,,,,,,,,,,,,23.0845,18.3391,9.8369,11.4681,17.4493,23.5788,24.0793,49.2662,0.5437,13.6925,-13.1488,4.5971,52.9906,-48.3935,19.0311,68.0672,-49.0361,4.2017,11.6164,-7.4147,25.4572,1.7301,1.0356,0.4943,23.1834,3.3119,,,
2025-03-18,36.0877,50,,,45.3626,6.1973,16.3575,50,,,,,78,,,312,18,11,2,701,1209,324,1586,303,1608,21,104,,,,,,,,,,,,,,,,,,,,,,,,44.4279,29.47,13.373,13.472,43.685,6.7855,49.8866,34.3066,0.5448,4.7548,-4.21,5.0025,48.6379,-43.6355,21.3472,66.0723,-44.7251,21.793,2.3279,19.4651,27.3403,2.5755,1.7057,1.1392,6.0426,1.4859,,,
2025-03-19,51.8534,50,,,37.7843,6.6133,18.8711,50,,,,,29,,,344,7,17,2,1039,881,470,1451,353,1568,28,36,,,,,,,,,,,,,,,,,,,,,,,,70.9901,46.9802,20.0495,15.8911,48.8614,4.2574,50.8612,13.9535,0.8416,1.6337,-0.7921,5.6436,42.0297,-36.3861,24.4059,63.7129,-39.3069,24.8515,0.5941,24.2574,25.495,1.8317,2.8916,2.3267,1.7822,0.7921,,,
2025-03-20,56.3606,50,,,34.8778,6.9082,20.893,50,,,,,89,,,133,19,23,1,1138,786,562,1363,400,1525,24,23,,,,,,,,,,,,,,,,,,,,,,,,74.3564,51.5347,22.9703,17.4752,29.7525,6.4851,32.6123,30.5344,0.6436,0.9901,-0.3465,6.4356,40.4455,-34.0099,25.0495,63.6139,-38.5644,9.703,1.9802,7.7228,26.8317,1.5347,2.2911,3.5644,1.4851,0.6931,,,
2025-03-21,67.8316,50,,,27.8316,7.6632,23.8316,50,,,,,55,,,231,12,58,0,1382,544,692,1235,465,1462,19,20,,,,,,,,,,,,,,,,,,,,,,,,82.3267,65.198,29.2574,20.297,36.1881,5.6931,44.5964,25.2174,0.7426,0.7921,-0.0495,6.8317,33.9109,-27.0792,27.2772,60.8416,-33.5644,16.1386,1.4356,14.703,26.6337,1.2376,3.5798,7.8218,0.8911,0.495,,,
2025-03-24,71.7273,50,,,23.463,8.9921,27.6453,50,,,,,90,,,174,14,131,1,1456,461,808,1109,530,1388,31,21,78.0591,21.9409,60,256,76,0.7675,0.2108,,,,,,,,,,,,,,,,,82.9798,69.5116,34.9285,22.6936,35.8165,5.6734,33.3333,32.1739,1.2333,0.7893,0.444,7.6468,30.9324,-23.2856,28.5644,59.0528,-30.4884,11.9388,1.8254,10.1135,27.035,1.628,3.4637,15.7375,0.5427,0.3947,,,
2025-03-25,57.5095,50,,,32.2676,7.9933,25.2419,50,,,,,731,,,42,206,43,0,1158,760,676,1241,480,1438,18,45,,,,,,,,,,,,,,,,,,,,,,,,58.3581,52.275,28.1899,20.2275,13.0564,36.3501,23.4848,53.6054,0.544,2.1266,-1.5826,6.726,37.8833,-31.1573,26.36,61.8694,-35.5094,3.0663,19.4857,-16.4194,15.3808,1.3353,2.5936,6.1325,0.6924,0.544,,,
2025-03-26,46.8684,50,,,38.5036,7.5662,23.119,50,,,,,647,,,23,177,18,3,938,980,581,1337,444,1474,11,111,,,,,,,,,,,,,,,,,,,,,,,,38.6555,40.3361,23.0845,18.4874,10.4301,30.7958,18.9573,59.5506,0.346,5.042,-4.696,6.3767,43.0054,-36.6288,24.6663,64.8542,-40.1878,1.9773,18.3391,-16.3618,21.5027,1.5324,1.5921,2.0761,3.7568,1.2358,,,
2025-03-27,48.1933,50,,,38.4454,8.3613,24.958,50,,,,,339,,,119,83,12,3,971,946,631,1286,482,1435,9,208,,,,,,,,,,,,,,,,,,,,,,,,43.4718,41.7409,25.5193,19.9802,22.8981,21.2166,34.7732,47.5524,0.2473,9.5945,-9.3472,6.7755,43.9169,-37.1414,25.0742,64.2928,-39.2186,7.9624,10.089,-2.1266,20.6231,1.632,4.5706,1.731,6.6766,2.0772,,,
2025-03-28,43.7028,50,,,40.3862,8.1444,24.0134,50,,,,,299,,,52,56,8,2,880,1037,618,1299,468,1449,19,197,,,,,,,,,,,,,,,,,,,,,,,,36.3636,37.1047,25.0494,19.2194,27.668,18.2806,14.8214,37.5676,0.3953,9.0415,-8.6462,6.9664,44.5652,-37.5988,24.9012,65.1186,-40.2174,4.1008,6.8676,-2.7668,16.749,2.0751,1.3193,1.1364,12.3518,2.668,,,
2025-04-01,50.626,50,,,36.6444,7.0117,22.4541,50,,,,,113,,,291,30,7,3,1034,883,635,1282,436,1481,33,76,75.3165,24.6835,60,154,63,0.7846,0.1937,,,,,,,,,,,,,,,,,54.0887,47.0443,26.9951,19.3103,42.3153,7.3399,54.0163,39.5973,0.3941,3.2512,-2.8571,7.1429,40.5419,-33.399,25.9113,63.5961,-37.6847,22.8571,2.9064,19.9507,21.6749,1.6749,0.1926,1.0837,5.665,0.5911,,,
2025-04-02,61.2673,50,,,31.0953,8.099,24.9685,50,,,,,46,,,147,10,11,1,1221,694,735,1180,491,1424,25,26,,,,,,,,,,,,,,,,,,,,,,,,68.5771,57.2628,31.4229,21.5909,23.3696,5.4348,55.3911,16.3636,0.3953,1.1858,-0.7905,7.7569,36.0672,-28.3103,27.668,62.2036,-34.5356,12.9447,0.8893,12.0553,26.5316,1.7787,0.1914,1.6304,1.2846,0.3458,,,
2025-04-03,69.7313,50,,,25.3988,8.2704,27.5399,50,,,,,78,,,191,19,29,2,1374,543,862,1055,540,1377,22,14,,,,,,,,,,,,,,,,,,,,,,,,79.5848,68.4627,38.3094,24.172,30.3015,5.9318,50.0816,25.8333,0.4449,0.5437,-0.0989,7.6619,30.351,-22.6891,28.868,60.3559,-31.4879,15.1755,1.5324,13.6431,26.8908,2.0267,0.3673,4.696,0.9886,0.4943,,,
2025-04-04,39.849,50,,,35.4027,6.3339,22.5252,50,,,,,1053,,,26,458,21,7,773,1143,547,1369,436,1480,13,52,,,,,,,,,,,,,,,,,,,,,,,,41.1067,40.7115,25.5435,19.7134,9.3874,54.4466,30.5263,55.5354,0.3953,2.4704,-2.0751,5.6818,38.9822,-33.3004,24.6047,64.6245,-40.0198,2.8656,30.2372,-27.3715,13.0435,1.7787,0.3897,4.3478,2.7668,1.1364,,,
2025-04-07,15.4553,50,,,46.8672,4.553,15.9148,50,,,,,1555,,,6,811,13,15,290,1628,287,1631,294,1624,8,544,74.4726,25.5274,60,157,63,0.7861,0.1938,,,,,,,,,,,,,,,,,12.6295,15.3922,12.8268,13.4188,3.552,94.8199,27.7778,57.3881,0.1973,23.8283,-23.631,3.7494,48.594,-44.8446,19.7829,69.9063,-50.1233,0.9867,54.4154,-53.4287,9.0775,0.3453,0.874,2.3187,10.9521,4.6374,,,
2025-04-08,29.039,50,,,40.3273,5.0776,19.3454,50,,,,,45,,,254,11,5,7,552,1366,431,1487,366,1552,10,14,,,,,,,,,,,,,,,,,,,,,,,,31.8833,29.7084,19.6738,16.7079,58.1315,4.7949,34.6939,24.7423,0.346,0.5932,-0.2472,4.7949,41.7696,-36.9748,22.2442,66.782,-44.5378,20.1681,1.1864,18.9817,19.4266,0.346,0.1757,1.7301,6.3767,1.2358,,,
2025-04-09,26.1545,50,,,42.6532,5.5835,18.5978,50,,,,,318,,,36,89,5,17,495,1422,387,1530,351,1566,14,32,,,,,,,,,,,,,,,,,,,,,,,,27.6459,26.3106,17.7052,15.6281,9.8912,19.9308,33.5,37.2208,0.4451,1.4837,-1.0386,5.094,44.6588,-39.5648,21.2166,67.8042,-46.5875,3.3136,7.4184,-4.1048,30.4154,0.3956,0.1075,1.2364,12.908,1.9782,,,
2025-04-11,46.0604,50,,,35.5407,6.4962,22.4225,50,,,,,22,,,308,2,4,2,892,1027,567,1352,436,1483,27,12,,,,,,,,,,,,,,,,,,,,,,,,54.0967,45.6565,26.4561,19.7433,50.9378,2.9615,42.5388,18.3333,0.4936,0.4936,0,5.8736,37.0188,-31.1451,24.4324,65.1037,-40.6713,21.6683,0.5429,21.1254,31.1945,0.6417,0.2581,1.1846,6.9595,0.3455,,,
2025-04-15,74.75,50,,,24.5417,8,28,50,,,,,25,,,437,5,15,0,1463,458,887,1034,552,1369,29,7,79.3249,20.6751,60,71,82,0.665,0.315,,,,,,,,,,,,,,,,,85.5315,73.4252,39.8622,24.5571,53.6417,2.5098,56.3303,17.6471,0.9843,0.2461,0.7382,7.6772,26.0827,-18.4055,28.6417,60.0394,-31.3976,30.2165,0.4429,29.7736,31.5453,0.8858,0.3912,2.6083,0.8858,0.1969,,,
2025-04-16,81.1977,50,,,20.268,8.3752,30.4858,50,,,,,48,,,145,12,68,0,1592,329,1025,896,602,1319,39,6,,,,,,,,,,,,,,,,,,,,,,,,87.6111,80.0592,47.2853,26.2586,23.0503,3.9487,44.7537,27.5,1.1352,0.2468,0.8885,8.0454,21.4215,-13.3761,30.2073,58.1441,-27.9368,10.3159,1.0859,9.23,43.2379,1.1846,0.3296,10.5133,0.1974,0.1481,,,
2025-04-17,81.6318,50,,,17.8661,9.7071,32.7615,50,,,,,47,,,85,9,42,0,1592,329,1090,831,640,1281,43,4,,,,,,,,,,,,,,,,,,,,,,,,87.426,80.8185,50.5424,27.3669,19.0335,4.9803,41.1917,24.7525,1.0848,0.1479,0.9369,8.7278,18.7377,-10.0099,30.8679,56.6568,-25.789,7.8402,1.2327,6.6075,41.9132,1.2821,0.3315,7.8402,0.3452,0.1972,,,
2025-04-21,87.625,50,,,10.8333,10.875,36.5,50,,,,,53,,,178,9,103,0,1716,208,1272,652,722,1202,66,6,79.7468,20.2532,60,52,82,0.6592,0.3221,,,,,,,,,,,,,,,,,90.7972,87.4016,59.8917,30.7087,29.8228,4.872,47.3597,24.2424,1.5256,0.2461,1.2795,9.9902,13.1398,-3.1496,32.874,52.7067,-19.8327,14.124,1.1811,12.9429,34.4488,1.6732,0.5985,14.9606,0.2461,0.1969,,,
2025-04-22,88.526,50,,,8.8358,11.5578,38.0653,50,,,,,70,,,127,13,71,0,1728,195,1351,572,748,1175,56,5,,,,,,,,,,,,,,,,,,,,,,,,91.2636,88.7957,65.3011,32.3791,23.9882,4.4916,43.2099,40.6593,1.0859,0.2468,0.8391,9.8717,10.9576,-1.0859,33.6624,49.7038,-16.0415,10.3653,1.8263,8.539,37.6111,2.616,0.6416,11.5005,0.4442,0.1974,,,
2025-04-23,88.6887,50,,,7.9598,11.814,39.0029,50,,,,,89,,,92,14,40,0,1727,196,1358,565,765,1158,31,3,,,,,,,,,,,,,,,,,,,,,,,,88.1481,87.7531,65.5309,33.1852,16.0494,8.0988,45.5385,18.9024,0.7407,0.1481,0.5926,10.321,10.1235,0.1975,34.321,49.037,-14.716,7.3086,1.5309,5.7778,26.2222,3.4568,0.5747,6.4691,0.4938,0.1481,,,
2025-04-24,87.5524,50,,,7.7536,12.0285,38.5163,50,,,,,115,,,82,24,28,1,1706,216,1378,544,757,1165,24,6,,,,,,,,,,,,,,,,,,,,,,,,84.9308,86.413,66.8972,32.6581,16.1561,6.917,38.2263,33.5714,1.0375,0.247,0.7905,10.5237,9.6344,0.8893,33.9427,48.666,-14.7233,6.1759,2.3221,3.8538,43.3794,3.3103,0.4659,4.9407,0.6917,0.1482,,,
2025-04-25,65.2411,50,,,16.1845,9.7275,32.8302,50,,,,,1049,,,18,353,17,0,1262,659,1019,902,639,1282,15,9,,,,,,,,,,,,,,,,,,,,,,,,41.8892,60.3363,45.8457,26.9041,6.2315,66.0237,25.3968,46.4419,0.6429,0.3956,0.2473,8.7537,18.5955,-9.8417,30.7122,56.5282,-25.816,1.5826,30.6627,-29.0801,7.5668,1.632,0.8912,2.6212,1.7804,0.1978,,,
2025-04-28,64.0599,50,,,14.8918,10.9401,33.4027,50,,,,,153,,,65,36,18,1,1247,678,1052,873,660,1265,15,10,78.903,21.097,60,63,77,0.6984,0.2833,,,,,,,,,,,,,,,,,45.0836,59.3412,47.4926,27.2861,14.2085,10.6195,33.218,36.5741,0.6391,0.3933,0.2458,9.0954,18.4366,-9.3412,30.4326,55.703,-25.2704,4.7198,3.884,0.8358,35.5949,1.7699,0.2182,2.0157,3.0482,0.295,,,
2025-04-29,61.7093,50,,,15.0817,10.8085,33.0121,50,,,,,116,,,54,25,10,1,1205,717,1026,896,649,1273,19,8,,,,,,,,,,,,,,,,,,,,,,,,42.956,56.4508,45.7736,26.6436,14.088,7.1676,29.1228,39.3103,0.7415,0.2966,0.4449,8.8482,19.5255,-10.6772,30.1532,55.7093,-25.5561,4.1028,2.8176,1.2852,38.4083,1.5818,0.1989,1.4829,4.1522,0.2472,,,
2025-04-30,44.9099,50,,,20.7373,10.1801,30.4985,50,,,,,483,,,17,101,7,4,845,1077,812,1110,589,1333,11,16,,,,,,,,,,,,,,,,,,,,,,,,24.7158,37.6174,34.9481,23.9743,8.1068,23.9249,17.6829,41.5289,0.4449,0.692,-0.2472,8.1562,25.9516,-17.7954,28.4726,59.2684,-30.7958,1.4335,9.9357,-8.5022,28.5714,1.7301,0.3022,0.8898,9.4414,0.5437,,,
2025-05-02,41.8828,50,,,21.7573,10.0418,30.251,50,,,,,150,,,38,28,6,3,795,1129,806,1118,586,1338,15,19,,,,,,,,,,,,,,,,,,,,,,,,24.3337,34.3534,34.2547,23.7414,13.3268,9.4768,25.5556,35.9375,0.5923,0.8391,-0.2468,7.9961,26.9497,-18.9536,27.542,60.4146,-32.8727,3.4057,3.4057,0,32.8727,1.4808,0.2984,0.9872,10.4146,0.2962,,,
2025-05-05,53.3666,50,,,18.5786,10.6816,32.4605,50,,,,,80,,,128,20,11,1,1043,882,915,1010,630,1295,15,17,78.27,21.73,60,75,70,0.7352,0.2469,,,,,,,,,,,,,,,,,40.0491,47.4693,40.2948,25.7002,23.2924,6.3391,40.0844,39.5349,0.5897,0.688,-0.0983,8.5012,23.4398,-14.9386,28.8452,57.1499,-28.3047,9.3366,2.5061,6.8305,38.4767,3.4398,0.2882,1.2285,2.8501,0.2457,,,
2025-05-06,34.0586,50,,,26.1506,9.4142,27.2385,50,,,,,898,,,12,304,5,1,654,1269,688,1235,517,1406,12,34,,,,,,,,,,,,,,,,,,,,,,,,17.6209,26.4067,27.8875,20.7305,6.3672,40.6219,14.7287,60.7533,0.3949,1.5795,-1.1846,7.4531,32.1323,-24.6792,25.6663,62.4877,-36.8213,0.9378,24.6792,-23.7414,17.078,2.7147,0.3355,0.691,5.0346,0.8391,,,
2025-05-07,39.4396,50,,,24.9268,10.0376,29.3183,50,,,,,119,,,85,20,4,3,765,1159,784,1140,565,1359,14,58,,,,,,,,,,,,,,,,,,,,,,,,26.5054,31.6881,32.5271,22.8036,15.5972,16.0908,37.0253,16.5644,0.5429,2.7147,-2.1718,7.7986,31.1451,-23.3465,26.9497,60.7601,-33.8105,5.7749,2.6654,3.1096,18.8055,1.8263,0.3638,0.7404,3.9487,0.691,,,
2025-05-08,31.8125,50,,,28.7149,9.0414,26.8732,50,,,,,260,,,47,37,5,2,620,1305,669,1256,518,1407,17,33,,,,,,,,,,,,,,,,,,,,,,,,20.5534,25.6423,27.5198,20.8992,21.4427,14.9209,16.5899,32.1192,0.7905,1.5316,-0.7411,7.3123,32.9545,-25.6423,25.9881,62.3518,-36.3636,3.5573,4.7925,-1.2352,13.4881,2.0751,0.4096,1.1364,3.2609,0.7411,,,
2025-05-09,25.9321,50,,,32.0486,8.8395,26.0578,50,,,,,260,,,44,39,8,3,530,1394,635,1290,505,1420,8,82,,,,,,,,,,,,,,,,,,,,,,,,18.0919,22.0465,25.4572,20.3164,8.1068,37.4197,32.9268,15.0594,0.346,3.9545,-3.6085,7.0193,35.8379,-28.8186,25.5067,62.8769,-37.3702,2.6693,5.6352,-2.9659,22.8868,1.3841,0.3768,0.9392,3.1636,0.7909,,,
2025-05-12,70.1703,50,,,15.7873,11.7574,36.0199,50,,,,,47,,,944,8,14,1,1420,506,1137,790,716,1211,28,8,85.6842,14.3158,60,19,80,0.4528,0.5322,,,,,,,,,,,,,,,,,79.1646,68.3538,50.4177,28.9926,81.8673,2.7027,73.8896,29.0909,1.2285,0.2948,0.9337,9.6806,20.4914,-10.8108,30.7617,54.6437,-23.8821,60.4914,0.7862,59.7052,26.0442,0.9337,1.2253,1.4742,1.0319,0.344,,,
2025-05-13,78.1407,50,,,12.5628,12.4791,38.1491,50,,,,,50,,,156,17,33,1,1548,375,1264,660,758,1166,21,4,,,,,,,,,,,,,,,,,,,,,,,,83.4486,76.1858,57.2628,31.5711,27.2727,4.6443,45.2899,26.5957,0.9387,0.1482,0.7905,10.1285,17.5889,-7.4605,32.3617,52.5692,-20.2075,12.3518,1.2352,11.1166,36.1166,0.8399,0.8445,3.5079,0.3953,0.1976,,,
2025-05-14,83.9682,50,,,9.0414,13.018,42.3608,50,,,,,31,,,197,10,43,1,1654,269,1443,481,842,1082,36,3,,,,,,,,,,,,,,,,,,,,,,,,88.3836,83.1933,67.9684,35.8379,29.9555,3.1142,49.67,22.2222,1.6312,0.0989,1.5324,11.1221,12.8028,-1.6807,34.3549,47.7014,-13.3465,14.8789,0.692,14.1869,38.5566,0.692,1.3066,6.2778,0.3955,0.1977,,,
2025-05-15,85.517,50,,,7.1578,14.0645,45.8769,50,,,,,60,,,147,25,84,0,1661,263,1509,416,909,1016,37,2,,,,,,,,,,,,,,,,,,,,,,,,88.779,85.3683,73.307,39.2486,23.2823,4.7454,49.0446,38.5417,1.5324,0.0494,1.4829,12.0119,10.9244,1.0875,36.3816,44.3895,-8.0079,11.4187,1.829,9.5897,42.956,0.7415,1.3476,12.4567,0.346,0.1483,,,
2025-05-16,88.0753,50,,,5.7741,14.5607,48.7029,50,,,,,69,,,188,24,153,0,1709,215,1603,322,975,950,34,1,,,,,,,,,,,,,,,,,,,,,,,,89.5751,88.2905,78.7055,42.4407,24.5553,5.4348,53.5211,31.8182,1.4822,0.0494,1.4328,12.4012,8.5968,3.8043,38.0929,42.2431,-4.1502,13.1423,1.7292,11.413,41.749,2.668,1.5931,20.998,0.2964,0.1976,,,
2025-05-19,88.5062,50,,,5.1867,14.7303,50.7884,50,,,,,98,,,176,27,78,0,1721,208,1646,284,1028,902,44,5,86.3158,13.6842,60,14,99,0.4286,0.5564,,,,,,,,,,,,,,,,,89.0963,88.6542,80.7466,44.9902,30.7466,5.943,41.3738,39.6694,1.9646,0.1473,1.8173,13.6051,6.9253,6.6798,38.998,38.8507,0.1473,12.721,2.3576,10.3635,30.1572,3.389,2.3457,9.8232,0.7859,0.1473,,,
2025-05-20,82.9707,50,,,6.5272,14.0167,47.9498,50,,,,,300,,,56,72,53,1,1604,321,1544,382,961,965,32,4,,,,,,,,,,,,,,,,,,,,,,,,78.1513,82.5012,75.3831,41.9674,13.4454,13.742,30.5147,46.7626,1.3347,0.1977,1.1369,12.7533,9.1943,3.5591,38.3094,42.0662,-3.7568,4.1028,6.4261,-2.3233,25.1112,3.3613,1.0986,6.4755,0.3955,0.0989,,,
2025-05-21,83.9883,50,,,6.6054,14.6321,49.5819,50,,,,,99,,,79,34,31,1,1629,296,1560,366,996,930,25,5,,,,,,,,,,,,,,,,,,,,,,,,78.7549,82.0158,75.7905,43.5771,14.081,7.3123,39.6491,37.1622,1.0375,0.247,0.7905,13.0435,9.1403,3.9032,39.1304,41.1561,-2.0257,5.583,2.7174,2.8656,42.5889,4.1996,0.6293,4.5455,0.8893,0.0494,,,
2025-05-22,80.8946,50,,,6.9398,14.4649,48.8712,50,,,,,96,,,69,34,27,1,1573,353,1535,392,991,936,29,4,,,,,,,,,,,,,,,,,,,,,,,,72.1838,78.5573,74.2589,43.33,11.8083,7.0652,46.4435,39.1608,1.1858,0.1482,1.0375,12.8953,9.8814,3.0138,38.9328,41.2549,-2.3221,5.4842,2.7668,2.7174,49.7036,4.2984,0.4153,3.3103,1.0375,0.0988,,,
2025-05-23,81.898,50,,,6.1037,14.5485,50.7525,50,,,,,82,,,85,29,23,1,1590,335,1565,361,1030,896,38,3,,,,,,,,,,,,,,,,,,,,,,,,73.9496,79.8319,76.4706,45.3287,16.609,6.525,40.1786,36.3636,1.6312,0.1483,1.4829,13.1488,8.7,4.4488,40.1878,39.1992,0.9886,6.6733,2.3727,4.3005,47.6026,5.388,0.6106,2.7682,1.1864,0.0989,,,
2025-05-26,81.0116,50,,,5.8872,15.0083,51.534,50,,,,,122,,,113,37,19,0,1586,345,1570,362,1048,884,41,3,87.3684,12.6316,60,17,108,0.4138,0.5721,,,,,,,,,,,,,,,,,72.5442,78.6837,76.6208,45.8743,18.8605,7.7603,41.1458,37.3418,1.7682,0.0982,1.6699,13.7525,8.2024,5.5501,40.6189,37.9175,2.7014,7.7603,2.8978,4.8625,46.7092,6.8762,0.833,2.7996,1.9646,0.1473,,,
2025-05-27,79.3233,50,,,5.8062,15.0794,52.381,50,,,,,83,,,76,25,27,0,1543,384,1539,389,1069,859,28,3,,,,,,,,,,,,,,,,,,,,,,,,69.6296,76.7901,75.4074,47.1111,13.5802,5.9259,43.2727,40,1.1358,0.1481,0.9877,13.7778,8.3951,5.3827,41.1852,38.3704,2.8148,5.8765,2.3704,3.5062,54.9136,10.3704,0.524,3.5556,0.9877,0.1481,,,
2025-05-28,76.9616,50,,,6.3439,14.8998,52.1285,50,,,,,121,,,98,28,24,0,1499,429,1508,420,1059,870,36,5,,,,,,,,,,,,,,,,,,,,,,,,66.5185,74.5679,73.7284,46.963,15.2593,7.6543,46.6019,35.4839,1.6296,0.2469,1.3827,14.0741,8.642,5.4321,41.1358,37.1852,3.9506,7.1111,2.716,4.3951,49.9753,11.1605,0.6801,3.2593,0.9383,0.0988,,,
2025-05-29,75.0939,50,,,6.7584,15.5194,53.2332,50,,,,,128,,,98,43,33,0,1463,467,1497,433,1081,850,39,7,,,,,,,,,,,,,,,,,,,,,,,,63.9369,72.5703,72.8663,47.7553,15.0962,8.2881,44.1176,44.6429,1.7267,0.3453,1.3814,14.2082,8.8801,5.3281,41.8352,37.2472,4.5881,6.6601,3.7,2.96,51.4554,11.6428,0.6731,3.552,1.332,0.1973,,,
2025-05-30,71.8698,50,,,7.5543,15.2337,51.8364,50,,,,,182,,,90,58,27,0,1396,535,1476,455,1041,891,50,8,,,,,,,,,,,,,,,,,,,,,,,,57.6714,68.9689,71.9783,46.522,15.8362,10.6068,38.0062,39.5349,2.22,0.3947,1.8254,14.0109,9.7681,4.2427,41.1939,37.4938,3.7,6.0187,4.1934,1.8254,42.6246,10.8535,1.1281,3.3547,1.4307,0.148,,,
2025-06-02,70.6247,50,,,7.4472,15.8461,51.386,50,,,,,157,,,122,47,25,0,1383,552,1469,466,1045,891,53,5,86.8201,12.7615,60,12,141,0.3806,0.6041,,,,,,,,,,,,,,,,,58.0598,67.7609,70.9946,46.1538,18.8633,10.681,47.013,33.0275,2.2538,0.196,2.0578,14.7477,9.7011,5.0465,41.9402,37.0897,4.8506,8.8682,3.5277,5.3405,38.1186,8.8682,0.7733,2.7927,1.8128,0.147,,,
2025-06-03,65.1143,50,,,7.8586,15.842,51.5593,50,,,,,106,,,66,22,16,0,1282,652,1439,495,1047,888,40,6,,,,,,,,,,,,,,,,,,,,,,,,53.0943,64.6365,69.8919,46.2672,14.6857,6.4342,34.4482,38.1679,1.4735,0.2947,1.1788,14.4892,10.2652,4.224,41.6012,37.4263,4.1749,5.0589,2.4558,2.6031,43.3694,8.7426,0.5186,2.4067,2.0138,0.0982,,,
2025-06-04,67.6642,50,,,8.3541,15.877,52.286,50,,,,,85,,,95,19,12,0,1335,601,1453,483,1068,869,42,8,,,,,,,,,,,,,,,,,,,,,,,,55.3756,65.5376,69.9558,46.9809,14.7766,6.2347,46.8439,33.0709,1.7182,0.3927,1.3255,14.3348,9.8184,4.5164,42.3171,36.9661,5.351,6.9219,2.0619,4.8601,49.5827,8.3947,0.4076,1.9146,1.9637,0.2946,,,
2025-06-05,71.3455,50,,,7.5997,16.3206,53.7791,50,,,,,49,,,113,4,15,0,1416,521,1473,464,1103,835,57,5,,,,,,,,,,,,,,,,,,,,,,,,58.6647,68.434,70.3976,48.5518,18.164,3.3873,43.7838,18.8406,2.16,0.2455,1.9146,15.0221,9.7693,5.2528,42.9553,35.5916,7.3638,7.9529,0.6382,7.3147,49.19,8.3456,0.5777,2.4546,1.2273,0.0982,,,
2025-06-06,73.8787,50,,,6.9352,17.1096,56.1462,50,,,,,83,,,109,18,21,0,1453,484,1535,402,1149,789,72,4,,,,,,,,,,,,,,,,,,,,,,,,62.7393,70.594,74.1286,50.8591,18.0658,6.1856,44.837,26.9841,2.3564,0.1473,2.2091,15.7585,8.8856,6.8729,44.2317,34.0206,10.2111,8.1001,1.6691,6.431,48.4045,9.2784,0.5766,3.3382,1.2273,0,,,
2025-06-09,79.8347,50,,,5.6612,18.2231,59.6281,50,,,,,49,,,153,9,23,0,1585,354,1627,312,1226,714,76,5,86.6109,13.3891,60,11,137,0.3711,0.6132,,,,,,,,,,,,,,,,,74.094,77.9628,79.0891,54.7992,25.6121,4.1136,42.2562,28.5714,2.3996,0.2449,2.1548,17.0421,7.3947,9.6474,46.2292,30.9011,15.3281,10.8227,1.1753,9.6474,45.0049,8.5211,0.9059,3.526,0.9794,0.049,,,
2025-06-10,80.6733,50,,,5.4447,18.7448,61.2635,50,,,,,57,,,97,10,28,1,1597,339,1642,294,1248,689,75,4,,,,,,,,,,,,,,,,,,,,,,,,74.8403,78.7224,80.2457,56.3145,17.1007,4.1769,44.2529,31.7647,2.6536,0.1966,2.457,17.2973,7.2236,10.0737,46.8305,30.7125,16.1179,7.5676,1.3268,6.2408,49.4349,7.9607,0.8189,4.2752,0.7371,0.0983,,,
2025-06-11,80.9385,50,,,5.0249,18.5216,62.3754,50,,,,,75,,,104,19,23,0,1601,335,1660,276,1263,674,49,4,,,,,,,,,,,,,,,,,,,,,,,,74.5214,79.1851,81.2469,57.4374,23.1222,5.2528,38.4289,28.0374,2.1109,0.1473,1.9637,16.7894,6.5783,10.2111,47.4718,30.0933,17.3785,8.8856,1.4728,7.4129,38.3898,8.3947,1.2678,4.9092,0.6382,0.0491,,,
2025-06-12,71.0187,50,,,5.8212,17.0062,58.9605,50,,,,,303,,,36,46,19,0,1385,553,1553,385,1190,749,35,3,,,,,,,,,,,,,,,,,,,,,,,,51.1308,68.5349,76.352,53.6873,11.6028,13.0285,30.5085,37.3585,1.6224,0.1475,1.4749,15.6834,7.4238,8.2596,45.4769,34.0216,11.4553,3.5398,4.8673,-1.3274,29.3019,6.1947,0.6505,3.8348,0.885,0.0983,,,
2025-06-13,58.9531,50,,,7.1458,17.0337,56.1695,50,,,,,141,,,35,22,16,1,1157,782,1480,459,1132,808,30,12,,,,,,,,,,,,,,,,,,,,,,,,41.6421,59.2429,72.1731,50.885,8.3579,20.7965,39.4118,14.4208,1.0324,0.59,0.4425,15.1426,8.9479,6.1947,44.1986,37.1681,7.0305,3.294,2.999,0.295,36.3815,3.0482,0.4041,3.0973,0.7866,0.295,,,
2025-06-16,61.8047,50,,,6.8397,17.4701,57.602,50,,,,,84,,,70,16,8,1,1211,732,1471,472,1159,785,50,9,85.1464,14.8536,60,14,122,0.4421,0.5406,,,,,,,,,,,,,,,,,42.5989,57.6453,70.8842,51.9785,11.4314,10.7963,47.4359,15.8371,1.5144,0.3908,1.1236,15.5838,9.0865,6.4973,44.8461,36.3947,8.4514,5.4226,1.7098,3.7128,30.7279,2.6869,0.3161,2.3449,0.977,0.2443,,,
2025-06-17,51.3491,50,,,7.472,16.6459,55.5832,50,,,,,189,,,44,38,5,1,984,956,1370,570,1114,827,37,6,,,,,,,,,,,,,,,,,,,,,,,,34.7912,47.8624,65.602,49.5823,10.9582,9.1892,33.6323,46.5241,1.4742,0.2948,1.1794,14.9877,9.7789,5.2088,44.1278,38.9189,5.2088,3.6855,4.2752,-0.5897,40.1474,2.8993,0.2675,1.1794,2.113,0.2457,,,
2025-06-18,46.7414,50,,,8.5513,16.4799,54.1303,50,,,,,115,,,39,25,3,1,907,1033,1318,622,1083,858,33,7,,,,,,,,,,,,,,,,,,,,,,,,30.9091,43.8329,62.7518,48.2064,9.484,7.4201,34.1969,35.0993,1.1794,0.344,0.8354,14.8403,11.0565,3.7838,42.9484,39.656,3.2924,3.2432,2.6044,0.6388,50.6634,3.0467,0.2236,1.0319,3.0958,0.1966,,,
2025-06-19,29.4362,50,,,10.9453,14.5522,48.7562,50,,,,,483,,,14,81,3,1,570,1371,1082,859,968,974,23,16,,,,,,,,,,,,,,,,,,,,,,,,18.2041,28.7537,50.3435,42.1492,6.5751,22.2767,22.3881,39.4273,0.7851,0.7851,0,13.2483,14.1315,-0.8832,40.1865,44.6026,-4.4161,1.472,8.7831,-7.3111,26.2022,5.5937,0.2548,0.8832,4.0726,0.4416,,,
2025-06-20,41.6494,50,,,10.1119,15.4165,50.6424,50,,,,,75,,,75,13,6,2,802,1139,1195,746,1010,932,18,16,,,,,,,,,,,,,,,,,,,,,,,,26.7647,36.6667,55.6863,44.1176,15.4902,6.5196,40.5063,27.8195,0.7843,0.7353,0.049,13.9706,12.8431,1.1275,41.1765,42.1569,-0.9804,6.2745,1.8137,4.4608,41.2745,5.6373,0.434,0.8333,2.0588,0.3431,,,
2025-06-23,41.5947,50,,,10.0699,15.6186,51.007,50,,,,,105,,,68,22,4,2,802,1144,1161,785,1026,921,27,11,86.4583,13.3333,60,13,134,0.3436,0.6395,,,,,,,,,,,,,,,,,29.4834,36.7446,53.6062,44.7856,12.1345,10.039,41.3655,26.2136,1.2183,0.5361,0.6823,14.425,12.8655,1.5595,41.6179,42.4464,-0.8285,5.0195,2.6316,2.3879,49.4639,5.5068,0.2509,1.1696,2.8752,0.5848,,,
2025-06-24,51.8442,50,,,9.4488,16.7426,53.419,50,,,,,68,,,94,13,3,1,1015,929,1309,634,1076,869,30,12,,,,,,,,,,,,,,,,,,,,,,,,45.7087,47.1309,61.795,47.3271,24.5218,4.3649,27.8,42.6966,1.177,0.5885,0.5885,15.2035,11.6233,3.5802,42.8151,39.4801,3.335,6.8171,1.8637,4.9534,46.4443,5.8362,0.4254,1.0299,1.6184,0.3433,,,
2025-06-25,65.9345,50,,,7.8326,18.2346,57.8119,50,,,,,39,,,150,6,8,0,1317,626,1468,475,1168,775,31,6,,,,,,,,,,,,,,,,,,,,,,,,67.7293,63.1192,70.1324,52.0844,22.5601,2.8445,47.8261,36.2069,1.3732,0.2943,1.079,16.7239,10.0049,6.719,44.973,36.6846,8.2884,10.7896,1.0299,9.7597,49.2398,5.6891,0.5301,1.5694,0.9318,0.3923,,,
2025-06-26,66.2935,50,,,7.8358,18.408,58.1675,50,,,,,69,,,59,12,20,0,1317,627,1467,477,1172,772,53,7,,,,,,,,,,,,,,,,,,,,,,,,64.9166,63.3464,70.4122,52.4534,12.1197,4.8086,38.0567,31.6327,2.159,0.3435,1.8155,17.2718,9.7154,7.5564,45.1423,36.3101,8.8322,4.6124,1.5211,3.0913,52.3062,5.6428,0.4314,2.6006,0.4907,0.4416,,,
2025-06-27,68.9884,50,,,7.67,19.3615,59.5771,50,,,,,65,,,82,12,21,0,1380,563,1489,454,1199,744,65,9,,,,,,,,,,,,,,,,,,,,,,,,66.5522,66.7484,71.7018,54.0461,15.5959,4.9534,44.3396,25.7426,2.3541,0.4414,1.9127,18.0481,9.6616,8.3865,45.8068,35.6547,10.152,6.9152,1.2751,5.64,52.4277,6.1795,0.7782,2.6974,0.6376,0.2943,,,
2025-06-30,71.4344,50,,,7.1928,20.3864,60.2959,50,,,,,71,,,110,16,26,0,1434,513,1528,419,1220,727,65,12,86.875,13.125,60,16,160,0.3173,0.6683,,,,,,,,,,,,,,,,,69.9318,69.883,73.7329,54.9708,18.2261,5.4581,49.1979,30.3571,2.4854,0.5361,1.9493,19.152,8.9181,10.2339,46.8324,34.4542,12.3782,8.9669,1.6569,7.3099,50.8285,10.1365,0.6224,3.2164,0.7797,0.3411,,,
2025-07-01,70.525,50,,,7.3998,20.3803,59.9421,50,,,,,73,,,72,22,25,0,1399,547,1520,426,1208,738,68,8,,,,,,,,,,,,,,,,,,,,,,,,65.0685,67.955,73.4834,54.501,13.7476,4.8924,43.7722,41,2.6908,0.2935,2.3973,18.9824,9.589,9.3933,47.2114,34.589,12.6223,6.0176,2.0059,4.0117,51.1252,12.2798,0.4804,3.4736,0.636,0.1957,,,
2025-07-02,66.0751,50,,,7.3875,20.0165,59.3066,50,,,,,93,,,55,20,18,1,1303,647,1491,459,1195,755,43,7,,,,,,,,,,,,,,,,,,,,,,,,57.0591,62.0909,71.6659,53.8837,10.5032,6.0576,45.5814,35.4839,1.7098,0.2931,1.4167,18.808,9.8681,8.9399,47.1422,34.4406,12.7015,4.7875,2.1495,2.638,51.3923,12.8969,0.4298,2.6869,0.5374,0.1954,,,
2025-07-03,66.268,50,,,7.4639,20.0825,60.4948,50,,,,,75,,,69,14,19,1,1317,635,1499,453,1222,730,40,7,,,,,,,,,,,,,,,,,,,,,,,,57.6867,63.0551,72.1327,55.1489,12.2499,4.246,42.6295,35.6322,1.8058,0.2928,1.5129,19.0825,9.2728,9.8097,47.7794,35.0903,12.6891,5.2221,1.5129,3.7091,58.7116,13.5188,0.3497,2.6842,0.5857,0.1952,,,
2025-07-04,67.6143,50,,,7.0869,20.4368,61.2279,50,,,,,55,,,64,15,15,1,1337,618,1532,423,1242,713,34,7,,,,,,,,,,,,,,,,,,,,,,,,59.59,64.5193,73.8409,55.9785,12.8355,4.6364,41.0646,28.4211,1.5129,0.2928,1.2201,19.5217,8.8824,10.6393,47.9258,33.7726,14.1532,5.2709,1.3177,3.9531,58.2723,14.6413,0.3226,2.6842,0.9273,0.1952,,,
2025-07-07,62.7098,50,,,7.2452,20.3848,60.1719,50,,,,,146,,,61,29,16,1,1241,716,1482,475,1232,725,32,12,87.3181,12.6819,60,18,129,0.3483,0.6332,,,,,,,,,,,,,,,,,51.8213,59.2521,70.9568,54.9296,11.9961,7.8193,42.915,39.1304,1.5056,0.4857,1.0199,19.2812,9.1306,10.1506,47.4017,33.8028,13.5988,5.1481,3.0597,2.0884,49.7329,13.7931,0.3176,2.2341,1.2142,0.3885,,,
2025-07-08,60.0989,50,,,7.2135,19.7444,60.0989,50,,,,,91,,,50,17,11,1,1188,767,1455,500,1219,736,31,11,,,,,,,,,,,,,,,,,,,,,,,,48.1192,56.3263,69.7118,54.7142,11.3825,6.6927,37.3391,29.927,1.3679,0.4885,0.8793,19.15,9.2819,9.8681,47.3376,34.0498,13.2877,4.2501,2.0029,2.2472,52.1739,14.6556,0.377,2.0029,0.977,0.2443,,,
2025-07-09,61.3289,50,,,7.2637,19.6451,60.2146,50,,,,,63,,,70,8,8,1,1213,740,1464,489,1219,734,28,5,,,,,,,,,,,,,,,,,,,,,,,,51.1241,57.5269,70.0391,54.8876,12.219,3.9589,42.8,25.9259,1.2708,0.2444,1.0264,19.4037,9.2375,10.1662,47.5562,34.1153,13.4409,5.2297,1.0264,4.2033,58.26,16.0313,0.3514,1.7107,0.782,0.2444,,,
2025-07-10,59.5297,50,,,7.302,19.9257,60.4785,50,,,,,51,,,67,7,10,1,1188,767,1466,489,1232,723,29,5,,,,,,,,,,,,,,,,,,,,,,,,51.4425,57.3594,70.0244,55.5012,11.1491,3.5697,46.4912,26.0274,1.3203,0.2445,1.0758,19.9022,9.0465,10.8557,47.9707,33.3007,14.6699,5.1834,0.9291,4.2543,59.6577,16.0391,0.3702,2.0538,0.9291,0.1467,,,
2025-07-11,47.6524,50,,,8.0725,18.9044,58.196,50,,,,,118,,,40,14,6,0,966,992,1361,597,1178,780,31,8,,,,,,,,,,,,,,,,,,,,,,,,40.2832,48.7305,65.2344,53.418,8.4473,6.5918,34.6821,28.1481,1.2207,0.3418,0.8789,18.9453,9.8145,9.1309,47.168,34.6191,12.5488,2.9297,1.8555,1.0742,53.0273,13.4277,0.3623,1.5625,0.9766,0.1953,,,
2025-07-14,47.8776,50,,,8.0408,19.2245,58,50,,,,,102,,,71,19,15,1,979,982,1327,634,1185,776,48,11,87.9668,11.8257,60,14,160,0.318,0.662,,,,,,,,,,,,,,,,,40.9884,47.9651,62.7907,53.3915,11.4341,6.9283,44.4915,32.1678,1.7926,0.5329,1.2597,19.3314,9.8353,9.4961,47.0446,34.6899,12.3547,5.0872,2.2287,2.8585,51.1143,12.6938,0.4036,2.0349,1.2112,0.2907,,,
2025-07-15,60.6584,50,,,7.4074,20.823,61.4403,50,,,,,47,,,99,7,9,0,1232,727,1459,500,1258,701,56,6,,,,,,,,,,,,,,,,,,,,,,,,55.7073,58.878,69.561,57.122,16.439,2.7805,43.3234,42.1053,2.439,0.2927,2.1463,20.7805,9.0732,11.7073,48.6829,33.561,15.122,7.122,1.1707,5.9512,55.9512,12.4878,0.5358,1.8049,0.3415,0.0488,,,
2025-07-16,64.374,50,,,6.8781,20.8402,63.056,50,,,,,54,,,88,11,11,0,1309,650,1517,442,1291,668,43,3,,,,,,,,,,,,,,,,,,,,,,,,60.117,62.5061,72.6962,58.8006,14.1394,3.998,45.1724,31.7073,1.999,0.0975,1.9015,20.8679,8.5324,12.3354,49.4881,32.1307,17.3574,6.3871,1.2677,5.1195,58.508,12.3354,0.5568,1.9015,0.7801,0.0488,,,
2025-07-17,63.2813,50,,,6.8257,21.176,63.4046,50,,,,,60,,,63,13,14,0,1292,667,1514,445,1303,656,44,2,,,,,,,,,,,,,,,,,,,,,,,,59.9123,63.2733,72.6254,59.4252,12.2747,4.189,36.5079,29.0698,1.9484,0.0487,1.8997,20.7501,8.2319,12.5183,50.2679,32.0019,18.266,4.4812,1.2177,3.2635,58.2075,13.2976,0.4757,1.7048,0.9255,0.0974,,,
2025-07-18,54.8665,50,,,7.4333,20.9446,62.0945,50,,,,,80,,,47,17,13,0,1136,825,1436,525,1276,685,43,1,,,,,,,,,,,,,,,,,,,,,,,,49.4886,56.0156,68.4364,58.1588,8.7677,4.7735,41.1111,33.6735,1.9484,0.0487,1.8997,20.3117,8.4754,11.8363,49.4398,33.0736,16.3663,3.6045,1.6074,1.9971,54.4569,13.0541,0.3709,2.4355,0.9255,0.1948,,,
2025-07-21,53.7866,50,,,7.7769,21.2134,61.0749,50,,,,,122,,,65,30,14,2,1102,863,1391,574,1261,704,55,6,86.1284,13.6646,60,16,124,0.4149,0.5651,,,,,,,,,,,,,,,,,46.3026,52.6341,65.3456,56.6457,11.2615,7.6849,36.9099,41.5094,2.2233,0.2417,1.9816,20.8797,8.9415,11.9381,48.9125,33.6394,15.2731,4.1566,3.1899,0.9667,53.0208,13.7264,0.4168,2.7066,1.4016,0.5317,,,
2025-07-22,48.9938,50,,,7.8029,21.3142,60.7392,50,,,,,106,,,52,20,16,1,1004,958,1337,626,1251,712,47,4,,,,,,,,,,,,,,,,,,,,,,,,42.6277,48.7591,62.3844,56.3017,11.0462,5.7421,36.1233,44.0678,1.8978,0.1946,1.7032,20.438,9.6837,10.7543,48.8078,33.7226,15.0852,3.9903,2.5304,1.4599,55.0852,12.9927,0.4113,2.3844,1.2165,0.3893,,,
2025-07-23,52.1561,50,,,7.8029,21.6838,60.6982,50,,,,,98,,,50,27,14,1,1049,914,1321,642,1252,711,42,9,,,,,,,,,,,,,,,,,,,,,,,,42.7251,48.8564,61.2165,56.1071,9.635,7.0073,35.8586,34.0278,1.6545,0.3893,1.2652,20.438,9.3431,11.0949,49.5864,34.1119,15.4745,3.455,2.3844,1.0706,57.9075,12.1168,0.3939,1.6545,1.5572,0.2433,,,
2025-07-24,45.0513,50,,,8.6653,20.9035,59.9589,50,,,,,127,,,45,34,10,1,931,1033,1270,694,1236,727,48,9,,,,,,,,,,,,,,,,,,,,,,,,38.8619,44.6984,59.1926,55.5934,9.3872,7.7821,37.8238,38.125,2.0914,0.4377,1.6537,19.5525,10.3113,9.2412,48.4436,35.1654,13.2782,3.5506,2.9669,0.5837,54.2315,12.8891,0.3844,1.4591,1.9455,0.2918,,,
2025-07-25,29.4625,50,,,10.6278,18.8757,53.9598,50,,,,,403,,,22,87,7,2,606,1358,973,992,1106,859,27,14,,,,,,,,,,,,,,,,,,,,,,,,22.4708,30.2043,46.2549,49.2704,6.3716,19.0175,30.5344,41.1765,1.216,0.6809,0.535,18.0447,12.5973,5.4475,46.7899,38.8619,7.928,1.9455,7.8307,-5.8852,39.2023,7.7821,0.4086,1.07,3.7451,0.535,,,
2025-07-28,23.0394,50,,,13.1654,17.5945,49.167,50,,,,,433,,,35,113,8,4,474,1495,779,1190,1018,951,39,26,83.0228,16.9772,60,23,113,0.5136,0.4653,,,,,,,,,,,,,,,,,18.0106,23.0806,38.001,44.5196,9.3192,22.4529,24.8705,46.0215,1.7383,1.1589,0.5794,16.562,15.548,1.014,44.2781,43.2158,1.0623,2.3177,10.3332,-8.0155,26.7504,4.5872,0.4458,0.8691,5.7943,1.2554,,,
2025-07-29,28.1083,50,,,12.5154,18.7115,52.3595,50,,,,,74,,,111,19,8,1,591,1375,922,1043,1075,891,36,28,,,,,,,,,,,,,,,,,,,,,,,,25.9728,29.1342,43.6284,47.6654,18.2393,6.9066,48.2667,23.2394,1.6537,1.2646,0.3891,17.8016,14.6887,3.1128,45.7685,41.0992,4.6693,8.8035,1.6051,7.1984,39.251,4.2802,0.3853,1.0214,4.3288,0.3891,,,
2025-07-30,31.0911,50,,,12.0591,19.1961,52.5431,50,,,,,102,,,89,31,8,1,661,1305,955,1011,1083,883,55,16,,,,,,,,,,,,,,,,,,,,,,,,30.9674,32.28,44.7739,47.788,15.0705,6.6116,41.9355,35.2941,2.5766,0.6806,1.896,18.1818,14.3413,3.8405,45.9407,41.3709,4.5698,6.3199,2.3335,3.9864,48.6145,3.8405,0.3603,1.0209,4.035,0.3889,,,
2025-07-31,27.3249,50,,,13.4781,18.8447,51.0037,50,,,,,181,,,52,47,8,1,562,1407,840,1129,1049,920,43,26,,,,,,,,,,,,,,,,,,,,,,,,25.7407,28.0719,40.6508,46.1875,10.8791,16.7557,36.1607,23.7681,1.9427,1.117,0.8256,17.7271,15.7358,1.9913,44.7305,42.8363,1.8941,3.9339,3.9825,-0.0486,37.8825,4.8567,0.485,1.0685,3.7882,0.3885,,,
2025-08-01,20.9302,50,,,15.3407,16.6055,46.3076,50,,,,,383,,,31,115,8,0,433,1540,690,1283,953,1020,43,20,,,,,,,,,,,,,,,,,,,,,,,,19.2066,21.9158,33.8655,41.4127,11.3208,18.239,23.9316,48.2759,1.9836,0.9192,1.0643,15.8684,17.7068,-1.8384,43.2511,46.0087,-2.7576,2.7092,8.805,-6.0958,31.3982,4.2574,0.4153,1.016,3.3866,0.5806,,,
2025-08-04,26.591,50,,,14.998,17.876,48.4799,50,,,,,129,,,91,48,11,4,561,1415,758,1218,1000,976,30,30,81.7805,18.2195,60,28,109,0.5926,0.3839,,,,,,,,,,,,,,,,,26.0597,26.3487,36.5125,43.4489,17.341,9.6339,41.3889,35,1.3969,1.3006,0.0963,16.5703,17.4374,-0.8671,43.9306,45.1349,-1.2042,7.1773,3.3719,3.8054,38.5356,4.7688,0.3532,1.7823,2.3121,0.8189,,,
2025-08-05,26.6802,50,,,15.6008,17.4745,47.5356,50,,,,,145,,,45,39,7,5,559,1416,713,1262,976,999,33,24,,,,,,,,,,,,,,,,,,,,,,,,26.2192,26.3158,34.1381,42.2501,10.9126,8.6915,32.7434,36.6667,1.4486,1.014,0.4346,16.1758,18.0589,-1.8831,43.8918,45.7267,-1.8349,3.5732,3.1869,0.3863,46.0164,4.6837,0.2966,1.0623,3.5249,0.8691,,,
2025-08-06,21.4257,50,,,17.7597,16.4155,44.8065,50,,,,,305,,,38,73,6,5,449,1529,629,1349,919,1059,21,46,,,,,,,,,,,,,,,,,,,,,,,,19.112,21.0425,30.2606,39.7201,9.3629,17.3263,28.3505,39.2758,0.917,2.0753,-1.1583,15.0579,20.8012,-5.7432,42.2297,47.8764,-5.6467,2.6544,6.805,-4.1506,35.5695,4.8745,0.3472,0.7722,5.7432,0.7722,,,
2025-08-07,20.8062,50,,,18.3225,16.4902,44.2997,50,,,,,169,,,52,55,5,5,430,1550,620,1360,904,1076,24,65,,,,,,,,,,,,,,,,,,,,,,,,20.222,20.4633,29.778,38.9961,11.1486,17.471,34.632,25.1381,1.0135,3.0405,-2.027,14.9614,21.2838,-6.3224,41.5058,48.6969,-7.1911,3.861,4.3919,-0.5309,33.7355,4.1988,0.4592,0.6757,4.6815,0.7722,,,
2025-08-08,17.7117,50,,,20.0733,14.943,40.3909,50,,,,,259,,,49,70,7,4,360,1620,534,1446,825,1155,28,45,,,,,,,,,,,,,,,,,,,,,,,,17.278,17.3263,25.7239,35.5212,13.2722,13.8996,26.9091,39.5833,0.9653,2.027,-1.0618,13.8996,22.9247,-9.0251,40.0579,51.0618,-11.0039,3.5714,5.5019,-1.9305,36.4382,4.8263,0.3208,0.8205,3.668,0.8687,,,
2025-08-11,20.7845,50,,,20.0566,15.2042,41.4476,50,,,,,178,,,84,60,5,3,427,1551,585,1394,851,1128,30,57,81.6116,18.3884,60,35,92,0.5645,0.41,,,,,,,,,,,,,,,,,23.4503,20.3268,27.679,36.0884,16.05,13.0706,40.4192,37.1324,1.1052,2.4988,-1.3936,14.0798,23.1619,-9.0822,40.5094,50.7448,-10.2355,6.4873,4.8534,1.6338,39.308,5.1418,0.3957,0.5766,4.5651,1.0091,,,
2025-08-12,23.5557,50,,,20.2197,15.5818,42.2295,50,,,,,131,,,76,49,5,5,487,1491,601,1378,865,1114,21,33,,,,,,,,,,,,,,,,,,,,,,,,27.3166,23.3591,28.5232,36.7761,17.4228,8.7838,31.3019,45.0549,0.917,1.3996,-0.4826,14.0444,22.973,-8.9286,40.2992,50.7239,-10.4247,5.4537,3.9575,1.4961,45.4151,5.9846,0.3535,0.7239,4.1023,0.917,,,
2025-08-13,27.728,50,,,20.1954,16.1238,43.5261,50,,,,,137,,,108,47,10,5,577,1401,660,1318,892,1087,31,42,,,,,,,,,,,,,,,,,,,,,,,,33.0758,26.9918,31.0961,37.9527,18.0589,9.5123,40.107,39.5939,1.4003,1.8831,-0.4829,14.6306,23.0324,-8.4017,41.0913,50.1207,-9.0295,7.2429,3.7663,3.4766,46.2096,7.6292,0.4551,1.3037,3.5249,0.9174,,,
2025-08-14,25.4272,50,,,21.074,15.5818,41.8633,50,,,,,223,,,47,73,14,3,528,1451,623,1356,860,1120,31,48,,,,,,,,,,,,,,,,,,,,,,,,28.4612,24.4573,28.9436,36.0347,12.6387,13.3623,28.2443,44.4043,1.206,2.1708,-0.9648,14.0859,24.2644,-10.1785,40.1351,51.5195,-11.3845,3.5697,5.9334,-2.3637,44.7178,9.1655,0.3737,1.7849,4.0039,1.206,,,
2025-08-18,37.5403,50,,,19.1935,17.0565,44.9597,50,,,,,111,,,145,31,16,1,763,1223,786,1201,929,1058,51,33,84.1237,15.8763,60,18,109,0.5024,0.471,,,,,,,,,,,,,,,,,41.8705,32.9017,34.1966,39.0887,27.6739,8.4892,38.1282,34.4633,2.3501,1.3909,0.9592,15.3957,22.494,-7.0983,41.7266,49.6403,-7.9137,10.5516,2.9257,7.6259,39.1847,7.8657,0.7481,2.494,3.3094,1.1511,,,
2025-08-19,45.7352,50,,,17.303,18.2778,47.0349,50,,,,,57,,,123,15,19,2,932,1051,882,1102,975,1009,38,16,,,,,,,,,,,,,,,,,,,,,,,,55.759,41.4458,37.9759,41.3494,18.988,5.1084,48.731,27.3585,1.7831,0.7229,1.0602,16.4819,19.8072,-3.3253,43.0361,48.6265,-5.5904,9.253,1.3976,7.8554,47.9518,7.7108,0.5297,2.8916,1.3012,0.3855,,,
2025-08-20,49.0872,50,,,15.9026,18.6613,47.3428,50,,,,,58,,,104,9,20,1,984,1000,929,1056,981,1004,43,7,,,,,,,,,,,,,,,,,,,,,,,,61.7718,45.7872,41.0688,41.6948,17.766,4.8628,46.8835,21.7822,2.0703,0.337,1.7333,16.9957,18.4401,-1.4444,43.9095,47.1353,-3.2258,8.3293,1.0592,7.2701,51.1314,7.5108,0.5748,3.1777,1.2037,0.1926,,,
2025-08-21,49.8985,50,,,16.1186,18.6764,47.4624,50,,,,,85,,,60,19,20,0,1004,982,940,1047,985,1002,42,7,,,,,,,,,,,,,,,,,,,,,,,,58.6904,46.1242,41.5022,41.6948,14.4439,5.6331,33.6667,29.9145,1.974,0.337,1.637,16.9475,18.6808,-1.7333,43.765,46.9909,-3.2258,4.8628,1.6851,3.1777,52.7203,8.2812,0.4791,3.3221,0.7222,0.0963,,,
2025-08-22,44.661,50,,,16.5246,18.108,46.9346,50,,,,,107,,,51,15,22,0,897,1088,873,1113,965,1021,39,11,,,,,,,,,,,,,,,,,,,,,,,,49.8315,41.2133,38.6615,41.3096,10.7366,6.7886,37.6682,24.8227,1.8777,0.4815,1.3962,16.5142,20.1252,-3.611,43.6206,47.8575,-4.2369,4.0443,1.6851,2.3592,55.0794,10.3515,0.3122,3.4665,0.5296,0.0963,,,
2025-08-25,45.8937,50,,,16.6264,18.1965,47.2625,50,,,,,140,,,71,33,23,0,921,1069,870,1121,983,1008,45,12,81.0309,18.9691,60,29,98,0.6131,0.3595,,,,,,,,,,,,,,,,,48.8027,41.9061,38.1226,41.8103,14.6073,7.8065,38.3607,41.7178,2.0115,0.4789,1.5326,16.5709,20.4023,-3.8314,43.1513,48.4674,-5.3161,5.6034,3.2567,2.3467,48.0843,13.1705,0.4368,2.5383,0.7663,0.3831,,,
2025-08-26,29.7122,50,,,19.5379,16.5383,42.9266,50,,,,,341,,,26,59,11,3,616,1370,671,1316,888,1099,25,33,,,,,,,,,,,,,,,,,,,,,,,,29.0726,28.3998,31.0428,37.0975,7.3522,16.4344,27.451,37.1345,0.8169,1.5377,-0.7208,14.9447,23.3061,-8.3614,41.4704,51.754,-10.2835,2.0183,6.1028,-4.0846,38.9716,7.4003,0.5016,1.3936,1.3455,0.3364,,,
2025-08-28,24.7368,50,,,21.498,15.3846,39.919,50,,,,,235,,,28,59,6,1,515,1477,578,1415,827,1166,19,47,,,,,,,,,,,,,,,,,,,,,,,,22.6333,24.6997,27.2465,34.3104,8.7458,13.359,28.022,43.1655,0.7689,2.2105,-1.4416,13.9356,24.6036,-10.6679,40.221,53.0514,-12.8304,2.4507,5.7665,-3.3157,43.4407,4.6132,0.3358,0.9611,2.5469,0.5286,,,
2025-08-29,24.3922,50,,,21.9206,15.1945,39.2626,50,,,,,122,,,48,22,8,1,506,1486,562,1431,807,1186,26,49,,,,,,,,,,,,,,,,,,,,,,,,23.6538,24.0865,26.875,33.9904,12.0192,7.3558,31.6,30.0654,0.6731,2.1635,-1.4904,13.6538,25.7692,-12.1154,40.5769,53.3654,-12.7885,3.7981,2.2115,1.5865,46.4423,5.2885,0.2951,0.9615,3.3654,0.4808,,,
2025-09-01,34.5243,50,,,19.9518,16.7804,42.9145,50,,,,,69,,,126,15,11,1,718,1279,692,1306,892,1106,57,29,83.7113,16.2887,60,17,147,0.5086,0.4633,,,,,,,,,,,,,,,,,40.0382,33.7793,32.3459,37.3149,22.0258,5.3512,42.2993,26.7857,1.4333,1.1945,0.2389,15.3368,23.4114,-8.0745,41.9494,51.075,-9.1257,9.3168,1.4333,7.8834,47.0616,5.6856,0.3788,1.3856,2.0545,0.5256,,,
2025-09-02,40.9863,50,,,17.7041,17.3808,44.4624,50,,,,,78,,,116,21,10,0,855,1138,770,1226,929,1067,48,17,,,,,,,,,,,,,,,,,,,,,,,,50.3359,40.8829,36.1804,39.0595,22.1689,5.0864,40.2597,34.9057,1.3916,0.6718,0.7198,15.9789,21.2092,-5.2303,42.6104,50.3359,-7.7255,8.9251,1.7754,7.1497,42.8023,6.8138,0.6776,1.4875,1.3916,0.1919,,,
2025-09-03,50.2827,50,,,16.2359,18.2956,46.4459,50,,,,,57,,,109,11,14,0,1025,969,889,1106,966,1029,57,13,,,,,,,,,,,,,,,,,,,,,,,,62.464,49.1371,41.5149,41.2272,18.4564,4.1707,46.7532,25.2874,1.9175,0.5273,1.3902,17.21,19.7987,-2.5887,43.9597,48.418,-4.4583,8.629,1.0547,7.5743,51.9655,8.7248,0.5823,2.2052,0.9108,0.1918,,,
2025-09-04,45,50,,,17.4597,17.4597,45.6855,50,,,,,143,,,50,27,18,2,924,1073,838,1160,957,1041,64,11,,,,,,,,,,,,,,,,,,,,,,,,48.4442,42.9871,38.8703,40.2106,16.0364,7.5156,24.4776,34.3949,2.3935,0.4787,1.9148,16.5629,21.0627,-4.4998,42.8435,49.4495,-6.606,3.9253,2.585,1.3404,35.9023,7.6592,0.6339,2.7764,0.7659,0.2872,,,
2025-09-05,43.9871,50,,,17.8773,17.8773,44.996,50,,,,,84,,,87,12,25,1,884,1113,837,1161,936,1062,46,15,,,,,,,,,,,,,,,,,,,,,,,,49.3538,42.2212,39.1575,39.4447,14.0737,6.4146,39.7959,26.1194,1.7712,0.6223,1.1489,16.8023,21.4457,-4.6434,43.7051,49.2101,-5.505,5.6008,1.6754,3.9253,49.7846,8.1857,0.3397,3.2551,0.6223,0.2393,,,
2025-09-08,49.2986,50,,,17.1944,18.1162,46.8136,50,,,,,110,,,127,18,31,1,993,1009,879,1124,977,1026,80,12,84.9485,15.0515,60,19,145,0.4577,0.5138,,,,,,,,,,,,,,,,,52.4059,46.5936,40.4002,41.496,20.2477,6.6698,40.7059,33.5714,2.8109,0.4288,2.3821,17.5322,20.5812,-3.0491,43.8304,48.0229,-4.1925,8.242,2.2392,6.0029,45.9266,10.3383,0.5229,3.5255,0.9052,0.3335,,,
2025-09-09,49.8186,50,,,17.372,18.4603,46.5135,50,,,,,109,,,67,28,24,0,1002,996,895,1104,972,1027,71,14,,,,,,,,,,,,,,,,,,,,,,,,50.7899,46.1944,40.3542,41.0723,13.8344,7.0847,34.6021,40.5405,2.202,0.6223,1.5797,17.6161,21.1106,-3.4945,44.1838,47.5347,-3.3509,4.787,2.8722,1.9148,52.5132,11.0101,0.4454,2.6328,0.7659,0.2872,,,
2025-09-10,58.7263,50,,,15.6389,18.944,49.2543,50,,,,,88,,,92,17,18,0,1185,814,1037,963,1027,973,35,1,,,,,,,,,,,,,,,,,,,,,,,,59.5022,53.5184,45.5242,43.6094,18.1905,6.0795,37.6316,33.8583,1.0531,0.0479,1.0053,17.9033,19.1479,-1.2446,45.1412,46.7688,-1.6276,6.8454,2.0584,4.787,48.0613,10.0527,0.8565,2.202,0.9095,0.1915,,,
2025-09-11,59.5728,50,,,15.2358,19.0246,49.0528,50,,,,,92,,,53,20,24,0,1198,801,1049,951,1026,974,26,5,,,,,,,,,,,,,,,,,,,,,,,,57.7788,53.9493,45.955,43.4179,13.1163,6.3667,33.9416,35.3383,0.9574,0.2393,0.718,18.0469,18.9564,-0.9095,45.6678,46.2422,-0.5744,4.4519,2.2499,2.202,52.2259,15.0311,0.6006,2.585,0.9095,0.2393,,,
2025-09-12,58.8638,50,,,15.2297,19.4198,49.718,50,,,,,76,,,56,11,17,0,1195,804,1059,941,1040,960,43,6,,,,,,,,,,,,,,,,,,,,,,,,55.6247,52.9919,46.2422,43.8009,11.393,5.6965,35.7143,27.7311,1.6276,0.2872,1.3404,18.4299,19.1958,-0.7659,46.338,46.8167,-0.4787,4.0689,1.5797,2.4892,56.5821,14.9832,0.4722,2.2499,0.9574,0.1436,,,
2025-09-15,63.28,50,,,14.92,19.84,51.28,50,,,,,64,,,87,17,15,0,1292,710,1110,893,1073,930,58,12,85.9794,14.0206,60,15,172,0.3948,0.5764,,,,,,,,,,,,,,,,,60.619,58.1429,49.2857,45.5714,14.8095,5,44.373,28.5714,2.1429,0.4762,1.6667,18.9524,18.619,0.3333,47.3333,45.5714,1.7619,6.5714,1.4286,5.1429,56.0952,16.6667,0.5772,2.4762,1.0476,0.2381,,,
2025-09-16,67.5534,50,,,14.1878,20.2338,53.8896,50,,,,,44,,,79,11,18,0,1368,629,1222,776,1124,874,53,5,,,,,,,,,,,,,,,,,,,,,,,,66.4272,62.5958,54.3103,48.0843,14.5115,3.0651,41.5842,31.25,2.0115,0.1916,1.8199,19.4923,17.6245,1.8678,48.0843,44.3008,3.7835,6.0345,0.9579,5.0766,56.9923,17.433,0.7442,2.4425,0.8621,0.1437,,,
2025-09-17,70.2333,50,,,13.1939,20.9574,55.0282,50,,,,,55,,,70,19,25,0,1432,566,1276,723,1146,853,51,4,,,,,,,,,,,,,,,,,,,,,,,,68.1166,65.8222,57.0268,49.3308,15.4876,4.1587,34.5679,37.931,1.7686,0.1912,1.5774,20.1721,16.3958,3.7763,48.6138,43.6902,4.9235,5.3537,1.5774,3.7763,57.1224,17.5908,0.8812,2.7725,0.5258,0.1912,,,
2025-09-18,70.0322,50,,,12.6307,20.9976,55.0282,50,,,,,75,,,53,20,21,1,1418,583,1282,720,1149,853,38,5,,,,,,,,,,,,,,,,,,,,,,,,65.7593,65.616,57.4499,49.3792,12.703,4.9666,33.0827,33.6538,1.6714,0.2388,1.4327,20.2006,16.4279,3.7727,49.2359,43.0755,6.1605,4.2025,1.6714,2.531,54.2502,17.9561,0.7146,2.7698,0.5731,0.1433,,,
2025-09-19,67.9936,50,,,13.0277,21.4717,55.2473,50,,,,,96,,,69,19,21,1,1372,629,1274,729,1156,847,43,13,,,,,,,,,,,,,,,,,,,,,,,,62.5597,63.3238,57.0678,49.6657,12.7507,6.256,40.4494,29.0076,1.5759,0.6208,0.9551,20.2483,16.3324,3.916,50.191,42.8844,7.3066,5.1576,1.8147,3.3429,55.8262,18.0038,1.0482,2.3878,0.6208,0.2865,,,
2025-09-22,59.2903,50,,,14.1148,20.7337,53.748,50,,,,,177,,,81,38,27,2,1196,813,1186,824,1135,875,62,18,82.0988,17.9012,60,26,137,0.5654,0.4055,,,,,,,,,,,,,,,,,49.1694,53.9155,52.4442,48.1728,13.0517,9.4447,37.4545,38.191,2.0408,0.8543,1.1865,20.4556,16.991,3.4646,49.3593,44.0911,5.2682,4.8885,3.607,1.2814,46.7489,15.3773,0.7405,2.6103,0.9492,0.1898,,,
2025-09-23,54.2788,50,,,15.1065,20.3294,52.1495,50,,,,,106,,,68,25,21,2,1093,910,1135,868,1094,910,73,18,,,,,,,,,,,,,,,,,,,,,,,,42.9594,48.926,49.9761,46.3007,12.1241,6.1575,40.9449,34.8837,2.0048,0.8592,1.1456,19.7613,17.6611,2.1002,49.3079,44.4391,4.8687,4.9642,2.148,2.8162,53.2697,13.5084,0.5276,1.957,1.2411,0.0955,,,
2025-09-24,45.2209,50,,,16.7068,19.7992,50.4016,50,,,,,162,,,51,28,18,2,925,1079,1037,967,1054,951,72,22,,,,,,,,,,,,,,,,,,,,,,,,34.9547,42.0601,46.1135,44.7783,9.9666,7.9161,35.4067,38.5542,2.289,1.0491,1.2399,18.7411,19.5994,-0.8584,48.5932,46.0181,2.5751,3.5289,3.052,0.4769,50.31,10.5866,0.4444,1.8598,1.3352,0.1431,,,
2025-09-25,35.7028,50,,,18.3133,18.6747,47.3896,50,,,,,198,,,35,34,20,1,734,1271,877,1128,993,1013,37,37,,,,,,,,,,,,,,,,,,,,,,,,26.371,34.9547,40.1049,41.917,8.7744,9.6805,32.6087,38.9163,1.2399,1.7644,-0.5246,17.6443,21.4592,-3.815,46.9242,47.3534,-0.4292,2.8612,3.7673,-0.9061,48.9747,8.536,0.4104,1.8121,2.432,0.1431,,,
2025-09-26,21.8123,50,,,21.6921,16.0786,41.7001,50,,,,,519,,,14,109,17,1,445,1561,607,1399,871,1136,34,75,,,,,,,,,,,,,,,,,,,,,,,,13.9524,20.5714,27.9524,36,5.8571,24.2381,23.5772,45.9725,1.0476,3.5714,-2.5238,14.9048,25.5238,-10.619,44.6667,50.9048,-6.2381,1.381,11.1429,-9.7619,31.0952,3.0952,0.5641,1.3333,5.7143,0.4762,,,
2025-09-29,22.3987,50,,,22.3987,16.4416,41.382,50,,,,,216,,,63,61,15,3,447,1568,616,1399,865,1151,47,60,84.1564,15.8436,60,24,154,0.5004,0.4678,,,,,,,,,,,,,,,,,16.6824,20.794,28.2136,35.5388,15.879,11.6257,26.1905,42.2764,1.3705,2.8355,-1.465,14.9811,26.276,-11.2949,44.2817,51.1815,-6.8998,4.1588,4.9149,-0.7561,34.5936,2.552,0.6007,1.1815,6.1437,0.7561,,,
2025-09-30,23.3507,50,,,22.591,16.0736,41.5434,50,,,,,127,,,38,28,8,2,476,1535,606,1405,866,1146,46,46,,,,,,,,,,,,,,,,,,,,,,,,20.1709,21.8794,27.7171,35.5956,12.8619,8.4955,25.4613,32.4022,1.0916,2.0408,-0.9492,14.7603,26.3408,-11.5804,44.2335,51.2577,-7.0242,3.2748,2.7527,0.5221,44.7081,3.7969,0.349,0.8068,5.458,0.6645,,,
2025-10-01,32.5628,50,,,20.566,17.4572,45.1574,50,,,,,42,,,122,9,11,1,675,1342,772,1245,946,1072,44,31,,,,,,,,,,,,,,,,,,,,,,,,33.0336,31.1879,34.5954,39.5173,19.9716,4.2593,45.4976,16.6667,1.3251,1.3251,0,16.7534,24.231,-7.4775,45.9536,49.0771,-3.1235,9.0866,0.7099,8.3767,47.0894,4.7799,0.3127,1.0412,2.035,0.3786,,,
2025-10-03,42.7946,50,,,19.4666,18.9092,47.5717,50,,,,,48,,,121,13,11,1,896,1125,913,1108,1000,1022,58,17,,,,,,,,,,,,,,,,,,,,,,,,48.3459,41.1153,40.4064,42.2023,19.518,4.6786,43.3414,23.2323,1.9376,0.7089,1.2287,17.7221,22.5425,-4.8204,47.5425,47.448,0.0945,8.4594,1.087,7.3724,48.7713,7.3251,0.4864,1.6541,1.3705,0.0945,,,
2025-10-06,44.6203,50,,,19.818,18.8291,46.7563,50,,,,,169,,,81,34,17,1,920,1108,929,1099,985,1043,75,29,83.3676,16.6324,60,31,155,0.4953,0.4727,,,,,,,,,,,,,,,,,42.333,38.8053,39.1816,40.5927,13.5936,8.937,38.7543,34.2105,2.2107,1.223,0.9878,17.968,23.5183,-5.5503,47.1308,47.9304,-0.7996,5.2681,3.0574,2.2107,43.7912,8.1373,0.4324,2.2107,1.27,0.3763,,,
2025-10-07,43.601,50,,,20.2703,19.7138,46.8601,50,,,,,131,,,60,34,21,1,883,1142,911,1114,981,1044,59,44,,,,,,,,,,,,,,,,,,,,,,,,38.6792,36.9811,38.1604,40.6132,12.0755,7.5943,38.6719,37.2671,1.7925,1.934,-0.1415,18.1604,23.5377,-5.3774,47.5,48.2547,-0.7547,4.6698,2.8302,1.8396,51.7453,10.9434,0.3945,2.1698,0.6132,0.283,,,
2025-10-08,39.8332,50,,,20.8896,19.1819,46.3463,50,,,,,115,,,76,26,25,2,806,1221,858,1169,964,1063,60,44,,,,,,,,,,,,,,,,,,,,,,,,34.4015,34.8728,36.7107,40.1037,13.3365,6.7861,36.3958,31.25,1.5551,1.9793,-0.4241,18.0961,24.6937,-6.5975,47.5495,48.3506,-0.8011,4.8539,2.1206,2.7333,49.7644,10.132,0.3904,3.2516,0.8483,0.1885,,,
2025-10-09,44.1842,50,,,20.524,19.8491,47.2013,50,,,,,119,,,89,37,28,5,885,1145,903,1127,979,1051,51,42,,,,,,,,,,,,,,,,,,,,,,,,37.3704,36.9463,37.229,40.8106,12.4882,7.1159,44.1509,46.3576,1.3195,1.9321,-0.6126,18.4731,24.7408,-6.2677,47.3139,48.2092,-0.8954,5.5137,3.2988,2.2149,54.147,11.6871,0.3196,2.639,1.3666,0.377,,,
2025-10-10,48.9869,50,,,19.3882,20.1828,48.3512,50,,,,,84,,,83,25,17,3,984,1043,957,1070,1004,1023,41,22,,,,,,,,,,,,,,,,,,,,,,,,45.5189,41.3208,39.434,41.934,16.2264,5.566,35.1744,30.5085,1.4623,0.9906,0.4717,18.5849,23.3491,-4.7642,48.066,47.5943,0.4717,5.7075,1.6981,4.0094,54.0566,13.2075,0.41,1.9811,1.0377,0.2358,,,
2025-10-13,42.3168,50,,,21.3948,20.1734,46.5721,50,,,,,186,,,59,36,14,4,838,1197,885,1150,965,1070,55,41,82.582,17.2131,60,34,140,0.5311,0.4346,,,,,,,,,,,,,,,,,33.4583,34.1612,36.5511,39.8782,8.5286,10.3561,34.0659,38.009,1.2184,1.7338,-0.5155,17.9007,24.9297,-7.0291,47.5164,48.8285,-1.3121,2.9053,3.9363,-1.0309,55.1546,14.9953,0.2984,1.9213,1.7338,0.5155,,,
2025-10-14,32.8311,50,,,23.4338,18.5567,43.5765,50,,,,,296,,,39,65,22,3,659,1371,763,1267,904,1126,58,70,,,,,,,,,,,,,,,,,,,,,,,,23.7647,26.0706,30.6824,36.6588,7.8118,15.8118,32.5301,37.7976,1.1765,3.2,-2.0235,16.4706,27.5765,-11.1059,45.9294,51.4353,-5.5059,2.5412,5.9765,-3.4353,39.3882,12.0471,0.4416,1.2706,3.0588,0.7059,,,
2025-10-15,40.3884,50,,,22.3543,19.5006,45.3428,50,,,,,96,,,85,28,11,2,809,1224,853,1180,944,1089,47,56,,,,,,,,,,,,,,,,,,,,,,,,34.1016,31.9849,34.2427,38.2408,15.8984,6.397,40.2367,35.2941,1.317,2.4459,-1.1289,17.3565,26.3405,-8.984,46.5193,49.4826,-2.9633,6.397,2.2578,4.1392,51.5992,12.6529,0.4199,1.5052,2.587,0.4233,,,
2025-10-16,45.3286,50,,,20.8234,20.1504,46.9121,50,,,,,86,,,73,32,13,2,915,1118,896,1137,975,1058,49,29,,,,,,,,,,,,,,,,,,,,,,,,41.1378,37.0005,36.4833,39.7743,16.6902,4.9365,34.0845,33.3333,1.5985,1.3164,0.2821,17.7245,25.2468,-7.5223,47.4847,49.0832,-1.5985,5.6888,1.6455,4.0433,53.4556,12.2708,0.4242,1.5985,1.7395,0.3291,,,
2025-10-17,41.4885,50,,,22.5257,19.7941,45.4078,50,,,,,163,,,43,40,10,1,823,1214,836,1201,943,1094,60,45,,,,,,,,,,,,,,,,,,,,,,,,33.9445,33.2863,33.6624,38.0818,10.9544,10.2492,29.6137,35.7798,1.5515,2.0216,-0.4701,17.3014,26.0931,-8.7917,46.2153,50.4466,-4.2313,3.244,3.6671,-0.4231,48.7071,12.929,0.4398,1.3634,2.3507,0.4231,,,
2025-10-20,45.583,50,,,21.6333,20.2591,46.8002,50,,,,,117,,,93,39,13,2,914,1131,890,1155,977,1068,74,57,82.8571,17.1429,60,28,127,0.4963,0.468,,,,,,,,,,,,,,,,,42.27,37.7394,36.0579,39.6544,16.114,7.2863,42.029,33.3333,2.1485,2.4755,-0.327,18.1691,25.2219,-7.0528,47.2209,49.5563,-2.3354,6.7725,2.4288,4.3438,50.1635,12.8912,0.4073,1.7282,1.7282,0.2335,,,
2025-10-21,53.9437,50,,,19.7384,21.522,48.8308,50,,,,,21,,,54,1,22,0,1090,946,1001,1035,1018,1018,74,22,,,,,,,,,,,,,,,,,,,,,,,,59.8966,47.9079,42.078,42.031,16.032,2.8209,29.0323,10,1.8806,0.9873,0.8933,19.9812,23.3662,-3.385,49.5063,48.0489,1.4575,4.6544,0.2821,4.3724,62.9995,16.173,0.0306,2.4918,0.5172,0.094,,,
2025-10-23,51.8182,50,,,18.9723,20.83,48.6166,50,,,,,174,,,79,44,19,2,1044,995,988,1051,1012,1027,99,10,,,,,,,,,,,,,,,,,,,,,,,,52.6538,45.3264,41.1461,41.7097,14.5139,7.7501,38.835,42.4242,2.5834,0.3288,2.2546,19.3988,22.6867,-3.2879,49.7417,47.8628,1.8788,5.6364,3.2879,2.3485,47.0643,15.7821,0.8755,2.2546,0.5636,0.0939,,,
2025-10-24,47.8278,50,,,19.0758,20.7346,47.5118,50,,,,,117,,,49,24,17,2,964,1075,950,1089,991,1048,37,14,,,,,,,,,,,,,,,,,,,,,,,,44.8357,41.9249,39.2958,40.5164,9.061,7.3709,35.7513,32.4841,1.4554,0.5164,0.939,18.7793,23.2394,-4.4601,49.4836,48.1221,1.3615,3.2394,2.3944,0.8451,57.8873,16.8545,0.4,1.9249,0.7981,0.1878,,,
2025-10-27,49.1173,50,,,19.2232,21.2632,48.6858,50,,,,,125,,,78,34,19,1,1005,1041,988,1058,1027,1019,68,23,82.8571,17.1429,60,31,134,0.4904,0.4755,,,,,,,,,,,,,,,,,46.5702,43.4438,40.504,41.7172,13.5324,7.3728,40,41.7722,2.5198,0.9799,1.5399,20.3453,23.5184,-3.1731,49.7434,48.2035,1.5399,5.413,3.0798,2.3332,54.5497,16.1456,0.6612,2.6598,1.2133,0.3733,,,
2025-10-28,48.1833,50,,,19.3918,21.0111,47.8673,50,,,,,144,,,63,29,12,1,984,1056,974,1066,1008,1032,65,24,,,,,,,,,,,,,,,,,,,,,,,,44.2254,42.6761,40.7042,40.939,11.0798,6.6197,38.9831,36.1702,2.2066,1.0329,1.1737,20.7512,23.7089,-2.9577,49.9531,48.6385,1.3146,4.3192,2.3944,1.9249,57.0423,17.5117,0.6388,1.6901,0.892,0.2347,,,
2025-10-29,55.3444,50,,,17.9731,22.1298,49.6833,50,,,,,77,,,87,25,11,0,1146,890,1077,959,1050,986,73,24,,,,,,,,,,,,,,,,,,,,,,,,55.0118,50.8235,44.8471,42.9176,13.5529,6.4,36.8056,32.3529,2.4,0.9882,1.4118,21.7412,22.2588,-0.5176,50.6353,47.5765,3.0588,4.9882,2.0706,2.9176,53.6,15.5294,0.8133,1.6471,1.6471,0.1412,,,
2025-10-30,53.3439,50,,,18.52,22.596,49.1096,50,,,,,77,,,53,25,10,1,1109,928,1072,965,1034,1003,59,22,,,,,,,,,,,,,,,,,,,,,,,,51.5765,48.8941,44.8941,42.3059,9.1294,6.0235,38.6598,30.4688,1.8824,0.8941,0.9882,20.7059,22.8706,-2.1647,50.4471,47.2471,3.2,3.5294,1.8353,1.6941,61.0353,19.4353,0.4985,1.6,1.4118,0.2824,,,
2025-10-31,46.5954,50,,,19.715,22.0903,47.9414,50,,,,,104,,,45,31,11,1,966,1072,997,1041,1010,1028,57,30,,,,,,,,,,,,,,,,,,,,,,,,42.9176,42.5412,41.4588,41.1765,10.3059,7.1059,35.6164,31.7881,2.1176,1.2706,0.8471,20.3294,23.6235,-3.2941,50.5412,48.1412,2.4,3.6706,2.2588,1.4118,53.9294,18.6824,0.5077,1.8353,1.4588,0.2824,,,
2025-11-03,51.4521,50,,,19.584,22.8414,49.1758,50,,,,,130,,,101,35,19,1,1079,966,1064,981,1039,1006,82,34,80.8163,19.1837,60,55,128,0.544,0.4243,,,,,,,,,,,,,,,,,48.1326,47.1989,44.3511,42.577,14.7993,7.5163,45.4259,41.6149,3.1279,1.4472,1.6807,20.9617,23.7162,-2.7544,50.887,47.2923,3.5948,6.7227,3.1279,3.5948,51.5406,16.9001,0.7405,1.8674,1.774,0.5602,,,
2025-11-04,41.5318,50,,,20.6869,21.7923,47.3352,50,,,,,160,,,42,29,17,0,864,1176,951,1089,995,1045,50,46,,,,,,,,,,,,,,,,,,,,,,,,37.1362,39.061,39.2488,40.5634,9.6244,8.7793,30.2439,32.0856,1.8779,1.8779,0,20.2347,24.6479,-4.4131,50.3756,48.7793,1.5962,2.9108,2.8169,0.0939,50.9859,15.5869,0.5971,1.784,1.6432,0.2817,,,
2025-11-06,28.1484,50,,,23.1741,20.2527,42.9925,50,,,,,452,,,45,144,14,2,599,1442,793,1248,898,1143,40,96,,,,,,,,,,,,,,,,,,,,,,,,23.1455,27.5117,31.5023,35.5869,7.8873,21.7371,35.119,51.4039,1.5023,4.3192,-2.8169,18.3099,27.6526,-9.3427,47.0423,50.892,-3.8498,2.77,11.1737,-8.4038,32.8169,7.5117,0.9067,1.4085,3.2864,0.7042,,,
2025-11-07,31.0182,50,,,23.5991,19.7711,43.4491,50,,,,,161,,,73,39,13,2,650,1392,789,1253,906,1136,32,114,,,,,,,,,,,,,,,,,,,,,,,,26.7949,29.8451,31.9099,36.0394,11.8254,12.2478,42.0635,30.2682,1.5016,5.2557,-3.7541,18.0666,28.015,-9.9484,47.2548,51.572,-4.3172,4.9742,3.7072,1.267,39.9343,4.5049,0.6724,1.3139,3.2379,0.7508,,,
2025-11-10,35.1975,50,,,23.9734,19.9452,43.6449,50,,,,,250,,,84,91,12,7,732,1316,800,1249,910,1139,54,103,80.6911,19.1057,60,77,162,0.5413,0.4271,,,,,,,,,,,,,,,,,27.5396,29.124,31.1277,36.1603,14.6319,14.4921,35.6688,46.3023,2.1901,4.52,-2.3299,17.8938,28.5182,-10.6244,46.8779,51.5377,-4.6598,5.219,6.7102,-1.4911,39.5154,4.4268,0.7034,1.4445,5.2656,1.0252,,,
2025-11-11,35.658,50,,,24.3105,19.7794,43.3806,50,,,,,172,,,66,55,9,8,731,1314,796,1250,905,1141,34,104,,,,,,,,,,,,,,,,,,,,,,,,28.1763,27.895,30.2391,35.8181,12.1894,11.9081,37.3077,35.0394,1.3127,4.5476,-3.2349,17.9559,29.067,-11.1111,47.023,51.8987,-4.8758,4.5476,4.1725,0.3751,44.8664,4.5945,0.6315,1.1721,5.7196,1.0783,,,
2025-11-12,42.5305,50,,,23.3346,21.5215,45.1715,50,,,,,77,,,101,31,9,4,873,1171,885,1160,948,1097,53,46,,,,,,,,,,,,,,,,,,,,,,,,37.7226,34.6767,34.6767,37.4883,17.9944,6.6073,38.2813,34.0426,1.9213,2.015,-0.0937,18.7441,28.3505,-9.6064,48.2193,50.7498,-2.5305,6.8885,2.2493,4.6392,47.5633,6.3261,0.7537,0.8435,3.9831,0.4686,,,
2025-11-13,40.748,50,,,23.7402,22.1654,44.6063,50,,,,,168,,,69,48,12,4,839,1206,851,1195,938,1108,54,58,,,,,,,,,,,,,,,,,,,,,,,,34.7541,33.0679,33.63,36.815,14.4262,9.0398,30.1948,45.5959,1.7799,2.4824,-0.7026,18.9227,28.6651,-9.7424,47.8689,50.5386,-2.6698,4.356,4.1218,0.2342,45.4801,8.0562,0.755,1.5457,3.0445,0.5621,,,
2025-11-14,41.4701,50,,,23.7814,22.1305,43.5535,50,,,,,154,,,75,43,11,4,857,1191,860,1189,910,1139,34,67,,,,,,,,,,,,,,,,,,,,,,,,34.8457,33.8634,33.3957,35.8746,12.2077,10.1029,42.1456,31.9444,1.3564,2.8999,-1.5435,19.2236,28.812,-9.5884,47.3807,51.637,-4.2563,5.145,3.2273,1.9177,50.3274,10.0561,0.5168,1.5903,2.8064,0.5613,,,
2025-11-17,44.6958,50,,,23.6349,22.7379,44.6958,50,,,,,177,,,92,50,10,4,923,1134,894,1164,937,1121,94,78,78.5859,21.4141,60,98,116,0.5913,0.376,,,,,,,,,,,,,,,,,39.0981,36.9131,34.821,37.1455,15.7601,9.8094,41.5929,41.2322,2.7894,3.2078,-0.4184,19.6188,28.08,-8.4612,48.0242,50.3022,-2.278,6.5551,4.0446,2.5105,47.9312,11.576,0.7652,2.1385,2.3245,0.7438,,,
2025-11-18,36.7491,50,,,25.4024,21.9867,42.6777,50,,,,,181,,,35,34,11,5,758,1294,814,1239,890,1163,54,86,,,,,,,,,,,,,,,,,,,,,,,,31.4486,30.3271,31.1682,35,7.2897,9.3925,35.8974,39.3035,1.5888,3.7383,-2.1495,18.3178,30.4206,-12.1028,47.3364,52.1963,-4.8598,2.6168,3.6916,-1.0748,50.3271,12.3364,0.4614,2.0093,2.4299,0.7009,,,
2025-11-19,37.5981,50,,,26.2559,21.5071,42.5432,50,,,,,165,,,40,40,5,4,771,1283,807,1248,891,1164,53,91,,,,,,,,,,,,,,,,,,,,,,,,29.8926,29.8926,30.9201,34.4232,9.7618,9.6684,36.3636,35.7488,1.7282,4.0635,-2.3354,18.2625,31.1537,-12.8912,47.2676,52.7324,-5.4647,3.5497,3.4563,0.0934,52.0318,11.6301,0.4341,1.6348,3.6899,0.794,,,
2025-11-20,36.4563,50,,,25.9898,21.4818,41.9835,50,,,,,118,,,39,24,7,5,746,1310,801,1256,870,1187,74,89,,,,,,,,,,,,,,,,,,,,,,,,28.4781,29.225,30.2521,33.6601,11.1578,7.3763,30.5439,26.5823,1.634,3.8282,-2.1942,18.5808,30.9524,-12.3716,47.0588,53.2213,-6.1625,3.408,1.9608,1.4472,52.1008,13.212,0.3706,1.3072,2.9412,0.4669,,,
2025-11-21,29.3725,50,,,27.6078,20.3137,40.1569,50,,,,,252,,,28,35,4,5,592,1465,676,1383,833,1226,23,119,,,,,,,,,,,,,,,,,,,,,,,,21.1485,23.5761,25.3968,31.7927,6.9561,11.7647,36.9128,38.0952,0.7003,5.3688,-4.6685,17.1335,32.9599,-15.8263,45.6583,54.7619,-9.1036,2.5677,4.4818,-1.9141,49.253,11.0177,0.297,0.7937,3.408,0.887,,,
2025-11-24,25.0292,50,,,30.0117,19.1514,37.5243,50,,,,,521,,,36,133,4,7,506,1558,608,1457,779,1286,31,188,77.1084,22.8916,60,109,146,0.5847,0.3811,,,,,,,,,,,,,,,,,16.7981,20.0464,22.4594,29.1879,10.0232,24.594,27.3148,47.9245,1.2065,8.4919,-7.2854,15.8237,35.4988,-19.6752,43.2947,56.3341,-13.0394,2.7378,11.7865,-9.0487,32.8074,7.3782,0.6716,0.6032,7.1462,1.6241,,,
2025-11-25,26.5962,50,,,29.9256,19.624,38.2295,50,,,,,84,,,69,13,4,4,538,1521,623,1438,797,1264,26,147,,,,,,,,,,,,,,,,,,,,,,,,19.9534,21.4452,23.3566,29.8368,14.2657,6.6667,36.2745,29.3706,0.979,6.5268,-5.5478,16.317,35.1049,-18.7879,43.2168,56.2704,-13.0536,5.1748,1.958,3.2168,48.0653,8.0653,0.3085,0.6061,4.1026,0.979,,,
2025-11-26,36.0219,50,,,28.0736,20.9084,40.8379,50,,,,,41,,,82,13,3,3,728,1333,738,1324,849,1213,42,57,,,,,,,,,,,,,,,,,,,,,,,,34.1566,28.0056,27.7726,32.3392,18.6859,3.5881,38.6534,29.8701,1.2582,2.3765,-1.1184,17.3812,32.9916,-15.6104,45.6198,55.1258,-9.5061,7.2227,1.0718,6.151,50.0466,8.2013,0.2759,0.7922,2.0969,0.5592,,,
2025-11-27,35.4826,50,,,28.1751,20.9457,40.1329,50,,,,,91,,,53,19,3,4,726,1336,736,1327,839,1224,74,44,,,,,,,,,,,,,,,,,,,,,,,,32.6502,27.9925,27.6199,31.6255,11.8305,6.2413,33.0709,34.3284,1.1644,1.6768,-0.5123,17.1402,32.6502,-15.51,45.0862,55.1001,-10.014,3.9124,2.1425,1.7699,53.7494,10.8058,0.2216,0.7918,1.8631,0.6055,,,
2025-11-28,36.1079,50,,,28.2923,21.5318,40.211,50,,,,,90,,,58,19,3,2,741,1323,749,1316,846,1219,48,64,,,,,,,,,,,,,,,,,,,,,,,,33.6749,28.6446,28.5049,31.9981,10.9921,6.2413,41.1017,35.0746,0.9315,2.6083,-1.6768,17.2799,33.0228,-15.7429,44.6204,55.2864,-10.666,4.5179,2.1891,2.3288,57.6153,13.3209,0.2631,1.1178,1.211,0.2795,,,
2025-12-01,35.2691,50,,,28.0294,21.6415,40.0697,50,,,,,154,,,63,36,7,2,716,1356,730,1343,845,1228,90,87,76.3052,23.6948,60,176,140,0.6237,0.3411,,,,,,,,,,,,,,,,,32.0537,27.3358,27.5671,31.8224,11.4246,8.5569,33.1984,41.6216,1.9889,3.654,-1.6651,17.2063,33.21,-16.0037,44.1258,55.5504,-11.4246,3.7928,3.5615,0.2313,48.9824,15.1249,0.2827,1.7576,1.1101,0.6475,,,
2025-12-02,31.5933,50,,,28.9832,21.0362,38.8391,50,,,,,152,,,28,34,5,2,639,1430,697,1372,816,1254,41,115,,,,,,,,,,,,,,,,,,,,,,,,26.3011,24.3959,25.7435,30.5762,7.6208,9.3401,32.3171,30.8458,1.2082,5.0651,-3.8569,16.4033,34.1078,-17.7045,42.9368,55.948,-13.0112,2.4628,2.881,-0.4182,56.9238,15.8457,0.2409,1.5335,1.3476,0.5112,,,
2025-12-03,25.0779,50,,,30.257,20.3271,37.8505,50,,,,,208,,,17,39,1,3,524,1545,626,1443,795,1275,20,145,,,,,,,,,,,,,,,,,,,,,,,,22.0158,21.1797,22.9912,29.6795,7.1528,10.2647,20.7792,36.6516,0.6967,6.5026,-5.8059,15.6526,35.8569,-20.2044,41.9879,56.9902,-15.0023,1.4863,3.7622,-2.2759,48.9549,11.6582,0.2588,0.7431,2.183,0.9754,,,
2025-12-04,25.3795,50,,,30.4788,20.0856,36.9794,50,,,,,130,,,30,27,3,4,520,1549,626,1443,776,1294,17,132,,,,,,,,,,,,,,,,,,,,,,,,22.248,20.5295,22.5732,28.7506,9.0571,7.8031,27.1795,35.7143,0.6038,5.713,-5.1092,15.5132,35.7641,-20.2508,41.477,57.0367,-15.5597,2.4617,2.7868,-0.3251,54.9001,12.8193,0.2313,0.7431,2.6939,0.6503,,,
2025-12-05,26.6926,50,,,31.9844,19.9222,37.0039,50,,,,,198,,,32,37,4,3,525,1545,606,1464,771,1300,33,165,,,,,,,,,,,,,,,,,,,,,,,,22.7125,19.8792,21.6442,28.4255,8.5462,10.7292,36.9565,35.4978,0.6967,7.385,-6.6883,15.1417,37.3897,-22.248,41.1519,57.6405,-16.4886,3.1584,3.8086,-0.6503,50.1161,12.3549,0.2611,0.6967,3.9015,0.7431,,,
2025-12-08,16.1378,50,,,35.1393,17.8019,32.6625,50,,,,,804,,,19,235,4,3,310,1763,452,1621,675,1399,40,289,74.0964,25.9036,60,164,106,0.632,0.334,,,,,,,,,,,,,,,,,10.1711,11.6043,16.0888,24.6417,8.8766,39.4822,20.8333,47.541,1.0171,13.1299,-12.1128,12.6214,40.6842,-28.0629,38.0952,60.3791,-22.2839,1.8493,18.7702,-16.9209,20.3883,6.981,0.8446,0.7859,8.9228,1.9417,,,
2025-12-09,19.2382,50,,,33.8515,18.9273,33.8127,50,,,,,69,,,129,13,2,3,416,1656,503,1569,704,1369,13,298,,,,,,,,,,,,,,,,,,,,,,,,20.1763,17.2542,18.692,25.6957,23.2839,12.5232,38.4462,10.7407,0.4174,13.4972,-13.0798,14.1002,38.9147,-24.8145,39.6568,59.0445,-19.3878,8.9518,1.3451,7.6067,19.7124,4.6382,0.9816,0.7421,3.8497,0.6494,,,
2025-12-10,17.5786,50,,,33.5662,18.2771,33.3721,50,,,,,137,,,55,26,9,3,384,1689,472,1601,700,1374,18,41,,,,,,,,,,,,,,,,,,,,,,,,20.8333,16.6667,17.5463,25.6944,16.4352,6.8056,23.3803,38.7755,0.5093,1.7593,-1.25,13.7963,39.3981,-25.6019,38.9352,59.8611,-20.9259,3.8426,2.6389,1.2037,35.9722,4.8148,0.3196,0.787,3.1481,0.787,,,
2025-12-11,23.1873,50,,,32.6871,18.8445,34.2769,50,,,,,60,,,73,16,5,4,499,1578,553,1524,719,1359,19,63,,,,,,,,,,,,,,,,,,,,,,,,28.2277,21.2864,20.7774,26.2379,12.6793,5.7381,38.3212,25,0.6478,2.7302,-2.0824,14.3915,38.3156,-23.9241,39.565,58.6765,-19.1115,4.8589,1.4345,3.4243,49.3753,5.4604,0.2678,0.8792,1.8973,0.6016,,,
2025-12-12,32.2606,50,,,31.5238,19.4261,35.7891,50,,,,,47,,,93,11,8,3,679,1398,639,1439,749,1329,43,33,,,,,,,,,,,,,,,,,,,,,,,,39.6943,27.1885,23.7147,27.5591,15.2849,4.7244,42.4242,22.549,0.9727,1.3432,-0.3705,15.2385,36.591,-21.3525,41.1302,57.7119,-16.5818,6.4845,1.0653,5.4192,55.9981,5.7897,0.3267,1.019,1.3432,0.2779,,,
2025-12-15,34.2582,50,,,31.0212,19.6917,36.6474,50,,,,,84,,,76,19,16,1,728,1353,660,1421,766,1315,54,51,74.1483,25.8517,60,166,112,0.6308,0.3326,,,,,,,,,,,,,,,,,43.9631,29.4931,24.47,28.6175,13.1336,6.0829,42.807,32.5758,1.2442,2.212,-0.9677,15.3456,36.682,-21.3364,41.7972,56.6359,-14.8387,5.6221,1.9816,3.6406,52.9954,7.1889,0.3184,2.3041,0.8756,0.2765,,,
2025-12-16,28.0899,50,,,31.9256,19.1786,35.4901,50,,,,,130,,,36,29,14,0,609,1474,603,1480,745,1338,17,57,,,,,,,,,,,,,,,,,,,,,,,,35.9223,27.7393,22.4688,27.6468,9.4776,6.9348,27.8049,40.6667,0.6472,2.589,-1.9417,14.4706,37.1244,-22.6537,40.9154,57.1891,-16.2737,2.6352,2.8202,-0.1849,55.8484,14.2395,0.2911,1.8955,0.8784,0.3236,,,
2025-12-17,22.6868,50,,,33.101,18.5443,33.9528,50,,,,,208,,,32,51,12,0,483,1600,554,1529,713,1370,31,98,,,,,,,,,,,,,,,,,,,,,,,,25.5889,21.709,20.9238,26.2818,8.2217,10.254,27.5281,46.8468,0.6005,4.388,-3.7875,13.8568,38.6605,-24.8037,39.7229,58.291,-18.5681,2.2633,4.8037,-2.5404,51.5473,15.0115,0.3012,2.0323,1.4781,0.4157,,,
2025-12-18,22.4458,50,,,33.8622,18.6146,33.5913,50,,,,,149,,,41,29,12,0,479,1605,525,1559,706,1378,36,149,,,,,,,,,,,,,,,,,,,,,,,,24.3068,21.3494,19.5933,25.9242,9.3808,9.8891,32.5123,28.0374,0.9242,6.6543,-5.7301,13.4935,39.2329,-25.7394,39.9261,59.0573,-19.1312,3.0499,2.7726,0.2773,50.2773,11.8762,0.3518,1.525,1.6636,0.4621,,,
2025-12-19,33.591,50,,,32.1608,19.5207,35.8717,50,,,,,61,,,92,17,10,0,690,1394,631,1453,750,1334,31,74,,,,,,,,,,,,,,,,,,,,,,,,40.3047,29.2705,23.4534,27.747,16.5282,4.94,37.9888,29.9065,1.0619,3.2318,-2.1699,14.4506,37.2114,-22.7608,41.4589,57.4331,-15.9741,6.2789,1.4774,4.8015,48.4765,12.0037,0.5049,1.2465,1.108,0.3232,,,
2025-12-22,47.1582,50,,,30.1075,21.0061,37.9032,50,,,,,79,,,111,15,9,1,992,1097,737,1352,792,1297,63,29,76,24,60,123,115,0.6094,0.3525,,,,,,,,,,,,,,,,,59.0074,40.8548,27.6195,29.5037,22.3805,5.1011,40.2464,34.2342,2.0221,1.1949,0.8272,16.4522,35.7077,-19.2555,43.9338,56.1581,-12.2243,9.0074,1.7463,7.261,50.046,11.3051,0.744,1.3327,1.3327,0.3217,,,
2025-12-23,52.2762,50,,,29.0895,21.5664,38.3102,50,,,,,71,,,68,17,10,2,1108,979,796,1291,806,1281,68,19,,,,,,,,,,,,,,,,,,,,,,,,62.4539,46.5406,30.8579,29.9354,14.345,5.3044,36.3344,32.1739,1.5221,0.8303,0.6919,16.8819,34.2712,-17.3893,45.1568,55.5351,-10.3782,5.2122,1.7066,3.5055,55.3967,11.5775,0.5736,1.5221,1.0148,0.2306,,,
2025-12-24,50.733,50,,,29.4753,21.2577,38.3873,50,,,,,82,,,59,15,15,0,1064,1023,791,1296,801,1286,71,30,,,,,,,,,,,,,,,,,,,,,,,,55.6734,44.7878,30.4889,29.9815,12.3155,4.9815,32.5843,37.037,1.845,1.2915,0.5535,16.3745,34.5941,-18.2196,45.5258,55.9963,-10.4705,4.0129,1.845,2.1679,54.059,11.1624,0.5552,2.0756,0.9686,0.1845,,,
2025-12-26,43.1161,50,,,29.9653,20.941,37.3698,50,,,,,117,,,63,19,20,0,915,1174,755,1334,784,1305,48,40,,,,,,,,,,,,,,,,,,,,,,,,45.572,38.5148,28.9668,29.059,11.2546,7.2878,34.0164,32.9114,1.2915,1.6605,-0.369,15.821,35.0092,-19.1882,46.2177,56.0886,-9.8708,3.8284,2.3985,1.4299,53.2288,13.0074,0.4889,2.4446,0.7841,0.2306,,,
2025-12-29,34.266,50,,,30.8547,20.6209,35.8375,50,,,,,231,,,43,45,14,0,745,1346,705,1386,756,1335,54,80,77.4,22.6,60,106,157,0.583,0.3806,,,,,,,,,,,,,,,,,35.0161,32.492,26.8013,27.9027,10.2341,12.1156,30.9417,37.8788,1.3768,3.3502,-1.9734,16.0165,36.9894,-20.9729,45.296,57.1363,-11.8403,3.1666,4.5893,-1.4227,45.3878,14.1349,0.7091,1.9275,1.6062,0.5048,,,
2025-12-30,34.749,50,,,31.6602,20.5792,35.3668,50,,,,,140,,,56,29,10,1,761,1326,677,1410,753,1334,35,94,,,,,,,,,,,,,,,,,,,,,,,,34.3476,33.0106,25.68,27.6625,11.8949,8.7598,35.6589,32.6316,1.3831,4.1033,-2.7201,15.5832,37.5288,-21.9456,44.8133,57.4919,-12.6787,4.2416,2.8585,1.3831,50.1153,12.4481,0.7227,1.5214,1.6136,0.4149,,,
2025-12-31,48.3995,50,,,29.6953,21.5966,38.064,50,,,,,68,,,83,17,8,2,1032,1058,795,1295,802,1288,55,42,,,,,,,,,,,,,,,,,,,,,,,,53.0198,43.1996,30.4288,29.8294,17.6579,5.1176,36.0313,30.6306,1.9364,1.7059,0.2305,16.5514,34.947,-18.3956,47.1185,56.0627,-8.9442,6.3624,1.5675,4.7948,49.9308,11.8488,0.6702,1.4753,1.4753,0.3688,,,
2026-01-01,49.0566,50,,,29.1105,21.6789,38.1594,50,,,,,68,,,63,18,9,2,1055,1037,814,1278,804,1288,59,31,,,,,,,,,,,,,,,,,,,,,,,,50.9208,44.0147,31.4917,29.8803,11.372,4.2818,42.1053,33.3333,1.9337,1.105,0.8287,16.8508,34.8527,-18.0018,47.744,55.9853,-8.2413,4.7882,1.4273,3.361,59.8527,14.5488,0.2274,1.3352,1.4273,0.2762,,,
2026-01-02,60.8327,50,,,27.7178,22.552,40.5166,50,,,,,49,,,98,10,11,1,1294,797,940,1151,858,1233,107,26,,,,,,,,,,,,,,,,,,,,,,,,67.0968,55.8065,37.235,32.0276,16.4055,3.318,43.2584,37.5,2.9493,1.0599,1.8894,18.0184,32.8111,-14.7926,48.894,54.9309,-6.0369,7.0968,1.2442,5.8525,52.4885,14.2396,0.7341,1.5207,1.1521,0.3226,,,
2026-01-05,52.9457,50,,,28.6534,22.6855,40.2831,50,,,,,173,,,63,39,13,1,1126,970,923,1173,857,1239,133,47,72.6,27.4,60,200,104,0.6725,0.2946,,,,,,,,,,,,,,,,,51.2609,47.5011,36.4053,31.912,11.646,9.4452,37.4016,39.3204,3.4388,1.8799,1.5589,17.9734,33.6084,-15.635,47.6845,54.7455,-7.061,4.3558,3.7139,0.6419,46.4007,12.9298,0.8044,1.834,1.0546,0.4127,,,
2026-01-06,47.8428,50,,,29.584,22.4191,39.3683,50,,,,,146,,,42,26,14,0,1004,1089,862,1231,830,1263,92,59,,,,,,,,,,,,,,,,,,,,,,,,41.2983,41.3444,32.965,30.8471,9.116,8.3333,35.3535,33.7017,2.6703,2.4862,0.1842,18.0018,34.8987,-16.8969,46.7311,55.6169,-8.8858,3.2228,2.8085,0.4144,52.1179,12.5691,0.6736,1.9797,0.9208,0.2762,,,
2026-01-07,49.0377,50,,,29.4072,22.4403,40.1463,50,,,,,69,,,67,18,12,2,1038,1056,898,1196,844,1250,83,58,,,,,,,,,,,,,,,,,,,,,,,,44.1989,42.5875,34.8527,31.5378,12.0166,5.1105,41.7625,27.027,2.3481,2.4862,-0.1381,18.0018,35.0368,-17.035,47.3297,55.5249,-8.1952,5.0184,1.3812,3.6372,55.663,12.2468,0.6294,1.8877,1.6114,0.3223,,,
2026-01-08,30.2657,50,,,32.345,20.9087,36.0416,50,,,,,561,,,14,138,6,3,650,1444,686,1408,759,1335,31,104,,,,,,,,,,,,,,,,,,,,,,,,24.1475,27.3733,25.9908,27.788,6.1751,23.2719,19.403,44.5545,1.106,4.5161,-3.4101,15.6221,38.2949,-22.6728,45.1152,58.2488,-13.1336,1.1982,10.3687,-9.1705,31.3364,7.2811,0.9361,1.0599,2.4424,0.5991,,,
2026-01-09,19.0531,50,,,35.4119,19.6305,32.1786,50,,,,,483,,,16,99,3,3,419,1674,526,1567,676,1417,14,210,,,,,,,,,,,,,,,,,,,,,,,,13.4101,17.6037,20.3226,23.871,7.1429,24.1935,16.7742,38.8571,0.4147,9.447,-9.0323,14.5161,41.4747,-26.9585,42.9493,59.9539,-17.0046,1.1982,9.4009,-8.2028,31.7512,3.6866,1,0.7834,6.5438,0.7834,,,
2026-01-12,19.1278,50,,,35.9985,19.013,31.4078,50,,,,,285,,,62,74,5,3,416,1683,495,1604,659,1440,34,321,70.6,29.4,60,253,123,0.6875,0.2819,,,,,,,,,,,,,,,,,14.0238,16.7278,18.561,23.2356,10.2658,27.0394,31.25,21.6949,0.55,14.3905,-13.8405,13.9322,42.3006,-28.3685,41.7965,60.1283,-18.3318,3.2081,5.8662,-2.6581,23.923,2.154,1.2604,0.5041,7.2411,1.2374,,,
2026-01-13,21.5385,50,,,36.2692,19.4231,31.6923,50,,,,,98,,,67,17,4,2,477,1618,511,1584,664,1431,40,120,,,,,,,,,,,,,,,,,,,,,,,,17.6714,18.8219,19.5122,23.3318,14.404,6.9489,30.6709,27.8146,0.5983,5.2922,-4.694,13.9439,41.7395,-27.7957,42.5219,60.5614,-18.0396,4.4179,1.9328,2.485,40.1289,2.485,0.3846,0.5522,6.0746,0.8744,,,
2026-01-14,22.8934,50,,,35.7445,19.7768,32.3201,50,,,,,104,,,81,19,6,1,512,1583,542,1553,679,1416,52,130,,,,,,,,,,,,,,,,,,,,,,,,21.6851,20.9484,21.0866,23.9411,13.674,7.4125,33.67,26.087,0.8748,5.6169,-4.7422,14.6409,41.4825,-26.8416,43.4622,60.5433,-17.081,4.6041,1.9337,2.6703,48.849,3.2689,0.3997,0.8287,6.3536,0.4144,,,
2026-01-16,23.3666,50,,,35.9339,19.7925,31.6679,50,,,,,179,,,68,31,26,2,521,1574,522,1573,666,1429,52,154,,,,,,,,,,,,,,,,,,,,,,,,22.0074,21.0405,20.3039,23.5267,15.3775,10.221,29.0419,37.3874,1.0589,6.768,-5.709,14.3646,42.5875,-28.2228,43.5083,60.7274,-17.2192,4.4659,3.8214,0.6446,41.3904,4.6501,0.6018,0.9208,3.361,0.3223,,,
2026-01-19,19.8628,50,,,37.5143,18.9478,29.2795,50,,,,,383,,,43,86,28,1,444,1657,465,1636,618,1483,54,290,65.8,34.2,60,471,87,0.7937,0.1784,,,,,,,,,,,,,,,,,16.7429,16.8801,17.4748,21.0887,8.9661,19.3047,26.5306,40.7583,1.0522,12.6715,-11.6194,13.7694,43.7786,-30.0091,41.9488,62.3513,-20.4026,2.3788,7.8683,-5.4895,41.1711,5.764,0.4538,1.0979,3.3394,0.9149,,,
2026-01-20,11.1665,50,,,42.4021,16.3469,24.175,50,,,,,1059,,,30,370,25,1,249,1850,308,1791,514,1585,43,472,,,,,,,,,,,,,,,,,,,,,,,,7.3989,9.2831,11.0754,17.3254,6.3419,47.2426,16.6667,60.214,0.3217,21.0018,-20.6801,10.1103,48.8971,-38.7868,37.4081,65.4871,-28.079,1.057,28.4467,-27.3897,17.9228,2.9871,1.5625,0.8732,8.6397,2.9412,,,
2026-01-21,10.2417,50,,,43.7668,15.7269,22.3245,50,,,,,475,,,57,142,21,2,228,1872,285,1815,480,1620,35,559,,,,,,,,,,,,,,,,,,,,,,,,7.6252,8.5439,10.565,16.4906,12.3565,30.9141,20.0743,39.9703,0.1837,24.8507,-24.667,9.4166,50.9417,-41.525,35.5994,66.927,-31.3275,2.4805,12.3565,-9.876,16.8121,1.7915,2.3755,0.5053,15.8475,5.3284,,,
2026-01-22,15.842,50,,,41.4269,16.0338,25.3548,50,,,,,113,,,179,56,3,5,355,1746,363,1738,537,1564,23,114,,,,,,,,,,,,,,,,,,,,,,,,17.6849,13.5967,13.2292,18.5117,36.5641,6.6605,33.6683,32.4138,0.689,4.961,-4.2719,10.7487,48.3693,-37.6206,37.9421,64.9518,-27.0096,12.3105,2.1589,10.1516,29.9495,1.7915,0.5182,0.2756,9.141,1.6537,,,
2026-01-23,12.6631,50,,,43.8987,15.3876,22.0261,50,,,,,667,,,55,207,3,6,268,1832,288,1812,470,1630,20,260,,,,,,,,,,,,,,,,,,,,,,,,11.489,10.2022,10.5239,16.1765,12.7757,31.5257,20.8633,49.7085,0.6893,11.6268,-10.9375,9.0074,51.4706,-42.4632,35.5699,66.9577,-31.3879,2.6654,15.671,-13.0055,19.0257,1.7463,0.5077,0.2298,17.1875,3.5386,,,
2026-01-27,13.7576,50,,,43.9787,15.5869,22.2942,50,,,,,318,,,98,75,4,12,300,1805,314,1791,476,1629,35,424,65.4,34.6,60,378,78,0.7824,0.1898,,,,,,,,,,,,,,,,,14.9452,11.3346,11.3346,16.4534,18.4186,22.6234,32.5062,33.3333,0.9598,18.8757,-17.9159,9.5521,50.6856,-41.1335,35.4205,66.4077,-30.9872,5.9872,7.5411,-1.5539,18.6472,1.691,0.9747,0.4113,13.8483,3.0622,,,
2026-01-28,23.7438,50,,,40.2762,17.1078,26.1603,50,,,,,68,,,350,19,11,6,532,1569,419,1682,548,1553,54,112,,,,,,,,,,,,,,,,,,,,,,,,32.5069,20.7071,15.2433,18.5491,39.6235,6.2443,55.6199,27.2059,1.056,4.775,-3.719,11.3407,48.0716,-36.7309,39.0725,65.1974,-26.1249,22.0386,1.6988,20.3398,26.7218,1.7906,0.7625,1.2397,3.0762,1.2397,,,
2026-01-29,23.9647,50,19.1115,50,40.8359,17.1396,26.6488,50,,,,,271,,,136,60,23,5,526,1576,423,1679,562,1540,83,146,,,,,,,,,,,,,,,,,,,,34.661,26.6565,23.9755,26.6565,30.4867,20.3857,15.3811,18.7328,17.9063,17.9063,37.4359,30.7692,1.5611,6.2443,-4.6832,11.3407,48.2553,-36.9146,38.4298,65.0138,-26.584,6.7034,5.5096,1.1938,25.4362,2.112,0.8168,2.8007,2.5712,1.2856,,,
2026-01-30,29.2178,50,21.8008,50,38.612,16.6794,27.7224,50,,,,,174,,,167,96,13,5,656,1446,486,1616,593,1509,22,142,,,,,,,,,,,,,,,,,,,,43.0651,27.7395,29.2337,27.7395,42.726,27.8568,18.5865,20.514,25.5163,12.1615,44.4245,32.4528,0.7802,6.2873,-5.5071,12.0698,45.5714,-33.5016,39.743,64.3873,-24.6443,11.3355,3.9468,7.3887,20.2386,1.6521,0.9277,1.7898,2.7077,0.9179,,,
2026-02-01,19.7399,50,16.1315,50,40.0536,14.5371,22.456,50,,,,,523,,,57,235,8,3,425,1679,352,1752,485,1619,18,130,,,,,,,,,,,,,,,,,,,,28.2875,22.4771,19.763,22.4771,30.9666,20.7055,14.109,17.8195,25.9276,29.4549,18.9046,41.3686,0.5039,5.5886,-5.0847,10.3069,47.366,-37.0591,38.1127,65.5062,-27.3935,4.9015,12.1851,-7.2836,12.5973,1.3743,0.2338,2.5195,2.3362,0.962,,,
2026-02-02,20.1677,50,16.4571,50,41.0217,15.4785,24.3614,50,,,,,265,,,76,69,16,19,449,1656,366,1739,522,1583,9,211,69,31,60,218,84,0.6691,0.3035,,,,,,,,,,,,,28.419,24.381,20.1905,24.381,31.3214,21.3992,15.2263,18.8843,15.2721,26.6575,30.5389,19.3825,0.3201,9.1449,-8.8249,11.4312,47.7824,-36.3512,38.2259,64.8377,-26.6118,4.6639,5.1669,-0.503,15.0892,1.5089,0.4033,2.1948,2.1033,1.0059,,,
2026-02-03,51.703,50,33.3461,50,32.4914,18.8289,32.4914,50,,,,,53,,,522,12,27,18,1133,971,735,1369,695,1409,61,41,,,,,,,,,,,,,,,,,,,,68.566,32.5048,51.7017,32.5048,66.9569,47.0211,28.0018,24.6563,75.0687,4.6288,39.9267,23.7624,1.6499,1.7415,-0.0917,15.2154,40.0092,-24.7938,42.5298,61.5949,-19.0651,29.9725,1.0999,28.8726,11.1824,0.5958,2.4833,3.2997,1.6957,0.4583,,,
2026-02-04,60.8879,50,38.3556,50,28.3582,19.2882,33.3333,50,,,,,123,,,237,54,44,18,1336,767,833,1271,715,1389,28,33,,,,,,,,,,,,,,,,,,,,76.4054,33.3461,60.8795,33.3461,75.3896,57.7452,32.9056,26.1228,29.1017,9.0284,49.4488,33.5025,1.0082,1.3749,-0.3666,15.3987,35.5637,-20.165,44.5921,60.495,-15.9028,14.3905,3.0247,11.3657,27.7269,0.8249,0.9325,4.9954,1.0082,0.2291,,,
2026-02-05,53.3691,50,35.0306,50,29.709,18.8744,31.853,50,,,,,313,,,55,90,34,6,1147,955,772,1331,681,1422,25,36,,,,,,,,,,,,,,,,,,,,64.3951,31.853,53.3691,31.853,62.7694,49.6561,30.995,24.5759,13.7093,15.8184,34.4482,35.3623,0.8712,1.5589,-0.6878,15.0848,36.6346,-21.5497,43.0078,61.4397,-18.4319,4.7226,5.5938,-0.8712,34.7547,0.7795,0.3868,4.2182,1.5589,0.2293,,,
2026-02-06,51.5499,50,35.0172,50,30.2717,18.4462,31.6112,50,,,,,213,,,60,76,28,3,1106,997,759,1345,675,1429,22,49,,,,,,,,,,,,,,,,,,,,60.4669,31.6112,51.5499,31.6112,58.0202,47.7544,31.0266,24.2438,12.3281,15.2612,38.6617,31.2312,0.7333,2.1082,-1.3749,14.9404,37.9468,-23.0064,42.3006,62.0532,-19.7525,4.7663,4.7663,0,37.0761,0.6416,0.366,4.3538,1.2832,0.4125,,,
2026-02-09,68.3549,50,48.134,50,24.1051,20.6017,36.6717,50,,,,,65,,,391,17,53,1,1494,611,1058,1048,793,1313,55,33,70.6,29.4,60,199,93,0.6523,0.321,,,,,,,,,,,,,77.6466,36.6717,68.3549,36.6717,77.1585,66.6058,42.8049,29.2828,43.3531,6.8981,53.53,25.1656,1.9187,1.3248,0.5939,16.6743,30.1964,-13.5222,46.5053,58.9767,-12.4714,23.2069,1.736,21.471,26.6332,2.0557,1.4072,8.9539,0.868,0.2284,,,
2026-02-10,71.8774,50,51.9923,50,21.4943,21.4176,37.8544,50,,,,,109,,,134,38,33,1,1554,547,1138,964,807,1295,63,9,,,,,,,,,,,,,,,,,,,,80.1533,37.8544,71.8774,37.8544,79.3024,69.8944,46.9022,30.1514,24.0018,7.1134,39.9618,38.0645,2.0193,0.3671,1.6521,17.531,27.9027,-10.3717,48.0037,57.5952,-9.5916,9.5916,2.7077,6.8839,36.4846,3.2584,1.0706,4.1762,0.9637,0.1836,,,
2026-02-11,68.6567,50,51.2821,50,22.7325,21.0103,37.8875,50,,,,,210,,,90,67,15,2,1466,637,1100,1004,804,1300,59,22,,,,,,,,,,,,,,,,,,,,73.7084,37.8875,68.6567,37.8875,71.5268,66.0706,45.2086,29.8487,15.2682,13.205,41.4414,35.4167,1.834,0.9629,0.8712,17.5149,29.2526,-11.7377,47.4553,57.7258,-10.2705,6.3274,4.6768,1.6506,37.0014,3.6222,0.6688,3.4846,1.238,0.2751,,,
2026-02-12,60.8346,50,46.8989,50,24.6554,20.7504,36.6769,50,,,,,283,,,62,101,25,1,1289,815,1011,1094,779,1325,58,46,,,,,,,,,,,,,,,,,,,,61.4089,36.6769,60.8346,36.6769,57.7258,56.9922,40.9445,28.6566,12.7923,15.3141,35.1254,44.012,1.9716,2.0174,-0.0459,16.9188,31.5452,-14.6263,47.0426,58.4136,-11.3709,4.4934,6.74,-2.2467,39.7983,3.668,0.5154,3.668,1.6048,0.4585,,,
2026-02-13,44.2359,50,35.8483,50,29.2608,19.2264,33.1674,50,,,,,476,,,35,165,21,1,944,1160,783,1322,712,1393,27,96,,,,,,,,,,,,,,,,,,,,37.9931,33.1674,44.2359,33.1674,38.9729,42.4576,32.8748,25.9972,8.8033,25.2636,31.7708,42.8312,0.917,4.2641,-3.3471,15.4975,35.5342,-20.0367,44.475,60.0183,-15.5433,2.7969,10.8207,-8.0238,32.9665,3.1178,0.4873,3.2095,2.2467,1.1004,,,
2026-02-16,43.1179,50,35.8935,50,31.2928,19.3536,33.4221,50,,,,,328,,,55,98,12,3,915,1191,768,1339,717,1390,36,104,69.2615,30.5389,60,221,123,0.6586,0.3167,,,,,,,,,,,,,37.3764,33.4221,43.1179,33.4221,34.7013,38.4405,31.3725,26.1742,13.4975,19.3342,27.3649,43.8679,1.1856,4.6512,-3.4656,15.4583,38.3037,-22.8454,44.0948,60.6475,-16.5527,3.6936,8.4815,-4.788,36.7989,3.1464,0.3508,1.596,6.2472,1.0944,,,
2026-02-17,47.5353,50,39.7402,50,30.2254,19.488,34.3141,50,,,,,105,,,112,19,9,2,1023,1085,859,1250,741,1368,50,48,,,,,,,,,,,,,,,,,,,,46.5418,34.3141,47.5353,34.3141,43.4325,43.6613,34.6911,27.0023,20.0458,6.1785,37.8995,34.0741,1.4645,2.0595,-0.595,16.3844,36.476,-20.0915,45.1259,59.4966,-14.3707,7.5973,2.1053,5.492,40.778,3.9817,0.3357,1.2815,6.0412,0.595,,,
2026-02-18,50.5918,50,42.2299,50,29.8969,20.3895,35.4716,50,,,,,81,,,69,18,6,5,1088,1021,917,1193,764,1346,48,39,,,,,,,,,,,,,,,,,,,,50.6682,35.4716,50.5918,35.4716,46.5691,46.3861,36.6423,27.9506,16.2855,5.581,30.3371,38.5246,1.4639,1.6926,-0.2287,16.6972,36.9167,-20.2196,45.9744,59.0119,-13.0375,4.9405,2.15,2.7905,47.1638,4.8033,0.3124,1.2351,4.7575,0.5489,,,
2026-02-19,36.2839,50,34.1091,50,33.2316,18.7715,32.4685,50,,,,,319,,,36,52,8,5,798,1313,754,1358,698,1414,47,76,,,,,,,,,,,,,,,,,,,,30.0267,32.4685,36.2839,32.4685,30.1326,35.0709,31.0928,25.423,9.3736,14.9063,30.2439,37.4233,1.326,3.2922,-1.9662,15.1349,39.5976,-24.4627,44.3073,60.5396,-16.2323,2.8349,5.5784,-2.7435,31.0928,6.5386,0.2512,1.0974,5.2126,0.7773,,,
2026-02-20,38.1007,50,34.8589,50,33.524,18.9169,32.5706,50,,,,,143,,,47,28,8,2,828,1285,771,1343,700,1414,26,104,,,,,,,,,,,,,,,,,,,,34.0961,32.5706,38.1007,32.5706,31.5212,35.45,30.9274,25.1256,11.3751,9.1366,32.5301,30,1.005,4.4769,-3.4719,15.3038,40.1553,-24.8515,44.1754,60.3929,-16.2175,3.7003,2.741,0.9593,47.3732,6.7611,0.2368,1.4619,3.609,0.7309,,,
2026-02-23,39.6434,50,36.1153,50,34.4461,19.4234,33.0046,50,,,,,198,,,61,46,5,1,856,1260,780,1337,710,1407,63,106,67.6647,32.3353,60,301,122,0.6882,0.2876,,,,,,,,,,,,,36.9499,33.0046,39.6434,33.0046,31.8016,34.5314,30.9827,25.6142,16.0146,10.919,23.2955,42.9167,2.0928,4.5951,-2.5023,15.3776,40.8098,-25.4322,44.222,60.737,-16.515,3.7307,4.6861,-0.9554,37.0792,6.8244,0.3187,1.5014,2.1838,0.9099,,,
2026-02-24,32.1115,50,30.6987,50,37.0752,19.0913,31.3478,50,,,,,339,,,21,98,8,3,694,1420,670,1445,677,1438,44,216,,,,,,,,,,,,,,,,,,,,28.5223,31.3478,32.1115,31.3478,24.8743,28.2579,26.5203,24.1884,8.4134,19.6616,22.2826,38.1395,1.1888,9.0992,-7.9104,14.7691,42.7984,-28.0293,42.2954,62.0942,-19.7988,1.8747,7.4989,-5.6241,38.8203,6.3557,0.3311,1.1431,4.2981,1.4632,,,
2026-02-25,35.9512,50,33.7019,50,36.8281,19.2909,32.3294,50,,,,,160,,,51,41,4,4,773,1341,734,1381,688,1427,65,175,,,,,,,,,,,,,,,,,,,,33.9687,32.3294,35.9512,32.3294,28.8259,31.0187,28.8716,24.5774,15.2581,10.0503,29.6407,38.1818,2.0101,7.5377,-5.5276,15.3952,43.3074,-27.9123,42.074,61.7177,-19.6437,4.5226,3.8374,0.6852,41.0233,5.4363,0.3815,0.9593,5.5733,1.4619,,,
2026-02-26,38.0335,50,34.718,50,36.8521,19.8552,32.6601,50,,,,,108,,,65,21,9,6,818,1298,752,1365,695,1422,55,121,,,,,,,,,,,,,,,,,,,,38.7195,32.6601,38.0335,32.6601,33.653,32.9224,29.726,24.8402,17.032,7.3516,29.4906,28.5714,1.7352,5.2055,-3.4703,15.9817,43.2877,-27.3059,42.1005,61.0502,-18.9498,5.0228,2.1005,2.9224,44.6119,7.5799,0.4093,1.1872,4.0183,0.9132,,,
2026-02-27,31.0332,50,30.5757,50,37.7812,18.8334,30.3088,50,,,,,251,,,40,57,8,2,675,1441,674,1443,658,1459,41,185,,,,,,,,,,,,,,,,,,,,29.4701,30.3088,31.0332,30.3088,27.7626,28.7215,26.895,23.7443,11.5525,13.5616,29.6443,40.404,1.4612,8.0822,-6.621,14.9772,44.5662,-29.589,40.8676,61.6438,-20.7763,3.4247,5.4795,-2.0548,40.5479,6.8037,0.5273,0.9589,4.1553,1.0959,,,
2026-03-02,20.2647,50,22.1172,50,42.344,17.4669,25.482,50,,,,,939,,,60,253,5,4,435,1684,485,1635,556,1564,27,478,62.2754,37.7246,60,455,80,0.7747,0.2019,,,,,,,,,,,,,16.0302,25.482,20.2647,25.482,14.1171,17.9755,19.8366,20.3359,6.5819,74.7617,26.2069,31.8761,0.7263,20.926,-20.1997,12.3922,48.5247,-36.1325,37.7213,63.9582,-26.2369,1.7249,23.8311,-22.1062,13.3454,0.9986,1.3705,0.7717,8.9877,2.2242,,,
2026-03-04,13.417,50,17.8259,50,45.572,15.2794,20.9046,50,,,,,865,,,49,260,7,3,284,1836,394,1727,459,1662,12,441,,,,,,,,,,,,,,,,,,,,10.8324,20.9046,13.417,20.9046,9.0661,11.4351,15.8998,17.221,10.5239,48.1093,31.1688,41.6667,0.2733,19.2255,-18.9522,10.0683,51.0706,-41.0023,35.8998,66.1959,-30.2961,3.2802,20.0456,-16.7654,23.6902,0.5011,1.0904,0.6834,12.3918,3.8724,,,
2026-03-05,18.7001,50,20.9046,50,43.3675,16.4196,23.1091,50,,,,,84,,,106,21,9,1,390,1729,458,1662,503,1617,24,219,,,,,,,,,,,,,,,,,,,,17.7879,23.1091,18.7001,23.1091,17.0009,17.32,18.5962,18.6418,28.5324,8.113,31.4696,24.1573,0.6837,9.4348,-8.7511,11.4403,48.9061,-37.4658,36.9644,64.722,-27.7575,8.979,1.9599,7.0191,25.6609,0.3191,0.6151,0.8204,8.0219,2.051,,,
2026-03-06,17.9263,50,20.2051,50,44.0942,15.7615,22.4079,50,,,,,184,,,64,41,4,6,380,1743,445,1679,494,1630,22,129,,,,,,,,,,,,,,,,,,,,17.2427,22.4079,17.9263,22.4079,17.6765,16.8109,17.8588,18.8155,16.3098,10.2506,29.6089,37.3333,0.82,5.5125,-4.6925,10.9339,49.795,-38.861,35.9453,65.2392,-29.2938,4.8292,3.8269,1.0023,34.9431,0.5011,0.3826,0.7289,9.9772,1.8223,,,
2026-03-09,12.8205,50,14.8944,50,48.19,13.4238,18.6275,50,,,,,946,,,26,282,6,12,267,1858,327,1799,407,1719,13,584,56.487,43.513,60,608,61,0.8247,0.152,,,,,,,,,,,,,10.822,18.6275,12.8205,18.6275,10.8341,11.8314,12.9646,15.9112,7.6609,69.9909,28.4024,32.4482,0.3626,25.1133,-24.7507,8.9755,53.2638,-44.2883,32.9102,67.9057,-34.9955,2.1759,22.7108,-20.5349,16.2285,0.816,0.8731,0.816,20.2629,3.7171,,,
2026-03-10,19.7418,50,19.514,50,44.571,15.6796,21.3364,50,,,,,58,,,279,15,10,6,433,1692,431,1695,472,1654,20,98,,,,,,,,,,,,,,,,,,,,24.1838,21.3364,19.7418,21.3364,24.0783,18.8439,17.8425,18.4797,40.0091,5.2344,46.1889,29.5652,0.6827,4.233,-3.5503,10.924,50.2503,-39.3264,35.594,65.9536,-30.3596,18.4797,1.5476,16.9322,28.7665,0.9103,0.87,1.2745,3.5503,1.32,,,
2026-03-11,20.1898,50,19.3548,50,46.3757,13.7381,20.759,50,,,,,181,,,79,52,10,5,432,1694,419,1707,462,1664,24,77,,,,,,,,,,,,,,,,,,,,25.2372,20.759,20.1898,20.759,25.5232,19.2903,17.9254,18.2894,22.5205,10.1001,26.8687,37.3874,0.7734,3.2757,-2.5023,10.1911,50.364,-40.1729,34.9409,66.7425,-31.8016,6.051,3.7762,2.2748,23.1119,1.0009,0.8085,1.7288,2.0018,1.2739,,,
2026-03-12,19.9241,50,19.0512,50,47.6281,12.7894,20.038,50,,,,,219,,,61,46,11,5,427,1699,412,1714,446,1680,18,223,,,,,,,,,,,,,,,,,,,,25.0474,20.038,19.9241,20.038,24.9886,18.6163,17.3873,17.4784,14.5198,17.2508,33.2288,24.0106,0.6827,9.1944,-8.5116,9.9681,51.9345,-41.9663,34.183,68.0929,-33.9099,4.8248,4.142,0.6827,22.6673,0.7738,0.9186,1.5476,3.2317,1.0014,,,
2026-03-13,10.5423,50,13.7277,50,51.953,7.5465,17.1028,50,,,,,1038,,,19,378,8,6,214,1913,287,1840,378,1749,12,361,,,,,,,,,,,,,,,,,,,,11.149,17.1028,10.5423,17.1028,11.3688,10.4138,11.869,14.5521,7.5489,47.8399,21.0843,56.1787,0.4093,15.0068,-14.5975,7.0941,54.7976,-47.7035,30.6503,69.8499,-39.1996,1.5916,26.8759,-25.2842,15.2797,0.7276,1.4174,1.1369,8.322,2.5011,,,
2026-03-16,9.4127,50,11.8599,50,53.0873,7.4925,16.9428,50,,,,,489,,,42,118,7,4,188,1942,248,1882,374,1756,11,578,56.8862,43.1138,60,612,34,0.8166,0.1611,,,,,,,,,,,,,9.6009,16.9428,9.4127,16.9428,9.9095,9.3213,10.905,14.6606,13.2127,35.2036,25.3425,30.9769,0.362,24.5701,-24.2081,7.5566,56.1991,-48.6425,29.3665,71.0407,-41.6742,3.3484,10.905,-7.5566,12.1267,0.6787,1.5831,0.9502,5.0679,2.8959,,,
2026-03-17,11.6085,50,13.2777,50,51.7451,9.2944,17.9439,50,,,,,136,,,93,13,7,6,256,1873,294,1835,399,1730,11,235,,,,,,,,,,,,,,,,,,,,14.5296,17.9439,11.6085,17.9439,15.6506,11.9199,12.1474,15.4231,23.2029,8.9627,31.1765,31.4721,0.364,9.8726,-9.5086,8.0528,56.0965,-48.0437,30.3913,70.2457,-39.8544,7.2338,2.8207,4.4131,34.0764,0.6369,0.9224,0.8189,6.9154,1.9563,,,
2026-03-18,22.0326,50,17.5958,50,47.1748,12.135,19.8711,50,,,,,46,,,322,5,8,1,497,1632,385,1744,442,1687,9,73,,,,,,,,,,,,,,,,,,,,36.1016,19.8711,22.0326,19.8711,39.6089,23.7381,16.8713,17.4625,45.9754,4.2292,45.4995,24.7312,0.2729,2.9104,-2.6376,9.2769,50.9777,-41.7008,33.4698,68.2128,-34.7431,20.9186,1.0459,19.8727,23.1924,1.2278,1.4395,1.0914,3.3652,0.5912,,,
2026-03-19,12.1683,50,11.5239,50,52.4261,7.2403,16.6414,50,,,,,1137,,,18,301,7,1,266,1863,249,1880,373,1756,8,210,,,,,,,,,,,,,,,,,,,,15.3904,16.6414,12.1683,16.6414,16.6288,12.6306,11.7219,14.448,6.7242,42.4807,24.3243,53.369,0.1817,8.9959,-8.8142,7.0877,55.5657,-48.478,29.9864,70.2408,-40.2544,1.6356,22.6715,-21.0359,26.2154,0.8632,0.4658,0.7269,5.7701,1.1358,,,
2026-03-20,16.3126,50,14.4537,50,51.8209,7.9287,17.6404,50,,,,,112,,,98,24,15,2,371,1759,322,1808,394,1736,12,156,,,,,,,,,,,,,,,,,,,,22.1548,17.6404,16.3126,17.6404,24.9091,18,15.0455,15.5,28.9545,6.8636,24.3328,33.7748,0.4091,6.6364,-6.2273,7.8182,54.4545,-46.6364,30.6818,70.1818,-39.5,7.0455,2.3182,4.7273,27.0909,0.9545,0.8764,1.8182,2.7273,0.9091,,,
2026-03-23,6.9951,50,7.8977,50,59.6089,4.4754,13.3133,50,,,,,1869,,,7,970,6,2,146,1986,169,1963,295,1837,13,716,54.2914,45.7086,60,854,35,0.8439,0.1369,,,,,,,,,,,,,6.9951,13.3133,6.9951,13.3133,7.1396,7.1848,8.0886,11.3421,5.4677,79.9367,16.5289,72.8095,0.2711,30.9535,-30.6823,5.3321,61.0935,-55.7614,25.0339,73.6105,-48.5766,0.9038,58.2015,-57.2978,8.4049,0.4067,2.0936,0.8586,7.4108,5.1966,,,
2026-03-24,11.8939,50,10.5303,50,56.6667,5.4924,15.3788,50,,,,,103,,,296,25,7,6,271,1861,245,1887,347,1785,7,291,,,,,,,,,,,,,,,,,,,,16.4015,15.3788,11.8939,15.3788,17.7566,12.9428,11.2171,13.5332,52.1798,8.6285,34.1166,32.6316,0.1817,12.6249,-12.4432,6.4033,58.3106,-51.9074,27.9292,72.2979,-44.3688,17.802,2.8156,14.9864,12.0799,0.4541,1.9462,1.0899,4.6322,1.6349,,,
2026-03-25,20.4847,50,13.9341,50,53.086,8.8981,17.3798,50,,,,,73,,,216,16,5,5,486,1647,327,1806,389,1744,12,91,,,,,,,,,,,,,,,,,,,,38.7353,17.3798,20.4847,17.3798,38.8107,22.6509,15.1611,15.1158,52.2469,6.128,27.4544,31.8519,0.4085,3.4952,-3.0867,8.67,55.5152,-46.8452,30.2315,70.9033,-40.6718,14.3441,1.9519,12.3922,16.8861,0.7717,2.3308,0.6809,5.7195,1.044,,,
2026-03-27,12.4008,50,10.775,50,57.9206,5.9735,15.8034,50,,,,,1328,,,33,627,6,9,291,1842,252,1881,358,1775,9,538,,,,,,,,,,,,,,,,,,,,15.9924,15.8034,12.4008,15.8034,16.8784,13.5209,11.4338,13.7024,9.7096,62.3412,21.4953,67.3217,0.2269,23.6842,-23.4574,6.5336,60.1633,-53.6298,26.9964,72.4592,-45.4628,2.0871,41.9691,-39.882,12.2505,0.5445,5.6936,0.8167,11.8421,4.8094,,,
2026-03-30,8.8931,50,9.1557,50,61.9512,5.3283,13.7336,50,,,,,1477,,,29,740,4,35,201,1936,212,1925,310,1827,13,913,53.8922,46.1078,60,543,39,0.8293,0.1505,,,,,,,,,,,,,9.8311,13.7336,8.8931,13.7336,10.1488,9.4272,9.6978,12.2688,11.9982,67.1628,18.4211,71.726,0.3157,39.1069,-38.7912,5.8187,63.0582,-57.2395,23.9964,74.5151,-50.5187,2.2102,48.1732,-45.963,9.9233,0.6315,3.7349,0.5864,34.2806,17.005,,,
2026-04-01,20.5438,50,14.1616,50,45.8082,6.8731,16.6163,50,,,,,26,,,1135,7,10,2,485,1651,334,1802,381,1755,19,53,,,,,,,,,,,,,,,,,,,,42.1828,16.6163,20.5438,16.6163,44.6809,23.0421,15.301,15.0294,86.1476,2.5804,74.9869,28.0702,0.5432,2.0824,-1.5392,7.5147,51.2902,-43.7755,28.1123,71.1634,-43.0512,64.5994,0.7243,63.8751,11.091,0.3169,0.6025,2.2635,2.5804,0.9959,,,
2026-04-02,28.1568,50,15.8688,50,38.7486,6.7848,16.2081,50,,,,,99,,,177,23,15,2,642,1496,375,1763,376,1762,14,85,,,,,,,,,,,,,,,,,,,,51.3004,16.2081,28.1568,16.2081,57.6854,31.6908,17.6311,15.009,24.4123,38.2911,55.3704,4.9587,0.3165,2.8933,-2.5769,7.8662,44.8463,-36.9801,28.3002,69.8915,-41.5913,13.5172,1.8987,11.6184,8.047,0.3165,0.2723,2.6673,1.6275,0.4973,,,
2026-04-06,41.6323,50,20.1048,50,30.6627,7.9745,17.9334,50,,,,,59,,,215,9,23,1,935,1206,463,1678,415,1726,18,30,65.0699,34.9301,60,64,66,0.6473,0.3317,,,,,,,,,,,,,73.6054,17.9334,41.6323,17.9334,74.5725,46.8047,22.3672,16.7867,31.7732,7.3807,50.7082,15.8537,0.6301,0.9901,-0.36,8.6409,37.4887,-28.8479,30.7381,67.1467,-36.4086,16.1116,1.1701,14.9415,15.3915,0.36,0.3723,3.2853,1.3951,0.495,,,
2026-04-07,49.5105,50,23.7199,50,28.0497,8.3208,18.637,50,,,,,66,,,120,9,57,1,1085,1057,528,1614,427,1715,15,11,,,,,,,,,,,,,,,,,,,,76.1295,18.637,49.5105,18.637,76.2873,54.6974,26.6034,17.1635,23.7579,5.0587,44.6768,25.8929,0.542,0.4517,0.0903,8.4914,33.3333,-24.8419,31.8428,65.2665,-33.4237,10.6143,1.3098,9.3044,32.5655,0.4517,0.2732,9.4399,0.5872,0.271,,,
2026-04-08,87.2645,50,47.1741,50,13.5268,15.2977,24.416,50,,,,,35,,,894,13,399,0,1886,255,1020,1121,556,1585,31,5,,,,,,,,,,,,,,,,,,,,94.1221,24.416,87.2645,24.416,94.1708,86.263,48.9381,22.8197,80.4338,3.4343,63.5955,25,1.2201,0.2259,0.9941,11.568,16.9453,-5.3773,37.596,58.4275,-20.8315,51.1523,0.8586,50.2937,18.0298,0.3615,1.7206,42.6118,0.2711,0.1808,,,
2026-04-09,83.9985,50,47.1009,50,14.8343,14.6461,24.8494,50,,,,,139,,,90,27,103,0,1806,337,1011,1132,568,1575,30,2,,,,,,,,,,,,,,,,,,,,92.4699,24.8494,83.9985,24.8494,91.7796,84.3722,49.5935,23.2159,20.5962,8.6269,36.1842,28.2723,1.2195,0.0903,1.1292,11.9241,17.3893,-5.4652,37.9855,56.8654,-18.8799,7.4526,2.439,5.0136,24.0289,0.4065,0.4058,15.944,0.2258,0.2258,,,
2026-04-10,89.819,50,62.5189,50,10.6335,17.1569,29.4872,50,,,,,28,,,236,7,124,0,1937,203,1342,798,662,1478,37,2,,,,,,,,,,,,,,,,,,,,95.3997,29.4872,89.819,29.4872,95.1131,90.0452,63.6652,26.4253,37.2851,3.1674,46.2379,17.1429,1.4027,0.0905,1.3122,13.3032,12.9412,0.362,40.724,51.1312,-10.4072,17.2398,0.543,16.6968,35.7919,0.543,0.5778,17.6018,0.181,0.1357,,,
2026-04-13,86.3449,50,57.5383,50,12.4953,16.6105,28.9188,50,,,,,196,,,103,31,87,0,1867,277,1266,878,665,1479,41,8,69.6607,30.3393,60,21,99,0.4714,0.5084,,,,,,,,,,,,,90.9839,28.9188,86.3449,28.9188,90.5533,86.1898,59.8291,27.1705,16.0144,38.9114,42.6966,10.6358,1.6644,0.2249,1.4395,13.3153,14.0801,-0.7647,40.1709,51.507,-11.336,6.8376,4.1386,2.6991,16.6442,0.5848,0.4,11.426,0.4498,0.1799,,,
2026-04-15,94.2706,50,77.271,50,7.3502,18.922,35.8462,50,,,602.3677,404.3975,37,-10.969,-6.3387,376,7,122,0,2030,112,1653,489,804,1338,69,1,,,,,,,,,,,,,,,,,,,,96.2307,35.8462,94.2706,35.8462,95.9747,93.7133,76.0742,32.3383,52.872,2.9851,48.8452,27.2727,2.6232,0.0452,2.578,15.1063,8.8648,6.2415,43.5097,43.4193,0.0905,25.8254,0.8141,25.0113,32.6549,1.1307,1.063,17.1868,0.4071,0.0905,,,
2026-04-16,94.4193,50,80.3167,50,7.9563,19.7964,37.9713,50,,,579.6916,493.2355,58,-10.0518,-6.7175,136,13,58,0,2028,115,1730,413,848,1295,74,1,,,,,,,,,,,,,,,,,,,,95.5128,37.9713,94.4193,37.9713,95.0679,93.7557,80.2262,34.4344,23.7557,6.1538,39.4286,19.8529,2.8054,0.0452,2.7602,15.8824,8.3258,7.5566,44.9774,43.1674,1.81,9.3665,1.2217,8.1448,31.6742,0.9502,0.7674,8.0995,0.543,0.0905,,,
2026-04-17,96.0015,50,85.5526,50,6.1863,21.2373,41.8333,50,,,612.2655,351.8904,35,-11.3122,-4.9124,182,8,77,0,2064,78,1839,303,936,1206,88,1,,,,,,,,,,,,,,,,,,,,96.5296,41.8333,96.0015,41.8333,96.1086,95.5204,84.2534,37.8733,27.1041,4.1629,45.7429,15.2174,3.3032,0.0452,3.2579,16.9683,6.5611,10.4072,47.4208,38.8235,8.5973,12.3982,0.6335,11.7647,36.6063,0.9502,0.8671,10.6787,0.4525,0.0905,,,
2026-04-20,93.1471,50,80.9683,50,7.2626,21.3408,40.4842,50,,,532.3564,302.7595,286,-15.7826,-3.7288,76,52,47,2,2027,127,1766,388,910,1244,91,2,68.2635,31.7365,60,28,97,0.5244,0.454,,,,,,,,,,,,,91.5084,40.4842,93.1471,40.4842,90.9579,92.7932,79.5434,36.4816,16.3832,15.9803,34.153,31.6527,3.402,0.0895,3.3124,16.6965,8.2363,8.4602,45.8818,41.8979,3.9839,5.5953,5.0582,0.5372,25.9176,1.0743,0.4481,5.9087,0.6714,0.2686,,,
2026-04-21,90.3015,50,80.7483,50,6.0298,21.0679,42.1722,50,,,479.6133,348.0285,97,-12.5482,-0.9813,116,21,45,3,2027,129,1814,342,968,1188,75,1,,,,,,,,,,,,,,,,,,,,87.9041,42.1722,90.3015,42.1722,86.283,89.0956,78.5807,37.0835,20.6837,6.3609,37.0293,36.7347,2.7694,0.0433,2.7261,17.1787,6.6638,10.5149,45.9974,38.4249,7.5725,7.659,2.3367,5.3224,39.7231,4.3704,0.3361,6.4907,0.6058,0.2164,,,
2026-04-22,90.4468,50,82.6734,50,7.0469,21.8671,44.8602,50,,,516.0579,363.5869,95,-11.8159,-2.4182,135,26,32,3,2027,195,1861,361,1043,1179,68,3,,,,,,,,,,,,,,,,,,,,88.0131,44.8602,90.4468,44.8602,86.9321,89.6582,81.177,40.8914,19.0394,7.7456,47.2727,26.257,2.5097,0.0865,2.4232,18.0441,6.8369,11.2073,47.2523,35.9152,11.3371,9.0004,2.0338,6.9667,42.1895,4.9762,0.3358,3.7646,0.6923,0.2164,,,
2026-04-23,86.5287,50,78.032,50,8.1699,21.2418,43.2462,50,,,491.5937,361.6372,193,-5.1699,-1.8464,97,42,35,3,1940,283,1752,471,1011,1212,55,2,,,,,,,,,,,,,,,,,,,,79.1939,43.2462,86.5287,43.2462,79.6192,87.1051,78.8836,40.2423,15.7075,9.6062,38.5675,34.6847,2.2068,0.0865,2.1203,18.174,7.01,11.164,46.5167,37.3864,9.1302,6.058,3.3319,2.7261,36.6075,4.9329,0.3226,3.6348,0.8654,0.2164,,,
2026-04-24,76.4898,50,68.75,50,10.3561,19.7311,39.0988,50,,,450.9454,387.4914,457,-5.5159,-0.2083,40,104,24,4,1693,529,1547,675,921,1301,50,4,,,,,,,,,,,,,,,,,,,,57.9578,39.0988,76.4898,39.0988,58.8821,77.643,70.5373,36.4818,9.3588,23.4402,28.7037,33.2717,1.8198,0.1733,1.6464,16.7244,9.7054,7.0191,44.4974,41.9844,2.513,2.6863,7.799,-5.1127,20.5806,2.773,0.2203,2.2097,2.643,0.3033,,,
2026-04-27,84.9982,50,76.2351,50,8.4025,21.4569,43.4187,50,,,465.9635,481.8572,71,-5.9477,-0.9508,251,16,21,1,1916,309,1723,502,1025,1200,76,4,70.2595,29.7405,60,21,120,0.4789,0.4695,,,,,,,,,,,,,75.5139,43.4187,84.9982,43.4187,76.6681,85.2777,77.8734,40.8093,33.5342,6.8876,45.5712,23.125,2.7981,0.0861,2.712,18.0801,7.4903,10.5898,46.836,36.892,9.944,15.282,1.5928,13.6892,32.6302,3.5299,0.3253,2.6259,1.1192,0.3444,,,
2026-04-28,78.9684,50,73.4835,50,9.5169,20.959,43.6251,50,,,526.6916,443.5837,128,-7.5196,-0.0309,91,31,23,1,1771,452,1656,567,1021,1202,86,5,,,,,,,,,,,,,,,,,,,,67.7806,43.6251,78.9684,43.6251,70.199,81.5311,76.3408,41.09,16.8253,8.045,35.4756,32.2581,3.0277,0.173,2.8547,18.1661,8.391,9.7751,46.8426,36.7647,10.0779,5.9689,2.5952,3.3737,40.7439,3.763,0.2969,2.7249,1.1246,0.173,,,
2026-04-29,78.8881,50,73.9099,50,9.1933,21.7297,44.1497,50,,,520.8006,412.7906,155,-8.1382,1.4136,85,35,18,1,1763,460,1665,558,1024,1199,86,3,,,,,,,,,,,,,,,,,,,,66.7515,44.1497,78.8881,44.1497,67.1429,80.1732,76.3636,41.2554,18.1818,8.7879,31.4286,34.9754,3.1602,0.0866,3.0736,18.3983,8.3983,10,46.9264,37.2727,9.6537,5.7143,3.0736,2.6407,36.6667,4.1991,0.3593,1.9481,1.6017,0.2597,,,
2026-04-30,73.5369,50,70.0836,50,10.2508,20.3926,43.2206,50,,,473.6131,394.328,176,-5.2599,2.8563,57,47,14,1,1650,572,1579,643,1016,1206,48,7,,,,,,,,,,,,,,,,,,,,54.562,43.2206,73.5369,43.2206,56.8211,75.6605,72.8454,40.6236,11.217,12.906,34.749,26.5101,1.7324,0.2599,1.4725,17.8432,8.8783,8.9649,45.7774,38.6314,7.146,3.8978,3.4214,0.4764,35.1667,3.8112,0.2874,1.6024,1.689,0.2165,,,
2026-05-04,75.8099,50,72.3902,50,9.8272,21.8503,45.2844,50,,,557.4682,560.9546,120,-3.5971,1.945,204,36,31,2,1738,487,1662,563,1065,1160,94,7,73.0539,26.9461,60,21,173,0.3567,0.5918,,,,,,,,,,,,,64.3629,45.2844,75.8099,45.2844,64.6022,77.2473,75.6129,42.7957,28.7742,8.3871,41.2556,32.3077,3.6129,0.2151,3.3978,18.7527,8.172,10.5806,48.086,36.043,12.043,11.871,2.7097,9.1613,31.5269,4,0.4829,3.6129,1.3763,0.3441,,,
2026-05-05,73.0672,50,71.2886,50,9.7278,21.8149,46.2432,50,,,493.1062,313.7719,137,-4.6821,0.6579,112,39,23,3,1656,566,1623,599,1087,1135,73,5,,,,,,,,,,,,,,,,,,,,59.0926,46.2432,73.0672,46.2432,60.0519,74.6649,73.93,43.7959,15.3913,8.8197,43.5393,32.3529,2.8102,0.2162,2.594,19.6714,8.6035,11.0679,47.9032,36.1435,11.7596,6.7013,2.8534,3.8478,39.8184,3.9775,0.3627,2.8102,1.5564,0.2162,,,
2026-05-06,84.029,50,80.0363,50,7.3684,24.029,49.5826,50,,,585.0146,326.8027,73,-2.8991,1.7551,207,22,31,2,1915,309,1828,396,1170,1054,101,4,,,,,,,,,,,,,,,,,,,,77.2777,49.5826,84.029,49.5826,75.6593,83.2685,80.6744,46.8655,26.1997,7.0039,49.0099,24.6914,3.4587,0.1729,3.2858,21.2278,6.6148,14.6131,49.9784,32.3822,17.5962,12.8405,1.7294,11.1111,32.2093,3.1128,0.7086,3.2858,1.0808,0.3026,,,
2026-05-07,86.7247,50,83.4603,50,6.6739,25.0272,52.8836,50,,,556.0484,331.4588,49,2.3506,5.3078,224,11,42,1,1970,254,1905,319,1252,972,146,4,,,,,,,,,,,,,,,,,,,,82.1908,52.8836,86.7247,52.8836,80.9339,85.9922,83.7873,50.4107,26.7618,4.8422,48.6268,24.1071,4.7125,0.1297,4.5828,22.6978,5.8366,16.8612,51.8374,29.0532,22.7843,13.0134,1.1673,11.8461,37.7,3.329,0.9461,4.8422,0.9944,0.2162,,,
2026-05-08,82.7474,50,80.8989,50,7.7202,24.6466,52.954,50,,,501.3988,314.7805,154,2.7906,4.0592,122,45,67,0,1875,348,1847,376,1255,968,138,2,,,,,,,,,,,,,,,,,,,,74.9184,52.954,82.7474,52.954,74.0501,82.4266,81.7789,50.734,19.2573,9.3696,40.3587,33.6406,4.7496,0.0864,4.6632,22.8411,6.1313,16.7098,51.8566,29.1451,22.7116,7.772,3.152,4.62,37.6943,3.9724,0.6687,6.304,0.9067,0.0864,,,
2026-05-11,67.1583,50,71.7266,50,9.8921,23.4532,48.5612,50,,,662.6013,320.3616,528,11.6084,5.8126,75,140,37,3,1548,678,1657,569,1159,1067,82,1,67.6647,32.3353,60,28,123,0.5198,0.4281,,,,,,,,,,,,,49.8921,48.5612,67.1583,48.5612,51.7182,68.5137,73.8402,46.8643,13.9605,25.7302,35.3846,39.8998,3.0498,0,3.0498,21.7784,8.5911,13.1873,49.2268,33.0756,16.1512,4.9399,10.2663,-5.3265,27.3196,2.5773,0.544,4.3814,1.7182,0.2148,,,
2026-05-12,39.1872,50,56.1321,50,13.389,18.3237,39.7678,50,,,613.5454,345.2184,1234,7.7452,1.9219,34,506,15,2,910,1313,1304,919,946,1277,37,20,,,,,,,,,,,,,,,,,,,,23.3672,39.7678,39.1872,39.7678,23.6159,40.5277,57.0934,37.8028,8.91,49.827,22.8155,65.3646,1.2111,0.519,0.692,18.2093,11.981,6.2284,45.3287,40.6142,4.7145,2.0329,32.5692,-30.5363,13.0623,1.1246,0.6051,1.9031,3.2007,0.692,,,
2026-05-13,44.4848,50,57.8012,50,13.135,19.1945,41.5457,50,,,658.844,351.2636,165,10.2725,-0.0068,139,54,17,2,1031,1192,1345,878,989,1234,38,26,,,,,,,,,,,,,,,,,,,,29.7533,41.5457,44.4848,41.5457,30.7393,45.1362,58.8413,39.6455,23.6057,11.6299,30.5861,31.5985,1.2538,0.6917,0.562,18.5906,12.019,6.5716,45.4821,39.8617,5.6204,7.2201,3.6749,3.5452,27.54,1.2105,0.3346,1.7294,4.5396,0.3459,,,
2026-05-14,47.0823,50,58.0283,50,12.5408,19.971,42.0442,50,,,557.7443,361.1532,180,12.0256,3.6799,79,49,5,6,1086,1139,1343,882,1001,1224,53,24,,,,,,,,,,,,,,,,,,,,33.0192,42.0442,47.0823,42.0442,32.0812,45.5959,57.8584,39.7668,17.8756,13.7306,31.401,28.9308,1.8998,0.6045,1.2953,18.7392,12.3057,6.4335,45.2504,40.2418,5.0086,5.6131,3.9724,1.6408,22.9706,1.209,0.3098,1.2522,9.3696,0.734,,,
2026-05-15,41.6697,50,55.8621,50,12.922,18.7659,40.726,50,,,611.6332,403.2127,280,7.0115,6.354,66,95,7,11,942,1283,1290,935,964,1261,59,12,,,,,,,,,,,,,,,,,,,,28.7477,40.726,41.6697,40.726,28.3492,40.6223,55.8341,38.3751,15.1685,14.1314,29.0598,41.2844,1.9015,0.4754,1.4261,17.5454,13.3535,4.1919,44.9006,42.2213,2.6793,4.408,5.8341,-1.4261,31.3742,1.599,0.2652,0.8211,11.1927,0.8211,,,
2026-05-18,30.5946,50,45.8739,50,15.7477,16.8649,37.045,50,,,532.9898,435.6275,553,5.1766,4.1693,63,150,7,14,711,1515,1072,1154,881,1345,34,31,68.2635,31.7365,60,28,144,0.5146,0.4346,,,,,,,,,,,,,21.2613,37.045,30.5946,37.045,21.1183,30.1075,45.5484,34.6237,10.2796,41.6774,38.9121,28.1734,1.1613,1.2903,-0.129,15.6129,16.4301,-0.8172,42.5376,46.0645,-3.5269,4,11.7419,-7.7419,21.1183,1.7204,0.3664,0.8172,12.5591,1.3763,,,
2026-05-19,39.2093,50,50.9612,50,14.9801,17.8818,39.572,50,,,542.4296,383.2786,98,8.2131,3.7965,140,27,12,6,901,1322,1187,1037,939,1285,41,10,,,,,,,,,,,,,,,,,,,,31.4835,39.572,39.2093,39.572,30.5099,38.3751,50.6482,37.4244,27.312,7.0873,32.7532,32.3171,1.3829,0.3889,0.9939,16.8971,14.4339,2.4633,44.0795,44.4252,-0.3457,8.9455,2.2904,6.6551,32.1953,2.0743,0.2878,1.4261,3.5869,0.9507,,,
2026-05-20,42.111,50,51.4327,50,15.3065,18.9699,40.1523,50,,,457.5075,388.5216,117,5.9776,2.4095,97,29,17,6,966,1259,1195,1030,957,1268,45,17,,,,,,,,,,,,,,,,,,,,35.4371,40.1523,42.111,40.1523,34.2264,40.7087,50.9075,38.0726,16.5946,10.1988,38.0208,27.5424,1.7286,0.605,1.1236,17.4157,15.2982,2.1175,44.1227,44.0795,0.0432,6.3094,2.809,3.5004,37.1651,1.9447,0.2583,1.7718,3.1979,0.605,,,
2026-05-21,46.5505,50,54.2847,50,14.3428,20.0799,41.6485,50,,,489.7981,440.7287,92,7.3922,1.8342,134,26,23,1,1073,1150,1260,963,994,1229,74,8,,,,,,,,,,,,,,,,,,,,44.3355,41.6485,46.5505,41.6485,42.4557,45.3956,53.9991,39.7319,24.4704,6.5716,31.8021,35.5263,2.767,0.3459,2.4211,18.3312,14.3537,3.9775,45.0065,42.6286,2.3779,7.7821,2.3346,5.4475,37.3973,2.032,0.4093,2.4643,2.767,0.4323,,,
2026-05-22,48.5134,50,54.5685,50,14.2132,20.4859,42.2045,50,,,446.5767,472.8266,156,4.8033,-2.0591,86,46,23,1,1109,1115,1270,954,1003,1221,62,8,,,,,,,,,,,,,,,,,,,,48.4772,42.2045,48.5134,42.2045,43.7959,46.4332,54.1721,40.1643,16.7748,9.5979,34.5361,36.036,2.4211,0.3459,2.0752,18.7203,14.3537,4.3666,45.3524,43.5365,1.8158,5.7933,3.4587,2.3346,42.4989,4.1072,0.3443,2.5076,1.9023,0.3459,,,
2026-05-25,60.7618,50,62.1272,50,12.217,22.6015,45.5623,50,,,518.0002,553.6695,116,5.9836,0.9701,193,35,48,1,1400,827,1441,786,1085,1142,81,11,69.4611,30.5389,60,34,163,0.4905,0.461,,,,,,,,,,,,,63.0255,45.5623,60.7618,45.5623,58.3584,56.2957,60.0774,43.1457,27.3313,7.4774,42.9245,37.931,3.1801,0.3868,2.7933,20.1977,12.5483,7.6493,46.9274,41.1259,5.8015,11.7318,2.8363,8.8956,36.3558,5.1569,0.6411,4.4693,0.9454,0.4297,,,
2026-05-26,60.1808,50,61.5552,50,12.8029,22.4593,46.1483,50,,,524.3798,448.9478,139,4.9319,-1.0178,120,45,48,0,1373,852,1419,807,1095,1131,82,4,,,,,,,,,,,,,,,,,,,,60.9403,46.1483,60.1808,46.1483,57.0812,56.3903,60.4059,43.6097,19.6891,8.5924,36.1842,42.7136,2.9793,0.1727,2.8066,20.7686,12.9965,7.772,46.9775,40.8463,6.1313,7.1244,3.6701,3.4542,36.1831,5.0518,0.6526,4.1883,0.6908,0.2159,,,
2026-05-27,61.1292,50,62.4683,50,12.1607,23.3804,47.0503,50,,,682.5645,395.3897,155,4.1472,-0.5402,150,44,51,0,1380,846,1427,800,1113,1114,105,9,,,,,,,,,,,,,,,,,,,,61.0568,47.0503,61.1292,47.0503,57.6857,57.1244,61.5285,44.3437,19.171,9.3696,45.7207,33.6406,3.5838,0.3886,3.1952,21.2435,12.4352,8.8083,47.6252,40.0691,7.5561,8.7651,3.152,5.6131,40.5009,6.4767,0.5746,4.9223,1.2953,0.2591,,,
2026-05-29,49.6926,50,56.1664,50,14.3942,21.2297,43.9783,50,,,956.9409,361.0389,426,2.6112,-3.2423,118,145,39,0,1129,1097,1287,940,1044,1183,121,26,,,,,,,,,,,,,,,,,,,,43.472,43.9783,49.6926,43.9783,44.4301,48.4456,55.9585,41.8826,21.3299,22.6252,33.8057,42.3664,3.9724,1.0794,2.8929,19.5596,13.601,5.9585,46.6753,42.5302,4.1451,7.2107,9.5855,-2.3748,16.4076,3.152,1.5352,4.2746,2.5043,0.6045,,,
2026-06-01,37.5853,50,48.9759,50,16.3493,19.0801,41.466,50,,,586.1707,384.1361,443,1.4968,-3.8605,93,171,36,3,878,1348,1142,1085,985,1243,70,24,67.6647,32.3353,60,31,167,0.5081,0.4438,,,,,,,,,,,,,31.4768,41.466,37.5853,41.466,34.3226,39.6129,48.7312,39.6129,21.6774,21.1183,26.9841,52.9532,2.7527,0.9462,1.8065,18.1505,15.957,2.1935,45.0323,45.1183,-0.086,5.8495,11.1828,-5.3333,20.2151,1.8925,0.6718,3.4409,3.871,1.1183,,,
2026-06-02,42.7489,50,51.9841,50,14.9351,20.202,43.1097,50,,,551.0545,378.2186,121,2.9431,-4.3063,140,32,31,4,999,1225,1213,1013,1026,1200,49,30,,,,,,,,,,,,,,,,,,,,38.8528,43.1097,42.7489,43.1097,40.8014,43.5588,51.4003,41.3615,19.776,9.651,44.4444,28.5714,1.7234,1.2495,0.4739,18.6988,15.3813,3.3175,46.187,43.8604,2.3266,8.7893,2.7574,6.0319,30.461,1.5511,0.3896,3.1883,4.5239,0.8186,,,
2026-06-03,39.256,50,49.693,50,16.5764,20.585,42.398,50,,,604.7114,372.5913,171,2.1116,-4.0861,78,55,33,5,920,1306,1161,1067,1005,1223,56,27,,,,,,,,,,,,,,,,,,,,36.1502,42.398,39.256,42.398,39.1548,42.3458,49.806,40.3622,13.1091,12.8072,41.1184,28.2828,2.1992,1.0781,1.1212,18.5425,16.257,2.2855,45.925,44.5019,1.423,5.3903,3.6223,1.768,34.7995,1.2505,0.2838,2.9323,4.3553,0.8193,,,
2026-06-04,43.8312,50,50.1443,50,16.6306,21.2843,43.3983,50,,,601.2189,489.0564,111,2.6618,-5.03,137,27,31,4,1020,1206,1168,1060,1032,1196,72,21,,,,,,,,,,,,,,,,,,,,41.0895,43.3983,43.8312,43.3983,43.4296,44.7221,50.0215,41.3184,20.293,7.5399,39.9151,29.7143,2.8436,0.8617,1.9819,19.1297,16.243,2.8867,46.2301,43.5157,2.7143,8.1,2.2404,5.8595,38.7333,1.3787,0.4271,3.0159,4.3085,0.517,,,
2026-06-05,43.4453,50,51.0654,50,16.5042,20.9462,43.8064,50,,,563.6769,394.6163,154,2.2927,-4.3748,100,47,29,5,999,1226,1183,1044,1035,1192,71,17,,,,,,,,,,,,,,,,,,,,40.7367,43.8064,43.4453,43.8064,42.9249,44.8663,50.9922,41.717,16.4366,8.8438,38.3202,36.0976,2.761,0.6471,2.1139,19.8878,16.566,3.3218,46.0742,42.8387,3.2355,6.2985,3.1924,3.1061,39.0423,3.8395,0.391,3.1924,2.5884,0.604,,,
2026-06-08,30.205,50,39.0147,50,18.986,18.5545,40.0216,50,,,511.9794,676.6447,606,0.163,-4.1622,49,166,21,5,708,1517,908,1319,949,1278,61,37,67.6647,32.3353,60,37,164,0.5016,0.4534,,,,,,,,,,,,,25.6742,40.0216,30.205,40.0216,27.4214,32.8024,41.6703,38.4417,11.4077,26.9049,27.9245,42.4,2.2385,1.4636,0.7749,17.8648,19.5437,-1.6789,43.9087,46.4486,-2.5398,3.1855,11.4077,-8.2221,28.5407,3.9604,0.3289,2.4968,2.2815,0.9901,,,
2026-06-09,40.3978,50,48.4629,50,17.179,20.434,43.1103,50,,,565.2808,532.4395,100,1.1105,-2.1702,200,23,22,4,947,1276,1131,1095,1026,1200,54,23,,,,,,,,,,,,,,,,,,,,40.651,43.1103,40.3978,43.1103,42.567,42.3941,48.9628,41.357,25.6698,6.7416,45.9596,33.3333,1.8583,0.9507,0.9075,19.3604,17.4589,1.9015,45.9378,44.1659,1.7718,11.7978,2.2472,9.5506,39.2394,4.408,0.3228,2.809,1.7718,0.7347,,,
2026-06-10,32.6346,50,40.6939,50,19.0459,18.9013,40.4771,50,,,569.2835,585.4649,388,-2.5081,-2.856,50,105,18,4,770,1456,965,1263,967,1261,62,21,,,,,,,,,,,,,,,,,,,,29.3097,40.4771,32.6346,40.4771,30.829,34.5423,42.6598,39.2055,14.3782,15.3713,25.5255,45.5056,2.1589,0.9067,1.2522,18.0915,19.5596,-1.468,44.7755,46.7617,-1.9862,3.6701,6.9948,-3.3247,28.6269,3.6269,0.3384,2.2884,2.5475,0.5613,,,
2026-06-11,27.2596,50,35.9725,50,21.1497,17.4982,37.9971,50,,,518.8389,447.1499,334,-2.6694,-1.9398,40,86,11,6,636,1591,853,1376,906,1323,33,47,,,,,,,,,,,,,,,,,,,,23.2827,37.9971,27.2596,37.9971,23.5091,28.306,38.2022,36.6897,10.5445,17.9775,27.459,37.9808,1.0372,1.9015,-0.8643,16.6811,22.0398,-5.3587,43.3016,48.9628,-5.6612,2.8954,6.828,-3.9326,36.2143,2.7226,0.2584,1.3397,4.4512,0.8643,,,
2026-06-12,49.0069,50,49.6208,50,16.5764,21.4157,44.4926,50,,,558.4416,404.55,42,0.3632,0.1263,342,7,11,2,1128,1099,1157,1071,1059,1169,46,14,,,,,,,,0.4316,1.4674,1.3811,479,22,,,,1.6601,0.5052,,,55.3991,44.4926,49.0069,44.4926,53.0427,46.8278,49.2879,41.8213,38.3254,4.4022,53.9414,21.5686,1.5969,0.4748,1.1221,19.5511,17.7385,1.8127,46.6983,44.6698,2.0285,20.6733,0.9495,19.7238,34.6569,4.057,0.4479,1.4674,1.3811,0.4316,19.7238,1.1221,0.4485
2026-06-15,64.7291,50,60.7104,50,13.4912,23.502,47.8292,50,,,606.4216,458.9215,65,0.5285,1.8291,208,11,23,2,1485,743,1408,822,1139,1091,93,9,71.6567,28.3433,60,25,204,0.4173,0.5379,0.3433,2.7897,0.8155,325,41,,,,3.3333,0.3584,,,74.704,47.8292,64.7291,47.8292,73.2733,63.0631,58.8589,44.7447,43.329,5.3196,32.1782,33.0645,3.3891,0.2145,3.1746,21.021,14.5002,6.5208,48.6057,41.0982,7.5075,13.9425,1.7589,12.1836,30.03,2.4453,1.0988,2.7885,0.8151,0.3432,12.1888,3.176,1.1053
2026-06-16,67.3999,50,64.0101,50,12.8741,23.8731,48.7198,50,,,589.0582,497.0024,95,1.4335,1.9338,112,19,12,0,1543,690,1469,765,1157,1077,65,10,,,,,,,,0.1292,2.1533,0.646,173,47,,,,2.3423,0.3604,,,74.6845,48.7198,67.3999,48.7198,72.9543,65.7623,61.8863,45.6503,17.7003,6.9337,41.8491,29.1925,2.3686,0.3015,2.0672,21.4901,13.6951,7.795,49.0525,39.6641,9.3885,7.4074,2.0241,5.3833,42.6357,2.4117,0.4655,2.1533,0.646,0.1292,5.4264,2.0672,0.4668
2026-06-17,68.7117,50,65.8607,50,12.1256,24.5038,50.0902,50,,,609.3504,524.5968,95,1.3319,2.8948,120,20,26,1,1576,657,1512,722,1192,1042,70,12,,,,,,,,0.2155,3.6638,0.6897,178,45,,,,2.5243,0.4327,,,73.2948,50.0902,68.7117,50.0902,71.8534,66.9397,63.7931,46.8534,17.5,6.5948,43.5961,29.4118,2.4138,0.3879,2.0259,22.6293,12.7155,9.9138,50.1724,39.181,10.9914,7.6293,1.9397,5.6897,44.4397,2.1983,0.5828,3.6638,0.6897,0.2155,5.7328,2.0259,0.5828
2026-06-18,71.0317,50,67.2439,50,11.5079,25.5411,51.1905,50,,,581.9749,666.0082,85,-1.4857,1.4361,120,17,54,0,1627,604,1554,678,1211,1021,112,5,,,,,,,,0.2153,7.1059,0.3445,181,42,,,,4.036,0.1802,,,74.062,51.1905,71.0317,51.1905,73.072,69.6682,65.6183,47.695,17.7941,5.9888,43.8257,30.2158,3.7484,0.1293,3.6191,23.5243,12.193,11.3313,50.5816,38.087,12.4946,7.7984,1.8096,5.9888,44.679,3.2314,0.5342,7.109,0.3447,0.2154,5.9862,3.6176,0.5342
2026-06-19,69.203,50,67.1836,50,11.648,26.0007,51.6769,50,,,621.3608,561.1227,124,-3.7663,0.8171,138,20,41,0,1604,629,1558,676,1227,1007,100,18,,,,,,,,0.0861,5.1249,0.3445,187,42,,,,3.6023,0.6484,,,71.0422,51.6769,69.203,51.6769,69.8406,67.9449,65.7906,48.6859,17.5355,8.2292,45.9459,21.9895,3.4468,0.3016,3.1452,24.2999,12.2792,12.0207,50.9263,37.8285,13.0978,8.0569,1.8096,6.2473,40.8445,6.7643,0.6741,5.1271,0.3447,0.0862,6.2446,3.1438,0.6751
2026-06-22,72.4767,50,69.5419,50,11.2384,27.1296,54.5812,50,,,483.0171,471.9058,95,-2.6242,2.2215,172,20,39,0,1690,544,1623,613,1304,932,127,10,71.6567,28.3433,60,32,186,0.4291,0.5254,0.1714,4.7558,0.5141,245,50,,,,4.5455,0.3579,,,74.1589,54.5812,72.4767,54.5812,73.2762,71.6488,68.651,51.7773,23.5974,6.6809,44.4646,32.6923,3.8972,0.257,3.6403,25.4818,11.7345,13.7473,52.4197,36.06,16.3597,10.4925,2.1842,8.3084,41.0278,8.0514,0.7674,4.7537,0.5139,0.1713,8.3548,3.6418,0.7698
2026-06-23,64.247,50,64.2831,50,12.5316,25.9299,51.896,50,,,536.153,416.9238,279,-3.7664,2.5374,57,56,24,0,1500,734,1504,731,1236,999,104,9,,,,,,,,0.0862,3.6223,0.6037,88,105,,,,3.7559,0.325,,,59.9856,51.896,64.247,51.896,59.0772,63.26,63.3894,49.461,13.2816,12.5485,28.5714,36.0825,3.1048,0.345,2.7598,24.1483,13.0229,11.1255,51.7896,38.2061,13.5834,3.7947,4.5278,-0.7331,30.9185,6.2958,0.624,3.6223,0.6037,0.0862,-0.7331,2.7598,0.625
2026-06-24,63.4199,50,64.2857,50,12.7706,26.0101,53.1025,50,,,505.0227,454.3795,140,-5.596,5.6633,83,36,17,1,1483,751,1510,725,1267,968,71,16,,,,,,,,0.2587,3.2342,0.8624,123,73,,,,2.5613,0.5772,,,60.6782,53.1025,63.4199,53.1025,59.8534,62.4838,63.26,50.7115,14.3596,9.0987,36.9369,35.0711,2.3717,0.6037,1.768,24.5364,12.8504,11.6861,52.0914,37.473,14.6184,5.304,3.191,2.113,43.4239,6.2958,0.36,3.2342,0.8624,0.2587,2.1561,1.768,0.3589
2026-06-25,56.5092,50,61.5579,50,13.6314,24.6664,51.3884,50,,,529.3506,340.8204,286,-12.2489,5.7897,54,66,14,2,1316,918,1444,791,1214,1021,71,11,,,,,,,,0.4308,2.1542,1.5941,85,123,,,,2.5604,0.3967,,,48.6477,51.3884,56.5092,51.3884,45.9716,54.33,59.9741,48.7721,11.9776,13.0547,30.5755,40.9241,2.2835,0.4308,1.8526,23.9552,13.7872,10.168,51.5295,38.604,12.9255,3.6622,5.3425,-1.6803,35.2865,5.5579,0.4164,2.1542,1.6372,0.4308,-1.6372,1.8526,0.4151
2026-06-29,48.5684,50,56.4424,50,15.2827,23.7294,49.6063,50,,,625.5849,400.4781,298,-11.5494,3.8656,75,73,12,3,1137,1099,1333,904,1185,1052,82,34,72.6547,27.3453,60,25,235,0.3837,0.5723,0.6432,1.5866,3.0017,115,150,,,,2.9349,1.2169,,,39.9785,49.6063,48.5684,49.6063,38.9293,46.167,54.561,47.152,13.1906,16.3597,37.3377,39.7906,2.3983,1.2848,1.1135,22.6124,15.6317,6.9807,50.5782,40.6424,9.9358,4.9251,6.5096,-1.5846,32.9336,3.5546,0.5318,1.5846,3.0835,0.6852,-1.5009,1.1149,0.5318
2026-06-30,53.045,50,57.6937,50,15.0631,24.6847,50.6667,50,,,564.1766,515.8294,109,-10.23,4.0378,111,21,9,3,1251,983,1364,871,1209,1026,100,40,,,,,,,,0.3448,1.4224,3.1897,173,56,,,,3.6036,1.4414,,,45.7297,50.6667,53.045,50.6667,46.1008,51.5295,55.8811,47.9966,18.8712,7.3675,39.4977,32.7485,3.533,1.2064,2.3266,23.5243,15.3813,8.143,51.1848,39.6812,11.5037,7.4537,2.4128,5.0409,41.4046,4.1792,0.4272,1.4218,3.2314,0.3878,5.0431,2.3707,0.4272
2026-07-01,56.3107,50,59.7986,50,14.0597,25.4944,51.8519,50,,,556.9029,347.2399,123,-10.9344,4.9514,106,33,16,2,1324,910,1413,822,1232,1003,98,32,,,,,,,,0.5589,1.7197,2.3646,162,68,,,,3.5239,1.1507,,,51.9957,51.8519,56.3107,51.8519,50.1504,54.4908,58.0146,48.9042,18.5647,7.4774,37.5,39.0805,3.4379,0.9024,2.5355,24.538,14.4392,10.0988,51.3537,38.8483,12.5054,6.9618,2.9222,4.0395,38.3756,5.4577,0.3852,1.719,2.4065,0.6016,4.0413,2.5795,0.384
2026-07-02,62.6753,50,63.79,50,13.0169,26.5372,54.2251,50,,,556.8017,468.9913,88,-9.8527,5.5081,136,20,16,1,1475,764,1513,726,1286,954,96,15,,,,,,,,0.5157,1.8049,1.59,188,47,,,,3.452,0.5394,,,61.237,54.2251,62.6753,54.2251,59.579,60.9966,62.3711,51.0309,18.7715,6.2285,43.0206,32.4138,3.2646,0.5155,2.7491,24.8711,13.2732,11.5979,52.2337,37.2423,14.9914,8.0756,2.0189,6.0567,45.3608,5.4553,0.4356,1.8041,1.6323,0.5155,6.0593,2.7933,0.4356
2026-07-03,61.7373,50,64.2498,50,12.168,26.346,55.2046,50,,,603.5875,501.8535,128,-7.5188,5.3783,80,40,19,2,1448,791,1525,714,1310,930,121,10,,,,,,,,0.3864,2.4903,1.5457,123,74,,,,4.3431,0.3589,,,62.6346,55.2046,61.7373,55.2046,59.1416,60.2575,63.4764,52.0172,15.4077,8.2403,34.5404,38.5417,3.9485,0.3433,3.6052,24.8498,12.7468,12.103,52.618,37.2103,15.4077,5.3219,3.176,2.1459,43.4335,6.4378,0.4607,2.4893,1.5451,0.3863,2.1039,3.6067,0.4607
2026-07-06,58.9808,50,63.0791,50,12.2594,26.7997,55.2031,50,,,463.4892,460.1659,177,-8.5822,6.1793,99,39,19,3,1398,845,1499,744,1317,927,123,16,73.8523,26.1477,60,29,219,0.4138,0.5403,0.2989,2.7327,1.281,137,75,,,,4.3835,0.5702,,,58.6244,55.2031,58.9808,55.2031,53.9249,57.2099,61.6041,51.4078,15.657,10.4522,37.6022,30.6122,4.0529,0.4266,3.6263,24.9147,13.5239,11.3908,52.7304,37.4147,15.3157,5.8874,3.1997,2.6877,41.5956,7.5085,0.37,2.7304,1.2799,0.2986,2.6473,3.6721,0.3704
2026-07-07,53.7688,50,59.6195,50,12.7423,25.4128,53.8765,50,,,468.4363,528.4743,236,-9.0353,5.2665,36,72,12,1,1260,983,1412,831,1279,965,86,11,,,,,,,,0.4294,1.8033,1.4169,66,113,,,,3.0869,0.3948,,,49.7846,53.8765,53.7688,53.8765,45.8798,50.9013,57.9828,49.9571,9.3562,12.2747,30.2752,39.5105,2.4464,0.3863,2.0601,23.3906,13.8197,9.5708,51.9742,38.2403,13.7339,2.8326,4.8498,-2.0172,41.588,6.6953,0.2806,1.8026,1.4163,0.4292,-2.018,2.061,0.2795
2026-07-08,32.0646,50,47.1095,50,16.0503,22.4417,47.7917,50,,,567.0003,451.6824,686,-10.2481,0.9989,31,167,8,1,749,1494,1112,1131,1139,1105,53,27,,,,,,,,0.4723,0.9875,2.5762,45,305,,,,1.9031,0.9695,,,22.9443,47.7917,32.0646,47.7917,24.1202,33.4335,45.4077,45.279,11.2017,30.8155,17.2414,42.6184,1.9313,1.073,0.8584,21.2017,17.4249,3.7768,49.2275,42.6609,6.5665,1.9313,13.133,-11.2017,17.382,2.9185,0.5544,0.9871,2.5751,0.4721,-11.1636,0.9017,0.5527
2026-07-09,44.2611,50,53.7661,50,15.3515,24.8924,50.2869,50,,,527.6127,452.8476,54,-8.4714,2.0626,180,7,10,2,1045,1200,1274,971,1208,1038,54,21,,,,,,,,0.3002,1.3293,1.6295,245,29,,,,1.9369,0.7532,,,39.3472,50.2869,44.2611,50.2869,39.9914,43.9777,52.1217,47.664,26.7895,4.4578,39.2,27.8846,2.1432,0.7715,1.3716,23.2748,16.1595,7.1153,50.8358,40.3343,10.5015,10.5015,1.243,9.2585,38.3626,3.0862,0.312,1.3288,1.6288,0.3,9.2624,1.4151,0.312
2026-07-10,56.748,50,60.4092,50,13.4243,26.1665,53.374,50,,,461.157,458.8244,57,-8.3087,3.5365,131,9,11,2,1342,902,1442,802,1276,969,88,14,,,,,,,,0.3432,1.6302,1.2012,191,29,,,,3.1587,0.5025,,,57.1788,53.374,56.748,53.374,53.3877,53.8165,58.6192,50,20.9691,4.9743,39.0593,25,3.0446,0.4288,2.6158,24.3997,14.4511,9.9485,52.7444,38.2933,14.4511,8.1904,1.2436,6.9468,44.8971,3.8593,0.376,1.6295,1.2007,0.3431,6.9498,2.6598,0.3756
2026-07-13,58.1105,50,61.5686,50,12.9412,26.4884,53.975,50,,,459.088,424.8468,104,-8.9928,4.9964,132,16,14,2,1396,850,1486,761,1298,950,95,20,73.0539,26.9461,60,31,192,0.4385,0.5162,0.4691,1.8337,1.4499,175,47,,,,3.3868,0.713,,,58.6809,53.975,58.1105,53.975,56.0768,55.5224,59.2751,51.2154,17.5267,8.6567,42.5791,23.1527,3.2836,0.5117,2.7719,24.9893,14.5842,10.4051,53.049,36.9296,16.1194,7.4627,2.0043,5.4584,38.0384,4.0938,0.4263,1.8337,1.4499,0.4691,5.4584,2.7719,0.4263
2026-07-14,49.8745,50,56.687,50,14.1269,25.7798,52.7071,50,,,423.9574,375.703,220,-8.6802,4.9913,51,38,16,2,1179,1064,1354,890,1268,977,61,22,,,,,,,,0.3856,1.4996,1.2853,68,86,,,,2.1872,0.7888,,,42.0222,52.7071,49.8745,52.7071,42.3736,47.4722,54.0703,49.9143,9.9829,11.3539,29.1845,32.4528,2.1851,0.7284,1.4567,24.036,15.5099,8.5261,52.3993,39.1602,13.2391,2.9135,3.6847,-0.7712,44.6444,5.4841,0.2751,1.4996,1.2853,0.3856,-0.7712,1.4567,0.2751
2026-07-15,52.4526,50,58.038,50,13.7487,26.3158,53.3835,50,,,497.1936,469.7235,115,-9.3826,5.0303,80,28,23,1,1233,1012,1382,863,1285,961,71,19,,,,,,,,0.4709,2.7397,0.7277,122,53,,,,2.5421,0.6803,,,46.7956,53.3835,52.4526,53.3835,45.6336,50.0428,55.6507,50.3853,15.0257,7.2774,34.7578,31.1765,2.3973,0.6849,1.7123,24.4007,15.0685,9.3322,52.6969,38.613,14.0839,5.2226,2.2688,2.9538,45.6336,8.3048,0.3116,2.7397,0.7277,0.4709,2.9538,1.7123,0.3116
2026-07-16,49.6961,50,56.8109,50,13.9078,25.8849,52.1988,50,,,420.0925,498.3978,119,-8.6018,4.5591,55,34,13,2,1173,1074,1353,894,1254,994,60,17,,,,,,,,0.4703,1.7956,1.1116,91,61,,,,2.1452,0.6078,,,44.5835,52.1988,49.6961,52.1988,44.2497,47.2852,54.596,50.0214,12.5695,7.6528,30.9524,34.0782,2.0949,0.5558,1.5391,24.0701,15.2629,8.8072,52.2873,38.9483,13.339,3.8906,2.608,1.2826,47.1142,9.8333,0.2699,1.7956,1.1116,0.4703,1.2826,1.5391,0.2699
2026-07-17,45.9527,50,54.3696,50,13.5745,25.0716,51.9341,50,,,456.4778,442.5713,218,-9.7883,5.8389,30,61,7,3,1078,1171,1295,954,1244,1006,24,29,,,,,,,,0.5567,1.0707,1.3276,55,106,,,,0.8596,1.0387,,,39.0759,51.9341,45.9527,51.9341,35.9743,42.3555,51.3919,48.651,7.4518,13.4475,31.6092,33.758,0.8994,1.0707,-0.1713,23.0835,15.7173,7.3662,52.0343,39.8715,12.1627,2.3555,4.5396,-2.1842,44.3255,9.2934,0.2429,1.0707,1.3276,0.5567,-2.1842,-0.1713,0.2429
2026-07-20,49.2154,50,56.5977,50,14.0157,25.3566,52.6748,50,,,426.5197,427.075,124,-8.454,5.0297,87,25,9,4,1144,1105,1342,907,1262,988,51,29,69.6607,30.3393,60,43,171,0.4857,0.4686,0.6838,1.2393,2.5641,129,62,,,,1.8188,1.0342,,,45.5421,52.6748,49.2154,52.6748,41.0684,45.0427,53.2051,49.1026,13.547,8.8462,40.694,29.9517,2.0085,0.9829,1.0256,24.2308,16.4103,7.8205,51.7949,39.6154,12.1795,5.5128,2.6496,2.8632,46.2821,10.1282,0.2721,1.2393,2.5641,0.6838,2.8632,1.0256,0.2721
2026-07-21,50.5542,50,56.5248,50,13.9435,25.7061,53.3071,50,,,429.0904,415.1853,90,-5.135,5.7904,101,21,10,2,1184,1065,1344,905,1280,970,61,23,,,,,,,,0.4279,1.7544,1.84,133,47,,,,2.1809,0.8223,,,49.0883,53.3071,50.5542,53.3071,43.3462,46.5554,52.9739,49.6791,13.5644,6.1617,41.9558,32.6389,2.439,0.8558,1.5832,24.5186,16.3457,8.1729,51.7758,39.8374,11.9384,5.6911,2.0111,3.6799,50.4921,11.211,0.2813,1.7544,1.84,0.4279,3.6799,1.5832,0.2813
2026-07-22,40.3647,50,51.0905,50,14.8373,24.5263,50.4112,50,,,425.5244,576.4855,273,-4.7407,3.3728,47,70,14,1,947,1304,1216,1036,1206,1047,52,25,,,,,,,,0.5993,1.4555,2.4401,80,124,,,,1.8591,0.8938,,,34.5013,50.4112,40.3647,50.4112,32.5342,38.2705,48.1592,47.0034,10.1027,13.1421,33.8983,40.3909,1.9692,0.9846,0.9846,22.5599,17.5514,5.0086,50.8134,41.3955,9.4178,3.4247,5.3082,-1.8836,40.2397,8.9041,0.3045,1.4555,2.4401,0.5993,-1.8836,0.9846,0.3045
2026-07-23,32.8561,50,44.8461,50,15.927,23.7294,48.8547,50,,,426.4152,442.7172,198,-1.9724,2.7636,62,48,14,4,781,1470,1068,1184,1174,1079,35,27,,,,,,,,0.6429,1.5859,2.5289,87,84,,,,1.2527,0.9664,,,28.0243,48.8547,32.8561,48.8547,28.0754,33.0476,44.4492,45.9494,13.9306,9.7728,26.7692,36.8421,1.3288,1.0287,0.3,21.8174,18.2169,3.6005,50.4072,42.7775,7.6297,3.7291,3.6005,0.1286,41.4488,7.6725,0.3383,1.5859,2.5289,0.6429,0.1286,0.3,0.3383
2026-07-24,31.5245,50,45.3767,50,15.7444,23.4202,49.4109,50,,,422.3001,460.3805,117,-1.1563,2.6823,70,35,15,4,751,1501,1085,1168,1192,1062,36,41,,,,,,,,0.556,1.7109,1.7964,101,55,,,,1.2853,1.4638,,,29.4181,49.4109,31.5245,49.4109,30.1967,33.148,45.2096,46.5783,10.9923,10.3935,39.2996,22.6337,1.3259,1.5398,-0.2139,21.8991,17.9641,3.935,50.6416,42.3867,8.2549,4.3199,2.3524,1.9675,38.4517,5.3464,0.3048,1.7109,1.7964,0.556,1.9675,-0.2139,0.3048
2026-07-27,45.6707,50,51.5969,50,14.8332,25.2307,50.5678,50,,,394.0419,399.5223,116,-2.7515,1.0293,143,29,18,4,1074,1179,1233,1021,1218,1037,69,23,71.8563,28.1437,60,42,191,0.4471,0.5369,0.6394,1.5345,1.8329,200,63,,,,2.4485,0.8162,,,45.3513,50.5678,45.6707,50.5678,42.9241,43.1373,49.4885,47.3572,23.9557,7.8858,35.5872,34.0541,2.6428,0.7673,1.8755,23.1884,16.9224,6.266,51.8755,40.9633,10.9122,8.5251,2.6854,5.8397,39.7272,5.243,0.4595,1.5345,1.8329,0.6394,5.8397,1.8755,0.4595
2026-07-28,37.3752,50,47.3609,50,15.2639,24.2511,48.6448,50,,,412.2037,386.2478,270,-5.9263,-0.1119,45,87,8,5,877,1374,1124,1128,1169,1084,53,18,,,,,,,,0.556,1.0265,2.438,69,148,,,,1.8902,0.6419,,,36.02,48.6448,37.3752,48.6448,35.5004,36.0992,45.2524,46.065,10.7784,13.4303,27.381,47.1338,2.0958,0.6843,1.4115,22.1129,18.1779,3.935,51.4542,41.8734,9.5808,2.9512,6.3302,-3.379,42.8144,5.7314,0.3311,1.0265,2.438,0.556,-3.379,1.4115,0.3311
2026-07-29,45.2177,50,52.1056,50,14.0614,24.9465,51.606,50,,,431.7257,368.3364,105,-5.7947,0.4645,110,37,11,5,1040,1212,1223,1030,1228,1026,59,17,,,,,,,,0.5133,1.4115,1.6681,172,55,,,,2.1056,0.6067,,,47.0378,51.606,45.2177,51.606,43.4132,41.9162,49.0163,48.118,17.3225,7.1429,42.4691,32.9341,2.053,0.6843,1.3687,23.0539,16.3815,6.6724,52.2669,41.018,11.2489,7.3567,2.3524,5.0043,47.1343,7.0573,0.4438,1.4115,1.6681,0.5133,5.0043,1.3687,0.4438
2026-07-30,40.9123,50,48.8596,50,15.1105,24.4476,50.7484,50,,,394.0798,371.6696,200,-5.0014,0.1006,40,62,12,8,926,1326,1142,1111,1213,1041,66,18,,,,,,,,0.5556,1.453,2.0513,67,102,,,,2.3521,0.6415,,,40.1996,50.7484,40.9123,50.7484,36.3248,37.3504,45.2564,47.1368,9.9145,10.9829,28.8793,39.6887,2.3504,0.6838,1.6667,21.9658,17.4359,4.5299,51.9658,41.7949,10.1709,2.8632,4.359,-1.4957,46.8376,7.3504,0.3822,1.453,2.0513,0.5556,-1.4957,1.6667,0.3822
2026-07-31,46.6524,50,51.8162,50,14.3875,24.6795,52.3504,50,,,433.2664,384.3841,104,-4.0156,-0.1569,126,32,17,6,1069,1186,1208,1048,1243,1014,72,15,,,,,,,,0.427,1.8787,1.3664,184,58,,,,2.5641,0.5342,,,49.2877,52.3504,46.6524,52.3504,44.9616,42.5278,47.9932,48.1213,19.9829,7.3868,39.3162,33.526,2.4338,0.5551,1.8787,23.2707,16.9513,6.3194,52.5192,41.076,11.4432,7.8565,2.4765,5.38,44.0649,10.6746,0.5387,1.8787,1.3664,0.427,5.38,1.8787,0.5387
2026-08-03,59.788,50,58.9046,50,12.2615,27.3145,55.8304,50,,,456.9538,408.9224,101,-2.0938,2.0723,207,25,21,5,1385,873,1380,879,1336,924,126,12,73.6527,26.3473,60,41,264,0.3845,0.5972,0.4248,2.0816,1.6143,302,50,,,,4.4523,0.424,,,65.6184,55.8304,59.788,55.8304,63.1266,56.4571,55.3526,51.3594,28.3772,6.3297,45.2096,33.557,3.6958,0.4248,3.271,25.4885,15.2931,10.1954,54.3331,38.3602,15.9728,12.8292,2.124,10.7052,37.8929,8.4537,0.9347,2.0816,1.6143,0.4248,10.7052,3.271,0.9347
2026-08-04,58.5435,50,58.2948,50,11.9716,27.8153,55.7726,50,,,415.7382,395.7644,130,-3.2412,1.0376,114,41,30,3,1342,916,1368,891,1332,928,115,11,,,,,,,,0.5113,3.0677,1.5339,157,71,,,,4.0853,0.3908,,,63.2327,55.7726,58.5435,55.7726,60.6306,55.2194,54.6229,51.6404,15.0405,8.8624,44.4759,34.1346,3.4512,0.4261,3.0251,25.6924,15.0405,10.6519,54.4525,38.3042,16.1483,6.6894,3.0251,3.6643,46.2718,8.4789,0.6511,3.0677,1.5339,0.5113,3.6643,3.0251,0.6511
2026-08-05,63.227,50,61.5957,50,12.0213,28.227,57.0567,50,,,472.1117,374.1112,117,0.5821,2.1665,129,38,31,3,1467,791,1449,810,1367,892,128,14,,,,,,,,0.5957,3.5745,1.6596,182,55,,,,4.539,0.4965,,,66.5957,57.0567,63.227,57.0567,62.2553,58.5106,58.1277,52.1277,17.9149,7.617,43.2304,30.7263,3.8298,0.5532,3.2766,26.4255,15.1064,11.3191,55.0213,37.2766,17.7447,7.7447,2.3404,5.4043,44.766,9.0213,0.7868,3.5745,1.6596,0.5957,5.4043,3.2766,0.7868
2026-08-06,62.7792,50,61.7157,50,12.3715,28.3942,56.9302,50,,,438.7998,334.9016,155,4.1549,1.2042,101,48,41,3,1444,814,1449,810,1362,897,123,19,,,,,,,,0.4685,4.4293,1.2777,140,81,,,,4.3602,0.6735,,,63.7717,56.9302,62.7792,56.9302,58.7308,57.6235,57.2402,52.0017,16.3118,9.8382,36.5535,35.0649,3.9182,0.724,3.1942,26.3203,14.6082,11.7121,55.6218,37.7342,17.8876,5.9625,3.4497,2.5128,44.7189,9.4549,0.8245,4.4293,1.2777,0.4685,2.5128,3.1942,0.8245
2026-08-07,60.3259,50,60.7864,50,12.7524,28.2678,57.492,50,,,403.3256,328.1666,182,7.1946,0.6996,85,69,35,3,1385,876,1427,835,1375,887,103,25,,,,,,,,0.5106,3.7872,1.6596,134,109,,,,3.6486,0.8856,,,60.255,57.492,60.3259,57.492,55.3191,55.1915,55.6596,52.383,14.9362,10.8511,38.1766,42.7451,3.1489,0.9362,2.2128,26.383,15.234,11.1489,55.0638,37.9149,17.1489,5.7021,4.6383,1.0638,45.617,10.1702,0.6482,3.7872,1.6596,0.5106,1.0638,2.2128,0.6482
2026-08-10,57.9429,50,60.7961,50,13.1384,28.0733,57.0271,50,,,457.2118,392.1929,233,7.0097,1.2962,121,70,31,3,1335,925,1427,835,1372,890,148,33,72.4551,27.5449,60,54,245,0.4174,0.5618,0.5091,3.182,2.5032,180,133,,,,5.2131,1.1624,,,56.851,57.0271,57.9429,57.0271,51.4637,52.482,55.7913,51.9728,18.1587,13.2372,42.0561,42.6282,4.4124,1.0607,3.3517,26.4319,15.8676,10.5643,55.1973,37.675,17.5223,7.6368,5.6428,1.9941,38.0144,10.5218,0.8788,3.182,2.5032,0.5091,1.9941,3.3517,0.8788
2026-08-11,55.1309,50,58.5987,50,13.9066,28.3086,56.6171,50,,,490.5136,372.55,191,8.2813,1.1855,102,70,30,3,1259,1002,1369,893,1357,905,108,32,,,,,,,,0.4675,3.1449,2.7624,153,108,,,,3.8217,1.1323,,,52.9724,56.6171,55.1309,56.6171,48.3213,49.7663,53.3787,51.5087,15.4271,10.8372,42.1488,42.3529,3.5274,1.1475,2.3799,26.7743,16.5321,10.2422,55.1211,37.7816,17.3396,6.5023,4.5899,1.9125,45.0489,9.8598,0.6757,3.1449,2.7624,0.4675,1.9125,2.3799,0.6757
2026-08-12,52.3725,50,56.6926,50,15.1558,27.762,54.7805,50,,,502.1223,333.4766,242,9.5298,0.769,101,90,30,5,1185,1076,1327,935,1316,946,94,34,,,,,,,,0.5527,2.5085,3.4864,136,131,,,,3.3286,1.204,,,47.4504,54.7805,52.3725,54.7805,43.7075,46.5986,51.4031,50.0425,14.6684,14.2857,39.4203,38.9881,2.8061,1.3605,1.4456,26.0204,17.1344,8.8861,54.7619,38.2653,16.4966,5.7823,5.5697,0.2126,40.3912,8.9711,0.6964,2.5085,3.4864,0.5527,0.2126,1.4456,0.6964
2026-08-13,52.6521,50,56.5417,50,14.9222,28.1117,54.9151,50,,,410.9862,305.1674,187,6.6497,0.1138,117,68,32,6,1191,1070,1315,947,1316,946,99,32,,,,,,,,0.5518,2.7589,3.0985,175,105,,,,3.5007,1.1315,,,48.4441,54.9151,52.6521,54.9151,44.7793,47.0713,51.3582,50.2122,18.7606,11.7148,39.5928,38.0435,3.0136,1.1885,1.8251,26.3158,17.5297,8.7861,55.4329,38.073,17.3599,7.4278,4.4567,2.9711,41.8081,9.2105,0.6212,2.7589,3.0985,0.5518,2.9711,1.8251,0.6212
2026-08-14,49.9293,50,54.3847,50,14.8161,27.2984,54.0311,50,,,454.5923,291.8726,208,3.9262,-0.1901,86,75,30,9,1134,1126,1269,991,1298,962,87,35,,,,,,,,0.5096,2.7176,3.6943,121,113,,,,3.0764,1.2376,,,44.4484,54.0311,49.9293,54.0311,41.2314,44.586,49.3418,49.5117,15.7962,12.3142,32.5269,38.9655,2.7601,1.2739,1.4862,25.69,18.2166,7.4735,55.0743,38.7686,16.3057,5.138,4.7983,0.3397,42.8875,8.8747,0.5024,2.7176,3.6943,0.5096,0.3397,1.4862,0.5024
2026-08-17,47.4404,50,52.6297,50,15.4979,27.0687,53.2959,50,,,404.956,338.6747,235,5.8199,-0.9729,129,79,34,10,1088,1176,1234,1030,1283,981,85,51,72.0559,27.9441,60,56,265,0.4292,0.5466,1.098,3.125,4.3919,181,131,,,,2.9804,1.7882,,,43.1627,53.2959,47.4404,53.2959,40.3716,42.5253,47.3818,48.7331,17.4831,14.2314,43.7198,38.8724,2.9139,1.8581,1.0557,26.3514,18.5811,7.7703,54.8142,39.4426,15.3716,7.6436,5.5321,2.1115,40.6672,9.5439,0.5633,3.125,4.3919,1.098,2.1115,1.0557,0.5633
2026-08-18,42.2379,50,50.168,50,15.625,26.4449,50.672,50,,,432.719,297.5275,141,6.5677,-1.3057,112,37,27,7,1026,1238,1226,1038,1268,996,92,35,,,,,,,,0.9298,3.0431,4.0152,154,70,,,,3.0914,1.1761,,,37.7688,50.672,42.2379,50.672,39.2223,42.0964,47.5486,49.1547,15.765,8.7489,41.2869,33.8164,3.508,1.268,2.2401,26.585,19.0617,7.5232,54.4801,39.8986,14.5816,6.5089,2.9586,3.5503,45.9425,10.2282,0.4452,3.0431,4.0152,0.9298,3.5503,2.2401,0.4452
2026-08-19,40.2759,50,48.755,50,16.1171,25.7402,51.4805,50,,,436.379,275.05,202,7.3721,0.8489,74,41,24,6,940,1324,1143,1121,1244,1020,72,49,,,,,,,,0.6762,2.874,3.2967,120,88,,,,2.4226,1.6487,,,34.5895,51.4805,40.2759,51.4805,36.6441,39.8986,45.858,48.0981,14.1167,10.0169,35.9281,37.1308,2.6627,1.8597,0.803,26.6272,19.0194,7.6078,54.3956,40.4057,13.9899,5.0719,3.7194,1.3525,44.2519,10.186,0.4057,2.874,3.2967,0.6762,1.3525,0.803,0.4057
2026-08-20,46.0168,50,53.4454,50,15.6639,26.6891,53.1765,50,,,446.2396,277.4461,122,8.6943,0.774,124,28,34,6,1078,1185,1255,1008,1281,982,82,33,,,,,,,,0.4655,2.8777,3.0893,173,54,,,,2.7563,1.1092,,,42.2521,53.1765,46.0168,53.1765,42.573,43.504,48.7093,49.0901,18.5781,6.6018,39.4077,34.6154,3.2586,1.1849,2.0736,27.2535,18.959,8.2945,54.8032,39.0605,15.7427,7.3212,2.2852,5.036,46.2971,10.876,0.4244,2.8777,3.0893,0.4655,5.036,2.0736,0.4244
2026-08-21,47.2325,50,54.4448,50,15.5317,27.0379,53.8745,50,,,482.1392,345.7107,107,11.0688,-0.1514,99,21,27,3,1098,1166,1269,995,1290,974,73,20,,,,,,,,0.4655,3.0047,2.1583,158,42,,,,2.4488,0.6709,,,45.5552,53.8745,47.2325,53.8745,45.7046,45.493,49.5133,49.6826,16.2082,6.7711,41.2533,26.25,2.6661,0.7617,1.9044,27.719,18.7897,8.9293,55.6073,39.1452,16.4621,6.6864,1.7774,4.909,47.8206,12.2302,0.4338,3.0047,2.1583,0.4655,4.909,1.9044,0.4338
2026-08-24,45.7152,50,53.4178,50,15.6385,27.7759,54.0847,50,,,568.0994,332.5616,196,13.7159,-0.5042,110,37,24,2,1048,1215,1244,1020,1287,977,93,37,72.0559,27.9441,60,61,248,0.4045,0.5245,0.4634,3.075,1.4743,173,72,,,,3.101,1.2337,,,43.8813,54.0847,45.7152,54.0847,44.1028,45.1559,48.7363,50.1685,18.9553,9.3513,38.4444,32.4324,3.3698,1.3058,2.064,27.5063,18.9553,8.551,55.3496,39.2586,16.091,7.2873,3.0329,4.2544,39.5535,12.5948,0.5182,3.075,1.4743,0.4634,4.2544,2.064,0.5182
2026-08-25,47.9048,50,53.6373,50,15.6219,27.4556,54.3413,50,,,605.2421,376.8246,172,14.1432,0.6324,69,39,22,3,1098,1163,1253,1010,1304,959,66,37,,,,,,,,0.591,2.5749,1.3086,103,73,,,,2.2125,1.2404,,,46.5974,54.3413,47.9048,54.3413,44.2803,44.7024,48.6703,50.2322,12.5369,9.5399,34.6801,32.3009,2.3639,1.3086,1.0553,27.691,18.9531,8.7379,55.4664,38.7083,16.7581,4.3478,3.0815,1.2664,47.6572,13.339,0.3483,2.5749,1.3086,0.591,1.2664,1.0553,0.3483
2026-08-26,51.3894,50,56.0094,50,15.6679,27.5193,55.6746,50,,,541.1708,380.48,104,13.5944,0.2908,115,16,21,4,1170,1094,1302,962,1334,930,87,23,,,,,,,,0.5057,3.287,0.885,176,40,,,,2.9126,0.77,,,50.7533,55.6746,51.3894,55.6746,47.7876,47.7033,50.8639,51.201,17.2777,6.1104,42.9268,27.5862,2.7813,0.885,1.8963,27.7708,18.7105,9.0603,55.8365,38.5588,17.2777,7.4168,1.6856,5.7311,47.914,13.3586,0.3371,3.287,0.885,0.5057,5.7311,1.8963,0.3371
2026-08-27,46.1435,50,52.2803,50,16.0295,26.8276,53.8229,50,,,501.4003,462.0672,208,11.5188,-0.0252,58,43,22,4,1066,1197,1231,1032,1295,968,81,29,,,,,,,,0.4643,2.786,1.3508,90,97,,,,2.7163,0.9725,,,43.5949,53.8229,46.1435,53.8229,41.9164,44.2381,47.7839,50.2744,11.1017,10.1309,34.2205,40.4167,2.4905,1.0975,1.393,27.2689,19.8396,7.4293,55.171,39.1304,16.0405,3.7991,4.0946,-0.2955,45.9266,12.3681,0.3179,2.786,1.3508,0.4643,-0.2955,1.393,0.3179
2026-08-28,48.277,50,53.8307,50,15.9251,27.5677,54.5333,50,,,468.8744,382.9999,112,12.8232,-1.2018,126,19,20,3,1115,1149,1257,1007,1308,956,86,29,,,,,,,,0.4218,2.3619,1.3075,180,44,,,,2.8772,0.9702,,,46.6711,54.5333,48.277,54.5333,46.3096,46.6892,49.8102,50.9911,17.2501,6.1999,44.0098,29.932,3.2898,1.0966,2.1932,28.3846,19.4433,8.9414,55.7571,38.9709,16.7862,7.5917,1.8558,5.736,49.9789,12.2311,0.3015,2.3619,1.3075,0.4218,5.736,2.1932,0.3015
2026-08-31,43.6938,50,50.3827,50,17.4376,26.9551,52.812,50,,,667.7098,448.5698,328,8.8331,-0.2571,94,53,18,2,1014,1248,1183,1079,1263,999,100,70,69.6607,30.3393,60,70,258,0.427,0.5005,0.6734,1.9781,1.8098,142,127,,,,3.3278,2.3295,,,39.4676,52.812,43.6938,52.812,41.33,43.771,47.8114,49.3687,15.0253,14.5623,39.7759,36.7052,3.7458,2.6936,1.0522,27.2306,20.7492,6.4815,54.4613,39.5623,14.899,5.9764,5.3451,0.6313,33.0808,8.5017,0.6113,1.9781,1.8098,0.6734,0.6313,1.0522,0.6113
2026-09-01,37.2497,50,45.4606,50,17.5567,26.7356,51.8024,50,,,498.5653,401.5579,279,6.4553,-0.6407,76,54,28,2,875,1389,1082,1182,1253,1011,81,49,,,,,,,,0.7573,2.2297,1.5987,103,112,,,,2.7036,1.6355,,,33.3111,51.8024,37.2497,51.8024,36.0118,39.3774,44.7623,48.7589,13.2099,13.5886,32.8025,34.6749,3.1132,1.9352,1.178,26.8826,21.2873,5.5953,54.4384,40.3029,14.1355,4.3332,4.7118,-0.3786,38.536,7.9512,0.4023,2.2297,1.5987,0.7573,-0.3786,1.178,0.4023
2026-09-02,33.5002,50,41.5749,50,18.2182,25.6924,50.5172,50,,,489.6741,580.9064,186,3.5528,-0.1309,79,22,24,3,811,1453,1002,1263,1227,1038,62,63,,,,,,,,0.7158,1.8947,2.2316,122,52,,,,2.0687,2.1021,,,30.7307,50.5172,33.5002,50.5172,33.8526,37.0105,43.5789,47.5789,12.1684,10.4421,42.2145,20.9677,2.3579,2.5263,-0.1684,26.3158,21.8526,4.4632,54.1474,40.8842,13.2632,5.1368,2.1895,2.9474,42.8632,6.3158,0.3353,1.8947,2.2316,0.7158,2.9474,-0.1684,0.3353
2026-09-03,40.0133,50,46.3154,50,17.5392,27.6092,51.4505,50,,,478.7966,413.4296,96,6.3443,0.7048,133,14,31,2,961,1304,1119,1146,1251,1014,84,33,,,,,,,,0.6308,2.397,1.5139,185,42,,,,2.8009,1.1004,,,39.3131,51.4505,40.0133,51.4505,43.0193,42.8091,46.4256,48.4861,19.8066,5.1304,39.2781,34.4262,3.4483,1.2195,2.2288,27.9647,21.0261,6.9386,54.6257,40.4542,14.1716,7.7796,1.7662,6.0135,45.8789,6.8124,0.395,2.397,1.5139,0.6308,6.0135,2.2288,0.395
2026-09-04,43.4855,50,49.0503,50,17.2276,28.0906,52.1826,50,54.686,44.2618,615.0219,401.9782,123,7.8697,0.8703,130,24,24,2,1028,1237,1182,1083,1265,1000,94,30,,,,,,,,0.5044,2.396,1.6814,194,55,192,54,5.8302,3.1323,0.9997,3.0911,1.2496,43.9187,52.1826,43.4855,52.1826,46.322,44.4725,48.2556,49.2224,18.5792,7.1879,43.8914,32.1637,3.657,1.0929,2.5641,28.1631,20.4708,7.6923,54.855,40.1009,14.7541,8.1547,2.3119,5.8428,45.8596,7.314,0.4608,2.396,1.6814,0.5044,5.8428,2.5641,0.4608
2026-09-07,39.6552,50,44.9934,50,17.6393,27.5862,51.3926,50,38.8615,60.0856,680.6221,404.2245,203,5.7839,-0.4508,120,39,30,1,937,1328,1076,1189,1254,1011,113,46,67.2655,32.7345,60,89,247,0.4854,0.439,0.7122,2.9326,1.4663,173,93,168,90,3.2953,3.7467,1.5252,3.6525,1.7111,38.8263,51.3926,39.6552,51.3926,42.7734,43.1923,47.0046,49.1831,17.8886,9.8031,40.5152,39.7436,4.2731,1.6757,2.5974,28.6133,20.6535,7.9598,54.5036,40.553,13.9506,7.2476,3.8961,3.3515,40.8881,8.7139,0.5504,2.9326,1.4663,0.7122,3.3515,2.5974,0.5504
2026-09-08,40.6656,50,45.3577,50,18.4027,27.3544,51.381,50,45.5113,53.4364,530.7157,426.6016,163,7.8307,-0.7108,113,36,39,1,966,1299,1081,1184,1253,1012,102,37,,,,,,,,0.5034,3.9849,1.1326,160,76,157,73,3.5488,3.3943,1.2313,3.3235,1.4149,40.4326,51.381,40.6656,51.381,43.4564,43.7081,46.099,49.1191,15.0587,9.0185,44.5682,35.3488,3.7752,1.4681,2.307,28.2299,21.8121,6.4178,54.0688,40.3943,13.6745,6.7114,3.1879,3.5235,45.4698,10.4446,0.4993,3.9849,1.1326,0.5034,3.5235,2.307,0.4993
2026-09-09,39.1275,50,44.4555,50,18.6147,26.7399,49.9167,50,36.5669,62.3808,537.51,484.6215,236,7.6332,-2.4837,107,58,43,4,915,1349,1069,1195,1208,1056,92,63,,,,,,,,0.5877,3.4425,1.4274,147,94,141,95,1.9434,3.0636,2.0979,2.9924,2.269,38.3283,49.9167,39.1275,49.9167,39.8825,40.6801,45.8018,48.2788,13.8119,10.4114,44.6809,37.9032,3.3585,2.5189,0.8396,27.5399,21.7884,5.7515,53.6524,41.2259,12.4265,6.1713,3.9463,2.225,44.4165,9.5718,0.5278,3.4425,1.4274,0.5877,2.225,0.8396,0.5278
2026-09-10,37.0457,50,42.8143,50,19.7733,26.0754,49.1497,50,36.8542,62.0928,518.8399,458.5043,206,7.4543,-2.3169,95,52,33,5,871,1392,1029,1234,1189,1074,68,65,,,,,,,,0.5044,3.0685,1.6814,145,85,139,86,2.2391,2.2674,2.1674,2.2047,2.435,34.8783,49.1497,37.0457,49.1497,37.1585,39.2182,44.0521,47.7932,15.0483,10.1723,40.5028,35.124,2.7322,2.6061,0.1261,27.0702,21.8579,5.2123,53.8041,41.446,12.3581,6.095,3.5729,2.5221,43.7999,9.2055,0.4521,3.0685,1.6814,0.5044,2.5221,0.1261,0.4521
2026-09-11,33.2889,50,40.3532,50,20.4932,25.2582,48.8171,50,37.2434,61.6813,529.7659,491.6872,201,6.7321,-2.5956,73,37,28,4,790,1473,967,1296,1181,1082,47,98,,,,,,,,0.588,2.8559,2.016,106,83,105,85,0.8386,1.5661,3.2656,1.4989,3.6168,30.6231,48.8171,33.2889,48.8171,33.5993,36.7493,42.5031,47.2911,11.0458,14.4897,40.3042,24.058,1.848,3.8219,-1.974,26.2915,22.6795,3.6119,53.2549,41.6632,11.5918,4.4519,3.4859,0.966,42.1252,6.4679,0.483,2.8559,2.016,0.588,0.966,-1.974,0.483
2026-09-15,21.0474,50,29.3338,50,23.4339,20.2519,41.8628,50,15.7603,83.1977,465.1558,398.7701,997,5.3542,-5.4474,43,343,16,7,477,1787,704,1560,1037,1227,57,111,66.6667,33.3333,60,82,200,0.505,0.4214,1.046,1.5481,6.1506,68,561,69,561,-20.5686,1.8893,3.6792,1.8886,3.6796,17.6334,41.8628,21.0474,41.8628,18.8703,23.1381,32.636,41.7992,14.3096,36.6109,19.883,64.1143,2.2594,4.3515,-2.0921,21.2552,26.6527,-5.3975,51.1297,45.272,5.8577,2.8452,23.4728,-20.6276,17.2385,4.5188,0.6097,1.5481,6.1506,1.046,-20.6276,-2.0921,0.6097
2026-09-16,21.2141,50,29.3863,50,23.3155,20.3135,42.0614,50,,,471.2522,366.3967,255,6.5639,-4.2326,76,62,15,3,481,1782,708,1555,1040,1223,26,129,,,,,,,,0.924,1.302,6.5519,115,132,,,,0.8672,4.3029,,,17.8786,42.0614,21.2141,42.0614,18.9416,23.0575,31.7514,41.7472,13.3557,23.9815,36.1635,23.1173,0.966,5.2079,-4.2419,20.8736,26.5435,-5.6699,50.987,45.3171,5.6699,4.8299,5.5439,-0.714,23.6875,3.0239,0.4689,1.302,6.5519,0.924,-0.714,-4.2419,0.4689
2026-09-17,25.6179,50,31.5965,50,21.9773,21.5765,43.2532,50,,,378.7985,407.8367,118,4.1268,-4.2078,125,22,11,3,601,1662,766,1497,1067,1196,38,54,,,,,,,,0.9251,1.2195,4.1632,191,56,,,,1.2692,1.8036,,,25.8517,43.2532,25.6179,43.2532,27.9226,28.217,34.7351,42.8091,21.6148,7.5694,37.1595,31.1111,1.4298,2.1867,-0.7569,22.8343,25.1051,-2.2708,51.6821,44.2809,7.4012,8.032,2.3549,5.677,40.1177,3.6585,0.2746,1.2195,4.1632,0.9251,5.677,-0.7569,0.2746
2026-09-18,35.912,50,38.1127,50,21.007,23.4745,45.8486,50,,,510.4732,396.0154,115,3.3981,-4.0855,169,25,16,5,849,1413,909,1353,1125,1137,71,53,,,,,,,,0.588,1.428,2.7299,257,45,,,,2.3675,1.7673,,,41.8139,45.8486,35.912,45.8486,42.2092,37.6732,39.7312,45.0231,24.0655,6.7619,44.8517,27.9503,2.8139,2.058,0.756,24.6115,23.6455,0.966,53.0449,42.7551,10.2898,10.7938,1.89,8.9038,36.3293,3.3599,0.6662,1.428,2.7299,0.588,8.9038,0.756,0.6662
2026-09-21,35.5602,50,38.135,50,21.9207,24.739,45.7898,50,48.9417,50.0163,436.8962,420.5223,137,1.6801,-3.4578,146,28,18,0,854,1410,936,1328,1132,1132,82,48,65.4691,34.5309,60,82,201,0.5463,0.4273,0.4182,1.8821,2.7185,208,64,208,64,6.0251,2.8532,1.6701,2.7027,1.6281,43.1802,45.7898,35.5602,45.7898,44.3329,38.7286,40.4433,45.0021,17.6077,8.4902,49.4062,31.5271,3.1368,1.7984,1.3384,24.5504,24.0903,0.4601,52.9067,43.371,9.5358,8.6993,2.6767,6.0226,41.6144,3.2622,0.4254,1.8821,2.7185,0.4182,6.0226,1.3384,0.4254
2026-09-22,35.8894,50,37.7101,50,21.9188,24.895,45.5182,50,43.8294,55.1286,469.7517,498.2436,120,0.2764,-3.8274,104,21,28,2,860,1402,920,1342,1125,1137,71,43,,,,,,,,0.2941,3.0672,1.1345,156,52,158,57,4.2242,2.486,1.5056,2.3445,1.4979,41.2465,45.5182,35.8894,45.5182,44.7899,40.1681,40.8403,44.8739,16.8908,6.6807,38.806,32.7044,2.8151,1.5966,1.2185,25.084,23.6555,1.4286,52.8992,43.1933,9.7059,6.5546,2.1849,4.3697,43.4874,5.042,0.4058,3.0672,1.1345,0.2941,4.3697,1.2185,0.4058
2026-09-23,44.3978,50,42.3319,50,21.1835,26.3305,48.1443,50,67.535,31.423,521.6771,436.7791,64,-0.6169,-2.8751,154,11,40,3,1060,1202,1027,1235,1186,1076,79,23,,,,,,,,0.2522,4.2034,0.6726,234,31,236,36,8.3647,2.7661,0.8053,2.605,0.8466,57.2129,48.1443,44.3978,48.1443,57.293,48.1295,45.5233,47.1627,20.8491,4.9601,47.1774,26.2712,3.1526,0.8407,2.3119,26.6499,22.4044,4.2455,54.0563,42.2026,11.8537,9.8361,1.3031,8.533,45.103,8.3228,0.496,4.2034,0.6726,0.2522,8.533,2.3119,0.496
2026-09-24,32.7031,50,35.4342,50,22.479,24.2647,44.0826,50,22.0775,76.8805,484.6097,486.8575,346,-2.2982,-4.923,53,85,32,3,779,1483,850,1412,1090,1172,52,63,,,,,,,,0.2102,3.1526,0.9668,88,156,90,161,-2.9695,1.8207,2.2059,1.7258,2.1491,33.9286,44.0826,32.7031,44.0826,38.2093,36.9903,39.5965,44.1362,10.1723,16.2253,36.3636,40.4145,1.9336,2.2699,-0.3363,25.0105,24.338,0.6726,52.8373,43.5057,9.3317,3.699,6.5574,-2.8583,41.6141,8.2808,0.3971,3.1526,0.9668,0.2102,-2.8583,-0.3363,0.3971
2026-09-25,34.1976,50,36.5802,50,22.4597,25.0876,44.8143,50,52.6042,46.3216,402.3598,443.4425,121,-0.8716,-4.3555,107,24,25,6,814,1447,891,1370,1102,1159,56,79,,,,,,,,0.4628,3.4077,1.3042,147,50,150,55,3.9716,1.9622,2.768,1.888,2.6693,36.2999,44.8143,34.1976,44.8143,40.6815,38.7042,40.976,44.9306,15.3555,8.7085,40.274,24.1546,2.1876,2.8607,-0.6731,25.9571,23.8536,2.1035,53.7232,43.3319,10.3912,6.1843,2.1035,4.0808,44.4678,9.2554,0.3252,3.4077,1.3042,0.4628,4.0808,-0.6731,0.3252
2026-09-28,24.3206,50,29.6516,50,26.3763,21.324,39.6864,50,20.5729,78.3854,472.1858,715.7156,532,-3.1345,-5.88,46,109,23,6,572,1690,730,1532,988,1274,61,108,60.4,39.6,60,155,149,0.6438,0.3308,0.7113,2.5105,2.5523,74,225,75,225,-6.2709,2.1254,3.7631,2.0508,3.5807,23.1707,39.6864,24.3206,39.6864,26.3598,27.6569,33.8494,41.7155,10.7113,21.6736,28.9063,43.4363,2.3013,3.9331,-1.6318,22.8033,26.6109,-3.8075,51.6318,44.8117,6.8201,3.0962,9.4142,-6.318,32.5105,6.1506,0.3881,2.5105,2.5523,0.7113,-6.318,-1.6318,0.3881
2026-09-29,25.5073,50,29.6711,50,26.697,21.2386,38.8733,50,39.8112,59.1471,603.0162,435.3158,230,-4.4461,-6.0507,89,47,17,5,612,1649,734,1527,972,1289,40,165,,,,,,,,0.6303,2.0168,3.2773,136,106,139,111,1.1706,1.3996,5.7733,1.3672,5.5664,24.3177,38.8733,25.5073,38.8733,27.479,28.9076,33.7395,41.4706,14.7899,15.1261,38.6364,29.4444,1.5126,6.2605,-4.7479,22.605,27.479,-4.8739,51.1765,45.4202,5.7563,5.7143,4.4538,1.2605,30.3782,2.521,0.7596,2.0168,3.2773,0.6303,1.2605,-4.7479,0.7596
2026-09-30,26.5335,50,30.0035,50,26.6737,20.6099,39.1167,50,47.3958,51.5625,468.7198,464.4486,183,-3.7578,-5.4721,88,48,10,5,630,1630,732,1528,972,1288,63,83,,,,,,,,0.7155,1.8098,3.83,137,92,139,100,1.6304,2.2082,2.9092,2.1159,2.8971,26.8139,39.1167,26.5335,39.1167,30.4714,30.303,34.4697,41.6667,19.5707,9.638,29.4624,40.1747,2.5673,3.3249,-0.7576,22.4747,27.4832,-5.0084,51.7677,45.4966,6.271,5.766,3.8721,1.8939,33.6279,2.862,0.4732,1.8098,3.83,0.7155,1.8939,-0.7576,0.4732
2026-10-01,20.6655,50,25.324,50,29.6322,18.1086,36.1471,50,23.9583,75,479.2175,388.3367,458,-3.364,-5.8758,46,106,10,6,485,1776,622,1639,901,1360,45,214,,,,,,,,0.8831,1.5559,4.4575,73,209,76,215,-5.811,1.5762,7.4956,1.5625,7.1615,19.0543,36.1471,20.6655,36.1471,21.1522,23.2128,28.9739,38.4777,9.8823,35.5761,31.0638,24.7045,1.598,7.9899,-6.3919,20.2271,30.0673,-9.8402,50.3364,46.9302,3.4062,3.0698,8.7889,-5.7191,16.4003,1.8082,0.6758,1.5559,4.4575,0.8831,-5.7191,-6.3919,0.6758
2026-10-05,21.2343,50,26.2901,50,30.2301,18.0962,37.0642,50,,,419.355,415.5953,230,-5.6098,-5.8776,99,69,9,7,504,1758,645,1617,926,1336,43,90,62.475,37.525,60,126,169,0.6135,0.3638,0.9631,1.6332,5.737,149,134,,,,1.4993,3.1381,,,21.304,37.0642,21.2343,37.0642,23.7018,23.9112,30.1508,38.9447,19.4724,12.8978,32.043,43.5065,1.675,3.5176,-1.8425,20.0168,30.6951,-10.6784,49.7906,47.4456,2.3451,6.2395,5.6114,0.6281,29.1876,2.0519,0.3489,1.6332,5.737,0.9631,0.6281,-1.8425,0.3489
2026-10-06,29.0311,50,30.0105,50,28.4015,20.3917,39.1396,50,70.2148,28.7435,390.8078,490.7759,78,-7.43,-5.3225,202,23,21,5,703,1559,749,1513,976,1286,56,57,,,,,,,,0.8824,2.479,2.479,293,43,296,48,10.3592,1.9587,1.9937,1.888,2.0182,35.7817,39.1396,29.0311,39.1396,38.4454,32.6891,34.3277,41.4706,25.7143,5.9664,47.8758,30.2817,2.2269,2.1429,0.084,21.5546,29.5378,-7.9832,51.4706,46.0924,5.3782,12.3109,1.8067,10.5042,40.1681,2.437,0.365,2.479,2.479,0.8824,10.5042,0.084,0.365
