date,time,group,current price,market cap,category,sector,industry,% change,volume
2026-09-04,15:29,AAVAS,1304.2,10340.7125,midcap,financials,finance - housing,0.4931,60456
2026-09-04,15:29,ABBOTINDIA,26065,55386.3057,largecap,healthcare,pharmaceuticals - multinational,0.4625,8803
2026-09-04,15:29,ABLBL,86.07,10505.0298,midcap,consumer discretionary,textiles - products,3.0902,852050
2026-09-04,15:29,ABREL,1373.6,15342.5186,midcap,realty,construction,-0.2397,68679
2026-09-04,15:29,ACEINTEG,17.83,18.1866,smallcap,miscellaneous,diversified - medium / small,4.7591,17975
2026-09-04,15:29,AERONEU,80.57,207.8384,smallcap,industrials,packaging,2.0003,80348
2026-09-04,15:29,AFFLE,1616.5,22759.7355,largecap,i.t,computers - software - medium / small,6.4047,3213241
2026-09-04,15:29,AIRAN,15.44,193.0309,smallcap,i.t,computers - software - medium / small,4.3243,208770
2026-09-04,15:29,AKCAPIT,1736.9,1146.354,smallcap,financials,finance & investments,2.3271,674
2026-09-04,15:29,ALLTIME,206.08,1349.9843,smallcap,plastic products,plastics products,3.1535,171524
2026-09-04,15:29,AMBUJACEM,405,100635.096,largecap,building materials,cement - north india,0,807422
2026-09-04,15:29,ANGELONE,299.8,27387.2984,largecap,financials,finance & investments,4.8252,29274355
2026-09-04,15:29,APCL,101.42,297.9189,smallcap,building materials,cement - south india,1.3187,4976
2026-09-04,15:29,AQYLON,22.46,569.8788,smallcap,media,entertainment / electronic media software,4.0296,555317
2026-09-04,15:29,ASALCBR,706.35,1418.2943,smallcap,fmcg,breweries & distilleries,1.4798,14302
2026-09-04,15:29,ASTAR,585,936.3978,smallcap,consumer discretionary,diamond cutting / jewellery,1.1236,9
2026-09-04,15:29,ASTRAMICRO,1729,16415.9919,midcap,aerospace & defence,telecommunications - equipment,3.8376,502645
2026-09-04,15:29,BAGFILMS,4.51,98.2811,smallcap,media,entertainment / electronic media software,4.3981,225253
2026-09-04,15:29,BANKA,79,86.3623,smallcap,miscellaneous,miscellaneous,4.9555,5253
2026-09-04,15:29,BCPL,68.45,114.4733,smallcap,realty,engineering - turnkey services,1.0034,15587
2026-09-04,15:29,BGRENERGY,246.26,1777.0506,smallcap,realty,engineering - turnkey services,3.2796,42914
2026-09-04,15:29,BLUECOAST,23.49,46.2273,smallcap,services,hotels,1.4249,892
2026-09-04,15:29,BORANA,307.6,819.6093,smallcap,textiles,textiles - processing,2.4139,11240
2026-09-04,15:29,BRIGHOTEL,59.19,2248.2881,smallcap,services,hotels,0.4071,84277
2026-09-04,15:29,BUTTERFLY,624.85,1117.2037,smallcap,consumer discretionary,domestic appliances,1.8334,11660
2026-09-04,15:29,CAMS,748.8,18585.57,midcap,financials,miscellaneous,0.1873,469646
2026-09-04,15:29,CANFINHOME,807.4,10750.9017,midcap,financials,finance - housing,0.3044,222474
2026-09-04,15:29,CAPILLARY,490.05,3894.5245,smallcap,i.t,computers - software - medium / small,2.0831,109289
2026-09-04,15:29,CERA,5787.5,7464.4519,midcap,building materials,ceramics - tiles / sanitaryware,1.8299,19476
2026-09-04,15:29,CHEMPLASTS,170.29,2692.4479,smallcap,chemicals,chemicals,1.9517,198762
2026-09-04,15:29,CHOLAHLDNG,1525.7,28649.2074,largecap,financials,finance & investments,1.5238,77666
2026-09-04,15:29,COROMANDEL,1938.8,57197.7872,largecap,chemicals,fertilizers,0.3883,143726
2026-09-04,15:29,CURAA,72.46,71.7354,smallcap,i.t,computers - software - medium / small,9.4562,2020
2026-09-04,15:29,DBL,401,6514.0378,midcap,realty,construction,0.6147,58236
2026-09-04,15:29,DCMFINSERV,5.2,11.505,smallcap,financials,finance & investments,2.1611,5995
2026-09-04,15:29,DENTA,275.35,735.1845,smallcap,realty,construction,1.8306,56286
2026-09-04,15:29,DHANBANK,31.86,1257.5105,smallcap,bank,banks - private sector,0.4414,349043
2026-09-04,15:29,DIGITIDE,97.01,1446.5239,smallcap,i.t,computers - software - medium / small,1.5599,263762
2026-09-04,15:29,ELCIDIN,107590,2151.8,smallcap,financials,finance & investments,1.0235,12
2026-09-04,15:29,ELPROINTL,174,2948.9369,smallcap,realty,construction,-0.2522,3631
2026-09-04,15:29,ERIS,1321.7,18315.9189,midcap,healthcare,pharmaceuticals - indian - formulations,1.3962,69111
2026-09-04,15:29,GMRAIRPORT,97.45,102897.2207,largecap,miscellaneous,miscellaneous,0.5987,9286457
2026-09-04,15:29,GMRP&UI,95.3,7443.0971,midcap,realty,engineering - turnkey services,3.9372,1966833
2026-09-04,15:29,GODFRYPHLP,2051,31991.859,largecap,fmcg,cigarettes,0.2934,100359
2026-09-04,15:29,GODREJIND,1163.5,39187.2434,largecap,chemicals,chemicals,0.797,60778
2026-09-04,15:29,GOKEX,789.2,5782.7547,midcap,consumer discretionary,textiles - products,2.8073,472178
2026-09-04,15:29,GOODYEAR,741.5,1710.3815,smallcap,auto,tyres,0.6516,2498
2026-09-04,15:29,GPTINFRA,112.1,1416.5472,smallcap,realty,construction,1.1003,108936
2026-09-04,15:29,GRMOVER,87.53,1813.7091,smallcap,fmcg,food - processing - indian,2.0044,1151167
2026-09-04,15:29,GROWW,194,121707.7746,largecap,financials,finance & investments,1.9764,44702306
2026-09-04,15:29,HARRMALAYA,192.72,355.6726,smallcap,fmcg,miscellaneous,0.795,7134
2026-09-04,15:29,HBLENGINE,695.75,19285.8384,midcap,auto,auto ancillaries,4.5376,14312325
2026-09-04,15:29,HDFCLIFE,546.4,118704.033,largecap,financials,finance & investments,2.418,6016219
2026-09-04,15:29,HESTERBIO,2405.3999,2046.2413,smallcap,healthcare,pharmaceuticals - indian - formulations,9.2519,93542
2026-09-04,15:29,HGS,399.25,1857.3224,smallcap,i.t,computers - software - medium / small,1.5903,9933
2026-09-04,15:29,HLVLTD,6.48,427.2004,smallcap,services,hotels,1.092,143901
2026-09-04,15:29,HPL,304.15,1955.6993,smallcap,industrials,electric equipment,0.2968,97614
2026-09-04,15:29,HSCL,671.05,33857.264,largecap,chemicals,chemicals,1.3671,2597175
2026-09-04,15:29,IDEAFORGE,777.05,3860.8193,smallcap,aerospace & defence,engineering,0.0644,208626
2026-09-04,15:29,IFBIND,1305.7,5290.5392,midcap,consumer discretionary,domestic appliances,-0.465,19145
2026-09-04,15:29,IKS,1759.9,30195.1603,largecap,i.t,computers - software - medium / small,1.5874,220451
2026-09-04,15:29,INA,90.24,1988.8411,smallcap,industrials,electric equipment,1.3591,481868
2026-09-04,15:29,INCREDIBLE,32.54,152.1692,smallcap,metals & mining,steel - medium / small,1.2761,5276
2026-09-04,15:29,INDUSINDBK,1008.5,78575.538,largecap,bank,banks - private sector,0.3682,1321066
2026-09-04,15:29,ITCHOTELS,161.23,33583.827,largecap,services,hotels,0.6115,2050484
2026-09-04,15:29,ITI,272.5,26237.7161,largecap,aerospace & defence,telecommunications - equipment,1.5087,264152
2026-09-04,15:29,IXIGO,166.75,7314.8074,midcap,i.t,travel agencies,2.8369,3400102
2026-09-04,15:29,JAICORPLTD,99.52,1746.6257,smallcap,plastic products,plastics products,0.3732,246316
2026-09-04,15:29,JASH,478.5,3023.8195,smallcap,industrials,engineering,3.0917,280288
2026-09-04,15:29,JSWCEMENT,124.07,16915.2688,midcap,building materials,cement - north india,0.5674,1203964
2026-09-04,15:29,JWL,243.24,10395.3573,midcap,industrials,engineering,0.8918,1056588
2026-09-04,15:29,KAVDEFENCE,67.14,403.6743,smallcap,aerospace & defence,telecommunications - equipment,19.5726,1505543
2026-09-04,15:29,KERNEX,1817,3053.2181,smallcap,consumer discretionary,electronics - components,6.2822,852400
2026-09-04,15:29,KOKUYOCMLN,80.61,808.549,smallcap,miscellaneous,printing & stationery,2.7664,40527
2026-09-04,15:29,KOTYARK,33.76,381.7253,smallcap,energy,refineries,4.9751,133703
2026-09-04,15:29,LANDMARK,510.15,2115.3324,smallcap,consumer discretionary,trading,2.4398,79884
2026-09-04,15:29,LAOPALA,173.9,1930.29,smallcap,building materials,glass & glass products,1.3699,75699
2026-09-04,15:29,LAXMICOT,13.73,23.5438,smallcap,textiles,textiles - cotton/blended,8.0252,72640
2026-09-04,15:29,LLOYDSENT,74.23,11331.5951,midcap,services,trading,3.1402,3684805
2026-09-04,15:29,MADRASFERT,65.12,1049.0917,smallcap,chemicals,fertilizers,-0.0153,26810
2026-09-04,15:29,MASFIN,295,5352.8746,midcap,financials,finance & investments,0.7858,69659
2026-09-04,15:29,MASKINVEST,148.64,45.3575,smallcap,financials,finance & investments,3.5458,22
2026-09-04,15:29,MGL,1096.6,10831.9711,midcap,energy,miscellaneous,2.832,288338
2026-09-04,15:29,MONEYBOXX,58.8,410.4781,smallcap,financials,finance & investments,2.7613,92042
2026-09-04,15:29,MONIFTY100,25.32,17.7858,smallcap,indices,indices,0.5959,23737
2026-09-04,15:29,MTEDUCARE,1.77,12.7844,smallcap,services,miscellaneous,4.7337,30604
2026-09-04,15:29,MTNL,26.55,1672.65,smallcap,telecom,telecommunications - service provider,0.492,518060
2026-09-04,15:29,NAGREEKEXP,24.1,75.3107,smallcap,textiles,textiles - cotton/blended,13.1455,411783
2026-09-04,15:29,NBCC,86.6,23382,largecap,miscellaneous,miscellaneous,0.1156,2548390
2026-09-04,15:29,NDTV,74.27,837.9492,smallcap,media,entertainment / electronic media software,5.109,236637
2026-09-04,15:29,NETWORK18,28.38,4376.1961,smallcap,media,entertainment / electronic media software,3.0127,3493333
2026-09-04,15:29,NIPPOBATRY,331.75,248.8125,smallcap,industrials,dry cells,2.392,2225
2026-09-04,15:29,NTPC,332.5,322414.149,largecap,power & utilities,power generation and supply,0.4835,7032282
2026-09-04,15:29,OMINFRAL,84.43,813.0931,smallcap,realty,engineering - turnkey services,2.1166,68243
2026-09-04,15:29,ORIENTCEM,129.68,2664.4036,smallcap,building materials,cement - south india,0.934,118199
2026-09-04,15:29,OSWALPUMPS,279.2,3183.0167,smallcap,industrials,pumps,-0.1252,858028
2026-09-04,15:29,PFC,355.6,117351.6186,largecap,financials,finance - term-lending institutions,2.9233,19206290
2026-09-04,15:29,PILITA,8.02,188.47,smallcap,plastic products,plastics products,0.8805,40149
2026-09-04,15:29,POWERICA,525.05,6644.6063,midcap,industrials,electric equipment,2.3589,291923
2026-09-04,15:29,PPL,262,626.6609,smallcap,plastic products,plastics products,1.7871,23505
2026-09-04,15:29,PRIMO,21.27,515.464,smallcap,chemicals,chlor alkali / soda ash,2.853,157678
2026-09-04,15:29,PSB,23.23,16483.0445,midcap,bank,banks - public sector,0.7809,1431638
2026-09-04,15:29,QUICKHEAL,140.94,764.7193,smallcap,i.t,computers - software - medium / small,2.7709,56701
2026-09-04,15:29,RAJOOENG,51.59,921.7858,smallcap,industrials,engineering,4.9858,412844
2026-09-04,15:29,RAYMONDREL,529.15,3522.749,smallcap,realty,construction,-1.4159,936640
2026-09-04,15:29,RCOM,0.81,224.0082,smallcap,telecom-service,telecommunications - service provider,2.5316,3829914
2026-09-04,15:29,RELTD,161.37,3203.9917,smallcap,industrials,electric equipment,1.3949,124230
2026-09-04,15:29,RICOAUTO,130.46,1764.9281,smallcap,auto,auto ancillaries,3.1386,1119592
2026-09-04,15:29,RITES,215.8,10371.4294,midcap,miscellaneous,miscellaneous,0.9449,278299
2026-09-04,15:29,RKSWAMY,94.25,475.748,smallcap,media,miscellaneous,2.4457,16462
2026-09-04,15:29,ROTO,65.03,1225.4621,smallcap,industrials,pumps,1.9918,233711
2026-09-04,15:29,RSSOFTWARE,30.61,79.0693,smallcap,i.t,computers - software - medium / small,2.3404,50380
2026-09-04,15:29,RUBFILA,70.69,383.6172,smallcap,fmcg,miscellaneous,6.4288,76949
2026-09-04,15:29,SAGARDEEP,23.62,40.2896,smallcap,metals & mining,mining / minerals / metals,-0.5892,5256
2026-09-04,15:29,SAKUMA,1.62,253.9704,smallcap,services,trading,2.5316,721220
2026-09-04,15:29,SAMHI,153.99,3420.6528,smallcap,services,hotels,0.9175,397845
2026-09-04,15:29,SANATHAN,456.2,3850.5132,smallcap,textiles,textiles - cotton/blended,5.3458,330832
2026-09-04,15:29,SAREGAMA,492.75,9500.6876,midcap,media,entertainment / electronic media software,-0.1823,353123
2026-09-04,15:29,SBILIFE,1775,178075.1948,largecap,financials,finance & investments,3.4985,1720166
2026-09-04,15:29,SHRENIK,0.29,17.748,smallcap,building materials,trading,0,346855
2026-09-04,15:29,SINTERCOM,80.8,222.4248,smallcap,auto,auto ancillaries,1.4948,10325
2026-09-04,15:29,SJVN,65.23,25634.0539,largecap,power & utilities,power generation and supply,0.3847,1260938
2026-09-04,15:29,SMLT,65.59,89.7911,smallcap,metals & mining,steel - medium / small,1.5482,7074
2026-09-04,15:29,SPCENET,3.41,193.5979,smallcap,services,trading,5.2469,1308892
2026-09-04,15:29,STARCEMENT,190.19,7687.1074,midcap,building materials,cement - north india,3.1008,192236
2026-09-04,15:29,STCINDIA,115.28,691.68,smallcap,services,trading,0.5495,60350
2026-09-04,15:29,SUNTV,470.9,18557.4448,midcap,media,entertainment / electronic media software,1.0732,846938
2026-09-04,15:29,SUVIDHAA,2.42,50.7732,smallcap,i.t,miscellaneous,17.4757,651333
2026-09-04,15:29,TATVA,1678.5,3926.3564,smallcap,chemicals,chemicals,5.156,85803
2026-09-04,15:29,TECHNOE,979.5,11391.5433,midcap,realty,engineering - turnkey services,0.6008,82871
2026-09-04,15:29,THACKER,1050,114.2105,smallcap,miscellaneous,diversified - medium / small,4.7904,38
2026-09-04,15:29,TMPV,311.5,114712.4574,largecap,auto,automobiles - passenger cars,-0.1603,4010174
2026-09-04,15:29,TOUCHWOOD,62.81,69.6013,smallcap,media,miscellaneous,6.098,1237
2026-09-04,15:29,TREEHOUSE,6.29,26.6134,smallcap,services,miscellaneous,1.1254,26470
2026-09-04,15:29,TRITURBINE,577.3,18352.0771,midcap,industrials,electric equipment,0.9795,254725
2026-09-04,15:29,UNITECH,4.08,1067.4508,smallcap,realty,construction,9.973,14406516
2026-09-04,15:29,VARDHACRLC,43.59,350.3056,smallcap,textiles,textiles - manmade,0.7395,13445
2026-09-04,15:29,VIKRAN,60.77,1567.3253,smallcap,realty,transmisson line towers / equipment,5.3571,1930821
2026-09-04,15:29,VIVIDHA,0.52,15.2204,smallcap,services,trading,4,80310
2026-09-04,15:29,WIPL,167.99,142.5788,smallcap,building materials,miscellaneous,1.4371,16
2026-09-04,15:29,YESBANK,22.5,70620.215,largecap,bank,banks - private sector,-0.1775,31739702
2026-09-07,15:29,ABFRL,53.21,6465.1908,midcap,consumer discretionary,textiles - products,0.4531,10440736
2026-09-07,15:29,AHLWEST,530,618.5045,smallcap,services,hotels,-0.1601,10
2026-09-07,15:29,AMAGI,575.15,12186.3727,midcap,i.t,computers - software - medium / small,2.1037,399014
2026-09-07,15:29,APLLTD,799.55,15886.2317,midcap,healthcare,pharmaceuticals - indian - bulk drugs & formln,-1.0703,171275
2026-09-07,15:29,APOLLOHOSP,8760,124373.7283,largecap,healthcare,healthcare,1.2717,303793
2026-09-07,15:29,ARKADE,124.82,2324.8798,smallcap,realty,construction,-0.3194,121170
2026-09-07,15:29,ATAM,54.27,60.7424,smallcap,industrials,engineering,2.4155,17563
2026-09-07,15:29,BAJAJHFL,84.04,69225.036,largecap,financials,finance - housing,1.1555,3878435
2026-09-07,15:29,BAYERCROP,3987.3999,17931.4453,midcap,chemicals,pesticides / agrochemicals - multinational,-0.0627,7323
2026-09-07,15:29,BBOX,774.25,12649.5034,midcap,i.t,computers - software - medium / small,8.7048,1254584
2026-09-07,15:29,BHARATSE,227.65,1329.4132,smallcap,auto,auto ancillaries,7.5393,737108
2026-09-07,15:29,BHARTIHEXA,1528.7,74770,largecap,telecom-service,telecommunications - service provider,2.2268,83814
2026-09-07,15:29,COMPUSOFT,13.16,103.021,smallcap,i.t,computers - education,1.0753,32153
2026-09-07,15:29,DBEIL,7.5,299.5149,smallcap,realty,construction,16.6407,3371577
2026-09-07,15:29,DCXINDIA,173.67,1880.537,smallcap,aerospace & defence,electronics - components,2.8668,1095598
2026-09-07,15:29,DPWIRES,155.98,239.6679,smallcap,metals & mining,steel - medium / small,0.8796,5544
2026-09-07,15:29,DSSL,1040.4,1341.3419,smallcap,i.t,computers - software - medium / small,-1.206,51125
2026-09-07,15:29,EASEMYTRIP,6.01,2390.7911,smallcap,i.t,travel agencies,0.1667,7840157
2026-09-07,15:29,ENRIN,3121.8999,110956.4657,largecap,power & utilities,power generation and supply,0.199,441448
2026-09-07,15:29,GOLDTECH,47.93,245.8397,smallcap,i.t,computers - software - medium / small,1.892,16616
2026-09-07,15:29,GOODLUCK,479.75,4715.5473,smallcap,metals & mining,steel - medium / small,1.4485,644419
2026-09-07,15:29,GRANDOAK,35.86,1807.7903,smallcap,financials,finance & investments,2.9277,1194
2026-09-07,15:29,GRAVITA,1676.9,12264.0122,midcap,metals & mining,mining / minerals / metals,0.9208,120216
2026-09-07,15:29,GREENPOWER,9.23,1088.5734,smallcap,power & utilities,power generation and supply,-0.5388,1873150
2026-09-07,15:29,GTLINFRA,1.2,1485.857,smallcap,telecom,transmisson line towers / equipment,3.4483,69809746
2026-09-07,15:29,HYBRIDFIN,17.19,49.0703,smallcap,financials,finance & investments,3.1194,10009
2026-09-07,15:29,IBULLSLTD,25.7,5979.9384,midcap,miscellaneous,diversified - medium / small,0.1169,8153717
2026-09-07,15:29,INNOVANA,301.65,630.5432,smallcap,i.t,computers - software - medium / small,-1.1632,822
2026-09-07,15:29,ISHANCH,44.3,120.9312,smallcap,chemicals,dyes and pigments,0.0226,22763
2026-09-07,15:29,JAGRAN,61.81,1327.2558,smallcap,media,entertainment / electronic media software,1.3611,252138
2026-09-07,15:29,JAINREC,281.35,9591.6602,midcap,metals & mining,mining / minerals / metals,1.2232,1350135
2026-09-07,15:29,JPPOWER,16.79,11164.2844,midcap,power & utilities,power generation and supply,3.0694,91476432
2026-09-07,15:29,KANSAINER,194.28,15705.235,midcap,building materials,paints / varnishes,0.0412,142743
2026-09-07,15:29,KAUSHALYA,874.9,29.436,smallcap,services,hotels,2.9294,50
2026-09-07,15:29,KESORAMIND,11.11,338.6234,smallcap,miscellaneous,miscellaneous,1.9266,293437
2026-09-07,15:29,KRITI,62.47,324.6074,smallcap,plastic products,plastics products,1.4123,17485
2026-09-07,15:29,MFML,18.62,19.7431,smallcap,textiles,textiles - products,0.1614,3340
2026-09-07,15:29,MITTAL,0.92,35.52,smallcap,textiles,trading,15,11585530
2026-09-07,15:29,MOBIKWIK,194.24,1512.8858,smallcap,i.t,miscellaneous,1.1035,796100
2026-09-07,15:29,MODINATUR,344.8,453.6816,smallcap,fmcg,solvent extraction,1.1292,4172
2026-09-07,15:29,MODIS,383.05,746.1309,smallcap,realty,construction,0.5777,26315
2026-09-07,15:29,MUFTI,74,491.9598,smallcap,consumer discretionary,trading,-1.635,62838
2026-09-07,15:29,MUKANDLTD,136.9,1942.5983,smallcap,metals & mining,steel - medium / small,1.8298,94829
2026-09-07,15:29,NKIND,57.21,34.3165,smallcap,fmcg,solvent extraction,0.1926,1387
2026-09-07,15:29,PASHUPATI,81.34,1293.341,smallcap,textiles,textiles - cotton/blended,-0.7323,587440
2026-09-07,15:29,PFS,27.39,1730.3113,smallcap,financials,finance & investments,1.6704,499077
2026-09-07,15:29,PIONEEREMB,21.74,65.8218,smallcap,textiles,textiles - products,1.779,6135
2026-09-07,15:29,RAMASTEEL,4.1,657.6885,smallcap,metals & mining,steel - medium / small,1.99,1943527
2026-09-07,15:29,RECLTD,316.4,83920.8489,largecap,financials,finance - term-lending institutions,-0.7217,3769684
2026-09-07,15:29,RELINFRA,58.16,2330.0151,smallcap,realty,engineering - turnkey services,1.9993,79789
2026-09-07,15:29,RMC,233.31,247.0118,smallcap,industrials,electric equipment,-0.0985,68499
2026-09-07,15:29,ROHLTD,303.9,818.7798,smallcap,services,hotels,1.792,30726
2026-09-07,15:29,ROML,43.01,67.1525,smallcap,fmcg,solvent extraction,2.4048,4076
2026-09-07,15:29,RVHL,40.2,244.3218,smallcap,realty,construction,0.9036,13726
2026-09-07,15:29,SALZERELEC,551.1,972.0201,smallcap,industrials,electric equipment,0.2547,28522
2026-09-07,15:29,SEYAIND,12.41,32.5489,smallcap,chemicals,chemicals,1.3061,7414
2026-09-07,15:29,SIGNPOST,269.5,1305.5162,smallcap,miscellaneous,miscellaneous,10.3378,3876593
2026-09-07,15:29,STYLAMIND,3370.7,5740.9858,midcap,building materials,miscellaneous,-0.493,48594
2026-09-07,15:29,SUKHJITS,160.55,493.2178,smallcap,fmcg,miscellaneous,1.704,27049
2026-09-07,15:29,TNTELE,8.97,40.5647,smallcap,industrials,cables - telephone,1.0135,18897
2026-09-07,15:29,TORNTPHARM,4914,184744.6677,largecap,healthcare,pharmaceuticals - indian - formulations,1.1736,229459
2026-09-07,15:29,TVSHLTD,13748,27058.4159,largecap,financials,finance & investments,2.7965,26789
2026-09-07,15:29,UTIAMC,889.95,11317.2986,midcap,financials,finance & investments,1.0675,64072
2026-09-07,15:29,V2RETAIL,222.42,7894.403,midcap,consumer discretionary,textiles - products,2.7344,3160103
2026-09-07,15:29,VESUVIUS,419.55,8507.1019,midcap,building materials,refractories / intermediates,0.0954,70358
2026-09-07,15:29,WALCHANNAG,223.36,1415.2532,smallcap,industrials,engineering,7.0706,2190611
2026-09-07,15:29,WEALTH,839.25,896.8314,smallcap,financials,finance & investments,-0.2911,1513
2026-09-07,15:29,WEWORK,675.35,9243.2769,midcap,co-working,miscellaneous,1.2595,160167
2026-09-07,15:29,ZSARACOM,11706,1238.6178,smallcap,financials,finance & investments,3.5746,54
2026-09-08,15:29,ADANIENT,2953.1001,399348.167,largecap,services,trading,0.1051,971374
2026-09-08,15:29,AFFORDABLE,164.23,189.6532,smallcap,industrials,engineering,2.6245,38881
2026-09-08,15:29,AHLADA,36.3,47.5493,smallcap,metals & mining,steel - medium / small,-1.3587,14208
2026-09-08,15:29,ASHAPURMIN,549.35,5140.737,midcap,metals & mining,mining / minerals / metals,2.0812,373033
2026-09-08,15:29,ASTEC,662.8,1230.7916,smallcap,chemicals,pesticides / agrochemicals - indian,19.9964,1270916
2026-09-08,15:29,ATLASCYCLE,113.03,61.4548,smallcap,consumer discretionary,cycles and accessories,19.6211,1077562
2026-09-08,15:29,AUTOIND,87.03,384.4658,smallcap,auto,auto ancillaries,2.7145,227265
2026-09-08,15:29,AVANTEL,156.44,4164.7519,smallcap,aerospace & defence,telecommunications - equipment,-0.1914,942769
2026-09-08,15:29,AVANTIFEED,837.15,10716.4,midcap,fmcg,food - processing - indian,6.4332,1080144
2026-09-08,15:29,AVROIND,8.58,114.0457,smallcap,plastic products,plastics products,0.9412,820338
2026-09-08,15:29,BANDHANBNK,171.58,26534.4547,largecap,bank,banks - private sector,4.1773,20828794
2026-09-08,15:29,BCPL,71.04,114.373,smallcap,realty,engineering - turnkey services,3.8748,72707
2026-09-08,15:29,BHAGYANGR,392.05,1250.7568,smallcap,power & utilities,power generation and supply,4.9946,194589
2026-09-08,15:29,BLUEJET,581.5,10770.7338,midcap,healthcare,pharmaceuticals - indian - bulk drugs & formln,2.1879,529236
2026-09-08,15:29,BOHRAIND,13,26.4864,smallcap,chemicals,fertilizers,3.9169,17513
2026-09-08,15:29,BUTTERFLY,614.55,1099.4136,smallcap,consumer discretionary,domestic appliances,-0.0569,20105
2026-09-08,15:29,CEINSYS,702.2,1483.9567,smallcap,i.t,computers - software - medium / small,-0.9242,48187
2026-09-08,15:29,CENTRUM,22.57,1093.9052,smallcap,financials,finance & investments,0.445,122608
2026-09-08,15:29,CIFL,20.16,777.811,smallcap,financials,finance & investments,1.3575,309086
2026-09-08,15:29,CRIZAC,171.94,2837.3412,smallcap,services,miscellaneous,6.0376,1555453
2026-09-08,15:29,DEVX,33.75,312.2855,smallcap,co-working,miscellaneous,2.2727,85260
2026-09-08,15:29,DJML,76.08,269.7209,smallcap,miscellaneous,diversified - medium / small,1.3454,156457
2026-09-08,15:29,ELIN,98.42,477.9044,smallcap,consumer discretionary,electronics - components,2.3715,349113
2026-09-08,15:29,EMPOWER,2.01,224.6131,smallcap,services,trading,4.1451,19565972
2026-09-08,15:29,ESCORTS,3013.2,33086.727,largecap,auto,automobiles - tractors,1.8868,65334
2026-09-08,15:29,EUROBOND,154.63,369.411,smallcap,metals & mining,aluminium and aluminium products,2.5534,2142
2026-09-08,15:29,EVEREADY,348.85,2377.9637,smallcap,industrials,dry cells,6.633,421499
2026-09-08,15:29,EXCELSOFT,69.06,785.5645,smallcap,i.t,computers - software - medium / small,1.172,244261
2026-09-08,15:29,FILATFASH,0.18,150.0133,smallcap,textiles,textiles - products,0,9975185
2026-09-08,15:29,FINOPB,139.97,1155.9036,smallcap,bank,banks - private sector,0.7703,223021
2026-09-08,15:29,FINPIPE,157.86,9751.415,midcap,plastic products,plastics products,0.4454,256537
2026-09-08,15:29,GABRIEL,1389.6,24165.3136,largecap,auto,auto ancillaries,1.9142,196279
2026-09-08,15:29,GANECOS,1040.4,2652.8024,smallcap,textiles,textiles - manmade,5.0909,156348
2026-09-08,15:29,GILLETTE,7530.5,24049.5194,largecap,fmcg,personal care - multinational,2.0324,40115
2026-09-08,15:29,GMRAIRPORT,97,101302.8153,largecap,miscellaneous,miscellaneous,1.1049,8949771
2026-09-08,15:29,GRMOVER,88.17,1777.8618,smallcap,fmcg,food - processing - indian,2.7622,1436766
2026-09-08,15:29,GRWRHITECH,6975.5,16149.9987,midcap,industrials,packaging,0.3452,21656
2026-09-08,15:29,GVKPIL,2.13,330.055,smallcap,realty,engineering - turnkey services,1.9139,629903
2026-09-08,15:29,HIRECT,1281.4,4297.2283,smallcap,consumer discretionary,electronics - components,5.7348,252304
2026-09-08,15:29,HPIL,122,139.2256,smallcap,chemicals,dyes and pigments,0.1067,198
2026-09-08,15:29,IDEAFORGE,775.2,3803.184,smallcap,aerospace & defence,engineering,1.2738,409710
2026-09-08,15:29,INDHOTEL,720,101946.2161,largecap,services,hotels,0.5306,996891
2026-09-08,15:29,INDOFARM,144.16,632.5993,smallcap,miscellaneous,diversified - medium / small,9.5025,2435816
2026-09-08,15:29,INDOUS,78.85,157.8894,smallcap,fmcg,miscellaneous,0.1397,13629
2026-09-08,15:29,ITC,263.5,330151.4879,largecap,fmcg,cigarettes,0,7406617
2026-09-08,15:29,JITFINFRA,306.5,773.6816,smallcap,miscellaneous,miscellaneous,1.8272,11991
2026-09-08,15:29,JYOTISTRUC,10.42,1212.7585,smallcap,industrials,transmisson line towers / equipment,2.5591,14533173
2026-09-08,15:29,KEYFINSERV,250.25,138.3866,smallcap,financials,finance & investments,0.6637,624
2026-09-08,15:29,KIMS,764.5,32111.5957,largecap,healthcare,healthcare,-0.0065,737239
2026-09-08,15:29,KIRLOSBROS,1853.3,14550.8916,midcap,industrials,pumps,1.1406,15551
2026-09-08,15:29,LFIC,139.65,40.377,smallcap,financials,finance & investments,3.7596,4098
2026-09-08,15:29,MADRASFERT,64.37,1040.07,smallcap,chemicals,fertilizers,-0.2943,63088
2026-09-08,15:29,MAHESHWARI,72.49,210.2881,smallcap,services,trading,2.0267,3129
2026-09-08,15:29,MCCHRLS-B,670,890.7405,smallcap,realty,miscellaneous,-1.4561,165
2026-09-08,15:29,MOIL,251.49,5030.5614,midcap,metals & mining,mining / minerals / metals,1.7272,793529
2026-09-08,15:29,NEUEON,12.03,666.0948,smallcap,services,trading,2.1222,37465
2026-09-08,15:29,NIRLON,619.65,5543.6112,midcap,realty,construction,0.7315,10847
2026-09-08,15:29,ORCHASP,1.36,44.6889,smallcap,i.t,computers - software - medium / small,5.4264,185912
2026-09-08,15:29,ORCHPHARMA,965.8,4803.6064,smallcap,healthcare,pharmaceuticals - indian - bulk drugs & formln,1.9744,26453
2026-09-08,15:29,PEARLPOLY,15.64,25.7574,smallcap,plastic products,trading,2.2222,3250
2026-09-08,15:29,PRAXIS,4.69,86.5885,smallcap,consumer discretionary,trading,0.6438,112712
2026-09-08,15:29,PREMIER,2.78,8.3221,smallcap,industrials,engineering,1.4599,3319
2026-09-08,15:29,PRIVISCL,3469.6001,13213.3509,midcap,chemicals,chemicals,2.572,101601
2026-09-08,15:29,RAJMET,3.25,87.0912,smallcap,metals & mining,mining / minerals / metals,3.1746,595934
2026-09-08,15:29,RAYMONDLSL,696.85,4099.551,smallcap,textiles,textiles - products,3.5592,990648
2026-09-08,15:29,RELIABLE,140.67,142.5398,smallcap,i.t,computers - software - medium / small,1.8462,53257
2026-09-08,15:29,RETAIL,17.23,13.6114,smallcap,consumer discretionary,trading,3.8577,5303
2026-09-08,15:29,ROTO,65.44,1198.326,smallcap,industrials,pumps,2.9093,1146304
2026-09-08,15:29,SAIPARENT,529.7,2281.6364,smallcap,healthcare,pharmaceuticals - indian - formulations,2.5656,63249
2026-09-08,15:29,SANWARIA,0.19,13.9859,smallcap,fmcg,food - processing - indian,0,419837
2026-09-08,15:29,SELMC,28.81,88.9004,smallcap,textiles,textiles - cotton/blended,7.3798,148529
2026-09-08,15:29,SEMAC,285.95,87.9081,smallcap,realty,engineering - turnkey services,1.4007,890
2026-09-08,15:29,SIKA,1015.15,2090.6183,smallcap,aerospace & defence,engineering,2.946,46112
2026-09-08,15:29,SPENCERS,29.41,259.3999,smallcap,consumer discretionary,trading,2.189,20201
2026-09-08,15:29,STARHEALTH,572.1,33310.5102,largecap,financials,finance & investments,1.0867,252143
2026-09-08,15:29,SWELECTES,583.8,867.6116,smallcap,industrials,electric equipment,2.0005,31409
2026-09-08,15:29,SYMPHONY,613.05,3937.6181,smallcap,consumer discretionary,domestic appliances,6.9149,4900203
2026-09-08,15:29,TDPOWERSYS,768.8,11469.5102,midcap,industrials,electric equipment,4.7197,2089519
2026-09-08,15:29,TOKYOPLAST,78.5,72.2011,smallcap,plastic products,plastics products,3.3031,669
2026-09-08,15:29,UNIINFO,11.05,11.8266,smallcap,telecom-service,telecommunications - service provider,-0.0904,4379
2026-09-08,15:29,VINATIORGA,1347.8,13465.1289,midcap,chemicals,chemicals,3.7647,165778
2026-09-08,15:29,WEBELSOLAR,75.01,3265.3435,smallcap,industrials,electric equipment,-0.2659,1637073
2026-09-08,15:29,WIPL,167.99,139.6337,smallcap,building materials,miscellaneous,2.1092,105
2026-09-09,15:29,AARON,134.5,261.8519,smallcap,industrials,engineering,7.5914,25451
2026-09-09,15:29,ABDL,604.15,16628.7685,midcap,fmcg,breweries & distilleries,1.6232,320490
2026-09-09,15:29,AGIIL,283.2,3395.554,smallcap,realty,construction,4.2518,8760571
2026-09-09,15:29,AHLUCONT,596.15,4067.1497,smallcap,realty,construction,-1.8117,63167
2026-09-09,15:29,ARKADE,122.95,2285.3335,smallcap,realty,construction,-0.1137,244733
2026-09-09,15:29,ARVINDFASN,446.05,5885.4974,midcap,services,trading,1.2944,133171
2026-09-09,15:29,ASHIMASYN,17.22,332.7219,smallcap,miscellaneous,diversified - medium / small,-0.8065,90655
2026-09-09,15:29,ASMS,6.95,210.7671,smallcap,i.t,computers - software - medium / small,0.4335,123575
2026-09-09,15:29,BIMETAL,650,234.2813,smallcap,industrials,bearings,6.1224,2520
2026-09-09,15:29,BTTL,42.29,247.2693,smallcap,textiles,textiles - products,-0.1652,5066
2026-09-09,15:29,CESC,149.67,19359.9561,midcap,power & utilities,power generation and supply,2.4786,7429488
2026-09-09,15:29,CHEMFAB,373.75,510.1227,smallcap,chemicals,chemicals,5.3114,15562
2026-09-09,15:29,CORDELIA,104.25,772.5946,smallcap,i.t,travel agencies,-2.3145,1243173
2026-09-09,15:29,CUMMINSIND,5170.5,139708.8,largecap,industrials,engines,2.5893,373017
2026-09-09,15:29,DENORA,805.75,427.8494,smallcap,industrials,electrodes - graphites,-0.0248,4503
2026-09-09,15:29,DHRUV,23,44.3818,smallcap,miscellaneous,miscellaneous,-1.7094,1944
2026-09-09,15:29,DREAMFOLKS,68.55,346.9999,smallcap,miscellaneous,miscellaneous,5.2349,175877
2026-09-09,15:29,EICHERMOT,7734.5,212666.9614,largecap,auto,automobiles - motorcycles / mopeds,-0.1678,318638
2026-09-09,15:29,EMAMIREAL,69,344.3603,smallcap,realty,construction,4.2611,19551
2026-09-09,15:29,EPACK,188.15,1803.1292,smallcap,consumer discretionary,air-conditioners,0.4109,491145
2026-09-09,15:29,FAIRCHEMOR,636.85,793.1639,smallcap,chemicals,chemicals,1.1355,8741
2026-09-09,15:29,GEMAROMA,164.83,845.5103,smallcap,chemicals,chemicals,1.8349,113076
2026-09-09,15:29,GODREJCP,863.8,88510.6563,largecap,fmcg,personal care - indian,-0.1387,1440335
2026-09-09,15:29,GRANDOAK,36.26,1793.2615,smallcap,financials,finance & investments,4.919,6576
2026-09-09,15:29,GRAVISSHO,29.66,202.1784,smallcap,services,hotels,3.4531,472614
2026-09-09,15:29,GREENPOWER,9.54,1072.1509,smallcap,power & utilities,power generation and supply,4.3764,46749101
2026-09-09,15:29,GTL,7.16,110.4223,smallcap,telecom-service,telecommunications - service provider,1.9943,254178
2026-09-09,15:29,HUHTAMAKI,267.85,1893.3349,smallcap,industrials,packaging,6.8408,970555
2026-09-09,15:29,IFGLEXPOR,214.65,1428.7425,smallcap,building materials,refractories / intermediates,8.2888,638605
2026-09-09,15:29,INDRAMEDCO,360.2,3255.7666,smallcap,healthcare,healthcare,1.4219,217284
2026-09-09,15:29,INNOVISION,280.3,600.095,smallcap,miscellaneous,miscellaneous,11.2302,1409333
2026-09-09,15:29,JSWENERGY,534.8,96532.8661,largecap,power & utilities,power generation and supply,1.5764,2167753
2026-09-09,15:29,KAMOPAINTS,4.49,146.405,smallcap,metals & mining,trading,0.8989,180943
2026-09-09,15:29,KARMAENG,37.82,43.017,smallcap,power & utilities,power generation and supply,1.7214,713
2026-09-09,15:29,KRIDHANINF,2,21.9811,smallcap,services,trading,1.5228,76574
2026-09-09,15:29,KRITIKA,5.37,141.661,smallcap,metals & mining,steel - medium / small,0.9398,179616
2026-09-09,15:29,LAXMICOT,13.16,22.3434,smallcap,textiles,textiles - cotton/blended,0.9977,10359
2026-09-09,15:29,LEMERITE,21.26,258.7223,smallcap,textiles,trading,2.8544,211782
2026-09-09,15:29,LEXUS,13.35,28.0051,smallcap,building materials,ceramics - tiles / sanitaryware,-0.8909,9261
2026-09-09,15:29,LIKHITHA,221.61,803.8727,smallcap,realty,construction,8.755,1147269
2026-09-09,15:29,LLOYDSME,1807.6,101283.8477,largecap,metals & mining,mining / minerals / metals,0.4613,188202
2026-09-09,15:29,LOTUSEYE,110.96,230.1322,smallcap,healthcare,healthcare,0.2711,4252
2026-09-09,15:29,MAHLIFE,370.1,7811.5435,midcap,realty,construction,1.0788,147985
2026-09-09,15:29,MAYURUNIQ,735.95,3217.8823,smallcap,consumer discretionary,leather / leather products,-0.6212,98651
2026-09-09,15:29,MOKSH,10.3,88.249,smallcap,consumer discretionary,diamond cutting / jewellery,3,224126
2026-09-09,15:29,MSUMI,36.72,24278.5142,largecap,auto,auto ancillaries,0.3005,9188167
2026-09-09,15:29,MUFTI,74.66,483.3278,smallcap,consumer discretionary,trading,1.0147,98309
2026-09-09,15:29,MURUDCERA,30.83,176.0656,smallcap,building materials,ceramics - tiles / sanitaryware,6.0179,50558
2026-09-09,15:29,NILAINFRA,6.8,260.7547,smallcap,realty,construction,2.719,433326
2026-09-09,15:29,NOIDATOLL,4.02,74.2918,smallcap,realty,construction,0.7519,76812
2026-09-09,15:29,OSWALPUMPS,282.75,3132.8546,smallcap,industrials,pumps,2.893,704387
2026-09-09,15:29,PANACEABIO,393.8,2400.1105,smallcap,healthcare,pharmaceuticals - indian - bulk drugs & formln,0.4976,143042
2026-09-09,15:29,PIGL,104.98,203.4966,smallcap,industrials,electric equipment,9.2063,332177
2026-09-09,15:29,POWERINDIA,31580,138776.0522,largecap,industrials,electric equipment,1.4293,94112
2026-09-09,15:29,POWERMECH,2430.1001,7635.6507,midcap,realty,engineering - turnkey services,0.6211,123045
2026-09-09,15:29,PRIMO,21.27,494.6225,smallcap,chemicals,chlor alkali / soda ash,4.2136,162572
2026-09-09,15:29,PSPPROJECT,879.95,3470.2424,smallcap,realty,construction,0.5198,48818
2026-09-09,15:29,RADIOCITY,6.47,211.2139,smallcap,media,entertainment / electronic media software,5.892,196732
2026-09-09,15:29,RESPONIND,169.59,3951.9384,smallcap,plastic products,plastics products,14.41,12729406
2026-09-09,15:29,RPOWER,22.01,8978.7588,midcap,power & utilities,power generation and supply,1.3819,72139512
2026-09-09,15:29,RPPINFRA,62,266.1772,smallcap,realty,construction,15.4993,1013641
2026-09-09,15:29,RPSGVENT,863.7,2709.9423,smallcap,i.t,computers - software - medium / small,5.4514,136757
2026-09-09,15:29,RSSOFTWARE,29.48,75.143,smallcap,i.t,computers - software - medium / small,1.3407,18618
2026-09-09,15:29,SOLEX,715.6,783.2345,smallcap,industrials,electric equipment,-1.3034,16403
2026-09-09,15:29,STALLION,223.4,2469.9562,smallcap,chemicals,chemicals,4.996,201491
2026-09-09,15:29,SUBROS,729,4552.4768,smallcap,auto,auto ancillaries,4.4637,96607
2026-09-09,15:29,TAKE,15.99,225.3035,smallcap,healthcare,miscellaneous,4.9902,796799
2026-09-09,15:29,TECHNOE,985.3,11219.4199,midcap,realty,engineering - turnkey services,2.1354,156026
2026-09-09,15:29,TRUALT,421.15,3564.7352,smallcap,miscellaneous,miscellaneous,1.311,119790
2026-09-09,15:29,USK,20.86,115.5857,smallcap,realty,construction,-0.0958,30662
2026-09-09,15:29,VARDMNPOLY,5.91,284.4982,smallcap,textiles,textiles - cotton/blended,0.3396,188275
2026-09-09,15:29,VINEETLAB,37.14,70.9479,smallcap,healthcare,pharmaceuticals - indian - bulk drugs & formln,0.5414,73018
2026-09-09,15:29,VSTIND,208.59,3511.7088,smallcap,fmcg,cigarettes,0.8948,122818
2026-09-10,15:29,AAKASH,9.14,85.9613,smallcap,energy,oil drilling / allied services,7.6561,795578
2026-09-10,15:29,ADVANCE,119.03,731.8929,smallcap,chemicals,pesticides / agrochemicals - indian,4.5498,447365
2026-09-10,15:29,ALGOQUANT,63.94,1793.1116,smallcap,financials,finance & investments,0.2351,1336644
2026-09-10,15:29,ASTRAZEN,6860.5,17191.25,midcap,healthcare,pharmaceuticals - multinational,-0.2327,2286
2026-09-10,15:29,AVG,182.49,325.1464,smallcap,transportation,miscellaneous,5,37463
2026-09-10,15:29,BAJAJHFL,84.22,69091.7187,largecap,financials,finance - housing,1.5678,3734084
2026-09-10,15:29,BAYERCROP,3978.3999,17757.07,midcap,chemicals,pesticides / agrochemicals - multinational,0.6909,13598
2026-09-10,15:29,CANBK,124.6,112548.6408,largecap,bank,banks - public sector,0.4191,22002938
2026-09-10,15:29,CHAMBLFERT,417.75,16651.1095,midcap,chemicals,fertilizers,0.5173,523104
2026-09-10,15:29,COLPAL,1808.5,48957.4141,largecap,fmcg,personal care - multinational,0.4722,125826
2026-09-10,15:29,COMPINFO,1.08,8.9199,smallcap,services,trading,3.8462,39125
2026-09-10,15:29,CREDITACC,1403.2,22375.436,largecap,financials,finance & investments,0.5014,88216
2026-09-10,15:29,CSM,94.96,481.512,smallcap,i.t,computers - software - medium / small,1.7683,892772
2026-09-10,15:29,DATAMATICS,780.45,4569.2194,smallcap,i.t,computers - software - medium / small,0.9573,84196
2026-09-10,15:29,DBL,407.75,6384.0819,midcap,realty,construction,3.7532,6474417
2026-09-10,15:29,DCMSHRIRAM,1007.5,15556.8034,midcap,miscellaneous,diversified - mega,0.9924,46045
2026-09-10,15:29,DCMSIL,72.36,607.0315,smallcap,textiles,textiles - manmade,3.6973,139970
2026-09-10,15:29,FACT,789.95,50885.74,largecap,chemicals,fertilizers,0.4514,167703
2026-09-10,15:29,FEDERALBNK,346,85147.3459,largecap,bank,banks - private sector,0.2899,5314983
2026-09-10,15:29,FINOPB,139.95,1145.4181,smallcap,bank,banks - private sector,1.6783,463691
2026-09-10,15:29,GAYAHWS,1.9,46.4925,smallcap,realty,construction,-2.0619,125320
2026-09-10,15:29,HGINFRA,487.25,3118.7635,smallcap,realty,construction,1.818,83596
2026-09-10,15:29,HINDWAREAP,181.67,1502.7904,smallcap,consumer discretionary,trading,1.1188,253483
2026-09-10,15:29,HITECH,77.4,1559.6643,smallcap,metals & mining,steel - medium / small,0.7944,1896207
2026-09-10,15:29,ICICIAMC,3033.5,148450.5465,largecap,financials,finance & investments,0.9988,237958
2026-09-10,15:29,INNOVANA,309.3,626.4112,smallcap,i.t,computers - software - medium / small,2.0119,92386
2026-09-10,15:29,INTENTECH,79.12,186.5544,smallcap,i.t,computers - software - medium / small,0.2026,16617
2026-09-10,15:29,IPL,135.74,1566.9147,smallcap,chemicals,pesticides / agrochemicals - indian,-0.2352,45366
2026-09-10,15:29,IREDA,113.32,31460.581,largecap,financials,finance - term-lending institutions,1.1876,5082162
2026-09-10,15:29,ITDC,664.6,5400.4703,midcap,services,hotels,5.5507,8077461
2026-09-10,15:29,JARO,456.25,975.3316,smallcap,services,miscellaneous,4.1786,185812
2026-09-10,15:29,KEC,413.45,10466.984,midcap,realty,transmisson line towers / equipment,5.1501,2448087
2026-09-10,15:29,KNACK,186.96,2228.2696,smallcap,industrials,packaging,2.6689,703290
2026-09-10,15:29,KOTIC,151.21,1464.1271,smallcap,services,trading,11.5612,804224
2026-09-10,15:29,LOVABLE,71.85,103.0376,smallcap,textiles,textiles - products,3.2031,30146
2026-09-10,15:29,MAGNUM,19.1,129.9131,smallcap,building materials,paper,0.5793,63106
2026-09-10,15:29,MAHESHWARI,71.87,210.2289,smallcap,services,trading,1.1826,1942
2026-09-10,15:29,MUTHOOTFIN,2841.5,113013.376,largecap,financials,finance & investments,0.9414,408226
2026-09-10,15:29,NATHBIOGEN,152.51,288.2337,smallcap,fmcg,miscellaneous,0.5538,2248
2026-09-10,15:29,NIITMTS,224.64,3053.1412,smallcap,i.t,computers - education,1.3993,64725
2026-09-10,15:29,ODIGMA,22.33,70.2377,smallcap,i.t,computers - software - medium / small,-0.6231,35868
2026-09-10,15:29,OMNI,563.35,6611.1854,midcap,industrials,engineering,5.3779,1296012
2026-09-10,15:29,ONELIFECAP,31.95,119.2905,smallcap,financials,finance & investments,0.0626,16985
2026-09-10,15:29,OPTIEMUS,557.65,4886.5708,smallcap,telecom,trading,2.8969,286523
2026-09-10,15:29,ORIENTTECH,235.36,1051.9329,smallcap,i.t,computers - software - medium / small,2.4864,266345
2026-09-10,15:29,OSIAHYPER,2.45,43.3549,smallcap,consumer discretionary,trading,0,300909
2026-09-10,15:29,PHOENIXLTD,1890,67425.9588,largecap,realty,construction,0.2493,383380
2026-09-10,15:29,PILITA,7.88,184.475,smallcap,plastic products,plastics products,0.3822,42014
2026-09-10,15:29,PRECOT,670.75,792.18,smallcap,textiles,textiles - cotton/blended,1.6057,2297
2026-09-10,15:29,PYRAMID,154.59,553.648,smallcap,industrials,packaging,2.7108,24175
2026-09-10,15:29,RELTD,155.08,3016.7596,smallcap,industrials,electric equipment,2.0666,231262
2026-09-10,15:29,RUCHINFRA,5.68,132.174,smallcap,miscellaneous,miscellaneous,1.4286,50981
2026-09-10,15:29,SANOFICONR,4089.6001,9326.2504,midcap,healthcare,pharmaceuticals - multinational,0.9902,4993
2026-09-10,15:29,SEJALLTD,672,735.984,smallcap,building materials,glass & glass products,4.0892,3755
2026-09-10,15:29,SHAH,3.54,348.3234,smallcap,metals & mining,steel - medium / small,0.8547,3922764
2026-09-10,15:29,SHAKTIPUMP,503.2,5772.5568,midcap,industrials,pumps,7.5673,13943643
2026-09-10,15:29,SHRIRAMFIN,1038,242114.9667,largecap,financials,finance & investments,0.8746,2757241
2026-09-10,15:29,SUPRAJIT,500.3,6658.9733,midcap,auto,auto ancillaries,3.059,143145
2026-09-10,15:29,SURAJLTD,200.66,374.7378,smallcap,metals & mining,steel - medium / small,-1.6662,3232
2026-09-10,15:29,SWANCORP,298.15,8703.1304,midcap,textiles,textiles - products,7.3834,53152302
2026-09-10,15:29,TAJGVK,342.6,2082.6302,smallcap,services,hotels,3.1462,188257
2026-09-10,15:29,TATAINVEST,645.15,31308.3692,largecap,financials,finance & investments,4.2582,8165222
2026-09-10,15:29,TNTELE,8.94,40.6104,smallcap,industrials,cables - telephone,0.5624,26707
2026-09-10,15:29,TOKYOPLAST,76.81,70.928,smallcap,plastic products,plastics products,2.8935,353
2026-09-10,15:29,VASWANI,46.41,150.7286,smallcap,metals & mining,steel - sponge iron,1.4426,33025
2026-09-10,15:29,VBL,410.5,137659.4531,largecap,fmcg,food - processing - indian,0.86,7713560
2026-09-10,15:29,VGL,57.78,282.2226,smallcap,textiles,textiles - cotton/blended,5.4957,279228
2026-09-10,15:29,WCIL,84.42,857.8512,smallcap,transportation,shipping,0.3328,102129
2026-09-10,15:29,WILLAMAGOR,24.49,26.3172,smallcap,financials,finance & investments,1.9567,6072
2026-09-10,15:29,ZAGGLE,183.93,2380.7212,smallcap,i.t,computers - software - medium / small,3.88,2600981
2026-09-11,15:29,AGRITECH,99.84,59.305,smallcap,fmcg,miscellaneous,0.7671,851
2026-09-11,15:29,AIIL,544.35,46227.5901,largecap,financials,finance & investments,6.2561,5994616
2026-09-11,15:29,ANTGRAPHIC,0.75,11.6257,smallcap,miscellaneous,diversified - medium / small,4.1667,305036
2026-09-11,15:29,ARSHIYA,0.76,20.0242,smallcap,transportation,miscellaneous,2.7027,530220
2026-09-11,15:29,AURUM,224.02,1719.0442,smallcap,i.t,computers - software - medium / small,1.6517,74800
2026-09-11,15:29,AWFIS,293.2,2098.2326,smallcap,co-working,miscellaneous,17.468,23945553
2026-09-11,15:29,BONLON,40.1,65.6973,smallcap,services,trading,-0.3727,12737
2026-09-11,15:29,CEINSYS,707,1480.2926,smallcap,i.t,computers - software - medium / small,3.2117,83507
2026-09-11,15:29,CENTRUM,22.34,1087.5764,smallcap,financials,finance & investments,1.9626,104669
2026-09-11,15:29,CIFL,20.2,789.9337,smallcap,financials,finance & investments,0.0495,247154
2026-09-11,15:29,DAVANGERE,2.1,356.1381,smallcap,fmcg,sugar,9.9476,36081250
2026-09-11,15:29,DEVIT,24.18,136.2875,smallcap,i.t,computers - software - medium / small,0.8761,37864
2026-09-11,15:29,DEVX,34.05,322.2218,smallcap,co-working,miscellaneous,3.2131,150339
2026-09-11,15:29,DIGISPICE,16.87,395.8902,smallcap,i.t,computers - software - medium / small,2.0569,141198
2026-09-11,15:29,DRREDDY,1165.5,97281.4645,largecap,healthcare,pharmaceuticals - indian - bulk drugs & formln,1.9685,2403285
2026-09-11,15:29,EUROBOND,150.46,368.627,smallcap,metals & mining,aluminium and aluminium products,0.3067,3318
2026-09-11,15:29,FLEXITUFF,2.14,7.0241,smallcap,industrials,packaging,1.9048,44698
2026-09-11,15:29,GICHSGFIN,136.84,736.898,smallcap,financials,finance - housing,0.5289,110463
2026-09-11,15:29,GOCOLORS,324.75,1708.0546,smallcap,textiles,textiles - products,1.9783,89664
2026-09-11,15:29,GODIGIT,256.2,23688.3309,largecap,financials,finance & investments,2.1735,216275
2026-09-11,15:29,GUJAPOLLO,348.1,451.4857,smallcap,industrials,engineering,2.8816,12367
2026-09-11,15:29,HEXATRADEX,155.81,860.7677,smallcap,financials,finance & investments,-0.6821,765
2026-09-11,15:29,HPIL,123.87,141.5105,smallcap,chemicals,dyes and pigments,3.1992,278
2026-09-11,15:29,IBULLSLTD,26.14,6089.427,midcap,miscellaneous,diversified - medium / small,4.9799,32865374
2026-09-11,15:29,INCREDIBLE,33.58,157.0327,smallcap,metals & mining,steel - medium / small,8.3925,17146
2026-09-11,15:29,JBMA,620.3,14669.7392,midcap,auto,auto ancillaries,2.6562,857400
2026-09-11,15:29,KECL,124.21,824.9292,smallcap,industrials,electric equipment,-1.7015,152390
2026-09-11,15:29,KELLTONTEC,13.77,726.787,smallcap,i.t,computers - software - medium / small,1.9245,9142272
2026-09-11,15:29,KIRLOSIND,3828.3,4023.3029,smallcap,financials,finance & investments,7.0314,639315
2026-09-11,15:29,KOTYARK,32.19,363.9732,smallcap,energy,refineries,3.4051,243854
2026-09-11,15:29,MANCREDIT,219.9,464.2966,smallcap,financials,finance & investments,0.6039,17559
2026-09-11,15:29,MASFIN,295.95,5370.1127,midcap,financials,finance & investments,0.5094,267840
2026-09-11,15:29,NAGREEKCAP,24.9,31.4121,smallcap,financials,finance & investments,8.8763,17663
2026-09-11,15:29,NIMBSPROJ,165.25,319.2421,smallcap,realty,construction,4.8807,1022
2026-09-11,15:29,PTL,38.43,508.7248,smallcap,miscellaneous,miscellaneous,0.6812,25926
2026-09-11,15:29,RELIABLE,137.04,141.4253,smallcap,i.t,computers - software - medium / small,0.8018,2873
2026-09-11,15:29,ROML,42.69,68.2557,smallcap,fmcg,solvent extraction,1.3292,1948
2026-09-11,15:29,SAMBHAAV,5.96,113.9021,smallcap,media,entertainment / electronic media software,2.4055,26997
2026-09-11,15:29,SATIN,216.68,2393.6849,smallcap,financials,finance & investments,-0.244,136042
2026-09-11,15:29,SJS,2354,7534.0133,midcap,auto,plastics products,0.4866,140948
2026-09-11,15:29,SUMIT,49.4,236.4222,smallcap,realty,construction,0.9606,22760
2026-09-11,15:29,SUNTV,476,18758.4279,midcap,media,entertainment / electronic media software,4.4891,3312335
2026-09-11,15:29,TRACXN,31.9,340.9997,smallcap,i.t,computers - software - medium / small,11.4995,1039887
2026-09-11,15:29,TREEHOUSE,6.14,25.9788,smallcap,services,miscellaneous,3.1933,11939
2026-09-11,15:29,TRITURBINE,569.65,18108.8875,midcap,industrials,electric equipment,1.5691,613864
2026-09-11,15:29,VASCONEQ,30.08,696.9449,smallcap,realty,construction,-0.2322,205831
2026-09-11,15:29,WAAREEENER,2625,75508.4754,largecap,industrials,electric equipment,3.022,1067044
2026-09-11,15:29,WSI,61.92,469.9438,smallcap,realty,construction,5.2524,146840
2026-09-11,15:29,YESBANK,23.48,73696.1177,largecap,bank,banks - private sector,5.2915,234792571
2026-09-15,15:29,AAVAS,1270.3,10109.9851,midcap,financials,finance - housing,-0.3764,114642
2026-09-15,15:29,ABBOTINDIA,26125,54291.9666,largecap,healthcare,pharmaceuticals - multinational,2.2505,10732
2026-09-15,15:29,ACCURACY,4.38,63.0846,smallcap,transportation,miscellaneous,4.5346,99869
2026-09-15,15:29,AFCONS,262.25,9334.3739,midcap,realty,construction,3.3294,26501568
2026-09-15,15:29,ALKEM,5161,60828.6938,largecap,healthcare,pharmaceuticals - indian - bulk drugs & formln,1.4447,253213
2026-09-15,15:29,AURIONPRO,698.65,3762.4904,smallcap,i.t,computers - software - medium / small,2.6144,306875
2026-09-15,15:29,BANARBEADS,110.92,70.9629,smallcap,building materials,glass & glass products,3.1238,3820
2026-09-15,15:29,BETA,2105.2,2348.542,smallcap,healthcare,pharmaceuticals - indian - bulk drugs,-0.6278,34753
2026-09-15,15:29,BLS,228.51,9535.0959,midcap,i.t,computers - software - medium / small,-1.3257,1252796
2026-09-15,15:29,BSOFT,286.45,7874.9224,midcap,i.t,computers - software - medium / small,1.7042,8595221
2026-09-15,15:29,CMICABLES,2.62,4.0229,smallcap,industrials,cables - power,4.3825,23338
2026-09-15,15:29,COLPAL,1820.3,48886.6979,largecap,fmcg,personal care - multinational,1.2741,670867
2026-09-15,15:29,CORALFINAC,32.77,129.612,smallcap,financials,finance - housing,1.8968,13223
2026-09-15,15:29,DABUR,384.9,66700.6098,largecap,fmcg,personal care - indian,2.367,9936721
2026-09-15,15:29,DANGEE,2.78,42.3431,smallcap,fmcg,food - processing - indian,1.0909,85525
2026-09-15,15:29,DATAMATICS,766.25,4493.2677,smallcap,i.t,computers - software - medium / small,0.7958,1393528
2026-09-15,15:29,DBSTOCKBRO,27.8,96.635,smallcap,financials,finance & investments,0.6882,11001
2026-09-15,15:29,DCM,76.42,140.0831,smallcap,industrials,castings & forgings,1.8933,18824
2026-09-15,15:29,DENORA,812.95,423.8679,smallcap,industrials,electrodes - graphites,1.816,2684
2026-09-15,15:29,DISHTV,2.62,460.314,smallcap,media,entertainment / electronic media software,4.8,1142262
2026-09-15,15:29,DNAMEDIA,2.5,29.5447,smallcap,media,entertainment / electronic media software,-0.3984,16001
2026-09-15,15:29,EDUCOMP,0.9,11.1445,smallcap,i.t,computers - education,-1.0989,48559
2026-09-15,15:29,ELITECON,8.57,1307.573,smallcap,fmcg,miscellaneous,4.7677,12249273
2026-09-15,15:29,EMAMILTD,373.7,15879.87,midcap,fmcg,personal care - indian,2.7213,2883728
2026-09-15,15:29,FCSSOFT,1.42,246.1756,smallcap,i.t,computers - software - medium / small,-1.3889,1322981
2026-09-15,15:29,FILATFASH,0.18,150.0133,smallcap,textiles,textiles - products,0,17462471
2026-09-15,15:29,FIRSTCRY,171.53,8814.4158,midcap,consumer discretionary,trading,1.5992,53340405
2026-09-15,15:29,FSL,283.35,17257.4929,midcap,i.t,computers - software - medium / small,14.4386,33931358
2026-09-15,15:29,GRPLTD,2046.2,1026.7197,smallcap,fmcg,miscellaneous,6.2906,20058
2026-09-15,15:29,HDFCBANK,716.55,1090799.0196,largecap,bank,banks - private sector,1.1719,50387632
2026-09-15,15:29,HMAAGRO,23.41,1005.0449,smallcap,fmcg,food - processing - indian,16.6418,35613186
2026-09-15,15:29,HOMEFIRST,1175.3,12381.0124,midcap,financials,finance - housing,-0.7767,137211
2026-09-15,15:29,IGARASHI,437.05,1304.0112,smallcap,industrials,electric equipment,5.4912,13011373
2026-09-15,15:29,INDRAMEDCO,354.55,3254.3915,smallcap,healthcare,healthcare,-0.1268,259219
2026-09-15,15:29,INFOBEAN,153.13,1493.5095,smallcap,i.t,computers - software - medium / small,-0.5714,416949
2026-09-15,15:29,INFOMEDIA,5.18,26.101,smallcap,miscellaneous,printing & stationery,-0.3846,2424
2026-09-15,15:29,JINDALPHOT,1099.6,1037.0142,smallcap,financials,finance & investments,8.7744,83635
2026-09-15,15:29,JISLDVREQS,20.67,40.055,smallcap,plastic products,plastics products,-0.4335,2483
2026-09-15,15:29,LTM,4346.6001,126805.6147,largecap,i.t,computers - software - large,1.6749,663212
2026-09-15,15:29,MASTEK,1652.1,5041.6572,midcap,i.t,computers - software - medium / small,1.5864,341353
2026-09-15,15:29,MMWL,13.77,1524.671,smallcap,media,entertainment / electronic media software,2.3031,30090
2026-09-15,15:29,MPHASIS,2378,43805.3849,largecap,i.t,computers - software - large,3.6166,1176828
2026-09-15,15:29,NDGL,2655.5,269.22,smallcap,financials,finance & investments,-1.3632,174
2026-09-15,15:29,NIVABUPA,81.5,14780.925,midcap,financials,finance & investments,1.9642,1416460
2026-09-15,15:29,NOIDATOLL,4.01,73.547,smallcap,realty,construction,1.519,48722
2026-09-15,15:29,OMINFRAL,80.25,766.482,smallcap,realty,engineering - turnkey services,0.8293,219096
2026-09-15,15:29,ONMOBILE,49.35,499.7103,smallcap,telecom-service,telecommunications - service provider,5,77699
2026-09-15,15:29,PALASHSECU,88.72,85.9467,smallcap,financials,finance & investments,3.2588,1481
2026-09-15,15:29,PILITA,7.73,184.24,smallcap,plastic products,plastics products,-1.4031,18276
2026-09-15,15:29,PIONEEREMB,20.89,63.2025,smallcap,textiles,textiles - products,1.8528,2658
2026-09-15,15:29,PNC,16.38,23.8706,smallcap,media,entertainment / electronic media software,-0.7273,7941
2026-09-15,15:29,PRECOT,656.1,789.96,smallcap,textiles,textiles - cotton/blended,-0.3342,3291
2026-09-15,15:29,RAMCOIND,318.4,2798.4693,smallcap,building materials,cement products,-1.1947,83193
2026-09-15,15:29,RATEGAIN,878.65,10400.7247,midcap,i.t,computers - software - medium / small,0.0455,262687
2026-09-15,15:29,REDTAPE,120.87,6418.0962,midcap,consumer discretionary,trading,4.1085,33802011
2026-09-15,15:29,ROSSELLIND,56.65,207.5568,smallcap,fmcg,tea,2.8878,68654
2026-09-15,15:29,SANOFI,3131,7091.5891,midcap,healthcare,pharmaceuticals - multinational,1.6823,23468
2026-09-15,15:29,SANOFICONR,4055.3,9266.1405,midcap,healthcare,pharmaceuticals - multinational,0.7929,7742
2026-09-15,15:29,SETCO,17.23,223.9264,smallcap,auto,auto ancillaries,2.9271,46116
2026-09-15,15:29,SKIL,0.9,18.8417,smallcap,realty,construction,3.4483,109842
2026-09-15,15:29,SONATSOFTW,281.3,7455.0937,midcap,i.t,computers - software - medium / small,5.8115,6788610
2026-09-15,15:29,SRTL,37.55,149.1867,smallcap,textiles,textiles - cotton/blended,0.6163,23754
2026-09-15,15:29,TATACHEM,734.9,15602.5482,midcap,chemicals,chemicals,19.9935,1823658
2026-09-15,15:29,TATASTEEL,183.65,228448.6272,largecap,metals & mining,steel - large,0.3552,31857708
2026-09-15,15:29,TCS,2251,796268.701,largecap,i.t,computers - software - large,2.281,5406210
2026-09-15,15:29,TECHM,1575.9,151026.9313,largecap,i.t,computers - software - large,2.2648,2577135
2026-09-15,15:29,TMPV,303.6,110882.5712,largecap,auto,automobiles - passenger cars,0.8303,19003987
2026-09-15,15:29,UGROCAP,83.28,1299.1421,smallcap,financials,finance & investments,-0.4542,189556
2026-09-15,15:29,USK,20.64,114.2571,smallcap,realty,construction,0,21328
2026-09-15,15:29,WILLAMAGOR,24.46,26.4925,smallcap,financials,finance & investments,1.158,887
2026-09-15,15:29,ZENSARTECH,440.2,9675.8788,midcap,i.t,computers - software - medium / small,3.5156,42017111
2026-09-21,15:29,AAATECH,94.16,111.529,smallcap,i.t,computers - software - medium / small,8.2921,118069
2026-09-21,15:29,ABB,7271,154067.984,largecap,industrials,electric equipment,0.0069,161482
2026-09-21,15:29,ACL,42.68,393.2063,smallcap,building materials,cement - south india,0.0469,8165
2026-09-21,15:29,ADVENZYMES,294.05,3222.6736,smallcap,healthcare,pharmaceuticals - indian - bulk drugs & formln,2.1716,395562
2026-09-21,15:29,AGRITECH,98.71,58.408,smallcap,fmcg,miscellaneous,0.3865,810
2026-09-21,15:29,AGROPHOS,23.85,47.928,smallcap,chemicals,fertilizers,0.8883,4603
2026-09-21,15:29,AJAXENGG,562.6,6403.9206,midcap,industrials,engineering,0.5092,39739
2026-09-21,15:29,AMBUJACEM,390.75,96485.4513,largecap,building materials,cement - north india,0.631,1048624
2026-09-21,15:29,ANTGRAPHIC,0.73,11.0057,smallcap,miscellaneous,diversified - medium / small,2.8169,177453
2026-09-21,15:29,APOLLO,385.45,13775.1939,midcap,aerospace & defence,electronics - components,3.979,12586221
2026-09-21,15:29,ARCHIES,12.62,41.5156,smallcap,consumer discretionary,trading,2.6851,171077
2026-09-21,15:29,ARIHANTSUP,229.3,982.6398,smallcap,realty,construction,0.9243,892
2026-09-21,15:29,ARKADE,123.44,2206.6121,smallcap,realty,construction,3.862,135746
2026-09-21,15:29,ASTRAMICRO,1657.9,15487.4297,midcap,aerospace & defence,telecommunications - equipment,1.6368,197687
2026-09-21,15:29,AUTOIND,83.76,355.4709,smallcap,auto,auto ancillaries,6.9186,657852
2026-09-21,15:29,BAJAJELEC,326,3727.7634,smallcap,consumer discretionary,domestic appliances,0.9132,95027
2026-09-21,15:29,BANSWRAS,113.07,371.3839,smallcap,textiles,textiles - spinning - synthetic / blended,4.2216,17308
2026-09-21,15:29,BASML,24.64,187.5755,smallcap,textiles,textiles - cotton/blended,4.9851,65613
2026-09-21,15:29,BATLIBOI,85.08,382.9219,smallcap,industrials,engineering,4.9205,52074
2026-09-21,15:29,BCPL,70.26,111.9146,smallcap,realty,engineering - turnkey services,4.991,26463
2026-09-21,15:29,BHARATSE,212.36,1344.0456,smallcap,auto,auto ancillaries,-0.7756,65528
2026-09-21,15:29,BIOCON,395,62743.2242,largecap,healthcare,pharmaceuticals - indian - bulk drugs & formln,2.5974,3037626
2026-09-21,15:29,BLACKROSE,110.95,542.691,smallcap,chemicals,trading,4.2665,45811
2026-09-21,15:29,BLS,232.54,9325.9316,midcap,i.t,computers - software - medium / small,2.6667,2011798
2026-09-21,15:29,BONLON,39.35,64.1081,smallcap,services,trading,0.5622,49258
2026-09-21,15:29,BRITANNIA,5023,120385.9743,largecap,fmcg,food - processing - mnc,0.5002,166876
2026-09-21,15:29,BSL,126.15,121.7152,smallcap,textiles,textiles - processing,6.6717,18835
2026-09-21,15:29,BUILDPRO,1280,3040.3805,smallcap,services,trading,2.0896,63580
2026-09-21,15:29,CESC,143.47,18760.7983,midcap,power & utilities,power generation and supply,1.3707,1377220
2026-09-21,15:29,CMLL,475.95,3123.0012,smallcap,metals & mining,mining / minerals / metals,-0.3663,112991
2026-09-21,15:29,CMSINFO,232.14,3696.3444,smallcap,miscellaneous,miscellaneous,0.524,664959
2026-09-21,15:29,COASTCORP,38.94,260.1396,smallcap,fmcg,aquaculture,0.2575,58205
2026-09-21,15:29,CPEDU,182.28,312.3,smallcap,services,miscellaneous,6.1866,12653
2026-09-21,15:29,DENORA,813.4,415.2679,smallcap,industrials,electrodes - graphites,3.9821,4096
2026-09-21,15:29,DEVX,35.13,304.8095,smallcap,co-working,miscellaneous,9.0655,509090
2026-09-21,15:29,DMCC,285.4,699.9392,smallcap,chemicals,chemicals,1.6925,37984
2026-09-21,15:29,DRCSYSTEMS,12.72,181.9747,smallcap,i.t,computers - software - medium / small,0.7126,63841
2026-09-21,15:29,EFCIL,178.43,2643.3541,smallcap,realty,construction,-0.1343,82310
2026-09-21,15:29,EMBDL,58.89,7492.7329,midcap,realty,construction,9.2984,5985106
2026-09-21,15:29,FACT,801.75,49449.2403,largecap,chemicals,fertilizers,4.9136,1321888
2026-09-21,15:29,FIRSTCRY,170.43,8987.7491,midcap,consumer discretionary,trading,-0.9991,961798
2026-09-21,15:29,FLFL,1.18,23.2041,smallcap,consumer discretionary,trading,2.6087,42396
2026-09-21,15:29,FORTIS,893.5,66889.2919,largecap,healthcare,healthcare,0.8465,916405
2026-09-21,15:29,GINNIFILA,41.61,362.728,smallcap,textiles,textiles - cotton/blended,-1.7473,21842
2026-09-21,15:29,GKENERGY,126.59,2429.1424,smallcap,realty,engineering - turnkey services,5.6942,1430370
2026-09-21,15:29,GPIL,236.8,15714.8057,midcap,metals & mining,steel - medium / small,1.4263,1413064
2026-09-21,15:29,GRINDWELL,1966.8,20988.0832,largecap,industrials,abrasives and grinding wheels,3.7561,78264
2026-09-21,15:29,HCLTECH,1281,339018.1804,largecap,i.t,computers - software - large,2.5374,2751906
2026-09-21,15:29,HDFCAMC,2440,103948.4141,largecap,financials,finance & investments,0.6186,503235
2026-09-21,15:29,HINDUNILVR,1947,453941.0318,largecap,fmcg,personal care - multinational,0.7764,864547
2026-09-21,15:29,HITECHGEAR,540.05,1015.9315,smallcap,auto,auto ancillaries,0.0093,1441
2026-09-21,15:29,HMVL,82.67,597.4026,smallcap,media,entertainment / electronic media software,1.9485,21661
2026-09-21,15:29,ICICIGI,1509.1,72798.8742,largecap,financials,finance & investments,3.4977,1427947
2026-09-21,15:29,IDEAFORGE,766.05,3625.0612,smallcap,aerospace & defence,engineering,4.9959,454606
2026-09-21,15:29,INSPIRISYS,87.15,329.4539,smallcap,i.t,computers - software - medium / small,4.798,9461
2026-09-21,15:29,INTENTECH,81.26,184.6171,smallcap,i.t,computers - software - medium / small,3.9928,29981
2026-09-21,15:29,IRIS,245.37,489.7094,smallcap,i.t,computers - software - medium / small,3.0577,21086
2026-09-21,15:29,JPPOWER,16.48,10533.7662,midcap,power & utilities,power generation and supply,7.2219,587859403
2026-09-21,15:29,JYOTHYLAB,194.67,7163.2535,midcap,fmcg,personal care - indian,-0.2051,307776
2026-09-21,15:29,KAUSHALYA,854,28.8508,smallcap,services,hotels,2.5087,193
2026-09-21,15:29,KPEL,232.32,1470.4052,smallcap,realty,engineering - turnkey services,7.1191,1006990
2026-09-21,15:29,KPIGREEN,321.4,5622.7791,midcap,power & utilities,power generation and supply,12.99,18325693
2026-09-21,15:29,KRSNAA,554.65,1755.4187,smallcap,healthcare,healthcare,2.4947,108712
2026-09-21,15:29,LAGNAM,75.5,127.8175,smallcap,textiles,textiles - products,4.3683,19310
2026-09-21,15:29,LLOYDSENT,70.49,10508.7836,midcap,services,trading,2.3969,3129294
2026-09-21,15:29,MAHESHWARI,72,203.3328,smallcap,services,trading,4.8035,10336
2026-09-21,15:29,MASKINVEST,145,43.8043,smallcap,financials,finance & investments,1.0101,147
2026-09-21,15:29,MCCHRLS-B,664.65,858.1189,smallcap,realty,miscellaneous,1.4733,5524
2026-09-21,15:29,MCLEODRUSS,46.54,463.0523,smallcap,fmcg,tea,4.9853,32416
2026-09-21,15:29,MEDIASSIST,336.6,2426.6893,smallcap,miscellaneous,miscellaneous,3.6171,757836
2026-09-21,15:29,MHLXMIRU,155.55,163.5204,smallcap,textiles,textiles - processing,1.0262,4943
2026-09-21,15:29,MHRIL,201.37,4026.7771,smallcap,services,hotels,1.0437,126373
2026-09-21,15:29,MRPL,167.03,28984.4786,largecap,energy,refineries,0.9977,4653785
2026-09-21,15:29,MUNJALSHOW,128.53,503.1371,smallcap,auto,auto ancillaries,2.1701,22362
2026-09-21,15:29,NAHARSPING,279.9,970.878,smallcap,textiles,textiles - cotton/blended,3.9747,24459
2026-09-21,15:29,NATCOPHARM,816.3,14568.7968,midcap,healthcare,pharmaceuticals - indian - bulk drugs & formln,0.3565,451347
2026-09-21,15:29,NATHBIOGEN,151.8,280.0049,smallcap,fmcg,miscellaneous,3.027,109938
2026-09-21,15:29,NBCC,83.15,22248,largecap,miscellaneous,miscellaneous,0.9102,4386703
2026-09-21,15:29,NIBE,1371.1,1995.0782,smallcap,aerospace & defence,engineering,6.5346,286554
2026-09-21,15:29,NILAINFRA,6.62,261.1485,smallcap,realty,construction,-0.1508,89195
2026-09-21,15:29,NIRAJ,28.75,165.5921,smallcap,realty,construction,3.641,48575
2026-09-21,15:29,NIVABUPA,80.48,14718.051,midcap,financials,finance & investments,1.1182,957679
2026-09-21,15:29,NSIL,5527,2828.7418,smallcap,financials,finance & investments,0.3541,1399
2026-09-21,15:29,OLECTRA,1205.8,9839.8388,midcap,auto,automobiles - lcvs / hcvs,0.5839,217191
2026-09-21,15:29,OMFREIGHT,88.07,286.7801,smallcap,transportation,miscellaneous,3.4171,11806
2026-09-21,15:29,ONGC,235.63,292868.8999,largecap,energy,oil drilling / allied services,1.2156,6114044
2026-09-21,15:29,ONIDA,34.31,1214.9315,smallcap,consumer discretionary,electronics - consumer,4.3174,976325
2026-09-21,15:29,ORIENTALTL,5.08,36.4596,smallcap,services,trading,2.4194,62323
2026-09-21,15:29,OSWALPUMPS,276.2,3170.4762,smallcap,industrials,pumps,-0.6832,196422
2026-09-21,15:29,PAVNAIND,15.7,218.6435,smallcap,auto,auto ancillaries,0.1914,238415
2026-09-21,15:29,PGHL,5503.5,9135.4699,midcap,healthcare,pharmaceuticals - multinational,0,3243
2026-09-21,15:29,PIDILITIND,1573.2,160004.4625,largecap,chemicals,chemicals,0.07,240443
2026-09-21,15:29,PRAXIS,4.22,75.9972,smallcap,consumer discretionary,trading,3.1785,82844
2026-09-21,15:29,PRECAM,117.42,1105.7301,smallcap,auto,auto ancillaries,0.8676,86106
2026-09-21,15:29,PRITIKAUTO,15.27,246.7718,smallcap,auto,auto ancillaries,3.0364,72469
2026-09-21,15:29,RACE,99.99,167.0497,smallcap,services,trading,3.2954,127219
2026-09-21,15:29,RAMAPHO,120.98,427.7157,smallcap,chemicals,fertilizers,0.091,10559
2026-09-21,15:29,RRIL,16.38,188.4882,smallcap,realty,construction,5.3376,41111
2026-09-21,15:29,RRKABEL,2411.7,27719.8972,largecap,industrials,cables - power,-1.5954,119993
2026-09-21,15:29,RTNPOWER,7.11,3834.2556,smallcap,power & utilities,power generation and supply,-0.4202,24044976
2026-09-21,15:29,RUPA,137.22,1090.7589,smallcap,textiles,textiles - products,0.0437,129985
2026-09-21,15:29,RUSTOMJEE,354.45,4465.7546,smallcap,realty,construction,0.1979,25052
2026-09-21,15:29,SAPPL,282.4,245.6414,smallcap,building materials,paper,2.2633,1982
2026-09-21,15:29,SCI,280.55,12904.9616,midcap,transportation,shipping,1.2633,2506605
2026-09-21,15:29,SCPL,653.2,653.205,smallcap,fmcg,food - processing - indian,4.9992,11427
2026-09-21,15:29,SEMAC,284.2,85.3207,smallcap,realty,engineering - turnkey services,3.8363,395
2026-09-21,15:29,SETCO,17.28,228.207,smallcap,auto,auto ancillaries,1.2896,44638
2026-09-21,15:29,SHEMAROO,118.95,334.392,smallcap,media,entertainment / electronic media software,2.1995,10613
2026-09-21,15:29,SHRIRAMFIN,1011.8,237644.4279,largecap,financials,finance & investments,0.1782,2189525
2026-09-21,15:29,SIEMENS,3887,139382.0045,largecap,industrials,electric equipment,-0.6873,196942
2026-09-21,15:29,SIGNATURE,761.9,10649.2287,midcap,realty,construction,0.6539,201080
2026-09-21,15:29,SILVERTUC,160.7,1854.9767,smallcap,i.t,computers - software - medium / small,9.8578,1166674
2026-09-21,15:29,SIYSIL,530,2392.8184,smallcap,textiles,textiles - processing,0.493,18552
2026-09-21,15:29,SOBHA,1214,12997.0299,midcap,realty,construction,-0.0987,49708
2026-09-21,15:29,SOLARWORLD,140.82,1157.6,smallcap,power & utilities,engineering - turnkey services,5.4358,697795
2026-09-21,15:29,STEELCAS,317.45,3237.388,smallcap,industrials,castings & forgings,-0.7659,53864
2026-09-21,15:29,STUDDS,430.5,1602.0769,smallcap,plastic products,plastics products,5.748,979709
2026-09-21,15:29,SUNPHARMA,1868.9,440829.814,largecap,healthcare,pharmaceuticals - indian - bulk drugs & formln,1.7199,2534364
2026-09-21,15:29,SWELECTES,572.6,844.0398,smallcap,industrials,electric equipment,2.8376,6196
2026-09-21,15:29,TERASOFT,248.65,296.031,smallcap,i.t,computers - software - medium / small,5.093,17978
2026-09-21,15:29,THEINVEST,95.39,492.4874,smallcap,financials,finance & investments,1.1881,4410
2026-09-21,15:29,TIMETECHNO,180.23,8847.9205,midcap,plastic products,plastics products,0.5523,3679418
2026-09-21,15:29,TTKHLTCARE,1073.3,1483.685,smallcap,miscellaneous,diversified - medium / small,2.2191,29530
2026-09-21,15:29,TVTODAY,107.64,652.1183,smallcap,media,entertainment / electronic media software,-1.5097,33099
2026-09-21,15:29,ULTRACEMCO,11100,324559.6389,largecap,building materials,cement - north india,0.7808,152231
2026-09-21,15:29,VIMTALABS,616.05,2694.0088,smallcap,healthcare,miscellaneous,2.1472,276255
2026-09-21,15:29,VOLTAS,1142.1,36757.9858,largecap,consumer discretionary,air-conditioners,2.8085,887002
2026-09-21,15:29,WEIZMANIND,71.76,110.7501,smallcap,textiles,textiles - processing,0.3917,1520
2026-09-21,15:29,ZODIAC,230.26,336.124,smallcap,realty,engineering - turnkey services,3.604,16631
2026-09-22,15:29,3PLAND,30.74,56.7,smallcap,financials,finance & investments,-2.4127,85714
2026-09-22,15:29,AGIIL,269.3,3389.3042,smallcap,realty,construction,-0.6823,497300
2026-09-22,15:29,AHLEAST,135.13,233.4379,smallcap,services,hotels,0.0963,472
2026-09-22,15:29,ALANKIT,7.94,207.7071,smallcap,i.t,computers - software - medium / small,3.6554,424375
2026-09-22,15:29,ALPA,61.36,125.4441,smallcap,healthcare,pharmaceuticals - indian - bulk drugs & formln,2.9185,11423
2026-09-22,15:29,ARSHIYA,0.7,18.4433,smallcap,transportation,miscellaneous,0,174860
2026-09-22,15:29,ARVSMART,588.2,2634.5993,smallcap,realty,construction,2.4025,71059
2026-09-22,15:29,ASIANPAINT,2448.5,234073.0367,largecap,building materials,paints / varnishes,0.336,414715
2026-09-22,15:29,AURUM,222.04,1679.7553,smallcap,i.t,computers - software - medium / small,1.4344,106125
2026-09-22,15:29,BAJAJINDEF,219.02,687.392,smallcap,industrials,engineering,1.9599,124201
2026-09-22,15:29,BAJAJST,348.05,718.016,smallcap,industrials,engineering,0.8256,5127
2026-09-22,15:29,BANARISUG,3322.8,4144.8724,smallcap,fmcg,sugar,0.5264,756
2026-09-22,15:29,BETA,2105,2299.875,smallcap,healthcare,pharmaceuticals - indian - bulk drugs,1.4653,20315
2026-09-22,15:29,BIGBLOC,40.4,560.7815,smallcap,building materials,cement products,1.9944,35066
2026-09-22,15:29,BLKASHYAP,51.53,1162.3686,smallcap,realty,construction,-0.0582,237471
2026-09-22,15:29,BORORENEW,474.7,6972.8282,midcap,building materials,glass & glass products,0.2005,666860
2026-09-22,15:29,BRIGHOTEL,56.48,2142.3121,smallcap,services,hotels,0.1418,114783
2026-09-22,15:29,CAPACITE,194.73,1649.948,smallcap,realty,construction,-0.1487,146197
2026-09-22,15:29,CREATIVEYE,6.25,11.1323,smallcap,media,entertainment / electronic media software,12.6126,104668
2026-09-22,15:29,DCMFINSERV,5.09,10.8413,smallcap,financials,finance & investments,3.8776,8377
2026-09-22,15:29,DDEVPLSTIK,260.45,2689.3585,smallcap,chemicals,chemicals,0.2116,95768
2026-09-22,15:29,DNAMEDIA,2.55,28.8385,smallcap,media,entertainment / electronic media software,4.0816,32982
2026-09-22,15:29,DOLATALGO,68.16,1175.504,smallcap,financials,finance & investments,2.0512,167707
2026-09-22,15:29,DPWIRES,154.23,228.213,smallcap,metals & mining,steel - medium / small,4.7545,14883
2026-09-22,15:29,EASEMYTRIP,5.99,2307.1134,smallcap,i.t,travel agencies,3.4542,42659431
2026-09-22,15:29,ESABINDIA,5654.5,8560.0584,midcap,industrials,electrodes - welding equipment,1.6814,6061
2026-09-22,15:29,FLAIR,241.29,2516.8416,smallcap,miscellaneous,printing & stationery,1.0427,122428
2026-09-22,15:29,GABRIEL,1471.4,24726.5643,largecap,auto,auto ancillaries,14.0355,7891064
2026-09-22,15:29,GALLANTT,545.7,13194.4485,midcap,metals & mining,steel - medium / small,-0.2103,516798
2026-09-22,15:29,GANESHHOU,736.8,6191.0745,midcap,realty,construction,-0.761,15648
2026-09-22,15:29,GLOBALVECT,133.41,186.984,smallcap,transportation,transport - airlines,-0.1123,5110
2026-09-22,15:29,GLOSTERLTD,572.15,633.0676,smallcap,textiles,textiles - jute - yarn / products,-1.0977,393
2026-09-22,15:29,GOPAL,258.35,3204.5606,smallcap,fmcg,food - processing - indian,0.5057,35086
2026-09-22,15:29,GOYALALUM,5.97,86.9243,smallcap,services,trading,-1.9704,70853
2026-09-22,15:29,GSS,10.54,28.3017,smallcap,i.t,computers - software - medium / small,-2.5878,36992
2026-09-22,15:29,GTECJAINX,28.43,26.889,smallcap,i.t,computers - education,7.7302,9492
2026-09-22,15:29,HINDCOPPER,508.2,48733.1755,largecap,metals & mining,mining / minerals / metals,0.8433,7778716
2026-09-22,15:29,HINDWAREAP,174.77,1476.9437,smallcap,consumer discretionary,trading,-1.0194,41766
2026-09-22,15:29,HUBTOWN,175.61,2497.1348,smallcap,realty,construction,-0.0683,225987
2026-09-22,15:29,HYBRIDFIN,16.69,48.8642,smallcap,financials,finance & investments,0.5422,3787
2026-09-22,15:29,ICEMAKE,702.1,1094.6402,smallcap,industrials,engineering,1.2109,14608
2026-09-22,15:29,IITL,143.4,299.2655,smallcap,financials,finance & investments,0.2657,93108
2026-09-22,15:29,IMFA,1252.8,6679.5183,midcap,metals & mining,mining / minerals / metals,1.1955,76934
2026-09-22,15:29,IMPAL,1075,1344.3456,smallcap,auto,auto ancillaries,-0.2042,1353
2026-09-22,15:29,INDIANCARD,212.95,122.4168,smallcap,textiles,textiles - products,3.3487,641
2026-09-22,15:29,IVALUE,225.48,1209.1342,smallcap,i.t,trading,1.875,165371
2026-09-22,15:29,JAINREC,291.25,9412.2156,midcap,metals & mining,mining / minerals / metals,6.7828,15629652
2026-09-22,15:29,JOCIL,146.4,127.2491,smallcap,chemicals,chemicals,2.1776,3829
2026-09-22,15:29,JSWENERGY,518,94791.0575,largecap,power & utilities,power generation and supply,0.1934,1108603
2026-09-22,15:29,KALYANKJIL,583.1,60053.843,largecap,consumer discretionary,diamond cutting / jewellery,0.2751,3440026
2026-09-22,15:29,KECL,121.21,786.5418,smallcap,industrials,electric equipment,2.3474,162499
2026-09-22,15:29,KEI,4575,43938.0335,largecap,industrials,cables - power,-0.4569,182004
2026-09-22,15:29,KIRLPNU,706.8,4641.2951,smallcap,industrials,compressors / drilling equipment,-1.0708,71425
2026-09-22,15:29,LAHOTIOV,40.68,116.3651,smallcap,services,trading,1.9804,1423
2026-09-22,15:29,LFIC,135.3,39.756,smallcap,financials,finance & investments,2.0978,122
2026-09-22,15:29,LODHA,1144,113696.9449,largecap,realty,construction,0.5272,647829
2026-09-22,15:29,LOVABLE,71.27,104.2512,smallcap,textiles,textiles - products,1.1783,14944
2026-09-22,15:29,LOYALTEX,214.95,97.5523,smallcap,textiles,textiles - composite,6.1272,31
2026-09-22,15:29,MAPMYINDIA,922,4931.2331,smallcap,i.t,computers - software - medium / small,2.3876,1688962
2026-09-22,15:29,MASFIN,289.35,5301.1604,midcap,financials,finance & investments,-0.9584,220651
2026-09-22,15:29,MBEL,259.25,1457.5652,smallcap,realty,construction,1.6467,145564
2026-09-22,15:29,MIDWESTLTD,1018.3,3573.7734,smallcap,consumer discretionary,miscellaneous,3.0355,17524
2026-09-22,15:29,MURUDCERA,29.23,171.3431,smallcap,building materials,ceramics - tiles / sanitaryware,3.2862,27522
2026-09-22,15:29,NAGREEKEXP,21.66,67.6546,smallcap,textiles,textiles - cotton/blended,0.0462,18998
2026-09-22,15:29,NAHARPOLY,232.84,549.3203,smallcap,industrials,packaging,4.2209,6546
2026-09-22,15:29,NAM-INDIA,1159,73308.0605,largecap,financials,finance & investments,1.0726,699444
2026-09-22,15:29,NAVKARURB,0.91,97.6219,smallcap,realty,construction,4.5977,284743
2026-09-22,15:29,NETWEB,4817,26864.6161,largecap,i.t,computers - hardware,2.0983,927925
2026-09-22,15:29,NIPPOBATRY,325.55,238.6125,smallcap,industrials,dry cells,2.3259,7961
2026-09-22,15:29,NITCO,91.89,2151.8976,smallcap,building materials,trading,2.7048,1072518
2026-09-22,15:29,NTPC,327.8,316499.1826,largecap,power & utilities,power generation and supply,0.4289,6219007
2026-09-22,15:29,OLAELEC,37.78,17125.1108,midcap,auto,automobiles - motorcycles / mopeds,2.1081,73804321
2026-09-22,15:29,OSWALAGRO,35.12,466.6001,smallcap,services,trading,1.0357,9299
2026-09-22,15:29,OSWALGREEN,20.06,507.1981,smallcap,realty,construction,1.5696,65670
2026-09-22,15:29,PACEDIGITK,167.74,3342.6736,smallcap,telecom,engineering - turnkey services,8.3172,26735640
2026-09-22,15:29,PANACEABIO,382.65,2303.9468,smallcap,healthcare,pharmaceuticals - indian - bulk drugs & formln,1.728,149585
2026-09-22,15:29,PATELENG,26.85,2554.7655,smallcap,realty,construction,4.2718,8482601
2026-09-22,15:29,PLASTIBLEN,185.94,482.5415,smallcap,chemicals,chemicals,0.1454,7913
2026-09-22,15:29,PRADPME,498.85,820.4977,smallcap,industrials,castings & forgings,4.9989,31261
2026-09-22,15:29,PRAJIND,317.55,5737.7255,midcap,industrials,engineering,1.7299,502874
2026-09-22,15:29,PRAKASH,119.12,2150.5938,smallcap,metals & mining,steel - medium / small,-0.8077,564037
2026-09-22,15:29,PRAKASHSTL,3.72,64.5751,smallcap,metals & mining,steel - medium / small,0.813,65227
2026-09-22,15:29,PRAVEG,255.85,659.5297,smallcap,services,hotels,1.4071,26918
2026-09-22,15:29,RAILTEL,263.9,8352.422,midcap,transportation,telecommunications - service provider,1.4025,469926
2026-09-22,15:29,RAYMONDLSL,652.8,3936.5803,smallcap,textiles,textiles - products,1.0292,312338
2026-09-22,15:29,REGENCERAM,33.3,82.0218,smallcap,building materials,ceramics - tiles / sanitaryware,7.3501,2947
2026-09-22,15:29,RPPINFRA,54.98,265.5822,smallcap,realty,construction,2.6512,27867
2026-09-22,15:29,RTNINDIA,27.22,3743.1861,smallcap,financials,finance & investments,0.517,1363637
2026-09-22,15:29,SADBHIN,2.58,87.7041,smallcap,realty,construction,3.6145,117847
2026-09-22,15:29,SAKSOFT,144.36,1943.4664,smallcap,i.t,computers - software - medium / small,-1.5414,221274
2026-09-22,15:29,SANWARIA,0.19,13.9859,smallcap,fmcg,food - processing - indian,0,571650
2026-09-22,15:29,SARLAPOLY,99.26,784.5356,smallcap,textiles,textiles - spinning - synthetic / blended,0.5878,65467
2026-09-22,15:29,SCILAL,38.27,1780.7496,smallcap,services,miscellaneous,0.1046,298183
2026-09-22,15:29,SEPC,5.16,990.2663,smallcap,realty,engineering - turnkey services,1.3752,6308331
2026-09-22,15:29,SHAKTIPUMP,469.1,5811.4272,midcap,industrials,pumps,-0.3928,446914
2026-09-22,15:29,SINTERCOM,80.49,203.4581,smallcap,auto,auto ancillaries,8.9027,38291
2026-09-22,15:29,SPCENET,3.29,179.9722,smallcap,services,trading,3.7855,909337
2026-09-22,15:29,STYLAMIND,3309.3999,5415.7526,midcap,building materials,miscellaneous,3.5644,109057
2026-09-22,15:29,SUMEETINDS,10.53,696.8341,smallcap,textiles,textiles - manmade,4.985,624237
2026-09-22,15:29,SUMIT,50.06,237.0923,smallcap,realty,construction,1.0497,13814
2026-09-22,15:29,SUMMITSEC,1404,1513.7123,smallcap,financials,finance & investments,1.1163,650
2026-09-22,15:29,SUNTV,490.1,18031.3418,midcap,media,entertainment / electronic media software,7.114,3413835
2026-09-22,15:29,SWSOLAR,178.42,4046.4041,smallcap,realty,engineering - turnkey services,2.9722,5752741
2026-09-22,15:29,TECHM,1551.6,152742.0328,largecap,i.t,computers - software - large,-0.4427,1013719
2026-09-22,15:29,THANGAMAYL,5119.5,15324.9905,midcap,consumer discretionary,diamond cutting / jewellery,3.8333,65238
2026-09-22,15:29,THOMASCOTT,236.9,351.5831,smallcap,consumer discretionary,textiles - products,0.0845,91068
2026-09-22,15:29,TIGERLOGS,26.57,271.2904,smallcap,transportation,miscellaneous,3.5464,94527
2026-09-22,15:29,TITAN,4928.5,432795.753,largecap,consumer discretionary,diamond cutting / jewellery,1.0974,1238174
2026-09-22,15:29,TOLINS,89.6,353.1694,smallcap,auto,tyres,0.2349,26635
2026-09-22,15:29,TRANSRAILL,477.15,5560.8846,midcap,realty,engineering - turnkey services,15.198,23971640
2026-09-22,15:29,UDS,198.14,1328.8879,smallcap,miscellaneous,miscellaneous,-0.1713,138849
2026-09-22,15:29,UMAEXPORTS,20.01,66.3349,smallcap,services,trading,1.9878,16517
2026-09-22,15:29,UNIECOM,86.32,911.5075,smallcap,i.t,computers - software - medium / small,6.4234,13825616
2026-09-22,15:29,VAML,425.35,161518.5787,largecap,metals & mining,aluminium and aluminium products,2.9779,8507810
2026-09-22,15:29,VARDMNPOLY,5.8,279.668,smallcap,textiles,textiles - cotton/blended,0.1727,87970
2026-09-22,15:29,VEDL,263,101865.6089,largecap,metals & mining,mining / minerals / metals,0.9597,5419840
2026-09-22,15:29,VENTIVE,579.6,13002.429,midcap,services,hotels,4.1042,97386
2026-09-22,15:29,VERANDA,230.13,2207.3821,smallcap,services,miscellaneous,0.4189,627174
2026-09-22,15:29,VIKASECO,1.04,183.9454,smallcap,miscellaneous,diversified - medium / small,0,1737447
2026-09-22,15:29,VINYLINDIA,220.2,397.3469,smallcap,chemicals,trading,1.6198,3368
2026-09-22,15:29,VIPIND,297.2,4203.3141,smallcap,plastic products,moulded luggage,0.4393,297936
2026-09-22,15:29,VIYASH,251.5,10993.9714,midcap,healthcare,pharmaceuticals - indian - bulk drugs & formln,-0.0596,4520764
2026-09-22,15:29,VMM,104.03,47535.355,largecap,consumer discretionary,trading,2.3414,12806676
2026-09-22,15:29,YATRA,108.82,1627.064,smallcap,i.t,travel agencies,4.9474,1814749
2026-09-22,15:29,ZENTEC,1673.8,15233.7889,midcap,aerospace & defence,miscellaneous,-0.7942,252218
2026-09-22,15:29,ZSARACOM,10485,1126.8332,smallcap,financials,finance & investments,1.9743,9
2026-09-23,15:29,360ONE,1108,43657.6366,largecap,financials,finance & investments,3.2138,3642452
2026-09-23,15:29,5PAISA,318.15,1478.1976,smallcap,financials,finance & investments,0.9039,30838
2026-09-23,15:29,ACCELYA,1124.6,1669.9501,smallcap,i.t,computers - software - medium / small,0.5184,4790
2026-09-23,15:29,ACI,474.6,5716.7409,midcap,chemicals,chemicals,2.4943,262279
2026-09-23,15:29,ADL,69.87,38.4071,smallcap,building materials,miscellaneous,1.2609,1168
2026-09-23,15:29,ADSL,97.78,545.5469,smallcap,i.t,computers - software - medium / small,1.3895,76698
2026-09-23,15:29,ADVANCE,119.37,695.1858,smallcap,chemicals,pesticides / agrochemicals - indian,10.3847,531664
2026-09-23,15:29,ADVENTHTL,130.36,683.78,smallcap,services,hotels,2.84,162425
2026-09-23,15:29,AGROPHOS,24.25,48.5971,smallcap,chemicals,fertilizers,1.1681,18600
2026-09-23,15:29,AMBER,7064.5,24687.4369,largecap,consumer discretionary,air-conditioners,0.9214,63504
2026-09-23,15:29,AMBUJACEM,392.75,96137.5769,largecap,building materials,cement - north india,1.512,697717
2026-09-23,15:29,AMJLAND,37.97,154.775,smallcap,realty,construction,0.5828,16007
2026-09-23,15:29,ANTGRAPHIC,0.73,11.0057,smallcap,miscellaneous,diversified - medium / small,2.8169,254770
2026-09-23,15:29,ANUP,1698.4,3331.2328,smallcap,industrials,engineering,2.1287,56184
2026-09-23,15:29,ANURAS,1193.4,13637.8891,midcap,chemicals,chemicals,-0.3757,313061
2026-09-23,15:29,APEX,362.5,1115.3125,smallcap,fmcg,aquaculture,1.5691,77992
2026-09-23,15:29,APTUS,251.33,12123.1906,midcap,financials,finance - housing,3.8211,3164338
2026-09-23,15:29,ARE&M,812.85,14517.5719,midcap,auto,auto ancillaries,2.4773,600363
2026-09-23,15:29,ARENTERP,34.98,10.8076,smallcap,metals & mining,trading,0.604,1317
2026-09-23,15:29,AROGRANITE,24.23,35.3277,smallcap,consumer discretionary,miscellaneous,4.9372,9021
2026-09-23,15:29,ASHOKLEY,162.89,94422.2119,largecap,auto,automobiles - lcvs / hcvs,1.3313,4011012
2026-09-23,15:29,ATLASCYCLE,100.46,60.8434,smallcap,consumer discretionary,cycles and accessories,7.3864,239595
2026-09-23,15:29,AUBANK,1053,77623.4537,largecap,bank,banks - private sector,1.6017,1565213
2026-09-23,15:29,AWL,186.18,23797.1153,largecap,fmcg,solvent extraction,1.6821,1339573
2026-09-23,15:29,BAJFINANCE,1043.2,628074.2702,largecap,financials,finance & investments,3.41,8618523
2026-09-23,15:29,BALAJEE,25.68,205.477,smallcap,industrials,packaging,1.9452,26960
2026-09-23,15:29,BANCOINDIA,611.75,8663.0541,midcap,auto,auto ancillaries,1.0072,59280
2026-09-23,15:29,BANKBARODA,236.87,121190.8727,largecap,bank,banks - public sector,1.0753,5657358
2026-09-23,15:29,BBL,2231.1001,2509.7448,smallcap,industrials,electric equipment,0.4819,16265
2026-09-23,15:29,BCONCEPTS,153.06,190.4485,smallcap,consumer discretionary,trading,0.3146,2512
2026-09-23,15:29,BEARDSELL,24.75,96.2657,smallcap,plastic products,plastics products,1.3929,11349
2026-09-23,15:29,BERGEPAINT,459.75,52773.2873,largecap,building materials,paints / varnishes,1.5798,320195
2026-09-23,15:29,BHARATRAS,1134,1877.1839,smallcap,chemicals,pesticides / agrochemicals - indian,0.4073,7663
2026-09-23,15:29,BHARATWIRE,170.1,1151.4677,smallcap,metals & mining,steel - medium / small,1.3163,109975
2026-09-23,15:29,BIKAJI,591.1,13882.0208,midcap,fmcg,food - processing - indian,6.7642,4379438
2026-09-23,15:29,BIRLACORPN,839.95,6295.9572,midcap,building materials,cement - north india,2.7336,35065
2026-09-23,15:29,BNAGROCHEM,206.88,1963.7695,smallcap,services,trading,3.0022,1181
2026-09-23,15:29,BRNL,16.66,139.9447,smallcap,realty,construction,-0.06,61714
2026-09-23,15:29,BSE,3270.7,131950.4989,largecap,financials,miscellaneous,1.1036,2796681
2026-09-23,15:29,CAMS,723.9,17473.6129,midcap,financials,miscellaneous,2.8267,1333519
2026-09-23,15:29,CANBK,126,111478.304,largecap,bank,banks - public sector,2.5224,15597011
2026-09-23,15:29,CARERATING,1639.6,4893.234,smallcap,financials,miscellaneous,0.7249,18775
2026-09-23,15:29,CROMPTON,223.43,14294.9102,midcap,consumer discretionary,electric equipment,0.6441,2224190
2026-09-23,15:29,CUPID,273.85,34719.1393,largecap,fmcg,personal care - indian,6.0612,52637525
2026-09-23,15:29,DALMIASUG,407.75,3141.2543,smallcap,fmcg,sugar,5.0631,236658
2026-09-23,15:29,DAMCAPITAL,140.39,973.3462,smallcap,financials,finance & investments,1.9535,218160
2026-09-23,15:29,DBREALTY,101.48,5242.3613,midcap,realty,construction,4.9974,1033102
2026-09-23,15:29,DEEPAKNTR,1635.8,22002.9254,largecap,chemicals,chemicals,1.4009,109445
2026-09-23,15:29,DELPHIFX,5.63,131.7088,smallcap,financials,finance & investments,4.8417,186505
2026-09-23,15:29,DEN,26.84,1253.1898,smallcap,media,entertainment / electronic media software,2.2087,319639
2026-09-23,15:29,DONEAR,83.13,429,smallcap,textiles,textiles - processing,0.7636,13479
2026-09-23,15:29,DRCSYSTEMS,12.67,177.076,smallcap,i.t,computers - software - medium / small,3.0919,31414
2026-09-23,15:29,DREDGECORP,1017.5,2782.64,smallcap,miscellaneous,miscellaneous,2.3848,53819
2026-09-23,15:29,DUCON,1.6,83.9308,smallcap,realty,engineering - turnkey services,9.589,1509806
2026-09-23,15:29,EKC,113.66,1131.1656,smallcap,industrials,packaging,12.7468,23855254
2026-09-23,15:29,ENERGYDEV,14.71,69.065,smallcap,power & utilities,power generation and supply,1.1692,22249
2026-09-23,15:29,ESTER,88.32,908.5141,smallcap,industrials,packaging,1.389,25566
2026-09-23,15:29,ETHOSLTD,2660.2,6992.5879,midcap,consumer discretionary,trading,1.7947,84295
2026-09-23,15:29,EVEREADY,328.5,2391.7743,smallcap,industrials,dry cells,-0.1671,50486
2026-09-23,15:29,FIEMIND,1924.5,5018.3696,midcap,auto,auto ancillaries,0.9336,67467
2026-09-23,15:29,FINPIPE,154.16,9489.5738,midcap,plastic products,plastics products,0.7977,604745
2026-09-23,15:29,FISCHER,35.03,2302.1686,smallcap,services,trading,6.3126,2948354
2026-09-23,15:29,FRONTSP,1394.6,1373.2012,smallcap,auto,auto ancillaries,19.9966,353549
2026-09-23,15:29,GAEL,163.19,7204.7987,midcap,fmcg,miscellaneous,3.8897,947394
2026-09-23,15:29,GANGESSECU,115.63,115.0824,smallcap,financials,finance & investments,0.5129,344
2026-09-23,15:29,GAUDIUMIVF,117.69,810.482,smallcap,healthcare,healthcare,5.6938,430439
2026-09-23,15:29,GHCL,424,3872.2514,smallcap,chemicals,chemicals,0.8803,108262
2026-09-23,15:29,GINNIFILA,42.95,356.3043,smallcap,textiles,textiles - cotton/blended,3.2452,35575
2026-09-23,15:29,GOCOLORS,317.55,1619.4303,smallcap,textiles,textiles - products,3.1341,89102
2026-09-23,15:29,GODREJIND,1106,37035.0604,largecap,chemicals,chemicals,0.582,35933
2026-09-23,15:29,GOKULAGRO,225.81,6525.8427,midcap,fmcg,solvent extraction,2.1072,260169
2026-09-23,15:29,GOLDIAM,332.6,4814.8169,smallcap,consumer discretionary,diamond cutting / jewellery,4.0025,477829
2026-09-23,15:29,GRANDOAK,35.06,1743.4487,smallcap,financials,finance & investments,4.3452,4167
2026-09-23,15:29,GREENPOWER,9.08,1055.7285,smallcap,power & utilities,power generation and supply,0.8889,2257309
2026-09-23,15:29,GROBTEA,919.35,105.0979,smallcap,fmcg,tea,1.6755,65
2026-09-23,15:29,GSFC,155.34,6064.4295,midcap,chemicals,fertilizers,2.0698,1011816
2026-09-23,15:29,GTL,7.03,109.9504,smallcap,telecom-service,telecommunications - service provider,0.5723,121517
2026-09-23,15:29,GUJRAFFIA,40,21.191,smallcap,industrials,packaging,2.0148,5157
2026-09-23,15:29,GULFOILLUB,1098.7,5203.7179,midcap,chemicals,chemicals,4.5485,68465
2026-09-23,15:29,HEALTHX,293.3,920.5959,smallcap,financials,finance & investments,1.3476,3099
2026-09-23,15:29,HEMIPROP,120.91,3396.06,smallcap,realty,construction,1.4686,162616
2026-09-23,15:29,HESTERBIO,2241.8,1853.3907,smallcap,healthcare,pharmaceuticals - indian - formulations,2.8962,1601
2026-09-23,15:29,HIMATSEIDE,67.87,794.817,smallcap,textiles,textiles - products,7.3723,1480818
2026-09-23,15:29,HINDALCO,1003.8,218655.1407,largecap,metals & mining,aluminium and aluminium products,3.1655,5158521
2026-09-23,15:29,HINDCOMPOS,389.1,556.1267,smallcap,auto,auto ancillaries,3.3329,5952
2026-09-23,15:29,HTMEDIA,24.86,569.1303,smallcap,media,entertainment / electronic media software,1.6769,74352
2026-09-23,15:29,HUHTAMAKI,250,1861.9933,smallcap,industrials,packaging,1.3993,102814
2026-09-23,15:29,INNOVANA,299.1,610.0898,smallcap,i.t,computers - software - medium / small,1.2868,35551
2026-09-23,15:29,IREDA,111,30971.7747,largecap,financials,finance - term-lending institutions,0.6803,2079281
2026-09-23,15:29,IRFC,81,104548.048,largecap,financials,finance - term-lending institutions,1.25,5999917
2026-09-23,15:29,JAICORPLTD,96.73,1654.1346,smallcap,plastic products,plastics products,2.6313,498373
2026-09-23,15:29,JBMA,601.8,14027.6573,midcap,auto,auto ancillaries,1.4583,559877
2026-09-23,15:29,JINDRILL,606.8,1703.0746,smallcap,energy,oil drilling / allied services,3.2587,247992
2026-09-23,15:29,JKIL,479.6,3616.8112,smallcap,realty,construction,0.3347,27434
2026-09-23,15:29,JKTYRE,355.35,9989.2316,midcap,auto,tyres,2.5541,764630
2026-09-23,15:29,JTEKTINDIA,119.99,3231.3964,smallcap,auto,auto ancillaries,3.0045,262966
2026-09-23,15:29,JYOTISTRUC,9.33,1096.9735,smallcap,industrials,transmisson line towers / equipment,1.5234,4684974
2026-09-23,15:29,KAJARIACER,1216.4,18851.4682,midcap,building materials,ceramics - tiles / sanitaryware,2.7712,163666
2026-09-23,15:29,KCPSUGIND,29.56,328.2497,smallcap,fmcg,sugar,2.1071,37457
2026-09-23,15:29,KEC,402.4,10423.061,midcap,realty,transmisson line towers / equipment,2.771,891865
2026-09-23,15:29,KFINTECH,911.95,15519.9219,midcap,financials,miscellaneous,1.5535,467472
2026-09-23,15:29,KHAICHEM,50.13,485.14,smallcap,chemicals,fertilizers,0.2199,281525
2026-09-23,15:29,KICL,5000,2185.0539,smallcap,financials,finance & investments,-0.1099,386
2026-09-23,15:29,KIRLOSBROS,1794.3,14097.4666,midcap,industrials,pumps,1.0702,29352
2026-09-23,15:29,KITEX,121.33,2383.626,smallcap,consumer discretionary,textiles - products,1.5484,475593
2026-09-23,15:29,KOTHARIPRO,69.64,380.0318,smallcap,services,trading,9.3765,132714
2026-09-23,15:29,KRITI,63.19,314.8586,smallcap,plastic products,plastics products,5.7573,45222
2026-09-23,15:29,KSCL,710.7,3599.1918,smallcap,fmcg,miscellaneous,1.5721,49831
2026-09-23,15:29,LASERPOWER,287.4,3860.8312,smallcap,industrials,cables - power,4.4901,1452647
2026-09-23,15:29,LEMERITE,19.88,237.0682,smallcap,textiles,trading,4.963,198181
2026-09-23,15:29,LIBERTSHOE,235.48,372.3922,smallcap,consumer discretionary,leather / leather products,7.7514,132090
2026-09-23,15:29,LT,3929.8999,531911.9294,largecap,realty,engineering - turnkey services,1.6424,945462
2026-09-23,15:29,LTF,310,76392.884,largecap,financials,finance & investments,1.6727,5926308
2026-09-23,15:29,MANAPPURAM,320.4,29993.0017,largecap,financials,finance & investments,0.3445,3801599
2026-09-23,15:29,MARKOLINES,169.9,373.0205,smallcap,realty,construction,0.39,92158
2026-09-23,15:29,MASKINVEST,146.67,44.0362,smallcap,financials,finance & investments,1.6354,23
2026-09-23,15:29,MCL,60.75,152.9497,smallcap,metals & mining,mining / minerals / metals,7.8083,247844
2026-09-23,15:29,MCLOUD,25.41,1483.271,smallcap,i.t,computers - software - medium / small,0.9134,930478
2026-09-23,15:29,MGL,1092.8,10542.5522,midcap,energy,miscellaneous,2.3892,289762
2026-09-23,15:29,MICEL,34.71,1013.7026,smallcap,consumer discretionary,electronics - components,1.9982,30107
2026-09-23,15:29,MINDACORP,689.05,16386.504,midcap,auto,auto ancillaries,0.5325,152854
2026-09-23,15:29,MINDTECK,159.65,504.685,smallcap,i.t,computers - software - medium / small,1.0827,14739
2026-09-23,15:29,MMWL,13.7,1505.4144,smallcap,media,entertainment / electronic media software,3.085,35980
2026-09-23,15:29,MOKSH,10.13,88.7785,smallcap,consumer discretionary,diamond cutting / jewellery,0.6958,55566
2026-09-23,15:29,MOLDTKPAC,679.95,2126.4844,smallcap,industrials,packaging,6.2505,78593
2026-09-23,15:29,MRPL,166.32,28819.7343,largecap,energy,refineries,1.1433,5593160
2026-09-23,15:29,MSPL,35.57,1892.534,smallcap,metals & mining,steel - medium / small,6.5289,1132883
2026-09-23,15:29,MUFIN,133.11,2629.4141,smallcap,financials,finance & investments,0.3165,928541
2026-09-23,15:29,MUKTAARTS,57.89,126.4771,smallcap,media,entertainment / electronic media software,3.375,27193
2026-09-23,15:29,NATIONALUM,363.45,64686.1715,largecap,metals & mining,aluminium and aluminium products,3.1942,6249209
2026-09-23,15:29,NBCC,83.99,22113,largecap,miscellaneous,miscellaneous,2.5519,5625306
2026-09-23,15:29,NESTLEIND,1387.2,263002.7901,largecap,fmcg,food - processing - mnc,1.7083,685984
2026-09-23,15:29,NEWGEN,504.15,7064.2208,midcap,i.t,computers - software - medium / small,1.7047,688103
2026-09-23,15:29,NIITLTD,91.67,1223.3245,smallcap,i.t,computers - education,2.4017,166415
2026-09-23,15:29,NIRLON,610.05,5419.2483,midcap,realty,construction,1.4467,5520
2026-09-23,15:29,OCCLLTD,155.17,755.9503,smallcap,chemicals,chemicals,2.5307,50473
2026-09-23,15:29,ORIENTCEM,124.89,2531.0602,smallcap,building materials,cement - south india,1.38,144462
2026-09-23,15:29,PATELRMART,210.33,685.9132,smallcap,consumer discretionary,trading,2.4201,55309
2026-09-23,15:29,PFS,26.72,1697.5549,smallcap,financials,finance & investments,1.0972,485229
2026-09-23,15:29,PNBHOUSING,1138.5,29332.0017,largecap,financials,finance - housing,1.1461,896182
2026-09-23,15:29,POLYPLEX,1117.1,3426.8012,smallcap,industrials,packaging,2.336,27586
2026-09-23,15:29,PPAP,244.2,329.1985,smallcap,auto,auto ancillaries,4.9871,12484
2026-09-23,15:29,PRESTIGE,1490,63730.8451,largecap,realty,construction,0.7029,141420
2026-09-23,15:29,PRINCEPIPE,265.75,2932.6326,smallcap,plastic products,plastics products,0.1885,67525
2026-09-23,15:29,PROSTARM,138.08,752.6528,smallcap,industrials,trading,8.01,1923182
2026-09-23,15:29,PSPPROJECT,832.55,3285.1152,smallcap,realty,construction,0.4646,139703
2026-09-23,15:29,RADAAN,3.13,15.5444,smallcap,media,entertainment / electronic media software,9.0592,566770
2026-09-23,15:29,RAJPALAYAM,790.45,699.3522,smallcap,textiles,textiles - cotton/blended,4.2123,1133
2026-09-23,15:29,RAJRATAN,483.2,2285.7104,smallcap,metals & mining,steel - medium / small,7.3301,618194
2026-09-23,15:29,RAMKY,325.15,2190.4561,smallcap,realty,construction,2.7168,35578
2026-09-23,15:29,REPRO,301.35,427.778,smallcap,miscellaneous,printing & stationery,1.0563,15927
2026-09-23,15:29,RIIL,719.95,1071.647,smallcap,transportation,miscellaneous,1.4443,86618
2026-09-23,15:29,RKSWAMY,92.45,443.1902,smallcap,media,miscellaneous,5.2961,39564
2026-09-23,15:29,ROML,41.87,65.7774,smallcap,fmcg,solvent extraction,1.7744,2617
2026-09-23,15:29,ROSSARI,454.8,2449.6942,smallcap,chemicals,chemicals,2.8378,128013
2026-09-23,15:29,RRIL,16.04,195.2762,smallcap,realty,construction,-0.4345,28739
2026-09-23,15:29,SADBHAV,7.71,131.7664,smallcap,realty,construction,0.3906,84305
2026-09-23,15:29,SAGARDEEP,24.36,39.8973,smallcap,metals & mining,mining / minerals / metals,4.1471,8632
2026-09-23,15:29,SAKUMA,1.67,238.2932,smallcap,services,trading,9.8684,2655959
2026-09-23,15:29,SALASAR,4.94,866.9833,smallcap,metals & mining,steel - medium / small,-0.4032,2776406
2026-09-23,15:29,SAMMAANCAP,144.48,16578.6312,midcap,financials,finance - housing,1.4892,3230314
2026-09-23,15:29,SAPPL,273.1,242.0833,smallcap,building materials,paper,0.3491,524
2026-09-23,15:29,SASKEN,1780.6,2666.1368,smallcap,i.t,computers - software - medium / small,1.424,15461
2026-09-23,15:29,SAURASHCEM,53.86,591.4919,smallcap,building materials,cement - north india,1.3358,78627
2026-09-23,15:29,SBIN,994.1,911061.9557,largecap,bank,banks - public sector,0.7193,4522248
2026-09-23,15:29,SCHAND,137.86,471.7656,smallcap,miscellaneous,printing & stationery,3.0729,58188
2026-09-23,15:29,SEIL,197.86,3087.014,smallcap,services,miscellaneous,3.1918,309195
2026-09-23,15:29,SHALBY,145.67,1476.4936,smallcap,healthcare,healthcare,6.5618,224182
2026-09-23,15:29,SHARDACROP,758.05,6742.6287,midcap,chemicals,pesticides / agrochemicals - indian,1.4317,82837
2026-09-23,15:29,SHBAJRG,161.24,138.411,smallcap,metals & mining,steel - medium / small,4.8443,2653
2026-09-23,15:29,SHK,144.45,1914.0828,smallcap,chemicals,chemicals,4.462,536940
2026-09-23,15:29,SHREECEM,22500,80099.2606,largecap,building materials,cement - north india,1.3514,10207
2026-09-23,15:29,SHRIKRISH,35.45,97.3,smallcap,realty,construction,2.0144,157
2026-09-23,15:29,SHRIRAMFIN,1010.8,236703.2619,largecap,financials,finance & investments,0.4771,2916356
2026-09-23,15:29,SHRIRAMPPS,72.69,1212.1581,smallcap,realty,construction,2.337,285463
2026-09-23,15:29,SOMATEX,82.35,264.3301,smallcap,realty,construction,2.9118,6703
2026-09-23,15:29,SPANDANA,232.18,2015.4851,smallcap,financials,finance & investments,2.111,78579
2026-09-23,15:29,SPIC,67,1345.859,smallcap,chemicals,fertilizers,1.3769,356978
2026-09-23,15:29,STCINDIA,111.98,666.36,smallcap,services,trading,0.8284,15098
2026-09-23,15:29,SUNPHARMA,1865,443013.2089,largecap,healthcare,pharmaceuticals - indian - bulk drugs & formln,1.0074,902514
2026-09-23,15:29,SUPREMEINF,81,778.7229,smallcap,realty,engineering - turnkey services,0.6211,12781
2026-09-23,15:29,SURYODAY,149.3,1556.083,smallcap,bank,banks - private sector,1.9809,157818
2026-09-23,15:29,SUYOG,671.55,755.3441,smallcap,telecom,transmisson line towers / equipment,4.1728,15611
2026-09-23,15:29,SYNGENE,381.85,15238.5103,midcap,healthcare,miscellaneous,1.1523,369046
2026-09-23,15:29,TANLA,500.4,6436.5835,midcap,i.t,computers - software - medium / small,3.1009,473046
2026-09-23,15:29,TARIL,289,8427.1558,midcap,industrials,electric equipment,2.9386,1257349
2026-09-23,15:29,THAKDEV,133.78,113.724,smallcap,realty,construction,5.8721,1517
2026-09-23,15:29,TPLPLASTEH,67.15,507.7215,smallcap,industrials,packaging,3.1649,108318
2026-09-23,15:29,TRITURBINE,562.1,17493.7607,midcap,industrials,electric equipment,2.1443,304911
2026-09-23,15:29,TVTODAY,107.7,642.452,smallcap,media,entertainment / electronic media software,0.0279,57092
2026-09-23,15:29,TVVISION,2.91,10.771,smallcap,media,entertainment / electronic media software,4.6763,92299
2026-09-23,15:29,UCOBANK,24.04,29743.8339,largecap,bank,banks - public sector,1.3491,3219016
2026-09-23,15:29,UNIDT,235.24,431.279,smallcap,industrials,engineering,10.7429,330560
2026-09-23,15:29,UNIONBANK,180,135878.1798,largecap,bank,banks - public sector,1.1236,5681838
2026-09-23,15:29,UNITDSPR,1441,101683.6492,largecap,fmcg,breweries & distilleries,3.0758,767514
2026-09-23,15:29,V2RETAIL,215.63,7773.3433,midcap,consumer discretionary,textiles - products,1.1493,622820
2026-09-23,15:29,VEDPOWER,32.98,12149.5757,midcap,power & utilities,power generation and supply,6.1474,28255830
2026-09-23,15:29,VHL,3383.8,1066.8667,smallcap,financials,finance & investments,1.2265,409
2026-09-23,15:29,VIDYAWIRES,88.71,1802.9927,smallcap,industrials,electric equipment,4.6479,1131104
2026-09-23,15:29,VISACHROME,34.81,483.438,smallcap,metals & mining,mining / minerals / metals,4.9759,15590
2026-09-23,15:29,VISL,33.82,12595.3599,midcap,metals & mining,steel - medium / small,4.9984,10439050
2026-09-23,15:29,VLSFINANCE,241.15,741.9799,smallcap,financials,finance & investments,1.9834,1965
2026-09-23,15:29,VOGL,35.86,13690.2686,midcap,energy,oil drilling / allied services,2.4279,33407800
2026-09-23,15:29,WAAREERTL,848,8524.5295,midcap,power & utilities,engineering - turnkey services,3.8007,453569
2026-09-23,15:29,WALCHANNAG,212.63,1350.3962,smallcap,industrials,engineering,6.8224,1487437
2026-09-23,15:29,WANBURY,233.1,778.1004,smallcap,healthcare,pharmaceuticals - indian - bulk drugs & formln,4.67,256087
2026-09-23,15:29,WHIRLPOOL,865.25,9148.0933,midcap,consumer discretionary,domestic appliances,19.9986,10753329
2026-09-23,15:29,WSI,58.13,442.6215,smallcap,realty,construction,-0.3258,34947
2026-09-23,15:29,YASHO,4144.7002,4773.8862,smallcap,chemicals,chemicals,4.68,59622
2026-09-23,15:29,ZODIACLOTH,69.71,191.9049,smallcap,consumer discretionary,textiles - products,-0.2575,5230
2026-09-24,15:29,AERONEU,80.64,173.3491,smallcap,industrials,packaging,20,88367
2026-09-24,15:29,AGARWALEYE,502.1,15684.3202,midcap,healthcare,healthcare,1.4753,355015
2026-09-24,15:29,AMBALALSA,41.27,310.1349,smallcap,healthcare,trading,1.9768,55275
2026-09-24,15:29,ATALREAL,14.6,177.915,smallcap,realty,construction,1.6713,5678874
2026-09-24,15:29,ATUL,6135.5,18012.4657,midcap,chemicals,chemicals,0.286,22896
2026-09-24,15:29,AVANTEL,155.34,3883.8955,smallcap,aerospace & defence,telecommunications - equipment,6.2735,19469119
2026-09-24,15:29,BEDMUTHA,103.05,338.4159,smallcap,metals & mining,mining / minerals / metals,-1.7542,527
2026-09-24,15:29,CELLO,339.8,7158.884,midcap,consumer discretionary,trading,4.8442,2264566
2026-09-24,15:29,CHEMFAB,358.2,505.3794,smallcap,chemicals,chemicals,1.8771,5232
2026-09-24,15:29,DANGEE,2.97,41.5733,smallcap,fmcg,food - processing - indian,10,7561092
2026-09-24,15:29,DCI,302.4,440.504,smallcap,i.t,trading,12.5838,1477566
2026-09-24,15:29,FELDVR,2.07,8.2293,smallcap,consumer discretionary,trading,-0.9569,3806
2026-09-24,15:29,FILATFASH,0.18,150.0133,smallcap,textiles,textiles - products,0,47083777
2026-09-24,15:29,GLOBUSSPR,836.5,2608.4558,smallcap,fmcg,breweries & distilleries,0.8925,99347
2026-09-24,15:29,GLOTTIS,63.36,536.8614,smallcap,transportation,miscellaneous,9.0534,791242
2026-09-24,15:29,GOLDTECH,46.28,230.3702,smallcap,i.t,computers - software - medium / small,4.9909,9493
2026-09-24,15:29,GOODYEAR,707.15,1637.03,smallcap,auto,tyres,-0.3593,3213
2026-09-24,15:29,GSPCROP,490.4,2274.0691,smallcap,chemicals,pesticides / agrochemicals - indian,0.3171,234623
2026-09-24,15:29,HAVELLS,1090,68812.1351,largecap,consumer discretionary,electric equipment,-0.5928,374085
2026-09-24,15:29,HGINFRA,468.05,2937.262,smallcap,realty,construction,3.8496,13068436
2026-09-24,15:29,INDBANK,26.23,116.0046,smallcap,financials,finance & investments,0.3443,55645
2026-09-24,15:29,INDTERRAIN,29.89,148.8101,smallcap,textiles,trading,1.7705,21209
2026-09-24,15:29,JAGSNPHARM,243.97,1485.4457,smallcap,healthcare,pharmaceuticals - indian - bulk drugs & formln,8.1283,9252736
2026-09-24,15:29,JAIPURKURT,25.26,47.6313,smallcap,textiles,textiles - products,1.2425,7243
2026-09-24,15:29,JAYBARMARU,121.9,1256.7825,smallcap,auto,auto ancillaries,4.9957,262106
2026-09-24,15:29,JUBLINGREA,635.35,10209.1246,midcap,chemicals,chemicals,-0.8737,284101
2026-09-24,15:29,KAYNES,3509.5,23180.5834,largecap,consumer discretionary,electronics - components,1.4893,1525539
2026-09-24,15:29,KEEPLEARN,1.82,28.651,smallcap,services,miscellaneous,-1.087,32956
2026-09-24,15:29,MCCHRLS-B,677.85,860.8701,smallcap,realty,miscellaneous,3.1578,297
2026-09-24,15:29,MODIS,363.2,698.1324,smallcap,realty,construction,1.9223,40714
2026-09-24,15:29,MODTHREAD,47.24,159.6875,smallcap,textiles,textiles - spinning - synthetic / blended,2.8746,5968
2026-09-24,15:29,MUTHOOTCAP,231.03,374.5268,smallcap,financials,finance & investments,1.458,12323
2026-09-24,15:29,NATHBIOGEN,150.21,281.2972,smallcap,fmcg,miscellaneous,1.4795,8860
2026-09-24,15:29,PANSARI,286.9,483.2764,smallcap,realty,construction,3.574,23
2026-09-24,15:29,PAVNAIND,15.29,216.2715,smallcap,auto,auto ancillaries,-1.3548,54956
2026-09-24,15:29,RELTD,146.32,2965.5339,smallcap,industrials,electric equipment,-2.0353,417879
2026-09-24,15:29,REPL,60.62,105.5273,smallcap,miscellaneous,miscellaneous,4.1044,4259
2026-09-24,15:29,RKEC,22.84,49.1624,smallcap,realty,construction,19.958,234560
2026-09-24,15:29,ROTO,63.77,1189.6575,smallcap,industrials,pumps,1.0138,1667390
2026-09-24,15:29,SANOFI,3132.7,7029.8671,midcap,healthcare,pharmaceuticals - multinational,2.6307,112839
2026-09-24,15:29,SANOFICONR,3971.3,9224.6853,midcap,healthcare,pharmaceuticals - multinational,-0.8513,4134
2026-09-24,15:29,SHRINGARMS,210.25,2027.1952,smallcap,consumer discretionary,diamond cutting / jewellery,0.0143,344700
2026-09-24,15:29,SMLT,60.74,82.9736,smallcap,metals & mining,steel - medium / small,0.2145,2408
2026-09-24,15:29,SONAL,87.7,123.1404,smallcap,financials,finance & investments,4.9671,203
2026-09-24,15:29,STYL,370.35,5821.7736,midcap,i.t,computers - software - medium / small,2.9322,113636
2026-09-24,15:29,TREEHOUSE,6.07,25.0903,smallcap,services,miscellaneous,2.3609,14428
2026-09-24,15:29,UBL,1270.2,32847.0517,largecap,fmcg,breweries & distilleries,2.2458,133103
2026-09-24,15:29,UMESLTD,4.51,12.1513,smallcap,i.t,computers - education,-1.9565,39599
2026-09-24,15:29,VTL,563.6,16252.6188,midcap,textiles,textiles - cotton/blended,0.3829,2304091
2026-09-24,15:29,WIPL,166.6,136.5698,smallcap,building materials,miscellaneous,3.5361,1451
2026-09-24,15:29,ZEELEARN,6.77,224.1682,smallcap,i.t,computers - education,-1.0234,107560
2026-09-25,15:29,AARON,124.11,244.4035,smallcap,industrials,engineering,6.3678,28654
2026-09-25,15:29,AARVI,136.91,201.6571,smallcap,miscellaneous,miscellaneous,0.7803,7911
2026-09-25,15:29,ABMKNO,174.07,341.6376,smallcap,i.t,computers - software - medium / small,1.9145,7283
2026-09-25,15:29,ADSL,115.52,544.5852,smallcap,i.t,computers - software - medium / small,19.9958,2244060
2026-09-25,15:29,ANDHRSUGAR,95.41,1260.2081,smallcap,chemicals,chlor alkali / soda ash,2.6135,564260
2026-09-25,15:29,ANURAS,1192.4,13402.2231,midcap,chemicals,chemicals,1.2912,167982
2026-09-25,15:29,ASIANPAINT,2444,229507.2552,largecap,building materials,paints / varnishes,2.144,426982
2026-09-25,15:29,BAJAJST,347.25,721.76,smallcap,industrials,engineering,0.072,6987
2026-09-25,15:29,BALKRISIND,2185.3,41907.3004,largecap,auto,tyres,0.8073,114990
2026-09-25,15:29,BCLIND,33.72,988.2069,smallcap,fmcg,breweries & distilleries,0.7169,786893
2026-09-25,15:29,BERGEPAINT,458.35,52400.1664,largecap,building materials,paints / varnishes,1.9915,219110
2026-09-25,15:29,BMWVENTLTD,52.17,452.9124,smallcap,services,trading,-0.1149,43483
2026-09-25,15:29,BRIGHOTEL,56.13,2131.2966,smallcap,services,hotels,0.0356,71084
2026-09-25,15:29,BRITANNIA,4937.5,117905.0309,largecap,fmcg,food - processing - mnc,0.8682,107642
2026-09-25,15:29,BTML,7.46,126.6434,smallcap,media,entertainment / electronic media software,7.0301,623099
2026-09-25,15:29,BYKE,29.76,157.0993,smallcap,services,hotels,-0.9651,19441
2026-09-25,15:29,CANHLIFE,150.7,14393.45,midcap,financials,finance & investments,-0.5346,620247
2026-09-25,15:29,COMFINTE,6.51,182.0448,smallcap,services,trading,14.4113,1363067
2026-09-25,15:29,DCM,75,140.2139,smallcap,"castings, forgings & fasteners",castings & forgings,-0.0932,9883
2026-09-25,15:29,DCMSRIND,39.71,329.5264,smallcap,fmcg,sugar,4.831,2401956
2026-09-25,15:29,DELTAMAGNT,57.16,59.0843,smallcap,textiles,textiles - products,4.977,9102
2026-09-25,15:29,DIXON,13390,81238.1663,largecap,consumer discretionary,electronics - consumer,0.6843,276046
2026-09-25,15:29,DRCSYSTEMS,12.69,180.8221,smallcap,i.t,computers - software - medium / small,1.1155,26678
2026-09-25,15:29,EASEMYTRIP,5.92,2311.0981,smallcap,i.t,travel agencies,2.069,14957504
2026-09-25,15:29,EIHAHOTELS,294.3,1758.6214,smallcap,services,hotels,1.975,30841
2026-09-25,15:29,ELDEHSG,765.5,747.308,smallcap,realty,construction,0.7237,348
2026-09-25,15:29,ESCORTS,2855.7,31581.9712,largecap,auto,automobiles - tractors,1.1619,42484
2026-09-25,15:29,FCSSOFT,1.46,227.3706,smallcap,i.t,computers - software - medium / small,9.7744,3497198
2026-09-25,15:29,FINPIPE,154.16,9557.8262,midcap,plastic products,plastics products,0.0779,346254
2026-09-25,15:29,FORCEMOT,17388,22586.7483,largecap,auto,automobiles - lcvs / hcvs,1.4351,64737
2026-09-25,15:29,GEMAROMA,158.93,810.6159,smallcap,chemicals,chemicals,2.4165,50483
2026-09-25,15:29,GOCLCORP,384.1,1884.9939,smallcap,miscellaneous,diversified - medium / small,1.0125,105705
2026-09-25,15:29,GODIGIT,253.7,23142.815,largecap,financials,finance & investments,1.3584,365201
2026-09-25,15:29,GOLDENTOBC,24.61,42.6837,smallcap,realty,construction,1.5264,1693
2026-09-25,15:29,GOLDIAM,325.05,4843.4227,smallcap,consumer discretionary,diamond cutting / jewellery,1.0413,256884
2026-09-25,15:29,GUJRAFFIA,40.69,21.4829,smallcap,industrials,packaging,2.3648,777
2026-09-25,15:29,HAWKINCOOK,8047.5,4263.8296,smallcap,consumer discretionary,domestic appliances,-0.1984,986
2026-09-25,15:29,HDFCLIFE,531,114467.7067,largecap,financials,finance & investments,0.7781,4285606
2026-09-25,15:29,HEMIPROP,120.36,3386.655,smallcap,realty,construction,1.2876,231330
2026-09-25,15:29,IDEAFORGE,729.85,3608.9133,smallcap,aerospace & defence,engineering,0.4819,135969
2026-09-25,15:29,INNOVANA,301,617.4241,smallcap,i.t,computers - software - medium / small,0.7194,42530
2026-09-25,15:29,INTERARCH,1719.7,2815.3232,smallcap,metals & mining,steel - medium / small,2.4485,103195
2026-09-25,15:29,IREDA,113.22,30932.4455,largecap,financials,finance - term-lending institutions,2.8244,13343910
2026-09-25,15:29,IRIS,235.94,476.3195,smallcap,i.t,computers - software - medium / small,1.8827,26122
2026-09-25,15:29,KCPSUGIND,30.33,328.93,smallcap,fmcg,sugar,4.5502,101593
2026-09-25,15:29,KICL,5009.5,2156.6794,smallcap,financials,finance & investments,1.3966,855
2026-09-25,15:29,LANDSMILL,0.62,73.3561,smallcap,services,trading,19.2308,6935351
2026-09-25,15:29,MADHAV,35.77,30.8314,smallcap,consumer discretionary,miscellaneous,3.8015,3191
2026-09-25,15:29,MADHUCON,4.19,31.3628,smallcap,realty,construction,-1.4118,60505
2026-09-25,15:29,MAGADSUGAR,551.45,708.809,smallcap,fmcg,sugar,9.6322,287247
2026-09-25,15:29,MAGNUM,19.02,127.5871,smallcap,building materials,paper,1.9839,15051
2026-09-25,15:29,MFML,18.75,20.3484,smallcap,textiles,textiles - products,-2.1399,2763
2026-09-25,15:29,MTEDUCARE,1.7,12.2065,smallcap,services,miscellaneous,0.5917,7597
2026-09-25,15:29,NAHARPOLY,227.68,556.8442,smallcap,industrials,packaging,0.5343,1599
2026-09-25,15:29,NARMADA,13.37,100.4556,smallcap,fmcg,miscellaneous,0.9819,1844506
2026-09-25,15:29,NELCAST,118.39,947.3561,smallcap,"castings, forgings & fasteners",castings & forgings,8.7244,702669
2026-09-25,15:29,NOIDATOLL,3.96,72.9884,smallcap,realty,construction,1.0204,34452
2026-09-25,15:29,ORIENTALTL,4.99,36.4596,smallcap,services,trading,0.6048,34099
2026-09-25,15:29,ORTINGLOBE,15.23,11.9938,smallcap,healthcare,pharmaceuticals - indian - bulk drugs & formln,3.2542,2977
2026-09-25,15:29,PALASHSECU,88.92,84.1361,smallcap,financials,finance & investments,5.7187,1078
2026-09-25,15:29,PASHUPATI,79.69,1245.989,smallcap,textiles,textiles - cotton/blended,0.9501,268925
2026-09-25,15:29,PATELRMART,206.28,691.4911,smallcap,consumer discretionary,trading,-0.3623,13767
2026-09-25,15:29,PFIZER,4000.8,18510.4473,midcap,healthcare,pharmaceuticals - multinational,-1.122,15786
2026-09-25,15:29,PILITA,7.71,175.545,smallcap,plastic products,plastics products,3.2129,65850
2026-09-25,15:29,PRAKASH,118.81,2107.4351,smallcap,metals & mining,steel - medium / small,0.9602,464030
2026-09-25,15:29,PUNJABCHEM,1077.6,1292.5569,smallcap,chemicals,pesticides / agrochemicals - indian,2.2294,3752
2026-09-25,15:29,RAJRILTD,20.9,1143.8617,smallcap,textiles,textiles - manmade,1.6043,9307
2026-09-25,15:29,RTNINDIA,26.96,3672.6903,smallcap,financials,finance & investments,1.4678,923840
2026-09-25,15:29,SAPPL,276.9,247.4205,smallcap,building materials,paper,-0.4494,148
2026-09-25,15:29,SAURASHCEM,55.72,587.1517,smallcap,building materials,cement - north india,5.6103,427455
2026-09-25,15:29,SDBL,74.36,1397.9284,smallcap,fmcg,breweries & distilleries,10.5889,22824335
2026-09-25,15:29,SHREDIGCEM,67.85,998.7172,smallcap,building materials,cement - north india,0.4887,42025
2026-09-25,15:29,SHRIRAMFIN,994.1,232938.5977,largecap,financials,finance & investments,0.4141,2700614
2026-09-25,15:29,SIEMENS,3877,136814.3756,largecap,industrials,electric equipment,0.9162,80353
2026-09-25,15:29,SIGMA,45.61,457.657,smallcap,i.t,computers - software - medium / small,2.4253,73296
2026-09-25,15:29,SJS,2317.6001,7237.6455,midcap,auto,plastics products,2.4852,68630
2026-09-25,15:29,SONAL,87.7,129.2569,smallcap,financials,finance & investments,4.9671,406
2026-09-25,15:29,SRGHFL,146.8,242.6614,smallcap,financials,finance - housing,-4.9838,15491
2026-09-25,15:29,STARHEALTH,558.15,32395.2731,largecap,financials,finance & investments,1.4081,1280937
2026-09-25,15:29,SURYODAY,149.12,1544.8163,smallcap,bank,banks - private sector,2.6008,210889
2026-09-25,15:29,TARACHAND,48.46,363.4616,smallcap,miscellaneous,diversified - medium / small,5.0965,71075
2026-09-25,15:29,TARAPUR,12.19,23.829,smallcap,industrials,electric equipment,-0.2455,15620
2026-09-25,15:29,TCI,883.7,6403.4915,midcap,transportation,miscellaneous,6.0292,5770660
2026-09-25,15:29,TCIEXP,501.55,1893.0957,smallcap,transportation,miscellaneous,1.7859,33811
2026-09-25,15:29,THEINVEST,93.86,483.9197,smallcap,financials,finance & investments,1.3279,4243
2026-09-25,15:29,TIPSFILMS,341.45,134.6579,smallcap,media,entertainment / electronic media software,9.6148,24778
2026-09-25,15:29,TREJHARA,144.79,326.3238,smallcap,i.t,computers - software - medium / small,7.0061,46259
2026-09-25,15:29,UJJIVANSFB,64.71,12194.8086,midcap,bank,banks - private sector,3.2222,13378426
2026-09-25,15:29,UNIECOM,83.78,930.05,smallcap,i.t,computers - software - medium / small,1.2325,514134
2026-09-25,15:29,XELPMOC,89.5,110.3894,smallcap,i.t,computers - software - medium / small,19.9893,129401
2026-09-25,15:29,ZODIACLOTH,70.27,190.0926,smallcap,readymade garments/apparels,textiles - products,1.5022,2226
2026-09-25,15:29,ZSARACOM,10307,1090.2292,smallcap,financials,finance & investments,3.6088,47
2026-09-28,15:29,ADL,72.17,38.858,smallcap,building materials,miscellaneous,3.3806,689
2026-09-28,15:29,ADVANIHOTR,48.13,443.1502,smallcap,services,hotels,0.3963,11732
2026-09-28,15:29,AGIIL,271.6,3306.8059,smallcap,realty,construction,2.6649,3175307
2026-09-28,15:29,AMJLAND,38.05,154.57,smallcap,realty,construction,0.9284,31976
2026-09-28,15:29,AMNPLST,166.82,897.6513,smallcap,chemicals,chemicals,2.2495,5146
2026-09-28,15:29,BALKRISHNA,16.44,51.5513,smallcap,services,trading,2.75,15267
2026-09-28,15:29,BHARATCOAL,32.51,14916.371,midcap,metals & mining,mining / minerals / metals,1.4986,13761887
2026-09-28,15:29,BLUECOAST,21.99,41.4451,smallcap,services,hotels,4.416,4693
2026-09-28,15:29,BPL,46.41,220.2929,smallcap,consumer discretionary,electronics - components,3.1792,248463
2026-09-28,15:29,COMPINFO,1.08,8.8341,smallcap,services,trading,4.8544,8357
2026-09-28,15:29,DAMCAPITAL,158.66,976.7391,smallcap,financials,finance & investments,14.8213,18844708
2026-09-28,15:29,DLINKINDIA,418.45,1494.3991,smallcap,i.t,trading,-0.5821,29726
2026-09-28,15:29,EIDPARRY,706.45,12541.4274,midcap,fmcg,sugar,0.2412,344029
2026-09-28,15:29,ELPROINTL,172.52,2911.6515,smallcap,realty,construction,0.4191,9798
2026-09-28,15:29,ENDURANCE,2700.3999,37217.983,largecap,auto,auto ancillaries,2.0598,83166
2026-09-28,15:29,EUROTEXIND,12.92,10.2811,smallcap,textiles,textiles - cotton/blended,9.9574,2600
2026-09-28,15:29,EVEREADY,321.75,2340.5298,smallcap,industrials,dry cells,-0.0776,37243
2026-09-28,15:29,FEL,0.37,16.3775,smallcap,consumer discretionary,trading,2.7778,316935
2026-09-28,15:29,FINEORG,5124,15584.4658,midcap,chemicals,chemicals,0.8066,36014
2026-09-28,15:29,FOODSIN,52.83,389.4967,smallcap,fmcg,food - processing - indian,-0.2643,46599
2026-09-28,15:29,GOYALALUM,5.97,84.3551,smallcap,services,trading,1.0152,41242
2026-09-28,15:29,GROBTEA,919.1,103.953,smallcap,fmcg,tea,2.7674,139
2026-09-28,15:29,GRWRHITECH,6653.5,15426.3096,midcap,industrials,packaging,0.2033,33997
2026-09-28,15:29,GUJAPOLLO,341.45,426.8427,smallcap,industrials,engineering,3.7527,31584
2026-09-28,15:29,HAPPSTMNDS,307.15,4728.1329,smallcap,i.t,computers - software - medium / small,-1.0789,375445
2026-09-28,15:29,IL&FSTRANS,1.97,62.8314,smallcap,realty,engineering - turnkey services,3.1414,55740
2026-09-28,15:29,KHAICHEM,49.51,480.9694,smallcap,chemicals,fertilizers,-0.1613,324044
2026-09-28,15:29,KRIDHANINF,1.89,20.7537,smallcap,services,trading,1.6129,87551
2026-09-28,15:29,LAHOTIOV,40.2,116.3943,smallcap,services,trading,0.7519,5179
2026-09-28,15:29,LINDEINDIA,6191,52385.834,largecap,chemicals,chemicals,0.7896,33696
2026-09-28,15:29,LOVABLE,70.21,103.1264,smallcap,textiles,textiles - products,0.7606,14532
2026-09-28,15:29,MARKOLINES,168.21,374.2107,smallcap,realty,construction,-0.9247,91766
2026-09-28,15:29,MIDHANI,416,7588.2067,midcap,aerospace & defence,steel - medium / small,2.7034,1357247
2026-09-28,15:29,MRPL,169.8,28847.7759,largecap,energy,refineries,3.1592,21758950
2026-09-28,15:29,NAHARSPING,267.3,973.5829,smallcap,textiles,textiles - cotton/blended,-0.9817,9962
2026-09-28,15:29,NINSYS,706.15,1316.574,smallcap,i.t,computers - software - medium / small,-0.3668,2130
2026-09-28,15:29,ORBTEXP,227.15,601.538,smallcap,textiles,textiles - processing,0.1102,15250
2026-09-28,15:29,OSIAHYPER,2.29,38.754,smallcap,consumer discretionary,trading,4.5662,553227
2026-09-28,15:29,PML,488.1,146.5363,smallcap,financials,finance & investments,2.7255,97
2026-09-28,15:29,RCF,109.95,5990.2294,midcap,chemicals,fertilizers,1.2617,2259905
2026-09-28,15:29,REPRO,333.8,413.5044,smallcap,miscellaneous,printing & stationery,15.8023,416771
2026-09-28,15:29,RSYSTEMS,275.21,2791.9247,smallcap,i.t,computers - software - medium / small,16.8025,61311130
2026-09-28,15:29,SHRIKRISH,35.2,100.492,smallcap,realty,construction,-1.9225,4271
2026-09-28,15:29,SILVERTUC,145.8,1874.125,smallcap,i.t,computers - software - medium / small,-1.3465,388655
2026-09-28,15:29,SNOWMAN,35.09,583.3042,smallcap,transportation,miscellaneous,0.5156,212441
2026-09-28,15:29,SOMATEX,80.35,264.3961,smallcap,realty,construction,0.3873,4765
2026-09-28,15:29,SUMIT,49.52,235.4172,smallcap,realty,construction,0.6709,35655
2026-09-28,15:29,SUNDRMBRAK,698.8,263.6559,smallcap,auto,auto ancillaries,4.2829,2691
2026-09-28,15:29,TICL,6.74,99.51,smallcap,realty,construction,4.9844,76024
2026-09-28,15:29,TITAGARH,818.65,11078.2642,midcap,industrials,engineering,-0.4802,542184
2026-09-28,15:29,TTML,36.19,6732.7711,midcap,telecom-service,telecommunications - service provider,5.0813,79429217
2026-09-28,15:29,VOLTAS,1135.5,36999.5316,largecap,consumer discretionary,air-conditioners,1.5471,933414
2026-09-28,15:29,ZEEL,76.5,7383.5128,midcap,media,entertainment / electronic media software,-0.4813,11131489
2026-09-28,15:29,ZENSARTECH,436.7,9895.449,midcap,i.t,computers - software - medium / small,0.4139,2452523
2026-09-29,15:29,3PLAND,31.87,55.494,smallcap,financials,finance & investments,3.3733,294
2026-09-29,15:29,ADANIENT,2972.8999,383252.4053,largecap,services,trading,5.0086,4062231
2026-09-29,15:29,APOLLOTYRE,406.75,24743.5329,largecap,auto,tyres,4.4019,5125753
2026-09-29,15:29,ASTRAMICRO,1652.6,15097.2057,midcap,aerospace & defence,telecommunications - equipment,3.9306,651062
2026-09-29,15:29,ATLANTAA,36.69,287.858,smallcap,realty,engineering - turnkey services,3.8788,336131
2026-09-29,15:29,ATLANTAELE,1634.2,12405.7325,midcap,industrials,electric equipment,1.2955,157786
2026-09-29,15:29,AURUM,220.31,1680.139,smallcap,i.t,computers - software - medium / small,0.6211,64994
2026-09-29,15:29,AUSOMENT,143.75,196.0293,smallcap,consumer discretionary,trading,-0.0973,3948
2026-09-29,15:29,BALAXI,23.02,123.6096,smallcap,healthcare,pharmaceuticals - indian - bulk drugs & formln,2.8138,18116
2026-09-29,15:29,BMWVENTLTD,51.49,445.7151,smallcap,services,trading,0.1751,83375
2026-09-29,15:29,BRIGHOTEL,56.14,2108.8859,smallcap,services,hotels,1.1167,127096
2026-09-29,15:29,CAMPUS,209.76,6450.5167,midcap,consumer discretionary,leather / leather products,-0.6065,244297
2026-09-29,15:29,CANHLIFE,149.62,14039.1,midcap,financials,finance & investments,1.2451,1474938
2026-09-29,15:29,CARERATING,1637.8,4895.0377,smallcap,financials,miscellaneous,0.5773,70064
2026-09-29,15:29,CCCL,13.47,597.7641,smallcap,realty,construction,0.6726,222828
2026-09-29,15:29,CMPDI,213.12,14607.012,midcap,miscellaneous,miscellaneous,4.1744,2376372
2026-09-29,15:29,CORALFINAC,32.17,126.6296,smallcap,financials,finance - housing,2.387,28066
2026-09-29,15:29,CUPID,288,35566.2755,largecap,fmcg,personal care - indian,8.8847,37060879
2026-09-29,15:29,DCMFINSERV,4.93,11.1953,smallcap,financials,finance & investments,-2.5692,11982
2026-09-29,15:29,DGCONTENT,25.24,135.9832,smallcap,media,entertainment / electronic media software,8.0017,126064
2026-09-29,15:29,FABTECH,147.47,641.2472,smallcap,services,trading,2.2252,61853
2026-09-29,15:29,FELDVR,2.07,7.8749,smallcap,consumer discretionary,trading,3.5,1324
2026-09-29,15:29,FRACTAL,753.15,12761.531,midcap,i.t,computers - software - medium / small,1.489,1079289
2026-09-29,15:29,GLFL,5.27,13.6171,smallcap,financials,finance & investments,4.9801,30420
2026-09-29,15:29,GOLDIAM,322.85,4706.4157,smallcap,consumer discretionary,diamond cutting / jewellery,3.279,931591
2026-09-29,15:29,GTECJAINX,29.66,27.48,smallcap,i.t,computers - education,9.974,14074
2026-09-29,15:29,HBESD,73.98,164.1636,smallcap,services,hotels,3.4685,3398
2026-09-29,15:29,HONAUT,33980,29932.9761,largecap,consumer discretionary,electronics - components,0.3692,27480
2026-09-29,15:29,IIFL,607.5,25440.8141,largecap,financials,finance & investments,1.5631,2559619
2026-09-29,15:29,INDOWIND,8.86,139.1059,smallcap,power & utilities,power generation and supply,2.5463,87824
2026-09-29,15:29,INDPRUD,6358,1021.0055,smallcap,financials,finance & investments,4.3578,83
2026-09-29,15:29,JMA,89.34,200.5673,smallcap,auto,auto ancillaries,1.7424,7272
2026-09-29,15:29,KAMAHOLD,2241.1001,7071.4791,midcap,financials,finance & investments,1.7018,5222
2026-09-29,15:29,KAUSHALYA,836.5,29.2784,smallcap,services,hotels,-1.0586,14
2026-09-29,15:29,KIRLOSBROS,1848.3,13756.0083,midcap,industrials,pumps,6.6963,457358
2026-09-29,15:29,KRSNAA,553.6,1732.3873,smallcap,healthcare,healthcare,3.6607,158426
2026-09-29,15:29,LANDMARK,487,1973.3151,smallcap,consumer discretionary,trading,2.3324,16779945
2026-09-29,15:29,LUMAXIND,5691.5,5305.7727,midcap,auto,auto ancillaries,0.2731,25442
2026-09-29,15:29,MASKINVEST,147.18,43.2428,smallcap,financials,finance & investments,3.86,57
2026-09-29,15:29,MCLOUD,25.12,1410.8158,smallcap,i.t,computers - software - medium / small,4.8852,10129306
2026-09-29,15:29,MFML,18.46,19.605,smallcap,textiles,textiles - products,0,1442
2026-09-29,15:29,MSPL,33.55,1869.8621,smallcap,metals & mining,steel - medium / small,1.6975,1388148
2026-09-29,15:29,NAHARPOLY,230.27,545.4846,smallcap,industrials,packaging,3.7954,3674
2026-09-29,15:29,NOVAAGRI,22.28,207.9845,smallcap,chemicals,fertilizers,-0.8897,34484
2026-09-29,15:29,ODIGMA,21.41,65.2364,smallcap,i.t,computers - software - medium / small,2.5874,29726
2026-09-29,15:29,OMNI,560.4,6502.9777,midcap,industrials,engineering,6.5703,851262
2026-09-29,15:29,ORICONENT,51.83,822.3018,smallcap,services,trading,-1.0122,1200606
2026-09-29,15:29,OSWALAGRO,34.9,451.9685,smallcap,services,trading,3.6531,136463
2026-09-29,15:29,PASHUPATI,92.72,1219.6297,smallcap,textiles,textiles - cotton/blended,19.9948,219755
2026-09-29,15:29,PATELRMART,213.59,681.3708,smallcap,consumer discretionary,trading,4.701,90056
2026-09-29,15:29,PGHL,5696,8962.8363,midcap,healthcare,pharmaceuticals - multinational,5.4912,91841
2026-09-29,15:29,PILANIINVS,4027.7,4426.1319,smallcap,financials,finance & investments,0.7555,2381
2026-09-29,15:29,PIONRINV,77.5,94.6862,smallcap,financials,finance & investments,0.6494,343
2026-09-29,15:29,POCL,461.6,1381.093,smallcap,metals & mining,mining / minerals / metals,1.9772,270171
2026-09-29,15:29,POWERINDIA,30735,134875.9704,largecap,industrials,electric equipment,1.5697,387016
2026-09-29,15:29,PRAKASH,121.62,2071.6187,smallcap,metals & mining,steel - medium / small,5.1349,1059864
2026-09-29,15:29,QUINTEGRA,1.22,3.1372,smallcap,i.t,computers - software - medium / small,4.2735,1020
2026-09-29,15:29,RADIOCITY,6.01,207.0657,smallcap,media,entertainment / electronic media software,0.3339,192865
2026-09-29,15:29,REGENCERAM,32.51,86.3053,smallcap,building materials,ceramics - tiles / sanitaryware,-0.3983,246224
2026-09-29,15:29,RELTD,149.12,2939.921,smallcap,industrials,electric equipment,0.7091,114620
2026-09-29,15:29,RKSWAMY,89.48,446.7236,smallcap,media,miscellaneous,1.1073,25503
2026-09-29,15:29,ROTO,63.26,1178.7276,smallcap,industrials,pumps,1.1351,332694
2026-09-29,15:29,RVHL,38.28,237.0853,smallcap,realty,construction,-0.9829,12470
2026-09-29,15:29,SARDAEN,500.35,17664.8731,midcap,metals & mining,steel - medium / small,-0.1895,260686
2026-09-29,15:29,SENORES,1403.7,6225.524,midcap,healthcare,pharmaceuticals - indian - formulations,3.8393,506799
2026-09-29,15:29,SILGO,70.49,217.9694,smallcap,consumer discretionary,diamond cutting / jewellery,3.1913,113792
2026-09-29,15:29,SIMBHALS,6.31,26.5424,smallcap,fmcg,sugar,-1.8663,14392
2026-09-29,15:29,SJS,2309.8,7238.6057,midcap,auto,plastics products,2.1267,271747
2026-09-29,15:29,SPANDANA,226.67,2024.0831,smallcap,financials,finance & investments,-0.7357,96391
2026-09-29,15:29,SUNCLAY,1231.5,2711.4575,smallcap,"castings, forgings & fasteners",castings & forgings,0.1301,6088
2026-09-29,15:29,SUNPHARMA,1865,440997.7675,largecap,healthcare,pharmaceuticals - indian - bulk drugs & formln,1.469,3083083
2026-09-29,15:29,SUYOG,689.95,752.1219,smallcap,telecom,transmisson line towers / equipment,7.4856,60550
2026-09-29,15:29,TCIEXP,531.85,1867.1629,smallcap,transportation,miscellaneous,9.4342,5534726
2026-09-29,15:29,THACKER,996.8,106.0526,smallcap,miscellaneous,diversified - medium / small,2.2359,18
2026-09-29,15:29,THOMASCOOK,103.92,4806.3486,smallcap,miscellaneous,travel agencies,1.7029,749468
2026-09-29,15:29,TTKPRESTIG,533.75,7037.2263,midcap,consumer discretionary,domestic appliances,3.8727,484427
2026-09-29,15:29,UNIVCABLES,1468.4,4951.3778,smallcap,industrials,cables - power,2.894,81266
2026-09-29,15:29,VASWANI,44.51,147.0057,smallcap,metals & mining,steel - sponge iron,-0.2465,39639
2026-09-29,15:29,VESUVIUS,400.2,7822.1092,midcap,building materials,refractories / intermediates,3.8402,2664864
2026-09-29,15:29,VIKRAMSOLR,160.05,5800.5689,midcap,industrials,electric equipment,-0.0187,4651540
2026-09-29,15:29,VINEETLAB,36.72,67.8557,smallcap,healthcare,pharmaceuticals - indian - bulk drugs & formln,3.9343,917482
2026-09-29,15:29,WEWORK,667.15,9017.3747,midcap,co-working,miscellaneous,2.5359,204957
2026-09-29,15:29,WPIL,431.5,4125.1262,smallcap,realty,engineering - turnkey services,2.1664,53460
2026-09-29,15:29,ZSARACOM,10233,1096.8047,smallcap,financials,finance & investments,2.2482,30
2026-09-30,15:29,5PAISA,305.2,1429.44,smallcap,financials,finance & investments,0.0984,19885
2026-09-30,15:29,A2ZINFRA,14.93,257.5849,smallcap,realty,engineering - turnkey services,2.8946,277855
2026-09-30,15:29,AARTIIND,475.7,17044.5274,midcap,chemicals,chemicals,1.2343,723013
2026-09-30,15:29,AARVI,136.83,202.1915,smallcap,miscellaneous,miscellaneous,0.4552,2281
2026-09-30,15:29,ABMKNO,170.98,337.2171,smallcap,i.t,computers - software - medium / small,1.4176,12784
2026-09-30,15:29,ADANIENSOL,1314.6,159693.3944,largecap,power & utilities,power generation and supply,0.6739,1154073
2026-09-30,15:29,ADANIGREEN,1278,207544.1955,largecap,power & utilities,power generation and supply,1.4286,1452231
2026-09-30,15:29,ADANIPOWER,204,378558.5571,largecap,power & utilities,power generation and supply,3.9226,21070859
2026-09-30,15:29,ADVANIHOTR,48.01,438.1585,smallcap,services,hotels,1.2869,10655
2026-09-30,15:29,ADVENTHTL,126.32,672.6678,smallcap,services,hotels,1.2991,194445
2026-09-30,15:29,AKSHAR,0.42,32.2862,smallcap,textiles,textiles - cotton/blended,2.439,1069940
2026-09-30,15:29,ALIVUS,1379.3,16652.8677,midcap,healthcare,pharmaceuticals - indian - bulk drugs & formln,1.6583,186612
2026-09-30,15:29,ALPA,59.51,125.7386,smallcap,healthcare,pharmaceuticals - indian - bulk drugs & formln,-0.4183,8263
2026-09-30,15:29,AMBALALSA,39.54,299.1764,smallcap,healthcare,trading,1.2807,57944
2026-09-30,15:29,ANNAPURNA,131,277.594,smallcap,fmcg,food - processing - indian,2.9712,115324
2026-09-30,15:29,ANURAS,1181,13409.054,midcap,chemicals,chemicals,0.2717,133965
2026-09-30,15:29,APCOTEXIND,595.6,3087.1081,smallcap,chemicals,miscellaneous,0.0252,40627
2026-09-30,15:29,ARENTERP,33.9,10.2418,smallcap,metals & mining,trading,2.8832,137
2026-09-30,15:29,ARTNIRMAN,40.24,91.1393,smallcap,realty,construction,10.1862,6656
2026-09-30,15:29,ASHIMASYN,15.98,308.1894,smallcap,miscellaneous,diversified - medium / small,-0.6219,37084
2026-09-30,15:29,ATGL,593.9,64712.8253,largecap,energy,miscellaneous,0.9347,616167
2026-09-30,15:29,ATULAUTO,448.15,1217.5874,smallcap,auto,automobiles - scooters and 3 - wheelers,2.1424,83527
2026-09-30,15:29,AVL,594.35,7564.907,midcap,consumer discretionary,trading,1.4595,107338
2026-09-30,15:29,AXISBANK,1226,377057.417,largecap,bank,banks - private sector,1.1468,6178741
2026-09-30,15:29,BAJAJINDEF,211.02,681.952,smallcap,industrials,engineering,-0.9807,8436
2026-09-30,15:29,BANCOINDIA,606.3,8520.0168,midcap,auto,auto ancillaries,1.788,110117
2026-09-30,15:29,BANKBARODA,230.55,117741.5741,largecap,bank,banks - public sector,1.2605,10920670
2026-09-30,15:29,BFUTILITIE,507.75,1916.9056,smallcap,power & utilities,power generation and supply,-0.226,73546
2026-09-30,15:29,BHARATGEAR,101.43,153.9959,smallcap,auto,auto ancillaries,1.1367,8952
2026-09-30,15:29,BHEL,415.5,143931.0888,largecap,industrials,electric equipment,0.5201,8153812
2026-09-30,15:29,BIGBLOC,39.79,547.0487,smallcap,building materials,cement products,2.9762,23838
2026-09-30,15:29,BLKASHYAP,50.36,1147.4896,smallcap,realty,construction,-1.0609,421044
2026-09-30,15:29,BORORENEW,458.15,6660.0628,midcap,building materials,glass & glass products,1.2486,523400
2026-09-30,15:29,BPCL,303.2,129873.1618,largecap,energy,refineries,1.2861,5525502
2026-09-30,15:29,BTTL,40.98,233.2597,smallcap,textiles,textiles - products,2.5526,1488
2026-09-30,15:29,CEATLTD,3264.3999,13105.8298,midcap,auto,tyres,0.7531,46666
2026-09-30,15:29,CENTRALBK,30.46,27190.4094,largecap,bank,banks - public sector,1.3981,4973027
2026-09-30,15:29,CEWATER,259.6,537.2742,smallcap,industrials,engineering,0,28177
2026-09-30,15:29,CIEINDIA,386.3,14281.0967,midcap,"castings, forgings & fasteners",castings & forgings,2.6165,288927
2026-09-30,15:29,CLEDUCATE,57.01,300.5634,smallcap,services,miscellaneous,2.8504,31888
2026-09-30,15:29,COFORGE,1749.1,76231.3577,largecap,i.t,computers - software - large,1.5738,3113656
2026-09-30,15:29,CORONA,2093.3999,12711.5127,midcap,healthcare,pharmaceuticals - indian - bulk drugs & formln,0.7217,23940
2026-09-30,15:29,CUB,226.05,21293.0085,largecap,bank,banks - private sector,5.1836,8157697
2026-09-30,15:29,DCXINDIA,161.18,1768.9278,smallcap,aerospace & defence,electronics - components,1.4923,345928
2026-09-30,15:29,DECCANCE,566.5,756.5451,smallcap,building materials,cement - south india,4.888,102837
2026-09-30,15:29,DIAMONDYD,1108.5,2513.2355,smallcap,fmcg,food - processing - indian,5.4609,164680
2026-09-30,15:29,DOMS,2107,12455.6741,midcap,miscellaneous,printing & stationery,2.6603,46672
2026-09-30,15:29,DRCSYSTEMS,13.15,177.3641,smallcap,i.t,computers - software - medium / small,6.8237,111616
2026-09-30,15:29,DYCL,437.15,2102.6203,smallcap,industrials,cables - power,0.749,216097
2026-09-30,15:29,ELPROINTL,174,2889.1107,smallcap,realty,construction,2.0707,2626
2026-09-30,15:29,EPL,237,7464.1175,midcap,industrials,packaging,1.6949,3029109
2026-09-30,15:29,ESTER,101.22,881.8146,smallcap,industrials,packaging,19.7161,3656608
2026-09-30,15:29,EVEREADY,323.2,2317.9967,smallcap,industrials,dry cells,1.3484,38598
2026-09-30,15:29,EXCELINDUS,945.2,1162.5376,smallcap,chemicals,pesticides / agrochemicals - indian,2.2059,33101
2026-09-30,15:29,EXIDEIND,412.6,34595,largecap,auto,auto ancillaries,1.3759,2723921
2026-09-30,15:29,FAZE3Q,442.15,1026.7482,smallcap,textiles,textiles - processing,4.7252,402154
2026-09-30,15:29,FEDFINA,150.96,5580.8519,midcap,financials,finance & investments,1.4107,578967
2026-09-30,15:29,FSL,255.8,17348.1017,midcap,i.t,computers - software - medium / small,2.7722,6657490
2026-09-30,15:29,GALLANTT,537.5,13007.4557,midcap,metals & mining,steel - medium / small,-0.2968,51095
2026-09-30,15:29,GARFIBRES,770.85,7361.2205,midcap,textiles,textiles - products,2.2551,18057
2026-09-30,15:29,GATECHDVR,0.47,8.9143,smallcap,i.t,computers - software - medium / small,0,143757
2026-09-30,15:29,GENCON,39.54,211.5328,smallcap,realty,construction,6.5194,834565
2026-09-30,15:29,GKENERGY,119.88,2421.6382,smallcap,realty,engineering - turnkey services,0.402,1278697
2026-09-30,15:29,GMRAIRPORT,95.15,98990.3996,largecap,miscellaneous,miscellaneous,1.4933,16281025
2026-09-30,15:29,GOODYEAR,703.15,1620.5374,smallcap,auto,tyres,0.0854,2595
2026-09-30,15:29,GREENPLY,299.95,3500.3798,smallcap,building materials,miscellaneous,7.0294,859868
2026-09-30,15:29,GUJENERGY,237.58,22199.4801,largecap,energy,miscellaneous,0.41,951899
2026-09-30,15:29,GUJRAFFIA,40.69,21.7315,smallcap,industrials,packaging,1.1937,2496
2026-09-30,15:29,GULFPETRO,60.72,308.5065,smallcap,chemicals,chemicals,0.3471,39828
2026-09-30,15:29,GVT&D,4201,105754.9004,largecap,industrials,electric equipment,1.7117,624058
2026-09-30,15:29,HAPPYFORGE,2067.2,19581.6997,midcap,"castings, forgings & fasteners",castings & forgings,-0.3663,57822
2026-09-30,15:29,HARRMALAYA,179.13,324.0954,smallcap,fmcg,miscellaneous,2.0044,16158
2026-09-30,15:29,HCLTECH,1230,331609.8747,largecap,i.t,computers - software - large,0.6547,4242658
2026-09-30,15:29,HEADSUP,6.75,14.2433,smallcap,consumer discretionary,trading,4.6512,2539
2026-09-30,15:29,HESTERBIO,2175.8,1841.7363,smallcap,healthcare,pharmaceuticals - indian - formulations,0.4988,2531
2026-09-30,15:29,HEXATRADEX,156.85,857.9503,smallcap,financials,finance & investments,0.9981,843
2026-09-30,15:29,HFCL,227.02,33093.1559,largecap,telecom,cables - telephone,4.9998,3383926
2026-09-30,15:29,HGM,42.56,53.9695,smallcap,i.t,computers - software - medium / small,-0.6768,347
2026-09-30,15:29,HIMATSEIDE,66.4,816.0675,smallcap,textiles,textiles - products,2.3112,718202
2026-09-30,15:29,HINDPETRO,350.35,74303.5623,largecap,energy,refineries,0.3293,2520543
2026-09-30,15:29,HINDWAREAP,169.97,1423.661,smallcap,consumer discretionary,trading,-0.1351,83588
2026-09-30,15:29,HUBTOWN,182.28,2364.697,smallcap,realty,construction,9.5367,1619724
2026-09-30,15:29,IDEAFORGE,730.95,3575.8724,smallcap,aerospace & defence,engineering,1.5632,237947
2026-09-30,15:29,INDBANK,25.36,111.2118,smallcap,financials,finance & investments,1.1971,17590
2026-09-30,15:29,INDIANHUME,352.8,1874.4174,smallcap,realty,construction,-0.8432,25759
2026-09-30,15:29,INDOFARM,134.45,639.9032,smallcap,industrials,engineering,0.9612,63176
2026-09-30,15:29,INDUSTOWER,373.2,96965.6721,largecap,telecom,transmisson line towers / equipment,1.5372,6712752
2026-09-30,15:29,IOC,134.93,185454.2237,largecap,energy,refineries,2.7412,9545086
2026-09-30,15:29,IRCON,117.09,9637.4648,midcap,realty,construction,14.2676,76654100
2026-09-30,15:29,IRCTC,455.4,36204,largecap,transportation,travel agencies,0.6298,829734
2026-09-30,15:29,IRFC,79.28,104887.8292,largecap,financials,finance - term-lending institutions,-1.221,38110222
2026-09-30,15:29,IXIGO,162.89,7029.2338,midcap,i.t,travel agencies,1.6538,842850
2026-09-30,15:29,JITFINFRA,278.8,712.3782,smallcap,miscellaneous,miscellaneous,0.5953,21653
2026-09-30,15:29,JKCEMENT,5076,37278.0677,largecap,building materials,cement - north india,5.213,106778
2026-09-30,15:29,JKTYRE,347,9651.9328,midcap,auto,tyres,3.644,1039519
2026-09-30,15:29,JSWHL,11346,12209.5875,midcap,financials,finance & investments,3.1455,51678
2026-09-30,15:29,JTEKTINDIA,116.58,3213.3656,smallcap,auto,auto ancillaries,0.6388,54853
2026-09-30,15:29,JUSTDIAL,666.15,5583.469,midcap,i.t,miscellaneous,1.4699,130940
2026-09-30,15:29,JWL,233.12,9394.4559,midcap,industrials,engineering,6.0504,24061117
2026-09-30,15:29,KAJARIACER,1235.1,18961.3661,midcap,building materials,ceramics - tiles / sanitaryware,3.7463,2882388
2026-09-30,15:29,KARMAENG,37.43,43.85,smallcap,power & utilities,power generation and supply,-1.2401,1021
2026-09-30,15:29,KEYFINSERV,242.95,129.7026,smallcap,financials,finance & investments,4.2704,1823
2026-09-30,15:29,KITEX,119.55,2305.422,smallcap,readymade garments/apparels,textiles - products,3.4528,552200
2026-09-30,15:29,KNACK,180,2160.7241,smallcap,industrials,packaging,1.9368,582310
2026-09-30,15:29,KNRCON,118.58,3355.9725,smallcap,realty,construction,-0.6285,458300
2026-09-30,15:29,KOTYARK,29.83,332.3135,smallcap,energy,refineries,1.4971,288722
2026-09-30,15:29,KRYSTAL,626.2,865.9117,smallcap,miscellaneous,miscellaneous,1.0407,8802
2026-09-30,15:29,LAGNAM,72.24,127.2521,smallcap,textiles,textiles - products,0.3055,1580
2026-09-30,15:29,LEMONTREE,104.25,8252.8314,midcap,services,hotels,0.0768,2167934
2026-09-30,15:29,LODHA,1135,110559.7884,largecap,realty,construction,2.5664,1779057
2026-09-30,15:29,LUXIND,1107,3318.7107,smallcap,textiles,textiles - composite,0.3081,11916
2026-09-30,15:29,MADHUCON,4.19,29.887,smallcap,realty,construction,3.4568,39757
2026-09-30,15:29,MALLCOM,938.95,586.3416,smallcap,textiles,textiles - products,-0.0745,1522
2026-09-30,15:29,MANAPPURAM,315.85,29725.2909,largecap,financials,finance & investments,-0.1896,3430831
2026-09-30,15:29,MARUTI,11967,373415.9371,largecap,auto,automobiles - passenger cars,0.7578,430286
2026-09-30,15:29,MAYURUNIQ,734.35,3160.0903,smallcap,consumer discretionary,leather / leather products,0.9763,148388
2026-09-30,15:29,MBLINFRA,22.85,339.3491,smallcap,realty,construction,4.961,53197
2026-09-30,15:29,MERCANTILE,22.99,247.7869,smallcap,miscellaneous,miscellaneous,3.8392,3619
2026-09-30,15:29,METROGLOBL,133.9,162.6904,smallcap,services,trading,1.5163,513
2026-09-30,15:29,MINDACORP,692.85,16084.0685,midcap,auto,auto ancillaries,2.9877,255045
2026-09-30,15:29,MOLDTKPAC,660.6,2136.453,smallcap,industrials,packaging,2.7452,39184
2026-09-30,15:29,MONTECARLO,527.45,1071.3294,smallcap,textiles,textiles - products,2.0706,39094
2026-09-30,15:29,MOTHERSON,163.26,167351.2419,largecap,auto,auto ancillaries,2.9642,15307995
2026-09-30,15:29,MRF,125280,52199.988,largecap,auto,tyres,1.7875,4133
2026-09-30,15:29,MUFTI,72.31,453.0503,smallcap,consumer discretionary,trading,4.3736,123298
2026-09-30,15:29,MUKTAARTS,57.09,127.7645,smallcap,media,entertainment / electronic media software,0.9192,4149
2026-09-30,15:29,MUNJALSHOW,126.44,505.2168,smallcap,auto,auto ancillaries,0.095,28696
2026-09-30,15:29,NAVA,559.35,15464.312,midcap,miscellaneous,diversified - large,2.4544,374867
2026-09-30,15:29,ORIENTTECH,231.53,1060.407,smallcap,i.t,computers - software - medium / small,0.013,89355
2026-09-30,15:29,OSWALGREEN,20.32,498.4666,smallcap,realty,construction,4.6883,240885
2026-09-30,15:29,PAKKA,72.89,347.1668,smallcap,building materials,paper,0.0824,64593
2026-09-30,15:29,PANACHE,516.15,810.3885,smallcap,i.t,computers - hardware,1.9959,28758
2026-09-30,15:29,PLATIND,206.85,1129.8046,smallcap,chemicals,chemicals,0.5591,27227
2026-09-30,15:29,PNBHOUSING,1120,28617.9853,largecap,financials,finance - housing,1.9851,1164222
2026-09-30,15:29,POONAWALLA,443.85,39006.0919,largecap,financials,finance & investments,0.1919,687449
2026-09-30,15:29,PPAP,234.45,331.6045,smallcap,auto,auto ancillaries,0.064,5803
2026-09-30,15:29,PREMIER,2.73,8.0791,smallcap,industrials,engineering,2.6316,2674
2026-09-30,15:29,PRESTIGE,1481.9,61056.0104,largecap,realty,construction,4.5432,1284002
2026-09-30,15:29,RADICO,4366,58447.6411,largecap,fmcg,breweries & distilleries,0.0458,387850
2026-09-30,15:29,RAJMET,3.12,84.6029,smallcap,metals & mining,mining / minerals / metals,1.9608,208256
2026-09-30,15:29,RAJRATAN,461.6,2366.6902,smallcap,metals & mining,steel - medium / small,-0.9761,36265
2026-09-30,15:29,RAMCOIND,307.6,2692.9568,smallcap,building materials,cement products,-0.8062,172756
2026-09-30,15:29,RATEGAIN,851.55,9829.3214,midcap,i.t,computers - software - medium / small,2.5964,381974
2026-09-30,15:29,RHETAN,17.51,1329.9844,smallcap,metals & mining,steel - medium / small,4.9131,9861676
2026-09-30,15:29,RHL,165.18,285.2957,smallcap,services,hotels,0.1152,501
2026-09-30,15:29,RICOAUTO,126.92,1707.5673,smallcap,auto,auto ancillaries,0.5546,579784
2026-09-30,15:29,RITES,209.05,9242.4912,midcap,miscellaneous,miscellaneous,8.7047,50416237
2026-09-30,15:29,RTNINDIA,26.06,3546.9038,smallcap,financials,finance & investments,1.5588,5394562
2026-09-30,15:29,RTNPOWER,6.89,3689.2627,smallcap,power & utilities,power generation and supply,0.2911,10508623
2026-09-30,15:29,RVNL,201.76,41262.5478,largecap,realty,construction,1.9505,17689293
2026-09-30,15:29,RVTH,669.8,203.921,smallcap,industrials,engineering,0.7369,900
2026-09-30,15:29,SAGILITY,42.58,19914.3711,midcap,i.t,computers - software - medium / small,0.094,11436383
2026-09-30,15:29,SALZERELEC,536.4,947.1758,smallcap,industrials,electric equipment,0.14,18504
2026-09-30,15:29,SANDHAR,585.9,3507.3126,smallcap,auto,auto ancillaries,0.5492,133185
2026-09-30,15:29,SBGLP,22.84,398.511,smallcap,realty,construction,-0.6092,49077
2026-09-30,15:29,SEIL,189.64,3041.612,smallcap,services,miscellaneous,0.3811,129978
2026-09-30,15:29,SEJALLTD,674,739.575,smallcap,building materials,glass & glass products,3.8921,6126
2026-09-30,15:29,SEPC,5.02,992.2118,smallcap,realty,engineering - turnkey services,-1.5686,5233528
2026-09-30,15:29,SFL,634.1,6896.1893,midcap,consumer discretionary,miscellaneous,0.4117,76853
2026-09-30,15:29,SHAKTIPUMP,461.35,5651.6268,midcap,industrials,pumps,0.7314,477179
2026-09-30,15:29,SHALPAINTS,80.62,653.7006,smallcap,building materials,paints / varnishes,3.2399,101983
2026-09-30,15:29,SHRADHA,30.5,239.5908,smallcap,realty,construction,3.1102,845
2026-09-30,15:29,SHREECEM,22345,79016.8381,largecap,building materials,cement - north india,2.032,20963
2026-09-30,15:29,SINTERCOM,79.91,211.8541,smallcap,auto,auto ancillaries,3.8332,1109
2026-09-30,15:29,SIRCA,410.1,2317.4302,smallcap,building materials,paints / varnishes,0.5024,138309
2026-09-30,15:29,SIS,419.1,5915.5559,midcap,miscellaneous,miscellaneous,0.1075,321349
2026-09-30,15:29,SKFINDIA,1509.9,7484.9076,midcap,industrials,bearings,-0.2708,30500
2026-09-30,15:29,SMLT,61.82,81.1939,smallcap,metals & mining,steel - medium / small,4.232,11905
2026-09-30,15:29,SNOWMAN,34.64,579.6283,smallcap,transportation,miscellaneous,-0.1441,120284
2026-09-30,15:29,SOLARINDS,19700,168763.9526,largecap,aerospace & defence,chemicals,5.63,302167
2026-09-30,15:29,STYRENIX,2015.5,3518.5319,smallcap,energy,petrochemicals,0.7347,21522
2026-09-30,15:29,SUNDRMBRAK,676.05,264.3051,smallcap,auto,auto ancillaries,0.6401,396
2026-09-30,15:29,TAINWALCHM,205.19,192.2963,smallcap,services,trading,-0.0828,1091
2026-09-30,15:29,TARAPUR,12.16,23.4585,smallcap,industrials,electric equipment,1.0806,12032
2026-09-30,15:29,TECHM,1524,148037.7546,largecap,i.t,computers - software - large,0.8937,2794174
2026-09-30,15:29,TENNIND,508.25,20527.3152,largecap,auto,auto ancillaries,-0.0688,502623
2026-09-30,15:29,TGBHOTELS,9.6,26.7385,smallcap,services,hotels,5.1479,33333
2026-09-30,15:29,TITAGARH,818.15,11034.4952,midcap,industrials,engineering,-0.1465,933675
2026-09-30,15:29,TORNTPOWER,1245.9,61486.3103,largecap,power & utilities,power generation and supply,2.1062,187402
2026-09-30,15:29,TVSELECT,416.15,698.0814,smallcap,i.t,computers - hardware,11.1809,2795681
2026-09-30,15:29,UGROCAP,83.68,1258.9224,smallcap,financials,finance & investments,3.2194,277232
2026-09-30,15:29,UNIECOM,83.9,926.5663,smallcap,i.t,computers - software - medium / small,1.7586,194948
2026-09-30,15:29,UTKARSHBNK,13.76,2475.3174,smallcap,bank,banks - private sector,-1.0784,4363721
2026-09-30,15:29,VARDMNPOLY,5.8,295.3914,smallcap,textiles,textiles - cotton/blended,-0.1721,175113
2026-09-30,15:29,VENTIVE,558.4,13074.8269,midcap,services,hotels,-0.259,9729
2026-09-30,15:29,VHL,3400.8,1054.8984,smallcap,financials,finance & investments,2.8893,1023
2026-09-30,15:29,VIMTALABS,600.3,2641.7457,smallcap,healthcare,miscellaneous,1.5049,220346
2026-09-30,15:29,VINYLINDIA,219.03,393.6611,smallcap,chemicals,trading,2.0263,3507
2026-09-30,15:29,VRLLOG,287.15,4940.2206,smallcap,transportation,miscellaneous,1.682,133472
2026-09-30,15:29,WEBELSOLAR,70.56,3066.0624,smallcap,industrials,electric equipment,-0.085,914986
2026-09-30,15:29,WORTHPERI,146.02,228.1532,smallcap,industrials,packaging,0.8077,9508
2026-09-30,15:29,XCHANGING,61.24,670.8732,smallcap,i.t,computers - software - medium / small,1.6938,41413
2026-09-30,15:29,ZAGGLE,173.18,2337.4256,smallcap,i.t,computers - software - medium / small,-0.3797,641899
2026-09-30,15:29,ZEEL,74.47,7121.291,midcap,media,entertainment / electronic media software,0.4451,13100562
2026-09-30,15:29,ZEELEARN,6.5,204.8321,smallcap,i.t,computers - education,4,269367
2026-09-30,15:29,ZENITHSTL,5.3,73.8436,smallcap,metals & mining,steel - medium / small,2.1195,56981
2026-09-30,15:29,ZODIACLOTH,69.03,187.3468,smallcap,readymade garments/apparels,textiles - products,1.1725,9810
2026-10-01,15:29,AARTISURF,498.5,422.2746,smallcap,chemicals,chemicals,1.0746,8753
2026-10-01,15:29,ABANSENT,27.6,192.5069,smallcap,services,trading,4.3084,8148
2026-10-01,15:29,AHLEAST,136,235.1671,smallcap,services,hotels,1.1604,133
2026-10-01,15:29,BUILDPRO,1249.2,3029.2258,smallcap,services,trading,1.4785,51957
2026-10-01,15:29,CAPTRUST,19.07,64.875,smallcap,financials,finance & investments,4.3217,35404
2026-10-01,15:29,CCL,1056.6,14108.56,midcap,fmcg,tea,3.639,405128
2026-10-01,15:29,CGPOWER,879,138440.676,largecap,industrials,electric equipment,2.9033,4633143
2026-10-01,15:29,COMPINFO,1.09,9.3487,smallcap,services,trading,2.8302,10351
2026-10-01,15:29,DHUNINV,967.3,589.78,smallcap,financials,finance & investments,1.2191,244
2026-10-01,15:29,ELDEHSG,782.25,769.1864,smallcap,realty,construction,4.1542,1460
2026-10-01,15:29,FMNL,8.08,53.9445,smallcap,miscellaneous,miscellaneous,-3.2335,51611
2026-10-01,15:29,GANGESSECU,113.99,114.032,smallcap,financials,finance & investments,1.4146,1092
2026-10-01,15:29,GOPAL,254.75,3175.8872,smallcap,fmcg,food - processing - indian,1.5142,592656
2026-10-01,15:29,GOYALALUM,5.91,84.3551,smallcap,services,trading,0.8532,30687
2026-10-01,15:29,GRADIENTE,2.36,78.4464,smallcap,media,entertainment / electronic media software,4.8889,1028057
2026-10-01,15:29,HDFCLIFE,534.2,116053.6135,largecap,financials,finance & investments,2.4942,4008935
2026-10-01,15:29,HILTON,16.86,86.7726,smallcap,"castings, forgings & fasteners",castings & forgings,3.1824,144115
2026-10-01,15:29,HMVL,77.44,570.5125,smallcap,media,entertainment / electronic media software,1.9484,40284
2026-10-01,15:29,INDOTECH,3347.6001,3555.1512,smallcap,industrials,electric equipment,4.9997,50433
2026-10-01,15:29,INFY,1035,419959.4089,largecap,i.t,computers - software - large,4.1143,15166446
2026-10-01,15:29,KARURVYSYA,325.3,31445.7357,largecap,bank,banks - private sector,0.1539,3073268
2026-10-01,15:29,KAUSHALYA,834,28.8819,smallcap,services,hotels,-0.3584,3
2026-10-01,15:29,LFIC,133.82,40.146,smallcap,financials,finance & investments,1.9814,384
2026-10-01,15:29,LTTS,3267.8,34661.0948,largecap,i.t,computers - software - large,1.2141,80220
2026-10-01,15:29,MADHAV,34.49,30.8582,smallcap,consumer discretionary,miscellaneous,0.966,2418
2026-10-01,15:29,MAHABANK,80.5,61917.0173,largecap,bank,banks - public sector,1.4237,9608211
2026-10-01,15:29,MASTEK,1555.6,4822.4816,smallcap,i.t,computers - software - medium / small,-0.4607,72494
2026-10-01,15:29,MTNL,24.66,1553.58,smallcap,telecom,telecommunications - service provider,7.3574,44121423
2026-10-01,15:29,NUVAMA,1701.4,31055.4528,largecap,financials,finance & investments,2.9592,856086
2026-10-01,15:29,PERSISTENT,5367,84664.425,largecap,i.t,computers - software - large,1.667,506268
2026-10-01,15:29,PNCINFRA,138.16,3544.3451,smallcap,realty,construction,3.7393,1668999
2026-10-01,15:29,PRUDMOULI,13.49,43.5079,smallcap,fmcg,trading,0.7468,725
2026-10-01,15:29,RELINFRA,46.48,1899.3178,smallcap,realty,engineering - turnkey services,4.9921,674431
2026-10-01,15:29,SAHYADRI,355.65,389.3052,smallcap,building materials,cement products,2.5667,11323
2026-10-01,15:29,SAMHI,154.37,3429.0939,smallcap,services,hotels,0.449,1073954
2026-10-01,15:29,SASKEN,1720.5,2612.8323,smallcap,i.t,computers - software - medium / small,2.8577,33306
2026-10-01,15:29,SBILIFE,1721.6,172717.8903,largecap,financials,finance & investments,1.4855,3329860
2026-10-01,15:29,SGFIN,631.85,4163.5756,smallcap,financials,finance & investments,4.5503,1112628
2026-10-01,15:29,SHREDIGCEM,66.69,986.4403,smallcap,building materials,cement - north india,1.1681,90765
2026-10-01,15:29,SHRIKRISH,35.96,100.688,smallcap,realty,construction,6.108,1257
2026-10-01,15:29,SIGMA,44.91,461.5624,smallcap,i.t,computers - software - medium / small,1.4915,119958
2026-10-01,15:29,SMARTLINK,212.1,211.5698,smallcap,i.t,computers - hardware,0.0897,6005
2026-10-01,15:29,SURANAT&P,15.98,216.9444,smallcap,industrials,trading,0.8838,29325
2026-10-01,15:29,TARIL,280.8,8428.6566,midcap,industrials,electric equipment,3.9615,57280414
2026-10-01,15:29,TATACOMM,1683,47968.3189,largecap,telecom-service,telecommunications - service provider,1.6182,140782
2026-10-01,15:29,UFBL,692.75,2707.7095,smallcap,consumer discretionary,hotels,2.0551,29335
2026-10-01,15:29,WEIZMANIND,71.45,110.7036,smallcap,textiles,textiles - processing,0.8042,999
2026-10-01,15:29,ZENSARTECH,434.35,9882.9346,midcap,i.t,computers - software - medium / small,2.9022,1843893
2026-10-05,15:29,360ONE,1050,42295.2418,largecap,financials,finance & investments,0.9615,564932
2026-10-05,15:29,AADHARHFC,453.7,19610.1963,midcap,financials,finance - housing,1.182,255416
2026-10-05,15:29,ABSLAMC,1028.55,28640.9106,largecap,financials,finance & investments,3.7158,300672
2026-10-05,15:29,ACCELYA,1105.3,1633.2315,smallcap,i.t,computers - software - medium / small,1.0144,45159
2026-10-05,15:29,AIAENG,3863.2,35689.4423,largecap,"castings, forgings & fasteners",castings & forgings,1.0145,27893
2026-10-05,15:29,AMAGI,569.7,11986.2592,midcap,i.t,computers - software - medium / small,2.8247,449516
2026-10-05,15:29,AMJLAND,37.14,151.782,smallcap,realty,construction,0.3241,9244
2026-10-05,15:29,ANGELONE,285.2,25286.2048,largecap,financials,finance & investments,3.0347,4255848
2026-10-05,15:29,ARKADE,120.03,2203.6415,smallcap,realty,construction,1.129,158603
2026-10-05,15:29,AUBANK,1029.2,73923.5323,largecap,bank,banks - private sector,4.2756,3358977
2026-10-05,15:29,AVL,601.05,7390.5706,midcap,consumer discretionary,trading,5.0236,400252
2026-10-05,15:29,BAJAJHFL,82.79,69083.3863,largecap,financials,finance - housing,-0.1447,3691800
2026-10-05,15:29,BANKBARODA,232.8,119365.3818,largecap,bank,banks - public sector,0.8578,10802904
2026-10-05,15:29,BATLIBOI,89.78,388.8719,smallcap,industrials,engineering,9.0225,106409
2026-10-05,15:29,BESTAGRO,17.73,619.6104,smallcap,chemicals,pesticides / agrochemicals - indian,1.4883,490937
2026-10-05,15:29,BFINVEST,436.85,1614.8112,smallcap,financials,finance & investments,1.9011,13712
2026-10-05,15:29,BLKASHYAP,53.22,1132.3851,smallcap,realty,construction,5.9526,1836473
2026-10-05,15:29,BSL,120.15,121.6534,smallcap,textiles,textiles - processing,1.6498,2251
2026-10-05,15:29,BSOFT,276,7542.1989,midcap,i.t,computers - software - medium / small,2.317,1555308
2026-10-05,15:29,BTML,7.15,128.8237,smallcap,media,entertainment / electronic media software,0.8463,65521
2026-10-05,15:29,CARERATING,1607.7,4817.7824,smallcap,financials,miscellaneous,0.312,53662
2026-10-05,15:29,CARTRADE,2935.3999,13478.145,midcap,consumer discretionary,miscellaneous,4.5892,267054
2026-10-05,15:29,CELLO,340.05,7136.7954,midcap,consumer discretionary,trading,5.246,945722
2026-10-05,15:29,CINELINE,86.22,327.6158,smallcap,media,entertainment / electronic media software,0.3025,5158
2026-10-05,15:29,CMPDI,207.13,14592.732,midcap,miscellaneous,miscellaneous,1.3455,1019550
2026-10-05,15:29,CRISIL,4505.7998,32386.3593,largecap,financials,miscellaneous,1.7432,26707
2026-10-05,15:29,DALBHARAT,1673.7,31550.469,largecap,building materials,cement - south india,-0.4994,20725
2026-10-05,15:29,DCMSHRIRAM,1044.55,14141.6271,midcap,miscellaneous,diversified - mega,15.1844,971948
2026-10-05,15:29,DRAGARWQ,5215,2493.2554,smallcap,healthcare,healthcare,1.0855,2781
2026-10-05,15:29,DYCL,434.85,2074.0297,smallcap,industrials,cables - power,1.6005,288948
2026-10-05,15:29,ECLERX,1884.3,16956.4039,midcap,i.t,computers - software - medium / small,4.5149,142484
2026-10-05,15:29,EDUCOMP,0.93,11.022,smallcap,i.t,computers - education,3.3333,95825
2026-10-05,15:29,EIDPARRY,691.95,12004.0012,midcap,fmcg,sugar,2.5795,191222
2026-10-05,15:29,EPL,236.5,7442.979,midcap,industrials,packaging,1.7686,1435292
2026-10-05,15:29,ESCORTS,2820.8999,29841.1533,largecap,auto,automobiles - tractors,5.7586,222028
2026-10-05,15:29,ETHOSLTD,2602.3,6774.7803,midcap,consumer discretionary,trading,2.7805,29281
2026-10-05,15:29,EVEREADY,318.1,2295.8271,smallcap,industrials,dry cells,0.7124,37300
2026-10-05,15:29,EXPLEOSOL,863.45,1317.2378,smallcap,i.t,computers - software - medium / small,1.732,20948
2026-10-05,15:29,FCSSOFT,1.38,235.9183,smallcap,i.t,computers - software - medium / small,0,1254766
2026-10-05,15:29,FEDFINA,149.64,5614.9684,midcap,financials,finance & investments,-0.0868,804305
2026-10-05,15:29,FIVESTAR,519.1,14943.4768,midcap,financials,finance & investments,2.5383,510918
2026-10-05,15:29,FSL,257.4,17452.6503,midcap,i.t,computers - software - medium / small,2.7955,885378
2026-10-05,15:29,GAEL,158.28,7232.7776,midcap,fmcg,miscellaneous,0.3741,578700
2026-10-05,15:29,GARFIBRES,770.6,7503.2988,midcap,textiles,textiles - products,0.2863,22696
2026-10-05,15:29,GATECHDVR,0.47,8.7246,smallcap,i.t,computers - software - medium / small,2.1739,173266
2026-10-05,15:29,GLOBALVECT,132.08,183.456,smallcap,transportation,transport - airlines,0.7937,2330
2026-10-05,15:29,HAVELLS,1046.7,65266.4118,largecap,consumer discretionary,electric equipment,0.6442,845006
2026-10-05,15:29,HBESD,78.13,149.4922,smallcap,services,hotels,19.9969,20755
2026-10-05,15:29,HDFCAMC,2346,98937.4576,largecap,financials,finance & investments,1.642,1244530
2026-10-05,15:29,HDIL,1.47,68.7306,smallcap,realty,construction,1.3793,142280
2026-10-05,15:29,HINDWAREAP,171.63,1426.4213,smallcap,consumer discretionary,trading,0.6451,56164
2026-10-05,15:29,HONAUT,33785,29592.5775,largecap,consumer discretionary,electronics - components,0.9411,1798
2026-10-05,15:29,ICICIBANK,1332,940174.0794,largecap,bank,banks - private sector,1.6328,13223493
2026-10-05,15:29,IGIL,316.25,13481.2217,midcap,miscellaneous,miscellaneous,1.3784,422079
2026-10-05,15:29,IIFL,601.15,24830.4727,largecap,financials,finance & investments,2.9719,1622026
2026-10-05,15:29,IKIO,192.22,1475.7523,smallcap,consumer discretionary,electric equipment,0.6598,91418
2026-10-05,15:29,INDIASHLTR,646.6,7027.6501,midcap,financials,finance - housing,0.1549,225850
2026-10-05,15:29,INFOBEAN,148.08,1392.3648,smallcap,i.t,computers - software - medium / small,3.1341,244306
2026-10-05,15:29,INGERRAND,4154.2002,13128.4998,midcap,industrials,compressors / drilling equipment,-0.1106,7413
2026-10-05,15:29,INNOVANA,302.3,599.5532,smallcap,i.t,computers - software - medium / small,4.1695,27710
2026-10-05,15:29,ITC,268.9,320629.092,largecap,fmcg,cigarettes,5.0801,49020716
2026-10-05,15:29,JINDALSAW,275,17285.9076,midcap,industrials,steel - large,1.7388,1309022
2026-10-05,15:29,JKPAPER,385.65,6937.2562,midcap,building materials,paper,0.7972,164425
2026-10-05,15:29,JKTYRE,338.85,9811.9335,midcap,auto,tyres,-0.4407,571827
2026-10-05,15:29,JUSTDIAL,651.35,5554.9775,midcap,i.t,miscellaneous,-0.2756,70392
2026-10-05,15:29,KANPRPLA,252.24,601.0808,smallcap,industrials,packaging,2.7245,26865
2026-10-05,15:29,KCP,155.61,1987.5775,smallcap,building materials,cement - south india,0.934,159779
2026-10-05,15:29,KITEX,118.02,2327.766,smallcap,readymade garments/apparels,textiles - products,1.1484,568407
2026-10-05,15:29,KOLTEPATIL,430.45,3713.9223,smallcap,realty,construction,2.7818,49735
2026-10-05,15:29,KRYSTAL,654.65,852.5685,smallcap,miscellaneous,miscellaneous,7.2845,41594
2026-10-05,15:29,LASERPOWER,267.75,3688.1782,smallcap,industrials,cables - power,1.9029,523993
2026-10-05,15:29,LEAPIND,141.35,63152.4796,largecap,miscellaneous,miscellaneous,3.1526,2945969
2026-10-05,15:29,LODHA,1132.5,110459.879,largecap,realty,construction,2.4331,1495653
2026-10-05,15:29,LUXIND,1183.9,3283.8276,smallcap,textiles,textiles - composite,8.4158,58898
2026-10-05,15:29,MAANALU,104.98,595.8896,smallcap,metals & mining,aluminium and aluminium products,5.6775,139433
2026-10-05,15:29,MALUPAPER,31.19,52.9519,smallcap,building materials,paper,0.4832,16905
2026-10-05,15:29,MAMATA,402.95,984.0659,smallcap,industrials,engineering,0.7627,57051
2026-10-05,15:29,MARKOLINES,169.29,368.6564,smallcap,realty,construction,1.2137,308259
2026-10-05,15:29,MCLOUD,24.54,1428.4878,smallcap,i.t,computers - software - medium / small,1.1959,1090964
2026-10-05,15:29,MEGASTAR,267.87,301.7451,smallcap,fmcg,food - processing - indian,0.2583,8718
2026-10-05,15:29,MINDTECK,151.31,482.2851,smallcap,i.t,computers - software - medium / small,0.2518,22115
2026-10-05,15:29,MPHASIS,2297.1001,42950.2733,largecap,i.t,computers - software - large,2.0843,1107616
2026-10-05,15:29,MRPL,172.43,28875.8174,largecap,energy,refineries,4.6553,13082595
2026-10-05,15:29,MUFIN,132.89,2587.8,smallcap,financials,finance & investments,1.7612,1067885
2026-10-05,15:29,NAVINFLUOR,8272,41733.0515,largecap,chemicals,chemicals,1.6653,133656
2026-10-05,15:29,NAVNETEDUL,122.97,2740.1677,smallcap,miscellaneous,printing & stationery,-0.7266,82595
2026-10-05,15:29,NECLIFE,10.48,198.729,smallcap,healthcare,pharmaceuticals - indian - bulk drugs & formln,2.4438,302353
2026-10-05,15:29,NETWEB,4765.1001,25738.8987,largecap,i.t,computers - hardware,5.4156,1646842
2026-10-05,15:29,NIPPOBATRY,318.75,235.8375,smallcap,industrials,dry cells,1.3675,2579
2026-10-05,15:29,NIRAJ,27.92,165.5921,smallcap,realty,construction,0.6489,26158
2026-10-05,15:29,NOVAAGRI,22.39,205.579,smallcap,chemicals,fertilizers,0.7651,50586
2026-10-05,15:29,NYKAA,339.55,93059.9643,largecap,i.t,trading,4.493,19341790
2026-10-05,15:29,OBEROIRLTY,1751.2,63797.6485,largecap,realty,construction,-0.1938,419733
2026-10-05,15:29,ORICONENT,52.44,784.9245,smallcap,services,trading,4.922,93292
2026-10-05,15:29,PALASHSECU,87.94,84.5262,smallcap,financials,finance & investments,4.071,2831
2026-10-05,15:29,PFIZER,3842.2,17653.5923,midcap,healthcare,pharmaceuticals - multinational,-0.4328,49211
2026-10-05,15:29,PICCADIL,588.45,5727.5344,midcap,fmcg,breweries & distilleries,1.2736,144930
2026-10-05,15:29,PILANIINVS,3984.7,4309.6519,smallcap,financials,finance & investments,2.3739,3139
2026-10-05,15:29,PML,486.95,145.7653,smallcap,financials,finance & investments,3.0255,92
2026-10-05,15:29,POLYCAB,8080,120357.4073,largecap,industrials,cables - power,1.1264,424158
2026-10-05,15:29,POONAWALLA,451.95,38160.8131,largecap,financials,finance & investments,4.2801,1365007
2026-10-05,15:29,PTL,38.21,501.3117,smallcap,miscellaneous,miscellaneous,0.8978,20109
2026-10-05,15:29,PUNJABCHEM,1036.9,1276.3708,smallcap,chemicals,pesticides / agrochemicals - indian,-0.3843,1385
2026-10-05,15:29,RADIOCITY,5.9,203.2631,smallcap,media,entertainment / electronic media software,0.3401,28659
2026-10-05,15:29,RAMCOSYS,555.3,2053.0248,smallcap,i.t,computers - software - medium / small,1.6567,39282
2026-10-05,15:29,RBA,93.99,6563.4713,midcap,consumer discretionary,hotels,1.9193,4841004
2026-10-05,15:29,REFEX,271.3,3722.7636,smallcap,services,trading,0,451891
2026-10-05,15:29,RITCO,284.35,791.9917,smallcap,transportation,miscellaneous,2.7647,107523
2026-10-05,15:29,RKFORGE,700.45,12669.0138,midcap,"castings, forgings & fasteners",castings & forgings,0.719,291847
2026-10-05,15:29,ROSSARI,430.9,2368.2685,smallcap,chemicals,chemicals,0.7835,57876
2026-10-05,15:29,RSDFIN,94,118.2661,smallcap,financials,finance & investments,2.9009,72
2026-10-05,15:29,RUCHIRA,103.39,302.3595,smallcap,building materials,paper,2.0531,11460
2026-10-05,15:29,SAKHTISUG,17.8,208.9366,smallcap,fmcg,sugar,1.2514,106089
2026-10-05,15:29,SAKSOFT,140.72,1846.8366,smallcap,i.t,computers - software - medium / small,0.9976,259830
2026-10-05,15:29,SARDAEN,501,17434.0633,midcap,metals & mining,steel - medium / small,1.2633,207207
2026-10-05,15:29,SAYAJIHOTL,306.5,532.5465,smallcap,services,hotels,0.8224,335
2026-10-05,15:29,SCI,290.6,12439.1626,midcap,transportation,shipping,8.8186,24814404
2026-10-05,15:29,SERVOTECH,71.93,1562.8498,smallcap,industrials,electric equipment,3.9451,744174
2026-10-05,15:29,SHREECEM,21990,79016.8381,largecap,building materials,cement - north india,0.411,39075
2026-10-05,15:29,SICAGEN,52.37,201.6573,smallcap,services,trading,2.7669,8560
2026-10-05,15:29,SILINV,445.75,449.8472,smallcap,financials,finance & investments,4.9935,3970
2026-10-05,15:29,SIMPLEXINF,249.61,1937.9151,smallcap,realty,construction,1.8775,280280
2026-10-05,15:29,SOLEX,682.2,724.793,smallcap,industrials,electric equipment,1.6767,47131
2026-10-05,15:29,SOUTHWEST,195.58,593.2763,smallcap,metals & mining,mining / minerals / metals,7.639,377507
2026-10-05,15:29,STEELCITY,82.52,121.0229,smallcap,financials,finance & investments,3.0084,5484
2026-10-05,15:29,STUDDS,403.1,1573.5457,smallcap,plastic products,plastics products,0.8128,45793
2026-10-05,15:29,SUMIT,50.64,228.5734,smallcap,realty,construction,6.0302,53301
2026-10-05,15:29,SUPREME,30.91,120.1144,smallcap,realty,construction,-0.547,6225
2026-10-05,15:29,SURYODAY,146.86,1525.7904,smallcap,bank,banks - private sector,2.3058,549974
2026-10-05,15:29,SUTLEJTEX,36.97,593.7149,smallcap,textiles,textiles - cotton/blended,2.0143,80117
2026-10-05,15:29,TARACHAND,46.47,365.3534,smallcap,miscellaneous,diversified - medium / small,0.2589,69725
2026-10-05,15:29,TCS,2114.3999,750753.16,largecap,i.t,computers - software - large,1.8988,5270768
2026-10-05,15:29,TERASOFT,227.86,260.1344,smallcap,i.t,computers - software - medium / small,9.5955,54214
2026-10-05,15:29,TIGERLOGS,26.3,271.6075,smallcap,transportation,miscellaneous,2.3745,16487
2026-10-05,15:29,TOUCHWOOD,58.53,63.3182,smallcap,media,miscellaneous,2.4326,6095
2026-10-05,15:29,TRIVENI,237.22,5088.6228,midcap,fmcg,sugar,2.7282,749310
2026-10-05,15:29,TTKPRESTIG,512.95,6935.1978,midcap,consumer discretionary,domestic appliances,1.2934,25083
2026-10-05,15:29,UCOBANK,23.16,28753.2087,largecap,bank,banks - public sector,1.0031,7010331
2026-10-05,15:29,ULTRACEMCO,10850,315601.3921,largecap,building materials,cement - north india,1.3072,314538
2026-10-05,15:29,UTIAMC,890.3,11357.7841,midcap,financials,finance & investments,0.7469,58676
2026-10-05,15:29,VAKRANGEE,5.21,554.5942,smallcap,i.t,computers - software - medium / small,1.7578,741358
2026-10-05,15:29,VCL,1.43,25.1741,smallcap,textiles,trading,4.3796,264937
2026-10-05,15:29,VINYLINDIA,214.15,392.8359,smallcap,chemicals,trading,-0.0373,2875
2026-10-05,15:29,VISHWARAJ,5.23,112.8347,smallcap,fmcg,sugar,0.9653,195509
2026-10-05,15:29,WAAREERTL,809.1,8439.4877,midcap,power & utilities,engineering - turnkey services,0.0371,124142
2026-10-05,15:29,WIPRO,162.14,157813.066,largecap,i.t,computers - software - large,1.7509,30838863
2026-10-05,15:29,ZEEL,73.57,6908.0557,midcap,media,entertainment / electronic media software,2.2942,15449821
