date,time,group,column1,std deviation,annual std dev,roc
2026-09-04,15:29,20MICRONS,269.6516,2.818,42.0392,-3.8546
2026-09-04,15:29,360ONE,153.1826,1.7524,28.6736,9.5798
2026-09-04,15:29,63MOONS,1778.038,3.1859,52.5158,-5.0791
2026-09-04,15:29,AAREYDRUGS,167.571,2.5593,51.3804,38.2052
2026-09-04,15:29,AARTIDRUGS,382.027,1.7642,32.246,-8.3837
2026-09-04,15:29,AARTIIND,863.5918,2.399,37.2359,30.6732
2026-09-04,15:29,AARTIPHARM,558.7763,3.1878,45.5646,-2.7021
2026-09-04,15:29,AARTISURF,885.2979,3.6938,50.8172,13.5258
2026-09-04,15:29,ABB,16840.8161,2.0146,29.6945,44.8001
2026-09-04,15:29,ABCAPITAL,356.2897,1.9765,32.2222,44.0413
2026-09-04,15:29,ABDL,1000.03,2.4682,41.0886,21.8316
2026-09-04,15:29,ABREL,527.1476,2.2962,38.88,-23.7905
2026-09-04,15:29,ABSLAMC,1747.6497,2.2922,36.6603,28.2739
2026-09-04,15:29,ACE,2071.6905,2.197,35.8801,6.5115
2026-09-04,15:29,ACMESOLAR,1358.4284,2.2718,38.1905,41.0732
2026-09-04,15:29,ACUTAAS,9396.2512,2.6458,44.7631,114.8718
2026-09-04,15:29,ADANIENSOL,3701.8164,2.4019,40.579,86.4674
2026-09-04,15:29,ADANIENT,6659.4252,2.128,35.7497,28.7806
2026-09-04,15:29,ADANIGREEN,3277.6182,2.336,43.8557,40.0226
2026-09-04,15:29,ADANIPORTS,2473.8729,1.6417,28.9982,29.1648
2026-09-04,15:29,ADANIPOWER,460.4169,2.2159,43.4378,69.9196
2026-09-04,15:29,ADFFOODS,547.3652,3.0676,47.9008,10.5683
2026-09-04,15:29,ADOR,4168.1875,2.5419,37.9758,75.2564
2026-09-04,15:29,ADVAIT,4750.5303,2.9981,1.7e+308,1.7e+308
2026-09-04,15:29,ADVENZYMES,153.8032,2.5736,38.774,-13.8154
2026-09-04,15:29,AEGISLOG,3837.9446,3.6201,47.3164,79.5716
2026-09-04,15:29,AEGISVOPAK,516.4806,3.1333,47.2655,20.0169
2026-09-04,15:29,AEQUS,667.6169,3.9132,1.7e+308,1.7e+308
2026-09-04,15:29,AEROENTER,385.1278,3.3623,51.7876,63.6395
2026-09-04,15:29,AEROFLEX,2348.2877,4.4531,58.6967,201.3964
2026-09-04,15:29,AETHER,4076.0915,2.2875,38.7131,119.2165
2026-09-04,15:29,AFFLE,227.6034,2.3331,33.9849,-16.2175
2026-09-04,15:29,AGARWALEYE,343.576,1.7569,29.2132,20.8226
2026-09-04,15:29,AGI,470.0916,2.8363,41.8307,-14.4013
2026-09-04,15:29,AGIIL,203.4171,2.8547,53.4655,20.4773
2026-09-04,15:29,AHLWEST,2317.8989,3.6188,53.4672,106.9591
2026-09-04,15:29,AIAENG,3108.9324,1.7813,30.0151,38.6188
2026-09-04,15:29,AJANTPHARM,4745.5686,1.7408,25.6268,32.5427
2026-09-04,15:29,AJAXENGG,593.5063,2.321,37.2946,-14.0168
2026-09-04,15:29,AKSHARCHEM,1336.4743,3.4908,48.8978,64.4851
2026-09-04,15:29,AKUMS,2114.4822,2.1619,32.6404,66.395
2026-09-04,15:29,ALBERTDAVD,1057.3961,2.2856,32.2558,7.4372
2026-09-04,15:29,ALIVUS,2994.1988,2.0837,30.2986,48.0282
2026-09-04,15:29,ALKYLAMINE,2844.1163,2.9102,40.2495,-2.5415
2026-09-04,15:29,ALPHAGEO,770.7518,3.9866,53.1354,28.3438
2026-09-04,15:29,AMAGI,1163.7559,3.2892,1.7e+308,1.7e+308
2026-09-04,15:29,AMANTA,582.7772,2.9625,1.7e+308,1.7e+308
2026-09-04,15:29,AMBER,11836.0145,2.5566,40.7001,-4.0996
2026-09-04,15:29,AMBIKCO,2628.9164,2.3064,35.39,11.701
2026-09-04,15:29,ANANDRATHI,4565.7183,1.1523,22.0689,50.6441
2026-09-04,15:29,ANANTRAJ,769.3256,2.7429,46.0135,16.8519
2026-09-04,15:29,ANDHRSUGAR,195.7268,3.0816,38.2717,29.7562
2026-09-04,15:29,ANGELONE,299.4818,2.447,41.9611,30.5294
2026-09-04,15:29,ANTELOPUS,2804.1154,3.7868,67.3228,69.5722
2026-09-04,15:29,ANTHEM,2016.4945,1.6622,31.1718,12.5633
2026-09-04,15:29,AONELIQUID,192.8125,0.012,0.2081,4.9936
2026-09-04,15:29,APARINDS,64423.6411,2.903,45.9675,124.0643
2026-09-04,15:29,APCOTEXIND,1755.0915,3.3872,42.9142,58.9147
2026-09-04,15:29,APEX,694.5945,3.0391,67.0942,71.8349
2026-09-04,15:29,APLAPOLLO,1549.8142,1.6923,26.834,35.1595
2026-09-04,15:29,APLLTD,270.706,1.7669,27.1947,-14.6117
2026-09-04,15:29,APOLLO,1032.5892,3.6762,58.6997,27.6337
2026-09-04,15:29,APOLLOHOSP,11454.6077,1.1042,17.9947,10.8335
2026-09-04,15:29,APOLLOPIPE,2065.1781,2.9004,48.2646,50.0186
2026-09-04,15:29,ARE&M,204.6573,2.5332,31.7815,-15.1331
2026-09-04,15:29,ARIES,1237.5567,2.7088,45.2344,20.8993
2026-09-04,15:29,ARIHANT,5616.9131,217.8116,2177.0286,3645.1866
2026-09-04,15:29,ARMANFIN,2835.4345,2.7563,41.8476,42.7497
2026-09-04,15:29,ARROWGREEN,2411.2352,3.0509,53.472,41.6935
2026-09-04,15:29,ARTEMISMED,662.9656,2.1903,35.6017,46.3243
2026-09-04,15:29,ARVIND,1580.2026,2.5963,40.2332,91.3322
2026-09-04,15:29,ARVSMART,745.1388,1.8888,33.2885,3.9644
2026-09-04,15:29,ASAHISONG,850.258,3.1215,50.2069,26.1296
2026-09-04,15:29,ASAL,419.8577,2.4243,42.2783,-2.4202
2026-09-04,15:29,ASHIANA,466.3705,1.9915,32.1812,14.6707
2026-09-04,15:29,ASIANENE,1714.7803,3.2756,50.0377,34.0544
2026-09-04,15:29,ASIANHOTNR,478.7742,2.9278,47.0687,16.821
2026-09-04,15:29,ASKAUTOLTD,1200.0359,2.7548,37.7532,17.585
2026-09-04,15:29,ASPINWALL,246.519,2.1628,41.1401,-4.2651
2026-09-04,15:29,ASTERDM,1429.5003,1.6962,29.412,22.7255
2026-09-04,15:29,ASTRAL,675.9893,1.962,30.7414,2.6119
2026-09-04,15:29,ASTRAMICRO,5080.1528,2.8029,42.017,71.4257
2026-09-04,15:29,ATGL,588.5446,2.4864,47.5684,3.7178
2026-09-04,15:29,ATHERENERG,5971.032,3.1254,50.566,217.2124
2026-09-04,15:29,ATLANTAELE,7153.0829,3.4067,1.7e+308,1.7e+308
2026-09-04,15:29,ATUL,3469.8717,1.5155,25.3851,1.3812
2026-09-04,15:29,ATULAUTO,472.2622,2.3673,47.3851,-13.6613
2026-09-04,15:29,AUBANK,613.3519,1.6269,29.5253,53.3919
2026-09-04,15:29,AUROPHARMA,3228.624,1.662,26.5451,58.3277
2026-09-04,15:29,AURUM,267.791,1.9889,35.7442,29.0685
2026-09-04,15:29,AUSOMENT,179.5403,2.5177,51.6416,55.1198
2026-09-04,15:29,AVADHSUGAR,2999.4699,2.9643,43.317,78.2647
2026-09-04,15:29,AVALON,8640.5705,3.5587,53.7064,137.9977
2026-09-04,15:29,AVANTIFEED,269.7755,2.3606,55.6377,23.3645
2026-09-04,15:29,AVG,166.3305,3.0889,56.1461,-26.2634
2026-09-04,15:29,AVL,733.6654,1.7931,35.4296,19.2942
2026-09-04,15:29,AVTNPL,169.8035,2.4842,33.5708,21.522
2026-09-04,15:29,AXISCADES,3468.0109,2.7344,48.4408,19.1258
2026-09-04,15:29,AYMSYNTEX,996.9913,3.2597,46.1168,64.2612
2026-09-04,15:29,AZAD,8596.2279,3.0386,41.8294,76.0794
2026-09-04,15:29,BAFNAPH,1071.288,3.3161,54.8366,193.7351
2026-09-04,15:29,BAJAJ-AUTO,15538.4514,1.4965,23.5189,31.2015
2026-09-04,15:29,BAJAJCON,1313.2178,3.084,50.5883,129.8384
2026-09-04,15:29,BAJAJHLDNG,3063.6579,1.5028,28.9916,-13.6469
2026-09-04,15:29,BAJEL,222.3943,2.2779,42.9803,-8.6745
2026-09-04,15:29,BAJFINANCE,822.6605,1.7791,30.6041,13.1079
2026-09-04,15:29,BALAMINES,8655.1436,4.2199,54.7391,69.7842
2026-09-04,15:29,BALRAMCHIN,1721.602,3.131,40.8627,25.6893
2026-09-04,15:29,BALUFORGE,1208.0982,3.1517,51.2075,-13.6497
2026-09-04,15:29,BANARISUG,1331.5126,2.1568,24.8822,4.1458
2026-09-04,15:29,BANCOINDIA,461.099,2.1451,46.197,2.4314
2026-09-04,15:29,BANSALWIRE,314.7381,2.601,38.0217,-12.9834
2026-09-04,15:29,BASF,1410.8951,2.0031,29.8891,-16.8535
2026-09-04,15:29,BBETF0432,248.2557,0.2635,3.8556,4.7101
2026-09-04,15:29,BBOX,1443.1442,2.9089,45.0279,60.2362
2026-09-04,15:29,BBTCL,225.5571,2.9072,40.3948,13.2359
2026-09-04,15:29,BELRISE,477.4097,2.194,38.6875,73.3714
2026-09-04,15:29,BEML,2557.5964,2.1453,39.4703,0.796
2026-09-04,15:29,BEPL,281.9309,2.6501,34.3318,20.7958
2026-09-04,15:29,BETA,4437.9627,4.0697,1.7e+308,1.7e+308
2026-09-04,15:29,BFINVEST,599.0878,2.519,36.629,2.0215
2026-09-04,15:29,BHAGCHEM,371.9182,2.8534,44.731,-2.1269
2026-09-04,15:29,BHAGERIA,893.3601,3.3821,50.3677,53.1443
2026-09-04,15:29,BHAGYANGR,1309.3107,3.866,62.5921,308.4344
2026-09-04,15:29,BHARATBOND-APR30,331.4212,0.122,1.7172,4.806
2026-09-04,15:29,BHARATBOND-APR31,280.0699,0.1447,1.9687,4.4364
2026-09-04,15:29,BHARATBOND-APR32,243.9761,0.1541,2.1443,3.996
2026-09-04,15:29,BHARATBOND-APR33,215.7587,0.1628,2.2627,3.6127
2026-09-04,15:29,BHARATFORG,3393.59,1.7417,30.5807,72.0771
2026-09-04,15:29,BHARATSE,445.2847,3.3331,61.3248,32.0339
2026-09-04,15:29,BHEL,1169.6476,2.2779,36.3549,103.0043
2026-09-04,15:29,BIL,1391.9795,2.3703,42.9641,6.3367
2026-09-04,15:29,BIOCON,193.4941,1.5422,25.459,9.2659
2026-09-04,15:29,BIRLACABLE,1547.5813,3.7974,53.1405,138.1871
2026-09-04,15:29,BLACKBUCK,310.7069,2.2241,40.4085,-0.4839
2026-09-04,15:29,BLISSGVS,3156.436,3.4936,59.7224,330.4041
2026-09-04,15:29,BLSE,960.959,2.4377,43.7402,80.0259
2026-09-04,15:29,BLUEJET,851.8084,2.8237,48.379,-23.3882
2026-09-04,15:29,BLUESTONE,2392.9402,3.2545,1.7e+308,39.4704
2026-09-04,15:29,BLUSPRING,489.7512,4.3768,56.2133,72.4926
2026-09-04,15:29,BODALCHEM,673.2605,3.9172,50.4212,138.9008
2026-09-04,15:29,BOROSCI,167.633,2.9072,44.1391,-7.3212
2026-09-04,15:29,BOSCH-HCIL,2934.6623,2.2774,36.2088,5.1694
2026-09-04,15:29,BOSCHLTD,71661.0679,1.5706,28.3887,14.4463
2026-09-04,15:29,BRIGADE,781.2326,2.6419,36.5504,1.9508
2026-09-04,15:29,BSE,4492.539,1.9972,39.7745,46.9995
2026-09-04,15:29,BUILDPRO,3916.0864,2.9028,1.7e+308,1.7e+308
2026-09-04,15:29,BUTTERFLY,197.8352,2.6253,40.0394,-10.7931
2026-09-04,15:29,CALSOFT,166.3926,4.6968,64.5973,159.3671
2026-09-04,15:29,CAMS,430.4003,1.9249,29.6151,-2.3066
2026-09-04,15:29,CAPITALSFB,164.9662,1.698,25.4895,-7.2313
2026-09-04,15:29,CAPLIPOINT,6746.2495,2.445,33.8908,31.4441
2026-09-04,15:29,CARBORUNIV,1937.4223,2.3028,36.2734,19.5201
2026-09-04,15:29,CARERATING,1064.8379,1.8682,30.5599,8.5425
2026-09-04,15:29,CARRARO,315.3585,2.9507,44.0158,23.3018
2026-09-04,15:29,CARTRADE,3431.4212,3.3164,56.0137,14.9326
2026-09-04,15:29,CARYSIL,2402.2429,2.7453,45.7684,18.9077
2026-09-04,15:29,CASHIETF,193.8043,0.0125,0.2135,4.9988
2026-09-04,15:29,CCL,1119.7231,1.8799,32.7105,20.5011
2026-09-04,15:29,CDSL,423.5782,1.7245,31.3556,-8.4548
2026-09-04,15:29,CEIGALL,502.0305,2.2139,31.1164,29.8114
2026-09-04,15:29,CEMPRO,4169.7379,4.1048,53.5422,79.1618
2026-09-04,15:29,CENTENKA,1005.9218,2.922,36.3393,20.0749
2026-09-04,15:29,CENTUM,9701.9978,2.7455,47.8768,27.029
2026-09-04,15:29,CERA,5262.1736,1.9952,28.0207,-8.7289
2026-09-04,15:29,CGCL,700.4241,2.4054,34.712,51.7238
2026-09-04,15:29,CGPOWER,2120.3739,2.2262,34.0633,21.0105
2026-09-04,15:29,CHALET,475.6733,1.6852,29.1388,-12.1608
2026-09-04,15:29,CHEMBONDCH,688.2687,3.6143,60.8088,35.2378
2026-09-04,15:29,CHEMCON,177.3697,2.8406,47.8013,-4.7761
2026-09-04,15:29,CHENNPETRO,3783.059,3.1855,50.72,106.7483
2026-09-04,15:29,CHEVIOT,1037.5509,2.0894,27.6988,-2.5387
2026-09-04,15:29,CHOLAFIN,1214.3004,2.0341,33.3008,23.3483
2026-09-04,15:29,CIPLA,434.1216,1.4796,21.1376,-10.8407
2026-09-04,15:29,CLCIND,279.8844,21.9411,224.2842,1509.4915
2026-09-04,15:29,CLSEL,402.4927,2.8325,43.2489,4.6628
2026-09-04,15:29,CNL,3229.2444,3.3163,1.7e+308,1.7e+308
2026-09-04,15:29,CNXENERGY,30819.8456,0.8174,15.7718,10.9918
2026-09-04,15:29,CNXINFRA,1685.322,0.7631,14.8824,2.7073
2026-09-04,15:29,CNXMIDCAP,36797.3992,0.8164,16.4148,10.5192
2026-09-04,15:29,CNXMNC,12977.4369,0.8281,14.6453,7.4914
2026-09-04,15:29,CNXNIFTYJUNIOR,41057.6774,0.9044,16.8111,8.6319
2026-09-04,15:29,CNXPHARMA,29494.5272,0.8304,13.6679,20.7678
2026-09-04,15:29,CNXPSE,593.8163,0.7099,15.3978,3.2435
2026-09-04,15:29,CNXREALTY,939.8735,1.6016,26.0909,4.0573
2026-09-04,15:29,CNXSMALLCAP,23211.2352,0.9436,18.0138,13.8214
2026-09-04,15:29,COFORGE,2086.2644,2.7697,38.6975,18.9652
2026-09-04,15:29,COHANCE,465.1303,3.5753,51.7637,-50.5255
2026-09-04,15:29,COMSYN,945.4547,4.1067,50.1876,95.1298
2026-09-04,15:29,CONCOR,175.1991,1.8954,26.9042,-6.3163
2026-09-04,15:29,CONCORDBIO,1049.3336,2.5743,40.2437,-14.5141
2026-09-04,15:29,CONFIPET,313.1877,3.5129,60.9689,70.8368
2026-09-04,15:29,CONSOFINVT,751.2783,2.1579,41.2058,47.96
2026-09-04,15:29,CORDSCABLE,1005.6116,3.7335,49.648,80.8845
2026-09-04,15:29,CORONA,4312.0679,1.9954,1.7e+308,1.7e+308
2026-09-04,15:29,COSMOFIRST,2123.7844,2.3499,40.2721,-4.4957
2026-09-04,15:29,CPCAP,169.6175,3.1382,43.701,-13.0909
2026-09-04,15:29,CPPLUS,14323.5318,2.8629,45.1963,170.7645
2026-09-04,15:29,CRAFTSMAN,26044.1934,2.1041,36.0044,65.3322
2026-09-04,15:29,CREDITACC,312.5677,2.5238,39.6303,7.694
2026-09-04,15:29,CRISIL,1926.26,1.6498,27.501,-4.1115
2026-09-04,15:29,CUB,185.556,2.2518,39.0059,57.466
2026-09-04,15:29,CUMMINSIND,6850.439,1.7936,28.1533,27.8958
2026-09-04,15:29,CUPID,1263.3557,3.0979,57.4828,708.0764
2026-09-04,15:29,CYIENTDLM,3083.5036,2.9345,43.5985,97.4312
2026-09-04,15:29,DALMIASUG,1018.6353,3.1484,44.2377,15.332
2026-09-04,15:29,DATAMATICS,721.5723,2.1916,43.6872,-20.8588
2026-09-04,15:29,DATAPATTNS,14899.6725,3.3411,50.2123,85.1179
2026-09-04,15:29,DBOL,181.2767,2.383,45.0401,46.5643
2026-09-04,15:29,DCBBANK,234.6738,2.0782,39.4332,76.9317
2026-09-04,15:29,DCI,840.4593,3.2591,53.8258,28.2234
2026-09-04,15:29,DCMNVL,356.7239,3.2248,46.9989,12.9596
2026-09-04,15:29,DEEDEV,2900.8624,3.3435,54.0561,140.1934
2026-09-04,15:29,DEEPAKFERT,1131.817,2.5652,41.188,-2.9636
2026-09-04,15:29,DEEPAKNTR,922.8187,1.9318,28.7214,-2.1206
2026-09-04,15:29,DEEPINDS,2740.8576,3.0228,46.4928,43.2644
2026-09-04,15:29,DELHIVERY,439.0829,1.8563,30.5114,-2.3147
2026-09-04,15:29,DENORA,1440.9734,2.6595,41.8773,-2.1384
2026-09-04,15:29,DEVYANI,153.1209,2.5937,39.8962,-22.5017
2026-09-04,15:29,DHAMPURSUG,344.9406,2.6286,38.6626,21.9368
2026-09-04,15:29,DHARMAJ,263.1396,1.8104,35.0635,-27.4839
2026-09-04,15:29,DIACABS,1292.4418,3.451,47.0432,130.0811
2026-09-04,15:29,DIAMONDYD,465.1303,2.328,33.9984,15.6219
2026-09-04,15:29,DICIND,706.0676,2.5268,37.0488,7.5545
2026-09-04,15:29,DIFFNKG,1341.7458,3.2325,48.28,22.2237
2026-09-04,15:29,DIVGIITTS,3968.1815,3.2584,44.8821,83.8851
2026-09-04,15:29,DIVISLAB,19154.0639,1.5519,23.9611,51.4395
2026-09-04,15:29,DIXON,24062.7385,2.337,39.1743,-20.2464
2026-09-04,15:29,DLF,579.5524,1.9107,29.7114,-9.7479
2026-09-04,15:29,DLINKINDIA,490.8674,1.8479,33.0674,-5.33
2026-09-04,15:29,DMART,647.4607,1.5096,24.8422,-21.3485
2026-09-04,15:29,DMCC,458.6185,3.0774,48.9202,-4.8183
2026-09-04,15:29,DOLPHIN,1715.0902,2.8731,54.8649,59.5644
2026-09-04,15:29,DPABHUSHAN,259.8522,3.2896,44.921,-10.3632
2026-09-04,15:29,DREDGECORP,867.6227,3.4131,62.4348,70.1392
2026-09-04,15:29,DSSL,775.8371,3.9498,55.5935,8.4943
2026-09-04,15:29,DVL,194.4243,2.1563,40.5092,-13.8039
2026-09-04,15:29,DYCL,1287.1704,4.3261,58.8447,13.8092
2026-09-04,15:29,DYNAMATECH,23284.4206,2.7891,45.6997,76.202
2026-09-04,15:29,E2E,2471.392,3.6463,58.2163,107.431
2026-09-04,15:29,EBBETF0430,324.6615,0.1899,2.9789,5.1467
2026-09-04,15:29,EBBETF0431,282.5515,0.2445,3.8961,5.3716
2026-09-04,15:29,EBBETF0433,298.3034,0.2463,4.2171,5.0047
2026-09-04,15:29,EBGNG,2165.9566,3.7483,53.794,65.0652
2026-09-04,15:29,EDELWEISS,198.3316,2.4288,40.588,17.0279
2026-09-04,15:29,EICHERMOT,4077.6419,1.4361,27.0379,15.9562
2026-09-04,15:29,EIEL,176.2533,2.977,47.6961,-18.6763
2026-09-04,15:29,EIMCOELECO,4130.3559,2.7599,52.7722,17.1421
2026-09-04,15:29,ELECON,364.352,2.6736,45.4359,-21.6775
2026-09-04,15:29,ELECTHERM,1122.8247,4.6567,62.5782,12.7342
2026-09-04,15:29,ELGIEQUIP,1346.3969,1.8473,33.5662,34.598
2026-09-04,15:29,ELIQUID,188.8426,0.0119,1.7e+308,1.7e+308
2026-09-04,15:29,ELLEN,508.8525,3.1111,48.8371,-36.6094
2026-09-04,15:29,EMAMIPAP,234.3016,3.1353,46.8298,13.1368
2026-09-04,15:29,EMCURE,2460.8487,1.9389,32.5905,40.424
2026-09-04,15:29,EMIL,532.6672,3.1511,47.463,16.5415
2026-09-04,15:29,EMMVEE,786.0702,3.0724,1.7e+308,1.7e+308
2026-09-04,15:29,EMSLIMITED,313.4977,3.7461,55.3313,-33.4058
2026-09-04,15:29,ENDURANCE,2640.6998,1.826,31.9143,-6.2336
2026-09-04,15:29,ENGINERSIN,696.4551,2.668,42.7724,38.8917
2026-09-04,15:29,ENRIN,6141.5802,2.8216,38.5021,-9.0519
2026-09-04,15:29,ENTERO,4150.2019,2.6272,39.6641,51.8823
2026-09-04,15:29,EPACKPEB,291.5436,3.6794,1.7e+308,1.7e+308
2026-09-04,15:29,EPIGRAL,955.6875,2.718,40.9434,-30.7264
2026-09-04,15:29,EPL,275.4192,2.2169,33.2446,7.7957
2026-09-04,15:29,ESABINDIA,3879.1863,2.1649,30.7687,18.4249
2026-09-04,15:29,ETERNAL,397.2212,1.8907,33.1593,-1.9444
2026-09-04,15:29,ETHOSLTD,1961.6096,2.4801,37.5117,13.6255
2026-09-04,15:29,EXCELINDUS,778.318,2.3317,35.4663,-11.285
2026-09-04,15:29,EXICOM,482.061,4.7223,60.0811,22.2925
2026-09-04,15:29,EXIDEIND,614.9022,2.129,30.0207,2.8104
2026-09-04,15:29,FAZE3Q,838.7849,2.6446,63.1307,20.1386
2026-09-04,15:29,FCL,184.7497,4.4451,59.7359,117.4335
2026-09-04,15:29,FEDERALBNK,399.702,1.4578,25.954,80.0336
2026-09-04,15:29,FILATEX,216.9367,3.2251,45.8401,40.6951
2026-09-04,15:29,FINCABLES,3091.2554,3.3072,41.8445,44.155
2026-09-04,15:29,FINEORG,7846.437,1.7309,29.5024,6.7573
2026-09-04,15:29,FLUOROCHEM,8848.6383,1.8944,31.7312,35.7903
2026-09-04,15:29,FMGOETZE,489.9372,3.056,45.2254,-10.9799
2026-09-04,15:29,FORTIS,378.3059,1.4122,26.0848,-4.5208
2026-09-04,15:29,FOSECOIND,10895.2099,2.5914,43.8892,-2.9218
2026-09-04,15:29,FUSION,163.9739,3.2163,45.6022,16.1218
2026-09-04,15:29,GABRIEL,2806.2855,2.8812,50.0209,12.6071
2026-09-04,15:29,GAEL,197.7114,2.389,36.1045,58.7456
2026-09-04,15:29,GALAPREC,1905.7936,3.3292,44.3532,25.4287
2026-09-04,15:29,GALAXYSURF,1620.5141,2.6821,35.4092,-7.6641
2026-09-04,15:29,GALLANTT,237.5264,3.7126,55.9906,-10.3265
2026-09-04,15:29,GANDHAR,648.0195,3.8182,48.9592,79.2244
2026-09-04,15:29,GANDHITUBE,1204.0673,2.0341,41.091,-10.0345
2026-09-04,15:29,GANECOS,1967.501,2.5731,50.3518,-25.2076
2026-09-04,15:29,GANESHBE,308.9705,3.2246,44.9929,28.0578
2026-09-04,15:29,GANESHHOU,240.0073,2.2826,36.1893,-11.8781
2026-09-04,15:29,GARFIBRES,1162.5156,2.5645,38.0431,4.3878
2026-09-04,15:29,GCSL,1821.4502,2.6841,1.7e+308,97.9874
2026-09-04,15:29,GEECEE,375.5153,2.1242,39.2426,-4.7099
2026-09-04,15:29,GENUSPOWER,502.9607,2.5642,41.6203,2.706
2026-09-04,15:29,GESHIP,1618.0325,2.5907,35.1458,41.039
2026-09-04,15:29,GHCLTEXTIL,409.6247,2.6597,40.2266,78.5789
2026-09-04,15:29,GIPCL,428.726,2.2016,35.9298,5.5398
2026-09-04,15:29,GKSL,455.5175,2.1753,1.7e+308,1.7e+308
2026-09-04,15:29,GLAND,7751.5501,2.6304,32.8532,54.973
2026-09-04,15:29,GLAXO,3998.2609,1.6826,25.286,6.7791
2026-09-04,15:29,GLENMARK,2911.7154,1.7251,27.1101,18.7777
2026-09-04,15:29,GLOBAL,251.1083,2.6374,43.7999,87.5292
2026-09-04,15:29,GMDCLTD,273.8068,2.9465,51.643,10.5992
2026-09-04,15:29,GMMPFAUDLR,1040.6517,2.3402,33.4112,-0.9492
2026-09-04,15:29,GNA,1292.4419,2.9052,46.2339,78.9123
2026-09-04,15:29,GNFC,821.7301,2.1347,30.4327,18.2872
2026-09-04,15:29,GOCLCORP,1094.6066,2.9169,45.5753,18.8847
2026-09-04,15:29,GODFRYPHLP,333.033,2.1606,50.9055,-44.4324
2026-09-04,15:29,GODREJAGRO,817.6988,1.7298,30.8242,-13.8592
2026-09-04,15:29,GODREJIND,1170.8878,3.3112,42.1224,-3.1949
2026-09-04,15:29,GODREJPROP,2733.7259,2.0603,35.3661,1.0297
2026-09-04,15:29,GOKEX,1437.2525,2.3701,57.0611,7.6598
2026-09-04,15:29,GOKULAGRO,485.906,2.1898,44.9165,39.7811
2026-09-04,15:29,GOLDIAM,299.8538,3.2718,54.0037,-17.1048
2026-09-04,15:29,GPTHEALTH,178.424,1.7299,25.9075,2.8614
2026-09-04,15:29,GRANULES,1756.9519,1.635,29.0134,65.878
2026-09-04,15:29,GRAPHITE,767.1545,2.2738,39.928,42.0467
2026-09-04,15:29,GRASIM,3491.5778,1.3756,22.9114,18.4736
2026-09-04,15:29,GRAVITA,692.7337,2.1451,36.504,-1.8837
2026-09-04,15:29,GREAVESCOT,211.7893,3.1005,44.6062,-12.5911
2026-09-04,15:29,GREENPLY,538.0008,2.5009,39.739,2.974
2026-09-04,15:29,GRINDWELL,2589.8451,2.8184,35.7443,24.2718
2026-09-04,15:29,GROBTEA,386.6785,2.1023,39.6315,-5.3582
2026-09-04,15:29,GROWW,164.284,2.4192,1.7e+308,1.7e+308
2026-09-04,15:29,GRPLTD,2623.9547,2.6092,42.2458,-5.5196
2026-09-04,15:29,GRSE,1850.5976,2.2133,46.0015,5.2737
2026-09-04,15:29,GRWRHITECH,25742.1691,2.9247,55.3531,151.1518
2026-09-04,15:29,GUFICBIO,838.4747,2.4822,35.2027,24.7441
2026-09-04,15:29,GUJALKALI,1660.825,2.5479,39.7454,22.7628
2026-09-04,15:29,GUJTHEM,580.1726,3.3583,50.619,7.0388
2026-09-04,15:29,GULFPETRO,214.5181,2.91,40.371,59.9369
2026-09-04,15:29,GULPOLY,358.6464,2.656,41.9815,15.7643
2026-09-04,15:29,GVPIL,2280.3785,3.5146,61.2946,76.8582
2026-09-04,15:29,GVT&D,9883.0867,2.8262,43.7498,56.6554
2026-09-04,15:29,HAL,3412.8145,1.5877,26.9983,10.2434
2026-09-04,15:29,HALEOSLABS,1771.8366,3.0934,41.8972,30.583
2026-09-04,15:29,HAPPYFORGE,7543.1723,2.3043,35.8768,152.6952
2026-09-04,15:29,HARRMALAYA,215.8824,2.792,36.8381,-9.6611
2026-09-04,15:29,HARSHA,512.5735,2.2547,31.3192,12.6441
2026-09-04,15:29,HATSUN,1798.504,1.9637,34.9777,28.0175
2026-09-04,15:29,HCG,507.6124,1.9763,31.1789,1.3681
2026-09-04,15:29,HDFCAMC,177.3703,1.9988,32.1594,-11.7703
2026-09-04,15:29,HDFCLIQUID,190.9517,0.0119,0.2025,4.8708
2026-09-04,15:29,HDFCSML250,201.2463,0.9236,17.1925,9.8329
2026-09-04,15:29,HEALTHIETF,158.8265,0.8107,13.584,13.5232
2026-09-04,15:29,HEG,1236.3161,2.404,40.7822,47.883
2026-09-04,15:29,HESTERBIO,6359.8803,3.5957,42.5547,12.9879
2026-09-04,15:29,HFCL,1056.4039,3.7109,49.7661,231.386
2026-09-04,15:29,HIKAL,172.0362,3.4419,47.8281,-15.185
2026-09-04,15:29,HINDALCO,376.4455,1.7088,28.7177,35.9236
2026-09-04,15:29,HINDOILEXP,235.2318,2.6169,46.3686,5.7566
2026-09-04,15:29,HIRECT,3836.0846,3.5155,55.5751,45.6886
2026-09-04,15:29,HITECHCORP,1097.7074,3.6178,51.265,65.8873
2026-09-04,15:29,HMT,154.1132,2.297,37.8599,17.0164
2026-09-04,15:29,HNDFDS,1025.147,1.7855,27.0242,14.3109
2026-09-04,15:29,HOMEFIRST,603.4285,1.997,36.8891,-4.0517
2026-09-04,15:29,HONASA,1235.696,1.8671,31.2889,57.069
2026-09-04,15:29,HONAUT,26543.4332,2.3845,30.3456,0.7203
2026-09-04,15:29,HSCL,1390.7395,2.7814,35.5535,47.5484
2026-09-04,15:29,HUHTAMAKI,458.4944,2.7691,40.2997,7.0754
2026-09-04,15:29,IBMFNIFTY,163.7258,0.9924,18.7237,9.1115
2026-09-04,15:29,ICDSLTD,175.199,4.2384,68.4325,48.1136
2026-09-04,15:29,ICICIAMC,1203.1369,1.8645,1.7e+308,1.7e+308
2026-09-04,15:29,ICICIBANK,494.8981,1.1161,19.2014,1.4542
2026-09-04,15:29,ICICINIFTY,226.5494,0.5775,9.4792,21.3359
2026-09-04,15:29,ICIL,1397.2512,3.5965,62.3535,91.3554
2026-09-04,15:29,IDEAFORGE,2330.3026,4.082,56.6283,52.5572
2026-09-04,15:29,IFCI,279.2642,3.8795,53.4165,93.3626
2026-09-04,15:29,IFGLEXPOR,209.3707,3.305,55.6517,-14.6698
2026-09-04,15:29,IGARASHI,327.7618,3.0374,45.6151,-14.854
2026-09-04,15:29,IGIL,164.656,2.1875,36.8501,-7.2268
2026-09-04,15:29,IGPL,1223.913,2.3037,38.3534,28.9252
2026-09-04,15:29,IIFL,806.2258,2.5895,40.4261,49.6897
2026-09-04,15:29,IKIO,390.3993,3.9297,53.9116,2.8082
2026-09-04,15:29,IKS,674.7493,2.1344,34.1107,11.5414
2026-09-04,15:29,IMFA,1123.7551,2.6673,50.0076,32.0217
2026-09-04,15:29,IMPAL,258.6121,2.1383,26.5259,9.5969
2026-09-04,15:29,INDGN,788.861,1.7142,27.5754,7.1429
2026-09-04,15:29,INDHOTEL,460.1689,1.4398,25.1337,-7.0668
2026-09-04,15:29,INDIGO,1689.9733,2.0471,33.8402,-12.2222
2026-09-04,15:29,INDIGOPNTS,857.7005,1.9916,35.2121,3.5272
2026-09-04,15:29,INDNIPPON,2790.4711,2.5786,42.8871,31.2557
2026-09-04,15:29,INDOBORAX,1681.291,4.1521,50.3704,114.5149
2026-09-04,15:29,INDOCO,323.4206,3.5131,48.5378,-4.0358
2026-09-04,15:29,INDORAMA,197.4633,3.8778,55.7053,39.7701
2026-09-04,15:29,INDOSTAR,221.9602,2.8353,46.5024,-1.2936
2026-09-04,15:29,INDOTECH,15092.5471,3.8364,60.3981,100.6299
2026-09-04,15:29,INDSWFTLAB,1527.6119,4.0793,56.4322,248.7996
2026-09-04,15:29,INDUSINDBK,719.7115,1.7791,28.9167,33.2145
2026-09-04,15:29,INFRABEES,213.8978,0.7271,14.5624,3.2159
2026-09-04,15:29,INGERRAND,10524.968,2.3647,31.2502,27.3012
2026-09-04,15:29,INNOVACAP,3084.434,2.2868,34.8509,29.3212
2026-09-04,15:29,INOXINDIA,7151.2232,3.2337,40.2249,93.4423
2026-09-04,15:29,IOLCP,811.6833,3.6659,52.4278,106.3254
2026-09-04,15:29,IONEXCHANG,369.9337,2.882,40.4505,-1.9293
2026-09-04,15:29,IPCALAB,3116.3727,1.81,31.5477,47.2135
2026-09-04,15:29,IRISDOREME,201.4944,2.1365,38.8206,98.6254
2026-09-04,15:29,IRMENERGY,279.3882,3.6911,52.8084,0.6438
2026-09-04,15:29,ISGEC,312.5673,2.0461,40.6658,-21.8007
2026-09-04,15:29,ITDC,888.7088,3.7335,58.2095,17.3359
2026-09-04,15:29,IVP,454.2772,3.0162,44.5144,19.9222
2026-09-04,15:29,IZMO,1689.0432,3.1165,69.1059,20.3507
2026-09-04,15:29,J&KBANK,284.7838,2.9785,40.727,48.4612
2026-09-04,15:29,JAGSNPHARM,485.782,1.9494,33.3238,0.7282
2026-09-04,15:29,JASH,760.643,2.5951,37.9704,-7.1415
2026-09-04,15:29,JAYAGROGN,323.8547,2.6264,39.9577,-4.5253
2026-09-04,15:29,JAYBARMARU,243.6662,4.2347,60.7631,25.3999
2026-09-04,15:29,JBMA,599.0876,2.0857,44.1056,1.9557
2026-09-04,15:29,JGCHEM,1792.9223,3.1606,46.5592,27.1577
2026-09-04,15:29,JINDALPOLY,1780.5185,2.496,48.6177,15.4447
2026-09-04,15:29,JINDALSAW,791.2175,2.7471,46.5355,51.951
2026-09-04,15:29,JINDALSTEL,628.8563,1.4805,28.4388,12.5767
2026-09-04,15:29,JINDRILL,975.8431,3.1392,50.8694,8.8573
2026-09-04,15:29,JINDWORLD,208.6884,4.8275,62.9972,58.4298
2026-09-04,15:29,JITFINFRA,466.9908,2.9848,61.9947,-25.1015
2026-09-04,15:29,JKIPL,164.47,3.7174,1.7e+308,1.7e+308
2026-09-04,15:29,JKPAPER,544.2024,2.0053,39.6316,1.374
2026-09-04,15:29,JNKINDIA,1427.7018,4.2227,56.2273,52.2059
2026-09-04,15:29,JOCIL,181.2768,2.1756,35.4931,-5.9261
2026-09-04,15:29,JSFB,1003.4409,2.992,41.4223,9.5843
2026-09-04,15:29,JSWDULUX,1462.9891,1.7377,28.6268,-6.1576
2026-09-04,15:29,JSWENERGY,385.7479,1.8612,29.8847,7.0918
2026-09-04,15:29,JSWINFRA,475.3631,2.1384,31.7438,10.963
2026-09-04,15:29,JSWSTEEL,961.2692,1.1676,23.7133,23.474
2026-09-04,15:29,JUBLCPL,1694.935,3.4428,52.5082,-22.4359
2026-09-04,15:29,JUBLINGREA,258.6125,2.122,35.8465,-5.2243
2026-09-04,15:29,JUNIORBEES,482.3092,0.8559,16.0376,9.6987
2026-09-04,15:29,JUSTDIAL,298.9234,3.1894,39.2281,-15.6142
2026-09-04,15:29,JYOTICNC,1258.6425,2.8283,44.8624,11.9487
2026-09-04,15:29,KABRAEXTRU,2286.6425,3.7207,55.4658,112.104
2026-09-04,15:29,KAJARIACER,1894.3202,1.5724,28.7896,1.349
2026-09-04,15:29,KALYANIFRG,3096.2174,3.542,50.0917,51.0163
2026-09-04,15:29,KALYANKJIL,1436.3221,3.5,47.4839,19.2947
2026-09-04,15:29,KANORICHEM,539.7371,3.0041,43.2686,87.3765
2026-09-04,15:29,KANPRPLA,453.843,3.0275,55.3581,14.3771
2026-09-04,15:29,KAPSTON,1926.3834,2.9609,41.2446,261.3053
2026-09-04,15:29,KARURVYSYA,516.9148,2.2284,36.5607,69.2625
2026-09-04,15:29,KAYNES,1356.9403,3.5548,53.7156,-47.4092
2026-09-04,15:29,KDDL,11117.8531,3.2455,44.2013,63.7909
2026-09-04,15:29,KECL,304.5053,3.2696,46.7728,8.7211
2026-09-04,15:29,KEI,6467.1714,2.3908,35.0254,20.1179
2026-09-04,15:29,KENNAMET,11691.8242,2.9361,36.1614,123.752
2026-09-04,15:29,KERNEX,4200.4366,4.3246,63.5559,67.6973
2026-09-04,15:29,KHAITANLTD,430.8967,4.1896,53.3371,37.5796
2026-09-04,15:29,KICL,2796.9833,1.694,32.7427,9.7263
2026-09-04,15:29,KIMS,1128.7161,1.9428,31.4851,2.8468
2026-09-04,15:29,KINGFA,12518.8264,2.0574,38.6834,39.2115
2026-09-04,15:29,KIOCL,261.7134,2.3182,58.9028,-15.3991
2026-09-04,15:29,KIRIINDUS,631.3367,2.5774,49.5797,6.831
2026-09-04,15:29,KIRLOSBROS,2303.3252,2.2007,38.0682,-6.6386
2026-09-04,15:29,KIRLOSENG,6869.6635,3.374,46.8635,154.1142
2026-09-04,15:29,KIRLOSIND,3743.9882,3.145,41.6451,-0.2086
2026-09-04,15:29,KKCL,354.7392,1.864,33.241,-1.7105
2026-09-04,15:29,KMEW,9006.7818,3.8408,62.6135,246.6743
2026-09-04,15:29,KNAGRI,178.548,2.4889,1.7e+308,1.7e+308
2026-09-04,15:29,KOLTEPATIL,530.5587,2.6004,34.6845,-4.866
2026-09-04,15:29,KOPRAN,628.8561,3.2268,49.7367,31.3488
2026-09-04,15:29,KOTAKNIFTY,163.0436,0.6498,9.3393,29.8333
2026-09-04,15:29,KOVAI,21220.4823,11.3618,116.128,224.1285
2026-09-04,15:29,KPIL,1853.0785,1.6961,29.4075,11.2552
2026-09-04,15:29,KPRMILL,2092.4661,2.5755,41.8957,19.9252
2026-09-04,15:29,KRBL,600.018,2.5268,41.1739,-7.457
2026-09-04,15:29,KRISHANA,540.9775,3.1824,45.8105,62.659
2026-09-04,15:29,KRISHIVAL,584.5137,1.8741,37.4587,-5.9846
2026-09-04,15:29,KRISHNADEF,402.8029,3.1884,1.7e+308,1.7e+308
2026-09-04,15:29,KRN,6081.4229,3.2522,49.1059,80.5983
2026-09-04,15:29,KRONOX,374.0888,3.9003,50.182,8.7115
2026-09-04,15:29,KRYSTAL,325.5912,1.7858,40.1541,-1.058
2026-09-04,15:29,KSB,744.8284,1.9286,30.7773,-0.9135
2026-09-04,15:29,KSHINTL,4582.4636,3.7236,1.7e+308,1.7e+308
2026-09-04,15:29,KSL,1707.338,2.3296,35.6251,15.7966
2026-09-04,15:29,KTKBANK,998.7277,1.9781,33.929,95.2914
2026-09-04,15:29,LALPATHLAB,3107.6901,2.2656,30.1162,15.5527
2026-09-04,15:29,LAMBODHARA,211.1071,3.5833,54.0625,5.723
2026-09-04,15:29,LANDMARK,996.619,3.1184,46.6633,-19.0816
2026-09-04,15:29,LAURUSLABS,5107.7502,1.7884,29.5395,108.9366
2026-09-04,15:29,LAXMIINDIA,243.2322,3.4461,59.6269,-20.389
2026-09-04,15:29,LENSKART,1618.3433,1.4946,1.7e+308,1.7e+308
2026-09-04,15:29,LGEINDIA,1493.3778,1.7995,1.7e+308,1.7e+308
2026-09-04,15:29,LICHSGFIN,344.8164,1.7018,25.228,1.4165
2026-09-04,15:29,LIKHITHA,285.2799,2.6603,50.8812,-17.5424
2026-09-04,15:29,LINCOLN,1040.0311,2.7261,39.8331,11.1151
2026-09-04,15:29,LINDEINDIA,2992.338,1.5199,27.6616,-1.2373
2026-09-04,15:29,LIQGRWBEES,179.3537,0.0109,0.1915,4.7244
2026-09-04,15:29,LIQUID1,203.3552,0.0119,0.2038,5.0471
2026-09-04,15:29,LIQUIDADD,202.9827,0.0116,0.2007,4.9332
2026-09-04,15:29,LIQUIDBETF,191.5097,0.0121,0.2129,4.8357
2026-09-04,15:29,LIQUIDPLUS,197.8356,0.0121,0.207,5.0133
2026-09-04,15:29,LIQUIDSHRI,190.8268,0.011,0.1977,4.7497
2026-09-04,15:29,LLOYDSENGG,254.8294,3.3983,49.6902,34.4778
2026-09-04,15:29,LLOYDSME,4387.7287,1.9365,36.8192,40.9463
2026-09-04,15:29,LMW,28397.7525,1.8477,32.0627,32.1926
2026-09-04,15:29,LODHA,1995.0988,2.5241,37.4163,4.0088
2026-09-04,15:29,LOKESHMACH,1302.1787,2.9424,52.076,80.2007
2026-09-04,15:29,LOTUSDEV,252.7208,2.6481,44.4298,5.0671
2026-09-04,15:29,LT,1366.2429,1.2133,25.0455,11.5517
2026-09-04,15:29,LTF,161.2452,2.0982,34.8838,36.2197
2026-09-04,15:29,LTFOODS,613.3517,1.7466,39.2074,0.3837
2026-09-04,15:29,LUMAXIND,9612.6919,2.2731,51.7454,49.2251
2026-09-04,15:29,LUMAXTECH,3561.6577,2.9739,55.1955,82.6425
2026-09-04,15:29,LUXIND,1742.0676,2.7191,45.7028,-9.7465
2026-09-04,15:29,LXCHEM,207.324,2.9059,47.6365,-18.2941
2026-09-04,15:29,MACPOWER,6631.5174,3.9281,53.9383,133.7731
2026-09-04,15:29,MAFANG,276.9696,1.6037,22.7787,29.1197
2026-09-04,15:29,MAGADSUGAR,775.2171,2.4727,35.768,-2.8936
2026-09-04,15:29,MAHASTEEL,2837.2946,3.0401,46.4307,224.0273
2026-09-04,15:29,MAHESHWARI,177.1836,1.8043,39.1144,17.11
2026-09-04,15:29,MAHLOG,713.5099,2.0426,38.5696,26.3954
2026-09-04,15:29,MAHSCOOTER,3107.0701,1.8802,31.747,-17.6834
2026-09-04,15:29,MAHSEAMLES,1113.5218,1.5537,24.9068,8.5931
2026-09-04,15:29,MAITHANALL,694.2849,2.2181,38.1201,-0.1876
2026-09-04,15:29,MAMATA,183.2612,2.0042,40.0198,2.129
2026-09-04,15:29,MANAKSTEEL,301.2804,4.0875,54.4158,80.7919
2026-09-04,15:29,MANALIPETC,206.952,3.1905,45.3731,20.3997
2026-09-04,15:29,MANAPPURAM,278.7681,2.1324,33.6839,19.4025
2026-09-04,15:29,MANCREDIT,345.1267,2.9418,36.5041,24.0991
2026-09-04,15:29,MANGLMCEM,2198.5153,1.8982,31.1918,42.5856
2026-09-04,15:29,MANINDS,2944.8945,3.0969,55.8805,86.2423
2026-09-04,15:29,MANKIND,1366.2414,1.5945,25.4511,-8.7313
2026-09-04,15:29,MANORAMA,5584.0439,2.8983,43.8995,48.5838
2026-09-04,15:29,MANORG,268.8453,3.5917,52.278,-15.2234
2026-09-04,15:29,MANYAVAR,680.3306,2.3631,34.9952,-17.9282
2026-09-04,15:29,MARALOVER,153.493,3.4657,50.5193,19.872
2026-09-04,15:29,MARICO,460.1689,1.0928,18.2565,11.4049
2026-09-04,15:29,MARINE,1622.7464,3.3505,50.605,147.2254
2026-09-04,15:29,MARKOLINES,236.8443,1.7802,1.7e+308,1.7e+308
2026-09-04,15:29,MARKSANS,1013.8599,3.2446,42.6591,93.4462
2026-09-04,15:29,MAWANASUG,415.3923,3.1017,41.4128,56.3595
2026-09-04,15:29,MAXESTATES,1008.7123,2.7601,41.0386,25.5297
2026-09-04,15:29,MAYURUNIQ,1451.2062,2.796,37.6315,36.159
2026-09-04,15:29,MAZDA,466.3086,3.1493,45.1943,-3.9829
2026-09-04,15:29,MAZDOCK,1074.1405,1.652,33.9814,-7.3277
2026-09-04,15:29,MBAPL,523.8607,2.8142,38.5326,99.5675
2026-09-04,15:29,MCX,6160.8047,2.2976,39.7709,115.331
2026-09-04,15:29,MEDANTA,2727.5241,1.7526,29.2079,4.3596
2026-09-04,15:29,MEESHO,239.9452,2.8982,1.7e+308,1.7e+308
2026-09-04,15:29,MEGASTAR,549.5359,2.7173,44.951,33.7159
2026-09-04,15:29,MENONBE,1236.6883,3.4759,45.2436,156.8734
2026-09-04,15:29,METROPOLIS,839.4051,2.0462,29.6644,6.7491
2026-09-04,15:29,MIDHANI,552.5746,2.614,42.5791,11.117
2026-09-04,15:29,MINDACORP,991.6575,1.904,32.5084,39.4444
2026-09-04,15:29,MMFL,1560.977,2.4147,42.4921,99.3356
2026-09-04,15:29,MMP,984.8357,2.8609,42.6105,46.6969
2026-09-04,15:29,MODEFENCE,152.8108,1.2651,24.9122,29.6153
2026-09-04,15:29,MODIS,440.3233,2.4525,1.7e+308,1.7e+308
2026-09-04,15:29,MODISONLTD,1991.5018,4.5652,56.6012,188.8623
2026-09-04,15:29,MOLDTECH,491.5497,3.5685,50.6944,24.7969
2026-09-04,15:29,MOLDTKPAC,964.9905,2.4856,39.1291,-14.7382
2026-09-04,15:29,MON100,538.2488,1.4695,22.6082,58.4916
2026-09-04,15:29,MONARCH,590.7154,2.0471,33.8819,15.0205
2026-09-04,15:29,MONQ50,264.9382,1.5038,23.3182,61.3758
2026-09-04,15:29,MOREPENLAB,493.4722,4.1863,54.6425,130.6631
2026-09-04,15:29,MOSCHIP,266.6747,2.9997,54.9244,-14.2442
2026-09-04,15:29,MOTHERSON,324.3508,2.1038,34.9597,69.8731
2026-09-04,15:29,MOTILALOFS,1773.6967,2.2256,39.8205,18.779
2026-09-04,15:29,MPSLTD,5334.1129,3.2813,45.1468,18.3048
2026-09-04,15:29,MSTCLTD,1727.1837,3.7941,48.56,46.6494
2026-09-04,15:29,MTARTECH,29525.2285,4.6565,61.1237,408.5938
2026-09-04,15:29,MUFIN,155.2295,1.5686,37.931,64.29
2026-09-04,15:29,MUNJALAU,261.3412,3.5273,49.2642,26.5412
2026-09-04,15:29,MUTHOOTMF,162.0513,3.0328,44.2495,20.2354
2026-09-04,15:29,NAHARCAP,221.7121,1.5825,30.7206,-9.8812
2026-09-04,15:29,NAHARINDUS,274.985,2.7609,40.4994,21.7318
2026-09-04,15:29,NAHARPOLY,179.1682,2.3249,43.8938,-17.8017
2026-09-04,15:29,NAHARSPING,835.6219,2.2428,38.5241,35.5789
2026-09-04,15:29,NAM-INDIA,2083.4735,2.2174,38.748,45.3418
2026-09-04,15:29,NATCAPSUQ,300.5361,3.9114,59.3868,4.0081
2026-09-04,15:29,NAVA,182.6412,2.4338,38.9031,-17.4538
2026-09-04,15:29,NAVINFLUOR,16363.2824,2.1641,36.5366,83.5035
2026-09-04,15:29,NAVINIFTY,435.4239,1.9962,28.9111,43.3632
2026-09-04,15:29,NAZARA,562.8076,2.2521,41.444,33.6512
2026-09-04,15:29,NDGL,1319.1091,2.3626,40.2376,-27.3601
2026-09-04,15:29,NDLVENTURE,212.0994,2.1374,42.0889,41.1339
2026-09-04,15:29,NDRAUTO,306.0559,2.0319,41.0207,-35.5041
2026-09-04,15:29,NELCAST,170.5478,3.1796,53.9651,-19.793
2026-09-04,15:29,NELCO,1946.1049,3.3566,46.0789,13.0864
2026-09-04,15:29,NEOGEN,6240.1872,2.8763,49.0526,43.7534
2026-09-04,15:29,NEPHROPLUS,1169.0274,2.5853,1.7e+308,1.7e+308
2026-09-04,15:29,NESTLEIND,723.7424,1.4688,21.4241,16.7149
2026-09-04,15:29,NETWEB,12979.6142,3.6667,59.9012,68.6368
2026-09-04,15:29,NEULANDLAB,58352.1409,2.1686,39.7383,56.719
2026-09-04,15:29,NEXT50,464.4478,0.8892,16.7359,9.8104
2026-09-04,15:29,NGLFINE,8564.5984,4.0407,57.4897,93.395
2026-09-04,15:29,NH,693.3545,1.729,30.4396,4.0827
2026-09-04,15:29,NIACL,536.3882,3.2519,45.5354,18.0297
2026-09-04,15:29,NIBE,1924.3985,3.4418,51.9635,11.8868
2026-09-04,15:29,NIFTY100EQLWGT,12796.666,0.7646,14.9003,5.8541
2026-09-04,15:29,NIFTY100LIQ15,1793.2316,0.8873,15.8823,6.8673
2026-09-04,15:29,NIFTY200ALPHA30,15878.9291,0.9304,18.7636,7.1915
2026-09-04,15:29,NIFTY200MOMENTM30,3275.4497,0.9269,18.1779,1.8822
2026-09-04,15:29,NIFTY500,3398.2489,0.7231,13.9875,1.8617
2026-09-04,15:29,NIFTY500MOMENTM50,27117.0938,0.9245,18.308,7.4368
2026-09-04,15:29,NIFTY500MULTICAP,6171.6547,0.7432,14.5107,4.088
2026-09-04,15:29,NIFTY50EQLWGT,2113.5446,0.6837,13.3785,2.8596
2026-09-04,15:29,NIFTYALPHA50,54444.4411,0.9439,18.9625,11.7444
2026-09-04,15:29,NIFTYALPHALOWVOL,2217.1209,0.631,12.9634,1.0513
2026-09-04,15:29,NIFTYAUTO,5620.9417,1.095,21.2415,5.2822
2026-09-04,15:29,NIFTYCAPITALMKT,5780.9483,1.2283,24.8507,26.8767
2026-09-04,15:29,NIFTYCHEMICALS,17201.1467,0.9533,1.7e+308,1.7e+308
2026-09-04,15:29,NIFTYCOMMODITIES,2915.7429,0.7732,15.8704,11.5671
2026-09-04,15:29,NIFTYCONSUMPTION,402.4951,0.7892,14.5725,-6.2475
2026-09-04,15:29,NIFTYCONSURDURBL,33037.8871,1.1634,20.4989,-0.8591
2026-09-04,15:29,NIFTYEES,23597.5477,1.6253,39.3689,55.5137
2026-09-04,15:29,NIFTYGS10YR,276.9705,0.2024,3.5064,2.5995
2026-09-04,15:29,NIFTYGS1115YR,842.1962,0.2233,3.9787,5.0486
2026-09-04,15:29,NIFTYGS15YRPLUS,383.4524,0.3147,5.4035,2.785
2026-09-04,15:29,NIFTYGS48YR,731.6187,0.1581,2.5312,5.5275
2026-09-04,15:29,NIFTYGS813YR,431.1449,0.1901,3.3,3.8456
2026-09-04,15:29,NIFTYGSCOMPSITE,508.1079,0.1986,3.4469,4.0186
2026-09-04,15:29,NIFTYHEALTHCARE,15198.9123,0.8031,13.4814,13.2539
2026-09-04,15:29,NIFTYINDDEFENCE,13561.6448,1.2268,23.9968,29.1302
2026-09-04,15:29,NIFTYINDIAMFG,8939.1857,0.7665,15.3711,10.5554
2026-09-04,15:29,NIFTYINDTOURISM,1230.424,1.2111,21.5185,-15.1518
2026-09-04,15:29,NIFTYLARGEMID250,3926.3232,0.734,14.4593,3.9856
2026-09-04,15:29,NIFTYM150MOMNTM50,28624.4308,0.9111,18.0508,5.7668
2026-09-04,15:29,NIFTYM150QLTY50,8513.4341,0.792,15.4905,0.5169
2026-09-04,15:29,NIFTYMEDIA,1326.5509,1.3748,21.8327,-3.3941
2026-09-04,15:29,NIFTYMETAL,11409.0274,1.1158,22.248,37.5535
2026-09-04,15:29,NIFTYMICROCAP250,36838.9339,1.012,19.6125,12.3263
2026-09-04,15:29,NIFTYMIDCAP150,13394.5037,0.8066,16.0333,9.4258
2026-09-04,15:29,NIFTYMIDCAP50,11036.6083,0.8174,16.427,12.6514
2026-09-04,15:29,NIFTYMIDLIQ15,13396.9929,0.9984,18.841,14.594
2026-09-04,15:29,NIFTYMIDSELECT,10214.2604,0.8823,17.8131,15.1469
2026-09-04,15:29,NIFTYMIDSMALLCAP400,16039.8594,0.8185,16.1409,9.3077
2026-09-04,15:29,NIFTYMIDSMLHLTH,64354.5015,0.8207,14.2735,17.1526
2026-09-04,15:29,NIFTYMS400MQ100,38334.4852,0.8428,17.1889,8.0292
2026-09-04,15:29,NIFTYMULTIINFRA,7183.4704,0.7822,15.3667,5.201
2026-09-04,15:29,NIFTYMULTIMFG,10681.25,0.7277,15.2749,9.0814
2026-09-04,15:29,NIFTYSMALLCAP250,19639.6647,0.8992,17.0413,9.3299
2026-09-04,15:29,NIFTYSMALLCAP50,12620.2254,0.9396,18.2509,18.1635
2026-09-04,15:29,NIFTYSML250MQ100,52357.5325,0.9273,17.809,9.1956
2026-09-04,15:29,NIFTYTOTALMKT,2654.9611,0.728,14.1039,2.3075
2026-09-04,15:29,NIITLTD,155.1674,4.0733,52.7434,-12.8413
2026-09-04,15:29,NILKAMAL,4525.407,2.752,35.1205,37.2835
2026-09-04,15:29,NINSYS,2334.6439,2.3155,44.1816,58.0027
2026-09-04,15:29,NIRAJISPAT,1375.5451,4.88,76.1825,-2.0088
2026-09-04,15:29,NITINSPIN,1993.8584,2.5342,38.7966,93.6808
2026-09-04,15:29,NITIRAJ,255.7597,2.7847,42.0964,13.3116
2026-09-04,15:29,NLCINDIA,160.935,2.6136,36.9845,19.481
2026-09-04,15:29,NOCIL,274.1788,2.9004,40.4088,-4.7503
2026-09-04,15:29,NORTHARC,176.4393,2.5432,39.7718,24.7111
2026-09-04,15:29,NOVARTIND,5689.163,5.6922,60.3527,189.25
2026-09-04,15:29,NPST,2632.6372,3.2671,58.5988,-18.3002
2026-09-04,15:29,NRAIL,1020.4957,2.984,53.7481,49.8204
2026-09-04,15:29,NRBBEARING,1305.1555,2.5992,39.0391,58.7358
2026-09-04,15:29,NRL,468.1691,2.4417,35.2291,80.875
2026-09-04,15:29,NURECA,253.341,3.1296,53.1126,25.5154
2026-09-04,15:29,NUVAMA,2995.4388,2.3728,36.31,39.4577
2026-09-04,15:29,NYKAA,606.5299,1.6522,28.0515,37.0343
2026-09-04,15:29,OAL,1631.9872,3.6845,47.978,53.4534
2026-09-04,15:29,OBEROIRLTY,2615.2721,1.6534,27.0036,15.1664
2026-09-04,15:29,OCCLLTD,453.2229,3.8084,52.614,23.8235
2026-09-04,15:29,OFSS,25439.5241,2.2338,33.5419,45.628
2026-09-04,15:29,OIL,326.2112,2.08,30.9242,23.1837
2026-09-04,15:29,OLECTRA,1485.936,2.3585,43.8886,-19.3993
2026-09-04,15:29,OMAXAUTO,558.4665,4.6173,61.6987,26.5432
2026-09-04,15:29,OMAXE,380.5386,3.9495,54.8182,56.9571
2026-09-04,15:29,ONESOURCE,653.6632,2.0456,41.878,-17.9096
2026-09-04,15:29,OPTIEMUS,1151.9726,2.9727,48.8907,-9.5416
2026-09-04,15:29,ORBTEXP,435.3619,4.1829,58.4691,27.4773
2026-09-04,15:29,ORCHPHARMA,1651.2124,2.9888,43.5451,33.939
2026-09-04,15:29,ORIENTBELL,899.2518,3.2558,50.5455,42.8669
2026-09-04,15:29,ORIENTHOT,238.3327,3.6639,46.83,-0.2353
2026-09-04,15:29,PAGEIND,21209.9396,1.6444,24.4253,-18.0309
2026-09-04,15:29,PAISALO,257.062,2.9841,43.819,114.2238
2026-09-04,15:29,PANACHE,1704.2373,2.8195,49.2796,107.166
2026-09-04,15:29,PANAMAPET,1298.0236,4.0581,50.4939,68.8075
2026-09-04,15:29,PAR,412.9737,4.2739,54.5757,59.8103
2026-09-04,15:29,PARACABLES,211.6033,4.2899,59.5632,40.1583
2026-09-04,15:29,PARADEEP,173.2765,2.3858,44.0344,-21.8867
2026-09-04,15:29,PARAS,4911.4655,3.9203,50.6514,114.0707
2026-09-04,15:29,PARKHOSPS,806.908,2.5736,1.7e+308,1.7e+308
2026-09-04,15:29,PAUSHAKLTD,1614.9324,3.1231,1.7e+308,1.7e+308
2026-09-04,15:29,PAYTM,3229.244,2.5305,38.846,32.2627
2026-09-04,15:29,PCBL,324.661,2.8294,46.5869,-15.1953
2026-09-04,15:29,PDSL,293.6523,2.2312,41.9295,10.7165
2026-09-04,15:29,PFOCUS,554.9314,3.2998,56.2954,93.8499
2026-09-04,15:29,PGEL,322.1801,2.4291,43.7812,1.4707
2026-09-04,15:29,PGHL,1640.3594,1.843,24.9207,-12.4517
2026-09-04,15:29,PGIL,5511.4839,2.7507,50.6391,89.2433
2026-09-04,15:29,PHOENIXLTD,1336.4743,1.6255,26.9069,27.9231
2026-09-04,15:29,PIDILITIND,1126.2352,1.355,21.5876,5.2955
2026-09-04,15:29,PIRAMALFIN,2673.5686,2.1884,1.7e+308,1.7e+308
2026-09-04,15:29,PITTIENG,2227.6639,2.2684,38.8432,19.2591
2026-09-04,15:29,PIXTRANS,3064.898,2.6851,32.111,25.3288
2026-09-04,15:29,PKTEA,831.9631,2.958,47.641,4.2877
2026-09-04,15:29,PLASTIBLEN,244.9066,2.6425,34.7306,-3.5568
2026-09-04,15:29,PLAZACABLE,159.8808,3.6309,50.5732,9.1103
2026-09-04,15:29,PNBHOUSING,2192.934,1.8193,32.1967,47.278
2026-09-04,15:29,PNGJL,319.3894,2.3158,34.3719,2.0184
2026-09-04,15:29,POKARNA,596.9172,2.1952,53.4667,5.8553
2026-09-04,15:29,POLICYBZR,1005.3014,1.9576,33.2502,0.7407
2026-09-04,15:29,POLYCAB,9786.3406,1.8862,30.5549,14.8312
2026-09-04,15:29,POLYMED,697.6954,2.6658,43.289,-16.6177
2026-09-04,15:29,POLYPLEX,2259.2926,2.3252,33.1809,15.5525
2026-09-04,15:29,PONNIERODE,724.0528,2.5918,35.5314,28.7277
2026-09-04,15:29,POONAWALLA,335.204,1.953,37.8214,8.538
2026-09-04,15:29,POWERINDIA,93950.1097,2.6905,44.7422,67.9045
2026-09-04,15:29,POWERMECH,1937.4235,2.1189,38.5089,-24.7061
2026-09-04,15:29,PPAP,391.8257,4.3055,58.2123,19.405
2026-09-04,15:29,PPL,420.2917,3.0112,45.5879,-21.203
2026-09-04,15:29,PPLPHARMA,389.5311,2.3399,34.0567,6.763
2026-09-04,15:29,PRABHA,485.782,2.6716,45.1406,-5.8353
2026-09-04,15:29,PRAJIND,322.4903,2.2759,40.6313,-17.4539
2026-09-04,15:29,PRECOT,2411.2352,3.4035,61.9191,48.6161
2026-09-04,15:29,PRECWIRE,1599.8619,3.8423,59.9959,169.9863
2026-09-04,15:29,PREMEXPLN,1196.315,3.6011,55.127,20.3662
2026-09-04,15:29,PREMIERENE,1977.734,1.7433,34.5263,0.175
2026-09-04,15:29,PREMIERPOL,305.6836,3.6177,57.7629,103.9786
2026-09-04,15:29,PRESTIGE,1229.1839,2.1361,33.1088,5.0645
2026-09-04,15:29,PRICOLLTD,1137.7087,2.389,38.9406,55.4934
2026-09-04,15:29,PRINCEPIPE,290.5514,2.1522,38.4954,-13.1236
2026-09-04,15:29,PRIVISCL,4030.5096,1.8499,34.7685,47.4945
2026-09-04,15:29,PRUDENT,6731.9852,2.3022,37.6847,23.7377
2026-09-04,15:29,PSPPROJECT,1153.213,2.8218,46.0153,23.9734
2026-09-04,15:29,PTCIL,39393.4317,2.6663,36.6114,75.4399
2026-09-04,15:29,PUNJABCHEM,626.9958,2.142,41.7222,-1.0877
2026-09-04,15:29,PVP,235.48,4.1625,64.4452,136.6423
2026-09-04,15:29,PVRINOX,1836.9541,1.6679,29.3014,7.0575
2026-09-04,15:29,QPOWER,5564.5087,3.4436,55.6936,64.59
2026-09-04,15:29,QUADFUTURE,773.3565,3.9625,60.7484,-13.5141
2026-09-04,15:29,QUESS,986.5723,2.644,36.464,33.9437
2026-09-04,15:29,RACLGEAR,3828.332,2.8686,57.0116,72.1761
2026-09-04,15:29,RADICO,9501.0607,1.71,32.719,61.2371
2026-09-04,15:29,RAIN,503.2089,3.5641,53.6833,55.7096
2026-09-04,15:29,RAINBOW,1622.3742,1.3057,22.4199,-4.1843
2026-09-04,15:29,RAJRATAN,266.9849,2.1989,48.6958,49.6322
2026-09-04,15:29,RAMCOSYS,1257.4021,4.8731,65.0139,42.6871
2026-09-04,15:29,RAMRAT,1673.8489,3.3365,41.9717,50.7813
2026-09-04,15:29,RANEHOLDIN,2591.7059,2.9226,41.5184,10.11
2026-09-04,15:29,RATEGAIN,1464.5403,2.6427,44.1666,37.9609
2026-09-04,15:29,RATNAMANI,4465.2504,2.7819,44.7672,13.502
2026-09-04,15:29,RATNAVEER,1032.5272,3.5176,49.828,106.5122
2026-09-04,15:29,RAYMOND,2301.7744,3.3364,44.4668,21.1133
2026-09-04,15:29,RAYMONDREL,721.8823,3.9129,56.8972,-13.8683
2026-09-04,15:29,RBA,205.3395,2.9357,38.5036,22.1552
2026-09-04,15:29,RBLBANK,779.8684,1.8688,31.0066,50.1268
2026-09-04,15:29,RBZJEWEL,411.9193,3.5841,50.5537,46.1477
2026-09-04,15:29,REDINGTON,747.9294,2.6141,50.3353,56.7924
2026-09-04,15:29,REFEX,370.8638,2.6186,53.0508,-22.2375
2026-09-04,15:29,REGAAL,157.5862,3.0208,1.7e+308,-16.0804
2026-09-04,15:29,RELIGARE,216.8746,2.0216,38.6965,1.5484
2026-09-04,15:29,RGL,271.3259,3.3378,56.7726,31.8784
2026-09-04,15:29,RIIL,346.6772,2.0743,35.5456,-18.3262
2026-09-04,15:29,RISHABH,2510.1529,3.196,57.2376,55.0877
2026-09-04,15:29,RITCO,402.1826,2.7382,41.7921,11.3448
2026-09-04,15:29,RKFORGE,1180.5004,2.2386,35.525,22.8591
2026-09-04,15:29,RML,3446.3052,3.2605,42.8191,53.9622
2026-09-04,15:29,ROLEXRINGS,321.25,2.9798,44.6198,23.8157
2026-09-04,15:29,ROSSTECH,3289.7113,3.8303,63.4415,60.8753
2026-09-04,15:29,RPEL,6900.3621,3.1062,49.8038,173.5902
2026-09-04,15:29,RPGLIFE,3633.5985,2.8375,36.8136,14.4539
2026-09-04,15:29,RPSGVENT,751.9606,2.3646,47.6883,-5.1022
2026-09-04,15:29,RPTECH,3012.8038,3.3712,43.541,178.2601
2026-09-04,15:29,RRKABEL,6837.4155,2.9595,38.7289,103.4403
2026-09-04,15:29,RSWM,561.4432,2.597,41.213,43.3873
2026-09-04,15:29,RUBICON,6935.0925,3.3338,1.7e+308,1.7e+308
2026-09-04,15:29,RUBYMILLS,1470.2457,3.7951,52.1079,91.419
2026-09-04,15:29,RVTH,523.7367,2.9851,46.7391,-14.3698
2026-09-04,15:29,S&SPOWER,358.1503,3.0291,54.4037,-17.8
2026-09-04,15:29,SAATVIKGL,379.8564,2.2711,1.7e+308,1.7e+308
2026-09-04,15:29,SAHYADRI,938.6328,2.9979,42.1144,38.9076
2026-09-04,15:29,SAIL,296.257,2.3459,35.7405,52.2513
2026-09-04,15:29,SAILIFE,4895.0311,1.9493,34.191,84.1674
2026-09-04,15:29,SAKAR,3880.4267,3.712,53.0223,205.07
2026-09-04,15:29,SALONA,222.3323,2.1328,37.4271,10.667
2026-09-04,15:29,SALSTEEL,251.0463,3.3668,58.006,267.0275
2026-09-04,15:29,SAMBHV,263.3257,2.5181,43.7736,5.4231
2026-09-04,15:29,SANATHAN,160.0049,2.1457,32.7896,-10.7677
2026-09-04,15:29,SANDESH,256.132,2.6798,33.3198,-14.1726
2026-09-04,15:29,SANDHAR,796.303,2.9408,44.5259,35.8441
2026-09-04,15:29,SANGAMIND,968.4012,2.2299,36.3174,58.5536
2026-09-04,15:29,SANGHVIMOV,998.1696,3.0705,51.2971,31.4183
2026-09-04,15:29,SANGINITA,298.6136,2.5236,48.0756,526.3158
2026-09-04,15:29,SANOFICONR,760.9543,1.6362,30.7914,-19.1825
2026-09-04,15:29,SANSERA,13157.6053,2.678,40.9023,177.3777
2026-09-04,15:29,SAPPHIRE,269.9616,3.2043,45.8054,-28.8934
2026-09-04,15:29,SARDAEN,274.7369,1.7244,34.0197,-10.6867
2026-09-04,15:29,SAREGAMA,986.0761,3.0664,41.6049,0.5305
2026-09-04,15:29,SASKEN,3954.848,4.1634,54.636,31.8822
2026-09-04,15:29,SATIN,425.5631,2.6985,33.414,49.1252
2026-09-04,15:29,SBCL,4380.2866,4.2294,54.7927,122.044
2026-09-04,15:29,SBILIQETF,188.9054,0.0122,1.7e+308,4.9468
2026-09-04,15:29,SCHAEFFLER,2108.5905,1.4955,28.5663,4.6168
2026-09-04,15:29,SCHNEIDER,3880.4267,3.622,48.7183,38.4564
2026-09-04,15:29,SCI,580.5446,2.7129,45.8716,41.3496
2026-09-04,15:29,SCPL,2137.7387,3.9088,56.6132,152.0077
2026-09-04,15:29,SEAMECLTD,4106.1697,2.4238,36.8684,93.6306
2026-09-04,15:29,SECMARK,269.0933,3.4263,63.6671,7.0423
2026-09-04,15:29,SENCO,327.4516,2.9818,42.8306,-6.7836
2026-09-04,15:29,SENORES,3884.768,2.9644,40.6497,98.6234
2026-09-04,15:29,SETFNN50,469.0995,0.8809,16.1813,9.7987
2026-09-04,15:29,SETL,1782.8133,3.4519,50.2891,121.5091
2026-09-04,15:29,SFL,801.5745,2.6381,39.1357,-9.816
2026-09-04,15:29,SGFIN,1860.211,2.79,41.9094,79.7553
2026-09-04,15:29,SGIL,584.8239,2.5847,40.7229,10.0381
2026-09-04,15:29,SGMART,2948.6158,2.6453,1.7e+308,1.7e+308
2026-09-04,15:29,SHAHALLOYS,241.7437,3.3782,52.4826,62.2442
2026-09-04,15:29,SHAILY,8608.0106,3.0837,52.3793,49.3191
2026-09-04,15:29,SHALPAINTS,158.7645,4.409,61.4733,17.7597
2026-09-04,15:29,SHANKARA,273.7446,1.8052,47.3644,-39.0105
2026-09-04,15:29,SHANTIGEAR,1064.8383,3.1792,40.127,9.5595
2026-09-04,15:29,SHANTIGOLD,397.2832,2.7566,45.8707,11.1959
2026-09-04,15:29,SHARDAMOTR,259.8529,2.0141,36.305,-16.6005
2026-09-04,15:29,SHAREINDIA,174.1448,2.9354,50.9931,15.2416
2026-09-04,15:29,SHEMAROO,179.2922,2.6839,44.989,14.2277
2026-09-04,15:29,SHILCTECH,6865.9433,3.1888,1.7e+308,1.7e+308
2026-09-04,15:29,SHILPAMED,4323.5409,2.9206,41.0449,128.2822
2026-09-04,15:29,SHIVAUM,934.9118,2.8116,1.7e+308,1.7e+308
2026-09-04,15:29,SHOPERSTOP,207.138,2.6319,38.4405,-30.4138
2026-09-04,15:29,SHREEJISPG,2227.6639,2.4231,1.7e+308,168.4626
2026-09-04,15:29,SHREEPUSHK,839.0949,2.8755,53.0845,36.4681
2026-09-04,15:29,SHRIPISTON,11390.1088,1.9973,38.6756,76.0399
2026-09-04,15:29,SHRIRAMFIN,232.2551,2.0312,35.4927,75.6962
2026-09-04,15:29,SHYAMMETL,1774.9375,1.87,28.584,14.6902
2026-09-04,15:29,SICAGEN,229.0301,12.8846,137.5338,288.5333
2026-09-04,15:29,SIEMENS,6676.7904,1.9192,30.6406,28.743
2026-09-04,15:29,SIGMAADV,3645.6911,3.5886,57.4325,432.886
2026-09-04,15:29,SIGNPOST,227.5417,3.2097,48.4768,-13.4172
2026-09-04,15:29,SILINV,257.3721,1.6904,31.0017,-18.3701
2026-09-04,15:29,SIMPLEXINF,453.1609,3.3338,54.8949,-9.5015
2026-09-04,15:29,SIS,678.4701,2.0753,29.6704,20.8836
2026-09-04,15:29,SJS,4556.4164,2.0794,37.8249,64.4161
2026-09-04,15:29,SKFINDUS,2226.4235,2.2546,1.7e+308,1.7e+308
2026-09-04,15:29,SKIPPER,1576.4814,2.6595,40.1609,4.0028
2026-09-04,15:29,SKMEGGPROD,480.9447,4.0958,57.4613,44.8451
2026-09-04,15:29,SKYGOLD,2976.5236,3.4852,50.5434,180.1398
2026-09-04,15:29,SMARTLINK,570.6838,3.6552,46.5964,46.5757
2026-09-04,15:29,SMARTWORKS,630.4065,2.0639,35.4542,3.084
2026-09-04,15:29,SMLMAH,16262.1937,4.0173,60.0653,67.2864
2026-09-04,15:29,SMSPHARMA,548.8537,2.5251,48.199,66.1376
2026-09-04,15:29,SOFTTECH,803.7451,2.2184,42.9552,6.3993
2026-09-04,15:29,SOLARA,746.0692,3.1817,45.1311,-3.8511
2026-09-04,15:29,SOLARINDS,54494.6606,2.0516,32.8377,54.1143
2026-09-04,15:29,SOMANYCERA,1078.4818,2.3103,36.658,19.8216
2026-09-04,15:29,SONACOMS,2064.5581,1.838,31.3846,78.871
2026-09-04,15:29,SONAMLTD,165.0902,3.1727,46.2204,36.853
2026-09-04,15:29,SOTL,2437.5925,4.0588,48.0518,82.6082
2026-09-04,15:29,SOUTHWEST,203.7891,3.0961,54.1723,47.8817
2026-09-04,15:29,SPAL,2651.5525,3.6184,50.2951,46.0458
2026-09-04,15:29,SPARC,462.2154,3.8987,56.8386,37.6035
2026-09-04,15:29,SPECIALITY,219.8515,2.9611,46.168,12.7909
2026-09-04,15:29,SPECTRUM,7343.4756,3.8012,55.7671,65.8776
2026-09-04,15:29,SPLPETRO,1671.9881,2.1002,41.5316,-1.1664
2026-09-04,15:29,SPORTKING,916.9268,3.2886,47.7073,110.8352
2026-09-04,15:29,SREEL,323.1724,2.233,29.3799,12.5562
2026-09-04,15:29,SRHHYPOLTD,495.2085,1.9866,32.1752,-14.6496
2026-09-04,15:29,SSWL,1130.3906,2.7203,40.7221,60.8008
2026-09-04,15:29,STAR,1633.2272,2.0998,37.4571,19.0094
2026-09-04,15:29,STARHEALTH,819.8695,1.4014,23.5832,26.1686
2026-09-04,15:29,STEELCAS,897.2672,2.3862,44.7731,52.8088
2026-09-04,15:29,STEL,1206.238,2.7123,50.8076,29.5886
2026-09-04,15:29,STLTECH,4096.3093,3.4948,62.7843,580.942
2026-09-04,15:29,STOVEKRAFT,2151.6924,2.3601,45.3373,22.0837
2026-09-04,15:29,STYL,880.0264,2.923,1.7e+308,1.7e+308
2026-09-04,15:29,STYLAMIND,7510.9224,2.5244,36.0087,104.3557
2026-09-04,15:29,STYLEBAAZA,407.144,3.5657,56.7605,15.5123
2026-09-04,15:29,STYRENIX,621.4137,1.9258,31.1356,-23.7185
2026-09-04,15:29,SUDARCOLOR,266.3647,2.3806,39.1053,-35.4624
2026-09-04,15:29,SUDARSCHEM,2102.0791,2.9157,39.8343,-14.1955
2026-09-04,15:29,SUDEEPPHRM,4765.4147,2.9592,1.7e+308,1.7e+308
2026-09-04,15:29,SUMICHEM,462.3394,2.8346,36.0318,-13.3626
2026-09-04,15:29,SUNCLAY,900.4926,2.0625,36.6581,-21.9763
2026-09-04,15:29,SUNDRMBRAK,906.0736,3.1175,43.995,-4.0208
2026-09-04,15:29,SUNDRMFAST,1871.6844,1.6747,26.7363,19.5562
2026-09-04,15:29,SUNDROP,238.7669,1.6366,28.2508,-21.084
2026-09-04,15:29,SUNFLAG,648.0816,3.2743,43.4259,27.936
2026-09-04,15:29,SUNPHARMA,1656.4837,1.3035,19.5223,19.1642
2026-09-04,15:29,SUPERHOUSE,194.6104,2.4557,43.8079,10.6729
2026-09-04,15:29,SUPRAJIT,399.702,1.6989,31.7645,4.0812
2026-09-04,15:29,SUPRIYA,848.3975,3.8207,46.8271,30.8956
2026-09-04,15:29,SURAKSHA,438.7729,2.4831,34.2211,10.522
2026-09-04,15:29,SUVEN,1512.7896,4.2724,58.8128,70.0787
2026-09-04,15:29,SUYOG,1139.8791,2.2997,45.2199,-6.5201
2026-09-04,15:29,SVLL,779.8684,3.3404,44.5989,4.0081
2026-09-04,15:29,SWANDEF,4785.8799,2.0503,1533.8326,405.4553
2026-09-04,15:29,SWARAJENG,558.7771,1.1675,25.594,-15.0802
2026-09-04,15:29,SWELECTES,326.5216,2.3823,47.1339,-25.378
2026-09-04,15:29,SYRMA,4911.4659,2.481,42.4256,75.3143
2026-09-04,15:29,TAINWALCHM,264.008,3.0489,53.2035,2.4104
2026-09-04,15:29,TALBROAUTO,1000.9603,2.4938,41.2419,47.149
2026-09-04,15:29,TANLA,248.9999,3.2568,46.3291,-20.876
2026-09-04,15:29,TARIL,424.509,2.7892,59.3559,-40.2462
2026-09-04,15:29,TARSONS,845.9788,3.9459,50.7466,5.0564
2026-09-04,15:29,TASTYBITE,18509.0833,2.5375,35.3991,4.2779
2026-09-04,15:29,TATACOMM,1214.9204,2.1009,34.074,13.326
2026-09-04,15:29,TATAINVEST,185.4321,1.5034,43.3081,-6.2366
2026-09-04,15:29,TATATECH,883.4375,2.5078,32.8526,19.0299
2026-09-04,15:29,TATVA,3236.6866,3.2754,52.5741,68.2538
2026-09-04,15:29,TBOTEK,1525.0072,2.2961,40.0934,9.5266
2026-09-04,15:29,TBZ,1968.5554,5.1096,62.1587,162.0008
2026-09-04,15:29,TCIEXP,354.1194,3.1139,40.6375,-23.235
2026-09-04,15:29,TCPLPACK,8974.5323,3.3443,43.8541,21.2918
2026-09-04,15:29,TDPOWERSYS,718.161,6.2869,72.4076,34.6738
2026-09-04,15:29,TECHNOE,533.9694,2.7739,39.7614,-34.9602
2026-09-04,15:29,TEJASNET,1923.1588,3.3621,58.3191,4.4029
2026-09-04,15:29,TFCILTD,510.3409,2.6005,50.0359,106.9932
2026-09-04,15:29,THANGAMAYL,10939.8636,3.8449,59.8546,142.8162
2026-09-04,15:29,THEJO,2142.08,2.1559,32.1992,10.6236
2026-09-04,15:29,THELEELA,905.4536,1.9837,30.8563,34.871
2026-09-04,15:29,THEMISMED,252.5967,3.535,57.2441,20.0598
2026-09-04,15:29,THERMAX,4446.6452,2.7025,35.2269,10.4747
2026-09-04,15:29,THYROCARE,842.8162,2.572,40.6504,30.2623
2026-09-04,15:29,TI,907.314,1.9145,34.6804,16.478
2026-09-04,15:29,TIIL,7442.7049,2.3241,40.0553,29.5301
2026-09-04,15:29,TIINDIA,2968.1518,2.0814,34.6461,-9.784
2026-09-04,15:29,TIL,216.0065,3.7236,58.936,-10.358
2026-09-04,15:29,TIMKEN,588.5457,1.6571,27.5149,8.6116
2026-09-04,15:29,TINNARUBR,2298.3635,3.4479,48.9276,26.206
2026-09-04,15:29,TIPSMUSIC,775.5271,2.7919,37.9657,11.9101
2026-09-04,15:29,TIRUPATIFL,218.2391,3.6774,58.1651,72.2804
2026-09-04,15:29,TITAGARH,529.0081,2.365,36.3294,3.7978
2026-09-04,15:29,TITAN,6190.5733,1.4868,23.1083,36.9601
2026-09-04,15:29,TMB,2357.2804,2.5863,37.6965,119.9953
2026-09-04,15:29,TNPETRO,257.8682,2.1988,37.5154,28.7849
2026-09-04,15:29,TNPL,156.4078,1.9639,31.0084,-4.9957
2026-09-04,15:29,TORNTPHARM,5735.3664,1.5401,21.7887,35.7045
2026-09-04,15:29,TORNTPOWER,176.1295,1.956,31.3899,2.8664
2026-09-04,15:29,TRAVELFOOD,1433.842,2.079,31.7486,-0.9778
2026-09-04,15:29,TRENT,2164.8407,2.1049,33.0505,-22.5921
2026-09-04,15:29,TRITURBINE,713.1997,2.957,36.798,12.9635
2026-09-04,15:29,TRUALT,654.9034,2.1242,1.7e+308,1.7e+308
2026-09-04,15:29,TTKHLTCARE,836.6141,1.9856,28.1508,-4.4468
2026-09-04,15:29,TVSELECT,187.2925,2.9113,57.7069,4.3257
2026-09-04,15:29,TVSMOTOR,3617.4733,1.7737,28.1103,18.8834
2026-09-04,15:29,TVSSCS,226.0533,2.6749,40.4246,-0.7685
2026-09-04,15:29,TVSSRICHAK,8581.9636,2.7181,42.0598,80.5723
2026-09-04,15:29,UCAL,221.9602,2.9794,45.6021,6.771
2026-09-04,15:29,UDS,528.0778,2.2596,43.0334,-4.004
2026-09-04,15:29,UEL,779.4343,4.393,75.1394,113.1827
2026-09-04,15:29,UFBL,3236.1281,4.573,64.9284,169.9884
2026-09-04,15:29,UFLEX,1386.3982,3.0938,41.2856,22.6246
2026-09-04,15:29,UMIYA-MRO,155.1674,1.92,48.6107,30.2645
2026-09-04,15:29,UNICHEMLAB,1112.2815,4.0434,49.2531,10.04
2026-09-04,15:29,UNIDT,244.2244,2.0058,37.1377,11.2229
2026-09-04,15:29,UNIMECH,4052.5246,3.2209,46.652,47.2513
2026-09-04,15:29,UNIPARTS,2856.2098,2.4407,42.6132,112.4575
2026-09-04,15:29,UNITDSPR,860.1806,1.4472,23.7043,12.1637
2026-09-04,15:29,UNIVASTU,636.4222,2.8886,44.1349,92.2348
2026-09-04,15:29,UNIVCABLES,5644.2008,4.3937,58.535,122.6884
2026-09-04,15:29,UNIVPHOTO,1823.0625,2.4916,52.0753,92.2383
2026-09-04,15:29,UNOMINDA,716.9206,1.8112,32.9797,-3.7656
2026-09-04,15:29,URBANCO,348.7857,2.835,1.7e+308,1.7e+308
2026-09-04,15:29,USHAMART,653.043,1.8482,33.8882,34.6119
2026-09-04,15:29,UTLSOLAR,1388.1347,3.2885,1.7e+308,1.7e+308
2026-09-04,15:29,UTTAMSUGAR,459.2387,2.8096,42.0351,6.2736
2026-09-04,15:29,V2RETAIL,210.2388,2.2867,40.7059,32.2945
2026-09-04,15:29,VADILALIND,22378.3462,2.4741,38.1951,46.4511
2026-09-04,15:29,VALIANTLAB,299.4819,3.0242,49.7922,26.6675
2026-09-04,15:29,VALIANTORG,511.9534,3.0927,53.4612,-9.7633
2026-09-04,15:29,VARROC,1696.175,2.2547,35.8861,37.2446
2026-09-04,15:29,VEDL,152.5008,2.4799,36.3394,68.828
2026-09-04,15:29,VEEDOL,373.345,1.3456,25.4083,-9.1703
2026-09-04,15:29,VENKEYS,1110.7309,2.1755,37.8309,11.1736
2026-09-04,15:29,VENUSPIPES,3748.3298,2.4991,41.9737,23.7106
2026-09-04,15:29,VENUSREM,6085.7646,3.3827,53.9846,268.8691
2026-09-04,15:29,VERANDA,222.0222,3.5637,52.8808,5.3356
2026-09-04,15:29,VETO,166.8267,2.477,37.7936,9.9045
2026-09-04,15:29,VGUARD,151.3223,1.5953,25.0048,-9.5225
2026-09-04,15:29,VHL,2928.4598,1.6334,32.182,-9.9255
2026-09-04,15:29,VIDHIING,184.5017,2.1848,35.9164,-9.8393
2026-09-04,15:29,VIDYAWIRES,279.0781,3.3021,1.7e+308,1.7e+308
2026-09-04,15:29,VIJAYA,3081.6428,2.4052,31.8513,34.8627
2026-09-04,15:29,VIMTALABS,750.4101,2.74,50.9607,-27.5365
2026-09-04,15:29,VINDHYATEL,9487.4164,4.7793,58.0644,81.4783
2026-09-04,15:29,VISAKAIND,192.1918,2.7061,37.8489,12.0216
2026-09-04,15:29,VISHNU,1206.858,2.1478,32.1093,46.2195
2026-09-04,15:29,VIYASH,363.9799,2.7711,43.1902,44.6331
2026-09-04,15:29,VMART,1552.915,2.0529,40.5615,10.4308
2026-09-04,15:29,VOLTAMP,28478.3751,2.9887,39.8547,45.2579
2026-09-04,15:29,VRLLOG,297.3734,1.9717,28.5506,12.7652
2026-09-04,15:29,VSSL,718.7812,2.3039,35.3067,39.9769
2026-09-04,15:29,VTL,1207.7882,1.9144,36.1759,47.0682
2026-09-04,15:29,WAAREEENER,221.4017,1.7596,38.9125,-18.155
2026-09-04,15:29,WABAG,5855.6803,2.9129,40.3631,33.0834
2026-09-04,15:29,WALCHANNAG,350.6462,3.6792,58.116,15.708
2026-09-04,15:29,WANBURY,423.7647,3.2176,53.0803,-11.7246
2026-09-04,15:29,WELCORP,11535.2311,2.7755,39.7995,205.0816
2026-09-04,15:29,WELENT,2148.9016,2.2381,37.0878,66.3634
2026-09-04,15:29,WELINV,6297.8636,2.8949,54.617,112.4476
2026-09-04,15:29,WELSPUNLIV,544.0783,2.4357,46.529,82.8714
2026-09-04,15:29,WENDT,9442.1442,2.4378,34.6407,-17.3085
2026-09-04,15:29,WESTLIFE,244.3482,2.7367,39.4229,-28.0054
2026-09-04,15:29,WEWORK,540.7915,2.8764,1.7e+308,1.7e+308
2026-09-04,15:29,WHEELS,6160.8054,3.4441,44.6331,135.5938
2026-09-04,15:29,WINDLAS,2106.4197,2.4862,35.399,13.3605
2026-09-04,15:29,WINDMACHIN,275.0471,2.6283,41.8529,-1.585
2026-09-04,15:29,WOCKPHARMA,4571.3,3.2425,51.6444,41.2429
2026-09-04,15:29,WONDERLA,191.9438,1.6664,29.2794,-17.5253
2026-09-04,15:29,WSTCSTPAPR,1609.9709,2.3701,38.305,28.1912
2026-09-04,15:29,XPROINDIA,2055.8757,3.5419,50.7158,8.1449
2026-09-04,15:29,YASHO,17911.2365,4.3262,59.6537,127.0485
2026-09-04,15:29,YATHARTH,2730.6246,2.0663,37.7998,26.8364
2026-09-04,15:29,YUKEN,1549.5038,2.2562,37.0855,4.4323
2026-09-04,15:29,ZENTEC,3186.4526,2.6472,38.3634,21.7821
2026-09-04,15:29,ZIMLAB,342.77,3.0658,50.8805,70.1464
2026-09-04,15:29,ZYDUSLIFE,1476.0133,1.6593,23.4178,10.47
2026-09-04,15:29,ZYDUSWELL,701.7267,2.2985,40.0967,9.543
2026-09-07,15:29,20MICRONS,324.0407,2.7778,42.0468,-0.7856
2026-09-07,15:29,360ONE,217.6808,1.6938,28.6574,6.3716
2026-09-07,15:29,63MOONS,1507.6424,3.092,52.5098,-7.3173
2026-09-07,15:29,AAREYDRUGS,204.7813,2.5195,51.3677,32.5569
2026-09-07,15:29,AARTIDRUGS,259.5427,1.7464,32.3049,-17.0019
2026-09-07,15:29,AARTIIND,744.2084,2.3942,37.1917,26.0144
2026-09-07,15:29,AARTIPHARM,780.4888,3.1851,45.3698,-6.8764
2026-09-07,15:29,AARTISURF,850.8782,3.6846,50.8162,14.2738
2026-09-07,15:29,ABB,12384.8682,2.014,29.6674,41.6378
2026-09-07,15:29,ABCAPITAL,459.2385,1.9704,32.2103,38.3362
2026-09-07,15:29,ABDL,674.1289,2.4536,41.1209,9.9505
2026-09-07,15:29,ABREL,892.4301,2.2711,38.8775,-23.332
2026-09-07,15:29,ABSLAMC,1750.1302,2.2712,36.7113,22.9888
2026-09-07,15:29,ACE,1400.9721,2.188,35.889,-0.5094
2026-09-07,15:29,ACMESOLAR,1187.6946,2.2772,38.1529,29.5954
2026-09-07,15:29,ACUTAAS,8411.4158,2.6056,44.7328,120.6227
2026-09-07,15:29,ADANIENSOL,3377.7761,2.4064,40.58,67.5383
2026-09-07,15:29,ADANIENT,6246.3889,2.1276,35.7508,23.3278
2026-09-07,15:29,ADANIGREEN,2984.2758,2.3379,43.8628,31.201
2026-09-07,15:29,ADANIPORTS,2166.887,1.6161,28.9687,21.6209
2026-09-07,15:29,ADANIPOWER,444.2924,2.2184,43.4625,57.6517
2026-09-07,15:29,ADFFOODS,581.1647,3.0617,47.901,15.5917
2026-09-07,15:29,ADOR,3633.5977,2.3846,38.0007,67.2108
2026-09-07,15:29,ADVAIT,4028.0272,3.0092,1.7e+308,1.7e+308
2026-09-07,15:29,ADVENZYMES,160.3149,2.5769,38.8056,-12.0608
2026-09-07,15:29,AEGISLOG,3441.3435,3.5782,47.1981,78.5262
2026-09-07,15:29,AEGISVOPAK,314.5521,3.1102,47.2064,15.4842
2026-09-07,15:29,AEQUS,616.6387,3.9292,1.7e+308,1.7e+308
2026-09-07,15:29,AEROENTER,479.2082,3.4569,52.5383,79.7305
2026-09-07,15:29,AEROFLEX,2369.0015,4.4635,58.7778,217.311
2026-09-07,15:29,AETHER,3807.8664,2.2866,38.6817,120.8359
2026-09-07,15:29,AFFLE,172.4078,2.3331,33.9764,-21.8074
2026-09-07,15:29,AGARWALEYE,466.3707,1.7343,28.9758,19.5226
2026-09-07,15:29,AGI,776.7675,2.7929,41.7262,-12.6602
2026-09-07,15:29,AGIIL,173.9586,2.8281,53.0915,19.0302
2026-09-07,15:29,AHLWEST,2327.8219,3.6001,53.1341,125.4839
2026-09-07,15:29,AIAENG,1411.5159,1.7663,30.0111,36.792
2026-09-07,15:29,AJANTPHARM,4382.1478,1.7436,25.6559,36.2336
2026-09-07,15:29,AJAXENGG,431.6411,2.2464,37.3161,-8.4108
2026-09-07,15:29,AKSHARCHEM,1478.8041,3.4963,49.0634,71.1492
2026-09-07,15:29,AKUMS,1919.4377,2.1394,32.4761,63.3442
2026-09-07,15:29,ALBERTDAVD,1067.0087,2.2837,32.257,7.4385
2026-09-07,15:29,ALIVUS,2940.5536,2.0828,30.2906,48.2442
2026-09-07,15:29,ALKYLAMINE,2734.3459,2.9153,40.275,-2.1816
2026-09-07,15:29,ALPHAGEO,695.9588,3.9866,53.1349,22.5318
2026-09-07,15:29,AMAGI,1289.9614,3.2927,1.7e+308,1.7e+308
2026-09-07,15:29,AMANTA,589.7852,2.8997,1.7e+308,41.4957
2026-09-07,15:29,AMBER,8967.7113,2.5169,40.6959,-6.2626
2026-09-07,15:29,AMBIKCO,2519.1459,2.29,35.3895,8.8524
2026-09-07,15:29,ANANDRATHI,4807.8964,1.1423,21.9533,49.4071
2026-09-07,15:29,ANANTRAJ,664.8263,2.727,46.053,19.6794
2026-09-07,15:29,ANDHRSUGAR,186.7963,3.0716,38.1649,31.5337
2026-09-07,15:29,ANGELONE,449.6258,2.3732,41.9784,36.7052
2026-09-07,15:29,ANTELOPUS,2824.2707,3.7547,66.9628,78.642
2026-09-07,15:29,ANTHEM,2143.6305,1.6622,29.7974,11.9976
2026-09-07,15:29,AONELIQUID,188.3467,0.012,0.205,4.9183
2026-09-07,15:29,APARINDS,59955.2898,2.9056,45.9279,105.4229
2026-09-07,15:29,APCOTEXIND,1651.8324,3.3887,42.9193,51.2452
2026-09-07,15:29,APEX,452.4168,3.0418,67.1124,54.9468
2026-09-07,15:29,APLAPOLLO,1030.1091,1.6739,26.846,30.0417
2026-09-07,15:29,APOLLO,967.1609,3.69,58.7866,25.3141
2026-09-07,15:29,APOLLOHOSP,11237.547,1.0994,18.0356,11.2452
2026-09-07,15:29,APOLLOPIPE,2112.6216,2.8995,48.2495,54.1421
2026-09-07,15:29,ARIES,1058.9465,2.6983,44.4267,15.9924
2026-09-07,15:29,ARIHANT,5721.1021,217.8054,2177.039,3486.7538
2026-09-07,15:29,ARMANFIN,3201.337,2.7629,41.8842,42.1244
2026-09-07,15:29,ARROWGREEN,2295.8828,3.0515,52.2384,42.1308
2026-09-07,15:29,ARTEMISMED,601.4444,2.2081,35.7263,43.6337
2026-09-07,15:29,ARVIND,1452.7568,2.6006,40.2308,72.7356
2026-09-07,15:29,ARVSMART,709.4785,1.8648,33.2194,3.7453
2026-09-07,15:29,ASAHISONG,1067.753,3.1504,50.4374,36.2655
2026-09-07,15:29,ASHIANA,393.8103,1.9999,32.2397,11.563
2026-09-07,15:29,ASIANENE,1630.7466,3.2764,49.8865,43.9865
2026-09-07,15:29,ASIANHOTNR,509.1626,2.9287,46.8743,19.4288
2026-09-07,15:29,ASIANPAINT,892.4293,1.2524,24.3017,-1.783
2026-09-07,15:29,ASKAUTOLTD,1079.1022,2.7584,37.6686,18.5652
2026-09-07,15:29,ASPINWALL,298.9857,2.1589,41.1416,-2.6154
2026-09-07,15:29,ASTERDM,1396.9412,1.683,29.4042,25.884
2026-09-07,15:29,ASTRAL,213.3391,1.962,30.724,2.5392
2026-09-07,15:29,ASTRAMICRO,4702.7769,2.8062,41.9923,57.6204
2026-09-07,15:29,ATGL,532.1089,2.48,47.5891,-0.3137
2026-09-07,15:29,ATHERENERG,6036.1507,3.0902,50.5657,194.7747
2026-09-07,15:29,ATLANTAELE,7577.2819,3.413,1.7e+308,1.7e+308
2026-09-07,15:29,ATUL,1962.8497,1.471,25.3665,-1.2437
2026-09-07,15:29,ATULAUTO,386.9883,2.3552,47.4011,-12.5024
2026-09-07,15:29,AUBANK,455.2076,1.6314,29.512,49.0129
2026-09-07,15:29,AUROPHARMA,3025.8275,1.6457,26.5443,51.6813
2026-09-07,15:29,AURUM,297.3113,1.9455,35.7086,31.7147
2026-09-07,15:29,AUSOMENT,273.4966,2.5427,51.7267,52.044
2026-09-07,15:29,AVADHSUGAR,3122.2644,2.9792,43.4187,88.4214
2026-09-07,15:29,AVALON,9186.0125,3.6111,53.9263,142.751
2026-09-07,15:29,AVL,626.9956,1.786,35.2175,21.0851
2026-09-07,15:29,AVTNPL,152.1906,2.4175,33.5657,18.226
2026-09-07,15:29,AXISCADES,3750.1899,2.7381,48.5644,12.61
2026-09-07,15:29,AYMSYNTEX,992.6501,3.2609,46.0981,68.7276
2026-09-07,15:29,AZAD,8754.3714,3.0105,41.8956,79.1045
2026-09-07,15:29,BAFNAPH,1146.391,3.3073,54.0297,157.6637
2026-09-07,15:29,BAJAJ-AUTO,14267.0953,1.501,23.5397,31.1184
2026-09-07,15:29,BAJAJCON,1316.6286,3.0499,50.6038,134.9053
2026-09-07,15:29,BAJAJFINSV,184.8113,1.4752,24.3801,-6.8652
2026-09-07,15:29,BAJAJHLDNG,2697.7555,1.5034,28.9988,-17.0691
2026-09-07,15:29,BAJEL,192.936,2.2243,43.0259,-7.6692
2026-09-07,15:29,BAJFINANCE,977.7039,1.7736,30.6044,5.6566
2026-09-07,15:29,BALAMINES,8936.7026,4.2056,54.748,70.5742
2026-09-07,15:29,BALPHARMA,139.043,2.9353,39.5514,2.624
2026-09-07,15:29,BALRAMCHIN,1790.4413,3.1375,40.8566,37.8839
2026-09-07,15:29,BALUFORGE,851.4984,3.1382,51.2814,-18.545
2026-09-07,15:29,BANARISUG,1559.1175,2.1578,24.8932,2.6023
2026-09-07,15:29,BANCOINDIA,193.8043,2.1239,46.191,1.4318
2026-09-07,15:29,BANSALWIRE,314.7381,2.5082,38.0228,-10.1741
2026-09-07,15:29,BASF,857.7005,1.9993,29.9018,-17.9394
2026-09-07,15:29,BBETF0432,276.1635,0.2625,3.8578,4.7371
2026-09-07,15:29,BBOX,1671.6781,3.0201,45.524,72.4004
2026-09-07,15:29,BBTCL,271.8221,2.7474,40.2387,14.6024
2026-09-07,15:29,BELRISE,404.5393,2.2088,38.7983,59.6243
2026-09-07,15:29,BEML,2540.2312,2.0878,39.5098,-5.1127
2026-09-07,15:29,BEPL,275.171,2.6472,34.2764,20.5933
2026-09-07,15:29,BETA,4472.6922,4.0958,1.7e+308,1.7e+308
2026-09-07,15:29,BFINVEST,526.5276,2.5184,36.6968,-1.3859
2026-09-07,15:29,BHAGCHEM,272.1942,2.853,44.7421,-2.6326
2026-09-07,15:29,BHAGERIA,849.948,3.403,50.5203,56.6894
2026-09-07,15:29,BHAGYANGR,1278.736,3.8518,62.5777,300.2143
2026-09-07,15:29,BHARATBOND-APR30,327.4512,0.1225,1.72,4.7542
2026-09-07,15:29,BHARATBOND-APR31,277.4664,0.1452,1.9695,4.3139
2026-09-07,15:29,BHARATBOND-APR32,239.0152,0.1546,2.1301,3.8544
2026-09-07,15:29,BHARATBOND-APR33,214.3324,0.1635,2.2586,3.482
2026-09-07,15:29,BHARATFORG,3580.8829,1.7344,30.5804,59.8528
2026-09-07,15:29,BHARATSE,533.6594,3.368,61.7337,34.8957
2026-09-07,15:29,BHEL,1050.2642,2.29,36.4118,84.2646
2026-09-07,15:29,BIL,805.9158,2.3463,43.0357,7.4549
2026-09-07,15:29,BIOCON,143.8802,1.5446,25.5042,7.1741
2026-09-07,15:29,BIRLACABLE,1391.7318,3.8405,53.3859,117.2527
2026-09-07,15:29,BLACKBUCK,209.9286,2.2226,40.3747,-6.5717
2026-09-07,15:29,BLISSGVS,3230.1744,3.4911,59.7558,353.4037
2026-09-07,15:29,BLSE,990.7275,2.4319,43.7243,67.7872
2026-09-07,15:29,BLUEJET,986.0761,2.8223,48.3782,-20.6291
2026-09-07,15:29,BLUESTONE,2749.2298,3.2599,1.7e+308,35.4929
2026-09-07,15:29,BLUSPRING,486.9604,4.3745,56.2132,73.4387
2026-09-07,15:29,BODALCHEM,768.7672,4.0199,51.3155,161.2637
2026-09-07,15:29,BORORENEW,185.7421,2.3716,41.8042,-9.7593
2026-09-07,15:29,BOSCH-HCIL,3007.2223,2.2551,36.2446,6.5702
2026-09-07,15:29,BOSCHLTD,73769.6584,1.5843,28.4946,20.4087
2026-09-07,15:29,BRIGADE,772.0541,2.6533,36.5128,-4.254
2026-09-07,15:29,BSE,5383.7267,1.9829,39.7783,56.5601
2026-09-07,15:29,BUILDPRO,3393.5904,2.9104,1.7e+308,1.7e+308
2026-09-07,15:29,BUTTERFLY,137.3686,2.6287,40.0625,-11.8739
2026-09-07,15:29,CALSOFT,154.4232,4.7386,64.6691,157.3695
2026-09-07,15:29,CAMS,374.585,1.9062,29.6351,-4.5688
2026-09-07,15:29,CAPLIPOINT,6227.1637,2.4341,33.8721,25.3117
2026-09-07,15:29,CARBORUNIV,1993.8584,2.3174,36.3537,11.1671
2026-09-07,15:29,CARERATING,764.6744,1.8684,30.5031,7.29
2026-09-07,15:29,CARRARO,299.2338,2.1768,44.0015,18.8063
2026-09-07,15:29,CARTRADE,3686.9325,3.3499,56.2973,35.9978
2026-09-07,15:29,CARYSIL,2213.0896,2.7029,45.6243,22.2399
2026-09-07,15:29,CASHIETF,189.153,0.0125,0.2105,4.9228
2026-09-07,15:29,CCL,776.7675,1.877,32.7231,23.6368
2026-09-07,15:29,CDSL,1144.8404,1.6893,31.3889,-8.4681
2026-09-07,15:29,CEIGALL,584.2035,2.247,31.3588,37.4587
2026-09-07,15:29,CEMPRO,4247.5696,4.0967,53.4724,68.2187
2026-09-07,15:29,CENTENKA,1068.2492,2.9145,36.3408,19.3101
2026-09-07,15:29,CENTUM,12915.1167,3.1607,50.4417,61.7719
2026-09-07,15:29,CERA,4339.9742,1.9919,28.0298,-9.1506
2026-09-07,15:29,CGCL,677.8499,2.4124,34.7521,48.1939
2026-09-07,15:29,CGPOWER,1848.7376,2.1857,34.0553,13.9547
2026-09-07,15:29,CHALET,325.9012,1.6798,28.8738,-11.0638
2026-09-07,15:29,CHEMBOND,226.5494,3.1246,50.9601,0.5343
2026-09-07,15:29,CHEMBONDCH,757.7281,3.6164,60.8808,38.9236
2026-09-07,15:29,CHENNPETRO,3705.5373,3.1833,50.6599,94.6248
2026-09-07,15:29,CHEVIOT,1289.3408,2.1347,28.1127,1.231
2026-09-07,15:29,CHOLAFIN,1666.4064,2.0167,33.303,22.2112
2026-09-07,15:29,CIPLA,409.9346,1.4761,21.1499,-11.4061
2026-09-07,15:29,CLCIND,287.3265,21.9404,224.2397,1679.2727
2026-09-07,15:29,CLEAN,225.4334,2.154,32.0951,-27.4259
2026-09-07,15:29,CLSEL,370.2437,2.8318,43.2364,7.037
2026-09-07,15:29,CNL,3307.6961,3.2929,1.7e+308,1.7e+308
2026-09-07,15:29,CNXENERGY,24292.2028,0.7895,15.7534,8.6807
2026-09-07,15:29,CNXINFRA,1645.6345,0.7364,14.8777,1.2641
2026-09-07,15:29,CNXMIDCAP,35134.9946,0.7904,16.4188,7.8296
2026-09-07,15:29,CNXMNC,13979.9622,0.8102,14.6399,5.9268
2026-09-07,15:29,CNXNIFTYJUNIOR,38545.0535,0.8815,16.816,6.4254
2026-09-07,15:29,CNXPHARMA,31878.1623,0.8214,13.6843,19.4005
2026-09-07,15:29,CNXREALTY,786.6902,1.5948,26.1354,0.9216
2026-09-07,15:29,CNXSMALLCAP,22835.0975,0.9183,18.0086,11.7305
2026-09-07,15:29,COFORGE,1734.0054,2.7554,38.7324,9.6939
2026-09-07,15:29,COHANCE,493.9683,3.5789,51.2963,-54.1463
2026-09-07,15:29,COMSYN,801.0784,4.1179,50.1033,90.2852
2026-09-07,15:29,CONCORDBIO,1883.4671,2.5771,40.2825,-11.9463
2026-09-07,15:29,CONFIPET,313.8079,3.4893,60.5822,67.3727
2026-09-07,15:29,CONSOFINVT,863.6539,2.2076,41.3851,55.2228
2026-09-07,15:29,CORDSCABLE,939.7492,3.7166,49.65,78.3133
2026-09-07,15:29,CORONA,3861.8212,2.0023,1.7e+308,1.7e+308
2026-09-07,15:29,COSMOFIRST,2167.197,2.3469,40.0629,0.2435
2026-09-07,15:29,CPCAP,226.1773,2.9838,44.0009,-7.2929
2026-09-07,15:29,CPPLUS,14644.7805,2.8177,45.181,161.5261
2026-09-07,15:29,CRAFTSMAN,24183.6724,2.1084,36.009,68.7757
2026-09-07,15:29,CREDITACC,954.4467,2.5253,39.5476,10.4131
2026-09-07,15:29,CRISIL,736.1474,1.6439,27.3826,-4.291
2026-09-07,15:29,CUB,159.0745,2.2512,39.0149,55.9916
2026-09-07,15:29,CUMMINSIND,6258.1731,1.7935,28.1523,24.8015
2026-09-07,15:29,CUPID,1238.2388,3.1039,57.5007,608.3964
2026-09-07,15:29,CYIENTDLM,3075.131,2.9302,43.5822,89.6657
2026-09-07,15:29,DALMIASUG,1077.2416,3.1541,44.2818,20.7171
2026-09-07,15:29,DATAMATICS,299.2338,2.1505,43.4608,-17.6861
2026-09-07,15:29,DATAPATTNS,13147.0611,3.3288,50.2122,69.3397
2026-09-07,15:29,DBOL,156.7799,2.3892,44.7696,51.1975
2026-09-07,15:29,DCBBANK,250.178,2.0703,39.4164,74.1776
2026-09-07,15:29,DCI,797.1092,3.259,53.8047,46.721
2026-09-07,15:29,DCMNVL,312.8776,3.2286,46.8949,16.5743
2026-09-07,15:29,DEEDEV,3029.3623,3.3285,54.0737,134.8014
2026-09-07,15:29,DEEPAKFERT,2195.4144,2.2218,41.1989,-4.0337
2026-09-07,15:29,DEEPAKNTR,322.4903,1.9515,28.9948,-6.1443
2026-09-07,15:29,DEEPINDS,2618.6833,2.9723,46.4137,47.2894
2026-09-07,15:29,DENORA,1512.6034,2.6557,41.8777,-1.9092
2026-09-07,15:29,DHAMPURSUG,351.3904,2.6242,38.6996,26.8271
2026-09-07,15:29,DHARMAJ,210.6729,1.8101,35.0046,-21.337
2026-09-07,15:29,DHUNINV,194.1143,3.1218,43.7979,-27.1404
2026-09-07,15:29,DIACABS,1320.3498,3.4483,47.0195,121.0407
2026-09-07,15:29,DIAMONDYD,332.4129,2.3335,33.9958,8.6206
2026-09-07,15:29,DICIND,504.2011,2.5245,37.0383,10.7991
2026-09-07,15:29,DIFFNKG,1349.6839,3.2438,48.4803,16.022
2026-09-07,15:29,DIVGIITTS,3589.5655,3.0652,45.1644,80.6575
2026-09-07,15:29,DIVISLAB,20211.46,1.5582,24.058,54.5673
2026-09-07,15:29,DIXON,24707.7191,2.2824,39.1473,-21.6704
2026-09-07,15:29,DLF,368.0733,1.8903,29.7306,-11.3001
2026-09-07,15:29,DLINKINDIA,264.194,1.8461,32.9643,-7.8752
2026-09-07,15:29,DMART,597.2275,1.5146,24.883,-19.6378
2026-09-07,15:29,DMCC,404.2911,2.9658,48.8093,-3.0573
2026-09-07,15:29,DOLPHIN,1831.063,2.9407,55.2522,79.4272
2026-09-07,15:29,DPABHUSHAN,1117.5527,3.2898,44.9269,-7.983
2026-09-07,15:29,DSSL,696.1449,3.9482,55.3308,7.7744
2026-09-07,15:29,DVL,267.9151,2.1127,40.5938,-15.1153
2026-09-07,15:29,DYCL,1043.7522,4.3508,59.0998,7.0342
2026-09-07,15:29,DYNAMATECH,20019.2062,2.7902,45.6649,71.7616
2026-09-07,15:29,E2E,2484.1677,3.6438,58.3578,104.3384
2026-09-07,15:29,EBBETF0430,371.4842,0.1907,2.9839,5.0475
2026-09-07,15:29,EBBETF0431,284.7833,0.2477,3.9059,4.8031
2026-09-07,15:29,EBBETF0433,286.8303,0.2465,4.2183,4.8385
2026-09-07,15:29,EBGNG,2245.9587,3.7559,53.7771,74.3452
2026-09-07,15:29,EDELWEISS,189.215,2.4383,40.671,15.0386
2026-09-07,15:29,EICHERMOT,4852.859,1.4332,27.0311,11.5927
2026-09-07,15:29,EIEL,163.5398,2.8874,47.6975,-21.825
2026-09-07,15:29,EIMCOELECO,3368.7831,2.652,52.7739,3.3305
2026-09-07,15:29,ELECON,198.7658,2.6785,45.3868,-28.9425
2026-09-07,15:29,ELECTHERM,1156.6239,4.6588,62.5869,-6.5693
2026-09-07,15:29,ELGIEQUIP,1262.9838,1.8267,33.5303,37.2503
2026-09-07,15:29,ELIQUID,183.9433,0.0119,1.7e+308,1.7e+308
2026-09-07,15:29,ELLEN,379.5464,3.1108,48.8696,-41.5675
2026-09-07,15:29,EMAMIPAP,231.6349,3.1496,47.0422,16.7741
2026-09-07,15:29,EMCURE,2738.0668,1.9373,32.5909,42.8423
2026-09-07,15:29,EMIL,549.2879,3.153,47.4978,19.7367
2026-09-07,15:29,EMKAY,172.7183,3.6511,63.2771,20.6159
2026-09-07,15:29,EMMVEE,823.9008,2.9817,1.7e+308,1.7e+308
2026-09-07,15:29,EMSLIMITED,298.6136,3.7143,55.3358,-30.7312
2026-09-07,15:29,ENDURANCE,2034.1696,1.8267,31.8062,-3.6205
2026-09-07,15:29,ENGINERSIN,672.0201,2.6692,42.4194,32.6868
2026-09-07,15:29,ENRIN,4024.3064,2.8121,38.5011,-7.8107
2026-09-07,15:29,ENTERO,4612.2321,2.6471,39.8318,64.4776
2026-09-07,15:29,EPACKPEB,207.3861,3.5588,1.7e+308,1.7e+308
2026-09-07,15:29,EPIGRAL,1335.2342,2.6581,41.0611,-33.9566
2026-09-07,15:29,EPL,345.8088,2.2154,33.2486,10.7133
2026-09-07,15:29,ESABINDIA,3445.0648,2.1627,30.7387,19.4159
2026-09-07,15:29,ETERNAL,317.839,1.8475,33.1108,-0.1867
2026-09-07,15:29,ETHOSLTD,1459.8897,2.4832,37.5484,15.861
2026-09-07,15:29,EXCELINDUS,449.6259,2.3445,35.4657,-12.4749
2026-09-07,15:29,EXICOM,538.7449,4.7315,60.1334,27.247
2026-09-07,15:29,EXIDEIND,676.6095,2.1249,30.0192,1.7202
2026-09-07,15:29,FAIRCHEMOR,159.0743,2.4612,38.3337,-17.8655
2026-09-07,15:29,FAZE3Q,819.2495,2.6027,63.1232,-3.0766
2026-09-07,15:29,FCL,213.2157,4.5359,60.4825,139.1726
2026-09-07,15:29,FEDERALBNK,352.8788,1.4572,25.9561,75.9621
2026-09-07,15:29,FEDFINA,146.7951,2.1728,41.7748,10.2412
2026-09-07,15:29,FILATEX,180.3465,3.2313,45.8394,37.1597
2026-09-07,15:29,FINCABLES,3134.9779,3.2836,41.7878,44.9327
2026-09-07,15:29,FINEORG,5945.6062,1.7244,29.491,7.1615
2026-09-07,15:29,FIVESTAR,446.215,2.2301,39.9871,-2.6457
2026-09-07,15:29,FLUOROCHEM,9677.8102,1.8947,31.7362,21.9286
2026-09-07,15:29,FMGOETZE,346.677,3.0794,45.3481,-15.0648
2026-09-07,15:29,FORTIS,478.7742,1.3775,26.0501,-6.1856
2026-09-07,15:29,FOSECOIND,10804.6669,2.6035,43.9476,0.2782
2026-09-07,15:29,GABRIEL,2752.0207,2.8594,49.9218,10.7366
2026-09-07,15:29,GAEL,172.8424,2.3936,36.0751,49.1214
2026-09-07,15:29,GALAPREC,1212.1295,3.3119,44.367,25.6541
2026-09-07,15:29,GALAXYSURF,1907.6548,2.6858,35.2924,-10.5688
2026-09-07,15:29,GALLANTT,345.7468,3.3218,55.4604,-16.7588
2026-09-07,15:29,GANDHAR,756.4879,3.8062,48.9703,82.4287
2026-09-07,15:29,GANDHITUBE,1229.1843,2.0338,41.0909,-5.346
2026-09-07,15:29,GANECOS,1715.7106,2.5736,50.1126,-24.9716
2026-09-07,15:29,GANESHBE,367.763,3.2427,45.1967,36.1427
2026-09-07,15:29,GARFIBRES,1144.8404,2.5503,38.0392,5.3833
2026-09-07,15:29,GCSL,1898.6615,2.6733,1.7e+308,114.6398
2026-09-07,15:29,GEECEE,400.012,2.1205,39.2618,-2.5489
2026-09-07,15:29,GENUSPOWER,406.834,2.4068,41.557,3.9073
2026-09-07,15:29,GESHIP,1139.8788,2.5456,35.1309,38.7802
2026-09-07,15:29,GHCLTEXTIL,366.3366,2.6761,40.3001,64.4593
2026-09-07,15:29,GIPCL,395.8569,2.2037,35.9543,7.4691
2026-09-07,15:29,GKENERGY,176.8736,2.8369,1.7e+308,1.7e+308
2026-09-07,15:29,GKSL,441.5636,2.1775,1.7e+308,1.7e+308
2026-09-07,15:29,GLAND,7069.9799,2.6296,32.8574,47.1552
2026-09-07,15:29,GLAXO,3407.2351,1.6817,25.2856,6.6258
2026-09-07,15:29,GLENMARK,3174.6684,1.7018,27.1069,14.9777
2026-09-07,15:29,GLOBAL,216.2546,2.6349,43.8014,87.9693
2026-09-07,15:29,GMMPFAUDLR,1613.3816,2.4481,34.2369,8.0063
2026-09-07,15:29,GNA,1192.5941,2.9095,46.2407,74.831
2026-09-07,15:29,GNFC,856.7701,2.1243,30.4143,18.2906
2026-09-07,15:29,GOCLCORP,1107.6302,2.8303,45.5033,24.0807
2026-09-07,15:29,GODFRYPHLP,209.619,2.1498,50.8923,-39.9468
2026-09-07,15:29,GODREJAGRO,907.004,1.731,30.8413,-9.3448
2026-09-07,15:29,GODREJIND,1114.7626,3.3076,42.121,-4.2042
2026-09-07,15:29,GODREJPROP,2514.1835,2.0767,35.4748,-3.8371
2026-09-07,15:29,GOKEX,1040.0313,2.3223,57.0758,1.5687
2026-09-07,15:29,GOKULAGRO,449.3158,2.1839,44.7125,28.0763
2026-09-07,15:29,GOLDIAM,214.5801,2.9906,54.0034,-14.7276
2026-09-07,15:29,GPTHEALTH,203.913,1.7292,25.9842,5.4775
2026-09-07,15:29,GRANULES,1952.9267,1.6207,29.0771,62.3094
2026-09-07,15:29,GRAPHITE,755.0614,2.2439,39.9871,34.4394
2026-09-07,15:29,GRASIM,3502.7397,1.3753,22.9131,17.8587
2026-09-07,15:29,GRAVITA,713.8197,2.1117,36.515,1.2315
2026-09-07,15:29,GREAVESCOT,190.0832,3.0749,44.5459,-9.768
2026-09-07,15:29,GREENPLY,473.2546,2.5035,39.7479,-5.207
2026-09-07,15:29,GRINDWELL,2565.6589,2.8209,35.7769,17.8598
2026-09-07,15:29,GROBTEA,395.9811,2.0785,39.488,-2.5947
2026-09-07,15:29,GROWW,165.1522,2.3142,1.7e+308,1.7e+308
2026-09-07,15:29,GRPLTD,1984.5558,2.5834,42.2106,-7.7514
2026-09-07,15:29,GRWRHITECH,24794.5434,2.8472,55.3012,109.288
2026-09-07,15:29,GUFICBIO,905.4536,2.4823,35.2072,21.327
2026-09-07,15:29,GUJALKALI,1618.9633,2.5464,39.7948,16.3079
2026-09-07,15:29,GUJTHEM,648.7015,3.3546,50.7052,13.7671
2026-09-07,15:29,GULFPETRO,205.4015,2.879,40.3814,57.7332
2026-09-07,15:29,GULPOLY,353.0648,2.6608,41.9987,13.3094
2026-09-07,15:29,GVPIL,2248.75,3.4842,61.2855,78.9783
2026-09-07,15:29,GVT&D,6968.272,2.8279,43.6849,56.6315
2026-09-07,15:29,HAL,2966.2925,1.5546,26.9909,2.3095
2026-09-07,15:29,HALEOSLABS,1380.5064,3.0927,41.8629,21.9553
2026-09-07,15:29,HAPPYFORGE,7429.0598,2.306,35.8827,138.2193
2026-09-07,15:29,HARRMALAYA,160.439,2.7962,36.8387,-9.5608
2026-09-07,15:29,HARSHA,550.0941,2.2376,31.3098,11.8767
2026-09-07,15:29,HATSUN,1500.2003,1.9714,35.123,24.8471
2026-09-07,15:29,HCG,586.6845,1.9798,31.0861,1.4004
2026-09-07,15:29,HDFCLIQUID,186.8584,0.012,0.2002,4.8029
2026-09-07,15:29,HDFCSML250,194.7345,0.8962,17.1881,8.0113
2026-09-07,15:29,HEALTHIETF,177.4317,0.7961,13.5906,12.3525
2026-09-07,15:29,HERITGFOOD,191.6336,1.9493,34.6515,-21.1515
2026-09-07,15:29,HESTERBIO,5275.8171,3.6025,42.5881,13.4277
2026-09-07,15:29,HFCL,1098.7617,3.729,49.9522,232.7992
2026-09-07,15:29,HIKAL,328.0099,3.5505,48.6536,-5.6127
2026-09-07,15:29,HINDALCO,606.5298,1.6762,28.7108,32.7089
2026-09-07,15:29,HINDOILEXP,203.0449,2.6205,46.3787,11.9974
2026-09-07,15:29,HIRECT,3665.8468,3.5173,55.5825,45.2334
2026-09-07,15:29,HITECHCORP,1124.0648,3.621,51.2751,63.8569
2026-09-07,15:29,HMT,148.7797,2.3038,37.881,8.3598
2026-09-07,15:29,HNDFDS,1053.3652,1.778,27.1025,18.1588
2026-09-07,15:29,HOMEFIRST,710.7189,2.0052,36.9091,-5.304
2026-09-07,15:29,HONASA,1196.315,1.8669,31.2196,56.5087
2026-09-07,15:29,HONAUT,16279.5589,2.353,30.3416,-4.4979
2026-09-07,15:29,HSCL,1408.4146,2.7546,35.5156,43.2084
2026-09-07,15:29,HUHTAMAKI,414.338,2.7178,40.3162,9.8686
2026-09-07,15:29,HYUNDAI,214.5807,1.7316,30.2761,-13.6955
2026-09-07,15:29,IBMFNIFTY,163.7258,0.9924,18.7237,9.1115
2026-09-07,15:29,ICDSLTD,176.8735,4.2836,68.5334,46.1572
2026-09-07,15:29,ICICIAMC,537.0695,1.8301,1.7e+308,1.7e+308
2026-09-07,15:29,ICICIBANK,578.6223,1.116,19.1984,0.6913
2026-09-07,15:29,ICICINIFTY,226.5494,0.5775,9.4792,21.3359
2026-09-07,15:29,ICIL,1390.5535,3.5202,62.3407,59.484
2026-09-07,15:29,IDEAFORGE,2018.9755,4.0721,56.5861,47.9273
2026-09-07,15:29,IFBIND,1287.4804,2.5653,48.3348,-12.5724
2026-09-07,15:29,IFCI,279.5743,3.8722,53.4052,92.0742
2026-09-07,15:29,IFGLEXPOR,159.9427,3.2928,55.6495,-17.5707
2026-09-07,15:29,IGPL,1318.7993,2.3072,38.3851,28.652
2026-09-07,15:29,IIFL,1105.7696,2.5543,40.4124,50.512
2026-09-07,15:29,IIFLCAPS,226.0534,1.2997,40.8029,16.1549
2026-09-07,15:29,IKIO,309.4046,3.9381,54.09,-9.634
2026-09-07,15:29,IKS,1348.2577,2.1391,34.1445,16.0511
2026-09-07,15:29,IMFA,758.4727,2.6597,49.9205,24.8206
2026-09-07,15:29,IMPAL,276.5973,2.1382,26.5247,8.4855
2026-09-07,15:29,INDGN,737.6965,1.6971,27.5781,4.2257
2026-09-07,15:29,INDHOTEL,321.8703,1.4315,25.1316,-7.9079
2026-09-07,15:29,INDIANB,162.7956,1.8356,32.5886,24.6005
2026-09-07,15:29,INDIGO,2552.0147,1.994,33.839,-12.6844
2026-09-07,15:29,INDIGOPNTS,907.9344,1.9712,35.2127,2.7475
2026-09-07,15:29,INDIQUBE,162.0514,2.3024,36.6022,-10.3795
2026-09-07,15:29,INDNIPPON,2514.1842,2.5905,42.9735,19.5972
2026-09-07,15:29,INDOBORAX,1616.1106,4.1615,50.3737,105.8283
2026-09-07,15:29,INDOCO,221.464,3.5337,48.6569,-16.1679
2026-09-07,15:29,INDORAMA,211.5412,3.8477,55.6718,37.0598
2026-09-07,15:29,INDOSTAR,353.1889,2.8448,46.4746,-4.2633
2026-09-07,15:29,INDOTECH,14977.195,3.3293,60.2191,105.7691
2026-09-07,15:29,INDSWFTLAB,1587.4586,4.0796,56.338,248.9165
2026-09-07,15:29,INDUSINDBK,635.058,1.7675,28.9336,34.7738
2026-09-07,15:29,INFRABEES,141.8337,0.699,14.5766,1.3373
2026-09-07,15:29,INGERRAND,8364.9013,2.3622,31.2643,22.7597
2026-09-07,15:29,INNOVACAP,2917.9171,2.2295,34.8657,35.4584
2026-09-07,15:29,INOXINDIA,7017.2644,3.2166,40.237,90.7669
2026-09-07,15:29,IOLCP,866.7547,3.7079,52.7731,84.0359
2026-09-07,15:29,IONEXCHANG,549.7839,2.942,41.0861,6.2424
2026-09-07,15:29,IPCALAB,3442.5839,1.808,31.5511,49.0036
2026-09-07,15:29,IRISDOREME,180.0984,2.1548,38.8272,98.7528
2026-09-07,15:29,IRMENERGY,238.9529,3.6636,52.7778,3.6241
2026-09-07,15:29,ISGEC,174.5787,1.9907,40.3237,-21.1169
2026-09-07,15:29,ITDC,541.4115,3.73,58.2065,-1.0307
2026-09-07,15:29,IVP,422.4624,2.999,44.727,28.0497
2026-09-07,15:29,IZMO,2175.5692,3.1227,68.847,11.6344
2026-09-07,15:29,J&KBANK,285.2799,2.9731,40.7577,46.3144
2026-09-07,15:29,JAGSNPHARM,434.0595,1.9547,33.2626,-0.5574
2026-09-07,15:29,JASH,780.1784,2.6727,38.5624,-1.0837
2026-09-07,15:29,JAYAGROGN,334.9558,2.6249,39.9595,-4.7871
2026-09-07,15:29,JAYBARMARU,213.4638,4.2288,60.7199,26.93
2026-09-07,15:29,JBMA,366.8325,2.0938,44.1487,-13.9351
2026-09-07,15:29,JGCHEM,1627.3355,3.1178,46.4716,23.2849
2026-09-07,15:29,JINDALPOLY,1908.8945,2.5231,48.7545,15.1445
2026-09-07,15:29,JINDALSAW,850.3821,2.6696,46.4935,48.8507
2026-09-07,15:29,JINDALSTEL,284.6599,1.4871,28.3975,10.8065
2026-09-07,15:29,JINDRILL,1169.0276,3.1382,50.8551,10.6364
2026-09-07,15:29,JINDWORLD,207.6341,4.7951,63.0065,61.881
2026-09-07,15:29,JKIPL,179.3542,3.167,1.7e+308,1.7e+308
2026-09-07,15:29,JKPAPER,589.475,2.0264,39.7742,7.8157
2026-09-07,15:29,JNKINDIA,1353.4051,4.2077,56.1906,46.6319
2026-09-07,15:29,JOCIL,209.9909,2.1946,35.6207,-0.6238
2026-09-07,15:29,JSFB,1084.9939,2.9475,41.4243,18.0792
2026-09-07,15:29,JSWDULUX,2865.8231,1.7377,28.6281,-5.3294
2026-09-07,15:29,JSWENERGY,553.195,1.8356,29.9205,0.8084
2026-09-07,15:29,JSWINFRA,447.7655,2.1147,31.7371,4.9485
2026-09-07,15:29,JSWSTEEL,685.2919,1.1765,23.7674,18.4713
2026-09-07,15:29,JUBLCPL,491.1788,3.4105,52.2658,-16.9546
2026-09-07,15:29,JUBLINGREA,325.9012,2.0796,35.8508,-4.6587
2026-09-07,15:29,JUNIORBEES,422.5244,0.8351,16.0501,7.3803
2026-09-07,15:29,JUSTDIAL,284.6599,3.1491,39.2366,-18.75
2026-09-07,15:29,JYOTICNC,1383.2977,2.8307,44.8784,13.3867
2026-09-07,15:29,KABRAEXTRU,2706.0038,3.8162,56.1944,124.7609
2026-09-07,15:29,KAJARIACER,2079.4422,1.5476,28.8254,-0.4242
2026-09-07,15:29,KALYANIFRG,2472.9425,3.586,50.1214,45.9118
2026-09-07,15:29,KALYANKJIL,1377.4058,3.5039,47.3853,17.5535
2026-09-07,15:29,KANORICHEM,533.9696,2.9989,43.2207,83.8301
2026-09-07,15:29,KANPRPLA,446.091,3.0532,55.4826,3.6567
2026-09-07,15:29,KAPSTON,1908.0884,2.9842,41.3633,249.6482
2026-09-07,15:29,KARURVYSYA,345.1268,2.2396,36.6297,62.1275
2026-09-07,15:29,KAUSHALYA,435.052,3.203,56.7519,-31.8083
2026-09-07,15:29,KAYA,160.6249,3.3184,49.5403,-10.6866
2026-09-07,15:29,KAYNES,272.2556,3.5367,53.7058,-49.7455
2026-09-07,15:29,KDDL,10064.1772,3.2487,44.1614,65.1798
2026-09-07,15:29,KECL,256.938,2.9644,46.8568,0.5069
2026-09-07,15:29,KEI,4524.7877,2.3913,35.1627,14.0115
2026-09-07,15:29,KENNAMET,11851.8293,2.9098,36.1617,121.907
2026-09-07,15:29,KERNEX,3498.4003,4.336,63.4055,57.6354
2026-09-07,15:29,KHAITANLTD,392.632,4.1735,53.2458,32.0348
2026-09-07,15:29,KICL,3644.7619,1.6832,32.6618,7.2689
2026-09-07,15:29,KILITCH,159.6327,3.055,45.8822,4.3271
2026-09-07,15:29,KIMS,1060.497,1.9404,31.4304,0.7578
2026-09-07,15:29,KINGFA,11719.4231,1.9655,38.3131,28.4436
2026-09-07,15:29,KIOCL,155.9736,2.3087,58.9106,-19.3013
2026-09-07,15:29,KIRIINDUS,769.9458,2.5626,49.7496,-0.3332
2026-09-07,15:29,KIRLOSBROS,2120.994,2.2037,38.1008,-7.3516
2026-09-07,15:29,KIRLOSENG,6415.0766,3.3017,46.8864,145.3797
2026-09-07,15:29,KIRLOSIND,4544.633,3.0748,41.5474,-4.8874
2026-09-07,15:29,KKCL,351.0183,1.8689,33.1685,-4.3421
2026-09-07,15:29,KMEW,8000.8612,3.8405,62.648,171.5694
2026-09-07,15:29,KNAGRI,141.7716,2.4901,1.7e+308,1.7e+308
2026-09-07,15:29,KOLTEPATIL,440.0133,2.5925,34.6838,-4.6124
2026-09-07,15:29,KOPRAN,743.6502,3.2681,50.0332,38.0052
2026-09-07,15:29,KOTAKNIFTY,163.0436,0.6498,9.3393,29.8333
2026-09-07,15:29,KOVAI,22022.0567,11.3612,116.1231,229.5862
2026-09-07,15:29,KPIL,1606.8698,1.6668,29.4311,10.0943
2026-09-07,15:29,KPRMILL,1655.5533,2.5629,41.936,14.2249
2026-09-07,15:29,KRBL,546.3729,2.5236,41.0374,-3.7829
2026-09-07,15:29,KRISHANA,553.505,3.1493,45.8129,65.2417
2026-09-07,15:29,KRISHIVAL,490.5574,1.8724,37.4595,-9.2845
2026-09-07,15:29,KRISHNADEF,395.0507,3.2113,1.7e+308,1.7e+308
2026-09-07,15:29,KRN,6016.615,3.1965,49.0683,91.0887
2026-09-07,15:29,KRONOX,354.1811,3.9098,50.248,3.6788
2026-09-07,15:29,KRYSTAL,374.585,1.7743,40.148,2.9893
2026-09-07,15:29,KSB,712.2697,1.896,30.8064,-3.3757
2026-09-07,15:29,KSHINTL,4788.3612,3.7228,1.7e+308,1.7e+308
2026-09-07,15:29,KSL,1587.6446,2.3155,35.6083,16.2356
2026-09-07,15:29,KTKBANK,945.4548,1.9907,33.9932,86.4
2026-09-07,15:29,LALPATHLAB,2929.7006,2.2344,30.103,13.7534
2026-09-07,15:29,LAMBODHARA,147.6014,3.5823,54.0447,-11.8418
2026-09-07,15:29,LANDMARK,486.8363,3.1084,46.7662,-22.6034
2026-09-07,15:29,LAURUSLABS,5869.9434,1.7808,29.5786,109.4414
2026-09-07,15:29,LAXMIINDIA,245.1546,3.4491,58.4314,-19.6747
2026-09-07,15:29,LENSKART,1550.7442,1.4775,1.7e+308,1.7e+308
2026-09-07,15:29,LGBBROSLTD,353.499,1.5356,38.629,29.6959
2026-09-07,15:29,LGEINDIA,1518.1855,1.7874,1.7e+308,1.7e+308
2026-09-07,15:29,LICHSGFIN,275.3571,1.7037,25.2755,-2.6627
2026-09-07,15:29,LIKHITHA,236.1621,2.6597,50.8776,-17.1539
2026-09-07,15:29,LINCOLN,1062.3574,2.7141,39.8703,14.0705
2026-09-07,15:29,LINDEINDIA,2769.0754,1.5177,27.6633,-1.0328
2026-09-07,15:29,LIQGRWBEES,175.0757,0.0109,0.1887,4.6523
2026-09-07,15:29,LIQUID1,198.5797,0.0119,0.2006,4.9698
2026-09-07,15:29,LIQUIDADD,198.2073,0.0116,0.1974,4.8595
2026-09-07,15:29,LIQUIDBETF,187.355,0.0121,0.2093,4.767
2026-09-07,15:29,LIQUIDPLUS,193.1843,0.0121,0.2038,4.9368
2026-09-07,15:29,LIQUIDSHRI,185.99,0.011,0.1946,4.6721
2026-09-07,15:29,LLOYDSENGG,247.3253,3.3568,49.6532,31.2559
2026-09-07,15:29,LLOYDSME,4523.5469,1.9405,36.8225,39.0667
2026-09-07,15:29,LMW,24763.5348,1.8492,32.0871,24.195
2026-09-07,15:29,LODHA,1750.7502,2.4942,37.4575,2.7133
2026-09-07,15:29,LOKESHMACH,1160.097,2.874,52.1186,83.0136
2026-09-07,15:29,LOTUSDEV,306.676,2.6553,44.3821,8.2967
2026-09-07,15:29,LOYALTEX,144.9347,2.4808,51.8215,-25.2682
2026-09-07,15:29,LT,1147.3213,1.1766,25.0546,11.7101
2026-09-07,15:29,LTF,207.138,2.0853,34.8898,33.0014
2026-09-07,15:29,LTFOODS,545.4428,1.7439,39.1089,-2.9926
2026-09-07,15:29,LUMAXIND,9004.301,2.2712,51.7274,46.3842
2026-09-07,15:29,LUMAXTECH,4019.3454,2.9508,55.1979,77.0328
2026-09-07,15:29,LUXIND,1555.3959,2.6614,45.7102,-11.7522
2026-09-07,15:29,LXCHEM,204.0992,2.8458,47.6254,-22.0212
2026-09-07,15:29,MACPOWER,5812.2674,3.9494,53.9187,100.1766
2026-09-07,15:29,MAFANG,320.1956,1.6917,23.4075,31.8171
2026-09-07,15:29,MAGADSUGAR,881.577,2.4887,35.8104,0.7902
2026-09-07,15:29,MAHABANK,152.3767,2.108,35.4312,57.2618
2026-09-07,15:29,MAHASTEEL,3213.74,3.0242,46.432,234.0387
2026-09-07,15:29,MAHESHWARI,167.3849,1.7683,39.1429,16.1707
2026-09-07,15:29,MAHLOG,342.9562,1.9786,38.3958,20.3942
2026-09-07,15:29,MAHSCOOTER,2083.7835,1.8785,31.7289,-24.9513
2026-09-07,15:29,MAHSEAMLES,1126.8556,1.5487,24.8574,9.9067
2026-09-07,15:29,MAITHANALL,690.5632,2.1879,38.019,-0.7151
2026-09-07,15:29,MAMATA,204.0371,1.9984,40.0132,-8.1111
2026-09-07,15:29,MANAKSTEEL,279.5743,4.0851,54.4237,73.0807
2026-09-07,15:29,MANALIPETC,172.2843,3.1826,45.3193,22.4385
2026-09-07,15:29,MANAPPURAM,345.4368,2.176,33.7355,11.8132
2026-09-07,15:29,MANCREDIT,343.8863,2.9387,36.4741,21.3323
2026-09-07,15:29,MANGLMCEM,1997.2689,1.8788,31.1979,50.497
2026-09-07,15:29,MANINDS,3096.2173,3.1056,55.9783,100
2026-09-07,15:29,MANKIND,1389.8098,1.5821,25.4529,-10.1411
2026-09-07,15:29,MANORAMA,3956.088,2.8645,43.8755,47.9982
2026-09-07,15:29,MANORG,485.2859,3.5926,52.053,-10.7281
2026-09-07,15:29,MANYAVAR,668.5471,2.3426,35.0127,-18.9199
2026-09-07,15:29,MARALOVER,159.5087,3.473,50.6616,34.1545
2026-09-07,15:29,MARICO,529.3181,1.0991,18.2942,9.727
2026-09-07,15:29,MARINE,1463.3618,3.3493,50.5591,113.3784
2026-09-07,15:29,MARKOLINES,248.7517,1.7896,1.7e+308,1.7e+308
2026-09-07,15:29,MARKSANS,1035.628,3.2487,42.5878,93.7489
2026-09-07,15:29,MAWANASUG,410.617,3.102,41.4026,56.8587
2026-09-07,15:29,MAXESTATES,1070.73,2.7561,40.9462,22.8265
2026-09-07,15:29,MAYURUNIQ,1151.9726,2.815,37.7244,37.5024
2026-09-07,15:29,MAZDA,508.6045,3.1386,45.2196,-0.1275
2026-09-07,15:29,MAZDOCK,370.2434,1.6448,33.9773,-16.0871
2026-09-07,15:29,MBAPL,492.2938,2.8036,38.5923,94.5227
2026-09-07,15:29,MCX,6802.6844,2.284,39.7115,115.4493
2026-09-07,15:29,MEDANTA,1876.0254,1.7734,29.3571,7.5853
2026-09-07,15:29,MEESHO,278.1479,2.8887,1.7e+308,1.7e+308
2026-09-07,15:29,MEGASTAR,434.8038,2.707,44.954,31.1454
2026-09-07,15:29,MEIL,142.3299,2.3097,1.7e+308,-46.5038
2026-09-07,15:29,MENONBE,1201.7106,3.4444,45.5044,131.4871
2026-09-07,15:29,METROPOLIS,639.5231,2.0342,29.7244,12.0213
2026-09-07,15:29,MGL,280.3182,1.7501,29.8767,-16.1664
2026-09-07,15:29,MIDHANI,414.8961,2.5763,42.5661,4.8309
2026-09-07,15:29,MINDACORP,889.9492,1.9072,32.5218,35.9558
2026-09-07,15:29,MMFL,1361.9012,2.3845,42.5467,88.7328
2026-09-07,15:29,MMP,1273.5267,2.9749,43.4531,60.9513
2026-09-07,15:29,MODEFENCE,139.7872,1.2431,24.9107,21.2025
2026-09-07,15:29,MODIS,373.9646,2.4476,1.7e+308,1.7e+308
2026-09-07,15:29,MODISONLTD,2033.1154,4.5617,56.6046,195.312
2026-09-07,15:29,MOLDTECH,536.3881,3.5818,50.5523,37.0903
2026-09-07,15:29,MOLDTKPAC,976.1531,2.4864,39.146,-15.4219
2026-09-07,15:29,MON100,665.3223,1.3993,22.861,62.4408
2026-09-07,15:29,MONARCH,663.2758,2.0405,33.8709,18.1412
2026-09-07,15:29,MONQ50,401.4384,2.147,27.8861,82.3425
2026-09-07,15:29,MOREPENLAB,510.651,4.1949,54.7462,120.5566
2026-09-07,15:29,MOTHERSON,310.8311,2.0764,34.9602,54.7426
2026-09-07,15:29,MOTILALOFS,2064.2479,2.1911,39.8548,14.9237
2026-09-07,15:29,MPSLTD,4317.6488,3.2776,44.9528,20.9259
2026-09-07,15:29,MSTCLTD,2054.9457,3.801,48.846,48.9525
2026-09-07,15:29,MTARTECH,27491.0589,4.5262,61.2092,347.9595
2026-09-07,15:29,MUFIN,148.7176,1.5614,37.9493,53.5002
2026-09-07,15:29,MUNJALAU,275.6672,3.539,49.3626,26.8197
2026-09-07,15:29,MUTHOOTMF,151.3843,3.0444,44.363,19.6313
2026-09-07,15:29,MVGJL,267.1708,3.2789,42.1281,10.4698
2026-09-07,15:29,NACLIND,167.571,3.5472,57.9857,-34.8069
2026-09-07,15:29,NAHARCAP,155.9117,1.4978,30.7358,-10.7477
2026-09-07,15:29,NAHARINDUS,259.1706,2.7594,40.4892,22.89
2026-09-07,15:29,NAHARSPING,733.1072,2.241,38.5488,32.6672
2026-09-07,15:29,NAM-INDIA,2015.8744,2.204,38.8494,44.3673
2026-09-07,15:29,NATCAPSUQ,296.0089,3.8286,59.468,7.845
2026-09-07,15:29,NAUKRI,296.4433,2.2328,30.778,-4.2702
2026-09-07,15:29,NAVA,137.3686,2.4218,38.5237,-20.9704
2026-09-07,15:29,NAVINFLUOR,16456.3084,2.1634,36.5119,79.5763
2026-09-07,15:29,NAVINIFTY,435.4239,1.9962,28.9111,43.3632
2026-09-07,15:29,NAZARA,540.1711,2.2364,41.4458,35.0474
2026-09-07,15:29,NDGL,1449.3456,2.3423,40.0923,-28.3697
2026-09-07,15:29,NDLVENTURE,178.548,2.1473,42.1706,38.4589
2026-09-07,15:29,NDRAUTO,281.869,2.003,41.0031,-33.0192
2026-09-07,15:29,NELCAST,153.0589,3.1796,53.8308,-21.9623
2026-09-07,15:29,NELCO,1866.1027,3.3287,46.1251,9.5112
2026-09-07,15:29,NEOGEN,6021.2671,2.8635,49.1417,40.9927
2026-09-07,15:29,NEPHROPLUS,1175.2291,2.5699,1.7e+308,1.7e+308
2026-09-07,15:29,NESTLEIND,716.3006,1.4534,21.4324,14.816
2026-09-07,15:29,NETWEB,11481.2755,3.5971,59.9055,77.5949
2026-09-07,15:29,NEULANDLAB,57874.6072,2.1513,39.7056,42.5011
2026-09-07,15:29,NEXT50,420.7877,0.8655,16.7564,7.1946
2026-09-07,15:29,NGLFINE,7148.7416,4.0302,57.4043,98.6174
2026-09-07,15:29,NH,681.571,1.7443,30.5522,8.3603
2026-09-07,15:29,NIACL,513.0077,3.252,45.5259,20.1039
2026-09-07,15:29,NIBE,1817.1089,3.4355,51.9764,8.8716
2026-09-07,15:29,NIFTY100EQLWGT,11995.3943,0.7399,14.9126,3.6275
2026-09-07,15:29,NIFTY100LIQ15,2376.8156,0.873,15.8868,4.9763
2026-09-07,15:29,NIFTY200,224.5041,0.6968,13.8414,-1.2171
2026-09-07,15:29,NIFTY200ALPHA30,18520.869,0.9166,18.7585,5.2539
2026-09-07,15:29,NIFTY200MOMENTM30,7957.446,0.9104,18.1771,-0.1949
2026-09-07,15:29,NIFTY500,3379.3167,0.7008,13.9939,-0.1468
2026-09-07,15:29,NIFTY500MOMENTM50,35054.3963,0.9092,18.3084,5.4565
2026-09-07,15:29,NIFTY500MULTICAP,5966.0707,0.7189,14.5143,2.1041
2026-09-07,15:29,NIFTY50EQLWGT,2489.9973,0.6601,13.3946,0.6668
2026-09-07,15:29,NIFTYALPHA50,57931.6583,0.9316,18.9639,9.8898
2026-09-07,15:29,NIFTYALPHALOWVOL,4607.8904,0.6176,12.9697,-0.9868
2026-09-07,15:29,NIFTYAUTO,9352.8367,1.0851,21.2416,3.0971
2026-09-07,15:29,NIFTYCAPITALMKT,6676.7904,1.1825,24.8561,26.6955
2026-09-07,15:29,NIFTYCHEMICALS,17804.5684,0.9349,1.7e+308,1.7e+308
2026-09-07,15:29,NIFTYCOMMODITIES,2303.6303,0.7575,15.8788,9.0001
2026-09-07,15:29,NIFTYCONSUMPTION,1792.6108,0.7722,14.5758,-6.5836
2026-09-07,15:29,NIFTYCONSURDURBL,31546.3694,1.1293,20.4912,-0.2541
2026-09-07,15:29,NIFTYEES,23597.5477,1.6253,39.3689,55.5137
2026-09-07,15:29,NIFTYGS10YR,326.5829,0.2002,3.4829,2.5006
2026-09-07,15:29,NIFTYGS1115YR,833.2039,0.221,3.9717,4.6546
2026-09-07,15:29,NIFTYGS15YRPLUS,342.9563,0.313,5.3713,2.6176
2026-09-07,15:29,NIFTYGS48YR,715.1226,0.1581,2.5313,5.3577
2026-09-07,15:29,NIFTYGS813YR,474.4949,0.1889,3.2839,3.6717
2026-09-07,15:29,NIFTYGSCOMPSITE,518.7747,0.1972,3.4302,3.8244
2026-09-07,15:29,NIFTYHEALTHCARE,16856.3265,0.7855,13.4914,12.0187
2026-09-07,15:29,NIFTYINDDEFENCE,12321.6093,1.2036,23.9968,21.2544
2026-09-07,15:29,NIFTYINDIAMFG,9223.533,0.7414,15.3699,7.9389
2026-09-07,15:29,NIFTYINDTOURISM,1155.0735,1.1654,21.523,-15.9985
2026-09-07,15:29,NIFTYLARGEMID250,3724.4578,0.7102,14.4669,1.77
2026-09-07,15:29,NIFTYM150MOMNTM50,28763.655,0.8968,18.0515,4.0081
2026-09-07,15:29,NIFTYM150QLTY50,8104.1195,0.7607,15.4949,-2.2263
2026-09-07,15:29,NIFTYMEDIA,995.0691,1.3922,22.0097,-6.1935
2026-09-07,15:29,NIFTYMETAL,11189.4835,1.1104,22.2381,33.078
2026-09-07,15:29,NIFTYMICROCAP250,34750.814,0.9849,19.5962,11.8294
2026-09-07,15:29,NIFTYMIDCAP150,12530.2941,0.7799,16.0385,6.9321
2026-09-07,15:29,NIFTYMIDCAP50,10556.5914,0.7892,16.4264,9.8694
2026-09-07,15:29,NIFTYMIDLIQ15,13546.7612,0.972,18.8408,12.1605
2026-09-07,15:29,NIFTYMIDSELECT,10111.6229,0.86,17.8118,11.9823
2026-09-07,15:29,NIFTYMIDSMALLCAP400,15250.3734,0.7911,16.1407,7.1559
2026-09-07,15:29,NIFTYMIDSMLHLTH,68757.3954,0.8046,14.2655,15.6962
2026-09-07,15:29,NIFTYMS400MQ100,38034.9364,0.8182,17.1893,5.5471
2026-09-07,15:29,NIFTYMULTIINFRA,6396.4676,0.7541,15.3569,3.4691
2026-09-07,15:29,NIFTYMULTIMFG,11184.5294,0.7007,15.2707,6.3992
2026-09-07,15:29,NIFTYSMALLCAP250,18996.5434,0.873,17.0349,7.8117
2026-09-07,15:29,NIFTYSMALLCAP50,12763.4861,0.914,18.2443,15.9459
2026-09-07,15:29,NIFTYSML250MQ100,51703.8791,0.8923,17.8017,7.4146
2026-09-07,15:29,NIFTYTOTALMKT,2601.0048,0.7052,14.1089,0.3567
2026-09-07,15:29,NILKAMAL,4269.8957,2.7667,35.2136,33.3419
2026-09-07,15:29,NINSYS,2317.2787,2.141,44.1186,57.2574
2026-09-07,15:29,NIRAJISPAT,1278.116,4.8801,76.3173,-1.5103
2026-09-07,15:29,NITINSPIN,1872.3045,2.5425,38.7795,89.3331
2026-09-07,15:29,NITIRAJ,342.4598,2.8311,42.3804,9.0428
2026-09-07,15:29,NLCINDIA,145.1206,2.6144,36.9608,2.4968
2026-09-07,15:29,NOCIL,230.5185,2.9005,40.4025,-6.1263
2026-09-07,15:29,NORTHARC,311.0171,2.542,39.7393,24.1782
2026-09-07,15:29,NOVARTIND,5618.7735,5.6889,60.3556,188.2306
2026-09-07,15:29,NPST,3362.5821,3.2589,58.5963,-16.198
2026-09-07,15:29,NRAIL,953.207,2.9848,53.5022,52.2255
2026-09-07,15:29,NRBBEARING,1427.0197,2.6796,39.8037,71.825
2026-09-07,15:29,NRL,495.7668,2.4635,35.4565,84.6732
2026-09-07,15:29,NURECA,274.7371,3.1219,53.0978,23.2956
2026-09-07,15:29,NUVAMA,3634.8377,2.3534,36.3175,42.1898
2026-09-07,15:29,NYKAA,572.8545,1.6439,28.0514,39.1061
2026-09-07,15:29,OAL,1572.7603,3.6869,48.0724,59.3565
2026-09-07,15:29,OBEROIRLTY,2455.8877,1.6575,27.0435,15.3318
2026-09-07,15:29,OCCLLTD,434.4316,3.7716,52.6112,18.2963
2026-09-07,15:29,OFSS,25380.6076,2.194,33.5943,31.9412
2026-09-07,15:29,OLECTRA,846.5371,2.3628,43.9183,-26.6731
2026-09-07,15:29,OMAXAUTO,417.749,4.5467,61.7465,23.2344
2026-09-07,15:29,OMAXE,355.4836,3.9866,54.9915,46.0785
2026-09-07,15:29,ONESOURCE,2125.3356,2.0471,41.8785,-16.936
2026-09-07,15:29,OPTIEMUS,1051.5046,2.9191,48.9094,-12.0863
2026-09-07,15:29,ORBTEXP,425.7492,4.1748,58.4691,26.7972
2026-09-07,15:29,ORCHPHARMA,1644.3903,2.9774,43.471,33.2536
2026-09-07,15:29,ORIENTBELL,870.4138,3.0185,50.5247,34.5761
2026-09-07,15:29,ORIENTHOT,233.4954,3.6597,46.8135,-2.1042
2026-09-07,15:29,PAGEIND,19101.3491,1.6389,24.4569,-18.8194
2026-09-07,15:29,PAISALO,280.0705,2.8974,44.2888,108.7539
2026-09-07,15:29,PANACHE,1436.9425,2.8102,49.2248,99.6432
2026-09-07,15:29,PANAMAPET,1155.6937,4.0685,50.58,58.5213
2026-09-07,15:29,PAR,359.2667,4.3042,54.7809,37.0398
2026-09-07,15:29,PARACABLES,204.5953,4.2822,59.0203,39.0337
2026-09-07,15:29,PARADEEP,139.291,2.3822,43.8797,-7.43
2026-09-07,15:29,PARAS,5172.8688,3.8975,50.8815,115.1535
2026-09-07,15:29,PARKHOSPS,844.2424,2.5729,1.7e+308,1.7e+308
2026-09-07,15:29,PASUPTAC,139.167,3.1052,53.8028,45.2427
2026-09-07,15:29,PATELRMART,145.6788,2.7256,1.7e+308,-15.2943
2026-09-07,15:29,PAUSHAKLTD,1692.1437,3.1392,1.7e+308,1.7e+308
2026-09-07,15:29,PAYTM,3133.1171,2.5173,38.8431,36.5053
2026-09-07,15:29,PCBL,347.2973,2.8008,46.5855,-17.449
2026-09-07,15:29,PFIZER,434.1216,1.3778,24.566,-12.0624
2026-09-07,15:29,PFOCUS,557.8462,3.3015,55.8728,65.0431
2026-09-07,15:29,PGHL,2245.0287,1.8408,24.8533,-9.2336
2026-09-07,15:29,PGIL,4070.1994,2.751,50.6518,68.75
2026-09-07,15:29,PHOENIXLTD,1639.7393,1.6286,26.9762,22.1076
2026-09-07,15:29,PICCADIL,282.7994,2.7689,42.9068,-13.4281
2026-09-07,15:29,PIDILITIND,937.7023,1.4005,21.8344,2.3093
2026-09-07,15:29,PIRAMALFIN,3226.1431,2.1899,1.7e+308,1.7e+308
2026-09-07,15:29,PITTIENG,2535.2695,2.3914,39.7111,28.0427
2026-09-07,15:29,PIXTRANS,2816.2085,2.692,32.1743,23.0731
2026-09-07,15:29,PKTEA,1737.4167,3.558,51.556,27.1317
2026-09-07,15:29,PLASTIBLEN,270.9539,2.6241,34.7886,-1.4592
2026-09-07,15:29,PNBHOUSING,2336.5043,1.8111,32.2045,42.3959
2026-09-07,15:29,PNGJL,437.2224,2.3102,34.3886,4.3849
2026-09-07,15:29,PODDARMENT,227.8518,2.626,37.5308,-4.1235
2026-09-07,15:29,POKARNA,629.7863,2.1957,53.4947,-5.9113
2026-09-07,15:29,POLICYBZR,1072.2804,1.9681,33.3227,-0.6542
2026-09-07,15:29,POLYCAB,8942.9044,1.8609,30.5599,13.8741
2026-09-07,15:29,POLYMED,1218.0212,2.6635,43.183,-15.8787
2026-09-07,15:29,POLYPLEX,2128.4361,2.3192,33.1593,16.3823
2026-09-07,15:29,PONNIERODE,742.348,2.5895,35.5442,27.589
2026-09-07,15:29,POONAWALLA,429.4703,1.9605,37.8654,4.4829
2026-09-07,15:29,POWERINDIA,84765.3376,2.6905,44.596,59.5852
2026-09-07,15:29,POWERMECH,2153.2434,2.0928,38.5779,-23.2984
2026-09-07,15:29,PPAP,396.3529,4.305,58.2103,21.9762
2026-09-07,15:29,PPL,394.8645,2.9982,45.0625,-16.1075
2026-09-07,15:29,PPLPHARMA,421.284,2.3475,34.1259,9.4633
2026-09-07,15:29,PRABHA,529.3803,2.714,45.3446,1.5691
2026-09-07,15:29,PRAJIND,316.2886,2.2598,40.6005,-14.3312
2026-09-07,15:29,PRECOT,2199.7561,3.3999,61.8529,51.0448
2026-09-07,15:29,PRECWIRE,1435.9502,3.8519,60.0592,152.8663
2026-09-07,15:29,PREMEXPLN,1126.5454,3.5841,55.0045,19.1396
2026-09-07,15:29,PREMIERENE,1851.5284,1.7297,34.5233,-6.1789
2026-09-07,15:29,PREMIERPOL,259.4186,3.6478,57.9267,86.1767
2026-09-07,15:29,PRESTIGE,308.226,2.1338,33.1461,0.0194
2026-09-07,15:29,PRICOLLTD,1307.636,2.3936,38.9573,50.4101
2026-09-07,15:29,PRINCEPIPE,291.6678,2.127,38.3981,-15.4407
2026-09-07,15:29,PRIVISCL,3567.8594,1.8498,34.7554,44.7164
2026-09-07,15:29,PRUDENT,6154.6029,2.2791,37.6664,19.9836
2026-09-07,15:29,PSPPROJECT,846.8471,2.8169,45.9652,11.082
2026-09-07,15:29,PTCIL,35411.9167,2.6186,36.4557,67.6902
2026-09-07,15:29,PVP,219.8516,4.1903,64.5816,114.1308
2026-09-07,15:29,PVRINOX,1230.1143,1.772,29.8686,3.1852
2026-09-07,15:29,QPOWER,4914.2563,3.2621,55.6774,56.9697
2026-09-07,15:29,QUADFUTURE,782.039,3.9511,60.7391,-6.0041
2026-09-07,15:29,QUESS,803.6831,2.6832,36.7157,28.466
2026-09-07,15:29,RACLGEAR,3567.8587,2.8641,56.9459,70.3046
2026-09-07,15:29,RADHIKAJWE,161.4932,3.5326,48.8445,2.1895
2026-09-07,15:29,RADICO,10540.4724,1.6897,32.7297,54.7947
2026-09-07,15:29,RAIN,346.8632,3.5687,53.7064,52.4778
2026-09-07,15:29,RAINBOW,2018.6653,1.3096,22.4734,0.4922
2026-09-07,15:29,RAJRATAN,463.5798,2.1804,48.7058,41.9074
2026-09-07,15:29,RAMCOSYS,771.4958,4.8746,64.9799,30.5292
2026-09-07,15:29,RAMRAT,1480.3546,3.3907,42.3914,47.7247
2026-09-07,15:29,RANEHOLDIN,2334.9539,2.9106,41.4185,11.3329
2026-09-07,15:29,RATEGAIN,1408.1042,2.6298,44.1659,36.6792
2026-09-07,15:29,RATNAMANI,3224.2823,2.7937,44.8396,11.8709
2026-09-07,15:29,RATNAVEER,978.0759,3.5175,49.8193,110.9666
2026-09-07,15:29,RAYMOND,2348.5978,3.317,44.6571,25.665
2026-09-07,15:29,RAYMONDREL,418.9274,3.9353,56.9713,-9.9455
2026-09-07,15:29,RBA,201.3704,2.9383,38.5094,18.7608
2026-09-07,15:29,RBLBANK,762.8136,1.8668,30.9914,52.2377
2026-09-07,15:29,RBZJEWEL,370.7399,3.5782,50.8154,35.8817
2026-09-07,15:29,REDINGTON,693.0441,2.6073,50.34,55.1272
2026-09-07,15:29,REFEX,350.5221,2.6023,52.8179,-21.2418
2026-09-07,15:29,REGAAL,178.61,3.0096,1.7e+308,-17.3836
2026-09-07,15:29,RELIGARE,184.7497,2.0159,38.595,0.8249
2026-09-07,15:29,RGL,302.3967,3.3442,56.7865,29.1438
2026-09-07,15:29,RIIL,160.0051,1.6959,35.5993,-20.2439
2026-09-07,15:29,RISHABH,2571.5503,3.3026,54.5958,89.6616
2026-09-07,15:29,RITCO,515.8604,2.7779,42.1989,18.4883
2026-09-07,15:29,RKFORGE,1216.4706,2.2387,35.499,22.5384
2026-09-07,15:29,RML,4093.1459,3.3165,43.3475,63.4042
2026-09-07,15:29,ROLEXRINGS,341.8397,2.9772,44.6028,25.775
2026-09-07,15:29,ROSSTECH,2912.025,3.8079,63.3363,53.9348
2026-09-07,15:29,RPEL,5905.2934,3.2031,50.3501,148.2209
2026-09-07,15:29,RPGLIFE,4291.6011,2.8402,36.8489,12.3136
2026-09-07,15:29,RPSGVENT,701.1063,2.3642,47.6997,-5.5469
2026-09-07,15:29,RPTECH,3034.1999,3.3683,43.6495,183.6158
2026-09-07,15:29,RRKABEL,6265.6149,2.9765,38.828,91.8582
2026-09-07,15:29,RSWM,477.5958,2.5976,41.1878,36.0563
2026-09-07,15:29,RUBICON,6632.4474,3.3389,1.7e+308,1.7e+308
2026-09-07,15:29,RUBYMILLS,1631.2428,3.8306,52.4967,100.6939
2026-09-07,15:29,RVTH,468.5411,2.9761,46.7942,-18.7153
2026-09-07,15:29,S&SPOWER,466.9907,3.0413,54.4559,-24.7832
2026-09-07,15:29,SAATVIKGL,225.4332,2.2651,1.7e+308,1.7e+308
2026-09-07,15:29,SAHYADRI,952.2146,2.9772,42.1105,44.1436
2026-09-07,15:29,SAIL,243.5421,2.3912,35.9103,42.0687
2026-09-07,15:29,SAILIFE,4590.8356,1.9456,34.1411,81.0015
2026-09-07,15:29,SAKAR,4492.2277,3.7712,53.745,231.7978
2026-09-07,15:29,SALSTEEL,277.7758,3.2304,57.9621,158.697
2026-09-07,15:29,SAMBHV,288.8769,2.5391,43.9276,11.2565
2026-09-07,15:29,SANATHAN,180.1604,2.1444,32.9281,-8.811
2026-09-07,15:29,SANDESH,350.3981,2.6543,33.3211,-12.3794
2026-09-07,15:29,SANDHAR,777.0777,2.928,44.4917,34.0391
2026-09-07,15:29,SANGAMIND,791.3415,2.2304,36.2823,42.9493
2026-09-07,15:29,SANGHVIMOV,870.1038,3.066,51.2807,20.7433
2026-09-07,15:29,SANGINITA,308.4744,2.5237,48.0581,509.3373
2026-09-07,15:29,SANSERA,13625.8364,2.6883,40.9707,175.5516
2026-09-07,15:29,SAPPHIRE,247.8213,3.2034,45.7209,-30.6022
2026-09-07,15:29,SARDAEN,248.0695,1.7245,34.022,-13.1209
2026-09-07,15:29,SAREGAMA,973.6727,3.0512,41.6056,0.3146
2026-09-07,15:29,SASKEN,3395.4509,4.1585,54.7183,22.3935
2026-09-07,15:29,SATIN,390.2133,2.704,33.4685,46.7794
2026-09-07,15:29,SBCL,4165.7064,4.204,54.6563,111.1358
2026-09-07,15:29,SBILIQETF,152.315,0.0122,1.7e+308,4.915
2026-09-07,15:29,SCHAEFFLER,2480.6947,1.4901,28.5499,1.1712
2026-09-07,15:29,SCHNEIDER,3053.7349,3.6301,48.7938,37.0457
2026-09-07,15:29,SCI,497.1312,2.7007,45.8742,37.0486
2026-09-07,15:29,SCPL,2173.3985,3.9089,56.5948,162.4294
2026-09-07,15:29,SEAMECLTD,3186.4526,2.4049,36.8707,91.4695
2026-09-07,15:29,SECMARK,242.798,3.4175,63.61,12.1955
2026-09-07,15:29,SEMAC,267.0468,3.4978,54.8219,-45.7379
2026-09-07,15:29,SENCO,362.8016,2.9852,42.3875,-2.51
2026-09-07,15:29,SENORES,4410.6752,2.9913,40.8834,117.0604
2026-09-07,15:29,SETFNN50,377.4376,0.8574,16.1953,7.5501
2026-09-07,15:29,SETL,1683.3373,3.5058,50.5737,112.1485
2026-09-07,15:29,SFL,725.6032,2.6233,39.141,-12.8247
2026-09-07,15:29,SGFIN,2141.7696,2.7868,41.9038,80.2367
2026-09-07,15:29,SGIL,484.9755,2.5784,40.6829,5.0804
2026-09-07,15:29,SGMART,2862.1017,2.649,1.7e+308,126.3055
2026-09-07,15:29,SHADOWFAX,874.6309,3.2165,1.7e+308,1.7e+308
2026-09-07,15:29,SHAHALLOYS,233.3713,3.3741,52.4299,47.1398
2026-09-07,15:29,SHAILY,8738.8671,3.0656,52.3959,48.8907
2026-09-07,15:29,SHANKARA,277.8378,1.7615,47.3647,-38.8518
2026-09-07,15:29,SHANTIGEAR,1178.02,3.1822,40.2244,14.4799
2026-09-07,15:29,SHANTIGOLD,467.4869,2.7704,46.1917,21.0679
2026-09-07,15:29,SHARDAMOTR,273.8064,1.9756,36.3131,-14.5005
2026-09-07,15:29,SHAREINDIA,213.1537,2.9081,50.968,17.8657
2026-09-07,15:29,SHEMAROO,178.1759,2.6739,44.9714,13.1078
2026-09-07,15:29,SHILCTECH,6269.3351,3.1819,1.7e+308,1.7e+308
2026-09-07,15:29,SHILPAMED,4039.8113,2.9379,41.1444,127.0421
2026-09-07,15:29,SHIVAUM,810.5671,2.8117,1.7e+308,1.7e+308
2026-09-07,15:29,SHOPERSTOP,150.3921,2.6357,38.4378,-29.4526
2026-09-07,15:29,SHREEJISPG,2286.8904,2.4049,1.7e+308,174.0552
2026-09-07,15:29,SHREEPUSHK,1022.0463,2.981,53.6624,55.3477
2026-09-07,15:29,SHRIPISTON,11378.3261,1.9998,38.6948,73.5175
2026-09-07,15:29,SHRIRAMFIN,244.3486,2.0251,35.4915,63.8619
2026-09-07,15:29,SHYAMMETL,1452.1368,1.8427,28.6149,17.9297
2026-09-07,15:29,SICAGEN,234.6117,12.8783,137.2375,262.4149
2026-09-07,15:29,SIEMENS,5861.8813,1.8,30.6669,22.6421
2026-09-07,15:29,SIGMAADV,3542.9283,3.6031,57.5115,370.5939
2026-09-07,15:29,SIGNPOST,373.1585,3.3671,49.349,-7.5789
2026-09-07,15:29,SILINV,229.1541,1.6884,30.929,-18.9127
2026-09-07,15:29,SIMPLEXINF,234.6738,3.2879,54.9824,-11.8951
2026-09-07,15:29,SIS,549.4739,2.0355,29.6385,23.0692
2026-09-07,15:29,SIYSIL,304.5051,2.2179,40.1057,-16.263
2026-09-07,15:29,SJS,4258.7331,2.0809,37.7651,66.5572
2026-09-07,15:29,SKFINDUS,2656.2041,2.245,1.7e+308,1.7e+308
2026-09-07,15:29,SKIPPER,1504.8516,2.6139,40.0401,13.3108
2026-09-07,15:29,SKMEGGPROD,377.4377,4.1181,57.571,45.0353
2026-09-07,15:29,SKYGOLD,2970.6321,3.4144,50.529,179.2383
2026-09-07,15:29,SMARTLINK,530.8067,3.6579,46.4484,41.7945
2026-09-07,15:29,SMARTWORKS,525.5972,2.0653,35.4527,4.4173
2026-09-07,15:29,SMLMAH,17919.2975,4.0096,59.9002,71.1093
2026-09-07,15:29,SMSPHARMA,492.418,2.4753,48.2122,36.6258
2026-09-07,15:29,SOFTTECH,981.735,2.224,43.0051,11.2984
2026-09-07,15:29,SOLARA,1167.787,3.2963,45.987,2.878
2026-09-07,15:29,SOLARINDS,54277.5999,2.0503,32.9095,52.3988
2026-09-07,15:29,SOMANYCERA,915.0664,2.2909,36.648,15.2096
2026-09-07,15:29,SONACOMS,1849.668,1.8208,31.3834,83.9832
2026-09-07,15:29,SONAMLTD,182.3931,3.2075,46.446,40.6511
2026-09-07,15:29,SOTL,2275.7274,4.0894,48.3017,73.4669
2026-09-07,15:29,SOUTHWEST,138.3607,3.1278,54.1015,59.8188
2026-09-07,15:29,SPAL,2393.5604,3.614,50.2745,43.3047
2026-09-07,15:29,SPARC,448.1994,3.87,56.8945,43.8644
2026-09-07,15:29,SPECIALITY,185.6179,2.9781,46.2051,9.0521
2026-09-07,15:29,SPECTRUM,7502.2414,3.8241,55.9636,74.8927
2026-09-07,15:29,SPLPETRO,1371.5142,2.0719,41.6216,1.7884
2026-09-07,15:29,SPORTKING,811.5593,3.2854,47.6423,102.8807
2026-09-07,15:29,SREEL,394.9885,2.2841,29.8257,19.2539
2026-09-07,15:29,SRHHYPOLTD,565.2881,1.9652,32.1726,-11.87
2026-09-07,15:29,SRM,158.7643,2.2031,45.8681,-5.8914
2026-09-07,15:29,SSWL,1023.5346,2.7276,40.7626,52.5472
2026-09-07,15:29,STALLION,166.4546,4.051,75.666,-1.4445
2026-09-07,15:29,STAR,1961.2996,2.3758,38.9422,29.5741
2026-09-07,15:29,STARHEALTH,585.7541,1.3997,23.5797,27.6531
2026-09-07,15:29,STEELCAS,730.4405,2.362,44.7756,53.9204
2026-09-07,15:29,STEL,1126.5456,2.7162,50.8342,13.4842
2026-09-07,15:29,STLTECH,4173.5207,3.4948,62.8013,557.0569
2026-09-07,15:29,STOVEKRAFT,2305.1856,2.3652,45.355,26.245
2026-09-07,15:29,STYL,859.6848,2.9169,1.7e+308,1.7e+308
2026-09-07,15:29,STYLAMIND,7326.7312,2.5256,36.0055,95.2444
2026-09-07,15:29,STYLEBAAZA,514.4341,3.5557,56.7587,7.9146
2026-09-07,15:29,STYRENIX,951.9666,1.9063,31.1218,-20.4954
2026-09-07,15:29,SUDARSCHEM,2143.0104,2.9151,39.8594,-9.4772
2026-09-07,15:29,SUDEEPPHRM,4523.5469,2.9616,1.7e+308,1.7e+308
2026-09-07,15:29,SUMICHEM,438.1527,2.8339,36.0064,-12.0425
2026-09-07,15:29,SUNCLAY,391.3294,2.0086,36.6581,-25.2015
2026-09-07,15:29,SUNDRMBRAK,989.177,3.1153,44.0069,-4.2261
2026-09-07,15:29,SUNDRMFAST,1666.4067,1.6727,26.7428,17.2592
2026-09-07,15:29,SUNDROP,286.8303,1.6199,28.1548,-20.0812
2026-09-07,15:29,SUNFLAG,611.6772,3.2197,43.3853,28.547
2026-09-07,15:29,SUNPHARMA,1766.8749,1.2787,19.5242,17.2213
2026-09-07,15:29,SUPRAJIT,218.6112,1.703,31.7916,6.3729
2026-09-07,15:29,SUPREMEIND,689.0136,1.6543,27.204,-20.6213
2026-09-07,15:29,SUPRIYA,1487.7964,3.87,47.2531,40.3799
2026-09-07,15:29,SURAKSHA,426.0592,2.4858,34.2713,9.2169
2026-09-07,15:29,SUVEN,1475.1451,4.2736,58.8058,67.8983
2026-09-07,15:29,SUYOG,1085.3039,2.2969,45.1656,-8.3604
2026-09-07,15:29,SVLL,971.8122,3.3308,44.5061,5.1248
2026-09-07,15:29,SWANDEF,4201.0566,2.0006,1533.8529,376.7908
2026-09-07,15:29,SWARAJENG,1107.6308,1.1463,25.7205,-15.342
2026-09-07,15:29,SWELECTES,321.2499,2.2623,45.7882,-36.9033
2026-09-07,15:29,SYRMA,5380.317,2.718,44.0286,98.0736
2026-09-07,15:29,TAINWALCHM,224.5648,2.9368,53.2606,-1.4931
2026-09-07,15:29,TALBROAUTO,1090.5753,2.5518,41.6172,44.6566
2026-09-07,15:29,TARIL,387.4845,2.7242,59.3404,-39.8474
2026-09-07,15:29,TARSONS,819.0012,3.9402,50.7901,4.9848
2026-09-07,15:29,TASTYBITE,18881.1875,2.5393,35.2483,6.2681
2026-09-07,15:29,TATACAP,198.7658,1.6532,1.7e+308,1.7e+308
2026-09-07,15:29,TATACOMM,828.5519,2.081,33.929,7.7138
2026-09-07,15:29,TATAINVEST,144.1904,1.5053,43.318,-8.7102
2026-09-07,15:29,TATATECH,907.934,2.5064,32.9046,11.8217
2026-09-07,15:29,TATVA,3755.7724,3.2698,52.5243,66.6798
2026-09-07,15:29,TBOTEK,1995.0992,2.2592,40.1023,9.6932
2026-09-07,15:29,TBZ,2323.6049,5.1637,62.8811,183.0613
2026-09-07,15:29,TCPLPACK,7781.938,3.3901,44.2187,13.962
2026-09-07,15:29,TEJASNET,1629.1961,3.38,58.4166,0.1434
2026-09-07,15:29,TEXINFRA,150.2681,1.6341,25.7274,25.5501
2026-09-07,15:29,TFCILTD,482.247,2.6109,49.959,93.3846
2026-09-07,15:29,THANGAMAYL,14265.2345,3.849,59.8951,150.3087
2026-09-07,15:29,THEJO,2597.9069,2.1039,32.099,14.9776
2026-09-07,15:29,THELEELA,732.1149,1.9953,30.9195,29.5281
2026-09-07,15:29,THEMISMED,335.8861,3.6628,58.0443,8.9666
2026-09-07,15:29,THERMAX,4563.2382,2.6444,35.2197,9.3764
2026-09-07,15:29,THYROCARE,1073.5209,2.5736,40.6531,40.5124
2026-09-07,15:29,TI,749.4799,1.9067,34.6818,13.6267
2026-09-07,15:29,TIIL,7495.4181,2.3017,40.067,27.4821
2026-09-07,15:29,TIINDIA,2161.3053,2.0771,34.6493,-16.9658
2026-09-07,15:29,TIMKEN,423.5789,1.6314,27.5226,2.4059
2026-09-07,15:29,TINNARUBR,2455.2677,3.4271,48.8851,24.0463
2026-09-07,15:29,TIPSMUSIC,743.2784,2.7847,37.9778,7.4894
2026-09-07,15:29,TIRUPATIFL,237.3404,3.6765,58.2004,83.2644
2026-09-07,15:29,TITAGARH,688.7028,2.3633,36.4308,-3.3477
2026-09-07,15:29,TITAN,6261.8933,1.4778,23.1119,39.8415
2026-09-07,15:29,TMB,2142.08,2.5686,37.6913,116.7708
2026-09-07,15:29,TNPETRO,226.8595,2.1945,37.5247,31.3098
2026-09-07,15:29,TNPL,181.0287,1.9768,31.0991,-0.8824
2026-09-07,15:29,TORNTPHARM,5686.3718,1.5418,21.8138,37.7937
2026-09-07,15:29,TRAVELFOOD,1349.4985,2.0755,31.644,0.4298
2026-09-07,15:29,TRENT,2037.2705,2.0944,33.0721,-17.7047
2026-09-07,15:29,TRITURBINE,424.509,2.9513,36.8119,6.9783
2026-09-07,15:29,TRUALT,284.9699,2.1243,1.7e+308,1.7e+308
2026-09-07,15:29,TTKHLTCARE,783.8993,1.9792,28.1418,-8.1952
2026-09-07,15:29,TVSMOTOR,3337.7744,1.7704,28.1106,18.3141
2026-09-07,15:29,TVSSCS,203.479,2.6506,40.4195,-2.3384
2026-09-07,15:29,TVSSRICHAK,8691.1132,2.7184,42.0711,83.1458
2026-09-07,15:29,UCAL,259.4807,2.9788,45.5417,8.0699
2026-09-07,15:29,UDS,406.6478,2.3712,43.9191,-13.6207
2026-09-07,15:29,UEL,657.1361,4.4245,75.198,113.1699
2026-09-07,15:29,UFBL,2940.3053,4.5323,64.8877,169.8732
2026-09-07,15:29,UFLEX,1392.2899,3.0779,41.282,22.9204
2026-09-07,15:29,UNICHEMLAB,1205.3076,4.0469,49.3286,12.5099
2026-09-07,15:29,UNIDT,307.2961,2.0325,37.29,15.9245
2026-09-07,15:29,UNIMECH,3918.8772,3.2225,46.636,38.8765
2026-09-07,15:29,UNIPARTS,2900.8622,2.4334,42.6823,119.1957
2026-09-07,15:29,UNITDSPR,651.1824,1.4578,23.7869,9.9488
2026-09-07,15:29,UNIVASTU,675.9893,2.8801,44.1363,99.4482
2026-09-07,15:29,UNIVCABLES,4808.5164,4.4316,58.8174,107.0713
2026-09-07,15:29,UNIVPHOTO,1992.4942,2.5287,52.1597,96.9025
2026-09-07,15:29,UNOMINDA,599.0876,1.8031,32.8403,-3.0679
2026-09-07,15:29,URBANCO,343.1421,2.8514,1.7e+308,1.7e+308
2026-09-07,15:29,USHAMART,567.7689,1.8649,33.9649,29.193
2026-09-07,15:29,UTLSOLAR,1330.5206,3.2637,1.7e+308,1.7e+308
2026-09-07,15:29,UTTAMSUGAR,444.7886,2.8106,41.9687,7.739
2026-09-07,15:29,VADILALIND,19815.1696,2.4721,38.2308,33.8953
2026-09-07,15:29,VALIANTLAB,316.3506,2.9497,49.839,25.2593
2026-09-07,15:29,VALIANTORG,521.5041,3.0958,53.2605,-10.633
2026-09-07,15:29,VARROC,1583.6133,2.2259,35.8497,37.4865
2026-09-07,15:29,VEDL,192.1298,2.4781,36.3159,64.2861
2026-09-07,15:29,VEEDOL,243.7286,1.3199,25.4412,-18.4831
2026-09-07,15:29,VENKEYS,846.5371,2.1747,37.7903,10.2984
2026-09-07,15:29,VENUSPIPES,4827.432,2.6768,43.2559,34.661
2026-09-07,15:29,VENUSREM,5312.0979,3.3811,53.9629,268.8467
2026-09-07,15:29,VERANDA,280.8766,3.5442,52.8095,6.7594
2026-09-07,15:29,VETO,164.4701,2.4589,36.5679,11.9708
2026-09-07,15:29,VHL,2292.7818,1.6234,32.1095,-8.812
2026-09-07,15:29,VIDHIING,222.9525,2.185,35.9163,-7.0573
2026-09-07,15:29,VIDYAWIRES,270.6438,3.3055,1.7e+308,1.7e+308
2026-09-07,15:29,VIJAYA,3203.507,2.3962,31.8459,43.7554
2026-09-07,15:29,VIMTALABS,1226.7036,2.7362,50.966,-17.543
2026-09-07,15:29,VINCOFE,182.021,2.6788,39.9574,18.8098
2026-09-07,15:29,VINDHYATEL,9724.9432,4.6083,58.0095,85.7325
2026-09-07,15:29,VISAKAIND,183.8195,2.708,37.8727,12.2655
2026-09-07,15:29,VISHNU,1404.6934,2.1693,32.2321,46.6492
2026-09-07,15:29,VIYASH,384.3836,2.7652,43.1421,44.4578
2026-09-07,15:29,VMART,1371.2042,2.0528,40.5618,12.0955
2026-09-07,15:29,VOLTAMP,23225.5041,3.0064,39.9595,51.8107
2026-09-07,15:29,VSSL,649.0118,2.3174,35.3769,29.7125
2026-09-07,15:29,VTL,855.8397,1.9123,36.1676,37.2877
2026-09-07,15:29,WABAG,5816.609,2.9117,40.1813,31.3363
2026-09-07,15:29,WALCHANNAG,241.3716,3.6933,58.4854,4.4764
2026-09-07,15:29,WANBURY,260.4729,3.1836,53.0987,-3.7087
2026-09-07,15:29,WEALTH,142.3299,1.8712,38.4192,-34.2435
2026-09-07,15:29,WELCORP,11543.2921,2.7513,39.7897,195.2998
2026-09-07,15:29,WELENT,1997.8894,2.2692,37.2953,62.8221
2026-09-07,15:29,WELINV,6532.2896,2.8968,54.5917,127.53
2026-09-07,15:29,WELSPUNLIV,549.97,2.436,46.5446,75.064
2026-09-07,15:29,WENDT,9544.4728,2.4338,34.6791,-13.5617
2026-09-07,15:29,WESTLIFE,324.6608,2.727,39.4217,-28.4737
2026-09-07,15:29,WEWORK,595.9867,2.8534,1.7e+308,1.7e+308
2026-09-07,15:29,WHEELS,6113.052,3.4458,44.6486,136.3698
2026-09-07,15:29,WHIRLPOOL,252.4104,1.9812,36.5326,-39.6707
2026-09-07,15:29,WINDLAS,2008.1223,2.4211,35.4708,16.2539
2026-09-07,15:29,WINDMACHIN,347.9175,2.6118,41.8863,3.3966
2026-09-07,15:29,WOCKPHARMA,5297.5232,3.2817,51.9191,45.4545
2026-09-07,15:29,WONDERLA,221.0919,1.6439,29.1296,-18.5609
2026-09-07,15:29,WSTCSTPAPR,1838.5049,2.3662,38.5931,39.8922
2026-09-07,15:29,XPROINDIA,2587.9847,3.5503,50.7814,10.1674
2026-09-07,15:29,YASHO,17322.0715,4.351,59.7813,125.5288
2026-09-07,15:29,YATHARTH,2385.4978,2.019,37.7971,29.1529
2026-09-07,15:29,YUKEN,1470.4316,2.2559,37.0894,1.1263
2026-09-07,15:29,ZENTEC,2842.2555,2.647,38.3489,21.134
2026-09-07,15:29,ZIMLAB,353.1269,3.0453,50.8816,70.0145
2026-09-07,15:29,ZYDUSLIFE,1729.0445,1.6829,23.6379,10.7346
2026-09-07,15:29,ZYDUSWELL,714.1298,2.3337,40.308,9.4501
2026-09-08,15:29,20MICRONS,289.8071,2.6861,42.1155,-3.2218
2026-09-08,15:29,63MOONS,1480.0446,3.0478,52.0126,-7.7899
2026-09-08,15:29,AAREYDRUGS,209.2466,2.4935,51.3659,33.5377
2026-09-08,15:29,AARTIDRUGS,250.2401,1.7458,32.1095,-17.2962
2026-09-08,15:29,AARTIIND,824.831,2.4038,37.228,29.3529
2026-09-08,15:29,AARTIPHARM,807.4662,3.1846,45.2697,-6.4069
2026-09-08,15:29,AARTISURF,800.9543,3.6887,50.823,12.5914
2026-09-08,15:29,ABB,12093.3866,2.0153,29.678,40.7423
2026-09-08,15:29,ABCAPITAL,420.1677,1.9694,32.0604,36.175
2026-09-08,15:29,ABDL,640.0193,2.4203,41.1221,8.9426
2026-09-08,15:29,ABREL,857.0797,2.27,38.7084,-23.6492
2026-09-08,15:29,ABSLAMC,1724.7032,2.2715,36.7095,22.5049
2026-09-08,15:29,ACE,1450.586,2.1884,35.8097,0.2056
2026-09-08,15:29,ACMESOLAR,1184.2837,2.2776,38.1062,29.4228
2026-09-08,15:29,ACUTAAS,8414.5167,2.5997,44.6912,120.6574
2026-09-08,15:29,ADANIENSOL,3485.0657,2.3716,40.2487,69.6228
2026-09-08,15:29,ADANIENT,6265.6149,2.1138,35.6859,23.4574
2026-09-08,15:29,ADANIGREEN,3009.0827,2.3302,43.794,31.6084
2026-09-08,15:29,ADANIPORTS,2264.2539,1.6003,28.9146,22.7478
2026-09-08,15:29,ADANIPOWER,468.5411,2.1639,43.4353,60.6661
2026-09-08,15:29,ADFFOODS,627.9879,3.0682,47.9744,18.8708
2026-09-08,15:29,ADOR,3522.5865,2.3823,38.024,65.3903
2026-09-08,15:29,ADVAIT,4384.6271,3.0167,1.7e+308,1.7e+308
2026-09-08,15:29,ADVENZYMES,166.5167,2.5735,38.8018,-11.7656
2026-09-08,15:29,AEGISLOG,3530.6486,3.578,47.1924,80.5767
2026-09-08,15:29,AEGISVOPAK,347.4212,3.1132,47.2034,17.6292
2026-09-08,15:29,AEQUS,604.4833,3.8722,1.7e+308,1.7e+308
2026-09-08,15:29,AEROENTER,466.3086,3.4586,52.5618,77.3144
2026-09-08,15:29,AEROFLEX,2464.198,4.4679,58.8056,226.0375
2026-09-08,15:29,AETHER,3952.9871,2.2889,38.6872,124.0267
2026-09-08,15:29,AGARWALEYE,475.3633,1.7343,28.0824,19.857
2026-09-08,15:29,AGI,1093.9861,2.8685,42.2864,-6.5626
2026-09-08,15:29,AGIIL,139.8491,2.8047,53.1258,16.6681
2026-09-08,15:29,AHLWEST,2237.8967,3.5982,53.2016,119.315
2026-09-08,15:29,AIAENG,1628.5767,1.7678,30.0188,37.9255
2026-09-08,15:29,AIIL,201.5564,2.9771,50.6179,-16.0712
2026-09-08,15:29,AJANTPHARM,4789.6016,1.7379,25.7151,38.781
2026-09-08,15:29,AJAXENGG,418.6172,2.229,37.3005,-8.7334
2026-09-08,15:29,AKSHARCHEM,1408.1043,3.5066,49.1343,66.9434
2026-09-08,15:29,AKUMS,1807.4961,2.1556,32.5722,59.4372
2026-09-08,15:29,ALBERTDAVD,949.4857,2.2947,32.3278,5.0794
2026-09-08,15:29,ALIVUS,2835.7441,2.0879,30.3014,46.4404
2026-09-08,15:29,ALKYLAMINE,2637.5982,2.9151,40.2785,-2.9499
2026-09-08,15:29,ALPHAGEO,686.9664,3.9502,53.1029,21.9844
2026-09-08,15:29,AMAGI,1296.1632,3.2826,1.7e+308,1.7e+308
2026-09-08,15:29,AMANTA,614.282,2.8449,1.7e+308,44.3197
2026-09-08,15:29,AMBER,8155.2838,2.5078,39.98,-7.9133
2026-09-08,15:29,AMBIKCO,2451.5468,2.2906,35.3675,8.1301
2026-09-08,15:29,ANANDRATHI,4842.006,1.1395,21.7867,49.7766
2026-09-08,15:29,ANANTRAJ,587.9246,2.7338,46.0791,17.3542
2026-09-08,15:29,ANDHRSUGAR,183.0133,3.0725,38.0757,30.7265
2026-09-08,15:29,ANGELONE,413.6558,2.3747,42.0167,34.0953
2026-09-08,15:29,ANTELOPUS,3530.3386,3.9094,67.8636,99.2838
2026-09-08,15:29,ANTHEM,2294.3326,1.6744,29.7519,14.913
2026-09-08,15:29,AONELIQUID,189.2764,0.012,0.2049,4.9329
2026-09-08,15:29,APARINDS,59378.5283,2.9074,45.9157,104.3453
2026-09-08,15:29,APCOTEXIND,1531.2089,3.408,43.0197,46.5876
2026-09-08,15:29,APEX,551.6446,3.0734,67.207,61.6799
2026-09-08,15:29,APLAPOLLO,844.057,1.6801,26.8859,28.2804
2026-09-08,15:29,APLLTD,138.6087,1.7503,27.1482,-14.58
2026-09-08,15:29,APOLLO,1053.675,3.6945,58.8,29.6417
2026-09-08,15:29,APOLLOHOSP,11718.1816,1.0939,18.0547,12.2293
2026-09-08,15:29,APOLLOPIPE,2051.8446,2.906,48.0767,51.6286
2026-09-08,15:29,ARIES,1041.5816,2.6992,44.1492,15.324
2026-09-08,15:29,ARIHANT,5462.4896,217.809,2177.0741,3331.1568
2026-09-08,15:29,ARMANFIN,3224.2831,2.7507,41.849,42.3829
2026-09-08,15:29,ARROWGREEN,2268.5954,3.0342,52.2109,41.354
2026-09-08,15:29,ARTEMISMED,592.4518,2.2097,35.731,43.0274
2026-09-08,15:29,ARVEE,209.2466,3.3119,66.6588,20.8911
2026-09-08,15:29,ARVIND,1557.2559,2.6098,40.2772,77.8917
2026-09-08,15:29,ARVSMART,603.1189,1.8845,33.2559,0.9945
2026-09-08,15:29,ASAHISONG,1031.783,3.1561,50.1217,34.2449
2026-09-08,15:29,ASHIANA,372.4142,1.9893,31.9724,10.4625
2026-09-08,15:29,ASIANENE,1889.6691,3.3565,50.4159,55.7322
2026-09-08,15:29,ASIANHOTNR,652.4228,2.9833,47.1357,26.6386
2026-09-08,15:29,ASIANPAINT,772.737,1.2531,24.2038,-2.5409
2026-09-08,15:29,ASKAUTOLTD,1070.73,2.755,37.2007,18.3034
2026-09-08,15:29,ASPINWALL,258.6744,2.1685,41.208,-5.0439
2026-09-08,15:29,ASTEC,578.622,3.2393,59.8201,-22.074
2026-09-08,15:29,ASTERDM,1364.0717,1.6789,29.2615,25.0455
2026-09-08,15:29,ASTRAL,229.4643,1.9365,30.6128,2.7171
2026-09-08,15:29,ASTRAMICRO,4986.1967,2.7919,42.0584,61.8289
2026-09-08,15:29,ATGL,567.4589,2.4743,47.5255,0.6275
2026-09-08,15:29,ATHERENERG,5904.0534,3.0942,50.5897,190.8488
2026-09-08,15:29,ATLANTAELE,7479.2949,3.4128,1.7e+308,1.7e+308
2026-09-08,15:29,ATUL,1975.2531,1.469,25.3646,-1.2125
2026-09-08,15:29,ATULAUTO,385.7479,2.3518,47.2809,-12.5405
2026-09-08,15:29,AUBANK,583.5833,1.642,29.5387,51.9423
2026-09-08,15:29,AUROPHARMA,3224.2831,1.6531,26.5991,54.6053
2026-09-08,15:29,AURUM,310.4589,1.9465,35.6805,32.955
2026-09-08,15:29,AUSOMENT,271.326,2.5045,51.6366,51.7033
2026-09-08,15:29,AVADHSUGAR,3100.8684,2.9724,43.4143,87.6473
2026-09-08,15:29,AVALON,8800.2648,3.6195,53.9793,136.3327
2026-09-08,15:29,AVANTIFEED,354.1194,2.4579,55.8265,17.0839
2026-09-08,15:29,AVL,722.1921,1.8005,32.6321,24.1867
2026-09-08,15:29,AVTNPL,153.7411,2.3972,33.5312,18.554
2026-09-08,15:29,AXISCADES,4188.0324,2.7215,48.6928,17.0815
2026-09-08,15:29,AYMSYNTEX,1023.0385,3.2468,46.0646,71.3506
2026-09-08,15:29,AZAD,8469.7123,3.0164,41.9149,76.2381
2026-09-08,15:29,BAFNAPH,1183.6014,3.3084,53.8604,162.7871
2026-09-08,15:29,BAJAJ-AUTO,14763.2343,1.5006,23.1296,32.0073
2026-09-08,15:29,BAJAJCON,1242.8278,3.0442,50.6695,129.5909
2026-09-08,15:29,BAJAJFINSV,181.7104,1.4751,24.1229,-6.8893
2026-09-08,15:29,BAJAJHLDNG,3255.9118,1.499,28.8763,-16.3879
2026-09-08,15:29,BAJEL,169.1834,2.2312,43.0724,-9.5557
2026-09-08,15:29,BAJFINANCE,941.1135,1.7725,30.2044,5.0685
2026-09-08,15:29,BALAMINES,8369.863,4.2287,54.8754,64.5003
2026-09-08,15:29,BALPHARMA,155.7256,2.9473,39.6461,5.6023
2026-09-08,15:29,BALRAMCHIN,1789.8213,3.1369,40.8335,37.8646
2026-09-08,15:29,BALUFORGE,752.581,3.147,51.3573,-20.875
2026-09-08,15:29,BANARISUG,1009.0238,2.1709,25.0012,0.2276
2026-09-08,15:29,BANCOINDIA,202.1765,2.0862,46.0621,1.6502
2026-09-08,15:29,BANDHANBNK,142.764,2.8246,41.2588,4.0699
2026-09-08,15:29,BANSALWIRE,299.2338,2.5068,38.0303,-10.8816
2026-09-08,15:29,BASF,862.6622,1.9992,29.897,-17.9221
2026-09-08,15:29,BBETF0432,274.2406,0.2622,3.8568,4.713
2026-09-08,15:29,BBOX,1650.9024,3.0201,45.4682,71.6544
2026-09-08,15:29,BBTCL,261.2171,2.7188,39.9773,13.7562
2026-09-08,15:29,BELRISE,385.1899,2.2132,38.6659,57.4617
2026-09-08,15:29,BEML,2592.3267,2.0829,39.4995,-4.7326
2026-09-08,15:29,BEPL,318.5832,2.6929,34.6814,27.2485
2026-09-08,15:29,BETA,4571.3007,4.0951,1.7e+308,1.7e+308
2026-09-08,15:29,BFINVEST,478.1539,2.524,36.6924,-3.0619
2026-09-08,15:29,BHAGCHEM,261.6512,2.8454,44.7278,-3.2674
2026-09-08,15:29,BHAGERIA,948.8656,3.4286,50.6964,64.503
2026-09-08,15:29,BHAGYANGR,1394.3984,3.8329,62.7283,320.2036
2026-09-08,15:29,BHARATBOND-APR30,326.5829,0.1226,1.7192,4.7451
2026-09-08,15:29,BHARATBOND-APR31,280.1948,0.1452,1.9694,4.3453
2026-09-08,15:29,BHARATBOND-APR32,238.0848,0.1545,2.1302,3.8426
2026-09-08,15:29,BHARATBOND-APR33,209.3086,0.1632,2.2588,3.4168
2026-09-08,15:29,BHARATFORG,3882.9072,1.7467,30.6641,63.8348
2026-09-08,15:29,BHARATSE,528.6981,3.3685,61.5595,34.4217
2026-09-08,15:29,BHEL,1054.6053,2.2263,36.3331,84.5707
2026-09-08,15:29,BIL,841.2654,2.3449,43.0216,8.1126
2026-09-08,15:29,BIOCON,149.4617,1.5446,25.4687,7.4206
2026-09-08,15:29,BIRLACABLE,1281.0307,3.8708,53.6467,106.4128
2026-09-08,15:29,BLACKBUCK,146.6712,2.1848,39.9691,-8.2046
2026-09-08,15:29,BLISSGVS,3422.1183,3.5074,59.8275,373.7015
2026-09-08,15:29,BLSE,1006.8519,2.3722,43.7248,69.1528
2026-09-08,15:29,BLUEJET,1063.2878,2.8229,48.4224,-18.8925
2026-09-08,15:29,BLUESTONE,2741.1676,3.2576,1.7e+308,35.2905
2026-09-08,15:29,BLUSPRING,402.7408,4.4845,57.1077,56.2705
2026-09-08,15:29,BODALCHEM,848.5836,4.0636,51.769,180.9066
2026-09-08,15:29,BOSCH-HCIL,2665.5067,2.2647,36.323,3.3946
2026-09-08,15:29,BOSCHLTD,78482.9783,1.5881,28.4736,22.3142
2026-09-08,15:29,BRIGADE,821.358,2.6548,36.4351,-3.133
2026-09-08,15:29,BSE,5059.9964,1.9822,39.8113,54.1886
2026-09-08,15:29,BUILDPRO,3577.7817,2.9119,1.7e+308,1.7e+308
2026-09-08,15:29,CALSOFT,142.3919,4.779,64.7376,144.5473
2026-09-08,15:29,CAMS,331.1729,1.9035,29.641,-5.4758
2026-09-08,15:29,CAPLIPOINT,5954.9081,2.4399,33.9073,23.3568
2026-09-08,15:29,CARBORUNIV,1943.6244,2.3191,36.2664,10.3514
2026-09-08,15:29,CARERATING,713.8197,1.8639,30.4963,6.7812
2026-09-08,15:29,CARRARO,289.3108,2.1712,43.9157,18.4546
2026-09-08,15:29,CARTRADE,3667.0872,3.3506,55.8879,35.8609
2026-09-08,15:29,CARYSIL,2227.9739,2.7028,45.1086,22.4944
2026-09-08,15:29,CASHIETF,189.9592,0.0125,0.2105,4.9354
2026-09-08,15:29,CCL,982.6649,1.8977,32.4763,27.3772
2026-09-08,15:29,CDSL,1052.4344,1.6806,31.3898,-9.432
2026-09-08,15:29,CEIGALL,612.4215,2.2491,31.3535,39.1477
2026-09-08,15:29,CEMPRO,4050.3541,4.1088,53.5137,64.1566
2026-09-08,15:29,CENTENKA,957.5483,2.9331,36.4624,15.8019
2026-09-08,15:29,CENTUM,12360.0613,3.1137,50.406,58.4639
2026-09-08,15:29,CERA,4451.6054,1.991,27.9861,-8.8659
2026-09-08,15:29,CGCL,647.1513,2.4215,34.7132,45.5332
2026-09-08,15:29,CGPOWER,1946.1049,2.1896,34.0917,15.9537
2026-09-08,15:29,CHALET,257.6821,1.6831,28.7481,-12.1403
2026-09-08,15:29,CHEMBOND,309.1566,3.198,51.443,7.7963
2026-09-08,15:29,CHEMBONDCH,713.0758,3.6131,60.9488,35.1794
2026-09-08,15:29,CHEMCON,193.2461,2.8501,48.0331,-12.6267
2026-09-08,15:29,CHENNPETRO,3876.7059,3.1863,50.6657,98.3806
2026-09-08,15:29,CHEVIOT,1273.8365,2.1346,28.0921,1.023
2026-09-08,15:29,CHOLAFIN,1512.6037,2.0197,33.0852,20.5713
2026-09-08,15:29,CIPLA,341.7155,1.4789,21.1629,-12.1047
2026-09-08,15:29,CLCIND,287.3265,21.9404,224.2397,1679.2727
2026-09-08,15:29,CLSEL,407.4541,2.8378,43.2786,9.1802
2026-09-08,15:29,CNL,2933.7311,3.3424,1.7e+308,1.7e+308
2026-09-08,15:29,CNXENERGY,25037.3317,0.7885,15.7557,9.0245
2026-09-08,15:29,CNXINFRA,1368.7245,0.7379,14.8716,0.772
2026-09-08,15:29,CNXMIDCAP,35939.0643,0.7886,16.3872,8.0523
2026-09-08,15:29,CNXMNC,14152.0604,0.8095,14.3842,6.0186
2026-09-08,15:29,CNXNIFTYJUNIOR,40870.0749,0.8769,16.7731,6.9752
2026-09-08,15:29,CNXPHARMA,33151.3837,0.8235,13.7011,20.3194
2026-09-08,15:29,CNXREALTY,783.8993,1.5948,26.047,0.8707
2026-09-08,15:29,CNXSMALLCAP,23043.1706,0.9153,17.9603,11.917
2026-09-08,15:29,COFORGE,1827.0315,2.7488,38.7315,10.5442
2026-09-08,15:29,COHANCE,506.682,3.5755,51.2763,-53.9372
2026-09-08,15:29,COMSYN,848.5217,4.1036,49.9415,95.2332
2026-09-08,15:29,CONCORDBIO,2052.7749,2.5807,40.3248,-10.2807
2026-09-08,15:29,CONFIPET,315.7304,3.4888,60.5648,68.0041
2026-09-08,15:29,CONSOFINVT,955.1295,2.2532,41.6397,62.7865
2026-09-08,15:29,CORDSCABLE,1308.1323,4.1351,53.0063,112.1152
2026-09-08,15:29,CORONA,3997.0193,2.0023,1.7e+308,1.7e+308
2026-09-08,15:29,COSMOFIRST,2060.8374,2.351,40.1025,-1.6125
2026-09-08,15:29,CPCAP,235.2939,2.9802,43.9217,-6.2901
2026-09-08,15:29,CPPLUS,15115.4932,2.8197,45.1288,166.8153
2026-09-08,15:29,CRAFTSMAN,24859.6617,2.1081,35.8774,70.4041
2026-09-08,15:29,CREDITACC,891.8093,2.5268,39.5453,9.6318
2026-09-08,15:29,CRISIL,537.071,1.646,27.3682,-4.9328
2026-09-08,15:29,CUMMINSIND,6320.1905,1.7923,28.152,25.0496
2026-09-08,15:29,CUPID,1200.098,3.1193,57.5624,592.8895
2026-09-08,15:29,CYIENTDLM,3762.9038,3.1492,45.2925,113.9726
2026-09-08,15:29,DALMIASUG,1093.0561,3.1536,44.2831,21.4045
2026-09-08,15:29,DATAMATICS,191.9438,2.1627,42.2648,-19.569
2026-09-08,15:29,DATAPATTNS,15264.9542,3.4021,50.6466,81.9365
2026-09-08,15:29,DBOL,148.0975,2.3602,44.7398,49.5376
2026-09-08,15:29,DCBBANK,301.2804,2.0993,39.5506,80.6627
2026-09-08,15:29,DCI,483.9215,3.5596,55.7104,25.6266
2026-09-08,15:29,DCMNVL,296.9392,3.2307,46.9175,14.9373
2026-09-08,15:29,DEEDEV,3181.6148,3.3409,54.1678,143.3154
2026-09-08,15:29,DEEPAKFERT,2205.9578,2.2182,41.1723,-3.9123
2026-09-08,15:29,DEEPAKNTR,357.8407,1.9507,28.8936,-5.8185
2026-09-08,15:29,DEEPINDS,2826.4415,2.9872,46.4233,53.5734
2026-09-08,15:29,DENORA,1460.509,2.6338,41.889,-2.921
2026-09-08,15:29,DHAMPURSUG,336.5062,2.6222,38.7297,25.05
2026-09-08,15:29,DHARMAJ,208.8125,1.8101,34.9447,-21.4244
2026-09-08,15:29,DIACABS,1342.9861,3.4243,47.024,123.4665
2026-09-08,15:29,DIAMONDYD,252.4111,2.3371,34.0154,7.3938
2026-09-08,15:29,DICIND,488.6968,2.5252,37.0248,10.3561
2026-09-08,15:29,DIFFNKG,1275.8833,3.2581,48.513,12.9835
2026-09-08,15:29,DIVGIITTS,3672.6689,3.0657,45.1724,82.7162
2026-09-08,15:29,DIVISLAB,21823.9116,1.5693,24.1963,58.8816
2026-09-08,15:29,DIXON,24211.5802,2.2774,38.9937,-22.1124
2026-09-08,15:29,DLF,382.9572,1.8903,29.6417,-10.9837
2026-09-08,15:29,DLINKINDIA,247.4493,1.8472,32.9439,-8.4332
2026-09-08,15:29,DMART,660.485,1.5129,24.4517,-19.4169
2026-09-08,15:29,DMCC,386.3061,2.962,48.6738,-4.0159
2026-09-08,15:29,DOLPHIN,1628.5761,2.9766,54.833,71.2951
2026-09-08,15:29,DPABHUSHAN,1036.3101,3.2828,44.903,-8.829
2026-09-08,15:29,DSSL,828.2415,3.9528,55.3394,9.9808
2026-09-08,15:29,DVL,229.7743,2.1208,40.6372,-16.8659
2026-09-08,15:29,DYCL,1040.9615,4.3469,59.0992,6.9298
2026-09-08,15:29,DYNAMATECH,20112.2322,2.7899,45.5922,71.9843
2026-09-08,15:29,E2E,2406.0256,3.6369,58.3918,100.2529
2026-09-08,15:29,EBBETF0430,379.6081,0.1901,2.9827,5.1328
2026-09-08,15:29,EBBETF0431,285.404,0.2475,3.9059,4.8105
2026-09-08,15:29,EBBETF0433,267.7906,0.2452,4.2254,4.5928
2026-09-08,15:29,EBGNG,2531.549,3.8132,54.1589,87.3134
2026-09-08,15:29,EDELWEISS,226.9216,2.4776,40.8987,20.3086
2026-09-08,15:29,EICHERMOT,5321.0901,1.436,26.9346,12.6909
2026-09-08,15:29,EIEL,150.33,2.8844,47.6502,-22.6646
2026-09-08,15:29,EIMCOELECO,3308.0058,2.6531,52.7736,2.884
2026-09-08,15:29,ELECON,164.346,2.6768,45.3651,-29.8668
2026-09-08,15:29,ELECTHERM,1145.4605,4.6583,62.5782,-6.7434
2026-09-08,15:29,ELGIEQUIP,1236.9365,1.8197,33.4657,36.353
2026-09-08,15:29,ELIQUID,184.7496,0.0119,1.7e+308,1.7e+308
2026-09-08,15:29,ELLEN,386.3681,3.1036,48.8432,-41.3677
2026-09-08,15:29,EMAMIPAP,221.34,3.1552,47.066,15.1766
2026-09-08,15:29,EMCURE,2731.865,1.9363,32.5906,42.7682
2026-09-08,15:29,EMIL,597.5374,3.1751,47.2082,24.9631
2026-09-08,15:29,EMKAY,145.1207,3.6516,63.2725,18.5916
2026-09-08,15:29,EMMVEE,861.4212,2.9851,1.7e+308,1.7e+308
2026-09-08,15:29,EMSLIMITED,254.2712,3.7155,55.3539,-32.0158
2026-09-08,15:29,ENDURANCE,1861.1418,1.8257,31.0205,-4.5937
2026-09-08,15:29,ENGINERSIN,685.354,2.6456,42.4221,33.7165
2026-09-08,15:29,ENRIN,4509.2834,2.8213,38.5797,-5.5014
2026-09-08,15:29,ENTERO,4323.2313,2.6608,39.709,60.4401
2026-09-08,15:29,EPACKPEB,229.4643,3.5601,1.7e+308,1.7e+308
2026-09-08,15:29,EPIGRAL,1397.2516,2.659,41.0649,-33.3968
2026-09-08,15:29,EPL,340.5374,2.2081,33.1886,10.3353
2026-09-08,15:29,ESABINDIA,3290.0213,2.161,30.742,18.9258
2026-09-08,15:29,ETERNAL,322.8005,1.8347,33.0926,0.0622
2026-09-08,15:29,ETHOSLTD,1552.295,2.4801,37.2917,16.4895
2026-09-08,15:29,EVEREADY,176.1293,2.2419,35.9617,-20.3175
2026-09-08,15:29,EXCELINDUS,390.0894,2.3465,35.3382,-13.313
2026-09-08,15:29,EXICOM,522.1242,4.7326,60.1265,25.3969
2026-09-08,15:29,EXIDEIND,629.4763,2.1347,30.0725,-0.0956
2026-09-08,15:29,FAZE3Q,796.9232,2.5579,62.7029,-3.7732
2026-09-08,15:29,FCL,224.2548,4.5391,60.4181,146.6864
2026-09-08,15:29,FEDERALBNK,366.2125,1.454,25.9579,77.0683
2026-09-08,15:29,FILATEX,179.4163,3.2323,45.841,36.8911
2026-09-08,15:29,FINCABLES,3601.969,3.3199,42.1741,53.8271
2026-09-08,15:29,FINEORG,6385.9295,1.6395,29.5211,8.6461
2026-09-08,15:29,FIVESTAR,433.5015,2.2225,39.9411,-3.025
2026-09-08,15:29,FLUOROCHEM,10583.8845,1.9163,31.885,25.8605
2026-09-08,15:29,FMGOETZE,267.2949,3.0908,45.4162,-17.3201
2026-09-08,15:29,FORTIS,466.3707,1.3769,26.0425,-6.3918
2026-09-08,15:29,FOSECOIND,10600.0096,2.5939,43.9158,-0.2618
2026-09-08,15:29,FUSION,143.1981,3.1595,45.2331,8.5294
2026-09-08,15:29,GABRIEL,2913.8859,2.8478,49.5306,12.8563
2026-09-08,15:29,GAEL,184.1296,2.3901,36.0666,50.7615
2026-09-08,15:29,GALAPREC,1320.6599,3.3146,44.3815,27.7737
2026-09-08,15:29,GALAXYSURF,2622.7139,2.7275,35.6702,-5.7428
2026-09-08,15:29,GALLANTT,278.7681,2.8154,55.457,-18.3292
2026-09-08,15:29,GANDHAR,751.5264,3.7832,48.9588,81.8777
2026-09-08,15:29,GANDHITUBE,1194.4547,2.0214,41.0971,-5.936
2026-09-08,15:29,GANECOS,2028.2783,2.6188,50.3658,-21.1519
2026-09-08,15:29,GANESHBE,369.0654,3.241,45.1798,36.3636
2026-09-08,15:29,GARFIBRES,1144.2204,2.5505,37.8694,5.3705
2026-09-08,15:29,GARUDA,163.7879,2.8795,56.1297,-9.7695
2026-09-08,15:29,GCSL,1876.3354,2.6709,1.7e+308,113.3559
2026-09-08,15:29,GEECEE,385.4379,2.1184,39.2566,-3.1665
2026-09-08,15:29,GENUSPOWER,389.7792,2.4087,41.5642,3.0579
2026-09-08,15:29,GESHIP,1183.9117,2.5423,35.1323,39.496
2026-09-08,15:29,GHCLTEXTIL,357.6542,2.6446,40.2071,62.7328
2026-09-08,15:29,GIPCL,398.2136,2.1582,35.9545,7.6725
2026-09-08,15:29,GKENERGY,177.8038,2.8322,1.7e+308,1.7e+308
2026-09-08,15:29,GKSL,434.4317,2.1574,1.7e+308,1.7e+308
2026-09-08,15:29,GLAND,6976.9538,2.6273,32.8628,46.413
2026-09-08,15:29,GLAXO,3223.6631,1.6856,25.2924,5.5588
2026-09-08,15:29,GLENMARK,3314.8283,1.7031,26.8879,16.0375
2026-09-08,15:29,GLOBAL,256.3798,2.625,44.0484,98.0914
2026-09-08,15:29,GMMPFAUDLR,1920.3676,2.468,34.3973,12.3328
2026-09-08,15:29,GNA,1255.8519,2.9137,46.2466,78.1139
2026-09-08,15:29,GNFC,802.1945,2.1165,30.4286,16.5496
2026-09-08,15:29,GOCLCORP,1099.2578,2.8097,45.5038,23.6973
2026-09-08,15:29,GODREJAGRO,957.2379,1.7344,30.8653,-8.2414
2026-09-08,15:29,GODREJIND,1016.7748,3.3097,41.4165,-5.5092
2026-09-08,15:29,GODREJPROP,2417.4365,2.0785,35.3238,-4.6175
2026-09-08,15:29,GOKEX,1067.0087,2.3198,57.0592,2.1374
2026-09-08,15:29,GOKULAGRO,458.3703,2.1795,44.6959,28.8834
2026-09-08,15:29,GOLDIAM,200.6262,2.9907,54.0037,-15.2912
2026-09-08,15:29,GPTHEALTH,199.7579,1.73,25.9372,5.0395
2026-09-08,15:29,GRANULES,2126.8853,1.6458,29.2268,67.5587
2026-09-08,15:29,GRAPHITE,861.4214,2.2444,39.9749,37.6547
2026-09-08,15:29,GRASIM,3530.0282,1.371,22.7357,18.0157
2026-09-08,15:29,GRAVITA,747.3093,2.0881,36.4335,1.5575
2026-09-08,15:29,GREAVESCOT,181.4628,3.0764,44.4894,-10.413
2026-09-08,15:29,GREENPLY,455.5796,2.4139,39.7595,-6.101
2026-09-08,15:29,GRINDWELL,2503.0215,2.821,35.776,17.2439
2026-09-08,15:29,GROBTEA,438.4629,2.0756,39.3158,-1.8991
2026-09-08,15:29,GROWW,168.3151,2.2999,1.7e+308,1.7e+308
2026-09-08,15:29,GROWWDEFNC,142.764,1.2533,24.7105,24.2326
2026-09-08,15:29,GRPLTD,1967.8114,2.4814,42.1945,-7.8757
2026-09-08,15:29,GRWRHITECH,24943.3851,2.8418,55.2963,110.0105
2026-09-08,15:29,GUFICBIO,857.7001,2.4822,35.2,19.2417
2026-09-08,15:29,GUJALKALI,1686.5624,2.4842,39.8156,18.0989
2026-09-08,15:29,GUJTHEM,797.2332,3.3869,50.9639,20.114
2026-09-08,15:29,GULFPETRO,201.3704,2.8763,40.3715,56.1624
2026-09-08,15:29,GULPOLY,346.367,2.6604,42.0028,12.6408
2026-09-08,15:29,GVPIL,2255.2617,3.4821,61.2173,79.2651
2026-09-08,15:29,GVT&D,9342.2956,2.952,44.5016,70.3608
2026-09-08,15:29,HAL,4057.1774,1.5685,27.2087,6.0161
2026-09-08,15:29,HALDER,173.6486,2.6907,1.7e+308,1.7e+308
2026-09-08,15:29,HALEOSLABS,1294.3022,3.093,41.873,20.7958
2026-09-08,15:29,HAPPYFORGE,7422.2388,2.3066,35.8699,138.1018
2026-09-08,15:29,HARRMALAYA,160.8731,2.7958,36.8291,-9.5274
2026-09-08,15:29,HARSHA,620.4837,2.1501,31.4019,14.6647
2026-09-08,15:29,HATSUN,1904.5532,2.047,35.5271,32.0328
2026-09-08,15:29,HCG,603.4289,1.9772,31.0696,1.7983
2026-09-08,15:29,HDFCLIQUID,187.7888,0.012,0.2002,4.8175
2026-09-08,15:29,HDFCSML250,193.7423,0.8934,17.1409,7.9188
2026-09-08,15:29,HEALTHIETF,186.1142,0.799,13.6108,13.2807
2026-09-08,15:29,HERITGFOOD,179.2302,1.9497,34.6078,-21.562
2026-09-08,15:29,HESTERBIO,5000.4606,3.6056,42.6012,11.2962
2026-09-08,15:29,HFCL,1146.8251,3.7249,49.9805,243.4128
2026-09-08,15:29,HIKAL,346.677,3.5517,48.5692,-4.4436
2026-09-08,15:29,HINDALCO,625.135,1.6526,28.5972,33.1047
2026-09-08,15:29,HINDOILEXP,232.8752,2.6291,46.4415,14.85
2026-09-08,15:29,HINDZINC,157.5243,2.1435,40.1941,28.6316
2026-09-08,15:29,HIRECT,4096.8675,3.5164,55.7244,53.5622
2026-09-08,15:29,HITECHCORP,1133.9876,3.6196,51.0746,64.641
2026-09-08,15:29,HMT,148.3456,2.3016,37.8764,8.2486
2026-09-08,15:29,HNDFDS,1019.8757,1.7647,27.0373,17.1442
2026-09-08,15:29,HOMEFIRST,731.8049,2.0011,36.908,-5.043
2026-09-08,15:29,HONASA,1240.6574,1.8702,31.2101,58.8952
2026-09-08,15:29,HONAUT,13147.6819,2.3197,30.3401,-5.8539
2026-09-08,15:29,HSCL,1396.0112,2.7545,35.51,42.7826
2026-09-08,15:29,HUHTAMAKI,418.3691,2.7177,40.3158,10.1542
2026-09-08,15:29,HYUNDAI,276.5981,1.6901,29.1691,-13.305
2026-09-08,15:29,IBMFNIFTY,163.7258,0.9924,18.7237,9.1115
2026-09-08,15:29,ICDSLTD,139.291,4.3657,68.9797,33.0004
2026-09-08,15:29,ICICIAMC,532.7286,1.815,1.7e+308,1.7e+308
2026-09-08,15:29,ICICIBANK,404.3537,1.1339,19.2919,-1.2908
2026-09-08,15:29,ICICINIFTY,226.5494,0.5775,9.4792,21.3359
2026-09-08,15:29,ICIL,1372.8785,3.5167,62.3375,58.4821
2026-09-08,15:29,IDEAFORGE,2079.4424,4.0703,56.5914,49.8116
2026-09-08,15:29,IFBIND,1178.33,2.5699,44.0662,-13.7438
2026-09-08,15:29,IFCI,218.1771,3.9906,54.3079,73.5245
2026-09-08,15:29,IGPL,1478.494,2.3431,38.6365,34.5804
2026-09-08,15:29,IIFL,944.2144,2.5888,40.5969,44.5173
2026-09-08,15:29,IIFLCAPS,219.5414,1.3004,40.4517,15.7967
2026-09-08,15:29,IKIO,413.2837,4.0096,54.6868,-2.177
2026-09-08,15:29,IKS,1298.6438,2.1399,34.1192,15.5319
2026-09-08,15:29,IMFA,881.2666,2.4853,49.9328,26.741
2026-09-08,15:29,IMPAL,507.9224,2.1547,26.7185,12.1172
2026-09-08,15:29,INDGN,674.7491,1.6991,27.504,2.4607
2026-09-08,15:29,INDHOTEL,345.4368,1.4295,25.137,-7.4193
2026-09-08,15:29,INDIGO,2545.8129,1.9927,33.8007,-12.7019
2026-09-08,15:29,INDIGOPNTS,674.1292,2.0028,35.2387,-0.5408
2026-09-08,15:29,INDIQUBE,180.4085,2.2796,36.6207,-9.0671
2026-09-08,15:29,INDNIPPON,2476.3538,2.5876,42.9393,18.9507
2026-09-08,15:29,INDOBORAX,1660.1428,4.1611,50.3825,108.7281
2026-09-08,15:29,INDOCO,181.4628,3.5439,48.6362,-18.3247
2026-09-08,15:29,INDORAMA,220.3477,3.8492,55.4926,39.7056
2026-09-08,15:29,INDOSTAR,342.0877,2.8462,46.436,-4.9404
2026-09-08,15:29,INDOTECH,15164.4871,3.3203,60.2122,107.4639
2026-09-08,15:29,INDSWFTLAB,1709.0125,4.1019,56.5166,267.4647
2026-09-08,15:29,INDUSINDBK,633.1975,1.7661,28.8395,34.7333
2026-09-08,15:29,INGERRAND,8435.6035,2.3619,31.2082,23.0556
2026-09-08,15:29,INNOVACAP,2963.8101,2.2245,34.8692,36.3192
2026-09-08,15:29,INOXINDIA,6921.1374,3.2149,40.2435,89.4417
2026-09-08,15:29,IOLCP,853.9791,3.7125,52.7679,82.2564
2026-09-08,15:29,IONEXCHANG,504.2011,2.946,41.1139,4.4641
2026-09-08,15:29,IPCALAB,3492.8178,1.8055,31.5312,49.6197
2026-09-08,15:29,IRISDOREME,176.8115,2.1551,38.8324,97.0579
2026-09-08,15:29,IRMENERGY,224.999,3.6639,52.75,2.8046
2026-09-08,15:29,ISGEC,182.6412,1.9908,40.2862,-20.9857
2026-09-08,15:29,ITDC,509.4728,3.7299,58.2126,-1.8229
2026-09-08,15:29,IVP,450.3702,2.9968,44.7618,30.7618
2026-09-08,15:29,IZMO,2192.0039,3.1219,68.6871,11.9544
2026-09-08,15:29,J&KBANK,280.0084,2.948,40.7298,45.4734
2026-09-08,15:29,JAGSNPHARM,425.7492,1.9562,33.1813,-1.1148
2026-09-08,15:29,JASH,827.0016,2.6695,38.5885,0.3774
2026-09-08,15:29,JAYAGROGN,463.3937,2.7631,40.9351,3.8489
2026-09-08,15:29,JAYBARMARU,190.5794,4.2283,60.6898,23.0331
2026-09-08,15:29,JBMA,377.6855,2.093,44.0252,-13.6896
2026-09-08,15:29,JGCHEM,1812.4576,3.1495,46.7393,29.6151
2026-09-08,15:29,JINDALPOLY,1814.008,2.5234,48.8036,12.6246
2026-09-08,15:29,JINDALSAW,838.2888,2.6707,46.4889,47.9131
2026-09-08,15:29,JINDALSTEL,212.7199,1.4888,28.3665,9.6868
2026-09-08,15:29,JINDRILL,1254.9215,3.1424,50.8919,12.9435
2026-09-08,15:29,JINDWORLD,189.0909,4.8324,63.2195,53.6099
2026-09-08,15:29,JKIPL,166.5787,3.0208,1.7e+308,1.7e+308
2026-09-08,15:29,JKPAPER,560.0168,2.0255,39.7924,6.5965
2026-09-08,15:29,JNKINDIA,1385.344,4.2069,56.1733,48.3665
2026-09-08,15:29,JOCIL,240.8134,2.1906,35.7535,2.4763
2026-09-08,15:29,JSFB,1093.0561,2.9346,41.3344,18.3642
2026-09-08,15:29,JSWDULUX,2788.9207,1.7325,28.6193,-5.6978
2026-09-08,15:29,JSWENERGY,531.4889,1.831,29.9168,0.1427
2026-09-08,15:29,JSWINFRA,454.8974,2.1143,31.675,5.3132
2026-09-08,15:29,JSWSTEEL,656.144,1.1767,23.5579,18.0437
2026-09-08,15:29,JUBLCPL,312.5684,3.3704,51.9433,-18.0385
2026-09-08,15:29,JUBLINGREA,325.5912,2.0796,35.842,-4.6658
2026-09-08,15:29,JUBLPHARMA,185.4321,1.6953,29.4189,-11.0977
2026-09-08,15:29,JUNIORBEES,430.7728,0.8296,16.0027,7.5619
2026-09-08,15:29,JUSTDIAL,256.7521,3.1504,39.229,-19.2733
2026-09-08,15:29,JYOTICNC,1485.936,2.8331,44.8987,15.2252
2026-09-08,15:29,KABRAEXTRU,2842.132,3.8147,56.2171,132.5363
2026-09-08,15:29,KAJARIACER,2263.6335,1.5635,28.9033,1.9989
2026-09-08,15:29,KALYANIFRG,2154.4835,3.6273,50.386,38.6162
2026-09-08,15:29,KALYANKJIL,1511.3631,3.5182,47.4481,21.8498
2026-09-08,15:29,KANORICHEM,555.6136,3.0023,43.1212,87.9584
2026-09-08,15:29,KANPRPLA,458.4944,3.0535,55.4139,4.5201
2026-09-08,15:29,KAPSTON,1952.431,2.9793,41.3689,254.0612
2026-09-08,15:29,KARURVYSYA,341.7157,2.2399,36.5502,61.8666
2026-09-08,15:29,KAUSHALYA,288.6908,3.2019,56.8177,-33.6477
2026-09-08,15:29,KAYNES,309.4661,3.5057,53.6339,-49.6619
2026-09-08,15:29,KDDL,9901.692,3.2499,44.0181,64.0957
2026-09-08,15:29,KECL,245.8368,2.9633,46.8807,-0.9566
2026-09-08,15:29,KEI,4484.4764,2.3892,35.0958,13.8539
2026-09-08,15:29,KENNAMET,11612.4416,2.903,36.1118,120.0818
2026-09-08,15:29,KERNEX,3267.0752,4.3398,63.2329,54.3122
2026-09-08,15:29,KHAITANLTD,384.1976,4.1727,53.2478,30.9288
2026-09-08,15:29,KICL,3322.2716,1.6869,32.6033,6.1954
2026-09-08,15:29,KILITCH,160.0048,3.0552,45.8391,4.3604
2026-09-08,15:29,KIMS,1060.187,1.9404,31.3527,0.7512
2026-09-08,15:29,KINGFA,11598.4892,1.9663,37.3936,28.03
2026-09-08,15:29,KIOCL,159.6947,2.1739,58.8872,-19.1726
2026-09-08,15:29,KIRIINDUS,800.334,2.5624,49.7553,0.5041
2026-09-08,15:29,KIRLOSBROS,2250.6104,2.1928,38.1172,-6.2949
2026-09-08,15:29,KIRLOSENG,7022.8468,3.3263,46.8772,156.4369
2026-09-08,15:29,KIRLOSIND,4312.0679,3.0756,41.5384,-5.8474
2026-09-08,15:29,KKCL,332.4131,1.8617,33.0896,-4.9109
2026-09-08,15:29,KMEW,8149.7028,3.8384,62.2113,173.7701
2026-09-08,15:29,KNAGRI,148.4075,2.4496,1.7e+308,1.7e+308
2026-09-08,15:29,KOLTEPATIL,429.7805,2.5925,34.6838,-4.9672
2026-09-08,15:29,KOPRAN,704.2072,3.2826,50.1108,34.4353
2026-09-08,15:29,KOTAKNIFTY,163.0436,0.6498,9.3393,29.8333
2026-09-08,15:29,KOTHARIPET,171.1679,2.6023,39.4318,-6.8255
2026-09-08,15:29,KOVAI,22257.7227,11.3582,116.1228,231.6498
2026-09-08,15:29,KPIL,1440.043,1.6773,29.3134,8.0151
2026-09-08,15:29,KPRMILL,1533.3794,2.5644,41.6812,12.2762
2026-09-08,15:29,KRBL,569.6294,2.4399,41.0266,-2.9385
2026-09-08,15:29,KRISHANA,554.6833,3.1181,45.7082,65.4135
2026-09-08,15:29,KRISHIVAL,507.6122,1.8726,37.4088,-8.6838
2026-09-08,15:29,KRISHNADEF,675.3689,3.2185,1.7e+308,1.7e+308
2026-09-08,15:29,KRN,6232.435,3.125,49.0591,95.1799
2026-09-08,15:29,KRONOX,322.4283,3.9226,50.3321,0.7311
2026-09-08,15:29,KRYSTAL,389.7794,1.7665,40.0986,3.3707
2026-09-08,15:29,KSB,852.4288,1.9187,30.8692,-0.651
2026-09-08,15:29,KSHINTL,5229.3045,3.7161,1.7e+308,1.7e+308
2026-09-08,15:29,KSL,1378.956,2.3106,35.7789,12.081
2026-09-08,15:29,KTKBANK,949.4859,1.9869,33.9921,86.7631
2026-09-08,15:29,LALPATHLAB,2995.4388,2.2238,30.0156,14.3874
2026-09-08,15:29,LAMBODHARA,173.0284,3.5862,54.084,-9.1564
2026-09-08,15:29,LANDMARK,510.7131,3.0964,46.7612,-22.0003
2026-09-08,15:29,LAURUSLABS,6305.3058,1.8087,29.7719,117.2758
2026-09-08,15:29,LAXMIINDIA,239.5731,3.3151,58.1798,-20.2271
2026-09-08,15:29,LENSKART,1598.8077,1.48,1.7e+308,1.7e+308
2026-09-08,15:29,LFIC,138.8568,2.4873,47.0741,-33.7838
2026-09-08,15:29,LGBBROSLTD,384.5077,1.5358,38.6292,30.0704
2026-09-08,15:29,LGEINDIA,1669.5072,1.7902,1.7e+308,1.7e+308
2026-09-08,15:29,LICHSGFIN,343.5762,1.712,25.3516,-0.723
2026-09-08,15:29,LIKHITHA,227.5417,2.6538,50.8304,-17.7152
2026-09-08,15:29,LINCOLN,1108.5604,2.7154,39.8806,15.4145
2026-09-08,15:29,LINDEINDIA,2815.5885,1.5147,27.5145,-0.9163
2026-09-08,15:29,LIQGRWBEES,175.8198,0.0109,0.1888,4.6642
2026-09-08,15:29,LIQUID1,199.4473,0.0119,0.2006,4.9829
2026-09-08,15:29,LIQUIDADD,198.9514,0.0116,0.1975,4.8705
2026-09-08,15:29,LIQUIDBETF,188.0371,0.0121,0.2094,4.7775
2026-09-08,15:29,LIQUIDPLUS,193.9905,0.0121,0.2039,4.9492
2026-09-08,15:29,LIQUIDSHRI,186.9204,0.011,0.1945,4.6861
2026-09-08,15:29,LLOYDSENGG,238.7668,3.3555,49.6807,29.0786
2026-09-08,15:29,LLOYDSME,4500.6008,1.9206,36.7932,38.7813
2026-09-08,15:29,LMW,25086.0251,1.8484,32.0189,24.5431
2026-09-08,15:29,LODHA,1825.171,2.4924,37.4502,3.7405
2026-09-08,15:29,LOKESHMACH,1196.0669,2.8283,52.1303,85.9811
2026-09-08,15:29,LOTUSDEV,301.0943,2.656,44.3171,7.8087
2026-09-08,15:29,LOYALTEX,194.9826,2.5054,51.7884,-22.4931
2026-09-08,15:29,LT,819.25,1.1788,25.0639,10.2324
2026-09-08,15:29,LTF,181.0906,2.0902,34.6989,31.2138
2026-09-08,15:29,LTFOODS,584.5137,1.7409,39.1326,-1.6314
2026-09-08,15:29,LUMAXIND,8963.9897,2.2684,51.2101,46.2292
2026-09-08,15:29,LUMAXTECH,4145.861,2.9507,54.4331,78.8987
2026-09-08,15:29,LUXIND,1363.142,2.6716,45.6799,-14.1117
2026-09-08,15:29,LXCHEM,281.8069,2.9122,43.8622,-16.3402
2026-09-08,15:29,MACPOWER,6186.8524,3.9581,53.8966,106.8429
2026-09-08,15:29,MAFANG,417.0047,1.8145,24.4093,41.197
2026-09-08,15:29,MAGADSUGAR,818.6292,2.4892,35.6937,-0.9922
2026-09-08,15:29,MAHABANK,151.0743,2.1081,35.4268,56.8733
2026-09-08,15:29,MAHASTEEL,3195.1348,3.0221,46.425,233.2645
2026-09-08,15:29,MAHESHWARI,176.3154,1.775,39.0845,18.5252
2026-09-08,15:29,MAHLOG,377.9959,1.9706,38.4125,22.0812
2026-09-08,15:29,MAHSCOOTER,682.191,1.8862,31.5114,-26.2084
2026-09-08,15:29,MAHSEAMLES,1075.3813,1.5522,24.8843,8.5826
2026-09-08,15:29,MAITHANALL,426.059,2.1943,38.2131,-4.5512
2026-09-08,15:29,MAMATA,279.6984,2.019,40.0831,-5.4
2026-09-08,15:29,MANAKSTEEL,266.6747,3.6042,54.4398,69.6975
2026-09-08,15:29,MANALIPETC,196.5951,3.2076,45.5299,28.0091
2026-09-08,15:29,MANAPPURAM,341.7157,2.1757,33.7356,11.6071
2026-09-08,15:29,MANCREDIT,308.4123,2.9491,36.5307,18.2742
2026-09-08,15:29,MANGLMCEM,1825.4811,1.8937,31.1461,46.6731
2026-09-08,15:29,MANINDS,3110.4812,3.0692,55.9534,100.5614
2026-09-08,15:29,MANKIND,1333.9942,1.58,25.4557,-10.49
2026-09-08,15:29,MANORAMA,4757.9721,2.9201,44.3099,57.5491
2026-09-08,15:29,MANORG,497.9994,3.5779,51.8159,-10.3582
2026-09-08,15:29,MANYAVAR,626.9954,2.3423,34.8887,-19.8465
2026-09-08,15:29,MARALOVER,169.2454,3.4634,50.7058,37.4321
2026-09-08,15:29,MARICO,640.3293,1.1086,18.3732,12.1639
2026-09-08,15:29,MARINE,1441.6558,3.3451,50.4946,111.6
2026-09-08,15:29,MARKOLINES,259.9768,1.7897,1.7e+308,1.7e+308
2026-09-08,15:29,MARKSANS,1040.8995,3.249,42.4893,94.2404
2026-09-08,15:29,MASPTOP50,161.1211,1.7668,22.7708,45.8578
2026-09-08,15:29,MAWANASUG,394.4924,3.0956,41.4363,54.0482
2026-09-08,15:29,MAXESTATES,1039.4113,2.7576,40.9589,21.6846
2026-09-08,15:29,MAYURUNIQ,1326.5513,2.8377,37.8807,42.9357
2026-09-08,15:29,MAZDA,493.4102,3.1408,45.2185,-1.0198
2026-09-08,15:29,MAZDOCK,445.9043,1.6423,33.9746,-15.67
2026-09-08,15:29,MBAPL,500.7282,2.8033,38.5913,96.1456
2026-09-08,15:29,MCX,6875.8652,2.2839,39.6767,116.2127
2026-09-08,15:29,MEDANTA,1913.2358,1.7735,29.2713,8.039
2026-09-08,15:29,MEESHO,282.8612,2.8793,1.7e+308,1.7e+308
2026-09-08,15:29,MEGASTAR,365.0342,2.7336,45.0612,26.2291
2026-09-08,15:29,MEIL,188.5329,2.3214,1.7e+308,-45.0766
2026-09-08,15:29,MENONBE,1106.8239,3.4939,45.7484,119.9259
2026-09-08,15:29,METROPOLIS,667.1209,2.0306,29.658,12.8842
2026-09-08,15:29,MGL,349.1573,1.7479,29.827,-15.3143
2026-09-08,15:29,MIDHANI,769.0154,2.8652,44.6227,19.0863
2026-09-08,15:29,MINDACORP,969.0214,1.9008,32.4293,38.448
2026-09-08,15:29,MMFL,1347.9473,2.3821,42.4471,88.0458
2026-09-08,15:29,MMP,1481.5949,3.0527,43.8122,73.0873
2026-09-08,15:29,MODEFENCE,155.1675,1.2503,25.0079,24.0054
2026-09-08,15:29,MODIS,330.2425,2.453,1.7e+308,1.7e+308
2026-09-08,15:29,MODISONLTD,2180.4066,4.5764,56.7506,210.059
2026-09-08,15:29,MOLDTECH,530.7446,3.4741,50.5398,36.5211
2026-09-08,15:29,MOLDTKPAC,975.8431,2.4789,39.1166,-15.428
2026-09-08,15:29,MON100,717.1068,1.3939,22.9723,66.4735
2026-09-08,15:29,MONARCH,658.3145,2.0409,33.8623,17.8946
2026-09-08,15:29,MONQ50,597.9095,2.8383,33.6917,117.5464
2026-09-08,15:29,MOREPENLAB,499.984,4.2003,54.7038,117.3655
2026-09-08,15:29,MOTHERSON,322.3043,2.0762,34.9624,56.5097
2026-09-08,15:29,MOTILALOFS,2042.5418,2.1878,39.8472,14.5425
2026-09-08,15:29,MPSLTD,5020.9267,3.2994,45.0136,26.1286
2026-09-08,15:29,MSTCLTD,2010.9131,3.7704,48.4997,47.6064
2026-09-08,15:29,MTARTECH,29230.646,4.528,61.2789,364.6708
2026-09-08,15:29,MUFIN,143.6322,1.563,37.9158,52.5758
2026-09-08,15:29,MUNJALAU,255.5736,3.5446,49.4463,23.2787
2026-09-08,15:29,MUTHOOTMF,173.9587,3.0488,44.1716,21.8314
2026-09-08,15:29,MVGJL,235.1698,3.278,42.1903,7.8293
2026-09-08,15:29,NACLIND,145.3687,3.5459,57.9005,-36.225
2026-09-08,15:29,NAHARCAP,162.4234,1.4972,30.7385,-10.3842
2026-09-08,15:29,NAHARINDUS,249.1237,2.7626,40.374,21.4582
2026-09-08,15:29,NAHARSPING,679.7723,2.2499,38.5214,28.68
2026-09-08,15:29,NAM-INDIA,1978.044,2.2022,38.7535,43.6303
2026-09-08,15:29,NATCAPSUQ,235.604,3.8598,59.6546,2.7442
2026-09-08,15:29,NAUKRI,231.3251,2.2291,30.7764,-5.0419
2026-09-08,15:29,NAVINFLUOR,17247.0298,2.1663,36.5273,82.2375
2026-09-08,15:29,NAVINIFTY,435.4239,1.9962,28.9111,43.3632
2026-09-08,15:29,NAZARA,528.3879,2.2363,41.4085,34.3545
2026-09-08,15:29,NDGL,1356.3195,2.3423,40.0841,-28.7548
2026-09-08,15:29,NDLVENTURE,213.3398,2.193,41.6058,44.9012
2026-09-08,15:29,NDRAUTO,258.3025,2.0034,40.917,-33.372
2026-09-08,15:29,NELCAST,149.3999,3.112,53.8255,-22.3635
2026-09-08,15:29,NELCO,2113.5518,3.349,46.304,14.1935
2026-09-08,15:29,NEOGEN,6057.8567,2.8448,49.1168,41.3696
2026-09-08,15:29,NEPHROPLUS,1381.4369,2.605,1.7e+308,1.7e+308
2026-09-08,15:29,NESTLEIND,731.8049,1.4534,20.8632,15.0214
2026-09-08,15:29,NETWEB,11050.2548,3.5828,59.9197,75.2015
2026-09-08,15:29,NEULANDLAB,64851.561,2.1965,39.9433,49.5109
2026-09-08,15:29,NEXT50,450.4322,0.8625,16.7277,7.8787
2026-09-08,15:29,NGLFINE,6767.9556,4.0216,57.4518,94.3726
2026-09-08,15:29,NH,592.2659,1.7437,30.5395,7.5441
2026-09-08,15:29,NIACL,351.8866,3.4464,46.5588,6.6078
2026-09-08,15:29,NIBE,1900.8323,3.4351,51.9694,9.9868
2026-09-08,15:29,NIFTY100EQLWGT,12168.7523,0.7379,14.8438,3.7117
2026-09-08,15:29,NIFTY100LIQ15,2274.1781,0.8733,15.805,4.7439
2026-09-08,15:29,NIFTY200ALPHA30,19896.4069,0.9196,18.7624,6.1318
2026-09-08,15:29,NIFTY200MOMENTM30,9653.9359,0.9146,18.14,0.6945
2026-09-08,15:29,NIFTY500,3068.6121,0.7008,13.9528,-0.3629
2026-09-08,15:29,NIFTY500MOMENTM50,38697.2868,0.9147,18.289,6.5854
2026-09-08,15:29,NIFTY500MULTICAP,5858.788,0.7181,14.4704,1.9971
2026-09-08,15:29,NIFTY50EQLWGT,1977.1185,0.6605,13.3104,0.4096
2026-09-08,15:29,NIFTYALPHA50,60069.3921,0.9327,18.9367,10.5626
2026-09-08,15:29,NIFTYALPHALOWVOL,4523.852,0.6163,12.9164,-1.0374
2026-09-08,15:29,NIFTYAUTO,9827.8874,1.0845,20.8412,3.3823
2026-09-08,15:29,NIFTYCAPITALMKT,6511.2028,1.1817,24.8134,26.0757
2026-09-08,15:29,NIFTYCHEMICALS,19077.1599,0.9366,1.7e+308,1.7e+308
2026-09-08,15:29,NIFTYCOMMODITIES,2143.0089,0.7552,15.8295,8.7091
2026-09-08,15:29,NIFTYCONSUMPTION,1845.9433,0.7721,14.4221,-6.5141
2026-09-08,15:29,NIFTYCONSURDURBL,30961.5408,1.1285,20.2182,-0.4933
2026-09-08,15:29,NIFTYEES,23597.5477,1.6253,39.3689,55.5137
2026-09-08,15:29,NIFTYGS10YR,332.5363,0.2001,3.4508,2.5375
2026-09-08,15:29,NIFTYGS1115YR,854.8479,0.221,3.9692,4.7629
2026-09-08,15:29,NIFTYGS15YRPLUS,327.5141,0.3128,5.3436,2.5453
2026-09-08,15:29,NIFTYGS48YR,703.5867,0.1583,2.5256,5.2991
2026-09-08,15:29,NIFTYGS813YR,475.6744,0.1889,3.2567,3.6782
2026-09-08,15:29,NIFTYGSCOMPSITE,521.07,0.1972,3.4085,3.8367
2026-09-08,15:29,NIFTYHEALTHCARE,17503.1604,0.787,13.5032,12.726
2026-09-08,15:29,NIFTYINDDEFENCE,13835.7658,1.2174,24.1158,24.2893
2026-09-08,15:29,NIFTYINDIAMFG,9602.4566,0.7402,15.2619,8.3463
2026-09-08,15:29,NIFTYINDTOURISM,1243.1363,1.1652,21.5139,-15.8451
2026-09-08,15:29,NIFTYLARGEMID250,3586.1543,0.7097,14.4258,1.6331
2026-09-08,15:29,NIFTYM150MOMNTM50,31967.7968,0.9,18.0345,4.8539
2026-09-08,15:29,NIFTYM150QLTY50,7536.0428,0.7614,15.4602,-2.5979
2026-09-08,15:29,NIFTYMEDIA,1118.7935,1.3966,22.0487,-4.9628
2026-09-08,15:29,NIFTYMETAL,11208.3976,1.1004,22.1726,33.1089
2026-09-08,15:29,NIFTYMICROCAP250,35611.6199,0.9805,19.545,12.4135
2026-09-08,15:29,NIFTYMIDCAP150,12702.0774,0.7779,15.9977,7.0605
2026-09-08,15:29,NIFTYMIDCAP50,10813.3457,0.7874,16.3784,10.1214
2026-09-08,15:29,NIFTYMIDLIQ15,13587.6902,0.9696,18.7719,12.2033
2026-09-08,15:29,NIFTYMIDSELECT,10247.1284,0.8554,17.7648,12.1493
2026-09-08,15:29,NIFTYMIDSMALLCAP400,15461.8623,0.7886,16.0968,7.3266
2026-09-08,15:29,NIFTYMIDSMLHLTH,71664.7744,0.807,14.2886,16.7338
2026-09-08,15:29,NIFTYMS400MQ100,40283.066,0.8197,17.1809,6.2902
2026-09-08,15:29,NIFTYMULTIINFRA,6110.57,0.7541,15.3386,3.1387
2026-09-08,15:29,NIFTYMULTIMFG,11456.4731,0.6996,15.1702,6.678
2026-09-08,15:29,NIFTYSMALLCAP250,19263.5209,0.8696,16.9874,8.0628
2026-09-08,15:29,NIFTYSMALLCAP50,12958.5259,0.913,18.193,16.3095
2026-09-08,15:29,NIFTYSML250MQ100,53411.8519,0.8886,17.7781,8.0154
2026-09-08,15:29,NIFTYTOTALMKT,2452.7869,0.705,14.0666,0.1735
2026-09-08,15:29,NILKAMAL,4572.5408,2.7726,35.2687,36.4958
2026-09-08,15:29,NINSYS,2337.4343,2.1303,44.1155,57.9815
2026-09-08,15:29,NIRAJISPAT,1164.0039,4.8999,76.4516,-6.4288
2026-09-08,15:29,NITINSPIN,2043.7823,2.5724,38.9271,97.6765
2026-09-08,15:29,NITIRAJ,341.7156,2.8272,42.246,8.9862
2026-09-08,15:29,NLCINDIA,163.4158,2.4845,36.9683,3.6196
2026-09-08,15:29,NOCIL,310.1489,2.9865,41.006,0.8721
2026-09-08,15:29,NORTHARC,341.0955,2.5441,39.5892,26.1464
2026-09-08,15:29,NOVARTIND,6749.9704,5.77,61.2825,220.2953
2026-09-08,15:29,NPST,3214.3604,3.2605,58.5855,-17.3488
2026-09-08,15:29,NRAIL,1290.5813,3.1147,53.9882,66.2624
2026-09-08,15:29,NRBBEARING,1467.9512,2.6308,39.7947,74.1729
2026-09-08,15:29,NRL,481.3788,2.4777,35.5109,81.4465
2026-09-08,15:29,NURECA,267.9151,3.1225,53.086,22.8707
2026-09-08,15:29,NUVAMA,3659.6447,2.348,36.2962,42.5002
2026-09-08,15:29,NYKAA,624.3288,1.659,28.0954,42.5764
2026-09-08,15:29,OAL,1533.0694,3.5607,48.0926,57.4585
2026-09-08,15:29,OBEROIRLTY,2370.9243,1.6595,27.0067,14.4766
2026-09-08,15:29,OCCLLTD,437.0363,3.7695,52.6021,18.5985
2026-09-08,15:29,OFSS,24965.0912,2.1805,33.5974,31.195
2026-09-08,15:29,OLECTRA,885.6076,2.361,43.9142,-26.2905
2026-09-08,15:29,OMAXAUTO,375.0811,4.5675,61.6854,18.4612
2026-09-08,15:29,OMAXE,341.5917,3.9932,55.0125,43.558
2026-09-08,15:29,ONESOURCE,2294.0226,2.0432,41.8439,-15.4805
2026-09-08,15:29,OPTIEMUS,1026.0772,2.9137,48.8872,-12.7294
2026-09-08,15:29,ORBTEXP,428.4159,4.1748,58.4384,27.0253
2026-09-08,15:29,ORCHPHARMA,1760.3628,2.9801,43.5015,35.8846
2026-09-08,15:29,ORIENTBELL,840.6453,3.0143,50.4616,33.0199
2026-09-08,15:29,ORIENTHOT,242.3638,3.6601,46.7878,-1.0978
2026-09-08,15:29,PAGEIND,19659.5054,1.6344,24.3031,-18.6155
2026-09-08,15:29,PAISALO,269.5895,2.91,44.3588,104.3112
2026-09-08,15:29,PANACEABIO,154.4232,3.8441,56.2406,-7.865
2026-09-08,15:29,PANACHE,1372.4443,2.8213,49.2512,95.6959
2026-09-08,15:29,PANAMAPET,1166.8567,4.066,50.5803,59.1141
2026-09-08,15:29,PAR,313.1257,4.3386,54.9981,30.1915
2026-09-08,15:29,PARACABLES,225.9293,4.3067,59.2295,46.3234
2026-09-08,15:29,PARADEEP,150.5161,2.3821,43.8959,-6.3694
2026-09-08,15:29,PARAS,5263.414,3.8917,50.8755,117.2625
2026-09-08,15:29,PARKHOSPS,816.0245,2.576,1.7e+308,1.7e+308
2026-09-08,15:29,PASUPTAC,137.9266,3.1054,53.7665,44.8112
2026-09-08,15:29,PAUSHAKLTD,1739.2771,3.1345,1.7e+308,1.7e+308
2026-09-08,15:29,PAYTM,3170.3275,2.517,38.8027,36.9975
2026-09-08,15:29,PCBL,417.6868,2.8186,46.5618,-14.4975
2026-09-08,15:29,PFOCUS,566.5286,3.2964,55.8714,65.7843
2026-09-08,15:29,PGHL,1848.1175,1.8422,24.853,-10.2587
2026-09-08,15:29,PGIL,4749.9103,2.7634,50.4983,76.9438
2026-09-08,15:29,PHOENIXLTD,1515.7046,1.6324,26.6973,20.8256
2026-09-08,15:29,PICCADIL,222.9525,2.7728,42.8567,-14.7801
2026-09-08,15:29,PIDILITIND,1049.3336,1.4038,21.8611,3.4785
2026-09-08,15:29,PIRAMALFIN,3458.7083,2.1761,1.7e+308,1.7e+308
2026-09-08,15:29,PITTIENG,2504.8816,2.3699,39.7108,27.5093
2026-09-08,15:29,PIXTRANS,2612.1712,2.6745,32.2265,20.7658
2026-09-08,15:29,PKTEA,1796.9532,3.5572,51.5275,28.3989
2026-09-08,15:29,PLASTIBLEN,259.1086,2.6251,34.7176,-2.4337
2026-09-08,15:29,PNBHOUSING,2243.4783,1.7956,32.1534,40.589
2026-09-08,15:29,PNGJL,489.9372,2.3137,34.3893,5.8184
2026-09-08,15:29,PODDARMENT,436.2302,2.8822,39.3933,7.4707
2026-09-08,15:29,POKARNA,528.388,2.1906,53.5306,-7.8271
2026-09-08,15:29,POLICYBZR,1283.1395,1.923,33.3298,1.2307
2026-09-08,15:29,POLYCAB,9640.5997,1.8604,30.5451,15.4249
2026-09-08,15:29,POLYMED,1397.8716,2.6637,43.2163,-14.4447
2026-09-08,15:29,POLYPLEX,1939.9032,2.3356,33.2437,13.384
2026-09-08,15:29,PONNIERODE,690.8734,2.6013,35.6158,24.8516
2026-09-08,15:29,POONAWALLA,405.2835,1.954,37.7838,3.5954
2026-09-08,15:29,POWERINDIA,80796.2261,2.698,44.5335,56.3709
2026-09-08,15:29,POWERMECH,2496.1998,2.1047,38.6532,-21.501
2026-09-08,15:29,PPAP,356.972,4.3076,58.0651,18.9524
2026-09-08,15:29,PPL,419.6714,2.9985,45.0818,-14.8649
2026-09-08,15:29,PPLPHARMA,464.4481,2.3607,34.2355,12.9317
2026-09-08,15:29,PRABHA,592.3899,2.738,45.491,5.809
2026-09-08,15:29,PRAJIND,330.5527,2.2591,40.589,-13.7457
2026-09-08,15:29,PRECOT,2131.537,3.4049,61.8674,48.6504
2026-09-08,15:29,PRECWIRE,1555.3336,3.8296,60.1547,163.4264
2026-09-08,15:29,PREMEXPLN,1216.1606,3.5724,54.9125,21.7352
2026-09-08,15:29,PREMIERENE,1844.0863,1.7291,34.502,-6.2926
2026-09-08,15:29,PREMIERPOL,253.8991,3.6478,57.9399,84.3648
2026-09-08,15:29,PRESTIGE,380.166,2.134,33.1216,0.7679
2026-09-08,15:29,PRICOLLTD,1178.95,2.412,38.9328,46.4055
2026-09-08,15:29,PRINCEPIPE,302.8308,2.1113,35.9421,-14.9047
2026-09-08,15:29,PRIVISCL,4107.4105,1.8651,34.8388,48.4384
2026-09-08,15:29,PRUDENT,5595.2066,2.29,37.2786,16.77
2026-09-08,15:29,PSPPROJECT,886.2283,2.8087,45.9032,11.8937
2026-09-08,15:29,PTCIL,35256.8733,2.6175,36.4545,67.5138
2026-09-08,15:29,PVP,213.0917,4.197,64.6114,110.5488
2026-09-08,15:29,PVRINOX,1694.0045,1.877,30.4626,9.859
2026-09-08,15:29,QPOWER,5144.9606,3.2605,55.715,60.9085
2026-09-08,15:29,QUADFUTURE,939.2531,3.9919,60.9116,-0.2714
2026-09-08,15:29,QUESS,790.6594,2.6858,36.7228,27.6716
2026-09-08,15:29,RACLGEAR,3360.1005,2.8715,56.7512,66.6793
2026-09-08,15:29,RADICO,10794.7436,1.6414,32.7352,56.2228
2026-09-08,15:29,RAIN,386.7403,3.5626,53.7817,57.1161
2026-09-08,15:29,RAINBOW,1894.6306,1.316,22.5098,-0.8751
2026-09-08,15:29,RAJRATAN,513.1937,2.185,48.7244,44.2299
2026-09-08,15:29,RAMCOSYS,801.2645,4.8734,64.8087,31.5659
2026-09-08,15:29,RAMRAT,1505.4716,3.3903,42.3868,48.8596
2026-09-08,15:29,RANEHOLDIN,2451.5468,2.8854,41.4239,12.584
2026-09-08,15:29,RATEGAIN,1446.5551,2.6284,44.1542,37.6686
2026-09-08,15:29,RATNAMANI,4125.395,2.8427,45.1409,17.9852
2026-09-08,15:29,RATNAVEER,924.4308,3.5308,49.803,105.0117
2026-09-08,15:29,RAYMOND,2878.2259,3.474,45.9603,39.5591
2026-09-08,15:29,RAYMONDREL,597.5374,3.9345,57.1938,-5.2614
2026-09-08,15:29,RBA,195.9749,2.9411,38.5216,17.6891
2026-09-08,15:29,RBLBANK,784.5197,1.8618,30.8781,53.5216
2026-09-08,15:29,RBZJEWEL,311.6373,3.617,50.7624,29.0915
2026-09-08,15:29,REDINGTON,664.2059,2.6121,50.352,53.2198
2026-09-08,15:29,REFEX,342.4599,2.5985,52.5578,-21.6113
2026-09-08,15:29,REGAAL,173.2765,3.0031,1.7e+308,-18.1895
2026-09-08,15:29,RELIGARE,179.5403,2.0156,38.5299,0.4934
2026-09-08,15:29,RGL,283.1713,3.3529,56.8291,26.5289
2026-09-08,15:29,RIIL,143.2603,1.6931,34.9457,-20.5379
2026-09-08,15:29,RISHABH,2561.3173,3.2888,52.2754,89.2753
2026-09-08,15:29,RITCO,507.4882,2.7785,42.1993,17.9882
2026-09-08,15:29,RKFORGE,1185.7719,2.2398,35.4355,21.6795
2026-09-08,15:29,RML,4104.3093,3.316,43.1782,63.616
2026-09-08,15:29,ROLEXRINGS,340.9095,2.975,44.6032,25.6676
2026-09-08,15:29,ROSSTECH,3344.9066,3.8459,61.4688,63.2927
2026-09-08,15:29,RPEL,5975.9934,3.197,50.3492,149.904
2026-09-08,15:29,RPGLIFE,5092.8667,2.8712,37.1406,17.7415
2026-09-08,15:29,RPSGVENT,716.9206,2.3587,47.6927,-5.2519
2026-09-08,15:29,RPTECH,2814.3482,3.3876,43.8846,171.8345
2026-09-08,15:29,RRKABEL,6646.401,2.9569,38.8944,96.7931
2026-09-08,15:29,RSWM,527.2717,2.6181,41.3268,41.0625
2026-09-08,15:29,RUBICON,7328.282,3.3456,1.7e+308,1.7e+308
2026-09-08,15:29,RUBYMILLS,1589.6911,3.8365,52.3654,97.7515
2026-09-08,15:29,RVTH,685.2919,3.0126,47.0381,-14.7559
2026-09-08,15:29,S&SPOWER,570.5598,3.0751,54.6731,-21.0224
2026-09-08,15:29,SAATVIKGL,194.1145,2.2676,1.7e+308,1.7e+308
2026-09-08,15:29,SAHYADRI,892.9881,2.9888,41.8798,40.6547
2026-09-08,15:29,SAIL,232.3791,2.3807,35.8962,40.7077
2026-09-08,15:29,SAILIFE,5009.4528,1.9762,34.3563,88.7361
2026-09-08,15:29,SAKAR,4793.9423,3.7889,53.867,246.3506
2026-09-08,15:29,SALSTEEL,264.318,3.228,58.0314,151.8343
2026-09-08,15:29,SAMBHV,258.7365,2.5655,44.0616,7.2071
2026-09-08,15:29,SANATHAN,177.6797,2.1442,32.7655,-8.8885
2026-09-08,15:29,SANDESH,333.033,2.6514,33.3189,-12.6122
2026-09-08,15:29,SANDHAR,813.9778,2.9282,44.3582,35.3246
2026-09-08,15:29,SANGAMIND,814.288,2.2244,36.2764,43.867
2026-09-08,15:29,SANGHVIMOV,886.2283,3.0574,51.2817,21.4591
2026-09-08,15:29,SANGINITA,315.9785,2.5238,48.0714,521.486
2026-09-08,15:29,SANSERA,14477.3351,2.6984,41.0823,185.2617
2026-09-08,15:29,SAPPHIRE,238.0847,3.1982,45.6463,-31.0797
2026-09-08,15:29,SARDAEN,293.6521,1.7137,33.7003,-11.8749
2026-09-08,15:29,SAREGAMA,991.0376,3.0512,41.5914,0.8828
2026-09-08,15:29,SASKEN,3815.3089,4.1684,54.8217,26.9298
2026-09-08,15:29,SATIN,393.6242,2.7034,33.4657,47.1516
2026-09-08,15:29,SBCL,4246.949,4.2012,54.6464,113.6684
2026-09-08,15:29,SBILIQETF,153.0592,0.0122,0.7366,4.927
2026-09-08,15:29,SCHAEFFLER,2201.6165,1.4934,28.5273,0.0329
2026-09-08,15:29,SCHNEIDER,3277.6175,3.6406,48.8763,41.1906
2026-09-08,15:29,SCI,466.1226,2.32,45.8616,34.7159
2026-09-08,15:29,SCPL,2217.7411,3.9089,56.2704,165.2939
2026-09-08,15:29,SEAMECLTD,3203.197,2.4018,36.8554,91.7599
2026-09-08,15:29,SECMARK,218.5492,3.362,63.4698,9.1329
2026-09-08,15:29,SEMAC,291.5437,3.482,54.844,-44.9779
2026-09-08,15:29,SENCO,342.646,2.9863,42.1149,-3.3778
2026-09-08,15:29,SENORES,4486.9569,2.9687,40.7875,118.8433
2026-09-08,15:29,SETFNN50,385.934,0.8542,16.1582,7.739
2026-09-08,15:29,SETL,1782.2551,3.5178,50.6187,120.8572
2026-09-08,15:29,SFL,931.8109,2.6628,39.4484,-8.3147
2026-09-08,15:29,SGFIN,2132.7774,2.555,41.9043,79.851
2026-09-08,15:29,SGIL,408.3842,2.5881,40.7183,2.9206
2026-09-08,15:29,SGMART,2856.52,2.6469,1.7e+308,126.0542
2026-09-08,15:29,SHADOWFAX,871.8402,3.2101,1.7e+308,1.7e+308
2026-09-08,15:29,SHAHALLOYS,217.6189,3.3763,52.4945,43.4982
2026-09-08,15:29,SHAILY,9105.3903,3.0675,52.3955,51.5184
2026-09-08,15:29,SHANKARA,278.3339,1.7542,47.3598,-38.8188
2026-09-08,15:29,SHANTIGEAR,1574.9311,3.324,41.4143,25.9279
2026-09-08,15:29,SHANTIGOLD,427.4238,2.7825,46.2373,18.179
2026-09-08,15:29,SHARDAMOTR,278.1477,1.9679,36.2574,-14.4332
2026-09-08,15:29,SHAREINDIA,207.262,2.909,50.911,17.2142
2026-09-08,15:29,SHEMAROO,182.021,2.6686,44.934,13.6702
2026-09-08,15:29,SHILCTECH,6427.4793,3.1825,1.7e+308,1.7e+308
2026-09-08,15:29,SHILPAMED,4166.3268,2.9373,41.0679,131.972
2026-09-08,15:29,SHIVAUM,857.0801,2.8146,1.7e+308,1.7e+308
2026-09-08,15:29,SHOPERSTOP,178.2999,2.6262,38.161,-28.6089
2026-09-08,15:29,SHREEJISPG,2276.9678,2.3987,1.7e+308,173.4286
2026-09-08,15:29,SHREEPUSHK,991.9677,2.9824,53.6606,53.8844
2026-09-08,15:29,SHRIPISTON,11047.7747,2.0006,38.7111,71.4584
2026-09-08,15:29,SHRIRAMFIN,194.7347,2.0266,35.4753,62.5978
2026-09-08,15:29,SHYAMMETL,1449.656,1.8429,28.5945,17.8861
2026-09-08,15:29,SICAGEN,230.3325,12.8808,137.1379,258.1424
2026-09-08,15:29,SIEMENS,6012.5838,1.8001,30.6236,23.401
2026-09-08,15:29,SIGIND,142.0198,3.1951,45.6939,28.3144
2026-09-08,15:29,SIGMAADV,3772.3926,3.6031,57.6229,394.1188
2026-09-08,15:29,SIGNPOST,342.4598,3.3689,48.5194,-9.2764
2026-09-08,15:29,SILINV,169.3073,1.7017,30.9919,-20.5703
2026-09-08,15:29,SIMPLEXINF,216.3786,3.2905,54.9894,-12.8934
2026-09-08,15:29,SIS,543.8924,2.0361,29.6271,22.8108
2026-09-08,15:29,SIYSIL,245.5886,2.2242,39.8937,-17.6746
2026-09-08,15:29,SJS,3976.554,2.0676,37.7085,63.3079
2026-09-08,15:29,SKFINDUS,2269.8356,2.2445,1.7e+308,1.7e+308
2026-09-08,15:29,SKIPPER,1506.712,2.6126,39.9819,13.3671
2026-09-08,15:29,SKMEGGPROD,417.749,4.1238,57.5791,48.8543
2026-09-08,15:29,SKYGOLD,3168.1572,3.4265,50.6456,190.5226
2026-09-08,15:29,SMARTLINK,508.9765,3.6644,46.4815,39.427
2026-09-08,15:29,SMARTWORKS,610.5611,2.0598,35.5304,7.0716
2026-09-08,15:29,SMLMAH,17423.1586,4.008,59.692,68.9683
2026-09-08,15:29,SMSPHARMA,499.86,2.4558,48.2116,37.0378
2026-09-08,15:29,SOFTTECH,1016.1546,2.2092,42.9362,12.7268
2026-09-08,15:29,SOLARA,1197.2452,3.2959,45.9705,3.5791
2026-09-08,15:29,SOLARINDS,57409.4769,2.0587,32.9591,55.905
2026-09-08,15:29,SOMANYCERA,935.222,2.2905,36.6241,15.8789
2026-09-08,15:29,SONACOMS,1948.8958,1.8251,31.3849,87.7189
2026-09-08,15:29,SONAMLTD,203.2929,3.2381,46.6593,47.5076
2026-09-08,15:29,SOTL,2124.4048,4.1073,48.4402,67.4696
2026-09-08,15:29,SOUTHWEST,188.7189,3.1417,54.1462,65.6576
2026-09-08,15:29,SPAL,2288.1308,3.6162,50.1248,41.0191
2026-09-08,15:29,SPARC,432.075,3.8727,56.8708,42.0475
2026-09-08,15:29,SPECIALITY,176.2533,2.9808,46.2201,7.8349
2026-09-08,15:29,SPECTRUM,8273.1176,3.8436,56.0527,83.6346
2026-09-08,15:29,SPLPETRO,1532.1394,2.0951,40.5357,5.0736
2026-09-08,15:29,SPORTKING,772.7985,3.2832,47.7408,97.1651
2026-09-08,15:29,SREEL,445.2847,2.275,29.8834,22.7154
2026-09-08,15:29,SRHHYPOLTD,542.342,1.9512,32.1708,-12.4834
2026-09-08,15:29,SRM,164.966,2.2026,45.5123,-5.6868
2026-09-08,15:29,SSWL,1034.6978,2.7249,40.7611,53.2868
2026-09-08,15:29,STALLION,229.2782,4.068,74.5165,3.4823
2026-09-08,15:29,STAR,2014.6344,2.3744,38.9424,30.5194
2026-09-08,15:29,STARHEALTH,623.8946,1.3578,23.5362,29.0403
2026-09-08,15:29,STEELCAS,759.8988,2.3535,44.7163,56.1573
2026-09-08,15:29,STEL,1155.6939,2.7167,50.8294,14.3781
2026-09-08,15:29,STLTECH,4411.6675,3.5134,62.9312,589.1452
2026-09-08,15:29,STOVEKRAFT,2244.4087,2.3421,43.8629,24.7882
2026-09-08,15:29,STYL,879.2202,2.9168,1.7e+308,1.7e+308
2026-09-08,15:29,STYLAMIND,7197.7347,2.5266,36.0002,94.0396
2026-09-08,15:29,STYLEBAAZA,438.7729,3.565,56.8439,4.6191
2026-09-08,15:29,STYRENIX,1269.4952,1.9141,31.0858,-18.5229
2026-09-08,15:29,SUDARSCHEM,2030.7584,2.8277,39.8826,-10.7988
2026-09-08,15:29,SUDEEPPHRM,4653.1626,2.9624,1.7e+308,1.7e+308
2026-09-08,15:29,SUMICHEM,430.7107,2.8304,35.9759,-12.2589
2026-09-08,15:29,SUNCLAY,354.119,1.9406,36.6075,-25.5469
2026-09-08,15:29,SUNDRMBRAK,987.9366,3.1082,44.0043,-4.2523
2026-09-08,15:29,SUNDRMFAST,2004.4014,1.7221,26.9412,22.5825
2026-09-08,15:29,SUNDROP,285.8999,1.6175,28.0576,-20.0994
2026-09-08,15:29,SUNFLAG,611.057,3.2165,43.3853,28.509
2026-09-08,15:29,SUNPHARMA,1710.4393,1.2796,19.5227,16.6584
2026-09-08,15:29,SUPRAJIT,233.4954,1.6985,31.7539,6.9124
2026-09-08,15:29,SUPREMEIND,409.9354,1.6016,26.8278,-21.6141
2026-09-08,15:29,SUPRIYA,1528.4181,3.8669,47.2326,41.3913
2026-09-08,15:29,SURAKSHA,433.5014,2.4855,34.0561,9.6036
2026-09-08,15:29,SUVEN,1430.1825,4.2798,58.8135,64.6708
2026-09-08,15:29,SUYOG,1055.2257,2.2935,45.1404,-8.979
2026-09-08,15:29,SVLL,973.0526,3.3309,44.4912,5.1511
2026-09-08,15:29,SWANDEF,4126.6358,1.9908,1533.8553,374.4986
2026-09-08,15:29,SWARAJENG,1012.1246,1.1371,25.5452,-15.6993
2026-09-08,15:29,SWELECTES,392.2598,2.269,45.817,-35.6411
2026-09-08,15:29,SYRMA,5407.604,2.6089,43.9341,98.6067
2026-09-08,15:29,TAINWALCHM,248.5035,2.9388,53.2843,0.3307
2026-09-08,15:29,TALBROAUTO,1042.2019,2.56,40.4614,42.0436
2026-09-08,15:29,TARIL,371.9801,2.7023,59.343,-40.3493
2026-09-08,15:29,TARSONS,797.9154,3.9402,50.7886,3.8984
2026-09-08,15:29,TASTYBITE,18583.5041,2.5401,35.2416,5.7529
2026-09-08,15:29,TATACAP,186.9823,1.6514,1.7e+308,1.7e+308
2026-09-08,15:29,TATACOMM,917.237,2.0821,33.9132,8.5998
2026-09-08,15:29,TATATECH,991.0375,2.5053,32.9232,13.7302
2026-09-08,15:29,TATVA,3659.0247,3.2616,52.4469,65.1464
2026-09-08,15:29,TBOTEK,1927.5001,2.239,40.0863,8.9921
2026-09-08,15:29,TBZ,2487.3305,5.1757,63.0359,197.1902
2026-09-08,15:29,TCIEXP,145.7408,3.0917,40.5105,-22.0988
2026-09-08,15:29,TCPLPACK,7858.2197,3.3835,44.2117,14.3249
2026-09-08,15:29,TDPOWERSYS,180.4704,6.2912,72.5495,39.3637
2026-09-08,15:29,TEJASNET,1607.18,3.3543,58.349,-0.4555
2026-09-08,15:29,TEXINFRA,155.0434,1.6344,25.733,26.3607
2026-09-08,15:29,TFCILTD,482.185,2.6119,49.9475,93.3708
2026-09-08,15:29,THANGAMAYL,13598.5478,3.8556,59.9431,145.393
2026-09-08,15:29,THEJO,2436.0425,2.108,32.0973,13.5885
2026-09-08,15:29,THELEELA,725.9132,1.9946,30.9139,29.2898
2026-09-08,15:29,THEMISMED,330.3045,3.6645,58.0036,8.2296
2026-09-08,15:29,THERMAX,4610.372,2.6422,35.22,9.6059
2026-09-08,15:29,THYROCARE,1050.5744,2.5716,40.6464,39.6053
2026-09-08,15:29,TI,793.5121,1.8777,34.6424,15.1396
2026-09-08,15:29,TIIL,7337.8946,2.3016,40.0707,26.4595
2026-09-08,15:29,TIINDIA,1886.568,2.0835,34.6849,-18.3368
2026-09-08,15:29,TIMKEN,424.819,1.6184,27.5185,2.4125
2026-09-08,15:29,TINNARUBR,2493.0982,3.424,48.8874,24.7933
2026-09-08,15:29,TIPSMUSIC,750.7205,2.7554,37.9726,7.6897
2026-09-08,15:29,TIRUPATIFL,232.193,3.6695,58.119,81.1174
2026-09-08,15:29,TITAGARH,591.6455,2.3578,36.4458,-5.035
2026-09-08,15:29,TITAN,6212.2794,1.4708,23.0494,39.6176
2026-09-08,15:29,TMB,2082.2331,2.5723,37.7032,114.537
2026-09-08,15:29,TNPETRO,273.0624,2.2559,37.9147,38.736
2026-09-08,15:29,TNPL,192.8741,1.9688,31.1098,0.3045
2026-09-08,15:29,TORNTPHARM,5971.6517,1.5435,21.8187,39.0836
2026-09-08,15:29,TRAVELFOOD,1412.7559,2.0756,31.6204,1.2268
2026-09-08,15:29,TRENT,1907.6548,2.0801,32.9573,-18.3158
2026-09-08,15:29,TRITURBINE,497.9994,2.9556,36.761,9.2072
2026-09-08,15:29,TRUALT,232.8753,2.1185,1.7e+308,1.7e+308
2026-09-08,15:29,TTKHLTCARE,1403.4529,2.1333,29.4789,0.2103
2026-09-08,15:29,TVSMOTOR,3345.2177,1.7686,27.3596,18.3484
2026-09-08,15:29,TVSSCS,192.1919,2.6521,40.4426,-3.7158
2026-09-08,15:29,TVSSRICHAK,8908.174,2.6937,42.0648,84.3541
2026-09-08,15:29,UCAL,251.7905,2.9815,45.5486,7.1668
2026-09-08,15:29,UDS,393.8103,2.3705,43.6983,-14.4415
2026-09-08,15:29,UEL,586.0021,4.4443,75.2513,102.517
2026-09-08,15:29,UFBL,3101.8605,4.5407,64.9569,180.039
2026-09-08,15:29,UFLEX,1417.4069,3.072,41.2799,23.6496
2026-09-08,15:29,UNICHEMLAB,1117.5528,4.0579,49.3845,9.7156
2026-09-08,15:29,UNIDT,313.0017,2.0324,37.2912,16.3817
2026-09-08,15:29,UNIMECH,4749.2899,3.3293,47.4306,51.3092
2026-09-08,15:29,UNIPARTS,2875.4352,2.4321,42.6281,118.1995
2026-09-08,15:29,UNITDSPR,651.1824,1.4578,23.7685,9.9488
2026-09-08,15:29,UNIVASTU,644.3604,2.9065,44.2376,93.4609
2026-09-08,15:29,UNIVCABLES,5038.6007,4.4344,58.7823,112.2355
2026-09-08,15:29,UNIVPHOTO,2151.8785,2.5705,52.2509,106.7304
2026-09-08,15:29,UNOMINDA,569.9398,1.8024,32.277,-3.4348
2026-09-08,15:29,URBANCO,316.5366,2.8589,1.7e+308,1.7e+308
2026-09-08,15:29,USHAMART,564.9783,1.8628,33.794,29.0768
2026-09-08,15:29,UTLSOLAR,1441.5318,3.2221,1.7e+308,1.7e+308
2026-09-08,15:29,UTTAMSUGAR,466.8047,2.8125,41.981,9.0857
2026-09-08,15:29,VADILALIND,19995.02,2.4722,38.1773,34.4126
2026-09-08,15:29,VALIANTLAB,350.026,2.9191,50.0681,31.5165
2026-09-08,15:29,VALIANTORG,622.5923,3.0374,53.4896,-6.1661
2026-09-08,15:29,VARROC,1722.5324,2.2313,35.7447,41.2102
2026-09-08,15:29,VEDL,216.9367,2.4729,36.3015,66.7382
2026-09-08,15:29,VEEDOL,229.4643,1.3172,25.433,-18.6118
2026-09-08,15:29,VENKEYS,1222.9822,2.197,37.9565,14.3603
2026-09-08,15:29,VENUSPIPES,5723.583,2.7796,43.954,45.439
2026-09-08,15:29,VENUSREM,5037.9807,3.3801,54.0358,259.0809
2026-09-08,15:29,VERANDA,224.5648,3.5631,52.9126,2.7505
2026-09-08,15:29,VETO,165.0282,2.4586,36.5411,12.051
2026-09-08,15:29,VHL,2358.5193,1.6041,32.0993,-8.5451
2026-09-08,15:29,VIDHIING,269.1555,2.1867,35.9416,-5.0732
2026-09-08,15:29,VIDYAWIRES,276.4734,3.306,1.7e+308,1.7e+308
2026-09-08,15:29,VIJAYA,3237.6166,2.3962,31.8445,44.2834
2026-09-08,15:29,VIMTALABS,1134.6076,2.7488,51.0155,-19.4543
2026-09-08,15:29,VINCOFE,178.672,2.6723,39.9594,18.4511
2026-09-08,15:29,VINDHYATEL,9902.9328,4.5999,58.0135,87.6604
2026-09-08,15:29,VISAKAIND,189.7112,2.7084,37.8826,13.4227
2026-09-08,15:29,VISHNU,1436.0121,1.9881,32.2296,47.6686
2026-09-08,15:29,VIYASH,373.8408,2.7641,43.1493,43.5264
2026-09-08,15:29,VMART,1361.5916,2.0522,40.4184,11.8852
2026-09-08,15:29,VOLTAMP,25073.6216,3.0001,40.0301,55.8985
2026-09-08,15:29,VSSL,649.942,2.3147,35.3626,29.7671
2026-09-08,15:29,VTL,819.8697,1.901,35.995,35.9386
2026-09-08,15:29,WABAG,5819.0899,2.8772,40.1508,31.3624
2026-09-08,15:29,WALCHANNAG,214.9522,3.6986,58.483,2.4838
2026-09-08,15:29,WANBURY,242.798,3.1852,53.0164,-4.804
2026-09-08,15:29,WELCORP,11553.2155,2.7492,39.785,195.4817
2026-09-08,15:29,WELENT,2038.2007,2.2457,37.2994,64.1729
2026-09-08,15:29,WELINV,6813.8478,2.9001,54.6113,132.07
2026-09-08,15:29,WELSPUNLIV,524.6669,2.4451,46.5266,71.6941
2026-09-08,15:29,WENDT,10034.41,2.4346,34.6836,-12.7429
2026-09-08,15:29,WESTLIFE,356.9099,2.727,39.4267,-27.7759
2026-09-08,15:29,WEWORK,546.3729,2.7962,1.7e+308,1.7e+308
2026-09-08,15:29,WHEELS,8289.8608,3.9479,48.7175,183.6329
2026-09-08,15:29,WHIRLPOOL,188.2226,1.9847,36.22,-40.4366
2026-09-08,15:29,WINDLAS,1954.4771,2.4233,35.414,15.3831
2026-09-08,15:29,WINDMACHIN,317.529,2.616,41.8554,1.7649
2026-09-08,15:29,WOCKPHARMA,5396.751,3.2817,51.9044,46.5086
2026-09-08,15:29,WONDERLA,172.0984,1.6474,29.1327,-19.7834
2026-09-08,15:29,WSTCSTPAPR,1799.4341,2.3558,38.6079,38.6102
2026-09-08,15:29,XPROINDIA,2759.7725,3.5466,50.8154,12.408
2026-09-08,15:29,YASHO,17893.2505,4.3516,59.8,130.7375
2026-09-08,15:29,YATHARTH,2231.0748,2.0228,37.8846,25.9202
2026-09-08,15:29,YUKEN,1543.302,2.256,37.1065,2.3079
2026-09-08,15:29,ZENTEC,3030.7884,2.6511,38.3521,23.186
2026-09-08,15:29,ZIMLAB,352.7548,3.0443,50.7153,69.9355
2026-09-08,15:29,ZYDUSLIFE,1658.3446,1.6872,23.6593,9.6435
2026-09-08,15:29,ZYDUSWELL,731.4949,2.3288,40.1142,10.002
2026-09-09,15:29,20MICRONS,282.241,2.6854,41.7092,-3.7603
2026-09-09,15:29,63MOONS,1460.199,3.0442,52.0137,-8.1298
2026-09-09,15:29,AAREYDRUGS,221.34,2.4712,51.3964,36.194
2026-09-09,15:29,AARTIDRUGS,262.3336,1.7423,32.0122,-16.9136
2026-09-09,15:29,AARTIIND,778.318,2.4088,37.238,27.4268
2026-09-09,15:29,AARTIPHARM,575.8315,3.2164,44.5691,-10.4388
2026-09-09,15:29,AARTISURF,638.7787,3.7152,51.0416,7.1264
2026-09-09,15:29,ABB,12183.3118,2.005,29.6748,41.0186
2026-09-09,15:29,ABCAPITAL,439.0829,1.9695,32.0388,37.2213
2026-09-09,15:29,ABDL,699.8662,2.343,40.7133,10.711
2026-09-09,15:29,ABREL,644.9806,2.2833,38.7705,-25.5523
2026-09-09,15:29,ABSLAMC,1902.6928,2.2814,36.5906,25.8927
2026-09-09,15:29,ACE,1486.5564,2.1886,35.5447,0.7239
2026-09-09,15:29,ACMESOLAR,1116.0646,2.2271,38.208,25.9724
2026-09-09,15:29,ACUTAAS,8784.7601,2.6036,44.4831,124.7972
2026-09-09,15:29,ADANIENSOL,3581.8134,2.356,40.2477,71.5026
2026-09-09,15:29,ADANIENT,7205.7973,2.1672,35.9653,29.7951
2026-09-09,15:29,ADANIGREEN,3151.7227,2.335,43.7066,33.9513
2026-09-09,15:29,ADANIPORTS,2667.3668,1.636,28.9865,27.4137
2026-09-09,15:29,ADANIPOWER,508.8524,2.1688,43.5187,65.6773
2026-09-09,15:29,ADFFOODS,655.8957,2.6879,47.9774,20.8252
2026-09-09,15:29,ADOR,3534.9899,2.377,38.0207,65.5937
2026-09-09,15:29,ADVAIT,3998.8794,3.0319,1.7e+308,1.7e+308
2026-09-09,15:29,ADVENZYMES,170.5478,2.5733,38.7267,-11.5737
2026-09-09,15:29,AEGISLOG,3997.6397,3.5508,47.527,91.2994
2026-09-09,15:29,AEGISVOPAK,390.8334,3.1175,47.1741,20.4622
2026-09-09,15:29,AEQUS,596.111,3.8211,1.7e+308,1.7e+308
2026-09-09,15:29,AEROENTER,406.1517,3.5117,52.9566,66.0472
2026-09-09,15:29,AEROFLEX,2387.6068,4.4561,58.8407,219.0165
2026-09-09,15:29,AETHER,3754.5316,2.2982,38.7178,119.6632
2026-09-09,15:29,AGARWALEYE,438.1529,1.7368,27.8823,18.4732
2026-09-09,15:29,AGI,1170.5778,2.8672,42.3164,-5.0903
2026-09-09,15:29,AGIIL,211.4793,2.8019,53.285,21.6286
2026-09-09,15:29,AHLWEST,2240.9976,3.5768,53.1842,119.5278
2026-09-09,15:29,AIAENG,1089.6464,1.7785,30.0965,35.1112
2026-09-09,15:29,AJANTPHARM,4511.1427,1.7373,25.7492,37.04
2026-09-09,15:29,AJAXENGG,319.0794,2.2469,37.3745,-11.199
2026-09-09,15:29,AKSHARCHEM,1267.9451,3.5278,49.4048,58.6054
2026-09-09,15:29,AKUMS,1835.4039,2.1524,32.5641,60.4113
2026-09-09,15:29,ALBERTDAVD,989.797,2.2931,32.3345,5.8886
2026-09-09,15:29,ALICON,326.2116,2.1686,39.4938,-15.3974
2026-09-09,15:29,ALIVUS,3010.0128,2.0949,30.3421,49.4396
2026-09-09,15:29,ALKYLAMINE,2474.493,2.9198,40.2912,-4.245
2026-09-09,15:29,ALPHAGEO,698.7497,3.9495,53.0795,22.7017
2026-09-09,15:29,AMAGI,1343.2962,3.2758,1.7e+308,1.7e+308
2026-09-09,15:29,AMANTA,639.275,2.8486,1.7e+308,47.201
2026-09-09,15:29,AMBER,7547.5136,2.4906,39.9915,-9.1482
2026-09-09,15:29,AMBIKCO,2360.3808,2.2904,34.8613,7.1561
2026-09-09,15:29,ANANDRATHI,4538.7416,1.1561,21.8909,46.4916
2026-09-09,15:29,ANANTRAJ,511.9533,2.7422,46.1232,15.0572
2026-09-09,15:29,ANDHRSUGAR,176.5635,3.0737,38.0581,29.3503
2026-09-09,15:29,ANGELONE,420.1676,2.1443,42.0163,34.5678
2026-09-09,15:29,ANTELOPUS,3966.0106,3.9397,68.0772,112.0207
2026-09-09,15:29,ANTHEM,2202.2369,1.6834,29.7212,13.1314
2026-09-09,15:29,ANUHPHR,139.8491,2.2012,35.2495,9.7447
2026-09-09,15:29,AONELIQUID,190.0213,0.0119,0.205,4.9446
2026-09-09,15:29,APARINDS,58218.8035,2.9079,45.9278,102.1784
2026-09-09,15:29,APCOTEXIND,1551.6746,3.4076,42.9632,47.3779
2026-09-09,15:29,APEX,529.0081,2.9449,67.1798,60.1439
2026-09-09,15:29,APLAPOLLO,738.6275,1.6571,26.8798,27.2823
2026-09-09,15:29,APLLTD,193.8043,1.6865,27.0805,-13.6397
2026-09-09,15:29,APOLLO,1081.893,3.3167,58.7958,31.0532
2026-09-09,15:29,APOLLOHOSP,12521.3065,1.0873,18.1092,13.8739
2026-09-09,15:29,APOLLOPIPE,1967.5008,2.9095,48.134,48.1405
2026-09-09,15:29,ARIES,1060.1868,2.6955,43.9418,16.0401
2026-09-09,15:29,ARIHANT,5263.724,217.8158,2177.1041,3211.5673
2026-09-09,15:29,ARMANFIN,3221.8022,2.7508,41.5058,42.355
2026-09-09,15:29,ARROWGREEN,2282.8593,3.0251,52.2107,41.7601
2026-09-09,15:29,ARTEMISMED,668.4231,2.2269,35.8862,48.1497
2026-09-09,15:29,ARVEE,311.8853,3.4101,67.1799,31.218
2026-09-09,15:29,ARVIND,1491.8277,2.6195,40.1648,74.6634
2026-09-09,15:29,ARVSMART,451.7964,1.9227,33.4775,-2.9192
2026-09-09,15:29,ASAHISONG,1060.0008,3.1561,50.128,35.83
2026-09-09,15:29,ASHIANA,389.7792,1.9906,31.9716,11.3557
2026-09-09,15:29,ASIANENE,1777.7278,3.371,50.5282,50.6541
2026-09-09,15:29,ASIANHOTNR,644.6706,2.9743,47.1371,26.2484
2026-09-09,15:29,ASIANPAINT,818.6292,1.2498,24.2038,-2.2503
2026-09-09,15:29,ASKAUTOLTD,1176.7795,2.7655,37.2508,21.619
2026-09-09,15:29,ASPINWALL,240.6894,2.1716,41.214,-6.1274
2026-09-09,15:29,ASTEC,1187.6326,3.5476,61.4921,-10.5285
2026-09-09,15:29,ASTERDM,1302.0543,1.6743,29.2738,23.4633
2026-09-09,15:29,ASTRAMICRO,4668.6673,2.81,42.1737,57.1139
2026-09-09,15:29,ATGL,585.4437,2.4037,47.5208,1.1063
2026-09-09,15:29,ATHERENERG,5916.4568,3.0853,50.3778,191.2174
2026-09-09,15:29,ATLANTAELE,7022.8464,3.4352,1.7e+308,1.7e+308
2026-09-09,15:29,ATUL,1398.4916,1.4759,25.3952,-2.6674
2026-09-09,15:29,ATULAUTO,368.3831,2.3526,47.1998,-13.0741
2026-09-09,15:29,AUBANK,501.7207,1.6462,29.5655,50.0743
2026-09-09,15:29,AUROPHARMA,3267.0752,1.6531,26.5997,55.2357
2026-09-09,15:29,AURUM,266.4886,1.9752,35.8232,28.8071
2026-09-09,15:29,AUSOMENT,260.9691,2.4707,51.6395,50.0779
2026-09-09,15:29,AVADHSUGAR,3014.3541,2.9805,43.4207,84.517
2026-09-09,15:29,AVALON,8820.7308,3.6192,53.9785,136.6732
2026-09-09,15:29,AVANTIFEED,168.0673,2.3939,55.9367,12.8881
2026-09-09,15:29,AVG,138.0507,3.0923,55.8141,-24.0285
2026-09-09,15:29,AVL,774.9069,1.8016,32.5348,25.9042
2026-09-09,15:29,AVTNPL,166.5787,2.3857,33.5978,21.2702
2026-09-09,15:29,AXISCADES,4356.0993,2.6817,48.6967,18.7979
2026-09-09,15:29,AYMSYNTEX,968.4631,3.2604,46.1461,66.6399
2026-09-09,15:29,AZAD,8363.662,3.0125,41.8692,75.1702
2026-09-09,15:29,BAFNAPH,1145.4608,3.2949,53.6418,157.5357
2026-09-09,15:29,BAJAJ-AUTO,14205.078,1.5019,23.0346,31.0073
2026-09-09,15:29,BAJAJCON,1288.4108,2.8986,50.6686,132.8734
2026-09-09,15:29,BAJAJHLDNG,3454.3674,1.4926,28.4453,-16.1456
2026-09-09,15:29,BAJEL,171.1059,2.2311,43.0629,-9.403
2026-09-09,15:29,BAJFINANCE,849.3283,1.7793,30.2377,3.5933
2026-09-09,15:29,BALAMINES,7649.8423,4.2621,55.0934,56.785
2026-09-09,15:29,BALPHARMA,273.9927,3.539,44.2409,26.7161
2026-09-09,15:29,BALRAMCHIN,1719.1213,3.1435,40.7945,35.6555
2026-09-09,15:29,BALUFORGE,751.9606,3.147,51.3343,-20.8896
2026-09-09,15:29,BANARISUG,433.5023,2.1849,25.1233,-2.257
2026-09-09,15:29,BANCOINDIA,244.6586,2.088,45.7728,2.7585
2026-09-09,15:29,BANDHANBNK,143.5082,2.8246,41.0593,4.1427
2026-09-09,15:29,BANSALWIRE,233.8056,2.5286,38.1194,-13.8673
2026-09-09,15:29,BASF,597.2275,2.0018,29.9134,-18.8492
2026-09-09,15:29,BBETF0432,273.5585,0.2622,3.8568,4.7044
2026-09-09,15:29,BBOX,1602.5285,3.0188,45.4477,69.9176
2026-09-09,15:29,BBTCL,249.8059,2.718,39.9732,12.8458
2026-09-09,15:29,BECTORFOOD,133.5234,2.8705,41.5719,-12.9567
2026-09-09,15:29,BELRISE,393.6862,2.2008,37.2452,58.4113
2026-09-09,15:29,BEML,2543.9529,2.0771,39.4972,-5.0855
2026-09-09,15:29,BEPL,316.8467,2.6934,34.6426,26.9823
2026-09-09,15:29,BETA,4371.6051,4.098,1.7e+308,1.7e+308
2026-09-09,15:29,BFINVEST,469.1615,2.5091,36.6938,-3.3734
2026-09-09,15:29,BHAGCHEM,283.3573,2.8307,44.7464,-1.9604
2026-09-09,15:29,BHAGERIA,844.9865,3.4753,50.9617,56.2974
2026-09-09,15:29,BHAGYANGR,1515.9524,3.8475,62.8209,341.2111
2026-09-09,15:29,BHARATBOND-APR30,327.8858,0.1226,1.7193,4.7588
2026-09-09,15:29,BHARATBOND-APR31,278.5823,0.1452,1.9682,4.3268
2026-09-09,15:29,BHARATBOND-APR32,232.8755,0.1536,2.1259,3.7769
2026-09-09,15:29,BHARATBOND-APR33,209.2465,0.1616,2.258,3.416
2026-09-09,15:29,BHARATFORG,3733.4455,1.7513,30.6965,61.8643
2026-09-09,15:29,BHARATSE,498.6196,3.3748,61.427,31.5478
2026-09-09,15:29,BHEL,1126.2354,2.2293,36.3975,89.6205
2026-09-09,15:29,BIL,1903.9328,2.949,46.6748,27.8864
2026-09-09,15:29,BIOCON,166.2065,1.533,25.4763,8.1599
2026-09-09,15:29,BIRLACABLE,1386.1502,3.6935,53.8168,116.7061
2026-09-09,15:29,BLACKBUCK,187.9125,2.1583,39.9693,-7.14
2026-09-09,15:29,BLISSGVS,3239.477,3.5424,60.0009,354.3875
2026-09-09,15:29,BLSE,997.8595,2.3724,43.7303,68.3912
2026-09-09,15:29,BLUEJET,1024.837,2.8246,48.4324,-19.7573
2026-09-09,15:29,BLUESTONE,2776.5176,3.2573,53.1518,36.1782
2026-09-09,15:29,BLUSPRING,445.5948,4.5099,57.1913,65.0063
2026-09-09,15:29,BODALCHEM,791.5277,4.108,52.0448,166.8651
2026-09-09,15:29,BOSCH-HCIL,2580.5433,2.2649,36.3316,2.605
2026-09-09,15:29,BOSCHLTD,80436.5254,1.5885,28.4522,23.1039
2026-09-09,15:29,BRIGADE,671.8963,2.6639,36.5954,-6.5311
2026-09-09,15:29,BSE,4413.7757,1.99,39.9388,49.4548
2026-09-09,15:29,BUILDPRO,3587.7043,2.9092,1.7e+308,1.7e+308
2026-09-09,15:29,BUTTERFLY,146.0508,2.6267,40.0259,-11.6732
2026-09-09,15:29,CAMS,241.2477,1.907,29.666,-7.3546
2026-09-09,15:29,CAPITALSFB,146.3609,1.6889,25.5074,-4.1838
2026-09-09,15:29,CAPLIPOINT,5663.4264,2.4495,33.9453,21.2638
2026-09-09,15:29,CARBORUNIV,1932.461,2.2454,36.2614,10.1702
2026-09-09,15:29,CARERATING,735.5258,1.8451,30.4922,6.9984
2026-09-09,15:29,CARRARO,289.3108,2.1683,43.9147,18.4546
2026-09-09,15:29,CARTRADE,2739.3083,3.381,56.0895,29.4628
2026-09-09,15:29,CARYSIL,2384.8782,2.7072,45.098,25.1776
2026-09-09,15:29,CASHIETF,190.7655,0.0124,0.2106,4.948
2026-09-09,15:29,CCL,822.0397,1.9045,32.5099,24.4592
2026-09-09,15:29,CDSL,857.6997,1.6857,31.4638,-11.4633
2026-09-09,15:29,CEIGALL,622.0341,2.2402,31.1063,39.7231
2026-09-09,15:29,CEMPRO,3951.1263,4.113,53.5211,62.1128
2026-09-09,15:29,CENTENKA,843.4362,2.9494,36.6017,12.1855
2026-09-09,15:29,CENTUM,12131.2178,3.1149,50.2563,57.1001
2026-09-09,15:29,CERA,4060.896,1.9924,28.006,-9.8624
2026-09-09,15:29,CGCL,657.3841,2.4129,34.677,46.4201
2026-09-09,15:29,CGPOWER,2046.8831,2.1832,34.1164,18.0227
2026-09-09,15:29,CHALET,207.7582,1.6812,28.7585,-12.9282
2026-09-09,15:29,CHEMBOND,449.5639,3.3822,52.6644,20.1396
2026-09-09,15:29,CHEMBONDCH,662.2214,3.6256,60.9968,30.9152
2026-09-09,15:29,CHEMCON,258.1783,2.8737,48.1711,-8.2607
2026-09-09,15:29,CHENNPETRO,4785.8803,3.2773,51.3994,118.3303
2026-09-09,15:29,CHEVIOT,1089.6452,2.1425,28.1958,-1.4472
2026-09-09,15:29,CHOLAFIN,1547.3333,2.0193,33.0849,20.9416
2026-09-09,15:29,CIPLA,212.0991,1.4861,21.19,-13.432
2026-09-09,15:29,CLCIND,287.3265,21.9404,224.2397,1679.2727
2026-09-09,15:29,CLSEL,404.6634,2.7915,43.269,9.0195
2026-09-09,15:29,CNL,2885.358,3.3428,1.7e+308,1.7e+308
2026-09-09,15:29,CNXENERGY,26526.6691,0.7696,15.7473,9.7118
2026-09-09,15:29,CNXINFRA,1216.4731,0.7334,14.8472,0.5014
2026-09-09,15:29,CNXMIDCAP,33935.9034,0.7812,16.3705,7.4975
2026-09-09,15:29,CNXMNC,13649.4048,0.7819,14.3302,5.7506
2026-09-09,15:29,CNXNIFTYJUNIOR,40269.7662,0.8666,16.7586,6.8332
2026-09-09,15:29,CNXPHARMA,31979.2554,0.8282,13.717,19.4734
2026-09-09,15:29,CNXREALTY,660.795,1.6101,26.1336,-1.3739
2026-09-09,15:29,CNXSMALLCAP,22442.5348,0.9077,17.9566,11.3786
2026-09-09,15:29,COFORGE,1175.8491,2.8091,39.1116,4.5918
2026-09-09,15:29,COHANCE,455.5176,3.5048,51.2259,-54.7787
2026-09-09,15:29,COMSYN,844.1804,4.1016,49.9259,94.7804
2026-09-09,15:29,CONCORDBIO,2015.5644,2.552,40.3201,-10.6467
2026-09-09,15:29,CONFIPET,366.3986,3.6116,61.2437,84.6436
2026-09-09,15:29,CONSOFINVT,878.2278,2.2863,41.8153,56.4279
2026-09-09,15:29,CORDSCABLE,1245.4947,4.0453,53.0638,106.3677
2026-09-09,15:29,CORONA,4641.9999,2.0401,1.7e+308,1.7e+308
2026-09-09,15:29,COSMOFIRST,2045.9531,2.3515,40.0193,-1.8722
2026-09-09,15:29,CPCAP,211.9754,2.9957,44.0062,-8.8552
2026-09-09,15:29,CPPLUS,14602.6099,2.7371,45.1824,161.0523
2026-09-09,15:29,CRAFTSMAN,27340.3564,2.1215,36.0247,76.3801
2026-09-09,15:29,CREDITACC,762.1928,2.5244,39.5743,8.0149
2026-09-09,15:29,CRISIL,140.7806,1.5768,27.3908,-6.2105
2026-09-09,15:29,CUMMINSIND,7129.5171,1.7994,28.242,28.2875
2026-09-09,15:29,CUPID,1230.4867,3.044,57.5628,605.2446
2026-09-09,15:29,CYIENTDLM,3573.1308,3.1772,45.3142,107.2658
2026-09-09,15:29,DALMIASUG,985.4559,3.149,44.4545,16.7273
2026-09-09,15:29,DATAMATICS,403.1129,2.1995,41.9697,-15.8631
2026-09-09,15:29,DATAPATTNS,14960.4513,3.4049,50.6137,80.1254
2026-09-09,15:29,DCBBANK,292.2879,2.0997,39.5603,79.5215
2026-09-09,15:29,DCI,298.1794,3.6925,56.5915,13.1161
2026-09-09,15:29,DCMNVL,275.6052,3.1959,46.9129,12.746
2026-09-09,15:29,DEEDEV,3015.0983,3.3481,54.3291,134.0038
2026-09-09,15:29,DEEPAKFERT,2279.7586,2.2053,41.1797,-3.0627
2026-09-09,15:29,DEEPAKNTR,321.2503,1.9511,28.895,-6.1557
2026-09-09,15:29,DEEPINDS,2665.1964,3.0069,46.5422,48.6963
2026-09-09,15:29,DENORA,1459.2686,2.5647,41.7549,-2.9451
2026-09-09,15:29,DENTA,150.0821,2.9374,52.3207,-27.0479
2026-09-09,15:29,DHAMPURSUG,349.2197,2.6237,38.7199,26.5679
2026-09-09,15:29,DHARMAJ,211.6033,1.802,34.8847,-21.2933
2026-09-09,15:29,DIACABS,1333.9935,3.4268,46.94,122.5028
2026-09-09,15:29,DIAMONDYD,217.0608,2.3288,34.0207,6.8518
2026-09-09,15:29,DICIND,456.1377,2.5226,37.0066,9.4259
2026-09-09,15:29,DIFFNKG,1263.7898,3.2322,48.3015,12.4856
2026-09-09,15:29,DIVGIITTS,3426.4595,3.0855,45.2928,76.617
2026-09-09,15:29,DIVISLAB,21284.3605,1.5683,24.1708,57.438
2026-09-09,15:29,DIXON,22630.1373,2.286,39.0223,-23.521
2026-09-09,15:29,DLF,258.9225,1.9058,29.7684,-13.6208
2026-09-09,15:29,DLINKINDIA,204.3471,1.8049,32.9578,-9.8698
2026-09-09,15:29,DMART,752.271,1.4391,24.3615,-19.0963
2026-09-09,15:29,DMCC,377.0035,2.9491,48.5644,-4.5116
2026-09-09,15:29,DOLPHIN,1611.5213,2.9778,54.5448,70.6102
2026-09-09,15:29,DPABHUSHAN,950.1058,3.2846,44.9068,-9.7268
2026-09-09,15:29,DSSL,582.0328,3.971,55.4664,5.8683
2026-09-09,15:29,DVL,212.0995,2.1016,40.6181,-17.6772
2026-09-09,15:29,DYCL,1015.5344,4.3395,59.0578,5.9779
2026-09-09,15:29,DYNAMATECH,20366.5034,2.7898,45.5828,72.593
2026-09-09,15:29,E2E,2324.783,3.6397,58.4079,96.0053
2026-09-09,15:29,EBBETF0430,372.2904,0.1903,2.98,5.0559
2026-09-09,15:29,EBBETF0431,284.7212,0.2471,3.9059,4.8024
2026-09-09,15:29,EBBETF0433,308.2881,0.2496,4.252,5.1154
2026-09-09,15:29,EBGNG,2597.5973,3.8098,54.1663,90.3126
2026-09-09,15:29,EDELWEISS,194.8586,2.5048,40.9958,15.8273
2026-09-09,15:29,EICHERMOT,5240.4675,1.4344,26.9341,12.5018
2026-09-09,15:29,EIEL,211.4792,2.9224,47.9087,-18.7781
2026-09-09,15:29,EIMCOELECO,3081.0231,2.6581,52.7648,1.2165
2026-09-09,15:29,ELECON,153.493,2.6728,45.3058,-30.1582
2026-09-09,15:29,ELECTHERM,1147.9413,4.6508,62.5555,-6.7047
2026-09-09,15:29,ELGIEQUIP,1116.9326,1.8434,33.6075,32.2188
2026-09-09,15:29,ELGIRUBCO,133.7715,4.1059,70.0357,-10.2315
2026-09-09,15:29,ELIQUID,185.5559,0.0117,1.7e+308,1.7e+308
2026-09-09,15:29,ELLEN,586.3741,3.2409,49.6452,-35.5099
2026-09-09,15:29,EMAMIPAP,202.6728,3.1688,47.1379,12.2799
2026-09-09,15:29,EMCURE,2661.1651,1.929,32.5825,41.923
2026-09-09,15:29,EMIL,576.6375,3.1832,47.2411,22.6992
2026-09-09,15:29,EMMVEE,846.8471,2.9787,1.7e+308,1.7e+308
2026-09-09,15:29,EMSLIMITED,300.164,3.7192,55.3859,-30.6863
2026-09-09,15:29,ENDURANCE,1987.6566,1.8265,30.8457,-3.8821
2026-09-09,15:29,ENGINERSIN,647.5234,2.5942,42.4266,30.795
2026-09-09,15:29,ENRIN,4407.574,2.794,38.5747,-5.9857
2026-09-09,15:29,ENTERO,4177.4905,2.6596,39.718,58.4041
2026-09-09,15:29,EPACKPEB,317.1568,3.6015,1.7e+308,1.7e+308
2026-09-09,15:29,EPIGRAL,1236.6265,2.6673,41.1057,-34.8466
2026-09-09,15:29,EPL,331.8549,2.2052,33.1914,9.7127
2026-09-09,15:29,ESABINDIA,2452.7869,2.1465,30.4544,16.2795
2026-09-09,15:29,ETERNAL,316.5988,1.8353,33.0308,-0.2489
2026-09-09,15:29,ETHOSLTD,1443.7646,2.476,37.0951,15.7513
2026-09-09,15:29,EVEREADY,179.5402,2.2386,35.2961,-20.1919
2026-09-09,15:29,EXCELINDUS,367.7633,2.3365,34.9306,-13.6272
2026-09-09,15:29,EXICOM,514.4961,4.726,60.1016,24.5478
2026-09-09,15:29,EXIDEIND,583.5835,2.1432,29.8151,-1.8636
2026-09-09,15:29,FAZE3Q,719.4015,2.5697,62.7545,-6.192
2026-09-09,15:29,FCL,224.1928,4.5403,60.2018,146.6441
2026-09-09,15:29,FEDERALBNK,371.484,1.4206,25.885,77.5057
2026-09-09,15:29,FILATEX,173.8967,3.2368,45.7841,35.2973
2026-09-09,15:29,FINCABLES,3918.8776,3.3287,42.3295,59.863
2026-09-09,15:29,FINEORG,6091.347,1.6425,29.5201,7.6529
2026-09-09,15:29,FIVESTAR,488.6968,2.2139,39.9507,-1.3784
2026-09-09,15:29,FLUOROCHEM,11068.8585,1.9182,31.9181,27.9651
2026-09-09,15:29,FMGOETZE,181.711,3.1039,45.5058,-19.7516
2026-09-09,15:29,FORTIS,509.7828,1.3668,26.0293,-5.6701
2026-09-09,15:29,FOSECOIND,10503.8827,2.5933,43.6246,-0.5154
2026-09-09,15:29,GABRIEL,2735.2763,2.8547,49.5231,10.5173
2026-09-09,15:29,GAEL,178.486,2.3735,36.0722,49.9414
2026-09-09,15:29,GALAPREC,1278.4878,3.3159,44.3871,26.9501
2026-09-09,15:29,GALAXYSURF,2852.1781,2.7293,35.7025,-4.1941
2026-09-09,15:29,GALLANTT,250.5499,2.7133,55.3646,-18.9908
2026-09-09,15:29,GANDHAR,762.6897,3.7808,48.9481,83.1175
2026-09-09,15:29,GANDHITUBE,1230.7347,2.0211,40.989,-5.3197
2026-09-09,15:29,GANECOS,1904.8636,2.6187,50.3346,-22.6601
2026-09-09,15:29,GANESHBE,360.3209,3.2414,45.1379,34.8801
2026-09-09,15:29,GARFIBRES,1116.0022,2.5483,37.8698,4.7852
2026-09-09,15:29,GARUDA,153.493,2.8809,55.9115,-10.5853
2026-09-09,15:29,GCSL,1898.9719,2.6413,1.7e+308,114.6576
2026-09-09,15:29,GEECEE,357.2201,2.1096,39.25,-4.3621
2026-09-09,15:29,GENUSPOWER,360.9412,2.4096,41.5875,1.6216
2026-09-09,15:29,GESHIP,1243.4482,2.5244,35.1292,40.4637
2026-09-09,15:29,GHCLTEXTIL,368.2591,2.646,40.0482,64.8415
2026-09-09,15:29,GIPCL,397.8414,2.1584,35.8651,7.6404
2026-09-09,15:29,GKENERGY,162.9196,2.8324,1.7e+308,1.7e+308
2026-09-09,15:29,GKSL,439.5791,2.1572,1.7e+308,1.7e+308
2026-09-09,15:29,GLAND,7391.8494,2.6156,32.8881,49.7229
2026-09-09,15:29,GLAXO,2987.9971,1.6878,25.323,4.1889
2026-09-09,15:29,GLENMARK,3069.8597,1.7115,26.8982,14.1852
2026-09-09,15:29,GLOBAL,252.1626,2.5961,44.0504,97.0275
2026-09-09,15:29,GMMPFAUDLR,2045.6431,2.4693,34.4005,14.0984
2026-09-09,15:29,GNA,1169.9576,2.9211,46.2993,73.6562
2026-09-09,15:29,GNFC,712.2693,2.0604,30.4648,13.6809
2026-09-09,15:29,GOACARBON,524.977,2.9601,41.9313,1.3558
2026-09-09,15:29,GOCLCORP,1075.0711,2.7768,45.5031,22.5898
2026-09-09,15:29,GODREJAGRO,963.75,1.7301,30.8338,-8.0983
2026-09-09,15:29,GODREJIND,951.0366,3.3112,41.4183,-6.3847
2026-09-09,15:29,GODREJPROP,2110.4506,2.0951,35.4163,-7.0939
2026-09-09,15:29,GOKEX,1092.7461,2.2992,57.0125,2.6799
2026-09-09,15:29,GOKULAGRO,442.3078,2.1829,44.6209,27.4516
2026-09-09,15:29,GOLDIAM,148.5315,2.948,54.0614,-17.3951
2026-09-09,15:29,GPTHEALTH,211.7273,1.7304,25.915,6.3011
2026-09-09,15:29,GRANULES,2061.4571,1.6522,29.2459,65.5844
2026-09-09,15:29,GRAPHITE,1546.0933,2.6911,42.6232,58.3521
2026-09-09,15:29,GRASIM,3487.8561,1.3716,22.727,17.773
2026-09-09,15:29,GRAVITA,834.7536,2.0825,36.4391,2.4087
2026-09-09,15:29,GREAVESCOT,177.2456,3.0716,44.4869,-10.7285
2026-09-09,15:29,GREENPLY,420.2296,2.4197,39.7346,-7.889
2026-09-09,15:29,GRINDWELL,2318.8295,2.8265,35.8138,15.4329
2026-09-09,15:29,GROBTEA,314.1181,2.0865,39.352,-3.9352
2026-09-09,15:29,GROWW,164.5321,2.2887,1.7e+308,1.7e+308
2026-09-09,15:29,GROWWDEFNC,138.2987,1.2475,24.6828,23.3379
2026-09-09,15:29,GRPLTD,2125.9557,2.4831,42.2004,-6.702
2026-09-09,15:29,GRWRHITECH,23560.3978,2.8668,54.9885,103.2967
2026-09-09,15:29,GUFICBIO,786.6903,2.4969,35.3006,16.1408
2026-09-09,15:29,GUJALKALI,1648.1115,2.4499,39.778,17.0802
2026-09-09,15:29,GUJTHEM,657.6941,3.3982,51.2144,14.1513
2026-09-09,15:29,GULFPETRO,217.4329,2.895,40.5215,62.4215
2026-09-09,15:29,GULPOLY,333.3433,2.5849,42.0184,11.3408
2026-09-09,15:29,GVPIL,2274.1769,3.4799,60.115,80.0984
2026-09-09,15:29,GVT&D,8864.7619,2.9542,44.5356,67.5992
2026-09-09,15:29,HAL,3867.4036,1.5697,27.1798,5.3713
2026-09-09,15:29,HALEOSLABS,1435.7021,3.0939,41.8964,22.6977
2026-09-09,15:29,HAPPYFORGE,7585.9641,2.305,35.8691,140.9202
2026-09-09,15:29,HARRMALAYA,147.2293,2.6165,36.8214,-10.5755
2026-09-09,15:29,HARSHA,537.3804,2.166,31.5029,11.3731
2026-09-09,15:29,HATSUN,1911.375,2.0005,35.4766,32.1541
2026-09-09,15:29,HCG,739.5571,1.9978,31.2254,5.0339
2026-09-09,15:29,HDFCLIQUID,188.5329,0.0118,0.2001,4.8292
2026-09-09,15:29,HDFCSML250,186.8584,0.8821,17.141,7.2767
2026-09-09,15:29,HEALTHIETF,181.5868,0.8008,13.6192,12.7967
2026-09-09,15:29,HERITGFOOD,166.5167,1.9473,34.6093,-21.9828
2026-09-09,15:29,HESTERBIO,5027.1284,3.6057,42.5923,11.5026
2026-09-09,15:29,HFCL,1113.7699,3.7235,50.0279,236.1134
2026-09-09,15:29,HIKAL,313.6839,3.5569,48.5594,-6.51
2026-09-09,15:29,HINDALCO,736.1462,1.6622,28.6179,35.466
2026-09-09,15:29,HINDOILEXP,246.333,2.6305,46.3803,16.1369
2026-09-09,15:29,HINDZINC,218.9216,2.1496,40.2214,30.7701
2026-09-09,15:29,HIRECT,4048.4937,3.5179,55.6985,52.6275
2026-09-09,15:29,HITECHCORP,1131.1967,3.6206,51.0697,64.4205
2026-09-09,15:29,HMT,136.7483,2.3184,37.9817,5.2765
2026-09-09,15:29,HNDFDS,968.7114,1.7711,27.0731,15.5942
2026-09-09,15:29,HOMEFIRST,515.985,2.0154,37.0021,-7.7142
2026-09-09,15:29,HONASA,1209.6487,1.8752,31.2345,57.2263
2026-09-09,15:29,HONAUT,7690.1535,2.3166,30.4121,-8.217
2026-09-09,15:29,HSCL,1373.6847,2.7553,35.473,42.0162
2026-09-09,15:29,HUHTAMAKI,524.7289,2.7888,40.817,17.6897
2026-09-09,15:29,IBMFNIFTY,163.7258,0.9924,18.7237,9.1115
2026-09-09,15:29,ICDSLTD,158.2683,4.3886,68.9735,39.6439
2026-09-09,15:29,ICICIAMC,473.8121,1.8096,1.7e+308,1.7e+308
2026-09-09,15:29,ICICIBANK,340.4755,1.1365,19.3053,-2.0174
2026-09-09,15:29,ICICINIFTY,226.5494,0.5775,9.4792,21.3359
2026-09-09,15:29,ICIL,1340.0092,3.5164,62.3462,56.6191
2026-09-09,15:29,IDEAFORGE,1907.3442,4.0876,56.703,44.4487
2026-09-09,15:29,IFBIND,997.2396,2.5726,44.0501,-15.6872
2026-09-09,15:29,IFCI,195.5408,4.0148,54.4197,66.6854
2026-09-09,15:29,IFGLEXPOR,227.2936,3.4019,52.9133,-13.178
2026-09-09,15:29,IGPL,1308.8767,2.39,38.9193,28.2836
2026-09-09,15:29,IIFL,802.5049,2.6156,40.4713,39.259
2026-09-09,15:29,IIFLCAPS,211.1691,1.1801,40.4507,15.3361
2026-09-09,15:29,IKIO,414.5861,4.0077,54.6706,-2.0835
2026-09-09,15:29,IKS,1373.6847,2.1335,34.1241,16.3173
2026-09-09,15:29,IMFA,847.1571,2.4833,49.9331,26.2076
2026-09-09,15:29,IMPAL,366.5225,2.1648,26.7889,9.8973
2026-09-09,15:29,INDGN,657.0739,1.6995,27.5074,1.965
2026-09-09,15:29,INDHOTEL,362.4916,1.4269,25.1401,-7.0657
2026-09-09,15:29,INDIGO,2390.7695,1.9928,33.798,-13.1384
2026-09-09,15:29,INDIGOPNTS,493.6581,2.0232,35.2263,-3.0789
2026-09-09,15:29,INDIQUBE,175.7572,2.2786,36.6225,-9.3997
2026-09-09,15:29,INDNIPPON,3660.8855,3.0712,46.0273,39.1945
2026-09-09,15:29,INDOBORAX,1659.5228,4.1605,50.1921,108.6873
2026-09-09,15:29,INDORAMA,289.497,4.0984,57.1849,60.4807
2026-09-09,15:29,INDOSTAR,318.5212,2.8486,46.4568,-6.3779
2026-09-09,15:29,INDOTECH,14923.2386,3.215,60.1811,105.2809
2026-09-09,15:29,INDSWFTLAB,1710.5629,3.9684,56.5108,267.7013
2026-09-09,15:29,INDUSINDBK,672.2684,1.7658,28.8398,35.5841
2026-09-09,15:29,INGERRAND,8136.6786,2.3649,31.2288,21.8047
2026-09-09,15:29,INNOVACAP,3068.6189,2.221,34.8895,38.2852
2026-09-09,15:29,INOXINDIA,6732.6052,3.2188,40.273,86.8428
2026-09-09,15:29,IOLCP,843.4982,3.6747,52.6972,80.7965
2026-09-09,15:29,IONEXCHANG,539.5511,2.9471,40.9801,5.8432
2026-09-09,15:29,IPCALAB,3470.4917,1.8061,31.5325,49.3459
2026-09-09,15:29,IRISDOREME,174.8269,2.1067,38.7843,96.0345
2026-09-09,15:29,IRMENERGY,228.7201,3.6556,52.7118,3.0231
2026-09-09,15:29,ISGEC,195.9747,1.9894,40.0991,-20.7685
2026-09-09,15:29,ITDC,456.4481,3.716,58.2214,-3.1382
2026-09-09,15:29,IVP,470.8358,2.9983,44.7802,32.7507
2026-09-09,15:29,IZMO,2099.9079,3.0932,68.7155,10.1612
2026-09-09,15:29,J&KBANK,272.4423,2.9479,40.7302,44.2663
2026-09-09,15:29,JAGSNPHARM,411.2991,1.9539,33.1814,-2.084
2026-09-09,15:29,JASH,827.3116,2.6626,38.5881,0.387
2026-09-09,15:29,JAYAGROGN,512.1393,2.7772,41.0361,7.1265
2026-09-09,15:29,JAYBARMARU,195.4167,4.2248,60.6684,23.8568
2026-09-09,15:29,JBMA,370.8638,2.0931,43.9579,-13.8439
2026-09-09,15:29,JGCHEM,1863.9319,3.1484,46.7119,31.3753
2026-09-09,15:29,JINDALPOLY,1763.7741,2.526,48.813,11.2905
2026-09-09,15:29,JINDALSAW,863.716,2.5955,46.4602,49.8846
2026-09-09,15:29,JINDALSTEL,275.9773,1.451,28.3541,10.6714
2026-09-09,15:29,JINDRILL,1228.5641,3.1433,50.7922,12.2356
2026-09-09,15:29,JINDWORLD,188.5328,4.8276,63.178,53.361
2026-09-09,15:29,JKIPL,148.7797,2.8702,1.7e+308,1.7e+308
2026-09-09,15:29,JKPAPER,520.0157,2.0292,39.8229,4.941
2026-09-09,15:29,JNKINDIA,1325.4973,4.2144,56.2224,45.1162
2026-09-09,15:29,JOCIL,166.3926,2.3184,36.4886,-5.0087
2026-09-09,15:29,JSFB,1056.7761,2.9347,41.3476,17.0815
2026-09-09,15:29,JSWDULUX,2818.6893,1.7282,28.5899,-5.5552
2026-09-09,15:29,JSWENERGY,582.9633,1.8373,29.9571,1.7213
2026-09-09,15:29,JSWINFRA,513.1937,2.1299,31.7771,8.295
2026-09-09,15:29,JSWSTEEL,734.9058,1.1628,23.5651,19.1993
2026-09-09,15:29,JUBLCPL,395.0518,3.369,51.9319,-17.5379
2026-09-09,15:29,JUBLINGREA,309.7768,2.0796,35.8314,-5.0258
2026-09-09,15:29,JUBLPHARMA,317.219,1.7069,29.3845,-9.2043
2026-09-09,15:29,JUNIORBEES,441.8117,0.8165,15.9924,7.805
2026-09-09,15:29,JUSTDIAL,158.7647,3.1599,39.2793,-21.1105
2026-09-09,15:29,JYOTICNC,1311.3573,2.8503,44.944,12.098
2026-09-09,15:29,KABRAEXTRU,2882.4433,3.808,56.1646,134.8388
2026-09-09,15:29,KAJARIACER,2195.4144,1.5651,28.9074,1.1014
2026-09-09,15:29,KALYANIFRG,1852.1488,3.6668,50.6335,31.69
2026-09-09,15:29,KALYANKJIL,1480.3544,3.5033,47.3875,20.8553
2026-09-09,15:29,KANORICHEM,604.6073,3.0207,43.3527,97.3031
2026-09-09,15:29,KANPRPLA,516.1705,3.0192,55.3706,8.5352
2026-09-09,15:29,KAPSTON,1894.4445,2.9569,41.4235,248.2903
2026-09-09,15:29,KARURVYSYA,338.3049,2.2358,36.5468,61.6056
2026-09-09,15:29,KAUSHALYA,417.0668,3.1938,56.6545,-32.0343
2026-09-09,15:29,KAYNES,340.4747,3.5055,53.6347,-49.5921
2026-09-09,15:29,KDDL,9569.899,3.2542,44.0397,61.8819
2026-09-09,15:29,KECL,255.1394,2.9409,46.879,0.2698
2026-09-09,15:29,KEI,4310.8278,2.3543,35.0864,13.1753
2026-09-09,15:29,KENNAMET,12184.8638,2.9012,36.1012,124.4462
2026-09-09,15:29,KERNEX,3169.0875,4.3391,63.0674,52.9045
2026-09-09,15:29,KHAITANLTD,395.8568,4.1727,53.2303,32.4577
2026-09-09,15:29,KICL,2562.5588,1.6958,32.6786,3.6665
2026-09-09,15:29,KILITCH,163.5398,3.0357,45.797,4.677
2026-09-09,15:29,KIMS,1041.8918,1.926,31.3409,0.3624
2026-09-09,15:29,KINGFA,12345.7985,1.9737,37.2953,30.5855
2026-09-09,15:29,KIOCL,138.9189,2.1342,55.4965,-19.8907
2026-09-09,15:29,KIRIINDUS,568.6993,2.647,50.1588,-5.8788
2026-09-09,15:29,KIRLOSBROS,2231.3844,2.1879,37.9883,-6.4516
2026-09-09,15:29,KIRLOSENG,6694.774,3.3371,46.9318,150.4682
2026-09-09,15:29,KIRLOSIND,4042.2923,3.078,41.5519,-6.9611
2026-09-09,15:29,KKCL,407.144,1.8762,33.1739,-2.6261
2026-09-09,15:29,KMEW,8015.7447,3.8199,62.077,171.7895
2026-09-09,15:29,KOLTEPATIL,435.0518,2.5387,34.684,-4.7844
2026-09-09,15:29,KOPRAN,672.3303,3.2893,50.116,31.5503
2026-09-09,15:29,KOTAKNIFTY,163.0436,0.6498,9.3393,29.8333
2026-09-09,15:29,KOTHARIPET,199.7579,2.542,39.4909,-3.8486
2026-09-09,15:29,KOVAI,22521.2965,11.3529,116.1223,233.9579
2026-09-09,15:29,KPIL,1508.2621,1.6646,29.3224,8.8654
2026-09-09,15:29,KPRMILL,1566.2489,2.5401,41.6829,12.8005
2026-09-09,15:29,KRBL,590.7154,2.4386,41.0278,-2.1729
2026-09-09,15:29,KRISHANA,547.8614,3.1087,45.6751,64.4193
2026-09-09,15:29,KRISHIVAL,505.4415,1.8725,37.4056,-8.7602
2026-09-09,15:29,KRISHNADEF,524.0464,3.2011,1.7e+308,1.7e+308
2026-09-09,15:29,KRN,5842.3464,3.1115,49.0581,87.7851
2026-09-09,15:29,KRONOX,307.4201,3.9262,50.3116,-0.6621
2026-09-09,15:29,KROSS,140.0352,2.8106,50.8781,1.0116
2026-09-09,15:29,KRYSTAL,205.5877,1.7626,40.3495,-1.2533
2026-09-09,15:29,KSB,744.8288,1.9064,30.9171,-2.7428
2026-09-09,15:29,KSHINTL,5076.1219,3.7169,1.7e+308,1.7e+308
2026-09-09,15:29,KSL,1395.0808,2.2868,35.7724,12.402
2026-09-09,15:29,KTKBANK,930.8807,1.9903,34.0062,85.0869
2026-09-09,15:29,LALPATHLAB,3040.091,2.2217,29.9895,14.818
2026-09-09,15:29,LAMBODHARA,144.6245,3.6039,53.7185,-12.1561
2026-09-09,15:29,LANDMARK,470.7118,3.0966,46.7489,-23.0107
2026-09-09,15:29,LAURUSLABS,6243.9085,1.8118,29.7301,116.171
2026-09-09,15:29,LAXMIINDIA,252.3487,3.3183,58.1992,-18.9629
2026-09-09,15:29,LENSKART,1587.3346,1.4753,1.7e+308,1.7e+308
2026-09-09,15:29,LFIC,218.6733,2.3594,47.5315,-27.6814
2026-09-09,15:29,LGBBROSLTD,341.0955,1.5322,38.6332,29.5461
2026-09-09,15:29,LGEINDIA,1518.1855,1.7881,1.7e+308,1.7e+308
2026-09-09,15:29,LICHSGFIN,293.9623,1.7159,25.3047,-2.1337
2026-09-09,15:29,LIKHITHA,338.1807,2.7499,51.5052,-10.5112
2026-09-09,15:29,LINCOLN,1094.2965,2.715,39.7997,14.9996
2026-09-09,15:29,LINDEINDIA,2645.0407,1.5146,27.5154,-1.3434
2026-09-09,15:29,LIQGRWBEES,176.564,0.0108,0.1888,4.6761
2026-09-09,15:29,LIQUID1,200.3156,0.0118,0.2007,4.996
2026-09-09,15:29,LIQUIDADD,199.8819,0.0114,0.1975,4.8843
2026-09-09,15:29,LIQUIDBETF,188.8433,0.0119,0.2095,4.7899
2026-09-09,15:29,LIQUIDPLUS,194.7968,0.0119,0.2039,4.9615
2026-09-09,15:29,LIQUIDSHRI,187.6025,0.0109,0.1947,4.6964
2026-09-09,15:29,LLOYDSENGG,235.666,3.3279,49.6825,28.2897
2026-09-09,15:29,LLOYDSME,4552.0748,1.8759,36.7762,39.4215
2026-09-09,15:29,LMW,21544.8334,1.8483,32.1655,20.7204
2026-09-09,15:29,LODHA,1539.8912,2.5261,37.6316,-0.1969
2026-09-09,15:29,LOKESHMACH,1154.8254,2.801,52.1358,82.5787
2026-09-09,15:29,LOTUSDEV,296.009,2.6467,44.2888,7.364
2026-09-09,15:29,LOYALTEX,135.57,2.5105,51.9188,-25.7875
2026-09-09,15:29,LT,673.5092,1.1788,25.0635,9.576
2026-09-09,15:29,LTF,194.1143,2.0784,34.577,32.1076
2026-09-09,15:29,LTFOODS,573.9707,1.7405,39.0933,-1.9987
2026-09-09,15:29,LUMAXIND,9466.3303,2.2712,51.0985,48.1605
2026-09-09,15:29,LUMAXTECH,4361.061,2.955,54.3813,82.0726
2026-09-09,15:29,LUXIND,1327.1717,2.6393,45.6606,-14.5532
2026-09-09,15:29,LXCHEM,244.8445,2.9326,43.8693,-19.0424
2026-09-09,15:29,MACPOWER,6122.975,3.9478,53.7793,105.7061
2026-09-09,15:29,MAFANG,374.0887,1.7787,24.6036,37.0388
2026-09-09,15:29,MAGADSUGAR,808.7066,2.4895,35.6209,-1.2732
2026-09-09,15:29,MAHABANK,149.6479,2.1,35.4205,56.4477
2026-09-09,15:29,MAHASTEEL,3407.2339,3.024,46.469,242.0903
2026-09-09,15:29,MAHESHWARI,167.2608,1.7695,39.1171,16.138
2026-09-09,15:29,MAHLOG,333.9636,1.953,38.4441,19.9612
2026-09-09,15:29,MAHSCOOTER,700.7963,1.8829,31.5026,-26.1917
2026-09-09,15:29,MAHSEAMLES,1047.7835,1.5539,24.8932,7.8727
2026-09-09,15:29,MAITHANALL,524.0468,2.1923,38.2352,-3.1301
2026-09-09,15:29,MAMATA,240.6273,2.0222,40.0994,-6.8
2026-09-09,15:29,MANAKSTEEL,298.9857,3.6148,54.6416,78.1718
2026-09-09,15:29,MANALIPETC,178.424,3.2296,45.5005,23.8454
2026-09-09,15:29,MANAPPURAM,310.707,2.1827,33.7637,9.8901
2026-09-09,15:29,MANCREDIT,302.0246,2.9498,36.4584,17.7235
2026-09-09,15:29,MANGLMCEM,1745.4785,1.8909,31.1727,44.8923
2026-09-09,15:29,MANINDS,2929.7004,3.0511,56.0371,93.4464
2026-09-09,15:29,MANINFRA,142.826,2.6078,39.5955,-16.0668
2026-09-09,15:29,MANKIND,1061.1178,1.5901,25.5119,-12.1957
2026-09-09,15:29,MANORAMA,4512.3842,2.9252,44.3417,54.624
2026-09-09,15:29,MANORG,398.4616,3.5096,51.673,-13.2545
2026-09-09,15:29,MANYAVAR,638.1585,2.3256,34.8899,-19.5975
2026-09-09,15:29,MARALOVER,162.7956,3.4623,50.7328,35.261
2026-09-09,15:29,MARICO,578.312,1.1042,18.3898,10.8025
2026-09-09,15:29,MARINE,1470.1836,3.3453,50.4751,113.9373
2026-09-09,15:29,MARKOLINES,237.0924,1.8024,1.7e+308,1.7e+308
2026-09-09,15:29,MARKSANS,1005.2395,3.2555,42.534,90.9154
2026-09-09,15:29,MASPTOP50,184.3777,1.7806,23.0663,51.496
2026-09-09,15:29,MAWANASUG,377.6237,3.0923,41.4297,51.108
2026-09-09,15:29,MAXESTATES,1088.7148,2.7598,40.9689,23.4822
2026-09-09,15:29,MAXHEALTH,377.0655,1.7555,26.7707,-12.3881
2026-09-09,15:29,MAYURUNIQ,1298.0234,2.8389,37.8226,42.0479
2026-09-09,15:29,MAZDA,493.1001,3.1369,45.1708,-1.0381
2026-09-09,15:29,MBAPL,486.2162,2.7074,38.452,93.3532
2026-09-09,15:29,MCX,6925.4791,2.2836,39.674,116.7303
2026-09-09,15:29,MEDANTA,2234.486,1.8034,29.4062,11.9564
2026-09-09,15:29,MEESHO,317.839,2.8831,1.7e+308,1.7e+308
2026-09-09,15:29,MEGASTAR,341.7777,2.7354,45.0806,24.5903
2026-09-09,15:29,MEIL,168.3773,2.282,1.7e+308,-45.6992
2026-09-09,15:29,MENONBE,1196.439,3.508,45.9752,130.8448
2026-09-09,15:29,METROPOLIS,790.5352,2.0549,29.8248,16.7426
2026-09-09,15:29,MGL,231.9451,1.7284,29.8724,-16.7652
2026-09-09,15:29,MIDHANI,687.1524,2.8801,44.6933,15.7908
2026-09-09,15:29,MINDACORP,922.5083,1.8378,32.4337,36.982
2026-09-09,15:29,MMFL,1354.7695,2.3814,42.447,88.3817
2026-09-09,15:29,MMP,1368.4132,3.084,43.9811,66.4858
2026-09-09,15:29,MODEFENCE,149.896,1.2479,24.9918,23.0448
2026-09-09,15:29,MODIS,302.0247,2.3743,1.7e+308,1.7e+308
2026-09-09,15:29,MODISONLTD,2124.2808,4.5859,56.7802,204.4396
2026-09-09,15:29,MOLDTECH,495.0226,3.4815,50.6172,32.9184
2026-09-09,15:29,MOLDTKPAC,930.2605,2.4823,39.0461,-16.3191
2026-09-09,15:29,MON100,691.4936,1.3654,23.0121,64.4789
2026-09-09,15:29,MONARCH,586.9945,2.0657,33.9868,14.3496
2026-09-09,15:29,MONQ50,704.8273,2.9551,34.7208,136.7041
2026-09-09,15:29,MOREPENLAB,496.1389,4.203,54.6866,116.2152
2026-09-09,15:29,MOTHERSON,321.374,2.0711,34.5428,56.3664
2026-09-09,15:29,MOTILALOFS,1878.1958,2.1713,39.8675,11.6558
2026-09-09,15:29,MPSLTD,5233.645,3.2975,45.005,27.7023
2026-09-09,15:29,MRPL,134.5157,3.0654,50.7867,45.8297
2026-09-09,15:29,MSTCLTD,1921.298,3.7757,48.5441,44.8668
2026-09-09,15:29,MTARTECH,27379.4276,4.5492,61.4006,346.8871
2026-09-09,15:29,MUFIN,140.4073,1.5589,37.9086,51.9896
2026-09-09,15:29,MUNJALAU,237.1544,3.5571,49.345,20.0328
2026-09-09,15:29,MUTHOOTMF,146.237,3.0546,44.2315,19.1297
2026-09-09,15:29,MVGJL,259.4806,3.2818,42.2127,9.8352
2026-09-09,15:29,NACLIND,165.9585,3.5508,57.7592,-34.9099
2026-09-09,15:29,NAHARCAP,154.6712,1.4894,30.6139,-10.8169
2026-09-09,15:29,NAHARINDUS,228.472,2.7738,40.4498,18.5152
2026-09-09,15:29,NAHARSPING,678.2218,2.2495,38.1369,28.5641
2026-09-09,15:29,NAM-INDIA,1828.5823,2.1561,38.6262,40.7188
2026-09-09,15:29,NATCAPSUQ,223.6346,3.8583,59.6542,1.7334
2026-09-09,15:29,NATIONALUM,145.1206,2.5779,42.5761,72.973
2026-09-09,15:29,NAVA,167.7573,2.0853,38.4767,-20.2742
2026-09-09,15:29,NAVINFLUOR,17523.0071,2.1663,36.5252,83.1664
2026-09-09,15:29,NAVINIFTY,435.4239,1.9962,28.9111,43.3632
2026-09-09,15:29,NAZARA,565.5983,2.19,41.4321,36.5427
2026-09-09,15:29,NDGL,1062.3578,2.3487,40.1037,-29.9718
2026-09-09,15:29,NDLVENTURE,204.0992,2.1958,41.3073,43.1902
2026-09-09,15:29,NDRAUTO,241.2477,2.0037,40.4672,-33.6273
2026-09-09,15:29,NELCAST,147.9115,3.0944,53.7254,-22.5267
2026-09-09,15:29,NELCO,2021.7662,3.3506,46.3312,12.4567
2026-09-09,15:29,NEOGEN,6319.5697,2.8486,49.1449,44.0654
2026-09-09,15:29,NEPHROPLUS,1315.3886,2.5935,1.7e+308,1.7e+308
2026-09-09,15:29,NESTLEIND,685.2919,1.439,20.8235,14.4054
2026-09-09,15:29,NETWEB,9878.1266,3.598,60.0312,68.6927
2026-09-09,15:29,NEULANDLAB,59890.1716,2.2241,39.9181,44.5261
2026-09-09,15:29,NEXT50,447.4551,0.8487,16.7075,7.81
2026-09-09,15:29,NGLFINE,6437.4027,4.0257,57.3418,90.6879
2026-09-09,15:29,NH,550.0937,1.7272,30.5344,7.1586
2026-09-09,15:29,NIACL,353.685,3.4418,46.5527,6.7584
2026-09-09,15:29,NIBE,1787.961,3.4383,51.8602,8.4834
2026-09-09,15:29,NIFTY100EQLWGT,11343.2914,0.7313,14.8353,3.3107
2026-09-09,15:29,NIFTY100LIQ15,1932.4618,0.8723,15.7871,3.9701
2026-09-09,15:29,NIFTY200ALPHA30,20652.0982,0.916,18.7635,6.6142
2026-09-09,15:29,NIFTY200MOMENTM30,10701.7145,0.9125,18.1477,1.2437
2026-09-09,15:29,NIFTY500,2154.7886,0.6977,13.9553,-0.9983
2026-09-09,15:29,NIFTY500MOMENTM50,39597.1684,0.9119,18.2904,6.8642
2026-09-09,15:29,NIFTY500MULTICAP,5249.7701,0.7134,14.4688,1.3895
2026-09-09,15:29,NIFTY50EQLWGT,1085.6189,0.6585,13.3116,-0.0373
2026-09-09,15:29,NIFTYALPHA50,60592.2033,0.9279,18.9268,10.7272
2026-09-09,15:29,NIFTYALPHALOWVOL,4334.0813,0.6103,12.9157,-1.1515
2026-09-09,15:29,NIFTYAUTO,9071.2755,1.0855,20.8084,2.9282
2026-09-09,15:29,NIFTYCAPITALMKT,6092.5856,1.1616,24.8458,24.5087
2026-09-09,15:29,NIFTYCHEMICALS,18643.971,0.9339,1.7e+308,1.7e+308
2026-09-09,15:29,NIFTYCOMMODITIES,2529.9937,0.7492,15.8285,9.4102
2026-09-09,15:29,NIFTYCONSUMPTION,1612.1427,0.7644,14.4011,-6.8187
2026-09-09,15:29,NIFTYCONSURDURBL,29539.4777,1.1242,20.2191,-1.075
2026-09-09,15:29,NIFTYEES,23597.5477,1.6253,39.3689,55.5137
2026-09-09,15:29,NIFTYGS10YR,330.7997,0.1999,3.4455,2.5268
2026-09-09,15:29,NIFTYGS1115YR,845.9178,0.2205,3.9256,4.7182
2026-09-09,15:29,NIFTYGS15YRPLUS,325.9016,0.3128,5.3251,2.5378
2026-09-09,15:29,NIFTYGS48YR,707.3084,0.1575,2.5216,5.318
2026-09-09,15:29,NIFTYGS813YR,474.1861,0.1888,3.2502,3.6701
2026-09-09,15:29,NIFTYGSCOMPSITE,518.6505,0.1972,3.398,3.8238
2026-09-09,15:29,NIFTYHEALTHCARE,17233.6997,0.7876,13.5064,12.4313
2026-09-09,15:29,NIFTYINDDEFENCE,13174.657,1.216,24.1177,22.9642
2026-09-09,15:29,NIFTYINDIAMFG,9367.1056,0.7362,15.2443,8.0932
2026-09-09,15:29,NIFTYINDTOURISM,1226.7023,1.164,21.5125,-15.8738
2026-09-09,15:29,NIFTYLARGEMID250,2996.6865,0.7053,14.4211,1.0495
2026-09-09,15:29,NIFTYM150MOMNTM50,31891.1956,0.8932,18.0195,4.8337
2026-09-09,15:29,NIFTYM150QLTY50,5651.0177,0.7476,15.4916,-3.831
2026-09-09,15:29,NIFTYMEDIA,1031.0387,1.3947,22.0254,-5.8357
2026-09-09,15:29,NIFTYMETAL,12668.5977,1.1092,22.2252,35.4911
2026-09-09,15:29,NIFTYMICROCAP250,35362.9327,0.976,19.5132,12.2447
2026-09-09,15:29,NIFTYMIDCAP150,12088.1055,0.7707,15.9789,6.6015
2026-09-09,15:29,NIFTYMIDCAP50,10199.9916,0.7809,16.3611,9.5194
2026-09-09,15:29,NIFTYMIDLIQ15,12742.7036,0.969,18.7844,11.321
2026-09-09,15:29,NIFTYMIDSELECT,9824.4837,0.8503,17.7586,11.6284
2026-09-09,15:29,NIFTYMIDSMALLCAP400,14852.2268,0.7809,16.0826,6.8347
2026-09-09,15:29,NIFTYMIDSMLHLTH,70560.2596,0.8048,14.2847,16.3396
2026-09-09,15:29,NIFTYMS400MQ100,37851.9852,0.8059,17.1944,5.4866
2026-09-09,15:29,NIFTYMULTIINFRA,5980.9513,0.7474,15.3139,2.989
2026-09-09,15:29,NIFTYMULTIMFG,11041.5745,0.6961,15.1545,6.2526
2026-09-09,15:29,NIFTYSMALLCAP250,18672.8055,0.8614,16.9813,7.5072
2026-09-09,15:29,NIFTYSMALLCAP50,12712.0068,0.9029,18.1887,15.8499
2026-09-09,15:29,NIFTYSML250MQ100,52558.7982,0.8752,17.7684,7.7153
2026-09-09,15:29,NIFTYTOTALMKT,1954.1648,0.7017,14.0673,-0.4425
2026-09-09,15:29,NILKAMAL,4229.5844,2.7901,35.3425,32.9219
2026-09-09,15:29,NINSYS,2347.6674,2.1233,44.1155,58.3491
2026-09-09,15:29,NIRAJISPAT,1055.4735,4.9239,76.5854,-11.1067
2026-09-09,15:29,NITINSPIN,2019.9057,2.5649,38.7406,96.5148
2026-09-09,15:29,NITIRAJ,332.6612,2.8231,42.252,8.2972
2026-09-09,15:29,NLCINDIA,159.0745,2.4824,36.9665,3.3531
2026-09-09,15:29,NOCIL,330.0564,2.9892,41.0346,2.6217
2026-09-09,15:29,NORTHARC,325.5912,2.5463,39.3521,25.1319
2026-09-09,15:29,NOVARTIND,9009.8827,6.0563,64.2558,284.3544
2026-09-09,15:29,NPST,2991.0979,3.2647,58.6197,-19.0822
2026-09-09,15:29,NRAIL,1084.9939,3.1593,54.186,57.7087
2026-09-09,15:29,NRBBEARING,1436.6323,2.5988,39.7976,72.3764
2026-09-09,15:29,NRL,475.4251,2.4796,35.5127,80.1113
2026-09-09,15:29,NURECA,366.5227,3.158,53.284,29.0123
2026-09-09,15:29,NUVAMA,3317.9292,2.3607,36.4009,38.2246
2026-09-09,15:29,NYKAA,636.7323,1.6415,27.9034,43.4126
2026-09-09,15:29,OAL,1591.0555,3.5614,47.9786,60.2313
2026-09-09,15:29,OBEROIRLTY,2161.3053,1.6705,27.0723,12.3666
2026-09-09,15:29,OCCLLTD,436.044,3.7693,52.5998,18.4833
2026-09-09,15:29,OFSS,24034.8307,2.1743,33.6248,29.5244
2026-09-09,15:29,OLECTRA,841.5754,2.36,43.7721,-26.7217
2026-09-09,15:29,OMAXAUTO,406.3378,4.5739,61.5666,21.9578
2026-09-09,15:29,OMAXE,303.0169,4.029,55.2399,36.559
2026-09-09,15:29,ONESOURCE,1987.6566,2.0533,41.9569,-18.1239
2026-09-09,15:29,OPTIEMUS,936.7724,2.9244,48.8842,-14.9882
2026-09-09,15:29,ORBTEXP,388.5388,4.1853,58.4749,23.614
2026-09-09,15:29,ORCHPHARMA,2126.5753,3.0305,43.8994,44.1928
2026-09-09,15:29,ORIENTBELL,901.4225,3.0213,50.357,36.1971
2026-09-09,15:29,ORIENTHOT,238.8909,3.6591,46.7892,-1.4919
2026-09-09,15:29,ORIENTLTD,133.2133,3.5003,46.1628,-6.7123
2026-09-09,15:29,PAGEIND,16434.6023,1.6176,24.2421,-19.7938
2026-09-09,15:29,PAISALO,283.2333,2.9163,44.4242,110.0946
2026-09-09,15:29,PANACEABIO,166.5165,3.8411,56.241,-7.4065
2026-09-09,15:29,PANACHE,1430.7407,2.793,49.2688,99.2637
2026-09-09,15:29,PANAMAPET,1261.4332,4.0733,50.6663,64.1363
2026-09-09,15:29,PAR,269.2794,4.373,55.2387,23.6837
2026-09-09,15:29,PARACABLES,209.8047,4.306,59.3571,40.8137
2026-09-09,15:29,PARADEEP,138.9189,2.3797,43.7567,-7.4651
2026-09-09,15:29,PARAS,5052.555,3.8874,50.941,112.351
2026-09-09,15:29,PARKHOSPS,813.5439,2.5304,1.7e+308,1.7e+308
2026-09-09,15:29,PASUPTAC,142.826,3.1063,53.7184,46.5157
2026-09-09,15:29,PAUSHAKLTD,1637.5685,3.1359,1.7e+308,1.7e+308
2026-09-09,15:29,PAYTM,3675.7691,2.5552,38.8507,43.6833
2026-09-09,15:29,PCBL,455.8276,2.8235,46.5999,-12.8982
2026-09-09,15:29,PFOCUS,586.064,3.2973,55.8754,67.452
2026-09-09,15:29,PGHL,1054.2952,1.8574,24.9289,-12.3088
2026-09-09,15:29,PGIL,4198.575,2.7921,50.6392,70.2975
2026-09-09,15:29,PHOENIXLTD,1517.5654,1.6317,26.685,20.8448
2026-09-09,15:29,PICCADIL,170.2377,2.7721,42.8783,-15.9709
2026-09-09,15:29,PIDILITIND,919.0971,1.3369,21.8941,2.1144
2026-09-09,15:29,PIRAMALFIN,3533.1291,2.1688,1.7e+308,1.7e+308
2026-09-09,15:29,PITTIENG,2506.7417,2.3259,39.6682,27.5419
2026-09-09,15:29,PIXTRANS,2763.4937,2.6775,32.25,22.477
2026-09-09,15:29,PKTEA,2811.2476,3.8525,54.0947,49.9868
2026-09-09,15:29,PLASTIBLEN,247.1392,2.628,34.7104,-3.4184
2026-09-09,15:29,PNBHOUSING,2087.8148,1.7851,32.007,37.5655
2026-09-09,15:29,PNGJL,390.7094,2.3256,34.4859,3.12
2026-09-09,15:29,PODDARMENT,339.4831,2.901,39.7105,2.0877
2026-09-09,15:29,POKARNA,483.1151,2.191,53.5142,-8.6824
2026-09-09,15:29,POLICYBZR,1121.8943,1.9049,33.265,-0.2107
2026-09-09,15:29,POLYCAB,9519.6659,1.8279,30.5448,15.1561
2026-09-09,15:29,POLYMED,1360.0412,2.6555,43.2177,-14.7463
2026-09-09,15:29,POLYPLEX,1880.3667,2.3363,33.2514,12.4371
2026-09-09,15:29,PONNIERODE,657.6943,2.5942,35.6382,23.0871
2026-09-09,15:29,POONAWALLA,364.042,1.9545,37.8104,2.0821
2026-09-09,15:29,POWERINDIA,83555.999,2.6918,44.5464,58.6058
2026-09-09,15:29,POWERMECH,2589.2258,2.0908,38.6056,-21.0135
2026-09-09,15:29,PPAP,323.4825,4.3098,57.9039,16.3809
2026-09-09,15:29,PPL,503.3949,3.0334,45.2539,-10.671
2026-09-09,15:29,PPLPHARMA,410.9891,2.398,34.4474,8.6361
2026-09-09,15:29,PRABHA,549.1638,2.7561,45.4607,2.9003
2026-09-09,15:29,PRAJIND,255.2016,2.2865,40.6877,-16.8385
2026-09-09,15:29,PRECOT,1990.4475,3.4181,61.8747,43.6983
2026-09-09,15:29,PRECWIRE,1519.0534,3.8248,60.1654,160.2172
2026-09-09,15:29,PREMEXPLN,1147.3211,3.5767,54.8793,19.7413
2026-09-09,15:29,PREMIERENE,1764.0841,1.7048,34.4147,-7.5152
2026-09-09,15:29,PREMIERPOL,248.7517,3.6372,57.9476,82.6751
2026-09-09,15:29,PRESTIGE,248.6895,2.1358,33.1416,-0.6001
2026-09-09,15:29,PRICOLLTD,1099.5678,2.4186,38.9431,43.9351
2026-09-09,15:29,PRINCEPIPE,271.8221,2.1193,35.9622,-16.3937
2026-09-09,15:29,PRIVISCL,4530.9879,1.7662,34.8549,51.3605
2026-09-09,15:29,PRUDENT,5750.25,2.2621,37.2378,17.6607
2026-09-09,15:29,PSPPROJECT,914.4462,2.8084,45.9,12.4752
2026-09-09,15:29,PTCIL,29365.2234,2.6461,36.6185,60.8076
2026-09-09,15:29,PVP,216.0065,4.122,64.394,112.0933
2026-09-09,15:29,PVRINOX,1308.8761,1.9435,30.6533,4.3183
2026-09-09,15:29,QPOWER,5104.6494,3.2117,55.6885,60.2202
2026-09-09,15:29,QUADFUTURE,932.1211,3.9777,60.9086,-0.5314
2026-09-09,15:29,QUESS,899.1898,2.7247,37.0406,34.2917
2026-09-09,15:29,RACLGEAR,3941.2037,2.9307,56.9578,76.8194
2026-09-09,15:29,RADICO,10354.4202,1.5882,32.7602,53.7497
2026-09-09,15:29,RAIN,415.8265,3.566,53.8172,60.4992
2026-09-09,15:29,RAINBOW,1902.0724,1.3133,22.5013,-0.7931
2026-09-09,15:29,RAJRATAN,662.3454,2.2284,48.9415,51.2121
2026-09-09,15:29,RAMCOSYS,724.0528,4.8796,64.7462,28.8769
2026-09-09,15:29,RAMRAT,1481.2847,3.1581,42.3587,47.7667
2026-09-09,15:29,RANEHOLDIN,2418.0573,2.8667,41.4258,12.2247
2026-09-09,15:29,RATEGAIN,1314.4582,2.6442,44.2223,34.2695
2026-09-09,15:29,RATNAMANI,4468.9706,2.8112,45.1423,20.3164
2026-09-09,15:29,RATNAVEER,937.4545,3.5281,49.6964,106.4574
2026-09-09,15:29,RAYMOND,2572.1703,3.5339,45.838,31.5301
2026-09-09,15:29,RAYMONDREL,586.0643,3.935,57.1679,-5.5623
2026-09-09,15:29,RBA,226.7355,2.9786,38.824,23.799
2026-09-09,15:29,RBLBANK,769.0154,1.8635,30.8788,52.6045
2026-09-09,15:29,RBZJEWEL,264.6282,3.6385,50.9373,23.6908
2026-09-09,15:29,REDINGTON,692.1137,2.6009,50.3432,55.0656
2026-09-09,15:29,REFEX,325.7151,2.6009,52.5439,-22.3785
2026-09-09,15:29,REGAAL,163.9739,2.9874,1.7e+308,-19.5952
2026-09-09,15:29,RELIGARE,192.1918,2.0126,38.5368,1.2985
2026-09-09,15:29,RGL,265.7445,3.3569,56.8437,24.1586
2026-09-09,15:29,RISHABH,2608.4507,3.2878,51.9241,91.0549
2026-09-09,15:29,RITCO,501.2865,2.7795,42.1872,17.6176
2026-09-09,15:29,RKFORGE,1306.0858,2.2532,35.5224,25.0456
2026-09-09,15:29,RML,3944.925,3.3253,43.1467,60.5909
2026-09-09,15:29,ROLEXRINGS,340.5994,2.9752,44.3456,25.6318
2026-09-09,15:29,ROSSTECH,3194.204,3.8521,61.3326,60.0348
2026-09-09,15:29,RPEL,5840.796,3.2041,50.3736,146.6854
2026-09-09,15:29,RPGLIFE,5151.1624,2.8043,37.1406,18.1364
2026-09-09,15:29,RPSGVENT,993.8283,2.4215,47.8832,-0.0868
2026-09-09,15:29,RPTECH,2669.5375,3.4041,44.0067,164.0744
2026-09-09,15:29,RRKABEL,6468.4114,2.9607,38.9216,94.4864
2026-09-09,15:29,RSWM,480.7587,2.621,41.3479,36.375
2026-09-09,15:29,RUBICON,7017.5751,3.3546,1.7e+308,1.7e+308
2026-09-09,15:29,RUBYMILLS,1741.9438,3.8649,52.6072,108.5328
2026-09-09,15:29,RVTH,901.4223,3.0387,47.2356,-10.8078
2026-09-09,15:29,S&SPOWER,516.9146,3.0813,54.6921,-22.9704
2026-09-09,15:29,SAATVIKGL,194.4245,2.2673,1.7e+308,1.7e+308
2026-09-09,15:29,SAHYADRI,843.6842,2.9811,41.9376,37.7503
2026-09-09,15:29,SAIL,234.2395,2.3783,35.8953,40.9345
2026-09-09,15:29,SAILIFE,5184.9623,1.9784,34.3745,91.9789
2026-09-09,15:29,SAKAR,4759.8328,3.7908,53.8214,244.7054
2026-09-09,15:29,SALSTEEL,261.5893,3.2293,57.9643,150.4428
2026-09-09,15:29,SAMBHV,269.7136,2.5256,43.9936,8.6819
2026-09-09,15:29,SANATHAN,238.7669,2.1525,32.8314,-6.981
2026-09-09,15:29,SANDESH,194.1139,2.6536,33.3828,-14.4746
2026-09-09,15:29,SANDHAR,805.6056,2.9284,44.075,35.0329
2026-09-09,15:29,SANGAMIND,825.451,2.2242,36.2035,44.3135
2026-09-09,15:29,SANGHVIMOV,897.7014,3.0531,51.1714,21.9683
2026-09-09,15:29,SANGINITA,323.6066,2.5074,48.08,533.8353
2026-09-09,15:29,SANSERA,15111.7716,2.7021,40.8823,192.4965
2026-09-09,15:29,SAPPHIRE,244.2864,3.1979,45.4856,-30.7755
2026-09-09,15:29,SARDAEN,454.8972,1.7879,34.0307,-7.4674
2026-09-09,15:29,SAREGAMA,1012.4335,3.0513,41.5912,1.583
2026-09-09,15:29,SASKEN,3584.6038,4.1686,54.7798,24.4371
2026-09-09,15:29,SATIN,377.4377,2.5783,33.4938,45.3857
2026-09-09,15:29,SBCL,4441.0637,4.2051,54.7023,119.7197
2026-09-09,15:29,SBILIQETF,153.8655,0.0121,0.7358,4.9399
2026-09-09,15:29,SCHAEFFLER,2072.6201,1.4915,28.5292,-0.4933
2026-09-09,15:29,SCHNEIDER,3054.9757,3.6371,48.8734,37.0687
2026-09-09,15:29,SCI,457.4402,2.245,45.8637,34.0627
2026-09-09,15:29,SCPL,2130.2964,3.9173,56.3277,159.645
2026-09-09,15:29,SEAMECLTD,3141.1797,2.4027,36.8603,90.6842
2026-09-09,15:29,SECMARK,231.8209,3.3644,63.3196,10.8091
2026-09-09,15:29,SEMAC,253.7131,3.4824,54.864,-46.1516
2026-09-09,15:29,SENCO,305.1253,2.9915,42.1417,-4.9933
2026-09-09,15:29,SENORES,4355.4796,2.9752,40.8237,115.7704
2026-09-09,15:29,SETFNN50,391.3294,0.8388,16.1243,7.8589
2026-09-09,15:29,SETL,1907.5302,3.5373,50.6487,131.8864
2026-09-09,15:29,SFL,1000.3401,2.6662,39.3913,-6.8159
2026-09-09,15:29,SGFIN,2149.2118,2.5535,41.9046,80.5559
2026-09-09,15:29,SGIL,483.1151,2.5947,40.7278,5.028
2026-09-09,15:29,SGMART,2629.5366,2.6911,1.7e+308,115.8336
2026-09-09,15:29,SHADOWFAX,880.8327,3.2089,1.7e+308,1.7e+308
2026-09-09,15:29,SHAHALLOYS,220.3477,3.3705,52.4855,44.129
2026-09-09,15:29,SHAILY,9398.112,3.0648,52.0486,53.617
2026-09-09,15:29,SHALPAINTS,135.818,4.4064,61.3127,15.0185
2026-09-09,15:29,SHANKARA,278.0238,1.7542,47.1379,-38.8394
2026-09-09,15:29,SHANTIGEAR,1598.1876,3.3193,41.2911,26.5987
2026-09-09,15:29,SHANTIGOLD,409.0046,2.7802,46.2462,16.8508
2026-09-09,15:29,SHARDAMOTR,393.1899,1.9771,36.1948,-12.6513
2026-09-09,15:29,SHAREINDIA,322.3043,3.0956,52.0248,29.9362
2026-09-09,15:29,SHEMAROO,169.6795,2.6739,44.8487,11.865
2026-09-09,15:29,SHILCTECH,5662.8049,3.1933,1.7e+308,1.7e+308
2026-09-09,15:29,SHILPAMED,4170.6678,2.9358,41.0169,132.1411
2026-09-09,15:29,SHIVALIK,501.1003,3.7922,51.4593,-19.687
2026-09-09,15:29,SHIVAUM,876.6155,2.7763,1.7e+308,1.7e+308
2026-09-09,15:29,SHOPERSTOP,168.9973,2.622,38.1462,-28.8901
2026-09-09,15:29,SHREEJISPG,2369.3734,2.3629,1.7e+308,179.2637
2026-09-09,15:29,SHREEPUSHK,937.0825,2.99,53.6923,51.2144
2026-09-09,15:29,SHRIPISTON,11436.001,1.9755,38.4852,73.8768
2026-09-09,15:29,SHRIRAMFIN,194.7347,2.022,35.4748,62.5978
2026-09-09,15:29,SHYAMMETL,1398.8013,1.8455,28.5094,16.9926
2026-09-09,15:29,SICAGEN,221.1539,12.8837,137.0691,248.9783
2026-09-09,15:29,SIEMENS,5998.9402,1.7565,30.6217,23.3323
2026-09-09,15:29,SIGIND,145.9889,3.167,45.7001,29.4895
2026-09-09,15:29,SIGMAADV,3635.644,3.6238,57.5858,380.0992
2026-09-09,15:29,SIGNPOST,380.9107,3.3757,48.101,-7.1502
2026-09-09,15:29,SILINV,163.4158,1.5407,30.9646,-20.7335
2026-09-09,15:29,SIMPLEXINF,228.4721,3.2798,54.8954,-12.2335
2026-09-09,15:29,SIS,536.4502,2.0351,29.6141,22.4663
2026-09-09,15:29,SJS,4028.648,2.0675,37.019,63.9077
2026-09-09,15:29,SKFINDUS,2380.8461,2.2434,1.7e+308,1.7e+308
2026-09-09,15:29,SKIPPER,1440.0433,2.5519,40.0118,11.3517
2026-09-09,15:29,SKMEGGPROD,402.5547,4.126,57.549,47.4148
2026-09-09,15:29,SKYGOLD,3243.8185,3.4203,50.6472,194.845
2026-09-09,15:29,SMARTLINK,522.4343,3.4573,46.4672,40.8865
2026-09-09,15:29,SMARTWORKS,581.4128,2.0515,35.3169,6.161
2026-09-09,15:29,SMLMAH,19013.904,4.0225,59.7491,75.833
2026-09-09,15:29,SMSPHARMA,550.4041,2.462,48.2353,39.8359
2026-09-09,15:29,SOFTTECH,1038.7909,2.2096,42.9408,13.6662
2026-09-09,15:29,SOLARA,1127.1657,3.3,45.5519,1.9113
2026-09-09,15:29,SOLARINDS,56789.3032,2.0604,32.9104,55.2107
2026-09-09,15:29,SOMANYCERA,878.476,2.2983,36.6388,13.9944
2026-09-09,15:29,SONACOMS,1920.988,1.8172,31.3268,86.6682
2026-09-09,15:29,SONAMLTD,216.6267,3.2483,46.6344,51.882
2026-09-09,15:29,SOTL,2175.5692,4.1069,48.4497,69.4973
2026-09-09,15:29,SOUTHWEST,166.5787,3.1263,54.1463,63.0905
2026-09-09,15:29,SPAL,2062.3875,3.6364,49.9547,36.1253
2026-09-09,15:29,SPARC,415.3923,3.8622,56.848,40.1677
2026-09-09,15:29,SPECIALITY,184.6257,2.9768,46.2248,8.9231
2026-09-09,15:29,SPECTRUM,9082.4442,3.8655,56.2189,92.8124
2026-09-09,15:29,SPLPETRO,1440.0433,2.1031,40.4678,3.19
2026-09-09,15:29,SPORTKING,783.8995,3.2828,47.4926,98.802
2026-09-09,15:29,SREEL,801.8846,2.9897,35.8347,47.2577
2026-09-09,15:29,SRHHYPOLTD,567.1489,1.9463,32.176,-11.8203
2026-09-09,15:29,SSWL,1024.465,2.7107,40.7663,52.6089
2026-09-09,15:29,STALLION,295.2026,4.0066,74.658,8.6523
2026-09-09,15:29,STAR,2066.1084,2.3746,38.7713,31.4317
2026-09-09,15:29,STARHEALTH,622.9645,1.3526,23.4622,29.0064
2026-09-09,15:29,STEELCAS,717.7269,2.3592,44.6024,52.955
2026-09-09,15:29,STEL,1084.9939,2.7245,50.8696,12.21
2026-09-09,15:29,STLTECH,4667.1792,3.5307,63.0713,623.5732
2026-09-09,15:29,STOVEKRAFT,2243.4783,2.335,43.8502,24.7659
2026-09-09,15:29,STYL,912.7096,2.9182,1.7e+308,1.7e+308
2026-09-09,15:29,STYLAMIND,7398.6719,2.5268,35.991,95.9164
2026-09-09,15:29,STYLEBAAZA,503.2711,3.3024,56.899,7.4284
2026-09-09,15:29,STYRENIX,1465.4707,1.9055,31.0861,-17.3055
2026-09-09,15:29,SUDARSCHEM,2282.5495,2.8414,40.0172,-7.8344
2026-09-09,15:29,SUDEEPPHRM,4238.267,3.0137,1.7e+308,1.7e+308
2026-09-09,15:29,SUMICHEM,400.012,2.7994,35.9614,-13.1513
2026-09-09,15:29,SUNCLAY,308.226,1.9173,36.608,-25.9728
2026-09-09,15:29,SUNDRMBRAK,980.1844,3.1079,43.9844,-4.4158
2026-09-09,15:29,SUNDRMFAST,1783.6197,1.7468,26.9292,19.1053
2026-09-09,15:29,SUNDROP,340.4751,1.6125,28.0407,-19.0329
2026-09-09,15:29,SUNFLAG,567.9551,3.2244,43.4116,25.8689
2026-09-09,15:29,SUNPHARMA,1580.2028,1.2803,19.553,15.3594
2026-09-09,15:29,SUPERHOUSE,140.4694,2.5106,43.7625,24.4471
2026-09-09,15:29,SUPRAJIT,294.5825,1.6771,31.6547,9.1267
2026-09-09,15:29,SUPREMEIND,186.0521,1.5997,26.7414,-22.4105
2026-09-09,15:29,SUPRIYA,1502.0607,3.8662,47.1817,40.735
2026-09-09,15:29,SURAKSHA,405.9036,2.4901,34.0529,8.1695
2026-09-09,15:29,SUVEN,1353.281,4.2985,58.8846,59.1506
2026-09-09,15:29,SUYOG,904.5232,2.3167,45.1517,-12.0783
2026-09-09,15:29,SVLL,912.8957,3.3334,44.3324,3.8765
2026-09-09,15:29,SWANDEF,4749.9103,2.0108,1533.8142,393.6963
2026-09-09,15:29,SWARAJENG,774.5978,1.1378,25.5168,-16.5882
2026-09-09,15:29,SWELECTES,347.6073,2.2628,45.832,-36.4348
2026-09-09,15:29,SYRMA,5303.4153,2.6133,43.9431,96.5712
2026-09-09,15:29,TAINWALCHM,228.472,2.9295,53.2861,-1.1954
2026-09-09,15:29,TALBROAUTO,1020.1858,2.5601,40.4452,40.8543
2026-09-09,15:29,TARIL,370.4297,2.701,59.343,-40.3995
2026-09-09,15:29,TARSONS,774.3489,3.9437,50.8012,2.6841
2026-09-09,15:29,TASTYBITE,18403.6537,2.5404,35.2235,5.4417
2026-09-09,15:29,TATACAP,155.6636,1.6572,1.7e+308,1.7e+308
2026-09-09,15:29,TATACOMM,1041.2717,2.0664,33.9293,9.8389
2026-09-09,15:29,TATATECH,923.7488,2.5109,32.9179,12.1849
2026-09-09,15:29,TATVA,3709.8794,3.2607,52.4447,65.9524
2026-09-09,15:29,TBOTEK,2092.4661,2.2367,40.1065,10.703
2026-09-09,15:29,TBZ,2315.5423,5.2076,63.2679,182.3655
2026-09-09,15:29,TCPLPACK,7517.1242,3.3876,44.18,12.7021
2026-09-09,15:29,TEJASNET,1519.4257,3.3589,58.3407,-2.8427
2026-09-09,15:29,TFCILTD,487.1464,2.598,49.9445,94.4688
2026-09-09,15:29,THANGAMAYL,12057.4162,3.8823,60.1529,134.0299
2026-09-09,15:29,THEJO,2535.2703,2.1073,32.1011,14.4401
2026-09-09,15:29,THELEELA,657.3841,2.007,30.9858,26.6563
2026-09-09,15:29,THEMISMED,333.6535,3.6224,57.9979,8.6718
2026-09-09,15:29,THERMAX,4666.1876,2.642,35.2112,9.8777
2026-09-09,15:29,THYROCARE,1034.4496,2.5671,40.6351,38.9679
2026-09-09,15:29,TI,734.906,1.8166,34.5988,13.1259
2026-09-09,15:29,TIIL,7518.985,2.2815,40.0273,27.6351
2026-09-09,15:29,TIINDIA,2132.1574,2.0846,34.5577,-17.1113
2026-09-09,15:29,TIMKEN,886.8484,1.6369,27.4492,4.8746
2026-09-09,15:29,TINNARUBR,2672.3285,3.3912,48.9592,28.3326
2026-09-09,15:29,TIPSMUSIC,787.3106,2.7508,37.9772,8.675
2026-09-09,15:29,TIRUPATIFL,227.6657,3.6724,58.1225,79.2292
2026-09-09,15:29,TITAGARH,564.0477,2.3587,36.4439,-5.5148
2026-09-09,15:29,TITAN,6323.9106,1.465,23.0493,40.1215
2026-09-09,15:29,TMB,2054.0153,2.5736,37.7101,113.4838
2026-09-09,15:29,TNPETRO,263.2638,2.2613,37.8197,37.1611
2026-09-09,15:29,TNPL,155.2295,2.0062,31.3361,-3.4676
2026-09-09,15:29,TORNTPHARM,5785.5996,1.545,21.8305,38.2424
2026-09-09,15:29,TRAVELFOOD,1431.9812,2.0757,31.6172,1.469
2026-09-09,15:29,TRENT,2071.3801,2.0813,32.9715,-17.5439
2026-09-09,15:29,TRITURBINE,401.5625,2.868,36.8617,6.2823
2026-09-09,15:29,TRUALT,266.6747,2.0359,1.7e+308,1.7e+308
2026-09-09,15:29,TTKHLTCARE,1360.0408,2.1288,29.4355,-0.3786
2026-09-09,15:29,TVSMOTOR,3456.2282,1.7675,27.3471,18.861
2026-09-09,15:29,TVSSCS,176.1914,2.6465,40.4907,-5.6682
2026-09-09,15:29,TVSSRICHAK,7847.6771,2.7167,42.1917,78.4506
2026-09-09,15:29,UCAL,256.6278,2.9797,45.5502,7.7349
2026-09-09,15:29,UDS,342.0257,2.3977,43.7988,-17.7525
2026-09-09,15:29,UEL,518.4032,4.4748,75.2996,92.3934
2026-09-09,15:29,UFBL,3017.517,4.5414,64.9756,174.7317
2026-09-09,15:29,UFLEX,1376.4755,3.0758,41.2834,22.4613
2026-09-09,15:29,UNICHEMLAB,1037.5507,4.0673,49.4418,7.1683
2026-09-09,15:29,UNIDT,289.435,1.9536,37.3198,14.493
2026-09-09,15:29,UNIMECH,4481.3752,3.3105,47.4978,47.2981
2026-09-09,15:29,UNIPARTS,2850.9383,2.4336,42.298,117.2397
2026-09-09,15:29,UNITDSPR,435.3616,1.4316,23.8426,7.2917
2026-09-09,15:29,UNIVASTU,635.43,2.9063,44.239,91.7704
2026-09-09,15:29,UNIVCABLES,5155.8137,4.4126,58.7838,114.8664
2026-09-09,15:29,UNIVPHOTO,2310.9532,2.6062,52.384,116.5392
2026-09-09,15:29,UNOMINDA,520.3259,1.8003,32.2839,-4.0593
2026-09-09,15:29,URBANCO,315.4203,2.8583,1.7e+308,1.7e+308
2026-09-09,15:29,USHAMART,557.5361,1.8628,33.7799,28.7669
2026-09-09,15:29,UTLSOLAR,1542.62,3.2371,1.7e+308,1.7e+308
2026-09-09,15:29,UTTAMSUGAR,443.2381,2.8164,41.907,7.6442
2026-09-09,15:29,VADILALIND,19545.3941,2.4734,38.1874,33.1193
2026-09-09,15:29,VALIANTLAB,385.3759,2.9486,50.2771,38.0848
2026-09-09,15:29,VALIANTORG,728.6421,3.0708,53.6998,-1.4799
2026-09-09,15:29,VARROC,1660.205,2.2367,35.7671,39.5395
2026-09-09,15:29,VEDL,220.0376,2.4722,36.2153,67.0447
2026-09-09,15:29,VENKEYS,1134.297,2.16,37.9653,13.4034
2026-09-09,15:29,VENUSPIPES,5600.7883,2.7783,43.9683,43.9621
2026-09-09,15:29,VENUSREM,5193.0241,3.3813,54.0441,264.6045
2026-09-09,15:29,VERANDA,231.1387,3.5415,52.8203,3.2185
2026-09-09,15:29,VETO,158.3303,2.447,36.5173,11.0883
2026-09-09,15:29,VHL,1255.8517,1.672,32.4475,-13.0229
2026-09-09,15:29,VIDHIING,230.3947,2.1945,35.9261,-6.7377
2026-09-09,15:29,VIDYAWIRES,280.6286,3.298,1.7e+308,1.7e+308
2026-09-09,15:29,VIJAYA,3212.1896,2.3971,31.8426,43.8898
2026-09-09,15:29,VIMTALABS,1149.1819,2.7481,51.0165,-19.1518
2026-09-09,15:29,VINCOFE,179.0441,2.6724,39.9501,18.491
2026-09-09,15:29,VINDHYATEL,10663.8855,4.6133,58.1105,95.9025
2026-09-09,15:29,VISAKAIND,182.7032,2.7121,37.8944,12.0463
2026-09-09,15:29,VISHNU,1296.473,2.0118,32.3675,43.1268
2026-09-09,15:29,VIYASH,373.5306,2.7641,43.1496,43.499
2026-09-09,15:29,VMART,1340.1955,2.0534,40.4084,11.4171
2026-09-09,15:29,VOLTAMP,23237.9075,2.9995,40.015,51.8381
2026-09-09,15:29,VSSL,688.0827,2.3182,35.3892,32.0051
2026-09-09,15:29,VTL,811.1871,1.8891,35.4754,35.6129
2026-09-09,15:29,WABAG,6578.8019,2.9059,40.5878,39.3747
2026-09-09,15:29,WALCHANNAG,169.5555,3.7141,58.5109,-0.9402
2026-09-09,15:29,WANBURY,224.5029,3.1793,52.7981,-5.9377
2026-09-09,15:29,WEALTH,198.7656,1.8781,38.446,-33.5305
2026-09-09,15:29,WELCORP,11609.0311,2.7482,39.7815,196.5047
2026-09-09,15:29,WELENT,1993.8582,2.2261,37.1449,62.687
2026-09-09,15:29,WELINV,6927.3399,2.9001,54.6059,133.9
2026-09-09,15:29,WELSPUNLIV,539.6131,2.4448,46.3776,73.6846
2026-09-09,15:29,WENDT,8865.3827,2.445,34.7395,-14.6966
2026-09-09,15:29,WESTLIFE,501.1003,2.757,39.4142,-24.6562
2026-09-09,15:29,WEWORK,591.9558,2.7968,1.7e+308,1.7e+308
2026-09-09,15:29,WHEELS,10114.413,4.1496,50.5335,223.2478
2026-09-09,15:29,WINDLAS,1931.8406,2.4229,35.3675,15.0156
2026-09-09,15:29,WINDMACHIN,291.7918,2.5212,41.8214,0.383
2026-09-09,15:29,WOCKPHARMA,5550.5544,3.2753,51.8998,48.1423
2026-09-09,15:29,WONDERLA,164.0358,1.6371,29.0463,-19.9845
2026-09-09,15:29,WSTCSTPAPR,1714.7802,2.3613,38.6376,35.8327
2026-09-09,15:29,XPROINDIA,2212.1596,3.602,51.2186,5.2657
2026-09-09,15:29,YASHO,17328.8925,4.3635,59.8541,125.591
2026-09-09,15:29,YATHARTH,2353.8691,2.018,37.9281,28.4908
2026-09-09,15:29,YUKEN,1855.5593,2.3023,37.3529,7.3713
2026-09-09,15:29,ZENTEC,2641.9398,2.61,38.5094,18.9538
2026-09-09,15:29,ZIMLAB,379.1122,3.0314,50.4034,75.5298
2026-09-09,15:29,ZYDUSLIFE,1546.0933,1.6963,23.7148,7.911
2026-09-09,15:29,ZYDUSWELL,706.998,2.3291,40.1224,9.2235
