date,time,group,% change
2026-09-04,15:29,20MICRONS,16.7927
2026-09-04,15:29,360ONE,-0.4553
2026-09-04,15:29,5PAISA,11.0895
2026-09-04,15:29,63MOONS,15.1774
2026-09-04,15:29,AADHARHFC,-1.0943
2026-09-04,15:29,AARTIDRUGS,9.3615
2026-09-04,15:29,AARTIIND,37.8484
2026-09-04,15:29,AARTIPHARM,15.9835
2026-09-04,15:29,ABB,40.3941
2026-09-04,15:29,ABCAPITAL,11.5581
2026-09-04,15:29,ABDL,-2.3768
2026-09-04,15:29,ABSLAMC,41.2727
2026-09-04,15:29,ACE,20.5248
2026-09-04,15:29,ACI,3.0136
2026-09-04,15:29,ACMESOLAR,83.0764
2026-09-04,15:29,ACUTAAS,90.4147
2026-09-04,15:29,ADANIENSOL,39.3849
2026-09-04,15:29,ADANIENT,28.7242
2026-09-04,15:29,ADANIGREEN,25.101
2026-09-04,15:29,ADANIPORTS,12.1158
2026-09-04,15:29,ADANIPOWER,43.4009
2026-09-04,15:29,ADFFOODS,25.6286
2026-09-04,15:29,ADOR,55.9613
2026-09-04,15:29,ADVANCE,-3.5483
2026-09-04,15:29,ADVENZYMES,-5.4041
2026-09-04,15:29,AEGISLOG,69.2021
2026-09-04,15:29,AEGISVOPAK,13.8911
2026-09-04,15:29,AEQUS,64.6923
2026-09-04,15:29,AEROENTER,76.9307
2026-09-04,15:29,AEROFLEX,205.1439
2026-09-04,15:29,AETHER,87.9741
2026-09-04,15:29,AFFLE,-4.1108
2026-09-04,15:29,AFSL,0.258
2026-09-04,15:29,AGARWALEYE,1.651
2026-09-04,15:29,AGI,1.3788
2026-09-04,15:29,AGIIL,7.4825
2026-09-04,15:29,AHLWEST,91.7464
2026-09-04,15:29,AIAENG,12.838
2026-09-04,15:29,AIIL,-0.4328
2026-09-04,15:29,AJANTPHARM,30.2654
2026-09-04,15:29,AJAXENGG,-3.2636
2026-09-04,15:29,AKUMS,81.007
2026-09-04,15:29,ALEMBICLTD,9.1185
2026-09-04,15:29,ALIVUS,53.7501
2026-09-04,15:29,ALKYLAMINE,26.6069
2026-09-04,15:29,AMANTA,83.7405
2026-09-04,15:29,AMBER,12.7981
2026-09-04,15:29,AMBIKCO,28.5972
2026-09-04,15:29,AMNPLST,-0.8999
2026-09-04,15:29,ANANDRATHI,50.7928
2026-09-04,15:29,ANANTRAJ,13.6252
2026-09-04,15:29,ANDHRAPAP,-4.2348
2026-09-04,15:29,ANDHRSUGAR,29.0996
2026-09-04,15:29,ANGELONE,15.5165
2026-09-04,15:29,ANTELOPUS,141.3085
2026-09-04,15:29,ANTHEM,33.5406
2026-09-04,15:29,ANUHPHR,2.257
2026-09-04,15:29,ANURAS,-5.2475
2026-09-04,15:29,APARINDS,93.0626
2026-09-04,15:29,APCOTEXIND,71.0172
2026-09-04,15:29,APEX,40.8221
2026-09-04,15:29,APLAPOLLO,29.4666
2026-09-04,15:29,APOLLO,64.7881
2026-09-04,15:29,APOLLOHOSP,21.8138
2026-09-04,15:29,APOLLOPIPE,101.4985
2026-09-04,15:29,ARFIN,34.4636
2026-09-04,15:29,ARIES,54.9497
2026-09-04,15:29,ARIHANT,3496.7925
2026-09-04,15:29,ARIS,2.3893
2026-09-04,15:29,ARMANFIN,39.5724
2026-09-04,15:29,ARROWGREEN,56.3322
2026-09-04,15:29,ARTEMISMED,18.8571
2026-09-04,15:29,ARVIND,73.8017
2026-09-04,15:29,ARVSMART,7.8744
2026-09-04,15:29,ASAHIINDIA,-4.0454
2026-09-04,15:29,ASAL,-4.8121
2026-09-04,15:29,ASHIANA,23.1546
2026-09-04,15:29,ASHOKLEY,3.1368
2026-09-04,15:29,ASIANENE,74.4017
2026-09-04,15:29,ASIANHOTNR,17.052
2026-09-04,15:29,ASKAUTOLTD,32.9002
2026-09-04,15:29,ASTERDM,26.6624
2026-09-04,15:29,ASTRAL,5.401
2026-09-04,15:29,ASTRAMICRO,90.6179
2026-09-04,15:29,ATGL,3.1413
2026-09-04,15:29,ATHERENERG,145.5433
2026-09-04,15:29,ATL,-4.5986
2026-09-04,15:29,ATLANTAELE,103.416
2026-09-04,15:29,ATUL,7.726
2026-09-04,15:29,ATULAUTO,5.309
2026-09-04,15:29,AUBANK,10.015
2026-09-04,15:29,AUROPHARMA,38.3232
2026-09-04,15:29,AURUM,28.6996
2026-09-04,15:29,AVADHSUGAR,111.634
2026-09-04,15:29,AVALON,152.2653
2026-09-04,15:29,AVANTEL,1.6598
2026-09-04,15:29,AVANTIFEED,-1.0532
2026-09-04,15:29,AVL,17.8649
2026-09-04,15:29,AVTNPL,36.2371
2026-09-04,15:29,AXISBANK,-1.0186
2026-09-04,15:29,AXISCADES,31.8746
2026-09-04,15:29,AYMSYNTEX,92.6105
2026-09-04,15:29,AZAD,72.7284
2026-09-04,15:29,BAFNAPH,103.2076
2026-09-04,15:29,BAJAJ-AUTO,32.213
2026-09-04,15:29,BAJAJCON,103.7197
2026-09-04,15:29,BAJAJFINSV,-5.4294
2026-09-04,15:29,BAJAJHIND,12.2753
2026-09-04,15:29,BAJAJHLDNG,2.4037
2026-09-04,15:29,BAJEL,10.3295
2026-09-04,15:29,BAJFINANCE,4.2465
2026-09-04,15:29,BALAMINES,125.3436
2026-09-04,15:29,BALKRISIND,-2.7416
2026-09-04,15:29,BALMLAWRIE,0.0956
2026-09-04,15:29,BALRAMCHIN,57.4555
2026-09-04,15:29,BANARISUG,4.5408
2026-09-04,15:29,BANDHANBNK,10.2828
2026-09-04,15:29,BANKINDIA,2.7494
2026-09-04,15:29,BANSALWIRE,-1.4239
2026-09-04,15:29,BASF,-0.9356
2026-09-04,15:29,BBOX,37.886
2026-09-04,15:29,BCLIND,13.2694
2026-09-04,15:29,BEL,4.0827
2026-09-04,15:29,BELRISE,48.1301
2026-09-04,15:29,BEML,21.7345
2026-09-04,15:29,BEPL,42.1246
2026-09-04,15:29,BETA,35.0356
2026-09-04,15:29,BFINVEST,14.4477
2026-09-04,15:29,BHAGCHEM,15.44
2026-09-04,15:29,BHAGERIA,71.779
2026-09-04,15:29,BHAGYANGR,179.3319
2026-09-04,15:29,BHARATFORG,37.1092
2026-09-04,15:29,BHARATSE,18.9136
2026-09-04,15:29,BHARATWIRE,1.8023
2026-09-04,15:29,BHEL,51.1836
2026-09-04,15:29,BIL,19.5719
2026-09-04,15:29,BIOCON,2.8601
2026-09-04,15:29,BIRLACABLE,181.6801
2026-09-04,15:29,BLISSGVS,364.778
2026-09-04,15:29,BLKASHYAP,17.1338
2026-09-04,15:29,BLSE,47.3052
2026-09-04,15:29,BLUEJET,2.0141
2026-09-04,15:29,BLUESTONE,59.7782
2026-09-04,15:29,BLUSPRING,103.9331
2026-09-04,15:29,BODALCHEM,196.8148
2026-09-04,15:29,BORANA,11.4089
2026-09-04,15:29,BOROSCI,5.0724
2026-09-04,15:29,BOSCH-HCIL,27.4205
2026-09-04,15:29,BOSCHLTD,27.5228
2026-09-04,15:29,BRIGADE,4.7476
2026-09-04,15:29,BSE,24.6728
2026-09-04,15:29,CAMS,-0.8475
2026-09-04,15:29,CANHLIFE,29.0463
2026-09-04,15:29,CANTABIL,-6.3824
2026-09-04,15:29,CAPITALSFB,6.9471
2026-09-04,15:29,CAPLIPOINT,43.1234
2026-09-04,15:29,CARBORUNIV,29.2705
2026-09-04,15:29,CARERATING,12.7969
2026-09-04,15:29,CARTRADE,12.2241
2026-09-04,15:29,CARYSIL,22.9708
2026-09-04,15:29,CASTROLIND,3.4189
2026-09-04,15:29,CCL,7.8904
2026-09-04,15:29,CEIGALL,51.5913
2026-09-04,15:29,CEMPRO,56.2286
2026-09-04,15:29,CENTENKA,35.4466
2026-09-04,15:29,CENTUM,63.5965
2026-09-04,15:29,CERA,10.0599
2026-09-04,15:29,CGCL,52.0122
2026-09-04,15:29,CGPOWER,33.8039
2026-09-04,15:29,CHALET,-0.3832
2026-09-04,15:29,CHAMBLFERT,-3.3333
2026-09-04,15:29,CHEMBONDCH,58.7237
2026-09-04,15:29,CHEMCON,-1.5875
2026-09-04,15:29,CHENNPETRO,56.5883
2026-09-04,15:29,CHEVIOT,9.429
2026-09-04,15:29,CHOICEIN,1.7721
2026-09-04,15:29,CHOLAFIN,5.9576
2026-09-04,15:29,CIEINDIA,-3.7106
2026-09-04,15:29,CLSEL,17.631
2026-09-04,15:29,COALINDIA,8.3475
2026-09-04,15:29,COCHINSHIP,-6.2535
2026-09-04,15:29,COFFEEDAY,0.8594
2026-09-04,15:29,COFORGE,6.5802
2026-09-04,15:29,COMSYN,115.2296
2026-09-04,15:29,CONCOR,0.4946
2026-09-04,15:29,CONCORDBIO,3.4531
2026-09-04,15:29,CONFIPET,142.3032
2026-09-04,15:29,CONSOFINVT,73.0804
2026-09-04,15:29,COSMOFIRST,28.1039
2026-09-04,15:29,CPPLUS,138.2533
2026-09-04,15:29,CRAFTSMAN,62.4572
2026-09-04,15:29,CREDITACC,12.0071
2026-09-04,15:29,CREST,-0.2223
2026-09-04,15:29,CRISIL,6.7443
2026-09-04,15:29,CUB,15.3575
2026-09-04,15:29,CUMMINSIND,9.4518
2026-09-04,15:29,CUPID,259.3274
2026-09-04,15:29,CYIENT,-5.6436
2026-09-04,15:29,CYIENTDLM,100.0584
2026-09-04,15:29,DALMIASUG,47.3375
2026-09-04,15:29,DATAPATTNS,76.7404
2026-09-04,15:29,DBOL,56.4722
2026-09-04,15:29,DCBBANK,28.8692
2026-09-04,15:29,DCI,44.7358
2026-09-04,15:29,DCXINDIA,4.1325
2026-09-04,15:29,DDEVPLSTIK,-3.7716
2026-09-04,15:29,DEEDEV,202.6298
2026-09-04,15:29,DEEPAKFERT,10.1755
2026-09-04,15:29,DEEPAKNTR,12.0241
2026-09-04,15:29,DEEPINDS,78.2323
2026-09-04,15:29,DELHIVERY,11.0599
2026-09-04,15:29,DEVYANI,3.685
2026-09-04,15:29,DHAMPURSUG,27.9215
2026-09-04,15:29,DHANBANK,26.0285
2026-09-04,15:29,DHARMAJ,13.6574
2026-09-04,15:29,DIACABS,135.8544
2026-09-04,15:29,DIAMONDYD,6.4027
2026-09-04,15:29,DICIND,26.6196
2026-09-04,15:29,DIFFNKG,51.2661
2026-09-04,15:29,DIVGIITTS,108.2224
2026-09-04,15:29,DIVISLAB,41.6012
2026-09-04,15:29,DIXON,6.4355
2026-09-04,15:29,DLF,-2.5021
2026-09-04,15:29,DLINKINDIA,5.5445
2026-09-04,15:29,DMART,-1.8996
2026-09-04,15:29,DMCC,12.4162
2026-09-04,15:29,DOLPHIN,76.7405
2026-09-04,15:29,DPABHUSHAN,-1.4357
2026-09-04,15:29,DREDGECORP,5.1223
2026-09-04,15:29,DSSL,7.5909
2026-09-04,15:29,DVL,-0.2064
2026-09-04,15:29,DWARKESH,18.423
2026-09-04,15:29,DYCL,46.0997
2026-09-04,15:29,DYNAMATECH,25.8939
2026-09-04,15:29,E2E,185.7991
2026-09-04,15:29,EBGNG,115.4632
2026-09-04,15:29,EDELWEISS,31.58
2026-09-04,15:29,EICHERMOT,5.554
2026-09-04,15:29,EIEL,-0.7673
2026-09-04,15:29,EIFFL,18.8724
2026-09-04,15:29,EIMCOELECO,47.1829
2026-09-04,15:29,ELECTCAST,17.0442
2026-09-04,15:29,ELECTHERM,15.8087
2026-09-04,15:29,ELGIEQUIP,31.6048
2026-09-04,15:29,EMAMIPAP,29.4617
2026-09-04,15:29,EMCURE,33.9914
2026-09-04,15:29,EMIL,58.0604
2026-09-04,15:29,EMKAY,0.735
2026-09-04,15:29,EMMVEE,67.8712
2026-09-04,15:29,ENDURANCE,5.3812
2026-09-04,15:29,ENGINERSIN,44.9655
2026-09-04,15:29,ENRIN,7.6756
2026-09-04,15:29,ENTERO,83.4203
2026-09-04,15:29,EPL,14.1287
2026-09-04,15:29,EQUITASBNK,24.276
2026-09-04,15:29,ESABINDIA,-2.0423
2026-09-04,15:29,ESAFSFB,61.4425
2026-09-04,15:29,ETERNAL,8.2872
2026-09-04,15:29,EVEREADY,-2.1093
2026-09-04,15:29,EXCELINDUS,11.0226
2026-09-04,15:29,EXICOM,59.9083
2026-09-04,15:29,EXIDEIND,13.5385
2026-09-04,15:29,FACT,-3.1072
2026-09-04,15:29,FAIRCHEMOR,-3.175
2026-09-04,15:29,FAZE3Q,7.6261
2026-09-04,15:29,FCL,110.761
2026-09-04,15:29,FEDERALBNK,31.2416
2026-09-04,15:29,FEDFINA,13.2324
2026-09-04,15:29,FILATEX,46.7246
2026-09-04,15:29,FINCABLES,64.8585
2026-09-04,15:29,FINEORG,16.8466
2026-09-04,15:29,FINPIPE,-4.2031
2026-09-04,15:29,FLUOROCHEM,31.3907
2026-09-04,15:29,FMGOETZE,8.0711
2026-09-04,15:29,FORCEMOT,0.4881
2026-09-04,15:29,FORTIS,3.541
2026-09-04,15:29,FOSECOIND,20.849
2026-09-04,15:29,FUSION,28.1067
2026-09-04,15:29,GABRIEL,39.8656
2026-09-04,15:29,GAEL,42.7927
2026-09-04,15:29,GAIL,1.5758
2026-09-04,15:29,GALAPREC,36.1431
2026-09-04,15:29,GALAXYSURF,8.9363
2026-09-04,15:29,GALLANTT,-3.0651
2026-09-04,15:29,GANDHAR,114.6983
2026-09-04,15:29,GANDHITUBE,20.036
2026-09-04,15:29,GANECOS,14.405
2026-09-04,15:29,GANESHBE,55.5345
2026-09-04,15:29,GANESHHOU,-6.7285
2026-09-04,15:29,GARFIBRES,19.4227
2026-09-04,15:29,GAYAPROJ,152.1437
2026-09-04,15:29,GCSL,81.3929
2026-09-04,15:29,GEECEE,7.5477
2026-09-04,15:29,GEMAROMA,14.2716
2026-09-04,15:29,GENUSPOWER,11.3932
2026-09-04,15:29,GEOJITFSL,18.3066
2026-09-04,15:29,GESHIP,23.4631
2026-09-04,15:29,GFLLIMITED,6.7834
2026-09-04,15:29,GHCLTEXTIL,89.1795
2026-09-04,15:29,GICRE,-6.2508
2026-09-04,15:29,GIPCL,38.8885
2026-09-04,15:29,GLAND,74.6932
2026-09-04,15:29,GLAXO,13.7381
2026-09-04,15:29,GLENMARK,23.4025
2026-09-04,15:29,GLOBAL,35.2915
2026-09-04,15:29,GLOBUSSPR,-5.0571
2026-09-04,15:29,GLOSTERLTD,-6.3285
2026-09-04,15:29,GLOTTIS,3.0022
2026-09-04,15:29,GMDCLTD,8.2804
2026-09-04,15:29,GMMPFAUDLR,7.0104
2026-09-04,15:29,GMRAIRPORT,-6.6034
2026-09-04,15:29,GNA,81.3559
2026-09-04,15:29,GNFC,21.5646
2026-09-04,15:29,GOCLCORP,41.3058
2026-09-04,15:29,GODAVARIB,-4.6435
2026-09-04,15:29,GODREJAGRO,9.001
2026-09-04,15:29,GODREJIND,14.4501
2026-09-04,15:29,GODREJPROP,-4.4865
2026-09-04,15:29,GOKULAGRO,18.5487
2026-09-04,15:29,GPIL,0.8633
2026-09-04,15:29,GPTHEALTH,13.1888
2026-09-04,15:29,GPTINFRA,8.4034
2026-09-04,15:29,GRANULES,47.6588
2026-09-04,15:29,GRAPHITE,35.488
2026-09-04,15:29,GRASIM,17.1079
2026-09-04,15:29,GREAVESCOT,7.4742
2026-09-04,15:29,GREENLAM,-3.7031
2026-09-04,15:29,GREENPLY,10.6793
2026-09-04,15:29,GRINDWELL,24.0518
2026-09-04,15:29,GROWW,33.6733
2026-09-04,15:29,GRPLTD,12.8047
2026-09-04,15:29,GRSE,7.7957
2026-09-04,15:29,GRWRHITECH,92.0669
2026-09-04,15:29,GSFC,-5.4013
2026-09-04,15:29,GUFICBIO,27.7714
2026-09-04,15:29,GUJALKALI,42.2713
2026-09-04,15:29,GUJTHEM,5.4744
2026-09-04,15:29,GVPIL,107.8387
2026-09-04,15:29,GVT&D,41.1485
2026-09-04,15:29,HAL,12.8646
2026-09-04,15:29,HAPPYFORGE,108.7958
2026-09-04,15:29,HARIOMPIPE,0.715
2026-09-04,15:29,HARSHA,21.7444
2026-09-04,15:29,HATSUN,14.6557
2026-09-04,15:29,HCC,28.0936
2026-09-04,15:29,HCG,-2.0905
2026-09-04,15:29,HEALTHX,-0.1994
2026-09-04,15:29,HEG,36.2488
2026-09-04,15:29,HEMIPROP,-5.9178
2026-09-04,15:29,HESTERBIO,49.8598
2026-09-04,15:29,HEXATRADEX,-5.4459
2026-09-04,15:29,HFCL,247.7164
2026-09-04,15:29,HINDALCO,18.648
2026-09-04,15:29,HINDCOMPOS,-6.0217
2026-09-04,15:29,HINDCOPPER,36.4504
2026-09-04,15:29,HINDOILEXP,21.4708
2026-09-04,15:29,HINDZINC,7.0061
2026-09-04,15:29,HIRECT,64.7328
2026-09-04,15:29,HITECHCORP,100.0119
2026-09-04,15:29,HMT,38.3296
2026-09-04,15:29,HMVL,27.2535
2026-09-04,15:29,HNDFDS,15.3291
2026-09-04,15:29,HOMEFIRST,3.0223
2026-09-04,15:29,HONASA,80.1683
2026-09-04,15:29,HONAUT,5.1925
2026-09-04,15:29,HSCL,44.1413
2026-09-04,15:29,HTMEDIA,17.9233
2026-09-04,15:29,HUHTAMAKI,19.8928
2026-09-04,15:29,HYUNDAI,-5.8577
2026-09-04,15:29,IBULLSLTD,35.5333
2026-09-04,15:29,ICEMAKE,-3.1408
2026-09-04,15:29,ICICIBANK,4.1874
2026-09-04,15:29,ICIL,56.752
2026-09-04,15:29,IDEAFORGE,82.6634
2026-09-04,15:29,IDFCFIRSTB,5.3712
2026-09-04,15:29,IFCI,108.1725
2026-09-04,15:29,IFGLEXPOR,-1.7802
2026-09-04,15:29,IGARASHI,-1.8344
2026-09-04,15:29,IGIL,0.9991
2026-09-04,15:29,IGPL,39.7021
2026-09-04,15:29,IIFL,12.074
2026-09-04,15:29,IIFLCAPS,6.6917
2026-09-04,15:29,IKIO,19.7091
2026-09-04,15:29,IKS,6.9198
2026-09-04,15:29,IMAGICAA,12.0599
2026-09-04,15:29,IMPAL,7.618
2026-09-04,15:29,INDGN,14.2667
2026-09-04,15:29,INDHOTEL,-2.0475
2026-09-04,15:29,INDIANB,11.4461
2026-09-04,15:29,INDIANHUME,-5.9765
2026-09-04,15:29,INDIGO,2.3969
2026-09-04,15:29,INDIGOPNTS,-3.8982
2026-09-04,15:29,INDIQUBE,0.3094
2026-09-04,15:29,INDNIPPON,45.1924
2026-09-04,15:29,INDOAMIN,6.0716
2026-09-04,15:29,INDOBORAX,87.4613
2026-09-04,15:29,INDOCO,8.2292
2026-09-04,15:29,INDORAMA,53.9565
2026-09-04,15:29,INDOSTAR,6.6683
2026-09-04,15:29,INDOTECH,129.1873
2026-09-04,15:29,INDSWFTLAB,263.5482
2026-09-04,15:29,INDUSINDBK,19.1869
2026-09-04,15:29,INFOBEAN,-6.5606
2026-09-04,15:29,INGERRAND,35.5995
2026-09-04,15:29,INNOVACAP,62.9332
2026-09-04,15:29,INOXINDIA,97.0026
2026-09-04,15:29,IOLCP,140.6716
2026-09-04,15:29,IONEXCHANG,16.5314
2026-09-04,15:29,IPCALAB,34.0678
2026-09-04,15:29,IRISDOREME,78.295
2026-09-04,15:29,IRMENERGY,-0.7932
2026-09-04,15:29,ISGEC,-2.8383
2026-09-04,15:29,ITDC,16.9101
2026-09-04,15:29,IZMO,5.853
2026-09-04,15:29,J&KBANK,46.3182
2026-09-04,15:29,JAGSNPHARM,19.5653
2026-09-04,15:29,JAIBALAJI,15.2943
2026-09-04,15:29,JAMNAAUTO,-3.2855
2026-09-04,15:29,JASH,7.4677
2026-09-04,15:29,JAYAGROGN,12.8898
2026-09-04,15:29,JAYBARMARU,38.1652
2026-09-04,15:29,JAYNECOIND,22.3918
2026-09-04,15:29,JBMA,9.591
2026-09-04,15:29,JGCHEM,62.8505
2026-09-04,15:29,JINDALPOLY,35.9519
2026-09-04,15:29,JINDALSAW,89.3921
2026-09-04,15:29,JINDALSTEL,13.1617
2026-09-04,15:29,JINDRILL,31.1153
2026-09-04,15:29,JINDWORLD,90.6198
2026-09-04,15:29,JITFINFRA,8.6724
2026-09-04,15:29,JKPAPER,11.2848
2026-09-04,15:29,JNKINDIA,89.6655
2026-09-04,15:29,JSFB,23.2665
2026-09-04,15:29,JSL,-6.0841
2026-09-04,15:29,JSWCEMENT,2.3342
2026-09-04,15:29,JSWENERGY,11.9556
2026-09-04,15:29,JSWINFRA,21.4221
2026-09-04,15:29,JSWSTEEL,17.7255
2026-09-04,15:29,JTLIND,50.5502
2026-09-04,15:29,JUBLCPL,-4.9805
2026-09-04,15:29,JUBLINGREA,-2.1855
2026-09-04,15:29,JUSTDIAL,-2.587
2026-09-04,15:29,JWL,-6.7331
2026-09-04,15:29,JYOTICNC,4.8241
2026-09-04,15:29,KABRAEXTRU,162.5578
2026-09-04,15:29,KAJARIACER,17.7208
2026-09-04,15:29,KALYANKJIL,24.9322
2026-09-04,15:29,KAMATHOTEL,-2.7261
2026-09-04,15:29,KAMDHENU,51.3305
2026-09-04,15:29,KANORICHEM,103.7459
2026-09-04,15:29,KANPRPLA,25.6466
2026-09-04,15:29,KAPSTON,193.8321
2026-09-04,15:29,KARURVYSYA,42.1788
2026-09-04,15:29,KAYA,-3.0073
2026-09-04,15:29,KDDL,69.5202
2026-09-04,15:29,KECL,24.2481
2026-09-04,15:29,KEI,19.2496
2026-09-04,15:29,KENNAMET,70.6088
2026-09-04,15:29,KERNEX,77.0265
2026-09-04,15:29,KICL,3.7694
2026-09-04,15:29,KILITCH,5.924
2026-09-04,15:29,KIMS,15.3271
2026-09-04,15:29,KINGFA,53.9589
2026-09-04,15:29,KIOCL,10.7857
2026-09-04,15:29,KIRIINDUS,-0.4363
2026-09-04,15:29,KIRLFER,-0.8628
2026-09-04,15:29,KIRLOSBROS,13.4121
2026-09-04,15:29,KIRLOSENG,92.3729
2026-09-04,15:29,KIRLOSIND,12.7716
2026-09-04,15:29,KKCL,4.895
2026-09-04,15:29,KMEW,84.7719
2026-09-04,15:29,KOLTEPATIL,14.9902
2026-09-04,15:29,KOPRAN,77.7149
2026-09-04,15:29,KOTAKBANK,-2.4855
2026-09-04,15:29,KOTHARIPET,3.5287
2026-09-04,15:29,KOVAI,172.4536
2026-09-04,15:29,KPIL,19.9454
2026-09-04,15:29,KPRMILL,21.8092
2026-09-04,15:29,KRBL,8.1784
2026-09-04,15:29,KRISHANA,74.8955
2026-09-04,15:29,KRN,103.6375
2026-09-04,15:29,KRONOX,30.1184
2026-09-04,15:29,KROSS,19.0803
2026-09-04,15:29,KRYSTAL,26.0786
2026-09-04,15:29,KSB,10.2222
2026-09-04,15:29,KSL,29.6794
2026-09-04,15:29,KSOLVES,-5.4068
2026-09-04,15:29,KTKBANK,68.1998
2026-09-04,15:29,LALPATHLAB,30.6314
2026-09-04,15:29,LANDMARK,-1.6104
2026-09-04,15:29,LAURUSLABS,81.7643
2026-09-04,15:29,LAXMIINDIA,0.714
2026-09-04,15:29,LENSKART,68.7154
2026-09-04,15:29,LGEINDIA,4.3968
2026-09-04,15:29,LICHSGFIN,5.5691
2026-09-04,15:29,LICI,-4.2531
2026-09-04,15:29,LIKHITHA,11.1171
2026-09-04,15:29,LINCOLN,31.289
2026-09-04,15:29,LINDEINDIA,5.617
2026-09-04,15:29,LLOYDSENGG,61.6625
2026-09-04,15:29,LLOYDSENT,28.1153
2026-09-04,15:29,LLOYDSME,41.5043
2026-09-04,15:29,LMW,22.0676
2026-09-04,15:29,LODHA,11.9971
2026-09-04,15:29,LOKESHMACH,110.0109
2026-09-04,15:29,LOTUSDEV,23.4272
2026-09-04,15:29,LT,-2.7
2026-09-04,15:29,LTF,1.9977
2026-09-04,15:29,LTFOODS,16.4398
2026-09-04,15:29,LUMAXIND,12.4727
2026-09-04,15:29,LUMAXTECH,31.7694
2026-09-04,15:29,LUPIN,-0.1845
2026-09-04,15:29,LUXIND,4.9946
2026-09-04,15:29,LXCHEM,0.6906
2026-09-04,15:29,M&MFIN,7.9601
2026-09-04,15:29,MACPOWER,87.9341
2026-09-04,15:29,MAGADSUGAR,9.0361
2026-09-04,15:29,MAHABANK,50.7102
2026-09-04,15:29,MAHASTEEL,55.946
2026-09-04,15:29,MAHLOG,25.4177
2026-09-04,15:29,MAHSCOOTER,-4.022
2026-09-04,15:29,MAHSEAMLES,22.9518
2026-09-04,15:29,MAITHANALL,14.9339
2026-09-04,15:29,MAMATA,-1.8206
2026-09-04,15:29,MANAKSTEEL,86.4466
2026-09-04,15:29,MANALIPETC,42.0432
2026-09-04,15:29,MANAPPURAM,18.1154
2026-09-04,15:29,MANGLMCEM,44.9156
2026-09-04,15:29,MANINDS,77.8417
2026-09-04,15:29,MANINFRA,-4.8055
2026-09-04,15:29,MANKIND,6.8432
2026-09-04,15:29,MANORAMA,46.9625
2026-09-04,15:29,MANYAVAR,-0.3605
2026-09-04,15:29,MARICO,12.1175
2026-09-04,15:29,MARINE,112.9972
2026-09-04,15:29,MARKSANS,68.5495
2026-09-04,15:29,MATRIMONY,-3.1044
2026-09-04,15:29,MAWANASUG,73.1722
2026-09-04,15:29,MAXESTATES,22.0396
2026-09-04,15:29,MAYURUNIQ,50.8158
2026-09-04,15:29,MAZDA,22.1554
2026-09-04,15:29,MAZDOCK,0.663
2026-09-04,15:29,MBAPL,103.2795
2026-09-04,15:29,MCX,61.1592
2026-09-04,15:29,MEDANTA,27.5425
2026-09-04,15:29,MEESHO,26.5823
2026-09-04,15:29,MENONBE,203.1218
2026-09-04,15:29,METROPOLIS,23.0303
2026-09-04,15:29,MGL,-2.3682
2026-09-04,15:29,MIDHANI,39.3445
2026-09-04,15:29,MINDACORP,20.147
2026-09-04,15:29,MMFL,75.32
2026-09-04,15:29,MMP,60.6958
2026-09-04,15:29,MMTC,16.0579
2026-09-04,15:29,MODIS,10.1359
2026-09-04,15:29,MODISONLTD,234.1273
2026-09-04,15:29,MOL,4.5483
2026-09-04,15:29,MOLDTECH,30.4288
2026-09-04,15:29,MOLDTKPAC,23.4539
2026-09-04,15:29,MONARCH,24.2888
2026-09-04,15:29,MOREPENLAB,174.0063
2026-09-04,15:29,MOSCHIP,2.9544
2026-09-04,15:29,MOTHERSON,32.4814
2026-09-04,15:29,MOTILALOFS,19.9468
2026-09-04,15:29,MPSLTD,33.0914
2026-09-04,15:29,MRPL,17.375
2026-09-04,15:29,MSPL,-2.667
2026-09-04,15:29,MSTCLTD,55.8811
2026-09-04,15:29,MTARTECH,205.308
2026-09-04,15:29,MUFIN,24.5676
2026-09-04,15:29,MUKANDLTD,-1.7969
2026-09-04,15:29,MUKKA,27.4502
2026-09-04,15:29,MUNJALAU,41.6961
2026-09-04,15:29,MUNJALSHOW,3.9418
2026-09-04,15:29,MUTHOOTMF,17.255
2026-09-04,15:29,MVGJL,-1.5002
2026-09-04,15:29,NACLIND,-2.9718
2026-09-04,15:29,NAHARINDUS,26.185
2026-09-04,15:29,NAHARPOLY,-5.8375
2026-09-04,15:29,NAHARSPING,45.285
2026-09-04,15:29,NAM-INDIA,33.2453
2026-09-04,15:29,NATIONALUM,34.4958
2026-09-04,15:29,NAUKRI,-4.2026
2026-09-04,15:29,NAVA,-0.7529
2026-09-04,15:29,NAVINFLUOR,39.7713
2026-09-04,15:29,NAVKARCORP,1.3373
2026-09-04,15:29,NAZARA,63.3001
2026-09-04,15:29,NELCAST,6.8988
2026-09-04,15:29,NELCO,20.3606
2026-09-04,15:29,NEOGEN,96.1916
2026-09-04,15:29,NESTLEIND,13.9062
2026-09-04,15:29,NETWEB,62.2407
2026-09-04,15:29,NEULANDLAB,40.9292
2026-09-04,15:29,NGLFINE,119.1528
2026-09-04,15:29,NH,-0.6256
2026-09-04,15:29,NHPC,-1.1409
2026-09-04,15:29,NIACL,33.7308
2026-09-04,15:29,NIBE,21.5643
2026-09-04,15:29,NIITLTD,12.3014
2026-09-04,15:29,NILKAMAL,49.1123
2026-09-04,15:29,NINSYS,74.2026
2026-09-04,15:29,NITCO,5.616
2026-09-04,15:29,NITINSPIN,101.1805
2026-09-04,15:29,NIVABUPA,6.2749
2026-09-04,15:29,NLCINDIA,11.9516
2026-09-04,15:29,NMDC,8.6733
2026-09-04,15:29,NOCIL,8.5347
2026-09-04,15:29,NORTHARC,16.2339
2026-09-04,15:29,NOVARTIND,103.9383
2026-09-04,15:29,NPST,18.4807
2026-09-04,15:29,NRAIL,22.9992
2026-09-04,15:29,NRBBEARING,57.035
2026-09-04,15:29,NRL,110.2369
2026-09-04,15:29,NSLNISP,10.5984
2026-09-04,15:29,NTPC,2.292
2026-09-04,15:29,NTPCGREEN,-2.3708
2026-09-04,15:29,NUVAMA,23.4766
2026-09-04,15:29,NUVOCO,1.9986
2026-09-04,15:29,NYKAA,32.4174
2026-09-04,15:29,OAL,83.1601
2026-09-04,15:29,OBEROIRLTY,13.0016
2026-09-04,15:29,OCCLLTD,72.5942
2026-09-04,15:29,OFSS,50.9136
2026-09-04,15:29,OIL,20.7617
2026-09-04,15:29,OLAELEC,4.1156
2026-09-04,15:29,OLECTRA,1.2773
2026-09-04,15:29,OMAXE,109.7509
2026-09-04,15:29,ONEPOINT,9.5503
2026-09-04,15:29,ONESOURCE,-5.9622
2026-09-04,15:29,ONGC,-1.4159
2026-09-04,15:29,ONIDA,39.2283
2026-09-04,15:29,ONWARDTEC,2.5609
2026-09-04,15:29,OPTIEMUS,5.8178
2026-09-04,15:29,ORBTEXP,28.7823
2026-09-04,15:29,ORCHPHARMA,12.3184
2026-09-04,15:29,ORIENTBELL,56.084
2026-09-04,15:29,ORIENTCER,4.0028
2026-09-04,15:29,ORIENTELEC,-0.1003
2026-09-04,15:29,ORIENTHOT,31.575
2026-09-04,15:29,ORKLAINDIA,-4.8827
2026-09-04,15:29,PAGEIND,-1.7059
2026-09-04,15:29,PAISALO,95.9799
2026-09-04,15:29,PANACEABIO,4.9553
2026-09-04,15:29,PANACHE,58.7062
2026-09-04,15:29,PANAMAPET,79.1863
2026-09-04,15:29,PANSARI,-3.3655
2026-09-04,15:29,PARACABLES,77.2936
2026-09-04,15:29,PARADEEP,0.4607
2026-09-04,15:29,PARAS,111.9859
2026-09-04,15:29,PASHUPATI,-1.7506
2026-09-04,15:29,PASUPTAC,29.4545
2026-09-04,15:29,PATELRMART,5.0373
2026-09-04,15:29,PAUSHAKLTD,35.4077
2026-09-04,15:29,PAYTM,27.194
2026-09-04,15:29,PCBL,1.1487
2026-09-04,15:29,PDMJEPAPER,-5.3604
2026-09-04,15:29,PDSL,-1.0762
2026-09-04,15:29,PETRONET,7.1203
2026-09-04,15:29,PFC,3.312
2026-09-04,15:29,PFOCUS,52.82
2026-09-04,15:29,PGEL,-0.8464
2026-09-04,15:29,PGHL,1.4792
2026-09-04,15:29,PGIL,43.2803
2026-09-04,15:29,PHOENIXLTD,9.6618
2026-09-04,15:29,PICCADIL,10.6071
2026-09-04,15:29,PIDILITIND,10.3399
2026-09-04,15:29,PITTIENG,31.6626
2026-09-04,15:29,PIXTRANS,23.3104
2026-09-04,15:29,PNB,-0.6875
2026-09-04,15:29,PNBGILTS,4.5163
2026-09-04,15:29,PNBHOUSING,24.4264
2026-09-04,15:29,PNGJL,-0.0246
2026-09-04,15:29,POKARNA,-5.5918
2026-09-04,15:29,POLICYBZR,-4.6382
2026-09-04,15:29,POLYCAB,14.0658
2026-09-04,15:29,POLYPLEX,43.7451
2026-09-04,15:29,POONAWALLA,3.7656
2026-09-04,15:29,POWERGRID,0.9105
2026-09-04,15:29,POWERINDIA,62.0169
2026-09-04,15:29,POWERMECH,3.1904
2026-09-04,15:29,PPL,4.3326
2026-09-04,15:29,PPLPHARMA,22.7974
2026-09-04,15:29,PRABHA,23.5798
2026-09-04,15:29,PRAJIND,10.4873
2026-09-04,15:29,PRAKASH,-6.7542
2026-09-04,15:29,PRECOT,58.5756
2026-09-04,15:29,PRECWIRE,100.4239
2026-09-04,15:29,PREMEXPLN,32.1919
2026-09-04,15:29,PREMIERENE,9.0019
2026-09-04,15:29,PREMIERPOL,123.4826
2026-09-04,15:29,PRESTIGE,-4.4494
2026-09-04,15:29,PRICOLLTD,26.1357
2026-09-04,15:29,PRIMESECU,1.3538
2026-09-04,15:29,PRIMO,-4.6188
2026-09-04,15:29,PRINCEPIPE,12.1903
2026-09-04,15:29,PRIVISCL,9.4665
2026-09-04,15:29,PRUDENT,27.8735
2026-09-04,15:29,PSPPROJECT,-2.5273
2026-09-04,15:29,PTC,0.2502
2026-09-04,15:29,PTCIL,30.6828
2026-09-04,15:29,PTL,-0.87
2026-09-04,15:29,PURVA,-5.3573
2026-09-04,15:29,PVP,99.296
2026-09-04,15:29,PVRINOX,16.6651
2026-09-04,15:29,QPOWER,113.1272
2026-09-04,15:29,QUADFUTURE,56.1076
2026-09-04,15:29,QUESS,69.3237
2026-09-04,15:29,RACLGEAR,50.8952
2026-09-04,15:29,RADHIKAJWE,12.5609
2026-09-04,15:29,RADICO,39.3877
2026-09-04,15:29,RAIN,101.8716
2026-09-04,15:29,RAINBOW,4.5061
2026-09-04,15:29,RAJRATAN,11.9133
2026-09-04,15:29,RAJRILTD,1.4699
2026-09-04,15:29,RAMCOIND,1.9073
2026-09-04,15:29,RAMRAT,82.041
2026-09-04,15:29,RANEHOLDIN,21.333
2026-09-04,15:29,RATEGAIN,28.6211
2026-09-04,15:29,RATNAMANI,11.2244
2026-09-04,15:29,RATNAVEER,91.0898
2026-09-04,15:29,RAYMOND,63.9411
2026-09-04,15:29,RAYMONDREL,9.4189
2026-09-04,15:29,RBA,43.057
2026-09-04,15:29,RBLBANK,34.7042
2026-09-04,15:29,RBZJEWEL,42.3636
2026-09-04,15:29,REDINGTON,32.3
2026-09-04,15:29,REDTAPE,-2.8869
2026-09-04,15:29,REFEX,10.8474
2026-09-04,15:29,REGAAL,22.4882
2026-09-04,15:29,RELIGARE,10.0231
2026-09-04,15:29,RELTD,-2.5073
2026-09-04,15:29,RGL,14.3667
2026-09-04,15:29,RHETAN,2.5827
2026-09-04,15:29,RICOAUTO,10.0557
2026-09-04,15:29,RISHABH,84.313
2026-09-04,15:29,RITCO,9.2489
2026-09-04,15:29,RITES,-5.0343
2026-09-04,15:29,RKFORGE,35.7842
2026-09-04,15:29,RML,74.8735
2026-09-04,15:29,ROLEXRINGS,28.8222
2026-09-04,15:29,ROSSTECH,70.7733
2026-09-04,15:29,ROTO,6.1021
2026-09-04,15:29,RPEL,81.7743
2026-09-04,15:29,RPGLIFE,17.4927
2026-09-04,15:29,RPSGVENT,11.0236
2026-09-04,15:29,RPTECH,138.9123
2026-09-04,15:29,RRKABEL,72.3385
2026-09-04,15:29,RSWM,43.6206
2026-09-04,15:29,RUBICON,177.8817
2026-09-04,15:29,RUBYMILLS,96.8562
2026-09-04,15:29,SAATVIKGL,13.0076
2026-09-04,15:29,SAGILITY,-5.9651
2026-09-04,15:29,SAIL,49.204
2026-09-04,15:29,SAILIFE,76.1508
2026-09-04,15:29,SAKAR,140.0616
2026-09-04,15:29,SALSTEEL,130.5099
2026-09-04,15:29,SAMBHV,35.278
2026-09-04,15:29,SAMMAANCAP,5.9536
2026-09-04,15:29,SANATHAN,1.3665
2026-09-04,15:29,SANDESH,-1.5176
2026-09-04,15:29,SANDHAR,11.2101
2026-09-04,15:29,SANGAMIND,30.5515
2026-09-04,15:29,SANGHVIMOV,43.4591
2026-09-04,15:29,SANSERA,122.6107
2026-09-04,15:29,SANSTAR,19.817
2026-09-04,15:29,SAPPHIRE,-4.0452
2026-09-04,15:29,SARDAEN,-0.5573
2026-09-04,15:29,SAREGAMA,34.8338
2026-09-04,15:29,SARLAPOLY,16.9877
2026-09-04,15:29,SASKEN,53.1131
2026-09-04,15:29,SATIA,-5.8264
2026-09-04,15:29,SATIN,53.8435
2026-09-04,15:29,SBC,63.6624
2026-09-04,15:29,SBCL,148.2507
2026-09-04,15:29,SBFC,-4.9843
2026-09-04,15:29,SBIN,5.4976
2026-09-04,15:29,SCHAEFFLER,3.2652
2026-09-04,15:29,SCHNEIDER,71.787
2026-09-04,15:29,SCI,31.0221
2026-09-04,15:29,SCPL,127.7596
2026-09-04,15:29,SEAMECLTD,74.6106
2026-09-04,15:29,SENCO,14.8967
2026-09-04,15:29,SENORES,81.7072
2026-09-04,15:29,SERVOTECH,-3.7825
2026-09-04,15:29,SESHAPAPER,-3.5383
2026-09-04,15:29,SETL,161.0097
2026-09-04,15:29,SFL,11.9903
2026-09-04,15:29,SGFIN,75.5293
2026-09-04,15:29,SGIL,13.8725
2026-09-04,15:29,SGMART,146.8203
2026-09-04,15:29,SHAILY,33.9613
2026-09-04,15:29,SHALPAINTS,41.8589
2026-09-04,15:29,SHANTIGEAR,32.1607
2026-09-04,15:29,SHANTIGOLD,32.1885
2026-09-04,15:29,SHAREINDIA,-1.6611
2026-09-04,15:29,SHILCTECH,1.2982
2026-09-04,15:29,SHILPAMED,191.1521
2026-09-04,15:29,SHIVAUM,56.6061
2026-09-04,15:29,SHREEJISPG,104.8336
2026-09-04,15:29,SHREEPUSHK,23.8598
2026-09-04,15:29,SHRINGARMS,10.8336
2026-09-04,15:29,SHRIPISTON,46.2525
2026-09-04,15:29,SHRIRAMFIN,22.7594
2026-09-04,15:29,SHYAMMETL,33.0046
2026-09-04,15:29,SICALLOG,22.2577
2026-09-04,15:29,SIEMENS,26.4708
2026-09-04,15:29,SIGACHI,-0.9974
2026-09-04,15:29,SIGMAADV,314.9341
2026-09-04,15:29,SIGNPOST,10.1863
2026-09-04,15:29,SILVERTUC,110.2779
2026-09-04,15:29,SIMPLEXINF,-0.5515
2026-09-04,15:29,SINDHUTRAD,17.6909
2026-09-04,15:29,SIS,32.6612
2026-09-04,15:29,SJS,38.3134
2026-09-04,15:29,SKFINDUS,17.6713
2026-09-04,15:29,SKIPPER,35.016
2026-09-04,15:29,SKMEGGPROD,17.5046
2026-09-04,15:29,SKYGOLD,141.8976
2026-09-04,15:29,SMARTWORKS,14.6396
2026-09-04,15:29,SMCGLOBAL,-3.4692
2026-09-04,15:29,SMLMAH,67.2908
2026-09-04,15:29,SMSPHARMA,22.3885
2026-09-04,15:29,SOFTTECH,30.7431
2026-09-04,15:29,SOLARA,8.2388
2026-09-04,15:29,SOLARINDS,74.2929
2026-09-04,15:29,SOMANYCERA,32.8605
2026-09-04,15:29,SONACOMS,60.203
2026-09-04,15:29,SOTL,98.7257
2026-09-04,15:29,SOUTHBANK,18.3433
2026-09-04,15:29,SOUTHWEST,8.8938
2026-09-04,15:29,SPAL,47.3822
2026-09-04,15:29,SPARC,45.7688
2026-09-04,15:29,SPECIALITY,19.5939
2026-09-04,15:29,SPECTRUM,95.0585
2026-09-04,15:29,SPLPETRO,17.8525
2026-09-04,15:29,SPMLINFRA,4.1928
2026-09-04,15:29,SPORTKING,155.3983
2026-09-04,15:29,SREEL,21.4194
2026-09-04,15:29,SRHHYPOLTD,8.1568
2026-09-04,15:29,SSWL,91.8916
2026-09-04,15:29,STAR,20.0612
2026-09-04,15:29,STARHEALTH,19.9634
2026-09-04,15:29,STCINDIA,-5.7785
2026-09-04,15:29,STEELCAS,54.9891
2026-09-04,15:29,STEL,15.1544
2026-09-04,15:29,STLNETWORK,27.7999
2026-09-04,15:29,STLTECH,644.3594
2026-09-04,15:29,STOVEKRAFT,34.0013
2026-09-04,15:29,STYL,29.7361
2026-09-04,15:29,STYLAMIND,52.065
2026-09-04,15:29,STYLEBAAZA,45.4133
2026-09-04,15:29,STYRENIX,-1.1227
2026-09-04,15:29,SUDARSCHEM,22.7095
2026-09-04,15:29,SUDEEPPHRM,90.2397
2026-09-04,15:29,SUMICHEM,7.9768
2026-09-04,15:29,SUNCLAY,2.5875
2026-09-04,15:29,SUNDARMFIN,-2.8119
2026-09-04,15:29,SUNDRMFAST,29.5054
2026-09-04,15:29,SUNFLAG,36.4701
2026-09-04,15:29,SUNPHARMA,5.8824
2026-09-04,15:29,SUPRAJIT,7.8143
2026-09-04,15:29,SUPREMEIND,7.8824
2026-09-04,15:29,SUPRIYA,14.5611
2026-09-04,15:29,SURAKSHA,17.7231
2026-09-04,15:29,SURYODAY,10.9352
2026-09-04,15:29,SUTLEJTEX,26.5161
2026-09-04,15:29,SUVEN,121.3244
2026-09-04,15:29,SUYOG,15.0862
2026-09-04,15:29,SVLL,10.1578
2026-09-04,15:29,SWANDEF,1176.3091
2026-09-04,15:29,SWARAJENG,-4.1722
2026-09-04,15:29,SYNCOMF,37.9357
2026-09-04,15:29,SYRMA,97.2523
2026-09-04,15:29,TALBROAUTO,45.236
2026-09-04,15:29,TANLA,-6.0991
2026-09-04,15:29,TARIL,7.4054
2026-09-04,15:29,TARSONS,46.8105
2026-09-04,15:29,TASTYBITE,23.227
2026-09-04,15:29,TATACAP,15.56
2026-09-04,15:29,TATACOMM,-2.3901
2026-09-04,15:29,TATAPOWER,-3.6523
2026-09-04,15:29,TATASTEEL,9.8319
2026-09-04,15:29,TATATECH,21.2121
2026-09-04,15:29,TATVA,16.7571
2026-09-04,15:29,TBOTEK,1.79
2026-09-04,15:29,TBZ,192.5768
2026-09-04,15:29,TCIEXP,-2.0809
2026-09-04,15:29,TCPLPACK,36.862
2026-09-04,15:29,TDPOWERSYS,7.7136
2026-09-04,15:29,TECHM,1.1721
2026-09-04,15:29,TEJASNET,28.1214
2026-09-04,15:29,TENNIND,9.4186
2026-09-04,15:29,TEXINFRA,8.6119
2026-09-04,15:29,TFCILTD,115.5907
2026-09-04,15:29,THANGAMAYL,66.8022
2026-09-04,15:29,THEJO,32.9725
2026-09-04,15:29,THELEELA,39.3311
2026-09-04,15:29,THEMISMED,16.5844
2026-09-04,15:29,THERMAX,26.728
2026-09-04,15:29,THYROCARE,32.2203
2026-09-04,15:29,TI,18.3326
2026-09-04,15:29,TIIL,45.52
2026-09-04,15:29,TIINDIA,1.5966
2026-09-04,15:29,TIL,-5.2707
2026-09-04,15:29,TIMETECHNO,0.8885
2026-09-04,15:29,TIMKEN,2.3279
2026-09-04,15:29,TINNARUBR,28.9117
2026-09-04,15:29,TIPSMUSIC,19.0891
2026-09-04,15:29,TIRUPATIFL,110.4541
2026-09-04,15:29,TITAGARH,11.9982
2026-09-04,15:29,TITAN,29.3748
2026-09-04,15:29,TMB,83.8789
2026-09-04,15:29,TMCV,22.6938
2026-09-04,15:29,TNPETRO,27.1804
2026-09-04,15:29,TNPL,8.8704
2026-09-04,15:29,TORNTPHARM,28.1023
2026-09-04,15:29,TORNTPOWER,0.643
2026-09-04,15:29,TPLPLASTEH,7.6046
2026-09-04,15:29,TRAVELFOOD,0.7696
2026-09-04,15:29,TREL,-1.5429
2026-09-04,15:29,TRENT,5.0082
2026-09-04,15:29,TRITURBINE,8.3318
2026-09-04,15:29,TRUALT,4.4455
2026-09-04,15:29,TTKHLTCARE,3.7924
2026-09-04,15:29,TVSMOTOR,13.0745
2026-09-04,15:29,TVSSCS,19.1503
2026-09-04,15:29,TVSSRICHAK,22.443
2026-09-04,15:29,UDS,38.1676
2026-09-04,15:29,UEL,108.0606
2026-09-04,15:29,UFBL,284.2166
2026-09-04,15:29,UFLEX,43.3026
2026-09-04,15:29,UGARSUGAR,18.7931
2026-09-04,15:29,UJJIVANSFB,21.5202
2026-09-04,15:29,ULTRACEMCO,-2.687
2026-09-04,15:29,UNICHEMLAB,20.7108
2026-09-04,15:29,UNIMECH,59.1506
2026-09-04,15:29,UNIONBANK,22.5743
2026-09-04,15:29,UNIPARTS,78.5962
2026-09-04,15:29,UNITDSPR,1.6999
2026-09-04,15:29,UNITEDPOLY,38.7741
2026-09-04,15:29,UNIVASTU,154.3669
2026-09-04,15:29,UNIVCABLES,76.0737
2026-09-04,15:29,UNIVPHOTO,104.1207
2026-09-04,15:29,UNOMINDA,0.1282
2026-09-04,15:29,URBANCO,40.5542
2026-09-04,15:29,USHAMART,16.6931
2026-09-04,15:29,UTLSOLAR,109.8594
2026-09-04,15:29,UTTAMSUGAR,10.9183
2026-09-04,15:29,V2RETAIL,-2.8843
2026-09-04,15:29,VADILALIND,49.293
2026-09-04,15:29,VALIANTLAB,58.4954
2026-09-04,15:29,VALIANTORG,16.7092
2026-09-04,15:29,VARROC,27.1014
2026-09-04,15:29,VEDL,38.3606
2026-09-04,15:29,VENKEYS,16.8157
2026-09-04,15:29,VENUSPIPES,30.0534
2026-09-04,15:29,VENUSREM,105.2823
2026-09-04,15:29,VERANDA,27.6127
2026-09-04,15:29,VGUARD,1.4826
2026-09-04,15:29,VHL,1.9826
2026-09-04,15:29,VIDHIING,5.4747
2026-09-04,15:29,VIDYAWIRES,74.7044
2026-09-04,15:29,VIJAYA,50.7597
2026-09-04,15:29,VIMTALABS,5.7478
2026-09-04,15:29,VINCOFE,3.249
2026-09-04,15:29,VINDHYATEL,92.8375
2026-09-04,15:29,VISAKAIND,40.5963
2026-09-04,15:29,VISHNU,41.347
2026-09-04,15:29,VIYASH,26.7884
2026-09-04,15:29,VMART,8.3191
2026-09-04,15:29,VOLTAMP,40.9543
2026-09-04,15:29,VRLLOG,10.5664
2026-09-04,15:29,VSSL,26.0471
2026-09-04,15:29,VTL,34.0354
2026-09-04,15:29,WABAG,60.9648
2026-09-04,15:29,WALCHANNAG,18.8458
2026-09-04,15:29,WANBURY,3.7505
2026-09-04,15:29,WELCORP,226.56
2026-09-04,15:29,WELENT,58.1802
2026-09-04,15:29,WELINV,70.6211
2026-09-04,15:29,WELSPUNLIV,51.8092
2026-09-04,15:29,WENDT,0.4493
2026-09-04,15:29,WESTLIFE,-3.6412
2026-09-04,15:29,WEWORK,12.3095
2026-09-04,15:29,WHEELS,104.8332
2026-09-04,15:29,WINDLAS,44.0345
2026-09-04,15:29,WINDMACHIN,9.7583
2026-09-04,15:29,WOCKPHARMA,55.7337
2026-09-04,15:29,WONDERLA,-1.7844
2026-09-04,15:29,WSTCSTPAPR,59.2969
2026-09-04,15:29,XPROINDIA,37.3018
2026-09-04,15:29,YASHO,162.5826
2026-09-04,15:29,YATHARTH,41.4847
2026-09-04,15:29,YESBANK,2.646
2026-09-04,15:29,YUKEN,18.9456
2026-09-04,15:29,ZEEL,-2.7185
2026-09-04,15:29,ZENTEC,29.6811
2026-09-04,15:29,ZIMLAB,71.0975
2026-09-04,15:29,ZYDUSLIFE,20.5403
2026-09-04,15:29,ZYDUSWELL,24.6951
2026-09-07,15:29,20MICRONS,16.7125
2026-09-07,15:29,360ONE,-0.6814
2026-09-07,15:29,5PAISA,7.1913
2026-09-07,15:29,63MOONS,13.5367
2026-09-07,15:29,AADHARHFC,-3.6996
2026-09-07,15:29,AARTIDRUGS,7.6747
2026-09-07,15:29,AARTIIND,30.4013
2026-09-07,15:29,AARTIPHARM,13.9113
2026-09-07,15:29,ABB,40.6623
2026-09-07,15:29,ABBOTINDIA,-6.9751
2026-09-07,15:29,ABCAPITAL,14.6248
2026-09-07,15:29,ABDL,-4.1687
2026-09-07,15:29,ABSLAMC,39.1984
2026-09-07,15:29,ACE,11.7783
2026-09-07,15:29,ACI,1.4945
2026-09-07,15:29,ACMESOLAR,79.1864
2026-09-07,15:29,ACUTAAS,95.1064
2026-09-07,15:29,ADANIENSOL,36.7898
2026-09-07,15:29,ADANIENT,29.4484
2026-09-07,15:29,ADANIGREEN,22.9477
2026-09-07,15:29,ADANIPORTS,12.0124
2026-09-07,15:29,ADANIPOWER,41.6332
2026-09-07,15:29,ADFFOODS,23.6125
2026-09-07,15:29,ADOR,55.3529
2026-09-07,15:29,ADVANCE,-6.4819
2026-09-07,15:29,ADVENZYMES,-4.7794
2026-09-07,15:29,AEGISLOG,66.9263
2026-09-07,15:29,AEGISVOPAK,14.3917
2026-09-07,15:29,AEQUS,66.1528
2026-09-07,15:29,AEROENTER,93.4367
2026-09-07,15:29,AEROFLEX,205.7016
2026-09-07,15:29,AETHER,84.1073
2026-09-07,15:29,AFFLE,-4.5401
2026-09-07,15:29,AFSL,0.5255
2026-09-07,15:29,AGARWALEYE,4.0663
2026-09-07,15:29,AGI,0.1093
2026-09-07,15:29,AGIIL,6.0658
2026-09-07,15:29,AHLWEST,91.6471
2026-09-07,15:29,AIAENG,8.4801
2026-09-07,15:29,AIIL,-4.1418
2026-09-07,15:29,AJANTPHARM,32.9851
2026-09-07,15:29,AJAXENGG,-2.0455
2026-09-07,15:29,AKUMS,78.3832
2026-09-07,15:29,ALEMBICLTD,5.5691
2026-09-07,15:29,ALIVUS,52.4923
2026-09-07,15:29,ALKEM,-6.7917
2026-09-07,15:29,ALKYLAMINE,23.0517
2026-09-07,15:29,ALLDIGI,-5.8502
2026-09-07,15:29,AMANTA,88.2705
2026-09-07,15:29,AMBER,9.3729
2026-09-07,15:29,AMBIKCO,28.7259
2026-09-07,15:29,AMNPLST,-3.643
2026-09-07,15:29,ANANDRATHI,49.1967
2026-09-07,15:29,ANANTRAJ,15.9295
2026-09-07,15:29,ANDHRAPAP,7.2171
2026-09-07,15:29,ANDHRSUGAR,30.1558
2026-09-07,15:29,ANGELONE,17.6379
2026-09-07,15:29,ANTELOPUS,129.7004
2026-09-07,15:29,ANTHEM,33.5384
2026-09-07,15:29,ANUHPHR,15.623
2026-09-07,15:29,ANURAS,-6.7715
2026-09-07,15:29,APARINDS,95.0168
2026-09-07,15:29,APCOTEXIND,69.8306
2026-09-07,15:29,APEX,42.5474
2026-09-07,15:29,APLAPOLLO,27.3647
2026-09-07,15:29,APOLLO,71.1653
2026-09-07,15:29,APOLLOHOSP,23.6153
2026-09-07,15:29,APOLLOPIPE,101.2389
2026-09-07,15:29,ARFIN,48.8826
2026-09-07,15:29,ARIES,48.9959
2026-09-07,15:29,ARIHANT,3611.39
2026-09-07,15:29,ARIS,0.5572
2026-09-07,15:29,ARMANFIN,36.2406
2026-09-07,15:29,ARROWGREEN,54.9312
2026-09-07,15:29,ARTEMISMED,22.1768
2026-09-07,15:29,ARVIND,75.3106
2026-09-07,15:29,ARVSMART,10.2907
2026-09-07,15:29,ASAHIINDIA,-5.4521
2026-09-07,15:29,ASAL,-5.5265
2026-09-07,15:29,ASHIANA,20.6242
2026-09-07,15:29,ASHOKLEY,1.9062
2026-09-07,15:29,ASIANENE,74.0816
2026-09-07,15:29,ASIANHOTNR,17.1975
2026-09-07,15:29,ASKAUTOLTD,32.6608
2026-09-07,15:29,ASTERDM,28.7668
2026-09-07,15:29,ASTRAL,4.7253
2026-09-07,15:29,ASTRAMICRO,88.8975
2026-09-07,15:29,ATGL,1.8817
2026-09-07,15:29,ATHERENERG,133.3893
2026-09-07,15:29,ATLANTAELE,115.0577
2026-09-07,15:29,ATUL,7.906
2026-09-07,15:29,ATULAUTO,4.6024
2026-09-07,15:29,AUBANK,7.5532
2026-09-07,15:29,AUROPHARMA,39.9309
2026-09-07,15:29,AURUM,29.6591
2026-09-07,15:29,AVADHSUGAR,118.1889
2026-09-07,15:29,AVALON,172.1069
2026-09-07,15:29,AVANTEL,2.4244
2026-09-07,15:29,AVANTIFEED,-3.0865
2026-09-07,15:29,AVL,17.5461
2026-09-07,15:29,AVTNPL,34.9004
2026-09-07,15:29,AXISBANK,-1.4633
2026-09-07,15:29,AXISCADES,37.4778
2026-09-07,15:29,AYMSYNTEX,87.8091
2026-09-07,15:29,AZAD,79.1492
2026-09-07,15:29,BAFNAPH,110.4401
2026-09-07,15:29,BAJAJ-AUTO,31.9911
2026-09-07,15:29,BAJAJCON,104.4704
2026-09-07,15:29,BAJAJFINSV,-6.3704
2026-09-07,15:29,BAJAJHIND,19.4022
2026-09-07,15:29,BAJAJHLDNG,-0.9582
2026-09-07,15:29,BAJEL,12.1448
2026-09-07,15:29,BAJFINANCE,4.6707
2026-09-07,15:29,BALAMINES,127.9169
2026-09-07,15:29,BALKRISIND,-3.9276
2026-09-07,15:29,BALMLAWRIE,-0.0954
2026-09-07,15:29,BALRAMCHIN,59.1656
2026-09-07,15:29,BANARISUG,6.3494
2026-09-07,15:29,BANDHANBNK,8.5052
2026-09-07,15:29,BANKINDIA,0.1763
2026-09-07,15:29,BANSALWIRE,0.2527
2026-09-07,15:29,BASF,-4.2516
2026-09-07,15:29,BBOX,49.9903
2026-09-07,15:29,BCLIND,14.3215
2026-09-07,15:29,BEL,3.3909
2026-09-07,15:29,BELRISE,42.8155
2026-09-07,15:29,BEML,20.501
2026-09-07,15:29,BEPL,41.689
2026-09-07,15:29,BETA,32.289
2026-09-07,15:29,BFINVEST,12.3776
2026-09-07,15:29,BHAGCHEM,14.024
2026-09-07,15:29,BHAGERIA,75.7514
2026-09-07,15:29,BHAGYANGR,171.7217
2026-09-07,15:29,BHARATFORG,38.2505
2026-09-07,15:29,BHARATSE,28.3113
2026-09-07,15:29,BHARATWIRE,2.1914
2026-09-07,15:29,BHEL,49.1331
2026-09-07,15:29,BIL,22.4472
2026-09-07,15:29,BIOCON,0.192
2026-09-07,15:29,BIRLACABLE,167.3767
2026-09-07,15:29,BIRLANU,-6.7932
2026-09-07,15:29,BLISSGVS,384.2743
2026-09-07,15:29,BLKASHYAP,7.0218
2026-09-07,15:29,BLSE,47.2527
2026-09-07,15:29,BLUEJET,3.8128
2026-09-07,15:29,BLUESTONE,70.3878
2026-09-07,15:29,BLUSPRING,101.5722
2026-09-07,15:29,BODALCHEM,223.0421
2026-09-07,15:29,BORANA,18.8562
2026-09-07,15:29,BORORENEW,-5.5183
2026-09-07,15:29,BOROSCI,6.1763
2026-09-07,15:29,BOSCH-HCIL,24.5353
2026-09-07,15:29,BOSCHLTD,31.9368
2026-09-07,15:29,BRIGADE,2.3714
2026-09-07,15:29,BSE,30.0993
2026-09-07,15:29,CAMS,-2.4762
2026-09-07,15:29,CANHLIFE,24.6115
2026-09-07,15:29,CAPITALSFB,5.0265
2026-09-07,15:29,CAPLIPOINT,43.8945
2026-09-07,15:29,CARBORUNIV,26.8747
2026-09-07,15:29,CARERATING,13.1963
2026-09-07,15:29,CARTRADE,14.0403
2026-09-07,15:29,CARYSIL,25.9122
2026-09-07,15:29,CASTROLIND,2.9298
2026-09-07,15:29,CCL,10.9494
2026-09-07,15:29,CDSL,-6.7673
2026-09-07,15:29,CEIGALL,59.3579
2026-09-07,15:29,CEMPRO,59.8374
2026-09-07,15:29,CENTENKA,37.14
2026-09-07,15:29,CENTUM,91.3148
2026-09-07,15:29,CERA,10.8891
2026-09-07,15:29,CGCL,51.2508
2026-09-07,15:29,CGPOWER,33.5522
2026-09-07,15:29,CHALET,1.6044
2026-09-07,15:29,CHAMBLFERT,-4.2816
2026-09-07,15:29,CHEMBONDCH,70.2785
2026-09-07,15:29,CHEMCON,-1.6752
2026-09-07,15:29,CHENNPETRO,54.7668
2026-09-07,15:29,CHEVIOT,15.1466
2026-09-07,15:29,CHOICEIN,-2.1432
2026-09-07,15:29,CHOLAFIN,6.6044
2026-09-07,15:29,CIEINDIA,-3.2295
2026-09-07,15:29,CLSEL,15.4276
2026-09-07,15:29,COALINDIA,8.9478
2026-09-07,15:29,COCHINSHIP,-5.1146
2026-09-07,15:29,COFORGE,3.4759
2026-09-07,15:29,COMSYN,105.7487
2026-09-07,15:29,CONCOR,0.2287
2026-09-07,15:29,CONCORDBIO,6.0708
2026-09-07,15:29,CONFIPET,139.3128
2026-09-07,15:29,CONSOFINVT,79.6653
2026-09-07,15:29,CORONA,44.0072
2026-09-07,15:29,COSMOFIRST,30.2905
2026-09-07,15:29,CPPLUS,139.6182
2026-09-07,15:29,CRAFTSMAN,59.3259
2026-09-07,15:29,CREDITACC,11.5087
2026-09-07,15:29,CREST,3.1733
2026-09-07,15:29,CRISIL,7.2916
2026-09-07,15:29,CUB,16.1391
2026-09-07,15:29,CUMMINSIND,10.7954
2026-09-07,15:29,CUPID,243.1241
2026-09-07,15:29,CYIENT,-4.5423
2026-09-07,15:29,CYIENTDLM,102.5395
2026-09-07,15:29,DALMIASUG,47.3996
2026-09-07,15:29,DATAPATTNS,76.1357
2026-09-07,15:29,DBOL,60.5439
2026-09-07,15:29,DCBBANK,30.4663
2026-09-07,15:29,DCI,44.935
2026-09-07,15:29,DCXINDIA,5.6387
2026-09-07,15:29,DDEVPLSTIK,-3.4271
2026-09-07,15:29,DEEDEV,199.328
2026-09-07,15:29,DEEPAKFERT,7.45
2026-09-07,15:29,DEEPAKNTR,4.2471
2026-09-07,15:29,DEEPINDS,75.5225
2026-09-07,15:29,DELHIVERY,11.4303
2026-09-07,15:29,DEVYANI,4.5102
2026-09-07,15:29,DHAMPURSUG,30.4096
2026-09-07,15:29,DHANBANK,24.9402
2026-09-07,15:29,DHARMAJ,15.9262
2026-09-07,15:29,DIACABS,134.4235
2026-09-07,15:29,DIAMONDYD,3.5164
2026-09-07,15:29,DICIND,25.3458
2026-09-07,15:29,DIFFNKG,46.9361
2026-09-07,15:29,DIVGIITTS,97.913
2026-09-07,15:29,DIVISLAB,46.7507
2026-09-07,15:29,DIXON,3.2249
2026-09-07,15:29,DLF,-3.6108
2026-09-07,15:29,DLINKINDIA,3.0163
2026-09-07,15:29,DMART,-3.0218
2026-09-07,15:29,DMCC,13.4184
2026-09-07,15:29,DOLPHIN,81.1871
2026-09-07,15:29,DPABHUSHAN,-0.482
2026-09-07,15:29,DREDGECORP,-0.2649
2026-09-07,15:29,DSSL,4.784
2026-09-07,15:29,DVL,3.0942
2026-09-07,15:29,DWARKESH,19.3752
2026-09-07,15:29,DYCL,36.7898
2026-09-07,15:29,DYNAMATECH,26.2509
2026-09-07,15:29,E2E,199.7242
2026-09-07,15:29,EBGNG,107.2301
2026-09-07,15:29,EDELWEISS,21.8621
2026-09-07,15:29,EICHERMOT,7.7301
2026-09-07,15:29,EIEL,-3.7046
2026-09-07,15:29,EIFFL,10.7177
2026-09-07,15:29,EIMCOELECO,42.5429
2026-09-07,15:29,ELECTCAST,7.2751
2026-09-07,15:29,ELECTHERM,13.0755
2026-09-07,15:29,ELGIEQUIP,31.4642
2026-09-07,15:29,EMAMIPAP,34.9722
2026-09-07,15:29,EMCURE,38.0823
2026-09-07,15:29,EMIL,61.757
2026-09-07,15:29,EMKAY,-0.2821
2026-09-07,15:29,EMMVEE,71.8271
2026-09-07,15:29,ENDURANCE,5.4375
2026-09-07,15:29,ENGINERSIN,42.9493
2026-09-07,15:29,ENRIN,5.9852
2026-09-07,15:29,ENTERO,89.5367
2026-09-07,15:29,EPL,12.6114
2026-09-07,15:29,EQUITASBNK,23.8184
2026-09-07,15:29,ESABINDIA,-2.6448
2026-09-07,15:29,ESAFSFB,57.9425
2026-09-07,15:29,ETERNAL,7.4887
2026-09-07,15:29,EVEREADY,-1.1482
2026-09-07,15:29,EXCELINDUS,7.4713
2026-09-07,15:29,EXICOM,61.5088
2026-09-07,15:29,EXIDEIND,14.3106
2026-09-07,15:29,FAIRCHEMOR,-5.4727
2026-09-07,15:29,FAZE3Q,11.1629
2026-09-07,15:29,FCL,130.9825
2026-09-07,15:29,FEDERALBNK,28.935
2026-09-07,15:29,FEDFINA,15.91
2026-09-07,15:29,FILATEX,43.804
2026-09-07,15:29,FINCABLES,61.82
2026-09-07,15:29,FINEORG,17.7349
2026-09-07,15:29,FINPIPE,-4.8783
2026-09-07,15:29,FLUOROCHEM,28.4483
2026-09-07,15:29,FMGOETZE,3.2337
2026-09-07,15:29,FORCEMOT,3.0518
2026-09-07,15:29,FORTIS,4.6218
2026-09-07,15:29,FOSECOIND,19.6038
2026-09-07,15:29,FUSION,26.1767
2026-09-07,15:29,GABRIEL,41.1929
2026-09-07,15:29,GAEL,39.6338
2026-09-07,15:29,GAIL,3.6147
2026-09-07,15:29,GALAPREC,38.4307
2026-09-07,15:29,GALAXYSURF,7.6861
2026-09-07,15:29,GALLANTT,-2.9252
2026-09-07,15:29,GANDHAR,98.3747
2026-09-07,15:29,GANDHITUBE,16.5208
2026-09-07,15:29,GANECOS,10.0183
2026-09-07,15:29,GANESHBE,62.3259
2026-09-07,15:29,GARFIBRES,20.6643
2026-09-07,15:29,GAYAPROJ,170.8181
2026-09-07,15:29,GCSL,75.4665
2026-09-07,15:29,GEECEE,7.8836
2026-09-07,15:29,GEMAROMA,6.1393
2026-09-07,15:29,GENUSPOWER,10.895
2026-09-07,15:29,GEOJITFSL,9.7296
2026-09-07,15:29,GESHIP,21.9614
2026-09-07,15:29,GFLLIMITED,6.4373
2026-09-07,15:29,GHCLTEXTIL,80.7781
2026-09-07,15:29,GIPCL,33.1476
2026-09-07,15:29,GLAND,78.1231
2026-09-07,15:29,GLAXO,14.7279
2026-09-07,15:29,GLENMARK,23.4841
2026-09-07,15:29,GLOBAL,34.5465
2026-09-07,15:29,GLOSTERLTD,-5.549
2026-09-07,15:29,GLOTTIS,-3.3085
2026-09-07,15:29,GMBREW,-4.9667
2026-09-07,15:29,GMDCLTD,4.0493
2026-09-07,15:29,GMMPFAUDLR,15.4536
2026-09-07,15:29,GNA,78.743
2026-09-07,15:29,GNFC,20.91
2026-09-07,15:29,GOCLCORP,40.8153
2026-09-07,15:29,GODREJAGRO,13.7704
2026-09-07,15:29,GODREJIND,13.8398
2026-09-07,15:29,GOKEX,-6.1031
2026-09-07,15:29,GOKULAGRO,19.078
2026-09-07,15:29,GPIL,-1.2783
2026-09-07,15:29,GPTHEALTH,14.39
2026-09-07,15:29,GPTINFRA,4.6638
2026-09-07,15:29,GRANULES,51.732
2026-09-07,15:29,GRAPHITE,31.2168
2026-09-07,15:29,GRASIM,17.0649
2026-09-07,15:29,GREAVESCOT,5.5531
2026-09-07,15:29,GREENLAM,-6.0971
2026-09-07,15:29,GREENPLY,10.3121
2026-09-07,15:29,GRINDWELL,22.8564
2026-09-07,15:29,GROWW,33.5047
2026-09-07,15:29,GRPLTD,13.028
2026-09-07,15:29,GRSE,6.6684
2026-09-07,15:29,GRWRHITECH,91.2169
2026-09-07,15:29,GSFC,-6.2872
2026-09-07,15:29,GUFICBIO,28.3852
2026-09-07,15:29,GUJALKALI,37.6738
2026-09-07,15:29,GUJTHEM,9.9219
2026-09-07,15:29,GVPIL,106.933
2026-09-07,15:29,GVT&D,44.6332
2026-09-07,15:29,HAL,12.3473
2026-09-07,15:29,HAPPYFORGE,108.2307
2026-09-07,15:29,HARIOMPIPE,0.3297
2026-09-07,15:29,HARSHA,22.5481
2026-09-07,15:29,HATSUN,12.303
2026-09-07,15:29,HCC,32.7693
2026-09-07,15:29,HCG,-4.2322
2026-09-07,15:29,HDFCAMC,-6.7127
2026-09-07,15:29,HEALTHX,-1.9161
2026-09-07,15:29,HEMIPROP,-5.9902
2026-09-07,15:29,HESTERBIO,48.2153
2026-09-07,15:29,HEXATRADEX,-3.8851
2026-09-07,15:29,HFCL,268.197
2026-09-07,15:29,HIKAL,-2.9475
2026-09-07,15:29,HINDALCO,18.6531
2026-09-07,15:29,HINDCOMPOS,-3.5671
2026-09-07,15:29,HINDCOPPER,33.9913
2026-09-07,15:29,HINDOILEXP,22.7335
2026-09-07,15:29,HINDZINC,3.7145
2026-09-07,15:29,HIRECT,65.7866
2026-09-07,15:29,HITECHCORP,98.6985
2026-09-07,15:29,HMT,41.1302
2026-09-07,15:29,HMVL,25.3003
2026-09-07,15:29,HNDFDS,19.2228
2026-09-07,15:29,HOMEFIRST,3.8468
2026-09-07,15:29,HONASA,82.5579
2026-09-07,15:29,HONAUT,4.4033
2026-09-07,15:29,HSCL,41.0611
2026-09-07,15:29,HTMEDIA,16.7121
2026-09-07,15:29,HUHTAMAKI,18.3725
2026-09-07,15:29,HYUNDAI,-3.8043
2026-09-07,15:29,IBULLSLTD,38.9189
2026-09-07,15:29,ICEMAKE,-6.1205
2026-09-07,15:29,ICICIBANK,4.5634
2026-09-07,15:29,ICIL,59.8098
2026-09-07,15:29,IDEAFORGE,79.2413
2026-09-07,15:29,IDFCFIRSTB,3.0643
2026-09-07,15:29,IFCI,110.9259
2026-09-07,15:29,IFGLEXPOR,-4.2115
2026-09-07,15:29,IGARASHI,-6.8544
2026-09-07,15:29,IGIL,-1.2422
2026-09-07,15:29,IGPL,40.8976
2026-09-07,15:29,IIFL,13.7083
2026-09-07,15:29,IIFLCAPS,8.5792
2026-09-07,15:29,IKIO,11.9766
2026-09-07,15:29,IKS,7.31
2026-09-07,15:29,IMAGICAA,7.4002
2026-09-07,15:29,IMPAL,7.6938
2026-09-07,15:29,INDGN,13.5455
2026-09-07,15:29,INDHOTEL,-2.0447
2026-09-07,15:29,INDIANB,10.9141
2026-09-07,15:29,INDIANHUME,-4.0224
2026-09-07,15:29,INDIGO,0.7149
2026-09-07,15:29,INDIGOPNTS,-5.2598
2026-09-07,15:29,INDIQUBE,2.0859
2026-09-07,15:29,INDNIPPON,40.6719
2026-09-07,15:29,INDOAMIN,6.6114
2026-09-07,15:29,INDOBORAX,77.2537
2026-09-07,15:29,INDOCO,1.3339
2026-09-07,15:29,INDORAMA,55.7155
2026-09-07,15:29,INDOSTAR,4.73
2026-09-07,15:29,INDOTECH,124.7931
2026-09-07,15:29,INDSWFTLAB,277.689
2026-09-07,15:29,INDUSINDBK,17.2394
2026-09-07,15:29,INGERRAND,32.7207
2026-09-07,15:29,INNOVACAP,65.3038
2026-09-07,15:29,INOXINDIA,93.9167
2026-09-07,15:29,IOLCP,158.3242
2026-09-07,15:29,IONEXCHANG,14.8875
2026-09-07,15:29,IPCALAB,36.0297
2026-09-07,15:29,IRISDOREME,62.6112
2026-09-07,15:29,IRMENERGY,-0.1754
2026-09-07,15:29,ITDC,15.7417
2026-09-07,15:29,IZMO,10.6722
2026-09-07,15:29,J&KBANK,46.8958
2026-09-07,15:29,JAGSNPHARM,19.6257
2026-09-07,15:29,JAIBALAJI,4.2003
2026-09-07,15:29,JAMNAAUTO,0.182
2026-09-07,15:29,JASH,15.4359
2026-09-07,15:29,JAYAGROGN,11.9923
2026-09-07,15:29,JAYBARMARU,36.533
2026-09-07,15:29,JAYNECOIND,19.6717
2026-09-07,15:29,JBMA,6.5093
2026-09-07,15:29,JGCHEM,60.4831
2026-09-07,15:29,JINDALPOLY,41.5039
2026-09-07,15:29,JINDALSAW,89.3388
2026-09-07,15:29,JINDALSTEL,11.0155
2026-09-07,15:29,JINDRILL,31.6061
2026-09-07,15:29,JINDWORLD,93.5185
2026-09-07,15:29,JITFINFRA,8.0984
2026-09-07,15:29,JKPAPER,14.7678
2026-09-07,15:29,JNKINDIA,86.7814
2026-09-07,15:29,JSFB,25.1889
2026-09-07,15:29,JSWCEMENT,1.4576
2026-09-07,15:29,JSWENERGY,8.9526
2026-09-07,15:29,JSWINFRA,21.2127
2026-09-07,15:29,JSWSTEEL,16.7922
2026-09-07,15:29,JTLIND,45.8768
2026-09-07,15:29,JUBLCPL,-3.2363
2026-09-07,15:29,JUBLINGREA,-4.3143
2026-09-07,15:29,JUSTDIAL,-2.7014
2026-09-07,15:29,JYOTICNC,7.7544
2026-09-07,15:29,KABRAEXTRU,186.8445
2026-09-07,15:29,KAJARIACER,11.1263
2026-09-07,15:29,KALYANKJIL,23.0994
2026-09-07,15:29,KAMATHOTEL,-0.14
2026-09-07,15:29,KAMDHENU,55.7813
2026-09-07,15:29,KANORICHEM,106.6073
2026-09-07,15:29,KANPRPLA,22.2567
2026-09-07,15:29,KAPSTON,182.445
2026-09-07,15:29,KARURVYSYA,39.4125
2026-09-07,15:29,KAYA,5.5038
2026-09-07,15:29,KDDL,71.3924
2026-09-07,15:29,KECL,18.1792
2026-09-07,15:29,KEI,12.8626
2026-09-07,15:29,KENNAMET,74.3216
2026-09-07,15:29,KERNEX,74.7284
2026-09-07,15:29,KICL,4.3688
2026-09-07,15:29,KILITCH,12.1313
2026-09-07,15:29,KIMS,14.0949
2026-09-07,15:29,KINGFA,58.6177
2026-09-07,15:29,KIOCL,9.2413
2026-09-07,15:29,KIRIINDUS,2.1098
2026-09-07,15:29,KIRLFER,-2.9939
2026-09-07,15:29,KIRLOSBROS,7.8517
2026-09-07,15:29,KIRLOSENG,91.4268
2026-09-07,15:29,KIRLOSIND,11.3305
2026-09-07,15:29,KKCL,4.853
2026-09-07,15:29,KMEW,65.314
2026-09-07,15:29,KOLTEPATIL,16.8599
2026-09-07,15:29,KOPRAN,86.9023
2026-09-07,15:29,KOTAKBANK,-3.2458
2026-09-07,15:29,KOTHARIPET,6.1067
2026-09-07,15:29,KOVAI,166.3828
2026-09-07,15:29,KPIL,21.0813
2026-09-07,15:29,KPRMILL,19.0412
2026-09-07,15:29,KRBL,7.9449
2026-09-07,15:29,KRISHANA,71.7614
2026-09-07,15:29,KRN,113.1393
2026-09-07,15:29,KRONOX,23.8072
2026-09-07,15:29,KROSS,19.9966
2026-09-07,15:29,KRYSTAL,27.6781
2026-09-07,15:29,KSB,4.4779
2026-09-07,15:29,KSL,28.9658
2026-09-07,15:29,KSOLVES,-6.1224
2026-09-07,15:29,KTKBANK,66.8083
2026-09-07,15:29,LALPATHLAB,33.0419
2026-09-07,15:29,LANDMARK,-3.778
2026-09-07,15:29,LAURUSLABS,86.7549
2026-09-07,15:29,LAXMIINDIA,-0.6377
2026-09-07,15:29,LENSKART,69.7927
2026-09-07,15:29,LGEINDIA,4.8419
2026-09-07,15:29,LICHSGFIN,3.8668
2026-09-07,15:29,LICI,-3.9561
2026-09-07,15:29,LIKHITHA,8.9017
2026-09-07,15:29,LINCOLN,30.6103
2026-09-07,15:29,LINDEINDIA,3.8289
2026-09-07,15:29,LLOYDSENGG,58.9719
2026-09-07,15:29,LLOYDSENT,23.3868
2026-09-07,15:29,LLOYDSME,39.9845
2026-09-07,15:29,LMW,20.3594
2026-09-07,15:29,LODHA,9.9908
2026-09-07,15:29,LOKESHMACH,106.0959
2026-09-07,15:29,LOTUSDEV,30.0111
2026-09-07,15:29,LT,-2.2799
2026-09-07,15:29,LTF,2.4254
2026-09-07,15:29,LTFOODS,16.975
2026-09-07,15:29,LUMAXIND,9.5752
2026-09-07,15:29,LUMAXTECH,22.8343
2026-09-07,15:29,LUPIN,0.5926
2026-09-07,15:29,LUXIND,3.2689
2026-09-07,15:29,LXCHEM,-0.2667
2026-09-07,15:29,M&MFIN,6.905
2026-09-07,15:29,MACPOWER,79.2814
2026-09-07,15:29,MAGADSUGAR,13.6535
2026-09-07,15:29,MAHABANK,48.0836
2026-09-07,15:29,MAHASTEEL,55.018
2026-09-07,15:29,MAHLOG,25.2174
2026-09-07,15:29,MAHSCOOTER,-4.6701
2026-09-07,15:29,MAHSEAMLES,22.8403
2026-09-07,15:29,MAITHANALL,16.5751
2026-09-07,15:29,MAMATA,-1.6296
2026-09-07,15:29,MANAKSTEEL,85.0287
2026-09-07,15:29,MANALIPETC,40.2116
2026-09-07,15:29,MANAPPURAM,13.7467
2026-09-07,15:29,MANBA,-4.7345
2026-09-07,15:29,MANGLMCEM,44.6944
2026-09-07,15:29,MANINDS,81.6449
2026-09-07,15:29,MANINFRA,-3.7444
2026-09-07,15:29,MANKIND,8.2571
2026-09-07,15:29,MANORAMA,46.2162
2026-09-07,15:29,MANYAVAR,-3.4344
2026-09-07,15:29,MARICO,9.2659
2026-09-07,15:29,MARINE,105.6461
2026-09-07,15:29,MARKSANS,75.7778
2026-09-07,15:29,MATRIMONY,0.5786
2026-09-07,15:29,MAWANASUG,72.7706
2026-09-07,15:29,MAXESTATES,22.1635
2026-09-07,15:29,MAYURUNIQ,46.4036
2026-09-07,15:29,MAZDA,23.2692
2026-09-07,15:29,MAZDOCK,0.2615
2026-09-07,15:29,MBAPL,101.3463
2026-09-07,15:29,MCX,63.4695
2026-09-07,15:29,MEDANTA,23.8983
2026-09-07,15:29,MEESHO,23.1553
2026-09-07,15:29,MENONBE,187.5716
2026-09-07,15:29,METROPOLIS,20.4022
2026-09-07,15:29,MGL,-2.7429
2026-09-07,15:29,MIDHANI,38.4666
2026-09-07,15:29,MINDACORP,17.4221
2026-09-07,15:29,MMFL,72.7501
2026-09-07,15:29,MMP,77.4123
2026-09-07,15:29,MMTC,14.2295
2026-09-07,15:29,MODIS,15.03
2026-09-07,15:29,MODISONLTD,242.0352
2026-09-07,15:29,MOL,2.9605
2026-09-07,15:29,MOLDTECH,31.2612
2026-09-07,15:29,MOLDTKPAC,20.2966
2026-09-07,15:29,MONARCH,22.6989
2026-09-07,15:29,MOREPENLAB,186.4578
2026-09-07,15:29,MOSCHIP,3.8796
2026-09-07,15:29,MOTHERSON,34.6522
2026-09-07,15:29,MOTILALOFS,25.037
2026-09-07,15:29,MPSLTD,31.3057
2026-09-07,15:29,MRPL,15.645
2026-09-07,15:29,MSPL,-6.2028
2026-09-07,15:29,MSTCLTD,64.4651
2026-09-07,15:29,MTARTECH,216.1768
2026-09-07,15:29,MUFIN,20.1323
2026-09-07,15:29,MUKANDLTD,3.2039
2026-09-07,15:29,MUKKA,32.3045
2026-09-07,15:29,MUNJALAU,46.4042
2026-09-07,15:29,MUNJALSHOW,5.0146
2026-09-07,15:29,MUTHOOTMF,11.8628
2026-09-07,15:29,MVGJL,18.4657
2026-09-07,15:29,NACLIND,-2.8052
2026-09-07,15:29,NAHARINDUS,25.2816
2026-09-07,15:29,NAHARSPING,44.4472
2026-09-07,15:29,NAM-INDIA,37.7204
2026-09-07,15:29,NATIONALUM,31.2881
2026-09-07,15:29,NAUKRI,-4.3405
2026-09-07,15:29,NAVA,-2.4807
2026-09-07,15:29,NAVINFLUOR,40.0309
2026-09-07,15:29,NAVKARCORP,-1.1224
2026-09-07,15:29,NAZARA,62.4835
2026-09-07,15:29,NCC,-6.8213
2026-09-07,15:29,NELCAST,5.7496
2026-09-07,15:29,NELCO,23.5699
2026-09-07,15:29,NEOGEN,104.6453
2026-09-07,15:29,NESTLEIND,12.4246
2026-09-07,15:29,NETWEB,54.8091
2026-09-07,15:29,NEULANDLAB,39.1204
2026-09-07,15:29,NGLFINE,115.9988
2026-09-07,15:29,NH,0.6105
2026-09-07,15:29,NHPC,-1.5672
2026-09-07,15:29,NIACL,38.2775
2026-09-07,15:29,NIBE,10.3391
2026-09-07,15:29,NIITLTD,7.8784
2026-09-07,15:29,NILKAMAL,45.4392
2026-09-07,15:29,NINSYS,72.685
2026-09-07,15:29,NITCO,3.4962
2026-09-07,15:29,NITINSPIN,101.0736
2026-09-07,15:29,NIVABUPA,7.7324
2026-09-07,15:29,NLCINDIA,10.8824
2026-09-07,15:29,NMDC,6.7473
2026-09-07,15:29,NOCIL,10.206
2026-09-07,15:29,NORTHARC,18.0783
2026-09-07,15:29,NOVARTIND,102.9208
2026-09-07,15:29,NPST,17.8255
2026-09-07,15:29,NRAIL,19.7017
2026-09-07,15:29,NRBBEARING,64.5656
2026-09-07,15:29,NRL,123.6483
2026-09-07,15:29,NSLNISP,11.633
2026-09-07,15:29,NTPC,2.4849
2026-09-07,15:29,NTPCGREEN,-2.5533
2026-09-07,15:29,NUVAMA,25.9555
2026-09-07,15:29,NUVOCO,-4.2054
2026-09-07,15:29,NYKAA,32.2337
2026-09-07,15:29,OAL,82.4928
2026-09-07,15:29,OBEROIRLTY,11.5707
2026-09-07,15:29,OCCLLTD,71.2887
2026-09-07,15:29,OFSS,48.6916
2026-09-07,15:29,OIL,20.679
2026-09-07,15:29,OLAELEC,1.5516
2026-09-07,15:29,OLECTRA,-1.0409
2026-09-07,15:29,OMAXE,95.6594
2026-09-07,15:29,ONEPOINT,11.7067
2026-09-07,15:29,ONESOURCE,-3.9597
2026-09-07,15:29,ONGC,-0.7011
2026-09-07,15:29,ONIDA,45.8316
2026-09-07,15:29,ONWARDTEC,3.3874
2026-09-07,15:29,OPTIEMUS,5.1501
2026-09-07,15:29,ORBTEXP,21.6842
2026-09-07,15:29,ORCHPHARMA,15.254
2026-09-07,15:29,ORIENTBELL,55.7599
2026-09-07,15:29,ORIENTCER,4.1569
2026-09-07,15:29,ORIENTELEC,-3.2155
2026-09-07,15:29,ORIENTHOT,33.2727
2026-09-07,15:29,ORKLAINDIA,-3.3541
2026-09-07,15:29,PAGEIND,-2.4905
2026-09-07,15:29,PAISALO,115.32
2026-09-07,15:29,PANACEABIO,5.9499
2026-09-07,15:29,PANACHE,52.7072
2026-09-07,15:29,PANAMAPET,73.1164
2026-09-07,15:29,PANSARI,1.1616
2026-09-07,15:29,PARACABLES,77.0372
2026-09-07,15:29,PARADEEP,2.0938
2026-09-07,15:29,PARAS,125.9577
2026-09-07,15:29,PASHUPATI,-2.0472
2026-09-07,15:29,PASUPTAC,26.1856
2026-09-07,15:29,PATELRMART,6.1295
2026-09-07,15:29,PAUSHAKLTD,28.2737
2026-09-07,15:29,PAYTM,27.0132
2026-09-07,15:29,PCBL,0.3002
2026-09-07,15:29,PDMJEPAPER,2.9642
2026-09-07,15:29,PDSL,-5.4113
2026-09-07,15:29,PETRONET,8.3411
2026-09-07,15:29,PFC,3.4877
2026-09-07,15:29,PFOCUS,46.8233
2026-09-07,15:29,PGEL,-0.9208
2026-09-07,15:29,PGHL,0.0265
2026-09-07,15:29,PGIL,37.9538
2026-09-07,15:29,PHOENIXLTD,6.4603
2026-09-07,15:29,PICCADIL,8.4884
2026-09-07,15:29,PIDILITIND,6.4621
2026-09-07,15:29,PITTIENG,43.7809
2026-09-07,15:29,PIXTRANS,20.7195
2026-09-07,15:29,PLATIND,-6.7876
2026-09-07,15:29,PNB,-2.6444
2026-09-07,15:29,PNBGILTS,2.8259
2026-09-07,15:29,PNBHOUSING,28.2035
2026-09-07,15:29,PNGJL,3.0982
2026-09-07,15:29,POKARNA,-5.5794
2026-09-07,15:29,POLICYBZR,-6.9767
2026-09-07,15:29,POLYCAB,12.5554
2026-09-07,15:29,POLYPLEX,42.3402
2026-09-07,15:29,POONAWALLA,3.6222
2026-09-07,15:29,POWERGRID,1.6209
2026-09-07,15:29,POWERINDIA,62.6568
2026-09-07,15:29,POWERMECH,-0.3968
2026-09-07,15:29,PPL,6.9081
2026-09-07,15:29,PPLPHARMA,27.9324
2026-09-07,15:29,PRABHA,28.0461
2026-09-07,15:29,PRAJIND,0.658
2026-09-07,15:29,PRAKASH,-6.0608
2026-09-07,15:29,PRECOT,55.7401
2026-09-07,15:29,PRECWIRE,93.7986
2026-09-07,15:29,PREMEXPLN,32.8094
2026-09-07,15:29,PREMIERENE,5.8371
2026-09-07,15:29,PREMIERPOL,117.9457
2026-09-07,15:29,PRESTIGE,-6.367
2026-09-07,15:29,PRICOLLTD,28.5208
2026-09-07,15:29,PRIMESECU,-1.9684
2026-09-07,15:29,PRINCEPIPE,13.3081
2026-09-07,15:29,PRIVISCL,7.7158
2026-09-07,15:29,PRUDENT,25.1747
2026-09-07,15:29,PSPPROJECT,-1.4291
2026-09-07,15:29,PTC,-1.9573
2026-09-07,15:29,PTCIL,35.5337
2026-09-07,15:29,PTL,-1.2758
2026-09-07,15:29,PVP,92.6671
2026-09-07,15:29,PVRINOX,6.4329
2026-09-07,15:29,PWL,-1.8098
2026-09-07,15:29,QPOWER,112.7889
2026-09-07,15:29,QUADFUTURE,54.0586
2026-09-07,15:29,QUESS,61.1159
2026-09-07,15:29,RACLGEAR,47.6543
2026-09-07,15:29,RADHIKAJWE,27.1648
2026-09-07,15:29,RADICO,37.9182
2026-09-07,15:29,RAIN,85.5024
2026-09-07,15:29,RAINBOW,7.9222
2026-09-07,15:29,RAJRATAN,4.8589
2026-09-07,15:29,RAJRILTD,-2.4335
2026-09-07,15:29,RAMCOIND,2.9641
2026-09-07,15:29,RAMCOSYS,-6.1204
2026-09-07,15:29,RAMRAT,71.7096
2026-09-07,15:29,RANEHOLDIN,22.2506
2026-09-07,15:29,RATEGAIN,29.0395
2026-09-07,15:29,RATNAMANI,10.8031
2026-09-07,15:29,RATNAVEER,95.303
2026-09-07,15:29,RAYMOND,69.9637
2026-09-07,15:29,RAYMONDREL,16.1284
2026-09-07,15:29,RBA,46.4975
2026-09-07,15:29,RBLBANK,36.3786
2026-09-07,15:29,RBZJEWEL,35.3417
2026-09-07,15:29,REDINGTON,34.5429
2026-09-07,15:29,REDTAPE,-6.0047
2026-09-07,15:29,REGAAL,23.2318
2026-09-07,15:29,RELIGARE,8.999
2026-09-07,15:29,RELTD,-1.0749
2026-09-07,15:29,RENUKA,-6.4012
2026-09-07,15:29,RGL,16.479
2026-09-07,15:29,RHETAN,8.4112
2026-09-07,15:29,RICOAUTO,13.3356
2026-09-07,15:29,RISHABH,101.2298
2026-09-07,15:29,RITCO,12.8241
2026-09-07,15:29,RITES,-5.558
2026-09-07,15:29,RKFORGE,35.6738
2026-09-07,15:29,RML,87.3162
2026-09-07,15:29,ROLEXRINGS,32.3913
2026-09-07,15:29,ROSSTECH,69.1888
2026-09-07,15:29,ROTO,-0.6872
2026-09-07,15:29,RPEL,73.4805
2026-09-07,15:29,RPGLIFE,12.7779
2026-09-07,15:29,RPSGVENT,8.4906
2026-09-07,15:29,RPTECH,147.4699
2026-09-07,15:29,RRKABEL,63.8817
2026-09-07,15:29,RSWM,43.8892
2026-09-07,15:29,RUBICON,174.6897
2026-09-07,15:29,RUBYMILLS,103.6088
2026-09-07,15:29,SAATVIKGL,14.4022
2026-09-07,15:29,SAIL,42.015
2026-09-07,15:29,SAILIFE,73.7256
2026-09-07,15:29,SAKAR,164.2525
2026-09-07,15:29,SALSTEEL,120.7827
2026-09-07,15:29,SAMBHV,39.3405
2026-09-07,15:29,SAMMAANCAP,4.8695
2026-09-07,15:29,SANATHAN,4.9827
2026-09-07,15:29,SANDESH,-0.161
2026-09-07,15:29,SANDHAR,10.8154
2026-09-07,15:29,SANGAMIND,27.5423
2026-09-07,15:29,SANGHVIMOV,40.961
2026-09-07,15:29,SANSERA,131.8674
2026-09-07,15:29,SANSTAR,20.6515
2026-09-07,15:29,SAPPHIRE,-2.533
2026-09-07,15:29,SARDAEN,-1.537
2026-09-07,15:29,SAREGAMA,31.3754
2026-09-07,15:29,SARLAPOLY,19.5443
2026-09-07,15:29,SASKEN,49.0737
2026-09-07,15:29,SATIA,3.0527
2026-09-07,15:29,SATIN,51.6003
2026-09-07,15:29,SBC,66.029
2026-09-07,15:29,SBCL,137.4388
2026-09-07,15:29,SBFC,-6.3344
2026-09-07,15:29,SBIN,3.9959
2026-09-07,15:29,SCHAEFFLER,4.1807
2026-09-07,15:29,SCHNEIDER,66.9838
2026-09-07,15:29,SCI,32.2186
2026-09-07,15:29,SCPL,124.4936
2026-09-07,15:29,SEAMECLTD,73.8608
2026-09-07,15:29,SENCO,17.2259
2026-09-07,15:29,SENORES,83.686
2026-09-07,15:29,SERVOTECH,-1.422
2026-09-07,15:29,SESHAPAPER,-1.3633
2026-09-07,15:29,SETL,150.1287
2026-09-07,15:29,SFL,10.8964
2026-09-07,15:29,SGFIN,69.2096
2026-09-07,15:29,SGIL,11.3201
2026-09-07,15:29,SGMART,138.7391
2026-09-07,15:29,SHAILY,41.4983
2026-09-07,15:29,SHALPAINTS,42.5416
2026-09-07,15:29,SHANTIGEAR,35.9388
2026-09-07,15:29,SHANTIGOLD,37.8411
2026-09-07,15:29,SHARDAMOTR,-6.3105
2026-09-07,15:29,SHAREINDIA,-4.4585
2026-09-07,15:29,SHILCTECH,4.5469
2026-09-07,15:29,SHILPAMED,190.1931
2026-09-07,15:29,SHIVAUM,60.7725
2026-09-07,15:29,SHREEJISPG,108.6153
2026-09-07,15:29,SHREEPUSHK,36.9597
2026-09-07,15:29,SHRINGARMS,6.3284
2026-09-07,15:29,SHRIPISTON,39.7654
2026-09-07,15:29,SHRIRAMFIN,21.2369
2026-09-07,15:29,SHYAMMETL,33.7576
2026-09-07,15:29,SICALLOG,23.4772
2026-09-07,15:29,SIEMENS,24.3587
2026-09-07,15:29,SIGACHI,0.3792
2026-09-07,15:29,SIGMAADV,306.877
2026-09-07,15:29,SIGNPOST,22.2167
2026-09-07,15:29,SILVERTUC,98.2786
2026-09-07,15:29,SIMPLEXINF,-3.5919
2026-09-07,15:29,SINDHUTRAD,17.2782
2026-09-07,15:29,SIS,29.9136
2026-09-07,15:29,SJS,35.0962
2026-09-07,15:29,SKFINDUS,21.3088
2026-09-07,15:29,SKIPPER,36.2028
2026-09-07,15:29,SKMEGGPROD,12.6398
2026-09-07,15:29,SKYGOLD,141.2089
2026-09-07,15:29,SMARTWORKS,12.1878
2026-09-07,15:29,SMCGLOBAL,-4.3787
2026-09-07,15:29,SMLMAH,69.1536
2026-09-07,15:29,SMSPHARMA,22.843
2026-09-07,15:29,SOFTTECH,32.0861
2026-09-07,15:29,SOLARA,17.5662
2026-09-07,15:29,SOLARINDS,79.977
2026-09-07,15:29,SOMANYCERA,33.381
2026-09-07,15:29,SONACOMS,61.8402
2026-09-07,15:29,SOTL,89.2599
2026-09-07,15:29,SOUTHBANK,16.6708
2026-09-07,15:29,SOUTHWEST,16.0505
2026-09-07,15:29,SPAL,50.3491
2026-09-07,15:29,SPARC,50.909
2026-09-07,15:29,SPECIALITY,13.986
2026-09-07,15:29,SPECTRUM,108.2747
2026-09-07,15:29,SPLPETRO,23.5661
2026-09-07,15:29,SPMLINFRA,-2.1927
2026-09-07,15:29,SPORTKING,152.0736
2026-09-07,15:29,SREEL,26.6488
2026-09-07,15:29,SRHHYPOLTD,4.8934
2026-09-07,15:29,SSWL,94.2454
2026-09-07,15:29,STALLION,-6.4148
2026-09-07,15:29,STAR,35.6814
2026-09-07,15:29,STARHEALTH,21.3183
2026-09-07,15:29,STCINDIA,-5.6244
2026-09-07,15:29,STEELCAS,56.4474
2026-09-07,15:29,STEL,10.9005
2026-09-07,15:29,STLNETWORK,32.3581
2026-09-07,15:29,STLTECH,706.8753
2026-09-07,15:29,STOVEKRAFT,42.2887
2026-09-07,15:29,STYL,30.5408
2026-09-07,15:29,STYLAMIND,51.1525
2026-09-07,15:29,STYLEBAAZA,43.5759
2026-09-07,15:29,STYRENIX,0.5261
2026-09-07,15:29,SUDARSCHEM,25.8169
2026-09-07,15:29,SUDEEPPHRM,97.6107
2026-09-07,15:29,SUMICHEM,7.1248
2026-09-07,15:29,SUNCLAY,3.8523
2026-09-07,15:29,SUNDARMFIN,-1.9247
2026-09-07,15:29,SUNDRMFAST,26.5082
2026-09-07,15:29,SUNDROP,-6.9493
2026-09-07,15:29,SUNFLAG,31.3155
2026-09-07,15:29,SUNPHARMA,5.4477
2026-09-07,15:29,SUPRAJIT,4.7366
2026-09-07,15:29,SUPREMEIND,9.9633
2026-09-07,15:29,SUPRIYA,25.8183
2026-09-07,15:29,SURAKSHA,18.9958
2026-09-07,15:29,SURYODAY,12.1666
2026-09-07,15:29,SUTLEJTEX,26.3958
2026-09-07,15:29,SUVEN,112.9948
2026-09-07,15:29,SUYOG,13.1585
2026-09-07,15:29,SVLL,11.1883
2026-09-07,15:29,SWANDEF,1103.8779
2026-09-07,15:29,SWARAJENG,-2.1092
2026-09-07,15:29,SYNCOMF,35.0433
2026-09-07,15:29,SYRMA,122.8159
2026-09-07,15:29,TALBROAUTO,51.1111
2026-09-07,15:29,TARIL,-2.1711
2026-09-07,15:29,TARSONS,42.1125
2026-09-07,15:29,TASTYBITE,20.7439
2026-09-07,15:29,TATACAP,14.6243
2026-09-07,15:29,TATACOMM,-3.0071
2026-09-07,15:29,TATAPOWER,-4.1792
2026-09-07,15:29,TATASTEEL,7.3697
2026-09-07,15:29,TATATECH,19.4432
2026-09-07,15:29,TATVA,15.1569
2026-09-07,15:29,TBOTEK,1.8089
2026-09-07,15:29,TBZ,221.9896
2026-09-07,15:29,TCIEXP,-5.6205
2026-09-07,15:29,TCPLPACK,31.2982
2026-09-07,15:29,TDPOWERSYS,5.3149
2026-09-07,15:29,TECHM,-0.7236
2026-09-07,15:29,TEJASNET,26.5132
2026-09-07,15:29,TENNIND,12.0056
2026-09-07,15:29,TEXINFRA,13.5485
2026-09-07,15:29,TEXRAIL,-5.8184
2026-09-07,15:29,TFCILTD,110.7073
2026-09-07,15:29,THANGAMAYL,71.1427
2026-09-07,15:29,THEJO,36.067
2026-09-07,15:29,THELEELA,37.5253
2026-09-07,15:29,THEMISMED,26.9025
2026-09-07,15:29,THERMAX,25.2767
2026-09-07,15:29,THYROCARE,32.5815
2026-09-07,15:29,TI,18.7904
2026-09-07,15:29,TIIL,44.9551
2026-09-07,15:29,TIINDIA,1.3332
2026-09-07,15:29,TIMETECHNO,-2.7766
2026-09-07,15:29,TIMKEN,0.1001
2026-09-07,15:29,TINNARUBR,28.0126
2026-09-07,15:29,TIPSMUSIC,18.2511
2026-09-07,15:29,TIRUPATIFL,117.3313
2026-09-07,15:29,TITAGARH,13.5465
2026-09-07,15:29,TITAN,29.1966
2026-09-07,15:29,TMB,82.3129
2026-09-07,15:29,TMCV,21.6166
2026-09-07,15:29,TNPETRO,26.0453
2026-09-07,15:29,TNPL,11.4527
2026-09-07,15:29,TORNTPHARM,29.9106
2026-09-07,15:29,TORNTPOWER,-1.3151
2026-09-07,15:29,TPLPLASTEH,3.3439
2026-09-07,15:29,TRAVELFOOD,1.8221
2026-09-07,15:29,TREL,-5.3951
2026-09-07,15:29,TRENT,2.7441
2026-09-07,15:29,TRITURBINE,6.1992
2026-09-07,15:29,TRUALT,1.4229
2026-09-07,15:29,TTKHLTCARE,3.8253
2026-09-07,15:29,TVSHLTD,-4.891
2026-09-07,15:29,TVSMOTOR,13.5383
2026-09-07,15:29,TVSSCS,19.5239
2026-09-07,15:29,TVSSRICHAK,25.0265
2026-09-07,15:29,UDS,23.9629
2026-09-07,15:29,UEL,92.3889
2026-09-07,15:29,UFBL,277.6485
2026-09-07,15:29,UFLEX,44.3951
2026-09-07,15:29,UGARSUGAR,20.2352
2026-09-07,15:29,UJJIVANSFB,19.9816
2026-09-07,15:29,ULTRACEMCO,-4.7152
2026-09-07,15:29,UNICHEMLAB,22.672
2026-09-07,15:29,UNIMECH,60.6207
2026-09-07,15:29,UNIONBANK,21.0804
2026-09-07,15:29,UNIPARTS,80.6368
2026-09-07,15:29,UNITDSPR,-0.1664
2026-09-07,15:29,UNITEDPOLY,36.0406
2026-09-07,15:29,UNIVASTU,148.5589
2026-09-07,15:29,UNIVCABLES,66.1473
2026-09-07,15:29,UNIVPHOTO,113.5628
2026-09-07,15:29,UNOMINDA,0.1856
2026-09-07,15:29,URBANCO,42.8131
2026-09-07,15:29,USHAMART,8.4074
2026-09-07,15:29,UTLSOLAR,108.8588
2026-09-07,15:29,UTTAMSUGAR,13.0888
2026-09-07,15:29,V2RETAIL,-0.5811
2026-09-07,15:29,VADILALIND,48.6385
2026-09-07,15:29,VALIANTLAB,64.9469
2026-09-07,15:29,VALIANTORG,22.2722
2026-09-07,15:29,VARROC,28.404
2026-09-07,15:29,VEDL,34.836
2026-09-07,15:29,VENKEYS,15.6215
2026-09-07,15:29,VENUSPIPES,44.1207
2026-09-07,15:29,VENUSREM,112.8929
2026-09-07,15:29,VERANDA,33.7001
2026-09-07,15:29,VGUARD,0.8797
2026-09-07,15:29,VHL,0.9986
2026-09-07,15:29,VHLTD,-3.797
2026-09-07,15:29,VIDHIING,3.2086
2026-09-07,15:29,VIDYAWIRES,78.8758
2026-09-07,15:29,VIJAYA,51.4079
2026-09-07,15:29,VIMTALABS,5.0935
2026-09-07,15:29,VINCOFE,10.0529
2026-09-07,15:29,VINDHYATEL,93.7496
2026-09-07,15:29,VISAKAIND,37.7934
2026-09-07,15:29,VISHNU,42.1861
2026-09-07,15:29,VIYASH,25.1424
2026-09-07,15:29,VMART,9.7211
2026-09-07,15:29,VOLTAMP,37.3418
2026-09-07,15:29,VRLLOG,8.6271
2026-09-07,15:29,VSSL,22.0301
2026-09-07,15:29,VTL,31.1847
2026-09-07,15:29,WABAG,60.2938
2026-09-07,15:29,WALCHANNAG,29.3791
2026-09-07,15:29,WANBURY,4.4394
2026-09-07,15:29,WELCORP,226.4103
2026-09-07,15:29,WELENT,53.6726
2026-09-07,15:29,WELINV,76.3935
2026-09-07,15:29,WELSPUNLIV,56.0981
2026-09-07,15:29,WENDT,0.1501
2026-09-07,15:29,WESTLIFE,-2.7192
2026-09-07,15:29,WEWORK,14.534
2026-09-07,15:29,WHEELS,96.2547
2026-09-07,15:29,WINDLAS,47.8553
2026-09-07,15:29,WINDMACHIN,13.7571
2026-09-07,15:29,WOCKPHARMA,64.6532
2026-09-07,15:29,WONDERLA,-2.51
2026-09-07,15:29,WSTCSTPAPR,67.8057
2026-09-07,15:29,XPROINDIA,38.7107
2026-09-07,15:29,YASHO,154.0162
2026-09-07,15:29,YATHARTH,42.8182
2026-09-07,15:29,YESBANK,3.0331
2026-09-07,15:29,YUKEN,17.8691
2026-09-07,15:29,ZENTEC,31.1267
2026-09-07,15:29,ZIMLAB,81.6852
2026-09-07,15:29,ZYDUSLIFE,25.5317
2026-09-07,15:29,ZYDUSWELL,30.0585
2026-09-08,15:29,20MICRONS,11.9232
2026-09-08,15:29,360ONE,-2.0646
2026-09-08,15:29,3MINDIA,-6.2906
2026-09-08,15:29,5PAISA,8.6985
2026-09-08,15:29,63MOONS,14.5222
2026-09-08,15:29,AADHARHFC,-2.3017
2026-09-08,15:29,AARTIDRUGS,8.7321
2026-09-08,15:29,AARTIIND,35.2215
2026-09-08,15:29,AARTIPHARM,14.842
2026-09-08,15:29,ABB,40.9195
2026-09-08,15:29,ABCAPITAL,14.0497
2026-09-08,15:29,ABDL,-4.6435
2026-09-08,15:29,ABSLAMC,34.823
2026-09-08,15:29,ACE,14.9595
2026-09-08,15:29,ACI,-4.5866
2026-09-08,15:29,ACMESOLAR,78.6766
2026-09-08,15:29,ACUTAAS,87.801
2026-09-08,15:29,ADANIENSOL,41.577
2026-09-08,15:29,ADANIENT,31.3715
2026-09-08,15:29,ADANIGREEN,25.6565
2026-09-08,15:29,ADANIPORTS,14.0761
2026-09-08,15:29,ADANIPOWER,43.3978
2026-09-08,15:29,ADFFOODS,25.5274
2026-09-08,15:29,ADOR,56.3654
2026-09-08,15:29,ADVANCE,-2.358
2026-09-08,15:29,ADVENZYMES,-2.4004
2026-09-08,15:29,AEGISLOG,71.0643
2026-09-08,15:29,AEGISVOPAK,14.1146
2026-09-08,15:29,AEQUS,65.6547
2026-09-08,15:29,AEROENTER,90.7648
2026-09-08,15:29,AEROFLEX,218.9123
2026-09-08,15:29,AETHER,90.0845
2026-09-08,15:29,AFFLE,-5.971
2026-09-08,15:29,AFSL,0.0746
2026-09-08,15:29,AGARWALEYE,5.7483
2026-09-08,15:29,AGI,8.5746
2026-09-08,15:29,AGIIL,1.9133
2026-09-08,15:29,AHLWEST,86.2019
2026-09-08,15:29,AIAENG,13.1539
2026-09-08,15:29,AIIL,-6.3134
2026-09-08,15:29,AJANTPHARM,37.8669
2026-09-08,15:29,AJAXENGG,-1.3451
2026-09-08,15:29,AKUMS,75.0891
2026-09-08,15:29,ALEMBICLTD,7.2106
2026-09-08,15:29,ALIVUS,50.4798
2026-09-08,15:29,ALKYLAMINE,24.0136
2026-09-08,15:29,ALLDIGI,-4.0358
2026-09-08,15:29,AMANTA,94.0215
2026-09-08,15:29,AMBER,7.7956
2026-09-08,15:29,AMBIKCO,28.5264
2026-09-08,15:29,ANANDRATHI,49.0108
2026-09-08,15:29,ANANTRAJ,16.0593
2026-09-08,15:29,ANDHRAPAP,6.5474
2026-09-08,15:29,ANDHRSUGAR,30.4675
2026-09-08,15:29,ANGELONE,17.6749
2026-09-08,15:29,ANTELOPUS,161.4534
2026-09-08,15:29,ANTHEM,42.1596
2026-09-08,15:29,ANUHPHR,21.6168
2026-09-08,15:29,APARINDS,97.3147
2026-09-08,15:29,APCOTEXIND,62.2664
2026-09-08,15:29,APEX,46.167
2026-09-08,15:29,APLAPOLLO,26.0892
2026-09-08,15:29,APLLTD,-4.5624
2026-09-08,15:29,APOLLO,82.8084
2026-09-08,15:29,APOLLOHOSP,25.3279
2026-09-08,15:29,APOLLOPIPE,100.0677
2026-09-08,15:29,ARFIN,40.6837
2026-09-08,15:29,ARIES,47.1896
2026-09-08,15:29,ARIHANT,3363.4652
2026-09-08,15:29,ARIS,2.2833
2026-09-08,15:29,ARMANFIN,34.2138
2026-09-08,15:29,ARROWGREEN,49.1061
2026-09-08,15:29,ARTEMISMED,20.525
2026-09-08,15:29,ARVIND,83.1024
2026-09-08,15:29,ARVSMART,4.0142
2026-09-08,15:29,ASAHIINDIA,-3.5235
2026-09-08,15:29,ASAL,-4.999
2026-09-08,15:29,ASHIANA,20.536
2026-09-08,15:29,ASHOKLEY,0.7452
2026-09-08,15:29,ASIANENE,96.2247
2026-09-08,15:29,ASIANHOTNR,26.6781
2026-09-08,15:29,ASKAUTOLTD,31.328
2026-09-08,15:29,ASTERDM,30.5177
2026-09-08,15:29,ASTRAL,2.5907
2026-09-08,15:29,ASTRAMICRO,98.2178
2026-09-08,15:29,ATGL,3.8337
2026-09-08,15:29,ATHERENERG,133.4147
2026-09-08,15:29,ATL,-3.1144
2026-09-08,15:29,ATLANTAELE,110.9173
2026-09-08,15:29,ATUL,9.6363
2026-09-08,15:29,ATULAUTO,5.7008
2026-09-08,15:29,AUBANK,9.4942
2026-09-08,15:29,AUROPHARMA,43.6211
2026-09-08,15:29,AURUM,29.2425
2026-09-08,15:29,AVADHSUGAR,113.5743
2026-09-08,15:29,AVALON,168.7672
2026-09-08,15:29,AVANTEL,4.4884
2026-09-08,15:29,AVANTIFEED,1.1112
2026-09-08,15:29,AVL,21.2109
2026-09-08,15:29,AVTNPL,33.4367
2026-09-08,15:29,AXISBANK,2.0745
2026-09-08,15:29,AXISCADES,46.5863
2026-09-08,15:29,AYMSYNTEX,94.2826
2026-09-08,15:29,AZAD,76.7126
2026-09-08,15:29,BAFNAPH,118.0305
2026-09-08,15:29,BAJAJ-AUTO,31.8828
2026-09-08,15:29,BAJAJCON,101.6078
2026-09-08,15:29,BAJAJFINSV,-4.771
2026-09-08,15:29,BAJAJHIND,20.9178
2026-09-08,15:29,BAJAJHLDNG,-0.1988
2026-09-08,15:29,BAJEL,10.2161
2026-09-08,15:29,BAJFINANCE,5.5789
2026-09-08,15:29,BALAMINES,123.4922
2026-09-08,15:29,BALKRISIND,-5.0103
2026-09-08,15:29,BALMLAWRIE,0.1135
2026-09-08,15:29,BALRAMCHIN,60.4171
2026-09-08,15:29,BANARISUG,3.9802
2026-09-08,15:29,BANDHANBNK,14.7769
2026-09-08,15:29,BANKINDIA,1.0618
2026-09-08,15:29,BANSALWIRE,0.4145
2026-09-08,15:29,BASF,-2.7565
2026-09-08,15:29,BBOX,50.994
2026-09-08,15:29,BCLIND,14.9425
2026-09-08,15:29,BEL,5.8119
2026-09-08,15:29,BELRISE,44.052
2026-09-08,15:29,BEML,23.3581
2026-09-08,15:29,BEPL,51.2487
2026-09-08,15:29,BETA,33.1632
2026-09-08,15:29,BFINVEST,9.2902
2026-09-08,15:29,BHAGCHEM,12.5472
2026-09-08,15:29,BHAGERIA,87.263
2026-09-08,15:29,BHAGYANGR,184.3002
2026-09-08,15:29,BHARATFORG,41.3645
2026-09-08,15:29,BHARATSE,28.1494
2026-09-08,15:29,BHARATWIRE,-2.8453
2026-09-08,15:29,BHEL,51.1187
2026-09-08,15:29,BIL,25.2808
2026-09-08,15:29,BIOCON,1.9226
2026-09-08,15:29,BIRLACABLE,154.0739
2026-09-08,15:29,BLISSGVS,402.8194
2026-09-08,15:29,BLKASHYAP,6.8272
2026-09-08,15:29,BLSE,51.1191
2026-09-08,15:29,BLUEJET,7.2878
2026-09-08,15:29,BLUESTONE,74.0882
2026-09-08,15:29,BLUSPRING,86.328
2026-09-08,15:29,BODALCHEM,247.9864
2026-09-08,15:29,BORANA,18.6758
2026-09-08,15:29,BORORENEW,-5.5363
2026-09-08,15:29,BOROSCI,6.3762
2026-09-08,15:29,BOSCH-HCIL,18.9813
2026-09-08,15:29,BOSCHLTD,34.6536
2026-09-08,15:29,BRIGADE,6.677
2026-09-08,15:29,BSE,30.2429
2026-09-08,15:29,CAMS,-3.2237
2026-09-08,15:29,CANHLIFE,23.9129
2026-09-08,15:29,CAPITALSFB,6.049
2026-09-08,15:29,CAPLIPOINT,42.3777
2026-09-08,15:29,CARBORUNIV,27.0977
2026-09-08,15:29,CARERATING,11.528
2026-09-08,15:29,CARTRADE,15.7943
2026-09-08,15:29,CARYSIL,27.3429
2026-09-08,15:29,CASTROLIND,3.7228
2026-09-08,15:29,CCL,15.1558
2026-09-08,15:29,CEIGALL,61.9782
2026-09-08,15:29,CEMPRO,57.4974
2026-09-08,15:29,CENTENKA,35.0602
2026-09-08,15:29,CENTUM,88.9888
2026-09-08,15:29,CERA,7.6413
2026-09-08,15:29,CGCL,49.5774
2026-09-08,15:29,CGPOWER,35.3094
2026-09-08,15:29,CHALET,2.1738
2026-09-08,15:29,CHAMBLFERT,-6.0902
2026-09-08,15:29,CHEMBONDCH,65.121
2026-09-08,15:29,CHEMCON,3.7226
2026-09-08,15:29,CHENNPETRO,59.1919
2026-09-08,15:29,CHEVIOT,15.2372
2026-09-08,15:29,CHOICEIN,-0.3768
2026-09-08,15:29,CHOLAFIN,6.2959
2026-09-08,15:29,CIEINDIA,-2.7767
2026-09-08,15:29,CLSEL,16.6826
2026-09-08,15:29,COALINDIA,10.1284
2026-09-08,15:29,COCHINSHIP,-2.0636
2026-09-08,15:29,COFFEEDAY,-2.2273
2026-09-08,15:29,COFORGE,4.4568
2026-09-08,15:29,COMSYN,113.684
2026-09-08,15:29,CONCOR,0.4804
2026-09-08,15:29,CONCORDBIO,6.6043
2026-09-08,15:29,CONFIPET,134.8804
2026-09-08,15:29,CONSOFINVT,83.0949
2026-09-08,15:29,CORONA,45.2502
2026-09-08,15:29,COSMOFIRST,30.6532
2026-09-08,15:29,CPPLUS,149.3195
2026-09-08,15:29,CRAFTSMAN,62.0401
2026-09-08,15:29,CREDITACC,12.656
2026-09-08,15:29,CREST,0.4296
2026-09-08,15:29,CRISIL,7.3081
2026-09-08,15:29,CUB,14.7127
2026-09-08,15:29,CUMMINSIND,12.1421
2026-09-08,15:29,CUPID,226.2495
2026-09-08,15:29,CYIENT,-5.5227
2026-09-08,15:29,CYIENTDLM,132.5512
2026-09-08,15:29,DALMIASUG,48.0197
2026-09-08,15:29,DATAPATTNS,91.0855
2026-09-08,15:29,DBOL,60.8879
2026-09-08,15:29,DCBBANK,37.266
2026-09-08,15:29,DCI,20.8317
2026-09-08,15:29,DCXINDIA,8.6365
2026-09-08,15:29,DDEVPLSTIK,-5.8196
2026-09-08,15:29,DEEDEV,214.6188
2026-09-08,15:29,DEEPAKFERT,10.1932
2026-09-08,15:29,DEEPAKNTR,3.2844
2026-09-08,15:29,DEEPINDS,80.6288
2026-09-08,15:29,DELHIVERY,13.2155
2026-09-08,15:29,DEVYANI,7.7878
2026-09-08,15:29,DHAMPURSUG,27.9588
2026-09-08,15:29,DHANBANK,24.44
2026-09-08,15:29,DHARMAJ,15.3863
2026-09-08,15:29,DIACABS,140.4018
2026-09-08,15:29,DIAMONDYD,2.7103
2026-09-08,15:29,DICIND,25.93
2026-09-08,15:29,DIFFNKG,41.4642
2026-09-08,15:29,DIVGIITTS,101.7986
2026-09-08,15:29,DIVISLAB,51.1325
2026-09-08,15:29,DIXON,3.4635
2026-09-08,15:29,DLF,-2.4352
2026-09-08,15:29,DLINKINDIA,4.5675
2026-09-08,15:29,DMART,-3.5418
2026-09-08,15:29,DMCC,10.4392
2026-09-08,15:29,DOLPHIN,64.4351
2026-09-08,15:29,DPABHUSHAN,-0.2967
2026-09-08,15:29,DREDGECORP,2.7421
2026-09-08,15:29,DSSL,6.4788
2026-09-08,15:29,DVL,3.8585
2026-09-08,15:29,DWARKESH,22.9113
2026-09-08,15:29,DYCL,37.3081
2026-09-08,15:29,DYNAMATECH,31.2783
2026-09-08,15:29,E2E,202.8044
2026-09-08,15:29,EBGNG,123.2422
2026-09-08,15:29,EDELWEISS,30.4021
2026-09-08,15:29,EICHERMOT,9.7146
2026-09-08,15:29,EIEL,-2.5335
2026-09-08,15:29,EIFFL,9.7081
2026-09-08,15:29,EIMCOELECO,43.9169
2026-09-08,15:29,ELECTCAST,7.3492
2026-09-08,15:29,ELECTHERM,13.8373
2026-09-08,15:29,ELGIEQUIP,33.3612
2026-09-08,15:29,EMAMIPAP,32.8744
2026-09-08,15:29,EMCURE,39.4093
2026-09-08,15:29,EMIL,69.7883
2026-09-08,15:29,EMKAY,-0.3821
2026-09-08,15:29,EMMVEE,77.7092
2026-09-08,15:29,ENDURANCE,4.7847
2026-09-08,15:29,ENGINERSIN,43.8063
2026-09-08,15:29,ENRIN,7.3931
2026-09-08,15:29,ENTERO,85.5139
2026-09-08,15:29,EPL,14.6435
2026-09-08,15:29,EQUITASBNK,24.3614
2026-09-08,15:29,ESABINDIA,0.2976
2026-09-08,15:29,ESAFSFB,58.4639
2026-09-08,15:29,ETERNAL,13.0603
2026-09-08,15:29,EVEREADY,5.6481
2026-09-08,15:29,EXCELINDUS,7.166
2026-09-08,15:29,EXICOM,47.515
2026-09-08,15:29,EXIDEIND,14.1706
2026-09-08,15:29,FAZE3Q,12.1434
2026-09-08,15:29,FCL,139.9015
2026-09-08,15:29,FEDERALBNK,31.2548
2026-09-08,15:29,FEDFINA,16.3358
2026-09-08,15:29,FILATEX,45.4338
2026-09-08,15:29,FINCABLES,67.0472
2026-09-08,15:29,FINEORG,20.3837
2026-09-08,15:29,FINPIPE,-5.5522
2026-09-08,15:29,FLUOROCHEM,32.7561
2026-09-08,15:29,FMGOETZE,3.5986
2026-09-08,15:29,FORCEMOT,1.7023
2026-09-08,15:29,FORTIS,3.7714
2026-09-08,15:29,FOSECOIND,20.2624
2026-09-08,15:29,FUSION,29.5755
2026-09-08,15:29,GABRIEL,42.5231
2026-09-08,15:29,GAEL,44.7983
2026-09-08,15:29,GAIL,4.0221
2026-09-08,15:29,GALAPREC,42.7953
2026-09-08,15:29,GALAXYSURF,13.3145
2026-09-08,15:29,GALLANTT,-5.5812
2026-09-08,15:29,GANDHAR,88.5667
2026-09-08,15:29,GANDHITUBE,16.7866
2026-09-08,15:29,GANECOS,13.0747
2026-09-08,15:29,GANESHBE,61.8988
2026-09-08,15:29,GARFIBRES,21.8067
2026-09-08,15:29,GAYAPROJ,171.4119
2026-09-08,15:29,GCSL,66.2036
2026-09-08,15:29,GEECEE,7.6227
2026-09-08,15:29,GEMAROMA,10.2213
2026-09-08,15:29,GENUSPOWER,10.4984
2026-09-08,15:29,GEOJITFSL,2.335
2026-09-08,15:29,GESHIP,25.2194
2026-09-08,15:29,GFLLIMITED,3.5094
2026-09-08,15:29,GHCLTEXTIL,78.7349
2026-09-08,15:29,GIPCL,35.43
2026-09-08,15:29,GLAND,77.7891
2026-09-08,15:29,GLAXO,13.2547
2026-09-08,15:29,GLENMARK,25.8327
2026-09-08,15:29,GLOBAL,40.9708
2026-09-08,15:29,GLOTTIS,-4.8785
2026-09-08,15:29,GMBREW,-4.9144
2026-09-08,15:29,GMDCLTD,9.09
2026-09-08,15:29,GMMPFAUDLR,22.1209
2026-09-08,15:29,GMRAIRPORT,-6.2983
2026-09-08,15:29,GNA,79.9675
2026-09-08,15:29,GNFC,19.7479
2026-09-08,15:29,GOCLCORP,43.8573
2026-09-08,15:29,GODREJAGRO,16.2582
2026-09-08,15:29,GODREJIND,12.7316
2026-09-08,15:29,GODREJPROP,-5.7818
2026-09-08,15:29,GOKEX,-5.0899
2026-09-08,15:29,GOKULAGRO,21.01
2026-09-08,15:29,GPIL,1.4032
2026-09-08,15:29,GPTHEALTH,14.4587
2026-09-08,15:29,GPTINFRA,6.0234
2026-09-08,15:29,GRANULES,55.9707
2026-09-08,15:29,GRAPHITE,36.6937
2026-09-08,15:29,GRASIM,18.138
2026-09-08,15:29,GREAVESCOT,6.8046
2026-09-08,15:29,GREENPLY,9.0528
2026-09-08,15:29,GRINDWELL,23.8838
2026-09-08,15:29,GROWW,35.3484
2026-09-08,15:29,GRPLTD,14.9041
2026-09-08,15:29,GRSE,10.2878
2026-09-08,15:29,GRWRHITECH,96.1063
2026-09-08,15:29,GUFICBIO,25.2097
2026-09-08,15:29,GUJALKALI,42.4819
2026-09-08,15:29,GUJTHEM,15.9355
2026-09-08,15:29,GVPIL,108.7814
2026-09-08,15:29,GVT&D,57.6502
2026-09-08,15:29,HAL,18.0621
2026-09-08,15:29,HAPPYFORGE,108.7123
2026-09-08,15:29,HARIOMPIPE,3.552
2026-09-08,15:29,HARSHA,25.5514
2026-09-08,15:29,HATSUN,20.257
2026-09-08,15:29,HCC,34.3468
2026-09-08,15:29,HCG,-4.2827
2026-09-08,15:29,HDFCAMC,-5.2792
2026-09-08,15:29,HEALTHX,0.0661
2026-09-08,15:29,HEMIPROP,-4.674
2026-09-08,15:29,HESTERBIO,46.0438
2026-09-08,15:29,HEXATRADEX,-2.7865
2026-09-08,15:29,HFCL,283.2493
2026-09-08,15:29,HIKAL,1.3388
2026-09-08,15:29,HINDALCO,20.528
2026-09-08,15:29,HINDCOMPOS,-5.1008
2026-09-08,15:29,HINDCOPPER,44.2474
2026-09-08,15:29,HINDOILEXP,23.7049
2026-09-08,15:29,HINDZINC,4.897
2026-09-08,15:29,HIRECT,78.6546
2026-09-08,15:29,HITECHCORP,94.7536
2026-09-08,15:29,HMT,41.0145
2026-09-08,15:29,HMVL,25.1412
2026-09-08,15:29,HNDFDS,17.7415
2026-09-08,15:29,HOMEFIRST,4.697
2026-09-08,15:29,HONASA,83.1666
2026-09-08,15:29,HONAUT,3.0873
2026-09-08,15:29,HSCL,42.6611
2026-09-08,15:29,HTMEDIA,14.2536
2026-09-08,15:29,HUHTAMAKI,19.188
2026-09-08,15:29,HYUNDAI,-2.1466
2026-09-08,15:29,IBULLSLTD,45.3782
2026-09-08,15:29,ICEMAKE,-4.4482
2026-09-08,15:29,ICICIBANK,2.4451
2026-09-08,15:29,ICIL,62.0597
2026-09-08,15:29,IDEAFORGE,84.2424
2026-09-08,15:29,IDFCFIRSTB,3.6425
2026-09-08,15:29,IFCI,93.3403
2026-09-08,15:29,IFGLEXPOR,-4.9715
2026-09-08,15:29,IGARASHI,-6.1003
2026-09-08,15:29,IGIL,-0.5005
2026-09-08,15:29,IGPL,45.8094
2026-09-08,15:29,IIFL,10.817
2026-09-08,15:29,IIFLCAPS,7.4221
2026-09-08,15:29,IKIO,23.1808
2026-09-08,15:29,IKS,5.9524
2026-09-08,15:29,IMAGICAA,8.9908
2026-09-08,15:29,IMPAL,11.9048
2026-09-08,15:29,INDGN,12.2393
2026-09-08,15:29,INDHOTEL,-0.7239
2026-09-08,15:29,INDIANB,11.2203
2026-09-08,15:29,INDIANHUME,-3.8328
2026-09-08,15:29,INDIGO,0.5227
2026-09-08,15:29,INDIGOPNTS,-6.4638
2026-09-08,15:29,INDIQUBE,0.0244
2026-09-08,15:29,INDNIPPON,41.5169
2026-09-08,15:29,INDOAMIN,6.5761
2026-09-08,15:29,INDOBORAX,88.4472
2026-09-08,15:29,INDOCO,-0.2451
2026-09-08,15:29,INDORAMA,58.4196
2026-09-08,15:29,INDOSTAR,2.7603
2026-09-08,15:29,INDOTECH,130.4882
2026-09-08,15:29,INDSWFTLAB,306.9377
2026-09-08,15:29,INDUSINDBK,18.064
2026-09-08,15:29,INGERRAND,34.4172
2026-09-08,15:29,INNOVACAP,67.8556
2026-09-08,15:29,INOXINDIA,95.7509
2026-09-08,15:29,IOLCP,158.0795
2026-09-08,15:29,IONEXCHANG,8.8903
2026-09-08,15:29,IPCALAB,37.4607
2026-09-08,15:29,IRISDOREME,64.6713
2026-09-08,15:29,IRMENERGY,-0.3882
2026-09-08,15:29,ISGEC,-4.4163
2026-09-08,15:29,ITDC,16.8009
2026-09-08,15:29,IZMO,13.2259
2026-09-08,15:29,J&KBANK,47.0153
2026-09-08,15:29,JAGSNPHARM,20.0788
2026-09-08,15:29,JAIBALAJI,8.0401
2026-09-08,15:29,JAMNAAUTO,1.0345
2026-09-08,15:29,JASH,19.7922
2026-09-08,15:29,JAYAGROGN,22.9827
2026-09-08,15:29,JAYBARMARU,36.4808
2026-09-08,15:29,JAYNECOIND,24.7489
2026-09-08,15:29,JBMA,9.3178
2026-09-08,15:29,JGCHEM,69.0967
2026-09-08,15:29,JINDALPOLY,39.5083
2026-09-08,15:29,JINDALSAW,88.6885
2026-09-08,15:29,JINDALSTEL,12.3714
2026-09-08,15:29,JINDRILL,31.9323
2026-09-08,15:29,JINDWORLD,87.1587
2026-09-08,15:29,JITFINFRA,10.0934
2026-09-08,15:29,JKPAPER,13.6563
2026-09-08,15:29,JNKINDIA,94.5585
2026-09-08,15:29,JSFB,25.9302
2026-09-08,15:29,JSWCEMENT,-0.0329
2026-09-08,15:29,JSWENERGY,10.0313
2026-09-08,15:29,JSWINFRA,21.5449
2026-09-08,15:29,JSWSTEEL,19.8319
2026-09-08,15:29,JTLIND,47.2135
2026-09-08,15:29,JUBLCPL,-3.7394
2026-09-08,15:29,JUBLINGREA,-3.5079
2026-09-08,15:29,JUBLPHARMA,-6.0145
2026-09-08,15:29,JUSTDIAL,-2.0597
2026-09-08,15:29,JYOTICNC,9.8147
2026-09-08,15:29,KABRAEXTRU,193.2151
2026-09-08,15:29,KAJARIACER,14.887
2026-09-08,15:29,KALYANKJIL,27.8647
2026-09-08,15:29,KAMATHOTEL,-0.3006
2026-09-08,15:29,KAMDHENU,63.5514
2026-09-08,15:29,KANORICHEM,107.9571
2026-09-08,15:29,KANPRPLA,22.7999
2026-09-08,15:29,KAPSTON,182.3498
2026-09-08,15:29,KARURVYSYA,39.103
2026-09-08,15:29,KAYA,3.7598
2026-09-08,15:29,KDDL,70.6338
2026-09-08,15:29,KECL,17.9897
2026-09-08,15:29,KEI,13.0212
2026-09-08,15:29,KENNAMET,72.9296
2026-09-08,15:29,KERNEX,66.5225
2026-09-08,15:29,KICL,4.3408
2026-09-08,15:29,KILITCH,11.4816
2026-09-08,15:29,KIMS,16.4952
2026-09-08,15:29,KINGFA,58.0201
2026-09-08,15:29,KIOCL,11.5186
2026-09-08,15:29,KIRIINDUS,2.5815
2026-09-08,15:29,KIRLFER,-4.5058
2026-09-08,15:29,KIRLOSBROS,12.4985
2026-09-08,15:29,KIRLOSENG,85.2172
2026-09-08,15:29,KIRLOSIND,8.9788
2026-09-08,15:29,KKCL,0.3
2026-09-08,15:29,KMEW,61.066
2026-09-08,15:29,KNAGRI,-1.1727
2026-09-08,15:29,KOLTEPATIL,15.4821
2026-09-08,15:29,KOPRAN,83.7297
2026-09-08,15:29,KOTAKBANK,-3.9475
2026-09-08,15:29,KOTHARIPET,14.3344
2026-09-08,15:29,KOVAI,171.2113
2026-09-08,15:29,KPIL,20.7135
2026-09-08,15:29,KPRMILL,16.9139
2026-09-08,15:29,KRBL,9.8636
2026-09-08,15:29,KRISHANA,69.9285
2026-09-08,15:29,KRN,121.8481
2026-09-08,15:29,KRONOX,21.6421
2026-09-08,15:29,KROSS,17.836
2026-09-08,15:29,KRYSTAL,27.9534
2026-09-08,15:29,KSB,11.4862
2026-09-08,15:29,KSL,24.0079
2026-09-08,15:29,KSOLVES,-6.2402
2026-09-08,15:29,KTKBANK,68.4558
2026-09-08,15:29,LALPATHLAB,35.054
2026-09-08,15:29,LANDMARK,-3.2825
2026-09-08,15:29,LAURUSLABS,94.4372
2026-09-08,15:29,LAXMIINDIA,0.6348
2026-09-08,15:29,LENSKART,71.7477
2026-09-08,15:29,LGEINDIA,7.6963
2026-09-08,15:29,LICHSGFIN,7.0749
2026-09-08,15:29,LICI,-3.8619
2026-09-08,15:29,LIKHITHA,10.3786
2026-09-08,15:29,LINCOLN,31.0394
2026-09-08,15:29,LINDEINDIA,5.5592
2026-09-08,15:29,LLOYDSENGG,50.6907
2026-09-08,15:29,LLOYDSENT,9.662
2026-09-08,15:29,LLOYDSME,37.4036
2026-09-08,15:29,LMW,22.3882
2026-09-08,15:29,LODHA,12.7022
2026-09-08,15:29,LOKESHMACH,119.1079
2026-09-08,15:29,LOTUSDEV,27.1733
2026-09-08,15:29,LT,-2.8963
2026-09-08,15:29,LTF,2.4934
2026-09-08,15:29,LTFOODS,13.4297
2026-09-08,15:29,LUMAXIND,11.6614
2026-09-08,15:29,LUMAXTECH,30.5152
2026-09-08,15:29,LUPIN,0.6744
2026-09-08,15:29,LUXIND,1.2018
2026-09-08,15:29,LXCHEM,7.2479
2026-09-08,15:29,M&MFIN,9.5872
2026-09-08,15:29,MACPOWER,86.6448
2026-09-08,15:29,MAGADSUGAR,9.9561
2026-09-08,15:29,MAHABANK,50.0177
2026-09-08,15:29,MAHASTEEL,57.815
2026-09-08,15:29,MAHLOG,28.3673
2026-09-08,15:29,MAHSCOOTER,-5.9011
2026-09-08,15:29,MAHSEAMLES,20.501
2026-09-08,15:29,MAITHANALL,12.2844
2026-09-08,15:29,MAMATA,0.4128
2026-09-08,15:29,MANAKSTEEL,80.3457
2026-09-08,15:29,MANALIPETC,47.6479
2026-09-08,15:29,MANAPPURAM,14.6384
2026-09-08,15:29,MANBA,-4.229
2026-09-08,15:29,MANGLMCEM,39.8947
2026-09-08,15:29,MANINDS,93.3412
2026-09-08,15:29,MANINFRA,-0.545
2026-09-08,15:29,MANKIND,9.6391
2026-09-08,15:29,MANORAMA,57.2239
2026-09-08,15:29,MANYAVAR,-2.7927
2026-09-08,15:29,MARICO,11.5187
2026-09-08,15:29,MARINE,104.1221
2026-09-08,15:29,MARKSANS,79.6545
2026-09-08,15:29,MATRIMONY,-0.6258
2026-09-08,15:29,MAWANASUG,71.2449
2026-09-08,15:29,MAXESTATES,19.4429
2026-09-08,15:29,MAYURUNIQ,52.5178
2026-09-08,15:29,MAZDA,26.6309
2026-09-08,15:29,MAZDOCK,2.4252
2026-09-08,15:29,MBAPL,102.1025
2026-09-08,15:29,MCLOUD,-3.0303
2026-09-08,15:29,MCX,64.4038
2026-09-08,15:29,MEDANTA,25.3268
2026-09-08,15:29,MEESHO,17.067
2026-09-08,15:29,MENONBE,173.7233
2026-09-08,15:29,METROPOLIS,21.8043
2026-09-08,15:29,MGL,-0.8716
2026-09-08,15:29,MIDHANI,59.7455
2026-09-08,15:29,MINDACORP,18.4844
2026-09-08,15:29,MMFL,69.2826
2026-09-08,15:29,MMP,91.5916
2026-09-08,15:29,MMTC,15.1421
2026-09-08,15:29,MODIS,10.5882
2026-09-08,15:29,MODISONLTD,259.348
2026-09-08,15:29,MOL,3.5068
2026-09-08,15:29,MOLDTECH,33.0104
2026-09-08,15:29,MOLDTKPAC,21.8002
2026-09-08,15:29,MONARCH,24.5563
2026-09-08,15:29,MOREPENLAB,186.4548
2026-09-08,15:29,MOSCHIP,7.1514
2026-09-08,15:29,MOTHERSON,37.0327
2026-09-08,15:29,MOTILALOFS,26.1321
2026-09-08,15:29,MPSLTD,37.2012
2026-09-08,15:29,MRPL,16.3069
2026-09-08,15:29,MSPL,-2.8357
2026-09-08,15:29,MSTCLTD,64.5461
2026-09-08,15:29,MTARTECH,227.5724
2026-09-08,15:29,MUFIN,20.6328
2026-09-08,15:29,MUKANDLTD,4.6049
2026-09-08,15:29,MUKKA,26.0566
2026-09-08,15:29,MUNJALAU,43.4932
2026-09-08,15:29,MUNJALSHOW,5.5674
2026-09-08,15:29,MUTHOOTMF,14.3789
2026-09-08,15:29,MVGJL,16.4971
2026-09-08,15:29,NACLIND,-3.4425
2026-09-08,15:29,NAHARINDUS,26.8975
2026-09-08,15:29,NAHARPOLY,-3.0383
2026-09-08,15:29,NAHARSPING,40.3256
2026-09-08,15:29,NAM-INDIA,37.049
2026-09-08,15:29,NATIONALUM,34.0256
2026-09-08,15:29,NAUKRI,-4.076
2026-09-08,15:29,NAVA,-2.5138
2026-09-08,15:29,NAVINFLUOR,44.7927
2026-09-08,15:29,NAVKARCORP,-1.1167
2026-09-08,15:29,NAZARA,50.1223
2026-09-08,15:29,NCC,-5.8283
2026-09-08,15:29,NELCAST,6.0758
2026-09-08,15:29,NELCO,30.111
2026-09-08,15:29,NEOGEN,94.7892
2026-09-08,15:29,NESTLEIND,12.8889
2026-09-08,15:29,NETWEB,55.1398
2026-09-08,15:29,NEULANDLAB,48.8247
2026-09-08,15:29,NGLFINE,111.3191
2026-09-08,15:29,NH,0.2377
2026-09-08,15:29,NHPC,-0.1447
2026-09-08,15:29,NIACL,23.3219
2026-09-08,15:29,NIBE,11.404
2026-09-08,15:29,NIITLTD,8.0707
2026-09-08,15:29,NILKAMAL,50.556
2026-09-08,15:29,NINSYS,74.0763
2026-09-08,15:29,NITCO,1.191
2026-09-08,15:29,NITINSPIN,105.5216
2026-09-08,15:29,NIVABUPA,3.9757
2026-09-08,15:29,NLCINDIA,13.2252
2026-09-08,15:29,NMDC,9.7991
2026-09-08,15:29,NOCIL,19.1233
2026-09-08,15:29,NORTHARC,22.3819
2026-09-08,15:29,NOVARTIND,126.1528
2026-09-08,15:29,NPST,18.8794
2026-09-08,15:29,NRAIL,34.9707
2026-09-08,15:29,NRBBEARING,71.8498
2026-09-08,15:29,NRL,124.1196
2026-09-08,15:29,NSLNISP,11.5737
2026-09-08,15:29,NTPC,3.053
2026-09-08,15:29,NTPCGREEN,-2.0272
2026-09-08,15:29,NUVAMA,27.7051
2026-09-08,15:29,NUVOCO,-5.2022
2026-09-08,15:29,NYKAA,37.8892
2026-09-08,15:29,OAL,75.4337
2026-09-08,15:29,OBEROIRLTY,12.7244
2026-09-08,15:29,OCCLLTD,74.8409
2026-09-08,15:29,OFSS,50.4758
2026-09-08,15:29,OIL,23.3259
2026-09-08,15:29,OLAELEC,9.1357
2026-09-08,15:29,OLECTRA,1.3613
2026-09-08,15:29,OMAXE,95.7349
2026-09-08,15:29,ONEPOINT,7.7217
2026-09-08,15:29,ONESOURCE,-0.8599
2026-09-08,15:29,ONGC,1.6321
2026-09-08,15:29,ONIDA,47.4131
2026-09-08,15:29,ONWARDTEC,4.9102
2026-09-08,15:29,OPTIEMUS,4.5574
2026-09-08,15:29,ORBTEXP,21.7296
2026-09-08,15:29,ORCHPHARMA,16.3895
2026-09-08,15:29,ORIENTBELL,55.9483
2026-09-08,15:29,ORIENTCER,8.8797
2026-09-08,15:29,ORIENTELEC,-4.1603
2026-09-08,15:29,ORIENTHOT,35.9582
2026-09-08,15:29,ORKLAINDIA,-3.9958
2026-09-08,15:29,PAGEIND,-1.2103
2026-09-08,15:29,PAISALO,107.5855
2026-09-08,15:29,PANACEABIO,11.527
2026-09-08,15:29,PANACHE,51.6471
2026-09-08,15:29,PANAMAPET,76.8808
2026-09-08,15:29,PANSARI,-5.5844
2026-09-08,15:29,PARACABLES,91.7523
2026-09-08,15:29,PARADEEP,-0.461
2026-09-08,15:29,PARAS,131.8662
2026-09-08,15:29,PASHUPATI,-1.782
2026-09-08,15:29,PASUPTAC,23.1334
2026-09-08,15:29,PATELRMART,4.593
2026-09-08,15:29,PAUSHAKLTD,25.7054
2026-09-08,15:29,PAYTM,30.3262
2026-09-08,15:29,PCBL,5.7575
2026-09-08,15:29,PDMJEPAPER,1.3533
2026-09-08,15:29,PDSL,-3.3771
2026-09-08,15:29,PETRONET,7.9713
2026-09-08,15:29,PFC,5.8754
2026-09-08,15:29,PFOCUS,47.074
2026-09-08,15:29,PGEL,-3.0213
2026-09-08,15:29,PGHL,-1.4424
2026-09-08,15:29,PGIL,44.7584
2026-09-08,15:29,PHOENIXLTD,5.8394
2026-09-08,15:29,PICCADIL,9.0828
2026-09-08,15:29,PIDILITIND,8.1393
2026-09-08,15:29,PITTIENG,46.0929
2026-09-08,15:29,PIXTRANS,17.9452
2026-09-08,15:29,PLASTIBLEN,16.9746
2026-09-08,15:29,PNB,-0.8801
2026-09-08,15:29,PNBGILTS,1.4355
2026-09-08,15:29,PNBHOUSING,27.7753
2026-09-08,15:29,PNGJL,3.8997
2026-09-08,15:29,POKARNA,-5.6322
2026-09-08,15:29,POLICYBZR,0.3021
2026-09-08,15:29,POLYCAB,13.7472
2026-09-08,15:29,POLYPLEX,42.383
2026-09-08,15:29,POONAWALLA,2.9744
2026-09-08,15:29,POWERGRID,2.0741
2026-09-08,15:29,POWERINDIA,61.1542
2026-09-08,15:29,POWERMECH,4.8312
2026-09-08,15:29,PPL,11.0638
2026-09-08,15:29,PPLPHARMA,34.4128
2026-09-08,15:29,PRABHA,36.0247
2026-09-08,15:29,PRAJIND,-1.8395
2026-09-08,15:29,PRAKASH,-4.3001
2026-09-08,15:29,PRECOT,53.8236
2026-09-08,15:29,PRECWIRE,104.297
2026-09-08,15:29,PREMEXPLN,37.8279
2026-09-08,15:29,PREMIERENE,8.5282
2026-09-08,15:29,PREMIERPOL,119.0614
2026-09-08,15:29,PRESTIGE,-4.0727
2026-09-08,15:29,PRICOLLTD,19.9557
2026-09-08,15:29,PRIMESECU,0.9209
2026-09-08,15:29,PRINCEPIPE,12.7886
2026-09-08,15:29,PRIVISCL,13.3153
2026-09-08,15:29,PRUDENT,22.3998
2026-09-08,15:29,PSPPROJECT,-0.2904
2026-09-08,15:29,PTC,-3.3592
2026-09-08,15:29,PTCIL,35.3371
2026-09-08,15:29,PTL,-2.7581
2026-09-08,15:29,PVP,89.0528
2026-09-08,15:29,PVRINOX,14.0304
2026-09-08,15:29,QPOWER,123.7156
2026-09-08,15:29,QUADFUTURE,67.1088
2026-09-08,15:29,QUESS,61.0056
2026-09-08,15:29,RACLGEAR,45.4391
2026-09-08,15:29,RADHIKAJWE,19.3001
2026-09-08,15:29,RADICO,41.5139
2026-09-08,15:29,RAIN,95.6084
2026-09-08,15:29,RAINBOW,8.5986
2026-09-08,15:29,RAJRATAN,7.3698
2026-09-08,15:29,RAJRILTD,-5.7004
2026-09-08,15:29,RAMCOIND,3.3098
2026-09-08,15:29,RAMCOSYS,-0.4657
2026-09-08,15:29,RAMRAT,72.7923
2026-09-08,15:29,RANEHOLDIN,27.2413
2026-09-08,15:29,RATEGAIN,30.0128
2026-09-08,15:29,RATNAMANI,20.2831
2026-09-08,15:29,RATNAVEER,83.7251
2026-09-08,15:29,RAYMOND,92.9809
2026-09-08,15:29,RAYMONDREL,22.4254
2026-09-08,15:29,RBA,49.3279
2026-09-08,15:29,RBLBANK,39.1753
2026-09-08,15:29,RBZJEWEL,29.3311
2026-09-08,15:29,RECLTD,-5.2326
2026-09-08,15:29,REDINGTON,37.6889
2026-09-08,15:29,REGAAL,18.5175
2026-09-08,15:29,RELIGARE,11.5927
2026-09-08,15:29,RELTD,-2.024
2026-09-08,15:29,RENUKA,-4.5833
2026-09-08,15:29,RGL,16.7497
2026-09-08,15:29,RHETAN,13.6364
2026-09-08,15:29,RICOAUTO,7.8364
2026-09-08,15:29,RISHABH,104.7106
2026-09-08,15:29,RITCO,12.7257
2026-09-08,15:29,RITES,-5.4055
2026-09-08,15:29,RKFORGE,36.188
2026-09-08,15:29,RML,88.3852
2026-09-08,15:29,ROLEXRINGS,32.8288
2026-09-08,15:29,ROSSTECH,85.7274
2026-09-08,15:29,ROTO,5.0739
2026-09-08,15:29,RPEL,76.0008
2026-09-08,15:29,RPGLIFE,20.7133
2026-09-08,15:29,RPSGVENT,7.7768
2026-09-08,15:29,RPTECH,134.1683
2026-09-08,15:29,RRKABEL,70.0347
2026-09-08,15:29,RSWM,49.7081
2026-09-08,15:29,RUBICON,189.8808
2026-09-08,15:29,RUBYMILLS,101.8287
2026-09-08,15:29,SAATVIKGL,8.039
2026-09-08,15:29,SAIL,43.5071
2026-09-08,15:29,SAILIFE,83.1536
2026-09-08,15:29,SAKAR,178.9664
2026-09-08,15:29,SALSTEEL,107.7485
2026-09-08,15:29,SAMBHV,36.0148
2026-09-08,15:29,SAMMAANCAP,4.1596
2026-09-08,15:29,SANATHAN,4.8468
2026-09-08,15:29,SANDESH,-2.8109
2026-09-08,15:29,SANDHAR,13.5309
2026-09-08,15:29,SANDUMA,-4.5128
2026-09-08,15:29,SANGAMIND,31.6237
2026-09-08,15:29,SANGHVIMOV,39.9524
2026-09-08,15:29,SANSERA,136.4777
2026-09-08,15:29,SANSTAR,20.7269
2026-09-08,15:29,SAPPHIRE,-1.3066
2026-09-08,15:29,SARDAEN,2.4537
2026-09-08,15:29,SAREGAMA,31.0399
2026-09-08,15:29,SARLAPOLY,19.8134
2026-09-08,15:29,SASKEN,56.4244
2026-09-08,15:29,SATIA,2.0307
2026-09-08,15:29,SATIN,54.0407
2026-09-08,15:29,SBC,64.2205
2026-09-08,15:29,SBCL,146.0648
2026-09-08,15:29,SBIN,4.8744
2026-09-08,15:29,SCHAEFFLER,3.0032
2026-09-08,15:29,SCHNEIDER,73.5394
2026-09-08,15:29,SCI,33.3718
2026-09-08,15:29,SCPL,120.6304
2026-09-08,15:29,SEAMECLTD,82.3445
2026-09-08,15:29,SENCO,13.7714
2026-09-08,15:29,SENORES,83.8753
2026-09-08,15:29,SERVOTECH,0.0253
2026-09-08,15:29,SESHAPAPER,0.5647
2026-09-08,15:29,SETL,163.7413
2026-09-08,15:29,SFL,19.3942
2026-09-08,15:29,SGFIN,72.7517
2026-09-08,15:29,SGIL,11.8184
2026-09-08,15:29,SGMART,139.5679
2026-09-08,15:29,SHAILY,44.668
2026-09-08,15:29,SHALPAINTS,46.5761
2026-09-08,15:29,SHANTIGEAR,48.9317
2026-09-08,15:29,SHANTIGOLD,36.2797
2026-09-08,15:29,SHARDAMOTR,-4.6459
2026-09-08,15:29,SHAREINDIA,-4.9814
2026-09-08,15:29,SHILCTECH,4.2646
2026-09-08,15:29,SHILPAMED,195.263
2026-09-08,15:29,SHIVAUM,62.9682
2026-09-08,15:29,SHREEJISPG,111.0322
2026-09-08,15:29,SHREEPUSHK,34.2767
2026-09-08,15:29,SHRINGARMS,8.8615
2026-09-08,15:29,SHRIPISTON,43.515
2026-09-08,15:29,SHRIRAMFIN,21.2871
2026-09-08,15:29,SHYAMMETL,34.0478
2026-09-08,15:29,SICALLOG,19.8235
2026-09-08,15:29,SIEMENS,24.9858
2026-09-08,15:29,SIGACHI,0.8135
2026-09-08,15:29,SIGMAADV,337.7817
2026-09-08,15:29,SIGNPOST,19.8577
2026-09-08,15:29,SILVERTUC,83.4017
2026-09-08,15:29,SIMPLEXINF,-2.7211
2026-09-08,15:29,SINDHUTRAD,15.6872
2026-09-08,15:29,SIS,29.5623
2026-09-08,15:29,SJS,37.9585
2026-09-08,15:29,SKFINDUS,18.9993
2026-09-08,15:29,SKIPPER,37.9177
2026-09-08,15:29,SKMEGGPROD,17.5093
2026-09-08,15:29,SKYGOLD,152.8913
2026-09-08,15:29,SMARTWORKS,17.0249
2026-09-08,15:29,SMCGLOBAL,-3.3862
2026-09-08,15:29,SMLMAH,71.9784
2026-09-08,15:29,SMSPHARMA,26.2534
2026-09-08,15:29,SOFTTECH,33.6792
2026-09-08,15:29,SOLARA,19.7611
2026-09-08,15:29,SOLARINDS,88.4125
2026-09-08,15:29,SOMANYCERA,35.3826
2026-09-08,15:29,SONACOMS,65.7903
2026-09-08,15:29,SOTL,86.2121
2026-09-08,15:29,SOUTHBANK,19.4997
2026-09-08,15:29,SOUTHWEST,21.6881
2026-09-08,15:29,SPAL,44.7158
2026-09-08,15:29,SPARC,53.0071
2026-09-08,15:29,SPECIALITY,14.9313
2026-09-08,15:29,SPECTRUM,124.6881
2026-09-08,15:29,SPLPETRO,28.6935
2026-09-08,15:29,SPMLINFRA,-2.7309
2026-09-08,15:29,SPORTKING,143.9466
2026-09-08,15:29,SREEL,31.6136
2026-09-08,15:29,SRHHYPOLTD,-0.9011
2026-09-08,15:29,SSWL,93.6874
2026-09-08,15:29,STALLION,3.432
2026-09-08,15:29,STAR,35.9826
2026-09-08,15:29,STARHEALTH,23.9788
2026-09-08,15:29,STCINDIA,-4.058
2026-09-08,15:29,STEELCAS,58.7514
2026-09-08,15:29,STEL,8.9394
2026-09-08,15:29,STLNETWORK,38.806
2026-09-08,15:29,STLTECH,752.227
2026-09-08,15:29,STOVEKRAFT,41.7152
2026-09-08,15:29,STYL,34.2497
2026-09-08,15:29,STYLAMIND,51.7715
2026-09-08,15:29,STYLEBAAZA,40.2499
2026-09-08,15:29,STYRENIX,3.6055
2026-09-08,15:29,SUDARSCHEM,27.0487
2026-09-08,15:29,SUDEEPPHRM,102.2418
2026-09-08,15:29,SUKHJITS,10.7744
2026-09-08,15:29,SUMICHEM,6.7676
2026-09-08,15:29,SUNCLAY,5.3601
2026-09-08,15:29,SUNDARMFIN,-1.11
2026-09-08,15:29,SUNDRMFAST,33.5248
2026-09-08,15:29,SUNFLAG,31.5063
2026-09-08,15:29,SUNPHARMA,5.8721
2026-09-08,15:29,SUPRAJIT,3.3239
2026-09-08,15:29,SUPREMEIND,4.322
2026-09-08,15:29,SUPREMEINF,-5.4024
2026-09-08,15:29,SUPRIYA,25.5863
2026-09-08,15:29,SURAKSHA,19.0618
2026-09-08,15:29,SURYODAY,14.1026
2026-09-08,15:29,SUTLEJTEX,24.235
2026-09-08,15:29,SUVEN,114.7834
2026-09-08,15:29,SUYOG,9.7923
2026-09-08,15:29,SVLL,8.7746
2026-09-08,15:29,SWANDEF,1041.0722
2026-09-08,15:29,SWARAJENG,-1.6994
2026-09-08,15:29,SYNCOMF,41.5935
2026-09-08,15:29,SYRMA,128.0309
2026-09-08,15:29,TALBROAUTO,46.6367
2026-09-08,15:29,TARIL,2.2364
2026-09-08,15:29,TARSONS,40.5689
2026-09-08,15:29,TASTYBITE,21.0517
2026-09-08,15:29,TATACAP,12.8295
2026-09-08,15:29,TATACOMM,-3.9456
2026-09-08,15:29,TATAPOWER,-3.7646
2026-09-08,15:29,TATASTEEL,8.432
2026-09-08,15:29,TATATECH,22.78
2026-09-08,15:29,TATVA,17.8591
2026-09-08,15:29,TBOTEK,-0.5458
2026-09-08,15:29,TBZ,242.1231
2026-09-08,15:29,TCIEXP,-6.1226
2026-09-08,15:29,TCPLPACK,27.861
2026-09-08,15:29,TDPOWERSYS,11.5577
2026-09-08,15:29,TECHM,-1.2166
2026-09-08,15:29,TEJASNET,26.0387
2026-09-08,15:29,TENNIND,14.2578
2026-09-08,15:29,TEXINFRA,14.6418
2026-09-08,15:29,TFCILTD,117.9947
2026-09-08,15:29,THANGAMAYL,66.9259
2026-09-08,15:29,THEJO,33.5733
2026-09-08,15:29,THELEELA,31.0386
2026-09-08,15:29,THEMISMED,28.6451
2026-09-08,15:29,THERMAX,25.8268
2026-09-08,15:29,THYROCARE,24.0227
2026-09-08,15:29,TI,21.8376
2026-09-08,15:29,TIIL,44.6999
2026-09-08,15:29,TIINDIA,0.6216
2026-09-08,15:29,TIL,-6.4427
2026-09-08,15:29,TIMETECHNO,0.5715
2026-09-08,15:29,TIMKEN,0.4571
2026-09-08,15:29,TINNARUBR,29.0445
2026-09-08,15:29,TIPSMUSIC,16.5658
2026-09-08,15:29,TIRUPATIFL,116.3782
2026-09-08,15:29,TITAGARH,11.5219
2026-09-08,15:29,TITAN,26.9118
2026-09-08,15:29,TMB,82.4948
2026-09-08,15:29,TMCV,17.7359
2026-09-08,15:29,TNPETRO,31.5501
2026-09-08,15:29,TNPL,11.9503
2026-09-08,15:29,TORNTPHARM,31.7362
2026-09-08,15:29,TORNTPOWER,-0.8586
2026-09-08,15:29,TPLPLASTEH,-0.5582
2026-09-08,15:29,TRAVELFOOD,3.2271
2026-09-08,15:29,TREL,-5.9486
2026-09-08,15:29,TRENT,1.9886
2026-09-08,15:29,TRITURBINE,10.1081
2026-09-08,15:29,TRUALT,-1.6793
2026-09-08,15:29,TTKHLTCARE,13.1054
2026-09-08,15:29,TVSHLTD,-5.7227
2026-09-08,15:29,TVSMOTOR,14.1894
2026-09-08,15:29,TVSSCS,20.1643
2026-09-08,15:29,TVSSRICHAK,26.6844
2026-09-08,15:29,UDS,23.276
2026-09-08,15:29,UEL,92.4027
2026-09-08,15:29,UFBL,292.0669
2026-09-08,15:29,UFLEX,46.491
2026-09-08,15:29,UGARSUGAR,19.3772
2026-09-08,15:29,UJJIVANSFB,20.267
2026-09-08,15:29,ULTRACEMCO,-4.5021
2026-09-08,15:29,UNICHEMLAB,19.5481
2026-09-08,15:29,UNIMECH,79.4516
2026-09-08,15:29,UNIONBANK,19.5953
2026-09-08,15:29,UNIPARTS,80.1946
2026-09-08,15:29,UNITDSPR,-0.7855
2026-09-08,15:29,UNITEDPOLY,30.8657
2026-09-08,15:29,UNIVASTU,139.7992
2026-09-08,15:29,UNIVCABLES,70.044
2026-09-08,15:29,UNIVPHOTO,124.5483
2026-09-08,15:29,UNOMINDA,-1.5911
2026-09-08,15:29,URBANCO,40.98
2026-09-08,15:29,USHAMART,9.6884
2026-09-08,15:29,UTLSOLAR,117.4369
2026-09-08,15:29,UTTAMSUGAR,14.3249
2026-09-08,15:29,V2RETAIL,-0.4206
2026-09-08,15:29,VADILALIND,50.1046
2026-09-08,15:29,VALIANTLAB,74.9655
2026-09-08,15:29,VALIANTORG,28
2026-09-08,15:29,VARROC,34.4066
2026-09-08,15:29,VEDL,32.0196
2026-09-08,15:29,VENKEYS,18.697
2026-09-08,15:29,VENUSPIPES,58.1556
2026-09-08,15:29,VENUSREM,106.0606
2026-09-08,15:29,VERANDA,24.2287
2026-09-08,15:29,VGUARD,1.0873
2026-09-08,15:29,VHL,1.125
2026-09-08,15:29,VIDHIING,6.6417
2026-09-08,15:29,VIDYAWIRES,75.9281
2026-09-08,15:29,VIJAYA,53.5318
2026-09-08,15:29,VIMTALABS,4.1438
2026-09-08,15:29,VINCOFE,10.5299
2026-09-08,15:29,VINDHYATEL,96.9197
2026-09-08,15:29,VISAKAIND,41.4553
2026-09-08,15:29,VISHNU,44.1478
2026-09-08,15:29,VIYASH,24.3355
2026-09-08,15:29,VMART,9.2396
2026-09-08,15:29,VOLTAMP,42.5883
2026-09-08,15:29,VRLLOG,8.9577
2026-09-08,15:29,VSSL,24.0132
2026-09-08,15:29,VTL,31.1637
2026-09-08,15:29,WABAG,56.3322
2026-09-08,15:29,WALCHANNAG,31.3628
2026-09-08,15:29,WANBURY,3.5968
2026-09-08,15:29,WELCORP,223.2405
2026-09-08,15:29,WELENT,54.9931
2026-09-08,15:29,WELINV,62.23
2026-09-08,15:29,WELSPUNLIV,53.2625
2026-09-08,15:29,WENDT,2.9155
2026-09-08,15:29,WESTLIFE,1.3749
2026-09-08,15:29,WEWORK,14.1452
2026-09-08,15:29,WHEELS,142.6588
2026-09-08,15:29,WINDLAS,48.9893
2026-09-08,15:29,WINDMACHIN,12.4356
2026-09-08,15:29,WOCKPHARMA,63.8668
2026-09-08,15:29,WONDERLA,-2.803
2026-09-08,15:29,WSTCSTPAPR,66.8381
2026-09-08,15:29,XPROINDIA,41.072
2026-09-08,15:29,YASHO,172.5202
2026-09-08,15:29,YATHARTH,39.4837
2026-09-08,15:29,YESBANK,4.7442
2026-09-08,15:29,YUKEN,18.7106
2026-09-08,15:29,ZENTEC,33.7878
2026-09-08,15:29,ZIMLAB,84.0605
2026-09-08,15:29,ZYDUSLIFE,25.2803
2026-09-08,15:29,ZYDUSWELL,31.2985
2026-09-09,15:29,20MICRONS,14.0421
2026-09-09,15:29,360ONE,-3.4366
2026-09-09,15:29,5PAISA,8.857
2026-09-09,15:29,63MOONS,16.8276
2026-09-09,15:29,AADHARHFC,-1.1521
2026-09-09,15:29,AARTIDRUGS,9.9727
2026-09-09,15:29,AARTIIND,35.002
2026-09-09,15:29,AARTIPHARM,13.6118
2026-09-09,15:29,ABB,43.1348
2026-09-09,15:29,ABCAPITAL,15.3403
2026-09-09,15:29,ABDL,-1.1292
2026-09-09,15:29,ABSLAMC,37.9957
2026-09-09,15:29,ACE,18.9571
2026-09-09,15:29,ACI,-3.1788
2026-09-09,15:29,ACMESOLAR,70.8864
2026-09-09,15:29,ACUTAAS,95.0659
2026-09-09,15:29,ADANIENSOL,45.5987
2026-09-09,15:29,ADANIENT,39.0683
2026-09-09,15:29,ADANIGREEN,28.8332
2026-09-09,15:29,ADANIPORTS,19.4241
2026-09-09,15:29,ADANIPOWER,50.2797
2026-09-09,15:29,ADFFOODS,32.767
2026-09-09,15:29,ADOR,58.6012
2026-09-09,15:29,ADVANCE,-3.3449
2026-09-09,15:29,ADVENZYMES,-1.318
2026-09-09,15:29,AEGISLOG,83.826
2026-09-09,15:29,AEGISVOPAK,14.8563
2026-09-09,15:29,AEQUS,45.1826
2026-09-09,15:29,AEROENTER,79.8792
2026-09-09,15:29,AEROFLEX,208.2565
2026-09-09,15:29,AETHER,86.771
2026-09-09,15:29,AFFLE,-5.3206
2026-09-09,15:29,AFSL,0.0746
2026-09-09,15:29,AGARWALEYE,3.163
2026-09-09,15:29,AGI,11.7796
2026-09-09,15:29,AGIIL,6.4462
2026-09-09,15:29,AHLWEST,85.3781
2026-09-09,15:29,AIAENG,9.3318
2026-09-09,15:29,AJANTPHARM,35.9228
2026-09-09,15:29,AJAXENGG,-2.8242
2026-09-09,15:29,AKUMS,76.2007
2026-09-09,15:29,ALEMBICLTD,5.1622
2026-09-09,15:29,ALIVUS,57.7311
2026-09-09,15:29,ALKYLAMINE,23.0945
2026-09-09,15:29,ALLDIGI,-3.6375
2026-09-09,15:29,AMANTA,102.3887
2026-09-09,15:29,AMBER,9.5661
2026-09-09,15:29,AMBIKCO,29.9582
2026-09-09,15:29,ANANDRATHI,45.879
2026-09-09,15:29,ANANTRAJ,16.7761
2026-09-09,15:29,ANDHRAPAP,1.7943
2026-09-09,15:29,ANDHRSUGAR,31.5789
2026-09-09,15:29,ANGELONE,19.4003
2026-09-09,15:29,ANTELOPUS,188.3492
2026-09-09,15:29,ANTHEM,41.8503
2026-09-09,15:29,ANUHPHR,24.858
2026-09-09,15:29,APARINDS,98.408
2026-09-09,15:29,APCOTEXIND,64.713
2026-09-09,15:29,APEX,25.0164
2026-09-09,15:29,APLAPOLLO,22.8677
2026-09-09,15:29,APLLTD,-3.5061
2026-09-09,15:29,APOLLO,88.9734
2026-09-09,15:29,APOLLOHOSP,29.5528
2026-09-09,15:29,APOLLOPIPE,100.1386
2026-09-09,15:29,ARFIN,38.4435
2026-09-09,15:29,ARIES,49.9769
2026-09-09,15:29,ARIHANT,3333.2688
2026-09-09,15:29,ARIS,3.3883
2026-09-09,15:29,ARMANFIN,29.4877
2026-09-09,15:29,ARROWGREEN,54.9894
2026-09-09,15:29,ARTEMISMED,27.469
2026-09-09,15:29,ARVIND,81.1776
2026-09-09,15:29,ARVSMART,0.7994
2026-09-09,15:29,ASAHIINDIA,-2.5108
2026-09-09,15:29,ASAL,-2.7313
2026-09-09,15:29,ASHIANA,19.6572
2026-09-09,15:29,ASHOKLEY,0.5176
2026-09-09,15:29,ASIANENE,90.1296
2026-09-09,15:29,ASIANHOTNR,24.519
2026-09-09,15:29,ASKAUTOLTD,33.259
2026-09-09,15:29,ASTEC,6.0332
2026-09-09,15:29,ASTERDM,28.2521
2026-09-09,15:29,ASTRAL,3.2123
2026-09-09,15:29,ASTRAMICRO,91.299
2026-09-09,15:29,ATGL,4.7293
2026-09-09,15:29,ATHERENERG,139.1041
2026-09-09,15:29,ATLANTAELE,98.6141
2026-09-09,15:29,ATUL,5.8799
2026-09-09,15:29,ATULAUTO,6.1068
2026-09-09,15:29,AUBANK,7.0888
2026-09-09,15:29,AUROPHARMA,42.4057
2026-09-09,15:29,AURUM,22.8902
2026-09-09,15:29,AVADHSUGAR,108.9177
2026-09-09,15:29,AVALON,169.7243
2026-09-09,15:29,AVANTEL,9.4975
2026-09-09,15:29,AVANTIFEED,-5.5025
2026-09-09,15:29,AVL,25.6377
2026-09-09,15:29,AVTNPL,36.7362
2026-09-09,15:29,AXISBANK,1.1268
2026-09-09,15:29,AXISCADES,56.5562
2026-09-09,15:29,AYMSYNTEX,88.953
2026-09-09,15:29,AZAD,77.4755
2026-09-09,15:29,BAFNAPH,109.4881
2026-09-09,15:29,BAJAJ-AUTO,32.5464
2026-09-09,15:29,BAJAJCON,105.822
2026-09-09,15:29,BAJAJFINSV,-4.6606
2026-09-09,15:29,BAJAJHIND,15.0323
2026-09-09,15:29,BAJAJHLDNG,0.0542
2026-09-09,15:29,BAJEL,10.1839
2026-09-09,15:29,BAJFINANCE,3.9716
2026-09-09,15:29,BALAMINES,116.0531
2026-09-09,15:29,BALMLAWRIE,1.4618
2026-09-09,15:29,BALRAMCHIN,58.9939
2026-09-09,15:29,BANARISUG,1.3604
2026-09-09,15:29,BANDHANBNK,16.1391
2026-09-09,15:29,BANKINDIA,-0.634
2026-09-09,15:29,BANSALWIRE,-2.996
2026-09-09,15:29,BASF,-2.2009
2026-09-09,15:29,BBOX,52.3306
2026-09-09,15:29,BCLIND,12.9895
2026-09-09,15:29,BECTORFOOD,-3.3733
2026-09-09,15:29,BEL,5.2905
2026-09-09,15:29,BELRISE,45.1048
2026-09-09,15:29,BEML,24.5133
2026-09-09,15:29,BEPL,52.1184
2026-09-09,15:29,BETA,31.6263
2026-09-09,15:29,BFINVEST,9.1637
2026-09-09,15:29,BHAGCHEM,15.1485
2026-09-09,15:29,BHAGERIA,80.5092
2026-09-09,15:29,BHAGYANGR,214.1647
2026-09-09,15:29,BHARATFORG,40.0693
2026-09-09,15:29,BHARATSE,29.635
2026-09-09,15:29,BHARATWIRE,-1.8057
2026-09-09,15:29,BHEL,56.0914
2026-09-09,15:29,BIL,47.0736
2026-09-09,15:29,BIOCON,2.3051
2026-09-09,15:29,BIRLACABLE,165.8497
2026-09-09,15:29,BLISSGVS,378.4875
2026-09-09,15:29,BLKASHYAP,6.5577
2026-09-09,15:29,BLSE,54.6849
2026-09-09,15:29,BLUEJET,8.3224
2026-09-09,15:29,BLUESTONE,74.7228
2026-09-09,15:29,BLUSPRING,101.4508
2026-09-09,15:29,BODALCHEM,237.3529
2026-09-09,15:29,BORANA,15.6759
2026-09-09,15:29,BORORENEW,-5.5509
2026-09-09,15:29,BOROSCI,5.4469
2026-09-09,15:29,BOSCH-HCIL,20.3963
2026-09-09,15:29,BOSCHLTD,36.4837
2026-09-09,15:29,BRIGADE,2.772
2026-09-09,15:29,BSE,25.0637
2026-09-09,15:29,BUTTERFLY,-3.3785
2026-09-09,15:29,CAMS,-2.562
2026-09-09,15:29,CANHLIFE,18.7937
2026-09-09,15:29,CAPITALSFB,6.6412
2026-09-09,15:29,CAPLIPOINT,43.4872
2026-09-09,15:29,CARBORUNIV,28.968
2026-09-09,15:29,CARERATING,13.133
2026-09-09,15:29,CARTRADE,10.9926
2026-09-09,15:29,CARYSIL,34.2013
2026-09-09,15:29,CASTROLIND,3.4453
2026-09-09,15:29,CCL,11.0809
2026-09-09,15:29,CEIGALL,65.1529
2026-09-09,15:29,CEMPRO,59.5349
2026-09-09,15:29,CENTENKA,30.171
2026-09-09,15:29,CENTUM,92.0609
2026-09-09,15:29,CERA,4.9254
2026-09-09,15:29,CGCL,52.4513
2026-09-09,15:29,CGPOWER,38.2682
2026-09-09,15:29,CHALET,2.6834
2026-09-09,15:29,CHEMBONDCH,60.3299
2026-09-09,15:29,CHEMCON,11.156
2026-09-09,15:29,CHENNPETRO,75.5457
2026-09-09,15:29,CHEVIOT,11.583
2026-09-09,15:29,CHOICEIN,-2.5509
2026-09-09,15:29,CHOLAFIN,9.2919
2026-09-09,15:29,CIEINDIA,-1.9777
2026-09-09,15:29,CLSEL,15.8474
2026-09-09,15:29,COALINDIA,12.0208
2026-09-09,15:29,COCHINSHIP,3.5401
2026-09-09,15:29,COFFEEDAY,-1.865
2026-09-09,15:29,COFORGE,0.0163
2026-09-09,15:29,COMSYN,108.8853
2026-09-09,15:29,CONCOR,2.7501
2026-09-09,15:29,CONCORDBIO,10.0135
2026-09-09,15:29,CONFIPET,163.3169
2026-09-09,15:29,CONSOFINVT,77.1487
2026-09-09,15:29,CORONA,56.6184
2026-09-09,15:29,COSMOFIRST,30.0746
2026-09-09,15:29,CPPLUS,146.3243
2026-09-09,15:29,CRAFTSMAN,68.3085
2026-09-09,15:29,CREDITACC,9.2317
2026-09-09,15:29,CREST,1.2043
2026-09-09,15:29,CRISIL,6.4594
2026-09-09,15:29,CUB,12.4121
2026-09-09,15:29,CUMMINSIND,14.5766
2026-09-09,15:29,CUPID,225.8767
2026-09-09,15:29,CYIENT,-5.5936
2026-09-09,15:29,CYIENTDLM,124.887
2026-09-09,15:29,DALMIASUG,44.0213
2026-09-09,15:29,DATAMATICS,-5.3273
2026-09-09,15:29,DATAPATTNS,97.8847
2026-09-09,15:29,DBOL,58.4964
2026-09-09,15:29,DCBBANK,36.5541
2026-09-09,15:29,DCXINDIA,9.5777
2026-09-09,15:29,DEEDEV,213.1526
2026-09-09,15:29,DEEPAKFERT,11.7623
2026-09-09,15:29,DEEPAKNTR,2.5995
2026-09-09,15:29,DEEPINDS,75.1049
2026-09-09,15:29,DELHIVERY,12.8564
2026-09-09,15:29,DEVYANI,7.855
2026-09-09,15:29,DHAMPURSUG,32.885
2026-09-09,15:29,DHANBANK,23.4111
2026-09-09,15:29,DHARMAJ,8.7193
2026-09-09,15:29,DIACABS,138.8358
2026-09-09,15:29,DIAMONDYD,2.8279
2026-09-09,15:29,DICIND,24.491
2026-09-09,15:29,DIFFNKG,41.9298
2026-09-09,15:29,DIVGIITTS,92.6273
2026-09-09,15:29,DIVISLAB,50.7707
2026-09-09,15:29,DIXON,4.3016
2026-09-09,15:29,DLF,-4.099
2026-09-09,15:29,DLINKINDIA,4.0568
2026-09-09,15:29,DMART,-2.3836
2026-09-09,15:29,DMCC,11.5444
2026-09-09,15:29,DOLPHIN,66.2218
2026-09-09,15:29,DPABHUSHAN,-1.2296
2026-09-09,15:29,DREDGECORP,9.13
2026-09-09,15:29,DSSL,5.8958
2026-09-09,15:29,DVL,2.7536
2026-09-09,15:29,DWARKESH,22.4319
2026-09-09,15:29,DYCL,39.0285
2026-09-09,15:29,DYNAMATECH,29.0305
2026-09-09,15:29,E2E,200.1788
2026-09-09,15:29,EBGNG,130.4126
2026-09-09,15:29,EDELWEISS,27.2545
2026-09-09,15:29,EICHERMOT,8.4098
2026-09-09,15:29,EIEL,3.5998
2026-09-09,15:29,EIFFL,14.466
2026-09-09,15:29,EIMCOELECO,45.8126
2026-09-09,15:29,ELECTCAST,5.133
2026-09-09,15:29,ELECTHERM,18.6305
2026-09-09,15:29,ELGIEQUIP,32.2894
2026-09-09,15:29,EMAMIPAP,32.5193
2026-09-09,15:29,EMCURE,37.5386
2026-09-09,15:29,EMIL,72.2626
2026-09-09,15:29,EMKAY,-2.8665
2026-09-09,15:29,EMMVEE,85.1602
2026-09-09,15:29,ENDURANCE,5.1433
2026-09-09,15:29,ENGINERSIN,40.5558
2026-09-09,15:29,ENRIN,7.134
2026-09-09,15:29,ENTERO,85.8029
2026-09-09,15:29,EPL,17.0359
2026-09-09,15:29,EQUITASBNK,25.4097
2026-09-09,15:29,ESABINDIA,-1.9909
2026-09-09,15:29,ESAFSFB,58.6408
2026-09-09,15:29,ETERNAL,12.7087
2026-09-09,15:29,EVEREADY,6.12
2026-09-09,15:29,EXCELINDUS,7.2869
2026-09-09,15:29,EXICOM,54.6015
2026-09-09,15:29,EXIDEIND,12.9054
2026-09-09,15:29,FAIRCHEMOR,-5.9236
2026-09-09,15:29,FAZE3Q,8.4928
2026-09-09,15:29,FCL,141.9462
2026-09-09,15:29,FEDERALBNK,30.8801
2026-09-09,15:29,FEDFINA,11.3919
2026-09-09,15:29,FILATEX,50.0497
2026-09-09,15:29,FINCABLES,76.6264
2026-09-09,15:29,FINEORG,19.9977
2026-09-09,15:29,FINPIPE,-4.7471
2026-09-09,15:29,FLUOROCHEM,34.4189
2026-09-09,15:29,FMGOETZE,2.6598
2026-09-09,15:29,FORCEMOT,1.6875
2026-09-09,15:29,FORTIS,5.0577
2026-09-09,15:29,FOSECOIND,22.2725
2026-09-09,15:29,FUSION,28.2265
2026-09-09,15:29,GABRIEL,42.0015
2026-09-09,15:29,GAEL,43.2914
2026-09-09,15:29,GAIL,3.4483
2026-09-09,15:29,GALAPREC,40.4583
2026-09-09,15:29,GALAXYSURF,15.217
2026-09-09,15:29,GALLANTT,7.7771
2026-09-09,15:29,GANDHAR,86.5352
2026-09-09,15:29,GANDHITUBE,19.5213
2026-09-09,15:29,GANECOS,11.4996
2026-09-09,15:29,GANESHBE,63.0501
2026-09-09,15:29,GANESHHOU,-5.5535
2026-09-09,15:29,GARFIBRES,20.0855
2026-09-09,15:29,GAYAPROJ,172.9792
2026-09-09,15:29,GCSL,62.8958
2026-09-09,15:29,GEECEE,6.652
2026-09-09,15:29,GEMAROMA,12.5273
2026-09-09,15:29,GENUSPOWER,9.9783
2026-09-09,15:29,GEOJITFSL,-1.1352
2026-09-09,15:29,GESHIP,25.3058
2026-09-09,15:29,GFLLIMITED,0.0698
2026-09-09,15:29,GHCLTEXTIL,81.5429
2026-09-09,15:29,GICRE,-4.9701
2026-09-09,15:29,GIPCL,37.4726
2026-09-09,15:29,GLAND,83.0953
2026-09-09,15:29,GLAXO,11.9105
2026-09-09,15:29,GLENMARK,24.9743
2026-09-09,15:29,GLOBAL,38.5174
2026-09-09,15:29,GLOTTIS,1.2174
2026-09-09,15:29,GMBREW,-5.0098
2026-09-09,15:29,GMDCLTD,14.2587
2026-09-09,15:29,GMMPFAUDLR,24.3357
2026-09-09,15:29,GMRAIRPORT,-2.2784
2026-09-09,15:29,GNA,74.8663
2026-09-09,15:29,GNFC,17.2533
2026-09-09,15:29,GOCLCORP,45.3535
2026-09-09,15:29,GODREJAGRO,17.6989
2026-09-09,15:29,GODREJIND,11.9186
2026-09-09,15:29,GOKEX,-3.1325
2026-09-09,15:29,GOKULAGRO,20.94
2026-09-09,15:29,GPIL,6.3193
2026-09-09,15:29,GPTHEALTH,16.4471
2026-09-09,15:29,GPTINFRA,6.6443
2026-09-09,15:29,GRANULES,52.6307
2026-09-09,15:29,GRAPHITE,58.5304
2026-09-09,15:29,GRASIM,17.58
2026-09-09,15:29,GREAVESCOT,8.2307
2026-09-09,15:29,GREENPLY,11.5056
2026-09-09,15:29,GRINDWELL,21.4772
2026-09-09,15:29,GROWW,36.1811
2026-09-09,15:29,GRPLTD,16.5957
2026-09-09,15:29,GRSE,11.5839
2026-09-09,15:29,GRWRHITECH,90.3131
2026-09-09,15:29,GUFICBIO,23.0207
2026-09-09,15:29,GUJALKALI,40.9176
2026-09-09,15:29,GUJTHEM,10.6047
2026-09-09,15:29,GVPIL,114.8444
2026-09-09,15:29,GVT&D,57.3242
2026-09-09,15:29,HAL,18.2599
2026-09-09,15:29,HAPPYFORGE,107.8758
2026-09-09,15:29,HARIOMPIPE,5.2155
2026-09-09,15:29,HARSHA,20.9067
2026-09-09,15:29,HATSUN,21.6249
2026-09-09,15:29,HBLENGINE,-4.2868
2026-09-09,15:29,HCC,35.4335
2026-09-09,15:29,HCG,0.7138
2026-09-09,15:29,HDFCAMC,-3.9824
2026-09-09,15:29,HEALTHX,-0.7621
2026-09-09,15:29,HEMIPROP,-4.2593
2026-09-09,15:29,HESTERBIO,45.1806
2026-09-09,15:29,HEXATRADEX,-2.3866
2026-09-09,15:29,HFCL,280.3347
2026-09-09,15:29,HIKAL,1.0029
2026-09-09,15:29,HINDALCO,20.9826
2026-09-09,15:29,HINDCOPPER,44.5682
2026-09-09,15:29,HINDOILEXP,26.3175
2026-09-09,15:29,HINDZINC,4.6862
2026-09-09,15:29,HIRECT,76.3867
2026-09-09,15:29,HITECHCORP,99.8928
2026-09-09,15:29,HMT,37.2281
2026-09-09,15:29,HMVL,15.546
2026-09-09,15:29,HNDFDS,16.7457
2026-09-09,15:29,HOMEFIRST,3.6466
2026-09-09,15:29,HONASA,83.1098
2026-09-09,15:29,HONAUT,1.0047
2026-09-09,15:29,HSCL,43.4054
2026-09-09,15:29,HTMEDIA,9.2076
2026-09-09,15:29,HUHTAMAKI,29.7346
2026-09-09,15:29,HYUNDAI,-4.5486
2026-09-09,15:29,IBULLSLTD,44.3804
2026-09-09,15:29,ICICIBANK,2.7137
2026-09-09,15:29,ICIL,61.8122
2026-09-09,15:29,IDEAFORGE,80.1518
2026-09-09,15:29,IDFCFIRSTB,2.4419
2026-09-09,15:29,IFCI,88.8747
2026-09-09,15:29,IFGLEXPOR,5.7597
2026-09-09,15:29,IGARASHI,-4.9682
2026-09-09,15:29,IGIL,-1.673
2026-09-09,15:29,IGPL,42.9451
2026-09-09,15:29,IIFL,7.4676
2026-09-09,15:29,IIFLCAPS,8.3841
2026-09-09,15:29,IKIO,26.163
2026-09-09,15:29,IKS,6.8061
2026-09-09,15:29,IMAGICAA,13.3402
2026-09-09,15:29,IMFA,-5.8398
2026-09-09,15:29,IMPAL,9.0005
2026-09-09,15:29,INDGN,10.4653
2026-09-09,15:29,INDHOTEL,1.339
2026-09-09,15:29,INDIANB,10.5355
2026-09-09,15:29,INDIANHUME,-4.7912
2026-09-09,15:29,INDIGO,-0.1104
2026-09-09,15:29,INDIQUBE,-0.3074
2026-09-09,15:29,INDNIPPON,65.1638
2026-09-09,15:29,INDOAMIN,6.3341
2026-09-09,15:29,INDOBORAX,89.9019
2026-09-09,15:29,INDOCO,-3.8952
2026-09-09,15:29,INDORAMA,85.3055
2026-09-09,15:29,INDOSTAR,1.0989
2026-09-09,15:29,INDOTECH,133.4929
2026-09-09,15:29,INDSWFTLAB,315.1619
2026-09-09,15:29,INDUSINDBK,20.4054
2026-09-09,15:29,INGERRAND,36.5183
2026-09-09,15:29,INNOVACAP,71.1591
2026-09-09,15:29,INOXINDIA,95.553
2026-09-09,15:29,IOB,-3.8484
2026-09-09,15:29,IOLCP,159.923
2026-09-09,15:29,IONEXCHANG,15.7275
2026-09-09,15:29,IPCALAB,40.7296
2026-09-09,15:29,IRISDOREME,76.7589
2026-09-09,15:29,IRMENERGY,1.2348
2026-09-09,15:29,ISGEC,-3.1001
2026-09-09,15:29,ITDC,17.3188
2026-09-09,15:29,IZMO,12.6296
2026-09-09,15:29,J&KBANK,45.2435
2026-09-09,15:29,JAGSNPHARM,17.1503
2026-09-09,15:29,JAIBALAJI,12.145
2026-09-09,15:29,JAMNAAUTO,0.5459
2026-09-09,15:29,JASH,20.4015
2026-09-09,15:29,JAYAGROGN,26.9081
2026-09-09,15:29,JAYBARMARU,36.8974
2026-09-09,15:29,JAYNECOIND,27.9552
2026-09-09,15:29,JBMA,11.2067
2026-09-09,15:29,JGCHEM,76.5209
2026-09-09,15:29,JINDALPOLY,39.9399
2026-09-09,15:29,JINDALSAW,93.2184
2026-09-09,15:29,JINDALSTEL,14.4783
2026-09-09,15:29,JINDRILL,33.5745
2026-09-09,15:29,JINDWORLD,91.5026
2026-09-09,15:29,JITFINFRA,10.6696
2026-09-09,15:29,JKPAPER,14.5238
2026-09-09,15:29,JNKINDIA,95.7964
2026-09-09,15:29,JSFB,23.9007
2026-09-09,15:29,JSL,-0.7727
2026-09-09,15:29,JSWCEMENT,1.9081
2026-09-09,15:29,JSWDULUX,1.4843
2026-09-09,15:29,JSWENERGY,12.5302
2026-09-09,15:29,JSWINFRA,26.7731
2026-09-09,15:29,JSWSTEEL,21.375
2026-09-09,15:29,JTLIND,47.192
2026-09-09,15:29,JUBLCPL,-1.612
2026-09-09,15:29,JUBLINGREA,-2.6904
2026-09-09,15:29,JUBLPHARMA,-2.5906
2026-09-09,15:29,JUSTDIAL,-3.9703
2026-09-09,15:29,JYOTICNC,7.8275
2026-09-09,15:29,KABRAEXTRU,200.9306
2026-09-09,15:29,KAJARIACER,14.1699
2026-09-09,15:29,KALYANKJIL,27.9562
2026-09-09,15:29,KAMATHOTEL,-1.6204
2026-09-09,15:29,KAMDHENU,68.651
2026-09-09,15:29,KANORICHEM,121.1615
2026-09-09,15:29,KANPRPLA,29.1483
2026-09-09,15:29,KAPSTON,185
2026-09-09,15:29,KARURVYSYA,36.1692
2026-09-09,15:29,KAYA,4.3064
2026-09-09,15:29,KDDL,70.2807
2026-09-09,15:29,KECL,21.7512
2026-09-09,15:29,KEI,13.7072
2026-09-09,15:29,KENNAMET,78.8912
2026-09-09,15:29,KERNEX,64.5604
2026-09-09,15:29,KICL,2.2292
2026-09-09,15:29,KILITCH,13.6747
2026-09-09,15:29,KIMS,18.024
2026-09-09,15:29,KINGFA,62.4027
2026-09-09,15:29,KIOCL,10.905
2026-09-09,15:29,KIRIINDUS,-4.0004
2026-09-09,15:29,KIRLFER,-1.3928
2026-09-09,15:29,KIRLOSBROS,12.3922
2026-09-09,15:29,KIRLOSENG,73.2402
2026-09-09,15:29,KIRLOSIND,10.1142
2026-09-09,15:29,KKCL,3.2261
2026-09-09,15:29,KMEW,67.2262
2026-09-09,15:29,KNAGRI,0.3341
2026-09-09,15:29,KOLTEPATIL,16.6798
2026-09-09,15:29,KOPRAN,80.7713
2026-09-09,15:29,KOTAKBANK,-4.7488
2026-09-09,15:29,KOTHARIPET,20.4011
2026-09-09,15:29,KOVAI,175.1085
2026-09-09,15:29,KPIL,21.3283
2026-09-09,15:29,KPRMILL,18.1413
2026-09-09,15:29,KRBL,11.7413
2026-09-09,15:29,KRISHANA,72.2007
2026-09-09,15:29,KRN,119.0333
2026-09-09,15:29,KRONOX,20.0097
2026-09-09,15:29,KROSS,27.6557
2026-09-09,15:29,KRYSTAL,23.0717
2026-09-09,15:29,KSB,11.77
2026-09-09,15:29,KSL,23.8892
2026-09-09,15:29,KSOLVES,-4.3486
2026-09-09,15:29,KTKBANK,66.3319
2026-09-09,15:29,LALPATHLAB,36.3423
2026-09-09,15:29,LANDMARK,-4.5075
2026-09-09,15:29,LAURUSLABS,91.7822
2026-09-09,15:29,LAXMIINDIA,5.0183
2026-09-09,15:29,LENSKART,71.63
2026-09-09,15:29,LGEINDIA,6.2548
2026-09-09,15:29,LICHSGFIN,5.7546
2026-09-09,15:29,LICI,-3.5
2026-09-09,15:29,LIKHITHA,21.9178
2026-09-09,15:29,LINCOLN,33.6478
2026-09-09,15:29,LINDEINDIA,5.8133
2026-09-09,15:29,LLOYDSENGG,50.0461
2026-09-09,15:29,LLOYDSENT,11.1936
2026-09-09,15:29,LLOYDSME,38.471
2026-09-09,15:29,LMW,20.2534
2026-09-09,15:29,LODHA,9.6071
2026-09-09,15:29,LOKESHMACH,116.2072
2026-09-09,15:29,LOTUSDEV,29.4729
2026-09-09,15:29,LT,-3.4413
2026-09-09,15:29,LTF,2.8155
2026-09-09,15:29,LTFOODS,14.4028
2026-09-09,15:29,LUMAXIND,12.8177
2026-09-09,15:29,LUMAXTECH,37.7101
2026-09-09,15:29,LUPIN,-0.6199
2026-09-09,15:29,LUXIND,0.2769
2026-09-09,15:29,LXCHEM,3.1483
2026-09-09,15:29,M&MFIN,3.4262
2026-09-09,15:29,MACPOWER,93.3302
2026-09-09,15:29,MAGADSUGAR,12.1149
2026-09-09,15:29,MAHABANK,49.0307
2026-09-09,15:29,MAHASTEEL,65.2971
2026-09-09,15:29,MAHLOG,27.9662
2026-09-09,15:29,MAHSCOOTER,-5.2955
2026-09-09,15:29,MAHSEAMLES,20.6638
2026-09-09,15:29,MAITHANALL,15.738
2026-09-09,15:29,MAMATA,0.6842
2026-09-09,15:29,MANAKCOAT,-4.22
2026-09-09,15:29,MANAKSTEEL,91.0359
2026-09-09,15:29,MANALIPETC,46.323
2026-09-09,15:29,MANAPPURAM,11.7904
2026-09-09,15:29,MANBA,-3.8984
2026-09-09,15:29,MANGLMCEM,38.9371
2026-09-09,15:29,MANINDS,89.0851
2026-09-09,15:29,MANINFRA,0.07
2026-09-09,15:29,MANKIND,7.285
2026-09-09,15:29,MANORAMA,55.9023
2026-09-09,15:29,MANYAVAR,-1.03
2026-09-09,15:29,MARICO,10.2621
2026-09-09,15:29,MARINE,107.4649
2026-09-09,15:29,MARKSANS,80.1539
2026-09-09,15:29,MATRIMONY,-0.4151
2026-09-09,15:29,MAWANASUG,69.1349
2026-09-09,15:29,MAXESTATES,21.2209
2026-09-09,15:29,MAXHEALTH,0.6207
2026-09-09,15:29,MAYURUNIQ,51.8049
2026-09-09,15:29,MAZDA,28.9328
2026-09-09,15:29,MAZDOCK,2.2151
2026-09-09,15:29,MBAPL,101.982
2026-09-09,15:29,MCLOUD,-3.9259
2026-09-09,15:29,MCX,67.0823
2026-09-09,15:29,MEDANTA,29.5528
2026-09-09,15:29,MEESHO,0.1664
2026-09-09,15:29,MENONBE,192.9894
2026-09-09,15:29,METROPOLIS,27.3881
2026-09-09,15:29,MGL,-2.9535
2026-09-09,15:29,MIDHANI,59.0808
2026-09-09,15:29,MINDACORP,17.574
2026-09-09,15:29,MMFL,65.4909
2026-09-09,15:29,MMP,85.0995
2026-09-09,15:29,MMTC,16.1362
2026-09-09,15:29,MODIS,9.9127
2026-09-09,15:29,MODISONLTD,258.9837
2026-09-09,15:29,MOL,1.974
2026-09-09,15:29,MOLDTECH,32.6198
2026-09-09,15:29,MOLDTKPAC,21.2473
2026-09-09,15:29,MONARCH,21.4239
2026-09-09,15:29,MOREPENLAB,193.7736
2026-09-09,15:29,MOSCHIP,7.2766
2026-09-09,15:29,MOTHERSON,36.9187
2026-09-09,15:29,MOTILALOFS,22.9238
2026-09-09,15:29,MPSLTD,38.0107
2026-09-09,15:29,MRPL,24.425
2026-09-09,15:29,MSPL,-5.3341
2026-09-09,15:29,MSTCLTD,62.7303
2026-09-09,15:29,MTARTECH,223.3887
2026-09-09,15:29,MUFIN,21.2718
2026-09-09,15:29,MUKANDLTD,6.3414
2026-09-09,15:29,MUKKA,22.9819
2026-09-09,15:29,MUNJALAU,40.5015
2026-09-09,15:29,MUNJALSHOW,4.7304
2026-09-09,15:29,MUTHOOTMF,12.5835
2026-09-09,15:29,MVGJL,20.3274
2026-09-09,15:29,NACLIND,1.5387
2026-09-09,15:29,NAHARINDUS,25.9391
2026-09-09,15:29,NAHARPOLY,-4.5977
2026-09-09,15:29,NAHARSPING,41.2058
2026-09-09,15:29,NAM-INDIA,34.6512
2026-09-09,15:29,NATIONALUM,35.1226
2026-09-09,15:29,NAUKRI,-5.3206
2026-09-09,15:29,NAVA,-1.682
2026-09-09,15:29,NAVINFLUOR,48.4228
2026-09-09,15:29,NAVKARCORP,-0.935
2026-09-09,15:29,NAZARA,57.9414
2026-09-09,15:29,NELCAST,7.7957
2026-09-09,15:29,NELCO,30.5497
2026-09-09,15:29,NEOGEN,108.4096
2026-09-09,15:29,NEPHROPLUS,55.6393
2026-09-09,15:29,NESTLEIND,12.8301
2026-09-09,15:29,NETWEB,52.8775
2026-09-09,15:29,NEULANDLAB,46.8968
2026-09-09,15:29,NGLFINE,107.9695
2026-09-09,15:29,NH,0.8535
2026-09-09,15:29,NHPC,1.7244
2026-09-09,15:29,NIACL,26.6782
2026-09-09,15:29,NIBE,11.2306
2026-09-09,15:29,NIITLTD,8.9085
2026-09-09,15:29,NILKAMAL,49.7088
2026-09-09,15:29,NINSYS,77.3771
2026-09-09,15:29,NITCO,0.6527
2026-09-09,15:29,NITINSPIN,103.6111
2026-09-09,15:29,NIVABUPA,6.3753
2026-09-09,15:29,NLCINDIA,12.3082
2026-09-09,15:29,NMDC,11.0249
2026-09-09,15:29,NOCIL,23.1071
2026-09-09,15:29,NORTHARC,24.9392
2026-09-09,15:29,NOVARTIND,170.879
2026-09-09,15:29,NPST,17.5997
2026-09-09,15:29,NRAIL,27.095
2026-09-09,15:29,NRBBEARING,70.2266
2026-09-09,15:29,NRL,124.2036
2026-09-09,15:29,NSLNISP,13.0806
2026-09-09,15:29,NTPC,4.1245
2026-09-09,15:29,NTPCGREEN,-2.5678
2026-09-09,15:29,NUVAMA,24.2017
2026-09-09,15:29,NYKAA,39.9429
2026-09-09,15:29,OAL,82.4105
2026-09-09,15:29,OBEROIRLTY,11.8082
2026-09-09,15:29,OCCLLTD,76.9611
2026-09-09,15:29,OFSS,50.7942
2026-09-09,15:29,OIL,25.3171
2026-09-09,15:29,OLAELEC,13.4043
2026-09-09,15:29,OLECTRA,3.8829
2026-09-09,15:29,OMAXE,88.3595
2026-09-09,15:29,ONEPOINT,9.7524
2026-09-09,15:29,ONESOURCE,-5.4326
2026-09-09,15:29,ONGC,0.4766
2026-09-09,15:29,ONIDA,32.8422
2026-09-09,15:29,ONWARDTEC,7.2434
2026-09-09,15:29,OPTIEMUS,4.4723
2026-09-09,15:29,ORBTEXP,19.7759
2026-09-09,15:29,ORCHPHARMA,26.94
2026-09-09,15:29,ORIENTBELL,59.4005
2026-09-09,15:29,ORIENTCER,14.6945
2026-09-09,15:29,ORIENTELEC,-2.326
2026-09-09,15:29,ORIENTHOT,39.4501
2026-09-09,15:29,ORKLAINDIA,-3.2588
2026-09-09,15:29,PAGEIND,-1.8305
2026-09-09,15:29,PAISALO,119.6811
2026-09-09,15:29,PANACEABIO,13.1934
2026-09-09,15:29,PANACHE,47.1619
2026-09-09,15:29,PANAMAPET,82.197
2026-09-09,15:29,PARACABLES,88.2436
2026-09-09,15:29,PARADEEP,1.8379
2026-09-09,15:29,PARAS,133.8344
2026-09-09,15:29,PARKHOSPS,90.5036
2026-09-09,15:29,PASHUPATI,-1.0385
2026-09-09,15:29,PASUPTAC,26.2737
2026-09-09,15:29,PATELRMART,4.5888
2026-09-09,15:29,PAUSHAKLTD,26.8584
2026-09-09,15:29,PAYTM,38.0656
2026-09-09,15:29,PCBL,8.2404
2026-09-09,15:29,PDMJEPAPER,0.6346
2026-09-09,15:29,PDSL,-1.692
2026-09-09,15:29,PETRONET,6.421
2026-09-09,15:29,PFC,4.6924
2026-09-09,15:29,PFOCUS,54.0747
2026-09-09,15:29,PGEL,-3.7694
2026-09-09,15:29,PGHL,-4.0904
2026-09-09,15:29,PGIL,39.4832
2026-09-09,15:29,PHOENIXLTD,5.8266
2026-09-09,15:29,PICCADIL,9.5425
2026-09-09,15:29,PIDILITIND,8.3615
2026-09-09,15:29,PITTIENG,45.8484
2026-09-09,15:29,PIXTRANS,20.1596
2026-09-09,15:29,PNB,-3.1174
2026-09-09,15:29,PNBGILTS,1.0427
2026-09-09,15:29,PNBHOUSING,27.6192
2026-09-09,15:29,PNGJL,1.9678
2026-09-09,15:29,POLICYBZR,1.983
2026-09-09,15:29,POLYCAB,18.0027
2026-09-09,15:29,POLYPLEX,45.0382
2026-09-09,15:29,POONAWALLA,1.5277
2026-09-09,15:29,POWERGRID,1.8192
2026-09-09,15:29,POWERINDIA,64.9086
2026-09-09,15:29,POWERMECH,5.7899
2026-09-09,15:29,PPL,19.6281
2026-09-09,15:29,PPLPHARMA,29.8392
2026-09-09,15:29,PRABHA,34.9201
2026-09-09,15:29,PRAJIND,-1.7739
2026-09-09,15:29,PRAKASH,-3.4006
2026-09-09,15:29,PRECOT,50.5302
2026-09-09,15:29,PRECWIRE,110.5882
2026-09-09,15:29,PREMEXPLN,40.4255
2026-09-09,15:29,PREMIERENE,7.5372
2026-09-09,15:29,PREMIERPOL,121.0643
2026-09-09,15:29,PRESTIGE,-4.1682
2026-09-09,15:29,PRICOLLTD,14.527
2026-09-09,15:29,PRIMESECU,-0.8671
2026-09-09,15:29,PRINCEPIPE,13.2742
2026-09-09,15:29,PRIVISCL,17.25
2026-09-09,15:29,PROZONER,-5.4049
2026-09-09,15:29,PRUDENT,27.3425
2026-09-09,15:29,PSPPROJECT,2.9181
2026-09-09,15:29,PTC,-5.2475
2026-09-09,15:29,PTCIL,30.6417
2026-09-09,15:29,PTL,-3.0094
2026-09-09,15:29,PVP,92.0833
2026-09-09,15:29,PVRINOX,9.7016
2026-09-09,15:29,PYRAMID,-4.873
2026-09-09,15:29,QPOWER,128.0633
2026-09-09,15:29,QUADFUTURE,71.1812
2026-09-09,15:29,QUESS,73.1538
2026-09-09,15:29,RACLGEAR,56.4289
2026-09-09,15:29,RADHIKAJWE,20.726
2026-09-09,15:29,RADICO,43.8394
2026-09-09,15:29,RAIN,97.9185
2026-09-09,15:29,RAINBOW,10.3498
2026-09-09,15:29,RAJRATAN,16.9792
2026-09-09,15:29,RAMCOIND,1.6062
2026-09-09,15:29,RAMCOSYS,-0.8557
2026-09-09,15:29,RAMRAT,72.828
2026-09-09,15:29,RANEHOLDIN,28
2026-09-09,15:29,RATEGAIN,27.3498
2026-09-09,15:29,RATNAMANI,23.7481
2026-09-09,15:29,RATNAVEER,82.0113
2026-09-09,15:29,RAYMOND,86.4506
2026-09-09,15:29,RAYMONDREL,23.872
2026-09-09,15:29,RBA,58.2677
2026-09-09,15:29,RBLBANK,40.0909
2026-09-09,15:29,RBZJEWEL,23.9027
2026-09-09,15:29,RECLTD,-5.8242
2026-09-09,15:29,REDINGTON,38.1762
2026-09-09,15:29,REDTAPE,-5.703
2026-09-09,15:29,REFEX,-2.5161
2026-09-09,15:29,REGAAL,14.4153
2026-09-09,15:29,RELIGARE,15.131
2026-09-09,15:29,RGL,16.7063
2026-09-09,15:29,RHETAN,8.7935
2026-09-09,15:29,RICOAUTO,11.1092
2026-09-09,15:29,RISHABH,111.8946
2026-09-09,15:29,RITCO,13.9243
2026-09-09,15:29,RITES,-5.4119
2026-09-09,15:29,RKFORGE,45.0101
2026-09-09,15:29,RML,82.625
2026-09-09,15:29,ROLEXRINGS,36.2662
2026-09-09,15:29,ROSSTECH,88.355
2026-09-09,15:29,RPEL,77.5181
2026-09-09,15:29,RPGLIFE,18.745
2026-09-09,15:29,RPSGVENT,14.3671
2026-09-09,15:29,RPTECH,130.6531
2026-09-09,15:29,RRKABEL,69.276
2026-09-09,15:29,RSWM,44.4459
2026-09-09,15:29,RUBICON,187.2214
2026-09-09,15:29,RUBYMILLS,114.1279
2026-09-09,15:29,SAATVIKGL,4.7331
2026-09-09,15:29,SAIL,43.1644
2026-09-09,15:29,SAILIFE,90.3539
2026-09-09,15:29,SAKAR,174.369
2026-09-09,15:29,SALSTEEL,97.2354
2026-09-09,15:29,SAMBHV,41.6287
2026-09-09,15:29,SAMMAANCAP,2.984
2026-09-09,15:29,SANATHAN,8.7872
2026-09-09,15:29,SANDESH,-3.8778
2026-09-09,15:29,SANDHAR,14.1344
2026-09-09,15:29,SANDUMA,-1.5622
2026-09-09,15:29,SANGAMIND,35.1295
2026-09-09,15:29,SANGHVIMOV,42.1627
2026-09-09,15:29,SANSERA,147.5253
2026-09-09,15:29,SANSTAR,20.7779
2026-09-09,15:29,SAPPHIRE,-0.2804
2026-09-09,15:29,SARDAEN,7.9181
2026-09-09,15:29,SAREGAMA,41.2786
2026-09-09,15:29,SARLAPOLY,19.6603
2026-09-09,15:29,SASKEN,57.4614
2026-09-09,15:29,SATIA,0.7727
2026-09-09,15:29,SATIN,53.8924
2026-09-09,15:29,SBC,72.5629
2026-09-09,15:29,SBCL,154.9064
2026-09-09,15:29,SBFC,-3.47
2026-09-09,15:29,SBIN,2.526
2026-09-09,15:29,SCHAEFFLER,4.0248
2026-09-09,15:29,SCHNEIDER,72.6642
2026-09-09,15:29,SCI,38.3619
2026-09-09,15:29,SCPL,112.6243
2026-09-09,15:29,SEAMECLTD,75.0975
2026-09-09,15:29,SENCO,11.6586
2026-09-09,15:29,SENORES,86.3312
2026-09-09,15:29,SERVOTECH,0.8813
2026-09-09,15:29,SESHAPAPER,2.6496
2026-09-09,15:29,SETL,180.4596
2026-09-09,15:29,SFL,20.3469
2026-09-09,15:29,SGFIN,69.9762
2026-09-09,15:29,SGIL,13.3434
2026-09-09,15:29,SGMART,130.064
2026-09-09,15:29,SHAILY,45.0645
2026-09-09,15:29,SHALPAINTS,51.9203
2026-09-09,15:29,SHANTIGEAR,49.6142
2026-09-09,15:29,SHANTIGOLD,38.1098
2026-09-09,15:29,SHARDAMOTR,-3.266
2026-09-09,15:29,SHAREINDIA,7.5011
2026-09-09,15:29,SHILCTECH,3.2053
2026-09-09,15:29,SHILPAMED,196.0703
2026-09-09,15:29,SHIVALIK,6.1647
2026-09-09,15:29,SHIVAUM,57.9422
2026-09-09,15:29,SHREEJISPG,112.9928
2026-09-09,15:29,SHREEPUSHK,35.6244
2026-09-09,15:29,SHRINGARMS,4.2421
2026-09-09,15:29,SHRIPISTON,48.2282
2026-09-09,15:29,SHRIRAMFIN,19.0697
2026-09-09,15:29,SHYAMMETL,33.4867
2026-09-09,15:29,SICALLOG,12.6723
2026-09-09,15:29,SIEMENS,25.7635
2026-09-09,15:29,SIGACHI,3.5526
2026-09-09,15:29,SIGMAADV,325.0971
2026-09-09,15:29,SIGNPOST,22.4116
2026-09-09,15:29,SILVERTUC,91.5459
2026-09-09,15:29,SIMPLEXINF,0.5622
2026-09-09,15:29,SINDHUTRAD,15.6944
2026-09-09,15:29,SIS,29.2576
2026-09-09,15:29,SJS,39.4495
2026-09-09,15:29,SKFINDUS,19.933
2026-09-09,15:29,SKIPPER,36.603
2026-09-09,15:29,SKMEGGPROD,18.2765
2026-09-09,15:29,SKYGOLD,159.9813
2026-09-09,15:29,SMARTWORKS,15.176
2026-09-09,15:29,SMCGLOBAL,-1.3169
2026-09-09,15:29,SMLMAH,82.3531
2026-09-09,15:29,SMSPHARMA,31.3659
2026-09-09,15:29,SOFTTECH,39.19
2026-09-09,15:29,SOLARA,17.6521
2026-09-09,15:29,SOLARINDS,89.2086
2026-09-09,15:29,SOMANYCERA,31.8956
2026-09-09,15:29,SONACOMS,63.1966
2026-09-09,15:29,SOTL,91.2103
2026-09-09,15:29,SOUTHBANK,18.242
2026-09-09,15:29,SOUTHWEST,22.2366
2026-09-09,15:29,SPAL,43.4542
2026-09-09,15:29,SPARC,53.3721
2026-09-09,15:29,SPECIALITY,18.0175
2026-09-09,15:29,SPECTRUM,139.2739
2026-09-09,15:29,SPLPETRO,27.1967
2026-09-09,15:29,SPMLINFRA,-1.4728
2026-09-09,15:29,SPORTKING,146.8658
2026-09-09,15:29,SREEL,58.7932
2026-09-09,15:29,SRHHYPOLTD,3.0215
2026-09-09,15:29,SSWL,92.3615
2026-09-09,15:29,STALLION,4.4755
2026-09-09,15:29,STAR,36.2078
2026-09-09,15:29,STARHEALTH,23.8791
2026-09-09,15:29,STCINDIA,-3.2247
2026-09-09,15:29,STEELCAS,57.2805
2026-09-09,15:29,STEL,5.3007
2026-09-09,15:29,STLNETWORK,49.1465
2026-09-09,15:29,STLTECH,799.1693
2026-09-09,15:29,STOVEKRAFT,44.0735
2026-09-09,15:29,STYL,37.8791
2026-09-09,15:29,STYLAMIND,52.4795
2026-09-09,15:29,STYLEBAAZA,47.9539
2026-09-09,15:29,STYRENIX,6.5049
2026-09-09,15:29,SUDARSCHEM,31.7091
2026-09-09,15:29,SUDEEPPHRM,93.8534
2026-09-09,15:29,SUKHJITS,10.2743
2026-09-09,15:29,SUMICHEM,7.3657
2026-09-09,15:29,SUNCLAY,4.4764
2026-09-09,15:29,SUNDARMFIN,-1.4815
2026-09-09,15:29,SUNDRMFAST,29.8408
2026-09-09,15:29,SUNDROP,-5.9147
2026-09-09,15:29,SUNFLAG,27.5895
2026-09-09,15:29,SUNPHARMA,4.0158
2026-09-09,15:29,SUPRAJIT,3.4303
2026-09-09,15:29,SUPREMEIND,5.1327
2026-09-09,15:29,SUPRIYA,23.8147
2026-09-09,15:29,SURAKSHA,19.5974
2026-09-09,15:29,SURYODAY,13.5099
2026-09-09,15:29,SUTLEJTEX,22.9231
2026-09-09,15:29,SUVEN,112.1284
2026-09-09,15:29,SUYOG,4.7087
2026-09-09,15:29,SVLL,10.8074
2026-09-09,15:29,SWANDEF,1030.7258
2026-09-09,15:29,SWARAJENG,-1.0216
2026-09-09,15:29,SYNCOMF,37.4744
2026-09-09,15:29,SYRMA,126.1342
2026-09-09,15:29,TALBROAUTO,50.78
2026-09-09,15:29,TARIL,5.0044
2026-09-09,15:29,TARSONS,40.6223
2026-09-09,15:29,TASTYBITE,22.3336
2026-09-09,15:29,TATACAP,11.2644
2026-09-09,15:29,TATACOMM,-3.0038
2026-09-09,15:29,TATAPOWER,-2.2586
2026-09-09,15:29,TATASTEEL,10.8078
2026-09-09,15:29,TATATECH,22.7252
2026-09-09,15:29,TATVA,21.328
2026-09-09,15:29,TBOTEK,2.282
2026-09-09,15:29,TBZ,230.7008
2026-09-09,15:29,TCPLPACK,29.9218
2026-09-09,15:29,TDPOWERSYS,5.3432
2026-09-09,15:29,TECHM,-4.5207
2026-09-09,15:29,TEJASNET,27.2848
2026-09-09,15:29,TENNIND,16.7699
2026-09-09,15:29,TEXINFRA,10.6173
2026-09-09,15:29,TFCILTD,121.356
2026-09-09,15:29,THANGAMAYL,54.4078
2026-09-09,15:29,THEJO,34.0127
2026-09-09,15:29,THELEELA,29.5746
2026-09-09,15:29,THEMISMED,31.0846
2026-09-09,15:29,THERMAX,26.222
2026-09-09,15:29,THYROCARE,28.2176
2026-09-09,15:29,TI,19.2766
2026-09-09,15:29,TIIL,45.7563
2026-09-09,15:29,TIINDIA,2.4559
2026-09-09,15:29,TIMETECHNO,-0.3555
2026-09-09,15:29,TIMKEN,3.0626
2026-09-09,15:29,TINNARUBR,34.2085
2026-09-09,15:29,TIPSMUSIC,18.5644
2026-09-09,15:29,TIRUPATIFL,115.5881
2026-09-09,15:29,TITAGARH,13.1431
2026-09-09,15:29,TITAN,28.0739
2026-09-09,15:29,TMB,82.4612
2026-09-09,15:29,TMCV,15.0039
2026-09-09,15:29,TNPETRO,31.8387
2026-09-09,15:29,TNPL,7.965
2026-09-09,15:29,TORNTPHARM,30.7415
2026-09-09,15:29,TORNTPOWER,2.448
2026-09-09,15:29,TPLPLASTEH,-0.8598
2026-09-09,15:29,TRAVELFOOD,3.2602
2026-09-09,15:29,TRENT,4.5684
2026-09-09,15:29,TRITURBINE,7.424
2026-09-09,15:29,TRUALT,2.6319
2026-09-09,15:29,TSFINV,-5.8444
2026-09-09,15:29,TTKHLTCARE,13.2256
2026-09-09,15:29,TVSMOTOR,14.0757
2026-09-09,15:29,TVSSCS,17.5389
2026-09-09,15:29,TVSSRICHAK,25.1089
2026-09-09,15:29,UDS,19.6125
2026-09-09,15:29,UEL,92.3934
2026-09-09,15:29,UFBL,285.3733
2026-09-09,15:29,UFLEX,44.2677
2026-09-09,15:29,UGARSUGAR,12.3998
2026-09-09,15:29,UJJIVANSFB,17.9761
2026-09-09,15:29,ULTRACEMCO,-5.5459
2026-09-09,15:29,UNICHEMLAB,18.8047
2026-09-09,15:29,UNIMECH,72.707
2026-09-09,15:29,UNIONBANK,20.1581
2026-09-09,15:29,UNIPARTS,83.0757
2026-09-09,15:29,UNITDSPR,-1.3826
2026-09-09,15:29,UNITEDPOLY,38.2164
2026-09-09,15:29,UNIVASTU,141.3921
2026-09-09,15:29,UNIVCABLES,83.2928
2026-09-09,15:29,UNIVPHOTO,142.4015
2026-09-09,15:29,UNOMINDA,-1.5855
2026-09-09,15:29,URBANCO,40.0849
2026-09-09,15:29,USHAMART,9.5693
2026-09-09,15:29,UTLSOLAR,130.6985
2026-09-09,15:29,UTTAMSUGAR,11.4099
2026-09-09,15:29,V2RETAIL,0.8401
2026-09-09,15:29,VADILALIND,49.4193
2026-09-09,15:29,VALIANTLAB,81.781
2026-09-09,15:29,VALIANTORG,34.9981
2026-09-09,15:29,VARROC,32.4915
2026-09-09,15:29,VEDL,32.1917
2026-09-09,15:29,VENKEYS,19.2359
2026-09-09,15:29,VENUSPIPES,60.1876
2026-09-09,15:29,VENUSREM,115.1079
2026-09-09,15:29,VERANDA,27.5868
2026-09-09,15:29,VGUARD,-0.9242
2026-09-09,15:29,VHL,-3.3147
2026-09-09,15:29,VIDHIING,4.5685
2026-09-09,15:29,VIDYAWIRES,72.8148
2026-09-09,15:29,VIJAYA,53.2383
2026-09-09,15:29,VIMTALABS,4.1276
2026-09-09,15:29,VINCOFE,10.9522
2026-09-09,15:29,VINDHYATEL,108.5675
2026-09-09,15:29,VISAKAIND,41.7411
2026-09-09,15:29,VISHNU,37.4394
2026-09-09,15:29,VIYASH,23.947
2026-09-09,15:29,VMART,8.352
2026-09-09,15:29,VOLTAMP,39.9014
2026-09-09,15:29,VRLLOG,8.586
2026-09-09,15:29,VSSL,22.3234
2026-09-09,15:29,VTL,29.8441
2026-09-09,15:29,WABAG,64.3959
2026-09-09,15:29,WALCHANNAG,21.3917
2026-09-09,15:29,WANBURY,6.2975
2026-09-09,15:29,WEBELSOLAR,-4.9145
2026-09-09,15:29,WELCORP,230.4199
2026-09-09,15:29,WELENT,54.6676
2026-09-09,15:29,WELINV,63.1443
2026-09-09,15:29,WELSPUNLIV,57.2069
2026-09-09,15:29,WENDT,2.1091
2026-09-09,15:29,WESTLIFE,5.3273
2026-09-09,15:29,WEWORK,15.4419
2026-09-09,15:29,WHEELS,180.5423
2026-09-09,15:29,WINDLAS,52.2658
2026-09-09,15:29,WINDMACHIN,13.4123
2026-09-09,15:29,WOCKPHARMA,65.4868
2026-09-09,15:29,WONDERLA,-1.804
2026-09-09,15:29,WSTCSTPAPR,66.4921
2026-09-09,15:29,XPROINDIA,33.8751
2026-09-09,15:29,YASHO,179.9228
2026-09-09,15:29,YATHARTH,47.4633
2026-09-09,15:29,YESBANK,3.9889
2026-09-09,15:29,YUKEN,23.7052
2026-09-09,15:29,ZENTEC,29.2483
2026-09-09,15:29,ZIMLAB,87.8169
2026-09-09,15:29,ZYDUSLIFE,22.7971
2026-09-09,15:29,ZYDUSWELL,29.8501
2026-09-10,15:29,20MICRONS,10.8049
2026-09-10,15:29,360ONE,-4.225
2026-09-10,15:29,5PAISA,7.867
2026-09-10,15:29,63MOONS,21.3098
2026-09-10,15:29,AADHARHFC,-3.6945
2026-09-10,15:29,AARTIDRUGS,15
2026-09-10,15:29,AARTIIND,38.3992
2026-09-10,15:29,AARTIPHARM,13.5052
2026-09-10,15:29,ABB,43.7764
2026-09-10,15:29,ABCAPITAL,16.1946
2026-09-10,15:29,ABDL,-0.3016
2026-09-10,15:29,ABSLAMC,38.7685
2026-09-10,15:29,ACE,21.1846
2026-09-10,15:29,ACI,-4.2252
2026-09-10,15:29,ACMESOLAR,70.6547
2026-09-10,15:29,ACUTAAS,111.5606
2026-09-10,15:29,ADANIENSOL,42.5689
2026-09-10,15:29,ADANIENT,38.0344
2026-09-10,15:29,ADANIGREEN,28.4965
2026-09-10,15:29,ADANIPORTS,18.2055
2026-09-10,15:29,ADANIPOWER,51.097
2026-09-10,15:29,ADFFOODS,30.6182
2026-09-10,15:29,ADOR,54.7717
2026-09-10,15:29,ADVANCE,1.4662
2026-09-10,15:29,ADVENZYMES,-0.181
2026-09-10,15:29,AEGISLOG,79.1969
2026-09-10,15:29,AEGISVOPAK,11.9701
2026-09-10,15:29,AEQUS,52.0698
2026-09-10,15:29,AEROENTER,72.1627
2026-09-10,15:29,AEROFLEX,218.1998
2026-09-10,15:29,AETHER,94.452
2026-09-10,15:29,AFFLE,-4.7847
2026-09-10,15:29,AFSL,-1.762
2026-09-10,15:29,AGARWALEYE,2.2631
2026-09-10,15:29,AGI,8.7117
2026-09-10,15:29,AGIIL,6.1373
2026-09-10,15:29,AHLWEST,89.0047
2026-09-10,15:29,AIAENG,8.3151
2026-09-10,15:29,AIIL,-5.2069
2026-09-10,15:29,AJANTPHARM,35.369
2026-09-10,15:29,AJAXENGG,0.0339
2026-09-10,15:29,AKUMS,77.6211
2026-09-10,15:29,ALEMBICLTD,6.5533
2026-09-10,15:29,ALIVUS,54.4838
2026-09-10,15:29,ALKYLAMINE,22.515
2026-09-10,15:29,ALLDIGI,-3.1374
2026-09-10,15:29,AMANTA,85.1363
2026-09-10,15:29,AMBER,10.5459
2026-09-10,15:29,AMBIKCO,26.8772
2026-09-10,15:29,ANANDRATHI,47.3047
2026-09-10,15:29,ANANTRAJ,14.5316
2026-09-10,15:29,ANDHRAPAP,7.9417
2026-09-10,15:29,ANDHRSUGAR,28.7182
2026-09-10,15:29,ANGELONE,19.9225
2026-09-10,15:29,ANTELOPUS,179.4878
2026-09-10,15:29,ANTHEM,40.8625
2026-09-10,15:29,ANUHPHR,17.9033
2026-09-10,15:29,APARINDS,101.4521
2026-09-10,15:29,APCOTEXIND,64.0092
2026-09-10,15:29,APEX,30.1268
2026-09-10,15:29,APLAPOLLO,22.2253
2026-09-10,15:29,APLLTD,-3.7548
2026-09-10,15:29,APOLLO,82.3075
2026-09-10,15:29,APOLLOHOSP,28.6406
2026-09-10,15:29,APOLLOPIPE,100.0527
2026-09-10,15:29,ARFIN,35.722
2026-09-10,15:29,ARIES,48.5262
2026-09-10,15:29,ARIHANT,3239.6974
2026-09-10,15:29,ARIS,-0.2905
2026-09-10,15:29,ARMANFIN,34.529
2026-09-10,15:29,ARROWGREEN,54.6893
2026-09-10,15:29,ARTEMISMED,24.8388
2026-09-10,15:29,ARVIND,84.4908
2026-09-10,15:29,ARVSMART,-0.7811
2026-09-10,15:29,ASAHIINDIA,-0.6007
2026-09-10,15:29,ASAL,-1.7169
2026-09-10,15:29,ASHIANA,18.7575
2026-09-10,15:29,ASHOKLEY,-3.1766
2026-09-10,15:29,ASIANENE,87.6142
2026-09-10,15:29,ASIANHOTNR,19.1055
2026-09-10,15:29,ASKAUTOLTD,28.8213
2026-09-10,15:29,ASTEC,0.6256
2026-09-10,15:29,ASTERDM,29.4764
2026-09-10,15:29,ASTRAL,3.6295
2026-09-10,15:29,ASTRAMICRO,92.9278
2026-09-10,15:29,ATGL,3.5656
2026-09-10,15:29,ATHERENERG,150.1773
2026-09-10,15:29,ATLANTAELE,89.8323
2026-09-10,15:29,ATUL,9.5957
2026-09-10,15:29,ATULAUTO,5.626
2026-09-10,15:29,AUBANK,6.7888
2026-09-10,15:29,AUROPHARMA,37.9641
2026-09-10,15:29,AURUM,23.3033
2026-09-10,15:29,AVADHSUGAR,102.3046
2026-09-10,15:29,AVALON,159.7842
2026-09-10,15:29,AVANTEL,8.5802
2026-09-10,15:29,AVANTIFEED,-4.7602
2026-09-10,15:29,AVL,24.7133
2026-09-10,15:29,AVTNPL,39.3417
2026-09-10,15:29,AXISBANK,1.3173
2026-09-10,15:29,AXISCADES,49.3967
2026-09-10,15:29,AYMSYNTEX,83.3823
2026-09-10,15:29,AZAD,76.2743
2026-09-10,15:29,BAFNAPH,109.6082
2026-09-10,15:29,BAJAJ-AUTO,33.2578
2026-09-10,15:29,BAJAJCON,110.4957
2026-09-10,15:29,BAJAJFINSV,-4.2343
2026-09-10,15:29,BAJAJHIND,14.1942
2026-09-10,15:29,BAJAJHLDNG,0.4661
2026-09-10,15:29,BAJEL,6.629
2026-09-10,15:29,BAJFINANCE,4.3187
2026-09-10,15:29,BALAMINES,114.6811
2026-09-10,15:29,BALMLAWRIE,1.3861
2026-09-10,15:29,BALRAMCHIN,56.4219
2026-09-10,15:29,BANARISUG,-1.05
2026-09-10,15:29,BANDHANBNK,19.7275
2026-09-10,15:29,BANKINDIA,-0.9136
2026-09-10,15:29,BANSALWIRE,-0.1443
2026-09-10,15:29,BASF,-3.3262
2026-09-10,15:29,BBOX,44.0158
2026-09-10,15:29,BCLIND,12.456
2026-09-10,15:29,BECTORFOOD,-0.2682
2026-09-10,15:29,BEL,5.62
2026-09-10,15:29,BELRISE,46.429
2026-09-10,15:29,BEML,21.723
2026-09-10,15:29,BEPL,50.4503
2026-09-10,15:29,BETA,34.6199
2026-09-10,15:29,BFINVEST,10.1535
2026-09-10,15:29,BHAGCHEM,3.7323
2026-09-10,15:29,BHAGERIA,70.7894
2026-09-10,15:29,BHAGYANGR,218.5906
2026-09-10,15:29,BHARATFORG,38.8917
2026-09-10,15:29,BHARATSE,28.2145
2026-09-10,15:29,BHARATWIRE,-0.6026
2026-09-10,15:29,BHEL,56.1534
2026-09-10,15:29,BIL,49.3545
2026-09-10,15:29,BIOCON,-0.153
2026-09-10,15:29,BIRLACABLE,176.6782
2026-09-10,15:29,BIRLANU,-6.0018
2026-09-10,15:29,BLISSGVS,337.7265
2026-09-10,15:29,BLKASHYAP,9.9347
2026-09-10,15:29,BLSE,53.8163
2026-09-10,15:29,BLUEJET,9.7901
2026-09-10,15:29,BLUESTONE,70.1622
2026-09-10,15:29,BLUSPRING,113.2661
2026-09-10,15:29,BODALCHEM,227.5039
2026-09-10,15:29,BORANA,14.5923
2026-09-10,15:29,BORORENEW,-3.7286
2026-09-10,15:29,BOROSCI,6.7297
2026-09-10,15:29,BOSCH-HCIL,14.8654
2026-09-10,15:29,BOSCHLTD,36.5482
2026-09-10,15:29,BRIGADE,-0.91
2026-09-10,15:29,BSE,23.2249
2026-09-10,15:29,CAMS,-5.3569
2026-09-10,15:29,CANHLIFE,19.4138
2026-09-10,15:29,CAPITALSFB,2.1201
2026-09-10,15:29,CAPLIPOINT,46.5402
2026-09-10,15:29,CARBORUNIV,28.2286
2026-09-10,15:29,CARERATING,9.6716
2026-09-10,15:29,CARTRADE,12.8939
2026-09-10,15:29,CARYSIL,36.1326
2026-09-10,15:29,CASTROLIND,2.5745
2026-09-10,15:29,CCL,10.7543
2026-09-10,15:29,CEIGALL,65.2212
2026-09-10,15:29,CEMPRO,58.0582
2026-09-10,15:29,CENTENKA,27.558
2026-09-10,15:29,CENTUM,94.1171
2026-09-10,15:29,CERA,6.1047
2026-09-10,15:29,CGCL,53.4927
2026-09-10,15:29,CGPOWER,38.1913
2026-09-10,15:29,CHALET,2.2182
2026-09-10,15:29,CHAMBLFERT,-5.1
2026-09-10,15:29,CHEMBONDCH,58.0396
2026-09-10,15:29,CHEMCON,8.1351
2026-09-10,15:29,CHENNPETRO,82.5262
2026-09-10,15:29,CHEVIOT,13.3125
2026-09-10,15:29,CHOICEIN,-0.1749
2026-09-10,15:29,CHOLAFIN,10.7207
2026-09-10,15:29,CIEINDIA,-2.8869
2026-09-10,15:29,CLEAN,-6.176
2026-09-10,15:29,CLSEL,13.9333
2026-09-10,15:29,COALINDIA,12.1204
2026-09-10,15:29,COCHINSHIP,0.9495
2026-09-10,15:29,COFFEEDAY,-5.383
2026-09-10,15:29,COFORGE,-1.1699
2026-09-10,15:29,COMSYN,106.8632
2026-09-10,15:29,CONCOR,1.1841
2026-09-10,15:29,CONCORDBIO,8.1033
2026-09-10,15:29,CONFIPET,162.2089
2026-09-10,15:29,CONSOFINVT,78.079
2026-09-10,15:29,CORONA,61.0656
2026-09-10,15:29,COSMOFIRST,29.5836
2026-09-10,15:29,CPPLUS,150.8747
2026-09-10,15:29,CRAFTSMAN,67.5882
2026-09-10,15:29,CREDITACC,10.9424
2026-09-10,15:29,CREST,-2.2028
2026-09-10,15:29,CRISIL,9.0437
2026-09-10,15:29,CUB,9.8792
2026-09-10,15:29,CUMMINSIND,17.5491
2026-09-10,15:29,CUPID,214.3197
2026-09-10,15:29,CYIENT,-5.6865
2026-09-10,15:29,CYIENTDLM,118.4808
2026-09-10,15:29,DALMIASUG,43.4508
2026-09-10,15:29,DATAMATICS,-4.2393
2026-09-10,15:29,DATAPATTNS,90.1297
2026-09-10,15:29,DBOL,54.5513
2026-09-10,15:29,DCBBANK,35.1803
2026-09-10,15:29,DCXINDIA,6.8895
2026-09-10,15:29,DEEDEV,201.2679
2026-09-10,15:29,DEEPAKFERT,11.775
2026-09-10,15:29,DEEPAKNTR,4
2026-09-10,15:29,DEEPINDS,77.3247
2026-09-10,15:29,DELHIVERY,11.2713
2026-09-10,15:29,DEVYANI,7.7789
2026-09-10,15:29,DHAMPURSUG,28.1038
2026-09-10,15:29,DHANBANK,25.891
2026-09-10,15:29,DHARMAJ,11.3586
2026-09-10,15:29,DIACABS,150.0178
2026-09-10,15:29,DIAMONDYD,2.4991
2026-09-10,15:29,DICIND,24.3923
2026-09-10,15:29,DIFFNKG,45.6976
2026-09-10,15:29,DIVGIITTS,97.2384
2026-09-10,15:29,DIVISLAB,47.9389
2026-09-10,15:29,DIXON,1.5114
2026-09-10,15:29,DLF,-3.4165
2026-09-10,15:29,DLINKINDIA,5.9988
2026-09-10,15:29,DMART,-1.7886
2026-09-10,15:29,DMCC,14.8731
2026-09-10,15:29,DOLPHIN,56.1791
2026-09-10,15:29,DPABHUSHAN,-2.7417
2026-09-10,15:29,DREDGECORP,8.9017
2026-09-10,15:29,DSSL,8.0102
2026-09-10,15:29,DVL,3.2036
2026-09-10,15:29,DWARKESH,18.417
2026-09-10,15:29,DYCL,36.6546
2026-09-10,15:29,DYNAMATECH,27.8365
2026-09-10,15:29,E2E,201.4578
2026-09-10,15:29,EBGNG,134.7472
2026-09-10,15:29,EDELWEISS,30.5519
2026-09-10,15:29,EICHERMOT,8.3093
2026-09-10,15:29,EIEL,6.4424
2026-09-10,15:29,EIFFL,16.6194
2026-09-10,15:29,EIMCOELECO,48.3875
2026-09-10,15:29,ELECTCAST,7.7587
2026-09-10,15:29,ELECTHERM,20.0356
2026-09-10,15:29,ELGIEQUIP,32.991
2026-09-10,15:29,EMAMIPAP,38.7298
2026-09-10,15:29,EMCURE,41.4325
2026-09-10,15:29,EMIL,81.3386
2026-09-10,15:29,EMKAY,-4.4662
2026-09-10,15:29,EMMVEE,98.1438
2026-09-10,15:29,ENDURANCE,3.799
2026-09-10,15:29,ENGINERSIN,39.8786
2026-09-10,15:29,ENRIN,11.9638
2026-09-10,15:29,ENTERO,83.6988
2026-09-10,15:29,EPL,17.0142
2026-09-10,15:29,EQUITASBNK,25.4187
2026-09-10,15:29,ESABINDIA,-5.5619
2026-09-10,15:29,ESAFSFB,58.641
2026-09-10,15:29,ETERNAL,13.1168
2026-09-10,15:29,EVEREADY,12.5211
2026-09-10,15:29,EXCELINDUS,7.7332
2026-09-10,15:29,EXICOM,52.9865
2026-09-10,15:29,EXIDEIND,17.2121
2026-09-10,15:29,FAIRCHEMOR,-6.1113
2026-09-10,15:29,FAZE3Q,11.534
2026-09-10,15:29,FCL,144.1164
2026-09-10,15:29,FEDERALBNK,30.3693
2026-09-10,15:29,FEDFINA,14.1707
2026-09-10,15:29,FILATEX,53.0817
2026-09-10,15:29,FINCABLES,83.0666
2026-09-10,15:29,FINEORG,20.8088
2026-09-10,15:29,FINPIPE,-4.8115
2026-09-10,15:29,FLUOROCHEM,35.2368
2026-09-10,15:29,FMGOETZE,1.5221
2026-09-10,15:29,FORCEMOT,5.0335
2026-09-10,15:29,FORTIS,4.1669
2026-09-10,15:29,FOSECOIND,24.2652
2026-09-10,15:29,FUSION,27.2557
2026-09-10,15:29,GABRIEL,23.1102
2026-09-10,15:29,GAEL,41.4835
2026-09-10,15:29,GAIL,4.142
2026-09-10,15:29,GALAPREC,38.3354
2026-09-10,15:29,GALAXYSURF,12.7703
2026-09-10,15:29,GALLANTT,6.9392
2026-09-10,15:29,GANDHAR,85.9875
2026-09-10,15:29,GANDHITUBE,20.3882
2026-09-10,15:29,GANECOS,18.7274
2026-09-10,15:29,GANESHBE,64.8331
2026-09-10,15:29,GANESHHOU,-3.1694
2026-09-10,15:29,GARFIBRES,16.0331
2026-09-10,15:29,GAYAPROJ,188.0372
2026-09-10,15:29,GCSL,71.1105
2026-09-10,15:29,GEECEE,9.4499
2026-09-10,15:29,GEMAROMA,11.2766
2026-09-10,15:29,GENUSPOWER,10.4096
2026-09-10,15:29,GEOJITFSL,0.4043
2026-09-10,15:29,GESHIP,25.9399
2026-09-10,15:29,GFLLIMITED,0.6545
2026-09-10,15:29,GHCLTEXTIL,79.1081
2026-09-10,15:29,GICRE,-5.1339
2026-09-10,15:29,GIPCL,39.7917
2026-09-10,15:29,GLAND,76.8529
2026-09-10,15:29,GLAXO,11.2246
2026-09-10,15:29,GLENMARK,23.3969
2026-09-10,15:29,GLOBAL,33.8678
2026-09-10,15:29,GLOTTIS,0.256
2026-09-10,15:29,GMBREW,-5.2243
2026-09-10,15:29,GMDCLTD,12.6881
2026-09-10,15:29,GMMPFAUDLR,25.185
2026-09-10,15:29,GMRAIRPORT,-3.1116
2026-09-10,15:29,GNA,80.4104
2026-09-10,15:29,GNFC,16.9809
2026-09-10,15:29,GOCLCORP,48.7268
2026-09-10,15:29,GODREJAGRO,19.5046
2026-09-10,15:29,GODREJIND,11.0968
2026-09-10,15:29,GOKEX,-1.2878
2026-09-10,15:29,GOKULAGRO,20.6116
2026-09-10,15:29,GPIL,5.9211
2026-09-10,15:29,GPTHEALTH,18.1698
2026-09-10,15:29,GPTINFRA,6.017
2026-09-10,15:29,GRANULES,54.5501
2026-09-10,15:29,GRAPHITE,56.7018
2026-09-10,15:29,GRASIM,18.2148
2026-09-10,15:29,GREAVESCOT,9.4218
2026-09-10,15:29,GREENLAM,-5.5762
2026-09-10,15:29,GREENPLY,16.2162
2026-09-10,15:29,GRINDWELL,20.5955
2026-09-10,15:29,GROWW,35.8962
2026-09-10,15:29,GRPLTD,18.573
2026-09-10,15:29,GRSE,9.5896
2026-09-10,15:29,GRWRHITECH,102.4986
2026-09-10,15:29,GSFC,-5.3861
2026-09-10,15:29,GUFICBIO,20.9472
2026-09-10,15:29,GUJALKALI,43.5347
2026-09-10,15:29,GUJTHEM,10.5513
2026-09-10,15:29,GVPIL,105.0117
2026-09-10,15:29,GVT&D,58.8328
2026-09-10,15:29,HAL,16.2108
2026-09-10,15:29,HAPPYFORGE,109.5122
2026-09-10,15:29,HARIOMPIPE,3.7271
2026-09-10,15:29,HARSHA,18.9362
2026-09-10,15:29,HATSUN,22.237
2026-09-10,15:29,HCC,26.6519
2026-09-10,15:29,HCG,0.3149
2026-09-10,15:29,HEALTHX,0.4937
2026-09-10,15:29,HESTERBIO,44.7076
2026-09-10,15:29,HEXATRADEX,-1.9255
2026-09-10,15:29,HFCL,261.0647
2026-09-10,15:29,HIKAL,-1.0786
2026-09-10,15:29,HINDALCO,18.3612
2026-09-10,15:29,HINDCOPPER,36.095
2026-09-10,15:29,HINDOILEXP,21.8888
2026-09-10,15:29,HINDZINC,0.2449
2026-09-10,15:29,HIRECT,76.9231
2026-09-10,15:29,HITECHCORP,97.029
2026-09-10,15:29,HMT,34.0113
2026-09-10,15:29,HMVL,8.2165
2026-09-10,15:29,HNDFDS,19.1181
2026-09-10,15:29,HOMEFIRST,4.6465
2026-09-10,15:29,HONASA,83.9327
2026-09-10,15:29,HONAUT,1.5613
2026-09-10,15:29,HSCL,43.3121
2026-09-10,15:29,HTMEDIA,2.833
2026-09-10,15:29,HUHTAMAKI,27.512
2026-09-10,15:29,HYUNDAI,-3.6781
2026-09-10,15:29,IBULLSLTD,47.7745
2026-09-10,15:29,ICICIBANK,2.0416
2026-09-10,15:29,ICIL,64.835
2026-09-10,15:29,IDEAFORGE,79.9468
2026-09-10,15:29,IDFCFIRSTB,3.64
2026-09-10,15:29,IFCI,81.9056
2026-09-10,15:29,IFGLEXPOR,6.4137
2026-09-10,15:29,IGARASHI,-4.2897
2026-09-10,15:29,IGIL,-1.5501
2026-09-10,15:29,IGPL,40.1798
2026-09-10,15:29,IIFL,8.4121
2026-09-10,15:29,IIFLCAPS,7.8325
2026-09-10,15:29,IKIO,34.2895
2026-09-10,15:29,IKS,7.8155
2026-09-10,15:29,IMAGICAA,9.5778
2026-09-10,15:29,IMPAL,8.7988
2026-09-10,15:29,INDGN,7.795
2026-09-10,15:29,INDHOTEL,-0.8657
2026-09-10,15:29,INDIANB,10.1112
2026-09-10,15:29,INDIGO,-3.333
2026-09-10,15:29,INDIQUBE,0.2487
2026-09-10,15:29,INDNIPPON,75.6592
2026-09-10,15:29,INDOAMIN,1.5728
2026-09-10,15:29,INDOBORAX,81.1149
2026-09-10,15:29,INDOCO,6.9176
2026-09-10,15:29,INDORAMA,74.7366
2026-09-10,15:29,INDOSTAR,1.388
2026-09-10,15:29,INDOTECH,133.6338
2026-09-10,15:29,INDSWFTLAB,301.3822
2026-09-10,15:29,INDUSINDBK,18.9723
2026-09-10,15:29,INGERRAND,35.2364
2026-09-10,15:29,INNOVACAP,67.6456
2026-09-10,15:29,INOXINDIA,104.4892
2026-09-10,15:29,IOB,-3.5798
2026-09-10,15:29,IOLCP,164.4858
2026-09-10,15:29,IONEXCHANG,17.4036
2026-09-10,15:29,IPCALAB,40.2077
2026-09-10,15:29,IRISDOREME,72.7878
2026-09-10,15:29,IRMENERGY,1.2419
2026-09-10,15:29,ISGEC,0.7399
2026-09-10,15:29,ITDC,23.9001
2026-09-10,15:29,IZMO,12.4688
2026-09-10,15:29,J&KBANK,46.1061
2026-09-10,15:29,JAGSNPHARM,17.269
2026-09-10,15:29,JAIBALAJI,9.8227
2026-09-10,15:29,JAMNAAUTO,4.9841
2026-09-10,15:29,JASH,22.9255
2026-09-10,15:29,JAYAGROGN,27.3705
2026-09-10,15:29,JAYBARMARU,39.1546
2026-09-10,15:29,JAYNECOIND,29.3609
2026-09-10,15:29,JBMA,11.0958
2026-09-10,15:29,JGCHEM,71.9902
2026-09-10,15:29,JINDALPOLY,40.9427
2026-09-10,15:29,JINDALSAW,93.692
2026-09-10,15:29,JINDALSTEL,15.3144
2026-09-10,15:29,JINDRILL,30.631
2026-09-10,15:29,JINDWORLD,95.7088
2026-09-10,15:29,JITFINFRA,13.8238
2026-09-10,15:29,JKPAPER,19.1419
2026-09-10,15:29,JNKINDIA,98.2205
2026-09-10,15:29,JPOLYINVST,-3.7656
2026-09-10,15:29,JSFB,21.8776
2026-09-10,15:29,JSL,-4.5044
2026-09-10,15:29,JSWCEMENT,3.1429
2026-09-10,15:29,JSWDULUX,2.1722
2026-09-10,15:29,JSWENERGY,12.3835
2026-09-10,15:29,JSWINFRA,24.959
2026-09-10,15:29,JSWSTEEL,20.4953
2026-09-10,15:29,JTLIND,50.5629
2026-09-10,15:29,JUBLCPL,-3.7827
2026-09-10,15:29,JUBLINGREA,-1.3541
2026-09-10,15:29,JUBLPHARMA,-2.7359
2026-09-10,15:29,JUSTDIAL,-5.2561
2026-09-10,15:29,JWL,-4.8789
2026-09-10,15:29,JYOTICNC,9.5363
2026-09-10,15:29,KABRAEXTRU,224.6387
2026-09-10,15:29,KAJARIACER,16.47
2026-09-10,15:29,KALYANKJIL,30.6573
2026-09-10,15:29,KAMATHOTEL,-2.7528
2026-09-10,15:29,KAMDHENU,77.6268
2026-09-10,15:29,KANORICHEM,127.0123
2026-09-10,15:29,KANPRPLA,28.3529
2026-09-10,15:29,KAPSTON,195.7729
2026-09-10,15:29,KARURVYSYA,35.278
2026-09-10,15:29,KAYA,3.3476
2026-09-10,15:29,KDDL,67.7472
2026-09-10,15:29,KECL,29.8397
2026-09-10,15:29,KEI,13.5363
2026-09-10,15:29,KENNAMET,90.0225
2026-09-10,15:29,KERNEX,49.9035
2026-09-10,15:29,KICL,4.3626
2026-09-10,15:29,KILITCH,9.7254
2026-09-10,15:29,KIMS,21.8447
2026-09-10,15:29,KINGFA,65.6823
2026-09-10,15:29,KIOCL,12.2331
2026-09-10,15:29,KIRLFER,-0.893
2026-09-10,15:29,KIRLOSBROS,13.3674
2026-09-10,15:29,KIRLOSENG,71.8531
2026-09-10,15:29,KIRLOSIND,9.7111
2026-09-10,15:29,KKCL,3.5821
2026-09-10,15:29,KMEW,68.849
2026-09-10,15:29,KOLTEPATIL,16.7724
2026-09-10,15:29,KOPRAN,84.1768
2026-09-10,15:29,KOTAKBANK,-3.7813
2026-09-10,15:29,KOTHARIPET,16.2796
2026-09-10,15:29,KOVAI,180.4609
2026-09-10,15:29,KPIL,27.8343
2026-09-10,15:29,KPRMILL,16.7461
2026-09-10,15:29,KRBL,9.0288
2026-09-10,15:29,KRISHANA,76.4593
2026-09-10,15:29,KRN,116.0474
2026-09-10,15:29,KRONOX,20.9028
2026-09-10,15:29,KROSS,32.1198
2026-09-10,15:29,KRYSTAL,21.5948
2026-09-10,15:29,KSB,8.5803
2026-09-10,15:29,KSL,32.4306
2026-09-10,15:29,KTKBANK,67.4134
2026-09-10,15:29,LALPATHLAB,37.2208
2026-09-10,15:29,LANDMARK,-2.5073
2026-09-10,15:29,LAURUSLABS,91.5313
2026-09-10,15:29,LAXMIINDIA,2.1651
2026-09-10,15:29,LENSKART,69.0769
2026-09-10,15:29,LGBBROSLTD,-4.9271
2026-09-10,15:29,LGEINDIA,8.3886
2026-09-10,15:29,LICHSGFIN,4.5825
2026-09-10,15:29,LICI,-4.2719
2026-09-10,15:29,LIKHITHA,18.675
2026-09-10,15:29,LINCOLN,33.3474
2026-09-10,15:29,LINDEINDIA,4.8312
2026-09-10,15:29,LLOYDSENGG,49.61
2026-09-10,15:29,LLOYDSENT,4.2902
2026-09-10,15:29,LLOYDSME,38.5068
2026-09-10,15:29,LMW,17.4658
2026-09-10,15:29,LODHA,8.8205
2026-09-10,15:29,LOKESHMACH,115.0022
2026-09-10,15:29,LOTUSDEV,37.7053
2026-09-10,15:29,LT,-1.8878
2026-09-10,15:29,LTF,3.8186
2026-09-10,15:29,LTFOODS,11.5744
2026-09-10,15:29,LUMAXIND,6.68
2026-09-10,15:29,LUMAXTECH,33.834
2026-09-10,15:29,LUPIN,-1.9489
2026-09-10,15:29,LUXIND,-0.1261
2026-09-10,15:29,LXCHEM,0.637
2026-09-10,15:29,M&MFIN,-1.6158
2026-09-10,15:29,MACPOWER,93.7235
2026-09-10,15:29,MAGADSUGAR,9.9296
2026-09-10,15:29,MAHABANK,49.6098
2026-09-10,15:29,MAHASTEEL,62.7972
2026-09-10,15:29,MAHLOG,27.461
2026-09-10,15:29,MAHSEAMLES,28.1665
2026-09-10,15:29,MAITHANALL,13.7071
2026-09-10,15:29,MAMATA,-0.6792
2026-09-10,15:29,MANAKCOAT,-3.5443
2026-09-10,15:29,MANAKSTEEL,91.2371
2026-09-10,15:29,MANALIPETC,45.1624
2026-09-10,15:29,MANAPPURAM,15.2412
2026-09-10,15:29,MANGLMCEM,36.131
2026-09-10,15:29,MANINDS,121.5495
2026-09-10,15:29,MANINFRA,1.5309
2026-09-10,15:29,MANKIND,4.5005
2026-09-10,15:29,MANORAMA,56.6609
2026-09-10,15:29,MANYAVAR,-1.1063
2026-09-10,15:29,MARICO,8.1554
2026-09-10,15:29,MARINE,103.9254
2026-09-10,15:29,MARKSANS,81.9985
2026-09-10,15:29,MASFIN,-5.776
2026-09-10,15:29,MATRIMONY,-1.3715
2026-09-10,15:29,MAWANASUG,64.6046
2026-09-10,15:29,MAXESTATES,23.4425
2026-09-10,15:29,MAXHEALTH,-0.9442
2026-09-10,15:29,MAYURUNIQ,57.8942
2026-09-10,15:29,MAZDA,21.8829
2026-09-10,15:29,MAZDOCK,1.0687
2026-09-10,15:29,MBAPL,100.8222
2026-09-10,15:29,MCLOUD,-0.2686
2026-09-10,15:29,MCX,62.21
2026-09-10,15:29,MEDANTA,26.6354
2026-09-10,15:29,MENONBE,192.8072
2026-09-10,15:29,METROPOLIS,27.4581
2026-09-10,15:29,MGL,-1.8632
2026-09-10,15:29,MIDHANI,58.7359
2026-09-10,15:29,MINDACORP,20.8802
2026-09-10,15:29,MMFL,71.5085
2026-09-10,15:29,MMP,79.1917
2026-09-10,15:29,MMTC,14.9427
2026-09-10,15:29,MODIS,10.672
2026-09-10,15:29,MODISONLTD,287.0677
2026-09-10,15:29,MOL,-0.0639
2026-09-10,15:29,MOLDTECH,34.0744
2026-09-10,15:29,MOLDTKPAC,21.6847
2026-09-10,15:29,MONARCH,23.4854
2026-09-10,15:29,MOREPENLAB,198.0352
2026-09-10,15:29,MOSCHIP,5.9677
2026-09-10,15:29,MOTHERSON,39.3086
2026-09-10,15:29,MOTILALOFS,16.9759
2026-09-10,15:29,MPSLTD,34.6152
2026-09-10,15:29,MRPL,26.1795
2026-09-10,15:29,MSPL,-3.83
2026-09-10,15:29,MSTCLTD,59.8851
2026-09-10,15:29,MTARTECH,216.7823
2026-09-10,15:29,MUFIN,21.2953
2026-09-10,15:29,MUKANDLTD,8.633
2026-09-10,15:29,MUKKA,27.4812
2026-09-10,15:29,MUNJALAU,40.52
2026-09-10,15:29,MUNJALSHOW,3.8833
2026-09-10,15:29,MUTHOOTMF,9.2038
2026-09-10,15:29,MVGJL,19.0715
2026-09-10,15:29,NACLIND,0.8664
2026-09-10,15:29,NAHARINDUS,26.1209
2026-09-10,15:29,NAHARPOLY,-4.114
2026-09-10,15:29,NAHARSPING,39.7894
2026-09-10,15:29,NAM-INDIA,29.4163
2026-09-10,15:29,NATIONALUM,33.6974
2026-09-10,15:29,NAUKRI,-5.1511
2026-09-10,15:29,NAVA,-1.794
2026-09-10,15:29,NAVINFLUOR,49.8149
2026-09-10,15:29,NAVKARCORP,-0.435
2026-09-10,15:29,NAZARA,60.8285
2026-09-10,15:29,NELCAST,7.9066
2026-09-10,15:29,NELCO,30.6963
2026-09-10,15:29,NEOGEN,122.2232
2026-09-10,15:29,NEPHROPLUS,61.8475
2026-09-10,15:29,NESTLEIND,12.3794
2026-09-10,15:29,NETWEB,60.6582
2026-09-10,15:29,NEULANDLAB,50.6424
2026-09-10,15:29,NGLFINE,108.69
2026-09-10,15:29,NH,3.9575
2026-09-10,15:29,NHPC,1.7457
2026-09-10,15:29,NIACL,24.1507
2026-09-10,15:29,NIBE,17.1343
2026-09-10,15:29,NIITLTD,8.9761
2026-09-10,15:29,NILKAMAL,48.0684
2026-09-10,15:29,NINSYS,73.6184
2026-09-10,15:29,NITCO,5.4713
2026-09-10,15:29,NITINSPIN,101.9904
2026-09-10,15:29,NIVABUPA,6.4326
2026-09-10,15:29,NLCINDIA,13.8095
2026-09-10,15:29,NMDC,10.5738
2026-09-10,15:29,NOCIL,25.9983
2026-09-10,15:29,NORTHARC,25.773
2026-09-10,15:29,NOVARTIND,199.5744
2026-09-10,15:29,NPST,22.75
2026-09-10,15:29,NRAIL,25.5113
2026-09-10,15:29,NRBBEARING,84.0707
2026-09-10,15:29,NRL,135.3229
2026-09-10,15:29,NSLNISP,10.5343
2026-09-10,15:29,NTPC,5.1805
2026-09-10,15:29,NTPCGREEN,-2.5983
2026-09-10,15:29,NUVAMA,20.3794
2026-09-10,15:29,NYKAA,40.086
2026-09-10,15:29,OAL,74.8417
2026-09-10,15:29,OBEROIRLTY,8.069
2026-09-10,15:29,OCCLLTD,77.0278
2026-09-10,15:29,OFSS,53.0179
2026-09-10,15:29,OIL,25.1219
2026-09-10,15:29,OLAELEC,25.2399
2026-09-10,15:29,OLECTRA,6.4109
2026-09-10,15:29,OMAXE,91.0126
2026-09-10,15:29,ONEPOINT,10.5072
2026-09-10,15:29,ONESOURCE,-5.6596
2026-09-10,15:29,ONGC,2.2716
2026-09-10,15:29,ONIDA,33.5763
2026-09-10,15:29,ONWARDTEC,9.9619
2026-09-10,15:29,OPTIEMUS,10.4257
2026-09-10,15:29,ORBTEXP,26.3394
2026-09-10,15:29,ORCHPHARMA,29.2748
2026-09-10,15:29,ORIENTBELL,55.9425
2026-09-10,15:29,ORIENTCER,15.6877
2026-09-10,15:29,ORIENTELEC,-2.951
2026-09-10,15:29,ORIENTHOT,40.8665
2026-09-10,15:29,ORKLAINDIA,-3.3578
2026-09-10,15:29,PAGEIND,0.1541
2026-09-10,15:29,PAISALO,127.5966
2026-09-10,15:29,PANACEABIO,12.4241
2026-09-10,15:29,PANACHE,50.1302
2026-09-10,15:29,PANAMAPET,79.4016
2026-09-10,15:29,PARACABLES,89.4722
2026-09-10,15:29,PARADEEP,2.9217
2026-09-10,15:29,PARAS,135.1808
2026-09-10,15:29,PARKHOSPS,80.7415
2026-09-10,15:29,PASHUPATI,-1.763
2026-09-10,15:29,PASUPTAC,30.2326
2026-09-10,15:29,PATELRMART,3.5679
2026-09-10,15:29,PAUSHAKLTD,24.2994
2026-09-10,15:29,PAYTM,35.215
2026-09-10,15:29,PCBL,8.1046
2026-09-10,15:29,PDMJEPAPER,4.4522
2026-09-10,15:29,PDSL,0.6068
2026-09-10,15:29,PETRONET,7.4033
2026-09-10,15:29,PFC,5.2977
2026-09-10,15:29,PFOCUS,43.5537
2026-09-10,15:29,PGEL,-4.2995
2026-09-10,15:29,PGHL,-3.9735
2026-09-10,15:29,PGIL,45.6104
2026-09-10,15:29,PHOENIXLTD,5.1168
2026-09-10,15:29,PICCADIL,10.5181
2026-09-10,15:29,PIDILITIND,8.0876
2026-09-10,15:29,PITTIENG,48.9478
2026-09-10,15:29,PIXTRANS,19.2836
2026-09-10,15:29,PNB,-1.7241
2026-09-10,15:29,PNBGILTS,2.644
2026-09-10,15:29,PNBHOUSING,31.5628
2026-09-10,15:29,PNGJL,2.7493
2026-09-10,15:29,POLICYBZR,-1.8753
2026-09-10,15:29,POLYCAB,17.7349
2026-09-10,15:29,POLYMED,-2.7326
2026-09-10,15:29,POLYPLEX,41.8952
2026-09-10,15:29,POONAWALLA,1.2162
2026-09-10,15:29,POWERGRID,5.3499
2026-09-10,15:29,POWERINDIA,71.7786
2026-09-10,15:29,POWERMECH,4.4467
2026-09-10,15:29,PPL,22.1858
2026-09-10,15:29,PPLPHARMA,27.6063
2026-09-10,15:29,PRABHA,34.6934
2026-09-10,15:29,PRAJIND,-3.6551
2026-09-10,15:29,PRAKASH,-2.4202
2026-09-10,15:29,PRECOT,53.0694
2026-09-10,15:29,PRECWIRE,105.9162
2026-09-10,15:29,PREMEXPLN,40.9062
2026-09-10,15:29,PREMIERENE,8.1815
2026-09-10,15:29,PREMIERPOL,120.8584
2026-09-10,15:29,PRESTIGE,-3.5371
2026-09-10,15:29,PRICOLLTD,10.3057
2026-09-10,15:29,PRIMESECU,-3.7391
2026-09-10,15:29,PRIMO,-5.6522
2026-09-10,15:29,PRINCEPIPE,13.4806
2026-09-10,15:29,PRIVISCL,15.4616
2026-09-10,15:29,PROZONER,1.1997
2026-09-10,15:29,PRUDENT,23.2792
2026-09-10,15:29,PSPPROJECT,1.7407
2026-09-10,15:29,PTC,-2.5675
2026-09-10,15:29,PTCIL,32.3695
2026-09-10,15:29,PTL,-2.2034
2026-09-10,15:29,PVP,98.2009
2026-09-10,15:29,PVRINOX,16.9492
2026-09-10,15:29,PWL,-3.1708
2026-09-10,15:29,PYRAMID,-4.6094
2026-09-10,15:29,QPOWER,122.1511
2026-09-10,15:29,QUADFUTURE,72.4916
2026-09-10,15:29,QUESS,72.6216
2026-09-10,15:29,RACLGEAR,56.4421
2026-09-10,15:29,RADHIKAJWE,17.5115
2026-09-10,15:29,RADICO,40.9875
2026-09-10,15:29,RAIN,95.7301
2026-09-10,15:29,RAINBOW,10.2711
2026-09-10,15:29,RAJRATAN,13.5963
2026-09-10,15:29,RAMCOIND,2.2396
2026-09-10,15:29,RAMCOSYS,4.2602
2026-09-10,15:29,RAMRAT,75.7243
2026-09-10,15:29,RANEHOLDIN,33.3542
2026-09-10,15:29,RATEGAIN,31.6993
2026-09-10,15:29,RATNAMANI,21.6077
2026-09-10,15:29,RATNAVEER,94.6481
2026-09-10,15:29,RAYMOND,100.5755
2026-09-10,15:29,RAYMONDREL,21.4543
2026-09-10,15:29,RBA,54.0984
2026-09-10,15:29,RBLBANK,37.5063
2026-09-10,15:29,RBZJEWEL,29.9891
2026-09-10,15:29,REDINGTON,45.6978
2026-09-10,15:29,REFEX,-2.0145
2026-09-10,15:29,REGAAL,17.6156
2026-09-10,15:29,RELIGARE,13.3608
2026-09-10,15:29,RELTD,-3.4672
2026-09-10,15:29,RGL,23.4946
2026-09-10,15:29,RHETAN,3.3115
2026-09-10,15:29,RICOAUTO,5.4715
2026-09-10,15:29,RISHABH,110.109
2026-09-10,15:29,RITCO,9.7197
2026-09-10,15:29,RITES,-5.3265
2026-09-10,15:29,RKFORGE,51.9912
2026-09-10,15:29,RML,93.5169
2026-09-10,15:29,ROLEXRINGS,37.9461
2026-09-10,15:29,ROSSTECH,92.3328
2026-09-10,15:29,RPEL,88.7518
2026-09-10,15:29,RPGLIFE,18.868
2026-09-10,15:29,RPSGVENT,12.5519
2026-09-10,15:29,RPTECH,133.2466
2026-09-10,15:29,RRKABEL,70.3958
2026-09-10,15:29,RSWM,42.8686
2026-09-10,15:29,RUBICON,175.8514
2026-09-10,15:29,RUBYMILLS,100.9464
2026-09-10,15:29,SAATVIKGL,2.2118
2026-09-10,15:29,SAIL,44.3781
2026-09-10,15:29,SAILIFE,81.5185
2026-09-10,15:29,SAKAR,170.5654
2026-09-10,15:29,SALSTEEL,82.8006
2026-09-10,15:29,SAMBHV,44.5669
2026-09-10,15:29,SAMMAANCAP,4.3839
2026-09-10,15:29,SANATHAN,10.4355
2026-09-10,15:29,SANDESH,-4.7925
2026-09-10,15:29,SANDHAR,15.2715
2026-09-10,15:29,SANGAMIND,34.9036
2026-09-10,15:29,SANGHVIMOV,41.4169
2026-09-10,15:29,SANSERA,141.0739
2026-09-10,15:29,SANSTAR,20.0179
2026-09-10,15:29,SAPPHIRE,-0.6957
2026-09-10,15:29,SARDAEN,5.0342
2026-09-10,15:29,SAREGAMA,44.5764
2026-09-10,15:29,SARLAPOLY,19.8226
2026-09-10,15:29,SASKEN,52.7017
2026-09-10,15:29,SATIA,4.2573
2026-09-10,15:29,SATIN,55.3609
2026-09-10,15:29,SBC,68.5374
2026-09-10,15:29,SBCL,152.6124
2026-09-10,15:29,SBFC,-4.7029
2026-09-10,15:29,SBIN,3.2888
2026-09-10,15:29,SCHAEFFLER,3.8726
2026-09-10,15:29,SCHNEIDER,70.761
2026-09-10,15:29,SCI,36.4724
2026-09-10,15:29,SCPL,115.4168
2026-09-10,15:29,SEAMECLTD,74.3607
2026-09-10,15:29,SENCO,12.0756
2026-09-10,15:29,SENORES,82.9561
2026-09-10,15:29,SERVOTECH,0.388
2026-09-10,15:29,SESHAPAPER,5.6604
2026-09-10,15:29,SETL,200.4717
2026-09-10,15:29,SFL,21.9872
2026-09-10,15:29,SGFIN,64.5647
2026-09-10,15:29,SGIL,12.9032
2026-09-10,15:29,SGMART,129.1287
2026-09-10,15:29,SHAILY,42.6187
2026-09-10,15:29,SHALPAINTS,55.6568
2026-09-10,15:29,SHANTIGEAR,53.7785
2026-09-10,15:29,SHANTIGOLD,39.1509
2026-09-10,15:29,SHARDAMOTR,0.59
2026-09-10,15:29,SHAREINDIA,13.081
2026-09-10,15:29,SHILCTECH,7.2578
2026-09-10,15:29,SHILPAMED,193.032
2026-09-10,15:29,SHIVALIK,0.4381
2026-09-10,15:29,SHIVAUM,63.1142
2026-09-10,15:29,SHREEJISPG,114.9186
2026-09-10,15:29,SHREEPUSHK,34.9623
2026-09-10,15:29,SHRINGARMS,0.3797
2026-09-10,15:29,SHRIPISTON,45.4492
2026-09-10,15:29,SHRIRAMFIN,19.3858
2026-09-10,15:29,SHYAMMETL,35.6184
2026-09-10,15:29,SICALLOG,5.0795
2026-09-10,15:29,SIEMENS,28.6402
2026-09-10,15:29,SIGACHI,10.6985
2026-09-10,15:29,SIGMAADV,364.9601
2026-09-10,15:29,SIGNPOST,21.4788
2026-09-10,15:29,SILVERTUC,80.0948
2026-09-10,15:29,SIMPLEXINF,-0.0586
2026-09-10,15:29,SINDHUTRAD,11.6268
2026-09-10,15:29,SIS,28.225
2026-09-10,15:29,SJS,39.9737
2026-09-10,15:29,SJVN,-4.5048
2026-09-10,15:29,SKFINDUS,21.7503
2026-09-10,15:29,SKIPPER,39.1906
2026-09-10,15:29,SKMEGGPROD,20.6913
2026-09-10,15:29,SKYGOLD,159.2257
2026-09-10,15:29,SMARTWORKS,16.4492
2026-09-10,15:29,SMCGLOBAL,1.916
2026-09-10,15:29,SMLMAH,74.1712
2026-09-10,15:29,SMSPHARMA,37.4321
2026-09-10,15:29,SOFTTECH,34.4252
2026-09-10,15:29,SOLARA,23.3432
2026-09-10,15:29,SOLARINDS,90.0272
2026-09-10,15:29,SOMANYCERA,36.9799
2026-09-10,15:29,SONACOMS,65.1763
2026-09-10,15:29,SOTL,91.5899
2026-09-10,15:29,SOUTHBANK,17.7312
2026-09-10,15:29,SOUTHWEST,16.444
2026-09-10,15:29,SPAL,46.7959
2026-09-10,15:29,SPARC,49.412
2026-09-10,15:29,SPECIALITY,28.5922
2026-09-10,15:29,SPECTRUM,141.9805
2026-09-10,15:29,SPLPETRO,30.0589
2026-09-10,15:29,SPMLINFRA,0.5814
2026-09-10,15:29,SPORTKING,148.4231
2026-09-10,15:29,SREEL,70.3625
2026-09-10,15:29,SRHHYPOLTD,0.868
2026-09-10,15:29,SSWL,96.7766
2026-09-10,15:29,STALLION,14.631
2026-09-10,15:29,STAR,36.9185
2026-09-10,15:29,STARHEALTH,24.8646
2026-09-10,15:29,STCINDIA,-2.0074
2026-09-10,15:29,STEELCAS,63.4669
2026-09-10,15:29,STEL,5.0739
2026-09-10,15:29,STLNETWORK,55.6945
2026-09-10,15:29,STLTECH,793.716
2026-09-10,15:29,STOVEKRAFT,46.4012
2026-09-10,15:29,STYL,39.4903
2026-09-10,15:29,STYLAMIND,52.8157
2026-09-10,15:29,STYLEBAAZA,43.471
2026-09-10,15:29,STYRENIX,7.2147
2026-09-10,15:29,SUDARSCHEM,33.7966
2026-09-10,15:29,SUDEEPPHRM,80.0044
2026-09-10,15:29,SUMICHEM,7.5478
2026-09-10,15:29,SUNCLAY,5.4637
2026-09-10,15:29,SUNDARMFIN,-2.19
2026-09-10,15:29,SUNDRMFAST,35.487
2026-09-10,15:29,SUNDROP,-5.6073
2026-09-10,15:29,SUNFLAG,32.974
2026-09-10,15:29,SUNPHARMA,6.5926
2026-09-10,15:29,SUPRAJIT,8.0328
2026-09-10,15:29,SUPREMEIND,5.0615
2026-09-10,15:29,SUPREMEINF,-2.5052
2026-09-10,15:29,SUPRIYA,25.5921
2026-09-10,15:29,SURAKSHA,20.0256
2026-09-10,15:29,SURYODAY,12.7145
2026-09-10,15:29,SUTLEJTEX,23.759
2026-09-10,15:29,SUVEN,115.8846
2026-09-10,15:29,SUYOG,3.8715
2026-09-10,15:29,SVLL,10.66
2026-09-10,15:29,SWANDEF,1009.5462
2026-09-10,15:29,SWARAJENG,-0.4765
2026-09-10,15:29,SWELECTES,-6.0443
2026-09-10,15:29,SYRMA,125.2307
2026-09-10,15:29,TALBROAUTO,51.9711
2026-09-10,15:29,TARIL,2.7827
2026-09-10,15:29,TARSONS,37.6956
2026-09-10,15:29,TASTYBITE,26.7756
2026-09-10,15:29,TATACAP,11.9279
2026-09-10,15:29,TATACOMM,-1.5237
2026-09-10,15:29,TATAPOWER,-2.1203
2026-09-10,15:29,TATASTEEL,11.0992
2026-09-10,15:29,TATATECH,21.1492
2026-09-10,15:29,TATVA,19.2982
2026-09-10,15:29,TBOTEK,1.1619
2026-09-10,15:29,TBZ,211.6064
2026-09-10,15:29,TCPLPACK,32.194
2026-09-10,15:29,TDPOWERSYS,9.3784
2026-09-10,15:29,TECHM,-4.9701
2026-09-10,15:29,TEJASNET,22.8603
2026-09-10,15:29,TENNIND,10.514
2026-09-10,15:29,TEXINFRA,9.7751
2026-09-10,15:29,TEXRAIL,-4.3298
2026-09-10,15:29,TFCILTD,123.2497
2026-09-10,15:29,THANGAMAYL,54.9427
2026-09-10,15:29,THEJO,37.0206
2026-09-10,15:29,THELEELA,34.128
2026-09-10,15:29,THEMISMED,32.2949
2026-09-10,15:29,THERMAX,27.8729
2026-09-10,15:29,THYROCARE,30.2429
2026-09-10,15:29,TI,20.2716
2026-09-10,15:29,TIIL,39.9362
2026-09-10,15:29,TIINDIA,2.7947
2026-09-10,15:29,TIMETECHNO,-0.4041
2026-09-10,15:29,TIMKEN,9.3127
2026-09-10,15:29,TINNARUBR,30.9651
2026-09-10,15:29,TIPSMUSIC,23.4693
2026-09-10,15:29,TIRUPATIFL,123.8882
2026-09-10,15:29,TITAGARH,11.2449
2026-09-10,15:29,TITAN,28.1096
2026-09-10,15:29,TMB,82.0179
2026-09-10,15:29,TMCV,9.525
2026-09-10,15:29,TNPETRO,29.6902
2026-09-10,15:29,TNPL,9.794
2026-09-10,15:29,TORNTPHARM,31.1345
2026-09-10,15:29,TORNTPOWER,3.4805
2026-09-10,15:29,TPLPLASTEH,2.8968
2026-09-10,15:29,TRAVELFOOD,2.1772
2026-09-10,15:29,TRENT,4.9143
2026-09-10,15:29,TRITURBINE,7.2679
2026-09-10,15:29,TRUALT,3.1208
2026-09-10,15:29,TSFINV,-1.8249
2026-09-10,15:29,TTKHLTCARE,9.2976
2026-09-10,15:29,TVSMOTOR,14.7347
2026-09-10,15:29,TVSSCS,23.6481
2026-09-10,15:29,TVSSRICHAK,26.5999
2026-09-10,15:29,UDS,24.3653
2026-09-10,15:29,UEL,92.413
2026-09-10,15:29,UFBL,309.3075
2026-09-10,15:29,UFLEX,43.1064
2026-09-10,15:29,UGARSUGAR,9.8833
2026-09-10,15:29,UJJIVANSFB,24.803
2026-09-10,15:29,ULTRACEMCO,-4.2056
2026-09-10,15:29,UNICHEMLAB,17.7758
2026-09-10,15:29,UNIMECH,72.6507
2026-09-10,15:29,UNIONBANK,16.2504
2026-09-10,15:29,UNIPARTS,83.0347
2026-09-10,15:29,UNITDSPR,0.6326
2026-09-10,15:29,UNITEDPOLY,45.9505
2026-09-10,15:29,UNIVASTU,145.7835
2026-09-10,15:29,UNIVCABLES,87.567
2026-09-10,15:29,UNIVPHOTO,136.8018
2026-09-10,15:29,UNOMINDA,-0.1467
2026-09-10,15:29,URBANCO,33.9956
2026-09-10,15:29,USHAMART,10.7574
2026-09-10,15:29,UTLSOLAR,123.6669
2026-09-10,15:29,UTTAMSUGAR,6.0259
2026-09-10,15:29,V2RETAIL,-0.4518
2026-09-10,15:29,VADILALIND,45.2607
2026-09-10,15:29,VALIANTLAB,83.8809
2026-09-10,15:29,VALIANTORG,45.818
2026-09-10,15:29,VARROC,40.593
2026-09-10,15:29,VEDL,28.4064
2026-09-10,15:29,VENKEYS,20.9996
2026-09-10,15:29,VENUSPIPES,63.7074
2026-09-10,15:29,VENUSREM,117.4152
2026-09-10,15:29,VERANDA,28.2036
2026-09-10,15:29,VGUARD,0.1676
2026-09-10,15:29,VHL,-3.4601
2026-09-10,15:29,VIDHIING,2.6192
2026-09-10,15:29,VIDYAWIRES,69.6633
2026-09-10,15:29,VIJAYA,50.9746
2026-09-10,15:29,VIMTALABS,7.1194
2026-09-10,15:29,VINCOFE,12.5079
2026-09-10,15:29,VINDHYATEL,104.3135
2026-09-10,15:29,VISAKAIND,43.363
2026-09-10,15:29,VISHNU,42.7191
2026-09-10,15:29,VIYASH,24.4029
2026-09-10,15:29,VMART,8.404
2026-09-10,15:29,VOLTAMP,38.6206
2026-09-10,15:29,VRLLOG,8.8784
2026-09-10,15:29,VSSL,34.2236
2026-09-10,15:29,VTL,27.9395
2026-09-10,15:29,WABAG,71.0066
2026-09-10,15:29,WALCHANNAG,5.7662
2026-09-10,15:29,WANBURY,6.6004
2026-09-10,15:29,WELCORP,254.2416
2026-09-10,15:29,WELENT,59.5421
2026-09-10,15:29,WELINV,77.2219
2026-09-10,15:29,WELSPUNLIV,58.1993
2026-09-10,15:29,WENDT,8.085
2026-09-10,15:29,WESTLIFE,7.9946
2026-09-10,15:29,WEWORK,17.3427
2026-09-10,15:29,WHEELS,177.5545
2026-09-10,15:29,WINDLAS,53.2325
2026-09-10,15:29,WINDMACHIN,12.1576
2026-09-10,15:29,WOCKPHARMA,60.9714
2026-09-10,15:29,WONDERLA,-2.1307
2026-09-10,15:29,WSTCSTPAPR,76.994
2026-09-10,15:29,XPROINDIA,30.9499
2026-09-10,15:29,YASHO,175.8621
2026-09-10,15:29,YATHARTH,45.2222
2026-09-10,15:29,YESBANK,4.0112
2026-09-10,15:29,YUKEN,26.6418
2026-09-10,15:29,ZENTEC,30.1815
2026-09-10,15:29,ZIMLAB,94.3447
2026-09-10,15:29,ZYDUSLIFE,22.3444
2026-09-10,15:29,ZYDUSWELL,33.1374
2026-09-11,15:29,20MICRONS,8.0747
2026-09-11,15:29,360ONE,-4.2058
2026-09-11,15:29,3MINDIA,-6.2079
2026-09-11,15:29,5PAISA,5.0676
2026-09-11,15:29,63MOONS,21.2513
2026-09-11,15:29,AADHARHFC,-6.3934
2026-09-11,15:29,AARTIDRUGS,12.3051
2026-09-11,15:29,AARTIIND,33.2342
2026-09-11,15:29,AARTIPHARM,10.688
2026-09-11,15:29,ABB,40.5061
2026-09-11,15:29,ABCAPITAL,13.2779
2026-09-11,15:29,ABDL,1.4842
2026-09-11,15:29,ABSLAMC,45.9051
2026-09-11,15:29,ACE,21.7251
2026-09-11,15:29,ACMESOLAR,72.8761
2026-09-11,15:29,ACUTAAS,105.2593
2026-09-11,15:29,ADANIENSOL,38.9325
2026-09-11,15:29,ADANIENT,36.6682
2026-09-11,15:29,ADANIGREEN,25.5069
2026-09-11,15:29,ADANIPORTS,17.923
2026-09-11,15:29,ADANIPOWER,48.1165
2026-09-11,15:29,ADFFOODS,28.4244
2026-09-11,15:29,ADOR,55.7898
2026-09-11,15:29,ADVANCE,0.9681
2026-09-11,15:29,ADVENZYMES,-4.9409
2026-09-11,15:29,AEGISLOG,83.8506
2026-09-11,15:29,AEGISVOPAK,13.0002
2026-09-11,15:29,AEQUS,49.7184
2026-09-11,15:29,AEROENTER,62.9889
2026-09-11,15:29,AEROFLEX,191.1611
2026-09-11,15:29,AETHER,99.8329
2026-09-11,15:29,AFSL,-0.6328
2026-09-11,15:29,AGARWALEYE,1.4669
2026-09-11,15:29,AGI,5.6814
2026-09-11,15:29,AGIIL,3.3314
2026-09-11,15:29,AHLWEST,81.0685
2026-09-11,15:29,AIAENG,7.6947
2026-09-11,15:29,AIIL,-6.4208
2026-09-11,15:29,AJANTPHARM,34.2171
2026-09-11,15:29,AJAXENGG,-0.6644
2026-09-11,15:29,AKUMS,81.7299
2026-09-11,15:29,ALEMBICLTD,4.4554
2026-09-11,15:29,ALIVUS,53.9777
2026-09-11,15:29,ALKYLAMINE,16.0875
2026-09-11,15:29,ALLDIGI,-4.1188
2026-09-11,15:29,AMANTA,77.0684
2026-09-11,15:29,AMBER,8.4419
2026-09-11,15:29,AMBIKCO,25.619
2026-09-11,15:29,ANANDRATHI,47.2429
2026-09-11,15:29,ANANTRAJ,8.4753
2026-09-11,15:29,ANDHRAPAP,8.1846
2026-09-11,15:29,ANDHRSUGAR,29.1957
2026-09-11,15:29,ANGELONE,21.1231
2026-09-11,15:29,ANTELOPUS,177.1467
2026-09-11,15:29,ANTHEM,38.5816
2026-09-11,15:29,ANUHPHR,21.0721
2026-09-11,15:29,APARINDS,99.8287
2026-09-11,15:29,APCOTEXIND,60.972
2026-09-11,15:29,APEX,28.442
2026-09-11,15:29,APLAPOLLO,18.3177
2026-09-11,15:29,APLLTD,-5.6925
2026-09-11,15:29,APOLLO,77.4532
2026-09-11,15:29,APOLLOHOSP,26.0036
2026-09-11,15:29,APOLLOPIPE,80.8081
2026-09-11,15:29,APTECHT,-7.1286
2026-09-11,15:29,ARFIN,33.9879
2026-09-11,15:29,ARIES,50.4587
2026-09-11,15:29,ARIHANT,3256.3326
2026-09-11,15:29,ARIS,-3.8694
2026-09-11,15:29,ARMANFIN,35.8069
2026-09-11,15:29,ARROWGREEN,54.8866
2026-09-11,15:29,ARTEMISMED,24.8507
2026-09-11,15:29,ARVIND,79.8874
2026-09-11,15:29,ARVSMART,-0.9195
2026-09-11,15:29,ASAHIINDIA,-2.2703
2026-09-11,15:29,ASAL,-4.4036
2026-09-11,15:29,ASHIANA,17.3633
2026-09-11,15:29,ASHOKLEY,-5.6522
2026-09-11,15:29,ASIANENE,83.0967
2026-09-11,15:29,ASIANHOTNR,17.5303
2026-09-11,15:29,ASKAUTOLTD,27.3812
2026-09-11,15:29,ASTEC,-2.623
2026-09-11,15:29,ASTERDM,27.5577
2026-09-11,15:29,ASTRAL,-0.857
2026-09-11,15:29,ASTRAMICRO,85.0372
2026-09-11,15:29,ATGL,4.5802
2026-09-11,15:29,ATHERENERG,135.9142
2026-09-11,15:29,ATL,-4.6573
2026-09-11,15:29,ATLANTAELE,86.4793
2026-09-11,15:29,ATUL,3.9537
2026-09-11,15:29,ATULAUTO,4.1852
2026-09-11,15:29,AUBANK,7.4862
2026-09-11,15:29,AUROPHARMA,37.1153
2026-09-11,15:29,AURUM,24.4971
2026-09-11,15:29,AVADHSUGAR,108.2815
2026-09-11,15:29,AVALON,158.7113
2026-09-11,15:29,AVANTEL,1.8752
2026-09-11,15:29,AVANTIFEED,-6.5254
2026-09-11,15:29,AVL,26.7633
2026-09-11,15:29,AVTNPL,37.3096
2026-09-11,15:29,AXISBANK,1.2514
2026-09-11,15:29,AXISCADES,39.9603
2026-09-11,15:29,AYMSYNTEX,81.4287
2026-09-11,15:29,AZAD,74.8558
2026-09-11,15:29,BAFNAPH,101.3963
2026-09-11,15:29,BAJAJ-AUTO,29.7267
2026-09-11,15:29,BAJAJCON,105.4065
2026-09-11,15:29,BAJAJFINSV,-6.3754
2026-09-11,15:29,BAJAJHIND,13.373
2026-09-11,15:29,BAJAJHLDNG,-0.1256
2026-09-11,15:29,BAJEL,7.0264
2026-09-11,15:29,BAJFINANCE,2.5984
2026-09-11,15:29,BALAMINES,103.8778
2026-09-11,15:29,BALMLAWRIE,-3.2125
2026-09-11,15:29,BALRAMCHIN,57.9801
2026-09-11,15:29,BANARISUG,-2.4515
2026-09-11,15:29,BANDHANBNK,17.6094
2026-09-11,15:29,BANKINDIA,-2.2415
2026-09-11,15:29,BANSALWIRE,-0.8494
2026-09-11,15:29,BASF,-6.0624
2026-09-11,15:29,BAYERCROP,-7.6091
2026-09-11,15:29,BBOX,55.2389
2026-09-11,15:29,BCLIND,7.9596
2026-09-11,15:29,BECTORFOOD,1.0838
2026-09-11,15:29,BEL,2.9273
2026-09-11,15:29,BELRISE,40.4806
2026-09-11,15:29,BEML,17.5439
2026-09-11,15:29,BEPL,48.1721
2026-09-11,15:29,BETA,38.4641
2026-09-11,15:29,BFINVEST,8.9826
2026-09-11,15:29,BHAGCHEM,12.7353
2026-09-11,15:29,BHAGERIA,73.9548
2026-09-11,15:29,BHAGYANGR,215.3358
2026-09-11,15:29,BHARATFORG,35.0719
2026-09-11,15:29,BHARATSE,28.1648
2026-09-11,15:29,BHARATWIRE,-1.1802
2026-09-11,15:29,BHEL,56.301
2026-09-11,15:29,BIL,47.949
2026-09-11,15:29,BIOCON,-1.9822
2026-09-11,15:29,BIRLACABLE,187.4359
2026-09-11,15:29,BIRLANU,-4.3897
2026-09-11,15:29,BLACKBUCK,-0.3806
2026-09-11,15:29,BLISSGVS,316.9752
2026-09-11,15:29,BLKASHYAP,6.6891
2026-09-11,15:29,BLSE,51.1988
2026-09-11,15:29,BLUEJET,7.0111
2026-09-11,15:29,BLUESTONE,74.4758
2026-09-11,15:29,BLUSPRING,100.7328
2026-09-11,15:29,BODALCHEM,225.7132
2026-09-11,15:29,BORANA,7.6791
2026-09-11,15:29,BOROSCI,6.2505
2026-09-11,15:29,BOSCH-HCIL,14.972
2026-09-11,15:29,BOSCHLTD,34.6272
2026-09-11,15:29,BRIGADE,-1.7809
2026-09-11,15:29,BSE,26.0429
2026-09-11,15:29,CAMS,-6.2129
2026-09-11,15:29,CANHLIFE,19.4903
2026-09-11,15:29,CANTABIL,-6.3034
2026-09-11,15:29,CAPITALSFB,2.9401
2026-09-11,15:29,CAPLIPOINT,42.9706
2026-09-11,15:29,CARBORUNIV,25.5708
2026-09-11,15:29,CARERATING,6.333
2026-09-11,15:29,CARTRADE,12.5779
2026-09-11,15:29,CARYSIL,29.7922
2026-09-11,15:29,CASTROLIND,2.8498
2026-09-11,15:29,CCL,11.4548
2026-09-11,15:29,CEIGALL,55.9911
2026-09-11,15:29,CEMPRO,55.4889
2026-09-11,15:29,CENTENKA,28.8808
2026-09-11,15:29,CENTUM,92.5055
2026-09-11,15:29,CERA,5.5939
2026-09-11,15:29,CGCL,47.5155
2026-09-11,15:29,CGPOWER,35.3484
2026-09-11,15:29,CHALET,0.706
2026-09-11,15:29,CHAMBLFERT,-5.9616
2026-09-11,15:29,CHEMBONDCH,63.2628
2026-09-11,15:29,CHEMCON,7.4492
2026-09-11,15:29,CHENNPETRO,77.1483
2026-09-11,15:29,CHEVIOT,14.2884
2026-09-11,15:29,CHOICEIN,-3.1979
2026-09-11,15:29,CHOLAFIN,12.0017
2026-09-11,15:29,CIEINDIA,-4.6106
2026-09-11,15:29,CLEAN,-6.4856
2026-09-11,15:29,CLSEL,14.6115
2026-09-11,15:29,COALINDIA,10.5809
2026-09-11,15:29,COFORGE,0.0596
2026-09-11,15:29,COMSYN,107.2824
2026-09-11,15:29,CONCOR,-0.4189
2026-09-11,15:29,CONCORDBIO,12.7021
2026-09-11,15:29,CONFIPET,159.4359
2026-09-11,15:29,CONSOFINVT,78.1494
2026-09-11,15:29,CORONA,62.7083
2026-09-11,15:29,COSMOFIRST,27.2767
2026-09-11,15:29,CPPLUS,145.3187
2026-09-11,15:29,CRAFTSMAN,65.694
2026-09-11,15:29,CREDITACC,11.2743
2026-09-11,15:29,CRISIL,7.3021
2026-09-11,15:29,CUB,8.7187
2026-09-11,15:29,CUMMINSIND,14.9556
2026-09-11,15:29,CUPID,212.7094
2026-09-11,15:29,CYIENTDLM,114.6944
2026-09-11,15:29,DALMIASUG,40.7589
2026-09-11,15:29,DATAPATTNS,88.9063
2026-09-11,15:29,DBOL,56.7085
2026-09-11,15:29,DCBBANK,34.3283
2026-09-11,15:29,DEEDEV,197.3998
2026-09-11,15:29,DEEPAKFERT,9.595
2026-09-11,15:29,DEEPAKNTR,-4.751
2026-09-11,15:29,DEEPINDS,74.3163
2026-09-11,15:29,DELHIVERY,8.1414
2026-09-11,15:29,DEVYANI,5.4333
2026-09-11,15:29,DHAMPURSUG,31.9487
2026-09-11,15:29,DHANBANK,27.0391
2026-09-11,15:29,DHARMAJ,10.5162
2026-09-11,15:29,DIACABS,162.1652
2026-09-11,15:29,DIAMONDYD,-2.3006
2026-09-11,15:29,DICIND,24.3109
2026-09-11,15:29,DIFFNKG,39.5096
2026-09-11,15:29,DIVGIITTS,102.3327
2026-09-11,15:29,DIVISLAB,43.8913
2026-09-11,15:29,DIXON,1.1833
2026-09-11,15:29,DLF,-6.7564
2026-09-11,15:29,DLINKINDIA,4.6512
2026-09-11,15:29,DMART,-3.4429
2026-09-11,15:29,DMCC,11.54
2026-09-11,15:29,DOLPHIN,59.6556
2026-09-11,15:29,DPABHUSHAN,-6.851
2026-09-11,15:29,DREDGECORP,10.5711
2026-09-11,15:29,DSSL,9.4677
2026-09-11,15:29,DVL,1.6877
2026-09-11,15:29,DWARKESH,20.8536
2026-09-11,15:29,DYCL,36.4849
2026-09-11,15:29,DYNAMATECH,27.1294
2026-09-11,15:29,E2E,195.8268
2026-09-11,15:29,EBGNG,125.6474
2026-09-11,15:29,EDELWEISS,23.9749
2026-09-11,15:29,EICHERMOT,4.337
2026-09-11,15:29,EIEL,2.7229
2026-09-11,15:29,EIFFL,18.4998
2026-09-11,15:29,EIMCOELECO,48.6132
2026-09-11,15:29,ELECTCAST,5.6773
2026-09-11,15:29,ELECTHERM,21.5507
2026-09-11,15:29,ELGIEQUIP,31.258
2026-09-11,15:29,EMAMIPAP,34.6176
2026-09-11,15:29,EMCURE,42.8809
2026-09-11,15:29,EMIL,80.6656
2026-09-11,15:29,EMKAY,-4.4372
2026-09-11,15:29,EMMVEE,86.8654
2026-09-11,15:29,ENDURANCE,-0.1187
2026-09-11,15:29,ENGINERSIN,35.0015
2026-09-11,15:29,ENRIN,15.81
2026-09-11,15:29,ENTERO,88.1634
2026-09-11,15:29,EPL,12.2947
2026-09-11,15:29,EQUITASBNK,24.3836
2026-09-11,15:29,ESABINDIA,-4.4185
2026-09-11,15:29,ESAFSFB,54.0646
2026-09-11,15:29,ETERNAL,13.0921
2026-09-11,15:29,EVEREADY,9.4197
2026-09-11,15:29,EXCELINDUS,4.1576
2026-09-11,15:29,EXICOM,52.1409
2026-09-11,15:29,EXIDEIND,13.5994
2026-09-11,15:29,FAZE3Q,10.2241
2026-09-11,15:29,FCL,140.3998
2026-09-11,15:29,FEDERALBNK,28.6168
2026-09-11,15:29,FEDFINA,12.2495
2026-09-11,15:29,FILATEX,71.8302
2026-09-11,15:29,FINCABLES,80.8828
2026-09-11,15:29,FINEORG,21.1407
2026-09-11,15:29,FIVESTAR,-3.3076
2026-09-11,15:29,FLUOROCHEM,32.1521
2026-09-11,15:29,FMGOETZE,5.2511
2026-09-11,15:29,FORCEMOT,-0.5393
2026-09-11,15:29,FORTIS,-0.348
2026-09-11,15:29,FOSECOIND,24.1134
2026-09-11,15:29,FUSION,18.1982
2026-09-11,15:29,GABRIEL,26.9231
2026-09-11,15:29,GAEL,31.6754
2026-09-11,15:29,GAIL,2.2738
2026-09-11,15:29,GALAPREC,29.8162
2026-09-11,15:29,GALAXYSURF,9.8152
2026-09-11,15:29,GALLANTT,4.8853
2026-09-11,15:29,GANDHAR,87.1012
2026-09-11,15:29,GANDHITUBE,17.6373
2026-09-11,15:29,GANECOS,13.4905
2026-09-11,15:29,GANESHBE,62.9891
2026-09-11,15:29,GANESHHOU,-4.8189
2026-09-11,15:29,GARFIBRES,15.4862
2026-09-11,15:29,GAYAPROJ,215.1332
2026-09-11,15:29,GCSL,70.2664
2026-09-11,15:29,GEECEE,8.4486
2026-09-11,15:29,GEMAROMA,4.774
2026-09-11,15:29,GENUSPOWER,6.9336
2026-09-11,15:29,GEOJITFSL,0.1019
2026-09-11,15:29,GESHIP,29.2158
2026-09-11,15:29,GFLLIMITED,-0.8508
2026-09-11,15:29,GHCLTEXTIL,78.6827
2026-09-11,15:29,GICRE,-4.3919
2026-09-11,15:29,GIPCL,34.5459
2026-09-11,15:29,GLAND,74.8101
2026-09-11,15:29,GLAXO,11.8387
2026-09-11,15:29,GLENMARK,21.4397
2026-09-11,15:29,GLOBAL,36.6387
2026-09-11,15:29,GLOTTIS,-1.5672
2026-09-11,15:29,GMDCLTD,11.3401
2026-09-11,15:29,GMMPFAUDLR,22.7038
2026-09-11,15:29,GMRAIRPORT,-3.4965
2026-09-11,15:29,GNA,77.7455
2026-09-11,15:29,GNFC,15.7559
2026-09-11,15:29,GOCLCORP,50.4686
2026-09-11,15:29,GODREJAGRO,18.3936
2026-09-11,15:29,GODREJIND,13.5201
2026-09-11,15:29,GOKEX,-1.0581
2026-09-11,15:29,GOKULAGRO,19.5928
2026-09-11,15:29,GPIL,3.7784
2026-09-11,15:29,GPTHEALTH,16.6679
2026-09-11,15:29,GPTINFRA,3.9463
2026-09-11,15:29,GRANULES,55.8622
2026-09-11,15:29,GRAPHITE,50.3778
2026-09-11,15:29,GRASIM,16.6898
2026-09-11,15:29,GREAVESCOT,6.6042
2026-09-11,15:29,GREENLAM,-5.3148
2026-09-11,15:29,GREENPLY,17.5815
2026-09-11,15:29,GRINDWELL,19.5891
2026-09-11,15:29,GROWW,24.4732
2026-09-11,15:29,GRPLTD,13.4681
2026-09-11,15:29,GRSE,5.6721
2026-09-11,15:29,GRWRHITECH,106.4579
2026-09-11,15:29,GUFICBIO,21.8052
2026-09-11,15:29,GUJALKALI,39.9226
2026-09-11,15:29,GUJTHEM,4.3709
2026-09-11,15:29,GVPIL,106.1109
2026-09-11,15:29,GVT&D,55.3844
2026-09-11,15:29,HAL,13.9293
2026-09-11,15:29,HAPPYFORGE,101.805
2026-09-11,15:29,HARIOMPIPE,2.1325
2026-09-11,15:29,HARSHA,19.1751
2026-09-11,15:29,HATSUN,24.5448
2026-09-11,15:29,HCC,22.5998
2026-09-11,15:29,HCG,-1.8043
2026-09-11,15:29,HEALTHX,1.4152
2026-09-11,15:29,HEMIPROP,-7.585
2026-09-11,15:29,HESTERBIO,42.8148
2026-09-11,15:29,HEXATRADEX,-3.4694
2026-09-11,15:29,HFCL,264.4573
2026-09-11,15:29,HIKAL,-5.1284
2026-09-11,15:29,HINDALCO,15.1995
2026-09-11,15:29,HINDCOPPER,32.7571
2026-09-11,15:29,HINDOILEXP,20.5467
2026-09-11,15:29,HINDZINC,-2.0892
2026-09-11,15:29,HIRECT,77.4327
2026-09-11,15:29,HITECHCORP,97.3451
2026-09-11,15:29,HMT,33.0254
2026-09-11,15:29,HMVL,9.8886
2026-09-11,15:29,HNDFDS,19.1067
2026-09-11,15:29,HOMEFIRST,3.0179
2026-09-11,15:29,HONASA,74.2741
2026-09-11,15:29,HONAUT,2.3531
2026-09-11,15:29,HSCL,38.9986
2026-09-11,15:29,HTMEDIA,9.1546
2026-09-11,15:29,HUHTAMAKI,21.8157
2026-09-11,15:29,HYUNDAI,-6.1839
2026-09-11,15:29,IBULLSLTD,54.0365
2026-09-11,15:29,ICICIAMC,17.6186
2026-09-11,15:29,ICICIBANK,1.861
2026-09-11,15:29,ICIL,64.5018
2026-09-11,15:29,IDEAFORGE,72.8975
2026-09-11,15:29,IDFCFIRSTB,1.8068
2026-09-11,15:29,IFCI,71.7237
2026-09-11,15:29,IFGLEXPOR,-1.2081
2026-09-11,15:29,IGARASHI,-4.5172
2026-09-11,15:29,IGIL,-0.4592
2026-09-11,15:29,IGPL,37.3807
2026-09-11,15:29,IIFL,6.3762
2026-09-11,15:29,IIFLCAPS,9.3533
2026-09-11,15:29,IKIO,27.5758
2026-09-11,15:29,IKS,2.6539
2026-09-11,15:29,IL&FSENGG,47.6063
2026-09-11,15:29,IMAGICAA,7.52
2026-09-11,15:29,IMPAL,6.9767
2026-09-11,15:29,INDGN,8.784
2026-09-11,15:29,INDHOTEL,-1.7369
2026-09-11,15:29,INDIANB,9.227
2026-09-11,15:29,INDIANHUME,-7.6125
2026-09-11,15:29,INDIGO,-3.5025
2026-09-11,15:29,INDIQUBE,-1.0101
2026-09-11,15:29,INDNIPPON,69.1226
2026-09-11,15:29,INDOAMIN,-0.0394
2026-09-11,15:29,INDOBORAX,78.8205
2026-09-11,15:29,INDOCO,9.7746
2026-09-11,15:29,INDORAMA,79.2375
2026-09-11,15:29,INDOSTAR,-1.4239
2026-09-11,15:29,INDOTECH,125.2061
2026-09-11,15:29,INDSWFTLAB,312.5361
2026-09-11,15:29,INDUSINDBK,15.8044
2026-09-11,15:29,INDUSTOWER,-6.2915
2026-09-11,15:29,INGERRAND,33.9249
2026-09-11,15:29,INNOVACAP,66.4418
2026-09-11,15:29,INOXINDIA,98.3052
2026-09-11,15:29,IOB,-2.7067
2026-09-11,15:29,IOLCP,136.071
2026-09-11,15:29,IONEXCHANG,19.2189
2026-09-11,15:29,IPCALAB,38.1597
2026-09-11,15:29,IRISDOREME,70.7026
2026-09-11,15:29,IRMENERGY,1.0456
2026-09-11,15:29,ISGEC,-2.2955
2026-09-11,15:29,ITDC,23.234
2026-09-11,15:29,IZMO,14.1419
2026-09-11,15:29,J&KBANK,47.5422
2026-09-11,15:29,JAGSNPHARM,16.0851
2026-09-11,15:29,JAIBALAJI,5.3765
2026-09-11,15:29,JAMNAAUTO,7.5933
2026-09-11,15:29,JASH,18.2268
2026-09-11,15:29,JAYAGROGN,20.4866
2026-09-11,15:29,JAYBARMARU,34.3242
2026-09-11,15:29,JAYNECOIND,17.9316
2026-09-11,15:29,JBMA,8.4251
2026-09-11,15:29,JGCHEM,66.5869
2026-09-11,15:29,JINDALPOLY,40.2926
2026-09-11,15:29,JINDALSAW,93.8541
2026-09-11,15:29,JINDALSTEL,12.8854
2026-09-11,15:29,JINDRILL,25.2225
2026-09-11,15:29,JINDWORLD,80.1704
2026-09-11,15:29,JITFINFRA,6.8052
2026-09-11,15:29,JKPAPER,15.2776
2026-09-11,15:29,JNKINDIA,92.0698
2026-09-11,15:29,JPOLYINVST,-6.2618
2026-09-11,15:29,JSFB,23.0009
2026-09-11,15:29,JSL,-5.7467
2026-09-11,15:29,JSWCEMENT,2.5891
2026-09-11,15:29,JSWDULUX,0.181
2026-09-11,15:29,JSWENERGY,10.0784
2026-09-11,15:29,JSWINFRA,23.8362
2026-09-11,15:29,JSWSTEEL,17.173
2026-09-11,15:29,JTLIND,46.2401
2026-09-11,15:29,JUBLCPL,-3.315
2026-09-11,15:29,JUBLINGREA,-7.2545
2026-09-11,15:29,JUBLPHARMA,-5.6941
2026-09-11,15:29,JYOTICNC,3.5643
2026-09-11,15:29,KABRAEXTRU,228.9139
2026-09-11,15:29,KAJARIACER,16.3899
2026-09-11,15:29,KALYANKJIL,23.9868
2026-09-11,15:29,KAMATHOTEL,-4.5673
2026-09-11,15:29,KAMDHENU,73.1178
2026-09-11,15:29,KANORICHEM,116.8755
2026-09-11,15:29,KANPRPLA,36.5114
2026-09-11,15:29,KAPSTON,197.7173
2026-09-11,15:29,KARURVYSYA,32.2556
2026-09-11,15:29,KDDL,68.9619
2026-09-11,15:29,KECL,25.2243
2026-09-11,15:29,KEI,6.8528
2026-09-11,15:29,KENNAMET,68.9604
2026-09-11,15:29,KERNEX,51.7522
2026-09-11,15:29,KICL,2.9094
2026-09-11,15:29,KILITCH,9.7816
2026-09-11,15:29,KIMS,20.28
2026-09-11,15:29,KINGFA,54.3577
2026-09-11,15:29,KIOCL,5.9699
2026-09-11,15:29,KIRIINDUS,-5.5292
2026-09-11,15:29,KIRLFER,0.4644
2026-09-11,15:29,KIRLOSBROS,8.4235
2026-09-11,15:29,KIRLOSENG,74.2127
2026-09-11,15:29,KIRLOSIND,16.6596
2026-09-11,15:29,KKCL,1.0412
2026-09-11,15:29,KMEW,75.7227
2026-09-11,15:29,KOLTEPATIL,11.8981
2026-09-11,15:29,KOPRAN,81.0667
2026-09-11,15:29,KOTAKBANK,-2.9868
2026-09-11,15:29,KOTHARIPET,12.0029
2026-09-11,15:29,KOVAI,175.7111
2026-09-11,15:29,KPIL,24.7133
2026-09-11,15:29,KPRMILL,13.8005
2026-09-11,15:29,KRBL,6.7571
2026-09-11,15:29,KRISHANA,73.2331
2026-09-11,15:29,KRN,116.0228
2026-09-11,15:29,KRONOX,23.2537
2026-09-11,15:29,KROSS,35.6656
2026-09-11,15:29,KRYSTAL,17.4071
2026-09-11,15:29,KSB,4.9527
2026-09-11,15:29,KSL,31.6594
2026-09-11,15:29,KTKBANK,62.2936
2026-09-11,15:29,LALPATHLAB,37.1802
2026-09-11,15:29,LANDMARK,-3.7004
2026-09-11,15:29,LAURUSLABS,88.385
2026-09-11,15:29,LAXMIINDIA,1.4064
2026-09-11,15:29,LENSKART,45.7665
2026-09-11,15:29,LGBBROSLTD,-7.3733
2026-09-11,15:29,LGEINDIA,3.7657
2026-09-11,15:29,LICHSGFIN,5.7188
2026-09-11,15:29,LICI,-5.1408
2026-09-11,15:29,LIKHITHA,18.6369
2026-09-11,15:29,LINCOLN,28.9289
2026-09-11,15:29,LINDEINDIA,5.6225
2026-09-11,15:29,LLOYDSENGG,47.4172
2026-09-11,15:29,LLOYDSENT,-1.51
2026-09-11,15:29,LLOYDSME,38.335
2026-09-11,15:29,LMW,18.4564
2026-09-11,15:29,LODHA,2.4491
2026-09-11,15:29,LOKESHMACH,107.8245
2026-09-11,15:29,LOTUSDEV,35.0739
2026-09-11,15:29,LT,-3.5056
2026-09-11,15:29,LTF,2.9304
2026-09-11,15:29,LTFOODS,9.1566
2026-09-11,15:29,LUMAXIND,4.8974
2026-09-11,15:29,LUMAXTECH,29.2931
2026-09-11,15:29,LUPIN,-1.4489
2026-09-11,15:29,LUXIND,-1.7967
2026-09-11,15:29,LXCHEM,2.3733
2026-09-11,15:29,M&MFIN,-5.4302
2026-09-11,15:29,MACPOWER,84.1619
2026-09-11,15:29,MAGADSUGAR,8.978
2026-09-11,15:29,MAHABANK,46.9202
2026-09-11,15:29,MAHASTEEL,53.9324
2026-09-11,15:29,MAHLOG,26.0752
2026-09-11,15:29,MAHSCOOTER,-7.5189
2026-09-11,15:29,MAHSEAMLES,31.3688
2026-09-11,15:29,MAITHANALL,11.2784
2026-09-11,15:29,MAMATA,-1.1872
2026-09-11,15:29,MANAKCOAT,-3.2154
2026-09-11,15:29,MANAKSTEEL,78.4082
2026-09-11,15:29,MANALIPETC,38.7065
2026-09-11,15:29,MANAPPURAM,12.421
2026-09-11,15:29,MANBA,-5.7891
2026-09-11,15:29,MANGLMCEM,32.3122
2026-09-11,15:29,MANINDS,112.2274
2026-09-11,15:29,MANINFRA,-0.65
2026-09-11,15:29,MANKIND,4.9675
2026-09-11,15:29,MANORAMA,53.2046
2026-09-11,15:29,MANYAVAR,-2.6496
2026-09-11,15:29,MARICO,8.2164
2026-09-11,15:29,MARINE,106.5898
2026-09-11,15:29,MARKSANS,80.1772
2026-09-11,15:29,MASFIN,-6.3301
2026-09-11,15:29,MATRIMONY,-0.4352
2026-09-11,15:29,MAWANASUG,59.6277
2026-09-11,15:29,MAXESTATES,23.706
2026-09-11,15:29,MAXHEALTH,-3.5416
2026-09-11,15:29,MAYURUNIQ,53.8725
2026-09-11,15:29,MAZDA,19.8357
2026-09-11,15:29,MAZDOCK,-2.8735
2026-09-11,15:29,MBAPL,100.3861
2026-09-11,15:29,MCLOUD,-3.1321
2026-09-11,15:29,MCX,58.9211
2026-09-11,15:29,MEDANTA,23.7346
2026-09-11,15:29,MEESHO,-3.1239
2026-09-11,15:29,MENONBE,183.9824
2026-09-11,15:29,METROPOLIS,24.1913
2026-09-11,15:29,MGL,-5.795
2026-09-11,15:29,MIDHANI,50.513
2026-09-11,15:29,MINDACORP,18.2351
2026-09-11,15:29,MMFL,71.9613
2026-09-11,15:29,MMP,90.5332
2026-09-11,15:29,MMTC,12.0521
2026-09-11,15:29,MODIS,7.0122
2026-09-11,15:29,MODISONLTD,272.0509
2026-09-11,15:29,MOL,1.6585
2026-09-11,15:29,MOLDTECH,29.6431
2026-09-11,15:29,MOLDTKPAC,16.9418
2026-09-11,15:29,MONARCH,22.5664
2026-09-11,15:29,MOREPENLAB,183.4272
2026-09-11,15:29,MOSCHIP,4.1349
2026-09-11,15:29,MOTHERSON,35.9316
2026-09-11,15:29,MOTILALOFS,19.2911
2026-09-11,15:29,MPSLTD,30.6275
2026-09-11,15:29,MRPL,18.648
2026-09-11,15:29,MSPL,-6.0321
2026-09-11,15:29,MSTCLTD,57.6751
2026-09-11,15:29,MTARTECH,212.5802
2026-09-11,15:29,MUFIN,16.4636
2026-09-11,15:29,MUKANDLTD,5.9556
2026-09-11,15:29,MUKKA,33.4855
2026-09-11,15:29,MUNJALAU,35.5363
2026-09-11,15:29,MUNJALSHOW,4.1442
2026-09-11,15:29,MUTHOOTMF,8.5165
2026-09-11,15:29,MVGJL,10.4168
2026-09-11,15:29,NACLIND,2.4771
2026-09-11,15:29,NAHARINDUS,23.4478
2026-09-11,15:29,NAHARPOLY,-6.5417
2026-09-11,15:29,NAHARSPING,39.9939
2026-09-11,15:29,NAM-INDIA,33.8961
2026-09-11,15:29,NATIONALUM,29.623
2026-09-11,15:29,NAUKRI,-6.7124
2026-09-11,15:29,NAVA,-4.4664
2026-09-11,15:29,NAVINFLUOR,46.1677
2026-09-11,15:29,NAVKARCORP,-4.2464
2026-09-11,15:29,NAZARA,62.5192
2026-09-11,15:29,NELCAST,5.2754
2026-09-11,15:29,NELCO,28.7024
2026-09-11,15:29,NEOGEN,119.824
2026-09-11,15:29,NEPHROPLUS,70.3996
2026-09-11,15:29,NESTLEIND,11.162
2026-09-11,15:29,NETWEB,54.6341
2026-09-11,15:29,NEULANDLAB,46.6904
2026-09-11,15:29,NGLFINE,107.7885
2026-09-11,15:29,NH,-1.5485
2026-09-11,15:29,NHPC,-0.3002
2026-09-11,15:29,NIACL,27.3854
2026-09-11,15:29,NIBE,13.7686
2026-09-11,15:29,NIITLTD,6.5553
2026-09-11,15:29,NILKAMAL,45.6534
2026-09-11,15:29,NINSYS,74.5977
2026-09-11,15:29,NITCO,2.2254
2026-09-11,15:29,NITINSPIN,102.2837
2026-09-11,15:29,NIVABUPA,5.8395
2026-09-11,15:29,NLCINDIA,10.623
2026-09-11,15:29,NMDC,7.9948
2026-09-11,15:29,NOCIL,22.1893
2026-09-11,15:29,NORTHARC,20.3788
2026-09-11,15:29,NOVARTIND,190.877
2026-09-11,15:29,NPST,19.7855
2026-09-11,15:29,NRAIL,35.4693
2026-09-11,15:29,NRBBEARING,83.8364
2026-09-11,15:29,NRL,129.6117
2026-09-11,15:29,NSLNISP,8.8507
2026-09-11,15:29,NTPC,4.2201
2026-09-11,15:29,NTPCGREEN,-3.3141
2026-09-11,15:29,NUVAMA,21.1605
2026-09-11,15:29,NYKAA,38.3256
2026-09-11,15:29,OAL,78.0194
2026-09-11,15:29,OBEROIRLTY,3.9277
2026-09-11,15:29,OCCLLTD,62.2164
2026-09-11,15:29,OFSS,50.3547
2026-09-11,15:29,OIL,20.9233
2026-09-11,15:29,OLAELEC,12.1001
2026-09-11,15:29,OLECTRA,2.9099
2026-09-11,15:29,OMAXE,88.7063
2026-09-11,15:29,ONEPOINT,4.0406
2026-09-11,15:29,ONESOURCE,-7.2253
2026-09-11,15:29,ONGC,-0.1675
2026-09-11,15:29,ONIDA,28.3606
2026-09-11,15:29,ONWARDTEC,4.9584
2026-09-11,15:29,OPTIEMUS,10.8338
2026-09-11,15:29,ORBTEXP,25.1122
2026-09-11,15:29,ORCHPHARMA,27.4443
2026-09-11,15:29,ORIENTBELL,50.9671
2026-09-11,15:29,ORIENTCER,13.4649
2026-09-11,15:29,ORIENTELEC,-4.7002
2026-09-11,15:29,ORIENTHOT,40.0337
2026-09-11,15:29,ORKLAINDIA,-0.9051
2026-09-11,15:29,PAGEIND,-1.0631
2026-09-11,15:29,PAISALO,136.1368
2026-09-11,15:29,PANACEABIO,11.6681
2026-09-11,15:29,PANACHE,54.0974
2026-09-11,15:29,PANAMAPET,74.2965
2026-09-11,15:29,PARACABLES,83.7157
2026-09-11,15:29,PARADEEP,0.4121
2026-09-11,15:29,PARAS,124.5054
2026-09-11,15:29,PARKHOSPS,80.3215
2026-09-11,15:29,PASHUPATI,-0.7255
2026-09-11,15:29,PASUPTAC,27.6742
2026-09-11,15:29,PATELRMART,1.9812
2026-09-11,15:29,PAUSHAKLTD,22.3237
2026-09-11,15:29,PAYTM,35.2919
2026-09-11,15:29,PCBL,7.7988
2026-09-11,15:29,PDMJEPAPER,1.0237
2026-09-11,15:29,PETRONET,4.8749
2026-09-11,15:29,PFC,4.3549
2026-09-11,15:29,PFOCUS,41.4626
2026-09-11,15:29,PGEL,-6.3574
2026-09-11,15:29,PGHL,-4.4242
2026-09-11,15:29,PHOENIXLTD,3.2054
2026-09-11,15:29,PICCADIL,7.671
2026-09-11,15:29,PIDILITIND,7.447
2026-09-11,15:29,PITTIENG,47.3784
2026-09-11,15:29,PIXTRANS,18.6183
2026-09-11,15:29,PLASTIBLEN,19.0882
2026-09-11,15:29,PNB,-2.5622
2026-09-11,15:29,PNBGILTS,3.0528
2026-09-11,15:29,PNBHOUSING,27.064
2026-09-11,15:29,PNGJL,0.6236
2026-09-11,15:29,POKARNA,-5.3663
2026-09-11,15:29,POLICYBZR,-4.8494
2026-09-11,15:29,POLYCAB,10.781
2026-09-11,15:29,POLYMED,-3.9662
2026-09-11,15:29,POLYPLEX,40.2758
2026-09-11,15:29,POONAWALLA,-0.791
2026-09-11,15:29,POWERGRID,2.1446
2026-09-11,15:29,POWERINDIA,69.4153
2026-09-11,15:29,POWERMECH,4.1912
2026-09-11,15:29,PPL,18.3921
2026-09-11,15:29,PPLPHARMA,23.3944
2026-09-11,15:29,PRABHA,28.8528
2026-09-11,15:29,PRAJIND,-6.1335
2026-09-11,15:29,PRAKASH,-6.5776
2026-09-11,15:29,PRECOT,52.2257
2026-09-11,15:29,PRECWIRE,99.1175
2026-09-11,15:29,PREMEXPLN,35.8414
2026-09-11,15:29,PREMIERENE,10.0107
2026-09-11,15:29,PREMIERPOL,113.0176
2026-09-11,15:29,PRICOLLTD,15.3986
2026-09-11,15:29,PRIMESECU,-1.4278
2026-09-11,15:29,PRIMO,3.6729
2026-09-11,15:29,PRINCEPIPE,7.0024
2026-09-11,15:29,PRIVISCL,15.1438
2026-09-11,15:29,PROZONER,4.4028
2026-09-11,15:29,PRUDENT,25.4633
2026-09-11,15:29,PSPPROJECT,-1.7414
2026-09-11,15:29,PTC,-1.0492
2026-09-11,15:29,PTCIL,35.0903
2026-09-11,15:29,PTL,-3.2721
2026-09-11,15:29,PVP,91.7184
2026-09-11,15:29,PVRINOX,16.6635
2026-09-11,15:29,PWL,2.88
2026-09-11,15:29,PYRAMID,-2.8635
2026-09-11,15:29,QPOWER,105.5624
2026-09-11,15:29,QUADFUTURE,69.6207
2026-09-11,15:29,QUESS,66.4992
2026-09-11,15:29,RACLGEAR,73.5012
2026-09-11,15:29,RADHIKAJWE,15.3612
2026-09-11,15:29,RADICO,36.721
2026-09-11,15:29,RAIN,73.3307
2026-09-11,15:29,RAINBOW,9.6449
2026-09-11,15:29,RAJRATAN,10.2102
2026-09-11,15:29,RAMCOIND,1.4481
2026-09-11,15:29,RAMCOSYS,0.2698
2026-09-11,15:29,RAMRAT,73.8165
2026-09-11,15:29,RANEHOLDIN,32.2367
2026-09-11,15:29,RATEGAIN,33.8898
2026-09-11,15:29,RATNAMANI,22.3891
2026-09-11,15:29,RATNAVEER,80.334
2026-09-11,15:29,RAYMOND,136.0362
2026-09-11,15:29,RAYMONDREL,25.9687
2026-09-11,15:29,RBA,47.5102
2026-09-11,15:29,RBLBANK,37.4022
2026-09-11,15:29,RBZJEWEL,26.4629
2026-09-11,15:29,REDINGTON,44.6363
2026-09-11,15:29,REDTAPE,-5.533
2026-09-11,15:29,REFEX,-0.9774
2026-09-11,15:29,REGAAL,15.0811
2026-09-11,15:29,RELIGARE,9.6963
2026-09-11,15:29,RELTD,-5.6727
2026-09-11,15:29,RENUKA,-2.8516
2026-09-11,15:29,RGL,20.9286
2026-09-11,15:29,RHETAN,-1.7996
2026-09-11,15:29,RICOAUTO,9.4729
2026-09-11,15:29,RISHABH,118.0862
2026-09-11,15:29,RITCO,9.4848
2026-09-11,15:29,RKFORGE,48.8022
2026-09-11,15:29,RML,84.7324
2026-09-11,15:29,ROLEXRINGS,34.6931
2026-09-11,15:29,ROSSTECH,89.0844
2026-09-11,15:29,RPEL,100.6961
2026-09-11,15:29,RPGLIFE,15.1575
2026-09-11,15:29,RPSGVENT,12.5347
2026-09-11,15:29,RPTECH,137.4421
2026-09-11,15:29,RRKABEL,63.0397
2026-09-11,15:29,RSWM,44.8397
2026-09-11,15:29,RUBICON,179.9359
2026-09-11,15:29,RUBYMILLS,105.8438
2026-09-11,15:29,SAATVIKGL,0.2151
2026-09-11,15:29,SAIL,42.165
2026-09-11,15:29,SAILIFE,72.7332
2026-09-11,15:29,SAKAR,172.568
2026-09-11,15:29,SALSTEEL,75.4044
2026-09-11,15:29,SAMBHV,39.9979
2026-09-11,15:29,SAMMAANCAP,1.5512
2026-09-11,15:29,SANATHAN,6.269
2026-09-11,15:29,SANDESH,-5.0445
2026-09-11,15:29,SANDHAR,10.6025
2026-09-11,15:29,SANGAMIND,32.9784
2026-09-11,15:29,SANGHVIMOV,29.5172
2026-09-11,15:29,SANSERA,139.5256
2026-09-11,15:29,SANSTAR,21.4615
2026-09-11,15:29,SAPPHIRE,-2.1245
2026-09-11,15:29,SARDAEN,2.6839
2026-09-11,15:29,SAREGAMA,45.1752
2026-09-11,15:29,SARLAPOLY,17.5188
2026-09-11,15:29,SASKEN,51.1397
2026-09-11,15:29,SATIA,3.9749
2026-09-11,15:29,SATIN,54.2645
2026-09-11,15:29,SBC,70.8982
2026-09-11,15:29,SBCL,146.9893
2026-09-11,15:29,SBFC,-5.2494
2026-09-11,15:29,SBIN,1.571
2026-09-11,15:29,SCHAEFFLER,2.883
2026-09-11,15:29,SCHNEIDER,68.8687
2026-09-11,15:29,SCI,33.8038
2026-09-11,15:29,SCPL,109.9727
2026-09-11,15:29,SEAMECLTD,74.1552
2026-09-11,15:29,SENCO,8.9651
2026-09-11,15:29,SENORES,81.9005
2026-09-11,15:29,SERVOTECH,-2.7925
2026-09-11,15:29,SESHAPAPER,5.1983
2026-09-11,15:29,SETL,218.8381
2026-09-11,15:29,SFL,20.0399
2026-09-11,15:29,SGFIN,62.3863
2026-09-11,15:29,SGIL,11.6411
2026-09-11,15:29,SGMART,114.6798
2026-09-11,15:29,SHAILY,38.5099
2026-09-11,15:29,SHALPAINTS,55.5052
2026-09-11,15:29,SHANTIGEAR,51.6331
2026-09-11,15:29,SHANTIGOLD,33.6768
2026-09-11,15:29,SHARDAMOTR,-1.0329
2026-09-11,15:29,SHAREINDIA,17.4182
2026-09-11,15:29,SHILCTECH,5.9734
2026-09-11,15:29,SHILPAMED,195.9661
2026-09-11,15:29,SHIVALIK,0.5555
2026-09-11,15:29,SHIVAUM,64.4523
2026-09-11,15:29,SHREEJISPG,109.8119
2026-09-11,15:29,SHREEPUSHK,28.8266
2026-09-11,15:29,SHRINGARMS,-1.4336
2026-09-11,15:29,SHRIPISTON,41.6329
2026-09-11,15:29,SHRIRAMFIN,14.0734
2026-09-11,15:29,SHYAMMETL,31.3856
2026-09-11,15:29,SICALLOG,1.0518
2026-09-11,15:29,SIEMENS,27.1693
2026-09-11,15:29,SIGACHI,10.9713
2026-09-11,15:29,SIGMAADV,376.339
2026-09-11,15:29,SIGNPOST,23.7014
2026-09-11,15:29,SILVERTUC,79.4845
2026-09-11,15:29,SIMPLEXINF,-1.8846
2026-09-11,15:29,SINDHUTRAD,13.8586
2026-09-11,15:29,SIS,25.9537
2026-09-11,15:29,SJS,37.5161
2026-09-11,15:29,SKFINDUS,19.946
2026-09-11,15:29,SKIPPER,30.3747
2026-09-11,15:29,SKMEGGPROD,16.3172
2026-09-11,15:29,SKYGOLD,159.2511
2026-09-11,15:29,SMARTWORKS,14.103
2026-09-11,15:29,SMCGLOBAL,2.32
2026-09-11,15:29,SMLMAH,78.8033
2026-09-11,15:29,SMSPHARMA,48.8757
2026-09-11,15:29,SOFTTECH,37.1381
2026-09-11,15:29,SOLARA,30.5594
2026-09-11,15:29,SOLARINDS,87.1379
2026-09-11,15:29,SOMANYCERA,34.6997
2026-09-11,15:29,SONACOMS,58.6151
2026-09-11,15:29,SOTL,100.0978
2026-09-11,15:29,SOUTHBANK,15.3923
2026-09-11,15:29,SOUTHWEST,15.8629
2026-09-11,15:29,SPAL,44.0237
2026-09-11,15:29,SPARC,36.2884
2026-09-11,15:29,SPECIALITY,23.0996
2026-09-11,15:29,SPECTRUM,150.705
2026-09-11,15:29,SPLPETRO,30.5704
2026-09-11,15:29,SPMLINFRA,-1.5149
2026-09-11,15:29,SPORTKING,133.2428
2026-09-11,15:29,SREEL,54.0278
2026-09-11,15:29,SRHHYPOLTD,-1.9927
2026-09-11,15:29,SSWL,91.5108
2026-09-11,15:29,STALLION,15.224
2026-09-11,15:29,STAR,27.138
2026-09-11,15:29,STARHEALTH,20.9197
2026-09-11,15:29,STCINDIA,-4.1702
2026-09-11,15:29,STEELCAS,58.5116
2026-09-11,15:29,STEL,12.2211
2026-09-11,15:29,STLNETWORK,61.3757
2026-09-11,15:29,STLTECH,799.6491
2026-09-11,15:29,STOVEKRAFT,38.6474
2026-09-11,15:29,STYL,39.0774
2026-09-11,15:29,STYLAMIND,53.0988
2026-09-11,15:29,STYLEBAAZA,46.7297
2026-09-11,15:29,STYRENIX,7.3566
2026-09-11,15:29,SUBEXLTD,75.5274
2026-09-11,15:29,SUDARSCHEM,28.6274
2026-09-11,15:29,SUDEEPPHRM,75.0291
2026-09-11,15:29,SUMICHEM,7.6367
2026-09-11,15:29,SUNCLAY,4.8115
2026-09-11,15:29,SUNDARMFIN,-4.4793
2026-09-11,15:29,SUNDRMFAST,35.1423
2026-09-11,15:29,SUNDROP,-6.2788
2026-09-11,15:29,SUNFLAG,29.1459
2026-09-11,15:29,SUNPHARMA,5.4502
2026-09-11,15:29,SUPRAJIT,5.0607
2026-09-11,15:29,SUPREMEIND,-0.1099
2026-09-11,15:29,SUPREMEINF,-4.1263
2026-09-11,15:29,SUPRIYA,22.2132
2026-09-11,15:29,SURAKSHA,18.6115
2026-09-11,15:29,SURYODAY,10.3615
2026-09-11,15:29,SUTLEJTEX,19.2168
2026-09-11,15:29,SUVEN,107.924
2026-09-11,15:29,SUYOG,3.0413
2026-09-11,15:29,SVLL,11.3625
2026-09-11,15:29,SWANDEF,982.5859
2026-09-11,15:29,SWARAJENG,-1.2073
2026-09-11,15:29,SYRMA,117.8018
2026-09-11,15:29,TALBROAUTO,52.3459
2026-09-11,15:29,TANLA,-6.1503
2026-09-11,15:29,TARIL,-1.8541
2026-09-11,15:29,TARSONS,35.1281
2026-09-11,15:29,TASTYBITE,27.0232
2026-09-11,15:29,TATACAP,12.0062
2026-09-11,15:29,TATACOMM,-3.4581
2026-09-11,15:29,TATAPOWER,-4.1782
2026-09-11,15:29,TATASTEEL,8.483
2026-09-11,15:29,TATATECH,16.5011
2026-09-11,15:29,TATVA,14.9071
2026-09-11,15:29,TBOTEK,-1.1245
2026-09-11,15:29,TBZ,227.2399
2026-09-11,15:29,TCPLPACK,31.9899
2026-09-11,15:29,TDPOWERSYS,12.4005
2026-09-11,15:29,TECHM,-4.4341
2026-09-11,15:29,TEJASNET,23.0298
2026-09-11,15:29,TENNIND,5.0192
2026-09-11,15:29,TEXINFRA,11.2909
2026-09-11,15:29,TFCILTD,116.8762
2026-09-11,15:29,THANGAMAYL,53.496
2026-09-11,15:29,THEJO,36.271
2026-09-11,15:29,THELEELA,31.6901
2026-09-11,15:29,THEMISMED,25.1708
2026-09-11,15:29,THERMAX,28.2972
2026-09-11,15:29,THYROCARE,25.8759
2026-09-11,15:29,TI,12.8516
2026-09-11,15:29,TIIL,44.2162
2026-09-11,15:29,TIINDIA,-1.093
2026-09-11,15:29,TIL,-4.8808
2026-09-11,15:29,TIMETECHNO,-1.7551
2026-09-11,15:29,TIMKEN,8.8931
2026-09-11,15:29,TINNARUBR,31.1996
2026-09-11,15:29,TIPSMUSIC,22.4639
2026-09-11,15:29,TIRUPATIFL,115.9325
2026-09-11,15:29,TITAGARH,7.2803
2026-09-11,15:29,TITAN,27.4649
2026-09-11,15:29,TMB,79.0467
2026-09-11,15:29,TMCV,10.194
2026-09-11,15:29,TNPETRO,22.9727
2026-09-11,15:29,TNPL,6.7489
2026-09-11,15:29,TORNTPHARM,30.6607
2026-09-11,15:29,TORNTPOWER,1.4463
2026-09-11,15:29,TPLPLASTEH,1.4669
2026-09-11,15:29,TRAVELFOOD,1.5966
2026-09-11,15:29,TRENT,3.481
2026-09-11,15:29,TRITURBINE,7.8066
2026-09-11,15:29,TRUALT,2.3728
2026-09-11,15:29,TSFINV,-6.7896
2026-09-11,15:29,TTKHLTCARE,6.8289
2026-09-11,15:29,TVSMOTOR,12.5205
2026-09-11,15:29,TVSSCS,22.5834
2026-09-11,15:29,TVSSRICHAK,21.9402
2026-09-11,15:29,UDS,13.0236
2026-09-11,15:29,UEL,112.6582
2026-09-11,15:29,UFBL,297.8877
2026-09-11,15:29,UFLEX,36.7336
2026-09-11,15:29,UGARSUGAR,31.0644
2026-09-11,15:29,UJJIVANSFB,21.2357
2026-09-11,15:29,ULTRACEMCO,-4.3145
2026-09-11,15:29,UNICHEMLAB,19.9867
2026-09-11,15:29,UNIMECH,77.9202
2026-09-11,15:29,UNIONBANK,15.6268
2026-09-11,15:29,UNIPARTS,85.4619
2026-09-11,15:29,UNITDSPR,-0.8317
2026-09-11,15:29,UNITEDPOLY,54.1311
2026-09-11,15:29,UNIVASTU,124.8347
2026-09-11,15:29,UNIVCABLES,74.3269
2026-09-11,15:29,UNIVPHOTO,138.7931
2026-09-11,15:29,UNOMINDA,-5.2216
2026-09-11,15:29,URBANCO,31.3888
2026-09-11,15:29,USHAMART,9.3785
2026-09-11,15:29,UTLSOLAR,129.3587
2026-09-11,15:29,UTTAMSUGAR,6.4311
2026-09-11,15:29,V2RETAIL,-1.9034
2026-09-11,15:29,VADILALIND,39.741
2026-09-11,15:29,VALIANTLAB,89.3
2026-09-11,15:29,VALIANTORG,50.4841
2026-09-11,15:29,VARROC,37.3228
2026-09-11,15:29,VEDL,25.3267
2026-09-11,15:29,VENKEYS,27.1033
2026-09-11,15:29,VENUSPIPES,68.9047
2026-09-11,15:29,VENUSREM,110.7439
2026-09-11,15:29,VERANDA,25.9027
2026-09-11,15:29,VGUARD,-2.1907
2026-09-11,15:29,VHL,-3.6603
2026-09-11,15:29,VIDHIING,-1.6757
2026-09-11,15:29,VIDYAWIRES,68.9318
2026-09-11,15:29,VIJAYA,50.6142
2026-09-11,15:29,VIMTALABS,3.8087
2026-09-11,15:29,VINCOFE,10.952
2026-09-11,15:29,VINDHYATEL,102.0032
2026-09-11,15:29,VISAKAIND,35.5665
2026-09-11,15:29,VISHNU,37.1794
2026-09-11,15:29,VIYASH,22.48
2026-09-11,15:29,VMART,9.6287
2026-09-11,15:29,VOLTAMP,38.9705
2026-09-11,15:29,VRLLOG,7.7354
2026-09-11,15:29,VSSL,34.0698
2026-09-11,15:29,VTL,24.989
2026-09-11,15:29,WABAG,75.7096
2026-09-11,15:29,WALCHANNAG,7.172
2026-09-11,15:29,WANBURY,3.5699
2026-09-11,15:29,WELCORP,244.2572
2026-09-11,15:29,WELENT,53.9154
2026-09-11,15:29,WELINV,57.4451
2026-09-11,15:29,WELSPUNLIV,52.9758
2026-09-11,15:29,WENDT,8.5016
2026-09-11,15:29,WESTLIFE,9.4858
2026-09-11,15:29,WEWORK,15.3019
2026-09-11,15:29,WHEELS,161.8103
2026-09-11,15:29,WINDLAS,45.2038
2026-09-11,15:29,WINDMACHIN,11.5171
2026-09-11,15:29,WOCKPHARMA,54.4469
2026-09-11,15:29,WONDERLA,-2.8984
2026-09-11,15:29,WSTCSTPAPR,75.1227
2026-09-11,15:29,XPROINDIA,33.0353
2026-09-11,15:29,YASHO,191.6289
2026-09-11,15:29,YATHARTH,43.0072
2026-09-11,15:29,YESBANK,8.2028
2026-09-11,15:29,YUKEN,32.4001
2026-09-11,15:29,ZENTEC,26.0962
2026-09-11,15:29,ZIMLAB,96.278
2026-09-11,15:29,ZYDUSLIFE,21.6942
2026-09-11,15:29,ZYDUSWELL,29.5471
2026-09-15,15:29,20MICRONS,3.475
2026-09-15,15:29,360ONE,-9.7297
2026-09-15,15:29,5PAISA,-1.4319
2026-09-15,15:29,63MOONS,13.6169
2026-09-15,15:29,AADHARHFC,-8.2284
2026-09-15,15:29,AARTIDRUGS,10.6971
2026-09-15,15:29,AARTIIND,25.0033
2026-09-15,15:29,AARTIPHARM,1.296
2026-09-15,15:29,ABB,35.2056
2026-09-15,15:29,ABBOTINDIA,-6.7297
2026-09-15,15:29,ABCAPITAL,9.4481
2026-09-15,15:29,ABDL,0.6775
2026-09-15,15:29,ABSLAMC,36.1538
2026-09-15,15:29,ACE,18.5507
2026-09-15,15:29,ACMESOLAR,79.2063
2026-09-15,15:29,ACUTAAS,94.0701
2026-09-15,15:29,ADANIENSOL,33.6938
2026-09-15,15:29,ADANIENT,29.3837
2026-09-15,15:29,ADANIGREEN,22.9428
2026-09-15,15:29,ADANIPORTS,13.5945
2026-09-15,15:29,ADANIPOWER,41.0122
2026-09-15,15:29,ADFFOODS,23.6572
2026-09-15,15:29,ADOR,48.6224
2026-09-15,15:29,ADVANCE,-0.8786
2026-09-15,15:29,ADVENZYMES,-6.6667
2026-09-15,15:29,AEGISLOG,79.5916
2026-09-15,15:29,AEGISVOPAK,17.9688
2026-09-15,15:29,AEQUS,53.1527
2026-09-15,15:29,AEROENTER,36.0126
2026-09-15,15:29,AEROFLEX,157.2993
2026-09-15,15:29,AETHER,83.5691
2026-09-15,15:29,AFSL,-0.253
2026-09-15,15:29,AGARWALEYE,0.4703
2026-09-15,15:29,AGI,0.6215
2026-09-15,15:29,AGIIL,0.1137
2026-09-15,15:29,AHCL,45.2844
2026-09-15,15:29,AHLWEST,83.2459
2026-09-15,15:29,AIAENG,-0.5255
2026-09-15,15:29,AIIL,-8.719
2026-09-15,15:29,AJANTPHARM,29.9763
2026-09-15,15:29,AJAXENGG,-2.8156
2026-09-15,15:29,AKUMS,72.7745
2026-09-15,15:29,ALEMBICLTD,-0.7603
2026-09-15,15:29,ALIVUS,47.7284
2026-09-15,15:29,ALKEM,-8.2326
2026-09-15,15:29,ALKYLAMINE,10.2714
2026-09-15,15:29,ALLDIGI,-3.5527
2026-09-15,15:29,AMANTA,71.9
2026-09-15,15:29,AMBER,4.3375
2026-09-15,15:29,AMBIKCO,25.2259
2026-09-15,15:29,ANANDRATHI,45.6564
2026-09-15,15:29,ANANTRAJ,4.3827
2026-09-15,15:29,ANDHRAPAP,5.4305
2026-09-15,15:29,ANDHRSUGAR,24.4871
2026-09-15,15:29,ANDREWYU,17.6606
2026-09-15,15:29,ANGELONE,15.2386
2026-09-15,15:29,ANTELOPUS,146
2026-09-15,15:29,ANTHEM,38.3594
2026-09-15,15:29,ANUHPHR,15.689
2026-09-15,15:29,APARINDS,86.5735
2026-09-15,15:29,APCOTEXIND,50.3977
2026-09-15,15:29,APEX,25.4851
2026-09-15,15:29,APLAPOLLO,13.7391
2026-09-15,15:29,APLLTD,-3.3968
2026-09-15,15:29,APOLLO,54.7638
2026-09-15,15:29,APOLLOHOSP,23.5327
2026-09-15,15:29,APOLLOPIPE,73.1979
2026-09-15,15:29,APTECHT,-9.8518
2026-09-15,15:29,ARFIN,27.1833
2026-09-15,15:29,ARIES,46.8508
2026-09-15,15:29,ARIHANT,3177.8625
2026-09-15,15:29,ARMANFIN,31.4037
2026-09-15,15:29,ARROWGREEN,63.0152
2026-09-15,15:29,ARTEMISMED,21.9067
2026-09-15,15:29,ARVIND,72.0894
2026-09-15,15:29,ARVSMART,-8.3205
2026-09-15,15:29,ASAHIINDIA,-4.8715
2026-09-15,15:29,ASAL,-8.0012
2026-09-15,15:29,ASHIANA,15.7414
2026-09-15,15:29,ASIANENE,63.687
2026-09-15,15:29,ASIANHOTNR,19.9284
2026-09-15,15:29,ASKAUTOLTD,21.2553
2026-09-15,15:29,ASTEC,-6.5344
2026-09-15,15:29,ASTERDM,24.1209
2026-09-15,15:29,ASTRAL,-2.024
2026-09-15,15:29,ASTRAMICRO,70.4052
2026-09-15,15:29,ATGL,2.0134
2026-09-15,15:29,ATHERENERG,125.2945
2026-09-15,15:29,ATLANTAELE,78.7541
2026-09-15,15:29,ATUL,1.5106
2026-09-15,15:29,ATULAUTO,0.4007
2026-09-15,15:29,AUBANK,4.4238
2026-09-15,15:29,AUROPHARMA,35.5655
2026-09-15,15:29,AURUM,21.5997
2026-09-15,15:29,AVADHSUGAR,94.3759
2026-09-15,15:29,AVALON,142.9117
2026-09-15,15:29,AVANTEL,-9.2109
2026-09-15,15:29,AVANTIFEED,-8.8768
2026-09-15,15:29,AVL,23.1265
2026-09-15,15:29,AVTNPL,30.5282
2026-09-15,15:29,AXISBANK,-0.8352
2026-09-15,15:29,AXISCADES,26.1253
2026-09-15,15:29,AYMSYNTEX,72.9546
2026-09-15,15:29,AZAD,61.9313
2026-09-15,15:29,BAFNAPH,95.5332
2026-09-15,15:29,BAJAJ-AUTO,24.6617
2026-09-15,15:29,BAJAJCON,91.5589
2026-09-15,15:29,BAJAJFINSV,-9.479
2026-09-15,15:29,BAJAJHLDNG,-1.3772
2026-09-15,15:29,BAJEL,-1.568
2026-09-15,15:29,BAJFINANCE,0.1389
2026-09-15,15:29,BALAMINES,88.6321
2026-09-15,15:29,BALKRISIND,-9.0171
2026-09-15,15:29,BALMLAWRIE,-8.4198
2026-09-15,15:29,BALRAMCHIN,53.52
2026-09-15,15:29,BANARISUG,-5.2814
2026-09-15,15:29,BANDHANBNK,15.7616
2026-09-15,15:29,BANKINDIA,-3.5804
2026-09-15,15:29,BANSALWIRE,-3.4494
2026-09-15,15:29,BASF,-9.9779
2026-09-15,15:29,BAYERCROP,-9.6906
2026-09-15,15:29,BBOX,45.2952
2026-09-15,15:29,BCLIND,1.9808
2026-09-15,15:29,BEL,-4.0231
2026-09-15,15:29,BELRISE,43.1296
2026-09-15,15:29,BEML,7.9909
2026-09-15,15:29,BEPL,39.9629
2026-09-15,15:29,BETA,29.9667
2026-09-15,15:29,BFINVEST,3.8884
2026-09-15,15:29,BHAGCHEM,8.6957
2026-09-15,15:29,BHAGERIA,63.7899
2026-09-15,15:29,BHAGYANGR,203.0983
2026-09-15,15:29,BHARATFORG,28.9109
2026-09-15,15:29,BHARATSE,18.3861
2026-09-15,15:29,BHEL,46.4786
2026-09-15,15:29,BIL,37.7228
2026-09-15,15:29,BIOCON,-4.3326
2026-09-15,15:29,BIRLACABLE,178.068
2026-09-15,15:29,BIRLANU,-9.5124
2026-09-15,15:29,BLACKBUCK,-3.9554
2026-09-15,15:29,BLISSGVS,289.7297
2026-09-15,15:29,BLKASHYAP,2.3653
2026-09-15,15:29,BLSE,50.3734
2026-09-15,15:29,BLUEJET,-0.5957
2026-09-15,15:29,BLUESTONE,60.5406
2026-09-15,15:29,BLUSPRING,86.9422
2026-09-15,15:29,BODALCHEM,231.1961
2026-09-15,15:29,BORANA,0.0165
2026-09-15,15:29,BOROSCI,-0.5551
2026-09-15,15:29,BOSCH-HCIL,15.4389
2026-09-15,15:29,BOSCHLTD,30.1715
2026-09-15,15:29,BRIGADE,-6.5738
2026-09-15,15:29,BSE,19.2578
2026-09-15,15:29,CAMS,-5.8843
2026-09-15,15:29,CANHLIFE,13.9233
2026-09-15,15:29,CANTABIL,-8.0684
2026-09-15,15:29,CAPITALSFB,2.2753
2026-09-15,15:29,CAPLIPOINT,31.5693
2026-09-15,15:29,CARBORUNIV,20.9968
2026-09-15,15:29,CARERATING,4.8055
2026-09-15,15:29,CARTRADE,3.9519
2026-09-15,15:29,CARYSIL,24.0286
2026-09-15,15:29,CASTROLIND,2.1094
2026-09-15,15:29,CCL,8.1558
2026-09-15,15:29,CEIGALL,54.9202
2026-09-15,15:29,CEMPRO,46.6173
2026-09-15,15:29,CENTENKA,25.7626
2026-09-15,15:29,CENTUM,73.1618
2026-09-15,15:29,CERA,4.5207
2026-09-15,15:29,CGCL,43.5
2026-09-15,15:29,CGPOWER,27.8593
2026-09-15,15:29,CHALET,-2.3738
2026-09-15,15:29,CHEMBONDCH,61.0108
2026-09-15,15:29,CHEMCON,5.9441
2026-09-15,15:29,CHENNPETRO,64.7599
2026-09-15,15:29,CHEVIOT,6.1385
2026-09-15,15:29,CHOICEIN,-6.3437
2026-09-15,15:29,CHOLAFIN,13.0418
2026-09-15,15:29,CIEINDIA,-5.9915
2026-09-15,15:29,CLEAN,-9.539
2026-09-15,15:29,CLSEL,7.8101
2026-09-15,15:29,COALINDIA,8.5437
2026-09-15,15:29,COFORGE,-4.9874
2026-09-15,15:29,COMSYN,99.1889
2026-09-15,15:29,CONCOR,-4.8584
2026-09-15,15:29,CONCORDBIO,10.8352
2026-09-15,15:29,CONFIPET,138.9012
2026-09-15,15:29,CONSOFINVT,76.8046
2026-09-15,15:29,CORONA,63.7431
2026-09-15,15:29,COSMOFIRST,24.9601
2026-09-15,15:29,CPPLUS,129.1487
2026-09-15,15:29,CRAFTSMAN,57.4103
2026-09-15,15:29,CREDITACC,8.4057
2026-09-15,15:29,CRISIL,6.358
2026-09-15,15:29,CUB,6.4598
2026-09-15,15:29,CUMMINSIND,7.8342
2026-09-15,15:29,CUPID,210.5143
2026-09-15,15:29,CYIENT,-7.1275
2026-09-15,15:29,CYIENTDLM,107.7674
2026-09-15,15:29,DALMIASUG,33.0882
2026-09-15,15:29,DATAPATTNS,66.659
2026-09-15,15:29,DBOL,48.3432
2026-09-15,15:29,DCBBANK,30.0797
2026-09-15,15:29,DEEDEV,171.294
2026-09-15,15:29,DEEPAKFERT,3.9398
2026-09-15,15:29,DEEPAKNTR,-7.0765
2026-09-15,15:29,DEEPINDS,61.1117
2026-09-15,15:29,DELHIVERY,2.7238
2026-09-15,15:29,DEVYANI,-2.19
2026-09-15,15:29,DHAMPURSUG,24.6002
2026-09-15,15:29,DHANBANK,20.705
2026-09-15,15:29,DHARMAJ,9.844
2026-09-15,15:29,DIACABS,169.8844
2026-09-15,15:29,DIAMONDYD,-5.3019
2026-09-15,15:29,DICIND,20.1073
2026-09-15,15:29,DIFFNKG,28.8256
2026-09-15,15:29,DIVGIITTS,90.1676
2026-09-15,15:29,DIVISLAB,41.2578
2026-09-15,15:29,DIXON,2.608
2026-09-15,15:29,DLINKINDIA,-1.1613
2026-09-15,15:29,DMART,-3.6296
2026-09-15,15:29,DMCC,2.3319
2026-09-15,15:29,DOLPHIN,54.387
2026-09-15,15:29,DPABHUSHAN,-8.8959
2026-09-15,15:29,DREDGECORP,3.6929
2026-09-15,15:29,DSSL,5.821
2026-09-15,15:29,DVL,0.4085
2026-09-15,15:29,DWARKESH,12.2411
2026-09-15,15:29,DYCL,24.132
2026-09-15,15:29,DYNAMATECH,22.9539
2026-09-15,15:29,E2E,178.8142
2026-09-15,15:29,EBGNG,116.9467
2026-09-15,15:29,EDELWEISS,17.3869
2026-09-15,15:29,EICHERMOT,2.2081
2026-09-15,15:29,EIEL,-4.1101
2026-09-15,15:29,EIFFL,10.6827
2026-09-15,15:29,EIMCOELECO,42.2987
2026-09-15,15:29,ELECTCAST,-0.093
2026-09-15,15:29,ELECTHERM,14.4699
2026-09-15,15:29,ELGIEQUIP,29.4111
2026-09-15,15:29,EMAMIPAP,29.8701
2026-09-15,15:29,EMCURE,44.5145
2026-09-15,15:29,EMIL,74.6838
2026-09-15,15:29,EMMVEE,74.3711
2026-09-15,15:29,EMUDHRA,-1.035
2026-09-15,15:29,ENDURANCE,-1.5847
2026-09-15,15:29,ENGINERSIN,32.0304
2026-09-15,15:29,ENRIN,15.7539
2026-09-15,15:29,ENTERO,86.052
2026-09-15,15:29,EPL,10.105
2026-09-15,15:29,EQUITASBNK,15.7528
2026-09-15,15:29,ESABINDIA,-7.8882
2026-09-15,15:29,ESAFSFB,46.8173
2026-09-15,15:29,ETERNAL,9.9581
2026-09-15,15:29,EVEREADY,1.4002
2026-09-15,15:29,EXCELINDUS,3.4716
2026-09-15,15:29,EXICOM,40.0782
2026-09-15,15:29,EXIDEIND,11.727
2026-09-15,15:29,FAZE3Q,4.9697
2026-09-15,15:29,FCL,119.739
2026-09-15,15:29,FEDERALBNK,27.4382
2026-09-15,15:29,FEDFINA,3.7721
2026-09-15,15:29,FILATEX,64.853
2026-09-15,15:29,FINCABLES,70.7749
2026-09-15,15:29,FINEORG,19.5597
2026-09-15,15:29,FINPIPE,-9.8045
2026-09-15,15:29,FIVESTAR,-3.3527
2026-09-15,15:29,FLUOROCHEM,27.9739
2026-09-15,15:29,FMGOETZE,-0.8675
2026-09-15,15:29,FORCEMOT,-6.0934
2026-09-15,15:29,FORTIS,-3.7248
2026-09-15,15:29,FOSECOIND,25.0703
2026-09-15,15:29,FUSION,17.2534
2026-09-15,15:29,GABRIEL,22.8045
2026-09-15,15:29,GAEL,29.7686
2026-09-15,15:29,GAIL,-0.4892
2026-09-15,15:29,GALAPREC,23.2652
2026-09-15,15:29,GALAXYSURF,4.3715
2026-09-15,15:29,GALLANTT,3.1048
2026-09-15,15:29,GANDHAR,78.0368
2026-09-15,15:29,GANDHITUBE,12.9815
2026-09-15,15:29,GANECOS,15.5347
2026-09-15,15:29,GANESHBE,54.7531
2026-09-15,15:29,GANESHHOU,-6.9032
2026-09-15,15:29,GARFIBRES,14.4293
2026-09-15,15:29,GAYAPROJ,216.9697
2026-09-15,15:29,GCSL,69.3315
2026-09-15,15:29,GEECEE,4.4919
2026-09-15,15:29,GEMAROMA,-0.3907
2026-09-15,15:29,GENESYS,-3.9786
2026-09-15,15:29,GENUSPOWER,0.8389
2026-09-15,15:29,GEOJITFSL,-1.2902
2026-09-15,15:29,GESHIP,25.0135
2026-09-15,15:29,GFLLIMITED,-5.7719
2026-09-15,15:29,GHCLTEXTIL,62.461
2026-09-15,15:29,GICRE,-9.0738
2026-09-15,15:29,GILLETTE,-9.286
2026-09-15,15:29,GIPCL,22.6695
2026-09-15,15:29,GLAND,71.5954
2026-09-15,15:29,GLAXO,11.7104
2026-09-15,15:29,GLENMARK,16.3625
2026-09-15,15:29,GLOBAL,34.9765
2026-09-15,15:29,GLOSTERLTD,-9.9507
2026-09-15,15:29,GLOTTIS,-2.1224
2026-09-15,15:29,GMBREW,-9.2212
2026-09-15,15:29,GMDCLTD,7.1021
2026-09-15,15:29,GMMPFAUDLR,26.3592
2026-09-15,15:29,GMRAIRPORT,-9.0046
2026-09-15,15:29,GNA,69.4559
2026-09-15,15:29,GNFC,10.6653
2026-09-15,15:29,GOCLCORP,47.0549
2026-09-15,15:29,GODREJAGRO,13.0618
2026-09-15,15:29,GODREJIND,10.8434
2026-09-15,15:29,GOKEX,-5.9769
2026-09-15,15:29,GOKULAGRO,15.0274
2026-09-15,15:29,GOODLUCK,47.7797
2026-09-15,15:29,GPIL,-1.7157
2026-09-15,15:29,GPTHEALTH,15.6944
2026-09-15,15:29,GPTINFRA,3.1484
2026-09-15,15:29,GRANULES,45.2518
2026-09-15,15:29,GRAPHITE,38.4902
2026-09-15,15:29,GRASIM,12.859
2026-09-15,15:29,GREAVESCOT,-1.4067
2026-09-15,15:29,GREENLAM,-8.678
2026-09-15,15:29,GREENPLY,13.4008
2026-09-15,15:29,GRINDWELL,14.8365
2026-09-15,15:29,GROWW,18.937
2026-09-15,15:29,GRPLTD,20.6272
2026-09-15,15:29,GRSE,-2.8101
2026-09-15,15:29,GRWRHITECH,101.179
2026-09-15,15:29,GUFICBIO,23.1282
2026-09-15,15:29,GUJALKALI,37.1683
2026-09-15,15:29,GUJTHEM,5.6708
2026-09-15,15:29,GVPIL,93.2824
2026-09-15,15:29,GVT&D,37.0941
2026-09-15,15:29,HAL,7.0427
2026-09-15,15:29,HAPPYFORGE,91.1269
2026-09-15,15:29,HARIOMPIPE,-2.1567
2026-09-15,15:29,HARSHA,12.5779
2026-09-15,15:29,HATSUN,29.1009
2026-09-15,15:29,HCC,7.2435
2026-09-15,15:29,HCG,-2.2834
2026-09-15,15:29,HDFCAMC,-9.5313
2026-09-15,15:29,HEALTHX,1.3265
2026-09-15,15:29,HEG,27.547
2026-09-15,15:29,HEROMOTOCO,-9.3605
2026-09-15,15:29,HESTERBIO,37.1952
2026-09-15,15:29,HEXATRADEX,-4.2224
2026-09-15,15:29,HFCL,247.1618
2026-09-15,15:29,HINDALCO,10.8901
2026-09-15,15:29,HINDCOPPER,21.9881
2026-09-15,15:29,HINDOILEXP,12.6482
2026-09-15,15:29,HINDZINC,-7.5185
2026-09-15,15:29,HIRECT,66.5147
2026-09-15,15:29,HITECHCORP,90.1531
2026-09-15,15:29,HMT,27.0326
2026-09-15,15:29,HMVL,8.1497
2026-09-15,15:29,HNDFDS,13.76
2026-09-15,15:29,HOMEFIRST,5.5406
2026-09-15,15:29,HONASA,71.3188
2026-09-15,15:29,HONAUT,-0.0149
2026-09-15,15:29,HSCL,31.8812
2026-09-15,15:29,HTMEDIA,1.7718
2026-09-15,15:29,HUHTAMAKI,14.7087
2026-09-15,15:29,HYUNDAI,-7.8063
2026-09-15,15:29,IBULLSLTD,69.9071
2026-09-15,15:29,ICICIAMC,17.433
2026-09-15,15:29,ICICIBANK,-1.3226
2026-09-15,15:29,ICIL,57.6306
2026-09-15,15:29,IDEAFORGE,42.1579
2026-09-15,15:29,IDFCFIRSTB,-0.6444
2026-09-15,15:29,IFCI,55.7377
2026-09-15,15:29,IFGLEXPOR,-3.4415
2026-09-15,15:29,IGARASHI,-0.0343
2026-09-15,15:29,IGIL,-2.5066
2026-09-15,15:29,IGPL,34.095
2026-09-15,15:29,IIFL,2.055
2026-09-15,15:29,IIFLCAPS,1.8
2026-09-15,15:29,IKIO,16.9502
2026-09-15,15:29,IKS,2.4713
2026-09-15,15:29,IL&FSENGG,45.4512
2026-09-15,15:29,IMAGICAA,3.2978
2026-09-15,15:29,IMPAL,4.7832
2026-09-15,15:29,INDGN,6.207
2026-09-15,15:29,INDHOTEL,-3.398
2026-09-15,15:29,INDIAGLYCO,30.8857
2026-09-15,15:29,INDIANB,6.2
2026-09-15,15:29,INDIGO,-7.181
2026-09-15,15:29,INDIQUBE,-2
2026-09-15,15:29,INDNIPPON,60.035
2026-09-15,15:29,INDOAMIN,-4.5444
2026-09-15,15:29,INDOBORAX,77.9769
2026-09-15,15:29,INDOCO,1.6165
2026-09-15,15:29,INDORAMA,68.5871
2026-09-15,15:29,INDOSTAR,-3.9164
2026-09-15,15:29,INDOTECH,113.4092
2026-09-15,15:29,INDSWFTLAB,301.8568
2026-09-15,15:29,INDUSINDBK,11.6885
2026-09-15,15:29,INDUSTOWER,-7.8867
2026-09-15,15:29,INGERRAND,27.3353
2026-09-15,15:29,INNOVACAP,57.9414
2026-09-15,15:29,INOXINDIA,75.4534
2026-09-15,15:29,IOB,-5.0718
2026-09-15,15:29,IOLCP,116.5501
2026-09-15,15:29,IONEXCHANG,14.9089
2026-09-15,15:29,IPCALAB,35.3316
2026-09-15,15:29,IRISDOREME,56.8305
2026-09-15,15:29,IRMENERGY,-5.9467
2026-09-15,15:29,ISGEC,-7.1287
2026-09-15,15:29,ITDC,15.7266
2026-09-15,15:29,IZMO,2.5405
2026-09-15,15:29,J&KBANK,44.5188
2026-09-15,15:29,JAGSNPHARM,13.6595
2026-09-15,15:29,JAIBALAJI,-0.4
2026-09-15,15:29,JAMNAAUTO,1.4543
2026-09-15,15:29,JASH,13.563
2026-09-15,15:29,JAYAGROGN,11.597
2026-09-15,15:29,JAYBARMARU,28.7417
2026-09-15,15:29,JAYNECOIND,13.0773
2026-09-15,15:29,JBMA,5.4939
2026-09-15,15:29,JGCHEM,55.8515
2026-09-15,15:29,JINDALPOLY,50.469
2026-09-15,15:29,JINDALSAW,76.1551
2026-09-15,15:29,JINDALSTEL,9.2705
2026-09-15,15:29,JINDRILL,15.0144
2026-09-15,15:29,JINDWORLD,66.9706
2026-09-15,15:29,JITFINFRA,1.9526
2026-09-15,15:29,JKPAPER,9.3555
2026-09-15,15:29,JLHL,-0.4156
2026-09-15,15:29,JNKINDIA,83.3665
2026-09-15,15:29,JPOLYINVST,-7.8825
2026-09-15,15:29,JSFB,16.6229
2026-09-15,15:29,JSL,-8.7118
2026-09-15,15:29,JSWCEMENT,-1.2754
2026-09-15,15:29,JSWDULUX,-0.5269
2026-09-15,15:29,JSWENERGY,5.439
2026-09-15,15:29,JSWINFRA,16.7503
2026-09-15,15:29,JSWSTEEL,12.266
2026-09-15,15:29,JTLIND,36.4945
2026-09-15,15:29,JUBLPHARMA,-6.3529
2026-09-15,15:29,JYOTICNC,-0.0156
2026-09-15,15:29,KABRAEXTRU,192.7932
2026-09-15,15:29,KAJARIACER,15.7132
2026-09-15,15:29,KALYANKJIL,24.5003
2026-09-15,15:29,KAMDHENU,68.3798
2026-09-15,15:29,KANORICHEM,128.6521
2026-09-15,15:29,KANPRPLA,33.1529
2026-09-15,15:29,KAPSTON,182.7571
2026-09-15,15:29,KARURVYSYA,28.4544
2026-09-15,15:29,KDDL,61.8065
2026-09-15,15:29,KECL,18.9703
2026-09-15,15:29,KEI,1.3148
2026-09-15,15:29,KENNAMET,54.5573
2026-09-15,15:29,KERNEX,39.0797
2026-09-15,15:29,KICL,-2.308
2026-09-15,15:29,KILITCH,8.0989
2026-09-15,15:29,KIMS,19.382
2026-09-15,15:29,KINGFA,34.3263
2026-09-15,15:29,KIOCL,-0.6704
2026-09-15,15:29,KIRIINDUS,-9.2196
2026-09-15,15:29,KIRLFER,-3.8871
2026-09-15,15:29,KIRLOSBROS,5.3659
2026-09-15,15:29,KIRLOSENG,55.6216
2026-09-15,15:29,KIRLOSIND,18.071
2026-09-15,15:29,KIRLPNU,33.7324
2026-09-15,15:29,KKCL,1.4033
2026-09-15,15:29,KMEW,52.8664
2026-09-15,15:29,KOLTEPATIL,7.1419
2026-09-15,15:29,KOPRAN,87.8382
2026-09-15,15:29,KOTAKBANK,-4.6844
2026-09-15,15:29,KOTHARIPET,1.0152
2026-09-15,15:29,KOVAI,158.2098
2026-09-15,15:29,KPIL,18.3198
2026-09-15,15:29,KPRMILL,16.2636
2026-09-15,15:29,KRBL,0.608
2026-09-15,15:29,KRISHANA,64.4548
2026-09-15,15:29,KRN,104.9546
2026-09-15,15:29,KRONOX,17.9778
2026-09-15,15:29,KROSS,15.2997
2026-09-15,15:29,KRYSTAL,17.6539
2026-09-15,15:29,KSB,1.2009
2026-09-15,15:29,KSL,26.0175
2026-09-15,15:29,KTKBANK,51.6439
2026-09-15,15:29,LALPATHLAB,34.6994
2026-09-15,15:29,LANDMARK,-4.0689
2026-09-15,15:29,LAURUSLABS,81.0656
2026-09-15,15:29,LAXMIINDIA,-5.4142
2026-09-15,15:29,LENSKART,46.7509
2026-09-15,15:29,LGBBROSLTD,-8.0197
2026-09-15,15:29,LGEINDIA,4.3879
2026-09-15,15:29,LICHSGFIN,1.5171
2026-09-15,15:29,LICI,-8.6731
2026-09-15,15:29,LIKHITHA,20.2229
2026-09-15,15:29,LINCOLN,23.6483
2026-09-15,15:29,LINDEINDIA,2.8069
2026-09-15,15:29,LLOYDSENGG,37.7636
2026-09-15,15:29,LLOYDSENT,-7.6587
2026-09-15,15:29,LLOYDSME,31.5194
2026-09-15,15:29,LMW,14.4549
2026-09-15,15:29,LODHA,-2.8024
2026-09-15,15:29,LOKESHMACH,100.1084
2026-09-15,15:29,LOTUSDEV,37.7589
2026-09-15,15:29,LT,-5.444
2026-09-15,15:29,LTF,-2.1592
2026-09-15,15:29,LTFOODS,4.143
2026-09-15,15:29,LUMAXIND,0.6985
2026-09-15,15:29,LUMAXTECH,25.6499
2026-09-15,15:29,LUPIN,-2.9676
2026-09-15,15:29,LUXIND,-6.2378
2026-09-15,15:29,LXCHEM,-2.4414
2026-09-15,15:29,MACPOWER,84.2502
2026-09-15,15:29,MAGADSUGAR,2.6241
2026-09-15,15:29,MAHABANK,37.9573
2026-09-15,15:29,MAHASTEEL,48.7162
2026-09-15,15:29,MAHLOG,20.0961
2026-09-15,15:29,MAHSCOOTER,-9.4984
2026-09-15,15:29,MAHSEAMLES,27.4496
2026-09-15,15:29,MAITHANALL,5.3455
2026-09-15,15:29,MAMATA,-6.3842
2026-09-15,15:29,MANAKCOAT,-5.8525
2026-09-15,15:29,MANAKSTEEL,58.4217
2026-09-15,15:29,MANALIPETC,30.9866
2026-09-15,15:29,MANAPPURAM,8.4155
2026-09-15,15:29,MANBA,-4.4264
2026-09-15,15:29,MANGLMCEM,27.4343
2026-09-15,15:29,MANINDS,101.7474
2026-09-15,15:29,MANINFRA,-3.9252
2026-09-15,15:29,MANKIND,4.3086
2026-09-15,15:29,MANORAMA,46.6278
2026-09-15,15:29,MANYAVAR,-4.1039
2026-09-15,15:29,MARICO,7.0342
2026-09-15,15:29,MARINE,74.2358
2026-09-15,15:29,MARKSANS,66.9602
2026-09-15,15:29,MASFIN,-6.6625
2026-09-15,15:29,MATRIMONY,-5.0996
2026-09-15,15:29,MAWANASUG,53.1885
2026-09-15,15:29,MAXESTATES,25.5711
2026-09-15,15:29,MAXHEALTH,-4.4172
2026-09-15,15:29,MAYURUNIQ,49.7739
2026-09-15,15:29,MAZDA,15.8233
2026-09-15,15:29,MBAPL,90.839
2026-09-15,15:29,MBECL,7023.6144
2026-09-15,15:29,MCLOUD,-4.2306
2026-09-15,15:29,MCX,46.6362
2026-09-15,15:29,MEDANTA,21.3919
2026-09-15,15:29,MEESHO,5.3154
2026-09-15,15:29,MENONBE,193.9444
2026-09-15,15:29,METROPOLIS,21.3824
2026-09-15,15:29,MGL,-7.6678
2026-09-15,15:29,MIDHANI,31.3856
2026-09-15,15:29,MINDACORP,12.1768
2026-09-15,15:29,MMFL,63.0423
2026-09-15,15:29,MMP,83.8153
2026-09-15,15:29,MMTC,7.5956
2026-09-15,15:29,MODIS,3.6106
2026-09-15,15:29,MODISONLTD,249.193
2026-09-15,15:29,MOL,-9.3625
2026-09-15,15:29,MOLDTECH,25.9058
2026-09-15,15:29,MOLDTKPAC,10.7695
2026-09-15,15:29,MONARCH,20.1442
2026-09-15,15:29,MOREPENLAB,157.8155
2026-09-15,15:29,MOSCHIP,-3.2824
2026-09-15,15:29,MOTHERSON,30.5838
2026-09-15,15:29,MOTILALOFS,11.5577
2026-09-15,15:29,MPSLTD,27.0703
2026-09-15,15:29,MRPL,12.0433
2026-09-15,15:29,MSPL,-9.7728
2026-09-15,15:29,MSTCLTD,46.8943
2026-09-15,15:29,MTARTECH,182.4902
2026-09-15,15:29,MUFIN,14.9388
2026-09-15,15:29,MUKANDLTD,1.588
2026-09-15,15:29,MUKKA,29.8717
2026-09-15,15:29,MUNJALAU,30.0915
2026-09-15,15:29,MUNJALSHOW,1.9448
2026-09-15,15:29,MUTHOOTMF,4.4018
2026-09-15,15:29,MVGJL,7.5956
2026-09-15,15:29,NACLIND,-7.1703
2026-09-15,15:29,NAHARINDUS,16.8103
2026-09-15,15:29,NAHARPOLY,-7.9951
2026-09-15,15:29,NAHARSPING,33.101
2026-09-15,15:29,NAM-INDIA,27.7036
2026-09-15,15:29,NATIONALUM,20.7544
2026-09-15,15:29,NAUKRI,-6.25
2026-09-15,15:29,NAVA,-6.103
2026-09-15,15:29,NAVINFLUOR,39.8487
2026-09-15,15:29,NAZARA,56.9265
2026-09-15,15:29,NELCAST,-1.7972
2026-09-15,15:29,NELCO,25.066
2026-09-15,15:29,NEOGEN,111.6629
2026-09-15,15:29,NEPHROPLUS,57.901
2026-09-15,15:29,NESTLEIND,8.336
2026-09-15,15:29,NETWEB,40.8382
2026-09-15,15:29,NEULANDLAB,43.5241
2026-09-15,15:29,NGLFINE,97.5061
2026-09-15,15:29,NH,-0.0896
2026-09-15,15:29,NHPC,-2.0986
2026-09-15,15:29,NIACL,20.8119
2026-09-15,15:29,NIBE,7.8767
2026-09-15,15:29,NILKAMAL,44.0431
2026-09-15,15:29,NINSYS,75.191
2026-09-15,15:29,NITCO,-6.327
2026-09-15,15:29,NITINSPIN,99.8912
2026-09-15,15:29,NIVABUPA,7.4914
2026-09-15,15:29,NLCINDIA,8.2836
2026-09-15,15:29,NMDC,2.5217
2026-09-15,15:29,NOCIL,18.048
2026-09-15,15:29,NORTHARC,16.6072
2026-09-15,15:29,NOVARTIND,162.6178
2026-09-15,15:29,NPST,16.8151
2026-09-15,15:29,NRAIL,28.1802
2026-09-15,15:29,NRBBEARING,71.7935
2026-09-15,15:29,NRL,138.9232
2026-09-15,15:29,NSLNISP,2.8791
2026-09-15,15:29,NTPC,2.744
2026-09-15,15:29,NTPCGREEN,-5.2422
2026-09-15,15:29,NUVAMA,16.7962
2026-09-15,15:29,NYKAA,32.5449
2026-09-15,15:29,OAL,69.4974
2026-09-15,15:29,OBEROIRLTY,0.3428
2026-09-15,15:29,OCCLLTD,48.492
2026-09-15,15:29,OFSS,50.1558
2026-09-15,15:29,OIL,19.6059
2026-09-15,15:29,OLAELEC,9.7864
2026-09-15,15:29,OLECTRA,-0.3381
2026-09-15,15:29,OMAXE,76.1528
2026-09-15,15:29,ONEPOINT,1.468
2026-09-15,15:29,ONESOURCE,-6.1378
2026-09-15,15:29,ONGC,0.7558
2026-09-15,15:29,ONIDA,30.4501
2026-09-15,15:29,ONWARDTEC,2.9621
2026-09-15,15:29,OPTIEMUS,17.5459
2026-09-15,15:29,ORBTEXP,21.8843
2026-09-15,15:29,ORCHPHARMA,25.1599
2026-09-15,15:29,ORIENTBELL,45.1487
2026-09-15,15:29,ORIENTCER,6.6175
2026-09-15,15:29,ORIENTELEC,-7.436
2026-09-15,15:29,ORIENTHOT,31.2618
2026-09-15,15:29,ORKLAINDIA,-3.9743
2026-09-15,15:29,PAGEIND,-5.8663
2026-09-15,15:29,PAISALO,138.0107
2026-09-15,15:29,PANACEABIO,5.149
2026-09-15,15:29,PANACHE,59.0021
2026-09-15,15:29,PANAMAPET,60.0106
2026-09-15,15:29,PARACABLES,74.8716
2026-09-15,15:29,PARADEEP,-7.4664
2026-09-15,15:29,PARAS,102.6328
2026-09-15,15:29,PARKHOSPS,86.5851
2026-09-15,15:29,PASHUPATI,-3.6707
2026-09-15,15:29,PASUPTAC,30.2291
2026-09-15,15:29,PATELRMART,-0.9123
2026-09-15,15:29,PAUSHAKLTD,15.945
2026-09-15,15:29,PAYTM,30.1829
2026-09-15,15:29,PCBL,2.0637
2026-09-15,15:29,PDMJEPAPER,0.0103
2026-09-15,15:29,PETRONET,2.7873
2026-09-15,15:29,PFC,0.1747
2026-09-15,15:29,PFOCUS,44.527
2026-09-15,15:29,PGHL,-4.1135
2026-09-15,15:29,PGIL,39.0087
2026-09-15,15:29,PHOENIXLTD,-0.7255
2026-09-15,15:29,PICCADIL,3.7559
2026-09-15,15:29,PIDILITIND,4.2421
2026-09-15,15:29,PITTIENG,32.5883
2026-09-15,15:29,PIXTRANS,19.6027
2026-09-15,15:29,PLASTIBLEN,14.1747
2026-09-15,15:29,PNB,-5.4489
2026-09-15,15:29,PNBGILTS,-5.0529
2026-09-15,15:29,PNBHOUSING,22.2833
2026-09-15,15:29,PNGJL,-1.7036
2026-09-15,15:29,POLICYBZR,-7.7626
2026-09-15,15:29,POLYCAB,7.109
2026-09-15,15:29,POLYMED,-5.3421
2026-09-15,15:29,POLYPLEX,33.244
2026-09-15,15:29,POONAWALLA,-7.6007
2026-09-15,15:29,POWERGRID,-0.8302
2026-09-15,15:29,POWERINDIA,64.5644
2026-09-15,15:29,POWERMECH,0.391
2026-09-15,15:29,PPL,13.6811
2026-09-15,15:29,PPLPHARMA,14.502
2026-09-15,15:29,PRABHA,25.726
2026-09-15,15:29,PRAJIND,-7.9328
2026-09-15,15:29,PRECOT,48.843
2026-09-15,15:29,PRECWIRE,85.1673
2026-09-15,15:29,PREMEXPLN,27.3801
2026-09-15,15:29,PREMIERENE,6.6953
2026-09-15,15:29,PREMIERPOL,100.6861
2026-09-15,15:29,PRICOLLTD,12.1669
2026-09-15,15:29,PRIMESECU,-4.7864
2026-09-15,15:29,PRIMO,-3
2026-09-15,15:29,PRINCEPIPE,3.6407
2026-09-15,15:29,PRIVISCL,5.4751
2026-09-15,15:29,PROZONER,2.0519
2026-09-15,15:29,PRUDENT,23.1909
2026-09-15,15:29,PSPPROJECT,-9.876
2026-09-15,15:29,PTC,-3.4218
2026-09-15,15:29,PTCIL,26.8413
2026-09-15,15:29,PTL,-2.852
2026-09-15,15:29,PVP,83.1648
2026-09-15,15:29,PVRINOX,16.7081
2026-09-15,15:29,PWL,-4.7022
2026-09-15,15:29,PYRAMID,-4.8099
2026-09-15,15:29,QPOWER,82.2363
2026-09-15,15:29,QUADFUTURE,43.161
2026-09-15,15:29,QUESS,61.1779
2026-09-15,15:29,RACLGEAR,68.413
2026-09-15,15:29,RADHIKAJWE,2.5408
2026-09-15,15:29,RADICO,33.2967
2026-09-15,15:29,RAIN,59.4198
2026-09-15,15:29,RAINBOW,6.9684
2026-09-15,15:29,RAJRATAN,3.6871
2026-09-15,15:29,RAJRILTD,-9.456
2026-09-15,15:29,RAMCOIND,0.5051
2026-09-15,15:29,RAMCOSYS,-5.8687
2026-09-15,15:29,RAMRAT,64.3201
2026-09-15,15:29,RANEHOLDIN,28.5527
2026-09-15,15:29,RATEGAIN,33.4422
2026-09-15,15:29,RATNAMANI,15.6646
2026-09-15,15:29,RATNAVEER,73.6107
2026-09-15,15:29,RAYMOND,130.6508
2026-09-15,15:29,RAYMONDREL,19.8563
2026-09-15,15:29,RBA,47.0961
2026-09-15,15:29,RBLBANK,33.1574
2026-09-15,15:29,RBZJEWEL,16.8053
2026-09-15,15:29,REDINGTON,37.8752
2026-09-15,15:29,REDTAPE,-2.5713
2026-09-15,15:29,REFEX,-4.1982
2026-09-15,15:29,REGAAL,8.4183
2026-09-15,15:29,RELIGARE,1.5298
2026-09-15,15:29,RENUKA,-9.41
2026-09-15,15:29,RGL,18.663
2026-09-15,15:29,RHETAN,-6.593
2026-09-15,15:29,RICOAUTO,0.4061
2026-09-15,15:29,RISHABH,103.2595
2026-09-15,15:29,RITCO,4.614
2026-09-15,15:29,RKFORGE,35.3259
2026-09-15,15:29,RML,77.0085
2026-09-15,15:29,ROLEXRINGS,28.6575
2026-09-15,15:29,ROSSTECH,96.0493
2026-09-15,15:29,RPEL,68.9296
2026-09-15,15:29,RPGLIFE,16.5317
2026-09-15,15:29,RPSGVENT,11.1059
2026-09-15,15:29,RPTECH,134.1703
2026-09-15,15:29,RRKABEL,55.3664
2026-09-15,15:29,RSWM,39.0689
2026-09-15,15:29,RUBICON,164.1257
2026-09-15,15:29,RUBYMILLS,93.9274
2026-09-15,15:29,SAATVIKGL,-1.8642
2026-09-15,15:29,SAIL,33.0155
2026-09-15,15:29,SAILIFE,69.0705
2026-09-15,15:29,SAKAR,169.4339
2026-09-15,15:29,SALSTEEL,70.0239
2026-09-15,15:29,SAMBHV,36.307
2026-09-15,15:29,SAMMAANCAP,0.0775
2026-09-15,15:29,SANATHAN,2.2267
2026-09-15,15:29,SANDESH,-6.1014
2026-09-15,15:29,SANDHAR,9.147
2026-09-15,15:29,SANGAMIND,30.6653
2026-09-15,15:29,SANGHVIMOV,15.7394
2026-09-15,15:29,SANSERA,124.9158
2026-09-15,15:29,SANSTAR,21.9018
2026-09-15,15:29,SAPPHIRE,-7.5961
2026-09-15,15:29,SARDAEN,-1.946
2026-09-15,15:29,SAREGAMA,39.652
2026-09-15,15:29,SARLAPOLY,11.8048
2026-09-15,15:29,SASKEN,31.2852
2026-09-15,15:29,SATIA,1.2483
2026-09-15,15:29,SATIN,52.6462
2026-09-15,15:29,SBC,69.3154
2026-09-15,15:29,SBCL,130.1636
2026-09-15,15:29,SBFC,-9.5325
2026-09-15,15:29,SBIN,-0.6466
2026-09-15,15:29,SCHAEFFLER,0.3716
2026-09-15,15:29,SCHNEIDER,60.7085
2026-09-15,15:29,SCI,25.5307
2026-09-15,15:29,SCPL,100.3875
2026-09-15,15:29,SEAMECLTD,66.5372
2026-09-15,15:29,SENCO,5.9194
2026-09-15,15:29,SENORES,72.4743
2026-09-15,15:29,SERVOTECH,-8.9819
2026-09-15,15:29,SESHAPAPER,0.2974
2026-09-15,15:29,SETL,198.1298
2026-09-15,15:29,SFL,14.2405
2026-09-15,15:29,SGFIN,52.0952
2026-09-15,15:29,SGIL,11.396
2026-09-15,15:29,SGMART,105.8438
2026-09-15,15:29,SHAILY,32.4315
2026-09-15,15:29,SHALPAINTS,41.8488
2026-09-15,15:29,SHANTIGEAR,44.2757
2026-09-15,15:29,SHANTIGOLD,26.6101
2026-09-15,15:29,SHARDAMOTR,-3.8238
2026-09-15,15:29,SHAREINDIA,14.8314
2026-09-15,15:29,SHILCTECH,3.0056
2026-09-15,15:29,SHILPAMED,175.9988
2026-09-15,15:29,SHIVALIK,-5.4375
2026-09-15,15:29,SHIVAUM,64.9412
2026-09-15,15:29,SHOPERSTOP,-7.8826
2026-09-15,15:29,SHREEJISPG,108.9188
2026-09-15,15:29,SHREEPUSHK,27.8883
2026-09-15,15:29,SHRINGARMS,-7.1777
2026-09-15,15:29,SHRIPISTON,34.6286
2026-09-15,15:29,SHRIRAMFIN,4.8083
2026-09-15,15:29,SHYAMMETL,28.8641
2026-09-15,15:29,SICALLOG,1.1246
2026-09-15,15:29,SIEMENS,20.0637
2026-09-15,15:29,SIGACHI,-7.8116
2026-09-15,15:29,SIGMAADV,333.0754
2026-09-15,15:29,SIGNPOST,18.5071
2026-09-15,15:29,SILVERTUC,71.7466
2026-09-15,15:29,SIMPLEXINF,-5.1552
2026-09-15,15:29,SINDHUTRAD,11.7284
2026-09-15,15:29,SIS,24.5572
2026-09-15,15:29,SJS,34.1594
2026-09-15,15:29,SKFINDUS,18.208
2026-09-15,15:29,SKIPPER,25.3432
2026-09-15,15:29,SKMEGGPROD,7.386
2026-09-15,15:29,SKYGOLD,137.5922
2026-09-15,15:29,SMARTWORKS,11.0707
2026-09-15,15:29,SMCGLOBAL,-4.953
2026-09-15,15:29,SMLMAH,61.8781
2026-09-15,15:29,SMSPHARMA,30.7459
2026-09-15,15:29,SOFTTECH,43.3595
2026-09-15,15:29,SOLARA,24.9324
2026-09-15,15:29,SOLARINDS,52.5357
2026-09-15,15:29,SOMANYCERA,31.5186
2026-09-15,15:29,SONACOMS,60.0973
2026-09-15,15:29,SOTL,86.178
2026-09-15,15:29,SOUTHBANK,13.0085
2026-09-15,15:29,SOUTHWEST,13.1575
2026-09-15,15:29,SPAL,37.3871
2026-09-15,15:29,SPARC,34.5067
2026-09-15,15:29,SPECIALITY,20.6117
2026-09-15,15:29,SPECTRUM,157.3468
2026-09-15,15:29,SPLPETRO,22.2093
2026-09-15,15:29,SPMLINFRA,-6.6131
2026-09-15,15:29,SPORTKING,120.8416
2026-09-15,15:29,SREEL,45.9167
2026-09-15,15:29,SRHHYPOLTD,-7.426
2026-09-15,15:29,SSWL,77.9247
2026-09-15,15:29,STALLION,5.6209
2026-09-15,15:29,STAR,20.7345
2026-09-15,15:29,STARHEALTH,17.2212
2026-09-15,15:29,STEELCAS,50.614
2026-09-15,15:29,STEL,9.989
2026-09-15,15:29,STLNETWORK,61.8095
2026-09-15,15:29,STLTECH,701.9471
2026-09-15,15:29,STOVEKRAFT,34.8923
2026-09-15,15:29,STYL,28.7578
2026-09-15,15:29,STYLAMIND,45.5013
2026-09-15,15:29,STYLEBAAZA,43.5579
2026-09-15,15:29,STYRENIX,1.5019
2026-09-15,15:29,SUBEXLTD,71.046
2026-09-15,15:29,SUDARSCHEM,20.3173
2026-09-15,15:29,SUDEEPPHRM,71.9898
2026-09-15,15:29,SUMICHEM,-0.6703
2026-09-15,15:29,SUNCLAY,0.5145
2026-09-15,15:29,SUNDARMFIN,-4.4897
2026-09-15,15:29,SUNDRMFAST,31.5297
2026-09-15,15:29,SUNDROP,-8.6346
2026-09-15,15:29,SUNFLAG,23.7358
2026-09-15,15:29,SUNPHARMA,3.684
2026-09-15,15:29,SUPRAJIT,0.7239
2026-09-15,15:29,SUPREMEIND,-1.2774
2026-09-15,15:29,SUPREMEINF,-6.9608
2026-09-15,15:29,SUPRIYA,16.8392
2026-09-15,15:29,SURAKSHA,17.2595
2026-09-15,15:29,SURYODAY,7.9061
2026-09-15,15:29,SUTLEJTEX,15.4055
2026-09-15,15:29,SUVEN,94.2616
2026-09-15,15:29,SUYOG,2.7049
2026-09-15,15:29,SVLL,10.2448
2026-09-15,15:29,SWANDEF,901.8142
2026-09-15,15:29,SWARAJENG,-1.0864
2026-09-15,15:29,SYRMA,107.7294
2026-09-15,15:29,TALBROAUTO,48.9745
2026-09-15,15:29,TANLA,-9.0311
2026-09-15,15:29,TARIL,-6.7282
2026-09-15,15:29,TARSONS,28.5678
2026-09-15,15:29,TASTYBITE,24.4609
2026-09-15,15:29,TATACAP,7.0758
2026-09-15,15:29,TATACHEM,-4.3722
2026-09-15,15:29,TATACOMM,-2.7643
2026-09-15,15:29,TATAINVEST,-0.1251
2026-09-15,15:29,TATAPOWER,-4.6744
2026-09-15,15:29,TATASTEEL,8.5274
2026-09-15,15:29,TATATECH,14.4558
2026-09-15,15:29,TATVA,12.8592
2026-09-15,15:29,TBOTEK,-2.0523
2026-09-15,15:29,TBZ,221.2361
2026-09-15,15:29,TCPLPACK,27.0203
2026-09-15,15:29,TDPOWERSYS,95.2894
2026-09-15,15:29,TECHM,-4.2995
2026-09-15,15:29,TEJASNET,15.0028
2026-09-15,15:29,TENNIND,7.3013
2026-09-15,15:29,TEXINFRA,11.1577
2026-09-15,15:29,TFCILTD,113.8347
2026-09-15,15:29,THANGAMAYL,43.5124
2026-09-15,15:29,THEJO,33.5626
2026-09-15,15:29,THELEELA,26.3941
2026-09-15,15:29,THEMISMED,18.6628
2026-09-15,15:29,THERMAX,23.7191
2026-09-15,15:29,THYROCARE,20.1611
2026-09-15,15:29,TI,9.1463
2026-09-15,15:29,TIIL,38.4153
2026-09-15,15:29,TIINDIA,-2.7986
2026-09-15,15:29,TIL,-8.4238
2026-09-15,15:29,TIMETECHNO,-4.8621
2026-09-15,15:29,TIMKEN,2.2785
2026-09-15,15:29,TINNARUBR,21.6361
2026-09-15,15:29,TIPSMUSIC,22.4731
2026-09-15,15:29,TIRUPATIFL,111.6121
2026-09-15,15:29,TITAGARH,-0.6185
2026-09-15,15:29,TITAN,23.443
2026-09-15,15:29,TMB,71.5768
2026-09-15,15:29,TMCV,3.7527
2026-09-15,15:29,TNPETRO,18.2263
2026-09-15,15:29,TNPL,5.643
2026-09-15,15:29,TORNTPHARM,27.0964
2026-09-15,15:29,TORNTPOWER,1.0565
2026-09-15,15:29,TPLPLASTEH,-3.318
2026-09-15,15:29,TRAVELFOOD,0.979
2026-09-15,15:29,TRENT,-2.6575
2026-09-15,15:29,TRITURBINE,1.9575
2026-09-15,15:29,TRIVENI,2.4357
2026-09-15,15:29,TRUALT,1.7173
2026-09-15,15:29,TSFINV,-7.2259
2026-09-15,15:29,TTKHLTCARE,2.9409
2026-09-15,15:29,TVSMOTOR,9.1762
2026-09-15,15:29,TVSSCS,18.542
2026-09-15,15:29,TVSSRICHAK,19.3978
2026-09-15,15:29,UDS,5.7535
2026-09-15,15:29,UEL,133.2179
2026-09-15,15:29,UFBL,285.6835
2026-09-15,15:29,UFLEX,30.9387
2026-09-15,15:29,UGARSUGAR,29.6152
2026-09-15,15:29,UJJIVANSFB,18.1667
2026-09-15,15:29,ULTRACEMCO,-7.2407
2026-09-15,15:29,UNICHEMLAB,15.2676
2026-09-15,15:29,UNIMECH,64.3082
2026-09-15,15:29,UNIONBANK,14.5288
2026-09-15,15:29,UNIPARTS,72.5877
2026-09-15,15:29,UNITDSPR,-3.9321
2026-09-15,15:29,UNITEDPOLY,60.2324
2026-09-15,15:29,UNIVASTU,116.2279
2026-09-15,15:29,UNIVCABLES,58.6678
2026-09-15,15:29,UNIVPHOTO,144.9751
2026-09-15,15:29,URBANCO,26.6976
2026-09-15,15:29,USHAMART,6.2618
2026-09-15,15:29,UTLSOLAR,114.0321
2026-09-15,15:29,UTTAMSUGAR,-4.4241
2026-09-15,15:29,V2RETAIL,-8.6044
2026-09-15,15:29,VADILALIND,40.4993
2026-09-15,15:29,VALIANTLAB,74.4878
2026-09-15,15:29,VALIANTORG,45.8044
2026-09-15,15:29,VARROC,31.581
2026-09-15,15:29,VEDL,21.2951
2026-09-15,15:29,VENKEYS,19.8908
2026-09-15,15:29,VENUSPIPES,62.6812
2026-09-15,15:29,VENUSREM,91.9156
2026-09-15,15:29,VERANDA,13.7586
2026-09-15,15:29,VGUARD,-3.7092
2026-09-15,15:29,VHL,-4.8538
2026-09-15,15:29,VIDHIING,-5.3012
2026-09-15,15:29,VIDYAWIRES,62.4738
2026-09-15,15:29,VIJAYA,44.0028
2026-09-15,15:29,VIMTALABS,-0.4605
2026-09-15,15:29,VINCOFE,6.8454
2026-09-15,15:29,VINDHYATEL,84.8136
2026-09-15,15:29,VISAKAIND,32.0448
2026-09-15,15:29,VISHNU,28.7937
2026-09-15,15:29,VIYASH,13.0857
2026-09-15,15:29,VMART,6.3413
2026-09-15,15:29,VOLTAMP,33.5266
2026-09-15,15:29,VRLLOG,5.3883
2026-09-15,15:29,VSSL,33.3448
2026-09-15,15:29,VTL,21.7585
2026-09-15,15:29,WABAG,63.5487
2026-09-15,15:29,WALCHANNAG,0.8267
2026-09-15,15:29,WANBURY,-4.2284
2026-09-15,15:29,WELCORP,200.5729
2026-09-15,15:29,WELENT,40.9651
2026-09-15,15:29,WELINV,62.7458
2026-09-15,15:29,WELSPUNLIV,47.8334
2026-09-15,15:29,WENDT,5.4702
2026-09-15,15:29,WESTLIFE,5.7727
2026-09-15,15:29,WEWORK,15.7899
2026-09-15,15:29,WHEELS,149.6307
2026-09-15,15:29,WINDLAS,39.1032
2026-09-15,15:29,WINDMACHIN,10.7551
2026-09-15,15:29,WOCKPHARMA,42.8937
2026-09-15,15:29,WONDERLA,-3.0817
2026-09-15,15:29,WSTCSTPAPR,71.6314
2026-09-15,15:29,XPROINDIA,28.4643
2026-09-15,15:29,YASHO,169.1012
2026-09-15,15:29,YATHARTH,41.124
2026-09-15,15:29,YESBANK,5.9229
2026-09-15,15:29,YUKEN,29.8235
2026-09-15,15:29,ZENTEC,17.5176
2026-09-15,15:29,ZIMLAB,87.4176
2026-09-15,15:29,ZYDUSLIFE,19.6907
2026-09-15,15:29,ZYDUSWELL,27.643
2026-09-21,15:29,20MICRONS,-0.2538
2026-09-21,15:29,3IINFOLTD,53.6893
2026-09-21,15:29,3MINDIA,1.1948
2026-09-21,15:29,5PAISA,-7.3451
2026-09-21,15:29,63MOONS,22.9312
2026-09-21,15:29,AADHARHFC,-2.3263
2026-09-21,15:29,AARTIDRUGS,5.1932
2026-09-21,15:29,AARTIIND,32.7137
2026-09-21,15:29,AARTIPHARM,15.6827
2026-09-21,15:29,ABB,40.7744
2026-09-21,15:29,ABBOTINDIA,-6.7289
2026-09-21,15:29,ABCAPITAL,16.3374
2026-09-21,15:29,ABDL,9.1106
2026-09-21,15:29,ABSLAMC,30.4534
2026-09-21,15:29,ACE,31.7697
2026-09-21,15:29,ACMESOLAR,94.3902
2026-09-21,15:29,ACUTAAS,107.3794
2026-09-21,15:29,ADANIENSOL,39.8509
2026-09-21,15:29,ADANIENT,35.0309
2026-09-21,15:29,ADANIGREEN,30.1128
2026-09-21,15:29,ADANIPORTS,22.8754
2026-09-21,15:29,ADANIPOWER,47.0735
2026-09-21,15:29,ADFFOODS,31.3686
2026-09-21,15:29,ADOR,51.5478
2026-09-21,15:29,ADVENZYMES,1.6068
2026-09-21,15:29,AEGISLOG,108.6493
2026-09-21,15:29,AEGISVOPAK,28.6061
2026-09-21,15:29,AEQUS,71.8898
2026-09-21,15:29,AEROENTER,37.2672
2026-09-21,15:29,AEROFLEX,160.0777
2026-09-21,15:29,AETHER,96.8544
2026-09-21,15:29,AFSL,-0.2728
2026-09-21,15:29,AGARWALEYE,-3.0165
2026-09-21,15:29,AGI,12.5945
2026-09-21,15:29,AGIIL,6.063
2026-09-21,15:29,AHCL,81.9695
2026-09-21,15:29,AHLWEST,95.6912
2026-09-21,15:29,AIAENG,2.7694
2026-09-21,15:29,AIIL,-2.713
2026-09-21,15:29,AJANTPHARM,31.6668
2026-09-21,15:29,AJAXENGG,-3.8619
2026-09-21,15:29,AKUMS,83.7079
2026-09-21,15:29,ALEMBICLTD,3.4779
2026-09-21,15:29,ALIVUS,55.7991
2026-09-21,15:29,ALKEM,-2.5613
2026-09-21,15:29,ALKYLAMINE,17.7075
2026-09-21,15:29,ALLDIGI,-3.2242
2026-09-21,15:29,AMANTA,76.2887
2026-09-21,15:29,AMBER,9.3177
2026-09-21,15:29,AMBIKCO,28.2287
2026-09-21,15:29,ANANDRATHI,43.5052
2026-09-21,15:29,ANANTRAJ,11.1277
2026-09-21,15:29,ANDHRAPAP,9.1442
2026-09-21,15:29,ANDHRSUGAR,26.095
2026-09-21,15:29,ANDREWYU,19.8186
2026-09-21,15:29,ANGELONE,22.8736
2026-09-21,15:29,ANTELOPUS,171.836
2026-09-21,15:29,ANTHEM,42.9829
2026-09-21,15:29,ANUHPHR,15.1605
2026-09-21,15:29,APARINDS,121.2555
2026-09-21,15:29,APCOTEXIND,66.0846
2026-09-21,15:29,APEX,28.7388
2026-09-21,15:29,APLAPOLLO,15.4877
2026-09-21,15:29,APLLTD,0.9876
2026-09-21,15:29,APOLLO,46.7822
2026-09-21,15:29,APOLLOHOSP,25.7958
2026-09-21,15:29,APOLLOPIPE,82.5101
2026-09-21,15:29,APTECHT,1.9701
2026-09-21,15:29,ARFIN,32.9542
2026-09-21,15:29,ARIES,43.6152
2026-09-21,15:29,ARIHANT,2501.4946
2026-09-21,15:29,ARIS,8.4739
2026-09-21,15:29,ARMANFIN,29.4528
2026-09-21,15:29,ARROWGREEN,70.6702
2026-09-21,15:29,ARTEMISMED,26.0175
2026-09-21,15:29,ARVIND,74.4291
2026-09-21,15:29,ARVSMART,-4.5609
2026-09-21,15:29,ASAHIINDIA,-1.4161
2026-09-21,15:29,ASAL,-5.3782
2026-09-21,15:29,ASHIANA,40.6938
2026-09-21,15:29,ASHOKLEY,-7.5292
2026-09-21,15:29,ASIANENE,72.2479
2026-09-21,15:29,ASIANHOTNR,29.0112
2026-09-21,15:29,ASKAUTOLTD,38.8218
2026-09-21,15:29,ASTEC,2.2454
2026-09-21,15:29,ASTERDM,23.8543
2026-09-21,15:29,ASTRAL,2.1064
2026-09-21,15:29,ASTRAMICRO,69.1648
2026-09-21,15:29,ATGL,13.0112
2026-09-21,15:29,ATHERENERG,122.1138
2026-09-21,15:29,ATLANTAELE,86.2054
2026-09-21,15:29,ATUL,-1.0809
2026-09-21,15:29,ATULAUTO,3.7191
2026-09-21,15:29,AUBANK,5.2045
2026-09-21,15:29,AUROPHARMA,42.7714
2026-09-21,15:29,AURUM,17.1403
2026-09-21,15:29,AUTOAXLES,-6.9589
2026-09-21,15:29,AVADHSUGAR,99.2791
2026-09-21,15:29,AVALON,189.3273
2026-09-21,15:29,AVANTEL,-6.8179
2026-09-21,15:29,AVANTIFEED,-6.6683
2026-09-21,15:29,AVL,26.3908
2026-09-21,15:29,AVTNPL,37.068
2026-09-21,15:29,AXISBANK,1.461
2026-09-21,15:29,AXISCADES,41.799
2026-09-21,15:29,AYMSYNTEX,70.8133
2026-09-21,15:29,AZAD,67.9565
2026-09-21,15:29,BAFNAPH,108.2127
2026-09-21,15:29,BAJAJ-AUTO,26.1142
2026-09-21,15:29,BAJAJCON,98.4595
2026-09-21,15:29,BAJAJHIND,9.3767
2026-09-21,15:29,BAJAJHLDNG,1.4133
2026-09-21,15:29,BAJEL,-1.8029
2026-09-21,15:29,BAJFINANCE,2.3347
2026-09-21,15:29,BALAMINES,91.2142
2026-09-21,15:29,BALKRISIND,-3.9223
2026-09-21,15:29,BALRAMCHIN,53.4451
2026-09-21,15:29,BANDHANBNK,22.5608
2026-09-21,15:29,BANKINDIA,-0.9149
2026-09-21,15:29,BANSALWIRE,2.6966
2026-09-21,15:29,BASF,-6.3087
2026-09-21,15:29,BBOX,49.7119
2026-09-21,15:29,BCLIND,4.8128
2026-09-21,15:29,BECTORFOOD,-1.7073
2026-09-21,15:29,BEL,1.335
2026-09-21,15:29,BELRISE,32.2888
2026-09-21,15:29,BEML,12.8267
2026-09-21,15:29,BEPL,43.3367
2026-09-21,15:29,BETA,37.1364
2026-09-21,15:29,BFINVEST,8.164
2026-09-21,15:29,BHAGCHEM,8.1789
2026-09-21,15:29,BHAGERIA,100.2216
2026-09-21,15:29,BHAGYANGR,169.0515
2026-09-21,15:29,BHARATFORG,36.1901
2026-09-21,15:29,BHARATSE,25.1016
2026-09-21,15:29,BHEL,55.1181
2026-09-21,15:29,BIL,44.4368
2026-09-21,15:29,BIOCON,1.1783
2026-09-21,15:29,BIRLACABLE,182.4524
2026-09-21,15:29,BLACKBUCK,-4.5386
2026-09-21,15:29,BLISSGVS,304.3704
2026-09-21,15:29,BLKASHYAP,-5.6196
2026-09-21,15:29,BLSE,54.0871
2026-09-21,15:29,BLUEJET,11.332
2026-09-21,15:29,BLUESTONE,75.6232
2026-09-21,15:29,BLUSPRING,81.8168
2026-09-21,15:29,BODALCHEM,268.862
2026-09-21,15:29,BORANA,4.6352
2026-09-21,15:29,BOROLTD,-6.2166
2026-09-21,15:29,BOROSCI,2.9829
2026-09-21,15:29,BOSCH-HCIL,18.3363
2026-09-21,15:29,BOSCHLTD,33.4971
2026-09-21,15:29,BRIGADE,-7.642
2026-09-21,15:29,BSE,20.2679
2026-09-21,15:29,CAMS,-4.5886
2026-09-21,15:29,CANHLIFE,1.8917
2026-09-21,15:29,CANTABIL,-4.3257
2026-09-21,15:29,CAPITALSFB,7.757
2026-09-21,15:29,CAPLIPOINT,45.5746
2026-09-21,15:29,CARBORUNIV,40.5041
2026-09-21,15:29,CARERATING,1.3955
2026-09-21,15:29,CARTRADE,8.3148
2026-09-21,15:29,CARYSIL,23.2809
2026-09-21,15:29,CASTROLIND,1.7457
2026-09-21,15:29,CCL,11.6555
2026-09-21,15:29,CDSL,-7.0038
2026-09-21,15:29,CEIGALL,41.0409
2026-09-21,15:29,CEMPRO,61.4831
2026-09-21,15:29,CENTENKA,30.2734
2026-09-21,15:29,CENTUM,102.0033
2026-09-21,15:29,CERA,7.5277
2026-09-21,15:29,CGCL,52.5996
2026-09-21,15:29,CGPOWER,40.5948
2026-09-21,15:29,CHALET,-1.3025
2026-09-21,15:29,CHEMBONDCH,72.0395
2026-09-21,15:29,CHEMCON,13.6272
2026-09-21,15:29,CHENNPETRO,69.3966
2026-09-21,15:29,CHEVIOT,7.9054
2026-09-21,15:29,CHOICEIN,-4.3949
2026-09-21,15:29,CHOLAFIN,3.838
2026-09-21,15:29,CIEINDIA,2.0137
2026-09-21,15:29,CIPLA,-7.2222
2026-09-21,15:29,CLEAN,-4.1281
2026-09-21,15:29,CLSEL,13.6848
2026-09-21,15:29,COALINDIA,3.5068
2026-09-21,15:29,COFORGE,7.7645
2026-09-21,15:29,COMSYN,110.2461
2026-09-21,15:29,CONCOR,-6.3275
2026-09-21,15:29,CONCORDBIO,18.2009
2026-09-21,15:29,CONFIPET,142.861
2026-09-21,15:29,CONSOFINVT,78.6433
2026-09-21,15:29,CORONA,62.0697
2026-09-21,15:29,COSMOFIRST,28.5534
2026-09-21,15:29,CPPLUS,133.539
2026-09-21,15:29,CRAFTSMAN,56.5242
2026-09-21,15:29,CREDITACC,8.7092
2026-09-21,15:29,CREST,-4.5135
2026-09-21,15:29,CRISIL,7
2026-09-21,15:29,CUB,4.8465
2026-09-21,15:29,CUMMINSIND,15.1015
2026-09-21,15:29,CUPID,158.2203
2026-09-21,15:29,CYIENT,-4
2026-09-21,15:29,CYIENTDLM,120.3865
2026-09-21,15:29,DALMIASUG,29.7854
2026-09-21,15:29,DATAMATICS,-3.6541
2026-09-21,15:29,DATAPATTNS,70.1667
2026-09-21,15:29,DBOL,40.3741
2026-09-21,15:29,DCBBANK,28.7943
2026-09-21,15:29,DEEDEV,230.5669
2026-09-21,15:29,DEEPAKFERT,10.4829
2026-09-21,15:29,DEEPINDS,61.7955
2026-09-21,15:29,DELHIVERY,7.3544
2026-09-21,15:29,DEVYANI,-0.0767
2026-09-21,15:29,DHAMPURSUG,30.4897
2026-09-21,15:29,DHANBANK,18.3756
2026-09-21,15:29,DHARMAJ,16.1182
2026-09-21,15:29,DIACABS,171.9876
2026-09-21,15:29,DIAMONDYD,-6.3549
2026-09-21,15:29,DICIND,32.273
2026-09-21,15:29,DIFFNKG,32.9292
2026-09-21,15:29,DIVGIITTS,85.3763
2026-09-21,15:29,DIVISLAB,47.2576
2026-09-21,15:29,DIXON,12.5917
2026-09-21,15:29,DLF,-4.1379
2026-09-21,15:29,DLINKINDIA,0.8051
2026-09-21,15:29,DMART,0.3273
2026-09-21,15:29,DMCC,12.5172
2026-09-21,15:29,DOLPHIN,58.9958
2026-09-21,15:29,DPABHUSHAN,-0.7188
2026-09-21,15:29,DREDGECORP,1.8742
2026-09-21,15:29,DRREDDY,-5.5415
2026-09-21,15:29,DSSL,11.1781
2026-09-21,15:29,DVL,0.532
2026-09-21,15:29,DWARKESH,10.264
2026-09-21,15:29,DYCL,37.9446
2026-09-21,15:29,DYNAMATECH,28.0139
2026-09-21,15:29,E2E,203.217
2026-09-21,15:29,EBGNG,124.3542
2026-09-21,15:29,EDELWEISS,29.1493
2026-09-21,15:29,EICHERMOT,3.3072
2026-09-21,15:29,EIEL,0.2212
2026-09-21,15:29,EIFFL,0.1804
2026-09-21,15:29,EIMCOELECO,48.5232
2026-09-21,15:29,ELECTCAST,-4.6984
2026-09-21,15:29,ELECTHERM,2.3481
2026-09-21,15:29,ELGIEQUIP,34.2691
2026-09-21,15:29,EMAMIPAP,31.982
2026-09-21,15:29,EMCURE,43.1125
2026-09-21,15:29,EMIL,87.603
2026-09-21,15:29,EMKAY,-1.0861
2026-09-21,15:29,EMMVEE,86.4871
2026-09-21,15:29,EMUDHRA,11.5417
2026-09-21,15:29,ENDURANCE,6.8041
2026-09-21,15:29,ENGINERSIN,41.7673
2026-09-21,15:29,ENRIN,24.6733
2026-09-21,15:29,ENTERO,89.1593
2026-09-21,15:29,EPL,12.803
2026-09-21,15:29,EQUITASBNK,18.0603
2026-09-21,15:29,ESAFSFB,50.9202
2026-09-21,15:29,ETERNAL,18.7555
2026-09-21,15:29,EVEREADY,-0.9387
2026-09-21,15:29,EXCELINDUS,3.1871
2026-09-21,15:29,EXCELSOFT,-3.3884
2026-09-21,15:29,EXICOM,37.6341
2026-09-21,15:29,EXIDEIND,20.0608
2026-09-21,15:29,FAZE3Q,2.3929
2026-09-21,15:29,FCL,123.1785
2026-09-21,15:29,FEDERALBNK,26.2838
2026-09-21,15:29,FEDFINA,3.6192
2026-09-21,15:29,FILATEX,111.638
2026-09-21,15:29,FINCABLES,88.588
2026-09-21,15:29,FINEORG,23.8099
2026-09-21,15:29,FIVESTAR,-3.0742
2026-09-21,15:29,FLUOROCHEM,24.7845
2026-09-21,15:29,FMGOETZE,-1.0367
2026-09-21,15:29,FORTIS,1.0975
2026-09-21,15:29,FOSECOIND,34.6782
2026-09-21,15:29,FUSION,15.8314
2026-09-21,15:29,GABRIEL,28.5415
2026-09-21,15:29,GAEL,24.4117
2026-09-21,15:29,GAIL,1.2851
2026-09-21,15:29,GALAPREC,33.7096
2026-09-21,15:29,GALAXYSURF,6.2379
2026-09-21,15:29,GALLANTT,3.3352
2026-09-21,15:29,GANDHAR,81.704
2026-09-21,15:29,GANDHITUBE,19.6999
2026-09-21,15:29,GANECOS,17.5538
2026-09-21,15:29,GANESHBE,56.3198
2026-09-21,15:29,GANESHHOU,-7.1763
2026-09-21,15:29,GARFIBRES,14.4645
2026-09-21,15:29,GAYAPROJ,195.5529
2026-09-21,15:29,GCSL,82.0814
2026-09-21,15:29,GEECEE,18.249
2026-09-21,15:29,GENESYS,-3.9641
2026-09-21,15:29,GENUSPOWER,5.9646
2026-09-21,15:29,GEOJITFSL,9.7068
2026-09-21,15:29,GESHIP,34.6817
2026-09-21,15:29,GFLLIMITED,-2.1627
2026-09-21,15:29,GHCLTEXTIL,81.8846
2026-09-21,15:29,GICRE,-6.2931
2026-09-21,15:29,GIPCL,21.1129
2026-09-21,15:29,GLAND,78.1831
2026-09-21,15:29,GLAXO,15.5607
2026-09-21,15:29,GLENMARK,21.9087
2026-09-21,15:29,GLOBAL,43.548
2026-09-21,15:29,GLOTTIS,-3.1685
2026-09-21,15:29,GMDCLTD,-6.5885
2026-09-21,15:29,GMMPFAUDLR,40.3483
2026-09-21,15:29,GMRAIRPORT,-3.1973
2026-09-21,15:29,GNA,85.7143
2026-09-21,15:29,GNFC,19.4009
2026-09-21,15:29,GOCLCORP,57.8041
2026-09-21,15:29,GODREJAGRO,17.3654
2026-09-21,15:29,GODREJIND,10.668
2026-09-21,15:29,GOKULAGRO,24.1983
2026-09-21,15:29,GOODLUCK,49.643
2026-09-21,15:29,GPIL,-7.6407
2026-09-21,15:29,GPTHEALTH,15.4308
2026-09-21,15:29,GPTINFRA,9.2839
2026-09-21,15:29,GRANULES,45.0966
2026-09-21,15:29,GRAPHITE,35.0727
2026-09-21,15:29,GRASIM,11.3847
2026-09-21,15:29,GREAVESCOT,3.9904
2026-09-21,15:29,GREENLAM,-5.7631
2026-09-21,15:29,GREENPLY,11.7364
2026-09-21,15:29,GRINDWELL,25.0032
2026-09-21,15:29,GROWW,17.5683
2026-09-21,15:29,GRPLTD,18.044
2026-09-21,15:29,GRSE,-4.4777
2026-09-21,15:29,GRWRHITECH,106.01
2026-09-21,15:29,GUFICBIO,27.7753
2026-09-21,15:29,GUJALKALI,27.6358
2026-09-21,15:29,GUJTHEM,-7.6459
2026-09-21,15:29,GVPIL,117.6619
2026-09-21,15:29,GVT&D,42.0239
2026-09-21,15:29,HAL,10.3262
2026-09-21,15:29,HAPPYFORGE,90.0604
2026-09-21,15:29,HARIOMPIPE,1.7581
2026-09-21,15:29,HARSHA,24.9232
2026-09-21,15:29,HATSUN,17.0739
2026-09-21,15:29,HCC,18.7704
2026-09-21,15:29,HCG,4.4686
2026-09-21,15:29,HEALTHX,-1.3453
2026-09-21,15:29,HEG,24.2003
2026-09-21,15:29,HERITGFOOD,-5.4297
2026-09-21,15:29,HEROMOTOCO,-2.641
2026-09-21,15:29,HESTERBIO,38.208
2026-09-21,15:29,HEXATRADEX,-0.2745
2026-09-21,15:29,HFCL,230.4703
2026-09-21,15:29,HIKAL,0.5
2026-09-21,15:29,HINDALCO,13.4335
2026-09-21,15:29,HINDCOPPER,3.385
2026-09-21,15:29,HINDOILEXP,15.2862
2026-09-21,15:29,HINDZINC,-4.3246
2026-09-21,15:29,HIRECT,66.3138
2026-09-21,15:29,HITECHCORP,91.6549
2026-09-21,15:29,HLEGLAS,5.9621
2026-09-21,15:29,HMT,33.2917
2026-09-21,15:29,HMVL,20.6509
2026-09-21,15:29,HNDFDS,21.2939
2026-09-21,15:29,HOMEFIRST,13.2553
2026-09-21,15:29,HONASA,70.9747
2026-09-21,15:29,HONAUT,5.1379
2026-09-21,15:29,HSCL,40.2696
2026-09-21,15:29,HTMEDIA,4.295
2026-09-21,15:29,HUHTAMAKI,18.2391
2026-09-21,15:29,HYUNDAI,-7.638
2026-09-21,15:29,IBULLSLTD,68.3449
2026-09-21,15:29,ICICIAMC,20.6439
2026-09-21,15:29,ICICIBANK,0.1266
2026-09-21,15:29,ICIL,67.5889
2026-09-21,15:29,IDEAFORGE,62.7297
2026-09-21,15:29,IDFCFIRSTB,1.4904
2026-09-21,15:29,IFCI,44.3429
2026-09-21,15:29,IFGLEXPOR,-1.6499
2026-09-21,15:29,IGARASHI,-2.2803
2026-09-21,15:29,IGIL,-3.7312
2026-09-21,15:29,IGPL,45.4419
2026-09-21,15:29,IIFL,2.3823
2026-09-21,15:29,IIFLCAPS,4.2057
2026-09-21,15:29,IKIO,19.2362
2026-09-21,15:29,IKS,7.2877
2026-09-21,15:29,IL&FSENGG,54.1957
2026-09-21,15:29,IMAGICAA,18.5692
2026-09-21,15:29,IMPAL,3.5073
2026-09-21,15:29,INDGN,14.1229
2026-09-21,15:29,INDHOTEL,0.384
2026-09-21,15:29,INDIAGLYCO,26.546
2026-09-21,15:29,INDIANB,7.2089
2026-09-21,15:29,INDIGO,-2.8414
2026-09-21,15:29,INDIGOPNTS,0.3195
2026-09-21,15:29,INDIQUBE,-7.4405
2026-09-21,15:29,INDNIPPON,53.5772
2026-09-21,15:29,INDOAMIN,0.8654
2026-09-21,15:29,INDOBORAX,78.6099
2026-09-21,15:29,INDOCO,14.0283
2026-09-21,15:29,INDORAMA,122.7216
2026-09-21,15:29,INDOSTAR,2.0368
2026-09-21,15:29,INDOTECH,114.6049
2026-09-21,15:29,INDSWFTLAB,323.2958
2026-09-21,15:29,INDUSINDBK,13.8637
2026-09-21,15:29,INGERRAND,25.3883
2026-09-21,15:29,INNOVACAP,69.1081
2026-09-21,15:29,INOXINDIA,88.7092
2026-09-21,15:29,IOB,-5.26
2026-09-21,15:29,IOLCP,150.5371
2026-09-21,15:29,IONEXCHANG,10.6773
2026-09-21,15:29,IPCALAB,39.9833
2026-09-21,15:29,IRISDOREME,74.408
2026-09-21,15:29,IRMENERGY,-4.4648
2026-09-21,15:29,ISGEC,-3.9313
2026-09-21,15:29,ITDC,13.2054
2026-09-21,15:29,IZMO,15.0758
2026-09-21,15:29,J&KBANK,48.7919
2026-09-21,15:29,JAGSNPHARM,16.8883
2026-09-21,15:29,JAMNAAUTO,3.6241
2026-09-21,15:29,JARO,-2.8539
2026-09-21,15:29,JASH,33.9458
2026-09-21,15:29,JAYAGROGN,16.1717
2026-09-21,15:29,JAYBARMARU,21.1403
2026-09-21,15:29,JAYKAY,-3.5879
2026-09-21,15:29,JAYNECOIND,6.2768
2026-09-21,15:29,JBMA,-2.7353
2026-09-21,15:29,JGCHEM,73.1092
2026-09-21,15:29,JINDALPOLY,54.1901
2026-09-21,15:29,JINDALSAW,77.3803
2026-09-21,15:29,JINDALSTEL,14.1444
2026-09-21,15:29,JINDRILL,2.171
2026-09-21,15:29,JINDWORLD,71.404
2026-09-21,15:29,JITFINFRA,3.0862
2026-09-21,15:29,JKPAPER,18.0296
2026-09-21,15:29,JLHL,-1.4414
2026-09-21,15:29,JNKINDIA,60.8526
2026-09-21,15:29,JPOLYINVST,-4.8653
2026-09-21,15:29,JSFB,26.1246
2026-09-21,15:29,JSL,-5.4899
2026-09-21,15:29,JSWCEMENT,-1.8556
2026-09-21,15:29,JSWDULUX,0.394
2026-09-21,15:29,JSWENERGY,9.7315
2026-09-21,15:29,JSWINFRA,23.2288
2026-09-21,15:29,JSWSTEEL,16.1084
2026-09-21,15:29,JTLIND,51.1217
2026-09-21,15:29,JUBLPHARMA,-0.3561
2026-09-21,15:29,JUSTDIAL,-5.6849
2026-09-21,15:29,JYOTICNC,13.8906
2026-09-21,15:29,KABRAEXTRU,194.8025
2026-09-21,15:29,KAJARIACER,23.432
2026-09-21,15:29,KALYANKJIL,19.5764
2026-09-21,15:29,KAMATHOTEL,0.8015
2026-09-21,15:29,KAMDHENU,72.8938
2026-09-21,15:29,KANORICHEM,134.2616
2026-09-21,15:29,KANPRPLA,40.2698
2026-09-21,15:29,KAPSTON,191.1147
2026-09-21,15:29,KARURVYSYA,28.0979
2026-09-21,15:29,KDDL,68.0846
2026-09-21,15:29,KECL,21.4667
2026-09-21,15:29,KEI,4.6186
2026-09-21,15:29,KENNAMET,62.5563
2026-09-21,15:29,KERNEX,42.433
2026-09-21,15:29,KICL,2.0391
2026-09-21,15:29,KILITCH,17.124
2026-09-21,15:29,KIMS,28.4772
2026-09-21,15:29,KINGFA,43.8538
2026-09-21,15:29,KIRLFER,-0.6821
2026-09-21,15:29,KIRLOSBROS,13.3396
2026-09-21,15:29,KIRLOSENG,74.4437
2026-09-21,15:29,KIRLOSIND,16.709
2026-09-21,15:29,KIRLPNU,37.9247
2026-09-21,15:29,KKCL,1.9937
2026-09-21,15:29,KMEW,60.0723
2026-09-21,15:29,KOLTEPATIL,9.1235
2026-09-21,15:29,KOPRAN,97.1162
2026-09-21,15:29,KOTAKBANK,-3.9192
2026-09-21,15:29,KOTHARIPET,5.7767
2026-09-21,15:29,KOVAI,135.3591
2026-09-21,15:29,KPIL,20.4469
2026-09-21,15:29,KPRMILL,17.1551
2026-09-21,15:29,KRBL,-2.7458
2026-09-21,15:29,KRISHANA,70.3877
2026-09-21,15:29,KRN,95.6762
2026-09-21,15:29,KRONOX,27.5912
2026-09-21,15:29,KROSS,37.5796
2026-09-21,15:29,KRYSTAL,27.2834
2026-09-21,15:29,KSB,7.6304
2026-09-21,15:29,KSHINTL,198.6113
2026-09-21,15:29,KSL,28.5578
2026-09-21,15:29,KTKBANK,57.1728
2026-09-21,15:29,LALPATHLAB,34.463
2026-09-21,15:29,LANDMARK,8.2112
2026-09-21,15:29,LAURUSLABS,86.5637
2026-09-21,15:29,LAXMIINDIA,2.7466
2026-09-21,15:29,LENSKART,51.1772
2026-09-21,15:29,LGBBROSLTD,-3.3763
2026-09-21,15:29,LGEINDIA,7.0307
2026-09-21,15:29,LICHSGFIN,5.4292
2026-09-21,15:29,LICI,-5.0175
2026-09-21,15:29,LIKHITHA,14.3545
2026-09-21,15:29,LINCOLN,27.2718
2026-09-21,15:29,LINDEINDIA,5.514
2026-09-21,15:29,LLOYDSENGG,51.1289
2026-09-21,15:29,LLOYDSENT,15.5953
2026-09-21,15:29,LLOYDSME,31.5122
2026-09-21,15:29,LMW,16.6566
2026-09-21,15:29,LODHA,6.8846
2026-09-21,15:29,LOKESHMACH,107.9107
2026-09-21,15:29,LOTUSDEV,33.645
2026-09-21,15:29,LT,-3.3154
2026-09-21,15:29,LTF,2.6
2026-09-21,15:29,LTFOODS,9.8559
2026-09-21,15:29,LUMAXIND,7.4577
2026-09-21,15:29,LUMAXTECH,37.9476
2026-09-21,15:29,LUPIN,2.0364
2026-09-21,15:29,LUXIND,8.5085
2026-09-21,15:29,LXCHEM,5.7703
2026-09-21,15:29,MACPOWER,91.4614
2026-09-21,15:29,MAGADSUGAR,-3.3037
2026-09-21,15:29,MAHABANK,42.2884
2026-09-21,15:29,MAHASTEEL,21.6285
2026-09-21,15:29,MAHLIFE,-6.1708
2026-09-21,15:29,MAHLOG,25.0548
2026-09-21,15:29,MAHSCOOTER,-3.898
2026-09-21,15:29,MAHSEAMLES,28.2798
2026-09-21,15:29,MAITHANALL,-0.3544
2026-09-21,15:29,MAMATA,-4.3982
2026-09-21,15:29,MANAKCOAT,-1.1118
2026-09-21,15:29,MANAKSTEEL,53.6464
2026-09-21,15:29,MANALIPETC,42.4511
2026-09-21,15:29,MANAPPURAM,1.4815
2026-09-21,15:29,MANBA,-0.9777
2026-09-21,15:29,MANGLMCEM,32.6635
2026-09-21,15:29,MANINDS,122.6755
2026-09-21,15:29,MANINFRA,-4.488
2026-09-21,15:29,MANKIND,11.7232
2026-09-21,15:29,MANORAMA,47.7639
2026-09-21,15:29,MARICO,9.4675
2026-09-21,15:29,MARINE,97.8587
2026-09-21,15:29,MARKSANS,90.1682
2026-09-21,15:29,MASFIN,-6.527
2026-09-21,15:29,MATRIMONY,4.3363
2026-09-21,15:29,MAWANASUG,40.3401
2026-09-21,15:29,MAXESTATES,32.2495
2026-09-21,15:29,MAXHEALTH,0.2349
2026-09-21,15:29,MAYURUNIQ,52.2598
2026-09-21,15:29,MAZDA,18.9227
2026-09-21,15:29,MBAPL,88.9738
2026-09-21,15:29,MBECL,8611.9833
2026-09-21,15:29,MCLOUD,-2.8749
2026-09-21,15:29,MCX,46.7039
2026-09-21,15:29,MEDANTA,30.7412
2026-09-21,15:29,MEESHO,13.9803
2026-09-21,15:29,MENONBE,187.3905
2026-09-21,15:29,METROPOLIS,25.6006
2026-09-21,15:29,MFSL,-4.9206
2026-09-21,15:29,MGL,-3.9223
2026-09-21,15:29,MIDHANI,19.4322
2026-09-21,15:29,MINDACORP,19.9118
2026-09-21,15:29,MMFL,72.5609
2026-09-21,15:29,MMP,88.6278
2026-09-21,15:29,MODIS,2.6963
2026-09-21,15:29,MODISONLTD,192.6688
2026-09-21,15:29,MOL,-1.7849
2026-09-21,15:29,MOLDTECH,29.0804
2026-09-21,15:29,MOLDTKPAC,6.6485
2026-09-21,15:29,MONARCH,19.7286
2026-09-21,15:29,MOREPENLAB,201.5032
2026-09-21,15:29,MOSCHIP,-0.1067
2026-09-21,15:29,MOTHERSON,36.1668
2026-09-21,15:29,MOTILALOFS,16.184
2026-09-21,15:29,MPSLTD,31.0107
2026-09-21,15:29,MRPL,15.8241
2026-09-21,15:29,MSTCLTD,40.2883
2026-09-21,15:29,MTARTECH,193.8675
2026-09-21,15:29,MUFIN,17.7566
2026-09-21,15:29,MUKANDLTD,1.8494
2026-09-21,15:29,MUKKA,18.3494
2026-09-21,15:29,MUNJALAU,34.3714
2026-09-21,15:29,MUNJALSHOW,4.3178
2026-09-21,15:29,MUTHOOTMF,10.9772
2026-09-21,15:29,MVGJL,17.3725
2026-09-21,15:29,NAHARINDUS,18.8414
2026-09-21,15:29,NAHARSPING,43.9889
2026-09-21,15:29,NAM-INDIA,32.0931
2026-09-21,15:29,NATIONALUM,17.1486
2026-09-21,15:29,NAUKRI,-4.6414
2026-09-21,15:29,NAVA,0.2259
2026-09-21,15:29,NAVINFLUOR,44.3037
2026-09-21,15:29,NAZARA,44.9862
2026-09-21,15:29,NELCAST,3.0463
2026-09-21,15:29,NELCO,35.0702
2026-09-21,15:29,NEOGEN,102.8714
2026-09-21,15:29,NEPHROPLUS,62.14
2026-09-21,15:29,NESTLEIND,8.2031
2026-09-21,15:29,NETWEB,53.2415
2026-09-21,15:29,NEULANDLAB,51.2172
2026-09-21,15:29,NGLFINE,110.9018
2026-09-21,15:29,NH,2.0552
2026-09-21,15:29,NHPC,-1.2892
2026-09-21,15:29,NIACL,22.0064
2026-09-21,15:29,NIBE,22.3323
2026-09-21,15:29,NIITLTD,-1.8213
2026-09-21,15:29,NILKAMAL,37.7937
2026-09-21,15:29,NINSYS,77.6534
2026-09-21,15:29,NITINSPIN,94.7704
2026-09-21,15:29,NIVABUPA,7.3639
2026-09-21,15:29,NLCINDIA,3.9977
2026-09-21,15:29,NMDC,-1.2865
2026-09-21,15:29,NOCIL,27.5283
2026-09-21,15:29,NORTHARC,27.5325
2026-09-21,15:29,NOVARTIND,133.6189
2026-09-21,15:29,NPST,22.0737
2026-09-21,15:29,NRAIL,34.1497
2026-09-21,15:29,NRBBEARING,94.4445
2026-09-21,15:29,NRL,165.6509
2026-09-21,15:29,NSLNISP,1.5554
2026-09-21,15:29,NTPC,0.2765
2026-09-21,15:29,NTPCGREEN,-3.9773
2026-09-21,15:29,NUVAMA,15.4757
2026-09-21,15:29,NYKAA,29.8049
2026-09-21,15:29,OAL,85.2033
2026-09-21,15:29,OBEROIRLTY,9.0093
2026-09-21,15:29,OCCLLTD,56.2627
2026-09-21,15:29,OFSS,41.8671
2026-09-21,15:29,OIL,17.7332
2026-09-21,15:29,OLAELEC,4.4313
2026-09-21,15:29,OLECTRA,0.5923
2026-09-21,15:29,OMAXE,34.9112
2026-09-21,15:29,ONEPOINT,5.0578
2026-09-21,15:29,ONGC,0.3449
2026-09-21,15:29,ONIDA,24.2666
2026-09-21,15:29,ONWARDTEC,1.8255
2026-09-21,15:29,OPTIEMUS,20.4629
2026-09-21,15:29,ORBTEXP,20.953
2026-09-21,15:29,ORCHPHARMA,44.2689
2026-09-21,15:29,ORIENTBELL,25.5959
2026-09-21,15:29,ORIENTCER,7.6801
2026-09-21,15:29,ORIENTELEC,-4.7616
2026-09-21,15:29,ORIENTHOT,41.0693
2026-09-21,15:29,ORKLAINDIA,-7.2184
2026-09-21,15:29,PAGEIND,-0.9778
2026-09-21,15:29,PAISALO,158.4911
2026-09-21,15:29,PANACEABIO,-5.0845
2026-09-21,15:29,PANACHE,53.5282
2026-09-21,15:29,PANAMAPET,67.4537
2026-09-21,15:29,PARACABLES,52.005
2026-09-21,15:29,PARADEEP,-3.5548
2026-09-21,15:29,PARAGMILK,-3.1983
2026-09-21,15:29,PARAS,105.5535
2026-09-21,15:29,PARKHOSPS,91.2407
2026-09-21,15:29,PASHUPATI,-1.3653
2026-09-21,15:29,PASUPTAC,32.5326
2026-09-21,15:29,PATELRMART,1.6288
2026-09-21,15:29,PAUSHAKLTD,21.7943
2026-09-21,15:29,PAYTM,38.2735
2026-09-21,15:29,PCBL,16.5116
2026-09-21,15:29,PDMJEPAPER,5.0166
2026-09-21,15:29,PDSL,-5.6903
2026-09-21,15:29,PETRONET,3.2501
2026-09-21,15:29,PFC,-1.9343
2026-09-21,15:29,PFOCUS,48.7096
2026-09-21,15:29,PGEL,-6.5325
2026-09-21,15:29,PGHL,-3.1159
2026-09-21,15:29,PGIL,41.6361
2026-09-21,15:29,PHOENIXLTD,4.1689
2026-09-21,15:29,PICCADIL,7.7063
2026-09-21,15:29,PIDILITIND,8.2874
2026-09-21,15:29,PITTIENG,39.5412
2026-09-21,15:29,PIXTRANS,22.5795
2026-09-21,15:29,PNB,-2.1072
2026-09-21,15:29,PNBGILTS,-4.5206
2026-09-21,15:29,PNBHOUSING,22.3306
2026-09-21,15:29,PNGJL,-2.0596
2026-09-21,15:29,POLICYBZR,-5.7556
2026-09-21,15:29,POLYCAB,11.6901
2026-09-21,15:29,POLYMED,-1.9707
2026-09-21,15:29,POLYPLEX,37.688
2026-09-21,15:29,POONAWALLA,-1.092
2026-09-21,15:29,POWERGRID,2.1105
2026-09-21,15:29,POWERINDIA,73.3007
2026-09-21,15:29,POWERMECH,6.5057
2026-09-21,15:29,PPL,10.7447
2026-09-21,15:29,PPLPHARMA,24.1886
2026-09-21,15:29,PRABHA,23.3094
2026-09-21,15:29,PRAJIND,-3.5085
2026-09-21,15:29,PRECOT,71.0937
2026-09-21,15:29,PRECWIRE,83.7471
2026-09-21,15:29,PREMEXPLN,29.1041
2026-09-21,15:29,PREMIERENE,7.2895
2026-09-21,15:29,PREMIERPOL,101.4224
2026-09-21,15:29,PRESTIGE,-7.3539
2026-09-21,15:29,PRICOLLTD,20.6443
2026-09-21,15:29,PRIMESECU,7.1762
2026-09-21,15:29,PRIMO,-7.1963
2026-09-21,15:29,PRINCEPIPE,6.9534
2026-09-21,15:29,PRIVISCL,13.502
2026-09-21,15:29,PROZONER,-1.5264
2026-09-21,15:29,PRUDENT,34.1003
2026-09-21,15:29,PSPPROJECT,-4.4727
2026-09-21,15:29,PTC,-3.3638
2026-09-21,15:29,PTCIL,16.2912
2026-09-21,15:29,PTL,-2.4701
2026-09-21,15:29,PVP,70.7076
2026-09-21,15:29,PVRINOX,32.9622
2026-09-21,15:29,PWL,3.0354
2026-09-21,15:29,PYRAMID,-2.9663
2026-09-21,15:29,QPOWER,100.229
2026-09-21,15:29,QUADFUTURE,68.8189
2026-09-21,15:29,QUESS,72.5843
2026-09-21,15:29,RACLGEAR,46.8269
2026-09-21,15:29,RADHIKAJWE,0.83
2026-09-21,15:29,RADICO,37.8589
2026-09-21,15:29,RAIN,45.3089
2026-09-21,15:29,RAINBOW,8.2406
2026-09-21,15:29,RAJRATAN,1.2297
2026-09-21,15:29,RAMCOIND,5.1588
2026-09-21,15:29,RAMCOSYS,-3.1915
2026-09-21,15:29,RAMRAT,68.7682
2026-09-21,15:29,RANEHOLDIN,17.4518
2026-09-21,15:29,RATEGAIN,26.1967
2026-09-21,15:29,RATNAMANI,18.2666
2026-09-21,15:29,RATNAVEER,120.9563
2026-09-21,15:29,RAYMOND,162.2236
2026-09-21,15:29,RAYMONDREL,21.3745
2026-09-21,15:29,RBA,48.7813
2026-09-21,15:29,RBLBANK,32.2814
2026-09-21,15:29,RBZJEWEL,23.3659
2026-09-21,15:29,REDINGTON,46.2055
2026-09-21,15:29,REDTAPE,-4.8627
2026-09-21,15:29,REFEX,14.7778
2026-09-21,15:29,REGAAL,22.3819
2026-09-21,15:29,RELIGARE,3.7831
2026-09-21,15:29,RGL,32.7772
2026-09-21,15:29,RICOAUTO,-3.6968
2026-09-21,15:29,RISHABH,85.4133
2026-09-21,15:29,RITCO,5.6042
2026-09-21,15:29,RKFORGE,39.6958
2026-09-21,15:29,RML,71.5123
2026-09-21,15:29,ROLEXRINGS,34.9168
2026-09-21,15:29,ROSSTECH,116.3921
2026-09-21,15:29,RPEL,74.5256
2026-09-21,15:29,RPGLIFE,18.6979
2026-09-21,15:29,RPSGVENT,11.6716
2026-09-21,15:29,RPTECH,132.8029
2026-09-21,15:29,RRKABEL,67.6538
2026-09-21,15:29,RSWM,55.2707
2026-09-21,15:29,RUBICON,159.6044
2026-09-21,15:29,RUBYMILLS,108.2808
2026-09-21,15:29,SAATVIKGL,16.4284
2026-09-21,15:29,SAIL,32.2246
2026-09-21,15:29,SAILIFE,81.4182
2026-09-21,15:29,SAKAR,178.2394
2026-09-21,15:29,SALSTEEL,97.2662
2026-09-21,15:29,SAMBHV,63.622
2026-09-21,15:29,SAMMAANCAP,0.7332
2026-09-21,15:29,SANATHAN,13.4918
2026-09-21,15:29,SANDESH,-1.0571
2026-09-21,15:29,SANDHAR,8.1163
2026-09-21,15:29,SANGAMIND,25.9082
2026-09-21,15:29,SANGHVIMOV,27.3218
2026-09-21,15:29,SANSERA,151.1984
2026-09-21,15:29,SANSTAR,26.7088
2026-09-21,15:29,SAPPHIRE,-5.8198
2026-09-21,15:29,SARDAEN,-2.2721
2026-09-21,15:29,SAREGAMA,36.5594
2026-09-21,15:29,SARLAPOLY,11.3896
2026-09-21,15:29,SASKEN,10.2017
2026-09-21,15:29,SATIA,2.7947
2026-09-21,15:29,SATIN,55.2373
2026-09-21,15:29,SBC,74.53
2026-09-21,15:29,SBCL,167.3131
2026-09-21,15:29,SBIN,3.2071
2026-09-21,15:29,SCHAEFFLER,7.8854
2026-09-21,15:29,SCHNEIDER,72.2974
2026-09-21,15:29,SCI,19.9342
2026-09-21,15:29,SCPL,110.941
2026-09-21,15:29,SEAMECLTD,59.4818
2026-09-21,15:29,SENCO,7.5326
2026-09-21,15:29,SENORES,68.5616
2026-09-21,15:29,SESHAPAPER,4.9551
2026-09-21,15:29,SETL,181.6916
2026-09-21,15:29,SFL,10.2355
2026-09-21,15:29,SGFIN,56.3009
2026-09-21,15:29,SGIL,26.5151
2026-09-21,15:29,SGMART,102.1029
2026-09-21,15:29,SHAILY,44.9609
2026-09-21,15:29,SHALPAINTS,36.932
2026-09-21,15:29,SHANTIGEAR,46.6172
2026-09-21,15:29,SHANTIGOLD,36.4615
2026-09-21,15:29,SHARDAMOTR,2.3128
2026-09-21,15:29,SHAREINDIA,36.5008
2026-09-21,15:29,SHILCTECH,3.7247
2026-09-21,15:29,SHILPAMED,234.5205
2026-09-21,15:29,SHIVALIK,7.5627
2026-09-21,15:29,SHIVAUM,66.3616
2026-09-21,15:29,SHOPERSTOP,2.4115
2026-09-21,15:29,SHREEJISPG,106.6405
2026-09-21,15:29,SHREEPUSHK,35.5294
2026-09-21,15:29,SHRINGARMS,-5.4527
2026-09-21,15:29,SHRIPISTON,43.7448
2026-09-21,15:29,SHRIRAMFIN,5.8922
2026-09-21,15:29,SHYAMMETL,33.9395
2026-09-21,15:29,SICALLOG,-5.6051
2026-09-21,15:29,SIEMENS,27.2632
2026-09-21,15:29,SIGACHI,-3.5637
2026-09-21,15:29,SIGMAADV,366.5589
2026-09-21,15:29,SIGNPOST,26.1483
2026-09-21,15:29,SILVERTUC,76.885
2026-09-21,15:29,SIMPLEXINF,-0.3775
2026-09-21,15:29,SINDHUTRAD,23.3419
2026-09-21,15:29,SIS,25.0892
2026-09-21,15:29,SJS,34.3173
2026-09-21,15:29,SKFINDUS,10.6373
2026-09-21,15:29,SKIPPER,34.3765
2026-09-21,15:29,SKMEGGPROD,7.1679
2026-09-21,15:29,SKYGOLD,140.6875
2026-09-21,15:29,SMARTWORKS,14.049
2026-09-21,15:29,SMCGLOBAL,-2.9289
2026-09-21,15:29,SMLMAH,69.6365
2026-09-21,15:29,SMSPHARMA,50.4839
2026-09-21,15:29,SOFTTECH,65.1347
2026-09-21,15:29,SOLARA,35.4766
2026-09-21,15:29,SOLARINDS,56.2323
2026-09-21,15:29,SOMANYCERA,42.2418
2026-09-21,15:29,SONACOMS,66.5794
2026-09-21,15:29,SOTL,90.185
2026-09-21,15:29,SOUTHBANK,22.4644
2026-09-21,15:29,SOUTHWEST,-1.6403
2026-09-21,15:29,SPAL,37.6087
2026-09-21,15:29,SPARC,46.7595
2026-09-21,15:29,SPECIALITY,32.8046
2026-09-21,15:29,SPECTRUM,170.2828
2026-09-21,15:29,SPLPETRO,35.5571
2026-09-21,15:29,SPMLINFRA,-2.4222
2026-09-21,15:29,SPORTKING,136.3688
2026-09-21,15:29,SREEL,27.4582
2026-09-21,15:29,SRHHYPOLTD,21.919
2026-09-21,15:29,SSWL,90.9878
2026-09-21,15:29,STALLION,-0.648
2026-09-21,15:29,STAR,38.108
2026-09-21,15:29,STARHEALTH,22.9115
2026-09-21,15:29,STEELCAS,54.3492
2026-09-21,15:29,STEL,33.4441
2026-09-21,15:29,STLNETWORK,102.834
2026-09-21,15:29,STLTECH,698.7925
2026-09-21,15:29,STOVEKRAFT,42.8121
2026-09-21,15:29,STYL,29.7813
2026-09-21,15:29,STYLAMIND,46.9668
2026-09-21,15:29,STYLEBAAZA,46.9384
2026-09-21,15:29,STYRENIX,5.0045
2026-09-21,15:29,SUDARSCHEM,34.2619
2026-09-21,15:29,SUDEEPPHRM,84.1004
2026-09-21,15:29,SUKHJITS,-7.6405
2026-09-21,15:29,SUMICHEM,-2.1737
2026-09-21,15:29,SUNCLAY,3.0119
2026-09-21,15:29,SUNDRMFAST,29.4313
2026-09-21,15:29,SUNDROP,3.2599
2026-09-21,15:29,SUNFLAG,32.0052
2026-09-21,15:29,SUNPHARMA,8.8342
2026-09-21,15:29,SUPRAJIT,2.2324
2026-09-21,15:29,SUPREMEIND,6.8376
2026-09-21,15:29,SUPREMEINF,-4.9771
2026-09-21,15:29,SUPRIYA,31.2457
2026-09-21,15:29,SURAKSHA,31.4383
2026-09-21,15:29,SURYODAY,5.1374
2026-09-21,15:29,SUTLEJTEX,17.1402
2026-09-21,15:29,SUVEN,106.8944
2026-09-21,15:29,SUYOG,11.2503
2026-09-21,15:29,SVLL,16.5714
2026-09-21,15:29,SWANDEF,743.8238
2026-09-21,15:29,SWARAJENG,0.3089
2026-09-21,15:29,SYRMA,140.3114
2026-09-21,15:29,TALBROAUTO,69.8346
2026-09-21,15:29,TANLA,-7.1771
2026-09-21,15:29,TARIL,-2.5906
2026-09-21,15:29,TARSONS,45.2897
2026-09-21,15:29,TASTYBITE,25.8655
2026-09-21,15:29,TATACAP,1.8069
2026-09-21,15:29,TATACOMM,-3.7389
2026-09-21,15:29,TATAINVEST,-2.6814
2026-09-21,15:29,TATAPOWER,-2.4056
2026-09-21,15:29,TATASTEEL,6.4422
2026-09-21,15:29,TATATECH,11.3176
2026-09-21,15:29,TATVA,32.3414
2026-09-21,15:29,TBOTEK,1.5426
2026-09-21,15:29,TBZ,284.2003
2026-09-21,15:29,TCPLPACK,25.606
2026-09-21,15:29,TDPOWERSYS,115.3913
2026-09-21,15:29,TECHM,-3.3428
2026-09-21,15:29,TECHNOE,-5.7144
2026-09-21,15:29,TEGA,10.5974
2026-09-21,15:29,TEJASNET,13.4812
2026-09-21,15:29,TENNIND,2.6148
2026-09-21,15:29,TEXINFRA,13.7188
2026-09-21,15:29,TFCILTD,122.1059
2026-09-21,15:29,THANGAMAYL,53.6843
2026-09-21,15:29,THEJO,18.679
2026-09-21,15:29,THELEELA,26.5482
2026-09-21,15:29,THEMISMED,24.2181
2026-09-21,15:29,THERMAX,18.9324
2026-09-21,15:29,THYROCARE,27.2859
2026-09-21,15:29,TI,28.2332
2026-09-21,15:29,TIIL,34.8606
2026-09-21,15:29,TIINDIA,-0.6983
2026-09-21,15:29,TIL,-5.8191
2026-09-21,15:29,TIMETECHNO,-1.9956
2026-09-21,15:29,TIMKEN,5.2264
2026-09-21,15:29,TINNARUBR,31.2444
2026-09-21,15:29,TIPSMUSIC,24.2236
2026-09-21,15:29,TIRUPATIFL,111.6771
2026-09-21,15:29,TITAGARH,-7.3325
2026-09-21,15:29,TITAN,22.3737
2026-09-21,15:29,TMB,74.2211
2026-09-21,15:29,TMCV,8.547
2026-09-21,15:29,TNPETRO,23.4141
2026-09-21,15:29,TNPL,0.4003
2026-09-21,15:29,TORNTPHARM,31.0067
2026-09-21,15:29,TORNTPOWER,-1.7364
2026-09-21,15:29,TPLPLASTEH,-1.4249
2026-09-21,15:29,TRAVELFOOD,5.7684
2026-09-21,15:29,TREL,-6.0563
2026-09-21,15:29,TRENT,-0.065
2026-09-21,15:29,TRITURBINE,2.2167
2026-09-21,15:29,TRIVENI,-0.1213
2026-09-21,15:29,TRUALT,3.9574
2026-09-21,15:29,TSFINV,1.7123
2026-09-21,15:29,TTKHLTCARE,3.7606
2026-09-21,15:29,TVSELECT,-7.5306
2026-09-21,15:29,TVSMOTOR,16.2498
2026-09-21,15:29,TVSSCS,23.6965
2026-09-21,15:29,TVSSRICHAK,9.8276
2026-09-21,15:29,UDS,3.813
2026-09-21,15:29,UEL,76.5717
2026-09-21,15:29,UFBL,282.5792
2026-09-21,15:29,UFLEX,34.4845
2026-09-21,15:29,UGARSUGAR,28.6307
2026-09-21,15:29,UJJIVANSFB,25.1739
2026-09-21,15:29,ULTRACEMCO,-5.9242
2026-09-21,15:29,UNICHEMLAB,22.7913
2026-09-21,15:29,UNIMECH,85.8918
2026-09-21,15:29,UNIONBANK,19.4033
2026-09-21,15:29,UNIPARTS,77.5758
2026-09-21,15:29,UNITDSPR,-2.2872
2026-09-21,15:29,UNITEDPOLY,83.4661
2026-09-21,15:29,UNIVASTU,120.2395
2026-09-21,15:29,UNIVCABLES,71.9523
2026-09-21,15:29,UNIVPHOTO,165.7574
2026-09-21,15:29,UNOMINDA,-3.255
2026-09-21,15:29,URBANCO,35.3524
2026-09-21,15:29,USHAMART,18.4733
2026-09-21,15:29,UTLSOLAR,96.1108
2026-09-21,15:29,UTTAMSUGAR,0.6486
2026-09-21,15:29,VADILALIND,49.8131
2026-09-21,15:29,VALIANTLAB,72.7804
2026-09-21,15:29,VALIANTORG,57.5526
2026-09-21,15:29,VARROC,46.7457
2026-09-21,15:29,VEDL,21.4056
2026-09-21,15:29,VENKEYS,11.8819
2026-09-21,15:29,VENUSPIPES,95.7021
2026-09-21,15:29,VENUSREM,109.4662
2026-09-21,15:29,VERANDA,28.9936
2026-09-21,15:29,VGUARD,-0.7635
2026-09-21,15:29,VHL,-5.6805
2026-09-21,15:29,VIDHIING,2.8882
2026-09-21,15:29,VIDYAWIRES,69.3756
2026-09-21,15:29,VIJAYA,50.094
2026-09-21,15:29,VIMTALABS,2.3849
2026-09-21,15:29,VINCOFE,15.1355
2026-09-21,15:29,VINDHYATEL,105.5027
2026-09-21,15:29,VISAKAIND,33.9228
2026-09-21,15:29,VISHNU,30.5457
2026-09-21,15:29,VIYASH,20.2456
2026-09-21,15:29,VMART,11.4894
2026-09-21,15:29,VOLTAMP,39.1024
2026-09-21,15:29,VRLLOG,9.8478
2026-09-21,15:29,VSSL,46.4789
2026-09-21,15:29,VTL,24.9493
2026-09-21,15:29,WABAG,65.354
2026-09-21,15:29,WALCHANNAG,7.75
2026-09-21,15:29,WANBURY,-2.6107
2026-09-21,15:29,WELCORP,234.1033
2026-09-21,15:29,WELENT,55.4631
2026-09-21,15:29,WELINV,75.1073
2026-09-21,15:29,WELSPUNLIV,64.0599
2026-09-21,15:29,WENDT,9.7137
2026-09-21,15:29,WESTLIFE,4.1063
2026-09-21,15:29,WEWORK,11.5378
2026-09-21,15:29,WHEELS,157.3237
2026-09-21,15:29,WINDLAS,46.4566
2026-09-21,15:29,WINDMACHIN,8.251
2026-09-21,15:29,WOCKPHARMA,53.1294
2026-09-21,15:29,WONDERLA,-1.7936
2026-09-21,15:29,WSTCSTPAPR,78.6302
2026-09-21,15:29,XPROINDIA,26.8684
2026-09-21,15:29,YASHO,167.3487
2026-09-21,15:29,YATHARTH,64.9033
2026-09-21,15:29,YESBANK,8.4738
2026-09-21,15:29,YUKEN,31.0823
2026-09-21,15:29,ZENTEC,21.4337
2026-09-21,15:29,ZIMLAB,95.138
2026-09-21,15:29,ZYDUSLIFE,28.344
2026-09-21,15:29,ZYDUSWELL,25.0029
2026-09-22,15:29,20MICRONS,-0.3453
2026-09-22,15:29,3IINFOLTD,57.281
2026-09-22,15:29,3MINDIA,-3.032
2026-09-22,15:29,5PAISA,-4.9442
2026-09-22,15:29,63MOONS,18.1404
2026-09-22,15:29,AADHARHFC,-4.6046
2026-09-22,15:29,AARTIDRUGS,3.9556
2026-09-22,15:29,AARTIIND,34.746
2026-09-22,15:29,AARTIPHARM,18.3382
2026-09-22,15:29,ABB,38.5716
2026-09-22,15:29,ABBOTINDIA,-5.0732
2026-09-22,15:29,ABCAPITAL,13.6559
2026-09-22,15:29,ABDL,9.1752
2026-09-22,15:29,ABSLAMC,23.9216
2026-09-22,15:29,ACE,34.2232
2026-09-22,15:29,ACMESOLAR,95.6948
2026-09-22,15:29,ACUTAAS,94.064
2026-09-22,15:29,ADANIENSOL,34.9119
2026-09-22,15:29,ADANIENT,35.3231
2026-09-22,15:29,ADANIGREEN,29.4807
2026-09-22,15:29,ADANIPORTS,22.8442
2026-09-22,15:29,ADANIPOWER,43.0764
2026-09-22,15:29,ADFFOODS,29.7072
2026-09-22,15:29,ADOR,51.8134
2026-09-22,15:29,ADVENZYMES,-1.1004
2026-09-22,15:29,AEGISLOG,102.43
2026-09-22,15:29,AEGISVOPAK,20.8016
2026-09-22,15:29,AEQUS,77.4328
2026-09-22,15:29,AEROENTER,42.7911
2026-09-22,15:29,AEROFLEX,163.3135
2026-09-22,15:29,AETHER,97.3818
2026-09-22,15:29,AFSL,-1.3352
2026-09-22,15:29,AGARWALEYE,-1.8806
2026-09-22,15:29,AGI,15.5723
2026-09-22,15:29,AGIIL,5.7945
2026-09-22,15:29,AHCL,98.6235
2026-09-22,15:29,AHLWEST,97.0711
2026-09-22,15:29,AIAENG,-0.6659
2026-09-22,15:29,AJANTPHARM,29.0586
2026-09-22,15:29,AJAXENGG,-4.6445
2026-09-22,15:29,AKUMS,79.1949
2026-09-22,15:29,ALEMBICLTD,4.8424
2026-09-22,15:29,ALIVUS,52.4771
2026-09-22,15:29,ALKEM,-2.5142
2026-09-22,15:29,ALKYLAMINE,19.6431
2026-09-22,15:29,AMANTA,77.8694
2026-09-22,15:29,AMBER,11.7408
2026-09-22,15:29,AMBIKCO,26.6517
2026-09-22,15:29,ANANDRATHI,40.9489
2026-09-22,15:29,ANANTRAJ,12.0889
2026-09-22,15:29,ANDHRAPAP,7.3651
2026-09-22,15:29,ANDHRSUGAR,26.8289
2026-09-22,15:29,ANDREWYU,19.0562
2026-09-22,15:29,ANGELONE,25.7296
2026-09-22,15:29,ANTELOPUS,175.5677
2026-09-22,15:29,ANTHEM,39.448
2026-09-22,15:29,ANUHPHR,16.8062
2026-09-22,15:29,APARINDS,117.4738
2026-09-22,15:29,APCOTEXIND,64.9614
2026-09-22,15:29,APEX,31.819
2026-09-22,15:29,APLAPOLLO,16.5569
2026-09-22,15:29,APLLTD,0.4183
2026-09-22,15:29,APOLLO,56.5326
2026-09-22,15:29,APOLLOHOSP,26.402
2026-09-22,15:29,APOLLOPIPE,78.6114
2026-09-22,15:29,APTECHT,0.0436
2026-09-22,15:29,ARFIN,26.5844
2026-09-22,15:29,ARIES,45.9472
2026-09-22,15:29,ARIHANT,1992.6387
2026-09-22,15:29,ARIHANTCAP,1.608
2026-09-22,15:29,ARIS,7.3152
2026-09-22,15:29,ARKADE,-6.0786
2026-09-22,15:29,ARMANFIN,27.8915
2026-09-22,15:29,ARROWGREEN,80.2665
2026-09-22,15:29,ARTEMISMED,27.2066
2026-09-22,15:29,ARVIND,70.545
2026-09-22,15:29,ARVSMART,-2.8892
2026-09-22,15:29,ASAHIINDIA,-6.9825
2026-09-22,15:29,ASAL,-4.8512
2026-09-22,15:29,ASHIANA,36.1868
2026-09-22,15:29,ASIANENE,76.2102
2026-09-22,15:29,ASIANHOTNR,22.2346
2026-09-22,15:29,ASKAUTOLTD,41.3745
2026-09-22,15:29,ASTEC,12.807
2026-09-22,15:29,ASTERDM,22.7938
2026-09-22,15:29,ASTRAL,1.5658
2026-09-22,15:29,ASTRAMICRO,69.317
2026-09-22,15:29,ATGL,11.0274
2026-09-22,15:29,ATHERENERG,110.9305
2026-09-22,15:29,ATLANTAELE,87.436
2026-09-22,15:29,ATUL,2.2684
2026-09-22,15:29,ATULAUTO,2.9032
2026-09-22,15:29,AUBANK,4.0092
2026-09-22,15:29,AUROPHARMA,43.3027
2026-09-22,15:29,AURUM,19.3186
2026-09-22,15:29,AVADHSUGAR,97.947
2026-09-22,15:29,AVALON,192.0092
2026-09-22,15:29,AVANTEL,-5.6709
2026-09-22,15:29,AVL,29.5393
2026-09-22,15:29,AVTNPL,48.7886
2026-09-22,15:29,AXISBANK,-0.2649
2026-09-22,15:29,AXISCADES,43.1784
2026-09-22,15:29,AYMSYNTEX,71.6145
2026-09-22,15:29,AZAD,71.561
2026-09-22,15:29,BAFNAPH,123.5282
2026-09-22,15:29,BAJAJ-AUTO,22.4197
2026-09-22,15:29,BAJAJCON,100.8405
2026-09-22,15:29,BAJAJHIND,11.7291
2026-09-22,15:29,BAJAJHLDNG,1.8485
2026-09-22,15:29,BAJEL,0.6595
2026-09-22,15:29,BAJFINANCE,1.9711
2026-09-22,15:29,BALAMINES,95.5297
2026-09-22,15:29,BALKRISIND,-4.0178
2026-09-22,15:29,BALRAMCHIN,51.1835
2026-09-22,15:29,BANARISUG,-7.7
2026-09-22,15:29,BANDHANBNK,26.663
2026-09-22,15:29,BANKINDIA,-3.5209
2026-09-22,15:29,BANSALWIRE,3.0734
2026-09-22,15:29,BASF,-7.4272
2026-09-22,15:29,BBOX,47.5501
2026-09-22,15:29,BCLIND,6.4885
2026-09-22,15:29,BECTORFOOD,-4.5948
2026-09-22,15:29,BEL,1.1696
2026-09-22,15:29,BELRISE,34.6649
2026-09-22,15:29,BEML,14.4167
2026-09-22,15:29,BEPL,47.4191
2026-09-22,15:29,BETA,33.8888
2026-09-22,15:29,BFINVEST,8.1658
2026-09-22,15:29,BHAGCHEM,8.8325
2026-09-22,15:29,BHAGERIA,91.582
2026-09-22,15:29,BHAGYANGR,155.1503
2026-09-22,15:29,BHARATFORG,38.1136
2026-09-22,15:29,BHARATSE,27.8628
2026-09-22,15:29,BHARATWIRE,-7.6767
2026-09-22,15:29,BHEL,50.5658
2026-09-22,15:29,BIL,45.8218
2026-09-22,15:29,BIOCON,-0.1025
2026-09-22,15:29,BIRLACABLE,176.9168
2026-09-22,15:29,BLACKBUCK,-7.168
2026-09-22,15:29,BLISSGVS,327.683
2026-09-22,15:29,BLSE,61.9767
2026-09-22,15:29,BLUEJET,12.9858
2026-09-22,15:29,BLUESTONE,95.7295
2026-09-22,15:29,BLUSPRING,90.597
2026-09-22,15:29,BODALCHEM,263.5507
2026-09-22,15:29,BORANA,1.2115
2026-09-22,15:29,BOROLTD,-5.1565
2026-09-22,15:29,BOROSCI,3.5523
2026-09-22,15:29,BOSCH-HCIL,20.4705
2026-09-22,15:29,BOSCHLTD,35.9324
2026-09-22,15:29,BRIGADE,-5.5342
2026-09-22,15:29,BSE,25.339
2026-09-22,15:29,CAMS,-3.7989
2026-09-22,15:29,CANHLIFE,2.9392
2026-09-22,15:29,CAPITALSFB,7.7984
2026-09-22,15:29,CAPLIPOINT,55.0958
2026-09-22,15:29,CARBORUNIV,46.204
2026-09-22,15:29,CARERATING,2.6032
2026-09-22,15:29,CARTRADE,5.0352
2026-09-22,15:29,CARYSIL,20.1286
2026-09-22,15:29,CASTROLIND,3.6894
2026-09-22,15:29,CCL,10.7829
2026-09-22,15:29,CDSL,-5.9907
2026-09-22,15:29,CEIGALL,40.6046
2026-09-22,15:29,CEMPRO,70.7611
2026-09-22,15:29,CENTENKA,31.9995
2026-09-22,15:29,CENTUM,108.5189
2026-09-22,15:29,CERA,6.6499
2026-09-22,15:29,CGCL,47.8355
2026-09-22,15:29,CGPOWER,39.7863
2026-09-22,15:29,CHALET,0.9022
2026-09-22,15:29,CHEMBONDCH,70.3965
2026-09-22,15:29,CHEMCON,14.7326
2026-09-22,15:29,CHENNPETRO,74.4252
2026-09-22,15:29,CHEVIOT,7.6428
2026-09-22,15:29,CHOLAFIN,3.3852
2026-09-22,15:29,CIEINDIA,0.3339
2026-09-22,15:29,CIPLA,-7.263
2026-09-22,15:29,CLEAN,-5.8478
2026-09-22,15:29,CLSEL,11.9847
2026-09-22,15:29,COALINDIA,7.5377
2026-09-22,15:29,COFORGE,8.9492
2026-09-22,15:29,COMSYN,111.9837
2026-09-22,15:29,CONCORDBIO,14.29
2026-09-22,15:29,CONFIPET,141.806
2026-09-22,15:29,CONSOFINVT,77.3269
2026-09-22,15:29,CORONA,57.4977
2026-09-22,15:29,COSMOFIRST,27.1836
2026-09-22,15:29,CPPLUS,145.3445
2026-09-22,15:29,CRAFTSMAN,48.1554
2026-09-22,15:29,CREDITACC,9.8891
2026-09-22,15:29,CREST,-5.6428
2026-09-22,15:29,CRISIL,8.8024
2026-09-22,15:29,CUB,2.0802
2026-09-22,15:29,CUMMINSIND,13.0436
2026-09-22,15:29,CUPID,153.6346
2026-09-22,15:29,CYIENT,-1.2718
2026-09-22,15:29,CYIENTDLM,122.7295
2026-09-22,15:29,DALMIASUG,32.0293
2026-09-22,15:29,DATAMATICS,-4.3136
2026-09-22,15:29,DATAPATTNS,73.6247
2026-09-22,15:29,DBOL,44.5788
2026-09-22,15:29,DCBBANK,27.7797
2026-09-22,15:29,DEEDEV,241.5453
2026-09-22,15:29,DEEPAKFERT,10.8685
2026-09-22,15:29,DEEPAKNTR,-6.9826
2026-09-22,15:29,DEEPINDS,72.3662
2026-09-22,15:29,DELHIVERY,7.0718
2026-09-22,15:29,DEVYANI,1.6102
2026-09-22,15:29,DHAMPURSUG,33.3415
2026-09-22,15:29,DHANBANK,17.3301
2026-09-22,15:29,DHARMAJ,18.3392
2026-09-22,15:29,DIACABS,168.3236
2026-09-22,15:29,DIAMONDYD,-7.2322
2026-09-22,15:29,DICIND,36.6152
2026-09-22,15:29,DIFFNKG,31.058
2026-09-22,15:29,DIVGIITTS,85.4172
2026-09-22,15:29,DIVISLAB,47.0325
2026-09-22,15:29,DIXON,11.1923
2026-09-22,15:29,DLF,-1.6381
2026-09-22,15:29,DLINKINDIA,1.4977
2026-09-22,15:29,DMART,0.6261
2026-09-22,15:29,DMCC,14.9496
2026-09-22,15:29,DOLPHIN,58.0751
2026-09-22,15:29,DPABHUSHAN,4.1315
2026-09-22,15:29,DREDGECORP,-1.1341
2026-09-22,15:29,DRREDDY,-4.3293
2026-09-22,15:29,DSSL,12.0772
2026-09-22,15:29,DVL,-0.4219
2026-09-22,15:29,DWARKESH,12.9539
2026-09-22,15:29,DYCL,35.5692
2026-09-22,15:29,DYNAMATECH,32.9368
2026-09-22,15:29,E2E,208.1135
2026-09-22,15:29,EBGNG,126.2049
2026-09-22,15:29,EDELWEISS,31.7774
2026-09-22,15:29,EICHERMOT,3.2603
2026-09-22,15:29,EIEL,-1.1261
2026-09-22,15:29,EIFFL,-5.0734
2026-09-22,15:29,EIMCOELECO,45.386
2026-09-22,15:29,ELECTCAST,-3.5724
2026-09-22,15:29,ELECTHERM,2.1299
2026-09-22,15:29,ELGIEQUIP,29.0148
2026-09-22,15:29,EMAMIPAP,31.6788
2026-09-22,15:29,EMCURE,41.8312
2026-09-22,15:29,EMIL,88.593
2026-09-22,15:29,EMKAY,2.5388
2026-09-22,15:29,EMMVEE,83.4305
2026-09-22,15:29,EMUDHRA,11.5262
2026-09-22,15:29,ENDURANCE,5.0503
2026-09-22,15:29,ENGINERSIN,51.6541
2026-09-22,15:29,ENRIN,25.6555
2026-09-22,15:29,ENTERO,83.0997
2026-09-22,15:29,EPACKPEB,-6.6418
2026-09-22,15:29,EPL,11.5169
2026-09-22,15:29,EQUITASBNK,19.5246
2026-09-22,15:29,ESABINDIA,-7.1206
2026-09-22,15:29,ESAFSFB,49.1871
2026-09-22,15:29,ETERNAL,23.4211
2026-09-22,15:29,EVEREADY,1.9836
2026-09-22,15:29,EXCELINDUS,3.6956
2026-09-22,15:29,EXICOM,37.4425
2026-09-22,15:29,EXIDEIND,20.0782
2026-09-22,15:29,FAZE3Q,3.3737
2026-09-22,15:29,FCL,132.5365
2026-09-22,15:29,FEDERALBNK,22.1973
2026-09-22,15:29,FEDFINA,5.4624
2026-09-22,15:29,FILATEX,109.2547
2026-09-22,15:29,FINCABLES,100.6149
2026-09-22,15:29,FINEORG,26.4924
2026-09-22,15:29,FIVESTAR,-2.7876
2026-09-22,15:29,FLUOROCHEM,21.9978
2026-09-22,15:29,FMGOETZE,-2.9226
2026-09-22,15:29,FORTIS,2.0198
2026-09-22,15:29,FOSECOIND,34.0689
2026-09-22,15:29,FUSION,19.3991
2026-09-22,15:29,GABRIEL,46.9636
2026-09-22,15:29,GAEL,18.0431
2026-09-22,15:29,GAIL,0.7091
2026-09-22,15:29,GALAPREC,36.2261
2026-09-22,15:29,GALAXYSURF,7.3496
2026-09-22,15:29,GALLANTT,3.4502
2026-09-22,15:29,GANDHAR,81.582
2026-09-22,15:29,GANDHITUBE,31.6363
2026-09-22,15:29,GANECOS,17.9445
2026-09-22,15:29,GANESHBE,54.3829
2026-09-22,15:29,GARFIBRES,15.0154
2026-09-22,15:29,GARUDA,-4.1647
2026-09-22,15:29,GAYAPROJ,184.6154
2026-09-22,15:29,GCSL,90.0967
2026-09-22,15:29,GEECEE,17.5814
2026-09-22,15:29,GENESYS,-7.5486
2026-09-22,15:29,GENUSPOWER,5.9942
2026-09-22,15:29,GEOJITFSL,9.5206
2026-09-22,15:29,GESHIP,32.6438
2026-09-22,15:29,GFLLIMITED,-2.3324
2026-09-22,15:29,GHCLTEXTIL,85.9484
2026-09-22,15:29,GIPCL,20.9134
2026-09-22,15:29,GKSL,67.5627
2026-09-22,15:29,GLAND,74.8876
2026-09-22,15:29,GLAXO,20.5268
2026-09-22,15:29,GLENMARK,21.2632
2026-09-22,15:29,GLOBAL,45.3716
2026-09-22,15:29,GLOTTIS,-2.1476
2026-09-22,15:29,GMDCLTD,-5.3802
2026-09-22,15:29,GMMPFAUDLR,35.952
2026-09-22,15:29,GMRAIRPORT,-4.3846
2026-09-22,15:29,GNA,87.9686
2026-09-22,15:29,GNFC,23.3797
2026-09-22,15:29,GOCLCORP,41.3514
2026-09-22,15:29,GODREJAGRO,16.4248
2026-09-22,15:29,GODREJIND,13.6303
2026-09-22,15:29,GOKEX,-5.4868
2026-09-22,15:29,GOKULAGRO,25.6534
2026-09-22,15:29,GOODLUCK,53.6408
2026-09-22,15:29,GPTHEALTH,15.7824
2026-09-22,15:29,GPTINFRA,11.0422
2026-09-22,15:29,GRANULES,44.3934
2026-09-22,15:29,GRAPHITE,40.8457
2026-09-22,15:29,GRASIM,10.082
2026-09-22,15:29,GREAVESCOT,5.6008
2026-09-22,15:29,GREENLAM,-6.4834
2026-09-22,15:29,GREENPLY,12.0068
2026-09-22,15:29,GRINDWELL,21.5967
2026-09-22,15:29,GROWW,18.2745
2026-09-22,15:29,GRPLTD,17.6194
2026-09-22,15:29,GRSE,-0.6047
2026-09-22,15:29,GRWRHITECH,102.9034
2026-09-22,15:29,GUFICBIO,32.5986
2026-09-22,15:29,GUJALKALI,26.6525
2026-09-22,15:29,GUJTHEM,-5.4765
2026-09-22,15:29,GVPIL,112.4014
2026-09-22,15:29,GVT&D,38.26
2026-09-22,15:29,HAL,10.9698
2026-09-22,15:29,HAPPYFORGE,87.7393
2026-09-22,15:29,HARIOMPIPE,-0.2756
2026-09-22,15:29,HARSHA,24.6082
2026-09-22,15:29,HATSUN,22.3421
2026-09-22,15:29,HCC,19.8562
2026-09-22,15:29,HCG,7.2411
2026-09-22,15:29,HDFCAMC,-7.6116
2026-09-22,15:29,HEALTHX,-3.5173
2026-09-22,15:29,HEG,24.2003
2026-09-22,15:29,HEROMOTOCO,-5.9184
2026-09-22,15:29,HESTERBIO,37.9011
2026-09-22,15:29,HEXATRADEX,-0.7251
2026-09-22,15:29,HFCL,248.126
2026-09-22,15:29,HIKAL,0.0132
2026-09-22,15:29,HINDALCO,10.0492
2026-09-22,15:29,HINDCOPPER,-4.7155
2026-09-22,15:29,HINDOILEXP,13.526
2026-09-22,15:29,HINDZINC,-5.5653
2026-09-22,15:29,HIRECT,66.3921
2026-09-22,15:29,HITECHCORP,95.5117
2026-09-22,15:29,HLEGLAS,2.4006
2026-09-22,15:29,HMT,35.4737
2026-09-22,15:29,HMVL,19.4219
2026-09-22,15:29,HNDFDS,22.3982
2026-09-22,15:29,HOMEFIRST,9.8378
2026-09-22,15:29,HONASA,62.5708
2026-09-22,15:29,HONAUT,3.1217
2026-09-22,15:29,HSCL,36.8319
2026-09-22,15:29,HTMEDIA,3.514
2026-09-22,15:29,HUHTAMAKI,18.9282
2026-09-22,15:29,IBULLSLTD,67.4801
2026-09-22,15:29,ICICIAMC,19.3049
2026-09-22,15:29,ICICIBANK,-0.216
2026-09-22,15:29,ICIL,50.4104
2026-09-22,15:29,IDEAFORGE,59.6125
2026-09-22,15:29,IDFCFIRSTB,0.6366
2026-09-22,15:29,IFCI,50.5551
2026-09-22,15:29,IFGLEXPOR,-3.8576
2026-09-22,15:29,IGARASHI,-1.6013
2026-09-22,15:29,IGIL,-1.0891
2026-09-22,15:29,IGPL,44.4986
2026-09-22,15:29,IIFL,2.3875
2026-09-22,15:29,IIFLCAPS,-1.4706
2026-09-22,15:29,IKIO,14.7841
2026-09-22,15:29,IKS,12.0221
2026-09-22,15:29,IL&FSENGG,60.7657
2026-09-22,15:29,IMAGICAA,16.7038
2026-09-22,15:29,IMPAL,4.3385
2026-09-22,15:29,INDGN,13.7123
2026-09-22,15:29,INDHOTEL,0.9184
2026-09-22,15:29,INDIAGLYCO,25.9436
2026-09-22,15:29,INDIANB,3.9308
2026-09-22,15:29,INDIGO,0.2391
2026-09-22,15:29,INDIGOPNTS,1.7372
2026-09-22,15:29,INDNIPPON,56.0982
2026-09-22,15:29,INDOAMIN,5.3043
2026-09-22,15:29,INDOBORAX,72.4645
2026-09-22,15:29,INDOCO,10.3686
2026-09-22,15:29,INDORAMA,115.8608
2026-09-22,15:29,INDOSTAR,4.1933
2026-09-22,15:29,INDOTECH,110.7326
2026-09-22,15:29,INDSWFTLAB,353.2804
2026-09-22,15:29,INDUSINDBK,13.4878
2026-09-22,15:29,INGERRAND,23.4762
2026-09-22,15:29,INNOVACAP,70.6001
2026-09-22,15:29,INOXINDIA,92.5375
2026-09-22,15:29,IOLCP,149.8317
2026-09-22,15:29,IONEXCHANG,12.631
2026-09-22,15:29,IPCALAB,43.7311
2026-09-22,15:29,IRISDOREME,79.5609
2026-09-22,15:29,IRMENERGY,-5.1599
2026-09-22,15:29,ITDC,21.786
2026-09-22,15:29,IZMO,14.5114
2026-09-22,15:29,J&KBANK,47.028
2026-09-22,15:29,JAGSNPHARM,16.9508
2026-09-22,15:29,JAIBALAJI,-4.0567
2026-09-22,15:29,JAMNAAUTO,2.828
2026-09-22,15:29,JARO,-1.1593
2026-09-22,15:29,JASH,34.3326
2026-09-22,15:29,JAYAGROGN,15.5849
2026-09-22,15:29,JAYBARMARU,21.157
2026-09-22,15:29,JAYKAY,-3.0988
2026-09-22,15:29,JAYNECOIND,-2.4527
2026-09-22,15:29,JBMA,-6.4727
2026-09-22,15:29,JGCHEM,75.8934
2026-09-22,15:29,JINDALPOLY,50.2237
2026-09-22,15:29,JINDALSAW,73.8484
2026-09-22,15:29,JINDALSTEL,11.7204
2026-09-22,15:29,JINDRILL,5.0595
2026-09-22,15:29,JINDWORLD,84.915
2026-09-22,15:29,JITFINFRA,3.9721
2026-09-22,15:29,JKCEMENT,-7.0564
2026-09-22,15:29,JKPAPER,16.917
2026-09-22,15:29,JLHL,-1.3498
2026-09-22,15:29,JNKINDIA,67.8289
2026-09-22,15:29,JPOLYINVST,-5.0512
2026-09-22,15:29,JSFB,27.2684
2026-09-22,15:29,JSWCEMENT,-3.5298
2026-09-22,15:29,JSWDULUX,-2.1552
2026-09-22,15:29,JSWENERGY,10.2714
2026-09-22,15:29,JSWINFRA,28.1953
2026-09-22,15:29,JSWSTEEL,13.9799
2026-09-22,15:29,JTLIND,49.1557
2026-09-22,15:29,JUBLPHARMA,2.8872
2026-09-22,15:29,JUSTDIAL,-4.7446
2026-09-22,15:29,JYOTICNC,9.9473
2026-09-22,15:29,KABRAEXTRU,200.0856
2026-09-22,15:29,KAJARIACER,22.2222
2026-09-22,15:29,KALYANKJIL,21.0128
2026-09-22,15:29,KAMATHOTEL,2.0448
2026-09-22,15:29,KAMDHENU,65.3126
2026-09-22,15:29,KANORICHEM,127.4836
2026-09-22,15:29,KANPRPLA,52.5419
2026-09-22,15:29,KAPSTON,187.0403
2026-09-22,15:29,KARURVYSYA,23.5289
2026-09-22,15:29,KDDL,62.7653
2026-09-22,15:29,KECL,22.5086
2026-09-22,15:29,KEI,5.112
2026-09-22,15:29,KENNAMET,62.4527
2026-09-22,15:29,KERNEX,39.923
2026-09-22,15:29,KICL,2.0801
2026-09-22,15:29,KILITCH,22.3736
2026-09-22,15:29,KIMS,31.2287
2026-09-22,15:29,KINGFA,42.0593
2026-09-22,15:29,KIRLFER,-4.0875
2026-09-22,15:29,KIRLOSBROS,9.7965
2026-09-22,15:29,KIRLOSENG,76.8357
2026-09-22,15:29,KIRLOSIND,16.6264
2026-09-22,15:29,KIRLPNU,37.3494
2026-09-22,15:29,KKCL,-1.5235
2026-09-22,15:29,KMEW,59.5743
2026-09-22,15:29,KNAGRI,0.1719
2026-09-22,15:29,KOLTEPATIL,10.7002
2026-09-22,15:29,KOPRAN,84.1092
2026-09-22,15:29,KOTAKBANK,-4.1553
2026-09-22,15:29,KOTHARIPET,6.2906
2026-09-22,15:29,KOVAI,122.5135
2026-09-22,15:29,KPIL,20.4076
2026-09-22,15:29,KPRMILL,21.5223
2026-09-22,15:29,KRBL,-1.8502
2026-09-22,15:29,KRISHANA,75.7697
2026-09-22,15:29,KRISHNADEF,26.026
2026-09-22,15:29,KRN,99.2843
2026-09-22,15:29,KRONOX,34.2293
2026-09-22,15:29,KROSS,38.8088
2026-09-22,15:29,KRYSTAL,24.0268
2026-09-22,15:29,KSB,10.102
2026-09-22,15:29,KSHINTL,202.6017
2026-09-22,15:29,KSL,29.5099
2026-09-22,15:29,KTKBANK,60.9927
2026-09-22,15:29,KUANTUM,-5.8726
2026-09-22,15:29,LALPATHLAB,30.9877
2026-09-22,15:29,LANDMARK,9.5376
2026-09-22,15:29,LAURUSLABS,83.7622
2026-09-22,15:29,LAXMIINDIA,1.1196
2026-09-22,15:29,LENSKART,50.0543
2026-09-22,15:29,LGBBROSLTD,-3.6798
2026-09-22,15:29,LGEINDIA,8.7528
2026-09-22,15:29,LICHSGFIN,5.0967
2026-09-22,15:29,LICI,-4.7288
2026-09-22,15:29,LIKHITHA,23.0288
2026-09-22,15:29,LINCOLN,24.4191
2026-09-22,15:29,LINDEINDIA,7.0279
2026-09-22,15:29,LLOYDSENGG,53.1713
2026-09-22,15:29,LLOYDSENT,17.3696
2026-09-22,15:29,LLOYDSME,43.5061
2026-09-22,15:29,LMW,15.9571
2026-09-22,15:29,LODHA,8.2411
2026-09-22,15:29,LOKESHMACH,107.8478
2026-09-22,15:29,LOTUSDEV,33.8005
2026-09-22,15:29,LT,-4.5805
2026-09-22,15:29,LTF,-0.1801
2026-09-22,15:29,LTFOODS,10.2289
2026-09-22,15:29,LUMAXIND,12.5855
2026-09-22,15:29,LUMAXTECH,39.2368
2026-09-22,15:29,LUPIN,2.6245
2026-09-22,15:29,LUXIND,5.7367
2026-09-22,15:29,LXCHEM,7.0479
2026-09-22,15:29,MACPOWER,107.8521
2026-09-22,15:29,MAGADSUGAR,-0.7138
2026-09-22,15:29,MAHABANK,36.1758
2026-09-22,15:29,MAHASTEEL,14.8247
2026-09-22,15:29,MAHLOG,26.0986
2026-09-22,15:29,MAHSCOOTER,-6.0612
2026-09-22,15:29,MAHSEAMLES,26.8486
2026-09-22,15:29,MAITHANALL,-1.5973
2026-09-22,15:29,MAMATA,-6.0091
2026-09-22,15:29,MANAKCOAT,0.4543
2026-09-22,15:29,MANAKSTEEL,58.6538
2026-09-22,15:29,MANALIPETC,36.1624
2026-09-22,15:29,MANAPPURAM,3.1497
2026-09-22,15:29,MANBA,-1.3166
2026-09-22,15:29,MANGLMCEM,31.8182
2026-09-22,15:29,MANINDS,122.3123
2026-09-22,15:29,MANINFRA,-1.6882
2026-09-22,15:29,MANKIND,15.2149
2026-09-22,15:29,MANORAMA,46.594
2026-09-22,15:29,MANYAVAR,-7.1137
2026-09-22,15:29,MARICO,12.2987
2026-09-22,15:29,MARINE,94.0985
2026-09-22,15:29,MARKSANS,85.4565
2026-09-22,15:29,MATRIMONY,4.0722
2026-09-22,15:29,MAXESTATES,33.975
2026-09-22,15:29,MAXHEALTH,1.5085
2026-09-22,15:29,MAYURUNIQ,47.3369
2026-09-22,15:29,MAZDA,13.8976
2026-09-22,15:29,MBAPL,94.5057
2026-09-22,15:29,MBECL,8786.1567
2026-09-22,15:29,MCLOUD,0.2389
2026-09-22,15:29,MCX,49.8117
2026-09-22,15:29,MEDANTA,29.2278
2026-09-22,15:29,MEESHO,29.0304
2026-09-22,15:29,MENONBE,187.2261
2026-09-22,15:29,METROPOLIS,27.4719
2026-09-22,15:29,MFSL,-4.907
2026-09-22,15:29,MGL,-3.9593
2026-09-22,15:29,MIDHANI,17.1723
2026-09-22,15:29,MINDACORP,20.8499
2026-09-22,15:29,MMFL,69.7089
2026-09-22,15:29,MMP,81.5427
2026-09-22,15:29,MODIS,4.7504
2026-09-22,15:29,MODISONLTD,198.6288
2026-09-22,15:29,MOL,-2.8151
2026-09-22,15:29,MOLDTECH,31.0154
2026-09-22,15:29,MOLDTKPAC,5.1684
2026-09-22,15:29,MONARCH,21.4298
2026-09-22,15:29,MOREPENLAB,194.1438
2026-09-22,15:29,MOSCHIP,2.6889
2026-09-22,15:29,MOTHERSON,35.0898
2026-09-22,15:29,MOTILALOFS,20.0095
2026-09-22,15:29,MPSLTD,29.8743
2026-09-22,15:29,MRPL,15.9989
2026-09-22,15:29,MSTCLTD,45.3351
2026-09-22,15:29,MTARTECH,203.0534
2026-09-22,15:29,MUFIN,14.9627
2026-09-22,15:29,MUKANDLTD,5.8775
2026-09-22,15:29,MUKKA,14.4231
2026-09-22,15:29,MUNJALAU,33.6735
2026-09-22,15:29,MUNJALSHOW,7.9777
2026-09-22,15:29,MUTHOOTMF,10.4257
2026-09-22,15:29,MVGJL,17.7062
2026-09-22,15:29,NAHARINDUS,20.0091
2026-09-22,15:29,NAHARPOLY,-1.6515
2026-09-22,15:29,NAHARSPING,43.5695
2026-09-22,15:29,NAM-INDIA,34.3223
2026-09-22,15:29,NATIONALUM,11.2445
2026-09-22,15:29,NAUKRI,-2.3221
2026-09-22,15:29,NAVA,-1.4931
2026-09-22,15:29,NAVINFLUOR,37.5051
2026-09-22,15:29,NAZARA,40.0567
2026-09-22,15:29,NELCAST,4.6512
2026-09-22,15:29,NELCO,41.553
2026-09-22,15:29,NEOGEN,102.5023
2026-09-22,15:29,NEPHROPLUS,61.3108
2026-09-22,15:29,NESTLEIND,7.0481
2026-09-22,15:29,NETWEB,55.7237
2026-09-22,15:29,NEULANDLAB,51.0483
2026-09-22,15:29,NGLFINE,114.6858
2026-09-22,15:29,NH,2.9182
2026-09-22,15:29,NHPC,-3.2706
2026-09-22,15:29,NIACL,22.4342
2026-09-22,15:29,NIBE,24.3781
2026-09-22,15:29,NIITLTD,-0.6327
2026-09-22,15:29,NILKAMAL,35.8194
2026-09-22,15:29,NINSYS,78.8805
2026-09-22,15:29,NITINSPIN,92.8368
2026-09-22,15:29,NIVABUPA,8.0037
2026-09-22,15:29,NLCINDIA,5.3421
2026-09-22,15:29,NMDC,-3.8485
2026-09-22,15:29,NOCIL,27.618
2026-09-22,15:29,NORTHARC,27.2251
2026-09-22,15:29,NOVARTIND,130.3373
2026-09-22,15:29,NPST,34.4055
2026-09-22,15:29,NRAIL,38.612
2026-09-22,15:29,NRBBEARING,91.2197
2026-09-22,15:29,NRL,184.0868
2026-09-22,15:29,NSLNISP,-1.7564
2026-09-22,15:29,NTPC,0.8926
2026-09-22,15:29,NTPCGREEN,-0.4162
2026-09-22,15:29,NUVAMA,15.4461
2026-09-22,15:29,NUVOCO,-4.8441
2026-09-22,15:29,NYKAA,26.5604
2026-09-22,15:29,OAL,95.4721
2026-09-22,15:29,OBEROIRLTY,12.1127
2026-09-22,15:29,OCCLLTD,50.2432
2026-09-22,15:29,OFSS,44.0897
2026-09-22,15:29,OIL,13.501
2026-09-22,15:29,OLAELEC,3.2805
2026-09-22,15:29,OLECTRA,0.7116
2026-09-22,15:29,OMAXE,45.8438
2026-09-22,15:29,ONEPOINT,11.5425
2026-09-22,15:29,ONGC,0.6179
2026-09-22,15:29,ONIDA,24.7934
2026-09-22,15:29,ONMOBILE,-5.8481
2026-09-22,15:29,ONWARDTEC,0.4029
2026-09-22,15:29,OPTIEMUS,43.0243
2026-09-22,15:29,ORBTEXP,18.4171
2026-09-22,15:29,ORCHPHARMA,47.1558
2026-09-22,15:29,ORICONENT,-6.4251
2026-09-22,15:29,ORIENTBELL,31.9892
2026-09-22,15:29,ORIENTELEC,-5.8724
2026-09-22,15:29,ORIENTHOT,39.7223
2026-09-22,15:29,PAGEIND,4.4566
2026-09-22,15:29,PAISALO,160.7591
2026-09-22,15:29,PANACEABIO,-1.0089
2026-09-22,15:29,PANACHE,52.5292
2026-09-22,15:29,PANAMAPET,68.2398
2026-09-22,15:29,PARACABLES,58.822
2026-09-22,15:29,PARADEEP,-6.6485
2026-09-22,15:29,PARAGMILK,-0.6931
2026-09-22,15:29,PARAS,102.3092
2026-09-22,15:29,PARKHOSPS,93.5769
2026-09-22,15:29,PASHUPATI,-1.0854
2026-09-22,15:29,PASUPTAC,38.2262
2026-09-22,15:29,PATELENG,-3.3825
2026-09-22,15:29,PATELRMART,3.7172
2026-09-22,15:29,PAUSHAKLTD,21.661
2026-09-22,15:29,PAYTM,40.1514
2026-09-22,15:29,PCBL,21.8465
2026-09-22,15:29,PDMJEPAPER,5.1517
2026-09-22,15:29,PDSL,-2.7445
2026-09-22,15:29,PETRONET,0.7149
2026-09-22,15:29,PFC,-1.0162
2026-09-22,15:29,PFOCUS,47.7921
2026-09-22,15:29,PGEL,-7.446
2026-09-22,15:29,PGHL,-3.4062
2026-09-22,15:29,PGIL,48.7674
2026-09-22,15:29,PHOENIXLTD,5.498
2026-09-22,15:29,PICCADIL,12.9317
2026-09-22,15:29,PIDILITIND,8.3948
2026-09-22,15:29,PITTIENG,37.8594
2026-09-22,15:29,PIXTRANS,23.1524
2026-09-22,15:29,PNB,-4.3961
2026-09-22,15:29,PNBGILTS,-3.7743
2026-09-22,15:29,PNBHOUSING,19.1237
2026-09-22,15:29,PNGJL,-0.5897
2026-09-22,15:29,POLICYBZR,-2.8996
2026-09-22,15:29,POLYCAB,11.3779
2026-09-22,15:29,POLYMED,0.0177
2026-09-22,15:29,POLYPLEX,33.4637
2026-09-22,15:29,POONAWALLA,-2.4597
2026-09-22,15:29,POWERGRID,2.151
2026-09-22,15:29,POWERINDIA,73.4677
2026-09-22,15:29,POWERMECH,7.29
2026-09-22,15:29,PPL,15.3976
2026-09-22,15:29,PPLPHARMA,22.662
2026-09-22,15:29,PRABHA,24.5022
2026-09-22,15:29,PRAJIND,-0.22
2026-09-22,15:29,PRECOT,64.959
2026-09-22,15:29,PRECWIRE,104.9239
2026-09-22,15:29,PREMEXPLN,30.0888
2026-09-22,15:29,PREMIERENE,6.4726
2026-09-22,15:29,PREMIERPOL,96.3645
2026-09-22,15:29,PRESTIGE,-5.7339
2026-09-22,15:29,PRICOLLTD,19.335
2026-09-22,15:29,PRIMESECU,5.164
2026-09-22,15:29,PRIMO,-4.6238
2026-09-22,15:29,PRINCEPIPE,6.5689
2026-09-22,15:29,PRIVISCL,10.1771
2026-09-22,15:29,PROZONER,-4.6724
2026-09-22,15:29,PRUDENT,33.7302
2026-09-22,15:29,PSPPROJECT,-2.6833
2026-09-22,15:29,PTC,-1.9036
2026-09-22,15:29,PTCIL,21.5066
2026-09-22,15:29,PTL,-1.9683
2026-09-22,15:29,PVP,70.8497
2026-09-22,15:29,PVRINOX,34.0834
2026-09-22,15:29,PWL,5.3791
2026-09-22,15:29,PYRAMID,-2.8387
2026-09-22,15:29,QPOWER,105.6528
2026-09-22,15:29,QUADFUTURE,60.27
2026-09-22,15:29,QUESS,71.4062
2026-09-22,15:29,RACLGEAR,54.8899
2026-09-22,15:29,RADHIKAJWE,-4.0431
2026-09-22,15:29,RADICO,31.7772
2026-09-22,15:29,RAIN,50.6485
2026-09-22,15:29,RAINBOW,8.5578
2026-09-22,15:29,RAJRATAN,1.7286
2026-09-22,15:29,RAMCOIND,3.1009
2026-09-22,15:29,RAMCOSYS,2.7491
2026-09-22,15:29,RAMRAT,75.7221
2026-09-22,15:29,RANEHOLDIN,21.4368
2026-09-22,15:29,RATEGAIN,23.5889
2026-09-22,15:29,RATNAMANI,20.6393
2026-09-22,15:29,RATNAVEER,121.4595
2026-09-22,15:29,RAYMOND,167.7253
2026-09-22,15:29,RAYMONDREL,16.3755
2026-09-22,15:29,RBA,45.6978
2026-09-22,15:29,RBLBANK,36.6484
2026-09-22,15:29,RBZJEWEL,27.8257
2026-09-22,15:29,REDINGTON,52.8875
2026-09-22,15:29,REDTAPE,-2.567
2026-09-22,15:29,REFEX,16.0056
2026-09-22,15:29,REGAAL,42.6203
2026-09-22,15:29,RELIGARE,3.506
2026-09-22,15:29,RELTD,-4.3324
2026-09-22,15:29,RGL,31.0431
2026-09-22,15:29,RICOAUTO,-2.0411
2026-09-22,15:29,RISHABH,86.9416
2026-09-22,15:29,RITCO,7.4247
2026-09-22,15:29,RKFORGE,41.1191
2026-09-22,15:29,RML,72.0577
2026-09-22,15:29,ROLEXRINGS,34.871
2026-09-22,15:29,ROSSTECH,135.1802
2026-09-22,15:29,RPEL,87.465
2026-09-22,15:29,RPGLIFE,20.2355
2026-09-22,15:29,RPSGVENT,12.6405
2026-09-22,15:29,RPTECH,149.5904
2026-09-22,15:29,RRKABEL,72.5161
2026-09-22,15:29,RSWM,52.3762
2026-09-22,15:29,RUBICON,152.1805
2026-09-22,15:29,RUBYMILLS,107.9528
2026-09-22,15:29,SAATVIKGL,18.1097
2026-09-22,15:29,SAIL,23.3938
2026-09-22,15:29,SAILIFE,75.8115
2026-09-22,15:29,SAKAR,191.7035
2026-09-22,15:29,SALSTEEL,90.4068
2026-09-22,15:29,SAMBHV,59.7855
2026-09-22,15:29,SAMMAANCAP,0.9574
2026-09-22,15:29,SANATHAN,13.198
2026-09-22,15:29,SANDESH,-2.7161
2026-09-22,15:29,SANDHAR,6.5419
2026-09-22,15:29,SANGAMIND,20.0928
2026-09-22,15:29,SANGHVIMOV,27.5952
2026-09-22,15:29,SANSERA,175.168
2026-09-22,15:29,SANSTAR,20.632
2026-09-22,15:29,SAPPHIRE,-4.0679
2026-09-22,15:29,SARDAEN,-2.5837
2026-09-22,15:29,SAREGAMA,43.3433
2026-09-22,15:29,SARLAPOLY,9.6311
2026-09-22,15:29,SASKEN,17.0478
2026-09-22,15:29,SATIA,2.1364
2026-09-22,15:29,SATIN,55.3452
2026-09-22,15:29,SBC,73.7734
2026-09-22,15:29,SBCL,165.1841
2026-09-22,15:29,SBIN,1.392
2026-09-22,15:29,SCHAEFFLER,6.031
2026-09-22,15:29,SCHNEIDER,73.0862
2026-09-22,15:29,SCI,23.0358
2026-09-22,15:29,SCPL,114.5343
2026-09-22,15:29,SEAMECLTD,62.6459
2026-09-22,15:29,SENCO,5.9849
2026-09-22,15:29,SENORES,67.5449
2026-09-22,15:29,SESHAPAPER,3.5388
2026-09-22,15:29,SETL,170.7128
2026-09-22,15:29,SFL,11.999
2026-09-22,15:29,SGFIN,57.807
2026-09-22,15:29,SGIL,34.8867
2026-09-22,15:29,SGMART,89.9224
2026-09-22,15:29,SHAILY,40.798
2026-09-22,15:29,SHALPAINTS,29.5079
2026-09-22,15:29,SHANTIGEAR,43.3557
2026-09-22,15:29,SHANTIGOLD,38.6343
2026-09-22,15:29,SHARDAMOTR,5.4786
2026-09-22,15:29,SHAREINDIA,36.0878
2026-09-22,15:29,SHILCTECH,4.5007
2026-09-22,15:29,SHILPAMED,227.3606
2026-09-22,15:29,SHIVALIK,16.5339
2026-09-22,15:29,SHIVAUM,83.2918
2026-09-22,15:29,SHOPERSTOP,5.1433
2026-09-22,15:29,SHREEJISPG,99.4593
2026-09-22,15:29,SHREEPUSHK,34.2668
2026-09-22,15:29,SHRINGARMS,-5.3935
2026-09-22,15:29,SHRIPISTON,42.849
2026-09-22,15:29,SHRIRAMFIN,2.7159
2026-09-22,15:29,SHYAMMETL,31.2421
2026-09-22,15:29,SICALLOG,-4.3265
2026-09-22,15:29,SIEMENS,27.3477
2026-09-22,15:29,SIGACHI,-4.612
2026-09-22,15:29,SIGMAADV,399.5784
2026-09-22,15:29,SIGNPOST,25.7653
2026-09-22,15:29,SILVERTUC,54.0567
2026-09-22,15:29,SIMPLEXINF,6.5918
2026-09-22,15:29,SINDHUTRAD,20.9734
2026-09-22,15:29,SIS,27.1133
2026-09-22,15:29,SJS,34.8191
2026-09-22,15:29,SKFINDUS,7.3302
2026-09-22,15:29,SKIPPER,36.6967
2026-09-22,15:29,SKMEGGPROD,3.3637
2026-09-22,15:29,SKYGOLD,142.0965
2026-09-22,15:29,SMARTWORKS,14.0491
2026-09-22,15:29,SMCGLOBAL,-3.6695
2026-09-22,15:29,SMLMAH,69.5687
2026-09-22,15:29,SMSPHARMA,53.9822
2026-09-22,15:29,SOFTTECH,58.8301
2026-09-22,15:29,SOLARA,35.0903
2026-09-22,15:29,SOLARINDS,65.3642
2026-09-22,15:29,SOMANYCERA,46.1123
2026-09-22,15:29,SONACOMS,68.9641
2026-09-22,15:29,SOTL,87.6554
2026-09-22,15:29,SOUTHBANK,19.7828
2026-09-22,15:29,SOUTHWEST,-3.3094
2026-09-22,15:29,SPAL,39.3202
2026-09-22,15:29,SPARC,47.2369
2026-09-22,15:29,SPECIALITY,36.2212
2026-09-22,15:29,SPECTRUM,174.567
2026-09-22,15:29,SPLPETRO,34.7172
2026-09-22,15:29,SPMLINFRA,-2.4499
2026-09-22,15:29,SPORTKING,148.1949
2026-09-22,15:29,SREEL,27.9367
2026-09-22,15:29,SRHHYPOLTD,17.5461
2026-09-22,15:29,SSWL,91.4157
2026-09-22,15:29,STALLION,-7.5329
2026-09-22,15:29,STAR,34.0601
2026-09-22,15:29,STARHEALTH,21.3593
2026-09-22,15:29,STEELCAS,71.0552
2026-09-22,15:29,STEL,29.1581
2026-09-22,15:29,STLNETWORK,113.6282
2026-09-22,15:29,STLTECH,723.3304
2026-09-22,15:29,STOVEKRAFT,47.2954
2026-09-22,15:29,STYL,32.2533
2026-09-22,15:29,STYLAMIND,52.1493
2026-09-22,15:29,STYLEBAAZA,36.8796
2026-09-22,15:29,STYRENIX,5.6476
2026-09-22,15:29,SUDARSCHEM,31.9923
2026-09-22,15:29,SUDEEPPHRM,97.3296
2026-09-22,15:29,SUMICHEM,-1.2839
2026-09-22,15:29,SUNCLAY,2.1615
2026-09-22,15:29,SUNDARMFIN,-7.4588
2026-09-22,15:29,SUNDRMFAST,29.1228
2026-09-22,15:29,SUNDROP,8.2064
2026-09-22,15:29,SUNFLAG,34.8974
2026-09-22,15:29,SUNPHARMA,7.3364
2026-09-22,15:29,SUPRAJIT,2.9603
2026-09-22,15:29,SUPREMEIND,5.6867
2026-09-22,15:29,SUPREMEINF,-5.903
2026-09-22,15:29,SUPRIYA,28.1348
2026-09-22,15:29,SURAKSHA,32.4836
2026-09-22,15:29,SURYODAY,5.2102
2026-09-22,15:29,SUTLEJTEX,19.8276
2026-09-22,15:29,SUVEN,100.3404
2026-09-22,15:29,SUYOG,10.8408
2026-09-22,15:29,SVLL,27.455
2026-09-22,15:29,SWANDEF,706.1602
2026-09-22,15:29,SWARAJENG,-0.2692
2026-09-22,15:29,SYNCOMF,44.7835
2026-09-22,15:29,SYRMA,141.0129
2026-09-22,15:29,TALBROAUTO,73.9115
2026-09-22,15:29,TANLA,-6.2216
2026-09-22,15:29,TARIL,-0.97
2026-09-22,15:29,TARSONS,41.7394
2026-09-22,15:29,TASTYBITE,25.2182
2026-09-22,15:29,TATACAP,1.3219
2026-09-22,15:29,TATACOMM,-6.585
2026-09-22,15:29,TATAINVEST,-1.3163
2026-09-22,15:29,TATAPOWER,-1.9634
2026-09-22,15:29,TATASTEEL,5.2162
2026-09-22,15:29,TATATECH,12.0235
2026-09-22,15:29,TATVA,34.4174
2026-09-22,15:29,TBOTEK,3.1983
2026-09-22,15:29,TBZ,308.7669
2026-09-22,15:29,TCPLPACK,27.8104
2026-09-22,15:29,TDPOWERSYS,115.2655
2026-09-22,15:29,TECHM,-3.303
2026-09-22,15:29,TECHNOE,-3.7287
2026-09-22,15:29,TEGA,6.4739
2026-09-22,15:29,TEJASNET,14.3648
2026-09-22,15:29,TENNIND,5.9145
2026-09-22,15:29,TEXINFRA,15.1697
2026-09-22,15:29,TFCILTD,123.9542
2026-09-22,15:29,THANGAMAYL,59.7597
2026-09-22,15:29,THEJO,22.6257
2026-09-22,15:29,THELEELA,23.8727
2026-09-22,15:29,THEMISMED,23.427
2026-09-22,15:29,THERMAX,15.2215
2026-09-22,15:29,THYROCARE,27.5257
2026-09-22,15:29,TI,28.4708
2026-09-22,15:29,TIIL,33.5751
2026-09-22,15:29,TIINDIA,0.3352
2026-09-22,15:29,TIMETECHNO,-0.4136
2026-09-22,15:29,TIMKEN,7.4834
2026-09-22,15:29,TINNARUBR,28.3468
2026-09-22,15:29,TIPSMUSIC,23.4011
2026-09-22,15:29,TIRUPATIFL,122.65
2026-09-22,15:29,TITAGARH,-4.9687
2026-09-22,15:29,TITAN,24.0155
2026-09-22,15:29,TMB,72.6074
2026-09-22,15:29,TMCV,7.4332
2026-09-22,15:29,TNPETRO,21.9397
2026-09-22,15:29,TNPL,-1.513
2026-09-22,15:29,TORNTPHARM,29.1175
2026-09-22,15:29,TORNTPOWER,-1.6027
2026-09-22,15:29,TPLPLASTEH,-0.8228
2026-09-22,15:29,TRAVELFOOD,6.7413
2026-09-22,15:29,TREL,-3.3958
2026-09-22,15:29,TRENT,-0.7925
2026-09-22,15:29,TRITURBINE,3.333
2026-09-22,15:29,TRIVENI,1.5774
2026-09-22,15:29,TRUALT,4.6327
2026-09-22,15:29,TSFINV,2.0234
2026-09-22,15:29,TTKHLTCARE,1.6552
2026-09-22,15:29,TVSELECT,-6.8912
2026-09-22,15:29,TVSHLTD,-7.1302
2026-09-22,15:29,TVSMOTOR,13.9052
2026-09-22,15:29,TVSSCS,19.2627
2026-09-22,15:29,TVSSRICHAK,12.5717
2026-09-22,15:29,UDS,6.3154
2026-09-22,15:29,UEL,62.2561
2026-09-22,15:29,UFBL,250.6475
2026-09-22,15:29,UFLEX,32.4512
2026-09-22,15:29,UGARSUGAR,30.4809
2026-09-22,15:29,UJJIVANSFB,24.7159
2026-09-22,15:29,ULTRACEMCO,-6.0231
2026-09-22,15:29,UNICHEMLAB,24.2218
2026-09-22,15:29,UNIMECH,92.1584
2026-09-22,15:29,UNIONBANK,17.3755
2026-09-22,15:29,UNIPARTS,78.3852
2026-09-22,15:29,UNITDSPR,-1.8121
2026-09-22,15:29,UNITEDPOLY,89.0871
2026-09-22,15:29,UNIVASTU,115.2695
2026-09-22,15:29,UNIVCABLES,65.9966
2026-09-22,15:29,UNIVPHOTO,166.0275
2026-09-22,15:29,UNOMINDA,-3.7148
2026-09-22,15:29,URBANCO,32.4489
2026-09-22,15:29,USHAMART,17.831
2026-09-22,15:29,UTLSOLAR,101.4835
2026-09-22,15:29,UTTAMSUGAR,2.5086
2026-09-22,15:29,VADILALIND,54.0083
2026-09-22,15:29,VALIANTLAB,75.3637
2026-09-22,15:29,VALIANTORG,54.0317
2026-09-22,15:29,VARROC,46.849
2026-09-22,15:29,VEDL,20.0475
2026-09-22,15:29,VENKEYS,12.6731
2026-09-22,15:29,VENUSPIPES,93.9037
2026-09-22,15:29,VENUSREM,117.3297
2026-09-22,15:29,VERANDA,27.5241
2026-09-22,15:29,VGUARD,-2.4798
2026-09-22,15:29,VHL,-6.0615
2026-09-22,15:29,VIDHIING,5.0642
2026-09-22,15:29,VIDYAWIRES,70.632
2026-09-22,15:29,VIJAYA,44.6496
2026-09-22,15:29,VIMTALABS,2.2626
2026-09-22,15:29,VINCOFE,12.4089
2026-09-22,15:29,VINDHYATEL,104.8909
2026-09-22,15:29,VISAKAIND,35.6548
2026-09-22,15:29,VISHNU,32.9951
2026-09-22,15:29,VIYASH,21.8508
2026-09-22,15:29,VMART,11.3818
2026-09-22,15:29,VOLTAMP,39.8348
2026-09-22,15:29,VRLLOG,8.7605
2026-09-22,15:29,VSSL,46.296
2026-09-22,15:29,VTL,25.4581
2026-09-22,15:29,WABAG,62.9906
2026-09-22,15:29,WALCHANNAG,7.4552
2026-09-22,15:29,WANBURY,-3.8428
2026-09-22,15:29,WELCORP,245.7376
2026-09-22,15:29,WELENT,56.609
2026-09-22,15:29,WELINV,79.4339
2026-09-22,15:29,WELSPUNLIV,66.599
2026-09-22,15:29,WENDT,11.6764
2026-09-22,15:29,WESTLIFE,6.93
2026-09-22,15:29,WEWORK,11.8304
2026-09-22,15:29,WHEELS,154.6264
2026-09-22,15:29,WINDLAS,41.9301
2026-09-22,15:29,WINDMACHIN,10.6807
2026-09-22,15:29,WOCKPHARMA,59.0307
2026-09-22,15:29,WONDERLA,-0.7187
2026-09-22,15:29,WSTCSTPAPR,82.5764
2026-09-22,15:29,XPROINDIA,26.4211
2026-09-22,15:29,YASHO,175.4174
2026-09-22,15:29,YATHARTH,67.0266
2026-09-22,15:29,YESBANK,8.5634
2026-09-22,15:29,YUKEN,28.1403
2026-09-22,15:29,ZENTEC,23.7194
2026-09-22,15:29,ZIMLAB,87.6315
2026-09-22,15:29,ZYDUSLIFE,28.9367
2026-09-22,15:29,ZYDUSWELL,22.7712
2026-09-23,15:29,20MICRONS,3.0267
2026-09-23,15:29,360ONE,-6.8908
2026-09-23,15:29,3IINFOLTD,54.9669
2026-09-23,15:29,3MINDIA,-1.4239
2026-09-23,15:29,5PAISA,-4.7027
2026-09-23,15:29,63MOONS,18.63
2026-09-23,15:29,AADHARHFC,-6.288
2026-09-23,15:29,AARTIDRUGS,5.976
2026-09-23,15:29,AARTIIND,31.4121
2026-09-23,15:29,AARTIPHARM,24.9468
2026-09-23,15:29,ABB,37.7176
2026-09-23,15:29,ABBOTINDIA,-7.2007
2026-09-23,15:29,ABCAPITAL,12.5105
2026-09-23,15:29,ABDL,6.984
2026-09-23,15:29,ABSLAMC,27.4884
2026-09-23,15:29,ACE,32.4566
2026-09-23,15:29,ACMESOLAR,90.4501
2026-09-23,15:29,ACUTAAS,91.5186
2026-09-23,15:29,ADANIENSOL,34.3262
2026-09-23,15:29,ADANIENT,33.6429
2026-09-23,15:29,ADANIGREEN,28.1549
2026-09-23,15:29,ADANIPORTS,22.9623
2026-09-23,15:29,ADANIPOWER,43.2268
2026-09-23,15:29,ADFFOODS,31.4293
2026-09-23,15:29,ADOR,50.0469
2026-09-23,15:29,ADVANCE,-2.7852
2026-09-23,15:29,ADVENZYMES,-1.737
2026-09-23,15:29,AEGISLOG,95.7219
2026-09-23,15:29,AEGISVOPAK,21.4357
2026-09-23,15:29,AEQUS,77.4238
2026-09-23,15:29,AEROENTER,48.2076
2026-09-23,15:29,AEROFLEX,169.7048
2026-09-23,15:29,AETHER,91.6289
2026-09-23,15:29,AFSL,1.2723
2026-09-23,15:29,AGARWALEYE,-2.6655
2026-09-23,15:29,AGI,11.4706
2026-09-23,15:29,AGIIL,2.439
2026-09-23,15:29,AHCL,96.5563
2026-09-23,15:29,AHLWEST,90.0323
2026-09-23,15:29,AIAENG,-1.1823
2026-09-23,15:29,AJANTPHARM,28.8635
2026-09-23,15:29,AJAXENGG,-4.1512
2026-09-23,15:29,AKUMS,81.5836
2026-09-23,15:29,ALEMBICLTD,4.793
2026-09-23,15:29,ALIVUS,50.8946
2026-09-23,15:29,ALKEM,-1.6163
2026-09-23,15:29,ALKYLAMINE,17.9751
2026-09-23,15:29,AMANTA,73.4917
2026-09-23,15:29,AMBER,10.6075
2026-09-23,15:29,AMBIKCO,28.2161
2026-09-23,15:29,ANANDRATHI,39.3908
2026-09-23,15:29,ANANTRAJ,15.4394
2026-09-23,15:29,ANDHRAPAP,5.9375
2026-09-23,15:29,ANDHRSUGAR,25.7928
2026-09-23,15:29,ANDREWYU,27.9727
2026-09-23,15:29,ANGELONE,27.9864
2026-09-23,15:29,ANTELOPUS,182.4273
2026-09-23,15:29,ANTHEM,35.3645
2026-09-23,15:29,ANUHPHR,15.9836
2026-09-23,15:29,APARINDS,113.6361
2026-09-23,15:29,APCOTEXIND,62.9174
2026-09-23,15:29,APEX,29.9749
2026-09-23,15:29,APLAPOLLO,14.6813
2026-09-23,15:29,APLLTD,-0.2068
2026-09-23,15:29,APOLLO,48.75
2026-09-23,15:29,APOLLOHOSP,28.7753
2026-09-23,15:29,APOLLOPIPE,77.7041
2026-09-23,15:29,APTECHT,-1.2973
2026-09-23,15:29,ARFIN,25.0273
2026-09-23,15:29,ARIES,42.8419
2026-09-23,15:29,ARIHANT,1755.4068
2026-09-23,15:29,ARIHANTCAP,4.6041
2026-09-23,15:29,ARIS,11.7226
2026-09-23,15:29,ARKADE,-5.8247
2026-09-23,15:29,ARMANFIN,26.4222
2026-09-23,15:29,ARROWGREEN,77.9535
2026-09-23,15:29,ARTEMISMED,26.1391
2026-09-23,15:29,ARVIND,72.9223
2026-09-23,15:29,ARVSMART,7.257
2026-09-23,15:29,ASAHIINDIA,-4.3054
2026-09-23,15:29,ASAL,-6.2727
2026-09-23,15:29,ASHIANA,35.6164
2026-09-23,15:29,ASIANENE,72.8556
2026-09-23,15:29,ASIANHOTNR,20.0277
2026-09-23,15:29,ASKAUTOLTD,36.0598
2026-09-23,15:29,ASTEC,7.4397
2026-09-23,15:29,ASTERDM,23.2147
2026-09-23,15:29,ASTRAL,0.4537
2026-09-23,15:29,ASTRAMICRO,63.2713
2026-09-23,15:29,ATGL,10.3317
2026-09-23,15:29,ATHERENERG,98.6618
2026-09-23,15:29,ATL,-7.4259
2026-09-23,15:29,ATLANTAELE,88.3443
2026-09-23,15:29,ATUL,-0.3745
2026-09-23,15:29,ATULAUTO,4.0814
2026-09-23,15:29,AUBANK,5.8824
2026-09-23,15:29,AUROPHARMA,45.5199
2026-09-23,15:29,AURUM,18.6928
2026-09-23,15:29,AVADHSUGAR,97.6203
2026-09-23,15:29,AVALON,178.2569
2026-09-23,15:29,AVANTEL,-7.3055
2026-09-23,15:29,AVL,27.9377
2026-09-23,15:29,AVTNPL,46.3444
2026-09-23,15:29,AXISBANK,-2.064
2026-09-23,15:29,AXISCADES,46.5961
2026-09-23,15:29,AYMSYNTEX,62.369
2026-09-23,15:29,AZAD,64.1578
2026-09-23,15:29,BAFNAPH,123.2617
2026-09-23,15:29,BAJAJ-AUTO,22.0165
2026-09-23,15:29,BAJAJCON,97.4434
2026-09-23,15:29,BAJAJHIND,10.5604
2026-09-23,15:29,BAJAJHLDNG,1.0681
2026-09-23,15:29,BAJEL,0.4617
2026-09-23,15:29,BAJFINANCE,5.7154
2026-09-23,15:29,BALAMINES,102.6048
2026-09-23,15:29,BALKRISIND,-5.1774
2026-09-23,15:29,BALRAMCHIN,52.2052
2026-09-23,15:29,BANARISUG,-7.1496
2026-09-23,15:29,BANDHANBNK,31.244
2026-09-23,15:29,BANKINDIA,-2.9197
2026-09-23,15:29,BANSALWIRE,2.2495
2026-09-23,15:29,BBOX,47.0182
2026-09-23,15:29,BCLIND,4.3718
2026-09-23,15:29,BECTORFOOD,-4.8177
2026-09-23,15:29,BEL,-0.8884
2026-09-23,15:29,BELRISE,34.7685
2026-09-23,15:29,BEML,12.662
2026-09-23,15:29,BEPL,43.8858
2026-09-23,15:29,BETA,41.2304
2026-09-23,15:29,BFINVEST,8.396
2026-09-23,15:29,BHAGCHEM,12.4209
2026-09-23,15:29,BHAGERIA,94.7998
2026-09-23,15:29,BHAGYANGR,179.0924
2026-09-23,15:29,BHARATFORG,36.2894
2026-09-23,15:29,BHARATSE,27.8097
2026-09-23,15:29,BHARATWIRE,-6.3068
2026-09-23,15:29,BHEL,47.1908
2026-09-23,15:29,BIL,43.793
2026-09-23,15:29,BIOCON,0.2793
2026-09-23,15:29,BIRLACABLE,164.3342
2026-09-23,15:29,BLISSGVS,327.9332
2026-09-23,15:29,BLKASHYAP,1.5237
2026-09-23,15:29,BLSE,58.7876
2026-09-23,15:29,BLUEJET,10.4772
2026-09-23,15:29,BLUESTONE,81.7313
2026-09-23,15:29,BLUSPRING,99.3235
2026-09-23,15:29,BODALCHEM,272.188
2026-09-23,15:29,BORANA,-0.8223
2026-09-23,15:29,BOROLTD,-5.024
2026-09-23,15:29,BOROSCI,-1.7605
2026-09-23,15:29,BOSCH-HCIL,23.8749
2026-09-23,15:29,BOSCHLTD,33.0605
2026-09-23,15:29,BRIGADE,-7.129
2026-09-23,15:29,BSE,24.2573
2026-09-23,15:29,CAMS,-2.2945
2026-09-23,15:29,CANHLIFE,2.3352
2026-09-23,15:29,CAPITALSFB,7.9871
2026-09-23,15:29,CAPLIPOINT,51.9939
2026-09-23,15:29,CARBORUNIV,47.7392
2026-09-23,15:29,CARERATING,2.4814
2026-09-23,15:29,CARTRADE,6.2133
2026-09-23,15:29,CARYSIL,20.7411
2026-09-23,15:29,CASTROLIND,0.3532
2026-09-23,15:29,CCL,10.4851
2026-09-23,15:29,CDSL,-6.4076
2026-09-23,15:29,CEIGALL,44.6507
2026-09-23,15:29,CEMPRO,66.3221
2026-09-23,15:29,CENTENKA,31.6291
2026-09-23,15:29,CENTUM,106.5349
2026-09-23,15:29,CERA,5.4341
2026-09-23,15:29,CGCL,46.9044
2026-09-23,15:29,CGPOWER,38.1386
2026-09-23,15:29,CHALET,1.5507
2026-09-23,15:29,CHEMBONDCH,71.1741
2026-09-23,15:29,CHEMCON,12.4355
2026-09-23,15:29,CHENNPETRO,66.0607
2026-09-23,15:29,CHEVIOT,8.9436
2026-09-23,15:29,CHOLAFIN,4.2181
2026-09-23,15:29,CLEAN,-4.5032
2026-09-23,15:29,CLSEL,12.1947
2026-09-23,15:29,COALINDIA,6.4035
2026-09-23,15:29,COFORGE,7.1798
2026-09-23,15:29,COMSYN,107.2141
2026-09-23,15:29,CONCORDBIO,15.9557
2026-09-23,15:29,CONFIPET,143.8304
2026-09-23,15:29,CONSOFINVT,80.2956
2026-09-23,15:29,CORONA,56.2134
2026-09-23,15:29,COSMOFIRST,26.1565
2026-09-23,15:29,CPPLUS,157.1227
2026-09-23,15:29,CRAFTSMAN,41.8038
2026-09-23,15:29,CREDITACC,5.9673
2026-09-23,15:29,CREST,-4.9721
2026-09-23,15:29,CRISIL,6.5763
2026-09-23,15:29,CUB,3.3291
2026-09-23,15:29,CUMMINSIND,12.9803
2026-09-23,15:29,CUPID,164.283
2026-09-23,15:29,CYIENT,-4.0795
2026-09-23,15:29,CYIENTDLM,131.7498
2026-09-23,15:29,DALMIASUG,35.9393
2026-09-23,15:29,DATAMATICS,-2.4576
2026-09-23,15:29,DATAPATTNS,68.3697
2026-09-23,15:29,DBOL,46.0528
2026-09-23,15:29,DCBBANK,29.9768
2026-09-23,15:29,DEEDEV,239.2891
2026-09-23,15:29,DEEPAKFERT,7.6995
2026-09-23,15:29,DEEPAKNTR,-5.5379
2026-09-23,15:29,DEEPINDS,67.73
2026-09-23,15:29,DELHIVERY,7.7133
2026-09-23,15:29,DELTACORP,-1.6053
2026-09-23,15:29,DEVYANI,-5.2991
2026-09-23,15:29,DHAMPURSUG,36.5029
2026-09-23,15:29,DHANBANK,21.3997
2026-09-23,15:29,DHARMAJ,24.1491
2026-09-23,15:29,DIACABS,173.7052
2026-09-23,15:29,DICIND,37.1909
2026-09-23,15:29,DIFFNKG,31.2127
2026-09-23,15:29,DIVGIITTS,92.4152
2026-09-23,15:29,DIVISLAB,50.5514
2026-09-23,15:29,DIXON,9.0729
2026-09-23,15:29,DLF,-1.8039
2026-09-23,15:29,DLINKINDIA,1.4041
2026-09-23,15:29,DMART,1.3907
2026-09-23,15:29,DMCC,16.5388
2026-09-23,15:29,DOLPHIN,50.9912
2026-09-23,15:29,DPABHUSHAN,1.9966
2026-09-23,15:29,DREDGECORP,1.9999
2026-09-23,15:29,DRREDDY,-4.7349
2026-09-23,15:29,DSSL,1.2529
2026-09-23,15:29,DVL,2.5803
2026-09-23,15:29,DWARKESH,10.9462
2026-09-23,15:29,DYCL,42.7417
2026-09-23,15:29,DYNAMATECH,34.0269
2026-09-23,15:29,E2E,218.9305
2026-09-23,15:29,EBGNG,132.4557
2026-09-23,15:29,EDELWEISS,31.4362
2026-09-23,15:29,EICHERMOT,2.1538
2026-09-23,15:29,EIEL,-1.2578
2026-09-23,15:29,EIFFL,-2.881
2026-09-23,15:29,EIMCOELECO,43.7113
2026-09-23,15:29,EKC,-2.2616
2026-09-23,15:29,ELECON,-3.0844
2026-09-23,15:29,ELECTCAST,-5.3558
2026-09-23,15:29,ELECTHERM,3.5839
2026-09-23,15:29,ELGIEQUIP,29.752
2026-09-23,15:29,EMAMIPAP,32.2806
2026-09-23,15:29,EMCURE,45.2327
2026-09-23,15:29,EMIL,85.4595
2026-09-23,15:29,EMKAY,-4.6512
2026-09-23,15:29,EMMVEE,73.1739
2026-09-23,15:29,EMUDHRA,12.5761
2026-09-23,15:29,ENDURANCE,3.0773
2026-09-23,15:29,ENGINERSIN,52.1566
2026-09-23,15:29,ENRIN,25.5576
2026-09-23,15:29,ENTERO,79.4759
2026-09-23,15:29,EPACKPEB,-7.3682
2026-09-23,15:29,EPL,11.1008
2026-09-23,15:29,EQUITASBNK,14.7325
2026-09-23,15:29,ESAFSFB,52.6829
2026-09-23,15:29,ETERNAL,23.2332
2026-09-23,15:29,EVEREADY,-0.076
2026-09-23,15:29,EXCELINDUS,3.231
2026-09-23,15:29,EXICOM,43.1894
2026-09-23,15:29,EXIDEIND,17.6008
2026-09-23,15:29,FAZE3Q,5.4526
2026-09-23,15:29,FCL,130.3731
2026-09-23,15:29,FEDERALBNK,24.0359
2026-09-23,15:29,FEDFINA,1.6767
2026-09-23,15:29,FILATEX,122.5133
2026-09-23,15:29,FINCABLES,96.1051
2026-09-23,15:29,FINEORG,23.8156
2026-09-23,15:29,FIVESTAR,0.7977
2026-09-23,15:29,FLUOROCHEM,22.0958
2026-09-23,15:29,FMGOETZE,-2.6926
2026-09-23,15:29,FORTIS,1.1312
2026-09-23,15:29,FOSECOIND,31.8913
2026-09-23,15:29,FUSION,17.7298
2026-09-23,15:29,GABRIEL,41.424
2026-09-23,15:29,GAEL,18.4167
2026-09-23,15:29,GAIL,0.4589
2026-09-23,15:29,GALAPREC,49.8616
2026-09-23,15:29,GALAXYSURF,8.422
2026-09-23,15:29,GALLANTT,3.4198
2026-09-23,15:29,GANDHAR,73.8792
2026-09-23,15:29,GANDHITUBE,29.9445
2026-09-23,15:29,GANECOS,21.8741
2026-09-23,15:29,GANESHBE,61.2102
2026-09-23,15:29,GANESHHOU,-7.028
2026-09-23,15:29,GARFIBRES,12.845
2026-09-23,15:29,GARUDA,-4.3848
2026-09-23,15:29,GAYAPROJ,185.6974
2026-09-23,15:29,GCSL,82.1454
2026-09-23,15:29,GEECEE,19.0956
2026-09-23,15:29,GENESYS,-5.579
2026-09-23,15:29,GENUSPOWER,2.2381
2026-09-23,15:29,GEOJITFSL,10.4405
2026-09-23,15:29,GESHIP,31.426
2026-09-23,15:29,GFLLIMITED,-3.4377
2026-09-23,15:29,GHCLTEXTIL,82.3984
2026-09-23,15:29,GIPCL,22.3677
2026-09-23,15:29,GKSL,72.5843
2026-09-23,15:29,GLAND,69.0012
2026-09-23,15:29,GLAXO,16.3042
2026-09-23,15:29,GLENMARK,21.6097
2026-09-23,15:29,GLOBAL,50.0558
2026-09-23,15:29,GLOTTIS,-5.6052
2026-09-23,15:29,GMDCLTD,-7.023
2026-09-23,15:29,GMMPFAUDLR,29.7057
2026-09-23,15:29,GMRAIRPORT,-5.011
2026-09-23,15:29,GNA,100.1174
2026-09-23,15:29,GNFC,26.1873
2026-09-23,15:29,GOCLCORP,33.543
2026-09-23,15:29,GODREJAGRO,17.3057
2026-09-23,15:29,GODREJIND,10.3352
2026-09-23,15:29,GOKEX,-4.2919
2026-09-23,15:29,GOKULAGRO,25.9468
2026-09-23,15:29,GOODLUCK,48.1369
2026-09-23,15:29,GPTHEALTH,15.0695
2026-09-23,15:29,GPTINFRA,4.0999
2026-09-23,15:29,GRANULES,43.7343
2026-09-23,15:29,GRAPHITE,27.9414
2026-09-23,15:29,GRASIM,12.7077
2026-09-23,15:29,GREAVESCOT,7.4648
2026-09-23,15:29,GREENLAM,-6.1656
2026-09-23,15:29,GREENPLY,11.1773
2026-09-23,15:29,GRINDWELL,26.4369
2026-09-23,15:29,GROWW,20.785
2026-09-23,15:29,GRPLTD,11.5123
2026-09-23,15:29,GRSE,-2.5981
2026-09-23,15:29,GRWRHITECH,110.2158
2026-09-23,15:29,GUFICBIO,30.1935
2026-09-23,15:29,GUJALKALI,25.533
2026-09-23,15:29,GUJTHEM,-6.9965
2026-09-23,15:29,GVPIL,113.5678
2026-09-23,15:29,GVT&D,41.0056
2026-09-23,15:29,HAL,10.1921
2026-09-23,15:29,HAPPYFORGE,82.7343
2026-09-23,15:29,HARIOMPIPE,-4.6322
2026-09-23,15:29,HARSHA,23.6688
2026-09-23,15:29,HATSUN,18.2665
2026-09-23,15:29,HCC,17.0539
2026-09-23,15:29,HCG,7.6586
2026-09-23,15:29,HEALTHX,-0.61
2026-09-23,15:29,HEG,24.2003
2026-09-23,15:29,HEROMOTOCO,-6.5327
2026-09-23,15:29,HESTERBIO,40.1388
2026-09-23,15:29,HEXATRADEX,-2.4847
2026-09-23,15:29,HFCL,220.652
2026-09-23,15:29,HIKAL,2.4688
2026-09-23,15:29,HINDALCO,13.2063
2026-09-23,15:29,HINDCOPPER,-1.0226
2026-09-23,15:29,HINDOILEXP,11.2407
2026-09-23,15:29,HINDZINC,-2.7757
2026-09-23,15:29,HIRECT,64.1382
2026-09-23,15:29,HITECHCORP,98.4905
2026-09-23,15:29,HLEGLAS,1.7534
2026-09-23,15:29,HMT,35.4804
2026-09-23,15:29,HMVL,14.1342
2026-09-23,15:29,HNDFDS,19.6724
2026-09-23,15:29,HOMEFIRST,9.3994
2026-09-23,15:29,HONASA,69.3974
2026-09-23,15:29,HONAUT,4.481
2026-09-23,15:29,HSCL,36.8761
2026-09-23,15:29,HTMEDIA,6.4668
2026-09-23,15:29,HUHTAMAKI,18.0916
2026-09-23,15:29,IBULLSLTD,68.6161
2026-09-23,15:29,ICICIAMC,19.4619
2026-09-23,15:29,ICICIBANK,-0.216
2026-09-23,15:29,ICIL,68.75
2026-09-23,15:29,IDEAFORGE,53.6796
2026-09-23,15:29,IDFCFIRSTB,2.6749
2026-09-23,15:29,IFCI,50.2646
2026-09-23,15:29,IFGLEXPOR,-5.4207
2026-09-23,15:29,IGARASHI,-0.9519
2026-09-23,15:29,IGIL,-1
2026-09-23,15:29,IGPL,48.1822
2026-09-23,15:29,IIFL,3.7346
2026-09-23,15:29,IIFLCAPS,-2.808
2026-09-23,15:29,IKIO,14.3887
2026-09-23,15:29,IKS,16.8899
2026-09-23,15:29,IL&FSENGG,57.0093
2026-09-23,15:29,IMAGICAA,14.3228
2026-09-23,15:29,IMPAL,2.032
2026-09-23,15:29,INDGN,14.9774
2026-09-23,15:29,INDHOTEL,0.6564
2026-09-23,15:29,INDIAGLYCO,26.7959
2026-09-23,15:29,INDIANB,0.5673
2026-09-23,15:29,INDIGO,-0.6127
2026-09-23,15:29,INDIGOPNTS,-0.3322
2026-09-23,15:29,INDNIPPON,54.8201
2026-09-23,15:29,INDOAMIN,6.3383
2026-09-23,15:29,INDOBORAX,63.324
2026-09-23,15:29,INDOCO,7.0588
2026-09-23,15:29,INDORAMA,105.8884
2026-09-23,15:29,INDOSTAR,-0.9286
2026-09-23,15:29,INDOTECH,110.6788
2026-09-23,15:29,INDSWFTLAB,359.5008
2026-09-23,15:29,INDUSINDBK,11.0044
2026-09-23,15:29,INGERRAND,20.9151
2026-09-23,15:29,INNOVACAP,80.1972
2026-09-23,15:29,INOXINDIA,91.2442
2026-09-23,15:29,IOLCP,151.1549
2026-09-23,15:29,IONEXCHANG,13.0058
2026-09-23,15:29,IPCALAB,38.3184
2026-09-23,15:29,IRISDOREME,74.5062
2026-09-23,15:29,IRMENERGY,-4.2288
2026-09-23,15:29,ISGEC,-4.7836
2026-09-23,15:29,ITDC,20.0598
2026-09-23,15:29,IZMO,14.6525
2026-09-23,15:29,J&KBANK,48.8036
2026-09-23,15:29,JAGSNPHARM,17.1435
2026-09-23,15:29,JAMNAAUTO,2.3463
2026-09-23,15:29,JARO,-0.7191
2026-09-23,15:29,JASH,33.8675
2026-09-23,15:29,JAYAGROGN,15.4318
2026-09-23,15:29,JAYBARMARU,27.9903
2026-09-23,15:29,JAYKAY,9.0015
2026-09-23,15:29,JAYNECOIND,4.031
2026-09-23,15:29,JBMA,-4.0727
2026-09-23,15:29,JGCHEM,75.8523
2026-09-23,15:29,JINDALPOLY,46.4074
2026-09-23,15:29,JINDALSAW,74.2289
2026-09-23,15:29,JINDALSTEL,11.5297
2026-09-23,15:29,JINDRILL,5.7696
2026-09-23,15:29,JINDWORLD,78.8897
2026-09-23,15:29,JITFINFRA,3.0119
2026-09-23,15:29,JKPAPER,16.6105
2026-09-23,15:29,JLHL,-1.6614
2026-09-23,15:29,JNKINDIA,67.9647
2026-09-23,15:29,JPOLYINVST,-5.5068
2026-09-23,15:29,JSFB,28.521
2026-09-23,15:29,JSWCEMENT,-0.5721
2026-09-23,15:29,JSWDULUX,-0.5162
2026-09-23,15:29,JSWENERGY,7.9905
2026-09-23,15:29,JSWINFRA,27.6685
2026-09-23,15:29,JSWSTEEL,11.4183
2026-09-23,15:29,JTLIND,52.7178
2026-09-23,15:29,JUBLCPL,-1.7838
2026-09-23,15:29,JUBLPHARMA,-1.4255
2026-09-23,15:29,JUSTDIAL,-4.3775
2026-09-23,15:29,JYOTICNC,11.2706
2026-09-23,15:29,KABRAEXTRU,222.5146
2026-09-23,15:29,KAJARIACER,25.5963
2026-09-23,15:29,KALYANKJIL,20.377
2026-09-23,15:29,KAMATHOTEL,1.3707
2026-09-23,15:29,KAMDHENU,63.4068
2026-09-23,15:29,KANORICHEM,135.3002
2026-09-23,15:29,KANPRPLA,44.7353
2026-09-23,15:29,KAPSTON,193.0526
2026-09-23,15:29,KARURVYSYA,22.9769
2026-09-23,15:29,KDDL,71.082
2026-09-23,15:29,KECL,15.6265
2026-09-23,15:29,KEI,5.8809
2026-09-23,15:29,KENNAMET,64.3518
2026-09-23,15:29,KERNEX,41.9667
2026-09-23,15:29,KICL,0.5632
2026-09-23,15:29,KILITCH,26.5677
2026-09-23,15:29,KIMS,31.1288
2026-09-23,15:29,KINGFA,40.5391
2026-09-23,15:29,KIRLFER,-2.7956
2026-09-23,15:29,KIRLOSBROS,11.4334
2026-09-23,15:29,KIRLOSENG,82.1053
2026-09-23,15:29,KIRLOSIND,15.8896
2026-09-23,15:29,KIRLPNU,34.3555
2026-09-23,15:29,KKCL,-2.4114
2026-09-23,15:29,KMEW,60.1603
2026-09-23,15:29,KNAGRI,3.5625
2026-09-23,15:29,KOLTEPATIL,10.0951
2026-09-23,15:29,KOPRAN,85.7475
2026-09-23,15:29,KOTAKBANK,-6.1265
2026-09-23,15:29,KOTHARIPET,4.8996
2026-09-23,15:29,KOVAI,125.8082
2026-09-23,15:29,KPIL,17.4152
2026-09-23,15:29,KPRMILL,20.6176
2026-09-23,15:29,KRBL,2.6236
2026-09-23,15:29,KRISHANA,76.7662
2026-09-23,15:29,KRISHNADEF,29.7206
2026-09-23,15:29,KRN,94.1585
2026-09-23,15:29,KRONOX,34.099
2026-09-23,15:29,KROSS,50.24
2026-09-23,15:29,KRYSTAL,24.5694
2026-09-23,15:29,KSB,9.0692
2026-09-23,15:29,KSHINTL,192.7293
2026-09-23,15:29,KSL,29.4747
2026-09-23,15:29,KTKBANK,66.9343
2026-09-23,15:29,LALPATHLAB,29.7923
2026-09-23,15:29,LANDMARK,7.2654
2026-09-23,15:29,LAURUSLABS,83.574
2026-09-23,15:29,LAXMIINDIA,0.9606
2026-09-23,15:29,LENSKART,52.363
2026-09-23,15:29,LGBBROSLTD,-3.0735
2026-09-23,15:29,LGEINDIA,11.358
2026-09-23,15:29,LICHSGFIN,6.1069
2026-09-23,15:29,LICI,-4.6672
2026-09-23,15:29,LIKHITHA,19.9487
2026-09-23,15:29,LINCOLN,24.7133
2026-09-23,15:29,LINDEINDIA,5.5495
2026-09-23,15:29,LLOYDSENGG,63.3702
2026-09-23,15:29,LLOYDSENT,24.1004
2026-09-23,15:29,LLOYDSME,43.1091
2026-09-23,15:29,LMW,14.3029
2026-09-23,15:29,LODHA,9.5355
2026-09-23,15:29,LOKESHMACH,120.8052
2026-09-23,15:29,LOTUSDEV,40.8951
2026-09-23,15:29,LT,-3.7615
2026-09-23,15:29,LTF,-1.8832
2026-09-23,15:29,LTFOODS,10.4121
2026-09-23,15:29,LUMAXIND,10.9237
2026-09-23,15:29,LUMAXTECH,32.3988
2026-09-23,15:29,LUPIN,-0.3176
2026-09-23,15:29,LUXIND,6.5942
2026-09-23,15:29,LXCHEM,11.3777
2026-09-23,15:29,MACPOWER,99.9126
2026-09-23,15:29,MAGADSUGAR,1.2729
2026-09-23,15:29,MAHABANK,35.552
2026-09-23,15:29,MAHASTEEL,15.5644
2026-09-23,15:29,MAHLOG,31.5698
2026-09-23,15:29,MAHSCOOTER,-6.7074
2026-09-23,15:29,MAHSEAMLES,25.1893
2026-09-23,15:29,MAITHANALL,-0.9902
2026-09-23,15:29,MAMATA,-0.6337
2026-09-23,15:29,MANAKCOAT,0.2202
2026-09-23,15:29,MANAKSTEEL,52.249
2026-09-23,15:29,MANALIPETC,39.5449
2026-09-23,15:29,MANAPPURAM,3.8405
2026-09-23,15:29,MANBA,-0.8759
2026-09-23,15:29,MANGLMCEM,34.5268
2026-09-23,15:29,MANINDS,155.2581
2026-09-23,15:29,MANINFRA,-2.4476
2026-09-23,15:29,MANKIND,12.224
2026-09-23,15:29,MANORAMA,44.5027
2026-09-23,15:29,MARICO,10.8846
2026-09-23,15:29,MARINE,96.8653
2026-09-23,15:29,MARKSANS,92.8005
2026-09-23,15:29,MATRIMONY,2.4342
2026-09-23,15:29,MAWANASUG,47.6259
2026-09-23,15:29,MAXESTATES,34.0147
2026-09-23,15:29,MAXHEALTH,1.4161
2026-09-23,15:29,MAYURUNIQ,45.952
2026-09-23,15:29,MBAPL,98.5186
2026-09-23,15:29,MBECL,9457.5161
2026-09-23,15:29,MCLOUD,-2.2692
2026-09-23,15:29,MCX,51.4907
2026-09-23,15:29,MEDANTA,26.1042
2026-09-23,15:29,MEESHO,31.1564
2026-09-23,15:29,MENONBE,181.7
2026-09-23,15:29,METROPOLIS,21.4151
2026-09-23,15:29,MFSL,-6.5139
2026-09-23,15:29,MGL,-3.8113
2026-09-23,15:29,MIDHANI,21.1821
2026-09-23,15:29,MINDACORP,20.0226
2026-09-23,15:29,MMFL,69.5119
2026-09-23,15:29,MMP,84.3347
2026-09-23,15:29,MODIS,3.7862
2026-09-23,15:29,MODISONLTD,206.297
2026-09-23,15:29,MOL,-4.1077
2026-09-23,15:29,MOLDTECH,33.9678
2026-09-23,15:29,MOLDTKPAC,10.8855
2026-09-23,15:29,MONARCH,17.9649
2026-09-23,15:29,MOREPENLAB,197.906
2026-09-23,15:29,MOSCHIP,0.7729
2026-09-23,15:29,MOTHERSON,37.0685
2026-09-23,15:29,MOTILALOFS,21.823
2026-09-23,15:29,MPSLTD,32.4279
2026-09-23,15:29,MRPL,9.3995
2026-09-23,15:29,MSPL,-4.8167
2026-09-23,15:29,MSTCLTD,43.8612
2026-09-23,15:29,MTARTECH,201.5062
2026-09-23,15:29,MUFIN,15.0475
2026-09-23,15:29,MUKANDLTD,15.5645
2026-09-23,15:29,MUKKA,12.8226
2026-09-23,15:29,MUNJALAU,34.6598
2026-09-23,15:29,MUNJALSHOW,7.935
2026-09-23,15:29,MUTHOOTMF,7.1048
2026-09-23,15:29,MVGJL,22.1787
2026-09-23,15:29,NAHARINDUS,20.5853
2026-09-23,15:29,NAHARPOLY,-1.7983
2026-09-23,15:29,NAHARSPING,42.2821
2026-09-23,15:29,NAM-INDIA,32.439
2026-09-23,15:29,NATCOPHARM,-7.2477
2026-09-23,15:29,NATIONALUM,15.6379
2026-09-23,15:29,NAUKRI,-2.7444
2026-09-23,15:29,NAVA,-2.4233
2026-09-23,15:29,NAVINFLUOR,42.8632
2026-09-23,15:29,NAZARA,36.2457
2026-09-23,15:29,NELCAST,2.8061
2026-09-23,15:29,NELCO,39.9246
2026-09-23,15:29,NEOGEN,102.0014
2026-09-23,15:29,NEPHROPLUS,58.2889
2026-09-23,15:29,NESTLEIND,7.7019
2026-09-23,15:29,NETWEB,52.2438
2026-09-23,15:29,NEULANDLAB,48.2043
2026-09-23,15:29,NGLFINE,101.28
2026-09-23,15:29,NH,1.4429
2026-09-23,15:29,NHPC,-3.1305
2026-09-23,15:29,NIACL,22.68
2026-09-23,15:29,NIBE,21.2986
2026-09-23,15:29,NIITLTD,0.692
2026-09-23,15:29,NILKAMAL,36.3254
2026-09-23,15:29,NINSYS,78.7143
2026-09-23,15:29,NITCO,-7.1558
2026-09-23,15:29,NITINSPIN,96.2204
2026-09-23,15:29,NIVABUPA,6.4058
2026-09-23,15:29,NLCINDIA,6.7461
2026-09-23,15:29,NMDC,-1.4068
2026-09-23,15:29,NOCIL,33.9436
2026-09-23,15:29,NORTHARC,25.8472
2026-09-23,15:29,NOVARTIND,135.8813
2026-09-23,15:29,NPST,31.9339
2026-09-23,15:29,NRAIL,35.8456
2026-09-23,15:29,NRBBEARING,101.0217
2026-09-23,15:29,NRL,193.331
2026-09-23,15:29,NSLNISP,-0.678
2026-09-23,15:29,NTPC,-1.0772
2026-09-23,15:29,NTPCGREEN,0.9201
2026-09-23,15:29,NUVAMA,14.029
2026-09-23,15:29,NUVOCO,-3.1465
2026-09-23,15:29,NYKAA,28.5499
2026-09-23,15:29,OAL,92.5677
2026-09-23,15:29,OBEROIRLTY,10.7387
2026-09-23,15:29,OCCLLTD,52.8919
2026-09-23,15:29,OFSS,41.1344
2026-09-23,15:29,OIL,10.7576
2026-09-23,15:29,OLAELEC,15.5353
2026-09-23,15:29,OLECTRA,6.4137
2026-09-23,15:29,OMAXE,48.4925
2026-09-23,15:29,ONEPOINT,25.316
2026-09-23,15:29,ONGC,-1.4477
2026-09-23,15:29,ONIDA,20.8172
2026-09-23,15:29,ONWARDTEC,2.7972
2026-09-23,15:29,OPTIEMUS,64.1272
2026-09-23,15:29,ORBTEXP,19.379
2026-09-23,15:29,ORCHPHARMA,45.2072
2026-09-23,15:29,ORIENTBELL,23.3848
2026-09-23,15:29,ORIENTCER,-3.5779
2026-09-23,15:29,ORIENTELEC,-4.5705
2026-09-23,15:29,ORIENTHOT,39.3981
2026-09-23,15:29,PAGEIND,3.5927
2026-09-23,15:29,PAISALO,149.2142
2026-09-23,15:29,PANACEABIO,1.4483
2026-09-23,15:29,PANACHE,54.3888
2026-09-23,15:29,PANAMAPET,68.8444
2026-09-23,15:29,PARACABLES,57.0204
2026-09-23,15:29,PARADEEP,-6.3445
2026-09-23,15:29,PARAGMILK,-7.4195
2026-09-23,15:29,PARAS,101.8118
2026-09-23,15:29,PARKHOSPS,95.5305
2026-09-23,15:29,PASHUPATI,-0.6918
2026-09-23,15:29,PASUPTAC,50.1787
2026-09-23,15:29,PATELENG,-5.0487
2026-09-23,15:29,PATELRMART,6.0398
2026-09-23,15:29,PAUSHAKLTD,15.5541
2026-09-23,15:29,PAYTM,36.6541
2026-09-23,15:29,PCBL,14.5771
2026-09-23,15:29,PDMJEPAPER,3.2682
2026-09-23,15:29,PDSL,-3.2267
2026-09-23,15:29,PETRONET,0.616
2026-09-23,15:29,PFC,-2.6449
2026-09-23,15:29,PFOCUS,43.1209
2026-09-23,15:29,PGHL,-4.4012
2026-09-23,15:29,PGIL,61.4998
2026-09-23,15:29,PHOENIXLTD,7.5371
2026-09-23,15:29,PICCADIL,9.8524
2026-09-23,15:29,PIDILITIND,7.1303
2026-09-23,15:29,PITTIENG,41.9398
2026-09-23,15:29,PIXTRANS,24.2722
2026-09-23,15:29,PNB,-4.2725
2026-09-23,15:29,PNBGILTS,-5.8003
2026-09-23,15:29,PNBHOUSING,19.6532
2026-09-23,15:29,PNGJL,-0.4033
2026-09-23,15:29,POLICYBZR,3.3249
2026-09-23,15:29,POLYCAB,10.4738
2026-09-23,15:29,POLYMED,-2.6555
2026-09-23,15:29,POLYPLEX,33.8245
2026-09-23,15:29,POONAWALLA,-0.849
2026-09-23,15:29,POWERGRID,2.1164
2026-09-23,15:29,POWERINDIA,70.1256
2026-09-23,15:29,POWERMECH,7.0649
2026-09-23,15:29,PPL,12.7189
2026-09-23,15:29,PPLPHARMA,22.3738
2026-09-23,15:29,PRABHA,25.5951
2026-09-23,15:29,PRAJIND,-0.7595
2026-09-23,15:29,PRECOT,65.8931
2026-09-23,15:29,PRECWIRE,110.4408
2026-09-23,15:29,PREMEXPLN,28.6613
2026-09-23,15:29,PREMIERENE,8.6505
2026-09-23,15:29,PREMIERPOL,133.7361
2026-09-23,15:29,PRESTIGE,-6.5714
2026-09-23,15:29,PRICOLLTD,15.512
2026-09-23,15:29,PRIMESECU,7.3343
2026-09-23,15:29,PRIMO,-4.2607
2026-09-23,15:29,PRINCEPIPE,1.7614
2026-09-23,15:29,PRIVISCL,24.2262
2026-09-23,15:29,PROZONER,-6.6034
2026-09-23,15:29,PRUDENT,31.561
2026-09-23,15:29,PSPPROJECT,-4.0343
2026-09-23,15:29,PTC,-2.6585
2026-09-23,15:29,PTCIL,20.3046
2026-09-23,15:29,PTL,-2.6269
2026-09-23,15:29,PVP,87.2544
2026-09-23,15:29,PVRINOX,29.7774
2026-09-23,15:29,PWL,2.4848
2026-09-23,15:29,PYRAMID,-1.9085
2026-09-23,15:29,QPOWER,112.8772
2026-09-23,15:29,QUADFUTURE,55.9455
2026-09-23,15:29,QUESS,74.6194
2026-09-23,15:29,RACLGEAR,49.3107
2026-09-23,15:29,RADHIKAJWE,-3.6183
2026-09-23,15:29,RADICO,39.5192
2026-09-23,15:29,RAIN,53.0702
2026-09-23,15:29,RAINBOW,6.553
2026-09-23,15:29,RAJRATAN,3.7466
2026-09-23,15:29,RAMCOIND,4.6556
2026-09-23,15:29,RAMCOSYS,5.3744
2026-09-23,15:29,RAMRAT,81.5272
2026-09-23,15:29,RANEHOLDIN,16.7853
2026-09-23,15:29,RATEGAIN,23.1459
2026-09-23,15:29,RATNAMANI,17.656
2026-09-23,15:29,RATNAVEER,117.5826
2026-09-23,15:29,RAYMOND,160.8894
2026-09-23,15:29,RAYMONDREL,28.5441
2026-09-23,15:29,RBA,50.3328
2026-09-23,15:29,RBLBANK,35.5288
2026-09-23,15:29,RBZJEWEL,27.1695
2026-09-23,15:29,REDINGTON,47.1452
2026-09-23,15:29,REDTAPE,-2.2757
2026-09-23,15:29,REFEX,10.2924
2026-09-23,15:29,REGAAL,34.5284
2026-09-23,15:29,RELIGARE,2.0262
2026-09-23,15:29,RELTD,-5.9801
2026-09-23,15:29,RGL,35.4198
2026-09-23,15:29,RICOAUTO,-5.1175
2026-09-23,15:29,RISHABH,85.0845
2026-09-23,15:29,RITCO,6.8006
2026-09-23,15:29,RKFORGE,35.7546
2026-09-23,15:29,RML,69.6405
2026-09-23,15:29,ROLEXRINGS,42.5643
2026-09-23,15:29,ROSSTECH,130.4196
2026-09-23,15:29,RPEL,80.0084
2026-09-23,15:29,RPGLIFE,30.276
2026-09-23,15:29,RPSGVENT,13.3023
2026-09-23,15:29,RPTECH,150.3691
2026-09-23,15:29,RRKABEL,70.4894
2026-09-23,15:29,RSWM,51.347
2026-09-23,15:29,RUBICON,146.0228
2026-09-23,15:29,RUBYMILLS,122.6158
2026-09-23,15:29,SAATVIKGL,18.9161
2026-09-23,15:29,SAIL,26.1582
2026-09-23,15:29,SAILIFE,77.1907
2026-09-23,15:29,SAKAR,184.1276
2026-09-23,15:29,SALSTEEL,95.9889
2026-09-23,15:29,SAMBHV,64.7096
2026-09-23,15:29,SAMMAANCAP,-0.7965
2026-09-23,15:29,SANATHAN,15.7107
2026-09-23,15:29,SANDESH,-4.5362
2026-09-23,15:29,SANDHAR,7.5714
2026-09-23,15:29,SANGAMIND,14.64
2026-09-23,15:29,SANGHVIMOV,27.8397
2026-09-23,15:29,SANSERA,175.5754
2026-09-23,15:29,SANSTAR,14.9788
2026-09-23,15:29,SARDAEN,-2.8047
2026-09-23,15:29,SAREGAMA,44.4444
2026-09-23,15:29,SARLAPOLY,10.7629
2026-09-23,15:29,SASKEN,16.9524
2026-09-23,15:29,SATIA,1.0216
2026-09-23,15:29,SATIN,56.7195
2026-09-23,15:29,SBC,72.9787
2026-09-23,15:29,SBCL,169.0249
2026-09-23,15:29,SBIN,1.2116
2026-09-23,15:29,SCHAEFFLER,5.3287
2026-09-23,15:29,SCHNEIDER,72.0017
2026-09-23,15:29,SCI,20.4047
2026-09-23,15:29,SCPL,103.7681
2026-09-23,15:29,SEAMECLTD,59.3871
2026-09-23,15:29,SENCO,7.6427
2026-09-23,15:29,SENORES,68.2559
2026-09-23,15:29,SESHAPAPER,5.1036
2026-09-23,15:29,SETL,170.8098
2026-09-23,15:29,SFL,10.0162
2026-09-23,15:29,SGFIN,50.7694
2026-09-23,15:29,SGIL,29.768
2026-09-23,15:29,SGMART,95.0013
2026-09-23,15:29,SHAILY,41.9791
2026-09-23,15:29,SHALPAINTS,28.2887
2026-09-23,15:29,SHANTIGEAR,41.9722
2026-09-23,15:29,SHANTIGOLD,53.1473
2026-09-23,15:29,SHARDAMOTR,3.3498
2026-09-23,15:29,SHAREINDIA,32.0408
2026-09-23,15:29,SHILCTECH,8.3773
2026-09-23,15:29,SHILPAMED,223.12
2026-09-23,15:29,SHIVALIK,21.6258
2026-09-23,15:29,SHIVAUM,81.9858
2026-09-23,15:29,SHOPERSTOP,1.6108
2026-09-23,15:29,SHREEJISPG,98.342
2026-09-23,15:29,SHREEPUSHK,25.5985
2026-09-23,15:29,SHRINGARMS,-6.97
2026-09-23,15:29,SHRIPISTON,38.6597
2026-09-23,15:29,SHRIRAMFIN,1.4656
2026-09-23,15:29,SHYAMMETL,30.4548
2026-09-23,15:29,SICALLOG,-6.1375
2026-09-23,15:29,SIEMENS,26.8567
2026-09-23,15:29,SIGACHI,0.7069
2026-09-23,15:29,SIGMAADV,398.0857
2026-09-23,15:29,SIGNPOST,23.9759
2026-09-23,15:29,SILVERTUC,39.5639
2026-09-23,15:29,SIMPLEXINF,3.6378
2026-09-23,15:29,SINDHUTRAD,21.4394
2026-09-23,15:29,SIS,26.4097
2026-09-23,15:29,SJS,37.3404
2026-09-23,15:29,SKFINDUS,10.962
2026-09-23,15:29,SKIPPER,30.4448
2026-09-23,15:29,SKMEGGPROD,7.9906
2026-09-23,15:29,SKYGOLD,138.0039
2026-09-23,15:29,SMARTWORKS,9.3583
2026-09-23,15:29,SMCGLOBAL,-4.3469
2026-09-23,15:29,SMLMAH,70.8838
2026-09-23,15:29,SMSPHARMA,55.5896
2026-09-23,15:29,SOFTTECH,54.9866
2026-09-23,15:29,SOLARA,27.9582
2026-09-23,15:29,SOLARINDS,61.0349
2026-09-23,15:29,SOMANYCERA,49.1123
2026-09-23,15:29,SONACOMS,73.7589
2026-09-23,15:29,SOTL,86.4027
2026-09-23,15:29,SOUTHBANK,22.8601
2026-09-23,15:29,SOUTHWEST,1.0172
2026-09-23,15:29,SPAL,40.8741
2026-09-23,15:29,SPARC,52.9565
2026-09-23,15:29,SPECIALITY,35.487
2026-09-23,15:29,SPECTRUM,160.5997
2026-09-23,15:29,SPLPETRO,36.5635
2026-09-23,15:29,SPMLINFRA,-4.4385
2026-09-23,15:29,SPORTKING,142.2984
2026-09-23,15:29,SREEL,35.5206
2026-09-23,15:29,SRHHYPOLTD,13.6803
2026-09-23,15:29,SSWL,92.0238
2026-09-23,15:29,STALLION,-4.5946
2026-09-23,15:29,STAR,35.8694
2026-09-23,15:29,STARHEALTH,20.7033
2026-09-23,15:29,STEELCAS,71.196
2026-09-23,15:29,STEL,28.8286
2026-09-23,15:29,STLNETWORK,124.278
2026-09-23,15:29,STLTECH,740.2132
2026-09-23,15:29,STOVEKRAFT,44.5054
2026-09-23,15:29,STYL,33.5808
2026-09-23,15:29,STYLAMIND,50.5158
2026-09-23,15:29,STYLEBAAZA,38.1005
2026-09-23,15:29,STYRENIX,7.7877
2026-09-23,15:29,SUBEXLTD,95.2255
2026-09-23,15:29,SUDARSCHEM,30.516
2026-09-23,15:29,SUDEEPPHRM,99.0211
2026-09-23,15:29,SUMICHEM,-1.4437
2026-09-23,15:29,SUNCLAY,2.4763
2026-09-23,15:29,SUNDRMFAST,26.8282
2026-09-23,15:29,SUNDROP,8.2539
2026-09-23,15:29,SUNFLAG,43.7696
2026-09-23,15:29,SUNPHARMA,8.4492
2026-09-23,15:29,SUPRAJIT,4.6494
2026-09-23,15:29,SUPREMEIND,4.2728
2026-09-23,15:29,SUPREMEINF,-5.9124
2026-09-23,15:29,SUPRIYA,33.187
2026-09-23,15:29,SURAKSHA,31.7819
2026-09-23,15:29,SURYODAY,5.9993
2026-09-23,15:29,SUTLEJTEX,21.0379
2026-09-23,15:29,SUVEN,105.5993
2026-09-23,15:29,SUYOG,9.2306
2026-09-23,15:29,SVLL,25.9118
2026-09-23,15:29,SWANDEF,683.1312
2026-09-23,15:29,SWARAJENG,-0.5087
2026-09-23,15:29,SWELECTES,-6.2137
2026-09-23,15:29,SYNCOMF,40.3226
2026-09-23,15:29,SYRMA,134.5223
2026-09-23,15:29,TALBROAUTO,69.8127
2026-09-23,15:29,TANLA,-4.7764
2026-09-23,15:29,TARIL,1.3146
2026-09-23,15:29,TARSONS,43.7848
2026-09-23,15:29,TASTYBITE,29.963
2026-09-23,15:29,TATACAP,2.3987
2026-09-23,15:29,TATACOMM,-6.8318
2026-09-23,15:29,TATAINVEST,-3.3331
2026-09-23,15:29,TATAPOWER,-2.7924
2026-09-23,15:29,TATASTEEL,5.964
2026-09-23,15:29,TATATECH,11.423
2026-09-23,15:29,TATVA,33.2709
2026-09-23,15:29,TBOTEK,2.514
2026-09-23,15:29,TBZ,320.3545
2026-09-23,15:29,TCPLPACK,33.0121
2026-09-23,15:29,TDPOWERSYS,118.0725
2026-09-23,15:29,TECHM,-2.1309
2026-09-23,15:29,TECHNOE,-6.4735
2026-09-23,15:29,TEGA,6.5669
2026-09-23,15:29,TEJASNET,15.9902
2026-09-23,15:29,TENNIND,2.1067
2026-09-23,15:29,TEXINFRA,23.322
2026-09-23,15:29,TFCILTD,117.1678
2026-09-23,15:29,THANGAMAYL,65.0166
2026-09-23,15:29,THEJO,24.5844
2026-09-23,15:29,THELEELA,25.6949
2026-09-23,15:29,THEMISMED,21.2425
2026-09-23,15:29,THERMAX,14.6331
2026-09-23,15:29,THYROCARE,28.7301
2026-09-23,15:29,TI,31.4898
2026-09-23,15:29,TIIL,34.1284
2026-09-23,15:29,TIINDIA,-1.358
2026-09-23,15:29,TIL,-4.483
2026-09-23,15:29,TIMETECHNO,-3.2179
2026-09-23,15:29,TIMKEN,9.4835
2026-09-23,15:29,TINNARUBR,28.2304
2026-09-23,15:29,TIPSMUSIC,21.4124
2026-09-23,15:29,TIRUPATIFL,130.8191
2026-09-23,15:29,TITAGARH,-5.5945
2026-09-23,15:29,TITAN,20.4492
2026-09-23,15:29,TMB,79.3305
2026-09-23,15:29,TMCV,8.3514
2026-09-23,15:29,TNPETRO,22.0823
2026-09-23,15:29,TNPL,0.5572
2026-09-23,15:29,TORNTPHARM,29.4805
2026-09-23,15:29,TORNTPOWER,-3.6198
2026-09-23,15:29,TPLPLASTEH,-0.6069
2026-09-23,15:29,TRAVELFOOD,3.5821
2026-09-23,15:29,TREL,-3.5751
2026-09-23,15:29,TRENT,-2.7578
2026-09-23,15:29,TRITURBINE,4.431
2026-09-23,15:29,TRIVENI,0.5393
2026-09-23,15:29,TRUALT,8.679
2026-09-23,15:29,TSFINV,-0.0757
2026-09-23,15:29,TTKHLTCARE,1.1937
2026-09-23,15:29,TVSMOTOR,11.1619
2026-09-23,15:29,TVSSCS,18.5822
2026-09-23,15:29,TVSSRICHAK,10.546
2026-09-23,15:29,UDS,5.6677
2026-09-23,15:29,UEL,55.0008
2026-09-23,15:29,UFBL,241.3216
2026-09-23,15:29,UFLEX,33.609
2026-09-23,15:29,UGARSUGAR,33.0388
2026-09-23,15:29,UJJIVANSFB,24.5707
2026-09-23,15:29,ULTRACEMCO,-5.3377
2026-09-23,15:29,UNICHEMLAB,29.7273
2026-09-23,15:29,UNIMECH,88.977
2026-09-23,15:29,UNIONBANK,17.0656
2026-09-23,15:29,UNIPARTS,77.7319
2026-09-23,15:29,UNITDSPR,-0.187
2026-09-23,15:29,UNITEDPOLY,81.581
2026-09-23,15:29,UNIVASTU,111.1739
2026-09-23,15:29,UNIVCABLES,69.8143
2026-09-23,15:29,UNIVPHOTO,157.7267
2026-09-23,15:29,UNOMINDA,-4.8763
2026-09-23,15:29,URBANCO,29.3373
2026-09-23,15:29,USHAMART,17.8524
2026-09-23,15:29,UTLSOLAR,100.5575
2026-09-23,15:29,UTTAMSUGAR,4.6151
2026-09-23,15:29,VADILALIND,51.8443
2026-09-23,15:29,VALIANTLAB,73.2
2026-09-23,15:29,VALIANTORG,53.8574
2026-09-23,15:29,VARROC,41.6356
2026-09-23,15:29,VEDL,23.9367
2026-09-23,15:29,VENKEYS,11.4977
2026-09-23,15:29,VENUSPIPES,92.6491
2026-09-23,15:29,VENUSREM,114.5542
2026-09-23,15:29,VERANDA,23.0532
2026-09-23,15:29,VGUARD,-3.5366
2026-09-23,15:29,VHL,-5.6149
2026-09-23,15:29,VIDHIING,3.42
2026-09-23,15:29,VIDYAWIRES,78.3116
2026-09-23,15:29,VIJAYA,48.0396
2026-09-23,15:29,VIMTALABS,0.8921
2026-09-23,15:29,VINCOFE,16.1831
2026-09-23,15:29,VINDHYATEL,104.235
2026-09-23,15:29,VISAKAIND,34.9249
2026-09-23,15:29,VISHNU,33.9408
2026-09-23,15:29,VIYASH,21.6793
2026-09-23,15:29,VMART,9.9678
2026-09-23,15:29,VOLTAMP,37.5318
2026-09-23,15:29,VRLLOG,8.7808
2026-09-23,15:29,VSSL,45.4545
2026-09-23,15:29,VTL,28.3168
2026-09-23,15:29,WABAG,57.1933
2026-09-23,15:29,WALCHANNAG,12.4967
2026-09-23,15:29,WANBURY,2.8685
2026-09-23,15:29,WELCORP,243.4185
2026-09-23,15:29,WELENT,48.8175
2026-09-23,15:29,WELINV,82.568
2026-09-23,15:29,WELSPUNLIV,71.3793
2026-09-23,15:29,WENDT,11.3056
2026-09-23,15:29,WESTLIFE,6.8058
2026-09-23,15:29,WEWORK,10.5598
2026-09-23,15:29,WHEELS,160.4092
2026-09-23,15:29,WHIRLPOOL,-3.7649
2026-09-23,15:29,WINDLAS,35.5198
2026-09-23,15:29,WINDMACHIN,9.4885
2026-09-23,15:29,WOCKPHARMA,61.0911
2026-09-23,15:29,WONDERLA,-2.7513
2026-09-23,15:29,WSTCSTPAPR,81.2174
2026-09-23,15:29,XPROINDIA,28.5594
2026-09-23,15:29,YASHO,191.6339
2026-09-23,15:29,YATHARTH,70.3731
2026-09-23,15:29,YESBANK,7.5926
2026-09-23,15:29,YUKEN,23.8675
2026-09-23,15:29,ZENTEC,22.2084
2026-09-23,15:29,ZIMLAB,85.1143
2026-09-23,15:29,ZYDUSLIFE,27.9707
2026-09-23,15:29,ZYDUSWELL,16.806
2026-09-24,15:29,20MICRONS,0.844
2026-09-24,15:29,360ONE,-8.3835
2026-09-24,15:29,3IINFOLTD,49.8199
2026-09-24,15:29,3MINDIA,-3.9167
2026-09-24,15:29,63MOONS,18.3676
2026-09-24,15:29,AADHARHFC,-7.2081
2026-09-24,15:29,AARTIDRUGS,4.9442
2026-09-24,15:29,AARTIIND,30.2768
2026-09-24,15:29,AARTIPHARM,25.5375
2026-09-24,15:29,ABB,37.7185
2026-09-24,15:29,ABBOTINDIA,-5.7048
2026-09-24,15:29,ABCAPITAL,7.7773
2026-09-24,15:29,ABDL,18.4646
2026-09-24,15:29,ABSLAMC,21.437
2026-09-24,15:29,ACE,31.4688
2026-09-24,15:29,ACMESOLAR,87.7943
2026-09-24,15:29,ACUTAAS,87.5543
2026-09-24,15:29,ADANIENSOL,28.1059
2026-09-24,15:29,ADANIENT,28.3186
2026-09-24,15:29,ADANIGREEN,24.7782
2026-09-24,15:29,ADANIPORTS,20.5388
2026-09-24,15:29,ADANIPOWER,34.0952
2026-09-24,15:29,ADFFOODS,33.0704
2026-09-24,15:29,ADOR,54.596
2026-09-24,15:29,ADVANCE,-2.2407
2026-09-24,15:29,ADVENZYMES,-3.7165
2026-09-24,15:29,AEGISLOG,92.023
2026-09-24,15:29,AEGISVOPAK,14.6222
2026-09-24,15:29,AEQUS,75.6929
2026-09-24,15:29,AEROENTER,49.3525
2026-09-24,15:29,AEROFLEX,173.7137
2026-09-24,15:29,AETHER,83.1247
2026-09-24,15:29,AFSL,0.4245
2026-09-24,15:29,AGARWALEYE,0.3698
2026-09-24,15:29,AGI,9.1713
2026-09-24,15:29,AGIIL,3.3111
2026-09-24,15:29,AHCL,93.1895
2026-09-24,15:29,AHLWEST,86.8902
2026-09-24,15:29,AIAENG,-1.9032
2026-09-24,15:29,AJANTPHARM,20.4567
2026-09-24,15:29,AJAXENGG,-2.7064
2026-09-24,15:29,AKUMS,83.3595
2026-09-24,15:29,ALBERTDAVD,17.7958
2026-09-24,15:29,ALEMBICLTD,4.9961
2026-09-24,15:29,ALIVUS,50.9476
2026-09-24,15:29,ALKEM,-2.5167
2026-09-24,15:29,ALKYLAMINE,15.0828
2026-09-24,15:29,AMANTA,76.9806
2026-09-24,15:29,AMBER,7.1888
2026-09-24,15:29,AMBIKCO,25.191
2026-09-24,15:29,ANANDRATHI,40.0627
2026-09-24,15:29,ANANTRAJ,12.9593
2026-09-24,15:29,ANDHRAPAP,9.8642
2026-09-24,15:29,ANDHRSUGAR,22.471
2026-09-24,15:29,ANDREWYU,28.1623
2026-09-24,15:29,ANGELONE,23.032
2026-09-24,15:29,ANTELOPUS,175.003
2026-09-24,15:29,ANTHEM,38.787
2026-09-24,15:29,ANUHPHR,15.3641
2026-09-24,15:29,APARINDS,113.7977
2026-09-24,15:29,APCOTEXIND,64.7131
2026-09-24,15:29,APEX,20.0413
2026-09-24,15:29,APLAPOLLO,10.9036
2026-09-24,15:29,APLLTD,1.4744
2026-09-24,15:29,APOLLO,44.5833
2026-09-24,15:29,APOLLOHOSP,24.9877
2026-09-24,15:29,APOLLOPIPE,73.9353
2026-09-24,15:29,APTECHT,2.5384
2026-09-24,15:29,ARFIN,19.4018
2026-09-24,15:29,ARIES,42.7174
2026-09-24,15:29,ARIHANT,1567.4157
2026-09-24,15:29,ARIHANTCAP,2.7489
2026-09-24,15:29,ARIS,10.5468
2026-09-24,15:29,ARKADE,-8.2125
2026-09-24,15:29,ARMANFIN,20.96
2026-09-24,15:29,ARROWGREEN,78.3517
2026-09-24,15:29,ARTEMISMED,19.2901
2026-09-24,15:29,ARVIND,77.5302
2026-09-24,15:29,ARVSMART,4.4444
2026-09-24,15:29,ASAHIINDIA,-3.2277
2026-09-24,15:29,ASAL,-8.456
2026-09-24,15:29,ASHIANA,37.2549
2026-09-24,15:29,ASIANENE,67.5137
2026-09-24,15:29,ASIANHOTNR,19.1314
2026-09-24,15:29,ASKAUTOLTD,34.3822
2026-09-24,15:29,ASTEC,2.7709
2026-09-24,15:29,ASTERDM,26.6936
2026-09-24,15:29,ASTRAL,-2.9898
2026-09-24,15:29,ASTRAMICRO,62.3805
2026-09-24,15:29,ATGL,3.0803
2026-09-24,15:29,ATHERENERG,102.979
2026-09-24,15:29,ATLANTAELE,77.559
2026-09-24,15:29,ATUL,-0.543
2026-09-24,15:29,ATULAUTO,-5.5403
2026-09-24,15:29,AUBANK,0.065
2026-09-24,15:29,AUROPHARMA,43.8391
2026-09-24,15:29,AURUM,16.9827
2026-09-24,15:29,AVADHSUGAR,97.6255
2026-09-24,15:29,AVALON,162.4773
2026-09-24,15:29,AVANTEL,-0.7285
2026-09-24,15:29,AVL,30.3008
2026-09-24,15:29,AVTNPL,38.6394
2026-09-24,15:29,AXISBANK,-6.8974
2026-09-24,15:29,AXISCADES,43.2263
2026-09-24,15:29,AYMSYNTEX,67.3115
2026-09-24,15:29,AZAD,64.7374
2026-09-24,15:29,BAFNAPH,131.2824
2026-09-24,15:29,BAJAJ-AUTO,17.263
2026-09-24,15:29,BAJAJCON,88.822
2026-09-24,15:29,BAJAJHLDNG,-3.7471
2026-09-24,15:29,BAJEL,-0.5029
2026-09-24,15:29,BAJFINANCE,0.9146
2026-09-24,15:29,BALAMINES,100.5948
2026-09-24,15:29,BALKRISIND,-6.4111
2026-09-24,15:29,BALRAMCHIN,50.4449
2026-09-24,15:29,BANARISUG,-8.1681
2026-09-24,15:29,BANDHANBNK,26.8553
2026-09-24,15:29,BANKINDIA,-6.2793
2026-09-24,15:29,BANSALWIRE,5.8775
2026-09-24,15:29,BBOX,45.3981
2026-09-24,15:29,BCLIND,2.7624
2026-09-24,15:29,BEL,-1.4332
2026-09-24,15:29,BELRISE,32.3573
2026-09-24,15:29,BEML,10.6636
2026-09-24,15:29,BEPL,40.1986
2026-09-24,15:29,BETA,35.4601
2026-09-24,15:29,BFINVEST,5.7627
2026-09-24,15:29,BHAGCHEM,18.8362
2026-09-24,15:29,BHAGERIA,99.1087
2026-09-24,15:29,BHAGYANGR,171.4429
2026-09-24,15:29,BHARATFORG,36.4996
2026-09-24,15:29,BHARATSE,25.8096
2026-09-24,15:29,BHARATWIRE,-8.0474
2026-09-24,15:29,BHEL,42.5116
2026-09-24,15:29,BIL,39.1433
2026-09-24,15:29,BIOCON,-0.1934
2026-09-24,15:29,BIRLACABLE,154.4409
2026-09-24,15:29,BLISSGVS,323.8172
2026-09-24,15:29,BLKASHYAP,-0.0378
2026-09-24,15:29,BLSE,61.445
2026-09-24,15:29,BLUEJET,8.4026
2026-09-24,15:29,BLUESTONE,69.3381
2026-09-24,15:29,BLUSPRING,116.0799
2026-09-24,15:29,BODALCHEM,264.0911
2026-09-24,15:29,BORANA,-1.9707
2026-09-24,15:29,BOROLTD,-6.2509
2026-09-24,15:29,BOROSCI,-3.6935
2026-09-24,15:29,BOSCH-HCIL,21.7024
2026-09-24,15:29,BOSCHLTD,32.1251
2026-09-24,15:29,BSE,21.1492
2026-09-24,15:29,CAMS,-3.3329
2026-09-24,15:29,CANHLIFE,3.4339
2026-09-24,15:29,CAPITALSFB,6.4706
2026-09-24,15:29,CAPLIPOINT,59.3974
2026-09-24,15:29,CARBORUNIV,50.7997
2026-09-24,15:29,CARERATING,0.3912
2026-09-24,15:29,CARTRADE,6.1954
2026-09-24,15:29,CARYSIL,15.4075
2026-09-24,15:29,CASTROLIND,2.1018
2026-09-24,15:29,CCL,14.1869
2026-09-24,15:29,CDSL,-8.7263
2026-09-24,15:29,CEIGALL,40.7987
2026-09-24,15:29,CEMPRO,64.6227
2026-09-24,15:29,CENTENKA,25.4116
2026-09-24,15:29,CENTUM,111.295
2026-09-24,15:29,CERA,4.8387
2026-09-24,15:29,CGCL,39.9137
2026-09-24,15:29,CGPOWER,39.003
2026-09-24,15:29,CHALET,-0.5335
2026-09-24,15:29,CHEMBONDCH,66.2338
2026-09-24,15:29,CHEMCON,7.5342
2026-09-24,15:29,CHENNPETRO,62.1523
2026-09-24,15:29,CHEVIOT,7.6199
2026-09-24,15:29,CHOLAFIN,-2.4536
2026-09-24,15:29,CIPLA,-6.7893
2026-09-24,15:29,CLEAN,-5.0698
2026-09-24,15:29,CLSEL,10.6528
2026-09-24,15:29,COALINDIA,5.3814
2026-09-24,15:29,COFORGE,7.8572
2026-09-24,15:29,COMSYN,95.8356
2026-09-24,15:29,CONCORDBIO,10.6638
2026-09-24,15:29,CONFIPET,141.1009
2026-09-24,15:29,CONSOFINVT,76.2702
2026-09-24,15:29,CORONA,50.5277
2026-09-24,15:29,COSMOFIRST,26.4567
2026-09-24,15:29,CPPLUS,149.6781
2026-09-24,15:29,CRAFTSMAN,38.6857
2026-09-24,15:29,CREDITACC,4.4476
2026-09-24,15:29,CREST,-6.2677
2026-09-24,15:29,CRISIL,4.043
2026-09-24,15:29,CUB,1.8192
2026-09-24,15:29,CUMMINSIND,11.2379
2026-09-24,15:29,CUPID,153.6673
2026-09-24,15:29,CYIENT,-4.6254
2026-09-24,15:29,CYIENTDLM,120.1399
2026-09-24,15:29,DALMIASUG,34.9206
2026-09-24,15:29,DATAMATICS,-1.1973
2026-09-24,15:29,DATAPATTNS,68.9797
2026-09-24,15:29,DBOL,38.7425
2026-09-24,15:29,DCBBANK,21.2974
2026-09-24,15:29,DEEDEV,223.3928
2026-09-24,15:29,DEEPAKFERT,9.4813
2026-09-24,15:29,DEEPAKNTR,-5.9014
2026-09-24,15:29,DEEPINDS,67.6516
2026-09-24,15:29,DELHIVERY,6.4154
2026-09-24,15:29,DELTACORP,4.2605
2026-09-24,15:29,DEVYANI,-6.7354
2026-09-24,15:29,DHAMPURSUG,33.7993
2026-09-24,15:29,DHANBANK,18.7675
2026-09-24,15:29,DHARMAJ,23.6221
2026-09-24,15:29,DIACABS,161.3661
2026-09-24,15:29,DICIND,32.0053
2026-09-24,15:29,DIFFNKG,27.6707
2026-09-24,15:29,DIVGIITTS,89.1879
2026-09-24,15:29,DIVISLAB,51.3556
2026-09-24,15:29,DIXON,9.9909
2026-09-24,15:29,DLF,-3.0373
2026-09-24,15:29,DLINKINDIA,-0.1549
2026-09-24,15:29,DMART,1.9214
2026-09-24,15:29,DMCC,15.4343
2026-09-24,15:29,DOLPHIN,44.6544
2026-09-24,15:29,DPABHUSHAN,-1.5135
2026-09-24,15:29,DREDGECORP,-0.0802
2026-09-24,15:29,DRREDDY,-4.2285
2026-09-24,15:29,DSSL,0.7392
2026-09-24,15:29,DVL,5.5695
2026-09-24,15:29,DWARKESH,9.3985
2026-09-24,15:29,DYCL,40.5614
2026-09-24,15:29,DYNAMATECH,35.5253
2026-09-24,15:29,E2E,223.4794
2026-09-24,15:29,EBGNG,118.0983
2026-09-24,15:29,EDELWEISS,27.9312
2026-09-24,15:29,EICHERMOT,-0.1293
2026-09-24,15:29,EIEL,-0.9092
2026-09-24,15:29,EIFFL,-0.2994
2026-09-24,15:29,EIMCOELECO,41.8179
2026-09-24,15:29,EKC,-3.7798
2026-09-24,15:29,ELECON,-4.4934
2026-09-24,15:29,ELECTCAST,-5.7295
2026-09-24,15:29,ELECTHERM,1.1509
2026-09-24,15:29,ELGIEQUIP,27.8589
2026-09-24,15:29,EMAMIPAP,31.2805
2026-09-24,15:29,EMCURE,39.2567
2026-09-24,15:29,EMIL,77.4151
2026-09-24,15:29,EMKAY,-5.233
2026-09-24,15:29,EMMVEE,68.1669
2026-09-24,15:29,EMUDHRA,17.7816
2026-09-24,15:29,ENDURANCE,4.7185
2026-09-24,15:29,ENGINERSIN,46.3565
2026-09-24,15:29,ENRIN,26.6404
2026-09-24,15:29,ENTERO,63.9695
2026-09-24,15:29,EPACKPEB,-8.2548
2026-09-24,15:29,EPL,10.1064
2026-09-24,15:29,EQUITASBNK,9.6689
2026-09-24,15:29,ESAFSFB,50.6273
2026-09-24,15:29,ETERNAL,18.2171
2026-09-24,15:29,EVEREADY,-0.8665
2026-09-24,15:29,EXCELINDUS,0.577
2026-09-24,15:29,EXICOM,41.7844
2026-09-24,15:29,EXIDEIND,17.426
2026-09-24,15:29,EXPLEOSOL,-9.1331
2026-09-24,15:29,FAZE3Q,2.9519
2026-09-24,15:29,FCL,128.391
2026-09-24,15:29,FEDERALBNK,23.7559
2026-09-24,15:29,FEDFINA,-1.1522
2026-09-24,15:29,FILATEX,114.8073
2026-09-24,15:29,FINCABLES,88.2114
2026-09-24,15:29,FINEORG,23.2802
2026-09-24,15:29,FIVESTAR,-1.7779
2026-09-24,15:29,FLUOROCHEM,21.7965
2026-09-24,15:29,FMGOETZE,0.9373
2026-09-24,15:29,FORTIS,-2.5762
2026-09-24,15:29,FOSECOIND,32.2404
2026-09-24,15:29,FUSION,10.8256
2026-09-24,15:29,GABRIEL,34.498
2026-09-24,15:29,GAEL,21.0738
2026-09-24,15:29,GAIL,1.2109
2026-09-24,15:29,GALAPREC,42.7695
2026-09-24,15:29,GALAXYSURF,10.436
2026-09-24,15:29,GALLANTT,1.1971
2026-09-24,15:29,GANDHAR,70.2748
2026-09-24,15:29,GANDHITUBE,22.9176
2026-09-24,15:29,GANECOS,20.5923
2026-09-24,15:29,GANESHBE,54.7468
2026-09-24,15:29,GANESHHOU,-8.295
2026-09-24,15:29,GARFIBRES,12.2524
2026-09-24,15:29,GARUDA,-6.8232
2026-09-24,15:29,GAYAPROJ,172.3077
2026-09-24,15:29,GCSL,77.1468
2026-09-24,15:29,GEECEE,17.7989
2026-09-24,15:29,GEMAROMA,-7.8285
2026-09-24,15:29,GENESYS,-2.2135
2026-09-24,15:29,GENUSPOWER,2.7652
2026-09-24,15:29,GEOJITFSL,6.5115
2026-09-24,15:29,GESHIP,33.0163
2026-09-24,15:29,GFLLIMITED,-5.6348
2026-09-24,15:29,GHCLTEXTIL,82.7437
2026-09-24,15:29,GIPCL,18.4371
2026-09-24,15:29,GKSL,65.1682
2026-09-24,15:29,GLAND,68.9348
2026-09-24,15:29,GLAXO,15.2001
2026-09-24,15:29,GLENMARK,19.9487
2026-09-24,15:29,GLOBAL,59.304
2026-09-24,15:29,GLOTTIS,6.9367
2026-09-24,15:29,GMMPFAUDLR,35.969
2026-09-24,15:29,GMRAIRPORT,-7.7251
2026-09-24,15:29,GMRP&UI,-8.8695
2026-09-24,15:29,GNA,104.2634
2026-09-24,15:29,GNFC,27.4414
2026-09-24,15:29,GOCLCORP,30.6701
2026-09-24,15:29,GODREJAGRO,18.9705
2026-09-24,15:29,GODREJIND,6.6887
2026-09-24,15:29,GOKEX,-5.3613
2026-09-24,15:29,GOKULAGRO,25.6871
2026-09-24,15:29,GOODLUCK,49.4646
2026-09-24,15:29,GPTHEALTH,15.3649
2026-09-24,15:29,GPTINFRA,3.6807
2026-09-24,15:29,GRANULES,37.7584
2026-09-24,15:29,GRAPHITE,25.6962
2026-09-24,15:29,GRASIM,11.039
2026-09-24,15:29,GREAVESCOT,14.8129
2026-09-24,15:29,GREENLAM,-6.3609
2026-09-24,15:29,GREENPLY,9.7111
2026-09-24,15:29,GRINDWELL,27.1339
2026-09-24,15:29,GROWW,20.1223
2026-09-24,15:29,GRPLTD,10.0847
2026-09-24,15:29,GRSE,-4.017
2026-09-24,15:29,GRWRHITECH,104.61
2026-09-24,15:29,GUFICBIO,23.6087
2026-09-24,15:29,GUJALKALI,23.9245
2026-09-24,15:29,GUJTHEM,-6.8324
2026-09-24,15:29,GVPIL,102.986
2026-09-24,15:29,GVT&D,35.4495
2026-09-24,15:29,HAL,8.5564
2026-09-24,15:29,HAPPYFORGE,80.3616
2026-09-24,15:29,HARIOMPIPE,-8.3975
2026-09-24,15:29,HARSHA,17.3355
2026-09-24,15:29,HATSUN,16.4861
2026-09-24,15:29,HCC,13.5504
2026-09-24,15:29,HCG,7.3912
2026-09-24,15:29,HEALTHX,-1.4412
2026-09-24,15:29,HEG,24.2003
2026-09-24,15:29,HERITGFOOD,-8.385
2026-09-24,15:29,HESTERBIO,38.0842
2026-09-24,15:29,HEXATRADEX,-3.3196
2026-09-24,15:29,HFCL,205.7023
2026-09-24,15:29,HIKAL,-5.6275
2026-09-24,15:29,HINDALCO,9.7268
2026-09-24,15:29,HINDCOPPER,-5.1564
2026-09-24,15:29,HINDOILEXP,10.5984
2026-09-24,15:29,HINDZINC,-4.0526
2026-09-24,15:29,HIRECT,62.2305
2026-09-24,15:29,HITECHCORP,93.0984
2026-09-24,15:29,HLEGLAS,-2.7006
2026-09-24,15:29,HMT,30.4035
2026-09-24,15:29,HMVL,9.5391
2026-09-24,15:29,HNDFDS,20.5518
2026-09-24,15:29,HOMEFIRST,5.1508
2026-09-24,15:29,HONASA,66.7666
2026-09-24,15:29,HONAUT,1.7398
2026-09-24,15:29,HSCL,39.04
2026-09-24,15:29,HTMEDIA,4.8193
2026-09-24,15:29,HUHTAMAKI,15.2548
2026-09-24,15:29,IBULLSLTD,66.2376
2026-09-24,15:29,ICICIAMC,20.4195
2026-09-24,15:29,ICICIBANK,-0.2616
2026-09-24,15:29,ICIL,58.8971
2026-09-24,15:29,IDEAFORGE,56.4904
2026-09-24,15:29,IDFCFIRSTB,-2.161
2026-09-24,15:29,IFCI,41.6808
2026-09-24,15:29,IFGLEXPOR,-6.009
2026-09-24,15:29,IGARASHI,-4.693
2026-09-24,15:29,IGIL,-2.3273
2026-09-24,15:29,IGPL,48.4557
2026-09-24,15:29,IIFL,-0.4674
2026-09-24,15:29,IIFLCAPS,-8.4518
2026-09-24,15:29,IKIO,14.8177
2026-09-24,15:29,IKS,11.0629
2026-09-24,15:29,IL&FSENGG,56.0902
2026-09-24,15:29,IMAGICAA,7.5637
2026-09-24,15:29,IMPAL,1.2464
2026-09-24,15:29,INDGN,14.239
2026-09-24,15:29,INDHOTEL,-1.3268
2026-09-24,15:29,INDIAGLYCO,51.5902
2026-09-24,15:29,INDIANB,-0.3123
2026-09-24,15:29,INDIGO,-4.3146
2026-09-24,15:29,INDIGOPNTS,-5.8298
2026-09-24,15:29,INDIQUBE,-7.4539
2026-09-24,15:29,INDNIPPON,62.0866
2026-09-24,15:29,INDOAMIN,4.4911
2026-09-24,15:29,INDOBORAX,66.8326
2026-09-24,15:29,INDOCO,9.0731
2026-09-24,15:29,INDORAMA,111.9167
2026-09-24,15:29,INDOTECH,104.6379
2026-09-24,15:29,INDSWFTLAB,343.4192
2026-09-24,15:29,INDUSINDBK,3.2914
2026-09-24,15:29,INGERRAND,21.4827
2026-09-24,15:29,INNOVACAP,75.408
2026-09-24,15:29,INOXINDIA,85.5333
2026-09-24,15:29,IOLCP,147.2864
2026-09-24,15:29,IONEXCHANG,12.582
2026-09-24,15:29,IPCALAB,42.8336
2026-09-24,15:29,IRISDOREME,75.4129
2026-09-24,15:29,IRMENERGY,-7.5168
2026-09-24,15:29,ISGEC,-5.4446
2026-09-24,15:29,ITDC,12.9643
2026-09-24,15:29,IZMO,11.9161
2026-09-24,15:29,J&KBANK,45.5562
2026-09-24,15:29,JAGSNPHARM,26.7179
2026-09-24,15:29,JAIBALAJI,-7.8503
2026-09-24,15:29,JAMNAAUTO,9.3819
2026-09-24,15:29,JARO,-1.0057
2026-09-24,15:29,JASH,32.5867
2026-09-24,15:29,JAYAGROGN,14.4876
2026-09-24,15:29,JAYBARMARU,33.9266
2026-09-24,15:29,JAYKAY,7.7689
2026-09-24,15:29,JAYNECOIND,2.9909
2026-09-24,15:29,JBMA,-5.2106
2026-09-24,15:29,JGCHEM,70.7819
2026-09-24,15:29,JINDALPOLY,45.7158
2026-09-24,15:29,JINDALSAW,69.0553
2026-09-24,15:29,JINDALSTEL,8.3677
2026-09-24,15:29,JINDRILL,4.4925
2026-09-24,15:29,JINDWORLD,69.5517
2026-09-24,15:29,JITFINFRA,-1.0489
2026-09-24,15:29,JKCEMENT,-5.7021
2026-09-24,15:29,JKPAPER,16.1933
2026-09-24,15:29,JLHL,-4.2066
2026-09-24,15:29,JNKINDIA,75.3123
2026-09-24,15:29,JPOLYINVST,-7.3199
2026-09-24,15:29,JSFB,23.9948
2026-09-24,15:29,JSWCEMENT,-3.7595
2026-09-24,15:29,JSWDULUX,-1.6824
2026-09-24,15:29,JSWENERGY,1.5936
2026-09-24,15:29,JSWINFRA,27.3433
2026-09-24,15:29,JSWSTEEL,8.6812
2026-09-24,15:29,JTLIND,52.6084
2026-09-24,15:29,JUBLCPL,-4.7907
2026-09-24,15:29,JUBLPHARMA,0.5434
2026-09-24,15:29,JUSTDIAL,-7.4281
2026-09-24,15:29,JYOTICNC,8.0165
2026-09-24,15:29,KABRAEXTRU,256.571
2026-09-24,15:29,KAJARIACER,26.8941
2026-09-24,15:29,KALYANKJIL,18.4634
2026-09-24,15:29,KAMATHOTEL,-1.1367
2026-09-24,15:29,KAMDHENU,59.9524
2026-09-24,15:29,KANORICHEM,148.9979
2026-09-24,15:29,KANPRPLA,46.0768
2026-09-24,15:29,KAPSTON,188.8045
2026-09-24,15:29,KARURVYSYA,20.6385
2026-09-24,15:29,KDDL,67.0912
2026-09-24,15:29,KECL,17.1838
2026-09-24,15:29,KEI,2.7024
2026-09-24,15:29,KENNAMET,62.4151
2026-09-24,15:29,KERNEX,40.5852
2026-09-24,15:29,KICL,-0.2564
2026-09-24,15:29,KILITCH,20.8983
2026-09-24,15:29,KIMS,29.9221
2026-09-24,15:29,KINGFA,40.7984
2026-09-24,15:29,KIRLFER,-0.3542
2026-09-24,15:29,KIRLOSBROS,9.784
2026-09-24,15:29,KIRLOSENG,75.9041
2026-09-24,15:29,KIRLOSIND,14.908
2026-09-24,15:29,KIRLPNU,34.286
2026-09-24,15:29,KKCL,-2.957
2026-09-24,15:29,KMEW,50.013
2026-09-24,15:29,KNAGRI,4.5361
2026-09-24,15:29,KOLTEPATIL,10.4563
2026-09-24,15:29,KOPRAN,78.7053
2026-09-24,15:29,KOTAKBANK,-8.6933
2026-09-24,15:29,KOTHARIPET,2.8315
2026-09-24,15:29,KOVAI,129.7669
2026-09-24,15:29,KPIL,16.4199
2026-09-24,15:29,KPRMILL,22.0737
2026-09-24,15:29,KRBL,0.6827
2026-09-24,15:29,KRISHANA,76.6153
2026-09-24,15:29,KRISHNADEF,25.0231
2026-09-24,15:29,KRN,88.4251
2026-09-24,15:29,KRONOX,43.0805
2026-09-24,15:29,KROSS,32.2382
2026-09-24,15:29,KRYSTAL,22.7851
2026-09-24,15:29,KSB,7.4908
2026-09-24,15:29,KSHINTL,193.2352
2026-09-24,15:29,KSL,29.3243
2026-09-24,15:29,KTKBANK,63.4206
2026-09-24,15:29,LALPATHLAB,29.9046
2026-09-24,15:29,LANDMARK,3.6452
2026-09-24,15:29,LAURUSLABS,82.4748
2026-09-24,15:29,LAXMIINDIA,-1.6786
2026-09-24,15:29,LENSKART,54.1619
2026-09-24,15:29,LGBBROSLTD,-2.4482
2026-09-24,15:29,LGEINDIA,14.3463
2026-09-24,15:29,LICHSGFIN,5.3
2026-09-24,15:29,LICI,-4.7842
2026-09-24,15:29,LIKHITHA,18.3901
2026-09-24,15:29,LINCOLN,23.9371
2026-09-24,15:29,LINDEINDIA,4.8832
2026-09-24,15:29,LLOYDSENGG,61.4169
2026-09-24,15:29,LLOYDSENT,20.7541
2026-09-24,15:29,LLOYDSME,34.7161
2026-09-24,15:29,LMW,14.3544
2026-09-24,15:29,LODHA,7.9418
2026-09-24,15:29,LOKESHMACH,101.1852
2026-09-24,15:29,LOTUSDEV,37.4561
2026-09-24,15:29,LT,-6.8109
2026-09-24,15:29,LTFOODS,9.9456
2026-09-24,15:29,LUMAXIND,13.0336
2026-09-24,15:29,LUMAXTECH,27.9723
2026-09-24,15:29,LUPIN,-0.0999
2026-09-24,15:29,LUXIND,4.9708
2026-09-24,15:29,LXCHEM,7.57
2026-09-24,15:29,MACPOWER,101.4958
2026-09-24,15:29,MAGADSUGAR,-0.2182
2026-09-24,15:29,MAHABANK,29.4672
2026-09-24,15:29,MAHASTEEL,19.4343
2026-09-24,15:29,MAHLOG,31.4505
2026-09-24,15:29,MAHSCOOTER,-6.6878
2026-09-24,15:29,MAHSEAMLES,27.7127
2026-09-24,15:29,MAITHANALL,-3.1039
2026-09-24,15:29,MAMATA,-7.1938
2026-09-24,15:29,MANAKCOAT,-1.0711
2026-09-24,15:29,MANAKSTEEL,40.9605
2026-09-24,15:29,MANALIPETC,32.4849
2026-09-24,15:29,MANAPPURAM,3.4543
2026-09-24,15:29,MANBA,0.2428
2026-09-24,15:29,MANGLMCEM,34.916
2026-09-24,15:29,MANINDS,145.8131
2026-09-24,15:29,MANINFRA,-2.7491
2026-09-24,15:29,MANKIND,15.4948
2026-09-24,15:29,MANORAMA,41.206
2026-09-24,15:29,MANYAVAR,-8.9022
2026-09-24,15:29,MARICO,8.4292
2026-09-24,15:29,MARINE,89.6821
2026-09-24,15:29,MARKSANS,87.5799
2026-09-24,15:29,MATRIMONY,-0.5815
2026-09-24,15:29,MAWANASUG,48.895
2026-09-24,15:29,MAXESTATES,34.9967
2026-09-24,15:29,MAXHEALTH,-0.324
2026-09-24,15:29,MAYURUNIQ,42.2528
2026-09-24,15:29,MAZDA,21.7908
2026-09-24,15:29,MBAPL,91.6482
2026-09-24,15:29,MBECL,9280.7126
2026-09-24,15:29,MCLOUD,-3.2634
2026-09-24,15:29,MCX,55.9605
2026-09-24,15:29,MEDANTA,26.3697
2026-09-24,15:29,MEESHO,28.23
2026-09-24,15:29,MENONBE,164.3083
2026-09-24,15:29,METROPOLIS,22.9334
2026-09-24,15:29,MGL,-4.2993
2026-09-24,15:29,MIDHANI,19.0636
2026-09-24,15:29,MINDACORP,16.3105
2026-09-24,15:29,MMFL,69.1511
2026-09-24,15:29,MMP,70.5938
2026-09-24,15:29,MODIS,5.7505
2026-09-24,15:29,MODISONLTD,200.7496
2026-09-24,15:29,MOL,-6.5286
2026-09-24,15:29,MOLDTECH,32.3588
2026-09-24,15:29,MOLDTKPAC,11.0204
2026-09-24,15:29,MONARCH,16.285
2026-09-24,15:29,MOREPENLAB,183.6293
2026-09-24,15:29,MOSCHIP,0.5193
2026-09-24,15:29,MOTHERSON,32.6314
2026-09-24,15:29,MOTILALOFS,21.4281
2026-09-24,15:29,MPSLTD,30.5497
2026-09-24,15:29,MRPL,7.1736
2026-09-24,15:29,MSPL,-5.749
2026-09-24,15:29,MSTCLTD,43.5476
2026-09-24,15:29,MTARTECH,194.3018
2026-09-24,15:29,MUFIN,13.5988
2026-09-24,15:29,MUKANDLTD,13.7436
2026-09-24,15:29,MUKKA,12.3857
2026-09-24,15:29,MUNJALAU,31.9224
2026-09-24,15:29,MUNJALSHOW,4.5418
2026-09-24,15:29,MUTHOOTMF,6.325
2026-09-24,15:29,MVGJL,18.022
2026-09-24,15:29,NAHARINDUS,19.209
2026-09-24,15:29,NAHARPOLY,-2.7734
2026-09-24,15:29,NAHARSPING,39.4917
2026-09-24,15:29,NAM-INDIA,30.8382
2026-09-24,15:29,NATCOPHARM,-5.2015
2026-09-24,15:29,NATIONALUM,13.9224
2026-09-24,15:29,NAUKRI,-8.718
2026-09-24,15:29,NAVA,-1.4159
2026-09-24,15:29,NAVINFLUOR,42.6212
2026-09-24,15:29,NAZARA,33.7679
2026-09-24,15:29,NDRAUTO,-6.3106
2026-09-24,15:29,NELCAST,4.7724
2026-09-24,15:29,NELCO,37.5225
2026-09-24,15:29,NEOGEN,97.7976
2026-09-24,15:29,NEPHROPLUS,55.6604
2026-09-24,15:29,NESTLEIND,4.3243
2026-09-24,15:29,NETWEB,51.5491
2026-09-24,15:29,NEULANDLAB,45.4515
2026-09-24,15:29,NGLFINE,107.282
2026-09-24,15:29,NH,-2.9311
2026-09-24,15:29,NHPC,-4.1604
2026-09-24,15:29,NIACL,15.9979
2026-09-24,15:29,NIBE,13.62
2026-09-24,15:29,NIITLTD,-1.4579
2026-09-24,15:29,NILKAMAL,34.6462
2026-09-24,15:29,NINSYS,79.3385
2026-09-24,15:29,NITINSPIN,90.4545
2026-09-24,15:29,NIVABUPA,1.3985
2026-09-24,15:29,NLCINDIA,2.7718
2026-09-24,15:29,NMDC,-3.3947
2026-09-24,15:29,NOCIL,25.3192
2026-09-24,15:29,NORTHARC,21.108
2026-09-24,15:29,NOVARTIND,129.9277
2026-09-24,15:29,NPST,30.4472
2026-09-24,15:29,NRAIL,34.2914
2026-09-24,15:29,NRBBEARING,94.163
2026-09-24,15:29,NRL,191.108
2026-09-24,15:29,NSLNISP,-3.5155
2026-09-24,15:29,NTPC,-2.8843
2026-09-24,15:29,NTPCGREEN,0.2311
2026-09-24,15:29,NUVAMA,16.2427
2026-09-24,15:29,NUVOCO,-4.3404
2026-09-24,15:29,NYKAA,26.1712
2026-09-24,15:29,OAL,83.8687
2026-09-24,15:29,OBEROIRLTY,8.3495
2026-09-24,15:29,OCCLLTD,58.297
2026-09-24,15:29,OFSS,42.1138
2026-09-24,15:29,OIL,12.0337
2026-09-24,15:29,OLAELEC,13.3262
2026-09-24,15:29,OLECTRA,3.6149
2026-09-24,15:29,OMAXE,45.4512
2026-09-24,15:29,ONEPOINT,29.6241
2026-09-24,15:29,ONGC,0.4455
2026-09-24,15:29,ONIDA,18.1399
2026-09-24,15:29,ONWARDTEC,-2.2959
2026-09-24,15:29,OPTIEMUS,58.5032
2026-09-24,15:29,ORBTEXP,17.2945
2026-09-24,15:29,ORCHPHARMA,38.2021
2026-09-24,15:29,ORIENTBELL,26.6354
2026-09-24,15:29,ORIENTELEC,-5.964
2026-09-24,15:29,ORIENTHOT,27.7732
2026-09-24,15:29,PAGEIND,5.2041
2026-09-24,15:29,PAISALO,145.3374
2026-09-24,15:29,PANACEABIO,-0.7679
2026-09-24,15:29,PANACHE,52
2026-09-24,15:29,PANAMAPET,56.5982
2026-09-24,15:29,PARACABLES,53.6006
2026-09-24,15:29,PARADEEP,-6.2955
2026-09-24,15:29,PARAS,96.4179
2026-09-24,15:29,PARKHOSPS,90.1268
2026-09-24,15:29,PASHUPATI,-2.1445
2026-09-24,15:29,PASUPTAC,46.6346
2026-09-24,15:29,PATELENG,-2.6038
2026-09-24,15:29,PATELRMART,4.292
2026-09-24,15:29,PAUSHAKLTD,14.1725
2026-09-24,15:29,PAYTM,34.3578
2026-09-24,15:29,PCBL,14.2954
2026-09-24,15:29,PDMJEPAPER,-3.1063
2026-09-24,15:29,PDSL,-3.7597
2026-09-24,15:29,PETRONET,-0.5207
2026-09-24,15:29,PFC,-6.5538
2026-09-24,15:29,PFOCUS,38.9979
2026-09-24,15:29,PGHL,-5.3473
2026-09-24,15:29,PGIL,59.0807
2026-09-24,15:29,PHOENIXLTD,4.3947
2026-09-24,15:29,PICCADIL,-0.4962
2026-09-24,15:29,PIDILITIND,3.5867
2026-09-24,15:29,PITTIENG,40.8126
2026-09-24,15:29,PIXTRANS,24.5932
2026-09-24,15:29,PNB,-5.5027
2026-09-24,15:29,PNBGILTS,-7.1701
2026-09-24,15:29,PNBHOUSING,10.9366
2026-09-24,15:29,PNGJL,-2.2406
2026-09-24,15:29,POLYCAB,9.0382
2026-09-24,15:29,POLYMED,-1.5208
2026-09-24,15:29,POLYPLEX,31.1581
2026-09-24,15:29,POONAWALLA,-3.394
2026-09-24,15:29,POWERGRID,-0.1499
2026-09-24,15:29,POWERINDIA,66.1887
2026-09-24,15:29,POWERMECH,6.6459
2026-09-24,15:29,PPL,11.7062
2026-09-24,15:29,PPLPHARMA,22.51
2026-09-24,15:29,PRABHA,20.6885
2026-09-24,15:29,PRAJIND,-1.1261
2026-09-24,15:29,PRECOT,60.6406
2026-09-24,15:29,PRECWIRE,96.7009
2026-09-24,15:29,PREMEXPLN,31.5739
2026-09-24,15:29,PREMIERENE,5.9962
2026-09-24,15:29,PREMIERPOL,147.3788
2026-09-24,15:29,PRESTIGE,-8.0481
2026-09-24,15:29,PRICOLLTD,15.6397
2026-09-24,15:29,PRIMESECU,9.1008
2026-09-24,15:29,PRIMO,-5.2296
2026-09-24,15:29,PRINCEPIPE,-2.7695
2026-09-24,15:29,PRIVISCL,26.3897
2026-09-24,15:29,PROZONER,-4.9658
2026-09-24,15:29,PRUDENT,26.1797
2026-09-24,15:29,PSPPROJECT,-7.4119
2026-09-24,15:29,PTC,-4.2621
2026-09-24,15:29,PTCIL,18.8971
2026-09-24,15:29,PTL,-2.7502
2026-09-24,15:29,PVP,80.9603
2026-09-24,15:29,PVRINOX,23.5693
2026-09-24,15:29,PWL,0.0075
2026-09-24,15:29,PYRAMID,-0.8228
2026-09-24,15:29,QPOWER,84.639
2026-09-24,15:29,QUADFUTURE,51.4528
2026-09-24,15:29,QUESS,69.6347
2026-09-24,15:29,RACLGEAR,50.6817
2026-09-24,15:29,RADHIKAJWE,-4.5018
2026-09-24,15:29,RADICO,37.7209
2026-09-24,15:29,RAIN,48.7391
2026-09-24,15:29,RAINBOW,7.3894
2026-09-24,15:29,RAJRATAN,2.3637
2026-09-24,15:29,RAJRILTD,-7.4674
2026-09-24,15:29,RAMCOIND,3.4228
2026-09-24,15:29,RAMCOSYS,2.2963
2026-09-24,15:29,RAMRAT,76.8462
2026-09-24,15:29,RANEHOLDIN,15.6536
2026-09-24,15:29,RATEGAIN,17.3789
2026-09-24,15:29,RATNAMANI,18.197
2026-09-24,15:29,RATNAVEER,111.8567
2026-09-24,15:29,RAYMOND,182.8595
2026-09-24,15:29,RAYMONDREL,35.8458
2026-09-24,15:29,RBA,42.666
2026-09-24,15:29,RBLBANK,30.9071
2026-09-24,15:29,RBZJEWEL,23.5991
2026-09-24,15:29,REDINGTON,47.8087
2026-09-24,15:29,REDTAPE,-1.6667
2026-09-24,15:29,REFEX,8.3556
2026-09-24,15:29,REGAAL,30.2429
2026-09-24,15:29,RELIGARE,-3.0459
2026-09-24,15:29,RELTD,-6.648
2026-09-24,15:29,RGL,31.2549
2026-09-24,15:29,RICOAUTO,-5.3459
2026-09-24,15:29,RISHABH,65.4262
2026-09-24,15:29,RITCO,5.9041
2026-09-24,15:29,RKFORGE,37.3899
2026-09-24,15:29,RML,68.4028
2026-09-24,15:29,ROLEXRINGS,41.7376
2026-09-24,15:29,ROSSTECH,126.354
2026-09-24,15:29,ROTO,-7.1085
2026-09-24,15:29,RPEL,76.0091
2026-09-24,15:29,RPGLIFE,25.3902
2026-09-24,15:29,RPSGVENT,13.0455
2026-09-24,15:29,RPTECH,145.0423
2026-09-24,15:29,RRKABEL,72.1772
2026-09-24,15:29,RSWM,48.5816
2026-09-24,15:29,RUBICON,147.7605
2026-09-24,15:29,RUBYMILLS,121.7937
2026-09-24,15:29,SAATVIKGL,16.2596
2026-09-24,15:29,SAIL,23.9475
2026-09-24,15:29,SAILIFE,77.1619
2026-09-24,15:29,SAKAR,177.3532
2026-09-24,15:29,SALSTEEL,101.7857
2026-09-24,15:29,SAMBHV,58.4937
2026-09-24,15:29,SAMMAANCAP,-2.538
2026-09-24,15:29,SANATHAN,22.3982
2026-09-24,15:29,SANDESH,-4.8499
2026-09-24,15:29,SANDHAR,6.2085
2026-09-24,15:29,SANGAMIND,17.9451
2026-09-24,15:29,SANGHVIMOV,28.4379
2026-09-24,15:29,SANSERA,160.8666
2026-09-24,15:29,SANSTAR,13.9702
2026-09-24,15:29,SARDAEN,-2.0206
2026-09-24,15:29,SAREGAMA,42.1098
2026-09-24,15:29,SARLAPOLY,9.5181
2026-09-24,15:29,SASKEN,13.9782
2026-09-24,15:29,SATIA,1.4239
2026-09-24,15:29,SATIN,56.733
2026-09-24,15:29,SBC,66.9332
2026-09-24,15:29,SBCL,168.0422
2026-09-24,15:29,SBIN,-0.6347
2026-09-24,15:29,SCHAEFFLER,3.9603
2026-09-24,15:29,SCHNEIDER,70.2948
2026-09-24,15:29,SCI,20.5439
2026-09-24,15:29,SCPL,96.5861
2026-09-24,15:29,SEAMECLTD,58.1733
2026-09-24,15:29,SENCO,5.5774
2026-09-24,15:29,SENORES,62.6596
2026-09-24,15:29,SESHAPAPER,3.2179
2026-09-24,15:29,SETL,168.7663
2026-09-24,15:29,SFL,8.8721
2026-09-24,15:29,SGFIN,47.9646
2026-09-24,15:29,SGIL,28.3446
2026-09-24,15:29,SGMART,87.2699
2026-09-24,15:29,SHAILY,39.7943
2026-09-24,15:29,SHALPAINTS,18.7636
2026-09-24,15:29,SHANTIGEAR,43.2026
2026-09-24,15:29,SHANTIGOLD,49.1952
2026-09-24,15:29,SHARDAMOTR,2.1723
2026-09-24,15:29,SHAREINDIA,28.8704
2026-09-24,15:29,SHILCTECH,6.4956
2026-09-24,15:29,SHILPAMED,218.9172
2026-09-24,15:29,SHIVALIK,14.9615
2026-09-24,15:29,SHIVAUM,81.9858
2026-09-24,15:29,SHOPERSTOP,0.8248
2026-09-24,15:29,SHREEJISPG,92.2424
2026-09-24,15:29,SHREEPUSHK,30.5265
2026-09-24,15:29,SHRIPISTON,43.9424
2026-09-24,15:29,SHRIRAMFIN,-2.9126
2026-09-24,15:29,SHYAMMETL,30.4152
2026-09-24,15:29,SICALLOG,-4.6531
2026-09-24,15:29,SIEMENS,24.2778
2026-09-24,15:29,SIGACHI,-1.0451
2026-09-24,15:29,SIGMAADV,380.9328
2026-09-24,15:29,SIGNPOST,23.7862
2026-09-24,15:29,SILVERTUC,33.5657
2026-09-24,15:29,SIMPLEXINF,1.7295
2026-09-24,15:29,SINDHUTRAD,18.656
2026-09-24,15:29,SIS,26.2483
2026-09-24,15:29,SJS,27.0592
2026-09-24,15:29,SKFINDUS,13.0654
2026-09-24,15:29,SKIPPER,28.2894
2026-09-24,15:29,SKMEGGPROD,10.4513
2026-09-24,15:29,SKYGOLD,134.7631
2026-09-24,15:29,SMARTWORKS,6.6172
2026-09-24,15:29,SMCGLOBAL,-6.6088
2026-09-24,15:29,SMLMAH,61.3715
2026-09-24,15:29,SMSPHARMA,51.2362
2026-09-24,15:29,SOFTTECH,54.8161
2026-09-24,15:29,SOLARA,29.1689
2026-09-24,15:29,SOLARINDS,60.1184
2026-09-24,15:29,SOMANYCERA,52.6182
2026-09-24,15:29,SONACOMS,72.1063
2026-09-24,15:29,SOTL,90.3078
2026-09-24,15:29,SOUTHBANK,31.5581
2026-09-24,15:29,SOUTHWEST,-2.2577
2026-09-24,15:29,SPAL,38.9441
2026-09-24,15:29,SPARC,51.0627
2026-09-24,15:29,SPECIALITY,38.1365
2026-09-24,15:29,SPECTRUM,174.0956
2026-09-24,15:29,SPLPETRO,36.8429
2026-09-24,15:29,SPORTKING,141.3024
2026-09-24,15:29,SREEL,37.323
2026-09-24,15:29,SRHHYPOLTD,17.155
2026-09-24,15:29,SSWL,79.172
2026-09-24,15:29,STAR,31.98
2026-09-24,15:29,STARHEALTH,18.442
2026-09-24,15:29,STEELCAS,69.8391
2026-09-24,15:29,STEL,26.5878
2026-09-24,15:29,STLNETWORK,131.8769
2026-09-24,15:29,STLTECH,703.6585
2026-09-24,15:29,STOVEKRAFT,41.4851
2026-09-24,15:29,STYL,33.1236
2026-09-24,15:29,STYLAMIND,47.5462
2026-09-24,15:29,STYLEBAAZA,36.9822
2026-09-24,15:29,STYRENIX,2.9735
2026-09-24,15:29,SUBEXLTD,77.0085
2026-09-24,15:29,SUDARSCHEM,29.2445
2026-09-24,15:29,SUDEEPPHRM,91.0283
2026-09-24,15:29,SUMICHEM,-4.2172
2026-09-24,15:29,SUNCLAY,2.7636
2026-09-24,15:29,SUNDRMFAST,23.9021
2026-09-24,15:29,SUNDROP,4.4547
2026-09-24,15:29,SUNFLAG,45.8287
2026-09-24,15:29,SUNPHARMA,7.4836
2026-09-24,15:29,SUPRAJIT,3.3776
2026-09-24,15:29,SUPREMEIND,-1.4464
2026-09-24,15:29,SUPREMEINF,-8.4917
2026-09-24,15:29,SUPRIYA,29.8171
2026-09-24,15:29,SURAKSHA,30.3313
2026-09-24,15:29,SURYODAY,2.5978
2026-09-24,15:29,SUTLEJTEX,18.6017
2026-09-24,15:29,SUVEN,103.4428
2026-09-24,15:29,SUYOG,7.5776
2026-09-24,15:29,SVLL,20.3639
2026-09-24,15:29,SWANDEF,629.8764
2026-09-24,15:29,SWARAJENG,-4.8097
2026-09-24,15:29,SWELECTES,-9.1034
2026-09-24,15:29,SYNCOMF,42.2585
2026-09-24,15:29,SYRMA,136.1134
2026-09-24,15:29,TALBROAUTO,69.547
2026-09-24,15:29,TANLA,-6.0809
2026-09-24,15:29,TARIL,-8.9315
2026-09-24,15:29,TARSONS,42.8663
2026-09-24,15:29,TASTYBITE,26.0325
2026-09-24,15:29,TATACAP,-1.2337
2026-09-24,15:29,TATACOMM,-7.8112
2026-09-24,15:29,TATAINVEST,-5.4977
2026-09-24,15:29,TATAPOWER,-4.8186
2026-09-24,15:29,TATASTEEL,3.3702
2026-09-24,15:29,TATATECH,11.4086
2026-09-24,15:29,TATVA,30.4899
2026-09-24,15:29,TBOTEK,3.9044
2026-09-24,15:29,TBZ,309.2976
2026-09-24,15:29,TCPLPACK,33.4517
2026-09-24,15:29,TDPOWERSYS,120.2565
2026-09-24,15:29,TECHM,-4.0244
2026-09-24,15:29,TECHNOE,-6.8348
2026-09-24,15:29,TEGA,5.7544
2026-09-24,15:29,TEJASNET,13.0944
2026-09-24,15:29,TENNIND,1.2376
2026-09-24,15:29,TEXINFRA,19.0906
2026-09-24,15:29,TEXRAIL,-7.2301
2026-09-24,15:29,TFCILTD,107.7625
2026-09-24,15:29,THANGAMAYL,56.3689
2026-09-24,15:29,THEJO,25.4004
2026-09-24,15:29,THELEELA,22.6734
2026-09-24,15:29,THEMISMED,18.3011
2026-09-24,15:29,THERMAX,11.1869
2026-09-24,15:29,THYROCARE,26.8749
2026-09-24,15:29,TI,29.1887
2026-09-24,15:29,TIIL,34.5533
2026-09-24,15:29,TIINDIA,-3.1416
2026-09-24,15:29,TIL,-5.6153
2026-09-24,15:29,TIMETECHNO,-4.8349
2026-09-24,15:29,TIMKEN,7.0926
2026-09-24,15:29,TINNARUBR,26.1051
2026-09-24,15:29,TIPSMUSIC,21.5886
2026-09-24,15:29,TIRUPATIFL,130.4386
2026-09-24,15:29,TITAGARH,-7.0882
2026-09-24,15:29,TITAN,19.3416
2026-09-24,15:29,TMB,72.3669
2026-09-24,15:29,TMCV,2.1975
2026-09-24,15:29,TNPETRO,20.7723
2026-09-24,15:29,TNPL,4.3509
2026-09-24,15:29,TORNTPHARM,28.0662
2026-09-24,15:29,TORNTPOWER,-6.2396
2026-09-24,15:29,TPLPLASTEH,-1.8259
2026-09-24,15:29,TRAVELFOOD,4.7808
2026-09-24,15:29,TREL,-1.8708
2026-09-24,15:29,TRENT,-5.7569
2026-09-24,15:29,TRITURBINE,2.6987
2026-09-24,15:29,TRIVENI,1.853
2026-09-24,15:29,TRUALT,7.1696
2026-09-24,15:29,TSFINV,1.7595
2026-09-24,15:29,TTKHLTCARE,1.8115
2026-09-24,15:29,TVSMOTOR,7.8168
2026-09-24,15:29,TVSSCS,14.2269
2026-09-24,15:29,TVSSRICHAK,1.7387
2026-09-24,15:29,UDS,4.3357
2026-09-24,15:29,UEL,44.796
2026-09-24,15:29,UFBL,233.3026
2026-09-24,15:29,UFLEX,32.6948
2026-09-24,15:29,UGARSUGAR,33.0074
2026-09-24,15:29,UJJIVANSFB,17.397
2026-09-24,15:29,ULTRACEMCO,-7.1002
2026-09-24,15:29,UNICHEMLAB,25.6308
2026-09-24,15:29,UNIMECH,85.2748
2026-09-24,15:29,UNIONBANK,16.8446
2026-09-24,15:29,UNIPARTS,76.6227
2026-09-24,15:29,UNITDSPR,1.3602
2026-09-24,15:29,UNITEDPOLY,70.4443
2026-09-24,15:29,UNIVASTU,104.6302
2026-09-24,15:29,UNIVCABLES,58.3673
2026-09-24,15:29,UNIVPHOTO,147.937
2026-09-24,15:29,UNOMINDA,-4.8418
2026-09-24,15:29,URBANCO,30.3845
2026-09-24,15:29,USHAMART,17.8644
2026-09-24,15:29,UTLSOLAR,93.9931
2026-09-24,15:29,UTTAMSUGAR,3.462
2026-09-24,15:29,VADILALIND,50.8004
2026-09-24,15:29,VALIANTLAB,79.0491
2026-09-24,15:29,VALIANTORG,51.7057
2026-09-24,15:29,VARROC,37.2191
2026-09-24,15:29,VEDL,22.6895
2026-09-24,15:29,VENKEYS,5.7444
2026-09-24,15:29,VENUSPIPES,90.0017
2026-09-24,15:29,VENUSREM,113.6489
2026-09-24,15:29,VERANDA,14.7837
2026-09-24,15:29,VGUARD,-3.9975
2026-09-24,15:29,VHL,-6.5766
2026-09-24,15:29,VHLTD,-4.7282
2026-09-24,15:29,VIDHIING,3.9676
2026-09-24,15:29,VIDYAWIRES,72.529
2026-09-24,15:29,VIJAYA,46.4409
2026-09-24,15:29,VIMTALABS,-0.665
2026-09-24,15:29,VINCOFE,14.6789
2026-09-24,15:29,VINDHYATEL,94.4835
2026-09-24,15:29,VISAKAIND,33.9788
2026-09-24,15:29,VISHNU,27.7475
2026-09-24,15:29,VIYASH,18.0536
2026-09-24,15:29,VMART,10.8691
2026-09-24,15:29,VOLTAMP,35.8963
2026-09-24,15:29,VRLLOG,8.5209
2026-09-24,15:29,VSSL,41.8316
2026-09-24,15:29,VTL,29.4293
2026-09-24,15:29,WABAG,54.2883
2026-09-24,15:29,WALCHANNAG,9.0742
2026-09-24,15:29,WANBURY,-2.0746
2026-09-24,15:29,WEALTH,-8.7176
2026-09-24,15:29,WELCORP,236.7987
2026-09-24,15:29,WELENT,45.6215
2026-09-24,15:29,WELINV,80.5954
2026-09-24,15:29,WELSPUNLIV,68.3605
2026-09-24,15:29,WENDT,9.4346
2026-09-24,15:29,WESTLIFE,5.7005
2026-09-24,15:29,WEWORK,7.1082
2026-09-24,15:29,WHEELS,152.1593
2026-09-24,15:29,WHIRLPOOL,-4.1444
2026-09-24,15:29,WINDLAS,36.4351
2026-09-24,15:29,WINDMACHIN,12.8657
2026-09-24,15:29,WOCKPHARMA,60.7773
2026-09-24,15:29,WONDERLA,-3.2628
2026-09-24,15:29,WSTCSTPAPR,77.2001
2026-09-24,15:29,XPROINDIA,25.5265
2026-09-24,15:29,YASHO,182.796
2026-09-24,15:29,YATHARTH,71.3566
2026-09-24,15:29,YESBANK,4.4207
2026-09-24,15:29,YUKEN,25.8298
2026-09-24,15:29,ZENTEC,21.3106
2026-09-24,15:29,ZIMLAB,95.8505
2026-09-24,15:29,ZYDUSLIFE,28.9875
2026-09-24,15:29,ZYDUSWELL,12.0409
