date,time,group,% change
2026-09-04,15:29,20MICRONS,24.7351
2026-09-04,15:29,360ONE,9.4374
2026-09-04,15:29,3BBLACKBIO,11.407
2026-09-04,15:29,5PAISA,0.846
2026-09-04,15:29,63MOONS,20.7383
2026-09-04,15:29,AARTIDRUGS,13.7567
2026-09-04,15:29,AARTIPHARM,20.5756
2026-09-04,15:29,ABB,1.674
2026-09-04,15:29,ABBOTINDIA,2.8408
2026-09-04,15:29,ABCAPITAL,19.6867
2026-09-04,15:29,ABDL,12.1129
2026-09-04,15:29,ABSLAMC,-0.3751
2026-09-04,15:29,ACE,24.4567
2026-09-04,15:29,ACMESOLAR,36.9594
2026-09-04,15:29,ACUTAAS,28.3937
2026-09-04,15:29,ADANIENT,21.7874
2026-09-04,15:29,ADANIGREEN,4.1082
2026-09-04,15:29,ADANIPORTS,4.2562
2026-09-04,15:29,ADFFOODS,-0.3237
2026-09-04,15:29,ADOR,56.3764
2026-09-04,15:29,ADVAIT,3.5573
2026-09-04,15:29,ADVANCE,3.6086
2026-09-04,15:29,AEGISLOG,78.5368
2026-09-04,15:29,AEGISVOPAK,42.9074
2026-09-04,15:29,AEQUS,23.0152
2026-09-04,15:29,AEROENTER,55.4082
2026-09-04,15:29,AEROFLEX,83.4113
2026-09-04,15:29,AETHER,38.9283
2026-09-04,15:29,AFFLE,12.9472
2026-09-04,15:29,AFSL,-0.3157
2026-09-04,15:29,AGARIND,3.1343
2026-09-04,15:29,AGARWALEYE,16.4308
2026-09-04,15:29,AGI,9.3227
2026-09-04,15:29,AHLWEST,61.7903
2026-09-04,15:29,AIAENG,5.9442
2026-09-04,15:29,AIIL,6.4061
2026-09-04,15:29,AJANTPHARM,25.7184
2026-09-04,15:29,AJAXENGG,10.3648
2026-09-04,15:29,AKCAPIT,12.7345
2026-09-04,15:29,AKUMS,43.614
2026-09-04,15:29,ALEMBICLTD,20.7435
2026-09-04,15:29,ALGOQUANT,18.1752
2026-09-04,15:29,ALIVUS,35.5927
2026-09-04,15:29,ALKYLAMINE,31.1251
2026-09-04,15:29,AMAGI,40.5965
2026-09-04,15:29,AMANTA,46.5816
2026-09-04,15:29,AMBIKCO,9.1714
2026-09-04,15:29,AMNPLST,2.8128
2026-09-04,15:29,ANANDRATHI,23.8244
2026-09-04,15:29,ANANTRAJ,26.8404
2026-09-04,15:29,ANDHRSUGAR,1.4683
2026-09-04,15:29,ANTELOPUS,40.2212
2026-09-04,15:29,ANTHEM,20.6315
2026-09-04,15:29,APARINDS,46.8639
2026-09-04,15:29,APCOTEXIND,58.6569
2026-09-04,15:29,APLAPOLLO,13.8664
2026-09-04,15:29,APLLTD,6.4261
2026-09-04,15:29,APOLLO,27.1331
2026-09-04,15:29,APOLLOHOSP,11.5697
2026-09-04,15:29,APOLLOPIPE,39.6814
2026-09-04,15:29,APOLLOTYRE,1.3927
2026-09-04,15:29,APTUS,0.0077
2026-09-04,15:29,ARIES,31.7787
2026-09-04,15:29,ARIHANT,3.1324
2026-09-04,15:29,ARIHANTCAP,11.5325
2026-09-04,15:29,ARIS,0.0934
2026-09-04,15:29,ARKADE,7.9948
2026-09-04,15:29,ARMANFIN,38.2945
2026-09-04,15:29,ARROWGREEN,49.5545
2026-09-04,15:29,ARTEMISMED,38.2002
2026-09-04,15:29,ARVIND,40.6103
2026-09-04,15:29,ARVINDFASN,0.4612
2026-09-04,15:29,ARVSMART,1.8629
2026-09-04,15:29,ASAHIINDIA,10.311
2026-09-04,15:29,ASHIANA,6.0307
2026-09-04,15:29,ASHOKLEY,0.8835
2026-09-04,15:29,ASIANENE,63.285
2026-09-04,15:29,ASIANHOTNR,28.3356
2026-09-04,15:29,ASIANPAINT,2.6273
2026-09-04,15:29,ASKAUTOLTD,37.8285
2026-09-04,15:29,ASTERDM,11.4065
2026-09-04,15:29,ASTRAMICRO,57.7123
2026-09-04,15:29,ATHERENERG,70.1122
2026-09-04,15:29,ATLANTAELE,6.6059
2026-09-04,15:29,AUBANK,4.1259
2026-09-04,15:29,AUROPHARMA,16.2027
2026-09-04,15:29,AURUM,23.6735
2026-09-04,15:29,AVADHSUGAR,73.8804
2026-09-04,15:29,AVALON,112.0373
2026-09-04,15:29,AVANTEL,2.4393
2026-09-04,15:29,AVL,10.5675
2026-09-04,15:29,AVTNPL,28.4505
2026-09-04,15:29,AYE,27.3849
2026-09-04,15:29,AYMSYNTEX,30.3983
2026-09-04,15:29,AZAD,26.1836
2026-09-04,15:29,BAFNAPH,122.4938
2026-09-04,15:29,BAJAJ-AUTO,25.5226
2026-09-04,15:29,BAJAJCON,11.0741
2026-09-04,15:29,BAJAJFINSV,10.7364
2026-09-04,15:29,BAJAJHCARE,-0.9399
2026-09-04,15:29,BAJAJHIND,12.6224
2026-09-04,15:29,BAJAJHLDNG,8.9348
2026-09-04,15:29,BAJEL,1.3508
2026-09-04,15:29,BAJFINANCE,14.8162
2026-09-04,15:29,BALAMINES,90.4661
2026-09-04,15:29,BALKRISIND,4.353
2026-09-04,15:29,BALRAMCHIN,35.7578
2026-09-04,15:29,BALUFORGE,15.2233
2026-09-04,15:29,BANARISUG,5.6179
2026-09-04,15:29,BANCOINDIA,-0.3357
2026-09-04,15:29,BANKINDIA,0.5199
2026-09-04,15:29,BANSALWIRE,3.7584
2026-09-04,15:29,BASF,5.85
2026-09-04,15:29,BBOX,11.3152
2026-09-04,15:29,BBTC,-0.0601
2026-09-04,15:29,BCLIND,7.2956
2026-09-04,15:29,BECTORFOOD,14.8054
2026-09-04,15:29,BELRISE,9.8099
2026-09-04,15:29,BEML,11.7155
2026-09-04,15:29,BENGALASM,0.2493
2026-09-04,15:29,BEPL,29.1924
2026-09-04,15:29,BERGEPAINT,5.5344
2026-09-04,15:29,BETA,70.3524
2026-09-04,15:29,BFINVEST,11.8565
2026-09-04,15:29,BHAGERIA,72.4011
2026-09-04,15:29,BHAGYANGR,32.935
2026-09-04,15:29,BHARATCOAL,0.4158
2026-09-04,15:29,BHARATFORG,3.2299
2026-09-04,15:29,BHARATSE,22.1594
2026-09-04,15:29,BHARTIARTL,-0.2061
2026-09-04,15:29,BHEL,21.5359
2026-09-04,15:29,BIL,16.9458
2026-09-04,15:29,BIOCON,9.5369
2026-09-04,15:29,BIRLACABLE,140.1314
2026-09-04,15:29,BIRLANU,3.0678
2026-09-04,15:29,BLACKBUCK,0.7651
2026-09-04,15:29,BLACKROSE,34.8687
2026-09-04,15:29,BLIL,-0.3024
2026-09-04,15:29,BLISSGVS,149.2015
2026-09-04,15:29,BLKASHYAP,15
2026-09-04,15:29,BLSE,71.7559
2026-09-04,15:29,BLUEJET,28.4925
2026-09-04,15:29,BLUESTONE,63.7998
2026-09-04,15:29,BLUSPRING,123.7681
2026-09-04,15:29,BODALCHEM,125.9619
2026-09-04,15:29,BOROLTD,3.0933
2026-09-04,15:29,BOROSCI,13.2185
2026-09-04,15:29,BOSCH-HCIL,26.3758
2026-09-04,15:29,BOSCHLTD,25.4555
2026-09-04,15:29,BPCL,2.5833
2026-09-04,15:29,BRIGADE,15.9201
2026-09-04,15:29,BUILDPRO,14.3486
2026-09-04,15:29,BUTTERFLY,3.572
2026-09-04,15:29,CANHLIFE,15.3389
2026-09-04,15:29,CAPITALSFB,6.352
2026-09-04,15:29,CAPLIPOINT,62.2676
2026-09-04,15:29,CARBORUNIV,16.7794
2026-09-04,15:29,CARERATING,8.8961
2026-09-04,15:29,CARTRADE,80.3872
2026-09-04,15:29,CARYSIL,24.1012
2026-09-04,15:29,CASTROLIND,3.5145
2026-09-04,15:29,CCL,0.2719
2026-09-04,15:29,CDSL,5.2846
2026-09-04,15:29,CEIGALL,7.3951
2026-09-04,15:29,CEMPRO,90.7801
2026-09-04,15:29,CENTENKA,44.2891
2026-09-04,15:29,CENTUM,29.9472
2026-09-04,15:29,CERA,10.7083
2026-09-04,15:29,CGCL,51.2646
2026-09-04,15:29,CGPOWER,7.1944
2026-09-04,15:29,CHALET,14.192
2026-09-04,15:29,CHEMBONDCH,65.9384
2026-09-04,15:29,CHEMCON,22.5854
2026-09-04,15:29,CHENNPETRO,35.4285
2026-09-04,15:29,CHEVIOT,5.9442
2026-09-04,15:29,CHOICEIN,12.3256
2026-09-04,15:29,CHOLAFIN,19.6954
2026-09-04,15:29,CIPLA,6.0084
2026-09-04,15:29,CLEAN,5.2622
2026-09-04,15:29,CLEANMAX,25.8661
2026-09-04,15:29,CLSEL,6.8143
2026-09-04,15:29,CMPDI,28.0823
2026-09-04,15:29,COCKERILL,58.8965
2026-09-04,15:29,COFFEEDAY,23.3947
2026-09-04,15:29,COFORGE,64.2768
2026-09-04,15:29,COMSYN,96.2994
2026-09-04,15:29,CONCOR,-0.4897
2026-09-04,15:29,CONCORDBIO,32.1922
2026-09-04,15:29,CONFIPET,40.4871
2026-09-04,15:29,CONSOFINVT,28.0537
2026-09-04,15:29,CORONA,24.6202
2026-09-04,15:29,COSMOFIRST,27.828
2026-09-04,15:29,CPPLUS,60.6087
2026-09-04,15:29,CRAFTSMAN,50.5283
2026-09-04,15:29,CREDITACC,15.3373
2026-09-04,15:29,CRISIL,12.3906
2026-09-04,15:29,CSLFINANCE,10.3819
2026-09-04,15:29,CUB,14.1027
2026-09-04,15:29,CUPID,153.8779
2026-09-04,15:29,CYIENT,28.3401
2026-09-04,15:29,CYIENTDLM,118.3034
2026-09-04,15:29,DALMIASUG,17.5895
2026-09-04,15:29,DATAMATICS,7.4675
2026-09-04,15:29,DATAPATTNS,12.9338
2026-09-04,15:29,DBOL,4.6467
2026-09-04,15:29,DCBBANK,16.4118
2026-09-04,15:29,DCI,20.2367
2026-09-04,15:29,DCMSIL,10.6178
2026-09-04,15:29,DDEVPLSTIK,7.9649
2026-09-04,15:29,DECNGOLD,73.9488
2026-09-04,15:29,DEEDEV,63.4186
2026-09-04,15:29,DEEPAKFERT,11.7483
2026-09-04,15:29,DEEPAKNTR,1.7711
2026-09-04,15:29,DEEPINDS,61.4887
2026-09-04,15:29,DEN,-0.2852
2026-09-04,15:29,DEVYANI,24.1687
2026-09-04,15:29,DHAMPURSUG,19.7242
2026-09-04,15:29,DHANBANK,0.1257
2026-09-04,15:29,DHARMAJ,5.5625
2026-09-04,15:29,DHUNINV,10.3514
2026-09-04,15:29,DIACABS,103.7208
2026-09-04,15:29,DIAMONDYD,14.9107
2026-09-04,15:29,DICIND,17.3925
2026-09-04,15:29,DIFFNKG,58.596
2026-09-04,15:29,DIGITIDE,1.912
2026-09-04,15:29,DIVGIITTS,66.7971
2026-09-04,15:29,DIVISLAB,41.4691
2026-09-04,15:29,DIXON,25.2419
2026-09-04,15:29,DLF,15.9891
2026-09-04,15:29,DMCC,3.2632
2026-09-04,15:29,DOLPHIN,61.4178
2026-09-04,15:29,DPABHUSHAN,26.1102
2026-09-04,15:29,DRAGARWQ,9.7816
2026-09-04,15:29,DREDGECORP,13.2431
2026-09-04,15:29,DSSL,-0.3218
2026-09-04,15:29,DVL,17.6101
2026-09-04,15:29,DWARKESH,12.3486
2026-09-04,15:29,DYCL,27.2528
2026-09-04,15:29,DYNAMATECH,-0.8887
2026-09-04,15:29,E2E,101.9573
2026-09-04,15:29,EBGNG,45.2997
2026-09-04,15:29,ECLERX,31.5092
2026-09-04,15:29,EDELWEISS,9.7508
2026-09-04,15:29,EICHERMOT,7.905
2026-09-04,15:29,EIFFL,10.7843
2026-09-04,15:29,EIMCOELECO,39.1004
2026-09-04,15:29,ELANTAS,28.4527
2026-09-04,15:29,ELECTCAST,-0.7587
2026-09-04,15:29,ELECTHERM,13.5827
2026-09-04,15:29,ELGIEQUIP,16.1856
2026-09-04,15:29,ELPROINTL,54.7079
2026-09-04,15:29,EMAMIPAP,48.5012
2026-09-04,15:29,EMBDL,8.8553
2026-09-04,15:29,EMCURE,19.8607
2026-09-04,15:29,EMIL,41.5397
2026-09-04,15:29,EMKAY,17.1379
2026-09-04,15:29,EMMVEE,19.4359
2026-09-04,15:29,EMSLIMITED,6.5804
2026-09-04,15:29,EMUDHRA,6.4395
2026-09-04,15:29,ENDURANCE,18.2459
2026-09-04,15:29,ENGINERSIN,8.9304
2026-09-04,15:29,ENTERO,52.8733
2026-09-04,15:29,EPACKPEB,15.405
2026-09-04,15:29,EPIGRAL,0.0615
2026-09-04,15:29,EPL,9.6565
2026-09-04,15:29,EQUITASBNK,9.551
2026-09-04,15:29,ERIS,-0.4444
2026-09-04,15:29,ESAFSFB,64.2602
2026-09-04,15:29,ESTER,2.2511
2026-09-04,15:29,ETERNAL,27.5339
2026-09-04,15:29,ETHOSLTD,7.9343
2026-09-04,15:29,EVERESTIND,8.2206
2026-09-04,15:29,EXCELINDUS,9.4672
2026-09-04,15:29,EXICOM,52.0086
2026-09-04,15:29,EXIDEIND,19.1158
2026-09-04,15:29,EXPLEOSOL,10.4219
2026-09-04,15:29,FAIRCHEMOR,17.8913
2026-09-04,15:29,FAZE3Q,7.3571
2026-09-04,15:29,FCL,124.1514
2026-09-04,15:29,FEDDERSHOL,33.7482
2026-09-04,15:29,FEDERALBNK,18.0317
2026-09-04,15:29,FEDFINA,6.5629
2026-09-04,15:29,FILATEX,71.6431
2026-09-04,15:29,FINCABLES,21.4855
2026-09-04,15:29,FINEORG,8.5774
2026-09-04,15:29,FINKURVE,0.1801
2026-09-04,15:29,FINOPB,4.4453
2026-09-04,15:29,FIVESTAR,4.5159
2026-09-04,15:29,FLUOROCHEM,34.3521
2026-09-04,15:29,FMGOETZE,7.8619
2026-09-04,15:29,FOSECOIND,31.3136
2026-09-04,15:29,FSL,24.6993
2026-09-04,15:29,FUSION,12.3341
2026-09-04,15:29,GABRIEL,32.6082
2026-09-04,15:29,GAEL,12.2175
2026-09-04,15:29,GAIL,4.6596
2026-09-04,15:29,GALAPREC,37.6529
2026-09-04,15:29,GALAXYSURF,16.655
2026-09-04,15:29,GANDHAR,90.3949
2026-09-04,15:29,GANDHITUBE,6.3818
2026-09-04,15:29,GANESHBE,18.7645
2026-09-04,15:29,GANESHHOU,11.4873
2026-09-04,15:29,GARFIBRES,29.854
2026-09-04,15:29,GARUDA,2.2249
2026-09-04,15:29,GAYAPROJ,24.7706
2026-09-04,15:29,GCSL,67.5771
2026-09-04,15:29,GEECEE,23.0056
2026-09-04,15:29,GENUSPOWER,8.3526
2026-09-04,15:29,GEOJITFSL,25.5616
2026-09-04,15:29,GFLLIMITED,30.1222
2026-09-04,15:29,GHCLTEXTIL,58.5527
2026-09-04,15:29,GIPCL,30.2978
2026-09-04,15:29,GKSL,50.6889
2026-09-04,15:29,GLAND,66.5379
2026-09-04,15:29,GLAXO,22.7326
2026-09-04,15:29,GLENMARK,1.3937
2026-09-04,15:29,GLOBAL,17.6269
2026-09-04,15:29,GMMPFAUDLR,26.6998
2026-09-04,15:29,GMRAIRPORT,-0.419
2026-09-04,15:29,GNA,28.1512
2026-09-04,15:29,GNFC,25.555
2026-09-04,15:29,GNRL,2.764
2026-09-04,15:29,GOCLCORP,26.315
2026-09-04,15:29,GOCOLORS,4.7559
2026-09-04,15:29,GODREJAGRO,9.743
2026-09-04,15:29,GODREJIND,17.6322
2026-09-04,15:29,GODREJPROP,8.6265
2026-09-04,15:29,GOKEX,12.1979
2026-09-04,15:29,GOKULAGRO,2.692
2026-09-04,15:29,GPPL,3.0937
2026-09-04,15:29,GPTHEALTH,14.5495
2026-09-04,15:29,GRANDOAK,22.8924
2026-09-04,15:29,GRANULES,20.3006
2026-09-04,15:29,GRAPHITE,-0.414
2026-09-04,15:29,GRASIM,19.3676
2026-09-04,15:29,GRAVITA,2.2523
2026-09-04,15:29,GREAVESCOT,17.0738
2026-09-04,15:29,GREENLAM,8.8177
2026-09-04,15:29,GREENPLY,19.6826
2026-09-04,15:29,GRINDWELL,21.4118
2026-09-04,15:29,GRPLTD,3.8861
2026-09-04,15:29,GRWRHITECH,79.3233
2026-09-04,15:29,GSPCROP,50.5226
2026-09-04,15:29,GUFICBIO,53.1761
2026-09-04,15:29,GUJALKALI,1.9713
2026-09-04,15:29,GUJTHEM,11.0316
2026-09-04,15:29,GULFOILLUB,7.8531
2026-09-04,15:29,GVPIL,10.9574
2026-09-04,15:29,HAL,11.8533
2026-09-04,15:29,HALDYNGL,36.3804
2026-09-04,15:29,HAPPYFORGE,71.7431
2026-09-04,15:29,HARIOMPIPE,10.7958
2026-09-04,15:29,HARSHA,17.5246
2026-09-04,15:29,HATSUN,20.5383
2026-09-04,15:29,HAWKINCOOK,12.3985
2026-09-04,15:29,HCC,2.5893
2026-09-04,15:29,HCG,21.3413
2026-09-04,15:29,HCLTECH,8.1438
2026-09-04,15:29,HDBFS,2.6154
2026-09-04,15:29,HEALTHX,10.3638
2026-09-04,15:29,HEG,10.4832
2026-09-04,15:29,HEIDELBERG,1.0281
2026-09-04,15:29,HERITGFOOD,4.8396
2026-09-04,15:29,HEROMOTOCO,4.5777
2026-09-04,15:29,HESTERBIO,41.5441
2026-09-04,15:29,HFCL,115.815
2026-09-04,15:29,HIKAL,18.4211
2026-09-04,15:29,HINDOILEXP,14.2187
2026-09-04,15:29,HIRECT,32.4664
2026-09-04,15:29,HITECHCORP,142.446
2026-09-04,15:29,HLEGLAS,0.7093
2026-09-04,15:29,HMT,8.726
2026-09-04,15:29,HMVL,25.4727
2026-09-04,15:29,HNDFDS,27.3
2026-09-04,15:29,HOMEFIRST,7.6985
2026-09-04,15:29,HONASA,35.9452
2026-09-04,15:29,HONAUT,14.0777
2026-09-04,15:29,HSCL,17.4396
2026-09-04,15:29,HTMEDIA,18.0832
2026-09-04,15:29,HUHTAMAKI,43.2906
2026-09-04,15:29,HYUNDAI,20.8087
2026-09-04,15:29,IBULLSLTD,51.4454
2026-09-04,15:29,ICICIBANK,10.1548
2026-09-04,15:29,ICIL,63.4923
2026-09-04,15:29,IDBI,17.9464
2026-09-04,15:29,IDEAFORGE,37.0096
2026-09-04,15:29,IDFCFIRSTB,26.1971
2026-09-04,15:29,IFBAGRO,3.3997
2026-09-04,15:29,IFBIND,10.944
2026-09-04,15:29,IFCI,68.9667
2026-09-04,15:29,IFGLEXPOR,5.5103
2026-09-04,15:29,IGARASHI,10.8271
2026-09-04,15:29,IGPL,34.2323
2026-09-04,15:29,IIFL,48.6474
2026-09-04,15:29,IIFLCAPS,5.7853
2026-09-04,15:29,IKIO,43.7839
2026-09-04,15:29,IKS,15.6459
2026-09-04,15:29,IMAGICAA,19.8183
2026-09-04,15:29,IMPAL,11.5939
2026-09-04,15:29,INDGN,20.5652
2026-09-04,15:29,INDHOTEL,10.3533
2026-09-04,15:29,INDIANHUME,22.0072
2026-09-04,15:29,INDIGO,12.034
2026-09-04,15:29,INDIGOPNTS,37.0471
2026-09-04,15:29,INDIQUBE,11.856
2026-09-04,15:29,INDNIPPON,43.6794
2026-09-04,15:29,INDOAMIN,11.1837
2026-09-04,15:29,INDOBORAX,108.6897
2026-09-04,15:29,INDOCO,24.1476
2026-09-04,15:29,INDORAMA,85.9801
2026-09-04,15:29,INDOSTAR,29.4465
2026-09-04,15:29,INDOTECH,49.4411
2026-09-04,15:29,INDSWFTLAB,155.7663
2026-09-04,15:29,INDUSINDBK,13.884
2026-09-04,15:29,INGERRAND,14.1433
2026-09-04,15:29,INNOVACAP,63.182
2026-09-04,15:29,INOXINDIA,51.1431
2026-09-04,15:29,INTLCONV,5.4971
2026-09-04,15:29,INVPRECQ,102.0304
2026-09-04,15:29,IOLCP,120.0881
2026-09-04,15:29,IONEXCHANG,2.4665
2026-09-04,15:29,IPCALAB,27.866
2026-09-04,15:29,IRIS,12.5206
2026-09-04,15:29,IRISDOREME,79.8077
2026-09-04,15:29,ITCHOTELS,2.0831
2026-09-04,15:29,ITDC,8.9533
2026-09-04,15:29,IZMO,22.0352
2026-09-04,15:29,J&KBANK,16.7289
2026-09-04,15:29,JAGSNPHARM,17.7621
2026-09-04,15:29,JARO,5.717
2026-09-04,15:29,JASH,11.7599
2026-09-04,15:29,JAYAGROGN,12.7408
2026-09-04,15:29,JAYBARMARU,31.7922
2026-09-04,15:29,JGCHEM,47.6185
2026-09-04,15:29,JINDALPOLY,-0.5767
2026-09-04,15:29,JINDALSAW,27.0601
2026-09-04,15:29,JINDRILL,21.2268
2026-09-04,15:29,JINDWORLD,117.1008
2026-09-04,15:29,JITFINFRA,1.1628
2026-09-04,15:29,JKPAPER,10.5421
2026-09-04,15:29,JNKINDIA,18.8353
2026-09-04,15:29,JSFB,8.8708
2026-09-04,15:29,JSWCEMENT,0.0807
2026-09-04,15:29,JSWDULUX,6.6199
2026-09-04,15:29,JSWINFRA,16.8667
2026-09-04,15:29,JSWSTEEL,3.3864
2026-09-04,15:29,JTLIND,15.9646
2026-09-04,15:29,JUBLCPL,28.6376
2026-09-04,15:29,JUBLFOOD,0.0622
2026-09-04,15:29,JUNIPER,3.0905
2026-09-04,15:29,JUSTDIAL,29.9419
2026-09-04,15:29,JYOTICNC,31.4866
2026-09-04,15:29,KABRAEXTRU,128.6781
2026-09-04,15:29,KAJARIACER,2.2772
2026-09-04,15:29,KALYANKJIL,45.1109
2026-09-04,15:29,KAMATHOTEL,35.3195
2026-09-04,15:29,KAMDHENU,70.9804
2026-09-04,15:29,KANORICHEM,74.9044
2026-09-04,15:29,KANPRPLA,18.9277
2026-09-04,15:29,KAPSTON,67.4215
2026-09-04,15:29,KARURVYSYA,18.7979
2026-09-04,15:29,KAYA,30.1233
2026-09-04,15:29,KDDL,55.941
2026-09-04,15:29,KENNAMET,79.1144
2026-09-04,15:29,KERNEX,34.3289
2026-09-04,15:29,KHAICHEM,1.3112
2026-09-04,15:29,KICL,7.9393
2026-09-04,15:29,KILITCH,17.6681
2026-09-04,15:29,KIMS,15.3794
2026-09-04,15:29,KINGFA,27.3725
2026-09-04,15:29,KIRANVYPAR,2.5768
2026-09-04,15:29,KIRIINDUS,34.3183
2026-09-04,15:29,KIRLFER,5.6673
2026-09-04,15:29,KIRLOSBROS,9.5939
2026-09-04,15:29,KIRLOSENG,27.6908
2026-09-04,15:29,KIRLOSIND,13.7479
2026-09-04,15:29,KKCL,9.1816
2026-09-04,15:29,KMEW,67.9066
2026-09-04,15:29,KOLTEPATIL,16.9534
2026-09-04,15:29,KOPRAN,46.0862
2026-09-04,15:29,KOTAKBANK,12.3164
2026-09-04,15:29,KOVAI,7.495
2026-09-04,15:29,KPIL,12.1512
2026-09-04,15:29,KPL,104.4684
2026-09-04,15:29,KPRMILL,27.3537
2026-09-04,15:29,KRBL,12.7154
2026-09-04,15:29,KRISHANA,37.6056
2026-09-04,15:29,KRN,20.5713
2026-09-04,15:29,KRONOX,41.5466
2026-09-04,15:29,KROSS,12.9397
2026-09-04,15:29,KRYSTAL,9.7034
2026-09-04,15:29,KSHINTL,59.0235
2026-09-04,15:29,KSL,16.1972
2026-09-04,15:29,KTKBANK,29.0066
2026-09-04,15:29,KWIL,56.93
2026-09-04,15:29,LALPATHLAB,32.9957
2026-09-04,15:29,LANDMARK,21.0033
2026-09-04,15:29,LAURUSLABS,68.7377
2026-09-04,15:29,LAXMIINDIA,14.7555
2026-09-04,15:29,LENSKART,27.5419
2026-09-04,15:29,LGEINDIA,1.9892
2026-09-04,15:29,LICHSGFIN,2.1909
2026-09-04,15:29,LICI,1.5898
2026-09-04,15:29,LLOYDSENGG,43.2874
2026-09-04,15:29,LLOYDSENT,4.5346
2026-09-04,15:29,LLOYDSME,4.0584
2026-09-04,15:29,LMW,25.7131
2026-09-04,15:29,LODHA,38.4075
2026-09-04,15:29,LOKESHMACH,37.1141
2026-09-04,15:29,LOTUSDEV,31.2038
2026-09-04,15:29,LTF,9.8747
2026-09-04,15:29,LTFOODS,4.6588
2026-09-04,15:29,LTM,3.9584
2026-09-04,15:29,LUMAXIND,21.6663
2026-09-04,15:29,LUMAXTECH,17.3581
2026-09-04,15:29,LXCHEM,14.3275
2026-09-04,15:29,M&M,2.6521
2026-09-04,15:29,M&MFIN,19.5106
2026-09-04,15:29,MACPOWER,67.1258
2026-09-04,15:29,MAGADSUGAR,8.8105
2026-09-04,15:29,MAHABANK,10.5608
2026-09-04,15:29,MAHASTEEL,50.59
2026-09-04,15:29,MAHLIFE,6.6039
2026-09-04,15:29,MAHSCOOTER,9.7024
2026-09-04,15:29,MAHSEAMLES,5.9104
2026-09-04,15:29,MAITHANALL,9.8459
2026-09-04,15:29,MAMATA,1.6258
2026-09-04,15:29,MANAKCOAT,3.9249
2026-09-04,15:29,MANAKSTEEL,53.4611
2026-09-04,15:29,MANALIPETC,59.3974
2026-09-04,15:29,MANAPPURAM,16.0376
2026-09-04,15:29,MANBA,17.978
2026-09-04,15:29,MANGLMCEM,18.0172
2026-09-04,15:29,MANINDS,48.769
2026-09-04,15:29,MANINFRA,7.2718
2026-09-04,15:29,MANKIND,2.8043
2026-09-04,15:29,MANORAMA,37.9516
2026-09-04,15:29,MANYAVAR,35.2452
2026-09-04,15:29,MAPMYINDIA,4.6051
2026-09-04,15:29,MARICO,4.3927
2026-09-04,15:29,MARINE,83.8467
2026-09-04,15:29,MARKSANS,77.4851
2026-09-04,15:29,MASTEK,5.5109
2026-09-04,15:29,MASTERTR,17.2849
2026-09-04,15:29,MATRIMONY,22.8777
2026-09-04,15:29,MAWANASUG,42.9428
2026-09-04,15:29,MAXESTATES,35.1702
2026-09-04,15:29,MAYURUNIQ,30.3156
2026-09-04,15:29,MAZDA,24.2179
2026-09-04,15:29,MBAPL,57.7588
2026-09-04,15:29,MCX,13.0228
2026-09-04,15:29,MEDANTA,29.2075
2026-09-04,15:29,MEESHO,16.8577
2026-09-04,15:29,MENONBE,164.4614
2026-09-04,15:29,METROPOLIS,22.429
2026-09-04,15:29,MIDHANI,6.4836
2026-09-04,15:29,MINDACORP,35.1798
2026-09-04,15:29,MMFL,27.3315
2026-09-04,15:29,MMP,58.6333
2026-09-04,15:29,MODISONLTD,175.5659
2026-09-04,15:29,MOL,27.579
2026-09-04,15:29,MOLDTECH,61.859
2026-09-04,15:29,MOLDTKPAC,23.9302
2026-09-04,15:29,MONARCH,26.0045
2026-09-04,15:29,MONTECARLO,2.8832
2026-09-04,15:29,MOREPENLAB,169.5261
2026-09-04,15:29,MOSCHIP,1.5504
2026-09-04,15:29,MOTHERSON,28.3341
2026-09-04,15:29,MOTILALOFS,32.4901
2026-09-04,15:29,MPHASIS,6.6819
2026-09-04,15:29,MPSLTD,56.0937
2026-09-04,15:29,MRF,-0.1345
2026-09-04,15:29,MRPL,0.639
2026-09-04,15:29,MSPL,-0.1692
2026-09-04,15:29,MSTCLTD,65.4349
2026-09-04,15:29,MTARTECH,35.3149
2026-09-04,15:29,MUFIN,19.0377
2026-09-04,15:29,MUKKA,29.6112
2026-09-04,15:29,MUNJALAU,39.2706
2026-09-04,15:29,MUNJALSHOW,0.295
2026-09-04,15:29,MUTHOOTMF,8.8552
2026-09-04,15:29,MVGJL,-0.2993
2026-09-04,15:29,NACLIND,6.3217
2026-09-04,15:29,NAHARINDUS,25.5519
2026-09-04,15:29,NAHARSPING,19.5693
2026-09-04,15:29,NAM-INDIA,13.3545
2026-09-04,15:29,NAUKRI,31.3757
2026-09-04,15:29,NAVINFLUOR,29.1308
2026-09-04,15:29,NAZARA,37.0242
2026-09-04,15:29,NCLIND,2.1192
2026-09-04,15:29,NELCO,28.5624
2026-09-04,15:29,NEOGEN,28.6574
2026-09-04,15:29,NEPHROPLUS,29.179
2026-09-04,15:29,NETWEB,29.7536
2026-09-04,15:29,NEULANDLAB,56.8709
2026-09-04,15:29,NEWGEN,8.6993
2026-09-04,15:29,NGLFINE,28.2702
2026-09-04,15:29,NH,5.7769
2026-09-04,15:29,NIACL,40.6005
2026-09-04,15:29,NIBE,21.2666
2026-09-04,15:29,NIITLTD,38.2702
2026-09-04,15:29,NILKAMAL,60.6086
2026-09-04,15:29,NINSYS,39.4268
2026-09-04,15:29,NIRLON,10.5504
2026-09-04,15:29,NITCO,11.6793
2026-09-04,15:29,NITINSPIN,39.9584
2026-09-04,15:29,NITTAGELA,67.9959
2026-09-04,15:29,NIVABUPA,4.039
2026-09-04,15:29,NORTHARC,15.6289
2026-09-04,15:29,NOVARTIND,56.7017
2026-09-04,15:29,NPST,41.6924
2026-09-04,15:29,NRAIL,16.9286
2026-09-04,15:29,NRBBEARING,57.1454
2026-09-04,15:29,NRL,129.1802
2026-09-04,15:29,NSIL,-0.7666
2026-09-04,15:29,NSLNISP,10.945
2026-09-04,15:29,NUVAMA,31.7275
2026-09-04,15:29,NUVOCO,20.3109
2026-09-04,15:29,NYKAA,23.098
2026-09-04,15:29,OAL,66.8111
2026-09-04,15:29,OBEROIRLTY,9.665
2026-09-04,15:29,OCCLLTD,62.9523
2026-09-04,15:29,OFSS,25.9979
2026-09-04,15:29,OLAELEC,6.6741
2026-09-04,15:29,OMAXE,67.543
2026-09-04,15:29,OMNI,31.6382
2026-09-04,15:29,ONEPOINT,5.9665
2026-09-04,15:29,ONIDA,3.0339
2026-09-04,15:29,ONWARDTEC,20.0448
2026-09-04,15:29,OPTIEMUS,35.4992
2026-09-04,15:29,ORBTEXP,46.4045
2026-09-04,15:29,ORCHPHARMA,63.1044
2026-09-04,15:29,ORIENTBELL,30.9947
2026-09-04,15:29,ORIENTCER,8.3662
2026-09-04,15:29,ORIENTHOT,40.1262
2026-09-04,15:29,ORISSAMINE,2.5594
2026-09-04,15:29,PAISALO,55.9672
2026-09-04,15:29,PANACEABIO,1.1273
2026-09-04,15:29,PANACHE,58.204
2026-09-04,15:29,PANAMAPET,79.7258
2026-09-04,15:29,PANSARI,3.5727
2026-09-04,15:29,PARACABLES,67.4163
2026-09-04,15:29,PARADEEP,16.8329
2026-09-04,15:29,PARAGMILK,8.4227
2026-09-04,15:29,PARAS,75.448
2026-09-04,15:29,PARKHOSPS,22.1881
2026-09-04,15:29,PASUPTAC,34.5534
2026-09-04,15:29,PATELRMART,3.0735
2026-09-04,15:29,PAUSHAKLTD,67.5019
2026-09-04,15:29,PAYTM,46.969
2026-09-04,15:29,PCBL,6.9501
2026-09-04,15:29,PDMJEPAPER,8.8764
2026-09-04,15:29,PDSL,26.4996
2026-09-04,15:29,PENIND,-0.7086
2026-09-04,15:29,PERSISTENT,17.4768
2026-09-04,15:29,PETRONET,3.7376
2026-09-04,15:29,PFOCUS,-0.9038
2026-09-04,15:29,PGEL,-0.1332
2026-09-04,15:29,PGHL,10.7004
2026-09-04,15:29,PGIL,46.4486
2026-09-04,15:29,PHOENIXLTD,10.2219
2026-09-04,15:29,PIDILITIND,17.0113
2026-09-04,15:29,PITTIENG,8.7347
2026-09-04,15:29,PIXTRANS,19.1924
2026-09-04,15:29,PNB,5.0364
2026-09-04,15:29,PNBGILTS,16.3097
2026-09-04,15:29,PNBHOUSING,11.734
2026-09-04,15:29,PNGSREVA,19.2632
2026-09-04,15:29,POLICYBZR,10.1115
2026-09-04,15:29,POLYCAB,0.5573
2026-09-04,15:29,POLYMED,12.6216
2026-09-04,15:29,POLYPLEX,26.0985
2026-09-04,15:29,POONAWALLA,12.6353
2026-09-04,15:29,POWERICA,8.6948
2026-09-04,15:29,PPL,21.6737
2026-09-04,15:29,PPLPHARMA,30.2487
2026-09-04,15:29,PRABHA,43.2476
2026-09-04,15:29,PRADPME,29.3344
2026-09-04,15:29,PRECOT,26.9066
2026-09-04,15:29,PRECWIRE,14.5765
2026-09-04,15:29,PREMEXPLN,21.2121
2026-09-04,15:29,PREMIERPOL,78.2097
2026-09-04,15:29,PRESTIGE,13.147
2026-09-04,15:29,PRICOLLTD,28.229
2026-09-04,15:29,PRINCEPIPE,5.9846
2026-09-04,15:29,PRIVISCL,2.9944
2026-09-04,15:29,PRUDENT,19.0639
2026-09-04,15:29,PSPPROJECT,15.6768
2026-09-04,15:29,PTCIL,49.0306
2026-09-04,15:29,PUNJABCHEM,0.2277
2026-09-04,15:29,PURVA,6.9336
2026-09-04,15:29,PVP,109.4974
2026-09-04,15:29,PVRINOX,16.6817
2026-09-04,15:29,PVSL,-0.2333
2026-09-04,15:29,PWL,18.9052
2026-09-04,15:29,QPOWER,8.4494
2026-09-04,15:29,QUADFUTURE,32.8142
2026-09-04,15:29,QUESS,77.517
2026-09-04,15:29,RACLGEAR,23.9657
2026-09-04,15:29,RADHIKAJWE,27.0588
2026-09-04,15:29,RADICO,32.2076
2026-09-04,15:29,RAIN,63.9459
2026-09-04,15:29,RAINBOW,16.5311
2026-09-04,15:29,RAJRATAN,13.3902
2026-09-04,15:29,RAJRILTD,4.1981
2026-09-04,15:29,RAMCOIND,19.9043
2026-09-04,15:29,RAMCOSYS,45.6452
2026-09-04,15:29,RAMRAT,28.4275
2026-09-04,15:29,RANEHOLDIN,47.5316
2026-09-04,15:29,RATEGAIN,44.655
2026-09-04,15:29,RATNAMANI,1.8944
2026-09-04,15:29,RATNAVEER,89.7217
2026-09-04,15:29,RAYMOND,57.0096
2026-09-04,15:29,RAYMONDREL,23.6621
2026-09-04,15:29,RBA,51.5837
2026-09-04,15:29,RBLBANK,29.1816
2026-09-04,15:29,RBZJEWEL,43.0435
2026-09-04,15:29,REDINGTON,72.7218
2026-09-04,15:29,REFEX,6.2697
2026-09-04,15:29,REGAAL,3.4237
2026-09-04,15:29,RELAXO,13.2779
2026-09-04,15:29,RELIGARE,13.406
2026-09-04,15:29,RELTD,8.2076
2026-09-04,15:29,RGL,48.8432
2026-09-04,15:29,RICOAUTO,13.919
2026-09-04,15:29,RISHABH,54.7464
2026-09-04,15:29,RITCO,41.6436
2026-09-04,15:29,RKFORGE,16.3623
2026-09-04,15:29,RMDRIP,6.4484
2026-09-04,15:29,RML,68.3752
2026-09-04,15:29,ROLEXRINGS,15.1401
2026-09-04,15:29,ROSSTECH,12.772
2026-09-04,15:29,ROTO,8.4737
2026-09-04,15:29,RPEL,157.4726
2026-09-04,15:29,RPGLIFE,33.0335
2026-09-04,15:29,RPSGVENT,1.8561
2026-09-04,15:29,RPTECH,68.9019
2026-09-04,15:29,RRKABEL,52.5233
2026-09-04,15:29,RSL,31.8562
2026-09-04,15:29,RSWM,35.2728
2026-09-04,15:29,RUBICON,85.2205
2026-09-04,15:29,RUBYMILLS,80.603
2026-09-04,15:29,SAFARI,5.5936
2026-09-04,15:29,SAGILITY,13.448
2026-09-04,15:29,SAIL,6.0173
2026-09-04,15:29,SAILIFE,51.1809
2026-09-04,15:29,SAIPARENT,7.6676
2026-09-04,15:29,SAKAR,55.4823
2026-09-04,15:29,SAKSOFT,8.31
2026-09-04,15:29,SALSTEEL,38.5965
2026-09-04,15:29,SAMBHV,6.9653
2026-09-04,15:29,SAMMAANCAP,10.4841
2026-09-04,15:29,SANDESH,3.1647
2026-09-04,15:29,SANDHAR,23.9817
2026-09-04,15:29,SANGAMIND,12.312
2026-09-04,15:29,SANGHVIMOV,45.1325
2026-09-04,15:29,SANSERA,46.8002
2026-09-04,15:29,SANSTAR,27.9425
2026-09-04,15:29,SAPPHIRE,31.0556
2026-09-04,15:29,SAREGAMA,37.3519
2026-09-04,15:29,SARLAPOLY,9.8805
2026-09-04,15:29,SASKEN,44.4709
2026-09-04,15:29,SATIN,28.8524
2026-09-04,15:29,SBC,36.965
2026-09-04,15:29,SBCL,82.9471
2026-09-04,15:29,SBFC,5.8936
2026-09-04,15:29,SBICARD,1.6681
2026-09-04,15:29,SCHNEIDER,7.7131
2026-09-04,15:29,SCPL,83.0525
2026-09-04,15:29,SEAMECLTD,16.8241
2026-09-04,15:29,SEDEMAC,48.478
2026-09-04,15:29,SEIL,0.4553
2026-09-04,15:29,SENCO,12.9428
2026-09-04,15:29,SENORES,55.8198
2026-09-04,15:29,SETL,188.562
2026-09-04,15:29,SFL,25.8366
2026-09-04,15:29,SGFIN,24.4727
2026-09-04,15:29,SGIL,11.6082
2026-09-04,15:29,SGMART,49.8864
2026-09-04,15:29,SHADOWFAX,66.517
2026-09-04,15:29,SHAILY,31.6904
2026-09-04,15:29,SHALPAINTS,62.6451
2026-09-04,15:29,SHANTIGEAR,30.6747
2026-09-04,15:29,SHANTIGOLD,25.3864
2026-09-04,15:29,SHARDAMOTR,1.6247
2026-09-04,15:29,SHAREINDIA,17.4971
2026-09-04,15:29,SHILPAMED,136.4272
2026-09-04,15:29,SHINDL,9.9289
2026-09-04,15:29,SHIVALIK,19.0113
2026-09-04,15:29,SHIVAUM,31.7019
2026-09-04,15:29,SHK,2.8075
2026-09-04,15:29,SHOPERSTOP,30.6021
2026-09-04,15:29,SHREDIGCEM,0.6898
2026-09-04,15:29,SHREEJISPG,71.69
2026-09-04,15:29,SHREEPUSHK,24.1024
2026-09-04,15:29,SHRINGARMS,7.2656
2026-09-04,15:29,SHRIPISTON,30.5132
2026-09-04,15:29,SHRIRAMFIN,9.2054
2026-09-04,15:29,SHYAMMETL,21.3671
2026-09-04,15:29,SICALLOG,55.5507
2026-09-04,15:29,SIEMENS,3.9114
2026-09-04,15:29,SIGACHI,71.5556
2026-09-04,15:29,SIGMAADV,192.208
2026-09-04,15:29,SILINV,3.4684
2026-09-04,15:29,SILVERTUC,9.3982
2026-09-04,15:29,SIMPLEXINF,12.8682
2026-09-04,15:29,SINDHUTRAD,6.5318
2026-09-04,15:29,SIRCA,2.2582
2026-09-04,15:29,SIS,21.0704
2026-09-04,15:29,SJS,41.6523
2026-09-04,15:29,SKFINDUS,32.8657
2026-09-04,15:29,SKIPPER,20.645
2026-09-04,15:29,SKMEGGPROD,53.8784
2026-09-04,15:29,SKYGOLD,79.0469
2026-09-04,15:29,SMARTWORKS,26.8001
2026-09-04,15:29,SMCGLOBAL,22.8826
2026-09-04,15:29,SMLMAH,62.6091
2026-09-04,15:29,SMSPHARMA,0.5766
2026-09-04,15:29,SOFTTECH,14.5847
2026-09-04,15:29,SOLARA,33.6714
2026-09-04,15:29,SOLARINDS,40.1268
2026-09-04,15:29,SOMANYCERA,20.8609
2026-09-04,15:29,SONACOMS,31.7635
2026-09-04,15:29,SONATSOFTW,10.949
2026-09-04,15:29,SOTL,101.1814
2026-09-04,15:29,SOUTHBANK,19.6004
2026-09-04,15:29,SPAL,33.7704
2026-09-04,15:29,SPANDANA,6.8291
2026-09-04,15:29,SPARC,35.8325
2026-09-04,15:29,SPECIALITY,38.1669
2026-09-04,15:29,SPECTRUM,106.5945
2026-09-04,15:29,SPIC,1.2212
2026-09-04,15:29,SPORTKING,61.6844
2026-09-04,15:29,SREEL,44.9187
2026-09-04,15:29,SRF,0.5606
2026-09-04,15:29,SRHHYPOLTD,5.2626
2026-09-04,15:29,SSWL,73.7075
2026-09-04,15:29,STALLION,28.8127
2026-09-04,15:29,STAR,0.7272
2026-09-04,15:29,STARHEALTH,7.7421
2026-09-04,15:29,STEELCAS,5.8806
2026-09-04,15:29,STEL,36.3922
2026-09-04,15:29,STLNETWORK,0.2431
2026-09-04,15:29,STLTECH,162.6521
2026-09-04,15:29,STOVEKRAFT,51.9113
2026-09-04,15:29,STYL,58.1835
2026-09-04,15:29,STYLAMIND,51.3651
2026-09-04,15:29,STYLEBAAZA,2.7468
2026-09-04,15:29,SUDARCOLOR,9.7296
2026-09-04,15:29,SUDARSCHEM,35.3628
2026-09-04,15:29,SUDEEPPHRM,94.399
2026-09-04,15:29,SUMICHEM,14.2394
2026-09-04,15:29,SUNDARMFIN,1.6198
2026-09-04,15:29,SUNDRMFAST,49.8332
2026-09-04,15:29,SUNDROP,0.1512
2026-09-04,15:29,SUNFLAG,16.7142
2026-09-04,15:29,SUNPHARMA,8.682
2026-09-04,15:29,SUPRAJIT,15.197
2026-09-04,15:29,SUPREMEINF,3.3577
2026-09-04,15:29,SUPRIYA,21.0231
2026-09-04,15:29,SURAKSHA,17.3615
2026-09-04,15:29,SURYODAY,1.3665
2026-09-04,15:29,SUTLEJTEX,1.3132
2026-09-04,15:29,SUVEN,72.9186
2026-09-04,15:29,SVLL,40.9736
2026-09-04,15:29,SWANDEF,34.1817
2026-09-04,15:29,SYNCOMF,47.9511
2026-09-04,15:29,SYRMA,49.9974
2026-09-04,15:29,TAALTECH,50.1134
2026-09-04,15:29,TAJGVK,3.8245
2026-09-04,15:29,TALBROAUTO,30.7059
2026-09-04,15:29,TARSONS,57.943
2026-09-04,15:29,TASTYBITE,44.5724
2026-09-04,15:29,TATACAP,15.1166
2026-09-04,15:29,TATACOMM,9.8524
2026-09-04,15:29,TATATECH,40.4001
2026-09-04,15:29,TATVA,26.1651
2026-09-04,15:29,TBOTEK,34.6381
2026-09-04,15:29,TBZ,227.0421
2026-09-04,15:29,TCIEXP,6.3576
2026-09-04,15:29,TCPLPACK,55.0432
2026-09-04,15:29,TEAMLEASE,0.7005
2026-09-04,15:29,TECHM,13.4081
2026-09-04,15:29,TEJASNET,48.7947
2026-09-04,15:29,TEXINFRA,16.3228
2026-09-04,15:29,TEXRAIL,9.4968
2026-09-04,15:29,TFCILTD,97.192
2026-09-04,15:29,THANGAMAYL,34.3784
2026-09-04,15:29,THEJO,20.5981
2026-09-04,15:29,THELEELA,31.9795
2026-09-04,15:29,THEMISMED,27.6447
2026-09-04,15:29,THOMASCOOK,13.2583
2026-09-04,15:29,THYROCARE,41.6995
2026-09-04,15:29,TI,16.4273
2026-09-04,15:29,TIIL,25.7568
2026-09-04,15:29,TIL,22.7275
2026-09-04,15:29,TIMETECHNO,1.9526
2026-09-04,15:29,TIMEX,89.2232
2026-09-04,15:29,TINNARUBR,42.0558
2026-09-04,15:29,TIRUPATIFL,52.4619
2026-09-04,15:29,TITAGARH,10.9153
2026-09-04,15:29,TITAN,13.6518
2026-09-04,15:29,TMB,26.2542
2026-09-04,15:29,TMCV,9.5386
2026-09-04,15:29,TNPETRO,47.592
2026-09-04,15:29,TNPL,2.3257
2026-09-04,15:29,TORNTPHARM,16.1156
2026-09-04,15:29,TPLPLASTEH,6.6449
2026-09-04,15:29,TRANSPEK,22.0325
2026-09-04,15:29,TRAVELFOOD,0.8951
2026-09-04,15:29,TREL,1.8938
2026-09-04,15:29,TRENT,0.6019
2026-09-04,15:29,TRITURBINE,-0.7479
2026-09-04,15:29,TSFINV,-0.3447
2026-09-04,15:29,TTKHLTCARE,22.5235
2026-09-04,15:29,TTKPRESTIG,9.4951
2026-09-04,15:29,TVSMOTOR,18.2271
2026-09-04,15:29,TVSSCS,11.2049
2026-09-04,15:29,TVSSRICHAK,36.3293
2026-09-04,15:29,UDS,49.2259
2026-09-04,15:29,UEL,49.1266
2026-09-04,15:29,UFBL,107.6157
2026-09-04,15:29,UFLEX,56.4432
2026-09-04,15:29,UGARSUGAR,29.1768
2026-09-04,15:29,UJJIVANSFB,14.9099
2026-09-04,15:29,ULTRAMAR,9.3148
2026-09-04,15:29,UNICHEMLAB,49.9591
2026-09-04,15:29,UNIMECH,35.3418
2026-09-04,15:29,UNIONBANK,9.8193
2026-09-04,15:29,UNIPARTS,65.681
2026-09-04,15:29,UNITDSPR,7.0794
2026-09-04,15:29,UNITEDPOLY,34.2572
2026-09-04,15:29,UNIVASTU,146.2551
2026-09-04,15:29,UNIVCABLES,81.8213
2026-09-04,15:29,UNIVPHOTO,9.6846
2026-09-04,15:29,UNOMINDA,10.6223
2026-09-04,15:29,URBANCO,26.7782
2026-09-04,15:29,USHAMART,12.3825
2026-09-04,15:29,UTLSOLAR,40.4687
2026-09-04,15:29,UTTAMSUGAR,11.0146
2026-09-04,15:29,V2RETAIL,6.1899
2026-09-04,15:29,VADILALIND,60.9174
2026-09-04,15:29,VAIBHAVGBL,-0.4958
2026-09-04,15:29,VALIANTLAB,33.0947
2026-09-04,15:29,VALIANTORG,16.2685
2026-09-04,15:29,VARROC,60.4096
2026-09-04,15:29,VEDL,1.7348
2026-09-04,15:29,VEEDOL,4.3749
2026-09-04,15:29,VELJAN,81.7118
2026-09-04,15:29,VENKEYS,5.8553
2026-09-04,15:29,VENUSPIPES,15.4241
2026-09-04,15:29,VENUSREM,85.7487
2026-09-04,15:29,VERANDA,28.9556
2026-09-04,15:29,VGUARD,0.4041
2026-09-04,15:29,VHL,5.7044
2026-09-04,15:29,VIDHIING,16.4212
2026-09-04,15:29,VIDYAWIRES,3.0175
2026-09-04,15:29,VIJAYA,34.4741
2026-09-04,15:29,VIMTALABS,40.3666
2026-09-04,15:29,VINATIORGA,0.8231
2026-09-04,15:29,VINCOFE,24.7259
2026-09-04,15:29,VINDHYATEL,105.4893
2026-09-04,15:29,VIPIND,6.6022
2026-09-04,15:29,VISAKAIND,39.2751
2026-09-04,15:29,VISHNU,19.4995
2026-09-04,15:29,VIYASH,26.4327
2026-09-04,15:29,VLSFINANCE,3.948
2026-09-04,15:29,VMART,30.9813
2026-09-04,15:29,VOLTAMP,-0.8208
2026-09-04,15:29,VRLLOG,17.6726
2026-09-04,15:29,VSSL,24.1604
2026-09-04,15:29,WABAG,32.731
2026-09-04,15:29,WAKEFIT,4.8281
2026-09-04,15:29,WELCORP,111.2361
2026-09-04,15:29,WELENT,57.2022
2026-09-04,15:29,WELINV,54.6734
2026-09-04,15:29,WELSPLSOL,39.1355
2026-09-04,15:29,WELSPUNLIV,58.2258
2026-09-04,15:29,WENDT,18.6823
2026-09-04,15:29,WESTLIFE,10.923
2026-09-04,15:29,WEWORK,22.152
2026-09-04,15:29,WHEELS,62.0766
2026-09-04,15:29,WINDLAS,31.6522
2026-09-04,15:29,WINDMACHIN,6.7619
2026-09-04,15:29,WOCKPHARMA,47.3718
2026-09-04,15:29,WONDERLA,1.5019
2026-09-04,15:29,WPIL,3.2446
2026-09-04,15:29,WSTCSTPAPR,32.7718
2026-09-04,15:29,XPROINDIA,30.526
2026-09-04,15:29,YASHO,177.0102
2026-09-04,15:29,YATHARTH,26.9664
2026-09-04,15:29,YATRA,3.8715
2026-09-04,15:29,YESBANK,12.669
2026-09-04,15:29,YUKEN,40.2234
2026-09-04,15:29,ZENTEC,6.737
2026-09-04,15:29,ZIMLAB,45.8285
2026-09-04,15:29,ZSARACOM,14.7411
2026-09-04,15:29,ZUARIIND,3.5742
2026-09-04,15:29,ZYDUSLIFE,22.9014
2026-09-04,15:29,ZYDUSWELL,8.621
2026-09-07,15:29,20MICRONS,25.3415
2026-09-07,15:29,360ONE,8.6072
2026-09-07,15:29,3BBLACKBIO,20.2894
2026-09-07,15:29,3MINDIA,-1.0098
2026-09-07,15:29,5PAISA,0.0236
2026-09-07,15:29,63MOONS,15.5894
2026-09-07,15:29,AARTIDRUGS,13.2985
2026-09-07,15:29,AARTIPHARM,21.6542
2026-09-07,15:29,ABB,2.3333
2026-09-07,15:29,ABBOTINDIA,1.8253
2026-09-07,15:29,ABCAPITAL,15.7268
2026-09-07,15:29,ABDL,8.7252
2026-09-07,15:29,ABSLAMC,1.7381
2026-09-07,15:29,ACE,23.8265
2026-09-07,15:29,ACMESOLAR,36.3081
2026-09-07,15:29,ACUTAAS,27.142
2026-09-07,15:29,ADANIENT,21.6044
2026-09-07,15:29,ADANIGREEN,3.4704
2026-09-07,15:29,ADANIPORTS,1.9987
2026-09-07,15:29,ADFFOODS,2.4955
2026-09-07,15:29,ADOR,48.6461
2026-09-07,15:29,ADVAIT,-0.2617
2026-09-07,15:29,ADVANCE,4.2346
2026-09-07,15:29,AEGISLOG,76.6521
2026-09-07,15:29,AEGISVOPAK,46.6492
2026-09-07,15:29,AEQUS,21.5489
2026-09-07,15:29,AEROENTER,70.633
2026-09-07,15:29,AEROFLEX,82.8921
2026-09-07,15:29,AETHER,38.644
2026-09-07,15:29,AFFLE,13.2649
2026-09-07,15:29,AFSL,0.5753
2026-09-07,15:29,AGARIND,1.7568
2026-09-07,15:29,AGARWALEYE,17.2511
2026-09-07,15:29,AGI,14.8804
2026-09-07,15:29,AHLWEST,53.8417
2026-09-07,15:29,AIAENG,7.2844
2026-09-07,15:29,AIIL,5.8044
2026-09-07,15:29,AJANTPHARM,25.2978
2026-09-07,15:29,AJAXENGG,11.8155
2026-09-07,15:29,AKCAPIT,12.5174
2026-09-07,15:29,AKUMS,38.799
2026-09-07,15:29,ALEMBICLTD,15.8962
2026-09-07,15:29,ALGOQUANT,16.1003
2026-09-07,15:29,ALIVUS,38.1303
2026-09-07,15:29,ALKYLAMINE,29.1566
2026-09-07,15:29,ALLDIGI,-1.1407
2026-09-07,15:29,AMAGI,38.4402
2026-09-07,15:29,AMANTA,50.4447
2026-09-07,15:29,AMBIKCO,10.2254
2026-09-07,15:29,AMNPLST,0.7788
2026-09-07,15:29,ANANDRATHI,24.0206
2026-09-07,15:29,ANANTRAJ,30.0163
2026-09-07,15:29,ANDHRAPAP,7.7934
2026-09-07,15:29,ANTELOPUS,46.4586
2026-09-07,15:29,ANTHEM,20.4128
2026-09-07,15:29,ANUHPHR,10.0427
2026-09-07,15:29,APARINDS,43.112
2026-09-07,15:29,APCOTEXIND,57.3689
2026-09-07,15:29,APLAPOLLO,12.6309
2026-09-07,15:29,APLLTD,5.0519
2026-09-07,15:29,APOLLO,36.3038
2026-09-07,15:29,APOLLOHOSP,13.6334
2026-09-07,15:29,APOLLOPIPE,33.719
2026-09-07,15:29,APOLLOTYRE,-0.7898
2026-09-07,15:29,ARFIN,-0.1572
2026-09-07,15:29,ARIES,30.9662
2026-09-07,15:29,ARIHANT,6.0397
2026-09-07,15:29,ARIHANTCAP,10.9287
2026-09-07,15:29,ARKADE,7.4367
2026-09-07,15:29,ARMANFIN,33.504
2026-09-07,15:29,ARROWGREEN,47.6435
2026-09-07,15:29,ARTEMISMED,43.2026
2026-09-07,15:29,ARVIND,43.7118
2026-09-07,15:29,ARVINDFASN,-0.7794
2026-09-07,15:29,ARVSMART,3.6372
2026-09-07,15:29,ASAHIINDIA,12.2325
2026-09-07,15:29,ASHIANA,2.8374
2026-09-07,15:29,ASHOKLEY,2.5765
2026-09-07,15:29,ASIANENE,61.5632
2026-09-07,15:29,ASIANHOTNR,27.8483
2026-09-07,15:29,ASIANPAINT,2.1902
2026-09-07,15:29,ASKAUTOLTD,39.7076
2026-09-07,15:29,ASTERDM,13.7455
2026-09-07,15:29,ASTRAMICRO,54.4417
2026-09-07,15:29,ATHERENERG,70.4284
2026-09-07,15:29,ATLANTAELE,6.6062
2026-09-07,15:29,AUBANK,3.4737
2026-09-07,15:29,AUROPHARMA,18.8431
2026-09-07,15:29,AURUM,25.3843
2026-09-07,15:29,AVADHSUGAR,79.4422
2026-09-07,15:29,AVALON,122.1435
2026-09-07,15:29,AVANTEL,4.375
2026-09-07,15:29,AVL,12.0198
2026-09-07,15:29,AVTNPL,30.2023
2026-09-07,15:29,AYE,31.8954
2026-09-07,15:29,AYMSYNTEX,31.4867
2026-09-07,15:29,AZAD,32.7593
2026-09-07,15:29,BAFNAPH,128.8759
2026-09-07,15:29,BAJAJ-AUTO,23.6444
2026-09-07,15:29,BAJAJCON,14.0132
2026-09-07,15:29,BAJAJFINSV,9.8855
2026-09-07,15:29,BAJAJHCARE,1.4658
2026-09-07,15:29,BAJAJHIND,15.8779
2026-09-07,15:29,BAJAJHLDNG,6.3122
2026-09-07,15:29,BAJEL,0.3157
2026-09-07,15:29,BAJFINANCE,13.9785
2026-09-07,15:29,BALAMINES,97.7961
2026-09-07,15:29,BALKRISIND,3.9638
2026-09-07,15:29,BALRAMCHIN,39.4649
2026-09-07,15:29,BALUFORGE,8.6093
2026-09-07,15:29,BANARISUG,5.2916
2026-09-07,15:29,BANCOINDIA,0.9094
2026-09-07,15:29,BANKINDIA,-0.8309
2026-09-07,15:29,BANSALWIRE,3.8409
2026-09-07,15:29,BASF,5.1317
2026-09-07,15:29,BBOX,25.2325
2026-09-07,15:29,BCLIND,5.1903
2026-09-07,15:29,BECTORFOOD,16.7789
2026-09-07,15:29,BELRISE,7.6323
2026-09-07,15:29,BEML,14.6324
2026-09-07,15:29,BEPL,29.9856
2026-09-07,15:29,BERGEPAINT,4.4631
2026-09-07,15:29,BESTAGRO,10.2142
2026-09-07,15:29,BETA,62.7135
2026-09-07,15:29,BFINVEST,8.743
2026-09-07,15:29,BHAGERIA,83.1692
2026-09-07,15:29,BHAGYANGR,38.0305
2026-09-07,15:29,BHARATCOAL,0.2972
2026-09-07,15:29,BHARATFORG,2.4741
2026-09-07,15:29,BHARATSE,26.5074
2026-09-07,15:29,BHARTIHEXA,0.1048
2026-09-07,15:29,BHEL,22.3367
2026-09-07,15:29,BIL,19.8623
2026-09-07,15:29,BIOCON,8.0469
2026-09-07,15:29,BIRLACABLE,128.026
2026-09-07,15:29,BIRLANU,3.9234
2026-09-07,15:29,BLACKBUCK,5.8973
2026-09-07,15:29,BLACKROSE,29.5426
2026-09-07,15:29,BLIL,-0.8311
2026-09-07,15:29,BLISSGVS,158.5936
2026-09-07,15:29,BLKASHYAP,6.5006
2026-09-07,15:29,BLSE,73.4162
2026-09-07,15:29,BLUEJET,27.6326
2026-09-07,15:29,BLUESTONE,70.088
2026-09-07,15:29,BLUSPRING,118.9785
2026-09-07,15:29,BODALCHEM,155.3782
2026-09-07,15:29,BOROLTD,1.4282
2026-09-07,15:29,BORORENEW,1.6424
2026-09-07,15:29,BOROSCI,14.9076
2026-09-07,15:29,BOSCH-HCIL,29.3982
2026-09-07,15:29,BOSCHLTD,32.1365
2026-09-07,15:29,BPCL,2.9615
2026-09-07,15:29,BRIGADE,13.5269
2026-09-07,15:29,BUILDPRO,16.3646
2026-09-07,15:29,BUTTERFLY,2.4663
2026-09-07,15:29,CANHLIFE,5.3363
2026-09-07,15:29,CAPITALSFB,2.3234
2026-09-07,15:29,CAPLIPOINT,62.8849
2026-09-07,15:29,CARBORUNIV,13.1032
2026-09-07,15:29,CARERATING,2.3618
2026-09-07,15:29,CARTRADE,93.2482
2026-09-07,15:29,CARYSIL,28.8181
2026-09-07,15:29,CASTROLIND,2.3668
2026-09-07,15:29,CDSL,8.3053
2026-09-07,15:29,CEIGALL,9.5076
2026-09-07,15:29,CEMPRO,93.8328
2026-09-07,15:29,CENTENKA,43.8166
2026-09-07,15:29,CENTUM,51.5809
2026-09-07,15:29,CERA,8.0174
2026-09-07,15:29,CGCL,50.0898
2026-09-07,15:29,CGPOWER,8.406
2026-09-07,15:29,CHALET,17.8053
2026-09-07,15:29,CHEMBONDCH,75.9534
2026-09-07,15:29,CHEMCON,25.5331
2026-09-07,15:29,CHENNPETRO,25.5112
2026-09-07,15:29,CHEVIOT,6.5575
2026-09-07,15:29,CHOICEIN,14.0002
2026-09-07,15:29,CHOLAFIN,18.9854
2026-09-07,15:29,CIPLA,5.8743
2026-09-07,15:29,CLEAN,2.6938
2026-09-07,15:29,CLEANMAX,26.6422
2026-09-07,15:29,CLSEL,5.6668
2026-09-07,15:29,CMPDI,29.5425
2026-09-07,15:29,COCKERILL,55.8731
2026-09-07,15:29,COFFEEDAY,16.7667
2026-09-07,15:29,COFORGE,60.7143
2026-09-07,15:29,COMSYN,91.039
2026-09-07,15:29,CONCORDBIO,27.2102
2026-09-07,15:29,CONFIPET,44.7851
2026-09-07,15:29,CONSOFINVT,33.3715
2026-09-07,15:29,CORONA,22.5535
2026-09-07,15:29,COSMOFIRST,29.9979
2026-09-07,15:29,CPPLUS,60.4901
2026-09-07,15:29,CRAFTSMAN,45.7583
2026-09-07,15:29,CREDITACC,10.7043
2026-09-07,15:29,CREST,0.9945
2026-09-07,15:29,CRISIL,10.8522
2026-09-07,15:29,CSLFINANCE,7.1473
2026-09-07,15:29,CUB,14.8803
2026-09-07,15:29,CUPID,142.5328
2026-09-07,15:29,CYIENT,30.9405
2026-09-07,15:29,CYIENTDLM,119.1037
2026-09-07,15:29,DALMIASUG,18.497
2026-09-07,15:29,DATAMATICS,5.0927
2026-09-07,15:29,DATAPATTNS,11.4786
2026-09-07,15:29,DBOL,6.747
2026-09-07,15:29,DCBBANK,14.6743
2026-09-07,15:29,DCI,22.089
2026-09-07,15:29,DCMSIL,7.9929
2026-09-07,15:29,DCW,1.0103
2026-09-07,15:29,DDEVPLSTIK,8.6785
2026-09-07,15:29,DECNGOLD,71.1102
2026-09-07,15:29,DEEDEV,60.1727
2026-09-07,15:29,DEEPAKFERT,8.4295
2026-09-07,15:29,DEEPINDS,62.5168
2026-09-07,15:29,DEN,-0.8881
2026-09-07,15:29,DENTA,-0.6267
2026-09-07,15:29,DEVYANI,8.786
2026-09-07,15:29,DHAMPURSUG,18.8784
2026-09-07,15:29,DHANBANK,3.0562
2026-09-07,15:29,DHARMAJ,5.8438
2026-09-07,15:29,DHUNINV,10.8201
2026-09-07,15:29,DIACABS,106.1485
2026-09-07,15:29,DIAMONDYD,13.5275
2026-09-07,15:29,DICIND,17.0958
2026-09-07,15:29,DIFFNKG,53.0069
2026-09-07,15:29,DIVGIITTS,60.3026
2026-09-07,15:29,DIVISLAB,42.562
2026-09-07,15:29,DIXON,25.2097
2026-09-07,15:29,DLF,13.1634
2026-09-07,15:29,DMCC,2.8509
2026-09-07,15:29,DOLPHIN,74.0307
2026-09-07,15:29,DPABHUSHAN,32.2657
2026-09-07,15:29,DRAGARWQ,6.8869
2026-09-07,15:29,DREDGECORP,10.2374
2026-09-07,15:29,DSSL,-1.1168
2026-09-07,15:29,DVL,22.6454
2026-09-07,15:29,DWARKESH,9.2712
2026-09-07,15:29,DYCL,23.5496
2026-09-07,15:29,E2E,114.4778
2026-09-07,15:29,EBGNG,50.3765
2026-09-07,15:29,ECLERX,33.371
2026-09-07,15:29,EDELWEISS,7.0841
2026-09-07,15:29,EFCIL,0.4769
2026-09-07,15:29,EICHERMOT,6.7112
2026-09-07,15:29,EIFFL,9.6969
2026-09-07,15:29,EIMCOELECO,42.3461
2026-09-07,15:29,ELANTAS,30.2495
2026-09-07,15:29,ELECTHERM,15.2534
2026-09-07,15:29,ELGIEQUIP,13.5283
2026-09-07,15:29,ELPROINTL,59.3392
2026-09-07,15:29,EMAMIPAP,55.9039
2026-09-07,15:29,EMBDL,17.7056
2026-09-07,15:29,EMCURE,11.3822
2026-09-07,15:29,EMIL,40.1699
2026-09-07,15:29,EMKAY,17.6457
2026-09-07,15:29,EMMVEE,11.8141
2026-09-07,15:29,EMSLIMITED,9.469
2026-09-07,15:29,EMUDHRA,2.6246
2026-09-07,15:29,ENDURANCE,18.7401
2026-09-07,15:29,ENGINERSIN,10.4005
2026-09-07,15:29,ENTERO,59.3419
2026-09-07,15:29,EPACKPEB,16.8086
2026-09-07,15:29,EPIGRAL,-1.2348
2026-09-07,15:29,EPL,9.6986
2026-09-07,15:29,EQUITASBNK,9.6249
2026-09-07,15:29,ERIS,0.6154
2026-09-07,15:29,ESAFSFB,61.4849
2026-09-07,15:29,ESTER,1.2275
2026-09-07,15:29,ETERNAL,26.2843
2026-09-07,15:29,ETHOSLTD,12.5979
2026-09-07,15:29,EVEREADY,0.0918
2026-09-07,15:29,EVERESTIND,7.2799
2026-09-07,15:29,EXCELINDUS,5.0723
2026-09-07,15:29,EXICOM,64.0676
2026-09-07,15:29,EXIDEIND,17.1413
2026-09-07,15:29,EXPLEOSOL,10.5981
2026-09-07,15:29,FAIRCHEMOR,13.7519
2026-09-07,15:29,FAZE3Q,9.0098
2026-09-07,15:29,FCL,146.0269
2026-09-07,15:29,FEDDERSHOL,38.0172
2026-09-07,15:29,FEDERALBNK,20.1054
2026-09-07,15:29,FEDFINA,11.2269
2026-09-07,15:29,FILATEX,67.7031
2026-09-07,15:29,FINCABLES,22.3025
2026-09-07,15:29,FINEORG,8.5437
2026-09-07,15:29,FINOPB,3.379
2026-09-07,15:29,FIVESTAR,5.6308
2026-09-07,15:29,FLUOROCHEM,34.7802
2026-09-07,15:29,FMGOETZE,1.5163
2026-09-07,15:29,FOSECOIND,29.8081
2026-09-07,15:29,FSL,21.0369
2026-09-07,15:29,FUSION,5.9719
2026-09-07,15:29,GABRIEL,34.8598
2026-09-07,15:29,GAEL,9.2999
2026-09-07,15:29,GAIL,6.2417
2026-09-07,15:29,GALAPREC,39.5668
2026-09-07,15:29,GALAXYSURF,11.3799
2026-09-07,15:29,GANDHAR,88.5188
2026-09-07,15:29,GANDHITUBE,7.3665
2026-09-07,15:29,GANESHBE,28.465
2026-09-07,15:29,GANESHHOU,11.0908
2026-09-07,15:29,GARFIBRES,33.7114
2026-09-07,15:29,GARUDA,3.7943
2026-09-07,15:29,GAYAPROJ,29.9356
2026-09-07,15:29,GCSL,73.5688
2026-09-07,15:29,GEECEE,25.2787
2026-09-07,15:29,GENUSPOWER,7.9174
2026-09-07,15:29,GEOJITFSL,29.2024
2026-09-07,15:29,GFLLIMITED,31.3266
2026-09-07,15:29,GHCLTEXTIL,48.1778
2026-09-07,15:29,GIPCL,26.4936
2026-09-07,15:29,GKENERGY,-0.4537
2026-09-07,15:29,GKSL,48.3345
2026-09-07,15:29,GLAND,71.0252
2026-09-07,15:29,GLAXO,24.981
2026-09-07,15:29,GLENMARK,1.5742
2026-09-07,15:29,GLOBAL,15.7961
2026-09-07,15:29,GLOTTIS,1.2224
2026-09-07,15:29,GMMPFAUDLR,37.6058
2026-09-07,15:29,GMRAIRPORT,-0.5081
2026-09-07,15:29,GNA,27.1089
2026-09-07,15:29,GNFC,25.9002
2026-09-07,15:29,GNRL,19.1427
2026-09-07,15:29,GOCLCORP,31.8298
2026-09-07,15:29,GOCOLORS,8.2439
2026-09-07,15:29,GODREJAGRO,12.1503
2026-09-07,15:29,GODREJIND,20.8251
2026-09-07,15:29,GODREJPROP,3.2164
2026-09-07,15:29,GOKEX,9.8473
2026-09-07,15:29,GOKULAGRO,1.4138
2026-09-07,15:29,GOPAL,-0.4114
2026-09-07,15:29,GPPL,1.5775
2026-09-07,15:29,GPTHEALTH,19.0922
2026-09-07,15:29,GRANDOAK,16.6179
2026-09-07,15:29,GRANULES,23.0999
2026-09-07,15:29,GRASIM,17.8082
2026-09-07,15:29,GRAUWEIL,0.6763
2026-09-07,15:29,GRAVITA,1.7289
2026-09-07,15:29,GREAVESCOT,16.145
2026-09-07,15:29,GREENLAM,4.1233
2026-09-07,15:29,GREENPLY,6.2401
2026-09-07,15:29,GRINDWELL,21.4057
2026-09-07,15:29,GRPLTD,4.5217
2026-09-07,15:29,GRWRHITECH,82.2962
2026-09-07,15:29,GSPCROP,43.5447
2026-09-07,15:29,GUFICBIO,54.8833
2026-09-07,15:29,GUJTHEM,14.2849
2026-09-07,15:29,GULFOILLUB,5.8835
2026-09-07,15:29,GVPIL,13.8204
2026-09-07,15:29,HAL,11.5728
2026-09-07,15:29,HALDYNGL,30.971
2026-09-07,15:29,HAPPYFORGE,71.4747
2026-09-07,15:29,HARIOMPIPE,10.5327
2026-09-07,15:29,HARSHA,15.6845
2026-09-07,15:29,HATSUN,17.7486
2026-09-07,15:29,HAWKINCOOK,10.4338
2026-09-07,15:29,HCC,6.6606
2026-09-07,15:29,HCG,20.6207
2026-09-07,15:29,HCLTECH,6.8822
2026-09-07,15:29,HDBFS,2.5908
2026-09-07,15:29,HEALTHX,5.0602
2026-09-07,15:29,HEIDELBERG,0.8986
2026-09-07,15:29,HERITGFOOD,5.5067
2026-09-07,15:29,HEROMOTOCO,3.0404
2026-09-07,15:29,HESTERBIO,42.7096
2026-09-07,15:29,HFCL,126.9001
2026-09-07,15:29,HIKAL,28.4763
2026-09-07,15:29,HINDOILEXP,20.2177
2026-09-07,15:29,HIRECT,31.0446
2026-09-07,15:29,HITECHCORP,140.4704
2026-09-07,15:29,HLEGLAS,3.605
2026-09-07,15:29,HMT,11.2416
2026-09-07,15:29,HMVL,24.3852
2026-09-07,15:29,HNDFDS,28.19
2026-09-07,15:29,HOMEFIRST,6.8
2026-09-07,15:29,HONASA,35.4615
2026-09-07,15:29,HONAUT,12.6366
2026-09-07,15:29,HSCL,11.8102
2026-09-07,15:29,HTMEDIA,13.7168
2026-09-07,15:29,HUHTAMAKI,38.9475
2026-09-07,15:29,HYUNDAI,21.6023
2026-09-07,15:29,IBULLSLTD,43.2553
2026-09-07,15:29,ICICIBANK,11.4364
2026-09-07,15:29,ICIL,67.5654
2026-09-07,15:29,IDBI,18.241
2026-09-07,15:29,IDEAFORGE,27.1512
2026-09-07,15:29,IDFCFIRSTB,23.2217
2026-09-07,15:29,IFBAGRO,2.9995
2026-09-07,15:29,IFBIND,13.1975
2026-09-07,15:29,IFCI,75.9526
2026-09-07,15:29,IFGLEXPOR,8.6706
2026-09-07,15:29,IGARASHI,8.4084
2026-09-07,15:29,IGPL,31.5752
2026-09-07,15:29,IIFL,46.3035
2026-09-07,15:29,IIFLCAPS,8.4201
2026-09-07,15:29,IKIO,24.0785
2026-09-07,15:29,IKS,14.7772
2026-09-07,15:29,IMAGICAA,20.651
2026-09-07,15:29,IMPAL,10.1151
2026-09-07,15:29,INDGN,20.9708
2026-09-07,15:29,INDHOTEL,11.099
2026-09-07,15:29,INDIANB,-0.7024
2026-09-07,15:29,INDIANHUME,22.8114
2026-09-07,15:29,INDIGO,15.0925
2026-09-07,15:29,INDIGOPNTS,34.3982
2026-09-07,15:29,INDIQUBE,17.8944
2026-09-07,15:29,INDNIPPON,40.5493
2026-09-07,15:29,INDOAMIN,12.0377
2026-09-07,15:29,INDOBORAX,79.2778
2026-09-07,15:29,INDOCO,19.6602
2026-09-07,15:29,INDORAMA,92.9189
2026-09-07,15:29,INDOSTAR,20.7443
2026-09-07,15:29,INDOTECH,42.4642
2026-09-07,15:29,INDSWFTLAB,170.9237
2026-09-07,15:29,INDUSINDBK,9.2202
2026-09-07,15:29,INGERRAND,9.7416
2026-09-07,15:29,INNOVACAP,59.8572
2026-09-07,15:29,INOXINDIA,48.4927
2026-09-07,15:29,INTLCONV,2.6326
2026-09-07,15:29,INVPRECQ,105.538
2026-09-07,15:29,IOLCP,122.7753
2026-09-07,15:29,IONEXCHANG,10.521
2026-09-07,15:29,IPCALAB,27.041
2026-09-07,15:29,IRIS,10.1591
2026-09-07,15:29,IRISDOREME,76.1122
2026-09-07,15:29,ITDC,8.0353
2026-09-07,15:29,IZMO,28.1536
2026-09-07,15:29,J&KBANK,9.8336
2026-09-07,15:29,JAGSNPHARM,14.4759
2026-09-07,15:29,JAMNAAUTO,2.2037
2026-09-07,15:29,JARO,3.2844
2026-09-07,15:29,JASH,22.3286
2026-09-07,15:29,JAYAGROGN,14.7791
2026-09-07,15:29,JAYBARMARU,30.4145
2026-09-07,15:29,JGCHEM,43.0311
2026-09-07,15:29,JINDALSAW,34.7041
2026-09-07,15:29,JINDRILL,22.2887
2026-09-07,15:29,JINDWORLD,123.5294
2026-09-07,15:29,JISLJALEQS,-0.7631
2026-09-07,15:29,JITFINFRA,-0.3311
2026-09-07,15:29,JKPAPER,14.9405
2026-09-07,15:29,JNKINDIA,18.2952
2026-09-07,15:29,JSFB,15.5208
2026-09-07,15:29,JSWDULUX,7.0402
2026-09-07,15:29,JSWINFRA,21.1284
2026-09-07,15:29,JSWSTEEL,1.7426
2026-09-07,15:29,JTLIND,11.0546
2026-09-07,15:29,JUBLCPL,28.4326
2026-09-07,15:29,JUBLPHARMA,2.5301
2026-09-07,15:29,JUNIPER,2.9794
2026-09-07,15:29,JUSTDIAL,31.1345
2026-09-07,15:29,JYOTICNC,33.5318
2026-09-07,15:29,KABRAEXTRU,154.6761
2026-09-07,15:29,KAJARIACER,-0.6229
2026-09-07,15:29,KALYANKJIL,43.3075
2026-09-07,15:29,KAMATHOTEL,35.8678
2026-09-07,15:29,KAMDHENU,72.7903
2026-09-07,15:29,KANORICHEM,73.8172
2026-09-07,15:29,KANPRPLA,17.202
2026-09-07,15:29,KAPSTON,63.4449
2026-09-07,15:29,KARURVYSYA,14.8379
2026-09-07,15:29,KAYA,37.7462
2026-09-07,15:29,KDDL,64.7367
2026-09-07,15:29,KENNAMET,73.8857
2026-09-07,15:29,KERNEX,31.0399
2026-09-07,15:29,KICL,6.5496
2026-09-07,15:29,KILITCH,21.874
2026-09-07,15:29,KIMS,14.9267
2026-09-07,15:29,KINGFA,30.1745
2026-09-07,15:29,KIRANVYPAR,1.6894
2026-09-07,15:29,KIRIINDUS,40.4963
2026-09-07,15:29,KIRLFER,5.6244
2026-09-07,15:29,KIRLOSBROS,5.3224
2026-09-07,15:29,KIRLOSENG,27.9972
2026-09-07,15:29,KIRLOSIND,12.969
2026-09-07,15:29,KKCL,6.9082
2026-09-07,15:29,KMEW,64.5151
2026-09-07,15:29,KOLTEPATIL,16.7368
2026-09-07,15:29,KOPRAN,56.4755
2026-09-07,15:29,KOTAKBANK,10.4974
2026-09-07,15:29,KOVAI,6.5896
2026-09-07,15:29,KPIL,12.6631
2026-09-07,15:29,KPL,113.6741
2026-09-07,15:29,KPRMILL,24.5094
2026-09-07,15:29,KRBL,15.284
2026-09-07,15:29,KRISHANA,51.1199
2026-09-07,15:29,KRISHNADEF,-0.1685
2026-09-07,15:29,KRN,26.6973
2026-09-07,15:29,KRONOX,33.1731
2026-09-07,15:29,KROSS,12.1401
2026-09-07,15:29,KRYSTAL,7.4823
2026-09-07,15:29,KSHINTL,65.5537
2026-09-07,15:29,KSL,16.035
2026-09-07,15:29,KTKBANK,24.3245
2026-09-07,15:29,KWIL,52.8625
2026-09-07,15:29,LALPATHLAB,36.0638
2026-09-07,15:29,LANDMARK,20.5269
2026-09-07,15:29,LAURUSLABS,69.6682
2026-09-07,15:29,LAXMIINDIA,13.6099
2026-09-07,15:29,LENSKART,32.3204
2026-09-07,15:29,LGEINDIA,1.2784
2026-09-07,15:29,LICI,1.2973
2026-09-07,15:29,LLOYDSENGG,43.7781
2026-09-07,15:29,LLOYDSENT,4.6626
2026-09-07,15:29,LLOYDSME,1.738
2026-09-07,15:29,LMW,25.8975
2026-09-07,15:29,LODHA,31.478
2026-09-07,15:29,LOKESHMACH,40.0384
2026-09-07,15:29,LOTUSDEV,36.4326
2026-09-07,15:29,LTF,9.4878
2026-09-07,15:29,LTFOODS,5.6104
2026-09-07,15:29,LTM,2.8891
2026-09-07,15:29,LUMAXIND,20.8515
2026-09-07,15:29,LUMAXTECH,20.1875
2026-09-07,15:29,LXCHEM,16.9523
2026-09-07,15:29,M&M,0.2443
2026-09-07,15:29,M&MFIN,16.2867
2026-09-07,15:29,MACPOWER,59.1035
2026-09-07,15:29,MAGADSUGAR,11.7722
2026-09-07,15:29,MAHABANK,6.7705
2026-09-07,15:29,MAHASTEEL,48.6279
2026-09-07,15:29,MAHLIFE,4.5125
2026-09-07,15:29,MAHSCOOTER,10.102
2026-09-07,15:29,MAHSEAMLES,6.0412
2026-09-07,15:29,MAITHANALL,10.9453
2026-09-07,15:29,MAMATA,1.8849
2026-09-07,15:29,MANAKCOAT,7.9383
2026-09-07,15:29,MANAKSTEEL,55.7979
2026-09-07,15:29,MANALIPETC,60.3275
2026-09-07,15:29,MANAPPURAM,10.2421
2026-09-07,15:29,MANBA,19.5084
2026-09-07,15:29,MANGLMCEM,17.3457
2026-09-07,15:29,MANINDS,56.9431
2026-09-07,15:29,MANINFRA,4.6426
2026-09-07,15:29,MANKIND,2.7118
2026-09-07,15:29,MANORAMA,35.9479
2026-09-07,15:29,MANYAVAR,33.6639
2026-09-07,15:29,MAPMYINDIA,5.0422
2026-09-07,15:29,MARICO,3.4262
2026-09-07,15:29,MARINE,80.5227
2026-09-07,15:29,MARKSANS,78.4459
2026-09-07,15:29,MASTEK,-0.0177
2026-09-07,15:29,MASTERTR,9.1244
2026-09-07,15:29,MATRIMONY,22.8821
2026-09-07,15:29,MAWANASUG,39.7304
2026-09-07,15:29,MAXESTATES,35.8679
2026-09-07,15:29,MAYURUNIQ,27.7733
2026-09-07,15:29,MAZDA,27.5883
2026-09-07,15:29,MBAPL,55.4549
2026-09-07,15:29,MCCHRLS-B,-0.7445
2026-09-07,15:29,MCLOUD,-0.7263
2026-09-07,15:29,MCX,12.1922
2026-09-07,15:29,MEDANTA,24.4674
2026-09-07,15:29,MEDIASSIST,1.7077
2026-09-07,15:29,MEESHO,21.786
2026-09-07,15:29,MENONBE,151.3332
2026-09-07,15:29,METROPOLIS,20.6663
2026-09-07,15:29,MIDHANI,5.2909
2026-09-07,15:29,MINDACORP,33.1324
2026-09-07,15:29,MMFL,26.0014
2026-09-07,15:29,MMP,76.4624
2026-09-07,15:29,MODIS,0.38
2026-09-07,15:29,MODISONLTD,184.1609
2026-09-07,15:29,MOL,31.5126
2026-09-07,15:29,MOLDTECH,69.8017
2026-09-07,15:29,MOLDTKPAC,23.4362
2026-09-07,15:29,MONARCH,29.3016
2026-09-07,15:29,MONTECARLO,2.4206
2026-09-07,15:29,MOREPENLAB,184.6062
2026-09-07,15:29,MOSCHIP,4.2821
2026-09-07,15:29,MOTHERSON,31.4508
2026-09-07,15:29,MOTILALOFS,34.4035
2026-09-07,15:29,MPHASIS,5.2606
2026-09-07,15:29,MPSLTD,58.2813
2026-09-07,15:29,MRF,-1.1769
2026-09-07,15:29,MRPL,-0.0519
2026-09-07,15:29,MSTCLTD,79.9679
2026-09-07,15:29,MTARTECH,32.9267
2026-09-07,15:29,MUFIN,18.2031
2026-09-07,15:29,MUKANDLTD,-0.1313
2026-09-07,15:29,MUKKA,33.1263
2026-09-07,15:29,MUNJALAU,42.9064
2026-09-07,15:29,MUNJALSHOW,0.1628
2026-09-07,15:29,MUTHOOTMF,2.7727
2026-09-07,15:29,MVGJL,21.7391
2026-09-07,15:29,NACLIND,3.2432
2026-09-07,15:29,NAHARINDUS,18.613
2026-09-07,15:29,NAHARSPING,20.8914
2026-09-07,15:29,NAM-INDIA,16.1435
2026-09-07,15:29,NAUKRI,31.3467
2026-09-07,15:29,NAVINFLUOR,27.299
2026-09-07,15:29,NAZARA,39.3834
2026-09-07,15:29,NCLIND,0.547
2026-09-07,15:29,NELCO,30.7094
2026-09-07,15:29,NEOGEN,33.287
2026-09-07,15:29,NEPHROPLUS,33.6687
2026-09-07,15:29,NETWEB,27.9335
2026-09-07,15:29,NEULANDLAB,56.0453
2026-09-07,15:29,NEWGEN,8.4453
2026-09-07,15:29,NGLFINE,25.9094
2026-09-07,15:29,NH,7.9869
2026-09-07,15:29,NIACL,43.087
2026-09-07,15:29,NIBE,21.4467
2026-09-07,15:29,NIITLTD,37.4523
2026-09-07,15:29,NILKAMAL,55.984
2026-09-07,15:29,NINSYS,41.5806
2026-09-07,15:29,NIRLON,9.8482
2026-09-07,15:29,NITCO,6.0219
2026-09-07,15:29,NITINSPIN,35.9736
2026-09-07,15:29,NITTAGELA,73.8113
2026-09-07,15:29,NIVABUPA,2.4381
2026-09-07,15:29,NORTHARC,18.6921
2026-09-07,15:29,NOVARTIND,58.7145
2026-09-07,15:29,NPST,44.1624
2026-09-07,15:29,NRAIL,20.5948
2026-09-07,15:29,NRBBEARING,69.2599
2026-09-07,15:29,NRL,138.2131
2026-09-07,15:29,NSLNISP,7.9294
2026-09-07,15:29,NUVAMA,36.1367
2026-09-07,15:29,NUVOCO,20.3278
2026-09-07,15:29,NYKAA,24.2113
2026-09-07,15:29,OAL,75.1124
2026-09-07,15:29,OBEROIRLTY,8.6573
2026-09-07,15:29,OCCLLTD,64.7
2026-09-07,15:29,OFSS,22.2853
2026-09-07,15:29,OIL,-1.187
2026-09-07,15:29,OLAELEC,4.8329
2026-09-07,15:29,OMAXE,56.0337
2026-09-07,15:29,OMNI,35.4017
2026-09-07,15:29,ONEPOINT,9.3164
2026-09-07,15:29,ONIDA,3.0186
2026-09-07,15:29,ONWARDTEC,19.4152
2026-09-07,15:29,OPTIEMUS,33.0129
2026-09-07,15:29,ORBTEXP,45.5631
2026-09-07,15:29,ORCHPHARMA,54.5403
2026-09-07,15:29,ORIENTBELL,31.8406
2026-09-07,15:29,ORIENTCER,10.5054
2026-09-07,15:29,ORIENTHOT,38.971
2026-09-07,15:29,PAISALO,66.7227
2026-09-07,15:29,PANACEABIO,2.0634
2026-09-07,15:29,PANACHE,51.1929
2026-09-07,15:29,PANAMAPET,72.4157
2026-09-07,15:29,PARACABLES,66.6074
2026-09-07,15:29,PARADEEP,20.5126
2026-09-07,15:29,PARAGMILK,10.598
2026-09-07,15:29,PARAS,83.5819
2026-09-07,15:29,PARKHOSPS,21.9751
2026-09-07,15:29,PASUPTAC,34.991
2026-09-07,15:29,PATELRMART,3.6518
2026-09-07,15:29,PAUSHAKLTD,64.0193
2026-09-07,15:29,PAYTM,50.6973
2026-09-07,15:29,PCBL,6.2665
2026-09-07,15:29,PDMJEPAPER,19.4981
2026-09-07,15:29,PDSL,26.0047
2026-09-07,15:29,PENIND,4.2355
2026-09-07,15:29,PERSISTENT,15.2774
2026-09-07,15:29,PETRONET,3.8662
2026-09-07,15:29,PFOCUS,-0.8113
2026-09-07,15:29,PGEL,1.5978
2026-09-07,15:29,PGHL,10.3603
2026-09-07,15:29,PGIL,47.2407
2026-09-07,15:29,PHOENIXLTD,6.4067
2026-09-07,15:29,PICCADIL,1.1044
2026-09-07,15:29,PIDILITIND,13.3909
2026-09-07,15:29,PITTIENG,20.8156
2026-09-07,15:29,PIXTRANS,12.6163
2026-09-07,15:29,PNB,3.9755
2026-09-07,15:29,PNBGILTS,15.1801
2026-09-07,15:29,PNBHOUSING,12.2549
2026-09-07,15:29,PNGSREVA,29.5169
2026-09-07,15:29,POLICYBZR,6.3943
2026-09-07,15:29,POLYCAB,1.3806
2026-09-07,15:29,POLYMED,12.0693
2026-09-07,15:29,POLYPLEX,23.5796
2026-09-07,15:29,POONAWALLA,8.997
2026-09-07,15:29,POWERICA,3.9586
2026-09-07,15:29,PPL,26.0443
2026-09-07,15:29,PPLPHARMA,37.1589
2026-09-07,15:29,PRABHA,51.2773
2026-09-07,15:29,PRADPME,26.1406
2026-09-07,15:29,PRECOT,29.4831
2026-09-07,15:29,PRECWIRE,10.8053
2026-09-07,15:29,PREMEXPLN,18.9153
2026-09-07,15:29,PREMIERPOL,72.0926
2026-09-07,15:29,PRESTIGE,8.1119
2026-09-07,15:29,PRICOLLTD,30.8402
2026-09-07,15:29,PRINCEPIPE,7.6669
2026-09-07,15:29,PRIVISCL,1.9592
2026-09-07,15:29,PRUDENT,17.7353
2026-09-07,15:29,PSPPROJECT,12.3529
2026-09-07,15:29,PTCIL,49.2898
2026-09-07,15:29,PURVA,2.7695
2026-09-07,15:29,PVP,96.0289
2026-09-07,15:29,PVRINOX,5.8533
2026-09-07,15:29,PWL,17.1999
2026-09-07,15:29,QPOWER,6.467
2026-09-07,15:29,QUADFUTURE,32.1201
2026-09-07,15:29,QUESS,67.2906
2026-09-07,15:29,RACLGEAR,25.1053
2026-09-07,15:29,RADHIKAJWE,47.2895
2026-09-07,15:29,RADICO,28.495
2026-09-07,15:29,RAIN,60.4768
2026-09-07,15:29,RAINBOW,16.2712
2026-09-07,15:29,RAJRATAN,11.4836
2026-09-07,15:29,RAJRILTD,2.9971
2026-09-07,15:29,RAMCOIND,20.9517
2026-09-07,15:29,RAMCOSYS,45.6616
2026-09-07,15:29,RAMRAT,22.7617
2026-09-07,15:29,RANEHOLDIN,50.4429
2026-09-07,15:29,RATEGAIN,47.4056
2026-09-07,15:29,RATNAMANI,-0.2139
2026-09-07,15:29,RATNAVEER,81.6
2026-09-07,15:29,RAYMOND,66.2863
2026-09-07,15:29,RAYMONDREL,27.3752
2026-09-07,15:29,RBA,46.3196
2026-09-07,15:29,RBLBANK,21.6295
2026-09-07,15:29,RBZJEWEL,39.4181
2026-09-07,15:29,REDINGTON,76.4898
2026-09-07,15:29,REFEX,3.9183
2026-09-07,15:29,REGAAL,4.2204
2026-09-07,15:29,RELAXO,11.1458
2026-09-07,15:29,RELIGARE,13.2866
2026-09-07,15:29,RELTD,4.7159
2026-09-07,15:29,RGL,51.2995
2026-09-07,15:29,RICOAUTO,17.5343
2026-09-07,15:29,RISHABH,67.4315
2026-09-07,15:29,RITCO,51.1699
2026-09-07,15:29,RKFORGE,17.9344
2026-09-07,15:29,RMDRIP,4.7985
2026-09-07,15:29,RML,74.3422
2026-09-07,15:29,ROLEXRINGS,19.9276
2026-09-07,15:29,ROSSTECH,14.1182
2026-09-07,15:29,ROTO,8.1095
2026-09-07,15:29,RPEL,140.2057
2026-09-07,15:29,RPGLIFE,31.6621
2026-09-07,15:29,RPTECH,82.565
2026-09-07,15:29,RRKABEL,46.754
2026-09-07,15:29,RSL,34.5945
2026-09-07,15:29,RSWM,33.6834
2026-09-07,15:29,RUBICON,79.2404
2026-09-07,15:29,RUBYMILLS,95.709
2026-09-07,15:29,SAFARI,7.2535
2026-09-07,15:29,SAGILITY,10.7496
2026-09-07,15:29,SAIL,0.9347
2026-09-07,15:29,SAILIFE,49.7109
2026-09-07,15:29,SAIPARENT,6.0581
2026-09-07,15:29,SAKAR,77.2876
2026-09-07,15:29,SAKSOFT,6.9481
2026-09-07,15:29,SALSTEEL,38.8795
2026-09-07,15:29,SAMBHV,10.6939
2026-09-07,15:29,SAMMAANCAP,10.511
2026-09-07,15:29,SANATHAN,4.2275
2026-09-07,15:29,SANDHAR,25.1185
2026-09-07,15:29,SANGAMIND,10.7737
2026-09-07,15:29,SANGHVIMOV,40.1009
2026-09-07,15:29,SANSERA,52.3957
2026-09-07,15:29,SANSTAR,27.4592
2026-09-07,15:29,SAPPHIRE,10.0087
2026-09-07,15:29,SAREGAMA,41.4306
2026-09-07,15:29,SARLAPOLY,12.9508
2026-09-07,15:29,SASKEN,40.2595
2026-09-07,15:29,SATIA,-0.0293
2026-09-07,15:29,SATIN,19.5591
2026-09-07,15:29,SBC,39.6187
2026-09-07,15:29,SBCL,81.2915
2026-09-07,15:29,SBFC,4.766
2026-09-07,15:29,SBICARD,3.601
2026-09-07,15:29,SCHNEIDER,0.1973
2026-09-07,15:29,SCPL,77.6407
2026-09-07,15:29,SEAMECLTD,13.2324
2026-09-07,15:29,SEDEMAC,58.1198
2026-09-07,15:29,SEIL,1.9455
2026-09-07,15:29,SENCO,15.228
2026-09-07,15:29,SENORES,65.7443
2026-09-07,15:29,SETL,173.8389
2026-09-07,15:29,SFL,24.1453
2026-09-07,15:29,SGFIN,19.7702
2026-09-07,15:29,SGIL,10.9808
2026-09-07,15:29,SGMART,45.8997
2026-09-07,15:29,SHADOWFAX,50.6866
2026-09-07,15:29,SHAILY,32.4854
2026-09-07,15:29,SHALPAINTS,60.4207
2026-09-07,15:29,SHANTIGEAR,34.1719
2026-09-07,15:29,SHANTIGOLD,32.362
2026-09-07,15:29,SHARDAMOTR,2.5876
2026-09-07,15:29,SHAREINDIA,22.582
2026-09-07,15:29,SHILPAMED,132.5207
2026-09-07,15:29,SHINDL,10.9922
2026-09-07,15:29,SHIVALIK,20.2147
2026-09-07,15:29,SHIVAUM,30.5424
2026-09-07,15:29,SHK,1.495
2026-09-07,15:29,SHOPERSTOP,27.7976
2026-09-07,15:29,SHREDIGCEM,-0.2631
2026-09-07,15:29,SHREEJISPG,74.4485
2026-09-07,15:29,SHREEPUSHK,34.72
2026-09-07,15:29,SHRINGARMS,7.1677
2026-09-07,15:29,SHRIPISTON,30.332
2026-09-07,15:29,SHRIRAMFIN,8.3764
2026-09-07,15:29,SHYAMMETL,22.4737
2026-09-07,15:29,SICALLOG,49.7455
2026-09-07,15:29,SIEMENS,3.9769
2026-09-07,15:29,SIGACHI,70.6845
2026-09-07,15:29,SIGMAADV,170.177
2026-09-07,15:29,SIGNPOST,2.8744
2026-09-07,15:29,SILINV,2.0869
2026-09-07,15:29,SILVERTUC,1.4577
2026-09-07,15:29,SIMPLEXINF,7.3077
2026-09-07,15:29,SINDHUTRAD,8.6022
2026-09-07,15:29,SIRCA,2.1035
2026-09-07,15:29,SIS,16.8461
2026-09-07,15:29,SJS,34.5817
2026-09-07,15:29,SKFINDUS,35.2269
2026-09-07,15:29,SKIPPER,24.439
2026-09-07,15:29,SKMEGGPROD,52.7632
2026-09-07,15:29,SKYGOLD,71.8788
2026-09-07,15:29,SMARTWORKS,22.7537
2026-09-07,15:29,SMCGLOBAL,24.8897
2026-09-07,15:29,SMLMAH,69.0463
2026-09-07,15:29,SOFTTECH,11.5367
2026-09-07,15:29,SOLARA,42.0377
2026-09-07,15:29,SOLARINDS,42.7457
2026-09-07,15:29,SOMANYCERA,19.645
2026-09-07,15:29,SONACOMS,31.399
2026-09-07,15:29,SONATSOFTW,7.9237
2026-09-07,15:29,SOTL,93.3297
2026-09-07,15:29,SOUTHBANK,16.6708
2026-09-07,15:29,SPAL,32.6571
2026-09-07,15:29,SPANDANA,4.465
2026-09-07,15:29,SPARC,38.577
2026-09-07,15:29,SPECIALITY,32.8978
2026-09-07,15:29,SPECTRUM,116.4882
2026-09-07,15:29,SPIC,1.2258
2026-09-07,15:29,SPLPETRO,3.6085
2026-09-07,15:29,SPORTKING,50.0304
2026-09-07,15:29,SREEL,54.1347
2026-09-07,15:29,SRF,0.0944
2026-09-07,15:29,SRHHYPOLTD,7.2639
2026-09-07,15:29,SSWL,72.273
2026-09-07,15:29,STALLION,30.4829
2026-09-07,15:29,STAR,11.899
2026-09-07,15:29,STARHEALTH,6.1322
2026-09-07,15:29,STEELCAS,10.0653
2026-09-07,15:29,STEL,24.9895
2026-09-07,15:29,STLNETWORK,6.5004
2026-09-07,15:29,STLTECH,163.6644
2026-09-07,15:29,STOVEKRAFT,56.1408
2026-09-07,15:29,STYL,56.1396
2026-09-07,15:29,STYLAMIND,50.6593
2026-09-07,15:29,STYLEBAAZA,5.0486
2026-09-07,15:29,SUDARCOLOR,9.7149
2026-09-07,15:29,SUDARSCHEM,39.6093
2026-09-07,15:29,SUDEEPPHRM,91.0075
2026-09-07,15:29,SUMICHEM,11.8011
2026-09-07,15:29,SUNDARMFIN,1.6648
2026-09-07,15:29,SUNDRMFAST,43.1809
2026-09-07,15:29,SUNDROP,1.3058
2026-09-07,15:29,SUNFLAG,15.4673
2026-09-07,15:29,SUNPHARMA,6.5385
2026-09-07,15:29,SUPRAJIT,12.8548
2026-09-07,15:29,SUPREMEINF,7.3467
2026-09-07,15:29,SUPRIYA,30.1969
2026-09-07,15:29,SURAKSHA,20.7038
2026-09-07,15:29,SURYODAY,-0.2556
2026-09-07,15:29,SUTLEJTEX,1.2674
2026-09-07,15:29,SUVEN,73.5379
2026-09-07,15:29,SVLL,37.8954
2026-09-07,15:29,SWANDEF,34.1935
2026-09-07,15:29,SWIGGY,0.5273
2026-09-07,15:29,SYNCOMF,46.9906
2026-09-07,15:29,SYRMA,67.4914
2026-09-07,15:29,TAALTECH,49.4546
2026-09-07,15:29,TAJGVK,4.2102
2026-09-07,15:29,TALBROAUTO,34.5716
2026-09-07,15:29,TARC,1.3752
2026-09-07,15:29,TARSONS,55.9622
2026-09-07,15:29,TASTYBITE,42.0211
2026-09-07,15:29,TATACAP,13.7958
2026-09-07,15:29,TATACOMM,8.5071
2026-09-07,15:29,TATATECH,37.2073
2026-09-07,15:29,TATVA,31.0206
2026-09-07,15:29,TBOTEK,33.7988
2026-09-07,15:29,TBZ,264.457
2026-09-07,15:29,TCIEXP,5.871
2026-09-07,15:29,TCPLPACK,43.7386
2026-09-07,15:29,TEAMLEASE,4.2883
2026-09-07,15:29,TECHM,7.138
2026-09-07,15:29,TEJASNET,42.4697
2026-09-07,15:29,TEXINFRA,23.2534
2026-09-07,15:29,TEXRAIL,12.3589
2026-09-07,15:29,TFCILTD,92.5389
2026-09-07,15:29,THANGAMAYL,37.3203
2026-09-07,15:29,THEJO,20.2048
2026-09-07,15:29,THELEELA,27.3878
2026-09-07,15:29,THEMISMED,41.9111
2026-09-07,15:29,THOMASCOOK,18.3424
2026-09-07,15:29,THYROCARE,41.746
2026-09-07,15:29,TI,16.7488
2026-09-07,15:29,TIIL,26.7016
2026-09-07,15:29,TIL,23.5465
2026-09-07,15:29,TIMETECHNO,0.19
2026-09-07,15:29,TIMEX,80.4682
2026-09-07,15:29,TINNARUBR,42.0617
2026-09-07,15:29,TIRUPATIFL,56.7825
2026-09-07,15:29,TITAGARH,14.0159
2026-09-07,15:29,TITAN,12.5051
2026-09-07,15:29,TMB,25.7571
2026-09-07,15:29,TMCV,10.241
2026-09-07,15:29,TNPETRO,49.8635
2026-09-07,15:29,TNPL,6.7389
2026-09-07,15:29,TORNTPHARM,16.129
2026-09-07,15:29,TPLPLASTEH,2.6635
2026-09-07,15:29,TRANSPEK,18.7494
2026-09-07,15:29,TRAVELFOOD,0.4141
2026-09-07,15:29,TREL,1.1914
2026-09-07,15:29,TRENT,-0.155
2026-09-07,15:29,TRITURBINE,-1.0181
2026-09-07,15:29,TSFINV,-0.689
2026-09-07,15:29,TTKHLTCARE,21.483
2026-09-07,15:29,TTKPRESTIG,6.1296
2026-09-07,15:29,TVSMOTOR,16.2666
2026-09-07,15:29,TVSSCS,12.1589
2026-09-07,15:29,TVSSRICHAK,35.3109
2026-09-07,15:29,UDS,38.1269
2026-09-07,15:29,UEL,42.2939
2026-09-07,15:29,UFBL,103.415
2026-09-07,15:29,UFLEX,54.3697
2026-09-07,15:29,UGARSUGAR,27.5659
2026-09-07,15:29,UJJIVANSFB,14.5144
2026-09-07,15:29,ULTRAMAR,4.9621
2026-09-07,15:29,UNICHEMLAB,51.8119
2026-09-07,15:29,UNIMECH,41.7994
2026-09-07,15:29,UNIONBANK,11.1948
2026-09-07,15:29,UNIPARTS,67.3965
2026-09-07,15:29,UNITDSPR,5.6183
2026-09-07,15:29,UNITEDPOLY,40.0392
2026-09-07,15:29,UNIVASTU,140.7397
2026-09-07,15:29,UNIVCABLES,79.1318
2026-09-07,15:29,UNIVPHOTO,10.0096
2026-09-07,15:29,UNOMINDA,9.7102
2026-09-07,15:29,URBANCO,19.4032
2026-09-07,15:29,USHAMART,8.3369
2026-09-07,15:29,UTLSOLAR,39.0258
2026-09-07,15:29,UTTAMSUGAR,9.8859
2026-09-07,15:29,V2RETAIL,11.299
2026-09-07,15:29,VADILALIND,58.1204
2026-09-07,15:29,VALIANTLAB,33.1292
2026-09-07,15:29,VALIANTORG,17.7767
2026-09-07,15:29,VARROC,58.8953
2026-09-07,15:29,VEEDOL,1.3431
2026-09-07,15:29,VELJAN,89.7367
2026-09-07,15:29,VENKEYS,5.1883
2026-09-07,15:29,VENUSPIPES,29.2341
2026-09-07,15:29,VENUSREM,78.8707
2026-09-07,15:29,VERANDA,22.8272
2026-09-07,15:29,VGUARD,-0.3297
2026-09-07,15:29,VHL,5.8713
2026-09-07,15:29,VIDHIING,17.5876
2026-09-07,15:29,VIDYAWIRES,-0.6425
2026-09-07,15:29,VIJAYA,34.4195
2026-09-07,15:29,VIMTALABS,42.1929
2026-09-07,15:29,VINATIORGA,-1.1943
2026-09-07,15:29,VINCOFE,31.9855
2026-09-07,15:29,VINDHYATEL,112.8233
2026-09-07,15:29,VIPIND,8.1491
2026-09-07,15:29,VISAKAIND,37.0761
2026-09-07,15:29,VISHNU,25.3342
2026-09-07,15:29,VIYASH,27.2381
2026-09-07,15:29,VLSFINANCE,3.4012
2026-09-07,15:29,VMART,29.5695
2026-09-07,15:29,VRLLOG,14.6286
2026-09-07,15:29,VSSL,26.3559
2026-09-07,15:29,WABAG,35.3282
2026-09-07,15:29,WAKEFIT,8.9952
2026-09-07,15:29,WELCORP,104.9949
2026-09-07,15:29,WELENT,45.0657
2026-09-07,15:29,WELINV,59.659
2026-09-07,15:29,WELSPLSOL,34.5268
2026-09-07,15:29,WELSPUNLIV,62.6756
2026-09-07,15:29,WENDT,19.3133
2026-09-07,15:29,WESTLIFE,10.7751
2026-09-07,15:29,WEWORK,23.4192
2026-09-07,15:29,WHEELS,45.5133
2026-09-07,15:29,WINDLAS,35.7412
2026-09-07,15:29,WINDMACHIN,7.5436
2026-09-07,15:29,WOCKPHARMA,58.6549
2026-09-07,15:29,WONDERLA,-0.0665
2026-09-07,15:29,WSTCSTPAPR,42.6645
2026-09-07,15:29,XPROINDIA,32.5418
2026-09-07,15:29,YASHO,172.2048
2026-09-07,15:29,YATHARTH,23.8931
2026-09-07,15:29,YATRA,3.9136
2026-09-07,15:29,YESBANK,10.6068
2026-09-07,15:29,YUKEN,36.7791
2026-09-07,15:29,ZENTEC,6.4413
2026-09-07,15:29,ZIMLAB,51.3476
2026-09-07,15:29,ZSARACOM,17.1432
2026-09-07,15:29,ZUARIIND,6.3693
2026-09-07,15:29,ZYDUSLIFE,27.0132
2026-09-07,15:29,ZYDUSWELL,10.9701
2026-09-08,15:29,20MICRONS,23.964
2026-09-08,15:29,360ONE,7.2827
2026-09-08,15:29,3BBLACKBIO,21.3458
2026-09-08,15:29,3MINDIA,-0.4655
2026-09-08,15:29,5PAISA,0.5693
2026-09-08,15:29,63MOONS,16.2861
2026-09-08,15:29,AARTIDRUGS,12.0117
2026-09-08,15:29,AARTIPHARM,17.1226
2026-09-08,15:29,ABB,2.1715
2026-09-08,15:29,ABBOTINDIA,0.4718
2026-09-08,15:29,ABCAPITAL,14.8915
2026-09-08,15:29,ABDL,11.7901
2026-09-08,15:29,ABSLAMC,2.2262
2026-09-08,15:29,ACE,26.311
2026-09-08,15:29,ACMESOLAR,36.2391
2026-09-08,15:29,ACUTAAS,22.6668
2026-09-08,15:29,ADANIENSOL,4.8761
2026-09-08,15:29,ADANIENT,22.6167
2026-09-08,15:29,ADANIGREEN,5.2846
2026-09-08,15:29,ADANIPORTS,3.1799
2026-09-08,15:29,ADFFOODS,3.6193
2026-09-08,15:29,ADOR,50.7346
2026-09-08,15:29,ADVAIT,6.6023
2026-09-08,15:29,ADVANCE,4.1561
2026-09-08,15:29,AEGISLOG,80.9116
2026-09-08,15:29,AEGISVOPAK,53.2802
2026-09-08,15:29,AEQUS,23.4496
2026-09-08,15:29,AEROENTER,63.5419
2026-09-08,15:29,AEROFLEX,88.2364
2026-09-08,15:29,AETHER,40.2031
2026-09-08,15:29,AFFLE,13.2025
2026-09-08,15:29,AFSL,-0.2232
2026-09-08,15:29,AGARIND,5.7441
2026-09-08,15:29,AGARWALEYE,16.7603
2026-09-08,15:29,AGI,23.6278
2026-09-08,15:29,AHLWEST,42.5096
2026-09-08,15:29,AIAENG,7.8337
2026-09-08,15:29,AIIL,11.5303
2026-09-08,15:29,AJANTPHARM,26.8041
2026-09-08,15:29,AJAXENGG,13.367
2026-09-08,15:29,AKCAPIT,12.6816
2026-09-08,15:29,AKUMS,34.588
2026-09-08,15:29,ALEMBICLTD,20.318
2026-09-08,15:29,ALGOQUANT,16.688
2026-09-08,15:29,ALICON,-0.3296
2026-09-08,15:29,ALIVUS,32.1582
2026-09-08,15:29,ALKYLAMINE,29.9848
2026-09-08,15:29,AMAGI,40.6616
2026-09-08,15:29,AMANTA,53.9388
2026-09-08,15:29,AMBIKCO,9.5456
2026-09-08,15:29,AMNPLST,2.8876
2026-09-08,15:29,ANANDRATHI,23.8061
2026-09-08,15:29,ANANTRAJ,28.5377
2026-09-08,15:29,ANDHRAPAP,8.292
2026-09-08,15:29,ANDHRSUGAR,1.1467
2026-09-08,15:29,ANTELOPUS,58.436
2026-09-08,15:29,ANTHEM,26.0097
2026-09-08,15:29,ANUHPHR,17.6478
2026-09-08,15:29,APARINDS,43.0135
2026-09-08,15:29,APCOTEXIND,52.1248
2026-09-08,15:29,APLAPOLLO,14.6982
2026-09-08,15:29,APLLTD,7.0861
2026-09-08,15:29,APOLLO,40.655
2026-09-08,15:29,APOLLOHOSP,15.7271
2026-09-08,15:29,APOLLOPIPE,30.6086
2026-09-08,15:29,APOLLOTYRE,0.7591
2026-09-08,15:29,ARIES,30.0713
2026-09-08,15:29,ARIHANT,0.9718
2026-09-08,15:29,ARIHANTCAP,12.024
2026-09-08,15:29,ARKADE,4.4375
2026-09-08,15:29,ARMANFIN,36.4519
2026-09-08,15:29,ARROWGREEN,50.0422
2026-09-08,15:29,ARTEMISMED,40.1098
2026-09-08,15:29,ARVIND,45.8663
2026-09-08,15:29,ARVSMART,1.8934
2026-09-08,15:29,ASAHIINDIA,14.272
2026-09-08,15:29,ASHIANA,1.0652
2026-09-08,15:29,ASHOKLEY,4.2631
2026-09-08,15:29,ASIANENE,74.1983
2026-09-08,15:29,ASIANHOTNR,35.4758
2026-09-08,15:29,ASIANPAINT,1.5177
2026-09-08,15:29,ASKAUTOLTD,38.6862
2026-09-08,15:29,ASTERDM,12.738
2026-09-08,15:29,ASTRAMICRO,56.1767
2026-09-08,15:29,ATHERENERG,68.7971
2026-09-08,15:29,ATL,2.3385
2026-09-08,15:29,ATLANTAELE,9.7579
2026-09-08,15:29,AUBANK,5.6843
2026-09-08,15:29,AUROPHARMA,21.7704
2026-09-08,15:29,AURUM,24.649
2026-09-08,15:29,AVADHSUGAR,70.2117
2026-09-08,15:29,AVALON,116.628
2026-09-08,15:29,AVANTEL,5.1768
2026-09-08,15:29,AVL,17.1559
2026-09-08,15:29,AVTNPL,30.3752
2026-09-08,15:29,AYE,39.5303
2026-09-08,15:29,AYMSYNTEX,37.2759
2026-09-08,15:29,AZAD,30.3571
2026-09-08,15:29,BAFNAPH,129.6642
2026-09-08,15:29,BAJAJ-AUTO,18.8713
2026-09-08,15:29,BAJAJCON,14.1303
2026-09-08,15:29,BAJAJFINSV,10.9261
2026-09-08,15:29,BAJAJHCARE,4.6465
2026-09-08,15:29,BAJAJHIND,11.6256
2026-09-08,15:29,BAJAJHLDNG,7.5874
2026-09-08,15:29,BAJFINANCE,12.4973
2026-09-08,15:29,BALAMINES,85.6109
2026-09-08,15:29,BALKRISIND,4.4983
2026-09-08,15:29,BALRAMCHIN,36.5416
2026-09-08,15:29,BALUFORGE,0.0462
2026-09-08,15:29,BANARISUG,0.4885
2026-09-08,15:29,BANCOINDIA,1.5763
2026-09-08,15:29,BANKINDIA,0.7078
2026-09-08,15:29,BANSALWIRE,6.2201
2026-09-08,15:29,BASF,4.0336
2026-09-08,15:29,BBOX,20.5285
2026-09-08,15:29,BCLIND,0.8686
2026-09-08,15:29,BECTORFOOD,17.3997
2026-09-08,15:29,BELRISE,6.793
2026-09-08,15:29,BEML,16.5827
2026-09-08,15:29,BENGALASM,-0.4233
2026-09-08,15:29,BEPL,39.2281
2026-09-08,15:29,BERGEPAINT,1.3422
2026-09-08,15:29,BETA,60.8751
2026-09-08,15:29,BFINVEST,8.4626
2026-09-08,15:29,BHAGERIA,93.7457
2026-09-08,15:29,BHAGYANGR,45.5271
2026-09-08,15:29,BHARATCOAL,0.4798
2026-09-08,15:29,BHARATFORG,6.4892
2026-09-08,15:29,BHARATSE,21.1482
2026-09-08,15:29,BHARTIHEXA,2.1023
2026-09-08,15:29,BHEL,19.7894
2026-09-08,15:29,BIL,22.2403
2026-09-08,15:29,BIOCON,9.0783
2026-09-08,15:29,BIRLACABLE,118.3465
2026-09-08,15:29,BIRLANU,5.1813
2026-09-08,15:29,BLACKBUCK,4.6255
2026-09-08,15:29,BLACKROSE,32.472
2026-09-08,15:29,BLISSGVS,160.9842
2026-09-08,15:29,BLSE,63.0055
2026-09-08,15:29,BLUEJET,30.8064
2026-09-08,15:29,BLUESTONE,72.2757
2026-09-08,15:29,BLUSPRING,91.4357
2026-09-08,15:29,BODALCHEM,170.4232
2026-09-08,15:29,BOMDYEING,1.0702
2026-09-08,15:29,BOROLTD,3.3947
2026-09-08,15:29,BORORENEW,0.3689
2026-09-08,15:29,BOROSCI,12.8591
2026-09-08,15:29,BOSCH-HCIL,29.0091
2026-09-08,15:29,BOSCHLTD,35.5327
2026-09-08,15:29,BPCL,1.1316
2026-09-08,15:29,BRIGADE,15.9474
2026-09-08,15:29,BUILDPRO,17.5286
2026-09-08,15:29,BUTTERFLY,2.656
2026-09-08,15:29,CANHLIFE,9.1012
2026-09-08,15:29,CAPLIPOINT,62.0889
2026-09-08,15:29,CARBORUNIV,15.1458
2026-09-08,15:29,CARERATING,3.0352
2026-09-08,15:29,CARTRADE,95.6819
2026-09-08,15:29,CARYSIL,27.9211
2026-09-08,15:29,CASTROLIND,2.5106
2026-09-08,15:29,CCL,-0.3964
2026-09-08,15:29,CDSL,10.0629
2026-09-08,15:29,CEIGALL,10.7058
2026-09-08,15:29,CEMPRO,57.6326
2026-09-08,15:29,CENTENKA,39.9193
2026-09-08,15:29,CENTUM,50.546
2026-09-08,15:29,CERA,9.6885
2026-09-08,15:29,CGCL,45.4238
2026-09-08,15:29,CGPOWER,11.969
2026-09-08,15:29,CHALET,18.4836
2026-09-08,15:29,CHEMBONDCH,70.9185
2026-09-08,15:29,CHEMCON,30.2804
2026-09-08,15:29,CHENNPETRO,29.1975
2026-09-08,15:29,CHEVIOT,3.573
2026-09-08,15:29,CHOICEIN,13.5655
2026-09-08,15:29,CHOLAFIN,16.6677
2026-09-08,15:29,CIPLA,5.6811
2026-09-08,15:29,CLEAN,1.3674
2026-09-08,15:29,CLEANMAX,22.5058
2026-09-08,15:29,CLSEL,8.6485
2026-09-08,15:29,CMPDI,30.4599
2026-09-08,15:29,COCKERILL,62.7505
2026-09-08,15:29,COFFEEDAY,29.697
2026-09-08,15:29,COFORGE,63.0571
2026-09-08,15:29,COMSYN,95.2332
2026-09-08,15:29,CONCORDBIO,28.7653
2026-09-08,15:29,CONFIPET,50.9424
2026-09-08,15:29,CONSOFINVT,41.0889
2026-09-08,15:29,CORONA,21.2325
2026-09-08,15:29,COSMOFIRST,27.3765
2026-09-08,15:29,CPPLUS,64.6371
2026-09-08,15:29,CRAFTSMAN,48.3611
2026-09-08,15:29,CREDITACC,8.9993
2026-09-08,15:29,CRISIL,10.8611
2026-09-08,15:29,CSLFINANCE,6.6734
2026-09-08,15:29,CUB,15.1379
2026-09-08,15:29,CUPID,129.8043
2026-09-08,15:29,CYIENT,24.6114
2026-09-08,15:29,CYIENTDLM,148.3465
2026-09-08,15:29,DALMIASUG,13.2956
2026-09-08,15:29,DATAMATICS,0.8461
2026-09-08,15:29,DATAPATTNS,20.8394
2026-09-08,15:29,DBOL,0.8315
2026-09-08,15:29,DCBBANK,22.9118
2026-09-08,15:29,DCI,5.4523
2026-09-08,15:29,DCMSIL,5.4004
2026-09-08,15:29,DCW,1.1463
2026-09-08,15:29,DDEVPLSTIK,6.5736
2026-09-08,15:29,DECNGOLD,80.0888
2026-09-08,15:29,DEEDEV,68.2494
2026-09-08,15:29,DEEPAKFERT,6.3742
2026-09-08,15:29,DEEPINDS,68.6129
2026-09-08,15:29,DENTA,-0.182
2026-09-08,15:29,DEVYANI,10.631
2026-09-08,15:29,DHAMPURSUG,8.7094
2026-09-08,15:29,DHANBANK,2.3019
2026-09-08,15:29,DHARMAJ,4.006
2026-09-08,15:29,DHUNINV,10.838
2026-09-08,15:29,DIACABS,113.0862
2026-09-08,15:29,DIAMONDYD,13.4405
2026-09-08,15:29,DICIND,16.8574
2026-09-08,15:29,DIFFNKG,47.3134
2026-09-08,15:29,DIVGIITTS,65.0316
2026-09-08,15:29,DIVISLAB,47.2511
2026-09-08,15:29,DIXON,26.2705
2026-09-08,15:29,DLF,15.0085
2026-09-08,15:29,DMCC,4.8224
2026-09-08,15:29,DOLPHIN,65.2054
2026-09-08,15:29,DPABHUSHAN,36.3206
2026-09-08,15:29,DRAGARWQ,5.9955
2026-09-08,15:29,DREDGECORP,11.7907
2026-09-08,15:29,DVL,20.3933
2026-09-08,15:29,DWARKESH,2.1295
2026-09-08,15:29,DYCL,24.3386
2026-09-08,15:29,DYNAMATECH,0.1383
2026-09-08,15:29,E2E,114.1544
2026-09-08,15:29,EBGNG,56.6718
2026-09-08,15:29,ECLERX,36.1162
2026-09-08,15:29,EDELWEISS,21.488
2026-09-08,15:29,EICHERMOT,8.9816
2026-09-08,15:29,EIFFL,8.1677
2026-09-08,15:29,EIMCOELECO,43.5145
2026-09-08,15:29,ELANTAS,44.5278
2026-09-08,15:29,ELECTHERM,19.5069
2026-09-08,15:29,ELGIEQUIP,15.3026
2026-09-08,15:29,ELPROINTL,60.9853
2026-09-08,15:29,EMAMIPAP,52.2065
2026-09-08,15:29,EMBDL,21.8449
2026-09-08,15:29,EMCURE,14.6241
2026-09-08,15:29,EMIL,49.6059
2026-09-08,15:29,EMKAY,16.707
2026-09-08,15:29,EMMVEE,26.2386
2026-09-08,15:29,EMSLIMITED,8.9548
2026-09-08,15:29,EMUDHRA,4.0253
2026-09-08,15:29,ENDURANCE,17.3646
2026-09-08,15:29,ENGINERSIN,10.82
2026-09-08,15:29,ENTERO,52.2361
2026-09-08,15:29,EPACKPEB,16.8714
2026-09-08,15:29,EPL,9.7157
2026-09-08,15:29,EQUITASBNK,8.5116
2026-09-08,15:29,ERIS,0.1361
2026-09-08,15:29,ESAFSFB,57.0833
2026-09-08,15:29,ESTER,1.3861
2026-09-08,15:29,ETERNAL,30.1866
2026-09-08,15:29,ETHOSLTD,14.9763
2026-09-08,15:29,EVEREADY,4.1188
2026-09-08,15:29,EVERESTIND,12.4654
2026-09-08,15:29,EXCELINDUS,3.9627
2026-09-08,15:29,EXICOM,57.409
2026-09-08,15:29,EXIDEIND,15.9756
2026-09-08,15:29,EXPLEOSOL,9.0379
2026-09-08,15:29,FAIRCHEMOR,10.3189
2026-09-08,15:29,FAZE3Q,11.9919
2026-09-08,15:29,FCL,154.3081
2026-09-08,15:29,FEDDERSHOL,41.1765
2026-09-08,15:29,FEDERALBNK,19.9338
2026-09-08,15:29,FEDFINA,10.9895
2026-09-08,15:29,FILATEX,67.1916
2026-09-08,15:29,FINCABLES,31.4724
2026-09-08,15:29,FINEORG,12.2707
2026-09-08,15:29,FINOPB,10.8937
2026-09-08,15:29,FIVESTAR,9.3004
2026-09-08,15:29,FLUOROCHEM,29.8334
2026-09-08,15:29,FMGOETZE,-0.1383
2026-09-08,15:29,FOSECOIND,29.1666
2026-09-08,15:29,FSL,20.5011
2026-09-08,15:29,FUSION,5.7518
2026-09-08,15:29,GABRIEL,35.4914
2026-09-08,15:29,GAEL,7.4157
2026-09-08,15:29,GAIL,7.2658
2026-09-08,15:29,GALAPREC,42.2177
2026-09-08,15:29,GALAXYSURF,21.2524
2026-09-08,15:29,GANDHAR,90.3337
2026-09-08,15:29,GANDHITUBE,7.2226
2026-09-08,15:29,GANESHBE,29.3542
2026-09-08,15:29,GANESHHOU,12.809
2026-09-08,15:29,GARFIBRES,33.2493
2026-09-08,15:29,GARUDA,8.948
2026-09-08,15:29,GAYAPROJ,29.7991
2026-09-08,15:29,GCSL,65.3309
2026-09-08,15:29,GEECEE,24.5227
2026-09-08,15:29,GENESYS,7.2574
2026-09-08,15:29,GENUSPOWER,6.922
2026-09-08,15:29,GEOJITFSL,25.842
2026-09-08,15:29,GFLLIMITED,23.8575
2026-09-08,15:29,GHCLTEXTIL,48.1531
2026-09-08,15:29,GIPCL,28.2117
2026-09-08,15:29,GKENERGY,1.7507
2026-09-08,15:29,GKSL,39.9058
2026-09-08,15:29,GLAND,69.0256
2026-09-08,15:29,GLAXO,25.3296
2026-09-08,15:29,GLENMARK,2.8342
2026-09-08,15:29,GLOBAL,22.2201
2026-09-08,15:29,GMMPFAUDLR,41.9248
2026-09-08,15:29,GMRAIRPORT,0.5911
2026-09-08,15:29,GNA,28.5333
2026-09-08,15:29,GNFC,25.5274
2026-09-08,15:29,GNRL,11.5719
2026-09-08,15:29,GOCLCORP,33.9689
2026-09-08,15:29,GOCOLORS,16.1335
2026-09-08,15:29,GODREJAGRO,12.9633
2026-09-08,15:29,GODREJIND,19.2847
2026-09-08,15:29,GODREJPROP,3.8906
2026-09-08,15:29,GOKEX,11.0274
2026-09-08,15:29,GOKULAGRO,0.146
2026-09-08,15:29,GPPL,2.9029
2026-09-08,15:29,GPTHEALTH,16.0876
2026-09-08,15:29,GRANDOAK,13.3115
2026-09-08,15:29,GRANULES,27.962
2026-09-08,15:29,GRAPHITE,3.8396
2026-09-08,15:29,GRASIM,18.3324
2026-09-08,15:29,GRAUWEIL,3.537
2026-09-08,15:29,GRAVITA,3.2086
2026-09-08,15:29,GREAVESCOT,16.8786
2026-09-08,15:29,GREENLAM,4.2722
2026-09-08,15:29,GREENPLY,11.9693
2026-09-08,15:29,GRINDWELL,22.0128
2026-09-08,15:29,GRPLTD,5.4645
2026-09-08,15:29,GRWRHITECH,74.4311
2026-09-08,15:29,GSPCROP,26.0983
2026-09-08,15:29,GUFICBIO,54.7084
2026-09-08,15:29,GUJTHEM,24.6631
2026-09-08,15:29,GULFOILLUB,7.5562
2026-09-08,15:29,GVPIL,8.5795
2026-09-08,15:29,GVT&D,6.3544
2026-09-08,15:29,HAL,15.956
2026-09-08,15:29,HALDYNGL,30.8669
2026-09-08,15:29,HAPPYFORGE,65.4525
2026-09-08,15:29,HARIOMPIPE,11.7055
2026-09-08,15:29,HARSHA,20.7137
2026-09-08,15:29,HATSUN,24.3448
2026-09-08,15:29,HAWKINCOOK,10.0803
2026-09-08,15:29,HCC,8.2577
2026-09-08,15:29,HCG,20.6183
2026-09-08,15:29,HCLTECH,6.4965
2026-09-08,15:29,HDBFS,4.0359
2026-09-08,15:29,HEALTHX,7.4002
2026-09-08,15:29,HEIDELBERG,0.5603
2026-09-08,15:29,HERITGFOOD,6.7011
2026-09-08,15:29,HEROMOTOCO,4.5989
2026-09-08,15:29,HESTERBIO,41.8615
2026-09-08,15:29,HFCL,116.1165
2026-09-08,15:29,HIKAL,29.9921
2026-09-08,15:29,HINDCOPPER,-0.3739
2026-09-08,15:29,HINDOILEXP,22.1059
2026-09-08,15:29,HINDZINC,-0.0755
2026-09-08,15:29,HIRECT,36.0731
2026-09-08,15:29,HITECHCORP,140.0157
2026-09-08,15:29,HLEGLAS,4.417
2026-09-08,15:29,HMT,12.3927
2026-09-08,15:29,HMVL,24.1745
2026-09-08,15:29,HNDFDS,26.4834
2026-09-08,15:29,HOMEFIRST,6.4905
2026-09-08,15:29,HONASA,39.7681
2026-09-08,15:29,HONAUT,12.9874
2026-09-08,15:29,HSCL,10.3497
2026-09-08,15:29,HTMEDIA,14.9774
2026-09-08,15:29,HUHTAMAKI,39.7748
2026-09-08,15:29,HYUNDAI,22.1391
2026-09-08,15:29,IBULLSLTD,31.5256
2026-09-08,15:29,ICICIBANK,10.7646
2026-09-08,15:29,ICIL,62.5505
2026-09-08,15:29,IDBI,6.8925
2026-09-08,15:29,IDEAFORGE,27.2489
2026-09-08,15:29,IDFCFIRSTB,24.2102
2026-09-08,15:29,IFBAGRO,2.3893
2026-09-08,15:29,IFBIND,13.4007
2026-09-08,15:29,IFCI,57.7952
2026-09-08,15:29,IFGLEXPOR,4.4197
2026-09-08,15:29,IGARASHI,7.307
2026-09-08,15:29,IGPL,35.7682
2026-09-08,15:29,IIFL,36.8341
2026-09-08,15:29,IIFLCAPS,8.6671
2026-09-08,15:29,IKIO,39.1136
2026-09-08,15:29,IKS,7.5724
2026-09-08,15:29,IMAGICAA,19.679
2026-09-08,15:29,IMPAL,14.6798
2026-09-08,15:29,INDGN,17.899
2026-09-08,15:29,INDHOTEL,13.2343
2026-09-08,15:29,INDIANB,0.945
2026-09-08,15:29,INDIANHUME,18.9297
2026-09-08,15:29,INDIGO,16.4063
2026-09-08,15:29,INDIGOPNTS,32.5622
2026-09-08,15:29,INDIQUBE,16.7872
2026-09-08,15:29,INDNIPPON,41.6956
2026-09-08,15:29,INDOAMIN,12.572
2026-09-08,15:29,INDOBORAX,84.0892
2026-09-08,15:29,INDOCO,16.5927
2026-09-08,15:29,INDOFARM,5.4649
2026-09-08,15:29,INDORAMA,95.464
2026-09-08,15:29,INDOSTAR,23.9958
2026-09-08,15:29,INDOTECH,36.802
2026-09-08,15:29,INDSWFTLAB,182.3179
2026-09-08,15:29,INDUSINDBK,8.9133
2026-09-08,15:29,INGERRAND,7.3341
2026-09-08,15:29,INNOVACAP,55.8141
2026-09-08,15:29,INOXINDIA,52.0865
2026-09-08,15:29,INTLCONV,2.577
2026-09-08,15:29,INVPRECQ,120.9087
2026-09-08,15:29,IOLCP,123.6853
2026-09-08,15:29,IONEXCHANG,8.9178
2026-09-08,15:29,IPCALAB,28.4996
2026-09-08,15:29,IRIS,5.9668
2026-09-08,15:29,IRISDOREME,70.8345
2026-09-08,15:29,ITDC,8.815
2026-09-08,15:29,IXIGO,1.1185
2026-09-08,15:29,IZMO,30.695
2026-09-08,15:29,J&KBANK,13.9591
2026-09-08,15:29,JAGSNPHARM,13.0009
2026-09-08,15:29,JAMNAAUTO,6.0546
2026-09-08,15:29,JARO,5.3335
2026-09-08,15:29,JASH,23.8687
2026-09-08,15:29,JAYAGROGN,26.4291
2026-09-08,15:29,JAYBARMARU,27.6572
2026-09-08,15:29,JGCHEM,51.2123
2026-09-08,15:29,JINDALSAW,38.092
2026-09-08,15:29,JINDRILL,25.7185
2026-09-08,15:29,JINDWORLD,114.4015
2026-09-08,15:29,JITFINFRA,2.1667
2026-09-08,15:29,JKPAPER,15.2811
2026-09-08,15:29,JNKINDIA,22.1372
2026-09-08,15:29,JSFB,17.8217
2026-09-08,15:29,JSWDULUX,7.5813
2026-09-08,15:29,JSWINFRA,22.0678
2026-09-08,15:29,JSWSTEEL,2.5939
2026-09-08,15:29,JTLIND,12.6415
2026-09-08,15:29,JUBLCPL,27.2154
2026-09-08,15:29,JUBLFOOD,0.3761
2026-09-08,15:29,JUBLPHARMA,7.6786
2026-09-08,15:29,JUNIPER,6.3436
2026-09-08,15:29,JUSTDIAL,31.9992
2026-09-08,15:29,JYOTICNC,38.3025
2026-09-08,15:29,KABRAEXTRU,163.1379
2026-09-08,15:29,KAJARIACER,5.2667
2026-09-08,15:29,KALYANKJIL,48.4191
2026-09-08,15:29,KAMATHOTEL,36.9389
2026-09-08,15:29,KAMDHENU,74.0917
2026-09-08,15:29,KANORICHEM,80.7325
2026-09-08,15:29,KANPRPLA,15.1979
2026-09-08,15:29,KAPSTON,66.9772
2026-09-08,15:29,KARURVYSYA,16.2351
2026-09-08,15:29,KAYA,36.9494
2026-09-08,15:29,KDDL,67.2868
2026-09-08,15:29,KENNAMET,70.8037
2026-09-08,15:29,KERNEX,28.4104
2026-09-08,15:29,KFINTECH,3.2823
2026-09-08,15:29,KICL,8.1649
2026-09-08,15:29,KILITCH,21.9842
2026-09-08,15:29,KIMS,14.6693
2026-09-08,15:29,KINGFA,26.3209
2026-09-08,15:29,KIRANVYPAR,3.7928
2026-09-08,15:29,KIRIINDUS,43.003
2026-09-08,15:29,KIRLFER,5.7849
2026-09-08,15:29,KIRLOSBROS,7.1334
2026-09-08,15:29,KIRLOSENG,33.8358
2026-09-08,15:29,KIRLOSIND,12.8029
2026-09-08,15:29,KKCL,5.6123
2026-09-08,15:29,KMEW,68.7352
2026-09-08,15:29,KNAGRI,12.3486
2026-09-08,15:29,KOLTEPATIL,15.1961
2026-09-08,15:29,KOPRAN,45.4838
2026-09-08,15:29,KOTAKBANK,9.3791
2026-09-08,15:29,KOTHARIPET,8.1553
2026-09-08,15:29,KOVAI,7.9433
2026-09-08,15:29,KPIL,11.7732
2026-09-08,15:29,KPL,131.8002
2026-09-08,15:29,KPRMILL,21.183
2026-09-08,15:29,KRBL,17.4043
2026-09-08,15:29,KRISHANA,52.4996
2026-09-08,15:29,KRISHNADEF,3.1599
2026-09-08,15:29,KRN,28.1661
2026-09-08,15:29,KRONOX,24.4275
2026-09-08,15:29,KROSS,13.9775
2026-09-08,15:29,KRYSTAL,9.5266
2026-09-08,15:29,KSHINTL,77.6629
2026-09-08,15:29,KSL,6.8377
2026-09-08,15:29,KTKBANK,24.4369
2026-09-08,15:29,KUANTUM,-0.3071
2026-09-08,15:29,KWIL,52.332
2026-09-08,15:29,LALPATHLAB,39.8844
2026-09-08,15:29,LANDMARK,23.7297
2026-09-08,15:29,LAURUSLABS,76.8382
2026-09-08,15:29,LAXMIDENTL,0.1357
2026-09-08,15:29,LAXMIINDIA,15.8246
2026-09-08,15:29,LENSKART,34.8483
2026-09-08,15:29,LGEINDIA,4.9717
2026-09-08,15:29,LICHSGFIN,1.4963
2026-09-08,15:29,LICI,2.9578
2026-09-08,15:29,LLOYDSENGG,41.6133
2026-09-08,15:29,LLOYDSENT,3.7075
2026-09-08,15:29,LLOYDSME,1.978
2026-09-08,15:29,LMW,27.7503
2026-09-08,15:29,LODHA,34.9816
2026-09-08,15:29,LOKESHMACH,45.9136
2026-09-08,15:29,LOTUSDEV,38.9114
2026-09-08,15:29,LTF,10.2134
2026-09-08,15:29,LTFOODS,5.7123
2026-09-08,15:29,LTM,3.7568
2026-09-08,15:29,LUMAXIND,20.477
2026-09-08,15:29,LUMAXTECH,20.6303
2026-09-08,15:29,LXCHEM,27.8371
2026-09-08,15:29,M&M,2.0178
2026-09-08,15:29,M&MFIN,20.486
2026-09-08,15:29,MACPOWER,66.2026
2026-09-08,15:29,MAGADSUGAR,6.4678
2026-09-08,15:29,MAHABANK,8.1919
2026-09-08,15:29,MAHASTEEL,52.1621
2026-09-08,15:29,MAHLIFE,7.533
2026-09-08,15:29,MAHLOG,1.3259
2026-09-08,15:29,MAHSCOOTER,8.3551
2026-09-08,15:29,MAHSEAMLES,6.3516
2026-09-08,15:29,MAITHANALL,7.6978
2026-09-08,15:29,MAMATA,1.9031
2026-09-08,15:29,MANAKCOAT,12.8937
2026-09-08,15:29,MANAKSTEEL,49.6844
2026-09-08,15:29,MANALIPETC,68.5944
2026-09-08,15:29,MANAPPURAM,10.4128
2026-09-08,15:29,MANBA,19.716
2026-09-08,15:29,MANGLMCEM,15.1762
2026-09-08,15:29,MANINDS,56.0239
2026-09-08,15:29,MANINFRA,6.1487
2026-09-08,15:29,MANKIND,2.773
2026-09-08,15:29,MANORAMA,41.3453
2026-09-08,15:29,MANYAVAR,35.7419
2026-09-08,15:29,MAPMYINDIA,5.3387
2026-09-08,15:29,MARICO,6.3097
2026-09-08,15:29,MARINE,81.618
2026-09-08,15:29,MARKSANS,81.9314
2026-09-08,15:29,MASTERTR,12.3871
2026-09-08,15:29,MATRIMONY,22.6355
2026-09-08,15:29,MAWANASUG,26.0816
2026-09-08,15:29,MAXESTATES,37.5288
2026-09-08,15:29,MAXHEALTH,-0.005
2026-09-08,15:29,MAYURUNIQ,34.8293
2026-09-08,15:29,MAZDA,27.1048
2026-09-08,15:29,MBAPL,56.3047
2026-09-08,15:29,MCX,12.4685
2026-09-08,15:29,MEDANTA,27.8675
2026-09-08,15:29,MEESHO,9.2839
2026-09-08,15:29,MENONBE,131.249
2026-09-08,15:29,METROPOLIS,22.1826
2026-09-08,15:29,MIDHANI,22.3391
2026-09-08,15:29,MINDACORP,36.1854
2026-09-08,15:29,MMFL,24.5651
2026-09-08,15:29,MMP,94.3384
2026-09-08,15:29,MODISONLTD,201.3033
2026-09-08,15:29,MOL,34.5187
2026-09-08,15:29,MOLDTECH,71.3803
2026-09-08,15:29,MOLDTKPAC,22.6462
2026-09-08,15:29,MONARCH,29.2978
2026-09-08,15:29,MOREPENLAB,183.2689
2026-09-08,15:29,MOSCHIP,6.3642
2026-09-08,15:29,MOTHERSON,35.1786
2026-09-08,15:29,MOTILALOFS,31.3964
2026-09-08,15:29,MPHASIS,3.4392
2026-09-08,15:29,MPSLTD,65.8382
2026-09-08,15:29,MRPL,3.2289
2026-09-08,15:29,MSTCLTD,79.7414
2026-09-08,15:29,MTARTECH,20.7895
2026-09-08,15:29,MUFIN,18.4372
2026-09-08,15:29,MUKANDLTD,-0.2825
2026-09-08,15:29,MUKKA,27.8402
2026-09-08,15:29,MUNJALAU,39.6212
2026-09-08,15:29,MUNJALSHOW,-0.0621
2026-09-08,15:29,MUTHOOTMF,4.777
2026-09-08,15:29,MVGJL,21.5015
2026-09-08,15:29,NACLIND,-0.1984
2026-09-08,15:29,NAHARINDUS,17.0713
2026-09-08,15:29,NAHARSPING,14.3593
2026-09-08,15:29,NAM-INDIA,17.7187
2026-09-08,15:29,NAUKRI,32.8057
2026-09-08,15:29,NAVINFLUOR,28.0018
2026-09-08,15:29,NAZARA,39.7784
2026-09-08,15:29,NCLIND,0.5121
2026-09-08,15:29,NELCO,38.2735
2026-09-08,15:29,NEOGEN,35.145
2026-09-08,15:29,NEPHROPLUS,40.5952
2026-09-08,15:29,NETWEB,25.1599
2026-09-08,15:29,NEULANDLAB,59.9347
2026-09-08,15:29,NEWGEN,1.6312
2026-09-08,15:29,NGLFINE,26.9632
2026-09-08,15:29,NH,7.4041
2026-09-08,15:29,NIACL,27.7833
2026-09-08,15:29,NIBE,23.97
2026-09-08,15:29,NIITLTD,36.4144
2026-09-08,15:29,NILKAMAL,62.6367
2026-09-08,15:29,NINSYS,36.4441
2026-09-08,15:29,NIRLON,8.5981
2026-09-08,15:29,NITCO,5.8797
2026-09-08,15:29,NITINSPIN,41.8272
2026-09-08,15:29,NITTAGELA,70.1987
2026-09-08,15:29,NIVABUPA,2.8473
2026-09-08,15:29,NOCIL,3.1778
2026-09-08,15:29,NORTHARC,18.5862
2026-09-08,15:29,NOVARTIND,76.8074
2026-09-08,15:29,NPST,43.8991
2026-09-08,15:29,NRAIL,34.2676
2026-09-08,15:29,NRBBEARING,72.3822
2026-09-08,15:29,NRL,135.9559
2026-09-08,15:29,NSIL,-0.4468
2026-09-08,15:29,NSLNISP,5.3839
2026-09-08,15:29,NUVAMA,38.4395
2026-09-08,15:29,NUVOCO,14.5433
2026-09-08,15:29,NYKAA,28.7959
2026-09-08,15:29,OAL,71.1693
2026-09-08,15:29,OBEROIRLTY,9.8347
2026-09-08,15:29,OCCLLTD,65.8183
2026-09-08,15:29,OFSS,21.1124
2026-09-08,15:29,OIL,0.9372
2026-09-08,15:29,OLAELEC,2.9267
2026-09-08,15:29,OMAXE,51.7364
2026-09-08,15:29,OMNI,44.7126
2026-09-08,15:29,ONEPOINT,4.5446
2026-09-08,15:29,ONIDA,5.0468
2026-09-08,15:29,ONWARDTEC,17.9986
2026-09-08,15:29,OPTIEMUS,33.8023
2026-09-08,15:29,ORBTEXP,44.044
2026-09-08,15:29,ORCHPHARMA,54.3428
2026-09-08,15:29,ORIENTBELL,34.2165
2026-09-08,15:29,ORIENTCER,9.4358
2026-09-08,15:29,ORIENTHOT,41.4595
2026-09-08,15:29,PAISALO,55.6268
2026-09-08,15:29,PANACEABIO,8.5307
2026-09-08,15:29,PANACHE,41.1636
2026-09-08,15:29,PANAMAPET,72.6707
2026-09-08,15:29,PARACABLES,75.1205
2026-09-08,15:29,PARADEEP,23.9066
2026-09-08,15:29,PARAGMILK,13.4499
2026-09-08,15:29,PARAS,89.361
2026-09-08,15:29,PARKHOSPS,22.4459
2026-09-08,15:29,PASUPTAC,34.671
2026-09-08,15:29,PATELRMART,1.323
2026-09-08,15:29,PAUSHAKLTD,64.0311
2026-09-08,15:29,PAYTM,52.4001
2026-09-08,15:29,PCBL,13.153
2026-09-08,15:29,PDMJEPAPER,17.5062
2026-09-08,15:29,PDSL,24.622
2026-09-08,15:29,PENIND,7.7428
2026-09-08,15:29,PERSISTENT,15.8333
2026-09-08,15:29,PETRONET,3.2664
2026-09-08,15:29,PFOCUS,1.0324
2026-09-08,15:29,PGEL,3.6891
2026-09-08,15:29,PGHL,7.4009
2026-09-08,15:29,PGIL,54.1086
2026-09-08,15:29,PHOENIXLTD,6.7989
2026-09-08,15:29,PICCADIL,0.1729
2026-09-08,15:29,PIDILITIND,15.7956
2026-09-08,15:29,PITTIENG,19.8016
2026-09-08,15:29,PIXTRANS,11.0968
2026-09-08,15:29,PLASTIBLEN,14.3583
2026-09-08,15:29,PNB,6.0717
2026-09-08,15:29,PNBGILTS,15.1807
2026-09-08,15:29,PNBHOUSING,11.6148
2026-09-08,15:29,PNGSREVA,29.1317
2026-09-08,15:29,POLICYBZR,9.5907
2026-09-08,15:29,POLYCAB,3.2427
2026-09-08,15:29,POLYMED,14.417
2026-09-08,15:29,POLYPLEX,21.4965
2026-09-08,15:29,POONAWALLA,9.1203
2026-09-08,15:29,POWERICA,8.3393
2026-09-08,15:29,PPL,30.19
2026-09-08,15:29,PPLPHARMA,40.0012
2026-09-08,15:29,PRABHA,56.8512
2026-09-08,15:29,PRADPME,32.0464
2026-09-08,15:29,PRECOT,24.5373
2026-09-08,15:29,PRECWIRE,13.778
2026-09-08,15:29,PREMEXPLN,20.7268
2026-09-08,15:29,PREMIERPOL,67.7969
2026-09-08,15:29,PRESTIGE,10.4072
2026-09-08,15:29,PRICOLLTD,32.4487
2026-09-08,15:29,PRINCEPIPE,10.1623
2026-09-08,15:29,PRIVISCL,3.2588
2026-09-08,15:29,PRUDENT,15.9725
2026-09-08,15:29,PSPPROJECT,11.2113
2026-09-08,15:29,PTCIL,47.6848
2026-09-08,15:29,PURVA,0.9423
2026-09-08,15:29,PVP,93.273
2026-09-08,15:29,PVRINOX,15.1932
2026-09-08,15:29,PVSL,0.2268
2026-09-08,15:29,PWL,16.6237
2026-09-08,15:29,QPOWER,10.1232
2026-09-08,15:29,QUADFUTURE,42.5109
2026-09-08,15:29,QUESS,70.7305
2026-09-08,15:29,RACLGEAR,20.9898
2026-09-08,15:29,RADHIKAJWE,36.8601
2026-09-08,15:29,RADICO,31.0216
2026-09-08,15:29,RAIN,72.5911
2026-09-08,15:29,RAINBOW,15.779
2026-09-08,15:29,RAJRATAN,11.8038
2026-09-08,15:29,RAJRILTD,0.0469
2026-09-08,15:29,RAMCOIND,20.6741
2026-09-08,15:29,RAMCOSYS,47.9417
2026-09-08,15:29,RAMRAT,19.5836
2026-09-08,15:29,RANEHOLDIN,50.3555
2026-09-08,15:29,RATEGAIN,43.163
2026-09-08,15:29,RATNAMANI,6.0038
2026-09-08,15:29,RATNAVEER,82.8115
2026-09-08,15:29,RAYMOND,84.1563
2026-09-08,15:29,RAYMONDREL,30.9136
2026-09-08,15:29,RBA,46.175
2026-09-08,15:29,RBLBANK,24.35
2026-09-08,15:29,RBZJEWEL,32.8981
2026-09-08,15:29,REDINGTON,73.044
2026-09-08,15:29,REFEX,4.5441
2026-09-08,15:29,REGAAL,5.3839
2026-09-08,15:29,RELAXO,11.9461
2026-09-08,15:29,RELIGARE,14.8755
2026-09-08,15:29,RELTD,8.7328
2026-09-08,15:29,RGL,49.8053
2026-09-08,15:29,RICOAUTO,17.0055
2026-09-08,15:29,RISHABH,71.2863
2026-09-08,15:29,RITCO,46.0177
2026-09-08,15:29,RKFORGE,17.2154
2026-09-08,15:29,RMDRIP,4.7075
2026-09-08,15:29,RML,71.7428
2026-09-08,15:29,ROLEXRINGS,20.3676
2026-09-08,15:29,ROSSTECH,23.0676
2026-09-08,15:29,ROTO,12.5559
2026-09-08,15:29,RPEL,141.8
2026-09-08,15:29,RPGLIFE,22.1177
2026-09-08,15:29,RPTECH,78.4943
2026-09-08,15:29,RRKABEL,55.8561
2026-09-08,15:29,RSL,37.4449
2026-09-08,15:29,RSWM,37.1453
2026-09-08,15:29,RUBICON,91.8243
2026-09-08,15:29,RUBYMILLS,90.1685
2026-09-08,15:29,SAFARI,8.5805
2026-09-08,15:29,SAGILITY,9.4873
2026-09-08,15:29,SAIL,0.8017
2026-09-08,15:29,SAILIFE,54.0138
2026-09-08,15:29,SAIPARENT,8.9806
2026-09-08,15:29,SAKAR,84.3563
2026-09-08,15:29,SAKSOFT,7.0139
2026-09-08,15:29,SALSTEEL,35.1494
2026-09-08,15:29,SAMBHV,8.3902
2026-09-08,15:29,SAMHI,-0.4223
2026-09-08,15:29,SAMMAANCAP,5.8018
2026-09-08,15:29,SANATHAN,4.8234
2026-09-08,15:29,SANDHAR,26.7787
2026-09-08,15:29,SANGAMIND,12.0124
2026-09-08,15:29,SANGHVIMOV,37.9181
2026-09-08,15:29,SANSERA,60.471
2026-09-08,15:29,SANSTAR,21.6783
2026-09-08,15:29,SAPPHIRE,10.2135
2026-09-08,15:29,SAREGAMA,44.5689
2026-09-08,15:29,SARLAPOLY,11.9854
2026-09-08,15:29,SASKEN,44.6693
2026-09-08,15:29,SATIA,-0.206
2026-09-08,15:29,SATIN,23.4616
2026-09-08,15:29,SBC,38.6188
2026-09-08,15:29,SBCL,85.5919
2026-09-08,15:29,SBFC,5.4599
2026-09-08,15:29,SBICARD,3.7428
2026-09-08,15:29,SCPL,72.8982
2026-09-08,15:29,SEAMECLTD,11.9513
2026-09-08,15:29,SEDEMAC,55.7577
2026-09-08,15:29,SEIL,3.5671
2026-09-08,15:29,SENCO,15.5701
2026-09-08,15:29,SENORES,67.9048
2026-09-08,15:29,SETL,189.0731
2026-09-08,15:29,SFL,32.7866
2026-09-08,15:29,SGFIN,19.0824
2026-09-08,15:29,SGIL,6.8446
2026-09-08,15:29,SGMART,41.7688
2026-09-08,15:29,SHADOWFAX,50.6515
2026-09-08,15:29,SHAILY,34.5574
2026-09-08,15:29,SHALPAINTS,64.554
2026-09-08,15:29,SHANTIGEAR,46.4074
2026-09-08,15:29,SHANTIGOLD,31.6036
2026-09-08,15:29,SHARDAMOTR,3.1259
2026-09-08,15:29,SHAREINDIA,24.3434
2026-09-08,15:29,SHILPAMED,136.0507
2026-09-08,15:29,SHINDL,8.2183
2026-09-08,15:29,SHIVAUM,33.0833
2026-09-08,15:29,SHK,-0.3627
2026-09-08,15:29,SHOPERSTOP,28.2587
2026-09-08,15:29,SHREDIGCEM,-0.1788
2026-09-08,15:29,SHREEJISPG,72.3951
2026-09-08,15:29,SHREEPUSHK,29.1266
2026-09-08,15:29,SHRINGARMS,7.6755
2026-09-08,15:29,SHRIPISTON,27.129
2026-09-08,15:29,SHRIRAMFIN,9.7776
2026-09-08,15:29,SHYAMMETL,23.8226
2026-09-08,15:29,SICALLOG,49.5375
2026-09-08,15:29,SIEMENS,3.7577
2026-09-08,15:29,SIGACHI,71.7822
2026-09-08,15:29,SIGMAADV,170.1815
2026-09-08,15:29,SIGNPOST,3.6435
2026-09-08,15:29,SIMPLEXINF,5.0355
2026-09-08,15:29,SINDHUTRAD,6.7008
2026-09-08,15:29,SIRCA,2.5133
2026-09-08,15:29,SIS,20.3404
2026-09-08,15:29,SJS,26.4264
2026-09-08,15:29,SKFINDUS,34.4837
2026-09-08,15:29,SKIPPER,26.3873
2026-09-08,15:29,SKMEGGPROD,53.6479
2026-09-08,15:29,SKYGOLD,80.6565
2026-09-08,15:29,SMARTWORKS,27.7804
2026-09-08,15:29,SMCGLOBAL,26.1049
2026-09-08,15:29,SMLMAH,69.3717
2026-09-08,15:29,SOFTTECH,8.0468
2026-09-08,15:29,SOLARA,41.549
2026-09-08,15:29,SOLARINDS,45.4434
2026-09-08,15:29,SOMANYCERA,21.4309
2026-09-08,15:29,SONACOMS,32.4002
2026-09-08,15:29,SONATSOFTW,7.5364
2026-09-08,15:29,SOTL,88.2702
2026-09-08,15:29,SOUTHBANK,18.6518
2026-09-08,15:29,SPAL,29.3262
2026-09-08,15:29,SPANDANA,5.1584
2026-09-08,15:29,SPARC,42.1071
2026-09-08,15:29,SPECIALITY,28.8825
2026-09-08,15:29,SPECTRUM,116.4732
2026-09-08,15:29,SPIC,1.1529
2026-09-08,15:29,SPLPETRO,9.3886
2026-09-08,15:29,SPORTKING,46.1893
2026-09-08,15:29,SREEL,58.2769
2026-09-08,15:29,SRF,0.135
2026-09-08,15:29,SRHHYPOLTD,7.9771
2026-09-08,15:29,SSWL,75.4031
2026-09-08,15:29,STALLION,41.8089
2026-09-08,15:29,STANLEY,-0.0289
2026-09-08,15:29,STAR,14.5255
2026-09-08,15:29,STARHEALTH,8.8367
2026-09-08,15:29,STEELCAS,14.574
2026-09-08,15:29,STEL,28.6968
2026-09-08,15:29,STLNETWORK,13.9049
2026-09-08,15:29,STLTECH,179.749
2026-09-08,15:29,STOVEKRAFT,53.8863
2026-09-08,15:29,STYL,58.4811
2026-09-08,15:29,STYLAMIND,49.8032
2026-09-08,15:29,STYLEBAAZA,-0.3474
2026-09-08,15:29,SUDARCOLOR,10.4155
2026-09-08,15:29,SUDARSCHEM,33.614
2026-09-08,15:29,SUDEEPPHRM,89.9795
2026-09-08,15:29,SUMICHEM,16.116
2026-09-08,15:29,SUNDARMFIN,3.923
2026-09-08,15:29,SUNDRMFAST,48.3101
2026-09-08,15:29,SUNFLAG,15.6146
2026-09-08,15:29,SUNPHARMA,4.2913
2026-09-08,15:29,SUPRAJIT,14.561
2026-09-08,15:29,SUPREMEINF,10.0621
2026-09-08,15:29,SUPRIYA,31.7672
2026-09-08,15:29,SURAKSHA,19.7746
2026-09-08,15:29,SURYODAY,1.2885
2026-09-08,15:29,SUTLEJTEX,5.4545
2026-09-08,15:29,SUVEN,74.5799
2026-09-08,15:29,SVLL,36.8097
2026-09-08,15:29,SWANDEF,35.1763
2026-09-08,15:29,SWIGGY,1.9978
2026-09-08,15:29,SYNCOMF,52.6201
2026-09-08,15:29,SYRMA,70.937
2026-09-08,15:29,TAALTECH,53.6339
2026-09-08,15:29,TAJGVK,2.2273
2026-09-08,15:29,TALBROAUTO,27.4613
2026-09-08,15:29,TANLA,0.1953
2026-09-08,15:29,TARSONS,47.8492
2026-09-08,15:29,TASTYBITE,40.9081
2026-09-08,15:29,TATACAP,10.4758
2026-09-08,15:29,TATACOMM,10.9016
2026-09-08,15:29,TATATECH,37.3527
2026-09-08,15:29,TATVA,28.1617
2026-09-08,15:29,TBOTEK,34.9769
2026-09-08,15:29,TBZ,279.2515
2026-09-08,15:29,TCIEXP,4.9776
2026-09-08,15:29,TCPLPACK,45.8903
2026-09-08,15:29,TEAMLEASE,1.9638
2026-09-08,15:29,TECHM,5.8025
2026-09-08,15:29,TEJASNET,42.1293
2026-09-08,15:29,TEXINFRA,23.8572
2026-09-08,15:29,TEXRAIL,12.1267
2026-09-08,15:29,TFCILTD,95.4092
2026-09-08,15:29,THANGAMAYL,35.6616
2026-09-08,15:29,THEJO,17.4712
2026-09-08,15:29,THELEELA,26.6783
2026-09-08,15:29,THEMISMED,33.9108
2026-09-08,15:29,THOMASCOOK,17.488
2026-09-08,15:29,THYROCARE,42.2558
2026-09-08,15:29,TI,16.4296
2026-09-08,15:29,TIIL,26.3882
2026-09-08,15:29,TIL,27.1252
2026-09-08,15:29,TIMEX,77.2813
2026-09-08,15:29,TINNARUBR,41.5868
2026-09-08,15:29,TIRUPATIFL,57.8449
2026-09-08,15:29,TITAGARH,14.6278
2026-09-08,15:29,TITAN,13.7234
2026-09-08,15:29,TMB,25.3025
2026-09-08,15:29,TMCV,11.2588
2026-09-08,15:29,TNPETRO,60.4011
2026-09-08,15:29,TNPL,7.2706
2026-09-08,15:29,TORNTPHARM,18.5157
2026-09-08,15:29,TRANSPEK,16.3772
2026-09-08,15:29,TRAVELFOOD,2.8338
2026-09-08,15:29,TREL,0.0374
2026-09-08,15:29,TRENT,1.1049
2026-09-08,15:29,TRITURBINE,1.2822
2026-09-08,15:29,TSFINV,4.8021
2026-09-08,15:29,TTKHLTCARE,31.7332
2026-09-08,15:29,TTKPRESTIG,8.774
2026-09-08,15:29,TVSMOTOR,18.3315
2026-09-08,15:29,TVSSCS,11.1082
2026-09-08,15:29,TVSSRICHAK,37.1587
2026-09-08,15:29,UDS,36.2442
2026-09-08,15:29,UEL,38.2689
2026-09-08,15:29,UFBL,104.2408
2026-09-08,15:29,UFLEX,54.2219
2026-09-08,15:29,UGARSUGAR,21.3066
2026-09-08,15:29,UJJIVANSFB,14.0295
2026-09-08,15:29,ULTRAMAR,2.7426
2026-09-08,15:29,UNICHEMLAB,42.425
2026-09-08,15:29,UNIMECH,62.5698
2026-09-08,15:29,UNIONBANK,10.4134
2026-09-08,15:29,UNIPARTS,68.0547
2026-09-08,15:29,UNITDSPR,8.6301
2026-09-08,15:29,UNITEDPOLY,40.5388
2026-09-08,15:29,UNIVASTU,139.0686
2026-09-08,15:29,UNIVCABLES,82.0646
2026-09-08,15:29,UNIVPHOTO,10.2141
2026-09-08,15:29,UNOMINDA,11.191
2026-09-08,15:29,URBANCO,13.2599
2026-09-08,15:29,USHAMART,10.6352
2026-09-08,15:29,UTLSOLAR,46.8237
2026-09-08,15:29,UTTAMSUGAR,12.0441
2026-09-08,15:29,V2RETAIL,10.8331
2026-09-08,15:29,VADILALIND,60.4246
2026-09-08,15:29,VALIANTLAB,46.659
2026-09-08,15:29,VALIANTORG,25.6145
2026-09-08,15:29,VARROC,59.1326
2026-09-08,15:29,VEDL,0.1657
2026-09-08,15:29,VEEDOL,2.1713
2026-09-08,15:29,VELJAN,82.116
2026-09-08,15:29,VENKEYS,7.9937
2026-09-08,15:29,VENUSPIPES,41.533
2026-09-08,15:29,VENUSREM,67.9967
2026-09-08,15:29,VERANDA,22.4895
2026-09-08,15:29,VGUARD,-0.0454
2026-09-08,15:29,VHL,7.5397
2026-09-08,15:29,VIDHIING,18.5992
2026-09-08,15:29,VIDYAWIRES,2.0504
2026-09-08,15:29,VIJAYA,33.056
2026-09-08,15:29,VIMTALABS,36.8916
2026-09-08,15:29,VINATIORGA,1.9285
2026-09-08,15:29,VINCOFE,31.3642
2026-09-08,15:29,VINDHYATEL,104.0687
2026-09-08,15:29,VIPIND,4.5063
2026-09-08,15:29,VISAKAIND,35.7632
2026-09-08,15:29,VISHNU,23.1255
2026-09-08,15:29,VIYASH,28.5707
2026-09-08,15:29,VLSFINANCE,6.6898
2026-09-08,15:29,VMART,33.774
2026-09-08,15:29,VRLLOG,16.0288
2026-09-08,15:29,VSSL,27.9558
2026-09-08,15:29,WABAG,33.0419
2026-09-08,15:29,WAKEFIT,10.8656
2026-09-08,15:29,WELCORP,105.2102
2026-09-08,15:29,WELENT,50.9795
2026-09-08,15:29,WELINV,55.689
2026-09-08,15:29,WELSPLSOL,28.3371
2026-09-08,15:29,WELSPUNLIV,61.1895
2026-09-08,15:29,WENDT,21.3812
2026-09-08,15:29,WESTLIFE,13.1134
2026-09-08,15:29,WEWORK,22.0465
2026-09-08,15:29,WHEELS,71.489
2026-09-08,15:29,WINDLAS,34.5425
2026-09-08,15:29,WINDMACHIN,7.0103
2026-09-08,15:29,WOCKPHARMA,59.358
2026-09-08,15:29,WSTCSTPAPR,40.8602
2026-09-08,15:29,XPROINDIA,36.4859
2026-09-08,15:29,YASHO,172.2474
2026-09-08,15:29,YATHARTH,18.2805
2026-09-08,15:29,YATRA,7.6748
2026-09-08,15:29,YESBANK,12.9955
2026-09-08,15:29,YUKEN,34.793
2026-09-08,15:29,ZENTEC,9.2095
2026-09-08,15:29,ZIMLAB,46.8046
2026-09-08,15:29,ZSARACOM,16.0458
2026-09-08,15:29,ZUARIIND,6.1126
2026-09-08,15:29,ZYDUSLIFE,28.4337
2026-09-08,15:29,ZYDUSWELL,9.7532
2026-09-09,15:29,20MICRONS,21.6785
2026-09-09,15:29,360ONE,1.9597
2026-09-09,15:29,3BBLACKBIO,17.2904
2026-09-09,15:29,3MINDIA,-0.1663
2026-09-09,15:29,5PAISA,-0.6243
2026-09-09,15:29,63MOONS,15.9196
2026-09-09,15:29,AARTIDRUGS,6.9723
2026-09-09,15:29,AARTIPHARM,2.9215
2026-09-09,15:29,ABB,2.2801
2026-09-09,15:29,ABBOTINDIA,-0.7476
2026-09-09,15:29,ABCAPITAL,15.6571
2026-09-09,15:29,ABDL,12.4732
2026-09-09,15:29,ABSLAMC,2.5678
2026-09-09,15:29,ACE,26.6648
2026-09-09,15:29,ACMESOLAR,34.4268
2026-09-09,15:29,ACUTAAS,21.1254
2026-09-09,15:29,ADANIENSOL,1.7806
2026-09-09,15:29,ADANIENT,24.9024
2026-09-09,15:29,ADANIGREEN,1.8827
2026-09-09,15:29,ADANIPORTS,1.8593
2026-09-09,15:29,ADFFOODS,7.351
2026-09-09,15:29,ADOR,53.1559
2026-09-09,15:29,ADVAIT,2.5796
2026-09-09,15:29,ADVANCE,3.0783
2026-09-09,15:29,AEGISLOG,86.9989
2026-09-09,15:29,AEGISVOPAK,53.4753
2026-09-09,15:29,AEQUS,17.6276
2026-09-09,15:29,AEROENTER,53.6931
2026-09-09,15:29,AEROFLEX,85.5962
2026-09-09,15:29,AETHER,28.6661
2026-09-09,15:29,AFFLE,11.7817
2026-09-09,15:29,AFSL,-1.1739
2026-09-09,15:29,AGARIND,6.3488
2026-09-09,15:29,AGARWALEYE,13.5123
2026-09-09,15:29,AGI,25.8536
2026-09-09,15:29,AHLWEST,35.861
2026-09-09,15:29,AIAENG,5.4066
2026-09-09,15:29,AIIL,10.7532
2026-09-09,15:29,AJANTPHARM,21.8464
2026-09-09,15:29,AJAXENGG,8.9017
2026-09-09,15:29,AKCAPIT,4.4262
2026-09-09,15:29,AKUMS,32.5405
2026-09-09,15:29,ALEMBICLTD,16.7959
2026-09-09,15:29,ALGOQUANT,11.9516
2026-09-09,15:29,ALICON,3.5807
2026-09-09,15:29,ALIVUS,30.9484
2026-09-09,15:29,ALKYLAMINE,23.0711
2026-09-09,15:29,AMAGI,35.8032
2026-09-09,15:29,AMANTA,46.7603
2026-09-09,15:29,AMBIKCO,3.2827
2026-09-09,15:29,AMNPLST,-1.2114
2026-09-09,15:29,ANANDRATHI,20.9228
2026-09-09,15:29,ANANTRAJ,20.2312
2026-09-09,15:29,ANDHRAPAP,0.4723
2026-09-09,15:29,ANTELOPUS,62.507
2026-09-09,15:29,ANTHEM,23.3905
2026-09-09,15:29,ANUHPHR,21.0612
2026-09-09,15:29,APARINDS,40.2347
2026-09-09,15:29,APCOTEXIND,54.558
2026-09-09,15:29,APLAPOLLO,15.7501
2026-09-09,15:29,APLLTD,6.745
2026-09-09,15:29,APOLLO,42.9127
2026-09-09,15:29,APOLLOHOSP,15.8901
2026-09-09,15:29,APOLLOPIPE,28.9862
2026-09-09,15:29,APOLLOTYRE,3.1261
2026-09-09,15:29,APTUS,-1.1936
2026-09-09,15:29,ARIES,31.3741
2026-09-09,15:29,ARIHANTCAP,5.187
2026-09-09,15:29,ARMANFIN,35.4455
2026-09-09,15:29,ARROWGREEN,52.0833
2026-09-09,15:29,ARTEMISMED,41.8391
2026-09-09,15:29,ARVIND,43.3631
2026-09-09,15:29,ARVINDFASN,1.931
2026-09-09,15:29,ASAHIINDIA,14.9374
2026-09-09,15:29,ASHIANA,0.2585
2026-09-09,15:29,ASHOKLEY,3.8751
2026-09-09,15:29,ASIANENE,62.7907
2026-09-09,15:29,ASIANHOTNR,37.0954
2026-09-09,15:29,ASIANPAINT,1.6707
2026-09-09,15:29,ASKAUTOLTD,36.0482
2026-09-09,15:29,ASTEC,6.792
2026-09-09,15:29,ASTERDM,4.7661
2026-09-09,15:29,ASTRAMICRO,53.6058
2026-09-09,15:29,ATHERENERG,69.1649
2026-09-09,15:29,ATLANTAELE,10.9131
2026-09-09,15:29,AUBANK,4.4828
2026-09-09,15:29,AUROPHARMA,23.4666
2026-09-09,15:29,AURUM,21.52
2026-09-09,15:29,AVADHSUGAR,67.8334
2026-09-09,15:29,AVALON,101.193
2026-09-09,15:29,AVANTEL,7.5039
2026-09-09,15:29,AVL,14.9313
2026-09-09,15:29,AVTNPL,34.1364
2026-09-09,15:29,AYE,33.7647
2026-09-09,15:29,AYMSYNTEX,28.5142
2026-09-09,15:29,AZAD,29.759
2026-09-09,15:29,BAFNAPH,123.5233
2026-09-09,15:29,BAJAJ-AUTO,16.364
2026-09-09,15:29,BAJAJCON,12.8313
2026-09-09,15:29,BAJAJFINSV,8.8455
2026-09-09,15:29,BAJAJHCARE,1.7844
2026-09-09,15:29,BAJAJHIND,5.1206
2026-09-09,15:29,BAJAJHLDNG,6.7656
2026-09-09,15:29,BAJEL,-0.2603
2026-09-09,15:29,BAJFINANCE,9.377
2026-09-09,15:29,BALAMINES,62.0955
2026-09-09,15:29,BALKRISIND,0.1633
2026-09-09,15:29,BALRAMCHIN,33.381
2026-09-09,15:29,BANARISUG,1.3717
2026-09-09,15:29,BANCOINDIA,1.8358
2026-09-09,15:29,BANKINDIA,1.7308
2026-09-09,15:29,BANSALWIRE,7.3924
2026-09-09,15:29,BASF,2.647
2026-09-09,15:29,BBOX,15.3939
2026-09-09,15:29,BECTORFOOD,22.1673
2026-09-09,15:29,BELRISE,5.9331
2026-09-09,15:29,BEML,14.2282
2026-09-09,15:29,BEPL,38.1179
2026-09-09,15:29,BERGEPAINT,0.1063
2026-09-09,15:29,BETA,60.1885
2026-09-09,15:29,BFINVEST,6.7157
2026-09-09,15:29,BHAGCHEM,0.229
2026-09-09,15:29,BHAGERIA,91.2311
2026-09-09,15:29,BHAGYANGR,46.2085
2026-09-09,15:29,BHARATCOAL,2.3009
2026-09-09,15:29,BHARATFORG,7.2489
2026-09-09,15:29,BHARATSE,15.8301
2026-09-09,15:29,BHARTIARTL,-0.6787
2026-09-09,15:29,BHARTIHEXA,3.1311
2026-09-09,15:29,BHEL,15.0245
2026-09-09,15:29,BIL,45.5859
2026-09-09,15:29,BIOCON,9.5397
2026-09-09,15:29,BIRLACABLE,133.3573
2026-09-09,15:29,BIRLANU,0.867
2026-09-09,15:29,BLACKBUCK,2.3828
2026-09-09,15:29,BLACKROSE,32.7251
2026-09-09,15:29,BLISSGVS,152.7727
2026-09-09,15:29,BLSE,59.447
2026-09-09,15:29,BLUEJET,20.8994
2026-09-09,15:29,BLUESTONE,73.9234
2026-09-09,15:29,BLUSPRING,101.2334
2026-09-09,15:29,BODALCHEM,164.0441
2026-09-09,15:29,BOROLTD,2.4175
2026-09-09,15:29,BOROSCI,9.1198
2026-09-09,15:29,BOSCH-HCIL,24.314
2026-09-09,15:29,BOSCHLTD,36.9596
2026-09-09,15:29,BPCL,0.6132
2026-09-09,15:29,BRIGADE,11.667
2026-09-09,15:29,BUILDPRO,19.4042
2026-09-09,15:29,BUTTERFLY,-0.0811
2026-09-09,15:29,CANHLIFE,4.4946
2026-09-09,15:29,CANTABIL,-1.5461
2026-09-09,15:29,CAPITALSFB,1.2686
2026-09-09,15:29,CAPLIPOINT,56.8335
2026-09-09,15:29,CARBORUNIV,11.6429
2026-09-09,15:29,CARERATING,1.8424
2026-09-09,15:29,CARTRADE,83.2718
2026-09-09,15:29,CARYSIL,31.2976
2026-09-09,15:29,CASTROLIND,1.8139
2026-09-09,15:29,CDSL,10.5225
2026-09-09,15:29,CEATLTD,-0.3601
2026-09-09,15:29,CEIGALL,10.0424
2026-09-09,15:29,CEMPRO,32.6886
2026-09-09,15:29,CENTENKA,33.3801
2026-09-09,15:29,CENTUM,51.1289
2026-09-09,15:29,CERA,7.5087
2026-09-09,15:29,CGCL,39.7998
2026-09-09,15:29,CGPOWER,15.5366
2026-09-09,15:29,CHALET,17.927
2026-09-09,15:29,CHEMBONDCH,60.4525
2026-09-09,15:29,CHEMCON,36.2651
2026-09-09,15:29,CHENNPETRO,44.4104
2026-09-09,15:29,CHOICEIN,11.837
2026-09-09,15:29,CHOLAFIN,11.5584
2026-09-09,15:29,CIPLA,2.1049
2026-09-09,15:29,CLEAN,0.7443
2026-09-09,15:29,CLEANMAX,20.8683
2026-09-09,15:29,CLSEL,9.1364
2026-09-09,15:29,CMPDI,17.9524
2026-09-09,15:29,COCKERILL,60.0315
2026-09-09,15:29,COFFEEDAY,27.9923
2026-09-09,15:29,COFORGE,60.2119
2026-09-09,15:29,COMSYN,96.5346
2026-09-09,15:29,CONCOR,-1.2298
2026-09-09,15:29,CONCORDBIO,22.5318
2026-09-09,15:29,CONFIPET,63.3808
2026-09-09,15:29,CONSOFINVT,34.4662
2026-09-09,15:29,CORONA,26.9617
2026-09-09,15:29,COSMOFIRST,26.3059
2026-09-09,15:29,CPPLUS,56.3611
2026-09-09,15:29,CRAFTSMAN,53.744
2026-09-09,15:29,CREDITACC,5.7487
2026-09-09,15:29,CRISIL,10.8784
2026-09-09,15:29,CSLFINANCE,6.9796
2026-09-09,15:29,CUB,13.6529
2026-09-09,15:29,CUPID,120.7229
2026-09-09,15:29,CYIENT,23.3196
2026-09-09,15:29,CYIENTDLM,135.9995
2026-09-09,15:29,DALMIASUG,8.6711
2026-09-09,15:29,DATAMATICS,5.9408
2026-09-09,15:29,DATAPATTNS,19.3003
2026-09-09,15:29,DCBBANK,22.859
2026-09-09,15:29,DCMSIL,1.4097
2026-09-09,15:29,DCW,0.0416
2026-09-09,15:29,DDEVPLSTIK,5.6285
2026-09-09,15:29,DECNGOLD,81.4542
2026-09-09,15:29,DEEDEV,54.1053
2026-09-09,15:29,DEEPAKFERT,5.3293
2026-09-09,15:29,DEEPINDS,63.9334
2026-09-09,15:29,DEN,-1.413
2026-09-09,15:29,DENTA,-0.649
2026-09-09,15:29,DEVYANI,12.6468
2026-09-09,15:29,DHAMPURSUG,9.5003
2026-09-09,15:29,DHANBANK,-0.4865
2026-09-09,15:29,DHARMAJ,0.9905
2026-09-09,15:29,DHUNINV,9.855
2026-09-09,15:29,DIACABS,101.6624
2026-09-09,15:29,DIAMONDYD,14.0884
2026-09-09,15:29,DICIND,16.003
2026-09-09,15:29,DIFFNKG,42.5498
2026-09-09,15:29,DISAQ,-1.3643
2026-09-09,15:29,DIVGIITTS,62.1667
2026-09-09,15:29,DIVISLAB,43.3341
2026-09-09,15:29,DIXON,21.3622
2026-09-09,15:29,DLF,7.8887
2026-09-09,15:29,DMCC,0.9963
2026-09-09,15:29,DODLA,0.1827
2026-09-09,15:29,DOLPHIN,66.8087
2026-09-09,15:29,DPABHUSHAN,34.822
2026-09-09,15:29,DRAGARWQ,3.0068
2026-09-09,15:29,DREDGECORP,10.0418
2026-09-09,15:29,DVL,16.1166
2026-09-09,15:29,DWARKESH,-1.3722
2026-09-09,15:29,DYCL,16.3947
2026-09-09,15:29,DYNAMATECH,1.2542
2026-09-09,15:29,E2E,113.5062
2026-09-09,15:29,EBGNG,49.1009
2026-09-09,15:29,ECLERX,35.4611
2026-09-09,15:29,EDELWEISS,14.419
2026-09-09,15:29,EFCIL,2.0571
2026-09-09,15:29,EICHERMOT,5.5328
2026-09-09,15:29,EIFFL,9.7932
2026-09-09,15:29,EIMCOELECO,40.7858
2026-09-09,15:29,ELANTAS,41.7656
2026-09-09,15:29,ELECTHERM,19.8014
2026-09-09,15:29,ELGIEQUIP,11.6352
2026-09-09,15:29,ELPROINTL,45.4704
2026-09-09,15:29,EMAMIPAP,44.3221
2026-09-09,15:29,EMBDL,23.898
2026-09-09,15:29,EMCURE,6.7589
2026-09-09,15:29,EMIL,51.8288
2026-09-09,15:29,EMKAY,10.8042
2026-09-09,15:29,EMMVEE,23.0223
2026-09-09,15:29,EMSLIMITED,12.1349
2026-09-09,15:29,EMUDHRA,2.7728
2026-09-09,15:29,ENDURANCE,16.4708
2026-09-09,15:29,ENGINERSIN,4.3561
2026-09-09,15:29,ENTERO,48.2325
2026-09-09,15:29,EPACKPEB,21.4527
2026-09-09,15:29,EPL,9.6493
2026-09-09,15:29,EQUITASBNK,2.5388
2026-09-09,15:29,ERIS,-1.3741
2026-09-09,15:29,ESAFSFB,53.8027
2026-09-09,15:29,ESTER,0.7639
2026-09-09,15:29,ETERNAL,27.2727
2026-09-09,15:29,ETHOSLTD,14.8357
2026-09-09,15:29,EVEREADY,8.2404
2026-09-09,15:29,EVERESTIND,8.2665
2026-09-09,15:29,EXCELINDUS,2.9767
2026-09-09,15:29,EXICOM,58.9604
2026-09-09,15:29,EXIDEIND,14.3991
2026-09-09,15:29,EXPLEOSOL,6.881
2026-09-09,15:29,FAIRCHEMOR,7.3493
2026-09-09,15:29,FAZE3Q,6.5143
2026-09-09,15:29,FCL,153.7125
2026-09-09,15:29,FEDDERSHOL,44.5604
2026-09-09,15:29,FEDERALBNK,19.3152
2026-09-09,15:29,FEDFINA,7.3021
2026-09-09,15:29,FILATEX,69.8516
2026-09-09,15:29,FINCABLES,33.1693
2026-09-09,15:29,FINEORG,11.9799
2026-09-09,15:29,FINOPB,8.3438
2026-09-09,15:29,FIVESTAR,10.6831
2026-09-09,15:29,FLUOROCHEM,26.7676
2026-09-09,15:29,FOSECOIND,29.2242
2026-09-09,15:29,FSL,18.197
2026-09-09,15:29,FUSION,3.521
2026-09-09,15:29,GABRIEL,32.2835
2026-09-09,15:29,GAEL,7.3761
2026-09-09,15:29,GAIL,6.3351
2026-09-09,15:29,GALAPREC,33.7118
2026-09-09,15:29,GALAXYSURF,22.8544
2026-09-09,15:29,GANDHAR,91.7003
2026-09-09,15:29,GANDHITUBE,3.2747
2026-09-09,15:29,GANESHBE,25.9605
2026-09-09,15:29,GANESHHOU,15.1948
2026-09-09,15:29,GARFIBRES,28.3542
2026-09-09,15:29,GARUDA,4.0368
2026-09-09,15:29,GAUDIUMIVF,0.7956
2026-09-09,15:29,GAYAPROJ,25.6778
2026-09-09,15:29,GCSL,64.7236
2026-09-09,15:29,GEECEE,22.666
2026-09-09,15:29,GEMAROMA,2.7875
2026-09-09,15:29,GENESYS,8.7669
2026-09-09,15:29,GENUSPOWER,3.4429
2026-09-09,15:29,GEOJITFSL,23.0911
2026-09-09,15:29,GFLLIMITED,18.934
2026-09-09,15:29,GHCLTEXTIL,48.1436
2026-09-09,15:29,GIPCL,27.7661
2026-09-09,15:29,GKSL,40.0318
2026-09-09,15:29,GLAND,66.6869
2026-09-09,15:29,GLAXO,22.9925
2026-09-09,15:29,GLENMARK,1.7254
2026-09-09,15:29,GLOBAL,24.0422
2026-09-09,15:29,GLOTTIS,-0.973
2026-09-09,15:29,GMMPFAUDLR,43.5531
2026-09-09,15:29,GMRAIRPORT,-0.2528
2026-09-09,15:29,GNA,28.1591
2026-09-09,15:29,GNFC,20.6636
2026-09-09,15:29,GNRL,9.4679
2026-09-09,15:29,GOCLCORP,30.6005
2026-09-09,15:29,GOCOLORS,17.9975
2026-09-09,15:29,GODREJAGRO,14.6876
2026-09-09,15:29,GODREJIND,17.2564
2026-09-09,15:29,GOKEX,13.447
2026-09-09,15:29,GPPL,-0.239
2026-09-09,15:29,GPTHEALTH,14.9735
2026-09-09,15:29,GRANDOAK,12.2253
2026-09-09,15:29,GRANULES,25.789
2026-09-09,15:29,GRAPHITE,19.1746
2026-09-09,15:29,GRASIM,15.5462
2026-09-09,15:29,GRAUWEIL,4.2611
2026-09-09,15:29,GRAVITA,1.514
2026-09-09,15:29,GREAVESCOT,14.7441
2026-09-09,15:29,GREENLAM,1.347
2026-09-09,15:29,GREENPLY,10.4363
2026-09-09,15:29,GRINDWELL,18.8611
2026-09-09,15:29,GRPLTD,9.8591
2026-09-09,15:29,GRWRHITECH,58.0752
2026-09-09,15:29,GSPCROP,15.1107
2026-09-09,15:29,GUFICBIO,46.7408
2026-09-09,15:29,GUJTHEM,15.6997
2026-09-09,15:29,GULFOILLUB,10.5476
2026-09-09,15:29,GVPIL,3.8925
2026-09-09,15:29,GVT&D,4.1546
2026-09-09,15:29,HAL,9.6721
2026-09-09,15:29,HALDYNGL,30.8142
2026-09-09,15:29,HAPPYFORGE,67.7345
2026-09-09,15:29,HARIOMPIPE,13.0441
2026-09-09,15:29,HARSHA,16.4206
2026-09-09,15:29,HATSUN,27.32
2026-09-09,15:29,HAWKINCOOK,14.7861
2026-09-09,15:29,HCC,4.8322
2026-09-09,15:29,HCG,17.6116
2026-09-09,15:29,HCLTECH,2.4407
2026-09-09,15:29,HDBFS,1.4655
2026-09-09,15:29,HEALTHX,10.3334
2026-09-09,15:29,HEIDELBERG,-0.05
2026-09-09,15:29,HERITGFOOD,5
2026-09-09,15:29,HEROMOTOCO,2.9902
2026-09-09,15:29,HESTERBIO,39.529
2026-09-09,15:29,HFCL,94.7239
2026-09-09,15:29,HIKAL,23.6083
2026-09-09,15:29,HINDALCO,-1.5153
2026-09-09,15:29,HINDCOPPER,-0.949
2026-09-09,15:29,HINDOILEXP,21.0097
2026-09-09,15:29,HINDZINC,-0.0248
2026-09-09,15:29,HIRECT,35.2879
2026-09-09,15:29,HITECHCORP,139.8313
2026-09-09,15:29,HLEGLAS,13.9693
2026-09-09,15:29,HMT,5.1262
2026-09-09,15:29,HMVL,19.9225
2026-09-09,15:29,HNDFDS,22.1704
2026-09-09,15:29,HOMEFIRST,1.9417
2026-09-09,15:29,HONASA,38.2798
2026-09-09,15:29,HONAUT,9.5864
2026-09-09,15:29,HSCL,9.3704
2026-09-09,15:29,HTMEDIA,10.6774
2026-09-09,15:29,HUHTAMAKI,49.4782
2026-09-09,15:29,HYUNDAI,18.3193
2026-09-09,15:29,IBULLSLTD,15.4378
2026-09-09,15:29,ICICIBANK,9.3091
2026-09-09,15:29,ICIL,50.8294
2026-09-09,15:29,IDBI,8.9355
2026-09-09,15:29,IDEAFORGE,2.2503
2026-09-09,15:29,IDFCFIRSTB,23.581
2026-09-09,15:29,IFBIND,4.0322
2026-09-09,15:29,IFCI,51.9645
2026-09-09,15:29,IFGLEXPOR,10.936
2026-09-09,15:29,IGARASHI,7.3522
2026-09-09,15:29,IGPL,22.0324
2026-09-09,15:29,IIFL,31.9272
2026-09-09,15:29,IIFLCAPS,7.6764
2026-09-09,15:29,IKIO,29.2396
2026-09-09,15:29,IKS,6.7552
2026-09-09,15:29,IMAGICAA,19.7552
2026-09-09,15:29,IMPAL,11.7525
2026-09-09,15:29,INDGN,9.9372
2026-09-09,15:29,INDHOTEL,12.2806
2026-09-09,15:29,INDIANB,3.1673
2026-09-09,15:29,INDIANHUME,10.5271
2026-09-09,15:29,INDIGO,16.7183
2026-09-09,15:29,INDIGOPNTS,29.6767
2026-09-09,15:29,INDIQUBE,18.3002
2026-09-09,15:29,INDNIPPON,65.2989
2026-09-09,15:29,INDOAMIN,7.185
2026-09-09,15:29,INDOBORAX,89.2407
2026-09-09,15:29,INDOCO,9.1192
2026-09-09,15:29,INDOFARM,6.3902
2026-09-09,15:29,INDORAMA,126.063
2026-09-09,15:29,INDOSTAR,13.3923
2026-09-09,15:29,INDOTECH,34.0381
2026-09-09,15:29,INDSWFTLAB,185.7195
2026-09-09,15:29,INDUSINDBK,9.8588
2026-09-09,15:29,INGERRAND,7.9983
2026-09-09,15:29,INNOVACAP,40.7745
2026-09-09,15:29,INOXINDIA,45.2449
2026-09-09,15:29,INVPRECQ,121.0535
2026-09-09,15:29,IOLCP,120.3285
2026-09-09,15:29,IONEXCHANG,6.2675
2026-09-09,15:29,IPCALAB,28.3399
2026-09-09,15:29,IRIS,7.1215
2026-09-09,15:29,IRISDOREME,70.657
2026-09-09,15:29,ITDC,7.6509
2026-09-09,15:29,IXIGO,-1.2612
2026-09-09,15:29,IZMO,29.6617
2026-09-09,15:29,J&KBANK,10.7642
2026-09-09,15:29,JAGSNPHARM,10.5792
2026-09-09,15:29,JAMNAAUTO,2.971
2026-09-09,15:29,JARO,4.4105
2026-09-09,15:29,JASH,23.4531
2026-09-09,15:29,JAYAGROGN,29.9575
2026-09-09,15:29,JAYBARMARU,25.554
2026-09-09,15:29,JGCHEM,50.4006
2026-09-09,15:29,JINDALSAW,34.9818
2026-09-09,15:29,JINDRILL,26.74
2026-09-09,15:29,JINDWORLD,111.4416
2026-09-09,15:29,JITFINFRA,1.99
2026-09-09,15:29,JKPAPER,10.6495
2026-09-09,15:29,JNKINDIA,13.7858
2026-09-09,15:29,JSFB,19.5455
2026-09-09,15:29,JSL,0.6295
2026-09-09,15:29,JSWCEMENT,-1.6941
2026-09-09,15:29,JSWDULUX,7.8865
2026-09-09,15:29,JSWINFRA,24.5304
2026-09-09,15:29,JSWSTEEL,3.4265
2026-09-09,15:29,JTLIND,11.1252
2026-09-09,15:29,JUBLCPL,29.5436
2026-09-09,15:29,JUBLFOOD,-0.0945
2026-09-09,15:29,JUBLPHARMA,9.4052
2026-09-09,15:29,JUNIPER,2.1589
2026-09-09,15:29,JUSTDIAL,28.8726
2026-09-09,15:29,JYOTICNC,33.0235
2026-09-09,15:29,KABRAEXTRU,169.7551
2026-09-09,15:29,KAJARIACER,12.1956
2026-09-09,15:29,KALYANKJIL,47.0119
2026-09-09,15:29,KAMATHOTEL,34.9502
2026-09-09,15:29,KAMDHENU,65.3233
2026-09-09,15:29,KANORICHEM,76.4146
2026-09-09,15:29,KANPRPLA,21.2384
2026-09-09,15:29,KAPSTON,66.0927
2026-09-09,15:29,KARURVYSYA,14.5259
2026-09-09,15:29,KAYA,36.9059
2026-09-09,15:29,KDDL,61.9891
2026-09-09,15:29,KENNAMET,74.4405
2026-09-09,15:29,KERNEX,26.5074
2026-09-09,15:29,KFINTECH,5.0987
2026-09-09,15:29,KICL,4.4101
2026-09-09,15:29,KILITCH,22.5691
2026-09-09,15:29,KIMS,11.4681
2026-09-09,15:29,KINGFA,30.1439
2026-09-09,15:29,KIRANVYPAR,5.7994
2026-09-09,15:29,KIRIINDUS,30.1548
2026-09-09,15:29,KIRLFER,7.106
2026-09-09,15:29,KIRLOSBROS,8.0851
2026-09-09,15:29,KIRLOSENG,28.7944
2026-09-09,15:29,KIRLOSIND,10.7957
2026-09-09,15:29,KKCL,10.3934
2026-09-09,15:29,KMEW,45.5653
2026-09-09,15:29,KNAGRI,8.3529
2026-09-09,15:29,KOLTEPATIL,11.903
2026-09-09,15:29,KOPRAN,43.2842
2026-09-09,15:29,KOTAKBANK,11.3951
2026-09-09,15:29,KOTHARIPET,12.7774
2026-09-09,15:29,KOVAI,9.4899
2026-09-09,15:29,KPIL,9.0424
2026-09-09,15:29,KPL,115.9112
2026-09-09,15:29,KPRMILL,19.3094
2026-09-09,15:29,KRBL,17.0078
2026-09-09,15:29,KRISHANA,48.8545
2026-09-09,15:29,KRISHNADEF,3.1793
2026-09-09,15:29,KRN,30.6158
2026-09-09,15:29,KRONOX,24.3066
2026-09-09,15:29,KROSS,17.3325
2026-09-09,15:29,KRYSTAL,5.104
2026-09-09,15:29,KSHINTL,79.2516
2026-09-09,15:29,KSL,2.7714
2026-09-09,15:29,KTKBANK,20.7179
2026-09-09,15:29,KWIL,49.0511
2026-09-09,15:29,LALPATHLAB,22.0097
2026-09-09,15:29,LANDMARK,20.7914
2026-09-09,15:29,LAURUSLABS,66.0665
2026-09-09,15:29,LAXMIINDIA,13.9639
2026-09-09,15:29,LENSKART,34.5811
2026-09-09,15:29,LGBBROSLTD,3.161
2026-09-09,15:29,LGEINDIA,4.344
2026-09-09,15:29,LICHSGFIN,-0.3591
2026-09-09,15:29,LICI,1.6209
2026-09-09,15:29,LIKHITHA,7.5829
2026-09-09,15:29,LINCOLN,-0.7009
2026-09-09,15:29,LLOYDSENGG,39.1818
2026-09-09,15:29,LLOYDSENT,3.3001
2026-09-09,15:29,LLOYDSME,0.5619
2026-09-09,15:29,LMW,24.6509
2026-09-09,15:29,LODHA,26.2451
2026-09-09,15:29,LOKESHMACH,49.9622
2026-09-09,15:29,LOTUSDEV,38.9891
2026-09-09,15:29,LTF,8.6644
2026-09-09,15:29,LTFOODS,5.2809
2026-09-09,15:29,LTM,4.9801
2026-09-09,15:29,LUMAXIND,23.013
2026-09-09,15:29,LUMAXTECH,26.9272
2026-09-09,15:29,LXCHEM,22.7301
2026-09-09,15:29,M&M,1.4003
2026-09-09,15:29,M&MFIN,19.7334
2026-09-09,15:29,MACPOWER,52.3958
2026-09-09,15:29,MAGADSUGAR,6.7908
2026-09-09,15:29,MAHABANK,6.633
2026-09-09,15:29,MAHASTEEL,57.8377
2026-09-09,15:29,MAHLIFE,10.198
2026-09-09,15:29,MAHSCOOTER,7.319
2026-09-09,15:29,MAHSEAMLES,5.4996
2026-09-09,15:29,MAITHANALL,8.4756
2026-09-09,15:29,MAMATA,1.5865
2026-09-09,15:29,MANAKCOAT,13.8919
2026-09-09,15:29,MANAKSTEEL,61.3492
2026-09-09,15:29,MANALIPETC,57.8233
2026-09-09,15:29,MANAPPURAM,4.8665
2026-09-09,15:29,MANBA,15.7286
2026-09-09,15:29,MANGLMCEM,13.9507
2026-09-09,15:29,MANINDS,48.0987
2026-09-09,15:29,MANINFRA,4.1087
2026-09-09,15:29,MANKIND,0.3189
2026-09-09,15:29,MANORAMA,36.7991
2026-09-09,15:29,MANYAVAR,35.0877
2026-09-09,15:29,MAPMYINDIA,1.709
2026-09-09,15:29,MARICO,3.741
2026-09-09,15:29,MARINE,80.7392
2026-09-09,15:29,MARKSANS,74.4149
2026-09-09,15:29,MASTERTR,14.1263
2026-09-09,15:29,MATRIMONY,21.4387
2026-09-09,15:29,MAWANASUG,24.3241
2026-09-09,15:29,MAXESTATES,34.7563
2026-09-09,15:29,MAXHEALTH,2.5654
2026-09-09,15:29,MAYURUNIQ,29.8659
2026-09-09,15:29,MAZDA,29.4734
2026-09-09,15:29,MBAPL,47.7298
2026-09-09,15:29,MCCHRLS-B,-0.2335
2026-09-09,15:29,MCX,15.0057
2026-09-09,15:29,MEDANTA,26.3679
2026-09-09,15:29,MEESHO,-0.1567
2026-09-09,15:29,MENONBE,140.7787
2026-09-09,15:29,METROPOLIS,22.2786
2026-09-09,15:29,MIDHANI,17.5665
2026-09-09,15:29,MINDACORP,35.8403
2026-09-09,15:29,MMFL,25.1928
2026-09-09,15:29,MMP,72.1011
2026-09-09,15:29,MODISONLTD,193.9977
2026-09-09,15:29,MOL,22.1688
2026-09-09,15:29,MOLDTECH,62.457
2026-09-09,15:29,MOLDTKPAC,23.8582
2026-09-09,15:29,MONARCH,23.5676
2026-09-09,15:29,MOREPENLAB,177.4762
2026-09-09,15:29,MOSCHIP,4.0916
2026-09-09,15:29,MOTHERSON,36.1784
2026-09-09,15:29,MOTILALOFS,22.5197
2026-09-09,15:29,MPHASIS,1.3573
2026-09-09,15:29,MPSLTD,70.656
2026-09-09,15:29,MRF,-0.7119
2026-09-09,15:29,MRPL,15.6707
2026-09-09,15:29,MSTCLTD,72.561
2026-09-09,15:29,MTARTECH,22.4153
2026-09-09,15:29,MUFIN,17.9512
2026-09-09,15:29,MUKANDLTD,0.316
2026-09-09,15:29,MUKKA,24.3648
2026-09-09,15:29,MUNJALAU,32.5649
2026-09-09,15:29,MUNJALSHOW,-1.2404
2026-09-09,15:29,MVGJL,21.9961
2026-09-09,15:29,NACLIND,2.559
2026-09-09,15:29,NAHARINDUS,15.0382
2026-09-09,15:29,NAHARSPING,8.8176
2026-09-09,15:29,NAM-INDIA,14.2745
2026-09-09,15:29,NAUKRI,29.7292
2026-09-09,15:29,NAVINFLUOR,29.1179
2026-09-09,15:29,NAZARA,40.0673
2026-09-09,15:29,NCLIND,3.5436
2026-09-09,15:29,NELCO,37.9047
2026-09-09,15:29,NEOGEN,33.6969
2026-09-09,15:29,NEPHROPLUS,33.9512
2026-09-09,15:29,NETWEB,24.7168
2026-09-09,15:29,NEULANDLAB,43.8539
2026-09-09,15:29,NEWGEN,3.3139
2026-09-09,15:29,NGLFINE,22.0973
2026-09-09,15:29,NH,5.3729
2026-09-09,15:29,NIACL,27.1799
2026-09-09,15:29,NIBE,25.7709
2026-09-09,15:29,NIITLTD,35.2363
2026-09-09,15:29,NILKAMAL,58.1347
2026-09-09,15:29,NINSYS,36.1981
2026-09-09,15:29,NIRLON,8.415
2026-09-09,15:29,NITCO,1.5028
2026-09-09,15:29,NITINSPIN,32.6105
2026-09-09,15:29,NITTAGELA,47.7444
2026-09-09,15:29,NIVABUPA,0.353
2026-09-09,15:29,NOCIL,-1.0251
2026-09-09,15:29,NORTHARC,17.5338
2026-09-09,15:29,NOVARTIND,113.0371
2026-09-09,15:29,NPST,32.3645
2026-09-09,15:29,NRAIL,27.5592
2026-09-09,15:29,NRBBEARING,65.319
2026-09-09,15:29,NRL,135.6259
2026-09-09,15:29,NSLNISP,5.1354
2026-09-09,15:29,NUVAMA,34.0029
2026-09-09,15:29,NUVOCO,15.2522
2026-09-09,15:29,NYKAA,29.5073
2026-09-09,15:29,OAL,79.0555
2026-09-09,15:29,OBEROIRLTY,6.2762
2026-09-09,15:29,OCCLLTD,61.1823
2026-09-09,15:29,OFSS,19.5272
2026-09-09,15:29,OIL,5.02
2026-09-09,15:29,OLAELEC,2.4719
2026-09-09,15:29,OMAXE,41.9747
2026-09-09,15:29,OMNI,39.966
2026-09-09,15:29,ONEPOINT,0.0172
2026-09-09,15:29,ONIDA,2.1772
2026-09-09,15:29,ONWARDTEC,12.8064
2026-09-09,15:29,OPTIEMUS,26.0789
2026-09-09,15:29,ORBTEXP,38.1068
2026-09-09,15:29,ORCHPHARMA,62.8814
2026-09-09,15:29,ORIENTBELL,23.8685
2026-09-09,15:29,ORIENTCER,12.5387
2026-09-09,15:29,ORIENTHOT,41.2798
2026-09-09,15:29,ORISSAMINE,-1.5338
2026-09-09,15:29,PAISALO,61.1615
2026-09-09,15:29,PANACEABIO,5.5198
2026-09-09,15:29,PANACHE,51.2968
2026-09-09,15:29,PANAMAPET,76.7689
2026-09-09,15:29,PARACABLES,65.1342
2026-09-09,15:29,PARADEEP,25.0059
2026-09-09,15:29,PARAGMILK,13.8036
2026-09-09,15:29,PARAS,87.8954
2026-09-09,15:29,PARKHOSPS,17.4179
2026-09-09,15:29,PASUPTAC,31.8129
2026-09-09,15:29,PATELRMART,2.8964
2026-09-09,15:29,PAUSHAKLTD,57.0967
2026-09-09,15:29,PAYTM,56.9726
2026-09-09,15:29,PCBL,8.2229
2026-09-09,15:29,PDMJEPAPER,14.1475
2026-09-09,15:29,PDSL,23.5746
2026-09-09,15:29,PENIND,6.3482
2026-09-09,15:29,PERSISTENT,13.1764
2026-09-09,15:29,PETRONET,3.3249
2026-09-09,15:29,PFOCUS,3.9435
2026-09-09,15:29,PGEL,1.4967
2026-09-09,15:29,PGHL,6.29
2026-09-09,15:29,PGIL,47.0846
2026-09-09,15:29,PHOENIXLTD,5.4772
2026-09-09,15:29,PIDILITIND,15.1986
2026-09-09,15:29,PITTIENG,16.8212
2026-09-09,15:29,PIXTRANS,13.329
2026-09-09,15:29,PNB,6.3765
2026-09-09,15:29,PNBGILTS,11.5698
2026-09-09,15:29,PNBHOUSING,9.5759
2026-09-09,15:29,PNGSREVA,24.8079
2026-09-09,15:29,POLICYBZR,7.7328
2026-09-09,15:29,POLYCAB,0.1138
2026-09-09,15:29,POLYMED,12.842
2026-09-09,15:29,POLYPLEX,21.1928
2026-09-09,15:29,POONAWALLA,2.631
2026-09-09,15:29,POWERICA,11.7443
2026-09-09,15:29,POWERMECH,-1.7149
2026-09-09,15:29,PPL,33.8064
2026-09-09,15:29,PPLPHARMA,35.995
2026-09-09,15:29,PRABHA,55.5808
2026-09-09,15:29,PRADPME,30.0933
2026-09-09,15:29,PRECOT,14.6591
2026-09-09,15:29,PRECWIRE,9.6763
2026-09-09,15:29,PREMEXPLN,20
2026-09-09,15:29,PREMIERPOL,64.612
2026-09-09,15:29,PRESTIGE,5.9131
2026-09-09,15:29,PRICOLLTD,29.3893
2026-09-09,15:29,PRIMESECU,-0.6033
2026-09-09,15:29,PRINCEPIPE,7.2588
2026-09-09,15:29,PRIVISCL,5.207
2026-09-09,15:29,PRUDENT,15.6621
2026-09-09,15:29,PSPPROJECT,7.7578
2026-09-09,15:29,PTCIL,38.8432
2026-09-09,15:29,PURVA,-1.6509
2026-09-09,15:29,PVP,98.6457
2026-09-09,15:29,PVRINOX,10.3956
2026-09-09,15:29,PWL,14.5873
2026-09-09,15:29,QPOWER,11.56
2026-09-09,15:29,QUADFUTURE,41.068
2026-09-09,15:29,QUESS,67.7456
2026-09-09,15:29,RACLGEAR,29.2745
2026-09-09,15:29,RADHIKAJWE,34.6415
2026-09-09,15:29,RADICO,30.2372
2026-09-09,15:29,RAIN,74.3457
2026-09-09,15:29,RAINBOW,15.1027
2026-09-09,15:29,RAJOOENG,-1.4109
2026-09-09,15:29,RAJRATAN,16.3521
2026-09-09,15:29,RAJRILTD,1.5647
2026-09-09,15:29,RAMCOIND,20.0489
2026-09-09,15:29,RAMCOSYS,46.8077
2026-09-09,15:29,RAMRAT,16.0286
2026-09-09,15:29,RANEHOLDIN,47.9688
2026-09-09,15:29,RATEGAIN,39.0629
2026-09-09,15:29,RATNAMANI,5.5055
2026-09-09,15:29,RATNAVEER,70.8345
2026-09-09,15:29,RAYMOND,73.8415
2026-09-09,15:29,RAYMONDREL,24.097
2026-09-09,15:29,RBA,51.1733
2026-09-09,15:29,RBLBANK,25.9842
2026-09-09,15:29,RBZJEWEL,24.1863
2026-09-09,15:29,REDINGTON,70.4771
2026-09-09,15:29,REFEX,4.8158
2026-09-09,15:29,REGAAL,2.693
2026-09-09,15:29,RELAXO,8.3209
2026-09-09,15:29,RELIGARE,15.6289
2026-09-09,15:29,RELTD,9.8309
2026-09-09,15:29,RESPONIND,7.5737
2026-09-09,15:29,RGL,47.2047
2026-09-09,15:29,RHETAN,9.2402
2026-09-09,15:29,RICOAUTO,13.2216
2026-09-09,15:29,RISHABH,62.2551
2026-09-09,15:29,RITCO,41.8201
2026-09-09,15:29,RKFORGE,18.5264
2026-09-09,15:29,RMDRIP,12.6356
2026-09-09,15:29,RML,65.5202
2026-09-09,15:29,ROLEXRINGS,19.6604
2026-09-09,15:29,ROSSTECH,23.1317
2026-09-09,15:29,ROTO,12.545
2026-09-09,15:29,RPEL,132.7344
2026-09-09,15:29,RPGLIFE,16.3426
2026-09-09,15:29,RPSGVENT,-1.735
2026-09-09,15:29,RPTECH,66.7401
2026-09-09,15:29,RRKABEL,36.3114
2026-09-09,15:29,RSL,37.4575
2026-09-09,15:29,RSWM,27.4086
2026-09-09,15:29,RUBICON,85.3976
2026-09-09,15:29,RUBYMILLS,100.156
2026-09-09,15:29,SAFARI,8.126
2026-09-09,15:29,SAGILITY,8.6539
2026-09-09,15:29,SAIL,0.1343
2026-09-09,15:29,SAILIFE,54.8858
2026-09-09,15:29,SAIPARENT,9.2051
2026-09-09,15:29,SAKAR,76.6054
2026-09-09,15:29,SAKSOFT,8.4211
2026-09-09,15:29,SALSTEEL,41.4612
2026-09-09,15:29,SAMBHV,6.9706
2026-09-09,15:29,SAMMAANCAP,2.2057
2026-09-09,15:29,SANATHAN,6.9108
2026-09-09,15:29,SANDHAR,23.177
2026-09-09,15:29,SANGAMIND,10.6399
2026-09-09,15:29,SANGHVIMOV,37.6145
2026-09-09,15:29,SANSERA,66.1137
2026-09-09,15:29,SANSTAR,19.5328
2026-09-09,15:29,SAPPHIRE,17.464
2026-09-09,15:29,SAREGAMA,45.0449
2026-09-09,15:29,SARLAPOLY,7.2176
2026-09-09,15:29,SASKEN,38.1154
2026-09-09,15:29,SATIN,13.9645
2026-09-09,15:29,SBC,45.8358
2026-09-09,15:29,SBCL,81.8255
2026-09-09,15:29,SBFC,6.5818
2026-09-09,15:29,SBICARD,3.6601
2026-09-09,15:29,SCPL,61.1588
2026-09-09,15:29,SEAMECLTD,12.4532
2026-09-09,15:29,SEDEMAC,47.2238
2026-09-09,15:29,SENCO,6.1139
2026-09-09,15:29,SENORES,66.4635
2026-09-09,15:29,SETL,203.9433
2026-09-09,15:29,SFL,31.5966
2026-09-09,15:29,SGFIN,19.9611
2026-09-09,15:29,SGIL,8.9829
2026-09-09,15:29,SGMART,38.4257
2026-09-09,15:29,SHADOWFAX,45.9786
2026-09-09,15:29,SHAILY,33.9667
2026-09-09,15:29,SHALPAINTS,58.4357
2026-09-09,15:29,SHANTIGEAR,46.1991
2026-09-09,15:29,SHANTIGOLD,29.995
2026-09-09,15:29,SHARDAMOTR,2.8155
2026-09-09,15:29,SHAREINDIA,32.9078
2026-09-09,15:29,SHILPAMED,129.4244
2026-09-09,15:29,SHINDL,7.539
2026-09-09,15:29,SHIVALIK,44.1303
2026-09-09,15:29,SHIVAUM,34.0115
2026-09-09,15:29,SHK,-0.234
2026-09-09,15:29,SHOPERSTOP,26.3912
2026-09-09,15:29,SHREEJISPG,67.473
2026-09-09,15:29,SHREEPUSHK,29.576
2026-09-09,15:29,SHRINGARMS,6.1547
2026-09-09,15:29,SHRIPISTON,26.0622
2026-09-09,15:29,SHRIRAMFIN,7.1373
2026-09-09,15:29,SHYAMMETL,18.5885
2026-09-09,15:29,SICALLOG,46.2904
2026-09-09,15:29,SIEMENS,2.9994
2026-09-09,15:29,SIGACHI,75.2111
2026-09-09,15:29,SIGMAADV,155.533
2026-09-09,15:29,SIGNPOST,-1.5455
2026-09-09,15:29,SILVERTUC,0.1315
2026-09-09,15:29,SIMPLEXINF,11.0754
2026-09-09,15:29,SINDHUTRAD,6.431
2026-09-09,15:29,SIRCA,-0.2317
2026-09-09,15:29,SIS,6.5044
2026-09-09,15:29,SJS,22.633
2026-09-09,15:29,SKFINDUS,35.6693
2026-09-09,15:29,SKIPPER,21.0414
2026-09-09,15:29,SKMEGGPROD,50.5189
2026-09-09,15:29,SKYGOLD,82.2602
2026-09-09,15:29,SMARTWORKS,19.836
2026-09-09,15:29,SMCGLOBAL,25.4747
2026-09-09,15:29,SMLMAH,77.5004
2026-09-09,15:29,SMSPHARMA,0.2831
2026-09-09,15:29,SOFTTECH,9.7949
2026-09-09,15:29,SOLARA,33.0571
2026-09-09,15:29,SOLARINDS,44.6083
2026-09-09,15:29,SOMANYCERA,17.0685
2026-09-09,15:29,SONACOMS,38.9347
2026-09-09,15:29,SONATSOFTW,2.3123
2026-09-09,15:29,SOTL,80.855
2026-09-09,15:29,SOUTHBANK,13.0297
2026-09-09,15:29,SPAL,25.6749
2026-09-09,15:29,SPARC,43.5791
2026-09-09,15:29,SPECIALITY,30.4596
2026-09-09,15:29,SPECTRUM,135.7554
2026-09-09,15:29,SPIC,0.2717
2026-09-09,15:29,SPLPETRO,9.665
2026-09-09,15:29,SPORTKING,44.6374
2026-09-09,15:29,SREEL,88.9224
2026-09-09,15:29,SRF,-1.2307
2026-09-09,15:29,SRHHYPOLTD,4.09
2026-09-09,15:29,SSWL,72.5588
2026-09-09,15:29,STALLION,39.8785
2026-09-09,15:29,STAR,15.9186
2026-09-09,15:29,STARHEALTH,10.0115
2026-09-09,15:29,STEELCAS,15.9586
2026-09-09,15:29,STEL,27.8717
2026-09-09,15:29,STLNETWORK,14.1678
2026-09-09,15:29,STLTECH,179.9095
2026-09-09,15:29,STOVEKRAFT,50.4122
2026-09-09,15:29,STYL,60.7667
2026-09-09,15:29,STYLAMIND,51.036
2026-09-09,15:29,SUDARCOLOR,7.5456
2026-09-09,15:29,SUDARSCHEM,33.86
2026-09-09,15:29,SUDEEPPHRM,85.1294
2026-09-09,15:29,SUMICHEM,7.294
2026-09-09,15:29,SUNDARMFIN,3.7365
2026-09-09,15:29,SUNDRMFAST,38.4109
2026-09-09,15:29,SUNDROP,2.6031
2026-09-09,15:29,SUNFLAG,3.1761
2026-09-09,15:29,SUNPHARMA,2.2704
2026-09-09,15:29,SUPRAJIT,15.9007
2026-09-09,15:29,SUPREMEINF,6.3401
2026-09-09,15:29,SUPRIYA,31.8576
2026-09-09,15:29,SURAKSHA,17.9996
2026-09-09,15:29,SURYODAY,-1.5908
2026-09-09,15:29,SUTLEJTEX,3.5242
2026-09-09,15:29,SUVEN,68.2987
2026-09-09,15:29,SVLL,32.2791
2026-09-09,15:29,SWANDEF,43.0429
2026-09-09,15:29,SWIGGY,1.4168
2026-09-09,15:29,SYNCOMF,46.0479
2026-09-09,15:29,SYRMA,59.2853
2026-09-09,15:29,SYSTMTXC,2.7107
2026-09-09,15:29,TAALTECH,66.3127
2026-09-09,15:29,TAJGVK,0.9268
2026-09-09,15:29,TALBROAUTO,26.9092
2026-09-09,15:29,TARSONS,43.7357
2026-09-09,15:29,TASTYBITE,39.5256
2026-09-09,15:29,TATACAP,10.5864
2026-09-09,15:29,TATACOMM,12.946
2026-09-09,15:29,TATATECH,33.2628
2026-09-09,15:29,TATVA,29.1616
2026-09-09,15:29,TBOTEK,33.8232
2026-09-09,15:29,TBZ,261.9649
2026-09-09,15:29,TCIEXP,1.5418
2026-09-09,15:29,TCPLPACK,40.0081
2026-09-09,15:29,TEAMLEASE,0.8023
2026-09-09,15:29,TECHM,2.4735
2026-09-09,15:29,TEGA,1.1512
2026-09-09,15:29,TEJASNET,37.0375
2026-09-09,15:29,TEXINFRA,18.3546
2026-09-09,15:29,TEXRAIL,6.6889
2026-09-09,15:29,TFCILTD,83.7505
2026-09-09,15:29,THANGAMAYL,28.2803
2026-09-09,15:29,THEJO,17.6011
2026-09-09,15:29,THELEELA,23.4065
2026-09-09,15:29,THEMISMED,33.6724
2026-09-09,15:29,THOMASCOOK,16.1823
2026-09-09,15:29,THYROCARE,34.8359
2026-09-09,15:29,TI,12.241
2026-09-09,15:29,TIIL,26.7472
2026-09-09,15:29,TIL,22.2719
2026-09-09,15:29,TIMEX,77.8713
2026-09-09,15:29,TINNARUBR,35.178
2026-09-09,15:29,TIPSMUSIC,0.8211
2026-09-09,15:29,TIRUPATIFL,57.6564
2026-09-09,15:29,TITAGARH,13.893
2026-09-09,15:29,TITAN,14.7146
2026-09-09,15:29,TMB,25.4933
2026-09-09,15:29,TMCV,7.7622
2026-09-09,15:29,TNPETRO,57.6716
2026-09-09,15:29,TNPL,-1.4403
2026-09-09,15:29,TORNTPHARM,15.9509
2026-09-09,15:29,TPLPLASTEH,0.8748
2026-09-09,15:29,TRANSPEK,13.9383
2026-09-09,15:29,TRAVELFOOD,-0.1077
2026-09-09,15:29,TRENT,1.7195
2026-09-09,15:29,TRITURBINE,-0.8684
2026-09-09,15:29,TSFINV,2.1004
2026-09-09,15:29,TTKHLTCARE,27.4832
2026-09-09,15:29,TTKPRESTIG,0.9322
2026-09-09,15:29,TVSMOTOR,18.7555
2026-09-09,15:29,TVSSCS,6.5567
2026-09-09,15:29,TVSSRICHAK,34.2179
2026-09-09,15:29,UDS,33.0212
2026-09-09,15:29,UEL,29.9153
2026-09-09,15:29,UFBL,93.4863
2026-09-09,15:29,UFLEX,52.227
2026-09-09,15:29,UGARSUGAR,16.875
2026-09-09,15:29,UJJIVANSFB,4.481
2026-09-09,15:29,ULTRAMAR,6.0136
2026-09-09,15:29,UNICHEMLAB,40.961
2026-09-09,15:29,UNIMECH,53.8104
2026-09-09,15:29,UNIONBANK,12.2855
2026-09-09,15:29,UNIPARTS,65.427
2026-09-09,15:29,UNITDSPR,6.3176
2026-09-09,15:29,UNITEDPOLY,31.5257
2026-09-09,15:29,UNIVASTU,133.9923
2026-09-09,15:29,UNIVCABLES,59.4216
2026-09-09,15:29,UNIVPHOTO,14.1173
2026-09-09,15:29,UNOMINDA,10.7407
2026-09-09,15:29,URBANCO,12.1796
2026-09-09,15:29,USHAMART,7.5024
2026-09-09,15:29,UTLSOLAR,51.1297
2026-09-09,15:29,UTTAMSUGAR,7.5829
2026-09-09,15:29,V2RETAIL,8.0203
2026-09-09,15:29,VADILALIND,60.7012
2026-09-09,15:29,VALIANTLAB,56.661
2026-09-09,15:29,VALIANTORG,35.0996
2026-09-09,15:29,VARROC,52.8266
2026-09-09,15:29,VEEDOL,-0.8076
2026-09-09,15:29,VELJAN,80.471
2026-09-09,15:29,VENKEYS,7.4363
2026-09-09,15:29,VENUSPIPES,39.7509
2026-09-09,15:29,VENUSREM,67.7032
2026-09-09,15:29,VERANDA,17.5651
2026-09-09,15:29,VIDHIING,17.655
2026-09-09,15:29,VIJAYA,29.9099
2026-09-09,15:29,VIMTALABS,31.8535
2026-09-09,15:29,VINATIORGA,-0.0524
2026-09-09,15:29,VINCOFE,30.1905
2026-09-09,15:29,VINDHYATEL,98.3946
2026-09-09,15:29,VIPIND,3.0231
2026-09-09,15:29,VISAKAIND,37.2575
2026-09-09,15:29,VISHNU,14.8538
2026-09-09,15:29,VIYASH,27.8933
2026-09-09,15:29,VLSFINANCE,6.4342
2026-09-09,15:29,VMART,29.1804
2026-09-09,15:29,VRLLOG,13.1006
2026-09-09,15:29,VSSL,28.2709
2026-09-09,15:29,WABAG,41.0818
2026-09-09,15:29,WAKEFIT,6.689
2026-09-09,15:29,WELCORP,110.5497
2026-09-09,15:29,WELENT,48.4357
2026-09-09,15:29,WELINV,58.5763
2026-09-09,15:29,WELSPLSOL,32.9675
2026-09-09,15:29,WELSPUNLIV,62.4035
2026-09-09,15:29,WENDT,18.0762
2026-09-09,15:29,WESTLIFE,16.6874
2026-09-09,15:29,WEWORK,21.6224
2026-09-09,15:29,WHEELS,91.1458
2026-09-09,15:29,WINDLAS,33.0984
2026-09-09,15:29,WINDMACHIN,0.3662
2026-09-09,15:29,WOCKPHARMA,57.8105
2026-09-09,15:29,WPIL,4.7508
2026-09-09,15:29,WSTCSTPAPR,34.5189
2026-09-09,15:29,XPROINDIA,24.9904
2026-09-09,15:29,YASHO,167.1377
2026-09-09,15:29,YATHARTH,20.4234
2026-09-09,15:29,YATRA,11.6529
2026-09-09,15:29,YESBANK,12.3247
2026-09-09,15:29,YUKEN,41.9153
2026-09-09,15:29,ZENTEC,15.3489
2026-09-09,15:29,ZIMLAB,41.6206
2026-09-09,15:29,ZSARACOM,10.7119
2026-09-09,15:29,ZUARIIND,2.7611
2026-09-09,15:29,ZYDUSLIFE,24.9404
2026-09-09,15:29,ZYDUSWELL,8.7733
2026-09-10,15:29,20MICRONS,17.5423
2026-09-10,15:29,360ONE,2.2602
2026-09-10,15:29,3BBLACKBIO,12.4942
2026-09-10,15:29,3MINDIA,1.1565
2026-09-10,15:29,5PAISA,-0.24
2026-09-10,15:29,63MOONS,20.7973
2026-09-10,15:29,AARTIDRUGS,11.6647
2026-09-10,15:29,AARTIIND,3.2889
2026-09-10,15:29,AARTIPHARM,7.5966
2026-09-10,15:29,ABB,0.0136
2026-09-10,15:29,ABBOTINDIA,-0.1778
2026-09-10,15:29,ABCAPITAL,10.8494
2026-09-10,15:29,ABDL,13.431
2026-09-10,15:29,ABSLAMC,2.245
2026-09-10,15:29,ACE,27.113
2026-09-10,15:29,ACMESOLAR,34.4332
2026-09-10,15:29,ACUTAAS,29.913
2026-09-10,15:29,ADANIENSOL,-1.2557
2026-09-10,15:29,ADANIENT,24.9878
2026-09-10,15:29,ADANIGREEN,-2.426
2026-09-10,15:29,ADANIPORTS,2.4928
2026-09-10,15:29,ADFFOODS,4.3801
2026-09-10,15:29,ADOR,51.1686
2026-09-10,15:29,ADVAIT,1.3396
2026-09-10,15:29,ADVANCE,8.8523
2026-09-10,15:29,AEGISLOG,84.5459
2026-09-10,15:29,AEGISVOPAK,49.7358
2026-09-10,15:29,AEQUS,18.9961
2026-09-10,15:29,AEROENTER,42.898
2026-09-10,15:29,AEROFLEX,77.3935
2026-09-10,15:29,AETHER,34.2857
2026-09-10,15:29,AFFLE,12.6024
2026-09-10,15:29,AFSL,0.0945
2026-09-10,15:29,AGARIND,5.0993
2026-09-10,15:29,AGARWALEYE,11.3216
2026-09-10,15:29,AGI,25.2899
2026-09-10,15:29,AHLWEST,31.9122
2026-09-10,15:29,AIAENG,6.1887
2026-09-10,15:29,AIIL,13.103
2026-09-10,15:29,AJANTPHARM,21.4798
2026-09-10,15:29,AJAXENGG,10.5174
2026-09-10,15:29,AJMERA,-2.0459
2026-09-10,15:29,AKCAPIT,7.4336
2026-09-10,15:29,AKUMS,35.6096
2026-09-10,15:29,ALEMBICLTD,16.866
2026-09-10,15:29,ALGOQUANT,11.6271
2026-09-10,15:29,ALICON,2.3494
2026-09-10,15:29,ALIVUS,29.1287
2026-09-10,15:29,ALKYLAMINE,24.4766
2026-09-10,15:29,AMAGI,29.8491
2026-09-10,15:29,AMANTA,46.3234
2026-09-10,15:29,AMBIKCO,1.709
2026-09-10,15:29,ANANDRATHI,21.9276
2026-09-10,15:29,ANANTRAJ,16.9853
2026-09-10,15:29,ANDHRAPAP,8.6527
2026-09-10,15:29,ANTELOPUS,62.3835
2026-09-10,15:29,ANTHEM,23.6858
2026-09-10,15:29,ANUHPHR,6.9536
2026-09-10,15:29,APARINDS,35.5479
2026-09-10,15:29,APCOTEXIND,45.6519
2026-09-10,15:29,APLAPOLLO,17.3313
2026-09-10,15:29,APLLTD,6.1225
2026-09-10,15:29,APOLLO,34.1341
2026-09-10,15:29,APOLLOHOSP,14.5136
2026-09-10,15:29,APOLLOPIPE,26.1578
2026-09-10,15:29,APOLLOTYRE,4.2101
2026-09-10,15:29,ARIES,27.0607
2026-09-10,15:29,ARIHANTCAP,6.3856
2026-09-10,15:29,ARKADE,-0.1786
2026-09-10,15:29,ARMANFIN,21.3286
2026-09-10,15:29,ARROWGREEN,46.3536
2026-09-10,15:29,ARTEMISMED,38.1709
2026-09-10,15:29,ARVIND,44.5826
2026-09-10,15:29,ARVINDFASN,3.9193
2026-09-10,15:29,ASAHIINDIA,16.0071
2026-09-10,15:29,ASHIANA,0.6946
2026-09-10,15:29,ASHOKLEY,3.663
2026-09-10,15:29,ASIANENE,66.8072
2026-09-10,15:29,ASIANHOTNR,31.0528
2026-09-10,15:29,ASIANPAINT,2.8025
2026-09-10,15:29,ASKAUTOLTD,35.6582
2026-09-10,15:29,ASTEC,6.2412
2026-09-10,15:29,ASTERDM,3.1906
2026-09-10,15:29,ASTRAMICRO,53.6817
2026-09-10,15:29,ATHERENERG,76.8288
2026-09-10,15:29,ATLANTAELE,13.7331
2026-09-10,15:29,AUBANK,4.7264
2026-09-10,15:29,AUROPHARMA,16.8266
2026-09-10,15:29,AURUM,21.0347
2026-09-10,15:29,AVADHSUGAR,55.8509
2026-09-10,15:29,AVALON,90.3907
2026-09-10,15:29,AVANTEL,5.1425
2026-09-10,15:29,AVL,8.5815
2026-09-10,15:29,AVTNPL,34.2421
2026-09-10,15:29,AXISBANK,-1.0876
2026-09-10,15:29,AYE,33.3283
2026-09-10,15:29,AYMSYNTEX,27.3794
2026-09-10,15:29,AZAD,28.7724
2026-09-10,15:29,BAFNAPH,129.2272
2026-09-10,15:29,BAJAJ-AUTO,17.1412
2026-09-10,15:29,BAJAJCON,7.3044
2026-09-10,15:29,BAJAJFINSV,8.1299
2026-09-10,15:29,BAJAJHCARE,2.6012
2026-09-10,15:29,BAJAJHIND,4.8506
2026-09-10,15:29,BAJAJHLDNG,4.9957
2026-09-10,15:29,BAJEL,-1.9725
2026-09-10,15:29,BAJFINANCE,8.8567
2026-09-10,15:29,BALAMINES,60.2326
2026-09-10,15:29,BALKRISIND,0.9669
2026-09-10,15:29,BALRAMCHIN,32.7966
2026-09-10,15:29,BANARISUG,-0.7656
2026-09-10,15:29,BANCOINDIA,1.0304
2026-09-10,15:29,BANKINDIA,1.7463
2026-09-10,15:29,BANSALWIRE,4.008
2026-09-10,15:29,BASF,1.8642
2026-09-10,15:29,BBOX,6.1115
2026-09-10,15:29,BECTORFOOD,22.9167
2026-09-10,15:29,BEEKAY,1.6655
2026-09-10,15:29,BELRISE,7.0993
2026-09-10,15:29,BEML,8.6072
2026-09-10,15:29,BEPL,36.6153
2026-09-10,15:29,BERGEPAINT,-1.445
2026-09-10,15:29,BETA,58.0152
2026-09-10,15:29,BFINVEST,3.4475
2026-09-10,15:29,BHAGCHEM,-0.2318
2026-09-10,15:29,BHAGERIA,83.519
2026-09-10,15:29,BHAGYANGR,56.3676
2026-09-10,15:29,BHARATCOAL,1.5805
2026-09-10,15:29,BHARATFORG,4.7305
2026-09-10,15:29,BHARATSE,11.8335
2026-09-10,15:29,BHARTIARTL,1.8216
2026-09-10,15:29,BHARTIHEXA,3.8316
2026-09-10,15:29,BHEL,14.5486
2026-09-10,15:29,BIL,43.7188
2026-09-10,15:29,BIOCON,6.3544
2026-09-10,15:29,BIRLACABLE,141.3049
2026-09-10,15:29,BIRLANU,4.4485
2026-09-10,15:29,BLACKBUCK,5.4346
2026-09-10,15:29,BLACKROSE,31.4712
2026-09-10,15:29,BLISSGVS,159.6664
2026-09-10,15:29,BLSE,59.5364
2026-09-10,15:29,BLUEJET,17.2526
2026-09-10,15:29,BLUESTONE,73.9878
2026-09-10,15:29,BLUSPRING,105.2105
2026-09-10,15:29,BODALCHEM,146.9303
2026-09-10,15:29,BOROLTD,3.9814
2026-09-10,15:29,BOROSCI,6.9392
2026-09-10,15:29,BOSCH-HCIL,18.1418
2026-09-10,15:29,BOSCHLTD,35.9771
2026-09-10,15:29,BPCL,1.5075
2026-09-10,15:29,BRIGADE,9.6471
2026-09-10,15:29,BUILDPRO,14.0373
2026-09-10,15:29,BUTTERFLY,-0.0655
2026-09-10,15:29,CANHLIFE,5.6075
2026-09-10,15:29,CANTABIL,0.0542
2026-09-10,15:29,CAPITALSFB,-1.216
2026-09-10,15:29,CAPLIPOINT,60.5168
2026-09-10,15:29,CARBORUNIV,11.89
2026-09-10,15:29,CARERATING,1.2439
2026-09-10,15:29,CARTRADE,84.413
2026-09-10,15:29,CARYSIL,30.9663
2026-09-10,15:29,CASTROLIND,1.7861
2026-09-10,15:29,CDSL,7.9939
2026-09-10,15:29,CEATLTD,1.0951
2026-09-10,15:29,CEIGALL,8.6091
2026-09-10,15:29,CEMPRO,37.1569
2026-09-10,15:29,CENTENKA,31.1441
2026-09-10,15:29,CENTUM,50.4897
2026-09-10,15:29,CERA,4.6119
2026-09-10,15:29,CGCL,39.7229
2026-09-10,15:29,CGPOWER,10.5998
2026-09-10,15:29,CHALET,16.7634
2026-09-10,15:29,CHEMBONDCH,38.6345
2026-09-10,15:29,CHEMCON,31.9965
2026-09-10,15:29,CHENNPETRO,50.2309
2026-09-10,15:29,CHEVIOT,-1.1244
2026-09-10,15:29,CHOICEIN,17.091
2026-09-10,15:29,CHOLAFIN,12.1636
2026-09-10,15:29,CIPLA,2.9692
2026-09-10,15:29,CLEAN,2.8175
2026-09-10,15:29,CLEANMAX,22.1834
2026-09-10,15:29,CLSEL,8.4992
2026-09-10,15:29,CMPDI,10.5904
2026-09-10,15:29,COCKERILL,54.212
2026-09-10,15:29,COFFEEDAY,24.3296
2026-09-10,15:29,COFORGE,56.8361
2026-09-10,15:29,COHANCE,-1.9487
2026-09-10,15:29,COMSYN,95.3227
2026-09-10,15:29,CONCORDBIO,22.6199
2026-09-10,15:29,CONFIPET,58.2703
2026-09-10,15:29,CONSOFINVT,34.835
2026-09-10,15:29,CORONA,24.9886
2026-09-10,15:29,COSMOFIRST,26.512
2026-09-10,15:29,CPPLUS,55.6165
2026-09-10,15:29,CRAFTSMAN,53.084
2026-09-10,15:29,CRISIL,13.8802
2026-09-10,15:29,CSLFINANCE,5.4372
2026-09-10,15:29,CUB,12.332
2026-09-10,15:29,CUMMINSIND,-1.9962
2026-09-10,15:29,CUPID,112.0205
2026-09-10,15:29,CYIENT,23.7384
2026-09-10,15:29,CYIENTDLM,124.347
2026-09-10,15:29,DALMIASUG,7.1517
2026-09-10,15:29,DATAMATICS,6.4807
2026-09-10,15:29,DATAPATTNS,13.2065
2026-09-10,15:29,DCBBANK,25.785
2026-09-10,15:29,DCMSIL,0.486
2026-09-10,15:29,DDEVPLSTIK,4.0862
2026-09-10,15:29,DECNGOLD,81.8387
2026-09-10,15:29,DEEDEV,48.0403
2026-09-10,15:29,DEEPAKFERT,5.3312
2026-09-10,15:29,DEEPINDS,63.2364
2026-09-10,15:29,DEN,-1.7792
2026-09-10,15:29,DENTA,1.9688
2026-09-10,15:29,DEVYANI,14.9235
2026-09-10,15:29,DHAMPURSUG,3.0418
2026-09-10,15:29,DHANBANK,0.163
2026-09-10,15:29,DHARMAJ,3.7464
2026-09-10,15:29,DHUNINV,6.7449
2026-09-10,15:29,DIACABS,110.0765
2026-09-10,15:29,DIAMONDYD,13.5297
2026-09-10,15:29,DICIND,14.2844
2026-09-10,15:29,DIFFNKG,46.8878
2026-09-10,15:29,DISAQ,-2.236
2026-09-10,15:29,DIVGIITTS,63.8182
2026-09-10,15:29,DIVISLAB,41.911
2026-09-10,15:29,DIXON,19.968
2026-09-10,15:29,DLF,9.8024
2026-09-10,15:29,DLINKINDIA,-1.3306
2026-09-10,15:29,DMCC,5.3591
2026-09-10,15:29,DODLA,1.5274
2026-09-10,15:29,DOLPHIN,51.0916
2026-09-10,15:29,DPABHUSHAN,31.7902
2026-09-10,15:29,DRAGARWQ,5.3802
2026-09-10,15:29,DREDGECORP,8.7179
2026-09-10,15:29,DVL,10.0135
2026-09-10,15:29,DYCL,12.8024
2026-09-10,15:29,E2E,103.8146
2026-09-10,15:29,EBGNG,50.5552
2026-09-10,15:29,ECLERX,31.1292
2026-09-10,15:29,EDELWEISS,19.1842
2026-09-10,15:29,EFCIL,0.1385
2026-09-10,15:29,EICHERMOT,5.4167
2026-09-10,15:29,EIEL,0.0662
2026-09-10,15:29,EIFFL,11.9367
2026-09-10,15:29,EIMCOELECO,47.338
2026-09-10,15:29,ELANTAS,41.6024
2026-09-10,15:29,ELECTHERM,19.269
2026-09-10,15:29,ELGIEQUIP,14.5279
2026-09-10,15:29,ELPROINTL,42.3212
2026-09-10,15:29,EMAMIPAP,46.9913
2026-09-10,15:29,EMBDL,18.5429
2026-09-10,15:29,EMCURE,16.1214
2026-09-10,15:29,EMIL,57.5394
2026-09-10,15:29,EMKAY,11.8592
2026-09-10,15:29,EMMVEE,31.3338
2026-09-10,15:29,EMSLIMITED,6.1856
2026-09-10,15:29,EMUDHRA,0.1811
2026-09-10,15:29,ENDURANCE,15.6785
2026-09-10,15:29,ENGINERSIN,4.514
2026-09-10,15:29,ENTERO,48.5295
2026-09-10,15:29,EPACKPEB,20.8137
2026-09-10,15:29,EPL,11.1539
2026-09-10,15:29,EQUITASBNK,2.9483
2026-09-10,15:29,ERIS,-0.1546
2026-09-10,15:29,ESAFSFB,50.3723
2026-09-10,15:29,ETERNAL,29.6334
2026-09-10,15:29,ETHOSLTD,13.7765
2026-09-10,15:29,EVEREADY,15.3749
2026-09-10,15:29,EVERESTIND,6.4983
2026-09-10,15:29,EXCELINDUS,3.7688
2026-09-10,15:29,EXICOM,47.6688
2026-09-10,15:29,EXIDEIND,16.5305
2026-09-10,15:29,EXPLEOSOL,7.7411
2026-09-10,15:29,FAIRCHEMOR,7.2515
2026-09-10,15:29,FAZE3Q,8.1851
2026-09-10,15:29,FCL,152.7335
2026-09-10,15:29,FEDDERSHOL,42.2026
2026-09-10,15:29,FEDERALBNK,18.2502
2026-09-10,15:29,FEDFINA,7.3804
2026-09-10,15:29,FILATEX,68.4711
2026-09-10,15:29,FINCABLES,34.4519
2026-09-10,15:29,FINEORG,12.697
2026-09-10,15:29,FINOPB,7.3483
2026-09-10,15:29,FIVESTAR,10.1619
2026-09-10,15:29,FLUOROCHEM,27.7982
2026-09-10,15:29,FOSECOIND,30.0004
2026-09-10,15:29,FSL,14.9659
2026-09-10,15:29,GABRIEL,23.7474
2026-09-10,15:29,GAEL,4.3963
2026-09-10,15:29,GAIL,6.5913
2026-09-10,15:29,GALAPREC,26.8406
2026-09-10,15:29,GALAXYSURF,20.4846
2026-09-10,15:29,GANDHAR,97.0654
2026-09-10,15:29,GANDHITUBE,3.9113
2026-09-10,15:29,GANECOS,-0.8791
2026-09-10,15:29,GANESHBE,32.3048
2026-09-10,15:29,GANESHHOU,17.747
2026-09-10,15:29,GARFIBRES,25.6306
2026-09-10,15:29,GAUDIUMIVF,-1.6385
2026-09-10,15:29,GAYAPROJ,26.9191
2026-09-10,15:29,GCSL,64.6271
2026-09-10,15:29,GEECEE,24.1362
2026-09-10,15:29,GEMAROMA,1.5002
2026-09-10,15:29,GENESYS,20.8591
2026-09-10,15:29,GENUSPOWER,3.049
2026-09-10,15:29,GEOJITFSL,23.0757
2026-09-10,15:29,GFLLIMITED,22.4131
2026-09-10,15:29,GHCLTEXTIL,45.6644
2026-09-10,15:29,GIPCL,29.312
2026-09-10,15:29,GKENERGY,-1.036
2026-09-10,15:29,GKSL,42.357
2026-09-10,15:29,GLAND,66.1817
2026-09-10,15:29,GLAXO,20.1887
2026-09-10,15:29,GLENMARK,-0.1199
2026-09-10,15:29,GLOBAL,20.6287
2026-09-10,15:29,GLOTTIS,0.8932
2026-09-10,15:29,GMMPFAUDLR,46.7245
2026-09-10,15:29,GMRAIRPORT,0.5053
2026-09-10,15:29,GNA,32.794
2026-09-10,15:29,GNFC,18.1188
2026-09-10,15:29,GNRL,6.6106
2026-09-10,15:29,GOCLCORP,32.6174
2026-09-10,15:29,GOCOLORS,18.4049
2026-09-10,15:29,GODREJAGRO,17.8722
2026-09-10,15:29,GODREJIND,14.0085
2026-09-10,15:29,GODREJPROP,3.454
2026-09-10,15:29,GOKEX,13.7526
2026-09-10,15:29,GPPL,2.8132
2026-09-10,15:29,GPTHEALTH,12.8454
2026-09-10,15:29,GRANDOAK,18.4709
2026-09-10,15:29,GRANULES,26.3346
2026-09-10,15:29,GRAPHITE,17.051
2026-09-10,15:29,GRASIM,15.5842
2026-09-10,15:29,GRAUWEIL,9.1324
2026-09-10,15:29,GRAVITA,-1.3703
2026-09-10,15:29,GREAVESCOT,14.9439
2026-09-10,15:29,GREENLAM,4.5372
2026-09-10,15:29,GREENPLY,13.4391
2026-09-10,15:29,GRINDWELL,21.3395
2026-09-10,15:29,GRPLTD,5.4791
2026-09-10,15:29,GRWRHITECH,54.2224
2026-09-10,15:29,GSPCROP,8.6731
2026-09-10,15:29,GUFICBIO,46.9576
2026-09-10,15:29,GUJTHEM,12.371
2026-09-10,15:29,GULFOILLUB,11.9049
2026-09-10,15:29,GVPIL,4.1783
2026-09-10,15:29,GVT&D,-0.7404
2026-09-10,15:29,HAL,7.366
2026-09-10,15:29,HALDYNGL,32.4329
2026-09-10,15:29,HAPPYFORGE,66.4853
2026-09-10,15:29,HARIOMPIPE,13.7915
2026-09-10,15:29,HARSHA,16.0052
2026-09-10,15:29,HATSUN,25.0262
2026-09-10,15:29,HAWKINCOOK,14.2081
2026-09-10,15:29,HCG,13.3501
2026-09-10,15:29,HCLTECH,0.5666
2026-09-10,15:29,HDBFS,1.5129
2026-09-10,15:29,HEALTHX,11.5434
2026-09-10,15:29,HERITGFOOD,12.0163
2026-09-10,15:29,HEROMOTOCO,3.347
2026-09-10,15:29,HESTERBIO,39.5762
2026-09-10,15:29,HFCL,81.1913
2026-09-10,15:29,HIKAL,19.1474
2026-09-10,15:29,HINDCOPPER,-0.8928
2026-09-10,15:29,HINDOILEXP,16.335
2026-09-10,15:29,HIRECT,33.8657
2026-09-10,15:29,HITECHCORP,141.9002
2026-09-10,15:29,HLEGLAS,12.3129
2026-09-10,15:29,HMT,2.9976
2026-09-10,15:29,HMVL,20.7976
2026-09-10,15:29,HNDFDS,18.3562
2026-09-10,15:29,HOMEFIRST,1.8957
2026-09-10,15:29,HONASA,39.303
2026-09-10,15:29,HONAUT,11.2922
2026-09-10,15:29,HSCL,7.9795
2026-09-10,15:29,HTMEDIA,10.2948
2026-09-10,15:29,HUHTAMAKI,47.5424
2026-09-10,15:29,HYUNDAI,20.9877
2026-09-10,15:29,IBULLSLTD,13.5949
2026-09-10,15:29,ICICIBANK,10.6449
2026-09-10,15:29,ICIL,51.1436
2026-09-10,15:29,IDBI,9.513
2026-09-10,15:29,IDFCFIRSTB,26.3127
2026-09-10,15:29,IFBIND,4.6314
2026-09-10,15:29,IFCI,45.6801
2026-09-10,15:29,IFGLEXPOR,10.2157
2026-09-10,15:29,IGARASHI,6.759
2026-09-10,15:29,IGPL,25.9816
2026-09-10,15:29,IIFL,37.6019
2026-09-10,15:29,IIFLCAPS,3.1972
2026-09-10,15:29,IKIO,33.6082
2026-09-10,15:29,IKS,5.7571
2026-09-10,15:29,IMAGICAA,13.9919
2026-09-10,15:29,IMPAL,11.7974
2026-09-10,15:29,INDGN,6.0331
2026-09-10,15:29,INDHOTEL,10.4894
2026-09-10,15:29,INDIANB,0.9131
2026-09-10,15:29,INDIANHUME,7.9094
2026-09-10,15:29,INDIGO,16.6714
2026-09-10,15:29,INDIGOPNTS,24.8899
2026-09-10,15:29,INDIQUBE,17.9887
2026-09-10,15:29,INDNIPPON,76.3948
2026-09-10,15:29,INDOAMIN,8.117
2026-09-10,15:29,INDOBORAX,76.5383
2026-09-10,15:29,INDOCO,18.113
2026-09-10,15:29,INDOFARM,4.9043
2026-09-10,15:29,INDORAMA,118.3518
2026-09-10,15:29,INDOSTAR,11.3773
2026-09-10,15:29,INDOTECH,37.6906
2026-09-10,15:29,INDSWFTLAB,163.3599
2026-09-10,15:29,INDUSINDBK,9.0699
2026-09-10,15:29,INGERRAND,7.1532
2026-09-10,15:29,INNOVACAP,34.0222
2026-09-10,15:29,INOXINDIA,51.6581
2026-09-10,15:29,INVPRECQ,139.4961
2026-09-10,15:29,IOLCP,123.4281
2026-09-10,15:29,IONEXCHANG,3.3709
2026-09-10,15:29,IPCALAB,27.8311
2026-09-10,15:29,IRIS,5.7934
2026-09-10,15:29,IRISDOREME,73.2203
2026-09-10,15:29,ITDC,14.2513
2026-09-10,15:29,IXIGO,-1.5744
2026-09-10,15:29,IZMO,29.3205
2026-09-10,15:29,J&KBANK,8.1781
2026-09-10,15:29,JAGSNPHARM,12.5284
2026-09-10,15:29,JAMNAAUTO,6.8471
2026-09-10,15:29,JARO,11.9769
2026-09-10,15:29,JASH,24.6444
2026-09-10,15:29,JAYAGROGN,29.1546
2026-09-10,15:29,JAYBARMARU,26.5396
2026-09-10,15:29,JBMA,-2.3908
2026-09-10,15:29,JGCHEM,44.6281
2026-09-10,15:29,JINDALSAW,36.2778
2026-09-10,15:29,JINDRILL,22.475
2026-09-10,15:29,JINDWORLD,114.5777
2026-09-10,15:29,JITFINFRA,2.017
2026-09-10,15:29,JKPAPER,12.0513
2026-09-10,15:29,JNKINDIA,12.5591
2026-09-10,15:29,JSFB,14.938
2026-09-10,15:29,JSL,-2.2132
2026-09-10,15:29,JSWDULUX,6.8196
2026-09-10,15:29,JSWINFRA,25.6697
2026-09-10,15:29,JSWSTEEL,4.1201
2026-09-10,15:29,JTLIND,13.6623
2026-09-10,15:29,JUBLCPL,24.2387
2026-09-10,15:29,JUBLFOOD,1.8158
2026-09-10,15:29,JUBLPHARMA,9.0769
2026-09-10,15:29,JUNIPER,9.575
2026-09-10,15:29,JUSTDIAL,26.0722
2026-09-10,15:29,JYOTICNC,32.2139
2026-09-10,15:29,KABRAEXTRU,190.7182
2026-09-10,15:29,KAJARIACER,17.084
2026-09-10,15:29,KALYANKJIL,51.3035
2026-09-10,15:29,KAMATHOTEL,33.3017
2026-09-10,15:29,KAMDHENU,65.625
2026-09-10,15:29,KANORICHEM,86.458
2026-09-10,15:29,KANPRPLA,20.2178
2026-09-10,15:29,KANSAINER,-1.5557
2026-09-10,15:29,KAPSTON,71.3637
2026-09-10,15:29,KARURVYSYA,12.2155
2026-09-10,15:29,KAYA,33.012
2026-09-10,15:29,KDDL,64.7781
2026-09-10,15:29,KECL,2.5816
2026-09-10,15:29,KENNAMET,79.2989
2026-09-10,15:29,KERNEX,25.3667
2026-09-10,15:29,KFINTECH,0.29
2026-09-10,15:29,KICL,5.3379
2026-09-10,15:29,KILITCH,21.4666
2026-09-10,15:29,KIMS,14.2519
2026-09-10,15:29,KINGFA,28.2381
2026-09-10,15:29,KIRANVYPAR,9.4896
2026-09-10,15:29,KIRIINDUS,24.5328
2026-09-10,15:29,KIRLFER,6.3548
2026-09-10,15:29,KIRLOSBROS,6.1781
2026-09-10,15:29,KIRLOSENG,27.166
2026-09-10,15:29,KIRLOSIND,10.3065
2026-09-10,15:29,KKCL,7.2926
2026-09-10,15:29,KMEW,31.9455
2026-09-10,15:29,KNRCON,-1.3323
2026-09-10,15:29,KOLTEPATIL,16.2458
2026-09-10,15:29,KOPRAN,45.1826
2026-09-10,15:29,KOTAKBANK,12.1718
2026-09-10,15:29,KOTHARIPET,7.2895
2026-09-10,15:29,KOVAI,12.9927
2026-09-10,15:29,KPIL,13.5967
2026-09-10,15:29,KPL,111.0083
2026-09-10,15:29,KPRMILL,17.9616
2026-09-10,15:29,KRBL,13.6547
2026-09-10,15:29,KRISHANA,44.7389
2026-09-10,15:29,KRISHNADEF,0.0655
2026-09-10,15:29,KRN,31.513
2026-09-10,15:29,KRONOX,22.1047
2026-09-10,15:29,KROSS,22.2492
2026-09-10,15:29,KRYSTAL,3.2832
2026-09-10,15:29,KSHINTL,90.6331
2026-09-10,15:29,KSL,8.1365
2026-09-10,15:29,KTKBANK,23.3494
2026-09-10,15:29,KWIL,39.1756
2026-09-10,15:29,LALPATHLAB,24.7283
2026-09-10,15:29,LANDMARK,20.4828
2026-09-10,15:29,LAURUSLABS,67.0819
2026-09-10,15:29,LAXMIDENTL,-1.7414
2026-09-10,15:29,LAXMIINDIA,12.0084
2026-09-10,15:29,LENSKART,36.8265
2026-09-10,15:29,LGBBROSLTD,1.6172
2026-09-10,15:29,LGEINDIA,6.0548
2026-09-10,15:29,LICHSGFIN,-1.0481
2026-09-10,15:29,LICI,1.4939
2026-09-10,15:29,LIKHITHA,-0.4194
2026-09-10,15:29,LINC,-2.3583
2026-09-10,15:29,LLOYDSENGG,35.2872
2026-09-10,15:29,LLOYDSENT,3.4274
2026-09-10,15:29,LLOYDSME,1.7098
2026-09-10,15:29,LMW,20.7845
2026-09-10,15:29,LODHA,28.156
2026-09-10,15:29,LOKESHMACH,39.1839
2026-09-10,15:29,LOTUSDEV,50.224
2026-09-10,15:29,LT,-2.4541
2026-09-10,15:29,LTF,7.1785
2026-09-10,15:29,LTFOODS,3.7359
2026-09-10,15:29,LTM,1.7493
2026-09-10,15:29,LUMAXIND,16.4861
2026-09-10,15:29,LUMAXTECH,24.3901
2026-09-10,15:29,LXCHEM,18.1566
2026-09-10,15:29,M&MFIN,17.5749
2026-09-10,15:29,MACPOWER,53.6389
2026-09-10,15:29,MAGADSUGAR,2.2208
2026-09-10,15:29,MAHABANK,3.8282
2026-09-10,15:29,MAHASTEEL,54.2721
2026-09-10,15:29,MAHLIFE,9.9007
2026-09-10,15:29,MAHLOG,1.4838
2026-09-10,15:29,MAHSCOOTER,5.171
2026-09-10,15:29,MAHSEAMLES,13.2294
2026-09-10,15:29,MAITHANALL,6.2774
2026-09-10,15:29,MANAKCOAT,12.2372
2026-09-10,15:29,MANAKSTEEL,78.3101
2026-09-10,15:29,MANALIPETC,49.1528
2026-09-10,15:29,MANAPPURAM,7.6648
2026-09-10,15:29,MANBA,14.251
2026-09-10,15:29,MANGLMCEM,12.1096
2026-09-10,15:29,MANINDS,63.8837
2026-09-10,15:29,MANINFRA,2.5261
2026-09-10,15:29,MANORAMA,30.762
2026-09-10,15:29,MANYAVAR,33.9062
2026-09-10,15:29,MAPMYINDIA,-0.0478
2026-09-10,15:29,MARICO,-0.5203
2026-09-10,15:29,MARINE,71.7641
2026-09-10,15:29,MARKSANS,76.7601
2026-09-10,15:29,MASTERTR,13.1879
2026-09-10,15:29,MATRIMONY,18.5237
2026-09-10,15:29,MAWANASUG,13.7469
2026-09-10,15:29,MAXESTATES,38.244
2026-09-10,15:29,MAXHEALTH,3.8133
2026-09-10,15:29,MAYURUNIQ,34.8694
2026-09-10,15:29,MAZDA,24.2029
2026-09-10,15:29,MBAPL,42.9458
2026-09-10,15:29,MCCHRLS-B,-0.8759
2026-09-10,15:29,MCX,13.6951
2026-09-10,15:29,MEDANTA,24.7308
2026-09-10,15:29,MEESHO,6.9602
2026-09-10,15:29,MENONBE,139.4048
2026-09-10,15:29,METROPOLIS,17.6476
2026-09-10,15:29,MIDHANI,16.757
2026-09-10,15:29,MINDACORP,35.0946
2026-09-10,15:29,MMFL,31.7447
2026-09-10,15:29,MMP,56.0061
2026-09-10,15:29,MODIS,1.5897
2026-09-10,15:29,MODISONLTD,214.9973
2026-09-10,15:29,MOL,9.334
2026-09-10,15:29,MOLDTECH,65.9663
2026-09-10,15:29,MOLDTKPAC,22.4783
2026-09-10,15:29,MONARCH,23.4648
2026-09-10,15:29,MONTECARLO,-1.5056
2026-09-10,15:29,MOREPENLAB,174.5415
2026-09-10,15:29,MOSCHIP,2.3117
2026-09-10,15:29,MOTHERSON,35.7285
2026-09-10,15:29,MOTILALOFS,20.3034
2026-09-10,15:29,MPHASIS,3.7062
2026-09-10,15:29,MPSLTD,64.9034
2026-09-10,15:29,MRF,0
2026-09-10,15:29,MRPL,16.4248
2026-09-10,15:29,MSTCLTD,67.644
2026-09-10,15:29,MTARTECH,16.5816
2026-09-10,15:29,MUFIN,17.7567
2026-09-10,15:29,MUKANDLTD,3.8534
2026-09-10,15:29,MUKKA,27.3219
2026-09-10,15:29,MUNJALAU,31.3718
2026-09-10,15:29,MVGJL,18.3829
2026-09-10,15:29,NAHARINDUS,13.5816
2026-09-10,15:29,NAHARSPING,1.2072
2026-09-10,15:29,NAM-INDIA,12.557
2026-09-10,15:29,NAUKRI,31.2309
2026-09-10,15:29,NAVINFLUOR,24.2041
2026-09-10,15:29,NAZARA,40.9784
2026-09-10,15:29,NCLIND,3.1266
2026-09-10,15:29,NELCO,35.8867
2026-09-10,15:29,NEOGEN,39.808
2026-09-10,15:29,NEPHROPLUS,38.9328
2026-09-10,15:29,NETWEB,19.9947
2026-09-10,15:29,NEULANDLAB,46.8773
2026-09-10,15:29,NEWGEN,3.8226
2026-09-10,15:29,NGLFINE,11.709
2026-09-10,15:29,NH,8.2719
2026-09-10,15:29,NIACL,22.0848
2026-09-10,15:29,NIBE,26.7526
2026-09-10,15:29,NIITLTD,33.0646
2026-09-10,15:29,NILKAMAL,60.6154
2026-09-10,15:29,NINSYS,33.7455
2026-09-10,15:29,NIRLON,7.0251
2026-09-10,15:29,NITCO,-0.2618
2026-09-10,15:29,NITINSPIN,28.9202
2026-09-10,15:29,NITTAGELA,47.0382
2026-09-10,15:29,NIVABUPA,1.4433
2026-09-10,15:29,NOCIL,3.8994
2026-09-10,15:29,NORTHARC,13.2833
2026-09-10,15:29,NOVARTIND,134.2466
2026-09-10,15:29,NPST,38.4547
2026-09-10,15:29,NRAIL,19.8148
2026-09-10,15:29,NRBBEARING,77.0894
2026-09-10,15:29,NRL,145.5655
2026-09-10,15:29,NSLNISP,3.0787
2026-09-10,15:29,NUVAMA,30.1088
2026-09-10,15:29,NUVOCO,12.1151
2026-09-10,15:29,NYKAA,26.6482
2026-09-10,15:29,OAL,71.4426
2026-09-10,15:29,OBEROIRLTY,7.5437
2026-09-10,15:29,OCCLLTD,62.6737
2026-09-10,15:29,OFSS,20.7891
2026-09-10,15:29,OIL,4.9948
2026-09-10,15:29,OLAELEC,13.3468
2026-09-10,15:29,OMAXE,45.6687
2026-09-10,15:29,OMNI,34.099
2026-09-10,15:29,ONEPOINT,-0.1556
2026-09-10,15:29,ONIDA,0.5794
2026-09-10,15:29,ONWARDTEC,18.5908
2026-09-10,15:29,OPTIEMUS,28.2839
2026-09-10,15:29,ORBTEXP,43.6799
2026-09-10,15:29,ORCHPHARMA,61.967
2026-09-10,15:29,ORIENTBELL,18.204
2026-09-10,15:29,ORIENTCER,11.4081
2026-09-10,15:29,ORIENTHOT,34.8606
2026-09-10,15:29,PAISALO,71.3431
2026-09-10,15:29,PANACEABIO,4.8422
2026-09-10,15:29,PANACHE,55.2962
2026-09-10,15:29,PANAMAPET,75.5579
2026-09-10,15:29,PARACABLES,52.4838
2026-09-10,15:29,PARADEEP,27.483
2026-09-10,15:29,PARAGMILK,19.4848
2026-09-10,15:29,PARAS,82.9086
2026-09-10,15:29,PARKHOSPS,17.0878
2026-09-10,15:29,PASUPTAC,27.994
2026-09-10,15:29,PATELRMART,0.0661
2026-09-10,15:29,PAUSHAKLTD,45.227
2026-09-10,15:29,PAYTM,59.8346
2026-09-10,15:29,PCBL,9.9869
2026-09-10,15:29,PDMJEPAPER,16.6391
2026-09-10,15:29,PDSL,25.3645
2026-09-10,15:29,PENIND,5.24
2026-09-10,15:29,PERSISTENT,14.3928
2026-09-10,15:29,PETRONET,2.1766
2026-09-10,15:29,PFOCUS,1.0637
2026-09-10,15:29,PGEL,1.8127
2026-09-10,15:29,PGHL,4.8811
2026-09-10,15:29,PGIL,54.8841
2026-09-10,15:29,PHOENIXLTD,5.357
2026-09-10,15:29,PICCADIL,-1.1441
2026-09-10,15:29,PIDILITIND,15.0125
2026-09-10,15:29,PITTIENG,17.1693
2026-09-10,15:29,PIXTRANS,14.9365
2026-09-10,15:29,PNB,8.3048
2026-09-10,15:29,PNBGILTS,12.8493
2026-09-10,15:29,PNBHOUSING,13.1369
2026-09-10,15:29,PNGSREVA,18.5855
2026-09-10,15:29,POLICYBZR,7.111
2026-09-10,15:29,POLYCAB,0.2519
2026-09-10,15:29,POLYMED,9.4501
2026-09-10,15:29,POLYPLEX,21.3523
2026-09-10,15:29,POONAWALLA,2.369
2026-09-10,15:29,POWERICA,18.0504
2026-09-10,15:29,PPL,39.6409
2026-09-10,15:29,PPLPHARMA,32.8727
2026-09-10,15:29,PRABHA,59.6158
2026-09-10,15:29,PRADPME,27.9816
2026-09-10,15:29,PRECOT,15.1107
2026-09-10,15:29,PRECWIRE,7.6326
2026-09-10,15:29,PREMEXPLN,19.3185
2026-09-10,15:29,PREMIERPOL,56.9288
2026-09-10,15:29,PRESTIGE,7.7782
2026-09-10,15:29,PRICOLLTD,26.4165
2026-09-10,15:29,PRIMESECU,-0.8775
2026-09-10,15:29,PRINCEPIPE,6.7506
2026-09-10,15:29,PRIVISCL,3.5672
2026-09-10,15:29,PROZONER,2.8718
2026-09-10,15:29,PRUDENT,14.4335
2026-09-10,15:29,PSPPROJECT,5.6163
2026-09-10,15:29,PTCIL,36.0046
2026-09-10,15:29,PUNJABCHEM,-1.382
2026-09-10,15:29,PURVA,-2.0759
2026-09-10,15:29,PVP,112.8139
2026-09-10,15:29,PVRINOX,14.881
2026-09-10,15:29,PWL,19.7034
2026-09-10,15:29,QPOWER,9.4909
2026-09-10,15:29,QUADFUTURE,41.7005
2026-09-10,15:29,QUESS,58.9454
2026-09-10,15:29,RACLGEAR,27.6688
2026-09-10,15:29,RADHIKAJWE,30.4045
2026-09-10,15:29,RADICO,33.5769
2026-09-10,15:29,RAIN,72.4444
2026-09-10,15:29,RAINBOW,16.0836
2026-09-10,15:29,RAJOOENG,-2.1394
2026-09-10,15:29,RAJRATAN,14.4895
2026-09-10,15:29,RAJRILTD,-0.2824
2026-09-10,15:29,RAMCOIND,19.0796
2026-09-10,15:29,RAMCOSYS,51.0451
2026-09-10,15:29,RAMRAT,20.8624
2026-09-10,15:29,RANEHOLDIN,47.0796
2026-09-10,15:29,RATEGAIN,43.2385
2026-09-10,15:29,RATNAMANI,2.9503
2026-09-10,15:29,RATNAVEER,73.5002
2026-09-10,15:29,RAYMOND,92.7644
2026-09-10,15:29,RAYMONDREL,20.5077
2026-09-10,15:29,RBA,44.0131
2026-09-10,15:29,RBLBANK,23.3819
2026-09-10,15:29,RBZJEWEL,28.4287
2026-09-10,15:29,REDINGTON,79.2902
2026-09-10,15:29,REFEX,5.4698
2026-09-10,15:29,REGAAL,1.8292
2026-09-10,15:29,RELAXO,9.0939
2026-09-10,15:29,RELIGARE,16.2795
2026-09-10,15:29,RELTD,11.4
2026-09-10,15:29,RESPONIND,8.4015
2026-09-10,15:29,RGL,56.6209
2026-09-10,15:29,RHETAN,0.8782
2026-09-10,15:29,RICOAUTO,14.0469
2026-09-10,15:29,RISHABH,64.2422
2026-09-10,15:29,RITCO,37.1127
2026-09-10,15:29,RKFORGE,17.4651
2026-09-10,15:29,RMDRIP,14.4188
2026-09-10,15:29,RML,64.1214
2026-09-10,15:29,ROLEXRINGS,17.5253
2026-09-10,15:29,ROSSTECH,23.349
2026-09-10,15:29,ROTO,11.9388
2026-09-10,15:29,RPEL,134.2784
2026-09-10,15:29,RPGLIFE,19.8303
2026-09-10,15:29,RPTECH,60.5515
2026-09-10,15:29,RRKABEL,36.496
2026-09-10,15:29,RSL,35.6733
2026-09-10,15:29,RSWM,26.4058
2026-09-10,15:29,RUBICON,85.3962
2026-09-10,15:29,RUBYMILLS,85.6138
2026-09-10,15:29,SAFARI,9.7982
2026-09-10,15:29,SAGILITY,7.2964
2026-09-10,15:29,SAIL,-1.9006
2026-09-10,15:29,SAILIFE,47.1606
2026-09-10,15:29,SAIPARENT,6.7627
2026-09-10,15:29,SAKAR,77.4478
2026-09-10,15:29,SAKSOFT,7.6523
2026-09-10,15:29,SALSTEEL,36.5224
2026-09-10,15:29,SAMBHV,9.2866
2026-09-10,15:29,SAMHI,1.4759
2026-09-10,15:29,SAMMAANCAP,3.726
2026-09-10,15:29,SANATHAN,7.7867
2026-09-10,15:29,SANDHAR,25.7518
2026-09-10,15:29,SANGAMIND,9.6845
2026-09-10,15:29,SANGHVIMOV,36.4608
2026-09-10,15:29,SANSERA,62.5861
2026-09-10,15:29,SANSTAR,17.3295
2026-09-10,15:29,SAPPHIRE,20.7034
2026-09-10,15:29,SAREGAMA,46.7393
2026-09-10,15:29,SARLAPOLY,7.9834
2026-09-10,15:29,SASKEN,33.4134
2026-09-10,15:29,SATIA,-0.767
2026-09-10,15:29,SATIN,15.3654
2026-09-10,15:29,SBC,42.9634
2026-09-10,15:29,SBCL,80.9307
2026-09-10,15:29,SBFC,5.3037
2026-09-10,15:29,SBICARD,3.1983
2026-09-10,15:29,SCPL,52.4041
2026-09-10,15:29,SEAMECLTD,13.8445
2026-09-10,15:29,SEDEMAC,49.5154
2026-09-10,15:29,SENCO,1.2149
2026-09-10,15:29,SENORES,65.8749
2026-09-10,15:29,SETL,222.485
2026-09-10,15:29,SFL,32.7153
2026-09-10,15:29,SGFIN,20.4733
2026-09-10,15:29,SGIL,9.3253
2026-09-10,15:29,SGMART,43.899
2026-09-10,15:29,SHADOWFAX,49.6627
2026-09-10,15:29,SHAILY,29.9681
2026-09-10,15:29,SHALPAINTS,65.1653
2026-09-10,15:29,SHANTIGEAR,56.9728
2026-09-10,15:29,SHANTIGOLD,26.4262
2026-09-10,15:29,SHARDAMOTR,7.6201
2026-09-10,15:29,SHAREINDIA,37.4694
2026-09-10,15:29,SHILPAMED,121.4656
2026-09-10,15:29,SHINDL,8.8356
2026-09-10,15:29,SHIVALIK,38.572
2026-09-10,15:29,SHIVAUM,27.4724
2026-09-10,15:29,SHK,-1.9597
2026-09-10,15:29,SHOPERSTOP,27.6585
2026-09-10,15:29,SHREEJISPG,69.1213
2026-09-10,15:29,SHREEPUSHK,25.5683
2026-09-10,15:29,SHRINGARMS,5.3555
2026-09-10,15:29,SHRIPISTON,25.7927
2026-09-10,15:29,SHRIRAMFIN,7.6317
2026-09-10,15:29,SHYAMMETL,21.7942
2026-09-10,15:29,SICALLOG,43.7518
2026-09-10,15:29,SIEMENS,2.8025
2026-09-10,15:29,SIGACHI,87.988
2026-09-10,15:29,SIGMAADV,169.7686
2026-09-10,15:29,SIMPLEXINF,10.0615
2026-09-10,15:29,SINDHUTRAD,2.2327
2026-09-10,15:29,SIRCA,0.2672
2026-09-10,15:29,SIS,5.1853
2026-09-10,15:29,SJS,24.1968
2026-09-10,15:29,SKFINDUS,33.3727
2026-09-10,15:29,SKIPPER,20.4794
2026-09-10,15:29,SKMEGGPROD,49.9153
2026-09-10,15:29,SKYGOLD,81.9437
2026-09-10,15:29,SMARTWORKS,17.7033
2026-09-10,15:29,SMCGLOBAL,30.7481
2026-09-10,15:29,SMLMAH,71.5254
2026-09-10,15:29,SMSPHARMA,3.637
2026-09-10,15:29,SOFTTECH,7.3279
2026-09-10,15:29,SOLARA,41.1113
2026-09-10,15:29,SOLARINDS,41.1802
2026-09-10,15:29,SOMANYCERA,18.6937
2026-09-10,15:29,SONACOMS,39.0499
2026-09-10,15:29,SONATSOFTW,-0.2493
2026-09-10,15:29,SOTL,78.7665
2026-09-10,15:29,SOUTHBANK,12.5275
2026-09-10,15:29,SPAL,29.0027
2026-09-10,15:29,SPARC,40.65
2026-09-10,15:29,SPECIALITY,37.4442
2026-09-10,15:29,SPECTRUM,148.4765
2026-09-10,15:29,SPIC,0.0144
2026-09-10,15:29,SPLPETRO,13.2435
2026-09-10,15:29,SPORTKING,45.5753
2026-09-10,15:29,SREEL,101.1079
2026-09-10,15:29,SRF,-0.1506
2026-09-10,15:29,SRHHYPOLTD,0.7403
2026-09-10,15:29,SSWL,75.1113
2026-09-10,15:29,STALLION,48.5761
2026-09-10,15:29,STAR,15.6734
2026-09-10,15:29,STARHEALTH,11.3849
2026-09-10,15:29,STEELCAS,14.2882
2026-09-10,15:29,STEL,28.026
2026-09-10,15:29,STLNETWORK,17.651
2026-09-10,15:29,STLTECH,163.162
2026-09-10,15:29,STOVEKRAFT,52.5422
2026-09-10,15:29,STYL,62.628
2026-09-10,15:29,STYLAMIND,47.7023
2026-09-10,15:29,SUDARCOLOR,7.8884
2026-09-10,15:29,SUDARSCHEM,35.3787
2026-09-10,15:29,SUDEEPPHRM,76.8048
2026-09-10,15:29,SUMICHEM,0.8282
2026-09-10,15:29,SUNDARMFIN,2.3771
2026-09-10,15:29,SUNDRMFAST,46.484
2026-09-10,15:29,SUNDROP,2.1135
2026-09-10,15:29,SUNFLAG,-1.5393
2026-09-10,15:29,SUNPHARMA,2.2078
2026-09-10,15:29,SUPRAJIT,20.8308
2026-09-10,15:29,SUPREMEINF,7.3174
2026-09-10,15:29,SUPRIYA,32.8194
2026-09-10,15:29,SURAKSHA,15.7867
2026-09-10,15:29,SUTLEJTEX,6.5019
2026-09-10,15:29,SUVEN,75.1396
2026-09-10,15:29,SVLL,30.2406
2026-09-10,15:29,SWANDEF,43.7331
2026-09-10,15:29,SWIGGY,1.9364
2026-09-10,15:29,SYRMA,51.0653
2026-09-10,15:29,SYSTMTXC,3.0878
2026-09-10,15:29,TAALTECH,75.525
2026-09-10,15:29,TAJGVK,6.0353
2026-09-10,15:29,TALBROAUTO,24.7625
2026-09-10,15:29,TARSONS,47.2647
2026-09-10,15:29,TASTYBITE,39.9314
2026-09-10,15:29,TATACAP,11.8073
2026-09-10,15:29,TATACOMM,13.1751
2026-09-10,15:29,TATATECH,24.8378
2026-09-10,15:29,TATVA,25.1471
2026-09-10,15:29,TBOTEK,30.2275
2026-09-10,15:29,TBZ,233.9663
2026-09-10,15:29,TCIEXP,0.9142
2026-09-10,15:29,TCPLPACK,44.6019
2026-09-10,15:29,TECHM,5.0682
2026-09-10,15:29,TEGA,6.3898
2026-09-10,15:29,TEJASNET,29.1823
2026-09-10,15:29,TEXINFRA,9.7118
2026-09-10,15:29,TEXRAIL,3.9636
2026-09-10,15:29,TFCILTD,88.7044
2026-09-10,15:29,THANGAMAYL,27.9749
2026-09-10,15:29,THEJO,20.3
2026-09-10,15:29,THELEELA,32.0033
2026-09-10,15:29,THEMISMED,34.1766
2026-09-10,15:29,THOMASCOOK,17.8486
2026-09-10,15:29,THYROCARE,29.3367
2026-09-10,15:29,TI,15.9507
2026-09-10,15:29,TIIL,26.173
2026-09-10,15:29,TIL,20.3284
2026-09-10,15:29,TIMETECHNO,-0.677
2026-09-10,15:29,TIMEX,70.1071
2026-09-10,15:29,TINNARUBR,26.1854
2026-09-10,15:29,TIPSMUSIC,1.9748
2026-09-10,15:29,TIRUPATIFL,60.0727
2026-09-10,15:29,TITAGARH,2.2614
2026-09-10,15:29,TITAN,14.8024
2026-09-10,15:29,TMB,26.7792
2026-09-10,15:29,TMCV,8.0433
2026-09-10,15:29,TNPETRO,52.4562
2026-09-10,15:29,TNPL,-1.9167
2026-09-10,15:29,TORNTPHARM,15.3189
2026-09-10,15:29,TPLPLASTEH,2.2489
2026-09-10,15:29,TRANSPEK,8.3987
2026-09-10,15:29,TRAVELFOOD,0.4452
2026-09-10,15:29,TREL,-2.2496
2026-09-10,15:29,TRENT,2.2405
2026-09-10,15:29,TRITURBINE,0.7907
2026-09-10,15:29,TSFINV,6.4294
2026-09-10,15:29,TTKHLTCARE,22.2677
2026-09-10,15:29,TTKPRESTIG,1.1043
2026-09-10,15:29,TVSMOTOR,16.611
2026-09-10,15:29,TVSSCS,12.9012
2026-09-10,15:29,TVSSRICHAK,34.5658
2026-09-10,15:29,UDS,37.8074
2026-09-10,15:29,UEL,24.5018
2026-09-10,15:29,UFBL,103.8461
2026-09-10,15:29,UFLEX,54.977
2026-09-10,15:29,UGARSUGAR,10.2961
2026-09-10,15:29,UJJIVANSFB,7.7247
2026-09-10,15:29,ULTRAMAR,7.3446
2026-09-10,15:29,UNICHEMLAB,41.15
2026-09-10,15:29,UNIMECH,53.1796
2026-09-10,15:29,UNIONBANK,9.4418
2026-09-10,15:29,UNIPARTS,66.7631
2026-09-10,15:29,UNITDSPR,6.4153
2026-09-10,15:29,UNITEDPOLY,30.7529
2026-09-10,15:29,UNIVASTU,119.3487
2026-09-10,15:29,UNIVCABLES,46.4491
2026-09-10,15:29,UNIVPHOTO,8.1
2026-09-10,15:29,UNOMINDA,12.6667
2026-09-10,15:29,URBANCO,12.1821
2026-09-10,15:29,USHAMART,9.1479
2026-09-10,15:29,UTLSOLAR,55.4518
2026-09-10,15:29,UTTAMSUGAR,4.8645
2026-09-10,15:29,V2RETAIL,8.6359
2026-09-10,15:29,VADILALIND,57.8427
2026-09-10,15:29,VALIANTLAB,58.2351
2026-09-10,15:29,VALIANTORG,35.1898
2026-09-10,15:29,VARROC,64.3103
2026-09-10,15:29,VEEDOL,0.7851
2026-09-10,15:29,VELJAN,90.8142
2026-09-10,15:29,VENKEYS,7.7802
2026-09-10,15:29,VENUSPIPES,41.8043
2026-09-10,15:29,VENUSREM,70.9864
2026-09-10,15:29,VERANDA,13.0672
2026-09-10,15:29,VIDHIING,12.554
2026-09-10,15:29,VIJAYA,27.4924
2026-09-10,15:29,VIMTALABS,28.3635
2026-09-10,15:29,VINATIORGA,-1.862
2026-09-10,15:29,VINCOFE,31.1661
2026-09-10,15:29,VINDHYATEL,89.135
2026-09-10,15:29,VIPIND,2.203
2026-09-10,15:29,VISAKAIND,38.6693
2026-09-10,15:29,VISHNU,19.765
2026-09-10,15:29,VIYASH,29.8549
2026-09-10,15:29,VLSFINANCE,3.5683
2026-09-10,15:29,VMART,31.1102
2026-09-10,15:29,VOLTAMP,8.3515
2026-09-10,15:29,VRLLOG,14.9224
2026-09-10,15:29,VSSL,41.0833
2026-09-10,15:29,WABAG,49.4056
2026-09-10,15:29,WAKEFIT,9.2995
2026-09-10,15:29,WELCORP,121.4434
2026-09-10,15:29,WELENT,52.8054
2026-09-10,15:29,WELINV,58.9507
2026-09-10,15:29,WELSPLSOL,37.9125
2026-09-10,15:29,WELSPUNLIV,61.6868
2026-09-10,15:29,WENDT,24.8578
2026-09-10,15:29,WESTLIFE,15.3665
2026-09-10,15:29,WEWORK,24.703
2026-09-10,15:29,WHEELS,86.8638
2026-09-10,15:29,WINDLAS,29.1924
2026-09-10,15:29,WINDMACHIN,-0.4331
2026-09-10,15:29,WOCKPHARMA,44.4763
2026-09-10,15:29,WONDERLA,-1.3025
2026-09-10,15:29,WPIL,6.946
2026-09-10,15:29,WSTCSTPAPR,42.9636
2026-09-10,15:29,XPROINDIA,22.2351
2026-09-10,15:29,YASHO,165.22
2026-09-10,15:29,YATHARTH,18.9821
2026-09-10,15:29,YATRA,13.9344
2026-09-10,15:29,YESBANK,8.8867
2026-09-10,15:29,YUKEN,43.8966
2026-09-10,15:29,ZENTEC,14.8681
2026-09-10,15:29,ZIMLAB,46.5413
2026-09-10,15:29,ZSARACOM,16.5504
2026-09-10,15:29,ZYDUSLIFE,22.5322
2026-09-10,15:29,ZYDUSWELL,12.4057
2026-09-11,15:29,20MICRONS,14.0083
2026-09-11,15:29,360ONE,0.6365
2026-09-11,15:29,3BBLACKBIO,7.7314
2026-09-11,15:29,3MINDIA,0.5688
2026-09-11,15:29,5PAISA,-3.7861
2026-09-11,15:29,63MOONS,22.6751
2026-09-11,15:29,AARTIDRUGS,7.0046
2026-09-11,15:29,AARTIIND,-1.0344
2026-09-11,15:29,AARTIPHARM,4.883
2026-09-11,15:29,ABB,1.2739
2026-09-11,15:29,ABBOTINDIA,-2.8517
2026-09-11,15:29,ABCAPITAL,6.9591
2026-09-11,15:29,ABDL,16.0977
2026-09-11,15:29,ABSLAMC,4.0499
2026-09-11,15:29,ACCELYA,-3.5862
2026-09-11,15:29,ACE,27.2041
2026-09-11,15:29,ACMESOLAR,35.7058
2026-09-11,15:29,ACUTAAS,25.9848
2026-09-11,15:29,ADANIENSOL,-2.4373
2026-09-11,15:29,ADANIENT,20.4582
2026-09-11,15:29,ADANIPORTS,0.9323
2026-09-11,15:29,ADFFOODS,0.279
2026-09-11,15:29,ADOR,48.5045
2026-09-11,15:29,ADVAIT,4.5411
2026-09-11,15:29,ADVANCE,3.4407
2026-09-11,15:29,AEGISLOG,84.1382
2026-09-11,15:29,AEGISVOPAK,46.7721
2026-09-11,15:29,AEQUS,20.4724
2026-09-11,15:29,AEROENTER,39.1918
2026-09-11,15:29,AEROFLEX,63.606
2026-09-11,15:29,AETHER,35.8563
2026-09-11,15:29,AFFLE,9.2937
2026-09-11,15:29,AFSL,-2.2754
2026-09-11,15:29,AGARWALEYE,10.9438
2026-09-11,15:29,AGI,19.4908
2026-09-11,15:29,AHLWEST,20.6258
2026-09-11,15:29,AIAENG,4.7188
2026-09-11,15:29,AIIL,14.757
2026-09-11,15:29,AJANTPHARM,14.1168
2026-09-11,15:29,AJAXENGG,8.9366
2026-09-11,15:29,AKCAPIT,8.463
2026-09-11,15:29,AKUMS,40.6049
2026-09-11,15:29,ALEMBICLTD,12.0864
2026-09-11,15:29,ALGOQUANT,9.8436
2026-09-11,15:29,ALICON,0.6864
2026-09-11,15:29,ALIVUS,23.2711
2026-09-11,15:29,ALKYLAMINE,6.1985
2026-09-11,15:29,ALLDIGI,-3.6321
2026-09-11,15:29,AMAGI,31.2195
2026-09-11,15:29,AMANTA,47.3218
2026-09-11,15:29,AMBIKCO,-3.5595
2026-09-11,15:29,AMNPLST,-2.8111
2026-09-11,15:29,ANANDRATHI,22.2087
2026-09-11,15:29,ANANTRAJ,7.4912
2026-09-11,15:29,ANDHRAPAP,7.7398
2026-09-11,15:29,ANGELONE,-3.7399
2026-09-11,15:29,ANTELOPUS,66.901
2026-09-11,15:29,ANTHEM,22.3935
2026-09-11,15:29,ANUHPHR,14.7731
2026-09-11,15:29,APARINDS,41.3114
2026-09-11,15:29,APCOTEXIND,41.0654
2026-09-11,15:29,APLAPOLLO,12.4719
2026-09-11,15:29,APLLTD,3.24
2026-09-11,15:29,APOLLO,35.012
2026-09-11,15:29,APOLLOHOSP,13.8586
2026-09-11,15:29,APOLLOPIPE,23.27
2026-09-11,15:29,APOLLOTYRE,1.2117
2026-09-11,15:29,ARIES,26.7929
2026-09-11,15:29,ARIHANT,-1.8627
2026-09-11,15:29,ARIHANTCAP,9.116
2026-09-11,15:29,ARKADE,-1.7314
2026-09-11,15:29,ARMANFIN,12.5014
2026-09-11,15:29,ARROWGREEN,50.8629
2026-09-11,15:29,ARTEMISMED,32.7509
2026-09-11,15:29,ARVIND,47.575
2026-09-11,15:29,ASAHIINDIA,17.1619
2026-09-11,15:29,ASHIANA,0.7848
2026-09-11,15:29,ASHOKLEY,-2.4136
2026-09-11,15:29,ASIANENE,79.5035
2026-09-11,15:29,ASIANHOTNR,30.5532
2026-09-11,15:29,ASIANPAINT,-1.846
2026-09-11,15:29,ASKAUTOLTD,35.757
2026-09-11,15:29,ASTEC,-1.7342
2026-09-11,15:29,ASTERDM,4.3773
2026-09-11,15:29,ASTRAMICRO,54.4385
2026-09-11,15:29,ATHERENERG,84.5023
2026-09-11,15:29,ATLANTAELE,15.3143
2026-09-11,15:29,AUBANK,3.4082
2026-09-11,15:29,AUROPHARMA,13.1941
2026-09-11,15:29,AURUM,23.8501
2026-09-11,15:29,AVADHSUGAR,46.7582
2026-09-11,15:29,AVALON,96.7761
2026-09-11,15:29,AVANTEL,-0.1595
2026-09-11,15:29,AVL,10.5343
2026-09-11,15:29,AVTNPL,32.4273
2026-09-11,15:29,AXISBANK,-3.7243
2026-09-11,15:29,AYE,23.1963
2026-09-11,15:29,AYMSYNTEX,19.6423
2026-09-11,15:29,AZAD,29.841
2026-09-11,15:29,BAFNAPH,129.939
2026-09-11,15:29,BAJAJ-AUTO,13.1699
2026-09-11,15:29,BAJAJCON,6.192
2026-09-11,15:29,BAJAJFINSV,4.2155
2026-09-11,15:29,BAJAJHCARE,-0.2389
2026-09-11,15:29,BAJAJHFL,-3.2885
2026-09-11,15:29,BAJAJHIND,2.6471
2026-09-11,15:29,BAJAJHLDNG,4.919
2026-09-11,15:29,BAJEL,-1.1485
2026-09-11,15:29,BAJFINANCE,5.4805
2026-09-11,15:29,BALAMINES,52.5395
2026-09-11,15:29,BALKRISIND,-2.9458
2026-09-11,15:29,BALRAMCHIN,31.7329
2026-09-11,15:29,BANARISUG,-2.3838
2026-09-11,15:29,BANCOINDIA,-3.241
2026-09-11,15:29,BANKINDIA,-1.6439
2026-09-11,15:29,BANSALWIRE,-0.7858
2026-09-11,15:29,BASF,-3.7157
2026-09-11,15:29,BBOX,11.1527
2026-09-11,15:29,BECTORFOOD,18.995
2026-09-11,15:29,BEEKAY,-1.4587
2026-09-11,15:29,BELRISE,2.6472
2026-09-11,15:29,BEML,6.6126
2026-09-11,15:29,BEPL,33.1255
2026-09-11,15:29,BETA,56.6822
2026-09-11,15:29,BFINVEST,2.2232
2026-09-11,15:29,BHAGCHEM,-1.9886
2026-09-11,15:29,BHAGERIA,88.3279
2026-09-11,15:29,BHAGYANGR,45.6065
2026-09-11,15:29,BHARATCOAL,-1.3449
2026-09-11,15:29,BHARATFORG,3.7944
2026-09-11,15:29,BHARATSE,8.2048
2026-09-11,15:29,BHARTIARTL,-0.1418
2026-09-11,15:29,BHARTIHEXA,2.0813
2026-09-11,15:29,BHEL,11.6725
2026-09-11,15:29,BIL,40.5278
2026-09-11,15:29,BIOCON,2.6406
2026-09-11,15:29,BIRLACABLE,150.3989
2026-09-11,15:29,BLACKBUCK,12.1496
2026-09-11,15:29,BLACKROSE,23.7441
2026-09-11,15:29,BLISSGVS,169.0614
2026-09-11,15:29,BLSE,57.1306
2026-09-11,15:29,BLUEJET,16.161
2026-09-11,15:29,BLUESTONE,75.8021
2026-09-11,15:29,BLUSPRING,96.6497
2026-09-11,15:29,BODALCHEM,149.4213
2026-09-11,15:29,BOROLTD,-1.2465
2026-09-11,15:29,BOROSCI,2.8656
2026-09-11,15:29,BOSCH-HCIL,18.0464
2026-09-11,15:29,BOSCHLTD,32.0371
2026-09-11,15:29,BPCL,-3.0409
2026-09-11,15:29,BRIGADE,5.261
2026-09-11,15:29,BUILDPRO,14.3105
2026-09-11,15:29,CANHLIFE,8.0282
2026-09-11,15:29,CANTABIL,-0.977
2026-09-11,15:29,CAPITALSFB,-1.7915
2026-09-11,15:29,CAPLIPOINT,49.6171
2026-09-11,15:29,CARBORUNIV,8.8479
2026-09-11,15:29,CARERATING,-0.9898
2026-09-11,15:29,CARTRADE,70.8571
2026-09-11,15:29,CARYSIL,22.4406
2026-09-11,15:29,CASTROLIND,1.0642
2026-09-11,15:29,CDSL,6.0181
2026-09-11,15:29,CEATLTD,-2.3471
2026-09-11,15:29,CEIGALL,10.2609
2026-09-11,15:29,CEMPRO,31.7975
2026-09-11,15:29,CENTENKA,23.0066
2026-09-11,15:29,CENTUM,49.155
2026-09-11,15:29,CERA,3.8762
2026-09-11,15:29,CGCL,32.6551
2026-09-11,15:29,CGPOWER,9.6634
2026-09-11,15:29,CHALET,11.305
2026-09-11,15:29,CHEMBONDCH,36.1866
2026-09-11,15:29,CHEMCON,28.046
2026-09-11,15:29,CHENNPETRO,46.6573
2026-09-11,15:29,CHOICEIN,10.8873
2026-09-11,15:29,CHOLAFIN,7.8276
2026-09-11,15:29,CIPLA,0.1173
2026-09-11,15:29,CLEAN,-1.9903
2026-09-11,15:29,CLEANMAX,21.2917
2026-09-11,15:29,CLSEL,1.0738
2026-09-11,15:29,CMPDI,7.1222
2026-09-11,15:29,COCKERILL,57.7923
2026-09-11,15:29,COFFEEDAY,18.5255
2026-09-11,15:29,COFORGE,44.2127
2026-09-11,15:29,COMSYN,95.4718
2026-09-11,15:29,CONCORDBIO,23.216
2026-09-11,15:29,CONFIPET,63.5564
2026-09-11,15:29,CONSOFINVT,33.6732
2026-09-11,15:29,CORONA,28.0845
2026-09-11,15:29,COSMOFIRST,20.7008
2026-09-11,15:29,CPPLUS,55.4765
2026-09-11,15:29,CRAFTSMAN,50.0933
2026-09-11,15:29,CREDITACC,-3.221
2026-09-11,15:29,CREST,-3.5695
2026-09-11,15:29,CRISIL,13.0553
2026-09-11,15:29,CUB,11.11
2026-09-11,15:29,CUPID,121.3614
2026-09-11,15:29,CYIENT,17.6131
2026-09-11,15:29,CYIENTDLM,117.4561
2026-09-11,15:29,DALMIASUG,8.2339
2026-09-11,15:29,DATAMATICS,-2.4133
2026-09-11,15:29,DATAPATTNS,15.7665
2026-09-11,15:29,DBOL,-1.8382
2026-09-11,15:29,DCBBANK,19.2802
2026-09-11,15:29,DCMSIL,-4.2459
2026-09-11,15:29,DDEVPLSTIK,1.9452
2026-09-11,15:29,DECNGOLD,84.1818
2026-09-11,15:29,DEEDEV,46.6567
2026-09-11,15:29,DEEPAKFERT,2.0165
2026-09-11,15:29,DEEPINDS,69.2493
2026-09-11,15:29,DEN,-3.0194
2026-09-11,15:29,DENTA,-2.705
2026-09-11,15:29,DEVYANI,14.0248
2026-09-11,15:29,DHAMPURSUG,3.7678
2026-09-11,15:29,DHARMAJ,-3.8379
2026-09-11,15:29,DHUNINV,6.1956
2026-09-11,15:29,DIACABS,108.3498
2026-09-11,15:29,DIAMONDYD,9.2181
2026-09-11,15:29,DICIND,12.7423
2026-09-11,15:29,DIFFNKG,45.8942
2026-09-11,15:29,DISAQ,-3.5803
2026-09-11,15:29,DIVGIITTS,66.3237
2026-09-11,15:29,DIVISLAB,39.0928
2026-09-11,15:29,DIXON,18.8158
2026-09-11,15:29,DLF,5.7251
2026-09-11,15:29,DLINKINDIA,-3.8632
2026-09-11,15:29,DMCC,-0.4328
2026-09-11,15:29,DODLA,-0.5198
2026-09-11,15:29,DOLPHIN,51.4056
2026-09-11,15:29,DPABHUSHAN,24.3715
2026-09-11,15:29,DRAGARWQ,4.0123
2026-09-11,15:29,DREDGECORP,9.0861
2026-09-11,15:29,DVL,12.3675
2026-09-11,15:29,DYCL,13.6636
2026-09-11,15:29,DYNAMATECH,-2.3096
2026-09-11,15:29,E2E,95.5372
2026-09-11,15:29,EBGNG,56.6375
2026-09-11,15:29,ECLERX,20.1138
2026-09-11,15:29,EDELWEISS,10.2848
2026-09-11,15:29,EFCIL,-2.9608
2026-09-11,15:29,EICHERMOT,3.0025
2026-09-11,15:29,EIEL,-2.0247
2026-09-11,15:29,EIFFL,16.6563
2026-09-11,15:29,EIMCOELECO,48.2343
2026-09-11,15:29,ELANTAS,54.0413
2026-09-11,15:29,ELECTHERM,19.351
2026-09-11,15:29,ELGIEQUIP,12.6162
2026-09-11,15:29,ELPROINTL,40.2072
2026-09-11,15:29,EMAMIPAP,41.9655
2026-09-11,15:29,EMCURE,19.2468
2026-09-11,15:29,EMIL,55.8534
2026-09-11,15:29,EMKAY,7.6685
2026-09-11,15:29,EMMVEE,32.7451
2026-09-11,15:29,EMSLIMITED,4.5579
2026-09-11,15:29,EMUDHRA,-1.7109
2026-09-11,15:29,ENDURANCE,14.3743
2026-09-11,15:29,ENGINERSIN,2.5157
2026-09-11,15:29,ENRIN,-0.1413
2026-09-11,15:29,ENTERO,49.9339
2026-09-11,15:29,EPACKPEB,16.0873
2026-09-11,15:29,EPL,4.5937
2026-09-11,15:29,EQUITASBNK,-0.4626
2026-09-11,15:29,ERIS,-1.1954
2026-09-11,15:29,ESAFSFB,45.1979
2026-09-11,15:29,ETERNAL,26.3425
2026-09-11,15:29,ETHOSLTD,10.194
2026-09-11,15:29,EVEREADY,12.1062
2026-09-11,15:29,EVERESTIND,-0.2323
2026-09-11,15:29,EXCELINDUS,-0.1375
2026-09-11,15:29,EXICOM,53.7579
2026-09-11,15:29,EXIDEIND,17.3301
2026-09-11,15:29,EXPLEOSOL,7.8509
2026-09-11,15:29,FAIRCHEMOR,-1.6705
2026-09-11,15:29,FAZE3Q,7.5478
2026-09-11,15:29,FCL,126.2642
2026-09-11,15:29,FEDDERSHOL,42.6345
2026-09-11,15:29,FEDERALBNK,17.5768
2026-09-11,15:29,FEDFINA,3.8179
2026-09-11,15:29,FILATEX,93.385
2026-09-11,15:29,FINCABLES,36.2093
2026-09-11,15:29,FINEORG,10.9191
2026-09-11,15:29,FINKURVE,-1.024
2026-09-11,15:29,FINOPB,5.7156
2026-09-11,15:29,FIVESTAR,13.7006
2026-09-11,15:29,FLUOROCHEM,25.2578
2026-09-11,15:29,FMGOETZE,-2.9167
2026-09-11,15:29,FOSECOIND,29.4269
2026-09-11,15:29,FSL,1.7214
2026-09-11,15:29,GABRIEL,24.0922
2026-09-11,15:29,GAEL,4.118
2026-09-11,15:29,GAIL,4.7924
2026-09-11,15:29,GALAPREC,27.127
2026-09-11,15:29,GALAXYSURF,14.6083
2026-09-11,15:29,GANDHAR,74.0712
2026-09-11,15:29,GANDHITUBE,1.3124
2026-09-11,15:29,GANECOS,-1.9925
2026-09-11,15:29,GANESHBE,29.4043
2026-09-11,15:29,GANESHHOU,12.3391
2026-09-11,15:29,GARFIBRES,19.349
2026-09-11,15:29,GAUDIUMIVF,-4.1124
2026-09-11,15:29,GAYAPROJ,38.1635
2026-09-11,15:29,GCSL,57.4161
2026-09-11,15:29,GEECEE,22.0455
2026-09-11,15:29,GEMAROMA,-2.0638
2026-09-11,15:29,GENESYS,18.1386
2026-09-11,15:29,GENUSPOWER,-3.5666
2026-09-11,15:29,GEOJITFSL,15.9805
2026-09-11,15:29,GFLLIMITED,20.4423
2026-09-11,15:29,GHCLTEXTIL,41.2705
2026-09-11,15:29,GIPCL,26.9595
2026-09-11,15:29,GKSL,38.3216
2026-09-11,15:29,GLAND,61.3194
2026-09-11,15:29,GLAXO,16.7169
2026-09-11,15:29,GLENMARK,1.7497
2026-09-11,15:29,GLOBAL,11.4223
2026-09-11,15:29,GLOTTIS,1.3214
2026-09-11,15:29,GMMPFAUDLR,42.9711
2026-09-11,15:29,GMRAIRPORT,-1.2597
2026-09-11,15:29,GNA,29.0935
2026-09-11,15:29,GNFC,12.8524
2026-09-11,15:29,GNRL,2.7994
2026-09-11,15:29,GOCLCORP,32.7571
2026-09-11,15:29,GOCOLORS,15.5488
2026-09-11,15:29,GODREJAGRO,16.4455
2026-09-11,15:29,GODREJIND,10.2113
2026-09-11,15:29,GOKEX,14.7805
2026-09-11,15:29,GOKULAGRO,-3.9966
2026-09-11,15:29,GPPL,1.4655
2026-09-11,15:29,GPTHEALTH,13.2041
2026-09-11,15:29,GRANDOAK,12.9457
2026-09-11,15:29,GRANULES,23.5462
2026-09-11,15:29,GRAPHITE,15.1422
2026-09-11,15:29,GRASIM,12.5943
2026-09-11,15:29,GRAUWEIL,7.677
2026-09-11,15:29,GREAVESCOT,11.0181
2026-09-11,15:29,GREENLAM,3.6718
2026-09-11,15:29,GREENPLY,9.8599
2026-09-11,15:29,GRINDWELL,14.4574
2026-09-11,15:29,GRPLTD,2.6829
2026-09-11,15:29,GRWRHITECH,37.2224
2026-09-11,15:29,GSPCROP,9.1615
2026-09-11,15:29,GUFICBIO,44.4935
2026-09-11,15:29,GUJTHEM,11.753
2026-09-11,15:29,GULFOILLUB,4.8433
2026-09-11,15:29,GVPIL,2.0164
2026-09-11,15:29,GVT&D,-0.3287
2026-09-11,15:29,HAL,6.0105
2026-09-11,15:29,HALDYNGL,33.0472
2026-09-11,15:29,HAPPYFORGE,60.2039
2026-09-11,15:29,HARIOMPIPE,12.4609
2026-09-11,15:29,HARSHA,13.2892
2026-09-11,15:29,HATSUN,24.1407
2026-09-11,15:29,HAWKINCOOK,14.3488
2026-09-11,15:29,HCG,11.8112
2026-09-11,15:29,HCLTECH,1.4297
2026-09-11,15:29,HDBFS,-2.3636
2026-09-11,15:29,HEALTHX,8.4081
2026-09-11,15:29,HERITGFOOD,15.9928
2026-09-11,15:29,HEROMOTOCO,0.9961
2026-09-11,15:29,HESTERBIO,36.5879
2026-09-11,15:29,HFCL,65.1986
2026-09-11,15:29,HIKAL,6.4399
2026-09-11,15:29,HINDOILEXP,20.4448
2026-09-11,15:29,HIRECT,38.7246
2026-09-11,15:29,HITECHCORP,142.937
2026-09-11,15:29,HLEGLAS,18.7518
2026-09-11,15:29,HMT,3.1922
2026-09-11,15:29,HMVL,20.422
2026-09-11,15:29,HNDFDS,15.386
2026-09-11,15:29,HOMEFIRST,-3.4322
2026-09-11,15:29,HONASA,36.5059
2026-09-11,15:29,HONAUT,14.5792
2026-09-11,15:29,HSCL,4.6839
2026-09-11,15:29,HTMEDIA,11.5987
2026-09-11,15:29,HUHTAMAKI,38.4339
2026-09-11,15:29,HYUNDAI,18.1586
2026-09-11,15:29,IBULLSLTD,24.7137
2026-09-11,15:29,ICICIBANK,7.7999
2026-09-11,15:29,ICIL,52.6606
2026-09-11,15:29,IDBI,9.733
2026-09-11,15:29,IDFCFIRSTB,23.8827
2026-09-11,15:29,IFBIND,6.2694
2026-09-11,15:29,IFCI,34.7029
2026-09-11,15:29,IFGLEXPOR,9.3727
2026-09-11,15:29,IGARASHI,5.2993
2026-09-11,15:29,IGPL,22.6845
2026-09-11,15:29,IIFL,31.942
2026-09-11,15:29,IIFLCAPS,1.9699
2026-09-11,15:29,IKIO,27.3508
2026-09-11,15:29,IKS,4.5092
2026-09-11,15:29,IL&FSENGG,43.9671
2026-09-11,15:29,IMAGICAA,11.0805
2026-09-11,15:29,IMPAL,9.4592
2026-09-11,15:29,INDGN,8.5084
2026-09-11,15:29,INDHOTEL,7.8586
2026-09-11,15:29,INDIANB,-1.5401
2026-09-11,15:29,INDIANHUME,7.8348
2026-09-11,15:29,INDIGO,10.0173
2026-09-11,15:29,INDIGOPNTS,21.4043
2026-09-11,15:29,INDIQUBE,16.2312
2026-09-11,15:29,INDNIPPON,72.2416
2026-09-11,15:29,INDOAMIN,4.6849
2026-09-11,15:29,INDOBORAX,77.1664
2026-09-11,15:29,INDOCO,15.0166
2026-09-11,15:29,INDOFARM,1.1135
2026-09-11,15:29,INDORAMA,121.3975
2026-09-11,15:29,INDOSTAR,8.831
2026-09-11,15:29,INDOTECH,36.9552
2026-09-11,15:29,INDSWFTLAB,167.233
2026-09-11,15:29,INDUSINDBK,3.3219
2026-09-11,15:29,INGERRAND,4.0524
2026-09-11,15:29,INNOVACAP,31.4466
2026-09-11,15:29,INOXINDIA,48.9195
2026-09-11,15:29,INVPRECQ,137.0458
2026-09-11,15:29,IOLCP,102.3219
2026-09-11,15:29,IONEXCHANG,7.0365
2026-09-11,15:29,IPCALAB,25.831
2026-09-11,15:29,IRIS,3.6319
2026-09-11,15:29,IRISDOREME,68.1346
2026-09-11,15:29,ITDC,16.6779
2026-09-11,15:29,IZMO,28.0339
2026-09-11,15:29,J&KBANK,6.1217
2026-09-11,15:29,JAGSNPHARM,10.8736
2026-09-11,15:29,JAMNAAUTO,8.5069
2026-09-11,15:29,JARO,10.9604
2026-09-11,15:29,JASH,21.7984
2026-09-11,15:29,JAYAGROGN,20.2433
2026-09-11,15:29,JAYBARMARU,22.035
2026-09-11,15:29,JBMA,0.3072
2026-09-11,15:29,JGCHEM,39.7828
2026-09-11,15:29,JINDALSAW,28.7772
2026-09-11,15:29,JINDRILL,20.5157
2026-09-11,15:29,JINDWORLD,99.5472
2026-09-11,15:29,JITFINFRA,-2.5998
2026-09-11,15:29,JKPAPER,10.1143
2026-09-11,15:29,JNKINDIA,15.0483
2026-09-11,15:29,JSFB,12.5054
2026-09-11,15:29,JSL,-1.3311
2026-09-11,15:29,JSWDULUX,5.2964
2026-09-11,15:29,JSWINFRA,25.6039
2026-09-11,15:29,JSWSTEEL,-0.6519
2026-09-11,15:29,JTLIND,11.1
2026-09-11,15:29,JUBLCPL,19.4848
2026-09-11,15:29,JUBLFOOD,-0.2122
2026-09-11,15:29,JUBLPHARMA,7.1824
2026-09-11,15:29,JUNIPER,3.7343
2026-09-11,15:29,JUSTDIAL,23.3757
2026-09-11,15:29,JYOTICNC,27.4751
2026-09-11,15:29,KABRAEXTRU,194.7302
2026-09-11,15:29,KAJARIACER,10.4069
2026-09-11,15:29,KALYANKJIL,44.6289
2026-09-11,15:29,KAMATHOTEL,28.6067
2026-09-11,15:29,KAMDHENU,60.5998
2026-09-11,15:29,KANORICHEM,68.9641
2026-09-11,15:29,KANPRPLA,25.7844
2026-09-11,15:29,KAPSTON,70.9387
2026-09-11,15:29,KARURVYSYA,9.3709
2026-09-11,15:29,KAYA,29.1415
2026-09-11,15:29,KDDL,63.1187
2026-09-11,15:29,KECL,-3.3761
2026-09-11,15:29,KENNAMET,70.0588
2026-09-11,15:29,KERNEX,26.9031
2026-09-11,15:29,KFINTECH,-1.3699
2026-09-11,15:29,KICL,3.3864
2026-09-11,15:29,KILITCH,20.3456
2026-09-11,15:29,KIMS,9.8029
2026-09-11,15:29,KINGFA,23.7618
2026-09-11,15:29,KIRANVYPAR,6.1968
2026-09-11,15:29,KIRIINDUS,25.7842
2026-09-11,15:29,KIRLFER,1.0757
2026-09-11,15:29,KIRLOSBROS,2.2408
2026-09-11,15:29,KIRLOSENG,26.8781
2026-09-11,15:29,KIRLOSIND,14.5238
2026-09-11,15:29,KKCL,-1.1386
2026-09-11,15:29,KMEW,31.494
2026-09-11,15:29,KOLTEPATIL,13.0126
2026-09-11,15:29,KOPRAN,43.1022
2026-09-11,15:29,KOTAKBANK,11.2586
2026-09-11,15:29,KOTHARIPET,3.5341
2026-09-11,15:29,KOVAI,8.3013
2026-09-11,15:29,KPIL,12.1378
2026-09-11,15:29,KPL,110.3036
2026-09-11,15:29,KPRMILL,16.0997
2026-09-11,15:29,KRBL,11.7288
2026-09-11,15:29,KRISHANA,35.276
2026-09-11,15:29,KRISHNADEF,0.3579
2026-09-11,15:29,KRN,23.487
2026-09-11,15:29,KRONOX,25.0498
2026-09-11,15:29,KROSS,22.4744
2026-09-11,15:29,KRYSTAL,-0.3568
2026-09-11,15:29,KSHINTL,100.4623
2026-09-11,15:29,KSL,8.3734
2026-09-11,15:29,KTKBANK,22.1284
2026-09-11,15:29,KWIL,44.1876
2026-09-11,15:29,LALPATHLAB,20.3505
2026-09-11,15:29,LANDMARK,22.0333
2026-09-11,15:29,LAURUSLABS,67.2045
2026-09-11,15:29,LAXMIINDIA,1.0333
2026-09-11,15:29,LENSKART,35.4694
2026-09-11,15:29,LGBBROSLTD,-0.6157
2026-09-11,15:29,LGEINDIA,4.4011
2026-09-11,15:29,LICHSGFIN,-3.3067
2026-09-11,15:29,LICI,0.1164
2026-09-11,15:29,LIKHITHA,-1.7783
2026-09-11,15:29,LLOYDSENGG,42.7635
2026-09-11,15:29,LLOYDSENT,2.9503
2026-09-11,15:29,LLOYDSME,1.995
2026-09-11,15:29,LMW,19.1251
2026-09-11,15:29,LODHA,17.6737
2026-09-11,15:29,LOKESHMACH,37.2894
2026-09-11,15:29,LOTUSDEV,45.569
2026-09-11,15:29,LT,-1.9409
2026-09-11,15:29,LTF,2.9304
2026-09-11,15:29,LTFOODS,2.1688
2026-09-11,15:29,LTM,-0.95
2026-09-11,15:29,LUMAXIND,11.7457
2026-09-11,15:29,LUMAXTECH,21.2565
2026-09-11,15:29,LXCHEM,13.5943
2026-09-11,15:29,M&MFIN,8.7979
2026-09-11,15:29,MACPOWER,54.9912
2026-09-11,15:29,MAGADSUGAR,1.6354
2026-09-11,15:29,MAHABANK,0.6816
2026-09-11,15:29,MAHASTEEL,55.6219
2026-09-11,15:29,MAHLIFE,4.5764
2026-09-11,15:29,MAHLOG,-0.1634
2026-09-11,15:29,MAHSCOOTER,0.7304
2026-09-11,15:29,MAHSEAMLES,15.1501
2026-09-11,15:29,MAITHANALL,5.2163
2026-09-11,15:29,MANAKCOAT,25.4074
2026-09-11,15:29,MANAKSTEEL,81.5397
2026-09-11,15:29,MANALIPETC,46.4563
2026-09-11,15:29,MANAPPURAM,6.1461
2026-09-11,15:29,MANBA,15.0113
2026-09-11,15:29,MANGLMCEM,12.3989
2026-09-11,15:29,MANINDS,61.5406
2026-09-11,15:29,MANINFRA,-0.5019
2026-09-11,15:29,MANKIND,-3.4307
2026-09-11,15:29,MANORAMA,28.2648
2026-09-11,15:29,MANYAVAR,32.187
2026-09-11,15:29,MAPMYINDIA,-2.8032
2026-09-11,15:29,MARICO,-1.5587
2026-09-11,15:29,MARINE,82.8194
2026-09-11,15:29,MARKSANS,67.8899
2026-09-11,15:29,MASTEK,-3.9227
2026-09-11,15:29,MASTERTR,9.817
2026-09-11,15:29,MATRIMONY,19.8045
2026-09-11,15:29,MAWANASUG,13.3154
2026-09-11,15:29,MAXESTATES,35.4562
2026-09-11,15:29,MAXHEALTH,2.1459
2026-09-11,15:29,MAYURUNIQ,28.8164
2026-09-11,15:29,MAZDA,18.9311
2026-09-11,15:29,MBAPL,40.6575
2026-09-11,15:29,MCCHRLS-B,-2.3333
2026-09-11,15:29,MCX,10.1843
2026-09-11,15:29,MEDANTA,22.478
2026-09-11,15:29,MEESHO,10.5971
2026-09-11,15:29,MENONBE,131.5355
2026-09-11,15:29,METROPOLIS,15.6201
2026-09-11,15:29,MIDHANI,12.6952
2026-09-11,15:29,MINDACORP,33.9504
2026-09-11,15:29,MMFL,27.5904
2026-09-11,15:29,MMP,67.0161
2026-09-11,15:29,MOBIKWIK,0.4503
2026-09-11,15:29,MODIS,0.1644
2026-09-11,15:29,MODISONLTD,201.6249
2026-09-11,15:29,MOL,6.7258
2026-09-11,15:29,MOLDTECH,61.1798
2026-09-11,15:29,MOLDTKPAC,20.7839
2026-09-11,15:29,MONARCH,20.5318
2026-09-11,15:29,MOREPENLAB,165.9164
2026-09-11,15:29,MOSCHIP,0.4634
2026-09-11,15:29,MOTHERSON,29.0715
2026-09-11,15:29,MOTILALOFS,16.4228
2026-09-11,15:29,MPHASIS,3.4483
2026-09-11,15:29,MPSLTD,59.1325
2026-09-11,15:29,MRF,-1.569
2026-09-11,15:29,MRPL,12.1699
2026-09-11,15:29,MSTCLTD,65.5756
2026-09-11,15:29,MTARTECH,16.3207
2026-09-11,15:29,MUFIN,16.4535
2026-09-11,15:29,MUKANDLTD,1.0798
2026-09-11,15:29,MUKKA,31.3061
2026-09-11,15:29,MUNJALAU,26.8014
2026-09-11,15:29,MVGJL,10.8384
2026-09-11,15:29,NAHARINDUS,9.8756
2026-09-11,15:29,NAHARSPING,-2.0164
2026-09-11,15:29,NAM-INDIA,8.7187
2026-09-11,15:29,NAUKRI,27.4506
2026-09-11,15:29,NAVINFLUOR,21.3048
2026-09-11,15:29,NAZARA,36.2399
2026-09-11,15:29,NBIFIN,-2.7724
2026-09-11,15:29,NCLIND,0.2865
2026-09-11,15:29,NELCO,34.3712
2026-09-11,15:29,NEOGEN,39.7856
2026-09-11,15:29,NEPHROPLUS,43.123
2026-09-11,15:29,NETWEB,15.0765
2026-09-11,15:29,NEULANDLAB,38.1811
2026-09-11,15:29,NEWGEN,1.6935
2026-09-11,15:29,NGLFINE,0.621
2026-09-11,15:29,NH,1.5649
2026-09-11,15:29,NIACL,20.9474
2026-09-11,15:29,NIBE,22.7294
2026-09-11,15:29,NIFTY,-3.834
2026-09-11,15:29,NIITLTD,25.1726
2026-09-11,15:29,NILKAMAL,57.5962
2026-09-11,15:29,NINSYS,34.6533
2026-09-11,15:29,NIRLON,4.7504
2026-09-11,15:29,NITINSPIN,29.0869
2026-09-11,15:29,NITTAGELA,36.4941
2026-09-11,15:29,NIVABUPA,1.4855
2026-09-11,15:29,NOCIL,1.082
2026-09-11,15:29,NORTHARC,6.4179
2026-09-11,15:29,NOVARTIND,127.5911
2026-09-11,15:29,NPST,36.449
2026-09-11,15:29,NRAIL,25.7813
2026-09-11,15:29,NRBBEARING,75.7384
2026-09-11,15:29,NRL,146.5901
2026-09-11,15:29,NSLNISP,1.4641
2026-09-11,15:29,NUVAMA,22.8919
2026-09-11,15:29,NUVOCO,7.2612
2026-09-11,15:29,NYKAA,26.4916
2026-09-11,15:29,OAL,71.8947
2026-09-11,15:29,OBEROIRLTY,4.0457
2026-09-11,15:29,OCCLLTD,59.0442
2026-09-11,15:29,OFSS,21.3368
2026-09-11,15:29,OIL,8.784
2026-09-11,15:29,OLAELEC,10.7153
2026-09-11,15:29,OMAXE,46.4792
2026-09-11,15:29,OMNI,24.8581
2026-09-11,15:29,ONEPOINT,-3.6068
2026-09-11,15:29,ONIDA,-2.8675
2026-09-11,15:29,ONWARDTEC,15.8512
2026-09-11,15:29,OPTIEMUS,26.4092
2026-09-11,15:29,ORBTEXP,44.8213
2026-09-11,15:29,ORCHPHARMA,51.6212
2026-09-11,15:29,ORIENTBELL,16.8969
2026-09-11,15:29,ORIENTCER,9.3134
2026-09-11,15:29,ORIENTHOT,33.0729
2026-09-11,15:29,PAISALO,72.1087
2026-09-11,15:29,PANACEABIO,-0.2508
2026-09-11,15:29,PANACHE,49.2237
2026-09-11,15:29,PANAMAPET,64.4206
2026-09-11,15:29,PARACABLES,43.4542
2026-09-11,15:29,PARADEEP,23.3763
2026-09-11,15:29,PARAGMILK,21.5922
2026-09-11,15:29,PARAS,78.3133
2026-09-11,15:29,PARKHOSPS,13.6613
2026-09-11,15:29,PASUPTAC,27.3349
2026-09-11,15:29,PATELRMART,1.2813
2026-09-11,15:29,PAUSHAKLTD,38.8656
2026-09-11,15:29,PAYTM,62.7499
2026-09-11,15:29,PCBL,8.2393
2026-09-11,15:29,PDMJEPAPER,12.0541
2026-09-11,15:29,PDSL,20.9658
2026-09-11,15:29,PENIND,3.35
2026-09-11,15:29,PERSISTENT,10.012
2026-09-11,15:29,PETRONET,1.3766
2026-09-11,15:29,PFOCUS,3.5821
2026-09-11,15:29,PGEL,0.0918
2026-09-11,15:29,PGHL,1.3674
2026-09-11,15:29,PHOENIXLTD,2.7677
2026-09-11,15:29,PICCADIL,-1.9539
2026-09-11,15:29,PIDILITIND,10.2286
2026-09-11,15:29,PINELABS,1.5164
2026-09-11,15:29,PITTIENG,16.9069
2026-09-11,15:29,PIXTRANS,11.9846
2026-09-11,15:29,PLASTIBLEN,12.0163
2026-09-11,15:29,PNB,5.963
2026-09-11,15:29,PNBGILTS,10.8903
2026-09-11,15:29,PNBHOUSING,10.6844
2026-09-11,15:29,PNGSREVA,16.2717
2026-09-11,15:29,POLICYBZR,5.6117
2026-09-11,15:29,POLYCAB,-2.0736
2026-09-11,15:29,POLYMED,5.0072
2026-09-11,15:29,POLYPLEX,19.4523
2026-09-11,15:29,POONAWALLA,-1.4279
2026-09-11,15:29,POWERICA,18.3065
2026-09-11,15:29,PPL,34.7188
2026-09-11,15:29,PPLPHARMA,27.9436
2026-09-11,15:29,PRABHA,56.8708
2026-09-11,15:29,PRADPME,27.6278
2026-09-11,15:29,PRECOT,7.6005
2026-09-11,15:29,PRECWIRE,17.2497
2026-09-11,15:29,PREMEXPLN,18.4922
2026-09-11,15:29,PREMIERPOL,51.5168
2026-09-11,15:29,PRESTIGE,2.9412
2026-09-11,15:29,PRICOLLTD,29.9539
2026-09-11,15:29,PRIMESECU,-1.5307
2026-09-11,15:29,PRINCEPIPE,1.7942
2026-09-11,15:29,PRIVISCL,4.9523
2026-09-11,15:29,PROZONER,-2.0922
2026-09-11,15:29,PRUDENT,16.403
2026-09-11,15:29,PSPPROJECT,2.3706
2026-09-11,15:29,PTCIL,37.2162
2026-09-11,15:29,PVP,102.7526
2026-09-11,15:29,PVRINOX,15.7358
2026-09-11,15:29,PVSL,-3.8261
2026-09-11,15:29,PWL,25.7856
2026-09-11,15:29,QPOWER,19.0039
2026-09-11,15:29,QUADFUTURE,51.664
2026-09-11,15:29,QUESS,56.1799
2026-09-11,15:29,RACLGEAR,29.2547
2026-09-11,15:29,RADHIKAJWE,25.7138
2026-09-11,15:29,RADICO,30.1114
2026-09-11,15:29,RAIN,64.9885
2026-09-11,15:29,RAINBOW,12.5838
2026-09-11,15:29,RAJRATAN,11.3682
2026-09-11,15:29,RAJRILTD,-0.3777
2026-09-11,15:29,RAMCOIND,14.1718
2026-09-11,15:29,RAMCOSYS,44.5011
2026-09-11,15:29,RAMRAT,18.7598
2026-09-11,15:29,RANEHOLDIN,44.0754
2026-09-11,15:29,RATEGAIN,37.6891
2026-09-11,15:29,RATNAMANI,2.7183
2026-09-11,15:29,RATNAVEER,57.8169
2026-09-11,15:29,RAYMOND,93.3481
2026-09-11,15:29,RAYMONDREL,2.4491
2026-09-11,15:29,RBA,45.3023
2026-09-11,15:29,RBLBANK,22.8376
2026-09-11,15:29,RBZJEWEL,24.0139
2026-09-11,15:29,REDINGTON,76.3652
2026-09-11,15:29,REFEX,6.8972
2026-09-11,15:29,REGAAL,-1.887
2026-09-11,15:29,RELAXO,7.6528
2026-09-11,15:29,RELIGARE,14.678
2026-09-11,15:29,RELTD,14.9144
2026-09-11,15:29,RESPONIND,7.8892
2026-09-11,15:29,RGL,50.8001
2026-09-11,15:29,RICOAUTO,15.4945
2026-09-11,15:29,RISHABH,66.4861
2026-09-11,15:29,RITCO,35.5176
2026-09-11,15:29,RKFORGE,14.1665
2026-09-11,15:29,RMDRIP,17.8679
2026-09-11,15:29,RML,48.8779
2026-09-11,15:29,ROLEXRINGS,17.9016
2026-09-11,15:29,ROSSTECH,26.4698
2026-09-11,15:29,ROTO,6.9006
2026-09-11,15:29,RPEL,147.9108
2026-09-11,15:29,RPGLIFE,13.4771
2026-09-11,15:29,RPTECH,63.6518
2026-09-11,15:29,RRKABEL,34.8987
2026-09-11,15:29,RSL,38.7996
2026-09-11,15:29,RSWM,24.298
2026-09-11,15:29,RUBICON,83.2011
2026-09-11,15:29,RUBYMILLS,91.323
2026-09-11,15:29,SAFARI,4.4634
2026-09-11,15:29,SAGILITY,8.0048
2026-09-11,15:29,SAIL,-3.7841
2026-09-11,15:29,SAILIFE,46.8681
2026-09-11,15:29,SAIPARENT,2.6378
2026-09-11,15:29,SAKAR,93.7375
2026-09-11,15:29,SAKSOFT,-1.1071
2026-09-11,15:29,SALSTEEL,31.2226
2026-09-11,15:29,SAMBHV,8.027
2026-09-11,15:29,SAMHI,-1.9538
2026-09-11,15:29,SAMMAANCAP,-1.6558
2026-09-11,15:29,SANATHAN,5.098
2026-09-11,15:29,SANDHAR,21.4489
2026-09-11,15:29,SANGAMIND,8.6747
2026-09-11,15:29,SANGHVIMOV,29.9512
2026-09-11,15:29,SANSERA,64.761
2026-09-11,15:29,SANSTAR,20.0109
2026-09-11,15:29,SAPPHIRE,20.5876
2026-09-11,15:29,SAREGAMA,44.0376
2026-09-11,15:29,SARLAPOLY,6.8216
2026-09-11,15:29,SASKEN,33.2735
2026-09-11,15:29,SATIA,-1.9181
2026-09-11,15:29,SATIN,11.8175
2026-09-11,15:29,SBC,43.6256
2026-09-11,15:29,SBCL,80.0563
2026-09-11,15:29,SBFC,3.3688
2026-09-11,15:29,SBICARD,0.8543
2026-09-11,15:29,SCPL,45.9551
2026-09-11,15:29,SEAMECLTD,16.3263
2026-09-11,15:29,SEDEMAC,53.7184
2026-09-11,15:29,SEIL,-3.6552
2026-09-11,15:29,SENCO,0.5515
2026-09-11,15:29,SENORES,60.2468
2026-09-11,15:29,SETL,230.7312
2026-09-11,15:29,SFL,27.0648
2026-09-11,15:29,SGFIN,11.717
2026-09-11,15:29,SGIL,6.4055
2026-09-11,15:29,SGMART,38.3857
2026-09-11,15:29,SHADOWFAX,51.4735
2026-09-11,15:29,SHAILY,24.639
2026-09-11,15:29,SHALPAINTS,61.8463
2026-09-11,15:29,SHANTIGEAR,53.6536
2026-09-11,15:29,SHANTIGOLD,16.5974
2026-09-11,15:29,SHARDAMOTR,4.3914
2026-09-11,15:29,SHAREINDIA,35.7606
2026-09-11,15:29,SHILCTECH,0.0335
2026-09-11,15:29,SHILPAMED,117.504
2026-09-11,15:29,SHINDL,8.0748
2026-09-11,15:29,SHIVALIK,33.3026
2026-09-11,15:29,SHIVAUM,35.33
2026-09-11,15:29,SHK,-3.36
2026-09-11,15:29,SHOPERSTOP,10.7032
2026-09-11,15:29,SHREEJISPG,62.3064
2026-09-11,15:29,SHREEPUSHK,24.7662
2026-09-11,15:29,SHREERAMA,-1.0708
2026-09-11,15:29,SHRINGARMS,3.3536
2026-09-11,15:29,SHRIPISTON,22.7088
2026-09-11,15:29,SHRIRAMFIN,2.44
2026-09-11,15:29,SHYAMMETL,20.3583
2026-09-11,15:29,SICALLOG,43.5477
2026-09-11,15:29,SIEMENS,2.9986
2026-09-11,15:29,SIGACHI,90.5073
2026-09-11,15:29,SIGMAADV,184.2096
2026-09-11,15:29,SIKA,1.2262
2026-09-11,15:29,SIMPLEXINF,8.1849
2026-09-11,15:29,SINDHUTRAD,3.2272
2026-09-11,15:29,SIRCA,0.3994
2026-09-11,15:29,SIS,7.1009
2026-09-11,15:29,SJS,20.7489
2026-09-11,15:29,SKFINDUS,32.3055
2026-09-11,15:29,SKIPPER,12.4924
2026-09-11,15:29,SKMEGGPROD,43.1963
2026-09-11,15:29,SKYGOLD,72.7349
2026-09-11,15:29,SMARTWORKS,15.0553
2026-09-11,15:29,SMCGLOBAL,29.9683
2026-09-11,15:29,SMLMAH,69.9935
2026-09-11,15:29,SMSPHARMA,11.9444
2026-09-11,15:29,SOFTTECH,11.4437
2026-09-11,15:29,SOLARA,46.0901
2026-09-11,15:29,SOLARINDS,41.6137
2026-09-11,15:29,SOMANYCERA,19.2279
2026-09-11,15:29,SONACOMS,35.2558
2026-09-11,15:29,SONATSOFTW,-1.464
2026-09-11,15:29,SOTL,70.2115
2026-09-11,15:29,SOUTHBANK,8.5567
2026-09-11,15:29,SPAL,25.1682
2026-09-11,15:29,SPARC,24.7835
2026-09-11,15:29,SPECIALITY,36.4599
2026-09-11,15:29,SPECTRUM,161.4167
2026-09-11,15:29,SPLPETRO,8.968
2026-09-11,15:29,SPORTKING,38.356
2026-09-11,15:29,SREEL,80.5461
2026-09-11,15:29,SRHHYPOLTD,0.8471
2026-09-11,15:29,SSWL,72.7811
2026-09-11,15:29,STALLION,37.2416
2026-09-11,15:29,STAR,7.7778
2026-09-11,15:29,STARHEALTH,8.0453
2026-09-11,15:29,STEELCAS,12.6407
2026-09-11,15:29,STEL,30.3819
2026-09-11,15:29,STLNETWORK,23.2738
2026-09-11,15:29,STLTECH,163.1672
2026-09-11,15:29,STOVEKRAFT,46.0133
2026-09-11,15:29,STYL,58.6794
2026-09-11,15:29,STYLAMIND,43.3695
2026-09-11,15:29,SUBEXLTD,102.3346
2026-09-11,15:29,SUDARCOLOR,3.9132
2026-09-11,15:29,SUDARSCHEM,32.0148
2026-09-11,15:29,SUDEEPPHRM,78.285
2026-09-11,15:29,SUMICHEM,-3.8256
2026-09-11,15:29,SUNDARMFIN,0.2341
2026-09-11,15:29,SUNDRMFAST,46.499
2026-09-11,15:29,SUNDROP,-1.1571
2026-09-11,15:29,SUNPHARMA,-0.5513
2026-09-11,15:29,SUPRAJIT,16.6547
2026-09-11,15:29,SUPREMEINF,-0.1057
2026-09-11,15:29,SUPRIYA,28.0349
2026-09-11,15:29,SURAKSHA,15.4189
2026-09-11,15:29,SUTLEJTEX,5.1969
2026-09-11,15:29,SUVEN,66.5106
2026-09-11,15:29,SVLL,32.5874
2026-09-11,15:29,SWANDEF,47.0566
2026-09-11,15:29,SWIGGY,-0.5896
2026-09-11,15:29,SYRMA,50.026
2026-09-11,15:29,SYSTMTXC,4.979
2026-09-11,15:29,TAALTECH,82.6413
2026-09-11,15:29,TAJGVK,0.6917
2026-09-11,15:29,TALBROAUTO,29.9847
2026-09-11,15:29,TARC,-4.1718
2026-09-11,15:29,TARSONS,36.3358
2026-09-11,15:29,TASTYBITE,39.1157
2026-09-11,15:29,TATACAP,10.4718
2026-09-11,15:29,TATACOMM,10.7228
2026-09-11,15:29,TATATECH,21.4195
2026-09-11,15:29,TATVA,22.5956
2026-09-11,15:29,TBOTEK,31.4368
2026-09-11,15:29,TBZ,250.9837
2026-09-11,15:29,TCIEXP,-3.9119
2026-09-11,15:29,TCPLPACK,38.1957
2026-09-11,15:29,TECHM,5.0658
2026-09-11,15:29,TEGA,4.2883
2026-09-11,15:29,TEJASNET,19.3113
2026-09-11,15:29,TEXINFRA,12.9559
2026-09-11,15:29,TEXRAIL,3.2877
2026-09-11,15:29,TFCILTD,76.1579
2026-09-11,15:29,THANGAMAYL,25.5388
2026-09-11,15:29,THEJO,19.7488
2026-09-11,15:29,THELEELA,27.4501
2026-09-11,15:29,THEMISMED,29.6109
2026-09-11,15:29,THOMASCOOK,12.0359
2026-09-11,15:29,THYROCARE,18.8541
2026-09-11,15:29,TI,11.9193
2026-09-11,15:29,TIIL,28.0665
2026-09-11,15:29,TIL,17.9542
2026-09-11,15:29,TIMETECHNO,-3.7684
2026-09-11,15:29,TIMEX,72.3602
2026-09-11,15:29,TIMKEN,-4.1226
2026-09-11,15:29,TINNARUBR,23.0646
2026-09-11,15:29,TIPSMUSIC,1.3559
2026-09-11,15:29,TIRUPATIFL,57.9164
2026-09-11,15:29,TITAGARH,-0.5021
2026-09-11,15:29,TITAN,14.9073
2026-09-11,15:29,TMB,20.3621
2026-09-11,15:29,TMCV,1.1169
2026-09-11,15:29,TNPETRO,45.6662
2026-09-11,15:29,TNPL,-3.3667
2026-09-11,15:29,TORNTPHARM,13.932
2026-09-11,15:29,TPLPLASTEH,2.011
2026-09-11,15:29,TRANSPEK,13.3884
2026-09-11,15:29,TRAVELFOOD,0.304
2026-09-11,15:29,TREL,-2.565
2026-09-11,15:29,TRENT,-2.0095
2026-09-11,15:29,TRITURBINE,2.216
2026-09-11,15:29,TSFINV,4.919
2026-09-11,15:29,TTKHLTCARE,18.7733
2026-09-11,15:29,TTKPRESTIG,0.9867
2026-09-11,15:29,TVSMOTOR,14.0164
2026-09-11,15:29,TVSSCS,12.153
2026-09-11,15:29,TVSSRICHAK,29.1213
2026-09-11,15:29,UDS,31.0719
2026-09-11,15:29,UEL,29.2712
2026-09-11,15:29,UFBL,93.5873
2026-09-11,15:29,UFLEX,48.5451
2026-09-11,15:29,UGARSUGAR,19.3144
2026-09-11,15:29,UJJIVANSFB,4.5295
2026-09-11,15:29,ULTRAMAR,5.1785
2026-09-11,15:29,UNICHEMLAB,39.4033
2026-09-11,15:29,UNIMECH,56.6148
2026-09-11,15:29,UNIONBANK,5.5407
2026-09-11,15:29,UNIPARTS,67.9046
2026-09-11,15:29,UNITDSPR,8.1144
2026-09-11,15:29,UNITEDPOLY,32.1123
2026-09-11,15:29,UNIVASTU,102.381
2026-09-11,15:29,UNIVCABLES,40.6891
2026-09-11,15:29,UNIVPHOTO,10.2347
2026-09-11,15:29,UNOMINDA,6.5343
2026-09-11,15:29,URBANCO,14.2534
2026-09-11,15:29,USHAMART,5.3809
2026-09-11,15:29,UTLSOLAR,56.4913
2026-09-11,15:29,UTTAMSUGAR,8.3011
2026-09-11,15:29,V2RETAIL,4.6768
2026-09-11,15:29,VADILALIND,48.1525
2026-09-11,15:29,VALIANTLAB,63.0465
2026-09-11,15:29,VALIANTORG,30.4262
2026-09-11,15:29,VARROC,60.3678
2026-09-11,15:29,VEEDOL,-2.1642
2026-09-11,15:29,VELJAN,77.6316
2026-09-11,15:29,VENKEYS,12.3036
2026-09-11,15:29,VENUSPIPES,44.3547
2026-09-11,15:29,VENUSREM,73.8237
2026-09-11,15:29,VERANDA,1.4595
2026-09-11,15:29,VGUARD,-2.6027
2026-09-11,15:29,VIDHIING,12.006
2026-09-11,15:29,VIDYAWIRES,0.9033
2026-09-11,15:29,VIJAYA,26.1761
2026-09-11,15:29,VIMTALABS,23.2938
2026-09-11,15:29,VINCOFE,25.3505
2026-09-11,15:29,VINDHYATEL,88.8002
2026-09-11,15:29,VIPIND,-0.4478
2026-09-11,15:29,VISAKAIND,26.6629
2026-09-11,15:29,VISHNU,18.9421
2026-09-11,15:29,VIYASH,17.2775
2026-09-11,15:29,VLSFINANCE,0.0287
2026-09-11,15:29,VMART,24.3582
2026-09-11,15:29,VOLTAMP,12.1476
2026-09-11,15:29,VRLLOG,13.4146
2026-09-11,15:29,VSSL,42.4297
2026-09-11,15:29,WABAG,51.9208
2026-09-11,15:29,WAKEFIT,15.7859
2026-09-11,15:29,WELCORP,108.3444
2026-09-11,15:29,WELENT,48.9579
2026-09-11,15:29,WELINV,55.7762
2026-09-11,15:29,WELSPLSOL,34.9599
2026-09-11,15:29,WELSPUNLIV,56.2561
2026-09-11,15:29,WENDT,25.6416
2026-09-11,15:29,WESTLIFE,15.1987
2026-09-11,15:29,WEWORK,22.9027
2026-09-11,15:29,WHEELS,77.6265
2026-09-11,15:29,WINDLAS,31.1861
2026-09-11,15:29,WINDMACHIN,-0.5458
2026-09-11,15:29,WOCKPHARMA,26.9381
2026-09-11,15:29,WONDERLA,-1.5403
2026-09-11,15:29,WPIL,2.0516
2026-09-11,15:29,WSTCSTPAPR,35.0232
2026-09-11,15:29,XPROINDIA,16.2417
2026-09-11,15:29,YASHO,177.9253
2026-09-11,15:29,YATHARTH,17.5905
2026-09-11,15:29,YATRA,7.2876
2026-09-11,15:29,YESBANK,6.1003
2026-09-11,15:29,YUKEN,49.8184
2026-09-11,15:29,ZENTEC,9.9158
2026-09-11,15:29,ZFSTEERING,-4.1126
2026-09-11,15:29,ZIMLAB,48.2168
2026-09-11,15:29,ZSARACOM,10.1622
2026-09-11,15:29,ZUARIIND,-1.8858
2026-09-11,15:29,ZYDUSLIFE,19.2054
2026-09-11,15:29,ZYDUSWELL,8.6507
2026-09-15,15:29,20MICRONS,9.278
2026-09-15,15:29,360ONE,-5.3612
2026-09-15,15:29,3BBLACKBIO,4.3244
2026-09-15,15:29,3MINDIA,-3.2466
2026-09-15,15:29,63MOONS,16.5992
2026-09-15,15:29,AARTIDRUGS,7.2174
2026-09-15,15:29,AARTIIND,-3.9844
2026-09-15,15:29,AARTIPHARM,1.5174
2026-09-15,15:29,ABB,-2.5459
2026-09-15,15:29,ABBOTINDIA,-2.1536
2026-09-15,15:29,ABCAPITAL,2.6558
2026-09-15,15:29,ABDL,10.4196
2026-09-15,15:29,ABSLAMC,-4.6574
2026-09-15,15:29,ACCELYA,-4.4338
2026-09-15,15:29,ACE,25.0179
2026-09-15,15:29,ACMESOLAR,40.8139
2026-09-15,15:29,ACUTAAS,19.8298
2026-09-15,15:29,ADANIENSOL,-2.8549
2026-09-15,15:29,ADANIENT,16.5056
2026-09-15,15:29,ADANIPORTS,-1.0965
2026-09-15,15:29,ADFFOODS,-2.0615
2026-09-15,15:29,ADOR,42.4811
2026-09-15,15:29,ADVAIT,-1.661
2026-09-15,15:29,ADVANCE,1.0105
2026-09-15,15:29,AEGISLOG,78.936
2026-09-15,15:29,AEGISVOPAK,39.7372
2026-09-15,15:29,AEQUS,9.2954
2026-09-15,15:29,AEROENTER,5.0678
2026-09-15,15:29,AEROFLEX,22.7273
2026-09-15,15:29,AETHER,30.3177
2026-09-15,15:29,AFFLE,3.2041
2026-09-15,15:29,AFSL,-2.8794
2026-09-15,15:29,AGARWALEYE,11.6908
2026-09-15,15:29,AGI,16.0993
2026-09-15,15:29,AHCL,53.3435
2026-09-15,15:29,AHLWEST,15.2087
2026-09-15,15:29,AIAENG,-2.6514
2026-09-15,15:29,AIIL,8.1216
2026-09-15,15:29,AJANTPHARM,14.0333
2026-09-15,15:29,AJAXENGG,5.7262
2026-09-15,15:29,AKCAPIT,6.2678
2026-09-15,15:29,AKUMS,39.7172
2026-09-15,15:29,ALEMBICLTD,5.4227
2026-09-15,15:29,ALGOQUANT,9.6614
2026-09-15,15:29,ALICON,-4.8775
2026-09-15,15:29,ALIVUS,20.2212
2026-09-15,15:29,ALKYLAMINE,2.3458
2026-09-15,15:29,ALLDIGI,-3.7964
2026-09-15,15:29,AMAGI,30.6713
2026-09-15,15:29,AMANTA,42.7835
2026-09-15,15:29,AMBIKCO,-4.5732
2026-09-15,15:29,AMNPLST,-3.6946
2026-09-15,15:29,ANANDRATHI,20.8511
2026-09-15,15:29,ANANTRAJ,5.3967
2026-09-15,15:29,ANDHRAPAP,3.317
2026-09-15,15:29,ANDREWYU,0.9843
2026-09-15,15:29,ANTELOPUS,58.1048
2026-09-15,15:29,ANTHEM,20.9635
2026-09-15,15:29,ANUHPHR,8.8576
2026-09-15,15:29,APARINDS,29.2868
2026-09-15,15:29,APCOTEXIND,12.7799
2026-09-15,15:29,APLAPOLLO,7.377
2026-09-15,15:29,APLLTD,6.2069
2026-09-15,15:29,APOLLO,22.9057
2026-09-15,15:29,APOLLOHOSP,11.1905
2026-09-15,15:29,APOLLOPIPE,4.2903
2026-09-15,15:29,APOLLOTYRE,-0.9389
2026-09-15,15:29,ARIES,24.5362
2026-09-15,15:29,ARIHANT,-5.9468
2026-09-15,15:29,ARIHANTCAP,9.52
2026-09-15,15:29,ARKADE,-7.3458
2026-09-15,15:29,ARMANFIN,7.8311
2026-09-15,15:29,ARROWGREEN,51.2263
2026-09-15,15:29,ARTEMISMED,24.8253
2026-09-15,15:29,ARVIND,22.9292
2026-09-15,15:29,ARVINDFASN,-6.3593
2026-09-15,15:29,ASAHIINDIA,13.4071
2026-09-15,15:29,ASIANENE,63.8528
2026-09-15,15:29,ASIANHOTNR,32.868
2026-09-15,15:29,ASIANPAINT,-5.0502
2026-09-15,15:29,ASKAUTOLTD,32.8427
2026-09-15,15:29,ASTEC,-5.8092
2026-09-15,15:29,ASTERDM,0.3656
2026-09-15,15:29,ASTRAMICRO,37.1011
2026-09-15,15:29,ATHERENERG,72.8946
2026-09-15,15:29,ATLANTAELE,2.6212
2026-09-15,15:29,AUBANK,-0.4262
2026-09-15,15:29,AUROPHARMA,12.2608
2026-09-15,15:29,AURUM,24.5905
2026-09-15,15:29,AVADHSUGAR,40.0153
2026-09-15,15:29,AVALON,72.0988
2026-09-15,15:29,AVL,9.8885
2026-09-15,15:29,AVTNPL,25.2942
2026-09-15,15:29,AXISBANK,-5.3995
2026-09-15,15:29,AYE,25.0176
2026-09-15,15:29,AYMSYNTEX,16.2821
2026-09-15,15:29,AZAD,20.507
2026-09-15,15:29,BAFNAPH,134.1869
2026-09-15,15:29,BAJAJ-AUTO,7.7228
2026-09-15,15:29,BAJAJCON,-3.3663
2026-09-15,15:29,BAJAJFINSV,1.6991
2026-09-15,15:29,BAJAJHCARE,-5.5343
2026-09-15,15:29,BAJAJHFL,-4.5129
2026-09-15,15:29,BAJAJHLDNG,4.7466
2026-09-15,15:29,BAJFINANCE,3.7471
2026-09-15,15:29,BALAMINES,37.9611
2026-09-15,15:29,BALKRISIND,-5.7297
2026-09-15,15:29,BALRAMCHIN,28.8487
2026-09-15,15:29,BANKINDIA,-1.9662
2026-09-15,15:29,BANSALWIRE,-6.9404
2026-09-15,15:29,BBOX,1.2421
2026-09-15,15:29,BECTORFOOD,9.5689
2026-09-15,15:29,BEEKAY,0.2419
2026-09-15,15:29,BELRISE,-0.5616
2026-09-15,15:29,BEML,-3.0447
2026-09-15,15:29,BENGALASM,-4.1034
2026-09-15,15:29,BEPL,22.7023
2026-09-15,15:29,BETA,54.8966
2026-09-15,15:29,BFINVEST,-3.0822
2026-09-15,15:29,BHAGCHEM,-4.4525
2026-09-15,15:29,BHAGERIA,83.5439
2026-09-15,15:29,BHAGYANGR,32.9176
2026-09-15,15:29,BHARATCOAL,-2.8486
2026-09-15,15:29,BHARATFORG,-5.8056
2026-09-15,15:29,BHARATSE,3.9514
2026-09-15,15:29,BHARTIARTL,0.208
2026-09-15,15:29,BHARTIHEXA,-0.6664
2026-09-15,15:29,BHEL,1.5746
2026-09-15,15:29,BIL,35.2841
2026-09-15,15:29,BIOCON,-0.0654
2026-09-15,15:29,BIRLACABLE,129.7289
2026-09-15,15:29,BLACKBUCK,9.1704
2026-09-15,15:29,BLACKROSE,17.3305
2026-09-15,15:29,BLISSGVS,151.8199
2026-09-15,15:29,BLSE,54.4246
2026-09-15,15:29,BLUEJET,12.2973
2026-09-15,15:29,BLUESTONE,64.8036
2026-09-15,15:29,BLUSPRING,83.8421
2026-09-15,15:29,BODALCHEM,141.702
2026-09-15,15:29,BOROLTD,-4.4039
2026-09-15,15:29,BOROSCI,-2.7785
2026-09-15,15:29,BOSCH-HCIL,15.2873
2026-09-15,15:29,BOSCHLTD,24.2116
2026-09-15,15:29,BPCL,-2.9096
2026-09-15,15:29,BRIGADE,5.5822
2026-09-15,15:29,BUILDPRO,12.5537
2026-09-15,15:29,CANHLIFE,6.4152
2026-09-15,15:29,CANTABIL,0.6661
2026-09-15,15:29,CAPITALSFB,-2.1763
2026-09-15,15:29,CAPLIPOINT,37.7156
2026-09-15,15:29,CARBORUNIV,2.8304
2026-09-15,15:29,CARERATING,-0.9147
2026-09-15,15:29,CARTRADE,56.9934
2026-09-15,15:29,CARYSIL,17.8291
2026-09-15,15:29,CASTROLIND,1.2398
2026-09-15,15:29,CDSL,3.2446
2026-09-15,15:29,CEATLTD,-2.2396
2026-09-15,15:29,CEIGALL,4.3971
2026-09-15,15:29,CEMPRO,24.4048
2026-09-15,15:29,CENTENKA,22.5835
2026-09-15,15:29,CENTUM,36.1279
2026-09-15,15:29,CERA,2.1167
2026-09-15,15:29,CGCL,27.4608
2026-09-15,15:29,CGPOWER,-0.128
2026-09-15,15:29,CHALET,6.8255
2026-09-15,15:29,CHEMBONDCH,31.1812
2026-09-15,15:29,CHEMCON,25.4208
2026-09-15,15:29,CHENNPETRO,36.759
2026-09-15,15:29,CHOICEIN,7.3121
2026-09-15,15:29,CHOLAFIN,6.062
2026-09-15,15:29,CIPLA,-0.8295
2026-09-15,15:29,CLEAN,-6.4546
2026-09-15,15:29,CLEANMAX,13.2973
2026-09-15,15:29,CLSEL,-5.6458
2026-09-15,15:29,CMPDI,-2.2126
2026-09-15,15:29,COCKERILL,48.5079
2026-09-15,15:29,COFFEEDAY,13.4055
2026-09-15,15:29,COFORGE,38.139
2026-09-15,15:29,COMSYN,89.0534
2026-09-15,15:29,CONCORDBIO,22.8831
2026-09-15,15:29,CONFIPET,56.517
2026-09-15,15:29,CONSOFINVT,32.0854
2026-09-15,15:29,COROMANDEL,-1.3181
2026-09-15,15:29,CORONA,27.2534
2026-09-15,15:29,COSMOFIRST,12.0018
2026-09-15,15:29,CPPLUS,48.7313
2026-09-15,15:29,CRAFTSMAN,28.5053
2026-09-15,15:29,CREDITACC,-5.4214
2026-09-15,15:29,CREST,-6.1152
2026-09-15,15:29,CRISIL,10.7153
2026-09-15,15:29,CUB,11.1724
2026-09-15,15:29,CUPID,116.8675
2026-09-15,15:29,CYIENT,20.6284
2026-09-15,15:29,CYIENTDLM,107.7919
2026-09-15,15:29,DALMIASUG,2.5232
2026-09-15,15:29,DATAMATICS,-6.9068
2026-09-15,15:29,DATAPATTNS,2.5576
2026-09-15,15:29,DBOL,-5.7188
2026-09-15,15:29,DCBBANK,19.0652
2026-09-15,15:29,DCMSIL,-6.1653
2026-09-15,15:29,DDEVPLSTIK,0.8246
2026-09-15,15:29,DECNGOLD,78.142
2026-09-15,15:29,DEEDEV,32.707
2026-09-15,15:29,DEEPAKFERT,-4.0048
2026-09-15,15:29,DEEPINDS,56.9571
2026-09-15,15:29,DEN,-5.5358
2026-09-15,15:29,DENTA,-6.7657
2026-09-15,15:29,DEVYANI,14.5765
2026-09-15,15:29,DHAMPURSUG,1.8999
2026-09-15,15:29,DHARMAJ,-2.9662
2026-09-15,15:29,DHUNINV,2.4823
2026-09-15,15:29,DIACABS,128.0753
2026-09-15,15:29,DIAMONDYD,9.7033
2026-09-15,15:29,DICIND,7.0668
2026-09-15,15:29,DIFFNKG,35.3127
2026-09-15,15:29,DISAQ,-4.4904
2026-09-15,15:29,DIVGIITTS,52.1315
2026-09-15,15:29,DIVISLAB,37.2324
2026-09-15,15:29,DIXON,19.2976
2026-09-15,15:29,DLF,0.3232
2026-09-15,15:29,DODLA,-5.2867
2026-09-15,15:29,DOLPHIN,52.15
2026-09-15,15:29,DPABHUSHAN,23.4767
2026-09-15,15:29,DRAGARWQ,1.2636
2026-09-15,15:29,DREDGECORP,3.08
2026-09-15,15:29,DVL,9.8077
2026-09-15,15:29,DYCL,3.9779
2026-09-15,15:29,DYNAMATECH,-2.6925
2026-09-15,15:29,E2E,76.9238
2026-09-15,15:29,EBGNG,52.0149
2026-09-15,15:29,ECLERX,18.8931
2026-09-15,15:29,EDELWEISS,6.2021
2026-09-15,15:29,EFCIL,-5.7439
2026-09-15,15:29,EICHERMOT,1.7059
2026-09-15,15:29,EIFFL,11.3535
2026-09-15,15:29,EIMCOELECO,39.4576
2026-09-15,15:29,ELANTAS,38.5651
2026-09-15,15:29,ELECTHERM,20.0063
2026-09-15,15:29,ELGIEQUIP,8.8379
2026-09-15,15:29,ELPROINTL,35.0391
2026-09-15,15:29,EMAMIPAP,38.277
2026-09-15,15:29,EMCURE,19.7141
2026-09-15,15:29,EMIL,52.6772
2026-09-15,15:29,EMKAY,0.9406
2026-09-15,15:29,EMMVEE,24.0279
2026-09-15,15:29,EMSLIMITED,1.2591
2026-09-15,15:29,EMUDHRA,10.5033
2026-09-15,15:29,ENDURANCE,3.0912
2026-09-15,15:29,ENGINERSIN,0.4209
2026-09-15,15:29,ENRIN,-3.5292
2026-09-15,15:29,ENTERO,42.3797
2026-09-15,15:29,EPACKPEB,3.8243
2026-09-15,15:29,EPL,0.6571
2026-09-15,15:29,EQUITASBNK,-2.6337
2026-09-15,15:29,ERIS,-5.2848
2026-09-15,15:29,ESAFSFB,41.6424
2026-09-15,15:29,ETERNAL,22.4652
2026-09-15,15:29,ETHOSLTD,7.8383
2026-09-15,15:29,EVEREADY,0.3128
2026-09-15,15:29,EVERESTIND,-3.7511
2026-09-15,15:29,EXCELINDUS,-6.9294
2026-09-15,15:29,EXICOM,37.2809
2026-09-15,15:29,EXIDEIND,12.2788
2026-09-15,15:29,EXPLEOSOL,3.2683
2026-09-15,15:29,FAIRCHEMOR,-2.6774
2026-09-15,15:29,FAZE3Q,2.3518
2026-09-15,15:29,FCL,94.1622
2026-09-15,15:29,FDC,-6.8832
2026-09-15,15:29,FEDDERSHOL,42.6829
2026-09-15,15:29,FEDERALBNK,15.4688
2026-09-15,15:29,FEDFINA,1.3401
2026-09-15,15:29,FILATEX,81.8403
2026-09-15,15:29,FINCABLES,23.1639
2026-09-15,15:29,FINEORG,10.6186
2026-09-15,15:29,FINKURVE,0.8464
2026-09-15,15:29,FINOPB,1.0862
2026-09-15,15:29,FIVESTAR,14.5166
2026-09-15,15:29,FLUOROCHEM,21.1378
2026-09-15,15:29,FMGOETZE,-6.2875
2026-09-15,15:29,FORTIS,-7.1331
2026-09-15,15:29,FOSECOIND,25.5523
2026-09-15,15:29,FSL,20.4822
2026-09-15,15:29,GABRIEL,15.4358
2026-09-15,15:29,GAEL,-2.6735
2026-09-15,15:29,GAIL,2.1643
2026-09-15,15:29,GALAPREC,22.1798
2026-09-15,15:29,GALAXYSURF,10.5723
2026-09-15,15:29,GANDHAR,70.2288
2026-09-15,15:29,GANDHITUBE,0.8859
2026-09-15,15:29,GANECOS,-2.63
2026-09-15,15:29,GANESHBE,24.1335
2026-09-15,15:29,GANESHHOU,6.7249
2026-09-15,15:29,GARFIBRES,16.8117
2026-09-15,15:29,GAUDIUMIVF,-4.6659
2026-09-15,15:29,GAYAPROJ,33.9652
2026-09-15,15:29,GCSL,56.3889
2026-09-15,15:29,GEECEE,16.1387
2026-09-15,15:29,GEMAROMA,-5.0685
2026-09-15,15:29,GENESYS,53.6074
2026-09-15,15:29,GEOJITFSL,12.9183
2026-09-15,15:29,GFLLIMITED,12.6236
2026-09-15,15:29,GHCLTEXTIL,28.4441
2026-09-15,15:29,GIPCL,18.7252
2026-09-15,15:29,GKSL,32.7623
2026-09-15,15:29,GLAND,54.7899
2026-09-15,15:29,GLAXO,13.6058
2026-09-15,15:29,GLENMARK,0.0042
2026-09-15,15:29,GLOBAL,8.3519
2026-09-15,15:29,GLOTTIS,1.8813
2026-09-15,15:29,GMBREW,-6.6289
2026-09-15,15:29,GMMPFAUDLR,47.3385
2026-09-15,15:29,GNA,20.7847
2026-09-15,15:29,GNFC,7.8719
2026-09-15,15:29,GNRL,-0.185
2026-09-15,15:29,GOCLCORP,31.1409
2026-09-15,15:29,GOCOLORS,6.9074
2026-09-15,15:29,GODREJAGRO,10.0443
2026-09-15,15:29,GOKEX,2.1367
2026-09-15,15:29,GOODLUCK,10.8419
2026-09-15,15:29,GPPL,0.2862
2026-09-15,15:29,GPTHEALTH,11.9183
2026-09-15,15:29,GPTINFRA,-5.0404
2026-09-15,15:29,GRANDOAK,10.3067
2026-09-15,15:29,GRANULES,17.3638
2026-09-15,15:29,GRAPHITE,7.2679
2026-09-15,15:29,GRASIM,7.1067
2026-09-15,15:29,GRAUWEIL,4.3404
2026-09-15,15:29,GREAVESCOT,11.3803
2026-09-15,15:29,GREENLAM,-0.6272
2026-09-15,15:29,GREENPLY,5.0441
2026-09-15,15:29,GRINDWELL,10.0337
2026-09-15,15:29,GROWW,-5.0185
2026-09-15,15:29,GRPLTD,7.9049
2026-09-15,15:29,GRWRHITECH,21.134
2026-09-15,15:29,GSPCROP,9.3909
2026-09-15,15:29,GUFICBIO,42.1501
2026-09-15,15:29,GUJTHEM,7.8417
2026-09-15,15:29,GULFOILLUB,5.0211
2026-09-15,15:29,GVPIL,-7.1295
2026-09-15,15:29,HAL,-1.8214
2026-09-15,15:29,HALDYNGL,26.9875
2026-09-15,15:29,HAPPYFORGE,46.8843
2026-09-15,15:29,HARIOMPIPE,7.4736
2026-09-15,15:29,HARSHA,-3.2023
2026-09-15,15:29,HATSUN,29.5008
2026-09-15,15:29,HAWKINCOOK,13.0039
2026-09-15,15:29,HCG,10.4633
2026-09-15,15:29,HCLTECH,5.9405
2026-09-15,15:29,HDBFS,-5.1174
2026-09-15,15:29,HEALTHX,5.3802
2026-09-15,15:29,HEG,13.7844
2026-09-15,15:29,HERITGFOOD,7.9781
2026-09-15,15:29,HEROMOTOCO,-3.3127
2026-09-15,15:29,HESTERBIO,32.5885
2026-09-15,15:29,HEXATRADEX,-6.8187
2026-09-15,15:29,HFCL,51.8121
2026-09-15,15:29,HIKAL,-0.3194
2026-09-15,15:29,HINDOILEXP,7.0093
2026-09-15,15:29,HIRECT,27.0389
2026-09-15,15:29,HITECHCORP,122.1394
2026-09-15,15:29,HLEGLAS,10.1853
2026-09-15,15:29,HMAAGRO,-5.0304
2026-09-15,15:29,HMT,-1.5471
2026-09-15,15:29,HMVL,17.1446
2026-09-15,15:29,HNDFDS,9.2212
2026-09-15,15:29,HOMEFIRST,-3.4661
2026-09-15,15:29,HONASA,28.9481
2026-09-15,15:29,HONAUT,9.7696
2026-09-15,15:29,HSCL,3.6347
2026-09-15,15:29,HTMEDIA,5.6528
2026-09-15,15:29,HUHTAMAKI,29.9297
2026-09-15,15:29,HYUNDAI,16.5704
2026-09-15,15:29,IBULLSLTD,37.2
2026-09-15,15:29,ICICIAMC,-7.169
2026-09-15,15:29,ICICIBANK,5.5825
2026-09-15,15:29,ICIL,46.7193
2026-09-15,15:29,IDBI,9.4905
2026-09-15,15:29,IDFCFIRSTB,20.4717
2026-09-15,15:29,IFBIND,5.1413
2026-09-15,15:29,IFCI,20.4602
2026-09-15,15:29,IFGLEXPOR,6.4283
2026-09-15,15:29,IGARASHI,9.9359
2026-09-15,15:29,IGPL,13.9494
2026-09-15,15:29,IIFL,25.1723
2026-09-15,15:29,IIFLCAPS,-3.9806
2026-09-15,15:29,IKIO,21.8169
2026-09-15,15:29,IKS,5.1483
2026-09-15,15:29,IL&FSENGG,39.395
2026-09-15,15:29,IMAGICAA,6.4598
2026-09-15,15:29,IMPAL,5.5012
2026-09-15,15:29,INDGN,7.5461
2026-09-15,15:29,INDHOTEL,6.86
2026-09-15,15:29,INDIAGLYCO,22.8624
2026-09-15,15:29,INDIANB,-2.7883
2026-09-15,15:29,INDIANHUME,2.8472
2026-09-15,15:29,INDIGO,5.9708
2026-09-15,15:29,INDIGOPNTS,14.8372
2026-09-15,15:29,INDIQUBE,15.5111
2026-09-15,15:29,INDNIPPON,57.7357
2026-09-15,15:29,INDOAMIN,0.3682
2026-09-15,15:29,INDOBORAX,71.4605
2026-09-15,15:29,INDOCO,-3.6944
2026-09-15,15:29,INDORAMA,110.1777
2026-09-15,15:29,INDOSTAR,3.3341
2026-09-15,15:29,INDOTECH,25.0398
2026-09-15,15:29,INDSWFTLAB,171.0197
2026-09-15,15:29,INDUSINDBK,1.0085
2026-09-15,15:29,INDUSTOWER,-5.932
2026-09-15,15:29,INFY,-7.3708
2026-09-15,15:29,INGERRAND,-4.7052
2026-09-15,15:29,INNOVACAP,32.0095
2026-09-15,15:29,INOXINDIA,28.1956
2026-09-15,15:29,INVPRECQ,120.0974
2026-09-15,15:29,IOLCP,83.5395
2026-09-15,15:29,IONEXCHANG,1.2896
2026-09-15,15:29,IPCALAB,23.8639
2026-09-15,15:29,IRIS,-3.1762
2026-09-15,15:29,IRISDOREME,56.324
2026-09-15,15:29,ITDC,10.1011
2026-09-15,15:29,IXIGO,-4.8963
2026-09-15,15:29,IZMO,26.0888
2026-09-15,15:29,J&KBANK,3.6668
2026-09-15,15:29,JAGSNPHARM,5.5132
2026-09-15,15:29,JAMNAAUTO,-1.5636
2026-09-15,15:29,JARO,12.2403
2026-09-15,15:29,JASH,17.8945
2026-09-15,15:29,JAYAGROGN,11.6627
2026-09-15,15:29,JAYBARMARU,17.2162
2026-09-15,15:29,JAYKAY,-6.8927
2026-09-15,15:29,JBMA,-3.2522
2026-09-15,15:29,JGCHEM,33.5186
2026-09-15,15:29,JINDALPHOT,-2.4485
2026-09-15,15:29,JINDALPOLY,1.8144
2026-09-15,15:29,JINDALSAW,19.1949
2026-09-15,15:29,JINDRILL,11.9809
2026-09-15,15:29,JINDWORLD,83.3148
2026-09-15,15:29,JKPAPER,7.8016
2026-09-15,15:29,JLHL,9.6411
2026-09-15,15:29,JNKINDIA,14.623
2026-09-15,15:29,JSFB,3.8135
2026-09-15,15:29,JSL,-5.6157
2026-09-15,15:29,JSWCEMENT,-6.5035
2026-09-15,15:29,JSWDULUX,5.6432
2026-09-15,15:29,JSWINFRA,15.8784
2026-09-15,15:29,JSWSTEEL,-4.2232
2026-09-15,15:29,JTLIND,0.2919
2026-09-15,15:29,JUBLCPL,15.1995
2026-09-15,15:29,JUBLFOOD,-2.714
2026-09-15,15:29,JUBLPHARMA,3.1392
2026-09-15,15:29,JUNIPER,0.9112
2026-09-15,15:29,JUSTDIAL,21.4738
2026-09-15,15:29,JYOTICNC,24.3469
2026-09-15,15:29,KABRAEXTRU,164.8746
2026-09-15,15:29,KAJARIACER,10.4478
2026-09-15,15:29,KALYANKJIL,46.9537
2026-09-15,15:29,KAMATHOTEL,17.6204
2026-09-15,15:29,KAMDHENU,52.5049
2026-09-15,15:29,KANORICHEM,79.8647
2026-09-15,15:29,KANPRPLA,11.8741
2026-09-15,15:29,KAPSTON,65.3316
2026-09-15,15:29,KARURVYSYA,3.4763
2026-09-15,15:29,KAYA,21.0879
2026-09-15,15:29,KDDL,54.7349
2026-09-15,15:29,KENNAMET,50.5646
2026-09-15,15:29,KERNEX,9.0747
2026-09-15,15:29,KFINTECH,-4.6089
2026-09-15,15:29,KICL,-5.0358
2026-09-15,15:29,KILITCH,20.6241
2026-09-15,15:29,KIMS,8.4884
2026-09-15,15:29,KINGFA,16.0151
2026-09-15,15:29,KIRANVYPAR,2.8116
2026-09-15,15:29,KIRIINDUS,20.9181
2026-09-15,15:29,KIRLFER,2.5932
2026-09-15,15:29,KIRLOSBROS,-1.9352
2026-09-15,15:29,KIRLOSENG,18.155
2026-09-15,15:29,KIRLOSIND,14.2431
2026-09-15,15:29,KKCL,0.3926
2026-09-15,15:29,KMEW,26.3302
2026-09-15,15:29,KOLTEPATIL,9.512
2026-09-15,15:29,KOPRAN,51.9241
2026-09-15,15:29,KOTAKBANK,8.0127
2026-09-15,15:29,KOTHARIPET,-4.8471
2026-09-15,15:29,KOVAI,5.3009
2026-09-15,15:29,KPIL,6.341
2026-09-15,15:29,KPL,98.6451
2026-09-15,15:29,KPRMILL,14.5399
2026-09-15,15:29,KRBL,5.08
2026-09-15,15:29,KRISHANA,30.1984
2026-09-15,15:29,KRN,13.9031
2026-09-15,15:29,KRONOX,19.8115
2026-09-15,15:29,KROSS,5.9878
2026-09-15,15:29,KRYSTAL,-1.0662
2026-09-15,15:29,KSHINTL,68.0714
2026-09-15,15:29,KSL,4.0365
2026-09-15,15:29,KTKBANK,18.422
2026-09-15,15:29,KUANTUM,-5.3909
2026-09-15,15:29,KWIL,40.9389
2026-09-15,15:29,LALPATHLAB,21.7758
2026-09-15,15:29,LANDMARK,15.1408
2026-09-15,15:29,LAURUSLABS,59.7099
2026-09-15,15:29,LENSKART,40.5228
2026-09-15,15:29,LGBBROSLTD,-1.2924
2026-09-15,15:29,LGEINDIA,5.6398
2026-09-15,15:29,LICI,-3.4716
2026-09-15,15:29,LIKHITHA,-0.7548
2026-09-15,15:29,LLOYDSENGG,30.0963
2026-09-15,15:29,LLOYDSENT,-3.2055
2026-09-15,15:29,LLOYDSME,3.0173
2026-09-15,15:29,LMW,13.944
2026-09-15,15:29,LODHA,10.0739
2026-09-15,15:29,LOKESHMACH,25.212
2026-09-15,15:29,LOTUSDEV,45.0778
2026-09-15,15:29,LT,-4.2829
2026-09-15,15:29,LTF,-2.2559
2026-09-15,15:29,LTFOODS,-2.5798
2026-09-15,15:29,LTM,2.2729
2026-09-15,15:29,LUMAXIND,6.3145
2026-09-15,15:29,LUMAXTECH,16.6345
2026-09-15,15:29,LXCHEM,2.3853
2026-09-15,15:29,M&MFIN,4.2168
2026-09-15,15:29,MACPOWER,52.4006
2026-09-15,15:29,MAGADSUGAR,-1.9879
2026-09-15,15:29,MAHABANK,-6.7401
2026-09-15,15:29,MAHASTEEL,54.6133
2026-09-15,15:29,MAHLIFE,0.2463
2026-09-15,15:29,MAHLOG,-3.3928
2026-09-15,15:29,MAHSCOOTER,0.5071
2026-09-15,15:29,MAHSEAMLES,7.4483
2026-09-15,15:29,MAITHANALL,-1.7097
2026-09-15,15:29,MANAKCOAT,20.8427
2026-09-15,15:29,MANAKSTEEL,68.8574
2026-09-15,15:29,MANALIPETC,41.5534
2026-09-15,15:29,MANAPPURAM,0.8062
2026-09-15,15:29,MANBA,15.0778
2026-09-15,15:29,MANGLMCEM,6.8813
2026-09-15,15:29,MANINDS,51.2067
2026-09-15,15:29,MANINFRA,-7.3687
2026-09-15,15:29,MANKIND,-3.987
2026-09-15,15:29,MANORAMA,23.6143
2026-09-15,15:29,MANYAVAR,27.0231
2026-09-15,15:29,MARICO,-4.915
2026-09-15,15:29,MARINE,59.8295
2026-09-15,15:29,MARKSANS,54.0981
2026-09-15,15:29,MASTEK,-2.0862
2026-09-15,15:29,MASTERTR,0.8408
2026-09-15,15:29,MATRIMONY,14.9388
2026-09-15,15:29,MAWANASUG,12.713
2026-09-15,15:29,MAXESTATES,35.8081
2026-09-15,15:29,MAXHEALTH,1.4478
2026-09-15,15:29,MAYURUNIQ,23.1532
2026-09-15,15:29,MAZDA,18.3079
2026-09-15,15:29,MBAPL,35.0962
2026-09-15,15:29,MBECL,8423.8329
2026-09-15,15:29,MCCHRLS-B,-2.1739
2026-09-15,15:29,MCLOUD,-6.1973
2026-09-15,15:29,MCX,4.3022
2026-09-15,15:29,MEDANTA,17.4994
2026-09-15,15:29,MEESHO,6.8464
2026-09-15,15:29,MENONBE,122.1209
2026-09-15,15:29,METROPOLIS,13.2318
2026-09-15,15:29,MIDHANI,-1.8975
2026-09-15,15:29,MINDACORP,26.5046
2026-09-15,15:29,MMFL,19.5972
2026-09-15,15:29,MMP,54.6388
2026-09-15,15:29,MOBIKWIK,-6.4636
2026-09-15,15:29,MODIS,-4.2292
2026-09-15,15:29,MODISONLTD,192.375
2026-09-15,15:29,MOL,-1.7362
2026-09-15,15:29,MOLDTECH,49.4916
2026-09-15,15:29,MOLDTKPAC,9.202
2026-09-15,15:29,MONARCH,16.7012
2026-09-15,15:29,MONTECARLO,-6.2224
2026-09-15,15:29,MOREPENLAB,141.2446
2026-09-15,15:29,MOTHERSON,21.2528
2026-09-15,15:29,MOTILALOFS,11.1635
2026-09-15,15:29,MPHASIS,8.431
2026-09-15,15:29,MPSLTD,53.3309
2026-09-15,15:29,MRF,-3.2086
2026-09-15,15:29,MRPL,7.3769
2026-09-15,15:29,MSTCLTD,54.2285
2026-09-15,15:29,MTARTECH,4.0437
2026-09-15,15:29,MUFIN,11.6928
2026-09-15,15:29,MUKANDLTD,-2.6278
2026-09-15,15:29,MUKKA,27.6535
2026-09-15,15:29,MUNJALAU,20.9649
2026-09-15,15:29,MVGJL,8.0522
2026-09-15,15:29,NAHARINDUS,8.3447
2026-09-15,15:29,NAHARSPING,-6.8961
2026-09-15,15:29,NAM-INDIA,4.1268
2026-09-15,15:29,NAUKRI,28.482
2026-09-15,15:29,NAVINFLUOR,16.1327
2026-09-15,15:29,NAZARA,30.2715
2026-09-15,15:29,NBIFIN,-7.1432
2026-09-15,15:29,NCLIND,-1.8605
2026-09-15,15:29,NELCO,26.2188
2026-09-15,15:29,NEOGEN,33.5356
2026-09-15,15:29,NEPHROPLUS,34.8532
2026-09-15,15:29,NETWEB,7.235
2026-09-15,15:29,NEULANDLAB,30.7203
2026-09-15,15:29,NEWGEN,-0.2597
2026-09-15,15:29,NGLFINE,-2.8156
2026-09-15,15:29,NH,2.0849
2026-09-15,15:29,NHPC,-6.7909
2026-09-15,15:29,NIACL,12.3765
2026-09-15,15:29,NIBE,15.6731
2026-09-15,15:29,NIITLTD,17.3814
2026-09-15,15:29,NILKAMAL,55.4024
2026-09-15,15:29,NINSYS,31.3407
2026-09-15,15:29,NIRLON,3.2577
2026-09-15,15:29,NITINSPIN,30.4564
2026-09-15,15:29,NITTAGELA,39.1697
2026-09-15,15:29,NIVABUPA,1.8241
2026-09-15,15:29,NOCIL,-2.7748
2026-09-15,15:29,NORTHARC,3.3913
2026-09-15,15:29,NOVARTIND,105.1955
2026-09-15,15:29,NPST,32.6993
2026-09-15,15:29,NRAIL,26.4298
2026-09-15,15:29,NRBBEARING,60.2032
2026-09-15,15:29,NRL,139.3457
2026-09-15,15:29,NSLNISP,-6.3065
2026-09-15,15:29,NUVAMA,13.1367
2026-09-15,15:29,NUVOCO,-6.7469
2026-09-15,15:29,NYKAA,24.5877
2026-09-15,15:29,OAL,59.6968
2026-09-15,15:29,OBEROIRLTY,-0.3881
2026-09-15,15:29,OCCLLTD,45.6396
2026-09-15,15:29,OFSS,24.2617
2026-09-15,15:29,OIL,7.232
2026-09-15,15:29,OLAELEC,8.3785
2026-09-15,15:29,OLECTRA,-7.135
2026-09-15,15:29,OMAXE,35.6314
2026-09-15,15:29,OMNI,25.1274
2026-09-15,15:29,ONEPOINT,-4.8195
2026-09-15,15:29,ONWARDTEC,13.095
2026-09-15,15:29,OPTIEMUS,36.4498
2026-09-15,15:29,ORBTEXP,38.6936
2026-09-15,15:29,ORCHPHARMA,44.8867
2026-09-15,15:29,ORIENTBELL,9.0338
2026-09-15,15:29,ORIENTCER,6.3643
2026-09-15,15:29,ORIENTHOT,28.1985
2026-09-15,15:29,PAISALO,70.4743
2026-09-15,15:29,PANACEABIO,-6.935
2026-09-15,15:29,PANACHE,54.4751
2026-09-15,15:29,PANAMAPET,51.1063
2026-09-15,15:29,PARACABLES,32.1906
2026-09-15,15:29,PARADEEP,17.2305
2026-09-15,15:29,PARAGMILK,9.3831
2026-09-15,15:29,PARAS,54.0195
2026-09-15,15:29,PARKHOSPS,13.4802
2026-09-15,15:29,PASUPTAC,30.4702
2026-09-15,15:29,PATELRMART,-1.9891
2026-09-15,15:29,PAUSHAKLTD,32.6856
2026-09-15,15:29,PAYTM,44.4797
2026-09-15,15:29,PCBL,3.1532
2026-09-15,15:29,PDMJEPAPER,10.9062
2026-09-15,15:29,PDSL,11.3424
2026-09-15,15:29,PENIND,-2.278
2026-09-15,15:29,PERSISTENT,9.9017
2026-09-15,15:29,PETRONET,0.6558
2026-09-15,15:29,PFOCUS,3.6387
2026-09-15,15:29,PGEL,-3.268
2026-09-15,15:29,PGHL,1.6446
2026-09-15,15:29,PGIL,44.1344
2026-09-15,15:29,PHOENIXLTD,0.2241
2026-09-15,15:29,PIDILITIND,4.8745
2026-09-15,15:29,PINELABS,-3.8786
2026-09-15,15:29,PITTIENG,11.208
2026-09-15,15:29,PIXTRANS,14.5992
2026-09-15,15:29,PLASTIBLEN,6.9786
2026-09-15,15:29,PNB,5.1233
2026-09-15,15:29,PNBGILTS,4.6789
2026-09-15,15:29,PNBHOUSING,8.8817
2026-09-15,15:29,PNGSREVA,7.9275
2026-09-15,15:29,POLICYBZR,3.0818
2026-09-15,15:29,POLYMED,1.4703
2026-09-15,15:29,POLYPLEX,16.306
2026-09-15,15:29,POONAWALLA,-4.6302
2026-09-15,15:29,POWERICA,8.2715
2026-09-15,15:29,PPL,27.5163
2026-09-15,15:29,PPLPHARMA,10.744
2026-09-15,15:29,PRABHA,48.4039
2026-09-15,15:29,PRADPME,20.8108
2026-09-15,15:29,PRECOT,4.6912
2026-09-15,15:29,PRECWIRE,8.4668
2026-09-15,15:29,PREMEXPLN,19.4566
2026-09-15,15:29,PREMIERENE,-7.2165
2026-09-15,15:29,PREMIERPOL,44.9045
2026-09-15,15:29,PRESTIGE,-4.4826
2026-09-15,15:29,PRICOLLTD,19.7075
2026-09-15,15:29,PRIMESECU,-2.2026
2026-09-15,15:29,PRINCEPIPE,-2.5945
2026-09-15,15:29,PRIVISCL,-1.1822
2026-09-15,15:29,PROZONER,-0.0758
2026-09-15,15:29,PRUDENT,10.7007
2026-09-15,15:29,PSPPROJECT,-3.4843
2026-09-15,15:29,PTCIL,34.1739
2026-09-15,15:29,PTL,-5.9418
2026-09-15,15:29,PUNJABCHEM,-6.4426
2026-09-15,15:29,PURVA,-7.3303
2026-09-15,15:29,PVP,93.6478
2026-09-15,15:29,PVRINOX,14.5296
2026-09-15,15:29,PWL,18.9012
2026-09-15,15:29,QPOWER,5.9412
2026-09-15,15:29,QUADFUTURE,48.2637
2026-09-15,15:29,QUESS,50.7979
2026-09-15,15:29,RACLGEAR,32.6381
2026-09-15,15:29,RADHIKAJWE,13.557
2026-09-15,15:29,RADICO,27.9718
2026-09-15,15:29,RAIN,46.1556
2026-09-15,15:29,RAINBOW,12.4981
2026-09-15,15:29,RAJRATAN,7.3943
2026-09-15,15:29,RAJRILTD,-0.3327
2026-09-15,15:29,RAMCOIND,10.6324
2026-09-15,15:29,RAMCOSYS,36.9182
2026-09-15,15:29,RAMRAT,13.6233
2026-09-15,15:29,RANEHOLDIN,41.5006
2026-09-15,15:29,RATEGAIN,38.5446
2026-09-15,15:29,RATNAMANI,-4.8
2026-09-15,15:29,RATNAVEER,62.3591
2026-09-15,15:29,RAYMOND,93.84
2026-09-15,15:29,RBA,40.7479
2026-09-15,15:29,RBLBANK,16.7317
2026-09-15,15:29,RBZJEWEL,15.4865
2026-09-15,15:29,REDINGTON,68.8048
2026-09-15,15:29,REFEX,0.4724
2026-09-15,15:29,RELAXO,3.8984
2026-09-15,15:29,RELIGARE,10.7557
2026-09-15,15:29,RELTD,6.6542
2026-09-15,15:29,RGL,36.2143
2026-09-15,15:29,RICOAUTO,3.61
2026-09-15,15:29,RISHABH,55.1244
2026-09-15,15:29,RITCO,20.4224
2026-09-15,15:29,RKFORGE,10.6431
2026-09-15,15:29,RMDRIP,17.5588
2026-09-15,15:29,RML,39.1818
2026-09-15,15:29,ROLEXRINGS,12.419
2026-09-15,15:29,ROSSTECH,21.3173
2026-09-15,15:29,ROTO,3.686
2026-09-15,15:29,RPEL,112.1616
2026-09-15,15:29,RPGLIFE,9.1011
2026-09-15,15:29,RPTECH,55.7476
2026-09-15,15:29,RRKABEL,23.5755
2026-09-15,15:29,RSL,32.2196
2026-09-15,15:29,RSWM,23.9186
2026-09-15,15:29,RUBICON,90.8446
2026-09-15,15:29,RUBYMILLS,76.2237
2026-09-15,15:29,SAFARI,-0.3771
2026-09-15,15:29,SAGILITY,6.5172
2026-09-15,15:29,SAILIFE,41.461
2026-09-15,15:29,SAIPARENT,1.8608
2026-09-15,15:29,SAKAR,104.964
2026-09-15,15:29,SAKSOFT,-3.4218
2026-09-15,15:29,SALSTEEL,24.7061
2026-09-15,15:29,SAMBHV,-0.031
2026-09-15,15:29,SAMHI,-3.5552
2026-09-15,15:29,SAMMAANCAP,-6.4699
2026-09-15,15:29,SANATHAN,0.7754
2026-09-15,15:29,SANDESH,-7.0099
2026-09-15,15:29,SANDHAR,15.5309
2026-09-15,15:29,SANGAMIND,7.2322
2026-09-15,15:29,SANGHVIMOV,18.8749
2026-09-15,15:29,SANSERA,51.9446
2026-09-15,15:29,SANSTAR,19.8053
2026-09-15,15:29,SAPPHIRE,18.2882
2026-09-15,15:29,SAREGAMA,38.7738
2026-09-15,15:29,SARLAPOLY,1.9289
2026-09-15,15:29,SASKEN,28.2639
2026-09-15,15:29,SATIA,-6.7181
2026-09-15,15:29,SATIN,5.4419
2026-09-15,15:29,SBC,40.4236
2026-09-15,15:29,SBCL,64.1248
2026-09-15,15:29,SBFC,-2.408
2026-09-15,15:29,SBICARD,-4.5591
2026-09-15,15:29,SCPL,36.9027
2026-09-15,15:29,SEAMECLTD,11.4684
2026-09-15,15:29,SEDEMAC,52.4752
2026-09-15,15:29,SEIL,-7.1373
2026-09-15,15:29,SENCO,-2.124
2026-09-15,15:29,SENORES,51.9747
2026-09-15,15:29,SETL,210.9488
2026-09-15,15:29,SFL,16.562
2026-09-15,15:29,SGFIN,4.0651
2026-09-15,15:29,SGIL,5.1891
2026-09-15,15:29,SGMART,30.39
2026-09-15,15:29,SHADOWFAX,41.8362
2026-09-15,15:29,SHAILY,18.9992
2026-09-15,15:29,SHALPAINTS,45.5597
2026-09-15,15:29,SHANTIGEAR,47.3427
2026-09-15,15:29,SHANTIGOLD,7.9566
2026-09-15,15:29,SHARDAMOTR,2.7925
2026-09-15,15:29,SHAREINDIA,32.8572
2026-09-15,15:29,SHILCTECH,-7.0896
2026-09-15,15:29,SHILPAMED,106.4523
2026-09-15,15:29,SHINDL,5.5908
2026-09-15,15:29,SHIVALIK,27.9002
2026-09-15,15:29,SHIVAUM,37.3466
2026-09-15,15:29,SHOPERSTOP,11.1576
2026-09-15,15:29,SHREEJISPG,62.8184
2026-09-15,15:29,SHREEPUSHK,29.223
2026-09-15,15:29,SHRINGARMS,-2.7061
2026-09-15,15:29,SHRIPISTON,18.5832
2026-09-15,15:29,SHRIRAMFIN,-3.5298
2026-09-15,15:29,SHYAMMETL,18.8281
2026-09-15,15:29,SICALLOG,41.3896
2026-09-15,15:29,SIEMENS,-2.6217
2026-09-15,15:29,SIGACHI,50.7656
2026-09-15,15:29,SIGMAADV,158.4228
2026-09-15,15:29,SIKA,-5.0009
2026-09-15,15:29,SIMPLEXINF,6.308
2026-09-15,15:29,SINDHUTRAD,0.213
2026-09-15,15:29,SIRCA,-1.6927
2026-09-15,15:29,SIS,4.207
2026-09-15,15:29,SJS,15.7644
2026-09-15,15:29,SKFINDUS,31.316
2026-09-15,15:29,SKIPPER,10.7506
2026-09-15,15:29,SKMEGGPROD,29.3796
2026-09-15,15:29,SKYGOLD,58.817
2026-09-15,15:29,SMARTWORKS,12.3944
2026-09-15,15:29,SMCGLOBAL,23.2551
2026-09-15,15:29,SMLMAH,60.8374
2026-09-15,15:29,SMSPHARMA,-2.6928
2026-09-15,15:29,SOFTTECH,16.2811
2026-09-15,15:29,SOLARA,39.0308
2026-09-15,15:29,SOLARINDS,21.1683
2026-09-15,15:29,SOMANYCERA,16.5961
2026-09-15,15:29,SONACOMS,36.5247
2026-09-15,15:29,SONATSOFTW,3.8966
2026-09-15,15:29,SOTL,63.8224
2026-09-15,15:29,SOUTHBANK,7.7586
2026-09-15,15:29,SPAL,18.6404
2026-09-15,15:29,SPARC,12.6761
2026-09-15,15:29,SPECIALITY,32.3111
2026-09-15,15:29,SPECTRUM,160.0033
2026-09-15,15:29,SPIC,-6.012
2026-09-15,15:29,SPLPETRO,6.525
2026-09-15,15:29,SPORTKING,29.1506
2026-09-15,15:29,SREEL,72.5395
2026-09-15,15:29,SSWL,58.5149
2026-09-15,15:29,STALLION,28.4401
2026-09-15,15:29,STAR,0.3314
2026-09-15,15:29,STARHEALTH,4.5125
2026-09-15,15:29,STEELCAS,6.6314
2026-09-15,15:29,STEL,21.5615
2026-09-15,15:29,STLNETWORK,23.547
2026-09-15,15:29,STLTECH,138.1092
2026-09-15,15:29,STOVEKRAFT,46.5489
2026-09-15,15:29,STYL,34.2978
2026-09-15,15:29,STYLAMIND,24.5332
2026-09-15,15:29,SUBEXLTD,93.5606
2026-09-15,15:29,SUDARCOLOR,2.4304
2026-09-15,15:29,SUDARSCHEM,22.4781
2026-09-15,15:29,SUDEEPPHRM,69.9688
2026-09-15,15:29,SUNDARMFIN,-0.9285
2026-09-15,15:29,SUNDRMFAST,42.464
2026-09-15,15:29,SUNDROP,-2.4703
2026-09-15,15:29,SUNPHARMA,0.0327
2026-09-15,15:29,SUPRAJIT,10.6999
2026-09-15,15:29,SUPREMEINF,-4.2466
2026-09-15,15:29,SUPRIYA,24.8057
2026-09-15,15:29,SURAKSHA,12.5022
2026-09-15,15:29,SUTLEJTEX,0.7634
2026-09-15,15:29,SUVEN,51.2931
2026-09-15,15:29,SVLL,32.0966
2026-09-15,15:29,SWANDEF,41.9429
2026-09-15,15:29,SWIGGY,-1.61
2026-09-15,15:29,SYRMA,37.891
2026-09-15,15:29,SYSTMTXC,3.2732
2026-09-15,15:29,TAALTECH,68.9782
2026-09-15,15:29,TAJGVK,-3.5233
2026-09-15,15:29,TALBROAUTO,27.6087
2026-09-15,15:29,TARSONS,32.6522
2026-09-15,15:29,TASTYBITE,18.1083
2026-09-15,15:29,TATACAP,8.4561
2026-09-15,15:29,TATACOMM,9.7082
2026-09-15,15:29,TATAINVEST,-1.9317
2026-09-15,15:29,TATATECH,20.6675
2026-09-15,15:29,TATVA,13.58
2026-09-15,15:29,TBOTEK,30.8963
2026-09-15,15:29,TBZ,254.1667
2026-09-15,15:29,TCPLPACK,31.4382
2026-09-15,15:29,TCS,-6.263
2026-09-15,15:29,TDPOWERSYS,16.5181
2026-09-15,15:29,TECHM,8.8178
2026-09-15,15:29,TEGA,1.5064
2026-09-15,15:29,TEJASNET,-2.2778
2026-09-15,15:29,TEXINFRA,11.9211
2026-09-15,15:29,TEXRAIL,-3.6383
2026-09-15,15:29,TFCILTD,65.1093
2026-09-15,15:29,THANGAMAYL,19.5018
2026-09-15,15:29,THEJO,17.312
2026-09-15,15:29,THELEELA,24.1711
2026-09-15,15:29,THEMISMED,22.8724
2026-09-15,15:29,THOMASCOOK,3.6914
2026-09-15,15:29,THYROCARE,15.6682
2026-09-15,15:29,TI,8.7744
2026-09-15,15:29,TIIL,25.2542
2026-09-15,15:29,TIL,13.0053
2026-09-15,15:29,TIMETECHNO,-5.7673
2026-09-15,15:29,TIMEX,64.1328
2026-09-15,15:29,TINNARUBR,17.2611
2026-09-15,15:29,TIPSMUSIC,2.4798
2026-09-15,15:29,TIRUPATIFL,59.5343
2026-09-15,15:29,TITAGARH,-3.8908
2026-09-15,15:29,TITAN,12.7336
2026-09-15,15:29,TMB,16.7686
2026-09-15,15:29,TMCV,-1.5897
2026-09-15,15:29,TNPETRO,40.5838
2026-09-15,15:29,TNPL,-2.9363
2026-09-15,15:29,TORNTPHARM,11.1697
2026-09-15,15:29,TPLPLASTEH,-2.6402
2026-09-15,15:29,TRANSPEK,9.9169
2026-09-15,15:29,TRAVELFOOD,-1.8237
2026-09-15,15:29,TRENT,-4.6365
2026-09-15,15:29,TRITURBINE,-4.7378
2026-09-15,15:29,TRIVENI,-1.0797
2026-09-15,15:29,TSFINV,3.5898
2026-09-15,15:29,TTKHLTCARE,14.8752
2026-09-15,15:29,TTKPRESTIG,1.1804
2026-09-15,15:29,TVSMOTOR,9.2616
2026-09-15,15:29,TVSSCS,4.1783
2026-09-15,15:29,TVSSRICHAK,26.3532
2026-09-15,15:29,UDS,19.8249
2026-09-15,15:29,UEL,34.0423
2026-09-15,15:29,UFBL,82.2488
2026-09-15,15:29,UFLEX,42.9117
2026-09-15,15:29,UGARSUGAR,18.293
2026-09-15,15:29,UJJIVANSFB,2.2339
2026-09-15,15:29,ULTRAMAR,0.3496
2026-09-15,15:29,UNICHEMLAB,32.2926
2026-09-15,15:29,UNIMECH,44.5551
2026-09-15,15:29,UNIONBANK,4.615
2026-09-15,15:29,UNIPARTS,55.1434
2026-09-15,15:29,UNITDSPR,7.0949
2026-09-15,15:29,UNITEDPOLY,28.6875
2026-09-15,15:29,UNIVASTU,95.0228
2026-09-15,15:29,UNIVCABLES,31.7071
2026-09-15,15:29,UNIVPHOTO,18.0237
2026-09-15,15:29,UNOMINDA,1.222
2026-09-15,15:29,URBANCO,7.9116
2026-09-15,15:29,USHAMART,0.597
2026-09-15,15:29,UTIAMC,-6.5491
2026-09-15,15:29,UTLSOLAR,47.3372
2026-09-15,15:29,UTTAMSUGAR,1.2426
2026-09-15,15:29,V2RETAIL,-1.7599
2026-09-15,15:29,VADILALIND,51.7187
2026-09-15,15:29,VALIANTLAB,53.4025
2026-09-15,15:29,VALIANTORG,30.0569
2026-09-15,15:29,VARROC,47.9646
2026-09-15,15:29,VEEDOL,-6.3156
2026-09-15,15:29,VELJAN,75.2526
2026-09-15,15:29,VENKEYS,6.0527
2026-09-15,15:29,VENUSPIPES,36.6169
2026-09-15,15:29,VENUSREM,59.6818
2026-09-15,15:29,VERANDA,-2.0287
2026-09-15,15:29,VGUARD,-3.0276
2026-09-15,15:29,VIDHIING,8.7318
2026-09-15,15:29,VIDYAWIRES,-5.0318
2026-09-15,15:29,VIJAYA,19.5017
2026-09-15,15:29,VIMTALABS,21.691
2026-09-15,15:29,VINCOFE,19.2553
2026-09-15,15:29,VINDHYATEL,55.9454
2026-09-15,15:29,VISAKAIND,24.1859
2026-09-15,15:29,VISHNU,14.2188
2026-09-15,15:29,VIYASH,11.3416
2026-09-15,15:29,VLSFINANCE,-5.3836
2026-09-15,15:29,VMART,18.6674
2026-09-15,15:29,VOLTAMP,9.9398
2026-09-15,15:29,VRLLOG,5.8604
2026-09-15,15:29,VSSL,40.7488
2026-09-15,15:29,WABAG,40.2734
2026-09-15,15:29,WAKEFIT,12.2686
2026-09-15,15:29,WELCORP,85.7528
2026-09-15,15:29,WELENT,40.6426
2026-09-15,15:29,WELINV,55.7304
2026-09-15,15:29,WELSPLSOL,24.8717
2026-09-15,15:29,WELSPUNLIV,52.4728
2026-09-15,15:29,WENDT,22.0657
2026-09-15,15:29,WESTLIFE,11.0091
2026-09-15,15:29,WEWORK,24.8124
2026-09-15,15:29,WHEELS,60.3721
2026-09-15,15:29,WINDLAS,28.5062
2026-09-15,15:29,WINDMACHIN,-4.9921
2026-09-15,15:29,WOCKPHARMA,26.0519
2026-09-15,15:29,WONDERLA,-2.3455
2026-09-15,15:29,WPIL,-2.4693
2026-09-15,15:29,WSTCSTPAPR,37.1335
2026-09-15,15:29,XCHANGING,-6.5894
2026-09-15,15:29,XPROINDIA,8.0422
2026-09-15,15:29,YASHO,149.64
2026-09-15,15:29,YATHARTH,19.4041
2026-09-15,15:29,YATRA,-1.8099
2026-09-15,15:29,YESBANK,2.4878
2026-09-15,15:29,YUKEN,46.712
2026-09-15,15:29,ZENTEC,1.0669
2026-09-15,15:29,ZFSTEERING,-6.0416
2026-09-15,15:29,ZIMLAB,41.1025
2026-09-15,15:29,ZSARACOM,4.314
2026-09-15,15:29,ZUARIIND,-5.4189
2026-09-15,15:29,ZYDUSLIFE,16.8776
2026-09-15,15:29,ZYDUSWELL,9.1712
2026-09-21,15:29,20MICRONS,24.7634
2026-09-21,15:29,360ONE,-0.4455
2026-09-21,15:29,3BBLACKBIO,9.0641
2026-09-21,15:29,3IINFOLTD,45.4855
2026-09-21,15:29,3MINDIA,11.7638
2026-09-21,15:29,5PAISA,1.2409
2026-09-21,15:29,63MOONS,34.2438
2026-09-21,15:29,AARTIDRUGS,18.3906
2026-09-21,15:29,AARTIIND,6.6695
2026-09-21,15:29,AARTIPHARM,19.792
2026-09-21,15:29,ABB,15.3212
2026-09-21,15:29,ABBOTINDIA,-1.173
2026-09-21,15:29,ABCAPITAL,17.1653
2026-09-21,15:29,ABDL,16.8521
2026-09-21,15:29,ABSLAMC,0.0484
2026-09-21,15:29,ACCELYA,-0.5241
2026-09-21,15:29,ACE,38.6132
2026-09-21,15:29,ACMESOLAR,62.1306
2026-09-21,15:29,ACUTAAS,21.1436
2026-09-21,15:29,ADANIENSOL,6.0234
2026-09-21,15:29,ADANIENT,19.0953
2026-09-21,15:29,ADANIPORTS,2.8369
2026-09-21,15:29,ADFFOODS,-1.5436
2026-09-21,15:29,ADOR,52.9298
2026-09-21,15:29,ADVAIT,-0.1891
2026-09-21,15:29,ADVANCE,4.7605
2026-09-21,15:29,AEGISLOG,127.8617
2026-09-21,15:29,AEGISVOPAK,61.4261
2026-09-21,15:29,AEQUS,20.9243
2026-09-21,15:29,AEROENTER,19.7143
2026-09-21,15:29,AEROFLEX,41.2329
2026-09-21,15:29,AETHER,42.9593
2026-09-21,15:29,AFFLE,4.3495
2026-09-21,15:29,AFSL,-0.5097
2026-09-21,15:29,AGARWALEYE,9.442
2026-09-21,15:29,AGI,38.0655
2026-09-21,15:29,AHCL,95.6749
2026-09-21,15:29,AHLWEST,2.0313
2026-09-21,15:29,AIAENG,3.8526
2026-09-21,15:29,AIIL,16.907
2026-09-21,15:29,AJANTPHARM,13.4125
2026-09-21,15:29,AJAXENGG,7.3664
2026-09-21,15:29,AKCAPIT,11.7034
2026-09-21,15:29,AKUMS,52.0218
2026-09-21,15:29,ALEMBICLTD,15.134
2026-09-21,15:29,ALGOQUANT,16.3422
2026-09-21,15:29,ALICON,6.4298
2026-09-21,15:29,ALIVUS,29.5707
2026-09-21,15:29,ALKEM,-1.8032
2026-09-21,15:29,ALKYLAMINE,14.126
2026-09-21,15:29,AMAGI,39.6413
2026-09-21,15:29,AMANTA,41.9194
2026-09-21,15:29,AMBIKCO,3.1071
2026-09-21,15:29,AMNPLST,1.2648
2026-09-21,15:29,ANANDRATHI,24.5711
2026-09-21,15:29,ANANTRAJ,19.5181
2026-09-21,15:29,ANDHRAPAP,10.5888
2026-09-21,15:29,ANDHRSUGAR,0.0843
2026-09-21,15:29,ANDREWYU,5.0497
2026-09-21,15:29,ANGELONE,-0.6708
2026-09-21,15:29,ANTELOPUS,45.7434
2026-09-21,15:29,ANTHEM,13.2864
2026-09-21,15:29,ANUHPHR,17.2215
2026-09-21,15:29,APARINDS,52.4871
2026-09-21,15:29,APCOTEXIND,28.2149
2026-09-21,15:29,APLAPOLLO,15.335
2026-09-21,15:29,APLLTD,10.5359
2026-09-21,15:29,APOLLO,26.647
2026-09-21,15:29,APOLLOHOSP,11.3374
2026-09-21,15:29,APOLLOPIPE,13.9027
2026-09-21,15:29,APOLLOTYRE,3.2413
2026-09-21,15:29,ARIES,33.2757
2026-09-21,15:29,ARIHANT,9.5241
2026-09-21,15:29,ARIHANTCAP,17.3738
2026-09-21,15:29,ARKADE,3.6788
2026-09-21,15:29,ARMANFIN,9.1434
2026-09-21,15:29,ARROWGREEN,71.4216
2026-09-21,15:29,ARTEMISMED,23.1744
2026-09-21,15:29,ARVIND,21.7337
2026-09-21,15:29,ARVINDFASN,-0.454
2026-09-21,15:29,ASAHIINDIA,16.6022
2026-09-21,15:29,ASHIANA,10.8211
2026-09-21,15:29,ASHOKLEY,5.574
2026-09-21,15:29,ASIANENE,67.8237
2026-09-21,15:29,ASIANHOTNR,25.1376
2026-09-21,15:29,ASKAUTOLTD,50.9795
2026-09-21,15:29,ASTAR,14.1745
2026-09-21,15:29,ASTEC,7.6376
2026-09-21,15:29,ASTERDM,2.8542
2026-09-21,15:29,ASTRAMICRO,49.1991
2026-09-21,15:29,ATGL,5.2597
2026-09-21,15:29,ATHERENERG,67.3407
2026-09-21,15:29,AUBANK,4.3426
2026-09-21,15:29,AUROPHARMA,14.4174
2026-09-21,15:29,AURUM,25.9929
2026-09-21,15:29,AUTOAXLES,-0.1061
2026-09-21,15:29,AVADHSUGAR,50.6839
2026-09-21,15:29,AVALON,92.3178
2026-09-21,15:29,AVL,16.0535
2026-09-21,15:29,AVTNPL,35.5412
2026-09-21,15:29,AXISBANK,-0.4539
2026-09-21,15:29,AYE,40.2624
2026-09-21,15:29,AYMSYNTEX,24.8485
2026-09-21,15:29,AZAD,30.5491
2026-09-21,15:29,BAFNAPH,133.4055
2026-09-21,15:29,BAJAJ-AUTO,11.6741
2026-09-21,15:29,BAJAJFINSV,6.9929
2026-09-21,15:29,BAJAJHCARE,13.6471
2026-09-21,15:29,BAJAJHFL,-1.4551
2026-09-21,15:29,BAJAJHIND,7.7416
2026-09-21,15:29,BAJAJHLDNG,13.8055
2026-09-21,15:29,BAJEL,1.2233
2026-09-21,15:29,BAJFINANCE,13.9653
2026-09-21,15:29,BALAMINES,57.4913
2026-09-21,15:29,BALKRISIND,5.3062
2026-09-21,15:29,BALRAMCHIN,20.9054
2026-09-21,15:29,BALUFORGE,2.8863
2026-09-21,15:29,BANCOINDIA,0.1253
2026-09-21,15:29,BANKINDIA,-1.3941
2026-09-21,15:29,BANSALWIRE,5.0341
2026-09-21,15:29,BBOX,0.7819
2026-09-21,15:29,BBTC,-0.6358
2026-09-21,15:29,BECTORFOOD,22.1675
2026-09-21,15:29,BEEKAY,-0.0465
2026-09-21,15:29,BELRISE,14.6018
2026-09-21,15:29,BEML,13.4736
2026-09-21,15:29,BEPL,37.5497
2026-09-21,15:29,BETA,46.4286
2026-09-21,15:29,BFINVEST,7.0053
2026-09-21,15:29,BFUTILITIE,-0.7643
2026-09-21,15:29,BGRENERGY,2.4427
2026-09-21,15:29,BHAGCHEM,1.7809
2026-09-21,15:29,BHAGERIA,129.7667
2026-09-21,15:29,BHAGYANGR,28.5948
2026-09-21,15:29,BHARATFORG,1.182
2026-09-21,15:29,BHARATSE,12.5623
2026-09-21,15:29,BHARTIARTL,2.2915
2026-09-21,15:29,BHARTIHEXA,2.1819
2026-09-21,15:29,BHEL,7.3171
2026-09-21,15:29,BIL,42.9931
2026-09-21,15:29,BIRLACABLE,118.9118
2026-09-21,15:29,BLACKBUCK,17.924
2026-09-21,15:29,BLACKROSE,29.3576
2026-09-21,15:29,BLISSGVS,136.6482
2026-09-21,15:29,BLSE,67.4761
2026-09-21,15:29,BLUEJET,30.0684
2026-09-21,15:29,BLUESTONE,74.7159
2026-09-21,15:29,BLUSPRING,83.018
2026-09-21,15:29,BODALCHEM,195.1777
2026-09-21,15:29,BOROLTD,10.737
2026-09-21,15:29,BOROSCI,5.3698
2026-09-21,15:29,BOSCH-HCIL,19.2656
2026-09-21,15:29,BOSCHLTD,30.9789
2026-09-21,15:29,BPCL,5.2676
2026-09-21,15:29,BRIGADE,16.7911
2026-09-21,15:29,BUILDPRO,16.2157
2026-09-21,15:29,CANHLIFE,11.8365
2026-09-21,15:29,CANTABIL,7.2515
2026-09-21,15:29,CAPITALSFB,0.1065
2026-09-21,15:29,CAPLIPOINT,49.6688
2026-09-21,15:29,CARBORUNIV,14.0908
2026-09-21,15:29,CARERATING,1.2063
2026-09-21,15:29,CARTRADE,54.5223
2026-09-21,15:29,CARYSIL,19.6853
2026-09-21,15:29,CASTROLIND,6.5822
2026-09-21,15:29,CDSL,14.7361
2026-09-21,15:29,CEATLTD,5.9292
2026-09-21,15:29,CEIGALL,8.8058
2026-09-21,15:29,CEMPRO,41.6014
2026-09-21,15:29,CENTENKA,31.9414
2026-09-21,15:29,CENTUM,56.8493
2026-09-21,15:29,CGCL,45.7735
2026-09-21,15:29,CGPOWER,7.4317
2026-09-21,15:29,CHALET,15.5981
2026-09-21,15:29,CHEMBONDCH,48.2763
2026-09-21,15:29,CHEMCON,35.2177
2026-09-21,15:29,CHENNPETRO,33.8816
2026-09-21,15:29,CHOICEIN,17.9385
2026-09-21,15:29,CHOLAFIN,12.0285
2026-09-21,15:29,CIPLA,4.4064
2026-09-21,15:29,CLEAN,2.1784
2026-09-21,15:29,CLEANMAX,1.738
2026-09-21,15:29,CLSEL,5.9621
2026-09-21,15:29,COCKERILL,52.6002
2026-09-21,15:29,COFFEEDAY,21.4746
2026-09-21,15:29,COFORGE,39.8504
2026-09-21,15:29,COHANCE,0.9095
2026-09-21,15:29,COMSYN,98.6413
2026-09-21,15:29,CONCORDBIO,39.6463
2026-09-21,15:29,CONFIPET,42.245
2026-09-21,15:29,CONSOFINVT,31.7444
2026-09-21,15:29,COROMANDEL,4.316
2026-09-21,15:29,CORONA,29.6216
2026-09-21,15:29,COSMOFIRST,13.4468
2026-09-21,15:29,CPPLUS,39.1751
2026-09-21,15:29,CRAFTSMAN,28.2078
2026-09-21,15:29,CREDITACC,4.3837
2026-09-21,15:29,CREST,0.6996
2026-09-21,15:29,CRISIL,14.3623
2026-09-21,15:29,CUB,27.4355
2026-09-21,15:29,CUPID,105.7475
2026-09-21,15:29,CYIENT,19.6548
2026-09-21,15:29,CYIENTDLM,117.0056
2026-09-21,15:29,DALBHARAT,-0.7035
2026-09-21,15:29,DALMIASUG,4.931
2026-09-21,15:29,DATAMATICS,4.0331
2026-09-21,15:29,DATAPATTNS,7.5211
2026-09-21,15:29,DBOL,-0.3167
2026-09-21,15:29,DCBBANK,20.1901
2026-09-21,15:29,DCMSIL,7.7233
2026-09-21,15:29,DDEVPLSTIK,7.4633
2026-09-21,15:29,DECNGOLD,79.2978
2026-09-21,15:29,DEEDEV,37.6516
2026-09-21,15:29,DEEPAKFERT,7.6784
2026-09-21,15:29,DEEPINDS,54.3841
2026-09-21,15:29,DEN,0.8012
2026-09-21,15:29,DENTA,2.9461
2026-09-21,15:29,DEVYANI,20.9016
2026-09-21,15:29,DHAMPURSUG,5.5407
2026-09-21,15:29,DHARMAJ,6.1121
2026-09-21,15:29,DHUNINV,9.5164
2026-09-21,15:29,DIACABS,115.452
2026-09-21,15:29,DIAMONDYD,9.552
2026-09-21,15:29,DICIND,18.2263
2026-09-21,15:29,DIFFNKG,45.973
2026-09-21,15:29,DISAQ,-0.0577
2026-09-21,15:29,DIVGIITTS,61.924
2026-09-21,15:29,DIVISLAB,38.4712
2026-09-21,15:29,DIXON,20.0108
2026-09-21,15:29,DLF,14.9961
2026-09-21,15:29,DODLA,-1.7707
2026-09-21,15:29,DOLLAR,0.5479
2026-09-21,15:29,DOLPHIN,63.5386
2026-09-21,15:29,DPABHUSHAN,51.2921
2026-09-21,15:29,DRAGARWQ,3.3022
2026-09-21,15:29,DREDGECORP,10.4486
2026-09-21,15:29,DVL,16.7855
2026-09-21,15:29,DYCL,36.9539
2026-09-21,15:29,DYNAMATECH,13.5804
2026-09-21,15:29,E2E,82.1967
2026-09-21,15:29,EBGNG,64.1583
2026-09-21,15:29,ECLERX,27.3879
2026-09-21,15:29,EDELWEISS,20.0895
2026-09-21,15:29,EFCIL,2.3577
2026-09-21,15:29,EICHERMOT,7.7602
2026-09-21,15:29,EIEL,-0.7545
2026-09-21,15:29,EIFFL,5.8308
2026-09-21,15:29,EIMCOELECO,44.0897
2026-09-21,15:29,ELANTAS,60.5492
2026-09-21,15:29,ELECTHERM,21.3028
2026-09-21,15:29,ELGIEQUIP,18.0714
2026-09-21,15:29,ELPROINTL,3.1225
2026-09-21,15:29,EMAMIPAP,46.2854
2026-09-21,15:29,EMCURE,21.2613
2026-09-21,15:29,EMIL,65.984
2026-09-21,15:29,EMKAY,19.6846
2026-09-21,15:29,EMMVEE,29.8266
2026-09-21,15:29,EMSLIMITED,8.9251
2026-09-21,15:29,EMUDHRA,40.2542
2026-09-21,15:29,ENDURANCE,8.9615
2026-09-21,15:29,ENGINERSIN,18.5578
2026-09-21,15:29,ENRIN,3.2802
2026-09-21,15:29,ENTERO,52.303
2026-09-21,15:29,EPACKPEB,24.1367
2026-09-21,15:29,EPL,3.8525
2026-09-21,15:29,EQUITASBNK,5.6447
2026-09-21,15:29,ESAFSFB,28.9646
2026-09-21,15:29,ETERNAL,41.2413
2026-09-21,15:29,ETHOSLTD,11.9368
2026-09-21,15:29,EVEREADY,0.2492
2026-09-21,15:29,EVERESTIND,11.4554
2026-09-21,15:29,EXCELINDUS,-0.863
2026-09-21,15:29,EXICOM,41.4158
2026-09-21,15:29,EXIDEIND,24.3916
2026-09-21,15:29,EXPLEOSOL,-0.0283
2026-09-21,15:29,FAIRCHEMOR,5.4823
2026-09-21,15:29,FCL,107.9448
2026-09-21,15:29,FEDDERSHOL,81.1193
2026-09-21,15:29,FEDERALBNK,18.5503
2026-09-21,15:29,FEDFINA,0.4568
2026-09-21,15:29,FILATEX,142.1227
2026-09-21,15:29,FINCABLES,29.8845
2026-09-21,15:29,FINEORG,11.97
2026-09-21,15:29,FINKURVE,1.1676
2026-09-21,15:29,FINOPB,7.7526
2026-09-21,15:29,FIVESTAR,12.4933
2026-09-21,15:29,FLUOROCHEM,23.7819
2026-09-21,15:29,FMGOETZE,-1.1593
2026-09-21,15:29,FOSECOIND,22.0691
2026-09-21,15:29,FSL,10.9761
2026-09-21,15:29,GABRIEL,17.5458
2026-09-21,15:29,GAIL,5.6947
2026-09-21,15:29,GALAPREC,20.9491
2026-09-21,15:29,GALAXYSURF,18.4125
2026-09-21,15:29,GANDHAR,89.4599
2026-09-21,15:29,GANDHITUBE,1.3148
2026-09-21,15:29,GANESHBE,33.0867
2026-09-21,15:29,GANESHHOU,8.9675
2026-09-21,15:29,GARFIBRES,28.1848
2026-09-21,15:29,GARUDA,4.2215
2026-09-21,15:29,GAUDIUMIVF,-0.9617
2026-09-21,15:29,GAYAPROJ,30.5202
2026-09-21,15:29,GCSL,66.89
2026-09-21,15:29,GEECEE,24.9253
2026-09-21,15:29,GENESYS,88.9829
2026-09-21,15:29,GENUSPOWER,-0.8293
2026-09-21,15:29,GEOJITFSL,12.3389
2026-09-21,15:29,GESHIP,-0.8943
2026-09-21,15:29,GFLLIMITED,22.0818
2026-09-21,15:29,GHCLTEXTIL,45.7902
2026-09-21,15:29,GIPCL,28.2232
2026-09-21,15:29,GKENERGY,1.3206
2026-09-21,15:29,GKSL,29.413
2026-09-21,15:29,GLAND,59.4296
2026-09-21,15:29,GLAXO,18.7088
2026-09-21,15:29,GLENMARK,7.5694
2026-09-21,15:29,GLOBAL,26.5259
2026-09-21,15:29,GLOTTIS,1.9054
2026-09-21,15:29,GMBREW,5.2515
2026-09-21,15:29,GMMPFAUDLR,72.9432
2026-09-21,15:29,GMRAIRPORT,1.8891
2026-09-21,15:29,GNA,46.0315
2026-09-21,15:29,GNFC,20.4
2026-09-21,15:29,GNRL,-0.0206
2026-09-21,15:29,GOCLCORP,48.4288
2026-09-21,15:29,GOCOLORS,12.221
2026-09-21,15:29,GODREJAGRO,17.2925
2026-09-21,15:29,GODREJIND,2.6604
2026-09-21,15:29,GOKEX,1.0767
2026-09-21,15:29,GOODLUCK,20.7059
2026-09-21,15:29,GPPL,7.8084
2026-09-21,15:29,GPTHEALTH,16.6032
2026-09-21,15:29,GPTINFRA,3.9684
2026-09-21,15:29,GRANDOAK,17.0619
2026-09-21,15:29,GRANULES,20.1552
2026-09-21,15:29,GRAPHITE,8.4891
2026-09-21,15:29,GRASIM,7.4823
2026-09-21,15:29,GRAUWEIL,26.112
2026-09-21,15:29,GREAVESCOT,19.1885
2026-09-21,15:29,GREENLAM,8.1608
2026-09-21,15:29,GREENPLY,10.5012
2026-09-21,15:29,GRINDWELL,10.5379
2026-09-21,15:29,GROWW,1.157
2026-09-21,15:29,GRPLTD,11.1688
2026-09-21,15:29,GRWRHITECH,21.5056
2026-09-21,15:29,GSPCROP,16.8253
2026-09-21,15:29,GUFICBIO,51.8473
2026-09-21,15:29,GUJTHEM,9.5894
2026-09-21,15:29,GULFOILLUB,13.5379
2026-09-21,15:29,GVT&D,0.3378
2026-09-21,15:29,HAL,4.4928
2026-09-21,15:29,HALDYNGL,34.217
2026-09-21,15:29,HAPPYFORGE,50.1566
2026-09-21,15:29,HARIOMPIPE,14.0292
2026-09-21,15:29,HARSHA,15.1754
2026-09-21,15:29,HATSUN,20.2041
2026-09-21,15:29,HAWKINCOOK,12.8602
2026-09-21,15:29,HCC,-0.9079
2026-09-21,15:29,HCG,15.2967
2026-09-21,15:29,HCLTECH,12.0539
2026-09-21,15:29,HDBFS,0.8441
2026-09-21,15:29,HDFCBANK,-1.3474
2026-09-21,15:29,HEALTHX,6.7961
2026-09-21,15:29,HEG,23.3679
2026-09-21,15:29,HERITGFOOD,26.0655
2026-09-21,15:29,HEROMOTOCO,8.4885
2026-09-21,15:29,HESTERBIO,28.2099
2026-09-21,15:29,HFCL,39.652
2026-09-21,15:29,HIKAL,13.5418
2026-09-21,15:29,HINDOILEXP,5.3815
2026-09-21,15:29,HIRECT,41.3989
2026-09-21,15:29,HITECHCORP,135.2771
2026-09-21,15:29,HLEGLAS,37.5751
2026-09-21,15:29,HMAAGRO,-0.4572
2026-09-21,15:29,HMT,11.4008
2026-09-21,15:29,HMVL,28.6693
2026-09-21,15:29,HNDFDS,18.6384
2026-09-21,15:29,HOMEFIRST,14.8899
2026-09-21,15:29,HONASA,36.4448
2026-09-21,15:29,HONAUT,22.9311
2026-09-21,15:29,HSCL,9.3341
2026-09-21,15:29,HTMEDIA,9.8218
2026-09-21,15:29,HUHTAMAKI,43.5174
2026-09-21,15:29,HYUNDAI,15.6793
2026-09-21,15:29,IBULLSLTD,48.798
2026-09-21,15:29,ICICIBANK,8.854
2026-09-21,15:29,ICIL,53.8719
2026-09-21,15:29,IDBI,16.7065
2026-09-21,15:29,IDEAFORGE,-0.6549
2026-09-21,15:29,IDFCFIRSTB,25.6223
2026-09-21,15:29,IFBIND,8.8521
2026-09-21,15:29,IFCI,14.3011
2026-09-21,15:29,IFGLEXPOR,15.0381
2026-09-21,15:29,IGARASHI,3.7794
2026-09-21,15:29,IGIL,-1.0089
2026-09-21,15:29,IGPL,29.5631
2026-09-21,15:29,IIFL,31.1691
2026-09-21,15:29,IIFLCAPS,-1.0771
2026-09-21,15:29,IKIO,29.7536
2026-09-21,15:29,IKS,6.4358
2026-09-21,15:29,IL&FSENGG,58.4337
2026-09-21,15:29,IMAGICAA,18.7023
2026-09-21,15:29,IMPAL,5.1029
2026-09-21,15:29,INDGN,14.2433
2026-09-21,15:29,INDHOTEL,16.8811
2026-09-21,15:29,INDIAGLYCO,16.527
2026-09-21,15:29,INDIANB,3.3233
2026-09-21,15:29,INDIANHUME,8.8306
2026-09-21,15:29,INDIGO,16.1004
2026-09-21,15:29,INDIGOPNTS,14.7192
2026-09-21,15:29,INDIQUBE,18.1482
2026-09-21,15:29,INDNIPPON,62.5139
2026-09-21,15:29,INDOAMIN,12.9463
2026-09-21,15:29,INDOBORAX,61.115
2026-09-21,15:29,INDOCO,13.993
2026-09-21,15:29,INDOFARM,5.4738
2026-09-21,15:29,INDORAMA,183.9062
2026-09-21,15:29,INDOSTAR,16.6807
2026-09-21,15:29,INDOTECH,25.1511
2026-09-21,15:29,INDSWFTLAB,174.7086
2026-09-21,15:29,INDUSINDBK,7.1148
2026-09-21,15:29,INGERRAND,-1.2652
2026-09-21,15:29,INNOVACAP,36.9642
2026-09-21,15:29,INOXINDIA,46.6208
2026-09-21,15:29,INVPRECQ,116.4899
2026-09-21,15:29,IOLCP,91.0281
2026-09-21,15:29,IONEXCHANG,9.375
2026-09-21,15:29,IPCALAB,33.32
2026-09-21,15:29,IRISDOREME,80.8819
2026-09-21,15:29,ITCHOTELS,0.7173
2026-09-21,15:29,ITDC,16.3158
2026-09-21,15:29,IZMO,38.8209
2026-09-21,15:29,J&KBANK,8.8205
2026-09-21,15:29,JAGSNPHARM,8.1129
2026-09-21,15:29,JAMNAAUTO,7.7988
2026-09-21,15:29,JASH,44.1191
2026-09-21,15:29,JAYAGROGN,5.5817
2026-09-21,15:29,JAYBARMARU,26.9208
2026-09-21,15:29,JAYKAY,16.6926
2026-09-21,15:29,JGCHEM,50.6215
2026-09-21,15:29,JINDALPHOT,7.2441
2026-09-21,15:29,JINDALPOLY,5.7096
2026-09-21,15:29,JINDALSAW,25.3207
2026-09-21,15:29,JINDWORLD,81.4572
2026-09-21,15:29,JIOFIN,-0.6394
2026-09-21,15:29,JKPAPER,9.8584
2026-09-21,15:29,JLHL,8.4586
2026-09-21,15:29,JNKINDIA,20.1528
2026-09-21,15:29,JSFB,9.2873
2026-09-21,15:29,JSL,3.6125
2026-09-21,15:29,JSWDULUX,5.9169
2026-09-21,15:29,JSWENERGY,1.5318
2026-09-21,15:29,JSWINFRA,30.4721
2026-09-21,15:29,JSWSTEEL,-0.4942
2026-09-21,15:29,JTLIND,25.2571
2026-09-21,15:29,JUBLCPL,17.7382
2026-09-21,15:29,JUBLFOOD,8.6195
2026-09-21,15:29,JUBLPHARMA,5.4099
2026-09-21,15:29,JUNIPER,10.9552
2026-09-21,15:29,JUSTDIAL,29.067
2026-09-21,15:29,JYOTICNC,53.3806
2026-09-21,15:29,KABRAEXTRU,194.9568
2026-09-21,15:29,KAJARIACER,11.9139
2026-09-21,15:29,KALYANKJIL,63.6185
2026-09-21,15:29,KAMATHOTEL,40.1874
2026-09-21,15:29,KAMDHENU,66.3273
2026-09-21,15:29,KANORICHEM,95.5785
2026-09-21,15:29,KANPRPLA,23.7314
2026-09-21,15:29,KAPSTON,73.5586
2026-09-21,15:29,KARURVYSYA,16.399
2026-09-21,15:29,KAYA,36.5183
2026-09-21,15:29,KDDL,74.1254
2026-09-21,15:29,KECL,0.9547
2026-09-21,15:29,KENNAMET,41.3116
2026-09-21,15:29,KERNEX,26.5609
2026-09-21,15:29,KFINTECH,7.4858
2026-09-21,15:29,KICL,0.4624
2026-09-21,15:29,KILITCH,28.0545
2026-09-21,15:29,KIMS,1.6428
2026-09-21,15:29,KINGFA,16.6038
2026-09-21,15:29,KIRANVYPAR,9.803
2026-09-21,15:29,KIRIINDUS,35.0842
2026-09-21,15:29,KIRLFER,5.3497
2026-09-21,15:29,KIRLOSBROS,13.4756
2026-09-21,15:29,KIRLOSENG,33.3083
2026-09-21,15:29,KIRLOSIND,18.8746
2026-09-21,15:29,KISSHT,77.0971
2026-09-21,15:29,KKCL,5.6063
2026-09-21,15:29,KMEW,45.0327
2026-09-21,15:29,KOLTEPATIL,17.0464
2026-09-21,15:29,KOPRAN,84.3398
2026-09-21,15:29,KOTAKBANK,9.8371
2026-09-21,15:29,KOVAI,14.6063
2026-09-21,15:29,KPIL,17.0952
2026-09-21,15:29,KPL,129.8069
2026-09-21,15:29,KPRMILL,22.3212
2026-09-21,15:29,KRBL,6.1563
2026-09-21,15:29,KRISHANA,34.6026
2026-09-21,15:29,KRN,24.2326
2026-09-21,15:29,KRONOX,34.0288
2026-09-21,15:29,KROSS,23.5181
2026-09-21,15:29,KRYSTAL,7.0936
2026-09-21,15:29,KSHINTL,68.5693
2026-09-21,15:29,KSL,14.4233
2026-09-21,15:29,KTKBANK,26.4268
2026-09-21,15:29,KUANTUM,1.5087
2026-09-21,15:29,KWIL,51.8946
2026-09-21,15:29,LALPATHLAB,21.876
2026-09-21,15:29,LANDMARK,35.9783
2026-09-21,15:29,LAURUSLABS,57.5556
2026-09-21,15:29,LENSKART,43.3798
2026-09-21,15:29,LGBBROSLTD,5.715
2026-09-21,15:29,LGEINDIA,8.5244
2026-09-21,15:29,LICI,1.6441
2026-09-21,15:29,LIKHITHA,3.3961
2026-09-21,15:29,LLOYDSENGG,20.5303
2026-09-21,15:29,LLOYDSENT,-0.9555
2026-09-21,15:29,LLOYDSME,4.2748
2026-09-21,15:29,LMW,19.8131
2026-09-21,15:29,LODHA,30.2059
2026-09-21,15:29,LOKESHMACH,33.1762
2026-09-21,15:29,LOTUSDEV,51.0958
2026-09-21,15:29,LT,-0.2809
2026-09-21,15:29,LTF,9.1877
2026-09-21,15:29,LTFOODS,4.2973
2026-09-21,15:29,LTM,4.7377
2026-09-21,15:29,LUMAXIND,7.9395
2026-09-21,15:29,LUMAXTECH,25.4579
2026-09-21,15:29,LXCHEM,14.328
2026-09-21,15:29,M&M,-1.8157
2026-09-21,15:29,M&MFIN,10.8091
2026-09-21,15:29,MACPOWER,65.2692
2026-09-21,15:29,MAHABANK,2.7885
2026-09-21,15:29,MAHASTEEL,32.1996
2026-09-21,15:29,MAHLIFE,11.3961
2026-09-21,15:29,MAHLOG,7.2234
2026-09-21,15:29,MAHSCOOTER,12.6293
2026-09-21,15:29,MAHSEAMLES,8.9627
2026-09-21,15:29,MAITHANALL,0.9608
2026-09-21,15:29,MAMATA,1.1509
2026-09-21,15:29,MANAKCOAT,36.006
2026-09-21,15:29,MANAKSTEEL,69.071
2026-09-21,15:29,MANALIPETC,57.4827
2026-09-21,15:29,MANAPPURAM,1.8094
2026-09-21,15:29,MANBA,20.9037
2026-09-21,15:29,MANGLMCEM,14.3617
2026-09-21,15:29,MANINDS,61.592
2026-09-21,15:29,MANKIND,1.2544
2026-09-21,15:29,MANORAMA,43.123
2026-09-21,15:29,MANYAVAR,21.3293
2026-09-21,15:29,MARICO,-1.0799
2026-09-21,15:29,MARINE,87.7964
2026-09-21,15:29,MARKSANS,68.9402
2026-09-21,15:29,MASTEK,0.5568
2026-09-21,15:29,MASTERTR,-0.0228
2026-09-21,15:29,MATRIMONY,27.7713
2026-09-21,15:29,MAWANASUG,16.2651
2026-09-21,15:29,MAXESTATES,52.0214
2026-09-21,15:29,MAXHEALTH,3.947
2026-09-21,15:29,MAYURUNIQ,24.3174
2026-09-21,15:29,MAZDA,25.2837
2026-09-21,15:29,MBAPL,50.1448
2026-09-21,15:29,MBECL,10602.0304
2026-09-21,15:29,MCCHRLS-B,-1.4603
2026-09-21,15:29,MCLOUD,-0.5569
2026-09-21,15:29,MCX,0.1498
2026-09-21,15:29,MEDANTA,26.0953
2026-09-21,15:29,MEESHO,14.4386
2026-09-21,15:29,MENONBE,115.421
2026-09-21,15:29,METROPOLIS,8.2847
2026-09-21,15:29,MFSL,-1.8086
2026-09-21,15:29,MGL,2.9516
2026-09-21,15:29,MIDHANI,-0.1074
2026-09-21,15:29,MINDACORP,33.3857
2026-09-21,15:29,MMFL,38.1382
2026-09-21,15:29,MMP,67.9677
2026-09-21,15:29,MOBIKWIK,6.7438
2026-09-21,15:29,MODISONLTD,184.1751
2026-09-21,15:29,MOL,15.0842
2026-09-21,15:29,MOLDTECH,45.3856
2026-09-21,15:29,MONARCH,22.9645
2026-09-21,15:29,MOREPENLAB,178.7016
2026-09-21,15:29,MOTHERSON,28.9661
2026-09-21,15:29,MOTILALOFS,17.905
2026-09-21,15:29,MPHASIS,7.039
2026-09-21,15:29,MPSLTD,60.7518
2026-09-21,15:29,MRF,-1.2848
2026-09-21,15:29,MRPL,7.3251
2026-09-21,15:29,MSTCLTD,69.2602
2026-09-21,15:29,MTARTECH,3.7259
2026-09-21,15:29,MUFIN,17.4114
2026-09-21,15:29,MUKANDLTD,-0.8744
2026-09-21,15:29,MUKKA,17.1227
2026-09-21,15:29,MUNJALAU,17.8878
2026-09-21,15:29,MUTHOOTMF,1.1034
2026-09-21,15:29,MVGJL,34.7509
2026-09-21,15:29,NAHARINDUS,18.1166
2026-09-21,15:29,NAHARSPING,7.6538
2026-09-21,15:29,NAM-INDIA,8.2201
2026-09-21,15:29,NAUKRI,39.7209
2026-09-21,15:29,NAVINFLUOR,22.8059
2026-09-21,15:29,NAZARA,37.6499
2026-09-21,15:29,NBIFIN,-0.3688
2026-09-21,15:29,NCLIND,2.9898
2026-09-21,15:29,NELCO,45.1903
2026-09-21,15:29,NEOGEN,38.8363
2026-09-21,15:29,NEPHROPLUS,29.43
2026-09-21,15:29,NETWEB,19.9563
2026-09-21,15:29,NEULANDLAB,37.0552
2026-09-21,15:29,NEWGEN,4.8488
2026-09-21,15:29,NGLFINE,25.4639
2026-09-21,15:29,NH,3.991
2026-09-21,15:29,NIACL,10.9948
2026-09-21,15:29,NIBE,35.6048
2026-09-21,15:29,NIITLTD,33.5102
2026-09-21,15:29,NILKAMAL,44.3442
2026-09-21,15:29,NINSYS,24.1134
2026-09-21,15:29,NIRLON,-0.5274
2026-09-21,15:29,NITINSPIN,20.3547
2026-09-21,15:29,NITTAGELA,34.6756
2026-09-21,15:29,NOCIL,15.2871
2026-09-21,15:29,NORTHARC,10.0707
2026-09-21,15:29,NOVARTIND,61.3997
2026-09-21,15:29,NPST,64.7427
2026-09-21,15:29,NRAIL,32.5478
2026-09-21,15:29,NRBBEARING,55.0763
2026-09-21,15:29,NRL,174.4495
2026-09-21,15:29,NSIL,-1.418
2026-09-21,15:29,NUVAMA,11.0446
2026-09-21,15:29,NUVOCO,3.816
2026-09-21,15:29,NYKAA,26.3871
2026-09-21,15:29,OAL,81.6181
2026-09-21,15:29,OBEROIRLTY,12.4977
2026-09-21,15:29,OCCLLTD,64.4449
2026-09-21,15:29,OFSS,22.2042
2026-09-21,15:29,OLAELEC,2.7207
2026-09-21,15:29,OMAXE,40.4633
2026-09-21,15:29,OMNI,29.7905
2026-09-21,15:29,ONEPOINT,-1.8155
2026-09-21,15:29,ONWARDTEC,7.3226
2026-09-21,15:29,OPTIEMUS,39.2293
2026-09-21,15:29,ORBTEXP,40.7552
2026-09-21,15:29,ORCHPHARMA,55.5316
2026-09-21,15:29,ORIENTBELL,25.8778
2026-09-21,15:29,ORIENTCER,17.387
2026-09-21,15:29,ORIENTHOT,45.8245
2026-09-21,15:29,PAGEIND,1.7549
2026-09-21,15:29,PAISALO,107.7646
2026-09-21,15:29,PANACHE,37.0404
2026-09-21,15:29,PANAMAPET,60.9587
2026-09-21,15:29,PARACABLES,2.3306
2026-09-21,15:29,PARADEEP,23.3994
2026-09-21,15:29,PARAGMILK,23.0964
2026-09-21,15:29,PARAS,77.1299
2026-09-21,15:29,PARKHOSPS,14.8308
2026-09-21,15:29,PASUPTAC,34.8427
2026-09-21,15:29,PATELRMART,3.5482
2026-09-21,15:29,PAUSHAKLTD,44.9045
2026-09-21,15:29,PAYTM,61.3478
2026-09-21,15:29,PCBL,21.8076
2026-09-21,15:29,PDMJEPAPER,20.9262
2026-09-21,15:29,PDSL,25.9701
2026-09-21,15:29,PENIND,5.6379
2026-09-21,15:29,PERSISTENT,12.4665
2026-09-21,15:29,PETRONET,5.9517
2026-09-21,15:29,PFOCUS,28.5168
2026-09-21,15:29,PGEL,8.2846
2026-09-21,15:29,PGHL,5.431
2026-09-21,15:29,PGIL,52.529
2026-09-21,15:29,PHOENIXLTD,10.9641
2026-09-21,15:29,PICCADIL,-0.2867
2026-09-21,15:29,PIDILITIND,8.8268
2026-09-21,15:29,PINELABS,19.4352
2026-09-21,15:29,PITTIENG,23.8766
2026-09-21,15:29,PIXTRANS,12.7345
2026-09-21,15:29,PNB,14.8195
2026-09-21,15:29,PNBGILTS,11.1143
2026-09-21,15:29,PNBHOUSING,7.3572
2026-09-21,15:29,PNGSREVA,34.8595
2026-09-21,15:29,POLICYBZR,9.5765
2026-09-21,15:29,POLYMED,6.791
2026-09-21,15:29,POLYPLEX,22.6825
2026-09-21,15:29,POONAWALLA,12.3569
2026-09-21,15:29,POWERICA,10.838
2026-09-21,15:29,POWERINDIA,0.3938
2026-09-21,15:29,POWERMECH,1.2678
2026-09-21,15:29,PPL,42.0876
2026-09-21,15:29,PPLPHARMA,21.0102
2026-09-21,15:29,PRABHA,33.9387
2026-09-21,15:29,PRADPME,19.6876
2026-09-21,15:29,PRECOT,7.6377
2026-09-21,15:29,PRECWIRE,21.9148
2026-09-21,15:29,PREMEXPLN,24.5664
2026-09-21,15:29,PREMIERPOL,48.7526
2026-09-21,15:29,PRESTIGE,8.1914
2026-09-21,15:29,PRICOLLTD,29.4601
2026-09-21,15:29,PRIMESECU,8.4604
2026-09-21,15:29,PRINCEPIPE,8.1488
2026-09-21,15:29,PRIVISCL,11.1195
2026-09-21,15:29,PROTEAN,9.777
2026-09-21,15:29,PROZONER,8.2021
2026-09-21,15:29,PRUDENT,25.0018
2026-09-21,15:29,PSPPROJECT,6.6862
2026-09-21,15:29,PTCIL,32.203
2026-09-21,15:29,PURVA,0.1724
2026-09-21,15:29,PVP,121.8895
2026-09-21,15:29,PVRINOX,31.832
2026-09-21,15:29,PWL,21.3398
2026-09-21,15:29,QPOWER,22.2368
2026-09-21,15:29,QUADFUTURE,79.7451
2026-09-21,15:29,QUESS,74.6429
2026-09-21,15:29,RACLGEAR,33.0981
2026-09-21,15:29,RADHIKAJWE,24.8315
2026-09-21,15:29,RADICO,29.8363
2026-09-21,15:29,RAIN,33.5137
2026-09-21,15:29,RAINBOW,10.3649
2026-09-21,15:29,RAJRATAN,8.808
2026-09-21,15:29,RAJRILTD,-0.0488
2026-09-21,15:29,RAMCOIND,16.4821
2026-09-21,15:29,RAMCOSYS,48.5519
2026-09-21,15:29,RAMRAT,30.8516
2026-09-21,15:29,RANEHOLDIN,24.9642
2026-09-21,15:29,RATEGAIN,34.5312
2026-09-21,15:29,RATNAVEER,87.5701
2026-09-21,15:29,RAYMOND,131.5054
2026-09-21,15:29,RAYMONDREL,1.9681
2026-09-21,15:29,RBA,42.8229
2026-09-21,15:29,RBLBANK,23.5303
2026-09-21,15:29,RBZJEWEL,31.1369
2026-09-21,15:29,REDINGTON,86.646
2026-09-21,15:29,REFEX,14.7105
2026-09-21,15:29,REGAAL,0.7486
2026-09-21,15:29,RELAXO,2.4071
2026-09-21,15:29,RELIGARE,11.3305
2026-09-21,15:29,RELTD,12.7978
2026-09-21,15:29,RGL,48.048
2026-09-21,15:29,RICOAUTO,10.9834
2026-09-21,15:29,RISHABH,53.5091
2026-09-21,15:29,RITCO,4.353
2026-09-21,15:29,RKFORGE,23.1311
2026-09-21,15:29,RMDRIP,26.0513
2026-09-21,15:29,RML,48.439
2026-09-21,15:29,ROLEXRINGS,16.589
2026-09-21,15:29,ROSSTECH,55.2523
2026-09-21,15:29,ROTO,8.5265
2026-09-21,15:29,RPEL,128.4904
2026-09-21,15:29,RPGLIFE,18.301
2026-09-21,15:29,RPTECH,58.3423
2026-09-21,15:29,RRKABEL,23.2156
2026-09-21,15:29,RSL,42.37
2026-09-21,15:29,RSWM,45.3152
2026-09-21,15:29,RUBICON,82.6963
2026-09-21,15:29,RUBYMILLS,100.5553
2026-09-21,15:29,SAFARI,-0.1546
2026-09-21,15:29,SAGILITY,6.6125
2026-09-21,15:29,SAILIFE,48.1481
2026-09-21,15:29,SAIPARENT,7.1189
2026-09-21,15:29,SAKAR,93.2521
2026-09-21,15:29,SAKSOFT,4.6538
2026-09-21,15:29,SALSTEEL,38.6249
2026-09-21,15:29,SAMBHV,36.0909
2026-09-21,15:29,SAMHI,6.3861
2026-09-21,15:29,SAMMAANCAP,2.0644
2026-09-21,15:29,SANATHAN,9.5912
2026-09-21,15:29,SANDHAR,15.0569
2026-09-21,15:29,SANGAMIND,12.5194
2026-09-21,15:29,SANGHVIMOV,38.7953
2026-09-21,15:29,SANSERA,79.648
2026-09-21,15:29,SANSTAR,13.4747
2026-09-21,15:29,SAPPHIRE,35.23
2026-09-21,15:29,SAREGAMA,45.7096
2026-09-21,15:29,SARLAPOLY,1.8054
2026-09-21,15:29,SASKEN,-0.8638
2026-09-21,15:29,SATIA,1.4997
2026-09-21,15:29,SBC,44.1547
2026-09-21,15:29,SBCL,99.4074
2026-09-21,15:29,SBFC,-0.382
2026-09-21,15:29,SBICARD,0.4494
2026-09-21,15:29,SBIN,2.6698
2026-09-21,15:29,SCHAEFFLER,0.1898
2026-09-21,15:29,SCPL,47.3993
2026-09-21,15:29,SEAMECLTD,12.4065
2026-09-21,15:29,SEDEMAC,53.4334
2026-09-21,15:29,SENCO,5.0384
2026-09-21,15:29,SENORES,43.2709
2026-09-21,15:29,SESHAPAPER,3.7545
2026-09-21,15:29,SETL,198.2629
2026-09-21,15:29,SFL,19.0785
2026-09-21,15:29,SGFIN,8.5612
2026-09-21,15:29,SGIL,5.8584
2026-09-21,15:29,SGMART,22.4579
2026-09-21,15:29,SHADOWFAX,61.9463
2026-09-21,15:29,SHAILY,18.9905
2026-09-21,15:29,SHALPAINTS,54.5104
2026-09-21,15:29,SHANTIGEAR,56.279
2026-09-21,15:29,SHANTIGOLD,19.0529
2026-09-21,15:29,SHARDAMOTR,12.0438
2026-09-21,15:29,SHAREINDIA,63.2945
2026-09-21,15:29,SHILPAMED,144.0014
2026-09-21,15:29,SHINDL,9.5577
2026-09-21,15:29,SHIVALIK,55.9312
2026-09-21,15:29,SHIVAUM,34.6296
2026-09-21,15:29,SHOPERSTOP,18.5146
2026-09-21,15:29,SHREEJISPG,66.9215
2026-09-21,15:29,SHREEPUSHK,41.3133
2026-09-21,15:29,SHRINGARMS,1.1285
2026-09-21,15:29,SHRIPISTON,32.5815
2026-09-21,15:29,SHRIRAMFIN,9.9126
2026-09-21,15:29,SHYAMMETL,26.8493
2026-09-21,15:29,SICALLOG,41.0348
2026-09-21,15:29,SIEMENS,10.0447
2026-09-21,15:29,SIGACHI,49.3999
2026-09-21,15:29,SIGMAADV,184.3579
2026-09-21,15:29,SIKA,13.4961
2026-09-21,15:29,SILVERTUC,8.7501
2026-09-21,15:29,SIMPLEXINF,18.6409
2026-09-21,15:29,SINDHUTRAD,2.829
2026-09-21,15:29,SIS,12.4616
2026-09-21,15:29,SJS,20.3865
2026-09-21,15:29,SKFINDUS,30.9448
2026-09-21,15:29,SKIPPER,24.0948
2026-09-21,15:29,SKMEGGPROD,30.1716
2026-09-21,15:29,SKYGOLD,80.7482
2026-09-21,15:29,SMARTWORKS,21.4727
2026-09-21,15:29,SMCGLOBAL,31.2882
2026-09-21,15:29,SMLMAH,78.2681
2026-09-21,15:29,SMSPHARMA,15.456
2026-09-21,15:29,SOFTTECH,18.6788
2026-09-21,15:29,SOLARA,49.5434
2026-09-21,15:29,SOLARINDS,22.0308
2026-09-21,15:29,SOMANYCERA,30.2796
2026-09-21,15:29,SONACOMS,34.4804
2026-09-21,15:29,SONATSOFTW,4.3023
2026-09-21,15:29,SOTL,73.4354
2026-09-21,15:29,SOUTHBANK,18.2952
2026-09-21,15:29,SPAL,20.852
2026-09-21,15:29,SPARC,16.2556
2026-09-21,15:29,SPECIALITY,42.1661
2026-09-21,15:29,SPECTRUM,127.9154
2026-09-21,15:29,SPIC,-1.3889
2026-09-21,15:29,SPLPETRO,25.8597
2026-09-21,15:29,SPORTKING,36.9909
2026-09-21,15:29,SREEL,55.9248
2026-09-21,15:29,SRHHYPOLTD,25.0897
2026-09-21,15:29,SSWL,72.6153
2026-09-21,15:29,STALLION,65.4044
2026-09-21,15:29,STAR,7.7373
2026-09-21,15:29,STARHEALTH,7.007
2026-09-21,15:29,STEELCAS,6.3662
2026-09-21,15:29,STEL,43.2663
2026-09-21,15:29,STLNETWORK,73.4898
2026-09-21,15:29,STLTECH,100.8269
2026-09-21,15:29,STOVEKRAFT,50.4985
2026-09-21,15:29,STYL,37.3083
2026-09-21,15:29,STYLAMIND,27.1638
2026-09-21,15:29,SUDARCOLOR,16.8944
2026-09-21,15:29,SUDARSCHEM,43.1791
2026-09-21,15:29,SUDEEPPHRM,80.3421
2026-09-21,15:29,SUMICHEM,-0.2195
2026-09-21,15:29,SUNDARMFIN,3.2023
2026-09-21,15:29,SUNDRMFAST,42.2311
2026-09-21,15:29,SUNDROP,5.0371
2026-09-21,15:29,SUNPHARMA,2.4167
2026-09-21,15:29,SUPRAJIT,15.3948
2026-09-21,15:29,SUPREMEIND,-0.5964
2026-09-21,15:29,SUPREMEINF,-1.0028
2026-09-21,15:29,SUPRIYA,40.0453
2026-09-21,15:29,SURAJEST,-1.5423
2026-09-21,15:29,SURAKSHA,13.8617
2026-09-21,15:29,SUTLEJTEX,5.2141
2026-09-21,15:29,SUVEN,61.0735
2026-09-21,15:29,SVLL,49.0003
2026-09-21,15:29,SWANDEF,43.1873
2026-09-21,15:29,SWIGGY,7.7866
2026-09-21,15:29,SYRMA,65.4323
2026-09-21,15:29,SYSTMTXC,12.6341
2026-09-21,15:29,TAALTECH,107.4792
2026-09-21,15:29,TAJGVK,5.9961
2026-09-21,15:29,TALBROAUTO,40.036
2026-09-21,15:29,TARC,-0.3985
2026-09-21,15:29,TARSONS,57.3972
2026-09-21,15:29,TASTYBITE,28.9295
2026-09-21,15:29,TATACAP,12.5594
2026-09-21,15:29,TATACOMM,11.156
2026-09-21,15:29,TATAINVEST,1.9399
2026-09-21,15:29,TATATECH,15.7802
2026-09-21,15:29,TATVA,39.7667
2026-09-21,15:29,TBOTEK,45.1596
2026-09-21,15:29,TBZ,369.9644
2026-09-21,15:29,TCPLPACK,48.0658
2026-09-21,15:29,TDPOWERSYS,27.1026
2026-09-21,15:29,TECHM,13.3455
2026-09-21,15:29,TEGA,34.534
2026-09-21,15:29,TEJASNET,10.639
2026-09-21,15:29,TEXINFRA,12.5296
2026-09-21,15:29,TFCILTD,88.1263
2026-09-21,15:29,THANGAMAYL,34.9897
2026-09-21,15:29,THEJO,21.8594
2026-09-21,15:29,THELEELA,29.9287
2026-09-21,15:29,THEMISMED,22.839
2026-09-21,15:29,THOMASCOOK,9.7951
2026-09-21,15:29,THYROCARE,19.713
2026-09-21,15:29,TI,32.5898
2026-09-21,15:29,TIIL,22.5004
2026-09-21,15:29,TIL,31.3866
2026-09-21,15:29,TIMETECHNO,3.9748
2026-09-21,15:29,TIMEX,103.1926
2026-09-21,15:29,TINNARUBR,34.5907
2026-09-21,15:29,TIPSMUSIC,3.5863
2026-09-21,15:29,TIRUPATIFL,80.2181
2026-09-21,15:29,TITAGARH,8.6839
2026-09-21,15:29,TITAN,19.1728
2026-09-21,15:29,TMB,30.0396
2026-09-21,15:29,TMCV,15.6799
2026-09-21,15:29,TNPETRO,48.4117
2026-09-21,15:29,TORNTPHARM,15.6944
2026-09-21,15:29,TPLPLASTEH,3.5674
2026-09-21,15:29,TRANSPEK,16.9773
2026-09-21,15:29,TRAVELFOOD,7.697
2026-09-21,15:29,TREL,2.0658
2026-09-21,15:29,TRENT,3.397
2026-09-21,15:29,TRITURBINE,-1.7071
2026-09-21,15:29,TRIVENI,-0.4171
2026-09-21,15:29,TSFINV,15.7385
2026-09-21,15:29,TTKHLTCARE,19.3418
2026-09-21,15:29,TTKPRESTIG,-1.1674
2026-09-21,15:29,TVSMOTOR,17.7988
2026-09-21,15:29,TVSSCS,15.4013
2026-09-21,15:29,TVSSRICHAK,21.2473
2026-09-21,15:29,UDS,14.9809
2026-09-21,15:29,UEL,34.0522
2026-09-21,15:29,UFBL,105.0537
2026-09-21,15:29,UFLEX,57.5201
2026-09-21,15:29,UGARSUGAR,29.9185
2026-09-21,15:29,UJJIVANSFB,14.1272
2026-09-21,15:29,ULTRAMAR,5.3907
2026-09-21,15:29,UNICHEMLAB,49.0215
2026-09-21,15:29,UNIMECH,75.4545
2026-09-21,15:29,UNIONBANK,9.6208
2026-09-21,15:29,UNIPARTS,58.9827
2026-09-21,15:29,UNITDSPR,11.1907
2026-09-21,15:29,UNITEDPOLY,38.4962
2026-09-21,15:29,UNIVASTU,112.7221
2026-09-21,15:29,UNIVCABLES,47.8239
2026-09-21,15:29,UNIVPHOTO,34.0081
2026-09-21,15:29,UNOMINDA,8.9852
2026-09-21,15:29,URBANCO,37.5426
2026-09-21,15:29,USHAMART,12.2818
2026-09-21,15:29,UTLSOLAR,62.2645
2026-09-21,15:29,UTTAMSUGAR,1.0458
2026-09-21,15:29,VADILALIND,72.2856
2026-09-21,15:29,VALIANTLAB,59.288
2026-09-21,15:29,VALIANTORG,46.7557
2026-09-21,15:29,VARROC,54.996
2026-09-21,15:29,VELJAN,91.5012
2026-09-21,15:29,VENUSPIPES,69.8409
2026-09-21,15:29,VENUSREM,72.6952
2026-09-21,15:29,VGUARD,-0.0769
2026-09-21,15:29,VIDHIING,23.2013
2026-09-21,15:29,VIJAYA,20.4412
2026-09-21,15:29,VIMTALABS,31.8741
2026-09-21,15:29,VINCOFE,35.7011
2026-09-21,15:29,VINDHYATEL,71.6107
2026-09-21,15:29,VIPIND,0.9725
2026-09-21,15:29,VISAKAIND,26.3506
2026-09-21,15:29,VISHNU,24.1122
2026-09-21,15:29,VIYASH,11.547
2026-09-21,15:29,VLSFINANCE,2.9839
2026-09-21,15:29,VMART,24.3256
2026-09-21,15:29,VOLTAMP,15.0373
2026-09-21,15:29,VRLLOG,17.819
2026-09-21,15:29,VSSL,48.8406
2026-09-21,15:29,WABAG,52.3695
2026-09-21,15:29,WAKEFIT,18.4844
2026-09-21,15:29,WELCORP,104.2209
2026-09-21,15:29,WELENT,55.942
2026-09-21,15:29,WELINV,44.3631
2026-09-21,15:29,WELSPLSOL,31.6797
2026-09-21,15:29,WELSPUNLIV,61.3016
2026-09-21,15:29,WENDT,25.0253
2026-09-21,15:29,WESTLIFE,15.8911
2026-09-21,15:29,WEWORK,35.9931
2026-09-21,15:29,WHEELS,63.6617
2026-09-21,15:29,WINDLAS,48.2347
2026-09-21,15:29,WOCKPHARMA,39.7547
2026-09-21,15:29,WONDERLA,5.9499
2026-09-21,15:29,WSTCSTPAPR,57.1251
2026-09-21,15:29,XPROINDIA,9.6422
2026-09-21,15:29,YASHO,144.959
2026-09-21,15:29,YATHARTH,34.4204
2026-09-21,15:29,YATRA,7.0956
2026-09-21,15:29,YESBANK,4.7942
2026-09-21,15:29,YUKEN,60.7253
2026-09-21,15:29,ZENTEC,6.5017
2026-09-21,15:29,ZIMLAB,27.3949
2026-09-21,15:29,ZOTA,7.8379
2026-09-21,15:29,ZSARACOM,6.2739
2026-09-21,15:29,ZUARIIND,5.823
2026-09-21,15:29,ZYDUSLIFE,23.6093
2026-09-21,15:29,ZYDUSWELL,2.9301
2026-09-22,15:29,20MICRONS,21.9162
2026-09-22,15:29,3BBLACKBIO,-0.0948
2026-09-22,15:29,3IINFOLTD,51.0737
2026-09-22,15:29,3MINDIA,9.6971
2026-09-22,15:29,5PAISA,2.9551
2026-09-22,15:29,63MOONS,29.4104
2026-09-22,15:29,AARTIDRUGS,17.4969
2026-09-22,15:29,AARTIIND,5.9829
2026-09-22,15:29,AARTIPHARM,22.871
2026-09-22,15:29,ABB,10.7559
2026-09-22,15:29,ABBOTINDIA,-1.0719
2026-09-22,15:29,ABCAPITAL,13.5421
2026-09-22,15:29,ABDL,17.4583
2026-09-22,15:29,ACCELYA,-1.2359
2026-09-22,15:29,ACE,40.2801
2026-09-22,15:29,ACMESOLAR,62.0385
2026-09-22,15:29,ACUTAAS,17.8561
2026-09-22,15:29,ADANIENSOL,4.7457
2026-09-22,15:29,ADANIENT,10.4722
2026-09-22,15:29,ADANIPORTS,1.218
2026-09-22,15:29,ADOR,52.4374
2026-09-22,15:29,ADVAIT,1.4774
2026-09-22,15:29,ADVANCE,4.2414
2026-09-22,15:29,AEGISLOG,117.9634
2026-09-22,15:29,AEGISVOPAK,50.572
2026-09-22,15:29,AEQUS,18.4616
2026-09-22,15:29,AEROENTER,21.3788
2026-09-22,15:29,AEROFLEX,43.15
2026-09-22,15:29,AETHER,48.5583
2026-09-22,15:29,AFFLE,6.5369
2026-09-22,15:29,AFSL,-0.0547
2026-09-22,15:29,AGARWALEYE,10.4874
2026-09-22,15:29,AGI,45.2469
2026-09-22,15:29,AHCL,111.5836
2026-09-22,15:29,AIAENG,1.7796
2026-09-22,15:29,AIIL,8.1685
2026-09-22,15:29,AJANTPHARM,7.9805
2026-09-22,15:29,AJAXENGG,4.604
2026-09-22,15:29,AKCAPIT,11.1125
2026-09-22,15:29,AKUMS,53.0403
2026-09-22,15:29,ALEMBICLTD,14.7252
2026-09-22,15:29,ALGOQUANT,17.2156
2026-09-22,15:29,ALICON,11.8288
2026-09-22,15:29,ALIVUS,29.142
2026-09-22,15:29,ALKYLAMINE,6.5029
2026-09-22,15:29,AMAGI,44.7142
2026-09-22,15:29,AMANTA,40.5729
2026-09-22,15:29,AMBIKCO,0.4265
2026-09-22,15:29,ANANDRATHI,21.8953
2026-09-22,15:29,ANANTRAJ,23.4021
2026-09-22,15:29,ANDHRAPAP,10.5899
2026-09-22,15:29,ANDHRSUGAR,6.1922
2026-09-22,15:29,ANDREWYU,6.3855
2026-09-22,15:29,ANTELOPUS,48.1818
2026-09-22,15:29,ANTHEM,8.7306
2026-09-22,15:29,ANUHPHR,18.3591
2026-09-22,15:29,APARINDS,43.1724
2026-09-22,15:29,APCOTEXIND,28.4134
2026-09-22,15:29,APLAPOLLO,16.1314
2026-09-22,15:29,APLLTD,6.9301
2026-09-22,15:29,APOLLO,33.1206
2026-09-22,15:29,APOLLOHOSP,8.825
2026-09-22,15:29,APOLLOPIPE,10.6531
2026-09-22,15:29,APOLLOTYRE,0.1867
2026-09-22,15:29,ARIES,33.6794
2026-09-22,15:29,ARIHANT,9.8051
2026-09-22,15:29,ARIHANTCAP,30.9963
2026-09-22,15:29,ARKADE,10.1862
2026-09-22,15:29,ARMANFIN,8.4991
2026-09-22,15:29,ARROWGREEN,80.1598
2026-09-22,15:29,ARTEMISMED,22.8642
2026-09-22,15:29,ARVIND,21.5376
2026-09-22,15:29,ARVINDFASN,-1.6417
2026-09-22,15:29,ASAHIINDIA,17.472
2026-09-22,15:29,ASHIANA,7.8734
2026-09-22,15:29,ASHOKLEY,4.1532
2026-09-22,15:29,ASIANENE,59.8694
2026-09-22,15:29,ASIANHOTNR,28.6454
2026-09-22,15:29,ASKAUTOLTD,48.13
2026-09-22,15:29,ASTAR,13.3898
2026-09-22,15:29,ASTEC,20.8917
2026-09-22,15:29,ASTERDM,0.5492
2026-09-22,15:29,ASTRAMICRO,45.3507
2026-09-22,15:29,ATGL,2.2282
2026-09-22,15:29,ATHERENERG,64.1817
2026-09-22,15:29,AUBANK,3.1552
2026-09-22,15:29,AUROPHARMA,12.5157
2026-09-22,15:29,AURUM,25.2411
2026-09-22,15:29,AVADHSUGAR,52.0963
2026-09-22,15:29,AVALON,94.4619
2026-09-22,15:29,AVL,13.6051
2026-09-22,15:29,AVTNPL,47.6484
2026-09-22,15:29,AXISBANK,-0.9485
2026-09-22,15:29,AYE,38.4691
2026-09-22,15:29,AYMSYNTEX,29.5955
2026-09-22,15:29,AZAD,27.2027
2026-09-22,15:29,BAFNAPH,142.7888
2026-09-22,15:29,BAJAJ-AUTO,8.7264
2026-09-22,15:29,BAJAJCON,-0.9066
2026-09-22,15:29,BAJAJFINSV,4.7811
2026-09-22,15:29,BAJAJHCARE,14.456
2026-09-22,15:29,BAJAJHFL,-1.2475
2026-09-22,15:29,BAJAJHIND,14.117
2026-09-22,15:29,BAJAJHLDNG,7.9946
2026-09-22,15:29,BAJFINANCE,10.5958
2026-09-22,15:29,BALAMINES,31.7543
2026-09-22,15:29,BALKRISIND,1.1775
2026-09-22,15:29,BALRAMCHIN,22.2582
2026-09-22,15:29,BALUFORGE,2.5992
2026-09-22,15:29,BANCOINDIA,-0.452
2026-09-22,15:29,BANSALWIRE,5.1885
2026-09-22,15:29,BCLIND,-0.7117
2026-09-22,15:29,BECTORFOOD,20.5035
2026-09-22,15:29,BELRISE,16.7319
2026-09-22,15:29,BEML,14.3668
2026-09-22,15:29,BEPL,34.0918
2026-09-22,15:29,BETA,49.9715
2026-09-22,15:29,BFINVEST,5.7051
2026-09-22,15:29,BGRENERGY,2.5722
2026-09-22,15:29,BHAGCHEM,-1.7922
2026-09-22,15:29,BHAGERIA,115.5522
2026-09-22,15:29,BHAGYANGR,29.7746
2026-09-22,15:29,BHARATFORG,3.0838
2026-09-22,15:29,BHARATSE,19.2493
2026-09-22,15:29,BHARTIHEXA,1.6295
2026-09-22,15:29,BHEL,3.0618
2026-09-22,15:29,BIL,42.896
2026-09-22,15:29,BIRLACABLE,120.6834
2026-09-22,15:29,BLACKBUCK,17.4127
2026-09-22,15:29,BLACKROSE,10.0369
2026-09-22,15:29,BLISSGVS,140.0138
2026-09-22,15:29,BLSE,69.7098
2026-09-22,15:29,BLUEJET,33.9186
2026-09-22,15:29,BLUESTONE,91.7362
2026-09-22,15:29,BLUSPRING,89.2458
2026-09-22,15:29,BODALCHEM,182.3891
2026-09-22,15:29,BOROLTD,14.2281
2026-09-22,15:29,BOROSCI,1.4393
2026-09-22,15:29,BOSCH-HCIL,22.809
2026-09-22,15:29,BOSCHLTD,30.7078
2026-09-22,15:29,BPCL,6.3051
2026-09-22,15:29,BRIGADE,17.3174
2026-09-22,15:29,BUILDPRO,19.142
2026-09-22,15:29,CANHLIFE,12.0608
2026-09-22,15:29,CANTABIL,7.3194
2026-09-22,15:29,CAPILLARY,4.9089
2026-09-22,15:29,CAPITALSFB,1.078
2026-09-22,15:29,CAPLIPOINT,37.2319
2026-09-22,15:29,CARBORUNIV,16.7687
2026-09-22,15:29,CARTRADE,58.3478
2026-09-22,15:29,CARYSIL,16.7644
2026-09-22,15:29,CASTROLIND,7.6081
2026-09-22,15:29,CDSL,12.4552
2026-09-22,15:29,CEATLTD,3.923
2026-09-22,15:29,CEIGALL,6.0295
2026-09-22,15:29,CEMPRO,42.3577
2026-09-22,15:29,CENTENKA,30.5268
2026-09-22,15:29,CENTUM,63.0546
2026-09-22,15:29,CGCL,43.3133
2026-09-22,15:29,CGPOWER,5.641
2026-09-22,15:29,CHALET,15.8884
2026-09-22,15:29,CHAMBLFERT,-1.4366
2026-09-22,15:29,CHEMBONDCH,48.8766
2026-09-22,15:29,CHEMCON,39.5092
2026-09-22,15:29,CHENNPETRO,35.2113
2026-09-22,15:29,CHOICEIN,13.5079
2026-09-22,15:29,CHOLAFIN,12.2519
2026-09-22,15:29,CLEAN,1.8582
2026-09-22,15:29,CLEANMAX,0.1978
2026-09-22,15:29,CLSEL,7.571
2026-09-22,15:29,COCKERILL,55.1361
2026-09-22,15:29,COFFEEDAY,24.047
2026-09-22,15:29,COFORGE,41.4561
2026-09-22,15:29,COHANCE,1.6959
2026-09-22,15:29,COMSYN,96.7925
2026-09-22,15:29,CONCORDBIO,34.4211
2026-09-22,15:29,CONFIPET,40.7756
2026-09-22,15:29,CONSOFINVT,33.4207
2026-09-22,15:29,COROMANDEL,4.5477
2026-09-22,15:29,CORONA,22.1513
2026-09-22,15:29,COSMOFIRST,13.066
2026-09-22,15:29,CPPLUS,43.2919
2026-09-22,15:29,CRAFTSMAN,23.7539
2026-09-22,15:29,CREDITACC,2.3517
2026-09-22,15:29,CREST,0.4974
2026-09-22,15:29,CRISIL,10.364
2026-09-22,15:29,CUB,22.7432
2026-09-22,15:29,CUPID,109.7823
2026-09-22,15:29,CYIENT,23.7598
2026-09-22,15:29,CYIENTDLM,121.9748
2026-09-22,15:29,DALBHARAT,-1.309
2026-09-22,15:29,DALMIASUG,12.3625
2026-09-22,15:29,DATAMATICS,2.7317
2026-09-22,15:29,DATAPATTNS,11.8289
2026-09-22,15:29,DBOL,1.3596
2026-09-22,15:29,DCBBANK,20.6758
2026-09-22,15:29,DCMSIL,12.4381
2026-09-22,15:29,DCW,0.1669
2026-09-22,15:29,DDEVPLSTIK,5.0837
2026-09-22,15:29,DECNGOLD,85.9065
2026-09-22,15:29,DEEDEV,38.8042
2026-09-22,15:29,DEEPAKFERT,3.1553
2026-09-22,15:29,DEEPINDS,66.1975
2026-09-22,15:29,DEN,1.2336
2026-09-22,15:29,DENTA,2.5385
2026-09-22,15:29,DEVYANI,22.435
2026-09-22,15:29,DHAMPURSUG,14.472
2026-09-22,15:29,DHARMAJ,4.4898
2026-09-22,15:29,DHUNINV,12.3216
2026-09-22,15:29,DIACABS,93.1611
2026-09-22,15:29,DIAMONDYD,8.8667
2026-09-22,15:29,DICIND,27.9456
2026-09-22,15:29,DIFFNKG,44.9532
2026-09-22,15:29,DISAQ,0.7941
2026-09-22,15:29,DIVGIITTS,66.1938
2026-09-22,15:29,DIVISLAB,35.1152
2026-09-22,15:29,DIXON,17.842
2026-09-22,15:29,DLF,14.7878
2026-09-22,15:29,DODLA,-0.4372
2026-09-22,15:29,DOLLAR,1.7531
2026-09-22,15:29,DOLPHIN,73.0498
2026-09-22,15:29,DPABHUSHAN,54.3001
2026-09-22,15:29,DRAGARWQ,2.0809
2026-09-22,15:29,DREDGECORP,11.927
2026-09-22,15:29,DVL,14.7272
2026-09-22,15:29,DYCL,40.7413
2026-09-22,15:29,DYNAMATECH,15.1214
2026-09-22,15:29,E2E,84.9661
2026-09-22,15:29,EBGNG,61.7334
2026-09-22,15:29,ECLERX,26.7106
2026-09-22,15:29,EDELWEISS,21.8577
2026-09-22,15:29,EFCIL,0.4515
2026-09-22,15:29,EICHERMOT,5.5871
2026-09-22,15:29,EIEL,1.2284
2026-09-22,15:29,EIFFL,5.7335
2026-09-22,15:29,EIMCOELECO,42.5566
2026-09-22,15:29,ELANTAS,53.953
2026-09-22,15:29,ELECTHERM,23.4936
2026-09-22,15:29,ELGIEQUIP,16.1232
2026-09-22,15:29,ELPROINTL,4.922
2026-09-22,15:29,EMAMIPAP,45.929
2026-09-22,15:29,EMCURE,17.8612
2026-09-22,15:29,EMIL,60.6154
2026-09-22,15:29,EMKAY,30.0192
2026-09-22,15:29,EMMVEE,31.1776
2026-09-22,15:29,EMSLIMITED,10.3641
2026-09-22,15:29,EMUDHRA,39.0704
2026-09-22,15:29,ENDURANCE,2.8287
2026-09-22,15:29,ENGINERSIN,19.0907
2026-09-22,15:29,ENRIN,4.1935
2026-09-22,15:29,ENTERO,57.9724
2026-09-22,15:29,EPACKPEB,31.647
2026-09-22,15:29,EPL,3.1784
2026-09-22,15:29,EQUITASBNK,6.7184
2026-09-22,15:29,ESAFSFB,31.3145
2026-09-22,15:29,ETERNAL,39.1262
2026-09-22,15:29,ETHOSLTD,11.7272
2026-09-22,15:29,EVEREADY,2.428
2026-09-22,15:29,EVERESTIND,14.4199
2026-09-22,15:29,EXCELINDUS,-1.8596
2026-09-22,15:29,EXICOM,44.5041
2026-09-22,15:29,EXIDEIND,22.8768
2026-09-22,15:29,EXPLEOSOL,-1.1717
2026-09-22,15:29,FAIRCHEMOR,6.6332
2026-09-22,15:29,FCL,120.9007
2026-09-22,15:29,FEDDERSHOL,91.8863
2026-09-22,15:29,FEDERALBNK,16.6815
2026-09-22,15:29,FEDFINA,-0.6076
2026-09-22,15:29,FILATEX,137.8677
2026-09-22,15:29,FINCABLES,36.6564
2026-09-22,15:29,FINEORG,9.4366
2026-09-22,15:29,FINKURVE,3.6824
2026-09-22,15:29,FINOPB,8.3048
2026-09-22,15:29,FIVESTAR,12.7376
2026-09-22,15:29,FLUOROCHEM,21.5549
2026-09-22,15:29,FMGOETZE,2.021
2026-09-22,15:29,FOSECOIND,31.7988
2026-09-22,15:29,FSL,12.3713
2026-09-22,15:29,GABRIEL,34.0683
2026-09-22,15:29,GAIL,5.6762
2026-09-22,15:29,GALAPREC,25.7353
2026-09-22,15:29,GALAXYSURF,18.3086
2026-09-22,15:29,GANDHAR,88.516
2026-09-22,15:29,GANDHITUBE,11.238
2026-09-22,15:29,GANESHBE,26.8822
2026-09-22,15:29,GANESHHOU,8.1383
2026-09-22,15:29,GARFIBRES,27.207
2026-09-22,15:29,GARUDA,6.1506
2026-09-22,15:29,GAUDIUMIVF,1.6709
2026-09-22,15:29,GAYAPROJ,24.8945
2026-09-22,15:29,GCSL,61.8638
2026-09-22,15:29,GEECEE,25.0334
2026-09-22,15:29,GEMAROMA,0.767
2026-09-22,15:29,GENESYS,91.3905
2026-09-22,15:29,GENUSPOWER,0.4545
2026-09-22,15:29,GEOJITFSL,10.5869
2026-09-22,15:29,GESHIP,-1.5422
2026-09-22,15:29,GFLLIMITED,20.0717
2026-09-22,15:29,GHCLTEXTIL,49.6815
2026-09-22,15:29,GIPCL,25.3823
2026-09-22,15:29,GKENERGY,-1.1374
2026-09-22,15:29,GKSL,23.2897
2026-09-22,15:29,GLAND,53.6508
2026-09-22,15:29,GLAXO,18.906
2026-09-22,15:29,GLENMARK,5.1611
2026-09-22,15:29,GLOBAL,24.8042
2026-09-22,15:29,GLOTTIS,-0.2606
2026-09-22,15:29,GMBREW,5.3623
2026-09-22,15:29,GMMPFAUDLR,66.2082
2026-09-22,15:29,GMRAIRPORT,1.6117
2026-09-22,15:29,GNA,49.0579
2026-09-22,15:29,GNFC,15.1457
2026-09-22,15:29,GNRL,1.0887
2026-09-22,15:29,GOCLCORP,36.2898
2026-09-22,15:29,GOCOLORS,14.5461
2026-09-22,15:29,GODREJAGRO,15.8884
2026-09-22,15:29,GODREJPROP,-1.9613
2026-09-22,15:29,GOKEX,1.6081
2026-09-22,15:29,GOODLUCK,22.0539
2026-09-22,15:29,GPPL,6.9542
2026-09-22,15:29,GPTHEALTH,15.8813
2026-09-22,15:29,GPTINFRA,2.1085
2026-09-22,15:29,GRANDOAK,24.0768
2026-09-22,15:29,GRANULES,17.5099
2026-09-22,15:29,GRAPHITE,8.9718
2026-09-22,15:29,GRASIM,6.4484
2026-09-22,15:29,GRAUWEIL,26.6778
2026-09-22,15:29,GREAVESCOT,20.829
2026-09-22,15:29,GREENLAM,-1.0024
2026-09-22,15:29,GREENPLY,14.8026
2026-09-22,15:29,GRINDWELL,8.2562
2026-09-22,15:29,GROWW,-0.3844
2026-09-22,15:29,GRPLTD,11.957
2026-09-22,15:29,GRWRHITECH,16.9324
2026-09-22,15:29,GSPCROP,11.8699
2026-09-22,15:29,GUFICBIO,54.3281
2026-09-22,15:29,GUJTHEM,10.3619
2026-09-22,15:29,GULFOILLUB,12.2157
2026-09-22,15:29,GVT&D,0.2351
2026-09-22,15:29,HAL,4.1667
2026-09-22,15:29,HALDYNGL,32.6379
2026-09-22,15:29,HAPPYFORGE,52.3703
2026-09-22,15:29,HARIOMPIPE,17.7705
2026-09-22,15:29,HARSHA,15.9706
2026-09-22,15:29,HATSUN,23.8206
2026-09-22,15:29,HAWKINCOOK,11.4831
2026-09-22,15:29,HCC,-1.3206
2026-09-22,15:29,HCG,15.5754
2026-09-22,15:29,HCLTECH,13.0249
2026-09-22,15:29,HDBFS,-0.303
2026-09-22,15:29,HEALTHX,0.7836
2026-09-22,15:29,HEG,23.3679
2026-09-22,15:29,HERITGFOOD,23.6618
2026-09-22,15:29,HEROMOTOCO,5.8302
2026-09-22,15:29,HESTERBIO,25.1983
2026-09-22,15:29,HFCL,45.8276
2026-09-22,15:29,HIKAL,8.7373
2026-09-22,15:29,HINDOILEXP,7.3631
2026-09-22,15:29,HIRECT,36.558
2026-09-22,15:29,HITECHCORP,138.7935
2026-09-22,15:29,HLEGLAS,35.8166
2026-09-22,15:29,HMAAGRO,-1.495
2026-09-22,15:29,HMT,13.1528
2026-09-22,15:29,HMVL,28.5938
2026-09-22,15:29,HNDFDS,19.5638
2026-09-22,15:29,HOMEFIRST,11.4225
2026-09-22,15:29,HONASA,34.2165
2026-09-22,15:29,HONAUT,18.4714
2026-09-22,15:29,HSCL,8.492
2026-09-22,15:29,HTMEDIA,12.2074
2026-09-22,15:29,HUHTAMAKI,45.9912
2026-09-22,15:29,HYUNDAI,13.9865
2026-09-22,15:29,IBULLSLTD,47.6977
2026-09-22,15:29,ICICIBANK,7.512
2026-09-22,15:29,ICIL,58.0077
2026-09-22,15:29,IDBI,16.0784
2026-09-22,15:29,IDFCFIRSTB,24.555
2026-09-22,15:29,IFBIND,8.419
2026-09-22,15:29,IFCI,16.6513
2026-09-22,15:29,IFGLEXPOR,14.8242
2026-09-22,15:29,IGARASHI,6.6533
2026-09-22,15:29,IGIL,0.3376
2026-09-22,15:29,IGPL,23.9331
2026-09-22,15:29,IIFL,34.323
2026-09-22,15:29,IIFLCAPS,0.2178
2026-09-22,15:29,IKIO,29.7675
2026-09-22,15:29,IKS,11.7341
2026-09-22,15:29,IL&FSENGG,57.3655
2026-09-22,15:29,IMAGICAA,19.7988
2026-09-22,15:29,IMPAL,5.2271
2026-09-22,15:29,INDGN,14.7926
2026-09-22,15:29,INDHOTEL,13.2344
2026-09-22,15:29,INDIAGLYCO,16.9418
2026-09-22,15:29,INDIANB,1.0881
2026-09-22,15:29,INDIANHUME,12.0621
2026-09-22,15:29,INDIGO,17.5096
2026-09-22,15:29,INDIGOPNTS,16.8167
2026-09-22,15:29,INDIQUBE,18.5718
2026-09-22,15:29,INDNIPPON,61.7628
2026-09-22,15:29,INDOAMIN,5.2632
2026-09-22,15:29,INDOBORAX,64.6129
2026-09-22,15:29,INDOCO,12.8497
2026-09-22,15:29,INDOFARM,5.1326
2026-09-22,15:29,INDORAMA,181.8998
2026-09-22,15:29,INDOSTAR,15.7148
2026-09-22,15:29,INDOTECH,21.4624
2026-09-22,15:29,INDSWFTLAB,201.2778
2026-09-22,15:29,INDUSINDBK,5.1878
2026-09-22,15:29,INFOBEAN,-1.5576
2026-09-22,15:29,INNOVACAP,40.6927
2026-09-22,15:29,INOXINDIA,49.262
2026-09-22,15:29,INVPRECQ,122.5892
2026-09-22,15:29,IOC,-1.7539
2026-09-22,15:29,IOLCP,83.2556
2026-09-22,15:29,IONEXCHANG,9.4335
2026-09-22,15:29,IPCALAB,25.7908
2026-09-22,15:29,IRIS,-0.8347
2026-09-22,15:29,IRISDOREME,80.0979
2026-09-22,15:29,ITCHOTELS,2.0921
2026-09-22,15:29,ITDC,26.1394
2026-09-22,15:29,IXIGO,-1.7687
2026-09-22,15:29,IZMO,39.1619
2026-09-22,15:29,J&KBANK,10.5187
2026-09-22,15:29,JAGSNPHARM,8.8769
2026-09-22,15:29,JAMNAAUTO,8.641
2026-09-22,15:29,JASH,48.5834
2026-09-22,15:29,JAYAGROGN,-0.5537
2026-09-22,15:29,JAYBARMARU,27.8973
2026-09-22,15:29,JAYKAY,19.7094
2026-09-22,15:29,JGCHEM,46.6659
2026-09-22,15:29,JINDALPHOT,6.0301
2026-09-22,15:29,JINDALPOLY,3.3352
2026-09-22,15:29,JINDALSAW,22.5874
2026-09-22,15:29,JINDWORLD,89.3401
2026-09-22,15:29,JIOFIN,-1.465
2026-09-22,15:29,JKPAPER,10.2754
2026-09-22,15:29,JLHL,3.7764
2026-09-22,15:29,JNKINDIA,20.0029
2026-09-22,15:29,JSFB,7.0182
2026-09-22,15:29,JSL,-0.7012
2026-09-22,15:29,JSWDULUX,7.2953
2026-09-22,15:29,JSWENERGY,1.014
2026-09-22,15:29,JSWINFRA,37.3949
2026-09-22,15:29,JTLIND,28.6373
2026-09-22,15:29,JUBLCPL,17.8211
2026-09-22,15:29,JUBLFOOD,6.6565
2026-09-22,15:29,JUBLPHARMA,6.6159
2026-09-22,15:29,JUNIPER,10.0464
2026-09-22,15:29,JUSTDIAL,29.3415
2026-09-22,15:29,JYOTICNC,50.4092
2026-09-22,15:29,KABRAEXTRU,187.2015
2026-09-22,15:29,KAJARIACER,11.1675
2026-09-22,15:29,KALYANKJIL,61.5235
2026-09-22,15:29,KAMATHOTEL,47.3001
2026-09-22,15:29,KAMDHENU,67.3116
2026-09-22,15:29,KANORICHEM,76.0166
2026-09-22,15:29,KANPRPLA,30.0078
2026-09-22,15:29,KAPSTON,69.6803
2026-09-22,15:29,KARURVYSYA,10.3965
2026-09-22,15:29,KAYA,38.8957
2026-09-22,15:29,KAYNES,3.5516
2026-09-22,15:29,KDDL,74.5114
2026-09-22,15:29,KECL,3.3862
2026-09-22,15:29,KENNAMET,45.9119
2026-09-22,15:29,KERNEX,24.6125
2026-09-22,15:29,KFINTECH,9.4588
2026-09-22,15:29,KICL,2.7401
2026-09-22,15:29,KILITCH,36.1127
2026-09-22,15:29,KIMS,2.1337
2026-09-22,15:29,KINGFA,19.1866
2026-09-22,15:29,KIRANVYPAR,17.2131
2026-09-22,15:29,KIRIINDUS,35.3449
2026-09-22,15:29,KIRLFER,6.6689
2026-09-22,15:29,KIRLOSBROS,9.182
2026-09-22,15:29,KIRLOSENG,35.6007
2026-09-22,15:29,KIRLOSIND,17.7158
2026-09-22,15:29,KISSHT,73.3881
2026-09-22,15:29,KKCL,6.6315
2026-09-22,15:29,KLBRENG-B,6.6735
2026-09-22,15:29,KMEW,52.9886
2026-09-22,15:29,KNAGRI,5.3406
2026-09-22,15:29,KOLTEPATIL,18.7108
2026-09-22,15:29,KOPRAN,75.0396
2026-09-22,15:29,KOTAKBANK,7.6853
2026-09-22,15:29,KOVAI,14.6971
2026-09-22,15:29,KPIL,14.1448
2026-09-22,15:29,KPL,123.2082
2026-09-22,15:29,KPRMILL,25.6221
2026-09-22,15:29,KRBL,12.4603
2026-09-22,15:29,KRISHANA,37.5444
2026-09-22,15:29,KRN,19.9814
2026-09-22,15:29,KRONOX,38.4504
2026-09-22,15:29,KROSS,33.3733
2026-09-22,15:29,KRYSTAL,6.0953
2026-09-22,15:29,KSHINTL,57.5407
2026-09-22,15:29,KSL,16.2043
2026-09-22,15:29,KTKBANK,34.2377
2026-09-22,15:29,KUANTUM,5.5542
2026-09-22,15:29,KWIL,54.5455
2026-09-22,15:29,LALPATHLAB,19.355
2026-09-22,15:29,LANDMARK,38.6286
2026-09-22,15:29,LAURUSLABS,52.5276
2026-09-22,15:29,LENSKART,45.7679
2026-09-22,15:29,LGBBROSLTD,7.7201
2026-09-22,15:29,LGEINDIA,6.2388
2026-09-22,15:29,LICHSGFIN,0.8208
2026-09-22,15:29,LICI,0.5093
2026-09-22,15:29,LIKHITHA,9.5962
2026-09-22,15:29,LLOYDSENGG,19.2516
2026-09-22,15:29,LLOYDSME,5.5941
2026-09-22,15:29,LMW,18.5244
2026-09-22,15:29,LODHA,31.0649
2026-09-22,15:29,LOKESHMACH,33.361
2026-09-22,15:29,LOTUSDEV,52.6338
2026-09-22,15:29,LT,-1.878
2026-09-22,15:29,LTF,8.3896
2026-09-22,15:29,LTFOODS,2.5182
2026-09-22,15:29,LTM,6.0737
2026-09-22,15:29,LUMAXIND,11.363
2026-09-22,15:29,LUMAXTECH,29.2932
2026-09-22,15:29,LXCHEM,14.2335
2026-09-22,15:29,M&MFIN,9.8161
2026-09-22,15:29,MACPOWER,84.3239
2026-09-22,15:29,MAGADSUGAR,4.8911
2026-09-22,15:29,MAHABANK,4.9682
2026-09-22,15:29,MAHASTEEL,31.6919
2026-09-22,15:29,MAHLIFE,10.8521
2026-09-22,15:29,MAHLOG,9.2671
2026-09-22,15:29,MAHSCOOTER,9.807
2026-09-22,15:29,MAHSEAMLES,7.8071
2026-09-22,15:29,MAITHANALL,-0.9606
2026-09-22,15:29,MAMATA,1.28
2026-09-22,15:29,MANAKCOAT,34.0101
2026-09-22,15:29,MANAKSTEEL,67.6567
2026-09-22,15:29,MANALIPETC,50.2124
2026-09-22,15:29,MANAPPURAM,2.6358
2026-09-22,15:29,MANBA,21.1241
2026-09-22,15:29,MANGLMCEM,13.5651
2026-09-22,15:29,MANINDS,54.2048
2026-09-22,15:29,MANINFRA,4.1828
2026-09-22,15:29,MANKIND,0.7229
2026-09-22,15:29,MANORAMA,41.3671
2026-09-22,15:29,MANYAVAR,20.9694
2026-09-22,15:29,MARICO,-0.5988
2026-09-22,15:29,MARINE,88.1
2026-09-22,15:29,MARKSANS,64.892
2026-09-22,15:29,MASTEK,1.4691
2026-09-22,15:29,MASTERTR,0.0579
2026-09-22,15:29,MATRIMONY,23.5142
2026-09-22,15:29,MAXESTATES,46.3298
2026-09-22,15:29,MAXHEALTH,0.6622
2026-09-22,15:29,MAYURUNIQ,20.6831
2026-09-22,15:29,MAZDA,23.5055
2026-09-22,15:29,MBAPL,56.3166
2026-09-22,15:29,MBECL,11042.2282
2026-09-22,15:29,MCLOUD,1.4504
2026-09-22,15:29,MEDANTA,22.7659
2026-09-22,15:29,MEESHO,25.8594
2026-09-22,15:29,MENONBE,111.0224
2026-09-22,15:29,METROPOLIS,9.5617
2026-09-22,15:29,MGL,-0.0094
2026-09-22,15:29,MIDHANI,-1.588
2026-09-22,15:29,MINDACORP,34.8151
2026-09-22,15:29,MMFL,35.7939
2026-09-22,15:29,MMP,62.5956
2026-09-22,15:29,MOBIKWIK,8.61
2026-09-22,15:29,MODISONLTD,198.5717
2026-09-22,15:29,MOL,17.271
2026-09-22,15:29,MOLDTECH,38.9949
2026-09-22,15:29,MONARCH,18.9689
2026-09-22,15:29,MOREPENLAB,176.7729
2026-09-22,15:29,MOSCHIP,-1.1111
2026-09-22,15:29,MOTHERSON,28.2769
2026-09-22,15:29,MOTILALOFS,18.1647
2026-09-22,15:29,MPHASIS,7.0871
2026-09-22,15:29,MPSLTD,59.3243
2026-09-22,15:29,MRF,-1.3325
2026-09-22,15:29,MRPL,7.0364
2026-09-22,15:29,MSTCLTD,75.1143
2026-09-22,15:29,MUFIN,16.6916
2026-09-22,15:29,MUKANDLTD,2.657
2026-09-22,15:29,MUKKA,14.807
2026-09-22,15:29,MUNJALAU,15.1648
2026-09-22,15:29,MUNJALSHOW,-0.774
2026-09-22,15:29,MUTHOOTMF,2.0815
2026-09-22,15:29,MVGJL,34.9747
2026-09-22,15:29,NAHARINDUS,16.7228
2026-09-22,15:29,NAHARSPING,5.8476
2026-09-22,15:29,NAM-INDIA,6.1064
2026-09-22,15:29,NAUKRI,39.0563
2026-09-22,15:29,NAVINFLUOR,22.4229
2026-09-22,15:29,NAZARA,39.2669
2026-09-22,15:29,NBIFIN,0.6198
2026-09-22,15:29,NCLIND,3.1926
2026-09-22,15:29,NELCO,48.014
2026-09-22,15:29,NEOGEN,41.0231
2026-09-22,15:29,NEPHROPLUS,28.4845
2026-09-22,15:29,NETWEB,23.2726
2026-09-22,15:29,NEULANDLAB,35.1918
2026-09-22,15:29,NEWGEN,8.5039
2026-09-22,15:29,NGLFINE,25.8705
2026-09-22,15:29,NH,3.5121
2026-09-22,15:29,NIACL,13.6921
2026-09-22,15:29,NIBE,37.2508
2026-09-22,15:29,NIITLTD,38.7047
2026-09-22,15:29,NILKAMAL,39.1123
2026-09-22,15:29,NINSYS,22.2155
2026-09-22,15:29,NIRLON,0.5266
2026-09-22,15:29,NITINSPIN,21.2073
2026-09-22,15:29,NITTAGELA,32.2006
2026-09-22,15:29,NIVABUPA,0.5724
2026-09-22,15:29,NOCIL,15.7829
2026-09-22,15:29,NORTHARC,9.1569
2026-09-22,15:29,NOVARTIND,65.2265
2026-09-22,15:29,NPST,81.5979
2026-09-22,15:29,NRAIL,38.9961
2026-09-22,15:29,NRBBEARING,53.2685
2026-09-22,15:29,NRL,189.2238
2026-09-22,15:29,NSIL,-1.6644
2026-09-22,15:29,NUVAMA,13.3839
2026-09-22,15:29,NUVOCO,3.7984
2026-09-22,15:29,NYKAA,22.1795
2026-09-22,15:29,OAL,81.2531
2026-09-22,15:29,OBEROIRLTY,12.7015
2026-09-22,15:29,OCCLLTD,57.0569
2026-09-22,15:29,OFSS,23.4095
2026-09-22,15:29,OLAELEC,4.9444
2026-09-22,15:29,OMAXE,44.4872
2026-09-22,15:29,OMNI,32.9002
2026-09-22,15:29,ONEPOINT,2.6307
2026-09-22,15:29,ONMOBILE,-0.2993
2026-09-22,15:29,ONWARDTEC,7.365
2026-09-22,15:29,OPTIEMUS,68.205
2026-09-22,15:29,ORBTEXP,41.1823
2026-09-22,15:29,ORCHPHARMA,53.9381
2026-09-22,15:29,ORIENTBELL,19.8292
2026-09-22,15:29,ORIENTCER,15.3274
2026-09-22,15:29,ORIENTHOT,44.7472
2026-09-22,15:29,PAGEIND,2.8374
2026-09-22,15:29,PAISALO,101.8362
2026-09-22,15:29,PANACEABIO,-0.2866
2026-09-22,15:29,PANACHE,35.2621
2026-09-22,15:29,PANAMAPET,62.1735
2026-09-22,15:29,PARACABLES,6.9079
2026-09-22,15:29,PARADEEP,25.2091
2026-09-22,15:29,PARAGMILK,26.311
2026-09-22,15:29,PARAS,75.6368
2026-09-22,15:29,PARKHOSPS,14.6914
2026-09-22,15:29,PASUPTAC,38.8293
2026-09-22,15:29,PATELENG,0.5618
2026-09-22,15:29,PATELRMART,0.6716
2026-09-22,15:29,PAUSHAKLTD,46.5503
2026-09-22,15:29,PAYTM,58.5183
2026-09-22,15:29,PCBL,22.4903
2026-09-22,15:29,PDMJEPAPER,19.0366
2026-09-22,15:29,PDSL,29.3202
2026-09-22,15:29,PENIND,12.2832
2026-09-22,15:29,PERSISTENT,15.9264
2026-09-22,15:29,PETRONET,3.6799
2026-09-22,15:29,PFOCUS,37.1116
2026-09-22,15:29,PGEL,5.7855
2026-09-22,15:29,PGHL,3.7734
2026-09-22,15:29,PGIL,56.3187
2026-09-22,15:29,PHOENIXLTD,10.9697
2026-09-22,15:29,PICCADIL,3.0075
2026-09-22,15:29,PIDILITIND,5.9914
2026-09-22,15:29,PINELABS,26.8897
2026-09-22,15:29,PITTIENG,25.0864
2026-09-22,15:29,PIXTRANS,13.6393
2026-09-22,15:29,PNB,11.8333
2026-09-22,15:29,PNBHOUSING,5.2258
2026-09-22,15:29,PNGSREVA,36.1085
2026-09-22,15:29,POLICYBZR,7.351
2026-09-22,15:29,POLYMED,11.7028
2026-09-22,15:29,POLYPLEX,21.9665
2026-09-22,15:29,POONAWALLA,12.1702
2026-09-22,15:29,POWERICA,4.2401
2026-09-22,15:29,POWERMECH,-0.2898
2026-09-22,15:29,PPL,44.549
2026-09-22,15:29,PPLPHARMA,20.3712
2026-09-22,15:29,PRABHA,31.9378
2026-09-22,15:29,PRADPME,25.1662
2026-09-22,15:29,PRECOT,2.1657
2026-09-22,15:29,PRECWIRE,30.5423
2026-09-22,15:29,PREMEXPLN,23.9202
2026-09-22,15:29,PREMIERPOL,54.5888
2026-09-22,15:29,PRESTIGE,8.0158
2026-09-22,15:29,PRICOLLTD,34.2949
2026-09-22,15:29,PRIMESECU,5.0688
2026-09-22,15:29,PRINCEPIPE,8.9546
2026-09-22,15:29,PRIVISCL,14.3043
2026-09-22,15:29,PROTEAN,16.4119
2026-09-22,15:29,PROZONER,5.0905
2026-09-22,15:29,PRUDENT,23.861
2026-09-22,15:29,PSPPROJECT,5.3388
2026-09-22,15:29,PTCIL,32.5229
2026-09-22,15:29,PUNJABCHEM,1.8533
2026-09-22,15:29,PURVA,2.0582
2026-09-22,15:29,PVP,137.2912
2026-09-22,15:29,PVRINOX,30.6194
2026-09-22,15:29,PWL,21.0924
2026-09-22,15:29,QPOWER,35.3171
2026-09-22,15:29,QUADFUTURE,76.5163
2026-09-22,15:29,QUESS,74.0296
2026-09-22,15:29,RACLGEAR,41.2956
2026-09-22,15:29,RADHIKAJWE,23.608
2026-09-22,15:29,RADICO,28.5409
2026-09-22,15:29,RAIN,36.9301
2026-09-22,15:29,RAINBOW,8.7145
2026-09-22,15:29,RAJRATAN,9.5111
2026-09-22,15:29,RAJRILTD,-1.851
2026-09-22,15:29,RAMCOIND,14.5688
2026-09-22,15:29,RAMCOSYS,54.1304
2026-09-22,15:29,RAMRAT,32.8337
2026-09-22,15:29,RANEHOLDIN,25.6817
2026-09-22,15:29,RATEGAIN,30.1881
2026-09-22,15:29,RATNAVEER,84.1303
2026-09-22,15:29,RAYMOND,142.9208
2026-09-22,15:29,RAYMONDREL,4.5398
2026-09-22,15:29,RBA,39.7612
2026-09-22,15:29,RBLBANK,25.5042
2026-09-22,15:29,RBZJEWEL,36.3134
2026-09-22,15:29,REDINGTON,88.9795
2026-09-22,15:29,REFEX,9.4396
2026-09-22,15:29,REGAAL,23.2378
2026-09-22,15:29,RELAXO,0.567
2026-09-22,15:29,RELIGARE,12.1327
2026-09-22,15:29,RELTD,17.7946
2026-09-22,15:29,RGL,47.3081
2026-09-22,15:29,RICOAUTO,11.368
2026-09-22,15:29,RISHABH,50.8551
2026-09-22,15:29,RITCO,3.9525
2026-09-22,15:29,RKFORGE,23.2364
2026-09-22,15:29,RMDRIP,28.843
2026-09-22,15:29,RML,51.7051
2026-09-22,15:29,ROLEXRINGS,15.4078
2026-09-22,15:29,ROSSTECH,60.1823
2026-09-22,15:29,ROTO,7.4974
2026-09-22,15:29,RPEL,112.0747
2026-09-22,15:29,RPGLIFE,16.969
2026-09-22,15:29,RPTECH,71.4632
2026-09-22,15:29,RRKABEL,21.3616
2026-09-22,15:29,RSL,37.7087
2026-09-22,15:29,RSWM,43.0976
2026-09-22,15:29,RUBICON,74.7569
2026-09-22,15:29,RUBYMILLS,99.5531
2026-09-22,15:29,RUPA,-1.717
2026-09-22,15:29,SAATVIKGL,-1.4776
2026-09-22,15:29,SAFARI,3.3448
2026-09-22,15:29,SAGILITY,6.2675
2026-09-22,15:29,SAILIFE,43.8652
2026-09-22,15:29,SAIPARENT,5.4203
2026-09-22,15:29,SAKAR,98.1327
2026-09-22,15:29,SAKSOFT,5.8358
2026-09-22,15:29,SALSTEEL,37.4639
2026-09-22,15:29,SAMBHV,33.8089
2026-09-22,15:29,SAMHI,4.569
2026-09-22,15:29,SAMMAANCAP,-0.538
2026-09-22,15:29,SANATHAN,9.3503
2026-09-22,15:29,SANDHAR,15.7209
2026-09-22,15:29,SANGAMIND,12.61
2026-09-22,15:29,SANGHVIMOV,39.9681
2026-09-22,15:29,SANSERA,91.2157
2026-09-22,15:29,SANSTAR,13.0055
2026-09-22,15:29,SAPPHIRE,36.6196
2026-09-22,15:29,SAREGAMA,30.8933
2026-09-22,15:29,SARLAPOLY,2.499
2026-09-22,15:29,SASKEN,1.0534
2026-09-22,15:29,SATIA,3.7875
2026-09-22,15:29,SATIN,-0.7117
2026-09-22,15:29,SBC,47.1309
2026-09-22,15:29,SBCL,86.5111
2026-09-22,15:29,SBFC,-1.5249
2026-09-22,15:29,SBICARD,0.5384
2026-09-22,15:29,SBIN,0.7246
2026-09-22,15:29,SCHAEFFLER,0.3018
2026-09-22,15:29,SCPL,51.8536
2026-09-22,15:29,SEAMECLTD,16.5871
2026-09-22,15:29,SEDEMAC,51.4953
2026-09-22,15:29,SENCO,0.5364
2026-09-22,15:29,SENORES,44.5451
2026-09-22,15:29,SESHAPAPER,5.0138
2026-09-22,15:29,SETL,199.7394
2026-09-22,15:29,SFL,19.3062
2026-09-22,15:29,SGFIN,8.0156
2026-09-22,15:29,SGIL,12.2016
2026-09-22,15:29,SGMART,19.6916
2026-09-22,15:29,SHADOWFAX,72.1192
2026-09-22,15:29,SHAILY,13.4348
2026-09-22,15:29,SHALPAINTS,53.9255
2026-09-22,15:29,SHANTIGEAR,52.1283
2026-09-22,15:29,SHANTIGOLD,19.8681
2026-09-22,15:29,SHARDAMOTR,13.2916
2026-09-22,15:29,SHAREINDIA,61.627
2026-09-22,15:29,SHILCTECH,-1.9179
2026-09-22,15:29,SHILPAMED,129.3341
2026-09-22,15:29,SHINDL,6.8222
2026-09-22,15:29,SHIVALIK,63.5223
2026-09-22,15:29,SHIVAUM,54.4609
2026-09-22,15:29,SHOPERSTOP,20.9553
2026-09-22,15:29,SHREEJISPG,71.9699
2026-09-22,15:29,SHREEPUSHK,36.5501
2026-09-22,15:29,SHREERAMA,1.9128
2026-09-22,15:29,SHRINGARMS,2.4361
2026-09-22,15:29,SHRIPISTON,34.8091
2026-09-22,15:29,SHRIRAMFIN,7.5821
2026-09-22,15:29,SHYAMMETL,23.9492
2026-09-22,15:29,SICALLOG,41.0561
2026-09-22,15:29,SIEMENS,4.4453
2026-09-22,15:29,SIGACHI,46.0401
2026-09-22,15:29,SIGMAADV,212.1501
2026-09-22,15:29,SIKA,13.4379
2026-09-22,15:29,SILVERTUC,4.379
2026-09-22,15:29,SIMPLEXINF,23.1975
2026-09-22,15:29,SINDHUTRAD,3.7435
2026-09-22,15:29,SIS,10.0143
2026-09-22,15:29,SJS,18.6181
2026-09-22,15:29,SKFINDUS,30.8637
2026-09-22,15:29,SKIPPER,22.6493
2026-09-22,15:29,SKMEGGPROD,21.3326
2026-09-22,15:29,SKYGOLD,83.5029
2026-09-22,15:29,SMARTWORKS,24.0082
2026-09-22,15:29,SMCGLOBAL,31.2371
2026-09-22,15:29,SMLMAH,81.2896
2026-09-22,15:29,SMSPHARMA,20.9887
2026-09-22,15:29,SOFTTECH,16.1422
2026-09-22,15:29,SOLARA,46.6516
2026-09-22,15:29,SOLARINDS,19.3519
2026-09-22,15:29,SOMANYCERA,31.8736
2026-09-22,15:29,SONACOMS,37.6904
2026-09-22,15:29,SONATSOFTW,6.8156
2026-09-22,15:29,SOTL,75.4511
2026-09-22,15:29,SOUTHBANK,17.511
2026-09-22,15:29,SPAL,24.7231
2026-09-22,15:29,SPARC,16.3923
2026-09-22,15:29,SPECIALITY,49.4105
2026-09-22,15:29,SPECTRUM,145.18
2026-09-22,15:29,SPIC,-1.9
2026-09-22,15:29,SPLPETRO,25.9192
2026-09-22,15:29,SPORTKING,42.6889
2026-09-22,15:29,SREEL,46.139
2026-09-22,15:29,SRHHYPOLTD,18.5108
2026-09-22,15:29,SSWL,75.2582
2026-09-22,15:29,STALLION,64.3874
2026-09-22,15:29,STAR,5.3661
2026-09-22,15:29,STARHEALTH,7.4162
2026-09-22,15:29,STEELCAS,22.2164
2026-09-22,15:29,STEL,45.8672
2026-09-22,15:29,STLNETWORK,70.9642
2026-09-22,15:29,STLTECH,98.5221
2026-09-22,15:29,STOVEKRAFT,57.4213
2026-09-22,15:29,STYL,44.085
2026-09-22,15:29,STYLAMIND,29.9281
2026-09-22,15:29,SUDARCOLOR,12.5793
2026-09-22,15:29,SUDARSCHEM,38.8757
2026-09-22,15:29,SUDEEPPHRM,78.0074
2026-09-22,15:29,SUMICHEM,0.8264
2026-09-22,15:29,SUNDARMFIN,2.6772
2026-09-22,15:29,SUNDRMFAST,39.9741
2026-09-22,15:29,SUNDROP,10.6829
2026-09-22,15:29,SUNPHARMA,-0.9017
2026-09-22,15:29,SUPRAJIT,15.575
2026-09-22,15:29,SUPREMEIND,-1.3878
2026-09-22,15:29,SUPREMEINF,-1.4085
2026-09-22,15:29,SUPRIYA,37.0449
2026-09-22,15:29,SURAJEST,-1.2289
2026-09-22,15:29,SURAKSHA,16.2309
2026-09-22,15:29,SUTLEJTEX,6.6593
2026-09-22,15:29,SUVEN,62.4062
2026-09-22,15:29,SVLL,61.4082
2026-09-22,15:29,SWANDEF,42.4162
2026-09-22,15:29,SWIGGY,10.6545
2026-09-22,15:29,SYNCOMF,47.719
2026-09-22,15:29,SYRMA,69.3205
2026-09-22,15:29,SYSTMTXC,13.6601
2026-09-22,15:29,TAJGVK,5.9098
2026-09-22,15:29,TALBROAUTO,45.2406
2026-09-22,15:29,TARC,0.4459
2026-09-22,15:29,TARSONS,55.0297
2026-09-22,15:29,TASTYBITE,27.9984
2026-09-22,15:29,TATACAP,10.0855
2026-09-22,15:29,TATACOMM,2.1919
2026-09-22,15:29,TATAINVEST,1.6615
2026-09-22,15:29,TATATECH,14.8832
2026-09-22,15:29,TATVA,38.1326
2026-09-22,15:29,TBOTEK,44.2103
2026-09-22,15:29,TBZ,399.3995
2026-09-22,15:29,TCPLPACK,47.6583
2026-09-22,15:29,TDPOWERSYS,27.7703
2026-09-22,15:29,TECHM,15.498
2026-09-22,15:29,TEGA,31.2318
2026-09-22,15:29,TEJASNET,12.717
2026-09-22,15:29,TEXINFRA,16.9735
2026-09-22,15:29,TFCILTD,83.0473
2026-09-22,15:29,THANGAMAYL,41.5595
2026-09-22,15:29,THEJO,24.8718
2026-09-22,15:29,THELEELA,31.0038
2026-09-22,15:29,THEMISMED,23.6136
2026-09-22,15:29,THOMASCOOK,13.5232
2026-09-22,15:29,THYROCARE,22.5594
2026-09-22,15:29,TI,34.1856
2026-09-22,15:29,TIIL,21.3588
2026-09-22,15:29,TIL,21.4779
2026-09-22,15:29,TIMETECHNO,0.7532
2026-09-22,15:29,TIMEX,102.2123
2026-09-22,15:29,TINNARUBR,37.4463
2026-09-22,15:29,TIPSMUSIC,4.1959
2026-09-22,15:29,TIRUPATIFL,80.2174
2026-09-22,15:29,TITAGARH,8.1552
2026-09-22,15:29,TITAN,19.1841
2026-09-22,15:29,TMB,32.6255
2026-09-22,15:29,TMCV,15.9837
2026-09-22,15:29,TNPETRO,42.5257
2026-09-22,15:29,TORNTPHARM,12.0598
2026-09-22,15:29,TPLPLASTEH,4.0441
2026-09-22,15:29,TRANSPEK,14.5179
2026-09-22,15:29,TRAVELFOOD,7.5155
2026-09-22,15:29,TREL,3.9193
2026-09-22,15:29,TRENT,1.0153
2026-09-22,15:29,TRIVENI,1.3925
2026-09-22,15:29,TSFINV,16.6203
2026-09-22,15:29,TTKHLTCARE,16.8837
2026-09-22,15:29,TTKPRESTIG,-0.193
2026-09-22,15:29,TVSMOTOR,19.6255
2026-09-22,15:29,TVSSCS,15.0622
2026-09-22,15:29,TVSSRICHAK,25.0202
2026-09-22,15:29,UDS,15.3855
2026-09-22,15:29,UEL,28.7695
2026-09-22,15:29,UFBL,99.9445
2026-09-22,15:29,UFLEX,57.9313
2026-09-22,15:29,UGARSUGAR,28.0657
2026-09-22,15:29,UJJIVANSFB,14.6246
2026-09-22,15:29,ULTRAMAR,3.1889
2026-09-22,15:29,UNICHEMLAB,48.0286
2026-09-22,15:29,UNIMECH,82.33
2026-09-22,15:29,UNIONBANK,7.9442
2026-09-22,15:29,UNIPARTS,58.0882
2026-09-22,15:29,UNITDSPR,9.8625
2026-09-22,15:29,UNITEDPOLY,39.1026
2026-09-22,15:29,UNIVASTU,109.4868
2026-09-22,15:29,UNIVCABLES,45.4277
2026-09-22,15:29,UNIVPHOTO,31.0333
2026-09-22,15:29,UNOMINDA,9.2399
2026-09-22,15:29,URBANCO,40.7758
2026-09-22,15:29,USHAMART,11.5591
2026-09-22,15:29,UTLSOLAR,59.1358
2026-09-22,15:29,UTTAMSUGAR,7.3581
2026-09-22,15:29,VADILALIND,79.1221
2026-09-22,15:29,VALIANTLAB,59.4155
2026-09-22,15:29,VALIANTORG,47.3063
2026-09-22,15:29,VARROC,54.6097
2026-09-22,15:29,VELJAN,92.5272
2026-09-22,15:29,VENKEYS,5.9958
2026-09-22,15:29,VENUSPIPES,70.2765
2026-09-22,15:29,VENUSREM,71.8567
2026-09-22,15:29,VGUARD,0.4545
2026-09-22,15:29,VIDHIING,17.2667
2026-09-22,15:29,VIJAYA,19.3795
2026-09-22,15:29,VIMTALABS,32.4398
2026-09-22,15:29,VINCOFE,33.1601
2026-09-22,15:29,VINDHYATEL,77.3363
2026-09-22,15:29,VIPIND,1.7634
2026-09-22,15:29,VISAKAIND,26.1619
2026-09-22,15:29,VISHNU,23.5264
2026-09-22,15:29,VIYASH,9.1343
2026-09-22,15:29,VLSFINANCE,2.8311
2026-09-22,15:29,VMART,22.212
2026-09-22,15:29,VOLTAMP,15.1382
2026-09-22,15:29,VRLLOG,19.1303
2026-09-22,15:29,VSSL,45.4092
2026-09-22,15:29,WABAG,48.9862
2026-09-22,15:29,WAKEFIT,22.7516
2026-09-22,15:29,WELCORP,99.7441
2026-09-22,15:29,WELENT,51.1863
2026-09-22,15:29,WELINV,42.37
2026-09-22,15:29,WELSPLSOL,22.597
2026-09-22,15:29,WELSPUNLIV,65.0227
2026-09-22,15:29,WENDT,25.2923
2026-09-22,15:29,WESTLIFE,22.7282
2026-09-22,15:29,WEWORK,36.0807
2026-09-22,15:29,WHEELS,63.4464
2026-09-22,15:29,WINDLAS,44.5924
2026-09-22,15:29,WINDMACHIN,-0.3819
2026-09-22,15:29,WOCKPHARMA,41.2487
2026-09-22,15:29,WONDERLA,5.9488
2026-09-22,15:29,WPIL,-1.491
2026-09-22,15:29,WSTCSTPAPR,59.8614
2026-09-22,15:29,XPROINDIA,9.3011
2026-09-22,15:29,YASHO,139.4992
2026-09-22,15:29,YATHARTH,35.8806
2026-09-22,15:29,YATRA,15.7167
2026-09-22,15:29,YESBANK,4.5516
2026-09-22,15:29,YUKEN,61.1827
2026-09-22,15:29,ZENTEC,7.3637
2026-09-22,15:29,ZIMLAB,33.7866
2026-09-22,15:29,ZOTA,12.7088
2026-09-22,15:29,ZSARACOM,8.6528
2026-09-22,15:29,ZUARIIND,8.1368
2026-09-22,15:29,ZYDUSLIFE,17.2028
2026-09-22,15:29,ZYDUSWELL,2.5512
2026-09-23,15:29,20MICRONS,25.9828
2026-09-23,15:29,360ONE,1.2982
2026-09-23,15:29,3BBLACKBIO,4.3668
2026-09-23,15:29,3IINFOLTD,46.4164
2026-09-23,15:29,3MINDIA,10.7857
2026-09-23,15:29,5PAISA,4.7407
2026-09-23,15:29,63MOONS,32.0458
2026-09-23,15:29,AARTIDRUGS,18.6268
2026-09-23,15:29,AARTIIND,5.3834
2026-09-23,15:29,AARTIPHARM,32.0829
2026-09-23,15:29,ABB,11.5813
2026-09-23,15:29,ABCAPITAL,12.6838
2026-09-23,15:29,ABDL,18.1957
2026-09-23,15:29,ACCELYA,0.1782
2026-09-23,15:29,ACE,41.1652
2026-09-23,15:29,ACMESOLAR,63.8768
2026-09-23,15:29,ACSTECH,121.8487
2026-09-23,15:29,ACUTAAS,19.5606
2026-09-23,15:29,ADANIENSOL,5.8607
2026-09-23,15:29,ADANIENT,10.2062
2026-09-23,15:29,ADANIPORTS,0.6796
2026-09-23,15:29,ADFFOODS,-0.0932
2026-09-23,15:29,ADOR,51.6417
2026-09-23,15:29,ADVAIT,3.8235
2026-09-23,15:29,ADVANCE,16.0397
2026-09-23,15:29,AEGISLOG,108.3364
2026-09-23,15:29,AEGISVOPAK,53.1459
2026-09-23,15:29,AEQUS,20.4523
2026-09-23,15:29,AEROENTER,24.3464
2026-09-23,15:29,AEROFLEX,40.4341
2026-09-23,15:29,AETHER,48.2861
2026-09-23,15:29,AFFLE,7.2575
2026-09-23,15:29,AFSL,1.5388
2026-09-23,15:29,AGARWALEYE,9.9311
2026-09-23,15:29,AGI,44.4694
2026-09-23,15:29,AHCL,122.3221
2026-09-23,15:29,AIAENG,2.9484
2026-09-23,15:29,AIIL,11.0683
2026-09-23,15:29,AJANTPHARM,12.3033
2026-09-23,15:29,AJAXENGG,8.1109
2026-09-23,15:29,AKCAPIT,10.2666
2026-09-23,15:29,AKUMS,59.261
2026-09-23,15:29,ALEMBICLTD,17.8877
2026-09-23,15:29,ALGOQUANT,21.5647
2026-09-23,15:29,ALICON,12.1387
2026-09-23,15:29,ALIVUS,32.4047
2026-09-23,15:29,ALKYLAMINE,9.3115
2026-09-23,15:29,AMAGI,43.0655
2026-09-23,15:29,AMANTA,46.1871
2026-09-23,15:29,AMBIKCO,0.2597
2026-09-23,15:29,ANANDRATHI,21.0795
2026-09-23,15:29,ANANTRAJ,29.4142
2026-09-23,15:29,ANDHRAPAP,9.2709
2026-09-23,15:29,ANDHRSUGAR,5.0077
2026-09-23,15:29,ANDREWYU,13.495
2026-09-23,15:29,ANTELOPUS,54.5073
2026-09-23,15:29,ANTHEM,12.5878
2026-09-23,15:29,ANUHPHR,18.8319
2026-09-23,15:29,APARINDS,41.3123
2026-09-23,15:29,APCOTEXIND,24.8567
2026-09-23,15:29,APLAPOLLO,16.1253
2026-09-23,15:29,APLLTD,7.6904
2026-09-23,15:29,APOLLO,37.3621
2026-09-23,15:29,APOLLOHOSP,12.2054
2026-09-23,15:29,APOLLOPIPE,-0.0478
2026-09-23,15:29,APOLLOTYRE,2.839
2026-09-23,15:29,ARFIN,-0.0656
2026-09-23,15:29,ARIES,32.0373
2026-09-23,15:29,ARIHANT,4.8844
2026-09-23,15:29,ARIHANTCAP,36.1807
2026-09-23,15:29,ARIS,4.2129
2026-09-23,15:29,ARKADE,11.8085
2026-09-23,15:29,ARMANFIN,10.1667
2026-09-23,15:29,ARROWGREEN,86.3547
2026-09-23,15:29,ARTEMISMED,22.1944
2026-09-23,15:29,ARVIND,21.5362
2026-09-23,15:29,ARVSMART,7.4934
2026-09-23,15:29,ASAHIINDIA,18.5018
2026-09-23,15:29,ASHIANA,9.8147
2026-09-23,15:29,ASHOKLEY,6.3737
2026-09-23,15:29,ASIANENE,56.2291
2026-09-23,15:29,ASIANHOTNR,30.5416
2026-09-23,15:29,ASKAUTOLTD,41.9
2026-09-23,15:29,ASTAR,10
2026-09-23,15:29,ASTEC,12.082
2026-09-23,15:29,ASTERDM,0.8492
2026-09-23,15:29,ASTRAMICRO,44.7768
2026-09-23,15:29,ATGL,1.4604
2026-09-23,15:29,ATHERENERG,59.9531
2026-09-23,15:29,ATL,3.8862
2026-09-23,15:29,AUBANK,6.3099
2026-09-23,15:29,AUROPHARMA,13.8709
2026-09-23,15:29,AURUM,26.0604
2026-09-23,15:29,AUTOAXLES,-0.1366
2026-09-23,15:29,AVADHSUGAR,53.3683
2026-09-23,15:29,AVALON,84.8386
2026-09-23,15:29,AVL,13.0955
2026-09-23,15:29,AVTNPL,45.4218
2026-09-23,15:29,AXISBANK,-0.1285
2026-09-23,15:29,AYE,44.2165
2026-09-23,15:29,AYMSYNTEX,28.3985
2026-09-23,15:29,AZAD,29.3108
2026-09-23,15:29,BAFNAPH,148.7066
2026-09-23,15:29,BAJAJ-AUTO,9.853
2026-09-23,15:29,BAJAJFINSV,6.8515
2026-09-23,15:29,BAJAJHCARE,24.1246
2026-09-23,15:29,BAJAJHIND,15.1515
2026-09-23,15:29,BAJAJHLDNG,11.0691
2026-09-23,15:29,BAJFINANCE,14.5807
2026-09-23,15:29,BALAMINES,33.1145
2026-09-23,15:29,BALKRISIND,2.3879
2026-09-23,15:29,BALRAMCHIN,25.3521
2026-09-23,15:29,BALUFORGE,5.8768
2026-09-23,15:29,BANCOINDIA,0.5589
2026-09-23,15:29,BANSALWIRE,3.9316
2026-09-23,15:29,BCLIND,1.88
2026-09-23,15:29,BECTORFOOD,20.6072
2026-09-23,15:29,BELRISE,19.2495
2026-09-23,15:29,BEML,17.1858
2026-09-23,15:29,BEPL,36.6387
2026-09-23,15:29,BETA,72.0104
2026-09-23,15:29,BFINVEST,9.6331
2026-09-23,15:29,BGRENERGY,0.6178
2026-09-23,15:29,BHAGERIA,124.5882
2026-09-23,15:29,BHAGYANGR,40.1576
2026-09-23,15:29,BHARATFORG,4.7515
2026-09-23,15:29,BHARATSE,16.0663
2026-09-23,15:29,BHEL,6.2265
2026-09-23,15:29,BIL,40.8383
2026-09-23,15:29,BIRLACABLE,124.0312
2026-09-23,15:29,BLACKBUCK,16.0825
2026-09-23,15:29,BLACKROSE,19.325
2026-09-23,15:29,BLISSGVS,151.8279
2026-09-23,15:29,BLKASHYAP,1.238
2026-09-23,15:29,BLSE,67.864
2026-09-23,15:29,BLUEJET,36.0943
2026-09-23,15:29,BLUESTONE,79.9726
2026-09-23,15:29,BLUSPRING,95.1575
2026-09-23,15:29,BODALCHEM,194.2052
2026-09-23,15:29,BOROLTD,17.7895
2026-09-23,15:29,BOSCH-HCIL,27.7189
2026-09-23,15:29,BOSCHLTD,27.0668
2026-09-23,15:29,BPCL,11.0037
2026-09-23,15:29,BRIGADE,19.4208
2026-09-23,15:29,BUILDPRO,11.9553
2026-09-23,15:29,CANHLIFE,11.9619
2026-09-23,15:29,CANTABIL,5.5811
2026-09-23,15:29,CAPILLARY,3.6281
2026-09-23,15:29,CAPITALSFB,2.7808
2026-09-23,15:29,CAPLIPOINT,39.7739
2026-09-23,15:29,CARBORUNIV,14.7043
2026-09-23,15:29,CARTRADE,64.5002
2026-09-23,15:29,CARYSIL,18.1447
2026-09-23,15:29,CASTROLIND,6.498
2026-09-23,15:29,CDSL,13.8535
2026-09-23,15:29,CEATLTD,6.8489
2026-09-23,15:29,CEIGALL,12.5796
2026-09-23,15:29,CEMPRO,45.7618
2026-09-23,15:29,CENTENKA,33.8444
2026-09-23,15:29,CENTUM,60.2929
2026-09-23,15:29,CGCL,45.1813
2026-09-23,15:29,CGPOWER,6.7764
2026-09-23,15:29,CHALET,12.6681
2026-09-23,15:29,CHEMBONDCH,43.4098
2026-09-23,15:29,CHEMCON,39.7421
2026-09-23,15:29,CHENNPETRO,37.6214
2026-09-23,15:29,CHOICEIN,13.1878
2026-09-23,15:29,CHOLAFIN,14.7255
2026-09-23,15:29,CLEAN,9.1241
2026-09-23,15:29,CLEANMAX,12.9845
2026-09-23,15:29,CLSEL,10.0483
2026-09-23,15:29,COCKERILL,54.2424
2026-09-23,15:29,COFFEEDAY,27.2056
2026-09-23,15:29,COFORGE,39.0219
2026-09-23,15:29,COHANCE,9.0383
2026-09-23,15:29,COMSYN,95.5698
2026-09-23,15:29,CONCORDBIO,37.435
2026-09-23,15:29,CONFIPET,44.6518
2026-09-23,15:29,CONSOFINVT,35.6441
2026-09-23,15:29,COROMANDEL,4.8344
2026-09-23,15:29,CORONA,21.724
2026-09-23,15:29,COSMOFIRST,14.0903
2026-09-23,15:29,CPPLUS,55.4965
2026-09-23,15:29,CRAFTSMAN,28.8508
2026-09-23,15:29,CREDITACC,2.6156
2026-09-23,15:29,CREST,0.4391
2026-09-23,15:29,CRISIL,11.3157
2026-09-23,15:29,CUB,19.798
2026-09-23,15:29,CUPID,127.5258
2026-09-23,15:29,CYIENT,23.1423
2026-09-23,15:29,CYIENTDLM,131.4715
2026-09-23,15:29,DALBHARAT,0.9551
2026-09-23,15:29,DALMIASUG,19.1903
2026-09-23,15:29,DATAMATICS,6.4775
2026-09-23,15:29,DATAPATTNS,14.0823
2026-09-23,15:29,DBOL,4.529
2026-09-23,15:29,DCBBANK,21.8687
2026-09-23,15:29,DCMSIL,24.274
2026-09-23,15:29,DCW,6.6297
2026-09-23,15:29,DDEVPLSTIK,8.6471
2026-09-23,15:29,DECNGOLD,81.332
2026-09-23,15:29,DEEDEV,41.8329
2026-09-23,15:29,DEEPAKFERT,5.1346
2026-09-23,15:29,DEEPINDS,73.4515
2026-09-23,15:29,DEN,2.7565
2026-09-23,15:29,DENTA,4.5861
2026-09-23,15:29,DEVYANI,18.6568
2026-09-23,15:29,DHAMPURSUG,18.8859
2026-09-23,15:29,DHARMAJ,12.7828
2026-09-23,15:29,DHUNINV,16.5232
2026-09-23,15:29,DIACABS,92.339
2026-09-23,15:29,DIAMONDYD,8.3288
2026-09-23,15:29,DICIND,28.74
2026-09-23,15:29,DIFFNKG,43.7735
2026-09-23,15:29,DIVGIITTS,77.2741
2026-09-23,15:29,DIVISLAB,42.3563
2026-09-23,15:29,DIXON,20.2295
2026-09-23,15:29,DLF,19.1001
2026-09-23,15:29,DODLA,2.2426
2026-09-23,15:29,DOLLAR,3.3905
2026-09-23,15:29,DOLPHIN,75.2361
2026-09-23,15:29,DPABHUSHAN,57.3436
2026-09-23,15:29,DRAGARWQ,2.8714
2026-09-23,15:29,DREDGECORP,17.1088
2026-09-23,15:29,DVL,19.6609
2026-09-23,15:29,DYCL,54.8628
2026-09-23,15:29,DYNAMATECH,16.9989
2026-09-23,15:29,E2E,103.7893
2026-09-23,15:29,EBGNG,70.6191
2026-09-23,15:29,ECLERX,29.7418
2026-09-23,15:29,EDELWEISS,25.258
2026-09-23,15:29,EFCIL,2.7327
2026-09-23,15:29,EICHERMOT,6.4937
2026-09-23,15:29,EIEL,5.1837
2026-09-23,15:29,EIFFL,12.7536
2026-09-23,15:29,EIMCOELECO,45.366
2026-09-23,15:29,ELANTAS,56.2094
2026-09-23,15:29,ELECTHERM,26.7816
2026-09-23,15:29,ELGIEQUIP,17.4773
2026-09-23,15:29,ELPROINTL,4.0466
2026-09-23,15:29,EMAMIPAP,48.3382
2026-09-23,15:29,EMCURE,16.2356
2026-09-23,15:29,EMIL,59.5796
2026-09-23,15:29,EMKAY,39.0259
2026-09-23,15:29,EMMVEE,29.1085
2026-09-23,15:29,EMSLIMITED,12.8446
2026-09-23,15:29,EMUDHRA,35.5435
2026-09-23,15:29,ENDURANCE,4.7518
2026-09-23,15:29,ENGINERSIN,24.0932
2026-09-23,15:29,ENRIN,4.1573
2026-09-23,15:29,ENTERO,54.5332
2026-09-23,15:29,EPACKPEB,26.7089
2026-09-23,15:29,EPL,11.0595
2026-09-23,15:29,EQUITASBNK,6.342
2026-09-23,15:29,ESAFSFB,39.3016
2026-09-23,15:29,ETERNAL,42.0723
2026-09-23,15:29,ETHOSLTD,14.7528
2026-09-23,15:29,EVEREADY,2.6723
2026-09-23,15:29,EVERESTIND,17.1838
2026-09-23,15:29,EXICOM,47.7325
2026-09-23,15:29,EXIDEIND,22.0312
2026-09-23,15:29,FAIRCHEMOR,1.3915
2026-09-23,15:29,FCL,123.3097
2026-09-23,15:29,FEDDERSHOL,98.2891
2026-09-23,15:29,FEDERALBNK,17.7746
2026-09-23,15:29,FEDFINA,1.2139
2026-09-23,15:29,FILATEX,156.5361
2026-09-23,15:29,FINCABLES,39.8991
2026-09-23,15:29,FINEORG,10.0447
2026-09-23,15:29,FINKURVE,4.5319
2026-09-23,15:29,FINOPB,11.2434
2026-09-23,15:29,FISCHER,0.4588
2026-09-23,15:29,FIVESTAR,19.8126
2026-09-23,15:29,FLUOROCHEM,20.544
2026-09-23,15:29,FMGOETZE,3.9895
2026-09-23,15:29,FOSECOIND,29.3027
2026-09-23,15:29,FSL,12.7315
2026-09-23,15:29,GABRIEL,30.8983
2026-09-23,15:29,GAEL,0.2457
2026-09-23,15:29,GAIL,6.6737
2026-09-23,15:29,GALAPREC,35.9808
2026-09-23,15:29,GALAXYSURF,21.7668
2026-09-23,15:29,GANDHAR,78.9572
2026-09-23,15:29,GANDHITUBE,14.6437
2026-09-23,15:29,GANECOS,1.9373
2026-09-23,15:29,GANESHBE,39.6995
2026-09-23,15:29,GANESHHOU,8.8403
2026-09-23,15:29,GARFIBRES,25.2526
2026-09-23,15:29,GARUDA,2.6029
2026-09-23,15:29,GAUDIUMIVF,9.144
2026-09-23,15:29,GAYAPROJ,33.98
2026-09-23,15:29,GCSL,65.1548
2026-09-23,15:29,GEECEE,25.711
2026-09-23,15:29,GENESYS,97.5865
2026-09-23,15:29,GEOJITFSL,10.8737
2026-09-23,15:29,GFLLIMITED,24.3208
2026-09-23,15:29,GHCLTEXTIL,53.6995
2026-09-23,15:29,GIPCL,30.7677
2026-09-23,15:29,GKENERGY,0.379
2026-09-23,15:29,GKSL,29.5074
2026-09-23,15:29,GLAND,55.7673
2026-09-23,15:29,GLAXO,17.9637
2026-09-23,15:29,GLENMARK,6.4104
2026-09-23,15:29,GLOBAL,28.0232
2026-09-23,15:29,GLOTTIS,0.2761
2026-09-23,15:29,GMBREW,9.3815
2026-09-23,15:29,GMMPFAUDLR,59.7992
2026-09-23,15:29,GMRAIRPORT,2.64
2026-09-23,15:29,GNA,60.7138
2026-09-23,15:29,GNFC,21.1335
2026-09-23,15:29,GNRL,0.5537
2026-09-23,15:29,GOCLCORP,30.6988
2026-09-23,15:29,GOCOLORS,19.0887
2026-09-23,15:29,GODREJAGRO,17.6042
2026-09-23,15:29,GOKEX,3.279
2026-09-23,15:29,GOODLUCK,21.2415
2026-09-23,15:29,GPPL,8.6528
2026-09-23,15:29,GPTHEALTH,14.094
2026-09-23,15:29,GPTINFRA,-0.1374
2026-09-23,15:29,GRANDOAK,35.0019
2026-09-23,15:29,GRANULES,16.85
2026-09-23,15:29,GRAPHITE,6.0107
2026-09-23,15:29,GRASIM,8.6816
2026-09-23,15:29,GRAUWEIL,33.8615
2026-09-23,15:29,GREAVESCOT,24.2821
2026-09-23,15:29,GREENPLY,17.3648
2026-09-23,15:29,GRINDWELL,6.3283
2026-09-23,15:29,GROWW,0.5115
2026-09-23,15:29,GRPLTD,10.6858
2026-09-23,15:29,GRWRHITECH,20.9886
2026-09-23,15:29,GSPCROP,14.2707
2026-09-23,15:29,GUFICBIO,55.1241
2026-09-23,15:29,GUJTHEM,10.9236
2026-09-23,15:29,GULFOILLUB,16.6039
2026-09-23,15:29,GVT&D,1.7133
2026-09-23,15:29,HAL,10.2549
2026-09-23,15:29,HALDYNGL,38.9641
2026-09-23,15:29,HAPPYFORGE,51.4352
2026-09-23,15:29,HARIOMPIPE,15.7485
2026-09-23,15:29,HARSHA,14.5076
2026-09-23,15:29,HATSUN,22.7183
2026-09-23,15:29,HAWKINCOOK,11.4644
2026-09-23,15:29,HCC,3.5497
2026-09-23,15:29,HCG,11.8487
2026-09-23,15:29,HCLTECH,10.9571
2026-09-23,15:29,HEALTHX,3.2565
2026-09-23,15:29,HEG,23.3679
2026-09-23,15:29,HERITGFOOD,28.325
2026-09-23,15:29,HEROMOTOCO,6.5061
2026-09-23,15:29,HESTERBIO,22.4091
2026-09-23,15:29,HFCL,46.9809
2026-09-23,15:29,HIKAL,15.3728
2026-09-23,15:29,HINDOILEXP,2.5947
2026-09-23,15:29,HIRECT,31.0192
2026-09-23,15:29,HITECHCORP,147.9768
2026-09-23,15:29,HLEGLAS,40.8067
2026-09-23,15:29,HMT,12.7167
2026-09-23,15:29,HMVL,22.7656
2026-09-23,15:29,HNDFDS,19.4079
2026-09-23,15:29,HOMEFIRST,12.084
2026-09-23,15:29,HONASA,36.9774
2026-09-23,15:29,HONAUT,18.2916
2026-09-23,15:29,HSCL,12.0386
2026-09-23,15:29,HTMEDIA,17.4303
2026-09-23,15:29,HUHTAMAKI,51.167
2026-09-23,15:29,HYUNDAI,14.7819
2026-09-23,15:29,IBULLSLTD,51.3514
2026-09-23,15:29,ICICIBANK,7.6738
2026-09-23,15:29,ICIL,64.2143
2026-09-23,15:29,IDBI,18.4854
2026-09-23,15:29,IDFCFIRSTB,29.9335
2026-09-23,15:29,IFBIND,13.0806
2026-09-23,15:29,IFCI,25.5965
2026-09-23,15:29,IFGLEXPOR,18.9359
2026-09-23,15:29,IGARASHI,10.1671
2026-09-23,15:29,IGIL,1.5307
2026-09-23,15:29,IGPL,32.5718
2026-09-23,15:29,IIFL,36.2375
2026-09-23,15:29,IIFLCAPS,2.945
2026-09-23,15:29,IKIO,33.2201
2026-09-23,15:29,IKS,21.4693
2026-09-23,15:29,IL&FSENGG,56.7749
2026-09-23,15:29,IMAGICAA,22.2582
2026-09-23,15:29,IMPAL,4.2405
2026-09-23,15:29,INDGN,15.9465
2026-09-23,15:29,INDHOTEL,13.3257
2026-09-23,15:29,INDIAGLYCO,26.4103
2026-09-23,15:29,INDIANB,2.6079
2026-09-23,15:29,INDIANHUME,16.3622
2026-09-23,15:29,INDIGO,16.538
2026-09-23,15:29,INDIGOPNTS,15.7008
2026-09-23,15:29,INDIQUBE,14.8124
2026-09-23,15:29,INDNIPPON,67.959
2026-09-23,15:29,INDOAMIN,7.5312
2026-09-23,15:29,INDOBORAX,68.5371
2026-09-23,15:29,INDOCO,11.6763
2026-09-23,15:29,INDOFARM,10.7327
2026-09-23,15:29,INDORAMA,177.2387
2026-09-23,15:29,INDOSTAR,15.2785
2026-09-23,15:29,INDOTECH,26.4251
2026-09-23,15:29,INDRAMEDCO,1.8627
2026-09-23,15:29,INDSWFTLAB,202.5245
2026-09-23,15:29,INDUSINDBK,8.2243
2026-09-23,15:29,INFOBEAN,0.4898
2026-09-23,15:29,INNOVACAP,51.1826
2026-09-23,15:29,INOXINDIA,51.3538
2026-09-23,15:29,INVPRECQ,131.5464
2026-09-23,15:29,IOC,2.729
2026-09-23,15:29,IOLCP,95.016
2026-09-23,15:29,IONEXCHANG,10.2397
2026-09-23,15:29,IPCALAB,22.2804
2026-09-23,15:29,IRISDOREME,86.0191
2026-09-23,15:29,ITCHOTELS,3.6982
2026-09-23,15:29,ITDC,28.139
2026-09-23,15:29,IZMO,41.9436
2026-09-23,15:29,J&KBANK,14.1928
2026-09-23,15:29,JAGSNPHARM,9.4176
2026-09-23,15:29,JAMNAAUTO,11.4984
2026-09-23,15:29,JASH,52.3803
2026-09-23,15:29,JAYAGROGN,6.2842
2026-09-23,15:29,JAYBARMARU,35.726
2026-09-23,15:29,JAYKAY,34.471
2026-09-23,15:29,JGCHEM,58.2962
2026-09-23,15:29,JINDALPHOT,5.1978
2026-09-23,15:29,JINDALPOLY,2.2664
2026-09-23,15:29,JINDALSAW,27.7227
2026-09-23,15:29,JINDRILL,4.2612
2026-09-23,15:29,JINDWORLD,96.7584
2026-09-23,15:29,JKPAPER,8.8039
2026-09-23,15:29,JLHL,3.2982
2026-09-23,15:29,JNKINDIA,26.8071
2026-09-23,15:29,JSFB,11.3578
2026-09-23,15:29,JSL,1.2075
2026-09-23,15:29,JSWDULUX,7.6307
2026-09-23,15:29,JSWENERGY,1.1552
2026-09-23,15:29,JSWINFRA,36.1288
2026-09-23,15:29,JSWSTEEL,1.4858
2026-09-23,15:29,JTLIND,33.008
2026-09-23,15:29,JUBLCPL,20.6662
2026-09-23,15:29,JUBLFOOD,4.7578
2026-09-23,15:29,JUBLPHARMA,6.8525
2026-09-23,15:29,JUNIPER,9.798
2026-09-23,15:29,JUSTDIAL,33.0296
2026-09-23,15:29,JYOTICNC,55.6231
2026-09-23,15:29,KABRAEXTRU,222.9268
2026-09-23,15:29,KAJARIACER,14.2803
2026-09-23,15:29,KALYANKJIL,65.4865
2026-09-23,15:29,KAMATHOTEL,49.7508
2026-09-23,15:29,KAMDHENU,64.0644
2026-09-23,15:29,KANORICHEM,85.1844
2026-09-23,15:29,KANPRPLA,28.5893
2026-09-23,15:29,KAPSTON,78.737
2026-09-23,15:29,KARURVYSYA,8.4936
2026-09-23,15:29,KAYA,33.7148
2026-09-23,15:29,KAYNES,5.6878
2026-09-23,15:29,KDDL,89.2256
2026-09-23,15:29,KECL,4.6566
2026-09-23,15:29,KENNAMET,47.9183
2026-09-23,15:29,KERNEX,23.2204
2026-09-23,15:29,KFINTECH,12.8372
2026-09-23,15:29,KICL,3.9091
2026-09-23,15:29,KILITCH,44.2181
2026-09-23,15:29,KIMS,4.7791
2026-09-23,15:29,KINGFA,20.5405
2026-09-23,15:29,KIRANVYPAR,15.0267
2026-09-23,15:29,KIRIINDUS,46.7273
2026-09-23,15:29,KIRLFER,7.0653
2026-09-23,15:29,KIRLOSBROS,11.6275
2026-09-23,15:29,KIRLOSENG,27.5428
2026-09-23,15:29,KIRLOSIND,20.6964
2026-09-23,15:29,KISSHT,81.1343
2026-09-23,15:29,KKCL,5.9456
2026-09-23,15:29,KLBRENG-B,4.8206
2026-09-23,15:29,KMEW,51.5118
2026-09-23,15:29,KNAGRI,9.2566
2026-09-23,15:29,KOLTEPATIL,17.4249
2026-09-23,15:29,KOPRAN,78.7487
2026-09-23,15:29,KOTAKBANK,6.7692
2026-09-23,15:29,KOVAI,13.5053
2026-09-23,15:29,KPIL,12.2615
2026-09-23,15:29,KPL,116.7171
2026-09-23,15:29,KPRMILL,23.0927
2026-09-23,15:29,KRBL,19.4776
2026-09-23,15:29,KRISHANA,40.4838
2026-09-23,15:29,KRN,20.4673
2026-09-23,15:29,KRONOX,42.4477
2026-09-23,15:29,KROSS,47.5736
2026-09-23,15:29,KRYSTAL,8.231
2026-09-23,15:29,KSHINTL,64.7855
2026-09-23,15:29,KSL,22.6276
2026-09-23,15:29,KTKBANK,39.3945
2026-09-23,15:29,KUANTUM,5.8906
2026-09-23,15:29,KWIL,58.7879
2026-09-23,15:29,LALPATHLAB,20.0512
2026-09-23,15:29,LANDMARK,35.004
2026-09-23,15:29,LAURUSLABS,53.6718
2026-09-23,15:29,LAXMIINDIA,0.0873
2026-09-23,15:29,LENSKART,46.3399
2026-09-23,15:29,LGBBROSLTD,9.143
2026-09-23,15:29,LGEINDIA,7.2414
2026-09-23,15:29,LICHSGFIN,4.6522
2026-09-23,15:29,LICI,1.9821
2026-09-23,15:29,LIKHITHA,11.908
2026-09-23,15:29,LLOYDSENGG,29.6501
2026-09-23,15:29,LLOYDSENT,5.1773
2026-09-23,15:29,LLOYDSME,9.0484
2026-09-23,15:29,LMW,17.6155
2026-09-23,15:29,LODHA,36.7727
2026-09-23,15:29,LOKESHMACH,44.6431
2026-09-23,15:29,LOTUSDEV,61.5983
2026-09-23,15:29,LT,0.5347
2026-09-23,15:29,LTF,10.4185
2026-09-23,15:29,LTFOODS,5.0446
2026-09-23,15:29,LTM,2.9382
2026-09-23,15:29,LUMAXIND,9.6005
2026-09-23,15:29,LUMAXTECH,24.9863
2026-09-23,15:29,LXCHEM,23.5753
2026-09-23,15:29,M&MFIN,8.7167
2026-09-23,15:29,MACPOWER,89.2401
2026-09-23,15:29,MAGADSUGAR,7.9843
2026-09-23,15:29,MAHABANK,7.8057
2026-09-23,15:29,MAHASTEEL,40.1078
2026-09-23,15:29,MAHLIFE,9.2357
2026-09-23,15:29,MAHLOG,15.3718
2026-09-23,15:29,MAHSCOOTER,9.6159
2026-09-23,15:29,MAHSEAMLES,8.9957
2026-09-23,15:29,MAITHANALL,1.1113
2026-09-23,15:29,MAMATA,5.745
2026-09-23,15:29,MANAKCOAT,35.0281
2026-09-23,15:29,MANAKSTEEL,73.0282
2026-09-23,15:29,MANALIPETC,56.3938
2026-09-23,15:29,MANAPPURAM,4.2121
2026-09-23,15:29,MANBA,24.0995
2026-09-23,15:29,MANGLMCEM,16.9752
2026-09-23,15:29,MANINDS,76.1492
2026-09-23,15:29,MANINFRA,6.098
2026-09-23,15:29,MANORAMA,47.7788
2026-09-23,15:29,MANYAVAR,20.7708
2026-09-23,15:29,MARINE,94.6514
2026-09-23,15:29,MARKSANS,67.5585
2026-09-23,15:29,MASTEK,1.5098
2026-09-23,15:29,MATRIMONY,27.3396
2026-09-23,15:29,MAWANASUG,23.7861
2026-09-23,15:29,MAXESTATES,48.9751
2026-09-23,15:29,MAXHEALTH,0.9332
2026-09-23,15:29,MAYURUNIQ,15.0382
2026-09-23,15:29,MBAPL,56.4637
2026-09-23,15:29,MBECL,11505.5557
2026-09-23,15:29,MCLOUD,2.2535
2026-09-23,15:29,MEDANTA,20.4105
2026-09-23,15:29,MEESHO,23.9811
2026-09-23,15:29,MENONBE,106.138
2026-09-23,15:29,METROPOLIS,10.7119
2026-09-23,15:29,MGL,0.4781
2026-09-23,15:29,MIDHANI,1.9973
2026-09-23,15:29,MINDACORP,31.1976
2026-09-23,15:29,MMFL,37.8294
2026-09-23,15:29,MMP,69.3939
2026-09-23,15:29,MOBIKWIK,7.4272
2026-09-23,15:29,MODISONLTD,192.2126
2026-09-23,15:29,MOL,18.3599
2026-09-23,15:29,MOLDTECH,60.3659
2026-09-23,15:29,MONARCH,21.2713
2026-09-23,15:29,MOREPENLAB,191.7263
2026-09-23,15:29,MOSCHIP,2.6438
2026-09-23,15:29,MOTHERSON,26.5394
2026-09-23,15:29,MOTILALOFS,23.6215
2026-09-23,15:29,MPHASIS,8.4389
2026-09-23,15:29,MPSLTD,46.8354
2026-09-23,15:29,MRPL,10.644
2026-09-23,15:29,MSTCLTD,78.1528
2026-09-23,15:29,MTARTECH,0.7257
2026-09-23,15:29,MUFIN,18.0995
2026-09-23,15:29,MUKANDLTD,11.4097
2026-09-23,15:29,MUKKA,15.0255
2026-09-23,15:29,MUNJALAU,19.7076
2026-09-23,15:29,MUNJALSHOW,1.9404
2026-09-23,15:29,MUTHOOTMF,4.4729
2026-09-23,15:29,MVGJL,42.327
2026-09-23,15:29,NAHARINDUS,18.6859
2026-09-23,15:29,NAHARSPING,7.5179
2026-09-23,15:29,NAM-INDIA,5.8514
2026-09-23,15:29,NAUKRI,39.7479
2026-09-23,15:29,NAVINFLUOR,20.8042
2026-09-23,15:29,NAZARA,24.254
2026-09-23,15:29,NBIFIN,0.2005
2026-09-23,15:29,NCLIND,3.6101
2026-09-23,15:29,NELCO,51.9199
2026-09-23,15:29,NEOGEN,43.6869
2026-09-23,15:29,NEPHROPLUS,15.2108
2026-09-23,15:29,NETWEB,23.3173
2026-09-23,15:29,NEULANDLAB,35.5636
2026-09-23,15:29,NEWGEN,6.7436
2026-09-23,15:29,NGLFINE,20.4169
2026-09-23,15:29,NH,4.2475
2026-09-23,15:29,NHPC,-0.0651
2026-09-23,15:29,NIACL,15.8405
2026-09-23,15:29,NIBE,33.6608
2026-09-23,15:29,NIITLTD,43.8864
2026-09-23,15:29,NILKAMAL,45.9329
2026-09-23,15:29,NINSYS,19.4986
2026-09-23,15:29,NIRLON,2.0065
2026-09-23,15:29,NITINSPIN,23.7084
2026-09-23,15:29,NITTAGELA,30.2175
2026-09-23,15:29,NIVABUPA,0.5011
2026-09-23,15:29,NOCIL,25.4256
2026-09-23,15:29,NORTHARC,11.5932
2026-09-23,15:29,NOVARTIND,67.6368
2026-09-23,15:29,NPST,75.4852
2026-09-23,15:29,NRAIL,43.5366
2026-09-23,15:29,NRBBEARING,55.9671
2026-09-23,15:29,NRL,210.4182
2026-09-23,15:29,NSIL,1.0057
2026-09-23,15:29,NSLNISP,0.3425
2026-09-23,15:29,NUVAMA,15.7491
2026-09-23,15:29,NUVOCO,5.4927
2026-09-23,15:29,NYKAA,25.1285
2026-09-23,15:29,OAL,83.4565
2026-09-23,15:29,OBEROIRLTY,14.3953
2026-09-23,15:29,OCCLLTD,67.7332
2026-09-23,15:29,OFSS,20.3439
2026-09-23,15:29,OLAELEC,17.3487
2026-09-23,15:29,OLECTRA,3.0864
2026-09-23,15:29,OMAXE,55.1537
2026-09-23,15:29,OMNI,35.4452
2026-09-23,15:29,ONEPOINT,11.0732
2026-09-23,15:29,ONWARDTEC,8.4191
2026-09-23,15:29,OPTIEMUS,99.3622
2026-09-23,15:29,ORBTEXP,42.5557
2026-09-23,15:29,ORCHPHARMA,54.652
2026-09-23,15:29,ORIENTBELL,21.1699
2026-09-23,15:29,ORIENTCER,16.8831
2026-09-23,15:29,ORIENTHOT,42.0178
2026-09-23,15:29,PAGEIND,1.4123
2026-09-23,15:29,PAISALO,93.4303
2026-09-23,15:29,PANACHE,44.1948
2026-09-23,15:29,PANAMAPET,62.0701
2026-09-23,15:29,PARACABLES,10.7181
2026-09-23,15:29,PARADEEP,28.0591
2026-09-23,15:29,PARAGMILK,23.343
2026-09-23,15:29,PARAS,83.3289
2026-09-23,15:29,PARKHOSPS,17.2175
2026-09-23,15:29,PASUPTAC,49.0848
2026-09-23,15:29,PATELENG,3.8462
2026-09-23,15:29,PATELRMART,3.4223
2026-09-23,15:29,PAUSHAKLTD,48.938
2026-09-23,15:29,PAYTM,56.913
2026-09-23,15:29,PCBL,25.9388
2026-09-23,15:29,PDMJEPAPER,22.272
2026-09-23,15:29,PDSL,28.9563
2026-09-23,15:29,PENIND,20.877
2026-09-23,15:29,PERSISTENT,11.4396
2026-09-23,15:29,PETRONET,8.4408
2026-09-23,15:29,PFOCUS,36.1122
2026-09-23,15:29,PGEL,6.9904
2026-09-23,15:29,PGHL,2.8679
2026-09-23,15:29,PGIL,55.6353
2026-09-23,15:29,PHOENIXLTD,14.6506
2026-09-23,15:29,PICCADIL,4.7523
2026-09-23,15:29,PIDILITIND,8.2033
2026-09-23,15:29,PINELABS,23.4916
2026-09-23,15:29,PITTIENG,29.5338
2026-09-23,15:29,PIXTRANS,15.3019
2026-09-23,15:29,PNB,15.9236
2026-09-23,15:29,PNBGILTS,1.3141
2026-09-23,15:29,PNBHOUSING,6.4616
2026-09-23,15:29,PNGJL,5.4191
2026-09-23,15:29,PNGSREVA,40.3282
2026-09-23,15:29,POLICYBZR,11.7278
2026-09-23,15:29,POLYMED,15.1911
2026-09-23,15:29,POLYPLEX,24.2396
2026-09-23,15:29,POONAWALLA,15.8461
2026-09-23,15:29,POWERICA,3.8192
2026-09-23,15:29,POWERMECH,0.5121
2026-09-23,15:29,PPL,45.7988
2026-09-23,15:29,PPLPHARMA,20.5124
2026-09-23,15:29,PRABHA,38.8035
2026-09-23,15:29,PRADPME,35.3981
2026-09-23,15:29,PRAVEG,0.4231
2026-09-23,15:29,PRECWIRE,32.6552
2026-09-23,15:29,PREMEXPLN,29.0178
2026-09-23,15:29,PREMIERPOL,82.4906
2026-09-23,15:29,PRESTIGE,11.0118
2026-09-23,15:29,PRICOLLTD,24.2313
2026-09-23,15:29,PRIMESECU,7.529
2026-09-23,15:29,PRINCEPIPE,5.5401
2026-09-23,15:29,PRIVISCL,12.6787
2026-09-23,15:29,PROTEAN,19.8117
2026-09-23,15:29,PROZONER,-0.3437
2026-09-23,15:29,PRUDENT,18.3738
2026-09-23,15:29,PSPPROJECT,5.8214
2026-09-23,15:29,PTCIL,33.1606
2026-09-23,15:29,PUNJABCHEM,1.8166
2026-09-23,15:29,PURVA,1.7409
2026-09-23,15:29,PVP,153.6414
2026-09-23,15:29,PVRINOX,30.4585
2026-09-23,15:29,PWL,19.552
2026-09-23,15:29,QPOWER,41.5855
2026-09-23,15:29,QUADFUTURE,83.2434
2026-09-23,15:29,QUESS,76.8734
2026-09-23,15:29,RACLGEAR,35.0924
2026-09-23,15:29,RADHIKAJWE,27.0671
2026-09-23,15:29,RADICO,31.5129
2026-09-23,15:29,RAIN,41.3211
2026-09-23,15:29,RAINBOW,5.2612
2026-09-23,15:29,RAJPALAYAM,-0.3467
2026-09-23,15:29,RAJRATAN,16.9693
2026-09-23,15:29,RAMCOIND,18.7648
2026-09-23,15:29,RAMCOSYS,56.9554
2026-09-23,15:29,RAMRAT,32.8854
2026-09-23,15:29,RANEHOLDIN,10.6947
2026-09-23,15:29,RATEGAIN,36.2117
2026-09-23,15:29,RATNAMANI,3.9875
2026-09-23,15:29,RATNAVEER,86.7674
2026-09-23,15:29,RAYMOND,145.7612
2026-09-23,15:29,RAYMONDREL,21.6726
2026-09-23,15:29,RBA,40.0354
2026-09-23,15:29,RBLBANK,26.5898
2026-09-23,15:29,RBZJEWEL,42.6454
2026-09-23,15:29,REDINGTON,81.0972
2026-09-23,15:29,REFEX,3.1857
2026-09-23,15:29,REGAAL,21.1842
2026-09-23,15:29,RELAXO,3.4327
2026-09-23,15:29,RELIGARE,13.4457
2026-09-23,15:29,RELTD,19.4307
2026-09-23,15:29,RGL,66.8592
2026-09-23,15:29,RHIM,0.1416
2026-09-23,15:29,RICOAUTO,13.519
2026-09-23,15:29,RISHABH,54.3015
2026-09-23,15:29,RITCO,5.957
2026-09-23,15:29,RKFORGE,23.739
2026-09-23,15:29,RMDRIP,22.1418
2026-09-23,15:29,RML,51.5358
2026-09-23,15:29,ROLEXRINGS,23.8063
2026-09-23,15:29,ROSSTECH,63.4222
2026-09-23,15:29,ROTO,9.8869
2026-09-23,15:29,RPEL,107.3531
2026-09-23,15:29,RPGLIFE,31.9695
2026-09-23,15:29,RPTECH,77.0663
2026-09-23,15:29,RRKABEL,26.7632
2026-09-23,15:29,RSL,32.7035
2026-09-23,15:29,RSWM,44.5029
2026-09-23,15:29,RUBICON,74.2859
2026-09-23,15:29,RUBYMILLS,115.151
2026-09-23,15:29,SAATVIKGL,-0.1004
2026-09-23,15:29,SAFARI,2.2975
2026-09-23,15:29,SAGILITY,9.5
2026-09-23,15:29,SAILIFE,47.5479
2026-09-23,15:29,SAIPARENT,5.8286
2026-09-23,15:29,SAKAR,66.8796
2026-09-23,15:29,SAKSOFT,9.2636
2026-09-23,15:29,SALSTEEL,40.5057
2026-09-23,15:29,SAMBHV,42.4507
2026-09-23,15:29,SAMHI,9.1548
2026-09-23,15:29,SAMMAANCAP,1.2687
2026-09-23,15:29,SANATHAN,16.913
2026-09-23,15:29,SANDHAR,16.3831
2026-09-23,15:29,SANGAMIND,15.0212
2026-09-23,15:29,SANGHVIMOV,45.9366
2026-09-23,15:29,SANSERA,93.7694
2026-09-23,15:29,SANSTAR,10.52
2026-09-23,15:29,SAPPHIRE,29.0157
2026-09-23,15:29,SAREGAMA,21.9483
2026-09-23,15:29,SARLAPOLY,4.3174
2026-09-23,15:29,SASKEN,4.153
2026-09-23,15:29,SATIA,5.3918
2026-09-23,15:29,SATIN,0.855
2026-09-23,15:29,SAYAJIHOTL,18.4783
2026-09-23,15:29,SBC,45.5251
2026-09-23,15:29,SBCL,92.2661
2026-09-23,15:29,SBFC,-0.2079
2026-09-23,15:29,SBICARD,1.4377
2026-09-23,15:29,SBIN,3.2081
2026-09-23,15:29,SCHAEFFLER,1.3922
2026-09-23,15:29,SCPL,50.2369
2026-09-23,15:29,SEAMECLTD,15.4763
2026-09-23,15:29,SEDEMAC,53.1382
2026-09-23,15:29,SENCO,2.2557
2026-09-23,15:29,SENORES,31.7085
2026-09-23,15:29,SESHAPAPER,6.9903
2026-09-23,15:29,SETL,198.5403
2026-09-23,15:29,SFL,6.3063
2026-09-23,15:29,SGFIN,7.5082
2026-09-23,15:29,SGIL,18.9713
2026-09-23,15:29,SGMART,22.0609
2026-09-23,15:29,SHADOWFAX,51.5352
2026-09-23,15:29,SHAILY,15.9918
2026-09-23,15:29,SHALPAINTS,57.8013
2026-09-23,15:29,SHANTIGEAR,51.1425
2026-09-23,15:29,SHANTIGOLD,37.7008
2026-09-23,15:29,SHARDAMOTR,11.272
2026-09-23,15:29,SHAREINDIA,58.8418
2026-09-23,15:29,SHILCTECH,3.4443
2026-09-23,15:29,SHILPAMED,116.9105
2026-09-23,15:29,SHINDL,6.1368
2026-09-23,15:29,SHIVALIK,66.7246
2026-09-23,15:29,SHIVAUM,55.5152
2026-09-23,15:29,SHK,6.9683
2026-09-23,15:29,SHOPERSTOP,18.8212
2026-09-23,15:29,SHREEJISPG,67.7677
2026-09-23,15:29,SHREEPUSHK,26.9004
2026-09-23,15:29,SHREERAMA,9.1798
2026-09-23,15:29,SHRINGARMS,1.7571
2026-09-23,15:29,SHRIPISTON,32.6146
2026-09-23,15:29,SHRIRAMFIN,7.7727
2026-09-23,15:29,SHYAMMETL,26.053
2026-09-23,15:29,SICALLOG,41.5117
2026-09-23,15:29,SIEMENS,8.3085
2026-09-23,15:29,SIGACHI,54.7654
2026-09-23,15:29,SIGMAADV,195.0236
2026-09-23,15:29,SIKA,15.7059
2026-09-23,15:29,SILVERTUC,3.3018
2026-09-23,15:29,SIMPLEXINF,24.5749
2026-09-23,15:29,SINDHUTRAD,3.8578
2026-09-23,15:29,SIS,7.9949
2026-09-23,15:29,SJS,22.6731
2026-09-23,15:29,SKFINDUS,39.8072
2026-09-23,15:29,SKIPPER,23.3159
2026-09-23,15:29,SKMEGGPROD,27.2642
2026-09-23,15:29,SKYGOLD,77.9695
2026-09-23,15:29,SMARTWORKS,23.6968
2026-09-23,15:29,SMCGLOBAL,33.9379
2026-09-23,15:29,SMLMAH,86.936
2026-09-23,15:29,SMSPHARMA,20.6169
2026-09-23,15:29,SOFTTECH,18.9192
2026-09-23,15:29,SOLARA,24.6594
2026-09-23,15:29,SOLARINDS,13.954
2026-09-23,15:29,SOMANYCERA,33.8046
2026-09-23,15:29,SONACOMS,45.2358
2026-09-23,15:29,SONATSOFTW,6.1148
2026-09-23,15:29,SOTL,74.8778
2026-09-23,15:29,SOUTHBANK,21.2465
2026-09-23,15:29,SPAL,26.5912
2026-09-23,15:29,SPARC,25.6645
2026-09-23,15:29,SPECIALITY,52.4195
2026-09-23,15:29,SPECTRUM,124.4409
2026-09-23,15:29,SPIC,0.4347
2026-09-23,15:29,SPLPETRO,26.8531
2026-09-23,15:29,SPORTKING,42.9267
2026-09-23,15:29,SREEL,54.679
2026-09-23,15:29,SRHHYPOLTD,16.3136
2026-09-23,15:29,SSWL,80.1734
2026-09-23,15:29,STALLION,59.0384
2026-09-23,15:29,STAR,6.0328
2026-09-23,15:29,STARHEALTH,9.4678
2026-09-23,15:29,STEELCAS,27.0576
2026-09-23,15:29,STEL,40.4363
2026-09-23,15:29,STLNETWORK,86.8421
2026-09-23,15:29,STLTECH,106.5507
2026-09-23,15:29,STOVEKRAFT,50.1313
2026-09-23,15:29,STYL,40.7778
2026-09-23,15:29,STYLAMIND,26.4451
2026-09-23,15:29,SUBEXLTD,110.8882
2026-09-23,15:29,SUDARCOLOR,12.9354
2026-09-23,15:29,SUDARSCHEM,42.4016
2026-09-23,15:29,SUDEEPPHRM,84.8524
2026-09-23,15:29,SUMICHEM,1.188
2026-09-23,15:29,SUNDARMFIN,1.0156
2026-09-23,15:29,SUNDRMFAST,39.2132
2026-09-23,15:29,SUNDROP,10.3239
2026-09-23,15:29,SUNFLAG,4.5789
2026-09-23,15:29,SUPRAJIT,16.2492
2026-09-23,15:29,SUPREMEIND,-0.3306
2026-09-23,15:29,SUPREMEINF,0.0247
2026-09-23,15:29,SUPRIYA,45.3635
2026-09-23,15:29,SURAJEST,1.3985
2026-09-23,15:29,SURAKSHA,16.2224
2026-09-23,15:29,SUTLEJTEX,4.8452
2026-09-23,15:29,SUVEN,61.8991
2026-09-23,15:29,SVLL,60.4807
2026-09-23,15:29,SWANDEF,44.7521
2026-09-23,15:29,SWIGGY,9.0446
2026-09-23,15:29,SYNCOMF,45
2026-09-23,15:29,SYRMA,69.6916
2026-09-23,15:29,SYSTMTXC,16.1571
2026-09-23,15:29,TAJGVK,6.9541
2026-09-23,15:29,TALBROAUTO,44.865
2026-09-23,15:29,TANLA,0.5829
2026-09-23,15:29,TARSONS,62.0923
2026-09-23,15:29,TASTYBITE,33.8065
2026-09-23,15:29,TATACAP,13.671
2026-09-23,15:29,TATACOMM,1.2262
2026-09-23,15:29,TATAINVEST,-0.2441
2026-09-23,15:29,TATATECH,15.4726
2026-09-23,15:29,TATVA,35.0832
2026-09-23,15:29,TBOTEK,44.8173
2026-09-23,15:29,TBZ,436.9494
2026-09-23,15:29,TCPLPACK,50.7154
2026-09-23,15:29,TDPOWERSYS,16.7544
2026-09-23,15:29,TECHM,13.6082
2026-09-23,15:29,TEGA,31.1298
2026-09-23,15:29,TEJASNET,17.005
2026-09-23,15:29,TEXINFRA,25.7844
2026-09-23,15:29,TEXRAIL,7.3303
2026-09-23,15:29,TFCILTD,86.9881
2026-09-23,15:29,THANGAMAYL,47.9328
2026-09-23,15:29,THEJO,26.1829
2026-09-23,15:29,THELEELA,31.5828
2026-09-23,15:29,THEMISMED,24.9309
2026-09-23,15:29,THOMASCOOK,10.9563
2026-09-23,15:29,THYROCARE,24.148
2026-09-23,15:29,TI,39.4136
2026-09-23,15:29,TIIL,25.432
2026-09-23,15:29,TIL,30.913
2026-09-23,15:29,TIMETECHNO,2.1559
2026-09-23,15:29,TIMEX,108.0705
2026-09-23,15:29,TINNARUBR,42.2669
2026-09-23,15:29,TIPSMUSIC,3.6882
2026-09-23,15:29,TIRUPATIFL,85.464
2026-09-23,15:29,TITAGARH,10.317
2026-09-23,15:29,TITAN,17.0516
2026-09-23,15:29,TMB,37.9238
2026-09-23,15:29,TMCV,19.1163
2026-09-23,15:29,TNPETRO,43.967
2026-09-23,15:29,TORNTPHARM,13.1489
2026-09-23,15:29,TPLPLASTEH,7.5777
2026-09-23,15:29,TRANSPEK,13.6834
2026-09-23,15:29,TRAVELFOOD,10.5699
2026-09-23,15:29,TREL,11.3427
2026-09-23,15:29,TRENT,1.4556
2026-09-23,15:29,TRIVENI,4.8771
2026-09-23,15:29,TSFINV,17.9602
2026-09-23,15:29,TTKHLTCARE,17.1449
2026-09-23,15:29,TTKPRESTIG,-0.0475
2026-09-23,15:29,TVSMOTOR,19.2743
2026-09-23,15:29,TVSSCS,16.9079
2026-09-23,15:29,TVSSRICHAK,29.4389
2026-09-23,15:29,UDS,18.9075
2026-09-23,15:29,UEL,29.8721
2026-09-23,15:29,UFBL,99.5027
2026-09-23,15:29,UFLEX,67.2571
2026-09-23,15:29,UGARSUGAR,37.2182
2026-09-23,15:29,UJJIVANSFB,18.2339
2026-09-23,15:29,ULTRAMAR,5.8831
2026-09-23,15:29,UNICHEMLAB,53.9205
2026-09-23,15:29,UNIMECH,82.3311
2026-09-23,15:29,UNIONBANK,11.1523
2026-09-23,15:29,UNIPARTS,60.3277
2026-09-23,15:29,UNITDSPR,9.1088
2026-09-23,15:29,UNITEDPOLY,36.1185
2026-09-23,15:29,UNIVASTU,102.2346
2026-09-23,15:29,UNIVCABLES,50.3163
2026-09-23,15:29,UNIVPHOTO,28.2333
2026-09-23,15:29,UNOMINDA,9.0301
2026-09-23,15:29,URBANCO,42.8229
2026-09-23,15:29,USHAMART,13.1303
2026-09-23,15:29,UTLSOLAR,62.5137
2026-09-23,15:29,UTTAMSUGAR,9.9257
2026-09-23,15:29,VADILALIND,78.7555
2026-09-23,15:29,VALIANTLAB,56.3378
2026-09-23,15:29,VALIANTORG,41.8746
2026-09-23,15:29,VARROC,49.9507
2026-09-23,15:29,VELJAN,97.9923
2026-09-23,15:29,VENKEYS,4.6053
2026-09-23,15:29,VENUSPIPES,71.434
2026-09-23,15:29,VENUSREM,80.2698
2026-09-23,15:29,VIDHIING,24.0862
2026-09-23,15:29,VIJAYA,18.1688
2026-09-23,15:29,VIMTALABS,35.5605
2026-09-23,15:29,VINCOFE,43.7544
2026-09-23,15:29,VINDHYATEL,80.0843
2026-09-23,15:29,VISAKAIND,26.7546
2026-09-23,15:29,VISHNU,26.3438
2026-09-23,15:29,VIYASH,13.0088
2026-09-23,15:29,VLSFINANCE,1.1153
2026-09-23,15:29,VMART,22.6762
2026-09-23,15:29,VOLTAMP,13.6617
2026-09-23,15:29,VRLLOG,17.6174
2026-09-23,15:29,VSSL,47.5562
2026-09-23,15:29,WABAG,47.8032
2026-09-23,15:29,WAKEFIT,2.4642
2026-09-23,15:29,WELCORP,113.6593
2026-09-23,15:29,WELENT,51.5419
2026-09-23,15:29,WELINV,48.6928
2026-09-23,15:29,WELSPLSOL,25.2981
2026-09-23,15:29,WELSPUNLIV,58.6796
2026-09-23,15:29,WENDT,25.9214
2026-09-23,15:29,WESTLIFE,26.5216
2026-09-23,15:29,WEWORK,34.7103
2026-09-23,15:29,WHEELS,52.6818
2026-09-23,15:29,WHIRLPOOL,1.1692
2026-09-23,15:29,WINDLAS,38.2409
2026-09-23,15:29,WINDMACHIN,3.6128
2026-09-23,15:29,WOCKPHARMA,50.7019
2026-09-23,15:29,WONDERLA,8.0952
2026-09-23,15:29,WPIL,3.5782
2026-09-23,15:29,WSTCSTPAPR,59.9764
2026-09-23,15:29,XPROINDIA,12.7754
2026-09-23,15:29,YASHO,144.3953
2026-09-23,15:29,YATHARTH,42.4963
2026-09-23,15:29,YATRA,15.1175
2026-09-23,15:29,YESBANK,5.3013
2026-09-23,15:29,YUKEN,65.6943
2026-09-23,15:29,ZENTEC,7.5503
2026-09-23,15:29,ZIMLAB,36.0636
2026-09-23,15:29,ZOTA,15.1349
2026-09-23,15:29,ZSARACOM,6.6736
2026-09-23,15:29,ZUARIIND,10.7625
2026-09-23,15:29,ZYDUSLIFE,15.6568
2026-09-23,15:29,ZYDUSWELL,5.7453
2026-09-24,15:29,20MICRONS,25.9912
2026-09-24,15:29,3BBLACKBIO,8.5463
2026-09-24,15:29,3IINFOLTD,41.0967
2026-09-24,15:29,3MINDIA,9.0995
2026-09-24,15:29,5PAISA,1.883
2026-09-24,15:29,63MOONS,27.3935
2026-09-24,15:29,AARTIDRUGS,19.4999
2026-09-24,15:29,AARTIIND,6.1253
2026-09-24,15:29,AARTIPHARM,33.2169
2026-09-24,15:29,ABB,11.1562
2026-09-24,15:29,ABCAPITAL,11.4253
2026-09-24,15:29,ABDL,34.9792
2026-09-24,15:29,ABSLAMC,3.748
2026-09-24,15:29,ACCELYA,1.494
2026-09-24,15:29,ACE,40.8946
2026-09-24,15:29,ACMESOLAR,62.0646
2026-09-24,15:29,ACSTECH,137.6405
2026-09-24,15:29,ACUTAAS,17.3127
2026-09-24,15:29,ADANIENSOL,0.9185
2026-09-24,15:29,ADANIENT,7.8147
2026-09-24,15:29,ADFFOODS,2.8588
2026-09-24,15:29,ADOR,51.3891
2026-09-24,15:29,ADVAIT,2.3588
2026-09-24,15:29,ADVANCE,17.3092
2026-09-24,15:29,AEGISLOG,99.6793
2026-09-24,15:29,AEGISVOPAK,46.5356
2026-09-24,15:29,AEQUS,24.2846
2026-09-24,15:29,AEROENTER,25.8657
2026-09-24,15:29,AEROFLEX,42.9114
2026-09-24,15:29,AETHER,47.6545
2026-09-24,15:29,AFFLE,9.0578
2026-09-24,15:29,AFSL,1.078
2026-09-24,15:29,AGARWALEYE,13.5973
2026-09-24,15:29,AGI,43.3796
2026-09-24,15:29,AHCL,112.3795
2026-09-24,15:29,AIAENG,1.8052
2026-09-24,15:29,AIIL,10.8744
2026-09-24,15:29,AJANTPHARM,10.1241
2026-09-24,15:29,AJAXENGG,9.6141
2026-09-24,15:29,AKCAPIT,10.056
2026-09-24,15:29,AKUMS,57.3064
2026-09-24,15:29,ALBERTDAVD,22.8718
2026-09-24,15:29,ALEMBICLTD,21.2992
2026-09-24,15:29,ALGOQUANT,25.0341
2026-09-24,15:29,ALICON,14.3167
2026-09-24,15:29,ALIVUS,29.8209
2026-09-24,15:29,ALKYLAMINE,8.8545
2026-09-24,15:29,AMAGI,40.4673
2026-09-24,15:29,AMANTA,50.3815
2026-09-24,15:29,AMBIKCO,1.5992
2026-09-24,15:29,ANANDRATHI,21.2294
2026-09-24,15:29,ANANTRAJ,31.0446
2026-09-24,15:29,ANDHRAPAP,16.0467
2026-09-24,15:29,ANDHRSUGAR,5.9722
2026-09-24,15:29,ANDREWYU,8.7045
2026-09-24,15:29,ANTELOPUS,45.068
2026-09-24,15:29,ANTHEM,12.2647
2026-09-24,15:29,ANUHPHR,17.0449
2026-09-24,15:29,APARINDS,46.4868
2026-09-24,15:29,APCOTEXIND,24.762
2026-09-24,15:29,APLAPOLLO,16.4606
2026-09-24,15:29,APLLTD,17.3385
2026-09-24,15:29,APOLLO,28.3119
2026-09-24,15:29,APOLLOHOSP,10.8223
2026-09-24,15:29,APOLLOPIPE,0.4229
2026-09-24,15:29,APOLLOTYRE,6.0776
2026-09-24,15:29,ARFIN,1.2569
2026-09-24,15:29,ARIES,30.766
2026-09-24,15:29,ARIHANT,10.4509
2026-09-24,15:29,ARIHANTCAP,34.7648
2026-09-24,15:29,ARIS,12.3051
2026-09-24,15:29,ARKADE,9.8362
2026-09-24,15:29,ARMANFIN,10.3326
2026-09-24,15:29,ARROWGREEN,88.8994
2026-09-24,15:29,ARTEMISMED,22.1097
2026-09-24,15:29,ARVIND,19.6995
2026-09-24,15:29,ARVSMART,6.7266
2026-09-24,15:29,ASAHIINDIA,20.2691
2026-09-24,15:29,ASHIANA,9.0526
2026-09-24,15:29,ASHOKLEY,4.0757
2026-09-24,15:29,ASIANENE,53.0882
2026-09-24,15:29,ASIANHOTNR,29.7901
2026-09-24,15:29,ASKAUTOLTD,42.1227
2026-09-24,15:29,ASTAR,6.4655
2026-09-24,15:29,ASTERDM,1.7743
2026-09-24,15:29,ASTRAMICRO,46.8175
2026-09-24,15:29,ATGL,0.377
2026-09-24,15:29,ATHERENERG,64.6619
2026-09-24,15:29,ATL,3.7923
2026-09-24,15:29,AUBANK,2.1553
2026-09-24,15:29,AUROPHARMA,14.3619
2026-09-24,15:29,AURUM,27.4643
2026-09-24,15:29,AUTOAXLES,0.3517
2026-09-24,15:29,AVADHSUGAR,50.5718
2026-09-24,15:29,AVALON,75.8618
2026-09-24,15:29,AVANTEL,4.8532
2026-09-24,15:29,AVL,13.9113
2026-09-24,15:29,AVTNPL,38.7222
2026-09-24,15:29,AYE,34.2518
2026-09-24,15:29,AYMSYNTEX,22.8002
2026-09-24,15:29,AZAD,39.4657
2026-09-24,15:29,BAFNAPH,153.6585
2026-09-24,15:29,BAJAJ-AUTO,9.8985
2026-09-24,15:29,BAJAJFINSV,0.5248
2026-09-24,15:29,BAJAJHCARE,27.3504
2026-09-24,15:29,BAJAJHLDNG,5.3053
2026-09-24,15:29,BAJFINANCE,6.6117
2026-09-24,15:29,BALAJITELE,3.6914
2026-09-24,15:29,BALAMINES,26.2621
2026-09-24,15:29,BALKRISIND,2.3948
2026-09-24,15:29,BALRAMCHIN,21.8629
2026-09-24,15:29,BALUFORGE,6.8196
2026-09-24,15:29,BANCOINDIA,3.461
2026-09-24,15:29,BANSALWIRE,7.1582
2026-09-24,15:29,BCLIND,0.2095
2026-09-24,15:29,BECTORFOOD,18.6881
2026-09-24,15:29,BEEKAY,9.6849
2026-09-24,15:29,BELRISE,18.0721
2026-09-24,15:29,BEML,15.6727
2026-09-24,15:29,BEPL,33.8212
2026-09-24,15:29,BETA,72.1263
2026-09-24,15:29,BFINVEST,9.5315
2026-09-24,15:29,BFUTILITIE,1.4284
2026-09-24,15:29,BHAGCHEM,0.9899
2026-09-24,15:29,BHAGERIA,136.4096
2026-09-24,15:29,BHAGYANGR,43.3593
2026-09-24,15:29,BHARATFORG,5.706
2026-09-24,15:29,BHARATSE,20.8611
2026-09-24,15:29,BHEL,5.0854
2026-09-24,15:29,BIL,39.3544
2026-09-24,15:29,BIRLACABLE,124.93
2026-09-24,15:29,BIRLANU,5.6729
2026-09-24,15:29,BLACKBUCK,12.4929
2026-09-24,15:29,BLACKROSE,11.0936
2026-09-24,15:29,BLISSGVS,139.0571
2026-09-24,15:29,BLKASHYAP,0.6475
2026-09-24,15:29,BLSE,69.9969
2026-09-24,15:29,BLUEJET,36.1952
2026-09-24,15:29,BLUESTONE,73.8798
2026-09-24,15:29,BLUSPRING,102.5944
2026-09-24,15:29,BODALCHEM,181.8261
2026-09-24,15:29,BOROLTD,18.5471
2026-09-24,15:29,BOSCH-HCIL,29.8506
2026-09-24,15:29,BOSCHLTD,28.5157
2026-09-24,15:29,BPCL,9.3661
2026-09-24,15:29,BRIGADE,21.8248
2026-09-24,15:29,BUILDPRO,9.4333
2026-09-24,15:29,CANBK,0.8006
2026-09-24,15:29,CANHLIFE,12.5715
2026-09-24,15:29,CANTABIL,5.1397
2026-09-24,15:29,CAPILLARY,9.3335
2026-09-24,15:29,CAPITALSFB,1.6854
2026-09-24,15:29,CAPLIPOINT,44.3734
2026-09-24,15:29,CARBORUNIV,18.0514
2026-09-24,15:29,CARTRADE,68.4211
2026-09-24,15:29,CARYSIL,15.4138
2026-09-24,15:29,CASTROLIND,6.9037
2026-09-24,15:29,CDSL,11.4677
2026-09-24,15:29,CEATLTD,7.133
2026-09-24,15:29,CEIGALL,14.9316
2026-09-24,15:29,CEMPRO,44.3035
2026-09-24,15:29,CENTENKA,30.7719
2026-09-24,15:29,CENTUM,66.2177
2026-09-24,15:29,CGCL,39.2378
2026-09-24,15:29,CGPOWER,9.6383
2026-09-24,15:29,CHALET,13.3
2026-09-24,15:29,CHEMBONDCH,31.3892
2026-09-24,15:29,CHEMCON,40.7814
2026-09-24,15:29,CHENNPETRO,38.9513
2026-09-24,15:29,CHOICEIN,14.2705
2026-09-24,15:29,CHOLAFIN,10.0661
2026-09-24,15:29,CLEAN,9.0538
2026-09-24,15:29,CLEANMAX,16.0717
2026-09-24,15:29,CLSEL,12.2457
2026-09-24,15:29,COCKERILL,40.4201
2026-09-24,15:29,COFFEEDAY,28.1837
2026-09-24,15:29,COFORGE,32.4753
2026-09-24,15:29,COHANCE,6.0974
2026-09-24,15:29,COMSYN,91.089
2026-09-24,15:29,CONCORDBIO,31.4255
2026-09-24,15:29,CONFIPET,40.0812
2026-09-24,15:29,CONSOFINVT,28.6984
2026-09-24,15:29,COROMANDEL,5.7316
2026-09-24,15:29,CORONA,15.9763
2026-09-24,15:29,COSMOFIRST,11.6647
2026-09-24,15:29,CPPLUS,57.2173
2026-09-24,15:29,CRAFTSMAN,27.0689
2026-09-24,15:29,CREDITACC,1.255
2026-09-24,15:29,CREST,2.7366
2026-09-24,15:29,CRISIL,10.1774
2026-09-24,15:29,CUB,18.1779
2026-09-24,15:29,CUPID,120.374
2026-09-24,15:29,CYIENT,20.6914
2026-09-24,15:29,CYIENTDLM,119.0042
2026-09-24,15:29,DALBHARAT,0.5022
2026-09-24,15:29,DALMIASUG,18.8458
2026-09-24,15:29,DATAMATICS,6.1903
2026-09-24,15:29,DATAPATTNS,17.1446
2026-09-24,15:29,DBOL,3.2187
2026-09-24,15:29,DCBBANK,20.0687
2026-09-24,15:29,DCMSIL,42.071
2026-09-24,15:29,DCW,5.7512
2026-09-24,15:29,DDEVPLSTIK,7.9581
2026-09-24,15:29,DECNGOLD,76.1166
2026-09-24,15:29,DEEDEV,41.8285
2026-09-24,15:29,DEEPAKFERT,6.9947
2026-09-24,15:29,DEEPINDS,71.3647
2026-09-24,15:29,DELTACORP,7.5307
2026-09-24,15:29,DEN,3.4725
2026-09-24,15:29,DENTA,4.447
2026-09-24,15:29,DEVYANI,18.5141
2026-09-24,15:29,DHAMPURSUG,16.2384
2026-09-24,15:29,DHARMAJ,13.0737
2026-09-24,15:29,DHUNINV,18.0351
2026-09-24,15:29,DIACABS,87.9105
2026-09-24,15:29,DIAMONDYD,8.7929
2026-09-24,15:29,DICIND,23.9832
2026-09-24,15:29,DIFFNKG,35.7858
2026-09-24,15:29,DISAQ,0.05
2026-09-24,15:29,DIVGIITTS,77.8154
2026-09-24,15:29,DIVISLAB,40.4828
2026-09-24,15:29,DIXON,23.3673
2026-09-24,15:29,DLF,16.9676
2026-09-24,15:29,DODLA,2.189
2026-09-24,15:29,DOLLAR,3.5145
2026-09-24,15:29,DOLPHIN,65.0132
2026-09-24,15:29,DPABHUSHAN,55.2463
2026-09-24,15:29,DRAGARWQ,0.9629
2026-09-24,15:29,DREDGECORP,15.1025
2026-09-24,15:29,DVL,27.7447
2026-09-24,15:29,DYCL,65.0506
2026-09-24,15:29,DYNAMATECH,18.2606
2026-09-24,15:29,E2E,113.8275
2026-09-24,15:29,EBGNG,59.268
2026-09-24,15:29,ECLERX,28.1945
2026-09-24,15:29,EDELWEISS,25.9148
2026-09-24,15:29,EFCIL,1.0484
2026-09-24,15:29,EICHERMOT,6.1551
2026-09-24,15:29,EIEL,7.7832
2026-09-24,15:29,EIFFL,20.603
2026-09-24,15:29,EIMCOELECO,48.4124
2026-09-24,15:29,ELANTAS,53.2986
2026-09-24,15:29,ELECTHERM,26.5521
2026-09-24,15:29,ELGIEQUIP,14.125
2026-09-24,15:29,ELPROINTL,4.5082
2026-09-24,15:29,EMAMIPAP,54.3621
2026-09-24,15:29,EMCURE,15.7692
2026-09-24,15:29,EMIL,61.0695
2026-09-24,15:29,EMKAY,30.9518
2026-09-24,15:29,EMMVEE,25.832
2026-09-24,15:29,EMSLIMITED,14.1493
2026-09-24,15:29,EMUDHRA,43.0834
2026-09-24,15:29,ENDURANCE,5.4023
2026-09-24,15:29,ENGINERSIN,24.879
2026-09-24,15:29,ENRIN,5.0544
2026-09-24,15:29,ENTERO,55.412
2026-09-24,15:29,EPACKPEB,30.8452
2026-09-24,15:29,EPL,11.6452
2026-09-24,15:29,EQUITASBNK,5.1993
2026-09-24,15:29,ESAFSFB,46.1511
2026-09-24,15:29,ETERNAL,38.9809
2026-09-24,15:29,ETHOSLTD,14.491
2026-09-24,15:29,EVEREADY,1.6999
2026-09-24,15:29,EVERESTIND,19.0378
2026-09-24,15:29,EXICOM,49.2115
2026-09-24,15:29,EXIDEIND,24.413
2026-09-24,15:29,FAIRCHEMOR,7.158
2026-09-24,15:29,FCL,83.7156
2026-09-24,15:29,FEDDERSHOL,93.6266
2026-09-24,15:29,FEDERALBNK,16.0416
2026-09-24,15:29,FEDFINA,1.5494
2026-09-24,15:29,FILATEX,156.0039
2026-09-24,15:29,FINCABLES,44.6796
2026-09-24,15:29,FINEORG,11.713
2026-09-24,15:29,FINKURVE,5.7884
2026-09-24,15:29,FINOPB,9.6058
2026-09-24,15:29,FIVESTAR,16.2587
2026-09-24,15:29,FLUOROCHEM,21.1504
2026-09-24,15:29,FMGOETZE,8.3121
2026-09-24,15:29,FOSECOIND,31.5127
2026-09-24,15:29,FRONTSP,1.5054
2026-09-24,15:29,FSL,12.0682
2026-09-24,15:29,GABRIEL,31.3993
2026-09-24,15:29,GAEL,0.3766
2026-09-24,15:29,GAIL,8.5071
2026-09-24,15:29,GALAPREC,31.2614
2026-09-24,15:29,GALAXYSURF,23.3041
2026-09-24,15:29,GANDHAR,65.8879
2026-09-24,15:29,GANDHITUBE,15.256
2026-09-24,15:29,GANESHBE,36.9088
2026-09-24,15:29,GANESHHOU,4.0087
2026-09-24,15:29,GARFIBRES,21.5435
2026-09-24,15:29,GARUDA,6.3052
2026-09-24,15:29,GAUDIUMIVF,13.0906
2026-09-24,15:29,GAYAPROJ,34.2474
2026-09-24,15:29,GCSL,67.6062
2026-09-24,15:29,GEECEE,12.1683
2026-09-24,15:29,GEMAROMA,2.4696
2026-09-24,15:29,GENESYS,102.7203
2026-09-24,15:29,GENUSPOWER,0.6071
2026-09-24,15:29,GEOJITFSL,8.2149
2026-09-24,15:29,GFLLIMITED,24.0795
2026-09-24,15:29,GHCLTEXTIL,57.7205
2026-09-24,15:29,GIPCL,29.7105
2026-09-24,15:29,GKENERGY,2.4316
2026-09-24,15:29,GKSL,19.3003
2026-09-24,15:29,GLAND,34.3504
2026-09-24,15:29,GLAXO,18.3865
2026-09-24,15:29,GLENMARK,3.8677
2026-09-24,15:29,GLOBAL,37.4939
2026-09-24,15:29,GLOTTIS,4.7619
2026-09-24,15:29,GMBREW,6.9021
2026-09-24,15:29,GMMPFAUDLR,69.4985
2026-09-24,15:29,GMRAIRPORT,2.4306
2026-09-24,15:29,GNA,71.4187
2026-09-24,15:29,GNFC,20.42
2026-09-24,15:29,GNRL,3.3934
2026-09-24,15:29,GOCLCORP,31.3698
2026-09-24,15:29,GOCOLORS,22.6782
2026-09-24,15:29,GODREJAGRO,20.1439
2026-09-24,15:29,GOKEX,3.003
2026-09-24,15:29,GOODLUCK,18.5893
2026-09-24,15:29,GPPL,6.8311
2026-09-24,15:29,GPTHEALTH,16.5538
2026-09-24,15:29,GRANDOAK,30.933
2026-09-24,15:29,GRANULES,16.6177
2026-09-24,15:29,GRAPHITE,7.0495
2026-09-24,15:29,GRASIM,7.5651
2026-09-24,15:29,GRAUWEIL,36.5412
2026-09-24,15:29,GREAVESCOT,38.2291
2026-09-24,15:29,GREENLAM,1.2353
2026-09-24,15:29,GREENPLY,16.2322
2026-09-24,15:29,GRINDWELL,6.7119
2026-09-24,15:29,GROWW,1.4851
2026-09-24,15:29,GRPLTD,24.253
2026-09-24,15:29,GRWRHITECH,17.8268
2026-09-24,15:29,GSPCROP,16.3878
2026-09-24,15:29,GUFICBIO,52.2916
2026-09-24,15:29,GUJTHEM,18.1321
2026-09-24,15:29,GULFOILLUB,20.4638
2026-09-24,15:29,HAL,10.3479
2026-09-24,15:29,HALDYNGL,39.7604
2026-09-24,15:29,HAPPYFORGE,51.8095
2026-09-24,15:29,HARIOMPIPE,14.7766
2026-09-24,15:29,HARSHA,14.8325
2026-09-24,15:29,HATSUN,23.0702
2026-09-24,15:29,HAWKINCOOK,11.2284
2026-09-24,15:29,HBLENGINE,3.9555
2026-09-24,15:29,HCC,2.0774
2026-09-24,15:29,HCG,10.8818
2026-09-24,15:29,HCLTECH,8.4598
2026-09-24,15:29,HEG,23.3679
2026-09-24,15:29,HERITGFOOD,27.4154
2026-09-24,15:29,HEROMOTOCO,6.8388
2026-09-24,15:29,HESTERBIO,23.6213
2026-09-24,15:29,HFCL,50.8268
2026-09-24,15:29,HIKAL,9.0155
2026-09-24,15:29,HINDOILEXP,0.1913
2026-09-24,15:29,HIRECT,33.934
2026-09-24,15:29,HITECHCORP,144.3977
2026-09-24,15:29,HITECHGEAR,3.3246
2026-09-24,15:29,HLEGLAS,40.8046
2026-09-24,15:29,HMT,8.1479
2026-09-24,15:29,HMVL,18.4543
2026-09-24,15:29,HNDFDS,20.0835
2026-09-24,15:29,HOMEFIRST,8.5835
2026-09-24,15:29,HONASA,35.8076
2026-09-24,15:29,HONAUT,17.2215
2026-09-24,15:29,HSCL,22.3753
2026-09-24,15:29,HTMEDIA,14.6353
2026-09-24,15:29,HUHTAMAKI,50.8712
2026-09-24,15:29,HYUNDAI,15.6406
2026-09-24,15:29,IBULLSLTD,53.9837
2026-09-24,15:29,ICICIAMC,1.1425
2026-09-24,15:29,ICICIBANK,6.6661
2026-09-24,15:29,ICIL,51.148
2026-09-24,15:29,IDBI,18.8489
2026-09-24,15:29,IDFCFIRSTB,23.9237
2026-09-24,15:29,IFBIND,12.4574
2026-09-24,15:29,IFCI,20.9037
2026-09-24,15:29,IFGLEXPOR,23.0725
2026-09-24,15:29,IGARASHI,8.4089
2026-09-24,15:29,IGIL,3.8142
2026-09-24,15:29,IGPL,31.4651
2026-09-24,15:29,IIFL,35.4722
2026-09-24,15:29,IIFLCAPS,0.4768
2026-09-24,15:29,IKIO,33.1709
2026-09-24,15:29,IKS,17.1054
2026-09-24,15:29,IL&FSENGG,56.3842
2026-09-24,15:29,IMAGICAA,22.3675
2026-09-24,15:29,IMPAL,0.3898
2026-09-24,15:29,INDGN,16.4902
2026-09-24,15:29,INDHOTEL,12.3738
2026-09-24,15:29,INDIAGLYCO,51.6804
2026-09-24,15:29,INDIANB,2.4691
2026-09-24,15:29,INDIANHUME,17.3701
2026-09-24,15:29,INDIGO,14.3672
2026-09-24,15:29,INDIGOPNTS,16.1652
2026-09-24,15:29,INDIQUBE,13.3727
2026-09-24,15:29,INDNIPPON,68.835
2026-09-24,15:29,INDOAMIN,4.6374
2026-09-24,15:29,INDOBORAX,65.0073
2026-09-24,15:29,INDOCO,16.2733
2026-09-24,15:29,INDOFARM,11.1581
2026-09-24,15:29,INDORAMA,189.306
2026-09-24,15:29,INDOSTAR,13.4624
2026-09-24,15:29,INDOTECH,29.1591
2026-09-24,15:29,INDRAMEDCO,2.8881
2026-09-24,15:29,INDSWFTLAB,203.5174
2026-09-24,15:29,INDUSINDBK,3.0656
2026-09-24,15:29,INFOBEAN,1.1649
2026-09-24,15:29,INNOVACAP,47.6799
2026-09-24,15:29,INOXINDIA,47.2858
2026-09-24,15:29,INTERARCH,2.8554
2026-09-24,15:29,INTLCONV,1.9488
2026-09-24,15:29,INVPRECQ,141.4303
2026-09-24,15:29,IOC,3.3837
2026-09-24,15:29,IOLCP,87.4032
2026-09-24,15:29,IONEXCHANG,8.487
2026-09-24,15:29,IPCALAB,21.3084
2026-09-24,15:29,IRISDOREME,85.3885
2026-09-24,15:29,ITCHOTELS,6.8887
2026-09-24,15:29,ITDC,26.885
2026-09-24,15:29,IZMO,42.5903
2026-09-24,15:29,J&KBANK,15.3219
2026-09-24,15:29,JAGSNPHARM,21.3419
2026-09-24,15:29,JAMNAAUTO,25.3306
2026-09-24,15:29,JASH,54.7319
2026-09-24,15:29,JAYAGROGN,9.4827
2026-09-24,15:29,JAYBARMARU,42.3567
2026-09-24,15:29,JAYKAY,29.1563
2026-09-24,15:29,JGCHEM,56.1162
2026-09-24,15:29,JINDALPHOT,6.1396
2026-09-24,15:29,JINDALPOLY,1.5601
2026-09-24,15:29,JINDALSAW,28.2446
2026-09-24,15:29,JINDWORLD,85.3373
2026-09-24,15:29,JKPAPER,10.7176
2026-09-24,15:29,JLHL,0.0747
2026-09-24,15:29,JNKINDIA,26.5199
2026-09-24,15:29,JSFB,13.114
2026-09-24,15:29,JSWDULUX,6.9519
2026-09-24,15:29,JSWINFRA,33.3703
2026-09-24,15:29,JTLIND,36
2026-09-24,15:29,JUBLCPL,26.0385
2026-09-24,15:29,JUBLFOOD,4.8036
2026-09-24,15:29,JUBLPHARMA,5.3578
2026-09-24,15:29,JUNIPER,9.7483
2026-09-24,15:29,JUSTDIAL,29.7597
2026-09-24,15:29,JYOTICNC,57.3461
2026-09-24,15:29,KABRAEXTRU,252.4243
2026-09-24,15:29,KAJARIACER,16.6285
2026-09-24,15:29,KALYANKJIL,65.7324
2026-09-24,15:29,KAMATHOTEL,45.4877
2026-09-24,15:29,KAMDHENU,66.145
2026-09-24,15:29,KANORICHEM,107.4713
2026-09-24,15:29,KANPRPLA,34.1819
2026-09-24,15:29,KAPSTON,82.7695
2026-09-24,15:29,KARURVYSYA,11.3014
2026-09-24,15:29,KAYNES,12.5489
2026-09-24,15:29,KDDL,87.5364
2026-09-24,15:29,KECL,11.4592
2026-09-24,15:29,KENNAMET,49.567
2026-09-24,15:29,KERNEX,25.2799
2026-09-24,15:29,KFINTECH,10.4082
2026-09-24,15:29,KICL,4.9161
2026-09-24,15:29,KILITCH,28.4928
2026-09-24,15:29,KIMS,11.6621
2026-09-24,15:29,KINGFA,17.4391
2026-09-24,15:29,KIRANVYPAR,11.1226
2026-09-24,15:29,KIRIINDUS,45.4097
2026-09-24,15:29,KIRLFER,12.2667
2026-09-24,15:29,KIRLOSBROS,8.1987
2026-09-24,15:29,KIRLOSENG,27.3235
2026-09-24,15:29,KIRLOSIND,19.0359
2026-09-24,15:29,KISSHT,63.065
2026-09-24,15:29,KKCL,6.8047
2026-09-24,15:29,KLBRENG-B,8.0534
2026-09-24,15:29,KMEW,40.3136
2026-09-24,15:29,KNAGRI,11.562
2026-09-24,15:29,KOLTEPATIL,14.1479
2026-09-24,15:29,KOPRAN,63.9385
2026-09-24,15:29,KOTAKBANK,3.3691
2026-09-24,15:29,KOTHARIPET,1.4612
2026-09-24,15:29,KOVAI,13.761
2026-09-24,15:29,KPIL,12.9985
2026-09-24,15:29,KPL,98.3283
2026-09-24,15:29,KPRMILL,22.1406
2026-09-24,15:29,KRBL,21.1623
2026-09-24,15:29,KRISHANA,38.6459
2026-09-24,15:29,KRN,28.0702
2026-09-24,15:29,KRONOX,49.6539
2026-09-24,15:29,KROSS,47.9053
2026-09-24,15:29,KRYSTAL,9.9138
2026-09-24,15:29,KSHINTL,62.7651
2026-09-24,15:29,KSL,21.0487
2026-09-24,15:29,KTKBANK,39.2423
2026-09-24,15:29,KUANTUM,5.0859
2026-09-24,15:29,KWIL,54.3495
2026-09-24,15:29,LALPATHLAB,19.1338
2026-09-24,15:29,LANDMARK,32.7497
2026-09-24,15:29,LAURUSLABS,52.6558
2026-09-24,15:29,LAXMIINDIA,0.7936
2026-09-24,15:29,LENSKART,41.9423
2026-09-24,15:29,LGBBROSLTD,12.9863
2026-09-24,15:29,LGEINDIA,11.4049
2026-09-24,15:29,LICHSGFIN,3.4277
2026-09-24,15:29,LICI,2.603
2026-09-24,15:29,LIKHITHA,16.105
2026-09-24,15:29,LLOYDSENGG,32.079
2026-09-24,15:29,LLOYDSENT,9.5204
2026-09-24,15:29,LLOYDSME,7.3537
2026-09-24,15:29,LMW,16.9054
2026-09-24,15:29,LODHA,35.0044
2026-09-24,15:29,LOKESHMACH,40.9487
2026-09-24,15:29,LOTUSDEV,58.3532
2026-09-24,15:29,LTF,1.1659
2026-09-24,15:29,LTFOODS,4.9314
2026-09-24,15:29,LUMAXIND,11.0519
2026-09-24,15:29,LUMAXTECH,26.9826
2026-09-24,15:29,LXCHEM,19.538
2026-09-24,15:29,M&MFIN,7.1395
2026-09-24,15:29,MACPOWER,87.0496
2026-09-24,15:29,MAGADSUGAR,9.1935
2026-09-24,15:29,MAHABANK,5.8869
2026-09-24,15:29,MAHASTEEL,50.4812
2026-09-24,15:29,MAHLIFE,9.4141
2026-09-24,15:29,MAHLOG,16.5672
2026-09-24,15:29,MAHSCOOTER,11.5553
2026-09-24,15:29,MAHSEAMLES,11.3022
2026-09-24,15:29,MAITHANALL,1.2644
2026-09-24,15:29,MAMATA,0.4353
2026-09-24,15:29,MANAKCOAT,32.0048
2026-09-24,15:29,MANAKSTEEL,64.8483
2026-09-24,15:29,MANALIPETC,50.3792
2026-09-24,15:29,MANAPPURAM,6.1581
2026-09-24,15:29,MANBA,32.794
2026-09-24,15:29,MANGLMCEM,21.0894
2026-09-24,15:29,MANINDS,73.831
2026-09-24,15:29,MANINFRA,4.327
2026-09-24,15:29,MANKIND,0.1723
2026-09-24,15:29,MANORAMA,37.3632
2026-09-24,15:29,MANYAVAR,21.5693
2026-09-24,15:29,MARINE,79.5376
2026-09-24,15:29,MARKSANS,55.0409
2026-09-24,15:29,MATRIMONY,27.6336
2026-09-24,15:29,MAWANASUG,27.3011
2026-09-24,15:29,MAXESTATES,57.0265
2026-09-24,15:29,MAYURUNIQ,20.1508
2026-09-24,15:29,MAZDA,37.6498
2026-09-24,15:29,MBAPL,55.9304
2026-09-24,15:29,MBECL,11864.1709
2026-09-24,15:29,MCCHRLS-B,1.0284
2026-09-24,15:29,MCLOUD,1.2607
2026-09-24,15:29,MCX,2.3683
2026-09-24,15:29,MEDANTA,21.5462
2026-09-24,15:29,MEESHO,22.2899
2026-09-24,15:29,MENONBE,104.8551
2026-09-24,15:29,METROPOLIS,14.8896
2026-09-24,15:29,MGL,1.9741
2026-09-24,15:29,MIDHANI,2.2876
2026-09-24,15:29,MINDACORP,32.0074
2026-09-24,15:29,MMFL,39.1981
2026-09-24,15:29,MMP,64.5462
2026-09-24,15:29,MOBIKWIK,7.8193
2026-09-24,15:29,MODIS,3.0793
2026-09-24,15:29,MODISONLTD,173.8459
2026-09-24,15:29,MOL,20.7379
2026-09-24,15:29,MOLDTECH,63.4126
2026-09-24,15:29,MONARCH,16.0083
2026-09-24,15:29,MOREPENLAB,182.3245
2026-09-24,15:29,MOSCHIP,0.2763
2026-09-24,15:29,MOTHERSON,26.2136
2026-09-24,15:29,MOTILALOFS,22.4979
2026-09-24,15:29,MPHASIS,4.6404
2026-09-24,15:29,MPSLTD,44.9299
2026-09-24,15:29,MRPL,10.962
2026-09-24,15:29,MSTCLTD,76.9056
2026-09-24,15:29,MUFIN,13.5107
2026-09-24,15:29,MUKANDLTD,4.2363
2026-09-24,15:29,MUKKA,17.9756
2026-09-24,15:29,MUNJALAU,20.775
2026-09-24,15:29,MUTHOOTMF,3.3472
2026-09-24,15:29,MVGJL,38.1351
2026-09-24,15:29,NAHARINDUS,18.8458
2026-09-24,15:29,NAHARSPING,6.9565
2026-09-24,15:29,NAM-INDIA,5.7156
2026-09-24,15:29,NAUKRI,32.1886
2026-09-24,15:29,NAVINFLUOR,22.5433
2026-09-24,15:29,NAZARA,25.2885
2026-09-24,15:29,NCLIND,5.9833
2026-09-24,15:29,NELCO,50.9653
2026-09-24,15:29,NEOGEN,37.5495
2026-09-24,15:29,NEPHROPLUS,10.2136
2026-09-24,15:29,NETWEB,22.4744
2026-09-24,15:29,NEULANDLAB,34.1643
2026-09-24,15:29,NEWGEN,7.585
2026-09-24,15:29,NGLFINE,28.6737
2026-09-24,15:29,NH,0.6162
2026-09-24,15:29,NIACL,10.9539
2026-09-24,15:29,NIBE,22.009
2026-09-24,15:29,NIITLTD,45.4693
2026-09-24,15:29,NILKAMAL,50.4913
2026-09-24,15:29,NINSYS,22.2022
2026-09-24,15:29,NIRLON,0.4716
2026-09-24,15:29,NITINSPIN,22.3457
2026-09-24,15:29,NITTAGELA,29.4463
2026-09-24,15:29,NOCIL,18.3966
2026-09-24,15:29,NORTHARC,10.7254
2026-09-24,15:29,NOVARTIND,66.8839
2026-09-24,15:29,NPST,75.3197
2026-09-24,15:29,NRAIL,39.5362
2026-09-24,15:29,NRBBEARING,48.7973
2026-09-24,15:29,NRL,212.0272
2026-09-24,15:29,NSIL,1.5691
2026-09-24,15:29,NUVAMA,17.7688
2026-09-24,15:29,NUVOCO,6.6539
2026-09-24,15:29,NYKAA,22.9556
2026-09-24,15:29,OAL,79.2558
2026-09-24,15:29,OBEROIRLTY,14.7935
2026-09-24,15:29,OCCLLTD,74.792
2026-09-24,15:29,OFSS,16.1184
2026-09-24,15:29,OLAELEC,21.7292
2026-09-24,15:29,OLECTRA,3.2622
2026-09-24,15:29,OMAXE,56.5593
2026-09-24,15:29,OMNI,39.9361
2026-09-24,15:29,ONEPOINT,15.2861
2026-09-24,15:29,ONWARDTEC,14.4605
2026-09-24,15:29,OPTIEMUS,88.2679
2026-09-24,15:29,ORBTEXP,45.3451
2026-09-24,15:29,ORCHPHARMA,53.727
2026-09-24,15:29,ORIENTBELL,19.9724
2026-09-24,15:29,ORIENTCER,17.2509
2026-09-24,15:29,ORIENTHOT,43.9069
2026-09-24,15:29,PAISALO,92.4484
2026-09-24,15:29,PANACHE,39.1434
2026-09-24,15:29,PANAMAPET,59.2182
2026-09-24,15:29,PARACABLES,10.3063
2026-09-24,15:29,PARADEEP,27.7387
2026-09-24,15:29,PARAGMILK,21.1382
2026-09-24,15:29,PARAS,80.6738
2026-09-24,15:29,PARKHOSPS,18.8738
2026-09-24,15:29,PASUPTAC,44.249
2026-09-24,15:29,PATELENG,7.9142
2026-09-24,15:29,PATELRMART,4.0875
2026-09-24,15:29,PAUSHAKLTD,48.1805
2026-09-24,15:29,PAYTM,57.0446
2026-09-24,15:29,PCBL,26.5794
2026-09-24,15:29,PDMJEPAPER,22.4974
2026-09-24,15:29,PDSL,21.0739
2026-09-24,15:29,PENIND,17.4056
2026-09-24,15:29,PERSISTENT,6.7333
2026-09-24,15:29,PETRONET,8.0898
2026-09-24,15:29,PFOCUS,35.4366
2026-09-24,15:29,PGEL,12.1784
2026-09-24,15:29,PGHL,3.0733
2026-09-24,15:29,PGIL,59.2597
2026-09-24,15:29,PHOENIXLTD,13.3596
2026-09-24,15:29,PICCADIL,3.6708
2026-09-24,15:29,PIDILITIND,4.951
2026-09-24,15:29,PINELABS,16.7763
2026-09-24,15:29,PITTIENG,26.2025
2026-09-24,15:29,PIXTRANS,14.239
2026-09-24,15:29,PNB,17.7204
2026-09-24,15:29,PNBGILTS,3.5739
2026-09-24,15:29,PNBHOUSING,4.7168
2026-09-24,15:29,PNGJL,8.4273
2026-09-24,15:29,PNGSREVA,43.1675
2026-09-24,15:29,POLYMED,18.1655
2026-09-24,15:29,POLYPLEX,25.9281
2026-09-24,15:29,POONAWALLA,12.4413
2026-09-24,15:29,POWERICA,5.2843
2026-09-24,15:29,POWERMECH,1.9171
2026-09-24,15:29,PPL,46.8688
2026-09-24,15:29,PPLPHARMA,18.8714
2026-09-24,15:29,PRABHA,30.4669
2026-09-24,15:29,PRADPME,30.823
2026-09-24,15:29,PRAVEG,5.1287
2026-09-24,15:29,PRECOT,0.7223
2026-09-24,15:29,PRECWIRE,30.8094
2026-09-24,15:29,PREMEXPLN,28.8582
2026-09-24,15:29,PREMIERPOL,97.7765
2026-09-24,15:29,PRESTIGE,9.8533
2026-09-24,15:29,PRICOLLTD,37.9821
2026-09-24,15:29,PRIMESECU,9.2998
2026-09-24,15:29,PRINCEPIPE,2.7487
2026-09-24,15:29,PRIVISCL,14.288
2026-09-24,15:29,PROTEAN,21.8006
2026-09-24,15:29,PROZONER,7.439
2026-09-24,15:29,PRUDENT,16.7749
2026-09-24,15:29,PSPPROJECT,6.0798
2026-09-24,15:29,PTCIL,34.2604
2026-09-24,15:29,PUNJABCHEM,3.648
2026-09-24,15:29,PURVA,0.9292
2026-09-24,15:29,PVP,142.4693
2026-09-24,15:29,PVRINOX,24.685
2026-09-24,15:29,PWL,20.1776
2026-09-24,15:29,PYRAMID,3.8514
2026-09-24,15:29,QPOWER,42.4732
2026-09-24,15:29,QUADFUTURE,75.1794
2026-09-24,15:29,QUESS,76.8857
2026-09-24,15:29,RACLGEAR,34.2766
2026-09-24,15:29,RADHIKAJWE,26.6858
2026-09-24,15:29,RADICO,29.092
2026-09-24,15:29,RAIN,42.961
2026-09-24,15:29,RAINBOW,4.5364
2026-09-24,15:29,RAJOOENG,1.6506
2026-09-24,15:29,RAJRATAN,18.4864
2026-09-24,15:29,RAJRILTD,0.7346
2026-09-24,15:29,RAMCOIND,20.1867
2026-09-24,15:29,RAMCOSYS,51.1177
2026-09-24,15:29,RAMRAT,29.5688
2026-09-24,15:29,RANEHOLDIN,5.4072
2026-09-24,15:29,RATEGAIN,27.8411
2026-09-24,15:29,RATNAMANI,14.507
2026-09-24,15:29,RATNAVEER,77.5263
2026-09-24,15:29,RAYMOND,139.5483
2026-09-24,15:29,RAYMONDREL,22.745
2026-09-24,15:29,RBA,33.4855
2026-09-24,15:29,RBLBANK,26.766
2026-09-24,15:29,RBZJEWEL,38.2837
2026-09-24,15:29,REDINGTON,85.7659
2026-09-24,15:29,REFEX,5.5504
2026-09-24,15:29,REGAAL,20.9746
2026-09-24,15:29,RELAXO,1.5315
2026-09-24,15:29,RELIGARE,10.2385
2026-09-24,15:29,RELTD,15.8603
2026-09-24,15:29,RGL,66.7335
2026-09-24,15:29,RHIM,0.7878
2026-09-24,15:29,RICOAUTO,18.1892
2026-09-24,15:29,RISHABH,51.2397
2026-09-24,15:29,RITCO,7.7346
2026-09-24,15:29,RKFORGE,25.6285
2026-09-24,15:29,RMDRIP,22.7795
2026-09-24,15:29,RML,53.5895
2026-09-24,15:29,ROLEXRINGS,26.7981
2026-09-24,15:29,ROSSTECH,63.7885
2026-09-24,15:29,ROTO,12.5684
2026-09-24,15:29,RPEL,97.8219
2026-09-24,15:29,RPGLIFE,26.0388
2026-09-24,15:29,RPTECH,70.9063
2026-09-24,15:29,RRKABEL,29.8732
2026-09-24,15:29,RSL,36.7717
2026-09-24,15:29,RSWM,39.9619
2026-09-24,15:29,RUBICON,68.0469
2026-09-24,15:29,RUBYMILLS,119.6855
2026-09-24,15:29,SAATVIKGL,0.3782
2026-09-24,15:29,SAFARI,3.8418
2026-09-24,15:29,SAGILITY,8.7482
2026-09-24,15:29,SAILIFE,43.2974
2026-09-24,15:29,SAIPARENT,5.8086
2026-09-24,15:29,SAKAR,44.6952
2026-09-24,15:29,SAKSOFT,7.7067
2026-09-24,15:29,SALSTEEL,46.0569
2026-09-24,15:29,SAMBHV,42.6859
2026-09-24,15:29,SAMHI,10.6054
2026-09-24,15:29,SAMMAANCAP,0.6517
2026-09-24,15:29,SANATHAN,24.5734
2026-09-24,15:29,SANDESH,1.6231
2026-09-24,15:29,SANDHAR,12.0923
2026-09-24,15:29,SANGAMIND,19.4273
2026-09-24,15:29,SANGHVIMOV,45.0691
2026-09-24,15:29,SANSERA,92.5016
2026-09-24,15:29,SANSTAR,0.0366
2026-09-24,15:29,SAPPHIRE,25.1733
2026-09-24,15:29,SAREGAMA,27.0422
2026-09-24,15:29,SARLAPOLY,7.6666
2026-09-24,15:29,SATIA,7.2425
2026-09-24,15:29,SATIN,3.0907
2026-09-24,15:29,SAYAJIHOTL,17.9441
2026-09-24,15:29,SBC,42.2518
2026-09-24,15:29,SBCL,91.8282
2026-09-24,15:29,SBIN,4.1622
2026-09-24,15:29,SCHAEFFLER,1.2581
2026-09-24,15:29,SCHNEIDER,1.4737
2026-09-24,15:29,SCPL,45.0874
2026-09-24,15:29,SEAMECLTD,15.9507
2026-09-24,15:29,SEDEMAC,67.9643
2026-09-24,15:29,SENCO,1.6641
2026-09-24,15:29,SENORES,19.0173
2026-09-24,15:29,SESHAPAPER,6.4318
2026-09-24,15:29,SETL,192.2016
2026-09-24,15:29,SFL,7.3709
2026-09-24,15:29,SGFIN,9.5819
2026-09-24,15:29,SGIL,14.21
2026-09-24,15:29,SGMART,22.2866
2026-09-24,15:29,SHADOWFAX,53.9788
2026-09-24,15:29,SHAILY,15.6442
2026-09-24,15:29,SHALPAINTS,56.2691
2026-09-24,15:29,SHANTIGEAR,51.2829
2026-09-24,15:29,SHANTIGOLD,33.922
2026-09-24,15:29,SHARDAMOTR,9.8755
2026-09-24,15:29,SHAREINDIA,51.9728
2026-09-24,15:29,SHILCTECH,3.2814
2026-09-24,15:29,SHILPAMED,111.5288
2026-09-24,15:29,SHINDL,7.8656
2026-09-24,15:29,SHIVALIK,63.1704
2026-09-24,15:29,SHIVAUM,57.9077
2026-09-24,15:29,SHK,16.0165
2026-09-24,15:29,SHOPERSTOP,17.8785
2026-09-24,15:29,SHREEJISPG,68.1201
2026-09-24,15:29,SHREEPUSHK,27.6157
2026-09-24,15:29,SHREERAMA,6.0943
2026-09-24,15:29,SHRINGARMS,2.7665
2026-09-24,15:29,SHRIPISTON,34.603
2026-09-24,15:29,SHRIRAMFIN,6.0298
2026-09-24,15:29,SHYAMMETL,23.8256
2026-09-24,15:29,SICALLOG,40.5113
2026-09-24,15:29,SIEMENS,8.6758
2026-09-24,15:29,SIGACHI,51.8797
2026-09-24,15:29,SIGMAADV,210.2925
2026-09-24,15:29,SIGNPOST,1.0932
2026-09-24,15:29,SIKA,16.8129
2026-09-24,15:29,SILVERTUC,2.8016
2026-09-24,15:29,SIMPLEXINF,18.694
2026-09-24,15:29,SINDHUTRAD,5.7666
2026-09-24,15:29,SIS,6.0441
2026-09-24,15:29,SJS,21.0794
2026-09-24,15:29,SKFINDUS,41.9939
2026-09-24,15:29,SKIPPER,22.4451
2026-09-24,15:29,SKMEGGPROD,23.4923
2026-09-24,15:29,SKYGOLD,76.9013
2026-09-24,15:29,SMARTWORKS,28.3673
2026-09-24,15:29,SMCGLOBAL,34.7964
2026-09-24,15:29,SMLMAH,88.5171
2026-09-24,15:29,SMSPHARMA,19.108
2026-09-24,15:29,SOFTTECH,19.9753
2026-09-24,15:29,SOLARA,29.5716
2026-09-24,15:29,SOLARINDS,8.1081
2026-09-24,15:29,SOMANYCERA,34.9742
2026-09-24,15:29,SONACOMS,43.8287
2026-09-24,15:29,SONATSOFTW,5.6742
2026-09-24,15:29,SOTL,77.6067
2026-09-24,15:29,SOUTHBANK,30.4575
2026-09-24,15:29,SPAL,25.545
2026-09-24,15:29,SPARC,25.7351
2026-09-24,15:29,SPECIALITY,51.098
2026-09-24,15:29,SPECTRUM,139.0187
2026-09-24,15:29,SPLPETRO,27.0889
2026-09-24,15:29,SPORTKING,45.6046
2026-09-24,15:29,SREEL,57.7348
2026-09-24,15:29,SRHHYPOLTD,21.7099
2026-09-24,15:29,SSWL,79.3515
2026-09-24,15:29,STALLION,53.4107
2026-09-24,15:29,STAR,4.4641
2026-09-24,15:29,STARHEALTH,10.1681
2026-09-24,15:29,STEELCAS,29.5438
2026-09-24,15:29,STEL,40.8937
2026-09-24,15:29,STLNETWORK,103.2434
2026-09-24,15:29,STLTECH,95.2477
2026-09-24,15:29,STOVEKRAFT,50.3076
2026-09-24,15:29,STYL,39.6704
2026-09-24,15:29,STYLAMIND,18.2978
2026-09-24,15:29,STYLEBAAZA,0.0946
2026-09-24,15:29,SUBEXLTD,104.0394
2026-09-24,15:29,SUDARCOLOR,9.2
2026-09-24,15:29,SUDARSCHEM,42.1403
2026-09-24,15:29,SUDEEPPHRM,76.1109
2026-09-24,15:29,SUMICHEM,0.0111
2026-09-24,15:29,SUNDRMFAST,40.783
2026-09-24,15:29,SUNDROP,10.7742
2026-09-24,15:29,SUNFLAG,11.6331
2026-09-24,15:29,SUPRAJIT,17.4065
2026-09-24,15:29,SUPREMEINF,0.6259
2026-09-24,15:29,SUPRIYA,40.6067
2026-09-24,15:29,SURAJEST,2.8595
2026-09-24,15:29,SURAKSHA,18.8449
2026-09-24,15:29,SUTLEJTEX,4.2524
2026-09-24,15:29,SUVEN,32.6563
2026-09-24,15:29,SVLL,47.1042
2026-09-24,15:29,SWANDEF,43.7811
2026-09-24,15:29,SWIGGY,5.2538
2026-09-24,15:29,SYNCOMF,43.6872
2026-09-24,15:29,SYRMA,75.1224
2026-09-24,15:29,SYSTMTXC,15.1325
2026-09-24,15:29,TAJGVK,7.3041
2026-09-24,15:29,TALBROAUTO,45.1261
2026-09-24,15:29,TARC,0.4348
2026-09-24,15:29,TARSONS,63.6901
2026-09-24,15:29,TASTYBITE,33.8243
2026-09-24,15:29,TATACAP,10.9919
2026-09-24,15:29,TATACOMM,0.0959
2026-09-24,15:29,TATATECH,14.0372
2026-09-24,15:29,TATVA,38.023
2026-09-24,15:29,TBOTEK,49.1777
2026-09-24,15:29,TBZ,417.0472
2026-09-24,15:29,TCPLPACK,59.4375
2026-09-24,15:29,TDPOWERSYS,11.747
2026-09-24,15:29,TECHM,7.9021
2026-09-24,15:29,TEGA,32.5193
2026-09-24,15:29,TEJASNET,17.0827
2026-09-24,15:29,TEXINFRA,24.1257
2026-09-24,15:29,TEXRAIL,14.8591
2026-09-24,15:29,TFCILTD,96.2786
2026-09-24,15:29,THANGAMAYL,43.703
2026-09-24,15:29,THEJO,28.2934
2026-09-24,15:29,THELEELA,28.9948
2026-09-24,15:29,THEMISMED,22.0546
2026-09-24,15:29,THOMASCOOK,11.892
2026-09-24,15:29,THYROCARE,25.3317
2026-09-24,15:29,TI,38.7695
2026-09-24,15:29,TIIL,17.5347
2026-09-24,15:29,TIL,36.0961
2026-09-24,15:29,TIMETECHNO,3.4441
2026-09-24,15:29,TIMEX,111.3275
2026-09-24,15:29,TINNARUBR,33.4057
2026-09-24,15:29,TIPSMUSIC,3.3081
2026-09-24,15:29,TIRUPATIFL,94.2364
2026-09-24,15:29,TITAGARH,8.7765
2026-09-24,15:29,TITAN,15.8956
2026-09-24,15:29,TMB,30.1128
2026-09-24,15:29,TMCV,15.1001
2026-09-24,15:29,TNPETRO,41.6713
2026-09-24,15:29,TNPL,1.3473
2026-09-24,15:29,TORNTPHARM,12.172
2026-09-24,15:29,TPLPLASTEH,4.146
2026-09-24,15:29,TRANSPEK,15.2332
2026-09-24,15:29,TRAVELFOOD,14.1058
2026-09-24,15:29,TREL,14.5447
2026-09-24,15:29,TRENT,0.439
2026-09-24,15:29,TRIVENI,5.4573
2026-09-24,15:29,TSFINV,17.9706
2026-09-24,15:29,TTKHLTCARE,17.5862
2026-09-24,15:29,TVSMOTOR,24.3087
2026-09-24,15:29,TVSSCS,18.2543
2026-09-24,15:29,TVSSRICHAK,25.9959
2026-09-24,15:29,UDS,17.582
2026-09-24,15:29,UEL,27.6744
2026-09-24,15:29,UFBL,98.3267
2026-09-24,15:29,UFLEX,67.5871
2026-09-24,15:29,UGARSUGAR,32.4074
2026-09-24,15:29,UJJIVANSFB,15.771
2026-09-24,15:29,ULTRAMAR,0.9411
2026-09-24,15:29,UNICHEMLAB,47.393
2026-09-24,15:29,UNIMECH,82.1636
2026-09-24,15:29,UNIONBANK,12.9398
2026-09-24,15:29,UNIPARTS,59.6302
2026-09-24,15:29,UNITDSPR,8.1782
2026-09-24,15:29,UNITEDPOLY,41.204
2026-09-24,15:29,UNIVASTU,101.3179
2026-09-24,15:29,UNIVCABLES,55.4622
2026-09-24,15:29,UNIVPHOTO,24.6825
2026-09-24,15:29,UNOMINDA,14.6657
2026-09-24,15:29,URBANCO,40.0785
2026-09-24,15:29,USHAMART,11.4971
2026-09-24,15:29,UTLSOLAR,64.447
2026-09-24,15:29,UTTAMSUGAR,11.4684
2026-09-24,15:29,VADILALIND,79.9874
2026-09-24,15:29,VALIANTLAB,63.8723
2026-09-24,15:29,VALIANTORG,36.2312
2026-09-24,15:29,VARROC,51.6238
2026-09-24,15:29,VASCONEQ,1.0932
2026-09-24,15:29,VELJAN,105.5975
2026-09-24,15:29,VENKEYS,10.6449
2026-09-24,15:29,VENUSPIPES,70.0817
2026-09-24,15:29,VENUSREM,69.7185
2026-09-24,15:29,VERANDA,0.0043
2026-09-24,15:29,VIDHIING,22.3997
2026-09-24,15:29,VIJAYA,17.1707
2026-09-24,15:29,VIMTALABS,34.3451
2026-09-24,15:29,VINCOFE,45.7986
2026-09-24,15:29,VINDHYATEL,72.5267
2026-09-24,15:29,VIPIND,2.9065
2026-09-24,15:29,VISAKAIND,23.7952
2026-09-24,15:29,VISHNU,21.4175
2026-09-24,15:29,VIYASH,9.1006
2026-09-24,15:29,VLSFINANCE,4.0612
2026-09-24,15:29,VMART,21.0325
2026-09-24,15:29,VOLTAMP,14.7518
2026-09-24,15:29,VRLLOG,19.6758
2026-09-24,15:29,VSSL,46.1039
2026-09-24,15:29,WABAG,47.4709
2026-09-24,15:29,WELCORP,107.4274
2026-09-24,15:29,WELENT,53.2004
2026-09-24,15:29,WELINV,44.8361
2026-09-24,15:29,WELSPLSOL,30.073
2026-09-24,15:29,WELSPUNLIV,60.3231
2026-09-24,15:29,WENDT,25.6337
2026-09-24,15:29,WESTLIFE,21.9212
2026-09-24,15:29,WEWORK,34.6905
2026-09-24,15:29,WHEELS,37.1055
2026-09-24,15:29,WINDLAS,40.9173
2026-09-24,15:29,WINDMACHIN,8.589
2026-09-24,15:29,WOCKPHARMA,45.5743
2026-09-24,15:29,WONDERLA,6.306
2026-09-24,15:29,WSTCSTPAPR,58.2226
2026-09-24,15:29,XPROINDIA,13.6963
2026-09-24,15:29,YASHO,136.7506
2026-09-24,15:29,YATHARTH,43.1045
2026-09-24,15:29,YATRA,12.1296
2026-09-24,15:29,YESBANK,2.8886
2026-09-24,15:29,YUKEN,69.2048
2026-09-24,15:29,ZENTEC,5.6968
2026-09-24,15:29,ZFSTEERING,4.1675
2026-09-24,15:29,ZIMLAB,41.4844
2026-09-24,15:29,ZOTA,12.151
2026-09-24,15:29,ZSARACOM,0.4899
2026-09-24,15:29,ZUARI,2.0607
2026-09-24,15:29,ZUARIIND,15.5433
2026-09-24,15:29,ZYDUSLIFE,19.0899
2026-09-24,15:29,ZYDUSWELL,4.943
2026-09-25,15:29,20MICRONS,31.723
2026-09-25,15:29,3BBLACKBIO,14.6975
2026-09-25,15:29,3IINFOLTD,38.2737
2026-09-25,15:29,3MINDIA,6.6489
2026-09-25,15:29,63MOONS,22.9782
2026-09-25,15:29,AARTIDRUGS,12.9642
2026-09-25,15:29,AARTIIND,4.2621
2026-09-25,15:29,AARTIPHARM,33.0996
2026-09-25,15:29,ABB,11.4315
2026-09-25,15:29,ABCAPITAL,11.0478
2026-09-25,15:29,ABDL,34.5343
2026-09-25,15:29,ACCELYA,-0.9105
2026-09-25,15:29,ACE,39.0782
2026-09-25,15:29,ACMESOLAR,56.5848
2026-09-25,15:29,ACSTECH,153.5457
2026-09-25,15:29,ACUTAAS,13.3726
2026-09-25,15:29,ADANIENSOL,0.6769
2026-09-25,15:29,ADANIENT,7.0275
2026-09-25,15:29,ADANIPORTS,1.4295
2026-09-25,15:29,ADFFOODS,0.5387
2026-09-25,15:29,ADOR,55.3165
2026-09-25,15:29,ADVAIT,0.8252
2026-09-25,15:29,ADVANCE,22.3614
2026-09-25,15:29,AEGISLOG,94.9179
2026-09-25,15:29,AEGISVOPAK,44.3998
2026-09-25,15:29,AEQUS,24.4751
2026-09-25,15:29,AEROENTER,25.3892
2026-09-25,15:29,AEROFLEX,37.6899
2026-09-25,15:29,AETHER,61.2373
2026-09-25,15:29,AFFLE,8.2899
2026-09-25,15:29,AFSL,0
2026-09-25,15:29,AGARWALEYE,9.4451
2026-09-25,15:29,AGI,39.036
2026-09-25,15:29,AHCL,133.9272
2026-09-25,15:29,AIIL,12.6636
2026-09-25,15:29,AJANTPHARM,9.2236
2026-09-25,15:29,AJAXENGG,6.9982
2026-09-25,15:29,AJMERA,0.633
2026-09-25,15:29,AKCAPIT,9.6319
2026-09-25,15:29,AKUMS,57.6664
2026-09-25,15:29,ALEMBICLTD,18.5775
2026-09-25,15:29,ALGOQUANT,23.6612
2026-09-25,15:29,ALICON,11.7908
2026-09-25,15:29,ALIVUS,28.636
2026-09-25,15:29,ALKYLAMINE,4.6085
2026-09-25,15:29,AMAGI,41.5591
2026-09-25,15:29,AMANTA,40.5258
2026-09-25,15:29,AMBIKCO,1.0391
2026-09-25,15:29,ANANDRATHI,19.2587
2026-09-25,15:29,ANANTRAJ,27.9718
2026-09-25,15:29,ANDHRAPAP,17.0566
2026-09-25,15:29,ANDHRSUGAR,5.054
2026-09-25,15:29,ANDREWYU,5.2632
2026-09-25,15:29,ANTELOPUS,68.1594
2026-09-25,15:29,ANTHEM,10.9545
2026-09-25,15:29,ANUHPHR,13.3651
2026-09-25,15:29,APARINDS,44.2038
2026-09-25,15:29,APCOTEXIND,17.8877
2026-09-25,15:29,APLAPOLLO,18.7825
2026-09-25,15:29,APLLTD,14.998
2026-09-25,15:29,APOLLO,16.1139
2026-09-25,15:29,APOLLOHOSP,10.7526
2026-09-25,15:29,APOLLOPIPE,0.4616
2026-09-25,15:29,APOLLOTYRE,7.5827
2026-09-25,15:29,ARFIN,1.233
2026-09-25,15:29,ARIES,32.8002
2026-09-25,15:29,ARIHANT,5.0038
2026-09-25,15:29,ARIHANTCAP,35.4127
2026-09-25,15:29,ARIHANTSUP,-0.9994
2026-09-25,15:29,ARIS,12.1782
2026-09-25,15:29,ARKADE,9.9159
2026-09-25,15:29,ARMANFIN,12.1046
2026-09-25,15:29,ARROWGREEN,93.6711
2026-09-25,15:29,ARTEMISMED,29.9688
2026-09-25,15:29,ARVIND,13.0198
2026-09-25,15:29,ARVSMART,4.1645
2026-09-25,15:29,ASAHIINDIA,14.5867
2026-09-25,15:29,ASHIANA,6.9282
2026-09-25,15:29,ASHOKLEY,5.0865
2026-09-25,15:29,ASIANENE,52.4219
2026-09-25,15:29,ASIANHOTNR,33.6553
2026-09-25,15:29,ASKAUTOLTD,41.5424
2026-09-25,15:29,ASTAR,7.5006
2026-09-25,15:29,ASTEC,0.0338
2026-09-25,15:29,ASTERDM,1.4021
2026-09-25,15:29,ASTRAMICRO,48.4763
2026-09-25,15:29,ATHERENERG,64.4513
2026-09-25,15:29,ATL,4.6607
2026-09-25,15:29,ATLANTAELE,2.7165
2026-09-25,15:29,AUBANK,4.7433
2026-09-25,15:29,AUROPHARMA,13.1676
2026-09-25,15:29,AURUM,26.7594
2026-09-25,15:29,AUTOAXLES,1.0222
2026-09-25,15:29,AVADHSUGAR,65.3004
2026-09-25,15:29,AVALON,71.6297
2026-09-25,15:29,AVANTEL,3.0395
2026-09-25,15:29,AVL,12.3402
2026-09-25,15:29,AVTNPL,35.9871
2026-09-25,15:29,AYE,20.8192
2026-09-25,15:29,AYMSYNTEX,29.0216
2026-09-25,15:29,AZAD,42.5883
2026-09-25,15:29,BAFNAPH,159.8931
2026-09-25,15:29,BAJAJ-AUTO,10.5439
2026-09-25,15:29,BAJAJFINSV,1.2116
2026-09-25,15:29,BAJAJHCARE,19.2688
2026-09-25,15:29,BAJAJHFL,-0.9058
2026-09-25,15:29,BAJAJHIND,17.2686
2026-09-25,15:29,BAJAJHLDNG,6.0797
2026-09-25,15:29,BAJEL,-0.437
2026-09-25,15:29,BAJFINANCE,7.9422
2026-09-25,15:29,BALAJITELE,1.9001
2026-09-25,15:29,BALAMINES,28.1367
2026-09-25,15:29,BALKRISIND,2.6927
2026-09-25,15:29,BALRAMCHIN,24.589
2026-09-25,15:29,BALUFORGE,7.9561
2026-09-25,15:29,BANCOINDIA,1.5748
2026-09-25,15:29,BANKINDIA,-0.5049
2026-09-25,15:29,BANSALWIRE,2.0156
2026-09-25,15:29,BCLIND,-0.2662
2026-09-25,15:29,BECTORFOOD,17.0612
2026-09-25,15:29,BEEKAY,9.4251
2026-09-25,15:29,BELRISE,18.469
2026-09-25,15:29,BEML,11.5035
2026-09-25,15:29,BEPL,34.2857
2026-09-25,15:29,BETA,76.0359
2026-09-25,15:29,BFINVEST,10.6692
2026-09-25,15:29,BFUTILITIE,-0.0476
2026-09-25,15:29,BHAGERIA,159.8275
2026-09-25,15:29,BHAGYANGR,48.534
2026-09-25,15:29,BHARATFORG,8.1139
2026-09-25,15:29,BHARATSE,18.0014
2026-09-25,15:29,BHEL,4.4503
2026-09-25,15:29,BIL,40.5129
2026-09-25,15:29,BIRLACABLE,124.9286
2026-09-25,15:29,BIRLANU,6.0124
2026-09-25,15:29,BLACKBUCK,12.4894
2026-09-25,15:29,BLACKROSE,12.94
2026-09-25,15:29,BLISSGVS,149.1867
2026-09-25,15:29,BLKASHYAP,-0.8588
2026-09-25,15:29,BLSE,61.3713
2026-09-25,15:29,BLUEJET,30.5238
2026-09-25,15:29,BLUESTONE,74.7759
2026-09-25,15:29,BLUSPRING,107.7595
2026-09-25,15:29,BODALCHEM,193.3353
2026-09-25,15:29,BOROLTD,13.0127
2026-09-25,15:29,BOSCH-HCIL,32.9712
2026-09-25,15:29,BOSCHLTD,29.9488
2026-09-25,15:29,BPCL,7.6977
2026-09-25,15:29,BRIGADE,20.5298
2026-09-25,15:29,BUILDPRO,13.3404
2026-09-25,15:29,CANBK,-0.9195
2026-09-25,15:29,CANHLIFE,9.3773
2026-09-25,15:29,CANTABIL,6.6201
2026-09-25,15:29,CAPILLARY,15.657
2026-09-25,15:29,CAPITALSFB,1.8735
2026-09-25,15:29,CAPLIPOINT,39.0982
2026-09-25,15:29,CARBORUNIV,18.7976
2026-09-25,15:29,CARTRADE,65.4963
2026-09-25,15:29,CARYSIL,15.746
2026-09-25,15:29,CASTROLIND,10.1901
2026-09-25,15:29,CDSL,8.9706
2026-09-25,15:29,CEATLTD,6.0051
2026-09-25,15:29,CEIGALL,17.8402
2026-09-25,15:29,CEMPRO,44.797
2026-09-25,15:29,CENTENKA,28.4188
2026-09-25,15:29,CENTUM,65.0729
2026-09-25,15:29,CGCL,39.0975
2026-09-25,15:29,CGPOWER,8.1279
2026-09-25,15:29,CHALET,10.0381
2026-09-25,15:29,CHEMBONDCH,37.2765
2026-09-25,15:29,CHEMCON,27.0578
2026-09-25,15:29,CHENNPETRO,40.1059
2026-09-25,15:29,CHEVIOT,-0.605
2026-09-25,15:29,CHOICEIN,13.9681
2026-09-25,15:29,CHOLAFIN,10.0106
2026-09-25,15:29,CIPLA,-0.7164
2026-09-25,15:29,CLEAN,5.7787
2026-09-25,15:29,CLEANMAX,13.8492
2026-09-25,15:29,CLSEL,14.0701
2026-09-25,15:29,COCKERILL,47.1154
2026-09-25,15:29,COFFEEDAY,25.1653
2026-09-25,15:29,COFORGE,26.3456
2026-09-25,15:29,COHANCE,7.2137
2026-09-25,15:29,COMSYN,84.8089
2026-09-25,15:29,CONCORDBIO,27.1185
2026-09-25,15:29,CONFIPET,36.424
2026-09-25,15:29,CONSOFINVT,23.3185
2026-09-25,15:29,COROMANDEL,4.6242
2026-09-25,15:29,CORONA,18.8517
2026-09-25,15:29,COSMOFIRST,4.6575
2026-09-25,15:29,CPPLUS,55.2566
2026-09-25,15:29,CRAFTSMAN,25.7615
2026-09-25,15:29,CREDITACC,-0.855
2026-09-25,15:29,CREST,2.8045
2026-09-25,15:29,CRISIL,9.818
2026-09-25,15:29,CUB,19.9203
2026-09-25,15:29,CUPID,136.1378
2026-09-25,15:29,CYIENT,20.8478
2026-09-25,15:29,CYIENTDLM,121.2352
2026-09-25,15:29,DALBHARAT,-0.7936
2026-09-25,15:29,DALMIASUG,25.1277
2026-09-25,15:29,DATAMATICS,9.1646
2026-09-25,15:29,DATAPATTNS,21.5793
2026-09-25,15:29,DBOL,14.167
2026-09-25,15:29,DCBBANK,20.9206
2026-09-25,15:29,DCMSIL,33.6623
2026-09-25,15:29,DCW,5.5459
2026-09-25,15:29,DDEVPLSTIK,7.6713
2026-09-25,15:29,DECNGOLD,56.7675
2026-09-25,15:29,DEEDEV,47.2103
2026-09-25,15:29,DEEPAKFERT,2.9672
2026-09-25,15:29,DEEPINDS,64.7716
2026-09-25,15:29,DELTACORP,10.4658
2026-09-25,15:29,DENTA,5.2291
2026-09-25,15:29,DEVYANI,13.7681
2026-09-25,15:29,DHAMPURSUG,20.6284
2026-09-25,15:29,DHARMAJ,10.8753
2026-09-25,15:29,DHUNINV,15.8143
2026-09-25,15:29,DIACABS,86.3534
2026-09-25,15:29,DIAMONDYD,9.5484
2026-09-25,15:29,DICIND,30.0773
2026-09-25,15:29,DIFFNKG,30.5581
2026-09-25,15:29,DIVGIITTS,70.8746
2026-09-25,15:29,DIVISLAB,39.171
2026-09-25,15:29,DIXON,21.1984
2026-09-25,15:29,DLF,18.2889
2026-09-25,15:29,DMCC,3.2809
2026-09-25,15:29,DODLA,0.9714
2026-09-25,15:29,DOLLAR,1.9989
2026-09-25,15:29,DOLPHIN,65.1928
2026-09-25,15:29,DPABHUSHAN,59.3638
2026-09-25,15:29,DRAGARWQ,1.9953
2026-09-25,15:29,DVL,24.2336
2026-09-25,15:29,DWARKESH,6.0057
2026-09-25,15:29,DYCL,54.7934
2026-09-25,15:29,DYNAMATECH,21.0696
2026-09-25,15:29,E2E,105.3628
2026-09-25,15:29,EBGNG,60.1436
2026-09-25,15:29,ECLERX,22.2036
2026-09-25,15:29,EDELWEISS,25.4861
2026-09-25,15:29,EFCIL,-0.8222
2026-09-25,15:29,EICHERMOT,6.9379
2026-09-25,15:29,EIEL,4.9174
2026-09-25,15:29,EIFFL,21.9917
2026-09-25,15:29,EIMCOELECO,44.8094
2026-09-25,15:29,ELANTAS,51.2998
2026-09-25,15:29,ELECTHERM,24.8892
2026-09-25,15:29,ELGIEQUIP,11.4397
2026-09-25,15:29,ELPROINTL,4.3362
2026-09-25,15:29,EMAMIPAP,44.6657
2026-09-25,15:29,EMCURE,14.0568
2026-09-25,15:29,EMIL,74.5445
2026-09-25,15:29,EMKAY,23.832
2026-09-25,15:29,EMMVEE,23.7363
2026-09-25,15:29,EMSLIMITED,11.6038
2026-09-25,15:29,EMUDHRA,40.5118
2026-09-25,15:29,ENDURANCE,3.9565
2026-09-25,15:29,ENGINERSIN,28.8367
2026-09-25,15:29,ENRIN,4.7258
2026-09-25,15:29,ENTERO,46.9075
2026-09-25,15:29,EPACKPEB,28.109
2026-09-25,15:29,EPL,9.6073
2026-09-25,15:29,ESAFSFB,53.51
2026-09-25,15:29,ETERNAL,35.5123
2026-09-25,15:29,ETHOSLTD,10.1579
2026-09-25,15:29,EVEREADY,0.2023
2026-09-25,15:29,EVERESTIND,15.8896
2026-09-25,15:29,EXICOM,39.2527
2026-09-25,15:29,EXIDEIND,22.9218
2026-09-25,15:29,FAIRCHEMOR,10.2076
2026-09-25,15:29,FCL,82.059
2026-09-25,15:29,FEDDERSHOL,88.9327
2026-09-25,15:29,FEDERALBNK,12.3517
2026-09-25,15:29,FEDFINA,-0.2565
2026-09-25,15:29,FILATEX,152.3956
2026-09-25,15:29,FINCABLES,38.3101
2026-09-25,15:29,FINEORG,11.2936
2026-09-25,15:29,FINKURVE,2.6207
2026-09-25,15:29,FINOPB,4.1328
2026-09-25,15:29,FISCHER,-0.8959
2026-09-25,15:29,FIVESTAR,14.8985
2026-09-25,15:29,FLUOROCHEM,18.4974
2026-09-25,15:29,FMGOETZE,6.7227
2026-09-25,15:29,FOSECOIND,32.4568
2026-09-25,15:29,FSL,7.1842
2026-09-25,15:29,GABRIEL,26.6046
2026-09-25,15:29,GAEL,1.7068
2026-09-25,15:29,GAIL,10.62
2026-09-25,15:29,GALAPREC,37.0399
2026-09-25,15:29,GALAXYSURF,24.6788
2026-09-25,15:29,GANDHAR,64.0747
2026-09-25,15:29,GANDHITUBE,10.7546
2026-09-25,15:29,GANECOS,-0.1941
2026-09-25,15:29,GANESHBE,37.6394
2026-09-25,15:29,GANESHHOU,3.7196
2026-09-25,15:29,GARFIBRES,20.4453
2026-09-25,15:29,GARUDA,4.0963
2026-09-25,15:29,GAUDIUMIVF,7.1216
2026-09-25,15:29,GAYAPROJ,33.2752
2026-09-25,15:29,GCSL,72.3233
2026-09-25,15:29,GEECEE,4.552
2026-09-25,15:29,GEMAROMA,1.826
2026-09-25,15:29,GENESYS,100.1189
2026-09-25,15:29,GEOJITFSL,8.68
2026-09-25,15:29,GFLLIMITED,26.5239
2026-09-25,15:29,GHCLTEXTIL,60.1289
2026-09-25,15:29,GIPCL,28.6535
2026-09-25,15:29,GKSL,24.2029
2026-09-25,15:29,GLAND,29.59
2026-09-25,15:29,GLAXO,17.8413
2026-09-25,15:29,GLOBAL,31.8788
2026-09-25,15:29,GLOTTIS,8.8587
2026-09-25,15:29,GMBREW,7.8508
2026-09-25,15:29,GMMPFAUDLR,73.8006
2026-09-25,15:29,GMRAIRPORT,3.9699
2026-09-25,15:29,GNA,69.5909
2026-09-25,15:29,GNFC,15.4501
2026-09-25,15:29,GNRL,3.7597
2026-09-25,15:29,GOCLCORP,29.7635
2026-09-25,15:29,GOCOLORS,22.529
2026-09-25,15:29,GODREJAGRO,14.9096
2026-09-25,15:29,GODREJPROP,-0.8919
2026-09-25,15:29,GOKEX,-0.2603
2026-09-25,15:29,GOODLUCK,16.0965
2026-09-25,15:29,GPPL,7.2626
2026-09-25,15:29,GPTHEALTH,12.9026
2026-09-25,15:29,GRANDOAK,32.8621
2026-09-25,15:29,GRANULES,13.3342
2026-09-25,15:29,GRAPHITE,9.7193
2026-09-25,15:29,GRASIM,8.7149
2026-09-25,15:29,GRAUWEIL,36.2328
2026-09-25,15:29,GREAVESCOT,38.0247
2026-09-25,15:29,GREENPLY,14.6707
2026-09-25,15:29,GRINDWELL,5.0482
2026-09-25,15:29,GROWW,0.3218
2026-09-25,15:29,GRPLTD,29.6032
2026-09-25,15:29,GRWRHITECH,19.8318
2026-09-25,15:29,GSPCROP,14.8174
2026-09-25,15:29,GUFICBIO,48.1125
2026-09-25,15:29,GUJTHEM,17.0526
2026-09-25,15:29,GULFOILLUB,22.148
2026-09-25,15:29,GVPIL,5.8396
2026-09-25,15:29,HAL,10.7726
2026-09-25,15:29,HALDYNGL,39.6371
2026-09-25,15:29,HAPPYFORGE,50.4118
2026-09-25,15:29,HARIOMPIPE,10.1679
2026-09-25,15:29,HARSHA,13.1782
2026-09-25,15:29,HATSUN,23.4428
2026-09-25,15:29,HAWKINCOOK,12.2307
2026-09-25,15:29,HBLENGINE,7.1524
2026-09-25,15:29,HCC,1.4797
2026-09-25,15:29,HCG,8.008
2026-09-25,15:29,HCLTECH,6.6644
2026-09-25,15:29,HEALTHX,1.1033
2026-09-25,15:29,HEG,23.3679
2026-09-25,15:29,HERITGFOOD,24.473
2026-09-25,15:29,HEROMOTOCO,7.0394
2026-09-25,15:29,HESTERBIO,21.5085
2026-09-25,15:29,HFCL,52.9058
2026-09-25,15:29,HIKAL,6.772
2026-09-25,15:29,HINDOILEXP,3.6652
2026-09-25,15:29,HIRECT,22.1512
2026-09-25,15:29,HITECHCORP,141.8504
2026-09-25,15:29,HITECHGEAR,7.8204
2026-09-25,15:29,HLEGLAS,42.8664
2026-09-25,15:29,HMAAGRO,-0.6216
2026-09-25,15:29,HMT,6.1645
2026-09-25,15:29,HMVL,13.8175
2026-09-25,15:29,HNDFDS,17.1289
2026-09-25,15:29,HOMEFIRST,4.3385
2026-09-25,15:29,HONASA,31.3117
2026-09-25,15:29,HONAUT,16.4746
2026-09-25,15:29,HSCL,20.3991
2026-09-25,15:29,HTMEDIA,13.4371
2026-09-25,15:29,HUHTAMAKI,48.5678
2026-09-25,15:29,HYUNDAI,18.8002
2026-09-25,15:29,IBULLSLTD,69.8747
2026-09-25,15:29,ICICIAMC,2.7324
2026-09-25,15:29,ICICIBANK,6.931
2026-09-25,15:29,ICIL,45.5748
2026-09-25,15:29,IDBI,14.7363
2026-09-25,15:29,IDFCFIRSTB,23.5806
2026-09-25,15:29,IFBIND,11.5034
2026-09-25,15:29,IFCI,19.7959
2026-09-25,15:29,IFGLEXPOR,22.5788
2026-09-25,15:29,IGARASHI,6.1911
2026-09-25,15:29,IGIL,-0.6462
2026-09-25,15:29,IGPL,37.6378
2026-09-25,15:29,IIFL,33.8867
2026-09-25,15:29,IIFLCAPS,1.0345
2026-09-25,15:29,IKIO,35.098
2026-09-25,15:29,IKS,10.3494
2026-09-25,15:29,IL&FSENGG,51.2287
2026-09-25,15:29,IMAGICAA,20.4839
2026-09-25,15:29,IMPAL,3.461
2026-09-25,15:29,INDGN,19.0751
2026-09-25,15:29,INDHOTEL,11.3443
2026-09-25,15:29,INDIAGLYCO,55.2294
2026-09-25,15:29,INDIANB,1.8235
2026-09-25,15:29,INDIANHUME,15.9047
2026-09-25,15:29,INDIGO,16.7766
2026-09-25,15:29,INDIGOPNTS,18.0853
2026-09-25,15:29,INDIQUBE,17.6255
2026-09-25,15:29,INDNIPPON,68.935
2026-09-25,15:29,INDOAMIN,8.5573
2026-09-25,15:29,INDOBORAX,62.4368
2026-09-25,15:29,INDOCO,19.0345
2026-09-25,15:29,INDOFARM,9.2952
2026-09-25,15:29,INDORAMA,181.3934
2026-09-25,15:29,INDOSTAR,12.701
2026-09-25,15:29,INDOTECH,35.1465
2026-09-25,15:29,INDRAMEDCO,1.7671
2026-09-25,15:29,INDSWFTLAB,200.1188
2026-09-25,15:29,INDUSINDBK,1.8933
2026-09-25,15:29,INNOVACAP,46.685
2026-09-25,15:29,INOXINDIA,50.9413
2026-09-25,15:29,INTERARCH,0.5555
2026-09-25,15:29,INTLCONV,2.255
2026-09-25,15:29,INVPRECQ,145.9673
2026-09-25,15:29,IOC,0.5185
2026-09-25,15:29,IOLCP,85.425
2026-09-25,15:29,IONEXCHANG,7.4003
2026-09-25,15:29,IPCALAB,18.9953
2026-09-25,15:29,IRISDOREME,80.7871
2026-09-25,15:29,ITCHOTELS,3.8886
2026-09-25,15:29,ITDC,24.1348
2026-09-25,15:29,IZMO,35.7282
2026-09-25,15:29,J&KBANK,9.586
2026-09-25,15:29,JAGSNPHARM,22.8526
2026-09-25,15:29,JAMNAAUTO,22.5177
2026-09-25,15:29,JASH,59.1664
2026-09-25,15:29,JAYAGROGN,13.2305
2026-09-25,15:29,JAYBARMARU,41.2387
2026-09-25,15:29,JAYKAY,27.4393
2026-09-25,15:29,JGCHEM,59.6755
2026-09-25,15:29,JINDALPHOT,5.7977
2026-09-25,15:29,JINDALPOLY,-0.9914
2026-09-25,15:29,JINDALSAW,27.6434
2026-09-25,15:29,JINDWORLD,76.6528
2026-09-25,15:29,JKPAPER,3.183
2026-09-25,15:29,JLHL,-0.0489
2026-09-25,15:29,JNKINDIA,18.7906
2026-09-25,15:29,JSFB,18.4575
2026-09-25,15:29,JSL,1.2243
2026-09-25,15:29,JSWDULUX,9.2349
2026-09-25,15:29,JSWINFRA,36.0323
2026-09-25,15:29,JSWSTEEL,-0.638
2026-09-25,15:29,JTLIND,36.3038
2026-09-25,15:29,JUBLCPL,29.6094
2026-09-25,15:29,JUBLFOOD,2.4419
2026-09-25,15:29,JUBLPHARMA,6.0339
2026-09-25,15:29,JUNIPER,8.3129
2026-09-25,15:29,JUSTDIAL,29.9439
2026-09-25,15:29,JYOTICNC,56.8284
2026-09-25,15:29,KABRAEXTRU,273.8846
2026-09-25,15:29,KAJARIACER,15.5254
2026-09-25,15:29,KALYANKJIL,66.4972
2026-09-25,15:29,KAMATHOTEL,44.8653
2026-09-25,15:29,KAMDHENU,65.6716
2026-09-25,15:29,KANORICHEM,120.5376
2026-09-25,15:29,KANPRPLA,33.0697
2026-09-25,15:29,KAPSTON,64.8054
2026-09-25,15:29,KARURVYSYA,11.8329
2026-09-25,15:29,KAYNES,18.0618
2026-09-25,15:29,KCP,1.3091
2026-09-25,15:29,KDDL,85.1457
2026-09-25,15:29,KECL,16.3393
2026-09-25,15:29,KENNAMET,50.8498
2026-09-25,15:29,KERNEX,25.0739
2026-09-25,15:29,KFINTECH,7.7725
2026-09-25,15:29,KICL,3.5834
2026-09-25,15:29,KILITCH,28.6173
2026-09-25,15:29,KIMS,5.2763
2026-09-25,15:29,KINGFA,19.3689
2026-09-25,15:29,KIRANVYPAR,12.4057
2026-09-25,15:29,KIRIINDUS,42.8023
2026-09-25,15:29,KIRLFER,14.4752
2026-09-25,15:29,KIRLOSBROS,9.4441
2026-09-25,15:29,KIRLOSENG,28.7237
2026-09-25,15:29,KIRLOSIND,4.5542
2026-09-25,15:29,KISSHT,53.5613
2026-09-25,15:29,KKCL,4.7582
2026-09-25,15:29,KLBRENG-B,9.2441
2026-09-25,15:29,KMEW,42.5281
2026-09-25,15:29,KNAGRI,2.9152
2026-09-25,15:29,KOLTEPATIL,11.5991
2026-09-25,15:29,KOPRAN,65.1939
2026-09-25,15:29,KOTAKBANK,5.773
2026-09-25,15:29,KOTHARIPET,3.2478
2026-09-25,15:29,KOVAI,14.0116
2026-09-25,15:29,KPIL,11.1626
2026-09-25,15:29,KPL,83.5508
2026-09-25,15:29,KPRMILL,15.6536
2026-09-25,15:29,KRBL,19.6429
2026-09-25,15:29,KRISHANA,37.3331
2026-09-25,15:29,KRN,32.9037
2026-09-25,15:29,KRONOX,56.4644
2026-09-25,15:29,KROSS,39.9603
2026-09-25,15:29,KRYSTAL,8.6257
2026-09-25,15:29,KSHINTL,66.2519
2026-09-25,15:29,KSL,17.3815
2026-09-25,15:29,KTKBANK,35.4188
2026-09-25,15:29,KUANTUM,3.2296
2026-09-25,15:29,KWIL,53.7856
2026-09-25,15:29,LALPATHLAB,14.5918
2026-09-25,15:29,LANDMARK,33.3015
2026-09-25,15:29,LAURUSLABS,49.2304
2026-09-25,15:29,LAXMIINDIA,4.9256
2026-09-25,15:29,LENSKART,38.0658
2026-09-25,15:29,LGBBROSLTD,11.516
2026-09-25,15:29,LGEINDIA,14.1138
2026-09-25,15:29,LICHSGFIN,4.2357
2026-09-25,15:29,LICI,1.817
2026-09-25,15:29,LIKHITHA,17.1118
2026-09-25,15:29,LLOYDSENGG,44.0093
2026-09-25,15:29,LLOYDSENT,16.2896
2026-09-25,15:29,LLOYDSME,10.4236
2026-09-25,15:29,LMW,17.0127
2026-09-25,15:29,LODHA,30.5761
2026-09-25,15:29,LOKESHMACH,39.8791
2026-09-25,15:29,LOTUSDEV,57.2006
2026-09-25,15:29,LTF,2.1766
2026-09-25,15:29,LTFOODS,2.5993
2026-09-25,15:29,LUMAXIND,9.729
2026-09-25,15:29,LUMAXTECH,24.6418
2026-09-25,15:29,LXCHEM,15.7458
2026-09-25,15:29,M&MFIN,4.2077
2026-09-25,15:29,MACPOWER,82.506
2026-09-25,15:29,MAGADSUGAR,17.2924
2026-09-25,15:29,MAHABANK,8.3482
2026-09-25,15:29,MAHASTEEL,55.2545
2026-09-25,15:29,MAHLIFE,8.498
2026-09-25,15:29,MAHLOG,18.0146
2026-09-25,15:29,MAHSCOOTER,13.4266
2026-09-25,15:29,MAHSEAMLES,12.6564
2026-09-25,15:29,MAITHANALL,-0.6656
2026-09-25,15:29,MAMATA,1.6284
2026-09-25,15:29,MANAKCOAT,30.8258
2026-09-25,15:29,MANAKSTEEL,66.8731
2026-09-25,15:29,MANALIPETC,47.9119
2026-09-25,15:29,MANAPPURAM,5.9309
2026-09-25,15:29,MANBA,28.6347
2026-09-25,15:29,MANGLMCEM,24.6712
2026-09-25,15:29,MANINDS,80.4492
2026-09-25,15:29,MANINFRA,8.3458
2026-09-25,15:29,MANKIND,-0.7101
2026-09-25,15:29,MANORAMA,36.5612
2026-09-25,15:29,MANYAVAR,23.2782
2026-09-25,15:29,MARINE,86.3319
2026-09-25,15:29,MARKSANS,55.0621
2026-09-25,15:29,MATRIMONY,27.3398
2026-09-25,15:29,MAWANASUG,46.29
2026-09-25,15:29,MAXESTATES,46.5016
2026-09-25,15:29,MAYURUNIQ,17.7914
2026-09-25,15:29,MAZDA,44.9159
2026-09-25,15:29,MBAPL,58.6795
2026-09-25,15:29,MBECL,12369.9449
2026-09-25,15:29,MCCHRLS-B,1.3393
2026-09-25,15:29,MEDANTA,20.5579
2026-09-25,15:29,MEESHO,12.6414
2026-09-25,15:29,MENONBE,100.9635
2026-09-25,15:29,METROPOLIS,14.5948
2026-09-25,15:29,MGL,1.1233
2026-09-25,15:29,MIDHANI,4.2197
2026-09-25,15:29,MINDACORP,30.4979
2026-09-25,15:29,MMFL,37.2577
2026-09-25,15:29,MMP,66.2032
2026-09-25,15:29,MOBIKWIK,0.9003
2026-09-25,15:29,MODIS,3.9805
2026-09-25,15:29,MODISONLTD,156.6318
2026-09-25,15:29,MOL,17.1572
2026-09-25,15:29,MOLDTECH,63.3706
2026-09-25,15:29,MONARCH,16.0986
2026-09-25,15:29,MOREPENLAB,187.5776
2026-09-25,15:29,MOTHERSON,26.0248
2026-09-25,15:29,MOTILALOFS,20.9237
2026-09-25,15:29,MPHASIS,0.608
2026-09-25,15:29,MPSLTD,45.8199
2026-09-25,15:29,MRPL,13.0727
2026-09-25,15:29,MSTCLTD,75.2129
2026-09-25,15:29,MTARTECH,1.3216
2026-09-25,15:29,MUFIN,11.6408
2026-09-25,15:29,MUKANDLTD,15.1037
2026-09-25,15:29,MUKKA,19.442
2026-09-25,15:29,MUNJALAU,22.9919
2026-09-25,15:29,MUTHOOTMF,0.2872
2026-09-25,15:29,MVGJL,43.7504
2026-09-25,15:29,NAHARINDUS,20.8401
2026-09-25,15:29,NAHARSPING,4.6764
2026-09-25,15:29,NAM-INDIA,6.9119
2026-09-25,15:29,NAUKRI,34.3973
2026-09-25,15:29,NAVINFLUOR,21.3271
2026-09-25,15:29,NAZARA,27.6318
2026-09-25,15:29,NBIFIN,2.4626
2026-09-25,15:29,NCLIND,6.696
2026-09-25,15:29,NELCO,47.1186
2026-09-25,15:29,NEOGEN,50.9525
2026-09-25,15:29,NEPHROPLUS,7.2264
2026-09-25,15:29,NETWEB,21.3165
2026-09-25,15:29,NEULANDLAB,30.3752
2026-09-25,15:29,NEWGEN,5.2369
2026-09-25,15:29,NGLFINE,27.6453
2026-09-25,15:29,NIACL,7.31
2026-09-25,15:29,NIBE,13.7729
2026-09-25,15:29,NIITLTD,38.4327
2026-09-25,15:29,NILKAMAL,49.702
2026-09-25,15:29,NINSYS,17.8206
2026-09-25,15:29,NIRLON,-0.1073
2026-09-25,15:29,NITINSPIN,21.1854
2026-09-25,15:29,NITTAGELA,29.1914
2026-09-25,15:29,NOCIL,9.7832
2026-09-25,15:29,NORTHARC,9.3585
2026-09-25,15:29,NOVARTIND,62.4731
2026-09-25,15:29,NPST,72.2244
2026-09-25,15:29,NRAIL,46.0377
2026-09-25,15:29,NRBBEARING,49.9299
2026-09-25,15:29,NRL,205.6133
2026-09-25,15:29,NSIL,0.4778
2026-09-25,15:29,NUVAMA,14.5992
2026-09-25,15:29,NUVOCO,5.5206
2026-09-25,15:29,NYKAA,22.9324
2026-09-25,15:29,OAL,77.2629
2026-09-25,15:29,OBEROIRLTY,14.5808
2026-09-25,15:29,OCCLLTD,77.1848
2026-09-25,15:29,OFSS,11.6525
2026-09-25,15:29,OLAELEC,5.1941
2026-09-25,15:29,OMAXE,58.4414
2026-09-25,15:29,OMNI,31.24
2026-09-25,15:29,ONEPOINT,15.942
2026-09-25,15:29,ONMOBILE,4.1001
2026-09-25,15:29,ONWARDTEC,11.4188
2026-09-25,15:29,OPTIEMUS,82.7611
2026-09-25,15:29,ORBTEXP,42.7224
2026-09-25,15:29,ORCHPHARMA,44.717
2026-09-25,15:29,ORIENTBELL,16.4429
2026-09-25,15:29,ORIENTCER,18.4048
2026-09-25,15:29,ORIENTHOT,46.3144
2026-09-25,15:29,PAISALO,87.7267
2026-09-25,15:29,PANACHE,42.3343
2026-09-25,15:29,PANAMAPET,54.7059
2026-09-25,15:29,PANSARI,12.188
2026-09-25,15:29,PARACABLES,9.3019
2026-09-25,15:29,PARADEEP,25.4154
2026-09-25,15:29,PARAGMILK,25.6366
2026-09-25,15:29,PARAS,73.1097
2026-09-25,15:29,PARKHOSPS,15.7063
2026-09-25,15:29,PASUPTAC,42.6933
2026-09-25,15:29,PATELENG,6.7672
2026-09-25,15:29,PATELRMART,2.9598
2026-09-25,15:29,PAUSHAKLTD,46.562
2026-09-25,15:29,PAYTM,49.2777
2026-09-25,15:29,PCBL,24.1455
2026-09-25,15:29,PDMJEPAPER,17.1503
2026-09-25,15:29,PDSL,21.7325
2026-09-25,15:29,PENIND,21.8933
2026-09-25,15:29,PERSISTENT,6.034
2026-09-25,15:29,PETRONET,8.052
2026-09-25,15:29,PFOCUS,29.3623
2026-09-25,15:29,PGEL,11.2303
2026-09-25,15:29,PGHL,1.2265
2026-09-25,15:29,PGIL,65.6715
2026-09-25,15:29,PHOENIXLTD,14.903
2026-09-25,15:29,PICCADIL,6.1656
2026-09-25,15:29,PIDILITIND,4.2176
2026-09-25,15:29,PINELABS,18.194
2026-09-25,15:29,PITTIENG,26.1216
2026-09-25,15:29,PIXTRANS,13.245
2026-09-25,15:29,PNB,15.1036
2026-09-25,15:29,PNBGILTS,2.7923
2026-09-25,15:29,PNBHOUSING,2.8558
2026-09-25,15:29,PNGJL,16.1519
2026-09-25,15:29,PNGSREVA,37.6114
2026-09-25,15:29,POLYMED,18.5073
2026-09-25,15:29,POLYPLEX,22.5683
2026-09-25,15:29,POONAWALLA,14.1038
2026-09-25,15:29,POWERICA,7.8838
2026-09-25,15:29,PPL,43.1954
2026-09-25,15:29,PPLPHARMA,21.4051
2026-09-25,15:29,PRABHA,36.9986
2026-09-25,15:29,PRADPME,24.8674
2026-09-25,15:29,PRAVEG,5.0872
2026-09-25,15:29,PRECWIRE,31.6051
2026-09-25,15:29,PREMEXPLN,29.6522
2026-09-25,15:29,PREMIERPOL,78.7856
2026-09-25,15:29,PRESTIGE,7.3125
2026-09-25,15:29,PRICOLLTD,39.4034
2026-09-25,15:29,PRIMESECU,7.995
2026-09-25,15:29,PRIMO,10.2486
2026-09-25,15:29,PRIVISCL,16.4647
2026-09-25,15:29,PROTEAN,25.9138
2026-09-25,15:29,PROZONER,11.6247
2026-09-25,15:29,PRUDENT,13.6344
2026-09-25,15:29,PSPPROJECT,4.3532
2026-09-25,15:29,PTCIL,34.4553
2026-09-25,15:29,PUNJABCHEM,6.4401
2026-09-25,15:29,PVP,139.7987
2026-09-25,15:29,PVRINOX,23.7522
2026-09-25,15:29,PWL,18.546
2026-09-25,15:29,QPOWER,49.1549
2026-09-25,15:29,QUADFUTURE,89.2499
2026-09-25,15:29,QUESS,65.9204
2026-09-25,15:29,RACLGEAR,33.1728
2026-09-25,15:29,RADHIKAJWE,21.0253
2026-09-25,15:29,RADICO,26.5896
2026-09-25,15:29,RAIN,42.8897
2026-09-25,15:29,RAINBOW,1.7398
2026-09-25,15:29,RAJRATAN,15.2158
2026-09-25,15:29,RAJRILTD,3.5679
2026-09-25,15:29,RAMCOIND,18.4342
2026-09-25,15:29,RAMCOSYS,47.1282
2026-09-25,15:29,RAMRAT,33.9286
2026-09-25,15:29,RANEHOLDIN,6.3732
2026-09-25,15:29,RATEGAIN,22.8845
2026-09-25,15:29,RATNAMANI,9.6885
2026-09-25,15:29,RATNAVEER,84.7069
2026-09-25,15:29,RAYMOND,130.1029
2026-09-25,15:29,RAYMONDREL,22.7226
2026-09-25,15:29,RBA,35.4862
2026-09-25,15:29,RBLBANK,28.2404
2026-09-25,15:29,RBZJEWEL,46.4297
2026-09-25,15:29,REDINGTON,84.0761
2026-09-25,15:29,REFEX,4.1735
2026-09-25,15:29,REGAAL,14.4201
2026-09-25,15:29,RELAXO,2.1496
2026-09-25,15:29,RELIGARE,6.2262
2026-09-25,15:29,RELTD,18.5041
2026-09-25,15:29,RGL,64.3797
2026-09-25,15:29,RHIM,0.638
2026-09-25,15:29,RICOAUTO,16.2155
2026-09-25,15:29,RISHABH,34.5049
2026-09-25,15:29,RITCO,7.905
2026-09-25,15:29,RKFORGE,23.9335
2026-09-25,15:29,RMDRIP,24.1851
2026-09-25,15:29,RML,48.3813
2026-09-25,15:29,ROLEXRINGS,37.5801
2026-09-25,15:29,ROSSTECH,55.579
2026-09-25,15:29,ROTO,9.9632
2026-09-25,15:29,RPEL,85.3326
2026-09-25,15:29,RPGLIFE,33.6458
2026-09-25,15:29,RPTECH,64.381
2026-09-25,15:29,RRKABEL,31.7578
2026-09-25,15:29,RSL,38.9217
2026-09-25,15:29,RSWM,38.8137
2026-09-25,15:29,RUBICON,70.2778
2026-09-25,15:29,RUBYMILLS,115.2611
2026-09-25,15:29,SAFARI,2.6141
2026-09-25,15:29,SAGILITY,5.9758
2026-09-25,15:29,SAILIFE,41.4786
2026-09-25,15:29,SAIPARENT,6.4646
2026-09-25,15:29,SAKAR,48.1286
2026-09-25,15:29,SALSTEEL,51.4073
2026-09-25,15:29,SAMBHV,44.694
2026-09-25,15:29,SAMHI,11.0266
2026-09-25,15:29,SAMMAANCAP,1.7071
2026-09-25,15:29,SANATHAN,26.6368
2026-09-25,15:29,SANDESH,3.3986
2026-09-25,15:29,SANDHAR,12.2299
2026-09-25,15:29,SANGAMIND,27.5252
2026-09-25,15:29,SANGHVIMOV,42.3221
2026-09-25,15:29,SANSERA,94.5504
2026-09-25,15:29,SAPPHIRE,20.9291
2026-09-25,15:29,SAREGAMA,26.0208
2026-09-25,15:29,SARLAPOLY,5.4574
2026-09-25,15:29,SATIA,4.5731
2026-09-25,15:29,SATIN,6.4505
2026-09-25,15:29,SAYAJIHOTL,17.9441
2026-09-25,15:29,SBC,55.7579
2026-09-25,15:29,SBCL,82.3422
2026-09-25,15:29,SBIN,3.6046
2026-09-25,15:29,SCHAEFFLER,0.499
2026-09-25,15:29,SCPL,42.7507
2026-09-25,15:29,SEAMECLTD,9.644
2026-09-25,15:29,SEDEMAC,68.9008
2026-09-25,15:29,SENORES,28.2665
2026-09-25,15:29,SESHAPAPER,4.7735
2026-09-25,15:29,SETL,193.875
2026-09-25,15:29,SFL,8.192
2026-09-25,15:29,SGFIN,7.2755
2026-09-25,15:29,SGIL,16.6803
2026-09-25,15:29,SGMART,21.3882
2026-09-25,15:29,SHADOWFAX,49.0895
2026-09-25,15:29,SHAILY,19.171
2026-09-25,15:29,SHALPAINTS,56.8687
2026-09-25,15:29,SHANTIGEAR,50.7009
2026-09-25,15:29,SHANTIGOLD,55.3298
2026-09-25,15:29,SHARDAMOTR,8.3437
2026-09-25,15:29,SHAREINDIA,42.8026
2026-09-25,15:29,SHILCTECH,1.4612
2026-09-25,15:29,SHILPAMED,114.5095
2026-09-25,15:29,SHINDL,4.9424
2026-09-25,15:29,SHIVALIK,60.0823
2026-09-25,15:29,SHIVAUM,56.9692
2026-09-25,15:29,SHK,13.1188
2026-09-25,15:29,SHOPERSTOP,25.181
2026-09-25,15:29,SHREEJISPG,73.4355
2026-09-25,15:29,SHREEPUSHK,36.8442
2026-09-25,15:29,SHREERAMA,7.2126
2026-09-25,15:29,SHRINGARMS,3.8622
2026-09-25,15:29,SHRIPISTON,43.1268
2026-09-25,15:29,SHRIRAMFIN,7.1979
2026-09-25,15:29,SHYAMMETL,19.8896
2026-09-25,15:29,SICALLOG,42.4055
2026-09-25,15:29,SIEMENS,9.1836
2026-09-25,15:29,SIGACHI,44.4772
2026-09-25,15:29,SIGMAADV,213.245
2026-09-25,15:29,SIGNPOST,-0.8772
2026-09-25,15:29,SIKA,17.7176
2026-09-25,15:29,SILVERTUC,1.1914
2026-09-25,15:29,SIMPLEXINF,22.3763
2026-09-25,15:29,SINDHUTRAD,5.4618
2026-09-25,15:29,SIS,3.5003
2026-09-25,15:29,SJS,16.9147
2026-09-25,15:29,SKFINDUS,39.4504
2026-09-25,15:29,SKIPPER,18.0951
2026-09-25,15:29,SKMEGGPROD,12.9677
2026-09-25,15:29,SKYGOLD,73.1508
2026-09-25,15:29,SMARTWORKS,23.376
2026-09-25,15:29,SMCGLOBAL,36.5885
2026-09-25,15:29,SMLMAH,93.1162
2026-09-25,15:29,SMSPHARMA,15.7831
2026-09-25,15:29,SOFTTECH,15.9497
2026-09-25,15:29,SOLARA,26.86
2026-09-25,15:29,SOLARINDS,8.9921
2026-09-25,15:29,SOMANYCERA,23.093
2026-09-25,15:29,SONACOMS,42.2165
2026-09-25,15:29,SONATSOFTW,5.7423
2026-09-25,15:29,SOTL,70.8264
2026-09-25,15:29,SOUTHBANK,28.9032
2026-09-25,15:29,SPAL,23.1947
2026-09-25,15:29,SPARC,16.2875
2026-09-25,15:29,SPECIALITY,49.75
2026-09-25,15:29,SPECTRUM,144.6499
2026-09-25,15:29,SPLPETRO,24.5048
2026-09-25,15:29,SPORTKING,51.4713
2026-09-25,15:29,SREEL,57.5666
2026-09-25,15:29,SRHHYPOLTD,17.9691
2026-09-25,15:29,SSWL,80.1684
2026-09-25,15:29,STALLION,36.2051
2026-09-25,15:29,STAR,2.7132
2026-09-25,15:29,STARHEALTH,7.9385
2026-09-25,15:29,STEELCAS,35.0673
2026-09-25,15:29,STEL,41.1671
2026-09-25,15:29,STERTOOLS,1.8372
2026-09-25,15:29,STLNETWORK,119.4054
2026-09-25,15:29,STLTECH,108.8301
2026-09-25,15:29,STOVEKRAFT,50.6753
2026-09-25,15:29,STYL,41.3683
2026-09-25,15:29,STYLAMIND,21.5074
2026-09-25,15:29,STYLEBAAZA,6.898
2026-09-25,15:29,SUBEXLTD,106.4609
2026-09-25,15:29,SUDARCOLOR,12.5036
2026-09-25,15:29,SUDARSCHEM,42.2785
2026-09-25,15:29,SUDEEPPHRM,79.5469
2026-09-25,15:29,SUNDRMFAST,38.523
2026-09-25,15:29,SUNDROP,11.0491
2026-09-25,15:29,SUNFLAG,14.5308
2026-09-25,15:29,SUPRAJIT,17.2795
2026-09-25,15:29,SUPREMEIND,3.009
2026-09-25,15:29,SUPREMEINF,1.2455
2026-09-25,15:29,SUPRIYA,36.7194
2026-09-25,15:29,SURAJEST,1.8978
2026-09-25,15:29,SURAKSHA,14.6244
2026-09-25,15:29,SUTLEJTEX,2.4156
2026-09-25,15:29,SUVEN,24.3366
2026-09-25,15:29,SVLL,46.7733
2026-09-25,15:29,SWANDEF,41.5359
2026-09-25,15:29,SWIGGY,1.5919
2026-09-25,15:29,SYNCOMF,41.6961
2026-09-25,15:29,SYRMA,76.0504
2026-09-25,15:29,SYSTMTXC,15.7926
2026-09-25,15:29,TAJGVK,5.0867
2026-09-25,15:29,TALBROAUTO,38.3812
2026-09-25,15:29,TARC,0.591
2026-09-25,15:29,TARSONS,57.8585
2026-09-25,15:29,TASTYBITE,32.9377
2026-09-25,15:29,TATACAP,12.0231
2026-09-25,15:29,TATACOMM,1.2086
2026-09-25,15:29,TATATECH,5.1604
2026-09-25,15:29,TATVA,39.8316
2026-09-25,15:29,TBOTEK,44.037
2026-09-25,15:29,TBZ,404.7348
2026-09-25,15:29,TCI,0.6836
2026-09-25,15:29,TCPLPACK,61.9656
2026-09-25,15:29,TDPOWERSYS,19.645
2026-09-25,15:29,TECHM,5.5143
2026-09-25,15:29,TEGA,31.2253
2026-09-25,15:29,TEJASNET,8.8934
2026-09-25,15:29,TEXINFRA,21.5563
2026-09-25,15:29,TEXRAIL,15.114
2026-09-25,15:29,TFCILTD,89.3361
2026-09-25,15:29,THANGAMAYL,40.5519
2026-09-25,15:29,THEJO,29.9049
2026-09-25,15:29,THELEELA,34.1398
2026-09-25,15:29,THEMISMED,19.1461
2026-09-25,15:29,THOMASCOOK,11.0431
2026-09-25,15:29,THYROCARE,20.4398
2026-09-25,15:29,TI,36.5333
2026-09-25,15:29,TIIL,15.139
2026-09-25,15:29,TIL,34.5496
2026-09-25,15:29,TIMETECHNO,4.9395
2026-09-25,15:29,TIMEX,117.2577
2026-09-25,15:29,TINNARUBR,29.8593
2026-09-25,15:29,TIPSMUSIC,2.6548
2026-09-25,15:29,TIRUPATIFL,81.3296
2026-09-25,15:29,TITAGARH,11.2223
2026-09-25,15:29,TITAN,19.0639
2026-09-25,15:29,TMB,29.8057
2026-09-25,15:29,TMCV,16.5984
2026-09-25,15:29,TNPETRO,46.4793
2026-09-25,15:29,TNPL,1.0936
2026-09-25,15:29,TORNTPHARM,11.8473
2026-09-25,15:29,TPLPLASTEH,3.3265
2026-09-25,15:29,TRANSPEK,7.4844
2026-09-25,15:29,TRAVELFOOD,14.4515
2026-09-25,15:29,TREL,17.5592
2026-09-25,15:29,TRIVENI,7.1738
2026-09-25,15:29,TSFINV,16.4097
2026-09-25,15:29,TTKHLTCARE,15.6006
2026-09-25,15:29,TTKPRESTIG,0.3828
2026-09-25,15:29,TVSMOTOR,26.6157
2026-09-25,15:29,TVSSCS,16.314
2026-09-25,15:29,TVSSRICHAK,27.6693
2026-09-25,15:29,UDS,16.9226
2026-09-25,15:29,UEL,24.6472
2026-09-25,15:29,UFBL,109.0569
2026-09-25,15:29,UFLEX,65.3061
2026-09-25,15:29,UGARSUGAR,52.1987
2026-09-25,15:29,UJJIVANSFB,19.5455
2026-09-25,15:29,ULTRAMAR,1.5278
2026-09-25,15:29,UNICHEMLAB,47.2542
2026-09-25,15:29,UNIDT,1.9486
2026-09-25,15:29,UNIECOM,0.0717
2026-09-25,15:29,UNIMECH,78.219
2026-09-25,15:29,UNIONBANK,13.3618
2026-09-25,15:29,UNIPARTS,57.0197
2026-09-25,15:29,UNITDSPR,9.1118
2026-09-25,15:29,UNITEDPOLY,35.0159
2026-09-25,15:29,UNIVASTU,97.2853
2026-09-25,15:29,UNIVCABLES,50.0829
2026-09-25,15:29,UNIVPHOTO,26.6196
2026-09-25,15:29,UNOMINDA,15.7905
2026-09-25,15:29,URBANCO,38.5846
2026-09-25,15:29,USHAMART,10.3947
2026-09-25,15:29,UTLSOLAR,56.2465
2026-09-25,15:29,UTTAMSUGAR,19.3607
2026-09-25,15:29,VADILALIND,77.249
2026-09-25,15:29,VALIANTLAB,66.4046
2026-09-25,15:29,VALIANTORG,36.0909
2026-09-25,15:29,VARROC,48.9739
2026-09-25,15:29,VASCONEQ,0.5496
2026-09-25,15:29,VELJAN,107.6839
2026-09-25,15:29,VENKEYS,9.1822
2026-09-25,15:29,VENUSPIPES,60.071
2026-09-25,15:29,VENUSREM,65.9769
2026-09-25,15:29,VIDHIING,19.6367
2026-09-25,15:29,VIDYAWIRES,2.282
2026-09-25,15:29,VIJAYA,16.4218
2026-09-25,15:29,VIMTALABS,32.2666
2026-09-25,15:29,VINCOFE,40.7122
2026-09-25,15:29,VINDHYATEL,65.4682
2026-09-25,15:29,VIPIND,2.3619
2026-09-25,15:29,VISAKAIND,23.5973
2026-09-25,15:29,VISHNU,16.6444
2026-09-25,15:29,VIYASH,6.829
2026-09-25,15:29,VLSFINANCE,3.5415
2026-09-25,15:29,VMART,19.2969
2026-09-25,15:29,VOLTAMP,18.3184
2026-09-25,15:29,VRLLOG,18.1003
2026-09-25,15:29,VSSL,47.1219
2026-09-25,15:29,WABAG,44.3646
2026-09-25,15:29,WELCORP,121.1603
2026-09-25,15:29,WELENT,52.8721
2026-09-25,15:29,WELINV,44.8126
2026-09-25,15:29,WELSPLSOL,34.3758
2026-09-25,15:29,WELSPUNLIV,60.0399
2026-09-25,15:29,WENDT,25.1049
2026-09-25,15:29,WESTLIFE,23.9494
2026-09-25,15:29,WEWORK,30.7978
2026-09-25,15:29,WHEELS,46.8099
2026-09-25,15:29,WHIRLPOOL,8.125
2026-09-25,15:29,WINDLAS,43.6734
2026-09-25,15:29,WINDMACHIN,4.2283
2026-09-25,15:29,WOCKPHARMA,39.8346
2026-09-25,15:29,WONDERLA,6.5699
2026-09-25,15:29,WSTCSTPAPR,53.7928
2026-09-25,15:29,XPROINDIA,8.8471
2026-09-25,15:29,YASHO,132.7963
2026-09-25,15:29,YATHARTH,34.6461
2026-09-25,15:29,YATRA,10.1283
2026-09-25,15:29,YESBANK,2.4124
2026-09-25,15:29,YUKEN,69.3347
2026-09-25,15:29,ZENTEC,7.536
2026-09-25,15:29,ZFSTEERING,5.843
2026-09-25,15:29,ZIMLAB,37.6541
2026-09-25,15:29,ZOTA,10.8843
2026-09-25,15:29,ZSARACOM,9.3465
2026-09-25,15:29,ZUARI,2.9761
2026-09-25,15:29,ZUARIIND,18.3041
2026-09-25,15:29,ZYDUSLIFE,18.1568
2026-09-25,15:29,ZYDUSWELL,2.2589
2026-09-28,15:29,20MICRONS,18.7221
2026-09-28,15:29,3BBLACKBIO,25.479
2026-09-28,15:29,3IINFOLTD,35.9977
2026-09-28,15:29,3MINDIA,7.3057
2026-09-28,15:29,5PAISA,-1.7547
2026-09-28,15:29,63MOONS,18.8961
2026-09-28,15:29,AARTIDRUGS,12.577
2026-09-28,15:29,AARTIIND,2.8596
2026-09-28,15:29,AARTIPHARM,30.4317
2026-09-28,15:29,ABB,5.564
2026-09-28,15:29,ABBOTINDIA,-2.5688
2026-09-28,15:29,ABCAPITAL,8.3829
2026-09-28,15:29,ABDL,35.923
2026-09-28,15:29,ACCELYA,-0.5875
2026-09-28,15:29,ACE,35.24
2026-09-28,15:29,ACMESOLAR,55.4767
2026-09-28,15:29,ACSTECH,149.2465
2026-09-28,15:29,ACUTAAS,11.5879
2026-09-28,15:29,ADANIENT,4.6695
2026-09-28,15:29,ADANIPORTS,-1.6304
2026-09-28,15:29,ADFFOODS,1.0614
2026-09-28,15:29,ADOR,52.6087
2026-09-28,15:29,ADVANCE,19.5043
2026-09-28,15:29,AEGISLOG,84.2524
2026-09-28,15:29,AEGISVOPAK,49.5367
2026-09-28,15:29,AEQUS,26.1458
2026-09-28,15:29,AEROENTER,22.5917
2026-09-28,15:29,AEROFLEX,31.2876
2026-09-28,15:29,AETHER,60.2211
2026-09-28,15:29,AFFLE,7.2373
2026-09-28,15:29,AFSL,-0.01
2026-09-28,15:29,AGARIND,-0.8488
2026-09-28,15:29,AGARWALEYE,9.5497
2026-09-28,15:29,AGI,40.1114
2026-09-28,15:29,AHCL,160.4057
2026-09-28,15:29,AIIL,7.9551
2026-09-28,15:29,AJANTPHARM,10.5494
2026-09-28,15:29,AJAXENGG,3.6094
2026-09-28,15:29,AJMERA,-1.983
2026-09-28,15:29,AKCAPIT,10.6147
2026-09-28,15:29,AKUMS,55.3452
2026-09-28,15:29,ALEMBICLTD,22.5049
2026-09-28,15:29,ALGOQUANT,19.3787
2026-09-28,15:29,ALICON,9.1844
2026-09-28,15:29,ALIVUS,26.8382
2026-09-28,15:29,ALKYLAMINE,1.3059
2026-09-28,15:29,AMAGI,36.5521
2026-09-28,15:29,AMANTA,44.8358
2026-09-28,15:29,AMBER,-0.844
2026-09-28,15:29,AMBIKCO,3.1443
2026-09-28,15:29,ANANDRATHI,21.4704
2026-09-28,15:29,ANANTRAJ,24.4015
2026-09-28,15:29,ANDHRAPAP,14.2183
2026-09-28,15:29,ANDHRSUGAR,4.8495
2026-09-28,15:29,ANDREWYU,0.428
2026-09-28,15:29,ANTELOPUS,55.4118
2026-09-28,15:29,ANTHEM,9.0455
2026-09-28,15:29,ANUHPHR,10.186
2026-09-28,15:29,APARINDS,36.1865
2026-09-28,15:29,APCOTEXIND,16.3391
2026-09-28,15:29,APLAPOLLO,18.3027
2026-09-28,15:29,APLLTD,13.5575
2026-09-28,15:29,APOLLO,14.4659
2026-09-28,15:29,APOLLOHOSP,9.6738
2026-09-28,15:29,APOLLOPIPE,2.6793
2026-09-28,15:29,APOLLOTYRE,3.6446
2026-09-28,15:29,ARIES,32.6099
2026-09-28,15:29,ARIHANT,5.5607
2026-09-28,15:29,ARIHANTCAP,29.2416
2026-09-28,15:29,ARIHANTSUP,-1.3364
2026-09-28,15:29,ARIS,8.2531
2026-09-28,15:29,ARKADE,7.064
2026-09-28,15:29,ARMANFIN,-0.7589
2026-09-28,15:29,ARROWGREEN,85.8795
2026-09-28,15:29,ARTEMISMED,30.8983
2026-09-28,15:29,ARVIND,11.5191
2026-09-28,15:29,ARVSMART,2.1822
2026-09-28,15:29,ASAHIINDIA,12.6184
2026-09-28,15:29,ASHIANA,2.667
2026-09-28,15:29,ASHOKLEY,1.0481
2026-09-28,15:29,ASIANENE,33.6575
2026-09-28,15:29,ASIANHOTNR,24.1034
2026-09-28,15:29,ASKAUTOLTD,46.3105
2026-09-28,15:29,ASTAR,13.8452
2026-09-28,15:29,ASTERDM,-2.288
2026-09-28,15:29,ASTRAMICRO,37.7784
2026-09-28,15:29,ATGL,-2.6449
2026-09-28,15:29,ATHERENERG,60.0462
2026-09-28,15:29,ATL,0.9342
2026-09-28,15:29,ATLANTAELE,-1.939
2026-09-28,15:29,AUBANK,2.1869
2026-09-28,15:29,AUROPHARMA,11.8616
2026-09-28,15:29,AURUM,24.4246
2026-09-28,15:29,AVADHSUGAR,70.4047
2026-09-28,15:29,AVALON,57.7574
2026-09-28,15:29,AVANTEL,-2.1399
2026-09-28,15:29,AVL,9.9381
2026-09-28,15:29,AVTNPL,28.5396
2026-09-28,15:29,AYE,15.0616
2026-09-28,15:29,AYMSYNTEX,33.2433
2026-09-28,15:29,AZAD,35.6445
2026-09-28,15:29,BAFNAPH,158.0587
2026-09-28,15:29,BAJAJ-AUTO,5.3668
2026-09-28,15:29,BAJAJFINSV,-1.1287
2026-09-28,15:29,BAJAJHCARE,12.6883
2026-09-28,15:29,BAJAJHFL,-0.1573
2026-09-28,15:29,BAJAJHIND,13.1084
2026-09-28,15:29,BAJAJHLDNG,3.1716
2026-09-28,15:29,BAJFINANCE,6.7057
2026-09-28,15:29,BALAJITELE,3.7238
2026-09-28,15:29,BALAMINES,17.4876
2026-09-28,15:29,BALKRISIND,-0.0557
2026-09-28,15:29,BALRAMCHIN,28.2525
2026-09-28,15:29,BALUFORGE,4.7166
2026-09-28,15:29,BANCOINDIA,0.601
2026-09-28,15:29,BANSALWIRE,0.1577
2026-09-28,15:29,BECTORFOOD,18.4521
2026-09-28,15:29,BEEKAY,8.5186
2026-09-28,15:29,BELRISE,18.4018
2026-09-28,15:29,BEML,9.0934
2026-09-28,15:29,BEPL,31.6325
2026-09-28,15:29,BETA,67.9259
2026-09-28,15:29,BFINVEST,10.1912
2026-09-28,15:29,BFUTILITIE,-0.3284
2026-09-28,15:29,BHAGERIA,149.3943
2026-09-28,15:29,BHAGYANGR,41.1149
2026-09-28,15:29,BHARATFORG,3.6437
2026-09-28,15:29,BHARATSE,15.531
2026-09-28,15:29,BHEL,0.857
2026-09-28,15:29,BIL,39.4429
2026-09-28,15:29,BIRLACABLE,126.6512
2026-09-28,15:29,BIRLANU,6.6065
2026-09-28,15:29,BLACKBUCK,13.1777
2026-09-28,15:29,BLACKROSE,16.0415
2026-09-28,15:29,BLISSGVS,154.3182
2026-09-28,15:29,BLSE,56.0265
2026-09-28,15:29,BLUEDART,-1.8576
2026-09-28,15:29,BLUEJET,27.3683
2026-09-28,15:29,BLUESTONE,69.8974
2026-09-28,15:29,BLUSPRING,103.2921
2026-09-28,15:29,BODALCHEM,194.0157
2026-09-28,15:29,BOROLTD,22.5987
2026-09-28,15:29,BOSCH-HCIL,35.2747
2026-09-28,15:29,BOSCHLTD,27.6677
2026-09-28,15:29,BPCL,2.8936
2026-09-28,15:29,BRIGADE,14.5284
2026-09-28,15:29,BUILDPRO,14.872
2026-09-28,15:29,CANHLIFE,6.7235
2026-09-28,15:29,CANTABIL,5.1511
2026-09-28,15:29,CAPILLARY,11.3612
2026-09-28,15:29,CAPITALSFB,-0.3202
2026-09-28,15:29,CAPLIPOINT,41.5253
2026-09-28,15:29,CARBORUNIV,17.8115
2026-09-28,15:29,CARTRADE,57.8829
2026-09-28,15:29,CARYSIL,1.5651
2026-09-28,15:29,CASTROLIND,10.2677
2026-09-28,15:29,CDSL,5.2589
2026-09-28,15:29,CEATLTD,3.3876
2026-09-28,15:29,CEIGALL,18.6119
2026-09-28,15:29,CEMPRO,43.7966
2026-09-28,15:29,CENTENKA,22.8727
2026-09-28,15:29,CENTUM,52.4648
2026-09-28,15:29,CGCL,33.8676
2026-09-28,15:29,CGPOWER,1.3771
2026-09-28,15:29,CHALET,8.6052
2026-09-28,15:29,CHEMBONDCH,29.4595
2026-09-28,15:29,CHEMCON,22.1767
2026-09-28,15:29,CHENNPETRO,39.1128
2026-09-28,15:29,CHOICEIN,13.8452
2026-09-28,15:29,CHOLAFIN,7.591
2026-09-28,15:29,CIPLA,-1.129
2026-09-28,15:29,CLEAN,3.5707
2026-09-28,15:29,CLEANMAX,13.9313
2026-09-28,15:29,CLSEL,8.7122
2026-09-28,15:29,COCKERILL,42.9524
2026-09-28,15:29,COFFEEDAY,23.2798
2026-09-28,15:29,COFORGE,26.4351
2026-09-28,15:29,COHANCE,7.89
2026-09-28,15:29,COMSYN,80.8552
2026-09-28,15:29,CONCORDBIO,24.7939
2026-09-28,15:29,CONFIPET,34.7334
2026-09-28,15:29,CONSOFINVT,18.814
2026-09-28,15:29,COROMANDEL,1.4693
2026-09-28,15:29,CORONA,18.5645
2026-09-28,15:29,COSMOFIRST,5.674
2026-09-28,15:29,CPPLUS,55.1158
2026-09-28,15:29,CRAFTSMAN,22.8455
2026-09-28,15:29,CREST,1.2377
2026-09-28,15:29,CRISIL,10.3686
2026-09-28,15:29,CUB,15.2869
2026-09-28,15:29,CUPID,121.4501
2026-09-28,15:29,CYIENT,19.5846
2026-09-28,15:29,CYIENTDLM,122.3447
2026-09-28,15:29,DALMIASUG,18.1935
2026-09-28,15:29,DAMCAPITAL,4.3541
2026-09-28,15:29,DATAMATICS,2.3493
2026-09-28,15:29,DATAPATTNS,11.5464
2026-09-28,15:29,DBOL,14.6205
2026-09-28,15:29,DCBBANK,14.4544
2026-09-28,15:29,DCMSIL,30.6534
2026-09-28,15:29,DCW,0.3215
2026-09-28,15:29,DDEVPLSTIK,6.2684
2026-09-28,15:29,DECNGOLD,36.2429
2026-09-28,15:29,DEEDEV,37.9564
2026-09-28,15:29,DEEPAKFERT,2.4814
2026-09-28,15:29,DEEPINDS,63.2133
2026-09-28,15:29,DELTACORP,1.5043
2026-09-28,15:29,DEN,-2.6217
2026-09-28,15:29,DENTA,1.4592
2026-09-28,15:29,DEVYANI,12.7947
2026-09-28,15:29,DHAMPURSUG,19.4541
2026-09-28,15:29,DHARMAJ,9.7888
2026-09-28,15:29,DHUNINV,14.6289
2026-09-28,15:29,DIACABS,73.8852
2026-09-28,15:29,DIAMONDYD,9.0519
2026-09-28,15:29,DICIND,25.4603
2026-09-28,15:29,DIFFNKG,34.367
2026-09-28,15:29,DISAQ,3.1002
2026-09-28,15:29,DIVGIITTS,83.5794
2026-09-28,15:29,DIVISLAB,38.5464
2026-09-28,15:29,DIXON,24.0338
2026-09-28,15:29,DLF,13.7579
2026-09-28,15:29,DMCC,7.0343
2026-09-28,15:29,DODLA,-1.571
2026-09-28,15:29,DOLLAR,-2.514
2026-09-28,15:29,DOLPHIN,57.1481
2026-09-28,15:29,DPABHUSHAN,55.0022
2026-09-28,15:29,DRAGARWQ,0.5214
2026-09-28,15:29,DVL,15.9081
2026-09-28,15:29,DWARKESH,0.9309
2026-09-28,15:29,DYCL,46.0725
2026-09-28,15:29,DYNAMATECH,25.8404
2026-09-28,15:29,E2E,87.879
2026-09-28,15:29,EBGNG,57.6522
2026-09-28,15:29,ECLERX,19.6364
2026-09-28,15:29,EDELWEISS,22.027
2026-09-28,15:29,EICHERMOT,5.3143
2026-09-28,15:29,EIEL,2.5178
2026-09-28,15:29,EIFFL,19.7113
2026-09-28,15:29,EIMCOELECO,40.9605
2026-09-28,15:29,ELANTAS,47.9471
2026-09-28,15:29,ELECON,-1.1311
2026-09-28,15:29,ELECTHERM,13.797
2026-09-28,15:29,ELGIEQUIP,5.9443
2026-09-28,15:29,ELPROINTL,4.602
2026-09-28,15:29,EMAMIPAP,47.247
2026-09-28,15:29,EMCURE,11.1765
2026-09-28,15:29,EMIL,66.7445
2026-09-28,15:29,EMKAY,31.3108
2026-09-28,15:29,EMMVEE,21.1092
2026-09-28,15:29,EMSLIMITED,8.2136
2026-09-28,15:29,EMUDHRA,40.136
2026-09-28,15:29,ENDURANCE,5.8026
2026-09-28,15:29,ENGINERSIN,30.0331
2026-09-28,15:29,ENTERO,42.6716
2026-09-28,15:29,EPACKPEB,27.5673
2026-09-28,15:29,EPL,8.9678
2026-09-28,15:29,ESAFSFB,55.7971
2026-09-28,15:29,ETERNAL,36.0031
2026-09-28,15:29,ETHOSLTD,6.8709
2026-09-28,15:29,EVEREADY,1.0046
2026-09-28,15:29,EVERESTIND,12.3519
2026-09-28,15:29,EXCELINDUS,-1.4581
2026-09-28,15:29,EXICOM,35.7957
2026-09-28,15:29,EXIDEIND,21.2634
2026-09-28,15:29,FAIRCHEMOR,12.397
2026-09-28,15:29,FCL,68.2298
2026-09-28,15:29,FEDDERSHOL,87.0919
2026-09-28,15:29,FEDERALBNK,12.1076
2026-09-28,15:29,FEDFINA,-0.0862
2026-09-28,15:29,FILATEX,162.5652
2026-09-28,15:29,FINCABLES,35.4333
2026-09-28,15:29,FINEORG,11.5344
2026-09-28,15:29,FINKURVE,-0.5166
2026-09-28,15:29,FINOPB,4.7678
2026-09-28,15:29,FISCHER,-2.7397
2026-09-28,15:29,FIVESTAR,16.7323
2026-09-28,15:29,FLUOROCHEM,18.4734
2026-09-28,15:29,FMGOETZE,1.7075
2026-09-28,15:29,FOSECOIND,19.2961
2026-09-28,15:29,FSL,3.5096
2026-09-28,15:29,GABRIEL,23.8821
2026-09-28,15:29,GAEL,-2.7337
2026-09-28,15:29,GAIL,10.8006
2026-09-28,15:29,GALAPREC,37.7136
2026-09-28,15:29,GALAXYSURF,19.9858
2026-09-28,15:29,GANDHAR,64.9566
2026-09-28,15:29,GANDHITUBE,8.4852
2026-09-28,15:29,GANECOS,-0.2642
2026-09-28,15:29,GANESHBE,36.3925
2026-09-28,15:29,GANESHHOU,2.0016
2026-09-28,15:29,GARFIBRES,21.6703
2026-09-28,15:29,GARUDA,3.8748
2026-09-28,15:29,GAUDIUMIVF,-0.6464
2026-09-28,15:29,GAYAPROJ,33.0909
2026-09-28,15:29,GCSL,72.732
2026-09-28,15:29,GEECEE,9.5506
2026-09-28,15:29,GEMAROMA,-1.1549
2026-09-28,15:29,GENESYS,105.3198
2026-09-28,15:29,GEOJITFSL,4.8614
2026-09-28,15:29,GFLLIMITED,21.956
2026-09-28,15:29,GHCLTEXTIL,47.7751
2026-09-28,15:29,GIPCL,26.7441
2026-09-28,15:29,GKSL,24.5317
2026-09-28,15:29,GLAND,30.3448
2026-09-28,15:29,GLAXO,23.4191
2026-09-28,15:29,GLENMARK,-2.2404
2026-09-28,15:29,GLOBAL,30.5295
2026-09-28,15:29,GMBREW,4.6104
2026-09-28,15:29,GMMPFAUDLR,71.4071
2026-09-28,15:29,GMRAIRPORT,0.2646
2026-09-28,15:29,GNA,62.9538
2026-09-28,15:29,GNFC,19.2526
2026-09-28,15:29,GNRL,2.0946
2026-09-28,15:29,GOCLCORP,27.0746
2026-09-28,15:29,GOCOLORS,19.8113
2026-09-28,15:29,GODREJAGRO,11.8948
2026-09-28,15:29,GOKEX,-1.4015
2026-09-28,15:29,GOODLUCK,16.1213
2026-09-28,15:29,GPPL,3.6835
2026-09-28,15:29,GPTHEALTH,9.9993
2026-09-28,15:29,GRANDOAK,27.6675
2026-09-28,15:29,GRANULES,12.2257
2026-09-28,15:29,GRAPHITE,7.8928
2026-09-28,15:29,GRASIM,6.0213
2026-09-28,15:29,GRAUWEIL,31.1056
2026-09-28,15:29,GREAVESCOT,37.1102
2026-09-28,15:29,GREENPLY,10.355
2026-09-28,15:29,GRINDWELL,-0.5496
2026-09-28,15:29,GROWW,-2.7109
2026-09-28,15:29,GRPLTD,22.2975
2026-09-28,15:29,GRWRHITECH,18.0683
2026-09-28,15:29,GSPCROP,9.5589
2026-09-28,15:29,GUFICBIO,47.1731
2026-09-28,15:29,GUJTHEM,11.797
2026-09-28,15:29,GULFOILLUB,23.1631
2026-09-28,15:29,GVPIL,-1.9493
2026-09-28,15:29,HAL,9.5112
2026-09-28,15:29,HALDYNGL,48.2437
2026-09-28,15:29,HAPPYFORGE,44.6674
2026-09-28,15:29,HARIOMPIPE,9.7178
2026-09-28,15:29,HARSHA,15.1354
2026-09-28,15:29,HATSUN,19.2119
2026-09-28,15:29,HAWKINCOOK,12.1635
2026-09-28,15:29,HBLENGINE,2.3448
2026-09-28,15:29,HCC,-1.6746
2026-09-28,15:29,HCG,6.0041
2026-09-28,15:29,HCLTECH,7.0781
2026-09-28,15:29,HEALTHX,-1.0411
2026-09-28,15:29,HEG,23.3679
2026-09-28,15:29,HERITGFOOD,22.4083
2026-09-28,15:29,HEROMOTOCO,8.4944
2026-09-28,15:29,HESTERBIO,16.7582
2026-09-28,15:29,HFCL,47.7824
2026-09-28,15:29,HIKAL,2.0079
2026-09-28,15:29,HINDOILEXP,4.4754
2026-09-28,15:29,HIRECT,21.138
2026-09-28,15:29,HITECHCORP,142.3694
2026-09-28,15:29,HITECHGEAR,12.3161
2026-09-28,15:29,HLEGLAS,36.953
2026-09-28,15:29,HMAAGRO,0.0417
2026-09-28,15:29,HMT,4.2189
2026-09-28,15:29,HMVL,6.9811
2026-09-28,15:29,HNDFDS,15.3102
2026-09-28,15:29,HOMEFIRST,1.3808
2026-09-28,15:29,HONASA,30.6377
2026-09-28,15:29,HONAUT,12.1769
2026-09-28,15:29,HSCL,15.2305
2026-09-28,15:29,HTMEDIA,10.1049
2026-09-28,15:29,HUHTAMAKI,41.7075
2026-09-28,15:29,HYUNDAI,14.7309
2026-09-28,15:29,IBULLSLTD,65.9966
2026-09-28,15:29,ICICIAMC,2.4575
2026-09-28,15:29,ICICIBANK,5.2291
2026-09-28,15:29,ICIL,44.0917
2026-09-28,15:29,IDBI,15.1296
2026-09-28,15:29,IDFCFIRSTB,18.0912
2026-09-28,15:29,IFBIND,16.2136
2026-09-28,15:29,IFCI,14.8836
2026-09-28,15:29,IFGLEXPOR,15.9297
2026-09-28,15:29,IGARASHI,3.9071
2026-09-28,15:29,IGPL,33.9668
2026-09-28,15:29,IIFL,28.9116
2026-09-28,15:29,IIFLCAPS,0.5559
2026-09-28,15:29,IKIO,29.4804
2026-09-28,15:29,IKS,8.5841
2026-09-28,15:29,IL&FSENGG,48.2692
2026-09-28,15:29,IMAGICAA,21.1384
2026-09-28,15:29,IMPAL,2.9206
2026-09-28,15:29,INDGN,19.412
2026-09-28,15:29,INDHOTEL,7.7926
2026-09-28,15:29,INDIAGLYCO,49.7684
2026-09-28,15:29,INDIANB,-0.9566
2026-09-28,15:29,INDIANHUME,14.5309
2026-09-28,15:29,INDIGO,14.3015
2026-09-28,15:29,INDIGOPNTS,12.8335
2026-09-28,15:29,INDIQUBE,14.9378
2026-09-28,15:29,INDNIPPON,64.9856
2026-09-28,15:29,INDOAMIN,8.3123
2026-09-28,15:29,INDOBORAX,73.6861
2026-09-28,15:29,INDOCO,17.6365
2026-09-28,15:29,INDOFARM,4.6287
2026-09-28,15:29,INDORAMA,184.264
2026-09-28,15:29,INDOSTAR,8.5066
2026-09-28,15:29,INDOTECH,27.6508
2026-09-28,15:29,INDRAMEDCO,0.0556
2026-09-28,15:29,INDSWFTLAB,200.3385
2026-09-28,15:29,INDUSINDBK,1.3989
2026-09-28,15:29,INNOVACAP,44.4217
2026-09-28,15:29,INOXINDIA,41.5333
2026-09-28,15:29,INTERARCH,1.6261
2026-09-28,15:29,INTLCONV,0.5664
2026-09-28,15:29,INVPRECQ,145.1829
2026-09-28,15:29,IOLCP,64.2044
2026-09-28,15:29,IONEXCHANG,8.5055
2026-09-28,15:29,IPCALAB,16.5614
2026-09-28,15:29,IRISDOREME,72.8524
2026-09-28,15:29,ITCHOTELS,3.2895
2026-09-28,15:29,ITDC,21.8279
2026-09-28,15:29,IZMO,24.9178
2026-09-28,15:29,J&KBANK,5.8959
2026-09-28,15:29,JAGSNPHARM,20.9272
2026-09-28,15:29,JAMNAAUTO,25.1613
2026-09-28,15:29,JASH,55.9809
2026-09-28,15:29,JAYAGROGN,9.0229
2026-09-28,15:29,JAYBARMARU,18.6405
2026-09-28,15:29,JAYKAY,28.5867
2026-09-28,15:29,JGCHEM,56.7479
2026-09-28,15:29,JINDALPHOT,4.6709
2026-09-28,15:29,JINDALSAW,25.7857
2026-09-28,15:29,JINDWORLD,84.0832
2026-09-28,15:29,JISLJALEQS,-0.551
2026-09-28,15:29,JITFINFRA,0.3
2026-09-28,15:29,JKIL,-2.546
2026-09-28,15:29,JKPAPER,4.515
2026-09-28,15:29,JLHL,0.0797
2026-09-28,15:29,JMFINANCIL,-2.2248
2026-09-28,15:29,JNKINDIA,12.5553
2026-09-28,15:29,JSFB,10.1379
2026-09-28,15:29,JSL,1.1873
2026-09-28,15:29,JSWDULUX,8.2508
2026-09-28,15:29,JSWINFRA,32.655
2026-09-28,15:29,JSWSTEEL,-1.4885
2026-09-28,15:29,JTLIND,32.7943
2026-09-28,15:29,JUBLCPL,23.6235
2026-09-28,15:29,JUBLFOOD,1.3015
2026-09-28,15:29,JUBLPHARMA,4.5602
2026-09-28,15:29,JUNIPER,7.3693
2026-09-28,15:29,JUSTDIAL,28.4002
2026-09-28,15:29,JYOTICNC,56.146
2026-09-28,15:29,KABRAEXTRU,281.8741
2026-09-28,15:29,KAJARIACER,12.8879
2026-09-28,15:29,KALYANKJIL,64.1682
2026-09-28,15:29,KAMATHOTEL,42.0443
2026-09-28,15:29,KAMDHENU,61.3571
2026-09-28,15:29,KANORICHEM,122.5824
2026-09-28,15:29,KANPRPLA,22.9962
2026-09-28,15:29,KAPSTON,63.8885
2026-09-28,15:29,KARURVYSYA,11.9351
2026-09-28,15:29,KAYNES,21.8927
2026-09-28,15:29,KCP,-0.8635
2026-09-28,15:29,KDDL,53.5498
2026-09-28,15:29,KECL,10.5922
2026-09-28,15:29,KENNAMET,47.9582
2026-09-28,15:29,KERNEX,26.648
2026-09-28,15:29,KFINTECH,6.7629
2026-09-28,15:29,KILITCH,18.0903
2026-09-28,15:29,KIMS,1.4091
2026-09-28,15:29,KINGFA,22.0207
2026-09-28,15:29,KIRANVYPAR,-0.8195
2026-09-28,15:29,KIRIINDUS,37.7781
2026-09-28,15:29,KIRLFER,10.9941
2026-09-28,15:29,KIRLOSBROS,7.8777
2026-09-28,15:29,KIRLOSENG,28.7475
2026-09-28,15:29,KIRLOSIND,10.8505
2026-09-28,15:29,KISSHT,39.4042
2026-09-28,15:29,KKCL,5.0819
2026-09-28,15:29,KLBRENG-B,7.2784
2026-09-28,15:29,KMEW,38.9203
2026-09-28,15:29,KNAGRI,3.3102
2026-09-28,15:29,KOLTEPATIL,9.6766
2026-09-28,15:29,KOPRAN,66.2798
2026-09-28,15:29,KOTAKBANK,4.7886
2026-09-28,15:29,KOTHARIPET,3.3002
2026-09-28,15:29,KOVAI,12.8488
2026-09-28,15:29,KPIL,10.6321
2026-09-28,15:29,KPL,73.9822
2026-09-28,15:29,KPRMILL,14.8818
2026-09-28,15:29,KRBL,16.063
2026-09-28,15:29,KRISHANA,36.2022
2026-09-28,15:29,KRN,32.664
2026-09-28,15:29,KRONOX,64.1441
2026-09-28,15:29,KROSS,36.2461
2026-09-28,15:29,KRYSTAL,6.9229
2026-09-28,15:29,KSHINTL,50.5658
2026-09-28,15:29,KSL,16.3957
2026-09-28,15:29,KTKBANK,22.0053
2026-09-28,15:29,KUANTUM,-0.3766
2026-09-28,15:29,KWIL,51.0816
2026-09-28,15:29,LALPATHLAB,16.391
2026-09-28,15:29,LANDMARK,31.737
2026-09-28,15:29,LAURUSLABS,47.7261
2026-09-28,15:29,LAXMIINDIA,1.276
2026-09-28,15:29,LENSKART,34.5794
2026-09-28,15:29,LGBBROSLTD,11.9984
2026-09-28,15:29,LGEINDIA,13.5704
2026-09-28,15:29,LICHSGFIN,3.173
2026-09-28,15:29,LICI,0.0924
2026-09-28,15:29,LIKHITHA,15.3939
2026-09-28,15:29,LLOYDSENGG,41.5487
2026-09-28,15:29,LLOYDSENT,9.6695
2026-09-28,15:29,LLOYDSME,10.9614
2026-09-28,15:29,LMW,17.8604
2026-09-28,15:29,LODHA,26.9432
2026-09-28,15:29,LOKESHMACH,33.6475
2026-09-28,15:29,LOTUSDEV,51.7948
2026-09-28,15:29,LTF,1.8865
2026-09-28,15:29,LTFOODS,1.1389
2026-09-28,15:29,LTM,-1.2455
2026-09-28,15:29,LUMAXIND,5.8166
2026-09-28,15:29,LUMAXTECH,23.1664
2026-09-28,15:29,LXCHEM,11.9826
2026-09-28,15:29,M&MFIN,7.3625
2026-09-28,15:29,MACPOWER,89.0919
2026-09-28,15:29,MAGADSUGAR,12.8088
2026-09-28,15:29,MAHABANK,2.6667
2026-09-28,15:29,MAHASTEEL,57.1814
2026-09-28,15:29,MAHLIFE,11.1417
2026-09-28,15:29,MAHLOG,18.9845
2026-09-28,15:29,MAHSCOOTER,11.2424
2026-09-28,15:29,MAHSEAMLES,11.4952
2026-09-28,15:29,MAITHANALL,-2.3553
2026-09-28,15:29,MAMATA,0.0998
2026-09-28,15:29,MANAKCOAT,26.0822
2026-09-28,15:29,MANAKSTEEL,71.8901
2026-09-28,15:29,MANALIPETC,45.4771
2026-09-28,15:29,MANAPPURAM,-1.927
2026-09-28,15:29,MANBA,29.2648
2026-09-28,15:29,MANGLMCEM,25.2661
2026-09-28,15:29,MANINDS,60.8894
2026-09-28,15:29,MANINFRA,6.3512
2026-09-28,15:29,MANORAMA,34.538
2026-09-28,15:29,MANYAVAR,30.418
2026-09-28,15:29,MARINE,90.6076
2026-09-28,15:29,MARKSANS,52.4929
2026-09-28,15:29,MATRIMONY,23.528
2026-09-28,15:29,MAWANASUG,41.6505
2026-09-28,15:29,MAXESTATES,40.8497
2026-09-28,15:29,MAXIND,-0.0708
2026-09-28,15:29,MAYURUNIQ,3.5825
2026-09-28,15:29,MAZDA,43.5511
2026-09-28,15:29,MBAPL,54.0116
2026-09-28,15:29,MBECL,12903.3519
2026-09-28,15:29,MCCHRLS-B,2.1395
2026-09-28,15:29,MEDANTA,15.5875
2026-09-28,15:29,MEESHO,11.7969
2026-09-28,15:29,MENONBE,93.1147
2026-09-28,15:29,METROPOLIS,10.4187
2026-09-28,15:29,MGL,-2.4916
2026-09-28,15:29,MIDHANI,4.3522
2026-09-28,15:29,MINDACORP,30.0734
2026-09-28,15:29,MMFL,33.4437
2026-09-28,15:29,MMP,57.1568
2026-09-28,15:29,MOBIKWIK,1.3131
2026-09-28,15:29,MODIS,4.0281
2026-09-28,15:29,MODISONLTD,149.5644
2026-09-28,15:29,MOL,16.2924
2026-09-28,15:29,MOLDTECH,63.3872
2026-09-28,15:29,MONARCH,12.3376
2026-09-28,15:29,MOREPENLAB,183.8899
2026-09-28,15:29,MOTHERSON,22.8494
2026-09-28,15:29,MOTILALOFS,19.5109
2026-09-28,15:29,MPHASIS,0.4264
2026-09-28,15:29,MPSLTD,43.3544
2026-09-28,15:29,MRPL,14.629
2026-09-28,15:29,MSTCLTD,69.5061
2026-09-28,15:29,MUFIN,7.5525
2026-09-28,15:29,MUKANDLTD,21.2721
2026-09-28,15:29,MUKKA,18.5985
2026-09-28,15:29,MUNJALAU,21.7337
2026-09-28,15:29,MUTHOOTMF,-0.4287
2026-09-28,15:29,MVGJL,31.0634
2026-09-28,15:29,NAHARINDUS,17.777
2026-09-28,15:29,NAHARSPING,3.6046
2026-09-28,15:29,NAM-INDIA,-0.825
2026-09-28,15:29,NAUKRI,33.0751
2026-09-28,15:29,NAVINFLUOR,19.6693
2026-09-28,15:29,NAZARA,30.4415
2026-09-28,15:29,NBIFIN,3.8375
2026-09-28,15:29,NCLIND,4.5306
2026-09-28,15:29,NELCO,36.8449
2026-09-28,15:29,NEOGEN,41.3163
2026-09-28,15:29,NEPHROPLUS,9.7541
2026-09-28,15:29,NETWEB,18.8666
2026-09-28,15:29,NEULANDLAB,28.9702
2026-09-28,15:29,NEWGEN,5.352
2026-09-28,15:29,NGLFINE,13.2733
2026-09-28,15:29,NIACL,4.1324
2026-09-28,15:29,NIBE,5.3465
2026-09-28,15:29,NIITLTD,33.4357
2026-09-28,15:29,NILKAMAL,54.1553
2026-09-28,15:29,NINSYS,14.4026
2026-09-28,15:29,NIRLON,0.1235
2026-09-28,15:29,NITINSPIN,19.637
2026-09-28,15:29,NITTAGELA,30.2505
2026-09-28,15:29,NOCIL,4.3486
2026-09-28,15:29,NORTHARC,5.5284
2026-09-28,15:29,NOVARTIND,46.2585
2026-09-28,15:29,NPST,54.2744
2026-09-28,15:29,NRAIL,40.7826
2026-09-28,15:29,NRBBEARING,51.2781
2026-09-28,15:29,NRL,202.5969
2026-09-28,15:29,NSIL,-1.4782
2026-09-28,15:29,NUVAMA,11.1367
2026-09-28,15:29,NUVOCO,3.5431
2026-09-28,15:29,NYKAA,19.0999
2026-09-28,15:29,OAL,79.8862
2026-09-28,15:29,OBEROIRLTY,12.4977
2026-09-28,15:29,OCCLLTD,84.8337
2026-09-28,15:29,OFSS,11.3
2026-09-28,15:29,OLAELEC,2.4351
2026-09-28,15:29,OMAXE,43.8242
2026-09-28,15:29,OMNI,28.727
2026-09-28,15:29,ONEPOINT,16.1231
2026-09-28,15:29,ONMOBILE,1.3961
2026-09-28,15:29,ONWARDTEC,9.5901
2026-09-28,15:29,OPTIEMUS,93.6058
2026-09-28,15:29,ORBTEXP,38.4639
2026-09-28,15:29,ORCHPHARMA,43.0728
2026-09-28,15:29,ORIENTBELL,15.7864
2026-09-28,15:29,ORIENTCER,13.9379
2026-09-28,15:29,ORIENTHOT,42.593
2026-09-28,15:29,PAGEIND,-2.0504
2026-09-28,15:29,PAISALO,61.395
2026-09-28,15:29,PANACHE,44.0358
2026-09-28,15:29,PANAMAPET,44.8249
2026-09-28,15:29,PANSARI,8.6875
2026-09-28,15:29,PARACABLES,3.2997
2026-09-28,15:29,PARADEEP,25.201
2026-09-28,15:29,PARAGMILK,29.9754
2026-09-28,15:29,PARAS,72.6062
2026-09-28,15:29,PARKHOSPS,7.9193
2026-09-28,15:29,PASUPTAC,35.4712
2026-09-28,15:29,PATELENG,4.4255
2026-09-28,15:29,PATELRMART,2.9108
2026-09-28,15:29,PAUSHAKLTD,45.933
2026-09-28,15:29,PAYTM,41.8119
2026-09-28,15:29,PCBL,13.634
2026-09-28,15:29,PDMJEPAPER,12.6486
2026-09-28,15:29,PDSL,18.7362
2026-09-28,15:29,PENIND,21.804
2026-09-28,15:29,PERSISTENT,4.8071
2026-09-28,15:29,PETRONET,9.522
2026-09-28,15:29,PFOCUS,23.1972
2026-09-28,15:29,PGEL,9.7759
2026-09-28,15:29,PGHL,0.7745
2026-09-28,15:29,PGIL,62.8676
2026-09-28,15:29,PHOENIXLTD,11.8547
2026-09-28,15:29,PICCADIL,3.8568
2026-09-28,15:29,PIDILITIND,3.2564
2026-09-28,15:29,PINELABS,15.9108
2026-09-28,15:29,PITTIENG,24.322
2026-09-28,15:29,PIXTRANS,12.1456
2026-09-28,15:29,PLASTIBLEN,20.7613
2026-09-28,15:29,PNB,10.1546
2026-09-28,15:29,PNBHOUSING,2.2813
2026-09-28,15:29,PNGJL,12.2974
2026-09-28,15:29,PNGSREVA,23.9104
2026-09-28,15:29,POLYMED,12.1488
2026-09-28,15:29,POLYPLEX,19.6376
2026-09-28,15:29,POONAWALLA,11.2597
2026-09-28,15:29,POWERICA,0.6616
2026-09-28,15:29,PPL,34.2233
2026-09-28,15:29,PPLPHARMA,17.1477
2026-09-28,15:29,PRABHA,33.5825
2026-09-28,15:29,PRADPME,20.5994
2026-09-28,15:29,PRAVEG,-2.2335
2026-09-28,15:29,PRECWIRE,21.1926
2026-09-28,15:29,PREMEXPLN,21.6731
2026-09-28,15:29,PREMIERPOL,66.1178
2026-09-28,15:29,PRESTIGE,5.9807
2026-09-28,15:29,PRICOLLTD,39.9034
2026-09-28,15:29,PRIMESECU,7.3435
2026-09-28,15:29,PRIMO,24.6345
2026-09-28,15:29,PRINCEPIPE,-2.7725
2026-09-28,15:29,PRIVISCL,13.6243
2026-09-28,15:29,PROTEAN,26.8342
2026-09-28,15:29,PROZONER,5.8514
2026-09-28,15:29,PRUDENT,17.8528
2026-09-28,15:29,PSPPROJECT,1.5577
2026-09-28,15:29,PTCIL,37.2816
2026-09-28,15:29,PUNJABCHEM,3.6156
2026-09-28,15:29,PVP,126.4332
2026-09-28,15:29,PVRINOX,22.9796
2026-09-28,15:29,PWL,13.7894
2026-09-28,15:29,QPOWER,49.0734
2026-09-28,15:29,QUADFUTURE,87.511
2026-09-28,15:29,QUESS,68.8794
2026-09-28,15:29,RACLGEAR,27.0157
2026-09-28,15:29,RADHIKAJWE,17.3148
2026-09-28,15:29,RADICO,25.5868
2026-09-28,15:29,RAIN,40.9644
2026-09-28,15:29,RAINBOW,2.2802
2026-09-28,15:29,RAJOOENG,-1.7749
2026-09-28,15:29,RAJPALAYAM,0.1387
2026-09-28,15:29,RAJRATAN,12.372
2026-09-28,15:29,RAJRILTD,4.1041
2026-09-28,15:29,RAMCOIND,13.4879
2026-09-28,15:29,RAMCOSYS,43.4788
2026-09-28,15:29,RAMRAT,29.7705
2026-09-28,15:29,RANEHOLDIN,7.6359
2026-09-28,15:29,RATEGAIN,25.6558
2026-09-28,15:29,RATNAMANI,8.2132
2026-09-28,15:29,RATNAVEER,80.936
2026-09-28,15:29,RAYMOND,117.904
2026-09-28,15:29,RAYMONDREL,19.043
2026-09-28,15:29,RBA,33.874
2026-09-28,15:29,RBLBANK,23.8965
2026-09-28,15:29,RBZJEWEL,52.4769
2026-09-28,15:29,REDINGTON,80.5915
2026-09-28,15:29,REFEX,-0.4512
2026-09-28,15:29,REGAAL,11.6772
2026-09-28,15:29,RELAXO,-0.1888
2026-09-28,15:29,RELIGARE,2.5381
2026-09-28,15:29,RELTD,15.2296
2026-09-28,15:29,RESPONIND,-1.8882
2026-09-28,15:29,RGL,59.1867
2026-09-28,15:29,RHIM,0.0388
2026-09-28,15:29,RICOAUTO,10.9118
2026-09-28,15:29,RISHABH,37.0666
2026-09-28,15:29,RITCO,6.2802
2026-09-28,15:29,RKFORGE,26.0262
2026-09-28,15:29,RMDRIP,19.6199
2026-09-28,15:29,RML,49.6417
2026-09-28,15:29,ROLEXRINGS,34.677
2026-09-28,15:29,ROSSTECH,54.7859
2026-09-28,15:29,ROTO,10.3564
2026-09-28,15:29,RPEL,87.1081
2026-09-28,15:29,RPGLIFE,28.4826
2026-09-28,15:29,RPTECH,62.5954
2026-09-28,15:29,RRKABEL,25.3465
2026-09-28,15:29,RSL,27.4825
2026-09-28,15:29,RSWM,32.2177
2026-09-28,15:29,RSYSTEMS,0.3683
2026-09-28,15:29,RUBICON,61.5334
2026-09-28,15:29,RUBYMILLS,123.8688
2026-09-28,15:29,SAFARI,-2.809
2026-09-28,15:29,SAGILITY,3.2067
2026-09-28,15:29,SAILIFE,38.684
2026-09-28,15:29,SAIPARENT,6.0959
2026-09-28,15:29,SAKAR,34.691
2026-09-28,15:29,SAKSOFT,0.8032
2026-09-28,15:29,SALSTEEL,54.1763
2026-09-28,15:29,SAMBHV,40.6778
2026-09-28,15:29,SAMHI,4.1476
2026-09-28,15:29,SAMMAANCAP,-2.1015
2026-09-28,15:29,SANATHAN,28.6158
2026-09-28,15:29,SANDESH,4.0174
2026-09-28,15:29,SANDHAR,8.7112
2026-09-28,15:29,SANGAMIND,30.1686
2026-09-28,15:29,SANGHVIMOV,37.9385
2026-09-28,15:29,SANOFI,-2.7116
2026-09-28,15:29,SANSERA,79.2776
2026-09-28,15:29,SAPPHIRE,19.6796
2026-09-28,15:29,SAREGAMA,20.4428
2026-09-28,15:29,SARLAPOLY,2.4754
2026-09-28,15:29,SATIA,6.2402
2026-09-28,15:29,SATIN,5.3341
2026-09-28,15:29,SAYAJIHOTL,16.4107
2026-09-28,15:29,SBC,50.987
2026-09-28,15:29,SBCL,66.9976
2026-09-28,15:29,SBIN,1.1673
2026-09-28,15:29,SCHAEFFLER,-1.4795
2026-09-28,15:29,SCPL,39.2644
2026-09-28,15:29,SEAMECLTD,4.1492
2026-09-28,15:29,SEDEMAC,70.6165
2026-09-28,15:29,SENORES,24.7393
2026-09-28,15:29,SESHAPAPER,4.073
2026-09-28,15:29,SETL,211.8038
2026-09-28,15:29,SFL,7.4349
2026-09-28,15:29,SGFIN,5.181
2026-09-28,15:29,SGIL,22.4595
2026-09-28,15:29,SGMART,17.349
2026-09-28,15:29,SHADOWFAX,40.301
2026-09-28,15:29,SHAILY,10.9628
2026-09-28,15:29,SHALPAINTS,49.8188
2026-09-28,15:29,SHANTIGEAR,43.0378
2026-09-28,15:29,SHANTIGOLD,39.5634
2026-09-28,15:29,SHARDAMOTR,6.8755
2026-09-28,15:29,SHAREINDIA,40.6346
2026-09-28,15:29,SHILCTECH,-1.4008
2026-09-28,15:29,SHILPAMED,115.253
2026-09-28,15:29,SHINDL,3.2651
2026-09-28,15:29,SHIVALIK,62.1745
2026-09-28,15:29,SHIVAUM,67.4462
2026-09-28,15:29,SHK,9.7674
2026-09-28,15:29,SHOPERSTOP,25.9857
2026-09-28,15:29,SHREEJISPG,72.1276
2026-09-28,15:29,SHREEPUSHK,39.1737
2026-09-28,15:29,SHREERAMA,0.8601
2026-09-28,15:29,SHRINGARMS,3.8335
2026-09-28,15:29,SHRIPISTON,41.5473
2026-09-28,15:29,SHRIRAMFIN,5.7231
2026-09-28,15:29,SHYAMMETL,15.8357
2026-09-28,15:29,SICALLOG,38.9339
2026-09-28,15:29,SIEMENS,2.4105
2026-09-28,15:29,SIGACHI,40.8223
2026-09-28,15:29,SIGMAADV,193.409
2026-09-28,15:29,SIKA,12.8314
2026-09-28,15:29,SILVERTUC,-2.5075
2026-09-28,15:29,SIMPLEXINF,11.1009
2026-09-28,15:29,SIS,-0.2025
2026-09-28,15:29,SJS,15.0173
2026-09-28,15:29,SKFINDUS,39.5699
2026-09-28,15:29,SKIPPER,15.4045
2026-09-28,15:29,SKMEGGPROD,7.3006
2026-09-28,15:29,SKYGOLD,70.9093
2026-09-28,15:29,SMARTWORKS,15.5357
2026-09-28,15:29,SMCGLOBAL,54.7017
2026-09-28,15:29,SMLMAH,74.0251
2026-09-28,15:29,SMSPHARMA,8.9206
2026-09-28,15:29,SOFTTECH,22.2675
2026-09-28,15:29,SOLARA,28.3535
2026-09-28,15:29,SOLARINDS,5.162
2026-09-28,15:29,SOMANYCERA,19.4011
2026-09-28,15:29,SONACOMS,37.2579
2026-09-28,15:29,SONATSOFTW,2.6212
2026-09-28,15:29,SOTL,67.5773
2026-09-28,15:29,SOUTHBANK,17.4879
2026-09-28,15:29,SPAL,19.7148
2026-09-28,15:29,SPARC,10.4366
2026-09-28,15:29,SPECIALITY,40.7687
2026-09-28,15:29,SPECTRUM,150.5215
2026-09-28,15:29,SPLPETRO,25.6593
2026-09-28,15:29,SPORTKING,36.9832
2026-09-28,15:29,SREEL,57.1019
2026-09-28,15:29,SRHHYPOLTD,11.3607
2026-09-28,15:29,SSWL,86.8779
2026-09-28,15:29,STALLION,33.9501
2026-09-28,15:29,STAR,0.8496
2026-09-28,15:29,STARHEALTH,6.2909
2026-09-28,15:29,STEELCAS,30.5228
2026-09-28,15:29,STEL,38.735
2026-09-28,15:29,STLNETWORK,102.7259
2026-09-28,15:29,STLTECH,103.8405
2026-09-28,15:29,STOVEKRAFT,46.5754
2026-09-28,15:29,STYL,45.2809
2026-09-28,15:29,STYLAMIND,19.6812
2026-09-28,15:29,STYLEBAAZA,11.1581
2026-09-28,15:29,SUBEXLTD,99.1185
2026-09-28,15:29,SUBROS,-1.9462
2026-09-28,15:29,SUDARCOLOR,12.3208
2026-09-28,15:29,SUDARSCHEM,39.1163
2026-09-28,15:29,SUDEEPPHRM,75.1731
2026-09-28,15:29,SUNDARMFIN,-0.6071
2026-09-28,15:29,SUNDRMFAST,39.7879
2026-09-28,15:29,SUNDROP,10.5436
2026-09-28,15:29,SUNFLAG,28.2879
2026-09-28,15:29,SUNPHARMA,-2.2496
2026-09-28,15:29,SUNTV,0.4735
2026-09-28,15:29,SUPRAJIT,15.4452
2026-09-28,15:29,SUPREMEIND,0.9257
2026-09-28,15:29,SUPRIYA,35.7808
2026-09-28,15:29,SURAJEST,1.2347
2026-09-28,15:29,SURAKSHA,13.7682
2026-09-28,15:29,SUTLEJTEX,1.1482
2026-09-28,15:29,SUVEN,19.5814
2026-09-28,15:29,SVLL,47.911
2026-09-28,15:29,SWANDEF,37.0255
2026-09-28,15:29,SWIGGY,-0.1365
2026-09-28,15:29,SYNCOMF,57.3352
2026-09-28,15:29,SYRMA,73.9442
2026-09-28,15:29,SYSTMTXC,14.4641
2026-09-28,15:29,TAJGVK,3.786
2026-09-28,15:29,TALBROAUTO,33.7559
2026-09-28,15:29,TARC,-1.0015
2026-09-28,15:29,TARSONS,58.9018
2026-09-28,15:29,TASTYBITE,29.224
2026-09-28,15:29,TATACAP,9.1484
2026-09-28,15:29,TATAINVEST,-2.6658
2026-09-28,15:29,TATATECH,4.8336
2026-09-28,15:29,TATVA,41.7344
2026-09-28,15:29,TBOTEK,40.3205
2026-09-28,15:29,TBZ,383.3333
2026-09-28,15:29,TCI,-2.3871
2026-09-28,15:29,TCPLPACK,56.5747
2026-09-28,15:29,TDPOWERSYS,17.284
2026-09-28,15:29,TECHM,7.1716
2026-09-28,15:29,TEGA,27.423
2026-09-28,15:29,TEJASNET,5.2959
2026-09-28,15:29,TEXINFRA,19.2918
2026-09-28,15:29,TEXRAIL,13.6083
2026-09-28,15:29,TFCILTD,89.7053
2026-09-28,15:29,THANGAMAYL,32.5513
2026-09-28,15:29,THEJO,30.677
2026-09-28,15:29,THELEELA,34.6523
2026-09-28,15:29,THEMISMED,19.8953
2026-09-28,15:29,THOMASCOOK,9.506
2026-09-28,15:29,THYROCARE,15.3709
2026-09-28,15:29,TI,32.8406
2026-09-28,15:29,TIIL,12.2547
2026-09-28,15:29,TIL,36.6477
2026-09-28,15:29,TIMETECHNO,6.6636
2026-09-28,15:29,TIMEX,104.3119
2026-09-28,15:29,TINNARUBR,27.3302
2026-09-28,15:29,TIPSMUSIC,-0.2958
2026-09-28,15:29,TIRUPATIFL,87.0307
2026-09-28,15:29,TITAGARH,9.599
2026-09-28,15:29,TITAN,17.3656
2026-09-28,15:29,TMB,24.3955
2026-09-28,15:29,TMCV,14.0242
2026-09-28,15:29,TNPETRO,37.8667
2026-09-28,15:29,TNPL,-2.6442
2026-09-28,15:29,TORNTPHARM,9.9296
2026-09-28,15:29,TPLPLASTEH,2.8526
2026-09-28,15:29,TRANSPEK,5.9808
2026-09-28,15:29,TRAVELFOOD,13.4799
2026-09-28,15:29,TREL,19.7265
2026-09-28,15:29,TRIVENI,6.0182
2026-09-28,15:29,TSFINV,7.3068
2026-09-28,15:29,TTKHLTCARE,14.6088
2026-09-28,15:29,TVSMOTOR,21.8061
2026-09-28,15:29,TVSSCS,13.6665
2026-09-28,15:29,TVSSRICHAK,25.0139
2026-09-28,15:29,UDS,20.1943
2026-09-28,15:29,UEL,31.9592
2026-09-28,15:29,UFBL,69.1243
2026-09-28,15:29,UFLEX,59.0757
2026-09-28,15:29,UGARSUGAR,48.4155
2026-09-28,15:29,UJJIVANSFB,17.8591
2026-09-28,15:29,ULTRAMAR,0.6605
2026-09-28,15:29,UNICHEMLAB,43.807
2026-09-28,15:29,UNIMECH,74.6677
2026-09-28,15:29,UNIONBANK,8.0189
2026-09-28,15:29,UNIPARTS,55.8555
2026-09-28,15:29,UNITDSPR,10.1822
2026-09-28,15:29,UNITEDPOLY,30.3772
2026-09-28,15:29,UNIVASTU,88.6489
2026-09-28,15:29,UNIVCABLES,42.3754
2026-09-28,15:29,UNIVPHOTO,23.7724
2026-09-28,15:29,UNOMINDA,11.0375
2026-09-28,15:29,URBANCO,34.9151
2026-09-28,15:29,USHAMART,9.13
2026-09-28,15:29,UTLSOLAR,53.6626
2026-09-28,15:29,UTTAMSUGAR,20.1835
2026-09-28,15:29,VADILALIND,75.5958
2026-09-28,15:29,VALIANTLAB,55.4351
2026-09-28,15:29,VALIANTORG,36.872
2026-09-28,15:29,VARROC,52.0613
2026-09-28,15:29,VASCONEQ,-0.8508
2026-09-28,15:29,VELJAN,96.501
2026-09-28,15:29,VENKEYS,8.4989
2026-09-28,15:29,VENUSPIPES,59.6496
2026-09-28,15:29,VENUSREM,56.2782
2026-09-28,15:29,VERANDA,-0.8415
2026-09-28,15:29,VGUARD,-0.2597
2026-09-28,15:29,VIDHIING,20.8397
2026-09-28,15:29,VIDYAWIRES,3.3477
2026-09-28,15:29,VIJAYA,18.0624
2026-09-28,15:29,VIMTALABS,30.1356
2026-09-28,15:29,VINCOFE,34.2459
2026-09-28,15:29,VINDHYATEL,59.2254
2026-09-28,15:29,VIPIND,-1.2665
2026-09-28,15:29,VISAKAIND,20.4225
2026-09-28,15:29,VISHNU,15.4019
2026-09-28,15:29,VLSFINANCE,3.0606
2026-09-28,15:29,VMART,20.9658
2026-09-28,15:29,VOLTAMP,14.5706
2026-09-28,15:29,VRLLOG,16.0768
2026-09-28,15:29,VSSL,48.1919
2026-09-28,15:29,WABAG,41.867
2026-09-28,15:29,WELCORP,108.0732
2026-09-28,15:29,WELENT,53.9014
2026-09-28,15:29,WELINV,40.1452
2026-09-28,15:29,WELSPLSOL,28.1191
2026-09-28,15:29,WELSPUNLIV,60.9248
2026-09-28,15:29,WENDT,21.2586
2026-09-28,15:29,WESTLIFE,23.8466
2026-09-28,15:29,WEWORK,33.6586
2026-09-28,15:29,WHEELS,48.4477
2026-09-28,15:29,WHIRLPOOL,7.1378
2026-09-28,15:29,WINDLAS,38.1555
2026-09-28,15:29,WINDMACHIN,7.5009
2026-09-28,15:29,WOCKPHARMA,35.7156
2026-09-28,15:29,WONDERLA,3.809
2026-09-28,15:29,WSTCSTPAPR,51.5314
2026-09-28,15:29,XPROINDIA,6.6579
2026-09-28,15:29,YASHO,100.0049
2026-09-28,15:29,YATHARTH,29.9557
2026-09-28,15:29,YATRA,7.5873
2026-09-28,15:29,YUKEN,71.4666
2026-09-28,15:29,ZENTEC,2.4062
2026-09-28,15:29,ZFSTEERING,2.4644
2026-09-28,15:29,ZIMLAB,38.7712
2026-09-28,15:29,ZOTA,9.9451
2026-09-28,15:29,ZSARACOM,6.1857
2026-09-28,15:29,ZUARI,1.5671
2026-09-28,15:29,ZUARIIND,12.0397
2026-09-28,15:29,ZYDUSLIFE,16.7315
2026-09-28,15:29,ZYDUSWELL,2.312
2026-09-29,15:29,20MICRONS,21.6278
2026-09-29,15:29,3BBLACKBIO,35.0225
2026-09-29,15:29,3MINDIA,-0.9627
2026-09-29,15:29,63MOONS,18.7637
2026-09-29,15:29,AARTIDRUGS,12.6709
2026-09-29,15:29,AARTIIND,-2.6618
2026-09-29,15:29,AARTIPHARM,38.28
2026-09-29,15:29,ABB,0.9473
2026-09-29,15:29,ABBOTINDIA,-1.6056
2026-09-29,15:29,ABCAPITAL,8.1855
2026-09-29,15:29,ABDL,33.4389
2026-09-29,15:29,ACCELYA,-2.2488
2026-09-29,15:29,ACE,38.9651
2026-09-29,15:29,ACMESOLAR,54.9443
2026-09-29,15:29,ACSTECH,139.722
2026-09-29,15:29,ACUTAAS,10.122
2026-09-29,15:29,ADANIENSOL,-2.712
2026-09-29,15:29,ADANIENT,10.2054
2026-09-29,15:29,ADANIPORTS,1.6004
2026-09-29,15:29,ADFFOODS,1.6866
2026-09-29,15:29,ADOR,47.7273
2026-09-29,15:29,ADVANCE,16.746
2026-09-29,15:29,AEGISLOG,78.5808
2026-09-29,15:29,AEGISVOPAK,43.5016
2026-09-29,15:29,AEQUS,26.4866
2026-09-29,15:29,AEROENTER,27.1411
2026-09-29,15:29,AEROFLEX,42.0187
2026-09-29,15:29,AETHER,61.6088
2026-09-29,15:29,AFFLE,4.0771
2026-09-29,15:29,AFSL,-0.1044
2026-09-29,15:29,AGARWALEYE,2.9412
2026-09-29,15:29,AGI,35.6892
2026-09-29,15:29,AHCL,161.987
2026-09-29,15:29,AIIL,2.7693
2026-09-29,15:29,AJANTPHARM,12.9652
2026-09-29,15:29,AJAXENGG,4.2463
2026-09-29,15:29,AJMERA,1.4351
2026-09-29,15:29,AKCAPIT,8.3312
2026-09-29,15:29,AKUMS,57.1977
2026-09-29,15:29,ALEMBICLTD,24.059
2026-09-29,15:29,ALGOQUANT,11.5757
2026-09-29,15:29,ALICON,10.1094
2026-09-29,15:29,ALIVUS,28.424
2026-09-29,15:29,ALKYLAMINE,2.2326
2026-09-29,15:29,AMAGI,42.0814
2026-09-29,15:29,AMANTA,47.8612
2026-09-29,15:29,AMBIKCO,-0.2222
2026-09-29,15:29,ANANDRATHI,16.8428
2026-09-29,15:29,ANANTRAJ,18.0402
2026-09-29,15:29,ANDHRAPAP,14.1594
2026-09-29,15:29,ANDHRSUGAR,5.7111
2026-09-29,15:29,ANDREWYU,1.9329
2026-09-29,15:29,ANTELOPUS,63.9749
2026-09-29,15:29,ANTHEM,13.0867
2026-09-29,15:29,ANUHPHR,17.7366
2026-09-29,15:29,APARINDS,38.4909
2026-09-29,15:29,APCOTEXIND,20.7075
2026-09-29,15:29,APLAPOLLO,17.6287
2026-09-29,15:29,APLLTD,15.0354
2026-09-29,15:29,APOLLO,12.2699
2026-09-29,15:29,APOLLOHOSP,4.2186
2026-09-29,15:29,APOLLOTYRE,9.3708
2026-09-29,15:29,ARIES,33.6336
2026-09-29,15:29,ARIHANT,-1.1619
2026-09-29,15:29,ARIHANTCAP,29.3261
2026-09-29,15:29,ARIS,13.474
2026-09-29,15:29,ARKADE,6.0727
2026-09-29,15:29,ARMANFIN,0.5641
2026-09-29,15:29,ARROWGREEN,82.4741
2026-09-29,15:29,ARTEMISMED,31.252
2026-09-29,15:29,ARVIND,11.2823
2026-09-29,15:29,ARVSMART,-0.8698
2026-09-29,15:29,ASAHIINDIA,12.3431
2026-09-29,15:29,ASHIANA,3.4844
2026-09-29,15:29,ASHOKLEY,-0.6732
2026-09-29,15:29,ASIANENE,31.55
2026-09-29,15:29,ASIANHOTNR,20.3698
2026-09-29,15:29,ASKAUTOLTD,38.9487
2026-09-29,15:29,ASTAR,3.6446
2026-09-29,15:29,ASTERDM,-3.3322
2026-09-29,15:29,ASTRAMICRO,39.5188
2026-09-29,15:29,ATHERENERG,58.2143
2026-09-29,15:29,ATL,1.1575
2026-09-29,15:29,ATLANTAELE,-0.4083
2026-09-29,15:29,AUBANK,4.8503
2026-09-29,15:29,AUROPHARMA,9.7627
2026-09-29,15:29,AURUM,23.1057
2026-09-29,15:29,AVADHSUGAR,67.6067
2026-09-29,15:29,AVALON,57.4771
2026-09-29,15:29,AVL,10.3513
2026-09-29,15:29,AVTNPL,38.8345
2026-09-29,15:29,AXISBANK,-3.2873
2026-09-29,15:29,AXISCADES,1.0509
2026-09-29,15:29,AYE,15.5572
2026-09-29,15:29,AYMSYNTEX,36.2575
2026-09-29,15:29,AZAD,43.9822
2026-09-29,15:29,BAFNAPH,168.0727
2026-09-29,15:29,BAJAJ-AUTO,1.35
2026-09-29,15:29,BAJAJFINSV,-0.5593
2026-09-29,15:29,BAJAJHCARE,10.0345
2026-09-29,15:29,BAJAJHFL,-1.765
2026-09-29,15:29,BAJAJHLDNG,1.9035
2026-09-29,15:29,BAJFINANCE,7.288
2026-09-29,15:29,BALAJITELE,-0.8752
2026-09-29,15:29,BALAMINES,16.615
2026-09-29,15:29,BALRAMCHIN,25.2023
2026-09-29,15:29,BALUFORGE,3.8653
2026-09-29,15:29,BANCOINDIA,-0.8324
2026-09-29,15:29,BANDHANBNK,-3.0197
2026-09-29,15:29,BANSALWIRE,2.2947
2026-09-29,15:29,BECTORFOOD,16.8598
2026-09-29,15:29,BEEKAY,8.7737
2026-09-29,15:29,BELRISE,13.3406
2026-09-29,15:29,BEML,6.7934
2026-09-29,15:29,BENGALASM,-1.4554
2026-09-29,15:29,BEPL,32.0413
2026-09-29,15:29,BETA,66.9146
2026-09-29,15:29,BFINVEST,11.819
2026-09-29,15:29,BHAGERIA,148.3568
2026-09-29,15:29,BHAGYANGR,47.0101
2026-09-29,15:29,BHARATFORG,2.2751
2026-09-29,15:29,BHARATSE,12.3613
2026-09-29,15:29,BHEL,1.274
2026-09-29,15:29,BIL,38.8993
2026-09-29,15:29,BIRLACABLE,142.7942
2026-09-29,15:29,BIRLANU,1.9875
2026-09-29,15:29,BLACKBUCK,20.3636
2026-09-29,15:29,BLACKROSE,15.033
2026-09-29,15:29,BLISSGVS,140.8198
2026-09-29,15:29,BLSE,54.3231
2026-09-29,15:29,BLUEJET,24.9233
2026-09-29,15:29,BLUESTONE,74.7155
2026-09-29,15:29,BLUSPRING,105.5587
2026-09-29,15:29,BODALCHEM,143.0561
2026-09-29,15:29,BOROLTD,20.5947
2026-09-29,15:29,BOSCH-HCIL,41.1868
2026-09-29,15:29,BOSCHLTD,29.7927
2026-09-29,15:29,BPCL,0.9953
2026-09-29,15:29,BRIGADE,12.2978
2026-09-29,15:29,BUILDPRO,17.5992
2026-09-29,15:29,CANHLIFE,7.4779
2026-09-29,15:29,CANTABIL,7.2664
2026-09-29,15:29,CAPILLARY,10.4511
2026-09-29,15:29,CAPITALSFB,-0.2675
2026-09-29,15:29,CAPLIPOINT,35.446
2026-09-29,15:29,CARBORUNIV,12.9989
2026-09-29,15:29,CARTRADE,64.5444
2026-09-29,15:29,CARYSIL,0.6238
2026-09-29,15:29,CASTROLIND,9.6521
2026-09-29,15:29,CDSL,5.1759
2026-09-29,15:29,CEATLTD,1.874
2026-09-29,15:29,CEIGALL,14.029
2026-09-29,15:29,CEMPRO,39.2884
2026-09-29,15:29,CENTENKA,1.8253
2026-09-29,15:29,CENTUM,52.1929
2026-09-29,15:29,CGCL,33.1931
2026-09-29,15:29,CGPOWER,-0.792
2026-09-29,15:29,CHALET,4.9102
2026-09-29,15:29,CHEMBONDCH,20.098
2026-09-29,15:29,CHEMCON,20.7284
2026-09-29,15:29,CHENNPETRO,42.0564
2026-09-29,15:29,CHEVIOT,-2.6087
2026-09-29,15:29,CHOICEIN,9.8733
2026-09-29,15:29,CHOLAFIN,8.1981
2026-09-29,15:29,CIPLA,-1.6121
2026-09-29,15:29,CLEAN,1.9784
2026-09-29,15:29,CLEANMAX,17.9422
2026-09-29,15:29,CLSEL,7.0142
2026-09-29,15:29,COCKERILL,46.7151
2026-09-29,15:29,COFFEEDAY,25.7108
2026-09-29,15:29,COFORGE,25.0545
2026-09-29,15:29,COHANCE,9.0498
2026-09-29,15:29,COMSYN,67.2413
2026-09-29,15:29,CONCORDBIO,25.5853
2026-09-29,15:29,CONFIPET,48.7884
2026-09-29,15:29,CONSOFINVT,26.9695
2026-09-29,15:29,CONTROLPR,-2.3979
2026-09-29,15:29,CORONA,21.8003
2026-09-29,15:29,COSMOFIRST,4.3826
2026-09-29,15:29,CPPLUS,57.9936
2026-09-29,15:29,CRAFTSMAN,22.9662
2026-09-29,15:29,CREST,1.2339
2026-09-29,15:29,CRISIL,6.9655
2026-09-29,15:29,CUB,13.7993
2026-09-29,15:29,CUPID,139.6804
2026-09-29,15:29,CYIENT,16.9632
2026-09-29,15:29,CYIENTDLM,122.7152
2026-09-29,15:29,DALMIASUG,19.1502
2026-09-29,15:29,DAMCAPITAL,0.7568
2026-09-29,15:29,DATAMATICS,1.4763
2026-09-29,15:29,DATAPATTNS,7.297
2026-09-29,15:29,DBOL,17.0899
2026-09-29,15:29,DCBBANK,11.1618
2026-09-29,15:29,DCI,8.9662
2026-09-29,15:29,DCMSIL,24.5344
2026-09-29,15:29,DCW,-1.6681
2026-09-29,15:29,DDEVPLSTIK,5.8511
2026-09-29,15:29,DECNGOLD,39.1145
2026-09-29,15:29,DEEDEV,30.9882
2026-09-29,15:29,DEEPINDS,66.578
2026-09-29,15:29,DELTACORP,7.5588
2026-09-29,15:29,DENTA,-1.8951
2026-09-29,15:29,DEVYANI,14.0265
2026-09-29,15:29,DHAMPURSUG,17.5826
2026-09-29,15:29,DHARMAJ,3.088
2026-09-29,15:29,DHUNINV,15.0166
2026-09-29,15:29,DIACABS,81.6563
2026-09-29,15:29,DIAMONDYD,6.906
2026-09-29,15:29,DICIND,22.0855
2026-09-29,15:29,DIFFNKG,39.3718
2026-09-29,15:29,DISAQ,1.8201
2026-09-29,15:29,DIVGIITTS,75.1733
2026-09-29,15:29,DIVISLAB,37.5182
2026-09-29,15:29,DIXON,17.6941
2026-09-29,15:29,DLF,11.0639
2026-09-29,15:29,DMCC,14.5537
2026-09-29,15:29,DODLA,-2.6665
2026-09-29,15:29,DOLLAR,0.6464
2026-09-29,15:29,DOLPHIN,58.8745
2026-09-29,15:29,DPABHUSHAN,79.6204
2026-09-29,15:29,DRAGARWQ,1.9437
2026-09-29,15:29,DVL,17.0451
2026-09-29,15:29,DWARKESH,-2.6292
2026-09-29,15:29,DYCL,42.5661
2026-09-29,15:29,DYNAMATECH,19.5006
2026-09-29,15:29,E2E,91.1829
2026-09-29,15:29,EBGNG,52.0676
2026-09-29,15:29,ECLERX,15.1399
2026-09-29,15:29,EDELWEISS,25.8978
2026-09-29,15:29,EICHERMOT,4.1642
2026-09-29,15:29,EIEL,2.3027
2026-09-29,15:29,EIFFL,13.6224
2026-09-29,15:29,EIMCOELECO,38.6924
2026-09-29,15:29,ELANTAS,48.1976
2026-09-29,15:29,ELECTCAST,-2.0855
2026-09-29,15:29,ELGIEQUIP,4.8378
2026-09-29,15:29,ELPROINTL,2.9968
2026-09-29,15:29,EMAMIPAP,49.3579
2026-09-29,15:29,EMCURE,11.8527
2026-09-29,15:29,EMIL,65.3385
2026-09-29,15:29,EMKAY,26.7094
2026-09-29,15:29,EMMVEE,20.4019
2026-09-29,15:29,EMSLIMITED,6.4669
2026-09-29,15:29,EMUDHRA,33.0964
2026-09-29,15:29,ENDURANCE,1.2124
2026-09-29,15:29,ENGINERSIN,30.7757
2026-09-29,15:29,ENTERO,35.772
2026-09-29,15:29,EPACKPEB,28.6795
2026-09-29,15:29,EPL,8.5721
2026-09-29,15:29,EQUITASBNK,-2.7407
2026-09-29,15:29,ESAFSFB,60.9686
2026-09-29,15:29,ETERNAL,35.4472
2026-09-29,15:29,ETHOSLTD,5.715
2026-09-29,15:29,EVEREADY,-0.5458
2026-09-29,15:29,EVERESTIND,11.6443
2026-09-29,15:29,EXICOM,10.9202
2026-09-29,15:29,EXIDEIND,19.4249
2026-09-29,15:29,FAIRCHEMOR,11.576
2026-09-29,15:29,FCL,83.4125
2026-09-29,15:29,FDC,-3.394
2026-09-29,15:29,FEDDERSHOL,84.2441
2026-09-29,15:29,FEDERALBNK,12.8458
2026-09-29,15:29,FILATEX,164.2756
2026-09-29,15:29,FINCABLES,37.6186
2026-09-29,15:29,FINEORG,11.5621
2026-09-29,15:29,FINKURVE,1.8201
2026-09-29,15:29,FINOPB,6.9254
2026-09-29,15:29,FISCHER,-3.107
2026-09-29,15:29,FIVESTAR,11.7165
2026-09-29,15:29,FLUOROCHEM,15.1225
2026-09-29,15:29,FMGOETZE,1.299
2026-09-29,15:29,FOSECOIND,22.0946
2026-09-29,15:29,FSL,-1.9191
2026-09-29,15:29,GABRIEL,17.8507
2026-09-29,15:29,GAEL,-2.1595
2026-09-29,15:29,GAIL,9.0699
2026-09-29,15:29,GALAPREC,36.5857
2026-09-29,15:29,GALAXYSURF,26.3562
2026-09-29,15:29,GANDHAR,67.0228
2026-09-29,15:29,GANDHITUBE,4.0028
2026-09-29,15:29,GANESHBE,39.7162
2026-09-29,15:29,GANESHHOU,0.9716
2026-09-29,15:29,GARFIBRES,21.1783
2026-09-29,15:29,GARUDA,3.2937
2026-09-29,15:29,GAUDIUMIVF,-2.4328
2026-09-29,15:29,GAYAPROJ,33.2542
2026-09-29,15:29,GCSL,68.5429
2026-09-29,15:29,GEECEE,12.0173
2026-09-29,15:29,GEMAROMA,-1.4308
2026-09-29,15:29,GENESYS,68.4134
2026-09-29,15:29,GEOJITFSL,2.6478
2026-09-29,15:29,GFLLIMITED,23.6678
2026-09-29,15:29,GHCLTEXTIL,42.7631
2026-09-29,15:29,GIPCL,22.8832
2026-09-29,15:29,GKENERGY,-3.3511
2026-09-29,15:29,GKSL,26.1041
2026-09-29,15:29,GLAND,28.2583
2026-09-29,15:29,GLAXO,19.9552
2026-09-29,15:29,GLENMARK,2.0267
2026-09-29,15:29,GLOBAL,32.718
2026-09-29,15:29,GMBREW,2.3435
2026-09-29,15:29,GMMPFAUDLR,72.7602
2026-09-29,15:29,GMRAIRPORT,-3.2208
2026-09-29,15:29,GNA,59.825
2026-09-29,15:29,GNFC,17.1007
2026-09-29,15:29,GNRL,1.9315
2026-09-29,15:29,GOCLCORP,18.5686
2026-09-29,15:29,GOCOLORS,0.9454
2026-09-29,15:29,GODREJAGRO,7.4502
2026-09-29,15:29,GOKEX,-1.1796
2026-09-29,15:29,GOKULAGRO,-3.3847
2026-09-29,15:29,GOODLUCK,10.325
2026-09-29,15:29,GPPL,4.4706
2026-09-29,15:29,GPTHEALTH,9.3495
2026-09-29,15:29,GPTINFRA,-2.9357
2026-09-29,15:29,GRANDOAK,30.9384
2026-09-29,15:29,GRANULES,13.4193
2026-09-29,15:29,GRAPHITE,7.699
2026-09-29,15:29,GRASIM,-1.7277
2026-09-29,15:29,GRAUWEIL,26.189
2026-09-29,15:29,GREAVESCOT,38.842
2026-09-29,15:29,GREENPLY,10.9901
2026-09-29,15:29,GRINDWELL,-2.3338
2026-09-29,15:29,GROWW,-2.5747
2026-09-29,15:29,GRPLTD,12.5704
2026-09-29,15:29,GRWRHITECH,27.007
2026-09-29,15:29,GSPCROP,7.7585
2026-09-29,15:29,GUFICBIO,51.195
2026-09-29,15:29,GUJTHEM,13.8337
2026-09-29,15:29,GULFOILLUB,23.3464
2026-09-29,15:29,GVPIL,-1.9497
2026-09-29,15:29,HAL,4.0934
2026-09-29,15:29,HALDYNGL,41.008
2026-09-29,15:29,HAPPYFORGE,43.0897
2026-09-29,15:29,HARIOMPIPE,3.3853
2026-09-29,15:29,HARSHA,14.6573
2026-09-29,15:29,HATSUN,19.3769
2026-09-29,15:29,HAWKINCOOK,10.214
2026-09-29,15:29,HBLENGINE,3.0601
2026-09-29,15:29,HCC,1.123
2026-09-29,15:29,HCG,12.2169
2026-09-29,15:29,HCLTECH,4.6054
2026-09-29,15:29,HEALTHX,0.1054
2026-09-29,15:29,HEG,23.3679
2026-09-29,15:29,HERITGFOOD,22.8226
2026-09-29,15:29,HEROMOTOCO,4.7993
2026-09-29,15:29,HESTERBIO,15.0433
2026-09-29,15:29,HFCL,52.5291
2026-09-29,15:29,HIKAL,6.1071
2026-09-29,15:29,HINDOILEXP,1.7791
2026-09-29,15:29,HIRECT,18.2754
2026-09-29,15:29,HITECHCORP,102.5732
2026-09-29,15:29,HITECHGEAR,6.6951
2026-09-29,15:29,HLEGLAS,33.3282
2026-09-29,15:29,HMAAGRO,-1.9366
2026-09-29,15:29,HMT,4.7137
2026-09-29,15:29,HMVL,15.3785
2026-09-29,15:29,HNDFDS,13.1576
2026-09-29,15:29,HOMEFIRST,2.0515
2026-09-29,15:29,HONASA,22.5104
2026-09-29,15:29,HONAUT,-2.8171
2026-09-29,15:29,HSCL,13.0472
2026-09-29,15:29,HTMEDIA,12.626
2026-09-29,15:29,HUHTAMAKI,38.9413
2026-09-29,15:29,HYUNDAI,13.8088
2026-09-29,15:29,IBULLSLTD,64.4505
2026-09-29,15:29,ICICIAMC,1.0407
2026-09-29,15:29,ICICIBANK,3.9749
2026-09-29,15:29,ICIL,41.6545
2026-09-29,15:29,IDBI,14.2936
2026-09-29,15:29,IDEAFORGE,-2.6116
2026-09-29,15:29,IDFCFIRSTB,16.3397
2026-09-29,15:29,IFBAGRO,-2.9216
2026-09-29,15:29,IFBIND,15.2591
2026-09-29,15:29,IFCI,16.3061
2026-09-29,15:29,IFGLEXPOR,13.0717
2026-09-29,15:29,IGARASHI,6.9239
2026-09-29,15:29,IGPL,36.2163
2026-09-29,15:29,IIFL,31.465
2026-09-29,15:29,IIFLCAPS,0.9364
2026-09-29,15:29,IKIO,28.5929
2026-09-29,15:29,IKS,9.8938
2026-09-29,15:29,IL&FSENGG,34.652
2026-09-29,15:29,IMAGICAA,20.905
2026-09-29,15:29,INDGN,18.8316
2026-09-29,15:29,INDHOTEL,8.6629
2026-09-29,15:29,INDIAGLYCO,52.6775
2026-09-29,15:29,INDIANB,-2.894
2026-09-29,15:29,INDIANHUME,14.0933
2026-09-29,15:29,INDIGO,10.6518
2026-09-29,15:29,INDIGOPNTS,8.804
2026-09-29,15:29,INDIQUBE,19.5538
2026-09-29,15:29,INDNIPPON,56.766
2026-09-29,15:29,INDOAMIN,15.5098
2026-09-29,15:29,INDOBORAX,50.9172
2026-09-29,15:29,INDOCO,31.749
2026-09-29,15:29,INDOFARM,3.5134
2026-09-29,15:29,INDORAMA,192.6995
2026-09-29,15:29,INDOSTAR,-0.9899
2026-09-29,15:29,INDOTECH,33.8121
2026-09-29,15:29,INDPRUD,-1.434
2026-09-29,15:29,INDRAMEDCO,-0.1829
2026-09-29,15:29,INDSWFTLAB,205.2087
2026-09-29,15:29,INDUSINDBK,-2.439
2026-09-29,15:29,INNOVACAP,45.738
2026-09-29,15:29,INOXINDIA,41.4981
2026-09-29,15:29,INTLCONV,3.3058
2026-09-29,15:29,INVPRECQ,149.3362
2026-09-29,15:29,IOLCP,66.2788
2026-09-29,15:29,IONEXCHANG,5.4228
2026-09-29,15:29,IPCALAB,18.3934
2026-09-29,15:29,IRISDOREME,77.6521
2026-09-29,15:29,ITCHOTELS,3.9029
2026-09-29,15:29,ITDC,19.7977
2026-09-29,15:29,IXIGO,-2.0837
2026-09-29,15:29,IZMO,23.2841
2026-09-29,15:29,J&KBANK,-1.0995
2026-09-29,15:29,JAGSNPHARM,10.7959
2026-09-29,15:29,JAMNAAUTO,19.4513
2026-09-29,15:29,JASH,53.9887
2026-09-29,15:29,JAYAGROGN,2.8702
2026-09-29,15:29,JAYBARMARU,6.1781
2026-09-29,15:29,JAYKAY,20.4453
2026-09-29,15:29,JGCHEM,68.6252
2026-09-29,15:29,JINDALPHOT,3.759
2026-09-29,15:29,JINDALPOLY,-2.3921
2026-09-29,15:29,JINDALSAW,26.7574
2026-09-29,15:29,JINDWORLD,79.9312
2026-09-29,15:29,JISLJALEQS,-0.0345
2026-09-29,15:29,JITFINFRA,-3.331
2026-09-29,15:29,JKPAPER,2.1935
2026-09-29,15:29,JLHL,-0.1334
2026-09-29,15:29,JMFINANCIL,-2.985
2026-09-29,15:29,JNKINDIA,10.2098
2026-09-29,15:29,JSFB,11.8091
2026-09-29,15:29,JSL,0.2104
2026-09-29,15:29,JSWDULUX,4.5516
2026-09-29,15:29,JSWINFRA,31.8516
2026-09-29,15:29,JSWSTEEL,-0.6946
2026-09-29,15:29,JTLIND,28.5136
2026-09-29,15:29,JUBLCPL,19.5688
2026-09-29,15:29,JUBLFOOD,6.278
2026-09-29,15:29,JUBLPHARMA,3.6129
2026-09-29,15:29,JUNIPER,7.0339
2026-09-29,15:29,JUSTDIAL,26.0198
2026-09-29,15:29,JYOTICNC,58.3526
2026-09-29,15:29,KABRAEXTRU,267.5096
2026-09-29,15:29,KAJARIACER,12.1737
2026-09-29,15:29,KALYANKJIL,61.1473
2026-09-29,15:29,KAMATHOTEL,41.556
2026-09-29,15:29,KAMDHENU,56.9677
2026-09-29,15:29,KANORICHEM,121.909
2026-09-29,15:29,KANPRPLA,18.7524
2026-09-29,15:29,KAPSTON,69.6276
2026-09-29,15:29,KARURVYSYA,10.4304
2026-09-29,15:29,KAYNES,10.6019
2026-09-29,15:29,KCP,-2.1856
2026-09-29,15:29,KDDL,36.3387
2026-09-29,15:29,KECL,6.5006
2026-09-29,15:29,KENNAMET,42.4853
2026-09-29,15:29,KERNEX,27.8853
2026-09-29,15:29,KFINTECH,0.8058
2026-09-29,15:29,KILITCH,18.4093
2026-09-29,15:29,KIMS,0.0975
2026-09-29,15:29,KINGFA,26.1455
2026-09-29,15:29,KIRANVYPAR,6.6464
2026-09-29,15:29,KIRIINDUS,37.1137
2026-09-29,15:29,KIRLFER,8.7574
2026-09-29,15:29,KIRLOSBROS,13.9379
2026-09-29,15:29,KIRLOSENG,43.4287
2026-09-29,15:29,KIRLOSIND,13.1108
2026-09-29,15:29,KISSHT,46.6751
2026-09-29,15:29,KKCL,6.2194
2026-09-29,15:29,KLBRENG-B,10.712
2026-09-29,15:29,KMEW,41.797
2026-09-29,15:29,KNAGRI,2.0521
2026-09-29,15:29,KOLTEPATIL,8.4296
2026-09-29,15:29,KOPRAN,73.9312
2026-09-29,15:29,KOTAKBANK,6.6036
2026-09-29,15:29,KOTHARIPET,3.3579
2026-09-29,15:29,KOVAI,11.4024
2026-09-29,15:29,KPIL,6.9157
2026-09-29,15:29,KPL,73.6991
2026-09-29,15:29,KPRMILL,13.6388
2026-09-29,15:29,KRBL,14.328
2026-09-29,15:29,KRISHANA,31.8078
2026-09-29,15:29,KRN,31.4299
2026-09-29,15:29,KRONOX,61.6685
2026-09-29,15:29,KROSS,36.6902
2026-09-29,15:29,KRSNAA,-1.4771
2026-09-29,15:29,KRYSTAL,7.0842
2026-09-29,15:29,KSB,0.6652
2026-09-29,15:29,KSHINTL,48.1844
2026-09-29,15:29,KSL,18.7404
2026-09-29,15:29,KTKBANK,19.7157
2026-09-29,15:29,KUANTUM,-2.6269
2026-09-29,15:29,KWIL,60.3442
2026-09-29,15:29,LALPATHLAB,16.04
2026-09-29,15:29,LANDMARK,35.9196
2026-09-29,15:29,LAURUSLABS,46.4841
2026-09-29,15:29,LAXMIINDIA,0.7204
2026-09-29,15:29,LENSKART,35.326
2026-09-29,15:29,LGBBROSLTD,11.4324
2026-09-29,15:29,LGEINDIA,13.6583
2026-09-29,15:29,LICHSGFIN,1.9611
2026-09-29,15:29,LICI,-2.5244
2026-09-29,15:29,LIKHITHA,12.5448
2026-09-29,15:29,LLOYDSENGG,50.7005
2026-09-29,15:29,LLOYDSENT,15.182
2026-09-29,15:29,LLOYDSME,10.9737
2026-09-29,15:29,LMW,19.3147
2026-09-29,15:29,LODHA,25.2164
2026-09-29,15:29,LOKESHMACH,33.444
2026-09-29,15:29,LOTUSDEV,51.6858
2026-09-29,15:29,LTF,0.4447
2026-09-29,15:29,LTFOODS,0.1243
2026-09-29,15:29,LUMAXIND,0.5477
2026-09-29,15:29,LUMAXTECH,23.4475
2026-09-29,15:29,LXCHEM,11.0699
2026-09-29,15:29,M&MFIN,8.6438
2026-09-29,15:29,MACPOWER,83.5677
2026-09-29,15:29,MAGADSUGAR,13.3355
2026-09-29,15:29,MAHABANK,-0.7523
2026-09-29,15:29,MAHASTEEL,48.5933
2026-09-29,15:29,MAHLIFE,8.2134
2026-09-29,15:29,MAHLOG,19.6291
2026-09-29,15:29,MAHSCOOTER,5.9131
2026-09-29,15:29,MAHSEAMLES,13.0009
2026-09-29,15:29,MAITHANALL,-2.5512
2026-09-29,15:29,MAMATA,-1.4918
2026-09-29,15:29,MANAKCOAT,27.2137
2026-09-29,15:29,MANAKSTEEL,69.994
2026-09-29,15:29,MANALIPETC,44.4164
2026-09-29,15:29,MANAPPURAM,-1.8455
2026-09-29,15:29,MANBA,28.3203
2026-09-29,15:29,MANGLMCEM,17.8411
2026-09-29,15:29,MANINDS,70.6411
2026-09-29,15:29,MANINFRA,8.2156
2026-09-29,15:29,MANKIND,1.2291
2026-09-29,15:29,MANORAMA,36.2009
2026-09-29,15:29,MANYAVAR,25.9356
2026-09-29,15:29,MARINE,88.6001
2026-09-29,15:29,MARKSANS,58.5558
2026-09-29,15:29,MATRIMONY,24.4011
2026-09-29,15:29,MAWANASUG,42.9064
2026-09-29,15:29,MAXESTATES,38.6892
2026-09-29,15:29,MAXIND,1.6816
2026-09-29,15:29,MAYURUNIQ,7.4225
2026-09-29,15:29,MAZDA,44.6453
2026-09-29,15:29,MBAPL,52.686
2026-09-29,15:29,MBECL,13865.5874
2026-09-29,15:29,MCCHRLS-B,3.7449
2026-09-29,15:29,MCLOUD,-2.5223
2026-09-29,15:29,MCX,-2.7326
2026-09-29,15:29,MEDANTA,14.1026
2026-09-29,15:29,MEESHO,15.9593
2026-09-29,15:29,MENONBE,95.8291
2026-09-29,15:29,METROPOLIS,6.3351
2026-09-29,15:29,MGL,-0.3132
2026-09-29,15:29,MIDHANI,4.163
2026-09-29,15:29,MINDACORP,25.3143
2026-09-29,15:29,MMFL,33.5295
2026-09-29,15:29,MMP,57.2945
2026-09-29,15:29,MOBIKWIK,0.9843
2026-09-29,15:29,MODIS,6.1127
2026-09-29,15:29,MODISONLTD,154.8233
2026-09-29,15:29,MOL,17.1885
2026-09-29,15:29,MOLDTECH,66.4106
2026-09-29,15:29,MONARCH,8.6805
2026-09-29,15:29,MOREPENLAB,176.4076
2026-09-29,15:29,MOSCHIP,-1.5282
2026-09-29,15:29,MOTHERSON,15.7372
2026-09-29,15:29,MOTILALOFS,18.1452
2026-09-29,15:29,MPHASIS,-3.2861
2026-09-29,15:29,MPSLTD,47.8093
2026-09-29,15:29,MRF,-2.3717
2026-09-29,15:29,MRPL,14.3038
2026-09-29,15:29,MSTCLTD,67.2845
2026-09-29,15:29,MUFIN,8.4174
2026-09-29,15:29,MUKANDLTD,22.4202
2026-09-29,15:29,MUKKA,16.1447
2026-09-29,15:29,MUNJALAU,20.8764
2026-09-29,15:29,MUTHOOTMF,-2.035
2026-09-29,15:29,MVGJL,25.0294
2026-09-29,15:29,NAHARINDUS,17.5668
2026-09-29,15:29,NAHARSPING,-0.5358
2026-09-29,15:29,NAM-INDIA,-1.0011
2026-09-29,15:29,NAUKRI,34.413
2026-09-29,15:29,NAVINFLUOR,15.6775
2026-09-29,15:29,NAZARA,36.1851
2026-09-29,15:29,NBIFIN,0.8274
2026-09-29,15:29,NCLIND,3.1133
2026-09-29,15:29,NELCO,38.6188
2026-09-29,15:29,NEOGEN,44.3483
2026-09-29,15:29,NEPHROPLUS,13.3145
2026-09-29,15:29,NETWEB,20.9745
2026-09-29,15:29,NEULANDLAB,28.0707
2026-09-29,15:29,NEWGEN,5.7811
2026-09-29,15:29,NGLFINE,14.7488
2026-09-29,15:29,NIACL,1.3307
2026-09-29,15:29,NIITLTD,32.7952
2026-09-29,15:29,NILKAMAL,53.4589
2026-09-29,15:29,NINSYS,18.0573
2026-09-29,15:29,NIRLON,-1.0857
2026-09-29,15:29,NITINSPIN,17.5621
2026-09-29,15:29,NITTAGELA,26.2409
2026-09-29,15:29,NOCIL,1.8774
2026-09-29,15:29,NORTHARC,0.5881
2026-09-29,15:29,NOVARTIND,42.8858
2026-09-29,15:29,NPST,59.5714
2026-09-29,15:29,NRAIL,43.6182
2026-09-29,15:29,NRBBEARING,47.4451
2026-09-29,15:29,NRL,204.1247
2026-09-29,15:29,NUVAMA,10.2135
2026-09-29,15:29,NUVOCO,0.38
2026-09-29,15:29,NYKAA,19.2532
2026-09-29,15:29,OAL,77.162
2026-09-29,15:29,OBEROIRLTY,6.5583
2026-09-29,15:29,OCCLLTD,84.4405
2026-09-29,15:29,OFSS,6.9421
2026-09-29,15:29,OLAELEC,5.3788
2026-09-29,15:29,OMAXE,49.6242
2026-09-29,15:29,OMNI,32.4979
2026-09-29,15:29,ONEPOINT,17.1218
2026-09-29,15:29,ONMOBILE,-0.3778
2026-09-29,15:29,ONWARDTEC,10.4662
2026-09-29,15:29,OPTIEMUS,89.3911
2026-09-29,15:29,ORBTEXP,60.0452
2026-09-29,15:29,ORCHPHARMA,43.4386
2026-09-29,15:29,ORIENTBELL,18.4292
2026-09-29,15:29,ORIENTCER,13.943
2026-09-29,15:29,ORIENTHOT,42.3144
2026-09-29,15:29,PAISALO,57.4319
2026-09-29,15:29,PANACHE,46.1938
2026-09-29,15:29,PANAMAPET,48.4628
2026-09-29,15:29,PANSARI,4.7701
2026-09-29,15:29,PARACABLES,1.1894
2026-09-29,15:29,PARADEEP,24.5494
2026-09-29,15:29,PARAGMILK,27.8444
2026-09-29,15:29,PARAS,67.573
2026-09-29,15:29,PARKHOSPS,7.6986
2026-09-29,15:29,PASHUPATI,0.9912
2026-09-29,15:29,PASUPTAC,37.4771
2026-09-29,15:29,PATELENG,2.0841
2026-09-29,15:29,PATELRMART,7.5695
2026-09-29,15:29,PAUSHAKLTD,46.7662
2026-09-29,15:29,PAYTM,45.6386
2026-09-29,15:29,PCBL,13.8894
2026-09-29,15:29,PDMJEPAPER,12.408
2026-09-29,15:29,PDSL,18.5896
2026-09-29,15:29,PENIND,21.5808
2026-09-29,15:29,PERSISTENT,2.8492
2026-09-29,15:29,PETRONET,4.8351
2026-09-29,15:29,PFOCUS,25.7924
2026-09-29,15:29,PGEL,6.2251
2026-09-29,15:29,PGHL,4.418
2026-09-29,15:29,PGIL,60.2185
2026-09-29,15:29,PHOENIXLTD,7.4233
2026-09-29,15:29,PICCADIL,4.8435
2026-09-29,15:29,PIDILITIND,-0.8012
2026-09-29,15:29,PINELABS,15.6621
2026-09-29,15:29,PITTIENG,19.5225
2026-09-29,15:29,PIXTRANS,5.2628
2026-09-29,15:29,PLASTIBLEN,25.3525
2026-09-29,15:29,PNB,9.6448
2026-09-29,15:29,PNBHOUSING,4.0061
2026-09-29,15:29,PNGJL,11.4487
2026-09-29,15:29,PNGSREVA,28.4785
2026-09-29,15:29,POLYMED,6.0686
2026-09-29,15:29,POLYPLEX,7.8721
2026-09-29,15:29,POONAWALLA,11.784
2026-09-29,15:29,POWERICA,8.0631
2026-09-29,15:29,POWERMECH,-3.1004
2026-09-29,15:29,PPL,32.2084
2026-09-29,15:29,PPLPHARMA,18.7358
2026-09-29,15:29,PRABHA,32.7791
2026-09-29,15:29,PRADPME,23.9859
2026-09-29,15:29,PRECWIRE,25.5397
2026-09-29,15:29,PREMEXPLN,17.2701
2026-09-29,15:29,PREMIERPOL,67.4057
2026-09-29,15:29,PRESTIGE,2.3023
2026-09-29,15:29,PRICOLLTD,35.3595
2026-09-29,15:29,PRIMESECU,7.1935
2026-09-29,15:29,PRIMO,23.0009
2026-09-29,15:29,PRIVISCL,10.3511
2026-09-29,15:29,PROTEAN,1.9031
2026-09-29,15:29,PROZONER,8.4942
2026-09-29,15:29,PRUDENT,15.2919
2026-09-29,15:29,PSPPROJECT,-0.3565
2026-09-29,15:29,PTCIL,43.4072
2026-09-29,15:29,PTL,-2.0513
2026-09-29,15:29,PUNJABCHEM,1.4496
2026-09-29,15:29,PVP,113.0716
2026-09-29,15:29,PVRINOX,20.5043
2026-09-29,15:29,PWL,13.9281
2026-09-29,15:29,QPOWER,43.9027
2026-09-29,15:29,QUADFUTURE,93.211
2026-09-29,15:29,QUESS,69.8441
2026-09-29,15:29,RACLGEAR,13.5607
2026-09-29,15:29,RADHIKAJWE,21.2533
2026-09-29,15:29,RADICO,22.1759
2026-09-29,15:29,RAIN,40.552
2026-09-29,15:29,RAINBOW,1.7103
2026-09-29,15:29,RAJPALAYAM,0.258
2026-09-29,15:29,RAJRATAN,13.4461
2026-09-29,15:29,RAJRILTD,2.505
2026-09-29,15:29,RAMCOIND,11.5869
2026-09-29,15:29,RAMCOSYS,41.3943
2026-09-29,15:29,RAMRAT,35.3112
2026-09-29,15:29,RANEHOLDIN,9.2578
2026-09-29,15:29,RATEGAIN,27.2128
2026-09-29,15:29,RATNAMANI,12.0413
2026-09-29,15:29,RATNAVEER,77.8464
2026-09-29,15:29,RAYMOND,118.9751
2026-09-29,15:29,RAYMONDREL,22.0267
2026-09-29,15:29,RBA,35.3842
2026-09-29,15:29,RBLBANK,22.2814
2026-09-29,15:29,RBZJEWEL,57.5058
2026-09-29,15:29,REDINGTON,84.4464
2026-09-29,15:29,REFEX,-2.3335
2026-09-29,15:29,REGAAL,6.4617
2026-09-29,15:29,RELAXO,-0.7828
2026-09-29,15:29,RELIGARE,0.9089
2026-09-29,15:29,RELTD,15.57
2026-09-29,15:29,RESPONIND,1.5834
2026-09-29,15:29,RGL,59.6404
2026-09-29,15:29,RHIM,-1.4042
2026-09-29,15:29,RICOAUTO,8.4178
2026-09-29,15:29,RISHABH,39.9555
2026-09-29,15:29,RITCO,7.4407
2026-09-29,15:29,RKFORGE,26.2187
2026-09-29,15:29,RMDRIP,25.8427
2026-09-29,15:29,RML,48.9644
2026-09-29,15:29,ROLEXRINGS,32.1728
2026-09-29,15:29,ROSSTECH,59.537
2026-09-29,15:29,ROTO,10.6524
2026-09-29,15:29,RPEL,86.6283
2026-09-29,15:29,RPGLIFE,35.8368
2026-09-29,15:29,RPTECH,67.9553
2026-09-29,15:29,RRKABEL,29.7142
2026-09-29,15:29,RSL,25.4074
2026-09-29,15:29,RSWM,25.2108
2026-09-29,15:29,RSYSTEMS,10.401
2026-09-29,15:29,RUBICON,66.0303
2026-09-29,15:29,RUBYMILLS,113.0388
2026-09-29,15:29,SAGILITY,2.6792
2026-09-29,15:29,SAILIFE,37.0618
2026-09-29,15:29,SAIPARENT,4.6657
2026-09-29,15:29,SAKAR,42.5929
2026-09-29,15:29,SAKSOFT,0.9461
2026-09-29,15:29,SALSTEEL,67.3505
2026-09-29,15:29,SAMBHV,49.8753
2026-09-29,15:29,SAMHI,1.8412
2026-09-29,15:29,SANATHAN,24.3811
2026-09-29,15:29,SANDESH,3.4358
2026-09-29,15:29,SANDHAR,-0.5971
2026-09-29,15:29,SANGAMIND,33.158
2026-09-29,15:29,SANGHVIMOV,28.904
2026-09-29,15:29,SANSERA,52.8184
2026-09-29,15:29,SAPPHIRE,15.7009
2026-09-29,15:29,SAREGAMA,21.4198
2026-09-29,15:29,SARLAPOLY,0.0628
2026-09-29,15:29,SATIA,5.9898
2026-09-29,15:29,SATIN,9.2225
2026-09-29,15:29,SAYAJIHOTL,5.5556
2026-09-29,15:29,SBC,44.4826
2026-09-29,15:29,SBCL,61.7731
2026-09-29,15:29,SBIN,1.4513
2026-09-29,15:29,SCPL,38.8155
2026-09-29,15:29,SEAMECLTD,4.1648
2026-09-29,15:29,SEDEMAC,74.9711
2026-09-29,15:29,SENORES,26.5336
2026-09-29,15:29,SESHAPAPER,2.8323
2026-09-29,15:29,SETL,221.3831
2026-09-29,15:29,SFL,6.0542
2026-09-29,15:29,SGFIN,3.2252
2026-09-29,15:29,SGIL,29.5909
2026-09-29,15:29,SGMART,22.3022
2026-09-29,15:29,SHADOWFAX,36.7199
2026-09-29,15:29,SHAILY,10.4741
2026-09-29,15:29,SHALPAINTS,56.2425
2026-09-29,15:29,SHANTIGEAR,36.0737
2026-09-29,15:29,SHANTIGOLD,34.9088
2026-09-29,15:29,SHARDAMOTR,7.1429
2026-09-29,15:29,SHAREINDIA,41.8874
2026-09-29,15:29,SHILCTECH,-2.6741
2026-09-29,15:29,SHILPAMED,122.4271
2026-09-29,15:29,SHINDL,2.4247
2026-09-29,15:29,SHIVALIK,61.377
2026-09-29,15:29,SHIVAUM,67.8154
2026-09-29,15:29,SHK,10.9591
2026-09-29,15:29,SHOPERSTOP,27.2244
2026-09-29,15:29,SHREEJISPG,74.5085
2026-09-29,15:29,SHREEPUSHK,40.8858
2026-09-29,15:29,SHRINGARMS,3.3408
2026-09-29,15:29,SHRIPISTON,44.8457
2026-09-29,15:29,SHRIRAMFIN,6.2039
2026-09-29,15:29,SHYAMMETL,14.897
2026-09-29,15:29,SICALLOG,38.4926
2026-09-29,15:29,SIEMENS,-0.2849
2026-09-29,15:29,SIGACHI,41.0495
2026-09-29,15:29,SIGMAADV,193.4074
2026-09-29,15:29,SIKA,11.5954
2026-09-29,15:29,SILVERTUC,-1.3404
2026-09-29,15:29,SIMPLEXINF,12.88
2026-09-29,15:29,SIRCA,-2.9492
2026-09-29,15:29,SIS,6.853
2026-09-29,15:29,SJS,17.2725
2026-09-29,15:29,SKFINDUS,30.6568
2026-09-29,15:29,SKIPPER,17.882
2026-09-29,15:29,SKMEGGPROD,11.1224
2026-09-29,15:29,SKYGOLD,76.3941
2026-09-29,15:29,SMARTWORKS,16.1884
2026-09-29,15:29,SMCGLOBAL,48.3881
2026-09-29,15:29,SMLMAH,74.2881
2026-09-29,15:29,SMSPHARMA,12.5748
2026-09-29,15:29,SOFTTECH,25.0715
2026-09-29,15:29,SOLARA,32.8932
2026-09-29,15:29,SOLARINDS,1.4028
2026-09-29,15:29,SOMANYCERA,18.7216
2026-09-29,15:29,SONACOMS,39.5944
2026-09-29,15:29,SONATSOFTW,-3.2814
2026-09-29,15:29,SOTL,69.6439
2026-09-29,15:29,SOUTHBANK,18.7759
2026-09-29,15:29,SPAL,22.5671
2026-09-29,15:29,SPARC,15.8155
2026-09-29,15:29,SPECIALITY,34.36
2026-09-29,15:29,SPECTRUM,163.2961
2026-09-29,15:29,SPLPETRO,20.7067
2026-09-29,15:29,SPORTKING,33.0157
2026-09-29,15:29,SREEL,52.1918
2026-09-29,15:29,SRHHYPOLTD,8.8005
2026-09-29,15:29,SSWL,90.3416
2026-09-29,15:29,STALLION,30.0136
2026-09-29,15:29,STAR,1.1647
2026-09-29,15:29,STARHEALTH,2.1741
2026-09-29,15:29,STEELCAS,26.4411
2026-09-29,15:29,STEL,31.8523
2026-09-29,15:29,STLNETWORK,97.6818
2026-09-29,15:29,STLTECH,106.2597
2026-09-29,15:29,STOVEKRAFT,47.5206
2026-09-29,15:29,STYL,40.8601
2026-09-29,15:29,STYLAMIND,20.9323
2026-09-29,15:29,STYLEBAAZA,18.0758
2026-09-29,15:29,SUBEXLTD,89.8321
2026-09-29,15:29,SUBROS,-1.749
2026-09-29,15:29,SUDARCOLOR,4.6074
2026-09-29,15:29,SUDARSCHEM,21.906
2026-09-29,15:29,SUDEEPPHRM,78.8686
2026-09-29,15:29,SUNDARMFIN,-3.3145
2026-09-29,15:29,SUNDRMFAST,37.0579
2026-09-29,15:29,SUNDROP,10.7628
2026-09-29,15:29,SUNFLAG,27.2927
2026-09-29,15:29,SUNPHARMA,-1.3906
2026-09-29,15:29,SUNTECK,-1.9759
2026-09-29,15:29,SUNTV,6.6506
2026-09-29,15:29,SUPRAJIT,16.8329
2026-09-29,15:29,SUPREMEIND,-0.5943
2026-09-29,15:29,SUPRIYA,34.2213
2026-09-29,15:29,SURAKSHA,10.9185
2026-09-29,15:29,SUTLEJTEX,-2.5428
2026-09-29,15:29,SUVEN,20.492
2026-09-29,15:29,SVLL,44.8918
2026-09-29,15:29,SWANDEF,41.562
2026-09-29,15:29,SWARAJENG,-3.5212
2026-09-29,15:29,SWIGGY,1.1765
2026-09-29,15:29,SYNCOMF,83.5905
2026-09-29,15:29,SYRMA,65.1881
2026-09-29,15:29,SYSTMTXC,12.6269
2026-09-29,15:29,TAJGVK,1.9321
2026-09-29,15:29,TALBROAUTO,35.5656
2026-09-29,15:29,TARSONS,56.5417
2026-09-29,15:29,TASTYBITE,28.9894
2026-09-29,15:29,TATACAP,11.266
2026-09-29,15:29,TATATECH,3.4106
2026-09-29,15:29,TATVA,52.0923
2026-09-29,15:29,TBOTEK,40.3566
2026-09-29,15:29,TBZ,368.0278
2026-09-29,15:29,TCI,-3.5688
2026-09-29,15:29,TCIEXP,3.7959
2026-09-29,15:29,TCPLPACK,60.1104
2026-09-29,15:29,TDPOWERSYS,19.3994
2026-09-29,15:29,TECHM,6.3732
2026-09-29,15:29,TEGA,30.2282
2026-09-29,15:29,TEJASNET,5.3038
2026-09-29,15:29,TEXINFRA,19.5077
2026-09-29,15:29,TEXRAIL,16.3827
2026-09-29,15:29,TFCILTD,87.0724
2026-09-29,15:29,THANGAMAYL,34.7688
2026-09-29,15:29,THEJO,28.6611
2026-09-29,15:29,THELEELA,31.1701
2026-09-29,15:29,THEMISMED,21.6038
2026-09-29,15:29,THOMASCOOK,11.6579
2026-09-29,15:29,THYROCARE,16.64
2026-09-29,15:29,TI,27.4083
2026-09-29,15:29,TIIL,12.157
2026-09-29,15:29,TIL,33.4852
2026-09-29,15:29,TIMETECHNO,5.3681
2026-09-29,15:29,TIMEX,100.2747
2026-09-29,15:29,TINNARUBR,33.2218
2026-09-29,15:29,TIPSMUSIC,-1.7682
2026-09-29,15:29,TIRUPATIFL,85.9758
2026-09-29,15:29,TITAGARH,8.8259
2026-09-29,15:29,TITAN,14.4963
2026-09-29,15:29,TMB,24.8626
2026-09-29,15:29,TMCV,13.2272
2026-09-29,15:29,TNPETRO,40.0691
2026-09-29,15:29,TNPL,1.0249
2026-09-29,15:29,TORNTPHARM,9.5051
2026-09-29,15:29,TPLPLASTEH,2.4168
2026-09-29,15:29,TRANSPEK,11.9341
2026-09-29,15:29,TRAVELFOOD,12.7379
2026-09-29,15:29,TREL,16.1554
2026-09-29,15:29,TRIVENI,1.3133
2026-09-29,15:29,TSFINV,2.5925
2026-09-29,15:29,TTKHLTCARE,16.3356
2026-09-29,15:29,TTKPRESTIG,-1.4767
2026-09-29,15:29,TVSMOTOR,21.0134
2026-09-29,15:29,TVSSCS,13.3949
2026-09-29,15:29,TVSSRICHAK,23.2252
2026-09-29,15:29,UDS,19.5226
2026-09-29,15:29,UEL,27.8989
2026-09-29,15:29,UFBL,40.1705
2026-09-29,15:29,UFLEX,57.3233
2026-09-29,15:29,UGARSUGAR,37.4792
2026-09-29,15:29,UJJIVANSFB,23.3648
2026-09-29,15:29,ULTRAMAR,3.4483
2026-09-29,15:29,UNICHEMLAB,54.8141
2026-09-29,15:29,UNIECOM,-3.1481
2026-09-29,15:29,UNIMECH,81.8083
2026-09-29,15:29,UNIONBANK,3.6722
2026-09-29,15:29,UNIPARTS,52.8032
2026-09-29,15:29,UNITDSPR,7.1036
2026-09-29,15:29,UNITEDPOLY,35.306
2026-09-29,15:29,UNIVASTU,75.7042
2026-09-29,15:29,UNIVCABLES,46.9796
2026-09-29,15:29,UNIVPHOTO,23.7625
2026-09-29,15:29,UNOMINDA,7.6823
2026-09-29,15:29,URBANCO,37.0187
2026-09-29,15:29,USHAMART,7.5795
2026-09-29,15:29,UTLSOLAR,54.1399
2026-09-29,15:29,UTTAMSUGAR,20.3393
2026-09-29,15:29,VADILALIND,69.469
2026-09-29,15:29,VALIANTLAB,60.8398
2026-09-29,15:29,VALIANTORG,38.3012
2026-09-29,15:29,VARROC,47.3777
2026-09-29,15:29,VASCONEQ,-2.6089
2026-09-29,15:29,VELJAN,100.2596
2026-09-29,15:29,VENKEYS,8.1314
2026-09-29,15:29,VENUSPIPES,62.3872
2026-09-29,15:29,VENUSREM,65.989
2026-09-29,15:29,VGUARD,0.7051
2026-09-29,15:29,VIDHIING,23.1666
2026-09-29,15:29,VIDYAWIRES,4.9832
2026-09-29,15:29,VIJAYA,17.1286
2026-09-29,15:29,VIMTALABS,31.3347
2026-09-29,15:29,VINCOFE,37.9477
2026-09-29,15:29,VINDHYATEL,62.8191
2026-09-29,15:29,VIPIND,-2.2829
2026-09-29,15:29,VISAKAIND,21.7933
2026-09-29,15:29,VISHNU,12.8338
2026-09-29,15:29,VLSFINANCE,1.1233
2026-09-29,15:29,VMART,19.3733
2026-09-29,15:29,VOLTAMP,14.1016
2026-09-29,15:29,VRLLOG,14.7967
2026-09-29,15:29,VSSL,48.6902
2026-09-29,15:29,WABAG,48.4438
2026-09-29,15:29,WAKEFIT,0.0695
2026-09-29,15:29,WCIL,-2.1647
2026-09-29,15:29,WEALTH,-2.963
2026-09-29,15:29,WELCORP,113.6521
2026-09-29,15:29,WELENT,49.6983
2026-09-29,15:29,WELINV,34.0638
2026-09-29,15:29,WELSPLSOL,24.5038
2026-09-29,15:29,WELSPUNLIV,54.7835
2026-09-29,15:29,WENDT,22.5369
2026-09-29,15:29,WESTLIFE,27.4514
2026-09-29,15:29,WEWORK,16.2485
2026-09-29,15:29,WHEELS,31.4722
2026-09-29,15:29,WHIRLPOOL,1.2251
2026-09-29,15:29,WINDLAS,40.1227
2026-09-29,15:29,WINDMACHIN,2.3891
2026-09-29,15:29,WOCKPHARMA,37.1546
2026-09-29,15:29,WONDERLA,2.851
2026-09-29,15:29,WPIL,-0.3119
2026-09-29,15:29,WSTCSTPAPR,46.6437
2026-09-29,15:29,XPROINDIA,5.2422
2026-09-29,15:29,YASHO,102.0447
2026-09-29,15:29,YATHARTH,28.9047
2026-09-29,15:29,YATRA,5.4839
2026-09-29,15:29,YUKEN,68.5851
2026-09-29,15:29,ZENTEC,0.9976
2026-09-29,15:29,ZFSTEERING,1.3256
2026-09-29,15:29,ZIMLAB,34.7418
2026-09-29,15:29,ZOTA,6.898
2026-09-29,15:29,ZSARACOM,4.6319
2026-09-29,15:29,ZUARI,3.6521
2026-09-29,15:29,ZUARIIND,14.2249
2026-09-29,15:29,ZYDUSLIFE,15.8281
2026-09-29,15:29,ZYDUSWELL,2.5116
2026-09-30,15:29,20MICRONS,21.2373
2026-09-30,15:29,3BBLACKBIO,41.8125
2026-09-30,15:29,3MINDIA,-3.4669
2026-09-30,15:29,5PAISA,-3.9043
2026-09-30,15:29,63MOONS,19.2457
2026-09-30,15:29,AARTIDRUGS,10.5013
2026-09-30,15:29,AARTIIND,-0.105
2026-09-30,15:29,AARTIPHARM,33.747
2026-09-30,15:29,ABB,1.2931
2026-09-30,15:29,ABBOTINDIA,-2.5332
2026-09-30,15:29,ABCAPITAL,6.5211
2026-09-30,15:29,ABDL,34.0481
2026-09-30,15:29,ABSLAMC,-1.621
2026-09-30,15:29,ACCELYA,-2.8426
2026-09-30,15:29,ACE,39.6984
2026-09-30,15:29,ACMESOLAR,51.275
2026-09-30,15:29,ACSTECH,134.4451
2026-09-30,15:29,ACUTAAS,11.1209
2026-09-30,15:29,ADANIENSOL,-3.8965
2026-09-30,15:29,ADANIENT,6.8487
2026-09-30,15:29,ADANIPORTS,0.638
2026-09-30,15:29,ADFFOODS,-3.5834
2026-09-30,15:29,ADOR,48.475
2026-09-30,15:29,ADVANCE,16.1491
2026-09-30,15:29,AEGISLOG,90.5031
2026-09-30,15:29,AEGISVOPAK,43.1258
2026-09-30,15:29,AEQUS,31.5324
2026-09-30,15:29,AEROENTER,25.2272
2026-09-30,15:29,AEROFLEX,33.1348
2026-09-30,15:29,AETHER,61.638
2026-09-30,15:29,AFFLE,5.5757
2026-09-30,15:29,AFSL,-0.0845
2026-09-30,15:29,AGARWALEYE,-0.0104
2026-09-30,15:29,AGI,38.606
2026-09-30,15:29,AHCL,148.5981
2026-09-30,15:29,AIAENG,-3.1297
2026-09-30,15:29,AIIL,7.0191
2026-09-30,15:29,AJANTPHARM,16.5181
2026-09-30,15:29,AJAXENGG,2.9915
2026-09-30,15:29,AJMERA,-1.0088
2026-09-30,15:29,AKCAPIT,5.0613
2026-09-30,15:29,AKUMS,57.3887
2026-09-30,15:29,ALBERTDAVD,23.5832
2026-09-30,15:29,ALEMBICLTD,22.7731
2026-09-30,15:29,ALGOQUANT,9.9035
2026-09-30,15:29,ALICON,32.7534
2026-09-30,15:29,ALIVUS,32.7527
2026-09-30,15:29,ALKYLAMINE,2.4304
2026-09-30,15:29,AMAGI,39.6493
2026-09-30,15:29,AMANTA,46.3525
2026-09-30,15:29,AMBIKCO,-3.5581
2026-09-30,15:29,ANANDRATHI,18.5848
2026-09-30,15:29,ANANTRAJ,18.8412
2026-09-30,15:29,ANDHRAPAP,15
2026-09-30,15:29,ANDHRSUGAR,5.1117
2026-09-30,15:29,ANDREWYU,-0.8762
2026-09-30,15:29,ANTELOPUS,61.8603
2026-09-30,15:29,ANTHEM,10.4877
2026-09-30,15:29,ANUHPHR,15.6391
2026-09-30,15:29,APARINDS,36.0038
2026-09-30,15:29,APCOTEXIND,19.8873
2026-09-30,15:29,APLAPOLLO,16.4637
2026-09-30,15:29,APLLTD,9.2299
2026-09-30,15:29,APOLLO,13.6319
2026-09-30,15:29,APOLLOHOSP,-2.3558
2026-09-30,15:29,APOLLOPIPE,-1.6462
2026-09-30,15:29,APOLLOTYRE,8.8489
2026-09-30,15:29,ARIES,35.9406
2026-09-30,15:29,ARIHANT,4.0911
2026-09-30,15:29,ARIHANTCAP,33.0862
2026-09-30,15:29,ARIS,20.6136
2026-09-30,15:29,ARKADE,5.5055
2026-09-30,15:29,ARMANFIN,2.2511
2026-09-30,15:29,ARROWGREEN,79.3714
2026-09-30,15:29,ARSSBL,-2.3507
2026-09-30,15:29,ARTEMISMED,26.5612
2026-09-30,15:29,ARVIND,12.3972
2026-09-30,15:29,ARVSMART,-2.7082
2026-09-30,15:29,ASAHIINDIA,12.0086
2026-09-30,15:29,ASHIANA,3.4714
2026-09-30,15:29,ASHOKLEY,-2.5409
2026-09-30,15:29,ASIANENE,27.4754
2026-09-30,15:29,ASIANHOTNR,20.1897
2026-09-30,15:29,ASKAUTOLTD,40.5886
2026-09-30,15:29,ASTAR,3.771
2026-09-30,15:29,ASTRAMICRO,39.3055
2026-09-30,15:29,ATHERENERG,61.2356
2026-09-30,15:29,ATL,-4.0063
2026-09-30,15:29,ATLANTAELE,-3.6373
2026-09-30,15:29,AUBANK,3.3132
2026-09-30,15:29,AUROPHARMA,14.2467
2026-09-30,15:29,AURUM,29.4612
2026-09-30,15:29,AUTOAXLES,-2.2791
2026-09-30,15:29,AVADHSUGAR,70.1467
2026-09-30,15:29,AVALON,55.9199
2026-09-30,15:29,AVL,10.7828
2026-09-30,15:29,AVTNPL,34.2105
2026-09-30,15:29,AXISCADES,11.8732
2026-09-30,15:29,AYE,11.009
2026-09-30,15:29,AYMSYNTEX,43.6827
2026-09-30,15:29,AZAD,45.2834
2026-09-30,15:29,BAFNAPH,175.013
2026-09-30,15:29,BAJAJ-AUTO,3.076
2026-09-30,15:29,BAJAJFINSV,-1.9819
2026-09-30,15:29,BAJAJHCARE,7.0856
2026-09-30,15:29,BAJAJHFL,-1.2881
2026-09-30,15:29,BAJAJHLDNG,2.9095
2026-09-30,15:29,BAJFINANCE,4.6751
2026-09-30,15:29,BALAJITELE,-0.4907
2026-09-30,15:29,BALAMINES,16.2414
2026-09-30,15:29,BALKRISIND,-4.1344
2026-09-30,15:29,BALRAMCHIN,23.874
2026-09-30,15:29,BALUFORGE,4.33
2026-09-30,15:29,BANCOINDIA,-1.3665
2026-09-30,15:29,BANSALWIRE,1.9864
2026-09-30,15:29,BASF,-1.1978
2026-09-30,15:29,BECTORFOOD,16.2898
2026-09-30,15:29,BEEKAY,18.9626
2026-09-30,15:29,BELRISE,11.0926
2026-09-30,15:29,BEML,8.8565
2026-09-30,15:29,BEPL,32.0314
2026-09-30,15:29,BETA,49.1247
2026-09-30,15:29,BFINVEST,11.3377
2026-09-30,15:29,BHAGCHEM,-2.573
2026-09-30,15:29,BHAGERIA,166.8571
2026-09-30,15:29,BHAGYANGR,49.7541
2026-09-30,15:29,BHARATFORG,1.4913
2026-09-30,15:29,BHARATSE,14.6575
2026-09-30,15:29,BHEL,1.7011
2026-09-30,15:29,BIL,38.8447
2026-09-30,15:29,BIRLACABLE,138.8906
2026-09-30,15:29,BIRLANU,2.8653
2026-09-30,15:29,BLACKBUCK,21.5314
2026-09-30,15:29,BLACKROSE,15.2025
2026-09-30,15:29,BLISSGVS,131.2136
2026-09-30,15:29,BLSE,57.9428
2026-09-30,15:29,BLUEJET,21.993
2026-09-30,15:29,BLUESTONE,67.5132
2026-09-30,15:29,BLUSPRING,110.6092
2026-09-30,15:29,BODALCHEM,167.6427
2026-09-30,15:29,BOROLTD,28.0968
2026-09-30,15:29,BOSCH-HCIL,37.8305
2026-09-30,15:29,BOSCHLTD,30.5975
2026-09-30,15:29,BPCL,2.571
2026-09-30,15:29,BRIGADE,14.1075
2026-09-30,15:29,BUILDPRO,16.3626
2026-09-30,15:29,CANHLIFE,6.8033
2026-09-30,15:29,CANTABIL,5.8748
2026-09-30,15:29,CAPILLARY,8.5512
2026-09-30,15:29,CAPITALSFB,2.7046
2026-09-30,15:29,CAPLIPOINT,33.9448
2026-09-30,15:29,CARBORUNIV,18.5126
2026-09-30,15:29,CARTRADE,61.4049
2026-09-30,15:29,CARYSIL,-3.9759
2026-09-30,15:29,CASTROLIND,10.1274
2026-09-30,15:29,CDSL,4.9747
2026-09-30,15:29,CEATLTD,0.2395
2026-09-30,15:29,CEIGALL,11.4103
2026-09-30,15:29,CEMPRO,38.178
2026-09-30,15:29,CENTENKA,6.2859
2026-09-30,15:29,CENTRALBK,-2.5903
2026-09-30,15:29,CENTUM,50.5176
2026-09-30,15:29,CGCL,29.7928
2026-09-30,15:29,CGPOWER,-1.3284
2026-09-30,15:29,CHALET,6.3078
2026-09-30,15:29,CHEMBONDCH,17.5214
2026-09-30,15:29,CHEMCON,17.9908
2026-09-30,15:29,CHENNPETRO,41.2847
2026-09-30,15:29,CHEVIOT,4.7821
2026-09-30,15:29,CHOICEIN,7.3144
2026-09-30,15:29,CHOLAFIN,5.2085
2026-09-30,15:29,CIPLA,-3.8022
2026-09-30,15:29,CLEAN,4.9755
2026-09-30,15:29,CLEANMAX,18.5
2026-09-30,15:29,CLSEL,6.5429
2026-09-30,15:29,COCKERILL,28.8765
2026-09-30,15:29,COFFEEDAY,23.0204
2026-09-30,15:29,COFORGE,26.0976
2026-09-30,15:29,COHANCE,6.0805
2026-09-30,15:29,COMSYN,76.0329
2026-09-30,15:29,CONCORDBIO,19.1017
2026-09-30,15:29,CONFIPET,53.2429
2026-09-30,15:29,CONSOFINVT,27.9551
2026-09-30,15:29,CONTROLPR,-1.6198
2026-09-30,15:29,COROMANDEL,-3.3638
2026-09-30,15:29,CORONA,24.2669
2026-09-30,15:29,COSMOFIRST,9.6615
2026-09-30,15:29,CPPLUS,59.2094
2026-09-30,15:29,CRAFTSMAN,19.7081
2026-09-30,15:29,CREDITACC,-0.204
2026-09-30,15:29,CREST,5.1297
2026-09-30,15:29,CRISIL,8.9414
2026-09-30,15:29,CUB,21.1415
2026-09-30,15:29,CUPID,159.0391
2026-09-30,15:29,CYIENT,22.0694
2026-09-30,15:29,CYIENTDLM,118.5274
2026-09-30,15:29,DALMIASUG,19.5147
2026-09-30,15:29,DATAMATICS,2.6374
2026-09-30,15:29,DATAPATTNS,7.9905
2026-09-30,15:29,DBOL,19.0746
2026-09-30,15:29,DCBBANK,12.2422
2026-09-30,15:29,DCI,13.5016
2026-09-30,15:29,DCMSIL,33.3279
2026-09-30,15:29,DCW,-2.9775
2026-09-30,15:29,DDEVPLSTIK,4.9642
2026-09-30,15:29,DECNGOLD,40.5194
2026-09-30,15:29,DEEDEV,29.2287
2026-09-30,15:29,DEEPINDS,61.2177
2026-09-30,15:29,DELTACORP,10.6515
2026-09-30,15:29,DEN,-3.7848
2026-09-30,15:29,DEVYANI,13.8899
2026-09-30,15:29,DHAMPURSUG,17.8468
2026-09-30,15:29,DHARMAJ,-1.9473
2026-09-30,15:29,DHUNINV,10.8707
2026-09-30,15:29,DIACABS,83.0491
2026-09-30,15:29,DIAMONDYD,13.1007
2026-09-30,15:29,DICIND,22.6566
2026-09-30,15:29,DIFFNKG,35.6889
2026-09-30,15:29,DISAQ,2.121
2026-09-30,15:29,DIVGIITTS,66.3336
2026-09-30,15:29,DIVISLAB,34.9136
2026-09-30,15:29,DIXON,11.7557
2026-09-30,15:29,DLF,14.8798
2026-09-30,15:29,DMCC,12.4662
2026-09-30,15:29,DODLA,-4.0836
2026-09-30,15:29,DOLLAR,0.0722
2026-09-30,15:29,DOLPHIN,56.4172
2026-09-30,15:29,DPABHUSHAN,84.9654
2026-09-30,15:29,DRAGARWQ,-0.8657
2026-09-30,15:29,DVL,14.7358
2026-09-30,15:29,DWARKESH,-4.1348
2026-09-30,15:29,DYCL,45.6924
2026-09-30,15:29,DYNAMATECH,21.8532
2026-09-30,15:29,E2E,81.7852
2026-09-30,15:29,EBGNG,52.951
2026-09-30,15:29,ECLERX,15.3515
2026-09-30,15:29,EDELWEISS,29.6249
2026-09-30,15:29,EICHERMOT,2.4135
2026-09-30,15:29,EIEL,1.4228
2026-09-30,15:29,EIFFL,17.0322
2026-09-30,15:29,EIMCOELECO,41.3303
2026-09-30,15:29,ELANTAS,51.2872
2026-09-30,15:29,ELECTHERM,0.0517
2026-09-30,15:29,ELGIEQUIP,8.6941
2026-09-30,15:29,ELPROINTL,0.9866
2026-09-30,15:29,EMAMIPAP,49.7307
2026-09-30,15:29,EMCURE,13.387
2026-09-30,15:29,EMIL,70.2114
2026-09-30,15:29,EMKAY,25.2533
2026-09-30,15:29,EMMVEE,19.5233
2026-09-30,15:29,EMSLIMITED,4.0099
2026-09-30,15:29,EMUDHRA,26.6454
2026-09-30,15:29,ENDURANCE,-2.3991
2026-09-30,15:29,ENGINERSIN,43.3333
2026-09-30,15:29,ENTERO,26.174
2026-09-30,15:29,EPACKPEB,28.419
2026-09-30,15:29,EPL,9.7222
2026-09-30,15:29,EQUITASBNK,3.6853
2026-09-30,15:29,ESAFSFB,58.4342
2026-09-30,15:29,ESTER,5.9895
2026-09-30,15:29,ETERNAL,32.2587
2026-09-30,15:29,ETHOSLTD,5.3742
2026-09-30,15:29,EVEREADY,0.8739
2026-09-30,15:29,EVERESTIND,12.5494
2026-09-30,15:29,EXICOM,-3.6303
2026-09-30,15:29,EXIDEIND,21.4422
2026-09-30,15:29,FABTECH,-4.036
2026-09-30,15:29,FAIRCHEMOR,10.8894
2026-09-30,15:29,FCL,72.8339
2026-09-30,15:29,FEDDERSHOL,88.3343
2026-09-30,15:29,FEDERALBNK,10.5153
2026-09-30,15:29,FEDFINA,-2.6127
2026-09-30,15:29,FILATEX,156.3883
2026-09-30,15:29,FINCABLES,40.642
2026-09-30,15:29,FINEORG,11.303
2026-09-30,15:29,FINKURVE,-0.6582
2026-09-30,15:29,FINOPB,1.6217
2026-09-30,15:29,FIVESTAR,15.9897
2026-09-30,15:29,FLUOROCHEM,14.9009
2026-09-30,15:29,FMGOETZE,-1.0436
2026-09-30,15:29,FOSECOIND,27.3976
2026-09-30,15:29,FUSION,-1.7122
2026-09-30,15:29,GABRIEL,19.8036
2026-09-30,15:29,GAEL,-1.9763
2026-09-30,15:29,GAIL,6.0832
2026-09-30,15:29,GALAPREC,38.7414
2026-09-30,15:29,GALAXYSURF,28.0492
2026-09-30,15:29,GANDHAR,69.7097
2026-09-30,15:29,GANDHITUBE,1.6288
2026-09-30,15:29,GANECOS,4.7091
2026-09-30,15:29,GANESHBE,31.9428
2026-09-30,15:29,GANESHHOU,4.0898
2026-09-30,15:29,GARFIBRES,23.2768
2026-09-30,15:29,GARUDA,3.0684
2026-09-30,15:29,GAUDIUMIVF,-3.4066
2026-09-30,15:29,GAYAPROJ,35
2026-09-30,15:29,GCSL,72.4327
2026-09-30,15:29,GEECEE,13.3253
2026-09-30,15:29,GEMAROMA,2.4825
2026-09-30,15:29,GENESYS,44.4045
2026-09-30,15:29,GEOJITFSL,4.3745
2026-09-30,15:29,GFLLIMITED,19.9825
2026-09-30,15:29,GHCLTEXTIL,42.4309
2026-09-30,15:29,GIPCL,19.6272
2026-09-30,15:29,GKSL,24.9738
2026-09-30,15:29,GLAND,24.2245
2026-09-30,15:29,GLAXO,20.0442
2026-09-30,15:29,GLENMARK,3.3465
2026-09-30,15:29,GLOBAL,30.2983
2026-09-30,15:29,GMBREW,4.7844
2026-09-30,15:29,GMMPFAUDLR,81.7247
2026-09-30,15:29,GMRAIRPORT,-0.7303
2026-09-30,15:29,GMRP&UI,-2.5703
2026-09-30,15:29,GNA,59.7304
2026-09-30,15:29,GNFC,19.3052
2026-09-30,15:29,GNRL,2.3115
2026-09-30,15:29,GOCLCORP,10.3517
2026-09-30,15:29,GOCOLORS,-0.8734
2026-09-30,15:29,GODREJAGRO,7.6943
2026-09-30,15:29,GOKEX,-1.3624
2026-09-30,15:29,GOKULAGRO,-3.7987
2026-09-30,15:29,GOODLUCK,6.16
2026-09-30,15:29,GPPL,9.5166
2026-09-30,15:29,GPTHEALTH,7.6791
2026-09-30,15:29,GPTINFRA,1.5184
2026-09-30,15:29,GRANDOAK,28.0045
2026-09-30,15:29,GRANULES,12.5806
2026-09-30,15:29,GRAPHITE,3.2676
2026-09-30,15:29,GRASIM,-2.9601
2026-09-30,15:29,GRAUWEIL,21.2925
2026-09-30,15:29,GREAVESCOT,35.8985
2026-09-30,15:29,GREENPLY,15.8332
2026-09-30,15:29,GRINDWELL,2.6088
2026-09-30,15:29,GROWW,-2.0661
2026-09-30,15:29,GRPLTD,9.9236
2026-09-30,15:29,GRWRHITECH,31.0476
2026-09-30,15:29,GSPCROP,4.8833
2026-09-30,15:29,GUFICBIO,47.0889
2026-09-30,15:29,GUJTHEM,5.1261
2026-09-30,15:29,GULFOILLUB,24.8364
2026-09-30,15:29,HAL,6.8583
2026-09-30,15:29,HALDYNGL,37.4933
2026-09-30,15:29,HAPPYFORGE,49.9601
2026-09-30,15:29,HARIOMPIPE,-0.9874
2026-09-30,15:29,HARSHA,15.7092
2026-09-30,15:29,HATSUN,19.3333
2026-09-30,15:29,HAWKINCOOK,11.2076
2026-09-30,15:29,HBLENGINE,2.5624
2026-09-30,15:29,HCC,-2.2041
2026-09-30,15:29,HCG,1.7958
2026-09-30,15:29,HCLTECH,5.6701
2026-09-30,15:29,HEALTHX,-1.3838
2026-09-30,15:29,HEG,23.3679
2026-09-30,15:29,HERITGFOOD,23.0863
2026-09-30,15:29,HEROMOTOCO,5.5377
2026-09-30,15:29,HESTERBIO,16.0303
2026-09-30,15:29,HFCL,53.1745
2026-09-30,15:29,HIKAL,6.1118
2026-09-30,15:29,HINDOILEXP,2.424
2026-09-30,15:29,HIRECT,19.0474
2026-09-30,15:29,HITECHCORP,105.6651
2026-09-30,15:29,HITECHGEAR,3.642
2026-09-30,15:29,HLEGLAS,35.3249
2026-09-30,15:29,HMAAGRO,-1.8465
2026-09-30,15:29,HMT,5.8658
2026-09-30,15:29,HMVL,19.6597
2026-09-30,15:29,HNDFDS,11.9607
2026-09-30,15:29,HOMEFIRST,3.8932
2026-09-30,15:29,HONASA,12.2284
2026-09-30,15:29,HSCL,15.439
2026-09-30,15:29,HTMEDIA,10.9398
2026-09-30,15:29,HUHTAMAKI,40.7102
2026-09-30,15:29,HYUNDAI,9.8669
2026-09-30,15:29,IBULLSLTD,55.2701
2026-09-30,15:29,ICICIAMC,-2.8825
2026-09-30,15:29,ICICIBANK,4.5401
2026-09-30,15:29,ICIL,51.9974
2026-09-30,15:29,IDBI,13.1452
2026-09-30,15:29,IDFCFIRSTB,18.2346
2026-09-30,15:29,IFBIND,14.4791
2026-09-30,15:29,IFCI,13.2203
2026-09-30,15:29,IFGLEXPOR,12.9165
2026-09-30,15:29,IGARASHI,4.8337
2026-09-30,15:29,IGPL,34.1859
2026-09-30,15:29,IIFL,29.8357
2026-09-30,15:29,IIFLCAPS,1.0072
2026-09-30,15:29,IKIO,29.9083
2026-09-30,15:29,IKS,10.1898
2026-09-30,15:29,IMAGICAA,19.0121
2026-09-30,15:29,INDGN,16.1636
2026-09-30,15:29,INDHOTEL,12.0569
2026-09-30,15:29,INDIAGLYCO,55.5353
2026-09-30,15:29,INDIANB,-2.4275
2026-09-30,15:29,INDIANHUME,12.5718
2026-09-30,15:29,INDIGO,12.2877
2026-09-30,15:29,INDIGOPNTS,8.7303
2026-09-30,15:29,INDIQUBE,20.2351
2026-09-30,15:29,INDNIPPON,56.5185
2026-09-30,15:29,INDOAMIN,13.9477
2026-09-30,15:29,INDOBORAX,49.2174
2026-09-30,15:29,INDOCO,31.4396
2026-09-30,15:29,INDOFARM,4.998
2026-09-30,15:29,INDORAMA,179.0103
2026-09-30,15:29,INDOSTAR,-0.5542
2026-09-30,15:29,INDOTECH,37.2568
2026-09-30,15:29,INDRAMEDCO,-2.7453
2026-09-30,15:29,INDSWFTLAB,194.9769
2026-09-30,15:29,INDUSINDBK,-0.9614
2026-09-30,15:29,INNOVACAP,36.7205
2026-09-30,15:29,INOXINDIA,41.7179
2026-09-30,15:29,INTLCONV,3.6936
2026-09-30,15:29,INVPRECQ,146.6613
2026-09-30,15:29,IOC,-3.2552
2026-09-30,15:29,IOLCP,74.4125
2026-09-30,15:29,IONEXCHANG,4.0754
2026-09-30,15:29,IPCALAB,20.2796
2026-09-30,15:29,IRISDOREME,72.1678
2026-09-30,15:29,ITCHOTELS,6.3776
2026-09-30,15:29,ITDC,25.0159
2026-09-30,15:29,IZMO,24.2614
2026-09-30,15:29,J&KBANK,-0.9855
2026-09-30,15:29,JAGSNPHARM,13.2527
2026-09-30,15:29,JAMNAAUTO,18.7511
2026-09-30,15:29,JASH,48.1904
2026-09-30,15:29,JAYAGROGN,-3.6855
2026-09-30,15:29,JAYBARMARU,7.5653
2026-09-30,15:29,JAYKAY,17.6069
2026-09-30,15:29,JGCHEM,64.273
2026-09-30,15:29,JINDALPHOT,4.0396
2026-09-30,15:29,JINDALSAW,26.2273
2026-09-30,15:29,JINDWORLD,76.0878
2026-09-30,15:29,JITFINFRA,-2.0207
2026-09-30,15:29,JKPAPER,3.7554
2026-09-30,15:29,JMFINANCIL,0.031
2026-09-30,15:29,JNKINDIA,13.0547
2026-09-30,15:29,JSFB,8.6247
2026-09-30,15:29,JSL,1.4593
2026-09-30,15:29,JSWDULUX,6.2824
2026-09-30,15:29,JSWINFRA,29.8616
2026-09-30,15:29,JSWSTEEL,-2.4971
2026-09-30,15:29,JTLIND,25.5582
2026-09-30,15:29,JUBLCPL,12.9425
2026-09-30,15:29,JUBLFOOD,4.5918
2026-09-30,15:29,JUBLPHARMA,2.2308
2026-09-30,15:29,JUNIPER,8.1977
2026-09-30,15:29,JUSTDIAL,28.0688
2026-09-30,15:29,JYOTICNC,55.6662
2026-09-30,15:29,KABRAEXTRU,253.8546
2026-09-30,15:29,KAJARIACER,16.6069
2026-09-30,15:29,KALYANKJIL,56.9665
2026-09-30,15:29,KAMATHOTEL,45.8167
2026-09-30,15:29,KAMDHENU,54.0453
2026-09-30,15:29,KANORICHEM,128.1304
2026-09-30,15:29,KANPRPLA,20.5928
2026-09-30,15:29,KAPSTON,66.8233
2026-09-30,15:29,KARURVYSYA,12.7582
2026-09-30,15:29,KAYNES,5.4074
2026-09-30,15:29,KDDL,38.5951
2026-09-30,15:29,KECL,0.8021
2026-09-30,15:29,KENNAMET,42.522
2026-09-30,15:29,KERNEX,24.7595
2026-09-30,15:29,KFINTECH,2.7397
2026-09-30,15:29,KICL,-2.5742
2026-09-30,15:29,KILITCH,17.0352
2026-09-30,15:29,KIMS,-2.3164
2026-09-30,15:29,KINGFA,26.2243
2026-09-30,15:29,KIRANVYPAR,8.3671
2026-09-30,15:29,KIRIINDUS,35.8514
2026-09-30,15:29,KIRLFER,7.9095
2026-09-30,15:29,KIRLOSBROS,11.084
2026-09-30,15:29,KIRLOSENG,37.8935
2026-09-30,15:29,KIRLOSIND,15.2359
2026-09-30,15:29,KISSHT,59.4675
2026-09-30,15:29,KKCL,5.6454
2026-09-30,15:29,KLBRENG-B,9.6818
2026-09-30,15:29,KMEW,47.11
2026-09-30,15:29,KOLTEPATIL,7.7616
2026-09-30,15:29,KOPRAN,70.5601
2026-09-30,15:29,KOTAKBANK,8.5513
2026-09-30,15:29,KOTHARIPET,5.7435
2026-09-30,15:29,KOVAI,11.3748
2026-09-30,15:29,KPIL,8.9231
2026-09-30,15:29,KPL,70.3659
2026-09-30,15:29,KPRMILL,17.1605
2026-09-30,15:29,KRBL,10.9948
2026-09-30,15:29,KRISHANA,41.1654
2026-09-30,15:29,KRN,29.4611
2026-09-30,15:29,KRONOX,58.0801
2026-09-30,15:29,KROSS,38.7102
2026-09-30,15:29,KRSNAA,-0.4622
2026-09-30,15:29,KRYSTAL,6.4966
2026-09-30,15:29,KSB,4.4406
2026-09-30,15:29,KSHINTL,40.5151
2026-09-30,15:29,KSL,16.5098
2026-09-30,15:29,KTKBANK,24.3856
2026-09-30,15:29,KWIL,48.6732
2026-09-30,15:29,LALPATHLAB,21.8944
2026-09-30,15:29,LANDMARK,30.6689
2026-09-30,15:29,LAURUSLABS,47.3763
2026-09-30,15:29,LAXMIINDIA,4.1631
2026-09-30,15:29,LENSKART,33.2912
2026-09-30,15:29,LGBBROSLTD,11.9371
2026-09-30,15:29,LGEINDIA,15.6323
2026-09-30,15:29,LICHSGFIN,-1.6691
2026-09-30,15:29,LICI,-2.775
2026-09-30,15:29,LIKHITHA,15.2945
2026-09-30,15:29,LLOYDSENGG,42.194
2026-09-30,15:29,LLOYDSENT,16.7895
2026-09-30,15:29,LLOYDSME,8.4441
2026-09-30,15:29,LMW,18.914
2026-09-30,15:29,LODHA,27.9955
2026-09-30,15:29,LOKESHMACH,39.3692
2026-09-30,15:29,LOTUSDEV,61.6603
2026-09-30,15:29,LTF,-1.9063
2026-09-30,15:29,LTFOODS,0.9963
2026-09-30,15:29,LTM,0.9282
2026-09-30,15:29,LUMAXIND,-1.3377
2026-09-30,15:29,LUMAXTECH,27.8048
2026-09-30,15:29,LXCHEM,16.8303
2026-09-30,15:29,M&MFIN,8.446
2026-09-30,15:29,MACPOWER,86.4603
2026-09-30,15:29,MAGADSUGAR,12.2557
2026-09-30,15:29,MAHABANK,-0.8371
2026-09-30,15:29,MAHASTEEL,40.977
2026-09-30,15:29,MAHLIFE,5.6598
2026-09-30,15:29,MAHLOG,23.0172
2026-09-30,15:29,MAHSCOOTER,7.8374
2026-09-30,15:29,MAHSEAMLES,16.1014
2026-09-30,15:29,MAITHANALL,-1.981
2026-09-30,15:29,MAMATA,-2.0027
2026-09-30,15:29,MANAKCOAT,26.0848
2026-09-30,15:29,MANAKSTEEL,68.0835
2026-09-30,15:29,MANALIPETC,28.6622
2026-09-30,15:29,MANAPPURAM,-2.5455
2026-09-30,15:29,MANBA,28.7906
2026-09-30,15:29,MANGLMCEM,17.8173
2026-09-30,15:29,MANINDS,58.8498
2026-09-30,15:29,MANINFRA,7.1996
2026-09-30,15:29,MANKIND,0.9841
2026-09-30,15:29,MANORAMA,33.6411
2026-09-30,15:29,MANYAVAR,28.8156
2026-09-30,15:29,MAPMYINDIA,-0.3079
2026-09-30,15:29,MARINE,84.285
2026-09-30,15:29,MARKSANS,52.1288
2026-09-30,15:29,MATRIMONY,23.903
2026-09-30,15:29,MAWANASUG,41.8607
2026-09-30,15:29,MAXESTATES,36.8691
2026-09-30,15:29,MAXIND,4.0499
2026-09-30,15:29,MAYURUNIQ,4.1779
2026-09-30,15:29,MAZDA,55.8502
2026-09-30,15:29,MBAPL,60.6534
2026-09-30,15:29,MBECL,14894.4274
2026-09-30,15:29,MCCHRLS-B,1.6953
2026-09-30,15:29,MCLOUD,-3.5412
2026-09-30,15:29,MCX,0.9328
2026-09-30,15:29,MEDANTA,10.2496
2026-09-30,15:29,MEESHO,14.4415
2026-09-30,15:29,MENONBE,99.0993
2026-09-30,15:29,METROPOLIS,4.3839
2026-09-30,15:29,MGL,0.3034
2026-09-30,15:29,MIDHANI,5.9172
2026-09-30,15:29,MINDACORP,20.569
2026-09-30,15:29,MMFL,31.7342
2026-09-30,15:29,MMP,65.2629
2026-09-30,15:29,MOBIKWIK,1.5781
2026-09-30,15:29,MODIS,6.5684
2026-09-30,15:29,MODISONLTD,165.453
2026-09-30,15:29,MOL,11.7484
2026-09-30,15:29,MOLDTECH,69.8888
2026-09-30,15:29,MOLDTKPAC,-2.76
2026-09-30,15:29,MONARCH,5.4628
2026-09-30,15:29,MOREPENLAB,193.6145
2026-09-30,15:29,MOSCHIP,0.0945
2026-09-30,15:29,MOTHERSON,19.8854
2026-09-30,15:29,MOTILALOFS,17.0169
2026-09-30,15:29,MPHASIS,-3.0598
2026-09-30,15:29,MPSLTD,51.5526
2026-09-30,15:29,MRF,-1.187
2026-09-30,15:29,MRPL,13.6327
2026-09-30,15:29,MSTCLTD,67.6833
2026-09-30,15:29,MTARTECH,-3.4487
2026-09-30,15:29,MUFIN,8.3368
2026-09-30,15:29,MUKANDLTD,29.2181
2026-09-30,15:29,MUKKA,15.9304
2026-09-30,15:29,MUNJALAU,25.5954
2026-09-30,15:29,MUTHOOTMF,-1.0428
2026-09-30,15:29,MVGJL,25.9178
2026-09-30,15:29,NAHARINDUS,14.6924
2026-09-30,15:29,NAHARSPING,-1.1818
2026-09-30,15:29,NAM-INDIA,-0.9626
2026-09-30,15:29,NAUKRI,26.9057
2026-09-30,15:29,NAVINFLUOR,15.7193
2026-09-30,15:29,NAZARA,38.5714
2026-09-30,15:29,NBIFIN,-0.1368
2026-09-30,15:29,NCLIND,3.4139
2026-09-30,15:29,NELCO,37.5291
2026-09-30,15:29,NEOGEN,45.3145
2026-09-30,15:29,NEPHROPLUS,8.6008
2026-09-30,15:29,NETWEB,18.09
2026-09-30,15:29,NEULANDLAB,27.8979
2026-09-30,15:29,NEWGEN,6.9127
2026-09-30,15:29,NGLFINE,6.3491
2026-09-30,15:29,NH,-3.4598
2026-09-30,15:29,NIACL,1.4456
2026-09-30,15:29,NIITLTD,30.3236
2026-09-30,15:29,NIITMTS,-2.8917
2026-09-30,15:29,NILKAMAL,53.9713
2026-09-30,15:29,NINSYS,18.8877
2026-09-30,15:29,NIRLON,-2.3406
2026-09-30,15:29,NITINSPIN,19.7798
2026-09-30,15:29,NITTAGELA,18.1405
2026-09-30,15:29,NOCIL,1.7967
2026-09-30,15:29,NORTHARC,2.4421
2026-09-30,15:29,NOVARTIND,40.5552
2026-09-30,15:29,NPST,72.7148
2026-09-30,15:29,NRAIL,46.7288
2026-09-30,15:29,NRBBEARING,42.8323
2026-09-30,15:29,NRL,207.4259
2026-09-30,15:29,NUVAMA,11.5875
2026-09-30,15:29,NUVOCO,5.2664
2026-09-30,15:29,NYKAA,15.4193
2026-09-30,15:29,OAL,71.7668
2026-09-30,15:29,OBEROIRLTY,6.3931
2026-09-30,15:29,OCCLLTD,61.3914
2026-09-30,15:29,OFSS,11.601
2026-09-30,15:29,OLAELEC,2.5271
2026-09-30,15:29,OMAXE,48.0243
2026-09-30,15:29,OMNI,25.7356
2026-09-30,15:29,ONEPOINT,21.2256
2026-09-30,15:29,ONMOBILE,-0.0198
2026-09-30,15:29,ONWARDTEC,10.2888
2026-09-30,15:29,OPTIEMUS,83.2776
2026-09-30,15:29,ORBTEXP,56.6158
2026-09-30,15:29,ORCHPHARMA,41.1182
2026-09-30,15:29,ORIENTBELL,20.2444
2026-09-30,15:29,ORIENTCER,14.7457
2026-09-30,15:29,ORIENTHOT,43.6094
2026-09-30,15:29,PAISALO,51.8482
2026-09-30,15:29,PANACHE,49.9782
2026-09-30,15:29,PANAMAPET,42.3427
2026-09-30,15:29,PARADEEP,21.2988
2026-09-30,15:29,PARAGMILK,29.2279
2026-09-30,15:29,PARAS,61.4532
2026-09-30,15:29,PARKHOSPS,6.0805
2026-09-30,15:29,PASUPTAC,25.4614
2026-09-30,15:29,PATELENG,1.5355
2026-09-30,15:29,PATELRMART,6.6989
2026-09-30,15:29,PAUSHAKLTD,46.1125
2026-09-30,15:29,PAYTM,50.845
2026-09-30,15:29,PCBL,12.9263
2026-09-30,15:29,PDMJEPAPER,15.3125
2026-09-30,15:29,PDSL,22.2203
2026-09-30,15:29,PENIND,21.8301
2026-09-30,15:29,PERSISTENT,6.2109
2026-09-30,15:29,PETRONET,4.4612
2026-09-30,15:29,PFOCUS,30.2287
2026-09-30,15:29,PGEL,5.6638
2026-09-30,15:29,PGHL,0.1801
2026-09-30,15:29,PGIL,58.2546
2026-09-30,15:29,PHOENIXLTD,8.0824
2026-09-30,15:29,PICCADIL,4.2319
2026-09-30,15:29,PIDILITIND,-0.8996
2026-09-30,15:29,PINELABS,20.2674
2026-09-30,15:29,PITTIENG,20.9532
2026-09-30,15:29,PIXTRANS,6.3755
2026-09-30,15:29,PLASTIBLEN,17.9495
2026-09-30,15:29,PNB,10.1305
2026-09-30,15:29,PNBHOUSING,5.7003
2026-09-30,15:29,PNGJL,12.2598
2026-09-30,15:29,PNGSREVA,25.5121
2026-09-30,15:29,POLYMED,4.7303
2026-09-30,15:29,POLYPLEX,9.7301
2026-09-30,15:29,POONAWALLA,11.0319
2026-09-30,15:29,POWERICA,8.8635
2026-09-30,15:29,POWERMECH,-2.1299
2026-09-30,15:29,PPL,30.304
2026-09-30,15:29,PPLPHARMA,17.5881
2026-09-30,15:29,PRABHA,36.1229
2026-09-30,15:29,PRADPME,16.944
2026-09-30,15:29,PRECWIRE,18.6198
2026-09-30,15:29,PREMEXPLN,14.8782
2026-09-30,15:29,PREMIERPOL,60.2626
2026-09-30,15:29,PRESTIGE,6.7267
2026-09-30,15:29,PRICOLLTD,34.3034
2026-09-30,15:29,PRIMESECU,6.21
2026-09-30,15:29,PRIMO,21.5328
2026-09-30,15:29,PRIVISCL,8.0855
2026-09-30,15:29,PROTEAN,1.8224
2026-09-30,15:29,PROZONER,9.6199
2026-09-30,15:29,PRUDENT,18.1811
2026-09-30,15:29,PSPPROJECT,0.4847
2026-09-30,15:29,PTCIL,39.7179
2026-09-30,15:29,PTL,-2.8725
2026-09-30,15:29,PUNJABCHEM,4.3233
2026-09-30,15:29,PVP,105.732
2026-09-30,15:29,PVRINOX,26.832
2026-09-30,15:29,PWL,12.6437
2026-09-30,15:29,QPOWER,40.9839
2026-09-30,15:29,QUADFUTURE,92.866
2026-09-30,15:29,QUESS,65.2116
2026-09-30,15:29,RACLGEAR,14.1181
2026-09-30,15:29,RADHIKAJWE,21.5683
2026-09-30,15:29,RADICO,22.6026
2026-09-30,15:29,RAIN,36.8603
2026-09-30,15:29,RAINBOW,-3.0037
2026-09-30,15:29,RAJOOENG,-2.8899
2026-09-30,15:29,RAJRATAN,12.2705
2026-09-30,15:29,RAJRILTD,1.7659
2026-09-30,15:29,RAMCOIND,9.8768
2026-09-30,15:29,RAMCOSYS,18.0251
2026-09-30,15:29,RAMRAT,34.6123
2026-09-30,15:29,RANEHOLDIN,9.4043
2026-09-30,15:29,RATEGAIN,19.1896
2026-09-30,15:29,RATNAMANI,6.2946
2026-09-30,15:29,RATNAVEER,81.2428
2026-09-30,15:29,RAYMOND,119.4176
2026-09-30,15:29,RAYMONDREL,20.1812
2026-09-30,15:29,RBA,35.2733
2026-09-30,15:29,RBLBANK,20.6371
2026-09-30,15:29,RBZJEWEL,67.445
2026-09-30,15:29,REDINGTON,84.1212
2026-09-30,15:29,REGAAL,0.755
2026-09-30,15:29,RELAXO,-1.087
2026-09-30,15:29,RELTD,15.8526
2026-09-30,15:29,RESPONIND,-0.2834
2026-09-30,15:29,RGL,62.8058
2026-09-30,15:29,RHIM,-2.3843
2026-09-30,15:29,RICOAUTO,5.8019
2026-09-30,15:29,RISHABH,35.8717
2026-09-30,15:29,RITCO,6.8963
2026-09-30,15:29,RITES,2.5006
2026-09-30,15:29,RKFORGE,26.5291
2026-09-30,15:29,RMDRIP,24.854
2026-09-30,15:29,RML,46.5157
2026-09-30,15:29,ROLEXRINGS,32.5223
2026-09-30,15:29,ROSSTECH,62.7456
2026-09-30,15:29,ROTO,11.0194
2026-09-30,15:29,RPEL,90.6518
2026-09-30,15:29,RPGLIFE,32.399
2026-09-30,15:29,RPTECH,74.7938
2026-09-30,15:29,RRKABEL,29.3181
2026-09-30,15:29,RSL,28.5485
2026-09-30,15:29,RSWM,21.265
2026-09-30,15:29,RSYSTEMS,4.0907
2026-09-30,15:29,RUBICON,70.508
2026-09-30,15:29,RUBYMILLS,119.5835
2026-09-30,15:29,SAGILITY,3.2493
2026-09-30,15:29,SAILIFE,36.8738
2026-09-30,15:29,SAIPARENT,8.7528
2026-09-30,15:29,SAKAR,43.5202
2026-09-30,15:29,SAKSOFT,0.2949
2026-09-30,15:29,SALSTEEL,69.8851
2026-09-30,15:29,SAMBHV,54.8211
2026-09-30,15:29,SAMHI,2.3987
2026-09-30,15:29,SANATHAN,25.0369
2026-09-30,15:29,SANDESH,0.3213
2026-09-30,15:29,SANGAMIND,26.4549
2026-09-30,15:29,SANGHVIMOV,28.2796
2026-09-30,15:29,SANOFI,-3.3574
2026-09-30,15:29,SANSERA,58.9985
2026-09-30,15:29,SAPPHIRE,17.4828
2026-09-30,15:29,SAREGAMA,25.9135
2026-09-30,15:29,SARLAPOLY,-1.1676
2026-09-30,15:29,SATIA,7.995
2026-09-30,15:29,SATIN,10.5293
2026-09-30,15:29,SAYAJIHOTL,5.5556
2026-09-30,15:29,SBC,51.167
2026-09-30,15:29,SBCL,58.0795
2026-09-30,15:29,SBIN,1.0851
2026-09-30,15:29,SCPL,42.4222
2026-09-30,15:29,SEAMECLTD,2.1022
2026-09-30,15:29,SEDEMAC,76.1962
2026-09-30,15:29,SENORES,24.7401
2026-09-30,15:29,SESHAPAPER,3.428
2026-09-30,15:29,SETL,218.8777
2026-09-30,15:29,SFL,-0.6891
2026-09-30,15:29,SGFIN,3.343
2026-09-30,15:29,SGIL,31.7121
2026-09-30,15:29,SGMART,21.7959
2026-09-30,15:29,SHADOWFAX,39.2339
2026-09-30,15:29,SHAILY,13.6465
2026-09-30,15:29,SHALPAINTS,60.9503
2026-09-30,15:29,SHANTIGEAR,31.5861
2026-09-30,15:29,SHANTIGOLD,34.6657
2026-09-30,15:29,SHARDAMOTR,12.1733
2026-09-30,15:29,SHAREINDIA,44.8117
2026-09-30,15:29,SHILCTECH,0.2824
2026-09-30,15:29,SHILPAMED,113.6053
2026-09-30,15:29,SHINDL,2.2356
2026-09-30,15:29,SHIVALIK,56.1339
2026-09-30,15:29,SHIVAUM,66.3879
2026-09-30,15:29,SHK,10.6039
2026-09-30,15:29,SHOPERSTOP,25.7004
2026-09-30,15:29,SHREEJISPG,71.162
2026-09-30,15:29,SHREEPUSHK,42.1053
2026-09-30,15:29,SHRINGARMS,5.6146
2026-09-30,15:29,SHRIPISTON,43.0323
2026-09-30,15:29,SHRIRAMFIN,4.4315
2026-09-30,15:29,SHYAMMETL,12.3655
2026-09-30,15:29,SICALLOG,41.7094
2026-09-30,15:29,SIEMENS,-2.2588
2026-09-30,15:29,SIGACHI,41.5233
2026-09-30,15:29,SIGMAADV,193.4344
2026-09-30,15:29,SIKA,11.0643
2026-09-30,15:29,SIMPLEXINF,13.2694
2026-09-30,15:29,SIRCA,-2.2058
2026-09-30,15:29,SIS,6.7635
2026-09-30,15:29,SJS,14.0231
2026-09-30,15:29,SKFINDUS,33.1361
2026-09-30,15:29,SKIPPER,15.4549
2026-09-30,15:29,SKMEGGPROD,16.6188
2026-09-30,15:29,SKYGOLD,72.5077
2026-09-30,15:29,SMARTWORKS,15.2277
2026-09-30,15:29,SMCGLOBAL,51.023
2026-09-30,15:29,SMLMAH,70.1676
2026-09-30,15:29,SMSPHARMA,24.9443
2026-09-30,15:29,SOFTTECH,20.19
2026-09-30,15:29,SOLARA,32.3481
2026-09-30,15:29,SOLARINDS,8.6477
2026-09-30,15:29,SOMANYCERA,16.7108
2026-09-30,15:29,SONACOMS,39.7895
2026-09-30,15:29,SONATSOFTW,-3.6021
2026-09-30,15:29,SOTL,68.7126
2026-09-30,15:29,SOUTHBANK,18.4676
2026-09-30,15:29,SPAL,24.2481
2026-09-30,15:29,SPECIALITY,39.7732
2026-09-30,15:29,SPECTRUM,171.0621
2026-09-30,15:29,SPLPETRO,16.8088
2026-09-30,15:29,SPORTKING,28.7383
2026-09-30,15:29,SREEL,53.4632
2026-09-30,15:29,SRHHYPOLTD,5.6388
2026-09-30,15:29,SSWL,95.0112
2026-09-30,15:29,STALLION,38.2194
2026-09-30,15:29,STAR,-2.8789
2026-09-30,15:29,STARHEALTH,2.2569
2026-09-30,15:29,STEELCAS,30.9041
2026-09-30,15:29,STEL,28.4588
2026-09-30,15:29,STLNETWORK,95.88
2026-09-30,15:29,STLTECH,106.2564
2026-09-30,15:29,STOVEKRAFT,42.6687
2026-09-30,15:29,STYL,39.1313
2026-09-30,15:29,STYLAMIND,19.9413
2026-09-30,15:29,STYLEBAAZA,11.9598
2026-09-30,15:29,SUBROS,-3.6642
2026-09-30,15:29,SUDARCOLOR,-1.1149
2026-09-30,15:29,SUDARSCHEM,18.845
2026-09-30,15:29,SUDEEPPHRM,79.0748
2026-09-30,15:29,SUNDARMFIN,-3.0822
2026-09-30,15:29,SUNDRMFAST,33.7128
2026-09-30,15:29,SUNDROP,10.0901
2026-09-30,15:29,SUNFLAG,20.888
2026-09-30,15:29,SUNPHARMA,-1.5179
2026-09-30,15:29,SUNTECK,-3.7474
2026-09-30,15:29,SUNTV,24.3066
2026-09-30,15:29,SUPRAJIT,9.9509
2026-09-30,15:29,SUPREMEIND,-2.9528
2026-09-30,15:29,SUPRIYA,22.7555
2026-09-30,15:29,SURAJEST,-3.4449
2026-09-30,15:29,SURAKSHA,13.4738
2026-09-30,15:29,SUTLEJTEX,3.9645
2026-09-30,15:29,SUVEN,20.6254
2026-09-30,15:29,SVLL,43.368
2026-09-30,15:29,SWANDEF,43.334
2026-09-30,15:29,SWARAJENG,-3.683
2026-09-30,15:29,SWIGGY,0.06
2026-09-30,15:29,SYNCOMF,74.8954
2026-09-30,15:29,SYRMA,71.6225
2026-09-30,15:29,SYSTMTXC,14.2641
2026-09-30,15:29,TAJGVK,-0.3424
2026-09-30,15:29,TALBROAUTO,19.7187
2026-09-30,15:29,TARC,-3.5602
2026-09-30,15:29,TARSONS,46.4496
2026-09-30,15:29,TASTYBITE,25.3402
2026-09-30,15:29,TATACAP,9.4261
2026-09-30,15:29,TATATECH,5.3847
2026-09-30,15:29,TATVA,50.2484
2026-09-30,15:29,TBOTEK,41.0681
2026-09-30,15:29,TBZ,372.2615
2026-09-30,15:29,TCI,-3.6763
2026-09-30,15:29,TCIEXP,3.4404
2026-09-30,15:29,TCPLPACK,58.5301
2026-09-30,15:29,TDPOWERSYS,21.3977
2026-09-30,15:29,TECHM,7.1579
2026-09-30,15:29,TEGA,31.4223
2026-09-30,15:29,TEJASNET,3.8556
2026-09-30,15:29,TEXINFRA,21.7724
2026-09-30,15:29,TEXRAIL,21.7355
2026-09-30,15:29,TFCILTD,92.8387
2026-09-30,15:29,THANGAMAYL,32.6068
2026-09-30,15:29,THEJO,33.5175
2026-09-30,15:29,THELEELA,38.0156
2026-09-30,15:29,THEMISMED,16.1232
2026-09-30,15:29,THOMASCOOK,11.6089
2026-09-30,15:29,THYROCARE,14.6614
2026-09-30,15:29,TI,24.1874
2026-09-30,15:29,TIIL,11.2778
2026-09-30,15:29,TIL,31.8222
2026-09-30,15:29,TIMETECHNO,4.5882
2026-09-30,15:29,TIMEX,89.8799
2026-09-30,15:29,TINNARUBR,28.6361
2026-09-30,15:29,TIPSMUSIC,-3.4065
2026-09-30,15:29,TIRUPATIFL,90.6763
2026-09-30,15:29,TITAGARH,8.0351
2026-09-30,15:29,TITAN,12.432
2026-09-30,15:29,TMB,27.6163
2026-09-30,15:29,TMCV,10.1058
2026-09-30,15:29,TNPETRO,37.561
2026-09-30,15:29,TNPL,0.6146
2026-09-30,15:29,TORNTPHARM,6.9948
2026-09-30,15:29,TPLPLASTEH,12.0139
2026-09-30,15:29,TRANSPEK,13.0398
2026-09-30,15:29,TRAVELFOOD,6.1649
2026-09-30,15:29,TREL,16.8217
2026-09-30,15:29,TRIVENI,1.324
2026-09-30,15:29,TSFINV,1.2009
2026-09-30,15:29,TTKHLTCARE,15.0149
2026-09-30,15:29,TVSMOTOR,20.1463
2026-09-30,15:29,TVSSCS,7.4031
2026-09-30,15:29,TVSSRICHAK,24.3624
2026-09-30,15:29,UDS,20.6304
2026-09-30,15:29,UEL,28.0698
2026-09-30,15:29,UFBL,42.8301
2026-09-30,15:29,UFLEX,58.8818
2026-09-30,15:29,UGARSUGAR,36.0418
2026-09-30,15:29,UJJIVANSFB,28.5959
2026-09-30,15:29,ULTRAMAR,0.6515
2026-09-30,15:29,UNICHEMLAB,47.0945
2026-09-30,15:29,UNIECOM,-2.4419
2026-09-30,15:29,UNIMECH,84.188
2026-09-30,15:29,UNIONBANK,6.3962
2026-09-30,15:29,UNIPARTS,48.3716
2026-09-30,15:29,UNITDSPR,5.608
2026-09-30,15:29,UNITEDPOLY,35.9782
2026-09-30,15:29,UNIVCABLES,42.5819
2026-09-30,15:29,UNIVPHOTO,21.2175
2026-09-30,15:29,UNOMINDA,7.4084
2026-09-30,15:29,URBANCO,31.2005
2026-09-30,15:29,USHAMART,7.0754
2026-09-30,15:29,UTLSOLAR,47.4103
2026-09-30,15:29,UTTAMSUGAR,17.6183
2026-09-30,15:29,VADILALIND,67.5096
2026-09-30,15:29,VALIANTLAB,64.191
2026-09-30,15:29,VALIANTORG,59.8244
2026-09-30,15:29,VARROC,53.5635
2026-09-30,15:29,VASCONEQ,-1.5785
2026-09-30,15:29,VEEDOL,-3.5197
2026-09-30,15:29,VELJAN,108.2865
2026-09-30,15:29,VENKEYS,6.1068
2026-09-30,15:29,VENUSPIPES,53.2877
2026-09-30,15:29,VENUSREM,65.9905
2026-09-30,15:29,VGUARD,-2.8351
2026-09-30,15:29,VHL,-1.5288
2026-09-30,15:29,VIDHIING,21.3232
2026-09-30,15:29,VIDYAWIRES,6.3295
2026-09-30,15:29,VIJAYA,17.1624
2026-09-30,15:29,VIMTALABS,32.9421
2026-09-30,15:29,VINCOFE,38.7938
2026-09-30,15:29,VINDHYATEL,67.6572
2026-09-30,15:29,VIPIND,-4.0402
2026-09-30,15:29,VISAKAIND,15.6177
2026-09-30,15:29,VISHNU,10.8886
2026-09-30,15:29,VIYASH,-4.1697
2026-09-30,15:29,VLSFINANCE,1.3728
2026-09-30,15:29,VMART,17.5361
2026-09-30,15:29,VOLTAMP,14.9551
2026-09-30,15:29,VRLLOG,20.1716
2026-09-30,15:29,VSSL,47.1473
2026-09-30,15:29,WABAG,44.0128
2026-09-30,15:29,WAKEFIT,6.9214
2026-09-30,15:29,WEALTH,-0.9924
2026-09-30,15:29,WELCORP,112.681
2026-09-30,15:29,WELENT,47.0256
2026-09-30,15:29,WELINV,37.8736
2026-09-30,15:29,WELSPLSOL,25.36
2026-09-30,15:29,WELSPUNLIV,63.3118
2026-09-30,15:29,WENDT,19.6576
2026-09-30,15:29,WESTLIFE,25.1405
2026-09-30,15:29,WEWORK,16.8731
2026-09-30,15:29,WHEELS,32.3994
2026-09-30,15:29,WHIRLPOOL,5.2616
2026-09-30,15:29,WINDLAS,38.148
2026-09-30,15:29,WINDMACHIN,4.3267
2026-09-30,15:29,WOCKPHARMA,34.3341
2026-09-30,15:29,WONDERLA,3.9476
2026-09-30,15:29,WPIL,3.3561
2026-09-30,15:29,WSTCSTPAPR,53.5703
2026-09-30,15:29,XPROINDIA,0.9645
2026-09-30,15:29,YASHO,97.8073
2026-09-30,15:29,YATHARTH,19.7587
2026-09-30,15:29,YATRA,-1.4308
2026-09-30,15:29,YUKEN,70.5647
2026-09-30,15:29,ZENTEC,0.7595
2026-09-30,15:29,ZFSTEERING,1.4123
2026-09-30,15:29,ZIMLAB,37.7496
2026-09-30,15:29,ZOTA,8.5611
2026-09-30,15:29,ZSARACOM,3.681
2026-09-30,15:29,ZUARI,2.6031
2026-09-30,15:29,ZUARIIND,12.9704
2026-09-30,15:29,ZYDUSLIFE,11.8437
2026-09-30,15:29,ZYDUSWELL,4.5677
2026-10-01,15:29,20MICRONS,5.3847
2026-10-01,15:29,3BBLACKBIO,33.2147
2026-10-01,15:29,5PAISA,-1.1252
2026-10-01,15:29,63MOONS,24.6988
2026-10-01,15:29,AADHARHFC,-5.2509
2026-10-01,15:29,AARTIDRUGS,6.7309
2026-10-01,15:29,AARTIIND,-3.6262
2026-10-01,15:29,AARTIPHARM,32.2275
2026-10-01,15:29,ABB,2.1466
2026-10-01,15:29,ABBOTINDIA,-3.1222
2026-10-01,15:29,ABCAPITAL,3.1349
2026-10-01,15:29,ABDL,26.7631
2026-10-01,15:29,ABSLAMC,-2.4109
2026-10-01,15:29,ACCELYA,-4.2276
2026-10-01,15:29,ACE,36.9134
2026-10-01,15:29,ACMESOLAR,43.8955
2026-10-01,15:29,ACSTECH,126.3081
2026-10-01,15:29,ACUTAAS,9.3269
2026-10-01,15:29,ADANIENSOL,-5.5472
2026-10-01,15:29,ADANIENT,-1.1545
2026-10-01,15:29,ADANIPORTS,-3.6108
2026-10-01,15:29,ADFFOODS,1.4237
2026-10-01,15:29,ADOR,45.4343
2026-10-01,15:29,ADVANCE,10.9369
2026-10-01,15:29,AEGISLOG,91.6821
2026-10-01,15:29,AEGISVOPAK,39.8643
2026-10-01,15:29,AEQUS,27.5505
2026-10-01,15:29,AEROENTER,24.3296
2026-10-01,15:29,AEROFLEX,25.8236
2026-10-01,15:29,AETHER,55.4211
2026-10-01,15:29,AFFLE,-1.2669
2026-10-01,15:29,AFSL,-0.0199
2026-10-01,15:29,AGARWALEYE,1.4071
2026-10-01,15:29,AGI,32.6289
2026-10-01,15:29,AHCL,138.4615
2026-10-01,15:29,AIAENG,-3.7354
2026-10-01,15:29,AIIL,7.2487
2026-10-01,15:29,AJANTPHARM,16.2096
2026-10-01,15:29,AJAXENGG,2.1158
2026-10-01,15:29,AKCAPIT,3.8094
2026-10-01,15:29,AKUMS,56.0653
2026-10-01,15:29,ALEMBICLTD,18.8199
2026-10-01,15:29,ALGOQUANT,14.2495
2026-10-01,15:29,ALICON,31.834
2026-10-01,15:29,ALIVUS,30.9136
2026-10-01,15:29,ALKEM,-3.3423
2026-10-01,15:29,ALKYLAMINE,-0.2235
2026-10-01,15:29,AMAGI,37.0393
2026-10-01,15:29,AMANTA,43.948
2026-10-01,15:29,AMBIKCO,-6.1865
2026-10-01,15:29,ANANDRATHI,17.0763
2026-10-01,15:29,ANANTRAJ,13.8621
2026-10-01,15:29,ANDHRAPAP,13.4139
2026-10-01,15:29,ANDHRSUGAR,4.8595
2026-10-01,15:29,ANDREWYU,-3.9231
2026-10-01,15:29,ANTELOPUS,51.5027
2026-10-01,15:29,ANTHEM,11.8116
2026-10-01,15:29,ANUHPHR,12.5311
2026-10-01,15:29,APARINDS,41.4103
2026-10-01,15:29,APCOTEXIND,19.8727
2026-10-01,15:29,APLAPOLLO,11.4347
2026-10-01,15:29,APLLTD,6.9461
2026-10-01,15:29,APOLLO,-3.4787
2026-10-01,15:29,APOLLOHOSP,-3.2187
2026-10-01,15:29,APOLLOPIPE,-1.65
2026-10-01,15:29,APOLLOTYRE,4.223
2026-10-01,15:29,ARIES,30.956
2026-10-01,15:29,ARIHANT,4.9844
2026-10-01,15:29,ARIHANTCAP,28.9332
2026-10-01,15:29,ARIS,12.1754
2026-10-01,15:29,ARKADE,-0.3191
2026-10-01,15:29,ARMANFIN,2.7367
2026-10-01,15:29,ARROWGREEN,89.6745
2026-10-01,15:29,ARSSBL,-3.0515
2026-10-01,15:29,ARTEMISMED,16.838
2026-10-01,15:29,ARVIND,10.7413
2026-10-01,15:29,ARVSMART,-2.6934
2026-10-01,15:29,ASAHIINDIA,10.6911
2026-10-01,15:29,ASHIANA,1.0927
2026-10-01,15:29,ASIANENE,30.2861
2026-10-01,15:29,ASIANHOTNR,14.4501
2026-10-01,15:29,ASKAUTOLTD,36.6984
2026-10-01,15:29,ASTAR,4.6457
2026-10-01,15:29,ASTEC,-5.8839
2026-10-01,15:29,ASTERDM,-5.0877
2026-10-01,15:29,ASTRAMICRO,31.4746
2026-10-01,15:29,ATHERENERG,52.6047
2026-10-01,15:29,ATLANTAELE,0.7454
2026-10-01,15:29,AUBANK,-1.2309
2026-10-01,15:29,AUROPHARMA,15.2757
2026-10-01,15:29,AURUM,25.293
2026-10-01,15:29,AUTOAXLES,-5.1938
2026-10-01,15:29,AVADHSUGAR,63.6909
2026-10-01,15:29,AVALON,50.8867
2026-10-01,15:29,AVL,6.7724
2026-10-01,15:29,AVTNPL,26.7128
2026-10-01,15:29,AXISCADES,12.8264
2026-10-01,15:29,AYE,12.4122
2026-10-01,15:29,AYMSYNTEX,30.282
2026-10-01,15:29,AZAD,40.1921
2026-10-01,15:29,BAFNAPH,178.8207
2026-10-01,15:29,BAJAJ-AUTO,-4.2513
2026-10-01,15:29,BAJAJFINSV,-4.1385
2026-10-01,15:29,BAJAJHCARE,6.7603
2026-10-01,15:29,BAJAJHFL,-0.4682
2026-10-01,15:29,BAJAJHLDNG,0.2255
2026-10-01,15:29,BAJFINANCE,0.6795
2026-10-01,15:29,BALAJITELE,-4.2942
2026-10-01,15:29,BALAMINES,6.8353
2026-10-01,15:29,BALKRISIND,-6.1106
2026-10-01,15:29,BALRAMCHIN,21.7844
2026-10-01,15:29,BALUFORGE,4.7675
2026-10-01,15:29,BANCOINDIA,-5.5862
2026-10-01,15:29,BANSALWIRE,0.7799
2026-10-01,15:29,BASF,-2.7852
2026-10-01,15:29,BECTORFOOD,19.0977
2026-10-01,15:29,BEEKAY,14.0985
2026-10-01,15:29,BELRISE,12.7516
2026-10-01,15:29,BEML,7.594
2026-10-01,15:29,BEPL,29.7411
2026-10-01,15:29,BETA,51.4795
2026-10-01,15:29,BFINVEST,8.5866
2026-10-01,15:29,BHAGCHEM,-3.9846
2026-10-01,15:29,BHAGERIA,147.2495
2026-10-01,15:29,BHAGYANGR,44.786
2026-10-01,15:29,BHARATFORG,-2.2572
2026-10-01,15:29,BHARATSE,8.4813
2026-10-01,15:29,BHEL,0.3815
2026-10-01,15:29,BIL,34.8007
2026-10-01,15:29,BIRLACABLE,128.6294
2026-10-01,15:29,BIRLANU,2.6716
2026-10-01,15:29,BLACKBUCK,17.699
2026-10-01,15:29,BLACKROSE,9.1403
2026-10-01,15:29,BLISSGVS,115.2732
2026-10-01,15:29,BLSE,51.8745
2026-10-01,15:29,BLUEJET,12.5467
2026-10-01,15:29,BLUESTONE,62.6484
2026-10-01,15:29,BLUSPRING,117.8629
2026-10-01,15:29,BODALCHEM,150.3298
2026-10-01,15:29,BOROLTD,23.5177
2026-10-01,15:29,BOSCH-HCIL,43.5074
2026-10-01,15:29,BOSCHLTD,25.2548
2026-10-01,15:29,BPCL,-2.4817
2026-10-01,15:29,BRIGADE,13.4155
2026-10-01,15:29,BUILDPRO,18.1388
2026-10-01,15:29,CANHLIFE,3.1035
2026-10-01,15:29,CANTABIL,2.937
2026-10-01,15:29,CAPILLARY,6.244
2026-10-01,15:29,CAPITALSFB,-0.4127
2026-10-01,15:29,CAPLIPOINT,26.6615
2026-10-01,15:29,CARBORUNIV,17.2404
2026-10-01,15:29,CARERATING,-5.0308
2026-10-01,15:29,CARTRADE,56.8809
2026-10-01,15:29,CASTROLIND,8.9138
2026-10-01,15:29,CCL,-0.2266
2026-10-01,15:29,CDSL,2.0618
2026-10-01,15:29,CEATLTD,-1.3418
2026-10-01,15:29,CEIGALL,11.1891
2026-10-01,15:29,CEMPRO,33.9735
2026-10-01,15:29,CENTENKA,6.2426
2026-10-01,15:29,CENTRALBK,-4.0614
2026-10-01,15:29,CENTUM,48.2298
2026-10-01,15:29,CGCL,31.6587
2026-10-01,15:29,CGPOWER,1.2789
2026-10-01,15:29,CHALET,4.4471
2026-10-01,15:29,CHEMBONDCH,8.9454
2026-10-01,15:29,CHEMCON,12.2589
2026-10-01,15:29,CHENNPETRO,30.6423
2026-10-01,15:29,CHEVIOT,2.9282
2026-10-01,15:29,CHOICEIN,4.3668
2026-10-01,15:29,CHOLAFIN,-0.6914
2026-10-01,15:29,CIPLA,-4.9438
2026-10-01,15:29,CLEAN,7.7269
2026-10-01,15:29,CLEANMAX,18.649
2026-10-01,15:29,CLSEL,-5.3859
2026-10-01,15:29,COCKERILL,22.0813
2026-10-01,15:29,COFFEEDAY,17.5842
2026-10-01,15:29,COFORGE,30.6152
2026-10-01,15:29,COHANCE,3.7829
2026-10-01,15:29,COMSYN,71.1453
2026-10-01,15:29,CONCORDBIO,21.3976
2026-10-01,15:29,CONFIPET,40.5586
2026-10-01,15:29,CONSOFINVT,19.2884
2026-10-01,15:29,CONTROLPR,-0.7229
2026-10-01,15:29,COROMANDEL,-4.2302
2026-10-01,15:29,CORONA,19.2923
2026-10-01,15:29,COSMOFIRST,7.6417
2026-10-01,15:29,CPPLUS,48.6483
2026-10-01,15:29,CRAFTSMAN,18.1018
2026-10-01,15:29,CREDITACC,-4.9701
2026-10-01,15:29,CREST,3.499
2026-10-01,15:29,CRISIL,9.9809
2026-10-01,15:29,CUB,22.7862
2026-10-01,15:29,CUPID,150.6215
2026-10-01,15:29,CYIENT,20.3202
2026-10-01,15:29,CYIENTDLM,104.1567
2026-10-01,15:29,DALMIASUG,16.7967
2026-10-01,15:29,DAMCAPITAL,-4.0461
2026-10-01,15:29,DATAMATICS,1.405
2026-10-01,15:29,DATAPATTNS,3.7915
2026-10-01,15:29,DBOL,14.0876
2026-10-01,15:29,DCBBANK,9.3882
2026-10-01,15:29,DCI,18.5653
2026-10-01,15:29,DCMSIL,33.5719
2026-10-01,15:29,DDEVPLSTIK,4.4327
2026-10-01,15:29,DECNGOLD,31.9911
2026-10-01,15:29,DEEDEV,20.5928
2026-10-01,15:29,DEEPINDS,58.7369
2026-10-01,15:29,DELTACORP,0.3003
2026-10-01,15:29,DEVYANI,9.5053
2026-10-01,15:29,DHAMPURSUG,17.7045
2026-10-01,15:29,DHARMAJ,-0.8704
2026-10-01,15:29,DHUNINV,9.7895
2026-10-01,15:29,DIACABS,75.4921
2026-10-01,15:29,DIAMONDYD,9.4898
2026-10-01,15:29,DICIND,17.5012
2026-10-01,15:29,DIFFNKG,43.6215
2026-10-01,15:29,DISAQ,-2.7492
2026-10-01,15:29,DIVGIITTS,52.9064
2026-10-01,15:29,DIVISLAB,36.8904
2026-10-01,15:29,DIXON,7.4087
2026-10-01,15:29,DLF,11.1599
2026-10-01,15:29,DMCC,10.7047
2026-10-01,15:29,DOLLAR,-0.0734
2026-10-01,15:29,DOLPHIN,53.5509
2026-10-01,15:29,DOMS,-4.8753
2026-10-01,15:29,DPABHUSHAN,92.2446
2026-10-01,15:29,DRAGARWQ,4.2622
2026-10-01,15:29,DVL,11.8424
2026-10-01,15:29,DWARKESH,-3.2511
2026-10-01,15:29,DYCL,32.5077
2026-10-01,15:29,DYNAMATECH,21.6699
2026-10-01,15:29,E2E,75.05
2026-10-01,15:29,EBGNG,58.1818
2026-10-01,15:29,ECLERX,13.5256
2026-10-01,15:29,EDELWEISS,23.169
2026-10-01,15:29,EIFFL,11.623
2026-10-01,15:29,EIMCOELECO,41.7114
2026-10-01,15:29,ELANTAS,45.7279
2026-10-01,15:29,ELDEHSG,-2.9105
2026-10-01,15:29,ELECTHERM,-3.5538
2026-10-01,15:29,ELGIEQUIP,2.9495
2026-10-01,15:29,ELPROINTL,4.5965
2026-10-01,15:29,EMAMIPAP,46.4527
2026-10-01,15:29,EMCURE,11.8679
2026-10-01,15:29,EMIL,74.7452
2026-10-01,15:29,EMKAY,27.8987
2026-10-01,15:29,EMMVEE,5.3919
2026-10-01,15:29,EMSLIMITED,-1.4124
2026-10-01,15:29,EMUDHRA,19.6123
2026-10-01,15:29,ENGINERSIN,36.811
2026-10-01,15:29,ENRIN,-6.3378
2026-10-01,15:29,ENTERO,24.5591
2026-10-01,15:29,EPACKPEB,26.5395
2026-10-01,15:29,EPL,5.9932
2026-10-01,15:29,EQUITASBNK,0.3668
2026-10-01,15:29,ESAFSFB,49.8102
2026-10-01,15:29,ESTER,-0.0837
2026-10-01,15:29,ETERNAL,26.7412
2026-10-01,15:29,ETHOSLTD,4.2707
2026-10-01,15:29,EVEREADY,-0.8632
2026-10-01,15:29,EVERESTIND,14.1725
2026-10-01,15:29,EXCELINDUS,-6.159
2026-10-01,15:29,EXICOM,-0.5856
2026-10-01,15:29,EXIDEIND,18.2527
2026-10-01,15:29,EXPLEOSOL,-6.2155
2026-10-01,15:29,FAIRCHEMOR,8.3893
2026-10-01,15:29,FCL,42.762
2026-10-01,15:29,FEDDERSHOL,93.9939
2026-10-01,15:29,FEDERALBNK,10.0086
2026-10-01,15:29,FILATEX,144.6392
2026-10-01,15:29,FINCABLES,36.4768
2026-10-01,15:29,FINEORG,12.5762
2026-10-01,15:29,FINKURVE,7.0583
2026-10-01,15:29,FINOPB,2.2488
2026-10-01,15:29,FIVESTAR,10.9954
2026-10-01,15:29,FLUOROCHEM,13.2841
2026-10-01,15:29,FMGOETZE,-4.0497
2026-10-01,15:29,FOSECOIND,26.7601
2026-10-01,15:29,FUSION,-2.8406
2026-10-01,15:29,GABRIEL,16.6815
2026-10-01,15:29,GAEL,-3.2399
2026-10-01,15:29,GAIL,1.5118
2026-10-01,15:29,GALAPREC,32.1614
2026-10-01,15:29,GALAXYSURF,29.1583
2026-10-01,15:29,GANDHAR,66.2451
2026-10-01,15:29,GANDHITUBE,1.4876
2026-10-01,15:29,GANECOS,3.5866
2026-10-01,15:29,GANESHBE,24.6368
2026-10-01,15:29,GANESHHOU,-1.0054
2026-10-01,15:29,GARFIBRES,20.3163
2026-10-01,15:29,GARUDA,0.3555
2026-10-01,15:29,GAYAPROJ,27.2109
2026-10-01,15:29,GCSL,68.9402
2026-10-01,15:29,GEECEE,12.6603
2026-10-01,15:29,GEMAROMA,0.9295
2026-10-01,15:29,GENESYS,62.4986
2026-10-01,15:29,GEOJITFSL,0.3713
2026-10-01,15:29,GFLLIMITED,15.5923
2026-10-01,15:29,GHCLTEXTIL,37.5413
2026-10-01,15:29,GIPCL,11.7267
2026-10-01,15:29,GKSL,37.5363
2026-10-01,15:29,GLAND,23.1639
2026-10-01,15:29,GLAXO,20.4774
2026-10-01,15:29,GLENMARK,-0.2567
2026-10-01,15:29,GLOBAL,34.2545
2026-10-01,15:29,GMBREW,1.024
2026-10-01,15:29,GMMPFAUDLR,79.0819
2026-10-01,15:29,GMRAIRPORT,-3.8596
2026-10-01,15:29,GMRP&UI,-5.3165
2026-10-01,15:29,GNA,53.5025
2026-10-01,15:29,GNFC,14.387
2026-10-01,15:29,GNRL,0.4133
2026-10-01,15:29,GOCLCORP,1.5009
2026-10-01,15:29,GODREJAGRO,10.4431
2026-10-01,15:29,GOKEX,-3.6444
2026-10-01,15:29,GOKULAGRO,-3.9587
2026-10-01,15:29,GOODLUCK,5.7116
2026-10-01,15:29,GOODYEAR,-6.1947
2026-10-01,15:29,GPPL,6.737
2026-10-01,15:29,GPTHEALTH,8.7678
2026-10-01,15:29,GPTINFRA,0.2027
2026-10-01,15:29,GRANDOAK,34.3111
2026-10-01,15:29,GRANULES,8.3531
2026-10-01,15:29,GRAPHITE,5.0371
2026-10-01,15:29,GRAUWEIL,20.1175
2026-10-01,15:29,GREAVESCOT,31.6593
2026-10-01,15:29,GREENPLY,16.2711
2026-10-01,15:29,GRINDWELL,2.0558
2026-10-01,15:29,GROWW,-4.9401
2026-10-01,15:29,GRPLTD,11.32
2026-10-01,15:29,GRWRHITECH,23.9374
2026-10-01,15:29,GSPCROP,3.3201
2026-10-01,15:29,GUFICBIO,28.7187
2026-10-01,15:29,GUJTHEM,-1.9391
2026-10-01,15:29,GULFOILLUB,18.2133
2026-10-01,15:29,HAL,3.9563
2026-10-01,15:29,HALDYNGL,27.9009
2026-10-01,15:29,HAPPYFORGE,45.586
2026-10-01,15:29,HARSHA,17.9761
2026-10-01,15:29,HATSUN,19.3595
2026-10-01,15:29,HAWKINCOOK,11.5962
2026-10-01,15:29,HBLENGINE,2.7218
2026-10-01,15:29,HCG,1.9514
2026-10-01,15:29,HCLTECH,6.6398
2026-10-01,15:29,HEG,23.3679
2026-10-01,15:29,HERITGFOOD,21.3189
2026-10-01,15:29,HEROMOTOCO,3.7959
2026-10-01,15:29,HESTERBIO,12.25
2026-10-01,15:29,HEXATRADEX,-5.5179
2026-10-01,15:29,HFCL,46.3768
2026-10-01,15:29,HIKAL,1.906
2026-10-01,15:29,HINDCOMPOS,-2.9438
2026-10-01,15:29,HINDOILEXP,2.0992
2026-10-01,15:29,HIRECT,15.5281
2026-10-01,15:29,HITECHCORP,103.9868
2026-10-01,15:29,HITECHGEAR,2.7228
2026-10-01,15:29,HLEGLAS,33.6306
2026-10-01,15:29,HMAAGRO,-4.7484
2026-10-01,15:29,HMT,2.7161
2026-10-01,15:29,HMVL,21.1514
2026-10-01,15:29,HNDFDS,7.2115
2026-10-01,15:29,HOMEFIRST,4.2218
2026-10-01,15:29,HONASA,9.3674
2026-10-01,15:29,HONAUT,-2.7176
2026-10-01,15:29,HSCL,12.1197
2026-10-01,15:29,HTMEDIA,1.681
2026-10-01,15:29,HUHTAMAKI,36.8941
2026-10-01,15:29,HYUNDAI,7.6081
2026-10-01,15:29,IBULLSLTD,47.4449
2026-10-01,15:29,ICICIBANK,1.4553
2026-10-01,15:29,ICIL,43.0206
2026-10-01,15:29,IDBI,18.5241
2026-10-01,15:29,IDFCFIRSTB,15.7357
2026-10-01,15:29,IFBIND,10.8344
2026-10-01,15:29,IFCI,5.4899
2026-10-01,15:29,IFGLEXPOR,7.6246
2026-10-01,15:29,IGARASHI,2.6238
2026-10-01,15:29,IGPL,27.9744
2026-10-01,15:29,IIFL,21.1455
2026-10-01,15:29,IIFLCAPS,0.0145
2026-10-01,15:29,IKIO,23.6627
2026-10-01,15:29,IKS,7.8305
2026-10-01,15:29,IL&FSENGG,33.4371
2026-10-01,15:29,IMAGICAA,15.8857
2026-10-01,15:29,INDGN,14.8858
2026-10-01,15:29,INDHOTEL,8.2059
2026-10-01,15:29,INDIAGLYCO,47.7306
2026-10-01,15:29,INDIANB,-5.5942
2026-10-01,15:29,INDIANHUME,9.0766
2026-10-01,15:29,INDIGO,9.5071
2026-10-01,15:29,INDIGOPNTS,5.7784
2026-10-01,15:29,INDIQUBE,18.8267
2026-10-01,15:29,INDNIPPON,49.8287
2026-10-01,15:29,INDOAMIN,3.857
2026-10-01,15:29,INDOBORAX,40.7163
2026-10-01,15:29,INDOCO,28.6145
2026-10-01,15:29,INDOFARM,0.1749
2026-10-01,15:29,INDORAMA,158.5267
2026-10-01,15:29,INDOSTAR,-3.0128
2026-10-01,15:29,INDOTECH,37.2586
2026-10-01,15:29,INDSWFTLAB,198.9484
2026-10-01,15:29,INDUSINDBK,-4.2382
2026-10-01,15:29,INGERRAND,-3.9849
2026-10-01,15:29,INNOVACAP,36.6002
2026-10-01,15:29,INOXINDIA,50.5764
2026-10-01,15:29,INTLCONV,2.6815
2026-10-01,15:29,INVPRECQ,154.3367
2026-10-01,15:29,IOLCP,68.8629
2026-10-01,15:29,IONEXCHANG,-0.4653
2026-10-01,15:29,IPCALAB,23.6919
2026-10-01,15:29,IRISDOREME,69.8315
2026-10-01,15:29,IRMENERGY,-6.1202
2026-10-01,15:29,ITCHOTELS,1.4659
2026-10-01,15:29,ITDC,19.9712
2026-10-01,15:29,IZMO,23.3269
2026-10-01,15:29,J&KBANK,-0.5683
2026-10-01,15:29,JAGSNPHARM,12.6598
2026-10-01,15:29,JAMNAAUTO,11.9177
2026-10-01,15:29,JASH,43.662
2026-10-01,15:29,JAYBARMARU,8.1975
2026-10-01,15:29,JAYKAY,1.8967
2026-10-01,15:29,JGCHEM,50.0799
2026-10-01,15:29,JINDALPHOT,1.5052
2026-10-01,15:29,JINDALSAW,19.6335
2026-10-01,15:29,JINDWORLD,71.6748
2026-10-01,15:29,JITFINFRA,-4.2745
2026-10-01,15:29,JKPAPER,-2.6215
2026-10-01,15:29,JLHL,-3.7521
2026-10-01,15:29,JNKINDIA,13.9284
2026-10-01,15:29,JSFB,0.8045
2026-10-01,15:29,JSL,0.1093
2026-10-01,15:29,JSWDULUX,2.8254
2026-10-01,15:29,JSWINFRA,28.7412
2026-10-01,15:29,JSWSTEEL,-4.3741
2026-10-01,15:29,JTLIND,24.1255
2026-10-01,15:29,JUBLCPL,11.2975
2026-10-01,15:29,JUBLFOOD,1.0598
2026-10-01,15:29,JUBLPHARMA,-0.7893
2026-10-01,15:29,JUNIPER,9.0213
2026-10-01,15:29,JUSTDIAL,24.6945
2026-10-01,15:29,JYOTICNC,53.884
2026-10-01,15:29,KABRAEXTRU,231.3991
2026-10-01,15:29,KAJARIACER,14.4953
2026-10-01,15:29,KALYANKJIL,47.6876
2026-10-01,15:29,KAMATHOTEL,43.5784
2026-10-01,15:29,KAMDHENU,51.0245
2026-10-01,15:29,KANORICHEM,106.7374
2026-10-01,15:29,KANPRPLA,16.884
2026-10-01,15:29,KAPSTON,58.0965
2026-10-01,15:29,KARURVYSYA,11.4041
2026-10-01,15:29,KAYNES,-0.0412
2026-10-01,15:29,KCP,-6.034
2026-10-01,15:29,KDDL,40.0158
2026-10-01,15:29,KECL,-4.162
2026-10-01,15:29,KENNAMET,41.1716
2026-10-01,15:29,KERNEX,12.2609
2026-10-01,15:29,KFINTECH,0.3135
2026-10-01,15:29,KILITCH,17.9987
2026-10-01,15:29,KIMS,-2.7154
2026-10-01,15:29,KINGFA,24.9455
2026-10-01,15:29,KIRIINDUS,37.3865
2026-10-01,15:29,KIRLFER,3.996
2026-10-01,15:29,KIRLOSBROS,8.5416
2026-10-01,15:29,KIRLOSENG,31.7066
2026-10-01,15:29,KIRLOSIND,11.9445
2026-10-01,15:29,KISSHT,46.9785
2026-10-01,15:29,KKCL,6.6958
2026-10-01,15:29,KLBRENG-B,9.8888
2026-10-01,15:29,KMEW,44.1887
2026-10-01,15:29,KNAGRI,4.5251
2026-10-01,15:29,KOLTEPATIL,9.6479
2026-10-01,15:29,KOPRAN,49.6445
2026-10-01,15:29,KOTAKBANK,6.491
2026-10-01,15:29,KOTHARIPET,-1.9823
2026-10-01,15:29,KOVAI,12.0176
2026-10-01,15:29,KPIL,6.5515
2026-10-01,15:29,KPL,59.6238
2026-10-01,15:29,KPRMILL,12.6835
2026-10-01,15:29,KRBL,5.0293
2026-10-01,15:29,KRISHANA,38.4044
2026-10-01,15:29,KRN,31.38
2026-10-01,15:29,KRONOX,50.3947
2026-10-01,15:29,KROSS,33.886
2026-10-01,15:29,KRSNAA,0.1806
2026-10-01,15:29,KRYSTAL,4.6745
2026-10-01,15:29,KSB,-1.3094
2026-10-01,15:29,KSHINTL,47.9424
2026-10-01,15:29,KSL,10.053
2026-10-01,15:29,KTKBANK,21.7029
2026-10-01,15:29,KUANTUM,-3.9805
2026-10-01,15:29,KWIL,45.6893
2026-10-01,15:29,LALPATHLAB,24.1625
2026-10-01,15:29,LANDMARK,20.6223
2026-10-01,15:29,LAURUSLABS,46.2803
2026-10-01,15:29,LAXMIINDIA,3.8388
2026-10-01,15:29,LENSKART,37.201
2026-10-01,15:29,LGBBROSLTD,10.9231
2026-10-01,15:29,LGEINDIA,12.2132
2026-10-01,15:29,LGHL,-5.2988
2026-10-01,15:29,LICHSGFIN,-6.3391
2026-10-01,15:29,LIKHITHA,7.3461
2026-10-01,15:29,LLOYDSENGG,31.7299
2026-10-01,15:29,LLOYDSENT,9.2961
2026-10-01,15:29,LLOYDSME,-1.3656
2026-10-01,15:29,LMW,11.2097
2026-10-01,15:29,LODHA,21.9165
2026-10-01,15:29,LOKESHMACH,54.1064
2026-10-01,15:29,LOTUSDEV,62.9622
2026-10-01,15:29,LTF,-5.3696
2026-10-01,15:29,LTFOODS,-1.5295
2026-10-01,15:29,LTM,0.3858
2026-10-01,15:29,LUMAXIND,-4.0871
2026-10-01,15:29,LUMAXTECH,24.3809
2026-10-01,15:29,LXCHEM,17.4806
2026-10-01,15:29,M&MFIN,3.6299
2026-10-01,15:29,MACPOWER,81.1181
2026-10-01,15:29,MAGADSUGAR,8.1467
2026-10-01,15:29,MAHABANK,-0.8254
2026-10-01,15:29,MAHASTEEL,35.5146
2026-10-01,15:29,MAHLIFE,4.4157
2026-10-01,15:29,MAHLOG,16.704
2026-10-01,15:29,MAHSCOOTER,-0.6819
2026-10-01,15:29,MAHSEAMLES,11.6125
2026-10-01,15:29,MAITHANALL,-1.608
2026-10-01,15:29,MAMATA,-3.9279
2026-10-01,15:29,MANAKCOAT,17.9996
2026-10-01,15:29,MANAKSTEEL,57.9948
2026-10-01,15:29,MANALIPETC,29.2376
2026-10-01,15:29,MANAPPURAM,-5.1436
2026-10-01,15:29,MANBA,29.1554
2026-10-01,15:29,MANGLMCEM,16.8169
2026-10-01,15:29,MANINDS,64.5331
2026-10-01,15:29,MANINFRA,8.087
2026-10-01,15:29,MANKIND,3.1536
2026-10-01,15:29,MANORAMA,33.582
2026-10-01,15:29,MANYAVAR,23.8697
2026-10-01,15:29,MAPMYINDIA,-2.3327
2026-10-01,15:29,MARICO,-5.1011
2026-10-01,15:29,MARINE,83.4089
2026-10-01,15:29,MARKSANS,47.8253
2026-10-01,15:29,MATRIMONY,19.1275
2026-10-01,15:29,MAWANASUG,38.1493
2026-10-01,15:29,MAXESTATES,29.2956
2026-10-01,15:29,MAXHEALTH,-5.9849
2026-10-01,15:29,MAXIND,4.803
2026-10-01,15:29,MAYURUNIQ,-4.8476
2026-10-01,15:29,MAZDA,36.4605
2026-10-01,15:29,MBAPL,52.2773
2026-10-01,15:29,MBECL,14472.2709
2026-10-01,15:29,MCCHRLS-B,1.9579
2026-10-01,15:29,MCX,-3.3163
2026-10-01,15:29,MEDANTA,8.6448
2026-10-01,15:29,MEESHO,11.3947
2026-10-01,15:29,MENONBE,92.6262
2026-10-01,15:29,METROPOLIS,2.5548
2026-10-01,15:29,MGL,-2.7444
2026-10-01,15:29,MIDHANI,4.0807
2026-10-01,15:29,MINDACORP,14.0087
2026-10-01,15:29,MMFL,23.4513
2026-10-01,15:29,MMP,55.3398
2026-10-01,15:29,MOBIKWIK,2.6522
2026-10-01,15:29,MODIS,6.6232
2026-10-01,15:29,MODISONLTD,132.2487
2026-10-01,15:29,MOL,7.9287
2026-10-01,15:29,MOLDTECH,70.6358
2026-10-01,15:29,MOLDTKPAC,-6.3801
2026-10-01,15:29,MONARCH,4.8173
2026-10-01,15:29,MONTECARLO,-4.7198
2026-10-01,15:29,MOREPENLAB,205.8554
2026-10-01,15:29,MOSCHIP,-4.0273
2026-10-01,15:29,MOTHERSON,15.5397
2026-10-01,15:29,MOTILALOFS,13.7424
2026-10-01,15:29,MPHASIS,0.2763
2026-10-01,15:29,MPSLTD,47.1668
2026-10-01,15:29,MRF,-3.8397
2026-10-01,15:29,MRPL,8.509
2026-10-01,15:29,MSTCLTD,64.1205
2026-10-01,15:29,MTARTECH,-1.9369
2026-10-01,15:29,MUFIN,5.7923
2026-10-01,15:29,MUKANDLTD,23.2054
2026-10-01,15:29,MUKKA,11.0631
2026-10-01,15:29,MUNJALAU,11.5793
2026-10-01,15:29,MUTHOOTMF,-2.5034
2026-10-01,15:29,MVGJL,35.8016
2026-10-01,15:29,NAHARINDUS,13.6477
2026-10-01,15:29,NAHARSPING,-2.8517
2026-10-01,15:29,NAM-INDIA,-4.9177
2026-10-01,15:29,NAUKRI,27.8636
2026-10-01,15:29,NAVINFLUOR,9.2808
2026-10-01,15:29,NAZARA,32.5409
2026-10-01,15:29,NBIFIN,-5.059
2026-10-01,15:29,NCLIND,-0.3633
2026-10-01,15:29,NELCO,32.1444
2026-10-01,15:29,NEOGEN,37.188
2026-10-01,15:29,NEPHROPLUS,4.6525
2026-10-01,15:29,NETWEB,17.6212
2026-10-01,15:29,NEULANDLAB,28.3268
2026-10-01,15:29,NEWGEN,4.6914
2026-10-01,15:29,NGLFINE,2.2771
2026-10-01,15:29,NIACL,-3.6041
2026-10-01,15:29,NIITLTD,23.1907
2026-10-01,15:29,NILKAMAL,45.5634
2026-10-01,15:29,NINSYS,22.7443
2026-10-01,15:29,NIRLON,-2.9896
2026-10-01,15:29,NITINSPIN,18.5052
2026-10-01,15:29,NITTAGELA,5.1458
2026-10-01,15:29,NOCIL,1.8764
2026-10-01,15:29,NORTHARC,0.7327
2026-10-01,15:29,NOVARTIND,44.4641
2026-10-01,15:29,NPST,71.3053
2026-10-01,15:29,NRAIL,43.4787
2026-10-01,15:29,NRBBEARING,40.5153
2026-10-01,15:29,NRL,191.4759
2026-10-01,15:29,NUVAMA,13.0649
2026-10-01,15:29,NUVOCO,-0.6324
2026-10-01,15:29,NYKAA,20.3296
2026-10-01,15:29,OAL,61.9352
2026-10-01,15:29,OBEROIRLTY,2.4644
2026-10-01,15:29,OCCLLTD,69.7281
2026-10-01,15:29,OFSS,7.3895
2026-10-01,15:29,OLAELEC,-2.1378
2026-10-01,15:29,OMAXE,41.5669
2026-10-01,15:29,OMNI,41.7443
2026-10-01,15:29,ONEPOINT,21.4998
2026-10-01,15:29,ONMOBILE,-5.3734
2026-10-01,15:29,ONWARDTEC,7.841
2026-10-01,15:29,OPTIEMUS,87.1463
2026-10-01,15:29,ORBTEXP,48.6849
2026-10-01,15:29,ORCHPHARMA,38.3938
2026-10-01,15:29,ORIENTBELL,11.7482
2026-10-01,15:29,ORIENTCER,8.6967
2026-10-01,15:29,ORIENTHOT,40.4353
2026-10-01,15:29,PAGEIND,-4.8904
2026-10-01,15:29,PAISALO,60.2166
2026-10-01,15:29,PANACHE,48.2551
2026-10-01,15:29,PANAMAPET,45.3813
2026-10-01,15:29,PARADEEP,17.5803
2026-10-01,15:29,PARAGMILK,24.9586
2026-10-01,15:29,PARAS,49.109
2026-10-01,15:29,PARKHOSPS,-2.9704
2026-10-01,15:29,PASUPTAC,21.0709
2026-10-01,15:29,PATELENG,-1.3699
2026-10-01,15:29,PATELRMART,5.6268
2026-10-01,15:29,PAUSHAKLTD,43.824
2026-10-01,15:29,PAYTM,50.9021
2026-10-01,15:29,PCBL,9.2608
2026-10-01,15:29,PDMJEPAPER,15.4525
2026-10-01,15:29,PDSL,16.0434
2026-10-01,15:29,PENIND,14.6309
2026-10-01,15:29,PERSISTENT,6.5304
2026-10-01,15:29,PETRONET,1.1515
2026-10-01,15:29,PFOCUS,22.283
2026-10-01,15:29,PFS,-5.9726
2026-10-01,15:29,PGEL,2.0902
2026-10-01,15:29,PGIL,55.1788
2026-10-01,15:29,PHOENIXLTD,6.6534
2026-10-01,15:29,PICCADIL,-2.8913
2026-10-01,15:29,PIDILITIND,-0.8936
2026-10-01,15:29,PINELABS,14.6306
2026-10-01,15:29,PITTIENG,20.2375
2026-10-01,15:29,PIXTRANS,19.0094
2026-10-01,15:29,PLASTIBLEN,9.495
2026-10-01,15:29,PNB,3.115
2026-10-01,15:29,PNBHOUSING,0.5895
2026-10-01,15:29,PNGJL,10.2074
2026-10-01,15:29,PNGSREVA,24.8669
2026-10-01,15:29,POLYMED,5.8751
2026-10-01,15:29,POLYPLEX,12.5281
2026-10-01,15:29,POONAWALLA,8.6488
2026-10-01,15:29,POWERICA,6.1149
2026-10-01,15:29,POWERMECH,-2.7836
2026-10-01,15:29,PPL,21.0427
2026-10-01,15:29,PPLPHARMA,10.3143
2026-10-01,15:29,PRABHA,36.0696
2026-10-01,15:29,PRADPME,6.5331
2026-10-01,15:29,PRECWIRE,13.2851
2026-10-01,15:29,PREMEXPLN,-4.555
2026-10-01,15:29,PREMIERPOL,62.5247
2026-10-01,15:29,PRESTIGE,6.044
2026-10-01,15:29,PRICOLLTD,29.4958
2026-10-01,15:29,PRIMESECU,8.0258
2026-10-01,15:29,PRIMO,15.7631
2026-10-01,15:29,PRIVISCL,8.253
2026-10-01,15:29,PROSTARM,-4.8285
2026-10-01,15:29,PROTEAN,1.4028
2026-10-01,15:29,PROZONER,2.4376
2026-10-01,15:29,PRUDENT,16.3496
2026-10-01,15:29,PSPPROJECT,-3.2818
2026-10-01,15:29,PTCIL,35.297
2026-10-01,15:29,PTL,-0.3421
2026-10-01,15:29,PUNJABCHEM,1.4522
2026-10-01,15:29,PVP,93.1496
2026-10-01,15:29,PVRINOX,23.8333
2026-10-01,15:29,PWL,8.271
2026-10-01,15:29,QPOWER,45.0046
2026-10-01,15:29,QUADFUTURE,84.0984
2026-10-01,15:29,QUESS,63.0614
2026-10-01,15:29,RACLGEAR,8.1032
2026-10-01,15:29,RADHIKAJWE,20.5523
2026-10-01,15:29,RADICO,19.7096
2026-10-01,15:29,RAIN,16.5046
2026-10-01,15:29,RAINBOW,-5.2
2026-10-01,15:29,RAJRATAN,7.1589
2026-10-01,15:29,RAMCOIND,3.5629
2026-10-01,15:29,RAMCOSYS,12.8033
2026-10-01,15:29,RAMRAT,31.0554
2026-10-01,15:29,RANEHOLDIN,8.696
2026-10-01,15:29,RATEGAIN,15.8159
2026-10-01,15:29,RATNAMANI,3.2154
2026-10-01,15:29,RATNAVEER,95.3792
2026-10-01,15:29,RAYMOND,114.2065
2026-10-01,15:29,RAYMONDREL,5.7572
2026-10-01,15:29,RBA,35.4981
2026-10-01,15:29,RBLBANK,19.8194
2026-10-01,15:29,RBZJEWEL,58.651
2026-10-01,15:29,REDINGTON,77.5453
2026-10-01,15:29,REFEX,-4.5223
2026-10-01,15:29,REGAAL,-5.1825
2026-10-01,15:29,RELAXO,-4.4854
2026-10-01,15:29,RELIGARE,-5.0761
2026-10-01,15:29,RELTD,15.161
2026-10-01,15:29,RGL,56.4456
2026-10-01,15:29,RHIM,-4.5393
2026-10-01,15:29,RICOAUTO,1.5615
2026-10-01,15:29,RISHABH,27.0776
2026-10-01,15:29,RITCO,4.8583
2026-10-01,15:29,RITES,1.0516
2026-10-01,15:29,RKFORGE,21.5928
2026-10-01,15:29,RMDRIP,23.8924
2026-10-01,15:29,RML,44.8038
2026-10-01,15:29,ROLEXRINGS,36.6743
2026-10-01,15:29,ROSSTECH,49.4136
2026-10-01,15:29,ROTO,8.6715
2026-10-01,15:29,RPEL,91.2116
2026-10-01,15:29,RPGLIFE,30.0395
2026-10-01,15:29,RPTECH,74.1231
2026-10-01,15:29,RRKABEL,26.6
2026-10-01,15:29,RSL,32.5355
2026-10-01,15:29,RSWM,16.3598
2026-10-01,15:29,RSYSTEMS,-1.4211
2026-10-01,15:29,RUBICON,72.6642
2026-10-01,15:29,RUBYMILLS,82.955
2026-10-01,15:29,SAGILITY,3.2775
2026-10-01,15:29,SAILIFE,31.0656
2026-10-01,15:29,SAIPARENT,6.911
2026-10-01,15:29,SAKAR,34.2072
2026-10-01,15:29,SAKSOFT,-3.2498
2026-10-01,15:29,SALSTEEL,75.9829
2026-10-01,15:29,SAMBHV,50.2979
2026-10-01,15:29,SAMHI,-5.0089
2026-10-01,15:29,SANATHAN,25.1023
2026-10-01,15:29,SANDESH,-2.736
2026-10-01,15:29,SANGAMIND,23.4893
2026-10-01,15:29,SANGHVIMOV,13.4443
2026-10-01,15:29,SANOFI,-4.5413
2026-10-01,15:29,SANSERA,47.205
2026-10-01,15:29,SANSTAR,-0.933
2026-10-01,15:29,SAPPHIRE,13.4653
2026-10-01,15:29,SAREGAMA,24.4341
2026-10-01,15:29,SARLAPOLY,-5.9389
2026-10-01,15:29,SATIA,16.0666
2026-10-01,15:29,SATIN,5.1884
2026-10-01,15:29,SAYAJIHOTL,5.5556
2026-10-01,15:29,SBC,50.7597
2026-10-01,15:29,SBCL,52.8341
2026-10-01,15:29,SBIN,-1.5986
2026-10-01,15:29,SCHAEFFLER,-5.2916
2026-10-01,15:29,SCPL,47.8318
2026-10-01,15:29,SEAMECLTD,-2.2676
2026-10-01,15:29,SEDEMAC,66.2856
2026-10-01,15:29,SEIL,-4.7502
2026-10-01,15:29,SENORES,16.9852
2026-10-01,15:29,SESHAPAPER,0.1908
2026-10-01,15:29,SETL,204.3209
2026-10-01,15:29,SFL,-2.8974
2026-10-01,15:29,SGFIN,9.0901
2026-10-01,15:29,SGIL,19.2289
2026-10-01,15:29,SGMART,21.1656
2026-10-01,15:29,SHADOWFAX,36.6707
2026-10-01,15:29,SHAILY,9.382
2026-10-01,15:29,SHALPAINTS,54.1822
2026-10-01,15:29,SHANTIGEAR,29.9026
2026-10-01,15:29,SHANTIGOLD,35.1815
2026-10-01,15:29,SHARDAMOTR,9.9432
2026-10-01,15:29,SHARDUL,102.9401
2026-10-01,15:29,SHAREINDIA,46.5138
2026-10-01,15:29,SHILCTECH,-1.2004
2026-10-01,15:29,SHILPAMED,107.7711
2026-10-01,15:29,SHINDL,0.4609
2026-10-01,15:29,SHIVALIK,48.9511
2026-10-01,15:29,SHIVAUM,66.4466
2026-10-01,15:29,SHK,1.1297
2026-10-01,15:29,SHOPERSTOP,19.9822
2026-10-01,15:29,SHREEJISPG,68.3165
2026-10-01,15:29,SHREEPUSHK,40.9925
2026-10-01,15:29,SHREERAMA,-4.4287
2026-10-01,15:29,SHRINGARMS,2.3588
2026-10-01,15:29,SHRIPISTON,38.6513
2026-10-01,15:29,SHRIRAMFIN,-1.762
2026-10-01,15:29,SHYAMMETL,8.9133
2026-10-01,15:29,SICALLOG,37.2636
2026-10-01,15:29,SIEMENS,3.7219
2026-10-01,15:29,SIGACHI,41.5584
2026-10-01,15:29,SIGMAADV,193.4332
2026-10-01,15:29,SIKA,8.8984
2026-10-01,15:29,SILVERTUC,-4.8312
2026-10-01,15:29,SIMPLEXINF,2.8935
2026-10-01,15:29,SIRCA,-4.3815
2026-10-01,15:29,SIS,5.9541
2026-10-01,15:29,SJS,7.1861
2026-10-01,15:29,SKFINDUS,31.1304
2026-10-01,15:29,SKIPPER,12.6678
2026-10-01,15:29,SKMEGGPROD,12.8711
2026-10-01,15:29,SKYGOLD,67.3686
2026-10-01,15:29,SMARTWORKS,11.7885
2026-10-01,15:29,SMCGLOBAL,59.4142
2026-10-01,15:29,SMLMAH,61.7921
2026-10-01,15:29,SMSPHARMA,27.6717
2026-10-01,15:29,SOFTTECH,14.787
2026-10-01,15:29,SOLARA,28.9761
2026-10-01,15:29,SOLARINDS,5.5667
2026-10-01,15:29,SOMANYCERA,18.8583
2026-10-01,15:29,SONACOMS,35.3737
2026-10-01,15:29,SOTL,71.91
2026-10-01,15:29,SOUTHBANK,15.7073
2026-10-01,15:29,SPAL,21.712
2026-10-01,15:29,SPECIALITY,35.4213
2026-10-01,15:29,SPECTRUM,176.4077
2026-10-01,15:29,SPLPETRO,14.6204
2026-10-01,15:29,SPORTKING,25.6946
2026-10-01,15:29,SREEL,52.8656
2026-10-01,15:29,SRHHYPOLTD,1.2573
2026-10-01,15:29,SSWL,85.3187
2026-10-01,15:29,STALLION,31.8076
2026-10-01,15:29,STARHEALTH,2.2924
2026-10-01,15:29,STEELCAS,24.524
2026-10-01,15:29,STEL,22.6554
2026-10-01,15:29,STERTOOLS,-4.3827
2026-10-01,15:29,STLNETWORK,79.7333
2026-10-01,15:29,STLTECH,106.25
2026-10-01,15:29,STOVEKRAFT,46.056
2026-10-01,15:29,STYL,36.3179
2026-10-01,15:29,STYLAMIND,12.8285
2026-10-01,15:29,STYLEBAAZA,6.7063
2026-10-01,15:29,SUDARCOLOR,-2.0359
2026-10-01,15:29,SUDARSCHEM,18.9233
2026-10-01,15:29,SUDEEPPHRM,72.1872
2026-10-01,15:29,SUNDARMFIN,0.244
2026-10-01,15:29,SUNDRMFAST,30.9633
2026-10-01,15:29,SUNDROP,11.5117
2026-10-01,15:29,SUNFLAG,11.5974
2026-10-01,15:29,SUNPHARMA,-2.1515
2026-10-01,15:29,SUNTV,21.3636
2026-10-01,15:29,SUPRAJIT,8.1133
2026-10-01,15:29,SUPRIYA,21.5167
2026-10-01,15:29,SURAKSHA,17.3032
2026-10-01,15:29,SURYAROSNI,1.6678
2026-10-01,15:29,SUTLEJTEX,0.5829
2026-10-01,15:29,SUVEN,13.747
2026-10-01,15:29,SVLL,40.9062
2026-10-01,15:29,SWANDEF,41.4403
2026-10-01,15:29,SWARAJENG,-5.3058
2026-10-01,15:29,SWELECTES,-3.01
2026-10-01,15:29,SWIGGY,-4.819
2026-10-01,15:29,SYNCOMF,51.1672
2026-10-01,15:29,SYRMA,62.4876
2026-10-01,15:29,SYSTMTXC,12.4012
2026-10-01,15:29,TAJGVK,-4.0524
2026-10-01,15:29,TALBROAUTO,18.4422
2026-10-01,15:29,TARC,-5.855
2026-10-01,15:29,TARSONS,53.4234
2026-10-01,15:29,TASTYBITE,24.3309
2026-10-01,15:29,TATACAP,3.1497
2026-10-01,15:29,TATATECH,3.1744
2026-10-01,15:29,TATVA,47.3916
2026-10-01,15:29,TBOTEK,37.5494
2026-10-01,15:29,TBZ,358.4528
2026-10-01,15:29,TCI,-4.2781
2026-10-01,15:29,TCIEXP,-1.4449
2026-10-01,15:29,TCPLPACK,49.087
2026-10-01,15:29,TDPOWERSYS,21.7007
2026-10-01,15:29,TECHM,6.7921
2026-10-01,15:29,TEGA,30.041
2026-10-01,15:29,TEJASNET,-1.9306
2026-10-01,15:29,TEXINFRA,20.4135
2026-10-01,15:29,TEXRAIL,11.988
2026-10-01,15:29,TFCILTD,89.8113
2026-10-01,15:29,THANGAMAYL,27.1116
2026-10-01,15:29,THEJO,27.6043
2026-10-01,15:29,THELEELA,37.3115
2026-10-01,15:29,THEMISMED,12.919
2026-10-01,15:29,THOMASCOOK,8.082
2026-10-01,15:29,THYROCARE,8.2024
2026-10-01,15:29,TI,23.0551
2026-10-01,15:29,TIIL,10.0765
2026-10-01,15:29,TIL,28.402
2026-10-01,15:29,TIMETECHNO,0.9041
2026-10-01,15:29,TIMEX,91.2189
2026-10-01,15:29,TINNARUBR,19.3251
2026-10-01,15:29,TIPSMUSIC,0.21
2026-10-01,15:29,TIRUPATIFL,80.1966
2026-10-01,15:29,TITAGARH,-3.2448
2026-10-01,15:29,TITAN,8.5714
2026-10-01,15:29,TMB,27.4461
2026-10-01,15:29,TMCV,5.0171
2026-10-01,15:29,TNPETRO,35.1695
2026-10-01,15:29,TNPL,-2.154
2026-10-01,15:29,TORNTPHARM,4.258
2026-10-01,15:29,TPLPLASTEH,6.6739
2026-10-01,15:29,TRANSPEK,7.3361
2026-10-01,15:29,TRAVELFOOD,4.8152
2026-10-01,15:29,TREL,10.8448
2026-10-01,15:29,TRIVENI,-0.914
2026-10-01,15:29,TSFINV,-1.0161
2026-10-01,15:29,TTKHLTCARE,14.794
2026-10-01,15:29,TTKPRESTIG,-3.211
2026-10-01,15:29,TVSMOTOR,15.8957
2026-10-01,15:29,TVSSCS,6.2991
2026-10-01,15:29,TVSSRICHAK,21.056
2026-10-01,15:29,UDS,15.9964
2026-10-01,15:29,UEL,29.7013
2026-10-01,15:29,UFBL,37.7647
2026-10-01,15:29,UFLEX,57.903
2026-10-01,15:29,UGARSUGAR,33.1433
2026-10-01,15:29,UJJIVANSFB,19.5553
2026-10-01,15:29,ULTRAMAR,0.1233
2026-10-01,15:29,UNICHEMLAB,48.8317
2026-10-01,15:29,UNIMECH,86.2786
2026-10-01,15:29,UNIONBANK,-0.758
2026-10-01,15:29,UNIPARTS,46.4343
2026-10-01,15:29,UNITDSPR,3.9717
2026-10-01,15:29,UNITEDPOLY,38.8725
2026-10-01,15:29,UNIVASTU,85.9933
2026-10-01,15:29,UNIVCABLES,24.4789
2026-10-01,15:29,UNIVPHOTO,13.5705
2026-10-01,15:29,UNOMINDA,-0.6705
2026-10-01,15:29,URBANCO,25.4232
2026-10-01,15:29,USHAMART,3.7561
2026-10-01,15:29,UTLSOLAR,41.5257
2026-10-01,15:29,UTTAMSUGAR,12.4186
2026-10-01,15:29,VADILALIND,64.4735
2026-10-01,15:29,VALIANTLAB,60.5648
2026-10-01,15:29,VALIANTORG,65.9364
2026-10-01,15:29,VARROC,42.7516
2026-10-01,15:29,VASCONEQ,-4.2609
2026-10-01,15:29,VEEDOL,-4.9667
2026-10-01,15:29,VELJAN,120.0173
2026-10-01,15:29,VENKEYS,6.9842
2026-10-01,15:29,VENUSPIPES,55.9004
2026-10-01,15:29,VENUSREM,58.1393
2026-10-01,15:29,VGUARD,-3.9302
2026-10-01,15:29,VHL,-0.9315
2026-10-01,15:29,VIDHIING,15.4988
2026-10-01,15:29,VIDYAWIRES,-2.7267
2026-10-01,15:29,VIJAYA,17.0108
2026-10-01,15:29,VIMTALABS,27.2262
2026-10-01,15:29,VINCOFE,28.4084
2026-10-01,15:29,VINDHYATEL,47.528
2026-10-01,15:29,VISAKAIND,12.5505
2026-10-01,15:29,VISHNU,9.0811
2026-10-01,15:29,VLSFINANCE,-2.3847
2026-10-01,15:29,VMART,13.2514
2026-10-01,15:29,VOLTAMP,13.1662
2026-10-01,15:29,VRLLOG,18.7956
2026-10-01,15:29,VSSL,40.0438
2026-10-01,15:29,WABAG,38.0025
2026-10-01,15:29,WAKEFIT,6.8276
2026-10-01,15:29,WCIL,-5.9745
2026-10-01,15:29,WEALTH,-3.4604
2026-10-01,15:29,WELCORP,100.8169
2026-10-01,15:29,WELENT,44.6874
2026-10-01,15:29,WELINV,37.0424
2026-10-01,15:29,WELSPLSOL,22.5641
2026-10-01,15:29,WELSPUNLIV,72.5364
2026-10-01,15:29,WENDT,16.1004
2026-10-01,15:29,WESTLIFE,25.9208
2026-10-01,15:29,WEWORK,14.993
2026-10-01,15:29,WHEELS,37.2085
2026-10-01,15:29,WHIRLPOOL,0.766
2026-10-01,15:29,WINDLAS,37.8415
2026-10-01,15:29,WINDMACHIN,1.8059
2026-10-01,15:29,WOCKPHARMA,27.2533
2026-10-01,15:29,WONDERLA,2.8672
2026-10-01,15:29,WPIL,-6.2582
2026-10-01,15:29,WSTCSTPAPR,46.1585
2026-10-01,15:29,XPROINDIA,1.728
2026-10-01,15:29,YASHO,91.2162
2026-10-01,15:29,YATHARTH,25.9765
2026-10-01,15:29,YATRA,-2.6018
2026-10-01,15:29,YUKEN,68.5843
2026-10-01,15:29,ZENTEC,-1.9838
2026-10-01,15:29,ZFSTEERING,0.0636
2026-10-01,15:29,ZIMLAB,37.1984
2026-10-01,15:29,ZOTA,12.9846
2026-10-01,15:29,ZSARACOM,1.7988
2026-10-01,15:29,ZUARI,-3.7395
2026-10-01,15:29,ZUARIIND,11.7344
2026-10-01,15:29,ZYDUSLIFE,6.7804
2026-10-01,15:29,ZYDUSWELL,1.4396
2026-10-06,15:29,20MICRONS,10.5515
2026-10-06,15:29,360ONE,-3.8306
2026-10-06,15:29,3BBLACKBIO,28.9269
2026-10-06,15:29,5PAISA,4.3569
2026-10-06,15:29,63MOONS,25.5264
2026-10-06,15:29,AADHARHFC,-5.023
2026-10-06,15:29,AARTIDRUGS,9.6956
2026-10-06,15:29,AARTIIND,-3.9141
2026-10-06,15:29,AARTIPHARM,48.7982
2026-10-06,15:29,ABB,-1.3368
2026-10-06,15:29,ABCAPITAL,3.8367
2026-10-06,15:29,ABDL,32.3794
2026-10-06,15:29,ABSLAMC,-1.7181
2026-10-06,15:29,ACCELYA,-2.8847
2026-10-06,15:29,ACE,38.1738
2026-10-06,15:29,ACMESOLAR,46.6623
2026-10-06,15:29,ACSTECH,117.6368
2026-10-06,15:29,ACUTAAS,5.2023
2026-10-06,15:29,ADANIENT,-4.1438
2026-10-06,15:29,ADANIPORTS,-2.2527
2026-10-06,15:29,ADFFOODS,8.4351
2026-10-06,15:29,ADOR,31.3313
2026-10-06,15:29,ADVAIT,-5.614
2026-10-06,15:29,ADVANCE,13.7009
2026-10-06,15:29,AEGISLOG,95.5042
2026-10-06,15:29,AEGISVOPAK,42.569
2026-10-06,15:29,AEQUS,50.2074
2026-10-06,15:29,AEROENTER,36.0706
2026-10-06,15:29,AEROFLEX,37.6411
2026-10-06,15:29,AETHER,64.4104
2026-10-06,15:29,AFFLE,-1.8278
2026-10-06,15:29,AFSL,-0.005
2026-10-06,15:29,AGARWALEYE,1.4376
2026-10-06,15:29,AGI,34.0036
2026-10-06,15:29,AHCL,108.1403
2026-10-06,15:29,AIIL,10.6942
2026-10-06,15:29,AJANTPHARM,18.2932
2026-10-06,15:29,AJAXENGG,0.5578
2026-10-06,15:29,AJMERA,-4.2504
2026-10-06,15:29,AKCAPIT,0.082
2026-10-06,15:29,AKUMS,52.1999
2026-10-06,15:29,ALEMBICLTD,20.4981
2026-10-06,15:29,ALGOQUANT,23.8112
2026-10-06,15:29,ALICON,27.8331
2026-10-06,15:29,ALIVUS,29.3095
2026-10-06,15:29,ALKEM,-2.9258
2026-10-06,15:29,ALKYLAMINE,15.9693
2026-10-06,15:29,AMAGI,40.4232
2026-10-06,15:29,AMANTA,49.9848
2026-10-06,15:29,AMNPLST,-4.6424
2026-10-06,15:29,ANANDRATHI,20.111
2026-10-06,15:29,ANANTRAJ,19.7915
2026-10-06,15:29,ANDHRAPAP,11.2023
2026-10-06,15:29,ANDHRSUGAR,8.5287
2026-10-06,15:29,ANDREWYU,-1.3834
2026-10-06,15:29,ANTELOPUS,44.9588
2026-10-06,15:29,ANTHEM,17.5845
2026-10-06,15:29,ANUHPHR,14.2168
2026-10-06,15:29,APARINDS,34.1874
2026-10-06,15:29,APCOTEXIND,25.3232
2026-10-06,15:29,APLAPOLLO,15.2219
2026-10-06,15:29,APLLTD,10.6073
2026-10-06,15:29,APOLLO,-2.3453
2026-10-06,15:29,APOLLOHOSP,-4.3276
2026-10-06,15:29,APOLLOPIPE,2.8938
2026-10-06,15:29,APOLLOTYRE,0.4503
2026-10-06,15:29,ARFIN,2.4997
2026-10-06,15:29,ARIES,37.1821
2026-10-06,15:29,ARIHANT,2.4295
2026-10-06,15:29,ARIHANTCAP,37.2758
2026-10-06,15:29,ARIS,18.7077
2026-10-06,15:29,ARKADE,-1.6388
2026-10-06,15:29,ARMANFIN,-3.2997
2026-10-06,15:29,ARROWGREEN,78.6716
2026-10-06,15:29,ARSSBL,2.2146
2026-10-06,15:29,ARTEMISMED,14.8573
2026-10-06,15:29,ARVIND,10.2599
2026-10-06,15:29,ARVSMART,-0.7316
2026-10-06,15:29,ASAHIINDIA,4.1805
2026-10-06,15:29,ASHIANA,1.3363
2026-10-06,15:29,ASIANENE,29.9566
2026-10-06,15:29,ASIANHOTNR,5.1512
2026-10-06,15:29,ASKAUTOLTD,32.6553
2026-10-06,15:29,ASTAR,-3.6155
2026-10-06,15:29,ASTRAMICRO,22.0767
2026-10-06,15:29,ATHERENERG,51.3344
2026-10-06,15:29,ATL,-2.9458
2026-10-06,15:29,ATLANTAELE,-0.4792
2026-10-06,15:29,AUBANK,2.2886
2026-10-06,15:29,AUROPHARMA,17.8912
2026-10-06,15:29,AURUM,28.3256
2026-10-06,15:29,AVADHSUGAR,96.2031
2026-10-06,15:29,AVALON,60.3366
2026-10-06,15:29,AVL,11.1609
2026-10-06,15:29,AVTNPL,31.3811
2026-10-06,15:29,AWL,-3.8923
2026-10-06,15:29,AXISBANK,-4.3018
2026-10-06,15:29,AXISCADES,16.6531
2026-10-06,15:29,AYE,14.1085
2026-10-06,15:29,AYMSYNTEX,31.7888
2026-10-06,15:29,AZAD,48.8795
2026-10-06,15:29,BAFNAPH,203.3103
2026-10-06,15:29,BAJAJFINSV,-3.1342
2026-10-06,15:29,BAJAJHCARE,5.2272
2026-10-06,15:29,BAJAJHFL,-4.2548
2026-10-06,15:29,BAJAJHIND,16.3666
2026-10-06,15:29,BAJAJHLDNG,0.4168
2026-10-06,15:29,BAJFINANCE,3.4312
2026-10-06,15:29,BALAJITELE,-1.501
2026-10-06,15:29,BALAMINES,25.6288
2026-10-06,15:29,BALKRISIND,-5.1032
2026-10-06,15:29,BALRAMCHIN,30.3848
2026-10-06,15:29,BALUFORGE,4.481
2026-10-06,15:29,BANCOINDIA,-3.707
2026-10-06,15:29,BANSALWIRE,-0.7315
2026-10-06,15:29,BASF,1.2215
2026-10-06,15:29,BCLIND,-2.674
2026-10-06,15:29,BECTORFOOD,17.3711
2026-10-06,15:29,BEEKAY,4.2132
2026-10-06,15:29,BELRISE,8.5637
2026-10-06,15:29,BEML,11.4373
2026-10-06,15:29,BEPL,35.1014
2026-10-06,15:29,BETA,38.7933
2026-10-06,15:29,BFINVEST,9.6249
2026-10-06,15:29,BHAGCHEM,-1.9375
2026-10-06,15:29,BHAGERIA,148.9877
2026-10-06,15:29,BHAGYANGR,55.0403
2026-10-06,15:29,BHARATFORG,-3.0228
2026-10-06,15:29,BHARATSE,7.8759
2026-10-06,15:29,BHARTIARTL,-2.2514
2026-10-06,15:29,BHEL,7.0202
2026-10-06,15:29,BIL,44.2992
2026-10-06,15:29,BIRLACABLE,114.1272
2026-10-06,15:29,BIRLANU,4.8063
2026-10-06,15:29,BLACKBUCK,14.5493
2026-10-06,15:29,BLACKROSE,9.5117
2026-10-06,15:29,BLISSGVS,70.4548
2026-10-06,15:29,BLKASHYAP,0.754
2026-10-06,15:29,BLUEDART,-4.4039
2026-10-06,15:29,BLUEJET,14.4391
2026-10-06,15:29,BLUESTARCO,-5.1656
2026-10-06,15:29,BLUESTONE,73.1964
2026-10-06,15:29,BLUSPRING,110.1949
2026-10-06,15:29,BODALCHEM,154.3558
2026-10-06,15:29,BOROLTD,28.7362
2026-10-06,15:29,BOSCH-HCIL,41.3788
2026-10-06,15:29,BOSCHLTD,24.8786
2026-10-06,15:29,BPCL,-2.1651
2026-10-06,15:29,BRIGADE,15.0115
2026-10-06,15:29,BUILDPRO,12.1403
2026-10-06,15:29,CANHLIFE,2.6831
2026-10-06,15:29,CANTABIL,5.1707
2026-10-06,15:29,CAPILLARY,14.097
2026-10-06,15:29,CAPLIPOINT,32.442
2026-10-06,15:29,CARBORUNIV,22.6667
2026-10-06,15:29,CARERATING,-4.2561
2026-10-06,15:29,CARTRADE,69.1276
2026-10-06,15:29,CASTROLIND,8.0002
2026-10-06,15:29,CCL,-1.5033
2026-10-06,15:29,CDSL,1.5758
2026-10-06,15:29,CEATLTD,1.0136
2026-10-06,15:29,CEIGALL,8.2278
2026-10-06,15:29,CEMPRO,16.8035
2026-10-06,15:29,CENTENKA,14.9407
2026-10-06,15:29,CENTRALBK,-2.1077
2026-10-06,15:29,CENTUM,37.313
2026-10-06,15:29,CGCL,30.0053
2026-10-06,15:29,CGPOWER,-2.439
2026-10-06,15:29,CHALET,2.2878
2026-10-06,15:29,CHEMBONDCH,15.2681
2026-10-06,15:29,CHEMCON,12.5375
2026-10-06,15:29,CHEMPLASTS,-5.3953
2026-10-06,15:29,CHENNPETRO,33.4821
2026-10-06,15:29,CHEVIOT,5.23
2026-10-06,15:29,CHOICEIN,6.0372
2026-10-06,15:29,CHOLAFIN,2.0137
2026-10-06,15:29,CIPLA,-5.4999
2026-10-06,15:29,CLEAN,8.8031
2026-10-06,15:29,CLEANMAX,26.914
2026-10-06,15:29,CLSEL,4.3051
2026-10-06,15:29,COCKERILL,17.9554
2026-10-06,15:29,COFFEEDAY,3.5874
2026-10-06,15:29,COFORGE,33.2253
2026-10-06,15:29,COHANCE,6.5889
2026-10-06,15:29,COMSYN,71.7046
2026-10-06,15:29,CONCOR,-5.6003
2026-10-06,15:29,CONCORDBIO,24.4816
2026-10-06,15:29,CONFIPET,35.889
2026-10-06,15:29,CONSOFINVT,22.1321
2026-10-06,15:29,CONTROLPR,1.4088
2026-10-06,15:29,COROMANDEL,-2.3694
2026-10-06,15:29,CORONA,21.675
2026-10-06,15:29,COSMOFIRST,10.8267
2026-10-06,15:29,CPPLUS,50.6289
2026-10-06,15:29,CRAFTSMAN,19.1
2026-10-06,15:29,CREDITACC,-1.7541
2026-10-06,15:29,CREST,2.2443
2026-10-06,15:29,CRISIL,13.4427
2026-10-06,15:29,CUB,17.5466
2026-10-06,15:29,CUPID,151.5128
2026-10-06,15:29,CYIENT,22.0055
2026-10-06,15:29,CYIENTDLM,118.8556
2026-10-06,15:29,DALMIASUG,33.0201
2026-10-06,15:29,DAMCAPITAL,0.2366
2026-10-06,15:29,DATAMATICS,-0.5032
2026-10-06,15:29,DATAPATTNS,3.8655
2026-10-06,15:29,DBOL,31.1086
2026-10-06,15:29,DCBBANK,11.8427
2026-10-06,15:29,DCI,22.0818
2026-10-06,15:29,DCMSIL,30.6444
2026-10-06,15:29,DCW,-3.7967
2026-10-06,15:29,DDEVPLSTIK,3.6258
2026-10-06,15:29,DECNGOLD,19.4649
2026-10-06,15:29,DEEDEV,15.3145
2026-10-06,15:29,DEEPAKFERT,-4.3292
2026-10-06,15:29,DEEPINDS,53.7412
2026-10-06,15:29,DELTACORP,4.0592
2026-10-06,15:29,DENTA,4.2996
2026-10-06,15:29,DEVYANI,10.5582
2026-10-06,15:29,DHAMPURSUG,31.5291
2026-10-06,15:29,DHUNINV,13.9406
2026-10-06,15:29,DIACABS,85.8224
2026-10-06,15:29,DIAMONDYD,-4.9316
2026-10-06,15:29,DICIND,18.1679
2026-10-06,15:29,DIFFNKG,34.7878
2026-10-06,15:29,DISAQ,-0.2248
2026-10-06,15:29,DIVGIITTS,41.3935
2026-10-06,15:29,DIVISLAB,40.4928
2026-10-06,15:29,DIXON,10.7094
2026-10-06,15:29,DLF,12.1569
2026-10-06,15:29,DMCC,31.7534
2026-10-06,15:29,DOLLAR,3.6272
2026-10-06,15:29,DOLPHIN,59.0875
2026-10-06,15:29,DPABHUSHAN,127.192
2026-10-06,15:29,DRAGARWQ,2.0248
2026-10-06,15:29,DVL,13.8118
2026-10-06,15:29,DWARKESH,8.422
2026-10-06,15:29,DYCL,36.8251
2026-10-06,15:29,DYNAMATECH,33.8489
2026-10-06,15:29,E2E,74.3433
2026-10-06,15:29,EBGNG,55.7513
2026-10-06,15:29,ECLERX,24.4208
2026-10-06,15:29,EDELWEISS,20.6534
2026-10-06,15:29,EICHERMOT,-4.9602
2026-10-06,15:29,EIFFL,10.2847
2026-10-06,15:29,EIHAHOTELS,-4.4901
2026-10-06,15:29,EIHOTEL,-3.9911
2026-10-06,15:29,EIMCOELECO,47.0519
2026-10-06,15:29,ELANTAS,49.5787
2026-10-06,15:29,ELDEHSG,0.0446
2026-10-06,15:29,ELECTCAST,-3.2823
2026-10-06,15:29,ELGIEQUIP,3.6944
2026-10-06,15:29,ELPROINTL,5.0416
2026-10-06,15:29,EMAMILTD,-4.1079
2026-10-06,15:29,EMAMIPAP,44.3247
2026-10-06,15:29,EMBDL,-4.1144
2026-10-06,15:29,EMCURE,11.4241
2026-10-06,15:29,EMIL,73.623
2026-10-06,15:29,EMKAY,27.557
2026-10-06,15:29,EMMVEE,-4.9984
2026-10-06,15:29,EMSLIMITED,-0.2685
2026-10-06,15:29,EMUDHRA,27.9924
2026-10-06,15:29,ENGINERSIN,33.6604
2026-10-06,15:29,ENTERO,45.2337
2026-10-06,15:29,EPACKPEB,32.4957
2026-10-06,15:29,EPL,10.1397
2026-10-06,15:29,ESAFSFB,45.8982
2026-10-06,15:29,ESCORTS,-2.3851
2026-10-06,15:29,ESTER,0.4065
2026-10-06,15:29,ETERNAL,28.2601
2026-10-06,15:29,ETHOSLTD,9.6828
2026-10-06,15:29,EVEREADY,-0.4664
2026-10-06,15:29,EVERESTIND,31.9059
2026-10-06,15:29,EXCELINDUS,-4.6189
2026-10-06,15:29,EXICOM,6.0865
2026-10-06,15:29,EXIDEIND,2.943
2026-10-06,15:29,EXPLEOSOL,-0.7117
2026-10-06,15:29,FAIRCHEMOR,10.0705
2026-10-06,15:29,FCL,53.527
2026-10-06,15:29,FEDDERSHOL,98.7318
2026-10-06,15:29,FEDERALBNK,10.765
2026-10-06,15:29,FILATEX,138.2032
2026-10-06,15:29,FINCABLES,25.2071
2026-10-06,15:29,FINEORG,18.3803
2026-10-06,15:29,FINKURVE,14.3352
2026-10-06,15:29,FINOPB,-4.2398
2026-10-06,15:29,FIVESTAR,13.1808
2026-10-06,15:29,FLUOROCHEM,24.3095
2026-10-06,15:29,FMGOETZE,3.5797
2026-10-06,15:29,FOSECOIND,28.3124
2026-10-06,15:29,FSL,-1.7813
2026-10-06,15:29,FUSION,-4.0481
2026-10-06,15:29,GABRIEL,19.7999
2026-10-06,15:29,GAEL,1.4582
2026-10-06,15:29,GAIL,1.8225
2026-10-06,15:29,GALAPREC,22.9417
2026-10-06,15:29,GALAXYSURF,33.9917
2026-10-06,15:29,GANDHAR,73.4619
2026-10-06,15:29,GANDHITUBE,19.013
2026-10-06,15:29,GANECOS,2.3042
2026-10-06,15:29,GANESHBE,13.0601
2026-10-06,15:29,GANESHHOU,1.5149
2026-10-06,15:29,GARFIBRES,18.5513
2026-10-06,15:29,GARUDA,-2.5575
2026-10-06,15:29,GAYAPROJ,15.5005
2026-10-06,15:29,GCSL,69.181
2026-10-06,15:29,GEECEE,14.5159
2026-10-06,15:29,GEMAROMA,0.7879
2026-10-06,15:29,GENESYS,78.4529
2026-10-06,15:29,GENUSPOWER,-3.563
2026-10-06,15:29,GEOJITFSL,5.8665
2026-10-06,15:29,GESHIP,1.4094
2026-10-06,15:29,GFLLIMITED,17.1315
2026-10-06,15:29,GHCLTEXTIL,31.3567
2026-10-06,15:29,GIPCL,10.4652
2026-10-06,15:29,GKSL,42.3886
2026-10-06,15:29,GLAND,29.9654
2026-10-06,15:29,GLAXO,19.9808
2026-10-06,15:29,GLENMARK,-3.0987
2026-10-06,15:29,GLOBAL,34.7633
2026-10-06,15:29,GMBREW,3.7094
2026-10-06,15:29,GMMPFAUDLR,81.1218
2026-10-06,15:29,GMRAIRPORT,-4.8855
2026-10-06,15:29,GNA,61.0356
2026-10-06,15:29,GNFC,21.9607
2026-10-06,15:29,GNRL,2.9599
2026-10-06,15:29,GOCLCORP,-2.3978
2026-10-06,15:29,GODREJAGRO,10.193
2026-10-06,15:29,GOKEX,-1.5856
2026-10-06,15:29,GOODLUCK,6.7046
2026-10-06,15:29,GPPL,5.7193
2026-10-06,15:29,GPTHEALTH,5.7819
2026-10-06,15:29,GPTINFRA,2.789
2026-10-06,15:29,GRANDOAK,40.1938
2026-10-06,15:29,GRANULES,6.8745
2026-10-06,15:29,GRAPHITE,13.9796
2026-10-06,15:29,GRAUWEIL,13.9062
2026-10-06,15:29,GREAVESCOT,21.1024
2026-10-06,15:29,GREENPLY,23.7927
2026-10-06,15:29,GRINDWELL,6.317
2026-10-06,15:29,GROWW,3.1172
2026-10-06,15:29,GRPLTD,9.077
2026-10-06,15:29,GRWRHITECH,23.6034
2026-10-06,15:29,GSPCROP,8.0227
2026-10-06,15:29,GUFICBIO,31.2673
2026-10-06,15:29,GULFOILLUB,16.9722
2026-10-06,15:29,HAL,9.1321
2026-10-06,15:29,HALDYNGL,24.4489
2026-10-06,15:29,HAPPYFORGE,40.4051
2026-10-06,15:29,HARSHA,16.2497
2026-10-06,15:29,HATSUN,25.2382
2026-10-06,15:29,HAWKINCOOK,9.1287
2026-10-06,15:29,HCG,3.1214
2026-10-06,15:29,HCLTECH,3.3642
2026-10-06,15:29,HEG,21.1383
2026-10-06,15:29,HERITGFOOD,23.7732
2026-10-06,15:29,HEROMOTOCO,0
2026-10-06,15:29,HESTERBIO,9.2513
2026-10-06,15:29,HEXATRADEX,-3.3069
2026-10-06,15:29,HFCL,51.0925
2026-10-06,15:29,HIKAL,2.3089
2026-10-06,15:29,HINDCOMPOS,-2.6316
2026-10-06,15:29,HINDOILEXP,-1.8352
2026-10-06,15:29,HIRECT,-0.4816
2026-10-06,15:29,HITECHCORP,55.5162
2026-10-06,15:29,HITECHGEAR,-3.8452
2026-10-06,15:29,HLEGLAS,36.3318
2026-10-06,15:29,HMAAGRO,4.2445
2026-10-06,15:29,HMT,2.6482
2026-10-06,15:29,HMVL,17.6535
2026-10-06,15:29,HNDFDS,9.9361
2026-10-06,15:29,HOMEFIRST,-0.5725
2026-10-06,15:29,HONASA,13.8945
2026-10-06,15:29,HSCL,10.1038
2026-10-06,15:29,HTMEDIA,2.8175
2026-10-06,15:29,HUHTAMAKI,40.2608
2026-10-06,15:29,HYUNDAI,3.9402
2026-10-06,15:29,IBULLSLTD,54.0567
2026-10-06,15:29,ICICIBANK,5.508
2026-10-06,15:29,ICIL,51.7723
2026-10-06,15:29,IDBI,18.3971
2026-10-06,15:29,IDFCFIRSTB,14.1018
2026-10-06,15:29,IFBIND,1.703
2026-10-06,15:29,IFCI,-4.1971
2026-10-06,15:29,IFGLEXPOR,3.9952
2026-10-06,15:29,IGARASHI,4.8589
2026-10-06,15:29,IGPL,32.5315
2026-10-06,15:29,IIFL,25.7866
2026-10-06,15:29,IIFLCAPS,1.1873
2026-10-06,15:29,IKIO,25.3087
2026-10-06,15:29,IKS,7.542
2026-10-06,15:29,IL&FSENGG,24.0665
2026-10-06,15:29,IMAGICAA,12.61
2026-10-06,15:29,INDGN,14.9162
2026-10-06,15:29,INDHOTEL,10.2291
2026-10-06,15:29,INDIAGLYCO,59.3475
2026-10-06,15:29,INDIANB,-2.4419
2026-10-06,15:29,INDIANHUME,7.7871
2026-10-06,15:29,INDIGO,10.5142
2026-10-06,15:29,INDIGOPNTS,6.3197
2026-10-06,15:29,INDIQUBE,20.486
2026-10-06,15:29,INDNIPPON,52.0294
2026-10-06,15:29,INDOAMIN,15.7759
2026-10-06,15:29,INDOBORAX,48.5425
2026-10-06,15:29,INDOCO,21.152
2026-10-06,15:29,INDOFARM,2.2067
2026-10-06,15:29,INDORAMA,126.5364
2026-10-06,15:29,INDOTECH,31.4875
2026-10-06,15:29,INDPRUD,-4.9132
2026-10-06,15:29,INDSWFTLAB,197.0036
2026-10-06,15:29,INDUSINDBK,-2.8103
2026-10-06,15:29,INFOBEAN,-0.5589
2026-10-06,15:29,INNOVACAP,34.9326
2026-10-06,15:29,INOXINDIA,36.2253
2026-10-06,15:29,INTERARCH,-5.6109
2026-10-06,15:29,INTLCONV,1.9883
2026-10-06,15:29,INVPRECQ,154.0912
2026-10-06,15:29,IOLCP,63.5464
2026-10-06,15:29,IONEXCHANG,7.6559
2026-10-06,15:29,IPCALAB,23.7281
2026-10-06,15:29,IRISDOREME,60.9749
2026-10-06,15:29,IRMENERGY,-3.302
2026-10-06,15:29,ITCHOTELS,2.4164
2026-10-06,15:29,ITDC,22.9404
2026-10-06,15:29,IXIGO,-2.621
2026-10-06,15:29,IZMO,20.8558
2026-10-06,15:29,J&KBANK,-3.0442
2026-10-06,15:29,JAGSNPHARM,11.774
2026-10-06,15:29,JAMNAAUTO,16.3735
2026-10-06,15:29,JASH,40.567
2026-10-06,15:29,JAYAGROGN,-0.0638
2026-10-06,15:29,JAYBARMARU,18.2002
2026-10-06,15:29,JAYKAY,12.1903
2026-10-06,15:29,JGCHEM,64.0251
2026-10-06,15:29,JINDALPHOT,1.2048
2026-10-06,15:29,JINDALSAW,14.7641
2026-10-06,15:29,JINDRILL,-3.7713
2026-10-06,15:29,JINDWORLD,46.9408
2026-10-06,15:29,JKPAPER,2.8762
2026-10-06,15:29,JLHL,-4.287
2026-10-06,15:29,JNKINDIA,15.4622
2026-10-06,15:29,JSFB,2.3758
2026-10-06,15:29,JSL,3.9809
2026-10-06,15:29,JSWDULUX,3.4141
2026-10-06,15:29,JSWINFRA,29.8694
2026-10-06,15:29,JSWSTEEL,-3.7959
2026-10-06,15:29,JTLIND,20.5505
2026-10-06,15:29,JUBLCPL,8.4145
2026-10-06,15:29,JUBLFOOD,5.2539
2026-10-06,15:29,JUBLINGREA,-5.32
2026-10-06,15:29,JUBLPHARMA,-0.2571
2026-10-06,15:29,JUNIPER,10.9384
2026-10-06,15:29,JUSTDIAL,23.2834
2026-10-06,15:29,JYOTICNC,63.3458
2026-10-06,15:29,KABRAEXTRU,257.8102
2026-10-06,15:29,KAJARIACER,12.2434
2026-10-06,15:29,KALYANKJIL,54.5173
2026-10-06,15:29,KAMATHOTEL,52.7863
2026-10-06,15:29,KAMDHENU,46.1418
2026-10-06,15:29,KANORICHEM,80.6548
2026-10-06,15:29,KANPRPLA,26.6212
2026-10-06,15:29,KAPSTON,57.9365
2026-10-06,15:29,KARURVYSYA,10.5934
2026-10-06,15:29,KAYNES,5.431
2026-10-06,15:29,KCP,-4.5083
2026-10-06,15:29,KDDL,47.8214
2026-10-06,15:29,KECL,6.6606
2026-10-06,15:29,KENNAMET,43.9663
2026-10-06,15:29,KERNEX,17.7853
2026-10-06,15:29,KFINTECH,1.8452
2026-10-06,15:29,KILITCH,43.226
2026-10-06,15:29,KINGFA,25.1151
2026-10-06,15:29,KIRIINDUS,41.0779
2026-10-06,15:29,KIRLFER,5.9028
2026-10-06,15:29,KIRLOSBROS,5.6221
2026-10-06,15:29,KIRLOSENG,23.8306
2026-10-06,15:29,KIRLOSIND,10.8001
2026-10-06,15:29,KISSHT,46.2325
2026-10-06,15:29,KKCL,8.1842
2026-10-06,15:29,KLBRENG-B,12.0798
2026-10-06,15:29,KMEW,56.1945
2026-10-06,15:29,KOLTEPATIL,14.9695
2026-10-06,15:29,KOPRAN,39.2706
2026-10-06,15:29,KOTAKBANK,11.114
2026-10-06,15:29,KOTHARIPET,1.118
2026-10-06,15:29,KOVAI,10.089
2026-10-06,15:29,KPIL,13.8967
2026-10-06,15:29,KPL,67.4267
2026-10-06,15:29,KPRMILL,17.3697
2026-10-06,15:29,KRBL,8.0222
2026-10-06,15:29,KRISHANA,42.1671
2026-10-06,15:29,KRISHNADEF,14.9829
2026-10-06,15:29,KRN,30.1789
2026-10-06,15:29,KRONOX,44.3893
2026-10-06,15:29,KROSS,32.503
2026-10-06,15:29,KRSNAA,2.6465
2026-10-06,15:29,KRYSTAL,12.6233
2026-10-06,15:29,KSB,-0.5531
2026-10-06,15:29,KSHINTL,25.2923
2026-10-06,15:29,KSL,9.8578
2026-10-06,15:29,KTKBANK,19.2753
2026-10-06,15:29,KUANTUM,-2.4608
2026-10-06,15:29,KWIL,45.4235
2026-10-06,15:29,LALPATHLAB,21.4568
2026-10-06,15:29,LANDMARK,32.033
2026-10-06,15:29,LAURUSLABS,48.368
2026-10-06,15:29,LAXMIINDIA,-1.1778
2026-10-06,15:29,LENSKART,31.4491
2026-10-06,15:29,LGBBROSLTD,7.2454
2026-10-06,15:29,LGEINDIA,15.2198
2026-10-06,15:29,LIKHITHA,15.8201
2026-10-06,15:29,LLOYDSENGG,29.4969
2026-10-06,15:29,LLOYDSENT,5.4582
2026-10-06,15:29,LLOYDSME,-0.0323
2026-10-06,15:29,LMW,5.7073
2026-10-06,15:29,LODHA,22.947
2026-10-06,15:29,LOKESHMACH,77.9314
2026-10-06,15:29,LOTUSDEV,79.6183
2026-10-06,15:29,LTFOODS,0.8525
2026-10-06,15:29,LTM,-0.4388
2026-10-06,15:29,LUMAXTECH,11.3183
2026-10-06,15:29,LXCHEM,24.7424
2026-10-06,15:29,M&MFIN,7.3886
2026-10-06,15:29,MACPOWER,97.9824
2026-10-06,15:29,MAGADSUGAR,17.6552
2026-10-06,15:29,MAHABANK,0.8991
2026-10-06,15:29,MAHASTEEL,22.1835
2026-10-06,15:29,MAHLIFE,2.9524
2026-10-06,15:29,MAHLOG,18.9255
2026-10-06,15:29,MAHSEAMLES,7.9503
2026-10-06,15:29,MANAKCOAT,20.6006
2026-10-06,15:29,MANAKSTEEL,57.432
2026-10-06,15:29,MANALIPETC,53.066
2026-10-06,15:29,MANBA,30.5653
2026-10-06,15:29,MANGLMCEM,16.3703
2026-10-06,15:29,MANINDS,74.4325
2026-10-06,15:29,MANINFRA,6.1407
2026-10-06,15:29,MANKIND,3.2887
2026-10-06,15:29,MANORAMA,36.6458
2026-10-06,15:29,MANYAVAR,21.4612
2026-10-06,15:29,MAPMYINDIA,6.0563
2026-10-06,15:29,MARICO,-4.7553
2026-10-06,15:29,MARINE,93.147
2026-10-06,15:29,MARKSANS,30.14
2026-10-06,15:29,MASTEK,-0.9863
2026-10-06,15:29,MASTERTR,-4.2087
2026-10-06,15:29,MATRIMONY,20.4586
2026-10-06,15:29,MAWANASUG,47.1396
2026-10-06,15:29,MAXESTATES,24.603
2026-10-06,15:29,MAXIND,-3.9778
2026-10-06,15:29,MAYURUNIQ,-2.1532
2026-10-06,15:29,MAZDA,36.1126
2026-10-06,15:29,MBAPL,57.962
2026-10-06,15:29,MBECL,13174.1931
2026-10-06,15:29,MCCHRLS-B,-3.0832
2026-10-06,15:29,MCX,4.7966
2026-10-06,15:29,MEDANTA,7.7
2026-10-06,15:29,MEESHO,26.7263
2026-10-06,15:29,MENONBE,104.6507
2026-10-06,15:29,METROPOLIS,3.0775
2026-10-06,15:29,MIDHANI,11.0217
2026-10-06,15:29,MINDACORP,5.7305
2026-10-06,15:29,MMFL,25.6836
2026-10-06,15:29,MMP,72.0736
2026-10-06,15:29,MOBIKWIK,20.2822
2026-10-06,15:29,MODIS,12.0806
2026-10-06,15:29,MODISONLTD,78.8431
2026-10-06,15:29,MOL,20.3075
2026-10-06,15:29,MOLDTECH,79.5377
2026-10-06,15:29,MOLDTKPAC,-1.2597
2026-10-06,15:29,MONARCH,-0.4333
2026-10-06,15:29,MOREPENLAB,240.9758
2026-10-06,15:29,MOSCHIP,-4.9428
2026-10-06,15:29,MOTHERSON,12.3517
2026-10-06,15:29,MOTILALOFS,20.9205
2026-10-06,15:29,MPHASIS,2.9155
2026-10-06,15:29,MPSLTD,47.7652
2026-10-06,15:29,MRF,-2.33
2026-10-06,15:29,MRPL,16.1625
2026-10-06,15:29,MSTCLTD,62.8591
2026-10-06,15:29,MTARTECH,-2.1674
2026-10-06,15:29,MUFIN,6.8622
2026-10-06,15:29,MUKANDLTD,29.7713
2026-10-06,15:29,MUKKA,16.1999
2026-10-06,15:29,MUNJALAU,7.7214
2026-10-06,15:29,MUTHOOTMF,-0.6408
2026-10-06,15:29,MVGJL,30.532
2026-10-06,15:29,NAHARINDUS,12.8836
2026-10-06,15:29,NAHARSPING,-2.8679
2026-10-06,15:29,NAM-INDIA,-1.4143
2026-10-06,15:29,NAUKRI,23.4028
2026-10-06,15:29,NAVINFLUOR,17.8273
2026-10-06,15:29,NAZARA,31.1053
2026-10-06,15:29,NBIFIN,-2.2563
2026-10-06,15:29,NCLIND,-2.8255
2026-10-06,15:29,NELCO,32.4566
2026-10-06,15:29,NEOGEN,36.6715
2026-10-06,15:29,NEPHROPLUS,4.867
2026-10-06,15:29,NETWEB,16.557
2026-10-06,15:29,NEULANDLAB,30.6046
2026-10-06,15:29,NEWGEN,4.2347
2026-10-06,15:29,NGLFINE,15.7362
2026-10-06,15:29,NIACL,0.0997
2026-10-06,15:29,NIITLTD,27.4677
2026-10-06,15:29,NIITMTS,-4.2103
2026-10-06,15:29,NILKAMAL,39.389
2026-10-06,15:29,NINSYS,20.5466
2026-10-06,15:29,NIRLON,0.5523
2026-10-06,15:29,NITINSPIN,24.5403
2026-10-06,15:29,NITTAGELA,0.886
2026-10-06,15:29,NOCIL,1.5904
2026-10-06,15:29,NORTHARC,5.7072
2026-10-06,15:29,NOVARTIND,37.8773
2026-10-06,15:29,NPST,78.6201
2026-10-06,15:29,NRAIL,44.5274
2026-10-06,15:29,NRBBEARING,40.6365
2026-10-06,15:29,NRL,148.575
2026-10-06,15:29,NUVAMA,19.6201
2026-10-06,15:29,NUVOCO,-1.5825
2026-10-06,15:29,NYKAA,28.5199
2026-10-06,15:29,OAL,53.0759
2026-10-06,15:29,OBEROIRLTY,3.4976
2026-10-06,15:29,OCCLLTD,75.879
2026-10-06,15:29,OFSS,1.7719
2026-10-06,15:29,OMAXE,38.5872
2026-10-06,15:29,OMNI,51.0403
2026-10-06,15:29,ONEPOINT,21.938
2026-10-06,15:29,ONMOBILE,-4.7139
2026-10-06,15:29,ONWARDTEC,9.5289
2026-10-06,15:29,OPTIEMUS,115.2897
2026-10-06,15:29,ORBTEXP,42.8365
2026-10-06,15:29,ORCHPHARMA,32.206
2026-10-06,15:29,ORIENTBELL,17.4358
2026-10-06,15:29,ORIENTCER,4.7461
2026-10-06,15:29,ORIENTHOT,47.2168
2026-10-06,15:29,PAGEIND,-0.4588
2026-10-06,15:29,PAISALO,68.3549
2026-10-06,15:29,PANACHE,62.525
2026-10-06,15:29,PANAMAPET,48.1558
2026-10-06,15:29,PARADEEP,23.5401
2026-10-06,15:29,PARAGMILK,44.5225
2026-10-06,15:29,PARAS,56.2984
2026-10-06,15:29,PARKHOSPS,-4.0563
2026-10-06,15:29,PASUPTAC,14.4679
2026-10-06,15:29,PATELRMART,22.8343
2026-10-06,15:29,PAUSHAKLTD,56.5633
2026-10-06,15:29,PAYTM,50.1507
2026-10-06,15:29,PCBL,13.9826
2026-10-06,15:29,PDMJEPAPER,15.6603
2026-10-06,15:29,PDSL,16.0127
2026-10-06,15:29,PENIND,3.4673
2026-10-06,15:29,PERSISTENT,8.2889
2026-10-06,15:29,PETRONET,6.7073
2026-10-06,15:29,PFOCUS,22.0346
2026-10-06,15:29,PGEL,10.8392
2026-10-06,15:29,PGIL,56.161
2026-10-06,15:29,PHOENIXLTD,6.3043
2026-10-06,15:29,PICCADIL,2.5898
2026-10-06,15:29,PIDILITIND,2.6879
2026-10-06,15:29,PINELABS,18.4461
2026-10-06,15:29,PITTIENG,15.8373
2026-10-06,15:29,PIXTRANS,17.6159
2026-10-06,15:29,PLASTIBLEN,14.0732
2026-10-06,15:29,PNB,4.9217
2026-10-06,15:29,PNBHOUSING,2.2451
2026-10-06,15:29,PNGJL,9.8852
2026-10-06,15:29,PNGSREVA,43.415
2026-10-06,15:29,POLYMED,22.8144
2026-10-06,15:29,POLYPLEX,14.4074
2026-10-06,15:29,POONAWALLA,16.7174
2026-10-06,15:29,POWERICA,5.2843
2026-10-06,15:29,POWERMECH,-2.2681
2026-10-06,15:29,PPL,23.0878
2026-10-06,15:29,PPLPHARMA,15.0826
2026-10-06,15:29,PRABHA,37.3526
2026-10-06,15:29,PRADPME,26.6729
2026-10-06,15:29,PRECWIRE,15.8161
2026-10-06,15:29,PREMEXPLN,-4.5223
2026-10-06,15:29,PREMIERPOL,76.365
2026-10-06,15:29,PRESTIGE,4.8507
2026-10-06,15:29,PRICOLLTD,21.3883
2026-10-06,15:29,PRIMESECU,4.3379
2026-10-06,15:29,PRIMO,24.1713
2026-10-06,15:29,PRINCEPIPE,-3.0599
2026-10-06,15:29,PRIVISCL,6.5157
2026-10-06,15:29,PROTEAN,8.0414
2026-10-06,15:29,PROZONER,-2.6179
2026-10-06,15:29,PRUDENT,19.8855
2026-10-06,15:29,PTCIL,38.5809
2026-10-06,15:29,PTL,-2.8462
2026-10-06,15:29,PUNJABCHEM,2.7289
2026-10-06,15:29,PURVA,-4.5689
2026-10-06,15:29,PVP,87.9059
2026-10-06,15:29,PVRINOX,30.4448
2026-10-06,15:29,PVSL,-5.3638
2026-10-06,15:29,PWL,17.7427
2026-10-06,15:29,PYRAMID,-5.0363
2026-10-06,15:29,QPOWER,51.072
2026-10-06,15:29,QUADFUTURE,85.465
2026-10-06,15:29,QUESS,56.9009
2026-10-06,15:29,RACLGEAR,25.8809
2026-10-06,15:29,RADHIKAJWE,18.1659
2026-10-06,15:29,RADICO,29.6805
2026-10-06,15:29,RAIN,20.4771
2026-10-06,15:29,RAJOOENG,1.011
2026-10-06,15:29,RAJRATAN,11.0108
2026-10-06,15:29,RAJRILTD,-0.0999
2026-10-06,15:29,RAMCOCEM,-4.3471
2026-10-06,15:29,RAMCOIND,-4.3681
2026-10-06,15:29,RAMCOSYS,22.168
2026-10-06,15:29,RAMRAT,37.937
2026-10-06,15:29,RANEHOLDIN,9.064
2026-10-06,15:29,RATEGAIN,17.2246
2026-10-06,15:29,RATNAMANI,0.5372
2026-10-06,15:29,RATNAVEER,97.1363
2026-10-06,15:29,RAYMOND,143.2895
2026-10-06,15:29,RAYMONDREL,23.3208
2026-10-06,15:29,RBA,37.6864
2026-10-06,15:29,RBLBANK,19.0237
2026-10-06,15:29,RBZJEWEL,60.1878
2026-10-06,15:29,REDINGTON,82.0916
2026-10-06,15:29,REGAAL,-5.3003
2026-10-06,15:29,RELAXO,-3.8079
2026-10-06,15:29,RELIGARE,-4.1053
2026-10-06,15:29,RELTD,18.1308
2026-10-06,15:29,RENUKA,-3.2051
2026-10-06,15:29,RGL,54.4168
2026-10-06,15:29,RICOAUTO,-1.6231
2026-10-06,15:29,RISHABH,24.4621
2026-10-06,15:29,RITCO,7.4102
2026-10-06,15:29,RITES,-1.1896
2026-10-06,15:29,RKFORGE,29.4206
2026-10-06,15:29,RMDRIP,27.9196
2026-10-06,15:29,RML,50.7052
2026-10-06,15:29,ROLEXRINGS,32.9424
2026-10-06,15:29,ROSSTECH,52.2788
2026-10-06,15:29,ROTO,8.3377
2026-10-06,15:29,RPEL,90.001
2026-10-06,15:29,RPGLIFE,31.3804
2026-10-06,15:29,RPTECH,82.1941
2026-10-06,15:29,RRKABEL,42.9882
2026-10-06,15:29,RSL,38.5208
2026-10-06,15:29,RSWM,13.9719
2026-10-06,15:29,RUBICON,64.9757
2026-10-06,15:29,RUBYMILLS,104.0102
2026-10-06,15:29,SAGILITY,6.0928
2026-10-06,15:29,SAILIFE,37.7387
2026-10-06,15:29,SAIPARENT,7.87
2026-10-06,15:29,SAKAR,33.0162
2026-10-06,15:29,SAKSOFT,-1.9575
2026-10-06,15:29,SALSTEEL,57.6632
2026-10-06,15:29,SAMBHV,51.8206
2026-10-06,15:29,SANATHAN,28.6938
2026-10-06,15:29,SANDESH,0.6828
2026-10-06,15:29,SANGAMIND,24.5203
2026-10-06,15:29,SANGHVIMOV,11.9264
2026-10-06,15:29,SANOFI,-5.4725
2026-10-06,15:29,SANSERA,43.893
2026-10-06,15:29,SAPPHIRE,18.1549
2026-10-06,15:29,SARDAEN,-3.9977
2026-10-06,15:29,SAREGAMA,20.7045
2026-10-06,15:29,SARLAPOLY,-2.1311
2026-10-06,15:29,SATIA,18.1105
2026-10-06,15:29,SATIN,2.9346
2026-10-06,15:29,SAYAJIHOTL,8.6042
2026-10-06,15:29,SBC,54.6754
2026-10-06,15:29,SBCL,44.7128
2026-10-06,15:29,SBIN,-0.9351
2026-10-06,15:29,SCI,-4.7619
2026-10-06,15:29,SCODATUBES,-0.8925
2026-10-06,15:29,SCPL,50.4693
2026-10-06,15:29,SEAMECLTD,-2.9811
2026-10-06,15:29,SEDEMAC,57.5786
2026-10-06,15:29,SEIL,-2.9254
2026-10-06,15:29,SENORES,24.7227
2026-10-06,15:29,SESHAPAPER,-1.3831
2026-10-06,15:29,SETL,205.3179
2026-10-06,15:29,SFL,-0.4233
2026-10-06,15:29,SGFIN,16.0954
2026-10-06,15:29,SGIL,13.0859
2026-10-06,15:29,SGMART,23.4996
2026-10-06,15:29,SHADOWFAX,47.7378
2026-10-06,15:29,SHAILY,16.5001
2026-10-06,15:29,SHALPAINTS,47.7169
2026-10-06,15:29,SHANTIGEAR,35.3027
2026-10-06,15:29,SHANTIGOLD,52.5512
2026-10-06,15:29,SHARDAMOTR,10.0113
2026-10-06,15:29,SHARDUL,114.4698
2026-10-06,15:29,SHAREINDIA,52.7457
2026-10-06,15:29,SHILCTECH,0.3234
2026-10-06,15:29,SHILPAMED,118.3205
2026-10-06,15:29,SHINDL,-0.3704
2026-10-06,15:29,SHIVALIK,49.045
2026-10-06,15:29,SHIVAUM,66.6868
2026-10-06,15:29,SHK,5.8141
2026-10-06,15:29,SHOPERSTOP,12.6308
2026-10-06,15:29,SHREEJISPG,70.6664
2026-10-06,15:29,SHREEPUSHK,39.6769
2026-10-06,15:29,SHREERAMA,-2.1358
2026-10-06,15:29,SHRINGARMS,4.8598
2026-10-06,15:29,SHRIPISTON,32.537
2026-10-06,15:29,SHRIRAMFIN,0.1921
2026-10-06,15:29,SHYAMMETL,7.9863
2026-10-06,15:29,SICALLOG,38.9918
2026-10-06,15:29,SIEMENS,-0.6368
2026-10-06,15:29,SIGACHI,44.3961
2026-10-06,15:29,SIGMAADV,176.6683
2026-10-06,15:29,SIKA,12.0632
2026-10-06,15:29,SIMPLEXINF,-0.5908
2026-10-06,15:29,SIRCA,-2.9942
2026-10-06,15:29,SIS,5.5204
2026-10-06,15:29,SIYSIL,-4.5364
2026-10-06,15:29,SJS,-2.8201
2026-10-06,15:29,SKFINDUS,28.4478
2026-10-06,15:29,SKIPPER,6.7144
2026-10-06,15:29,SKMEGGPROD,5.9361
2026-10-06,15:29,SKYGOLD,76.2355
2026-10-06,15:29,SMARTWORKS,11.928
2026-10-06,15:29,SMCGLOBAL,79.6977
2026-10-06,15:29,SMLMAH,57.4982
2026-10-06,15:29,SMSPHARMA,25.1358
2026-10-06,15:29,SOFTTECH,5.5092
2026-10-06,15:29,SOLARA,25.0733
2026-10-06,15:29,SOLARINDS,7.602
2026-10-06,15:29,SOMANYCERA,22.6091
2026-10-06,15:29,SONACOMS,32.536
2026-10-06,15:29,SONATSOFTW,-5.1552
2026-10-06,15:29,SOTL,84.7308
2026-10-06,15:29,SOUTHBANK,14.7752
2026-10-06,15:29,SPAL,26.5609
2026-10-06,15:29,SPECIALITY,37.1348
2026-10-06,15:29,SPECTRUM,169.8759
2026-10-06,15:29,SPLPETRO,21.9915
2026-10-06,15:29,SPORTKING,13.0561
2026-10-06,15:29,SREEL,48.812
2026-10-06,15:29,SRHHYPOLTD,-0.921
2026-10-06,15:29,SSWL,102.4695
2026-10-06,15:29,STALLION,24.8935
2026-10-06,15:29,STARHEALTH,4.9366
2026-10-06,15:29,STEELCAS,28.8254
2026-10-06,15:29,STEL,26.291
2026-10-06,15:29,STLNETWORK,62.7376
2026-10-06,15:29,STLTECH,99.0992
2026-10-06,15:29,STOVEKRAFT,34.2659
2026-10-06,15:29,STYL,38.3401
2026-10-06,15:29,STYLAMIND,17.1828
2026-10-06,15:29,STYLEBAAZA,11.195
2026-10-06,15:29,SUDARCOLOR,-3.5611
2026-10-06,15:29,SUDARSCHEM,26.5362
2026-10-06,15:29,SUDEEPPHRM,71.6911
2026-10-06,15:29,SUNDARMFIN,-0.1562
2026-10-06,15:29,SUNDRMFAST,31.0614
2026-10-06,15:29,SUNDROP,10.8423
2026-10-06,15:29,SUNFLAG,17.1494
2026-10-06,15:29,SUNPHARMA,-2.1797
2026-10-06,15:29,SUNTV,23.2404
2026-10-06,15:29,SUPRAJIT,-0.685
2026-10-06,15:29,SUPREMEIND,-3.7558
2026-10-06,15:29,SUPRIYA,13.3911
2026-10-06,15:29,SURAKSHA,14.6409
2026-10-06,15:29,SUTLEJTEX,3.8699
2026-10-06,15:29,SUVEN,15.7215
2026-10-06,15:29,SVLL,45.7654
2026-10-06,15:29,SWANDEF,40.6758
2026-10-06,15:29,SWELECTES,-5.6128
2026-10-06,15:29,SYNCOMF,48.8461
2026-10-06,15:29,SYRMA,59.907
2026-10-06,15:29,SYSTMTXC,10.4141
2026-10-06,15:29,TAJGVK,-0.9183
2026-10-06,15:29,TALBROAUTO,23.3343
2026-10-06,15:29,TARC,-4.8167
2026-10-06,15:29,TARSONS,54.2702
2026-10-06,15:29,TASTYBITE,22.5571
2026-10-06,15:29,TATACAP,3.7693
2026-10-06,15:29,TATATECH,-2.3133
2026-10-06,15:29,TATVA,63.7077
2026-10-06,15:29,TBOTEK,38.2204
2026-10-06,15:29,TBZ,341.4835
2026-10-06,15:29,TCI,-1.7862
2026-10-06,15:29,TCIEXP,-1.7152
2026-10-06,15:29,TCPLPACK,50.7636
2026-10-06,15:29,TDPOWERSYS,22.5685
2026-10-06,15:29,TECHM,3.3594
2026-10-06,15:29,TEGA,30.8058
2026-10-06,15:29,TEJASNET,-3.7228
2026-10-06,15:29,TEXINFRA,30.0902
2026-10-06,15:29,TEXRAIL,7.7573
2026-10-06,15:29,TFCILTD,91.6996
2026-10-06,15:29,THANGAMAYL,21.2727
2026-10-06,15:29,THEJO,29.9226
2026-10-06,15:29,THELEELA,40.596
2026-10-06,15:29,THEMISMED,-0.36
2026-10-06,15:29,THOMASCOOK,9.4048
2026-10-06,15:29,THYROCARE,3.4462
2026-10-06,15:29,TI,22.7288
2026-10-06,15:29,TIIL,6.9948
2026-10-06,15:29,TIL,21.8071
2026-10-06,15:29,TIMETECHNO,1.813
2026-10-06,15:29,TIMEX,72.7541
2026-10-06,15:29,TINNARUBR,20.3077
2026-10-06,15:29,TIPSMUSIC,-2.6096
2026-10-06,15:29,TIRUPATIFL,57.174
2026-10-06,15:29,TITAGARH,-4.9988
2026-10-06,15:29,TITAN,9.9592
2026-10-06,15:29,TMB,29.4382
2026-10-06,15:29,TMCV,13.0129
2026-10-06,15:29,TNPETRO,39.5217
2026-10-06,15:29,TNPL,-2.5638
2026-10-06,15:29,TORNTPHARM,5.1611
2026-10-06,15:29,TPLPLASTEH,-0.9308
2026-10-06,15:29,TRANSPEK,28.9735
2026-10-06,15:29,TRANSRAILL,-1.8814
2026-10-06,15:29,TRAVELFOOD,-1.9642
2026-10-06,15:29,TREL,7.3328
2026-10-06,15:29,TRENT,2.5985
2026-10-06,15:29,TRIVENI,2.6819
2026-10-06,15:29,TSFINV,3.3762
2026-10-06,15:29,TTKHLTCARE,15.8467
2026-10-06,15:29,TTKPRESTIG,-1.5627
2026-10-06,15:29,TVSMOTOR,17.621
2026-10-06,15:29,TVSSCS,8.0721
2026-10-06,15:29,TVSSRICHAK,8.9274
2026-10-06,15:29,UDS,20.4631
2026-10-06,15:29,UEL,28.3275
2026-10-06,15:29,UFBL,43.9337
2026-10-06,15:29,UFLEX,56.4406
2026-10-06,15:29,UGARSUGAR,42.8296
2026-10-06,15:29,UJJIVANSFB,19.6366
2026-10-06,15:29,ULTRAMAR,0.6649
2026-10-06,15:29,UNICHEMLAB,54.5903
2026-10-06,15:29,UNIMECH,90.4525
2026-10-06,15:29,UNIONBANK,-0.166
2026-10-06,15:29,UNIPARTS,35.1635
2026-10-06,15:29,UNITDSPR,4.261
2026-10-06,15:29,UNITEDPOLY,41.4528
2026-10-06,15:29,UNIVCABLES,41.0296
2026-10-06,15:29,UNIVPHOTO,9.5898
2026-10-06,15:29,UNOMINDA,-0.9551
2026-10-06,15:29,URBANCO,40.6777
2026-10-06,15:29,USHAMART,1.2244
2026-10-06,15:29,UTLSOLAR,33.9035
2026-10-06,15:29,UTTAMSUGAR,26.9336
2026-10-06,15:29,VADILALIND,63.637
2026-10-06,15:29,VALIANTLAB,55.4237
2026-10-06,15:29,VALIANTORG,64.3672
2026-10-06,15:29,VARROC,38.677
2026-10-06,15:29,VASCONEQ,-4.2383
2026-10-06,15:29,VEEDOL,-3.54
2026-10-06,15:29,VELJAN,135.4791
2026-10-06,15:29,VENKEYS,12.9565
2026-10-06,15:29,VENUSPIPES,54.4928
2026-10-06,15:29,VENUSREM,43.2778
2026-10-06,15:29,VGUARD,-2.8698
2026-10-06,15:29,VHL,6.7021
2026-10-06,15:29,VIDHIING,19.444
2026-10-06,15:29,VIJAYA,16.2756
2026-10-06,15:29,VIMTALABS,26.4287
2026-10-06,15:29,VINCOFE,21.5255
2026-10-06,15:29,VINDHYATEL,33.131
2026-10-06,15:29,VIPIND,-2.7839
2026-10-06,15:29,VISAKAIND,14.088
2026-10-06,15:29,VISHNU,16.0895
2026-10-06,15:29,VLSFINANCE,4.1175
2026-10-06,15:29,VMART,19.293
2026-10-06,15:29,VOLTAMP,13.043
2026-10-06,15:29,VRLLOG,21.3069
2026-10-06,15:29,VSSL,41.7788
2026-10-06,15:29,VSTTILLERS,-4.5645
2026-10-06,15:29,WABAG,29.7285
2026-10-06,15:29,WAKEFIT,6.2759
2026-10-06,15:29,WELCORP,93.816
2026-10-06,15:29,WELENT,39.3269
2026-10-06,15:29,WELINV,27.6284
2026-10-06,15:29,WELSPLSOL,23.4917
2026-10-06,15:29,WELSPUNLIV,70.5701
2026-10-06,15:29,WENDT,16.1598
2026-10-06,15:29,WESTLIFE,26.6993
2026-10-06,15:29,WEWORK,12.5138
2026-10-06,15:29,WHEELS,38.35
2026-10-06,15:29,WHIRLPOOL,2.1482
2026-10-06,15:29,WINDLAS,26.4121
2026-10-06,15:29,WINDMACHIN,1.2013
2026-10-06,15:29,WOCKPHARMA,22.891
2026-10-06,15:29,WONDERLA,4.9521
2026-10-06,15:29,WPIL,0.045
2026-10-06,15:29,WSTCSTPAPR,45.6717
2026-10-06,15:29,XPROINDIA,-2.3885
2026-10-06,15:29,YASHO,100.6747
2026-10-06,15:29,YATHARTH,30.1937
2026-10-06,15:29,YATRA,5.2697
2026-10-06,15:29,YUKEN,83.4691
2026-10-06,15:29,ZENTEC,-4.7891
2026-10-06,15:29,ZFSTEERING,1.0313
2026-10-06,15:29,ZIMLAB,35.68
2026-10-06,15:29,ZOTA,14.0487
2026-10-06,15:29,ZSARACOM,-1.8621
2026-10-06,15:29,ZUARI,-2.7316
2026-10-06,15:29,ZUARIIND,13.6749
2026-10-06,15:29,ZYDUSLIFE,6.7876
2026-10-06,15:29,ZYDUSWELL,4.3514
2026-10-07,15:29,20MICRONS,11.9282
2026-10-07,15:29,360ONE,-3.7574
2026-10-07,15:29,3BBLACKBIO,30.1563
2026-10-07,15:29,5PAISA,6.1947
2026-10-07,15:29,63MOONS,28.1938
2026-10-07,15:29,AADHARHFC,-4.6417
2026-10-07,15:29,AARTIDRUGS,9.766
2026-10-07,15:29,AARTIIND,3.4211
2026-10-07,15:29,AARTIPHARM,50.5488
2026-10-07,15:29,ABB,-3.4193
2026-10-07,15:29,ABBOTINDIA,-2.83
2026-10-07,15:29,ABCAPITAL,2.4222
2026-10-07,15:29,ABDL,24.3507
2026-10-07,15:29,ABSLAMC,-4.5583
2026-10-07,15:29,ACCELYA,-3.6943
2026-10-07,15:29,ACE,41.2396
2026-10-07,15:29,ACMESOLAR,40.6482
2026-10-07,15:29,ACSTECH,116.8985
2026-10-07,15:29,ACUTAAS,1.3312
2026-10-07,15:29,ADANIPORTS,-3.0201
2026-10-07,15:29,ADFFOODS,10.2211
2026-10-07,15:29,ADOR,36.1969
2026-10-07,15:29,ADVANCE,14.9271
2026-10-07,15:29,AEGISLOG,95.0965
2026-10-07,15:29,AEGISVOPAK,50.0051
2026-10-07,15:29,AEQUS,50.4307
2026-10-07,15:29,AEROENTER,34.0364
2026-10-07,15:29,AEROFLEX,40.4708
2026-10-07,15:29,AETHER,62.8051
2026-10-07,15:29,AFFLE,-1.8455
2026-10-07,15:29,AFSL,0
2026-10-07,15:29,AGARWALEYE,-0.1756
2026-10-07,15:29,AGI,33.4859
2026-10-07,15:29,AHCL,103.4657
2026-10-07,15:29,AHLWEST,-4.2066
2026-10-07,15:29,AIIL,14.8094
2026-10-07,15:29,AJANTPHARM,21.8819
2026-10-07,15:29,AJAXENGG,-1.2288
2026-10-07,15:29,AJMERA,-0.8404
2026-10-07,15:29,AKCAPIT,2.2592
2026-10-07,15:29,AKUMS,56.8255
2026-10-07,15:29,ALEMBICLTD,18.1766
2026-10-07,15:29,ALGOQUANT,24.3799
2026-10-07,15:29,ALICON,33.0283
2026-10-07,15:29,ALIVUS,29.8152
2026-10-07,15:29,ALKEM,-2.6828
2026-10-07,15:29,ALKYLAMINE,16.2054
2026-10-07,15:29,ALLDIGI,-4.2512
2026-10-07,15:29,AMAGI,40.7849
2026-10-07,15:29,AMANTA,64.9908
2026-10-07,15:29,ANANDRATHI,23.2909
2026-10-07,15:29,ANANTRAJ,19.0606
2026-10-07,15:29,ANDHRAPAP,10.6427
2026-10-07,15:29,ANDHRSUGAR,4.4057
2026-10-07,15:29,ANDREWYU,-3.4118
2026-10-07,15:29,ANTELOPUS,45.8605
2026-10-07,15:29,ANTHEM,16.7248
2026-10-07,15:29,ANUHPHR,12.3653
2026-10-07,15:29,APARINDS,38.4357
2026-10-07,15:29,APCOTEXIND,23.5822
2026-10-07,15:29,APLAPOLLO,16.5966
2026-10-07,15:29,APLLTD,13.2727
2026-10-07,15:29,APOLLO,1.4059
2026-10-07,15:29,APOLLOHOSP,-3.1737
2026-10-07,15:29,APOLLOPIPE,4.4414
2026-10-07,15:29,APOLLOTYRE,3.3207
2026-10-07,15:29,ARFIN,11.4042
2026-10-07,15:29,ARIES,46.9688
2026-10-07,15:29,ARIHANT,4.0331
2026-10-07,15:29,ARIHANTCAP,45.1483
2026-10-07,15:29,ARIS,18.8293
2026-10-07,15:29,ARKADE,5.1093
2026-10-07,15:29,ARMANFIN,3.2679
2026-10-07,15:29,ARROWGREEN,68.3819
2026-10-07,15:29,ARSSBL,6.2802
2026-10-07,15:29,ARTEMISMED,16.4399
2026-10-07,15:29,ARVIND,11.82
2026-10-07,15:29,ARVSMART,3.0971
2026-10-07,15:29,ASAHIINDIA,8.1598
2026-10-07,15:29,ASHIANA,4.0615
2026-10-07,15:29,ASHOKLEY,-4.0144
2026-10-07,15:29,ASIANENE,34.0827
2026-10-07,15:29,ASIANHOTNR,5.1584
2026-10-07,15:29,ASKAUTOLTD,37.4164
2026-10-07,15:29,ASTAR,4.7159
2026-10-07,15:29,ASTEC,-2.9509
2026-10-07,15:29,ASTRAMICRO,21.3598
2026-10-07,15:29,ATHERENERG,50.918
2026-10-07,15:29,ATL,3.4663
2026-10-07,15:29,AUBANK,0.8835
2026-10-07,15:29,AUROPHARMA,17.9192
2026-10-07,15:29,AURUM,31.5804
2026-10-07,15:29,AUTOAXLES,-4.5764
2026-10-07,15:29,AVADHSUGAR,109.5552
2026-10-07,15:29,AVALON,59.7961
2026-10-07,15:29,AVL,16.126
2026-10-07,15:29,AVTNPL,22.9224
2026-10-07,15:29,AWL,-2.6989
2026-10-07,15:29,AXISBANK,-3.4276
2026-10-07,15:29,AXISCADES,20.485
2026-10-07,15:29,AYE,15.6388
2026-10-07,15:29,AYMSYNTEX,23.0708
2026-10-07,15:29,AZAD,51.1479
2026-10-07,15:29,BAFNAPH,204.6626
2026-10-07,15:29,BAJAJELEC,-4.3727
2026-10-07,15:29,BAJAJFINSV,-2.2595
2026-10-07,15:29,BAJAJHCARE,6.9821
2026-10-07,15:29,BAJAJHFL,-0.9542
2026-10-07,15:29,BAJAJHIND,14.5267
2026-10-07,15:29,BAJAJHLDNG,2.9051
2026-10-07,15:29,BAJFINANCE,6.1217
2026-10-07,15:29,BALAJITELE,-1.295
2026-10-07,15:29,BALAMINES,21.4181
2026-10-07,15:29,BALRAMCHIN,37.2572
2026-10-07,15:29,BALUFORGE,6.6401
2026-10-07,15:29,BANKINDIA,-4.5458
2026-10-07,15:29,BANSALWIRE,1.8068
2026-10-07,15:29,BASF,1.5913
2026-10-07,15:29,BCLIND,-3.3395
2026-10-07,15:29,BECTORFOOD,22.9224
2026-10-07,15:29,BEEKAY,8.2001
2026-10-07,15:29,BELRISE,13.7901
2026-10-07,15:29,BEML,16.477
2026-10-07,15:29,BEPL,33.5811
2026-10-07,15:29,BETA,39.3075
2026-10-07,15:29,BFINVEST,1.8439
2026-10-07,15:29,BHAGCHEM,-4.7769
2026-10-07,15:29,BHAGERIA,138.0667
2026-10-07,15:29,BHAGYANGR,55.0307
2026-10-07,15:29,BHARATSE,11.1721
2026-10-07,15:29,BHARTIARTL,0.2679
2026-10-07,15:29,BHARTIHEXA,-1.1769
2026-10-07,15:29,BHEL,7.6185
2026-10-07,15:29,BIL,38.3316
2026-10-07,15:29,BIRLACABLE,98.5715
2026-10-07,15:29,BIRLANU,-1.1669
2026-10-07,15:29,BLACKBUCK,20.7326
2026-10-07,15:29,BLACKROSE,14.0768
2026-10-07,15:29,BLISSGVS,60.2516
2026-10-07,15:29,BLKASHYAP,-1.9451
2026-10-07,15:29,BLUEDART,-3.9291
2026-10-07,15:29,BLUEJET,20.474
2026-10-07,15:29,BLUESTARCO,-3.7067
2026-10-07,15:29,BLUESTONE,73.2902
2026-10-07,15:29,BLUSPRING,80.577
2026-10-07,15:29,BODALCHEM,159.7179
2026-10-07,15:29,BOROLTD,28.2385
2026-10-07,15:29,BOSCH-HCIL,39.5287
2026-10-07,15:29,BOSCHLTD,21.256
2026-10-07,15:29,BPCL,-0.5871
2026-10-07,15:29,BRIGADE,13.2708
2026-10-07,15:29,BUILDPRO,11.7788
2026-10-07,15:29,CANHLIFE,5.8099
2026-10-07,15:29,CANTABIL,8.0331
2026-10-07,15:29,CAPILLARY,13.0265
2026-10-07,15:29,CAPITALSFB,-0.1638
2026-10-07,15:29,CAPLIPOINT,30.8521
2026-10-07,15:29,CARBORUNIV,22.1223
2026-10-07,15:29,CARERATING,-1.3781
2026-10-07,15:29,CARTRADE,67.9749
2026-10-07,15:29,CASTROLIND,7.6029
2026-10-07,15:29,CCL,-0.1423
2026-10-07,15:29,CDSL,2.4426
2026-10-07,15:29,CEATLTD,1.879
2026-10-07,15:29,CEIGALL,7.3887
2026-10-07,15:29,CELLO,6.0828
2026-10-07,15:29,CEMPRO,6.2223
2026-10-07,15:29,CENTENKA,16.9625
2026-10-07,15:29,CENTRALBK,-1.0725
2026-10-07,15:29,CENTUM,24.7388
2026-10-07,15:29,CGCL,26.4065
2026-10-07,15:29,CGPOWER,-2.5015
2026-10-07,15:29,CHALET,8.0041
2026-10-07,15:29,CHEMBONDCH,23.9262
2026-10-07,15:29,CHEMCON,18.3042
2026-10-07,15:29,CHEMPLASTS,5.4572
2026-10-07,15:29,CHENNPETRO,52.3625
2026-10-07,15:29,CHEVIOT,6.422
2026-10-07,15:29,CHOICEIN,7.6454
2026-10-07,15:29,CHOLAFIN,1.7559
2026-10-07,15:29,CLEAN,2.0313
2026-10-07,15:29,CLEANMAX,25.1014
2026-10-07,15:29,CLSEL,4.3855
2026-10-07,15:29,COCKERILL,11.0153
2026-10-07,15:29,COFORGE,28.1615
2026-10-07,15:29,COHANCE,5.5504
2026-10-07,15:29,COMSYN,69.9017
2026-10-07,15:29,CONCORDBIO,29.3474
2026-10-07,15:29,CONFIPET,35.3844
2026-10-07,15:29,CONSOFINVT,23.7463
2026-10-07,15:29,CONTROLPR,1.5729
2026-10-07,15:29,COROMANDEL,-0.4619
2026-10-07,15:29,CORONA,21.7332
2026-10-07,15:29,COSMOFIRST,14.3338
2026-10-07,15:29,CPPLUS,40
2026-10-07,15:29,CRAFTSMAN,12.387
2026-10-07,15:29,CREDITACC,-4.3149
2026-10-07,15:29,CREST,4.3422
2026-10-07,15:29,CRISIL,14.2007
2026-10-07,15:29,CUB,16.2323
2026-10-07,15:29,CUPID,166.504
2026-10-07,15:29,CYIENT,22.7636
2026-10-07,15:29,CYIENTDLM,134.9738
2026-10-07,15:29,DALMIASUG,31.7393
2026-10-07,15:29,DAMCAPITAL,-1.2613
2026-10-07,15:29,DATAMATICS,-0.3132
2026-10-07,15:29,DATAPATTNS,4.7068
2026-10-07,15:29,DBL,-3.7285
2026-10-07,15:29,DBOL,29.9213
2026-10-07,15:29,DCBBANK,14.7493
2026-10-07,15:29,DCI,17.3786
2026-10-07,15:29,DCMSIL,31.5728
2026-10-07,15:29,DCW,-0.8932
2026-10-07,15:29,DDEVPLSTIK,2.4808
2026-10-07,15:29,DECNGOLD,22.1592
2026-10-07,15:29,DEEDEV,5.1736
2026-10-07,15:29,DEEPAKFERT,0.3759
2026-10-07,15:29,DEEPINDS,66.8624
2026-10-07,15:29,DELTACORP,18.3477
2026-10-07,15:29,DENTA,4.6221
2026-10-07,15:29,DEVYANI,11.8065
2026-10-07,15:29,DHAMPURSUG,33.9193
2026-10-07,15:29,DHANBANK,-0.1521
2026-10-07,15:29,DHUNINV,16.8069
2026-10-07,15:29,DIACABS,89.9799
2026-10-07,15:29,DIAMONDYD,-2.4937
2026-10-07,15:29,DICIND,22.2411
2026-10-07,15:29,DIFFNKG,37.7491
2026-10-07,15:29,DISAQ,-0.3404
2026-10-07,15:29,DIVGIITTS,34.6682
2026-10-07,15:29,DIVISLAB,43.8128
2026-10-07,15:29,DIXON,13.0163
2026-10-07,15:29,DLF,11.0735
2026-10-07,15:29,DMCC,32.2377
2026-10-07,15:29,DOLLAR,4.7896
2026-10-07,15:29,DOLPHIN,62.3322
2026-10-07,15:29,DPABHUSHAN,137.9535
2026-10-07,15:29,DRAGARWQ,4.6612
2026-10-07,15:29,DVL,13.8906
2026-10-07,15:29,DWARKESH,6.0263
2026-10-07,15:29,DYCL,38.9134
2026-10-07,15:29,DYNAMATECH,23.3861
2026-10-07,15:29,E2E,84.4024
2026-10-07,15:29,EBGNG,66.6135
2026-10-07,15:29,ECLERX,25.7461
2026-10-07,15:29,EDELWEISS,18.596
2026-10-07,15:29,EFCIL,-3.6799
2026-10-07,15:29,EICHERMOT,-3.0235
2026-10-07,15:29,EIEL,-1.3735
2026-10-07,15:29,EIFFL,10.2548
2026-10-07,15:29,EIHOTEL,0.1013
2026-10-07,15:29,EIMCOELECO,43.1037
2026-10-07,15:29,ELANTAS,51.5482
2026-10-07,15:29,ELDEHSG,-1.0614
2026-10-07,15:29,ELECTCAST,2.0744
2026-10-07,15:29,ELGIEQUIP,4.9874
2026-10-07,15:29,ELPROINTL,5.312
2026-10-07,15:29,EMAMIPAP,33.8697
2026-10-07,15:29,EMCURE,13.0896
2026-10-07,15:29,EMIL,85.5614
2026-10-07,15:29,EMKAY,30.7395
2026-10-07,15:29,EMSLIMITED,0.874
2026-10-07,15:29,EMUDHRA,29.0907
2026-10-07,15:29,ENGINERSIN,33.06
2026-10-07,15:29,ENTERO,43.2765
2026-10-07,15:29,EPACKPEB,50.2134
2026-10-07,15:29,EPL,10.9431
2026-10-07,15:29,EQUITASBNK,-1.8373
2026-10-07,15:29,ESAFSFB,49.1436
2026-10-07,15:29,ESCORTS,-2.5981
2026-10-07,15:29,ESTER,2.6045
2026-10-07,15:29,ETERNAL,30.8963
2026-10-07,15:29,ETHOSLTD,10.6362
2026-10-07,15:29,EVEREADY,1.2159
2026-10-07,15:29,EVERESTIND,31.218
2026-10-07,15:29,EXCELINDUS,-0.4525
2026-10-07,15:29,EXICOM,-3.5257
2026-10-07,15:29,EXIDEIND,4.2561
2026-10-07,15:29,EXPLEOSOL,-1.3268
2026-10-07,15:29,FAIRCHEMOR,14.2335
2026-10-07,15:29,FCL,44.5361
2026-10-07,15:29,FEDDERSHOL,84.3895
2026-10-07,15:29,FEDERALBNK,11.9571
2026-10-07,15:29,FILATEX,144.0533
2026-10-07,15:29,FINCABLES,30.5553
2026-10-07,15:29,FINEORG,21.6219
2026-10-07,15:29,FINKURVE,12.9831
2026-10-07,15:29,FINOPB,0.7985
2026-10-07,15:29,FIVESTAR,14.4221
2026-10-07,15:29,FLUOROCHEM,25.5415
2026-10-07,15:29,FMGOETZE,5.0858
2026-10-07,15:29,FOSECOIND,27.9539
2026-10-07,15:29,FSL,-1.3436
2026-10-07,15:29,GABRIEL,22.4343
2026-10-07,15:29,GAEL,5.2231
2026-10-07,15:29,GAIL,3.7688
2026-10-07,15:29,GALAPREC,25.9858
2026-10-07,15:29,GALAXYSURF,35.5762
2026-10-07,15:29,GANDHAR,91.8318
2026-10-07,15:29,GANDHITUBE,17.4665
2026-10-07,15:29,GANECOS,8.1997
2026-10-07,15:29,GANESHBE,22.3943
2026-10-07,15:29,GANESHHOU,-0.6729
2026-10-07,15:29,GARFIBRES,17.3326
2026-10-07,15:29,GARUDA,-0.8162
2026-10-07,15:29,GAYAPROJ,12.4466
2026-10-07,15:29,GCSL,69.647
2026-10-07,15:29,GEECEE,15.0704
2026-10-07,15:29,GEMAROMA,3.2206
2026-10-07,15:29,GENESYS,64.4634
2026-10-07,15:29,GENUSPOWER,-3.91
2026-10-07,15:29,GEOJITFSL,6.9245
2026-10-07,15:29,GESHIP,10.5011
2026-10-07,15:29,GFLLIMITED,23.1998
2026-10-07,15:29,GHCLTEXTIL,35.727
2026-10-07,15:29,GIPCL,4.0504
2026-10-07,15:29,GKSL,36.0675
2026-10-07,15:29,GLAND,40.0267
2026-10-07,15:29,GLAXO,19.1747
2026-10-07,15:29,GLENMARK,0.3253
2026-10-07,15:29,GLOBAL,43.6409
2026-10-07,15:29,GMBREW,6.0911
2026-10-07,15:29,GMMPFAUDLR,87.5571
2026-10-07,15:29,GNA,57.5091
2026-10-07,15:29,GNFC,22.5858
2026-10-07,15:29,GNRL,-0.1942
2026-10-07,15:29,GOCLCORP,0.1089
2026-10-07,15:29,GOCOLORS,-3.0557
2026-10-07,15:29,GODREJAGRO,11.0031
2026-10-07,15:29,GOKEX,-2.7175
2026-10-07,15:29,GOODLUCK,16.246
2026-10-07,15:29,GPPL,9.6028
2026-10-07,15:29,GPTHEALTH,2.7669
2026-10-07,15:29,GPTINFRA,12.5963
2026-10-07,15:29,GRANDOAK,39.7282
2026-10-07,15:29,GRANULES,9.2331
2026-10-07,15:29,GRAPHITE,14.6067
2026-10-07,15:29,GRAUWEIL,16.3175
2026-10-07,15:29,GREAVESCOT,16.708
2026-10-07,15:29,GREENPLY,25.2519
2026-10-07,15:29,GRINDWELL,9.6967
2026-10-07,15:29,GROWW,6.9555
2026-10-07,15:29,GRPLTD,3.3056
2026-10-07,15:29,GRWRHITECH,12.841
2026-10-07,15:29,GSPCROP,10.8738
2026-10-07,15:29,GUFICBIO,26.5688
2026-10-07,15:29,GULFOILLUB,14.9581
2026-10-07,15:29,HAL,10.2816
2026-10-07,15:29,HALDYNGL,24.9711
2026-10-07,15:29,HAPPYFORGE,39.4191
2026-10-07,15:29,HARSHA,15.926
2026-10-07,15:29,HATSUN,27.6873
2026-10-07,15:29,HAWKINCOOK,6.5549
2026-10-07,15:29,HCG,3.1934
2026-10-07,15:29,HCLTECH,0.1014
2026-10-07,15:29,HEG,22.1695
2026-10-07,15:29,HERITGFOOD,24.2986
2026-10-07,15:29,HEROMOTOCO,2.06
2026-10-07,15:29,HESTERBIO,7.8638
2026-10-07,15:29,HEXATRADEX,-3.2236
2026-10-07,15:29,HFCL,51.1059
2026-10-07,15:29,HIKAL,15.3421
2026-10-07,15:29,HINDCOMPOS,-1.5604
2026-10-07,15:29,HINDOILEXP,6.8175
2026-10-07,15:29,HIRECT,-0.0045
2026-10-07,15:29,HITECHCORP,44.149
2026-10-07,15:29,HITECHGEAR,-2.6282
2026-10-07,15:29,HLEGLAS,46.8178
2026-10-07,15:29,HMAAGRO,7.1398
2026-10-07,15:29,HMT,4.7384
2026-10-07,15:29,HMVL,10.2669
2026-10-07,15:29,HNDFDS,11.8843
2026-10-07,15:29,HOMEFIRST,2.1311
2026-10-07,15:29,HONASA,17.3843
2026-10-07,15:29,HSCL,10.9655
2026-10-07,15:29,HTMEDIA,-1.2675
2026-10-07,15:29,HUHTAMAKI,41.4612
2026-10-07,15:29,HYUNDAI,1.0915
2026-10-07,15:29,IBULLSLTD,54.4936
2026-10-07,15:29,ICICIBANK,8.0468
2026-10-07,15:29,ICIL,50.9452
2026-10-07,15:29,IDBI,16.0368
2026-10-07,15:29,IDFCFIRSTB,11.5255
2026-10-07,15:29,IFBIND,-2.9142
2026-10-07,15:29,IFGLEXPOR,4.7856
2026-10-07,15:29,IGARASHI,7.8023
2026-10-07,15:29,IGPL,37.9087
2026-10-07,15:29,IIFL,26.0548
2026-10-07,15:29,IIFLCAPS,1.5964
2026-10-07,15:29,IKIO,25.4267
2026-10-07,15:29,IKS,3.6882
2026-10-07,15:29,IL&FSENGG,31.9038
2026-10-07,15:29,IMAGICAA,8.6288
2026-10-07,15:29,INDGN,16.403
2026-10-07,15:29,INDHOTEL,11.7768
2026-10-07,15:29,INDIAGLYCO,96.2564
2026-10-07,15:29,INDIANB,-0.5642
2026-10-07,15:29,INDIANHUME,14.2192
2026-10-07,15:29,INDIGO,13.2804
2026-10-07,15:29,INDIGOPNTS,6.9936
2026-10-07,15:29,INDIQUBE,22.0793
2026-10-07,15:29,INDNIPPON,33.6735
2026-10-07,15:29,INDOAMIN,18.1437
2026-10-07,15:29,INDOBORAX,39.7153
2026-10-07,15:29,INDOCO,17.5952
2026-10-07,15:29,INDOFARM,9.6552
2026-10-07,15:29,INDORAMA,133.5523
2026-10-07,15:29,INDOTECH,32.0447
2026-10-07,15:29,INDSWFTLAB,157.1166
2026-10-07,15:29,INDUSINDBK,-4.3145
2026-10-07,15:29,INFOBEAN,-1.2938
2026-10-07,15:29,INNOVACAP,37.1355
2026-10-07,15:29,INOXINDIA,39.3948
2026-10-07,15:29,INTERARCH,-2.6945
2026-10-07,15:29,INTLCONV,-2.2436
2026-10-07,15:29,INVPRECQ,158.8684
2026-10-07,15:29,IOLCP,70.7397
2026-10-07,15:29,IONEXCHANG,11.1449
2026-10-07,15:29,IPCALAB,27.1648
2026-10-07,15:29,IRISDOREME,65.6233
2026-10-07,15:29,IRMENERGY,-0.661
2026-10-07,15:29,ISGEC,-3.0168
2026-10-07,15:29,ITCHOTELS,2.7898
2026-10-07,15:29,ITDC,23.6198
2026-10-07,15:29,IVALUE,-4.7846
2026-10-07,15:29,IZMO,18.5178
2026-10-07,15:29,J&KBANK,-0.684
2026-10-07,15:29,JAGSNPHARM,13.94
2026-10-07,15:29,JAMNAAUTO,18.8768
2026-10-07,15:29,JASH,45.4828
2026-10-07,15:29,JAYBARMARU,18.5218
2026-10-07,15:29,JAYKAY,52.3449
2026-10-07,15:29,JGCHEM,50.149
2026-10-07,15:29,JINDALPHOT,3.1459
2026-10-07,15:29,JINDALPOLY,-3.7002
2026-10-07,15:29,JINDALSAW,14.088
2026-10-07,15:29,JINDRILL,0.8345
2026-10-07,15:29,JINDWORLD,48.1984
2026-10-07,15:29,JKCEMENT,-2.398
2026-10-07,15:29,JKPAPER,4.1582
2026-10-07,15:29,JMFINANCIL,-4.1731
2026-10-07,15:29,JNKINDIA,20.2677
2026-10-07,15:29,JSFB,0.9793
2026-10-07,15:29,JSL,6.8676
2026-10-07,15:29,JSWDULUX,-3.9247
2026-10-07,15:29,JSWINFRA,28.5507
2026-10-07,15:29,JSWSTEEL,-3.7559
2026-10-07,15:29,JTLIND,27.8261
2026-10-07,15:29,JUBLCPL,11.0552
2026-10-07,15:29,JUBLFOOD,7.7427
2026-10-07,15:29,JUBLINGREA,-0.5648
2026-10-07,15:29,JUBLPHARMA,-2.0503
2026-10-07,15:29,JUNIPER,9.7393
2026-10-07,15:29,JUSTDIAL,25.3145
2026-10-07,15:29,JYOTICNC,79.698
2026-10-07,15:29,KABRAEXTRU,273.6901
2026-10-07,15:29,KAJARIACER,14.3203
2026-10-07,15:29,KALYANKJIL,60.2591
2026-10-07,15:29,KAMATHOTEL,45.3234
2026-10-07,15:29,KAMDHENU,58.4027
2026-10-07,15:29,KANORICHEM,83.3164
2026-10-07,15:29,KANPRPLA,25.4361
2026-10-07,15:29,KAPSTON,55.9989
2026-10-07,15:29,KARURVYSYA,14.3203
2026-10-07,15:29,KAVDEFENCE,40.5651
2026-10-07,15:29,KAYNES,7.3845
2026-10-07,15:29,KDDL,43.8877
2026-10-07,15:29,KECL,9.6253
2026-10-07,15:29,KENNAMET,44.388
2026-10-07,15:29,KERNEX,4.592
2026-10-07,15:29,KFINTECH,0.0291
2026-10-07,15:29,KICL,-3.2214
2026-10-07,15:29,KILITCH,40.4956
2026-10-07,15:29,KINGFA,26.658
2026-10-07,15:29,KIRIINDUS,35.0121
2026-10-07,15:29,KIRLFER,8.8945
2026-10-07,15:29,KIRLOSBROS,4.8867
2026-10-07,15:29,KIRLOSENG,15.7054
2026-10-07,15:29,KIRLOSIND,12.4908
2026-10-07,15:29,KISSHT,38.4974
2026-10-07,15:29,KKCL,9.4476
2026-10-07,15:29,KLBRENG-B,8.2808
2026-10-07,15:29,KMEW,67.5442
2026-10-07,15:29,KNAGRI,7.385
2026-10-07,15:29,KOLTEPATIL,18.8872
2026-10-07,15:29,KOPRAN,34.0476
2026-10-07,15:29,KOTAKBANK,14.5237
2026-10-07,15:29,KOTHARIPET,2.7857
2026-10-07,15:29,KOVAI,10.4281
2026-10-07,15:29,KPIL,11.7548
2026-10-07,15:29,KPL,59.3869
2026-10-07,15:29,KPRMILL,13.9472
2026-10-07,15:29,KRBL,13.7065
2026-10-07,15:29,KRISHANA,43.2271
2026-10-07,15:29,KRISHNADEF,12.7644
2026-10-07,15:29,KRN,34.0377
2026-10-07,15:29,KRONOX,51.6526
2026-10-07,15:29,KROSS,38.2906
2026-10-07,15:29,KRSNAA,-0.2457
2026-10-07,15:29,KRYSTAL,11.3521
2026-10-07,15:29,KSB,1.4685
2026-10-07,15:29,KSHINTL,35.1951
2026-10-07,15:29,KSL,12.8775
2026-10-07,15:29,KTKBANK,21.1992
2026-10-07,15:29,KUANTUM,1.5083
2026-10-07,15:29,KWIL,41.0152
2026-10-07,15:29,LALPATHLAB,21.0091
2026-10-07,15:29,LANDMARK,26.7827
2026-10-07,15:29,LAURUSLABS,50.7195
2026-10-07,15:29,LAXMIINDIA,-2.1459
2026-10-07,15:29,LEMONTREE,-1.2549
2026-10-07,15:29,LENSKART,30.0563
2026-10-07,15:29,LGBBROSLTD,13.4413
2026-10-07,15:29,LGEINDIA,16.8253
2026-10-07,15:29,LICHSGFIN,-3.3293
2026-10-07,15:29,LIKHITHA,24.4565
2026-10-07,15:29,LLOYDSENGG,37.3455
2026-10-07,15:29,LLOYDSENT,9.6031
2026-10-07,15:29,LLOYDSME,2.3528
2026-10-07,15:29,LMW,7.066
2026-10-07,15:29,LODHA,18.2603
2026-10-07,15:29,LOKESHMACH,85.6453
2026-10-07,15:29,LOTUSDEV,76.1822
2026-10-07,15:29,LTFOODS,6.6565
2026-10-07,15:29,LTM,-3.2401
2026-10-07,15:29,LUMAXIND,-3.7937
2026-10-07,15:29,LUMAXTECH,7.2124
2026-10-07,15:29,LXCHEM,28.5454
2026-10-07,15:29,M&MFIN,5.9608
2026-10-07,15:29,MACPOWER,112.714
2026-10-07,15:29,MAGADSUGAR,20.3811
2026-10-07,15:29,MAHABANK,6.1562
2026-10-07,15:29,MAHASTEEL,17.8105
2026-10-07,15:29,MAHLIFE,5.5305
2026-10-07,15:29,MAHLOG,20.1666
2026-10-07,15:29,MAHSCOOTER,-4.1197
2026-10-07,15:29,MAHSEAMLES,11.4463
2026-10-07,15:29,MAMATA,-3.167
2026-10-07,15:29,MANAKCOAT,23.8739
2026-10-07,15:29,MANAKSTEEL,64.0112
2026-10-07,15:29,MANALIPETC,50.6744
2026-10-07,15:29,MANBA,32.8273
2026-10-07,15:29,MANGLMCEM,17.3393
2026-10-07,15:29,MANINDS,80.969
2026-10-07,15:29,MANINFRA,6.3173
2026-10-07,15:29,MANKIND,5.2366
2026-10-07,15:29,MANORAMA,39.9327
2026-10-07,15:29,MANYAVAR,22.493
2026-10-07,15:29,MAPMYINDIA,9.3016
2026-10-07,15:29,MARICO,-4.1925
2026-10-07,15:29,MARINE,77.1399
2026-10-07,15:29,MARKSANS,32.1947
2026-10-07,15:29,MASTEK,-0.1291
2026-10-07,15:29,MASTERTR,2.2814
2026-10-07,15:29,MATRIMONY,22.4272
2026-10-07,15:29,MAWANASUG,55.5966
2026-10-07,15:29,MAXESTATES,23.9865
2026-10-07,15:29,MAXIND,1.3174
2026-10-07,15:29,MAYURUNIQ,1.1134
2026-10-07,15:29,MAZDA,26.9582
2026-10-07,15:29,MBAPL,58.5992
2026-10-07,15:29,MBECL,12839.8399
2026-10-07,15:29,MBEL,-2.6303
2026-10-07,15:29,MCCHRLS-B,-1.3929
2026-10-07,15:29,MCX,13.8128
2026-10-07,15:29,MEDANTA,8.8394
2026-10-07,15:29,MEESHO,29.0344
2026-10-07,15:29,MENONBE,107.6531
2026-10-07,15:29,METROPOLIS,-2.5029
2026-10-07,15:29,MIDHANI,9.0455
2026-10-07,15:29,MINDACORP,2.4103
2026-10-07,15:29,MMFL,26.3645
2026-10-07,15:29,MMP,82.3899
2026-10-07,15:29,MOBIKWIK,30.5199
2026-10-07,15:29,MODIS,14.1324
2026-10-07,15:29,MODISONLTD,71.7498
2026-10-07,15:29,MOL,25.1743
2026-10-07,15:29,MOLDTECH,82.3049
2026-10-07,15:29,MONARCH,3.3185
2026-10-07,15:29,MOREPENLAB,239.8936
2026-10-07,15:29,MOTHERSON,9.2356
2026-10-07,15:29,MOTILALOFS,21.4213
2026-10-07,15:29,MPHASIS,0.7749
2026-10-07,15:29,MPSLTD,46.6692
2026-10-07,15:29,MRF,-0.2795
2026-10-07,15:29,MRPL,26.1451
2026-10-07,15:29,MSTCLTD,58.6266
2026-10-07,15:29,MTARTECH,-0.1904
2026-10-07,15:29,MUFIN,9.707
2026-10-07,15:29,MUKANDLTD,31.6621
2026-10-07,15:29,MUKKA,18.2097
2026-10-07,15:29,MUNJALAU,17.0255
2026-10-07,15:29,MUTHOOTMF,-3.9282
2026-10-07,15:29,MVGJL,39.2539
2026-10-07,15:29,NAHARINDUS,18.0208
2026-10-07,15:29,NAHARSPING,-0.2642
2026-10-07,15:29,NAUKRI,23.1457
2026-10-07,15:29,NAVA,-3.7378
2026-10-07,15:29,NAVINFLUOR,19.091
2026-10-07,15:29,NAZARA,36.2556
2026-10-07,15:29,NBIFIN,-2.6877
2026-10-07,15:29,NELCAST,4.0617
2026-10-07,15:29,NELCO,33.2751
2026-10-07,15:29,NEOGEN,30.8487
2026-10-07,15:29,NEPHROPLUS,7.1655
2026-10-07,15:29,NETWEB,0.3147
2026-10-07,15:29,NEULANDLAB,26.7264
2026-10-07,15:29,NEWGEN,1.1407
2026-10-07,15:29,NGLFINE,12.5346
2026-10-07,15:29,NIACL,1.1879
2026-10-07,15:29,NIITLTD,25.0773
2026-10-07,15:29,NIITMTS,-1.9667
2026-10-07,15:29,NILKAMAL,43.1911
2026-10-07,15:29,NINSYS,17.0641
2026-10-07,15:29,NIRLON,2.9724
2026-10-07,15:29,NITINSPIN,25.7995
2026-10-07,15:29,NITTAGELA,2.5698
2026-10-07,15:29,NOCIL,2.7895
2026-10-07,15:29,NORTHARC,4.3146
2026-10-07,15:29,NOVARTIND,29.1533
2026-10-07,15:29,NPST,60.5557
2026-10-07,15:29,NRAIL,47.161
2026-10-07,15:29,NRBBEARING,43.2297
2026-10-07,15:29,NRL,140.234
2026-10-07,15:29,NUVAMA,17.4514
2026-10-07,15:29,NYKAA,30.0991
2026-10-07,15:29,OAL,57.267
2026-10-07,15:29,OBEROIRLTY,1.6929
2026-10-07,15:29,OCCLLTD,89.4012
2026-10-07,15:29,OFSS,6.1421
2026-10-07,15:29,OIL,-4.7044
2026-10-07,15:29,OMAXE,42.471
2026-10-07,15:29,OMNI,32.131
2026-10-07,15:29,OMPOWER,-2.8941
2026-10-07,15:29,ONEPOINT,25.891
2026-10-07,15:29,ONMOBILE,0.6637
2026-10-07,15:29,ONWARDTEC,12.2815
2026-10-07,15:29,OPTIEMUS,112.6573
2026-10-07,15:29,ORBTEXP,38.7683
2026-10-07,15:29,ORCHPHARMA,29.205
2026-10-07,15:29,ORIENTBELL,28.3722
2026-10-07,15:29,ORIENTCER,3.3012
2026-10-07,15:29,ORIENTHOT,49.7383
2026-10-07,15:29,PAGEIND,-1.6363
2026-10-07,15:29,PAISALO,63.2997
2026-10-07,15:29,PANACHE,76.0831
2026-10-07,15:29,PANAMAPET,63.1971
2026-10-07,15:29,PARADEEP,23.3566
2026-10-07,15:29,PARAGMILK,40.2546
2026-10-07,15:29,PARAS,56.9659
2026-10-07,15:29,PASUPTAC,17.7945
2026-10-07,15:29,PATELRMART,25.4667
2026-10-07,15:29,PAUSHAKLTD,56.6824
2026-10-07,15:29,PAYTM,54.8087
2026-10-07,15:29,PCBL,12.7825
2026-10-07,15:29,PDMJEPAPER,18.8896
2026-10-07,15:29,PDSL,13.1701
2026-10-07,15:29,PENIND,11.0872
2026-10-07,15:29,PERSISTENT,6.0201
2026-10-07,15:29,PETRONET,9.5739
2026-10-07,15:29,PFOCUS,21.6795
2026-10-07,15:29,PGEL,8.1753
2026-10-07,15:29,PGIL,53.9885
2026-10-07,15:29,PHOENIXLTD,4.1949
2026-10-07,15:29,PICCADIL,1.6306
2026-10-07,15:29,PIDILITIND,0.3844
2026-10-07,15:29,PINELABS,22.9465
2026-10-07,15:29,PITTIENG,19.711
2026-10-07,15:29,PIXTRANS,15.0096
2026-10-07,15:29,PLASTIBLEN,19.2245
2026-10-07,15:29,PNB,8.0528
2026-10-07,15:29,PNBHOUSING,9.7525
2026-10-07,15:29,PNGJL,9.3298
2026-10-07,15:29,PNGSREVA,67.5295
2026-10-07,15:29,POLYMED,19.6562
2026-10-07,15:29,POLYPLEX,10.4956
2026-10-07,15:29,POONAWALLA,17.2522
2026-10-07,15:29,POWERICA,8.9763
2026-10-07,15:29,POWERMECH,-2.8552
2026-10-07,15:29,PPL,19.4692
2026-10-07,15:29,PPLPHARMA,17.4894
2026-10-07,15:29,PRABHA,43.7154
2026-10-07,15:29,PRADPME,39.9842
2026-10-07,15:29,PRECWIRE,22.8976
2026-10-07,15:29,PREMEXPLN,-0.5068
2026-10-07,15:29,PREMIERPOL,85.5729
2026-10-07,15:29,PRESTIGE,4.3894
2026-10-07,15:29,PRICOLLTD,17.6392
2026-10-07,15:29,PRIMESECU,5.624
2026-10-07,15:29,PRIMO,11.2945
2026-10-07,15:29,PRINCEPIPE,-2.098
2026-10-07,15:29,PRIVISCL,8.1101
2026-10-07,15:29,PROTEAN,7.9955
2026-10-07,15:29,PROZONER,2.1542
2026-10-07,15:29,PRUDENT,18.495
2026-10-07,15:29,PTCIL,52.4612
2026-10-07,15:29,PTL,-1.9004
2026-10-07,15:29,PUNJABCHEM,0.9963
2026-10-07,15:29,PURVA,-4.2645
2026-10-07,15:29,PVP,102.1032
2026-10-07,15:29,PVRINOX,39.6011
2026-10-07,15:29,PVSL,-2.2247
2026-10-07,15:29,PWL,30.7815
2026-10-07,15:29,QPOWER,52.0572
2026-10-07,15:29,QUADFUTURE,82.5448
2026-10-07,15:29,QUESS,57.0616
2026-10-07,15:29,RACLGEAR,20.3346
2026-10-07,15:29,RADHIKAJWE,19.7554
2026-10-07,15:29,RADICO,27.7497
2026-10-07,15:29,RAIN,16.4194
2026-10-07,15:29,RAJOOENG,13.2764
2026-10-07,15:29,RAJRATAN,12.1363
2026-10-07,15:29,RAJRILTD,0.049
2026-10-07,15:29,RAMCOCEM,-3.0073
2026-10-07,15:29,RAMCOIND,2.1124
2026-10-07,15:29,RAMCOSYS,26.2169
2026-10-07,15:29,RAMRAT,49.8002
2026-10-07,15:29,RANEHOLDIN,9.6553
2026-10-07,15:29,RATEGAIN,14.4819
2026-10-07,15:29,RATNAMANI,-1.1125
2026-10-07,15:29,RATNAVEER,104.915
2026-10-07,15:29,RAYMOND,123.2975
2026-10-07,15:29,RAYMONDREL,25.02
2026-10-07,15:29,RBA,39.9359
2026-10-07,15:29,RBLBANK,19.4203
2026-10-07,15:29,RBZJEWEL,60.3378
2026-10-07,15:29,REDINGTON,81.2063
2026-10-07,15:29,REGAAL,-0.8467
2026-10-07,15:29,RELTD,16.6523
2026-10-07,15:29,RENUKA,-0.3063
2026-10-07,15:29,RGL,63.0723
2026-10-07,15:29,RICOAUTO,3.6872
2026-10-07,15:29,RISHABH,27.2916
2026-10-07,15:29,RITCO,3.9486
2026-10-07,15:29,RITES,-0.7417
2026-10-07,15:29,RKFORGE,26.483
2026-10-07,15:29,RMDRIP,26.4214
2026-10-07,15:29,RML,46.8975
2026-10-07,15:29,ROLEXRINGS,30.7167
2026-10-07,15:29,ROSSTECH,53.5273
2026-10-07,15:29,ROTO,11.2003
2026-10-07,15:29,RPEL,88.6748
2026-10-07,15:29,RPGLIFE,30.031
2026-10-07,15:29,RPTECH,73.0252
2026-10-07,15:29,RRKABEL,32.398
2026-10-07,15:29,RSL,37.3446
2026-10-07,15:29,RSWM,15.6154
2026-10-07,15:29,RUBICON,56.6826
2026-10-07,15:29,RUBYMILLS,98.8455
2026-10-07,15:29,RUSTOMJEE,-4.6865
2026-10-07,15:29,SAGILITY,5.0439
2026-10-07,15:29,SAILIFE,34.6379
2026-10-07,15:29,SAIPARENT,7.3575
2026-10-07,15:29,SAKAR,28.0728
2026-10-07,15:29,SAKSOFT,-2.9245
2026-10-07,15:29,SALSTEEL,45.0336
2026-10-07,15:29,SAMBHV,52.143
2026-10-07,15:29,SANATHAN,28.876
2026-10-07,15:29,SANDESH,-1.3148
2026-10-07,15:29,SANGAMIND,20.9516
2026-10-07,15:29,SANGHVIMOV,12.8004
2026-10-07,15:29,SANOFI,-2.3667
2026-10-07,15:29,SANSERA,48.9584
2026-10-07,15:29,SAPPHIRE,18.8339
2026-10-07,15:29,SARDAEN,-2.4612
2026-10-07,15:29,SAREGAMA,18.7669
2026-10-07,15:29,SARLAPOLY,-2.3232
2026-10-07,15:29,SATIA,20
2026-10-07,15:29,SATIN,2.7408
2026-10-07,15:29,SAYAJIHOTL,11.5523
2026-10-07,15:29,SBC,57.0956
2026-10-07,15:29,SBCL,48.5541
2026-10-07,15:29,SBIN,-1.0784
2026-10-07,15:29,SCHNEIDER,-4.019
2026-10-07,15:29,SCI,-2.3777
2026-10-07,15:29,SCODATUBES,0.8536
2026-10-07,15:29,SCPL,43.3243
2026-10-07,15:29,SEAMECLTD,-0.2292
2026-10-07,15:29,SEDEMAC,59.7091
2026-10-07,15:29,SEIL,-1.9093
2026-10-07,15:29,SENORES,23.9995
2026-10-07,15:29,SESHAPAPER,-1.0862
2026-10-07,15:29,SETL,222.1889
2026-10-07,15:29,SFL,2.4876
2026-10-07,15:29,SGFIN,17.0547
2026-10-07,15:29,SGIL,15.1853
2026-10-07,15:29,SGMART,27.4568
2026-10-07,15:29,SHADOWFAX,51.7436
2026-10-07,15:29,SHAILY,3.2046
2026-10-07,15:29,SHALPAINTS,50.9301
2026-10-07,15:29,SHANTIGEAR,33.0269
2026-10-07,15:29,SHANTIGOLD,54.3492
2026-10-07,15:29,SHARDAMOTR,9.6703
2026-10-07,15:29,SHARDUL,106.4425
2026-10-07,15:29,SHAREINDIA,50.0978
2026-10-07,15:29,SHILCTECH,-0.3512
2026-10-07,15:29,SHILPAMED,114.6908
2026-10-07,15:29,SHINDL,1.9522
2026-10-07,15:29,SHIVALIK,24.1033
2026-10-07,15:29,SHIVAUM,72.3125
2026-10-07,15:29,SHK,6.5693
2026-10-07,15:29,SHOPERSTOP,10.6755
2026-10-07,15:29,SHREEJISPG,73.3521
2026-10-07,15:29,SHREEPUSHK,41.8002
2026-10-07,15:29,SHREERAMA,1.1902
2026-10-07,15:29,SHRINGARMS,5.2123
2026-10-07,15:29,SHRIPISTON,30.0973
2026-10-07,15:29,SHRIRAMFIN,0.0897
2026-10-07,15:29,SHYAMMETL,9.6522
2026-10-07,15:29,SICALLOG,36.1604
2026-10-07,15:29,SIEMENS,-1.3267
2026-10-07,15:29,SIGACHI,37.8404
2026-10-07,15:29,SIGMAADV,156.968
2026-10-07,15:29,SIKA,17.3383
2026-10-07,15:29,SIMPLEXINF,2.0386
2026-10-07,15:29,SIRCA,-0.9576
2026-10-07,15:29,SIS,2.6068
2026-10-07,15:29,SIYSIL,-3.3386
2026-10-07,15:29,SKFINDUS,26.9058
2026-10-07,15:29,SKIPPER,-1.4563
2026-10-07,15:29,SKMEGGPROD,5.4805
2026-10-07,15:29,SKYGOLD,68.3205
2026-10-07,15:29,SMARTWORKS,12.5589
2026-10-07,15:29,SMCGLOBAL,79.2229
2026-10-07,15:29,SMLMAH,62.7156
2026-10-07,15:29,SMSPHARMA,26.9736
2026-10-07,15:29,SOFTTECH,-0.2722
2026-10-07,15:29,SOLARA,28.3462
2026-10-07,15:29,SOLARINDS,9.8811
2026-10-07,15:29,SOMANYCERA,26.0195
2026-10-07,15:29,SONACOMS,33.4266
2026-10-07,15:29,SOTL,84.4424
2026-10-07,15:29,SOUTHBANK,14.6065
2026-10-07,15:29,SPAL,22.7927
2026-10-07,15:29,SPECIALITY,37.5451
2026-10-07,15:29,SPECTRUM,170.4517
2026-10-07,15:29,SPLPETRO,21.1823
2026-10-07,15:29,SPORTKING,18.3536
2026-10-07,15:29,SREEL,49.6537
2026-10-07,15:29,SRHHYPOLTD,0.8633
2026-10-07,15:29,SSWL,110.2186
2026-10-07,15:29,STALLION,31.3026
2026-10-07,15:29,STAR,-1.0074
2026-10-07,15:29,STARHEALTH,4.9058
2026-10-07,15:29,STEELCAS,31.7684
2026-10-07,15:29,STEL,28.6571
2026-10-07,15:29,STLNETWORK,62.8666
2026-10-07,15:29,STLTECH,89.6484
2026-10-07,15:29,STOVEKRAFT,33.434
2026-10-07,15:29,STYL,41.0046
2026-10-07,15:29,STYLAMIND,18.3809
2026-10-07,15:29,STYLEBAAZA,12.1973
2026-10-07,15:29,SUDARCOLOR,-2.7607
2026-10-07,15:29,SUDARSCHEM,30.7676
2026-10-07,15:29,SUDEEPPHRM,57.704
2026-10-07,15:29,SUNDARMFIN,2.6809
2026-10-07,15:29,SUNDRMFAST,30.978
2026-10-07,15:29,SUNDROP,10.8074
2026-10-07,15:29,SUNFLAG,26.9298
2026-10-07,15:29,SUNPHARMA,-1.0116
2026-10-07,15:29,SUNTECK,-2.6426
2026-10-07,15:29,SUNTV,26.755
2026-10-07,15:29,SUPRAJIT,1.8279
2026-10-07,15:29,SUPREMEIND,0.0282
2026-10-07,15:29,SURAKSHA,12.5612
2026-10-07,15:29,SUTLEJTEX,2.7247
2026-10-07,15:29,SUVEN,9.3828
2026-10-07,15:29,SVLL,34.0647
2026-10-07,15:29,SWANDEF,33.9385
2026-10-07,15:29,SWIGGY,-4.6142
2026-10-07,15:29,SYNCOMF,66.1559
2026-10-07,15:29,SYRMA,60.4612
2026-10-07,15:29,SYSTMTXC,8.2986
2026-10-07,15:29,TALBROAUTO,20.7615
2026-10-07,15:29,TARSONS,63.1338
2026-10-07,15:29,TASTYBITE,23.0375
2026-10-07,15:29,TATACAP,4.7891
2026-10-07,15:29,TATATECH,-1.0917
2026-10-07,15:29,TATVA,75.7148
2026-10-07,15:29,TBOTEK,38.6449
2026-10-07,15:29,TBZ,259.0851
2026-10-07,15:29,TCI,-3.7077
2026-10-07,15:29,TCIEXP,1.7717
2026-10-07,15:29,TCPLPACK,57.3575
2026-10-07,15:29,TDPOWERSYS,24.5412
2026-10-07,15:29,TECHM,0.4852
2026-10-07,15:29,TEGA,20.2492
2026-10-07,15:29,TEXINFRA,25.7546
2026-10-07,15:29,TEXRAIL,9.9358
2026-10-07,15:29,TFCILTD,108.4052
2026-10-07,15:29,THANGAMAYL,14.2239
2026-10-07,15:29,THEJO,34.2366
2026-10-07,15:29,THELEELA,45.7305
2026-10-07,15:29,THEMISMED,5.3943
2026-10-07,15:29,THOMASCOOK,10.5929
2026-10-07,15:29,THYROCARE,1.3332
2026-10-07,15:29,TI,21.1266
2026-10-07,15:29,TIIL,10.1314
2026-10-07,15:29,TIL,28.4536
2026-10-07,15:29,TIMETECHNO,5.0999
2026-10-07,15:29,TIMEX,61.2218
2026-10-07,15:29,TINNARUBR,19.2325
2026-10-07,15:29,TIPSMUSIC,-3.404
2026-10-07,15:29,TIRUPATIFL,57.1587
2026-10-07,15:29,TITAGARH,-3.1955
2026-10-07,15:29,TITAN,7.4137
2026-10-07,15:29,TMB,26.684
2026-10-07,15:29,TMCV,12.7536
2026-10-07,15:29,TNPETRO,41.1672
2026-10-07,15:29,TNPL,-3.468
2026-10-07,15:29,TORNTPHARM,6.9239
2026-10-07,15:29,TRANSPEK,34.6787
2026-10-07,15:29,TRANSRAILL,-0.0417
2026-10-07,15:29,TRAVELFOOD,-2.8581
2026-10-07,15:29,TREL,4.4992
2026-10-07,15:29,TRENT,2.6385
2026-10-07,15:29,TRIVENI,5.4187
2026-10-07,15:29,TSFINV,0.1712
2026-10-07,15:29,TTKHLTCARE,17.3516
2026-10-07,15:29,TTKPRESTIG,-4.013
2026-10-07,15:29,TVSMOTOR,16.995
2026-10-07,15:29,TVSSCS,11.2723
2026-10-07,15:29,TVSSRICHAK,12.1555
2026-10-07,15:29,UDS,26.7418
2026-10-07,15:29,UEL,27.2949
2026-10-07,15:29,UFBL,39.4262
2026-10-07,15:29,UFLEX,51.7042
2026-10-07,15:29,UGARSUGAR,41.1154
2026-10-07,15:29,UJJIVANSFB,19.397
2026-10-07,15:29,ULTRAMAR,0.8867
2026-10-07,15:29,UNICHEMLAB,56.3475
2026-10-07,15:29,UNIMECH,97.4973
2026-10-07,15:29,UNIONBANK,3.1391
2026-10-07,15:29,UNIPARTS,35.1468
2026-10-07,15:29,UNITDSPR,5.8268
2026-10-07,15:29,UNITEDPOLY,42.2656
2026-10-07,15:29,UNIVCABLES,43.7525
2026-10-07,15:29,UNIVPHOTO,14.1244
2026-10-07,15:29,UNOMINDA,0.2814
2026-10-07,15:29,URBANCO,40.1566
2026-10-07,15:29,USHAMART,2.806
2026-10-07,15:29,UTLSOLAR,34.943
2026-10-07,15:29,UTTAMSUGAR,30.4145
2026-10-07,15:29,VADILALIND,49.6387
2026-10-07,15:29,VALIANTLAB,59.1038
2026-10-07,15:29,VALIANTORG,61.4569
2026-10-07,15:29,VARROC,45.6933
2026-10-07,15:29,VASCONEQ,-4.5468
2026-10-07,15:29,VEEDOL,-3.8181
2026-10-07,15:29,VELJAN,150.9347
2026-10-07,15:29,VENKEYS,13.8652
2026-10-07,15:29,VENUSPIPES,60.1216
2026-10-07,15:29,VENUSREM,38.229
2026-10-07,15:29,VGUARD,-1.4996
2026-10-07,15:29,VHL,4.4281
2026-10-07,15:29,VIDHIING,14.7093
2026-10-07,15:29,VIJAYA,11.7616
2026-10-07,15:29,VIMTALABS,20.7579
2026-10-07,15:29,VINCOFE,27.1328
2026-10-07,15:29,VINDHYATEL,27.1251
2026-10-07,15:29,VISAKAIND,15.8833
2026-10-07,15:29,VISHNU,18.0107
2026-10-07,15:29,VLSFINANCE,0.3228
2026-10-07,15:29,VMART,20.9149
2026-10-07,15:29,VOLTAMP,10.6876
2026-10-07,15:29,VRLLOG,21.994
2026-10-07,15:29,VSSL,46.8121
2026-10-07,15:29,VSTTILLERS,-4.7333
2026-10-07,15:29,WABAG,30.7959
2026-10-07,15:29,WAKEFIT,9.1514
2026-10-07,15:29,WCIL,-4.529
2026-10-07,15:29,WELCORP,96.4268
2026-10-07,15:29,WELENT,43.237
2026-10-07,15:29,WELINV,27.646
2026-10-07,15:29,WELSPLSOL,20.5592
2026-10-07,15:29,WELSPUNLIV,70.9502
2026-10-07,15:29,WENDT,16.182
2026-10-07,15:29,WESTLIFE,30.3401
2026-10-07,15:29,WEWORK,12.0423
2026-10-07,15:29,WHEELS,44.9359
2026-10-07,15:29,WHIRLPOOL,2.7964
2026-10-07,15:29,WINDLAS,22.6744
2026-10-07,15:29,WINDMACHIN,5.6107
2026-10-07,15:29,WOCKPHARMA,5.858
2026-10-07,15:29,WONDERLA,9.5278
2026-10-07,15:29,WPIL,0.7286
2026-10-07,15:29,WSTCSTPAPR,47.7603
2026-10-07,15:29,XPROINDIA,1.5456
2026-10-07,15:29,YASHO,109.2628
2026-10-07,15:29,YATHARTH,29.6547
2026-10-07,15:29,YATRA,1.2861
2026-10-07,15:29,YUKEN,74.8473
2026-10-07,15:29,ZFSTEERING,0.9118
2026-10-07,15:29,ZIMLAB,43.3278
2026-10-07,15:29,ZOTA,19.2766
2026-10-07,15:29,ZSARACOM,3.3367
2026-10-07,15:29,ZUARI,-2.6478
2026-10-07,15:29,ZUARIIND,10.4159
2026-10-07,15:29,ZYDUSLIFE,6.9871
2026-10-07,15:29,ZYDUSWELL,0.0986
2026-10-08,15:29,20MICRONS,6.7686
2026-10-08,15:29,360ONE,-3.4946
2026-10-08,15:29,3BBLACKBIO,38.7378
2026-10-08,15:29,5PAISA,4.1737
2026-10-08,15:29,63MOONS,24.2941
2026-10-08,15:29,AADHARHFC,-3.4708
2026-10-08,15:29,AARTIDRUGS,8.1222
2026-10-08,15:29,AARTIIND,1.5184
2026-10-08,15:29,AARTIPHARM,36.8491
2026-10-08,15:29,ABB,-3.6642
2026-10-08,15:29,ABBOTINDIA,-4.6945
2026-10-08,15:29,ABCAPITAL,5.1633
2026-10-08,15:29,ABDL,25.7275
2026-10-08,15:29,ABSLAMC,-1.4127
2026-10-08,15:29,ACCELYA,-4.0421
2026-10-08,15:29,ACE,34.9268
2026-10-08,15:29,ACMESOLAR,36.849
2026-10-08,15:29,ACUTAAS,1.2521
2026-10-08,15:29,ADANIPORTS,-4.2332
2026-10-08,15:29,ADFFOODS,8.0585
2026-10-08,15:29,ADOR,34.9283
2026-10-08,15:29,ADVAIT,-3.5556
2026-10-08,15:29,ADVANCE,11.1057
2026-10-08,15:29,AEGISLOG,78.5341
2026-10-08,15:29,AEGISVOPAK,47.864
2026-10-08,15:29,AEQUS,44.9746
2026-10-08,15:29,AEROENTER,33.3581
2026-10-08,15:29,AEROFLEX,36.2173
2026-10-08,15:29,AETHER,56.3234
2026-10-08,15:29,AFFLE,-2.6468
2026-10-08,15:29,AFSL,0
2026-10-08,15:29,AGARWALEYE,-2.1502
2026-10-08,15:29,AGI,30.7275
2026-10-08,15:29,AHCL,97.0567
2026-10-08,15:29,AHLWEST,-0.4074
2026-10-08,15:29,AIIL,20.1223
2026-10-08,15:29,AJANTPHARM,17.216
2026-10-08,15:29,AJAXENGG,-2.9064
2026-10-08,15:29,AJMERA,6.1915
2026-10-08,15:29,AKCAPIT,0.0521
2026-10-08,15:29,AKUMS,49.9476
2026-10-08,15:29,ALEMBICLTD,15.0837
2026-10-08,15:29,ALGOQUANT,21.4684
2026-10-08,15:29,ALICON,28.7566
2026-10-08,15:29,ALIVUS,27.5954
2026-10-08,15:29,ALKEM,-1.2231
2026-10-08,15:29,ALKYLAMINE,13.9357
2026-10-08,15:29,ALLDIGI,-5.0522
2026-10-08,15:29,AMAGI,35.737
2026-10-08,15:29,AMANTA,62.3298
2026-10-08,15:29,ANANDRATHI,22.1391
2026-10-08,15:29,ANANTRAJ,8.1407
2026-10-08,15:29,ANDHRAPAP,8.2143
2026-10-08,15:29,ANDHRSUGAR,12.414
2026-10-08,15:29,ANTELOPUS,35.9228
2026-10-08,15:29,ANTHEM,15.7151
2026-10-08,15:29,ANUHPHR,6.4143
2026-10-08,15:29,APARINDS,39.1766
2026-10-08,15:29,APCOTEXIND,17.0895
2026-10-08,15:29,APLAPOLLO,14.0748
2026-10-08,15:29,APLLTD,11.1806
2026-10-08,15:29,APOLLO,-2.2269
2026-10-08,15:29,APOLLOHOSP,-5.4572
2026-10-08,15:29,APOLLOPIPE,5.0788
2026-10-08,15:29,APOLLOTYRE,4.2564
2026-10-08,15:29,ARFIN,21.0129
2026-10-08,15:29,ARIES,45.2674
2026-10-08,15:29,ARIHANT,27.441
2026-10-08,15:29,ARIHANTCAP,45.5403
2026-10-08,15:29,ARIS,19.7612
2026-10-08,15:29,ARKADE,3.2193
2026-10-08,15:29,ARMANFIN,7.0423
2026-10-08,15:29,ARROWGREEN,55.3387
2026-10-08,15:29,ARSSBL,1.6739
2026-10-08,15:29,ARTEMISMED,15.2653
2026-10-08,15:29,ARVIND,6.5428
2026-10-08,15:29,ARVSMART,5.6607
2026-10-08,15:29,ASAHIINDIA,4.4504
2026-10-08,15:29,ASHIANA,4.024
2026-10-08,15:29,ASHOKLEY,-3.178
2026-10-08,15:29,ASIANENE,30.9161
2026-10-08,15:29,ASIANHOTNR,7.7325
2026-10-08,15:29,ASKAUTOLTD,34.8146
2026-10-08,15:29,ASTAR,-3.3225
2026-10-08,15:29,ASTEC,-3.1832
2026-10-08,15:29,ASTRAMICRO,23.9022
2026-10-08,15:29,ATHERENERG,49.9893
2026-10-08,15:29,ATL,4.7857
2026-10-08,15:29,AUBANK,0.6036
2026-10-08,15:29,AUROPHARMA,14.7381
2026-10-08,15:29,AURUM,27.0477
2026-10-08,15:29,AVADHSUGAR,108.8353
2026-10-08,15:29,AVALON,58.5618
2026-10-08,15:29,AVL,15.7396
2026-10-08,15:29,AVTNPL,22.7377
2026-10-08,15:29,AWL,-4.1122
2026-10-08,15:29,AXISBANK,-2.4218
2026-10-08,15:29,AXISCADES,17.3321
2026-10-08,15:29,AYE,7.8838
2026-10-08,15:29,AYMSYNTEX,21.861
2026-10-08,15:29,AZAD,45.6193
2026-10-08,15:29,BAFNAPH,195.9419
2026-10-08,15:29,BAJAJFINSV,-2.8939
2026-10-08,15:29,BAJAJHCARE,7.0918
2026-10-08,15:29,BAJAJHFL,-2.2725
2026-10-08,15:29,BAJAJHIND,5.2521
2026-10-08,15:29,BAJAJHLDNG,3.2132
2026-10-08,15:29,BAJFINANCE,7.5249
2026-10-08,15:29,BALAJITELE,-4.5994
2026-10-08,15:29,BALAMINES,19.049
2026-10-08,15:29,BALRAMCHIN,29.377
2026-10-08,15:29,BALUFORGE,8.2734
2026-10-08,15:29,BANKINDIA,-3.2105
2026-10-08,15:29,BANSALWIRE,1.5564
2026-10-08,15:29,BASF,0.4985
2026-10-08,15:29,BECTORFOOD,18.2655
2026-10-08,15:29,BEEKAY,7.0693
2026-10-08,15:29,BELRISE,9.1991
2026-10-08,15:29,BEML,11.1098
2026-10-08,15:29,BEPL,31.2354
2026-10-08,15:29,BETA,33.3427
2026-10-08,15:29,BFINVEST,-1.2975
2026-10-08,15:29,BHAGERIA,139.6813
2026-10-08,15:29,BHARATSE,9.6288
2026-10-08,15:29,BHARTIARTL,-0.3314
2026-10-08,15:29,BHARTIHEXA,-0.8916
2026-10-08,15:29,BHEL,6.1265
2026-10-08,15:29,BIL,42.5629
2026-10-08,15:29,BIRLACABLE,80.2063
2026-10-08,15:29,BIRLANU,-2.4377
2026-10-08,15:29,BLACKBUCK,14.4304
2026-10-08,15:29,BLACKROSE,13.8747
2026-10-08,15:29,BLISSGVS,65.9088
2026-10-08,15:29,BLKASHYAP,-4.1544
2026-10-08,15:29,BLUEDART,-3.4636
2026-10-08,15:29,BLUEJET,16.0976
2026-10-08,15:29,BLUESTARCO,-1.6701
2026-10-08,15:29,BLUESTONE,61.1066
2026-10-08,15:29,BLUSPRING,65.7593
2026-10-08,15:29,BODALCHEM,137.156
2026-10-08,15:29,BOROLTD,22.1799
2026-10-08,15:29,BOSCH-HCIL,38.8032
2026-10-08,15:29,BOSCHLTD,17.5725
2026-10-08,15:29,BPCL,-3.5708
2026-10-08,15:29,BRIGADE,10.5432
2026-10-08,15:29,CANHLIFE,6.8879
2026-10-08,15:29,CANTABIL,10.4017
2026-10-08,15:29,CAPILLARY,8.5563
2026-10-08,15:29,CAPITALSFB,0.4857
2026-10-08,15:29,CAPLIPOINT,27.5101
2026-10-08,15:29,CARBORUNIV,17.3491
2026-10-08,15:29,CARERATING,-3.6604
2026-10-08,15:29,CARTRADE,60.1433
2026-10-08,15:29,CARYSIL,-4.1856
2026-10-08,15:29,CASTROLIND,6.5826
2026-10-08,15:29,CCL,-1.3336
2026-10-08,15:29,CDSL,3.5306
2026-10-08,15:29,CEATLTD,0.9134
2026-10-08,15:29,CEIGALL,9.386
2026-10-08,15:29,CELLO,-2.4409
2026-10-08,15:29,CEMPRO,6.2395
2026-10-08,15:29,CENTENKA,14.2049
2026-10-08,15:29,CENTRALBK,-1.0558
2026-10-08,15:29,CENTUM,17.9649
2026-10-08,15:29,CGCL,21.9714
2026-10-08,15:29,CGPOWER,-3.6116
2026-10-08,15:29,CHALET,5.8058
2026-10-08,15:29,CHEMBONDCH,19.6193
2026-10-08,15:29,CHEMCON,16.6215
2026-10-08,15:29,CHEMPLASTS,-2.7208
2026-10-08,15:29,CHENNPETRO,39.5752
2026-10-08,15:29,CHEVIOT,4.06
2026-10-08,15:29,CHOICEIN,6.2972
2026-10-08,15:29,CHOLAFIN,3.4229
2026-10-08,15:29,CLEAN,1.1681
2026-10-08,15:29,CLEANMAX,23.6519
2026-10-08,15:29,CLSEL,0.2426
2026-10-08,15:29,COCKERILL,2.4799
2026-10-08,15:29,COFORGE,24.1651
2026-10-08,15:29,COHANCE,3.0275
2026-10-08,15:29,COMSYN,67.6032
2026-10-08,15:29,CONCORDBIO,25.3934
2026-10-08,15:29,CONFIPET,33.764
2026-10-08,15:29,CONSOFINVT,17.7416
2026-10-08,15:29,CONTROLPR,-0.2034
2026-10-08,15:29,CORONA,18.7809
2026-10-08,15:29,COSMOFIRST,13.4026
2026-10-08,15:29,CPPLUS,27.0697
2026-10-08,15:29,CRAFTSMAN,14.4388
2026-10-08,15:29,CREDITACC,-3.8435
2026-10-08,15:29,CREST,2.2377
2026-10-08,15:29,CRISIL,11.8959
2026-10-08,15:29,CUB,15.6133
2026-10-08,15:29,CUPID,176.2801
2026-10-08,15:29,CYIENT,19.6646
2026-10-08,15:29,CYIENTDLM,126.6282
2026-10-08,15:29,DALMIASUG,27.6257
2026-10-08,15:29,DAMCAPITAL,-4.0386
2026-10-08,15:29,DATAPATTNS,6.6981
2026-10-08,15:29,DBL,-4.7345
2026-10-08,15:29,DBOL,30.8029
2026-10-08,15:29,DCBBANK,12.4164
2026-10-08,15:29,DCI,22.1298
2026-10-08,15:29,DCMSIL,25.99
2026-10-08,15:29,DCW,-3.5489
2026-10-08,15:29,DDEVPLSTIK,-1.0617
2026-10-08,15:29,DECNGOLD,15.9107
2026-10-08,15:29,DEEDEV,-2.3192
2026-10-08,15:29,DEEPAKFERT,-1.4462
2026-10-08,15:29,DEEPAKNTR,-5.1494
2026-10-08,15:29,DEEPINDS,54.301
2026-10-08,15:29,DELTACORP,18.3439
2026-10-08,15:29,DEN,-5.71
2026-10-08,15:29,DENTA,5.635
2026-10-08,15:29,DEVYANI,8.0302
2026-10-08,15:29,DHAMPURSUG,30.6127
2026-10-08,15:29,DHANBANK,-2.5955
2026-10-08,15:29,DHUNINV,12.3503
2026-10-08,15:29,DIACABS,103.2351
2026-10-08,15:29,DIAMONDYD,-5.2856
2026-10-08,15:29,DICIND,20.5962
2026-10-08,15:29,DIFFNKG,31.9895
2026-10-08,15:29,DISAQ,-2.7483
2026-10-08,15:29,DIVGIITTS,27.1825
2026-10-08,15:29,DIVISLAB,42.8397
2026-10-08,15:29,DIXON,10.3551
2026-10-08,15:29,DLF,9.8095
2026-10-08,15:29,DMCC,29.0582
2026-10-08,15:29,DOLLAR,6.1314
2026-10-08,15:29,DOLPHIN,56.302
2026-10-08,15:29,DOMS,-5.2282
2026-10-08,15:29,DPABHUSHAN,142.6837
2026-10-08,15:29,DRAGARWQ,0.7241
2026-10-08,15:29,DVL,12.576
2026-10-08,15:29,DWARKESH,-1.2346
2026-10-08,15:29,DYCL,32.4067
2026-10-08,15:29,DYNAMATECH,28.0945
2026-10-08,15:29,E2E,73.4005
2026-10-08,15:29,EBGNG,61.4344
2026-10-08,15:29,ECLERX,25.2832
2026-10-08,15:29,EDELWEISS,14.8988
2026-10-08,15:29,EICHERMOT,-4.6898
2026-10-08,15:29,EIEL,-2.3158
2026-10-08,15:29,EIFFL,14.3949
2026-10-08,15:29,EIHAHOTELS,-3.9756
2026-10-08,15:29,EIHOTEL,0.8485
2026-10-08,15:29,EIMCOELECO,46.2651
2026-10-08,15:29,ELANTAS,43.6328
2026-10-08,15:29,ELDEHSG,-3.0436
2026-10-08,15:29,ELECTCAST,-3.0548
2026-10-08,15:29,ELGIEQUIP,-0.2154
2026-10-08,15:29,ELPROINTL,4.5215
2026-10-08,15:29,EMAMIPAP,29.9793
2026-10-08,15:29,EMBDL,-2.3264
2026-10-08,15:29,EMCURE,8.5796
2026-10-08,15:29,EMIL,69.8085
2026-10-08,15:29,EMKAY,21.7684
2026-10-08,15:29,EMMVEE,-0.6252
2026-10-08,15:29,EMSLIMITED,10.2845
2026-10-08,15:29,EMUDHRA,21.2037
2026-10-08,15:29,ENGINERSIN,28.5988
2026-10-08,15:29,ENTERO,47.9586
2026-10-08,15:29,EPACKPEB,39.6894
2026-10-08,15:29,EPL,8.5114
2026-10-08,15:29,EQUITASBNK,-4.2789
2026-10-08,15:29,ESAFSFB,53.6248
2026-10-08,15:29,ESCORTS,0.3909
2026-10-08,15:29,ESTER,2.1913
2026-10-08,15:29,ETERNAL,28.5973
2026-10-08,15:29,ETHOSLTD,11.8072
2026-10-08,15:29,EVEREADY,0.9346
2026-10-08,15:29,EVERESTIND,26.0795
2026-10-08,15:29,EXCELINDUS,-0.9007
2026-10-08,15:29,EXIDEIND,0.6756
2026-10-08,15:29,EXPLEOSOL,-2.6013
2026-10-08,15:29,FAIRCHEMOR,19.582
2026-10-08,15:29,FCL,36.9284
2026-10-08,15:29,FEDDERSHOL,70.7965
2026-10-08,15:29,FEDERALBNK,11.381
2026-10-08,15:29,FILATEX,143.4339
2026-10-08,15:29,FINCABLES,41.6793
2026-10-08,15:29,FINEORG,19.7903
2026-10-08,15:29,FINKURVE,15.2308
2026-10-08,15:29,FINOPB,14.8437
2026-10-08,15:29,FIVESTAR,12.5378
2026-10-08,15:29,FLUOROCHEM,22.9264
2026-10-08,15:29,FMGOETZE,1.9578
2026-10-08,15:29,FOSECOIND,26.5258
2026-10-08,15:29,FSL,-0.3368
2026-10-08,15:29,FUSION,-5.28
2026-10-08,15:29,GABRIEL,22.8745
2026-10-08,15:29,GAEL,3.7039
2026-10-08,15:29,GAIL,2.4185
2026-10-08,15:29,GALAPREC,22.7483
2026-10-08,15:29,GALAXYSURF,36.2643
2026-10-08,15:29,GANDHAR,88.1506
2026-10-08,15:29,GANDHITUBE,13.8158
2026-10-08,15:29,GANECOS,5.5909
2026-10-08,15:29,GANESHBE,19.0299
2026-10-08,15:29,GANESHHOU,-2.3778
2026-10-08,15:29,GARFIBRES,18.9137
2026-10-08,15:29,GARUDA,-3.0136
2026-10-08,15:29,GCSL,67.2459
2026-10-08,15:29,GEECEE,8.9758
2026-10-08,15:29,GEMAROMA,-1.3662
2026-10-08,15:29,GENESYS,58.7374
2026-10-08,15:29,GEOJITFSL,5.5939
2026-10-08,15:29,GESHIP,4.2243
2026-10-08,15:29,GFLLIMITED,16.8049
2026-10-08,15:29,GHCLTEXTIL,25.7919
2026-10-08,15:29,GIPCL,1.5265
2026-10-08,15:29,GKSL,33.4047
2026-10-08,15:29,GLAND,34.3178
2026-10-08,15:29,GLAXO,14.9701
2026-10-08,15:29,GLENMARK,-0.4089
2026-10-08,15:29,GLOBAL,40.6365
2026-10-08,15:29,GMBREW,-1.8253
2026-10-08,15:29,GMMPFAUDLR,70.7081
2026-10-08,15:29,GNA,52.0862
2026-10-08,15:29,GNFC,20.018
2026-10-08,15:29,GNRL,-3.8647
2026-10-08,15:29,GODREJAGRO,10.8618
2026-10-08,15:29,GOODLUCK,13.0813
2026-10-08,15:29,GPPL,6.5541
2026-10-08,15:29,GPTHEALTH,-2.103
2026-10-08,15:29,GPTINFRA,4.7269
2026-10-08,15:29,GRANDOAK,41.1765
2026-10-08,15:29,GRANULES,4.6277
2026-10-08,15:29,GRAPHITE,11.8837
2026-10-08,15:29,GRAUWEIL,14.1018
2026-10-08,15:29,GREAVESCOT,17.2355
2026-10-08,15:29,GREENPLY,23.5801
2026-10-08,15:29,GRINDWELL,8.6039
2026-10-08,15:29,GROWW,3.7101
2026-10-08,15:29,GRPLTD,-3.6399
2026-10-08,15:29,GRWRHITECH,19.1881
2026-10-08,15:29,GSPCROP,12.9836
2026-10-08,15:29,GUFICBIO,16.5417
2026-10-08,15:29,GULFOILLUB,17.4068
2026-10-08,15:29,HAL,9.2452
2026-10-08,15:29,HALDYNGL,27.861
2026-10-08,15:29,HAPPYFORGE,35.9174
2026-10-08,15:29,HARSHA,13.2907
2026-10-08,15:29,HATSUN,20.0278
2026-10-08,15:29,HAWKINCOOK,6.4856
2026-10-08,15:29,HCG,-1.1452
2026-10-08,15:29,HCLTECH,-1.5229
2026-10-08,15:29,HEALTHX,-2.8363
2026-10-08,15:29,HEG,20.2871
2026-10-08,15:29,HERITGFOOD,20.4299
2026-10-08,15:29,HEROMOTOCO,0.7594
2026-10-08,15:29,HESTERBIO,2.6176
2026-10-08,15:29,HEXATRADEX,-4.1883
2026-10-08,15:29,HFCL,41.7106
2026-10-08,15:29,HIKAL,10.4398
2026-10-08,15:29,HINDCOMPOS,3.2817
2026-10-08,15:29,HINDOILEXP,2.6604
2026-10-08,15:29,HIRECT,0.5135
2026-10-08,15:29,HITECHCORP,31.5928
2026-10-08,15:29,HITECHGEAR,-3.0865
2026-10-08,15:29,HLEGLAS,39.7462
2026-10-08,15:29,HMAAGRO,2.3841
2026-10-08,15:29,HMT,1.5775
2026-10-08,15:29,HMVL,5.971
2026-10-08,15:29,HNDFDS,9.4733
2026-10-08,15:29,HOMEFIRST,-0.3903
2026-10-08,15:29,HONASA,16.0482
2026-10-08,15:29,HSCL,9.3885
2026-10-08,15:29,HTMEDIA,-0.8985
2026-10-08,15:29,HUHTAMAKI,40.9468
2026-10-08,15:29,HYUNDAI,1.7318
2026-10-08,15:29,IBULLSLTD,57.971
2026-10-08,15:29,ICICIBANK,8.8167
2026-10-08,15:29,ICIL,34.1299
2026-10-08,15:29,IDBI,15.4156
2026-10-08,15:29,IDFCFIRSTB,10.1193
2026-10-08,15:29,IFBIND,-4.7894
2026-10-08,15:29,IFCI,-1.1752
2026-10-08,15:29,IFGLEXPOR,1.8417
2026-10-08,15:29,IGARASHI,4.9806
2026-10-08,15:29,IGPL,38.196
2026-10-08,15:29,IIFL,23.8029
2026-10-08,15:29,IIFLCAPS,1.6239
2026-10-08,15:29,IKIO,21.5998
2026-10-08,15:29,IKS,6.833
2026-10-08,15:29,IL&FSENGG,31.8632
2026-10-08,15:29,IMAGICAA,5.6278
2026-10-08,15:29,IMPAL,-5.7327
2026-10-08,15:29,INDGN,14.9877
2026-10-08,15:29,INDHOTEL,10.0348
2026-10-08,15:29,INDIAGLYCO,79.1397
2026-10-08,15:29,INDIANB,-0.2408
2026-10-08,15:29,INDIANHUME,12.3528
2026-10-08,15:29,INDIGO,8.0794
2026-10-08,15:29,INDIGOPNTS,3.7932
2026-10-08,15:29,INDIQUBE,22.6918
2026-10-08,15:29,INDNIPPON,33.1091
2026-10-08,15:29,INDOAMIN,19.5429
2026-10-08,15:29,INDOBORAX,40.4602
2026-10-08,15:29,INDOCO,12.7075
2026-10-08,15:29,INDOFARM,6.5517
2026-10-08,15:29,INDORAMA,105.6969
2026-10-08,15:29,INDOTECH,21.4253
2026-10-08,15:29,INDSWFTLAB,122.9734
2026-10-08,15:29,INDUSINDBK,-4.1225
2026-10-08,15:29,INGERRAND,3.465
2026-10-08,15:29,INNOVACAP,31.2152
2026-10-08,15:29,INOXINDIA,40.9524
2026-10-08,15:29,INTERARCH,0.5758
2026-10-08,15:29,INTLCONV,-0.4654
2026-10-08,15:29,INVPRECQ,154.5409
2026-10-08,15:29,IOLCP,63.3034
2026-10-08,15:29,IONEXCHANG,11.1694
2026-10-08,15:29,IPCALAB,30.059
2026-10-08,15:29,IRISDOREME,66.176
2026-10-08,15:29,IRMENERGY,-2.7356
2026-10-08,15:29,ISGEC,1.419
2026-10-08,15:29,ITCHOTELS,0.8215
2026-10-08,15:29,ITDC,23.297
2026-10-08,15:29,IVALUE,-4.0486
2026-10-08,15:29,IXIGO,-5.4009
2026-10-08,15:29,IZMO,9.2593
2026-10-08,15:29,J&KBANK,-4.4227
2026-10-08,15:29,JAGSNPHARM,14.9306
2026-10-08,15:29,JAIBALAJI,-3.1343
2026-10-08,15:29,JAMNAAUTO,17.4393
2026-10-08,15:29,JASH,33.6917
2026-10-08,15:29,JAYBARMARU,11.6149
2026-10-08,15:29,JAYKAY,41.8684
2026-10-08,15:29,JGCHEM,46.777
2026-10-08,15:29,JINDALPHOT,2.3247
2026-10-08,15:29,JINDALPOLY,-4.7758
2026-10-08,15:29,JINDALSAW,12.172
2026-10-08,15:29,JINDRILL,-4.5187
2026-10-08,15:29,JINDWORLD,40.6485
2026-10-08,15:29,JKCEMENT,-4.3156
2026-10-08,15:29,JKPAPER,1.5621
2026-10-08,15:29,JLHL,-5.3474
2026-10-08,15:29,JMFINANCIL,1.5579
2026-10-08,15:29,JNKINDIA,19.4842
2026-10-08,15:29,JSFB,-0.4233
2026-10-08,15:29,JSL,1.3939
2026-10-08,15:29,JSWDULUX,-5.3693
2026-10-08,15:29,JSWINFRA,21.851
2026-10-08,15:29,JTLIND,25.2578
2026-10-08,15:29,JUBLCPL,12.0074
2026-10-08,15:29,JUBLFOOD,0.9205
2026-10-08,15:29,JUBLINGREA,-2.7895
2026-10-08,15:29,JUBLPHARMA,-5.6048
2026-10-08,15:29,JUNIPER,10.7038
2026-10-08,15:29,JUSTDIAL,21.0521
2026-10-08,15:29,JYOTICNC,72.4851
2026-10-08,15:29,KABRAEXTRU,243.6052
2026-10-08,15:29,KAJARIACER,9.8847
2026-10-08,15:29,KALYANKJIL,60.9245
2026-10-08,15:29,KAMATHOTEL,40.2184
2026-10-08,15:29,KAMDHENU,57.4861
2026-10-08,15:29,KANORICHEM,89.495
2026-10-08,15:29,KANPRPLA,22.9556
2026-10-08,15:29,KAPSTON,58.4112
2026-10-08,15:29,KARURVYSYA,14.9843
2026-10-08,15:29,KAVDEFENCE,54.7588
2026-10-08,15:29,KAYNES,4.2836
2026-10-08,15:29,KCP,-3.9388
2026-10-08,15:29,KDDL,43.3775
2026-10-08,15:29,KECL,6.7354
2026-10-08,15:29,KENNAMET,43.7238
2026-10-08,15:29,KFINTECH,-0.8693
2026-10-08,15:29,KILITCH,34.95
2026-10-08,15:29,KINGFA,28.4743
2026-10-08,15:29,KIRANVYPAR,24.2685
2026-10-08,15:29,KIRIINDUS,39.3118
2026-10-08,15:29,KIRLFER,8.4111
2026-10-08,15:29,KIRLOSBROS,2.6601
2026-10-08,15:29,KIRLOSENG,12.7443
2026-10-08,15:29,KIRLOSIND,12.2092
2026-10-08,15:29,KISSHT,42.2048
2026-10-08,15:29,KKCL,9.4257
2026-10-08,15:29,KLBRENG-B,0.6946
2026-10-08,15:29,KMEW,87.7818
2026-10-08,15:29,KNAGRI,9.4898
2026-10-08,15:29,KOLTEPATIL,16.0318
2026-10-08,15:29,KOPRAN,29.7714
2026-10-08,15:29,KOTAKBANK,15.2623
2026-10-08,15:29,KOTHARIPET,-1.312
2026-10-08,15:29,KOTIC,-2.4399
2026-10-08,15:29,KOVAI,9.7216
2026-10-08,15:29,KPIL,7.6586
2026-10-08,15:29,KPL,59.2366
2026-10-08,15:29,KPRMILL,6.1741
2026-10-08,15:29,KRBL,11.6881
2026-10-08,15:29,KRISHANA,38.7937
2026-10-08,15:29,KRISHNADEF,13.3565
2026-10-08,15:29,KRN,34.4582
2026-10-08,15:29,KRONOX,49.6568
2026-10-08,15:29,KROSS,26.7583
2026-10-08,15:29,KRSNAA,-1.7818
2026-10-08,15:29,KRYSTAL,9.3704
2026-10-08,15:29,KSB,0.9357
2026-10-08,15:29,KSHINTL,25.163
2026-10-08,15:29,KSL,12.3789
2026-10-08,15:29,KTKBANK,20.7377
2026-10-08,15:29,KUANTUM,-1.3452
2026-10-08,15:29,KWIL,30.8401
2026-10-08,15:29,LALPATHLAB,20.3893
2026-10-08,15:29,LANDMARK,25.3578
2026-10-08,15:29,LAURUSLABS,43.8995
2026-10-08,15:29,LAXMIINDIA,-2.4689
2026-10-08,15:29,LEMONTREE,-1.8725
2026-10-08,15:29,LENSKART,26.0141
2026-10-08,15:29,LGBBROSLTD,12.2013
2026-10-08,15:29,LGEINDIA,11.9558
2026-10-08,15:29,LICHSGFIN,-0.1209
2026-10-08,15:29,LIKHITHA,18.6585
2026-10-08,15:29,LLOYDSENGG,34.9137
2026-10-08,15:29,LLOYDSENT,9.7712
2026-10-08,15:29,LLOYDSME,-1.2104
2026-10-08,15:29,LMW,4.7351
2026-10-08,15:29,LODHA,19.3281
2026-10-08,15:29,LOKESHMACH,79.2834
2026-10-08,15:29,LOTUSDEV,67.9577
2026-10-08,15:29,LTF,-5.106
2026-10-08,15:29,LTFOODS,6.2639
2026-10-08,15:29,LUMAXIND,-4.2849
2026-10-08,15:29,LUMAXTECH,0.511
2026-10-08,15:29,LXCHEM,22.4143
2026-10-08,15:29,M&MFIN,5.2186
2026-10-08,15:29,MACPOWER,116.5619
2026-10-08,15:29,MAGADSUGAR,19.1403
2026-10-08,15:29,MAHABANK,5.6801
2026-10-08,15:29,MAHASTEEL,14.2182
2026-10-08,15:29,MAHLIFE,1.9216
2026-10-08,15:29,MAHLOG,13.8169
2026-10-08,15:29,MAHSCOOTER,-4.0688
2026-10-08,15:29,MAHSEAMLES,4.7731
2026-10-08,15:29,MAMATA,0.2079
2026-10-08,15:29,MANAKCOAT,23.5501
2026-10-08,15:29,MANAKSTEEL,57.0815
2026-10-08,15:29,MANALIPETC,44.2634
2026-10-08,15:29,MANAPPURAM,-3.7652
2026-10-08,15:29,MANBA,30.4139
2026-10-08,15:29,MANGLMCEM,14.4439
2026-10-08,15:29,MANINDS,76.2766
2026-10-08,15:29,MANINFRA,3.1721
2026-10-08,15:29,MANKIND,2.5774
2026-10-08,15:29,MANORAMA,38.9874
2026-10-08,15:29,MANYAVAR,22.7666
2026-10-08,15:29,MAPMYINDIA,4.069
2026-10-08,15:29,MARICO,-3.5311
2026-10-08,15:29,MARINE,80.1752
2026-10-08,15:29,MARKSANS,28.9593
2026-10-08,15:29,MARSONS,-5.4793
2026-10-08,15:29,MASTEK,0.0727
2026-10-08,15:29,MASTERTR,1.8599
2026-10-08,15:29,MATRIMONY,23.9646
2026-10-08,15:29,MAWANASUG,46.8279
2026-10-08,15:29,MAXESTATES,18.1798
2026-10-08,15:29,MAYURUNIQ,2.0619
2026-10-08,15:29,MAZDA,16.7648
2026-10-08,15:29,MBAPL,54.8271
2026-10-08,15:29,MBECL,13260.5632
2026-10-08,15:29,MCCHRLS-B,-2.3362
2026-10-08,15:29,MCX,12.631
2026-10-08,15:29,MEDANTA,9.2146
2026-10-08,15:29,MEESHO,28.9515
2026-10-08,15:29,MENONBE,101.5727
2026-10-08,15:29,METROPOLIS,-2.7734
2026-10-08,15:29,MGL,-3.0913
2026-10-08,15:29,MIDHANI,8.5213
2026-10-08,15:29,MINDACORP,2.6422
2026-10-08,15:29,MMFL,24.89
2026-10-08,15:29,MMP,80.3172
2026-10-08,15:29,MOBIKWIK,25.9244
2026-10-08,15:29,MODIS,11.6483
2026-10-08,15:29,MODISONLTD,55.4217
2026-10-08,15:29,MOL,20.8455
2026-10-08,15:29,MOLDTECH,77.9992
2026-10-08,15:29,MOLDTKPAC,-5.4928
2026-10-08,15:29,MONARCH,0.0758
2026-10-08,15:29,MONTECARLO,-5.5423
2026-10-08,15:29,MOREPENLAB,193.5928
2026-10-08,15:29,MOTHERSON,7.9777
2026-10-08,15:29,MOTILALOFS,19.0912
2026-10-08,15:29,MPHASIS,-0.3073
2026-10-08,15:29,MPSLTD,36.2808
2026-10-08,15:29,MRF,-1.5752
2026-10-08,15:29,MRPL,18.209
2026-10-08,15:29,MSTCLTD,50.4389
2026-10-08,15:29,MTARTECH,11.0333
2026-10-08,15:29,MUFIN,10.1564
2026-10-08,15:29,MUKANDLTD,25.5963
2026-10-08,15:29,MUKKA,18.5535
2026-10-08,15:29,MUNJALAU,16.5308
2026-10-08,15:29,MUTHOOTMF,-3.3665
2026-10-08,15:29,MVGJL,33.3397
2026-10-08,15:29,NAHARINDUS,4.3402
2026-10-08,15:29,NAM-INDIA,-4.8952
2026-10-08,15:29,NAUKRI,17.8029
2026-10-08,15:29,NAVINFLUOR,20.2758
2026-10-08,15:29,NAZARA,37.9563
2026-10-08,15:29,NBIFIN,-2.0043
2026-10-08,15:29,NELCAST,-0.3521
2026-10-08,15:29,NELCO,25.8548
2026-10-08,15:29,NEOGEN,31.4969
2026-10-08,15:29,NEPHROPLUS,-1.5159
2026-10-08,15:29,NESTLEIND,-5.2306
2026-10-08,15:29,NETWEB,2.0562
2026-10-08,15:29,NEULANDLAB,22.1944
2026-10-08,15:29,NEWGEN,0.2378
2026-10-08,15:29,NGLFINE,9.4489
2026-10-08,15:29,NIACL,0.7197
2026-10-08,15:29,NIITLTD,0.2943
2026-10-08,15:29,NILKAMAL,47.12
2026-10-08,15:29,NINSYS,11.1421
2026-10-08,15:29,NIRLON,2.8448
2026-10-08,15:29,NITINSPIN,18.2864
2026-10-08,15:29,NITTAGELA,0.2062
2026-10-08,15:29,NOCIL,1.7182
2026-10-08,15:29,NORTHARC,0.9531
2026-10-08,15:29,NOVARTIND,31.7143
2026-10-08,15:29,NPST,48.8113
2026-10-08,15:29,NRAIL,43.4251
2026-10-08,15:29,NRBBEARING,41.6829
2026-10-08,15:29,NRL,137.6252
2026-10-08,15:29,NUVAMA,11.5864
2026-10-08,15:29,NYKAA,24.5969
2026-10-08,15:29,OAL,63.9187
2026-10-08,15:29,OBEROIRLTY,0.8427
2026-10-08,15:29,OCCLLTD,82.4039
2026-10-08,15:29,OFSS,2.0508
2026-10-08,15:29,OMAXE,32.1428
2026-10-08,15:29,OMNI,28.5469
2026-10-08,15:29,OMPOWER,-1.354
2026-10-08,15:29,ONEPOINT,32.4051
2026-10-08,15:29,ONMOBILE,3.1006
2026-10-08,15:29,ONWARDTEC,13.3295
2026-10-08,15:29,OPTIEMUS,106.3013
2026-10-08,15:29,ORBTEXP,30.5877
2026-10-08,15:29,ORCHPHARMA,26.2643
2026-10-08,15:29,ORIENTBELL,24.4726
2026-10-08,15:29,ORIENTCER,3.3259
2026-10-08,15:29,ORIENTHOT,41.3247
2026-10-08,15:29,PAGEIND,-2.0819
2026-10-08,15:29,PAISALO,53.4809
2026-10-08,15:29,PANACHE,65.8924
2026-10-08,15:29,PANAMAPET,66.4343
2026-10-08,15:29,PARADEEP,21.8634
2026-10-08,15:29,PARAGMILK,34.9938
2026-10-08,15:29,PARAS,52.4739
2026-10-08,15:29,PARKHOSPS,-4.8166
2026-10-08,15:29,PASUPTAC,1.5303
2026-10-08,15:29,PATELENG,-4.7108
2026-10-08,15:29,PATELRMART,26.0831
2026-10-08,15:29,PAUSHAKLTD,54.1719
2026-10-08,15:29,PAYTM,49.9087
2026-10-08,15:29,PCBL,11.4505
2026-10-08,15:29,PDMJEPAPER,10.0822
2026-10-08,15:29,PDSL,10.8753
2026-10-08,15:29,PENIND,7.8086
2026-10-08,15:29,PERSISTENT,1.2218
2026-10-08,15:29,PETRONET,6.6741
2026-10-08,15:29,PFOCUS,19.0726
2026-10-08,15:29,PGEL,8.5459
2026-10-08,15:29,PGIL,56.0338
2026-10-08,15:29,PHOENIXLTD,1.3388
2026-10-08,15:29,PICCADIL,-0.4948
2026-10-08,15:29,PIDILITIND,0.199
2026-10-08,15:29,PINELABS,18.0327
2026-10-08,15:29,PITTIENG,16.2342
2026-10-08,15:29,PIXTRANS,11.4703
2026-10-08,15:29,PLASTIBLEN,16.4244
2026-10-08,15:29,PNB,11.0908
2026-10-08,15:29,PNBHOUSING,14.656
2026-10-08,15:29,PNGJL,6.2715
2026-10-08,15:29,PNGSREVA,86.1443
2026-10-08,15:29,POLYMED,20.3389
2026-10-08,15:29,POLYPLEX,7.046
2026-10-08,15:29,POONAWALLA,11.638
2026-10-08,15:29,POWERICA,9.8592
2026-10-08,15:29,POWERMECH,-2.5887
2026-10-08,15:29,PPL,26.3745
2026-10-08,15:29,PPLPHARMA,14.9386
2026-10-08,15:29,PRABHA,34.3904
2026-10-08,15:29,PRADPME,29.546
2026-10-08,15:29,PRAVEG,-0.8319
2026-10-08,15:29,PRECWIRE,13.1467
2026-10-08,15:29,PREMEXPLN,7.0618
2026-10-08,15:29,PREMIERPOL,78.0536
2026-10-08,15:29,PRESTIGE,3.8875
2026-10-08,15:29,PRICOLLTD,15.5631
2026-10-08,15:29,PRIMESECU,6.0443
2026-10-08,15:29,PRIMO,11.7781
2026-10-08,15:29,PRINCEPIPE,-3.2227
2026-10-08,15:29,PRIVISCL,4.2596
2026-10-08,15:29,PROTEAN,6.3437
2026-10-08,15:29,PROZONER,3.3668
2026-10-08,15:29,PRUDENT,17.613
2026-10-08,15:29,PTCIL,32.349
2026-10-08,15:29,PTL,-3.7688
2026-10-08,15:29,PUNJABCHEM,5.7187
2026-10-08,15:29,PURVA,-5.4252
2026-10-08,15:29,PVP,77.4364
2026-10-08,15:29,PVRINOX,33.3673
2026-10-08,15:29,PWL,38.732
2026-10-08,15:29,QPOWER,46.2721
2026-10-08,15:29,QUADFUTURE,56.5305
2026-10-08,15:29,QUESS,55.1766
2026-10-08,15:29,RACLGEAR,18.4169
2026-10-08,15:29,RADHIKAJWE,20.1905
2026-10-08,15:29,RADICO,25.9234
2026-10-08,15:29,RAIN,10.9596
2026-10-08,15:29,RAJOOENG,10.8603
2026-10-08,15:29,RAJRATAN,7.3327
2026-10-08,15:29,RAJRILTD,4.05
2026-10-08,15:29,RAMCOCEM,-5.4505
2026-10-08,15:29,RAMCOIND,1.8032
2026-10-08,15:29,RAMCOSYS,20.2215
2026-10-08,15:29,RAMRAT,52.6921
2026-10-08,15:29,RANEHOLDIN,5.186
2026-10-08,15:29,RATEGAIN,6.9227
2026-10-08,15:29,RATNAMANI,-0.5017
2026-10-08,15:29,RATNAVEER,98.4964
2026-10-08,15:29,RAYMOND,120.2075
2026-10-08,15:29,RAYMONDREL,21.9005
2026-10-08,15:29,RBA,36.2914
2026-10-08,15:29,RBLBANK,18.2704
2026-10-08,15:29,RBZJEWEL,55.184
2026-10-08,15:29,REDINGTON,66.3665
2026-10-08,15:29,REGAAL,-0.1079
2026-10-08,15:29,RELTD,14.5623
2026-10-08,15:29,RENUKA,-4.7556
2026-10-08,15:29,RGL,50.9798
2026-10-08,15:29,RHIM,0.5203
2026-10-08,15:29,RICOAUTO,5.6083
2026-10-08,15:29,RISHABH,31.1839
2026-10-08,15:29,RITCO,2.2898
2026-10-08,15:29,RITES,-2.6445
2026-10-08,15:29,RKFORGE,21.9226
2026-10-08,15:29,RMDRIP,26.8035
2026-10-08,15:29,RML,40.3224
2026-10-08,15:29,ROLEXRINGS,23.5585
2026-10-08,15:29,ROSSTECH,57.2931
2026-10-08,15:29,ROTO,9.0501
2026-10-08,15:29,RPEL,80.3308
2026-10-08,15:29,RPGLIFE,29.4283
2026-10-08,15:29,RPTECH,61.7856
2026-10-08,15:29,RRKABEL,32.9651
2026-10-08,15:29,RSL,37.7835
2026-10-08,15:29,RSWM,11.8289
2026-10-08,15:29,RUBICON,31.1075
2026-10-08,15:29,RUBYMILLS,93.5169
2026-10-08,15:29,SAGILITY,7.1164
2026-10-08,15:29,SAILIFE,31.4705
2026-10-08,15:29,SAIPARENT,-2.3036
2026-10-08,15:29,SAKAR,19.9474
2026-10-08,15:29,SALSTEEL,50.2958
2026-10-08,15:29,SAMBHV,53.7732
2026-10-08,15:29,SANATHAN,21.8841
2026-10-08,15:29,SANDESH,5.9198
2026-10-08,15:29,SANGAMIND,14.6838
2026-10-08,15:29,SANGHVIMOV,11.7267
2026-10-08,15:29,SANOFI,-4.4233
2026-10-08,15:29,SANSERA,47.1475
2026-10-08,15:29,SAPPHIRE,15.9862
2026-10-08,15:29,SARDAEN,-5.685
2026-10-08,15:29,SAREGAMA,4.807
2026-10-08,15:29,SARLAPOLY,-4.7382
2026-10-08,15:29,SATIA,21.0668
2026-10-08,15:29,SATIN,-1.86
2026-10-08,15:29,SAYAJIHOTL,10.6859
2026-10-08,15:29,SBC,71.5332
2026-10-08,15:29,SBCL,43.7603
2026-10-08,15:29,SBIN,-1.4778
2026-10-08,15:29,SCHNEIDER,-4.1821
2026-10-08,15:29,SCI,-2.2118
2026-10-08,15:29,SCODATUBES,-0.4409
2026-10-08,15:29,SCPL,36.4217
2026-10-08,15:29,SEAMECLTD,-3.1827
2026-10-08,15:29,SEDEMAC,46.8202
2026-10-08,15:29,SEIL,-2.384
2026-10-08,15:29,SENCO,-0.7069
2026-10-08,15:29,SENORES,24.1431
2026-10-08,15:29,SESHAPAPER,-2.0861
2026-10-08,15:29,SETL,193.0391
2026-10-08,15:29,SFL,-0.0742
2026-10-08,15:29,SGFIN,15.4011
2026-10-08,15:29,SGIL,14.7304
2026-10-08,15:29,SGMART,29.7696
2026-10-08,15:29,SHADOWFAX,49.6026
2026-10-08,15:29,SHAILY,-2.9191
2026-10-08,15:29,SHALPAINTS,53.4865
2026-10-08,15:29,SHANTIGEAR,26.5478
2026-10-08,15:29,SHANTIGOLD,52.5627
2026-10-08,15:29,SHARDAMOTR,4.4033
2026-10-08,15:29,SHAREINDIA,36.8421
2026-10-08,15:29,SHILCTECH,-2.294
2026-10-08,15:29,SHILPAMED,105.3681
2026-10-08,15:29,SHINDL,2.2927
2026-10-08,15:29,SHIVALIK,29.7272
2026-10-08,15:29,SHIVAUM,72.3438
2026-10-08,15:29,SHK,5.266
2026-10-08,15:29,SHOPERSTOP,9.4141
2026-10-08,15:29,SHREEJISPG,70.9908
2026-10-08,15:29,SHREEPUSHK,36.6168
2026-10-08,15:29,SHRINGARMS,4.5335
2026-10-08,15:29,SHRIPISTON,27.9444
2026-10-08,15:29,SHRIRAMFIN,-0.1959
2026-10-08,15:29,SHYAMMETL,10.9632
2026-10-08,15:29,SICALLOG,34.1643
2026-10-08,15:29,SIEMENS,-1.9481
2026-10-08,15:29,SIGACHI,27.83
2026-10-08,15:29,SIGMAADV,143.2223
2026-10-08,15:29,SIGNPOST,-4.4872
2026-10-08,15:29,SIKA,16.1585
2026-10-08,15:29,SIMPLEXINF,2.1406
2026-10-08,15:29,SIRCA,-4.8385
2026-10-08,15:29,SIS,0.9323
2026-10-08,15:29,SJS,-1.404
2026-10-08,15:29,SKFINDUS,22.1803
2026-10-08,15:29,SKIPPER,-5.4535
2026-10-08,15:29,SKMEGGPROD,0.4462
2026-10-08,15:29,SKYGOLD,69.4444
2026-10-08,15:29,SMARTWORKS,10.6688
2026-10-08,15:29,SMCGLOBAL,81.3183
2026-10-08,15:29,SMLMAH,59.9721
2026-10-08,15:29,SMSPHARMA,24.2698
2026-10-08,15:29,SOLARA,19.6383
2026-10-08,15:29,SOLARINDS,9.1578
2026-10-08,15:29,SOMANYCERA,14.1825
2026-10-08,15:29,SONACOMS,32.1226
2026-10-08,15:29,SOTL,81.8874
2026-10-08,15:29,SOUTHBANK,12.981
2026-10-08,15:29,SPAL,19.3404
2026-10-08,15:29,SPARC,-4.3948
2026-10-08,15:29,SPECIALITY,35.7143
2026-10-08,15:29,SPECTRUM,162.7638
2026-10-08,15:29,SPLPETRO,16.5365
2026-10-08,15:29,SPORTKING,5.7737
2026-10-08,15:29,SREEL,37.0646
2026-10-08,15:29,SRHHYPOLTD,5.8177
2026-10-08,15:29,SSWL,109.0761
2026-10-08,15:29,STALLION,24.2898
2026-10-08,15:29,STAR,0.1097
2026-10-08,15:29,STARHEALTH,2.3548
2026-10-08,15:29,STEELCAS,33.6735
2026-10-08,15:29,STEL,28.5666
2026-10-08,15:29,STERTOOLS,0.4291
2026-10-08,15:29,STLNETWORK,63.0044
2026-10-08,15:29,STLTECH,79.6874
2026-10-08,15:29,STOVEKRAFT,29.3445
2026-10-08,15:29,STYL,34.4147
2026-10-08,15:29,STYLAMIND,9.6619
2026-10-08,15:29,STYLEBAAZA,14.8697
2026-10-08,15:29,SUDARCOLOR,-2.884
2026-10-08,15:29,SUDARSCHEM,29.8037
2026-10-08,15:29,SUDEEPPHRM,42.8443
2026-10-08,15:29,SUNDARMFIN,-2.4259
2026-10-08,15:29,SUNDRMFAST,32.0899
2026-10-08,15:29,SUNDROP,10.6473
2026-10-08,15:29,SUNFLAG,20.3471
2026-10-08,15:29,SUNPHARMA,-2.0429
2026-10-08,15:29,SUNTV,18.8813
2026-10-08,15:29,SUPRAJIT,1.6955
2026-10-08,15:29,SUPREMEIND,-1.6673
2026-10-08,15:29,SURAJEST,-5.2145
2026-10-08,15:29,SURAKSHA,9.8331
2026-10-08,15:29,SUTLEJTEX,-1.1497
2026-10-08,15:29,SUVEN,5.1119
2026-10-08,15:29,SVLL,28.0339
2026-10-08,15:29,SWANDEF,30.4313
2026-10-08,15:29,SYNCOMF,59.5802
2026-10-08,15:29,SYRMA,51.8017
2026-10-08,15:29,SYSTMTXC,13.778
2026-10-08,15:29,TALBROAUTO,18.0058
2026-10-08,15:29,TANLA,-4.6575
2026-10-08,15:29,TARSONS,56.8604
2026-10-08,15:29,TASTYBITE,24.3471
2026-10-08,15:29,TATACAP,4.6353
2026-10-08,15:29,TATATECH,-2.819
2026-10-08,15:29,TATVA,55.2154
2026-10-08,15:29,TBOTEK,35.565
2026-10-08,15:29,TBZ,226.8443
2026-10-08,15:29,TCI,-4.5959
2026-10-08,15:29,TCIEXP,-4.0708
2026-10-08,15:29,TCPLPACK,55.0019
2026-10-08,15:29,TDPOWERSYS,28.951
2026-10-08,15:29,TECHM,-3.0456
2026-10-08,15:29,TEGA,8.0987
2026-10-08,15:29,TEXINFRA,23.7143
2026-10-08,15:29,TEXRAIL,3.379
2026-10-08,15:29,TFCILTD,99.3882
2026-10-08,15:29,THANGAMAYL,12.2873
2026-10-08,15:29,THEJO,33.7332
2026-10-08,15:29,THELEELA,43.2284
2026-10-08,15:29,THEMISMED,3.1894
2026-10-08,15:29,THOMASCOOK,4.8973
2026-10-08,15:29,THYROCARE,-4.0873
2026-10-08,15:29,TI,26.2206
2026-10-08,15:29,TIIL,7.3555
2026-10-08,15:29,TIL,23.8864
2026-10-08,15:29,TIMETECHNO,4.5137
2026-10-08,15:29,TIMEX,57.6111
2026-10-08,15:29,TINNARUBR,9.4643
2026-10-08,15:29,TIPSMUSIC,-5.6548
2026-10-08,15:29,TIRUPATIFL,53.824
2026-10-08,15:29,TITAGARH,-2.9259
2026-10-08,15:29,TITAN,8.3213
2026-10-08,15:29,TMB,17.4665
2026-10-08,15:29,TMCV,10.4075
2026-10-08,15:29,TNPETRO,36.3511
2026-10-08,15:29,TORNTPHARM,6.1305
2026-10-08,15:29,TPLPLASTEH,-3.2032
2026-10-08,15:29,TRANSPEK,39.7609
2026-10-08,15:29,TRANSRAILL,-2.6595
2026-10-08,15:29,TRAVELFOOD,-4.7229
2026-10-08,15:29,TREL,0.3507
2026-10-08,15:29,TRENT,3.7802
2026-10-08,15:29,TRIVENI,5.313
2026-10-08,15:29,TSFINV,-0.5255
2026-10-08,15:29,TTKHLTCARE,9.9225
2026-10-08,15:29,TTKPRESTIG,-5.1931
2026-10-08,15:29,TVSMOTOR,14.8009
2026-10-08,15:29,TVSSCS,11.899
2026-10-08,15:29,TVSSRICHAK,9.1133
2026-10-08,15:29,UDS,19.8391
2026-10-08,15:29,UEL,42.0471
2026-10-08,15:29,UFBL,38.8396
2026-10-08,15:29,UFLEX,40.0318
2026-10-08,15:29,UGARSUGAR,37.5867
2026-10-08,15:29,UJJIVANSFB,15.6488
2026-10-08,15:29,ULTRAMAR,-0.4842
2026-10-08,15:29,UNICHEMLAB,54.7588
2026-10-08,15:29,UNIMECH,85.2099
2026-10-08,15:29,UNIONBANK,5.5186
2026-10-08,15:29,UNIPARTS,30.9833
2026-10-08,15:29,UNITDSPR,5.5573
2026-10-08,15:29,UNITEDPOLY,40.2536
2026-10-08,15:29,UNIVCABLES,41.7116
2026-10-08,15:29,UNOMINDA,0.5188
2026-10-08,15:29,URBANCO,33.5417
2026-10-08,15:29,USHAMART,2.6898
2026-10-08,15:29,UTIAMC,-5.6673
2026-10-08,15:29,UTLSOLAR,34.3401
2026-10-08,15:29,UTTAMSUGAR,24.6047
2026-10-08,15:29,VADILALIND,36.2798
2026-10-08,15:29,VALIANTLAB,46.1088
2026-10-08,15:29,VALIANTORG,55.5134
2026-10-08,15:29,VARROC,39.4771
2026-10-08,15:29,VEEDOL,-5.2874
2026-10-08,15:29,VELJAN,163.0081
2026-10-08,15:29,VENKEYS,12.1948
2026-10-08,15:29,VENUSPIPES,54.3694
2026-10-08,15:29,VENUSREM,25.0651
2026-10-08,15:29,VGUARD,-2.7815
2026-10-08,15:29,VHL,5.2991
2026-10-08,15:29,VHLTD,-2.2762
2026-10-08,15:29,VIDHIING,11.8054
2026-10-08,15:29,VIJAYA,15.3276
2026-10-08,15:29,VIMTALABS,19.6581
2026-10-08,15:29,VINCOFE,22.2632
2026-10-08,15:29,VINDHYATEL,27.1441
2026-10-08,15:29,VISAKAIND,13.1479
2026-10-08,15:29,VISHNU,7.4062
2026-10-08,15:29,VLSFINANCE,1.3384
2026-10-08,15:29,VMART,19.3131
2026-10-08,15:29,VOLTAMP,13.4395
2026-10-08,15:29,VRLLOG,19.8684
2026-10-08,15:29,VSSL,38.8263
2026-10-08,15:29,WABAG,24.2995
2026-10-08,15:29,WAKEFIT,8.0739
2026-10-08,15:29,WCIL,-3.3161
2026-10-08,15:29,WELCORP,92.4579
2026-10-08,15:29,WELENT,43.289
2026-10-08,15:29,WELINV,23.5813
2026-10-08,15:29,WELSPLSOL,16.9495
2026-10-08,15:29,WELSPUNLIV,55.0817
2026-10-08,15:29,WENDT,11.9222
2026-10-08,15:29,WESTLIFE,34.4514
2026-10-08,15:29,WEWORK,8.6729
2026-10-08,15:29,WHEELS,41.8605
2026-10-08,15:29,WHIRLPOOL,-0.9208
2026-10-08,15:29,WINDLAS,21.953
2026-10-08,15:29,WINDMACHIN,3.2247
2026-10-08,15:29,WOCKPHARMA,-5.7272
2026-10-08,15:29,WONDERLA,7.4222
2026-10-08,15:29,WPIL,-3.274
2026-10-08,15:29,WSTCSTPAPR,39.2909
2026-10-08,15:29,XPROINDIA,-3.0041
2026-10-08,15:29,YASHO,87.8687
2026-10-08,15:29,YATHARTH,27.9183
2026-10-08,15:29,YATRA,-1.688
2026-10-08,15:29,YUKEN,67.7081
2026-10-08,15:29,ZFSTEERING,2.6909
2026-10-08,15:29,ZIMLAB,37.68
2026-10-08,15:29,ZOTA,17.5258
2026-10-08,15:29,ZSARACOM,2.5532
2026-10-08,15:29,ZUARI,-4.2939
2026-10-08,15:29,ZUARIIND,7.2227
2026-10-08,15:29,ZYDUSLIFE,1.9062
2026-10-08,15:29,ZYDUSWELL,0.2832
