date,time,group,% change
2026-09-04,15:29,20MICRONS,8.9409
2026-09-04,15:29,360ONE,3.148
2026-09-04,15:29,3BBLACKBIO,14.2399
2026-09-04,15:29,63MOONS,23.747
2026-09-04,15:29,AARTIDRUGS,6.712
2026-09-04,15:29,AARTIIND,2.9824
2026-09-04,15:29,AARTIPHARM,27.4562
2026-09-04,15:29,ABB,0.4678
2026-09-04,15:29,ABCAPITAL,2.8056
2026-09-04,15:29,ABDL,-1.7398
2026-09-04,15:29,ABREL,-0.0437
2026-09-04,15:29,ABSLAMC,4.4543
2026-09-04,15:29,ACE,8.274
2026-09-04,15:29,ACMESOLAR,14.2545
2026-09-04,15:29,ADOR,12.0825
2026-09-04,15:29,ADVANCE,6.8614
2026-09-04,15:29,AEQUS,5.6493
2026-09-04,15:29,AEROENTER,11.3983
2026-09-04,15:29,AEROFLEX,27.7058
2026-09-04,15:29,AETHER,13.8774
2026-09-04,15:29,AFCONS,2.3955
2026-09-04,15:29,AFFLE,11.8453
2026-09-04,15:29,AFSL,0.5323
2026-09-04,15:29,AGARWALEYE,7.3502
2026-09-04,15:29,AGI,9.274
2026-09-04,15:29,AJANTPHARM,2.8283
2026-09-04,15:29,AJAXENGG,2.6163
2026-09-04,15:29,AKCAPIT,-1.2845
2026-09-04,15:29,AKUMS,11.4142
2026-09-04,15:29,ALEMBICLTD,26.6887
2026-09-04,15:29,ALICON,7.5195
2026-09-04,15:29,ALIVUS,24.0737
2026-09-04,15:29,ALKYLAMINE,12.931
2026-09-04,15:29,AMANTA,19.0368
2026-09-04,15:29,AMBER,2.9264
2026-09-04,15:29,AMRUTANJAN,-0.6974
2026-09-04,15:29,ANANDRATHI,8.5108
2026-09-04,15:29,ANANTRAJ,6.632
2026-09-04,15:29,ANDHRAPAP,5.0872
2026-09-04,15:29,ANDHRSUGAR,15.267
2026-09-04,15:29,ANTELOPUS,7.0099
2026-09-04,15:29,ANTHEM,21.3209
2026-09-04,15:29,ANUHPHR,2.5673
2026-09-04,15:29,ANURAS,-0.8723
2026-09-04,15:29,APARINDS,25.4302
2026-09-04,15:29,APCOTEXIND,13.2698
2026-09-04,15:29,APEX,-1.5354
2026-09-04,15:29,APLAPOLLO,23.4365
2026-09-04,15:29,APLLTD,1.329
2026-09-04,15:29,APOLLO,-1.3695
2026-09-04,15:29,APOLLOPIPE,23.4142
2026-09-04,15:29,APOLLOTYRE,2.3591
2026-09-04,15:29,ARE&M,-0.9967
2026-09-04,15:29,ARIES,46.6354
2026-09-04,15:29,ARIS,4.4694
2026-09-04,15:29,ARMANFIN,7.9278
2026-09-04,15:29,ARROWGREEN,14.8399
2026-09-04,15:29,ARSSBL,1.3479
2026-09-04,15:29,ARTEMISMED,20.689
2026-09-04,15:29,ARVIND,4.8843
2026-09-04,15:29,ARVSMART,5.5355
2026-09-04,15:29,ASAHIINDIA,7.61
2026-09-04,15:29,ASHOKLEY,11.8687
2026-09-04,15:29,ASIANENE,45.4737
2026-09-04,15:29,ASIANHOTNR,25.4688
2026-09-04,15:29,ASKAUTOLTD,21.5099
2026-09-04,15:29,ASTERDM,0.0127
2026-09-04,15:29,ASTRAL,1.6893
2026-09-04,15:29,ATHERENERG,31.0499
2026-09-04,15:29,ATL,10.9601
2026-09-04,15:29,ATLANTAELE,18.3608
2026-09-04,15:29,ATUL,-0.3355
2026-09-04,15:29,AUBANK,6.0757
2026-09-04,15:29,AUROPHARMA,7.9047
2026-09-04,15:29,AURUM,1.7672
2026-09-04,15:29,AVADHSUGAR,54.0878
2026-09-04,15:29,AVALON,26.1326
2026-09-04,15:29,AVTNPL,29.9914
2026-09-04,15:29,AWL,-0.4624
2026-09-04,15:29,AXISBANK,3.7236
2026-09-04,15:29,AXISCADES,6.4428
2026-09-04,15:29,AYE,7.4289
2026-09-04,15:29,AYMSYNTEX,32.5003
2026-09-04,15:29,AZAD,13.8704
2026-09-04,15:29,BAFNAPH,24.2284
2026-09-04,15:29,BAJAJ-AUTO,7.0889
2026-09-04,15:29,BAJAJELEC,0.6841
2026-09-04,15:29,BAJAJFINSV,4.9715
2026-09-04,15:29,BAJAJHCARE,-0.5876
2026-09-04,15:29,BAJAJHFL,-1.3184
2026-09-04,15:29,BAJAJHIND,26.4315
2026-09-04,15:29,BAJAJHLDNG,4.5229
2026-09-04,15:29,BAJEL,2.7501
2026-09-04,15:29,BAJFINANCE,4.7097
2026-09-04,15:29,BALAJITELE,10.8639
2026-09-04,15:29,BALAMINES,16.1278
2026-09-04,15:29,BALKRISIND,13.4641
2026-09-04,15:29,BALMLAWRIE,1.9358
2026-09-04,15:29,BALRAMCHIN,13.1853
2026-09-04,15:29,BALUFORGE,32.4031
2026-09-04,15:29,BANARISUG,8.6099
2026-09-04,15:29,BANCOINDIA,2.4735
2026-09-04,15:29,BANDHANBNK,-0.5906
2026-09-04,15:29,BANKINDIA,1.6688
2026-09-04,15:29,BASF,5.3049
2026-09-04,15:29,BBTC,2.6471
2026-09-04,15:29,BCLIND,2.4622
2026-09-04,15:29,BDL,0.9654
2026-09-04,15:29,BECTORFOOD,9.3549
2026-09-04,15:29,BEEKAY,4.2458
2026-09-04,15:29,BEL,0.0864
2026-09-04,15:29,BELRISE,3.7676
2026-09-04,15:29,BEML,20.1144
2026-09-04,15:29,BENGALASM,2.1042
2026-09-04,15:29,BEPL,4.6712
2026-09-04,15:29,BFINVEST,2.0215
2026-09-04,15:29,BHAGCHEM,0.4365
2026-09-04,15:29,BHAGERIA,33.0466
2026-09-04,15:29,BHEL,3.307
2026-09-04,15:29,BIL,24.38
2026-09-04,15:29,BIRLACABLE,90.8418
2026-09-04,15:29,BIRLANU,7.1085
2026-09-04,15:29,BLACKBUCK,8.6678
2026-09-04,15:29,BLACKROSE,17.7537
2026-09-04,15:29,BLIL,3.7922
2026-09-04,15:29,BLISSGVS,44.4253
2026-09-04,15:29,BLKASHYAP,8.761
2026-09-04,15:29,BLS,2.2217
2026-09-04,15:29,BLSE,13.3643
2026-09-04,15:29,BLUEDART,1.6329
2026-09-04,15:29,BLUEJET,0.5115
2026-09-04,15:29,BLUESTONE,9.108
2026-09-04,15:29,BLUSPRING,28.1682
2026-09-04,15:29,BODALCHEM,128.7857
2026-09-04,15:29,BOROLTD,11.4573
2026-09-04,15:29,BOSCH-HCIL,36.4646
2026-09-04,15:29,BOSCHLTD,12.1303
2026-09-04,15:29,BPCL,1.7895
2026-09-04,15:29,BRIGADE,32.4769
2026-09-04,15:29,BRIGHOTEL,-1.6124
2026-09-04,15:29,BSHSL,5.1494
2026-09-04,15:29,BSOFT,2.4611
2026-09-04,15:29,BUILDPRO,5.0154
2026-09-04,15:29,CAMPUS,3.0894
2026-09-04,15:29,CAMS,-1.6613
2026-09-04,15:29,CANBK,-0.1194
2026-09-04,15:29,CANFINHOME,-0.7986
2026-09-04,15:29,CANHLIFE,6.7341
2026-09-04,15:29,CANTABIL,1.3426
2026-09-04,15:29,CAPACITE,1.631
2026-09-04,15:29,CAPILLARY,2.8976
2026-09-04,15:29,CAPLIPOINT,13.9313
2026-09-04,15:29,CARBORUNIV,6.2294
2026-09-04,15:29,CARERATING,3.4643
2026-09-04,15:29,CARTRADE,12.9423
2026-09-04,15:29,CARYSIL,1.3414
2026-09-04,15:29,CASTROLIND,2.9655
2026-09-04,15:29,CDSL,4.6133
2026-09-04,15:29,CEATLTD,0.1382
2026-09-04,15:29,CEIGALL,5.5473
2026-09-04,15:29,CELLO,-0.668
2026-09-04,15:29,CENTENKA,6.0432
2026-09-04,15:29,CENTRALBK,0.1611
2026-09-04,15:29,CENTUM,4.8278
2026-09-04,15:29,CGCL,17.4915
2026-09-04,15:29,CGPOWER,2.6853
2026-09-04,15:29,CHALET,10.1117
2026-09-04,15:29,CHEMBONDCH,2.833
2026-09-04,15:29,CHEMCON,12.3775
2026-09-04,15:29,CHEMFAB,-1.6389
2026-09-04,15:29,CHENNPETRO,19.5423
2026-09-04,15:29,CHEVIOT,0.5028
2026-09-04,15:29,CHOLAFIN,6.6458
2026-09-04,15:29,CHOLAHLDNG,0.5934
2026-09-04,15:29,CLEAN,15.9709
2026-09-04,15:29,CLSEL,7.8985
2026-09-04,15:29,CMRGREEN,4.7191
2026-09-04,15:29,COCHINSHIP,7.663
2026-09-04,15:29,COFFEEDAY,8.664
2026-09-04,15:29,COFORGE,32.8753
2026-09-04,15:29,COHANCE,9.4702
2026-09-04,15:29,COMSYN,68.7766
2026-09-04,15:29,CONCOR,6.3763
2026-09-04,15:29,CONCORDBIO,13.5042
2026-09-04,15:29,CONFIPET,5.3384
2026-09-04,15:29,CONSOFINVT,0.6564
2026-09-04,15:29,CONTROLPR,0.4741
2026-09-04,15:29,CORONA,-0.6105
2026-09-04,15:29,COSMOFIRST,4.4098
2026-09-04,15:29,CPPLUS,4.5493
2026-09-04,15:29,CRAFTSMAN,22.7704
2026-09-04,15:29,CRISIL,10.4619
2026-09-04,15:29,CSLFINANCE,17.7376
2026-09-04,15:29,CUB,7.3993
2026-09-04,15:29,CUPID,32.6664
2026-09-04,15:29,CYIENT,31.1589
2026-09-04,15:29,CYIENTDLM,27.8171
2026-09-04,15:29,DALMIASUG,21.1631
2026-09-04,15:29,DATAPATTNS,0.0109
2026-09-04,15:29,DBOL,22.4312
2026-09-04,15:29,DCBBANK,18.5245
2026-09-04,15:29,DCI,21.7822
2026-09-04,15:29,DCMSHRIRAM,1.5013
2026-09-04,15:29,DCW,-0.5408
2026-09-04,15:29,DDEVPLSTIK,-0.9614
2026-09-04,15:29,DECCANCE,2.908
2026-09-04,15:29,DECNGOLD,9.9476
2026-09-04,15:29,DEEDEV,0.7346
2026-09-04,15:29,DEEPAKNTR,3.807
2026-09-04,15:29,DEEPINDS,63.9804
2026-09-04,15:29,DELHIVERY,-1.0053
2026-09-04,15:29,DEN,2.9823
2026-09-04,15:29,DEVYANI,24.0249
2026-09-04,15:29,DHAMPURSUG,17.9215
2026-09-04,15:29,DHANUKA,-0.2615
2026-09-04,15:29,DHARMAJ,3.4872
2026-09-04,15:29,DHUNINV,17.8617
2026-09-04,15:29,DIACABS,12.4174
2026-09-04,15:29,DIAMONDYD,4.2199
2026-09-04,15:29,DICIND,19.5362
2026-09-04,15:29,DIFFNKG,20.1214
2026-09-04,15:29,DISAQ,-0.9909
2026-09-04,15:29,DIVGIITTS,30.6895
2026-09-04,15:29,DIVISLAB,25.5432
2026-09-04,15:29,DIXON,2.8456
2026-09-04,15:29,DLF,5.6882
2026-09-04,15:29,DLINKINDIA,-0.2322
2026-09-04,15:29,DMCC,7.5527
2026-09-04,15:29,DODLA,0.5277
2026-09-04,15:29,DOLATALGO,3.1268
2026-09-04,15:29,DOLLAR,2.4225
2026-09-04,15:29,DOLPHIN,78.8035
2026-09-04,15:29,DOMS,-0.5538
2026-09-04,15:29,DPABHUSHAN,6.4869
2026-09-04,15:29,DRAGARWQ,7.9857
2026-09-04,15:29,DREDGECORP,8.4122
2026-09-04,15:29,DRREDDY,-0.0608
2026-09-04,15:29,DVL,18.8876
2026-09-04,15:29,DWARKESH,9.2357
2026-09-04,15:29,DYCL,21.2475
2026-09-04,15:29,DYNAMATECH,11.4362
2026-09-04,15:29,E2E,16.4215
2026-09-04,15:29,EBGNG,5.0494
2026-09-04,15:29,ECLERX,2.3744
2026-09-04,15:29,EDELWEISS,16.2878
2026-09-04,15:29,EFCIL,-1.0548
2026-09-04,15:29,EICHERMOT,0.0328
2026-09-04,15:29,EIDPARRY,3.0805
2026-09-04,15:29,EIMCOELECO,26.0004
2026-09-04,15:29,ELANTAS,31.8692
2026-09-04,15:29,ELDEHSG,1.3876
2026-09-04,15:29,ELECON,2.8697
2026-09-04,15:29,ELECTCAST,16.1026
2026-09-04,15:29,ELGIEQUIP,11.2247
2026-09-04,15:29,ELPROINTL,-1.4276
2026-09-04,15:29,EMCURE,2.4774
2026-09-04,15:29,EMIL,34.0173
2026-09-04,15:29,EMKAY,11.5866
2026-09-04,15:29,EMUDHRA,15.1508
2026-09-04,15:29,ENDURANCE,5.6492
2026-09-04,15:29,ENGINERSIN,24.0842
2026-09-04,15:29,ENTERO,48.6337
2026-09-04,15:29,EPIGRAL,4.9024
2026-09-04,15:29,EPL,6.0242
2026-09-04,15:29,ESABINDIA,7.3989
2026-09-04,15:29,ESAFSFB,7.0302
2026-09-04,15:29,ESCORTS,2.1927
2026-09-04,15:29,ESTER,5.693
2026-09-04,15:29,ETERNAL,15.2679
2026-09-04,15:29,ETHOSLTD,8.9746
2026-09-04,15:29,EXCELINDUS,10.6474
2026-09-04,15:29,EXICOM,10.9482
2026-09-04,15:29,EXPLEOSOL,12.1577
2026-09-04,15:29,FABTECH,0.3139
2026-09-04,15:29,FACT,-0.9761
2026-09-04,15:29,FCL,30.1086
2026-09-04,15:29,FEDDERSHOL,3.5933
2026-09-04,15:29,FEDFINA,7.3274
2026-09-04,15:29,FILATEX,5.2689
2026-09-04,15:29,FINCABLES,22.1544
2026-09-04,15:29,FINEORG,6.6998
2026-09-04,15:29,FINKURVE,16.3475
2026-09-04,15:29,FLUOROCHEM,-0.4307
2026-09-04,15:29,FMGOETZE,4.7196
2026-09-04,15:29,FORCEMOT,-0.681
2026-09-04,15:29,FOSECOIND,24.0689
2026-09-04,15:29,FRACTAL,4.919
2026-09-04,15:29,FSL,4.2669
2026-09-04,15:29,GABRIEL,-0.7554
2026-09-04,15:29,GAEL,10.6634
2026-09-04,15:29,GAIL,1.988
2026-09-04,15:29,GALAXYSURF,11.3111
2026-09-04,15:29,GALLANTT,10.1305
2026-09-04,15:29,GANDHITUBE,3.7039
2026-09-04,15:29,GANESHBE,10.6095
2026-09-04,15:29,GANESHCP,1.5247
2026-09-04,15:29,GARFIBRES,6.961
2026-09-04,15:29,GARUDA,2.3127
2026-09-04,15:29,GAYAPROJ,4.9686
2026-09-04,15:29,GCSL,12.081
2026-09-04,15:29,GEECEE,9.5915
2026-09-04,15:29,GENUSPOWER,7.0342
2026-09-04,15:29,GEOJITFSL,8.6277
2026-09-04,15:29,GFLLIMITED,36.6921
2026-09-04,15:29,GHCL,0.0917
2026-09-04,15:29,GHCLTEXTIL,18.0452
2026-09-04,15:29,GICRE,0.2657
2026-09-04,15:29,GIPCL,30.4967
2026-09-04,15:29,GKSL,34.7972
2026-09-04,15:29,GLAND,23.2204
2026-09-04,15:29,GLAXO,17.651
2026-09-04,15:29,GLENMARK,11.1861
2026-09-04,15:29,GLOBAL,18.0998
2026-09-04,15:29,GLOBUSSPR,3.8446
2026-09-04,15:29,GMBREW,1.7027
2026-09-04,15:29,GMDCLTD,0.0711
2026-09-04,15:29,GMMPFAUDLR,42.058
2026-09-04,15:29,GNA,8.6884
2026-09-04,15:29,GNFC,18.6164
2026-09-04,15:29,GNRL,7.2841
2026-09-04,15:29,GOCLCORP,7.7922
2026-09-04,15:29,GOCOLORS,0.7712
2026-09-04,15:29,GODIGIT,0.8197
2026-09-04,15:29,GODREJAGRO,12.4215
2026-09-04,15:29,GOKULAGRO,10.1177
2026-09-04,15:29,GOLDIAM,-1.2017
2026-09-04,15:29,GOPAL,2.6525
2026-09-04,15:29,GPIL,0.2165
2026-09-04,15:29,GPPL,8.3026
2026-09-04,15:29,GPTHEALTH,-0.9208
2026-09-04,15:29,GRANULES,1.7695
2026-09-04,15:29,GRAPHITE,9.045
2026-09-04,15:29,GRASIM,7.529
2026-09-04,15:29,GREENPLY,2.1969
2026-09-04,15:29,GRINFRA,-0.0862
2026-09-04,15:29,GRPLTD,0.274
2026-09-04,15:29,GRSE,-1.2706
2026-09-04,15:29,GRWRHITECH,2.6583
2026-09-04,15:29,GSFC,5.383
2026-09-04,15:29,GSPCROP,16.7295
2026-09-04,15:29,GUFICBIO,17.4343
2026-09-04,15:29,GUJALKALI,6.9354
2026-09-04,15:29,GUJENERGY,-0.7007
2026-09-04,15:29,GUJTHEM,14.1054
2026-09-04,15:29,GULFOILLUB,5.1295
2026-09-04,15:29,GVT&D,3.5816
2026-09-04,15:29,GYFTR,22.0922
2026-09-04,15:29,HAL,6.1792
2026-09-04,15:29,HALDYNGL,24.1594
2026-09-04,15:29,HAPPYFORGE,38.5639
2026-09-04,15:29,HARSHA,12.0054
2026-09-04,15:29,HATSUN,31.7923
2026-09-04,15:29,HBLENGINE,-0.408
2026-09-04,15:29,HCC,7.2328
2026-09-04,15:29,HCG,5.0484
2026-09-04,15:29,HCLTECH,1.7624
2026-09-04,15:29,HDBFS,-1.2726
2026-09-04,15:29,HDFCLIFE,-1.5584
2026-09-04,15:29,HEG,13.2317
2026-09-04,15:29,HEIDELBERG,2.4039
2026-09-04,15:29,HERANBA,-0.6459
2026-09-04,15:29,HERITGFOOD,14.0322
2026-09-04,15:29,HEROMOTOCO,5.7652
2026-09-04,15:29,HESTERBIO,1.6051
2026-09-04,15:29,HEXAGON,2.6256
2026-09-04,15:29,HEXATRADEX,1.6834
2026-09-04,15:29,HFCL,17.5718
2026-09-04,15:29,HIKAL,2.2539
2026-09-04,15:29,HINDALCO,7.2338
2026-09-04,15:29,HINDCOPPER,7.9685
2026-09-04,15:29,HINDOILEXP,14.1693
2026-09-04,15:29,HINDZINC,12.9805
2026-09-04,15:29,HITECHCORP,5.2303
2026-09-04,15:29,HMT,8.9917
2026-09-04,15:29,HNDFDS,6.5575
2026-09-04,15:29,HOMEFIRST,3.075
2026-09-04,15:29,HONASA,5.0045
2026-09-04,15:29,HTMEDIA,7.6669
2026-09-04,15:29,HYUNDAI,12.9264
2026-09-04,15:29,ICICIBANK,-0.677
2026-09-04,15:29,ICICIPRULI,-1.1987
2026-09-04,15:29,ICIL,11.4884
2026-09-04,15:29,ICRA,1.6757
2026-09-04,15:29,IDBI,6.7114
2026-09-04,15:29,IDFCFIRSTB,7.3276
2026-09-04,15:29,IFBIND,0.1227
2026-09-04,15:29,IFCI,44.5807
2026-09-04,15:29,IFGLEXPOR,3.5514
2026-09-04,15:29,IGL,5.8327
2026-09-04,15:29,IGPL,25.6561
2026-09-04,15:29,IIFL,16.9976
2026-09-04,15:29,IIFLCAPS,0.2939
2026-09-04,15:29,IKIO,3.6715
2026-09-04,15:29,IKS,0.0057
2026-09-04,15:29,IMAGICAA,18.6884
2026-09-04,15:29,IMPAL,3.5777
2026-09-04,15:29,INDGN,22.0948
2026-09-04,15:29,INDHOTEL,-1.0241
2026-09-04,15:29,INDIANB,6.4883
2026-09-04,15:29,INDIANHUME,0.1679
2026-09-04,15:29,INDIGO,-0.1605
2026-09-04,15:29,INDIGOPNTS,13.0518
2026-09-04,15:29,INDIQUBE,7.2969
2026-09-04,15:29,INDOBORAX,23.7443
2026-09-04,15:29,INDOCO,7.8424
2026-09-04,15:29,INDORAMA,50.6504
2026-09-04,15:29,INDOSTAR,-0.7063
2026-09-04,15:29,INDOTECH,7.1709
2026-09-04,15:29,INDSWFTLAB,56.4684
2026-09-04,15:29,INDUSINDBK,1.2499
2026-09-04,15:29,INFOBEAN,3.0191
2026-09-04,15:29,INFY,8.5599
2026-09-04,15:29,INGERRAND,11.2624
2026-09-04,15:29,INNOVACAP,23.6677
2026-09-04,15:29,INOXINDIA,12.1657
2026-09-04,15:29,INSECTICID,0.3814
2026-09-04,15:29,INTLCONV,8.1679
2026-09-04,15:29,INVPRECQ,29.9791
2026-09-04,15:29,IOB,-0.974
2026-09-04,15:29,IOC,-0.6283
2026-09-04,15:29,IOLCP,33.9968
2026-09-04,15:29,IPCALAB,11.4937
2026-09-04,15:29,IRIS,8.7607
2026-09-04,15:29,IRISDOREME,32.9291
2026-09-04,15:29,IRMENERGY,10.548
2026-09-04,15:29,ITCHOTELS,0.8192
2026-09-04,15:29,ITI,-0.9631
2026-09-04,15:29,JAGSNPHARM,9.2279
2026-09-04,15:29,JAIBALAJI,13.8635
2026-09-04,15:29,JAICORPLTD,-0.8073
2026-09-04,15:29,JAYAGROGN,3.7244
2026-09-04,15:29,JAYNECOIND,2.6279
2026-09-04,15:29,JGCHEM,18.3635
2026-09-04,15:29,JINDALPOLY,5.4915
2026-09-04,15:29,JINDALSAW,19.5614
2026-09-04,15:29,JINDALSTEL,12.4734
2026-09-04,15:29,JINDRILL,9.5769
2026-09-04,15:29,JINDWORLD,52.0222
2026-09-04,15:29,JIOFIN,2.0408
2026-09-04,15:29,JISLJALEQS,1.6464
2026-09-04,15:29,JKIL,0.35
2026-09-04,15:29,JKPAPER,1.0836
2026-09-04,15:29,JMFINANCIL,8.2016
2026-09-04,15:29,JSFB,-0.3445
2026-09-04,15:29,JSL,3.3042
2026-09-04,15:29,JSWDULUX,7.8332
2026-09-04,15:29,JSWHL,5.5867
2026-09-04,15:29,JSWINFRA,3.1918
2026-09-04,15:29,JSWSTEEL,6.7859
2026-09-04,15:29,JTLIND,26.1977
2026-09-04,15:29,JUBLCPL,20.0432
2026-09-04,15:29,JUBLFOOD,15.4094
2026-09-04,15:29,JUNIPER,12.3012
2026-09-04,15:29,JWL,-1.3425
2026-09-04,15:29,JYOTHYLAB,1.4957
2026-09-04,15:29,JYOTICNC,26.2688
2026-09-04,15:29,KABRAEXTRU,53.7022
2026-09-04,15:29,KAJARIACER,2.0331
2026-09-04,15:29,KALPATARU,4.2425
2026-09-04,15:29,KALYANKJIL,4.4024
2026-09-04,15:29,KAMATHOTEL,33.3511
2026-09-04,15:29,KAMDHENU,8.5778
2026-09-04,15:29,KANPRPLA,13.0847
2026-09-04,15:29,KANSAINER,0.5228
2026-09-04,15:29,KAPSTON,26.7745
2026-09-04,15:29,KARURVYSYA,2.936
2026-09-04,15:29,KAYA,22.1031
2026-09-04,15:29,KAYNES,13.28
2026-09-04,15:29,KCP,-0.1599
2026-09-04,15:29,KDDL,24.7448
2026-09-04,15:29,KECL,1.2495
2026-09-04,15:29,KEI,-0.3698
2026-09-04,15:29,KENNAMET,68.4753
2026-09-04,15:29,KFINTECH,8.295
2026-09-04,15:29,KHAICHEM,14.4108
2026-09-04,15:29,KILITCH,0.5222
2026-09-04,15:29,KINGFA,13.8239
2026-09-04,15:29,KIOCL,9.5627
2026-09-04,15:29,KIRANVYPAR,2.5409
2026-09-04,15:29,KIRIINDUS,37.8622
2026-09-04,15:29,KIRLOSBROS,1.4106
2026-09-04,15:29,KIRLOSENG,0.8889
2026-09-04,15:29,KIRLOSIND,-1.4837
2026-09-04,15:29,KKCL,2.389
2026-09-04,15:29,KLBRENG-B,6.4505
2026-09-04,15:29,KMEW,24.8159
2026-09-04,15:29,KNRCON,2.8378
2026-09-04,15:29,KOLTEPATIL,12.9329
2026-09-04,15:29,KOPRAN,17.0071
2026-09-04,15:29,KOTAKBANK,10.3314
2026-09-04,15:29,KOTHARIPET,-0.9559
2026-09-04,15:29,KOVAI,3.7211
2026-09-04,15:29,KPIL,8.2083
2026-09-04,15:29,KPITTECH,-1.3289
2026-09-04,15:29,KPL,18.1112
2026-09-04,15:29,KPRMILL,11.757
2026-09-04,15:29,KRBL,20.2994
2026-09-04,15:29,KRISHANA,13.6254
2026-09-04,15:29,KRN,27.9439
2026-09-04,15:29,KRONOX,19.6256
2026-09-04,15:29,KROSS,2.6391
2026-09-04,15:29,KRSNAA,2.79
2026-09-04,15:29,KRYSTAL,8.846
2026-09-04,15:29,KSHINTL,22.438
2026-09-04,15:29,KSL,5.325
2026-09-04,15:29,KTKBANK,21.5946
2026-09-04,15:29,KWIL,31.625
2026-09-04,15:29,LALPATHLAB,6.7247
2026-09-04,15:29,LANDMARK,-0.5168
2026-09-04,15:29,LAURUSLABS,14.9138
2026-09-04,15:29,LAXMIINDIA,2.6952
2026-09-04,15:29,LENSKART,23.2056
2026-09-04,15:29,LGBBROSLTD,10.5427
2026-09-04,15:29,LGEINDIA,7.4319
2026-09-04,15:29,LICHSGFIN,4.2861
2026-09-04,15:29,LICI,-1.4123
2026-09-04,15:29,LINCOLN,7.0345
2026-09-04,15:29,LMW,19.1017
2026-09-04,15:29,LODHA,6.8088
2026-09-04,15:29,LOKESHMACH,7.5516
2026-09-04,15:29,LOTUSDEV,7.129
2026-09-04,15:29,LT,4.7152
2026-09-04,15:29,LTF,3.836
2026-09-04,15:29,LTFOODS,18.4238
2026-09-04,15:29,LTM,11.2958
2026-09-04,15:29,LTTS,2.2001
2026-09-04,15:29,LUMAXIND,20.2159
2026-09-04,15:29,LUMAXTECH,33.1628
2026-09-04,15:29,M&M,0.272
2026-09-04,15:29,M&MFIN,4.8107
2026-09-04,15:29,MAANALU,2.6467
2026-09-04,15:29,MACPOWER,41.6809
2026-09-04,15:29,MAGADSUGAR,11.785
2026-09-04,15:29,MAHABANK,6.0718
2026-09-04,15:29,MAHASTEEL,69.3405
2026-09-04,15:29,MAHSCOOTER,7.339
2026-09-04,15:29,MAHSEAMLES,20.3919
2026-09-04,15:29,MAITHANALL,13.6819
2026-09-04,15:29,MAMATA,4.3242
2026-09-04,15:29,MANAKSTEEL,51.7251
2026-09-04,15:29,MANALIPETC,29.9386
2026-09-04,15:29,MANGLMCEM,11.2952
2026-09-04,15:29,MANINDS,49.5307
2026-09-04,15:29,MANINFRA,29.0856
2026-09-04,15:29,MANORAMA,25.7269
2026-09-04,15:29,MANYAVAR,47.7007
2026-09-04,15:29,MARATHON,14.4089
2026-09-04,15:29,MARINE,69.6036
2026-09-04,15:29,MARKSANS,32.6634
2026-09-04,15:29,MARSONS,25.1456
2026-09-04,15:29,MASTEK,4.8495
2026-09-04,15:29,MASTERTR,5.2532
2026-09-04,15:29,MATRIMONY,24.1756
2026-09-04,15:29,MAWANASUG,32.077
2026-09-04,15:29,MAXESTATES,40.0232
2026-09-04,15:29,MAZDA,24.7747
2026-09-04,15:29,MAZDOCK,7.8996
2026-09-04,15:29,MBAPL,12.054
2026-09-04,15:29,MCLOUD,-1.2026
2026-09-04,15:29,MCX,19.978
2026-09-04,15:29,MEDANTA,7.2064
2026-09-04,15:29,MEDIASSIST,0.0882
2026-09-04,15:29,MEESHO,12.8266
2026-09-04,15:29,MEIL,0.1581
2026-09-04,15:29,MENONBE,50.3485
2026-09-04,15:29,MERCURYEV,4.6426
2026-09-04,15:29,METROPOLIS,3.2354
2026-09-04,15:29,MFSL,2.1709
2026-09-04,15:29,MGL,1.8199
2026-09-04,15:29,MICEL,1.5759
2026-09-04,15:29,MIDHANI,6.6463
2026-09-04,15:29,MINDACORP,3.8953
2026-09-04,15:29,MMFL,14.1796
2026-09-04,15:29,MMP,43.4682
2026-09-04,15:29,MMTC,4.3238
2026-09-04,15:29,MODISONLTD,70.0869
2026-09-04,15:29,MOL,22.4018
2026-09-04,15:29,MOLDTECH,55.153
2026-09-04,15:29,MONARCH,5.6324
2026-09-04,15:29,MONTECARLO,6.9633
2026-09-04,15:29,MOREPENLAB,111.4126
2026-09-04,15:29,MOTHERSON,10.4088
2026-09-04,15:29,MOTILALOFS,18.9288
2026-09-04,15:29,MPHASIS,5.852
2026-09-04,15:29,MRF,-0.6195
2026-09-04,15:29,MRPL,2.9926
2026-09-04,15:29,MSPL,0.0848
2026-09-04,15:29,MSTCLTD,20.9157
2026-09-04,15:29,MTARTECH,23.3592
2026-09-04,15:29,MUFIN,10.6499
2026-09-04,15:29,MUKKA,36.6173
2026-09-04,15:29,MUNJALAU,12.5388
2026-09-04,15:29,MVGJL,15.4982
2026-09-04,15:29,NAHARINDUS,17.9955
2026-09-04,15:29,NAHARSPING,5.1715
2026-09-04,15:29,NAM-INDIA,4.2607
2026-09-04,15:29,NATIONALUM,8.7816
2026-09-04,15:29,NAUKRI,13.239
2026-09-04,15:29,NAVA,0.9733
2026-09-04,15:29,NAVINFLUOR,13.7965
2026-09-04,15:29,NAZARA,21.9484
2026-09-04,15:29,NCC,9.1983
2026-09-04,15:29,NEOGEN,3.6407
2026-09-04,15:29,NEPHROPLUS,3.5582
2026-09-04,15:29,NESCO,-0.7861
2026-09-04,15:29,NETWEB,24.9519
2026-09-04,15:29,NETWORK18,-0.8386
2026-09-04,15:29,NEULANDLAB,22.1827
2026-09-04,15:29,NEWGEN,3.7769
2026-09-04,15:29,NFL,0.2845
2026-09-04,15:29,NIACL,32.7425
2026-09-04,15:29,NIITLTD,4.5868
2026-09-04,15:29,NILKAMAL,26.2753
2026-09-04,15:29,NIRLON,-0.0967
2026-09-04,15:29,NITINSPIN,19.404
2026-09-04,15:29,NMDC,1.3643
2026-09-04,15:29,NOCIL,7.701
2026-09-04,15:29,NORTHARC,0.9185
2026-09-04,15:29,NOVARTIND,0.3351
2026-09-04,15:29,NPST,13.1385
2026-09-04,15:29,NRAIL,14.746
2026-09-04,15:29,NRBBEARING,12.4104
2026-09-04,15:29,NRL,20.8762
2026-09-04,15:29,NSIL,4.9335
2026-09-04,15:29,NSLNISP,11.1326
2026-09-04,15:29,NUCLEUS,0.6349
2026-09-04,15:29,NUVOCO,-1.0954
2026-09-04,15:29,NYKAA,3.005
2026-09-04,15:29,OAL,39.3834
2026-09-04,15:29,OBEROIRLTY,2.987
2026-09-04,15:29,OCCLLTD,13.0864
2026-09-04,15:29,OFSS,13.1994
2026-09-04,15:29,OIL,8.5714
2026-09-04,15:29,OLAELEC,3.0205
2026-09-04,15:29,OMAXE,55.5784
2026-09-04,15:29,OMPOWER,3.8298
2026-09-04,15:29,ONEPOINT,5.6132
2026-09-04,15:29,ORBTEXP,-1.6581
2026-09-04,15:29,ORICONENT,-1.5991
2026-09-04,15:29,ORIENTBELL,31.4867
2026-09-04,15:29,ORIENTCER,7.7017
2026-09-04,15:29,ORIENTELEC,4.949
2026-09-04,15:29,ORIENTHOT,3.7748
2026-09-04,15:29,ORISSAMINE,15.0707
2026-09-04,15:29,ORKLAINDIA,6.7176
2026-09-04,15:29,OSWALGREEN,-1.5451
2026-09-04,15:29,PAISALO,5.6007
2026-09-04,15:29,PANACHE,25.478
2026-09-04,15:29,PANAMAPET,-0.562
2026-09-04,15:29,PARACABLES,6.2784
2026-09-04,15:29,PARADEEP,15.3818
2026-09-04,15:29,PARAGMILK,16.5266
2026-09-04,15:29,PARAS,18.3819
2026-09-04,15:29,PARKHOSPS,2.1409
2026-09-04,15:29,PASUPTAC,16.8019
2026-09-04,15:29,PATANJALI,0.4546
2026-09-04,15:29,PAUSHAKLTD,39.6569
2026-09-04,15:29,PAYTM,29.3251
2026-09-04,15:29,PCBL,-0.2831
2026-09-04,15:29,PDMJEPAPER,1.6354
2026-09-04,15:29,PDSL,1.8466
2026-09-04,15:29,PENIND,4.1268
2026-09-04,15:29,PERSISTENT,8.5088
2026-09-04,15:29,PETRONET,4.878
2026-09-04,15:29,PFIZER,-0.3006
2026-09-04,15:29,PFOCUS,6.1219
2026-09-04,15:29,PGIL,15.3862
2026-09-04,15:29,PIDILITIND,3.7303
2026-09-04,15:29,PILANIINVS,0.2876
2026-09-04,15:29,PINELABS,14.2102
2026-09-04,15:29,PITTIENG,17.8407
2026-09-04,15:29,PIXTRANS,1.4495
2026-09-04,15:29,PLATIND,1.6329
2026-09-04,15:29,PNB,5.9975
2026-09-04,15:29,PNBHOUSING,10.2079
2026-09-04,15:29,PNGSREVA,27.1955
2026-09-04,15:29,POLICYBZR,19.4379
2026-09-04,15:29,POLYMED,2.3137
2026-09-04,15:29,POLYPLEX,5.4963
2026-09-04,15:29,POONAWALLA,1.9034
2026-09-04,15:29,POWERINDIA,1.8668
2026-09-04,15:29,PPLPHARMA,18.1773
2026-09-04,15:29,PRABHA,64.8792
2026-09-04,15:29,PRAJIND,3.7249
2026-09-04,15:29,PRAKASH,1.5028
2026-09-04,15:29,PRECWIRE,26.9262
2026-09-04,15:29,PREMEXPLN,0.287
2026-09-04,15:29,PREMIERENE,-1.6972
2026-09-04,15:29,PREMIERPOL,20.2522
2026-09-04,15:29,PRESTIGE,-0.3641
2026-09-04,15:29,PRICOLLTD,21.6717
2026-09-04,15:29,PRIMESECU,3.6619
2026-09-04,15:29,PRINCEPIPE,8.3461
2026-09-04,15:29,PROSTARM,8.9432
2026-09-04,15:29,PROZONER,13.6073
2026-09-04,15:29,PRSMJOHNSN,2.8698
2026-09-04,15:29,PRUDENT,17.094
2026-09-04,15:29,PTCIL,34.3898
2026-09-04,15:29,PTL,-1.3245
2026-09-04,15:29,PURVA,8.1415
2026-09-04,15:29,PVP,148.7734
2026-09-04,15:29,PVRINOX,15.3438
2026-09-04,15:29,PWL,-1.2729
2026-09-04,15:29,QPOWER,35.2723
2026-09-04,15:29,QUADFUTURE,15.7457
2026-09-04,15:29,QUESS,20.0914
2026-09-04,15:29,RACLGEAR,19.81
2026-09-04,15:29,RADHIKAJWE,30.6931
2026-09-04,15:29,RADICO,9.8428
2026-09-04,15:29,RAINBOW,-0.7271
2026-09-04,15:29,RAJPALAYAM,-1.5413
2026-09-04,15:29,RAJRATAN,2.0582
2026-09-04,15:29,RAJRILTD,5.9981
2026-09-04,15:29,RAMBHAJO,38.4449
2026-09-04,15:29,RAMRAT,35.39
2026-09-04,15:29,RATNAMANI,13.886
2026-09-04,15:29,RATNAVEER,70.6231
2026-09-04,15:29,RAYMOND,25.9092
2026-09-04,15:29,RBA,49.0945
2026-09-04,15:29,RBLBANK,17.4129
2026-09-04,15:29,RBZJEWEL,42.4242
2026-09-04,15:29,REDINGTON,43.3314
2026-09-04,15:29,REGAAL,16.9993
2026-09-04,15:29,RELIANCE,3.4429
2026-09-04,15:29,RELIGARE,-0.3759
2026-09-04,15:29,RENUKA,8.1422
2026-09-04,15:29,RGL,26.3737
2026-09-04,15:29,RIIL,2.9333
2026-09-04,15:29,RISHABH,18.6646
2026-09-04,15:29,RITCO,1.5478
2026-09-04,15:29,RITES,0.9827
2026-09-04,15:29,RKFORGE,20.6905
2026-09-04,15:29,RMDRIP,16.6759
2026-09-04,15:29,RML,14.6408
2026-09-04,15:29,ROLEXRINGS,22.9734
2026-09-04,15:29,ROSSTECH,17.004
2026-09-04,15:29,RPEL,38.674
2026-09-04,15:29,RPTECH,5.6165
2026-09-04,15:29,RRKABEL,-1.5841
2026-09-04,15:29,RSL,36.7541
2026-09-04,15:29,RSWM,4.2133
2026-09-04,15:29,RSYSTEMS,4.3216
2026-09-04,15:29,RUBICON,16.3202
2026-09-04,15:29,RUBYMILLS,5.143
2026-09-04,15:29,SAFARI,0.0975
2026-09-04,15:29,SAGILITY,15.8338
2026-09-04,15:29,SAIL,21.8953
2026-09-04,15:29,SAILIFE,28.5019
2026-09-04,15:29,SAKAR,26.3899
2026-09-04,15:29,SALSTEEL,43.4844
2026-09-04,15:29,SAMBHV,11.0162
2026-09-04,15:29,SAMMAANCAP,-1.4006
2026-09-04,15:29,SANDESH,7.3851
2026-09-04,15:29,SANDHAR,5.0593
2026-09-04,15:29,SANDUMA,1.4305
2026-09-04,15:29,SANSERA,18.7741
2026-09-04,15:29,SANSTAR,2.1474
2026-09-04,15:29,SAPPHIRE,27.529
2026-09-04,15:29,SARDAEN,1.2544
2026-09-04,15:29,SAREGAMA,-0.7553
2026-09-04,15:29,SARLAPOLY,0.19
2026-09-04,15:29,SASKEN,3.3114
2026-09-04,15:29,SATIA,4.8139
2026-09-04,15:29,SAURASHCEM,3.5034
2026-09-04,15:29,SAYAJIHOTL,6.5921
2026-09-04,15:29,SBC,8.7711
2026-09-04,15:29,SBCL,48.3525
2026-09-04,15:29,SBFC,8.5702
2026-09-04,15:29,SBICARD,6.3838
2026-09-04,15:29,SBIN,0.1084
2026-09-04,15:29,SCI,7.361
2026-09-04,15:29,SCPL,13.2434
2026-09-04,15:29,SDBL,1.5228
2026-09-04,15:29,SEAMECLTD,28.4538
2026-09-04,15:29,SEDEMAC,4.6557
2026-09-04,15:29,SEIL,-1.2154
2026-09-04,15:29,SENORES,2.9477
2026-09-04,15:29,SESHAPAPER,1.2422
2026-09-04,15:29,SETL,49.9633
2026-09-04,15:29,SGIL,1.6602
2026-09-04,15:29,SGMART,15.5841
2026-09-04,15:29,SHADOWFAX,21.0136
2026-09-04,15:29,SHAILY,10.3916
2026-09-04,15:29,SHALPAINTS,24.0493
2026-09-04,15:29,SHANTIGEAR,48.0357
2026-09-04,15:29,SHANTIGOLD,21.3214
2026-09-04,15:29,SHARDAMOTR,6.7155
2026-09-04,15:29,SHILPAMED,59.0482
2026-09-04,15:29,SHINDL,2.7195
2026-09-04,15:29,SHIVALIK,29.0195
2026-09-04,15:29,SHIVAUM,14.5176
2026-09-04,15:29,SHK,7.2663
2026-09-04,15:29,SHOPERSTOP,1.0589
2026-09-04,15:29,SHREEJISPG,8.6849
2026-09-04,15:29,SHREEPUSHK,22.8512
2026-09-04,15:29,SHREERAMA,9.8059
2026-09-04,15:29,SHRINGARMS,-0.7967
2026-09-04,15:29,SHRIPISTON,9.0627
2026-09-04,15:29,SHRIRAMFIN,3.5718
2026-09-04,15:29,SHYAMMETL,3.6839
2026-09-04,15:29,SICALLOG,10.5697
2026-09-04,15:29,SIEMENS,7.7836
2026-09-04,15:29,SIGACHI,36.2353
2026-09-04,15:29,SIGMAADV,45.7744
2026-09-04,15:29,SIGNATURE,3.6702
2026-09-04,15:29,SILINV,15.3874
2026-09-04,15:29,SIMPLEXINF,13.0617
2026-09-04,15:29,SINDHUTRAD,3.3947
2026-09-04,15:29,SIRCA,11.6406
2026-09-04,15:29,SIS,-1.5084
2026-09-04,15:29,SJS,-1.2631
2026-09-04,15:29,SKFINDIA,4.6067
2026-09-04,15:29,SKFINDUS,9.9334
2026-09-04,15:29,SKIPPER,11.8131
2026-09-04,15:29,SKYGOLD,19.5426
2026-09-04,15:29,SMARTWORKS,12.2164
2026-09-04,15:29,SMCGLOBAL,7.6729
2026-09-04,15:29,SMLMAH,63.8357
2026-09-04,15:29,SMSPHARMA,2.9913
2026-09-04,15:29,SNOWMAN,1.2363
2026-09-04,15:29,SOFTTECH,1.0387
2026-09-04,15:29,SOLARA,29.9217
2026-09-04,15:29,SOLARINDS,15.9565
2026-09-04,15:29,SOMANYCERA,12.2106
2026-09-04,15:29,SONACOMS,9.8962
2026-09-04,15:29,SONATSOFTW,-0.9892
2026-09-04,15:29,SOTL,14.7116
2026-09-04,15:29,SOUTHBANK,1.6552
2026-09-04,15:29,SPAL,6.8109
2026-09-04,15:29,SPECIALITY,1.3505
2026-09-04,15:29,SPECTRUM,3.8043
2026-09-04,15:29,SPIC,9.7629
2026-09-04,15:29,SPLPETRO,3.9711
2026-09-04,15:29,SPORTKING,7.2424
2026-09-04,15:29,SREEL,16.4715
2026-09-04,15:29,SRHHYPOLTD,11.1332
2026-09-04,15:29,SSWL,25.5073
2026-09-04,15:29,STAR,3.8824
2026-09-04,15:29,STEELCAS,6.9786
2026-09-04,15:29,STEL,9.4231
2026-09-04,15:29,STLNETWORK,13.1713
2026-09-04,15:29,STLTECH,32.7484
2026-09-04,15:29,STOVEKRAFT,7.648
2026-09-04,15:29,STYL,-0.2471
2026-09-04,15:29,STYLAMIND,-0.8605
2026-09-04,15:29,STYLEBAAZA,42.7425
2026-09-04,15:29,SUDARCOLOR,6.3367
2026-09-04,15:29,SUDARSCHEM,17.4583
2026-09-04,15:29,SUDEEPPHRM,61.098
2026-09-04,15:29,SULA,-0.5274
2026-09-04,15:29,SUNDARMFIN,4.5168
2026-09-04,15:29,SUNDRMFAST,28.8858
2026-09-04,15:29,SUNFLAG,-1.4339
2026-09-04,15:29,SUPRAJIT,-1.0321
2026-09-04,15:29,SUPREMEIND,0.4655
2026-09-04,15:29,SUPREMEINF,1.0784
2026-09-04,15:29,SUPRIYA,1.4694
2026-09-04,15:29,SURAKSHA,31.4291
2026-09-04,15:29,SUTLEJTEX,8.7211
2026-09-04,15:29,SUVEN,19.6203
2026-09-04,15:29,SVLL,3.503
2026-09-04,15:29,SWANDEF,3.8102
2026-09-04,15:29,SWARAJENG,-0.3138
2026-09-04,15:29,SWIGGY,9.8162
2026-09-04,15:29,SYNCOMF,57.2192
2026-09-04,15:29,SYRMA,13.1181
2026-09-04,15:29,SYSTMTXC,0.2664
2026-09-04,15:29,TAALTECH,17.9791
2026-09-04,15:29,TALBROAUTO,4.0842
2026-09-04,15:29,TARIL,2.017
2026-09-04,15:29,TARSONS,7.2902
2026-09-04,15:29,TASTYBITE,10.9234
2026-09-04,15:29,TATACAP,9.6958
2026-09-04,15:29,TATACOMM,-1.0815
2026-09-04,15:29,TATAELXSI,0.5653
2026-09-04,15:29,TATAINVEST,0.4677
2026-09-04,15:29,TATAPOWER,-1.7094
2026-09-04,15:29,TATASTEEL,3.3503
2026-09-04,15:29,TATATECH,12.5176
2026-09-04,15:29,TBOTEK,18.1875
2026-09-04,15:29,TBZ,85.7352
2026-09-04,15:29,TCIEXP,-1.4702
2026-09-04,15:29,TCPLPACK,26.8216
2026-09-04,15:29,TCS,2.2047
2026-09-04,15:29,TECHM,2.3982
2026-09-04,15:29,TECHNOE,-1.2402
2026-09-04,15:29,TEGA,-0.7883
2026-09-04,15:29,TEJASNET,23.9705
2026-09-04,15:29,TEXINFRA,2.3128
2026-09-04,15:29,TEXRAIL,5.3688
2026-09-04,15:29,TFCILTD,64.1572
2026-09-04,15:29,THEJO,11.9286
2026-09-04,15:29,THELEELA,16.7158
2026-09-04,15:29,THEMISMED,9.6122
2026-09-04,15:29,THOMASCOOK,14.1032
2026-09-04,15:29,THYROCARE,2.109
2026-09-04,15:29,TI,21.1182
2026-09-04,15:29,TIIL,24.473
2026-09-04,15:29,TIL,19.6272
2026-09-04,15:29,TIMEX,15.7208
2026-09-04,15:29,TIMKEN,-0.0544
2026-09-04,15:29,TITAGARH,6.3945
2026-09-04,15:29,TITAN,7.3338
2026-09-04,15:29,TMB,15.9043
2026-09-04,15:29,TMCV,12.8155
2026-09-04,15:29,TNPETRO,39.6842
2026-09-04,15:29,TNPL,4.0067
2026-09-04,15:29,TRANSPEK,35.8343
2026-09-04,15:29,TRAVELFOOD,0.7774
2026-09-04,15:29,TREL,12.829
2026-09-04,15:29,TRENT,-1.2974
2026-09-04,15:29,TRIVENI,10.8363
2026-09-04,15:29,TRUALT,-0.8626
2026-09-04,15:29,TTKHLTCARE,5.0611
2026-09-04,15:29,TURTLEMINT,10.7711
2026-09-04,15:29,TVSMOTOR,6.7929
2026-09-04,15:29,TVSSRICHAK,32.12
2026-09-04,15:29,UDS,18.8081
2026-09-04,15:29,UEL,101.3669
2026-09-04,15:29,UFBL,3.7786
2026-09-04,15:29,UFLEX,41.1912
2026-09-04,15:29,UGARSUGAR,34.3152
2026-09-04,15:29,ULTRAMAR,15.191
2026-09-04,15:29,UNICHEMLAB,2.3914
2026-09-04,15:29,UNIECOM,3.8398
2026-09-04,15:29,UNIMECH,21.4401
2026-09-04,15:29,UNIONBANK,9.8065
2026-09-04,15:29,UNIPARTS,26.7658
2026-09-04,15:29,UNITDSPR,0.3067
2026-09-04,15:29,UNITEDPOLY,38.0842
2026-09-04,15:29,UNIVASTU,36.1093
2026-09-04,15:29,UNIVCABLES,27.6563
2026-09-04,15:29,UNIVPHOTO,3.0793
2026-09-04,15:29,UNOMINDA,10.8873
2026-09-04,15:29,URBANCO,39.5576
2026-09-04,15:29,USHAMART,3.722
2026-09-04,15:29,UTIAMC,-0.0964
2026-09-04,15:29,UTLSOLAR,11.9724
2026-09-04,15:29,UTTAMSUGAR,23.085
2026-09-04,15:29,V2RETAIL,-1.2723
2026-09-04,15:29,VADILALIND,14.075
2026-09-04,15:29,VALIANTLAB,72.3089
2026-09-04,15:29,VALIANTORG,21.8375
2026-09-04,15:29,VAML,0.4936
2026-09-04,15:29,VARROC,28.5648
2026-09-04,15:29,VEDL,2.815
2026-09-04,15:29,VEEDOL,5.5762
2026-09-04,15:29,VELJAN,7.7474
2026-09-04,15:29,VENKEYS,10.2578
2026-09-04,15:29,VENUSREM,2.7532
2026-09-04,15:29,VERANDA,3.7856
2026-09-04,15:29,VGUARD,15.337
2026-09-04,15:29,VHL,3.5138
2026-09-04,15:29,VIDHIING,11.9788
2026-09-04,15:29,VIDYAWIRES,1.7958
2026-09-04,15:29,VIJAYA,13.6464
2026-09-04,15:29,VIMTALABS,11.4296
2026-09-04,15:29,VINATIORGA,0.8153
2026-09-04,15:29,VINCOFE,9.265
2026-09-04,15:29,VINDHYATEL,44.894
2026-09-04,15:29,VIPIND,6.3135
2026-09-04,15:29,VISACHROME,3.9024
2026-09-04,15:29,VISAKAIND,16.9318
2026-09-04,15:29,VISHNU,11.0057
2026-09-04,15:29,VISL,16.6063
2026-09-04,15:29,VIVIANA,15.3774
2026-09-04,15:29,VIYASH,5.9586
2026-09-04,15:29,VMART,13.7377
2026-09-04,15:29,VOEPL,14.2857
2026-09-04,15:29,VOGL,11.0722
2026-09-04,15:29,VOLTAMP,24.3791
2026-09-04,15:29,VRLLOG,22.4549
2026-09-04,15:29,VSSL,22.9198
2026-09-04,15:29,WAKEFIT,16.8466
2026-09-04,15:29,WELCORP,62.2268
2026-09-04,15:29,WELENT,35.8717
2026-09-04,15:29,WELINV,23.2159
2026-09-04,15:29,WELSPLSOL,16.0819
2026-09-04,15:29,WELSPUNLIV,28.7099
2026-09-04,15:29,WENDT,1.0589
2026-09-04,15:29,WESTLIFE,15.5614
2026-09-04,15:29,WHEELS,19.6435
2026-09-04,15:29,WHIRLPOOL,5.7684
2026-09-04,15:29,WINDLAS,31.2839
2026-09-04,15:29,WINDMACHIN,4.1239
2026-09-04,15:29,WIPRO,-0.4065
2026-09-04,15:29,WOCKPHARMA,12.9515
2026-09-04,15:29,WONDERLA,13.8987
2026-09-04,15:29,WPIL,-1.4541
2026-09-04,15:29,WSTCSTPAPR,17.4691
2026-09-04,15:29,YASHO,34.5736
2026-09-04,15:29,YATHARTH,18.1569
2026-09-04,15:29,YATRA,5.4054
2026-09-04,15:29,YUKEN,42.718
2026-09-04,15:29,ZENTEC,1.8488
2026-09-04,15:29,ZFCVINDIA,9.9672
2026-09-04,15:29,ZIMLAB,4.2359
2026-09-04,15:29,ZUARI,2.5926
2026-09-04,15:29,ZUARIIND,7.5681
2026-09-04,15:29,ZYDUSLIFE,1.0192
2026-09-07,15:29,20MICRONS,10.1961
2026-09-07,15:29,360ONE,0.3708
2026-09-07,15:29,3BBLACKBIO,17.7203
2026-09-07,15:29,63MOONS,19.7448
2026-09-07,15:29,AARTIDRUGS,2.9322
2026-09-07,15:29,AARTIIND,0.9463
2026-09-07,15:29,AARTIPHARM,26.0539
2026-09-07,15:29,ABB,1.4534
2026-09-07,15:29,ABCAPITAL,0.6992
2026-09-07,15:29,ABREL,-1.5998
2026-09-07,15:29,ABSLAMC,5.3275
2026-09-07,15:29,ACE,4.8408
2026-09-07,15:29,ACMESOLAR,14.0039
2026-09-07,15:29,ADOR,7.9514
2026-09-07,15:29,ADVANCE,2.4912
2026-09-07,15:29,AEQUS,1.7668
2026-09-07,15:29,AEROENTER,26.724
2026-09-07,15:29,AEROFLEX,33.4808
2026-09-07,15:29,AETHER,9.4183
2026-09-07,15:29,AFCONS,3.1486
2026-09-07,15:29,AFFLE,8.7353
2026-09-07,15:29,AFSL,0.8705
2026-09-07,15:29,AGARWALEYE,8.8303
2026-09-07,15:29,AGI,3.606
2026-09-07,15:29,AJANTPHARM,3.7654
2026-09-07,15:29,AJAXENGG,5.1777
2026-09-07,15:29,AKCAPIT,-0.9202
2026-09-07,15:29,AKUMS,11.7007
2026-09-07,15:29,ALEMBICLTD,19.8558
2026-09-07,15:29,ALICON,0.4864
2026-09-07,15:29,ALIVUS,22.6402
2026-09-07,15:29,ALKYLAMINE,9.0475
2026-09-07,15:29,AMANTA,23.6938
2026-09-07,15:29,AMBER,2.177
2026-09-07,15:29,AMRUTANJAN,-2.5421
2026-09-07,15:29,ANANDRATHI,8.3768
2026-09-07,15:29,ANANTRAJ,3.4608
2026-09-07,15:29,ANDHRAPAP,15.3539
2026-09-07,15:29,ANDHRSUGAR,13.665
2026-09-07,15:29,ANGELONE,-0.1315
2026-09-07,15:29,ANTELOPUS,12.535
2026-09-07,15:29,ANTHEM,18.0823
2026-09-07,15:29,ANUHPHR,11.9113
2026-09-07,15:29,ANURAS,0.842
2026-09-07,15:29,APARINDS,26.169
2026-09-07,15:29,APCOTEXIND,7.3237
2026-09-07,15:29,APLAPOLLO,19.7362
2026-09-07,15:29,APLLTD,-1.8295
2026-09-07,15:29,APOLLO,2.7993
2026-09-07,15:29,APOLLOHOSP,-0.9442
2026-09-07,15:29,APOLLOPIPE,18.9275
2026-09-07,15:29,APOLLOTYRE,0.2024
2026-09-07,15:29,APTECHT,-2.3893
2026-09-07,15:29,ARFIN,4.4971
2026-09-07,15:29,ARIES,41.2851
2026-09-07,15:29,ARIHANTCAP,0.3843
2026-09-07,15:29,ARIS,1.2342
2026-09-07,15:29,ARMANFIN,2.0267
2026-09-07,15:29,ARROWGREEN,14.0691
2026-09-07,15:29,ARSSBL,0.7415
2026-09-07,15:29,ARTEMISMED,23.3393
2026-09-07,15:29,ARVIND,7.8422
2026-09-07,15:29,ARVSMART,7.8539
2026-09-07,15:29,ASAHIINDIA,8.7115
2026-09-07,15:29,ASHOKLEY,9.635
2026-09-07,15:29,ASIANENE,33.3507
2026-09-07,15:29,ASIANHOTNR,22.6836
2026-09-07,15:29,ASKAUTOLTD,18.8764
2026-09-07,15:29,ASTERDM,-0.7299
2026-09-07,15:29,ASTRAL,2.2104
2026-09-07,15:29,ATHERENERG,31.6405
2026-09-07,15:29,ATL,5.701
2026-09-07,15:29,ATLANTAELE,20.0582
2026-09-07,15:29,AUBANK,0.076
2026-09-07,15:29,AUROPHARMA,7.1382
2026-09-07,15:29,AURUM,-1.9767
2026-09-07,15:29,AVADHSUGAR,57.3208
2026-09-07,15:29,AVALON,36.1243
2026-09-07,15:29,AVTNPL,28.311
2026-09-07,15:29,AWL,0.3358
2026-09-07,15:29,AXISBANK,3.1365
2026-09-07,15:29,AXISCADES,15.9515
2026-09-07,15:29,AYE,10.3411
2026-09-07,15:29,AYMSYNTEX,33.9737
2026-09-07,15:29,AZAD,17.464
2026-09-07,15:29,BAFNAPH,24.223
2026-09-07,15:29,BAJAJ-AUTO,5.5126
2026-09-07,15:29,BAJAJCON,-2.7457
2026-09-07,15:29,BAJAJELEC,3.8555
2026-09-07,15:29,BAJAJFINSV,1.3382
2026-09-07,15:29,BAJAJHCARE,2.8625
2026-09-07,15:29,BAJAJHFL,-1.7076
2026-09-07,15:29,BAJAJHIND,34.495
2026-09-07,15:29,BAJAJHLDNG,1.3506
2026-09-07,15:29,BAJEL,5.463
2026-09-07,15:29,BAJFINANCE,1.1161
2026-09-07,15:29,BALAJITELE,9.5585
2026-09-07,15:29,BALAMINES,12.3424
2026-09-07,15:29,BALKRISIND,12.9321
2026-09-07,15:29,BALMLAWRIE,0.7529
2026-09-07,15:29,BALRAMCHIN,16.3329
2026-09-07,15:29,BALUFORGE,26.7993
2026-09-07,15:29,BANARISUG,10.2788
2026-09-07,15:29,BANCOINDIA,0.1358
2026-09-07,15:29,BANDHANBNK,-2.7917
2026-09-07,15:29,BANKINDIA,3.0101
2026-09-07,15:29,BANSALWIRE,0.3002
2026-09-07,15:29,BASF,1.3268
2026-09-07,15:29,BBOX,-0.1869
2026-09-07,15:29,BBTC,-1.6504
2026-09-07,15:29,BCLIND,3.3428
2026-09-07,15:29,BDL,-1.17
2026-09-07,15:29,BECTORFOOD,8.8536
2026-09-07,15:29,BEEKAY,8.3481
2026-09-07,15:29,BEL,-0.7737
2026-09-07,15:29,BELRISE,-1.0187
2026-09-07,15:29,BEML,17.8136
2026-09-07,15:29,BENGALASM,1.3917
2026-09-07,15:29,BEPL,10.7676
2026-09-07,15:29,BESTAGRO,26.1471
2026-09-07,15:29,BFINVEST,-0.2499
2026-09-07,15:29,BHAGCHEM,-0.9685
2026-09-07,15:29,BHAGERIA,46.6462
2026-09-07,15:29,BHARATSE,7.4581
2026-09-07,15:29,BHARTIARTL,-2.6925
2026-09-07,15:29,BHEL,1.3223
2026-09-07,15:29,BIL,24.8525
2026-09-07,15:29,BIRLACABLE,78.0028
2026-09-07,15:29,BIRLANU,5.9137
2026-09-07,15:29,BLACKBUCK,6.5741
2026-09-07,15:29,BLACKROSE,11.0163
2026-09-07,15:29,BLIL,4.0303
2026-09-07,15:29,BLISSGVS,50.4898
2026-09-07,15:29,BLKASHYAP,5.0638
2026-09-07,15:29,BLS,0.7032
2026-09-07,15:29,BLSE,10.797
2026-09-07,15:29,BLUEDART,-2.452
2026-09-07,15:29,BLUEJET,-1.2152
2026-09-07,15:29,BLUESTONE,6.0006
2026-09-07,15:29,BLUSPRING,25.4481
2026-09-07,15:29,BODALCHEM,153.2248
2026-09-07,15:29,BORANA,-0.8535
2026-09-07,15:29,BOROLTD,8.7751
2026-09-07,15:29,BOSCH-HCIL,38.7276
2026-09-07,15:29,BOSCHLTD,16.4242
2026-09-07,15:29,BPCL,-1.0593
2026-09-07,15:29,BRIGADE,24.9517
2026-09-07,15:29,BSE,-2.5616
2026-09-07,15:29,BSHSL,7.4199
2026-09-07,15:29,BUILDPRO,4.2729
2026-09-07,15:29,CAMPUS,-0.3053
2026-09-07,15:29,CANBK,-2.5617
2026-09-07,15:29,CANFINHOME,-0.9043
2026-09-07,15:29,CANHLIFE,6.1789
2026-09-07,15:29,CANTABIL,0.1762
2026-09-07,15:29,CAPLIPOINT,7.3472
2026-09-07,15:29,CARBORUNIV,2.8795
2026-09-07,15:29,CARERATING,1.6876
2026-09-07,15:29,CARTRADE,6.7618
2026-09-07,15:29,CARYSIL,-0.13
2026-09-07,15:29,CASTROLIND,2.5445
2026-09-07,15:29,CDSL,6.4635
2026-09-07,15:29,CEATLTD,-0.9971
2026-09-07,15:29,CEIGALL,10.274
2026-09-07,15:29,CELLO,-1.7679
2026-09-07,15:29,CENTENKA,5.0623
2026-09-07,15:29,CENTRALBK,-0.928
2026-09-07,15:29,CENTUM,24.9436
2026-09-07,15:29,CGCL,12.8669
2026-09-07,15:29,CGPOWER,2.0176
2026-09-07,15:29,CHALET,7.3538
2026-09-07,15:29,CHEMBONDCH,11.0257
2026-09-07,15:29,CHEMCON,12.125
2026-09-07,15:29,CHENNPETRO,22.3648
2026-09-07,15:29,CHEVIOT,4.823
2026-09-07,15:29,CHOLAFIN,3.529
2026-09-07,15:29,CHOLAHLDNG,-0.38
2026-09-07,15:29,CIPLA,-1.0217
2026-09-07,15:29,CLEAN,15.9412
2026-09-07,15:29,CLSEL,7.2861
2026-09-07,15:29,CMRGREEN,0.8809
2026-09-07,15:29,COALINDIA,-2.0234
2026-09-07,15:29,COCHINSHIP,7.4235
2026-09-07,15:29,COFFEEDAY,2.435
2026-09-07,15:29,COFORGE,26.603
2026-09-07,15:29,COHANCE,5.035
2026-09-07,15:29,COMSYN,68.6153
2026-09-07,15:29,CONCOR,-1.2929
2026-09-07,15:29,CONCORDBIO,14.8679
2026-09-07,15:29,CONFIPET,1.4067
2026-09-07,15:29,CONSOFINVT,6.2105
2026-09-07,15:29,CONTROLPR,1.3851
2026-09-07,15:29,COROMANDEL,-1.4572
2026-09-07,15:29,CORONA,-1.2773
2026-09-07,15:29,COSMOFIRST,1.8808
2026-09-07,15:29,CPPLUS,5.4837
2026-09-07,15:29,CRAFTSMAN,21.1215
2026-09-07,15:29,CREST,-1.16
2026-09-07,15:29,CRISIL,6.6937
2026-09-07,15:29,CSLFINANCE,12.1386
2026-09-07,15:29,CUB,7.6902
2026-09-07,15:29,CUPID,26.8626
2026-09-07,15:29,CYIENT,33.9554
2026-09-07,15:29,CYIENTDLM,30.118
2026-09-07,15:29,DALMIASUG,24.9093
2026-09-07,15:29,DATAPATTNS,0.2599
2026-09-07,15:29,DBOL,24.653
2026-09-07,15:29,DCBBANK,16.3198
2026-09-07,15:29,DCI,21.6661
2026-09-07,15:29,DCMSHRIRAM,-2.1009
2026-09-07,15:29,DCW,1.7384
2026-09-07,15:29,DDEVPLSTIK,-0.2541
2026-09-07,15:29,DECCANCE,5.1073
2026-09-07,15:29,DECNGOLD,9.5279
2026-09-07,15:29,DEEDEV,-0.8203
2026-09-07,15:29,DEEPAKNTR,-2.1919
2026-09-07,15:29,DEEPINDS,52.038
2026-09-07,15:29,DEN,1.9364
2026-09-07,15:29,DEVYANI,19.5933
2026-09-07,15:29,DHAMPURSUG,19.2675
2026-09-07,15:29,DHANUKA,2.7605
2026-09-07,15:29,DHARMAJ,3.8055
2026-09-07,15:29,DHUNINV,19.4813
2026-09-07,15:29,DIACABS,8.2788
2026-09-07,15:29,DIAMONDYD,4.0634
2026-09-07,15:29,DICIND,24.5221
2026-09-07,15:29,DIFFNKG,12.4613
2026-09-07,15:29,DIVGIITTS,22.1905
2026-09-07,15:29,DIVISLAB,25.6407
2026-09-07,15:29,DIXON,2.6792
2026-09-07,15:29,DLF,3.3492
2026-09-07,15:29,DLINKINDIA,-0.4356
2026-09-07,15:29,DMCC,8.2088
2026-09-07,15:29,DODLA,3.9926
2026-09-07,15:29,DOLATALGO,2.2957
2026-09-07,15:29,DOLLAR,1.688
2026-09-07,15:29,DOLPHIN,90.004
2026-09-07,15:29,DOMS,-2.7391
2026-09-07,15:29,DPABHUSHAN,0.8744
2026-09-07,15:29,DRAGARWQ,5.5936
2026-09-07,15:29,DREDGECORP,-1.0048
2026-09-07,15:29,DRREDDY,-0.5735
2026-09-07,15:29,DVL,23.6267
2026-09-07,15:29,DWARKESH,11.4299
2026-09-07,15:29,DYCL,11.1232
2026-09-07,15:29,DYNAMATECH,9.7004
2026-09-07,15:29,E2E,16.1659
2026-09-07,15:29,EBGNG,5.4146
2026-09-07,15:29,ECLERX,4.2557
2026-09-07,15:29,EDELWEISS,13.5232
2026-09-07,15:29,EFCIL,-2.6947
2026-09-07,15:29,EICHERMOT,-1.2549
2026-09-07,15:29,EIDPARRY,0.8494
2026-09-07,15:29,EIMCOELECO,23.948
2026-09-07,15:29,ELANTAS,36.6196
2026-09-07,15:29,ELCIDIN,-1.6031
2026-09-07,15:29,ELDEHSG,1.9054
2026-09-07,15:29,ELECON,0.708
2026-09-07,15:29,ELECTCAST,11.6024
2026-09-07,15:29,ELGIEQUIP,10.9787
2026-09-07,15:29,ELPROINTL,-1.5965
2026-09-07,15:29,EMAMIPAP,8.0691
2026-09-07,15:29,EMCURE,0.1039
2026-09-07,15:29,EMIL,41.8318
2026-09-07,15:29,EMKAY,11.3842
2026-09-07,15:29,EMMVEE,-2.518
2026-09-07,15:29,EMUDHRA,8.4854
2026-09-07,15:29,ENDURANCE,1.1124
2026-09-07,15:29,ENGINERSIN,22.3611
2026-09-07,15:29,ENTERO,49.0812
2026-09-07,15:29,EPIGRAL,1.9706
2026-09-07,15:29,EPL,4.137
2026-09-07,15:29,ESABINDIA,8.3697
2026-09-07,15:29,ESAFSFB,9.0624
2026-09-07,15:29,ESCORTS,0.1117
2026-09-07,15:29,ESTER,0.7152
2026-09-07,15:29,ETERNAL,8.4333
2026-09-07,15:29,ETHOSLTD,6.5069
2026-09-07,15:29,EXCELINDUS,2.0822
2026-09-07,15:29,EXICOM,11.5799
2026-09-07,15:29,EXIDEIND,-0.2927
2026-09-07,15:29,EXPLEOSOL,10.782
2026-09-07,15:29,FABTECH,-0.2888
2026-09-07,15:29,FCL,40.8752
2026-09-07,15:29,FEDDERSHOL,7.5941
2026-09-07,15:29,FEDFINA,10.1018
2026-09-07,15:29,FILATEX,2.6125
2026-09-07,15:29,FINCABLES,22.872
2026-09-07,15:29,FINEORG,5.9213
2026-09-07,15:29,FINKURVE,16.1411
2026-09-07,15:29,FIVESTAR,-2.6006
2026-09-07,15:29,FLUOROCHEM,-0.7231
2026-09-07,15:29,FMGOETZE,-0.3514
2026-09-07,15:29,FORCEMOT,3.2488
2026-09-07,15:29,FOSECOIND,21.6817
2026-09-07,15:29,FRACTAL,-1.0009
2026-09-07,15:29,FSL,-1.0029
2026-09-07,15:29,GAEL,5.1936
2026-09-07,15:29,GAIL,1.0159
2026-09-07,15:29,GALAXYSURF,8.8547
2026-09-07,15:29,GALLANTT,4.6048
2026-09-07,15:29,GANDHAR,7.8951
2026-09-07,15:29,GANDHITUBE,2.5918
2026-09-07,15:29,GANESHBE,15.1669
2026-09-07,15:29,GANESHCP,-0.1825
2026-09-07,15:29,GARFIBRES,8.7981
2026-09-07,15:29,GARUDA,3.6498
2026-09-07,15:29,GAYAPROJ,9.7477
2026-09-07,15:29,GCSL,13.3214
2026-09-07,15:29,GEECEE,8.7856
2026-09-07,15:29,GENUSPOWER,4.472
2026-09-07,15:29,GEOJITFSL,10.1384
2026-09-07,15:29,GESHIP,-1.5659
2026-09-07,15:29,GFLLIMITED,32.4175
2026-09-07,15:29,GHCL,-1.197
2026-09-07,15:29,GHCLTEXTIL,14.817
2026-09-07,15:29,GICRE,-2.6169
2026-09-07,15:29,GIPCL,23.4592
2026-09-07,15:29,GKSL,38.4253
2026-09-07,15:29,GLAND,22.5454
2026-09-07,15:29,GLAXO,15.9376
2026-09-07,15:29,GLENMARK,11.653
2026-09-07,15:29,GLOBAL,15.54
2026-09-07,15:29,GLOBUSSPR,0.6352
2026-09-07,15:29,GMBREW,3.9532
2026-09-07,15:29,GMDCLTD,-0.8094
2026-09-07,15:29,GMMPFAUDLR,48.7451
2026-09-07,15:29,GNA,6.1248
2026-09-07,15:29,GNFC,16.3343
2026-09-07,15:29,GNRL,23.7485
2026-09-07,15:29,GOCLCORP,10.3548
2026-09-07,15:29,GOCOLORS,0.0911
2026-09-07,15:29,GODIGIT,0.7064
2026-09-07,15:29,GODREJAGRO,15.8701
2026-09-07,15:29,GOKULAGRO,9.5202
2026-09-07,15:29,GOPAL,2.364
2026-09-07,15:29,GPIL,2.6498
2026-09-07,15:29,GPPL,8.5429
2026-09-07,15:29,GPTHEALTH,-2.7833
2026-09-07,15:29,GRANULES,2.907
2026-09-07,15:29,GRAPHITE,8.217
2026-09-07,15:29,GRASIM,6.1046
2026-09-07,15:29,GREENPLY,2.5276
2026-09-07,15:29,GRINFRA,-1.6924
2026-09-07,15:29,GROWW,-2.3322
2026-09-07,15:29,GRPLTD,-0.8411
2026-09-07,15:29,GSFC,1.2119
2026-09-07,15:29,GSPCROP,7.968
2026-09-07,15:29,GTPL,-1.587
2026-09-07,15:29,GUFICBIO,17.2008
2026-09-07,15:29,GUJALKALI,1.981
2026-09-07,15:29,GUJENERGY,-1.3632
2026-09-07,15:29,GUJTHEM,19.0021
2026-09-07,15:29,GULFOILLUB,0.4389
2026-09-07,15:29,GVT&D,3.9241
2026-09-07,15:29,GYFTR,25.3717
2026-09-07,15:29,HAL,5.1137
2026-09-07,15:29,HALDYNGL,19.8257
2026-09-07,15:29,HAPPYFORGE,35.179
2026-09-07,15:29,HARSHA,12.2489
2026-09-07,15:29,HATSUN,29.5147
2026-09-07,15:29,HBLENGINE,-1.38
2026-09-07,15:29,HCC,8.3295
2026-09-07,15:29,HCG,1.6176
2026-09-07,15:29,HCLTECH,-1.0109
2026-09-07,15:29,HDBFS,-0.1821
2026-09-07,15:29,HEIDELBERG,1.5817
2026-09-07,15:29,HERITGFOOD,17.4053
2026-09-07,15:29,HEROMOTOCO,3.0545
2026-09-07,15:29,HEXAGON,2.3995
2026-09-07,15:29,HEXATRADEX,0.8586
2026-09-07,15:29,HFCL,26.2127
2026-09-07,15:29,HIKAL,9.4693
2026-09-07,15:29,HINDALCO,6.4269
2026-09-07,15:29,HINDCOPPER,5.5348
2026-09-07,15:29,HINDOILEXP,19.5405
2026-09-07,15:29,HINDZINC,11.2338
2026-09-07,15:29,HITECHCORP,4.697
2026-09-07,15:29,HITECHGEAR,-1.8172
2026-09-07,15:29,HMT,12.1935
2026-09-07,15:29,HNDFDS,8.778
2026-09-07,15:29,HOMEFIRST,4.3298
2026-09-07,15:29,HONASA,3.5671
2026-09-07,15:29,HTMEDIA,4.6417
2026-09-07,15:29,HYUNDAI,11.3575
2026-09-07,15:29,ICICIBANK,-1.2589
2026-09-07,15:29,ICIL,13.0998
2026-09-07,15:29,ICRA,3.8862
2026-09-07,15:29,IDBI,7.4219
2026-09-07,15:29,IDFCFIRSTB,1.8379
2026-09-07,15:29,IFBIND,-0.7705
2026-09-07,15:29,IFCI,45.6315
2026-09-07,15:29,IFGLEXPOR,1.4486
2026-09-07,15:29,IGL,3.0146
2026-09-07,15:29,IGPL,18.202
2026-09-07,15:29,IIFL,14.105
2026-09-07,15:29,IIFLCAPS,0.8143
2026-09-07,15:29,IKIO,-2.4041
2026-09-07,15:29,IKS,-2.2417
2026-09-07,15:29,IMAGICAA,19.9912
2026-09-07,15:29,IMPAL,-1.6072
2026-09-07,15:29,INDGN,17.9707
2026-09-07,15:29,INDHOTEL,-2.3918
2026-09-07,15:29,INDIANB,4.5895
2026-09-07,15:29,INDIANHUME,2.0413
2026-09-07,15:29,INDIGOPNTS,9.6936
2026-09-07,15:29,INDIQUBE,13.8696
2026-09-07,15:29,INDOAMIN,-0.6869
2026-09-07,15:29,INDOBORAX,23.9425
2026-09-07,15:29,INDOCO,1.0317
2026-09-07,15:29,INDORAMA,47.889
2026-09-07,15:29,INDOTECH,4.6583
2026-09-07,15:29,INDPRUD,-2.5488
2026-09-07,15:29,INDSWFTLAB,53.6826
2026-09-07,15:29,INDUSINDBK,-0.8593
2026-09-07,15:29,INDUSTOWER,-2.8265
2026-09-07,15:29,INFOBEAN,1.6482
2026-09-07,15:29,INFY,0.7691
2026-09-07,15:29,INGERRAND,8.0248
2026-09-07,15:29,INNOVACAP,19.9918
2026-09-07,15:29,INOXINDIA,12.3621
2026-09-07,15:29,INSECTICID,-0.9877
2026-09-07,15:29,INTLCONV,6.6595
2026-09-07,15:29,INVPRECQ,33.7796
2026-09-07,15:29,IOLCP,40.6576
2026-09-07,15:29,IONEXCHANG,2.7375
2026-09-07,15:29,IPCALAB,10.2104
2026-09-07,15:29,IRIS,6.5916
2026-09-07,15:29,IRISDOREME,28.7016
2026-09-07,15:29,IRMENERGY,9.9305
2026-09-07,15:29,ITI,-1.992
2026-09-07,15:29,JAGRAN,-0.8024
2026-09-07,15:29,JAGSNPHARM,4.1157
2026-09-07,15:29,JAIBALAJI,13.6453
2026-09-07,15:29,JASH,-1.0933
2026-09-07,15:29,JAYAGROGN,-1.8695
2026-09-07,15:29,JAYNECOIND,2.3864
2026-09-07,15:29,JGCHEM,14.4953
2026-09-07,15:29,JINDALPOLY,10.0252
2026-09-07,15:29,JINDALSAW,23.4004
2026-09-07,15:29,JINDALSTEL,7.7132
2026-09-07,15:29,JINDRILL,11.7439
2026-09-07,15:29,JINDWORLD,48.4149
2026-09-07,15:29,JIOFIN,-0.7495
2026-09-07,15:29,JISLJALEQS,6.8354
2026-09-07,15:29,JKIL,0.4703
2026-09-07,15:29,JKPAPER,1.3267
2026-09-07,15:29,JMFINANCIL,4.7604
2026-09-07,15:29,JSFB,0.2327
2026-09-07,15:29,JSL,1.768
2026-09-07,15:29,JSWDULUX,8.2473
2026-09-07,15:29,JSWHL,3.3912
2026-09-07,15:29,JSWINFRA,2.8123
2026-09-07,15:29,JSWSTEEL,4.6119
2026-09-07,15:29,JTLIND,22.3148
2026-09-07,15:29,JUBLCPL,17.5787
2026-09-07,15:29,JUBLFOOD,11.2177
2026-09-07,15:29,JUNIPER,8.747
2026-09-07,15:29,JUSTDIAL,-2.7758
2026-09-07,15:29,JWL,-1.0541
2026-09-07,15:29,JYOTICNC,26.986
2026-09-07,15:29,KABRAEXTRU,56.7441
2026-09-07,15:29,KAJARIACER,0.041
2026-09-07,15:29,KALAMANDIR,-1.6144
2026-09-07,15:29,KALPATARU,3.3333
2026-09-07,15:29,KALYANKJIL,4.6759
2026-09-07,15:29,KAMATHOTEL,34.3638
2026-09-07,15:29,KAMDHENU,8.4875
2026-09-07,15:29,KANORICHEM,-2.7046
2026-09-07,15:29,KANPRPLA,6.9297
2026-09-07,15:29,KAPSTON,23.0986
2026-09-07,15:29,KARURVYSYA,0.6036
2026-09-07,15:29,KAYA,28.375
2026-09-07,15:29,KAYNES,13.287
2026-09-07,15:29,KCP,0.4614
2026-09-07,15:29,KDDL,27.9865
2026-09-07,15:29,KENNAMET,65.4037
2026-09-07,15:29,KFINTECH,-2.818
2026-09-07,15:29,KHAICHEM,9.7012
2026-09-07,15:29,KILITCH,3.854
2026-09-07,15:29,KINGFA,18.095
2026-09-07,15:29,KIOCL,5.9519
2026-09-07,15:29,KIRANVYPAR,1.8159
2026-09-07,15:29,KIRIINDUS,41.9669
2026-09-07,15:29,KIRLOSBROS,-0.06
2026-09-07,15:29,KIRLOSIND,-2.4191
2026-09-07,15:29,KKCL,0.508
2026-09-07,15:29,KLBRENG-B,4.9016
2026-09-07,15:29,KMEW,21.987
2026-09-07,15:29,KNRCON,0.1387
2026-09-07,15:29,KOLTEPATIL,14.7439
2026-09-07,15:29,KOPRAN,22.1957
2026-09-07,15:29,KOTAKBANK,9.7361
2026-09-07,15:29,KOTHARIPET,-2.0578
2026-09-07,15:29,KOVAI,3.8501
2026-09-07,15:29,KPIL,9.7043
2026-09-07,15:29,KPL,25.9675
2026-09-07,15:29,KPRMILL,9.3466
2026-09-07,15:29,KRBL,21.8942
2026-09-07,15:29,KRISHANA,9.0605
2026-09-07,15:29,KRN,30.5962
2026-09-07,15:29,KRONOX,15.7763
2026-09-07,15:29,KROSS,9.8891
2026-09-07,15:29,KRSNAA,4.0491
2026-09-07,15:29,KRYSTAL,10.1949
2026-09-07,15:29,KSHINTL,24.9181
2026-09-07,15:29,KSL,5.0784
2026-09-07,15:29,KTKBANK,16.8272
2026-09-07,15:29,KUSUMGAR,-0.5737
2026-09-07,15:29,KWIL,30.5397
2026-09-07,15:29,LALPATHLAB,4.0882
2026-09-07,15:29,LASERPOWER,1.463
2026-09-07,15:29,LAURUSLABS,9.5308
2026-09-07,15:29,LAXMIINDIA,1.8441
2026-09-07,15:29,LENSKART,20.2797
2026-09-07,15:29,LGBBROSLTD,11.4493
2026-09-07,15:29,LGEINDIA,7.9251
2026-09-07,15:29,LICHSGFIN,0.0453
2026-09-07,15:29,LINCOLN,8.6325
2026-09-07,15:29,LMW,14.938
2026-09-07,15:29,LODHA,0.1085
2026-09-07,15:29,LOKESHMACH,6.7761
2026-09-07,15:29,LOTUSDEV,6.257
2026-09-07,15:29,LT,5.0709
2026-09-07,15:29,LTF,0.0801
2026-09-07,15:29,LTFOODS,19.2747
2026-09-07,15:29,LTM,6.1373
2026-09-07,15:29,LTTS,-2.3984
2026-09-07,15:29,LUMAXIND,18.4774
2026-09-07,15:29,LUMAXTECH,29.5602
2026-09-07,15:29,M&M,-2.427
2026-09-07,15:29,M&MFIN,2.5758
2026-09-07,15:29,MAANALU,0.9281
2026-09-07,15:29,MACPOWER,37.5787
2026-09-07,15:29,MAGADSUGAR,17.3602
2026-09-07,15:29,MAHABANK,5.4198
2026-09-07,15:29,MAHASTEEL,68.2787
2026-09-07,15:29,MAHSCOOTER,3.9042
2026-09-07,15:29,MAHSEAMLES,19.4331
2026-09-07,15:29,MAITHANALL,14.2347
2026-09-07,15:29,MALLCOM,-2.2113
2026-09-07,15:29,MAMATA,8.6014
2026-09-07,15:29,MANAKSTEEL,52.0795
2026-09-07,15:29,MANALIPETC,28.6546
2026-09-07,15:29,MANGLMCEM,10.7139
2026-09-07,15:29,MANINDS,55.5429
2026-09-07,15:29,MANINFRA,26.4688
2026-09-07,15:29,MANORAMA,20.7788
2026-09-07,15:29,MANYAVAR,42.8833
2026-09-07,15:29,MARATHON,18.2146
2026-09-07,15:29,MARINE,55.5658
2026-09-07,15:29,MARKSANS,27.202
2026-09-07,15:29,MARSONS,15.1708
2026-09-07,15:29,MASTEK,-2.3042
2026-09-07,15:29,MASTERTR,5.6097
2026-09-07,15:29,MATRIMONY,21.4652
2026-09-07,15:29,MAWANASUG,32.5932
2026-09-07,15:29,MAXESTATES,37.3625
2026-09-07,15:29,MAZDA,26.4061
2026-09-07,15:29,MAZDOCK,5.3169
2026-09-07,15:29,MBAPL,-0.5733
2026-09-07,15:29,MCCHRLS-B,-2.7255
2026-09-07,15:29,MCX,20.874
2026-09-07,15:29,MEDANTA,1.0944
2026-09-07,15:29,MEESHO,15.486
2026-09-07,15:29,MENONBE,40.8765
2026-09-07,15:29,MERCURYEV,4.1203
2026-09-07,15:29,METROPOLIS,0.0693
2026-09-07,15:29,MFSL,0.589
2026-09-07,15:29,MGL,-0.5373
2026-09-07,15:29,MICEL,1.6204
2026-09-07,15:29,MIDHANI,5.7416
2026-09-07,15:29,MINDACORP,0.4332
2026-09-07,15:29,MMFL,10.4736
2026-09-07,15:29,MMP,56.0954
2026-09-07,15:29,MMTC,3.5031
2026-09-07,15:29,MODIS,-1.3901
2026-09-07,15:29,MODISONLTD,74.6924
2026-09-07,15:29,MOL,18.1982
2026-09-07,15:29,MOLDTECH,53.9293
2026-09-07,15:29,MOLDTKPAC,0.7583
2026-09-07,15:29,MONTECARLO,5.23
2026-09-07,15:29,MOREPENLAB,109.8129
2026-09-07,15:29,MOSCHIP,2.0643
2026-09-07,15:29,MOTHERSON,8.7467
2026-09-07,15:29,MOTILALOFS,21.362
2026-09-07,15:29,MPHASIS,1.5604
2026-09-07,15:29,MPSLTD,-1.9128
2026-09-07,15:29,MRF,-2.3709
2026-09-07,15:29,MRPL,6.7164
2026-09-07,15:29,MSTCLTD,30.3551
2026-09-07,15:29,MTARTECH,30.663
2026-09-07,15:29,MUFIN,8.407
2026-09-07,15:29,MUKANDLTD,-2.6108
2026-09-07,15:29,MUKKA,42.1309
2026-09-07,15:29,MUNJALAU,10.6196
2026-09-07,15:29,MVGJL,29.1689
2026-09-07,15:29,NAHARINDUS,19.3562
2026-09-07,15:29,NAHARSPING,2.3243
2026-09-07,15:29,NAM-INDIA,3.5618
2026-09-07,15:29,NATIONALUM,7.8238
2026-09-07,15:29,NAUKRI,9.0597
2026-09-07,15:29,NAVA,-1.4877
2026-09-07,15:29,NAVINFLUOR,11.5744
2026-09-07,15:29,NAZARA,22.0501
2026-09-07,15:29,NCC,6.0011
2026-09-07,15:29,NELCAST,-1.6032
2026-09-07,15:29,NELCO,-0.0589
2026-09-07,15:29,NEOGEN,6.928
2026-09-07,15:29,NEPHROPLUS,4.2837
2026-09-07,15:29,NESCO,6.7143
2026-09-07,15:29,NETWEB,18.2202
2026-09-07,15:29,NEULANDLAB,20.4064
2026-09-07,15:29,NEWGEN,2.8442
2026-09-07,15:29,NFL,-1.0135
2026-09-07,15:29,NIACL,39.6388
2026-09-07,15:29,NIITLTD,2.2507
2026-09-07,15:29,NILKAMAL,16.2235
2026-09-07,15:29,NIRLON,-0.7903
2026-09-07,15:29,NITINSPIN,16.2267
2026-09-07,15:29,NMDC,0.3951
2026-09-07,15:29,NOCIL,5.6431
2026-09-07,15:29,NORTHARC,1.966
2026-09-07,15:29,NOVARTIND,0.5273
2026-09-07,15:29,NPST,11.7719
2026-09-07,15:29,NRAIL,23.2658
2026-09-07,15:29,NRBBEARING,15.2057
2026-09-07,15:29,NRL,28.7876
2026-09-07,15:29,NSIL,4.2608
2026-09-07,15:29,NSLNISP,8.8256
2026-09-07,15:29,NUCLEUS,-1.7908
2026-09-07,15:29,NUVOCO,-1.7229
2026-09-07,15:29,NYKAA,1.821
2026-09-07,15:29,OAL,36.9219
2026-09-07,15:29,OBEROIRLTY,0.8131
2026-09-07,15:29,OCCLLTD,8.0289
2026-09-07,15:29,OFSS,6.8356
2026-09-07,15:29,OIL,10.181
2026-09-07,15:29,OLAELEC,1.8514
2026-09-07,15:29,OMAXE,44.3246
2026-09-07,15:29,OMPOWER,0.259
2026-09-07,15:29,ONEPOINT,4.1306
2026-09-07,15:29,ONGC,-2.0372
2026-09-07,15:29,ORBTEXP,-2.0773
2026-09-07,15:29,ORICONENT,-2.6311
2026-09-07,15:29,ORIENTBELL,26.8643
2026-09-07,15:29,ORIENTCER,10.6151
2026-09-07,15:29,ORIENTELEC,1.9656
2026-09-07,15:29,ORIENTHOT,1.2814
2026-09-07,15:29,ORISSAMINE,12.8349
2026-09-07,15:29,ORKLAINDIA,3.832
2026-09-07,15:29,PAISALO,12.7342
2026-09-07,15:29,PANACHE,23.3439
2026-09-07,15:29,PANAMAPET,-1.1805
2026-09-07,15:29,PARACABLES,4.3084
2026-09-07,15:29,PARADEEP,17.3351
2026-09-07,15:29,PARAGMILK,15.1051
2026-09-07,15:29,PARAS,21.952
2026-09-07,15:29,PARKHOSPS,2.5384
2026-09-07,15:29,PASUPTAC,17.6512
2026-09-07,15:29,PATANJALI,-1.7154
2026-09-07,15:29,PATELRMART,-1.8991
2026-09-07,15:29,PAUSHAKLTD,33.3741
2026-09-07,15:29,PAYTM,29.0523
2026-09-07,15:29,PCBL,-2.6675
2026-09-07,15:29,PDMJEPAPER,5.9321
2026-09-07,15:29,PDSL,-2.2098
2026-09-07,15:29,PENIND,6.5391
2026-09-07,15:29,PERSISTENT,5.1593
2026-09-07,15:29,PETRONET,6.6142
2026-09-07,15:29,PFIZER,-2.0479
2026-09-07,15:29,PFOCUS,8.3406
2026-09-07,15:29,PGIL,11.931
2026-09-07,15:29,PIDILITIND,-2.2528
2026-09-07,15:29,PILANIINVS,-1.0701
2026-09-07,15:29,PINELABS,10.4404
2026-09-07,15:29,PITTIENG,26.378
2026-09-07,15:29,PIXTRANS,-2.3265
2026-09-07,15:29,PLATIND,-2.7098
2026-09-07,15:29,PNB,3.5657
2026-09-07,15:29,PNBHOUSING,9.6059
2026-09-07,15:29,PNGSREVA,30.4395
2026-09-07,15:29,POLICYBZR,15.3747
2026-09-07,15:29,POLYMED,1.2138
2026-09-07,15:29,POLYPLEX,1.5578
2026-09-07,15:29,POONAWALLA,-1.2793
2026-09-07,15:29,POWERINDIA,0.7132
2026-09-07,15:29,PPL,0.5398
2026-09-07,15:29,PPLPHARMA,14.3765
2026-09-07,15:29,PRABHA,71.3773
2026-09-07,15:29,PRAJIND,6.5032
2026-09-07,15:29,PRAKASH,-0.3108
2026-09-07,15:29,PRECWIRE,23.2651
2026-09-07,15:29,PREMEXPLN,-0.8743
2026-09-07,15:29,PREMIERPOL,22.7846
2026-09-07,15:29,PRICOLLTD,17.1338
2026-09-07,15:29,PRIMESECU,1.6029
2026-09-07,15:29,PRINCEPIPE,6.8888
2026-09-07,15:29,PROSTARM,12.5192
2026-09-07,15:29,PROZONER,8.8415
2026-09-07,15:29,PRSMJOHNSN,3.3717
2026-09-07,15:29,PRUDENT,17.3415
2026-09-07,15:29,PTCIL,32.5392
2026-09-07,15:29,PTL,-1.8519
2026-09-07,15:29,PURVA,1.6268
2026-09-07,15:29,PVP,137.8102
2026-09-07,15:29,PVRINOX,2.9647
2026-09-07,15:29,PWL,5.3457
2026-09-07,15:29,QPOWER,34.0901
2026-09-07,15:29,QUADFUTURE,14.5988
2026-09-07,15:29,QUESS,14.8267
2026-09-07,15:29,QUICKHEAL,-1.644
2026-09-07,15:29,RACLGEAR,18.1279
2026-09-07,15:29,RADHIKAJWE,38.5859
2026-09-07,15:29,RADICO,7.0972
2026-09-07,15:29,RAINBOW,-0.9167
2026-09-07,15:29,RAJOOENG,-0.0369
2026-09-07,15:29,RAJRILTD,4.7412
2026-09-07,15:29,RAMBHAJO,39.6331
2026-09-07,15:29,RAMRAT,23.9596
2026-09-07,15:29,RATNAMANI,10.5727
2026-09-07,15:29,RATNAVEER,53.5244
2026-09-07,15:29,RAYMOND,29.8151
2026-09-07,15:29,RBA,42.6817
2026-09-07,15:29,RBLBANK,14.3723
2026-09-07,15:29,RBZJEWEL,30.9732
2026-09-07,15:29,REDINGTON,35.9698
2026-09-07,15:29,REGAAL,13.6375
2026-09-07,15:29,RELIANCE,2.3047
2026-09-07,15:29,RELIGARE,0
2026-09-07,15:29,RENUKA,15.0503
2026-09-07,15:29,RGL,29.7018
2026-09-07,15:29,RIIL,-0.5162
2026-09-07,15:29,RISHABH,29.6542
2026-09-07,15:29,RITCO,8.37
2026-09-07,15:29,RITES,-0.6217
2026-09-07,15:29,RKFORGE,12.9187
2026-09-07,15:29,RMDRIP,17.1046
2026-09-07,15:29,RML,20.8181
2026-09-07,15:29,ROLEXRINGS,27.3709
2026-09-07,15:29,ROSSTECH,17.6856
2026-09-07,15:29,RPEL,30.0534
2026-09-07,15:29,RPTECH,6.482
2026-09-07,15:29,RSL,38.5022
2026-09-07,15:29,RSWM,1.8814
2026-09-07,15:29,RSYSTEMS,-0.8424
2026-09-07,15:29,RUBICON,12.365
2026-09-07,15:29,RUBYMILLS,14.9541
2026-09-07,15:29,SAGILITY,6.1446
2026-09-07,15:29,SAIL,15.5454
2026-09-07,15:29,SAILIFE,22.735
2026-09-07,15:29,SAKAR,33.6385
2026-09-07,15:29,SALSTEEL,37.3866
2026-09-07,15:29,SAMBHV,9.7296
2026-09-07,15:29,SANDESH,8.1422
2026-09-07,15:29,SANDHAR,3.4776
2026-09-07,15:29,SANDUMA,-1.5039
2026-09-07,15:29,SANGHVIMOV,-2.5333
2026-09-07,15:29,SANSERA,19.0437
2026-09-07,15:29,SAPPHIRE,21.9627
2026-09-07,15:29,SARDAEN,0.039
2026-09-07,15:29,SARLAPOLY,1.1931
2026-09-07,15:29,SASKEN,0.4178
2026-09-07,15:29,SATIA,9.7537
2026-09-07,15:29,SAYAJIHOTL,7.8104
2026-09-07,15:29,SBC,11.3566
2026-09-07,15:29,SBCL,47.1337
2026-09-07,15:29,SBFC,8.9622
2026-09-07,15:29,SBICARD,4.5969
2026-09-07,15:29,SBIN,-1.4403
2026-09-07,15:29,SCI,3.506
2026-09-07,15:29,SCPL,9.3025
2026-09-07,15:29,SDBL,4.0932
2026-09-07,15:29,SEAMECLTD,26.1267
2026-09-07,15:29,SEDEMAC,3.5237
2026-09-07,15:29,SEIL,-2.4037
2026-09-07,15:29,SENORES,6.0552
2026-09-07,15:29,SESHAPAPER,2.1408
2026-09-07,15:29,SETL,37.3939
2026-09-07,15:29,SGFIN,-1.5259
2026-09-07,15:29,SGIL,0.1834
2026-09-07,15:29,SGMART,12.454
2026-09-07,15:29,SHADOWFAX,19.3702
2026-09-07,15:29,SHAILY,9.8042
2026-09-07,15:29,SHALPAINTS,20.598
2026-09-07,15:29,SHANTIGEAR,53.6246
2026-09-07,15:29,SHANTIGOLD,24.8075
2026-09-07,15:29,SHARDAMOTR,6.6503
2026-09-07,15:29,SHILPAMED,51.3858
2026-09-07,15:29,SHINDL,2.3904
2026-09-07,15:29,SHIVALIK,19.9372
2026-09-07,15:29,SHIVAUM,16.8276
2026-09-07,15:29,SHK,-0.1754
2026-09-07,15:29,SHOPERSTOP,-2.4751
2026-09-07,15:29,SHREDIGCEM,-1.5578
2026-09-07,15:29,SHREEJISPG,10.8594
2026-09-07,15:29,SHREEPUSHK,32.6549
2026-09-07,15:29,SHREERAMA,10.1508
2026-09-07,15:29,SHRINGARMS,-0.7221
2026-09-07,15:29,SHRIPISTON,5.8867
2026-09-07,15:29,SHRIRAMFIN,-0.1156
2026-09-07,15:29,SHYAMMETL,4.56
2026-09-07,15:29,SICALLOG,1.04
2026-09-07,15:29,SIEMENS,5.6213
2026-09-07,15:29,SIGACHI,32.6523
2026-09-07,15:29,SIGMAADV,34.781
2026-09-07,15:29,SIGNATURE,1.1571
2026-09-07,15:29,SILINV,13.2558
2026-09-07,15:29,SIMPLEXINF,9.4137
2026-09-07,15:29,SINDHUTRAD,1.7735
2026-09-07,15:29,SIRCA,9.8303
2026-09-07,15:29,SIS,-1.5503
2026-09-07,15:29,SKFINDIA,4.4012
2026-09-07,15:29,SKFINDUS,11.1312
2026-09-07,15:29,SKIPPER,16.0857
2026-09-07,15:29,SKYGOLD,17.3453
2026-09-07,15:29,SMARTWORKS,11.1237
2026-09-07,15:29,SMCGLOBAL,11.3222
2026-09-07,15:29,SMLMAH,63.7763
2026-09-07,15:29,SMSPHARMA,1.5438
2026-09-07,15:29,SNOWMAN,0.8803
2026-09-07,15:29,SOFTTECH,4.2048
2026-09-07,15:29,SOLARA,38.0297
2026-09-07,15:29,SOLARINDS,17.8334
2026-09-07,15:29,SOMANYCERA,13.7339
2026-09-07,15:29,SONACOMS,9.3078
2026-09-07,15:29,SOTL,8.6856
2026-09-07,15:29,SPAL,5.0769
2026-09-07,15:29,SPECIALITY,2.4691
2026-09-07,15:29,SPECTRUM,12.8773
2026-09-07,15:29,SPIC,7.362
2026-09-07,15:29,SPLPETRO,5.4672
2026-09-07,15:29,SPORTKING,2.918
2026-09-07,15:29,SREEL,25.4546
2026-09-07,15:29,SRHHYPOLTD,9.1357
2026-09-07,15:29,SSWL,26.314
2026-09-07,15:29,STAR,13.0201
2026-09-07,15:29,STEELCAS,4.9446
2026-09-07,15:29,STEL,6.8206
2026-09-07,15:29,STLNETWORK,17.8919
2026-09-07,15:29,STLTECH,41.5736
2026-09-07,15:29,STOVEKRAFT,6.7031
2026-09-07,15:29,STYL,5.7874
2026-09-07,15:29,STYLAMIND,-1.303
2026-09-07,15:29,STYLEBAAZA,45.2991
2026-09-07,15:29,SUDARCOLOR,7.4444
2026-09-07,15:29,SUDARSCHEM,17.3664
2026-09-07,15:29,SUDEEPPHRM,54.2128
2026-09-07,15:29,SULA,-2.4925
2026-09-07,15:29,SUNDARMFIN,6.5998
2026-09-07,15:29,SUNDRMFAST,25.2739
2026-09-07,15:29,SUPREMEIND,7.7826
2026-09-07,15:29,SUPREMEINF,6.8253
2026-09-07,15:29,SUPRIYA,7.5985
2026-09-07,15:29,SURAKSHA,35.7772
2026-09-07,15:29,SUTLEJTEX,6.8712
2026-09-07,15:29,SUVEN,21.0172
2026-09-07,15:29,SVLL,5.5409
2026-09-07,15:29,SWANDEF,2.6865
2026-09-07,15:29,SWARAJENG,1.1816
2026-09-07,15:29,SWIGGY,7.1595
2026-09-07,15:29,SYNCOMF,53.9104
2026-09-07,15:29,SYRMA,24.2061
2026-09-07,15:29,SYSTMTXC,5.4
2026-09-07,15:29,TAALTECH,11.653
2026-09-07,15:29,TALBROAUTO,11.6195
2026-09-07,15:29,TARC,1.482
2026-09-07,15:29,TARIL,-0.9422
2026-09-07,15:29,TARSONS,2.3839
2026-09-07,15:29,TASTYBITE,11.5794
2026-09-07,15:29,TATACAP,5.5342
2026-09-07,15:29,TATACOMM,0.1902
2026-09-07,15:29,TATAELXSI,-1.6149
2026-09-07,15:29,TATASTEEL,0.7381
2026-09-07,15:29,TATATECH,10.0659
2026-09-07,15:29,TBOTEK,12.2565
2026-09-07,15:29,TBZ,88.7446
2026-09-07,15:29,TCIEXP,-2.1822
2026-09-07,15:29,TCPLPACK,20.3727
2026-09-07,15:29,TCS,-1.1152
2026-09-07,15:29,TEAMLEASE,-1.1437
2026-09-07,15:29,TECHM,-0.6984
2026-09-07,15:29,TECHNVISN,-2.4725
2026-09-07,15:29,TEGA,6.1569
2026-09-07,15:29,TEJASNET,15.7002
2026-09-07,15:29,TEXINFRA,5.3534
2026-09-07,15:29,TEXRAIL,5.9324
2026-09-07,15:29,TFCILTD,48.6287
2026-09-07,15:29,THEJO,12.4401
2026-09-07,15:29,THELEELA,14.2767
2026-09-07,15:29,THEMISMED,23.2929
2026-09-07,15:29,THOMASCOOK,14.2915
2026-09-07,15:29,THYROCARE,-1.8663
2026-09-07,15:29,TI,19.3754
2026-09-07,15:29,TIIL,22.1134
2026-09-07,15:29,TIL,16.9438
2026-09-07,15:29,TIMEX,11.9465
2026-09-07,15:29,TIMKEN,-0.9019
2026-09-07,15:29,TITAGARH,9.8456
2026-09-07,15:29,TITAN,5.3775
2026-09-07,15:29,TMB,4.7893
2026-09-07,15:29,TMCV,11.8098
2026-09-07,15:29,TNPETRO,39.9299
2026-09-07,15:29,TNPL,2.2174
2026-09-07,15:29,TORNTPHARM,-2.1018
2026-09-07,15:29,TRANSPEK,26.02
2026-09-07,15:29,TRAVELFOOD,0.6973
2026-09-07,15:29,TREL,11.3478
2026-09-07,15:29,TRIVENI,15.0417
2026-09-07,15:29,TRUALT,0.6766
2026-09-07,15:29,TTKHLTCARE,0.2112
2026-09-07,15:29,TURTLEMINT,13.1036
2026-09-07,15:29,TVSMOTOR,6.5937
2026-09-07,15:29,TVSSRICHAK,33.5431
2026-09-07,15:29,UDS,5.4405
2026-09-07,15:29,UEL,89.7487
2026-09-07,15:29,UFBL,-1.1153
2026-09-07,15:29,UFLEX,43.2889
2026-09-07,15:29,UGARSUGAR,24.6033
2026-09-07,15:29,ULTRAMAR,14.5219
2026-09-07,15:29,UNICHEMLAB,5.519
2026-09-07,15:29,UNIECOM,-0.4316
2026-09-07,15:29,UNIMECH,24.3102
2026-09-07,15:29,UNIONBANK,9.3645
2026-09-07,15:29,UNIPARTS,27.9938
2026-09-07,15:29,UNITEDPOLY,42.648
2026-09-07,15:29,UNIVASTU,36.0426
2026-09-07,15:29,UNIVCABLES,18.4206
2026-09-07,15:29,UNIVPHOTO,5.2858
2026-09-07,15:29,UNOMINDA,6.8221
2026-09-07,15:29,URBANCO,34.9946
2026-09-07,15:29,USHAMART,-0.3585
2026-09-07,15:29,UTIAMC,-1.5542
2026-09-07,15:29,UTLSOLAR,8.5588
2026-09-07,15:29,UTTAMSUGAR,24.1747
2026-09-07,15:29,V2RETAIL,-0.4654
2026-09-07,15:29,VADILALIND,11.0035
2026-09-07,15:29,VALIANTLAB,76.7192
2026-09-07,15:29,VALIANTORG,24.2759
2026-09-07,15:29,VAML,0.4003
2026-09-07,15:29,VARROC,24.2376
2026-09-07,15:29,VEDL,1.2658
2026-09-07,15:29,VEEDOL,4.5967
2026-09-07,15:29,VELJAN,5.4315
2026-09-07,15:29,VENKEYS,9.6163
2026-09-07,15:29,VENUSPIPES,6.955
2026-09-07,15:29,VENUSREM,6.1959
2026-09-07,15:29,VERANDA,3.8034
2026-09-07,15:29,VGUARD,12.9586
2026-09-07,15:29,VHL,3.354
2026-09-07,15:29,VIDHIING,10.7409
2026-09-07,15:29,VIJAYA,10.8602
2026-09-07,15:29,VIMTALABS,9.1118
2026-09-07,15:29,VINATIORGA,-1.1191
2026-09-07,15:29,VINCOFE,9.8299
2026-09-07,15:29,VINDHYATEL,44.9541
2026-09-07,15:29,VIPIND,8.1857
2026-09-07,15:29,VISAKAIND,12.0063
2026-09-07,15:29,VISHNU,14.1757
2026-09-07,15:29,VISL,14.0975
2026-09-07,15:29,VIVIANA,6.0426
2026-09-07,15:29,VIYASH,1.521
2026-09-07,15:29,VMART,15.5605
2026-09-07,15:29,VOEPL,9.3737
2026-09-07,15:29,VOGL,6.0276
2026-09-07,15:29,VOLTAMP,20.5162
2026-09-07,15:29,VRLLOG,11.4177
2026-09-07,15:29,VSSL,19.8957
2026-09-07,15:29,WABAG,1.5424
2026-09-07,15:29,WAKEFIT,21.6445
2026-09-07,15:29,WELCORP,62.389
2026-09-07,15:29,WELENT,31.2835
2026-09-07,15:29,WELINV,19.8788
2026-09-07,15:29,WELSPLSOL,14.1227
2026-09-07,15:29,WELSPUNLIV,29.6092
2026-09-07,15:29,WENDT,0.4517
2026-09-07,15:29,WESTLIFE,14.7578
2026-09-07,15:29,WHEELS,17.371
2026-09-07,15:29,WHIRLPOOL,2.5856
2026-09-07,15:29,WINDLAS,34.6647
2026-09-07,15:29,WINDMACHIN,10.1454
2026-09-07,15:29,WOCKPHARMA,18.3787
2026-09-07,15:29,WONDERLA,12.5174
2026-09-07,15:29,WPIL,-1.5604
2026-09-07,15:29,WSTCSTPAPR,18.1881
2026-09-07,15:29,XCHANGING,0.1714
2026-09-07,15:29,XPROINDIA,-2.3026
2026-09-07,15:29,YASHO,28.9465
2026-09-07,15:29,YATHARTH,17.8813
2026-09-07,15:29,YATRA,3.9042
2026-09-07,15:29,YESBANK,-2.2668
2026-09-07,15:29,YUKEN,41.5242
2026-09-07,15:29,ZENTEC,6.3026
2026-09-07,15:29,ZFCVINDIA,8.3772
2026-09-07,15:29,ZFSTEERING,-2.6078
2026-09-07,15:29,ZIMLAB,9.4576
2026-09-07,15:29,ZUARI,2.1387
2026-09-07,15:29,ZUARIIND,9.7027
2026-09-07,15:29,ZYDUSLIFE,4.3945
2026-09-07,15:29,ZYDUSWELL,-0.7151
2026-09-08,15:29,20MICRONS,8.7537
2026-09-08,15:29,360ONE,-1.6219
2026-09-08,15:29,3BBLACKBIO,12.0496
2026-09-08,15:29,63MOONS,14.9011
2026-09-08,15:29,AARTIDRUGS,3.2329
2026-09-08,15:29,AARTIIND,5.6529
2026-09-08,15:29,AARTIPHARM,28.3209
2026-09-08,15:29,ABB,1.9811
2026-09-08,15:29,ABCAPITAL,1.4309
2026-09-08,15:29,ABREL,-1.4083
2026-09-08,15:29,ABSLAMC,3.8631
2026-09-08,15:29,ACE,4.046
2026-09-08,15:29,ACMESOLAR,16.0619
2026-09-08,15:29,ADANIENT,-1.6387
2026-09-08,15:29,ADANIPOWER,0.072
2026-09-08,15:29,ADOR,11.6896
2026-09-08,15:29,ADVANCE,-2.2341
2026-09-08,15:29,AEGISLOG,-0.181
2026-09-08,15:29,AEGISVOPAK,-0.6189
2026-09-08,15:29,AEQUS,1.5858
2026-09-08,15:29,AEROENTER,26.1466
2026-09-08,15:29,AEROFLEX,28.501
2026-09-08,15:29,AETHER,12.1663
2026-09-08,15:29,AFCONS,0
2026-09-08,15:29,AFFLE,-1.3727
2026-09-08,15:29,AFSL,0.0796
2026-09-08,15:29,AGARWALEYE,5.3944
2026-09-08,15:29,AGI,12.2681
2026-09-08,15:29,AJANTPHARM,7.0877
2026-09-08,15:29,AJAXENGG,4.0911
2026-09-08,15:29,AKCAPIT,4.7523
2026-09-08,15:29,AKUMS,11.2437
2026-09-08,15:29,ALEMBICLTD,22.9743
2026-09-08,15:29,ALICON,3.1366
2026-09-08,15:29,ALIVUS,24.1966
2026-09-08,15:29,ALKYLAMINE,8.8123
2026-09-08,15:29,AMANTA,26.956
2026-09-08,15:29,AMBER,1.3733
2026-09-08,15:29,AMRUTANJAN,-2.0262
2026-09-08,15:29,ANANDRATHI,9.4018
2026-09-08,15:29,ANANTRAJ,2.6068
2026-09-08,15:29,ANDHRAPAP,14.6287
2026-09-08,15:29,ANDHRSUGAR,18.0428
2026-09-08,15:29,ANGELONE,-1.5202
2026-09-08,15:29,ANTELOPUS,32.1411
2026-09-08,15:29,ANTHEM,22.1839
2026-09-08,15:29,ANUHPHR,19.6818
2026-09-08,15:29,ANURAS,1.2311
2026-09-08,15:29,APARINDS,30.8234
2026-09-08,15:29,APCOTEXIND,3.5612
2026-09-08,15:29,APEX,2.113
2026-09-08,15:29,APLAPOLLO,18.3192
2026-09-08,15:29,APLLTD,-1.264
2026-09-08,15:29,APOLLO,10.3366
2026-09-08,15:29,APOLLOHOSP,-0.7357
2026-09-08,15:29,APOLLOPIPE,20.2237
2026-09-08,15:29,APTECHT,-1.7742
2026-09-08,15:29,ARFIN,2.4905
2026-09-08,15:29,ARIES,42.0612
2026-09-08,15:29,ARIHANTCAP,1.6831
2026-09-08,15:29,ARIS,-0.7954
2026-09-08,15:29,ARMANFIN,5.6685
2026-09-08,15:29,ARROWGREEN,13.3975
2026-09-08,15:29,ARSSBL,0.7354
2026-09-08,15:29,ARTEMISMED,23.3947
2026-09-08,15:29,ARVIND,13.6892
2026-09-08,15:29,ARVSMART,6.1804
2026-09-08,15:29,ASAHIINDIA,9.7634
2026-09-08,15:29,ASHOKLEY,7.3016
2026-09-08,15:29,ASIANENE,43.4439
2026-09-08,15:29,ASIANHOTNR,28.7891
2026-09-08,15:29,ASKAUTOLTD,16.4075
2026-09-08,15:29,ASTEC,2.0556
2026-09-08,15:29,ASTRAL,1.9981
2026-09-08,15:29,ASTRAMICRO,3.1219
2026-09-08,15:29,ATHERENERG,31.2812
2026-09-08,15:29,ATL,11.1494
2026-09-08,15:29,ATLANTAELE,25.3456
2026-09-08,15:29,AUBANK,2.4816
2026-09-08,15:29,AUROPHARMA,9.2177
2026-09-08,15:29,AURUM,1.9926
2026-09-08,15:29,AVADHSUGAR,58.4257
2026-09-08,15:29,AVALON,39.6524
2026-09-08,15:29,AVANTEL,-2.1761
2026-09-08,15:29,AVL,-1.2373
2026-09-08,15:29,AVTNPL,28.0652
2026-09-08,15:29,AWL,0.7251
2026-09-08,15:29,AXISBANK,1.7491
2026-09-08,15:29,AXISCADES,23.9673
2026-09-08,15:29,AYE,13.4176
2026-09-08,15:29,AYMSYNTEX,33.0203
2026-09-08,15:29,AZAD,17.5336
2026-09-08,15:29,BAFNAPH,24.213
2026-09-08,15:29,BAJAJ-AUTO,4.4487
2026-09-08,15:29,BAJAJELEC,3.9444
2026-09-08,15:29,BAJAJFINSV,0.5291
2026-09-08,15:29,BAJAJHCARE,4.6465
2026-09-08,15:29,BAJAJHFL,-1.9262
2026-09-08,15:29,BAJAJHIND,34.881
2026-09-08,15:29,BAJAJHLDNG,1.985
2026-09-08,15:29,BAJEL,4.6327
2026-09-08,15:29,BAJFINANCE,0.5437
2026-09-08,15:29,BALAJITELE,13.0993
2026-09-08,15:29,BALAMINES,10.435
2026-09-08,15:29,BALKRISIND,12.1597
2026-09-08,15:29,BALMLAWRIE,0.2273
2026-09-08,15:29,BALRAMCHIN,17.5465
2026-09-08,15:29,BALUFORGE,21.4734
2026-09-08,15:29,BANARISUG,7.4913
2026-09-08,15:29,BANCOINDIA,0.9561
2026-09-08,15:29,BANDHANBNK,1.6228
2026-09-08,15:29,BANKBARODA,-1.087
2026-09-08,15:29,BANKINDIA,3.3304
2026-09-08,15:29,BANSALWIRE,1.8599
2026-09-08,15:29,BASF,2.3945
2026-09-08,15:29,BBOX,5.2495
2026-09-08,15:29,BBTC,-0.9519
2026-09-08,15:29,BCLIND,4.1667
2026-09-08,15:29,BECTORFOOD,9.607
2026-09-08,15:29,BEEKAY,4.6628
2026-09-08,15:29,BEL,5.5398
2026-09-08,15:29,BELRISE,-0.8121
2026-09-08,15:29,BEML,19.6908
2026-09-08,15:29,BENGALASM,-1.4727
2026-09-08,15:29,BEPL,18.0143
2026-09-08,15:29,BETA,1.4219
2026-09-08,15:29,BFINVEST,0.1443
2026-09-08,15:29,BHAGCHEM,-1.6515
2026-09-08,15:29,BHAGERIA,61.4501
2026-09-08,15:29,BHARATCOAL,-2.2177
2026-09-08,15:29,BHARATSE,7.7468
2026-09-08,15:29,BHEL,4.0419
2026-09-08,15:29,BIL,20.2863
2026-09-08,15:29,BIRLACABLE,74.3256
2026-09-08,15:29,BIRLANU,6.0294
2026-09-08,15:29,BLACKBUCK,5.5402
2026-09-08,15:29,BLACKROSE,6.1253
2026-09-08,15:29,BLIL,3.3828
2026-09-08,15:29,BLISSGVS,60.4754
2026-09-08,15:29,BLKASHYAP,4.9132
2026-09-08,15:29,BLS,0.8485
2026-09-08,15:29,BLSE,13.9476
2026-09-08,15:29,BLUEJET,1.6697
2026-09-08,15:29,BLUESTONE,14.7177
2026-09-08,15:29,BLUSPRING,15.4371
2026-09-08,15:29,BODALCHEM,170.1453
2026-09-08,15:29,BORANA,-0.7137
2026-09-08,15:29,BOROLTD,11.6383
2026-09-08,15:29,BOSCH-HCIL,34.5029
2026-09-08,15:29,BOSCHLTD,18.0949
2026-09-08,15:29,BRIGADE,22.6348
2026-09-08,15:29,BSE,-1.8451
2026-09-08,15:29,BSHSL,5.4598
2026-09-08,15:29,BUILDPRO,9.1069
2026-09-08,15:29,CAMPUS,0.208
2026-09-08,15:29,CANBK,0.3542
2026-09-08,15:29,CANHLIFE,8.8163
2026-09-08,15:29,CANTABIL,-0.6751
2026-09-08,15:29,CAPLIPOINT,7.0239
2026-09-08,15:29,CARBORUNIV,3.2407
2026-09-08,15:29,CARERATING,2.8628
2026-09-08,15:29,CARTRADE,7.2231
2026-09-08,15:29,CARYSIL,0.243
2026-09-08,15:29,CASTROLIND,2.9338
2026-09-08,15:29,CDSL,4.0815
2026-09-08,15:29,CEIGALL,15.4273
2026-09-08,15:29,CELLO,-0.1452
2026-09-08,15:29,CENTENKA,-1.8327
2026-09-08,15:29,CENTRALBK,0.2266
2026-09-08,15:29,CENTUM,24.0603
2026-09-08,15:29,CGCL,18.6355
2026-09-08,15:29,CGPOWER,7.8901
2026-09-08,15:29,CHALET,6.3496
2026-09-08,15:29,CHEMBONDCH,12.6397
2026-09-08,15:29,CHEMCON,19.112
2026-09-08,15:29,CHENNPETRO,23.4901
2026-09-08,15:29,CHEVIOT,4.9875
2026-09-08,15:29,CHOLAFIN,4.016
2026-09-08,15:29,CHOLAHLDNG,0.7393
2026-09-08,15:29,CIFL,-0.0991
2026-09-08,15:29,CLEAN,13.7173
2026-09-08,15:29,CLEANMAX,6.2334
2026-09-08,15:29,CLSEL,10.3031
2026-09-08,15:29,CMRGREEN,3.2822
2026-09-08,15:29,COALINDIA,2.4625
2026-09-08,15:29,COCHINSHIP,10.5309
2026-09-08,15:29,COFFEEDAY,13.1901
2026-09-08,15:29,COFORGE,15.6584
2026-09-08,15:29,COHANCE,6.0716
2026-09-08,15:29,COMSYN,68.3961
2026-09-08,15:29,CONCORDBIO,17.0687
2026-09-08,15:29,CONFIPET,6.4524
2026-09-08,15:29,CONSOFINVT,10.402
2026-09-08,15:29,CONTROLPR,0.5849
2026-09-08,15:29,CORONA,1.1354
2026-09-08,15:29,COSMOFIRST,2.1173
2026-09-08,15:29,CPPLUS,11.5878
2026-09-08,15:29,CRAFTSMAN,22.7772
2026-09-08,15:29,CRISIL,5.8932
2026-09-08,15:29,CSLFINANCE,12.8032
2026-09-08,15:29,CUB,-2.171
2026-09-08,15:29,CUPID,18.5351
2026-09-08,15:29,CYIENT,29.6301
2026-09-08,15:29,CYIENTDLM,43.1557
2026-09-08,15:29,DALMIASUG,27.7951
2026-09-08,15:29,DATAPATTNS,12.5659
2026-09-08,15:29,DBOL,27.7165
2026-09-08,15:29,DCBBANK,17.6576
2026-09-08,15:29,DCI,4.8457
2026-09-08,15:29,DCW,3.587
2026-09-08,15:29,DDEVPLSTIK,-1.0285
2026-09-08,15:29,DECCANCE,4.1361
2026-09-08,15:29,DECNGOLD,14.5717
2026-09-08,15:29,DEEDEV,4.7555
2026-09-08,15:29,DEEPAKNTR,-0.212
2026-09-08,15:29,DEEPINDS,61.4952
2026-09-08,15:29,DEN,-0.1836
2026-09-08,15:29,DEVYANI,21.3419
2026-09-08,15:29,DHAMPURSUG,19.4934
2026-09-08,15:29,DHANUKA,-0.5751
2026-09-08,15:29,DHARMAJ,4.453
2026-09-08,15:29,DHUNINV,17.5823
2026-09-08,15:29,DIACABS,4.6237
2026-09-08,15:29,DIAMONDYD,5.198
2026-09-08,15:29,DICIND,25.0577
2026-09-08,15:29,DIFFNKG,11.9261
2026-09-08,15:29,DIVGIITTS,24.0017
2026-09-08,15:29,DIVISLAB,28.9562
2026-09-08,15:29,DIXON,1.417
2026-09-08,15:29,DLF,1.8174
2026-09-08,15:29,DLINKINDIA,-1.7194
2026-09-08,15:29,DMCC,8.8864
2026-09-08,15:29,DODLA,3.6906
2026-09-08,15:29,DOLATALGO,3.2267
2026-09-08,15:29,DOLLAR,4.3144
2026-09-08,15:29,DOLPHIN,83.5223
2026-09-08,15:29,DPABHUSHAN,1.9942
2026-09-08,15:29,DRAGARWQ,4.2656
2026-09-08,15:29,DREDGECORP,-1.4374
2026-09-08,15:29,DRREDDY,1.3561
2026-09-08,15:29,DVL,22.6173
2026-09-08,15:29,DWARKESH,15.7895
2026-09-08,15:29,DYCL,16.711
2026-09-08,15:29,DYNAMATECH,11.9985
2026-09-08,15:29,E2E,19.8292
2026-09-08,15:29,EBGNG,15.2174
2026-09-08,15:29,ECLERX,2.4978
2026-09-08,15:29,EDELWEISS,21.669
2026-09-08,15:29,EICHERMOT,-1.1294
2026-09-08,15:29,EIDPARRY,-0.5664
2026-09-08,15:29,EIMCOELECO,25.5602
2026-09-08,15:29,ELANTAS,49.2052
2026-09-08,15:29,ELDEHSG,2.2619
2026-09-08,15:29,ELECON,1.5186
2026-09-08,15:29,ELECTCAST,11.7795
2026-09-08,15:29,ELGIEQUIP,12.0731
2026-09-08,15:29,ELPROINTL,-1.6988
2026-09-08,15:29,EMAMIPAP,12.1965
2026-09-08,15:29,EMCURE,1.7757
2026-09-08,15:29,EMIL,46.5417
2026-09-08,15:29,EMKAY,12.9549
2026-09-08,15:29,EMMVEE,0.7298
2026-09-08,15:29,EMUDHRA,10.6499
2026-09-08,15:29,ENDURANCE,1.0417
2026-09-08,15:29,ENGINERSIN,25.4324
2026-09-08,15:29,ENRIN,0.6036
2026-09-08,15:29,ENTERO,49.8463
2026-09-08,15:29,EPIGRAL,1.6489
2026-09-08,15:29,EPL,5.543
2026-09-08,15:29,ESABINDIA,8.9815
2026-09-08,15:29,ESAFSFB,11.3289
2026-09-08,15:29,ESCORTS,0.1096
2026-09-08,15:29,ESTER,1.7811
2026-09-08,15:29,ETERNAL,4.2971
2026-09-08,15:29,ETHOSLTD,8.2644
2026-09-08,15:29,EVEREADY,0.0143
2026-09-08,15:29,EXCELINDUS,0.848
2026-09-08,15:29,EXICOM,14.3316
2026-09-08,15:29,EXIDEIND,-1.24
2026-09-08,15:29,EXPLEOSOL,9.7183
2026-09-08,15:29,FABTECH,-1.449
2026-09-08,15:29,FCL,43.4462
2026-09-08,15:29,FEDDERSHOL,13.6902
2026-09-08,15:29,FEDFINA,7.4123
2026-09-08,15:29,FILATEX,4.8704
2026-09-08,15:29,FINCABLES,33.83
2026-09-08,15:29,FINEORG,8.4647
2026-09-08,15:29,FINKURVE,13.3738
2026-09-08,15:29,FLUOROCHEM,4.2139
2026-09-08,15:29,FORCEMOT,2.4888
2026-09-08,15:29,FOSECOIND,22.5103
2026-09-08,15:29,FRACTAL,0.3346
2026-09-08,15:29,FSL,-1.9995
2026-09-08,15:29,GABRIEL,-1.2928
2026-09-08,15:29,GAEL,6.9283
2026-09-08,15:29,GAIL,-0.0343
2026-09-08,15:29,GALAXYSURF,14.9574
2026-09-08,15:29,GANDHAR,10.978
2026-09-08,15:29,GANDHITUBE,2.2442
2026-09-08,15:29,GANESHBE,3.7381
2026-09-08,15:29,GANESHCP,0.4439
2026-09-08,15:29,GARFIBRES,11.0938
2026-09-08,15:29,GARUDA,7.3868
2026-09-08,15:29,GAYAPROJ,14.6377
2026-09-08,15:29,GCSL,15.1366
2026-09-08,15:29,GEECEE,9.2499
2026-09-08,15:29,GENESYS,0.6426
2026-09-08,15:29,GENUSPOWER,6.5464
2026-09-08,15:29,GEOJITFSL,11.2361
2026-09-08,15:29,GESHIP,0.4646
2026-09-08,15:29,GFLLIMITED,28.5684
2026-09-08,15:29,GHCL,-0.1959
2026-09-08,15:29,GHCLTEXTIL,15.5213
2026-09-08,15:29,GIPCL,24.3815
2026-09-08,15:29,GKSL,37.9449
2026-09-08,15:29,GLAND,21.8671
2026-09-08,15:29,GLAXO,11.2284
2026-09-08,15:29,GLENMARK,13.2702
2026-09-08,15:29,GLOBAL,20.602
2026-09-08,15:29,GLOBUSSPR,-1.4641
2026-09-08,15:29,GMBREW,3.9612
2026-09-08,15:29,GMDCLTD,2.7176
2026-09-08,15:29,GMMPFAUDLR,59.4937
2026-09-08,15:29,GMRP&UI,-0.9223
2026-09-08,15:29,GNA,8.3081
2026-09-08,15:29,GNFC,15.1148
2026-09-08,15:29,GNRL,19.2144
2026-09-08,15:29,GOCLCORP,12.2247
2026-09-08,15:29,GOCOLORS,4.3998
2026-09-08,15:29,GODFRYPHLP,-1.0486
2026-09-08,15:29,GODIGIT,5.4956
2026-09-08,15:29,GODREJAGRO,16.7215
2026-09-08,15:29,GOKULAGRO,10.6077
2026-09-08,15:29,GOPAL,0.7052
2026-09-08,15:29,GPIL,0.0855
2026-09-08,15:29,GPPL,8.2586
2026-09-08,15:29,GRANULES,5.9084
2026-09-08,15:29,GRAPHITE,13.2141
2026-09-08,15:29,GRASIM,6.1164
2026-09-08,15:29,GRAUWEIL,-2.0805
2026-09-08,15:29,GRAVITA,2.6732
2026-09-08,15:29,GREENPLY,6.0397
2026-09-08,15:29,GRINFRA,-1.0251
2026-09-08,15:29,GRMOVER,-1.563
2026-09-08,15:29,GROWW,-0.0307
2026-09-08,15:29,GRPLTD,0.075
2026-09-08,15:29,GRWRHITECH,-2.0364
2026-09-08,15:29,GSFC,0.7645
2026-09-08,15:29,GUFICBIO,13.5525
2026-09-08,15:29,GUJALKALI,2.6859
2026-09-08,15:29,GUJTHEM,27.3532
2026-09-08,15:29,GULFOILLUB,2.1244
2026-09-08,15:29,GVT&D,15.1794
2026-09-08,15:29,GYFTR,27.9543
2026-09-08,15:29,HAL,9.3694
2026-09-08,15:29,HALDYNGL,17.46
2026-09-08,15:29,HAPPYFORGE,38.1333
2026-09-08,15:29,HARSHA,15.416
2026-09-08,15:29,HATSUN,37.9787
2026-09-08,15:29,HBLENGINE,5.2234
2026-09-08,15:29,HCC,13.1879
2026-09-08,15:29,HCG,1.656
2026-09-08,15:29,HDBFS,0.0879
2026-09-08,15:29,HEALTHX,-0.9979
2026-09-08,15:29,HEIDELBERG,1.8298
2026-09-08,15:29,HERANBA,-1.5104
2026-09-08,15:29,HERITGFOOD,18.2029
2026-09-08,15:29,HEROMOTOCO,3.4767
2026-09-08,15:29,HEXAGON,2.5555
2026-09-08,15:29,HEXATRADEX,-0.9693
2026-09-08,15:29,HFCL,33.1069
2026-09-08,15:29,HIKAL,13.3739
2026-09-08,15:29,HINDALCO,7.7531
2026-09-08,15:29,HINDCOPPER,12.6176
2026-09-08,15:29,HINDOILEXP,23.2875
2026-09-08,15:29,HINDUNILVR,-2.111
2026-09-08,15:29,HINDZINC,13.0195
2026-09-08,15:29,HITECHCORP,4.7716
2026-09-08,15:29,HITECHGEAR,-1.2645
2026-09-08,15:29,HMT,13.7442
2026-09-08,15:29,HNDFDS,8.5764
2026-09-08,15:29,HOMEFIRST,4.7502
2026-09-08,15:29,HONASA,5.2975
2026-09-08,15:29,HTMEDIA,2.1302
2026-09-08,15:29,HUBTOWN,-2.1411
2026-09-08,15:29,HYUNDAI,10.8946
2026-09-08,15:29,ICICIBANK,-2.1946
2026-09-08,15:29,ICIL,9.7626
2026-09-08,15:29,ICRA,3.0111
2026-09-08,15:29,IDFCFIRSTB,0.8746
2026-09-08,15:29,IFBIND,-1.2647
2026-09-08,15:29,IFCI,35.1576
2026-09-08,15:29,IFGLEXPOR,1.4224
2026-09-08,15:29,IGL,2.2031
2026-09-08,15:29,IGPL,26.2527
2026-09-08,15:29,IIFL,7.8389
2026-09-08,15:29,IIFLCAPS,0.9218
2026-09-08,15:29,IKIO,5.8787
2026-09-08,15:29,IKS,-2.1763
2026-09-08,15:29,IMAGICAA,17.5848
2026-09-08,15:29,IMPAL,3.3106
2026-09-08,15:29,INDGN,15.8702
2026-09-08,15:29,INDHOTEL,-2.0008
2026-09-08,15:29,INDIANB,3.0746
2026-09-08,15:29,INDIANHUME,3.7067
2026-09-08,15:29,INDIGOPNTS,6.9098
2026-09-08,15:29,INDIQUBE,15.5306
2026-09-08,15:29,INDOAMIN,-0.5168
2026-09-08,15:29,INDOBORAX,29.1998
2026-09-08,15:29,INDOCO,7.1037
2026-09-08,15:29,INDORAMA,51.72
2026-09-08,15:29,INDOTECH,6.619
2026-09-08,15:29,INDSWFTLAB,64.3181
2026-09-08,15:29,INDUSINDBK,0.5797
2026-09-08,15:29,INFY,-2.1434
2026-09-08,15:29,INGERRAND,11.4383
2026-09-08,15:29,INNOVACAP,22.4132
2026-09-08,15:29,INOXINDIA,16.8662
2026-09-08,15:29,INOXWIND,-0.3029
2026-09-08,15:29,INTLCONV,6.4589
2026-09-08,15:29,INVPRECQ,30.532
2026-09-08,15:29,IOB,-1.4775
2026-09-08,15:29,IOLCP,43.3775
2026-09-08,15:29,IONEXCHANG,3.1045
2026-09-08,15:29,IPCALAB,9.9609
2026-09-08,15:29,IRIS,7.0492
2026-09-08,15:29,IRISDOREME,27.5248
2026-09-08,15:29,IRMENERGY,10.2754
2026-09-08,15:29,ITI,-1.1704
2026-09-08,15:29,JAGRAN,0.5951
2026-09-08,15:29,JAGSNPHARM,6.0966
2026-09-08,15:29,JAIBALAJI,12.0912
2026-09-08,15:29,JAICORPLTD,-2.0624
2026-09-08,15:29,JASH,2.2069
2026-09-08,15:29,JAYAGROGN,8.2312
2026-09-08,15:29,JAYKAY,-1.1011
2026-09-08,15:29,JAYNECOIND,2.6256
2026-09-08,15:29,JGCHEM,20.5642
2026-09-08,15:29,JINDALPOLY,8.5225
2026-09-08,15:29,JINDALSAW,19.6189
2026-09-08,15:29,JINDALSTEL,7.7675
2026-09-08,15:29,JINDRILL,16.1158
2026-09-08,15:29,JINDWORLD,42.2752
2026-09-08,15:29,JIOFIN,-1.6577
2026-09-08,15:29,JISLJALEQS,3.4919
2026-09-08,15:29,JKIL,1.5906
2026-09-08,15:29,JKPAPER,5.2191
2026-09-08,15:29,JMFINANCIL,4.7025
2026-09-08,15:29,JSFB,1.6381
2026-09-08,15:29,JSL,1.995
2026-09-08,15:29,JSWDULUX,8.3709
2026-09-08,15:29,JSWHL,4.4167
2026-09-08,15:29,JSWINFRA,4.3369
2026-09-08,15:29,JSWSTEEL,4.042
2026-09-08,15:29,JTLIND,24.8432
2026-09-08,15:29,JUBLCPL,20.2208
2026-09-08,15:29,JUBLFOOD,11.1522
2026-09-08,15:29,JUBLPHARMA,3.5601
2026-09-08,15:29,JUNIPER,10.6694
2026-09-08,15:29,JWL,-1.3189
2026-09-08,15:29,JYOTICNC,28.613
2026-09-08,15:29,KABRAEXTRU,64.4002
2026-09-08,15:29,KAJARIACER,3.3992
2026-09-08,15:29,KALPATARU,0.6472
2026-09-08,15:29,KALYANKJIL,0.6986
2026-09-08,15:29,KAMATHOTEL,38.847
2026-09-08,15:29,KAMDHENU,12.4302
2026-09-08,15:29,KANORICHEM,1.553
2026-09-08,15:29,KANPRPLA,11.3001
2026-09-08,15:29,KAPSTON,27.5203
2026-09-08,15:29,KARURVYSYA,0.8126
2026-09-08,15:29,KAYA,25.1494
2026-09-08,15:29,KAYNES,11.8443
2026-09-08,15:29,KCP,0.4648
2026-09-08,15:29,KDDL,26.9146
2026-09-08,15:29,KENNAMET,61.2584
2026-09-08,15:29,KHAICHEM,9.8794
2026-09-08,15:29,KILITCH,2.3367
2026-09-08,15:29,KINGFA,20.3549
2026-09-08,15:29,KIOCL,8.1445
2026-09-08,15:29,KIRANVYPAR,0.8982
2026-09-08,15:29,KIRIINDUS,45.5693
2026-09-08,15:29,KIRLOSBROS,-0.1616
2026-09-08,15:29,KIRLOSENG,3.6767
2026-09-08,15:29,KIRLOSIND,-2.2305
2026-09-08,15:29,KKCL,0.8648
2026-09-08,15:29,KLBRENG-B,3.9692
2026-09-08,15:29,KMEW,18.6646
2026-09-08,15:29,KNRCON,-0.5565
2026-09-08,15:29,KOLTEPATIL,12.0279
2026-09-08,15:29,KOPRAN,20.1515
2026-09-08,15:29,KOTAKBANK,8.8113
2026-09-08,15:29,KOTHARIPET,8.0338
2026-09-08,15:29,KOVAI,4.1795
2026-09-08,15:29,KPIL,10.4307
2026-09-08,15:29,KPL,41.345
2026-09-08,15:29,KPRMILL,8.7894
2026-09-08,15:29,KRBL,24.653
2026-09-08,15:29,KRISHANA,11.0619
2026-09-08,15:29,KRN,35.3387
2026-09-08,15:29,KRONOX,15.7056
2026-09-08,15:29,KROSS,7.9226
2026-09-08,15:29,KRSNAA,2.4191
2026-09-08,15:29,KRYSTAL,10.6307
2026-09-08,15:29,KSHINTL,39.4171
2026-09-08,15:29,KSL,0.1489
2026-09-08,15:29,KTKBANK,20.7769
2026-09-08,15:29,KUANTUM,0.4253
2026-09-08,15:29,KUSUMGAR,-0.1324
2026-09-08,15:29,KWIL,34.457
2026-09-08,15:29,LALPATHLAB,5.9439
2026-09-08,15:29,LASERPOWER,6.8753
2026-09-08,15:29,LAURUSLABS,10.6885
2026-09-08,15:29,LAXMIINDIA,3.6272
2026-09-08,15:29,LENSKART,25.4395
2026-09-08,15:29,LGBBROSLTD,11.7352
2026-09-08,15:29,LGEINDIA,10.7271
2026-09-08,15:29,LICHSGFIN,3.1702
2026-09-08,15:29,LINCOLN,10.415
2026-09-08,15:29,LMW,17.3765
2026-09-08,15:29,LOKESHMACH,8.0238
2026-09-08,15:29,LOTUSDEV,5.2573
2026-09-08,15:29,LT,2.9776
2026-09-08,15:29,LTF,-0.8682
2026-09-08,15:29,LTFOODS,22.9907
2026-09-08,15:29,LTM,2.8033
2026-09-08,15:29,LUMAXIND,19.832
2026-09-08,15:29,LUMAXTECH,31.3302
2026-09-08,15:29,M&MFIN,0.2276
2026-09-08,15:29,MAANALU,3.0833
2026-09-08,15:29,MACPOWER,44.6065
2026-09-08,15:29,MAGADSUGAR,17.0195
2026-09-08,15:29,MAHABANK,5.7232
2026-09-08,15:29,MAHASTEEL,57.3727
2026-09-08,15:29,MAHLOG,-0.3777
2026-09-08,15:29,MAHSCOOTER,4.1938
2026-09-08,15:29,MAHSEAMLES,18.5595
2026-09-08,15:29,MAITHANALL,10.2545
2026-09-08,15:29,MAMATA,11.265
2026-09-08,15:29,MANAKCOAT,-0.0813
2026-09-08,15:29,MANAKSTEEL,55.856
2026-09-08,15:29,MANALIPETC,36.196
2026-09-08,15:29,MANGLMCEM,9.7851
2026-09-08,15:29,MANINDS,56.2019
2026-09-08,15:29,MANINFRA,31.1332
2026-09-08,15:29,MANORAMA,30.1104
2026-09-08,15:29,MANYAVAR,41.5435
2026-09-08,15:29,MARATHON,16.3885
2026-09-08,15:29,MARINE,54.5269
2026-09-08,15:29,MARKSANS,30.8786
2026-09-08,15:29,MARSONS,19.7205
2026-09-08,15:29,MASTERTR,12.1818
2026-09-08,15:29,MATRIMONY,18.9329
2026-09-08,15:29,MAWANASUG,31.7707
2026-09-08,15:29,MAXESTATES,35.8965
2026-09-08,15:29,MAZDA,27.8643
2026-09-08,15:29,MAZDOCK,7.431
2026-09-08,15:29,MBAPL,1.9665
2026-09-08,15:29,MCX,23.1665
2026-09-08,15:29,MEDANTA,1.9482
2026-09-08,15:29,MEESHO,16.2993
2026-09-08,15:29,MENONBE,28.4705
2026-09-08,15:29,MERCURYEV,7.0273
2026-09-08,15:29,METROPOLIS,-0.5636
2026-09-08,15:29,MFSL,-0.531
2026-09-08,15:29,MGL,2.2713
2026-09-08,15:29,MICEL,-1.3312
2026-09-08,15:29,MIDHANI,21.7613
2026-09-08,15:29,MINDACORP,3.6132
2026-09-08,15:29,MMFL,11.2848
2026-09-08,15:29,MMP,70.5578
2026-09-08,15:29,MMTC,4.2911
2026-09-08,15:29,MODISONLTD,92.7992
2026-09-08,15:29,MOL,18.0628
2026-09-08,15:29,MOLDTECH,61.9815
2026-09-08,15:29,MOLDTKPAC,6.1235
2026-09-08,15:29,MONTECARLO,3.2348
2026-09-08,15:29,MOREPENLAB,111.8626
2026-09-08,15:29,MOSCHIP,5.7447
2026-09-08,15:29,MOTHERSON,10.8143
2026-09-08,15:29,MOTILALOFS,22.8173
2026-09-08,15:29,MPSLTD,5.3335
2026-09-08,15:29,MRPL,8.0797
2026-09-08,15:29,MSTCLTD,30.5088
2026-09-08,15:29,MTARTECH,42.6651
2026-09-08,15:29,MUFIN,9.1885
2026-09-08,15:29,MUKANDLTD,-1.0352
2026-09-08,15:29,MUKKA,34.0899
2026-09-08,15:29,MUNJALAU,10.2424
2026-09-08,15:29,MVGJL,21.2358
2026-09-08,15:29,NAHARINDUS,18.9252
2026-09-08,15:29,NAHARSPING,-0.9104
2026-09-08,15:29,NAM-INDIA,3.3556
2026-09-08,15:29,NATIONALUM,10.9102
2026-09-08,15:29,NAUKRI,4.5181
2026-09-08,15:29,NAVA,0.4074
2026-09-08,15:29,NAVINFLUOR,16.2196
2026-09-08,15:29,NAZARA,21.1842
2026-09-08,15:29,NCC,7.9521
2026-09-08,15:29,NELCAST,-1.8398
2026-09-08,15:29,NELCO,1.1118
2026-09-08,15:29,NEOGEN,9.3217
2026-09-08,15:29,NEPHROPLUS,7.8718
2026-09-08,15:29,NESCO,6.5325
2026-09-08,15:29,NETWEB,15.7381
2026-09-08,15:29,NEULANDLAB,27.1528
2026-09-08,15:29,NEWGEN,-2.1791
2026-09-08,15:29,NFL,-1.3324
2026-09-08,15:29,NIACL,25.8478
2026-09-08,15:29,NIITLTD,0.1997
2026-09-08,15:29,NILKAMAL,8.4412
2026-09-08,15:29,NIRLON,-0.0564
2026-09-08,15:29,NITINSPIN,22.9311
2026-09-08,15:29,NMDC,0.9414
2026-09-08,15:29,NOCIL,14.9789
2026-09-08,15:29,NORTHARC,8.9364
2026-09-08,15:29,NOVARTIND,15.3676
2026-09-08,15:29,NPST,10.6919
2026-09-08,15:29,NRAIL,38.734
2026-09-08,15:29,NRBBEARING,15.7994
2026-09-08,15:29,NRL,27.902
2026-09-08,15:29,NSIL,4.1494
2026-09-08,15:29,NSLNISP,7.063
2026-09-08,15:29,NUCLEUS,-1.0209
2026-09-08,15:29,NUVAMA,1.5259
2026-09-08,15:29,NYKAA,3.4587
2026-09-08,15:29,OAL,43.0746
2026-09-08,15:29,OBEROIRLTY,0.235
2026-09-08,15:29,OCCLLTD,7.2828
2026-09-08,15:29,OFSS,3.9351
2026-09-08,15:29,OIL,11.426
2026-09-08,15:29,OLAELEC,1.4012
2026-09-08,15:29,OMAXE,47.287
2026-09-08,15:29,OMPOWER,1.3473
2026-09-08,15:29,ONEPOINT,1.2758
2026-09-08,15:29,ONGC,-1.218
2026-09-08,15:29,ORBTEXP,-1.873
2026-09-08,15:29,ORCHPHARMA,-1.9841
2026-09-08,15:29,ORICONENT,0.7009
2026-09-08,15:29,ORIENTBELL,27.9389
2026-09-08,15:29,ORIENTCER,11.8012
2026-09-08,15:29,ORIENTELEC,2.95
2026-09-08,15:29,ORIENTHOT,2.8843
2026-09-08,15:29,ORISSAMINE,11.3182
2026-09-08,15:29,ORKLAINDIA,3.9933
2026-09-08,15:29,PAISALO,9.2494
2026-09-08,15:29,PANACHE,25.5876
2026-09-08,15:29,PANAMAPET,7.0455
2026-09-08,15:29,PARACABLES,10.9772
2026-09-08,15:29,PARADEEP,14.7834
2026-09-08,15:29,PARAGMILK,15.7047
2026-09-08,15:29,PARAS,26.8021
2026-09-08,15:29,PARKHOSPS,1.6568
2026-09-08,15:29,PASUPTAC,15.7241
2026-09-08,15:29,PATANJALI,-0.277
2026-09-08,15:29,PATELENG,-0.4804
2026-09-08,15:29,PAUSHAKLTD,32.2977
2026-09-08,15:29,PAYTM,27.6856
2026-09-08,15:29,PCBL,3.2663
2026-09-08,15:29,PDMJEPAPER,3.1159
2026-09-08,15:29,PDSL,-1.0009
2026-09-08,15:29,PENIND,9.3341
2026-09-08,15:29,PERSISTENT,2.4243
2026-09-08,15:29,PETRONET,2.8798
2026-09-08,15:29,PFOCUS,8.2702
2026-09-08,15:29,PGIL,18.7318
2026-09-08,15:29,PIDILITIND,-1.6424
2026-09-08,15:29,PILANIINVS,0.5118
2026-09-08,15:29,PINELABS,10.8605
2026-09-08,15:29,PITTIENG,28.0879
2026-09-08,15:29,PIXTRANS,-1.51
2026-09-08,15:29,PLASTIBLEN,0.5944
2026-09-08,15:29,PNB,3.8961
2026-09-08,15:29,PNBHOUSING,9.136
2026-09-08,15:29,PNGSREVA,28.9185
2026-09-08,15:29,POLICYBZR,15.3287
2026-09-08,15:29,POLYMED,5.0009
2026-09-08,15:29,POLYPLEX,0.7228
2026-09-08,15:29,POWERINDIA,0.0161
2026-09-08,15:29,PPL,2.1051
2026-09-08,15:29,PPLPHARMA,17.1587
2026-09-08,15:29,PRABHA,77.6555
2026-09-08,15:29,PRAJIND,12.035
2026-09-08,15:29,PRAKASH,2.9602
2026-09-08,15:29,PRECWIRE,30.9875
2026-09-08,15:29,PREMEXPLN,2.1941
2026-09-08,15:29,PREMIERPOL,20.1061
2026-09-08,15:29,PRICOLLTD,14.058
2026-09-08,15:29,PRIMESECU,2.1382
2026-09-08,15:29,PRINCEPIPE,9.9885
2026-09-08,15:29,PROSTARM,11.081
2026-09-08,15:29,PROZONER,12.4598
2026-09-08,15:29,PRSMJOHNSN,4.9448
2026-09-08,15:29,PRUDENT,6.0851
2026-09-08,15:29,PTCIL,32.7627
2026-09-08,15:29,PTL,-2.1141
2026-09-08,15:29,PURVA,0.6606
2026-09-08,15:29,PVP,135.3784
2026-09-08,15:29,PVRINOX,10.1194
2026-09-08,15:29,PWL,1.9565
2026-09-08,15:29,QPOWER,38.5829
2026-09-08,15:29,QUADFUTURE,27.5304
2026-09-08,15:29,QUESS,11.2943
2026-09-08,15:29,QUICKHEAL,-2.0991
2026-09-08,15:29,RACLGEAR,17.6264
2026-09-08,15:29,RADHIKAJWE,27.7189
2026-09-08,15:29,RADICO,4.5528
2026-09-08,15:29,RAIN,-1.1213
2026-09-08,15:29,RAINBOW,-1.3338
2026-09-08,15:29,RAJOOENG,3.0117
2026-09-08,15:29,RAJRATAN,2.1277
2026-09-08,15:29,RAJRILTD,5.2268
2026-09-08,15:29,RAMBHAJO,46.876
2026-09-08,15:29,RAMCOSYS,0.1974
2026-09-08,15:29,RAMRAT,21.8324
2026-09-08,15:29,RATNAMANI,18.9815
2026-09-08,15:29,RATNAVEER,59.9613
2026-09-08,15:29,RAYMOND,48.7171
2026-09-08,15:29,RAYMONDLSL,-1.4705
2026-09-08,15:29,RBA,43.3028
2026-09-08,15:29,RBLBANK,14.689
2026-09-08,15:29,RBZJEWEL,25.0725
2026-09-08,15:29,REDINGTON,34.3463
2026-09-08,15:29,REGAAL,9.4534
2026-09-08,15:29,RELIANCE,2.1456
2026-09-08,15:29,RELIGARE,1.7219
2026-09-08,15:29,RENUKA,16.4048
2026-09-08,15:29,RGL,29.0212
2026-09-08,15:29,RIIL,0.3507
2026-09-08,15:29,RISHABH,34.0575
2026-09-08,15:29,RITCO,9.6213
2026-09-08,15:29,RITES,-0.616
2026-09-08,15:29,RKFORGE,11.2027
2026-09-08,15:29,RMDRIP,27.1365
2026-09-08,15:29,RML,23.4349
2026-09-08,15:29,ROLEXRINGS,27.5952
2026-09-08,15:29,ROSSTECH,33.6112
2026-09-08,15:29,ROTO,-0.8485
2026-09-08,15:29,RPEL,33.8659
2026-09-08,15:29,RPTECH,4.1576
2026-09-08,15:29,RSL,36.4002
2026-09-08,15:29,RSWM,4.7672
2026-09-08,15:29,RUBICON,21.1644
2026-09-08,15:29,RUBYMILLS,15.4319
2026-09-08,15:29,SAFARI,-1.6607
2026-09-08,15:29,SAGILITY,5.8851
2026-09-08,15:29,SAIL,12.2098
2026-09-08,15:29,SAILIFE,26.6513
2026-09-08,15:29,SAKAR,36.7163
2026-09-08,15:29,SALSTEEL,30.4127
2026-09-08,15:29,SALZERELEC,-2.1157
2026-09-08,15:29,SAMBHV,7.413
2026-09-08,15:29,SANATHAN,-1.1658
2026-09-08,15:29,SANDESH,8.0267
2026-09-08,15:29,SANDHAR,7.0958
2026-09-08,15:29,SANGHVIMOV,1.0883
2026-09-08,15:29,SANSERA,26.9546
2026-09-08,15:29,SANSTAR,-1.4563
2026-09-08,15:29,SAPPHIRE,23.0039
2026-09-08,15:29,SARDAEN,1.8914
2026-09-08,15:29,SARLAPOLY,2.869
2026-09-08,15:29,SASKEN,8.7303
2026-09-08,15:29,SATIA,12.0416
2026-09-08,15:29,SAURASHCEM,-1.7166
2026-09-08,15:29,SAYAJIHOTL,12.4188
2026-09-08,15:29,SBC,11.2512
2026-09-08,15:29,SBCL,51.4595
2026-09-08,15:29,SBFC,7.8551
2026-09-08,15:29,SBICARD,2.0003
2026-09-08,15:29,SBIN,-0.5132
2026-09-08,15:29,SCI,3.5317
2026-09-08,15:29,SCPL,14.419
2026-09-08,15:29,SDBL,2.5499
2026-09-08,15:29,SEAMECLTD,23.8949
2026-09-08,15:29,SEDEMAC,5.9917
2026-09-08,15:29,SEIL,-1.0809
2026-09-08,15:29,SENORES,14.0418
2026-09-08,15:29,SESHAPAPER,3.6977
2026-09-08,15:29,SETL,49.9815
2026-09-08,15:29,SGFIN,0.386
2026-09-08,15:29,SGIL,-2.0717
2026-09-08,15:29,SGMART,13.7657
2026-09-08,15:29,SHADOWFAX,20.3498
2026-09-08,15:29,SHAILY,11.6652
2026-09-08,15:29,SHALPAINTS,24.2541
2026-09-08,15:29,SHANTIGEAR,67.639
2026-09-08,15:29,SHANTIGOLD,22.2916
2026-09-08,15:29,SHARDAMOTR,7.2547
2026-09-08,15:29,SHILPAMED,58.6087
2026-09-08,15:29,SHINDL,0.1434
2026-09-08,15:29,SHIVAUM,7.9714
2026-09-08,15:29,SHK,1.1252
2026-09-08,15:29,SHOPERSTOP,-0.8721
2026-09-08,15:29,SHREDIGCEM,-0.9955
2026-09-08,15:29,SHREEJISPG,13.3718
2026-09-08,15:29,SHREEPUSHK,29.4872
2026-09-08,15:29,SHREERAMA,11.0907
2026-09-08,15:29,SHRINGARMS,-1.0287
2026-09-08,15:29,SHRIPISTON,3.9318
2026-09-08,15:29,SHRIRAMFIN,-1.1432
2026-09-08,15:29,SHYAMMETL,5.3457
2026-09-08,15:29,SIEMENS,7.3431
2026-09-08,15:29,SIGACHI,36.453
2026-09-08,15:29,SIGMAADV,34.7815
2026-09-08,15:29,SIGNATURE,-1.8868
2026-09-08,15:29,SILINV,11.6234
2026-09-08,15:29,SIMPLEXINF,9.114
2026-09-08,15:29,SINDHUTRAD,-0.1996
2026-09-08,15:29,SIRCA,11.0146
2026-09-08,15:29,SIS,-0.6388
2026-09-08,15:29,SKFINDIA,4.4508
2026-09-08,15:29,SKFINDUS,8.1265
2026-09-08,15:29,SKIPPER,19.6833
2026-09-08,15:29,SKYGOLD,22.6627
2026-09-08,15:29,SMARTWORKS,15.3878
2026-09-08,15:29,SMCGLOBAL,6.8111
2026-09-08,15:29,SMLMAH,65.9264
2026-09-08,15:29,SMSPHARMA,4.8326
2026-09-08,15:29,SNOWMAN,2.1353
2026-09-08,15:29,SOFTTECH,5.8994
2026-09-08,15:29,SOLARA,38.4221
2026-09-08,15:29,SOLARINDS,23.0816
2026-09-08,15:29,SOMANYCERA,17.39
2026-09-08,15:29,SONACOMS,12.763
2026-09-08,15:29,SOTL,9.9572
2026-09-08,15:29,SOUTHBANK,-0.6578
2026-09-08,15:29,SOUTHWEST,1.6637
2026-09-08,15:29,SPAL,6.3577
2026-09-08,15:29,SPECIALITY,-0.0224
2026-09-08,15:29,SPECTRUM,10.7666
2026-09-08,15:29,SPIC,8.421
2026-09-08,15:29,SPLPETRO,11.8855
2026-09-08,15:29,SPORTKING,0.2884
2026-09-08,15:29,SREEL,32.9034
2026-09-08,15:29,SRHHYPOLTD,9.2961
2026-09-08,15:29,SSWL,26.5089
2026-09-08,15:29,STAR,13.9868
2026-09-08,15:29,STARHEALTH,-2.0377
2026-09-08,15:29,STEELCAS,10.4413
2026-09-08,15:29,STEL,8.6737
2026-09-08,15:29,STLNETWORK,29.431
2026-09-08,15:29,STLTECH,55.5891
2026-09-08,15:29,STOVEKRAFT,5.3659
2026-09-08,15:29,STYL,11.6499
2026-09-08,15:29,STYLAMIND,-1.6846
2026-09-08,15:29,STYLEBAAZA,42.5994
2026-09-08,15:29,SUDARCOLOR,8.4576
2026-09-08,15:29,SUDARSCHEM,18.3416
2026-09-08,15:29,SUDEEPPHRM,55.9759
2026-09-08,15:29,SUNCLAY,-0.9496
2026-09-08,15:29,SUNDARMFIN,6.5715
2026-09-08,15:29,SUNDRMFAST,31.5858
2026-09-08,15:29,SUNDROP,-2.181
2026-09-08,15:29,SUPREMEIND,4.6416
2026-09-08,15:29,SUPREMEINF,8.1321
2026-09-08,15:29,SUPRIYA,10.306
2026-09-08,15:29,SURAKSHA,36.6687
2026-09-08,15:29,SUTLEJTEX,6.8421
2026-09-08,15:29,SUVEN,25.7522
2026-09-08,15:29,SVLL,5.2895
2026-09-08,15:29,SWANDEF,3.1433
2026-09-08,15:29,SWARAJENG,2.0852
2026-09-08,15:29,SWIGGY,2.693
2026-09-08,15:29,SYNCOMF,62.0556
2026-09-08,15:29,SYRMA,25.513
2026-09-08,15:29,SYSTMTXC,15.5788
2026-09-08,15:29,TAALTECH,15.4671
2026-09-08,15:29,TALBROAUTO,7.437
2026-09-08,15:29,TARC,0.4966
2026-09-08,15:29,TARIL,0.5244
2026-09-08,15:29,TARSONS,4.5666
2026-09-08,15:29,TASTYBITE,9.2593
2026-09-08,15:29,TATACAP,3.6907
2026-09-08,15:29,TATACOMM,-0.6631
2026-09-08,15:29,TATAPOWER,-1.5619
2026-09-08,15:29,TATASTEEL,0.8323
2026-09-08,15:29,TATATECH,8.1099
2026-09-08,15:29,TATVA,-2.2116
2026-09-08,15:29,TBOTEK,12.3227
2026-09-08,15:29,TBZ,90.7592
2026-09-08,15:29,TCIEXP,0.3738
2026-09-08,15:29,TCPLPACK,19.7891
2026-09-08,15:29,TECHNVISN,0.0814
2026-09-08,15:29,TEGA,8.7542
2026-09-08,15:29,TEJASNET,19.3708
2026-09-08,15:29,TENNIND,-0.2277
2026-09-08,15:29,TEXINFRA,4.9122
2026-09-08,15:29,TEXRAIL,7.7933
2026-09-08,15:29,TFCILTD,45.1875
2026-09-08,15:29,THEINVEST,0.2603
2026-09-08,15:29,THEJO,12.2088
2026-09-08,15:29,THELEELA,14.0664
2026-09-08,15:29,THEMISMED,24.948
2026-09-08,15:29,THOMASCOOK,12.2906
2026-09-08,15:29,THYROCARE,-1.7682
2026-09-08,15:29,TI,21.673
2026-09-08,15:29,TIIL,22.1134
2026-09-08,15:29,TIL,7.6864
2026-09-08,15:29,TIMEX,7.129
2026-09-08,15:29,TIMKEN,0.7576
2026-09-08,15:29,TITAGARH,8.6871
2026-09-08,15:29,TITAN,2.8311
2026-09-08,15:29,TMB,5.2225
2026-09-08,15:29,TMCV,9.4432
2026-09-08,15:29,TNPETRO,48.2531
2026-09-08,15:29,TNPL,7.0074
2026-09-08,15:29,TORNTPHARM,1.2596
2026-09-08,15:29,TRANSPEK,28.6579
2026-09-08,15:29,TRAVELFOOD,0.5589
2026-09-08,15:29,TREL,11.5192
2026-09-08,15:29,TRIVENI,19.235
2026-09-08,15:29,TRUALT,-0.8231
2026-09-08,15:29,TTKHLTCARE,13.6288
2026-09-08,15:29,TURTLEMINT,14.7899
2026-09-08,15:29,TVSMOTOR,3.4982
2026-09-08,15:29,TVSSRICHAK,33.8447
2026-09-08,15:29,UDS,3.7505
2026-09-08,15:29,UEL,80.3109
2026-09-08,15:29,UFBL,2.5656
2026-09-08,15:29,UFLEX,45.4979
2026-09-08,15:29,UGARSUGAR,28.4716
2026-09-08,15:29,ULTRAMAR,14.2296
2026-09-08,15:29,UNICHEMLAB,4.1327
2026-09-08,15:29,UNIECOM,-1.0933
2026-09-08,15:29,UNIMECH,38.0081
2026-09-08,15:29,UNIONBANK,8.9039
2026-09-08,15:29,UNIPARTS,30.2771
2026-09-08,15:29,UNITEDPOLY,41.4683
2026-09-08,15:29,UNIVASTU,31.3277
2026-09-08,15:29,UNIVCABLES,15.8411
2026-09-08,15:29,UNIVPHOTO,14.631
2026-09-08,15:29,UNOMINDA,6.2806
2026-09-08,15:29,URBANCO,31.8266
2026-09-08,15:29,UTIAMC,0.0222
2026-09-08,15:29,UTLSOLAR,13.7629
2026-09-08,15:29,UTTAMSUGAR,28.491
2026-09-08,15:29,V2RETAIL,-0.7662
2026-09-08,15:29,VADILALIND,11.763
2026-09-08,15:29,VALIANTLAB,89.0509
2026-09-08,15:29,VALIANTORG,30.9119
2026-09-08,15:29,VAML,1.0414
2026-09-08,15:29,VARROC,28.9586
2026-09-08,15:29,VEDL,4.8776
2026-09-08,15:29,VEEDOL,4.5291
2026-09-08,15:29,VELJAN,5.2925
2026-09-08,15:29,VENKEYS,13.5473
2026-09-08,15:29,VENUSPIPES,17.3649
2026-09-08,15:29,VENUSREM,6.1736
2026-09-08,15:29,VERANDA,1.7399
2026-09-08,15:29,VGUARD,12.9341
2026-09-08,15:29,VHL,4.763
2026-09-08,15:29,VIDHIING,13.9728
2026-09-08,15:29,VIDYAWIRES,-0.6357
2026-09-08,15:29,VIJAYA,10.5879
2026-09-08,15:29,VIMTALABS,3.9621
2026-09-08,15:29,VINATIORGA,3.6052
2026-09-08,15:29,VINCOFE,8.7306
2026-09-08,15:29,VINDHYATEL,49.5557
2026-09-08,15:29,VIPIND,6.3918
2026-09-08,15:29,VISAKAIND,12.9138
2026-09-08,15:29,VISHNU,17.9349
2026-09-08,15:29,VISL,15.1135
2026-09-08,15:29,VIYASH,3.3537
2026-09-08,15:29,VMART,15.4729
2026-09-08,15:29,VOEPL,14.7599
2026-09-08,15:29,VOGL,7.2265
2026-09-08,15:29,VOLTAMP,22.3358
2026-09-08,15:29,VRLLOG,12.92
2026-09-08,15:29,VSSL,20.1078
2026-09-08,15:29,WABAG,6.0625
2026-09-08,15:29,WAKEFIT,21.295
2026-09-08,15:29,WELCORP,58.2071
2026-09-08,15:29,WELENT,32.9183
2026-09-08,15:29,WELINV,20.1253
2026-09-08,15:29,WELSPLSOL,8.947
2026-09-08,15:29,WELSPUNLIV,29.7323
2026-09-08,15:29,WENDT,1.4398
2026-09-08,15:29,WESTLIFE,15.3063
2026-09-08,15:29,WHEELS,48.6416
2026-09-08,15:29,WHIRLPOOL,3.1522
2026-09-08,15:29,WINDLAS,34.9941
2026-09-08,15:29,WINDMACHIN,10.3847
2026-09-08,15:29,WOCKPHARMA,17.6657
2026-09-08,15:29,WONDERLA,12.305
2026-09-08,15:29,WPIL,-1.4146
2026-09-08,15:29,WSTCSTPAPR,19.4459
2026-09-08,15:29,XPROINDIA,0.8491
2026-09-08,15:29,YASHO,27.6844
2026-09-08,15:29,YATHARTH,16.3019
2026-09-08,15:29,YATRA,5.8692
2026-09-08,15:29,YESBANK,-1.2714
2026-09-08,15:29,YUKEN,45.0043
2026-09-08,15:29,ZENTEC,11.2398
2026-09-08,15:29,ZFCVINDIA,5.9111
2026-09-08,15:29,ZFSTEERING,-0.5047
2026-09-08,15:29,ZIMLAB,11.6396
2026-09-08,15:29,ZUARI,1.0103
2026-09-08,15:29,ZUARIIND,11.3132
2026-09-08,15:29,ZYDUSLIFE,4.2122
2026-09-08,15:29,ZYDUSWELL,1.5834
2026-09-09,15:29,20MICRONS,8.4013
2026-09-09,15:29,3BBLACKBIO,16.146
2026-09-09,15:29,63MOONS,11.1247
2026-09-09,15:29,AARTIDRUGS,2.9666
2026-09-09,15:29,AARTIIND,2.2039
2026-09-09,15:29,AARTIPHARM,21.4803
2026-09-09,15:29,ABB,1.2448
2026-09-09,15:29,ABCAPITAL,0.6036
2026-09-09,15:29,ABSLAMC,4.8157
2026-09-09,15:29,ACE,7.2006
2026-09-09,15:29,ACMESOLAR,9.5323
2026-09-09,15:29,ACUTAAS,-1.9479
2026-09-09,15:29,ADANIENT,2.6517
2026-09-09,15:29,ADANIPORTS,3.2157
2026-09-09,15:29,ADANIPOWER,2.5678
2026-09-09,15:29,ADOR,14.3881
2026-09-09,15:29,AEGISLOG,4.7404
2026-09-09,15:29,AEGISVOPAK,0.7583
2026-09-09,15:29,AEQUS,0.6241
2026-09-09,15:29,AEROENTER,17.0378
2026-09-09,15:29,AEROFLEX,24.534
2026-09-09,15:29,AETHER,8.0633
2026-09-09,15:29,AFCONS,-3.0416
2026-09-09,15:29,AFSL,0.1045
2026-09-09,15:29,AGARWALEYE,5.0941
2026-09-09,15:29,AGI,11.984
2026-09-09,15:29,AJANTPHARM,4.0601
2026-09-09,15:29,AJAXENGG,0.2428
2026-09-09,15:29,AKCAPIT,-0.9834
2026-09-09,15:29,AKUMS,11.5191
2026-09-09,15:29,ALEMBICLTD,18.4648
2026-09-09,15:29,ALICON,8.263
2026-09-09,15:29,ALIVUS,25.0536
2026-09-09,15:29,ALKYLAMINE,6.9939
2026-09-09,15:29,AMANTA,26.9515
2026-09-09,15:29,AMBER,-2.7187
2026-09-09,15:29,AMRUTANJAN,-2.4768
2026-09-09,15:29,ANANDRATHI,7.1548
2026-09-09,15:29,ANANTRAJ,0.0326
2026-09-09,15:29,ANDHRAPAP,9.4006
2026-09-09,15:29,ANDHRSUGAR,16.5494
2026-09-09,15:29,ANGELONE,-1.1405
2026-09-09,15:29,ANTELOPUS,47.8101
2026-09-09,15:29,ANTHEM,19.3608
2026-09-09,15:29,ANUHPHR,22.2391
2026-09-09,15:29,ANURAS,1.2516
2026-09-09,15:29,APARINDS,26.1149
2026-09-09,15:29,APEX,0.5549
2026-09-09,15:29,APLAPOLLO,15.9482
2026-09-09,15:29,APLLTD,0.6712
2026-09-09,15:29,APOLLO,10.2715
2026-09-09,15:29,APOLLOHOSP,0.3581
2026-09-09,15:29,APOLLOPIPE,15.4623
2026-09-09,15:29,APOLLOTYRE,-0.4362
2026-09-09,15:29,APTECHT,-2.762
2026-09-09,15:29,ARFIN,1.8355
2026-09-09,15:29,ARIES,41.4666
2026-09-09,15:29,ARIHANTCAP,0.6005
2026-09-09,15:29,ARIS,-0.56
2026-09-09,15:29,ARMANFIN,6.5429
2026-09-09,15:29,ARROWGREEN,12.347
2026-09-09,15:29,ARSSBL,-1.3369
2026-09-09,15:29,ARTEMISMED,18.6537
2026-09-09,15:29,ARVIND,10.3315
2026-09-09,15:29,ARVINDFASN,-0.6349
2026-09-09,15:29,ARVSMART,0.9591
2026-09-09,15:29,ASAHIINDIA,10.2418
2026-09-09,15:29,ASHOKLEY,5.723
2026-09-09,15:29,ASIANENE,37.7138
2026-09-09,15:29,ASIANHOTNR,29.2539
2026-09-09,15:29,ASKAUTOLTD,20.8691
2026-09-09,15:29,ASTEC,18.4159
2026-09-09,15:29,ASTRAL,-0.1016
2026-09-09,15:29,ATHERENERG,26.7956
2026-09-09,15:29,ATL,6.413
2026-09-09,15:29,ATLANTAELE,19.4173
2026-09-09,15:29,AUBANK,1.7461
2026-09-09,15:29,AUROPHARMA,6.802
2026-09-09,15:29,AURUM,1.3674
2026-09-09,15:29,AVADHSUGAR,58.8065
2026-09-09,15:29,AVALON,36.7436
2026-09-09,15:29,AVANTEL,-0.5141
2026-09-09,15:29,AVL,-0.5109
2026-09-09,15:29,AVTNPL,32.0663
2026-09-09,15:29,AWL,-1.2585
2026-09-09,15:29,AXISBANK,0.2509
2026-09-09,15:29,AXISCADES,19.7995
2026-09-09,15:29,AYE,7.69
2026-09-09,15:29,AYMSYNTEX,29.7408
2026-09-09,15:29,AZAD,17.1092
2026-09-09,15:29,BAFNAPH,19.3463
2026-09-09,15:29,BAJAJ-AUTO,3.9866
2026-09-09,15:29,BAJAJCON,-2.8052
2026-09-09,15:29,BAJAJELEC,2.7984
2026-09-09,15:29,BAJAJFINSV,0.1351
2026-09-09,15:29,BAJAJHCARE,2.362
2026-09-09,15:29,BAJAJHIND,26.182
2026-09-09,15:29,BAJAJHLDNG,1.1782
2026-09-09,15:29,BAJEL,3.5525
2026-09-09,15:29,BAJFINANCE,-1.4321
2026-09-09,15:29,BALAJITELE,10.4043
2026-09-09,15:29,BALAMINES,3.8699
2026-09-09,15:29,BALKRISIND,6.096
2026-09-09,15:29,BALMLAWRIE,-1.9652
2026-09-09,15:29,BALRAMCHIN,15.4626
2026-09-09,15:29,BALUFORGE,22.717
2026-09-09,15:29,BANARISUG,5.0378
2026-09-09,15:29,BANCOINDIA,1.1627
2026-09-09,15:29,BANDHANBNK,-1.0831
2026-09-09,15:29,BANKINDIA,2.4773
2026-09-09,15:29,BASF,0.1417
2026-09-09,15:29,BBOX,3.0311
2026-09-09,15:29,BBTC,-3.2908
2026-09-09,15:29,BCLIND,2.3947
2026-09-09,15:29,BECTORFOOD,11.9099
2026-09-09,15:29,BEEKAY,6.5641
2026-09-09,15:29,BEL,4.7607
2026-09-09,15:29,BELRISE,-0.8374
2026-09-09,15:29,BEML,17.7613
2026-09-09,15:29,BENGALASM,-1.3317
2026-09-09,15:29,BEPL,16.6157
2026-09-09,15:29,BFINVEST,-0.3987
2026-09-09,15:29,BHAGCHEM,-1.6851
2026-09-09,15:29,BHAGERIA,54.6909
2026-09-09,15:29,BHAGYANGR,6.452
2026-09-09,15:29,BHARATCOAL,-1.4006
2026-09-09,15:29,BHARATSE,5.8403
2026-09-09,15:29,BHEL,7.0468
2026-09-09,15:29,BIL,47.8093
2026-09-09,15:29,BIRLACABLE,79.9728
2026-09-09,15:29,BIRLANU,2.0293
2026-09-09,15:29,BLACKBUCK,10.7917
2026-09-09,15:29,BLACKROSE,1.0555
2026-09-09,15:29,BLIL,2.8421
2026-09-09,15:29,BLISSGVS,51.9408
2026-09-09,15:29,BLKASHYAP,2.5921
2026-09-09,15:29,BLS,-2.253
2026-09-09,15:29,BLSE,7.2923
2026-09-09,15:29,BLUEDART,-2.7852
2026-09-09,15:29,BLUESTONE,13.5216
2026-09-09,15:29,BLUSPRING,14.3809
2026-09-09,15:29,BODALCHEM,144.4429
2026-09-09,15:29,BOROLTD,10.1691
2026-09-09,15:29,BOSCH-HCIL,35.1169
2026-09-09,15:29,BOSCHLTD,19.5665
2026-09-09,15:29,BRIGADE,17.4834
2026-09-09,15:29,BSHSL,3.1968
2026-09-09,15:29,BUILDPRO,5.8934
2026-09-09,15:29,CANBK,-0.5131
2026-09-09,15:29,CANHLIFE,1.6386
2026-09-09,15:29,CANTABIL,0.2898
2026-09-09,15:29,CAPLIPOINT,4.2056
2026-09-09,15:29,CARBORUNIV,3.608
2026-09-09,15:29,CARERATING,2.0715
2026-09-09,15:29,CARTRADE,6.002
2026-09-09,15:29,CARYSIL,0.1612
2026-09-09,15:29,CASTROLIND,2.2763
2026-09-09,15:29,CDSL,1.3778
2026-09-09,15:29,CEIGALL,12.8467
2026-09-09,15:29,CELLO,-2.2312
2026-09-09,15:29,CENTRALBK,-1.9558
2026-09-09,15:29,CENTUM,18.7788
2026-09-09,15:29,CGCL,20.2384
2026-09-09,15:29,CGPOWER,11.748
2026-09-09,15:29,CHALET,6.3344
2026-09-09,15:29,CHEMBONDCH,10.045
2026-09-09,15:29,CHEMCON,24.9645
2026-09-09,15:29,CHEMFAB,-1.3722
2026-09-09,15:29,CHENNPETRO,32.3435
2026-09-09,15:29,CHEVIOT,1.5425
2026-09-09,15:29,CHOLAFIN,1.4477
2026-09-09,15:29,CHOLAHLDNG,0.85
2026-09-09,15:29,CIFL,-1.3725
2026-09-09,15:29,CLEAN,11.9897
2026-09-09,15:29,CLEANMAX,5.2251
2026-09-09,15:29,CLSEL,9.5084
2026-09-09,15:29,CMRGREEN,0.9947
2026-09-09,15:29,COALINDIA,5.1091
2026-09-09,15:29,COCHINSHIP,10.8578
2026-09-09,15:29,COFFEEDAY,8.2626
2026-09-09,15:29,COFORGE,7.5864
2026-09-09,15:29,COHANCE,2.7939
2026-09-09,15:29,COMSYN,44.8394
2026-09-09,15:29,CONCOR,-3.0142
2026-09-09,15:29,CONCORDBIO,10.0797
2026-09-09,15:29,CONFIPET,15.815
2026-09-09,15:29,CONSOFINVT,5.6121
2026-09-09,15:29,CONTROLPR,-0.0255
2026-09-09,15:29,CORONA,4.2612
2026-09-09,15:29,COSMOFIRST,1.9852
2026-09-09,15:29,CPPLUS,9.3752
2026-09-09,15:29,CRAFTSMAN,19.0961
2026-09-09,15:29,CREST,-3.1752
2026-09-09,15:29,CRISIL,5.4375
2026-09-09,15:29,CSLFINANCE,15.3554
2026-09-09,15:29,CUB,1.2278
2026-09-09,15:29,CUPID,19.6475
2026-09-09,15:29,CYIENT,23.938
2026-09-09,15:29,CYIENTDLM,38.7092
2026-09-09,15:29,DALMIASUG,21.085
2026-09-09,15:29,DATAPATTNS,10.0663
2026-09-09,15:29,DBOL,22.6417
2026-09-09,15:29,DCBBANK,18.4566
2026-09-09,15:29,DCW,2.2949
2026-09-09,15:29,DDEVPLSTIK,-2.8713
2026-09-09,15:29,DECCANCE,2.7528
2026-09-09,15:29,DECNGOLD,14.2322
2026-09-09,15:29,DEEDEV,2.2348
2026-09-09,15:29,DEEPAKNTR,-1.9527
2026-09-09,15:29,DEEPINDS,45.9987
2026-09-09,15:29,DEN,-1.3416
2026-09-09,15:29,DEVYANI,15.8922
2026-09-09,15:29,DHAMPURSUG,24.367
2026-09-09,15:29,DHARMAJ,1.8278
2026-09-09,15:29,DHUNINV,15.8297
2026-09-09,15:29,DIACABS,-0.7853
2026-09-09,15:29,DIAMONDYD,-0.2663
2026-09-09,15:29,DICIND,20.2375
2026-09-09,15:29,DIFFNKG,13.4999
2026-09-09,15:29,DISAQ,-2.7236
2026-09-09,15:29,DIVGIITTS,19.7064
2026-09-09,15:29,DIVISLAB,21.8832
2026-09-09,15:29,DIXON,-3.0123
2026-09-09,15:29,DLF,-2.2604
2026-09-09,15:29,DLINKINDIA,-2.7325
2026-09-09,15:29,DMART,-2.9391
2026-09-09,15:29,DMCC,8.2225
2026-09-09,15:29,DODLA,3.4421
2026-09-09,15:29,DOLATALGO,0.7844
2026-09-09,15:29,DOLLAR,6.4925
2026-09-09,15:29,DOLPHIN,82.5936
2026-09-09,15:29,DPABHUSHAN,-0.3529
2026-09-09,15:29,DRAGARWQ,4.6939
2026-09-09,15:29,DRREDDY,0.2364
2026-09-09,15:29,DVL,21.7684
2026-09-09,15:29,DWARKESH,22.9474
2026-09-09,15:29,DYCL,15.8924
2026-09-09,15:29,DYNAMATECH,12.5254
2026-09-09,15:29,E2E,23.0034
2026-09-09,15:29,EBGNG,20.5709
2026-09-09,15:29,ECLERX,-1.4961
2026-09-09,15:29,EDELWEISS,15.0991
2026-09-09,15:29,EICHERMOT,-0.5721
2026-09-09,15:29,EIDPARRY,-2.8502
2026-09-09,15:29,EIMCOELECO,23.9871
2026-09-09,15:29,ELANTAS,42.5073
2026-09-09,15:29,ELDEHSG,-1.6863
2026-09-09,15:29,ELECON,-1.0266
2026-09-09,15:29,ELECTCAST,8.712
2026-09-09,15:29,ELGIEQUIP,7.2251
2026-09-09,15:29,ELPROINTL,-1.1866
2026-09-09,15:29,EMAMIPAP,9.5699
2026-09-09,15:29,EMCURE,0.5621
2026-09-09,15:29,EMIL,37.8907
2026-09-09,15:29,EMKAY,4.1104
2026-09-09,15:29,EMMVEE,3.8522
2026-09-09,15:29,EMSLIMITED,-2.6004
2026-09-09,15:29,EMUDHRA,12.566
2026-09-09,15:29,ENDURANCE,-0.9916
2026-09-09,15:29,ENGINERSIN,21.0764
2026-09-09,15:29,ENRIN,0.41
2026-09-09,15:29,ENTERO,49.5909
2026-09-09,15:29,EPIGRAL,3.2467
2026-09-09,15:29,EPL,5.2295
2026-09-09,15:29,EQUITASBNK,-0.588
2026-09-09,15:29,ESABINDIA,6.2702
2026-09-09,15:29,ESAFSFB,9.1371
2026-09-09,15:29,ESCORTS,-0.9149
2026-09-09,15:29,ESTER,2.3271
2026-09-09,15:29,ETERNAL,2.8223
2026-09-09,15:29,ETHOSLTD,7.1624
2026-09-09,15:29,EVEREADY,0.8224
2026-09-09,15:29,EXCELINDUS,-0.1967
2026-09-09,15:29,EXCELSOFT,-3.3158
2026-09-09,15:29,EXICOM,13.2225
2026-09-09,15:29,FABTECH,-1.2837
2026-09-09,15:29,FCL,48.4879
2026-09-09,15:29,FEDDERSHOL,10.7559
2026-09-09,15:29,FEDFINA,1.2124
2026-09-09,15:29,FILATEX,5.7383
2026-09-09,15:29,FINCABLES,37.415
2026-09-09,15:29,FINEORG,7.3947
2026-09-09,15:29,FINKURVE,8.8785
2026-09-09,15:29,FISCHER,-2.7405
2026-09-09,15:29,FLUOROCHEM,3.769
2026-09-09,15:29,FORCEMOT,0.1211
2026-09-09,15:29,FOSECOIND,21.9904
2026-09-09,15:29,FRACTAL,-1.1127
2026-09-09,15:29,GAEL,1.2659
2026-09-09,15:29,GAIL,-0.1256
2026-09-09,15:29,GALAPREC,-2.4751
2026-09-09,15:29,GALAXYSURF,16.7449
2026-09-09,15:29,GANDHAR,14.5017
2026-09-09,15:29,GANDHITUBE,2.7435
2026-09-09,15:29,GANESHBE,4.9361
2026-09-09,15:29,GANESHCP,0.2333
2026-09-09,15:29,GANESHHOU,-1.3077
2026-09-09,15:29,GARFIBRES,11.5967
2026-09-09,15:29,GARUDA,6.4471
2026-09-09,15:29,GAYAPROJ,17.495
2026-09-09,15:29,GCSL,16.2193
2026-09-09,15:29,GEECEE,6.5739
2026-09-09,15:29,GENESYS,-0.9711
2026-09-09,15:29,GENUSPOWER,4.9107
2026-09-09,15:29,GEOJITFSL,6.2881
2026-09-09,15:29,GESHIP,1.6561
2026-09-09,15:29,GFLLIMITED,22.2033
2026-09-09,15:29,GHCL,-2.9261
2026-09-09,15:29,GHCLTEXTIL,11.8297
2026-09-09,15:29,GICRE,-2.5212
2026-09-09,15:29,GIPCL,23.6028
2026-09-09,15:29,GKSL,38.4894
2026-09-09,15:29,GLAND,18.9684
2026-09-09,15:29,GLAXO,10.0442
2026-09-09,15:29,GLENMARK,7.6624
2026-09-09,15:29,GLOBAL,23.241
2026-09-09,15:29,GLOBUSSPR,-3.096
2026-09-09,15:29,GMBREW,1.6842
2026-09-09,15:29,GMDCLTD,0.0522
2026-09-09,15:29,GMMPFAUDLR,62.4339
2026-09-09,15:29,GMRP&UI,-2.0758
2026-09-09,15:29,GNA,1.3906
2026-09-09,15:29,GNFC,9.4268
2026-09-09,15:29,GNRL,15.0348
2026-09-09,15:29,GOCLCORP,12.7301
2026-09-09,15:29,GOCOLORS,0.8824
2026-09-09,15:29,GODIGIT,0.0593
2026-09-09,15:29,GODREJAGRO,20.398
2026-09-09,15:29,GOKULAGRO,3.2975
2026-09-09,15:29,GOPAL,-0.927
2026-09-09,15:29,GPIL,0.4925
2026-09-09,15:29,GPPL,5.5999
2026-09-09,15:29,GPTHEALTH,-2.7274
2026-09-09,15:29,GRANDOAK,2.5452
2026-09-09,15:29,GRANULES,5.1019
2026-09-09,15:29,GRAPHITE,26.7007
2026-09-09,15:29,GRASIM,6.0071
2026-09-09,15:29,GRAVITA,5.0272
2026-09-09,15:29,GREENPLY,2.7467
2026-09-09,15:29,GRINFRA,-2.9834
2026-09-09,15:29,GRMOVER,-0.866
2026-09-09,15:29,GROWW,0.4749
2026-09-09,15:29,GRPLTD,2.6434
2026-09-09,15:29,GRWRHITECH,-3.0858
2026-09-09,15:29,GSFC,-0.3797
2026-09-09,15:29,GTPL,-2.4598
2026-09-09,15:29,GUFICBIO,12.1616
2026-09-09,15:29,GUJALKALI,4.2273
2026-09-09,15:29,GUJTHEM,20.6921
2026-09-09,15:29,GULFOILLUB,1.9233
2026-09-09,15:29,GVT&D,13.9311
2026-09-09,15:29,GYFTR,18.898
2026-09-09,15:29,HAL,8.8959
2026-09-09,15:29,HALDYNGL,16.9929
2026-09-09,15:29,HAPPYFORGE,36.0195
2026-09-09,15:29,HARSHA,10.4238
2026-09-09,15:29,HATSUN,35.3997
2026-09-09,15:29,HAWKINCOOK,-0.1878
2026-09-09,15:29,HBLENGINE,3.1142
2026-09-09,15:29,HCC,9.7424
2026-09-09,15:29,HCG,5.6021
2026-09-09,15:29,HDBFS,-0.6841
2026-09-09,15:29,HEALTHX,-1.9479
2026-09-09,15:29,HEIDELBERG,2.9561
2026-09-09,15:29,HERANBA,-2.3085
2026-09-09,15:29,HERITGFOOD,15.6198
2026-09-09,15:29,HEROMOTOCO,1.3381
2026-09-09,15:29,HEXAGON,8.6368
2026-09-09,15:29,HEXATRADEX,-0.5094
2026-09-09,15:29,HFCL,26.7979
2026-09-09,15:29,HIKAL,8.7226
2026-09-09,15:29,HINDALCO,6.6965
2026-09-09,15:29,HINDCOPPER,10.1045
2026-09-09,15:29,HINDOILEXP,24.7245
2026-09-09,15:29,HINDZINC,12.8004
2026-09-09,15:29,HITECHCORP,4.8438
2026-09-09,15:29,HITECHGEAR,3.5467
2026-09-09,15:29,HMT,11.5151
2026-09-09,15:29,HNDFDS,8.3187
2026-09-09,15:29,HOMEFIRST,2.367
2026-09-09,15:29,HONASA,4.8292
2026-09-09,15:29,HTMEDIA,-0.5242
2026-09-09,15:29,HYUNDAI,9.5087
2026-09-09,15:29,ICIL,7.9075
2026-09-09,15:29,ICRA,0.0209
2026-09-09,15:29,IDBI,-3.0663
2026-09-09,15:29,IDFCFIRSTB,1.1527
2026-09-09,15:29,IFCI,24.7686
2026-09-09,15:29,IFGLEXPOR,9.4371
2026-09-09,15:29,IGL,0.0065
2026-09-09,15:29,IGPL,20.2158
2026-09-09,15:29,IIFL,1.6888
2026-09-09,15:29,IIFLCAPS,0.655
2026-09-09,15:29,IKIO,7.445
2026-09-09,15:29,IKS,-1.4897
2026-09-09,15:29,IMAGICAA,18.9236
2026-09-09,15:29,IMPAL,2.3671
2026-09-09,15:29,INDGN,11.9843
2026-09-09,15:29,INDHOTEL,-2.0929
2026-09-09,15:29,INDIANB,3.4976
2026-09-09,15:29,INDIGOPNTS,0.8074
2026-09-09,15:29,INDIQUBE,13.6548
2026-09-09,15:29,INDNIPPON,12.0659
2026-09-09,15:29,INDOAMIN,-0.8725
2026-09-09,15:29,INDOBORAX,32.8523
2026-09-09,15:29,INDOCO,2.7238
2026-09-09,15:29,INDORAMA,61.7768
2026-09-09,15:29,INDOTECH,5.6037
2026-09-09,15:29,INDRAMEDCO,-0.6893
2026-09-09,15:29,INDSWFTLAB,73.7857
2026-09-09,15:29,INDUSINDBK,-0.8199
2026-09-09,15:29,INDUSTOWER,-3.2241
2026-09-09,15:29,INGERRAND,9.5333
2026-09-09,15:29,INNOVACAP,22.7172
2026-09-09,15:29,INNOVISION,-0.6557
2026-09-09,15:29,INOXINDIA,16.1388
2026-09-09,15:29,INOXWIND,1.0313
2026-09-09,15:29,INSECTICID,-0.8822
2026-09-09,15:29,INTERARCH,-2.1612
2026-09-09,15:29,INTLCONV,3.205
2026-09-09,15:29,INVPRECQ,33.4749
2026-09-09,15:29,IOB,-2.3972
2026-09-09,15:29,IOC,-3.2189
2026-09-09,15:29,IOLCP,42.036
2026-09-09,15:29,IONEXCHANG,3.1965
2026-09-09,15:29,IPCALAB,10.6565
2026-09-09,15:29,IRIS,2.2182
2026-09-09,15:29,IRISDOREME,24.2148
2026-09-09,15:29,IRMENERGY,10.2944
2026-09-09,15:29,JAGRAN,-0.3197
2026-09-09,15:29,JAGSNPHARM,2.1215
2026-09-09,15:29,JAIBALAJI,12.3834
2026-09-09,15:29,JAMNAAUTO,-2.3036
2026-09-09,15:29,JASH,4.8933
2026-09-09,15:29,JAYAGROGN,14.5392
2026-09-09,15:29,JAYKAY,5.1603
2026-09-09,15:29,JAYNECOIND,2.8713
2026-09-09,15:29,JGCHEM,23.2591
2026-09-09,15:29,JINDALPOLY,6.0837
2026-09-09,15:29,JINDALSAW,21.0016
2026-09-09,15:29,JINDALSTEL,5.3091
2026-09-09,15:29,JINDRILL,16.5557
2026-09-09,15:29,JINDWORLD,45.283
2026-09-09,15:29,JISLJALEQS,1.2612
2026-09-09,15:29,JKIL,0.457
2026-09-09,15:29,JKPAPER,5.2246
2026-09-09,15:29,JMFINANCIL,2.8152
2026-09-09,15:29,JSL,7.5223
2026-09-09,15:29,JSWDULUX,6.9178
2026-09-09,15:29,JSWENERGY,-1.9974
2026-09-09,15:29,JSWHL,1.6214
2026-09-09,15:29,JSWINFRA,7.8503
2026-09-09,15:29,JSWSTEEL,2.6163
2026-09-09,15:29,JTLIND,19.164
2026-09-09,15:29,JUBLCPL,19.0427
2026-09-09,15:29,JUBLFOOD,8.1459
2026-09-09,15:29,JUBLPHARMA,4.2562
2026-09-09,15:29,JUNIPER,8.2805
2026-09-09,15:29,JYOTICNC,22.6361
2026-09-09,15:29,KABRAEXTRU,69.9218
2026-09-09,15:29,KAJARIACER,2.4386
2026-09-09,15:29,KALYANKJIL,-3.3408
2026-09-09,15:29,KAMATHOTEL,32.9225
2026-09-09,15:29,KAMDHENU,9.8466
2026-09-09,15:29,KANORICHEM,10.6761
2026-09-09,15:29,KANPRPLA,16.751
2026-09-09,15:29,KAPSTON,22.3415
2026-09-09,15:29,KARURVYSYA,0.147
2026-09-09,15:29,KAYA,23.6225
2026-09-09,15:29,KAYNES,-0.6486
2026-09-09,15:29,KCP,-0.6443
2026-09-09,15:29,KDDL,25.1944
2026-09-09,15:29,KENNAMET,65.0567
2026-09-09,15:29,KHAICHEM,10.0104
2026-09-09,15:29,KILITCH,1.2084
2026-09-09,15:29,KINGFA,21.9186
2026-09-09,15:29,KIOCL,3.4316
2026-09-09,15:29,KIRANVYPAR,4.4243
2026-09-09,15:29,KIRIINDUS,34.9381
2026-09-09,15:29,KIRLFER,-1.4656
2026-09-09,15:29,KIRLOSBROS,-0.2426
2026-09-09,15:29,KIRLOSENG,1.7883
2026-09-09,15:29,KKCL,1.0925
2026-09-09,15:29,KLBRENG-B,7.0216
2026-09-09,15:29,KMEW,10.6053
2026-09-09,15:29,KNRCON,1.319
2026-09-09,15:29,KOLTEPATIL,13.5094
2026-09-09,15:29,KOPRAN,22.297
2026-09-09,15:29,KOTAKBANK,6.0994
2026-09-09,15:29,KOTHARIPET,7.2303
2026-09-09,15:29,KOVAI,3.4399
2026-09-09,15:29,KPIL,8.0635
2026-09-09,15:29,KPL,37.3656
2026-09-09,15:29,KPRMILL,7.5248
2026-09-09,15:29,KRBL,24.645
2026-09-09,15:29,KRISHANA,10.5621
2026-09-09,15:29,KRN,32.2268
2026-09-09,15:29,KRONOX,12.06
2026-09-09,15:29,KROSS,10.7598
2026-09-09,15:29,KRSNAA,5.1551
2026-09-09,15:29,KRYSTAL,5.6819
2026-09-09,15:29,KSHINTL,39.5748
2026-09-09,15:29,KSL,2.1831
2026-09-09,15:29,KTKBANK,18.7276
2026-09-09,15:29,KUANTUM,-2.4765
2026-09-09,15:29,KWIL,31.9548
2026-09-09,15:29,LALPATHLAB,1.9761
2026-09-09,15:29,LASERPOWER,-3.2674
2026-09-09,15:29,LAURUSLABS,8.7408
2026-09-09,15:29,LAXMIINDIA,6.6381
2026-09-09,15:29,LENSKART,23.9882
2026-09-09,15:29,LGBBROSLTD,9.7038
2026-09-09,15:29,LGEINDIA,8.5364
2026-09-09,15:29,LICHSGFIN,0.2801
2026-09-09,15:29,LIKHITHA,-0.9564
2026-09-09,15:29,LINCOLN,9.6491
2026-09-09,15:29,LMW,9.5704
2026-09-09,15:29,LOKESHMACH,7.5011
2026-09-09,15:29,LOTUSDEV,4.3426
2026-09-09,15:29,LT,-0.2238
2026-09-09,15:29,LTF,0.4043
2026-09-09,15:29,LTFOODS,19.7966
2026-09-09,15:29,LTM,-0.2419
2026-09-09,15:29,LUMAXIND,20.7775
2026-09-09,15:29,LUMAXTECH,32.5653
2026-09-09,15:29,M&M,-2.2286
2026-09-09,15:29,MACPOWER,32.7209
2026-09-09,15:29,MAGADSUGAR,17.0397
2026-09-09,15:29,MAHABANK,4.7442
2026-09-09,15:29,MAHASTEEL,46.37
2026-09-09,15:29,MAHLOG,-1.8806
2026-09-09,15:29,MAHSCOOTER,3.8829
2026-09-09,15:29,MAHSEAMLES,16.1955
2026-09-09,15:29,MAITHANALL,9.9653
2026-09-09,15:29,MAMATA,8.8361
2026-09-09,15:29,MANAKCOAT,2.2485
2026-09-09,15:29,MANAKSTEEL,58.7536
2026-09-09,15:29,MANALIPETC,33.6452
2026-09-09,15:29,MANBA,-2.6987
2026-09-09,15:29,MANGLMCEM,11.2748
2026-09-09,15:29,MANINDS,49.7072
2026-09-09,15:29,MANINFRA,32.5917
2026-09-09,15:29,MANORAMA,27.1904
2026-09-09,15:29,MANYAVAR,44.3093
2026-09-09,15:29,MARATHON,11.5537
2026-09-09,15:29,MARINE,58.7071
2026-09-09,15:29,MARKSANS,27.2499
2026-09-09,15:29,MARSONS,23.1022
2026-09-09,15:29,MASTERTR,13.3479
2026-09-09,15:29,MATRIMONY,17.4562
2026-09-09,15:29,MAWANASUG,29.4112
2026-09-09,15:29,MAXESTATES,39.9539
2026-09-09,15:29,MAZDA,28.0034
2026-09-09,15:29,MAZDOCK,4.3765
2026-09-09,15:29,MBAPL,-1.2012
2026-09-09,15:29,MCCHRLS-B,-1.1212
2026-09-09,15:29,MCX,23.2751
2026-09-09,15:29,MEDANTA,3.315
2026-09-09,15:29,MEESHO,20.7444
2026-09-09,15:29,MENONBE,39.1292
2026-09-09,15:29,MERCURYEV,6.115
2026-09-09,15:29,METROPOLIS,1.7748
2026-09-09,15:29,MFSL,-3.0757
2026-09-09,15:29,MGL,-1.8733
2026-09-09,15:29,MICEL,-1.0445
2026-09-09,15:29,MIDHANI,16.7527
2026-09-09,15:29,MINDACORP,1.2351
2026-09-09,15:29,MMFL,12.4385
2026-09-09,15:29,MMP,64.4044
2026-09-09,15:29,MMTC,2.4653
2026-09-09,15:29,MOBIKWIK,-3.3312
2026-09-09,15:29,MODISONLTD,84.4967
2026-09-09,15:29,MOL,12.8196
2026-09-09,15:29,MOLDTECH,47.8125
2026-09-09,15:29,MOLDTKPAC,5.1974
2026-09-09,15:29,MONTECARLO,4.2782
2026-09-09,15:29,MOREPENLAB,101.452
2026-09-09,15:29,MOSCHIP,0.1801
2026-09-09,15:29,MOTHERSON,12.1233
2026-09-09,15:29,MOTILALOFS,19.848
2026-09-09,15:29,MPHASIS,-2.2784
2026-09-09,15:29,MPSLTD,3.7266
2026-09-09,15:29,MRPL,12.8817
2026-09-09,15:29,MSTCLTD,24.4463
2026-09-09,15:29,MTARTECH,44.4166
2026-09-09,15:29,MUFIN,3.6357
2026-09-09,15:29,MUKANDLTD,0.1937
2026-09-09,15:29,MUKKA,29.6007
2026-09-09,15:29,MUNJALAU,7.8562
2026-09-09,15:29,MVGJL,23.477
2026-09-09,15:29,NAHARINDUS,16.7
2026-09-09,15:29,NAHARSPING,-1.3869
2026-09-09,15:29,NAM-INDIA,-0.2825
2026-09-09,15:29,NATIONALUM,9.5445
2026-09-09,15:29,NAUKRI,1.5346
2026-09-09,15:29,NAVA,-0.0801
2026-09-09,15:29,NAVINFLUOR,15.5507
2026-09-09,15:29,NAZARA,23.2999
2026-09-09,15:29,NCC,2.2371
2026-09-09,15:29,NCLIND,-3.3195
2026-09-09,15:29,NDTV,-3.2415
2026-09-09,15:29,NELCAST,-2.004
2026-09-09,15:29,NELCO,2.5907
2026-09-09,15:29,NEOGEN,10.1011
2026-09-09,15:29,NEPHROPLUS,3.8807
2026-09-09,15:29,NESCO,0.7717
2026-09-09,15:29,NETWEB,12.2454
2026-09-09,15:29,NEULANDLAB,17.759
2026-09-09,15:29,NFL,-2.792
2026-09-09,15:29,NHPC,-1.5533
2026-09-09,15:29,NIACL,25.2117
2026-09-09,15:29,NIITLTD,-3.0516
2026-09-09,15:29,NILKAMAL,9.9604
2026-09-09,15:29,NIRLON,-0.0484
2026-09-09,15:29,NITINSPIN,21.1403
2026-09-09,15:29,NMDC,-0.0582
2026-09-09,15:29,NOCIL,13.183
2026-09-09,15:29,NORTHARC,6.7694
2026-09-09,15:29,NOVARTIND,37.0011
2026-09-09,15:29,NPST,8.7421
2026-09-09,15:29,NRAIL,30.4311
2026-09-09,15:29,NRBBEARING,13.491
2026-09-09,15:29,NRL,25.363
2026-09-09,15:29,NSIL,1.7468
2026-09-09,15:29,NSLNISP,4.5982
2026-09-09,15:29,NTPC,-2.6201
2026-09-09,15:29,NUVAMA,-2.512
2026-09-09,15:29,NYKAA,4.7328
2026-09-09,15:29,OAL,35.6004
2026-09-09,15:29,OBEROIRLTY,-1.9875
2026-09-09,15:29,OCCLLTD,9.2115
2026-09-09,15:29,OFSS,1.7765
2026-09-09,15:29,OIL,11.3976
2026-09-09,15:29,OLAELEC,-2.8385
2026-09-09,15:29,OMAXE,41.8917
2026-09-09,15:29,OMPOWER,2.822
2026-09-09,15:29,ONEPOINT,2.6516
2026-09-09,15:29,ONGC,-1.8002
2026-09-09,15:29,ORCHPHARMA,2.3366
2026-09-09,15:29,ORIENTBELL,32.0862
2026-09-09,15:29,ORIENTCER,18.0434
2026-09-09,15:29,ORIENTELEC,0.835
2026-09-09,15:29,ORIENTHOT,3.7043
2026-09-09,15:29,ORISSAMINE,2.8884
2026-09-09,15:29,ORKLAINDIA,3.669
2026-09-09,15:29,OSWALGREEN,0.0994
2026-09-09,15:29,PAISALO,11.9485
2026-09-09,15:29,PANACHE,25
2026-09-09,15:29,PANAMAPET,11.3121
2026-09-09,15:29,PARACABLES,4.6786
2026-09-09,15:29,PARADEEP,0.8816
2026-09-09,15:29,PARAGMILK,17.1038
2026-09-09,15:29,PARAS,21.2471
2026-09-09,15:29,PARKHOSPS,0.9311
2026-09-09,15:29,PASUPTAC,17.0459
2026-09-09,15:29,PATELENG,-2.518
2026-09-09,15:29,PAUSHAKLTD,29.5047
2026-09-09,15:29,PAYTM,31.6917
2026-09-09,15:29,PDMJEPAPER,-1.657
2026-09-09,15:29,PDSL,-1.3132
2026-09-09,15:29,PENIND,6.2086
2026-09-09,15:29,PERSISTENT,-1.1726
2026-09-09,15:29,PETRONET,3.1757
2026-09-09,15:29,PFOCUS,2.4553
2026-09-09,15:29,PFS,-2.0518
2026-09-09,15:29,PGIL,10.5455
2026-09-09,15:29,PHOENIXLTD,-1.319
2026-09-09,15:29,PINELABS,21.0454
2026-09-09,15:29,PITTIENG,23.1707
2026-09-09,15:29,PIXTRANS,1.3934
2026-09-09,15:29,PNB,4.0781
2026-09-09,15:29,PNBHOUSING,8.1132
2026-09-09,15:29,PNGSREVA,16.1341
2026-09-09,15:29,POLICYBZR,11.718
2026-09-09,15:29,POLYMED,2.7108
2026-09-09,15:29,POLYPLEX,1.6858
2026-09-09,15:29,POWERICA,2.5108
2026-09-09,15:29,POWERINDIA,-0.2999
2026-09-09,15:29,PPL,6.2639
2026-09-09,15:29,PPLPHARMA,11.4064
2026-09-09,15:29,PRABHA,73.1358
2026-09-09,15:29,PRAJIND,5.3361
2026-09-09,15:29,PRAKASH,0.3891
2026-09-09,15:29,PRECWIRE,31.6907
2026-09-09,15:29,PREMEXPLN,0.672
2026-09-09,15:29,PREMIERPOL,21.9158
2026-09-09,15:29,PRICOLLTD,12.9059
2026-09-09,15:29,PRIMESECU,1.4671
2026-09-09,15:29,PRINCEPIPE,5.8236
2026-09-09,15:29,PROSTARM,9.167
2026-09-09,15:29,PROZONER,16.8971
2026-09-09,15:29,PRSMJOHNSN,4.2169
2026-09-09,15:29,PRUDENT,4.5591
2026-09-09,15:29,PTCIL,26.7598
2026-09-09,15:29,PTL,-2.8608
2026-09-09,15:29,PURVA,0.9335
2026-09-09,15:29,PVP,136.6703
2026-09-09,15:29,PVRINOX,2.5614
2026-09-09,15:29,PWL,-0.9324
2026-09-09,15:29,QPOWER,36.9412
2026-09-09,15:29,QUADFUTURE,25.242
2026-09-09,15:29,QUESS,15.4847
2026-09-09,15:29,RACLGEAR,26.9739
2026-09-09,15:29,RADHIKAJWE,29.8465
2026-09-09,15:29,RADICO,0.9191
2026-09-09,15:29,RAIN,-0.9218
2026-09-09,15:29,RAINBOW,-3.0467
2026-09-09,15:29,RAJOOENG,7.1292
2026-09-09,15:29,RAJRATAN,4.3997
2026-09-09,15:29,RAJRILTD,4.386
2026-09-09,15:29,RAMBHAJO,49.5079
2026-09-09,15:29,RAMCOSYS,1.127
2026-09-09,15:29,RAMRAT,15.5203
2026-09-09,15:29,RANEHOLDIN,-2.8124
2026-09-09,15:29,RATNAMANI,19.6719
2026-09-09,15:29,RATNAVEER,61.2366
2026-09-09,15:29,RAYMOND,37.3747
2026-09-09,15:29,RBA,49.8434
2026-09-09,15:29,RBLBANK,12.0841
2026-09-09,15:29,RBZJEWEL,23.0508
2026-09-09,15:29,REDINGTON,31.5185
2026-09-09,15:29,REGAAL,3.9496
2026-09-09,15:29,RELIANCE,0.243
2026-09-09,15:29,RELIGARE,2.537
2026-09-09,15:29,RENUKA,11.646
2026-09-09,15:29,RESPONIND,-2.1577
2026-09-09,15:29,RGL,21.5843
2026-09-09,15:29,RIIL,-1.7217
2026-09-09,15:29,RISHABH,34.1389
2026-09-09,15:29,RITCO,5.9933
2026-09-09,15:29,RKFORGE,12.2149
2026-09-09,15:29,RMDRIP,29.5553
2026-09-09,15:29,RML,22.3368
2026-09-09,15:29,ROLEXRINGS,26.2465
2026-09-09,15:29,ROSSTECH,27.6684
2026-09-09,15:29,RPEL,28.6022
2026-09-09,15:29,RPGLIFE,-1.3403
2026-09-09,15:29,RPTECH,2.7212
2026-09-09,15:29,RSL,35.2665
2026-09-09,15:29,RSWM,1.1543
2026-09-09,15:29,RUBICON,18.5192
2026-09-09,15:29,RUBYMILLS,20.4592
2026-09-09,15:29,SAGILITY,0.7355
2026-09-09,15:29,SAIL,9.0313
2026-09-09,15:29,SAILIFE,27.3197
2026-09-09,15:29,SAKAR,35.5706
2026-09-09,15:29,SALSTEEL,26.4612
2026-09-09,15:29,SALZERELEC,-3.2334
2026-09-09,15:29,SAMBHV,12.6328
2026-09-09,15:29,SANATHAN,1.823
2026-09-09,15:29,SANDESH,5.7246
2026-09-09,15:29,SANDHAR,5.7709
2026-09-09,15:29,SANGAMIND,-2.8309
2026-09-09,15:29,SANGHVIMOV,1.1299
2026-09-09,15:29,SANSERA,27.9237
2026-09-09,15:29,SANSTAR,-2.2774
2026-09-09,15:29,SAPPHIRE,17.5247
2026-09-09,15:29,SARDAEN,4.2494
2026-09-09,15:29,SARLAPOLY,2.3092
2026-09-09,15:29,SASKEN,3.5288
2026-09-09,15:29,SATIA,9.5897
2026-09-09,15:29,SAYAJIHOTL,5.9576
2026-09-09,15:29,SBC,15.6844
2026-09-09,15:29,SBCL,53.7681
2026-09-09,15:29,SBFC,10.4224
2026-09-09,15:29,SBICARD,1.1961
2026-09-09,15:29,SBIN,-1.3022
2026-09-09,15:29,SCI,3.1407
2026-09-09,15:29,SCPL,12.713
2026-09-09,15:29,SDBL,0.7449
2026-09-09,15:29,SEAMECLTD,23.1143
2026-09-09,15:29,SEDEMAC,7.2466
2026-09-09,15:29,SENORES,12.9181
2026-09-09,15:29,SESHAPAPER,4.4223
2026-09-09,15:29,SETL,61.4829
2026-09-09,15:29,SGFIN,-0.1177
2026-09-09,15:29,SGIL,1.2476
2026-09-09,15:29,SGMART,9.1435
2026-09-09,15:29,SHADOWFAX,16.1941
2026-09-09,15:29,SHAILY,13.4945
2026-09-09,15:29,SHALPAINTS,20.8009
2026-09-09,15:29,SHANTIGEAR,68.9746
2026-09-09,15:29,SHANTIGOLD,17.0025
2026-09-09,15:29,SHARDAMOTR,7.7881
2026-09-09,15:29,SHAREINDIA,8.3805
2026-09-09,15:29,SHILPAMED,58.8819
2026-09-09,15:29,SHINDL,-0.0684
2026-09-09,15:29,SHIVALIK,49.2555
2026-09-09,15:29,SHIVAUM,5.009
2026-09-09,15:29,SHOPERSTOP,-3.3015
2026-09-09,15:29,SHREDIGCEM,-1.7311
2026-09-09,15:29,SHREEJISPG,14.2514
2026-09-09,15:29,SHREEPUSHK,28.777
2026-09-09,15:29,SHREERAMA,15.5031
2026-09-09,15:29,SHRINGARMS,-0.3599
2026-09-09,15:29,SHRIPISTON,4.3011
2026-09-09,15:29,SHRIRAMFIN,-1.5028
2026-09-09,15:29,SHYAMMETL,3.8796
2026-09-09,15:29,SIEMENS,8.1708
2026-09-09,15:29,SIGACHI,36.0201
2026-09-09,15:29,SIGMAADV,24.7274
2026-09-09,15:29,SIMPLEXINF,10.7387
2026-09-09,15:29,SINDHUTRAD,0.2407
2026-09-09,15:29,SIRCA,6.9814
2026-09-09,15:29,SIS,-0.906
2026-09-09,15:29,SJS,-2.2362
2026-09-09,15:29,SJVN,-3.1005
2026-09-09,15:29,SKFINDIA,3.6569
2026-09-09,15:29,SKFINDUS,11.3998
2026-09-09,15:29,SKIPPER,12.7468
2026-09-09,15:29,SKYGOLD,27.3451
2026-09-09,15:29,SMARTWORKS,14.1563
2026-09-09,15:29,SMCGLOBAL,4.8732
2026-09-09,15:29,SMLMAH,43.8896
2026-09-09,15:29,SMSPHARMA,2.685
2026-09-09,15:29,SNOWMAN,1.7408
2026-09-09,15:29,SOFTTECH,7.4574
2026-09-09,15:29,SOLARA,36.4085
2026-09-09,15:29,SOLARINDS,23.6449
2026-09-09,15:29,SOMANYCERA,13.9123
2026-09-09,15:29,SONACOMS,10.9646
2026-09-09,15:29,SOTL,13.1791
2026-09-09,15:29,SOUTHBANK,-0.1721
2026-09-09,15:29,SOUTHWEST,-1.2839
2026-09-09,15:29,SPAL,0.3469
2026-09-09,15:29,SPECIALITY,2.3325
2026-09-09,15:29,SPECTRUM,12.1401
2026-09-09,15:29,SPIC,4.9379
2026-09-09,15:29,SPLPETRO,10.8228
2026-09-09,15:29,SPORTKING,1.6174
2026-09-09,15:29,SREEL,59.5496
2026-09-09,15:29,SRHHYPOLTD,10.4788
2026-09-09,15:29,SSWL,24.7397
2026-09-09,15:29,STAR,12.8019
2026-09-09,15:29,STEELCAS,6.3523
2026-09-09,15:29,STEL,7.0295
2026-09-09,15:29,STLNETWORK,40.678
2026-09-09,15:29,STLTECH,66.5352
2026-09-09,15:29,STOVEKRAFT,3.9767
2026-09-09,15:29,STYL,10.8023
2026-09-09,15:29,STYLAMIND,0.4663
2026-09-09,15:29,STYLEBAAZA,47.4601
2026-09-09,15:29,SUDARCOLOR,5.1534
2026-09-09,15:29,SUDARSCHEM,22.4583
2026-09-09,15:29,SUDEEPPHRM,45.2881
2026-09-09,15:29,SUKHJITS,1.349
2026-09-09,15:29,SUNCLAY,0.6417
2026-09-09,15:29,SUNDARMFIN,5.5334
2026-09-09,15:29,SUNDRMFAST,26.8953
2026-09-09,15:29,SUNDROP,-1.6777
2026-09-09,15:29,SUPRAJIT,-1.6312
2026-09-09,15:29,SUPREMEIND,1.0807
2026-09-09,15:29,SUPREMEINF,3.3341
2026-09-09,15:29,SUPRIYA,6.0261
2026-09-09,15:29,SURAKSHA,34.8804
2026-09-09,15:29,SUTLEJTEX,4.8832
2026-09-09,15:29,SUVEN,14.0897
2026-09-09,15:29,SVLL,5.8871
2026-09-09,15:29,SWANDEF,10.7279
2026-09-09,15:29,SWARAJENG,0.7428
2026-09-09,15:29,SWIGGY,-1.5974
2026-09-09,15:29,SYNCOMF,52.4603
2026-09-09,15:29,SYRMA,20.7682
2026-09-09,15:29,SYSTMTXC,18.9355
2026-09-09,15:29,TAALTECH,23.082
2026-09-09,15:29,TALBROAUTO,5.6142
2026-09-09,15:29,TARC,-3.2648
2026-09-09,15:29,TARIL,-0.3691
2026-09-09,15:29,TARSONS,0.4219
2026-09-09,15:29,TASTYBITE,5.6344
2026-09-09,15:29,TATACAP,0.3317
2026-09-09,15:29,TATACOMM,-0.4436
2026-09-09,15:29,TATAPOWER,-1.9218
2026-09-09,15:29,TATASTEEL,0.7903
2026-09-09,15:29,TATATECH,6.0951
2026-09-09,15:29,TATVA,-3.2103
2026-09-09,15:29,TBOTEK,13.0369
2026-09-09,15:29,TBZ,92.218
2026-09-09,15:29,TCIEXP,-1.0807
2026-09-09,15:29,TCPLPACK,19.9994
2026-09-09,15:29,TEAMLEASE,-1.3624
2026-09-09,15:29,TECHNOE,-0.354
2026-09-09,15:29,TECHNVISN,2.7135
2026-09-09,15:29,TEGA,11.5594
2026-09-09,15:29,TEJASNET,10.75
2026-09-09,15:29,TEXINFRA,0.2959
2026-09-09,15:29,TEXRAIL,2.492
2026-09-09,15:29,TFCILTD,40.8869
2026-09-09,15:29,THEINVEST,0.7651
2026-09-09,15:29,THEJO,13.798
2026-09-09,15:29,THELEELA,12.6789
2026-09-09,15:29,THEMISMED,23.7043
2026-09-09,15:29,THOMASCOOK,9.3049
2026-09-09,15:29,THYROCARE,-2.2672
2026-09-09,15:29,TI,14.0739
2026-09-09,15:29,TIIL,24.605
2026-09-09,15:29,TIMEX,12.5688
2026-09-09,15:29,TIMKEN,2.4801
2026-09-09,15:29,TITAGARH,5.0968
2026-09-09,15:29,TITAN,3.1916
2026-09-09,15:29,TMB,6.5938
2026-09-09,15:29,TMCV,8.1551
2026-09-09,15:29,TNPETRO,46.1963
2026-09-09,15:29,TNPL,3.2983
2026-09-09,15:29,TORNTPHARM,1.0557
2026-09-09,15:29,TRANSPEK,30.0407
2026-09-09,15:29,TRAVELFOOD,0.8621
2026-09-09,15:29,TREL,10.5694
2026-09-09,15:29,TRIVENI,14.9455
2026-09-09,15:29,TRUALT,-2.0923
2026-09-09,15:29,TTKHLTCARE,13.2473
2026-09-09,15:29,TURTLEMINT,14.3464
2026-09-09,15:29,TVSMOTOR,1.8525
2026-09-09,15:29,TVSSRICHAK,30.874
2026-09-09,15:29,UDS,3.6012
2026-09-09,15:29,UEL,73.4779
2026-09-09,15:29,UFBL,-0.4736
2026-09-09,15:29,UFLEX,42.0679
2026-09-09,15:29,UGARSUGAR,24.8208
2026-09-09,15:29,ULTRAMAR,14.7805
2026-09-09,15:29,UNICHEMLAB,1.7722
2026-09-09,15:29,UNIECOM,0.5882
2026-09-09,15:29,UNIENTER,-2.6504
2026-09-09,15:29,UNIMECH,33.1766
2026-09-09,15:29,UNIONBANK,7.4877
2026-09-09,15:29,UNIPARTS,23.3087
2026-09-09,15:29,UNITEDPOLY,40.8003
2026-09-09,15:29,UNIVASTU,24.2772
2026-09-09,15:29,UNIVCABLES,14.5699
2026-09-09,15:29,UNIVPHOTO,20.9032
2026-09-09,15:29,UNOMINDA,5.1596
2026-09-09,15:29,URBANCO,30.7352
2026-09-09,15:29,USHAMART,-2.4836
2026-09-09,15:29,UTIAMC,-1.5464
2026-09-09,15:29,UTLSOLAR,22.4905
2026-09-09,15:29,UTTAMSUGAR,27.5453
2026-09-09,15:29,V2RETAIL,-1.0718
2026-09-09,15:29,VADILALIND,2.6622
2026-09-09,15:29,VALIANTLAB,94.0881
2026-09-09,15:29,VALIANTORG,33.4199
2026-09-09,15:29,VAML,1.2966
2026-09-09,15:29,VARROC,26.311
2026-09-09,15:29,VEDL,3.0246
2026-09-09,15:29,VEDPOWER,-2.9445
2026-09-09,15:29,VEEDOL,3.732
2026-09-09,15:29,VELJAN,3.0164
2026-09-09,15:29,VENKEYS,12.1946
2026-09-09,15:29,VENUSPIPES,14.4848
2026-09-09,15:29,VENUSREM,2.9188
2026-09-09,15:29,VERANDA,1.9181
2026-09-09,15:29,VGUARD,8.2795
2026-09-09,15:29,VHL,-0.2542
2026-09-09,15:29,VIDHIING,16.5391
2026-09-09,15:29,VIDYAWIRES,0.5151
2026-09-09,15:29,VIJAYA,9.2493
2026-09-09,15:29,VIMTALABS,4.8577
2026-09-09,15:29,VINATIORGA,1.9404
2026-09-09,15:29,VINCOFE,15.0003
2026-09-09,15:29,VINDHYATEL,54.6998
2026-09-09,15:29,VIPIND,2.9015
2026-09-09,15:29,VISAKAIND,10.525
2026-09-09,15:29,VISHNU,14.8352
2026-09-09,15:29,VISL,8.447
2026-09-09,15:29,VIVIANA,5.7655
2026-09-09,15:29,VIYASH,2.0058
2026-09-09,15:29,VLSFINANCE,-2.8555
2026-09-09,15:29,VMART,9.7861
2026-09-09,15:29,VOEPL,12.4695
2026-09-09,15:29,VOGL,3.4217
2026-09-09,15:29,VOLTAMP,18.7788
2026-09-09,15:29,VRLLOG,9.8393
2026-09-09,15:29,VSSL,18.4877
2026-09-09,15:29,WABAG,13.5451
2026-09-09,15:29,WAKEFIT,19.7458
2026-09-09,15:29,WELCORP,53.7124
2026-09-09,15:29,WELENT,31.9818
2026-09-09,15:29,WELINV,23.4171
2026-09-09,15:29,WELSPLSOL,10.647
2026-09-09,15:29,WELSPUNLIV,29.5625
2026-09-09,15:29,WENDT,0.0182
2026-09-09,15:29,WESTLIFE,14.8144
2026-09-09,15:29,WHEELS,67.3475
2026-09-09,15:29,WHIRLPOOL,0.7796
2026-09-09,15:29,WINDLAS,33.0674
2026-09-09,15:29,WINDMACHIN,6.5571
2026-09-09,15:29,WOCKPHARMA,17.3389
2026-09-09,15:29,WONDERLA,10.2559
2026-09-09,15:29,WPIL,-0.6503
2026-09-09,15:29,WSTCSTPAPR,17.0524
2026-09-09,15:29,YASHO,27.8043
2026-09-09,15:29,YATHARTH,18.8258
2026-09-09,15:29,YATRA,6.491
2026-09-09,15:29,YESBANK,-1.8389
2026-09-09,15:29,YUKEN,49.9052
2026-09-09,15:29,ZENTEC,7.0591
2026-09-09,15:29,ZFCVINDIA,3.3561
2026-09-09,15:29,ZFSTEERING,0.1546
2026-09-09,15:29,ZIMLAB,17.6652
2026-09-09,15:29,ZUARIIND,5.1509
2026-09-09,15:29,ZYDUSLIFE,0.4186
2026-09-10,15:29,20MICRONS,5.8979
2026-09-10,15:29,3BBLACKBIO,15.464
2026-09-10,15:29,63MOONS,4.6026
2026-09-10,15:29,AARTIDRUGS,5.8624
2026-09-10,15:29,AARTIIND,4.9667
2026-09-10,15:29,AARTIPHARM,22.4603
2026-09-10,15:29,ABB,0.5143
2026-09-10,15:29,ABCAPITAL,1.51
2026-09-10,15:29,ABSLAMC,7.9005
2026-09-10,15:29,ACCELYA,-2.1357
2026-09-10,15:29,ACE,6.0537
2026-09-10,15:29,ACMESOLAR,10.1331
2026-09-10,15:29,ACUTAAS,6.7289
2026-09-10,15:29,ADANIENT,0.9216
2026-09-10,15:29,ADANIPORTS,6.2436
2026-09-10,15:29,ADANIPOWER,2.1678
2026-09-10,15:29,ADFFOODS,4.4597
2026-09-10,15:29,ADOR,9.6744
2026-09-10,15:29,ADVANCE,-0.3099
2026-09-10,15:29,ADVENZYMES,-0.9308
2026-09-10,15:29,AEGISLOG,4.6666
2026-09-10,15:29,AEGISVOPAK,-0.1539
2026-09-10,15:29,AEQUS,0.6918
2026-09-10,15:29,AEROENTER,13.5015
2026-09-10,15:29,AEROFLEX,32.255
2026-09-10,15:29,AETHER,10.0282
2026-09-10,15:29,AFFLE,-1.7687
2026-09-10,15:29,AFSL,0.1343
2026-09-10,15:29,AGARWALEYE,5.4231
2026-09-10,15:29,AGI,10.3382
2026-09-10,15:29,AJANTPHARM,2.4328
2026-09-10,15:29,AJAXENGG,1.4194
2026-09-10,15:29,AKCAPIT,0.5077
2026-09-10,15:29,AKUMS,13.4802
2026-09-10,15:29,ALEMBICLTD,18.8218
2026-09-10,15:29,ALICON,8.8237
2026-09-10,15:29,ALIVUS,26.8778
2026-09-10,15:29,ALKYLAMINE,7.4474
2026-09-10,15:29,AMANTA,21.9804
2026-09-10,15:29,AMBER,-1.6349
2026-09-10,15:29,ANANDRATHI,8.0027
2026-09-10,15:29,ANANTRAJ,-0.123
2026-09-10,15:29,ANDHRAPAP,17.2347
2026-09-10,15:29,ANDHRSUGAR,17.2682
2026-09-10,15:29,ANGELONE,1.9373
2026-09-10,15:29,ANTELOPUS,40.9353
2026-09-10,15:29,ANTHEM,20.13
2026-09-10,15:29,ANUHPHR,14.4129
2026-09-10,15:29,ANURAS,1.6766
2026-09-10,15:29,APARINDS,26.1695
2026-09-10,15:29,APEX,1.0927
2026-09-10,15:29,APLAPOLLO,15.9368
2026-09-10,15:29,APLLTD,1.7004
2026-09-10,15:29,APOLLO,9.2833
2026-09-10,15:29,APOLLOHOSP,-0.9791
2026-09-10,15:29,APOLLOPIPE,14.823
2026-09-10,15:29,APOLLOTYRE,-0.8625
2026-09-10,15:29,ARFIN,-0.5982
2026-09-10,15:29,ARIES,38.5161
2026-09-10,15:29,ARIHANTCAP,-1.1249
2026-09-10,15:29,ARIS,-0.8124
2026-09-10,15:29,ARMANFIN,7.399
2026-09-10,15:29,ARROWGREEN,9.1548
2026-09-10,15:29,ARSSBL,-1.3364
2026-09-10,15:29,ARTEMISMED,15.3566
2026-09-10,15:29,ARVIND,12.4642
2026-09-10,15:29,ARVINDFASN,1.4545
2026-09-10,15:29,ARVSMART,0.4374
2026-09-10,15:29,ASAHIINDIA,12.2973
2026-09-10,15:29,ASHOKLEY,5.0794
2026-09-10,15:29,ASIANENE,36.1249
2026-09-10,15:29,ASIANHOTNR,25.0695
2026-09-10,15:29,ASKAUTOLTD,22.5197
2026-09-10,15:29,ASTEC,14.1627
2026-09-10,15:29,ASTRAL,-0.8764
2026-09-10,15:29,ASTRAMICRO,-1.6918
2026-09-10,15:29,ATHERENERG,33.6369
2026-09-10,15:29,ATL,7.2331
2026-09-10,15:29,ATLANTAELE,18.6982
2026-09-10,15:29,AUBANK,2.3285
2026-09-10,15:29,AUROPHARMA,5.8428
2026-09-10,15:29,AURUM,1.6419
2026-09-10,15:29,AVADHSUGAR,55.1963
2026-09-10,15:29,AVALON,26.57
2026-09-10,15:29,AVANTEL,-0.4444
2026-09-10,15:29,AVTNPL,28.6566
2026-09-10,15:29,AWL,-1.0022
2026-09-10,15:29,AXISBANK,1.3915
2026-09-10,15:29,AXISCADES,22.724
2026-09-10,15:29,AYE,10.5525
2026-09-10,15:29,AYMSYNTEX,19.4085
2026-09-10,15:29,AZAD,22.743
2026-09-10,15:29,BAFNAPH,19.3358
2026-09-10,15:29,BAJAJ-AUTO,2.9391
2026-09-10,15:29,BAJAJCON,-2.5367
2026-09-10,15:29,BAJAJELEC,2.5816
2026-09-10,15:29,BAJAJFINSV,1.6288
2026-09-10,15:29,BAJAJHCARE,1.7865
2026-09-10,15:29,BAJAJHFL,-2.6583
2026-09-10,15:29,BAJAJHIND,28.5285
2026-09-10,15:29,BAJAJHLDNG,0.2005
2026-09-10,15:29,BAJEL,0.824
2026-09-10,15:29,BAJFINANCE,-0.9492
2026-09-10,15:29,BALAJITELE,11.6502
2026-09-10,15:29,BALAMINES,4.4219
2026-09-10,15:29,BALMLAWRIE,-1.22
2026-09-10,15:29,BALRAMCHIN,18.2542
2026-09-10,15:29,BALUFORGE,23.9376
2026-09-10,15:29,BANARISUG,2.6679
2026-09-10,15:29,BANCOINDIA,0.1117
2026-09-10,15:29,BANDHANBNK,0.7411
2026-09-10,15:29,BANKBARODA,-1.6677
2026-09-10,15:29,BANKINDIA,2.7547
2026-09-10,15:29,BANSALWIRE,-1.1585
2026-09-10,15:29,BASF,0.0109
2026-09-10,15:29,BBOX,2.4835
2026-09-10,15:29,BCLIND,1.2104
2026-09-10,15:29,BECTORFOOD,14.7613
2026-09-10,15:29,BEEKAY,8.9629
2026-09-10,15:29,BEL,5.2221
2026-09-10,15:29,BELRISE,-1.8858
2026-09-10,15:29,BEML,15.5204
2026-09-10,15:29,BENGALASM,-0.0403
2026-09-10,15:29,BEPL,16.528
2026-09-10,15:29,BFINVEST,0.662
2026-09-10,15:29,BHAGERIA,49.9901
2026-09-10,15:29,BHAGYANGR,17.4616
2026-09-10,15:29,BHARATCOAL,-1.095
2026-09-10,15:29,BHARATSE,4.0802
2026-09-10,15:29,BHEL,6.5757
2026-09-10,15:29,BIL,44.2363
2026-09-10,15:29,BIRLACABLE,93.0091
2026-09-10,15:29,BIRLANU,7.2999
2026-09-10,15:29,BLACKBUCK,7.5737
2026-09-10,15:29,BLACKROSE,5.2835
2026-09-10,15:29,BLIL,2.0577
2026-09-10,15:29,BLISSGVS,53.8943
2026-09-10,15:29,BLKASHYAP,3.5029
2026-09-10,15:29,BLS,-1.3068
2026-09-10,15:29,BLSE,7.424
2026-09-10,15:29,BLUEDART,-2.8512
2026-09-10,15:29,BLUESTONE,12.1361
2026-09-10,15:29,BLUSPRING,20.4539
2026-09-10,15:29,BODALCHEM,137.9459
2026-09-10,15:29,BORANA,-2.0355
2026-09-10,15:29,BOROLTD,11.8707
2026-09-10,15:29,BOSCH-HCIL,28.9508
2026-09-10,15:29,BOSCHLTD,17.3887
2026-09-10,15:29,BRIGADE,15.2274
2026-09-10,15:29,BSHSL,2.3384
2026-09-10,15:29,BUILDPRO,4.9497
2026-09-10,15:29,CANBK,0.2575
2026-09-10,15:29,CANHLIFE,3.5547
2026-09-10,15:29,CANTABIL,-0.2493
2026-09-10,15:29,CAPLIPOINT,10.2157
2026-09-10,15:29,CARBORUNIV,3.7298
2026-09-10,15:29,CARERATING,-0.855
2026-09-10,15:29,CARTRADE,8.7044
2026-09-10,15:29,CARYSIL,-0.8831
2026-09-10,15:29,CASTROLIND,1.7531
2026-09-10,15:29,CDSL,1.3918
2026-09-10,15:29,CEIGALL,13.2656
2026-09-10,15:29,CELLO,-0.4114
2026-09-10,15:29,CENTRALBK,-0.6447
2026-09-10,15:29,CENTUM,22.1539
2026-09-10,15:29,CEWATER,-2.2525
2026-09-10,15:29,CGCL,23.3016
2026-09-10,15:29,CGPOWER,9.8427
2026-09-10,15:29,CHALET,8.764
2026-09-10,15:29,CHEMBONDCH,14.2445
2026-09-10,15:29,CHEMCON,23.1607
2026-09-10,15:29,CHEMFAB,2.9313
2026-09-10,15:29,CHENNPETRO,31.352
2026-09-10,15:29,CHEVIOT,6.0571
2026-09-10,15:29,CHOLAFIN,4.8032
2026-09-10,15:29,CHOLAHLDNG,1.9024
2026-09-10,15:29,CLEAN,16.3775
2026-09-10,15:29,CLEANMAX,6.8755
2026-09-10,15:29,CLSEL,8.0729
2026-09-10,15:29,CMRGREEN,3.0622
2026-09-10,15:29,COALINDIA,3.5475
2026-09-10,15:29,COCHINSHIP,8.4373
2026-09-10,15:29,COFFEEDAY,3.9987
2026-09-10,15:29,COFORGE,4.9345
2026-09-10,15:29,COHANCE,4.7026
2026-09-10,15:29,COMSYN,39.9092
2026-09-10,15:29,CONCORDBIO,9.2331
2026-09-10,15:29,CONFIPET,12.2269
2026-09-10,15:29,CONSOFINVT,1.7091
2026-09-10,15:29,CONTROLPR,0.3503
2026-09-10,15:29,CORONA,5.246
2026-09-10,15:29,COSMOFIRST,-0.2774
2026-09-10,15:29,CPPLUS,17.4643
2026-09-10,15:29,CRAFTSMAN,17.9556
2026-09-10,15:29,CRISIL,7.1458
2026-09-10,15:29,CSLFINANCE,13.6284
2026-09-10,15:29,CUB,5.091
2026-09-10,15:29,CUPID,21.189
2026-09-10,15:29,CYIENT,26.9789
2026-09-10,15:29,CYIENTDLM,36.1599
2026-09-10,15:29,DALBHARAT,-2.7254
2026-09-10,15:29,DALMIASUG,22.3246
2026-09-10,15:29,DATAPATTNS,7.0641
2026-09-10,15:29,DBOL,22.3125
2026-09-10,15:29,DCBBANK,21.1037
2026-09-10,15:29,DCW,2.1933
2026-09-10,15:29,DECCANCE,3.9924
2026-09-10,15:29,DECNGOLD,18.169
2026-09-10,15:29,DEEDEV,1.1141
2026-09-10,15:29,DEEPAKNTR,0.1156
2026-09-10,15:29,DEEPINDS,42.6385
2026-09-10,15:29,DEN,-1.3494
2026-09-10,15:29,DEVYANI,14.6714
2026-09-10,15:29,DHAMPURSUG,23.1162
2026-09-10,15:29,DHARMAJ,0.1298
2026-09-10,15:29,DHUNINV,16.2368
2026-09-10,15:29,DIACABS,7.0015
2026-09-10,15:29,DIAMONDYD,-0.8532
2026-09-10,15:29,DICIND,19.0594
2026-09-10,15:29,DIFFNKG,18.1317
2026-09-10,15:29,DIVGIITTS,22.7649
2026-09-10,15:29,DIVISLAB,20.4659
2026-09-10,15:29,DLF,0.1527
2026-09-10,15:29,DMCC,11.0921
2026-09-10,15:29,DODLA,4.6362
2026-09-10,15:29,DOLATALGO,2.8449
2026-09-10,15:29,DOLLAR,1.6075
2026-09-10,15:29,DOLPHIN,74.0056
2026-09-10,15:29,DPABHUSHAN,2.0533
2026-09-10,15:29,DRAGARWQ,6.2369
2026-09-10,15:29,DRREDDY,-0.1572
2026-09-10,15:29,DVL,19.4586
2026-09-10,15:29,DWARKESH,24.8092
2026-09-10,15:29,DYCL,18.1984
2026-09-10,15:29,DYNAMATECH,12.3734
2026-09-10,15:29,E2E,23.0129
2026-09-10,15:29,EBGNG,21.9664
2026-09-10,15:29,ECLERX,-0.5809
2026-09-10,15:29,EDELWEISS,18.7598
2026-09-10,15:29,EFCIL,-1.068
2026-09-10,15:29,EICHERMOT,-2.7235
2026-09-10,15:29,EIEL,-0.9176
2026-09-10,15:29,EIMCOELECO,31.072
2026-09-10,15:29,EKC,-2.2623
2026-09-10,15:29,ELANTAS,43.6676
2026-09-10,15:29,ELDEHSG,1.3748
2026-09-10,15:29,ELECON,0.7789
2026-09-10,15:29,ELECTCAST,12.7488
2026-09-10,15:29,ELGIEQUIP,9.2155
2026-09-10,15:29,ELPROINTL,-1.8361
2026-09-10,15:29,EMAMIPAP,12.7994
2026-09-10,15:29,EMCURE,2.716
2026-09-10,15:29,EMIL,47.7016
2026-09-10,15:29,EMKAY,5.3477
2026-09-10,15:29,EMMVEE,11.449
2026-09-10,15:29,EMSLIMITED,2.0467
2026-09-10,15:29,EMUDHRA,9.0571
2026-09-10,15:29,ENGINERSIN,22.5561
2026-09-10,15:29,ENRIN,1.8387
2026-09-10,15:29,ENTERO,44.2397
2026-09-10,15:29,EPIGRAL,4.0261
2026-09-10,15:29,EPL,6.2977
2026-09-10,15:29,EQUITASBNK,0.0689
2026-09-10,15:29,ERIS,-1.3525
2026-09-10,15:29,ESABINDIA,4.2047
2026-09-10,15:29,ESAFSFB,10.7182
2026-09-10,15:29,ESCORTS,-1.8317
2026-09-10,15:29,ESTER,2.7929
2026-09-10,15:29,ETERNAL,3.6858
2026-09-10,15:29,ETHOSLTD,5.9658
2026-09-10,15:29,EVEREADY,6.3762
2026-09-10,15:29,EXCELINDUS,-0.2362
2026-09-10,15:29,EXCELSOFT,4.0811
2026-09-10,15:29,EXICOM,12.2095
2026-09-10,15:29,EXPLEOSOL,-2.5149
2026-09-10,15:29,FABTECH,-1.7724
2026-09-10,15:29,FCL,55.6056
2026-09-10,15:29,FEDDERSHOL,13.0252
2026-09-10,15:29,FEDERALBNK,-2.3013
2026-09-10,15:29,FEDFINA,3.945
2026-09-10,15:29,FILATEX,11.5745
2026-09-10,15:29,FINCABLES,45.776
2026-09-10,15:29,FINEORG,5.7207
2026-09-10,15:29,FINKURVE,9.5012
2026-09-10,15:29,FLUOROCHEM,8.9033
2026-09-10,15:29,FORCEMOT,3.1615
2026-09-10,15:29,FOSECOIND,24.6403
2026-09-10,15:29,FRACTAL,-0.6673
2026-09-10,15:29,GAIL,0.4895
2026-09-10,15:29,GALAPREC,-1.5274
2026-09-10,15:29,GALAXYSURF,15.2513
2026-09-10,15:29,GANDHAR,25.0634
2026-09-10,15:29,GANDHITUBE,2.8712
2026-09-10,15:29,GANESHBE,14.947
2026-09-10,15:29,GANESHCP,1.7674
2026-09-10,15:29,GANESHHOU,3.5155
2026-09-10,15:29,GARFIBRES,8.5362
2026-09-10,15:29,GARUDA,6.6187
2026-09-10,15:29,GAYAPROJ,28.3644
2026-09-10,15:29,GCSL,17.7101
2026-09-10,15:29,GEECEE,7.4321
2026-09-10,15:29,GENESYS,12.0471
2026-09-10,15:29,GENUSPOWER,6.0995
2026-09-10,15:29,GEOJITFSL,5.342
2026-09-10,15:29,GESHIP,2.1075
2026-09-10,15:29,GFLLIMITED,24.7918
2026-09-10,15:29,GHCLTEXTIL,16.1409
2026-09-10,15:29,GIPCL,24.2516
2026-09-10,15:29,GKENERGY,-0.3891
2026-09-10,15:29,GKSL,36.3508
2026-09-10,15:29,GLAND,17.0799
2026-09-10,15:29,GLAXO,8.8176
2026-09-10,15:29,GLENMARK,10.2589
2026-09-10,15:29,GLOBAL,20.1712
2026-09-10,15:29,GMBREW,1.2988
2026-09-10,15:29,GMDCLTD,3.7077
2026-09-10,15:29,GMMPFAUDLR,62.0042
2026-09-10,15:29,GNA,4.3613
2026-09-10,15:29,GNFC,8.2914
2026-09-10,15:29,GNRL,14.3145
2026-09-10,15:29,GOCLCORP,11.4779
2026-09-10,15:29,GODIGIT,-1.6474
2026-09-10,15:29,GODREJAGRO,20.3164
2026-09-10,15:29,GOKULAGRO,0.5552
2026-09-10,15:29,GOPAL,-1.4005
2026-09-10,15:29,GPIL,1.155
2026-09-10,15:29,GPPL,7.7419
2026-09-10,15:29,GPTHEALTH,-2.8608
2026-09-10,15:29,GRANDOAK,9.5337
2026-09-10,15:29,GRANULES,7.8302
2026-09-10,15:29,GRAPHITE,23.8997
2026-09-10,15:29,GRASIM,6.899
2026-09-10,15:29,GRAUWEIL,-0.5979
2026-09-10,15:29,GRAVITA,7.6421
2026-09-10,15:29,GREENPLY,4.0323
2026-09-10,15:29,GRMOVER,-0.6812
2026-09-10,15:29,GROWW,1.825
2026-09-10,15:29,GRWRHITECH,0.116
2026-09-10,15:29,GSFC,0.7222
2026-09-10,15:29,GTPL,-0.2837
2026-09-10,15:29,GUFICBIO,10.0794
2026-09-10,15:29,GUJALKALI,7.549
2026-09-10,15:29,GUJTHEM,22.3613
2026-09-10,15:29,GULFOILLUB,1.7737
2026-09-10,15:29,GVT&D,8.1551
2026-09-10,15:29,GYFTR,19.5767
2026-09-10,15:29,HAL,8.0456
2026-09-10,15:29,HALDYNGL,17.6013
2026-09-10,15:29,HAPPYFORGE,34.4126
2026-09-10,15:29,HARSHA,12.3477
2026-09-10,15:29,HATSUN,35.8081
2026-09-10,15:29,HAWKINCOOK,-1.436
2026-09-10,15:29,HBLENGINE,3.0888
2026-09-10,15:29,HCC,8.9303
2026-09-10,15:29,HCG,4.6666
2026-09-10,15:29,HDBFS,-0.4773
2026-09-10,15:29,HEALTHX,-1.5635
2026-09-10,15:29,HEIDELBERG,3.893
2026-09-10,15:29,HERANBA,-1.5203
2026-09-10,15:29,HERITGFOOD,20.8409
2026-09-10,15:29,HEROMOTOCO,-0.8451
2026-09-10,15:29,HEXAGON,8.5682
2026-09-10,15:29,HEXATRADEX,-0.343
2026-09-10,15:29,HFCL,26.3306
2026-09-10,15:29,HIKAL,8.1985
2026-09-10,15:29,HINDALCO,4.493
2026-09-10,15:29,HINDCOPPER,9.797
2026-09-10,15:29,HINDOILEXP,17.8325
2026-09-10,15:29,HINDZINC,10.7669
2026-09-10,15:29,HITECHCORP,3.1832
2026-09-10,15:29,HITECHGEAR,1.0023
2026-09-10,15:29,HMT,3.7163
2026-09-10,15:29,HNDFDS,7.9958
2026-09-10,15:29,HOMEFIRST,1.7842
2026-09-10,15:29,HONASA,6.6599
2026-09-10,15:29,HTMEDIA,-0.8561
2026-09-10,15:29,HUBTOWN,-2.1731
2026-09-10,15:29,HYUNDAI,9.2558
2026-09-10,15:29,ICICIAMC,-0.5866
2026-09-10,15:29,ICIL,9.153
2026-09-10,15:29,IDBI,-2.8796
2026-09-10,15:29,IDFCFIRSTB,2.454
2026-09-10,15:29,IFBIND,-2.2324
2026-09-10,15:29,IFCI,15.8188
2026-09-10,15:29,IFGLEXPOR,9.1236
2026-09-10,15:29,IGL,1.1335
2026-09-10,15:29,IGPL,18.2313
2026-09-10,15:29,IIFL,-0.0329
2026-09-10,15:29,IIFLCAPS,0.5065
2026-09-10,15:29,IKIO,16.3186
2026-09-10,15:29,IKS,0.0785
2026-09-10,15:29,IMAGICAA,16.9488
2026-09-10,15:29,IMPAL,3.8493
2026-09-10,15:29,INDGN,12.1721
2026-09-10,15:29,INDIANB,3.5358
2026-09-10,15:29,INDIGOPNTS,-0.2868
2026-09-10,15:29,INDIQUBE,20.4994
2026-09-10,15:29,INDNIPPON,17.9562
2026-09-10,15:29,INDOAMIN,0.3295
2026-09-10,15:29,INDOBORAX,26.1284
2026-09-10,15:29,INDOCO,17.3335
2026-09-10,15:29,INDOMIM,35.6994
2026-09-10,15:29,INDORAMA,50.727
2026-09-10,15:29,INDOTECH,6.3345
2026-09-10,15:29,INDRAMEDCO,0.0556
2026-09-10,15:29,INDSWFTLAB,71.7314
2026-09-10,15:29,INDUSINDBK,-1.7945
2026-09-10,15:29,INGERRAND,7.6466
2026-09-10,15:29,INNOVACAP,20.4064
2026-09-10,15:29,INOXGREEN,1.6377
2026-09-10,15:29,INOXINDIA,20.9908
2026-09-10,15:29,INOXWIND,1.387
2026-09-10,15:29,INSECTICID,-1.5511
2026-09-10,15:29,INTELLECT,-2.8987
2026-09-10,15:29,INVPRECQ,31.6177
2026-09-10,15:29,IOB,-2.5793
2026-09-10,15:29,IOLCP,46.1666
2026-09-10,15:29,IONEXCHANG,4.2994
2026-09-10,15:29,IPCALAB,12.0594
2026-09-10,15:29,IRIS,3.1174
2026-09-10,15:29,IRISDOREME,25.5088
2026-09-10,15:29,IRMENERGY,9.2445
2026-09-10,15:29,JAGRAN,-2.6378
2026-09-10,15:29,JAGSNPHARM,-1.2921
2026-09-10,15:29,JAIBALAJI,14.5353
2026-09-10,15:29,JAMNAAUTO,1.1817
2026-09-10,15:29,JARO,-2.281
2026-09-10,15:29,JASH,5.8889
2026-09-10,15:29,JAYAGROGN,17.1469
2026-09-10,15:29,JAYKAY,4.4675
2026-09-10,15:29,JAYNECOIND,5.0034
2026-09-10,15:29,JGCHEM,21.0211
2026-09-10,15:29,JINDALPOLY,7.5506
2026-09-10,15:29,JINDALSAW,24.8525
2026-09-10,15:29,JINDALSTEL,3.959
2026-09-10,15:29,JINDRILL,8.9335
2026-09-10,15:29,JINDWORLD,44.482
2026-09-10,15:29,JISLJALEQS,2.1436
2026-09-10,15:29,JKIL,-0.4633
2026-09-10,15:29,JKPAPER,9.7264
2026-09-10,15:29,JMFINANCIL,4.8537
2026-09-10,15:29,JSL,3.3074
2026-09-10,15:29,JSWDULUX,7.6624
2026-09-10,15:29,JSWENERGY,-2.437
2026-09-10,15:29,JSWHL,2.2151
2026-09-10,15:29,JSWINFRA,7.3343
2026-09-10,15:29,JSWSTEEL,2.6125
2026-09-10,15:29,JTLIND,22.6389
2026-09-10,15:29,JUBLCPL,16.3924
2026-09-10,15:29,JUBLFOOD,7.7308
2026-09-10,15:29,JUBLPHARMA,6.6552
2026-09-10,15:29,JUNIPER,16.2347
2026-09-10,15:29,JYOTICNC,23.5189
2026-09-10,15:29,KABRAEXTRU,93.7431
2026-09-10,15:29,KAJARIACER,4.354
2026-09-10,15:29,KAMATHOTEL,34.5067
2026-09-10,15:29,KAMDHENU,15.1497
2026-09-10,15:29,KANORICHEM,22.3216
2026-09-10,15:29,KANPRPLA,19.3796
2026-09-10,15:29,KAPSTON,26.0668
2026-09-10,15:29,KARURVYSYA,-1.4693
2026-09-10,15:29,KAYA,21.8901
2026-09-10,15:29,KCP,0.3092
2026-09-10,15:29,KDDL,21.9187
2026-09-10,15:29,KENNAMET,78.3766
2026-09-10,15:29,KHAICHEM,11.0689
2026-09-10,15:29,KILITCH,-2.9122
2026-09-10,15:29,KINGFA,22.0839
2026-09-10,15:29,KIOCL,3.2847
2026-09-10,15:29,KIRANVYPAR,3.0416
2026-09-10,15:29,KIRIINDUS,27.461
2026-09-10,15:29,KIRLFER,0.0859
2026-09-10,15:29,KIRLOSENG,3.5679
2026-09-10,15:29,KISSHT,5.1488
2026-09-10,15:29,KKCL,-0.7812
2026-09-10,15:29,KLBRENG-B,10.6117
2026-09-10,15:29,KMEW,15.2867
2026-09-10,15:29,KNACK,-1.9715
2026-09-10,15:29,KNRCON,2.9294
2026-09-10,15:29,KOLTEPATIL,17.8091
2026-09-10,15:29,KOPRAN,25.3895
2026-09-10,15:29,KOTAKBANK,6.9723
2026-09-10,15:29,KOTHARIPET,6.6741
2026-09-10,15:29,KOVAI,5.7746
2026-09-10,15:29,KPIL,11.6395
2026-09-10,15:29,KPL,37.9478
2026-09-10,15:29,KPRMILL,9.0971
2026-09-10,15:29,KRBL,20.7044
2026-09-10,15:29,KRISHANA,1.9161
2026-09-10,15:29,KRN,37.005
2026-09-10,15:29,KRONOX,13.0646
2026-09-10,15:29,KROSS,20.2493
2026-09-10,15:29,KRSNAA,7.6997
2026-09-10,15:29,KRYSTAL,4.0403
2026-09-10,15:29,KSHINTL,41.3202
2026-09-10,15:29,KSL,9.929
2026-09-10,15:29,KTKBANK,14.3766
2026-09-10,15:29,KUSUMGAR,-0.7366
2026-09-10,15:29,KWIL,37.2893
2026-09-10,15:29,LALPATHLAB,2.0172
2026-09-10,15:29,LAURUSLABS,9.1899
2026-09-10,15:29,LAXMIINDIA,6.1597
2026-09-10,15:29,LCL,13.4755
2026-09-10,15:29,LENSKART,23.1001
2026-09-10,15:29,LGBBROSLTD,7.9547
2026-09-10,15:29,LGEINDIA,10.0293
2026-09-10,15:29,LICHSGFIN,2.1076
2026-09-10,15:29,LIKHITHA,-2.7486
2026-09-10,15:29,LINC,-2.836
2026-09-10,15:29,LINCOLN,10.88
2026-09-10,15:29,LMW,8.4472
2026-09-10,15:29,LOKESHMACH,2.5849
2026-09-10,15:29,LOTUSDEV,7.5761
2026-09-10,15:29,LT,0.4393
2026-09-10,15:29,LTF,1.649
2026-09-10,15:29,LTFOODS,11.1811
2026-09-10,15:29,LTM,-1.5175
2026-09-10,15:29,LUMAXIND,12.5925
2026-09-10,15:29,LUMAXTECH,28.0976
2026-09-10,15:29,MACPOWER,26.276
2026-09-10,15:29,MAGADSUGAR,10.8192
2026-09-10,15:29,MAHABANK,6.4219
2026-09-10,15:29,MAHASTEEL,37.8111
2026-09-10,15:29,MAHLOG,-0.6333
2026-09-10,15:29,MAHSCOOTER,6.1684
2026-09-10,15:29,MAHSEAMLES,25.5698
2026-09-10,15:29,MAITHANALL,9.593
2026-09-10,15:29,MAMATA,5.9516
2026-09-10,15:29,MANAKCOAT,1.8675
2026-09-10,15:29,MANAKSTEEL,71.5543
2026-09-10,15:29,MANALIPETC,33.7105
2026-09-10,15:29,MANGLMCEM,8.5766
2026-09-10,15:29,MANINDS,65.5553
2026-09-10,15:29,MANINFRA,33.8953
2026-09-10,15:29,MANORAMA,27.5073
2026-09-10,15:29,MANYAVAR,38.0416
2026-09-10,15:29,MARATHON,14.7906
2026-09-10,15:29,MARINE,57.5226
2026-09-10,15:29,MARKSANS,27.7649
2026-09-10,15:29,MARSONS,14.6069
2026-09-10,15:29,MASTERTR,13.4381
2026-09-10,15:29,MATRIMONY,16.7753
2026-09-10,15:29,MAWANASUG,29.1028
2026-09-10,15:29,MAXESTATES,44.3027
2026-09-10,15:29,MAYURUNIQ,-1.6318
2026-09-10,15:29,MAZDA,21.7237
2026-09-10,15:29,MAZDOCK,2.764
2026-09-10,15:29,MBAPL,-2.8037
2026-09-10,15:29,MCX,23.2723
2026-09-10,15:29,MEDANTA,3.05
2026-09-10,15:29,MEESHO,19.6322
2026-09-10,15:29,MEIL,-1.5979
2026-09-10,15:29,MENONBE,40.3219
2026-09-10,15:29,MERCURYEV,16.4894
2026-09-10,15:29,METROPOLIS,1.7857
2026-09-10,15:29,MFSL,-2.0453
2026-09-10,15:29,MGL,-1.5825
2026-09-10,15:29,MICEL,-1.9956
2026-09-10,15:29,MIDHANI,19.0825
2026-09-10,15:29,MINDACORP,-0.5376
2026-09-10,15:29,MMFL,20.3925
2026-09-10,15:29,MMP,59.3878
2026-09-10,15:29,MMTC,3.5613
2026-09-10,15:29,MOBIKWIK,-2.0379
2026-09-10,15:29,MODISONLTD,95.6299
2026-09-10,15:29,MOL,13.1103
2026-09-10,15:29,MOLDTECH,38.3685
2026-09-10,15:29,MOLDTKPAC,1.3455
2026-09-10,15:29,MONTECARLO,5.6627
2026-09-10,15:29,MOREPENLAB,104.3247
2026-09-10,15:29,MOSCHIP,0.628
2026-09-10,15:29,MOTHERSON,11.2323
2026-09-10,15:29,MOTILALOFS,21.2737
2026-09-10,15:29,MPHASIS,-2.3437
2026-09-10,15:29,MPSLTD,2.1017
2026-09-10,15:29,MRPL,8.679
2026-09-10,15:29,MSTCLTD,21.9595
2026-09-10,15:29,MTARTECH,33.9507
2026-09-10,15:29,MUFIN,4.7649
2026-09-10,15:29,MUKANDLTD,1.9012
2026-09-10,15:29,MUKKA,35.0265
2026-09-10,15:29,MUNJALAU,7.6203
2026-09-10,15:29,MVGJL,24.846
2026-09-10,15:29,NAHARINDUS,18.2774
2026-09-10,15:29,NAHARSPING,-2.5023
2026-09-10,15:29,NAM-INDIA,3.322
2026-09-10,15:29,NATIONALUM,7.3925
2026-09-10,15:29,NAUKRI,1.684
2026-09-10,15:29,NAVA,0.9401
2026-09-10,15:29,NAVINFLUOR,17.7892
2026-09-10,15:29,NAZARA,21.6199
2026-09-10,15:29,NCC,1.5897
2026-09-10,15:29,NCLIND,-2.3894
2026-09-10,15:29,NELCO,0.8389
2026-09-10,15:29,NEOGEN,20.1599
2026-09-10,15:29,NEPHROPLUS,9.391
2026-09-10,15:29,NESCO,0.9903
2026-09-10,15:29,NETWEB,19.5056
2026-09-10,15:29,NEULANDLAB,23.9454
2026-09-10,15:29,NFL,-2.3344
2026-09-10,15:29,NHPC,-2.2032
2026-09-10,15:29,NIACL,18.9644
2026-09-10,15:29,NIBE,-2.4057
2026-09-10,15:29,NIITLTD,-1.0412
2026-09-10,15:29,NILKAMAL,18.4784
2026-09-10,15:29,NIRLON,-0.0564
2026-09-10,15:29,NITINSPIN,23.6554
2026-09-10,15:29,NMDC,-0.4823
2026-09-10,15:29,NOCIL,22.3134
2026-09-10,15:29,NORTHARC,8.1322
2026-09-10,15:29,NOVARTIND,54.1225
2026-09-10,15:29,NPST,14.1709
2026-09-10,15:29,NRAIL,28.9784
2026-09-10,15:29,NRBBEARING,23.9817
2026-09-10,15:29,NRL,29.0335
2026-09-10,15:29,NSIL,1.8354
2026-09-10,15:29,NSLNISP,2.8612
2026-09-10,15:29,NTPC,-2.8563
2026-09-10,15:29,NUVAMA,-1.9795
2026-09-10,15:29,NYKAA,2.4569
2026-09-10,15:29,OAL,37.7708
2026-09-10,15:29,OBEROIRLTY,-1.2346
2026-09-10,15:29,OCCLLTD,3.6618
2026-09-10,15:29,OFSS,5.2892
2026-09-10,15:29,OIL,9.4988
2026-09-10,15:29,OLAELEC,3.6263
2026-09-10,15:29,OMAXE,42.9639
2026-09-10,15:29,OMPOWER,5.6233
2026-09-10,15:29,ONEPOINT,1.1563
2026-09-10,15:29,ONGC,-1.7882
2026-09-10,15:29,ONWARDTEC,-1.803
2026-09-10,15:29,ORBTEXP,0.98
2026-09-10,15:29,ORCHPHARMA,1.5846
2026-09-10,15:29,ORIENTBELL,28.3089
2026-09-10,15:29,ORIENTCER,17.434
2026-09-10,15:29,ORIENTELEC,0.3583
2026-09-10,15:29,ORIENTHOT,5.3103
2026-09-10,15:29,ORISSAMINE,-0.2619
2026-09-10,15:29,ORKLAINDIA,3.147
2026-09-10,15:29,PAISALO,16.8731
2026-09-10,15:29,PANACHE,21.4177
2026-09-10,15:29,PANAMAPET,12.9192
2026-09-10,15:29,PARACABLES,4.7855
2026-09-10,15:29,PARADEEP,2.4319
2026-09-10,15:29,PARAGMILK,23.808
2026-09-10,15:29,PARAS,19.8697
2026-09-10,15:29,PARKHOSPS,0.5371
2026-09-10,15:29,PASUPTAC,16.6667
2026-09-10,15:29,PATELENG,-1.8627
2026-09-10,15:29,PAUSHAKLTD,21.3306
2026-09-10,15:29,PAYTM,30.5066
2026-09-10,15:29,PCBL,2.0732
2026-09-10,15:29,PDMJEPAPER,2.2887
2026-09-10,15:29,PDSL,0.9129
2026-09-10,15:29,PENIND,6.4338
2026-09-10,15:29,PERSISTENT,-0.0943
2026-09-10,15:29,PETRONET,3.5138
2026-09-10,15:29,PFOCUS,8.0238
2026-09-10,15:29,PFS,0.1093
2026-09-10,15:29,PGIL,17.2781
2026-09-10,15:29,PHOENIXLTD,0.1112
2026-09-10,15:29,PILANIINVS,-1.8969
2026-09-10,15:29,PINELABS,23.5428
2026-09-10,15:29,PITTIENG,26.1945
2026-09-10,15:29,PIXTRANS,2.23
2026-09-10,15:29,PLATIND,-2.5741
2026-09-10,15:29,PNB,4.6668
2026-09-10,15:29,PNBGILTS,-2.7707
2026-09-10,15:29,PNBHOUSING,14.1225
2026-09-10,15:29,PNGSREVA,16.5858
2026-09-10,15:29,POLICYBZR,12.9589
2026-09-10,15:29,POLYMED,4.8285
2026-09-10,15:29,POLYPLEX,1.9802
2026-09-10,15:29,POWERICA,9.7693
2026-09-10,15:29,POWERINDIA,-0.176
2026-09-10,15:29,PPL,8.0609
2026-09-10,15:29,PPLPHARMA,8.0165
2026-09-10,15:29,PRABHA,71.7159
2026-09-10,15:29,PRAJIND,5.7767
2026-09-10,15:29,PRAKASH,0.1862
2026-09-10,15:29,PRECWIRE,31.1459
2026-09-10,15:29,PREMEXPLN,1.8008
2026-09-10,15:29,PREMIERENE,-1.5061
2026-09-10,15:29,PREMIERPOL,19.6654
2026-09-10,15:29,PRICOLLTD,8.597
2026-09-10,15:29,PRIMESECU,-0.1623
2026-09-10,15:29,PRINCEPIPE,6.5677
2026-09-10,15:29,PRIVISCL,-2.1662
2026-09-10,15:29,PROSTARM,10.4664
2026-09-10,15:29,PROZONER,25.9331
2026-09-10,15:29,PRSMJOHNSN,9.8903
2026-09-10,15:29,PRUDENT,3.0235
2026-09-10,15:29,PSB,-1.6108
2026-09-10,15:29,PTCIL,25.7938
2026-09-10,15:29,PTL,-2.9
2026-09-10,15:29,PURVA,0.5352
2026-09-10,15:29,PVP,142.302
2026-09-10,15:29,PVRINOX,7.9411
2026-09-10,15:29,PWL,1.2059
2026-09-10,15:29,QPOWER,35.0936
2026-09-10,15:29,QUADFUTURE,26.5389
2026-09-10,15:29,QUESS,14.6593
2026-09-10,15:29,RACLGEAR,27.5458
2026-09-10,15:29,RADHIKAJWE,22.8288
2026-09-10,15:29,RADICO,2.139
2026-09-10,15:29,RAIN,-1.9804
2026-09-10,15:29,RAJOOENG,6.0676
2026-09-10,15:29,RAJRATAN,5.7255
2026-09-10,15:29,RAJRILTD,3.8217
2026-09-10,15:29,RAMBHAJO,50.3034
2026-09-10,15:29,RAMCOIND,-2.9019
2026-09-10,15:29,RAMCOSYS,0.8506
2026-09-10,15:29,RAMRAT,16.6214
2026-09-10,15:29,RANEHOLDIN,-2.2253
2026-09-10,15:29,RATNAMANI,18.3549
2026-09-10,15:29,RATNAVEER,68.1282
2026-09-10,15:29,RAYMOND,46.6592
2026-09-10,15:29,RBA,44.4859
2026-09-10,15:29,RBLBANK,8.6629
2026-09-10,15:29,RBZJEWEL,26.2685
2026-09-10,15:29,REDINGTON,26.0653
2026-09-10,15:29,REGAAL,5.6048
2026-09-10,15:29,RELIANCE,-1.4618
2026-09-10,15:29,RELIGARE,2.5277
2026-09-10,15:29,RENUKA,14.695
2026-09-10,15:29,RESPONIND,-0.848
2026-09-10,15:29,RGL,30.8908
2026-09-10,15:29,RIIL,-1.7928
2026-09-10,15:29,RISHABH,32.6044
2026-09-10,15:29,RITCO,4.1972
2026-09-10,15:29,RKFORGE,16.068
2026-09-10,15:29,RMDRIP,26.3814
2026-09-10,15:29,RML,22.1519
2026-09-10,15:29,ROHLTD,-1.4121
2026-09-10,15:29,ROLEXRINGS,26.3961
2026-09-10,15:29,ROSSTECH,30.6905
2026-09-10,15:29,RPEL,36.7665
2026-09-10,15:29,RPGLIFE,0.1656
2026-09-10,15:29,RPTECH,-0.8057
2026-09-10,15:29,RSL,31.4696
2026-09-10,15:29,RSWM,1.8619
2026-09-10,15:29,RUBICON,19.3174
2026-09-10,15:29,RUBYMILLS,15.309
2026-09-10,15:29,SAIL,8.6957
2026-09-10,15:29,SAILIFE,20.9778
2026-09-10,15:29,SAIPARENT,-2.318
2026-09-10,15:29,SAKAR,32.3188
2026-09-10,15:29,SALSTEEL,28.8116
2026-09-10,15:29,SAMBHV,14.5884
2026-09-10,15:29,SANATHAN,4.0379
2026-09-10,15:29,SANDESH,5.6656
2026-09-10,15:29,SANDHAR,4.5678
2026-09-10,15:29,SANGHVIMOV,0.0461
2026-09-10,15:29,SANSERA,26.9751
2026-09-10,15:29,SAPPHIRE,14.7811
2026-09-10,15:29,SARDAEN,4.9726
2026-09-10,15:29,SARLAPOLY,3.5466
2026-09-10,15:29,SASKEN,1.7632
2026-09-10,15:29,SATIA,10.9906
2026-09-10,15:29,SAURASHCEM,-2.2723
2026-09-10,15:29,SAYAJIHOTL,11.9835
2026-09-10,15:29,SBC,14.0788
2026-09-10,15:29,SBCL,51.0972
2026-09-10,15:29,SBFC,9.228
2026-09-10,15:29,SBICARD,1.2922
2026-09-10,15:29,SBIN,-1.5215
2026-09-10,15:29,SCHAEFFLER,-2.4727
2026-09-10,15:29,SCI,2.4241
2026-09-10,15:29,SCPL,16.7468
2026-09-10,15:29,SDBL,0.8969
2026-09-10,15:29,SEAMECLTD,24.1875
2026-09-10,15:29,SEDEMAC,10.0763
2026-09-10,15:29,SENORES,13.208
2026-09-10,15:29,SESHAPAPER,4.0401
2026-09-10,15:29,SETL,64.9954
2026-09-10,15:29,SGFIN,2.0036
2026-09-10,15:29,SGIL,0.9728
2026-09-10,15:29,SGMART,10.7571
2026-09-10,15:29,SHADOWFAX,15.865
2026-09-10,15:29,SHAILY,11.6899
2026-09-10,15:29,SHALPAINTS,27.0672
2026-09-10,15:29,SHANTIGEAR,76.3155
2026-09-10,15:29,SHANTIGOLD,18.9725
2026-09-10,15:29,SHARDAMOTR,10.6014
2026-09-10,15:29,SHAREINDIA,14.3589
2026-09-10,15:29,SHILPAMED,55.8836
2026-09-10,15:29,SHINDL,-0.1418
2026-09-10,15:29,SHIVALIK,46.0889
2026-09-10,15:29,SHIVAUM,7.065
2026-09-10,15:29,SHREEJISPG,10.8245
2026-09-10,15:29,SHREEPUSHK,24.7557
2026-09-10,15:29,SHREERAMA,18.1865
2026-09-10,15:29,SHRINGARMS,-1.4143
2026-09-10,15:29,SHRIPISTON,2.4865
2026-09-10,15:29,SHRIRAMFIN,1.0514
2026-09-10,15:29,SHYAMMETL,6.2408
2026-09-10,15:29,SIEMENS,8.0791
2026-09-10,15:29,SIGACHI,42.0575
2026-09-10,15:29,SIGMAADV,32.2739
2026-09-10,15:29,SIMPLEXINF,9.6228
2026-09-10,15:29,SINDHUTRAD,-1.4487
2026-09-10,15:29,SIRCA,6.045
2026-09-10,15:29,SIS,-0.3064
2026-09-10,15:29,SJS,-0.6952
2026-09-10,15:29,SJVN,-1.8262
2026-09-10,15:29,SKFINDIA,4.0206
2026-09-10,15:29,SKFINDUS,9.8742
2026-09-10,15:29,SKIPPER,10.6052
2026-09-10,15:29,SKMEGGPROD,-0.8003
2026-09-10,15:29,SKYGOLD,30.0901
2026-09-10,15:29,SMARTWORKS,14.1776
2026-09-10,15:29,SMCGLOBAL,5.0282
2026-09-10,15:29,SMLMAH,14.5788
2026-09-10,15:29,SMSPHARMA,11.424
2026-09-10,15:29,SNOWMAN,-1.2022
2026-09-10,15:29,SOFTTECH,5.3269
2026-09-10,15:29,SOLARA,39.2224
2026-09-10,15:29,SOLARINDS,23.9129
2026-09-10,15:29,SOMANYCERA,14.4347
2026-09-10,15:29,SONACOMS,5.2046
2026-09-10,15:29,SOTL,18.5343
2026-09-10,15:29,SOUTHBANK,-1.7274
2026-09-10,15:29,SPAL,4.4215
2026-09-10,15:29,SPECIALITY,5.8463
2026-09-10,15:29,SPECTRUM,17.9754
2026-09-10,15:29,SPIC,4.4304
2026-09-10,15:29,SPLPETRO,17.6935
2026-09-10,15:29,SPORTKING,9.9155
2026-09-10,15:29,SREEL,72.2085
2026-09-10,15:29,SRHHYPOLTD,6.2898
2026-09-10,15:29,SSWL,25.7108
2026-09-10,15:29,STAR,13.4415
2026-09-10,15:29,STEELCAS,1.7293
2026-09-10,15:29,STEL,5.3835
2026-09-10,15:29,STLNETWORK,46.0411
2026-09-10,15:29,STLTECH,61.1064
2026-09-10,15:29,STOVEKRAFT,4.849
2026-09-10,15:29,STYL,11.7579
2026-09-10,15:29,STYLAMIND,-1.4526
2026-09-10,15:29,STYLEBAAZA,47.0233
2026-09-10,15:29,SUDARCOLOR,7.6293
2026-09-10,15:29,SUDARSCHEM,26.0589
2026-09-10,15:29,SUDEEPPHRM,41.7226
2026-09-10,15:29,SUNCLAY,4.7981
2026-09-10,15:29,SUNDARMFIN,4.7229
2026-09-10,15:29,SUNDRMFAST,30.0109
2026-09-10,15:29,SUNDROP,-0.5129
2026-09-10,15:29,SUPRAJIT,0.1702
2026-09-10,15:29,SUPREMEIND,1.448
2026-09-10,15:29,SUPREMEINF,3.9724
2026-09-10,15:29,SUPRIYA,6.6926
2026-09-10,15:29,SURAKSHA,32.6791
2026-09-10,15:29,SUTLEJTEX,4.2335
2026-09-10,15:29,SUVEN,20.5347
2026-09-10,15:29,SVLL,7.9048
2026-09-10,15:29,SWANCORP,-2.7719
2026-09-10,15:29,SWANDEF,9.3552
2026-09-10,15:29,SWARAJENG,-1.5662
2026-09-10,15:29,SYRMA,16.0401
2026-09-10,15:29,SYSTMTXC,18.3195
2026-09-10,15:29,TAALTECH,31.2803
2026-09-10,15:29,TALBROAUTO,5.3001
2026-09-10,15:29,TARIL,-1.2264
2026-09-10,15:29,TARSONS,0.3792
2026-09-10,15:29,TASTYBITE,12.6871
2026-09-10,15:29,TATACAP,0.6234
2026-09-10,15:29,TATACOMM,-0.5243
2026-09-10,15:29,TATAPOWER,-2.3806
2026-09-10,15:29,TATASTEEL,-0.0749
2026-09-10,15:29,TATATECH,3.6867
2026-09-10,15:29,TATVA,-1.2499
2026-09-10,15:29,TBOTEK,11.5515
2026-09-10,15:29,TBZ,79.2932
2026-09-10,15:29,TCIEXP,-0.0373
2026-09-10,15:29,TCPLPACK,22.2064
2026-09-10,15:29,TEAMLEASE,-0.9636
2026-09-10,15:29,TECHNOE,1.1011
2026-09-10,15:29,TECHNVISN,1.5503
2026-09-10,15:29,TEGA,16.529
2026-09-10,15:29,TEJASNET,8.4204
2026-09-10,15:29,TEXINFRA,-0.4619
2026-09-10,15:29,TEXRAIL,6.6854
2026-09-10,15:29,TFCILTD,41.7525
2026-09-10,15:29,THEINVEST,2.7552
2026-09-10,15:29,THEJO,15.6161
2026-09-10,15:29,THELEELA,18.3828
2026-09-10,15:29,THEMISMED,26.7588
2026-09-10,15:29,THOMASCOOK,9.0808
2026-09-10,15:29,TI,14.6971
2026-09-10,15:29,TIIL,23.5027
2026-09-10,15:29,TIINDIA,-1.3686
2026-09-10,15:29,TIL,1.9374
2026-09-10,15:29,TIMEX,18.2092
2026-09-10,15:29,TIMKEN,6.4437
2026-09-10,15:29,TINNARUBR,-1.3002
2026-09-10,15:29,TIPSMUSIC,-0.9776
2026-09-10,15:29,TIRUPATIFL,0.0994
2026-09-10,15:29,TITAGARH,4.1707
2026-09-10,15:29,TITAN,3.5258
2026-09-10,15:29,TMB,8.4414
2026-09-10,15:29,TMCV,5.8561
2026-09-10,15:29,TNPETRO,35.8987
2026-09-10,15:29,TNPL,3.0577
2026-09-10,15:29,TORNTPHARM,1.1884
2026-09-10,15:29,TRANSPEK,17.9185
2026-09-10,15:29,TRAVELFOOD,0.5238
2026-09-10,15:29,TREL,12.2968
2026-09-10,15:29,TRIVENI,16.5857
2026-09-10,15:29,TSFINV,-0.4064
2026-09-10,15:29,TTKHLTCARE,13.3323
2026-09-10,15:29,TURTLEMINT,13.94
2026-09-10,15:29,TVSMOTOR,-2.0649
2026-09-10,15:29,TVSSRICHAK,33.2033
2026-09-10,15:29,UDS,9.0803
2026-09-10,15:29,UEL,53.618
2026-09-10,15:29,UFBL,5.4278
2026-09-10,15:29,UFLEX,41.7193
2026-09-10,15:29,UGARSUGAR,24.7376
2026-09-10,15:29,ULTRAMAR,15.9465
2026-09-10,15:29,UNICHEMLAB,1.7185
2026-09-10,15:29,UNIECOM,-0.0236
2026-09-10,15:29,UNIMECH,33.6373
2026-09-10,15:29,UNIONBANK,5.1643
2026-09-10,15:29,UNIPARTS,21.0851
2026-09-10,15:29,UNITEDPOLY,44.5302
2026-09-10,15:29,UNIVASTU,18.8112
2026-09-10,15:29,UNIVCABLES,16.9458
2026-09-10,15:29,UNIVPHOTO,13.9334
2026-09-10,15:29,UNOMINDA,4.4338
2026-09-10,15:29,URBANCO,26.0996
2026-09-10,15:29,USHAMART,-1.3236
2026-09-10,15:29,UTIAMC,1.3362
2026-09-10,15:29,UTLSOLAR,20.2152
2026-09-10,15:29,UTTAMSUGAR,25.4721
2026-09-10,15:29,V2RETAIL,-0.2561
2026-09-10,15:29,VADILALIND,-0.0964
2026-09-10,15:29,VALIANTLAB,106.8623
2026-09-10,15:29,VALIANTORG,41.8718
2026-09-10,15:29,VARROC,33.0725
2026-09-10,15:29,VEDL,0.5794
2026-09-10,15:29,VEDPOWER,0.414
2026-09-10,15:29,VEEDOL,4.3096
2026-09-10,15:29,VELJAN,8.6248
2026-09-10,15:29,VENKEYS,14.2217
2026-09-10,15:29,VENUSPIPES,17.3379
2026-09-10,15:29,VENUSREM,5.5155
2026-09-10,15:29,VERANDA,-0.6294
2026-09-10,15:29,VGUARD,3.8213
2026-09-10,15:29,VHL,2.8529
2026-09-10,15:29,VIDHIING,9.3579
2026-09-10,15:29,VIDYAWIRES,0.8271
2026-09-10,15:29,VIJAYA,10.1897
2026-09-10,15:29,VIMTALABS,4.8724
2026-09-10,15:29,VINATIORGA,1.2342
2026-09-10,15:29,VINCOFE,19.4827
2026-09-10,15:29,VINDHYATEL,44.4393
2026-09-10,15:29,VIPIND,1.8406
2026-09-10,15:29,VISAKAIND,12.621
2026-09-10,15:29,VISHNU,17.1008
2026-09-10,15:29,VISL,8.5203
2026-09-10,15:29,VIVIANA,6.9378
2026-09-10,15:29,VIYASH,3.3942
2026-09-10,15:29,VLSFINANCE,-2.8469
2026-09-10,15:29,VMART,7.0139
2026-09-10,15:29,VOEPL,13.3646
2026-09-10,15:29,VOGL,8.1153
2026-09-10,15:29,VOLTAMP,17.4371
2026-09-10,15:29,VRLLOG,11.4627
2026-09-10,15:29,VSSL,30.6231
2026-09-10,15:29,WAAREEENER,-2.9296
2026-09-10,15:29,WABAG,17.0636
2026-09-10,15:29,WAKEFIT,21.5049
2026-09-10,15:29,WELCORP,67.7885
2026-09-10,15:29,WELENT,35.326
2026-09-10,15:29,WELINV,24.0741
2026-09-10,15:29,WELSPLSOL,10.2815
2026-09-10,15:29,WELSPUNLIV,31.4475
2026-09-10,15:29,WENDT,6.978
2026-09-10,15:29,WESTLIFE,15.402
2026-09-10,15:29,WHEELS,63.845
2026-09-10,15:29,WHIRLPOOL,-1.2474
2026-09-10,15:29,WINDLAS,31.3409
2026-09-10,15:29,WINDMACHIN,7.171
2026-09-10,15:29,WOCKPHARMA,16.6282
2026-09-10,15:29,WONDERLA,9.7705
2026-09-10,15:29,WPIL,2.0563
2026-09-10,15:29,WSTCSTPAPR,26.24
2026-09-10,15:29,XTRANET,121.0449
2026-09-10,15:29,YASHO,23.1496
2026-09-10,15:29,YATHARTH,18.2979
2026-09-10,15:29,YATRA,7.3966
2026-09-10,15:29,YESBANK,-1.0648
2026-09-10,15:29,YUKEN,53.0232
2026-09-10,15:29,ZENTEC,8.3261
2026-09-10,15:29,ZFCVINDIA,6.1773
2026-09-10,15:29,ZFSTEERING,11.9916
2026-09-10,15:29,ZIMLAB,22.3587
2026-09-10,15:29,ZUARIIND,3.5074
2026-09-10,15:29,ZYDUSLIFE,0.2421
2026-09-10,15:29,ZYDUSWELL,0.053
2026-09-11,15:29,20MICRONS,8.0017
2026-09-11,15:29,3BBLACKBIO,13.8562
2026-09-11,15:29,63MOONS,-2.4157
2026-09-11,15:29,AARTIDRUGS,1.3601
2026-09-11,15:29,AARTIIND,0.736
2026-09-11,15:29,AARTIPHARM,23.9526
2026-09-11,15:29,ABB,-0.1441
2026-09-11,15:29,ABCAPITAL,-2.3003
2026-09-11,15:29,ABDL,2.0985
2026-09-11,15:29,ABSLAMC,9.6956
2026-09-11,15:29,ACCELYA,-2.118
2026-09-11,15:29,ACE,5.4844
2026-09-11,15:29,ACMESOLAR,10.9487
2026-09-11,15:29,ACUTAAS,8.9794
2026-09-11,15:29,ADANIENT,1.678
2026-09-11,15:29,ADANIPORTS,4.0141
2026-09-11,15:29,ADANIPOWER,-0.6341
2026-09-11,15:29,ADFFOODS,-0.5167
2026-09-11,15:29,ADOR,11.0057
2026-09-11,15:29,AEGISLOG,5.6839
2026-09-11,15:29,AEGISVOPAK,1.7025
2026-09-11,15:29,AEQUS,-1.392
2026-09-11,15:29,AEROENTER,14.7869
2026-09-11,15:29,AEROFLEX,29.5097
2026-09-11,15:29,AETHER,8.775
2026-09-11,15:29,AFFLE,-1.1602
2026-09-11,15:29,AFSL,-0.0199
2026-09-11,15:29,AGARWALEYE,6.3598
2026-09-11,15:29,AGI,7.5291
2026-09-11,15:29,AIIL,0.9364
2026-09-11,15:29,AJANTPHARM,1.9681
2026-09-11,15:29,AJAXENGG,1.8012
2026-09-11,15:29,AKCAPIT,0.8917
2026-09-11,15:29,AKUMS,17.9236
2026-09-11,15:29,ALEMBICLTD,14.4848
2026-09-11,15:29,ALICON,9.0801
2026-09-11,15:29,ALIVUS,19.5517
2026-09-11,15:29,ALKYLAMINE,4.5867
2026-09-11,15:29,ALLDIGI,-1.8949
2026-09-11,15:29,ALLTIME,0.0633
2026-09-11,15:29,AMANTA,17.206
2026-09-11,15:29,AMBER,-2.6275
2026-09-11,15:29,ANANDRATHI,6.621
2026-09-11,15:29,ANDHRAPAP,20.2032
2026-09-11,15:29,ANDHRSUGAR,17.3505
2026-09-11,15:29,ANGELONE,2.3662
2026-09-11,15:29,ANTELOPUS,38.6914
2026-09-11,15:29,ANTHEM,16.2753
2026-09-11,15:29,ANUHPHR,19.3508
2026-09-11,15:29,ANURAS,0.9604
2026-09-11,15:29,APARINDS,21.9682
2026-09-11,15:29,APCOTEXIND,-1.6684
2026-09-11,15:29,APEX,-0.8075
2026-09-11,15:29,APLAPOLLO,18.3567
2026-09-11,15:29,APLLTD,1.7439
2026-09-11,15:29,APOLLO,8.297
2026-09-11,15:29,APOLLOHOSP,-1.3509
2026-09-11,15:29,APOLLOPIPE,7.6222
2026-09-11,15:29,APOLLOTYRE,-2.4524
2026-09-11,15:29,ARIES,40.9394
2026-09-11,15:29,ARIHANTCAP,0.8425
2026-09-11,15:29,ARIS,-2.4796
2026-09-11,15:29,ARMANFIN,3.6218
2026-09-11,15:29,ARROWGREEN,12.5415
2026-09-11,15:29,ARTEMISMED,15.5444
2026-09-11,15:29,ARVIND,12.0616
2026-09-11,15:29,ARVINDFASN,-0.7778
2026-09-11,15:29,ARVSMART,0.9282
2026-09-11,15:29,ASAHIINDIA,12.4636
2026-09-11,15:29,ASHOKLEY,-1.4623
2026-09-11,15:29,ASIANENE,34.2617
2026-09-11,15:29,ASIANHOTNR,26.2246
2026-09-11,15:29,ASKAUTOLTD,18.2748
2026-09-11,15:29,ASTEC,6.7826
2026-09-11,15:29,ASTRAL,-2.568
2026-09-11,15:29,ATHERENERG,31.3973
2026-09-11,15:29,ATL,8.3477
2026-09-11,15:29,ATLANTAELE,15.5166
2026-09-11,15:29,AUBANK,1.1076
2026-09-11,15:29,AUROPHARMA,6.303
2026-09-11,15:29,AURUM,1.8643
2026-09-11,15:29,AVADHSUGAR,52.6984
2026-09-11,15:29,AVALON,25.2558
2026-09-11,15:29,AVANTEL,-3.3541
2026-09-11,15:29,AVL,-3.3853
2026-09-11,15:29,AVTNPL,26.1089
2026-09-11,15:29,AWFIS,5.4297
2026-09-11,15:29,AWL,-2.3332
2026-09-11,15:29,AXISBANK,1.342
2026-09-11,15:29,AXISCADES,17.9144
2026-09-11,15:29,AYE,7.7708
2026-09-11,15:29,AYMSYNTEX,11.8502
2026-09-11,15:29,AZAD,24.2792
2026-09-11,15:29,BAFNAPH,14.659
2026-09-11,15:29,BAJAJ-AUTO,1.3671
2026-09-11,15:29,BAJAJCON,-0.6869
2026-09-11,15:29,BAJAJELEC,0.7209
2026-09-11,15:29,BAJAJHCARE,-0.7133
2026-09-11,15:29,BAJAJHFL,-2.2204
2026-09-11,15:29,BAJAJHIND,25.0149
2026-09-11,15:29,BAJAJHLDNG,-1.8425
2026-09-11,15:29,BAJAJINDEF,-2.6118
2026-09-11,15:29,BAJEL,1.7477
2026-09-11,15:29,BALAJITELE,8.3961
2026-09-11,15:29,BALAMINES,6.7126
2026-09-11,15:29,BALMLAWRIE,-2.0209
2026-09-11,15:29,BALRAMCHIN,17.9461
2026-09-11,15:29,BALUFORGE,21.1309
2026-09-11,15:29,BANARISUG,1.2172
2026-09-11,15:29,BANCOINDIA,-3.4916
2026-09-11,15:29,BANDHANBNK,1.3725
2026-09-11,15:29,BANKBARODA,-1.8425
2026-09-11,15:29,BANKINDIA,1.486
2026-09-11,15:29,BANSALWIRE,-1.6844
2026-09-11,15:29,BASF,0.7623
2026-09-11,15:29,BBOX,5.996
2026-09-11,15:29,BECTORFOOD,17.4562
2026-09-11,15:29,BEEKAY,7.9108
2026-09-11,15:29,BEL,4.2542
2026-09-11,15:29,BELRISE,-3.6877
2026-09-11,15:29,BEML,15.5964
2026-09-11,15:29,BENGALASM,0.7478
2026-09-11,15:29,BEPL,10.3948
2026-09-11,15:29,BFINVEST,-1.44
2026-09-11,15:29,BHAGERIA,49.425
2026-09-11,15:29,BHAGYANGR,11.1097
2026-09-11,15:29,BHARATCOAL,-2.826
2026-09-11,15:29,BHARATSE,-1.8859
2026-09-11,15:29,BHEL,5.8968
2026-09-11,15:29,BIL,44.8825
2026-09-11,15:29,BIRLACABLE,92.5077
2026-09-11,15:29,BIRLANU,8.5188
2026-09-11,15:29,BLACKBUCK,15.788
2026-09-11,15:29,BLACKROSE,-2.3655
2026-09-11,15:29,BLIL,-2.7426
2026-09-11,15:29,BLISSGVS,54.8266
2026-09-11,15:29,BLKASHYAP,-1.0099
2026-09-11,15:29,BLS,-3.2665
2026-09-11,15:29,BLSE,4.0378
2026-09-11,15:29,BLUESTONE,9.0848
2026-09-11,15:29,BLUSPRING,13.4916
2026-09-11,15:29,BODALCHEM,143.9853
2026-09-11,15:29,BORANA,-3.4653
2026-09-11,15:29,BOROLTD,8.8987
2026-09-11,15:29,BOSCH-HCIL,22.4754
2026-09-11,15:29,BOSCHLTD,17.768
2026-09-11,15:29,BRIGADE,10.0741
2026-09-11,15:29,BSHSL,4.4706
2026-09-11,15:29,BUILDPRO,0.8292
2026-09-11,15:29,CAMPUS,-3.5934
2026-09-11,15:29,CANBK,-0.7841
2026-09-11,15:29,CANHLIFE,3.7351
2026-09-11,15:29,CANTABIL,-2.1747
2026-09-11,15:29,CAPLIPOINT,9.4604
2026-09-11,15:29,CARBORUNIV,1.0716
2026-09-11,15:29,CARERATING,-3.4513
2026-09-11,15:29,CARTRADE,13.5424
2026-09-11,15:29,CARYSIL,-1.1401
2026-09-11,15:29,CASTROLIND,1.5226
2026-09-11,15:29,CDSL,2.0255
2026-09-11,15:29,CEIGALL,10.9847
2026-09-11,15:29,CELLO,-3.0585
2026-09-11,15:29,CENTRALBK,-0.7427
2026-09-11,15:29,CENTUM,18.3145
2026-09-11,15:29,CEWATER,-1.0771
2026-09-11,15:29,CGCL,14.4677
2026-09-11,15:29,CGPOWER,5.2814
2026-09-11,15:29,CHALET,8.1156
2026-09-11,15:29,CHEMBONDCH,15.8076
2026-09-11,15:29,CHEMCON,23.7707
2026-09-11,15:29,CHEMFAB,1.241
2026-09-11,15:29,CHENNPETRO,24.7739
2026-09-11,15:29,CHEVIOT,9.1451
2026-09-11,15:29,CHOLAFIN,-0.2162
2026-09-11,15:29,CHOLAHLDNG,-0.365
2026-09-11,15:29,CIFL,-2.7911
2026-09-11,15:29,CLEAN,14.7129
2026-09-11,15:29,CLEANMAX,7.1429
2026-09-11,15:29,CLSEL,3.8529
2026-09-11,15:29,CMRGREEN,-0.0554
2026-09-11,15:29,COALINDIA,2.9579
2026-09-11,15:29,COCHINSHIP,-2.9515
2026-09-11,15:29,COFFEEDAY,3.802
2026-09-11,15:29,COFORGE,7.2923
2026-09-11,15:29,COHANCE,3.5643
2026-09-11,15:29,COMSYN,39.2626
2026-09-11,15:29,CONCORDBIO,5.9755
2026-09-11,15:29,CONFIPET,12.001
2026-09-11,15:29,CONSOFINVT,1.0897
2026-09-11,15:29,CONTROLPR,2.8297
2026-09-11,15:29,CORONA,6.5418
2026-09-11,15:29,COSMOFIRST,-1.95
2026-09-11,15:29,CPPLUS,12.8133
2026-09-11,15:29,CRAFTSMAN,18.185
2026-09-11,15:29,CRISIL,7.7549
2026-09-11,15:29,CSLFINANCE,3.766
2026-09-11,15:29,CUB,10.0823
2026-09-11,15:29,CUPID,21.4118
2026-09-11,15:29,CYIENT,24.9735
2026-09-11,15:29,CYIENTDLM,34.975
2026-09-11,15:29,DALBHARAT,-2.9505
2026-09-11,15:29,DALMIASUG,18.937
2026-09-11,15:29,DATAPATTNS,12.8054
2026-09-11,15:29,DBOL,21.1177
2026-09-11,15:29,DCBBANK,21.6454
2026-09-11,15:29,DCMSHRIRAM,-3.2788
2026-09-11,15:29,DCMSIL,-3.1757
2026-09-11,15:29,DCW,0.9526
2026-09-11,15:29,DECCANCE,3.7057
2026-09-11,15:29,DECNGOLD,16.1837
2026-09-11,15:29,DEEPINDS,29.737
2026-09-11,15:29,DEN,-1.5688
2026-09-11,15:29,DEVYANI,20.8355
2026-09-11,15:29,DHAMPURSUG,20.7485
2026-09-11,15:29,DHANBANK,-2.8687
2026-09-11,15:29,DHARMAJ,0.56
2026-09-11,15:29,DHUNINV,17.5359
2026-09-11,15:29,DIACABS,13.9149
2026-09-11,15:29,DICIND,16.9921
2026-09-11,15:29,DIFFNKG,17.1641
2026-09-11,15:29,DIVGIITTS,23.4277
2026-09-11,15:29,DIVISLAB,15.715
2026-09-11,15:29,DLF,-2.2448
2026-09-11,15:29,DMCC,1.6976
2026-09-11,15:29,DODLA,4.8241
2026-09-11,15:29,DOLATALGO,1.687
2026-09-11,15:29,DOLLAR,3.6174
2026-09-11,15:29,DOLPHIN,64.8045
2026-09-11,15:29,DPABHUSHAN,1.7186
2026-09-11,15:29,DRAGARWQ,5.6546
2026-09-11,15:29,DRREDDY,1.5155
2026-09-11,15:29,DVL,18.9329
2026-09-11,15:29,DWARKESH,20.7883
2026-09-11,15:29,DYCL,15.2454
2026-09-11,15:29,DYNAMATECH,17.0036
2026-09-11,15:29,E2E,18.0218
2026-09-11,15:29,EBGNG,28.5633
2026-09-11,15:29,ECLERX,2.9315
2026-09-11,15:29,EDELWEISS,14.6878
2026-09-11,15:29,EIMCOELECO,30.5874
2026-09-11,15:29,ELANTAS,54.8879
2026-09-11,15:29,ELDEHSG,1.5159
2026-09-11,15:29,ELECON,0.7278
2026-09-11,15:29,ELECTCAST,9.8655
2026-09-11,15:29,ELGIEQUIP,8.435
2026-09-11,15:29,ELPROINTL,-2.1243
2026-09-11,15:29,EMAMIPAP,5.8491
2026-09-11,15:29,EMCURE,0.9591
2026-09-11,15:29,EMIL,44.7296
2026-09-11,15:29,EMKAY,3.7849
2026-09-11,15:29,EMMVEE,8.9421
2026-09-11,15:29,EMUDHRA,6.4533
2026-09-11,15:29,ENDURANCE,-2.3819
2026-09-11,15:29,ENGINERSIN,20.9416
2026-09-11,15:29,ENRIN,-1.5321
2026-09-11,15:29,ENTERO,45.9442
2026-09-11,15:29,EPIGRAL,3.8946
2026-09-11,15:29,EPL,7.5892
2026-09-11,15:29,EQUITASBNK,-2.739
2026-09-11,15:29,ERIS,0.0591
2026-09-11,15:29,ESABINDIA,4.5394
2026-09-11,15:29,ESTER,2.2639
2026-09-11,15:29,ETERNAL,6.9598
2026-09-11,15:29,ETHOSLTD,2.3297
2026-09-11,15:29,EVEREADY,5.8772
2026-09-11,15:29,EXCELINDUS,-0.5576
2026-09-11,15:29,EXCELSOFT,4.6764
2026-09-11,15:29,EXICOM,15.0976
2026-09-11,15:29,EXPLEOSOL,10.7928
2026-09-11,15:29,FABTECH,-1.6325
2026-09-11,15:29,FCL,46.7955
2026-09-11,15:29,FEDDERSHOL,15.0344
2026-09-11,15:29,FEDFINA,3.0553
2026-09-11,15:29,FILATEX,18.8928
2026-09-11,15:29,FINCABLES,44.1879
2026-09-11,15:29,FINEORG,7.2874
2026-09-11,15:29,FINKURVE,15.5587
2026-09-11,15:29,FIVESTAR,0.5657
2026-09-11,15:29,FLUOROCHEM,9.3066
2026-09-11,15:29,FMGOETZE,-2.8144
2026-09-11,15:29,FORCEMOT,-1.1004
2026-09-11,15:29,FOSECOIND,20.6682
2026-09-11,15:29,GALAXYSURF,12.4865
2026-09-11,15:29,GANDHAR,22.1501
2026-09-11,15:29,GANDHITUBE,1.3009
2026-09-11,15:29,GANESHBE,17.1815
2026-09-11,15:29,GANESHHOU,3.0786
2026-09-11,15:29,GARFIBRES,8.5687
2026-09-11,15:29,GARUDA,5.2662
2026-09-11,15:29,GAYAPROJ,30.2803
2026-09-11,15:29,GCSL,15.3972
2026-09-11,15:29,GEECEE,3.5506
2026-09-11,15:29,GENESYS,13.3321
2026-09-11,15:29,GENUSPOWER,3.3259
2026-09-11,15:29,GEOJITFSL,2.9335
2026-09-11,15:29,GESHIP,4.5764
2026-09-11,15:29,GFLLIMITED,24.9357
2026-09-11,15:29,GHCLTEXTIL,15.0854
2026-09-11,15:29,GICRE,-2.0191
2026-09-11,15:29,GIPCL,23.9188
2026-09-11,15:29,GKENERGY,-1.1826
2026-09-11,15:29,GKSL,34.3779
2026-09-11,15:29,GLAND,16.7566
2026-09-11,15:29,GLAXO,6.515
2026-09-11,15:29,GLENMARK,8.2949
2026-09-11,15:29,GLOBAL,21.9585
2026-09-11,15:29,GMBREW,1.4027
2026-09-11,15:29,GMDCLTD,1.9672
2026-09-11,15:29,GMMPFAUDLR,51.3073
2026-09-11,15:29,GNA,2.8651
2026-09-11,15:29,GNFC,10.2097
2026-09-11,15:29,GNRL,11.5878
2026-09-11,15:29,GOCLCORP,9.6882
2026-09-11,15:29,GOCOLORS,-0.7033
2026-09-11,15:29,GODIGIT,0.7472
2026-09-11,15:29,GODREJAGRO,21.3811
2026-09-11,15:29,GOKEX,-3.6137
2026-09-11,15:29,GOKULAGRO,0.733
2026-09-11,15:29,GPIL,0.8457
2026-09-11,15:29,GPPL,7.3534
2026-09-11,15:29,GRANDOAK,0.8895
2026-09-11,15:29,GRANULES,10.265
2026-09-11,15:29,GRAPHITE,25.8074
2026-09-11,15:29,GRASIM,5.8404
2026-09-11,15:29,GRAUWEIL,-1.2539
2026-09-11,15:29,GRAVITA,3.2046
2026-09-11,15:29,GREENPLY,1.9315
2026-09-11,15:29,GRINFRA,-3.201
2026-09-11,15:29,GROWW,3.02
2026-09-11,15:29,GRWRHITECH,-3.2161
2026-09-11,15:29,GSFC,-1.8194
2026-09-11,15:29,GTPL,-0.1503
2026-09-11,15:29,GUFICBIO,9.0419
2026-09-11,15:29,GUJALKALI,5.0984
2026-09-11,15:29,GUJTHEM,18.0422
2026-09-11,15:29,GULFOILLUB,-0.8043
2026-09-11,15:29,GVT&D,5.1997
2026-09-11,15:29,GYFTR,10.0514
2026-09-11,15:29,HAL,5.5633
2026-09-11,15:29,HALDYNGL,21.1642
2026-09-11,15:29,HAPPYFORGE,31.2398
2026-09-11,15:29,HARSHA,10.9587
2026-09-11,15:29,HATSUN,38.2878
2026-09-11,15:29,HAWKINCOOK,-1.6141
2026-09-11,15:29,HBLENGINE,0.487
2026-09-11,15:29,HCC,6.0168
2026-09-11,15:29,HCG,3.382
2026-09-11,15:29,HDBFS,-2.4987
2026-09-11,15:29,HDFCLIFE,-3.3728
2026-09-11,15:29,HEALTHX,0.0649
2026-09-11,15:29,HEIDELBERG,-1.8927
2026-09-11,15:29,HERITGFOOD,26.4274
2026-09-11,15:29,HEROMOTOCO,-3.0542
2026-09-11,15:29,HEXAGON,5.9199
2026-09-11,15:29,HEXATRADEX,-0.9976
2026-09-11,15:29,HFCL,20.5085
2026-09-11,15:29,HIKAL,1.6448
2026-09-11,15:29,HINDALCO,0.7235
2026-09-11,15:29,HINDCOPPER,4.6583
2026-09-11,15:29,HINDOILEXP,14.8366
2026-09-11,15:29,HINDZINC,6.9084
2026-09-11,15:29,HITECHCORP,4.466
2026-09-11,15:29,HITECHGEAR,-0.7608
2026-09-11,15:29,HMAAGRO,-2.193
2026-09-11,15:29,HMT,3.1586
2026-09-11,15:29,HNDFDS,7.6655
2026-09-11,15:29,HOMEFIRST,-0.3785
2026-09-11,15:29,HONASA,4.8048
2026-09-11,15:29,HTMEDIA,1.0953
2026-09-11,15:29,HYUNDAI,-0.3072
2026-09-11,15:29,ICICIAMC,-2.3878
2026-09-11,15:29,ICIL,10.4673
2026-09-11,15:29,ICRA,-3.5607
2026-09-11,15:29,IDBI,-0.3821
2026-09-11,15:29,IDFCFIRSTB,1.8068
2026-09-11,15:29,IFBIND,-1.1857
2026-09-11,15:29,IFCI,7.5124
2026-09-11,15:29,IFGLEXPOR,-1.1938
2026-09-11,15:29,IGL,0
2026-09-11,15:29,IGPL,16.0849
2026-09-11,15:29,IIFL,-1.3226
2026-09-11,15:29,IIFLCAPS,0.37
2026-09-11,15:29,IKIO,11.812
2026-09-11,15:29,IL&FSENGG,4.2185
2026-09-11,15:29,IMAGICAA,11.3641
2026-09-11,15:29,IMPAL,2.6558
2026-09-11,15:29,INDGN,12.2683
2026-09-11,15:29,INDHOTEL,-2.7148
2026-09-11,15:29,INDIANB,2.0323
2026-09-11,15:29,INDIGOPNTS,-2.0237
2026-09-11,15:29,INDIQUBE,16.753
2026-09-11,15:29,INDNIPPON,16.1056
2026-09-11,15:29,INDOAMIN,-0.4393
2026-09-11,15:29,INDOBORAX,29.2478
2026-09-11,15:29,INDOCO,19.8323
2026-09-11,15:29,INDOMIM,31.186
2026-09-11,15:29,INDORAMA,53.7778
2026-09-11,15:29,INDOSTAR,-2.248
2026-09-11,15:29,INDOTECH,2.0007
2026-09-11,15:29,INDRAMEDCO,-3.0981
2026-09-11,15:29,INDSWFTLAB,71.8241
2026-09-11,15:29,INDUSINDBK,-3.3829
2026-09-11,15:29,INDUSTOWER,-0.7926
2026-09-11,15:29,INGERRAND,5.4756
2026-09-11,15:29,INNOVACAP,17.7521
2026-09-11,15:29,INNOVANA,-0.2745
2026-09-11,15:29,INOXGREEN,4.8973
2026-09-11,15:29,INOXINDIA,17.7463
2026-09-11,15:29,INOXWIND,-2.0988
2026-09-11,15:29,INVPRECQ,28.0736
2026-09-11,15:29,IOB,-2.4484
2026-09-11,15:29,IOC,-3.6099
2026-09-11,15:29,IOLCP,32.7889
2026-09-11,15:29,IONEXCHANG,5.9425
2026-09-11,15:29,IPCALAB,12.6273
2026-09-11,15:29,IRIS,-1.1322
2026-09-11,15:29,IRISDOREME,16.0687
2026-09-11,15:29,IRMENERGY,8.8138
2026-09-11,15:29,ISGEC,-3.6322
2026-09-11,15:29,ITDC,-1.4057
2026-09-11,15:29,JAGRAN,-2.6955
2026-09-11,15:29,JAGSNPHARM,0.9055
2026-09-11,15:29,JAIBALAJI,12.7534
2026-09-11,15:29,JAMNAAUTO,3.2627
2026-09-11,15:29,JARO,-2.9497
2026-09-11,15:29,JASH,1.8829
2026-09-11,15:29,JAYAGROGN,6.4443
2026-09-11,15:29,JAYKAY,-1.2189
2026-09-11,15:29,JAYNECOIND,4.5798
2026-09-11,15:29,JGCHEM,17.5169
2026-09-11,15:29,JINDALPOLY,6.0003
2026-09-11,15:29,JINDALSAW,21.4049
2026-09-11,15:29,JINDALSTEL,1.6419
2026-09-11,15:29,JINDRILL,2.767
2026-09-11,15:29,JINDWORLD,37.9238
2026-09-11,15:29,JISLJALEQS,-0.7682
2026-09-11,15:29,JKIL,-1.2759
2026-09-11,15:29,JKPAPER,6.0684
2026-09-11,15:29,JMFINANCIL,1.891
2026-09-11,15:29,JNKINDIA,-3.4625
2026-09-11,15:29,JPOLYINVST,-3.0662
2026-09-11,15:29,JSL,2.8987
2026-09-11,15:29,JSWDULUX,7.3601
2026-09-11,15:29,JSWHL,1.7056
2026-09-11,15:29,JSWINFRA,9.8432
2026-09-11,15:29,JSWSTEEL,-0.3937
2026-09-11,15:29,JTLIND,17.6283
2026-09-11,15:29,JUBLCPL,18.3965
2026-09-11,15:29,JUBLFOOD,7.3018
2026-09-11,15:29,JUBLPHARMA,9.6295
2026-09-11,15:29,JUNIPER,13.2033
2026-09-11,15:29,JYOTHYLAB,-1.906
2026-09-11,15:29,JYOTICNC,21.8079
2026-09-11,15:29,KABRAEXTRU,83.0991
2026-09-11,15:29,KAJARIACER,2.345
2026-09-11,15:29,KALYANKJIL,-1.8691
2026-09-11,15:29,KAMATHOTEL,34.2595
2026-09-11,15:29,KAMDHENU,13.965
2026-09-11,15:29,KANORICHEM,19.1459
2026-09-11,15:29,KANPRPLA,27.7459
2026-09-11,15:29,KAPSTON,23.8577
2026-09-11,15:29,KARURVYSYA,-2.5259
2026-09-11,15:29,KAYA,20.2945
2026-09-11,15:29,KCP,0.5137
2026-09-11,15:29,KDDL,17.5621
2026-09-11,15:29,KENNAMET,65.9602
2026-09-11,15:29,KHAICHEM,14.5917
2026-09-11,15:29,KILITCH,-0.3323
2026-09-11,15:29,KINGFA,18.0718
2026-09-11,15:29,KIOCL,-2.6399
2026-09-11,15:29,KIRANVYPAR,4.815
2026-09-11,15:29,KIRIINDUS,29.5912
2026-09-11,15:29,KIRLFER,-2.218
2026-09-11,15:29,KIRLOSENG,-0.9681
2026-09-11,15:29,KIRLOSIND,-2.8548
2026-09-11,15:29,KISSHT,3.4298
2026-09-11,15:29,KKCL,-0.4225
2026-09-11,15:29,KLBRENG-B,11.814
2026-09-11,15:29,KMEW,16.4779
2026-09-11,15:29,KNACK,-3.6182
2026-09-11,15:29,KNRCON,3.1268
2026-09-11,15:29,KOLTEPATIL,13.4381
2026-09-11,15:29,KOPRAN,23.1534
2026-09-11,15:29,KOTAKBANK,7.3533
2026-09-11,15:29,KOTHARIPET,-0.9223
2026-09-11,15:29,KOVAI,4.9662
2026-09-11,15:29,KPIL,11.3291
2026-09-11,15:29,KPL,41.2734
2026-09-11,15:29,KPRMILL,5.6487
2026-09-11,15:29,KRBL,19.9231
2026-09-11,15:29,KRISHANA,-1.7983
2026-09-11,15:29,KRN,35.6948
2026-09-11,15:29,KRONOX,16.2723
2026-09-11,15:29,KROSS,21.8502
2026-09-11,15:29,KRSNAA,4.2848
2026-09-11,15:29,KRYSTAL,2.3998
2026-09-11,15:29,KSHINTL,39.4427
2026-09-11,15:29,KSL,10.8346
2026-09-11,15:29,KTKBANK,14.2581
2026-09-11,15:29,KUANTUM,-2.0756
2026-09-11,15:29,KUSUMGAR,-2.5307
2026-09-11,15:29,KWIL,39.243
2026-09-11,15:29,LALPATHLAB,0.1995
2026-09-11,15:29,LASERPOWER,-3.2134
2026-09-11,15:29,LAURUSLABS,8.4132
2026-09-11,15:29,LAXMIINDIA,2.0478
2026-09-11,15:29,LCL,3.3448
2026-09-11,15:29,LENSKART,21.4375
2026-09-11,15:29,LGBBROSLTD,7.7185
2026-09-11,15:29,LGEINDIA,9.8155
2026-09-11,15:29,LICHSGFIN,7.6085
2026-09-11,15:29,LIKHITHA,-1.6893
2026-09-11,15:29,LINCOLN,8.0308
2026-09-11,15:29,LMW,9.7511
2026-09-11,15:29,LOKESHMACH,2.7071
2026-09-11,15:29,LOTUSDEV,4.5723
2026-09-11,15:29,LT,-0.2082
2026-09-11,15:29,LTF,-0.6908
2026-09-11,15:29,LTFOODS,6.7625
2026-09-11,15:29,LTM,-1.9967
2026-09-11,15:29,LUMAXIND,11.2593
2026-09-11,15:29,LUMAXTECH,27.1249
2026-09-11,15:29,LXCHEM,-1.636
2026-09-11,15:29,MACPOWER,26.3887
2026-09-11,15:29,MAGADSUGAR,8.6731
2026-09-11,15:29,MAHABANK,6.1389
2026-09-11,15:29,MAHASTEEL,27.4507
2026-09-11,15:29,MAHLOG,-3.0037
2026-09-11,15:29,MAHSCOOTER,-0.3459
2026-09-11,15:29,MAHSEAMLES,28.929
2026-09-11,15:29,MAITHANALL,6.318
2026-09-11,15:29,MALLCOM,-3.0595
2026-09-11,15:29,MAMATA,0.3444
2026-09-11,15:29,MANAKCOAT,7.1351
2026-09-11,15:29,MANAKSTEEL,72.4335
2026-09-11,15:29,MANALIPETC,30.883
2026-09-11,15:29,MANBA,-2.2217
2026-09-11,15:29,MANGLMCEM,8.1593
2026-09-11,15:29,MANINDS,62.709
2026-09-11,15:29,MANINFRA,29.3536
2026-09-11,15:29,MANORAMA,28.1209
2026-09-11,15:29,MANYAVAR,40.4437
2026-09-11,15:29,MARATHON,11.7398
2026-09-11,15:29,MARINE,57.5752
2026-09-11,15:29,MARKSANS,27.5014
2026-09-11,15:29,MARSONS,15.6307
2026-09-11,15:29,MASTERTR,10.3117
2026-09-11,15:29,MATRIMONY,17.8032
2026-09-11,15:29,MAWANASUG,28.6725
2026-09-11,15:29,MAXESTATES,42.5356
2026-09-11,15:29,MAYURUNIQ,-1.4515
2026-09-11,15:29,MAZDA,17.5347
2026-09-11,15:29,MAZDOCK,-1.797
2026-09-11,15:29,MBAPL,0.4182
2026-09-11,15:29,MCCHRLS-B,0.3873
2026-09-11,15:29,MCX,21.6849
2026-09-11,15:29,MEDANTA,2.9596
2026-09-11,15:29,MEESHO,19.1503
2026-09-11,15:29,MEIL,-0.6865
2026-09-11,15:29,MENONBE,41.2698
2026-09-11,15:29,MERCURYEV,19.2932
2026-09-11,15:29,METROPOLIS,0.5236
2026-09-11,15:29,MFSL,-1.4676
2026-09-11,15:29,MGL,-3.2307
2026-09-11,15:29,MIDHANI,12.9798
2026-09-11,15:29,MINDACORP,0.642
2026-09-11,15:29,MMFL,15.5161
2026-09-11,15:29,MMP,60.6667
2026-09-11,15:29,MMTC,-1.181
2026-09-11,15:29,MOBIKWIK,2.188
2026-09-11,15:29,MODISONLTD,87.4255
2026-09-11,15:29,MOL,16.0356
2026-09-11,15:29,MOLDTECH,35.762
2026-09-11,15:29,MOLDTKPAC,0.6323
2026-09-11,15:29,MONTECARLO,6.2046
2026-09-11,15:29,MOREPENLAB,102.9804
2026-09-11,15:29,MOSCHIP,1.1983
2026-09-11,15:29,MOTHERSON,9.0879
2026-09-11,15:29,MOTILALOFS,20.4883
2026-09-11,15:29,MPHASIS,-2.0194
2026-09-11,15:29,MPSLTD,-3.2455
2026-09-11,15:29,MRF,-3.3743
2026-09-11,15:29,MRPL,3.4836
2026-09-11,15:29,MSPL,-1.0201
2026-09-11,15:29,MSTCLTD,19.4678
2026-09-11,15:29,MTARTECH,27.707
2026-09-11,15:29,MUFIN,2.2924
2026-09-11,15:29,MUKANDLTD,-1.3718
2026-09-11,15:29,MUKKA,42.724
2026-09-11,15:29,MUNJALAU,5.2299
2026-09-11,15:29,MVGJL,17.3843
2026-09-11,15:29,NAHARINDUS,16.1592
2026-09-11,15:29,NAHARSPING,-2.846
2026-09-11,15:29,NAM-INDIA,2.4281
2026-09-11,15:29,NATIONALUM,3.1281
2026-09-11,15:29,NAUKRI,2.002
2026-09-11,15:29,NAVA,-0.2891
2026-09-11,15:29,NAVINFLUOR,12.8973
2026-09-11,15:29,NAZARA,9.233
2026-09-11,15:29,NCC,-0.0992
2026-09-11,15:29,NEOGEN,17.2952
2026-09-11,15:29,NEPHROPLUS,12.279
2026-09-11,15:29,NESCO,3.5124
2026-09-11,15:29,NETWEB,11.1185
2026-09-11,15:29,NEULANDLAB,23.5887
2026-09-11,15:29,NHPC,-2.9849
2026-09-11,15:29,NIACL,14.2668
2026-09-11,15:29,NIITLTD,-3.4148
2026-09-11,15:29,NILKAMAL,14.0728
2026-09-11,15:29,NIRLON,-2.0951
2026-09-11,15:29,NITINSPIN,19.6343
2026-09-11,15:29,NMDC,-3.1044
2026-09-11,15:29,NOCIL,15.5205
2026-09-11,15:29,NORTHARC,6.3066
2026-09-11,15:29,NOVARTIND,55.5722
2026-09-11,15:29,NPST,10.5205
2026-09-11,15:29,NRAIL,32.6363
2026-09-11,15:29,NRBBEARING,25.555
2026-09-11,15:29,NRL,24.8335
2026-09-11,15:29,NSIL,0.5616
2026-09-11,15:29,NSLNISP,1.4877
2026-09-11,15:29,NTPCGREEN,-3.4322
2026-09-11,15:29,NUCLEUS,1.5159
2026-09-11,15:29,NUVAMA,-3.6922
2026-09-11,15:29,NYKAA,3.3293
2026-09-11,15:29,OAL,45.9808
2026-09-11,15:29,OFSS,5.1582
2026-09-11,15:29,OIL,6.8033
2026-09-11,15:29,OLAELEC,-0.3104
2026-09-11,15:29,OMAXE,43.8951
2026-09-11,15:29,OMPOWER,2.1497
2026-09-11,15:29,ONEPOINT,-1.8622
2026-09-11,15:29,ONESOURCE,-1.6978
2026-09-11,15:29,ONWARDTEC,-2.8928
2026-09-11,15:29,ORBTEXP,-1.7168
2026-09-11,15:29,ORCHPHARMA,1.6725
2026-09-11,15:29,ORIENTBELL,25.9045
2026-09-11,15:29,ORIENTCER,12.3017
2026-09-11,15:29,ORIENTELEC,-0.6923
2026-09-11,15:29,ORIENTHOT,7.368
2026-09-11,15:29,ORISSAMINE,-0.7827
2026-09-11,15:29,ORKLAINDIA,6.0919
2026-09-11,15:29,PAISALO,18.3006
2026-09-11,15:29,PANACHE,20.5575
2026-09-11,15:29,PANAMAPET,6.5263
2026-09-11,15:29,PARACABLES,-0.0154
2026-09-11,15:29,PARADEEP,5.8576
2026-09-11,15:29,PARAGMILK,25.2858
2026-09-11,15:29,PARAS,14.2539
2026-09-11,15:29,PASUPTAC,14.9811
2026-09-11,15:29,PATELENG,-2.6345
2026-09-11,15:29,PAUSHAKLTD,15.8647
2026-09-11,15:29,PAYTM,34.5867
2026-09-11,15:29,PCBL,4.1365
2026-09-11,15:29,PDMJEPAPER,2.9939
2026-09-11,15:29,PENIND,6.3106
2026-09-11,15:29,PERSISTENT,-0.5947
2026-09-11,15:29,PETRONET,2.2974
2026-09-11,15:29,PFOCUS,8.2686
2026-09-11,15:29,PFS,-1.1179
2026-09-11,15:29,PHOENIXLTD,-0.1743
2026-09-11,15:29,PIDILITIND,-2.7616
2026-09-11,15:29,PILANIINVS,-2.5866
2026-09-11,15:29,PINELABS,45.4774
2026-09-11,15:29,PITTIENG,26.3277
2026-09-11,15:29,PIXTRANS,2.941
2026-09-11,15:29,PLASTIBLEN,3.5672
2026-09-11,15:29,PLATIND,-2.1426
2026-09-11,15:29,PNB,3.5844
2026-09-11,15:29,PNBHOUSING,11.9457
2026-09-11,15:29,PNGSREVA,19.7617
2026-09-11,15:29,POLICYBZR,12.226
2026-09-11,15:29,POLYMED,2.1445
2026-09-11,15:29,POLYPLEX,2.6147
2026-09-11,15:29,POWERICA,7.5057
2026-09-11,15:29,POWERINDIA,-2.2999
2026-09-11,15:29,PPL,7.39
2026-09-11,15:29,PPLPHARMA,8.0466
2026-09-11,15:29,PRABHA,65.3979
2026-09-11,15:29,PRAJIND,3.2863
2026-09-11,15:29,PRAKASH,-0.2107
2026-09-11,15:29,PRECWIRE,24.1412
2026-09-11,15:29,PREMEXPLN,0.5797
2026-09-11,15:29,PREMIERPOL,23.1155
2026-09-11,15:29,PRICOLLTD,9.2945
2026-09-11,15:29,PRIMESECU,2.221
2026-09-11,15:29,PRINCEPIPE,1.0038
2026-09-11,15:29,PRIVISCL,-1.6864
2026-09-11,15:29,PROSTARM,5.1873
2026-09-11,15:29,PROZONER,27.1765
2026-09-11,15:29,PRSMJOHNSN,6.4719
2026-09-11,15:29,PRUDENT,2.825
2026-09-11,15:29,PSB,-1.9836
2026-09-11,15:29,PTCIL,33.2243
2026-09-11,15:29,PTL,-2.5114
2026-09-11,15:29,PURVA,0.6025
2026-09-11,15:29,PVP,141.5952
2026-09-11,15:29,PVRINOX,9.4198
2026-09-11,15:29,PWL,8.9759
2026-09-11,15:29,QPOWER,25.8713
2026-09-11,15:29,QUADFUTURE,38.3148
2026-09-11,15:29,QUESS,4.6459
2026-09-11,15:29,QUICKHEAL,-3.506
2026-09-11,15:29,RACLGEAR,39.1666
2026-09-11,15:29,RADHIKAJWE,15.9721
2026-09-11,15:29,RADICO,0.6289
2026-09-11,15:29,RAIN,-3.1307
2026-09-11,15:29,RAJOOENG,4.8044
2026-09-11,15:29,RAJRATAN,0.6364
2026-09-11,15:29,RAJRILTD,1.3936
2026-09-11,15:29,RAMBHAJO,51.0094
2026-09-11,15:29,RAMCOIND,-1.2714
2026-09-11,15:29,RAMCOSYS,2.3498
2026-09-11,15:29,RAMRAT,18.7068
2026-09-11,15:29,RANEHOLDIN,-2.9911
2026-09-11,15:29,RATNAMANI,19.1827
2026-09-11,15:29,RATNAVEER,58.9481
2026-09-11,15:29,RAYMOND,72.8668
2026-09-11,15:29,RAYMONDLSL,-2.6038
2026-09-11,15:29,RBA,47.1339
2026-09-11,15:29,RBLBANK,9.8668
2026-09-11,15:29,RBZJEWEL,16.9217
2026-09-11,15:29,REDINGTON,22.4001
2026-09-11,15:29,REGAAL,2.235
2026-09-11,15:29,RELIGARE,1.4458
2026-09-11,15:29,RENUKA,13.7174
2026-09-11,15:29,RESPONIND,0.9732
2026-09-11,15:29,RGL,32.5915
2026-09-11,15:29,RHIM,-3.2814
2026-09-11,15:29,RISHABH,35.8775
2026-09-11,15:29,RITCO,3.0854
2026-09-11,15:29,RITES,-2.3074
2026-09-11,15:29,RKFORGE,9.2221
2026-09-11,15:29,RMDRIP,24.2744
2026-09-11,15:29,RML,17.7795
2026-09-11,15:29,ROHLTD,-2.0937
2026-09-11,15:29,ROLEXRINGS,25.1333
2026-09-11,15:29,ROSSTECH,27.2718
2026-09-11,15:29,RPEL,51.706
2026-09-11,15:29,RPGLIFE,-2.5143
2026-09-11,15:29,RPTECH,-1.6676
2026-09-11,15:29,RSL,34.794
2026-09-11,15:29,RSWM,1.7057
2026-09-11,15:29,RUBICON,23.0986
2026-09-11,15:29,RUBYMILLS,22.0107
2026-09-11,15:29,SAFARI,-0.9554
2026-09-11,15:29,SAGILITY,4.1475
2026-09-11,15:29,SAIL,5.8984
2026-09-11,15:29,SAILIFE,20.5232
2026-09-11,15:29,SAKAR,30.8726
2026-09-11,15:29,SALSTEEL,29.9687
2026-09-11,15:29,SAMBHV,9.1787
2026-09-11,15:29,SANATHAN,-0.6001
2026-09-11,15:29,SANDESH,3.7264
2026-09-11,15:29,SANDHAR,-1.3082
2026-09-11,15:29,SANGHVIMOV,4.0752
2026-09-11,15:29,SANSERA,23.3948
2026-09-11,15:29,SANSTAR,-1.0917
2026-09-11,15:29,SAPPHIRE,21.9491
2026-09-11,15:29,SARDAEN,1.4615
2026-09-11,15:29,SAREGAMA,-3.3183
2026-09-11,15:29,SARLAPOLY,1.3654
2026-09-11,15:29,SASKEN,-1.5565
2026-09-11,15:29,SATIA,10.1377
2026-09-11,15:29,SAYAJIHOTL,12.5926
2026-09-11,15:29,SBC,15.044
2026-09-11,15:29,SBCL,45.0397
2026-09-11,15:29,SBFC,8.6173
2026-09-11,15:29,SBICARD,-0.7498
2026-09-11,15:29,SBIN,-3.0855
2026-09-11,15:29,SCHAEFFLER,-3.155
2026-09-11,15:29,SCPL,5.1707
2026-09-11,15:29,SDBL,-2.5588
2026-09-11,15:29,SEAMECLTD,22.3005
2026-09-11,15:29,SEDEMAC,8.2626
2026-09-11,15:29,SENORES,12.3765
2026-09-11,15:29,SESHAPAPER,3.303
2026-09-11,15:29,SETL,70.1745
2026-09-11,15:29,SGFIN,-3.1513
2026-09-11,15:29,SGIL,-1.7095
2026-09-11,15:29,SGMART,7.6862
2026-09-11,15:29,SHADOWFAX,4.3228
2026-09-11,15:29,SHAILY,7.1242
2026-09-11,15:29,SHALPAINTS,28.5693
2026-09-11,15:29,SHANTIGEAR,73.4053
2026-09-11,15:29,SHANTIGOLD,18.748
2026-09-11,15:29,SHARDAMOTR,8.3152
2026-09-11,15:29,SHAREINDIA,11.4579
2026-09-11,15:29,SHILPAMED,57.2434
2026-09-11,15:29,SHINDL,0.6172
2026-09-11,15:29,SHIVALIK,46.4544
2026-09-11,15:29,SHIVAUM,5.5448
2026-09-11,15:29,SHOPERSTOP,-3.6319
2026-09-11,15:29,SHREEJISPG,7.1899
2026-09-11,15:29,SHREEPUSHK,22.7221
2026-09-11,15:29,SHREERAMA,20.2961
2026-09-11,15:29,SHRINGARMS,-2.4995
2026-09-11,15:29,SHRIPISTON,-0.5392
2026-09-11,15:29,SHRIRAMFIN,-1.7292
2026-09-11,15:29,SHYAMMETL,4.218
2026-09-11,15:29,SIEMENS,5.2394
2026-09-11,15:29,SIGACHI,46.3349
2026-09-11,15:29,SIGMAADV,33.5017
2026-09-11,15:29,SIGNPOST,-2.5745
2026-09-11,15:29,SIKA,-2.7023
2026-09-11,15:29,SIMPLEXINF,7.9331
2026-09-11,15:29,SINDHUTRAD,-1.7206
2026-09-11,15:29,SIRCA,1.6411
2026-09-11,15:29,SIS,-0.7339
2026-09-11,15:29,SJS,-1.5763
2026-09-11,15:29,SJVN,-3.5558
2026-09-11,15:29,SKFINDIA,3.2576
2026-09-11,15:29,SKFINDUS,5.3944
2026-09-11,15:29,SKIPPER,4.5097
2026-09-11,15:29,SKMEGGPROD,-3.4221
2026-09-11,15:29,SKYGOLD,28.5381
2026-09-11,15:29,SMARTWORKS,12.8055
2026-09-11,15:29,SMCGLOBAL,6.3961
2026-09-11,15:29,SMLMAH,15.7837
2026-09-11,15:29,SMSPHARMA,23.9503
2026-09-11,15:29,SOFTTECH,8.4642
2026-09-11,15:29,SOLARA,45.8767
2026-09-11,15:29,SOLARINDS,21.2006
2026-09-11,15:29,SOMANYCERA,15.6183
2026-09-11,15:29,SONACOMS,2.4175
2026-09-11,15:29,SOTL,19.0278
2026-09-11,15:29,SOUTHBANK,-1.1135
2026-09-11,15:29,SPAL,3.1146
2026-09-11,15:29,SPECIALITY,6.4293
2026-09-11,15:29,SPECTRUM,27.9094
2026-09-11,15:29,SPIC,3.8062
2026-09-11,15:29,SPLPETRO,14.7514
2026-09-11,15:29,SPORTKING,6.7127
2026-09-11,15:29,SREEL,56.0253
2026-09-11,15:29,SRHHYPOLTD,8.1338
2026-09-11,15:29,SSWL,19.4258
2026-09-11,15:29,STAR,15.4537
2026-09-11,15:29,STEELCAS,4.9363
2026-09-11,15:29,STEL,6.306
2026-09-11,15:29,STLNETWORK,50.6793
2026-09-11,15:29,STLTECH,61.0987
2026-09-11,15:29,STOVEKRAFT,4.6891
2026-09-11,15:29,STYL,11.9168
2026-09-11,15:29,STYLAMIND,-1.6074
2026-09-11,15:29,STYLEBAAZA,42.9993
2026-09-11,15:29,SUBEXLTD,68.6942
2026-09-11,15:29,SUDARCOLOR,4.7764
2026-09-11,15:29,SUDARSCHEM,23.1088
2026-09-11,15:29,SUDEEPPHRM,36.5189
2026-09-11,15:29,SUNCLAY,3.5657
2026-09-11,15:29,SUNDARMFIN,0.9667
2026-09-11,15:29,SUNDRMFAST,29.9299
2026-09-11,15:29,SUNDROP,-0.5184
2026-09-11,15:29,SUPRAJIT,-3.1114
2026-09-11,15:29,SUPREMEIND,-2.9145
2026-09-11,15:29,SUPREMEINF,1.686
2026-09-11,15:29,SUPRIYA,4.0081
2026-09-11,15:29,SURAKSHA,28.3958
2026-09-11,15:29,SUTLEJTEX,3.3421
2026-09-11,15:29,SUVEN,15.7766
2026-09-11,15:29,SVLL,8.7327
2026-09-11,15:29,SWANCORP,-3.6875
2026-09-11,15:29,SWANDEF,10.2761
2026-09-11,15:29,SWARAJENG,-1.4523
2026-09-11,15:29,SWIGGY,-2.338
2026-09-11,15:29,SYNGENE,-0.8422
2026-09-11,15:29,SYRMA,16.2789
2026-09-11,15:29,SYSTMTXC,18.4163
2026-09-11,15:29,TAALTECH,36.7533
2026-09-11,15:29,TALBROAUTO,3.924
2026-09-11,15:29,TARIL,-2.6981
2026-09-11,15:29,TARSONS,-1.0807
2026-09-11,15:29,TASTYBITE,11.2218
2026-09-11,15:29,TATACAP,-0.6842
2026-09-11,15:29,TATACOMM,0.2961
2026-09-11,15:29,TATASTEEL,-3.5268
2026-09-11,15:29,TATATECH,1.9394
2026-09-11,15:29,TBOTEK,9.6852
2026-09-11,15:29,TBZ,90.4538
2026-09-11,15:29,TCPLPACK,22.7564
2026-09-11,15:29,TEAMLEASE,0.5264
2026-09-11,15:29,TECHNOE,-0.8314
2026-09-11,15:29,TECHNVISN,7.1093
2026-09-11,15:29,TEGA,16.3985
2026-09-11,15:29,TEJASNET,7.729
2026-09-11,15:29,TEXINFRA,1.3422
2026-09-11,15:29,TEXRAIL,5.7635
2026-09-11,15:29,TFCILTD,38.8927
2026-09-11,15:29,THANGAMAYL,-1.9229
2026-09-11,15:29,THEINVEST,-0.8298
2026-09-11,15:29,THEJO,3.9788
2026-09-11,15:29,THELEELA,9.6442
2026-09-11,15:29,THEMISMED,21.8875
2026-09-11,15:29,THOMASCOOK,4.1815
2026-09-11,15:29,TI,12.1359
2026-09-11,15:29,TIIL,25.9523
2026-09-11,15:29,TIL,1.157
2026-09-11,15:29,TIMEX,18.7294
2026-09-11,15:29,TIMKEN,4.9914
2026-09-11,15:29,TIPSMUSIC,-0.973
2026-09-11,15:29,TIRUPATIFL,-1.2571
2026-09-11,15:29,TITAGARH,2.054
2026-09-11,15:29,TITAN,2.7548
2026-09-11,15:29,TMB,6.9508
2026-09-11,15:29,TMCV,-0.5151
2026-09-11,15:29,TNPETRO,33.5751
2026-09-11,15:29,TNPL,1.7189
2026-09-11,15:29,TORNTPHARM,-3.0706
2026-09-11,15:29,TRANSPEK,1.7861
2026-09-11,15:29,TREL,11.2165
2026-09-11,15:29,TRIVENI,15.3047
2026-09-11,15:29,TRUALT,-1.5721
2026-09-11,15:29,TSFINV,-3.3702
2026-09-11,15:29,TTKHLTCARE,8.8726
2026-09-11,15:29,TURTLEMINT,13.3389
2026-09-11,15:29,TVSSCS,-3.4194
2026-09-11,15:29,TVSSRICHAK,30.9048
2026-09-11,15:29,UDS,2.076
2026-09-11,15:29,UEL,34.4175
2026-09-11,15:29,UFBL,-0.3991
2026-09-11,15:29,UFLEX,38.8399
2026-09-11,15:29,UGARSUGAR,33.448
2026-09-11,15:29,ULTRAMAR,10.6649
2026-09-11,15:29,UNICHEMLAB,5.1227
2026-09-11,15:29,UNIECOM,-1.6291
2026-09-11,15:29,UNIMECH,30.2694
2026-09-11,15:29,UNIONBANK,4.0061
2026-09-11,15:29,UNIPARTS,23.2761
2026-09-11,15:29,UNITEDPOLY,41.0231
2026-09-11,15:29,UNIVASTU,11.9403
2026-09-11,15:29,UNIVCABLES,9.8719
2026-09-11,15:29,UNIVPHOTO,13.7158
2026-09-11,15:29,UNOMINDA,1.7874
2026-09-11,15:29,URBANCO,28.9821
2026-09-11,15:29,USHAMART,-0.2924
2026-09-11,15:29,UTIAMC,0.764
2026-09-11,15:29,UTLSOLAR,17.6873
2026-09-11,15:29,UTTAMSUGAR,25.8715
2026-09-11,15:29,V2RETAIL,-0.6064
2026-09-11,15:29,VADILALIND,-3.5207
2026-09-11,15:29,VALIANTLAB,110.5861
2026-09-11,15:29,VALIANTORG,48.5939
2026-09-11,15:29,VARROC,28.3863
2026-09-11,15:29,VEDL,-0.2081
2026-09-11,15:29,VEDPOWER,-2.6072
2026-09-11,15:29,VEEDOL,2.0722
2026-09-11,15:29,VELJAN,7.5514
2026-09-11,15:29,VENKEYS,19.1943
2026-09-11,15:29,VENUSPIPES,21.2472
2026-09-11,15:29,VENUSREM,2.194
2026-09-11,15:29,VGUARD,2.9253
2026-09-11,15:29,VHL,1.4685
2026-09-11,15:29,VIDHIING,1.6256
2026-09-11,15:29,VIJAYA,11.7227
2026-09-11,15:29,VIMTALABS,3.4081
2026-09-11,15:29,VINATIORGA,-0.7895
2026-09-11,15:29,VINCOFE,16.6377
2026-09-11,15:29,VINDHYATEL,41.6738
2026-09-11,15:29,VIPIND,0.3847
2026-09-11,15:29,VISAKAIND,5.9878
2026-09-11,15:29,VISHNU,16.4207
2026-09-11,15:29,VISL,3.2838
2026-09-11,15:29,VIVIANA,4.6761
2026-09-11,15:29,VIYASH,2.2222
2026-09-11,15:29,VMART,3.8313
2026-09-11,15:29,VOEPL,7.6786
2026-09-11,15:29,VOGL,3.2921
2026-09-11,15:29,VOLTAMP,13.0404
2026-09-11,15:29,VRLLOG,8.5263
2026-09-11,15:29,VSSL,30.4184
2026-09-11,15:29,VTL,-3.3458
2026-09-11,15:29,WAAREEENER,-2.0595
2026-09-11,15:29,WABAG,15.2084
2026-09-11,15:29,WAKEFIT,23.9652
2026-09-11,15:29,WCIL,-2.7991
2026-09-11,15:29,WELCORP,62.1592
2026-09-11,15:29,WELENT,32.7368
2026-09-11,15:29,WELINV,23.5172
2026-09-11,15:29,WELSPLSOL,8.8506
2026-09-11,15:29,WELSPUNLIV,33.1794
2026-09-11,15:29,WENDT,7.3713
2026-09-11,15:29,WESTLIFE,12.325
2026-09-11,15:29,WHEELS,58.208
2026-09-11,15:29,WINDLAS,31.6603
2026-09-11,15:29,WINDMACHIN,6.1992
2026-09-11,15:29,WOCKPHARMA,11.2109
2026-09-11,15:29,WONDERLA,9.0538
2026-09-11,15:29,WSTCSTPAPR,25.338
2026-09-11,15:29,XTRANET,114.4472
2026-09-11,15:29,YASHO,8.521
2026-09-11,15:29,YATHARTH,18.0646
2026-09-11,15:29,YATRA,8.3959
2026-09-11,15:29,YESBANK,3.1181
2026-09-11,15:29,YUKEN,54.9242
2026-09-11,15:29,ZENTEC,6.0584
2026-09-11,15:29,ZFCVINDIA,5.389
2026-09-11,15:29,ZFSTEERING,15.1819
2026-09-11,15:29,ZIMLAB,23.2144
2026-09-11,15:29,ZUARIIND,5.5448
2026-09-11,15:29,ZYDUSLIFE,-0.6834
2026-09-15,15:29,20MICRONS,2.6833
2026-09-15,15:29,3BBLACKBIO,8.6291
2026-09-15,15:29,63MOONS,-3.6843
2026-09-15,15:29,AARTIDRUGS,4.69
2026-09-15,15:29,AARTIIND,-3.7182
2026-09-15,15:29,AARTIPHARM,16.8171
2026-09-15,15:29,ABBOTINDIA,-6.3452
2026-09-15,15:29,ABDL,1.945
2026-09-15,15:29,ABSLAMC,1.9749
2026-09-15,15:29,ACCELYA,-2.6009
2026-09-15,15:29,ACE,2.4154
2026-09-15,15:29,ACMESOLAR,13.2848
2026-09-15,15:29,ACUTAAS,4.8068
2026-09-15,15:29,ADANIENT,-4.5437
2026-09-15,15:29,ADANIPORTS,0.7525
2026-09-15,15:29,ADANIPOWER,-5.4528
2026-09-15,15:29,ADFFOODS,-4.5479
2026-09-15,15:29,ADOR,2.9868
2026-09-15,15:29,AEGISLOG,-4.6676
2026-09-15,15:29,AEGISVOPAK,0.0663
2026-09-15,15:29,AEQUS,-5.1956
2026-09-15,15:29,AEROENTER,-5.1663
2026-09-15,15:29,AEROFLEX,17.6634
2026-09-15,15:29,AETHER,4.8758
2026-09-15,15:29,AFCONS,-4.9647
2026-09-15,15:29,AFSL,-0.3421
2026-09-15,15:29,AGARWALEYE,3.8796
2026-09-15,15:29,AGI,4.6006
2026-09-15,15:29,AHCL,37.1856
2026-09-15,15:29,AHLWEST,-5.6983
2026-09-15,15:29,AIIL,-3.453
2026-09-15,15:29,AJANTPHARM,-0.0996
2026-09-15,15:29,AJAXENGG,-2.0875
2026-09-15,15:29,AKCAPIT,-1.9674
2026-09-15,15:29,AKUMS,12.3972
2026-09-15,15:29,ALEMBICLTD,9.6433
2026-09-15,15:29,ALICON,-0.7898
2026-09-15,15:29,ALIVUS,10.9849
2026-09-15,15:29,ALKYLAMINE,-2.6694
2026-09-15,15:29,ALLDIGI,-1.8296
2026-09-15,15:29,ALLTIME,-3.8612
2026-09-15,15:29,AMANTA,12.6155
2026-09-15,15:29,AMBER,-5.4054
2026-09-15,15:29,AMRUTANJAN,-6.0629
2026-09-15,15:29,ANANDRATHI,6.0815
2026-09-15,15:29,ANANTRAJ,-6.4282
2026-09-15,15:29,ANDHRAPAP,15.567
2026-09-15,15:29,ANDHRSUGAR,10.7394
2026-09-15,15:29,ANGELONE,-1.4901
2026-09-15,15:29,ANTELOPUS,26.751
2026-09-15,15:29,ANTHEM,13.6169
2026-09-15,15:29,ANUHPHR,12.3368
2026-09-15,15:29,ANURAS,-3.2567
2026-09-15,15:29,APARINDS,12.2338
2026-09-15,15:29,APCOTEXIND,-6.6224
2026-09-15,15:29,APEX,-5.6388
2026-09-15,15:29,APLAPOLLO,9.1579
2026-09-15,15:29,APLLTD,2.3581
2026-09-15,15:29,APOLLO,-2.7054
2026-09-15,15:29,APOLLOHOSP,-1.2018
2026-09-15,15:29,APOLLOPIPE,0.8433
2026-09-15,15:29,ARFIN,-3.2401
2026-09-15,15:29,ARIES,38.9199
2026-09-15,15:29,ARIHANTCAP,5.1239
2026-09-15,15:29,ARMANFIN,-3.8209
2026-09-15,15:29,ARROWGREEN,15.2646
2026-09-15,15:29,ARSSBL,-6.1718
2026-09-15,15:29,ARTEMISMED,9.3812
2026-09-15,15:29,ARVIND,4.093
2026-09-15,15:29,ARVINDFASN,-4.5976
2026-09-15,15:29,ARVSMART,-6.0767
2026-09-15,15:29,ASAHIINDIA,6.8837
2026-09-15,15:29,ASIANENE,18.1663
2026-09-15,15:29,ASIANHOTNR,27.0644
2026-09-15,15:29,ASKAUTOLTD,6.1529
2026-09-15,15:29,ASTAR,-3.8626
2026-09-15,15:29,ASTEC,7.2259
2026-09-15,15:29,ASTRAL,-3.9008
2026-09-15,15:29,ATHERENERG,23.2419
2026-09-15,15:29,ATL,4.5103
2026-09-15,15:29,ATLANTAELE,4.4156
2026-09-15,15:29,AUBANK,-3.0189
2026-09-15,15:29,AURIONPRO,-5.5304
2026-09-15,15:29,AUROPHARMA,6.773
2026-09-15,15:29,AURUM,1.2533
2026-09-15,15:29,AVADHSUGAR,31.1437
2026-09-15,15:29,AVALON,23.3417
2026-09-15,15:29,AVL,-1.9963
2026-09-15,15:29,AVTNPL,21.9629
2026-09-15,15:29,AWFIS,-0.7753
2026-09-15,15:29,AWL,-3.7625
2026-09-15,15:29,AXISBANK,-3.8601
2026-09-15,15:29,AXISCADES,9.2059
2026-09-15,15:29,AYE,2.6941
2026-09-15,15:29,AYMSYNTEX,6.9555
2026-09-15,15:29,AZAD,17.2577
2026-09-15,15:29,BAFNAPH,14.5787
2026-09-15,15:29,BAJAJ-AUTO,-3.6437
2026-09-15,15:29,BAJAJCON,-3.8183
2026-09-15,15:29,BAJAJELEC,-2.7395
2026-09-15,15:29,BAJAJHCARE,-5.7286
2026-09-15,15:29,BAJAJHFL,-3.2815
2026-09-15,15:29,BAJAJHLDNG,-4.3021
2026-09-15,15:29,BAJAJINDEF,-6.0094
2026-09-15,15:29,BAJAJST,-5.2522
2026-09-15,15:29,BAJEL,-4.7815
2026-09-15,15:29,BALAJITELE,12.9406
2026-09-15,15:29,BALAMINES,3.9749
2026-09-15,15:29,BALMLAWRIE,-5.6851
2026-09-15,15:29,BALRAMCHIN,4.6846
2026-09-15,15:29,BALUFORGE,11.9928
2026-09-15,15:29,BANARISUG,-2.1823
2026-09-15,15:29,BANDHANBNK,-0.691
2026-09-15,15:29,BANKBARODA,-5.8847
2026-09-15,15:29,BANKINDIA,-2.0569
2026-09-15,15:29,BANSALWIRE,-4.6468
2026-09-15,15:29,BASF,-5.1023
2026-09-15,15:29,BBOX,-1.0482
2026-09-15,15:29,BECTORFOOD,5.7415
2026-09-15,15:29,BEEKAY,10.7816
2026-09-15,15:29,BEL,-2.3588
2026-09-15,15:29,BELRISE,-6.2846
2026-09-15,15:29,BEML,11.2175
2026-09-15,15:29,BENGALASM,1.3135
2026-09-15,15:29,BEPL,-0.0248
2026-09-15,15:29,BHAGERIA,39.591
2026-09-15,15:29,BHAGYANGR,4.5296
2026-09-15,15:29,BHARATCOAL,-4.9575
2026-09-15,15:29,BHARATSE,-6.5992
2026-09-15,15:29,BHEL,0.4135
2026-09-15,15:29,BIL,35.0529
2026-09-15,15:29,BIRLACABLE,76.6122
2026-09-15,15:29,BIRLANU,4.0409
2026-09-15,15:29,BLACKBUCK,11.0526
2026-09-15,15:29,BLIL,-5.2906
2026-09-15,15:29,BLISSGVS,46.8432
2026-09-15,15:29,BLKASHYAP,-5.1915
2026-09-15,15:29,BLSE,3.4356
2026-09-15,15:29,BLUEJET,-6.5903
2026-09-15,15:29,BLUESTONE,3.2204
2026-09-15,15:29,BLUSPRING,9.1392
2026-09-15,15:29,BODALCHEM,138.8266
2026-09-15,15:29,BORANA,-4.8142
2026-09-15,15:29,BOROLTD,6.3648
2026-09-15,15:29,BOSCH-HCIL,19.9396
2026-09-15,15:29,BOSCHLTD,13.9709
2026-09-15,15:29,BRIGADE,4.9002
2026-09-15,15:29,BSHSL,-0.6744
2026-09-15,15:29,BUILDPRO,-4.5103
2026-09-15,15:29,CAMPUS,-4.6147
2026-09-15,15:29,CANBK,-3.7215
2026-09-15,15:29,CANFINHOME,-3.9412
2026-09-15,15:29,CANHLIFE,0.5698
2026-09-15,15:29,CANTABIL,-2.807
2026-09-15,15:29,CAPILLARY,-4.7119
2026-09-15,15:29,CAPLIPOINT,0.1754
2026-09-15,15:29,CARBORUNIV,-5.8147
2026-09-15,15:29,CARERATING,-4.6573
2026-09-15,15:29,CARTRADE,7.6267
2026-09-15,15:29,CARYSIL,-5.1755
2026-09-15,15:29,CASTROLIND,1.0654
2026-09-15,15:29,CDSL,-0.8471
2026-09-15,15:29,CEIGALL,10.8774
2026-09-15,15:29,CELLO,-5.2091
2026-09-15,15:29,CENTRALBK,-3.1786
2026-09-15,15:29,CENTUM,9.0874
2026-09-15,15:29,CEWATER,-3.3765
2026-09-15,15:29,CGCL,12.1467
2026-09-15,15:29,CGPOWER,3.8615
2026-09-15,15:29,CHALET,2.8789
2026-09-15,15:29,CHEMBONDCH,17.4422
2026-09-15,15:29,CHEMCON,16.1823
2026-09-15,15:29,CHEMFAB,-1.2734
2026-09-15,15:29,CHENNPETRO,11.0373
2026-09-15,15:29,CHEVIOT,3.7067
2026-09-15,15:29,CHOLAFIN,-5.116
2026-09-15,15:29,CHOLAHLDNG,-4.0518
2026-09-15,15:29,CLEAN,7.348
2026-09-15,15:29,CLEANMAX,-2.0748
2026-09-15,15:29,CLSEL,-3.6606
2026-09-15,15:29,CMRGREEN,-4.4119
2026-09-15,15:29,COALINDIA,0.7813
2026-09-15,15:29,COFFEEDAY,-5.1826
2026-09-15,15:29,COFORGE,0.4242
2026-09-15,15:29,COHANCE,-0.4114
2026-09-15,15:29,COMSYN,38.8463
2026-09-15,15:29,CONCORDBIO,4.1284
2026-09-15,15:29,CONFIPET,2.7814
2026-09-15,15:29,CONSOFINVT,2.1133
2026-09-15,15:29,CONTROLPR,0.5862
2026-09-15,15:29,CORDELIA,39.2291
2026-09-15,15:29,CORONA,5.3284
2026-09-15,15:29,COSMOFIRST,-5.3514
2026-09-15,15:29,CPPLUS,6.8452
2026-09-15,15:29,CRAFTSMAN,7.356
2026-09-15,15:29,CRISIL,3.8871
2026-09-15,15:29,CSLFINANCE,-2.0066
2026-09-15,15:29,CUB,10.3249
2026-09-15,15:29,CUPID,23.1435
2026-09-15,15:29,CYIENT,25.6654
2026-09-15,15:29,CYIENTDLM,31.4128
2026-09-15,15:29,DALMIASUG,-3.3143
2026-09-15,15:29,DATAPATTNS,-1.5806
2026-09-15,15:29,DBOL,10.0573
2026-09-15,15:29,DCBBANK,16.1181
2026-09-15,15:29,DCMSHRIRAM,-3.4667
2026-09-15,15:29,DCW,-4.3013
2026-09-15,15:29,DECCANCE,1.8076
2026-09-15,15:29,DECNGOLD,9.0758
2026-09-15,15:29,DEEPINDS,12.4904
2026-09-15,15:29,DEN,-3.9682
2026-09-15,15:29,DEVYANI,16.6667
2026-09-15,15:29,DHAMPURSUG,8.8779
2026-09-15,15:29,DHANUKA,-6.5279
2026-09-15,15:29,DHARMAJ,-0.5929
2026-09-15,15:29,DHUNINV,10.3225
2026-09-15,15:29,DIACABS,20.0248
2026-09-15,15:29,DIAMONDYD,-4.8462
2026-09-15,15:29,DICIND,16.2811
2026-09-15,15:29,DIFFNKG,5.2081
2026-09-15,15:29,DISAQ,-5.3114
2026-09-15,15:29,DIVGIITTS,13.3969
2026-09-15,15:29,DIVISLAB,7.1404
2026-09-15,15:29,DIXON,-5.1253
2026-09-15,15:29,DMCC,-4.4964
2026-09-15,15:29,DODLA,3.2495
2026-09-15,15:29,DOLATALGO,1.0213
2026-09-15,15:29,DOLLAR,-1.6642
2026-09-15,15:29,DOLPHIN,60.5747
2026-09-15,15:29,DPABHUSHAN,-5.8231
2026-09-15,15:29,DRAGARWQ,2.5964
2026-09-15,15:29,DRREDDY,-2.9661
2026-09-15,15:29,DVL,14.9701
2026-09-15,15:29,DWARKESH,6.9744
2026-09-15,15:29,DYCL,7.4916
2026-09-15,15:29,DYNAMATECH,12.1527
2026-09-15,15:29,E2E,6.7864
2026-09-15,15:29,EBGNG,25.4578
2026-09-15,15:29,ECLERX,-1.4254
2026-09-15,15:29,EDELWEISS,9.516
2026-09-15,15:29,EFCIL,-5.8363
2026-09-15,15:29,EIMCOELECO,22.0046
2026-09-15,15:29,ELANTAS,37.6033
2026-09-15,15:29,ELDEHSG,-2.8874
2026-09-15,15:29,ELECON,-3.4555
2026-09-15,15:29,ELECTCAST,4.7772
2026-09-15,15:29,ELECTHERM,-6.2153
2026-09-15,15:29,ELGIEQUIP,5.0549
2026-09-15,15:29,ELPROINTL,-3.0947
2026-09-15,15:29,EMAMIPAP,-1.6536
2026-09-15,15:29,EMCURE,1.1829
2026-09-15,15:29,EMIL,40.8907
2026-09-15,15:29,EMKAY,0.0414
2026-09-15,15:29,EMMVEE,2.8165
2026-09-15,15:29,EMUDHRA,24.0661
2026-09-15,15:29,ENDURANCE,-6.2061
2026-09-15,15:29,ENGINERSIN,15.7187
2026-09-15,15:29,ENTERO,46.132
2026-09-15,15:29,EPIGRAL,-2.5431
2026-09-15,15:29,EPL,4.0582
2026-09-15,15:29,EQUITASBNK,-6.4385
2026-09-15,15:29,ERIS,-5.2848
2026-09-15,15:29,ESABINDIA,2.4312
2026-09-15,15:29,ESAFSFB,-4.741
2026-09-15,15:29,ESTER,0.4154
2026-09-15,15:29,ETERNAL,1.5298
2026-09-15,15:29,EVEREADY,-5.3142
2026-09-15,15:29,EXCELINDUS,-5.4811
2026-09-15,15:29,EXCELSOFT,-6.4586
2026-09-15,15:29,EXICOM,2.7325
2026-09-15,15:29,EXPLEOSOL,7.1353
2026-09-15,15:29,FABTECH,-2.3169
2026-09-15,15:29,FCL,37.204
2026-09-15,15:29,FEDDERSHOL,15.8962
2026-09-15,15:29,FEDFINA,2.0882
2026-09-15,15:29,FILATEX,7.4446
2026-09-15,15:29,FINCABLES,34.2518
2026-09-15,15:29,FINEORG,4.4551
2026-09-15,15:29,FINKURVE,21.7013
2026-09-15,15:29,FIVESTAR,-1.7138
2026-09-15,15:29,FLUOROCHEM,2.6274
2026-09-15,15:29,FMGOETZE,-6.0702
2026-09-15,15:29,FORTIS,-6.3723
2026-09-15,15:29,FOSECOIND,19.5792
2026-09-15,15:29,GAIL,-1.9621
2026-09-15,15:29,GALAXYSURF,6.964
2026-09-15,15:29,GANDHAR,12.4374
2026-09-15,15:29,GANDHITUBE,-1.1348
2026-09-15,15:29,GANESHBE,10.3045
2026-09-15,15:29,GANESHHOU,-4.2473
2026-09-15,15:29,GARFIBRES,3.1381
2026-09-15,15:29,GARUDA,2.058
2026-09-15,15:29,GAYAPROJ,30.8809
2026-09-15,15:29,GCSL,18.2408
2026-09-15,15:29,GEECEE,-3.1401
2026-09-15,15:29,GENESYS,40.0108
2026-09-15,15:29,GENUSPOWER,-3.0063
2026-09-15,15:29,GEOJITFSL,-0.3225
2026-09-15,15:29,GESHIP,-0.5721
2026-09-15,15:29,GFLLIMITED,13.3237
2026-09-15,15:29,GHCL,-4.7174
2026-09-15,15:29,GHCLTEXTIL,4.5995
2026-09-15,15:29,GICRE,-5.5439
2026-09-15,15:29,GILLETTE,-6.0953
2026-09-15,15:29,GIPCL,16.6151
2026-09-15,15:29,GKENERGY,-5.794
2026-09-15,15:29,GKSL,35.9011
2026-09-15,15:29,GLAND,12.2635
2026-09-15,15:29,GLAXO,5.8821
2026-09-15,15:29,GLENMARK,6.3543
2026-09-15,15:29,GLOBAL,24.5363
2026-09-15,15:29,GMBREW,1.06
2026-09-15,15:29,GMDCLTD,-1.3458
2026-09-15,15:29,GMMPFAUDLR,57.0272
2026-09-15,15:29,GNA,-0.8563
2026-09-15,15:29,GNFC,4.7471
2026-09-15,15:29,GNRL,9.9861
2026-09-15,15:29,GOCLCORP,4.6858
2026-09-15,15:29,GOCOLORS,-5.8369
2026-09-15,15:29,GODIGIT,-4.2816
2026-09-15,15:29,GODREJAGRO,14.2023
2026-09-15,15:29,GOKULAGRO,-5.5661
2026-09-15,15:29,GOODLUCK,3.334
2026-09-15,15:29,GPIL,-2.9504
2026-09-15,15:29,GPPL,6.4808
2026-09-15,15:29,GPTHEALTH,-2.7388
2026-09-15,15:29,GPTINFRA,-2.0172
2026-09-15,15:29,GRANDOAK,-4.6461
2026-09-15,15:29,GRANULES,3.4867
2026-09-15,15:29,GRAPHITE,18.778
2026-09-15,15:29,GRASIM,-2.7301
2026-09-15,15:29,GRAVITA,-1.4965
2026-09-15,15:29,GREENPLY,-2.54
2026-09-15,15:29,GROWW,2.5909
2026-09-15,15:29,GRPLTD,0.8626
2026-09-15,15:29,GSFC,-5.7583
2026-09-15,15:29,GTPL,-3.5363
2026-09-15,15:29,GUFICBIO,8.8604
2026-09-15,15:29,GUJALKALI,-0.6526
2026-09-15,15:29,GUJTHEM,20.7095
2026-09-15,15:29,GULFOILLUB,-5.1834
2026-09-15,15:29,GVT&D,-2.8169
2026-09-15,15:29,GYFTR,10.4706
2026-09-15,15:29,HAL,0.1066
2026-09-15,15:29,HALDYNGL,12.2129
2026-09-15,15:29,HAPPYFORGE,22.0751
2026-09-15,15:29,HARSHA,4.2081
2026-09-15,15:29,HATSUN,44.1004
2026-09-15,15:29,HAWKINCOOK,-1.3535
2026-09-15,15:29,HBLENGINE,-2.5771
2026-09-15,15:29,HCC,-2.2467
2026-09-15,15:29,HCG,0.9751
2026-09-15,15:29,HDBFS,-2.9422
2026-09-15,15:29,HDFCBANK,-4.8406
2026-09-15,15:29,HDFCLIFE,-6.6896
2026-09-15,15:29,HEALTHX,-3
2026-09-15,15:29,HEG,1.6235
2026-09-15,15:29,HEIDELBERG,-6.1346
2026-09-15,15:29,HERITGFOOD,17.5321
2026-09-15,15:29,HEROMOTOCO,-5.3846
2026-09-15,15:29,HEXAGON,-2.728
2026-09-15,15:29,HEXATRADEX,-1.1653
2026-09-15,15:29,HFCL,9.6237
2026-09-15,15:29,HINDALCO,-3.6386
2026-09-15,15:29,HINDCOPPER,-0.5959
2026-09-15,15:29,HINDOILEXP,9.0548
2026-09-15,15:29,HINDZINC,2.5411
2026-09-15,15:29,HITECHCORP,2.7256
2026-09-15,15:29,HITECHGEAR,-3.9596
2026-09-15,15:29,HLEGLAS,-6.4917
2026-09-15,15:29,HMAAGRO,12.0632
2026-09-15,15:29,HMT,-0.5049
2026-09-15,15:29,HNDFDS,1.5449
2026-09-15,15:29,HOMEFIRST,0.4358
2026-09-15,15:29,HONASA,-0.2073
2026-09-15,15:29,HTMEDIA,-5.3076
2026-09-15,15:29,HYUNDAI,-3.0358
2026-09-15,15:29,IBULLSLTD,1.292
2026-09-15,15:29,ICICIAMC,-1.1003
2026-09-15,15:29,ICIL,4.247
2026-09-15,15:29,IDBI,-2.0777
2026-09-15,15:29,IDFCFIRSTB,-1.3953
2026-09-15,15:29,IFBIND,-6.0561
2026-09-15,15:29,IFCI,-0.4657
2026-09-15,15:29,IFGLEXPOR,-3.3856
2026-09-15,15:29,IGARASHI,-6.4433
2026-09-15,15:29,IGL,-3.9316
2026-09-15,15:29,IGPL,5.7586
2026-09-15,15:29,IIFL,-5.9561
2026-09-15,15:29,IIFLCAPS,-0.0446
2026-09-15,15:29,IKIO,4.7236
2026-09-15,15:29,IKS,-3.4337
2026-09-15,15:29,IL&FSENGG,11.31
2026-09-15,15:29,IMAGICAA,2.7297
2026-09-15,15:29,IMPAL,-2.4262
2026-09-15,15:29,INDGN,4.8143
2026-09-15,15:29,INDHOTEL,-4.9202
2026-09-15,15:29,INDIAGLYCO,22.3367
2026-09-15,15:29,INDIANB,-0.9763
2026-09-15,15:29,INDIGOPNTS,-2.345
2026-09-15,15:29,INDIQUBE,15.9679
2026-09-15,15:29,INDNIPPON,9.0181
2026-09-15,15:29,INDOAMIN,-2.8279
2026-09-15,15:29,INDOBORAX,10.0549
2026-09-15,15:29,INDOCO,8.8519
2026-09-15,15:29,INDOMIM,26.6831
2026-09-15,15:29,INDORAMA,30.43
2026-09-15,15:29,INDOSTAR,-4.9664
2026-09-15,15:29,INDOTECH,-2.694
2026-09-15,15:29,INDRAMEDCO,-3.8899
2026-09-15,15:29,INDSWFTLAB,65.6607
2026-09-15,15:29,INDUSTOWER,-4.1234
2026-09-15,15:29,INGERRAND,0.3998
2026-09-15,15:29,INNOVACAP,19.2074
2026-09-15,15:29,INNOVANA,-4.9379
2026-09-15,15:29,INOXGREEN,-0.631
2026-09-15,15:29,INOXINDIA,3.77
2026-09-15,15:29,INOXWIND,-5.7668
2026-09-15,15:29,INVPRECQ,23.7714
2026-09-15,15:29,IOB,-5.044
2026-09-15,15:29,IOLCP,18.3388
2026-09-15,15:29,IONEXCHANG,0.4768
2026-09-15,15:29,IPCALAB,11.9842
2026-09-15,15:29,IRIS,-6.5771
2026-09-15,15:29,IRISDOREME,8.5389
2026-09-15,15:29,IRMENERGY,0.566
2026-09-15,15:29,JAGRAN,-1.8448
2026-09-15,15:29,JAGSNPHARM,-4.0532
2026-09-15,15:29,JAIBALAJI,2.7397
2026-09-15,15:29,JARO,-0.5502
2026-09-15,15:29,JASH,-0.8989
2026-09-15,15:29,JAYAGROGN,-1.5415
2026-09-15,15:29,JAYKAY,-4.1556
2026-09-15,15:29,JAYNECOIND,0.5103
2026-09-15,15:29,JGCHEM,11.0641
2026-09-15,15:29,JINDALPHOT,3.3459
2026-09-15,15:29,JINDALPOLY,18.064
2026-09-15,15:29,JINDALSAW,11.4539
2026-09-15,15:29,JINDALSTEL,-0.9139
2026-09-15,15:29,JINDRILL,-2.0453
2026-09-15,15:29,JINDWORLD,22.346
2026-09-15,15:29,JKIL,-2.4835
2026-09-15,15:29,JKPAPER,4.2385
2026-09-15,15:29,JMFINANCIL,0.2647
2026-09-15,15:29,JNKINDIA,1.0223
2026-09-15,15:29,JPOLYINVST,-6.0387
2026-09-15,15:29,JSL,-1.1138
2026-09-15,15:29,JSWDULUX,3.9231
2026-09-15,15:29,JSWINFRA,-0.9574
2026-09-15,15:29,JSWSTEEL,-4.8828
2026-09-15,15:29,JTLIND,8.9
2026-09-15,15:29,JUBLCPL,14.2512
2026-09-15,15:29,JUBLFOOD,-0.8511
2026-09-15,15:29,JUBLPHARMA,8.4445
2026-09-15,15:29,JUNIPER,8.6422
2026-09-15,15:29,JYOTICNC,12.0179
2026-09-15,15:29,KABRAEXTRU,55.4826
2026-09-15,15:29,KAJARIACER,-0.0906
2026-09-15,15:29,KALYANKJIL,-0.625
2026-09-15,15:29,KAMATHOTEL,22.01
2026-09-15,15:29,KAMDHENU,11.8958
2026-09-15,15:29,KANORICHEM,24.5856
2026-09-15,15:29,KANPRPLA,16.5822
2026-09-15,15:29,KAPSTON,7.1401
2026-09-15,15:29,KAYA,13.5213
2026-09-15,15:29,KCP,4.04
2026-09-15,15:29,KDDL,8.469
2026-09-15,15:29,KENNAMET,46.7377
2026-09-15,15:29,KFINTECH,-6.3704
2026-09-15,15:29,KHAICHEM,2.5329
2026-09-15,15:29,KILITCH,-0.3458
2026-09-15,15:29,KIMS,-6.5501
2026-09-15,15:29,KINGFA,10.9633
2026-09-15,15:29,KIRANVYPAR,-1.1035
2026-09-15,15:29,KIRIINDUS,22.8501
2026-09-15,15:29,KIRLFER,-2.1471
2026-09-15,15:29,KIRLOSIND,-3.0006
2026-09-15,15:29,KIRLPNU,-4.5787
2026-09-15,15:29,KISSHT,8.2749
2026-09-15,15:29,KKCL,-2.2257
2026-09-15,15:29,KLBRENG-B,10.5313
2026-09-15,15:29,KMEW,9.5047
2026-09-15,15:29,KNRCON,-4.1966
2026-09-15,15:29,KOLTEPATIL,7.5115
2026-09-15,15:29,KOPRAN,31.3397
2026-09-15,15:29,KOTAKBANK,3.0943
2026-09-15,15:29,KOVAI,3.1976
2026-09-15,15:29,KPIL,7.5341
2026-09-15,15:29,KPL,33.9032
2026-09-15,15:29,KPRMILL,5.3116
2026-09-15,15:29,KRBL,6.2751
2026-09-15,15:29,KRISHANA,-1.7629
2026-09-15,15:29,KRN,24.9072
2026-09-15,15:29,KRONOX,10.76
2026-09-15,15:29,KROSS,12.5277
2026-09-15,15:29,KRSNAA,0.1572
2026-09-15,15:29,KRYSTAL,0.9299
2026-09-15,15:29,KSHINTL,20.5705
2026-09-15,15:29,KSL,4.9577
2026-09-15,15:29,KTKBANK,9.1553
2026-09-15,15:29,KUANTUM,-4.2344
2026-09-15,15:29,KWIL,23.1303
2026-09-15,15:29,LALPATHLAB,0.3157
2026-09-15,15:29,LAURUSLABS,6.3763
2026-09-15,15:29,LCL,1.8642
2026-09-15,15:29,LENSKART,20.5947
2026-09-15,15:29,LGBBROSLTD,11.1459
2026-09-15,15:29,LGEINDIA,3.8094
2026-09-15,15:29,LICHSGFIN,4.4316
2026-09-15,15:29,LIKHITHA,-1.7161
2026-09-15,15:29,LINC,-6.5132
2026-09-15,15:29,LINCOLN,3.7624
2026-09-15,15:29,LMW,5.6915
2026-09-15,15:29,LOKESHMACH,-0.8654
2026-09-15,15:29,LOTUSDEV,8.034
2026-09-15,15:29,LT,-4.3304
2026-09-15,15:29,LTF,-6.6667
2026-09-15,15:29,LTFOODS,1.3845
2026-09-15,15:29,LUMAXIND,-0.1039
2026-09-15,15:29,LUMAXTECH,22.4888
2026-09-15,15:29,MACPOWER,29.1192
2026-09-15,15:29,MAGADSUGAR,-2.7666
2026-09-15,15:29,MAHABANK,-0.0126
2026-09-15,15:29,MAHASTEEL,26.0345
2026-09-15,15:29,MAHSEAMLES,22.2067
2026-09-15,15:29,MAITHANALL,4.3729
2026-09-15,15:29,MALLCOM,-6.5481
2026-09-15,15:29,MAMATA,-1.6123
2026-09-15,15:29,MANAKCOAT,3.4227
2026-09-15,15:29,MANAKSTEEL,48.943
2026-09-15,15:29,MANALIPETC,20.3331
2026-09-15,15:29,MANBA,-2.4911
2026-09-15,15:29,MANGLMCEM,4.643
2026-09-15,15:29,MANINDS,47.3205
2026-09-15,15:29,MANINFRA,25.0551
2026-09-15,15:29,MANORAMA,21.684
2026-09-15,15:29,MANYAVAR,35.3194
2026-09-15,15:29,MARATHON,2.9211
2026-09-15,15:29,MARINE,30.9296
2026-09-15,15:29,MARKSANS,19.2946
2026-09-15,15:29,MARSONS,9.8235
2026-09-15,15:29,MASTERTR,3.1821
2026-09-15,15:29,MATRIMONY,15.5122
2026-09-15,15:29,MAWANASUG,17.4222
2026-09-15,15:29,MAXESTATES,42.1007
2026-09-15,15:29,MAXHEALTH,-6.3977
2026-09-15,15:29,MAYURUNIQ,-4.9429
2026-09-15,15:29,MAZDA,15.4627
2026-09-15,15:29,MAZDOCK,-6.4435
2026-09-15,15:29,MBAPL,-2.6186
2026-09-15,15:29,MBECL,8682.785
2026-09-15,15:29,MCCHRLS-B,-2.1739
2026-09-15,15:29,MCX,20.1128
2026-09-15,15:29,MEDANTA,-1.8548
2026-09-15,15:29,MEDPLUS,-5.7582
2026-09-15,15:29,MEESHO,10.8733
2026-09-15,15:29,MEIL,-4.308
2026-09-15,15:29,MENONBE,37.6589
2026-09-15,15:29,MERCURYEV,15.3542
2026-09-15,15:29,METROPOLIS,-4.0154
2026-09-15,15:29,MGL,-3.9437
2026-09-15,15:29,MIDHANI,0.545
2026-09-15,15:29,MINDACORP,-6.6864
2026-09-15,15:29,MMFL,7.1068
2026-09-15,15:29,MMP,55.3368
2026-09-15,15:29,MMTC,-4.5247
2026-09-15,15:29,MOBIKWIK,-6.4767
2026-09-15,15:29,MODISONLTD,69.6771
2026-09-15,15:29,MOL,8.2781
2026-09-15,15:29,MOLDTECH,32.0665
2026-09-15,15:29,MOLDTKPAC,-3.4069
2026-09-15,15:29,MONARCH,-4.6938
2026-09-15,15:29,MONTECARLO,3.6304
2026-09-15,15:29,MOREPENLAB,84.2498
2026-09-15,15:29,MOSCHIP,-3.4296
2026-09-15,15:29,MOTHERSON,2.0257
2026-09-15,15:29,MOTILALOFS,14.154
2026-09-15,15:29,MPHASIS,-2.0996
2026-09-15,15:29,MRF,-5.9336
2026-09-15,15:29,MRPL,-4.1652
2026-09-15,15:29,MSPL,-6.0165
2026-09-15,15:29,MSTCLTD,15.1774
2026-09-15,15:29,MTARTECH,15.5522
2026-09-15,15:29,MUFIN,-0.4583
2026-09-15,15:29,MUKANDLTD,-5.5571
2026-09-15,15:29,MUKKA,34.7789
2026-09-15,15:29,MUNJALAU,0.1157
2026-09-15,15:29,MUTHOOTFIN,-5.8321
2026-09-15,15:29,MVGJL,14.8506
2026-09-15,15:29,NAHARINDUS,7.8036
2026-09-15,15:29,NAM-INDIA,-1.0215
2026-09-15,15:29,NATIONALUM,-5
2026-09-15,15:29,NAUKRI,-0.5754
2026-09-15,15:29,NAVINFLUOR,8.908
2026-09-15,15:29,NAVNETEDUL,-6.1129
2026-09-15,15:29,NAZARA,5.257
2026-09-15,15:29,NCC,-4.9093
2026-09-15,15:29,NCLIND,-5.1685
2026-09-15,15:29,NEOGEN,12.3632
2026-09-15,15:29,NEPHROPLUS,6.7078
2026-09-15,15:29,NESCO,1.3322
2026-09-15,15:29,NETWEB,0.6106
2026-09-15,15:29,NEULANDLAB,14.8412
2026-09-15,15:29,NFL,-6.4866
2026-09-15,15:29,NH,-1.2919
2026-09-15,15:29,NHPC,-4.0505
2026-09-15,15:29,NIACL,5.6708
2026-09-15,15:29,NIITMTS,-5.9162
2026-09-15,15:29,NILKAMAL,18.707
2026-09-15,15:29,NINSYS,-5.4225
2026-09-15,15:29,NIRLON,-3.1444
2026-09-15,15:29,NITINSPIN,12.3701
2026-09-15,15:29,NITTAGELA,-2.0935
2026-09-15,15:29,NIVABUPA,-5.8457
2026-09-15,15:29,NMDC,-3.938
2026-09-15,15:29,NOCIL,5.4869
2026-09-15,15:29,NORTHARC,3.355
2026-09-15,15:29,NOVARTIND,33.7654
2026-09-15,15:29,NPST,7.6494
2026-09-15,15:29,NRAIL,30.8717
2026-09-15,15:29,NRBBEARING,10.846
2026-09-15,15:29,NRL,24.4941
2026-09-15,15:29,NSIL,-3.7798
2026-09-15,15:29,NSLNISP,-4.427
2026-09-15,15:29,NTPC,-6.0986
2026-09-15,15:29,NTPCGREEN,-5.3363
2026-09-15,15:29,NUCLEUS,-0.0431
2026-09-15,15:29,NUVAMA,-5.5219
2026-09-15,15:29,NYKAA,-2.5225
2026-09-15,15:29,OAL,34.8687
2026-09-15,15:29,OFSS,4.1564
2026-09-15,15:29,OIL,7.4336
2026-09-15,15:29,OLAELEC,-1.8327
2026-09-15,15:29,OMAXE,38.2525
2026-09-15,15:29,OMPOWER,-0.7084
2026-09-15,15:29,ONEPOINT,-0.3866
2026-09-15,15:29,ONESOURCE,2.5056
2026-09-15,15:29,ONGC,-2.5
2026-09-15,15:29,ONWARDTEC,-4.1858
2026-09-15,15:29,ORBTEXP,-3.8435
2026-09-15,15:29,ORCHPHARMA,-0.2473
2026-09-15,15:29,ORICONENT,-5.4019
2026-09-15,15:29,ORIENTBELL,22.9377
2026-09-15,15:29,ORIENTCER,9.2439
2026-09-15,15:29,ORIENTELEC,-3.6343
2026-09-15,15:29,ORIENTHOT,2.6516
2026-09-15,15:29,ORISSAMINE,-5.5622
2026-09-15,15:29,ORKLAINDIA,1.5167
2026-09-15,15:29,PAISALO,16.8488
2026-09-15,15:29,PANACHE,20.3504
2026-09-15,15:29,PANAMAPET,-2.1704
2026-09-15,15:29,PARADEEP,3.05
2026-09-15,15:29,PARAGMILK,11.8331
2026-09-15,15:29,PARAS,3.6292
2026-09-15,15:29,PARKHOSPS,-3.2744
2026-09-15,15:29,PASHUPATI,-6.1885
2026-09-15,15:29,PASUPTAC,16.5151
2026-09-15,15:29,PAUSHAKLTD,4.5956
2026-09-15,15:29,PAYTM,22.695
2026-09-15,15:29,PCBL,-3.9015
2026-09-15,15:29,PDMJEPAPER,0.5296
2026-09-15,15:29,PDSL,-6.4381
2026-09-15,15:29,PENIND,-1.0762
2026-09-15,15:29,PERSISTENT,-1.7489
2026-09-15,15:29,PETRONET,-0.316
2026-09-15,15:29,PFOCUS,6.7782
2026-09-15,15:29,PFS,-6.6878
2026-09-15,15:29,PGIL,8.5291
2026-09-15,15:29,PHOENIXLTD,-6.2097
2026-09-15,15:29,PILANIINVS,-6.0964
2026-09-15,15:29,PINELABS,27.3576
2026-09-15,15:29,PITTIENG,19.4851
2026-09-15,15:29,PIXTRANS,1.934
2026-09-15,15:29,PLASTIBLEN,-2.8488
2026-09-15,15:29,PLATIND,-2.9486
2026-09-15,15:29,PNB,1.5044
2026-09-15,15:29,PNBHOUSING,5.0459
2026-09-15,15:29,PNGSREVA,11.4946
2026-09-15,15:29,POLICYBZR,5.2121
2026-09-15,15:29,POLYMED,-1.3485
2026-09-15,15:29,POLYPLEX,-0.0913
2026-09-15,15:29,POWERICA,2.5703
2026-09-15,15:29,POWERINDIA,-3.7812
2026-09-15,15:29,PPL,5.796
2026-09-15,15:29,PPLPHARMA,2.1026
2026-09-15,15:29,PRABHA,55.6899
2026-09-15,15:29,PRAJIND,0.9364
2026-09-15,15:29,PRAKASH,-4.7888
2026-09-15,15:29,PRECWIRE,16.0775
2026-09-15,15:29,PREMEXPLN,0.9822
2026-09-15,15:29,PREMIERPOL,11.3377
2026-09-15,15:29,PRICOLLTD,1.078
2026-09-15,15:29,PRIMESECU,0.018
2026-09-15,15:29,PRINCEPIPE,-1.6515
2026-09-15,15:29,PRIVISCL,-4.0256
2026-09-15,15:29,PROZONER,22.2351
2026-09-15,15:29,PRSMJOHNSN,2.9941
2026-09-15,15:29,PRUDENT,-3.2061
2026-09-15,15:29,PSB,-5.8081
2026-09-15,15:29,PTCIL,25.4658
2026-09-15,15:29,PTL,-4.0734
2026-09-15,15:29,PURVA,-1.016
2026-09-15,15:29,PVP,127.2325
2026-09-15,15:29,PVRINOX,6.9739
2026-09-15,15:29,PWL,3.7213
2026-09-15,15:29,QPOWER,17.0294
2026-09-15,15:29,QUADFUTURE,34.2568
2026-09-15,15:29,QUESS,-0.8549
2026-09-15,15:29,QUICKHEAL,-0.3076
2026-09-15,15:29,RACLGEAR,35.925
2026-09-15,15:29,RADHIKAJWE,5.9674
2026-09-15,15:29,RADICO,-2.2224
2026-09-15,15:29,RAINBOW,-5.9459
2026-09-15,15:29,RAJOOENG,2.8789
2026-09-15,15:29,RAJRATAN,-5.5307
2026-09-15,15:29,RAJRILTD,-1.1781
2026-09-15,15:29,RAMBHAJO,37.7993
2026-09-15,15:29,RAMCOIND,-4.1397
2026-09-15,15:29,RAMCOSYS,0.6827
2026-09-15,15:29,RAMRAT,19.9791
2026-09-15,15:29,RATNAMANI,13.475
2026-09-15,15:29,RATNAVEER,40.726
2026-09-15,15:29,RAYMOND,65.4402
2026-09-15,15:29,RBA,34.5817
2026-09-15,15:29,RBLBANK,6.2245
2026-09-15,15:29,RBZJEWEL,8.6272
2026-09-15,15:29,REDINGTON,8.9406
2026-09-15,15:29,RELIANCE,-6.3457
2026-09-15,15:29,RELIGARE,-5.1896
2026-09-15,15:29,RENUKA,5.1948
2026-09-15,15:29,RGL,31.4026
2026-09-15,15:29,RIIL,-6.6412
2026-09-15,15:29,RISHABH,19.8862
2026-09-15,15:29,RITCO,-3.2863
2026-09-15,15:29,RITES,-5.8274
2026-09-15,15:29,RKFORGE,1.035
2026-09-15,15:29,RMDRIP,26.2084
2026-09-15,15:29,RML,7.9039
2026-09-15,15:29,ROHLTD,-4.8757
2026-09-15,15:29,ROLEXRINGS,19.6765
2026-09-15,15:29,ROSSTECH,18.5831
2026-09-15,15:29,ROTO,-6.6242
2026-09-15,15:29,RPEL,30.2505
2026-09-15,15:29,RPGLIFE,-1.3784
2026-09-15,15:29,RSL,27.1118
2026-09-15,15:29,RUBICON,20.9755
2026-09-15,15:29,RUBYMILLS,16.9439
2026-09-15,15:29,SAFARI,-1.0335
2026-09-15,15:29,SAGILITY,3.9198
2026-09-15,15:29,SAIL,4.8485
2026-09-15,15:29,SAILIFE,15.6067
2026-09-15,15:29,SAKAR,23.3117
2026-09-15,15:29,SALSTEEL,23.1929
2026-09-15,15:29,SAMBHV,7.5025
2026-09-15,15:29,SANATHAN,-4.8267
2026-09-15,15:29,SANDESH,2.9507
2026-09-15,15:29,SANDHAR,-5.8029
2026-09-15,15:29,SANSERA,12.1354
2026-09-15,15:29,SANSTAR,-5.2118
2026-09-15,15:29,SAPPHIRE,18.61
2026-09-15,15:29,SARDAEN,-2.8768
2026-09-15,15:29,SAREGAMA,-5.5815
2026-09-15,15:29,SARLAPOLY,-4.7385
2026-09-15,15:29,SATIA,6.416
2026-09-15,15:29,SAYAJIHOTL,5.8901
2026-09-15,15:29,SBC,13.6699
2026-09-15,15:29,SBCL,33.6302
2026-09-15,15:29,SBFC,2.5521
2026-09-15,15:29,SCHAEFFLER,-3.755
2026-09-15,15:29,SCPL,-0.3993
2026-09-15,15:29,SDBL,-4.5932
2026-09-15,15:29,SEAMECLTD,19.1944
2026-09-15,15:29,SEDEMAC,7.2163
2026-09-15,15:29,SENORES,4.4861
2026-09-15,15:29,SESHAPAPER,2.0726
2026-09-15,15:29,SETL,59.6661
2026-09-15,15:29,SGIL,-0.2195
2026-09-15,15:29,SGMART,3.2678
2026-09-15,15:29,SHADOWFAX,0.1537
2026-09-15,15:29,SHAILY,4.1165
2026-09-15,15:29,SHALPAINTS,2.2247
2026-09-15,15:29,SHANTIGEAR,63.6747
2026-09-15,15:29,SHANTIGOLD,12.8774
2026-09-15,15:29,SHARDAMOTR,2.2854
2026-09-15,15:29,SHAREINDIA,9.107
2026-09-15,15:29,SHILPAMED,46.2433
2026-09-15,15:29,SHINDL,0.6984
2026-09-15,15:29,SHIVALIK,41.4016
2026-09-15,15:29,SHIVAUM,9.8003
2026-09-15,15:29,SHOPERSTOP,-1.2024
2026-09-15,15:29,SHREEJISPG,2.618
2026-09-15,15:29,SHREEPUSHK,23.5555
2026-09-15,15:29,SHREERAMA,9.5887
2026-09-15,15:29,SHRIPISTON,-5.5035
2026-09-15,15:29,SHYAMMETL,2.4778
2026-09-15,15:29,SIEMENS,-3.3333
2026-09-15,15:29,SIGACHI,18.4141
2026-09-15,15:29,SIGMAADV,21.3762
2026-09-15,15:29,SIGNPOST,-5.4821
2026-09-15,15:29,SIMPLEXINF,3.0598
2026-09-15,15:29,SINDHUTRAD,-3.9592
2026-09-15,15:29,SIRCA,-2.9139
2026-09-15,15:29,SIS,-2.3994
2026-09-15,15:29,SKFINDIA,0.1328
2026-09-15,15:29,SKFINDUS,5.045
2026-09-15,15:29,SKIPPER,-2.7315
2026-09-15,15:29,SKMEGGPROD,-4.3041
2026-09-15,15:29,SKYGOLD,14.0999
2026-09-15,15:29,SMARTWORKS,7.6923
2026-09-15,15:29,SMCGLOBAL,2.5019
2026-09-15,15:29,SMLMAH,14.4583
2026-09-15,15:29,SMSPHARMA,12.818
2026-09-15,15:29,SOFTTECH,13.6244
2026-09-15,15:29,SOLARA,38.7613
2026-09-15,15:29,SOLARINDS,3.1674
2026-09-15,15:29,SOMANYCERA,8.2122
2026-09-15,15:29,SONACOMS,0.6369
2026-09-15,15:29,SOTL,9.2366
2026-09-15,15:29,SOUTHBANK,-4.3977
2026-09-15,15:29,SPAL,-1.507
2026-09-15,15:29,SPECIALITY,4.1705
2026-09-15,15:29,SPECTRUM,24.5819
2026-09-15,15:29,SPIC,0.0594
2026-09-15,15:29,SPLPETRO,10.2598
2026-09-15,15:29,SREEL,46.274
2026-09-15,15:29,SRHHYPOLTD,0.6679
2026-09-15,15:29,SSWL,6.6541
2026-09-15,15:29,STAR,11.8717
2026-09-15,15:29,STEELCAS,-4.035
2026-09-15,15:29,STEL,5.6827
2026-09-15,15:29,STLNETWORK,50.4246
2026-09-15,15:29,STLTECH,45.76
2026-09-15,15:29,STOVEKRAFT,6.6393
2026-09-15,15:29,STYL,-2.1329
2026-09-15,15:29,STYLAMIND,-4.9754
2026-09-15,15:29,STYLEBAAZA,35.2455
2026-09-15,15:29,SUBEXLTD,59.0661
2026-09-15,15:29,SUDARCOLOR,1.5705
2026-09-15,15:29,SUDARSCHEM,10.7554
2026-09-15,15:29,SUDEEPPHRM,31.7082
2026-09-15,15:29,SUNCLAY,-0.2235
2026-09-15,15:29,SUNDARMFIN,-2.7689
2026-09-15,15:29,SUNDRMFAST,24.5709
2026-09-15,15:29,SUNDROP,-3.8411
2026-09-15,15:29,SUNPHARMA,-6.5444
2026-09-15,15:29,SUPRAJIT,-6.3683
2026-09-15,15:29,SUPREMEIND,-6.5156
2026-09-15,15:29,SUPREMEINF,-3.291
2026-09-15,15:29,SUPRIYA,-0.5343
2026-09-15,15:29,SURAKSHA,28.1436
2026-09-15,15:29,SUTLEJTEX,0.6574
2026-09-15,15:29,SUVEN,8.5449
2026-09-15,15:29,SVLL,7.333
2026-09-15,15:29,SWANCORP,-5.6738
2026-09-15,15:29,SWANDEF,4.8789
2026-09-15,15:29,SWARAJENG,-1.6912
2026-09-15,15:29,SWIGGY,-4.5139
2026-09-15,15:29,SYNGENE,-5.8056
2026-09-15,15:29,SYRMA,10.8114
2026-09-15,15:29,SYSTMTXC,17.8844
2026-09-15,15:29,TAALTECH,25.8133
2026-09-15,15:29,TALBROAUTO,0.8739
2026-09-15,15:29,TARIL,-5.9391
2026-09-15,15:29,TARSONS,-4.4896
2026-09-15,15:29,TASTYBITE,5.2704
2026-09-15,15:29,TATACAP,-3.1254
2026-09-15,15:29,TATACHEM,8.9306
2026-09-15,15:29,TATACOMM,-1.792
2026-09-15,15:29,TATAINVEST,6.1627
2026-09-15,15:29,TATAPOWER,-4.9738
2026-09-15,15:29,TATASTEEL,-3.8482
2026-09-15,15:29,TATATECH,-0.5892
2026-09-15,15:29,TBOTEK,2.4878
2026-09-15,15:29,TBZ,82.2906
2026-09-15,15:29,TCPLPACK,13.5751
2026-09-15,15:29,TDPOWERSYS,30.4387
2026-09-15,15:29,TEAMLEASE,-0.8227
2026-09-15,15:29,TECHM,-4.433
2026-09-15,15:29,TECHNOE,-4.8829
2026-09-15,15:29,TECHNVISN,2.8078
2026-09-15,15:29,TEGA,5.2529
2026-09-15,15:29,TEJASNET,0.3176
2026-09-15,15:29,TENNIND,-5.8208
2026-09-15,15:29,TEXINFRA,0.1229
2026-09-15,15:29,TEXRAIL,-1.9485
2026-09-15,15:29,TFCILTD,30.8275
2026-09-15,15:29,THANGAMAYL,-1.0774
2026-09-15,15:29,THEINVEST,-4.9886
2026-09-15,15:29,THEJO,0.2812
2026-09-15,15:29,THELEELA,4.1152
2026-09-15,15:29,THEMISMED,13.5532
2026-09-15,15:29,THOMASCOOK,-3.5278
2026-09-15,15:29,TI,9.6501
2026-09-15,15:29,TIIL,19.0397
2026-09-15,15:29,TIL,-5.8869
2026-09-15,15:29,TIMEX,10.2686
2026-09-15,15:29,TIMKEN,-2.018
2026-09-15,15:29,TIPSMUSIC,-4.2698
2026-09-15,15:29,TIRUPATIFL,-6.2654
2026-09-15,15:29,TITAGARH,-5.541
2026-09-15,15:29,TITAN,-2.88
2026-09-15,15:29,TMB,0.7893
2026-09-15,15:29,TMCV,-5.6022
2026-09-15,15:29,TNPETRO,28.4722
2026-09-15,15:29,TNPL,-1.6077
2026-09-15,15:29,TORNTPHARM,-3.9604
2026-09-15,15:29,TORNTPOWER,-6.5244
2026-09-15,15:29,TRANSPEK,-5.5002
2026-09-15,15:29,TREL,6.3715
2026-09-15,15:29,TRIVENI,6.0913
2026-09-15,15:29,TRUALT,-5.9838
2026-09-15,15:29,TSFINV,-2.4983
2026-09-15,15:29,TTKHLTCARE,2.4209
2026-09-15,15:29,TURTLEMINT,11.457
2026-09-15,15:29,TVSSRICHAK,24.3888
2026-09-15,15:29,UDS,-4.3774
2026-09-15,15:29,UEL,16.8428
2026-09-15,15:29,UFBL,-3.0409
2026-09-15,15:29,UFLEX,31.9025
2026-09-15,15:29,UGARSUGAR,25.047
2026-09-15,15:29,ULTRAMAR,8.0478
2026-09-15,15:29,UNICHEMLAB,2.7313
2026-09-15,15:29,UNIECOM,-4.6514
2026-09-15,15:29,UNIMECH,22.1226
2026-09-15,15:29,UNIONBANK,0.5747
2026-09-15,15:29,UNIPARTS,17.391
2026-09-15,15:29,UNITEDPOLY,43.7941
2026-09-15,15:29,UNIVASTU,3.858
2026-09-15,15:29,UNIVCABLES,-1.0127
2026-09-15,15:29,UNIVPHOTO,17.9746
2026-09-15,15:29,UNOMINDA,-4.157
2026-09-15,15:29,URBANCO,8.229
2026-09-15,15:29,USHAMART,-4.7218
2026-09-15,15:29,UTIAMC,-0.5078
2026-09-15,15:29,UTLSOLAR,8.374
2026-09-15,15:29,UTTAMSUGAR,6.7374
2026-09-15,15:29,V2RETAIL,-2.9821
2026-09-15,15:29,VADILALIND,-4.3635
2026-09-15,15:29,VALIANTLAB,98.6232
2026-09-15,15:29,VALIANTORG,38.6964
2026-09-15,15:29,VARROC,21.7062
2026-09-15,15:29,VEDL,-3.8354
2026-09-15,15:29,VEEDOL,-2.1031
2026-09-15,15:29,VELJAN,9.5497
2026-09-15,15:29,VENKEYS,9.4952
2026-09-15,15:29,VENUSPIPES,24.1194
2026-09-15,15:29,VENUSREM,-2.443
2026-09-15,15:29,VGUARD,2.2879
2026-09-15,15:29,VHL,-0.6481
2026-09-15,15:29,VIDHIING,-5.9402
2026-09-15,15:29,VIJAYA,6.6248
2026-09-15,15:29,VIMTALABS,-0.6692
2026-09-15,15:29,VINATIORGA,-4.6633
2026-09-15,15:29,VINCOFE,9.2854
2026-09-15,15:29,VINDHYATEL,9.8489
2026-09-15,15:29,VIPIND,-6.2339
2026-09-15,15:29,VISAKAIND,1.7013
2026-09-15,15:29,VISHNU,13.8569
2026-09-15,15:29,VISL,-6.5211
2026-09-15,15:29,VIVIANA,-0.9751
2026-09-15,15:29,VIYASH,-6.3709
2026-09-15,15:29,VMART,1.5297
2026-09-15,15:29,VOEPL,-0.6921
2026-09-15,15:29,VOGL,-1.1635
2026-09-15,15:29,VOLTAMP,5.738
2026-09-15,15:29,VRLLOG,4.2264
2026-09-15,15:29,VSSL,27.9934
2026-09-15,15:29,WAAREEENER,-4.5217
2026-09-15,15:29,WABAG,4.5427
2026-09-15,15:29,WAKEFIT,14.2714
2026-09-15,15:29,WCIL,1.0721
2026-09-15,15:29,WELCORP,40.6926
2026-09-15,15:29,WELENT,21.5657
2026-09-15,15:29,WELINV,21.7177
2026-09-15,15:29,WELSPLSOL,5.4997
2026-09-15,15:29,WELSPUNLIV,30.3951
2026-09-15,15:29,WENDT,4.5576
2026-09-15,15:29,WESTLIFE,4.6875
2026-09-15,15:29,WHEELS,50.392
2026-09-15,15:29,WINDLAS,26.5441
2026-09-15,15:29,WINDMACHIN,6.9916
2026-09-15,15:29,WOCKPHARMA,1.76
2026-09-15,15:29,WONDERLA,5.9769
2026-09-15,15:29,WPIL,-6.0094
2026-09-15,15:29,WSTCSTPAPR,25.3603
2026-09-15,15:29,XCHANGING,-4.6563
2026-09-15,15:29,XPROINDIA,-2.6558
2026-09-15,15:29,XTRANET,122.6353
2026-09-15,15:29,YASHO,-0.036
2026-09-15,15:29,YATHARTH,17.7289
2026-09-15,15:29,YATRA,0.3066
2026-09-15,15:29,YESBANK,0.3043
2026-09-15,15:29,YUKEN,49.9583
2026-09-15,15:29,ZENTEC,-1.0565
2026-09-15,15:29,ZFCVINDIA,2.6023
2026-09-15,15:29,ZFSTEERING,12.2312
2026-09-15,15:29,ZIMLAB,20.1205
2026-09-15,15:29,ZUARIIND,2.2942
2026-09-15,15:29,ZYDUSLIFE,-1.9625
2026-09-15,15:29,ZYDUSWELL,-1.7683
2026-09-16,15:29,20MICRONS,3.3093
2026-09-16,15:29,3BBLACKBIO,4.3682
2026-09-16,15:29,63MOONS,-1.8572
2026-09-16,15:29,AARTIDRUGS,2.4755
2026-09-16,15:29,AARTIIND,-1.8474
2026-09-16,15:29,AARTIPHARM,17.8261
2026-09-16,15:29,ABBOTINDIA,-6.1096
2026-09-16,15:29,ABDL,3.9656
2026-09-16,15:29,ABSLAMC,6.3078
2026-09-16,15:29,ACCELYA,-2.0105
2026-09-16,15:29,ACE,4.6514
2026-09-16,15:29,ACMESOLAR,9.5244
2026-09-16,15:29,ACUTAAS,3.7341
2026-09-16,15:29,ADANIENT,-4.2623
2026-09-16,15:29,ADANIPORTS,1.0019
2026-09-16,15:29,ADANIPOWER,-3.6247
2026-09-16,15:29,ADFFOODS,-2.2324
2026-09-16,15:29,ADOR,1.6812
2026-09-16,15:29,AEGISLOG,1.7159
2026-09-16,15:29,AEGISVOPAK,0.2701
2026-09-16,15:29,AEQUS,-4.3806
2026-09-16,15:29,AEROFLEX,3.7301
2026-09-16,15:29,AETHER,1.5713
2026-09-16,15:29,AFSL,-0.1242
2026-09-16,15:29,AGARWALEYE,2.3303
2026-09-16,15:29,AGI,0.3638
2026-09-16,15:29,AHCL,37.5429
2026-09-16,15:29,AHLWEST,2.0481
2026-09-16,15:29,AIIL,-5.2994
2026-09-16,15:29,AJANTPHARM,-0.4596
2026-09-16,15:29,AJAXENGG,-4.5891
2026-09-16,15:29,AKCAPIT,-0.7464
2026-09-16,15:29,AKUMS,15.6728
2026-09-16,15:29,ALEMBICLTD,11.7448
2026-09-16,15:29,ALGOQUANT,-5.2639
2026-09-16,15:29,ALICON,-0.9355
2026-09-16,15:29,ALIVUS,2.6052
2026-09-16,15:29,ALKYLAMINE,-5.1062
2026-09-16,15:29,ALLDIGI,-2.5335
2026-09-16,15:29,ALLTIME,-6.7871
2026-09-16,15:29,AMANTA,11.8881
2026-09-16,15:29,AMBER,-6.288
2026-09-16,15:29,AMRUTANJAN,-5.3008
2026-09-16,15:29,ANANDRATHI,8.4661
2026-09-16,15:29,ANDHRAPAP,18.3726
2026-09-16,15:29,ANDHRSUGAR,7.1109
2026-09-16,15:29,ANGELONE,-2.2807
2026-09-16,15:29,ANTELOPUS,37.2824
2026-09-16,15:29,ANTHEM,10.888
2026-09-16,15:29,ANUHPHR,10.984
2026-09-16,15:29,ANURAS,-2.9727
2026-09-16,15:29,APARINDS,10.6395
2026-09-16,15:29,APLAPOLLO,10.4167
2026-09-16,15:29,APLLTD,1.9644
2026-09-16,15:29,APOLLOHOSP,-3.9061
2026-09-16,15:29,APOLLOPIPE,-3.4986
2026-09-16,15:29,APOLLOTYRE,-6.0226
2026-09-16,15:29,ARFIN,-4.1169
2026-09-16,15:29,ARIES,40.9264
2026-09-16,15:29,ARIHANTCAP,3.2072
2026-09-16,15:29,ARMANFIN,-6.2688
2026-09-16,15:29,ARROWGREEN,20.4393
2026-09-16,15:29,ARSSBL,-3.5704
2026-09-16,15:29,ARTEMISMED,7.7879
2026-09-16,15:29,ARVIND,0.1279
2026-09-16,15:29,ARVINDFASN,-6.627
2026-09-16,15:29,ASAHIINDIA,5.9911
2026-09-16,15:29,ASIANENE,18.319
2026-09-16,15:29,ASIANHOTNR,28.8509
2026-09-16,15:29,ASIANTILES,-5.9699
2026-09-16,15:29,ASKAUTOLTD,12.0805
2026-09-16,15:29,ASTAR,-3.8003
2026-09-16,15:29,ASTEC,6.3801
2026-09-16,15:29,ASTRAL,-4.5235
2026-09-16,15:29,ATHERENERG,8.0736
2026-09-16,15:29,ATL,2.5322
2026-09-16,15:29,ATLANTAELE,2.5403
2026-09-16,15:29,AUBANK,-2.4363
2026-09-16,15:29,AUROPHARMA,3.6005
2026-09-16,15:29,AURUM,1.665
2026-09-16,15:29,AVADHSUGAR,18.0717
2026-09-16,15:29,AVALON,22.7484
2026-09-16,15:29,AVL,-2.1753
2026-09-16,15:29,AVTNPL,21.0222
2026-09-16,15:29,AWFIS,-0.7141
2026-09-16,15:29,AWL,-4.5385
2026-09-16,15:29,AXISBANK,-1.6484
2026-09-16,15:29,AXISCADES,6.3984
2026-09-16,15:29,AYE,7.3613
2026-09-16,15:29,AYMSYNTEX,5.678
2026-09-16,15:29,AZAD,8.7306
2026-09-16,15:29,BAFNAPH,12.9592
2026-09-16,15:29,BAJAJ-AUTO,-0.0603
2026-09-16,15:29,BAJAJHCARE,-4.3206
2026-09-16,15:29,BAJAJHFL,-4.7641
2026-09-16,15:29,BAJAJHLDNG,-4.7495
2026-09-16,15:29,BAJEL,-5.3333
2026-09-16,15:29,BALAJITELE,8.2002
2026-09-16,15:29,BALAMINES,7.7648
2026-09-16,15:29,BALRAMCHIN,3.6284
2026-09-16,15:29,BALUFORGE,9.967
2026-09-16,15:29,BANARISUG,-6.1257
2026-09-16,15:29,BANDHANBNK,-0.6336
2026-09-16,15:29,BANKBARODA,-4.0898
2026-09-16,15:29,BANKINDIA,-1.8727
2026-09-16,15:29,BANSALWIRE,-2.3991
2026-09-16,15:29,BBOX,1.7599
2026-09-16,15:29,BBTC,-5.9109
2026-09-16,15:29,BECTORFOOD,4.8581
2026-09-16,15:29,BEEKAY,7.7614
2026-09-16,15:29,BEL,-1.4687
2026-09-16,15:29,BELRISE,-4.5727
2026-09-16,15:29,BEML,17.8221
2026-09-16,15:29,BENGALASM,1.007
2026-09-16,15:29,BEPL,1.6105
2026-09-16,15:29,BHAGERIA,43.0927
2026-09-16,15:29,BHAGYANGR,11.7608
2026-09-16,15:29,BHARATCOAL,-5.7602
2026-09-16,15:29,BHEL,-0.3277
2026-09-16,15:29,BIL,29.2485
2026-09-16,15:29,BIRLACABLE,70.2492
2026-09-16,15:29,BIRLANU,2.3463
2026-09-16,15:29,BLACKBUCK,13.2754
2026-09-16,15:29,BLACKROSE,-6.4689
2026-09-16,15:29,BLAL,-6.6932
2026-09-16,15:29,BLIL,-4.8474
2026-09-16,15:29,BLISSGVS,38.9484
2026-09-16,15:29,BLKASHYAP,-5.73
2026-09-16,15:29,BLSE,4.0139
2026-09-16,15:29,BLUEJET,-2.9207
2026-09-16,15:29,BLUESTONE,0.8542
2026-09-16,15:29,BLUSPRING,11.6433
2026-09-16,15:29,BODALCHEM,138.2692
2026-09-16,15:29,BORANA,-5
2026-09-16,15:29,BOROLTD,2.8724
2026-09-16,15:29,BOSCH-HCIL,16.3123
2026-09-16,15:29,BOSCHLTD,15.4248
2026-09-16,15:29,BPCL,-6.3735
2026-09-16,15:29,BRIGADE,8.0403
2026-09-16,15:29,BSHSL,-3.0421
2026-09-16,15:29,BUILDPRO,-4.9933
2026-09-16,15:29,CAMPUS,-5.4967
2026-09-16,15:29,CANBK,-3.75
2026-09-16,15:29,CANFINHOME,-4.674
2026-09-16,15:29,CANHLIFE,3.5383
2026-09-16,15:29,CANTABIL,-3.5948
2026-09-16,15:29,CAPLIPOINT,0.4316
2026-09-16,15:29,CARBORUNIV,-2.4942
2026-09-16,15:29,CARERATING,-4.4466
2026-09-16,15:29,CARTRADE,2.8481
2026-09-16,15:29,CARYSIL,-5.0755
2026-09-16,15:29,CASTROLIND,0.9516
2026-09-16,15:29,CCL,-5.0357
2026-09-16,15:29,CDSL,-3.0597
2026-09-16,15:29,CEIGALL,13.8149
2026-09-16,15:29,CELLO,-6.2201
2026-09-16,15:29,CENTRALBK,-2.6897
2026-09-16,15:29,CENTUM,15.614
2026-09-16,15:29,CENTURYPLY,-6.4457
2026-09-16,15:29,CGCL,12.2311
2026-09-16,15:29,CGPOWER,-3.2385
2026-09-16,15:29,CHALET,2.2346
2026-09-16,15:29,CHEMBONDCH,18.1747
2026-09-16,15:29,CHEMCON,9.7315
2026-09-16,15:29,CHEMFAB,-3.595
2026-09-16,15:29,CHENNPETRO,9.8288
2026-09-16,15:29,CHEVIOT,3.936
2026-09-16,15:29,CHOLAFIN,-5.8347
2026-09-16,15:29,CHOLAHLDNG,-2.167
2026-09-16,15:29,CIFL,-4.4013
2026-09-16,15:29,CLEAN,5.8679
2026-09-16,15:29,CLEANMAX,-3.0075
2026-09-16,15:29,CLSEL,2.7917
2026-09-16,15:29,COALINDIA,1.1135
2026-09-16,15:29,COFORGE,0.9601
2026-09-16,15:29,COHANCE,1.8946
2026-09-16,15:29,COMSYN,39.6588
2026-09-16,15:29,CONCOR,-5.0874
2026-09-16,15:29,CONCORDBIO,2.3803
2026-09-16,15:29,CONFIPET,5.4825
2026-09-16,15:29,CONSOFINVT,-0.4106
2026-09-16,15:29,CONTROLPR,2.8606
2026-09-16,15:29,CORDELIA,31.9873
2026-09-16,15:29,CORONA,-0.7455
2026-09-16,15:29,COSMOFIRST,-4.8029
2026-09-16,15:29,CPPLUS,1.386
2026-09-16,15:29,CRAFTSMAN,8.5012
2026-09-16,15:29,CREST,-6.8091
2026-09-16,15:29,CRISIL,5.0858
2026-09-16,15:29,CSBBANK,-0.3486
2026-09-16,15:29,CUB,12.791
2026-09-16,15:29,CUPID,17.652
2026-09-16,15:29,CYIENT,21.5422
2026-09-16,15:29,CYIENTDLM,29.9476
2026-09-16,15:29,DABUR,-6.7497
2026-09-16,15:29,DALMIASUG,-4.7607
2026-09-16,15:29,DATAPATTNS,-5.1156
2026-09-16,15:29,DBOL,4.8636
2026-09-16,15:29,DCBBANK,14.6715
2026-09-16,15:29,DCMSHRIRAM,-3.9349
2026-09-16,15:29,DCW,-5.2045
2026-09-16,15:29,DECCANCE,-2.2885
2026-09-16,15:29,DECNGOLD,10.6393
2026-09-16,15:29,DEEDEV,-3.512
2026-09-16,15:29,DEEPINDS,12.4083
2026-09-16,15:29,DEN,-3.647
2026-09-16,15:29,DEVYANI,14.1461
2026-09-16,15:29,DHAMPURSUG,0.8984
2026-09-16,15:29,DHANUKA,-4.5878
2026-09-16,15:29,DHARMAJ,0.5787
2026-09-16,15:29,DHUNINV,10.4243
2026-09-16,15:29,DIACABS,24.763
2026-09-16,15:29,DIAMONDYD,-5.9155
2026-09-16,15:29,DICIND,18.8858
2026-09-16,15:29,DIFFNKG,1.1801
2026-09-16,15:29,DISAQ,-5.7979
2026-09-16,15:29,DIVGIITTS,16.4716
2026-09-16,15:29,DIVISLAB,9.3101
2026-09-16,15:29,DIXON,-5.7692
2026-09-16,15:29,DLF,-3.2017
2026-09-16,15:29,DLINKINDIA,-5.2799
2026-09-16,15:29,DODLA,1.9067
2026-09-16,15:29,DOLATALGO,-0.6333
2026-09-16,15:29,DOLLAR,-1.5861
2026-09-16,15:29,DOLPHIN,57.828
2026-09-16,15:29,DRAGARWQ,3.7099
2026-09-16,15:29,DRREDDY,-2.7801
2026-09-16,15:29,DVL,10.8605
2026-09-16,15:29,DWARKESH,-0.5332
2026-09-16,15:29,DYCL,8.712
2026-09-16,15:29,DYNAMATECH,12.3233
2026-09-16,15:29,E2E,5.1916
2026-09-16,15:29,EBGNG,26.9643
2026-09-16,15:29,ECLERX,2.1884
2026-09-16,15:29,EDELWEISS,7.6988
2026-09-16,15:29,EICHERMOT,-5.482
2026-09-16,15:29,EIFFL,-4.9446
2026-09-16,15:29,EIMCOELECO,21.5231
2026-09-16,15:29,ELANTAS,36.0883
2026-09-16,15:29,ELCIDIN,-3.4215
2026-09-16,15:29,ELDEHSG,-1.6684
2026-09-16,15:29,ELECON,-5.1682
2026-09-16,15:29,ELECTCAST,3.8564
2026-09-16,15:29,ELGIEQUIP,0.2199
2026-09-16,15:29,ELPROINTL,-3.0129
2026-09-16,15:29,EMAMILTD,-5.7427
2026-09-16,15:29,EMAMIPAP,-1.3791
2026-09-16,15:29,EMCURE,-2.3356
2026-09-16,15:29,EMIL,35.8639
2026-09-16,15:29,EMKAY,-1.9227
2026-09-16,15:29,EMMVEE,-0.5564
2026-09-16,15:29,EMUDHRA,24.9611
2026-09-16,15:29,ENGINERSIN,15.9011
2026-09-16,15:29,ENTERO,40.6595
2026-09-16,15:29,EPIGRAL,-1.5172
2026-09-16,15:29,EPL,2.7184
2026-09-16,15:29,EQUITASBNK,-3.7706
2026-09-16,15:29,ERIS,-5.0838
2026-09-16,15:29,ESABINDIA,0.6652
2026-09-16,15:29,ESTER,-1.1009
2026-09-16,15:29,ETERNAL,1.4725
2026-09-16,15:29,EVEREADY,-5.7171
2026-09-16,15:29,EXCELSOFT,-1.8967
2026-09-16,15:29,EXICOM,-1.8991
2026-09-16,15:29,EXPLEOSOL,8.0963
2026-09-16,15:29,FABTECH,-3.8865
2026-09-16,15:29,FCL,38.0593
2026-09-16,15:29,FEDDERSHOL,21.7006
2026-09-16,15:29,FEDERALBNK,-5.6973
2026-09-16,15:29,FEDFINA,0.9847
2026-09-16,15:29,FILATEX,11.9353
2026-09-16,15:29,FINCABLES,37.186
2026-09-16,15:29,FINEORG,5.3454
2026-09-16,15:29,FINKURVE,21.6297
2026-09-16,15:29,FIVESTAR,0.8536
2026-09-16,15:29,FLUOROCHEM,-1.717
2026-09-16,15:29,FMGOETZE,-5.0069
2026-09-16,15:29,FORCEMOT,-5.4141
2026-09-16,15:29,FORTIS,-6.7003
2026-09-16,15:29,FOSECOIND,30.0874
2026-09-16,15:29,GAIL,-2.4857
2026-09-16,15:29,GALAXYSURF,8.8711
2026-09-16,15:29,GANDHAR,9.6781
2026-09-16,15:29,GANDHITUBE,0.0666
2026-09-16,15:29,GANESHBE,-0.067
2026-09-16,15:29,GANESHHOU,-4.8619
2026-09-16,15:29,GARFIBRES,3.3566
2026-09-16,15:29,GARUDA,1.4937
2026-09-16,15:29,GAYAPROJ,26.3988
2026-09-16,15:29,GCSL,17.0422
2026-09-16,15:29,GEECEE,1.4227
2026-09-16,15:29,GENESYS,28.0235
2026-09-16,15:29,GENUSPOWER,-4.5879
2026-09-16,15:29,GEOJITFSL,-1.6247
2026-09-16,15:29,GESHIP,-3.0176
2026-09-16,15:29,GFLLIMITED,12.9833
2026-09-16,15:29,GHCL,-5.8976
2026-09-16,15:29,GHCLTEXTIL,6.5126
2026-09-16,15:29,GICRE,-6.1023
2026-09-16,15:29,GILLETTE,-5.0444
2026-09-16,15:29,GIPCL,14.1219
2026-09-16,15:29,GKSL,32.0031
2026-09-16,15:29,GLAND,9.4267
2026-09-16,15:29,GLAXO,7.9033
2026-09-16,15:29,GLENMARK,8.3146
2026-09-16,15:29,GLOBAL,25.3428
2026-09-16,15:29,GLOBUSSPR,-5.8252
2026-09-16,15:29,GMBREW,1.3211
2026-09-16,15:29,GMDCLTD,-2.2752
2026-09-16,15:29,GMMPFAUDLR,57.485
2026-09-16,15:29,GMRP&UI,-4.1662
2026-09-16,15:29,GNA,2.7239
2026-09-16,15:29,GNFC,3.848
2026-09-16,15:29,GNRL,5.0268
2026-09-16,15:29,GOCLCORP,4.069
2026-09-16,15:29,GOCOLORS,-5.1398
2026-09-16,15:29,GODIGIT,-4.7095
2026-09-16,15:29,GODREJAGRO,14.9312
2026-09-16,15:29,GOKULAGRO,-5.4907
2026-09-16,15:29,GOODLUCK,1.9031
2026-09-16,15:29,GPIL,-3.3591
2026-09-16,15:29,GPPL,6.8775
2026-09-16,15:29,GPTHEALTH,0.703
2026-09-16,15:29,GPTINFRA,-1.6219
2026-09-16,15:29,GRANULES,1.199
2026-09-16,15:29,GRAPHITE,13.3793
2026-09-16,15:29,GRASIM,1.5615
2026-09-16,15:29,GRAUWEIL,2.5226
2026-09-16,15:29,GRAVITA,-2.1645
2026-09-16,15:29,GREENLAM,-6.7985
2026-09-16,15:29,GREENPLY,-2.2771
2026-09-16,15:29,GROWW,-0.8206
2026-09-16,15:29,GRPLTD,-0.4526
2026-09-16,15:29,GTPL,-6.7085
2026-09-16,15:29,GUFICBIO,5.7424
2026-09-16,15:29,GUJALKALI,1.902
2026-09-16,15:29,GUJTHEM,16.6525
2026-09-16,15:29,GVT&D,-1.5277
2026-09-16,15:29,GYFTR,11.6957
2026-09-16,15:29,HAL,1.3074
2026-09-16,15:29,HALDYNGL,6.291
2026-09-16,15:29,HAPPYFORGE,26.5645
2026-09-16,15:29,HARSHA,5.3663
2026-09-16,15:29,HATSUN,36.1903
2026-09-16,15:29,HAWKINCOOK,-3.1462
2026-09-16,15:29,HBLENGINE,-3.3667
2026-09-16,15:29,HCC,-3.663
2026-09-16,15:29,HCG,0.2826
2026-09-16,15:29,HDBFS,-0.0811
2026-09-16,15:29,HDFCBANK,-2.7628
2026-09-16,15:29,HDFCLIFE,-1.0729
2026-09-16,15:29,HEALTHX,-5.8731
2026-09-16,15:29,HEG,-4.9797
2026-09-16,15:29,HERITGFOOD,21.7851
2026-09-16,15:29,HEROMOTOCO,-5.6417
2026-09-16,15:29,HEXAGON,-4.2658
2026-09-16,15:29,HEXATRADEX,-3.5289
2026-09-16,15:29,HFCL,4.9956
2026-09-16,15:29,HIKAL,-1.8202
2026-09-16,15:29,HINDALCO,-4.6373
2026-09-16,15:29,HINDCOPPER,-2.1834
2026-09-16,15:29,HINDOILEXP,11.7345
2026-09-16,15:29,HINDUNILVR,-6.4155
2026-09-16,15:29,HINDZINC,0.8172
2026-09-16,15:29,HITECHCORP,2.6876
2026-09-16,15:29,HITECHGEAR,-6.6785
2026-09-16,15:29,HLEGLAS,-1.4423
2026-09-16,15:29,HMAAGRO,10.7692
2026-09-16,15:29,HMT,2.9147
2026-09-16,15:29,HNDFDS,3.3399
2026-09-16,15:29,HOMEFIRST,0.5301
2026-09-16,15:29,HONASA,2.155
2026-09-16,15:29,HUBTOWN,-6.4939
2026-09-16,15:29,HYUNDAI,-2.9279
2026-09-16,15:29,IBULLSLTD,4.0477
2026-09-16,15:29,ICICIAMC,0.7344
2026-09-16,15:29,ICICIBANK,-6.586
2026-09-16,15:29,ICIL,2.9065
2026-09-16,15:29,IDBI,-1.8924
2026-09-16,15:29,IDFCFIRSTB,-1.1512
2026-09-16,15:29,IFCI,-1.1067
2026-09-16,15:29,IGL,-3.3522
2026-09-16,15:29,IGPL,5.8345
2026-09-16,15:29,IIFL,-3.6123
2026-09-16,15:29,IIFLCAPS,0.209
2026-09-16,15:29,IKIO,1.4154
2026-09-16,15:29,IKS,-5.087
2026-09-16,15:29,IL&FSENGG,13.5666
2026-09-16,15:29,IMAGICAA,8.809
2026-09-16,15:29,IMPAL,-4.5784
2026-09-16,15:29,INDGN,3.5124
2026-09-16,15:29,INDHOTEL,-4.88
2026-09-16,15:29,INDIAGLYCO,14.3373
2026-09-16,15:29,INDIAMART,-3.8596
2026-09-16,15:29,INDIANB,-0.5917
2026-09-16,15:29,INDIGOPNTS,-0.6978
2026-09-16,15:29,INDIQUBE,16.4137
2026-09-16,15:29,INDNIPPON,4.8605
2026-09-16,15:29,INDOAMIN,-2.5113
2026-09-16,15:29,INDOBORAX,16.2383
2026-09-16,15:29,INDOCO,13.6059
2026-09-16,15:29,INDOMIM,22.9659
2026-09-16,15:29,INDORAMA,32.7955
2026-09-16,15:29,INDOSTAR,-5.0902
2026-09-16,15:29,INDOTECH,-5.1378
2026-09-16,15:29,INDPRUD,-4.9794
2026-09-16,15:29,INDRAMEDCO,-3.7522
2026-09-16,15:29,INDSWFTLAB,58.0731
2026-09-16,15:29,INDUSTOWER,-3.6923
2026-09-16,15:29,INGERRAND,-3.1694
2026-09-16,15:29,INNOVACAP,20.3249
2026-09-16,15:29,INOXGREEN,-2.9054
2026-09-16,15:29,INOXINDIA,4.0759
2026-09-16,15:29,INOXWIND,-5.9462
2026-09-16,15:29,INVPRECQ,18.9394
2026-09-16,15:29,IOB,-6.4159
2026-09-16,15:29,IOC,-4.8376
2026-09-16,15:29,IOLCP,26.5578
2026-09-16,15:29,IONEXCHANG,0.3886
2026-09-16,15:29,IPCALAB,15.1059
2026-09-16,15:29,IPL,-5.4362
2026-09-16,15:29,IRISDOREME,9.2582
2026-09-16,15:29,IRMENERGY,-3.0998
2026-09-16,15:29,J&KBANK,-6.4318
2026-09-16,15:29,JAGRAN,-2.8562
2026-09-16,15:29,JAGSNPHARM,-3.4757
2026-09-16,15:29,JAIBALAJI,1.1209
2026-09-16,15:29,JARO,2.3177
2026-09-16,15:29,JASH,-1.2323
2026-09-16,15:29,JAYAGROGN,4.0514
2026-09-16,15:29,JAYKAY,-4.0305
2026-09-16,15:29,JAYNECOIND,-0.5805
2026-09-16,15:29,JGCHEM,15.2546
2026-09-16,15:29,JINDALPHOT,5.5415
2026-09-16,15:29,JINDALPOLY,18.822
2026-09-16,15:29,JINDALSAW,6.3729
2026-09-16,15:29,JINDALSTEL,-1.8683
2026-09-16,15:29,JINDRILL,-3.1174
2026-09-16,15:29,JINDWORLD,23.2698
2026-09-16,15:29,JISLJALEQS,-5.9832
2026-09-16,15:29,JKIL,-2.5854
2026-09-16,15:29,JKPAPER,9.0398
2026-09-16,15:29,JMFINANCIL,-2.5247
2026-09-16,15:29,JNKINDIA,-5.1479
2026-09-16,15:29,JSL,-0.6525
2026-09-16,15:29,JSWDULUX,2.9874
2026-09-16,15:29,JSWINFRA,-1.1238
2026-09-16,15:29,JSWSTEEL,-3.9308
2026-09-16,15:29,JTLIND,7.2787
2026-09-16,15:29,JUBLCPL,11.3685
2026-09-16,15:29,JUBLFOOD,1.2903
2026-09-16,15:29,JUBLPHARMA,7.4779
2026-09-16,15:29,JUNIPER,9.3637
2026-09-16,15:29,JUSTDIAL,-4.27
2026-09-16,15:29,JYOTHYLAB,-3.2193
2026-09-16,15:29,JYOTICNC,14.129
2026-09-16,15:29,KABRAEXTRU,52.2851
2026-09-16,15:29,KAJARIACER,1.5111
2026-09-16,15:29,KALYANKJIL,-1.7754
2026-09-16,15:29,KAMATHOTEL,21.4583
2026-09-16,15:29,KAMDHENU,12.3879
2026-09-16,15:29,KANORICHEM,31.2715
2026-09-16,15:29,KANPRPLA,25.7866
2026-09-16,15:29,KAPSTON,8.1312
2026-09-16,15:29,KARURVYSYA,-1.9476
2026-09-16,15:29,KCP,3.4699
2026-09-16,15:29,KDDL,4.5499
2026-09-16,15:29,KENNAMET,37.8278
2026-09-16,15:29,KFINTECH,-6.3175
2026-09-16,15:29,KILITCH,-0.7881
2026-09-16,15:29,KIMS,-3.6751
2026-09-16,15:29,KINGFA,13.8081
2026-09-16,15:29,KIRANVYPAR,1.1935
2026-09-16,15:29,KIRIINDUS,22.603
2026-09-16,15:29,KIRLFER,1.4543
2026-09-16,15:29,KIRLOSIND,-4.4406
2026-09-16,15:29,KIRLPNU,-4.0508
2026-09-16,15:29,KISSHT,11.3766
2026-09-16,15:29,KLBRENG-B,10.2466
2026-09-16,15:29,KMEW,6.9702
2026-09-16,15:29,KNRCON,-4.9988
2026-09-16,15:29,KOLTEPATIL,7.8015
2026-09-16,15:29,KOPRAN,37.9774
2026-09-16,15:29,KOTAKBANK,4.2714
2026-09-16,15:29,KOVAI,3.8553
2026-09-16,15:29,KPIL,8.6895
2026-09-16,15:29,KPL,29.7256
2026-09-16,15:29,KPRMILL,6.0626
2026-09-16,15:29,KRBL,7.1215
2026-09-16,15:29,KRISHANA,1.3184
2026-09-16,15:29,KRN,20.1989
2026-09-16,15:29,KRONOX,5.9939
2026-09-16,15:29,KROSS,8.8587
2026-09-16,15:29,KRSNAA,-4.5806
2026-09-16,15:29,KRYSTAL,9.1666
2026-09-16,15:29,KSHINTL,16.49
2026-09-16,15:29,KSL,9.3122
2026-09-16,15:29,KTKBANK,7.4819
2026-09-16,15:29,KUANTUM,-4.6725
2026-09-16,15:29,KWIL,26.3995
2026-09-16,15:29,LALPATHLAB,0.3334
2026-09-16,15:29,LASERPOWER,-5.7923
2026-09-16,15:29,LAURUSLABS,3
2026-09-16,15:29,LCL,0.886
2026-09-16,15:29,LENSKART,19.0925
2026-09-16,15:29,LGBBROSLTD,12.2977
2026-09-16,15:29,LGEINDIA,5.5559
2026-09-16,15:29,LICHSGFIN,6.0547
2026-09-16,15:29,LICI,1.0733
2026-09-16,15:29,LIKHITHA,2.4147
2026-09-16,15:29,LINCOLN,-0.4382
2026-09-16,15:29,LMW,9.6676
2026-09-16,15:29,LOKESHMACH,5.0528
2026-09-16,15:29,LOTUSDEV,11.748
2026-09-16,15:29,LT,-4.5689
2026-09-16,15:29,LTFOODS,0.0839
2026-09-16,15:29,LTTS,-4.2975
2026-09-16,15:29,LUMAXIND,0.9817
2026-09-16,15:29,LUMAXTECH,18.8154
2026-09-16,15:29,MACPOWER,23.4791
2026-09-16,15:29,MAHABANK,2.2826
2026-09-16,15:29,MAHASTEEL,17.6947
2026-09-16,15:29,MAHSCOOTER,-5.1327
2026-09-16,15:29,MAHSEAMLES,19.6598
2026-09-16,15:29,MAITHANALL,3.2927
2026-09-16,15:29,MAMATA,-5.514
2026-09-16,15:29,MANAKCOAT,5.4765
2026-09-16,15:29,MANAKSTEEL,34.267
2026-09-16,15:29,MANALIPETC,23.7344
2026-09-16,15:29,MANBA,-2.9774
2026-09-16,15:29,MANGLMCEM,4.6737
2026-09-16,15:29,MANINDS,45.6237
2026-09-16,15:29,MANINFRA,11.3072
2026-09-16,15:29,MANORAMA,18.4572
2026-09-16,15:29,MANYAVAR,14.1593
2026-09-16,15:29,MARATHON,6.0289
2026-09-16,15:29,MARINE,24.185
2026-09-16,15:29,MARKSANS,17.5957
2026-09-16,15:29,MARSONS,12.381
2026-09-16,15:29,MASTERTR,1.6066
2026-09-16,15:29,MATRIMONY,23.7013
2026-09-16,15:29,MAWANASUG,8.5046
2026-09-16,15:29,MAXESTATES,45.7208
2026-09-16,15:29,MAXHEALTH,-4.8282
2026-09-16,15:29,MAYURUNIQ,-4.2934
2026-09-16,15:29,MAZDA,10.8583
2026-09-16,15:29,MAZDOCK,-6.576
2026-09-16,15:29,MBAPL,0.7565
2026-09-16,15:29,MBECL,9613.6003
2026-09-16,15:29,MCCHRLS-B,-2.9412
2026-09-16,15:29,MCX,19.8209
2026-09-16,15:29,MEDANTA,-2.1253
2026-09-16,15:29,MEDPLUS,-4.086
2026-09-16,15:29,MEESHO,11.1424
2026-09-16,15:29,MEIL,-6.2642
2026-09-16,15:29,MENONBE,28.0047
2026-09-16,15:29,MERCURYEV,9.3453
2026-09-16,15:29,METROPOLIS,-0.6245
2026-09-16,15:29,MFSL,-2.0865
2026-09-16,15:29,MGL,-2.8338
2026-09-16,15:29,MIDHANI,-3.2356
2026-09-16,15:29,MMFL,9.7857
2026-09-16,15:29,MMP,51.5861
2026-09-16,15:29,MMTC,-6.0487
2026-09-16,15:29,MOBIKWIK,-3.6899
2026-09-16,15:29,MODISONLTD,60.2571
2026-09-16,15:29,MOL,8.1931
2026-09-16,15:29,MOLDTECH,23.5838
2026-09-16,15:29,MOLDTKPAC,-3.4239
2026-09-16,15:29,MONARCH,-6.4172
2026-09-16,15:29,MONTECARLO,2.1927
2026-09-16,15:29,MOREPENLAB,65.8427
2026-09-16,15:29,MOSCHIP,-4.5208
2026-09-16,15:29,MOTHERSON,4.8146
2026-09-16,15:29,MOTILALOFS,13.4146
2026-09-16,15:29,MPHASIS,-2.6597
2026-09-16,15:29,MPSLTD,-4.2515
2026-09-16,15:29,MRF,-5.827
2026-09-16,15:29,MRPL,-2.0809
2026-09-16,15:29,MSPL,-2.0766
2026-09-16,15:29,MSTCLTD,17.2974
2026-09-16,15:29,MTARTECH,7.596
2026-09-16,15:29,MUFIN,-1.2555
2026-09-16,15:29,MUKANDLTD,-5.174
2026-09-16,15:29,MUKKA,28.671
2026-09-16,15:29,MUNJALAU,-1.9125
2026-09-16,15:29,MUTHOOTFIN,-3.4355
2026-09-16,15:29,MVGJL,23.7589
2026-09-16,15:29,NAHARINDUS,5.5468
2026-09-16,15:29,NAM-INDIA,-6.4892
2026-09-16,15:29,NATIONALUM,-5.5703
2026-09-16,15:29,NAUKRI,-0.3175
2026-09-16,15:29,NAVA,-4.0931
2026-09-16,15:29,NAVINFLUOR,6.9668
2026-09-16,15:29,NAVNETEDUL,-2.7987
2026-09-16,15:29,NAZARA,0.4721
2026-09-16,15:29,NCC,-5.66
2026-09-16,15:29,NCLIND,-1.2599
2026-09-16,15:29,NELCO,-4.4464
2026-09-16,15:29,NEOGEN,10.5223
2026-09-16,15:29,NEPHROPLUS,3.0919
2026-09-16,15:29,NESCO,2.6728
2026-09-16,15:29,NETWEB,-4.2039
2026-09-16,15:29,NEULANDLAB,17.3922
2026-09-16,15:29,NH,-3.5324
2026-09-16,15:29,NHPC,-6.323
2026-09-16,15:29,NIACL,7.2306
2026-09-16,15:29,NILKAMAL,10.7108
2026-09-16,15:29,NINSYS,-3.3846
2026-09-16,15:29,NIRLON,-4.2581
2026-09-16,15:29,NITINSPIN,9.8574
2026-09-16,15:29,NITTAGELA,7.2785
2026-09-16,15:29,NMDC,-4.6081
2026-09-16,15:29,NOCIL,6.4097
2026-09-16,15:29,NORTHARC,3.8064
2026-09-16,15:29,NOVARTIND,23.0271
2026-09-16,15:29,NPST,20.6022
2026-09-16,15:29,NRAIL,28.5212
2026-09-16,15:29,NRBBEARING,9.6301
2026-09-16,15:29,NRL,20.8224
2026-09-16,15:29,NSIL,-3.5472
2026-09-16,15:29,NSLNISP,-6.4531
2026-09-16,15:29,NTPC,-4.845
2026-09-16,15:29,NTPCGREEN,-3.4502
2026-09-16,15:29,NUCLEUS,-0.8377
2026-09-16,15:29,NUVAMA,0.5253
2026-09-16,15:29,NYKAA,-4.9343
2026-09-16,15:29,OAL,33.7144
2026-09-16,15:29,OBEROIRLTY,-4.0421
2026-09-16,15:29,OFSS,-0.7759
2026-09-16,15:29,OIL,8.3556
2026-09-16,15:29,OLAELEC,-3.4483
2026-09-16,15:29,OMAXE,31.3584
2026-09-16,15:29,OMPOWER,-3.354
2026-09-16,15:29,ONEPOINT,-1.1418
2026-09-16,15:29,ONESOURCE,4.312
2026-09-16,15:29,ONGC,-2.1488
2026-09-16,15:29,ONWARDTEC,-3.9145
2026-09-16,15:29,OPTIEMUS,-5.2426
2026-09-16,15:29,ORCHPHARMA,-4.8589
2026-09-16,15:29,ORICONENT,-5.863
2026-09-16,15:29,ORIENTBELL,20.9698
2026-09-16,15:29,ORIENTCER,10.0688
2026-09-16,15:29,ORIENTELEC,-4.7188
2026-09-16,15:29,ORIENTHOT,4.4386
2026-09-16,15:29,ORKLAINDIA,0.069
2026-09-16,15:29,PAISALO,18.9565
2026-09-16,15:29,PANACHE,17.9941
2026-09-16,15:29,PANAMAPET,-1.5051
2026-09-16,15:29,PARACABLES,-6.2423
2026-09-16,15:29,PARADEEP,1.3109
2026-09-16,15:29,PARAGMILK,15.4143
2026-09-16,15:29,PARAS,1.4227
2026-09-16,15:29,PARKHOSPS,-2.6589
2026-09-16,15:29,PASHUPATI,-5.7558
2026-09-16,15:29,PASUPTAC,11.3711
2026-09-16,15:29,PATANJALI,1.4171
2026-09-16,15:29,PAUSHAKLTD,-2.7
2026-09-16,15:29,PAYTM,27.8571
2026-09-16,15:29,PCBL,-1.6897
2026-09-16,15:29,PDMJEPAPER,1.2822
2026-09-16,15:29,PDSL,-4.51
2026-09-16,15:29,PENIND,0.3067
2026-09-16,15:29,PERSISTENT,-1.0729
2026-09-16,15:29,PETRONET,-1.0175
2026-09-16,15:29,PFOCUS,5.8289
2026-09-16,15:29,PGIL,11.1855
2026-09-16,15:29,PHOENIXLTD,-4.0004
2026-09-16,15:29,PIDILITIND,-4.7037
2026-09-16,15:29,PILANIINVS,-6.7237
2026-09-16,15:29,PINELABS,22.8322
2026-09-16,15:29,PITTIENG,17.2014
2026-09-16,15:29,PIXTRANS,2.2106
2026-09-16,15:29,PLATIND,-4.4047
2026-09-16,15:29,PNB,2.4651
2026-09-16,15:29,PNBGILTS,-5.8944
2026-09-16,15:29,PNBHOUSING,5
2026-09-16,15:29,PNGSREVA,-2.74
2026-09-16,15:29,POLICYBZR,14.4083
2026-09-16,15:29,POLYMED,-1.154
2026-09-16,15:29,POLYPLEX,-3.3047
2026-09-16,15:29,POWERICA,3.5872
2026-09-16,15:29,POWERINDIA,-5.6397
2026-09-16,15:29,PPL,3.8924
2026-09-16,15:29,PPLPHARMA,-0.0642
2026-09-16,15:29,PRABHA,46.0581
2026-09-16,15:29,PRAJIND,-1.4902
2026-09-16,15:29,PRAKASH,-5.3976
2026-09-16,15:29,PRECWIRE,15.32
2026-09-16,15:29,PREMEXPLN,1.021
2026-09-16,15:29,PREMIERPOL,13.9901
2026-09-16,15:29,PRICOLLTD,-2.8627
2026-09-16,15:29,PRIMESECU,0.1765
2026-09-16,15:29,PRINCEPIPE,-6.8091
2026-09-16,15:29,PRIVISCL,-4.9119
2026-09-16,15:29,PROSTARM,-4.2147
2026-09-16,15:29,PROZONER,23.5557
2026-09-16,15:29,PRSMJOHNSN,5.237
2026-09-16,15:29,PRUDENT,0.7726
2026-09-16,15:29,PSB,-6.7868
2026-09-16,15:29,PTCIL,24.3163
2026-09-16,15:29,PTL,-5.1832
2026-09-16,15:29,PUNJABCHEM,-3.6171
2026-09-16,15:29,PURVA,0.8442
2026-09-16,15:29,PVP,109.563
2026-09-16,15:29,PVRINOX,5.5972
2026-09-16,15:29,PWL,1.11
2026-09-16,15:29,QPOWER,25.1671
2026-09-16,15:29,QUADFUTURE,39.3231
2026-09-16,15:29,QUESS,5.9898
2026-09-16,15:29,QUICKHEAL,0.9691
2026-09-16,15:29,RACLGEAR,36.8297
2026-09-16,15:29,RADHIKAJWE,3.8528
2026-09-16,15:29,RADICO,0.3596
2026-09-16,15:29,RAJOOENG,1.5349
2026-09-16,15:29,RAJRILTD,-2.244
2026-09-16,15:29,RAMBHAJO,35.6493
2026-09-16,15:29,RAMCOIND,-2.165
2026-09-16,15:29,RAMCOSYS,-5.6494
2026-09-16,15:29,RAMRAT,22.4927
2026-09-16,15:29,RATNAMANI,13.5071
2026-09-16,15:29,RATNAVEER,36.9847
2026-09-16,15:29,RAYMOND,64.2539
2026-09-16,15:29,RBA,12.8607
2026-09-16,15:29,RBLBANK,6.1621
2026-09-16,15:29,RBZJEWEL,7.4265
2026-09-16,15:29,REDINGTON,11.0269
2026-09-16,15:29,RELIANCE,-3.943
2026-09-16,15:29,RELIGARE,-3.4503
2026-09-16,15:29,RENUKA,2.6774
2026-09-16,15:29,RGL,27.6578
2026-09-16,15:29,RISHABH,16.1639
2026-09-16,15:29,RITCO,-5.103
2026-09-16,15:29,RITES,-5.1911
2026-09-16,15:29,RKFORGE,0.0145
2026-09-16,15:29,RMDRIP,27.3575
2026-09-16,15:29,RML,8.0521
2026-09-16,15:29,ROHLTD,-5.5653
2026-09-16,15:29,ROLEXRINGS,19.2373
2026-09-16,15:29,ROSSTECH,26.8465
2026-09-16,15:29,ROTO,-6.5433
2026-09-16,15:29,RPEL,21.1908
2026-09-16,15:29,RPGLIFE,-0.2404
2026-09-16,15:29,RSL,27.2535
2026-09-16,15:29,RUBICON,16.5062
2026-09-16,15:29,RUBYMILLS,29.6577
2026-09-16,15:29,SAATVIKGL,-3.0612
2026-09-16,15:29,SAFARI,0.5023
2026-09-16,15:29,SAGILITY,2.1093
2026-09-16,15:29,SAIL,0
2026-09-16,15:29,SAILIFE,12.639
2026-09-16,15:29,SAIPARENT,-2.8682
2026-09-16,15:29,SAKAR,20.6703
2026-09-16,15:29,SALSTEEL,31.0272
2026-09-16,15:29,SAMBHV,2.9423
2026-09-16,15:29,SAMHI,-6.6841
2026-09-16,15:29,SANATHAN,-5.0005
2026-09-16,15:29,SANDESH,3.0548
2026-09-16,15:29,SANSERA,13.1815
2026-09-16,15:29,SANSTAR,-3.3665
2026-09-16,15:29,SAPPHIRE,16.131
2026-09-16,15:29,SARDAEN,-2.3655
2026-09-16,15:29,SARLAPOLY,-6.2149
2026-09-16,15:29,SATIA,8.9934
2026-09-16,15:29,SAYAJIHOTL,2.2756
2026-09-16,15:29,SBC,14.6882
2026-09-16,15:29,SBCL,35.8612
2026-09-16,15:29,SBFC,1.6166
2026-09-16,15:29,SBICARD,-6.0638
2026-09-16,15:29,SBIN,-4.9199
2026-09-16,15:29,SCHAEFFLER,-3.8614
2026-09-16,15:29,SCPL,0.4825
2026-09-16,15:29,SDBL,-5.5446
2026-09-16,15:29,SEAMECLTD,14.9341
2026-09-16,15:29,SEDEMAC,11.6778
2026-09-16,15:29,SEIL,-6.734
2026-09-16,15:29,SENORES,1.2054
2026-09-16,15:29,SESHAPAPER,8.2153
2026-09-16,15:29,SETL,53.4314
2026-09-16,15:29,SGIL,-2.2853
2026-09-16,15:29,SGMART,-2.9424
2026-09-16,15:29,SHADOWFAX,-1.7731
2026-09-16,15:29,SHAILY,0.7023
2026-09-16,15:29,SHALPAINTS,-0.7512
2026-09-16,15:29,SHANTIGEAR,68.8889
2026-09-16,15:29,SHANTIGOLD,11.878
2026-09-16,15:29,SHARDAMOTR,4.7976
2026-09-16,15:29,SHAREINDIA,11.3414
2026-09-16,15:29,SHILPAMED,43.9618
2026-09-16,15:29,SHINDL,2.0721
2026-09-16,15:29,SHIVALIK,56.8837
2026-09-16,15:29,SHIVAUM,11.7332
2026-09-16,15:29,SHOPERSTOP,-2.8389
2026-09-16,15:29,SHREEJISPG,4.4887
2026-09-16,15:29,SHREEPUSHK,20.1446
2026-09-16,15:29,SHREERAMA,14.8603
2026-09-16,15:29,SHRIPISTON,-2.1214
2026-09-16,15:29,SHYAMMETL,2.7652
2026-09-16,15:29,SIEMENS,-6.4617
2026-09-16,15:29,SIGACHI,18.1198
2026-09-16,15:29,SIGMAADV,18.9648
2026-09-16,15:29,SIGNPOST,-3.8139
2026-09-16,15:29,SIKA,-5.4797
2026-09-16,15:29,SIMPLEXINF,6.7293
2026-09-16,15:29,SINDHUTRAD,-4.1855
2026-09-16,15:29,SIS,-3.2903
2026-09-16,15:29,SJS,-5.5583
2026-09-16,15:29,SKFINDIA,3.5492
2026-09-16,15:29,SKFINDUS,6.1727
2026-09-16,15:29,SKIPPER,-4.3379
2026-09-16,15:29,SKMEGGPROD,-4.3891
2026-09-16,15:29,SKYGOLD,17.3353
2026-09-16,15:29,SMARTWORKS,9.1367
2026-09-16,15:29,SMCGLOBAL,1.3969
2026-09-16,15:29,SMLMAH,10.0737
2026-09-16,15:29,SMSPHARMA,10.8528
2026-09-16,15:29,SOFTTECH,11.3082
2026-09-16,15:29,SOLARA,36.6561
2026-09-16,15:29,SOLARINDS,1.0695
2026-09-16,15:29,SOMANYCERA,9.0026
2026-09-16,15:29,SONACOMS,-2.4142
2026-09-16,15:29,SOTL,7.9938
2026-09-16,15:29,SOUTHBANK,-3.5638
2026-09-16,15:29,SPAL,-5.5695
2026-09-16,15:29,SPECIALITY,-3.155
2026-09-16,15:29,SPECTRUM,20.8299
2026-09-16,15:29,SPIC,-1.8505
2026-09-16,15:29,SPLPETRO,10.5887
2026-09-16,15:29,SREEL,41.4703
2026-09-16,15:29,SRF,-6.1386
2026-09-16,15:29,SRHHYPOLTD,4.7257
2026-09-16,15:29,SSWL,10.6003
2026-09-16,15:29,STAR,19.0328
2026-09-16,15:29,STEL,7.1454
2026-09-16,15:29,STLNETWORK,59.9754
2026-09-16,15:29,STLTECH,35.3379
2026-09-16,15:29,STOVEKRAFT,9.0413
2026-09-16,15:29,STYL,-0.1382
2026-09-16,15:29,STYLEBAAZA,34.2589
2026-09-16,15:29,SUDARCOLOR,-1.9193
2026-09-16,15:29,SUDARSCHEM,14.4672
2026-09-16,15:29,SUDEEPPHRM,27.0016
2026-09-16,15:29,SUKHJITS,-3.684
2026-09-16,15:29,SUNCLAY,0.2232
2026-09-16,15:29,SUNDARMFIN,-2.2367
2026-09-16,15:29,SUNDRMFAST,22.8685
2026-09-16,15:29,SUNDROP,-2.0471
2026-09-16,15:29,SUNPHARMA,-5.6263
2026-09-16,15:29,SUPRAJIT,-3.699
2026-09-16,15:29,SUPREMEIND,-5.7412
2026-09-16,15:29,SUPRIYA,-1.104
2026-09-16,15:29,SURAKSHA,30.1473
2026-09-16,15:29,SUTLEJTEX,1.6002
2026-09-16,15:29,SUVEN,8.5848
2026-09-16,15:29,SVLL,7.0696
2026-09-16,15:29,SWANCORP,-6.6018
2026-09-16,15:29,SWANDEF,6.2638
2026-09-16,15:29,SWARAJENG,-2.0508
2026-09-16,15:29,SYRMA,6.3028
2026-09-16,15:29,SYSTMTXC,15.3099
2026-09-16,15:29,TAALTECH,30.2939
2026-09-16,15:29,TALBROAUTO,0.8549
2026-09-16,15:29,TARC,-3.3756
2026-09-16,15:29,TARIL,-5.8124
2026-09-16,15:29,TARSONS,-6.7551
2026-09-16,15:29,TASTYBITE,5.0206
2026-09-16,15:29,TATACAP,-4.7421
2026-09-16,15:29,TATACHEM,9.5017
2026-09-16,15:29,TATACOMM,1.1695
2026-09-16,15:29,TATAINVEST,0.642
2026-09-16,15:29,TATAPOWER,-5.1579
2026-09-16,15:29,TATASTEEL,-4.1634
2026-09-16,15:29,TATATECH,-1.8556
2026-09-16,15:29,TATVA,-6.7656
2026-09-16,15:29,TBOTEK,1.759
2026-09-16,15:29,TBZ,98.4774
2026-09-16,15:29,TCPLPACK,20.2865
2026-09-16,15:29,TDPOWERSYS,23.459
2026-09-16,15:29,TEAMLEASE,-2.617
2026-09-16,15:29,TECHM,-5.4898
2026-09-16,15:29,TECHNOE,-1.4563
2026-09-16,15:29,TECHNVISN,-1.0413
2026-09-16,15:29,TEGA,8.691
2026-09-16,15:29,TEJASNET,-3.5865
2026-09-16,15:29,TEXINFRA,2.0184
2026-09-16,15:29,TEXRAIL,-0.1287
2026-09-16,15:29,TFCILTD,26.7903
2026-09-16,15:29,THANGAMAYL,4.4409
2026-09-16,15:29,THEINVEST,-6.717
2026-09-16,15:29,THEJO,3.0532
2026-09-16,15:29,THELEELA,4.819
2026-09-16,15:29,THEMISMED,3.7692
2026-09-16,15:29,THOMASCOOK,-3.7369
2026-09-16,15:29,TI,7.2076
2026-09-16,15:29,TIIL,18.0113
2026-09-16,15:29,TIINDIA,-6.4752
2026-09-16,15:29,TIL,-6.1417
2026-09-16,15:29,TIMEX,8.7081
2026-09-16,15:29,TIMKEN,0.2073
2026-09-16,15:29,TIPSMUSIC,-2.2038
2026-09-16,15:29,TITAGARH,-4.3071
2026-09-16,15:29,TITAN,-0.537
2026-09-16,15:29,TMB,5.5322
2026-09-16,15:29,TMCV,-5.0364
2026-09-16,15:29,TNPETRO,32.2427
2026-09-16,15:29,TNPL,-0.9573
2026-09-16,15:29,TORNTPHARM,-4.3241
2026-09-16,15:29,TORNTPOWER,-3.4079
2026-09-16,15:29,TRANSPEK,-1.4851
2026-09-16,15:29,TREL,10.4167
2026-09-16,15:29,TRIVENI,-1.8285
2026-09-16,15:29,TRUALT,-3.2059
2026-09-16,15:29,TSFINV,-5.3325
2026-09-16,15:29,TTKHLTCARE,2.6405
2026-09-16,15:29,TURTLEMINT,11.4174
2026-09-16,15:29,TVSSRICHAK,17.6611
2026-09-16,15:29,UDS,-6.4907
2026-09-16,15:29,UEL,0.9167
2026-09-16,15:29,UFBL,-3.6866
2026-09-16,15:29,UFLEX,35.7842
2026-09-16,15:29,UGARSUGAR,18.6972
2026-09-16,15:29,ULTRAMAR,7.6221
2026-09-16,15:29,UNICHEMLAB,4.7871
2026-09-16,15:29,UNIECOM,-6.0149
2026-09-16,15:29,UNIMECH,13.6197
2026-09-16,15:29,UNIONBANK,2.4138
2026-09-16,15:29,UNIPARTS,16.1266
2026-09-16,15:29,UNITEDPOLY,45.323
2026-09-16,15:29,UNIVASTU,-4.5411
2026-09-16,15:29,UNIVCABLES,-1.576
2026-09-16,15:29,UNIVPHOTO,27.2562
2026-09-16,15:29,UNOMINDA,-3.3415
2026-09-16,15:29,UPL,-5.3789
2026-09-16,15:29,URBANCO,15.9772
2026-09-16,15:29,USHAMART,-4.9146
2026-09-16,15:29,UTIAMC,-1.529
2026-09-16,15:29,UTLSOLAR,4.133
2026-09-16,15:29,UTTAMSUGAR,-0.9561
2026-09-16,15:29,V2RETAIL,-3.9313
2026-09-16,15:29,VADILALIND,-1.8987
2026-09-16,15:29,VALIANTLAB,88.0187
2026-09-16,15:29,VALIANTORG,33.7919
2026-09-16,15:29,VARROC,25.0312
2026-09-16,15:29,VBL,-6.5148
2026-09-16,15:29,VEDL,-4.8327
2026-09-16,15:29,VEEDOL,-4.1202
2026-09-16,15:29,VELJAN,15.9556
2026-09-16,15:29,VENKEYS,4.7267
2026-09-16,15:29,VENUSPIPES,18.618
2026-09-16,15:29,VENUSREM,-1.1462
2026-09-16,15:29,VGUARD,4.404
2026-09-16,15:29,VHL,1.0321
2026-09-16,15:29,VHLTD,-2.0463
2026-09-16,15:29,VIDHIING,1.9797
2026-09-16,15:29,VIJAYA,3.8409
2026-09-16,15:29,VINATIORGA,-4.9788
2026-09-16,15:29,VINCOFE,9.5057
2026-09-16,15:29,VINDHYATEL,10.695
2026-09-16,15:29,VIPIND,-1.277
2026-09-16,15:29,VISAKAIND,0.4727
2026-09-16,15:29,VISHNU,16.8084
2026-09-16,15:29,VIVIANA,-0.2064
2026-09-16,15:29,VLSFINANCE,-5.2009
2026-09-16,15:29,VMART,1.4252
2026-09-16,15:29,VOEPL,-0.9398
2026-09-16,15:29,VOLTAMP,6.3907
2026-09-16,15:29,VRLLOG,2.0696
2026-09-16,15:29,VSSL,33.1529
2026-09-16,15:29,VTL,-4.3976
2026-09-16,15:29,WAAREEENER,-6.3296
2026-09-16,15:29,WABAG,5.35
2026-09-16,15:29,WAKEFIT,13.74
2026-09-16,15:29,WCIL,-1.2583
2026-09-16,15:29,WELCORP,39.6119
2026-09-16,15:29,WELENT,26.5447
2026-09-16,15:29,WELINV,17.3947
2026-09-16,15:29,WELSPLSOL,3.0255
2026-09-16,15:29,WELSPUNLIV,26.1868
2026-09-16,15:29,WENDT,6.9304
2026-09-16,15:29,WESTLIFE,1.4561
2026-09-16,15:29,WHEELS,49.8083
2026-09-16,15:29,WINDLAS,24.6796
2026-09-16,15:29,WINDMACHIN,4.3832
2026-09-16,15:29,WOCKPHARMA,-0.0544
2026-09-16,15:29,WONDERLA,1.7196
2026-09-16,15:29,WPIL,-3.1944
2026-09-16,15:29,WSTCSTPAPR,24.3551
2026-09-16,15:29,XPROINDIA,6.5778
2026-09-16,15:29,XTRANET,121.2209
2026-09-16,15:29,YATHARTH,16.1798
2026-09-16,15:29,YATRA,-4.1982
2026-09-16,15:29,YESBANK,1.7391
2026-09-16,15:29,YUKEN,58.7565
2026-09-16,15:29,ZENTEC,-1.2237
2026-09-16,15:29,ZFCVINDIA,-3.6821
2026-09-16,15:29,ZFSTEERING,8.9872
2026-09-16,15:29,ZIMLAB,25.4517
2026-09-16,15:29,ZUARIIND,-3.3378
2026-09-16,15:29,ZYDUSLIFE,-1.9912
2026-09-16,15:29,ZYDUSWELL,0.2908
2026-09-17,15:29,20MICRONS,5.5735
2026-09-17,15:29,3BBLACKBIO,7.2093
2026-09-17,15:29,3IINFOLTD,2.6704
2026-09-17,15:29,63MOONS,1.1241
2026-09-17,15:29,AARTIDRUGS,3.8676
2026-09-17,15:29,AARTIIND,-1.9241
2026-09-17,15:29,AARTIPHARM,21.0761
2026-09-17,15:29,AAVAS,-6.0987
2026-09-17,15:29,ABDL,6.3421
2026-09-17,15:29,ABSLAMC,7.1773
2026-09-17,15:29,ACCELYA,-1.4146
2026-09-17,15:29,ACE,5.9589
2026-09-17,15:29,ACMESOLAR,7.5997
2026-09-17,15:29,ACUTAAS,0.9839
2026-09-17,15:29,ADANIENT,-4.1574
2026-09-17,15:29,ADANIPORTS,2.2529
2026-09-17,15:29,ADANIPOWER,-1.469
2026-09-17,15:29,ADFFOODS,-0.5386
2026-09-17,15:29,ADOR,3.7265
2026-09-17,15:29,AEGISLOG,-3.009
2026-09-17,15:29,AEGISVOPAK,9.4592
2026-09-17,15:29,AEQUS,-4.4259
2026-09-17,15:29,AEROFLEX,9.1228
2026-09-17,15:29,AETHER,2.1329
2026-09-17,15:29,AFCONS,-4.8416
2026-09-17,15:29,AFSL,-0.1044
2026-09-17,15:29,AGARWALEYE,-4.0111
2026-09-17,15:29,AGI,2.0941
2026-09-17,15:29,AHCL,50.7246
2026-09-17,15:29,AHLWEST,2.995
2026-09-17,15:29,AJANTPHARM,1.8327
2026-09-17,15:29,AKCAPIT,-0.04
2026-09-17,15:29,AKUMS,15.1028
2026-09-17,15:29,ALEMBICLTD,17.8793
2026-09-17,15:29,ALGOQUANT,3.8809
2026-09-17,15:29,ALICON,-3.1892
2026-09-17,15:29,ALIVUS,4.2675
2026-09-17,15:29,ALKEM,-6.109
2026-09-17,15:29,ALKYLAMINE,-4.949
2026-09-17,15:29,ALLDIGI,-3.3329
2026-09-17,15:29,ALLTIME,-5.7072
2026-09-17,15:29,AMANTA,9.7977
2026-09-17,15:29,AMBER,-6.3779
2026-09-17,15:29,AMRUTANJAN,-6.3156
2026-09-17,15:29,ANANDRATHI,8.3333
2026-09-17,15:29,ANANTRAJ,-4.9825
2026-09-17,15:29,ANDHRAPAP,18.5747
2026-09-17,15:29,ANDHRSUGAR,7.8972
2026-09-17,15:29,ANGELONE,-1.4037
2026-09-17,15:29,ANTELOPUS,29.4397
2026-09-17,15:29,ANTHEM,12.3236
2026-09-17,15:29,ANUHPHR,18.253
2026-09-17,15:29,ANURAS,-2.8776
2026-09-17,15:29,APARINDS,13.6282
2026-09-17,15:29,APCOTEXIND,-4.7816
2026-09-17,15:29,APLAPOLLO,10.2643
2026-09-17,15:29,APLLTD,0.9533
2026-09-17,15:29,APOLLO,-5.2124
2026-09-17,15:29,APOLLOHOSP,-1.5881
2026-09-17,15:29,APOLLOPIPE,-1.5539
2026-09-17,15:29,ARFIN,2.9763
2026-09-17,15:29,ARIES,39.2014
2026-09-17,15:29,ARIHANTCAP,4.4502
2026-09-17,15:29,ARIS,-2.2579
2026-09-17,15:29,ARMANFIN,-4.5565
2026-09-17,15:29,ARROWGREEN,21.1247
2026-09-17,15:29,ARSSBL,-2.8718
2026-09-17,15:29,ARTEMISMED,2.7006
2026-09-17,15:29,ARVIND,-0.6421
2026-09-17,15:29,ASAHIINDIA,2.5898
2026-09-17,15:29,ASIANENE,20.9453
2026-09-17,15:29,ASIANHOTNR,22.5501
2026-09-17,15:29,ASIANTILES,-6.4057
2026-09-17,15:29,ASKAUTOLTD,-2.9253
2026-09-17,15:29,ASTAR,13.0851
2026-09-17,15:29,ASTEC,22.4799
2026-09-17,15:29,ASTRAL,-2.4953
2026-09-17,15:29,ATHERENERG,5.3848
2026-09-17,15:29,ATL,5.6946
2026-09-17,15:29,ATLANTAELE,-0.0734
2026-09-17,15:29,AUBANK,-1.1414
2026-09-17,15:29,AURIONPRO,-3.2922
2026-09-17,15:29,AUROPHARMA,4.7477
2026-09-17,15:29,AURUM,-0.7942
2026-09-17,15:29,AVADHSUGAR,18.3422
2026-09-17,15:29,AVALON,22.3124
2026-09-17,15:29,AVL,1.1258
2026-09-17,15:29,AVTNPL,20.675
2026-09-17,15:29,AWFIS,-3.8154
2026-09-17,15:29,AWL,-4.9085
2026-09-17,15:29,AXISBANK,-1.1085
2026-09-17,15:29,AXISCADES,16.4749
2026-09-17,15:29,AYE,9.0898
2026-09-17,15:29,AYMSYNTEX,10.7641
2026-09-17,15:29,AZAD,6.4778
2026-09-17,15:29,BAFNAPH,11.4695
2026-09-17,15:29,BAJAJ-AUTO,-2.5424
2026-09-17,15:29,BAJAJCON,-5.2696
2026-09-17,15:29,BAJAJHCARE,-1.3816
2026-09-17,15:29,BAJAJHFL,-4.9207
2026-09-17,15:29,BAJAJHLDNG,-4.2276
2026-09-17,15:29,BAJAJINDEF,-4.2834
2026-09-17,15:29,BAJEL,-5.8324
2026-09-17,15:29,BALAJITELE,13.3593
2026-09-17,15:29,BALAMINES,7.5256
2026-09-17,15:29,BALRAMCHIN,6.3174
2026-09-17,15:29,BALUFORGE,12.4916
2026-09-17,15:29,BANARISUG,-4.9581
2026-09-17,15:29,BANDHANBNK,0.6101
2026-09-17,15:29,BANKBARODA,-5.4153
2026-09-17,15:29,BANKINDIA,-2.0071
2026-09-17,15:29,BANSALWIRE,-2.2163
2026-09-17,15:29,BBL,-5.03
2026-09-17,15:29,BBOX,2.3573
2026-09-17,15:29,BECTORFOOD,3.7641
2026-09-17,15:29,BEEKAY,6.0147
2026-09-17,15:29,BEL,1.3974
2026-09-17,15:29,BELRISE,-5.0188
2026-09-17,15:29,BEML,20.4415
2026-09-17,15:29,BENGALASM,-1.3341
2026-09-17,15:29,BEPL,4.9222
2026-09-17,15:29,BGRENERGY,-5.9494
2026-09-17,15:29,BHAGERIA,51.3145
2026-09-17,15:29,BHAGYANGR,16.3518
2026-09-17,15:29,BHARTIHEXA,-4.6113
2026-09-17,15:29,BHEL,4.0737
2026-09-17,15:29,BIL,26.6411
2026-09-17,15:29,BIRLACABLE,70.2412
2026-09-17,15:29,BIRLANU,-1.1098
2026-09-17,15:29,BLACKBUCK,9.9425
2026-09-17,15:29,BLAL,-5.9434
2026-09-17,15:29,BLIL,-4.6934
2026-09-17,15:29,BLISSGVS,38.9638
2026-09-17,15:29,BLKASHYAP,-1.2698
2026-09-17,15:29,BLSE,-1.457
2026-09-17,15:29,BLUEJET,-3.8904
2026-09-17,15:29,BLUESTONE,-2.8972
2026-09-17,15:29,BLUSPRING,6.435
2026-09-17,15:29,BODALCHEM,142.2264
2026-09-17,15:29,BOROLTD,4.1855
2026-09-17,15:29,BOSCH-HCIL,9.4829
2026-09-17,15:29,BOSCHLTD,11.2185
2026-09-17,15:29,BPCL,-5.9004
2026-09-17,15:29,BRIGADE,8.8725
2026-09-17,15:29,BSHSL,0.7075
2026-09-17,15:29,CANBK,-3.8864
2026-09-17,15:29,CANFINHOME,-4.5718
2026-09-17,15:29,CANHLIFE,3.6217
2026-09-17,15:29,CANTABIL,-1.1432
2026-09-17,15:29,CAPITALSFB,-5.5509
2026-09-17,15:29,CAPLIPOINT,2.156
2026-09-17,15:29,CARBORUNIV,0.1757
2026-09-17,15:29,CARERATING,-6.026
2026-09-17,15:29,CARTRADE,3.3706
2026-09-17,15:29,CASTROLIND,0.094
2026-09-17,15:29,CDSL,1.7263
2026-09-17,15:29,CEIGALL,14.1352
2026-09-17,15:29,CEMPRO,-3.32
2026-09-17,15:29,CENTRALBK,-2.8444
2026-09-17,15:29,CENTUM,14.6167
2026-09-17,15:29,CGCL,10.0923
2026-09-17,15:29,CGPOWER,-1.068
2026-09-17,15:29,CHALET,0.3156
2026-09-17,15:29,CHEMBONDCH,19.9072
2026-09-17,15:29,CHEMCON,8.9429
2026-09-17,15:29,CHEMFAB,-5.6806
2026-09-17,15:29,CHENNPETRO,8.4516
2026-09-17,15:29,CHEVIOT,-4.9198
2026-09-17,15:29,CHOLAFIN,-6.1436
2026-09-17,15:29,CIFL,-5.6524
2026-09-17,15:29,CIPLA,-5.6553
2026-09-17,15:29,CLEAN,7.6988
2026-09-17,15:29,CLSEL,0.4589
2026-09-17,15:29,CMRGREEN,-6.0032
2026-09-17,15:29,COALINDIA,0.6017
2026-09-17,15:29,COCHINSHIP,-6.3649
2026-09-17,15:29,COFORGE,0.9004
2026-09-17,15:29,COHANCE,2.445
2026-09-17,15:29,COMSYN,39.7101
2026-09-17,15:29,CONCOR,-5.4614
2026-09-17,15:29,CONCORDBIO,5.4946
2026-09-17,15:29,CONFIPET,6.0636
2026-09-17,15:29,CONSOFINVT,-3.6693
2026-09-17,15:29,CONTROLPR,5.6918
2026-09-17,15:29,CORDELIA,31.9697
2026-09-17,15:29,CORONA,3.4769
2026-09-17,15:29,COSMOFIRST,-3.9201
2026-09-17,15:29,CPPLUS,-4.9596
2026-09-17,15:29,CRAFTSMAN,5.0776
2026-09-17,15:29,CREST,-2.5735
2026-09-17,15:29,CRISIL,1.8858
2026-09-17,15:29,CRIZAC,-3.6297
2026-09-17,15:29,CSBBANK,0.5512
2026-09-17,15:29,CUB,13.3262
2026-09-17,15:29,CUPID,10.7255
2026-09-17,15:29,CYIENT,23.0698
2026-09-17,15:29,CYIENTDLM,34.3912
2026-09-17,15:29,DALMIASUG,-0.7119
2026-09-17,15:29,DATAPATTNS,-0.7984
2026-09-17,15:29,DBOL,3.1531
2026-09-17,15:29,DCBBANK,15.5404
2026-09-17,15:29,DCMSHRIRAM,-2.5743
2026-09-17,15:29,DCW,-2.4485
2026-09-17,15:29,DECCANCE,-0.3501
2026-09-17,15:29,DECNGOLD,9.4559
2026-09-17,15:29,DEEDEV,-4.3475
2026-09-17,15:29,DEEPINDS,14.1548
2026-09-17,15:29,DEN,-3.6079
2026-09-17,15:29,DEVYANI,10.7283
2026-09-17,15:29,DHAMPURSUG,1.6209
2026-09-17,15:29,DHANUKA,-2.3123
2026-09-17,15:29,DHARMAJ,0.3145
2026-09-17,15:29,DHUNINV,10.278
2026-09-17,15:29,DIACABS,13.1999
2026-09-17,15:29,DIAMONDYD,-6.2851
2026-09-17,15:29,DICIND,22.041
2026-09-17,15:29,DIFFNKG,2.7463
2026-09-17,15:29,DISAQ,-2.2625
2026-09-17,15:29,DIVGIITTS,11.9737
2026-09-17,15:29,DIVISLAB,11.1469
2026-09-17,15:29,DLF,-1.4019
2026-09-17,15:29,DLINKINDIA,-5.0112
2026-09-17,15:29,DMART,-5.9503
2026-09-17,15:29,DODLA,0.4787
2026-09-17,15:29,DOLATALGO,0.3104
2026-09-17,15:29,DOLLAR,-2.0004
2026-09-17,15:29,DOLPHIN,67.5037
2026-09-17,15:29,DOMS,-5.7276
2026-09-17,15:29,DRAGARWQ,1.116
2026-09-17,15:29,DRREDDY,-0.085
2026-09-17,15:29,DVL,5.6061
2026-09-17,15:29,DWARKESH,0.5458
2026-09-17,15:29,DYCL,9.0607
2026-09-17,15:29,DYNAMATECH,7.5139
2026-09-17,15:29,E2E,0.9605
2026-09-17,15:29,EBGNG,25.4551
2026-09-17,15:29,ECLERX,0.2711
2026-09-17,15:29,EDELWEISS,8.9659
2026-09-17,15:29,EFCIL,-6.3421
2026-09-17,15:29,EICHERMOT,-6.1729
2026-09-17,15:29,EIFFL,-1.9448
2026-09-17,15:29,EIHAHOTELS,-4.6703
2026-09-17,15:29,EIMCOELECO,23.8715
2026-09-17,15:29,ELANTAS,15.518
2026-09-17,15:29,ELCIDIN,-5.8391
2026-09-17,15:29,ELDEHSG,-0.9682
2026-09-17,15:29,ELECON,-4.7553
2026-09-17,15:29,ELECTCAST,2.8893
2026-09-17,15:29,ELGIEQUIP,1.5751
2026-09-17,15:29,ELPROINTL,-2.9791
2026-09-17,15:29,EMAMIPAP,0.0804
2026-09-17,15:29,EMCURE,-2.5115
2026-09-17,15:29,EMIL,25.4202
2026-09-17,15:29,EMKAY,-0.3363
2026-09-17,15:29,EMMVEE,0.2773
2026-09-17,15:29,EMUDHRA,21.0647
2026-09-17,15:29,ENGINERSIN,9.7723
2026-09-17,15:29,ENRIN,-5.4927
2026-09-17,15:29,ENTERO,32.3959
2026-09-17,15:29,EPIGRAL,-1.5904
2026-09-17,15:29,EPL,0.6656
2026-09-17,15:29,EQUITASBNK,-4.7915
2026-09-17,15:29,ERIS,-4.6833
2026-09-17,15:29,ESABINDIA,-0.6279
2026-09-17,15:29,ESTER,-1.6326
2026-09-17,15:29,ETERNAL,3.8666
2026-09-17,15:29,EXCELSOFT,-4.9434
2026-09-17,15:29,EXICOM,-3.8729
2026-09-17,15:29,EXPLEOSOL,10.6382
2026-09-17,15:29,FABTECH,-3.2657
2026-09-17,15:29,FCL,37.1022
2026-09-17,15:29,FEDDERSHOL,23.6755
2026-09-17,15:29,FEDFINA,1.9825
2026-09-17,15:29,FILATEX,11.0497
2026-09-17,15:29,FINCABLES,39.114
2026-09-17,15:29,FINEORG,5.2951
2026-09-17,15:29,FINKURVE,27.0957
2026-09-17,15:29,FIVESTAR,-3.0582
2026-09-17,15:29,FLAIR,-5.9381
2026-09-17,15:29,FLUOROCHEM,-0.5847
2026-09-17,15:29,FORCEMOT,-4.7902
2026-09-17,15:29,FORTIS,-4.2054
2026-09-17,15:29,FOSECOIND,26.5407
2026-09-17,15:29,FRACTAL,-5.9387
2026-09-17,15:29,GAIL,-2.8029
2026-09-17,15:29,GALAXYSURF,12.5237
2026-09-17,15:29,GANDHAR,16.4167
2026-09-17,15:29,GANDHITUBE,-0.3289
2026-09-17,15:29,GANESHBE,3.4882
2026-09-17,15:29,GANESHCP,-4.4279
2026-09-17,15:29,GANESHHOU,-3.4799
2026-09-17,15:29,GARFIBRES,0.2947
2026-09-17,15:29,GARUDA,-1.9847
2026-09-17,15:29,GATEWAY,-5.6519
2026-09-17,15:29,GAYAPROJ,24.3158
2026-09-17,15:29,GCSL,13.6316
2026-09-17,15:29,GEECEE,3.1706
2026-09-17,15:29,GENESYS,26.7638
2026-09-17,15:29,GENUSPOWER,-2.0675
2026-09-17,15:29,GEOJITFSL,4.1196
2026-09-17,15:29,GESHIP,1.4523
2026-09-17,15:29,GFLLIMITED,11.8249
2026-09-17,15:29,GHCL,-4.1196
2026-09-17,15:29,GHCLTEXTIL,8.1507
2026-09-17,15:29,GICRE,-5.5193
2026-09-17,15:29,GILLETTE,-4.9558
2026-09-17,15:29,GIPCL,15.7535
2026-09-17,15:29,GKSL,32.1394
2026-09-17,15:29,GLAND,14.2509
2026-09-17,15:29,GLAXO,8.9582
2026-09-17,15:29,GLENMARK,6.95
2026-09-17,15:29,GLOBAL,22.2671
2026-09-17,15:29,GMBREW,3.1766
2026-09-17,15:29,GMDCLTD,-5.3026
2026-09-17,15:29,GMMPFAUDLR,59.0713
2026-09-17,15:29,GMRP&UI,-3.7002
2026-09-17,15:29,GNA,1.2932
2026-09-17,15:29,GNFC,8.6476
2026-09-17,15:29,GNRL,7.42
2026-09-17,15:29,GOCLCORP,10.622
2026-09-17,15:29,GOCOLORS,-5.01
2026-09-17,15:29,GODREJAGRO,15.3853
2026-09-17,15:29,GOKULAGRO,-4.1137
2026-09-17,15:29,GOODLUCK,2.1134
2026-09-17,15:29,GPIL,-3.2233
2026-09-17,15:29,GPPL,7.1928
2026-09-17,15:29,GPTHEALTH,-0.6618
2026-09-17,15:29,GPTINFRA,-3.1471
2026-09-17,15:29,GRANULES,2.9937
2026-09-17,15:29,GRAPHITE,14.7994
2026-09-17,15:29,GRASIM,-1.5788
2026-09-17,15:29,GRAUWEIL,14.9898
2026-09-17,15:29,GRAVITA,-4.5713
2026-09-17,15:29,GREAVESCOT,-2.1437
2026-09-17,15:29,GREENPLY,-0.0341
2026-09-17,15:29,GROWW,-2.2936
2026-09-17,15:29,GRPLTD,-0.2731
2026-09-17,15:29,GSFC,-6.1394
2026-09-17,15:29,GTPL,-5.4916
2026-09-17,15:29,GUFICBIO,7.8991
2026-09-17,15:29,GUJALKALI,-0.5315
2026-09-17,15:29,GUJTHEM,18.0362
2026-09-17,15:29,GVT&D,-1.5646
2026-09-17,15:29,GYFTR,9.1811
2026-09-17,15:29,HAL,3.0786
2026-09-17,15:29,HALDYNGL,2.1164
2026-09-17,15:29,HAPPYFORGE,17.9527
2026-09-17,15:29,HARSHA,3.3591
2026-09-17,15:29,HATSUN,29.7606
2026-09-17,15:29,HAWKINCOOK,-3.2252
2026-09-17,15:29,HBLENGINE,2.7495
2026-09-17,15:29,HCC,-1.5974
2026-09-17,15:29,HCG,2.6363
2026-09-17,15:29,HDBFS,0.9182
2026-09-17,15:29,HDFCBANK,-2.9932
2026-09-17,15:29,HDFCLIFE,2.2018
2026-09-17,15:29,HEALTHX,-2.0248
2026-09-17,15:29,HEG,-1.281
2026-09-17,15:29,HERITGFOOD,19.9911
2026-09-17,15:29,HEXAGON,-3.4105
2026-09-17,15:29,HEXATRADEX,-2.2532
2026-09-17,15:29,HFCL,-1.3099
2026-09-17,15:29,HIKAL,-3.1344
2026-09-17,15:29,HINDALCO,-5.7212
2026-09-17,15:29,HINDOILEXP,14.2289
2026-09-17,15:29,HINDZINC,-4.1293
2026-09-17,15:29,HITECHCORP,3.6227
2026-09-17,15:29,HITECHGEAR,-4.9653
2026-09-17,15:29,HLEGLAS,-2.9762
2026-09-17,15:29,HMAAGRO,11.6594
2026-09-17,15:29,HMT,-1.0735
2026-09-17,15:29,HNDFDS,7.5223
2026-09-17,15:29,HOMEFIRST,-1.1458
2026-09-17,15:29,HONASA,0.0979
2026-09-17,15:29,HUBTOWN,-4.2486
2026-09-17,15:29,HYUNDAI,-2.6369
2026-09-17,15:29,IBULLSLTD,2.0654
2026-09-17,15:29,ICICIAMC,0.5257
2026-09-17,15:29,ICICIPRULI,-5.0431
2026-09-17,15:29,ICIL,4.0248
2026-09-17,15:29,IDBI,-2.8819
2026-09-17,15:29,IDFCFIRSTB,1.2075
2026-09-17,15:29,IFCI,1.917
2026-09-17,15:29,IGL,-3.5112
2026-09-17,15:29,IGPL,7.7947
2026-09-17,15:29,IIFL,-2.237
2026-09-17,15:29,IIFLCAPS,0.4771
2026-09-17,15:29,IKIO,0.2777
2026-09-17,15:29,IL&FSENGG,11.4286
2026-09-17,15:29,IMAGICAA,3.1647
2026-09-17,15:29,IMPAL,-3.3713
2026-09-17,15:29,INDGN,9.5225
2026-09-17,15:29,INDHOTEL,-1.9432
2026-09-17,15:29,INDIAGLYCO,7.6344
2026-09-17,15:29,INDIAMART,-6.3637
2026-09-17,15:29,INDIANB,-1.5808
2026-09-17,15:29,INDIGOPNTS,0.7426
2026-09-17,15:29,INDIQUBE,16.5515
2026-09-17,15:29,INDNIPPON,11.0417
2026-09-17,15:29,INDOAMIN,-4.0903
2026-09-17,15:29,INDOBORAX,13.2201
2026-09-17,15:29,INDOCO,14.2421
2026-09-17,15:29,INDOMIM,23.8481
2026-09-17,15:29,INDORAMA,41.9319
2026-09-17,15:29,INDOSTAR,-1.8015
2026-09-17,15:29,INDOTECH,-5.428
2026-09-17,15:29,INDPRUD,-1.1425
2026-09-17,15:29,INDRAMEDCO,-1.2626
2026-09-17,15:29,INDSWFTLAB,64.1568
2026-09-17,15:29,INDUSINDBK,-5.9666
2026-09-17,15:29,INDUSTOWER,-1.1663
2026-09-17,15:29,INGERRAND,-1.8468
2026-09-17,15:29,INNOVACAP,21.6402
2026-09-17,15:29,INOXGREEN,-2.0417
2026-09-17,15:29,INOXINDIA,3.9897
2026-09-17,15:29,INOXWIND,-6.036
2026-09-17,15:29,INVPRECQ,19.2961
2026-09-17,15:29,IOB,-6.1404
2026-09-17,15:29,IOLCP,20.8555
2026-09-17,15:29,IONEXCHANG,2.0808
2026-09-17,15:29,IPCALAB,11.6317
2026-09-17,15:29,IPL,-4.6148
2026-09-17,15:29,IRISDOREME,16.9596
2026-09-17,15:29,IRMENERGY,-2.8695
2026-09-17,15:29,ITDC,-6.0466
2026-09-17,15:29,J&KBANK,-5.8673
2026-09-17,15:29,JAGRAN,-1.4161
2026-09-17,15:29,JAGSNPHARM,-5.1665
2026-09-17,15:29,JAIBALAJI,2.4896
2026-09-17,15:29,JARO,3.7898
2026-09-17,15:29,JASH,3.996
2026-09-17,15:29,JAYAGROGN,0.5397
2026-09-17,15:29,JAYKAY,0.0956
2026-09-17,15:29,JAYNECOIND,-3.0838
2026-09-17,15:29,JGCHEM,7.2777
2026-09-17,15:29,JINDALPHOT,5.6897
2026-09-17,15:29,JINDALPOLY,15.8911
2026-09-17,15:29,JINDALSAW,9.6386
2026-09-17,15:29,JINDALSTEL,1.3472
2026-09-17,15:29,JINDRILL,-6.0691
2026-09-17,15:29,JINDWORLD,25.1596
2026-09-17,15:29,JISLJALEQS,-3.36
2026-09-17,15:29,JKIL,-2.9688
2026-09-17,15:29,JKPAPER,8.5139
2026-09-17,15:29,JMFINANCIL,-2.8624
2026-09-17,15:29,JNKINDIA,-1.6356
2026-09-17,15:29,JPOLYINVST,-5.9238
2026-09-17,15:29,JSL,-2.6931
2026-09-17,15:29,JSWDULUX,1.7173
2026-09-17,15:29,JSWINFRA,-2.3176
2026-09-17,15:29,JSWSTEEL,-5.7594
2026-09-17,15:29,JTLIND,11.7625
2026-09-17,15:29,JUBLCPL,6.685
2026-09-17,15:29,JUBLFOOD,-0.9897
2026-09-17,15:29,JUBLPHARMA,9.4517
2026-09-17,15:29,JUNIPER,7.7739
2026-09-17,15:29,JUSTDIAL,-1.3104
2026-09-17,15:29,JYOTHYLAB,-5.0595
2026-09-17,15:29,JYOTICNC,14.0855
2026-09-17,15:29,KABRAEXTRU,39.2496
2026-09-17,15:29,KAJARIACER,2.6393
2026-09-17,15:29,KALYANKJIL,2.0983
2026-09-17,15:29,KAMATHOTEL,27.0259
2026-09-17,15:29,KAMDHENU,14.1289
2026-09-17,15:29,KANORICHEM,24.2242
2026-09-17,15:29,KANPRPLA,23.9443
2026-09-17,15:29,KAPSTON,8.3419
2026-09-17,15:29,KARURVYSYA,-1.8214
2026-09-17,15:29,KCP,1.976
2026-09-17,15:29,KDDL,3.5957
2026-09-17,15:29,KENNAMET,41.2934
2026-09-17,15:29,KFINTECH,-5.4545
2026-09-17,15:29,KILITCH,-1.416
2026-09-17,15:29,KIMS,-1.2841
2026-09-17,15:29,KINGFA,13.4018
2026-09-17,15:29,KIRANVYPAR,1.6699
2026-09-17,15:29,KIRIINDUS,27.7314
2026-09-17,15:29,KIRLFER,2.8401
2026-09-17,15:29,KIRLOSENG,-5.3895
2026-09-17,15:29,KIRLOSIND,-0.6099
2026-09-17,15:29,KIRLPNU,-4.8217
2026-09-17,15:29,KISSHT,16.9428
2026-09-17,15:29,KLBRENG-B,15.6466
2026-09-17,15:29,KMEW,11.2462
2026-09-17,15:29,KOLTEPATIL,10.3158
2026-09-17,15:29,KOPRAN,37.1057
2026-09-17,15:29,KOTAKBANK,4.125
2026-09-17,15:29,KOVAI,3.1213
2026-09-17,15:29,KPIL,9.0647
2026-09-17,15:29,KPL,34.8951
2026-09-17,15:29,KPRMILL,1.567
2026-09-17,15:29,KRBL,5.4681
2026-09-17,15:29,KRISHANA,1.8463
2026-09-17,15:29,KRN,14.7565
2026-09-17,15:29,KRONOX,7.3209
2026-09-17,15:29,KROSS,18.1077
2026-09-17,15:29,KRSNAA,-3.6335
2026-09-17,15:29,KRYSTAL,12.4646
2026-09-17,15:29,KSB,-1.7805
2026-09-17,15:29,KSHINTL,15.703
2026-09-17,15:29,KSL,9.9836
2026-09-17,15:29,KTKBANK,4.7555
2026-09-17,15:29,KUANTUM,-4.9719
2026-09-17,15:29,KWIL,22.6868
2026-09-17,15:29,LALPATHLAB,1.9925
2026-09-17,15:29,LAURUSLABS,6.1635
2026-09-17,15:29,LCL,2.1502
2026-09-17,15:29,LENSKART,18.7374
2026-09-17,15:29,LGBBROSLTD,13.4548
2026-09-17,15:29,LGEINDIA,4.7067
2026-09-17,15:29,LICHSGFIN,6.6107
2026-09-17,15:29,LICI,1.7812
2026-09-17,15:29,LIKHITHA,0.8288
2026-09-17,15:29,LINCOLN,-1.6616
2026-09-17,15:29,LMW,10.9822
2026-09-17,15:29,LOKESHMACH,1.538
2026-09-17,15:29,LOTUSDEV,10.5476
2026-09-17,15:29,LT,-5.4424
2026-09-17,15:29,LTF,-5.0565
2026-09-17,15:29,LTFOODS,1.1387
2026-09-17,15:29,LTM,-5.3418
2026-09-17,15:29,LUMAXIND,-1.2763
2026-09-17,15:29,LUMAXTECH,18.8527
2026-09-17,15:29,LXCHEM,-1.2888
2026-09-17,15:29,MACPOWER,25.1938
2026-09-17,15:29,MAGADSUGAR,-0.8004
2026-09-17,15:29,MAHABANK,2.0202
2026-09-17,15:29,MAHASTEEL,11.6074
2026-09-17,15:29,MAHLIFE,-5.002
2026-09-17,15:29,MAHLOG,-5.792
2026-09-17,15:29,MAHSCOOTER,-4.9371
2026-09-17,15:29,MAHSEAMLES,23.6183
2026-09-17,15:29,MAITHANALL,6.0813
2026-09-17,15:29,MALLCOM,-6.1917
2026-09-17,15:29,MANAKCOAT,9.9813
2026-09-17,15:29,MANAKSTEEL,28.4239
2026-09-17,15:29,MANALIPETC,25.3427
2026-09-17,15:29,MANBA,0.0748
2026-09-17,15:29,MANGLMCEM,9.0832
2026-09-17,15:29,MANINDS,54.3656
2026-09-17,15:29,MANINFRA,10.787
2026-09-17,15:29,MANIPALHOS,8.1865
2026-09-17,15:29,MANKIND,-5.5674
2026-09-17,15:29,MANORAMA,20.5983
2026-09-17,15:29,MANYAVAR,12.5409
2026-09-17,15:29,MARATHON,6.9602
2026-09-17,15:29,MARICO,-4.108
2026-09-17,15:29,MARINE,22.144
2026-09-17,15:29,MARKSANS,18.123
2026-09-17,15:29,MARSONS,12.7618
2026-09-17,15:29,MASTERTR,6.7879
2026-09-17,15:29,MATRIMONY,24.1492
2026-09-17,15:29,MAXESTATES,46.0614
2026-09-17,15:29,MAXHEALTH,-3.9815
2026-09-17,15:29,MAYURUNIQ,-2.4644
2026-09-17,15:29,MAZDA,15.9398
2026-09-17,15:29,MBAPL,4.4415
2026-09-17,15:29,MBECL,10643.5395
2026-09-17,15:29,MCCHRLS-B,-2.223
2026-09-17,15:29,MCX,25.6523
2026-09-17,15:29,MEDANTA,0.9714
2026-09-17,15:29,MEDPLUS,-5.2586
2026-09-17,15:29,MEESHO,9.2543
2026-09-17,15:29,MEIL,-3.4815
2026-09-17,15:29,MENONBE,31.0015
2026-09-17,15:29,MERCURYEV,15.6941
2026-09-17,15:29,METROBRAND,-5.0499
2026-09-17,15:29,METROPOLIS,1.6558
2026-09-17,15:29,MFSL,2.0355
2026-09-17,15:29,MGL,-3.9369
2026-09-17,15:29,MIDHANI,-1.9945
2026-09-17,15:29,MINDACORP,-5.7746
2026-09-17,15:29,MMFL,8.4217
2026-09-17,15:29,MMP,41.3997
2026-09-17,15:29,MMTC,-5.7071
2026-09-17,15:29,MOBIKWIK,-2.3066
2026-09-17,15:29,MODISONLTD,58.8901
2026-09-17,15:29,MOL,12.2495
2026-09-17,15:29,MOLDTECH,16.6767
2026-09-17,15:29,MOLDTKPAC,-3.4571
2026-09-17,15:29,MONARCH,-5.8251
2026-09-17,15:29,MONTECARLO,10.7296
2026-09-17,15:29,MOREPENLAB,56.6732
2026-09-17,15:29,MOSCHIP,-0.2445
2026-09-17,15:29,MOTHERSON,4.872
2026-09-17,15:29,MOTILALOFS,12.3523
2026-09-17,15:29,MPHASIS,-5.6911
2026-09-17,15:29,MRPL,-4.2113
2026-09-17,15:29,MSPL,-5.9627
2026-09-17,15:29,MSTCLTD,18.832
2026-09-17,15:29,MTARTECH,6.5178
2026-09-17,15:29,MUFIN,-1.6735
2026-09-17,15:29,MUKANDLTD,-5.606
2026-09-17,15:29,MUKKA,23.0635
2026-09-17,15:29,MUNJALAU,0.3927
2026-09-17,15:29,MUTHOOTFIN,-4.2116
2026-09-17,15:29,MVGJL,27.355
2026-09-17,15:29,NAHARINDUS,13.0623
2026-09-17,15:29,NAUKRI,1.8519
2026-09-17,15:29,NAVA,-6.0825
2026-09-17,15:29,NAVINFLUOR,8.0229
2026-09-17,15:29,NAVNETEDUL,-1.9394
2026-09-17,15:29,NAZARA,3.9421
2026-09-17,15:29,NCC,-5.5513
2026-09-17,15:29,NCLIND,-0.5004
2026-09-17,15:29,NELCO,-2.9997
2026-09-17,15:29,NEOGEN,19.0183
2026-09-17,15:29,NEPHROPLUS,3.5498
2026-09-17,15:29,NESCO,3.0589
2026-09-17,15:29,NEULANDLAB,13.5749
2026-09-17,15:29,NH,-1.8128
2026-09-17,15:29,NHPC,-4.3257
2026-09-17,15:29,NIACL,7.2323
2026-09-17,15:29,NILKAMAL,6.4342
2026-09-17,15:29,NINSYS,-1.8509
2026-09-17,15:29,NIRLON,-3.2904
2026-09-17,15:29,NITINSPIN,6.62
2026-09-17,15:29,NITTAGELA,5.4829
2026-09-17,15:29,NMDC,-5.8275
2026-09-17,15:29,NOCIL,7.7288
2026-09-17,15:29,NORTHARC,8.9076
2026-09-17,15:29,NOVARTIND,27.3595
2026-09-17,15:29,NPST,20.4793
2026-09-17,15:29,NRAIL,28.857
2026-09-17,15:29,NRBBEARING,3.168
2026-09-17,15:29,NRL,21.2467
2026-09-17,15:29,NSIL,-4.8819
2026-09-17,15:29,NTPC,-5.8017
2026-09-17,15:29,NTPCGREEN,-3.3973
2026-09-17,15:29,NUCLEUS,0.2247
2026-09-17,15:29,NUVAMA,0.6742
2026-09-17,15:29,NYKAA,-3.4591
2026-09-17,15:29,OAL,36.5147
2026-09-17,15:29,OBEROIRLTY,-3.6424
2026-09-17,15:29,OFSS,-1.1821
2026-09-17,15:29,OIL,7.5225
2026-09-17,15:29,OMAXE,40.8444
2026-09-17,15:29,OMPOWER,-1.3843
2026-09-17,15:29,ONEPOINT,3.4097
2026-09-17,15:29,ONESOURCE,1.6927
2026-09-17,15:29,ONGC,-3.2348
2026-09-17,15:29,ONWARDTEC,3.6228
2026-09-17,15:29,OPTIEMUS,3.311
2026-09-17,15:29,ORCHPHARMA,-3.2615
2026-09-17,15:29,ORICONENT,-4.5971
2026-09-17,15:29,ORIENTBELL,22.9756
2026-09-17,15:29,ORIENTCER,11.836
2026-09-17,15:29,ORIENTELEC,-6.1117
2026-09-17,15:29,ORIENTHOT,7.3953
2026-09-17,15:29,ORKLAINDIA,1.2608
2026-09-17,15:29,PAISALO,28.3338
2026-09-17,15:29,PANACHE,16.3636
2026-09-17,15:29,PANAMAPET,0.9996
2026-09-17,15:29,PARACABLES,-5.6868
2026-09-17,15:29,PARADEEP,4.8395
2026-09-17,15:29,PARAGMILK,16.2873
2026-09-17,15:29,PARAS,5.8365
2026-09-17,15:29,PARKHOSPS,-2.4399
2026-09-17,15:29,PASHUPATI,-3.8521
2026-09-17,15:29,PASUPTAC,13.7886
2026-09-17,15:29,PATANJALI,-0.7143
2026-09-17,15:29,PAUSHAKLTD,1.0385
2026-09-17,15:29,PAYTM,23.373
2026-09-17,15:29,PCBL,-0.0152
2026-09-17,15:29,PDMJEPAPER,6.9891
2026-09-17,15:29,PDSL,-3.4516
2026-09-17,15:29,PENIND,2.8606
2026-09-17,15:29,PERSISTENT,-0.8514
2026-09-17,15:29,PETRONET,0.9437
2026-09-17,15:29,PFOCUS,11.7618
2026-09-17,15:29,PGIL,8.6339
2026-09-17,15:29,PHOENIXLTD,-3.0199
2026-09-17,15:29,PILANIINVS,-5.9076
2026-09-17,15:29,PINELABS,24.8004
2026-09-17,15:29,PITTIENG,19.0569
2026-09-17,15:29,PIXTRANS,0.1161
2026-09-17,15:29,PNB,2.5716
2026-09-17,15:29,PNBGILTS,-6.2687
2026-09-17,15:29,PNBHOUSING,-1.6138
2026-09-17,15:29,PNGSREVA,-4.2176
2026-09-17,15:29,POLICYBZR,8.9506
2026-09-17,15:29,POLYMED,0.2458
2026-09-17,15:29,POLYPLEX,-3.03
2026-09-17,15:29,POWERGRID,-6.3886
2026-09-17,15:29,POWERICA,1.7082
2026-09-17,15:29,POWERINDIA,-3.6111
2026-09-17,15:29,PPL,5.7965
2026-09-17,15:29,PPLPHARMA,-1.0011
2026-09-17,15:29,PRABHA,40.896
2026-09-17,15:29,PRAJIND,-0.2046
2026-09-17,15:29,PRECWIRE,9.707
2026-09-17,15:29,PREMEXPLN,1.1046
2026-09-17,15:29,PREMIERPOL,13.1839
2026-09-17,15:29,PRICOLLTD,-1.8521
2026-09-17,15:29,PRIMESECU,0.9267
2026-09-17,15:29,PRINCEPIPE,-5.8074
2026-09-17,15:29,PRIVISCL,-4.3092
2026-09-17,15:29,PROSTARM,-1.9313
2026-09-17,15:29,PROZONER,26.684
2026-09-17,15:29,PRSMJOHNSN,0.6655
2026-09-17,15:29,PRUDENT,-0.4617
2026-09-17,15:29,PTCIL,25.304
2026-09-17,15:29,PTL,-4.9176
2026-09-17,15:29,PUNJABCHEM,-3.3997
2026-09-17,15:29,PURVA,3.8399
2026-09-17,15:29,PVP,105.8824
2026-09-17,15:29,PVRINOX,9.5361
2026-09-17,15:29,PWL,-0.0078
2026-09-17,15:29,QPOWER,32.2856
2026-09-17,15:29,QUADFUTURE,45.7111
2026-09-17,15:29,QUESS,12.2417
2026-09-17,15:29,QUICKHEAL,-1.5061
2026-09-17,15:29,RACLGEAR,31.2899
2026-09-17,15:29,RADHIKAJWE,-3.101
2026-09-17,15:29,RADICO,-3.7363
2026-09-17,15:29,RAJOOENG,4.3257
2026-09-17,15:29,RAJRILTD,-3.3929
2026-09-17,15:29,RALLIS,-5.648
2026-09-17,15:29,RAMBHAJO,44.2656
2026-09-17,15:29,RAMCOIND,-2.9487
2026-09-17,15:29,RAMRAT,27.6411
2026-09-17,15:29,RATNAMANI,13.4831
2026-09-17,15:29,RATNAVEER,49.4957
2026-09-17,15:29,RAYMOND,55.4179
2026-09-17,15:29,RBA,9.551
2026-09-17,15:29,RBLBANK,3.6814
2026-09-17,15:29,RBZJEWEL,13.1143
2026-09-17,15:29,REDINGTON,15.0208
2026-09-17,15:29,RELIANCE,-2.8203
2026-09-17,15:29,RELIGARE,-2.8422
2026-09-17,15:29,RENUKA,2.1496
2026-09-17,15:29,RESPONIND,-5.6146
2026-09-17,15:29,RGL,25.2421
2026-09-17,15:29,RISHABH,20.2735
2026-09-17,15:29,RITCO,-4.1013
2026-09-17,15:29,RKFORGE,-0.1416
2026-09-17,15:29,RMDRIP,27.7624
2026-09-17,15:29,RML,15.0009
2026-09-17,15:29,ROHLTD,-4.8921
2026-09-17,15:29,ROLEXRINGS,17.2628
2026-09-17,15:29,ROSSTECH,27.4785
2026-09-17,15:29,ROTO,-4.0297
2026-09-17,15:29,RPEL,32.4924
2026-09-17,15:29,RPGLIFE,4.3098
2026-09-17,15:29,RSL,20.0598
2026-09-17,15:29,RSWM,-4.8927
2026-09-17,15:29,RSYSTEMS,-3.7478
2026-09-17,15:29,RUBICON,12.9366
2026-09-17,15:29,RUBYMILLS,31.0987
2026-09-17,15:29,SAATVIKGL,-4.2943
2026-09-17,15:29,SAFARI,0.76
2026-09-17,15:29,SAGILITY,1.5728
2026-09-17,15:29,SAIL,-0.2792
2026-09-17,15:29,SAILIFE,10.8585
2026-09-17,15:29,SAIPARENT,-1.1335
2026-09-17,15:29,SAKAR,26.816
2026-09-17,15:29,SALSTEEL,31.042
2026-09-17,15:29,SAMBHV,6.5451
2026-09-17,15:29,SANATHAN,-3.1043
2026-09-17,15:29,SANDESH,4.8091
2026-09-17,15:29,SANGAMIND,-4.8159
2026-09-17,15:29,SANSERA,7.3394
2026-09-17,15:29,SANSTAR,0.9965
2026-09-17,15:29,SAPPHIRE,15.1689
2026-09-17,15:29,SARDAEN,1.4509
2026-09-17,15:29,SARLAPOLY,-5.7347
2026-09-17,15:29,SATIA,6.8236
2026-09-17,15:29,SATIN,-4.8027
2026-09-17,15:29,SAYAJIHOTL,2.2756
2026-09-17,15:29,SBC,16.8281
2026-09-17,15:29,SBCL,41.3425
2026-09-17,15:29,SBFC,-0.2885
2026-09-17,15:29,SBICARD,-4.3188
2026-09-17,15:29,SBIFUNDS,-5.7496
2026-09-17,15:29,SBILIFE,-6.011
2026-09-17,15:29,SBIN,-6.2844
2026-09-17,15:29,SCHAEFFLER,-2.4086
2026-09-17,15:29,SCPL,-2.9314
2026-09-17,15:29,SEAMECLTD,15.1553
2026-09-17,15:29,SEDEMAC,9.2819
2026-09-17,15:29,SEIL,-4.6003
2026-09-17,15:29,SEJALLTD,-5.3392
2026-09-17,15:29,SENORES,5.9926
2026-09-17,15:29,SESHAPAPER,7.3883
2026-09-17,15:29,SETL,44.4065
2026-09-17,15:29,SGIL,-1.3818
2026-09-17,15:29,SGMART,0.3876
2026-09-17,15:29,SHADOWFAX,3.3428
2026-09-17,15:29,SHAILY,-2.1724
2026-09-17,15:29,SHALPAINTS,-6.3929
2026-09-17,15:29,SHANTIGEAR,61.8922
2026-09-17,15:29,SHANTIGOLD,11.7493
2026-09-17,15:29,SHARDAMOTR,5.2144
2026-09-17,15:29,SHAREINDIA,23.3636
2026-09-17,15:29,SHILPAMED,32.7814
2026-09-17,15:29,SHINDL,0.7192
2026-09-17,15:29,SHIVALIK,46.4256
2026-09-17,15:29,SHIVAUM,10.1942
2026-09-17,15:29,SHOPERSTOP,1.7855
2026-09-17,15:29,SHREEJISPG,4.4201
2026-09-17,15:29,SHREEPUSHK,23.064
2026-09-17,15:29,SHREERAMA,15.6715
2026-09-17,15:29,SHRIPISTON,-1.2475
2026-09-17,15:29,SHYAMMETL,4.6037
2026-09-17,15:29,SIEMENS,-5.4397
2026-09-17,15:29,SIGACHI,14.3024
2026-09-17,15:29,SIGMAADV,21.7033
2026-09-17,15:29,SIGNPOST,-2.8714
2026-09-17,15:29,SIMPLEXINF,8.7181
2026-09-17,15:29,SINDHUTRAD,-5.5601
2026-09-17,15:29,SIS,-2.4968
2026-09-17,15:29,SJVN,-6.3088
2026-09-17,15:29,SKFINDIA,2.0597
2026-09-17,15:29,SKFINDUS,7.7467
2026-09-17,15:29,SKIPPER,-2.9079
2026-09-17,15:29,SKMEGGPROD,0.5027
2026-09-17,15:29,SKYGOLD,16.9024
2026-09-17,15:29,SMARTWORKS,10.1483
2026-09-17,15:29,SMCGLOBAL,3.8471
2026-09-17,15:29,SMLMAH,5.1204
2026-09-17,15:29,SMSPHARMA,13.4961
2026-09-17,15:29,SOFTTECH,20.0576
2026-09-17,15:29,SOLARA,44.1174
2026-09-17,15:29,SOLARINDS,2.2554
2026-09-17,15:29,SOMANYCERA,13.1021
2026-09-17,15:29,SONACOMS,-4.5053
2026-09-17,15:29,SOTL,1.8262
2026-09-17,15:29,SOUTHBANK,-2.2165
2026-09-17,15:29,SPAL,-4.6664
2026-09-17,15:29,SPECIALITY,-1.8799
2026-09-17,15:29,SPECTRUM,21.3269
2026-09-17,15:29,SPIC,-2.0062
2026-09-17,15:29,SPLPETRO,14.3059
2026-09-17,15:29,SPORTKING,-4.6185
2026-09-17,15:29,SREEL,36.8982
2026-09-17,15:29,SRF,-3.9285
2026-09-17,15:29,SRHHYPOLTD,6.033
2026-09-17,15:29,SSWL,8.8451
2026-09-17,15:29,STAR,23.6809
2026-09-17,15:29,STARHEALTH,-4.6846
2026-09-17,15:29,STEL,13.031
2026-09-17,15:29,STLNETWORK,69.4698
2026-09-17,15:29,STLTECH,30.3789
2026-09-17,15:29,STOVEKRAFT,10.2712
2026-09-17,15:29,STYL,0.5635
2026-09-17,15:29,STYLEBAAZA,33.3047
2026-09-17,15:29,SUDARCOLOR,-0.9963
2026-09-17,15:29,SUDARSCHEM,11.148
2026-09-17,15:29,SUDEEPPHRM,15.2719
2026-09-17,15:29,SUNCLAY,-1.5094
2026-09-17,15:29,SUNDARMFIN,-1.5456
2026-09-17,15:29,SUNDRMFAST,19.0451
2026-09-17,15:29,SUNDROP,-1.2171
2026-09-17,15:29,SUNPHARMA,-3.7474
2026-09-17,15:29,SUNTV,-5.0573
2026-09-17,15:29,SUPREMEIND,-3.3578
2026-09-17,15:29,SUPRIYA,-1.4175
2026-09-17,15:29,SURAKSHA,30.3805
2026-09-17,15:29,SUTLEJTEX,-0.9492
2026-09-17,15:29,SUVEN,7.1352
2026-09-17,15:29,SVLL,7.0999
2026-09-17,15:29,SWANDEF,6.6353
2026-09-17,15:29,SWARAJENG,-1.5517
2026-09-17,15:29,SWIGGY,-4.6223
2026-09-17,15:29,SYRMA,12.8025
2026-09-17,15:29,SYSTMTXC,21.6234
2026-09-17,15:29,TAALTECH,33.7701
2026-09-17,15:29,TALBROAUTO,-0.7073
2026-09-17,15:29,TARC,-3.9539
2026-09-17,15:29,TARIL,-6.3454
2026-09-17,15:29,TARSONS,-6.1728
2026-09-17,15:29,TASTYBITE,6.9995
2026-09-17,15:29,TATACHEM,16.9857
2026-09-17,15:29,TATACOMM,2.506
2026-09-17,15:29,TATAINVEST,7.2781
2026-09-17,15:29,TATAPOWER,-3.6554
2026-09-17,15:29,TATASTEEL,-2.9535
2026-09-17,15:29,TATATECH,0.63
2026-09-17,15:29,TATVA,-0.6509
2026-09-17,15:29,TBOTEK,-1.1874
2026-09-17,15:29,TBZ,111.2642
2026-09-17,15:29,TCPLPACK,22.0856
2026-09-17,15:29,TDPOWERSYS,20.1597
2026-09-17,15:29,TEAMLEASE,-1.9895
2026-09-17,15:29,TECHM,-5.3939
2026-09-17,15:29,TECHNOE,-1.9809
2026-09-17,15:29,TEGA,21.4729
2026-09-17,15:29,TEJASNET,-0.6349
2026-09-17,15:29,TEXINFRA,1.9391
2026-09-17,15:29,TEXRAIL,3.946
2026-09-17,15:29,TFCILTD,25.5394
2026-09-17,15:29,THANGAMAYL,-2.8669
2026-09-17,15:29,THEJO,3.9615
2026-09-17,15:29,THELEELA,5.5251
2026-09-17,15:29,THEMISMED,3.2656
2026-09-17,15:29,THOMASCOOK,-1.0524
2026-09-17,15:29,TI,8.5637
2026-09-17,15:29,TIIL,16.0376
2026-09-17,15:29,TIL,-3.8692
2026-09-17,15:29,TIMEX,10.4364
2026-09-17,15:29,TIMKEN,-3.756
2026-09-17,15:29,TIPSMUSIC,-2.3643
2026-09-17,15:29,TITAGARH,-3.0248
2026-09-17,15:29,TITAN,-1.4535
2026-09-17,15:29,TMB,4.3059
2026-09-17,15:29,TMCV,-3.1319
2026-09-17,15:29,TNPETRO,30.0317
2026-09-17,15:29,TNPL,-5.7659
2026-09-17,15:29,TORNTPHARM,-2.5
2026-09-17,15:29,TORNTPOWER,-3.5587
2026-09-17,15:29,TRANSPEK,-0.6841
2026-09-17,15:29,TREL,23.5782
2026-09-17,15:29,TRIVENI,-1.2112
2026-09-17,15:29,TSFINV,-1.7948
2026-09-17,15:29,TTKHLTCARE,0.2964
2026-09-17,15:29,TURTLEMINT,14.3862
2026-09-17,15:29,TVSSCS,-4.0068
2026-09-17,15:29,TVSSRICHAK,22.6744
2026-09-17,15:29,UFLEX,37.1888
2026-09-17,15:29,UGARSUGAR,23.4057
2026-09-17,15:29,ULTRAMAR,5.1625
2026-09-17,15:29,UNICHEMLAB,8.2529
2026-09-17,15:29,UNIECOM,-0.857
2026-09-17,15:29,UNIENTER,-5.1893
2026-09-17,15:29,UNIMECH,16.7993
2026-09-17,15:29,UNIONBANK,1.3026
2026-09-17,15:29,UNIPARTS,9.5303
2026-09-17,15:29,UNITEDPOLY,51.2445
2026-09-17,15:29,UNIVASTU,-1.3067
2026-09-17,15:29,UNIVCABLES,0.7845
2026-09-17,15:29,UNIVPHOTO,27.9167
2026-09-17,15:29,UNOMINDA,-3.6
2026-09-17,15:29,UPL,-3.8978
2026-09-17,15:29,URBANCO,14.2126
2026-09-17,15:29,USHAMART,-4.7285
2026-09-17,15:29,UTIAMC,-0.3771
2026-09-17,15:29,UTLSOLAR,4.6309
2026-09-17,15:29,UTTAMSUGAR,0.7826
2026-09-17,15:29,V2RETAIL,-3.2955
2026-09-17,15:29,VADILALIND,-0.8517
2026-09-17,15:29,VALIANTLAB,100.4736
2026-09-17,15:29,VALIANTORG,42.5406
2026-09-17,15:29,VARROC,17.9139
2026-09-17,15:29,VBL,-4.9313
2026-09-17,15:29,VEEDOL,-3.992
2026-09-17,15:29,VELJAN,20.4738
2026-09-17,15:29,VENKEYS,4.659
2026-09-17,15:29,VENUSPIPES,30.8594
2026-09-17,15:29,VENUSREM,1.6729
2026-09-17,15:29,VGUARD,6.4142
2026-09-17,15:29,VHL,-0.842
2026-09-17,15:29,VHLTD,4.9503
2026-09-17,15:29,VIDHIING,8.3528
2026-09-17,15:29,VIJAYA,8.3837
2026-09-17,15:29,VINATIORGA,-5.8748
2026-09-17,15:29,VINCOFE,13.2741
2026-09-17,15:29,VINDHYATEL,11.6649
2026-09-17,15:29,VIPIND,-1.7915
2026-09-17,15:29,VISAKAIND,4.4513
2026-09-17,15:29,VISHNU,20.4314
2026-09-17,15:29,VIVIANA,-0.5626
2026-09-17,15:29,VMART,-2.1064
2026-09-17,15:29,VOEPL,-1.2347
2026-09-17,15:29,VOGL,-6.1186
2026-09-17,15:29,VOLTAMP,6.8159
2026-09-17,15:29,VRLLOG,3.19
2026-09-17,15:29,VSSL,23.2883
2026-09-17,15:29,VSTTILLERS,-6.284
2026-09-17,15:29,VTL,-6.1371
2026-09-17,15:29,WABAG,3.595
2026-09-17,15:29,WAKEFIT,11.2648
2026-09-17,15:29,WCIL,5.0187
2026-09-17,15:29,WELCORP,37.593
2026-09-17,15:29,WELENT,33.3162
2026-09-17,15:29,WELINV,22.6944
2026-09-17,15:29,WELSPLSOL,6.4128
2026-09-17,15:29,WELSPUNLIV,32.0127
2026-09-17,15:29,WENDT,8.8549
2026-09-17,15:29,WHEELS,48.615
2026-09-17,15:29,WINDLAS,30.4312
2026-09-17,15:29,WINDMACHIN,7.2373
2026-09-17,15:29,WOCKPHARMA,3.2999
2026-09-17,15:29,WONDERLA,2.7035
2026-09-17,15:29,WPIL,1.3401
2026-09-17,15:29,WSTCSTPAPR,21.3499
2026-09-17,15:29,XPROINDIA,11.1801
2026-09-17,15:29,XTRANET,136.2472
2026-09-17,15:29,YASHO,-3.7162
2026-09-17,15:29,YATHARTH,24.9374
2026-09-17,15:29,YATRA,-5.7546
2026-09-17,15:29,YESBANK,0.6966
2026-09-17,15:29,YUKEN,49.8666
2026-09-17,15:29,ZENTEC,0.418
2026-09-17,15:29,ZFCVINDIA,-5.5871
2026-09-17,15:29,ZFSTEERING,3.4555
2026-09-17,15:29,ZIMLAB,20.4962
2026-09-17,15:29,ZUARI,-5.0209
2026-09-17,15:29,ZUARIIND,-0.537
2026-09-17,15:29,ZYDUSLIFE,1.2488
2026-09-17,15:29,ZYDUSWELL,2.9695
