date,time,group,changeinpercentage
2026-09-04,15:29,20MICRONS,2.144
2026-09-04,15:29,3IINFOLTD,2.6618
2026-09-04,15:29,63MOONS,2.9662
2026-09-04,15:29,AADHARHFC,1.0237
2026-09-04,15:29,AAREYDRUGS,1.4295
2026-09-04,15:29,AARTIDRUGS,1.362
2026-09-04,15:29,AARTISURF,0.7809
2026-09-04,15:29,ABAN,1.4208
2026-09-04,15:29,ABANSENT,1.4936
2026-09-04,15:29,ABCAPITAL,0.7214
2026-09-04,15:29,ABFRL,5.0784
2026-09-04,15:29,ABINFRA,1.5206
2026-09-04,15:29,ABLBL,3.0902
2026-09-04,15:29,ABMKNO,1.0106
2026-09-04,15:29,ABSLAMC,1.6361
2026-09-04,15:29,ACC,0.9277
2026-09-04,15:29,ACCURACY,2.1327
2026-09-04,15:29,ACEINTEG,4.7591
2026-09-04,15:29,ACI,1.8174
2026-09-04,15:29,ACMESOLAR,4.006
2026-09-04,15:29,ACSTECH,2.249
2026-09-04,15:29,ADANIENSOL,1.7248
2026-09-04,15:29,ADANIENT,1.2754
2026-09-04,15:29,ADANIGREEN,1.3947
2026-09-04,15:29,ADDIND,3.4555
2026-09-04,15:29,AEPL,2.3991
2026-09-04,15:29,AERONEU,2.0003
2026-09-04,15:29,AEROPLANE,3.3073
2026-09-04,15:29,AFFLE,6.4047
2026-09-04,15:29,AGARIND,2.3382
2026-09-04,15:29,AGIIL,1.9404
2026-09-04,15:29,AHLWEST,3.6715
2026-09-04,15:29,AIRAN,4.3243
2026-09-04,15:29,AJMERA,2.0009
2026-09-04,15:29,AKASH,2.7287
2026-09-04,15:29,AKCAPIT,2.3271
2026-09-04,15:29,AKG,2.6767
2026-09-04,15:29,AKI,9.8934
2026-09-04,15:29,AKSHARCHEM,4.9175
2026-09-04,15:29,AKSHOPTFBR,4.9435
2026-09-04,15:29,ALANKIT,1.4963
2026-09-04,15:29,ALEMBICLTD,1.735
2026-09-04,15:29,ALKYLAMINE,0.8836
2026-09-04,15:29,ALLTIME,3.1535
2026-09-04,15:29,ALMONDZ,1.3024
2026-09-04,15:29,ALOKINDS,3.9841
2026-09-04,15:29,ALPHAGEO,2.8095
2026-09-04,15:29,ALPINETEX,1.032
2026-09-04,15:29,AMANTA,1.9976
2026-09-04,15:29,AMARJOTHI,1.3412
2026-09-04,15:29,AMBER,0.8637
2026-09-04,15:29,AMBICAAGAR,3.3422
2026-09-04,15:29,AMDIND,3.0935
2026-09-04,15:29,ANDHRAPAP,1.8328
2026-09-04,15:29,ANGELONE,4.8252
2026-09-04,15:29,ANSALBU,5.6713
2026-09-04,15:29,ANUHPHR,1.7821
2026-09-04,15:29,AONESILVER,1.1377
2026-09-04,15:29,APCL,1.3187
2026-09-04,15:29,APLAPOLLO,4.1956
2026-09-04,15:29,APOLLO,1.4742
2026-09-04,15:29,AQYLON,4.0296
2026-09-04,15:29,ARDEE,1.4953
2026-09-04,15:29,ARIES,0.7048
2026-09-04,15:29,ARIHANT,3.5301
2026-09-04,15:29,ARIHANTCAP,1.4901
2026-09-04,15:29,ARKADE,0.8456
2026-09-04,15:29,ARMANFIN,3.8857
2026-09-04,15:29,ARROWGREEN,4.7209
2026-09-04,15:29,ARTEMISMED,4.0488
2026-09-04,15:29,ASAHISONG,1.0439
2026-09-04,15:29,ASALCBR,1.4798
2026-09-04,15:29,ASHOKAMET,0.8166
2026-09-04,15:29,ASTAR,1.1236
2026-09-04,15:29,ASTRAMICRO,3.8376
2026-09-04,15:29,ASTRON,2
2026-09-04,15:29,ATALREAL,1.2355
2026-09-04,15:29,ATL,4.3281
2026-09-04,15:29,ATLASCYCLE,0.7754
2026-09-04,15:29,ATULAUTO,0.8346
2026-09-04,15:29,AUROPHARMA,0.965
2026-09-04,15:29,AURUS,4.7619
2026-09-04,15:29,AUSOMENT,1.1504
2026-09-04,15:29,AWFIS,1.6764
2026-09-04,15:29,AYE,2.3255
2026-09-04,15:29,BAGFILMS,4.3981
2026-09-04,15:29,BAJAJCON,1.6897
2026-09-04,15:29,BAJAJINDEF,0.8377
2026-09-04,15:29,BAJFINANCE,1.0963
2026-09-04,15:29,BALAJITELE,2.037
2026-09-04,15:29,BALAMINES,4.4421
2026-09-04,15:29,BANCOINDIA,1.0699
2026-09-04,15:29,BANG,1.8145
2026-09-04,15:29,BANK10BETF,1.015
2026-09-04,15:29,BANKA,4.9555
2026-09-04,15:29,BASF,0.848
2026-09-04,15:29,BASML,1.5588
2026-09-04,15:29,BATLIBOI,2.7379
2026-09-04,15:29,BAYERCROP,0.7347
2026-09-04,15:29,BBNPNBETF,2.0122
2026-09-04,15:29,BBNPPGOLD,0.8136
2026-09-04,15:29,BCLIND,1.1044
2026-09-04,15:29,BCONCEPTS,1.1485
2026-09-04,15:29,BCPL,1.0034
2026-09-04,15:29,BELLACASA,1.3945
2026-09-04,15:29,BGRENERGY,3.2796
2026-09-04,15:29,BHAGERIA,4.9974
2026-09-04,15:29,BHANDARI,1
2026-09-04,15:29,BI,4.9951
2026-09-04,15:29,BIGBLOC,1.5258
2026-09-04,15:29,BILVYAPAR,1.5075
2026-09-04,15:29,BIMETAL,0.7217
2026-09-04,15:29,BIRLACABLE,4.9909
2026-09-04,15:29,BIRLACORPN,0.7322
2026-09-04,15:29,BIRLANU,1.7211
2026-09-04,15:29,BIRLAPREC,12.096
2026-09-04,15:29,BLISSGVS,4.9503
2026-09-04,15:29,BLKASHYAP,3.0208
2026-09-04,15:29,BLUECOAST,1.4249
2026-09-04,15:29,BLUESTONE,4.7024
2026-09-04,15:29,BLUSPRING,3.5084
2026-09-04,15:29,BODALCHEM,3.2237
2026-09-04,15:29,BOHRAIND,2.834
2026-09-04,15:29,BORANA,2.4139
2026-09-04,15:29,BOROLTD,4.1548
2026-09-04,15:29,BOSCH-HCIL,2.312
2026-09-04,15:29,BPLPHARMA,0.8219
2026-09-04,15:29,BRAHMINFRA,1.0175
2026-09-04,15:29,BROOKS,2.993
2026-09-04,15:29,BSE,3.1366
2026-09-04,15:29,BSHSL,2.258
2026-09-04,15:29,BSLGOLDETF,0.8794
2026-09-04,15:29,BUILDPRO,0.7294
2026-09-04,15:29,BURNPUR,4.9659
2026-09-04,15:29,BUTTERFLY,1.8334
2026-09-04,15:29,BVCL,0.7881
2026-09-04,15:29,CAMLINFINE,0.8311
2026-09-04,15:29,CANHLIFE,1.8923
2026-09-04,15:29,CANTABIL,2.2335
2026-09-04,15:29,CAPACITE,3.514
2026-09-04,15:29,CAPILLARY,2.0831
2026-09-04,15:29,CAPTRUST,1.417
2026-09-04,15:29,CARBORUNIV,4.8794
2026-09-04,15:29,CARERATING,1.7443
2026-09-04,15:29,CASTROLIND,2.0652
2026-09-04,15:29,CCAVENUE,1.9481
2026-09-04,15:29,CEIGALL,2.3738
2026-09-04,15:29,CELEBRITY,0.8902
2026-09-04,15:29,CENTRALBK,1.0075
2026-09-04,15:29,CERA,1.8299
2026-09-04,15:29,CEREBRAINT,3.4615
2026-09-04,15:29,CFEL,1.3417
2026-09-04,15:29,CGCL,3.018
2026-09-04,15:29,CHEMPLASTS,1.9517
2026-09-04,15:29,CHENNPETRO,0.8472
2026-09-04,15:29,CHEVIOT,1.426
2026-09-04,15:29,CHOICEGOLD,1.0057
2026-09-04,15:29,CHOLAHLDNG,1.5238
2026-09-04,15:29,CINELINE,6.0114
2026-09-04,15:29,CLCIND,3.2174
2026-09-04,15:29,CLEANMAX,3.7884
2026-09-04,15:29,CMPDI,1.7775
2026-09-04,15:29,COCHINSHIP,0.8341
2026-09-04,15:29,COCKERILL,1.4047
2026-09-04,15:29,COFFEEDAY,4.984
2026-09-04,15:29,COMMOIETF,0.9255
2026-09-04,15:29,COMPEAU,2.764
2026-09-04,15:29,COMPINFO,1.8692
2026-09-04,15:29,COMPUSOFT,1.0085
2026-09-04,15:29,CONSOFINVT,4.9891
2026-09-04,15:29,CORALFINAC,1.609
2026-09-04,15:29,CORDELIA,1.9927
2026-09-04,15:29,CORDSCABLE,4.655
2026-09-04,15:29,CPCAP,8.4784
2026-09-04,15:29,CPEDU,1.1646
2026-09-04,15:29,CRAFTSMAN,1.5865
2026-09-04,15:29,CRAVATEX,0.8416
2026-09-04,15:29,CREATIVEYE,0.9788
2026-09-04,15:29,CRISIL,0.8887
2026-09-04,15:29,CROMPTON,2.6003
2026-09-04,15:29,CROWN,0.9302
2026-09-04,15:29,CRSL,4.5977
2026-09-04,15:29,CSBBANK,1.1079
2026-09-04,15:29,CSLFINANCE,3.2437
2026-09-04,15:29,CTE,1.9254
2026-09-04,15:29,CUB,0.704
2026-09-04,15:29,CUPID,1.1431
2026-09-04,15:29,CURAA,9.4562
2026-09-04,15:29,CYBERMEDIA,10.5528
2026-09-04,15:29,CYBERTECH,0.8241
2026-09-04,15:29,CYIENTDLM,2.4386
2026-09-04,15:29,DBCORP,0.965
2026-09-04,15:29,DBEIL,4.7231
2026-09-04,15:29,DCMFINSERV,2.1611
2026-09-04,15:29,DCMNVL,1.6041
2026-09-04,15:29,DECCANCE,0.8139
2026-09-04,15:29,DEEDEV,1.9121
2026-09-04,15:29,DEEPINDS,5.585
2026-09-04,15:29,DELPHIFX,1.6835
2026-09-04,15:29,DELTAMAGNT,2.0444
2026-09-04,15:29,DENTA,1.8306
2026-09-04,15:29,DEVX,3.6103
2026-09-04,15:29,DEVYANI,0.891
2026-09-04,15:29,DGCONTENT,1.6373
2026-09-04,15:29,DIACABS,2.7563
2026-09-04,15:29,DICIND,5.9247
2026-09-04,15:29,DIGITIDE,1.5599
2026-09-04,15:29,DIGJAMLMTD,1.1336
2026-09-04,15:29,DISAQ,1.8259
2026-09-04,15:29,DJML,6.9721
2026-09-04,15:29,DOLATALGO,1.2277
2026-09-04,15:29,DOLPHIN,8.7799
2026-09-04,15:29,DONEAR,4.1667
2026-09-04,15:29,DPABHUSHAN,4.0312
2026-09-04,15:29,DRAGARWQ,1.564
2026-09-04,15:29,DRCSYSTEMS,1.6393
2026-09-04,15:29,DREAMFOLKS,0.9046
2026-09-04,15:29,DREDGECORP,1.2096
2026-09-04,15:29,DSKULKARNI,1.9958
2026-09-04,15:29,DSSL,4.995
2026-09-04,15:29,DVL,1.4871
2026-09-04,15:29,DYNAMATECH,1.0579
2026-09-04,15:29,E2E,1.4932
2026-09-04,15:29,EASTWEST,0.8547
2026-09-04,15:29,EBIX,2.2177
2026-09-04,15:29,ECAPINSURE,0.9255
2026-09-04,15:29,ECORECO,0.7126
2026-09-04,15:29,EDELWEISS,0.9795
2026-09-04,15:29,EDUCOMP,2.2727
2026-09-04,15:29,EGOLD,0.7864
2026-09-04,15:29,EIEL,1.7939
2026-09-04,15:29,ELANTAS,0.8668
2026-09-04,15:29,ELCIDIN,1.0235
2026-09-04,15:29,ELGIEQUIP,1.864
2026-09-04,15:29,EMAMIPAP,5
2026-09-04,15:29,EMCURE,3.9306
2026-09-04,15:29,EMETAL,1.2889
2026-09-04,15:29,EMKAY,3.6857
2026-09-04,15:29,EMMBI,0.9205
2026-09-04,15:29,EMPOWER,1.0989
2026-09-04,15:29,EMUDHRA,0.9522
2026-09-04,15:29,ENDURANCE,1.0201
2026-09-04,15:29,ENIL,3.0519
2026-09-04,15:29,ENKEIWHEL,2.3634
2026-09-04,15:29,EPACKPEB,1.6762
2026-09-04,15:29,ERIS,1.3962
2026-09-04,15:29,ESILVER,1.2792
2026-09-04,15:29,ESSARSHPNG,1.3041
2026-09-04,15:29,EXICOM,7.0547
2026-09-04,15:29,FABTECH,1.948
2026-09-04,15:29,FCL,6.4036
2026-09-04,15:29,FEDDERSHOL,2.7826
2026-09-04,15:29,FEDFINA,2.3438
2026-09-04,15:29,FIEMIND,2.4007
2026-09-04,15:29,FILATEX,1.3034
2026-09-04,15:29,FINIETF,0.9188
2026-09-04,15:29,FINKURVE,2.9617
2026-09-04,15:29,FIRSTCRY,0.8339
2026-09-04,15:29,FLFL,2.459
2026-09-04,15:29,FMNL,4.9896
2026-09-04,15:29,FOODSIN,2.3368
2026-09-04,15:29,FRACTAL,0.9848
2026-09-04,15:29,FRONTSP,1.7326
2026-09-04,15:29,FUSION,1.7323
2026-09-04,15:29,GANESHBE,1.6917
2026-09-04,15:29,GANESHCP,3.3408
2026-09-04,15:29,GCSL,1.4403
2026-09-04,15:29,GEEKAYWIRE,0.7486
2026-09-04,15:29,GENCON,5.3588
2026-09-04,15:29,GENESYS,3.7057
2026-09-04,15:29,GENESYS-RE,13.917
2026-09-04,15:29,GENUSPAPER,2.5724
2026-09-04,15:29,GESHIP,1.1894
2026-09-04,15:29,GFLLIMITED,7.0929
2026-09-04,15:29,GICL,2.5
2026-09-04,15:29,GKSL,0.758
2026-09-04,15:29,GLAND,0.8425
2026-09-04,15:29,GLAXO,0.7013
2026-09-04,15:29,GLFL,2.4735
2026-09-04,15:29,GLOBAL,3.5951
2026-09-04,15:29,GLOSTERLTD,0.9733
2026-09-04,15:29,GMBREW,1.0214
2026-09-04,15:29,GMMPFAUDLR,6.9306
2026-09-04,15:29,GMRP&UI,3.9372
2026-09-04,15:29,GNA,3.6198
2026-09-04,15:29,GNFC,1.5919
2026-09-04,15:29,GNRL,2.6365
2026-09-04,15:29,GOACARBON,0.8528
2026-09-04,15:29,GOCLCORP,1.064
2026-09-04,15:29,GOCOLORS,1.2711
2026-09-04,15:29,GODREJIND,0.797
2026-09-04,15:29,GOKEX,2.8073
2026-09-04,15:29,GOKUL,2.4076
2026-09-04,15:29,GOLD1,0.7766
2026-09-04,15:29,GOLDADD,0.7412
2026-09-04,15:29,GOLDAXIS,0.7154
2026-09-04,15:29,GOLDBEES,0.7447
2026-09-04,15:29,GOLDBETA,0.7782
2026-09-04,15:29,GOLDBND,0.7269
2026-09-04,15:29,GOLDCASE,0.7491
2026-09-04,15:29,GOLDETF,0.8298
2026-09-04,15:29,GOLDIAM,1.365
2026-09-04,15:29,GOLDIETF,0.8031
2026-09-04,15:29,GOODLUCK,0.7456
2026-09-04,15:29,GPTHEALTH,2.9217
2026-09-04,15:29,GPTINFRA,1.1003
2026-09-04,15:29,GRADIENTE,1.4981
2026-09-04,15:29,GRAPHITE,1.7053
2026-09-04,15:29,GREENPLY,3.9932
2026-09-04,15:29,GREENPOWER,0.9793
2026-09-04,15:29,GRMOVER,2.0044
2026-09-04,15:29,GROWW,1.9764
2026-09-04,15:29,GROWWCAPM,0.9709
2026-09-04,15:29,GROWWDEFNC,0.8384
2026-09-04,15:29,GROWWGOLD,0.8048
2026-09-04,15:29,GROWWMETAL,1.9231
2026-09-04,15:29,GROWWSLVR,1.2417
2026-09-04,15:29,GRPLTD,1.6821
2026-09-04,15:29,GRSE,0.9323
2026-09-04,15:29,GSEC10ADD,1.1325
2026-09-04,15:29,GSLSU,4.9963
2026-09-04,15:29,GTECJAINX,1.4558
2026-09-04,15:29,GTPL,1.2774
2026-09-04,15:29,GUFICBIO,1.2632
2026-09-04,15:29,GUJAPOLLO,2.2992
2026-09-04,15:29,GVKPIL,1.4634
2026-09-04,15:29,GYFTR,1.2817
2026-09-04,15:29,HAL,1.8969
2026-09-04,15:29,HALDER,3.0186
2026-09-04,15:29,HALDYNGL,2.1085
2026-09-04,15:29,HARIOMPIPE,1.055
2026-09-04,15:29,HARRMALAYA,0.795
2026-09-04,15:29,HARSHA,0.7316
2026-09-04,15:29,HATHWAY,2.5341
2026-09-04,15:29,HAVISHA,0.7143
2026-09-04,15:29,HAWKINCOOK,1.3198
2026-09-04,15:29,HBLENGINE,4.5376
2026-09-04,15:29,HBSL,0.7523
2026-09-04,15:29,HDFCBANK,0.7712
2026-09-04,15:29,HDFCGOLD,0.8284
2026-09-04,15:29,HDFCLIFE,2.418
2026-09-04,15:29,HDFCNIMEG,1.5743
2026-09-04,15:29,HDFCSILVER,1.1905
2026-09-04,15:29,HEADSUP,7.7728
2026-09-04,15:29,HEALTHX,2.8249
2026-09-04,15:29,HEG,2.9401
2026-09-04,15:29,HEIDELBERG,1.2517
2026-09-04,15:29,HERITGFOOD,2.9067
2026-09-04,15:29,HESTERBIO,9.2519
2026-09-04,15:29,HEXAGON,1.2195
2026-09-04,15:29,HFCL,4.9995
2026-09-04,15:29,HGM,2.1149
2026-09-04,15:29,HGS,1.5903
2026-09-04,15:29,HIMATSEIDE,1.6923
2026-09-04,15:29,HINDZINC,2.2196
2026-09-04,15:29,HITECH,0.825
2026-09-04,15:29,HLEGLAS,4.2493
2026-09-04,15:29,HLVLTD,1.092
2026-09-04,15:29,HOMEFIRST,0.7242
2026-09-04,15:29,HONAUT,1.1059
2026-09-04,15:29,HONDAPOWER,1.9231
2026-09-04,15:29,HPIL,1.4261
2026-09-04,15:29,HSBCGOLD,0.9658
2026-09-04,15:29,HSCL,1.3671
2026-09-04,15:29,HYUNDAI,2.4628
2026-09-04,15:29,ICDSLTD,9.9908
2026-09-04,15:29,ICIL,2.8467
2026-09-04,15:29,IDEA,3.7293
2026-09-04,15:29,IFBAGRO,1.6028
2026-09-04,15:29,IFCI,5.7033
2026-09-04,15:29,IGARASHI,1.5616
2026-09-04,15:29,IGL,5.769
2026-09-04,15:29,IGPL,3.3798
2026-09-04,15:29,IIFL,1.2045
2026-09-04,15:29,IIFLCAPS,0.9318
2026-09-04,15:29,IKIO,1.9346
2026-09-04,15:29,IKS,1.5874
2026-09-04,15:29,IL&FSENGG,5
2026-09-04,15:29,IMAGICAA,1.5215
2026-09-04,15:29,IMPAL,2.4637
2026-09-04,15:29,IMPEXFERRO,1.9438
2026-09-04,15:29,INA,1.3591
2026-09-04,15:29,INCREDIBLE,1.2761
2026-09-04,15:29,INDIACEM,1.0312
2026-09-04,15:29,INDIAGLYCO,5
2026-09-04,15:29,INDIANCARD,2.3974
2026-09-04,15:29,INDIQUBE,0.7509
2026-09-04,15:29,INDNIPPON,4.3988
2026-09-04,15:29,INDOAMIN,1.3518
2026-09-04,15:29,INDOMIM,5.3231
2026-09-04,15:29,INDORAMA,5.9387
2026-09-04,15:29,INDOSTAR,1.0864
2026-09-04,15:29,INDOTECH,1.4512
2026-09-04,15:29,INFOBEAN,2.7905
2026-09-04,15:29,INFOMEDIA,3.2819
2026-09-04,15:29,INNOVACAP,4.4429
2026-09-04,15:29,INOXGREEN,2.3917
2026-09-04,15:29,INOXINDIA,3.2901
2026-09-04,15:29,INSUREIETF,1.2633
2026-09-04,15:29,INTELLECT,1.231
2026-09-04,15:29,INTENTECH,3.4071
2026-09-04,15:29,INTLCONV,2.1903
2026-09-04,15:29,INVENTURE,1.087
2026-09-04,15:29,IOB,0.963
2026-09-04,15:29,IOLCP,1.792
2026-09-04,15:29,IONEXCHANG,7.0644
2026-09-04,15:29,IRFC,0.9074
2026-09-04,15:29,IRIS,4.7218
2026-09-04,15:29,IRISDOREME,6.002
2026-09-04,15:29,ISGEC,2.1074
2026-09-04,15:29,ITI,1.5087
2026-09-04,15:29,IVC,1.4866
2026-09-04,15:29,IWP,0.8803
2026-09-04,15:29,IXIGO,2.8369
2026-09-04,15:29,JASH,3.0917
2026-09-04,15:29,JENBURPH,0.7077
2026-09-04,15:29,JETFREIGHT,1.2913
2026-09-04,15:29,JINDALSTEL,1.7467
2026-09-04,15:29,JINDRILL,2.0234
2026-09-04,15:29,JINDWORLD,19.4392
2026-09-04,15:29,JIOFIN,0.8633
2026-09-04,15:29,JISLDVREQS,4.2796
2026-09-04,15:29,JISLJALEQS,9.6236
2026-09-04,15:29,JKCEMENT,0.8731
2026-09-04,15:29,JNKINDIA,3.1522
2026-09-04,15:29,JNPR,2.2762
2026-09-04,15:29,JOCIL,0.9222
2026-09-04,15:29,JPPOWER,0.9294
2026-09-04,15:29,JSLL,2.9614
2026-09-04,15:29,JSWSTEEL,1.2997
2026-09-04,15:29,JTLIND,2.2304
2026-09-04,15:29,JUBLPHARMA,1.8284
2026-09-04,15:29,JWL,0.8918
2026-09-04,15:29,JYOTISTRUC,2.2449
2026-09-04,15:29,KABRAEXTRU,2.5407
2026-09-04,15:29,KALAMANDIR,0.722
2026-09-04,15:29,KALYANKJIL,2.3065
2026-09-04,15:29,KAMANWALA,4.3396
2026-09-04,15:29,KAMATHOTEL,3.6065
2026-09-04,15:29,KAMDHENU,1.2123
2026-09-04,15:29,KANCHI,2.7976
2026-09-04,15:29,KAVDEFENCE,19.5726
2026-09-04,15:29,KAYA,4.9893
2026-09-04,15:29,KAYNES,3.2425
2026-09-04,15:29,KDDL,1.4448
2026-09-04,15:29,KECL,0.9665
2026-09-04,15:29,KENNAMET,3.4487
2026-09-04,15:29,KERNEX,6.2822
2026-09-04,15:29,KHADIM,2
2026-09-04,15:29,KHANDSE,1.4909
2026-09-04,15:29,KILITCH,4.8864
2026-09-04,15:29,KINGFA,0.7558
2026-09-04,15:29,KIRLFER,1.111
2026-09-04,15:29,KISSHT,1.3102
2026-09-04,15:29,KITEX,4.2139
2026-09-04,15:29,KKCL,2.0842
2026-09-04,15:29,KLBRENG-B,3.2212
2026-09-04,15:29,KNRCON,4.5192
2026-09-04,15:29,KOKUYOCMLN,2.7664
2026-09-04,15:29,KOTAKBANK,0.7954
2026-09-04,15:29,KOTHARIPET,1.1936
2026-09-04,15:29,KOTYARK,4.9751
2026-09-04,15:29,KPEL,2.6693
2026-09-04,15:29,KPIGREEN,1.2366
2026-09-04,15:29,KPRMILL,0.9273
2026-09-04,15:29,KREBSBIO,2.6606
2026-09-04,15:29,KRIDHANINF,0.995
2026-09-04,15:29,KRITI,1.083
2026-09-04,15:29,KRITINUT,3.7068
2026-09-04,15:29,KRN,4.8343
2026-09-04,15:29,KRONOX,0.7199
2026-09-04,15:29,KRSNAA,1.6426
2026-09-04,15:29,KSHINTL,6.3655
2026-09-04,15:29,KSHITIJPOL,4.7619
2026-09-04,15:29,KSR,9.7337
2026-09-04,15:29,LAKPRE,4.8117
2026-09-04,15:29,LANCORHOL,16.1151
2026-09-04,15:29,LANDMARK,2.4398
2026-09-04,15:29,LAOPALA,1.3699
2026-09-04,15:29,LAXMICOT,8.0252
2026-09-04,15:29,LAXMIINDIA,3.4886
2026-09-04,15:29,LCL,5.0682
2026-09-04,15:29,LENSKART,1.8514
2026-09-04,15:29,LICHSGFIN,1.4531
2026-09-04,15:29,LICMFGOLD,0.9091
2026-09-04,15:29,LIKHITHA,0.9364
2026-09-04,15:29,LKPSEC,1.731
2026-09-04,15:29,LLOYDSENT,3.1402
2026-09-04,15:29,LOKESHMACH,1.1935
2026-09-04,15:29,LORDSCHLO,3.5676
2026-09-04,15:29,LOTUSDEV,4.6631
2026-09-04,15:29,LOYALTEX,2.9837
2026-09-04,15:29,LYKALABS,1.9914
2026-09-04,15:29,MADHAV,1.4925
2026-09-04,15:29,MADHAVIPL,0.7576
2026-09-04,15:29,MAHASTEEL,1.9313
2026-09-04,15:29,MAHLOG,1.2616
2026-09-04,15:29,MAHSEAMLES,5.2946
2026-09-04,15:29,MAITHANALL,5.012
2026-09-04,15:29,MALLCOM,1.9373
2026-09-04,15:29,MAMATA,1.9775
2026-09-04,15:29,MANAKALUCO,1.1146
2026-09-04,15:29,MANAKCOAT,0.9532
2026-09-04,15:29,MANAKSIA,6.6475
2026-09-04,15:29,MANOMAY,3.5886
2026-09-04,15:29,MANORAMA,1.3782
2026-09-04,15:29,MANUGRAPH,1.0274
2026-09-04,15:29,MANYAVAR,4.5759
2026-09-04,15:29,MARALOVER,11.8893
2026-09-04,15:29,MARSONS,9.5834
2026-09-04,15:29,MASFIN,0.7858
2026-09-04,15:29,MASKINVEST,3.5458
2026-09-04,15:29,MASPTOP50,0.757
2026-09-04,15:29,MASTERTR,10.0333
2026-09-04,15:29,MAXESTATES,2.1481
2026-09-04,15:29,MAYURUNIQ,0.8301
2026-09-04,15:29,MBAPL,2.4926
2026-09-04,15:29,MCX,3.3184
2026-09-04,15:29,MEDANTA,3.7042
2026-09-04,15:29,MEDICAMEQ,4.1827
2026-09-04,15:29,MEDICAPQ,4.8246
2026-09-04,15:29,MEDICO,0.9367
2026-09-04,15:29,MEDPLUS,2.3764
2026-09-04,15:29,MEGASTAR,1.1509
2026-09-04,15:29,MENNPIS,3.769
2026-09-04,15:29,MENONBE,4.1646
2026-09-04,15:29,METAL,1.2792
2026-09-04,15:29,METALIETF,1.5152
2026-09-04,15:29,METROBRAND,1.4744
2026-09-04,15:29,MFML,1.2527
2026-09-04,15:29,MFSL,0.7417
2026-09-04,15:29,MGL,2.832
2026-09-04,15:29,MIDWESTLTD,0.7398
2026-09-04,15:29,MINALIND,4.902
2026-09-04,15:29,MITTAL,2.5641
2026-09-04,15:29,MKEXIM,3.3234
2026-09-04,15:29,MLKFOOD,1.2225
2026-09-04,15:29,MMP,2.071
2026-09-04,15:29,MMTC,2.9846
2026-09-04,15:29,MMWL,3.2694
2026-09-04,15:29,MOBIKWIK,0.7922
2026-09-04,15:29,MOCAPITAL,1.3011
2026-09-04,15:29,MODEFENCE,1.0278
2026-09-04,15:29,MODINATUR,1.9892
2026-09-04,15:29,MODTHREAD,1.8355
2026-09-04,15:29,MOGOLD,0.7302
2026-09-04,15:29,MOIPO,0.8412
2026-09-04,15:29,MOKSH,0.9018
2026-09-04,15:29,MOLDTECH,0.7959
2026-09-04,15:29,MOLDTKPAC,1.0077
2026-09-04,15:29,MOMETAL,1.2158
2026-09-04,15:29,MOMGF,1.7943
2026-09-04,15:29,MONEYBOXX,2.7613
2026-09-04,15:29,MONTECARLO,1.7805
2026-09-04,15:29,MOOILGAS,0.7136
2026-09-04,15:29,MOPSE,2.1831
2026-09-04,15:29,MOSERVICE,0.8812
2026-09-04,15:29,MOSILVER,1.2457
2026-09-04,15:29,MOTILALOFS,2.3894
2026-09-04,15:29,MOTISONS,7.2219
2026-09-04,15:29,MOTOGENFIN,2.6457
2026-09-04,15:29,MPDL,2.257
2026-09-04,15:29,MPSLTD,1.4615
2026-09-04,15:29,MSCI360,2.0875
2026-09-04,15:29,MSL,3.4102
2026-09-04,15:29,MTARTECH,5
2026-09-04,15:29,MTEDUCARE,4.7337
2026-09-04,15:29,MUFTI,3.2386
2026-09-04,15:29,MUKANDLTD,1.1055
2026-09-04,15:29,MUKKA,9.1226
2026-09-04,15:29,MUKTAARTS,4.9911
2026-09-04,15:29,MVGJL,4.6113
2026-09-04,15:29,MYSORPETRO,1.7856
2026-09-04,15:29,NAGREEKCAP,1.6616
2026-09-04,15:29,NAGREEKEXP,13.1455
2026-09-04,15:29,NAHARCAP,0.8671
2026-09-04,15:29,NATIONSTD,2.8544
2026-09-04,15:29,NAVINIFTY,3.3114
2026-09-04,15:29,NAVKARURB,1.1236
2026-09-04,15:29,NAZARA,0.7791
2026-09-04,15:29,NCC,1.6707
2026-09-04,15:29,NDGL,1.0915
2026-09-04,15:29,NDLVENTURE,1.3901
2026-09-04,15:29,NDTV,5.109
2026-09-04,15:29,NECCLTD,4.9915
2026-09-04,15:29,NETWORK18,3.0127
2026-09-04,15:29,NEUEON,2.5594
2026-09-04,15:29,NEWGEN,1.3812
2026-09-04,15:29,NGIL,0.8449
2026-09-04,15:29,NIACL,17.7034
2026-09-04,15:29,NIBE,1.1044
2026-09-04,15:29,NICCOPAR,1.7264
2026-09-04,15:29,NIFTY50DIVPOINT,1.8634
2026-09-04,15:29,NIFTYCAPITALMKT,1.1601
2026-09-04,15:29,NIFTYMETAL,1.0732
2026-09-04,15:29,NIITLTD,1.4246
2026-09-04,15:29,NIITMTS,1.3593
2026-09-04,15:29,NIPPOBATRY,2.392
2026-09-04,15:29,NITIRAJ,6.8542
2026-09-04,15:29,NKIND,1.3849
2026-09-04,15:29,NORBTEAEXP,3.1218
2026-09-04,15:29,NOVAAGRI,1.3588
2026-09-04,15:29,NOVARTIND,2.0197
2026-09-04,15:29,NRAIL,17.7301
2026-09-04,15:29,NRL,1.9929
2026-09-04,15:29,NSLNISP,1.3656
2026-09-04,15:29,NTPCGREEN,0.71
2026-09-04,15:29,NUVOCO,4.1556
2026-09-04,15:29,OAL,3.5039
2026-09-04,15:29,ODYCORP,7.6479
2026-09-04,15:29,OLAELEC,1.9482
2026-09-04,15:29,OMAXE,7.1412
2026-09-04,15:29,OMFREIGHT,0.9438
2026-09-04,15:29,OMINFRAL,2.1166
2026-09-04,15:29,OMNI,1.3
2026-09-04,15:29,OMPOWER,2.6828
2026-09-04,15:29,ONEGLOBAL,2.8929
2026-09-04,15:29,ONEPOINT,4.3757
2026-09-04,15:29,ONIDA,0.8443
2026-09-04,15:29,ONIXSOLAR,5
2026-09-04,15:29,ONMOBILE,1.9983
2026-09-04,15:29,OPTIEMUS,0.7878
2026-09-04,15:29,ORCHPHARMA,2.1398
2026-09-04,15:29,ORICONENT,2.1891
2026-09-04,15:29,ORIENTALTL,5.7769
2026-09-04,15:29,ORIENTBELL,1.8054
2026-09-04,15:29,ORIENTCEM,0.934
2026-09-04,15:29,ORIRAIL,4.0089
2026-09-04,15:29,ORKLAINDIA,0.9601
2026-09-04,15:29,ORTINGLOBE,4.3276
2026-09-04,15:29,OSWALGREEN,2.6687
2026-09-04,15:29,PACEDIGITK,0.8181
2026-09-04,15:29,PAGEIND,1.2129
2026-09-04,15:29,PAISALO,5.4354
2026-09-04,15:29,PALASHSECU,1.9677
2026-09-04,15:29,PALREDTEC,4.9436
2026-09-04,15:29,PANAMAPET,2.2495
2026-09-04,15:29,PANCHMAHQ,2.7046
2026-09-04,15:29,PANORAMA,3.4475
2026-09-04,15:29,PARACABLES,1.8818
2026-09-04,15:29,PARADEEP,2.2601
2026-09-04,15:29,PARSVNATH,1.9481
2026-09-04,15:29,PASUPTAC,1.2726
2026-09-04,15:29,PAVNAIND,2.0747
2026-09-04,15:29,PAYTM,1.3745
2026-09-04,15:29,PBMPOLY,3.9714
2026-09-04,15:29,PCBL,0.8751
2026-09-04,15:29,PCJEWELLER,12.7376
2026-09-04,15:29,PDSL,1.2998
2026-09-04,15:29,PENIND,1.6059
2026-09-04,15:29,PENINLAND,3.0511
2026-09-04,15:29,PERMAGN,1.3233
2026-09-04,15:29,PFC,2.9233
2026-09-04,15:29,PFOCUS,5.2632
2026-09-04,15:29,PGEL,1.5165
2026-09-04,15:29,PIIND,1.8637
2026-09-04,15:29,PILITA,0.8805
2026-09-04,15:29,PINELABS,6.3067
2026-09-04,15:29,PIONRINV,4.8625
2026-09-04,15:29,PKTEA,6.7709
2026-09-04,15:29,PNBGILTS,5.6594
2026-09-04,15:29,PNBHOUSING,1.7896
2026-09-04,15:29,PNGJL,3.0106
2026-09-04,15:29,POLYSPIN,4.5503
2026-09-04,15:29,POONAWALLA,0.7203
2026-09-04,15:29,POWERICA,2.3589
2026-09-04,15:29,PPAP,1.6361
2026-09-04,15:29,PPL,1.7871
2026-09-04,15:29,PRABHA,4.3581
2026-09-04,15:29,PRAKASH,1.5931
2026-09-04,15:29,PRAKASHSTL,4.6575
2026-09-04,15:29,PRAVEG,2.2081
2026-09-04,15:29,PRAXIS,4.9661
2026-09-04,15:29,PRECAM,1.5725
2026-09-04,15:29,PREMCO,1.4006
2026-09-04,15:29,PREMIER,4.1667
2026-09-04,15:29,PREMIERPOL,3.2593
2026-09-04,15:29,PRIMO,2.853
2026-09-04,15:29,PRISMX,5.7692
2026-09-04,15:29,PRITI,1.6192
2026-09-04,15:29,PROSTARM,3.8542
2026-09-04,15:29,PROZONER,7.1952
2026-09-04,15:29,PSB,0.7809
2026-09-04,15:29,PSPPROJECT,1.572
2026-09-04,15:29,PTL,1.3605
2026-09-04,15:29,PURVA,9.2994
2026-09-04,15:29,PVP,4.6841
2026-09-04,15:29,PWL,4.8259
2026-09-04,15:29,QPOWER,4.9997
2026-09-04,15:29,QUICKHEAL,2.7709
2026-09-04,15:29,QUINT,1.9293
2026-09-04,15:29,RACLGEAR,1.1098
2026-09-04,15:29,RADAAN,2.7682
2026-09-04,15:29,RADHIKAJWE,16.6012
2026-09-04,15:29,RADIANTCMS,4.7906
2026-09-04,15:29,RAIN,1.8941
2026-09-04,15:29,RAJMET,1.2862
2026-09-04,15:29,RAJOOENG,4.9858
2026-09-04,15:29,RAMBHAJO,9.9975
2026-09-04,15:29,RAMCOSYS,4.2025
2026-09-04,15:29,RANEHOLDIN,0.9662
2026-09-04,15:29,RATNAMANI,2.1463
2026-09-04,15:29,RATNAVEER,6.5187
2026-09-04,15:29,RAYMONDLSL,2.4388
2026-09-04,15:29,RBLBANK,1.5315
2026-09-04,15:29,RBZJEWEL,4.7005
2026-09-04,15:29,RCOM,2.5316
2026-09-04,15:29,RECLTD,1.6263
2026-09-04,15:29,REDTAPE,2.5111
2026-09-04,15:29,REFEX,1.1817
2026-09-04,15:29,RELCNX100,1.3773
2026-09-04,15:29,RELIANCE,1.4971
2026-09-04,15:29,RELIGARE,2.0604
2026-09-04,15:29,RELINFRA,1.9853
2026-09-04,15:29,RELTD,1.3949
2026-09-04,15:29,REMSONSIND,4.5239
2026-09-04,15:29,REPCOHOME,0.8433
2026-09-04,15:29,RESPONIND,1.9951
2026-09-04,15:29,RGL,8.8536
2026-09-04,15:29,RHETAN,9.9957
2026-09-04,15:29,RHFL,1.676
2026-09-04,15:29,RICOAUTO,3.1386
2026-09-04,15:29,RIR,7.7929
2026-09-04,15:29,RITES,0.9449
2026-09-04,15:29,RKSWAMY,2.4457
2026-09-04,15:29,RMC,3.35
2026-09-04,15:29,RML,14.9459
2026-09-04,15:29,ROLLT,4.7962
2026-09-04,15:29,ROSSARI,0.7112
2026-09-04,15:29,ROSSTECH,3.0637
2026-09-04,15:29,ROTO,1.9918
2026-09-04,15:29,RPGLIFE,2.609
2026-09-04,15:29,RPPL,3.1901
2026-09-04,15:29,RPTECH,0.9808
2026-09-04,15:29,RSSOFTWARE,2.3404
2026-09-04,15:29,RSWM,1.5418
2026-09-04,15:29,RSYSTEMS,1.3775
2026-09-04,15:29,RTNINDIA,1.4218
2026-09-04,15:29,RTNPOWER,1.6575
2026-09-04,15:29,RUBFILA,6.4288
2026-09-04,15:29,RUBYMILLS,4.706
2026-09-04,15:29,RUCHIRA,2.2641
2026-09-04,15:29,RVHL,1.9186
2026-09-04,15:29,RVNL,1.5241
2026-09-04,15:29,RVTH,0.7407
2026-09-04,15:29,S&SPOWER,1.2819
2026-09-04,15:29,SAB,4.8571
2026-09-04,15:29,SABEVENTS,4.9051
2026-09-04,15:29,SADBHAV,1.4944
2026-09-04,15:29,SADBHIN,0.7905
2026-09-04,15:29,SADHNANIQ,1.8727
2026-09-04,15:29,SAFARI,2.047
2026-09-04,15:29,SAHYADRI,9.1124
2026-09-04,15:29,SAKUMA,2.5316
2026-09-04,15:29,SALASAR,2.3622
2026-09-04,15:29,SALONA,2.6816
2026-09-04,15:29,SALZERELEC,2.3078
2026-09-04,15:29,SAMBANDAM,2.6917
2026-09-04,15:29,SAMHI,0.9175
2026-09-04,15:29,SAMMAANCAP,3.0514
2026-09-04,15:29,SAMPANN,2.3568
2026-09-04,15:29,SANATHAN,5.3458
2026-09-04,15:29,SANGAMIND,1.2154
2026-09-04,15:29,SANGINITA,1.9883
2026-09-04,15:29,SANSTAR,3.0648
2026-09-04,15:29,SATIA,4.9528
2026-09-04,15:29,SAURASHCEM,1.4082
2026-09-04,15:29,SAYAJIHOTL,5.1185
2026-09-04,15:29,SBC,5.8035
2026-09-04,15:29,SBILIFE,3.4985
2026-09-04,15:29,SBISILVER,1.2461
2026-09-04,15:29,SCHNEIDER,3.4761
2026-09-04,15:29,SCPL,0.7088
2026-09-04,15:29,SDBL,1.9003
2026-09-04,15:29,SELMC,1.2146
2026-09-04,15:29,SENCO,2.7503
2026-09-04,15:29,SETFGOLD,0.7679
2026-09-04,15:29,SETL,4.5507
2026-09-04,15:29,SETUINFRA,3.6364
2026-09-04,15:29,SEYAIND,1.5755
2026-09-04,15:29,SGLRES,0.8368
2026-09-04,15:29,SGMART,1.0909
2026-09-04,15:29,SGRL,3.574
2026-09-04,15:29,SHALPAINTS,4.8069
2026-09-04,15:29,SHANKARA,0.741
2026-09-04,15:29,SHANTIGEAR,6.6833
2026-09-04,15:29,SHANTIGOLD,4.6072
2026-09-04,15:29,SHARDUL,1.339
2026-09-04,15:29,SHAREINDIA,0.7266
2026-09-04,15:29,SHEKHAWATI,1.7705
2026-09-04,15:29,SHILPAMED,0.8367
2026-09-04,15:29,SHINDL,1.9266
2026-09-04,15:29,SHIVACEM,1.7197
2026-09-04,15:29,SHIVALIK,4.4671
2026-09-04,15:29,SHIVAMAUTO,1.1798
2026-09-04,15:29,SHRADDHA,2.4218
2026-09-04,15:29,SHREEJISPG,2.3937
2026-09-04,15:29,SHRIKRISH,2.4196
2026-09-04,15:29,SHRIRAMPPS,1.6121
2026-09-04,15:29,SHYAMCENT,1.4113
2026-09-04,15:29,SHYAMTEL,1.5762
2026-09-04,15:29,SIEL,3.2697
2026-09-04,15:29,SIGACHI,6.7281
2026-09-04,15:29,SIGMAADV,1.0069
2026-09-04,15:29,SIKA,2.1903
2026-09-04,15:29,SIKKO,1.5009
2026-09-04,15:29,SILVER,1.3064
2026-09-04,15:29,SILVER1,1.4363
2026-09-04,15:29,SILVER360,1.2059
2026-09-04,15:29,SILVERADD,1.1266
2026-09-04,15:29,SILVERAG,1.154
2026-09-04,15:29,SILVERAXIS,1.1936
2026-09-04,15:29,SILVERBEES,1.3189
2026-09-04,15:29,SILVERBETA,1.293
2026-09-04,15:29,SILVERBND,1.4064
2026-09-04,15:29,SILVERCASE,1.3305
2026-09-04,15:29,SILVERIETF,1.1046
2026-09-04,15:29,SIMPLEXINF,1.3298
2026-09-04,15:29,SIMPLXREA,2.5018
2026-09-04,15:29,SINDHUTRAD,5.5532
2026-09-04,15:29,SINGERIND,1.4497
2026-09-04,15:29,SINTERCOM,1.4948
2026-09-04,15:29,SKFINDIA,0.8179
2026-09-04,15:29,SKIL,1.2195
2026-09-04,15:29,SKIPPER,8.0819
2026-09-04,15:29,SKYGOLD,5.3167
2026-09-04,15:29,SMARTWORKS,1.9006
2026-09-04,15:29,SMCGLOBAL,2.3042
2026-09-04,15:29,SMLMAH,9.9983
2026-09-04,15:29,SMLT,1.5482
2026-09-04,15:29,SMSPHARMA,4.9045
2026-09-04,15:29,SNOWMAN,1.2085
2026-09-04,15:29,SOLARA,1.4765
2026-09-04,15:29,SPAL,0.7809
2026-09-04,15:29,SPANDANA,1.391
2026-09-04,15:29,SPCENET,5.2469
2026-09-04,15:29,SPECIALITY,2.8894
2026-09-04,15:29,SPECTRUM,4.9962
2026-09-04,15:29,SPLPETRO,6.2345
2026-09-04,15:29,SPMLINFRA,4.6737
2026-09-04,15:29,SREEL,2.5332
2026-09-04,15:29,SRHHYPOLTD,4.3525
2026-09-04,15:29,SRPL,3.0303
2026-09-04,15:29,SRTL,2.6961
2026-09-04,15:29,SSDL,1.377
2026-09-04,15:29,STARCEMENT,3.1008
2026-09-04,15:29,STARTECK,1.5068
2026-09-04,15:29,STEELCAS,3.2091
2026-09-04,15:29,STLNETWORK,4.9818
2026-09-04,15:29,STLTECH,4.9983
2026-09-04,15:29,STYLAMIND,4.5203
2026-09-04,15:29,STYLEBAAZA,1.3676
2026-09-04,15:29,STYRENIX,1.8037
2026-09-04,15:29,SUDEEPPHRM,2.8233
2026-09-04,15:29,SULA,0.9759
2026-09-04,15:29,SUMEDHA,1.2984
2026-09-04,15:29,SUNCLAY,1.0145
2026-09-04,15:29,SUNDARMFIN,1.5443
2026-09-04,15:29,SUNDRMFAST,1.1008
2026-09-04,15:29,SUNDROP,0.9293
2026-09-04,15:29,SUNTV,1.0732
2026-09-04,15:29,SUPERSPIN,1.757
2026-09-04,15:29,SUPREMEENG,1.6779
2026-09-04,15:29,SUPRIYA,1.2045
2026-09-04,15:29,SURANAT&P,2.2209
2026-09-04,15:29,SURYALA,1.0179
2026-09-04,15:29,SURYALAXMI,1.266
2026-09-04,15:29,SUTLEJTEX,4.9538
2026-09-04,15:29,SUVIDHAA,17.4757
2026-09-04,15:29,SVGLOBAL,13.6171
2026-09-04,15:29,SVPGLOB,1.6713
2026-09-04,15:29,SWANDEF,1.2128
2026-09-04,15:29,SWARAJ,0.804
2026-09-04,15:29,SWIGGY,2.5251
2026-09-04,15:29,SWISSMLTRY,1.2338
2026-09-04,15:29,SYMPHONY,1.3181
2026-09-04,15:29,SYSTMTXC,4.9852
2026-09-04,15:29,TAINWALCHM,2.9283
2026-09-04,15:29,TAKE,4.9355
2026-09-04,15:29,TAMBOLIIN,3.88
2026-09-04,15:29,TANLA,1.2335
2026-09-04,15:29,TARACHAND,0.9311
2026-09-04,15:29,TARC,2.2546
2026-09-04,15:29,TATACAP,0.8606
2026-09-04,15:29,TATACOMM,3.5192
2026-09-04,15:29,TATAGOLD,0.8097
2026-09-04,15:29,TATASTEEL,2.4919
2026-09-04,15:29,TATSILV,1.2534
2026-09-04,15:29,TATVA,5.156
2026-09-04,15:29,TBZ,9.9966
2026-09-04,15:29,TCIEXP,2.143
2026-09-04,15:29,TCPLPACK,3.4196
2026-09-04,15:29,TDPOWERSYS,2.4289
2026-09-04,15:29,TEJASNET,8.2298
2026-09-04,15:29,TEMBO,4.5227
2026-09-04,15:29,TERASOFT,0.7465
2026-09-04,15:29,TEXMOPIPES,1.6267
2026-09-04,15:29,TEXRAIL,2.0769
2026-09-04,15:29,TGVSL,1.2987
2026-09-04,15:29,THACKER,4.7904
2026-09-04,15:29,THEJO,1.6404
2026-09-04,15:29,THOMASCOOK,5.023
2026-09-04,15:29,TIJARIA,4.9505
2026-09-04,15:29,TIL,3.2163
2026-09-04,15:29,TIMEX,3.1252
2026-09-04,15:29,TIRUPATIFL,0.9208
2026-09-04,15:29,TITAGARH,3.2753
2026-09-04,15:29,TNPL,0.9005
2026-09-04,15:29,TORNTPOWER,0.7601
2026-09-04,15:29,TOTAL,0.8107
2026-09-04,15:29,TOUCHWOOD,6.098
2026-09-04,15:29,TRANSCOR,2.0825
2026-09-04,15:29,TRANSPEK,4.0647
2026-09-04,15:29,TRANSWORLD,1.1834
2026-09-04,15:29,TRAVELFOOD,1.4002
2026-09-04,15:29,TREEHOUSE,1.1254
2026-09-04,15:29,TREJHARA,4.1236
2026-09-04,15:29,TREL,1.856
2026-09-04,15:29,TRENT,1.3283
2026-09-04,15:29,TRIDENT,0.7086
2026-09-04,15:29,TRITONV,1.8467
2026-09-04,15:29,TRITURBINE,0.9795
2026-09-04,15:29,TVSHLTD,1.657
2026-09-04,15:29,UDAYJEW,3.5182
2026-09-04,15:29,UDS,1.0228
2026-09-04,15:29,UEL,4.9978
2026-09-04,15:29,UGROCAP,1.7199
2026-09-04,15:29,UJJIVANSFB,2.2861
2026-09-04,15:29,ULTRACEMCO,1.1796
2026-09-04,15:29,UMESLTD,1.8
2026-09-04,15:29,UMIYA-MRO,7.8273
2026-09-04,15:29,UNIDT,1.5769
2026-09-04,15:29,UNIECOM,1.9667
2026-09-04,15:29,UNIMECH,2.5524
2026-09-04,15:29,UNITECH,9.973
2026-09-04,15:29,UNITEDPOLY,3.0933
2026-09-04,15:29,UNIVPHOTO,4.9545
2026-09-04,15:29,URBANCO,2.0455
2026-09-04,15:29,USK,1.8438
2026-09-04,15:29,VAIBHAVGBL,1.5978
2026-09-04,15:29,VALIANTLAB,4.9936
2026-09-04,15:29,VALIANTORG,1.2969
2026-09-04,15:29,VARDHACRLC,0.7395
2026-09-04,15:29,VASCONEQ,1.3977
2026-09-04,15:29,VASUPRADA,5
2026-09-04,15:29,VASWANI,1.0533
2026-09-04,15:29,VEEDOL,0.9571
2026-09-04,15:29,VELJAN,1.6501
2026-09-04,15:29,VENUSPIPES,2.2699
2026-09-04,15:29,VHLTD,1.5637
2026-09-04,15:29,VIDHIING,1.444
2026-09-04,15:29,VIDYAWIRES,0.7602
2026-09-04,15:29,VIJIFIN,1.968
2026-09-04,15:29,VIKRAN,5.3571
2026-09-04,15:29,VINYLINDIA,1.9479
2026-09-04,15:29,VIPIND,1.1922
2026-09-04,15:29,VISAKAIND,3.1713
2026-09-04,15:29,VISHNU,1.9682
2026-09-04,15:29,VITAL,2.2573
2026-09-04,15:29,VIVIANA,4.9974
2026-09-04,15:29,VIVIDHA,4
2026-09-04,15:29,VIYASH,2.0733
2026-09-04,15:29,VLEGOV,1.2405
2026-09-04,15:29,VOEPL,1.3372
2026-09-04,15:29,VOGL,1.2786
2026-09-04,15:29,VOLTAMP,2.1105
2026-09-04,15:29,VPRPL,0.8058
2026-09-04,15:29,VSTL,2.1798
2026-09-04,15:29,VTL,1.6224
2026-09-04,15:29,WAAREEENER,2.1357
2026-09-04,15:29,WAAREERTL,1.3032
2026-09-04,15:29,WAKEFIT,1.2764
2026-09-04,15:29,WALCHANNAG,1.2031
2026-09-04,15:29,WANBURY,1.1711
2026-09-04,15:29,WARDINMOBI,2.807
2026-09-04,15:29,WELENT,6.3877
2026-09-04,15:29,WELINV,1.9982
2026-09-04,15:29,WELSPLSOL,6.3013
2026-09-04,15:29,WELSPUNLIV,3.938
2026-09-04,15:29,WEWORK,1.8711
2026-09-04,15:29,WHEELS,4.2614
2026-09-04,15:29,WHIRLPOOL,1.4359
2026-09-04,15:29,WILLAMAGOR,3.336
2026-09-04,15:29,WINSOME,1.6194
2026-09-04,15:29,WIPL,1.4371
2026-09-04,15:29,WOCKPHARMA,7.0799
2026-09-04,15:29,WONDERLA,1.6468
2026-09-04,15:29,WSI,1.5646
2026-09-04,15:29,XELPMOC,0.932
2026-09-04,15:29,XPROINDIA,3.4992
2026-09-04,15:29,XTRANET,20
2026-09-04,15:29,YASHO,2.0463
2026-09-04,15:29,YATHARTH,2.9928
2026-09-04,15:29,YOGI,0.9574
2026-09-04,15:29,ZEEMEDIA,1.3564
2026-09-04,15:29,ZENITHSTL,9.8697
2026-09-04,15:29,ZFCVINDIA,1.0733
2026-09-04,15:29,ZOTA,2.8333
2026-09-04,15:29,ZSARACOM,10.5114
2026-09-04,15:29,ZUARIIND,1.1896
2026-09-07,15:29,20MICRONS,1.0382
2026-09-07,15:29,21STCENMGM,0.3934
2026-09-07,15:29,3BBLACKBIO,4.1915
2026-09-07,15:29,A2ZINFRA,0.9609
2026-09-07,15:29,AAATECH,0.3597
2026-09-07,15:29,AAREYDRUGS,1.5868
2026-09-07,15:29,AARTECH,1.8298
2026-09-07,15:29,AARTIPHARM,0.4483
2026-09-07,15:29,AARVI,1.0147
2026-09-07,15:29,ABANSENT,1.9024
2026-09-07,15:29,ABB,0.3239
2026-09-07,15:29,ABCOTS,1.8544
2026-09-07,15:29,ABFRL,0.4531
2026-09-07,15:29,ABGSEC,0.8188
2026-09-07,15:29,ABINFRA,0.4405
2026-09-07,15:29,ABREL,0.3058
2026-09-07,15:29,ACCURACY,0.464
2026-09-07,15:29,ACI,1.0214
2026-09-07,15:29,ACL,0.2998
2026-09-07,15:29,ACSTECH,4.9971
2026-09-07,15:29,ACUTAAS,0.4134
2026-09-07,15:29,ADANIENT,0.4084
2026-09-07,15:29,ADDIND,1.8528
2026-09-07,15:29,ADFFOODS,0.5098
2026-09-07,15:29,ADL,0.7917
2026-09-07,15:29,ADVENZYMES,1.5859
2026-09-07,15:29,AEGISVOPAK,0.2988
2026-09-07,15:29,AEPL,2.9714
2026-09-07,15:29,AEROENTER,9.1108
2026-09-07,15:29,AEROFLEX,3.8515
2026-09-07,15:29,AEROPLANE,1.925
2026-09-07,15:29,AFFLE,0.4145
2026-09-07,15:29,AFFORDABLE,1.6257
2026-09-07,15:29,AFSL,0.3514
2026-09-07,15:29,AGARWALEYE,0.8072
2026-09-07,15:29,AIRAN,6.4767
2026-09-07,15:29,AJANTPHARM,1.4085
2026-09-07,15:29,AJAXENGG,2.3607
2026-09-07,15:29,AKASH,0.3516
2026-09-07,15:29,AKI,9.9723
2026-09-07,15:29,AKSHARCHEM,4.2823
2026-09-07,15:29,AKSHOPTFBR,4.9798
2026-09-07,15:29,ALANKIT,0.2457
2026-09-07,15:29,ALBERTDAVD,0.3197
2026-09-07,15:29,ALFREDHE,1.5903
2026-09-07,15:29,ALIVUS,1.6541
2026-09-07,15:29,ALKALI,20
2026-09-07,15:29,ALKEM,1.0116
2026-09-07,15:29,ALLCARGO,1.8489
2026-09-07,15:29,ALLDIGI,0.5522
2026-09-07,15:29,ALLTIME,4.1586
2026-09-07,15:29,ALMONDZ,7.3225
2026-09-07,15:29,ALPHAGEO,0.2161
2026-09-07,15:29,ALPINETEX,9.3663
2026-09-07,15:29,AMAGI,2.1037
2026-09-07,15:29,AMAL,2.1058
2026-09-07,15:29,AMANTA,1.9997
2026-09-07,15:29,AMBIKCO,0.2257
2026-09-07,15:29,ANANDRATHI,0.3655
2026-09-07,15:29,ANANTRAJ,2.0465
2026-09-07,15:29,ANDHRAPAP,12.0248
2026-09-07,15:29,ANGELONE,1.3342
2026-09-07,15:29,ANNAPURNA,2.5678
2026-09-07,15:29,ANSALAPI,1.2085
2026-09-07,15:29,ANTELOPUS,2.941
2026-09-07,15:29,ANUHPHR,11.3317
2026-09-07,15:29,APARINDS,1.7622
2026-09-07,15:29,APOLLO,3.8699
2026-09-07,15:29,APOLLOHOSP,1.2717
2026-09-07,15:29,APTECHT,0.3815
2026-09-07,15:29,AQYLON,4.8086
2026-09-07,15:29,ARCL,3.9422
2026-09-07,15:29,ARDEE,0.7725
2026-09-07,15:29,ARENTERP,0.3175
2026-09-07,15:29,ARFIN,9.2045
2026-09-07,15:29,ARIHANT,0.8498
2026-09-07,15:29,ARIHANTSUP,1.8519
2026-09-07,15:29,ARSSBL,0.2427
2026-09-07,15:29,ARTEMISMED,3.2151
2026-09-07,15:29,ARVIND,2.0888
2026-09-07,15:29,ARVSMART,0.6693
2026-09-07,15:29,ARYAMAN,1.5801
2026-09-07,15:29,ASAHISONG,4.9644
2026-09-07,15:29,ASALCBR,0.2053
2026-09-07,15:29,ASHIKA,0.6301
2026-09-07,15:29,ASHOKAMET,5.3019
2026-09-07,15:29,ASHOKLEY,0.5917
2026-09-07,15:29,ASPINWALL,0.54
2026-09-07,15:29,ASTAR,2.2051
2026-09-07,15:29,ASTERDM,1.2599
2026-09-07,15:29,ASTRAL,0.355
2026-09-07,15:29,ATALREAL,1.0679
2026-09-07,15:29,ATAM,2.4155
2026-09-07,15:29,ATHERENERG,0.9659
2026-09-07,15:29,ATLANTAELE,2.9973
2026-09-07,15:29,AUROPHARMA,0.4174
2026-09-07,15:29,AURUS,2.0661
2026-09-07,15:29,AUSTENG,0.2406
2026-09-07,15:29,AVADHSUGAR,3.7307
2026-09-07,15:29,AVALON,7.0973
2026-09-07,15:29,AVANCE,1.2195
2026-09-07,15:29,AVANTEL,1.1487
2026-09-07,15:29,AVONMORE,8.2949
2026-09-07,15:29,AWL,0.5233
2026-09-07,15:29,AXISCADES,3.8794
2026-09-07,15:29,AXISNIFTY,0.6569
2026-09-07,15:29,AYMSYNTEX,1.4483
2026-09-07,15:29,AZAD,3.2658
2026-09-07,15:29,AZADIND,0.3237
2026-09-07,15:29,BAFNAPH,1.9943
2026-09-07,15:29,BAGFILMS,6.6519
2026-09-07,15:29,BAIDFIN,7.6087
2026-09-07,15:29,BAJAJCON,1.6327
2026-09-07,15:29,BAJAJELEC,3.3067
2026-09-07,15:29,BAJAJHCARE,2.2865
2026-09-07,15:29,BAJAJHFL,1.1555
2026-09-07,15:29,BAJAJHIND,4.1629
2026-09-07,15:29,BAJAJST,0.9505
2026-09-07,15:29,BAJEL,1.9748
2026-09-07,15:29,BALAMINES,1.6474
2026-09-07,15:29,BALPHARMA,5.6537
2026-09-07,15:29,BALRAMCHIN,3.0336
2026-09-07,15:29,BANARISUG,0.7625
2026-09-07,15:29,BANCOINDIA,0.5533
2026-09-07,15:29,BANKA,3.7975
2026-09-07,15:29,BANSALWIRE,0.7619
2026-09-07,15:29,BBETF0432,0.2801
2026-09-07,15:29,BBOX,8.7048
2026-09-07,15:29,BBTCL,0.5994
2026-09-07,15:29,BCG,7.127
2026-09-07,15:29,BCONCEPTS,3.9742
2026-09-07,15:29,BECTORFOOD,2.0756
2026-09-07,15:29,BEEKAY,2.6114
2026-09-07,15:29,BEML,1.9147
2026-09-07,15:29,BESTAGRO,4.0435
2026-09-07,15:29,BGLOBAL,1.2658
2026-09-07,15:29,BGRENERGY,4.9663
2026-09-07,15:29,BHAGERIA,4.9893
2026-09-07,15:29,BHAGYANGR,0.7963
2026-09-07,15:29,BHARATSE,7.5393
2026-09-07,15:29,BHARTIARTL,0.7609
2026-09-07,15:29,BHARTIHEXA,2.2268
2026-09-07,15:29,BI,4.9974
2026-09-07,15:29,BIL,2.5665
2026-09-07,15:29,BILVYAPAR,0.7426
2026-09-07,15:29,BIRLAPREC,0.3453
2026-09-07,15:29,BLBLIMITED,1.1391
2026-09-07,15:29,BLEL,5.55
2026-09-07,15:29,BLIL,0.3585
2026-09-07,15:29,BLISSGVS,3.0328
2026-09-07,15:29,BLUESTARCO,0.8086
2026-09-07,15:29,BLUESTONE,3.2335
2026-09-07,15:29,BNALTD,4.4444
2026-09-07,15:29,BODALCHEM,9.9987
2026-09-07,15:29,BORANA,5.738
2026-09-07,15:29,BORORENEW,2.9049
2026-09-07,15:29,BOSCH-HCIL,1.6659
2026-09-07,15:29,BOSCHLTD,2.5737
2026-09-07,15:29,BPLPHARMA,1.0044
2026-09-07,15:29,BRIGHTBR,1.6876
2026-09-07,15:29,BROOKS,2.4671
2026-09-07,15:29,BSE,1.0675
2026-09-07,15:29,BSHSL,1.1259
2026-09-07,15:29,BSLSENETFG,1.548
2026-09-07,15:29,CARRARO,1.2742
2026-09-07,15:29,CARTRADE,5.9896
2026-09-07,15:29,CARYSIL,1.0344
2026-09-07,15:29,CCAVENUE,1.5287
2026-09-07,15:29,CCHHL,0.3172
2026-09-07,15:29,CDSL,1.4556
2026-09-07,15:29,CEIGALL,4.0753
2026-09-07,15:29,CEINSYS,4.5585
2026-09-07,15:29,CEMPRO,1.503
2026-09-07,15:29,CENTEXT,3.6156
2026-09-07,15:29,CENTUM,16.1813
2026-09-07,15:29,CEREBRAINT,3.7175
2026-09-07,15:29,CEWATER,1.0284
2026-09-07,15:29,CGPOWER,0.4489
2026-09-07,15:29,CHALET,1.3382
2026-09-07,15:29,CHEMBOND,7.8994
2026-09-07,15:29,CHEMBONDCH,4.9912
2026-09-07,15:29,CHEMCON,0.5948
2026-09-07,15:29,CHEMPLASTS,8.9494
2026-09-07,15:29,CHEVIOT,4.9767
2026-09-07,15:29,CHOLAFIN,0.5003
2026-09-07,15:29,CINELINE,3.6543
2026-09-07,15:29,CIPLA,0.722
2026-09-07,15:29,CLCIND,3.0539
2026-09-07,15:29,CLEAN,0.9867
2026-09-07,15:29,CLEANMAX,2.4112
2026-09-07,15:29,CLEDUCATE,4.9759
2026-09-07,15:29,CNXPHARMA,0.7455
2026-09-07,15:29,COALINDIA,0.8427
2026-09-07,15:29,COCHINSHIP,0.487
2026-09-07,15:29,COMPUSOFT,1.0753
2026-09-07,15:29,CONCORDBIO,1.8418
2026-09-07,15:29,CONSOFINVT,4.9948
2026-09-07,15:29,CONTROLPR,1.1545
2026-09-07,15:29,CORDELIA,4.9856
2026-09-07,15:29,COROMANDEL,1.8465
2026-09-07,15:29,COSMOFIRST,0.7012
2026-09-07,15:29,COUNCODOS,0.9302
2026-09-07,15:29,CPCAP,5.8911
2026-09-07,15:29,CPEDU,1.7399
2026-09-07,15:29,CPL,0.2737
2026-09-07,15:29,CPPLUS,1.3038
2026-09-07,15:29,CREST,3.2451
2026-09-07,15:29,CRIZAC,1.1604
2026-09-07,15:29,CROWN,2.2598
2026-09-07,15:29,CUB,1.0466
2026-09-07,15:29,CURAA,7.5904
2026-09-07,15:29,CYBERMEDIA,0.6439
2026-09-07,15:29,CYBERTECH,0.4799
2026-09-07,15:29,CYIENT,0.3267
2026-09-07,15:29,CYIENTDLM,0.9802
2026-09-07,15:29,DAICHI,1.5899
2026-09-07,15:29,DALMIASUG,2.1092
2026-09-07,15:29,DAMODARIND,2.9877
2026-09-07,15:29,DBEIL,16.6407
2026-09-07,15:29,DBOL,2.0242
2026-09-07,15:29,DCBBANK,0.2582
2026-09-07,15:29,DCI,0.1997
2026-09-07,15:29,DCMFINSERV,2.5
2026-09-07,15:29,DCW,4.3715
2026-09-07,15:29,DCXINDIA,2.8668
2026-09-07,15:29,DDEVPLSTIK,0.641
2026-09-07,15:29,DECCANCE,0.5968
2026-09-07,15:29,DECNGOLD,0.8884
2026-09-07,15:29,DEEDEV,2.8561
2026-09-07,15:29,DEEP,1.6286
2026-09-07,15:29,DENORA,0.2524
2026-09-07,15:29,DENTA,1.9248
2026-09-07,15:29,DEVIT,0.2478
2026-09-07,15:29,DHAMPURSUG,2.2018
2026-09-07,15:29,DHANUKA,1.2912
2026-09-07,15:29,DHATRE,5.5427
2026-09-07,15:29,DHRUV,2.1505
2026-09-07,15:29,DHUNINV,1.7024
2026-09-07,15:29,DIACABS,0.2411
2026-09-07,15:29,DIAMINESQ,0.5394
2026-09-07,15:29,DICIND,1.0912
2026-09-07,15:29,DIGIDRIVE,0.4533
2026-09-07,15:29,DIVISLAB,2.3626
2026-09-07,15:29,DODLA,0.5905
2026-09-07,15:29,DOLPHIN,6.8843
2026-09-07,15:29,DPABHUSHAN,0.7425
2026-09-07,15:29,DPSCLTD,1.2694
2026-09-07,15:29,DPWIRES,0.8796
2026-09-07,15:29,DSFCL,0.6974
2026-09-07,15:29,DSKULKARNI,1.9567
2026-09-07,15:29,DVL,2.8099
2026-09-07,15:29,E2E,4.7627
2026-09-07,15:29,EBBETF0430,0.202
2026-09-07,15:29,EBGNG,2.9688
2026-09-07,15:29,EBIX,1.0355
2026-09-07,15:29,EDUCOMP,1.1111
2026-09-07,15:29,EICHERMOT,0.5439
2026-09-07,15:29,EIHOTEL,0.7194
2026-09-07,15:29,EIMCOELECO,0.6033
2026-09-07,15:29,ELANTAS,6.8336
2026-09-07,15:29,ELCIDIN,1.2641
2026-09-07,15:29,ELIN,0.7757
2026-09-07,15:29,ELPROINTL,0.6035
2026-09-07,15:29,EMAMILTD,0.4098
2026-09-07,15:29,EMAMIPAP,4.6756
2026-09-07,15:29,EMAMIREAL,1.3186
2026-09-07,15:29,EMBDL,2.729
2026-09-07,15:29,EMIL,2.5901
2026-09-07,15:29,EMMBI,1.0989
2026-09-07,15:29,EMPOWER,4.8913
2026-09-07,15:29,EMSLIMITED,0.6527
2026-09-07,15:29,ENKEIWHEL,1.3725
2026-09-07,15:29,ENRIN,0.199
2026-09-07,15:29,ENTERO,3.8739
2026-09-07,15:29,EPL,0.7487
2026-09-07,15:29,EQUIPPP,0.4396
2026-09-07,15:29,EQUITASBNK,0.5483
2026-09-07,15:29,ERIS,0.1967
2026-09-07,15:29,ESABINDIA,0.4038
2026-09-07,15:29,ESAFSFB,0.8452
2026-09-07,15:29,ESSENTIA,4.7619
2026-09-07,15:29,EVEREADY,2.9097
2026-09-07,15:29,EXICOM,3.6435
2026-09-07,15:29,EXIDEIND,0.3299
2026-09-07,15:29,FAZE3Q,1.407
2026-09-07,15:29,FCL,9.9981
2026-09-07,15:29,FEDDERSHOL,1.5863
2026-09-07,15:29,FEDFINA,2.4078
2026-09-07,15:29,FELDVR,1.3825
2026-09-07,15:29,FIBERWEB,2.6019
2026-09-07,15:29,FINCABLES,0.5573
2026-09-07,15:29,FIVESTAR,0.6022
2026-09-07,15:29,FOCUS,0.4261
2026-09-07,15:29,FORCEMOT,1.88
2026-09-07,15:29,FORTIS,0.5525
2026-09-07,15:29,GABRIEL,0.7612
2026-09-07,15:29,GAIL,1.4994
2026-09-07,15:29,GALAPREC,1.3086
2026-09-07,15:29,GANESHBE,4.9988
2026-09-07,15:29,GANGESSECU,2.6788
2026-09-07,15:29,GARFIBRES,2.3359
2026-09-07,15:29,GATECHDVR,2.0833
2026-09-07,15:29,GAYAPROJ,1.9301
2026-09-07,15:29,GCSL,1.1258
2026-09-07,15:29,GEECEE,1.2698
2026-09-07,15:29,GEEKAYWIRE,1.7899
2026-09-07,15:29,GENESYS,4.0194
2026-09-07,15:29,GENESYS-RE,13.917
2026-09-07,15:29,GENUSPAPER,3.605
2026-09-07,15:29,GESHIP,0.5111
2026-09-07,15:29,GILLANDERS,1.3955
2026-09-07,15:29,GILLETTE,0.9299
2026-09-07,15:29,GKB,2.0009
2026-09-07,15:29,GKENERGY,0.3877
2026-09-07,15:29,GKSL,2.0427
2026-09-07,15:29,GLAND,1.4289
2026-09-07,15:29,GLENMARK,0.6031
2026-09-07,15:29,GLOSTERLTD,1.1568
2026-09-07,15:29,GMBREW,2.3428
2026-09-07,15:29,GMMPFAUDLR,7.6487
2026-09-07,15:29,GNFC,0.2011
2026-09-07,15:29,GNRL,14.798
2026-09-07,15:29,GOACARBON,1.0834
2026-09-07,15:29,GOCLCORP,2.2225
2026-09-07,15:29,GOCOLORS,0.9337
2026-09-07,15:29,GODAVARIB,1.3446
2026-09-07,15:29,GODREJAGRO,3.2023
2026-09-07,15:29,GOKULAGRO,0.2249
2026-09-07,15:29,GOLDTECH,1.892
2026-09-07,15:29,GOODLUCK,1.4485
2026-09-07,15:29,GOPAL,0.4527
2026-09-07,15:29,GPIL,1.4044
2026-09-07,15:29,GPTHEALTH,2.0231
2026-09-07,15:29,GRANDOAK,2.9277
2026-09-07,15:29,GRANULES,2.2398
2026-09-07,15:29,GRAUWEIL,1.2183
2026-09-07,15:29,GRAVITA,0.9208
2026-09-07,15:29,GREENPANEL,2.6718
2026-09-07,15:29,GROWW,0.3763
2026-09-07,15:29,GROWWCAPM,1.049
2026-09-07,15:29,GROWWDEFNC,0.3387
2026-09-07,15:29,GROWWHOSPI,0.5209
2026-09-07,15:29,GSLSU,3.8068
2026-09-07,15:29,GTL,1.9691
2026-09-07,15:29,GTLINFRA,3.4483
2026-09-07,15:29,GTPL,0.4091
2026-09-07,15:29,GUFICBIO,0.6968
2026-09-07,15:29,GUJTHEM,4.3637
2026-09-07,15:29,GVKPIL,0.4808
2026-09-07,15:29,GVPIL,0.8544
2026-09-07,15:29,GVT&D,1.4142
2026-09-07,15:29,GYFTR,2.0817
2026-09-07,15:29,HALEOSLABS,0.7373
2026-09-07,15:29,HAMPTON,3.1807
2026-09-07,15:29,HARDWYN,0.4381
2026-09-07,15:29,HARIOMPIPE,1.6704
2026-09-07,15:29,HARSHA,0.2421
2026-09-07,15:29,HAZOOR,3.7637
2026-09-07,15:29,HBLENGINE,1.1714
2026-09-07,15:29,HBPOR,3.5629
2026-09-07,15:29,HCC,2.4369
2026-09-07,15:29,HDBFS,0.3442
2026-09-07,15:29,HDIL,1.3605
2026-09-07,15:29,HEALTHADD,0.6031
2026-09-07,15:29,HEALTHAXIS,0.6406
2026-09-07,15:29,HEALTHCARE,0.6044
2026-09-07,15:29,HEALTHIETF,0.4744
2026-09-07,15:29,HEALTHY,1.1283
2026-09-07,15:29,HECPROJECT,0.3311
2026-09-07,15:29,HEIDELBERG,0.2435
2026-09-07,15:29,HERITGFOOD,0.4708
2026-09-07,15:29,HEXATRADEX,0.5899
2026-09-07,15:29,HFCL,4.9991
2026-09-07,15:29,HGINFRA,1.39
2026-09-07,15:29,HIKAL,9.3117
2026-09-07,15:29,HINDCOMPOS,0.9877
2026-09-07,15:29,HINDCON,1.4644
2026-09-07,15:29,HINDOILEXP,2.0811
2026-09-07,15:29,HITECH,0.2508
2026-09-07,15:29,HLEGLAS,0.7793
2026-09-07,15:29,HMT,1.8981
2026-09-07,15:29,HNDFDS,2.2519
2026-09-07,15:29,HOMEFIRST,1.9503
2026-09-07,15:29,HPAL,0.3373
2026-09-07,15:29,HSCL,0.2384
2026-09-07,15:29,HUBTOWN,0.3434
2026-09-07,15:29,HYBRIDETF,0.1994
2026-09-07,15:29,HYBRIDFIN,3.1194
2026-09-07,15:29,HYUNDAI,0.2268
2026-09-07,15:29,ICICIAMC,1.4406
2026-09-07,15:29,ICICIBANK,0.3021
2026-09-07,15:29,ICIL,0.8671
2026-09-07,15:29,ICRA,0.9192
2026-09-07,15:29,IDEA,3.8615
2026-09-07,15:29,IFBIND,0.605
2026-09-07,15:29,IFCI,1.1146
2026-09-07,15:29,IIFL,0.4454
2026-09-07,15:29,IKS,1.5967
2026-09-07,15:29,IL&FSENGG,0.6803
2026-09-07,15:29,IL&FSTRANS,2.4272
2026-09-07,15:29,IMPEXFERRO,1.9068
2026-09-07,15:29,INA,2.8036
2026-09-07,15:29,INDIAGLYCO,4.9923
2026-09-07,15:29,INDIANHUME,1.8308
2026-09-07,15:29,INDIAVIX,4.4944
2026-09-07,15:29,INDIGO,0.4822
2026-09-07,15:29,INDIQUBE,3.9015
2026-09-07,15:29,INDOAMIN,1.0083
2026-09-07,15:29,INDOKEM,1.7265
2026-09-07,15:29,INDORAMA,0.8224
2026-09-07,15:29,INDOTHAI,4.979
2026-09-07,15:29,INDOUS,1.6262
2026-09-07,15:29,INDPRUD,1.2688
2026-09-07,15:29,INDRAMEDCO,0.4861
2026-09-07,15:29,INDSWFTLAB,3.582
2026-09-07,15:29,INDTERRAIN,1.0519
2026-09-07,15:29,INFOMEDIA,1.4953
2026-09-07,15:29,INNOVISION,0.5296
2026-09-07,15:29,INOXWIND,1.6129
2026-09-07,15:29,INVPRECQ,1.9943
2026-09-07,15:29,IOLCP,6.5466
2026-09-07,15:29,IONEXCHANG,7.3069
2026-09-07,15:29,IRMENERGY,1.1016
2026-09-07,15:29,ISFT,1.8258
2026-09-07,15:29,IVC,0.3906
2026-09-07,15:29,IVP,4.4851
2026-09-07,15:29,IXIGO,0.3838
2026-09-07,15:29,IZMO,2.4433
2026-09-07,15:29,JAGRAN,1.3611
2026-09-07,15:29,JAINREC,1.2232
2026-09-07,15:29,JAIPURKURT,0.6317
2026-09-07,15:29,JAMNAAUTO,4.9051
2026-09-07,15:29,JASH,6.8234
2026-09-07,15:29,JAYKAY,3.2793
2026-09-07,15:29,JAYNECOIND,0.7075
2026-09-07,15:29,JENBURPH,0.4043
2026-09-07,15:29,JHS,1.2674
2026-09-07,15:29,JINDALPOLY,3.9786
2026-09-07,15:29,JINDALSAW,1.3921
2026-09-07,15:29,JINDWORLD,1.7562
2026-09-07,15:29,JISLDVREQS,0.2736
2026-09-07,15:29,JISLJALEQS,5.3126
2026-09-07,15:29,JKIL,0.8105
2026-09-07,15:29,JKPAPER,3.5116
2026-09-07,15:29,JKTYRE,0.2994
2026-09-07,15:29,JOCIL,3.2534
2026-09-07,15:29,JPOLYINVST,0.9374
2026-09-07,15:29,JPPOWER,3.0694
2026-09-07,15:29,JSFB,0.6354
2026-09-07,15:29,JSWDULUX,0.3875
2026-09-07,15:29,JUBLPHARMA,2.7907
2026-09-07,15:29,JUSTDIAL,0.8516
2026-09-07,15:29,JWL,0.7195
2026-09-07,15:29,JYOTICNC,1.6685
2026-09-07,15:29,JYOTISTRUC,1.3972
2026-09-07,15:29,KABRAEXTRU,9.5571
2026-09-07,15:29,KAMATHOTEL,1.1884
2026-09-07,15:29,KAMDHENU,1.631
2026-09-07,15:29,KANCOTEA,2.8259
2026-09-07,15:29,KAUSHALYA,2.9294
2026-09-07,15:29,KAYA,4.9841
2026-09-07,15:29,KCP,0.5666
2026-09-07,15:29,KDDL,2.0685
2026-09-07,15:29,KEEPLEARN,2.139
2026-09-07,15:29,KESORAMIND,1.9266
2026-09-07,15:29,KEYFINSERV,1.4487
2026-09-07,15:29,KHAITANLTD,0.2161
2026-09-07,15:29,KILITCH,3.7966
2026-09-07,15:29,KINGFA,2.0902
2026-09-07,15:29,KIRIINDUS,4.3105
2026-09-07,15:29,KISSHT,3.7666
2026-09-07,15:29,KNAGRI,0.8927
2026-09-07,15:29,KOLTEPATIL,0.3961
2026-09-07,15:29,KOPRAN,5.7323
2026-09-07,15:29,KOTARISUG,0.7019
2026-09-07,15:29,KOTHARIPET,2.0757
2026-09-07,15:29,KPIL,1.2655
2026-09-07,15:29,KPL,3.8259
2026-09-07,15:29,KRBL,1.2679
2026-09-07,15:29,KRISHNADEF,5.2507
2026-09-07,15:29,KRITI,1.4123
2026-09-07,15:29,KRN,2.9581
2026-09-07,15:29,KRSNAA,0.7232
2026-09-07,15:29,KRYSTAL,1.0541
2026-09-07,15:29,KSHINTL,1.6409
2026-09-07,15:29,KSHITIJPOL,4.8485
2026-09-07,15:29,KUANTUM,3.3971
2026-09-07,15:29,LAHOTIOV,2.1356
2026-09-07,15:29,LAKPRE,4.99
2026-09-07,15:29,LAKSHMIMIL,1.4827
2026-09-07,15:29,LALPATHLAB,1.2996
2026-09-07,15:29,LASERPOWER,5.0905
2026-09-07,15:29,LATTEYS,0.6341
2026-09-07,15:29,LAURUSLABS,1.9946
2026-09-07,15:29,LEMONTREE,2.2201
2026-09-07,15:29,LENSKART,0.4526
2026-09-07,15:29,LGBBROSLTD,1.6972
2026-09-07,15:29,LGEINDIA,0.4327
2026-09-07,15:29,LGHL,0.4617
2026-09-07,15:29,LICNETFGSC,0.2045
2026-09-07,15:29,LINC,1.8197
2026-09-07,15:29,LINCOLN,1.8605
2026-09-07,15:29,LINDEINDIA,0.4176
2026-09-07,15:29,LKPSEC,0.9162
2026-09-07,15:29,LOTUSDEV,3.3428
2026-09-07,15:29,LT,0.8804
2026-09-07,15:29,LTFOODS,0.933
2026-09-07,15:29,LYKALABS,1.9908
2026-09-07,15:29,MADHUCON,0.8639
2026-09-07,15:29,MAFANG,5.6899
2026-09-07,15:29,MAGADSUGAR,3.967
2026-09-07,15:29,MAGNUM,0.6316
2026-09-07,15:29,MAHAPEXLTD,4.5412
2026-09-07,15:29,MAHASTEEL,0.9279
2026-09-07,15:29,MAHKTECH,4.2534
2026-09-07,15:29,MAITHANALL,1.2196
2026-09-07,15:29,MALUPAPER,4.4866
2026-09-07,15:29,MAMATA,0.2303
2026-09-07,15:29,MANAKALUCO,3.5171
2026-09-07,15:29,MANAKSIA,5.2498
2026-09-07,15:29,MANBA,1.4269
2026-09-07,15:29,MANINDS,3.9122
2026-09-07,15:29,MANIPALHOS,0.2827
2026-09-07,15:29,MANORAMA,0.5117
2026-09-07,15:29,MANORG,1.0623
2026-09-07,15:29,MANUGRAPH,0.8136
2026-09-07,15:29,MAPMYINDIA,0.3909
2026-09-07,15:29,MARALOVER,3.9301
2026-09-07,15:29,MARATHON,4.9326
2026-09-07,15:29,MARKOLINES,2.0187
2026-09-07,15:29,MARKSANS,2.5402
2026-09-07,15:29,MARUTI,0.5199
2026-09-07,15:29,MASPTOP50,7.5632
2026-09-07,15:29,MAXESTATES,0.2029
2026-09-07,15:29,MAXHEALTH,0.7311
2026-09-07,15:29,MAZDA,1.5556
2026-09-07,15:29,MCCHRLS-B,1.4776
2026-09-07,15:29,MCX,1.6731
2026-09-07,15:29,MEDICAMEQ,3.3302
2026-09-07,15:29,MEDICAPQ,2.3203
2026-09-07,15:29,MEDICO,2.2573
2026-09-07,15:29,MEESHO,0.622
2026-09-07,15:29,MENNPIS,5.255
2026-09-07,15:29,MERCURYEV,1.7964
2026-09-07,15:29,METROBRAND,0.5758
2026-09-07,15:29,METROGLOBL,2.8353
2026-09-07,15:29,MGEL,10.3933
2026-09-07,15:29,MICEL,0.7077
2026-09-07,15:29,MIDHANI,0.2627
2026-09-07,15:29,MILKYMIST,9.3412
2026-09-07,15:29,MINALIND,4.8598
2026-09-07,15:29,MITCON,3.5733
2026-09-07,15:29,MITTAL,15
2026-09-07,15:29,MKPL,0.2488
2026-09-07,15:29,MLKFOOD,2.5948
2026-09-07,15:29,MMP,10.0953
2026-09-07,15:29,MOBIKWIK,1.1035
2026-09-07,15:29,MOCAPITAL,0.5872
2026-09-07,15:29,MODINATUR,1.1292
2026-09-07,15:29,MODIS,0.5777
2026-09-07,15:29,MODISONLTD,1.2023
2026-09-07,15:29,MODTHREAD,0.607
2026-09-07,15:29,MOHITE,0.7168
2026-09-07,15:29,MOKSH,0.5958
2026-09-07,15:29,MOLDTECH,4.8909
2026-09-07,15:29,MOMENTUM,0.3864
2026-09-07,15:29,MON100,3.5975
2026-09-07,15:29,MONARCH,1.4157
2026-09-07,15:29,MONQ50,15.6133
2026-09-07,15:29,MOREPENLAB,4.5191
2026-09-07,15:29,MOTHERSON,0.809
2026-09-07,15:29,MOTILALOFS,1.7358
2026-09-07,15:29,MOTISONS,1.7597
2026-09-07,15:29,MOTOGENFIN,9.2651
2026-09-07,15:29,MSL,1.2516
2026-09-07,15:29,MSTCLTD,7.0076
2026-09-07,15:29,MSUMI,1.0405
2026-09-07,15:29,MTARTECH,4.9993
2026-09-07,15:29,MTEDUCARE,4.5198
2026-09-07,15:29,MUKANDLTD,1.8298
2026-09-07,15:29,MUKKA,2.5846
2026-09-07,15:29,MUKTAARTS,1.5789
2026-09-07,15:29,MUNJALAU,3.3488
2026-09-07,15:29,MVELECTRO,10.518
2026-09-07,15:29,MVGJL,20
2026-09-07,15:29,MYSORPETRO,4.9559
2026-09-07,15:29,NAGREEKCAP,2.1505
2026-09-07,15:29,NAHARINDUS,1.0318
2026-09-07,15:29,NAM-INDIA,3.0261
2026-09-07,15:29,NARMADA,6.5137
2026-09-07,15:29,NATCOPHARM,1.1645
2026-09-07,15:29,NAVINFLUOR,0.5375
2026-09-07,15:29,NAVINIFTY,3.3114
2026-09-07,15:29,NAVKARURB,2.2222
2026-09-07,15:29,NAVNETEDUL,0.4801
2026-09-07,15:29,NAZARA,0.4476
2026-09-07,15:29,NCC,0.648
2026-09-07,15:29,NCLIND,0.2756
2026-09-07,15:29,NDL,5.3004
2026-09-07,15:29,NEAGI,4.512
2026-09-07,15:29,NECCLTD,4.9163
2026-09-07,15:29,NELCO,2.4088
2026-09-07,15:29,NEOGEN,3.2368
2026-09-07,15:29,NEPHROPLUS,1.9798
2026-09-07,15:29,NESCO,2.711
2026-09-07,15:29,NEUEON,4.9911
2026-09-07,15:29,NEULANDLAB,0.9267
2026-09-07,15:29,NH,2.8679
2026-09-07,15:29,NIACL,0.5611
2026-09-07,15:29,NIFTY50ADD,0.6316
2026-09-07,15:29,NIFTY50PR1XINV,0.5162
2026-09-07,15:29,NIFTY50TR1XINV,0.4979
2026-09-07,15:29,NIFTYCAPITALMKT,0.7058
2026-09-07,15:29,NIFTYHEALTHCARE,0.6841
2026-09-07,15:29,NIFTYINDDEFENCE,0.4707
2026-09-07,15:29,NIFTYMICROCAP250,0.4171
2026-09-07,15:29,NIFTYMIDSMLHLTH,0.6516
2026-09-07,15:29,NILAINFRA,0.5997
2026-09-07,15:29,NIRAJ,0.5571
2026-09-07,15:29,NITIRAJ,5.4063
2026-09-07,15:29,NITTAGELA,2.7749
2026-09-07,15:29,NIVABUPA,0.699
2026-09-07,15:29,NORTHARC,1.2742
2026-09-07,15:29,NPST,1.2567
2026-09-07,15:29,NRAIL,1.0188
2026-09-07,15:29,NRBBEARING,8.0537
2026-09-07,15:29,NRL,4.6171
2026-09-07,15:29,NTCIND,1.0589
2026-09-07,15:29,NUVAMA,0.9253
2026-09-07,15:29,OAL,3.3564
2026-09-07,15:29,OCCLLTD,0.2989
2026-09-07,15:29,ONEPOINT,1.2629
2026-09-07,15:29,ONESOURCE,0.9429
2026-09-07,15:29,ONIDA,0.4908
2026-09-07,15:29,ONIXSOLAR,4.9603
2026-09-07,15:29,ONMOBILE,1.3611
2026-09-07,15:29,ORIENTCER,1.5714
2026-09-07,15:29,ORIENTLTD,1.0415
2026-09-07,15:29,ORIENTPPR,10.1288
2026-09-07,15:29,OSWALSEEDS,2.901
2026-09-07,15:29,PAISALO,7.166
2026-09-07,15:29,PAKKA,4.7619
2026-09-07,15:29,PALREDTEC,0.5194
2026-09-07,15:29,PANORAMA,3.0795
2026-09-07,15:29,PARADEEP,0.6242
2026-09-07,15:29,PARAGMILK,0.2604
2026-09-07,15:29,PARAS,5.2654
2026-09-07,15:29,PARASPETRO,0.4673
2026-09-07,15:29,PARSVNATH,1.9108
2026-09-07,15:29,PATINTLOG,0.6757
2026-09-07,15:29,PAYTM,0.2712
2026-09-07,15:29,PBMPOLY,3.9714
2026-09-07,15:29,PCJEWELLER,17.4536
2026-09-07,15:29,PDMJEPAPER,8.8071
2026-09-07,15:29,PEARLPOLY,1.4589
2026-09-07,15:29,PENIND,3.7745
2026-09-07,15:29,PETRONET,0.9892
2026-09-07,15:29,PFOCUS,1.5472
2026-09-07,15:29,PFS,1.6704
2026-09-07,15:29,PHARMABEES,0.2928
2026-09-07,15:29,PHOENXINTL,2.3095
2026-09-07,15:29,PICCADIL,0.3573
2026-09-07,15:29,PIONEEREMB,1.779
2026-09-07,15:29,PIRAMALFIN,1.618
2026-09-07,15:29,PITTIENG,8.4155
2026-09-07,15:29,PKTEA,19.9963
2026-09-07,15:29,PLASTIBLEN,2.7832
2026-09-07,15:29,PLATIND,0.9458
2026-09-07,15:29,PNBHOUSING,1.3808
2026-09-07,15:29,PNGJL,1.6255
2026-09-07,15:29,PNGSREVA,4.6093
2026-09-07,15:29,PODDARMENT,8.0708
2026-09-07,15:29,POEL,1.828
2026-09-07,15:29,PONNIERODE,1.1505
2026-09-07,15:29,POWERINDIA,0.3949
2026-09-07,15:29,POWERMECH,2.3286
2026-09-07,15:29,PPL,3.0725
2026-09-07,15:29,PPLPHARMA,2.5394
2026-09-07,15:29,PRABHA,5.5464
2026-09-07,15:29,PRAJIND,0.298
2026-09-07,15:29,PRAXIS,0.215
2026-09-07,15:29,PREMCO,0.2558
2026-09-07,15:29,PRICOLLTD,1.8825
2026-09-07,15:29,PRINCEPIPE,0.3357
2026-09-07,15:29,PRIVISCL,0.4544
2026-09-07,15:29,PROSTARM,3.0654
2026-09-07,15:29,PROTEAN,3.8485
2026-09-07,15:29,PRSMJOHNSN,0.9809
2026-09-07,15:29,PRUDENT,0.6004
2026-09-07,15:29,PRUDMOULI,3.8769
2026-09-07,15:29,PWL,2.5708
2026-09-07,15:29,QMSMEDI,1.8242
2026-09-07,15:29,QUICKHEAL,8.6704
2026-09-07,15:29,RACE,0.6244
2026-09-07,15:29,RADAAN,1.0101
2026-09-07,15:29,RADHIKAJWE,13.3718
2026-09-07,15:29,RADIANTCMS,2.2499
2026-09-07,15:29,RAINBOW,1.5686
2026-09-07,15:29,RAJOOENG,4.9816
2026-09-07,15:29,RAJSREESUG,0.592
2026-09-07,15:29,RAJTV,4.9566
2026-09-07,15:29,RAMANEWS,2.8031
2026-09-07,15:29,RAMAPHO,0.5831
2026-09-07,15:29,RAMASTEEL,1.99
2026-09-07,15:29,RAMBHAJO,2.8435
2026-09-07,15:29,RANASUG,1.2838
2026-09-07,15:29,RANEHOLDIN,1.3264
2026-09-07,15:29,RATEGAIN,0.6286
2026-09-07,15:29,RATNAVEER,0.5578
2026-09-07,15:29,RAYMOND,4.2586
2026-09-07,15:29,RAYMONDLSL,1.3938
2026-09-07,15:29,RAYMONDREL,4.6395
2026-09-07,15:29,RCOM,4.9383
2026-09-07,15:29,REDINGTON,1.8583
2026-09-07,15:29,REGENCERAM,0.4016
2026-09-07,15:29,RELCNX100,1.3773
2026-09-07,15:29,RELINFRA,1.9993
2026-09-07,15:29,RENUKA,4.6173
2026-09-07,15:29,REPRO,1.5026
2026-09-07,15:29,RGL,2.5727
2026-09-07,15:29,RHETAN,4.9567
2026-09-07,15:29,RHIM,0.6598
2026-09-07,15:29,RICOAUTO,3.8403
2026-09-07,15:29,RIR,13.0048
2026-09-07,15:29,RISHABH,9.6824
2026-09-07,15:29,RITCO,5.9642
2026-09-07,15:29,RKFORGE,0.7705
2026-09-07,15:29,RMDRIP,3.3602
2026-09-07,15:29,RML,7.1225
2026-09-07,15:29,RNBDENIMS,2.1422
2026-09-07,15:29,ROHLTD,1.792
2026-09-07,15:29,ROLEXRINGS,2.3003
2026-09-07,15:29,ROLLT,4.8055
2026-09-07,15:29,ROML,2.4048
2026-09-07,15:29,ROUTE,2.0935
2026-09-07,15:29,RPPINFRA,0.2586
2026-09-07,15:29,RPTECH,3.612
2026-09-07,15:29,RSDFIN,0.1964
2026-09-07,15:29,RSL,2.5069
2026-09-07,15:29,RTNINDIA,1.1503
2026-09-07,15:29,RTSPOWR,1.8165
2026-09-07,15:29,RUBFILA,0.3819
2026-09-07,15:29,RUBYMILLS,6.7009
2026-09-07,15:29,RUCHIRA,0.3535
2026-09-07,15:29,RVHL,0.9036
2026-09-07,15:29,S&SPOWER,3.1023
2026-09-07,15:29,SAB,4.9591
2026-09-07,15:29,SABEVENTS,4.9051
2026-09-07,15:29,SADBHIN,1.1765
2026-09-07,15:29,SADHNANIQ,1.8382
2026-09-07,15:29,SAGCEM,0.5103
2026-09-07,15:29,SAHYADRI,0.612
2026-09-07,15:29,SAKAR,9.3993
2026-09-07,15:29,SAKHTISUG,0.91
2026-09-07,15:29,SALSTEEL,0.5285
2026-09-07,15:29,SALZERELEC,0.2547
2026-09-07,15:29,SAMBHV,3.761
2026-09-07,15:29,SAMHI,1.1559
2026-09-07,15:29,SANATHAN,3.2223
2026-09-07,15:29,SANDESH,0.2473
2026-09-07,15:29,SANGINITA,2
2026-09-07,15:29,SANSERA,3.0059
2026-09-07,15:29,SANWARIA,5.5556
2026-09-07,15:29,SARDAEN,0.7767
2026-09-07,15:29,SAREGAMA,0.3146
2026-09-07,15:29,SARLAPOLY,1.5768
2026-09-07,15:29,SARVESHWAR,9.2262
2026-09-07,15:29,SATIA,7.6231
2026-09-07,15:29,SAYAJIHOTL,1.1429
2026-09-07,15:29,SAYAJIIND,0.3359
2026-09-07,15:29,SBC,2.4257
2026-09-07,15:29,SBICARD,2.4915
2026-09-07,15:29,SCANSTL,1.0638
2026-09-07,15:29,SCHAEFFLER,1.0919
2026-09-07,15:29,SCPL,1.3303
2026-09-07,15:29,SDBL,1.3784
2026-09-07,15:29,SECURKLOUD,0.6467
2026-09-07,15:29,SEDEMAC,2.1959
2026-09-07,15:29,SEJALLTD,1.3004
2026-09-07,15:29,SEMAC,1.7133
2026-09-07,15:29,SENCO,1.7984
2026-09-07,15:29,SENORES,4.8376
2026-09-07,15:29,SEPC,0.5576
2026-09-07,15:29,SESHAPAPER,3.9813
2026-09-07,15:29,SETCO,0.4585
2026-09-07,15:29,SETUINFRA,3.5088
2026-09-07,15:29,SEYAIND,1.3061
2026-09-07,15:29,SGFIN,0.2812
2026-09-07,15:29,SGLRES,3.7344
2026-09-07,15:29,SGRL,0.7974
2026-09-07,15:29,SHAHALLOYS,1.1133
2026-09-07,15:29,SHAILY,2.1475
2026-09-07,15:29,SHANTI,4
2026-09-07,15:29,SHANTIGEAR,2.9353
2026-09-07,15:29,SHANTIGOLD,5.6097
2026-09-07,15:29,SHARDAMOTR,0.9184
2026-09-07,15:29,SHAREINDIA,0.7977
2026-09-07,15:29,SHBAJRG,0.8091
2026-09-07,15:29,SHEKHAWATI,3.1572
2026-09-07,15:29,SHILCTECH,2.9936
2026-09-07,15:29,SHILGRAVQ,3.7638
2026-09-07,15:29,SHINDL,0.2155
2026-09-07,15:29,SHIVACEM,0.6262
2026-09-07,15:29,SHIVAMILLS,0.8099
2026-09-07,15:29,SHIVAUM,1.261
2026-09-07,15:29,SHREEJISPG,2.8891
2026-09-07,15:29,SHREEPUSHK,8.343
2026-09-07,15:29,SHREYANIND,4.0875
2026-09-07,15:29,SHRINGARMS,0.3121
2026-09-07,15:29,SHRJAGP,2.9489
2026-09-07,15:29,SHUKRAPHAR,2.1953
2026-09-07,15:29,SHYAMMETL,1.5958
2026-09-07,15:29,SICAGEN,0.429
2026-09-07,15:29,SIGMA,1.6931
2026-09-07,15:29,SIGNATURE,0.4268
2026-09-07,15:29,SIGNPOST,10.3378
2026-09-07,15:29,SIKKO,2.7726
2026-09-07,15:29,SILGO,4.5448
2026-09-07,15:29,SINCLAIR,1.1377
2026-09-07,15:29,SINTERCOM,0.7797
2026-09-07,15:29,SIYSIL,1.9723
2026-09-07,15:29,SJS,1.1361
2026-09-07,15:29,SJVN,0.5059
2026-09-07,15:29,SKFINDUS,0.453
2026-09-07,15:29,SKIL,4.8193
2026-09-07,15:29,SKIPPER,2.2501
2026-09-07,15:29,SKYGOLD,0.8574
2026-09-07,15:29,SMALLADD,0.2159
2026-09-07,15:29,SMALLCAP,0.7566
2026-09-07,15:29,SMALLGROWW,0.3261
2026-09-07,15:29,SMCGLOBAL,4.5538
2026-09-07,15:29,SMLMAH,1.5083
2026-09-07,15:29,SMSPHARMA,1.3885
2026-09-07,15:29,SOFTTECH,2.1978
2026-09-07,15:29,SOLARA,9.0589
2026-09-07,15:29,SOLARINDS,2.3549
2026-09-07,15:29,SOMANYCERA,0.3678
2026-09-07,15:29,SOMICONVEY,1.1387
2026-09-07,15:29,SONAMLTD,4.997
2026-09-07,15:29,SOUTHWEST,4.3866
2026-09-07,15:29,SPARC,3.2085
2026-09-07,15:29,SPCENET,4.3988
2026-09-07,15:29,SPECTRUM,4.9992
2026-09-07,15:29,SPENCERS,0.9825
2026-09-07,15:29,SPLIL,2.3034
2026-09-07,15:29,SPLPETRO,4.0789
2026-09-07,15:29,SREEL,5.2275
2026-09-07,15:29,SRIKPRIND,1.3182
2026-09-07,15:29,SRPL,3.0303
2026-09-07,15:29,SRTL,0.716
2026-09-07,15:29,SSDL,0.7409
2026-09-07,15:29,SSWL,2.6116
2026-09-07,15:29,STANLEY,1.24
2026-09-07,15:29,STAR,11.2495
2026-09-07,15:29,STARCEMENT,2.2136
2026-09-07,15:29,STARHEALTH,1.543
2026-09-07,15:29,STARPAPER,7.39
2026-09-07,15:29,STLNETWORK,4.9879
2026-09-07,15:29,STLTECH,4.994
2026-09-07,15:29,STOVEKRAFT,2.0059
2026-09-07,15:29,STYRENIX,1.0033
2026-09-07,15:29,SUDARCOLOR,0.8736
2026-09-07,15:29,SUDARSCHEM,1.3903
2026-09-07,15:29,SUKHJITS,1.704
2026-09-07,15:29,SUMEDHA,1.7688
2026-09-07,15:29,SUNDARMFIN,1.2821
2026-09-07,15:29,SUNSHIEL,10.8044
2026-09-07,15:29,SUPERHOUSE,0.8214
2026-09-07,15:29,SUPERSPIN,0.5755
2026-09-07,15:29,SUPREME,3.1431
2026-09-07,15:29,SUPREMEENG,1.9802
2026-09-07,15:29,SUPREMEIND,3.5396
2026-09-07,15:29,SUPREMEINF,2.8171
2026-09-07,15:29,SUPRIYA,6.5955
2026-09-07,15:29,SURAKSHA,1.9401
2026-09-07,15:29,SURYALA,2.3188
2026-09-07,15:29,SUZLON,0.441
2026-09-07,15:29,SWARAJENG,2.5353
2026-09-07,15:29,SWARNSAR,6.6099
2026-09-07,15:29,SYRMA,12.1801
2026-09-07,15:29,SYSTMTXC,4.9975
2026-09-07,15:29,TAKE,4.9928
2026-09-07,15:29,TALBROAUTO,5.8982
2026-09-07,15:29,TARC,6.2288
2026-09-07,15:29,TARMAT,1.1106
2026-09-07,15:29,TATACONSUM,0.495
2026-09-07,15:29,TATVA,1.0307
2026-09-07,15:29,TBOTEK,0.977
2026-09-07,15:29,TBZ,9.9927
2026-09-07,15:29,TCIFINANCE,0.6622
2026-09-07,15:29,TEAMLEASE,2.2869
2026-09-07,15:29,TECHNOCRAF,6.2415
2026-09-07,15:29,TEGA,3.5853
2026-09-07,15:29,TERAI,7.634
2026-09-07,15:29,TEXINFRA,3.6863
2026-09-07,15:29,TEXMOPIPES,17.1966
2026-09-07,15:29,TEXRAIL,2.9916
2026-09-07,15:29,TGBHOTELS,0.8439
2026-09-07,15:29,TGVSL,0.491
2026-09-07,15:29,THAKDEV,4.1597
2026-09-07,15:29,THANGAMAYL,2.6632
2026-09-07,15:29,THEINVEST,3.0421
2026-09-07,15:29,THEJO,1.6421
2026-09-07,15:29,THEMISMED,10.5049
2026-09-07,15:29,THOMASCOOK,0.7792
2026-09-07,15:29,TIRUPATIFL,2.6068
2026-09-07,15:29,TITAGARH,2.8216
2026-09-07,15:29,TMB,0.429
2026-09-07,15:29,TMCV,0.3165
2026-09-07,15:29,TNPL,2.4077
2026-09-07,15:29,TNTELE,1.0135
2026-09-07,15:29,TOLINS,0.3044
2026-09-07,15:29,TORNTPHARM,1.1736
2026-09-07,15:29,TOTAL,4.5993
2026-09-07,15:29,TRANSWORLD,0.5848
2026-09-07,15:29,TRF,1.5286
2026-09-07,15:29,TRIGYN,1.5432
2026-09-07,15:29,TRITONV,0.3873
2026-09-07,15:29,TRU,1.2346
2026-09-07,15:29,TVSHLTD,2.7965
2026-09-07,15:29,TVSSRICHAK,1.2888
2026-09-07,15:29,UBL,0.9067
2026-09-07,15:29,UCAL,1.6162
2026-09-07,15:29,UDAYJEW,17.1888
2026-09-07,15:29,UFLEX,1.0509
2026-09-07,15:29,UGARSUGAR,1.5745
2026-09-07,15:29,UJJIVANSFB,1.0244
2026-09-07,15:29,UMIYA-MRO,0.3831
2026-09-07,15:29,UNICHEMLAB,3.5533
2026-09-07,15:29,UNIDT,3.4507
2026-09-07,15:29,UNIINFO,0.5455
2026-09-07,15:29,UNIPARTS,3.2092
2026-09-07,15:29,UNITECH,3.4314
2026-09-07,15:29,UNITEDPOLY,2.9285
2026-09-07,15:29,UNIVASTU,0.9208
2026-09-07,15:29,UNIVPHOTO,4.9959
2026-09-07,15:29,UTIAMC,1.0675
2026-09-07,15:29,UTKARSHBNK,3.228
2026-09-07,15:29,UTTAMSUGAR,0.9957
2026-09-07,15:29,V2RETAIL,2.7344
2026-09-07,15:29,VADILENT,6.8193
2026-09-07,15:29,VAISHALI,0.601
2026-09-07,15:29,VALIANTLAB,2.5762
2026-09-07,15:29,VALIANTORG,1.8267
2026-09-07,15:29,VAML,0.2627
2026-09-07,15:29,VARDMNPOLY,0.3407
2026-09-07,15:29,VASUPRADA,0.8403
2026-09-07,15:29,VELJAN,1.2454
2026-09-07,15:29,VENUSPIPES,10.6928
2026-09-07,15:29,VGL,0.3939
2026-09-07,15:29,VHLTD,3.0962
2026-09-07,15:29,VIDHIING,0.3595
2026-09-07,15:29,VIJAYA,0.288
2026-09-07,15:29,VIJIFIN,1.9903
2026-09-07,15:29,VIMTALABS,0.7866
2026-09-07,15:29,VINCOFE,4.8227
2026-09-07,15:29,VINDHYATEL,1.182
2026-09-07,15:29,VIPIND,2.0538
2026-09-07,15:29,VIRAT,2.3267
2026-09-07,15:29,VISHNU,3.49
2026-09-07,15:29,VISHWARAJ,1.0169
2026-09-07,15:29,VITAL,1.5614
2026-09-07,15:29,VIVOBIOT,1.0106
2026-09-07,15:29,VMART,0.2427
2026-09-07,15:29,VOITHPAPR,1.1586
2026-09-07,15:29,VRAJ,0.3533
2026-09-07,15:29,VSTL,3.4761
2026-09-07,15:29,VTMLTD,0.6593
2026-09-07,15:29,WAKEFIT,2.5008
2026-09-07,15:29,WALCHANNAG,7.0706
2026-09-07,15:29,WANBURY,1.7669
2026-09-07,15:29,WEBELSOLAR,0.9124
2026-09-07,15:29,WELCORP,0.2818
2026-09-07,15:29,WELINV,1.9994
2026-09-07,15:29,WELSPUNLIV,1.6498
2026-09-07,15:29,WENDT,2.2059
2026-09-07,15:29,WESTLIFE,0.4617
2026-09-07,15:29,WEWORK,1.2595
2026-09-07,15:29,WHBRADY,2.7582
2026-09-07,15:29,WHEELS,1.7682
2026-09-07,15:29,WINDLAS,2.5214
2026-09-07,15:29,WINDMACHIN,2.0542
2026-09-07,15:29,WINSOME,1.6194
2026-09-07,15:29,WOCKPHARMA,5.7117
2026-09-07,15:29,WSI,1.0436
2026-09-07,15:29,WSTCSTPAPR,5.7286
2026-09-07,15:29,XCHANGING,4.7231
2026-09-07,15:29,XPROINDIA,2.7847
2026-09-07,15:29,XTGLOBAL,0.9782
2026-09-07,15:29,XTRANET,19.4629
2026-09-07,15:29,YATHARTH,0.3733
2026-09-07,15:29,YATRA,1.3041
2026-09-07,15:29,ZAGGLE,1.5047
2026-09-07,15:29,ZENITHSTL,2.2034
2026-09-07,15:29,ZIMLAB,2.9163
2026-09-07,15:29,ZSARACOM,3.5746
2026-09-07,15:29,ZUARI,0.5719
2026-09-07,15:29,ZUARIIND,1.4288
2026-09-07,15:29,ZYDUSLIFE,3.2946
2026-09-07,15:29,ZYDUSWELL,4.448
2026-09-08,15:29,21STCENMGM,0.8098
2026-09-08,15:29,3IINFOLTD,1.1328
2026-09-08,15:29,3MINDIA,0.9287
2026-09-08,15:29,3PLAND,0.7776
2026-09-08,15:29,AAATECH,0.6191
2026-09-08,15:29,AAREYDRUGS,0.7399
2026-09-08,15:29,AARNAV,0.4451
2026-09-08,15:29,AARTECH,3.7351
2026-09-08,15:29,AARTIIND,2.6493
2026-09-08,15:29,AARTIPHARM,0.5043
2026-09-08,15:29,ABINFRA,0.9649
2026-09-08,15:29,ABSL10BANK,1.0204
2026-09-08,15:29,ABSLMSCIN,0.3763
2026-09-08,15:29,ACE,0.7186
2026-09-08,15:29,ACSTECH,4.9982
2026-09-08,15:29,ADANIENSOL,1.2442
2026-09-08,15:29,ADANIPORTS,0.9266
2026-09-08,15:29,ADANIPOWER,1.9121
2026-09-08,15:29,ADFFOODS,2.8368
2026-09-08,15:29,ADL,2.9213
2026-09-08,15:29,ADROITINFO,3.1038
2026-09-08,15:29,ADVAIT,2.7428
2026-09-08,15:29,AEGISLOG,1.1486
2026-09-08,15:29,AEGISVOPAK,1.8574
2026-09-08,15:29,AEPL,0.4994
2026-09-08,15:29,AEROFLEX,2.7502
2026-09-08,15:29,AEROPLANE,0.6464
2026-09-08,15:29,AETHER,1.4449
2026-09-08,15:29,AFFORDABLE,2.6245
2026-09-08,15:29,AGI,6.9815
2026-09-08,15:29,AGL,17.9676
2026-09-08,15:29,AGSTRA,1.0309
2026-09-08,15:29,AHCL,0.8398
2026-09-08,15:29,AHLUCONT,1.6917
2026-09-08,15:29,AIAENG,0.8286
2026-09-08,15:29,AIIL,2.1847
2026-09-08,15:29,AIRAN,4.3187
2026-09-08,15:29,AIROLAM,2.8416
2026-09-08,15:29,AJANTPHARM,1.8699
2026-09-08,15:29,AJMERA,0.4764
2026-09-08,15:29,AKCAPIT,2.2325
2026-09-08,15:29,AKG,4.7974
2026-09-08,15:29,AKSHOPTFBR,5
2026-09-08,15:29,ALEMBICLTD,1.5548
2026-09-08,15:29,ALFREDHE,1.5903
2026-09-08,15:29,ALICON,2.0095
2026-09-08,15:29,ALKALI,11.0348
2026-09-08,15:29,ALLCARGO,2.7624
2026-09-08,15:29,ALMONDZ,2.1354
2026-09-08,15:29,ALPA,1.6085
2026-09-08,15:29,ALPHAETF,0.5269
2026-09-08,15:29,ALUFLUOR,0.9216
2026-09-08,15:29,AMANTA,1.9959
2026-09-08,15:29,AMARJOTHI,0.6563
2026-09-08,15:29,ANIKINDS,0.9828
2026-09-08,15:29,ANMOL,12.7849
2026-09-08,15:29,ANSALAPI,1.7911
2026-09-08,15:29,ANSALBU,4.1141
2026-09-08,15:29,ANTELOPUS,11.5549
2026-09-08,15:29,ANTHEM,2.6031
2026-09-08,15:29,ANUHPHR,5.8035
2026-09-08,15:29,AONETMMQ50,0.388
2026-09-08,15:29,APCL,0.3903
2026-09-08,15:29,APEX,4.3455
2026-09-08,15:29,APLLTD,1.1194
2026-09-08,15:29,APOLLO,3.4534
2026-09-08,15:29,APOLLOHOSP,0.8847
2026-09-08,15:29,ARCHIES,2.0186
2026-09-08,15:29,ARIS,0.7125
2026-09-08,15:29,ARSHIYA,2.8169
2026-09-08,15:29,ARTNIRMAN,0.4974
2026-09-08,15:29,ARVEE,18.1846
2026-09-08,15:29,ARVIND,2.9849
2026-09-08,15:29,ARYAMAN,1.4286
2026-09-08,15:29,ASHAPURMIN,2.0812
2026-09-08,15:29,ASHIKA,0.6301
2026-09-08,15:29,ASHOKAMET,0.979
2026-09-08,15:29,ASIANENE,8.1575
2026-09-08,15:29,ASIANHOTNR,6.0368
2026-09-08,15:29,ASIANTILES,0.3811
2026-09-08,15:29,ASIANTNE,2
2026-09-08,15:29,ASTEC,19.9964
2026-09-08,15:29,ASTRAMICRO,2.67
2026-09-08,15:29,ATAM,1.9716
2026-09-08,15:29,ATGL,0.9442
2026-09-08,15:29,ATL,3.1562
2026-09-08,15:29,ATLANTAA,1.6994
2026-09-08,15:29,ATLASCYCLE,19.6211
2026-09-08,15:29,AUBANK,1.9658
2026-09-08,15:29,AURIONPRO,0.5084
2026-09-08,15:29,AUROPHARMA,1.9277
2026-09-08,15:29,AURUM,0.9416
2026-09-08,15:29,AUTOIND,2.7145
2026-09-08,15:29,AVANCE,1.2048
2026-09-08,15:29,AVANTIFEED,6.4332
2026-09-08,15:29,AVL,2.5615
2026-09-08,15:29,AVROIND,0.9412
2026-09-08,15:29,AXISCADES,3.9708
2026-09-08,15:29,AXISNIFTY,0.6569
2026-09-08,15:29,AXTEL,4.3917
2026-09-08,15:29,AYE,0.3912
2026-09-08,15:29,AYMSYNTEX,1.5546
2026-09-08,15:29,BAFNAPH,1.9884
2026-09-08,15:29,BAIDFIN,10.652
2026-09-08,15:29,BAJAJ-AUTO,0.678
2026-09-08,15:29,BAJAJHCARE,2.4027
2026-09-08,15:29,BAJAJHLDNG,0.8215
2026-09-08,15:29,BALAJITELE,1.7536
2026-09-08,15:29,BALKRISHNA,0.7692
2026-09-08,15:29,BALPHARMA,2.9021
2026-09-08,15:29,BANDHANBNK,4.1773
2026-09-08,15:29,BBNPPGOLD,0.6821
2026-09-08,15:29,BBTC,0.3805
2026-09-08,15:29,BCG,9.8753
2026-09-08,15:29,BCPL,3.8748
2026-09-08,15:29,BEL,1.6213
2026-09-08,15:29,BEML,0.4005
2026-09-08,15:29,BENARAS,1.1447
2026-09-08,15:29,BEPL,5.5188
2026-09-08,15:29,BETA,0.7486
2026-09-08,15:29,BGLOBAL,1.2658
2026-09-08,15:29,BHAGERIA,4.9867
2026-09-08,15:29,BHAGYANGR,4.9946
2026-09-08,15:29,BHANDARI,1.0067
2026-09-08,15:29,BHARATFORG,2.491
2026-09-08,15:29,BHARTIHEXA,1.3476
2026-09-08,15:29,BIKAJI,0.5946
2026-09-08,15:29,BIL,0.6121
2026-09-08,15:29,BILVYAPAR,0.7371
2026-09-08,15:29,BLAL,1.8493
2026-09-08,15:29,BLISSGVS,4.4768
2026-09-08,15:29,BLSE,0.8139
2026-09-08,15:29,BLUEJET,2.1879
2026-09-08,15:29,BODALCHEM,7.5184
2026-09-08,15:29,BOHRAIND,3.9169
2026-09-08,15:29,BOMDYEING,1.8358
2026-09-08,15:29,BONLON,1.996
2026-09-08,15:29,BOROLTD,0.5113
2026-09-08,15:29,BOSCHLTD,1.5825
2026-09-08,15:29,BPLPHARMA,1.2979
2026-09-08,15:29,BRIGADE,1.1708
2026-09-08,15:29,BRITANNIA,0.4264
2026-09-08,15:29,BSL,0.5708
2026-09-08,15:29,BTTL,2.4178
2026-09-08,15:29,BUILDPRO,2.336
2026-09-08,15:29,BVCL,0.8983
2026-09-08,15:29,CAMLINFINE,2.4292
2026-09-08,15:29,CANBK,0.5484
2026-09-08,15:29,CCL,3.0253
2026-09-08,15:29,CEIGALL,1.2287
2026-09-08,15:29,CELLO,1.4751
2026-09-08,15:29,CENTEXT,2.2467
2026-09-08,15:29,CENTRUM,0.445
2026-09-08,15:29,CENTURYPLY,0.6493
2026-09-08,15:29,CEREBRAINT,3.9427
2026-09-08,15:29,CESC,0.4194
2026-09-08,15:29,CEWATER,0.6598
2026-09-08,15:29,CGPOWER,1.7542
2026-09-08,15:29,CHEMBOND,7.2234
2026-09-08,15:29,CHEMCON,4.996
2026-09-08,15:29,CHEMCRUX,1.5441
2026-09-08,15:29,CHENNPETRO,1.9298
2026-09-08,15:29,CHOICEGOLD,0.5795
2026-09-08,15:29,CIFL,1.3575
2026-09-08,15:29,CLCIND,3.0539
2026-09-08,15:29,CLEANMAX,1.3619
2026-09-08,15:29,CLSEL,2.0023
2026-09-08,15:29,CMRGREEN,0.5112
2026-09-08,15:29,CNXNIFTYJUNIOR,0.5166
2026-09-08,15:29,CNXPHARMA,0.7696
2026-09-08,15:29,COASTCORP,0.6182
2026-09-08,15:29,COCHINSHIP,1.4472
2026-09-08,15:29,COCKERILL,3.2236
2026-09-08,15:29,COFFEEDAY,9.9904
2026-09-08,15:29,COFORGE,0.7752
2026-09-08,15:29,COHANCE,0.456
2026-09-08,15:29,COMPEAU,4.5326
2026-09-08,15:29,COMSYN,2.6003
2026-09-08,15:29,CONCORDBIO,1.8916
2026-09-08,15:29,CONFIPET,0.3772
2026-09-08,15:29,CONSOFINVT,4.8728
2026-09-08,15:29,CORDSCABLE,18.9564
2026-09-08,15:29,CORONA,1.0524
2026-09-08,15:29,CPCAP,1.0818
2026-09-08,15:29,CPL,7.2254
2026-09-08,15:29,CPPLUS,2.0224
2026-09-08,15:29,CPSEETF,0.8131
2026-09-08,15:29,CRAFTSMAN,0.9649
2026-09-08,15:29,CRIZAC,6.0376
2026-09-08,15:29,CROMPTON,0.3809
2026-09-08,15:29,CSM,0.5985
2026-09-08,15:29,CUBEXTUB,3.4492
2026-09-08,15:29,CYBERTECH,3.9254
2026-09-08,15:29,CYIENTDLM,12.8156
2026-09-08,15:29,DALMIASUG,0.5695
2026-09-08,15:29,DAMCAPITAL,1.3321
2026-09-08,15:29,DATAPATTNS,7.4388
2026-09-08,15:29,DBL,0.4338
2026-09-08,15:29,DCAL,1.4283
2026-09-08,15:29,DCBBANK,3.7233
2026-09-08,15:29,DCMSIL,2.477
2026-09-08,15:29,DECNGOLD,3.4527
2026-09-08,15:29,DEEDEV,3.626
2026-09-08,15:29,DEEPINDS,4.2664
2026-09-08,15:29,DEFENCE,2.1575
2026-09-08,15:29,DEVX,2.2727
2026-09-08,15:29,DHABRIYA,3.9915
2026-09-08,15:29,DHATRE,2.6258
2026-09-08,15:29,DHRUV,2.6316
2026-09-08,15:29,DIACABS,1.0974
2026-09-08,15:29,DIAMINESQ,1.1474
2026-09-08,15:29,DIGJAMLMTD,3.6844
2026-09-08,15:29,DISAQ,1.4288
2026-09-08,15:29,DISHTV,0.7937
2026-09-08,15:29,DIVGIITTS,1.1396
2026-09-08,15:29,DIVISLAB,2.7912
2026-09-08,15:29,DJML,1.3454
2026-09-08,15:29,DODLA,0.8014
2026-09-08,15:29,DOLATALGO,1.0577
2026-09-08,15:29,DOLLAR,1.0303
2026-09-08,15:29,DPSCLTD,0.8357
2026-09-08,15:29,DRREDDY,0.5943
2026-09-08,15:29,DSFCL,2.8857
2026-09-08,15:29,DSKULKARNI,1.9697
2026-09-08,15:29,DSSL,2.0473
2026-09-08,15:29,DUCON,0.5587
2026-09-08,15:29,DWARKESH,1.2241
2026-09-08,15:29,EBGNG,7.4382
2026-09-08,15:29,ECLERX,2.9807
2026-09-08,15:29,EDELWEISS,4.5811
2026-09-08,15:29,EDUCOMP,1.1111
2026-09-08,15:29,EICHERMOT,0.9841
2026-09-08,15:29,EIHOTEL,0.5952
2026-09-08,15:29,ELANTAS,6.4118
2026-09-08,15:29,ELDEHSG,0.8684
2026-09-08,15:29,ELGIRUBCO,2.4965
2026-09-08,15:29,ELIN,2.3715
2026-09-08,15:29,EMIL,4.3649
2026-09-08,15:29,EMMVEE,1.8604
2026-09-08,15:29,EMPOWER,4.1451
2026-09-08,15:29,EMUDHRA,1.3235
2026-09-08,15:29,ENERGY,0.7864
2026-09-08,15:29,ENGINERSIN,0.776
2026-09-08,15:29,ENRIN,2.5049
2026-09-08,15:29,EPACK,0.5635
2026-09-08,15:29,EPACKPEB,1.5449
2026-09-08,15:29,EPIGRAL,0.8476
2026-09-08,15:29,EQUIPPP,4.1575
2026-09-08,15:29,ESCORTS,1.8868
2026-09-08,15:29,ETHOSLTD,0.5425
2026-09-08,15:29,EUREKAFORB,0.5785
2026-09-08,15:29,EUROBOND,2.5534
2026-09-08,15:29,EVEREADY,6.633
2026-09-08,15:29,EVERESTIND,0.9711
2026-09-08,15:29,EVIETF,0.6508
2026-09-08,15:29,EXCELSOFT,1.172
2026-09-08,15:29,FCL,3.1415
2026-09-08,15:29,FDC,1.1106
2026-09-08,15:29,FEDERALBNK,0.6287
2026-09-08,15:29,FELDVR,1.8182
2026-09-08,15:29,FINCABLES,6.1369
2026-09-08,15:29,FINEORG,1.3854
2026-09-08,15:29,FINOPB,0.7703
2026-09-08,15:29,FINPIPE,0.4454
2026-09-08,15:29,FLUOROCHEM,3.2248
2026-09-08,15:29,FUSION,0.768
2026-09-08,15:29,GABRIEL,1.9142
2026-09-08,15:29,GAEL,1.0998
2026-09-08,15:29,GALAPREC,1.6869
2026-09-08,15:29,GALAXYSURF,5.3964
2026-09-08,15:29,GANECOS,5.0909
2026-09-08,15:29,GARUDA,2.7879
2026-09-08,15:29,GAUDIUMIVF,4.9929
2026-09-08,15:29,GAYAHWS,1.0417
2026-09-08,15:29,GAYAPROJ,4.8693
2026-09-08,15:29,GEMAROMA,2.32
2026-09-08,15:29,GENESYS,19.9992
2026-09-08,15:29,GENESYS-RE,13.917
2026-09-08,15:29,GENSOL,1.5707
2026-09-08,15:29,GESHIP,0.5157
2026-09-08,15:29,GFSTEELS,10
2026-09-08,15:29,GICL,0.4505
2026-09-08,15:29,GILLETTE,2.0324
2026-09-08,15:29,GILT10BETA,1.1364
2026-09-08,15:29,GINNIFILA,1.9203
2026-09-08,15:29,GKB,9.6092
2026-09-08,15:29,GLENMARK,0.9217
2026-09-08,15:29,GLOBAL,5.3849
2026-09-08,15:29,GLOBE,0.5376
2026-09-08,15:29,GMDCLTD,2.0176
2026-09-08,15:29,GMMPFAUDLR,4.0058
2026-09-08,15:29,GMRAIRPORT,1.1049
2026-09-08,15:29,GMRP&UI,2.1802
2026-09-08,15:29,GNA,1.8778
2026-09-08,15:29,GOACARBON,0.9672
2026-09-08,15:29,GODIGIT,0.9938
2026-09-08,15:29,GODREJAGRO,1.2171
2026-09-08,15:29,GOKEX,0.5599
2026-09-08,15:29,GOKULAGRO,0.6301
2026-09-08,15:29,GOLDAXIS,0.5071
2026-09-08,15:29,GOLDENTOBC,4.3299
2026-09-08,15:29,GOODLUCK,7.4831
2026-09-08,15:29,GOYALALUM,0.8117
2026-09-08,15:29,GPIL,0.6802
2026-09-08,15:29,GRANULES,3.2342
2026-09-08,15:29,GRAPHITE,2.3916
2026-09-08,15:29,GRAUWEIL,0.7838
2026-09-08,15:29,GRMOVER,2.7622
2026-09-08,15:29,GROBTEA,0.7142
2026-09-08,15:29,GROWWCHEM,0.4322
2026-09-08,15:29,GROWWDEFNC,2.2711
2026-09-08,15:29,GROWWMOM50,0.4545
2026-09-08,15:29,GROWWNET,0.6487
2026-09-08,15:29,GROWWNXT50,2.4866
2026-09-08,15:29,GROWWPOWER,1.25
2026-09-08,15:29,GROWWSLVR,0.5326
2026-09-08,15:29,GRSE,0.762
2026-09-08,15:29,GSEC10ABSL,1.1827
2026-09-08,15:29,GUJALKALI,1.5399
2026-09-08,15:29,GUJRAFFIA,2.5672
2026-09-08,15:29,GUJTHEM,5.5789
2026-09-08,15:29,GULFOILLUB,0.4559
2026-09-08,15:29,GVKPIL,1.9139
2026-09-08,15:29,GVT&D,8.7653
2026-09-08,15:29,HAL,3.6229
2026-09-08,15:29,HALDER,2.425
2026-09-08,15:29,HAMPTON,5.9186
2026-09-08,15:29,HAPPSTMNDS,0.6259
2026-09-08,15:29,HARIOMPIPE,1.7798
2026-09-08,15:29,HARSHA,2.492
2026-09-08,15:29,HATSUN,5.7556
2026-09-08,15:29,HAVISHA,0.7576
2026-09-08,15:29,HAZOOR,0.6045
2026-09-08,15:29,HBESD,3.4548
2026-09-08,15:29,HBLENGINE,3.8855
2026-09-08,15:29,HBPOR,2.1998
2026-09-08,15:29,HBSL,3.0135
2026-09-08,15:29,HCC,1.3594
2026-09-08,15:29,HCG,0.3925
2026-09-08,15:29,HCL-INSYS,1.3013
2026-09-08,15:29,HDFCAMC,0.6291
2026-09-08,15:29,HDFCBSE500,0.4302
2026-09-08,15:29,HDFCMOMENT,0.7419
2026-09-08,15:29,HDFCSILVER,0.6412
2026-09-08,15:29,HDIL,0.6711
2026-09-08,15:29,HEALTHAXIS,0.7138
2026-09-08,15:29,HEALTHCARE,0.8318
2026-09-08,15:29,HEALTHIETF,0.8262
2026-09-08,15:29,HEALTHX,1.9198
2026-09-08,15:29,HECPROJECT,4.0704
2026-09-08,15:29,HERANBA,1.8748
2026-09-08,15:29,HEROMOTOCO,1.2049
2026-09-08,15:29,HFCL,3.1892
2026-09-08,15:29,HIKAL,1.2387
2026-09-08,15:29,HINDADH,0.6782
2026-09-08,15:29,HINDALUMI,1.7143
2026-09-08,15:29,HINDCON,0.5773
2026-09-08,15:29,HINDCOPPER,4.6651
2026-09-08,15:29,HINDOILEXP,2.547
2026-09-08,15:29,HINDUNILVR,1.0204
2026-09-08,15:29,HINDZINC,1.0778
2026-09-08,15:29,HIRECT,5.7348
2026-09-08,15:29,HITECHCORP,0.4785
2026-09-08,15:29,HITECHGEAR,0.4759
2026-09-08,15:29,HONASA,1.5248
2026-09-08,15:29,HPL,0.4809
2026-09-08,15:29,HSBCGOLD,0.4239
2026-09-08,15:29,HYUNDAI,0.4525
2026-09-08,15:29,IBULLSLTD,0.9728
2026-09-08,15:29,ICEMAKE,0.7727
2026-09-08,15:29,IDEAFORGE,1.2738
2026-09-08,15:29,IGPL,4.6081
2026-09-08,15:29,IITL,6.9807
2026-09-08,15:29,IKIO,8.252
2026-09-08,15:29,IMFA,1.5386
2026-09-08,15:29,IMPAL,3.3477
2026-09-08,15:29,IMPEXFERRO,1.8711
2026-09-08,15:29,INA,0.3773
2026-09-08,15:29,INDHOTEL,0.5306
2026-09-08,15:29,INDIAGLYCO,4.9744
2026-09-08,15:29,INDIANCARD,0.4407
2026-09-08,15:29,INDIAVIX,0.6272
2026-09-08,15:29,INDIQUBE,1.4644
2026-09-08,15:29,INDOBORAX,1.4089
2026-09-08,15:29,INDOFARM,9.5025
2026-09-08,15:29,INDOMIM,2.3503
2026-09-08,15:29,INDORAMA,1.9304
2026-09-08,15:29,INDOTECH,0.8236
2026-09-08,15:29,INDOTHAI,4.9827
2026-09-08,15:29,INDRAMEDCO,1.0672
2026-09-08,15:29,INDSWFTLAB,5.316
2026-09-08,15:29,INFOMEDIA,1.8416
2026-09-08,15:29,INFRAIETF,0.392
2026-09-08,15:29,INNOVACAP,0.6355
2026-09-08,15:29,INOXGREEN,1.2422
2026-09-08,15:29,INSECTICID,0.6101
2026-09-08,15:29,INSPIRISYS,1.9944
2026-09-08,15:29,INTELLECT,1.4146
2026-09-08,15:29,INTERARCH,2.9351
2026-09-08,15:29,INTERNET,0.4818
2026-09-08,15:29,INVPRECQ,1.9938
2026-09-08,15:29,IOB,0.7251
2026-09-08,15:29,IPCALAB,0.4135
2026-09-08,15:29,ITL,1.4268
2026-09-08,15:29,IVALUE,3.6517
2026-09-08,15:29,IVP,2.118
2026-09-08,15:29,IVZINGOLD,0.7964
2026-09-08,15:29,IWP,0.8428
2026-09-08,15:29,IXIGO,1.5353
2026-09-08,15:29,JAGRAN,1.181
2026-09-08,15:29,JAINREC,5.4025
2026-09-08,15:29,JAIPURKURT,0.8631
2026-09-08,15:29,JAMNAAUTO,1.8245
2026-09-08,15:29,JASH,1.4771
2026-09-08,15:29,JAYAGROGN,9.0702
2026-09-08,15:29,JAYKAY,0.7182
2026-09-08,15:29,JAYNECOIND,1.1264
2026-09-08,15:29,JGCHEM,5.1346
2026-09-08,15:29,JINDALPHOT,0.465
2026-09-08,15:29,JINDRILL,2.0854
2026-09-08,15:29,JITFINFRA,1.8272
2026-09-08,15:29,JNKINDIA,1.183
2026-09-08,15:29,JNPR,1.3236
2026-09-08,15:29,JOCIL,3.1195
2026-09-08,15:29,JSWHL,0.8266
2026-09-08,15:29,JUBLFOOD,1.0517
2026-09-08,15:29,JUBLPHARMA,4.9932
2026-09-08,15:29,JYOTICNC,1.6215
2026-09-08,15:29,JYOTIRES,0.5986
2026-09-08,15:29,JYOTISTRUC,2.5591
2026-09-08,15:29,KABRAEXTRU,3.4594
2026-09-08,15:29,KAJARIACER,2.4334
2026-09-08,15:29,KAKATCEM,1.8325
2026-09-08,15:29,KALYANKJIL,3.6548
2026-09-08,15:29,KAMATHOTEL,1.7485
2026-09-08,15:29,KAMDHENU,0.9278
2026-09-08,15:29,KAMOPAINTS,1.1364
2026-09-08,15:29,KANANIIND,0.6579
2026-09-08,15:29,KANORICHEM,2.2457
2026-09-08,15:29,KANPRPLA,0.833
2026-09-08,15:29,KAPSTON,1.2621
2026-09-08,15:29,KEC,1.0083
2026-09-08,15:29,KELLTONTEC,0.5139
2026-09-08,15:29,KESORAMIND,1.9802
2026-09-08,15:29,KEYFINSERV,0.6637
2026-09-08,15:29,KHADIM,2
2026-09-08,15:29,KHANDSE,3.3504
2026-09-08,15:29,KIRIINDUS,0.8402
2026-09-08,15:29,KIRLOSBROS,1.1406
2026-09-08,15:29,KIRLOSENG,4.5062
2026-09-08,15:29,KISSHT,3.1313
2026-09-08,15:29,KJMCFIN,1.132
2026-09-08,15:29,KMCSHIL,1.3704
2026-09-08,15:29,KMEW,0.8104
2026-09-08,15:29,KNAGRI,0.5319
2026-09-08,15:29,KOHINOOR,1.7493
2026-09-08,15:29,KOTHARIPET,8.2689
2026-09-08,15:29,KOTHARIPRO,0.4081
2026-09-08,15:29,KOTIC,3.6175
2026-09-08,15:29,KOVAI,0.6261
2026-09-08,15:29,KPL,7.3347
2026-09-08,15:29,KRBL,0.8776
2026-09-08,15:29,KREBSBIO,1.3217
2026-09-08,15:29,KRISHIVAL,0.6623
2026-09-08,15:29,KRISHNADEF,4.2386
2026-09-08,15:29,KRN,2.141
2026-09-08,15:29,KROSS,1.0281
2026-09-08,15:29,KSB,2.8199
2026-09-08,15:29,KSE,1.1017
2026-09-08,15:29,KSHINTL,6.4306
2026-09-08,15:29,KSHITIJPOL,4.6243
2026-09-08,15:29,KSR,9.3759
2026-09-08,15:29,KUANTUM,1.5906
2026-09-08,15:29,KWIL,0.8755
2026-09-08,15:29,LAKPRE,4.1825
2026-09-08,15:29,LAKSHMIMIL,3.42
2026-09-08,15:29,LAL,0.7901
2026-09-08,15:29,LALPATHLAB,0.5573
2026-09-08,15:29,LAMBODHARA,3.0461
2026-09-08,15:29,LANDMARK,0.7792
2026-09-08,15:29,LATTEYS,2.5206
2026-09-08,15:29,LAURUSLABS,3.7406
2026-09-08,15:29,LAXMIDENTL,0.7687
2026-09-08,15:29,LEAPIND,1.3536
2026-09-08,15:29,LENSKART,1.1265
2026-09-08,15:29,LEXUS,0.6726
2026-09-08,15:29,LFIC,3.7596
2026-09-08,15:29,LGEINDIA,1.4808
2026-09-08,15:29,LICHSGFIN,1.9928
2026-09-08,15:29,LICNFNHGP,0.6131
2026-09-08,15:29,LICNMID100,0.5212
2026-09-08,15:29,LINC,1.5599
2026-09-08,15:29,LINCOLN,1.1781
2026-09-08,15:29,LODHA,1
2026-09-08,15:29,LOKESHMACH,1.6215
2026-09-08,15:29,LOTUSEYE,1.4671
2026-09-08,15:29,LOYALTEX,3.7134
2026-09-08,15:29,LTFOODS,1.4033
2026-09-08,15:29,LUMAXTECH,1.054
2026-09-08,15:29,LXCHEM,7.2853
2026-09-08,15:29,LYKALABS,1.9895
2026-09-08,15:29,M&MFIN,0.5371
2026-09-08,15:29,MACPOWER,3.3302
2026-09-08,15:29,MADHAV,2.4
2026-09-08,15:29,MADHAVIPL,1.5171
2026-09-08,15:29,MAFANG,7.1158
2026-09-08,15:29,MAHESHWARI,2.0267
2026-09-08,15:29,MAHLIFE,1.666
2026-09-08,15:29,MAHLOG,1.4013
2026-09-08,15:29,MAJESAUT,1.0649
2026-09-08,15:29,MALLCOM,0.4451
2026-09-08,15:29,MALUPAPER,4.5963
2026-09-08,15:29,MAMATA,2.9504
2026-09-08,15:29,MANAKCOAT,1.4693
2026-09-08,15:29,MANAKSIA,2.0494
2026-09-08,15:29,MANALIPETC,4.5497
2026-09-08,15:29,MANINFRA,2.6764
2026-09-08,15:29,MANORAMA,6.4534
2026-09-08,15:29,MANORG,0.4144
2026-09-08,15:29,MANUGRAPH,0.8742
2026-09-08,15:29,MARALOVER,2.4432
2026-09-08,15:29,MARICO,2.2208
2026-09-08,15:29,MARKOLINES,1.0322
2026-09-08,15:29,MARSONS,1.7387
2026-09-08,15:29,MASPTOP50,12.9336
2026-09-08,15:29,MASTERTR,3.6349
2026-09-08,15:29,MAYURUNIQ,3.9514
2026-09-08,15:29,MAZDOCK,0.4971
2026-09-08,15:29,MBAPL,0.8343
2026-09-08,15:29,MBLINFRA,2.6552
2026-09-08,15:29,MCL,4.0863
2026-09-08,15:29,MEDANTA,0.4218
2026-09-08,15:29,MEDICAMEQ,2.3277
2026-09-08,15:29,MEDPLUS,0.5684
2026-09-08,15:29,MEIL,2.6679
2026-09-08,15:29,MENNPIS,3.1326
2026-09-08,15:29,MERCANTILE,1.1871
2026-09-08,15:29,MERCURYEV,2.6203
2026-09-08,15:29,METROBRAND,1.5035
2026-09-08,15:29,METROPOLIS,0.7702
2026-09-08,15:29,MFML,0.3759
2026-09-08,15:29,MGL,1.0164
2026-09-08,15:29,MIDCAP,0.3798
2026-09-08,15:29,MIDHANI,13.5985
2026-09-08,15:29,MIDSELIETF,0.5561
2026-09-08,15:29,MIDSMALL,0.4445
2026-09-08,15:29,MIDWESTLTD,1.4869
2026-09-08,15:29,MINALIND,4.9911
2026-09-08,15:29,MINDACORP,1.8331
2026-09-08,15:29,MKEXIM,4.3358
2026-09-08,15:29,MMP,7.5402
2026-09-08,15:29,MODEFENCE,2.3126
2026-09-08,15:29,MODINATUR,2.5522
2026-09-08,15:29,MODISONLTD,4.9937
2026-09-08,15:29,MOENERGY,1.346
2026-09-08,15:29,MOHEALTH,1.3683
2026-09-08,15:29,MOIL,1.7272
2026-09-08,15:29,MOM30IETF,0.9606
2026-09-08,15:29,MOMENTUM,0.898
2026-09-08,15:29,MOMENTUM30,0.7152
2026-09-08,15:29,MOMENTUM50,1.0859
2026-09-08,15:29,MOMIDMTM,0.6673
2026-09-08,15:29,MOMMIDCAP,1.0031
2026-09-08,15:29,MOMOMENTUM,0.5962
2026-09-08,15:29,MON100,2.4825
2026-09-08,15:29,MONEXT50,0.58
2026-09-08,15:29,MONQ50,19.3065
2026-09-08,15:29,MOPSE,0.4139
2026-09-08,15:29,MOQUALITY,1.0805
2026-09-08,15:29,MOSCHIP,0.7808
2026-09-08,15:29,MOSILVER,0.6321
2026-09-08,15:29,MOTHERSON,1.142
2026-09-08,15:29,MPSLTD,4.3025
2026-09-08,15:29,MSPL,0.4888
2026-09-08,15:29,MTARTECH,3.7305
2026-09-08,15:29,MTEDUCARE,1.0811
2026-09-08,15:29,MUKANDLTD,0.5552
2026-09-08,15:29,MUTHOOTFIN,0.684
2026-09-08,15:29,MUTHOOTMF,1.839
2026-09-08,15:29,MVELECTRO,9.5232
2026-09-08,15:29,MYSORPETRO,4.9992
2026-09-08,15:29,NAHARCAP,0.4072
2026-09-08,15:29,NAHARPOLY,2.0136
2026-09-08,15:29,NARMADA,2.7102
2026-09-08,15:29,NATIONALUM,1.4075
2026-09-08,15:29,NATIONSTD,4.9842
2026-09-08,15:29,NAVINFLUOR,1.482
2026-09-08,15:29,NAVINIFTY,3.3114
2026-09-08,15:29,NDLVENTURE,4.6529
2026-09-08,15:29,NEAGI,0.6089
2026-09-08,15:29,NECCLTD,1.1843
2026-09-08,15:29,NECLIFE,0.6628
2026-09-08,15:29,NELCO,4.2756
2026-09-08,15:29,NEPHROPLUS,4.6775
2026-09-08,15:29,NESCO,3.8197
2026-09-08,15:29,NEUEON,2.1222
2026-09-08,15:29,NEULANDLAB,4.9191
2026-09-08,15:29,NEXT50,0.6382
2026-09-08,15:29,NEXT50ADD,0.6161
2026-09-08,15:29,NEXT50IETF,0.4428
2026-09-08,15:29,NEXTMEDIA,2.6596
2026-09-08,15:29,NIBE,1.0243
2026-09-08,15:29,NICCOPAR,1.3372
2026-09-08,15:29,NIFTY200ALPHA30,0.8342
2026-09-08,15:29,NIFTY200MOMENTM30,0.8911
2026-09-08,15:29,NIFTY200QUALITY30,0.4924
2026-09-08,15:29,NIFTY500MOMENTM50,1.0705
2026-09-08,15:29,NIFTY50ADD,0.6316
2026-09-08,15:29,NIFTY50PR1XINV,0.6251
2026-09-08,15:29,NIFTY50TR1XINV,0.6331
2026-09-08,15:29,NIFTY50VALUE30,0.4794
2026-09-08,15:29,NIFTYALPHA50,0.6122
2026-09-08,15:29,NIFTYCHEMICALS,0.6849
2026-09-08,15:29,NIFTYCPSE,0.5072
2026-09-08,15:29,NIFTYHEALTHCARE,0.6313
2026-09-08,15:29,NIFTYINDDEFENCE,2.5029
2026-09-08,15:29,NIFTYINDIAMFG,0.3775
2026-09-08,15:29,NIFTYM150MOMNTM50,0.8132
2026-09-08,15:29,NIFTYMEDIA,1.3119
2026-09-08,15:29,NIFTYMICROCAP250,0.5223
2026-09-08,15:29,NIFTYMIDSMLHLTH,0.8968
2026-09-08,15:29,NIFTYMS400MQ100,0.704
2026-09-08,15:29,NIFTYSML250MQ100,0.5594
2026-09-08,15:29,NIITMTS,1.264
2026-09-08,15:29,NILASPACES,4.4971
2026-09-08,15:29,NILE,0.8705
2026-09-08,15:29,NILKAMAL,2.3653
2026-09-08,15:29,NIMBSPROJ,3.4492
2026-09-08,15:29,NINSYS,0.4604
2026-09-08,15:29,NIRLON,0.7315
2026-09-08,15:29,NITINSPIN,4.4067
2026-09-08,15:29,NKIND,6.7121
2026-09-08,15:29,NLCINDIA,1.0954
2026-09-08,15:29,NMDC,1.0256
2026-09-08,15:29,NOCIL,7.4552
2026-09-08,15:29,NORBTEAEXP,3.0129
2026-09-08,15:29,NORTHARC,1.585
2026-09-08,15:29,NOVARTIND,11.1247
2026-09-08,15:29,NRAIL,9.2211
2026-09-08,15:29,NRBBEARING,1.3665
2026-09-08,15:29,NTCIND,1.6571
2026-09-08,15:29,NYKAA,2.4947
2026-09-08,15:29,OBCL,1.0903
2026-09-08,15:29,OIL,1.7248
2026-09-08,15:29,OLECTRA,0.5218
2026-09-08,15:29,OMNI,1.2222
2026-09-08,15:29,ONEGLOBAL,1.7625
2026-09-08,15:29,ONESOURCE,1.7522
2026-09-08,15:29,ONGC,0.9842
2026-09-08,15:29,ONIXSOLAR,4.9858
2026-09-08,15:29,ONWARDTEC,0.8631
2026-09-08,15:29,OPTIFIN,0.6237
2026-09-08,15:29,ORCHASP,5.4264
2026-09-08,15:29,ORCHPHARMA,1.9744
2026-09-08,15:29,ORICONENT,0.4535
2026-09-08,15:29,ORIENTCER,0.8969
2026-09-08,15:29,ORIENTHOT,1.028
2026-09-08,15:29,ORIENTLTD,1.2394
2026-09-08,15:29,ORIRAIL,0.8642
2026-09-08,15:29,ORTINGLOBE,3.1736
2026-09-08,15:29,OSWALSEEDS,0.6633
2026-09-08,15:29,PAKKA,1.7094
2026-09-08,15:29,PANACEABIO,3.5544
2026-09-08,15:29,PARACABLES,5.2431
2026-09-08,15:29,PARADEEP,1.1457
2026-09-08,15:29,PARAGMILK,1.6583
2026-09-08,15:29,PARAS,0.9803
2026-09-08,15:29,PARKHOTELS,1.7085
2026-09-08,15:29,PARSVNATH,1.875
2026-09-08,15:29,PAUSHAKLTD,0.9959
2026-09-08,15:29,PAVNAIND,0.5594
2026-09-08,15:29,PBMPOLY,3.9714
2026-09-08,15:29,PCBL,3.5754
2026-09-08,15:29,PEARLPOLY,2.2222
2026-09-08,15:29,PENIND,2.6483
2026-09-08,15:29,PFC,0.793
2026-09-08,15:29,PFOCUS,0.4491
2026-09-08,15:29,PFS,1.1683
2026-09-08,15:29,PGHH,1.3295
2026-09-08,15:29,PGIL,4.8556
2026-09-08,15:29,PHARMABEES,0.9489
2026-09-08,15:29,PHOENXINTL,0.438
2026-09-08,15:29,PIDILITIND,1.1429
2026-09-08,15:29,PINELABS,3.0762
2026-09-08,15:29,PIONRINV,4.747
2026-09-08,15:29,PIRAMALFIN,1.6586
2026-09-08,15:29,PKTEA,0.9967
2026-09-08,15:29,PNC,1.896
2026-09-08,15:29,PNGJL,1.3733
2026-09-08,15:29,PNGSREVA,1.1848
2026-09-08,15:29,PODDARMENT,12.0929
2026-09-08,15:29,POLICYBZR,1.8973
2026-09-08,15:29,POLYCAB,1.3618
2026-09-08,15:29,POLYMED,1.7048
2026-09-08,15:29,POWERICA,3.6321
2026-09-08,15:29,POWERMECH,2.3434
2026-09-08,15:29,PPL,1.4812
2026-09-08,15:29,PPLPHARMA,3.1685
2026-09-08,15:29,PRABHA,4.1744
2026-09-08,15:29,PRAJIND,0.6834
2026-09-08,15:29,PRAKASH,1.7749
2026-09-08,15:29,PRAVEG,2.3436
2026-09-08,15:29,PRAXIS,0.6438
2026-09-08,15:29,PRECWIRE,4.1762
2026-09-08,15:29,PREMEXPLN,2.1787
2026-09-08,15:29,PREMIER,1.4599
2026-09-08,15:29,PRESTIGE,0.7484
2026-09-08,15:29,PRINCEPIPE,0.6339
2026-09-08,15:29,PRISMX,1.8519
2026-09-08,15:29,PRIVISCL,2.572
2026-09-08,15:29,PROZONER,1.8954
2026-09-08,15:29,PSPPROJECT,0.7307
2026-09-08,15:29,PVRINOX,6.4678
2026-09-08,15:29,PVSL,1.0841
2026-09-08,15:29,QPOWER,2.5093
2026-09-08,15:29,QUADFUTURE,6.0989
2026-09-08,15:29,QUAL30IETF,0.3842
2026-09-08,15:29,QUINT,1.3995
2026-09-08,15:29,RADICO,0.9226
2026-09-08,15:29,RAIN,3.0419
2026-09-08,15:29,RAJMET,3.1746
2026-09-08,15:29,RAJPALAYAM,1.2054
2026-09-08,15:29,RAJRATAN,1.6367
2026-09-08,15:29,RAJTV,2.0071
2026-09-08,15:29,RAMANEWS,3.3701
2026-09-08,15:29,RAMAPHO,0.4348
2026-09-08,15:29,RAMASTEEL,1.7073
2026-09-08,15:29,RAMCOSYS,0.7942
2026-09-08,15:29,RAMRAT,0.7682
2026-09-08,15:29,RANEHOLDIN,1.1237
2026-09-08,15:29,RATEGAIN,0.7239
2026-09-08,15:29,RATNAMANI,5.4655
2026-09-08,15:29,RAYMOND,11.0564
2026-09-08,15:29,RAYMONDLSL,3.5592
2026-09-08,15:29,RAYMONDREL,5.2014
2026-09-08,15:29,RBLBANK,0.8434
2026-09-08,15:29,RCOM,4.7059
2026-09-08,15:29,RECLTD,0.4583
2026-09-08,15:29,RELCHEMQ,0.6706
2026-09-08,15:29,RELCNX100,1.3773
2026-09-08,15:29,RELIABLE,1.8462
2026-09-08,15:29,REPCOHOME,0.7247
2026-09-08,15:29,RETAIL,3.8577
2026-09-08,15:29,RHETAN,4.9475
2026-09-08,15:29,RKDL,0.6027
2026-09-08,15:29,RKEC,0.7389
2026-09-08,15:29,RKSWAMY,0.726
2026-09-08,15:29,RMDRIP,4.8993
2026-09-08,15:29,ROHLTD,1.3491
2026-09-08,15:29,ROLLT,4.8035
2026-09-08,15:29,ROSSTECH,6.0791
2026-09-08,15:29,ROTO,2.9093
2026-09-08,15:29,RPEL,0.6781
2026-09-08,15:29,RPGLIFE,4.8328
2026-09-08,15:29,RRKABEL,2.5722
2026-09-08,15:29,RSDFIN,1.0935
2026-09-08,15:29,RSL,2.236
2026-09-08,15:29,RSWM,3.6795
2026-09-08,15:29,RUBICON,6.4173
2026-09-08,15:29,RUCHIRA,3.9766
2026-09-08,15:29,RVTH,4.8711
2026-09-08,15:29,S&SPOWER,5
2026-09-08,15:29,SABEVENTS,4.9051
2026-09-08,15:29,SADBHIN,0.7752
2026-09-08,15:29,SADHNANIQ,1.8051
2026-09-08,15:29,SAGARDEEP,1.4382
2026-09-08,15:29,SAICAPI,6.7161
2026-09-08,15:29,SAILIFE,4.2732
2026-09-08,15:29,SAIPARENT,2.5656
2026-09-08,15:29,SAKAR,4.386
2026-09-08,15:29,SAKUMA,0.6173
2026-09-08,15:29,SALASAR,0.9823
2026-09-08,15:29,SAMBHAAV,1.8803
2026-09-08,15:29,SANDHAR,0.9591
2026-09-08,15:29,SANDUMA,0.7173
2026-09-08,15:29,SANGAMIND,0.642
2026-09-08,15:29,SANGHVIMOV,0.5928
2026-09-08,15:29,SANGINITA,1.9937
2026-09-08,15:29,SANSERA,3.5239
2026-09-08,15:29,SAPPL,2.2054
2026-09-08,15:29,SARDAEN,1.4341
2026-09-08,15:29,SAREGAMA,0.5665
2026-09-08,15:29,SARVESHWAR,9.8093
2026-09-08,15:29,SASKEN,3.7063
2026-09-08,15:29,SAURASHCEM,0.5556
2026-09-08,15:29,SBCL,1.1995
2026-09-08,15:29,SBIETFCON,0.4441
2026-09-08,15:29,SBIMIDMOM,0.8815
2026-09-08,15:29,SBISILVER,0.6747
2026-09-08,15:29,SBISMLETF,0.3784
2026-09-08,15:29,SCHAND,2.4749
2026-09-08,15:29,SCHNEIDER,3.0245
2026-09-08,15:29,SCPL,1.0915
2026-09-08,15:29,SELECTIPO,0.8459
2026-09-08,15:29,SELMC,7.3798
2026-09-08,15:29,SEMAC,1.4007
2026-09-08,15:29,SENORES,0.8214
2026-09-08,15:29,SESHAPAPER,0.6643
2026-09-08,15:29,SETF10GILT,0.6456
2026-09-08,15:29,SETL,4.105
2026-09-08,15:29,SETUINFRA,3.3898
2026-09-08,15:29,SFL,5.1735
2026-09-08,15:29,SGL,0.4069
2026-09-08,15:29,SGLRES,0.8
2026-09-08,15:29,SHAILY,1.7649
2026-09-08,15:29,SHAKTIPUMP,1.2956
2026-09-08,15:29,SHANTIGEAR,10
2026-09-08,15:29,SHARDACROP,3.7071
2026-09-08,15:29,SHEKHAWATI,4.9969
2026-09-08,15:29,SHEMAROO,0.4972
2026-09-08,15:29,SHERVANI,6.4722
2026-09-08,15:29,SHILCTECH,0.609
2026-09-08,15:29,SHILPAMED,2.1714
2026-09-08,15:29,SHIVAAGRO,3.7431
2026-09-08,15:29,SHIVALIK,1.2309
2026-09-08,15:29,SHIVAMILLS,2.689
2026-09-08,15:29,SHIVAUM,1.6531
2026-09-08,15:29,SHOPERSTOP,1.1959
2026-09-08,15:29,SHREDIGCEM,0.7773
2026-09-08,15:29,SHUKRAPHAR,1.9597
2026-09-08,15:29,SHYAMTEL,4.2727
2026-09-08,15:29,SIEMENS,0.6188
2026-09-08,15:29,SIGACHI,0.8428
2026-09-08,15:29,SIGIND,4.4388
2026-09-08,15:29,SIGMAADV,4.999
2026-09-08,15:29,SIKA,2.946
2026-09-08,15:29,SILLYMONKS,2.1957
2026-09-08,15:29,SILVER,0.6314
2026-09-08,15:29,SILVER1,0.6272
2026-09-08,15:29,SILVERADD,0.6772
2026-09-08,15:29,SILVERAG,0.5536
2026-09-08,15:29,SILVERAXIS,0.5817
2026-09-08,15:29,SILVERBEES,0.5501
2026-09-08,15:29,SILVERBETA,0.617
2026-09-08,15:29,SILVERBND,0.6773
2026-09-08,15:29,SILVERCASE,0.6006
2026-09-08,15:29,SILVERIETF,0.5225
2026-09-08,15:29,SINGERIND,1.0404
2026-09-08,15:29,SJVN,0.4729
2026-09-08,15:29,SKIL,4.8193
2026-09-08,15:29,SKMEGGPROD,2.6332
2026-09-08,15:29,SKYGOLD,4.0411
2026-09-08,15:29,SMALLGROWW,0.6705
2026-09-08,15:29,SMARTWORKS,2.542
2026-09-08,15:29,SMCGLOBAL,0.4238
2026-09-08,15:29,SNOWMAN,0.4363
2026-09-08,15:29,SOBHA,0.44
2026-09-08,15:29,SOFTTECH,1.2834
2026-09-08,15:29,SOLARA,0.6814
2026-09-08,15:29,SOLARINDS,2.3007
2026-09-08,15:29,SOLEX,0.9186
2026-09-08,15:29,SOMANYCERA,0.581
2026-09-08,15:29,SONACOMS,2.0305
2026-09-08,15:29,SONAMLTD,4.8749
2026-09-08,15:29,SOUTHBANK,0.6016
2026-09-08,15:29,SOUTHWEST,3.6534
2026-09-08,15:29,SPCENET,1.4045
2026-09-08,15:29,SPECTRUM,4.9984
2026-09-08,15:29,SPENCERS,2.189
2026-09-08,15:29,SPLPETRO,3.2274
2026-09-08,15:29,SRD,0.9741
2026-09-08,15:29,SREEL,2.9027
2026-09-08,15:29,SRPL,3.0303
2026-09-08,15:29,SSWL,0.4848
2026-09-08,15:29,STALLION,4.999
2026-09-08,15:29,STANLEY,1.0426
2026-09-08,15:29,STAR,0.7296
2026-09-08,15:29,STARHEALTH,1.0867
2026-09-08,15:29,STEELCAS,1.4533
2026-09-08,15:29,STEELXIND,2.6714
2026-09-08,15:29,STEL,0.7877
2026-09-08,15:29,STLNETWORK,4.322
2026-09-08,15:29,STLTECH,4.8836
2026-09-08,15:29,STUDDS,0.4524
2026-09-08,15:29,STYL,0.8285
2026-09-08,15:29,STYRENIX,2.481
2026-09-08,15:29,SUBEXLTD,14.8746
2026-09-08,15:29,SUDEEPPHRM,1.5794
2026-09-08,15:29,SUMEETINDS,0.8857
2026-09-08,15:29,SUNDARAM,0.8333
2026-09-08,15:29,SUNDRMFAST,4.5398
2026-09-08,15:29,SUNRAKSHAK,0.9726
2026-09-08,15:29,SUNTECK,0.6463
2026-09-08,15:29,SUPRAJIT,0.5072
2026-09-08,15:29,SUPREMEENG,1.9418
2026-09-08,15:29,SUPRIYA,0.7205
2026-09-08,15:29,SURANASOL,0.6574
2026-09-08,15:29,SURYODAY,1.741
2026-09-08,15:29,SUVIDHAA,4.5249
2026-09-08,15:29,SVGLOBAL,1.1781
2026-09-08,15:29,SWARNSAR,10.7504
2026-09-08,15:29,SWELECTES,2.0005
2026-09-08,15:29,SWISSMLTRY,0.527
2026-09-08,15:29,SYMPHONY,6.9149
2026-09-08,15:29,SYNCOMF,3.4534
2026-09-08,15:29,SYSTMTXC,4.9968
2026-09-08,15:29,TAALTECH,2.0973
2026-09-08,15:29,TAINWALCHM,1.8515
2026-09-08,15:29,TAJGVK,1.0784
2026-09-08,15:29,TAKE,4.9621
2026-09-08,15:29,TAMBOLIIN,4.9971
2026-09-08,15:29,TARACHAND,0.5271
2026-09-08,15:29,TARAPUR,0.9441
2026-09-08,15:29,TARMAT,0.5492
2026-09-08,15:29,TATACOMM,0.8226
2026-09-08,15:29,TATATECH,1.7068
2026-09-08,15:29,TATSILV,0.5827
2026-09-08,15:29,TBZ,4.9915
2026-09-08,15:29,TCC,19.4498
2026-09-08,15:29,TCI,0.9896
2026-09-08,15:29,TDPOWERSYS,4.7197
2026-09-08,15:29,TECHNOCRAF,3.8308
2026-09-08,15:29,TEGA,1.8023
2026-09-08,15:29,TENNIND,1.9886
2026-09-08,15:29,TEXINFRA,0.6456
2026-09-08,15:29,TFL,1.2595
2026-09-08,15:29,TI,1.3315
2026-09-08,15:29,TIMETECHNO,1.0893
2026-09-08,15:29,TINNARUBR,0.6022
2026-09-08,15:29,TIPSFILMS,0.899
2026-09-08,15:29,TIRUMALCHM,1.8841
2026-09-08,15:29,TNPETRO,5.6555
2026-09-08,15:29,TNPL,1.1975
2026-09-08,15:29,TOKYOPLAST,3.3031
2026-09-08,15:29,TORNTPHARM,0.9361
2026-09-08,15:29,TOYAMSL,1.6393
2026-09-08,15:29,TRAVELFOOD,0.7936
2026-09-08,15:29,TREJHARA,1.3044
2026-09-08,15:29,TRITURBINE,2.0835
2026-09-08,15:29,TSFINV,4.6333
2026-09-08,15:29,TTKHLTCARE,9.1559
2026-09-08,15:29,TTL,1.3353
2026-09-08,15:29,TVSSRICHAK,0.6598
2026-09-08,15:29,UFBL,3.7669
2026-09-08,15:29,UFLEX,0.5932
2026-09-08,15:29,UFO,0.496
2026-09-08,15:29,UNIDT,0.3944
2026-09-08,15:29,UNIENTER,0.7539
2026-09-08,15:29,UNIMECH,8.9523
2026-09-08,15:29,UNIVCABLES,2.4939
2026-09-08,15:29,UNIVPHOTO,4.9913
2026-09-08,15:29,UPHOT,5
2026-09-08,15:29,UPL,0.6545
2026-09-08,15:29,UTIAMC,1.1798
2026-09-08,15:29,UTKARSHBNK,4.3912
2026-09-08,15:29,UTLSOLAR,4.2895
2026-09-08,15:29,UTTAMSUGAR,1.25
2026-09-08,15:29,UYFINCORP,1.2736
2026-09-08,15:29,VADILALIND,0.3864
2026-09-08,15:29,VALIANTLAB,4.9954
2026-09-08,15:29,VALIANTORG,4.9985
2026-09-08,15:29,VARDHACRLC,3.2484
2026-09-08,15:29,VARROC,2.7084
2026-09-08,15:29,VASWANI,1.4177
2026-09-08,15:29,VCL,4.6358
2026-09-08,15:29,VEDAVAAG,3.7466
2026-09-08,15:29,VEDL,1.4925
2026-09-08,15:29,VEDPOWER,0.4689
2026-09-08,15:29,VENKEYS,3.6826
2026-09-08,15:29,VENUSPIPES,8.0038
2026-09-08,15:29,VERTOZ,3.6177
2026-09-08,15:29,VESUVIUS,0.5482
2026-09-08,15:29,VIDHIING,2.1347
2026-09-08,15:29,VIDYAWIRES,1.0664
2026-09-08,15:29,VIKRAMSOLR,2.0928
2026-09-08,15:29,VINATIORGA,3.7647
2026-09-08,15:29,VINDHYATEL,1.038
2026-09-08,15:29,VIPCLOTHNG,0.496
2026-09-08,15:29,VIRAT,6.2673
2026-09-08,15:29,VIRTUALG,2.2222
2026-09-08,15:29,VISACHROME,0.5445
2026-09-08,15:29,VISAKAIND,1.0307
2026-09-08,15:29,VISHNU,0.6951
2026-09-08,15:29,VIVIDHA,1.9608
2026-09-08,15:29,VLSFINANCE,0.675
2026-09-08,15:29,VMSTMT,0.5608
2026-09-08,15:29,VOEPL,1.2059
2026-09-08,15:29,VOITHPAPR,1.0369
2026-09-08,15:29,VOLTAMP,2.6927
2026-09-08,15:29,VPRPL,6.0694
2026-09-08,15:29,VSTL,2.2094
2026-09-08,15:29,WELENT,0.8296
2026-09-08,15:29,WELINV,1.9953
2026-09-08,15:29,WENDT,0.9472
2026-09-08,15:29,WESTLIFE,0.9755
2026-09-08,15:29,WHEELS,19.9954
2026-09-08,15:29,WINSOME,1.6194
2026-09-08,15:29,WIPL,2.1092
2026-09-08,15:29,WOCKPHARMA,0.7246
2026-09-08,15:29,WORTHPERI,0.6452
2026-09-08,15:29,XPROINDIA,2.0338
2026-09-08,15:29,YASHO,2.3095
2026-09-08,15:29,YESBANK,0.446
2026-09-08,15:29,YUKEN,1.1685
2026-09-08,15:29,ZENITHSTL,1.1609
2026-09-08,15:29,ZENTEC,1.694
2026-09-08,15:29,ZFCVINDIA,1.0314
2026-09-08,15:29,ZOTA,2.1474
2026-09-08,15:29,ZUARI,0.4893
2026-09-08,15:29,ZYDUSWELL,0.5042
2026-09-09,15:29,21STCENMGM,0.5442
2026-09-09,15:29,3BBLACKBIO,1.4293
2026-09-09,15:29,3IINFOLTD,0.8065
2026-09-09,15:29,AAREYDRUGS,1.9892
2026-09-09,15:29,AARNAV,0.9813
2026-09-09,15:29,AARON,7.5914
2026-09-09,15:29,AARTECH,2.1798
2026-09-09,15:29,AARTIDRUGS,0.4626
2026-09-09,15:29,AASTHA,5.9987
2026-09-09,15:29,ABAN,1.1684
2026-09-09,15:29,ABANSENT,0.7922
2026-09-09,15:29,ABB,0.1963
2026-09-09,15:29,ABCAPITAL,0.7684
2026-09-09,15:29,ABDL,1.6232
2026-09-09,15:29,ABINFRA,0.695
2026-09-09,15:29,ABSLAMC,2.7655
2026-09-09,15:29,ABSLPSE,0.5923
2026-09-09,15:29,ACE,0.5173
2026-09-09,15:29,ACEINTEG,0.9787
2026-09-09,15:29,ACGL,0.82
2026-09-09,15:29,ACL,2.1755
2026-09-09,15:29,ACSTECH,4.9878
2026-09-09,15:29,ACUTAAS,1.8761
2026-09-09,15:29,ADANIENSOL,1.1082
2026-09-09,15:29,ADANIENT,5.1336
2026-09-09,15:29,ADANIGREEN,1.7802
2026-09-09,15:29,ADANIPORTS,3.8012
2026-09-09,15:29,ADANIPOWER,3.119
2026-09-09,15:29,ADFFOODS,1.6441
2026-09-09,15:29,ADOR,0.123
2026-09-09,15:29,ADROITINFO,3.2926
2026-09-09,15:29,ADVENZYMES,0.2175
2026-09-09,15:29,AEGISLOG,5.938
2026-09-09,15:29,AEGISVOPAK,2.4084
2026-09-09,15:29,AEROPLANE,0.0803
2026-09-09,15:29,AGARIND,1.4402
2026-09-09,15:29,AGI,1.5757
2026-09-09,15:29,AGIIL,4.2518
2026-09-09,15:29,AHCL,4.2921
2026-09-09,15:29,AHLEAST,1.2557
2026-09-09,15:29,AHLWEST,0.097
2026-09-09,15:29,AIRAN,2.9738
2026-09-09,15:29,AJOONI,1.7442
2026-09-09,15:29,AKASH,1.4348
2026-09-09,15:29,AKG,7.0193
2026-09-09,15:29,AKSHOPTFBR,4.884
2026-09-09,15:29,AKUMS,0.6109
2026-09-09,15:29,ALANKIT,0.3755
2026-09-09,15:29,ALBERTDAVD,0.7701
2026-09-09,15:29,ALGOQUANT,0.1413
2026-09-09,15:29,ALICON,6.068
2026-09-09,15:29,ALIVUS,2.0481
2026-09-09,15:29,ALLTIME,0.9836
2026-09-09,15:29,ALPA,0.1108
2026-09-09,15:29,ALPHA,0.1478
2026-09-09,15:29,ALPHAETF,0.4867
2026-09-09,15:29,ALPHAGEO,0.5881
2026-09-09,15:29,ALPL30IETF,0.1821
2026-09-09,15:29,AMAGI,1.3191
2026-09-09,15:29,AMANTA,1.9964
2026-09-09,15:29,AMBALALSA,0.9037
2026-09-09,15:29,AMNPLST,0.1013
2026-09-09,15:29,AMRUTANJAN,0.7094
2026-09-09,15:29,ANGELONE,0.3523
2026-09-09,15:29,ANMOL,19.7715
2026-09-09,15:29,ANSALAPI,0.8798
2026-09-09,15:29,ANTELOPUS,6.3913
2026-09-09,15:29,ANUHPHR,1.2666
2026-09-09,15:29,ANUP,1.0953
2026-09-09,15:29,AONESILVER,0.6803
2026-09-09,15:29,AONETMMQ50,0.4831
2026-09-09,15:29,APCL,0.0897
2026-09-09,15:29,APCOTEXIND,0.5391
2026-09-09,15:29,APLLTD,1.1008
2026-09-09,15:29,APOLLO,1.0888
2026-09-09,15:29,APOLLOHOSP,1.4653
2026-09-09,15:29,APOLLOTYRE,2.6124
2026-09-09,15:29,APOLSINHOT,0.9429
2026-09-09,15:29,APTUS,0.5137
2026-09-09,15:29,ARCL,0.8492
2026-09-09,15:29,ARENTERP,4.949
2026-09-09,15:29,ARIES,0.6209
2026-09-09,15:29,ARIS,0.4952
2026-09-09,15:29,ARROWGREEN,0.2872
2026-09-09,15:29,ARSHIYA,1.3699
2026-09-09,15:29,ARTEMISMED,3.5813
2026-09-09,15:29,ARTNIRMAN,0.2722
2026-09-09,15:29,ARVEE,8.5424
2026-09-09,15:29,ARVINDFASN,1.2944
2026-09-09,15:29,ASAHIINDIA,1.3761
2026-09-09,15:29,ASAHISONG,1.1807
2026-09-09,15:29,ASHAPURMIN,0.2275
2026-09-09,15:29,ASHIANA,0.8086
2026-09-09,15:29,ASHIKA,0.6301
2026-09-09,15:29,ASHOKAMET,0.6925
2026-09-09,15:29,ASIANPAINT,0.2982
2026-09-09,15:29,ASIANTILES,0.8593
2026-09-09,15:29,ASKAUTOLTD,2.8026
2026-09-09,15:29,ASMS,0.4335
2026-09-09,15:29,ASTEC,14.8159
2026-09-09,15:29,ASTRON,1.6892
2026-09-09,15:29,ATAM,0.5421
2026-09-09,15:29,ATGL,0.4759
2026-09-09,15:29,ATHERENERG,0.1267
2026-09-09,15:29,AUROPHARMA,0.4078
2026-09-09,15:29,AURUS,3.1381
2026-09-09,15:29,AUSTENG,1.2684
2026-09-09,15:29,AVALON,0.1441
2026-09-09,15:29,AVANTEL,2.6592
2026-09-09,15:29,AVG,4.9707
2026-09-09,15:29,AVL,1.383
2026-09-09,15:29,AVROIND,0.1166
2026-09-09,15:29,AVTNPL,2.2911
2026-09-09,15:29,AWFIS,0.3557
2026-09-09,15:29,AWHCL,2.8435
2026-09-09,15:29,AXISCADES,1.466
2026-09-09,15:29,AXISNIFTY,0.6569
2026-09-09,15:29,AXITA,0.1252
2026-09-09,15:29,AXTEL,6.6528
2026-09-09,15:29,BAJAJCON,1.4297
2026-09-09,15:29,BAJAJHLDNG,0.2897
2026-09-09,15:29,BAJAJINDEF,0.2308
2026-09-09,15:29,BAJAJST,1.3288
2026-09-09,15:29,BAJEL,0.1688
2026-09-09,15:29,BALAJEE,0.1571
2026-09-09,15:29,BALAXI,1.4567
2026-09-09,15:29,BALPHARMA,19.9937
2026-09-09,15:29,BANARBEADS,1.0183
2026-09-09,15:29,BANCOINDIA,1.0902
2026-09-09,15:29,BANG,6.2948
2026-09-09,15:29,BANKINDIA,0.142
2026-09-09,15:29,BASML,0.5315
2026-09-09,15:29,BBL,0.2411
2026-09-09,15:29,BBNPNBETF,2.293
2026-09-09,15:29,BCPL,2.3508
2026-09-09,15:29,BEARDSELL,0.7671
2026-09-09,15:29,BECTORFOOD,5.0792
2026-09-09,15:29,BEDMUTHA,0.3611
2026-09-09,15:29,BELLACASA,2.268
2026-09-09,15:29,BELRISE,0.6031
2026-09-09,15:29,BENARAS,2.6341
2026-09-09,15:29,BGLOBAL,1.2658
2026-09-09,15:29,BHAGCHEM,1.3511
2026-09-09,15:29,BHAGYANGR,4.9994
2026-09-09,15:29,BHARATCOAL,0.8356
2026-09-09,15:29,BHARATRAS,0.6468
2026-09-09,15:29,BHEL,2.736
2026-09-09,15:29,BIL,18.29
2026-09-09,15:29,BIMETAL,6.1224
2026-09-09,15:29,BIOCON,0.6883
2026-09-09,15:29,BIRLACABLE,4.9868
2026-09-09,15:29,BIRLAPREC,3.633
2026-09-09,15:29,BLACKBUCK,1.1597
2026-09-09,15:29,BLEL,1.2637
2026-09-09,15:29,BLUECOAST,1.81
2026-09-09,15:29,BLUESTONE,0.6562
2026-09-09,15:29,BLUSPRING,5.5902
2026-09-09,15:29,BNAGROCHEM,0.253
2026-09-09,15:29,BNALTD,3.9733
2026-09-09,15:29,BOSCHLTD,0.6457
2026-09-09,15:29,BRIGHTBR,0.945
2026-09-09,15:29,BRITANNIA,0.5134
2026-09-09,15:29,BUILDPRO,0.123
2026-09-09,15:29,BUTTERFLY,0.2848
2026-09-09,15:29,BVCL,3.1396
2026-09-09,15:29,BYKE,0.6583
2026-09-09,15:29,CANTABIL,0.8148
2026-09-09,15:29,CAPITALSFB,0.8664
2026-09-09,15:29,CARERATING,0.2034
2026-09-09,15:29,CARYSIL,2.1905
2026-09-09,15:29,CCAVENUE,0.3255
2026-09-09,15:29,CCCL,0.2129
2026-09-09,15:29,CEIGALL,0.4135
2026-09-09,15:29,CENTEXT,2.5713
2026-09-09,15:29,CESC,2.4786
2026-09-09,15:29,CEWATER,4.9813
2026-09-09,15:29,CFEL,19.9938
2026-09-09,15:29,CGCL,0.6094
2026-09-09,15:29,CGPOWER,1.7843
2026-09-09,15:29,CHEMBOND,11.4505
2026-09-09,15:29,CHEMCON,4.9969
2026-09-09,15:29,CHEMFAB,5.3114
2026-09-09,15:29,CHENNPETRO,10.0562
2026-09-09,15:29,CHOICEGOLD,0.0795
2026-09-09,15:29,CHOLAFIN,0.3071
2026-09-09,15:29,CHOLAHLDNG,0.2883
2026-09-09,15:29,CINEVISTA,0.2111
2026-09-09,15:29,CLCIND,3.0539
2026-09-09,15:29,CMLL,0.4026
2026-09-09,15:29,CNXENERGY,0.6304
2026-09-09,15:29,CNXPSE,0.2868
2026-09-09,15:29,COALINDIA,2.558
2026-09-09,15:29,COCHINSHIP,1.8191
2026-09-09,15:29,COMFINTE,0.3273
2026-09-09,15:29,COMMOIETF,0.6384
2026-09-09,15:29,COMPINFO,2.9703
2026-09-09,15:29,COMPUSOFT,0.4563
2026-09-09,15:29,CONCOR,1.5936
2026-09-09,15:29,CONFIPET,9.9042
2026-09-09,15:29,CONS,0.1683
2026-09-09,15:29,CORALFINAC,0.3376
2026-09-09,15:29,COROMANDEL,0.5945
2026-09-09,15:29,CORONA,4.9685
2026-09-09,15:29,CPL,1.5424
2026-09-09,15:29,CPSEETF,0.5943
2026-09-09,15:29,CRAFTSMAN,3.5069
2026-09-09,15:29,CRAVATEX,2.5366
2026-09-09,15:29,CREATIVEYE,0.6568
2026-09-09,15:29,CRIZAC,2.3845
2026-09-09,15:29,CROMPTON,0.4571
2026-09-09,15:29,CROWN,0.4932
2026-09-09,15:29,CRSL,3.937
2026-09-09,15:29,CSLFINANCE,0.6409
2026-09-09,15:29,CTE,1.8674
2026-09-09,15:29,CUBEXTUB,1.4072
2026-09-09,15:29,CUMMINSIND,2.5893
2026-09-09,15:29,CUPID,1.7831
2026-09-09,15:29,CYBERTECH,2.1614
2026-09-09,15:29,DALBHARAT,1.9465
2026-09-09,15:29,DATAMATICS,4.6076
2026-09-09,15:29,DCMSIL,0.9987
2026-09-09,15:29,DCW,1.0283
2026-09-09,15:29,DEEP,3.7402
2026-09-09,15:29,DEEPAKFERT,0.8842
2026-09-09,15:29,DEN,0.1104
2026-09-09,15:29,DENTA,1.2695
2026-09-09,15:29,DGCONTENT,0.7335
2026-09-09,15:29,DHABRIYA,0.2714
2026-09-09,15:29,DHAMPURSUG,1.2139
2026-09-09,15:29,DHARMAJ,0.1668
2026-09-09,15:29,DIAMINESQ,3.3337
2026-09-09,15:29,DJML,7.8207
2026-09-09,15:29,DMART,0.3978
2026-09-09,15:29,DODLA,1.4052
2026-09-09,15:29,DOLLAR,3.1539
2026-09-09,15:29,DPWIRES,0.504
2026-09-09,15:29,DRCSYSTEMS,0.5426
2026-09-09,15:29,DREAMFOLKS,5.2349
2026-09-09,15:29,DSKULKARNI,1.9697
2026-09-09,15:29,DTIL,1.3443
2026-09-09,15:29,DYNAMATECH,0.3539
2026-09-09,15:29,DYNPRO,0.7759
2026-09-09,15:29,EASEMYTRIP,0.505
2026-09-09,15:29,EASTSILK,4.9825
2026-09-09,15:29,EBBETF0433,0.4996
2026-09-09,15:29,EBGNG,1.6011
2026-09-09,15:29,EBIX,0.2023
2026-09-09,15:29,EDUCOMP,1.1111
2026-09-09,15:29,EFCIL,1.603
2026-09-09,15:29,EIEL,5.0255
2026-09-09,15:29,EIFFL,2
2026-09-09,15:29,EKC,0.1551
2026-09-09,15:29,EKI,0.805
2026-09-09,15:29,ELCIDIN,1.4085
2026-09-09,15:29,ELGIRUBCO,6.2585
2026-09-09,15:29,ELLEN,9.9907
2026-09-09,15:29,ELM250,0.3036
2026-09-09,15:29,ELPROINTL,0.4019
2026-09-09,15:29,EMAMILTD,1.4987
2026-09-09,15:29,EMAMIREAL,4.2611
2026-09-09,15:29,EMETAL,1.5152
2026-09-09,15:29,EMPOWER,4.4776
2026-09-09,15:29,EMSLIMITED,1.9556
2026-09-09,15:29,EMUDHRA,0.4714
2026-09-09,15:29,EMULTIMQ,0.2376
2026-09-09,15:29,ENDURANCE,0.7458
2026-09-09,15:29,ENERGY,0.6762
2026-09-09,15:29,ENIL,0.5089
2026-09-09,15:29,ENKEIWHEL,1.5885
2026-09-09,15:29,EPACK,0.4109
2026-09-09,15:29,EPACKPEB,6.0427
2026-09-09,15:29,EQUIPPP,0.1261
2026-09-09,15:29,EQUITASBNK,0.2206
2026-09-09,15:29,ERIS,0.7775
2026-09-09,15:29,ESILVER,1.0762
2026-09-09,15:29,ESSENTIA,0.9524
2026-09-09,15:29,EVEREADY,0.1577
2026-09-09,15:29,EXCELSOFT,8.9343
2026-09-09,15:29,FABTECH,0.5037
2026-09-09,15:29,FAIRCHEMOR,1.1355
2026-09-09,15:29,FDC,2.4136
2026-09-09,15:29,FEDDERSHOL,1.0417
2026-09-09,15:29,FEDERALBNK,0.247
2026-09-09,15:29,FERMENTA,2.85
2026-09-09,15:29,FIBERWEB,0.3073
2026-09-09,15:29,FINCABLES,3.9238
2026-09-09,15:29,FIVESTAR,1.698
2026-09-09,15:29,FLAIR,0.6752
2026-09-09,15:29,FLUOROCHEM,1.6721
2026-09-09,15:29,FMCGADD,0.1737
2026-09-09,15:29,FOODSIN,3.388
2026-09-09,15:29,FORTIS,0.7709
2026-09-09,15:29,FREDUN,6.0731
2026-09-09,15:29,FRONTSP,0.453
2026-09-09,15:29,GALAXYSURF,1.6431
2026-09-09,15:29,GANDHAR,0.6817
2026-09-09,15:29,GANDHITUBE,0.6551
2026-09-09,15:29,GANESHHOU,1.0256
2026-09-09,15:29,GAYAPROJ,1.6337
2026-09-09,15:29,GCSL,0.6101
2026-09-09,15:29,GEMAROMA,1.8349
2026-09-09,15:29,GENCON,0.3342
2026-09-09,15:29,GENESYS-RE,13.917
2026-09-09,15:29,GESHIP,0.6937
2026-09-09,15:29,GFSTEELS,10
2026-09-09,15:29,GHCLTEXTIL,1.2958
2026-09-09,15:29,GICRE,0.5171
2026-09-09,15:29,GILLANDERS,0.3831
2026-09-09,15:29,GILT10BETA,0.3371
2026-09-09,15:29,GILT5BETA,0.3293
2026-09-09,15:29,GKSL,0.4738
2026-09-09,15:29,GKWLIMITED,2.3909
2026-09-09,15:29,GLAND,2.2607
2026-09-09,15:29,GLFL,0.3738
2026-09-09,15:29,GLOBALE,3.5747
2026-09-09,15:29,GLOTTIS,3.3257
2026-09-09,15:29,GMDCLTD,1.002
2026-09-09,15:29,GMMPFAUDLR,1.5717
2026-09-09,15:29,GMRAIRPORT,1.701
2026-09-09,15:29,GOACARBON,20
2026-09-09,15:29,GODREJAGRO,0.1559
2026-09-09,15:29,GOKEX,0.5312
2026-09-09,15:29,GOKUL,0.5642
2026-09-09,15:29,GOLDETF,0.115
2026-09-09,15:29,GOODYEAR,0.5723
2026-09-09,15:29,GPIL,2.9832
2026-09-09,15:29,GPTHEALTH,1.201
2026-09-09,15:29,GRADIENTE,0.3937
2026-09-09,15:29,GRANDOAK,4.919
2026-09-09,15:29,GRAPHITE,15.0358
2026-09-09,15:29,GRAUWEIL,0.9165
2026-09-09,15:29,GRAVISSHO,3.4531
2026-09-09,15:29,GRAVITA,0.8381
2026-09-09,15:29,GREENLAM,0.3057
2026-09-09,15:29,GREENPOWER,4.3764
2026-09-09,15:29,GROWWGOLD,0.1347
2026-09-09,15:29,GROWWHOSPI,1.3683
2026-09-09,15:29,GROWWMC150,0.2823
2026-09-09,15:29,GROWWMETAL,1.7628
2026-09-09,15:29,GROWWMOM50,0.6335
2026-09-09,15:29,GROWWPOWER,0.7937
2026-09-09,15:29,GROWWPSE,0.3464
2026-09-09,15:29,GROWWSC250,0.094
2026-09-09,15:29,GROWWSLVR,0.5298
2026-09-09,15:29,GRPLTD,1.2741
2026-09-09,15:29,GSEC10ABSL,0.3011
2026-09-09,15:29,GSEC10IETF,0.2403
2026-09-09,15:29,GSEC10YEAR,0.4621
2026-09-09,15:29,GTL,1.9943
2026-09-09,15:29,GTPL,0.3616
2026-09-09,15:29,GUJAPOLLO,0.8182
2026-09-09,15:29,GULFOILLUB,2.222
2026-09-09,15:29,GULFPETRO,4.008
2026-09-09,15:29,GVKPIL,1.8779
2026-09-09,15:29,GVPIL,0.4648
2026-09-09,15:29,HALEOSLABS,1.5745
2026-09-09,15:29,HAPPYFORGE,1.1837
2026-09-09,15:29,HATSUN,0.0918
2026-09-09,15:29,HAVISHA,1.5038
2026-09-09,15:29,HAWKINCOOK,3.5619
2026-09-09,15:29,HCG,3.1784
2026-09-09,15:29,HDFCMOMENT,0.4163
2026-09-09,15:29,HDFCNEXT50,0.1074
2026-09-09,15:29,HDFCNIMEG,1.6616
2026-09-09,15:29,HDFCPSUBK,0.1892
2026-09-09,15:29,HDFCSILVER,0.5558
2026-09-09,15:29,HEALTHADD,0.4799
2026-09-09,15:29,HEG,1.6048
2026-09-09,15:29,HEIDELBERG,0.0877
2026-09-09,15:29,HERANBA,0.6539
2026-09-09,15:29,HESTERBIO,0.1855
2026-09-09,15:29,HEXAGON,4.9992
2026-09-09,15:29,HGM,0.6579
2026-09-09,15:29,HINDADH,0.9623
2026-09-09,15:29,HINDALCO,1.774
2026-09-09,15:29,HINDOILEXP,1.1205
2026-09-09,15:29,HINDPETRO,0.5475
2026-09-09,15:29,HINDZINC,1.6625
2026-09-09,15:29,HITECH,1.8435
2026-09-09,15:29,HITECHGEAR,2.1842
2026-09-09,15:29,HLEGLAS,10
2026-09-09,15:29,HLVLTD,1.0937
2026-09-09,15:29,HPAL,0.7058
2026-09-09,15:29,HUHTAMAKI,6.8408
2026-09-09,15:29,HYBRIDETF,0.4965
2026-09-09,15:29,ICDSLTD,4.9951
2026-09-09,15:29,IDBI,0.5548
2026-09-09,15:29,IDEA,0.6485
2026-09-09,15:29,IEX,1.2099
2026-09-09,15:29,IFGLEXPOR,8.2888
2026-09-09,15:29,IGCL,0.2757
2026-09-09,15:29,IKIO,0.0956
2026-09-09,15:29,IKS,0.6798
2026-09-09,15:29,IL&FSENGG,5
2026-09-09,15:29,IMAGICAA,0.6798
2026-09-09,15:29,IMPEXFERRO,1.8367
2026-09-09,15:29,INCREDIBLE,1.2272
2026-09-09,15:29,INDHOTEL,0.3819
2026-09-09,15:29,INDIAGLYCO,4.9826
2026-09-09,15:29,INDIAVIX,6.1443
2026-09-09,15:29,INDNIPPON,17.0186
2026-09-09,15:29,INDOAMIN,0.1495
2026-09-09,15:29,INDOMIM,1.61
2026-09-09,15:29,INDORAMA,14.8706
2026-09-09,15:29,INDOTHAI,5
2026-09-09,15:29,INDOUS,1.7755
2026-09-09,15:29,INDOWIND,1.9209
2026-09-09,15:29,INDRAMEDCO,1.4219
2026-09-09,15:29,INDUSINDBK,0.6315
2026-09-09,15:29,INDUSTOWER,0.1742
2026-09-09,15:29,INNOVACAP,1.4422
2026-09-09,15:29,INNOVANA,0.8817
2026-09-09,15:29,INNOVISION,11.2302
2026-09-09,15:29,INOXGREEN,0.7683
2026-09-09,15:29,INOXWIND,2.219
2026-09-09,15:29,INSECTICID,2.196
2026-09-09,15:29,INTERARCH,0.4277
2026-09-09,15:29,INTERNET,0.2055
2026-09-09,15:29,INVPRECQ,1.9926
2026-09-09,15:29,IOC,0.9304
2026-09-09,15:29,IONEXCHANG,1.3202
2026-09-09,15:29,IPL,1.0472
2026-09-09,15:29,IRMENERGY,0.2126
2026-09-09,15:29,ISFT,0.255
2026-09-09,15:29,ISGEC,0.2748
2026-09-09,15:29,ISHANCH,1.1282
2026-09-09,15:29,ISTLTD,1.818
2026-09-09,15:29,IVP,1.521
2026-09-09,15:29,JAIBALAJI,1.2378
2026-09-09,15:29,JAYAGROGN,3.1561
2026-09-09,15:29,JAYBARMARU,0.6695
2026-09-09,15:29,JAYKAY,5.6734
2026-09-09,15:29,JAYNECOIND,0.7499
2026-09-09,15:29,JAYSREETEA,0.4978
2026-09-09,15:29,JGCHEM,1.358
2026-09-09,15:29,JHS,1.7566
2026-09-09,15:29,JINDALPHOT,0.3644
2026-09-09,15:29,JINDALSAW,1.3329
2026-09-09,15:29,JINDALSTEL,0.8976
2026-09-09,15:29,JKLAKSHMI,0.0902
2026-09-09,15:29,JMA,8.9746
2026-09-09,15:29,JSL,6.0305
2026-09-09,15:29,JSLL,0.1484
2026-09-09,15:29,JSWDULUX,0.1512
2026-09-09,15:29,JSWENERGY,1.5764
2026-09-09,15:29,JSWINFRA,2.8313
2026-09-09,15:29,JSWSTEEL,0.979
2026-09-09,15:29,JUBLCPL,0.6107
2026-09-09,15:29,JUBLPHARMA,2.1298
2026-09-09,15:29,JUNIORBEES,0.226
2026-09-09,15:29,JYOTHYLAB,0.2621
2026-09-09,15:29,KABRAEXTRU,0.9902
2026-09-09,15:29,KAMOPAINTS,0.8989
2026-09-09,15:29,KANCHI,0.3837
2026-09-09,15:29,KANCOTEA,0.1074
2026-09-09,15:29,KANORICHEM,4.9717
2026-09-09,15:29,KANPRPLA,3.8414
2026-09-09,15:29,KARMAENG,1.7214
2026-09-09,15:29,KAUSHALYA,2.4316
2026-09-09,15:29,KAYNES,0.1385
2026-09-09,15:29,KECL,1.2382
2026-09-09,15:29,KEEPLEARN,1.0471
2026-09-09,15:29,KENNAMET,1.9831
2026-09-09,15:29,KESORAMIND,1.9417
2026-09-09,15:29,KHADIM,1.9946
2026-09-09,15:29,KHAICHEM,0.265
2026-09-09,15:29,KHAITANLTD,1.1678
2026-09-09,15:29,KILITCH,0.3034
2026-09-09,15:29,KINGFA,1.996
2026-09-09,15:29,KIRANVYPAR,0.7574
2026-09-09,15:29,KIRLFER,1.5982
2026-09-09,15:29,KJMCFIN,0.1599
2026-09-09,15:29,KKCL,2.4028
2026-09-09,15:29,KLBRENG-B,1.4575
2026-09-09,15:29,KMCSHIL,0.4797
2026-09-09,15:29,KNRCON,2.6562
2026-09-09,15:29,KOLTEPATIL,0.1923
2026-09-09,15:29,KOTHARIPET,3.195
2026-09-09,15:29,KOTHARIPRO,0.1054
2026-09-09,15:29,KOVAI,0.6959
2026-09-09,15:29,KPIL,0.7871
2026-09-09,15:29,KPRMILL,0.467
2026-09-09,15:29,KRBL,0.7888
2026-09-09,15:29,KREBSBIO,6.0109
2026-09-09,15:29,KRIDHANINF,1.5228
2026-09-09,15:29,KRITIKA,0.9398
2026-09-09,15:29,KROSS,3.971
2026-09-09,15:29,KRSNAA,2.7099
2026-09-09,15:29,KSL,0.2864
2026-09-09,15:29,KSOLVES,0.4661
2026-09-09,15:29,KSR,4.9826
2026-09-09,15:29,LADDERUP,14.2067
2026-09-09,15:29,LAKPRE,4.7445
2026-09-09,15:29,LAL,1.9037
2026-09-09,15:29,LALPATHLAB,0.3765
2026-09-09,15:29,LATENTVIEW,0.8138
2026-09-09,15:29,LATTEYS,1.7494
2026-09-09,15:29,LAXMICOT,0.9977
2026-09-09,15:29,LAXMIDENTL,0.9486
2026-09-09,15:29,LAXMIINDIA,1.5847
2026-09-09,15:29,LEENEE,0.625
2026-09-09,15:29,LEMERITE,2.8544
2026-09-09,15:29,LEMONTREE,0.4161
2026-09-09,15:29,LFIC,9.2159
2026-09-09,15:29,LIBERTSHOE,2.7331
2026-09-09,15:29,LICNFNHGP,0.8957
2026-09-09,15:29,LIKHITHA,8.755
2026-09-09,15:29,LKPSEC,3.1922
2026-09-09,15:29,LLOYDSME,0.4613
2026-09-09,15:29,LORDSCHLO,1.0345
2026-09-09,15:29,LOTUSEYE,0.2711
2026-09-09,15:29,LPDC,1.4308
2026-09-09,15:29,LTF,0.6812
2026-09-09,15:29,LUMAXIND,1.3207
2026-09-09,15:29,LUMAXTECH,1.7741
2026-09-09,15:29,LYKALABS,1.9998
2026-09-09,15:29,MAFATIND,0.8626
2026-09-09,15:29,MAHASTEEL,2.6483
2026-09-09,15:29,MAHLIFE,1.0788
2026-09-09,15:29,MAITHANALL,1.4889
2026-09-09,15:29,MAJESAUT,1.2925
2026-09-09,15:29,MAKERSL,0.1408
2026-09-09,15:29,MALUPAPER,0.636
2026-09-09,15:29,MANAKCOAT,2.839
2026-09-09,15:29,MANAKSTEEL,4.9938
2026-09-09,15:29,MANGALAM,8.1146
2026-09-09,15:29,MANINFRA,0.7593
2026-09-09,15:29,MANIPALHOS,1.53
2026-09-09,15:29,MANUGRAPH,0.6667
2026-09-09,15:29,MANYAVAR,0.3106
2026-09-09,15:29,MARINE,1.1046
2026-09-09,15:29,MARSONS,3.0594
2026-09-09,15:29,MASKINVEST,3.5743
2026-09-09,15:29,MASPTOP50,3.8656
2026-09-09,15:29,MASTERTR,1.0642
2026-09-09,15:29,MAXESTATES,1.4773
2026-09-09,15:29,MAXHEALTH,4.4814
2026-09-09,15:29,MAXIND,0.9713
2026-09-09,15:29,MCCHRLS-B,2.0149
2026-09-09,15:29,MCX,0.2394
2026-09-09,15:29,MEDANTA,3.6259
2026-09-09,15:29,MEDICAMEQ,9.5013
2026-09-09,15:29,MEDICAPQ,19.9844
2026-09-09,15:29,MEDPLUS,0.9797
2026-09-09,15:29,MEESHO,2.6722
2026-09-09,15:29,MENONBE,4.9648
2026-09-09,15:29,METAL,1.7319
2026-09-09,15:29,METALIETF,1.434
2026-09-09,15:29,METROBRAND,1.1017
2026-09-09,15:29,METROGLOBL,1.7227
2026-09-09,15:29,METROPOLIS,3.4181
2026-09-09,15:29,MGEL,2.1935
2026-09-09,15:29,MIRZAINT,1.7898
2026-09-09,15:29,MITCON,1.895
2026-09-09,15:29,MITTAL,2.3256
2026-09-09,15:29,MKEXIM,1.3592
2026-09-09,15:29,MKPL,1.0025
2026-09-09,15:29,MLKFOOD,0.1178
2026-09-09,15:29,MMFL,0.1786
2026-09-09,15:29,MOALPHA50,0.4082
2026-09-09,15:29,MOBIKWIK,0.5975
2026-09-09,15:29,MODIRUBBER,0.9381
2026-09-09,15:29,MODTHREAD,1.7938
2026-09-09,15:29,MOENERGY,0.7812
2026-09-09,15:29,MOHITE,1.107
2026-09-09,15:29,MOIL,0.1829
2026-09-09,15:29,MOIPO,0.2259
2026-09-09,15:29,MOKSH,3
2026-09-09,15:29,MOMENTUM,0.3497
2026-09-09,15:29,MOMENTUM30,0.5487
2026-09-09,15:29,MOMETAL,1.6692
2026-09-09,15:29,MOMGF,0.6202
2026-09-09,15:29,MOMMIDCAP,0.2292
2026-09-09,15:29,MOMOMENTUM,0.4004
2026-09-09,15:29,MONEXT50,0.1785
2026-09-09,15:29,MONQ50,8.8062
2026-09-09,15:29,MOOILGAS,0.2715
2026-09-09,15:29,MOPSE,0.3117
2026-09-09,15:29,MOSILVER,0.2399
2026-09-09,15:29,MOTISONS,0.744
2026-09-09,15:29,MOVALUE,0.2776
2026-09-09,15:29,MPSLTD,1.2477
2026-09-09,15:29,MRPL,6.6489
2026-09-09,15:29,MSCI360,1.2974
2026-09-09,15:29,MSL,5.6388
2026-09-09,15:29,MSUMI,0.3005
2026-09-09,15:29,MTEDUCARE,3.2086
2026-09-09,15:29,MUFTI,1.0147
2026-09-09,15:29,MUKANDLTD,1.4746
2026-09-09,15:29,MUKESHB,1.1615
2026-09-09,15:29,MUKTAARTS,1.8405
2026-09-09,15:29,MURUDCERA,6.0179
2026-09-09,15:29,MUTHOOTCAP,0.401
2026-09-09,15:29,MVELECTRO,3.8777
2026-09-09,15:29,MVGJL,1.8603
2026-09-09,15:29,MWL,0.2922
2026-09-09,15:29,MYSORPETRO,4.9968
2026-09-09,15:29,NACLIND,2.0621
2026-09-09,15:29,NAGREEKEXP,0.134
2026-09-09,15:29,NATIONALUM,1.7653
2026-09-09,15:29,NATIONSTD,4.0473
2026-09-09,15:29,NAVA,1.1902
2026-09-09,15:29,NAVINFLUOR,0.5097
2026-09-09,15:29,NAVINIFTY,3.3114
2026-09-09,15:29,NAZARA,1.6287
2026-09-09,15:29,NBIFIN,1.1675
2026-09-09,15:29,NCLIND,1.3982
2026-09-09,15:29,NDL,0.3425
2026-09-09,15:29,NDTV,0.9585
2026-09-09,15:29,NEOGEN,1.9069
2026-09-09,15:29,NEXT30ADD,0.2347
2026-09-09,15:29,NEXT50BETA,0.2929
2026-09-09,15:29,NEXT50ETF,0.5854
2026-09-09,15:29,NEXTMEDIA,0.5181
2026-09-09,15:29,NHPC,1.0408
2026-09-09,15:29,NIACL,0.1413
2026-09-09,15:29,NIBL,0.7905
2026-09-09,15:29,NIFTY100EW,0.6615
2026-09-09,15:29,NIFTY200ALPHA30,0.4545
2026-09-09,15:29,NIFTY200MOMENTM30,0.5455
2026-09-09,15:29,NIFTY500MOMENTM50,0.2616
2026-09-09,15:29,NIFTY50ADD,0.6316
2026-09-09,15:29,NIFTY50PR1XINV,0.8653
2026-09-09,15:29,NIFTY50TR1XINV,0.8753
2026-09-09,15:29,NIFTYALPHA50,0.1488
2026-09-09,15:29,NIFTYCOMMODITIES,0.6449
2026-09-09,15:29,NIFTYCPSE,0.338
2026-09-09,15:29,NIFTYMETAL,1.7897
2026-09-09,15:29,NILAINFRA,2.719
2026-09-09,15:29,NILE,0.5436
2026-09-09,15:29,NIMBSPROJ,4.971
2026-09-09,15:29,NINSYS,0.2327
2026-09-09,15:29,NMDC,1.2867
2026-09-09,15:29,NOCIL,1.7345
2026-09-09,15:29,NOIDATOLL,0.7519
2026-09-09,15:29,NOVARTIND,20
2026-09-09,15:29,NPBET,2.2843
2026-09-09,15:29,NTPC,1.1185
2026-09-09,15:29,NURECA,4.9984
2026-09-09,15:29,NYKAA,0.5865
2026-09-09,15:29,OAL,1.761
2026-09-09,15:29,OBCL,0.6292
2026-09-09,15:29,ODIGMA,2.1828
2026-09-09,15:29,OIL,0.7166
2026-09-09,15:29,OILIETF,0.2676
2026-09-09,15:29,OMAXAUTO,2.9517
2026-09-09,15:29,OMFREIGHT,0.2743
2026-09-09,15:29,OMNI,1.6543
2026-09-09,15:29,ONEGLOBAL,1.7319
2026-09-09,15:29,ONELIFECAP,4.0065
2026-09-09,15:29,ONEPOINT,3.0341
2026-09-09,15:29,ONIXSOLAR,2.4758
2026-09-09,15:29,ORCHASP,4.4118
2026-09-09,15:29,ORCHPHARMA,6.1141
2026-09-09,15:29,ORIENTALTL,0.1957
2026-09-09,15:29,ORIENTBELL,2.3885
2026-09-09,15:29,ORIENTCER,5.1111
2026-09-09,15:29,OSIAHYPER,0.4098
2026-09-09,15:29,OSWALPUMPS,2.893
2026-09-09,15:29,OSWALSEEDS,7.743
2026-09-09,15:29,PACEDIGITK,0.2308
2026-09-09,15:29,PACIFICI,1.2786
2026-09-09,15:29,PAISALO,2.8307
2026-09-09,15:29,PALASHSECU,0.8169
2026-09-09,15:29,PANACEABIO,0.4976
2026-09-09,15:29,PANACHE,1.8231
2026-09-09,15:29,PANAMAPET,3.1564
2026-09-09,15:29,PARASPETRO,2.3474
2026-09-09,15:29,PARNAXLAB,3.2566
2026-09-09,15:29,PARSVNATH,1.8405
2026-09-09,15:29,PASUPTAC,1.177
2026-09-09,15:29,PATELENG,0.6313
2026-09-09,15:29,PAYTM,4.8802
2026-09-09,15:29,PCBL,1.8704
2026-09-09,15:29,PCJEWELLER,2.5888
2026-09-09,15:29,PFOCUS,1.0059
2026-09-09,15:29,PHOENXINTL,1.3083
2026-09-09,15:29,PIGL,9.2063
2026-09-09,15:29,PILITA,1.2903
2026-09-09,15:29,PINELABS,3.2616
2026-09-09,15:29,PIONRINV,1.9678
2026-09-09,15:29,PIRAMALFIN,0.5221
2026-09-09,15:29,PIXTRANS,1.417
2026-09-09,15:29,PKTEA,16.8132
2026-09-09,15:29,PLAZACABLE,4.9965
2026-09-09,15:29,PML,1.2029
2026-09-09,15:29,PNCINFRA,1.0957
2026-09-09,15:29,POWERICA,3.0903
2026-09-09,15:29,POWERINDIA,1.4293
2026-09-09,15:29,POWERMECH,0.6211
2026-09-09,15:29,PPL,4.9261
2026-09-09,15:29,PRAENG,1.0137
2026-09-09,15:29,PRAKASHSTL,1.3333
2026-09-09,15:29,PRAXIS,0.6397
2026-09-09,15:29,PREMIER,3.2374
2026-09-09,15:29,PRIMESECU,0.2326
2026-09-09,15:29,PRIMO,4.2136
2026-09-09,15:29,PRISMX,3.6364
2026-09-09,15:29,PRITI,0.3598
2026-09-09,15:29,PRIVISCL,1.9685
2026-09-09,15:29,PROSTARM,0.3032
2026-09-09,15:29,PROZONER,1.9624
2026-09-09,15:29,PRSMJOHNSN,0.1603
2026-09-09,15:29,PRUDENT,0.7628
2026-09-09,15:29,PSPPROJECT,0.5198
2026-09-09,15:29,PUNJABCHEM,0.1096
2026-09-09,15:29,PVP,0.7336
2026-09-09,15:29,QUESS,5.1852
2026-09-09,15:29,RACLGEAR,6.0836
2026-09-09,15:29,RADIOCITY,5.892
2026-09-09,15:29,RAIN,2.1533
2026-09-09,15:29,RAINBOW,0.0828
2026-09-09,15:29,RAJMET,1.2308
2026-09-09,15:29,RAJOOENG,4.0968
2026-09-09,15:29,RAJRATAN,4.841
2026-09-09,15:29,RAJRILTD,0.3749
2026-09-09,15:29,RAMBHAJO,1.0689
2026-09-09,15:29,RAMKY,0.4147
2026-09-09,15:29,RATNAMANI,1.9759
2026-09-09,15:29,RATNAVEER,0.7052
2026-09-09,15:29,RBA,5.1915
2026-09-09,15:29,RCOM,4.4944
2026-09-09,15:29,REDINGTON,1.2047
2026-09-09,15:29,REDTAPE,0.8565
2026-09-09,15:29,REGENCERAM,3.681
2026-09-09,15:29,RELCHEMQ,1.1307
2026-09-09,15:29,RELCNX100,1.3773
2026-09-09,15:29,RELIGARE,0.8012
2026-09-09,15:29,REMSONSIND,0.8637
2026-09-09,15:29,RESPONIND,14.41
2026-09-09,15:29,RHIM,1.399
2026-09-09,15:29,RHL,0.204
2026-09-09,15:29,RIR,0.5766
2026-09-09,15:29,RISHABH,0.9402
2026-09-09,15:29,RKFORGE,2.7663
2026-09-09,15:29,RMDRIP,4.2776
2026-09-09,15:29,ROSSELLIND,1.2033
2026-09-09,15:29,ROTO,0.3515
2026-09-09,15:29,RPGLIFE,0.3354
2026-09-09,15:29,RPOWER,1.3819
2026-09-09,15:29,RPPINFRA,15.4993
2026-09-09,15:29,RPSGVENT,5.4514
2026-09-09,15:29,RRECL,1.5614
2026-09-09,15:29,RSSOFTWARE,1.3407
2026-09-09,15:29,RTSPOWR,0.5558
2026-09-09,15:29,RUBYMILLS,5.4519
2026-09-09,15:29,RUDRA,1.0622
2026-09-09,15:29,RVHL,0.6001
2026-09-09,15:29,RVTH,4.6315
2026-09-09,15:29,SABEVENTS,4.9051
2026-09-09,15:29,SADBHAV,3.8799
2026-09-09,15:29,SAIL,0.1612
2026-09-09,15:29,SAILIFE,1.7182
2026-09-09,15:29,SAKSOFT,0.9535
2026-09-09,15:29,SALONA,1.909
2026-09-09,15:29,SALZERELEC,0.2906
2026-09-09,15:29,SAMBHV,1.3756
2026-09-09,15:29,SANATHAN,2.0935
2026-09-09,15:29,SANDUMA,2.2587
2026-09-09,15:29,SANGAMIND,0.3103
2026-09-09,15:29,SANGHVIMOV,0.4193
2026-09-09,15:29,SANGINITA,1.9871
2026-09-09,15:29,SANSERA,2.5362
2026-09-09,15:29,SAPPHIRE,0.4413
2026-09-09,15:29,SAPPL,1.6979
2026-09-09,15:29,SARDAEN,5.0014
2026-09-09,15:29,SAREGAMA,0.694
2026-09-09,15:29,SBC,4.0838
2026-09-09,15:29,SBCL,2.8321
2026-09-09,15:29,SBFC,2.301
2026-09-09,15:29,SBGLP,0.756
2026-09-09,15:29,SBISILVER,0.5071
2026-09-09,15:29,SBIVALETF,0.3432
2026-09-09,15:29,SCODATUBES,0.8779
2026-09-09,15:29,SECMARK,1.5359
2026-09-09,15:29,SELMC,1.5272
2026-09-09,15:29,SEPC,0.3745
2026-09-09,15:29,SETCO,0.5855
2026-09-09,15:29,SETFNN50,0.1113
2026-09-09,15:29,SETL,4.9938
2026-09-09,15:29,SETUINFRA,4.918
2026-09-09,15:29,SEYAIND,1.9624
2026-09-09,15:29,SFL,1.6347
2026-09-09,15:29,SGFIN,0.3919
2026-09-09,15:29,SGIL,2.0476
2026-09-09,15:29,SGL,2.0263
2026-09-09,15:29,SHADOWFAX,0.5806
2026-09-09,15:29,SHAH,4.4643
2026-09-09,15:29,SHAHALLOYS,0.4396
2026-09-09,15:29,SHAILY,1.3851
2026-09-09,15:29,SHANTIGEAR,0.5327
2026-09-09,15:29,SHARDAMOTR,2.0825
2026-09-09,15:29,SHAREINDIA,10.8537
2026-09-09,15:29,SHBAJRG,1.9886
2026-09-09,15:29,SHEKHAWATI,4.5806
2026-09-09,15:29,SHILGRAVQ,0.932
2026-09-09,15:29,SHIVALIK,20
2026-09-09,15:29,SHIVAUM,0.683
2026-09-09,15:29,SHRADHA,0.6199
2026-09-09,15:29,SHREEJISPG,2.1341
2026-09-09,15:29,SHREERAMA,6.4585
2026-09-09,15:29,SHRINGARMS,0.5795
2026-09-09,15:29,SHRIPISTON,1.4105
2026-09-09,15:29,SHRJAGP,2.1783
2026-09-09,15:29,SHUKRAPHAR,3.6777
2026-09-09,15:29,SHYAMCENT,0.6073
2026-09-09,15:29,SIGACHI,1.6427
2026-09-09,15:29,SIGIND,0.9159
2026-09-09,15:29,SIGNATURE,0.2038
2026-09-09,15:29,SIGNPOST,2.3436
2026-09-09,15:29,SIKKO,1.087
2026-09-09,15:29,SILVER,0.5842
2026-09-09,15:29,SILVER1,0.6679
2026-09-09,15:29,SILVER360,0.7788
2026-09-09,15:29,SILVERADD,0.5381
2026-09-09,15:29,SILVERAG,0.5683
2026-09-09,15:29,SILVERAXIS,0.5349
2026-09-09,15:29,SILVERBEES,0.642
2026-09-09,15:29,SILVERBETA,0.5147
2026-09-09,15:29,SILVERBND,0.5261
2026-09-09,15:29,SILVERCASE,0.6397
2026-09-09,15:29,SILVERIETF,0.6324
2026-09-09,15:29,SIMPLEXINF,0.7576
2026-09-09,15:29,SINTERCOM,5.9343
2026-09-09,15:29,SJS,0.3673
2026-09-09,15:29,SJVN,1.5333
2026-09-09,15:29,SKFINDUS,0.606
2026-09-09,15:29,SKIL,4.8193
2026-09-09,15:29,SKYGOLD,1.4878
2026-09-09,15:29,SMARTLINK,1.0468
2026-09-09,15:29,SMLMAH,4.0627
2026-09-09,15:29,SMSPHARMA,2.0418
2026-09-09,15:29,SNXT30BEES,0.7101
2026-09-09,15:29,SNXT50BETA,0.2755
2026-09-09,15:29,SOFTTECH,0.8333
2026-09-09,15:29,SONAMLTD,2.9655
2026-09-09,15:29,SOTL,1.2108
2026-09-09,15:29,SPECIALITY,1.0091
2026-09-09,15:29,SPECTRUM,4.9979
2026-09-09,15:29,SPLIL,1.7208
2026-09-09,15:29,SPORTKING,0.8302
2026-09-09,15:29,SREEL,19.9993
2026-09-09,15:29,SRGHFL,3.0002
2026-09-09,15:29,SRHHYPOLTD,0.7577
2026-09-09,15:29,SRPL,3.0303
2026-09-09,15:29,STALLION,4.996
2026-09-09,15:29,STAR,0.699
2026-09-09,15:29,STEELCITY,1.0214
2026-09-09,15:29,STEELXIND,4.0763
2026-09-09,15:29,STLNETWORK,4.9968
2026-09-09,15:29,STLSTRINF,2.9266
2026-09-09,15:29,STLTECH,4.9958
2026-09-09,15:29,STYL,1.4086
2026-09-09,15:29,STYLAMIND,0.9672
2026-09-09,15:29,STYLEBAAZA,2.6853
2026-09-09,15:29,STYRENIX,1.4942
2026-09-09,15:29,SUBROS,4.4637
2026-09-09,15:29,SUDARSCHEM,3.3232
2026-09-09,15:29,SUMEDHA,3.3316
2026-09-09,15:29,SUMIT,1.8956
2026-09-09,15:29,SUMMITSEC,0.5484
2026-09-09,15:29,SUNDARMFIN,0.3247
2026-09-09,15:29,SUNDROP,1.3347
2026-09-09,15:29,SUPERHOUSE,5.4774
2026-09-09,15:29,SUPERSPIN,2.0379
2026-09-09,15:29,SUPRAJIT,2.0711
2026-09-09,15:29,SUPREMEENG,1.9048
2026-09-09,15:29,SUPREMEINF,0.517
2026-09-09,15:29,SURAJLTD,1.9281
2026-09-09,15:29,SURYAROSNI,1.6434
2026-09-09,15:29,SUVIDHAA,4.329
2026-09-09,15:29,SWANCORP,0.3071
2026-09-09,15:29,SWANDEF,4.0459
2026-09-09,15:29,SWIGGY,2.5571
2026-09-09,15:29,SYMPHONY,0.9053
2026-09-09,15:29,SYSTMTXC,5
2026-09-09,15:29,TAALTECH,7.8196
2026-09-09,15:29,TAKE,4.9902
2026-09-09,15:29,TAMBOLIIN,4.9982
2026-09-09,15:29,TARAPUR,0.9353
2026-09-09,15:29,TATACOMM,1.141
2026-09-09,15:29,TATAPOWER,1.2173
2026-09-09,15:29,TATASTEEL,2.498
2026-09-09,15:29,TATSILV,0.713
2026-09-09,15:29,TATVA,0.488
2026-09-09,15:29,TBOTEK,1.5698
2026-09-09,15:29,TCC,4.9521
2026-09-09,15:29,TEAMGTY,1.4509
2026-09-09,15:29,TEAMLEASE,1.9897
2026-09-09,15:29,TECHNOCRAF,1.2752
2026-09-09,15:29,TECHNOE,2.1354
2026-09-09,15:29,TECHNVISN,2.7306
2026-09-09,15:29,TECILCHEM,2.8078
2026-09-09,15:29,TEGA,2.8118
2026-09-09,15:29,TEXMOPIPES,9.6535
2026-09-09,15:29,TFCILTD,0.5678
2026-09-09,15:29,TGBHOTELS,6.6232
2026-09-09,15:29,THACKER,2.7532
2026-09-09,15:29,THEINVEST,1.2256
2026-09-09,15:29,THEJO,0.7497
2026-09-09,15:29,THEMISMED,0.4086
2026-09-09,15:29,THERMAX,0.248
2026-09-09,15:29,TICL,0.9174
2026-09-09,15:29,TIIL,0.9296
2026-09-09,15:29,TIINDIA,1.5007
2026-09-09,15:29,TIMEX,2.6767
2026-09-09,15:29,TIMKEN,2.4041
2026-09-09,15:29,TINNARUBR,2.8361
2026-09-09,15:29,TIPSMUSIC,0.9149
2026-09-09,15:29,TITAN,0.3609
2026-09-09,15:29,TORNTPOWER,2.7948
2026-09-09,15:29,TOTAL,2.0754
2026-09-09,15:29,TOYAMSL,4.8387
2026-09-09,15:29,TPLPLASTEH,0.5023
2026-09-09,15:29,TRACXN,0.4826
2026-09-09,15:29,TRANSCOR,3.8415
2026-09-09,15:29,TRANSRAILL,1.2052
2026-09-09,15:29,TRAVELFOOD,0.2393
2026-09-09,15:29,TREL,1.0105
2026-09-09,15:29,TRENT,0.945
2026-09-09,15:29,TRIGYN,0.8257
2026-09-09,15:29,TRITONV,1.4227
2026-09-09,15:29,TRU,2.9557
2026-09-09,15:29,TRUALT,1.311
2026-09-09,15:29,TSFINV,0.1421
2026-09-09,15:29,TTL,0.1464
2026-09-09,15:29,TVSELECT,0.7529
2026-09-09,15:29,TVSMOTOR,0.4331
2026-09-09,15:29,UBL,1.1337
2026-09-09,15:29,UCAL,0.5301
2026-09-09,15:29,UDAYJEW,4.4147
2026-09-09,15:29,ULTRAMAR,1.4355
2026-09-09,15:29,UMIYA-MRO,0.5357
2026-09-09,15:29,UNIECOM,1.6284
2026-09-09,15:29,UNIINFO,1.81
2026-09-09,15:29,UNIONBANK,0.3657
2026-09-09,15:29,UNIONGOLD,0.1008
2026-09-09,15:29,UNITEDPOLY,0.3506
2026-09-09,15:29,UNIVCABLES,1.2396
2026-09-09,15:29,UNIVPHOTO,4.7447
2026-09-09,15:29,UPHOT,0.2506
2026-09-09,15:29,URAVIDEF,1.2948
2026-09-09,15:29,UTKARSHBNK,1.3384
2026-09-09,15:29,UTLSOLAR,3.7454
2026-09-09,15:29,VADILENT,0.357
2026-09-09,15:29,VAL30IETF,0.3333
2026-09-09,15:29,VALIANTLAB,4.9943
2026-09-09,15:29,VALIANTORG,4.9942
2026-09-09,15:29,VALUE,0.5006
2026-09-09,15:29,VALUEAXIS,0.3372
2026-09-09,15:29,VAML,1.9927
2026-09-09,15:29,VARDMNPOLY,0.3396
2026-09-09,15:29,VBL,0.3204
2026-09-09,15:29,VCL,4.4304
2026-09-09,15:29,VEDL,0.1838
2026-09-09,15:29,VENUSREM,1.5383
2026-09-09,15:29,VERANDA,0.4555
2026-09-09,15:29,VGL,2.8352
2026-09-09,15:29,VIDYAWIRES,0.7521
2026-09-09,15:29,VIKASECO,0.9524
2026-09-09,15:29,VIMTALABS,0.3755
2026-09-09,15:29,VINDHYATEL,4.392
2026-09-09,15:29,VINEETLAB,0.5414
2026-09-09,15:29,VIPCLOTHNG,5.9724
2026-09-09,15:29,VIPULLTD,0.4464
2026-09-09,15:29,VIRINCHI,0.8541
2026-09-09,15:29,VITAL,0.1083
2026-09-09,15:29,VIVIANA,3.8739
2026-09-09,15:29,VLSFINANCE,0.0935
2026-09-09,15:29,VOEPL,0.5003
2026-09-09,15:29,VRAJ,2.5198
2026-09-09,15:29,VSSL,1.7246
2026-09-09,15:29,VSTIND,0.8948
2026-09-09,15:29,WABAG,6.0994
2026-09-09,15:29,WCIL,2.0126
2026-09-09,15:29,WEALTH,1.5076
2026-09-09,15:29,WEBELSOLAR,4.4661
2026-09-09,15:29,WEL,4.9863
2026-09-09,15:29,WELCORP,0.3462
2026-09-09,15:29,WELINV,0.7886
2026-09-09,15:29,WELSPUNLIV,1.1594
2026-09-09,15:29,WESTLIFE,4.3196
2026-09-09,15:29,WEWIN,0.4779
2026-09-09,15:29,WEWORK,1.1014
2026-09-09,15:29,WHBRADY,0.5192
2026-09-09,15:29,WHEELS,13.967
2026-09-09,15:29,WILLAMAGOR,1.2221
2026-09-09,15:29,WINSOME,1.6194
2026-09-09,15:29,WIPL,0.9108
2026-09-09,15:29,WOCKPHARMA,1.1151
2026-09-09,15:29,XTRANET,10
2026-09-09,15:29,YATHARTH,2.0414
2026-09-09,15:29,YATRA,1.3464
2026-09-09,15:29,YOGI,4.4437
2026-09-09,15:29,YUKEN,4.9491
2026-09-09,15:29,ZEELEARN,0.6051
2026-09-09,15:29,ZENITHEXPO,4.0508
2026-09-09,15:29,ZFSTEERING,1.4546
2026-09-09,15:29,ZIMLAB,3.292
2026-09-09,15:29,ZOTA,0.1078
2026-09-10,15:29,21STCENMGM,0.4381
2026-09-10,15:29,360ONE,0.6897
2026-09-10,15:29,63MOONS,2.4623
2026-09-10,15:29,AAATECH,0.9906
2026-09-10,15:29,AAKASH,7.6561
2026-09-10,15:29,AARON,1.8216
2026-09-10,15:29,AARTIDRUGS,3.1999
2026-09-10,15:29,AARTIIND,1.582
2026-09-10,15:29,AARVI,0.7533
2026-09-10,15:29,ABBOTINDIA,0.1388
2026-09-10,15:29,ABDL,1.2083
2026-09-10,15:29,ABMKNO,0.3431
2026-09-10,15:29,ABSLAMC,2.0628
2026-09-10,15:29,ACEINTEG,1.9954
2026-09-10,15:29,ACUTAAS,6.4655
2026-09-10,15:29,ADVANCE,4.5498
2026-09-10,15:29,ADVENTHTL,1.5884
2026-09-10,15:29,ADVENZYMES,1.2855
2026-09-10,15:29,AEPL,3.3549
2026-09-10,15:29,AEROFLEX,0.5435
2026-09-10,15:29,AEROPLANE,3.7249
2026-09-10,15:29,AETHER,1.8251
2026-09-10,15:29,AFFLE,0.4221
2026-09-10,15:29,AFFORDABLE,0.3896
2026-09-10,15:29,AGRITECH,0.8448
2026-09-10,15:29,AGROPHOS,7.5967
2026-09-10,15:29,AHCL,7.7396
2026-09-10,15:29,AHLWEST,1.938
2026-09-10,15:29,AJAXENGG,1.9808
2026-09-10,15:29,AJMERA,1.3832
2026-09-10,15:29,AKCAPIT,0.6444
2026-09-10,15:29,AKG,1.9962
2026-09-10,15:29,AKSHAR,2.439
2026-09-10,15:29,AKSHOPTFBR,2.3283
2026-09-10,15:29,AKUMS,1.1537
2026-09-10,15:29,ALGOQUANT,0.2351
2026-09-10,15:29,ALICON,0.3999
2026-09-10,15:29,ALMONDZ,2.8421
2026-09-10,15:29,ALPHA,0.0922
2026-09-10,15:29,AMAL,2.6728
2026-09-10,15:29,AMBER,0.9709
2026-09-10,15:29,AMBICAAGAR,1.7565
2026-09-10,15:29,ANANDRATHI,1.0043
2026-09-10,15:29,ANDHRAPAP,6.6099
2026-09-10,15:29,ANMOL,12.5459
2026-09-10,15:29,ANSALBU,4.8607
2026-09-10,15:29,ANURAS,0.122
2026-09-10,15:29,AONEGOLD,0.2817
2026-09-10,15:29,AONESILVER,0.3378
2026-09-10,15:29,APLAPOLLO,1.2362
2026-09-10,15:29,APOLSINHOT,0.6882
2026-09-10,15:29,APOORVA,4.9802
2026-09-10,15:29,ARCL,4.9244
2026-09-10,15:29,AROGRANITE,0.624
2026-09-10,15:29,ARVINDFASN,1.6478
2026-09-10,15:29,ARYAMAN,0.5389
2026-09-10,15:29,ASAHIINDIA,0.769
2026-09-10,15:29,ASALCBR,1.682
2026-09-10,15:29,ASHIKA,0.6301
2026-09-10,15:29,ASIANPAINT,0.3656
2026-09-10,15:29,ASSAMENT,4.6772
2026-09-10,15:29,ASTAR,2.1996
2026-09-10,15:29,ATHERENERG,4.9557
2026-09-10,15:29,ATUL,2.1619
2026-09-10,15:29,AURIONPRO,0.9324
2026-09-10,15:29,AURUM,0.0954
2026-09-10,15:29,AUSTENG,3.3266
2026-09-10,15:29,AVANTIFEED,1.0097
2026-09-10,15:29,AVG,5
2026-09-10,15:29,AVONMORE,1.4296
2026-09-10,15:29,AXISBANK,0.6056
2026-09-10,15:29,AXISNIFTY,0.6569
2026-09-10,15:29,BAFNAPH,1.9894
2026-09-10,15:29,BAJAJCON,0.5753
2026-09-10,15:29,BAJAJFINSV,0.7006
2026-09-10,15:29,BAJAJHFL,1.5678
2026-09-10,15:29,BAJAJHIND,0.2342
2026-09-10,15:29,BAJFINANCE,0.4041
2026-09-10,15:29,BALAJEE,0.1176
2026-09-10,15:29,BALRAMCHIN,0.7285
2026-09-10,15:29,BANDHANBNK,1.3395
2026-09-10,15:29,BANKA,0.4771
2026-09-10,15:29,BANKBARODA,1.5036
2026-09-10,15:29,BANKNIFTY,0.3133
2026-09-10,15:29,BANSALWIRE,2.3164
2026-09-10,15:29,BASML,1.6673
2026-09-10,15:29,BAYERCROP,0.6909
2026-09-10,15:29,BBNPPGOLD,0.2714
2026-09-10,15:29,BBTCL,3.1923
2026-09-10,15:29,BECTORFOOD,1.4005
2026-09-10,15:29,BEEKAY,1.7013
2026-09-10,15:29,BELLACASA,6.268
2026-09-10,15:29,BENARAS,2.0532
2026-09-10,15:29,BENGALASM,0.8293
2026-09-10,15:29,BFUTILITIE,4.3308
2026-09-10,15:29,BGLOBAL,1.2658
2026-09-10,15:29,BHAGYANGR,4.9921
2026-09-10,15:29,BHARATGEAR,0.9042
2026-09-10,15:29,BHARATRAS,0.1028
2026-09-10,15:29,BHARATWIRE,0.7914
2026-09-10,15:29,BHARTIARTL,1.3391
2026-09-10,15:29,BIOFILCHEM,16.9422
2026-09-10,15:29,BIRLACABLE,4.9881
2026-09-10,15:29,BIRLANU,1.9037
2026-09-10,15:29,BIRLAPREC,4.9929
2026-09-10,15:29,BLACKBUCK,1.0085
2026-09-10,15:29,BLISSGVS,1.0969
2026-09-10,15:29,BLKASHYAP,0.2527
2026-09-10,15:29,BLUESTARCO,3.9193
2026-09-10,15:29,BLUSPRING,5.3095
2026-09-10,15:29,BMWVENTLTD,0.7567
2026-09-10,15:29,BOHRAIND,1.3846
2026-09-10,15:29,BONLON,0.3741
2026-09-10,15:29,BORANA,0.4586
2026-09-10,15:29,BOROLTD,3.2569
2026-09-10,15:29,BPLPHARMA,2.634
2026-09-10,15:29,BRAHMINFRA,0.9611
2026-09-10,15:29,BROOKS,1.3653
2026-09-10,15:29,BSE,0.4924
2026-09-10,15:29,BSLGOLDETF,0.2612
2026-09-10,15:29,BTTL,0.4729
2026-09-10,15:29,CALSOFT,4.9787
2026-09-10,15:29,CANBK,0.4191
2026-09-10,15:29,CANHLIFE,1.9199
2026-09-10,15:29,CANTABIL,0.5276
2026-09-10,15:29,CAPLIPOINT,2.6551
2026-09-10,15:29,CARRARO,2.4311
2026-09-10,15:29,CARTRADE,0.2511
2026-09-10,15:29,CCCL,0.2125
2026-09-10,15:29,CEATLTD,0.0759
2026-09-10,15:29,CEIGALL,0.7173
2026-09-10,15:29,CELEBRITY,0.149
2026-09-10,15:29,CELLO,0.4446
2026-09-10,15:29,CENTEXT,3.9198
2026-09-10,15:29,CENTRALBK,0.7848
2026-09-10,15:29,CFEL,16.2225
2026-09-10,15:29,CGVAK,0.9735
2026-09-10,15:29,CHAMBLFERT,0.5173
2026-09-10,15:29,CHEMBOND,2.4778
2026-09-10,15:29,CHEMCRUX,3.5727
2026-09-10,15:29,CHEMFAB,2.8763
2026-09-10,15:29,CHENNPETRO,1.3712
2026-09-10,15:29,CHEVIOT,0.9283
2026-09-10,15:29,CHOICEGOLD,0.4698
2026-09-10,15:29,CHOICEIN,2.6311
2026-09-10,15:29,CHOLAFIN,1.6402
2026-09-10,15:29,CHOLAHLDNG,0.0915
2026-09-10,15:29,CIFL,0.3479
2026-09-10,15:29,CINEVISTA,0.8427
2026-09-10,15:29,CIPLA,0.7483
2026-09-10,15:29,CLCIND,3.0539
2026-09-10,15:29,CLEAN,2.7552
2026-09-10,15:29,CLEANMAX,0.1002
2026-09-10,15:29,CLEDUCATE,2.111
2026-09-10,15:29,CMRGREEN,1.4543
2026-09-10,15:29,CNXINFRA,0.153
2026-09-10,15:29,CNXPSE,0.135
2026-09-10,15:29,COALINDIA,0.232
2026-09-10,15:29,COHANCE,0.4398
2026-09-10,15:29,COLPAL,0.4722
2026-09-10,15:29,COMPINFO,3.8462
2026-09-10,15:29,CONSUMIETF,0.2689
2026-09-10,15:29,CORALFINAC,0.5812
2026-09-10,15:29,CORDELIA,4.9784
2026-09-10,15:29,CORDSCABLE,0.1241
2026-09-10,15:29,CORONA,0.1638
2026-09-10,15:29,CPCAP,0.6662
2026-09-10,15:29,CPPLUS,2.2156
2026-09-10,15:29,CRAFTSMAN,0.3812
2026-09-10,15:29,CRAMC,0.5656
2026-09-10,15:29,CREDITACC,0.5014
2026-09-10,15:29,CRISIL,0.663
2026-09-10,15:29,CRIZAC,2.0791
2026-09-10,15:29,CSM,1.7683
2026-09-10,15:29,CYIENT,0.1209
2026-09-10,15:29,DABUR,1.3188
2026-09-10,15:29,DALBHARAT,0.6749
2026-09-10,15:29,DAMODARIND,1.6196
2026-09-10,15:29,DATAMATICS,0.9573
2026-09-10,15:29,DAVANGERE,9.1429
2026-09-10,15:29,DBL,3.7532
2026-09-10,15:29,DBREALTY,0.9369
2026-09-10,15:29,DCI,1.4033
2026-09-10,15:29,DCM,1.6135
2026-09-10,15:29,DCMFINSERV,2.3529
2026-09-10,15:29,DCMSHRIRAM,0.9924
2026-09-10,15:29,DCMSIL,3.6973
2026-09-10,15:29,DECCANCE,1.1052
2026-09-10,15:29,DECNGOLD,2.9723
2026-09-10,15:29,DEEP,11.087
2026-09-10,15:29,DEEPAKNTR,0.2375
2026-09-10,15:29,DENTA,1.5007
2026-09-10,15:29,DEVIT,0.2929
2026-09-10,15:29,DHANBANK,0.163
2026-09-10,15:29,DHANUKA,0.4408
2026-09-10,15:29,DIACABS,4.9881
2026-09-10,15:29,DIAMINESQ,1.9152
2026-09-10,15:29,DIFFNKG,2.0429
2026-09-10,15:29,DIGISPICE,1.3489
2026-09-10,15:29,DIGJAMLMTD,19.9845
2026-09-10,15:29,DIVGIITTS,1.8876
2026-09-10,15:29,DIVOPPBEES,0.1063
2026-09-10,15:29,DLF,0.1145
2026-09-10,15:29,DMCC,1.0557
2026-09-10,15:29,DOLATALGO,0.5621
2026-09-10,15:29,DRAGARWQ,1.2306
2026-09-10,15:29,DSKULKARNI,1.9812
2026-09-10,15:29,DSSL,0.998
2026-09-10,15:29,DTIL,0.1458
2026-09-10,15:29,DYNPRO,0.8337
2026-09-10,15:29,E2E,0.2316
2026-09-10,15:29,EASTSILK,3.4258
2026-09-10,15:29,EASTWEST,1.7391
2026-09-10,15:29,EBBETF0431,0.2899
2026-09-10,15:29,EBGNG,0.3181
2026-09-10,15:29,ECOSMOBLTY,0.2602
2026-09-10,15:29,EDELWEISS,2.3273
2026-09-10,15:29,EDUCOMP,1.1111
2026-09-10,15:29,EGOLD,0.2628
2026-09-10,15:29,EIEL,2.7128
2026-09-10,15:29,EIFFL,1.9978
2026-09-10,15:29,EIMCOELECO,3.1419
2026-09-10,15:29,ELDEHSG,0.7996
2026-09-10,15:29,ELECON,0.2623
2026-09-10,15:29,ELECTCAST,2.0706
2026-09-10,15:29,ELGIEQUIP,0.4444
2026-09-10,15:29,ELITECON,4.698
2026-09-10,15:29,ELLEN,5.1965
2026-09-10,15:29,ELMDIV,0.5899
2026-09-10,15:29,EMAMILTD,0.4741
2026-09-10,15:29,EMAMIPAP,0.9171
2026-09-10,15:29,EMAMIREAL,4.7971
2026-09-10,15:29,EMBDL,0.4534
2026-09-10,15:29,EMCURE,2.5282
2026-09-10,15:29,EMETAL,0.6716
2026-09-10,15:29,EMIL,5.0205
2026-09-10,15:29,EMMVEE,4.1806
2026-09-10,15:29,EMPOWER,4.2857
2026-09-10,15:29,EMSLIMITED,1.4515
2026-09-10,15:29,ENERGYDEV,1.5447
2026-09-10,15:29,ENIL,1.0127
2026-09-10,15:29,ERIS,1.618
2026-09-10,15:29,ESILVER,0.1546
2026-09-10,15:29,ESSARSHPNG,0.3741
2026-09-10,15:29,ETERNAL,0.4679
2026-09-10,15:29,EVEREADY,4.8082
2026-09-10,15:29,EXCELINDUS,0.3234
2026-09-10,15:29,EXCELSOFT,6.4469
2026-09-10,15:29,EXIDEIND,2.4589
2026-09-10,15:29,EXPLEOSOL,0.7065
2026-09-10,15:29,FACT,0.4514
2026-09-10,15:29,FAZE3Q,0.33
2026-09-10,15:29,FCL,0.4792
2026-09-10,15:29,FEDERALBNK,0.2899
2026-09-10,15:29,FEDFINA,1.2361
2026-09-10,15:29,FIBERWEB,3.3321
2026-09-10,15:29,FILATEX,0.9265
2026-09-10,15:29,FINCABLES,4.8027
2026-09-10,15:29,FINEORG,0.1457
2026-09-10,15:29,FINIETF,0.1238
2026-09-10,15:29,FINOPB,1.6783
2026-09-10,15:29,FINPIPE,0.2361
2026-09-10,15:29,FISCHER,0.345
2026-09-10,15:29,FLEXITUFF,0.9615
2026-09-10,15:29,FLUOROCHEM,0.6625
2026-09-10,15:29,FOCUS,1.7236
2026-09-10,15:29,FORCEMOT,4.7249
2026-09-10,15:29,FOSECOIND,1.875
2026-09-10,15:29,FREDUN,1.5286
2026-09-10,15:29,GANDHAR,2.05
2026-09-10,15:29,GANECOS,2.7535
2026-09-10,15:29,GANESHBE,4.0253
2026-09-10,15:29,GANESHHOU,1.9051
2026-09-10,15:29,GANGAFORGE,0.6289
2026-09-10,15:29,GATEWAY,0.2616
2026-09-10,15:29,GAYAPROJ,4.9069
2026-09-10,15:29,GCSL,2.1432
2026-09-10,15:29,GEECEE,1.676
2026-09-10,15:29,GEEKAYWIRE,2.5439
2026-09-10,15:29,GEMAROMA,0.1577
2026-09-10,15:29,GENESYS,9.245
2026-09-10,15:29,GENESYS-RE,13.917
2026-09-10,15:29,GESHIP,0.488
2026-09-10,15:29,GFLLIMITED,1.9006
2026-09-10,15:29,GFSTEELS,9.9724
2026-09-10,15:29,GILLANDERS,0.1663
2026-09-10,15:29,GILT5BETA,0.2537
2026-09-10,15:29,GIPCL,0.1293
2026-09-10,15:29,GKENERGY,0.6289
2026-09-10,15:29,GLOBE,1.6484
2026-09-10,15:29,GLOSTERLTD,0.318
2026-09-10,15:29,GMDCLTD,1.0182
2026-09-10,15:29,GMMPFAUDLR,1.0571
2026-09-10,15:29,GMRP&UI,1.7823
2026-09-10,15:29,GNA,2.6689
2026-09-10,15:29,GOCLCORP,0.1158
2026-09-10,15:29,GODREJCP,0.7062
2026-09-10,15:29,GODREJPROP,0.8023
2026-09-10,15:29,GOLD1,0.3545
2026-09-10,15:29,GOLD360,0.6071
2026-09-10,15:29,GOLDADD,0.2027
2026-09-10,15:29,GOLDAXIS,0.2997
2026-09-10,15:29,GOLDBEES,0.3339
2026-09-10,15:29,GOLDBETA,0.1949
2026-09-10,15:29,GOLDBND,0.3157
2026-09-10,15:29,GOLDCASE,0.3339
2026-09-10,15:29,GOLDETF,0.2769
2026-09-10,15:29,GOLDIETF,0.2915
2026-09-10,15:29,GOODLUCK,0.4071
2026-09-10,15:29,GPPL,2.3205
2026-09-10,15:29,GPTINFRA,1.8673
2026-09-10,15:29,GRANDOAK,1.7099
2026-09-10,15:29,GRANULES,1.6331
2026-09-10,15:29,GRASIM,0.5758
2026-09-10,15:29,GRAUWEIL,5.2429
2026-09-10,15:29,GRAVISSHO,19.9933
2026-09-10,15:29,GRAVITA,0.1356
2026-09-10,15:29,GREAVESCOT,0.6342
2026-09-10,15:29,GREENPLY,1.0387
2026-09-10,15:29,GRINDWELL,0.7712
2026-09-10,15:29,GROBTEA,1.4853
2026-09-10,15:29,GROWW,0.6217
2026-09-10,15:29,GROWWGOLD,0.269
2026-09-10,15:29,GROWWHOSPI,0.0951
2026-09-10,15:29,GROWWLOVOL,0.1965
2026-09-10,15:29,GROWWNET,0.5571
2026-09-10,15:29,GROWWPSUBK,0.464
2026-09-10,15:29,GROWWSC250,0.0939
2026-09-10,15:29,GROWWSLVR,0.6588
2026-09-10,15:29,GRWRHITECH,2.2584
2026-09-10,15:29,GSEC10ABSL,0.3011
2026-09-10,15:29,GSEC10ADD,0.1119
2026-09-10,15:29,GSEC10YEAR,0.5585
2026-09-10,15:29,GSFC,0.2187
2026-09-10,15:29,GTECJAINX,3.8333
2026-09-10,15:29,GTL,0.5587
2026-09-10,15:29,GTPL,2.5047
2026-09-10,15:29,GUJALKALI,0.8701
2026-09-10,15:29,GUJRAFFIA,0.6601
2026-09-10,15:29,GVKPIL,1.8433
2026-09-10,15:29,GVPTECH,1.0038
2026-09-10,15:29,GYFTR,1.9923
2026-09-10,15:29,HALDYNGL,0.7868
2026-09-10,15:29,HARDWYN,2.1277
2026-09-10,15:29,HBSL,2.8566
2026-09-10,15:29,HCL-INSYS,0.2973
2026-09-10,15:29,HDBFS,0.3926
2026-09-10,15:29,HDFCBANK,0.9751
2026-09-10,15:29,HDFCGOLD,0.3306
2026-09-10,15:29,HDFCLIFE,2.3638
2026-09-10,15:29,HDFCSILVER,0.4494
2026-09-10,15:29,HDFCSML250,0.426
2026-09-10,15:29,HEALTHX,1.9533
2026-09-10,15:29,HERITGFOOD,4.7224
2026-09-10,15:29,HEROMOTOCO,1.1882
2026-09-10,15:29,HEXAGON,1.1124
2026-09-10,15:29,HEXATRADEX,0.4096
2026-09-10,15:29,HGINFRA,1.818
2026-09-10,15:29,HINDPETRO,1.0748
2026-09-10,15:29,HINDWAREAP,1.1188
2026-09-10,15:29,HISARMETAL,0.8901
2026-09-10,15:29,HITECH,0.7944
2026-09-10,15:29,HNDFDS,0.7639
2026-09-10,15:29,HOMEFIRST,0.5905
2026-09-10,15:29,HONASA,0.9765
2026-09-10,15:29,HONDAPOWER,0.2698
2026-09-10,15:29,HPAL,2.6353
2026-09-10,15:29,HSBCGOLD,0.2036
2026-09-10,15:29,HYBRIDFIN,0.6471
2026-09-10,15:29,HYUNDAI,1.0356
2026-09-10,15:29,ICDSLTD,0.5286
2026-09-10,15:29,ICEMAKE,0.3032
2026-09-10,15:29,ICICIAMC,0.9988
2026-09-10,15:29,ICICIPRULI,1.8378
2026-09-10,15:29,IDFCFIRSTB,0.9767
2026-09-10,15:29,IFBIND,1.2946
2026-09-10,15:29,IGL,0.3531
2026-09-10,15:29,IIFL,0.4131
2026-09-10,15:29,IITL,0.0952
2026-09-10,15:29,IKIO,5.3605
2026-09-10,15:29,IL&FSENGG,3.4127
2026-09-10,15:29,IMPEXFERRO,1.8036
2026-09-10,15:29,INA,2.5132
2026-09-10,15:29,INDBANK,4.1714
2026-09-10,15:29,INDIAGLYCO,3.0202
2026-09-10,15:29,INDIASHLTR,0.5911
2026-09-10,15:29,INDIQUBE,0.597
2026-09-10,15:29,INDNIPPON,4.2412
2026-09-10,15:29,INDOAMIN,0.4872
2026-09-10,15:29,INDOCO,9.9792
2026-09-10,15:29,INDOMIM,2.2345
2026-09-10,15:29,INDOTHAI,4.9795
2026-09-10,15:29,INDOWIND,0.6652
2026-09-10,15:29,INDPRUD,0.7624
2026-09-10,15:29,INFY,0.1449
2026-09-10,15:29,INNOVANA,2.0119
2026-09-10,15:29,INOXGREEN,1.3427
2026-09-10,15:29,INOXINDIA,5.0469
2026-09-10,15:29,INSUREIETF,0.3397
2026-09-10,15:29,INTENTECH,0.2026
2026-09-10,15:29,INTLCONV,0.2599
2026-09-10,15:29,INVPRECQ,1.9981
2026-09-10,15:29,IOLCP,1.0225
2026-09-10,15:29,IPCALAB,0.3718
2026-09-10,15:29,IRB,4.4048
2026-09-10,15:29,IRCON,0.113
2026-09-10,15:29,IREDA,1.1876
2026-09-10,15:29,IRISDOREME,1.615
2026-09-10,15:29,ISGEC,3.263
2026-09-10,15:29,ITBETA,1.1584
2026-09-10,15:29,ITDC,5.5507
2026-09-10,15:29,ITL,1.1535
2026-09-10,15:29,IVZINGOLD,0.68
2026-09-10,15:29,JAIPURKURT,1.5416
2026-09-10,15:29,JAMNAAUTO,2.2726
2026-09-10,15:29,JARO,4.1786
2026-09-10,15:29,JASH,0.5205
2026-09-10,15:29,JAYAGROGN,0.4982
2026-09-10,15:29,JAYBARMARU,0.2132
2026-09-10,15:29,JAYSREETEA,0.2108
2026-09-10,15:29,JENBURPH,0.3028
2026-09-10,15:29,JETFREIGHT,0.4475
2026-09-10,15:29,JINDALPOLY,0.2368
2026-09-10,15:29,JINDALSAW,1.8608
2026-09-10,15:29,JINDWORLD,0.3608
2026-09-10,15:29,JKLAKSHMI,1.3421
2026-09-10,15:29,JKPAPER,1.5409
2026-09-10,15:29,JKTYRE,0.393
2026-09-10,15:29,JMFINANCIL,0.4024
2026-09-10,15:29,JPOLYINVST,0.2666
2026-09-10,15:29,JSLL,2.3904
2026-09-10,15:29,JSWHL,0.8815
2026-09-10,15:29,JSWINFRA,0.3076
2026-09-10,15:29,JTLIND,2.0501
2026-09-10,15:29,JUBLPHARMA,0.6526
2026-09-10,15:29,JUNIPER,6.5508
2026-09-10,15:29,JWL,0.2282
2026-09-10,15:29,JYOTHYLAB,0.2819
2026-09-10,15:29,JYOTIRES,1.2075
2026-09-10,15:29,KABRAEXTRU,6.7275
2026-09-10,15:29,KAJARIACER,0.3793
2026-09-10,15:29,KALPATARU,0.3942
2026-09-10,15:29,KALYANIFRG,4.9951
2026-09-10,15:29,KALYANKJIL,1.2508
2026-09-10,15:29,KAMANWALA,6.375
2026-09-10,15:29,KANANIIND,0.6667
2026-09-10,15:29,KANORICHEM,5
2026-09-10,15:29,KANPRPLA,0.1193
2026-09-10,15:29,KAPSTON,3.6594
2026-09-10,15:29,KARMAENG,0.1586
2026-09-10,15:29,KAVDEFENCE,18.3257
2026-09-10,15:29,KCP,0.1853
2026-09-10,15:29,KCPSUGIND,0.6962
2026-09-10,15:29,KEC,5.1501
2026-09-10,15:29,KECL,3.0333
2026-09-10,15:29,KENNAMET,5.9241
2026-09-10,15:29,KESORAMIND,1.9913
2026-09-10,15:29,KHADIM,1.9887
2026-09-10,15:29,KICL,1.2347
2026-09-10,15:29,KIMS,1.4773
2026-09-10,15:29,KINGFA,1.1368
2026-09-10,15:29,KIRANVYPAR,1.0348
2026-09-10,15:29,KISSHT,3.4226
2026-09-10,15:29,KLBRENG-B,2.3585
2026-09-10,15:29,KMSUGAR,1.4493
2026-09-10,15:29,KNACK,2.6689
2026-09-10,15:29,KNRCON,0.6347
2026-09-10,15:29,KOLTEPATIL,1.8857
2026-09-10,15:29,KOPRAN,0.6187
2026-09-10,15:29,KOTAKBANK,0.6159
2026-09-10,15:29,KOTARISUG,3.914
2026-09-10,15:29,KOTIC,11.5612
2026-09-10,15:29,KOVAI,2.3173
2026-09-10,15:29,KPIL,1.6684
2026-09-10,15:29,KREBSBIO,2.2115
2026-09-10,15:29,KRISHANA,0.863
2026-09-10,15:29,KRISHIVAL,0.1197
2026-09-10,15:29,KRITI,3.1993
2026-09-10,15:29,KROSS,5.4036
2026-09-10,15:29,KRSNAA,0.615
2026-09-10,15:29,KSE,0.4723
2026-09-10,15:29,KSHINTL,1.9313
2026-09-10,15:29,KSL,6.3489
2026-09-10,15:29,KSR,4.4399
2026-09-10,15:29,KTKBANK,0.3924
2026-09-10,15:29,KUSUMGAR,0.3279
2026-09-10,15:29,KWIL,1.6895
2026-09-10,15:29,LADDERUP,19.9961
2026-09-10,15:29,LAMBODHARA,2.3114
2026-09-10,15:29,LANCORHOL,4.982
2026-09-10,15:29,LANDSMILL,1.7857
2026-09-10,15:29,LAURUSLABS,0.413
2026-09-10,15:29,LAXMICOT,0.152
2026-09-10,15:29,LAXMIDENTL,0.706
2026-09-10,15:29,LCL,3.0384
2026-09-10,15:29,LEENEE,0.7453
2026-09-10,15:29,LEXUS,0.7491
2026-09-10,15:29,LGEINDIA,0.1335
2026-09-10,15:29,LGHL,10.0215
2026-09-10,15:29,LIBAS,7.007
2026-09-10,15:29,LICMFGOLD,0.2191
2026-09-10,15:29,LKPSEC,0.7576
2026-09-10,15:29,LLOYDSME,0.3707
2026-09-10,15:29,LOTUSCHO,1.5994
2026-09-10,15:29,LOTUSDEV,4.9952
2026-09-10,15:29,LOTUSEYE,0.5948
2026-09-10,15:29,LOVABLE,3.2031
2026-09-10,15:29,LOYALTEX,0.8294
2026-09-10,15:29,LT,0.826
2026-09-10,15:29,LTF,0.2899
2026-09-10,15:29,LTTS,0.4132
2026-09-10,15:29,LYKALABS,1.275
2026-09-10,15:29,MACPOWER,0.3541
2026-09-10,15:29,MADHAV,5.9449
2026-09-10,15:29,MAFATIND,1.028
2026-09-10,15:29,MAGNUM,0.5793
2026-09-10,15:29,MAHAPEXLTD,7.0436
2026-09-10,15:29,MAHASTEEL,0.4526
2026-09-10,15:29,MAHEPC,0.4993
2026-09-10,15:29,MAHESHWARI,1.1826
2026-09-10,15:29,MAHSEAMLES,6.3221
2026-09-10,15:29,MAJESAUT,3.2316
2026-09-10,15:29,MANAKSIA,6.4945
2026-09-10,15:29,MANAKSTEEL,4.9936
2026-09-10,15:29,MANAPPURAM,3.375
2026-09-10,15:29,MANBA,1.0141
2026-09-10,15:29,MANGALAM,9.9969
2026-09-10,15:29,MANINDS,10.5861
2026-09-10,15:29,MANIPALHOS,0.4521
2026-09-10,15:29,MANOMAY,2.2331
2026-09-10,15:29,MANUGRAPH,0.3311
2026-09-10,15:29,MARATHON,0.3662
2026-09-10,15:29,MARKSANS,0.0757
2026-09-10,15:29,MASFIN,1.9211
2026-09-10,15:29,MAXESTATES,2.4995
2026-09-10,15:29,MAXHEALTH,0.106
2026-09-10,15:29,MAYURUNIQ,2.7991
2026-09-10,15:29,MCL,1.5437
2026-09-10,15:29,MCLOUD,0.1927
2026-09-10,15:29,MEDICAPQ,14.5738
2026-09-10,15:29,MEESHO,0.5584
2026-09-10,15:29,MERCURYEV,9.9921
2026-09-10,15:29,MFML,3.0468
2026-09-10,15:29,MFSL,0.7763
2026-09-10,15:29,MGEL,1.1995
2026-09-10,15:29,MGL,1.5217
2026-09-10,15:29,MIDWESTLTD,0.6043
2026-09-10,15:29,MILKYMIST,4.997
2026-09-10,15:29,MINDACORP,0.3282
2026-09-10,15:29,MKEXIM,1.3101
2026-09-10,15:29,MMFL,4.4007
2026-09-10,15:29,MMWL,0.2892
2026-09-10,15:29,MODINATUR,1.776
2026-09-10,15:29,MODIS,0.6461
2026-09-10,15:29,MODISONLTD,4.9969
2026-09-10,15:29,MOGOLD,0.3328
2026-09-10,15:29,MOGSEC,0.7676
2026-09-10,15:29,MOHITE,0.365
2026-09-10,15:29,MOHITIND,1.3775
2026-09-10,15:29,MOINFRA,0.8903
2026-09-10,15:29,MONTECARLO,0.497
2026-09-10,15:29,MOSILVER,0.4569
2026-09-10,15:29,MPDL,4.9689
2026-09-10,15:29,MSL,0.6757
2026-09-10,15:29,MUFIN,0.2893
2026-09-10,15:29,MUKANDLTD,2.0617
2026-09-10,15:29,MUKKA,2.3778
2026-09-10,15:29,MUTHOOTFIN,0.9414
2026-09-10,15:29,MWL,4.767
2026-09-10,15:29,MYSORPETRO,0.9722
2026-09-10,15:29,NAGREEKCAP,0.9267
2026-09-10,15:29,NAM-INDIA,1.7342
2026-09-10,15:29,NATHBIOGEN,0.5538
2026-09-10,15:29,NATIONSTD,1.3024
2026-09-10,15:29,NAVINIFTY,3.3114
2026-09-10,15:29,NAVNETEDUL,0.5433
2026-09-10,15:29,NBCC,0.4067
2026-09-10,15:29,NBIFIN,0.853
2026-09-10,15:29,NDLVENTURE,1.4195
2026-09-10,15:29,NEOGEN,5.9285
2026-09-10,15:29,NEPHROPLUS,1.8815
2026-09-10,15:29,NETF,0.3401
2026-09-10,15:29,NETWEB,2.3477
2026-09-10,15:29,NEUEON,1.2605
2026-09-10,15:29,NEULANDLAB,2.6083
2026-09-10,15:29,NEXT50ADD,1.5253
2026-09-10,15:29,NEXTMEDIA,0.2577
2026-09-10,15:29,NH,1.0103
2026-09-10,15:29,NIFTY,0.1976
2026-09-10,15:29,NIFTY100,0.0761
2026-09-10,15:29,NIFTY100LIQ15,0.2945
2026-09-10,15:29,NIFTY50ADD,0.6316
2026-09-10,15:29,NIFTY50EQLWGT,0.1012
2026-09-10,15:29,NIFTY50PR2XLEV,0.3826
2026-09-10,15:29,NIFTY50TR2XLEV,0.3825
2026-09-10,15:29,NIFTY50VALUE20,0.1658
2026-09-10,15:29,NIFTYCPSE,0.5439
2026-09-10,15:29,NIFTYFINSERVICE,0.5655
2026-09-10,15:29,NIFTYFINSRV2550,0.5297
2026-09-10,15:29,NIFTYMEDIA,0.547
2026-09-10,15:29,NIFTYPSUBANK,0.3901
2026-09-10,15:29,NIFTYPVTBANK,0.3366
2026-09-10,15:29,NIFTYSERVSECTOR,0.4014
2026-09-10,15:29,NIFTYSML250MQ100,0.238
2026-09-10,15:29,NIFTYTOP10EW,0.2925
2026-09-10,15:29,NIITMTS,1.3993
2026-09-10,15:29,NILKAMAL,1.0065
2026-09-10,15:29,NIMBSPROJ,1.1037
2026-09-10,15:29,NITCO,2.918
2026-09-10,15:29,NITIRAJ,0.7409
2026-09-10,15:29,NOCIL,3.7338
2026-09-10,15:29,NORTHARC,0.2594
2026-09-10,15:29,NOVARTIND,11.0593
2026-09-10,15:29,NPST,2.2612
2026-09-10,15:29,NRBBEARING,6.4802
2026-09-10,15:29,NRL,4.1235
2026-09-10,15:29,NTPC,0.1495
2026-09-10,15:29,NURECA,2.8593
2026-09-10,15:29,OFSS,0.8169
2026-09-10,15:29,OIL,0.2706
2026-09-10,15:29,OLAELEC,4.9317
2026-09-10,15:29,OMAXAUTO,0.3698
2026-09-10,15:29,OMAXE,0.8734
2026-09-10,15:29,OMNI,5.3779
2026-09-10,15:29,ONEGLOBAL,1.0363
2026-09-10,15:29,ONESOURCE,0.7712
2026-09-10,15:29,ONGC,1.3888
2026-09-10,15:29,ONIXSOLAR,0.9005
2026-09-10,15:29,ONWARDTEC,1.0149
2026-09-10,15:29,OPTIEMUS,2.8969
2026-09-10,15:29,OPTIFIN,2.6056
2026-09-10,15:29,ORBTEXP,1.7167
2026-09-10,15:29,ORCHASP,1.4085
2026-09-10,15:29,ORIENTPPR,0.725
2026-09-10,15:29,ORIENTTECH,2.4864
2026-09-10,15:29,ORTINGLOBE,4.9581
2026-09-10,15:29,OSWALPUMPS,0.3006
2026-09-10,15:29,OSWALSEEDS,12.7676
2026-09-10,15:29,PAGEIND,1.003
2026-09-10,15:29,PAISALO,3.9164
2026-09-10,15:29,PALREDTEC,4.9852
2026-09-10,15:29,PANORAMA,11.27
2026-09-10,15:29,PANSARI,4.1963
2026-09-10,15:29,PAR,4.9937
2026-09-10,15:29,PARAGMILK,4.4361
2026-09-10,15:29,PARSVNATH,1.8072
2026-09-10,15:29,PDMJEPAPER,2.0984
2026-09-10,15:29,PDSL,0.7232
2026-09-10,15:29,PERMAGN,3.1068
2026-09-10,15:29,PERSISTENT,1.67
2026-09-10,15:29,PETRONET,0.9794
2026-09-10,15:29,PFC,0.3984
2026-09-10,15:29,PFS,0.9555
2026-09-10,15:29,PGIL,4.412
2026-09-10,15:29,PHOENIXLTD,0.2493
2026-09-10,15:29,PICCADIL,0.1167
2026-09-10,15:29,PILANIINVS,3.0658
2026-09-10,15:29,PILITA,0.3822
2026-09-10,15:29,PIONRINV,4.0819
2026-09-10,15:29,PLASTIBLEN,2.5621
2026-09-10,15:29,PLAZACABLE,1.3907
2026-09-10,15:29,PNB,1.0726
2026-09-10,15:29,PNBGILTS,1.1326
2026-09-10,15:29,PNBHOUSING,3.2399
2026-09-10,15:29,PODDARMENT,1.1999
2026-09-10,15:29,POKARNA,0.1411
2026-09-10,15:29,POLYMED,1.3747
2026-09-10,15:29,POONAWALLA,0.1783
2026-09-10,15:29,POWERGRID,2.2193
2026-09-10,15:29,POWERICA,5.255
2026-09-10,15:29,PPL,1.165
2026-09-10,15:29,PRABHA,0.4055
2026-09-10,15:29,PRAVEG,1.0235
2026-09-10,15:29,PRECOT,1.6057
2026-09-10,15:29,PRESTIGE,0.2077
2026-09-10,15:29,PRIMO,2.0216
2026-09-10,15:29,PRISMX,3.5088
2026-09-10,15:29,PRITI,1.7628
2026-09-10,15:29,PROZONER,4.8516
2026-09-10,15:29,PRSMJOHNSN,2.4633
2026-09-10,15:29,PRUDENT,0.4936
2026-09-10,15:29,PRUDMOULI,0.4785
2026-09-10,15:29,PSUBANK,0.0834
2026-09-10,15:29,PTC,0.3723
2026-09-10,15:29,PTL,0.3681
2026-09-10,15:29,PVP,2.4171
2026-09-10,15:29,PVRINOX,4.456
2026-09-10,15:29,PWL,1.0848
2026-09-10,15:29,PYRAMID,2.7108
2026-09-10,15:29,QGOLDHALF,0.3333
2026-09-10,15:29,RADICO,1.0421
2026-09-10,15:29,RAINBOW,0.6202
2026-09-10,15:29,RAJESHEXPO,0.3795
2026-09-10,15:29,RAMAPHO,0.4063
2026-09-10,15:29,RAMCOCEM,0.3345
2026-09-10,15:29,RAMCOSYS,2.3295
2026-09-10,15:29,RAMRAT,1.7825
2026-09-10,15:29,RANASUG,0.3378
2026-09-10,15:29,RANEHOLDIN,1.0911
2026-09-10,15:29,RATEGAIN,2.9772
2026-09-10,15:29,RATNAVEER,3.5679
2026-09-10,15:29,RAYMOND,5.6157
2026-09-10,15:29,RAYMONDLSL,2.5654
2026-09-10,15:29,RBZJEWEL,2.9205
2026-09-10,15:29,RCOM,4.3011
2026-09-10,15:29,REDINGTON,3.69
2026-09-10,15:29,REGENCERAM,1.5779
2026-09-10,15:29,RELAXO,0.2453
2026-09-10,15:29,RELCNX100,1.3773
2026-09-10,15:29,RELIGARE,0.8299
2026-09-10,15:29,RELTD,2.0666
2026-09-10,15:29,RENUKA,1.9302
2026-09-10,15:29,REPL,1.2812
2026-09-10,15:29,RGL,6.3116
2026-09-10,15:29,RHIM,0.4776
2026-09-10,15:29,RKDL,0.6041
2026-09-10,15:29,RKFORGE,0.8811
2026-09-10,15:29,RML,3.2691
2026-09-10,15:29,RNBDENIMS,1.241
2026-09-10,15:29,ROHLTD,0.8039
2026-09-10,15:29,ROSSTECH,1.0807
2026-09-10,15:29,RPEL,4.3512
2026-09-10,15:29,RPPINFRA,1.6613
2026-09-10,15:29,RPTECH,1.4913
2026-09-10,15:29,RRKABEL,0.7108
2026-09-10,15:29,RUBFILA,0.2946
2026-09-10,15:29,RUCHINFRA,1.4286
2026-09-10,15:29,RUCHIRA,0.674
2026-09-10,15:29,RUDRA,0.1001
2026-09-10,15:29,S&SPOWER,0.1608
2026-09-10,15:29,SABEVENTS,4.9051
2026-09-10,15:29,SADHNANIQ,1.7794
2026-09-10,15:29,SAGARDEEP,1.4346
2026-09-10,15:29,SAHYADRI,1.6709
2026-09-10,15:29,SAICAPI,7.7254
2026-09-10,15:29,SAMBHAAV,0.692
2026-09-10,15:29,SAMBHV,1.5869
2026-09-10,15:29,SAMHI,5.0974
2026-09-10,15:29,SAMPANN,0.5002
2026-09-10,15:29,SANATHAN,0.5725
2026-09-10,15:29,SANDHAR,0.36
2026-09-10,15:29,SANGINITA,1.9959
2026-09-10,15:29,SANOFICONR,0.9902
2026-09-10,15:29,SAREGAMA,0.919
2026-09-10,15:29,SARVESHWAR,5.5556
2026-09-10,15:29,SATIA,3.0973
2026-09-10,15:29,SATIN,1.0843
2026-09-10,15:29,SAYAJIHOTL,7.5575
2026-09-10,15:29,SBILIFE,0.9857
2026-09-10,15:29,SBIN,0.9195
2026-09-10,15:29,SBISILVER,0.5308
2026-09-10,15:29,SCANSTL,2.6634
2026-09-10,15:29,SCHAEFFLER,0.1627
2026-09-10,15:29,SCHAND,0.3037
2026-09-10,15:29,SCHNEIDER,0.0921
2026-09-10,15:29,SCILAL,0.0781
2026-09-10,15:29,SECMARK,5.4358
2026-09-10,15:29,SEDEMAC,2.2909
2026-09-10,15:29,SEJALLTD,4.0892
2026-09-10,15:29,SEKURITIND,0.6535
2026-09-10,15:29,SELMC,1.5272
2026-09-10,15:29,SENSEXBETA,0.7439
2026-09-10,15:29,SESHAPAPER,1.346
2026-09-10,15:29,SETF10GILT,0.1136
2026-09-10,15:29,SETFGOLD,0.3312
2026-09-10,15:29,SETL,4.9918
2026-09-10,15:29,SETUINFRA,4.6875
2026-09-10,15:29,SFL,1.5939
2026-09-10,15:29,SGIL,0.2414
2026-09-10,15:29,SHADOWFAX,1.5526
2026-09-10,15:29,SHAH,0.8547
2026-09-10,15:29,SHAKTIPUMP,7.5673
2026-09-10,15:29,SHALPAINTS,1.8841
2026-09-10,15:29,SHANKARA,0.0809
2026-09-10,15:29,SHANTIGEAR,2.5009
2026-09-10,15:29,SHARDAMOTR,4.0636
2026-09-10,15:29,SHARDUL,1.5723
2026-09-10,15:29,SHAREINDIA,3.6208
2026-09-10,15:29,SHBAJRG,0.3208
2026-09-10,15:29,SHEKHAWATI,4.9488
2026-09-10,15:29,SHERVANI,0.2094
2026-09-10,15:29,SHILCTECH,1.6972
2026-09-10,15:29,SHILGRAVQ,11.0745
2026-09-10,15:29,SHINDL,0.7589
2026-09-10,15:29,SHIVACEM,0.944
2026-09-10,15:29,SHIVATEX,1.4379
2026-09-10,15:29,SHRADHA,1.1349
2026-09-10,15:29,SHREERAMA,1.9556
2026-09-10,15:29,SHREYANIND,1.865
2026-09-10,15:29,SHRIKRISH,3.4301
2026-09-10,15:29,SHRIRAMFIN,0.8746
2026-09-10,15:29,SHRIRAMPPS,0.1517
2026-09-10,15:29,SHYAMMETL,1.1549
2026-09-10,15:29,SHYAMTEL,0.6124
2026-09-10,15:29,SIEMENS,0.1342
2026-09-10,15:29,SIGACHI,6.4928
2026-09-10,15:29,SIGIND,0.8508
2026-09-10,15:29,SIGMAADV,4.9993
2026-09-10,15:29,SIKA,3.1659
2026-09-10,15:29,SILGO,0.9143
2026-09-10,15:29,SILVER,0.4474
2026-09-10,15:29,SILVER1,0.4423
2026-09-10,15:29,SILVER360,0.5588
2026-09-10,15:29,SILVERADD,0.5798
2026-09-10,15:29,SILVERAG,0.6313
2026-09-10,15:29,SILVERAXIS,0.5234
2026-09-10,15:29,SILVERBEES,0.4223
2026-09-10,15:29,SILVERBETA,0.4854
2026-09-10,15:29,SILVERBND,0.3131
2026-09-10,15:29,SILVERCASE,0.5085
2026-09-10,15:29,SILVERIETF,0.4907
2026-09-10,15:29,SIMPLXREA,0.2042
2026-09-10,15:29,SIRCA,0.2206
2026-09-10,15:29,SIYSIL,3.12
2026-09-10,15:29,SJS,2.0652
2026-09-10,15:29,SJVN,0.4785
2026-09-10,15:29,SKIL,4.8193
2026-09-10,15:29,SMALLCAP,0.1824
2026-09-10,15:29,SMARTLINK,4.8217
2026-09-10,15:29,SMCGLOBAL,2.0374
2026-09-10,15:29,SMSPHARMA,2.492
2026-09-10,15:29,SOBHA,0.5043
2026-09-10,15:29,SOLARA,2.4258
2026-09-10,15:29,SOMANYCERA,1.1201
2026-09-10,15:29,SOMATEX,0.5116
2026-09-10,15:29,SOMICONVEY,2.0799
2026-09-10,15:29,SONACOMS,0.5003
2026-09-10,15:29,SONAL,1.6934
2026-09-10,15:29,SOTL,1.0876
2026-09-10,15:29,SPAL,1.6988
2026-09-10,15:29,SPECIALITY,4.9064
2026-09-10,15:29,SPECTRUM,4.9971
2026-09-10,15:29,SPLPETRO,1.7946
2026-09-10,15:29,SREEL,7.3302
2026-09-10,15:29,SRPL,3.0303
2026-09-10,15:29,SRTL,0.9995
2026-09-10,15:29,SSDL,19.9858
2026-09-10,15:29,SSWL,0.5788
2026-09-10,15:29,STALLION,4.8612
2026-09-10,15:29,STAR,1.7814
2026-09-10,15:29,STARCEMENT,1.2271
2026-09-10,15:29,STARHEALTH,0.7518
2026-09-10,15:29,STARPAPER,6.7035
2026-09-10,15:29,STEELCITY,8.7189
2026-09-10,15:29,STEELXIND,1.4167
2026-09-10,15:29,STLNETWORK,5
2026-09-10,15:29,STOVEKRAFT,0.0894
2026-09-10,15:29,STUDDS,0.9165
2026-09-10,15:29,SUBEXLTD,5.1064
2026-09-10,15:29,SUDARCOLOR,0.092
2026-09-10,15:29,SUDARSCHEM,0.6734
2026-09-10,15:29,SUMMITSEC,1.8983
2026-09-10,15:29,SUNCLAY,0.7154
2026-09-10,15:29,SUNDRMFAST,3.0097
2026-09-10,15:29,SUNDROP,0.1572
2026-09-10,15:29,SUNFLAG,4.2402
2026-09-10,15:29,SUNRAKSHAK,0.7647
2026-09-10,15:29,SUNSHIEL,0.5223
2026-09-10,15:29,SUNTV,1.3911
2026-09-10,15:29,SUPERSPIN,4.9929
2026-09-10,15:29,SUPRAJIT,3.059
2026-09-10,15:29,SUPREMEENG,1.8692
2026-09-10,15:29,SUPREMEINF,3.7293
2026-09-10,15:29,SUPRIYA,0.6638
2026-09-10,15:29,SURAJEST,4.1728
2026-09-10,15:29,SUVEN,0.8951
2026-09-10,15:29,SVLL,0.3289
2026-09-10,15:29,SWANCORP,7.3834
2026-09-10,15:29,SWANDEF,3.0296
2026-09-10,15:29,SWARNSAR,2.0353
2026-09-10,15:29,SWISSMLTRY,0.3305
2026-09-10,15:29,SWSOLAR,0.3406
2026-09-10,15:29,SYSTMTXC,1.9937
2026-09-10,15:29,TAALTECH,6.3869
2026-09-10,15:29,TAINWALCHM,0.4352
2026-09-10,15:29,TAJGVK,3.1462
2026-09-10,15:29,TAKE,4.9406
2026-09-10,15:29,TAMBOLIIN,4.9877
2026-09-10,15:29,TARACHAND,0.4038
2026-09-10,15:29,TARMAT,1.591
2026-09-10,15:29,TASTYBITE,3.8375
2026-09-10,15:29,TATACHEM,1.2437
2026-09-10,15:29,TATAELXSI,0.7685
2026-09-10,15:29,TATAGOLD,0.2705
2026-09-10,15:29,TATAINVEST,4.2582
2026-09-10,15:29,TATSILV,0.3982
2026-09-10,15:29,TCC,4.1165
2026-09-10,15:29,TCIFINANCE,0.7333
2026-09-10,15:29,TCPLPACK,0.953
2026-09-10,15:29,TDPOWERSYS,1.0131
2026-09-10,15:29,TECHM,1.1804
2026-09-10,15:29,TECHNOCRAF,7.4328
2026-09-10,15:29,TEGA,2.58
2026-09-10,15:29,TENNIND,0.164
2026-09-10,15:29,TERAI,2.0598
2026-09-10,15:29,TEXRAIL,2.2664
2026-09-10,15:29,TFCILTD,1.0445
2026-09-10,15:29,TFL,1.594
2026-09-10,15:29,TGBHOTELS,0.4073
2026-09-10,15:29,TGVSL,0.4957
2026-09-10,15:29,THACKER,2.7532
2026-09-10,15:29,THAKDEV,0.3538
2026-09-10,15:29,THEJO,2.1999
2026-09-10,15:29,THELEELA,4.2713
2026-09-10,15:29,THERMAX,0.1869
2026-09-10,15:29,TI,0.9135
2026-09-10,15:29,TIGERLOGS,1.3523
2026-09-10,15:29,TIMEX,0.6016
2026-09-10,15:29,TIMKEN,3.9012
2026-09-10,15:29,TIPSFILMS,0.2296
2026-09-10,15:29,TIPSMUSIC,1.1678
2026-09-10,15:29,TIRUPATIFL,1.7174
2026-09-10,15:29,TITAN,0.3197
2026-09-10,15:29,TMB,0.1518
2026-09-10,15:29,TNIDETF,0.1922
2026-09-10,15:29,TNTELE,0.5624
2026-09-10,15:29,TOKYOPLAST,2.8935
2026-09-10,15:29,TOTAL,2.299
2026-09-10,15:29,TOUCHWOOD,0.2623
2026-09-10,15:29,TPLPLASTEH,0.2499
2026-09-10,15:29,TREEHOUSE,0.1683
2026-09-10,15:29,TRU,2.3924
2026-09-10,15:29,TSFINV,4.3154
2026-09-10,15:29,TUTIALKA,0.1713
2026-09-10,15:29,TVSHLTD,0.1143
2026-09-10,15:29,TVSSCS,3.2732
2026-09-10,15:29,TVSSRICHAK,1.035
2026-09-10,15:29,TWCGOLDETF,0.3366
2026-09-10,15:29,UDAYJEW,0.3265
2026-09-10,15:29,UDS,3.2061
2026-09-10,15:29,UFBL,1.2571
2026-09-10,15:29,UJJIVANSFB,3.743
2026-09-10,15:29,ULTRACEMCO,0.7248
2026-09-10,15:29,ULTRAMAR,1.3684
2026-09-10,15:29,UNIINFO,0.1778
2026-09-10,15:29,UNIONGOLD,0.2349
2026-09-10,15:29,UNITECH,7.6531
2026-09-10,15:29,UNITEDPOLY,0.3261
2026-09-10,15:29,UNIVCABLES,0.8616
2026-09-10,15:29,UPHOT,2
2026-09-10,15:29,UTIAMC,2.2811
2026-09-10,15:29,VAIBHAVGBL,0.7981
2026-09-10,15:29,VAISHALI,5.2825
2026-09-10,15:29,VALIANTLAB,4.1475
2026-09-10,15:29,VALIANTORG,4.993
2026-09-10,15:29,VARDHACRLC,0.5225
2026-09-10,15:29,VARDMNPOLY,0.5076
2026-09-10,15:29,VARROC,5.361
2026-09-10,15:29,VASCONEQ,1.5151
2026-09-10,15:29,VASWANI,1.4426
2026-09-10,15:29,VBL,0.86
2026-09-10,15:29,VCL,4.8485
2026-09-10,15:29,VEDAVAAG,19.9892
2026-09-10,15:29,VELJAN,1.8141
2026-09-10,15:29,VENKEYS,0.7081
2026-09-10,15:29,VENUSPIPES,0.9844
2026-09-10,15:29,VERTOZ,3.4646
2026-09-10,15:29,VETO,2.022
2026-09-10,15:29,VGCL,2.3824
2026-09-10,15:29,VGL,5.4957
2026-09-10,15:29,VGUARD,0.5505
2026-09-10,15:29,VHLTD,0.2685
2026-09-10,15:29,VIDYAWIRES,0.5013
2026-09-10,15:29,VIMTALABS,1.0825
2026-09-10,15:29,VISHNU,2.0802
2026-09-10,15:29,VITAL,0.9016
2026-09-10,15:29,VMM,0.2132
2026-09-10,15:29,VOGL,0.2757
2026-09-10,15:29,VOLTAS,1.2852
2026-09-10,15:29,VPRPL,5.7249
2026-09-10,15:29,VRAJ,1.4538
2026-09-10,15:29,VRLLOG,0.1561
2026-09-10,15:29,VSSL,8.0634
2026-09-10,15:29,VSTTILLERS,0.1718
2026-09-10,15:29,WABAG,3.7965
2026-09-10,15:29,WARDINMOBI,0.8726
2026-09-10,15:29,WCIL,0.3328
2026-09-10,15:29,WEL,1.8531
2026-09-10,15:29,WELCORP,6.4558
2026-09-10,15:29,WELENT,1.9289
2026-09-10,15:29,WELINV,0.2565
2026-09-10,15:29,WELSPUNLIV,0.1046
2026-09-10,15:29,WENDT,5.3338
2026-09-10,15:29,WESTLIFE,0.0801
2026-09-10,15:29,WEWIN,2.2354
2026-09-10,15:29,WEWORK,0.3335
2026-09-10,15:29,WHIRLPOOL,0.0818
2026-09-10,15:29,WILLAMAGOR,1.9567
2026-09-10,15:29,WINSOME,1.6194
2026-09-10,15:29,WONDERLA,0.3771
2026-09-10,15:29,WPIL,3.8457
2026-09-10,15:29,WSTCSTPAPR,6.3741
2026-09-10,15:29,XCHANGING,0.5373
2026-09-10,15:29,YUKEN,1.6859
2026-09-10,15:29,ZAGGLE,3.88
2026-09-10,15:29,ZFCVINDIA,2.3685
2026-09-10,15:29,ZFSTEERING,9.3155
2026-09-10,15:29,ZIMLAB,2.3097
2026-09-10,15:29,ZSARACOM,1.7088
2026-09-10,15:29,ZYDUSWELL,2.1833
2026-09-11,15:29,3IINFOLTD,2.0089
2026-09-11,15:29,63MOONS,2.5441
2026-09-11,15:29,A2ZINFRA,2.748
2026-09-11,15:29,AAREYDRUGS,3.3225
2026-09-11,15:29,AARTIPHARM,0.1453
2026-09-11,15:29,AARTISURF,1.158
2026-09-11,15:29,ABANSENT,1.1159
2026-09-11,15:29,ABBOTINDIA,1.1481
2026-09-11,15:29,ABDL,3.4426
2026-09-11,15:29,ABINFRA,0.2652
2026-09-11,15:29,ABSL10BANK,1.4182
2026-09-11,15:29,ABSLAMC,1.966
2026-09-11,15:29,ABSLBANETF,0.4328
2026-09-11,15:29,ACE,0.6957
2026-09-11,15:29,ACGL,1.7725
2026-09-11,15:29,ACMESOLAR,1.2712
2026-09-11,15:29,ACSTECH,0.7432
2026-09-11,15:29,ADDIND,3.5414
2026-09-11,15:29,ADL,0.3788
2026-09-11,15:29,ADROITINFO,1.38
2026-09-11,15:29,ADSL,1.6947
2026-09-11,15:29,ADVAIT,0.3596
2026-09-11,15:29,ADVANIHOTR,1.5486
2026-09-11,15:29,AEGISLOG,3.5179
2026-09-11,15:29,AEGISVOPAK,1.1136
2026-09-11,15:29,AEROENTER,1.5406
2026-09-11,15:29,AETHER,2.0972
2026-09-11,15:29,AGRITECH,0.7671
2026-09-11,15:29,AGROPHOS,0.5563
2026-09-11,15:29,AHCL,11.5735
2026-09-11,15:29,AHLUCONT,1.4689
2026-09-11,15:29,AIIL,6.2561
2026-09-11,15:29,AIRAN,0.5282
2026-09-11,15:29,AJANTPHARM,0.3807
2026-09-11,15:29,AJAXENGG,0.1866
2026-09-11,15:29,AKCAPIT,0.3466
2026-09-11,15:29,AKSHARCHEM,3.6602
2026-09-11,15:29,AKUMS,3.5617
2026-09-11,15:29,ALGOQUANT,1.0479
2026-09-11,15:29,ALLTIME,5.2293
2026-09-11,15:29,AMAGI,1.1013
2026-09-11,15:29,AMDIND,14.2577
2026-09-11,15:29,AMJLAND,0.6263
2026-09-11,15:29,ANANDRATHI,0.3859
2026-09-11,15:29,ANDHRAPAP,1.0747
2026-09-11,15:29,ANGELONE,2.59
2026-09-11,15:29,ANIKINDS,0.6082
2026-09-11,15:29,ANKITMETAL,1.2579
2026-09-11,15:29,ANMOL,9.9739
2026-09-11,15:29,ANNAPURNA,2.1625
2026-09-11,15:29,ANSALBU,1.3597
2026-09-11,15:29,ANTELOPUS,1.3566
2026-09-11,15:29,ANTGRAPHIC,4.1667
2026-09-11,15:29,ANUHPHR,4.0018
2026-09-11,15:29,AONENIFTY,0.3099
2026-09-11,15:29,APARINDS,0.9111
2026-09-11,15:29,APOLLO,2.1902
2026-09-11,15:29,APOORVA,4.0286
2026-09-11,15:29,APTECHT,0.8115
2026-09-11,15:29,ARCHIDPLY,1.4527
2026-09-11,15:29,ARCL,5
2026-09-11,15:29,ARENTERP,2.2699
2026-09-11,15:29,ARIES,1.4938
2026-09-11,15:29,ARIHANT,0.4981
2026-09-11,15:29,ARIHANTCAP,3.3085
2026-09-11,15:29,ARROWGREEN,2.6904
2026-09-11,15:29,ARSHIYA,2.7027
2026-09-11,15:29,ARTNIRMAN,0.1254
2026-09-11,15:29,ARVIND,0.9301
2026-09-11,15:29,ARVSMART,0.1675
2026-09-11,15:29,ARYAMAN,1.6
2026-09-11,15:29,ASAHIINDIA,0.9834
2026-09-11,15:29,ASHAPURMIN,0.1568
2026-09-11,15:29,ASHIKA,0.6301
2026-09-11,15:29,ASHIKAG,1.009
2026-09-11,15:29,ASHOKA,0.2907
2026-09-11,15:29,ASHOKAMET,19.9442
2026-09-11,15:29,ASIANENE,0.2154
2026-09-11,15:29,ASIANTNE,0.2167
2026-09-11,15:29,ASKAUTOLTD,0.3454
2026-09-11,15:29,ASPINWALL,4.1375
2026-09-11,15:29,ASSAMENT,4.6772
2026-09-11,15:29,ATAM,3.1285
2026-09-11,15:29,ATL,2.3161
2026-09-11,15:29,AUBANK,0.3982
2026-09-11,15:29,AURIONPRO,1.4453
2026-09-11,15:29,AUROPHARMA,0.6833
2026-09-11,15:29,AURUM,1.6517
2026-09-11,15:29,AURUS,1.875
2026-09-11,15:29,AUSTENG,6.494
2026-09-11,15:29,AUTOAXLES,1.2124
2026-09-11,15:29,AUTOIETF,0.1051
2026-09-11,15:29,AVALON,1.6839
2026-09-11,15:29,AVL,2.1374
2026-09-11,15:29,AWFIS,17.468
2026-09-11,15:29,AXISNIFTY,0.6569
2026-09-11,15:29,AXTEL,3.5521
2026-09-11,15:29,AYE,0.7636
2026-09-11,15:29,AZAD,2.7258
2026-09-11,15:29,AZADIND,0.3917
2026-09-11,15:29,BAIDFIN,1.1925
2026-09-11,15:29,BAJAJHCARE,0.225
2026-09-11,15:29,BAJAJHLDNG,1.2918
2026-09-11,15:29,BAJAJINDEF,3.4113
2026-09-11,15:29,BAJAJST,0.8411
2026-09-11,15:29,BAJEL,1.3922
2026-09-11,15:29,BALAXI,0.6454
2026-09-11,15:29,BALPHARMA,1.1393
2026-09-11,15:29,BANDHANBNK,1.4483
2026-09-11,15:29,BANG,1.7676
2026-09-11,15:29,BANK10ADD,1.2774
2026-09-11,15:29,BANKA,4.9403
2026-09-11,15:29,BANKADD,0.7108
2026-09-11,15:29,BANKBARODA,0.2146
2026-09-11,15:29,BANKBEES,0.485
2026-09-11,15:29,BANKBETA,0.5833
2026-09-11,15:29,BANKBETF,0.5235
2026-09-11,15:29,BANKETF,0.4155
2026-09-11,15:29,BANKIETF,0.4666
2026-09-11,15:29,BANKNIFTY,0.2384
2026-09-11,15:29,BANKNIFTY1,0.4105
2026-09-11,15:29,BATLIBOI,0.3739
2026-09-11,15:29,BBETF0432,0.2919
2026-09-11,15:29,BBL,0.6857
2026-09-11,15:29,BBOX,7.5116
2026-09-11,15:29,BCONCEPTS,1.3333
2026-09-11,15:29,BEARDSELL,1.148
2026-09-11,15:29,BENARAS,3.2507
2026-09-11,15:29,BENGALASM,1.0402
2026-09-11,15:29,BETA,1.5677
2026-09-11,15:29,BFSI,0.1889
2026-09-11,15:29,BFUTILITIE,0.8173
2026-09-11,15:29,BGLOBAL,1.2658
2026-09-11,15:29,BHAGCHEM,0.213
2026-09-11,15:29,BHAGERIA,4.6024
2026-09-11,15:29,BHARATBOND-APR33,0.155
2026-09-11,15:29,BHARATSE,0.1797
2026-09-11,15:29,BHARTIHEXA,0.3768
2026-09-11,15:29,BHEL,0.3492
2026-09-11,15:29,BI,3.4398
2026-09-11,15:29,BIGBLOC,0.5423
2026-09-11,15:29,BIRLACABLE,4.7244
2026-09-11,15:29,BIRLANU,0.9619
2026-09-11,15:29,BIRLAPREC,3.5919
2026-09-11,15:29,BLACKBUCK,7.2111
2026-09-11,15:29,BLAL,0.1489
2026-09-11,15:29,BLBLIMITED,0.9387
2026-09-11,15:29,BLEL,0.1245
2026-09-11,15:29,BLISSGVS,2.9267
2026-09-11,15:29,BLUECOAST,1.6033
2026-09-11,15:29,BLUESTARCO,2.9062
2026-09-11,15:29,BLUESTONE,4.1162
2026-09-11,15:29,BNALTD,2.718
2026-09-11,15:29,BNKETFAXIS,0.4607
2026-09-11,15:29,BODALCHEM,3.7866
2026-09-11,15:29,BOHRAIND,1.8209
2026-09-11,15:29,BOSCH-HCIL,0.8344
2026-09-11,15:29,BPCL,0.495
2026-09-11,15:29,BRIGHOTEL,0.2661
2026-09-11,15:29,BRNL,0.4805
2026-09-11,15:29,BROOKS,2.8818
2026-09-11,15:29,BSE,2.3593
2026-09-11,15:29,BSLNIFTY,0.1818
2026-09-11,15:29,BSLSENETFG,2.1978
2026-09-11,15:29,BSOFT,2.1211
2026-09-11,15:29,CALSOFT,4.9865
2026-09-11,15:29,CAMPUS,0.3182
2026-09-11,15:29,CAPILLARY,0.4458
2026-09-11,15:29,CARTRADE,1.7531
2026-09-11,15:29,CCAVENUE,6.0547
2026-09-11,15:29,CDSL,0.369
2026-09-11,15:29,CEIGALL,0.3429
2026-09-11,15:29,CEINSYS,3.2117
2026-09-11,15:29,CELEBRITY,1.9345
2026-09-11,15:29,CEMNTGROWW,0.2092
2026-09-11,15:29,CENTRUM,1.9626
2026-09-11,15:29,CEWATER,1.7149
2026-09-11,15:29,CFEL,9.7507
2026-09-11,15:29,CHALET,0.1942
2026-09-11,15:29,CHAMBLFERT,0.2513
2026-09-11,15:29,CHEMBONDCH,4.985
2026-09-11,15:29,CHEMCON,1.6947
2026-09-11,15:29,CHEVIOT,0.9951
2026-09-11,15:29,CINELINE,2.9173
2026-09-11,15:29,CLCIND,3.0539
2026-09-11,15:29,CLEANMAX,2.2873
2026-09-11,15:29,CMLL,0.7116
2026-09-11,15:29,CNL,2.8169
2026-09-11,15:29,CNXIT,0.1059
2026-09-11,15:29,COCKERILL,2.2724
2026-09-11,15:29,COFORGE,0.731
2026-09-11,15:29,COMPEAU,0.5556
2026-09-11,15:29,COMPINFO,1.8519
2026-09-11,15:29,CONCORDBIO,3.6412
2026-09-11,15:29,CONFIPET,1.571
2026-09-11,15:29,CONTROLPR,2.7489
2026-09-11,15:29,CORDELIA,3.1159
2026-09-11,15:29,CORDSCABLE,2.8367
2026-09-11,15:29,CORONA,1.604
2026-09-11,15:29,COUNCODOS,0.3135
2026-09-11,15:29,CPCAP,0.4387
2026-09-11,15:29,CRAVATEX,1.7751
2026-09-11,15:29,CREDITACC,1.4966
2026-09-11,15:29,CRESTO,5.6215
2026-09-11,15:29,CRIZAC,3.8842
2026-09-11,15:29,CROMPTON,0.4348
2026-09-11,15:29,CRSL,1.1673
2026-09-11,15:29,CUB,0.3842
2026-09-11,15:29,CUPID,0.9191
2026-09-11,15:29,CURAA,4.9157
2026-09-11,15:29,CYBERMEDIA,1.4305
2026-09-11,15:29,DATAPATTNS,1.0885
2026-09-11,15:29,DAVANGERE,9.9476
2026-09-11,15:29,DBCORP,0.5905
2026-09-11,15:29,DCMNVL,2.0377
2026-09-11,15:29,DDEVPLSTIK,0.3125
2026-09-11,15:29,DECCANCE,0.3411
2026-09-11,15:29,DECNGOLD,1.7044
2026-09-11,15:29,DEEP,12.4451
2026-09-11,15:29,DENTA,0.1044
2026-09-11,15:29,DEVIT,0.8761
2026-09-11,15:29,DEVX,3.2131
2026-09-11,15:29,DEVYANI,1.5082
2026-09-11,15:29,DGCONTENT,0.1245
2026-09-11,15:29,DHANBANK,1.3667
2026-09-11,15:29,DHATRE,4.1063
2026-09-11,15:29,DHUNINV,0.353
2026-09-11,15:29,DIACABS,4.9929
2026-09-11,15:29,DICIND,0.1414
2026-09-11,15:29,DIGISPICE,2.0569
2026-09-11,15:29,DIGITIDE,0.5324
2026-09-11,15:29,DIGJAMLMTD,10.6404
2026-09-11,15:29,DISHTV,4.6025
2026-09-11,15:29,DIVGIITTS,1.4514
2026-09-11,15:29,DJML,0.7829
2026-09-11,15:29,DLINKINDIA,0.1037
2026-09-11,15:29,DNAMEDIA,1.2097
2026-09-11,15:29,DOLLAR,0.6439
2026-09-11,15:29,DPSCLTD,1.2766
2026-09-11,15:29,DRCSYSTEMS,0.4666
2026-09-11,15:29,DREDGECORP,0.8732
2026-09-11,15:29,DRREDDY,1.9685
2026-09-11,15:29,DSKULKARNI,1.9913
2026-09-11,15:29,DSSL,2.6061
2026-09-11,15:29,DUCON-RE1,10.2564
2026-09-11,15:29,DVL,0.3858
2026-09-11,15:29,DYCL,0.176
2026-09-11,15:29,DYNAMATECH,4.7994
2026-09-11,15:29,E2E,0.7344
2026-09-11,15:29,EASEMYTRIP,0.6908
2026-09-11,15:29,EASTSILK,3.4093
2026-09-11,15:29,EASTWEST,0.8547
2026-09-11,15:29,EBANK10,1.2308
2026-09-11,15:29,EBGNG,0.2508
2026-09-11,15:29,EBIX,1.8339
2026-09-11,15:29,ECAPINSURE,0.3007
2026-09-11,15:29,EDUCOMP,1.1111
2026-09-11,15:29,EIFFL,1.9949
2026-09-11,15:29,EIHOTEL,0.4912
2026-09-11,15:29,EIMCOELECO,1.4882
2026-09-11,15:29,ELANTAS,8.3302
2026-09-11,15:29,ELCIDIN,0.4229
2026-09-11,15:29,ELDEHSG,0.2431
2026-09-11,15:29,ELECON,0.3805
2026-09-11,15:29,ELECTHERM,1.4104
2026-09-11,15:29,ELITECON,4.8718
2026-09-11,15:29,ELLEN,1.7938
2026-09-11,15:29,ELMDIV,1.2566
2026-09-11,15:29,EMCURE,0.8203
2026-09-11,15:29,EMKAY,0.6822
2026-09-11,15:29,EMMVEE,0.9777
2026-09-11,15:29,EMPOWER,4.1096
2026-09-11,15:29,ENEXT50,0.1526
2026-09-11,15:29,ENKEIWHEL,1.7338
2026-09-11,15:29,ENTERO,1.255
2026-09-11,15:29,EPACKPEB,0.5899
2026-09-11,15:29,EQUITASBNK,0.716
2026-09-11,15:29,ESABINDIA,1.0302
2026-09-11,15:29,ESDS,9.9987
2026-09-11,15:29,ESSARSHPNG,1.3043
2026-09-11,15:29,ETERNAL,0.4346
2026-09-11,15:29,EUROBOND,0.3067
2026-09-11,15:29,EXCELSOFT,1.1863
2026-09-11,15:29,EXICOM,3.1404
2026-09-11,15:29,EXPLEOSOL,0.6449
2026-09-11,15:29,EXXARO,0.157
2026-09-11,15:29,FAZE3Q,0.6271
2026-09-11,15:29,FCSSOFT,2.1277
2026-09-11,15:29,FEDDERSHOL,0.1859
2026-09-11,15:29,FIBERWEB,0.4448
2026-09-11,15:29,FIEMIND,1.1425
2026-09-11,15:29,FILATEX,14.6361
2026-09-11,15:29,FINCABLES,0.3948
2026-09-11,15:29,FINEORG,0.223
2026-09-11,15:29,FINIETF,0.1236
2026-09-11,15:29,FINKURVE,8.6318
2026-09-11,15:29,FISCHER,2.7794
2026-09-11,15:29,FIVESTAR,3.8443
2026-09-11,15:29,FLEXITUFF,1.9048
2026-09-11,15:29,FLFL,0.8696
2026-09-11,15:29,FMCGADD,0.2643
2026-09-11,15:29,FMGOETZE,3.9342
2026-09-11,15:29,FMNL,3.0601
2026-09-11,15:29,GABRIEL,0.5752
2026-09-11,15:29,GANDHAR,0.516
2026-09-11,15:29,GANESHCP,0.2276
2026-09-11,15:29,GARFIBRES,1.4277
2026-09-11,15:29,GARUDA,1.4557
2026-09-11,15:29,GAUDIUMIVF,2.1603
2026-09-11,15:29,GAYAHWS,1.0526
2026-09-11,15:29,GAYAPROJ,4.9597
2026-09-11,15:29,GENESYS,2.7163
2026-09-11,15:29,GENESYS-RE,13.917
2026-09-11,15:29,GESHIP,0.857
2026-09-11,15:29,GFSTEELS,4.9599
2026-09-11,15:29,GICHSGFIN,0.5289
2026-09-11,15:29,GICL,1.6852
2026-09-11,15:29,GICRE,1.6584
2026-09-11,15:29,GILLANDERS,1.182
2026-09-11,15:29,GKWLIMITED,1.8313
2026-09-11,15:29,GLENMARK,0.1739
2026-09-11,15:29,GLOBAL,2.7112
2026-09-11,15:29,GLOBALE,4.8848
2026-09-11,15:29,GLOBUSSPR,0.2627
2026-09-11,15:29,GLOTTIS,0.5107
2026-09-11,15:29,GMRAIRPORT,0.5336
2026-09-11,15:29,GOCLCORP,2.1633
2026-09-11,15:29,GOCOLORS,1.9783
2026-09-11,15:29,GODIGIT,2.1735
2026-09-11,15:29,GODREJAGRO,0.416
2026-09-11,15:29,GODREJIND,0.401
2026-09-11,15:29,GOKEX,1.4596
2026-09-11,15:29,GOKULAGRO,0.159
2026-09-11,15:29,GOLDENTOBC,4.0408
2026-09-11,15:29,GRANULES,1.1176
2026-09-11,15:29,GRAPHITE,0.1212
2026-09-11,15:29,GRAVISSHO,19.9775
2026-09-11,15:29,GRINFRA,0.6172
2026-09-11,15:29,GROWW,2.2467
2026-09-11,15:29,GROWWNET,1.2004
2026-09-11,15:29,GRWRHITECH,0.239
2026-09-11,15:29,GSEC10ADD,0.6336
2026-09-11,15:29,GSEC5IETF,0.1058
2026-09-11,15:29,GSLSU,3.784
2026-09-11,15:29,GTL,0.5556
2026-09-11,15:29,GUFICBIO,0.5797
2026-09-11,15:29,GUJAPOLLO,2.8816
2026-09-11,15:29,GUJRAFFIA,1.3359
2026-09-11,15:29,GVKPIL,1.81
2026-09-11,15:29,HALDYNGL,2.4757
2026-09-11,15:29,HALEOSLABS,0.8204
2026-09-11,15:29,HARDWYN,0.4386
2026-09-11,15:29,HATHWAY,0.59
2026-09-11,15:29,HATSUN,2.5031
2026-09-11,15:29,HBESD,2.4277
2026-09-11,15:29,HBLENGINE,0.1803
2026-09-11,15:29,HBPOR,1.8506
2026-09-11,15:29,HDFCBANK,2.0827
2026-09-11,15:29,HDFCBSE500,0.2446
2026-09-11,15:29,HDFCGROWTH,0.329
2026-09-11,15:29,HDFCLIFE,0.7317
2026-09-11,15:29,HDFCLOWVOL,0.1502
2026-09-11,15:29,HDFCNIFBAN,0.517
2026-09-11,15:29,HDFCNIFIT,0.5186
2026-09-11,15:29,HDFCPVTBAN,0.721
2026-09-11,15:29,HDFCSENSEX,0.6844
2026-09-11,15:29,HEADSUP,1.3043
2026-09-11,15:29,HEALTHADD,0.1201
2026-09-11,15:29,HEALTHAXIS,0.1725
2026-09-11,15:29,HEALTHCARE,0.1384
2026-09-11,15:29,HEALTHIETF,0.118
2026-09-11,15:29,HEALTHX,0.917
2026-09-11,15:29,HERITGFOOD,4.8612
2026-09-11,15:29,HFCL,0.1586
2026-09-11,15:29,HINDADH,1.0402
2026-09-11,15:29,HINDCON,3.2134
2026-09-11,15:29,HISARMETAL,1.2365
2026-09-11,15:29,HITECHCORP,0.6772
2026-09-11,15:29,HLEGLAS,9.9973
2026-09-11,15:29,HMAAGRO,0.4505
2026-09-11,15:29,HMVL,1.4474
2026-09-11,15:29,HONAUT,1.2592
2026-09-11,15:29,HORIZONIND,0.216
2026-09-11,15:29,HPAL,3.5509
2026-09-11,15:29,HPIL,3.1992
2026-09-11,15:29,HRYNSHP,1.5304
2026-09-11,15:29,HSCL,0.1733
2026-09-11,15:29,HTEL,4.992
2026-09-11,15:29,HTMEDIA,2.4671
2026-09-11,15:29,IBULLSLTD,4.9799
2026-09-11,15:29,ICEMAKE,0.3022
2026-09-11,15:29,ICICIAMC,0.2637
2026-09-11,15:29,ICICIPRULI,0.1062
2026-09-11,15:29,ICIL,0.8647
2026-09-11,15:29,IDBI,2.2176
2026-09-11,15:29,IDEA,0.4698
2026-09-11,15:29,IFBAGRO,1.1031
2026-09-11,15:29,IFBIND,1.317
2026-09-11,15:29,IGARASHI,1.4695
2026-09-11,15:29,IGIL,0.9961
2026-09-11,15:29,IIFLCAPS,0.5188
2026-09-11,15:29,IITL,1.209
2026-09-11,15:29,IMPEXFERRO,1.9685
2026-09-11,15:29,INCREDIBLE,8.3925
2026-09-11,15:29,INDGN,0.1732
2026-09-11,15:29,INDHOTEL,0.3842
2026-09-11,15:29,INDIAMART,3.4988
2026-09-11,15:29,INDIANCARD,1.4759
2026-09-11,15:29,INDIANHUME,0.6948
2026-09-11,15:29,INDIAVIX,4.1525
2026-09-11,15:29,INDIGO,0.5662
2026-09-11,15:29,INDIGOPNTS,1.067
2026-09-11,15:29,INDOBORAX,0.2275
2026-09-11,15:29,INDOCO,3.4494
2026-09-11,15:29,INDOFARM,0.955
2026-09-11,15:29,INDOMIM,1.1574
2026-09-11,15:29,INDORAMA,4.3048
2026-09-11,15:29,INDOWIND,0.1101
2026-09-11,15:29,INDPRUD,0.6198
2026-09-11,15:29,INDSWFTLAB,2.0795
2026-09-11,15:29,INDTERRAIN,0.5927
2026-09-11,15:29,INDUSTOWER,4.3011
2026-09-11,15:29,INFRAIETF,0.6842
2026-09-11,15:29,INFY,0.1158
2026-09-11,15:29,INNOVANA,5.7226
2026-09-11,15:29,INOXWIND,0.6314
2026-09-11,15:29,INTERNET,1.9191
2026-09-11,15:29,INTLCONV,1.4386
2026-09-11,15:29,INVENTURE,1.0989
2026-09-11,15:29,INVPRECQ,1.9952
2026-09-11,15:29,IOB,0.6391
2026-09-11,15:29,IOC,0.126
2026-09-11,15:29,IONEXCHANG,2.3539
2026-09-11,15:29,ISTLTD,0.1815
2026-09-11,15:29,IT,0.2183
2026-09-11,15:29,ITADD,0.523
2026-09-11,15:29,ITAXIS,1.023
2026-09-11,15:29,ITBEES,0.3431
2026-09-11,15:29,ITC,0.2121
2026-09-11,15:29,ITDC,3.9497
2026-09-11,15:29,ITETF,0.589
2026-09-11,15:29,ITIETF,0.5298
2026-09-11,15:29,ITL,0.2579
2026-09-11,15:29,IVZSENSEX,0.4957
2026-09-11,15:29,IWP,0.4085
2026-09-11,15:29,IZMO,0.7332
2026-09-11,15:29,JAGRAN,0.129
2026-09-11,15:29,JAIPURKURT,2.1574
2026-09-11,15:29,JAMNAAUTO,2.7302
2026-09-11,15:29,JAYKAY,0.1393
2026-09-11,15:29,JBMA,2.6562
2026-09-11,15:29,JHS,4.9813
2026-09-11,15:29,JINDALPHOT,0.9285
2026-09-11,15:29,JNPR,2.432
2026-09-11,15:29,JSFB,0.408
2026-09-11,15:29,JSWINFRA,0.2044
2026-09-11,15:29,JTEKTINDIA,0.517
2026-09-11,15:29,JUBLCPL,0.2285
2026-09-11,15:29,KABRAEXTRU,2.2048
2026-09-11,15:29,KAKATCEM,0.1371
2026-09-11,15:29,KALYANIFRG,4.9784
2026-09-11,15:29,KAMANWALA,2.5852
2026-09-11,15:29,KAMOPAINTS,0.9324
2026-09-11,15:29,KANPRPLA,5.1252
2026-09-11,15:29,KAPSTON,0.5556
2026-09-11,15:29,KARMAENG,4.6199
2026-09-11,15:29,KAYNES,0.1715
2026-09-11,15:29,KCP,0.1171
2026-09-11,15:29,KELLTONTEC,1.9245
2026-09-11,15:29,KERNEX,1.322
2026-09-11,15:29,KESORAMIND,1.9525
2026-09-11,15:29,KFINTECH,0.1112
2026-09-11,15:29,KHAICHEM,2.5626
2026-09-11,15:29,KHAITANLTD,2.1305
2026-09-11,15:29,KHANDSE,0.7661
2026-09-11,15:29,KILITCH,0.508
2026-09-11,15:29,KIRIINDUS,2.7241
2026-09-11,15:29,KIRLOSIND,7.0314
2026-09-11,15:29,KLBRENG-B,2.0004
2026-09-11,15:29,KMCSHIL,0.7421
2026-09-11,15:29,KMSUGAR,1.0299
2026-09-11,15:29,KNRCON,1.6009
2026-09-11,15:29,KOHINOOR,2.2539
2026-09-11,15:29,KOTAKBANK,0.5882
2026-09-11,15:29,KOTYARK,3.4051
2026-09-11,15:29,KPIL,0.2584
2026-09-11,15:29,KPITTECH,0.5082
2026-09-11,15:29,KPL,3.7504
2026-09-11,15:29,KRISHIVAL,0.4305
2026-09-11,15:29,KRITIKA,0.5587
2026-09-11,15:29,KRN,0.568
2026-09-11,15:29,KRONOX,2.3029
2026-09-11,15:29,KROSS,3.2521
2026-09-11,15:29,KSHITIJ-RE,14.2857
2026-09-11,15:29,KSHITIJPOL,1.4577
2026-09-11,15:29,KSR,3.5915
2026-09-11,15:29,KUANTUM,1.2452
2026-09-11,15:29,KUSUMGAR,0.371
2026-09-11,15:29,KWIL,3.6359
2026-09-11,15:29,LADDERUP,19.9903
2026-09-11,15:29,LAKPRE,4.8951
2026-09-11,15:29,LALITHAA,0.2962
2026-09-11,15:29,LAMBODHARA,0.1093
2026-09-11,15:29,LANDMARK,0.7953
2026-09-11,15:29,LATTEYS,1.2541
2026-09-11,15:29,LAURUSLABS,1.2339
2026-09-11,15:29,LAXMIDENTL,0.1382
2026-09-11,15:29,LAXMIINDIA,0.9306
2026-09-11,15:29,LEAPIND,2.3978
2026-09-11,15:29,LEMERITE,1.9314
2026-09-11,15:29,LIBAS,4.7708
2026-09-11,15:29,LICHSGFIN,1.9193
2026-09-11,15:29,LICNETFN50,0.1367
2026-09-11,15:29,LICNMID100,0.4157
2026-09-11,15:29,LIKHITHA,1.5722
2026-09-11,15:29,LLOYDSENGG,2.7436
2026-09-11,15:29,LMW,0.6415
2026-09-11,15:29,LOTUSDEV,0.6687
2026-09-11,15:29,LOTUSEYE,2.0426
2026-09-11,15:29,LOWVOL1,0.2444
2026-09-11,15:29,LPDC,0.3257
2026-09-11,15:29,LUMAXIND,0.3156
2026-09-11,15:29,LUMAXTECH,2.6305
2026-09-11,15:29,LUMINO,0.8153
2026-09-11,15:29,LUPIN,0.8278
2026-09-11,15:29,LXCHEM,2.8893
2026-09-11,15:29,MADHAVIPL,0.5051
2026-09-11,15:29,MAFANG,4.3686
2026-09-11,15:29,MAHSEAMLES,1.384
2026-09-11,15:29,MAKERSL,4.4389
2026-09-11,15:29,MALUPAPER,0.4071
2026-09-11,15:29,MANAKCOAT,3.3449
2026-09-11,15:29,MANAKSIA,0.624
2026-09-11,15:29,MANAKSTEEL,2.5215
2026-09-11,15:29,MANBA,0.753
2026-09-11,15:29,MANCREDIT,0.6039
2026-09-11,15:29,MANGALAM,4.5298
2026-09-11,15:29,MANGLMCEM,0.1266
2026-09-11,15:29,MANKIND,1.8585
2026-09-11,15:29,MANORG,1.6674
2026-09-11,15:29,MANYAVAR,0.9972
2026-09-11,15:29,MARINE,2.5193
2026-09-11,15:29,MARSONS,1.4835
2026-09-11,15:29,MASFIN,0.5094
2026-09-11,15:29,MASTEK,1.0124
2026-09-11,15:29,MATRIMONY,0.8226
2026-09-11,15:29,MAXESTATES,0.1251
2026-09-11,15:29,MEDICAMEQ,5.0569
2026-09-11,15:29,MEDICO,4.6019
2026-09-11,15:29,MEDPLUS,0.3191
2026-09-11,15:29,MEIL,0.6781
2026-09-11,15:29,MENNPIS,2.9316
2026-09-11,15:29,MERCURYEV,0.6008
2026-09-11,15:29,MID150,0.4754
2026-09-11,15:29,MIDSELIETF,0.6616
2026-09-11,15:29,MILKYMIST,4.9995
2026-09-11,15:29,MINDACORP,0.3342
2026-09-11,15:29,MMP,4.9464
2026-09-11,15:29,MOBANK10,0.848
2026-09-11,15:29,MOBIKWIK,7.7152
2026-09-11,15:29,MOCAPITAL,0.6713
2026-09-11,15:29,MODTHREAD,2.5184
2026-09-11,15:29,MOHEALTH,0.6174
2026-09-11,15:29,MOKSH,1.277
2026-09-11,15:29,MOM50,0.5621
2026-09-11,15:29,MOMENTUM,0.8937
2026-09-11,15:29,MOMSBELIEF,2.7355
2026-09-11,15:29,MONARCH,0.8087
2026-09-11,15:29,MONEYBOXX,9.9865
2026-09-11,15:29,MONIFTY100,0.6499
2026-09-11,15:29,MONIFTY500,0.1277
2026-09-11,15:29,MONQ50,8.2345
2026-09-11,15:29,MOOILGAS,2.7174
2026-09-11,15:29,MOREPENLAB,0.4337
2026-09-11,15:29,MOSCHIP,1.7417
2026-09-11,15:29,MOSERVICE,0.6638
2026-09-11,15:29,MOTHERSON,0.7659
2026-09-11,15:29,MOTILALOFS,1.133
2026-09-11,15:29,MOTOUR,0.3526
2026-09-11,15:29,MPHASIS,0.144
2026-09-11,15:29,MSTCLTD,0.1356
2026-09-11,15:29,MTARTECH,0.1027
2026-09-11,15:29,MUKESHB,0.3774
2026-09-11,15:29,MUKKA,5.2339
2026-09-11,15:29,MUKTAARTS,2.9712
2026-09-11,15:29,MUNJALSHOW,0.4643
2026-09-11,15:29,MUTHOOTMF,0.1784
2026-09-11,15:29,MVELECTRO,0.7481
2026-09-11,15:29,MWL,2.6289
2026-09-11,15:29,NAGREEKCAP,8.8763
2026-09-11,15:29,NAGREEKEXP,0.3135
2026-09-11,15:29,NAHARCAP,0.7785
2026-09-11,15:29,NAHARSPING,0.8493
2026-09-11,15:29,NAM-INDIA,0.3882
2026-09-11,15:29,NARMADA,2.3488
2026-09-11,15:29,NAVINIFTY,3.3114
2026-09-11,15:29,NAVNETEDUL,0.1253
2026-09-11,15:29,NBIFIN,0.4975
2026-09-11,15:29,NELCO,1.0346
2026-09-11,15:29,NEPHROPLUS,2.4222
2026-09-11,15:29,NESCO,1.0081
2026-09-11,15:29,NETWEB,0.2693
2026-09-11,15:29,NEXTMEDIA,0.2571
2026-09-11,15:29,NIACL,0.527
2026-09-11,15:29,NIBL,8.6658
2026-09-11,15:29,NICCOPAR,3.7241
2026-09-11,15:29,NIFTY50ADD,0.6316
2026-09-11,15:29,NIFTY50PR1XINV,0.3526
2026-09-11,15:29,NIFTY50TR1XINV,0.3532
2026-09-11,15:29,NIFTYCAPITALMKT,0.34
2026-09-11,15:29,NIFTYINDDIGITAL,0.3539
2026-09-11,15:29,NIFTYJBLK,1.1667
2026-09-11,15:29,NIFTYMEDIA,0.1564
2026-09-11,15:29,NIFTYMIDLIQ15,0.662
2026-09-11,15:29,NIFTYMIDSELECT,0.3882
2026-09-11,15:29,NIFTYPVTBANK,0.4765
2026-09-11,15:29,NIFTYQLITY,0.1442
2026-09-11,15:29,NIFTYSERVSECTOR,0.1094
2026-09-11,15:29,NIITMTS,2.3148
2026-09-11,15:29,NILASPACES,1.1532
2026-09-11,15:29,NIMBSPROJ,4.8807
2026-09-11,15:29,NINSYS,0.3176
2026-09-11,15:29,NITINSPIN,0.2386
2026-09-11,15:29,NITIRAJ,0.9041
2026-09-11,15:29,NIVABUPA,0.6422
2026-09-11,15:29,NORBTEAEXP,0.4054
2026-09-11,15:29,NPBET,0.5761
2026-09-11,15:29,NRAIL,5.4762
2026-09-11,15:29,NTCIND,2.4374
2026-09-11,15:29,NV20BEES,0.1397
2026-09-11,15:29,NV20IETF,0.2266
2026-09-11,15:29,NYKAA,0.7457
2026-09-11,15:29,OAL,1.4103
2026-09-11,15:29,ODYCORP,2.1337
2026-09-11,15:29,OFSS,0.3241
2026-09-11,15:29,OILCOUNTUB,1.1403
2026-09-11,15:29,OLECTRA,0.232
2026-09-11,15:29,OMAXE,1.2743
2026-09-11,15:29,OMFREIGHT,2.0614
2026-09-11,15:29,OMPOWER,2.0403
2026-09-11,15:29,ONELIFECAP,2.5352
2026-09-11,15:29,ONESOURCE,3.2622
2026-09-11,15:29,OPTIEMUS,1.5422
2026-09-11,15:29,ORIENTHOT,1.1015
2026-09-11,15:29,ORIENTLTD,1.248
2026-09-11,15:29,ORIENTTECH,6.0673
2026-09-11,15:29,ORIRAIL,1.48
2026-09-11,15:29,ORKLAINDIA,2.204
2026-09-11,15:29,ORTINGLOBE,4.8466
2026-09-11,15:29,OSWALAGRO,3.6692
2026-09-11,15:29,OSWALGREEN,1.1117
2026-09-11,15:29,OSWALSEEDS,5.3559
2026-09-11,15:29,PACIFICI,1.5818
2026-09-11,15:29,PAISALO,1.4208
2026-09-11,15:29,PAKKA,0.3802
2026-09-11,15:29,PANACEABIO,2.3157
2026-09-11,15:29,PANORAMA,1.6251
2026-09-11,15:29,PARAGMILK,1.3781
2026-09-11,15:29,PARASPETRO,0.9302
2026-09-11,15:29,PARSVNATH,1.7751
2026-09-11,15:29,PASHUPATI,0.6107
2026-09-11,15:29,PATANJALI,0.3679
2026-09-11,15:29,PATINTLOG,0.5339
2026-09-11,15:29,PAYTM,3.939
2026-09-11,15:29,PBMPOLY,1.6667
2026-09-11,15:29,PENINLAND,1.7624
2026-09-11,15:29,PERSISTENT,0.118
2026-09-11,15:29,PFC,0.1842
2026-09-11,15:29,PGEL,0.5535
2026-09-11,15:29,PICCADIL,0.2748
2026-09-11,15:29,PINELABS,16.7465
2026-09-11,15:29,PIONEEREMB,0.4407
2026-09-11,15:29,PKTEA,2.5178
2026-09-11,15:29,PLAZACABLE,4.0654
2026-09-11,15:29,PNGJL,0.3519
2026-09-11,15:29,PNGSREVA,1.5851
2026-09-11,15:29,POKARNA,3.0367
2026-09-11,15:29,POLYPLEX,0.7909
2026-09-11,15:29,POLYSPIN,3.7895
2026-09-11,15:29,PONNIERODE,2.1048
2026-09-11,15:29,POWERINDIA,0.7694
2026-09-11,15:29,POWERMECH,1.761
2026-09-11,15:29,PREMCO,1.9933
2026-09-11,15:29,PREMEXPLN,0.1424
2026-09-11,15:29,PREMIERENE,0.6509
2026-09-11,15:29,PRICOLLTD,2.9475
2026-09-11,15:29,PRIMESECU,2.2764
2026-09-11,15:29,PRIMO,9.2627
2026-09-11,15:29,PRIORITY,0.8285
2026-09-11,15:29,PRITIKAUTO,0.1343
2026-09-11,15:29,PRIVISCL,1.7307
2026-09-11,15:29,PROZONER,1.109
2026-09-11,15:29,PRUDENT,1.9947
2026-09-11,15:29,PSB,0.5752
2026-09-11,15:29,PTCIL,5.5618
2026-09-11,15:29,PTL,0.6812
2026-09-11,15:29,PVRINOX,1.2937
2026-09-11,15:29,PVSL,0.7659
2026-09-11,15:29,PVTBANIETF,1.1256
2026-09-11,15:29,PVTBANK,0.6581
2026-09-11,15:29,PVTBANKADD,0.4683
2026-09-11,15:29,PVTBKGROWW,0.3659
2026-09-11,15:29,PWL,7.3937
2026-09-11,15:29,PYRAMID,2.0377
2026-09-11,15:29,QMSMEDI,4.998
2026-09-11,15:29,QNIFTY,0.2633
2026-09-11,15:29,QUADFUTURE,9.7981
2026-09-11,15:29,QUINT,2.4726
2026-09-11,15:29,RACE,1.7526
2026-09-11,15:29,RACLGEAR,10.6095
2026-09-11,15:29,RAJOOENG,0.5465
2026-09-11,15:29,RAJPALAYAM,3.3085
2026-09-11,15:29,RAJTV,4.9872
2026-09-11,15:29,RAMBHAJO,0.6617
2026-09-11,15:29,RAMCOIND,0.8449
2026-09-11,15:29,RATEGAIN,1.3619
2026-09-11,15:29,RAYMOND,17.4445
2026-09-11,15:29,RAYMONDLSL,0.6326
2026-09-11,15:29,RAYMONDREL,2.0103
2026-09-11,15:29,RBA,1.2704
2026-09-11,15:29,RBLBANK,0.426
2026-09-11,15:29,RCOM,4.1237
2026-09-11,15:29,REDINGTON,0.4337
2026-09-11,15:29,REDTAPE,0.9039
2026-09-11,15:29,REFEX,1.3336
2026-09-11,15:29,RELCNX100,1.3773
2026-09-11,15:29,RELIABLE,0.8018
2026-09-11,15:29,RELTD,0.3611
2026-09-11,15:29,RENUKA,0.2015
2026-09-11,15:29,REPCOHOME,1.6393
2026-09-11,15:29,REPL,0.2136
2026-09-11,15:29,REPRO,0.8472
2026-09-11,15:29,RESPONIND,2.2001
2026-09-11,15:29,RETAIL,3.253
2026-09-11,15:29,RHFL,3.8889
2026-09-11,15:29,RHL,0.1561
2026-09-11,15:29,RICOAUTO,2.9622
2026-09-11,15:29,RISHABH,2.4767
2026-09-11,15:29,RKEC,0.8346
2026-09-11,15:29,RKSWAMY,1.6071
2026-09-11,15:29,RMDRIP,0.943
2026-09-11,15:29,ROLLT,3.0369
2026-09-11,15:29,ROML,1.3292
2026-09-11,15:29,ROSSTECH,0.6382
2026-09-11,15:29,RPEL,5.8331
2026-09-11,15:29,RPTECH,1.6368
2026-09-11,15:29,RRECL,6.1905
2026-09-11,15:29,RRIL,0.1252
2026-09-11,15:29,RSDFIN,0.4274
2026-09-11,15:29,RSL,1.8211
2026-09-11,15:29,RSSOFTWARE,1.4379
2026-09-11,15:29,RSWM,1.7579
2026-09-11,15:29,RTNINDIA,0.2899
2026-09-11,15:29,RUBFILA,0.6168
2026-09-11,15:29,RUBICON,2.5363
2026-09-11,15:29,RUBYMILLS,2.0632
2026-09-11,15:29,RUDRA,2.45
2026-09-11,15:29,S&SPOWER,2.2621
2026-09-11,15:29,SABEVENTS,4.9051
2026-09-11,15:29,SAFARI,2.8703
2026-09-11,15:29,SAGILITY,1.7789
2026-09-11,15:29,SAHYADRI,1.9695
2026-09-11,15:29,SAIPARENT,0.1531
2026-09-11,15:29,SAKAR,3.6919
2026-09-11,15:29,SAKHTISUG,3.6998
2026-09-11,15:29,SALASAR,0.3976
2026-09-11,15:29,SAMBHAAV,2.4055
2026-09-11,15:29,SAMPANN,1.4517
2026-09-11,15:29,SANGINITA,1.9879
2026-09-11,15:29,SANSERA,0.5356
2026-09-11,15:29,SANSTAR,2.9335
2026-09-11,15:29,SAPPHIRE,0.7273
2026-09-11,15:29,SAPPL,1.6605
2026-09-11,15:29,SARVESHWAR,0.5013
2026-09-11,15:29,SASKEN,0.3375
2026-09-11,15:29,SAYAJIHOTL,0.492
2026-09-11,15:29,SAYAJIIND,2.5088
2026-09-11,15:29,SBC,0.5827
2026-09-11,15:29,SBIETFIT,0.6555
2026-09-11,15:29,SBIETFPB,1.1382
2026-09-11,15:29,SCHAEFFLER,0.2614
2026-09-11,15:29,SCHAND,1.6984
2026-09-11,15:29,SCHNEIDER,2.6864
2026-09-11,15:29,SCODATUBES,0.4721
2026-09-11,15:29,SCPL,0.5206
2026-09-11,15:29,SEAMECLTD,0.8743
2026-09-11,15:29,SELMC,1.5272
2026-09-11,15:29,SENORES,0.2871
2026-09-11,15:29,SENSEXAXIS,0.1683
2026-09-11,15:29,SENSEXETF,0.298
2026-09-11,15:29,SENSEXIETF,0.3579
2026-09-11,15:29,SESHAPAPER,1.6926
2026-09-11,15:29,SETFNIFBK,0.5097
2026-09-11,15:29,SETL,4.9899
2026-09-11,15:29,SEYAIND,1.9293
2026-09-11,15:29,SGLRES,3.3898
2026-09-11,15:29,SGRL,4.3616
2026-09-11,15:29,SHALPAINTS,0.3394
2026-09-11,15:29,SHANKESH,2.9367
2026-09-11,15:29,SHANTIGOLD,0.342
2026-09-11,15:29,SHARDUL,0.947
2026-09-11,15:29,SHAREINDIA,1.3295
2026-09-11,15:29,SHEKHAWATI,4.9865
2026-09-11,15:29,SHERVANI,12.1704
2026-09-11,15:29,SHILCTECH,0.3799
2026-09-11,15:29,SHILPAMED,2.2609
2026-09-11,15:29,SHINDL,0.6421
2026-09-11,15:29,SHIPROCKET,3.7315
2026-09-11,15:29,SHIVAMILLS,1.8052
2026-09-11,15:29,SHIVAUM,0.856
2026-09-11,15:29,SHRADDHA,1.7664
2026-09-11,15:29,SHREERAMA,2.7027
2026-09-11,15:29,SHRINGARMS,0.2214
2026-09-11,15:29,SHRJAGP,0.5517
2026-09-11,15:29,SIEL,2.2146
2026-09-11,15:29,SIGACHI,0.9851
2026-09-11,15:29,SIGMAADV,4.9946
2026-09-11,15:29,SIGNPOST,3.1553
2026-09-11,15:29,SIKA,5.9228
2026-09-11,15:29,SIKKO,4.8561
2026-09-11,15:29,SILINV,2.8381
2026-09-11,15:29,SILVERTUC,0.3224
2026-09-11,15:29,SIMPLXREA,3.3962
2026-09-11,15:29,SINDHUTRAD,0.756
2026-09-11,15:29,SINGERIND,2.8911
2026-09-11,15:29,SJS,0.4866
2026-09-11,15:29,SKIL,4.8193
2026-09-11,15:29,SKYWAYS,4.3349
2026-09-11,15:29,SMALLGROWW,0.7933
2026-09-11,15:29,SMARTLINK,4.8868
2026-09-11,15:29,SMCGLOBAL,0.4204
2026-09-11,15:29,SMLMAH,4.8582
2026-09-11,15:29,SMLT,1.3835
2026-09-11,15:29,SMSPHARMA,11.0193
2026-09-11,15:29,SNXT50BETA,1.3092
2026-09-11,15:29,SOFTTECH,3.9885
2026-09-11,15:29,SOLARA,5.9244
2026-09-11,15:29,SOLARWORLD,0.3547
2026-09-11,15:29,SOMANYCERA,0.9827
2026-09-11,15:29,SOMICONVEY,0.1833
2026-09-11,15:29,SONATSOFTW,2.2107
2026-09-11,15:29,SOTL,2.7471
2026-09-11,15:29,SOUTHBANK,0.217
2026-09-11,15:29,SPANDANA,1.3783
2026-09-11,15:29,SPECTRUM,4.999
2026-09-11,15:29,SRHHYPOLTD,1.2957
2026-09-11,15:29,SRPL,3.0303
2026-09-11,15:29,STARCEMENT,0.2363
2026-09-11,15:29,STEELCAS,0.5254
2026-09-11,15:29,STEL,3.5412
2026-09-11,15:29,STLNETWORK,4.9914
2026-09-11,15:29,STLSTRINF,19.9774
2026-09-11,15:29,STLTECH,4.9898
2026-09-11,15:29,STYL,0.3887
2026-09-11,15:29,STYLAMIND,0.583
2026-09-11,15:29,SUBEXLTD,5.2632
2026-09-11,15:29,SUMEDHA,6.1539
2026-09-11,15:29,SUMIT,0.9606
2026-09-11,15:29,SUNCLAY,0.2394
2026-09-11,15:29,SUNDARMFIN,0.1637
2026-09-11,15:29,SUNDRMFAST,1.1066
2026-09-11,15:29,SUNRAKSHAK,0.3994
2026-09-11,15:29,SUNTV,4.4891
2026-09-11,15:29,SUPERSPIN,0.6793
2026-09-11,15:29,SUPREME,0.1153
2026-09-11,15:29,SUPREMEENG,1.8349
2026-09-11,15:29,SURANAT&P,0.3115
2026-09-11,15:29,SVPGLOB,0.8772
2026-09-11,15:29,SWANDEF,2.4448
2026-09-11,15:29,SWARAJENG,0.704
2026-09-11,15:29,SYNCOMF,1.0384
2026-09-11,15:29,SYSTMTXC,1.9969
2026-09-11,15:29,TAALTECH,3.4008
2026-09-11,15:29,TAKE,4.9464
2026-09-11,15:29,TALBROAUTO,0.8448
2026-09-11,15:29,TAMBOLIIN,2.3004
2026-09-11,15:29,TANAA,6.1431
2026-09-11,15:29,TARAPUR,1.8053
2026-09-11,15:29,TARC,2.2013
2026-09-11,15:29,TASTYBITE,0.7058
2026-09-11,15:29,TATACHEM,0.3112
2026-09-11,15:29,TATAINVEST,0.8913
2026-09-11,15:29,TBOTEK,0.4726
2026-09-11,15:29,TBZ,4.9975
2026-09-11,15:29,TCC,3.1705
2026-09-11,15:29,TCI,0.2276
2026-09-11,15:29,TCPLPACK,0.3864
2026-09-11,15:29,TDPOWERSYS,5.5261
2026-09-11,15:29,TECH,0.2524
2026-09-11,15:29,TECHM,0.9962
2026-09-11,15:29,TECHNOCRAF,0.66
2026-09-11,15:29,TECILCHEM,1.8028
2026-09-11,15:29,TEGA,0.4356
2026-09-11,15:29,TEJASNET,0.5184
2026-09-11,15:29,TEMPSENS,0.6021
2026-09-11,15:29,TERAI,0.8343
2026-09-11,15:29,TEXINFRA,1.147
2026-09-11,15:29,TEXMOPIPES,6.4493
2026-09-11,15:29,THANGAMAYL,0.8757
2026-09-11,15:29,THERMAX,1.004
2026-09-11,15:29,THOMASCOOK,0.2584
2026-09-11,15:29,TIIL,2.9489
2026-09-11,15:29,TIL,3.6793
2026-09-11,15:29,TIMEX,0.7335
2026-09-11,15:29,TIMKEN,0.1577
2026-09-11,15:29,TINNARUBR,0.5299
2026-09-11,15:29,TIPSMUSIC,0.4784
2026-09-11,15:29,TMPV,0.1997
2026-09-11,15:29,TOKYOPLAST,2.7731
2026-09-11,15:29,TOP100CASE,0.194
2026-09-11,15:29,TOP10ADD,0.7893
2026-09-11,15:29,TORNTPHARM,0.7201
2026-09-11,15:29,TOUCHWOOD,0.2623
2026-09-11,15:29,TOYAMSL,4.7619
2026-09-11,15:29,TPLPLASTEH,0.4106
2026-09-11,15:29,TRACXN,11.4995
2026-09-11,15:29,TRANSCOR,1.3573
2026-09-11,15:29,TRANSPEK,3.5813
2026-09-11,15:29,TRANSWORLD,0.2187
2026-09-11,15:29,TREEHOUSE,3.1933
2026-09-11,15:29,TREL,0.1114
2026-09-11,15:29,TRF,0.5661
2026-09-11,15:29,TRITURBINE,1.5691
2026-09-11,15:29,TURTLEMINT,3.2464
2026-09-11,15:29,TUTIALKA,1.2141
2026-09-11,15:29,TVSELECT,0.8284
2026-09-11,15:29,TVSSCS,1.3672
2026-09-11,15:29,UCOBANK,0.794
2026-09-11,15:29,UEL,5
2026-09-11,15:29,UGARSUGAR,8.774
2026-09-11,15:29,UGROCAP,0.5892
2026-09-11,15:29,ULTRACEMCO,0.1913
2026-09-11,15:29,UMIYA-MRO,1.4656
2026-09-11,15:29,UNICHEMLAB,1.3141
2026-09-11,15:29,UNIDT,0.2083
2026-09-11,15:29,UNIMECH,2.672
2026-09-11,15:29,UNIPARTS,0.4028
2026-09-11,15:29,UNITEDPOLY,0.4876
2026-09-11,15:29,UPHOT,4.972
2026-09-11,15:29,URBANCO,1.4159
2026-09-11,15:29,URJA,0.2222
2026-09-11,15:29,USK,0.3891
2026-09-11,15:29,UTLSOLAR,1.4844
2026-09-11,15:29,UYFINCORP,2.2268
2026-09-11,15:29,VAISHALI,2.3337
2026-09-11,15:29,VALIANTLAB,2.492
2026-09-11,15:29,VALIANTORG,4.994
2026-09-11,15:29,VBL,1.4616
2026-09-11,15:29,VEDAVAAG,5.2679
2026-09-11,15:29,VENKEYS,4.7167
2026-09-11,15:29,VENTIVE,0.86
2026-09-11,15:29,VENUSPIPES,3.6427
2026-09-11,15:29,VGCL,1.1736
2026-09-11,15:29,VGL,15.6456
2026-09-11,15:29,VHL,0.1423
2026-09-11,15:29,VHLTD-RE1,38.7755
2026-09-11,15:29,VIJAYA,0.2135
2026-09-11,15:29,VIJSOLX,1.2462
2026-09-11,15:29,VIKRAMSOLR,0.7548
2026-09-11,15:29,VINEETLAB,3.4367
2026-09-11,15:29,VIPCLOTHNG,0.5644
2026-09-11,15:29,VIRINCHI,0.6356
2026-09-11,15:29,VIRTUALG,4.6512
2026-09-11,15:29,VISACHROME,0.3725
2026-09-11,15:29,VIVOBIOT,0.824
2026-09-11,15:29,VLEGOV,3.7487
2026-09-11,15:29,VOGL,0.9348
2026-09-11,15:29,VOLTAMP,2.6822
2026-09-11,15:29,VOLTAS,0.5611
2026-09-11,15:29,VSSL,1.3903
2026-09-11,15:29,WAAREEENER,3.022
2026-09-11,15:29,WABAG,2.9885
2026-09-11,15:29,WAKEFIT,1.7646
2026-09-11,15:29,WALCHANNAG,0.5648
2026-09-11,15:29,WCIL,3.6603
2026-09-11,15:29,WEALTH,0.7089
2026-09-11,15:29,WEBELSOLAR,0.5969
2026-09-11,15:29,WEIZMANIND,0.1956
2026-09-11,15:29,WENDT,1.6495
2026-09-11,15:29,WESTLIFE,1.3613
2026-09-11,15:29,WINDMACHIN,0.5855
2026-09-11,15:29,WINSOME,1.6194
2026-09-11,15:29,WIPL,3.0568
2026-09-11,15:29,WIPRO,0.6614
2026-09-11,15:29,WONDERLA,0.3661
2026-09-11,15:29,WSI,5.2524
2026-09-11,15:29,WSTCSTPAPR,0.5211
2026-09-11,15:29,XPROINDIA,2.3074
2026-09-11,15:29,YASHO,5.7449
2026-09-11,15:29,YATRA,1.2634
2026-09-11,15:29,YESBANK,5.2915
2026-09-11,15:29,YOGI,1.1328
2026-09-11,15:29,YUKEN,2.5836
2026-09-11,15:29,ZAGGLE,1.6691
2026-09-11,15:29,ZEELEARN,4.6296
2026-09-11,15:29,ZFCVINDIA,0.7831
2026-09-11,15:29,ZFSTEERING,2.8719
2026-09-11,15:29,ZIMLAB,2.045
2026-09-11,15:29,ZUARIIND,0.6077
2026-09-11,15:29,ZYDUSLIFE,0.1163
